size,map_index,start_step,end_step,distance,frontier_opportunities,frontier_acquired,nonfrontier_opportunities,nonfrontier_acquired,matched_weight,frontier_rate,nonfrontier_rate,rate_difference
32,0,16,17,15,2,1,1,0,0.6666666666666666,0.5,0.0,0.5
32,0,24,25,21,2,1,1,0,0.6666666666666666,0.5,0.0,0.5
32,0,88,89,2,1,0,4,0,0.8,0.0,0.0,0.0
32,0,88,89,4,1,0,6,0,0.8571428571428571,0.0,0.0,0.0
32,0,88,89,5,1,0,6,0,0.8571428571428571,0.0,0.0,0.0
32,0,88,89,6,1,0,6,0,0.8571428571428571,0.0,0.0,0.0
32,0,88,89,7,1,0,6,0,0.8571428571428571,0.0,0.0,0.0
32,0,88,89,8,3,0,3,0,1.5,0.0,0.0,0.0
32,0,112,113,14,1,0,1,0,0.5,0.0,0.0,0.0
32,0,112,113,15,1,0,1,0,0.5,0.0,0.0,0.0
32,0,112,113,16,1,0,1,0,0.5,0.0,0.0,0.0
32,0,120,121,15,1,0,2,0,0.6666666666666666,0.0,0.0,0.0
32,0,120,121,16,1,0,2,0,0.6666666666666666,0.0,0.0,0.0
32,0,120,121,17,1,0,1,0,0.5,0.0,0.0,0.0
32,0,128,129,18,1,0,3,0,0.75,0.0,0.0,0.0
32,0,136,137,22,1,0,1,0,0.5,0.0,0.0,0.0
32,0,144,145,23,1,0,1,0,0.5,0.0,0.0,0.0
32,0,160,161,25,1,0,2,0,0.6666666666666666,0.0,0.0,0.0
32,0,160,161,26,1,0,2,0,0.6666666666666666,0.0,0.0,0.0
32,0,160,161,27,1,0,2,0,0.6666666666666666,0.0,0.0,0.0
32,0,160,161,28,1,0,2,0,0.6666666666666666,0.0,0.0,0.0
32,0,160,161,29,1,0,2,0,0.6666666666666666,0.0,0.0,0.0
32,0,160,161,30,1,0,1,0,0.5,0.0,0.0,0.0
32,1,16,17,15,4,3,1,0,0.8,0.75,0.0,0.75
32,1,24,25,21,3,3,3,0,1.5,1.0,0.0,1.0
32,1,32,33,23,3,2,2,0,1.2,0.6666666666666666,0.0,0.6666666666666666
32,1,32,33,24,4,3,3,0,1.7142857142857142,0.75,0.0,0.75
32,2,16,17,15,5,5,1,0,0.8333333333333334,1.0,0.0,1.0
32,2,24,25,18,1,1,1,0,0.5,1.0,0.0,1.0
32,2,24,25,19,3,2,2,0,1.2,0.6666666666666666,0.0,0.6666666666666666
32,2,72,73,2,1,0,7,0,0.875,0.0,0.0,0.0
32,2,72,73,3,3,0,8,0,2.1818181818181817,0.0,0.0,0.0
32,2,72,73,4,8,0,2,0,1.6,0.0,0.0,0.0
32,2,72,73,6,1,0,2,0,0.6666666666666666,0.0,0.0,0.0
32,2,80,81,7,1,0,4,0,0.8,0.0,0.0,0.0
32,2,88,89,10,1,0,4,0,0.8,0.0,0.0,0.0
32,2,88,89,12,1,0,5,0,0.8333333333333334,0.0,0.0,0.0
32,2,88,89,14,5,0,1,0,0.8333333333333334,0.0,0.0,0.0
32,2,96,97,13,1,0,7,0,0.875,0.0,0.0,0.0
32,2,104,105,15,1,0,5,0,0.8333333333333334,0.0,0.0,0.0
32,2,104,105,16,1,0,3,0,0.75,0.0,0.0,0.0
32,2,104,105,17,1,0,2,0,0.6666666666666666,0.0,0.0,0.0
32,2,112,113,16,1,0,4,0,0.8,0.0,0.0,0.0
32,2,112,113,18,2,0,2,0,1.0,0.0,0.0,0.0
32,2,112,113,19,1,0,1,0,0.5,0.0,0.0,0.0
32,2,120,121,19,1,0,4,0,0.8,0.0,0.0,0.0
32,2,120,121,21,1,0,3,0,0.75,0.0,0.0,0.0
32,3,16,17,15,12,11,3,0,2.4,0.9166666666666666,0.0,0.9166666666666666
32,3,24,25,18,1,1,1,0,0.5,1.0,0.0,1.0
32,3,24,25,19,9,8,2,0,1.6363636363636365,0.8888888888888888,0.0,0.8888888888888888
32,3,24,25,20,4,1,12,0,3.0,0.25,0.0,0.25
32,3,24,25,21,5,2,18,0,3.9130434782608696,0.4,0.0,0.4
32,3,32,33,25,2,2,3,0,1.2,1.0,0.0,1.0
32,3,40,41,30,2,1,2,0,1.0,0.5,0.0,0.5
32,3,40,41,31,3,1,2,0,1.2,0.3333333333333333,0.0,0.3333333333333333
32,3,40,41,32,2,2,2,0,1.0,1.0,0.0,1.0
32,3,40,41,33,2,0,1,0,0.6666666666666666,0.0,0.0,0.0
32,4,24,25,20,2,0,3,0,1.2,0.0,0.0,0.0
32,4,24,25,21,5,5,5,0,2.5,1.0,0.0,1.0
32,4,32,33,22,1,1,2,0,0.6666666666666666,1.0,0.0,1.0
32,4,32,33,23,2,2,3,0,1.2,1.0,0.0,1.0
32,4,32,33,24,1,0,4,0,0.8,0.0,0.0,0.0
32,4,32,33,25,3,3,4,0,1.7142857142857142,1.0,0.0,1.0
32,4,64,65,45,1,1,1,0,0.5,1.0,0.0,1.0
32,4,64,65,46,1,1,2,0,0.6666666666666666,1.0,0.0,1.0
32,4,64,65,47,2,2,2,0,1.0,1.0,0.0,1.0
32,4,64,65,48,1,0,3,0,0.75,0.0,0.0,0.0
32,5,24,25,19,2,2,1,0,0.6666666666666666,1.0,0.0,1.0
32,5,24,25,20,3,2,2,0,1.2,0.6666666666666666,0.0,0.6666666666666666
32,5,24,25,21,4,2,3,0,1.7142857142857142,0.5,0.0,0.5
32,5,32,33,26,1,0,1,0,0.5,0.0,0.0,0.0
32,5,32,33,27,2,2,4,0,1.3333333333333333,1.0,0.0,1.0
32,5,40,41,29,4,3,1,0,0.8,0.75,0.0,0.75
32,5,40,41,30,2,1,5,0,1.4285714285714286,0.5,0.0,0.5
32,5,40,41,31,8,5,5,0,3.076923076923077,0.625,0.0,0.625
32,5,40,41,32,2,1,13,0,1.7333333333333334,0.5,0.0,0.5
32,5,48,49,36,1,1,6,0,0.8571428571428571,1.0,0.0,1.0
32,5,48,49,37,2,2,7,0,1.5555555555555556,1.0,0.0,1.0
32,5,56,57,38,1,0,3,0,0.75,0.0,0.0,0.0
32,5,56,57,40,3,1,9,0,2.25,0.3333333333333333,0.0,0.3333333333333333
32,5,56,57,41,4,2,13,0,3.0588235294117645,0.5,0.0,0.5
32,5,64,65,39,2,1,1,0,0.6666666666666666,0.5,0.0,0.5
32,5,64,65,41,3,2,4,0,1.7142857142857142,0.6666666666666666,0.0,0.6666666666666666
32,5,64,65,42,2,1,8,0,1.6,0.5,0.0,0.5
32,5,64,65,43,3,2,9,0,2.25,0.6666666666666666,0.0,0.6666666666666666
32,5,64,65,44,1,1,11,0,0.9166666666666666,1.0,0.0,1.0
32,5,64,65,45,6,4,11,0,3.8823529411764706,0.6666666666666666,0.0,0.6666666666666666
32,5,64,65,46,1,0,17,0,0.9444444444444444,0.0,0.0,0.0
32,5,72,73,46,1,0,8,0,0.8888888888888888,0.0,0.0,0.0
32,5,72,73,48,2,0,13,0,1.7333333333333334,0.0,0.0,0.0
32,5,72,73,49,1,1,17,0,0.9444444444444444,1.0,0.0,1.0
32,5,72,73,50,1,1,18,0,0.9473684210526315,1.0,0.0,1.0
32,5,72,73,51,1,1,18,0,0.9473684210526315,1.0,0.0,1.0
32,5,72,73,52,1,0,18,0,0.9473684210526315,0.0,0.0,0.0
32,5,72,73,53,6,6,19,0,4.56,1.0,0.0,1.0
32,5,80,81,43,2,2,1,0,0.6666666666666666,1.0,0.0,1.0
32,5,80,81,44,2,0,2,0,1.0,0.0,0.0,0.0
32,5,80,81,45,5,3,3,0,1.875,0.6,0.0,0.6
32,5,80,81,48,2,0,8,0,1.6,0.0,0.0,0.0
32,5,80,81,49,4,4,9,0,2.769230769230769,1.0,0.0,1.0
32,5,80,81,50,5,2,10,0,3.3333333333333335,0.4,0.0,0.4
32,5,80,81,51,2,2,13,0,1.7333333333333334,1.0,0.0,1.0
32,5,80,81,52,2,1,13,0,1.7333333333333334,0.5,0.0,0.5
32,5,80,81,53,3,2,15,0,2.5,0.6666666666666666,0.0,0.6666666666666666
32,5,80,81,54,1,0,19,0,0.95,0.0,0.0,0.0
32,5,88,89,51,3,3,3,0,1.5,1.0,0.0,1.0
32,5,88,89,54,1,0,10,0,0.9090909090909091,0.0,0.0,0.0
32,5,96,97,52,2,0,1,0,0.6666666666666666,0.0,0.0,0.0
32,5,96,97,53,1,1,5,0,0.8333333333333334,1.0,0.0,1.0
32,5,96,97,55,3,2,10,0,2.3076923076923075,0.6666666666666666,0.0,0.6666666666666666
32,5,104,105,55,3,1,2,0,1.2,0.3333333333333333,0.0,0.3333333333333333
32,5,104,105,56,2,0,4,0,1.3333333333333333,0.0,0.0,0.0
32,5,104,105,57,3,1,3,0,1.5,0.3333333333333333,0.0,0.3333333333333333
32,5,104,105,58,2,0,3,0,1.2,0.0,0.0,0.0
32,5,104,105,59,3,1,3,0,1.5,0.3333333333333333,0.0,0.3333333333333333
32,5,104,105,60,1,0,3,0,0.75,0.0,0.0,0.0
32,5,104,105,61,2,1,1,0,0.6666666666666666,0.5,0.0,0.5
32,6,16,17,15,4,3,1,0,0.8,0.75,0.0,0.75
32,6,24,25,20,1,0,4,0,0.8,0.0,0.0,0.0
32,6,24,25,21,2,2,7,0,1.5555555555555556,1.0,0.0,1.0
32,6,32,33,23,5,4,1,0,0.8333333333333334,0.8,0.0,0.8
32,6,32,33,24,2,1,7,0,1.5555555555555556,0.5,0.0,0.5
32,6,32,33,25,4,2,9,0,2.769230769230769,0.5,0.0,0.5
32,6,40,41,31,3,2,5,0,1.875,0.6666666666666666,0.0,0.6666666666666666
32,6,48,49,35,4,4,1,0,0.8,1.0,0.0,1.0
32,6,48,49,36,2,0,5,0,1.4285714285714286,0.0,0.0,0.0
32,6,56,57,38,1,0,1,0,0.5,0.0,0.0,0.0
32,6,56,57,39,1,1,2,0,0.6666666666666666,1.0,0.0,1.0
32,6,56,57,40,3,1,2,0,1.2,0.3333333333333333,0.0,0.3333333333333333
32,6,64,65,44,1,1,1,0,0.5,1.0,0.0,1.0
32,6,64,65,45,2,2,2,0,1.0,1.0,0.0,1.0
32,6,64,65,46,2,1,3,0,1.2,0.5,0.0,0.5
32,6,64,65,47,1,1,5,0,0.8333333333333334,1.0,0.0,1.0
32,6,72,73,51,1,1,3,0,0.75,1.0,0.0,1.0
32,6,80,81,58,2,0,3,0,1.2,0.0,0.0,0.0
32,7,8,9,9,8,8,1,0,0.8888888888888888,1.0,0.0,1.0
32,7,16,17,14,1,0,4,0,0.8,0.0,0.0,0.0
32,7,16,17,15,8,8,6,0,3.4285714285714284,1.0,0.0,1.0
32,7,24,25,20,2,0,3,0,1.2,0.0,0.0,0.0
32,7,24,25,21,7,6,6,0,3.230769230769231,0.8571428571428571,0.0,0.8571428571428571
32,7,32,33,24,5,3,1,0,0.8333333333333334,0.6,0.0,0.6
32,7,32,33,25,6,1,5,0,2.727272727272727,0.16666666666666666,0.0,0.16666666666666666
32,7,40,41,32,2,2,2,1,1.0,1.0,0.5,0.5
32,7,40,41,33,5,4,2,0,1.4285714285714286,0.8,0.0,0.8
32,8,24,25,21,3,1,2,0,1.2,0.3333333333333333,0.0,0.3333333333333333
32,8,32,33,26,2,1,1,0,0.6666666666666666,0.5,0.0,0.5
32,8,32,33,27,4,1,2,0,1.3333333333333333,0.25,0.0,0.25
32,9,16,17,15,4,4,3,0,1.7142857142857142,1.0,0.0,1.0
32,9,24,25,21,6,5,1,0,0.8571428571428571,0.8333333333333334,0.0,0.8333333333333334
32,10,24,25,20,1,0,1,0,0.5,0.0,0.0,0.0
32,10,24,25,21,5,3,2,0,1.4285714285714286,0.6,0.0,0.6
32,10,32,33,27,2,2,1,0,0.6666666666666666,1.0,0.0,1.0
32,10,40,41,30,1,0,1,0,0.5,0.0,0.0,0.0
32,10,40,41,31,5,4,1,0,0.8333333333333334,0.8,0.0,0.8
32,10,40,41,32,4,3,4,0,2.0,0.75,0.0,0.75
32,10,112,113,15,2,0,1,0,0.6666666666666666,0.0,0.0,0.0
32,10,120,121,12,1,0,5,0,0.8333333333333334,0.0,0.0,0.0
32,10,120,121,13,1,0,5,0,0.8333333333333334,0.0,0.0,0.0
32,10,120,121,15,1,0,4,0,0.8,0.0,0.0,0.0
32,10,128,129,14,1,0,5,0,0.8333333333333334,0.0,0.0,0.0
32,10,136,137,15,1,0,5,0,0.8333333333333334,0.0,0.0,0.0
32,10,144,145,15,1,0,5,0,0.8333333333333334,0.0,0.0,0.0
32,10,152,153,16,1,0,4,0,0.8,0.0,0.0,0.0
32,10,152,153,17,1,0,3,0,0.75,0.0,0.0,0.0
32,10,160,161,2,2,0,1,0,0.6666666666666666,0.0,0.0,0.0
32,10,160,161,3,2,0,2,0,1.0,0.0,0.0,0.0
32,10,160,161,4,1,0,2,0,0.6666666666666666,0.0,0.0,0.0
32,10,160,161,17,1,0,5,0,0.8333333333333334,0.0,0.0,0.0
32,10,160,161,18,2,0,3,0,1.2,0.0,0.0,0.0
32,10,160,161,19,1,0,2,0,0.6666666666666666,0.0,0.0,0.0
32,10,160,161,20,1,0,1,0,0.5,0.0,0.0,0.0
32,10,160,161,21,1,0,1,0,0.5,0.0,0.0,0.0
32,10,160,161,22,1,0,1,0,0.5,0.0,0.0,0.0
32,10,160,161,23,1,0,1,0,0.5,0.0,0.0,0.0
32,10,168,169,2,3,0,4,0,1.7142857142857142,0.0,0.0,0.0
32,10,168,169,3,1,0,5,0,0.8333333333333334,0.0,0.0,0.0
32,10,168,169,4,1,0,3,0,0.75,0.0,0.0,0.0
32,10,168,169,17,1,0,5,0,0.8333333333333334,0.0,0.0,0.0
32,10,168,169,18,1,0,4,0,0.8,0.0,0.0,0.0
32,10,168,169,19,1,0,3,0,0.75,0.0,0.0,0.0
32,10,168,169,20,1,0,2,0,0.6666666666666666,0.0,0.0,0.0
32,10,168,169,21,1,0,2,0,0.6666666666666666,0.0,0.0,0.0
32,10,168,169,22,1,0,2,0,0.6666666666666666,0.0,0.0,0.0
32,10,168,169,23,1,0,2,0,0.6666666666666666,0.0,0.0,0.0
32,10,168,169,24,1,0,1,0,0.5,0.0,0.0,0.0
32,10,176,177,4,4,0,5,0,2.2222222222222223,0.0,0.0,0.0
32,10,176,177,5,1,0,2,0,0.6666666666666666,0.0,0.0,0.0
32,10,176,177,6,1,0,1,0,0.5,0.0,0.0,0.0
32,10,176,177,18,1,0,5,0,0.8333333333333334,0.0,0.0,0.0
32,10,176,177,19,1,0,4,0,0.8,0.0,0.0,0.0
32,10,176,177,20,1,0,3,0,0.75,0.0,0.0,0.0
32,10,176,177,21,1,0,3,0,0.75,0.0,0.0,0.0
32,10,176,177,22,1,0,3,0,0.75,0.0,0.0,0.0
32,10,176,177,23,1,0,3,0,0.75,0.0,0.0,0.0
32,10,176,177,24,1,0,2,0,0.6666666666666666,0.0,0.0,0.0
32,10,184,185,20,1,0,5,0,0.8333333333333334,0.0,0.0,0.0
32,10,184,185,22,1,0,6,0,0.8571428571428571,0.0,0.0,0.0
32,10,184,185,24,2,0,4,0,1.3333333333333333,0.0,0.0,0.0
32,10,184,185,26,2,0,1,0,0.6666666666666666,0.0,0.0,0.0
32,10,192,193,25,1,0,3,0,0.75,0.0,0.0,0.0
32,10,200,201,26,1,0,3,0,0.75,0.0,0.0,0.0
32,10,208,209,26,1,0,3,0,0.75,0.0,0.0,0.0
32,10,216,217,26,1,0,3,0,0.75,0.0,0.0,0.0
32,10,224,225,27,1,0,2,0,0.6666666666666666,0.0,0.0,0.0
32,10,232,233,27,1,0,2,0,0.6666666666666666,0.0,0.0,0.0
32,10,232,233,28,1,0,1,0,0.5,0.0,0.0,0.0
32,10,240,241,27,1,0,2,0,0.6666666666666666,0.0,0.0,0.0
32,10,240,241,28,1,0,1,0,0.5,0.0,0.0,0.0
32,10,248,249,28,2,0,2,0,1.0,0.0,0.0,0.0
32,11,32,33,26,1,0,1,0,0.5,0.0,0.0,0.0
32,11,32,33,27,4,3,2,0,1.3333333333333333,0.75,0.0,0.75
32,11,40,41,30,3,3,2,0,1.2,1.0,0.0,1.0
32,11,88,89,8,1,0,6,0,0.8571428571428571,0.0,0.0,0.0
32,11,96,97,10,1,0,3,0,0.75,0.0,0.0,0.0
32,11,96,97,12,3,0,1,0,0.75,0.0,0.0,0.0
32,11,104,105,13,1,0,6,0,0.8571428571428571,0.0,0.0,0.0
32,11,104,105,15,1,0,7,0,0.875,0.0,0.0,0.0
32,11,104,105,18,2,0,1,0,0.6666666666666666,0.0,0.0,0.0
32,11,112,113,19,1,0,1,0,0.5,0.0,0.0,0.0
32,11,128,129,22,1,0,3,0,0.75,0.0,0.0,0.0
32,11,128,129,23,1,0,3,0,0.75,0.0,0.0,0.0
32,11,128,129,24,1,0,3,0,0.75,0.0,0.0,0.0
32,11,128,129,25,1,0,3,0,0.75,0.0,0.0,0.0
32,11,128,129,26,2,0,2,0,1.0,0.0,0.0,0.0
32,11,128,129,27,1,0,1,0,0.5,0.0,0.0,0.0
32,11,136,137,26,1,0,5,0,0.8333333333333334,0.0,0.0,0.0
32,11,144,145,26,1,0,5,0,0.8333333333333334,0.0,0.0,0.0
32,11,152,153,27,1,0,5,0,0.8333333333333334,0.0,0.0,0.0
32,11,160,161,28,1,0,3,0,0.75,0.0,0.0,0.0
32,11,168,169,29,2,0,3,0,1.2,0.0,0.0,0.0
32,11,168,169,30,2,0,2,0,1.0,0.0,0.0,0.0
32,11,168,169,31,2,0,1,0,0.6666666666666666,0.0,0.0,0.0
32,11,168,169,32,2,0,1,0,0.6666666666666666,0.0,0.0,0.0
32,11,168,169,33,2,0,1,0,0.6666666666666666,0.0,0.0,0.0
32,11,176,177,30,1,0,5,0,0.8333333333333334,0.0,0.0,0.0
32,11,176,177,31,1,0,4,0,0.8,0.0,0.0,0.0
32,11,176,177,32,1,0,4,0,0.8,0.0,0.0,0.0
32,11,176,177,33,1,0,4,0,0.8,0.0,0.0,0.0
32,11,176,177,34,1,0,4,0,0.8,0.0,0.0,0.0
32,11,176,177,35,1,0,4,0,0.8,0.0,0.0,0.0
32,11,176,177,36,2,0,2,0,1.0,0.0,0.0,0.0
32,11,184,185,31,1,0,5,0,0.8333333333333334,0.0,0.0,0.0
32,11,184,185,32,1,0,5,0,0.8333333333333334,0.0,0.0,0.0
32,11,184,185,34,1,0,6,0,0.8571428571428571,0.0,0.0,0.0
32,11,184,185,36,2,0,4,0,1.3333333333333333,0.0,0.0,0.0
32,11,184,185,37,1,0,2,0,0.6666666666666666,0.0,0.0,0.0
32,12,24,25,21,3,1,2,0,1.2,0.3333333333333333,0.0,0.3333333333333333
32,13,8,9,9,11,11,1,0,0.9166666666666666,1.0,0.0,1.0
32,13,16,17,14,3,3,3,0,1.5,1.0,0.0,1.0
32,13,16,17,15,10,8,6,2,3.75,0.8,0.3333333333333333,0.46666666666666673
32,13,24,25,21,1,1,7,0,0.875,1.0,0.0,1.0
32,13,40,41,31,4,2,1,0,0.8,0.5,0.0,0.5
32,13,56,57,38,1,0,1,0,0.5,0.0,0.0,0.0
32,13,56,57,39,3,3,3,0,1.5,1.0,0.0,1.0
32,13,72,73,41,1,1,1,0,0.5,1.0,0.0,1.0
32,13,72,73,43,2,1,2,0,1.0,0.5,0.0,0.5
32,13,72,73,44,1,0,4,0,0.8,0.0,0.0,0.0
32,13,72,73,45,3,3,5,0,1.875,1.0,0.0,1.0
32,14,16,17,14,1,1,1,0,0.5,1.0,0.0,1.0
32,14,16,17,15,9,9,1,0,0.9,1.0,0.0,1.0
32,14,24,25,18,1,1,1,0,0.5,1.0,0.0,1.0
32,14,24,25,19,4,2,2,0,1.3333333333333333,0.5,0.0,0.5
32,14,32,33,25,1,1,5,0,0.8333333333333334,1.0,0.0,1.0
32,14,40,41,23,2,2,1,0,0.6666666666666666,1.0,0.0,1.0
32,14,40,41,24,1,0,1,0,0.5,0.0,0.0,0.0
32,14,40,41,25,2,2,1,0,0.6666666666666666,1.0,0.0,1.0
32,14,40,41,26,2,0,1,0,0.6666666666666666,0.0,0.0,0.0
32,16,8,9,9,6,6,1,0,0.8571428571428571,1.0,0.0,1.0
32,16,16,17,15,13,12,1,0,0.9285714285714286,0.9230769230769231,0.0,0.9230769230769231
32,16,24,25,19,1,1,2,0,0.6666666666666666,1.0,0.0,1.0
32,16,24,25,20,1,1,4,0,0.8,1.0,0.0,1.0
32,16,24,25,21,5,3,6,0,2.727272727272727,0.6,0.0,0.6
32,16,32,33,23,2,1,1,0,0.6666666666666666,0.5,0.0,0.5
32,16,32,33,24,4,3,3,0,1.7142857142857142,0.75,0.0,0.75
32,16,32,33,27,3,3,5,0,1.875,1.0,0.0,1.0
32,17,8,9,9,10,9,1,0,0.9090909090909091,0.9,0.0,0.9
32,17,16,17,15,8,8,3,0,2.1818181818181817,1.0,0.0,1.0
32,17,24,25,19,2,1,1,0,0.6666666666666666,0.5,0.0,0.5
32,17,24,25,20,1,0,2,0,0.6666666666666666,0.0,0.0,0.0
32,17,24,25,21,4,2,2,0,1.3333333333333333,0.5,0.0,0.5
32,17,32,33,24,3,0,1,0,0.75,0.0,0.0,0.0
32,17,40,41,31,1,0,1,0,0.5,0.0,0.0,0.0
32,19,8,9,9,5,5,1,0,0.8333333333333334,1.0,0.0,1.0
32,20,16,17,13,1,1,4,0,0.8,1.0,0.0,1.0
32,20,16,17,15,5,4,6,0,2.727272727272727,0.8,0.0,0.8
32,20,24,25,13,1,1,1,0,0.5,1.0,0.0,1.0
32,20,24,25,14,3,0,2,0,1.2,0.0,0.0,0.0
32,20,24,25,20,2,0,9,0,1.6363636363636365,0.0,0.0,0.0
32,20,24,25,21,3,0,13,0,2.4375,0.0,0.0,0.0
32,20,32,33,18,1,0,2,0,0.6666666666666666,0.0,0.0,0.0
32,20,32,33,19,1,1,6,0,0.8571428571428571,1.0,0.0,1.0
32,20,32,33,27,1,1,12,0,0.9230769230769231,1.0,0.0,1.0
32,20,40,41,24,1,0,3,0,0.75,0.0,0.0,0.0
32,20,40,41,25,6,5,6,0,3.0,0.8333333333333334,0.0,0.8333333333333334
32,20,48,49,26,2,2,2,0,1.0,1.0,0.0,1.0
32,20,48,49,27,4,2,4,0,2.0,0.5,0.0,0.5
32,20,48,49,28,2,0,9,0,1.6363636363636365,0.0,0.0,0.0
32,20,48,49,29,3,0,11,0,2.357142857142857,0.0,0.0,0.0
32,20,56,57,34,1,0,1,0,0.5,0.0,0.0,0.0
32,20,56,57,35,4,4,1,0,0.8,1.0,0.0,1.0
32,20,104,105,2,1,0,3,0,0.75,0.0,0.0,0.0
32,20,104,105,3,1,0,5,0,0.8333333333333334,0.0,0.0,0.0
32,20,104,105,4,1,0,7,0,0.875,0.0,0.0,0.0
32,20,104,105,5,2,0,7,0,1.5555555555555556,0.0,0.0,0.0
32,20,104,105,6,2,0,6,0,1.5,0.0,0.0,0.0
32,20,104,105,7,1,0,5,0,0.8333333333333334,0.0,0.0,0.0
32,20,112,113,6,1,0,8,0,0.8888888888888888,0.0,0.0,0.0
32,20,120,121,7,1,0,7,0,0.875,0.0,0.0,0.0
32,20,128,129,8,1,0,5,0,0.8333333333333334,0.0,0.0,0.0
32,20,128,129,9,1,0,3,0,0.75,0.0,0.0,0.0
32,20,128,129,10,1,0,2,0,0.6666666666666666,0.0,0.0,0.0
32,20,128,129,11,1,0,1,0,0.5,0.0,0.0,0.0
32,20,136,137,8,1,0,5,0,0.8333333333333334,0.0,0.0,0.0
32,20,136,137,9,1,0,4,0,0.8,0.0,0.0,0.0
32,20,136,137,10,1,0,3,0,0.75,0.0,0.0,0.0
32,20,136,137,11,1,0,2,0,0.6666666666666666,0.0,0.0,0.0
32,20,136,137,12,1,0,1,0,0.5,0.0,0.0,0.0
32,20,136,137,13,1,0,1,0,0.5,0.0,0.0,0.0
32,20,144,145,9,1,0,5,0,0.8333333333333334,0.0,0.0,0.0
32,20,144,145,10,1,0,4,0,0.8,0.0,0.0,0.0
32,20,144,145,11,1,0,3,0,0.75,0.0,0.0,0.0
32,20,144,145,12,1,0,2,0,0.6666666666666666,0.0,0.0,0.0
32,20,144,145,13,1,0,2,0,0.6666666666666666,0.0,0.0,0.0
32,20,144,145,14,1,0,1,0,0.5,0.0,0.0,0.0
32,20,152,153,9,1,0,5,0,0.8333333333333334,0.0,0.0,0.0
32,20,152,153,11,1,0,4,0,0.8,0.0,0.0,0.0
32,20,152,153,13,1,0,4,0,0.8,0.0,0.0,0.0
32,20,152,153,14,1,0,3,0,0.75,0.0,0.0,0.0
32,20,152,153,16,1,0,2,0,0.6666666666666666,0.0,0.0,0.0
32,20,160,161,9,1,0,5,0,0.8333333333333334,0.0,0.0,0.0
32,20,160,161,14,1,0,5,0,0.8333333333333334,0.0,0.0,0.0
32,20,160,161,16,1,0,4,0,0.8,0.0,0.0,0.0
32,20,160,161,17,1,0,3,0,0.75,0.0,0.0,0.0
32,20,168,169,10,1,0,5,0,0.8333333333333334,0.0,0.0,0.0
32,20,168,169,18,1,0,3,0,0.75,0.0,0.0,0.0
32,20,176,177,10,1,0,5,0,0.8333333333333334,0.0,0.0,0.0
32,20,176,177,18,1,0,3,0,0.75,0.0,0.0,0.0
32,20,184,185,10,1,0,5,0,0.8333333333333334,0.0,0.0,0.0
32,20,184,185,11,1,0,5,0,0.8333333333333334,0.0,0.0,0.0
32,20,184,185,12,1,0,5,0,0.8333333333333334,0.0,0.0,0.0
32,20,184,185,19,1,0,2,0,0.6666666666666666,0.0,0.0,0.0
32,20,184,185,20,1,0,1,0,0.5,0.0,0.0,0.0
32,20,192,193,10,1,0,5,0,0.8333333333333334,0.0,0.0,0.0
32,20,192,193,11,1,0,5,0,0.8333333333333334,0.0,0.0,0.0
32,20,192,193,12,1,0,5,0,0.8333333333333334,0.0,0.0,0.0
32,20,192,193,13,1,0,6,0,0.8571428571428571,0.0,0.0,0.0
32,20,192,193,20,2,0,2,0,1.0,0.0,0.0,0.0
32,20,192,193,21,2,0,1,0,0.6666666666666666,0.0,0.0,0.0
32,20,200,201,11,1,0,6,0,0.8571428571428571,0.0,0.0,0.0
32,20,200,201,12,2,0,5,0,1.4285714285714286,0.0,0.0,0.0
32,20,200,201,13,1,0,6,0,0.8571428571428571,0.0,0.0,0.0
32,20,200,201,14,1,0,6,0,0.8571428571428571,0.0,0.0,0.0
32,20,200,201,20,2,0,2,0,1.0,0.0,0.0,0.0
32,20,200,201,21,2,0,1,0,0.6666666666666666,0.0,0.0,0.0
32,20,200,201,22,2,0,1,0,0.6666666666666666,0.0,0.0,0.0
32,20,200,201,23,2,0,1,0,0.6666666666666666,0.0,0.0,0.0
32,20,200,201,24,2,0,1,0,0.6666666666666666,0.0,0.0,0.0
32,20,208,209,11,1,0,6,0,0.8571428571428571,0.0,0.0,0.0
32,20,208,209,12,1,0,6,0,0.8571428571428571,0.0,0.0,0.0
32,20,208,209,13,1,0,7,0,0.875,0.0,0.0,0.0
32,20,208,209,14,1,0,7,0,0.875,0.0,0.0,0.0
32,20,208,209,15,1,0,6,0,0.8571428571428571,0.0,0.0,0.0
32,20,208,209,21,1,0,4,0,0.8,0.0,0.0,0.0
32,20,208,209,22,1,0,4,0,0.8,0.0,0.0,0.0
32,20,208,209,23,1,0,4,0,0.8,0.0,0.0,0.0
32,20,208,209,24,2,0,3,0,1.2,0.0,0.0,0.0
32,20,208,209,25,1,0,2,0,0.6666666666666666,0.0,0.0,0.0
32,20,216,217,11,1,0,6,0,0.8571428571428571,0.0,0.0,0.0
32,20,216,217,12,1,0,6,0,0.8571428571428571,0.0,0.0,0.0
32,20,216,217,13,1,0,7,0,0.875,0.0,0.0,0.0
32,20,216,217,14,1,0,7,0,0.875,0.0,0.0,0.0
32,20,216,217,15,1,0,6,0,0.8571428571428571,0.0,0.0,0.0
32,20,216,217,26,2,0,1,0,0.6666666666666666,0.0,0.0,0.0
32,20,224,225,11,1,0,6,0,0.8571428571428571,0.0,0.0,0.0
32,20,224,225,13,1,0,8,0,0.8888888888888888,0.0,0.0,0.0
32,20,224,225,14,2,0,7,0,1.5555555555555556,0.0,0.0,0.0
32,20,224,225,15,1,0,6,0,0.8571428571428571,0.0,0.0,0.0
32,20,232,233,12,1,0,7,0,0.875,0.0,0.0,0.0
32,20,232,233,13,1,0,8,0,0.8888888888888888,0.0,0.0,0.0
32,20,232,233,14,1,0,8,0,0.8888888888888888,0.0,0.0,0.0
32,20,232,233,15,2,0,6,0,1.5,0.0,0.0,0.0
32,20,240,241,12,1,0,7,0,0.875,0.0,0.0,0.0
32,20,240,241,13,1,0,8,0,0.8888888888888888,0.0,0.0,0.0
32,20,240,241,15,2,0,7,0,1.5555555555555556,0.0,0.0,0.0
32,20,240,241,16,1,0,5,0,0.8333333333333334,0.0,0.0,0.0
32,20,248,249,13,1,0,9,0,0.9,0.0,0.0,0.0
32,20,248,249,14,1,0,9,0,0.9,0.0,0.0,0.0
32,20,248,249,16,3,0,5,0,1.875,0.0,0.0,0.0
32,20,248,249,17,1,0,4,0,0.8,0.0,0.0,0.0
32,21,16,17,15,14,14,2,0,1.75,1.0,0.0,1.0
32,21,24,25,21,2,2,7,0,1.5555555555555556,1.0,0.0,1.0
32,21,32,33,25,4,3,2,0,1.3333333333333333,0.75,0.0,0.75
32,21,32,33,26,3,3,5,0,1.875,1.0,0.0,1.0
32,21,48,49,36,2,0,1,0,0.6666666666666666,0.0,0.0,0.0
32,21,48,49,37,3,1,3,0,1.5,0.3333333333333333,0.0,0.3333333333333333
32,21,56,57,39,1,1,3,0,0.75,1.0,0.0,1.0
32,21,56,57,41,2,2,6,0,1.5,1.0,0.0,1.0
32,21,56,57,42,1,1,8,0,0.8888888888888888,1.0,0.0,1.0
32,21,56,57,43,3,1,9,0,2.25,0.3333333333333333,0.0,0.3333333333333333
32,21,64,65,41,3,2,1,0,0.75,0.6666666666666666,0.0,0.6666666666666666
32,21,64,65,43,1,1,6,1,0.8571428571428571,1.0,0.16666666666666666,0.8333333333333334
32,22,8,9,9,10,8,1,0,0.9090909090909091,0.8,0.0,0.8
32,22,16,17,13,2,2,2,0,1.0,1.0,0.0,1.0
32,22,16,17,15,12,12,4,0,3.0,1.0,0.0,1.0
32,22,24,25,16,1,1,2,0,0.6666666666666666,1.0,0.0,1.0
32,22,24,25,17,3,1,2,0,1.2,0.3333333333333333,0.0,0.3333333333333333
32,22,24,25,19,3,3,4,0,1.7142857142857142,1.0,0.0,1.0
32,22,24,25,20,2,2,5,0,1.4285714285714286,1.0,0.0,1.0
32,22,24,25,21,1,0,7,0,0.875,0.0,0.0,0.0
32,22,32,33,23,1,1,5,0,0.8333333333333334,1.0,0.0,1.0
32,22,32,33,27,2,2,15,0,1.7647058823529411,1.0,0.0,1.0
32,22,40,41,28,1,1,8,0,0.8888888888888888,1.0,0.0,1.0
32,22,40,41,29,2,2,8,0,1.6,1.0,0.0,1.0
32,22,40,41,30,1,1,10,0,0.9090909090909091,1.0,0.0,1.0
32,22,40,41,31,3,0,11,0,2.357142857142857,0.0,0.0,0.0
32,22,48,49,31,3,2,5,1,1.875,0.6666666666666666,0.2,0.4666666666666666
32,22,48,49,33,6,5,7,0,3.230769230769231,0.8333333333333334,0.0,0.8333333333333334
32,23,8,9,9,6,6,1,0,0.8571428571428571,1.0,0.0,1.0
32,23,16,17,15,8,8,5,0,3.076923076923077,1.0,0.0,1.0
32,23,24,25,18,1,1,1,0,0.5,1.0,0.0,1.0
32,23,24,25,19,4,4,1,0,0.8,1.0,0.0,1.0
32,23,24,25,21,1,1,3,0,0.75,1.0,0.0,1.0
32,23,40,41,31,2,0,2,0,1.0,0.0,0.0,0.0
32,24,40,41,32,6,3,2,0,1.5,0.5,0.0,0.5
32,24,40,41,33,7,1,5,0,2.9166666666666665,0.14285714285714285,0.0,0.14285714285714285
32,25,16,17,15,6,5,1,0,0.8571428571428571,0.8333333333333334,0.0,0.8333333333333334
32,26,8,9,9,5,4,1,0,0.8333333333333334,0.8,0.0,0.8
32,26,24,25,18,1,0,4,0,0.8,0.0,0.0,0.0
32,26,32,33,22,1,1,1,0,0.5,1.0,0.0,1.0
32,26,32,33,23,6,4,1,0,0.8571428571428571,0.6666666666666666,0.0,0.6666666666666666
32,27,16,17,14,1,0,1,0,0.5,0.0,0.0,0.0
32,27,16,17,15,11,10,1,0,0.9166666666666666,0.9090909090909091,0.0,0.9090909090909091
32,27,24,25,20,2,0,3,0,1.2,0.0,0.0,0.0
32,27,24,25,21,3,0,6,0,2.0,0.0,0.0,0.0
32,27,32,33,23,1,1,1,0,0.5,1.0,0.0,1.0
32,27,32,33,24,2,1,2,0,1.0,0.5,0.0,0.5
32,27,32,33,25,2,1,3,0,1.2,0.5,0.0,0.5
32,27,32,33,27,5,3,5,0,2.5,0.6,0.0,0.6
32,27,40,41,30,2,1,3,0,1.2,0.5,0.0,0.5
32,27,40,41,31,4,0,4,0,2.0,0.0,0.0,0.0
32,27,56,57,41,2,1,1,0,0.6666666666666666,0.5,0.0,0.5
32,27,64,65,45,2,2,1,0,0.6666666666666666,1.0,0.0,1.0
32,27,64,65,46,2,2,3,0,1.2,1.0,0.0,1.0
32,27,64,65,47,2,1,4,0,1.3333333333333333,0.5,0.0,0.5
32,27,88,89,11,1,0,3,0,0.75,0.0,0.0,0.0
32,27,88,89,13,3,0,3,0,1.5,0.0,0.0,0.0
32,27,88,89,14,1,0,3,0,0.75,0.0,0.0,0.0
32,27,88,89,15,1,0,3,0,0.75,0.0,0.0,0.0
32,27,88,89,16,1,0,3,0,0.75,0.0,0.0,0.0
32,27,88,89,17,1,0,2,0,0.6666666666666666,0.0,0.0,0.0
32,27,88,89,59,1,0,4,0,0.8,0.0,0.0,0.0
32,27,88,89,60,1,1,7,0,0.875,1.0,0.0,1.0
32,27,88,89,61,1,1,9,0,0.9,1.0,0.0,1.0
32,27,88,89,62,1,1,10,0,0.9090909090909091,1.0,0.0,1.0
32,27,88,89,63,2,2,10,0,1.6666666666666667,1.0,0.0,1.0
32,27,96,97,16,1,0,5,0,0.8333333333333334,0.0,0.0,0.0
32,27,96,97,63,1,0,6,0,0.8571428571428571,0.0,0.0,0.0
32,27,104,105,17,1,0,4,0,0.8,0.0,0.0,0.0
32,27,104,105,64,1,0,4,0,0.8,0.0,0.0,0.0
32,27,112,113,19,1,0,3,0,0.75,0.0,0.0,0.0
32,27,112,113,20,1,0,2,0,0.6666666666666666,0.0,0.0,0.0
32,27,112,113,21,1,0,1,0,0.5,0.0,0.0,0.0
32,27,112,113,61,4,2,1,0,0.8,0.5,0.0,0.5
32,27,112,113,62,1,1,4,0,0.8,1.0,0.0,1.0
32,27,112,113,63,3,0,3,0,1.5,0.0,0.0,0.0
32,27,112,113,65,3,1,2,0,1.2,0.3333333333333333,0.0,0.3333333333333333
32,27,120,121,2,1,0,1,0,0.5,0.0,0.0,0.0
32,27,120,121,3,1,0,2,0,0.6666666666666666,0.0,0.0,0.0
32,27,120,121,4,1,0,2,0,0.6666666666666666,0.0,0.0,0.0
32,27,120,121,5,1,0,2,0,0.6666666666666666,0.0,0.0,0.0
32,27,120,121,6,1,0,2,0,0.6666666666666666,0.0,0.0,0.0
32,27,120,121,8,1,0,1,0,0.5,0.0,0.0,0.0
32,27,120,121,21,1,0,3,0,0.75,0.0,0.0,0.0
32,27,120,121,22,1,0,3,0,0.75,0.0,0.0,0.0
32,27,120,121,23,1,0,2,0,0.6666666666666666,0.0,0.0,0.0
32,27,120,121,64,1,0,1,0,0.5,0.0,0.0,0.0
32,27,120,121,65,2,0,1,0,0.6666666666666666,0.0,0.0,0.0
32,27,120,121,66,1,0,2,0,0.6666666666666666,0.0,0.0,0.0
32,27,120,121,67,1,0,2,0,0.6666666666666666,0.0,0.0,0.0
32,27,120,121,68,1,0,3,0,0.75,0.0,0.0,0.0
32,27,120,121,69,1,0,4,0,0.8,0.0,0.0,0.0
32,27,120,121,70,2,0,4,0,1.3333333333333333,0.0,0.0,0.0
32,27,120,121,71,1,0,5,0,0.8333333333333334,0.0,0.0,0.0
32,27,128,129,1,1,0,2,0,0.6666666666666666,0.0,0.0,0.0
32,27,128,129,2,1,0,3,0,0.75,0.0,0.0,0.0
32,27,128,129,3,1,0,4,0,0.8,0.0,0.0,0.0
32,27,128,129,4,1,0,4,0,0.8,0.0,0.0,0.0
32,27,128,129,5,2,0,3,0,1.2,0.0,0.0,0.0
32,27,128,129,8,1,0,1,0,0.5,0.0,0.0,0.0
32,27,128,129,67,1,0,1,0,0.5,0.0,0.0,0.0
32,27,128,129,68,1,0,2,0,0.6666666666666666,0.0,0.0,0.0
32,27,128,129,69,1,0,3,0,0.75,0.0,0.0,0.0
32,27,128,129,70,2,0,3,0,1.2,0.0,0.0,0.0
32,27,128,129,71,1,0,4,0,0.8,0.0,0.0,0.0
32,27,128,129,72,1,0,6,0,0.8571428571428571,0.0,0.0,0.0
32,27,136,137,9,1,0,1,0,0.5,0.0,0.0,0.0
32,27,136,137,68,1,0,1,0,0.5,0.0,0.0,0.0
32,27,136,137,69,1,0,2,0,0.6666666666666666,0.0,0.0,0.0
32,27,136,137,70,1,0,2,0,0.6666666666666666,0.0,0.0,0.0
32,27,136,137,71,2,0,2,0,1.0,0.0,0.0,0.0
32,27,136,137,72,1,0,5,0,0.8333333333333334,0.0,0.0,0.0
32,27,136,137,73,1,0,7,0,0.875,0.0,0.0,0.0
32,27,144,145,9,1,0,1,0,0.5,0.0,0.0,0.0
32,27,144,145,72,1,0,3,0,0.75,0.0,0.0,0.0
32,27,144,145,73,2,1,5,0,1.4285714285714286,0.5,0.0,0.5
32,27,144,145,74,1,0,7,0,0.875,0.0,0.0,0.0
32,27,152,153,10,1,0,3,0,0.75,0.0,0.0,0.0
32,27,160,161,10,1,0,3,0,0.75,0.0,0.0,0.0
32,27,160,161,11,1,0,4,0,0.8,0.0,0.0,0.0
32,27,160,161,12,1,0,5,0,0.8333333333333334,0.0,0.0,0.0
32,27,168,169,11,1,0,5,0,0.8333333333333334,0.0,0.0,0.0
32,27,168,169,12,2,0,5,0,1.4285714285714286,0.0,0.0,0.0
32,27,168,169,13,1,0,6,0,0.8571428571428571,0.0,0.0,0.0
32,27,168,169,14,1,0,7,0,0.875,0.0,0.0,0.0
32,27,168,169,74,2,0,2,0,1.0,0.0,0.0,0.0
32,27,168,169,75,3,0,3,0,1.5,0.0,0.0,0.0
32,27,168,169,76,3,0,4,0,1.7142857142857142,0.0,0.0,0.0
32,27,176,177,11,1,0,5,0,0.8333333333333334,0.0,0.0,0.0
32,27,176,177,12,1,0,6,0,0.8571428571428571,0.0,0.0,0.0
32,27,176,177,13,1,0,7,0,0.875,0.0,0.0,0.0
32,27,176,177,14,1,0,8,0,0.8888888888888888,0.0,0.0,0.0
32,27,176,177,15,1,0,7,0,0.875,0.0,0.0,0.0
32,27,176,177,74,1,0,1,0,0.5,0.0,0.0,0.0
32,27,176,177,75,1,1,2,0,0.6666666666666666,1.0,0.0,1.0
32,27,176,177,76,1,0,2,0,0.6666666666666666,0.0,0.0,0.0
32,27,176,177,77,2,1,2,0,1.0,0.5,0.0,0.5
32,27,176,177,78,2,0,2,0,1.0,0.0,0.0,0.0
32,27,176,177,79,2,0,2,0,1.0,0.0,0.0,0.0
32,27,184,185,11,1,0,5,0,0.8333333333333334,0.0,0.0,0.0
32,27,184,185,12,1,0,6,0,0.8571428571428571,0.0,0.0,0.0
32,27,184,185,13,1,0,7,0,0.875,0.0,0.0,0.0
32,27,184,185,14,1,0,8,0,0.8888888888888888,0.0,0.0,0.0
32,27,184,185,15,1,0,7,0,0.875,0.0,0.0,0.0
32,27,184,185,80,1,0,1,0,0.5,0.0,0.0,0.0
32,27,192,193,12,1,0,7,0,0.875,0.0,0.0,0.0
32,27,192,193,13,1,0,8,0,0.8888888888888888,0.0,0.0,0.0
32,27,192,193,14,1,0,9,0,0.9,0.0,0.0,0.0
32,27,192,193,15,2,0,7,0,1.5555555555555556,0.0,0.0,0.0
32,27,200,201,13,1,0,9,0,0.9,0.0,0.0,0.0
32,27,200,201,14,1,0,10,0,0.9090909090909091,0.0,0.0,0.0
32,27,200,201,15,2,0,8,0,1.6,0.0,0.0,0.0
32,27,200,201,16,1,0,6,0,0.8571428571428571,0.0,0.0,0.0
32,27,208,209,14,1,0,11,0,0.9166666666666666,0.0,0.0,0.0
32,27,208,209,16,1,0,9,0,0.9,0.0,0.0,0.0
32,27,208,209,17,3,0,5,0,1.875,0.0,0.0,0.0
32,27,216,217,17,1,0,7,0,0.875,0.0,0.0,0.0
32,27,224,225,18,1,0,6,0,0.8571428571428571,0.0,0.0,0.0
32,27,232,233,18,1,0,6,0,0.8571428571428571,0.0,0.0,0.0
32,27,240,241,18,1,0,6,0,0.8571428571428571,0.0,0.0,0.0
32,27,248,249,18,1,0,6,0,0.8571428571428571,0.0,0.0,0.0
32,28,16,17,15,7,7,3,0,2.1,1.0,0.0,1.0
32,28,24,25,17,1,1,1,0,0.5,1.0,0.0,1.0
32,28,24,25,18,1,1,2,0,0.6666666666666666,1.0,0.0,1.0
32,28,24,25,19,4,2,2,0,1.3333333333333333,0.5,0.0,0.5
32,28,24,25,20,5,2,5,0,2.5,0.4,0.0,0.4
32,28,24,25,21,5,4,10,0,3.3333333333333335,0.8,0.0,0.8
32,28,32,33,26,2,1,1,0,0.6666666666666666,0.5,0.0,0.5
32,28,32,33,27,4,1,4,0,2.0,0.25,0.0,0.25
32,28,40,41,31,7,4,2,0,1.5555555555555556,0.5714285714285714,0.0,0.5714285714285714
32,28,40,41,32,1,0,10,0,0.9090909090909091,0.0,0.0,0.0
32,28,48,49,34,6,2,1,0,0.8571428571428571,0.3333333333333333,0.0,0.3333333333333333
32,28,48,49,35,4,2,6,0,2.4,0.5,0.0,0.5
32,28,48,49,36,1,1,7,0,0.875,1.0,0.0,1.0
32,28,48,49,37,5,5,6,0,2.727272727272727,1.0,0.0,1.0
32,28,48,49,38,3,3,6,0,2.0,1.0,0.0,1.0
32,28,48,49,39,4,4,7,1,2.5454545454545454,1.0,0.14285714285714285,0.8571428571428572
32,28,56,57,41,3,1,6,0,2.0,0.3333333333333333,0.0,0.3333333333333333
32,28,56,57,44,1,0,12,0,0.9230769230769231,0.0,0.0,0.0
32,28,64,65,44,2,2,2,1,1.0,1.0,0.5,0.5
32,28,64,65,45,1,0,2,0,0.6666666666666666,0.0,0.0,0.0
32,28,64,65,48,1,0,1,0,0.5,0.0,0.0,0.0
32,28,64,65,49,4,3,2,0,1.3333333333333333,0.75,0.0,0.75
32,28,64,65,50,3,2,4,0,1.7142857142857142,0.6666666666666666,0.0,0.6666666666666666
32,28,64,65,51,2,1,5,0,1.4285714285714286,0.5,0.0,0.5
32,28,80,81,2,4,0,4,0,2.0,0.0,0.0,0.0
32,28,80,81,4,7,0,3,0,2.1,0.0,0.0,0.0
32,28,80,81,5,1,0,3,0,0.75,0.0,0.0,0.0
32,28,80,81,7,1,0,2,0,0.6666666666666666,0.0,0.0,0.0
32,28,88,89,7,1,0,6,0,0.8571428571428571,0.0,0.0,0.0
32,28,96,97,9,2,0,3,0,1.2,0.0,0.0,0.0
32,28,96,97,10,1,0,2,0,0.6666666666666666,0.0,0.0,0.0
32,28,96,97,11,1,0,3,0,0.75,0.0,0.0,0.0
32,28,96,97,12,4,0,1,0,0.8,0.0,0.0,0.0
32,28,96,97,13,1,0,2,0,0.6666666666666666,0.0,0.0,0.0
32,28,104,105,11,1,0,6,0,0.8571428571428571,0.0,0.0,0.0
32,28,104,105,15,1,0,6,0,0.8571428571428571,0.0,0.0,0.0
32,28,104,105,17,1,0,1,0,0.5,0.0,0.0,0.0
32,28,112,113,12,1,0,8,0,0.8888888888888888,0.0,0.0,0.0
32,28,112,113,16,1,0,4,0,0.8,0.0,0.0,0.0
32,28,112,113,17,1,0,2,0,0.6666666666666666,0.0,0.0,0.0
32,28,112,113,18,1,0,2,0,0.6666666666666666,0.0,0.0,0.0
32,28,120,121,13,1,0,9,0,0.9,0.0,0.0,0.0
32,28,120,121,14,1,0,8,0,0.8888888888888888,0.0,0.0,0.0
32,28,120,121,18,1,0,6,0,0.8571428571428571,0.0,0.0,0.0
32,28,120,121,19,1,0,5,0,0.8333333333333334,0.0,0.0,0.0
32,28,120,121,20,2,0,6,0,1.5,0.0,0.0,0.0
32,28,120,121,21,2,0,6,0,1.5,0.0,0.0,0.0
32,28,120,121,22,5,0,2,0,1.4285714285714286,0.0,0.0,0.0
32,28,120,121,23,1,0,2,0,0.6666666666666666,0.0,0.0,0.0
32,28,128,129,14,1,0,9,0,0.9,0.0,0.0,0.0
32,28,128,129,15,1,0,8,0,0.8888888888888888,0.0,0.0,0.0
32,28,128,129,16,1,0,6,0,0.8571428571428571,0.0,0.0,0.0
32,28,128,129,17,1,0,6,0,0.8571428571428571,0.0,0.0,0.0
32,28,128,129,18,2,0,7,0,1.5555555555555556,0.0,0.0,0.0
32,28,128,129,21,1,0,11,0,0.9166666666666666,0.0,0.0,0.0
32,28,128,129,22,2,0,10,0,1.6666666666666667,0.0,0.0,0.0
32,28,128,129,23,1,0,9,0,0.9,0.0,0.0,0.0
32,28,128,129,24,4,0,5,0,2.2222222222222223,0.0,0.0,0.0
32,28,128,129,25,2,0,4,0,1.3333333333333333,0.0,0.0,0.0
32,28,136,137,15,1,0,9,0,0.9,0.0,0.0,0.0
32,28,136,137,16,1,0,7,0,0.875,0.0,0.0,0.0
32,28,136,137,17,1,0,7,0,0.875,0.0,0.0,0.0
32,28,136,137,18,1,0,9,0,0.9,0.0,0.0,0.0
32,28,136,137,19,1,0,8,0,0.8888888888888888,0.0,0.0,0.0
32,28,136,137,20,1,0,10,0,0.9090909090909091,0.0,0.0,0.0
32,28,136,137,25,1,0,8,0,0.8888888888888888,0.0,0.0,0.0
32,28,136,137,26,2,0,4,0,1.3333333333333333,0.0,0.0,0.0
32,28,144,145,21,2,0,13,0,1.7333333333333334,0.0,0.0,0.0
32,28,144,145,22,1,0,13,0,0.9285714285714286,0.0,0.0,0.0
32,28,144,145,26,1,0,6,0,0.8571428571428571,0.0,0.0,0.0
32,28,144,145,27,2,0,4,0,1.3333333333333333,0.0,0.0,0.0
32,28,144,145,28,3,0,2,0,1.2,0.0,0.0,0.0
32,28,144,145,29,3,0,1,0,0.75,0.0,0.0,0.0
32,28,144,145,30,1,0,3,0,0.75,0.0,0.0,0.0
32,28,152,153,28,2,0,7,0,1.5555555555555556,0.0,0.0,0.0
32,28,152,153,29,2,0,7,0,1.5555555555555556,0.0,0.0,0.0
32,28,152,153,30,1,0,6,0,0.8571428571428571,0.0,0.0,0.0
32,28,152,153,31,1,0,3,0,0.75,0.0,0.0,0.0
32,28,152,153,32,1,0,2,0,0.6666666666666666,0.0,0.0,0.0
32,28,160,161,29,2,0,11,0,1.6923076923076923,0.0,0.0,0.0
32,28,160,161,30,3,0,9,0,2.25,0.0,0.0,0.0
32,28,160,161,31,2,0,5,0,1.4285714285714286,0.0,0.0,0.0
32,28,160,161,32,3,0,3,0,1.5,0.0,0.0,0.0
32,28,160,161,33,2,0,1,0,0.6666666666666666,0.0,0.0,0.0
32,28,160,161,34,2,0,1,0,0.6666666666666666,0.0,0.0,0.0
32,28,160,161,35,2,0,1,0,0.6666666666666666,0.0,0.0,0.0
32,28,168,169,30,2,0,12,0,1.7142857142857142,0.0,0.0,0.0
32,28,168,169,31,1,0,8,0,0.8888888888888888,0.0,0.0,0.0
32,28,168,169,32,2,0,6,0,1.5,0.0,0.0,0.0
32,28,168,169,33,1,0,4,0,0.8,0.0,0.0,0.0
32,28,168,169,34,1,0,4,0,0.8,0.0,0.0,0.0
32,28,168,169,35,1,0,4,0,0.8,0.0,0.0,0.0
32,28,168,169,36,1,0,3,0,0.75,0.0,0.0,0.0
32,28,168,169,37,1,0,1,0,0.5,0.0,0.0,0.0
32,28,176,177,31,1,0,10,0,0.9090909090909091,0.0,0.0,0.0
32,28,176,177,33,1,0,6,0,0.8571428571428571,0.0,0.0,0.0
32,28,184,185,31,1,0,10,0,0.9090909090909091,0.0,0.0,0.0
32,28,184,185,32,1,0,9,0,0.9,0.0,0.0,0.0
32,28,184,185,33,1,0,6,0,0.8571428571428571,0.0,0.0,0.0
32,28,184,185,34,1,0,6,0,0.8571428571428571,0.0,0.0,0.0
32,28,184,185,35,1,0,6,0,0.8571428571428571,0.0,0.0,0.0
32,28,192,193,32,2,0,10,0,1.6666666666666667,0.0,0.0,0.0
32,28,192,193,33,3,0,7,0,2.1,0.0,0.0,0.0
32,28,192,193,34,3,0,7,0,2.1,0.0,0.0,0.0
32,28,192,193,35,3,0,7,0,2.1,0.0,0.0,0.0
32,28,192,193,36,3,0,6,0,2.0,0.0,0.0,0.0
32,28,192,193,37,2,0,4,0,1.3333333333333333,0.0,0.0,0.0
32,28,192,193,38,3,0,1,0,0.75,0.0,0.0,0.0
32,28,200,201,32,2,0,10,0,1.6666666666666667,0.0,0.0,0.0
32,28,200,201,33,2,0,8,0,1.6,0.0,0.0,0.0
32,28,200,201,34,2,0,10,0,1.6666666666666667,0.0,0.0,0.0
32,28,200,201,35,3,0,11,0,2.357142857142857,0.0,0.0,0.0
32,28,200,201,36,4,0,9,0,2.769230769230769,0.0,0.0,0.0
32,28,200,201,37,2,0,6,0,1.5,0.0,0.0,0.0
32,28,200,201,38,2,0,3,0,1.2,0.0,0.0,0.0
32,28,200,201,39,1,0,3,0,0.75,0.0,0.0,0.0
32,28,208,209,32,1,0,11,0,0.9166666666666666,0.0,0.0,0.0
32,28,208,209,33,1,0,10,0,0.9090909090909091,0.0,0.0,0.0
32,28,208,209,34,3,0,10,0,2.3076923076923075,0.0,0.0,0.0
32,28,208,209,35,2,0,12,0,1.7142857142857142,0.0,0.0,0.0
32,28,208,209,36,2,0,12,0,1.7142857142857142,0.0,0.0,0.0
32,28,208,209,37,2,0,9,0,1.6363636363636365,0.0,0.0,0.0
32,28,208,209,38,1,0,6,0,0.8571428571428571,0.0,0.0,0.0
32,28,208,209,40,2,0,3,0,1.2,0.0,0.0,0.0
32,28,208,209,41,1,0,1,0,0.5,0.0,0.0,0.0
32,28,216,217,33,1,0,11,0,0.9166666666666666,0.0,0.0,0.0
32,28,216,217,34,1,0,13,0,0.9285714285714286,0.0,0.0,0.0
32,28,216,217,35,1,0,15,0,0.9375,0.0,0.0,0.0
32,28,216,217,36,2,0,14,0,1.75,0.0,0.0,0.0
32,28,216,217,37,2,0,11,0,1.6923076923076923,0.0,0.0,0.0
32,28,216,217,38,1,0,7,0,0.875,0.0,0.0,0.0
32,28,224,225,36,1,0,16,0,0.9411764705882353,0.0,0.0,0.0
32,28,224,225,38,2,0,8,0,1.6,0.0,0.0,0.0
32,28,224,225,39,1,0,6,0,0.8571428571428571,0.0,0.0,0.0
32,28,232,233,36,1,0,16,0,0.9411764705882353,0.0,0.0,0.0
32,28,232,233,39,1,0,7,0,0.875,0.0,0.0,0.0
32,28,240,241,37,1,0,14,0,0.9333333333333333,0.0,0.0,0.0
32,28,240,241,39,1,0,7,0,0.875,0.0,0.0,0.0
32,28,248,249,37,1,0,14,0,0.9333333333333333,0.0,0.0,0.0
32,28,248,249,40,1,0,5,0,0.8333333333333334,0.0,0.0,0.0
32,29,24,25,21,6,5,1,0,0.8571428571428571,0.8333333333333334,0.0,0.8333333333333334
32,29,32,33,27,1,1,3,0,0.75,1.0,0.0,1.0
32,29,40,41,32,4,3,1,0,0.8,0.75,0.0,0.75
32,29,104,105,4,3,0,1,0,0.75,0.0,0.0,0.0
32,29,104,105,5,2,0,1,0,0.6666666666666666,0.0,0.0,0.0
32,29,144,145,15,1,0,1,0,0.5,0.0,0.0,0.0
32,29,144,145,16,1,0,1,0,0.5,0.0,0.0,0.0
32,29,144,145,17,1,0,1,0,0.5,0.0,0.0,0.0
32,29,144,145,18,1,0,1,0,0.5,0.0,0.0,0.0
32,29,152,153,16,1,0,2,0,0.6666666666666666,0.0,0.0,0.0
32,29,152,153,17,1,0,2,0,0.6666666666666666,0.0,0.0,0.0
32,29,152,153,18,1,0,2,0,0.6666666666666666,0.0,0.0,0.0
32,29,152,153,19,1,0,2,0,0.6666666666666666,0.0,0.0,0.0
32,29,152,153,20,2,0,1,0,0.6666666666666666,0.0,0.0,0.0
32,29,160,161,17,1,0,3,0,0.75,0.0,0.0,0.0
32,29,160,161,18,1,0,3,0,0.75,0.0,0.0,0.0
32,29,160,161,19,1,0,3,0,0.75,0.0,0.0,0.0
32,29,160,161,20,1,0,3,0,0.75,0.0,0.0,0.0
32,29,160,161,21,2,0,1,0,0.6666666666666666,0.0,0.0,0.0
32,29,168,169,19,1,0,5,0,0.8333333333333334,0.0,0.0,0.0
32,29,168,169,20,1,0,5,0,0.8333333333333334,0.0,0.0,0.0
32,29,168,169,22,1,0,4,0,0.8,0.0,0.0,0.0
32,29,168,169,23,3,0,1,0,0.75,0.0,0.0,0.0
32,29,176,177,24,1,0,3,0,0.75,0.0,0.0,0.0
32,29,184,185,25,1,0,3,0,0.75,0.0,0.0,0.0
32,29,192,193,25,1,0,3,0,0.75,0.0,0.0,0.0
32,29,200,201,26,1,0,2,0,0.6666666666666666,0.0,0.0,0.0
32,29,208,209,26,1,0,2,0,0.6666666666666666,0.0,0.0,0.0
32,29,208,209,27,1,0,1,0,0.5,0.0,0.0,0.0
32,29,216,217,26,1,0,2,0,0.6666666666666666,0.0,0.0,0.0
32,29,216,217,27,1,0,1,0,0.5,0.0,0.0,0.0
32,29,224,225,27,2,0,2,0,1.0,0.0,0.0,0.0
32,29,224,225,28,2,0,1,0,0.6666666666666666,0.0,0.0,0.0
32,29,232,233,27,2,0,2,0,1.0,0.0,0.0,0.0
32,29,232,233,28,2,0,1,0,0.6666666666666666,0.0,0.0,0.0
32,29,232,233,29,2,0,1,0,0.6666666666666666,0.0,0.0,0.0
32,29,232,233,30,2,0,1,0,0.6666666666666666,0.0,0.0,0.0
32,29,240,241,27,2,0,2,0,1.0,0.0,0.0,0.0
32,29,240,241,28,2,0,1,0,0.6666666666666666,0.0,0.0,0.0
32,29,240,241,29,2,0,1,0,0.6666666666666666,0.0,0.0,0.0
32,29,240,241,30,2,0,1,0,0.6666666666666666,0.0,0.0,0.0
32,29,248,249,27,2,0,2,0,1.0,0.0,0.0,0.0
32,29,248,249,28,2,0,1,0,0.6666666666666666,0.0,0.0,0.0
32,29,248,249,29,2,0,1,0,0.6666666666666666,0.0,0.0,0.0
32,29,248,249,30,2,0,1,0,0.6666666666666666,0.0,0.0,0.0
32,30,80,81,1,1,0,3,0,0.75,0.0,0.0,0.0
32,30,80,81,2,4,0,3,0,1.7142857142857142,0.0,0.0,0.0
32,30,80,81,3,1,0,5,0,0.8333333333333334,0.0,0.0,0.0
32,30,80,81,4,5,0,3,0,1.875,0.0,0.0,0.0
32,30,80,81,6,1,0,2,0,0.6666666666666666,0.0,0.0,0.0
32,30,88,89,7,1,0,3,0,0.75,0.0,0.0,0.0
32,30,96,97,9,2,0,1,0,0.6666666666666666,0.0,0.0,0.0
32,30,104,105,12,1,0,6,0,0.8571428571428571,0.0,0.0,0.0
32,30,104,105,14,1,0,6,0,0.8571428571428571,0.0,0.0,0.0
32,31,24,25,21,5,3,1,0,0.8333333333333334,0.6,0.0,0.6
32,31,56,57,39,1,1,1,0,0.5,1.0,0.0,1.0
32,31,56,57,40,1,1,2,0,0.6666666666666666,1.0,0.0,1.0
32,31,56,57,41,5,5,2,0,1.4285714285714286,1.0,0.0,1.0
64,0,16,17,14,1,1,1,0,0.5,1.0,0.0,1.0
64,0,16,17,15,23,22,1,0,0.9583333333333334,0.9565217391304348,0.0,0.9565217391304348
64,0,24,25,20,4,2,1,0,0.8,0.5,0.0,0.5
64,0,24,25,21,22,18,3,0,2.64,0.8181818181818182,0.0,0.8181818181818182
64,0,32,33,25,1,0,3,0,0.75,0.0,0.0,0.0
64,0,32,33,26,3,1,6,0,2.0,0.3333333333333333,0.0,0.3333333333333333
64,0,32,33,27,16,12,9,0,5.76,0.75,0.0,0.75
64,0,40,41,27,3,3,1,0,0.75,1.0,0.0,1.0
64,0,40,41,28,5,3,3,0,1.875,0.6,0.0,0.6
64,0,40,41,29,1,1,8,0,0.8888888888888888,1.0,0.0,1.0
64,0,40,41,30,3,2,9,0,2.25,0.6666666666666666,0.0,0.6666666666666666
64,0,40,41,31,3,1,11,0,2.357142857142857,0.3333333333333333,0.0,0.3333333333333333
64,0,40,41,32,2,0,13,0,1.7333333333333334,0.0,0.0,0.0
64,0,40,41,33,6,4,15,0,4.285714285714286,0.6666666666666666,0.0,0.6666666666666666
64,0,48,49,32,2,1,1,0,0.6666666666666666,0.5,0.0,0.5
64,0,48,49,33,5,2,1,0,0.8333333333333334,0.4,0.0,0.4
64,0,48,49,34,2,0,4,0,1.3333333333333333,0.0,0.0,0.0
64,0,48,49,35,12,4,4,0,3.0,0.3333333333333333,0.0,0.3333333333333333
64,0,48,49,36,1,1,15,0,0.9375,1.0,0.0,1.0
64,0,48,49,38,1,0,13,0,0.9285714285714286,0.0,0.0,0.0
64,0,56,57,38,3,2,1,0,0.75,0.6666666666666666,0.0,0.6666666666666666
64,0,56,57,39,3,0,1,0,0.75,0.0,0.0,0.0
64,0,56,57,40,2,0,2,0,1.0,0.0,0.0,0.0
64,0,56,57,41,1,0,3,0,0.75,0.0,0.0,0.0
64,0,56,57,42,2,1,3,0,1.2,0.5,0.0,0.5
64,0,56,57,44,1,0,3,0,0.75,0.0,0.0,0.0
64,0,56,57,45,3,2,3,0,1.5,0.6666666666666666,0.0,0.6666666666666666
64,0,64,65,42,2,0,1,0,0.6666666666666666,0.0,0.0,0.0
64,0,64,65,49,1,1,4,0,0.8,1.0,0.0,1.0
64,0,64,65,50,1,1,6,0,0.8571428571428571,1.0,0.0,1.0
64,0,64,65,51,1,1,8,0,0.8888888888888888,1.0,0.0,1.0
64,0,64,65,52,7,6,10,0,4.117647058823529,0.8571428571428571,0.0,0.8571428571428571
64,0,64,65,53,2,1,18,0,1.8,0.5,0.0,0.5
64,0,72,73,51,5,1,1,0,0.8333333333333334,0.2,0.0,0.2
64,0,72,73,53,6,2,2,0,1.5,0.3333333333333333,0.0,0.3333333333333333
64,0,72,73,54,2,1,5,0,1.4285714285714286,0.5,0.0,0.5
64,0,72,73,55,6,4,5,0,2.727272727272727,0.6666666666666666,0.0,0.6666666666666666
64,0,72,73,56,4,2,9,0,2.769230769230769,0.5,0.0,0.5
64,0,72,73,57,2,0,12,0,1.7142857142857142,0.0,0.0,0.0
64,0,72,73,58,5,4,13,0,3.611111111111111,0.8,0.0,0.8
64,0,72,73,59,7,6,18,0,5.04,0.8571428571428571,0.0,0.8571428571428571
64,0,72,73,61,1,1,25,0,0.9615384615384616,1.0,0.0,1.0
64,0,80,81,43,1,0,2,0,0.6666666666666666,0.0,0.0,0.0
64,0,80,81,44,1,1,3,0,0.75,1.0,0.0,1.0
64,0,80,81,49,1,0,7,0,0.875,0.0,0.0,0.0
64,0,80,81,50,1,0,7,0,0.875,0.0,0.0,0.0
64,0,80,81,52,1,0,8,0,0.8888888888888888,0.0,0.0,0.0
64,0,80,81,53,1,0,8,0,0.8888888888888888,0.0,0.0,0.0
64,0,80,81,55,1,0,9,0,0.9,0.0,0.0,0.0
64,0,80,81,57,3,1,8,0,2.1818181818181817,0.3333333333333333,0.0,0.3333333333333333
64,0,80,81,58,2,1,9,0,1.6363636363636365,0.5,0.0,0.5
64,0,80,81,59,3,1,11,0,2.357142857142857,0.3333333333333333,0.0,0.3333333333333333
64,0,80,81,60,4,0,10,0,2.857142857142857,0.0,0.0,0.0
64,0,80,81,61,5,2,10,0,3.3333333333333335,0.4,0.0,0.4
64,0,80,81,62,6,1,11,0,3.8823529411764706,0.16666666666666666,0.0,0.16666666666666666
64,0,80,81,63,10,5,13,0,5.6521739130434785,0.5,0.0,0.5
64,0,80,81,64,1,1,19,0,0.95,1.0,0.0,1.0
64,0,80,81,65,4,2,17,0,3.238095238095238,0.5,0.0,0.5
64,0,80,81,66,2,0,18,0,1.8,0.0,0.0,0.0
64,0,80,81,67,3,1,17,0,2.55,0.3333333333333333,0.0,0.3333333333333333
64,0,88,89,54,2,0,11,0,1.6923076923076923,0.0,0.0,0.0
64,0,88,89,56,2,0,12,0,1.7142857142857142,0.0,0.0,0.0
64,0,88,89,62,2,1,13,0,1.7333333333333334,0.5,0.0,0.5
64,0,88,89,63,2,0,13,0,1.7333333333333334,0.0,0.0,0.0
64,0,88,89,64,3,0,13,0,2.4375,0.0,0.0,0.0
64,0,88,89,65,2,0,15,0,1.7647058823529411,0.0,0.0,0.0
64,0,88,89,66,2,1,16,0,1.7777777777777777,0.5,0.0,0.5
64,0,88,89,67,4,0,14,0,3.111111111111111,0.0,0.0,0.0
64,0,88,89,68,2,0,14,0,1.75,0.0,0.0,0.0
64,0,88,89,69,4,0,11,0,2.933333333333333,0.0,0.0,0.0
64,0,88,89,70,1,0,10,0,0.9090909090909091,0.0,0.0,0.0
64,0,88,89,71,5,4,10,0,3.3333333333333335,0.8,0.0,0.8
64,0,88,89,72,2,1,12,0,1.7142857142857142,0.5,0.0,0.5
64,0,88,89,73,4,2,11,0,2.933333333333333,0.5,0.0,0.5
64,0,96,97,34,1,0,1,0,0.5,0.0,0.0,0.0
64,0,96,97,35,2,0,1,0,0.6666666666666666,0.0,0.0,0.0
64,0,96,97,36,1,0,2,0,0.6666666666666666,0.0,0.0,0.0
64,0,96,97,37,1,0,2,0,0.6666666666666666,0.0,0.0,0.0
64,0,96,97,39,1,0,1,0,0.5,0.0,0.0,0.0
64,0,96,97,62,1,1,13,0,0.9285714285714286,1.0,0.0,1.0
64,0,96,97,63,2,0,13,0,1.7333333333333334,0.0,0.0,0.0
64,0,96,97,64,3,0,13,0,2.4375,0.0,0.0,0.0
64,0,96,97,65,2,0,14,0,1.75,0.0,0.0,0.0
64,0,96,97,66,3,1,14,0,2.4705882352941178,0.3333333333333333,0.0,0.3333333333333333
64,0,96,97,68,2,0,15,0,1.7647058823529411,0.0,0.0,0.0
64,0,96,97,69,1,0,16,0,0.9411764705882353,0.0,0.0,0.0
64,0,96,97,70,1,0,15,0,0.9375,0.0,0.0,0.0
64,0,96,97,72,2,1,14,0,1.75,0.5,0.0,0.5
64,0,104,105,27,4,0,1,0,0.8,0.0,0.0,0.0
64,0,104,105,28,2,0,5,0,1.4285714285714286,0.0,0.0,0.0
64,0,104,105,29,2,0,7,0,1.5555555555555556,0.0,0.0,0.0
64,0,104,105,30,1,0,7,0,0.875,0.0,0.0,0.0
64,0,104,105,31,1,0,6,0,0.8571428571428571,0.0,0.0,0.0
64,0,104,105,33,1,0,5,0,0.8333333333333334,0.0,0.0,0.0
64,0,104,105,34,1,0,5,0,0.8333333333333334,0.0,0.0,0.0
64,0,104,105,36,1,0,4,0,0.8,0.0,0.0,0.0
64,0,104,105,64,3,1,13,0,2.4375,0.3333333333333333,0.0,0.3333333333333333
64,0,104,105,65,2,0,14,0,1.75,0.0,0.0,0.0
64,0,104,105,66,2,0,14,0,1.75,0.0,0.0,0.0
64,0,104,105,67,1,0,15,0,0.9375,0.0,0.0,0.0
64,0,104,105,68,3,1,14,0,2.4705882352941178,0.3333333333333333,0.0,0.3333333333333333
64,0,104,105,69,1,0,15,0,0.9375,0.0,0.0,0.0
64,0,104,105,70,2,0,14,0,1.75,0.0,0.0,0.0
64,0,104,105,71,2,0,14,0,1.75,0.0,0.0,0.0
64,0,112,113,22,3,0,3,0,1.5,0.0,0.0,0.0
64,0,112,113,23,1,0,7,0,0.875,0.0,0.0,0.0
64,0,112,113,64,2,1,13,0,1.7333333333333334,0.5,0.0,0.5
64,0,112,113,65,2,0,13,0,1.7333333333333334,0.0,0.0,0.0
64,0,112,113,66,3,0,13,0,2.4375,0.0,0.0,0.0
64,0,112,113,67,2,0,14,0,1.75,0.0,0.0,0.0
64,0,112,113,68,2,0,14,0,1.75,0.0,0.0,0.0
64,0,112,113,70,3,1,13,0,2.4375,0.3333333333333333,0.0,0.3333333333333333
64,0,112,113,71,1,0,14,0,0.9333333333333333,0.0,0.0,0.0
64,0,120,121,2,1,0,1,0,0.5,0.0,0.0,0.0
64,0,120,121,7,1,0,1,0,0.5,0.0,0.0,0.0
64,0,120,121,8,1,0,1,0,0.5,0.0,0.0,0.0
64,0,120,121,13,1,0,4,0,0.8,0.0,0.0,0.0
64,0,120,121,14,4,0,4,0,2.0,0.0,0.0,0.0
64,0,120,121,15,1,0,7,0,0.875,0.0,0.0,0.0
64,0,120,121,16,4,0,7,0,2.5454545454545454,0.0,0.0,0.0
64,0,120,121,17,1,0,11,0,0.9166666666666666,0.0,0.0,0.0
64,0,120,121,18,2,0,12,0,1.7142857142857142,0.0,0.0,0.0
64,0,120,121,20,4,0,15,0,3.1578947368421053,0.0,0.0,0.0
64,0,120,121,21,1,0,16,0,0.9411764705882353,0.0,0.0,0.0
64,0,120,121,22,3,0,15,0,2.5,0.0,0.0,0.0
64,0,120,121,23,1,0,16,0,0.9411764705882353,0.0,0.0,0.0
64,0,120,121,24,3,0,13,0,2.4375,0.0,0.0,0.0
64,0,120,121,25,3,0,12,0,2.4,0.0,0.0,0.0
64,0,120,121,26,1,0,12,0,0.9230769230769231,0.0,0.0,0.0
64,0,120,121,27,1,0,12,0,0.9230769230769231,0.0,0.0,0.0
64,0,120,121,66,2,1,13,0,1.7333333333333334,0.5,0.0,0.5
64,0,120,121,67,2,0,13,0,1.7333333333333334,0.0,0.0,0.0
64,0,120,121,68,2,0,13,0,1.7333333333333334,0.0,0.0,0.0
64,0,120,121,69,2,0,13,0,1.7333333333333334,0.0,0.0,0.0
64,0,120,121,70,1,0,13,0,0.9285714285714286,0.0,0.0,0.0
64,0,128,129,6,2,0,10,0,1.6666666666666667,0.0,0.0,0.0
64,0,128,129,8,1,0,13,0,0.9285714285714286,0.0,0.0,0.0
64,0,128,129,9,3,0,13,0,2.4375,0.0,0.0,0.0
64,0,128,129,11,6,0,13,0,4.105263157894737,0.0,0.0,0.0
64,0,128,129,12,1,0,15,0,0.9375,0.0,0.0,0.0
64,0,128,129,13,2,0,16,0,1.7777777777777777,0.0,0.0,0.0
64,0,128,129,14,1,0,17,0,0.9444444444444444,0.0,0.0,0.0
64,0,128,129,15,2,0,16,0,1.7777777777777777,0.0,0.0,0.0
64,0,128,129,16,1,0,15,0,0.9375,0.0,0.0,0.0
64,0,128,129,28,7,0,19,0,5.115384615384615,0.0,0.0,0.0
64,0,128,129,30,1,0,20,0,0.9523809523809523,0.0,0.0,0.0
64,0,128,129,31,2,0,18,0,1.8,0.0,0.0,0.0
64,0,128,129,33,9,0,9,0,4.5,0.0,0.0,0.0
64,0,128,129,34,3,0,7,0,2.1,0.0,0.0,0.0
64,0,128,129,35,1,0,6,0,0.8571428571428571,0.0,0.0,0.0
64,0,136,137,16,2,0,21,0,1.826086956521739,0.0,0.0,0.0
64,0,136,137,17,3,0,19,0,2.590909090909091,0.0,0.0,0.0
64,0,136,137,18,2,0,17,0,1.7894736842105263,0.0,0.0,0.0
64,0,136,137,19,1,0,18,0,0.9473684210526315,0.0,0.0,0.0
64,0,136,137,41,6,0,1,0,0.8571428571428571,0.0,0.0,0.0
64,0,144,145,45,1,0,5,0,0.8333333333333334,0.0,0.0,0.0
64,0,152,153,46,1,0,6,0,0.8571428571428571,0.0,0.0,0.0
64,0,160,161,47,1,0,6,0,0.8571428571428571,0.0,0.0,0.0
64,0,160,161,55,1,0,14,0,0.9333333333333333,0.0,0.0,0.0
64,0,160,161,57,1,0,13,0,0.9285714285714286,0.0,0.0,0.0
64,0,160,161,59,1,0,12,0,0.9230769230769231,0.0,0.0,0.0
64,0,168,169,47,1,0,6,0,0.8571428571428571,0.0,0.0,0.0
64,0,168,169,48,1,0,8,0,0.8888888888888888,0.0,0.0,0.0
64,0,168,169,49,1,0,9,0,0.9,0.0,0.0,0.0
64,0,168,169,50,1,0,10,0,0.9090909090909091,0.0,0.0,0.0
64,0,168,169,51,1,0,11,0,0.9166666666666666,0.0,0.0,0.0
64,0,168,169,52,1,0,12,0,0.9230769230769231,0.0,0.0,0.0
64,0,168,169,53,1,0,13,0,0.9285714285714286,0.0,0.0,0.0
64,0,168,169,54,1,0,14,0,0.9333333333333333,0.0,0.0,0.0
64,0,168,169,55,1,0,15,0,0.9375,0.0,0.0,0.0
64,0,168,169,56,1,0,15,0,0.9375,0.0,0.0,0.0
64,0,168,169,57,1,0,14,0,0.9333333333333333,0.0,0.0,0.0
64,0,168,169,58,1,0,13,0,0.9285714285714286,0.0,0.0,0.0
64,0,168,169,59,1,0,13,0,0.9285714285714286,0.0,0.0,0.0
64,0,168,169,60,1,0,12,0,0.9230769230769231,0.0,0.0,0.0
64,0,168,169,61,2,0,12,0,1.7142857142857142,0.0,0.0,0.0
64,0,176,177,48,1,0,9,0,0.9,0.0,0.0,0.0
64,0,176,177,49,1,0,10,0,0.9090909090909091,0.0,0.0,0.0
64,0,176,177,50,1,0,11,0,0.9166666666666666,0.0,0.0,0.0
64,0,176,177,51,1,0,12,0,0.9230769230769231,0.0,0.0,0.0
64,0,176,177,52,1,0,13,0,0.9285714285714286,0.0,0.0,0.0
64,0,176,177,53,1,0,14,0,0.9333333333333333,0.0,0.0,0.0
64,0,176,177,54,1,0,15,0,0.9375,0.0,0.0,0.0
64,0,176,177,55,1,0,16,0,0.9411764705882353,0.0,0.0,0.0
64,0,176,177,56,1,0,16,0,0.9411764705882353,0.0,0.0,0.0
64,0,176,177,57,1,0,15,0,0.9375,0.0,0.0,0.0
64,0,176,177,58,1,0,14,0,0.9333333333333333,0.0,0.0,0.0
64,0,176,177,59,1,0,14,0,0.9333333333333333,0.0,0.0,0.0
64,0,176,177,60,1,0,13,0,0.9285714285714286,0.0,0.0,0.0
64,0,176,177,61,1,0,14,0,0.9333333333333333,0.0,0.0,0.0
64,0,176,177,62,1,0,14,0,0.9333333333333333,0.0,0.0,0.0
64,0,184,185,48,1,0,9,0,0.9,0.0,0.0,0.0
64,0,184,185,49,1,0,10,0,0.9090909090909091,0.0,0.0,0.0
64,0,184,185,50,1,0,11,0,0.9166666666666666,0.0,0.0,0.0
64,0,184,185,51,1,0,12,0,0.9230769230769231,0.0,0.0,0.0
64,0,184,185,52,1,0,13,0,0.9285714285714286,0.0,0.0,0.0
64,0,184,185,53,1,0,14,0,0.9333333333333333,0.0,0.0,0.0
64,0,184,185,54,1,0,15,0,0.9375,0.0,0.0,0.0
64,0,184,185,55,1,0,16,0,0.9411764705882353,0.0,0.0,0.0
64,0,184,185,56,1,0,16,0,0.9411764705882353,0.0,0.0,0.0
64,0,184,185,57,1,0,15,0,0.9375,0.0,0.0,0.0
64,0,184,185,58,1,0,14,0,0.9333333333333333,0.0,0.0,0.0
64,0,184,185,59,1,0,14,0,0.9333333333333333,0.0,0.0,0.0
64,0,184,185,60,1,0,13,0,0.9285714285714286,0.0,0.0,0.0
64,0,184,185,61,1,0,14,0,0.9333333333333333,0.0,0.0,0.0
64,0,184,185,62,1,0,14,0,0.9333333333333333,0.0,0.0,0.0
64,0,192,193,48,1,0,9,0,0.9,0.0,0.0,0.0
64,0,192,193,49,1,0,10,0,0.9090909090909091,0.0,0.0,0.0
64,0,192,193,50,1,0,11,0,0.9166666666666666,0.0,0.0,0.0
64,0,192,193,51,1,0,12,0,0.9230769230769231,0.0,0.0,0.0
64,0,192,193,52,1,0,13,0,0.9285714285714286,0.0,0.0,0.0
64,0,192,193,53,1,0,14,0,0.9333333333333333,0.0,0.0,0.0
64,0,192,193,54,1,0,15,0,0.9375,0.0,0.0,0.0
64,0,192,193,55,1,0,16,0,0.9411764705882353,0.0,0.0,0.0
64,0,192,193,56,1,0,16,0,0.9411764705882353,0.0,0.0,0.0
64,0,192,193,57,1,0,15,0,0.9375,0.0,0.0,0.0
64,0,192,193,58,1,0,14,0,0.9333333333333333,0.0,0.0,0.0
64,0,192,193,59,1,0,14,0,0.9333333333333333,0.0,0.0,0.0
64,0,192,193,60,1,0,13,0,0.9285714285714286,0.0,0.0,0.0
64,0,192,193,61,1,0,14,0,0.9333333333333333,0.0,0.0,0.0
64,0,192,193,62,1,0,14,0,0.9333333333333333,0.0,0.0,0.0
64,0,200,201,48,1,0,9,0,0.9,0.0,0.0,0.0
64,0,200,201,49,1,0,10,0,0.9090909090909091,0.0,0.0,0.0
64,0,200,201,50,1,0,11,0,0.9166666666666666,0.0,0.0,0.0
64,0,200,201,51,1,0,12,0,0.9230769230769231,0.0,0.0,0.0
64,0,200,201,52,1,0,13,0,0.9285714285714286,0.0,0.0,0.0
64,0,200,201,53,1,0,14,0,0.9333333333333333,0.0,0.0,0.0
64,0,200,201,54,1,0,15,0,0.9375,0.0,0.0,0.0
64,0,200,201,55,1,0,16,0,0.9411764705882353,0.0,0.0,0.0
64,0,200,201,56,1,0,16,0,0.9411764705882353,0.0,0.0,0.0
64,0,200,201,57,1,0,15,0,0.9375,0.0,0.0,0.0
64,0,200,201,58,1,0,14,0,0.9333333333333333,0.0,0.0,0.0
64,0,200,201,59,1,0,14,0,0.9333333333333333,0.0,0.0,0.0
64,0,200,201,60,1,0,13,0,0.9285714285714286,0.0,0.0,0.0
64,0,200,201,61,1,0,14,0,0.9333333333333333,0.0,0.0,0.0
64,0,200,201,62,1,0,14,0,0.9333333333333333,0.0,0.0,0.0
64,0,208,209,48,1,0,9,0,0.9,0.0,0.0,0.0
64,0,208,209,49,1,0,10,0,0.9090909090909091,0.0,0.0,0.0
64,0,208,209,50,1,0,11,0,0.9166666666666666,0.0,0.0,0.0
64,0,208,209,51,1,0,12,0,0.9230769230769231,0.0,0.0,0.0
64,0,208,209,52,1,0,13,0,0.9285714285714286,0.0,0.0,0.0
64,0,208,209,54,1,0,16,0,0.9411764705882353,0.0,0.0,0.0
64,0,208,209,55,1,0,17,0,0.9444444444444444,0.0,0.0,0.0
64,0,208,209,56,1,0,17,0,0.9444444444444444,0.0,0.0,0.0
64,0,208,209,57,1,0,16,0,0.9411764705882353,0.0,0.0,0.0
64,0,208,209,58,1,0,15,0,0.9375,0.0,0.0,0.0
64,0,208,209,59,1,0,15,0,0.9375,0.0,0.0,0.0
64,0,208,209,60,1,0,14,0,0.9333333333333333,0.0,0.0,0.0
64,0,208,209,61,1,0,15,0,0.9375,0.0,0.0,0.0
64,0,208,209,62,1,0,15,0,0.9375,0.0,0.0,0.0
64,0,208,209,63,1,0,13,0,0.9285714285714286,0.0,0.0,0.0
64,0,216,217,49,1,0,11,0,0.9166666666666666,0.0,0.0,0.0
64,0,216,217,50,1,0,12,0,0.9230769230769231,0.0,0.0,0.0
64,0,216,217,51,1,0,13,0,0.9285714285714286,0.0,0.0,0.0
64,0,216,217,52,1,0,14,0,0.9333333333333333,0.0,0.0,0.0
64,0,216,217,53,1,0,15,0,0.9375,0.0,0.0,0.0
64,0,216,217,54,1,0,16,0,0.9411764705882353,0.0,0.0,0.0
64,0,216,217,55,1,0,17,0,0.9444444444444444,0.0,0.0,0.0
64,0,216,217,56,1,0,17,0,0.9444444444444444,0.0,0.0,0.0
64,0,216,217,57,1,0,16,0,0.9411764705882353,0.0,0.0,0.0
64,0,216,217,58,1,0,15,0,0.9375,0.0,0.0,0.0
64,0,216,217,59,1,0,15,0,0.9375,0.0,0.0,0.0
64,0,216,217,60,1,0,14,0,0.9333333333333333,0.0,0.0,0.0
64,0,216,217,61,1,0,15,0,0.9375,0.0,0.0,0.0
64,0,216,217,62,1,0,15,0,0.9375,0.0,0.0,0.0
64,0,216,217,63,1,0,13,0,0.9285714285714286,0.0,0.0,0.0
64,0,224,225,49,1,0,11,0,0.9166666666666666,0.0,0.0,0.0
64,0,224,225,50,1,0,12,0,0.9230769230769231,0.0,0.0,0.0
64,0,224,225,51,1,0,13,0,0.9285714285714286,0.0,0.0,0.0
64,0,224,225,52,1,0,14,0,0.9333333333333333,0.0,0.0,0.0
64,0,224,225,53,1,0,15,0,0.9375,0.0,0.0,0.0
64,0,224,225,54,1,0,16,0,0.9411764705882353,0.0,0.0,0.0
64,0,224,225,55,1,0,17,0,0.9444444444444444,0.0,0.0,0.0
64,0,224,225,56,1,0,17,0,0.9444444444444444,0.0,0.0,0.0
64,0,224,225,57,1,0,16,0,0.9411764705882353,0.0,0.0,0.0
64,0,224,225,58,1,0,15,0,0.9375,0.0,0.0,0.0
64,0,224,225,59,1,0,15,0,0.9375,0.0,0.0,0.0
64,0,224,225,60,1,0,14,0,0.9333333333333333,0.0,0.0,0.0
64,0,224,225,61,1,0,15,0,0.9375,0.0,0.0,0.0
64,0,224,225,62,1,0,15,0,0.9375,0.0,0.0,0.0
64,0,224,225,63,1,0,13,0,0.9285714285714286,0.0,0.0,0.0
64,0,232,233,49,1,0,11,0,0.9166666666666666,0.0,0.0,0.0
64,0,232,233,50,1,0,12,0,0.9230769230769231,0.0,0.0,0.0
64,0,232,233,51,1,0,13,0,0.9285714285714286,0.0,0.0,0.0
64,0,232,233,52,1,0,14,0,0.9333333333333333,0.0,0.0,0.0
64,0,232,233,53,1,0,15,0,0.9375,0.0,0.0,0.0
64,0,232,233,54,1,0,16,0,0.9411764705882353,0.0,0.0,0.0
64,0,232,233,55,1,0,17,0,0.9444444444444444,0.0,0.0,0.0
64,0,232,233,57,1,0,17,0,0.9444444444444444,0.0,0.0,0.0
64,0,232,233,58,1,0,16,0,0.9411764705882353,0.0,0.0,0.0
64,0,232,233,59,1,0,16,0,0.9411764705882353,0.0,0.0,0.0
64,0,232,233,60,1,0,15,0,0.9375,0.0,0.0,0.0
64,0,232,233,61,1,0,16,0,0.9411764705882353,0.0,0.0,0.0
64,0,232,233,62,2,0,15,0,1.7647058823529411,0.0,0.0,0.0
64,0,232,233,63,1,0,13,0,0.9285714285714286,0.0,0.0,0.0
64,0,240,241,49,1,0,11,0,0.9166666666666666,0.0,0.0,0.0
64,0,240,241,51,1,0,14,0,0.9333333333333333,0.0,0.0,0.0
64,0,240,241,52,1,0,15,0,0.9375,0.0,0.0,0.0
64,0,240,241,53,1,0,16,0,0.9411764705882353,0.0,0.0,0.0
64,0,240,241,54,1,0,17,0,0.9444444444444444,0.0,0.0,0.0
64,0,240,241,55,1,0,18,0,0.9473684210526315,0.0,0.0,0.0
64,0,240,241,56,1,0,18,0,0.9473684210526315,0.0,0.0,0.0
64,0,240,241,57,1,0,17,0,0.9444444444444444,0.0,0.0,0.0
64,0,240,241,58,1,0,16,0,0.9411764705882353,0.0,0.0,0.0
64,0,240,241,59,1,0,16,0,0.9411764705882353,0.0,0.0,0.0
64,0,240,241,60,1,0,15,0,0.9375,0.0,0.0,0.0
64,0,240,241,61,1,0,16,0,0.9411764705882353,0.0,0.0,0.0
64,0,240,241,62,1,0,16,0,0.9411764705882353,0.0,0.0,0.0
64,0,240,241,63,1,0,14,0,0.9333333333333333,0.0,0.0,0.0
64,0,240,241,64,1,0,13,0,0.9285714285714286,0.0,0.0,0.0
64,0,248,249,50,1,0,13,0,0.9285714285714286,0.0,0.0,0.0
64,0,248,249,52,1,0,16,0,0.9411764705882353,0.0,0.0,0.0
64,0,248,249,53,1,0,17,0,0.9444444444444444,0.0,0.0,0.0
64,0,248,249,54,1,0,18,0,0.9473684210526315,0.0,0.0,0.0
64,0,248,249,55,1,0,19,0,0.95,0.0,0.0,0.0
64,0,248,249,56,1,0,19,0,0.95,0.0,0.0,0.0
64,0,248,249,57,1,0,18,0,0.9473684210526315,0.0,0.0,0.0
64,0,248,249,58,1,0,17,0,0.9444444444444444,0.0,0.0,0.0
64,0,248,249,59,1,0,17,0,0.9444444444444444,0.0,0.0,0.0
64,0,248,249,60,1,0,16,0,0.9411764705882353,0.0,0.0,0.0
64,0,248,249,61,1,0,17,0,0.9444444444444444,0.0,0.0,0.0
64,0,248,249,62,1,0,17,0,0.9444444444444444,0.0,0.0,0.0
64,0,248,249,63,2,0,14,0,1.75,0.0,0.0,0.0
64,0,248,249,64,1,0,13,0,0.9285714285714286,0.0,0.0,0.0
64,1,24,25,20,4,4,3,0,1.7142857142857142,1.0,0.0,1.0
64,1,24,25,21,5,2,6,0,2.727272727272727,0.4,0.0,0.4
64,1,32,33,27,13,10,1,0,0.9285714285714286,0.7692307692307693,0.0,0.7692307692307693
64,1,40,41,31,2,1,1,0,0.6666666666666666,0.5,0.0,0.5
64,1,40,41,32,3,2,3,0,1.5,0.6666666666666666,0.0,0.6666666666666666
64,1,40,41,33,8,7,5,0,3.076923076923077,0.875,0.0,0.875
64,1,48,49,22,2,0,9,0,1.6363636363636365,0.0,0.0,0.0
64,1,48,49,23,1,0,10,0,0.9090909090909091,0.0,0.0,0.0
64,1,48,49,24,2,0,10,0,1.6666666666666667,0.0,0.0,0.0
64,1,48,49,25,1,0,11,0,0.9166666666666666,0.0,0.0,0.0
64,1,48,49,26,6,0,7,0,3.230769230769231,0.0,0.0,0.0
64,1,48,49,27,2,0,7,0,1.5555555555555556,0.0,0.0,0.0
64,1,48,49,28,5,0,4,0,2.2222222222222223,0.0,0.0,0.0
64,1,48,49,29,1,0,4,0,0.8,0.0,0.0,0.0
64,1,48,49,30,5,0,1,0,0.8333333333333334,0.0,0.0,0.0
64,1,48,49,36,2,0,1,0,0.6666666666666666,0.0,0.0,0.0
64,1,48,49,37,2,1,1,0,0.6666666666666666,0.5,0.0,0.5
64,1,48,49,39,3,0,1,1,0.75,0.0,1.0,-1.0
64,1,56,57,3,2,0,2,0,1.0,0.0,0.0,0.0
64,1,56,57,4,1,0,4,0,0.8,0.0,0.0,0.0
64,1,56,57,5,1,0,5,0,0.8333333333333334,0.0,0.0,0.0
64,1,56,57,7,2,0,5,0,1.4285714285714286,0.0,0.0,0.0
64,1,56,57,8,2,0,4,0,1.3333333333333333,0.0,0.0,0.0
64,1,56,57,9,1,0,4,0,0.8,0.0,0.0,0.0
64,1,56,57,10,2,0,4,0,1.3333333333333333,0.0,0.0,0.0
64,1,56,57,11,3,0,5,0,1.875,0.0,0.0,0.0
64,1,56,57,12,2,0,7,0,1.5555555555555556,0.0,0.0,0.0
64,1,56,57,13,3,0,6,0,2.0,0.0,0.0,0.0
64,1,56,57,14,1,0,6,0,0.8571428571428571,0.0,0.0,0.0
64,1,56,57,15,6,0,1,0,0.8571428571428571,0.0,0.0,0.0
64,1,56,57,31,2,0,12,0,1.7142857142857142,0.0,0.0,0.0
64,1,56,57,32,3,0,10,0,2.3076923076923075,0.0,0.0,0.0
64,1,56,57,33,1,0,9,0,0.9,0.0,0.0,0.0
64,1,56,57,34,2,0,6,0,1.5,0.0,0.0,0.0
64,1,56,57,35,2,0,3,0,1.2,0.0,0.0,0.0
64,1,56,57,36,2,0,1,0,0.6666666666666666,0.0,0.0,0.0
64,1,56,57,44,1,0,1,0,0.5,0.0,0.0,0.0
64,1,56,57,45,9,8,2,0,1.6363636363636365,0.8888888888888888,0.0,0.8888888888888888
64,1,64,65,12,3,0,12,0,2.4,0.0,0.0,0.0
64,1,64,65,14,2,0,9,0,1.6363636363636365,0.0,0.0,0.0
64,1,64,65,15,1,0,8,0,0.8888888888888888,0.0,0.0,0.0
64,1,64,65,40,2,0,3,0,1.2,0.0,0.0,0.0
64,1,64,65,41,1,0,4,0,0.8,0.0,0.0,0.0
64,1,64,65,42,5,0,1,0,0.8333333333333334,0.0,0.0,0.0
64,1,64,65,50,2,2,1,0,0.6666666666666666,1.0,0.0,1.0
64,1,64,65,51,4,4,3,0,1.7142857142857142,1.0,0.0,1.0
64,1,64,65,52,5,3,6,1,2.727272727272727,0.6,0.16666666666666666,0.43333333333333335
64,1,64,65,53,3,1,10,4,2.3076923076923075,0.3333333333333333,0.4,-0.06666666666666671
64,1,72,73,49,3,0,11,0,2.357142857142857,0.0,0.0,0.0
64,1,72,73,53,2,0,1,0,0.6666666666666666,0.0,0.0,0.0
64,1,72,73,54,3,0,2,0,1.2,0.0,0.0,0.0
64,1,72,73,55,2,0,3,0,1.2,0.0,0.0,0.0
64,1,72,73,56,3,0,2,0,1.2,0.0,0.0,0.0
64,1,72,73,57,4,3,4,0,2.0,0.75,0.0,0.75
64,1,72,73,58,3,1,7,0,2.1,0.3333333333333333,0.0,0.3333333333333333
64,1,72,73,59,13,11,8,0,4.9523809523809526,0.8461538461538461,0.0,0.8461538461538461
64,1,80,81,45,1,0,10,0,0.9090909090909091,0.0,0.0,0.0
64,1,80,81,47,3,0,10,0,2.3076923076923075,0.0,0.0,0.0
64,1,80,81,54,1,0,10,0,0.9090909090909091,0.0,0.0,0.0
64,1,80,81,55,2,0,8,0,1.6,0.0,0.0,0.0
64,1,80,81,56,3,0,6,0,2.0,0.0,0.0,0.0
64,1,80,81,57,2,0,5,0,1.4285714285714286,0.0,0.0,0.0
64,1,80,81,58,4,0,2,0,1.3333333333333333,0.0,0.0,0.0
64,1,80,81,66,6,5,2,0,1.5,0.8333333333333334,0.0,0.8333333333333334
64,1,80,81,67,21,15,5,0,4.038461538461538,0.7142857142857143,0.0,0.7142857142857143
64,1,80,81,68,3,0,24,1,2.6666666666666665,0.0,0.041666666666666664,-0.041666666666666664
64,1,80,81,69,5,2,23,1,4.107142857142857,0.4,0.043478260869565216,0.35652173913043483
64,1,80,81,71,2,0,23,0,1.84,0.0,0.0,0.0
64,1,88,89,47,1,1,12,0,0.9230769230769231,1.0,0.0,1.0
64,1,88,89,49,3,0,11,0,2.357142857142857,0.0,0.0,0.0
64,1,88,89,53,4,2,9,0,2.769230769230769,0.5,0.0,0.5
64,1,88,89,54,2,0,7,1,1.5555555555555556,0.0,0.14285714285714285,-0.14285714285714285
64,1,88,89,55,3,0,8,0,2.1818181818181817,0.0,0.0,0.0
64,1,88,89,56,5,0,10,0,3.3333333333333335,0.0,0.0,0.0
64,1,88,89,57,4,0,12,0,3.0,0.0,0.0,0.0
64,1,88,89,58,2,0,14,0,1.75,0.0,0.0,0.0
64,1,88,89,59,2,0,14,0,1.75,0.0,0.0,0.0
64,1,88,89,60,3,0,13,0,2.4375,0.0,0.0,0.0
64,1,88,89,61,2,0,13,0,1.7333333333333334,0.0,0.0,0.0
64,1,88,89,62,5,0,10,0,3.3333333333333335,0.0,0.0,0.0
64,1,88,89,63,3,0,10,0,2.3076923076923075,0.0,0.0,0.0
64,1,88,89,64,10,0,3,0,2.3076923076923075,0.0,0.0,0.0
64,1,88,89,65,5,0,2,0,1.4285714285714286,0.0,0.0,0.0
64,1,88,89,66,3,0,2,0,1.2,0.0,0.0,0.0
64,1,88,89,67,1,0,3,0,0.75,0.0,0.0,0.0
64,1,88,89,68,3,0,2,0,1.2,0.0,0.0,0.0
64,1,88,89,70,7,2,3,0,2.1,0.2857142857142857,0.0,0.2857142857142857
64,1,88,89,71,3,0,4,0,1.7142857142857142,0.0,0.0,0.0
64,1,88,89,72,3,1,6,0,2.0,0.3333333333333333,0.0,0.3333333333333333
64,1,88,89,73,8,2,7,0,3.7333333333333334,0.25,0.0,0.25
64,1,88,89,74,4,1,15,0,3.1578947368421053,0.25,0.0,0.25
64,1,88,89,75,6,5,19,0,4.56,0.8333333333333334,0.0,0.8333333333333334
64,1,88,89,76,2,0,24,0,1.8461538461538463,0.0,0.0,0.0
64,1,96,97,48,1,0,13,0,0.9285714285714286,0.0,0.0,0.0
64,1,96,97,50,2,0,11,0,1.6923076923076923,0.0,0.0,0.0
64,1,96,97,51,3,0,11,0,2.357142857142857,0.0,0.0,0.0
64,1,96,97,53,4,0,9,0,2.769230769230769,0.0,0.0,0.0
64,1,96,97,54,1,0,7,0,0.875,0.0,0.0,0.0
64,1,96,97,55,1,0,9,0,0.9,0.0,0.0,0.0
64,1,96,97,56,2,1,12,0,1.7142857142857142,0.5,0.0,0.5
64,1,96,97,57,2,0,14,0,1.75,0.0,0.0,0.0
64,1,96,97,58,4,1,16,0,3.2,0.25,0.0,0.25
64,1,96,97,60,1,0,21,0,0.9545454545454546,0.0,0.0,0.0
64,1,96,97,61,1,0,21,0,0.9545454545454546,0.0,0.0,0.0
64,1,96,97,62,1,0,21,0,0.9545454545454546,0.0,0.0,0.0
64,1,96,97,64,1,0,24,0,0.96,0.0,0.0,0.0
64,1,96,97,66,2,0,26,0,1.8571428571428572,0.0,0.0,0.0
64,1,96,97,68,4,0,25,0,3.4482758620689653,0.0,0.0,0.0
64,1,96,97,69,2,0,25,0,1.8518518518518519,0.0,0.0,0.0
64,1,96,97,70,4,0,21,0,3.36,0.0,0.0,0.0
64,1,96,97,71,1,0,20,0,0.9523809523809523,0.0,0.0,0.0
64,1,96,97,72,3,0,20,0,2.608695652173913,0.0,0.0,0.0
64,1,96,97,73,3,0,22,0,2.64,0.0,0.0,0.0
64,1,96,97,74,4,0,21,0,3.36,0.0,0.0,0.0
64,1,96,97,75,2,0,22,0,1.8333333333333333,0.0,0.0,0.0
64,1,96,97,76,1,0,23,0,0.9583333333333334,0.0,0.0,0.0
64,1,104,105,55,2,0,11,0,1.6923076923076923,0.0,0.0,0.0
64,1,104,105,56,2,0,13,0,1.7333333333333334,0.0,0.0,0.0
64,1,104,105,58,2,0,17,0,1.7894736842105263,0.0,0.0,0.0
64,1,104,105,59,2,0,19,0,1.8095238095238095,0.0,0.0,0.0
64,1,104,105,62,1,0,23,0,0.9583333333333334,0.0,0.0,0.0
64,1,104,105,64,3,0,24,0,2.6666666666666665,0.0,0.0,0.0
64,1,112,113,63,1,0,25,0,0.9615384615384616,0.0,0.0,0.0
64,1,112,113,65,2,0,25,0,1.8518518518518519,0.0,0.0,0.0
64,1,112,113,66,2,0,26,0,1.8571428571428572,0.0,0.0,0.0
64,1,112,113,67,3,0,26,0,2.689655172413793,0.0,0.0,0.0
64,1,120,121,73,2,0,23,0,1.84,0.0,0.0,0.0
64,1,120,121,75,2,0,24,0,1.8461538461538463,0.0,0.0,0.0
64,2,8,9,9,21,21,1,0,0.9545454545454546,1.0,0.0,1.0
64,2,16,17,15,20,20,1,0,0.9523809523809523,1.0,0.0,1.0
64,2,32,33,26,4,0,2,0,1.3333333333333333,0.0,0.0,0.0
64,2,32,33,27,9,5,5,0,3.2142857142857144,0.5555555555555556,0.0,0.5555555555555556
64,2,40,41,31,3,2,1,0,0.75,0.6666666666666666,0.0,0.6666666666666666
64,2,40,41,32,1,1,3,0,0.75,1.0,0.0,1.0
64,2,40,41,33,10,7,4,0,2.857142857142857,0.7,0.0,0.7
64,2,48,49,8,1,0,2,0,0.6666666666666666,0.0,0.0,0.0
64,2,48,49,9,3,0,1,0,0.75,0.0,0.0,0.0
64,2,48,49,32,2,1,1,0,0.6666666666666666,0.5,0.0,0.5
64,2,48,49,33,2,0,2,0,1.0,0.0,0.0,0.0
64,2,48,49,34,2,0,3,0,1.2,0.0,0.0,0.0
64,2,48,49,35,2,0,3,0,1.2,0.0,0.0,0.0
64,2,48,49,36,1,0,3,0,0.75,0.0,0.0,0.0
64,2,48,49,37,2,0,3,0,1.2,0.0,0.0,0.0
64,2,48,49,38,1,0,4,0,0.8,0.0,0.0,0.0
64,2,48,49,39,5,4,4,0,2.2222222222222223,0.8,0.0,0.8
64,2,56,57,13,1,0,11,0,0.9166666666666666,0.0,0.0,0.0
64,2,56,57,14,1,0,11,0,0.9166666666666666,0.0,0.0,0.0
64,2,56,57,15,2,0,10,0,1.6666666666666667,0.0,0.0,0.0
64,2,56,57,16,2,0,9,0,1.6363636363636365,0.0,0.0,0.0
64,2,56,57,17,5,0,5,0,2.5,0.0,0.0,0.0
64,2,56,57,18,1,0,5,0,0.8333333333333334,0.0,0.0,0.0
64,2,56,57,34,3,1,1,0,0.75,0.3333333333333333,0.0,0.3333333333333333
64,2,56,57,35,1,0,2,0,0.6666666666666666,0.0,0.0,0.0
64,2,56,57,37,1,0,2,0,0.6666666666666666,0.0,0.0,0.0
64,2,56,57,38,2,1,2,0,1.0,0.5,0.0,0.5
64,2,56,57,39,1,0,3,0,0.75,0.0,0.0,0.0
64,2,56,57,40,1,0,3,0,0.75,0.0,0.0,0.0
64,2,56,57,41,1,0,3,0,0.75,0.0,0.0,0.0
64,2,56,57,42,1,1,3,0,0.75,1.0,0.0,1.0
64,2,56,57,43,2,1,3,0,1.2,0.5,0.0,0.5
64,2,56,57,44,1,1,6,0,0.8571428571428571,1.0,0.0,1.0
64,2,56,57,45,6,6,8,0,3.4285714285714284,1.0,0.0,1.0
64,2,64,65,3,3,0,1,0,0.75,0.0,0.0,0.0
64,2,64,65,4,1,0,1,0,0.5,0.0,0.0,0.0
64,2,64,65,5,1,0,3,0,0.75,0.0,0.0,0.0
64,2,64,65,22,3,0,6,0,2.0,0.0,0.0,0.0
64,2,64,65,23,2,0,4,0,1.3333333333333333,0.0,0.0,0.0
64,2,64,65,24,3,1,1,0,0.75,0.3333333333333333,0.0,0.3333333333333333
64,2,64,65,39,1,0,1,0,0.5,0.0,0.0,0.0
64,2,64,65,40,2,1,1,0,0.6666666666666666,0.5,0.0,0.5
64,2,64,65,41,1,0,2,0,0.6666666666666666,0.0,0.0,0.0
64,2,64,65,42,1,0,2,0,0.6666666666666666,0.0,0.0,0.0
64,2,64,65,43,1,1,2,0,0.6666666666666666,1.0,0.0,1.0
64,2,64,65,45,3,1,2,0,1.2,0.3333333333333333,0.0,0.3333333333333333
64,2,64,65,48,1,0,9,0,0.9,0.0,0.0,0.0
64,2,64,65,50,1,0,12,0,0.9230769230769231,0.0,0.0,0.0
64,2,64,65,51,5,4,14,0,3.6842105263157894,0.8,0.0,0.8
64,2,64,65,52,3,2,19,0,2.590909090909091,0.6666666666666666,0.0,0.6666666666666666
64,2,64,65,53,5,4,23,0,4.107142857142857,0.8,0.0,0.8
64,2,72,73,2,2,0,2,0,1.0,0.0,0.0,0.0
64,2,72,73,4,2,0,4,0,1.3333333333333333,0.0,0.0,0.0
64,2,72,73,5,1,0,6,0,0.8571428571428571,0.0,0.0,0.0
64,2,72,73,6,5,0,8,0,3.076923076923077,0.0,0.0,0.0
64,2,72,73,7,2,0,13,0,1.7333333333333334,0.0,0.0,0.0
64,2,72,73,8,3,0,14,0,2.4705882352941178,0.0,0.0,0.0
64,2,72,73,9,1,0,16,0,0.9411764705882353,0.0,0.0,0.0
64,2,72,73,10,3,0,15,0,2.5,0.0,0.0,0.0
64,2,72,73,11,1,0,17,0,0.9444444444444444,0.0,0.0,0.0
64,2,72,73,12,2,0,16,0,1.7777777777777777,0.0,0.0,0.0
64,2,72,73,13,2,0,16,0,1.7777777777777777,0.0,0.0,0.0
64,2,72,73,14,2,0,15,0,1.7647058823529411,0.0,0.0,0.0
64,2,72,73,15,1,0,15,0,0.9375,0.0,0.0,0.0
64,2,72,73,16,1,0,14,0,0.9333333333333333,0.0,0.0,0.0
64,2,72,73,24,4,0,3,0,1.7142857142857142,0.0,0.0,0.0
64,2,72,73,25,1,0,2,0,0.6666666666666666,0.0,0.0,0.0
64,2,72,73,26,1,0,1,0,0.5,0.0,0.0,0.0
64,2,72,73,48,1,1,1,0,0.5,1.0,0.0,1.0
64,2,72,73,49,2,1,2,0,1.0,0.5,0.0,0.5
64,2,72,73,50,1,0,4,0,0.8,0.0,0.0,0.0
64,2,72,73,51,2,1,5,0,1.4285714285714286,0.5,0.0,0.5
64,2,72,73,52,3,1,7,0,2.1,0.3333333333333333,0.0,0.3333333333333333
64,2,72,73,53,3,2,10,0,2.3076923076923075,0.6666666666666666,0.0,0.6666666666666666
64,2,72,73,54,1,0,12,0,0.9230769230769231,0.0,0.0,0.0
64,2,72,73,55,4,2,12,0,3.0,0.5,0.0,0.5
64,2,72,73,56,3,1,14,0,2.4705882352941178,0.3333333333333333,0.0,0.3333333333333333
64,2,72,73,57,7,4,15,0,4.7727272727272725,0.5714285714285714,0.0,0.5714285714285714
64,2,72,73,58,1,0,21,0,0.9545454545454546,0.0,0.0,0.0
64,2,72,73,59,3,2,20,0,2.608695652173913,0.6666666666666666,0.0,0.6666666666666666
64,2,80,81,10,2,0,21,0,1.826086956521739,0.0,0.0,0.0
64,2,80,81,12,3,0,21,0,2.625,0.0,0.0,0.0
64,2,80,81,14,1,0,20,0,0.9523809523809523,0.0,0.0,0.0
64,2,80,81,15,1,0,20,0,0.9523809523809523,0.0,0.0,0.0
64,2,80,81,19,1,0,16,0,0.9411764705882353,0.0,0.0,0.0
64,2,80,81,21,1,0,11,0,0.9166666666666666,0.0,0.0,0.0
64,2,80,81,22,2,0,10,0,1.6666666666666667,0.0,0.0,0.0
64,2,80,81,24,4,0,10,0,2.857142857142857,0.0,0.0,0.0
64,2,80,81,25,2,0,11,0,1.6923076923076923,0.0,0.0,0.0
64,2,80,81,26,3,0,9,0,2.25,0.0,0.0,0.0
64,2,80,81,28,2,0,9,0,1.6363636363636365,0.0,0.0,0.0
64,2,80,81,30,2,0,10,0,1.6666666666666667,0.0,0.0,0.0
64,2,80,81,32,1,0,11,0,0.9166666666666666,0.0,0.0,0.0
64,2,80,81,34,1,0,12,0,0.9230769230769231,0.0,0.0,0.0
64,2,80,81,36,2,0,9,0,1.6363636363636365,0.0,0.0,0.0
64,2,80,81,40,2,0,4,0,1.3333333333333333,0.0,0.0,0.0
64,2,80,81,50,1,1,1,0,0.5,1.0,0.0,1.0
64,2,80,81,52,1,0,2,0,0.6666666666666666,0.0,0.0,0.0
64,2,80,81,53,3,0,1,0,0.75,0.0,0.0,0.0
64,2,80,81,54,3,0,1,0,0.75,0.0,0.0,0.0
64,2,80,81,55,6,2,3,0,2.0,0.3333333333333333,0.0,0.3333333333333333
64,2,80,81,56,5,1,7,0,2.9166666666666665,0.2,0.0,0.2
64,2,80,81,57,6,1,10,0,3.75,0.16666666666666666,0.0,0.16666666666666666
64,2,80,81,58,2,0,14,0,1.75,0.0,0.0,0.0
64,2,80,81,59,3,1,13,0,2.4375,0.3333333333333333,0.0,0.3333333333333333
64,2,80,81,60,2,1,12,0,1.7142857142857142,0.5,0.0,0.5
64,2,80,81,61,5,2,9,0,3.2142857142857144,0.4,0.0,0.4
64,2,80,81,62,6,1,11,0,3.8823529411764706,0.16666666666666666,0.0,0.16666666666666666
64,2,80,81,63,1,0,17,0,0.9444444444444444,0.0,0.0,0.0
64,2,88,89,26,2,0,12,0,1.7142857142857142,0.0,0.0,0.0
64,2,88,89,27,1,0,12,0,0.9230769230769231,0.0,0.0,0.0
64,2,88,89,28,1,0,12,0,0.9230769230769231,0.0,0.0,0.0
64,2,88,89,29,2,0,12,0,1.7142857142857142,0.0,0.0,0.0
64,2,88,89,37,1,0,9,0,0.9,0.0,0.0,0.0
64,2,88,89,49,3,0,2,0,1.2,0.0,0.0,0.0
64,2,88,89,51,3,0,5,0,1.875,0.0,0.0,0.0
64,2,88,89,52,3,1,7,0,2.1,0.3333333333333333,0.0,0.3333333333333333
64,2,88,89,53,2,0,8,0,1.6,0.0,0.0,0.0
64,2,88,89,54,3,0,8,0,2.1818181818181817,0.0,0.0,0.0
64,2,88,89,55,2,0,9,0,1.6363636363636365,0.0,0.0,0.0
64,2,88,89,56,3,2,10,0,2.3076923076923075,0.6666666666666666,0.0,0.6666666666666666
64,2,88,89,57,2,0,12,0,1.7142857142857142,0.0,0.0,0.0
64,2,88,89,58,1,0,13,0,0.9285714285714286,0.0,0.0,0.0
64,2,88,89,59,2,0,12,0,1.7142857142857142,0.0,0.0,0.0
64,2,88,89,60,1,0,11,0,0.9166666666666666,0.0,0.0,0.0
64,2,88,89,61,2,0,9,0,1.6363636363636365,0.0,0.0,0.0
64,2,88,89,62,2,0,9,0,1.6363636363636365,0.0,0.0,0.0
64,2,88,89,63,4,1,9,0,2.769230769230769,0.25,0.0,0.25
64,2,88,89,64,3,3,13,1,2.4375,1.0,0.07692307692307693,0.9230769230769231
64,2,88,89,65,7,2,11,0,4.277777777777778,0.2857142857142857,0.0,0.2857142857142857
64,2,88,89,66,5,1,13,1,3.611111111111111,0.2,0.07692307692307693,0.12307692307692308
64,2,88,89,67,1,0,19,0,0.95,0.0,0.0,0.0
64,2,88,89,68,3,0,21,0,2.625,0.0,0.0,0.0
64,2,96,97,38,1,0,8,0,0.8888888888888888,0.0,0.0,0.0
64,2,96,97,39,1,0,7,0,0.875,0.0,0.0,0.0
64,2,96,97,42,1,0,4,0,0.8,0.0,0.0,0.0
64,2,96,97,48,1,0,8,0,0.8888888888888888,0.0,0.0,0.0
64,2,96,97,49,1,0,8,0,0.8888888888888888,0.0,0.0,0.0
64,2,96,97,50,1,0,9,0,0.9,0.0,0.0,0.0
64,2,96,97,51,1,0,10,0,0.9090909090909091,0.0,0.0,0.0
64,2,96,97,52,3,0,9,0,2.25,0.0,0.0,0.0
64,2,96,97,53,2,0,10,0,1.6666666666666667,0.0,0.0,0.0
64,2,96,97,54,3,1,10,0,2.3076923076923075,0.3333333333333333,0.0,0.3333333333333333
64,2,96,97,55,2,0,11,0,1.6923076923076923,0.0,0.0,0.0
64,2,96,97,56,5,2,10,0,3.3333333333333335,0.4,0.0,0.4
64,2,96,97,57,1,0,13,0,0.9285714285714286,0.0,0.0,0.0
64,2,96,97,58,4,1,13,0,3.0588235294117645,0.25,0.0,0.25
64,2,96,97,59,1,0,15,0,0.9375,0.0,0.0,0.0
64,2,96,97,60,3,1,13,0,2.4375,0.3333333333333333,0.0,0.3333333333333333
64,2,96,97,61,1,0,12,0,0.9230769230769231,0.0,0.0,0.0
64,2,96,97,62,2,0,12,0,1.7142857142857142,0.0,0.0,0.0
64,2,96,97,64,4,2,15,0,3.1578947368421053,0.5,0.0,0.5
64,2,96,97,65,2,0,17,0,1.7894736842105263,0.0,0.0,0.0
64,2,96,97,66,4,0,16,0,3.2,0.0,0.0,0.0
64,2,96,97,68,2,0,22,0,1.8333333333333333,0.0,0.0,0.0
64,2,104,105,42,3,0,7,0,2.1,0.0,0.0,0.0
64,2,104,105,43,2,0,6,0,1.5,0.0,0.0,0.0
64,2,104,105,44,2,0,7,0,1.5555555555555556,0.0,0.0,0.0
64,2,104,105,45,1,0,9,0,0.9,0.0,0.0,0.0
64,2,104,105,46,1,0,11,0,0.9166666666666666,0.0,0.0,0.0
64,2,104,105,47,2,0,11,0,1.6923076923076923,0.0,0.0,0.0
64,2,104,105,48,4,0,10,0,2.857142857142857,0.0,0.0,0.0
64,2,104,105,49,1,0,11,0,0.9166666666666666,0.0,0.0,0.0
64,2,104,105,50,2,0,11,0,1.6923076923076923,0.0,0.0,0.0
64,2,104,105,51,3,0,10,0,2.3076923076923075,0.0,0.0,0.0
64,2,104,105,52,3,1,10,0,2.3076923076923075,0.3333333333333333,0.0,0.3333333333333333
64,2,104,105,53,1,0,10,0,0.9090909090909091,0.0,0.0,0.0
64,2,104,105,54,1,0,10,0,0.9090909090909091,0.0,0.0,0.0
64,2,104,105,55,1,0,10,0,0.9090909090909091,0.0,0.0,0.0
64,2,104,105,57,3,0,11,0,2.357142857142857,0.0,0.0,0.0
64,2,104,105,58,3,1,12,0,2.4,0.3333333333333333,0.0,0.3333333333333333
64,2,104,105,59,1,0,13,0,0.9285714285714286,0.0,0.0,0.0
64,2,104,105,60,4,0,11,0,2.933333333333333,0.0,0.0,0.0
64,2,104,105,61,2,0,11,0,1.6923076923076923,0.0,0.0,0.0
64,2,104,105,62,2,0,12,0,1.7142857142857142,0.0,0.0,0.0
64,2,104,105,63,2,0,13,0,1.7333333333333334,0.0,0.0,0.0
64,2,104,105,64,4,0,13,0,3.0588235294117645,0.0,0.0,0.0
64,2,104,105,65,2,0,16,0,1.7777777777777777,0.0,0.0,0.0
64,2,112,113,47,3,0,15,0,2.5,0.0,0.0,0.0
64,2,112,113,48,1,0,17,0,0.9444444444444444,0.0,0.0,0.0
64,2,112,113,49,5,0,15,0,3.75,0.0,0.0,0.0
64,2,112,113,50,4,0,17,0,3.238095238095238,0.0,0.0,0.0
64,2,112,113,51,4,0,18,0,3.272727272727273,0.0,0.0,0.0
64,2,112,113,52,7,1,17,0,4.958333333333333,0.14285714285714285,0.0,0.14285714285714285
64,2,112,113,53,4,0,18,0,3.272727272727273,0.0,0.0,0.0
64,2,112,113,54,5,1,18,0,3.9130434782608696,0.2,0.0,0.2
64,2,112,113,55,4,0,19,0,3.3043478260869565,0.0,0.0,0.0
64,2,112,113,56,6,1,16,0,4.363636363636363,0.16666666666666666,0.0,0.16666666666666666
64,2,112,113,57,3,0,16,0,2.526315789473684,0.0,0.0,0.0
64,2,112,113,58,6,1,13,0,4.105263157894737,0.16666666666666666,0.0,0.16666666666666666
64,2,112,113,59,2,0,12,0,1.7142857142857142,0.0,0.0,0.0
64,2,112,113,60,5,2,10,0,3.3333333333333335,0.4,0.0,0.4
64,2,112,113,61,1,0,10,0,0.9090909090909091,0.0,0.0,0.0
64,2,112,113,62,4,2,11,0,2.933333333333333,0.5,0.0,0.5
64,2,112,113,63,1,0,14,0,0.9333333333333333,0.0,0.0,0.0
64,2,112,113,64,4,3,14,0,3.111111111111111,0.75,0.0,0.75
64,2,112,113,65,2,0,16,0,1.7777777777777777,0.0,0.0,0.0
64,2,112,113,66,1,0,18,0,0.9473684210526315,0.0,0.0,0.0
64,2,112,113,67,1,0,20,0,0.9523809523809523,0.0,0.0,0.0
64,2,112,113,68,1,0,22,0,0.9565217391304348,0.0,0.0,0.0
64,2,112,113,70,1,0,24,0,0.96,0.0,0.0,0.0
64,2,120,121,52,3,0,24,0,2.6666666666666665,0.0,0.0,0.0
64,2,120,121,53,2,0,24,0,1.8461538461538463,0.0,0.0,0.0
64,2,120,121,54,2,0,23,0,1.84,0.0,0.0,0.0
64,2,120,121,56,2,0,22,0,1.8333333333333333,0.0,0.0,0.0
64,2,120,121,57,1,0,21,0,0.9545454545454546,0.0,0.0,0.0
64,2,120,121,59,1,0,19,0,0.95,0.0,0.0,0.0
64,2,120,121,60,1,0,17,0,0.9444444444444444,0.0,0.0,0.0
64,2,120,121,61,1,0,15,0,0.9375,0.0,0.0,0.0
64,2,120,121,62,2,0,15,0,1.7647058823529411,0.0,0.0,0.0
64,2,120,121,63,1,0,16,0,0.9411764705882353,0.0,0.0,0.0
64,2,120,121,64,5,0,14,0,3.6842105263157894,0.0,0.0,0.0
64,2,120,121,65,2,0,16,0,1.7777777777777777,0.0,0.0,0.0
64,2,120,121,66,1,0,18,0,0.9473684210526315,0.0,0.0,0.0
64,2,120,121,67,1,0,20,0,0.9523809523809523,0.0,0.0,0.0
64,2,120,121,68,1,0,22,0,0.9565217391304348,0.0,0.0,0.0
64,2,120,121,70,1,0,24,0,0.96,0.0,0.0,0.0
64,2,128,129,52,2,0,25,0,1.8518518518518519,0.0,0.0,0.0
64,2,128,129,53,2,0,25,0,1.8518518518518519,0.0,0.0,0.0
64,2,128,129,54,2,0,24,0,1.8461538461538463,0.0,0.0,0.0
64,2,128,129,55,1,0,24,0,0.96,0.0,0.0,0.0
64,2,128,129,56,2,0,22,0,1.8333333333333333,0.0,0.0,0.0
64,2,128,129,58,1,1,21,0,0.9545454545454546,1.0,0.0,1.0
64,2,128,129,59,1,0,19,0,0.95,0.0,0.0,0.0
64,2,128,129,60,2,1,17,0,1.7894736842105263,0.5,0.0,0.5
64,2,128,129,61,1,0,15,0,0.9375,0.0,0.0,0.0
64,2,128,129,62,2,0,15,0,1.7647058823529411,0.0,0.0,0.0
64,2,128,129,63,1,0,16,0,0.9411764705882353,0.0,0.0,0.0
64,2,128,129,64,2,0,17,0,1.7894736842105263,0.0,0.0,0.0
64,2,128,129,66,2,1,19,0,1.8095238095238095,0.5,0.0,0.5
64,2,128,129,67,1,0,20,0,0.9523809523809523,0.0,0.0,0.0
64,2,128,129,68,1,0,22,0,0.9565217391304348,0.0,0.0,0.0
64,2,128,129,70,1,0,24,0,0.96,0.0,0.0,0.0
64,2,136,137,54,3,0,25,0,2.6785714285714284,0.0,0.0,0.0
64,2,136,137,55,1,0,25,0,0.9615384615384616,0.0,0.0,0.0
64,2,136,137,56,2,0,23,0,1.84,0.0,0.0,0.0
64,2,136,137,57,1,0,22,0,0.9565217391304348,0.0,0.0,0.0
64,2,136,137,58,1,0,21,0,0.9545454545454546,0.0,0.0,0.0
64,2,136,137,60,2,0,18,0,1.8,0.0,0.0,0.0
64,2,136,137,61,1,0,16,0,0.9411764705882353,0.0,0.0,0.0
64,2,136,137,62,2,0,16,0,1.7777777777777777,0.0,0.0,0.0
64,2,136,137,66,2,0,19,0,1.8095238095238095,0.0,0.0,0.0
64,2,136,137,67,1,0,20,0,0.9523809523809523,0.0,0.0,0.0
64,2,136,137,68,1,0,22,0,0.9565217391304348,0.0,0.0,0.0
64,2,136,137,70,1,0,24,0,0.96,0.0,0.0,0.0
64,3,24,25,20,6,3,1,0,0.8571428571428571,0.5,0.0,0.5
64,3,24,25,21,11,7,6,1,3.8823529411764706,0.6363636363636364,0.16666666666666666,0.4696969696969697
64,3,32,33,25,5,4,3,0,1.875,0.8,0.0,0.8
64,3,32,33,26,4,4,10,0,2.857142857142857,1.0,0.0,1.0
64,3,32,33,27,20,14,14,0,8.235294117647058,0.7,0.0,0.7
64,3,40,41,28,4,1,8,0,2.6666666666666665,0.25,0.0,0.25
64,3,40,41,29,1,0,13,1,0.9285714285714286,0.0,0.07692307692307693,-0.07692307692307693
64,3,40,41,30,3,0,14,0,2.4705882352941178,0.0,0.0,0.0
64,3,40,41,31,6,1,17,0,4.434782608695652,0.16666666666666666,0.0,0.16666666666666666
64,3,40,41,32,6,2,21,0,4.666666666666667,0.3333333333333333,0.0,0.3333333333333333
64,3,40,41,33,9,3,24,0,6.545454545454546,0.3333333333333333,0.0,0.3333333333333333
64,3,48,49,27,3,2,2,0,1.2,0.6666666666666666,0.0,0.6666666666666666
64,3,48,49,28,4,1,4,0,2.0,0.25,0.0,0.25
64,3,48,49,29,2,0,9,0,1.6363636363636365,0.0,0.0,0.0
64,3,48,49,30,4,1,11,0,2.933333333333333,0.25,0.0,0.25
64,3,48,49,31,4,0,14,0,3.111111111111111,0.0,0.0,0.0
64,3,48,49,32,7,3,13,0,4.55,0.42857142857142855,0.0,0.42857142857142855
64,3,48,49,33,2,0,16,0,1.7777777777777777,0.0,0.0,0.0
64,3,48,49,34,7,2,15,0,4.7727272727272725,0.2857142857142857,0.0,0.2857142857142857
64,3,48,49,35,4,1,17,0,3.238095238095238,0.25,0.0,0.25
64,3,48,49,36,2,0,19,0,1.8095238095238095,0.0,0.0,0.0
64,3,48,49,37,1,0,19,0,0.95,0.0,0.0,0.0
64,3,48,49,38,1,0,17,0,0.9444444444444444,0.0,0.0,0.0
64,3,56,57,32,4,1,1,0,0.8,0.25,0.0,0.25
64,3,56,57,33,10,7,2,0,1.6666666666666667,0.7,0.0,0.7
64,3,56,57,34,4,0,8,0,2.6666666666666665,0.0,0.0,0.0
64,3,56,57,35,6,2,9,0,3.6,0.3333333333333333,0.0,0.3333333333333333
64,3,56,57,36,4,1,13,0,3.0588235294117645,0.25,0.0,0.25
64,3,56,57,37,1,0,15,1,0.9375,0.0,0.06666666666666667,-0.06666666666666667
64,3,56,57,39,2,1,11,0,1.6923076923076923,0.5,0.0,0.5
64,3,56,57,40,2,1,9,0,1.6363636363636365,0.5,0.0,0.5
64,3,56,57,44,1,1,8,0,0.8888888888888888,1.0,0.0,1.0
64,3,56,57,45,3,3,9,0,2.25,1.0,0.0,1.0
64,3,56,57,46,1,0,13,0,0.9285714285714286,0.0,0.0,0.0
64,3,64,65,39,1,0,1,0,0.5,0.0,0.0,0.0
64,3,64,65,40,3,1,1,0,0.75,0.3333333333333333,0.0,0.3333333333333333
64,3,64,65,41,2,1,3,0,1.2,0.5,0.0,0.5
64,3,64,65,42,1,1,6,0,0.8571428571428571,1.0,0.0,1.0
64,3,64,65,43,1,1,7,0,0.875,1.0,0.0,1.0
64,3,64,65,49,1,0,11,0,0.9166666666666666,0.0,0.0,0.0
64,3,64,65,50,2,1,14,0,1.75,0.5,0.0,0.5
64,3,64,65,51,2,1,19,0,1.8095238095238095,0.5,0.0,0.5
64,3,64,65,52,5,3,24,0,4.137931034482759,0.6,0.0,0.6
64,3,64,65,53,4,2,32,0,3.5555555555555554,0.5,0.0,0.5
64,3,72,73,41,2,0,1,0,0.6666666666666666,0.0,0.0,0.0
64,3,72,73,43,1,0,4,0,0.8,0.0,0.0,0.0
64,3,72,73,50,1,0,14,0,0.9333333333333333,0.0,0.0,0.0
64,3,72,73,51,1,0,17,0,0.9444444444444444,0.0,0.0,0.0
64,3,72,73,52,2,1,20,0,1.8181818181818181,0.5,0.0,0.5
64,3,72,73,54,2,1,27,0,1.8620689655172413,0.5,0.0,0.5
64,3,72,73,55,2,0,28,0,1.8666666666666667,0.0,0.0,0.0
64,3,72,73,56,4,2,27,0,3.4838709677419355,0.5,0.0,0.5
64,3,72,73,57,6,1,28,0,4.9411764705882355,0.16666666666666666,0.0,0.16666666666666666
64,3,72,73,58,1,0,34,0,0.9714285714285714,0.0,0.0,0.0
64,3,72,73,59,4,2,35,0,3.58974358974359,0.5,0.0,0.5
64,3,72,73,60,1,1,38,0,0.9743589743589743,1.0,0.0,1.0
64,3,80,81,19,1,0,2,0,0.6666666666666666,0.0,0.0,0.0
64,3,80,81,20,2,0,3,0,1.2,0.0,0.0,0.0
64,3,80,81,21,1,0,5,0,0.8333333333333334,0.0,0.0,0.0
64,3,80,81,22,2,0,6,0,1.5,0.0,0.0,0.0
64,3,80,81,23,1,0,8,0,0.8888888888888888,0.0,0.0,0.0
64,3,80,81,24,2,0,9,0,1.6363636363636365,0.0,0.0,0.0
64,3,80,81,26,2,0,10,0,1.6666666666666667,0.0,0.0,0.0
64,3,80,81,27,2,0,10,0,1.6666666666666667,0.0,0.0,0.0
64,3,80,81,29,1,0,10,0,0.9090909090909091,0.0,0.0,0.0
64,3,80,81,31,1,0,9,0,0.9,0.0,0.0,0.0
64,3,80,81,32,1,0,9,0,0.9,0.0,0.0,0.0
64,3,80,81,40,1,0,1,0,0.5,0.0,0.0,0.0
64,3,80,81,41,1,0,1,0,0.5,0.0,0.0,0.0
64,3,80,81,45,1,0,1,0,0.5,0.0,0.0,0.0
64,3,80,81,46,3,0,2,0,1.2,0.0,0.0,0.0
64,3,80,81,47,4,1,4,0,2.0,0.25,0.0,0.25
64,3,80,81,48,1,0,8,0,0.8888888888888888,0.0,0.0,0.0
64,3,80,81,49,2,0,8,0,1.6,0.0,0.0,0.0
64,3,80,81,50,1,0,12,0,0.9230769230769231,0.0,0.0,0.0
64,3,80,81,51,4,1,14,0,3.111111111111111,0.25,0.0,0.25
64,3,80,81,52,1,0,20,0,0.9523809523809523,0.0,0.0,0.0
64,3,80,81,53,2,0,23,0,1.84,0.0,0.0,0.0
64,3,80,81,54,4,1,23,0,3.4074074074074074,0.25,0.0,0.25
64,3,80,81,55,2,0,25,0,1.8518518518518519,0.0,0.0,0.0
64,3,80,81,56,3,1,25,0,2.6785714285714284,0.3333333333333333,0.0,0.3333333333333333
64,3,80,81,57,1,0,27,0,0.9642857142857143,0.0,0.0,0.0
64,3,80,81,58,6,3,24,0,4.8,0.5,0.0,0.5
64,3,80,81,59,1,0,27,0,0.9642857142857143,0.0,0.0,0.0
64,3,80,81,60,5,1,24,0,4.137931034482759,0.2,0.0,0.2
64,3,80,81,62,4,0,23,0,3.4074074074074074,0.0,0.0,0.0
64,3,80,81,63,2,1,23,0,1.84,0.5,0.0,0.5
64,3,80,81,65,3,1,16,0,2.526315789473684,0.3333333333333333,0.0,0.3333333333333333
64,3,80,81,67,4,4,11,0,2.933333333333333,1.0,0.0,1.0
64,3,80,81,68,1,1,10,0,0.9090909090909091,1.0,0.0,1.0
64,3,80,81,69,11,10,7,1,4.277777777777778,0.9090909090909091,0.14285714285714285,0.7662337662337662
64,3,80,81,71,4,4,12,0,3.0,1.0,0.0,1.0
64,3,88,89,16,2,0,2,0,1.0,0.0,0.0,0.0
64,3,88,89,24,1,0,12,0,0.9230769230769231,0.0,0.0,0.0
64,3,88,89,40,1,0,2,0,0.6666666666666666,0.0,0.0,0.0
64,3,88,89,41,1,0,2,0,0.6666666666666666,0.0,0.0,0.0
64,3,88,89,51,1,0,17,0,0.9444444444444444,0.0,0.0,0.0
64,3,88,89,52,1,0,20,0,0.9523809523809523,0.0,0.0,0.0
64,3,88,89,53,1,0,23,0,0.9583333333333334,0.0,0.0,0.0
64,3,88,89,54,2,0,25,0,1.8518518518518519,0.0,0.0,0.0
64,3,88,89,55,2,0,26,0,1.8571428571428572,0.0,0.0,0.0
64,3,88,89,56,1,1,27,0,0.9642857142857143,1.0,0.0,1.0
64,3,88,89,58,3,3,26,0,2.689655172413793,1.0,0.0,1.0
64,3,88,89,59,2,0,27,0,1.8620689655172413,0.0,0.0,0.0
64,3,88,89,60,2,0,26,0,1.8571428571428572,0.0,0.0,0.0
64,3,88,89,61,1,0,26,0,0.9629629629629629,0.0,0.0,0.0
64,3,88,89,62,2,1,25,0,1.8518518518518519,0.5,0.0,0.5
64,3,88,89,63,1,0,23,0,0.9583333333333334,0.0,0.0,0.0
64,3,88,89,64,2,0,18,0,1.8,0.0,0.0,0.0
64,3,88,89,68,1,0,6,0,0.8571428571428571,0.0,0.0,0.0
64,3,88,89,69,2,0,4,0,1.3333333333333333,0.0,0.0,0.0
64,3,88,89,70,4,0,4,0,2.0,0.0,0.0,0.0
64,3,88,89,71,1,0,6,0,0.8571428571428571,0.0,0.0,0.0
64,3,88,89,72,2,0,5,0,1.4285714285714286,0.0,0.0,0.0
64,3,88,89,73,1,0,5,0,0.8333333333333334,0.0,0.0,0.0
64,3,88,89,74,1,0,5,0,0.8333333333333334,0.0,0.0,0.0
64,3,88,89,75,2,0,5,0,1.4285714285714286,0.0,0.0,0.0
64,3,88,89,77,1,0,5,0,0.8333333333333334,0.0,0.0,0.0
64,3,96,97,6,5,0,13,0,3.611111111111111,0.0,0.0,0.0
64,3,96,97,7,2,0,12,0,1.7142857142857142,0.0,0.0,0.0
64,3,96,97,8,4,0,9,0,2.769230769230769,0.0,0.0,0.0
64,3,96,97,9,1,0,7,0,0.875,0.0,0.0,0.0
64,3,96,97,10,3,0,3,0,1.5,0.0,0.0,0.0
64,3,96,97,11,1,0,1,0,0.5,0.0,0.0,0.0
64,3,96,97,26,6,0,17,0,4.434782608695652,0.0,0.0,0.0
64,3,96,97,27,2,0,21,0,1.826086956521739,0.0,0.0,0.0
64,3,96,97,28,8,0,20,0,5.714285714285714,0.0,0.0,0.0
64,3,96,97,29,2,0,28,0,1.8666666666666667,0.0,0.0,0.0
64,3,96,97,30,5,0,25,0,4.166666666666667,0.0,0.0,0.0
64,3,96,97,31,3,0,24,0,2.6666666666666665,0.0,0.0,0.0
64,3,96,97,32,5,0,21,0,4.038461538461538,0.0,0.0,0.0
64,3,96,97,33,2,0,20,0,1.8181818181818181,0.0,0.0,0.0
64,3,96,97,34,9,0,12,0,5.142857142857143,0.0,0.0,0.0
64,3,96,97,35,3,0,11,0,2.357142857142857,0.0,0.0,0.0
64,3,96,97,36,4,0,6,0,2.4,0.0,0.0,0.0
64,3,96,97,37,1,0,5,0,0.8333333333333334,0.0,0.0,0.0
64,3,96,97,40,1,0,2,0,0.6666666666666666,0.0,0.0,0.0
64,3,96,97,43,1,0,6,0,0.8571428571428571,0.0,0.0,0.0
64,3,96,97,44,1,0,7,0,0.875,0.0,0.0,0.0
64,3,96,97,46,2,0,9,0,1.6363636363636365,0.0,0.0,0.0
64,3,96,97,47,1,0,10,0,0.9090909090909091,0.0,0.0,0.0
64,3,96,97,48,2,0,11,0,1.6923076923076923,0.0,0.0,0.0
64,3,96,97,49,1,0,11,0,0.9166666666666666,0.0,0.0,0.0
64,3,96,97,52,1,0,20,0,0.9523809523809523,0.0,0.0,0.0
64,3,96,97,53,1,0,23,0,0.9583333333333334,0.0,0.0,0.0
64,3,96,97,54,2,0,25,0,1.8518518518518519,0.0,0.0,0.0
64,3,96,97,55,1,0,26,0,0.9629629629629629,0.0,0.0,0.0
64,3,96,97,56,1,0,27,0,0.9642857142857143,0.0,0.0,0.0
64,3,96,97,58,1,0,29,0,0.9666666666666667,0.0,0.0,0.0
64,3,96,97,60,3,0,31,0,2.735294117647059,0.0,0.0,0.0
64,3,96,97,61,2,0,32,0,1.8823529411764706,0.0,0.0,0.0
64,3,96,97,62,1,0,33,0,0.9705882352941176,0.0,0.0,0.0
64,3,96,97,63,1,0,32,0,0.9696969696969697,0.0,0.0,0.0
64,3,96,97,64,2,0,29,0,1.8709677419354838,0.0,0.0,0.0
64,3,96,97,65,1,0,26,0,0.9629629629629629,0.0,0.0,0.0
64,3,96,97,66,3,0,21,0,2.625,0.0,0.0,0.0
64,3,96,97,67,2,0,17,0,1.7894736842105263,0.0,0.0,0.0
64,3,96,97,68,1,0,14,0,0.9333333333333333,0.0,0.0,0.0
64,3,96,97,69,2,0,11,0,1.6923076923076923,0.0,0.0,0.0
64,3,96,97,70,2,0,11,0,1.6923076923076923,0.0,0.0,0.0
64,3,96,97,72,1,0,9,0,0.9,0.0,0.0,0.0
64,3,96,97,73,1,0,8,0,0.8888888888888888,0.0,0.0,0.0
64,3,96,97,74,1,0,8,0,0.8888888888888888,0.0,0.0,0.0
64,3,104,105,11,3,1,12,0,2.4,0.3333333333333333,0.0,0.3333333333333333
64,3,104,105,12,4,0,8,0,2.6666666666666665,0.0,0.0,0.0
64,3,104,105,13,4,0,4,0,2.0,0.0,0.0,0.0
64,3,104,105,14,2,0,3,0,1.2,0.0,0.0,0.0
64,3,104,105,15,1,0,3,0,0.75,0.0,0.0,0.0
64,3,104,105,18,1,0,6,0,0.8571428571428571,0.0,0.0,0.0
64,3,104,105,40,7,0,4,0,2.5454545454545454,0.0,0.0,0.0
64,3,104,105,46,1,0,12,0,0.9230769230769231,0.0,0.0,0.0
64,3,104,105,48,1,0,16,0,0.9411764705882353,0.0,0.0,0.0
64,3,104,105,50,2,0,20,0,1.8181818181818181,0.0,0.0,0.0
64,3,104,105,51,1,0,23,0,0.9583333333333334,0.0,0.0,0.0
64,3,104,105,52,4,0,23,0,3.4074074074074074,0.0,0.0,0.0
64,3,104,105,53,4,0,24,0,3.4285714285714284,0.0,0.0,0.0
64,3,104,105,54,2,0,28,1,1.8666666666666667,0.0,0.03571428571428571,-0.03571428571428571
64,3,104,105,56,3,0,29,0,2.71875,0.0,0.0,0.0
64,3,104,105,60,1,1,32,0,0.9696969696969697,1.0,0.0,1.0
64,3,104,105,61,1,0,32,0,0.9696969696969697,0.0,0.0,0.0
64,3,104,105,62,1,0,32,0,0.9696969696969697,0.0,0.0,0.0
64,3,104,105,67,1,0,22,0,0.9565217391304348,0.0,0.0,0.0
64,3,104,105,68,1,0,18,0,0.9473684210526315,0.0,0.0,0.0
64,3,104,105,69,1,0,15,0,0.9375,0.0,0.0,0.0
64,3,104,105,70,1,0,13,0,0.9285714285714286,0.0,0.0,0.0
64,3,104,105,71,3,0,11,0,2.357142857142857,0.0,0.0,0.0
64,3,104,105,72,4,0,10,0,2.857142857142857,0.0,0.0,0.0
64,3,112,113,11,1,0,14,0,0.9333333333333333,0.0,0.0,0.0
64,3,112,113,12,2,0,12,0,1.7142857142857142,0.0,0.0,0.0
64,3,112,113,13,4,1,9,0,2.769230769230769,0.25,0.0,0.25
64,3,112,113,14,6,0,6,0,3.0,0.0,0.0,0.0
64,3,112,113,15,5,1,5,0,2.5,0.2,0.0,0.2
64,3,112,113,16,1,0,7,0,0.875,0.0,0.0,0.0
64,3,112,113,17,4,0,6,0,2.4,0.0,0.0,0.0
64,3,112,113,18,2,0,8,0,1.6,0.0,0.0,0.0
64,3,112,113,19,2,0,10,0,1.6666666666666667,0.0,0.0,0.0
64,3,112,113,20,2,0,13,0,1.7333333333333334,0.0,0.0,0.0
64,3,112,113,62,3,0,34,0,2.7567567567567566,0.0,0.0,0.0
64,3,112,113,63,2,0,31,0,1.878787878787879,0.0,0.0,0.0
64,3,112,113,64,1,0,29,0,0.9666666666666667,0.0,0.0,0.0
64,3,112,113,67,1,0,22,0,0.9565217391304348,0.0,0.0,0.0
64,3,112,113,68,1,0,18,0,0.9473684210526315,0.0,0.0,0.0
64,3,112,113,69,1,0,15,0,0.9375,0.0,0.0,0.0
64,3,112,113,70,1,0,13,0,0.9285714285714286,0.0,0.0,0.0
64,3,112,113,71,4,1,11,0,2.933333333333333,0.25,0.0,0.25
64,3,112,113,72,2,0,12,0,1.7142857142857142,0.0,0.0,0.0
64,3,120,121,11,1,0,14,0,0.9333333333333333,0.0,0.0,0.0
64,3,120,121,13,5,2,10,0,3.3333333333333335,0.4,0.0,0.4
64,3,120,121,14,1,0,12,0,0.9230769230769231,0.0,0.0,0.0
64,3,120,121,15,8,3,5,0,3.076923076923077,0.375,0.0,0.375
64,3,120,121,16,1,0,7,0,0.875,0.0,0.0,0.0
64,3,120,121,17,4,0,6,0,2.4,0.0,0.0,0.0
64,3,120,121,18,2,0,8,0,1.6,0.0,0.0,0.0
64,3,120,121,19,2,0,10,0,1.6666666666666667,0.0,0.0,0.0
64,3,120,121,20,2,0,13,0,1.7333333333333334,0.0,0.0,0.0
64,3,120,121,69,2,2,16,0,1.7777777777777777,1.0,0.0,1.0
64,3,120,121,71,2,1,14,0,1.75,0.5,0.0,0.5
64,3,128,129,11,1,0,14,0,0.9333333333333333,0.0,0.0,0.0
64,3,128,129,13,4,0,11,0,2.933333333333333,0.0,0.0,0.0
64,3,128,129,14,1,0,13,0,0.9285714285714286,0.0,0.0,0.0
64,3,128,129,15,6,0,7,0,3.230769230769231,0.0,0.0,0.0
64,3,128,129,16,2,0,7,0,1.5555555555555556,0.0,0.0,0.0
64,3,128,129,17,3,0,7,0,2.1,0.0,0.0,0.0
64,3,128,129,18,2,0,8,0,1.6,0.0,0.0,0.0
64,3,128,129,19,2,0,10,0,1.6666666666666667,0.0,0.0,0.0
64,3,128,129,20,2,0,13,0,1.7333333333333334,0.0,0.0,0.0
64,3,128,129,69,2,0,16,0,1.7777777777777777,0.0,0.0,0.0
64,3,128,129,71,2,0,14,0,1.75,0.0,0.0,0.0
64,3,136,137,15,3,0,11,1,2.357142857142857,0.0,0.09090909090909091,-0.09090909090909091
64,3,136,137,16,2,0,9,0,1.6363636363636365,0.0,0.0,0.0
64,3,136,137,18,2,0,8,0,1.6,0.0,0.0,0.0
64,3,136,137,19,2,0,10,0,1.6666666666666667,0.0,0.0,0.0
64,3,136,137,20,2,0,13,0,1.7333333333333334,0.0,0.0,0.0
64,3,144,145,16,2,0,11,0,1.6923076923076923,0.0,0.0,0.0
64,3,144,145,17,2,0,10,0,1.6666666666666667,0.0,0.0,0.0
64,3,144,145,19,3,0,10,0,2.3076923076923075,0.0,0.0,0.0
64,4,16,17,15,28,27,2,0,1.8666666666666667,0.9642857142857143,0.0,0.9642857142857143
64,4,24,25,20,3,1,2,0,1.2,0.3333333333333333,0.0,0.3333333333333333
64,4,24,25,21,28,23,4,0,3.5,0.8214285714285714,0.0,0.8214285714285714
64,4,32,33,25,4,1,1,0,0.8,0.25,0.0,0.25
64,4,32,33,26,5,1,3,0,1.875,0.2,0.0,0.2
64,4,32,33,27,12,8,5,0,3.5294117647058822,0.6666666666666666,0.0,0.6666666666666666
64,4,40,41,27,1,0,1,0,0.5,0.0,0.0,0.0
64,4,40,41,28,3,2,1,0,0.75,0.6666666666666666,0.0,0.6666666666666666
64,4,40,41,29,4,0,2,0,1.3333333333333333,0.0,0.0,0.0
64,4,40,41,30,6,1,3,0,2.0,0.16666666666666666,0.0,0.16666666666666666
64,4,40,41,31,1,1,7,0,0.875,1.0,0.0,1.0
64,4,40,41,32,1,0,6,0,0.8571428571428571,0.0,0.0,0.0
64,4,48,49,30,2,0,1,0,0.6666666666666666,0.0,0.0,0.0
64,4,48,49,31,4,0,1,0,0.8,0.0,0.0,0.0
64,4,48,49,32,1,1,4,0,0.8,1.0,0.0,1.0
64,4,56,57,33,1,0,2,0,0.6666666666666666,0.0,0.0,0.0
64,4,56,57,34,1,0,2,0,0.6666666666666666,0.0,0.0,0.0
64,4,80,81,7,1,0,2,0,0.6666666666666666,0.0,0.0,0.0
64,4,80,81,8,7,0,2,0,1.5555555555555556,0.0,0.0,0.0
64,4,80,81,9,1,0,8,0,0.8888888888888888,0.0,0.0,0.0
64,4,80,81,10,3,0,7,0,2.1,0.0,0.0,0.0
64,4,80,81,11,1,0,8,0,0.8888888888888888,0.0,0.0,0.0
64,4,80,81,12,6,0,4,0,2.4,0.0,0.0,0.0
64,4,80,81,13,3,0,3,0,1.5,0.0,0.0,0.0
64,4,88,89,5,3,0,14,0,2.4705882352941178,0.0,0.0,0.0
64,4,88,89,6,1,0,15,0,0.9375,0.0,0.0,0.0
64,4,88,89,10,3,0,15,0,2.5,0.0,0.0,0.0
64,4,96,97,8,1,0,19,0,0.95,0.0,0.0,0.0
64,4,96,97,9,2,0,20,0,1.8181818181818181,0.0,0.0,0.0
64,4,96,97,10,3,0,20,0,2.608695652173913,0.0,0.0,0.0
64,4,96,97,11,2,0,19,0,1.8095238095238095,0.0,0.0,0.0
64,4,96,97,12,4,0,16,0,3.2,0.0,0.0,0.0
64,4,104,105,8,1,0,19,0,0.95,0.0,0.0,0.0
64,4,104,105,9,1,0,21,0,0.9545454545454546,0.0,0.0,0.0
64,4,104,105,10,1,0,23,0,0.9583333333333334,0.0,0.0,0.0
64,4,104,105,11,1,0,23,0,0.9583333333333334,0.0,0.0,0.0
64,4,104,105,12,1,0,23,0,0.9583333333333334,0.0,0.0,0.0
64,4,104,105,13,1,0,22,0,0.9565217391304348,0.0,0.0,0.0
64,4,104,105,14,1,0,21,0,0.9545454545454546,0.0,0.0,0.0
64,4,104,105,16,3,0,19,0,2.590909090909091,0.0,0.0,0.0
64,4,104,105,17,2,0,17,0,1.7894736842105263,0.0,0.0,0.0
64,4,104,105,18,3,0,15,0,2.5,0.0,0.0,0.0
64,4,104,105,19,3,0,12,0,2.4,0.0,0.0,0.0
64,4,104,105,20,12,0,3,0,2.4,0.0,0.0,0.0
64,4,104,105,21,1,0,1,0,0.5,0.0,0.0,0.0
64,4,112,113,9,2,0,22,0,1.8333333333333333,0.0,0.0,0.0
64,4,112,113,10,2,0,24,0,1.8461538461538463,0.0,0.0,0.0
64,4,112,113,11,1,0,25,0,0.9615384615384616,0.0,0.0,0.0
64,4,112,113,12,2,0,25,0,1.8518518518518519,0.0,0.0,0.0
64,4,112,113,13,1,0,25,0,0.9615384615384616,0.0,0.0,0.0
64,4,112,113,14,1,0,24,0,0.96,0.0,0.0,0.0
64,4,112,113,16,1,0,23,0,0.9583333333333334,0.0,0.0,0.0
64,4,112,113,17,1,0,22,0,0.9565217391304348,0.0,0.0,0.0
64,4,112,113,18,1,0,21,0,0.9545454545454546,0.0,0.0,0.0
64,4,112,113,19,1,0,21,0,0.9545454545454546,0.0,0.0,0.0
64,4,112,113,20,1,0,21,0,0.9545454545454546,0.0,0.0,0.0
64,4,112,113,22,1,0,19,0,0.95,0.0,0.0,0.0
64,4,112,113,23,1,0,17,0,0.9444444444444444,0.0,0.0,0.0
64,4,112,113,24,5,0,10,0,3.3333333333333335,0.0,0.0,0.0
64,4,112,113,26,5,0,3,0,1.875,0.0,0.0,0.0
64,4,112,113,27,1,0,2,0,0.6666666666666666,0.0,0.0,0.0
64,4,120,121,11,1,0,28,0,0.9655172413793104,0.0,0.0,0.0
64,4,120,121,12,1,0,28,0,0.9655172413793104,0.0,0.0,0.0
64,4,120,121,13,1,0,27,0,0.9642857142857143,0.0,0.0,0.0
64,4,120,121,14,1,0,26,0,0.9629629629629629,0.0,0.0,0.0
64,4,120,121,15,1,0,25,0,0.9615384615384616,0.0,0.0,0.0
64,4,120,121,16,1,0,24,0,0.96,0.0,0.0,0.0
64,4,120,121,18,1,0,23,0,0.9583333333333334,0.0,0.0,0.0
64,4,120,121,19,1,0,23,0,0.9583333333333334,0.0,0.0,0.0
64,4,120,121,21,1,0,23,0,0.9583333333333334,0.0,0.0,0.0
64,4,120,121,23,1,0,20,0,0.9523809523809523,0.0,0.0,0.0
64,4,120,121,24,1,0,18,0,0.9473684210526315,0.0,0.0,0.0
64,4,120,121,26,1,0,13,0,0.9285714285714286,0.0,0.0,0.0
64,4,120,121,28,1,0,10,0,0.9090909090909091,0.0,0.0,0.0
64,4,120,121,30,4,0,4,0,2.0,0.0,0.0,0.0
64,4,120,121,31,1,0,3,0,0.75,0.0,0.0,0.0
64,4,128,129,14,1,0,29,0,0.9666666666666667,0.0,0.0,0.0
64,4,128,129,15,1,0,28,0,0.9655172413793104,0.0,0.0,0.0
64,4,128,129,17,1,0,27,0,0.9642857142857143,0.0,0.0,0.0
64,4,128,129,18,1,0,26,0,0.9629629629629629,0.0,0.0,0.0
64,4,128,129,20,1,0,27,0,0.9642857142857143,0.0,0.0,0.0
64,4,128,129,22,1,0,25,0,0.9615384615384616,0.0,0.0,0.0
64,4,128,129,24,1,0,21,0,0.9545454545454546,0.0,0.0,0.0
64,4,128,129,26,1,0,16,0,0.9411764705882353,0.0,0.0,0.0
64,4,128,129,28,1,0,13,0,0.9285714285714286,0.0,0.0,0.0
64,4,128,129,29,1,0,12,0,0.9230769230769231,0.0,0.0,0.0
64,4,136,137,18,2,0,28,0,1.8666666666666667,0.0,0.0,0.0
64,4,136,137,19,1,0,29,0,0.9666666666666667,0.0,0.0,0.0
64,4,136,137,20,1,0,29,0,0.9666666666666667,0.0,0.0,0.0
64,4,136,137,21,1,0,28,0,0.9655172413793104,0.0,0.0,0.0
64,4,136,137,22,1,0,26,0,0.9629629629629629,0.0,0.0,0.0
64,4,136,137,24,2,0,22,0,1.8333333333333333,0.0,0.0,0.0
64,4,136,137,25,2,0,20,0,1.8181818181818181,0.0,0.0,0.0
64,5,32,33,26,4,3,3,0,1.7142857142857142,0.75,0.0,0.75
64,5,32,33,27,5,2,6,0,2.727272727272727,0.4,0.0,0.4
64,5,40,41,31,1,1,1,0,0.5,1.0,0.0,1.0
64,5,40,41,32,2,1,1,0,0.6666666666666666,0.5,0.0,0.5
64,5,40,41,33,12,9,3,0,2.4,0.75,0.0,0.75
64,5,48,49,37,3,1,1,0,0.75,0.3333333333333333,0.0,0.3333333333333333
64,5,48,49,38,1,0,3,0,0.75,0.0,0.0,0.0
64,5,48,49,39,3,1,3,0,1.5,0.3333333333333333,0.0,0.3333333333333333
64,5,56,57,39,2,0,1,0,0.6666666666666666,0.0,0.0,0.0
64,5,56,57,40,1,0,2,0,0.6666666666666666,0.0,0.0,0.0
64,5,56,57,41,2,0,1,0,0.6666666666666666,0.0,0.0,0.0
64,5,56,57,45,4,3,1,0,0.8,0.75,0.0,0.75
64,5,64,65,49,1,1,1,0,0.5,1.0,0.0,1.0
64,5,64,65,50,1,0,2,0,0.6666666666666666,0.0,0.0,0.0
64,5,64,65,51,3,3,3,0,1.5,1.0,0.0,1.0
64,5,64,65,52,2,2,6,0,1.5,1.0,0.0,1.0
64,5,64,65,53,6,5,8,0,3.4285714285714284,0.8333333333333334,0.0,0.8333333333333334
64,5,72,73,57,2,0,1,0,0.6666666666666666,0.0,0.0,0.0
64,5,72,73,58,3,2,2,0,1.2,0.6666666666666666,0.0,0.6666666666666666
64,5,72,73,59,3,2,4,0,1.7142857142857142,0.6666666666666666,0.0,0.6666666666666666
64,5,72,73,60,1,1,6,0,0.8571428571428571,1.0,0.0,1.0
64,5,80,81,8,5,0,8,0,3.076923076923077,0.0,0.0,0.0
64,5,80,81,10,2,0,8,0,1.6,0.0,0.0,0.0
64,5,80,81,11,1,0,8,0,0.8888888888888888,0.0,0.0,0.0
64,5,80,81,12,2,0,6,0,1.5,0.0,0.0,0.0
64,5,80,81,13,1,0,4,0,0.8,0.0,0.0,0.0
64,5,80,81,14,1,0,3,0,0.75,0.0,0.0,0.0
64,5,80,81,15,2,0,1,0,0.6666666666666666,0.0,0.0,0.0
64,5,80,81,59,2,0,1,0,0.6666666666666666,0.0,0.0,0.0
64,5,80,81,60,2,0,1,0,0.6666666666666666,0.0,0.0,0.0
64,5,80,81,61,1,0,2,0,0.6666666666666666,0.0,0.0,0.0
64,5,80,81,62,2,0,2,0,1.0,0.0,0.0,0.0
64,5,80,81,64,1,1,2,0,0.6666666666666666,1.0,0.0,1.0
64,5,88,89,20,3,0,2,0,1.2,0.0,0.0,0.0
64,5,88,89,61,2,0,1,0,0.6666666666666666,0.0,0.0,0.0
64,5,88,89,62,1,0,2,0,0.6666666666666666,0.0,0.0,0.0
64,5,88,89,63,2,0,1,0,0.6666666666666666,0.0,0.0,0.0
64,5,96,97,23,1,0,5,0,0.8333333333333334,0.0,0.0,0.0
64,5,96,97,24,2,0,4,0,1.3333333333333333,0.0,0.0,0.0
64,5,96,97,25,2,0,4,0,1.3333333333333333,0.0,0.0,0.0
64,5,96,97,26,5,0,1,0,0.8333333333333334,0.0,0.0,0.0
64,5,96,97,63,1,0,1,0,0.5,0.0,0.0,0.0
64,5,104,105,31,1,0,14,0,0.9333333333333333,0.0,0.0,0.0
64,5,104,105,33,2,0,12,0,1.7142857142857142,0.0,0.0,0.0
64,5,104,105,35,2,0,2,0,1.0,0.0,0.0,0.0
64,5,112,113,40,4,0,1,0,0.8,0.0,0.0,0.0
64,5,120,121,42,1,0,3,0,0.75,0.0,0.0,0.0
64,5,128,129,43,1,0,2,0,0.6666666666666666,0.0,0.0,0.0
64,5,128,129,44,1,0,1,0,0.5,0.0,0.0,0.0
64,5,136,137,44,2,0,2,0,1.0,0.0,0.0,0.0
64,5,136,137,45,2,0,1,0,0.6666666666666666,0.0,0.0,0.0
64,5,136,137,46,2,0,1,0,0.6666666666666666,0.0,0.0,0.0
64,5,136,137,47,2,0,1,0,0.6666666666666666,0.0,0.0,0.0
64,5,136,137,48,2,0,1,0,0.6666666666666666,0.0,0.0,0.0
64,5,136,137,49,1,0,2,0,0.6666666666666666,0.0,0.0,0.0
64,5,136,137,50,3,0,1,0,0.75,0.0,0.0,0.0
64,5,136,137,51,2,0,1,0,0.6666666666666666,0.0,0.0,0.0
64,5,136,137,52,2,0,1,0,0.6666666666666666,0.0,0.0,0.0
64,5,136,137,53,2,0,1,0,0.6666666666666666,0.0,0.0,0.0
64,5,136,137,54,2,0,1,0,0.6666666666666666,0.0,0.0,0.0
64,5,136,137,55,2,0,1,0,0.6666666666666666,0.0,0.0,0.0
64,5,144,145,45,1,0,4,0,0.8,0.0,0.0,0.0
64,5,144,145,46,1,0,5,0,0.8333333333333334,0.0,0.0,0.0
64,5,144,145,47,1,0,5,0,0.8333333333333334,0.0,0.0,0.0
64,5,144,145,48,1,0,5,0,0.8333333333333334,0.0,0.0,0.0
64,5,144,145,49,1,0,5,0,0.8333333333333334,0.0,0.0,0.0
64,5,144,145,50,1,0,5,0,0.8333333333333334,0.0,0.0,0.0
64,5,144,145,51,1,0,5,0,0.8333333333333334,0.0,0.0,0.0
64,5,144,145,52,1,0,5,0,0.8333333333333334,0.0,0.0,0.0
64,5,144,145,53,1,0,5,0,0.8333333333333334,0.0,0.0,0.0
64,5,144,145,54,4,0,2,0,1.3333333333333333,0.0,0.0,0.0
64,5,144,145,55,2,0,2,0,1.0,0.0,0.0,0.0
64,5,144,145,56,2,0,2,0,1.0,0.0,0.0,0.0
64,5,144,145,57,2,0,1,0,0.6666666666666666,0.0,0.0,0.0
64,5,152,153,46,1,0,6,0,0.8571428571428571,0.0,0.0,0.0
64,5,152,153,48,1,0,7,0,0.875,0.0,0.0,0.0
64,5,152,153,49,1,0,7,0,0.875,0.0,0.0,0.0
64,5,152,153,50,1,0,7,0,0.875,0.0,0.0,0.0
64,5,152,153,51,1,0,7,0,0.875,0.0,0.0,0.0
64,5,152,153,52,1,0,7,0,0.875,0.0,0.0,0.0
64,5,152,153,53,1,0,7,0,0.875,0.0,0.0,0.0
64,5,152,153,54,2,0,6,0,1.5,0.0,0.0,0.0
64,5,152,153,55,1,0,6,0,0.8571428571428571,0.0,0.0,0.0
64,5,152,153,56,1,0,6,0,0.8571428571428571,0.0,0.0,0.0
64,5,152,153,57,1,0,5,0,0.8333333333333334,0.0,0.0,0.0
64,5,152,153,58,2,0,2,0,1.0,0.0,0.0,0.0
64,5,160,161,52,1,0,12,0,0.9230769230769231,0.0,0.0,0.0
64,5,160,161,54,1,0,13,0,0.9285714285714286,0.0,0.0,0.0
64,6,24,25,21,8,6,2,0,1.6,0.75,0.0,0.75
64,6,32,33,25,3,3,1,0,0.75,1.0,0.0,1.0
64,6,32,33,26,4,3,3,0,1.7142857142857142,0.75,0.0,0.75
64,6,32,33,27,9,5,6,0,3.6,0.5555555555555556,0.0,0.5555555555555556
64,6,40,41,31,1,0,3,0,0.75,0.0,0.0,0.0
64,6,40,41,32,2,1,5,0,1.4285714285714286,0.5,0.0,0.5
64,6,40,41,33,13,8,7,0,4.55,0.6153846153846154,0.0,0.6153846153846154
64,6,48,49,36,2,2,2,0,1.0,1.0,0.0,1.0
64,6,48,49,37,9,6,3,0,2.25,0.6666666666666666,0.0,0.6666666666666666
64,6,48,49,38,1,0,12,0,0.9230769230769231,0.0,0.0,0.0
64,6,48,49,39,1,1,13,0,0.9285714285714286,1.0,0.0,1.0
64,6,56,57,41,2,1,1,0,0.6666666666666666,0.5,0.0,0.5
64,6,56,57,42,3,0,3,0,1.5,0.0,0.0,0.0
64,6,56,57,43,9,7,6,0,3.6,0.7777777777777778,0.0,0.7777777777777778
64,6,64,65,42,2,0,1,0,0.6666666666666666,0.0,0.0,0.0
64,6,64,65,43,2,0,2,0,1.0,0.0,0.0,0.0
64,6,64,65,44,1,0,3,0,0.75,0.0,0.0,0.0
64,6,64,65,45,1,0,3,0,0.75,0.0,0.0,0.0
64,6,64,65,46,2,0,3,0,1.2,0.0,0.0,0.0
64,6,64,65,47,1,0,4,0,0.8,0.0,0.0,0.0
64,6,64,65,48,2,0,4,0,1.3333333333333333,0.0,0.0,0.0
64,6,64,65,49,1,0,5,0,0.8333333333333334,0.0,0.0,0.0
64,6,64,65,50,1,0,5,0,0.8333333333333334,0.0,0.0,0.0
64,6,64,65,51,1,1,5,0,0.8333333333333334,1.0,0.0,1.0
64,6,72,73,43,2,1,1,0,0.6666666666666666,0.5,0.0,0.5
64,6,72,73,45,2,0,1,0,0.6666666666666666,0.0,0.0,0.0
64,6,72,73,46,2,0,1,0,0.6666666666666666,0.0,0.0,0.0
64,6,72,73,47,1,0,2,0,0.6666666666666666,0.0,0.0,0.0
64,6,72,73,48,3,1,2,0,1.2,0.3333333333333333,0.0,0.3333333333333333
64,6,72,73,49,1,0,4,0,0.8,0.0,0.0,0.0
64,6,72,73,50,1,0,4,0,0.8,0.0,0.0,0.0
64,6,72,73,51,1,0,4,0,0.8,0.0,0.0,0.0
64,6,72,73,53,1,0,3,0,0.75,0.0,0.0,0.0
64,6,80,81,15,2,0,1,0,0.6666666666666666,0.0,0.0,0.0
64,6,80,81,16,2,0,1,0,0.6666666666666666,0.0,0.0,0.0
64,6,80,81,47,2,0,1,0,0.6666666666666666,0.0,0.0,0.0
64,6,80,81,48,2,0,1,0,0.6666666666666666,0.0,0.0,0.0
64,6,80,81,49,1,0,2,0,0.6666666666666666,0.0,0.0,0.0
64,6,80,81,50,3,1,2,0,1.2,0.3333333333333333,0.0,0.3333333333333333
64,6,80,81,52,1,0,3,0,0.75,0.0,0.0,0.0
64,6,80,81,54,1,0,2,0,0.6666666666666666,0.0,0.0,0.0
64,6,88,89,7,6,0,2,0,1.5,0.0,0.0,0.0
64,6,88,89,8,4,0,7,0,2.5454545454545454,0.0,0.0,0.0
64,6,88,89,10,2,0,12,0,1.7142857142857142,0.0,0.0,0.0
64,6,88,89,12,2,0,14,0,1.75,0.0,0.0,0.0
64,6,88,89,14,3,0,11,0,2.357142857142857,0.0,0.0,0.0
64,6,88,89,15,1,0,9,0,0.9,0.0,0.0,0.0
64,6,88,89,16,2,0,6,0,1.5,0.0,0.0,0.0
64,6,88,89,17,2,0,4,0,1.3333333333333333,0.0,0.0,0.0
64,6,88,89,18,1,0,4,0,0.8,0.0,0.0,0.0
64,6,88,89,19,1,0,3,0,0.75,0.0,0.0,0.0
64,6,88,89,20,2,0,1,0,0.6666666666666666,0.0,0.0,0.0
64,6,88,89,50,2,1,1,0,0.6666666666666666,0.5,0.0,0.5
64,6,88,89,51,2,0,2,0,1.0,0.0,0.0,0.0
64,6,88,89,52,1,1,3,0,0.75,1.0,0.0,1.0
64,6,88,89,53,1,0,2,0,0.6666666666666666,0.0,0.0,0.0
64,6,88,89,54,1,0,1,0,0.5,0.0,0.0,0.0
64,6,96,97,4,6,0,1,0,0.8571428571428571,0.0,0.0,0.0
64,6,96,97,5,2,0,7,0,1.5555555555555556,0.0,0.0,0.0
64,6,96,97,18,3,0,6,0,2.0,0.0,0.0,0.0
64,6,96,97,19,1,0,5,0,0.8333333333333334,0.0,0.0,0.0
64,6,96,97,20,2,0,3,0,1.2,0.0,0.0,0.0
64,6,96,97,21,2,0,2,0,1.0,0.0,0.0,0.0
64,6,96,97,22,2,0,1,0,0.6666666666666666,0.0,0.0,0.0
64,6,96,97,53,1,0,1,0,0.5,0.0,0.0,0.0
64,6,104,105,3,7,2,1,0,0.875,0.2857142857142857,0.0,0.2857142857142857
64,6,104,105,19,1,0,7,0,0.875,0.0,0.0,0.0
64,6,104,105,20,1,0,6,0,0.8571428571428571,0.0,0.0,0.0
64,6,112,113,3,7,0,1,0,0.875,0.0,0.0,0.0
64,6,112,113,20,2,0,7,0,1.5555555555555556,0.0,0.0,0.0
64,6,112,113,21,1,0,7,0,0.875,0.0,0.0,0.0
64,6,112,113,22,2,0,6,0,1.5,0.0,0.0,0.0
64,6,112,113,23,2,0,5,0,1.4285714285714286,0.0,0.0,0.0
64,6,112,113,24,3,0,3,0,1.5,0.0,0.0,0.0
64,6,112,113,25,2,0,2,0,1.0,0.0,0.0,0.0
64,6,112,113,34,4,0,2,0,1.3333333333333333,0.0,0.0,0.0
64,6,112,113,36,2,0,4,0,1.3333333333333333,0.0,0.0,0.0
64,6,112,113,38,2,0,4,0,1.3333333333333333,0.0,0.0,0.0
64,6,112,113,39,1,0,5,0,0.8333333333333334,0.0,0.0,0.0
64,6,112,113,40,2,0,4,0,1.3333333333333333,0.0,0.0,0.0
64,6,120,121,3,4,0,4,0,2.0,0.0,0.0,0.0
64,6,120,121,22,1,0,10,0,0.9090909090909091,0.0,0.0,0.0
64,6,120,121,24,4,0,8,0,2.6666666666666665,0.0,0.0,0.0
64,6,120,121,25,1,0,8,0,0.8888888888888888,0.0,0.0,0.0
64,6,120,121,26,2,0,7,0,1.5555555555555556,0.0,0.0,0.0
64,6,120,121,27,1,0,8,0,0.8888888888888888,0.0,0.0,0.0
64,6,120,121,28,3,0,6,0,2.0,0.0,0.0,0.0
64,6,120,121,29,4,0,5,0,2.2222222222222223,0.0,0.0,0.0
64,6,120,121,30,5,0,3,0,1.875,0.0,0.0,0.0
64,6,120,121,31,2,0,5,0,1.4285714285714286,0.0,0.0,0.0
64,6,120,121,32,2,0,6,0,1.5,0.0,0.0,0.0
64,6,120,121,33,3,0,6,0,2.0,0.0,0.0,0.0
64,6,120,121,34,2,0,6,0,1.5,0.0,0.0,0.0
64,6,120,121,38,2,0,8,0,1.6,0.0,0.0,0.0
64,6,120,121,40,1,0,9,0,0.9,0.0,0.0,0.0
64,6,120,121,41,1,0,10,0,0.9090909090909091,0.0,0.0,0.0
64,6,120,121,43,1,0,11,0,0.9166666666666666,0.0,0.0,0.0
64,6,120,121,44,1,0,10,0,0.9090909090909091,0.0,0.0,0.0
64,6,120,121,45,1,0,9,0,0.9,0.0,0.0,0.0
64,6,120,121,46,1,0,8,0,0.8888888888888888,0.0,0.0,0.0
64,6,120,121,47,1,0,7,0,0.875,0.0,0.0,0.0
64,6,128,129,31,2,0,16,0,1.7777777777777777,0.0,0.0,0.0
64,6,128,129,32,3,0,15,0,2.5,0.0,0.0,0.0
64,6,128,129,33,1,0,16,0,0.9411764705882353,0.0,0.0,0.0
64,6,128,129,34,2,0,15,0,1.7647058823529411,0.0,0.0,0.0
64,6,128,129,35,2,0,13,0,1.7333333333333334,0.0,0.0,0.0
64,6,128,129,36,1,0,12,0,0.9230769230769231,0.0,0.0,0.0
64,6,128,129,38,2,0,10,0,1.6666666666666667,0.0,0.0,0.0
64,7,24,25,21,10,6,2,0,1.6666666666666667,0.6,0.0,0.6
64,7,32,33,25,2,0,1,0,0.6666666666666666,0.0,0.0,0.0
64,7,48,49,1,1,0,1,0,0.5,0.0,0.0,0.0
64,7,48,49,2,2,0,2,0,1.0,0.0,0.0,0.0
64,7,48,49,3,1,0,4,0,0.8,0.0,0.0,0.0
64,7,48,49,4,3,0,4,0,1.7142857142857142,0.0,0.0,0.0
64,7,48,49,5,1,0,5,0,0.8333333333333334,0.0,0.0,0.0
64,7,48,49,6,5,0,2,0,1.4285714285714286,0.0,0.0,0.0
64,7,48,49,7,2,0,1,0,0.6666666666666666,0.0,0.0,0.0
64,7,56,57,3,1,0,11,0,0.9166666666666666,0.0,0.0,0.0
64,7,56,57,6,2,0,14,0,1.75,0.0,0.0,0.0
64,7,56,57,9,1,0,16,0,0.9411764705882353,0.0,0.0,0.0
64,7,56,57,10,6,0,11,0,3.8823529411764706,0.0,0.0,0.0
64,7,56,57,11,1,0,11,0,0.9166666666666666,0.0,0.0,0.0
64,7,56,57,12,2,0,8,0,1.6,0.0,0.0,0.0
64,7,64,65,6,2,0,19,0,1.8095238095238095,0.0,0.0,0.0
64,7,64,65,7,1,0,20,0,0.9523809523809523,0.0,0.0,0.0
64,7,64,65,8,3,0,19,0,2.590909090909091,0.0,0.0,0.0
64,7,64,65,9,2,0,20,0,1.8181818181818181,0.0,0.0,0.0
64,7,64,65,10,5,0,18,0,3.9130434782608696,0.0,0.0,0.0
64,7,64,65,17,4,0,5,0,2.2222222222222223,0.0,0.0,0.0
64,7,64,65,18,1,0,3,0,0.75,0.0,0.0,0.0
64,7,64,65,19,1,0,1,0,0.5,0.0,0.0,0.0
64,7,72,73,10,1,0,29,0,0.9666666666666667,0.0,0.0,0.0
64,7,72,73,12,1,0,29,0,0.9666666666666667,0.0,0.0,0.0
64,7,72,73,13,2,0,27,0,1.8620689655172413,0.0,0.0,0.0
64,7,72,73,14,2,0,25,0,1.8518518518518519,0.0,0.0,0.0
64,7,72,73,15,2,0,22,0,1.8333333333333333,0.0,0.0,0.0
64,7,72,73,16,6,0,17,0,4.434782608695652,0.0,0.0,0.0
64,7,72,73,17,1,0,15,0,0.9375,0.0,0.0,0.0
64,7,72,73,18,11,0,5,0,3.4375,0.0,0.0,0.0
64,7,72,73,19,2,0,2,0,1.0,0.0,0.0,0.0
64,7,80,81,15,1,1,28,0,0.9655172413793104,1.0,0.0,1.0
64,7,80,81,17,3,0,22,0,2.64,0.0,0.0,0.0
64,7,80,81,19,2,0,16,0,1.7777777777777777,0.0,0.0,0.0
64,7,80,81,20,1,0,13,0,0.9285714285714286,0.0,0.0,0.0
64,7,80,81,21,5,0,6,0,2.727272727272727,0.0,0.0,0.0
64,7,80,81,22,1,0,4,0,0.8,0.0,0.0,0.0
64,7,80,81,23,1,0,1,0,0.5,0.0,0.0,0.0
64,7,88,89,15,1,0,28,0,0.9655172413793104,0.0,0.0,0.0
64,7,88,89,17,3,0,22,0,2.64,0.0,0.0,0.0
64,7,88,89,21,2,0,10,0,1.6666666666666667,0.0,0.0,0.0
64,7,88,89,22,3,0,5,0,1.875,0.0,0.0,0.0
64,7,88,89,23,1,0,2,0,0.6666666666666666,0.0,0.0,0.0
64,7,96,97,22,3,0,6,0,2.0,0.0,0.0,0.0
64,7,96,97,23,1,1,3,0,0.75,1.0,0.0,1.0
64,7,96,97,24,1,0,1,0,0.5,0.0,0.0,0.0
64,7,104,105,24,2,0,2,0,1.0,0.0,0.0,0.0
64,8,16,17,15,11,11,3,0,2.357142857142857,1.0,0.0,1.0
64,8,24,25,19,2,2,1,0,0.6666666666666666,1.0,0.0,1.0
64,8,24,25,20,3,2,3,0,1.5,0.6666666666666666,0.0,0.6666666666666666
64,8,24,25,21,7,4,5,0,2.9166666666666665,0.5714285714285714,0.0,0.5714285714285714
64,8,32,33,25,3,2,1,0,0.75,0.6666666666666666,0.0,0.6666666666666666
64,8,32,33,26,1,1,4,0,0.8,1.0,0.0,1.0
64,8,32,33,27,10,7,5,0,3.3333333333333335,0.7,0.0,0.7
64,8,40,41,32,4,1,1,0,0.8,0.25,0.0,0.25
64,8,40,41,33,7,3,4,0,2.5454545454545454,0.42857142857142855,0.0,0.42857142857142855
64,8,48,49,36,3,1,1,0,0.75,0.3333333333333333,0.0,0.3333333333333333
64,8,48,49,37,3,1,3,0,1.5,0.3333333333333333,0.0,0.3333333333333333
64,8,48,49,38,2,1,5,0,1.4285714285714286,0.5,0.0,0.5
64,8,48,49,39,7,6,6,0,3.230769230769231,0.8571428571428571,0.0,0.8571428571428571
64,8,56,57,3,2,0,1,0,0.6666666666666666,0.0,0.0,0.0
64,8,56,57,4,2,0,3,0,1.2,0.0,0.0,0.0
64,8,56,57,5,2,0,5,0,1.4285714285714286,0.0,0.0,0.0
64,8,56,57,6,1,0,7,0,0.875,0.0,0.0,0.0
64,8,56,57,7,1,0,8,0,0.8888888888888888,0.0,0.0,0.0
64,8,56,57,8,1,0,9,0,0.9,0.0,0.0,0.0
64,8,56,57,10,2,0,10,0,1.6666666666666667,0.0,0.0,0.0
64,8,56,57,12,3,0,6,0,2.0,0.0,0.0,0.0
64,8,56,57,13,1,0,5,0,0.8333333333333334,0.0,0.0,0.0
64,8,56,57,38,2,1,1,0,0.6666666666666666,0.5,0.0,0.5
64,8,56,57,39,1,1,2,0,0.6666666666666666,1.0,0.0,1.0
64,8,56,57,40,1,0,2,0,0.6666666666666666,0.0,0.0,0.0
64,8,56,57,42,1,0,1,1,0.5,0.0,1.0,-1.0
64,8,56,57,43,2,0,1,0,0.6666666666666666,0.0,0.0,0.0
64,8,56,57,44,1,1,3,0,0.75,1.0,0.0,1.0
64,8,56,57,45,10,9,3,0,2.3076923076923075,0.9,0.0,0.9
64,8,64,65,2,2,0,6,0,1.5,0.0,0.0,0.0
64,8,64,65,3,1,0,10,0,0.9090909090909091,0.0,0.0,0.0
64,8,64,65,4,1,0,12,0,0.9230769230769231,0.0,0.0,0.0
64,8,64,65,5,2,0,12,0,1.7142857142857142,0.0,0.0,0.0
64,8,64,65,11,3,0,14,0,2.4705882352941178,0.0,0.0,0.0
64,8,64,65,12,1,0,12,0,0.9230769230769231,0.0,0.0,0.0
64,8,64,65,13,1,0,11,0,0.9166666666666666,0.0,0.0,0.0
64,8,64,65,14,1,0,10,0,0.9090909090909091,0.0,0.0,0.0
64,8,64,65,16,4,0,8,0,2.6666666666666665,0.0,0.0,0.0
64,8,64,65,17,2,0,7,0,1.5555555555555556,0.0,0.0,0.0
64,8,64,65,18,3,0,5,0,1.875,0.0,0.0,0.0
64,8,64,65,19,2,0,4,0,1.3333333333333333,0.0,0.0,0.0
64,8,64,65,49,1,0,3,0,0.75,0.0,0.0,0.0
64,8,64,65,50,2,1,3,0,1.2,0.5,0.0,0.5
64,8,64,65,52,1,0,3,0,0.75,0.0,0.0,0.0
64,8,72,73,13,2,0,14,0,1.75,0.0,0.0,0.0
64,8,72,73,15,2,0,12,0,1.7142857142857142,0.0,0.0,0.0
64,8,72,73,22,1,0,11,0,0.9166666666666666,0.0,0.0,0.0
64,8,72,73,24,2,0,9,0,1.6363636363636365,0.0,0.0,0.0
64,8,72,73,25,1,0,9,0,0.9,0.0,0.0,0.0
64,8,72,73,26,9,0,1,0,0.9,0.0,0.0,0.0
64,8,72,73,50,3,1,1,0,0.75,0.3333333333333333,0.0,0.3333333333333333
64,8,72,73,51,1,0,2,0,0.6666666666666666,0.0,0.0,0.0
64,8,72,73,52,1,0,2,0,0.6666666666666666,0.0,0.0,0.0
64,8,72,73,53,1,1,2,0,0.6666666666666666,1.0,0.0,1.0
64,8,72,73,58,1,1,1,0,0.5,1.0,0.0,1.0
64,8,72,73,59,6,5,1,0,0.8571428571428571,0.8333333333333334,0.0,0.8333333333333334
64,8,80,81,30,3,0,10,0,2.3076923076923075,0.0,0.0,0.0
64,8,80,81,31,4,0,6,0,2.4,0.0,0.0,0.0
64,8,80,81,32,3,0,4,0,1.7142857142857142,0.0,0.0,0.0
64,8,80,81,33,2,0,2,0,1.0,0.0,0.0,0.0
64,8,80,81,64,1,0,1,0,0.5,0.0,0.0,0.0
64,8,80,81,66,2,2,6,0,1.5,1.0,0.0,1.0
64,8,80,81,67,9,6,10,0,4.7368421052631575,0.6666666666666666,0.0,0.6666666666666666
64,8,88,89,33,6,0,5,0,2.727272727272727,0.0,0.0,0.0
64,8,88,89,34,3,0,4,0,1.7142857142857142,0.0,0.0,0.0
64,8,88,89,35,4,0,2,0,1.3333333333333333,0.0,0.0,0.0
64,8,88,89,36,2,0,2,0,1.0,0.0,0.0,0.0
64,8,88,89,37,3,0,1,0,0.75,0.0,0.0,0.0
64,8,88,89,65,1,0,3,0,0.75,0.0,0.0,0.0
64,8,88,89,66,1,0,5,0,0.8333333333333334,0.0,0.0,0.0
64,8,88,89,67,1,0,7,0,0.875,0.0,0.0,0.0
64,8,88,89,68,1,0,9,0,0.9,0.0,0.0,0.0
64,8,88,89,69,1,0,11,0,0.9166666666666666,0.0,0.0,0.0
64,8,88,89,70,2,2,12,0,1.7142857142857142,1.0,0.0,1.0
64,8,88,89,71,2,0,14,0,1.75,0.0,0.0,0.0
64,8,88,89,72,3,1,16,0,2.526315789473684,0.3333333333333333,0.0,0.3333333333333333
64,8,88,89,73,2,0,17,0,1.7894736842105263,0.0,0.0,0.0
64,8,88,89,75,2,2,17,0,1.7894736842105263,1.0,0.0,1.0
64,8,96,97,33,4,0,7,0,2.5454545454545454,0.0,0.0,0.0
64,8,96,97,34,2,0,7,0,1.5555555555555556,0.0,0.0,0.0
64,8,96,97,35,2,1,7,0,1.5555555555555556,0.5,0.0,0.5
64,8,96,97,36,1,0,7,0,0.875,0.0,0.0,0.0
64,8,96,97,37,2,0,7,0,1.5555555555555556,0.0,0.0,0.0
64,8,96,97,38,2,0,7,0,1.5555555555555556,0.0,0.0,0.0
64,8,96,97,40,2,0,7,0,1.5555555555555556,0.0,0.0,0.0
64,8,96,97,42,5,0,5,0,2.5,0.0,0.0,0.0
64,8,96,97,43,2,0,4,0,1.3333333333333333,0.0,0.0,0.0
64,8,96,97,66,3,0,2,0,1.2,0.0,0.0,0.0
64,8,96,97,67,4,1,4,0,2.0,0.25,0.0,0.25
64,8,96,97,68,1,0,9,0,0.9,0.0,0.0,0.0
64,8,96,97,71,1,0,13,0,0.9285714285714286,0.0,0.0,0.0
64,8,96,97,72,4,2,14,0,3.111111111111111,0.5,0.0,0.5
64,8,96,97,73,1,0,17,0,0.9444444444444444,0.0,0.0,0.0
64,8,96,97,74,2,0,16,0,1.7777777777777777,0.0,0.0,0.0
64,8,96,97,75,2,0,15,0,1.7647058823529411,0.0,0.0,0.0
64,8,96,97,76,1,0,15,0,0.9375,0.0,0.0,0.0
64,8,104,105,34,4,0,8,0,2.6666666666666665,0.0,0.0,0.0
64,8,104,105,35,2,0,8,0,1.6,0.0,0.0,0.0
64,8,104,105,36,1,0,8,0,0.8888888888888888,0.0,0.0,0.0
64,8,104,105,37,1,0,8,0,0.8888888888888888,0.0,0.0,0.0
64,8,104,105,38,1,0,8,0,0.8888888888888888,0.0,0.0,0.0
64,8,104,105,39,1,1,9,0,0.9,1.0,0.0,1.0
64,8,104,105,42,1,0,12,0,0.9230769230769231,0.0,0.0,0.0
64,8,104,105,48,5,0,3,0,1.875,0.0,0.0,0.0
64,8,104,105,49,1,0,2,0,0.6666666666666666,0.0,0.0,0.0
64,8,104,105,66,3,0,2,0,1.2,0.0,0.0,0.0
64,8,104,105,67,3,0,4,0,1.7142857142857142,0.0,0.0,0.0
64,8,104,105,68,3,0,6,0,2.0,0.0,0.0,0.0
64,8,104,105,69,2,1,8,0,1.6,0.5,0.0,0.5
64,8,104,105,70,2,0,9,0,1.6363636363636365,0.0,0.0,0.0
64,8,104,105,71,2,2,10,0,1.6666666666666667,1.0,0.0,1.0
64,8,104,105,72,4,2,11,0,2.933333333333333,0.5,0.0,0.5
64,8,104,105,73,3,2,13,0,2.4375,0.6666666666666666,0.0,0.6666666666666666
64,8,104,105,74,4,1,13,0,3.0588235294117645,0.25,0.0,0.25
64,8,104,105,75,5,3,12,0,3.5294117647058822,0.6,0.0,0.6
64,8,104,105,76,1,1,15,0,0.9375,1.0,0.0,1.0
64,8,112,113,35,3,0,10,0,2.3076923076923075,0.0,0.0,0.0
64,8,112,113,36,2,0,9,0,1.6363636363636365,0.0,0.0,0.0
64,8,112,113,37,1,0,9,0,0.9,0.0,0.0,0.0
64,8,112,113,38,1,0,9,0,0.9,0.0,0.0,0.0
64,8,112,113,39,1,0,9,0,0.9,0.0,0.0,0.0
64,8,112,113,42,1,0,12,0,0.9230769230769231,0.0,0.0,0.0
64,8,112,113,55,1,0,1,0,0.5,0.0,0.0,0.0
64,8,112,113,67,3,0,2,0,1.2,0.0,0.0,0.0
64,8,112,113,68,3,0,4,0,1.7142857142857142,0.0,0.0,0.0
64,8,112,113,69,2,1,6,0,1.5,0.5,0.0,0.5
64,8,112,113,70,2,0,7,0,1.5555555555555556,0.0,0.0,0.0
64,8,112,113,71,2,2,8,0,1.6,1.0,0.0,1.0
64,8,112,113,72,2,2,9,0,1.6363636363636365,1.0,0.0,1.0
64,8,112,113,73,3,1,9,0,2.25,0.3333333333333333,0.0,0.3333333333333333
64,8,112,113,74,3,1,9,0,2.25,0.3333333333333333,0.0,0.3333333333333333
64,8,112,113,75,2,0,8,0,1.6,0.0,0.0,0.0
64,8,112,113,76,2,0,8,0,1.6,0.0,0.0,0.0
64,8,112,113,77,2,0,8,0,1.6,0.0,0.0,0.0
64,8,112,113,78,2,0,8,0,1.6,0.0,0.0,0.0
64,8,112,113,79,4,2,8,0,2.6666666666666665,0.5,0.0,0.5
64,8,112,113,80,1,0,10,0,0.9090909090909091,0.0,0.0,0.0
64,8,112,113,81,3,0,9,0,2.25,0.0,0.0,0.0
64,8,120,121,37,3,0,10,0,2.3076923076923075,0.0,0.0,0.0
64,8,120,121,38,1,0,10,0,0.9090909090909091,0.0,0.0,0.0
64,8,120,121,39,1,0,10,0,0.9090909090909091,0.0,0.0,0.0
64,8,120,121,40,2,0,10,0,1.6666666666666667,0.0,0.0,0.0
64,8,120,121,41,2,0,11,0,1.6923076923076923,0.0,0.0,0.0
64,8,120,121,56,1,0,2,0,0.6666666666666666,0.0,0.0,0.0
64,8,120,121,58,2,0,3,0,1.2,0.0,0.0,0.0
64,8,120,121,59,1,0,3,0,0.75,0.0,0.0,0.0
64,8,120,121,60,3,0,1,0,0.75,0.0,0.0,0.0
64,8,120,121,61,2,0,1,0,0.6666666666666666,0.0,0.0,0.0
64,8,120,121,68,3,0,1,0,0.75,0.0,0.0,0.0
64,8,120,121,69,2,1,3,0,1.2,0.5,0.0,0.5
64,8,120,121,70,1,0,4,0,0.8,0.0,0.0,0.0
64,8,120,121,71,2,0,4,0,1.3333333333333333,0.0,0.0,0.0
64,8,120,121,72,2,0,5,0,1.4285714285714286,0.0,0.0,0.0
64,8,120,121,73,2,2,6,0,1.5,1.0,0.0,1.0
64,8,120,121,74,1,1,6,0,0.8571428571428571,1.0,0.0,1.0
64,8,120,121,75,2,1,5,0,1.4285714285714286,0.5,0.0,0.5
64,8,120,121,77,2,0,3,0,1.2,0.0,0.0,0.0
64,8,120,121,78,2,1,3,0,1.2,0.5,0.0,0.5
64,8,120,121,79,2,2,3,1,1.2,1.0,0.3333333333333333,0.6666666666666667
64,8,120,121,80,2,1,3,1,1.2,0.5,0.3333333333333333,0.16666666666666669
64,8,120,121,81,3,2,3,1,1.5,0.6666666666666666,0.3333333333333333,0.3333333333333333
64,8,120,121,82,1,0,4,1,0.8,0.0,0.25,-0.25
64,8,120,121,83,3,3,3,1,1.5,1.0,0.3333333333333333,0.6666666666666667
64,8,120,121,84,2,2,3,1,1.2,1.0,0.3333333333333333,0.6666666666666667
64,8,120,121,85,2,2,2,2,1.0,1.0,1.0,0.0
64,8,128,129,39,2,0,11,0,1.6923076923076923,0.0,0.0,0.0
64,8,128,129,41,2,0,11,0,1.6923076923076923,0.0,0.0,0.0
64,8,128,129,60,1,0,7,0,0.875,0.0,0.0,0.0
64,8,128,129,62,2,0,7,0,1.5555555555555556,0.0,0.0,0.0
64,8,128,129,63,1,0,9,0,0.9,0.0,0.0,0.0
64,8,128,129,64,4,0,7,0,2.5454545454545454,0.0,0.0,0.0
64,8,128,129,65,4,0,5,0,2.2222222222222223,0.0,0.0,0.0
64,8,128,129,66,2,0,5,0,1.4285714285714286,0.0,0.0,0.0
64,8,128,129,67,3,0,3,0,1.5,0.0,0.0,0.0
64,8,128,129,68,4,0,2,0,1.3333333333333333,0.0,0.0,0.0
64,8,128,129,69,6,1,1,0,0.8571428571428571,0.16666666666666666,0.0,0.16666666666666666
64,8,128,129,70,4,0,1,0,0.8,0.0,0.0,0.0
64,8,128,129,71,1,0,1,0,0.5,0.0,0.0,0.0
64,8,128,129,72,1,0,2,0,0.6666666666666666,0.0,0.0,0.0
64,8,128,129,73,1,1,3,0,0.75,1.0,0.0,1.0
64,8,128,129,75,1,0,2,0,0.6666666666666666,0.0,0.0,0.0
64,8,128,129,76,2,1,1,0,0.6666666666666666,0.5,0.0,0.5
64,8,136,137,63,1,0,11,0,0.9166666666666666,0.0,0.0,0.0
64,8,136,137,65,2,0,12,0,1.7142857142857142,0.0,0.0,0.0
64,8,136,137,66,1,0,15,0,0.9375,0.0,0.0,0.0
64,8,136,137,67,2,0,16,0,1.7777777777777777,0.0,0.0,0.0
64,8,136,137,69,2,0,18,0,1.8,0.0,0.0,0.0
64,8,136,137,70,1,0,18,0,0.9473684210526315,0.0,0.0,0.0
64,8,136,137,71,3,0,15,0,2.5,0.0,0.0,0.0
64,8,136,137,72,3,0,13,0,2.4375,0.0,0.0,0.0
64,8,136,137,73,5,0,12,0,3.5294117647058822,0.0,0.0,0.0
64,8,136,137,74,1,0,13,0,0.9285714285714286,0.0,0.0,0.0
64,8,136,137,75,6,0,8,0,3.4285714285714284,0.0,0.0,0.0
64,8,136,137,76,5,0,5,0,2.5,0.0,0.0,0.0
64,8,136,137,77,2,0,5,0,1.4285714285714286,0.0,0.0,0.0
64,8,136,137,78,1,0,6,0,0.8571428571428571,0.0,0.0,0.0
64,8,136,137,79,1,0,6,0,0.8571428571428571,0.0,0.0,0.0
64,8,136,137,80,1,0,6,0,0.8571428571428571,0.0,0.0,0.0
64,8,136,137,81,1,0,6,0,0.8571428571428571,0.0,0.0,0.0
64,8,136,137,83,1,0,5,0,0.8333333333333334,0.0,0.0,0.0
64,8,144,145,80,3,0,11,0,2.357142857142857,0.0,0.0,0.0
64,8,144,145,81,2,0,8,0,1.6,0.0,0.0,0.0
64,9,16,17,14,1,1,2,0,0.6666666666666666,1.0,0.0,1.0
64,9,16,17,15,13,11,3,0,2.4375,0.8461538461538461,0.0,0.8461538461538461
64,9,24,25,19,1,1,1,0,0.5,1.0,0.0,1.0
64,9,24,25,20,2,1,1,0,0.6666666666666666,0.5,0.0,0.5
64,9,24,25,21,13,13,2,0,1.7333333333333334,1.0,0.0,1.0
64,9,40,41,32,2,2,2,0,1.0,1.0,0.0,1.0
64,9,40,41,33,5,3,4,0,2.2222222222222223,0.6,0.0,0.6
64,9,48,49,38,1,1,2,0,0.6666666666666666,1.0,0.0,1.0
64,9,48,49,39,12,11,2,0,1.7142857142857142,0.9166666666666666,0.0,0.9166666666666666
64,9,48,49,40,2,1,13,0,1.7333333333333334,0.5,0.0,0.5
64,9,56,57,44,3,2,2,0,1.2,0.6666666666666666,0.0,0.6666666666666666
64,9,56,57,45,5,3,3,0,1.875,0.6,0.0,0.6
64,9,56,57,46,2,1,10,1,1.6666666666666667,0.5,0.1,0.4
64,9,64,65,23,1,0,1,0,0.5,0.0,0.0,0.0
64,9,64,65,24,2,0,1,0,0.6666666666666666,0.0,0.0,0.0
64,9,64,65,25,2,0,2,0,1.0,0.0,0.0,0.0
64,9,64,65,26,2,0,3,0,1.2,0.0,0.0,0.0
64,9,64,65,28,2,0,3,0,1.2,0.0,0.0,0.0
64,9,64,65,37,1,0,2,0,0.6666666666666666,0.0,0.0,0.0
64,9,64,65,38,2,0,2,0,1.0,0.0,0.0,0.0
64,9,64,65,40,2,0,4,0,1.3333333333333333,0.0,0.0,0.0
64,9,64,65,41,1,0,5,0,0.8333333333333334,0.0,0.0,0.0
64,9,64,65,42,2,0,4,0,1.3333333333333333,0.0,0.0,0.0
64,9,64,65,43,1,0,3,0,0.75,0.0,0.0,0.0
64,9,64,65,45,1,0,3,0,0.75,0.0,0.0,0.0
64,9,64,65,46,1,1,5,0,0.8333333333333334,1.0,0.0,1.0
64,9,64,65,47,2,0,5,0,1.4285714285714286,0.0,0.0,0.0
64,9,64,65,48,1,0,7,0,0.875,0.0,0.0,0.0
64,9,64,65,49,1,1,9,0,0.9,1.0,0.0,1.0
64,9,64,65,50,1,1,12,0,0.9230769230769231,1.0,0.0,1.0
64,9,64,65,51,3,3,14,0,2.4705882352941178,1.0,0.0,1.0
64,9,64,65,52,3,3,18,0,2.5714285714285716,1.0,0.0,1.0
64,9,64,65,53,9,7,19,0,6.107142857142857,0.7777777777777778,0.0,0.7777777777777778
64,9,72,73,3,1,0,1,0,0.5,0.0,0.0,0.0
64,9,72,73,4,6,0,1,0,0.8571428571428571,0.0,0.0,0.0
64,9,72,73,5,1,0,6,0,0.8571428571428571,0.0,0.0,0.0
64,9,72,73,6,8,0,3,0,2.1818181818181817,0.0,0.0,0.0
64,9,72,73,7,2,0,5,0,1.4285714285714286,0.0,0.0,0.0
64,9,72,73,8,5,0,4,0,2.2222222222222223,0.0,0.0,0.0
64,9,72,73,9,1,0,5,0,0.8333333333333334,0.0,0.0,0.0
64,9,72,73,10,1,0,6,0,0.8571428571428571,0.0,0.0,0.0
64,9,72,73,11,1,0,6,0,0.8571428571428571,0.0,0.0,0.0
64,9,72,73,12,1,0,8,0,0.8888888888888888,0.0,0.0,0.0
64,9,72,73,17,2,0,12,0,1.7142857142857142,0.0,0.0,0.0
64,9,72,73,18,1,0,12,0,0.9230769230769231,0.0,0.0,0.0
64,9,72,73,19,1,0,13,0,0.9285714285714286,0.0,0.0,0.0
64,9,72,73,20,1,0,13,0,0.9285714285714286,0.0,0.0,0.0
64,9,72,73,21,2,0,13,0,1.7333333333333334,0.0,0.0,0.0
64,9,72,73,23,2,0,13,0,1.7333333333333334,0.0,0.0,0.0
64,9,72,73,24,6,0,8,0,3.4285714285714284,0.0,0.0,0.0
64,9,72,73,36,1,0,12,0,0.9230769230769231,0.0,0.0,0.0
64,9,72,73,37,1,0,12,0,0.9230769230769231,0.0,0.0,0.0
64,9,72,73,38,3,0,10,0,2.3076923076923075,0.0,0.0,0.0
64,9,72,73,40,3,0,12,0,2.4,0.0,0.0,0.0
64,9,72,73,43,1,0,11,0,0.9166666666666666,0.0,0.0,0.0
64,9,72,73,48,3,0,10,0,2.3076923076923075,0.0,0.0,0.0
64,9,72,73,50,2,0,15,0,1.7647058823529411,0.0,0.0,0.0
64,9,72,73,51,1,0,17,0,0.9444444444444444,0.0,0.0,0.0
64,9,72,73,52,1,0,20,0,0.9523809523809523,0.0,0.0,0.0
64,9,72,73,53,1,0,21,0,0.9545454545454546,0.0,0.0,0.0
64,9,72,73,54,2,0,21,0,1.826086956521739,0.0,0.0,0.0
64,9,72,73,55,3,0,20,0,2.608695652173913,0.0,0.0,0.0
64,9,72,73,56,4,0,19,0,3.3043478260869565,0.0,0.0,0.0
64,9,72,73,57,1,0,20,0,0.9523809523809523,0.0,0.0,0.0
64,9,72,73,58,3,0,20,0,2.608695652173913,0.0,0.0,0.0
64,9,72,73,59,6,3,24,0,4.8,0.5,0.0,0.5
64,9,72,73,60,3,1,32,0,2.742857142857143,0.3333333333333333,0.0,0.3333333333333333
64,9,72,73,61,3,2,31,1,2.735294117647059,0.6666666666666666,0.03225806451612903,0.6344086021505376
64,9,72,73,64,2,0,26,0,1.8571428571428572,0.0,0.0,0.0
64,9,72,73,66,1,0,26,0,0.9629629629629629,0.0,0.0,0.0
64,9,80,81,7,3,1,20,0,2.608695652173913,0.3333333333333333,0.0,0.3333333333333333
64,9,80,81,9,2,0,20,0,1.8181818181818181,0.0,0.0,0.0
64,9,80,81,10,2,0,20,0,1.8181818181818181,0.0,0.0,0.0
64,9,80,81,11,6,0,13,0,4.105263157894737,0.0,0.0,0.0
64,9,80,81,13,2,0,10,0,1.6666666666666667,0.0,0.0,0.0
64,9,80,81,50,1,0,22,0,0.9565217391304348,0.0,0.0,0.0
64,9,80,81,51,1,0,23,0,0.9583333333333334,0.0,0.0,0.0
64,9,80,81,53,1,0,26,0,0.9629629629629629,0.0,0.0,0.0
64,9,80,81,54,1,0,27,0,0.9642857142857143,0.0,0.0,0.0
64,9,80,81,60,1,0,37,0,0.9736842105263158,0.0,0.0,0.0
64,9,80,81,63,2,2,24,0,1.8461538461538463,1.0,0.0,1.0
64,9,80,81,64,2,0,21,0,1.826086956521739,0.0,0.0,0.0
64,9,80,81,65,4,2,20,0,3.3333333333333335,0.5,0.0,0.5
64,9,80,81,66,3,2,22,0,2.64,0.6666666666666666,0.0,0.6666666666666666
64,9,80,81,67,4,3,23,0,3.4074074074074074,0.75,0.0,0.75
64,9,88,89,11,2,0,17,0,1.7894736842105263,0.0,0.0,0.0
64,9,88,89,12,3,0,13,0,2.4375,0.0,0.0,0.0
64,9,88,89,13,1,0,12,0,0.9230769230769231,0.0,0.0,0.0
64,9,88,89,14,1,0,12,0,0.9230769230769231,0.0,0.0,0.0
64,9,88,89,15,2,0,12,0,1.7142857142857142,0.0,0.0,0.0
64,9,88,89,18,1,0,14,0,0.9333333333333333,0.0,0.0,0.0
64,9,88,89,62,2,0,28,0,1.8666666666666667,0.0,0.0,0.0
64,9,88,89,64,3,0,23,0,2.6538461538461537,0.0,0.0,0.0
64,9,88,89,65,2,0,21,0,1.826086956521739,0.0,0.0,0.0
64,9,88,89,66,4,0,17,0,3.238095238095238,0.0,0.0,0.0
64,9,88,89,67,2,0,16,0,1.7777777777777777,0.0,0.0,0.0
64,9,88,89,68,2,0,14,0,1.75,0.0,0.0,0.0
64,9,88,89,71,1,1,12,0,0.9230769230769231,1.0,0.0,1.0
64,9,88,89,72,1,0,11,0,0.9166666666666666,0.0,0.0,0.0
64,9,88,89,73,5,5,11,0,3.4375,1.0,0.0,1.0
64,9,88,89,74,8,5,13,0,4.9523809523809526,0.625,0.0,0.625
64,9,88,89,75,1,1,20,0,0.9523809523809523,1.0,0.0,1.0
64,9,96,97,12,4,0,13,0,3.0588235294117645,0.0,0.0,0.0
64,9,96,97,13,1,0,12,0,0.9230769230769231,0.0,0.0,0.0
64,9,96,97,14,1,0,12,0,0.9230769230769231,0.0,0.0,0.0
64,9,96,97,15,2,0,12,0,1.7142857142857142,0.0,0.0,0.0
64,9,96,97,16,2,0,13,0,1.7333333333333334,0.0,0.0,0.0
64,9,96,97,17,2,0,14,0,1.75,0.0,0.0,0.0
64,9,96,97,74,7,0,15,0,4.7727272727272725,0.0,0.0,0.0
64,9,96,97,75,2,0,14,0,1.75,0.0,0.0,0.0
64,9,96,97,76,6,0,8,0,3.4285714285714284,0.0,0.0,0.0
64,9,96,97,77,1,0,6,0,0.8571428571428571,0.0,0.0,0.0
64,9,96,97,79,2,0,4,0,1.3333333333333333,0.0,0.0,0.0
64,9,96,97,80,2,0,3,0,1.2,0.0,0.0,0.0
64,9,96,97,82,2,1,1,0,0.6666666666666666,0.5,0.0,0.5
64,9,104,105,13,4,1,12,0,3.0,0.25,0.0,0.25
64,9,104,105,15,2,0,12,0,1.7142857142857142,0.0,0.0,0.0
64,9,104,105,16,2,0,13,0,1.7333333333333334,0.0,0.0,0.0
64,9,104,105,17,2,0,14,0,1.75,0.0,0.0,0.0
64,10,16,17,15,22,20,1,0,0.9565217391304348,0.9090909090909091,0.0,0.9090909090909091
64,10,24,25,20,4,2,1,0,0.8,0.5,0.0,0.5
64,10,24,25,21,15,13,3,0,2.5,0.8666666666666667,0.0,0.8666666666666667
64,10,32,33,26,8,4,4,0,2.6666666666666665,0.5,0.0,0.5
64,10,32,33,27,16,8,10,0,6.153846153846154,0.5,0.0,0.5
64,10,40,41,31,6,3,1,0,0.8571428571428571,0.5,0.0,0.5
64,10,40,41,32,5,4,5,0,2.5,0.8,0.0,0.8
64,10,40,41,33,21,18,9,0,6.3,0.8571428571428571,0.0,0.8571428571428571
64,10,48,49,38,9,2,3,1,2.25,0.2222222222222222,0.3333333333333333,-0.1111111111111111
64,10,48,49,39,12,7,11,1,5.739130434782608,0.5833333333333334,0.09090909090909091,0.49242424242424243
64,10,56,57,40,5,1,2,0,1.4285714285714286,0.2,0.0,0.2
64,10,56,57,41,5,2,5,0,2.5,0.4,0.0,0.4
64,10,56,57,42,3,0,10,0,2.3076923076923075,0.0,0.0,0.0
64,10,56,57,43,9,3,12,0,5.142857142857143,0.3333333333333333,0.0,0.3333333333333333
64,10,56,57,44,2,2,21,0,1.826086956521739,1.0,0.0,1.0
64,10,56,57,46,1,1,24,0,0.96,1.0,0.0,1.0
64,10,64,65,43,1,1,1,0,0.5,1.0,0.0,1.0
64,10,64,65,44,4,2,2,0,1.3333333333333333,0.5,0.0,0.5
64,10,64,65,45,3,1,5,0,1.875,0.3333333333333333,0.0,0.3333333333333333
64,10,64,65,46,3,1,7,0,2.1,0.3333333333333333,0.0,0.3333333333333333
64,10,64,65,47,3,2,9,0,2.25,0.6666666666666666,0.0,0.6666666666666666
64,10,64,65,48,4,2,11,0,2.933333333333333,0.5,0.0,0.5
64,10,64,65,49,7,5,13,0,4.55,0.7142857142857143,0.0,0.7142857142857143
64,10,64,65,50,5,4,20,0,4.0,0.8,0.0,0.8
64,10,64,65,51,5,3,24,0,4.137931034482759,0.6,0.0,0.6
64,10,72,73,32,3,0,2,0,1.2,0.0,0.0,0.0
64,10,72,73,34,2,0,3,0,1.2,0.0,0.0,0.0
64,10,72,73,35,1,0,4,0,0.8,0.0,0.0,0.0
64,10,72,73,36,4,0,3,0,1.7142857142857142,0.0,0.0,0.0
64,10,72,73,38,4,0,3,0,1.7142857142857142,0.0,0.0,0.0
64,10,72,73,40,4,0,3,0,1.7142857142857142,0.0,0.0,0.0
64,10,72,73,42,4,1,2,0,1.3333333333333333,0.25,0.0,0.25
64,10,72,73,43,1,0,3,0,0.75,0.0,0.0,0.0
64,10,72,73,44,2,0,2,0,1.0,0.0,0.0,0.0
64,10,72,73,48,4,2,2,0,1.3333333333333333,0.5,0.0,0.5
64,10,72,73,49,2,1,5,0,1.4285714285714286,0.5,0.0,0.5
64,10,72,73,50,3,0,4,0,1.7142857142857142,0.0,0.0,0.0
64,10,72,73,51,1,0,4,0,0.8,0.0,0.0,0.0
64,10,72,73,52,1,0,4,0,0.8,0.0,0.0,0.0
64,10,72,73,53,3,2,4,0,1.7142857142857142,0.6666666666666666,0.0,0.6666666666666666
64,10,72,73,54,3,2,6,0,2.0,0.6666666666666666,0.0,0.6666666666666666
64,10,72,73,55,5,2,6,0,2.727272727272727,0.4,0.0,0.4
64,10,72,73,56,4,2,9,0,2.769230769230769,0.5,0.0,0.5
64,10,72,73,57,5,3,11,0,3.4375,0.6,0.0,0.6
64,10,72,73,59,1,1,12,0,0.9230769230769231,1.0,0.0,1.0
64,10,80,81,11,2,0,2,0,1.0,0.0,0.0,0.0
64,10,80,81,12,2,0,3,0,1.2,0.0,0.0,0.0
64,10,80,81,14,3,0,3,0,1.5,0.0,0.0,0.0
64,10,80,81,16,3,0,3,0,1.5,0.0,0.0,0.0
64,10,80,81,17,1,0,3,0,0.75,0.0,0.0,0.0
64,10,80,81,35,2,0,12,0,1.7142857142857142,0.0,0.0,0.0
64,10,80,81,37,2,0,12,0,1.7142857142857142,0.0,0.0,0.0
64,10,80,81,38,1,0,13,0,0.9285714285714286,0.0,0.0,0.0
64,10,80,81,50,2,2,2,0,1.0,1.0,0.0,1.0
64,10,80,81,51,1,0,2,0,0.6666666666666666,0.0,0.0,0.0
64,10,80,81,52,2,0,1,0,0.6666666666666666,0.0,0.0,0.0
64,10,80,81,53,2,0,1,0,0.6666666666666666,0.0,0.0,0.0
64,10,80,81,54,3,1,1,0,0.75,0.3333333333333333,0.0,0.3333333333333333
64,10,80,81,55,1,0,3,0,0.75,0.0,0.0,0.0
64,10,80,81,56,2,2,3,0,1.2,1.0,0.0,1.0
64,10,80,81,57,5,0,4,0,2.2222222222222223,0.0,0.0,0.0
64,10,80,81,58,4,1,7,0,2.5454545454545454,0.25,0.0,0.25
64,10,80,81,60,3,0,7,0,2.1,0.0,0.0,0.0
64,10,80,81,62,1,0,7,0,0.875,0.0,0.0,0.0
64,10,88,89,2,3,0,1,0,0.75,0.0,0.0,0.0
64,10,88,89,4,1,0,6,0,0.8571428571428571,0.0,0.0,0.0
64,10,88,89,5,1,0,7,0,0.875,0.0,0.0,0.0
64,10,88,89,6,1,0,8,0,0.8888888888888888,0.0,0.0,0.0
64,10,88,89,7,1,0,9,0,0.9,0.0,0.0,0.0
64,10,88,89,8,2,0,9,0,1.6363636363636365,0.0,0.0,0.0
64,10,88,89,9,1,0,11,0,0.9166666666666666,0.0,0.0,0.0
64,10,88,89,10,1,0,12,0,0.9230769230769231,0.0,0.0,0.0
64,10,88,89,11,1,0,13,0,0.9285714285714286,0.0,0.0,0.0
64,10,88,89,12,1,0,14,0,0.9333333333333333,0.0,0.0,0.0
64,10,88,89,18,4,0,6,0,2.4,0.0,0.0,0.0
64,10,88,89,20,1,0,4,0,0.8,0.0,0.0,0.0
64,10,88,89,22,1,0,2,0,0.6666666666666666,0.0,0.0,0.0
64,10,88,89,38,1,0,16,0,0.9411764705882353,0.0,0.0,0.0
64,10,88,89,39,1,0,13,0,0.9285714285714286,0.0,0.0,0.0
64,10,88,89,51,1,0,1,0,0.5,0.0,0.0,0.0
64,10,88,89,53,3,0,1,0,0.75,0.0,0.0,0.0
64,10,88,89,54,4,0,1,0,0.8,0.0,0.0,0.0
64,10,88,89,55,3,0,2,0,1.2,0.0,0.0,0.0
64,10,88,89,56,2,0,3,0,1.2,0.0,0.0,0.0
64,10,88,89,57,1,0,3,0,0.75,0.0,0.0,0.0
64,10,88,89,58,6,1,3,0,2.0,0.16666666666666666,0.0,0.16666666666666666
64,10,88,89,59,3,0,6,0,2.0,0.0,0.0,0.0
64,10,88,89,60,2,0,6,0,1.5,0.0,0.0,0.0
64,10,88,89,61,1,0,7,0,0.875,0.0,0.0,0.0
64,10,88,89,62,2,0,6,0,1.5,0.0,0.0,0.0
64,10,88,89,65,2,0,8,0,1.6,0.0,0.0,0.0
64,10,96,97,6,1,0,12,0,0.9230769230769231,0.0,0.0,0.0
64,10,96,97,19,1,0,8,0,0.8888888888888888,0.0,0.0,0.0
64,10,96,97,20,1,0,8,0,0.8888888888888888,0.0,0.0,0.0
64,10,96,97,21,2,0,4,0,1.3333333333333333,0.0,0.0,0.0
64,10,96,97,38,1,0,16,0,0.9411764705882353,0.0,0.0,0.0
64,10,96,97,39,1,0,15,0,0.9375,0.0,0.0,0.0
64,10,96,97,40,2,0,15,0,1.7647058823529411,0.0,0.0,0.0
64,10,96,97,41,3,0,14,0,2.4705882352941178,0.0,0.0,0.0
64,10,96,97,42,3,0,13,0,2.4375,0.0,0.0,0.0
64,10,96,97,43,3,0,12,0,2.4,0.0,0.0,0.0
64,10,96,97,44,5,0,9,0,3.2142857142857144,0.0,0.0,0.0
64,10,96,97,45,3,0,8,0,2.1818181818181817,0.0,0.0,0.0
64,10,96,97,46,3,0,7,0,2.1,0.0,0.0,0.0
64,10,96,97,47,2,0,6,0,1.5,0.0,0.0,0.0
64,10,96,97,48,4,0,5,0,2.2222222222222223,0.0,0.0,0.0
64,10,96,97,49,3,0,6,0,2.0,0.0,0.0,0.0
64,10,96,97,50,4,0,6,0,2.4,0.0,0.0,0.0
64,10,96,97,51,2,0,7,0,1.5555555555555556,0.0,0.0,0.0
64,10,96,97,52,6,0,5,0,2.727272727272727,0.0,0.0,0.0
64,10,96,97,54,2,0,7,0,1.5555555555555556,0.0,0.0,0.0
64,10,96,97,56,1,0,7,0,0.875,0.0,0.0,0.0
64,10,96,97,58,4,2,6,0,2.4,0.5,0.0,0.5
64,10,96,97,59,2,0,8,0,1.6,0.0,0.0,0.0
64,10,96,97,60,1,0,8,0,0.8888888888888888,0.0,0.0,0.0
64,10,96,97,61,1,0,8,0,0.8888888888888888,0.0,0.0,0.0
64,10,96,97,62,1,1,7,0,0.875,1.0,0.0,1.0
64,10,96,97,65,2,0,8,0,1.6,0.0,0.0,0.0
64,10,96,97,66,1,0,10,0,0.9090909090909091,0.0,0.0,0.0
64,10,96,97,68,2,0,14,0,1.75,0.0,0.0,0.0
64,10,104,105,10,1,0,17,0,0.9444444444444444,0.0,0.0,0.0
64,10,104,105,11,1,0,17,0,0.9444444444444444,0.0,0.0,0.0
64,10,104,105,12,1,0,17,0,0.9444444444444444,0.0,0.0,0.0
64,10,104,105,13,1,0,17,0,0.9444444444444444,0.0,0.0,0.0
64,10,104,105,14,1,0,17,0,0.9444444444444444,0.0,0.0,0.0
64,10,104,105,15,1,0,17,0,0.9444444444444444,0.0,0.0,0.0
64,10,104,105,16,1,0,16,0,0.9411764705882353,0.0,0.0,0.0
64,10,104,105,17,1,0,14,0,0.9333333333333333,0.0,0.0,0.0
64,10,104,105,18,1,0,12,0,0.9230769230769231,0.0,0.0,0.0
64,10,104,105,19,1,0,10,0,0.9090909090909091,0.0,0.0,0.0
64,10,104,105,20,1,0,9,0,0.9,0.0,0.0,0.0
64,10,104,105,21,1,0,6,0,0.8571428571428571,0.0,0.0,0.0
64,10,104,105,22,3,0,4,0,1.7142857142857142,0.0,0.0,0.0
64,10,104,105,24,2,0,6,0,1.5,0.0,0.0,0.0
64,10,104,105,25,2,0,7,0,1.5555555555555556,0.0,0.0,0.0
64,10,104,105,26,4,0,6,0,2.4,0.0,0.0,0.0
64,10,104,105,27,2,0,7,0,1.5555555555555556,0.0,0.0,0.0
64,10,104,105,28,2,0,8,0,1.6,0.0,0.0,0.0
64,10,104,105,29,2,0,9,0,1.6363636363636365,0.0,0.0,0.0
64,10,104,105,30,3,0,9,0,2.25,0.0,0.0,0.0
64,10,104,105,31,1,0,10,0,0.9090909090909091,0.0,0.0,0.0
64,10,104,105,48,1,0,26,0,0.9629629629629629,0.0,0.0,0.0
64,10,104,105,49,1,0,26,0,0.9629629629629629,0.0,0.0,0.0
64,10,104,105,50,1,0,26,0,0.9629629629629629,0.0,0.0,0.0
64,10,104,105,51,1,0,25,0,0.9615384615384616,0.0,0.0,0.0
64,10,104,105,52,3,0,21,0,2.625,0.0,0.0,0.0
64,10,104,105,53,1,0,18,0,0.9473684210526315,0.0,0.0,0.0
64,10,104,105,54,2,0,14,0,1.75,0.0,0.0,0.0
64,10,104,105,55,3,0,10,0,2.3076923076923075,0.0,0.0,0.0
64,10,104,105,56,2,0,8,0,1.6,0.0,0.0,0.0
64,10,104,105,59,1,0,5,0,0.8333333333333334,0.0,0.0,0.0
64,10,104,105,60,4,1,4,0,2.0,0.25,0.0,0.25
64,10,104,105,61,1,0,7,0,0.875,0.0,0.0,0.0
64,10,104,105,62,1,1,6,0,0.8571428571428571,1.0,0.0,1.0
64,10,104,105,63,1,0,7,0,0.875,0.0,0.0,0.0
64,10,104,105,65,2,0,8,0,1.6,0.0,0.0,0.0
64,10,112,113,12,1,0,19,0,0.95,0.0,0.0,0.0
64,10,112,113,13,1,0,19,0,0.95,0.0,0.0,0.0
64,10,112,113,14,1,0,19,0,0.95,0.0,0.0,0.0
64,10,112,113,16,2,0,18,0,1.8,0.0,0.0,0.0
64,10,112,113,18,2,0,14,0,1.75,0.0,0.0,0.0
64,10,112,113,20,2,0,11,0,1.6923076923076923,0.0,0.0,0.0
64,10,112,113,21,1,0,8,0,0.8888888888888888,0.0,0.0,0.0
64,10,112,113,22,1,0,8,0,0.8888888888888888,0.0,0.0,0.0
64,10,112,113,23,1,0,8,0,0.8888888888888888,0.0,0.0,0.0
64,10,112,113,24,2,0,9,0,1.6363636363636365,0.0,0.0,0.0
64,10,112,113,26,2,0,13,0,1.7333333333333334,0.0,0.0,0.0
64,10,112,113,28,1,0,17,0,0.9444444444444444,0.0,0.0,0.0
64,10,112,113,30,1,0,20,0,0.9523809523809523,0.0,0.0,0.0
64,10,112,113,32,6,0,18,0,4.5,0.0,0.0,0.0
64,10,112,113,33,4,0,17,0,3.238095238095238,0.0,0.0,0.0
64,10,112,113,34,5,0,16,0,3.8095238095238093,0.0,0.0,0.0
64,10,112,113,35,1,0,17,0,0.9444444444444444,0.0,0.0,0.0
64,10,112,113,36,3,0,15,0,2.5,0.0,0.0,0.0
64,10,112,113,60,4,0,7,0,2.5454545454545454,0.0,0.0,0.0
64,10,112,113,61,1,0,7,0,0.875,0.0,0.0,0.0
64,10,112,113,62,3,0,4,0,1.7142857142857142,0.0,0.0,0.0
64,10,112,113,64,3,1,6,0,2.0,0.3333333333333333,0.0,0.3333333333333333
64,10,120,121,18,1,0,20,0,0.9523809523809523,0.0,0.0,0.0
64,10,120,121,20,1,0,18,0,0.9473684210526315,0.0,0.0,0.0
64,10,120,121,21,1,0,16,0,0.9411764705882353,0.0,0.0,0.0
64,10,120,121,22,1,0,17,0,0.9444444444444444,0.0,0.0,0.0
64,10,120,121,23,1,0,17,0,0.9444444444444444,0.0,0.0,0.0
64,10,120,121,24,1,0,19,0,0.95,0.0,0.0,0.0
64,10,120,121,25,1,0,21,0,0.9545454545454546,0.0,0.0,0.0
64,10,120,121,26,4,0,19,0,3.3043478260869565,0.0,0.0,0.0
64,10,120,121,27,2,0,19,0,1.8095238095238095,0.0,0.0,0.0
64,10,120,121,28,2,0,19,0,1.8095238095238095,0.0,0.0,0.0
64,10,120,121,39,3,0,20,0,2.608695652173913,0.0,0.0,0.0
64,10,120,121,40,1,0,21,0,0.9545454545454546,0.0,0.0,0.0
64,10,120,121,41,1,0,21,0,0.9545454545454546,0.0,0.0,0.0
64,10,120,121,42,2,0,21,0,1.826086956521739,0.0,0.0,0.0
64,11,16,17,15,4,4,3,0,1.7142857142857142,1.0,0.0,1.0
64,11,24,25,18,1,1,1,0,0.5,1.0,0.0,1.0
64,11,24,25,19,3,3,2,0,1.2,1.0,0.0,1.0
64,11,24,25,20,2,1,4,0,1.3333333333333333,0.5,0.0,0.5
64,11,24,25,21,8,5,5,0,3.076923076923077,0.625,0.0,0.625
64,11,32,33,24,1,1,1,0,0.5,1.0,0.0,1.0
64,11,32,33,25,3,3,2,0,1.2,1.0,0.0,1.0
64,11,32,33,26,1,1,4,0,0.8,1.0,0.0,1.0
64,11,32,33,27,13,8,4,0,3.0588235294117645,0.6153846153846154,0.0,0.6153846153846154
64,11,40,41,32,3,2,1,0,0.75,0.6666666666666666,0.0,0.6666666666666666
64,11,40,41,33,6,3,3,1,2.0,0.5,0.3333333333333333,0.16666666666666669
64,11,48,49,36,2,1,2,0,1.0,0.5,0.0,0.5
64,11,48,49,37,2,1,3,0,1.2,0.5,0.0,0.5
64,11,48,49,38,1,1,4,0,0.8,1.0,0.0,1.0
64,11,48,49,39,4,4,4,0,2.0,1.0,0.0,1.0
64,11,56,57,43,3,2,2,0,1.2,0.6666666666666666,0.0,0.6666666666666666
64,11,56,57,44,1,1,5,0,0.8333333333333334,1.0,0.0,1.0
64,11,56,57,45,5,5,6,0,2.727272727272727,1.0,0.0,1.0
64,11,56,57,46,3,1,11,0,2.357142857142857,0.3333333333333333,0.0,0.3333333333333333
64,11,64,65,46,1,0,3,0,0.75,0.0,0.0,0.0
64,11,64,65,47,1,0,4,1,0.8,0.0,0.25,-0.25
64,11,64,65,48,2,1,4,0,1.3333333333333333,0.5,0.0,0.5
64,11,64,65,49,1,0,5,0,0.8333333333333334,0.0,0.0,0.0
64,11,64,65,50,1,0,5,0,0.8333333333333334,0.0,0.0,0.0
64,11,64,65,51,1,0,5,0,0.8333333333333334,0.0,0.0,0.0
64,11,64,65,52,3,2,5,0,1.875,0.6666666666666666,0.0,0.6666666666666666
64,11,64,65,53,1,1,7,0,0.875,1.0,0.0,1.0
64,11,72,73,2,3,0,5,0,1.875,0.0,0.0,0.0
64,11,72,73,3,1,0,8,0,0.8888888888888888,0.0,0.0,0.0
64,11,72,73,4,6,0,6,0,3.0,0.0,0.0,0.0
64,11,72,73,5,2,0,8,0,1.6,0.0,0.0,0.0
64,11,72,73,6,4,0,7,0,2.5454545454545454,0.0,0.0,0.0
64,11,72,73,7,1,0,9,0,0.9,0.0,0.0,0.0
64,11,72,73,8,5,0,6,0,2.727272727272727,0.0,0.0,0.0
64,11,72,73,9,4,0,4,0,2.0,0.0,0.0,0.0
64,11,72,73,47,2,0,2,0,1.0,0.0,0.0,0.0
64,11,72,73,48,2,0,2,0,1.0,0.0,0.0,0.0
64,11,72,73,49,1,0,3,0,0.75,0.0,0.0,0.0
64,11,72,73,50,2,0,3,0,1.2,0.0,0.0,0.0
64,11,72,73,51,1,0,4,0,0.8,0.0,0.0,0.0
64,11,72,73,52,2,1,4,0,1.3333333333333333,0.5,0.0,0.5
64,11,72,73,54,1,0,4,0,0.8,0.0,0.0,0.0
64,11,72,73,55,1,0,4,0,0.8,0.0,0.0,0.0
64,11,72,73,57,1,0,3,0,0.75,0.0,0.0,0.0
64,11,80,81,23,2,0,13,0,1.7333333333333334,0.0,0.0,0.0
64,11,80,81,24,1,0,13,0,0.9285714285714286,0.0,0.0,0.0
64,11,80,81,25,4,0,10,0,2.857142857142857,0.0,0.0,0.0
64,11,80,81,27,1,0,9,0,0.9,0.0,0.0,0.0
64,11,80,81,29,1,0,8,0,0.8888888888888888,0.0,0.0,0.0
64,11,80,81,30,1,0,8,0,0.8888888888888888,0.0,0.0,0.0
64,11,80,81,31,1,0,8,0,0.8888888888888888,0.0,0.0,0.0
64,11,80,81,47,1,0,1,0,0.5,0.0,0.0,0.0
64,11,80,81,48,3,1,1,0,0.75,0.3333333333333333,0.0,0.3333333333333333
64,11,80,81,49,1,0,3,0,0.75,0.0,0.0,0.0
64,11,80,81,50,2,1,3,0,1.2,0.5,0.0,0.5
64,11,80,81,51,1,0,4,0,0.8,0.0,0.0,0.0
64,11,80,81,52,1,0,4,0,0.8,0.0,0.0,0.0
64,11,80,81,53,1,0,4,0,0.8,0.0,0.0,0.0
64,11,80,81,54,1,0,4,0,0.8,0.0,0.0,0.0
64,11,80,81,55,1,0,4,0,0.8,0.0,0.0,0.0
64,11,80,81,56,1,0,3,0,0.75,0.0,0.0,0.0
64,11,80,81,58,1,0,2,0,0.6666666666666666,0.0,0.0,0.0
64,11,88,89,26,2,0,15,0,1.7647058823529411,0.0,0.0,0.0
64,11,88,89,27,2,0,14,0,1.75,0.0,0.0,0.0
64,11,88,89,28,1,0,14,0,0.9333333333333333,0.0,0.0,0.0
64,11,88,89,29,1,0,13,0,0.9285714285714286,0.0,0.0,0.0
64,11,88,89,30,2,0,10,0,1.6666666666666667,0.0,0.0,0.0
64,11,88,89,49,2,0,1,0,0.6666666666666666,0.0,0.0,0.0
64,11,88,89,50,1,0,2,0,0.6666666666666666,0.0,0.0,0.0
64,11,88,89,51,2,0,2,0,1.0,0.0,0.0,0.0
64,11,88,89,52,1,0,3,0,0.75,0.0,0.0,0.0
64,11,88,89,53,1,0,3,0,0.75,0.0,0.0,0.0
64,11,88,89,54,2,1,3,0,1.2,0.5,0.0,0.5
64,11,88,89,56,1,0,3,0,0.75,0.0,0.0,0.0
64,11,88,89,58,1,0,2,0,0.6666666666666666,0.0,0.0,0.0
64,11,96,97,34,1,0,6,0,0.8571428571428571,0.0,0.0,0.0
64,11,96,97,35,1,0,5,0,0.8333333333333334,0.0,0.0,0.0
64,11,96,97,51,1,0,1,0,0.5,0.0,0.0,0.0
64,11,96,97,52,3,1,1,0,0.75,0.3333333333333333,0.0,0.3333333333333333
64,11,96,97,54,2,1,2,0,1.0,0.5,0.0,0.5
64,11,96,97,55,1,0,3,0,0.75,0.0,0.0,0.0
64,11,96,97,57,1,0,2,0,0.6666666666666666,0.0,0.0,0.0
64,11,104,105,35,1,0,7,0,0.875,0.0,0.0,0.0
64,11,104,105,36,1,0,6,0,0.8571428571428571,0.0,0.0,0.0
64,11,104,105,37,1,0,5,0,0.8333333333333334,0.0,0.0,0.0
64,11,104,105,38,1,0,4,0,0.8,0.0,0.0,0.0
64,11,104,105,39,1,0,3,0,0.75,0.0,0.0,0.0
64,11,104,105,40,1,0,2,0,0.6666666666666666,0.0,0.0,0.0
64,11,104,105,41,2,0,1,0,0.6666666666666666,0.0,0.0,0.0
64,11,104,105,42,1,0,1,0,0.5,0.0,0.0,0.0
64,11,112,113,36,1,0,7,0,0.875,0.0,0.0,0.0
64,11,112,113,37,1,0,6,0,0.8571428571428571,0.0,0.0,0.0
64,11,112,113,39,1,0,5,0,0.8333333333333334,0.0,0.0,0.0
64,11,112,113,40,1,0,4,0,0.8,0.0,0.0,0.0
64,11,112,113,41,1,0,4,0,0.8,0.0,0.0,0.0
64,11,112,113,43,1,0,5,0,0.8333333333333334,0.0,0.0,0.0
64,11,112,113,44,1,0,5,0,0.8333333333333334,0.0,0.0,0.0
64,11,112,113,45,1,0,5,0,0.8333333333333334,0.0,0.0,0.0
64,11,112,113,46,1,0,5,0,0.8333333333333334,0.0,0.0,0.0
64,11,112,113,47,2,0,4,0,1.3333333333333333,0.0,0.0,0.0
64,11,112,113,48,2,0,2,0,1.0,0.0,0.0,0.0
64,12,8,9,9,20,20,2,0,1.8181818181818181,1.0,0.0,1.0
64,12,16,17,15,26,26,1,0,0.9629629629629629,1.0,0.0,1.0
64,12,24,25,21,14,12,1,0,0.9333333333333333,0.8571428571428571,0.0,0.8571428571428571
64,12,40,41,32,1,1,1,0,0.5,1.0,0.0,1.0
64,12,40,41,33,2,2,2,0,1.0,1.0,0.0,1.0
64,12,48,49,37,2,1,4,0,1.3333333333333333,0.5,0.0,0.5
64,12,48,49,38,3,1,8,0,2.1818181818181817,0.3333333333333333,0.0,0.3333333333333333
64,12,48,49,39,4,4,13,0,3.0588235294117645,1.0,0.0,1.0
64,12,56,57,41,2,0,10,0,1.6666666666666667,0.0,0.0,0.0
64,12,56,57,42,2,1,13,0,1.7333333333333334,0.5,0.0,0.5
64,12,56,57,43,3,3,16,0,2.526315789473684,1.0,0.0,1.0
64,12,56,57,44,1,0,18,0,0.9473684210526315,0.0,0.0,0.0
64,12,56,57,45,3,2,18,0,2.5714285714285716,0.6666666666666666,0.0,0.6666666666666666
64,12,56,57,46,1,0,20,0,0.9523809523809523,0.0,0.0,0.0
64,12,64,65,40,2,0,2,0,1.0,0.0,0.0,0.0
64,12,64,65,41,2,2,3,0,1.2,1.0,0.0,1.0
64,12,64,65,42,4,0,4,0,2.0,0.0,0.0,0.0
64,12,64,65,43,7,2,6,0,3.230769230769231,0.2857142857142857,0.0,0.2857142857142857
64,12,64,65,44,3,1,9,0,2.25,0.3333333333333333,0.0,0.3333333333333333
64,12,64,65,45,6,3,8,0,3.4285714285714284,0.5,0.0,0.5
64,12,64,65,46,4,1,11,0,2.933333333333333,0.25,0.0,0.25
64,12,64,65,47,5,3,12,0,3.5294117647058822,0.6,0.0,0.6
64,12,64,65,48,1,0,16,0,0.9411764705882353,0.0,0.0,0.0
64,12,64,65,49,1,0,16,0,0.9411764705882353,0.0,0.0,0.0
64,12,64,65,50,1,0,15,0,0.9375,0.0,0.0,0.0
64,12,64,65,52,1,0,14,0,0.9333333333333333,0.0,0.0,0.0
64,12,72,73,7,2,0,2,0,1.0,0.0,0.0,0.0
64,12,72,73,8,1,0,4,0,0.8,0.0,0.0,0.0
64,12,72,73,9,2,0,5,0,1.4285714285714286,0.0,0.0,0.0
64,12,72,73,10,2,0,6,0,1.5,0.0,0.0,0.0
64,12,72,73,11,1,0,8,0,0.8888888888888888,0.0,0.0,0.0
64,12,72,73,12,2,0,9,0,1.6363636363636365,0.0,0.0,0.0
64,12,72,73,13,1,0,10,0,0.9090909090909091,0.0,0.0,0.0
64,12,72,73,14,3,0,8,0,2.1818181818181817,0.0,0.0,0.0
64,12,72,73,15,3,0,6,0,2.0,0.0,0.0,0.0
64,12,72,73,16,1,0,6,0,0.8571428571428571,0.0,0.0,0.0
64,12,72,73,37,1,0,5,0,0.8333333333333334,0.0,0.0,0.0
64,12,72,73,39,1,0,6,0,0.8571428571428571,0.0,0.0,0.0
64,12,72,73,41,1,0,7,0,0.875,0.0,0.0,0.0
64,12,72,73,43,1,0,8,0,0.8888888888888888,0.0,0.0,0.0
64,12,72,73,45,1,0,7,0,0.875,0.0,0.0,0.0
64,12,72,73,46,1,0,7,0,0.875,0.0,0.0,0.0
64,12,72,73,47,1,0,7,0,0.875,0.0,0.0,0.0
64,12,72,73,51,5,4,4,0,2.2222222222222223,0.8,0.0,0.8
64,12,72,73,52,5,3,5,0,2.5,0.6,0.0,0.6
64,12,72,73,53,3,2,10,1,2.3076923076923075,0.6666666666666666,0.1,0.5666666666666667
64,12,72,73,54,3,1,11,0,2.357142857142857,0.3333333333333333,0.0,0.3333333333333333
64,12,72,73,57,1,1,19,0,0.95,1.0,0.0,1.0
64,12,72,73,58,2,2,21,0,1.826086956521739,1.0,0.0,1.0
64,12,72,73,59,1,1,24,0,0.96,1.0,0.0,1.0
64,12,72,73,60,1,1,26,0,0.9629629629629629,1.0,0.0,1.0
64,12,72,73,62,1,0,31,0,0.96875,0.0,0.0,0.0
64,12,72,73,64,5,0,32,0,4.324324324324325,0.0,0.0,0.0
64,12,72,73,65,3,1,36,0,2.769230769230769,0.3333333333333333,0.0,0.3333333333333333
64,12,72,73,66,1,0,39,0,0.975,0.0,0.0,0.0
64,12,72,73,67,2,0,40,0,1.9047619047619047,0.0,0.0,0.0
64,12,80,81,4,1,0,8,0,0.8888888888888888,0.0,0.0,0.0
64,12,80,81,38,2,0,12,0,1.7142857142857142,0.0,0.0,0.0
64,12,80,81,39,3,0,13,0,2.4375,0.0,0.0,0.0
64,12,80,81,40,4,1,13,0,3.0588235294117645,0.25,0.0,0.25
64,12,80,81,41,7,0,10,0,4.117647058823529,0.0,0.0,0.0
64,12,80,81,42,3,1,9,0,2.25,0.3333333333333333,0.0,0.3333333333333333
64,12,80,81,52,1,0,3,0,0.75,0.0,0.0,0.0
64,12,80,81,54,2,2,7,0,1.5555555555555556,1.0,0.0,1.0
64,12,80,81,55,1,0,11,0,0.9166666666666666,0.0,0.0,0.0
64,12,80,81,56,1,1,15,0,0.9375,1.0,0.0,1.0
64,12,80,81,64,1,0,37,0,0.9736842105263158,0.0,0.0,0.0
64,12,80,81,65,1,0,38,0,0.9743589743589743,0.0,0.0,0.0
64,12,80,81,66,3,0,37,0,2.775,0.0,0.0,0.0
64,12,80,81,67,1,0,39,0,0.975,0.0,0.0,0.0
64,12,80,81,68,3,0,38,0,2.7804878048780486,0.0,0.0,0.0
64,12,88,89,7,2,0,14,0,1.75,0.0,0.0,0.0
64,12,88,89,8,2,0,15,0,1.7647058823529411,0.0,0.0,0.0
64,12,88,89,9,2,0,16,0,1.7777777777777777,0.0,0.0,0.0
64,12,88,89,10,3,0,16,0,2.526315789473684,0.0,0.0,0.0
64,12,88,89,40,2,0,18,0,1.8,0.0,0.0,0.0
64,12,88,89,42,2,0,21,0,1.826086956521739,0.0,0.0,0.0
64,12,88,89,44,1,0,22,0,0.9565217391304348,0.0,0.0,0.0
64,12,88,89,46,2,0,18,0,1.8,0.0,0.0,0.0
64,12,88,89,47,4,0,15,0,3.1578947368421053,0.0,0.0,0.0
64,12,88,89,48,4,0,10,0,2.857142857142857,0.0,0.0,0.0
64,12,88,89,49,1,0,8,0,0.8888888888888888,0.0,0.0,0.0
64,12,88,89,50,1,0,6,0,0.8571428571428571,0.0,0.0,0.0
64,12,88,89,51,1,0,4,0,0.8,0.0,0.0,0.0
64,12,88,89,54,2,0,2,0,1.0,0.0,0.0,0.0
64,12,88,89,55,2,1,6,0,1.5,0.5,0.0,0.5
64,12,88,89,56,1,0,10,0,0.9090909090909091,0.0,0.0,0.0
64,12,88,89,57,3,1,13,0,2.4375,0.3333333333333333,0.0,0.3333333333333333
64,12,88,89,58,1,0,17,0,0.9444444444444444,0.0,0.0,0.0
64,12,88,89,59,3,2,19,0,2.590909090909091,0.6666666666666666,0.0,0.6666666666666666
64,12,88,89,61,3,1,24,0,2.6666666666666665,0.3333333333333333,0.0,0.3333333333333333
64,12,88,89,62,2,1,28,0,1.8666666666666667,0.5,0.0,0.5
64,12,88,89,63,2,2,30,0,1.875,1.0,0.0,1.0
64,12,88,89,64,1,1,32,0,0.9696969696969697,1.0,0.0,1.0
64,12,88,89,65,7,6,33,0,5.775,0.8571428571428571,0.0,0.8571428571428571
64,12,96,97,10,2,0,23,0,1.84,0.0,0.0,0.0
64,12,96,97,11,1,0,24,0,0.96,0.0,0.0,0.0
64,12,96,97,12,2,0,24,0,1.8461538461538463,0.0,0.0,0.0
64,12,96,97,14,5,0,20,0,4.0,0.0,0.0,0.0
64,12,96,97,15,2,0,18,0,1.8,0.0,0.0,0.0
64,12,96,97,16,8,0,10,0,4.444444444444445,0.0,0.0,0.0
64,12,96,97,17,3,0,9,0,2.25,0.0,0.0,0.0
64,12,96,97,18,7,0,6,0,3.230769230769231,0.0,0.0,0.0
64,12,96,97,19,2,0,6,0,1.5,0.0,0.0,0.0
64,12,96,97,20,2,0,4,0,1.3333333333333333,0.0,0.0,0.0
64,12,96,97,21,1,0,3,0,0.75,0.0,0.0,0.0
64,12,96,97,22,2,0,1,0,0.6666666666666666,0.0,0.0,0.0
64,12,96,97,44,1,0,22,0,0.9565217391304348,0.0,0.0,0.0
64,12,96,97,46,3,0,18,0,2.5714285714285716,0.0,0.0,0.0
64,12,96,97,48,2,0,16,0,1.7777777777777777,0.0,0.0,0.0
64,12,96,97,49,2,0,15,0,1.7647058823529411,0.0,0.0,0.0
64,12,96,97,50,2,2,14,0,1.75,1.0,0.0,1.0
64,12,96,97,51,1,0,13,0,0.9285714285714286,0.0,0.0,0.0
64,12,96,97,52,7,0,7,0,3.5,0.0,0.0,0.0
64,12,96,97,53,2,0,8,0,1.6,0.0,0.0,0.0
64,12,96,97,54,2,0,5,0,1.4285714285714286,0.0,0.0,0.0
64,12,96,97,55,2,0,6,0,1.5,0.0,0.0,0.0
64,12,96,97,56,1,0,7,0,0.875,0.0,0.0,0.0
64,12,96,97,57,3,0,8,0,2.1818181818181817,0.0,0.0,0.0
64,12,96,97,58,1,0,12,0,0.9230769230769231,0.0,0.0,0.0
64,12,96,97,59,1,1,14,0,0.9333333333333333,1.0,0.0,1.0
64,12,96,97,61,3,3,19,0,2.590909090909091,1.0,0.0,1.0
64,12,96,97,62,1,1,24,0,0.96,1.0,0.0,1.0
64,12,96,97,63,1,1,26,0,0.9629629629629629,1.0,0.0,1.0
64,12,96,97,64,1,0,28,0,0.9655172413793104,0.0,0.0,0.0
64,12,96,97,65,2,1,30,0,1.875,0.5,0.0,0.5
64,12,96,97,67,2,1,32,0,1.8823529411764706,0.5,0.0,0.5
64,12,96,97,68,1,1,33,0,0.9705882352941176,1.0,0.0,1.0
64,12,96,97,69,2,1,32,0,1.8823529411764706,0.5,0.0,0.5
64,12,104,105,21,2,0,13,0,1.7333333333333334,0.0,0.0,0.0
64,12,104,105,22,1,0,10,0,0.9090909090909091,0.0,0.0,0.0
64,12,104,105,23,3,0,5,0,1.875,0.0,0.0,0.0
64,12,104,105,24,2,0,3,0,1.2,0.0,0.0,0.0
64,12,104,105,26,1,0,2,0,0.6666666666666666,0.0,0.0,0.0
64,12,104,105,44,1,0,22,0,0.9565217391304348,0.0,0.0,0.0
64,12,104,105,46,3,0,18,0,2.5714285714285716,0.0,0.0,0.0
64,12,104,105,48,2,0,16,0,1.7777777777777777,0.0,0.0,0.0
64,12,104,105,49,2,0,15,0,1.7647058823529411,0.0,0.0,0.0
64,12,104,105,50,2,0,14,0,1.75,0.0,0.0,0.0
64,12,104,105,51,3,0,13,0,2.4375,0.0,0.0,0.0
64,12,104,105,52,2,0,12,0,1.7142857142857142,0.0,0.0,0.0
64,12,104,105,67,4,1,26,0,3.466666666666667,0.25,0.0,0.25
64,12,104,105,68,2,0,28,0,1.8666666666666667,0.0,0.0,0.0
64,12,104,105,69,2,0,27,0,1.8620689655172413,0.0,0.0,0.0
64,12,104,105,70,2,0,28,0,1.8666666666666667,0.0,0.0,0.0
64,12,104,105,71,2,1,26,0,1.8571428571428572,0.5,0.0,0.5
64,12,104,105,73,1,0,28,0,0.9655172413793104,0.0,0.0,0.0
64,12,112,113,46,1,0,20,0,0.9523809523809523,0.0,0.0,0.0
64,12,112,113,48,2,0,16,0,1.7777777777777777,0.0,0.0,0.0
64,12,112,113,49,2,0,15,0,1.7647058823529411,0.0,0.0,0.0
64,12,112,113,50,2,0,14,0,1.75,0.0,0.0,0.0
64,12,112,113,51,3,0,14,0,2.4705882352941178,0.0,0.0,0.0
64,12,112,113,52,1,0,14,0,0.9333333333333333,0.0,0.0,0.0
64,12,112,113,53,1,0,12,0,0.9230769230769231,0.0,0.0,0.0
64,12,112,113,54,1,0,9,0,0.9,0.0,0.0,0.0
64,12,112,113,55,1,0,9,0,0.9,0.0,0.0,0.0
64,12,112,113,56,1,0,9,0,0.9,0.0,0.0,0.0
64,12,112,113,57,1,0,10,0,0.9090909090909091,0.0,0.0,0.0
64,12,112,113,58,1,0,11,0,0.9166666666666666,0.0,0.0,0.0
64,12,112,113,59,1,0,12,0,0.9230769230769231,0.0,0.0,0.0
64,12,112,113,61,1,0,16,0,0.9411764705882353,0.0,0.0,0.0
64,12,112,113,68,4,1,26,0,3.466666666666667,0.25,0.0,0.25
64,12,112,113,69,2,0,27,0,1.8620689655172413,0.0,0.0,0.0
64,12,112,113,70,2,0,27,0,1.8620689655172413,0.0,0.0,0.0
64,12,112,113,71,2,0,24,0,1.8461538461538463,0.0,0.0,0.0
64,12,112,113,72,2,0,25,0,1.8518518518518519,0.0,0.0,0.0
64,12,112,113,73,2,0,25,0,1.8518518518518519,0.0,0.0,0.0
64,12,112,113,74,1,0,26,0,0.9629629629629629,0.0,0.0,0.0
64,12,112,113,75,2,0,26,0,1.8571428571428572,0.0,0.0,0.0
64,12,112,113,76,1,1,27,0,0.9642857142857143,1.0,0.0,1.0
64,12,120,121,46,1,0,20,0,0.9523809523809523,0.0,0.0,0.0
64,12,120,121,48,2,0,16,0,1.7777777777777777,0.0,0.0,0.0
64,12,120,121,49,2,0,15,0,1.7647058823529411,0.0,0.0,0.0
64,12,120,121,50,2,0,14,0,1.75,0.0,0.0,0.0
64,12,120,121,51,3,0,14,0,2.4705882352941178,0.0,0.0,0.0
64,12,120,121,53,2,0,13,0,1.7333333333333334,0.0,0.0,0.0
64,12,120,121,54,2,0,10,0,1.6666666666666667,0.0,0.0,0.0
64,12,120,121,55,2,0,10,0,1.6666666666666667,0.0,0.0,0.0
64,12,120,121,56,2,0,10,0,1.6666666666666667,0.0,0.0,0.0
64,12,120,121,57,2,0,11,0,1.6923076923076923,0.0,0.0,0.0
64,12,120,121,58,2,0,12,0,1.7142857142857142,0.0,0.0,0.0
64,12,120,121,59,3,0,12,0,2.4,0.0,0.0,0.0
64,12,120,121,60,2,0,14,0,1.75,0.0,0.0,0.0
64,12,120,121,61,2,0,16,0,1.7777777777777777,0.0,0.0,0.0
64,12,120,121,62,2,0,18,0,1.8,0.0,0.0,0.0
64,12,120,121,63,2,0,20,0,1.8181818181818181,0.0,0.0,0.0
64,12,120,121,64,2,0,22,0,1.8333333333333333,0.0,0.0,0.0
64,12,120,121,65,2,0,24,0,1.8461538461538463,0.0,0.0,0.0
64,12,120,121,67,1,0,26,0,0.9629629629629629,0.0,0.0,0.0
64,12,120,121,68,3,2,26,0,2.689655172413793,0.6666666666666666,0.0,0.6666666666666666
64,12,120,121,69,1,0,27,0,0.9642857142857143,0.0,0.0,0.0
64,12,120,121,70,3,0,26,0,2.689655172413793,0.0,0.0,0.0
64,12,120,121,71,2,0,24,0,1.8461538461538463,0.0,0.0,0.0
64,12,120,121,72,2,0,25,0,1.8518518518518519,0.0,0.0,0.0
64,12,120,121,73,2,0,25,0,1.8518518518518519,0.0,0.0,0.0
64,12,120,121,74,2,0,25,0,1.8518518518518519,0.0,0.0,0.0
64,12,120,121,75,1,0,26,0,0.9629629629629629,0.0,0.0,0.0
64,12,128,129,47,1,0,19,0,0.95,0.0,0.0,0.0
64,12,128,129,49,2,0,15,0,1.7647058823529411,0.0,0.0,0.0
64,12,128,129,50,2,0,14,0,1.75,0.0,0.0,0.0
64,12,128,129,51,3,0,14,0,2.4705882352941178,0.0,0.0,0.0
64,12,128,129,53,2,0,13,0,1.7333333333333334,0.0,0.0,0.0
64,12,128,129,54,2,0,10,0,1.6666666666666667,0.0,0.0,0.0
64,12,128,129,55,2,0,10,0,1.6666666666666667,0.0,0.0,0.0
64,12,128,129,56,2,0,10,0,1.6666666666666667,0.0,0.0,0.0
64,12,128,129,57,2,0,11,0,1.6923076923076923,0.0,0.0,0.0
64,12,128,129,59,3,0,14,0,2.4705882352941178,0.0,0.0,0.0
64,12,128,129,60,2,0,16,0,1.7777777777777777,0.0,0.0,0.0
64,12,128,129,61,2,0,18,0,1.8,0.0,0.0,0.0
64,12,128,129,62,2,0,20,0,1.8181818181818181,0.0,0.0,0.0
64,12,128,129,63,2,0,22,0,1.8333333333333333,0.0,0.0,0.0
64,12,128,129,64,2,0,24,0,1.8461538461538463,0.0,0.0,0.0
64,12,128,129,65,2,0,26,0,1.8571428571428572,0.0,0.0,0.0
64,12,128,129,66,2,0,27,0,1.8620689655172413,0.0,0.0,0.0
64,12,128,129,67,2,0,28,0,1.8666666666666667,0.0,0.0,0.0
64,12,128,129,68,4,1,26,0,3.466666666666667,0.25,0.0,0.25
64,12,128,129,69,2,0,25,0,1.8518518518518519,0.0,0.0,0.0
64,12,128,129,70,3,1,26,0,2.689655172413793,0.3333333333333333,0.0,0.3333333333333333
64,12,128,129,71,1,0,24,0,0.96,0.0,0.0,0.0
64,12,128,129,72,3,1,24,0,2.6666666666666665,0.3333333333333333,0.0,0.3333333333333333
64,12,128,129,73,2,0,25,0,1.8518518518518519,0.0,0.0,0.0
64,12,128,129,74,2,0,25,0,1.8518518518518519,0.0,0.0,0.0
64,12,128,129,75,1,0,26,0,0.9629629629629629,0.0,0.0,0.0
64,12,136,137,54,2,0,12,0,1.7142857142857142,0.0,0.0,0.0
64,12,136,137,55,2,0,12,0,1.7142857142857142,0.0,0.0,0.0
64,12,136,137,56,2,0,12,0,1.7142857142857142,0.0,0.0,0.0
64,12,136,137,57,2,0,13,0,1.7333333333333334,0.0,0.0,0.0
64,12,136,137,59,2,0,17,0,1.7894736842105263,0.0,0.0,0.0
64,12,136,137,60,2,0,19,0,1.8095238095238095,0.0,0.0,0.0
64,12,136,137,61,3,0,20,0,2.608695652173913,0.0,0.0,0.0
64,12,136,137,62,1,0,23,0,0.9583333333333334,0.0,0.0,0.0
64,12,136,137,63,3,0,24,0,2.6666666666666665,0.0,0.0,0.0
64,12,136,137,65,2,0,30,0,1.875,0.0,0.0,0.0
64,12,136,137,66,2,0,31,0,1.878787878787879,0.0,0.0,0.0
64,12,136,137,67,3,0,31,0,2.735294117647059,0.0,0.0,0.0
64,12,136,137,68,1,0,31,0,0.96875,0.0,0.0,0.0
64,12,136,137,69,4,0,27,0,3.4838709677419355,0.0,0.0,0.0
64,12,136,137,70,5,0,25,0,4.166666666666667,0.0,0.0,0.0
64,12,136,137,71,2,0,23,0,1.84,0.0,0.0,0.0
64,12,136,137,72,2,0,24,0,1.8461538461538463,0.0,0.0,0.0
64,12,136,137,73,2,0,25,0,1.8518518518518519,0.0,0.0,0.0
64,12,136,137,74,2,0,25,0,1.8518518518518519,0.0,0.0,0.0
64,12,136,137,75,1,0,26,0,0.9629629629629629,0.0,0.0,0.0
64,12,144,145,55,2,0,14,0,1.75,0.0,0.0,0.0
64,12,144,145,57,2,0,17,0,1.7894736842105263,0.0,0.0,0.0
64,12,144,145,58,1,0,19,0,0.95,0.0,0.0,0.0
64,12,144,145,59,2,0,20,0,1.8181818181818181,0.0,0.0,0.0
64,12,144,145,61,2,0,26,0,1.8571428571428572,0.0,0.0,0.0
64,12,144,145,62,1,0,29,0,0.9666666666666667,0.0,0.0,0.0
64,12,144,145,64,1,0,34,0,0.9714285714285714,0.0,0.0,0.0
64,12,144,145,65,3,0,35,0,2.763157894736842,0.0,0.0,0.0
64,12,144,145,66,1,0,37,0,0.9736842105263158,0.0,0.0,0.0
64,12,144,145,67,4,0,36,0,3.6,0.0,0.0,0.0
64,12,144,145,69,2,0,32,0,1.8823529411764706,0.0,0.0,0.0
64,12,144,145,70,2,1,30,0,1.875,0.5,0.0,0.5
64,12,144,145,71,3,0,24,0,2.6666666666666665,0.0,0.0,0.0
64,12,144,145,72,3,2,24,0,2.6666666666666665,0.6666666666666666,0.0,0.6666666666666666
64,12,144,145,73,1,0,25,0,0.9615384615384616,0.0,0.0,0.0
64,12,144,145,74,2,0,25,0,1.8518518518518519,0.0,0.0,0.0
64,12,152,153,61,1,0,30,0,0.967741935483871,0.0,0.0,0.0
64,12,152,153,63,1,0,35,0,0.9722222222222222,0.0,0.0,0.0
64,13,8,9,9,21,21,1,0,0.9545454545454546,1.0,0.0,1.0
64,13,16,17,14,1,0,2,0,0.6666666666666666,0.0,0.0,0.0
64,13,16,17,15,31,28,3,0,2.735294117647059,0.9032258064516129,0.0,0.9032258064516129
64,13,24,25,20,5,5,1,0,0.8333333333333334,1.0,0.0,1.0
64,13,24,25,21,38,30,3,0,2.7804878048780486,0.7894736842105263,0.0,0.7894736842105263
64,13,32,33,25,6,3,5,0,2.727272727272727,0.5,0.0,0.5
64,13,32,33,26,8,2,11,0,4.631578947368421,0.25,0.0,0.25
64,13,32,33,27,31,20,18,0,11.387755102040817,0.6451612903225806,0.0,0.6451612903225806
64,13,40,41,27,4,1,1,0,0.8,0.25,0.0,0.25
64,13,40,41,28,2,0,5,0,1.4285714285714286,0.0,0.0,0.0
64,13,40,41,29,9,6,5,0,3.2142857142857144,0.6666666666666666,0.0,0.6666666666666666
64,13,40,41,30,9,4,11,0,4.95,0.4444444444444444,0.0,0.4444444444444444
64,13,40,41,31,6,2,17,0,4.434782608695652,0.3333333333333333,0.0,0.3333333333333333
64,13,40,41,32,10,2,21,0,6.774193548387097,0.2,0.0,0.2
64,13,40,41,33,18,12,30,0,11.25,0.6666666666666666,0.0,0.6666666666666666
64,13,48,49,32,2,0,1,0,0.6666666666666666,0.0,0.0,0.0
64,13,48,49,33,4,1,2,0,1.3333333333333333,0.25,0.0,0.25
64,13,48,49,34,4,1,3,0,1.7142857142857142,0.25,0.0,0.25
64,13,48,49,35,7,3,4,0,2.5454545454545454,0.42857142857142855,0.0,0.42857142857142855
64,13,48,49,36,6,3,8,0,3.4285714285714284,0.5,0.0,0.5
64,13,48,49,37,10,9,10,1,5.0,0.9,0.1,0.8
64,13,48,49,38,6,3,15,0,4.285714285714286,0.5,0.0,0.5
64,13,48,49,39,30,25,16,0,10.434782608695652,0.8333333333333334,0.0,0.8333333333333334
64,13,56,57,12,1,0,2,0,0.6666666666666666,0.0,0.0,0.0
64,13,56,57,14,2,0,4,0,1.3333333333333333,0.0,0.0,0.0
64,13,56,57,16,3,0,6,0,2.0,0.0,0.0,0.0
64,13,56,57,18,2,0,9,0,1.6363636363636365,0.0,0.0,0.0
64,13,56,57,19,1,0,11,0,0.9166666666666666,0.0,0.0,0.0
64,13,56,57,20,2,0,12,0,1.7142857142857142,0.0,0.0,0.0
64,13,56,57,22,7,0,9,0,3.9375,0.0,0.0,0.0
64,13,56,57,23,4,0,8,0,2.6666666666666665,0.0,0.0,0.0
64,13,56,57,24,6,0,7,0,3.230769230769231,0.0,0.0,0.0
64,13,56,57,25,2,0,10,0,1.6666666666666667,0.0,0.0,0.0
64,13,56,57,26,7,0,6,0,3.230769230769231,0.0,0.0,0.0
64,13,56,57,27,4,0,7,0,2.5454545454545454,0.0,0.0,0.0
64,13,56,57,28,5,0,4,0,2.2222222222222223,0.0,0.0,0.0
64,13,56,57,29,1,0,3,0,0.75,0.0,0.0,0.0
64,13,56,57,39,2,0,1,0,0.6666666666666666,0.0,0.0,0.0
64,13,56,57,40,4,1,1,0,0.8,0.25,0.0,0.25
64,13,56,57,41,3,0,3,0,1.5,0.0,0.0,0.0
64,13,56,57,43,12,5,3,0,2.4,0.4166666666666667,0.0,0.4166666666666667
64,13,56,57,44,11,5,9,0,4.95,0.45454545454545453,0.0,0.45454545454545453
64,13,56,57,45,19,15,17,1,8.972222222222221,0.7894736842105263,0.058823529411764705,0.7306501547987616
64,13,56,57,46,4,1,34,0,3.5789473684210527,0.25,0.0,0.25
64,13,56,57,47,1,0,38,0,0.9743589743589743,0.0,0.0,0.0
64,13,64,65,4,2,0,11,0,1.6923076923076923,0.0,0.0,0.0
64,13,64,65,5,2,0,9,0,1.6363636363636365,0.0,0.0,0.0
64,13,64,65,6,2,0,7,0,1.5555555555555556,0.0,0.0,0.0
64,13,64,65,7,1,0,7,0,0.875,0.0,0.0,0.0
64,13,64,65,8,3,0,5,0,1.875,0.0,0.0,0.0
64,13,64,65,9,2,0,4,0,1.3333333333333333,0.0,0.0,0.0
64,13,64,65,10,3,0,3,0,1.5,0.0,0.0,0.0
64,13,64,65,11,2,0,3,0,1.2,0.0,0.0,0.0
64,13,64,65,12,4,0,4,0,2.0,0.0,0.0,0.0
64,13,64,65,13,1,0,8,0,0.8888888888888888,0.0,0.0,0.0
64,13,64,65,14,4,0,10,0,2.857142857142857,0.0,0.0,0.0
64,13,64,65,16,4,0,14,0,3.111111111111111,0.0,0.0,0.0
64,13,64,65,17,1,0,18,0,0.9473684210526315,0.0,0.0,0.0
64,13,64,65,18,6,0,19,0,4.56,0.0,0.0,0.0
64,13,64,65,19,1,0,24,0,0.96,0.0,0.0,0.0
64,13,64,65,20,2,0,24,0,1.8461538461538463,0.0,0.0,0.0
64,13,64,65,22,2,0,24,0,1.8461538461538463,0.0,0.0,0.0
64,13,64,65,24,3,0,23,0,2.6538461538461537,0.0,0.0,0.0
64,13,64,65,29,3,0,13,0,2.4375,0.0,0.0,0.0
64,13,64,65,30,2,0,9,0,1.6363636363636365,0.0,0.0,0.0
64,13,64,65,31,4,0,5,0,2.2222222222222223,0.0,0.0,0.0
64,13,64,65,32,2,0,5,0,1.4285714285714286,0.0,0.0,0.0
64,13,64,65,33,2,0,4,0,1.3333333333333333,0.0,0.0,0.0
64,13,64,65,34,3,0,2,0,1.2,0.0,0.0,0.0
64,13,64,65,41,4,0,2,0,1.3333333333333333,0.0,0.0,0.0
64,13,64,65,42,5,1,3,0,1.875,0.2,0.0,0.2
64,13,64,65,43,3,0,4,0,1.7142857142857142,0.0,0.0,0.0
64,13,64,65,44,2,0,4,0,1.3333333333333333,0.0,0.0,0.0
64,13,64,65,45,5,0,4,0,2.2222222222222223,0.0,0.0,0.0
64,13,64,65,46,3,1,6,0,2.0,0.3333333333333333,0.0,0.3333333333333333
64,13,64,65,47,5,2,9,0,3.2142857142857144,0.4,0.0,0.4
64,13,64,65,48,4,0,12,0,3.0,0.0,0.0,0.0
64,13,64,65,49,6,4,15,0,4.285714285714286,0.6666666666666666,0.0,0.6666666666666666
64,13,64,65,50,10,2,20,0,6.666666666666667,0.2,0.0,0.2
64,13,64,65,51,5,0,30,0,4.285714285714286,0.0,0.0,0.0
64,13,64,65,52,3,0,36,0,2.769230769230769,0.0,0.0,0.0
64,13,64,65,53,1,1,43,0,0.9772727272727273,1.0,0.0,1.0
64,13,72,73,8,1,0,19,0,0.95,0.0,0.0,0.0
64,13,72,73,9,3,1,18,0,2.5714285714285716,0.3333333333333333,0.0,0.3333333333333333
64,13,72,73,10,2,0,21,0,1.826086956521739,0.0,0.0,0.0
64,13,72,73,11,5,1,20,0,4.0,0.2,0.0,0.2
64,13,72,73,12,2,0,25,0,1.8518518518518519,0.0,0.0,0.0
64,13,72,73,13,2,0,27,0,1.8620689655172413,0.0,0.0,0.0
64,13,72,73,14,2,0,29,0,1.8709677419354838,0.0,0.0,0.0
64,13,72,73,16,1,0,33,0,0.9705882352941176,0.0,0.0,0.0
64,13,72,73,28,1,0,25,0,0.9615384615384616,0.0,0.0,0.0
64,13,72,73,30,4,0,18,0,3.272727272727273,0.0,0.0,0.0
64,13,72,73,31,2,0,18,0,1.8,0.0,0.0,0.0
64,13,72,73,32,3,0,18,0,2.5714285714285716,0.0,0.0,0.0
64,13,72,73,33,6,0,17,0,4.434782608695652,0.0,0.0,0.0
64,13,72,73,34,10,0,20,0,6.666666666666667,0.0,0.0,0.0
64,13,72,73,35,3,0,24,0,2.6666666666666665,0.0,0.0,0.0
64,13,72,73,36,7,0,20,0,5.185185185185185,0.0,0.0,0.0
64,13,72,73,37,3,0,22,0,2.64,0.0,0.0,0.0
64,13,72,73,38,8,0,19,0,5.62962962962963,0.0,0.0,0.0
64,13,72,73,39,3,0,21,0,2.625,0.0,0.0,0.0
64,13,72,73,40,11,0,14,0,6.16,0.0,0.0,0.0
64,13,72,73,41,4,0,14,0,3.111111111111111,0.0,0.0,0.0
64,13,72,73,42,11,0,9,0,4.95,0.0,0.0,0.0
64,13,72,73,43,1,0,12,0,0.9230769230769231,0.0,0.0,0.0
64,13,72,73,44,7,0,9,0,3.9375,0.0,0.0,0.0
64,13,72,73,45,2,0,12,0,1.7142857142857142,0.0,0.0,0.0
64,13,72,73,46,6,0,9,0,3.6,0.0,0.0,0.0
64,13,72,73,47,4,0,12,0,3.0,0.0,0.0,0.0
64,13,72,73,48,8,0,13,0,4.9523809523809526,0.0,0.0,0.0
64,13,72,73,49,4,0,15,0,3.1578947368421053,0.0,0.0,0.0
64,13,72,73,50,7,4,18,0,5.04,0.5714285714285714,0.0,0.5714285714285714
64,13,72,73,51,6,1,23,0,4.758620689655173,0.16666666666666666,0.0,0.16666666666666666
64,13,72,73,52,5,0,26,0,4.193548387096774,0.0,0.0,0.0
64,13,72,73,53,8,2,27,0,6.171428571428572,0.25,0.0,0.25
64,13,72,73,54,4,3,29,0,3.515151515151515,0.75,0.0,0.75
64,13,72,73,55,12,4,24,0,8.0,0.3333333333333333,0.0,0.3333333333333333
64,13,72,73,56,3,0,27,0,2.7,0.0,0.0,0.0
64,13,72,73,57,9,8,29,1,6.868421052631579,0.8888888888888888,0.034482758620689655,0.8544061302681992
64,13,72,73,58,2,1,37,0,1.8974358974358974,0.5,0.0,0.5
64,13,72,73,59,3,3,38,0,2.7804878048780486,1.0,0.0,1.0
64,13,72,73,60,1,0,40,0,0.975609756097561,0.0,0.0,0.0
64,13,80,81,12,2,0,26,0,1.8571428571428572,0.0,0.0,0.0
64,13,80,81,13,1,0,28,0,0.9655172413793104,0.0,0.0,0.0
64,13,80,81,14,1,0,31,0,0.96875,0.0,0.0,0.0
64,13,80,81,15,3,0,31,0,2.735294117647059,0.0,0.0,0.0
64,13,80,81,16,1,0,34,0,0.9714285714285714,0.0,0.0,0.0
64,13,80,81,17,1,0,34,0,0.9714285714285714,0.0,0.0,0.0
64,13,80,81,26,2,0,27,0,1.8620689655172413,0.0,0.0,0.0
64,13,80,81,28,2,0,28,0,1.8666666666666667,0.0,0.0,0.0
64,13,80,81,30,2,0,27,0,1.8620689655172413,0.0,0.0,0.0
64,13,80,81,31,1,0,30,0,0.967741935483871,0.0,0.0,0.0
64,13,80,81,32,1,0,33,0,0.9705882352941176,0.0,0.0,0.0
64,13,80,81,33,1,1,35,0,0.9722222222222222,1.0,0.0,1.0
64,13,80,81,34,2,0,38,0,1.9,0.0,0.0,0.0
64,13,80,81,35,5,1,34,0,4.358974358974359,0.2,0.0,0.2
64,13,80,81,36,3,0,35,0,2.763157894736842,0.0,0.0,0.0
64,13,80,81,37,4,0,37,0,3.6097560975609757,0.0,0.0,0.0
64,13,80,81,38,2,0,39,0,1.9024390243902438,0.0,0.0,0.0
64,13,80,81,39,4,0,38,0,3.619047619047619,0.0,0.0,0.0
64,13,80,81,40,4,0,38,0,3.619047619047619,0.0,0.0,0.0
64,13,80,81,41,2,1,40,0,1.9047619047619047,0.5,0.0,0.5
64,13,80,81,42,1,0,40,0,0.975609756097561,0.0,0.0,0.0
64,13,80,81,43,1,0,40,0,0.975609756097561,0.0,0.0,0.0
64,13,80,81,44,7,0,34,0,5.804878048780488,0.0,0.0,0.0
64,13,80,81,45,3,0,32,0,2.742857142857143,0.0,0.0,0.0
64,13,80,81,46,6,1,27,0,4.909090909090909,0.16666666666666666,0.0,0.16666666666666666
64,13,80,81,47,5,0,26,0,4.193548387096774,0.0,0.0,0.0
64,13,80,81,48,3,0,25,0,2.6785714285714284,0.0,0.0,0.0
64,13,80,81,49,3,0,24,0,2.6666666666666665,0.0,0.0,0.0
64,13,80,81,50,3,1,25,0,2.6785714285714284,0.3333333333333333,0.0,0.3333333333333333
64,13,80,81,51,3,0,28,0,2.7096774193548385,0.0,0.0,0.0
64,13,80,81,52,1,0,30,0,0.967741935483871,0.0,0.0,0.0
64,13,80,81,53,4,0,30,0,3.5294117647058822,0.0,0.0,0.0
64,13,80,81,54,2,0,32,0,1.8823529411764706,0.0,0.0,0.0
64,13,80,81,55,3,1,34,0,2.7567567567567566,0.3333333333333333,0.0,0.3333333333333333
64,13,80,81,56,1,0,36,0,0.972972972972973,0.0,0.0,0.0
64,13,80,81,57,5,3,33,0,4.342105263157895,0.6,0.0,0.6
64,13,80,81,58,3,1,33,0,2.75,0.3333333333333333,0.0,0.3333333333333333
64,13,80,81,59,3,1,32,0,2.742857142857143,0.3333333333333333,0.0,0.3333333333333333
64,13,80,81,60,4,0,31,0,3.5428571428571427,0.0,0.0,0.0
64,13,80,81,61,4,1,29,0,3.515151515151515,0.25,0.0,0.25
64,13,80,81,62,5,2,25,0,4.166666666666667,0.4,0.0,0.4
64,13,80,81,63,5,2,24,0,4.137931034482759,0.4,0.0,0.4
64,13,80,81,64,5,1,25,0,4.166666666666667,0.2,0.0,0.2
64,13,80,81,65,3,1,25,0,2.6785714285714284,0.3333333333333333,0.0,0.3333333333333333
64,13,80,81,66,2,1,23,0,1.84,0.5,0.0,0.5
64,13,80,81,68,1,0,22,0,0.9565217391304348,0.0,0.0,0.0
64,13,88,89,17,2,0,37,0,1.8974358974358974,0.0,0.0,0.0
64,13,88,89,18,2,0,38,0,1.9,0.0,0.0,0.0
64,13,88,89,19,1,0,39,0,0.975,0.0,0.0,0.0
64,13,88,89,20,3,0,36,0,2.769230769230769,0.0,0.0,0.0
64,13,88,89,21,5,0,31,0,4.305555555555555,0.0,0.0,0.0
64,13,88,89,22,2,0,29,0,1.8709677419354838,0.0,0.0,0.0
64,13,88,89,29,1,0,34,0,0.9714285714285714,0.0,0.0,0.0
64,13,88,89,30,1,0,32,0,0.9696969696969697,0.0,0.0,0.0
64,13,88,89,31,1,0,33,0,0.9705882352941176,0.0,0.0,0.0
64,13,88,89,32,1,0,35,0,0.9722222222222222,0.0,0.0,0.0
64,13,88,89,33,2,0,36,0,1.894736842105263,0.0,0.0,0.0
64,13,88,89,35,5,1,38,0,4.4186046511627906,0.2,0.0,0.2
64,13,88,89,36,1,0,40,0,0.975609756097561,0.0,0.0,0.0
64,13,88,89,37,4,2,40,0,3.6363636363636362,0.5,0.0,0.5
64,13,88,89,39,6,0,39,0,5.2,0.0,0.0,0.0
64,13,88,89,40,2,0,42,0,1.9090909090909092,0.0,0.0,0.0
64,13,88,89,41,5,0,40,0,4.444444444444445,0.0,0.0,0.0
64,13,88,89,42,2,0,41,0,1.9069767441860466,0.0,0.0,0.0
64,13,88,89,43,1,0,41,0,0.9761904761904762,0.0,0.0,0.0
64,13,88,89,44,2,1,40,0,1.9047619047619047,0.5,0.0,0.5
64,13,88,89,45,1,0,38,0,0.9743589743589743,0.0,0.0,0.0
64,13,88,89,46,1,0,37,0,0.9736842105263158,0.0,0.0,0.0
64,13,88,89,47,2,0,37,0,1.8974358974358974,0.0,0.0,0.0
64,13,88,89,48,1,0,37,0,0.9736842105263158,0.0,0.0,0.0
64,13,88,89,49,4,1,31,0,3.5428571428571427,0.25,0.0,0.25
64,13,88,89,51,4,0,30,0,3.5294117647058822,0.0,0.0,0.0
64,13,88,89,62,2,0,20,0,1.8181818181818181,0.0,0.0,0.0
64,13,88,89,63,4,2,18,0,3.272727272727273,0.5,0.0,0.5
64,13,88,89,64,7,3,17,0,4.958333333333333,0.42857142857142855,0.0,0.42857142857142855
64,13,88,89,65,3,1,20,0,2.608695652173913,0.3333333333333333,0.0,0.3333333333333333
64,13,88,89,66,2,1,20,0,1.8181818181818181,0.5,0.0,0.5
64,13,88,89,67,2,0,19,0,1.8095238095238095,0.0,0.0,0.0
64,13,88,89,68,1,1,22,0,0.9565217391304348,1.0,0.0,1.0
64,13,96,97,20,1,0,41,0,0.9761904761904762,0.0,0.0,0.0
64,13,96,97,22,2,0,37,0,1.8974358974358974,0.0,0.0,0.0
64,13,96,97,24,6,0,34,0,5.1,0.0,0.0,0.0
64,13,96,97,25,5,0,35,0,4.375,0.0,0.0,0.0
64,13,96,97,26,4,0,36,0,3.6,0.0,0.0,0.0
64,13,96,97,27,3,0,37,0,2.775,0.0,0.0,0.0
64,13,96,97,28,5,0,35,0,4.375,0.0,0.0,0.0
64,13,96,97,29,4,0,35,0,3.58974358974359,0.0,0.0,0.0
64,13,96,97,30,2,0,34,0,1.8888888888888888,0.0,0.0,0.0
64,13,96,97,31,3,0,33,0,2.75,0.0,0.0,0.0
64,13,96,97,32,1,0,36,0,0.972972972972973,0.0,0.0,0.0
64,13,96,97,33,1,0,39,0,0.975,0.0,0.0,0.0
64,13,96,97,34,2,0,42,0,1.9090909090909092,0.0,0.0,0.0
64,13,96,97,35,2,0,42,0,1.9090909090909092,0.0,0.0,0.0
64,13,96,97,36,1,0,43,0,0.9772727272727273,0.0,0.0,0.0
64,13,96,97,37,2,1,44,0,1.9130434782608696,0.5,0.0,0.5
64,13,96,97,38,2,0,43,0,1.9111111111111112,0.0,0.0,0.0
64,13,96,97,39,1,0,44,0,0.9777777777777777,0.0,0.0,0.0
64,13,96,97,40,4,0,42,0,3.652173913043478,0.0,0.0,0.0
64,13,96,97,41,2,0,43,0,1.9111111111111112,0.0,0.0,0.0
64,13,96,97,42,1,0,42,0,0.9767441860465116,0.0,0.0,0.0
64,13,96,97,43,2,1,41,0,1.9069767441860466,0.5,0.0,0.5
64,13,96,97,45,3,1,38,0,2.7804878048780486,0.3333333333333333,0.0,0.3333333333333333
64,13,96,97,49,3,0,33,0,2.75,0.0,0.0,0.0
64,13,96,97,50,2,0,31,0,1.878787878787879,0.0,0.0,0.0
64,13,96,97,51,1,1,32,0,0.9696969696969697,1.0,0.0,1.0
64,13,96,97,52,2,0,32,0,1.8823529411764706,0.0,0.0,0.0
64,13,96,97,66,3,1,18,0,2.5714285714285716,0.3333333333333333,0.0,0.3333333333333333
64,13,96,97,67,1,0,17,0,0.9444444444444444,0.0,0.0,0.0
64,13,96,97,68,1,0,19,0,0.95,0.0,0.0,0.0
64,13,96,97,69,2,0,19,0,1.8095238095238095,0.0,0.0,0.0
64,13,96,97,70,2,0,19,0,1.8095238095238095,0.0,0.0,0.0
64,13,96,97,71,1,0,20,0,0.9523809523809523,0.0,0.0,0.0
64,13,104,105,24,1,0,42,0,0.9767441860465116,0.0,0.0,0.0
64,13,104,105,26,2,0,45,0,1.9148936170212767,0.0,0.0,0.0
64,13,104,105,27,2,0,46,0,1.9166666666666667,0.0,0.0,0.0
64,13,104,105,28,3,0,46,0,2.816326530612245,0.0,0.0,0.0
64,13,104,105,31,2,0,43,0,1.9111111111111112,0.0,0.0,0.0
64,13,104,105,32,2,0,43,0,1.9111111111111112,0.0,0.0,0.0
64,13,104,105,33,1,0,45,0,0.9782608695652174,0.0,0.0,0.0
64,13,104,105,34,6,0,43,0,5.26530612244898,0.0,0.0,0.0
64,13,104,105,35,2,0,43,0,1.9111111111111112,0.0,0.0,0.0
64,13,104,105,36,2,0,43,0,1.9111111111111112,0.0,0.0,0.0
64,13,104,105,37,2,0,44,0,1.9130434782608696,0.0,0.0,0.0
64,13,104,105,38,1,0,44,0,0.9777777777777777,0.0,0.0,0.0
64,13,104,105,39,2,0,44,0,1.9130434782608696,0.0,0.0,0.0
64,13,104,105,41,2,0,44,0,1.9130434782608696,0.0,0.0,0.0
64,13,104,105,42,1,0,43,0,0.9772727272727273,0.0,0.0,0.0
64,13,104,105,43,2,0,41,0,1.9069767441860466,0.0,0.0,0.0
64,13,104,105,44,1,0,41,0,0.9761904761904762,0.0,0.0,0.0
64,13,104,105,45,2,0,39,0,1.9024390243902438,0.0,0.0,0.0
64,13,104,105,51,1,0,38,0,0.9743589743589743,0.0,0.0,0.0
64,13,104,105,53,1,0,42,0,0.9767441860465116,0.0,0.0,0.0
64,13,104,105,55,3,0,41,0,2.7954545454545454,0.0,0.0,0.0
64,13,104,105,56,2,0,41,0,1.9069767441860466,0.0,0.0,0.0
64,13,104,105,57,2,0,37,0,1.8974358974358974,0.0,0.0,0.0
64,13,104,105,58,1,0,33,0,0.9705882352941176,0.0,0.0,0.0
64,13,104,105,59,3,0,29,0,2.71875,0.0,0.0,0.0
64,13,104,105,60,1,0,27,0,0.9642857142857143,0.0,0.0,0.0
64,13,104,105,66,2,2,18,0,1.8,1.0,0.0,1.0
64,13,104,105,67,1,0,16,0,0.9411764705882353,0.0,0.0,0.0
64,13,104,105,68,2,1,18,0,1.8,0.5,0.0,0.5
64,13,104,105,69,1,0,19,0,0.95,0.0,0.0,0.0
64,13,104,105,70,2,1,19,0,1.8095238095238095,0.5,0.0,0.5
64,13,112,113,25,1,1,45,0,0.9782608695652174,1.0,0.0,1.0
64,13,112,113,27,2,0,46,0,1.9166666666666667,0.0,0.0,0.0
64,13,112,113,28,3,0,46,0,2.816326530612245,0.0,0.0,0.0
64,13,112,113,33,3,0,45,0,2.8125,0.0,0.0,0.0
64,13,112,113,35,2,0,47,0,1.9183673469387754,0.0,0.0,0.0
64,13,112,113,36,1,0,47,0,0.9791666666666666,0.0,0.0,0.0
64,13,112,113,37,2,0,47,0,1.9183673469387754,0.0,0.0,0.0
64,13,112,113,41,2,0,44,0,1.9130434782608696,0.0,0.0,0.0
64,13,112,113,42,1,0,43,0,0.9772727272727273,0.0,0.0,0.0
64,13,112,113,43,2,0,41,0,1.9069767441860466,0.0,0.0,0.0
64,13,112,113,44,1,0,41,0,0.9761904761904762,0.0,0.0,0.0
64,13,112,113,45,2,0,39,0,1.9024390243902438,0.0,0.0,0.0
64,13,112,113,57,1,0,45,0,0.9782608695652174,0.0,0.0,0.0
64,13,112,113,59,1,0,40,0,0.975609756097561,0.0,0.0,0.0
64,13,112,113,61,1,0,37,0,0.9736842105263158,0.0,0.0,0.0
64,13,112,113,62,2,0,33,0,1.8857142857142857,0.0,0.0,0.0
64,13,112,113,63,7,0,26,0,5.515151515151516,0.0,0.0,0.0
64,13,112,113,64,2,0,24,0,1.8461538461538463,0.0,0.0,0.0
64,13,112,113,65,2,0,21,0,1.826086956521739,0.0,0.0,0.0
64,13,112,113,66,2,1,19,0,1.8095238095238095,0.5,0.0,0.5
64,13,112,113,67,1,0,15,0,0.9375,0.0,0.0,0.0
64,13,112,113,68,2,1,17,0,1.7894736842105263,0.5,0.0,0.5
64,13,112,113,69,1,0,18,0,0.9473684210526315,0.0,0.0,0.0
64,13,112,113,70,1,1,19,0,0.95,1.0,0.0,1.0
64,13,120,121,25,1,0,45,0,0.9782608695652174,0.0,0.0,0.0
64,13,120,121,27,3,1,46,0,2.816326530612245,0.3333333333333333,0.0,0.3333333333333333
64,13,120,121,67,2,0,20,0,1.8181818181818181,0.0,0.0,0.0
64,13,120,121,68,2,0,20,0,1.8181818181818181,0.0,0.0,0.0
64,13,120,121,69,2,0,19,0,1.8095238095238095,0.0,0.0,0.0
64,13,120,121,70,1,0,19,0,0.95,0.0,0.0,0.0
64,13,128,129,25,1,0,45,0,0.9782608695652174,0.0,0.0,0.0
64,13,128,129,27,3,0,46,0,2.816326530612245,0.0,0.0,0.0
64,14,16,17,15,19,18,4,0,3.3043478260869565,0.9473684210526315,0.0,0.9473684210526315
64,14,24,25,17,3,2,1,0,0.75,0.6666666666666666,0.0,0.6666666666666666
64,14,24,25,19,6,4,6,0,3.0,0.6666666666666666,0.0,0.6666666666666666
64,14,24,25,20,1,1,13,0,0.9285714285714286,1.0,0.0,1.0
64,14,24,25,21,22,19,15,0,8.91891891891892,0.8636363636363636,0.0,0.8636363636363636
64,14,32,33,21,1,1,1,0,0.5,1.0,0.0,1.0
64,14,32,33,22,1,1,2,0,0.6666666666666666,1.0,0.0,1.0
64,14,32,33,23,3,2,3,0,1.5,0.6666666666666666,0.0,0.6666666666666666
64,14,32,33,24,7,4,5,0,2.9166666666666665,0.5714285714285714,0.0,0.5714285714285714
64,14,32,33,25,9,5,11,0,4.95,0.5555555555555556,0.0,0.5555555555555556
64,14,32,33,26,5,0,18,0,3.9130434782608696,0.0,0.0,0.0
64,14,32,33,27,17,9,20,0,9.18918918918919,0.5294117647058824,0.0,0.5294117647058824
64,14,40,41,30,7,1,4,0,2.5454545454545454,0.14285714285714285,0.0,0.14285714285714285
64,14,40,41,31,13,9,7,0,4.55,0.6923076923076923,0.0,0.6923076923076923
64,14,40,41,32,1,1,16,0,0.9411764705882353,1.0,0.0,1.0
64,14,40,41,33,8,6,13,0,4.9523809523809526,0.75,0.0,0.75
64,14,48,49,16,2,0,2,0,1.0,0.0,0.0,0.0
64,14,48,49,17,1,0,3,0,0.75,0.0,0.0,0.0
64,14,48,49,18,1,0,4,0,0.8,0.0,0.0,0.0
64,14,48,49,19,2,0,4,0,1.3333333333333333,0.0,0.0,0.0
64,14,48,49,20,2,0,4,0,1.3333333333333333,0.0,0.0,0.0
64,14,48,49,22,2,0,6,0,1.5,0.0,0.0,0.0
64,14,48,49,24,2,0,8,0,1.6,0.0,0.0,0.0
64,14,48,49,25,1,0,9,0,0.9,0.0,0.0,0.0
64,14,48,49,26,5,0,6,0,2.727272727272727,0.0,0.0,0.0
64,14,48,49,27,3,0,5,0,1.875,0.0,0.0,0.0
64,14,48,49,28,5,0,1,0,0.8333333333333334,0.0,0.0,0.0
64,14,48,49,29,1,0,1,0,0.5,0.0,0.0,0.0
64,14,48,49,32,1,1,2,0,0.6666666666666666,1.0,0.0,1.0
64,14,48,49,33,1,0,2,0,0.6666666666666666,0.0,0.0,0.0
64,14,48,49,35,1,1,3,0,0.75,1.0,0.0,1.0
64,14,48,49,36,2,0,3,0,1.2,0.0,0.0,0.0
64,14,48,49,37,5,4,4,0,2.2222222222222223,0.8,0.0,0.8
64,14,48,49,38,3,2,6,0,2.0,0.6666666666666666,0.0,0.6666666666666666
64,14,48,49,39,21,20,7,0,5.25,0.9523809523809523,0.0,0.9523809523809523
64,14,56,57,13,1,0,1,0,0.5,0.0,0.0,0.0
64,14,56,57,20,2,0,11,0,1.6923076923076923,0.0,0.0,0.0
64,14,56,57,21,1,0,12,0,0.9230769230769231,0.0,0.0,0.0
64,14,56,57,22,1,0,13,0,0.9285714285714286,0.0,0.0,0.0
64,14,56,57,24,2,0,14,0,1.75,0.0,0.0,0.0
64,14,56,57,30,1,0,9,0,0.9,0.0,0.0,0.0
64,14,56,57,32,2,0,5,0,1.4285714285714286,0.0,0.0,0.0
64,14,56,57,33,1,0,3,0,0.75,0.0,0.0,0.0
64,14,56,57,36,1,0,1,0,0.5,0.0,0.0,0.0
64,14,56,57,37,2,0,1,0,0.6666666666666666,0.0,0.0,0.0
64,14,56,57,42,4,1,1,0,0.8,0.25,0.0,0.25
64,14,56,57,43,6,2,4,0,2.4,0.3333333333333333,0.0,0.3333333333333333
64,14,56,57,44,6,1,9,1,3.6,0.16666666666666666,0.1111111111111111,0.05555555555555555
64,14,56,57,45,12,8,13,0,6.24,0.6666666666666666,0.0,0.6666666666666666
64,14,56,57,46,3,1,23,0,2.6538461538461537,0.3333333333333333,0.0,0.3333333333333333
64,14,64,65,3,3,0,1,0,0.75,0.0,0.0,0.0
64,14,64,65,4,2,0,4,0,1.3333333333333333,0.0,0.0,0.0
64,14,64,65,5,1,0,6,0,0.8571428571428571,0.0,0.0,0.0
64,14,64,65,6,4,0,5,0,2.2222222222222223,0.0,0.0,0.0
64,14,64,65,8,3,0,6,0,2.0,0.0,0.0,0.0
64,14,64,65,10,1,0,6,0,0.8571428571428571,0.0,0.0,0.0
64,14,64,65,12,1,0,5,0,0.8333333333333334,0.0,0.0,0.0
64,14,64,65,13,1,0,5,0,0.8333333333333334,0.0,0.0,0.0
64,14,64,65,15,1,0,6,0,0.8571428571428571,0.0,0.0,0.0
64,14,64,65,16,1,0,7,0,0.875,0.0,0.0,0.0
64,14,64,65,17,1,0,8,0,0.8888888888888888,0.0,0.0,0.0
64,14,64,65,18,1,0,9,0,0.9,0.0,0.0,0.0
64,14,64,65,33,2,0,6,0,1.5,0.0,0.0,0.0
64,14,64,65,34,3,0,3,0,1.5,0.0,0.0,0.0
64,14,64,65,35,2,0,2,0,1.0,0.0,0.0,0.0
64,14,64,65,42,3,0,1,0,0.75,0.0,0.0,0.0
64,14,64,65,43,1,0,4,0,0.8,0.0,0.0,0.0
64,14,64,65,44,5,1,5,0,2.5,0.2,0.0,0.2
64,14,64,65,45,2,0,9,0,1.6363636363636365,0.0,0.0,0.0
64,14,64,65,46,6,3,8,0,3.4285714285714284,0.5,0.0,0.5
64,14,64,65,47,3,2,11,0,2.357142857142857,0.6666666666666666,0.0,0.6666666666666666
64,14,64,65,48,8,0,8,1,4.0,0.0,0.125,-0.125
64,14,64,65,49,2,0,10,0,1.6666666666666667,0.0,0.0,0.0
64,14,64,65,50,3,1,7,0,2.1,0.3333333333333333,0.0,0.3333333333333333
64,14,64,65,53,1,1,4,0,0.8,1.0,0.0,1.0
64,14,72,73,1,2,0,2,0,1.0,0.0,0.0,0.0
64,14,72,73,3,3,0,6,0,2.0,0.0,0.0,0.0
64,14,72,73,4,1,0,10,0,0.9090909090909091,0.0,0.0,0.0
64,14,72,73,5,1,0,12,0,0.9230769230769231,0.0,0.0,0.0
64,14,72,73,6,1,0,14,0,0.9333333333333333,0.0,0.0,0.0
64,14,72,73,7,3,0,14,0,2.4705882352941178,0.0,0.0,0.0
64,14,72,73,9,2,0,16,0,1.7777777777777777,0.0,0.0,0.0
64,14,72,73,12,4,0,11,0,2.933333333333333,0.0,0.0,0.0
64,14,72,73,13,1,0,11,0,0.9166666666666666,0.0,0.0,0.0
64,14,72,73,14,2,0,8,0,1.6,0.0,0.0,0.0
64,14,72,73,36,2,0,11,0,1.6923076923076923,0.0,0.0,0.0
64,14,72,73,37,1,0,14,0,0.9333333333333333,0.0,0.0,0.0
64,14,72,73,38,4,0,15,0,3.1578947368421053,0.0,0.0,0.0
64,14,72,73,40,9,0,13,0,5.318181818181818,0.0,0.0,0.0
64,14,72,73,41,2,0,14,0,1.75,0.0,0.0,0.0
64,14,72,73,42,7,0,10,0,4.117647058823529,0.0,0.0,0.0
64,14,72,73,43,4,0,10,0,2.857142857142857,0.0,0.0,0.0
64,14,72,73,44,2,0,12,0,1.7142857142857142,0.0,0.0,0.0
64,14,72,73,45,1,0,13,0,0.9285714285714286,0.0,0.0,0.0
64,14,72,73,46,2,0,12,0,1.7142857142857142,0.0,0.0,0.0
64,14,72,73,47,8,0,7,0,3.7333333333333334,0.0,0.0,0.0
64,14,72,73,48,5,2,7,0,2.9166666666666665,0.4,0.0,0.4
64,14,72,73,49,2,0,8,0,1.6,0.0,0.0,0.0
64,14,72,73,50,1,0,7,0,0.875,0.0,0.0,0.0
64,14,72,73,51,2,0,5,0,1.4285714285714286,0.0,0.0,0.0
64,14,72,73,55,1,1,2,0,0.6666666666666666,1.0,0.0,1.0
64,14,72,73,57,2,1,1,0,0.6666666666666666,0.5,0.0,0.5
64,14,72,73,58,1,0,3,0,0.75,0.0,0.0,0.0
64,14,72,73,59,3,2,4,0,1.7142857142857142,0.6666666666666666,0.0,0.6666666666666666
64,14,80,81,3,3,0,9,0,2.25,0.0,0.0,0.0
64,14,80,81,4,1,0,12,0,0.9230769230769231,0.0,0.0,0.0
64,14,80,81,5,1,0,14,0,0.9333333333333333,0.0,0.0,0.0
64,14,80,81,6,2,0,16,0,1.7777777777777777,0.0,0.0,0.0
64,14,80,81,7,4,0,16,0,3.2,0.0,0.0,0.0
64,14,80,81,9,3,0,17,0,2.55,0.0,0.0,0.0
64,14,80,81,11,1,0,16,0,0.9411764705882353,0.0,0.0,0.0
64,14,80,81,12,1,0,16,0,0.9411764705882353,0.0,0.0,0.0
64,14,80,81,13,1,0,17,0,0.9444444444444444,0.0,0.0,0.0
64,14,80,81,14,1,0,16,0,0.9411764705882353,0.0,0.0,0.0
64,14,80,81,15,2,0,16,0,1.7777777777777777,0.0,0.0,0.0
64,14,80,81,17,2,0,16,0,1.7777777777777777,0.0,0.0,0.0
64,14,80,81,18,1,0,16,0,0.9411764705882353,0.0,0.0,0.0
64,14,80,81,19,3,0,14,0,2.4705882352941178,0.0,0.0,0.0
64,14,80,81,20,2,0,14,0,1.75,0.0,0.0,0.0
64,14,80,81,21,1,0,15,0,0.9375,0.0,0.0,0.0
64,14,80,81,23,1,0,16,0,0.9411764705882353,0.0,0.0,0.0
64,14,80,81,24,1,0,16,0,0.9411764705882353,0.0,0.0,0.0
64,14,80,81,25,2,0,16,0,1.7777777777777777,0.0,0.0,0.0
64,14,80,81,27,3,0,15,0,2.5,0.0,0.0,0.0
64,14,80,81,29,2,0,11,0,1.6923076923076923,0.0,0.0,0.0
64,14,80,81,31,3,0,8,0,2.1818181818181817,0.0,0.0,0.0
64,14,80,81,32,1,0,9,0,0.9,0.0,0.0,0.0
64,14,80,81,38,1,0,24,0,0.96,0.0,0.0,0.0
64,14,80,81,40,1,0,27,0,0.9642857142857143,0.0,0.0,0.0
64,14,80,81,41,1,0,28,0,0.9655172413793104,0.0,0.0,0.0
64,14,80,81,43,3,0,26,0,2.689655172413793,0.0,0.0,0.0
64,14,80,81,44,2,0,26,0,1.8571428571428572,0.0,0.0,0.0
64,14,80,81,45,5,0,22,0,4.074074074074074,0.0,0.0,0.0
64,14,80,81,46,2,0,20,0,1.8181818181818181,0.0,0.0,0.0
64,14,80,81,47,5,0,15,0,3.75,0.0,0.0,0.0
64,14,80,81,48,1,0,12,0,0.9230769230769231,0.0,0.0,0.0
64,14,80,81,49,2,0,8,0,1.6,0.0,0.0,0.0
64,14,80,81,50,4,0,5,0,2.2222222222222223,0.0,0.0,0.0
64,14,80,81,52,2,0,4,0,1.3333333333333333,0.0,0.0,0.0
64,14,80,81,62,1,0,1,0,0.5,0.0,0.0,0.0
64,14,80,81,63,2,2,2,0,1.0,1.0,0.0,1.0
64,14,80,81,64,2,1,4,0,1.3333333333333333,0.5,0.0,0.5
64,14,80,81,65,5,5,6,0,2.727272727272727,1.0,0.0,1.0
64,14,80,81,66,2,1,10,0,1.6666666666666667,0.5,0.0,0.5
64,14,80,81,67,2,1,11,0,1.6923076923076923,0.5,0.0,0.5
64,14,88,89,5,2,0,15,0,1.7647058823529411,0.0,0.0,0.0
64,14,88,89,7,2,0,18,0,1.8,0.0,0.0,0.0
64,14,88,89,16,2,0,23,0,1.84,0.0,0.0,0.0
64,14,88,89,17,2,0,23,0,1.84,0.0,0.0,0.0
64,14,88,89,18,2,0,24,0,1.8461538461538463,0.0,0.0,0.0
64,14,88,89,19,6,0,23,0,4.758620689655173,0.0,0.0,0.0
64,14,88,89,20,2,0,25,0,1.8518518518518519,0.0,0.0,0.0
64,14,88,89,21,7,0,24,0,5.419354838709677,0.0,0.0,0.0
64,14,88,89,22,2,0,29,0,1.8709677419354838,0.0,0.0,0.0
64,14,88,89,23,3,0,30,0,2.727272727272727,0.0,0.0,0.0
64,14,88,89,24,1,0,32,0,0.9696969696969697,0.0,0.0,0.0
64,14,88,89,25,5,0,32,0,4.324324324324325,0.0,0.0,0.0
64,14,88,89,26,1,0,36,0,0.972972972972973,0.0,0.0,0.0
64,14,88,89,27,2,0,35,0,1.8918918918918919,0.0,0.0,0.0
64,14,88,89,31,6,0,17,0,4.434782608695652,0.0,0.0,0.0
64,14,88,89,32,1,0,15,0,0.9375,0.0,0.0,0.0
64,14,88,89,33,2,0,14,0,1.75,0.0,0.0,0.0
64,14,88,89,41,1,0,28,0,0.9655172413793104,0.0,0.0,0.0
64,14,88,89,43,2,0,26,0,1.8571428571428572,0.0,0.0,0.0
64,14,88,89,44,3,0,26,0,2.689655172413793,0.0,0.0,0.0
64,14,88,89,46,4,0,22,0,3.3846153846153846,0.0,0.0,0.0
64,14,88,89,47,4,0,19,0,3.3043478260869565,0.0,0.0,0.0
64,14,88,89,48,2,0,14,0,1.75,0.0,0.0,0.0
64,14,88,89,49,1,0,10,1,0.9090909090909091,0.0,0.1,-0.1
64,14,88,89,50,3,1,6,1,2.0,0.3333333333333333,0.16666666666666666,0.16666666666666666
64,14,88,89,51,2,0,5,0,1.4285714285714286,0.0,0.0,0.0
64,14,88,89,52,1,1,5,0,0.8333333333333334,1.0,0.0,1.0
64,14,88,89,53,1,0,4,0,0.8,0.0,0.0,0.0
64,14,88,89,54,1,0,3,0,0.75,0.0,0.0,0.0
64,14,88,89,71,4,2,1,0,0.8,0.5,0.0,0.5
64,14,88,89,72,1,0,4,0,0.8,0.0,0.0,0.0
64,14,88,89,73,3,1,4,0,1.7142857142857142,0.3333333333333333,0.0,0.3333333333333333
64,14,88,89,74,1,0,6,0,0.8571428571428571,0.0,0.0,0.0
64,14,96,97,35,2,0,20,0,1.8181818181818181,0.0,0.0,0.0
64,14,96,97,36,1,0,22,0,0.9565217391304348,0.0,0.0,0.0
64,14,96,97,37,1,0,24,0,0.96,0.0,0.0,0.0
64,14,96,97,38,2,0,25,0,1.8518518518518519,0.0,0.0,0.0
64,14,96,97,42,1,0,28,0,0.9655172413793104,0.0,0.0,0.0
64,14,96,97,44,2,0,26,0,1.8571428571428572,0.0,0.0,0.0
64,14,96,97,45,2,2,25,0,1.8518518518518519,1.0,0.0,1.0
64,14,96,97,46,1,0,23,0,0.9583333333333334,0.0,0.0,0.0
64,14,96,97,47,7,0,16,0,4.869565217391305,0.0,0.0,0.0
64,14,96,97,48,3,0,14,0,2.4705882352941178,0.0,0.0,0.0
64,14,96,97,49,3,1,8,0,2.1818181818181817,0.3333333333333333,0.0,0.3333333333333333
64,14,96,97,50,1,0,5,0,0.8333333333333334,0.0,0.0,0.0
64,14,96,97,51,2,0,2,0,1.0,0.0,0.0,0.0
64,14,96,97,52,4,0,1,0,0.8,0.0,0.0,0.0
64,14,96,97,54,2,0,3,0,1.2,0.0,0.0,0.0
64,14,96,97,55,1,0,3,0,0.75,0.0,0.0,0.0
64,14,96,97,56,1,0,2,0,0.6666666666666666,0.0,0.0,0.0
64,14,96,97,57,1,0,1,0,0.5,0.0,0.0,0.0
64,14,96,97,58,1,0,1,0,0.5,0.0,0.0,0.0
64,14,96,97,59,1,0,1,0,0.5,0.0,0.0,0.0
64,14,96,97,75,2,0,2,0,1.0,0.0,0.0,0.0
64,14,96,97,77,2,0,2,0,1.0,0.0,0.0,0.0
64,14,104,105,43,1,0,28,0,0.9655172413793104,0.0,0.0,0.0
64,14,104,105,45,2,0,25,0,1.8518518518518519,0.0,0.0,0.0
64,14,104,105,46,3,0,23,0,2.6538461538461537,0.0,0.0,0.0
64,14,104,105,48,2,0,17,0,1.7894736842105263,0.0,0.0,0.0
64,14,104,105,49,5,2,9,0,3.2142857142857144,0.4,0.0,0.4
64,14,104,105,51,2,0,2,0,1.0,0.0,0.0,0.0
64,14,104,105,52,1,0,1,0,0.5,0.0,0.0,0.0
64,14,104,105,53,2,0,1,0,0.6666666666666666,0.0,0.0,0.0
64,14,104,105,54,2,0,2,0,1.0,0.0,0.0,0.0
64,14,104,105,55,1,0,2,0,0.6666666666666666,0.0,0.0,0.0
64,14,104,105,56,2,0,2,0,1.0,0.0,0.0,0.0
64,14,104,105,57,1,0,2,0,0.6666666666666666,0.0,0.0,0.0
64,14,104,105,58,1,0,2,0,0.6666666666666666,0.0,0.0,0.0
64,14,104,105,59,1,0,2,0,0.6666666666666666,0.0,0.0,0.0
64,14,104,105,60,1,0,2,0,0.6666666666666666,0.0,0.0,0.0
64,14,104,105,61,1,0,2,0,0.6666666666666666,0.0,0.0,0.0
64,14,104,105,62,1,0,2,0,0.6666666666666666,0.0,0.0,0.0
64,14,104,105,64,2,0,2,0,1.0,0.0,0.0,0.0
64,14,104,105,66,2,0,2,0,1.0,0.0,0.0,0.0
64,14,104,105,68,2,0,2,0,1.0,0.0,0.0,0.0
64,14,104,105,69,1,0,1,0,0.5,0.0,0.0,0.0
64,14,104,105,75,2,0,2,0,1.0,0.0,0.0,0.0
64,14,104,105,76,1,0,2,0,0.6666666666666666,0.0,0.0,0.0
64,14,104,105,77,1,0,2,0,0.6666666666666666,0.0,0.0,0.0
64,14,104,105,78,1,0,2,0,0.6666666666666666,0.0,0.0,0.0
64,14,112,113,50,5,0,6,0,2.727272727272727,0.0,0.0,0.0
64,14,112,113,52,2,0,1,0,0.6666666666666666,0.0,0.0,0.0
64,14,112,113,53,2,1,1,0,0.6666666666666666,0.5,0.0,0.5
64,14,112,113,56,1,0,4,0,0.8,0.0,0.0,0.0
64,14,112,113,58,1,0,5,0,0.8333333333333334,0.0,0.0,0.0
64,14,112,113,59,1,0,5,0,0.8333333333333334,0.0,0.0,0.0
64,14,112,113,60,1,0,5,0,0.8333333333333334,0.0,0.0,0.0
64,14,112,113,62,1,0,6,0,0.8571428571428571,0.0,0.0,0.0
64,14,112,113,63,1,0,6,0,0.8571428571428571,0.0,0.0,0.0
64,14,112,113,64,1,0,6,0,0.8571428571428571,0.0,0.0,0.0
64,14,112,113,66,1,0,7,0,0.875,0.0,0.0,0.0
64,14,112,113,68,1,0,8,0,0.8888888888888888,0.0,0.0,0.0
64,14,112,113,70,1,0,7,0,0.875,0.0,0.0,0.0
64,14,112,113,72,2,0,5,0,1.4285714285714286,0.0,0.0,0.0
64,14,112,113,74,4,0,2,0,1.3333333333333333,0.0,0.0,0.0
64,14,112,113,75,2,0,2,0,1.0,0.0,0.0,0.0
64,14,112,113,76,2,0,1,0,0.6666666666666666,0.0,0.0,0.0
64,14,112,113,78,2,0,1,0,0.6666666666666666,0.0,0.0,0.0
64,14,120,121,51,3,0,5,0,1.875,0.0,0.0,0.0
64,14,120,121,52,1,0,3,0,0.75,0.0,0.0,0.0
64,14,120,121,53,1,0,2,0,0.6666666666666666,0.0,0.0,0.0
64,14,120,121,54,2,0,2,0,1.0,0.0,0.0,0.0
64,14,120,121,55,2,0,3,0,1.2,0.0,0.0,0.0
64,14,120,121,64,2,0,10,0,1.6666666666666667,0.0,0.0,0.0
64,14,120,121,66,2,0,11,0,1.6923076923076923,0.0,0.0,0.0
64,15,24,25,20,4,1,1,0,0.8,0.25,0.0,0.25
64,15,24,25,21,14,10,3,0,2.4705882352941178,0.7142857142857143,0.0,0.7142857142857143
64,15,32,33,25,4,2,1,0,0.8,0.5,0.0,0.5
64,15,32,33,26,2,0,3,1,1.2,0.0,0.3333333333333333,-0.3333333333333333
64,15,32,33,27,13,8,3,0,2.4375,0.6153846153846154,0.0,0.6153846153846154
64,15,40,41,27,1,0,1,0,0.5,0.0,0.0,0.0
64,15,40,41,28,4,1,1,0,0.8,0.25,0.0,0.25
64,15,40,41,29,4,2,2,0,1.3333333333333333,0.5,0.0,0.5
64,15,40,41,30,5,1,4,0,2.2222222222222223,0.2,0.0,0.2
64,15,40,41,31,3,1,9,0,2.25,0.3333333333333333,0.0,0.3333333333333333
64,15,40,41,32,2,0,12,1,1.7142857142857142,0.0,0.08333333333333333,-0.08333333333333333
64,15,40,41,33,3,2,14,0,2.4705882352941178,0.6666666666666666,0.0,0.6666666666666666
64,15,48,49,34,4,1,1,0,0.8,0.25,0.0,0.25
64,15,48,49,35,6,3,3,0,2.0,0.5,0.0,0.5
64,15,48,49,36,1,0,6,0,0.8571428571428571,0.0,0.0,0.0
64,15,48,49,37,10,7,4,0,2.857142857142857,0.7,0.0,0.7
64,15,48,49,38,3,1,11,0,2.357142857142857,0.3333333333333333,0.0,0.3333333333333333
64,15,48,49,39,2,0,12,0,1.7142857142857142,0.0,0.0,0.0
64,15,56,57,42,3,1,2,0,1.2,0.3333333333333333,0.0,0.3333333333333333
64,15,56,57,43,3,0,2,0,1.2,0.0,0.0,0.0
64,15,56,57,44,1,1,3,0,0.75,1.0,0.0,1.0
64,15,56,57,45,1,1,2,0,0.6666666666666666,1.0,0.0,1.0
64,15,64,65,50,1,1,1,0,0.5,1.0,0.0,1.0
64,15,64,65,51,2,1,2,0,1.0,0.5,0.0,0.5
64,15,72,73,55,2,2,1,0,0.6666666666666666,1.0,0.0,1.0
64,15,72,73,56,1,0,3,0,0.75,0.0,0.0,0.0
64,15,72,73,57,6,6,4,0,2.4,1.0,0.0,1.0
64,15,80,81,3,2,0,1,0,0.6666666666666666,0.0,0.0,0.0
64,15,80,81,4,2,0,3,0,1.2,0.0,0.0,0.0
64,15,80,81,6,3,0,5,0,1.875,0.0,0.0,0.0
64,15,80,81,8,1,0,8,0,0.8888888888888888,0.0,0.0,0.0
64,15,80,81,10,1,0,9,0,0.9,0.0,0.0,0.0
64,15,80,81,11,1,0,9,0,0.9,0.0,0.0,0.0
64,15,80,81,12,3,0,7,0,2.1,0.0,0.0,0.0
64,15,80,81,14,5,0,6,0,2.727272727272727,0.0,0.0,0.0
64,15,80,81,16,3,0,3,0,1.5,0.0,0.0,0.0
64,15,80,81,17,1,0,3,0,0.75,0.0,0.0,0.0
64,15,80,81,18,2,0,3,0,1.2,0.0,0.0,0.0
64,15,80,81,19,4,0,3,0,1.7142857142857142,0.0,0.0,0.0
64,15,80,81,20,2,0,4,0,1.3333333333333333,0.0,0.0,0.0
64,15,80,81,21,2,0,4,0,1.3333333333333333,0.0,0.0,0.0
64,15,80,81,23,2,0,6,0,1.5,0.0,0.0,0.0
64,15,80,81,25,1,0,8,0,0.8888888888888888,0.0,0.0,0.0
64,15,80,81,26,1,0,8,0,0.8888888888888888,0.0,0.0,0.0
64,15,80,81,27,3,0,7,0,2.1,0.0,0.0,0.0
64,15,80,81,28,5,0,3,0,1.875,0.0,0.0,0.0
64,15,80,81,29,2,0,2,0,1.0,0.0,0.0,0.0
64,15,80,81,61,2,2,2,0,1.0,1.0,0.0,1.0
64,15,80,81,62,2,1,3,0,1.2,0.5,0.0,0.5
64,15,80,81,63,3,1,4,1,1.7142857142857142,0.3333333333333333,0.25,0.08333333333333331
64,15,80,81,64,3,1,5,1,1.875,0.3333333333333333,0.2,0.1333333333333333
64,15,80,81,65,6,1,6,1,3.0,0.16666666666666666,0.16666666666666666,0.0
64,15,88,89,8,1,0,11,0,0.9166666666666666,0.0,0.0,0.0
64,15,88,89,9,1,0,11,0,0.9166666666666666,0.0,0.0,0.0
64,15,88,89,11,1,0,12,0,0.9230769230769231,0.0,0.0,0.0
64,15,88,89,13,1,0,13,0,0.9285714285714286,0.0,0.0,0.0
64,15,88,89,15,1,0,14,0,0.9333333333333333,0.0,0.0,0.0
64,15,88,89,16,1,0,15,0,0.9375,0.0,0.0,0.0
64,15,88,89,21,1,0,16,0,0.9411764705882353,0.0,0.0,0.0
64,15,88,89,23,1,0,15,0,0.9375,0.0,0.0,0.0
64,15,88,89,25,1,0,14,0,0.9333333333333333,0.0,0.0,0.0
64,15,88,89,26,1,0,13,0,0.9285714285714286,0.0,0.0,0.0
64,15,88,89,27,1,0,13,0,0.9285714285714286,0.0,0.0,0.0
64,15,88,89,28,1,0,13,0,0.9285714285714286,0.0,0.0,0.0
64,15,88,89,29,1,0,13,0,0.9285714285714286,0.0,0.0,0.0
64,15,88,89,33,2,0,4,0,1.3333333333333333,0.0,0.0,0.0
64,15,88,89,35,3,0,1,0,0.75,0.0,0.0,0.0
64,15,88,89,69,1,1,6,0,0.8571428571428571,1.0,0.0,1.0
64,15,88,89,70,1,0,6,1,0.8571428571428571,0.0,0.16666666666666666,-0.16666666666666666
64,15,96,97,28,1,0,15,0,0.9375,0.0,0.0,0.0
64,15,96,97,29,1,0,14,0,0.9333333333333333,0.0,0.0,0.0
64,15,96,97,69,4,0,2,0,1.3333333333333333,0.0,0.0,0.0
64,15,96,97,70,2,0,3,0,1.2,0.0,0.0,0.0
64,15,96,97,72,2,0,3,0,1.2,0.0,0.0,0.0
64,15,104,105,29,2,0,15,0,1.7647058823529411,0.0,0.0,0.0
64,15,104,105,30,1,0,14,0,0.9333333333333333,0.0,0.0,0.0
64,15,104,105,31,2,0,12,0,1.7142857142857142,0.0,0.0,0.0
64,15,104,105,32,2,0,10,0,1.6666666666666667,0.0,0.0,0.0
64,15,104,105,33,3,0,7,0,2.1,0.0,0.0,0.0
64,15,104,105,34,2,0,6,0,1.5,0.0,0.0,0.0
64,15,104,105,35,2,0,5,0,1.4285714285714286,0.0,0.0,0.0
64,15,104,105,36,2,0,4,0,1.3333333333333333,0.0,0.0,0.0
64,15,104,105,37,2,0,3,0,1.2,0.0,0.0,0.0
64,15,104,105,38,2,0,2,0,1.0,0.0,0.0,0.0
64,15,104,105,39,2,0,1,0,0.6666666666666666,0.0,0.0,0.0
64,15,104,105,70,2,0,3,0,1.2,0.0,0.0,0.0
64,15,104,105,72,2,2,3,0,1.2,1.0,0.0,1.0
64,15,112,113,31,1,0,16,0,0.9411764705882353,0.0,0.0,0.0
64,15,112,113,32,1,0,15,0,0.9375,0.0,0.0,0.0
64,15,112,113,33,2,0,13,0,1.7333333333333334,0.0,0.0,0.0
64,15,112,113,34,1,0,13,0,0.9285714285714286,0.0,0.0,0.0
64,15,112,113,35,2,0,12,0,1.7142857142857142,0.0,0.0,0.0
64,15,112,113,37,3,0,11,0,2.357142857142857,0.0,0.0,0.0
64,15,112,113,38,3,0,9,0,2.25,0.0,0.0,0.0
64,15,112,113,39,2,0,8,0,1.6,0.0,0.0,0.0
64,15,112,113,40,2,0,7,0,1.5555555555555556,0.0,0.0,0.0
64,15,112,113,41,4,0,3,0,1.7142857142857142,0.0,0.0,0.0
64,15,112,113,42,1,0,2,0,0.6666666666666666,0.0,0.0,0.0
64,15,112,113,70,4,1,1,0,0.8,0.25,0.0,0.25
64,15,112,113,71,2,0,2,0,1.0,0.0,0.0,0.0
64,15,112,113,73,2,0,2,0,1.0,0.0,0.0,0.0
64,15,120,121,71,2,0,1,0,0.6666666666666666,0.0,0.0,0.0
64,15,120,121,72,1,0,2,0,0.6666666666666666,0.0,0.0,0.0
64,15,120,121,73,2,0,2,0,1.0,0.0,0.0,0.0
64,15,128,129,73,1,0,1,0,0.5,0.0,0.0,0.0
64,15,160,161,49,1,0,1,0,0.5,0.0,0.0,0.0
64,15,160,161,50,1,0,1,0,0.5,0.0,0.0,0.0
64,15,160,161,51,1,0,1,0,0.5,0.0,0.0,0.0
64,15,160,161,52,1,0,1,0,0.5,0.0,0.0,0.0
64,15,160,161,53,1,0,1,0,0.5,0.0,0.0,0.0
64,15,160,161,54,1,0,1,0,0.5,0.0,0.0,0.0
64,15,160,161,55,1,0,1,0,0.5,0.0,0.0,0.0
64,15,160,161,56,1,0,1,0,0.5,0.0,0.0,0.0
64,15,160,161,57,1,0,1,0,0.5,0.0,0.0,0.0
64,15,160,161,58,1,0,1,0,0.5,0.0,0.0,0.0
64,15,160,161,59,1,0,1,0,0.5,0.0,0.0,0.0
64,15,160,161,60,1,0,1,0,0.5,0.0,0.0,0.0
64,15,160,161,61,1,0,1,0,0.5,0.0,0.0,0.0
64,15,160,161,62,1,0,1,0,0.5,0.0,0.0,0.0
64,15,160,161,63,1,0,1,0,0.5,0.0,0.0,0.0
64,15,168,169,49,1,0,1,0,0.5,0.0,0.0,0.0
64,15,168,169,50,1,0,1,0,0.5,0.0,0.0,0.0
64,15,168,169,51,1,0,1,0,0.5,0.0,0.0,0.0
64,15,168,169,52,1,0,1,0,0.5,0.0,0.0,0.0
64,15,168,169,53,1,0,1,0,0.5,0.0,0.0,0.0
64,15,168,169,54,1,0,1,0,0.5,0.0,0.0,0.0
64,15,168,169,55,1,0,1,0,0.5,0.0,0.0,0.0
64,15,168,169,56,1,0,1,0,0.5,0.0,0.0,0.0
64,15,168,169,57,1,0,1,0,0.5,0.0,0.0,0.0
64,15,168,169,58,1,0,1,0,0.5,0.0,0.0,0.0
64,15,168,169,59,1,0,1,0,0.5,0.0,0.0,0.0
64,15,168,169,60,1,0,1,0,0.5,0.0,0.0,0.0
64,15,168,169,61,1,0,1,0,0.5,0.0,0.0,0.0
64,15,168,169,62,1,0,1,0,0.5,0.0,0.0,0.0
64,15,168,169,63,1,0,1,0,0.5,0.0,0.0,0.0
64,15,176,177,49,1,0,1,0,0.5,0.0,0.0,0.0
64,15,176,177,50,1,0,1,0,0.5,0.0,0.0,0.0
64,15,176,177,51,1,0,1,0,0.5,0.0,0.0,0.0
64,15,176,177,52,1,0,1,0,0.5,0.0,0.0,0.0
64,15,176,177,53,1,0,1,0,0.5,0.0,0.0,0.0
64,15,176,177,54,1,0,1,0,0.5,0.0,0.0,0.0
64,15,176,177,55,1,0,1,0,0.5,0.0,0.0,0.0
64,15,176,177,56,1,0,1,0,0.5,0.0,0.0,0.0
64,15,176,177,57,1,0,1,0,0.5,0.0,0.0,0.0
64,15,176,177,58,1,0,1,0,0.5,0.0,0.0,0.0
64,15,176,177,59,1,0,1,0,0.5,0.0,0.0,0.0
64,15,176,177,60,1,0,1,0,0.5,0.0,0.0,0.0
64,15,176,177,61,1,0,1,0,0.5,0.0,0.0,0.0
64,15,176,177,62,1,0,1,0,0.5,0.0,0.0,0.0
64,15,176,177,63,1,0,1,0,0.5,0.0,0.0,0.0
64,15,184,185,49,1,0,1,0,0.5,0.0,0.0,0.0
64,15,184,185,51,2,0,1,0,0.6666666666666666,0.0,0.0,0.0
64,15,184,185,53,2,0,1,0,0.6666666666666666,0.0,0.0,0.0
64,15,184,185,54,1,0,1,0,0.5,0.0,0.0,0.0
64,15,184,185,55,1,0,1,0,0.5,0.0,0.0,0.0
64,15,184,185,56,1,0,1,0,0.5,0.0,0.0,0.0
64,15,184,185,57,1,0,1,0,0.5,0.0,0.0,0.0
64,15,184,185,58,1,0,1,0,0.5,0.0,0.0,0.0
64,15,184,185,59,1,0,1,0,0.5,0.0,0.0,0.0
64,15,184,185,60,1,0,1,0,0.5,0.0,0.0,0.0
64,15,184,185,61,1,0,1,0,0.5,0.0,0.0,0.0
64,15,184,185,62,1,0,1,0,0.5,0.0,0.0,0.0
64,15,184,185,63,1,0,1,0,0.5,0.0,0.0,0.0
64,15,192,193,50,1,0,2,0,0.6666666666666666,0.0,0.0,0.0
64,15,192,193,51,1,0,2,0,0.6666666666666666,0.0,0.0,0.0
64,15,192,193,52,1,0,2,0,0.6666666666666666,0.0,0.0,0.0
64,15,192,193,53,1,0,2,0,0.6666666666666666,0.0,0.0,0.0
64,15,192,193,54,1,0,2,0,0.6666666666666666,0.0,0.0,0.0
64,15,192,193,55,1,0,2,0,0.6666666666666666,0.0,0.0,0.0
64,15,192,193,56,1,0,2,0,0.6666666666666666,0.0,0.0,0.0
64,15,192,193,57,1,0,2,0,0.6666666666666666,0.0,0.0,0.0
64,15,192,193,58,1,0,2,0,0.6666666666666666,0.0,0.0,0.0
64,15,192,193,59,1,0,2,0,0.6666666666666666,0.0,0.0,0.0
64,15,192,193,60,1,0,2,0,0.6666666666666666,0.0,0.0,0.0
64,15,192,193,61,1,0,2,0,0.6666666666666666,0.0,0.0,0.0
64,15,192,193,62,1,0,2,0,0.6666666666666666,0.0,0.0,0.0
64,15,192,193,63,2,0,1,0,0.6666666666666666,0.0,0.0,0.0
64,15,200,201,50,1,0,2,0,0.6666666666666666,0.0,0.0,0.0
64,15,200,201,51,1,0,2,0,0.6666666666666666,0.0,0.0,0.0
64,15,200,201,52,1,0,2,0,0.6666666666666666,0.0,0.0,0.0
64,15,200,201,53,1,0,2,0,0.6666666666666666,0.0,0.0,0.0
64,15,200,201,54,1,0,2,0,0.6666666666666666,0.0,0.0,0.0
64,15,200,201,55,1,0,2,0,0.6666666666666666,0.0,0.0,0.0
64,15,200,201,56,1,0,2,0,0.6666666666666666,0.0,0.0,0.0
64,15,200,201,57,1,0,2,0,0.6666666666666666,0.0,0.0,0.0
64,15,200,201,58,1,0,2,0,0.6666666666666666,0.0,0.0,0.0
64,15,200,201,59,1,0,2,0,0.6666666666666666,0.0,0.0,0.0
64,15,200,201,60,1,0,2,0,0.6666666666666666,0.0,0.0,0.0
64,15,200,201,61,1,0,2,0,0.6666666666666666,0.0,0.0,0.0
64,15,200,201,62,1,0,2,0,0.6666666666666666,0.0,0.0,0.0
64,15,200,201,63,1,0,2,0,0.6666666666666666,0.0,0.0,0.0
64,15,200,201,64,1,0,1,0,0.5,0.0,0.0,0.0
64,15,208,209,50,1,0,2,0,0.6666666666666666,0.0,0.0,0.0
64,15,208,209,51,1,0,2,0,0.6666666666666666,0.0,0.0,0.0
64,15,208,209,52,1,0,2,0,0.6666666666666666,0.0,0.0,0.0
64,15,208,209,53,1,0,2,0,0.6666666666666666,0.0,0.0,0.0
64,15,208,209,54,1,0,2,0,0.6666666666666666,0.0,0.0,0.0
64,15,208,209,55,1,0,2,0,0.6666666666666666,0.0,0.0,0.0
64,15,208,209,56,1,0,2,0,0.6666666666666666,0.0,0.0,0.0
64,15,208,209,57,1,0,2,0,0.6666666666666666,0.0,0.0,0.0
64,15,208,209,58,1,0,2,0,0.6666666666666666,0.0,0.0,0.0
64,15,208,209,59,1,0,2,0,0.6666666666666666,0.0,0.0,0.0
64,15,208,209,60,1,0,2,0,0.6666666666666666,0.0,0.0,0.0
64,15,208,209,61,1,0,2,0,0.6666666666666666,0.0,0.0,0.0
64,15,208,209,62,1,0,2,0,0.6666666666666666,0.0,0.0,0.0
64,15,208,209,63,1,0,2,0,0.6666666666666666,0.0,0.0,0.0
64,15,208,209,64,1,0,1,0,0.5,0.0,0.0,0.0
64,15,216,217,50,1,0,2,0,0.6666666666666666,0.0,0.0,0.0
64,15,216,217,51,1,0,2,0,0.6666666666666666,0.0,0.0,0.0
64,15,216,217,52,1,0,2,0,0.6666666666666666,0.0,0.0,0.0
64,15,216,217,53,1,0,2,0,0.6666666666666666,0.0,0.0,0.0
64,15,216,217,54,1,0,2,0,0.6666666666666666,0.0,0.0,0.0
64,15,216,217,55,1,0,2,0,0.6666666666666666,0.0,0.0,0.0
64,15,216,217,56,1,0,2,0,0.6666666666666666,0.0,0.0,0.0
64,15,216,217,57,1,0,2,0,0.6666666666666666,0.0,0.0,0.0
64,15,216,217,58,1,0,2,0,0.6666666666666666,0.0,0.0,0.0
64,15,216,217,59,1,0,2,0,0.6666666666666666,0.0,0.0,0.0
64,15,216,217,60,1,0,2,0,0.6666666666666666,0.0,0.0,0.0
64,15,216,217,61,1,0,2,0,0.6666666666666666,0.0,0.0,0.0
64,15,216,217,62,1,0,2,0,0.6666666666666666,0.0,0.0,0.0
64,15,216,217,63,1,0,2,0,0.6666666666666666,0.0,0.0,0.0
64,15,216,217,64,1,0,1,0,0.5,0.0,0.0,0.0
64,15,224,225,50,1,0,2,0,0.6666666666666666,0.0,0.0,0.0
64,15,224,225,51,1,0,2,0,0.6666666666666666,0.0,0.0,0.0
64,15,224,225,52,1,0,2,0,0.6666666666666666,0.0,0.0,0.0
64,15,224,225,53,1,0,2,0,0.6666666666666666,0.0,0.0,0.0
64,15,224,225,54,1,0,2,0,0.6666666666666666,0.0,0.0,0.0
64,15,224,225,55,1,0,2,0,0.6666666666666666,0.0,0.0,0.0
64,15,224,225,56,1,0,2,0,0.6666666666666666,0.0,0.0,0.0
64,15,224,225,57,1,0,2,0,0.6666666666666666,0.0,0.0,0.0
64,15,224,225,58,1,0,2,0,0.6666666666666666,0.0,0.0,0.0
64,15,224,225,59,1,0,2,0,0.6666666666666666,0.0,0.0,0.0
64,15,224,225,60,1,0,2,0,0.6666666666666666,0.0,0.0,0.0
64,15,224,225,61,1,0,2,0,0.6666666666666666,0.0,0.0,0.0
64,15,224,225,62,1,0,2,0,0.6666666666666666,0.0,0.0,0.0
64,15,224,225,63,1,0,2,0,0.6666666666666666,0.0,0.0,0.0
64,15,224,225,64,1,0,1,0,0.5,0.0,0.0,0.0
64,15,232,233,51,1,0,3,0,0.75,0.0,0.0,0.0
64,15,232,233,52,1,0,3,0,0.75,0.0,0.0,0.0
64,15,232,233,53,1,0,3,0,0.75,0.0,0.0,0.0
64,15,232,233,54,1,0,3,0,0.75,0.0,0.0,0.0
64,15,232,233,55,1,0,3,0,0.75,0.0,0.0,0.0
64,15,232,233,56,1,0,3,0,0.75,0.0,0.0,0.0
64,15,232,233,57,1,0,3,0,0.75,0.0,0.0,0.0
64,15,232,233,58,1,0,3,0,0.75,0.0,0.0,0.0
64,15,232,233,59,1,0,3,0,0.75,0.0,0.0,0.0
64,15,232,233,60,1,0,3,0,0.75,0.0,0.0,0.0
64,15,232,233,61,1,0,3,0,0.75,0.0,0.0,0.0
64,15,232,233,62,1,0,3,0,0.75,0.0,0.0,0.0
64,15,232,233,63,1,0,3,0,0.75,0.0,0.0,0.0
64,15,232,233,64,2,0,1,0,0.6666666666666666,0.0,0.0,0.0
64,15,240,241,51,1,0,3,0,0.75,0.0,0.0,0.0
64,15,240,241,52,1,0,3,0,0.75,0.0,0.0,0.0
64,15,240,241,53,1,0,3,0,0.75,0.0,0.0,0.0
64,15,240,241,54,1,0,3,0,0.75,0.0,0.0,0.0
64,15,240,241,55,1,0,3,0,0.75,0.0,0.0,0.0
64,15,240,241,56,1,0,3,0,0.75,0.0,0.0,0.0
64,15,240,241,57,1,0,3,0,0.75,0.0,0.0,0.0
64,15,240,241,58,1,0,3,0,0.75,0.0,0.0,0.0
64,15,240,241,59,1,0,3,0,0.75,0.0,0.0,0.0
64,15,240,241,60,1,0,3,0,0.75,0.0,0.0,0.0
64,15,240,241,61,1,0,3,0,0.75,0.0,0.0,0.0
64,15,240,241,62,1,0,3,0,0.75,0.0,0.0,0.0
64,15,240,241,63,1,0,3,0,0.75,0.0,0.0,0.0
64,15,240,241,64,1,0,2,0,0.6666666666666666,0.0,0.0,0.0
64,15,240,241,65,1,0,1,0,0.5,0.0,0.0,0.0
64,15,248,249,51,1,0,3,0,0.75,0.0,0.0,0.0
64,15,248,249,52,1,0,3,0,0.75,0.0,0.0,0.0
64,15,248,249,53,1,0,3,0,0.75,0.0,0.0,0.0
64,15,248,249,54,1,0,3,0,0.75,0.0,0.0,0.0
64,15,248,249,55,1,0,3,0,0.75,0.0,0.0,0.0
64,15,248,249,56,1,0,3,0,0.75,0.0,0.0,0.0
64,15,248,249,57,1,0,3,0,0.75,0.0,0.0,0.0
64,15,248,249,58,1,0,3,0,0.75,0.0,0.0,0.0
64,15,248,249,59,1,0,3,0,0.75,0.0,0.0,0.0
64,15,248,249,60,1,0,3,0,0.75,0.0,0.0,0.0
64,15,248,249,61,1,0,3,0,0.75,0.0,0.0,0.0
64,15,248,249,62,1,0,3,0,0.75,0.0,0.0,0.0
64,15,248,249,63,1,0,3,0,0.75,0.0,0.0,0.0
64,15,248,249,64,1,0,2,0,0.6666666666666666,0.0,0.0,0.0
64,15,248,249,65,1,0,1,0,0.5,0.0,0.0,0.0
64,16,16,17,14,1,0,1,0,0.5,0.0,0.0,0.0
64,16,16,17,15,23,22,2,0,1.84,0.9565217391304348,0.0,0.9565217391304348
64,16,24,25,20,5,1,2,0,1.4285714285714286,0.2,0.0,0.2
64,16,24,25,21,27,23,7,0,5.5588235294117645,0.8518518518518519,0.0,0.8518518518518519
64,16,32,33,24,1,0,1,0,0.5,0.0,0.0,0.0
64,16,32,33,25,5,4,2,0,1.4285714285714286,0.8,0.0,0.8
64,16,32,33,26,7,2,5,1,2.9166666666666665,0.2857142857142857,0.2,0.08571428571428569
64,16,32,33,27,24,17,7,1,5.419354838709677,0.7083333333333334,0.14285714285714285,0.5654761904761905
64,16,40,41,29,3,2,1,0,0.75,0.6666666666666666,0.0,0.6666666666666666
64,16,40,41,30,6,1,1,0,0.8571428571428571,0.16666666666666666,0.0,0.16666666666666666
64,16,40,41,31,6,1,2,0,1.5,0.16666666666666666,0.0,0.16666666666666666
64,16,40,41,32,3,1,6,0,2.0,0.3333333333333333,0.0,0.3333333333333333
64,16,40,41,33,7,5,7,0,3.5,0.7142857142857143,0.0,0.7142857142857143
64,16,48,49,33,3,0,2,0,1.2,0.0,0.0,0.0
64,16,48,49,34,5,1,1,0,0.8333333333333334,0.2,0.0,0.2
64,16,48,49,35,1,0,4,0,0.8,0.0,0.0,0.0
64,16,48,49,36,3,1,3,0,1.5,0.3333333333333333,0.0,0.3333333333333333
64,16,48,49,37,2,1,3,0,1.2,0.5,0.0,0.5
64,16,48,49,38,1,0,3,0,0.75,0.0,0.0,0.0
64,16,48,49,39,1,1,3,0,0.75,1.0,0.0,1.0
64,16,56,57,37,1,0,1,0,0.5,0.0,0.0,0.0
64,16,56,57,38,2,0,1,0,0.6666666666666666,0.0,0.0,0.0
64,16,56,57,39,1,0,1,0,0.5,0.0,0.0,0.0
64,16,56,57,44,1,1,1,0,0.5,1.0,0.0,1.0
64,16,56,57,45,5,5,2,0,1.4285714285714286,1.0,0.0,1.0
64,16,64,65,50,1,0,1,0,0.5,0.0,0.0,0.0
64,16,64,65,51,6,5,2,0,1.5,0.8333333333333334,0.0,0.8333333333333334
64,16,64,65,52,3,2,8,0,2.1818181818181817,0.6666666666666666,0.0,0.6666666666666666
64,16,64,65,53,4,0,10,0,2.857142857142857,0.0,0.0,0.0
64,16,72,73,51,1,0,1,0,0.5,0.0,0.0,0.0
64,16,72,73,52,1,0,2,0,0.6666666666666666,0.0,0.0,0.0
64,16,72,73,53,1,0,3,0,0.75,0.0,0.0,0.0
64,16,72,73,54,1,0,3,0,0.75,0.0,0.0,0.0
64,16,72,73,55,1,0,3,0,0.75,0.0,0.0,0.0
64,16,72,73,56,2,0,3,1,1.2,0.0,0.3333333333333333,-0.3333333333333333
64,16,72,73,57,1,0,4,0,0.8,0.0,0.0,0.0
64,16,72,73,58,2,1,4,0,1.3333333333333333,0.5,0.0,0.5
64,16,72,73,59,2,1,5,0,1.4285714285714286,0.5,0.0,0.5
64,16,72,73,60,1,0,6,0,0.8571428571428571,0.0,0.0,0.0
64,16,80,81,2,1,0,7,0,0.875,0.0,0.0,0.0
64,16,80,81,3,3,0,8,0,2.1818181818181817,0.0,0.0,0.0
64,16,80,81,4,4,0,8,0,2.6666666666666665,0.0,0.0,0.0
64,16,80,81,5,3,0,8,0,2.1818181818181817,0.0,0.0,0.0
64,16,80,81,6,2,0,9,0,1.6363636363636365,0.0,0.0,0.0
64,16,80,81,8,1,0,9,0,0.9,0.0,0.0,0.0
64,16,80,81,9,1,0,7,0,0.875,0.0,0.0,0.0
64,16,80,81,44,2,0,3,0,1.2,0.0,0.0,0.0
64,16,80,81,45,2,0,5,0,1.4285714285714286,0.0,0.0,0.0
64,16,80,81,47,2,0,6,0,1.5,0.0,0.0,0.0
64,16,80,81,48,3,0,4,0,1.7142857142857142,0.0,0.0,0.0
64,16,80,81,51,3,0,1,0,0.75,0.0,0.0,0.0
64,16,80,81,52,1,0,2,0,0.6666666666666666,0.0,0.0,0.0
64,16,80,81,53,2,0,1,0,0.6666666666666666,0.0,0.0,0.0
64,16,80,81,54,2,0,1,0,0.6666666666666666,0.0,0.0,0.0
64,16,80,81,55,2,0,1,0,0.6666666666666666,0.0,0.0,0.0
64,16,80,81,56,3,0,1,0,0.75,0.0,0.0,0.0
64,16,80,81,57,3,0,2,0,1.2,0.0,0.0,0.0
64,16,80,81,58,1,0,3,0,0.75,0.0,0.0,0.0
64,16,80,81,59,2,0,3,0,1.2,0.0,0.0,0.0
64,16,80,81,60,1,0,4,0,0.8,0.0,0.0,0.0
64,16,80,81,61,1,0,4,0,0.8,0.0,0.0,0.0
64,16,80,81,62,1,0,3,0,0.75,0.0,0.0,0.0
64,16,80,81,63,2,2,3,0,1.2,1.0,0.0,1.0
64,16,80,81,64,3,2,4,0,1.7142857142857142,0.6666666666666666,0.0,0.6666666666666666
64,16,80,81,65,4,2,4,0,2.0,0.5,0.0,0.5
64,16,80,81,66,3,1,6,0,2.0,0.3333333333333333,0.0,0.3333333333333333
64,16,88,89,3,1,0,11,0,0.9166666666666666,0.0,0.0,0.0
64,16,88,89,4,1,0,14,0,0.9333333333333333,0.0,0.0,0.0
64,16,88,89,5,2,0,15,0,1.7647058823529411,0.0,0.0,0.0
64,16,88,89,6,3,0,15,0,2.5,0.0,0.0,0.0
64,16,88,89,7,1,0,16,0,0.9411764705882353,0.0,0.0,0.0
64,16,88,89,8,1,0,16,0,0.9411764705882353,0.0,0.0,0.0
64,16,88,89,9,1,0,15,0,0.9375,0.0,0.0,0.0
64,16,88,89,10,1,0,13,0,0.9285714285714286,0.0,0.0,0.0
64,16,88,89,11,2,0,9,0,1.6363636363636365,0.0,0.0,0.0
64,16,88,89,12,2,0,5,0,1.4285714285714286,0.0,0.0,0.0
64,16,88,89,14,1,0,2,0,0.6666666666666666,0.0,0.0,0.0
64,16,88,89,18,3,0,2,0,1.2,0.0,0.0,0.0
64,16,88,89,20,2,0,4,0,1.3333333333333333,0.0,0.0,0.0
64,16,88,89,22,1,0,5,0,0.8333333333333334,0.0,0.0,0.0
64,16,88,89,23,2,0,4,0,1.3333333333333333,0.0,0.0,0.0
64,16,88,89,25,2,0,4,0,1.3333333333333333,0.0,0.0,0.0
64,16,88,89,26,1,0,4,0,0.8,0.0,0.0,0.0
64,16,88,89,27,2,0,2,0,1.0,0.0,0.0,0.0
64,16,88,89,60,1,0,6,0,0.8571428571428571,0.0,0.0,0.0
64,16,88,89,66,1,1,1,0,0.5,1.0,0.0,1.0
64,16,88,89,67,1,1,1,0,0.5,1.0,0.0,1.0
64,16,88,89,68,1,0,2,0,0.6666666666666666,0.0,0.0,0.0
64,16,88,89,69,3,3,2,0,1.2,1.0,0.0,1.0
64,16,88,89,70,2,0,4,0,1.3333333333333333,0.0,0.0,0.0
64,16,88,89,71,6,5,4,0,2.4,0.8333333333333334,0.0,0.8333333333333334
64,16,88,89,72,3,0,8,0,2.1818181818181817,0.0,0.0,0.0
64,16,88,89,73,5,2,9,0,3.2142857142857144,0.4,0.0,0.4
64,16,88,89,74,2,1,13,0,1.7333333333333334,0.5,0.0,0.5
64,16,96,97,5,1,1,18,0,0.9473684210526315,1.0,0.0,1.0
64,16,96,97,6,1,0,20,0,0.9523809523809523,0.0,0.0,0.0
64,16,96,97,7,3,1,20,0,2.608695652173913,0.3333333333333333,0.0,0.3333333333333333
64,16,96,97,8,3,0,21,0,2.625,0.0,0.0,0.0
64,16,96,97,9,1,0,21,0,0.9545454545454546,0.0,0.0,0.0
64,16,96,97,10,1,0,18,0,0.9473684210526315,0.0,0.0,0.0
64,16,96,97,11,1,0,15,0,0.9375,0.0,0.0,0.0
64,16,96,97,12,1,0,11,0,0.9166666666666666,0.0,0.0,0.0
64,16,96,97,13,1,0,11,0,0.9166666666666666,0.0,0.0,0.0
64,16,96,97,14,2,0,10,0,1.6666666666666667,0.0,0.0,0.0
64,16,96,97,15,1,0,9,0,0.9,0.0,0.0,0.0
64,16,96,97,16,2,0,8,0,1.6,0.0,0.0,0.0
64,16,96,97,17,1,0,7,0,0.875,0.0,0.0,0.0
64,16,96,97,18,2,0,8,0,1.6,0.0,0.0,0.0
64,16,96,97,19,1,0,9,0,0.9,0.0,0.0,0.0
64,16,96,97,20,2,0,10,0,1.6666666666666667,0.0,0.0,0.0
64,16,96,97,21,1,0,11,0,0.9166666666666666,0.0,0.0,0.0
64,16,96,97,24,2,0,12,0,1.7142857142857142,0.0,0.0,0.0
64,16,96,97,26,1,0,11,0,0.9166666666666666,0.0,0.0,0.0
64,16,96,97,34,2,0,2,0,1.0,0.0,0.0,0.0
64,16,96,97,35,1,0,1,0,0.5,0.0,0.0,0.0
64,16,96,97,62,1,0,5,0,0.8333333333333334,0.0,0.0,0.0
64,16,96,97,63,1,0,4,0,0.8,0.0,0.0,0.0
64,16,96,97,80,3,2,6,0,2.0,0.6666666666666666,0.0,0.6666666666666666
64,16,96,97,81,1,1,7,1,0.875,1.0,0.14285714285714285,0.8571428571428572
64,16,104,105,5,1,0,18,0,0.9473684210526315,0.0,0.0,0.0
64,16,104,105,7,3,0,21,0,2.625,0.0,0.0,0.0
64,16,104,105,9,1,0,25,0,0.9615384615384616,0.0,0.0,0.0
64,16,104,105,10,2,0,22,0,1.8333333333333333,0.0,0.0,0.0
64,16,104,105,11,1,0,20,0,0.9523809523809523,0.0,0.0,0.0
64,16,104,105,12,3,0,15,0,2.5,0.0,0.0,0.0
64,16,104,105,13,1,0,16,0,0.9411764705882353,0.0,0.0,0.0
64,16,104,105,14,2,0,15,0,1.7647058823529411,0.0,0.0,0.0
64,16,104,105,15,1,0,16,0,0.9411764705882353,0.0,0.0,0.0
64,16,104,105,16,5,0,13,0,3.611111111111111,0.0,0.0,0.0
64,16,104,105,17,1,0,14,0,0.9333333333333333,0.0,0.0,0.0
64,16,104,105,18,5,0,15,0,3.75,0.0,0.0,0.0
64,16,104,105,19,1,0,18,0,0.9473684210526315,0.0,0.0,0.0
64,16,104,105,20,5,0,18,0,3.9130434782608696,0.0,0.0,0.0
64,16,104,105,21,1,0,21,0,0.9545454545454546,0.0,0.0,0.0
64,16,104,105,22,3,0,21,0,2.625,0.0,0.0,0.0
64,16,104,105,23,1,0,22,0,0.9565217391304348,0.0,0.0,0.0
64,16,104,105,24,3,0,19,0,2.590909090909091,0.0,0.0,0.0
64,16,104,105,64,2,0,6,0,1.5,0.0,0.0,0.0
64,16,104,105,66,2,0,6,0,1.5,0.0,0.0,0.0
64,16,104,105,67,3,0,4,0,1.7142857142857142,0.0,0.0,0.0
64,16,104,105,68,1,0,5,0,0.8333333333333334,0.0,0.0,0.0
64,16,104,105,69,5,0,2,0,1.4285714285714286,0.0,0.0,0.0
64,16,104,105,70,2,0,2,0,1.0,0.0,0.0,0.0
64,16,112,113,18,1,0,27,0,0.9642857142857143,0.0,0.0,0.0
64,16,112,113,19,1,0,28,0,0.9655172413793104,0.0,0.0,0.0
64,16,112,113,20,1,0,29,0,0.9666666666666667,0.0,0.0,0.0
64,16,112,113,22,1,0,32,0,0.9696969696969697,0.0,0.0,0.0
64,16,112,113,23,1,0,32,0,0.9696969696969697,0.0,0.0,0.0
64,16,112,113,24,1,0,31,0,0.96875,0.0,0.0,0.0
64,16,112,113,25,1,0,29,0,0.9666666666666667,0.0,0.0,0.0
64,16,112,113,26,3,0,24,0,2.6666666666666665,0.0,0.0,0.0
64,16,112,113,27,1,0,20,0,0.9523809523809523,0.0,0.0,0.0
64,16,112,113,28,4,0,14,0,3.111111111111111,0.0,0.0,0.0
64,16,112,113,77,3,0,12,0,2.4,0.0,0.0,0.0
64,16,112,113,78,1,0,11,0,0.9166666666666666,0.0,0.0,0.0
64,16,120,121,21,1,0,33,0,0.9705882352941176,0.0,0.0,0.0
64,16,120,121,23,1,0,35,0,0.9722222222222222,0.0,0.0,0.0
64,16,120,121,24,1,0,35,0,0.9722222222222222,0.0,0.0,0.0
64,16,120,121,26,1,0,31,0,0.96875,0.0,0.0,0.0
64,16,120,121,27,1,0,28,0,0.9655172413793104,0.0,0.0,0.0
64,16,120,121,28,1,0,26,0,0.9629629629629629,0.0,0.0,0.0
64,16,120,121,29,1,0,23,0,0.9583333333333334,0.0,0.0,0.0
64,16,120,121,30,1,0,21,0,0.9545454545454546,0.0,0.0,0.0
64,16,120,121,32,5,0,12,0,3.5294117647058822,0.0,0.0,0.0
64,16,120,121,33,1,0,9,0,0.9,0.0,0.0,0.0
64,16,120,121,34,4,0,4,0,2.0,0.0,0.0,0.0
64,17,24,25,20,3,1,2,0,1.2,0.3333333333333333,0.0,0.3333333333333333
64,17,24,25,21,4,0,5,0,2.2222222222222223,0.0,0.0,0.0
64,17,32,33,26,4,3,2,0,1.3333333333333333,0.75,0.0,0.75
64,17,32,33,27,10,4,4,0,2.857142857142857,0.4,0.0,0.4
64,17,40,41,33,6,3,1,1,0.8571428571428571,0.5,1.0,-0.5
64,17,48,49,36,2,2,1,0,0.6666666666666666,1.0,0.0,1.0
64,17,48,49,38,1,0,2,0,0.6666666666666666,0.0,0.0,0.0
64,17,48,49,39,6,5,3,0,2.0,0.8333333333333334,0.0,0.8333333333333334
64,17,56,57,43,3,2,2,0,1.2,0.6666666666666666,0.0,0.6666666666666666
64,17,56,57,44,2,1,4,0,1.3333333333333333,0.5,0.0,0.5
64,17,56,57,45,5,4,5,0,2.5,0.8,0.0,0.8
64,17,56,57,46,6,2,8,0,3.4285714285714284,0.3333333333333333,0.0,0.3333333333333333
64,17,56,57,47,1,0,14,0,0.9333333333333333,0.0,0.0,0.0
64,17,64,65,40,3,0,1,0,0.75,0.0,0.0,0.0
64,17,64,65,41,2,0,3,0,1.2,0.0,0.0,0.0
64,17,64,65,42,4,0,2,0,1.3333333333333333,0.0,0.0,0.0
64,17,64,65,44,1,0,3,0,0.75,0.0,0.0,0.0
64,17,64,65,46,4,1,2,0,1.3333333333333333,0.25,0.0,0.25
64,17,64,65,47,2,0,2,0,1.0,0.0,0.0,0.0
64,17,64,65,48,2,1,4,0,1.3333333333333333,0.5,0.0,0.5
64,17,64,65,49,6,5,6,0,3.0,0.8333333333333334,0.0,0.8333333333333334
64,17,64,65,50,6,2,11,0,3.8823529411764706,0.3333333333333333,0.0,0.3333333333333333
64,17,64,65,51,2,2,17,0,1.7894736842105263,1.0,0.0,1.0
64,17,64,65,52,3,0,19,0,2.590909090909091,0.0,0.0,0.0
64,17,64,65,53,3,2,21,0,2.625,0.6666666666666666,0.0,0.6666666666666666
64,17,72,73,37,1,0,4,0,0.8,0.0,0.0,0.0
64,17,72,73,39,1,0,7,0,0.875,0.0,0.0,0.0
64,17,72,73,40,1,0,9,0,0.9,0.0,0.0,0.0
64,17,72,73,42,1,0,10,0,0.9090909090909091,0.0,0.0,0.0
64,17,72,73,43,1,0,11,0,0.9166666666666666,0.0,0.0,0.0
64,17,72,73,44,1,0,12,0,0.9230769230769231,0.0,0.0,0.0
64,17,72,73,46,6,0,9,0,3.6,0.0,0.0,0.0
64,17,72,73,47,1,0,10,0,0.9090909090909091,0.0,0.0,0.0
64,17,72,73,48,6,0,7,0,3.230769230769231,0.0,0.0,0.0
64,17,72,73,49,2,0,9,0,1.6363636363636365,0.0,0.0,0.0
64,17,72,73,50,3,0,10,0,2.3076923076923075,0.0,0.0,0.0
64,17,72,73,51,2,0,13,0,1.7333333333333334,0.0,0.0,0.0
64,17,72,73,52,5,0,14,0,3.6842105263157894,0.0,0.0,0.0
64,17,72,73,54,5,0,16,0,3.8095238095238093,0.0,0.0,0.0
64,17,72,73,55,3,1,20,0,2.608695652173913,0.3333333333333333,0.0,0.3333333333333333
64,17,72,73,56,2,0,23,0,1.84,0.0,0.0,0.0
64,17,72,73,57,3,1,24,1,2.6666666666666665,0.3333333333333333,0.041666666666666664,0.29166666666666663
64,17,72,73,58,2,0,26,0,1.8571428571428572,0.0,0.0,0.0
64,17,72,73,60,2,0,27,0,1.8620689655172413,0.0,0.0,0.0
64,17,72,73,62,4,0,25,0,3.4482758620689653,0.0,0.0,0.0
64,17,72,73,64,2,0,25,0,1.8518518518518519,0.0,0.0,0.0
64,17,80,81,50,2,0,19,0,1.8095238095238095,0.0,0.0,0.0
64,17,80,81,51,1,0,19,0,0.95,0.0,0.0,0.0
64,17,80,81,52,1,0,21,0,0.9545454545454546,0.0,0.0,0.0
64,17,80,81,53,1,0,22,0,0.9565217391304348,0.0,0.0,0.0
64,17,80,81,54,1,1,24,0,0.96,1.0,0.0,1.0
64,17,80,81,56,2,0,26,0,1.8571428571428572,0.0,0.0,0.0
64,17,80,81,58,1,0,27,0,0.9642857142857143,0.0,0.0,0.0
64,17,80,81,60,1,0,28,0,0.9655172413793104,0.0,0.0,0.0
64,17,88,89,23,1,0,2,0,0.6666666666666666,0.0,0.0,0.0
64,17,88,89,24,3,0,2,0,1.2,0.0,0.0,0.0
64,17,88,89,25,1,0,4,0,0.8,0.0,0.0,0.0
64,17,88,89,26,3,0,4,0,1.7142857142857142,0.0,0.0,0.0
64,17,88,89,27,1,0,6,0,0.8571428571428571,0.0,0.0,0.0
64,17,88,89,28,2,0,6,0,1.5,0.0,0.0,0.0
64,17,88,89,29,2,0,6,0,1.5,0.0,0.0,0.0
64,17,88,89,30,2,0,6,0,1.5,0.0,0.0,0.0
64,17,88,89,31,1,0,6,0,0.8571428571428571,0.0,0.0,0.0
64,17,88,89,32,1,0,5,0,0.8333333333333334,0.0,0.0,0.0
64,17,88,89,34,2,0,4,0,1.3333333333333333,0.0,0.0,0.0
64,17,88,89,36,3,0,3,0,1.5,0.0,0.0,0.0
64,17,88,89,51,3,0,18,0,2.5714285714285716,0.0,0.0,0.0
64,17,88,89,53,2,0,21,0,1.826086956521739,0.0,0.0,0.0
64,17,88,89,54,2,0,23,0,1.84,0.0,0.0,0.0
64,17,96,97,19,1,0,3,0,0.75,0.0,0.0,0.0
64,17,96,97,20,1,0,4,0,0.8,0.0,0.0,0.0
64,17,96,97,22,1,0,7,0,0.875,0.0,0.0,0.0
64,17,96,97,23,1,0,8,0,0.8888888888888888,0.0,0.0,0.0
64,17,96,97,24,1,0,9,0,0.9,0.0,0.0,0.0
64,17,96,97,25,1,0,10,0,0.9090909090909091,0.0,0.0,0.0
64,17,96,97,26,1,0,12,0,0.9230769230769231,0.0,0.0,0.0
64,17,96,97,27,1,0,12,0,0.9230769230769231,0.0,0.0,0.0
64,17,96,97,28,1,0,13,0,0.9285714285714286,0.0,0.0,0.0
64,17,96,97,51,4,0,17,0,3.238095238095238,0.0,0.0,0.0
64,17,96,97,52,1,0,19,0,0.95,0.0,0.0,0.0
64,17,96,97,53,1,0,20,0,0.9523809523809523,0.0,0.0,0.0
64,17,96,97,54,4,1,21,0,3.36,0.25,0.0,0.25
64,17,104,105,52,2,0,21,0,1.826086956521739,0.0,0.0,0.0
64,17,104,105,53,2,0,21,0,1.826086956521739,0.0,0.0,0.0
64,17,104,105,55,2,0,23,0,1.84,0.0,0.0,0.0
64,17,104,105,56,2,0,26,0,1.8571428571428572,0.0,0.0,0.0
64,17,112,113,7,1,0,2,0,0.6666666666666666,0.0,0.0,0.0
64,17,112,113,8,3,0,3,0,1.5,0.0,0.0,0.0
64,17,112,113,9,1,0,5,0,0.8333333333333334,0.0,0.0,0.0
64,17,112,113,10,4,0,3,0,1.7142857142857142,0.0,0.0,0.0
64,17,112,113,11,1,0,4,0,0.8,0.0,0.0,0.0
64,17,112,113,12,1,0,4,0,0.8,0.0,0.0,0.0
64,17,112,113,13,2,0,3,0,1.2,0.0,0.0,0.0
64,17,112,113,14,1,0,3,0,0.75,0.0,0.0,0.0
64,17,112,113,15,1,0,2,0,0.6666666666666666,0.0,0.0,0.0
64,17,112,113,16,2,0,1,0,0.6666666666666666,0.0,0.0,0.0
64,17,120,121,3,2,0,7,0,1.5555555555555556,0.0,0.0,0.0
64,17,120,121,4,1,0,8,0,0.8888888888888888,0.0,0.0,0.0
64,17,120,121,6,1,0,11,0,0.9166666666666666,0.0,0.0,0.0
64,17,120,121,8,1,0,13,0,0.9285714285714286,0.0,0.0,0.0
64,17,120,121,10,1,0,13,0,0.9285714285714286,0.0,0.0,0.0
64,17,120,121,12,1,0,14,0,0.9333333333333333,0.0,0.0,0.0
64,17,120,121,14,3,0,10,0,2.3076923076923075,0.0,0.0,0.0
64,17,120,121,15,1,0,9,0,0.9,0.0,0.0,0.0
64,17,120,121,16,2,0,7,0,1.5555555555555556,0.0,0.0,0.0
64,17,120,121,17,2,0,4,0,1.3333333333333333,0.0,0.0,0.0
64,18,16,17,15,19,17,2,0,1.8095238095238095,0.8947368421052632,0.0,0.8947368421052632
64,18,24,25,21,17,11,1,0,0.9444444444444444,0.6470588235294118,0.0,0.6470588235294118
64,18,32,33,26,4,1,2,0,1.3333333333333333,0.25,0.0,0.25
64,18,32,33,27,9,6,5,0,3.2142857142857144,0.6666666666666666,0.0,0.6666666666666666
64,18,40,41,31,3,1,1,0,0.75,0.3333333333333333,0.0,0.3333333333333333
64,18,40,41,32,3,0,4,0,1.7142857142857142,0.0,0.0,0.0
64,18,40,41,33,10,6,8,0,4.444444444444445,0.6,0.0,0.6
64,18,48,49,12,3,0,2,0,1.2,0.0,0.0,0.0
64,18,48,49,13,1,0,3,0,0.75,0.0,0.0,0.0
64,18,48,49,14,2,0,2,0,1.0,0.0,0.0,0.0
64,18,48,49,33,5,1,1,0,0.8333333333333334,0.2,0.0,0.2
64,18,48,49,35,2,0,10,0,1.6666666666666667,0.0,0.0,0.0
64,18,48,49,36,5,3,12,0,3.5294117647058822,0.6,0.0,0.6
64,18,48,49,37,3,0,15,0,2.5,0.0,0.0,0.0
64,18,48,49,38,5,2,17,0,3.8636363636363638,0.4,0.0,0.4
64,18,56,57,4,5,0,1,0,0.8333333333333334,0.0,0.0,0.0
64,18,56,57,5,1,0,7,0,0.875,0.0,0.0,0.0
64,18,56,57,6,3,0,7,0,2.1,0.0,0.0,0.0
64,18,56,57,7,1,0,9,0,0.9,0.0,0.0,0.0
64,18,56,57,8,3,0,8,0,2.1818181818181817,0.0,0.0,0.0
64,18,56,57,9,1,0,9,0,0.9,0.0,0.0,0.0
64,18,56,57,10,2,0,9,0,1.6363636363636365,0.0,0.0,0.0
64,18,56,57,12,3,0,11,0,2.357142857142857,0.0,0.0,0.0
64,18,56,57,14,2,0,10,0,1.6666666666666667,0.0,0.0,0.0
64,18,56,57,15,1,0,8,0,0.8888888888888888,0.0,0.0,0.0
64,18,56,57,23,1,0,4,0,0.8,0.0,0.0,0.0
64,18,56,57,25,1,0,6,0,0.8571428571428571,0.0,0.0,0.0
64,18,56,57,26,1,0,6,0,0.8571428571428571,0.0,0.0,0.0
64,18,56,57,28,1,0,7,0,0.875,0.0,0.0,0.0
64,18,56,57,29,2,0,6,0,1.5,0.0,0.0,0.0
64,18,56,57,30,4,0,3,0,1.7142857142857142,0.0,0.0,0.0
64,18,56,57,31,4,0,1,0,0.8,0.0,0.0,0.0
64,18,56,57,34,2,0,1,0,0.6666666666666666,0.0,0.0,0.0
64,18,56,57,35,3,1,1,0,0.75,0.3333333333333333,0.0,0.3333333333333333
64,18,56,57,36,2,1,1,0,0.6666666666666666,0.5,0.0,0.5
64,18,56,57,37,3,2,1,0,0.75,0.6666666666666666,0.0,0.6666666666666666
64,18,56,57,38,3,0,4,0,1.7142857142857142,0.0,0.0,0.0
64,18,56,57,39,10,5,4,0,2.857142857142857,0.5,0.0,0.5
64,18,56,57,40,5,0,11,0,3.4375,0.0,0.0,0.0
64,18,56,57,41,7,4,13,0,4.55,0.5714285714285714,0.0,0.5714285714285714
64,18,56,57,42,1,0,19,0,0.95,0.0,0.0,0.0
64,18,64,65,1,2,0,1,0,0.6666666666666666,0.0,0.0,0.0
64,18,64,65,3,2,0,6,0,1.5,0.0,0.0,0.0
64,18,64,65,5,1,0,9,0,0.9,0.0,0.0,0.0
64,18,64,65,6,1,0,11,0,0.9166666666666666,0.0,0.0,0.0
64,18,64,65,7,1,0,13,0,0.9285714285714286,0.0,0.0,0.0
64,18,64,65,10,1,0,17,0,0.9444444444444444,0.0,0.0,0.0
64,18,64,65,11,1,0,17,0,0.9444444444444444,0.0,0.0,0.0
64,18,64,65,29,2,0,10,0,1.6666666666666667,0.0,0.0,0.0
64,18,64,65,30,1,0,10,0,0.9090909090909091,0.0,0.0,0.0
64,18,64,65,32,2,0,11,0,1.6923076923076923,0.0,0.0,0.0
64,18,64,65,33,4,0,9,0,2.769230769230769,0.0,0.0,0.0
64,18,64,65,34,5,1,7,0,2.9166666666666665,0.2,0.0,0.2
64,18,64,65,35,5,0,5,0,2.5,0.0,0.0,0.0
64,18,64,65,36,1,0,5,0,0.8333333333333334,0.0,0.0,0.0
64,18,64,65,37,2,0,5,0,1.4285714285714286,0.0,0.0,0.0
64,18,64,65,39,3,1,5,0,1.875,0.3333333333333333,0.0,0.3333333333333333
64,18,64,65,40,2,0,6,0,1.5,0.0,0.0,0.0
64,18,64,65,41,2,0,6,0,1.5,0.0,0.0,0.0
64,18,64,65,42,2,0,6,0,1.5,0.0,0.0,0.0
64,18,64,65,43,1,0,6,0,0.8571428571428571,0.0,0.0,0.0
64,18,64,65,44,1,0,5,0,0.8333333333333334,0.0,0.0,0.0
64,18,64,65,45,2,1,4,0,1.3333333333333333,0.5,0.0,0.5
64,18,64,65,46,2,1,4,0,1.3333333333333333,0.5,0.0,0.5
64,18,64,65,47,1,1,4,0,0.8,1.0,0.0,1.0
64,18,64,65,48,3,2,4,0,1.7142857142857142,0.6666666666666666,0.0,0.6666666666666666
64,18,64,65,49,6,2,5,0,2.727272727272727,0.3333333333333333,0.0,0.3333333333333333
64,18,64,65,50,1,0,9,0,0.9,0.0,0.0,0.0
64,18,72,73,1,1,0,3,0,0.75,0.0,0.0,0.0
64,18,72,73,3,2,0,8,0,1.6,0.0,0.0,0.0
64,18,72,73,5,4,0,10,0,2.857142857142857,0.0,0.0,0.0
64,18,72,73,14,2,0,19,0,1.8095238095238095,0.0,0.0,0.0
64,18,72,73,15,1,0,18,0,0.9473684210526315,0.0,0.0,0.0
64,18,72,73,16,4,0,14,0,3.111111111111111,0.0,0.0,0.0
64,18,72,73,17,3,0,11,0,2.357142857142857,0.0,0.0,0.0
64,18,72,73,18,7,0,5,0,2.9166666666666665,0.0,0.0,0.0
64,18,72,73,19,2,0,4,0,1.3333333333333333,0.0,0.0,0.0
64,18,72,73,31,2,0,13,0,1.7333333333333334,0.0,0.0,0.0
64,18,72,73,32,1,0,14,0,0.9333333333333333,0.0,0.0,0.0
64,18,72,73,33,1,0,16,0,0.9411764705882353,0.0,0.0,0.0
64,18,72,73,34,4,0,16,0,3.2,0.0,0.0,0.0
64,18,72,73,35,2,0,19,0,1.8095238095238095,0.0,0.0,0.0
64,18,72,73,36,2,0,19,0,1.8095238095238095,0.0,0.0,0.0
64,18,72,73,37,3,0,17,0,2.55,0.0,0.0,0.0
64,18,72,73,38,3,0,16,0,2.526315789473684,0.0,0.0,0.0
64,18,72,73,39,3,0,15,0,2.5,0.0,0.0,0.0
64,18,72,73,40,6,2,14,0,4.2,0.3333333333333333,0.0,0.3333333333333333
64,18,72,73,41,9,0,8,0,4.235294117647059,0.0,0.0,0.0
64,18,72,73,42,8,1,4,0,2.6666666666666665,0.125,0.0,0.125
64,18,72,73,43,4,0,4,0,2.0,0.0,0.0,0.0
64,18,72,73,44,2,1,3,0,1.2,0.5,0.0,0.5
64,18,72,73,45,1,0,2,0,0.6666666666666666,0.0,0.0,0.0
64,18,72,73,46,1,0,1,0,0.5,0.0,0.0,0.0
64,18,72,73,49,1,0,1,0,0.5,0.0,0.0,0.0
64,18,72,73,50,2,1,1,0,0.6666666666666666,0.5,0.0,0.5
64,18,72,73,51,1,0,2,0,0.6666666666666666,0.0,0.0,0.0
64,18,72,73,52,1,0,2,0,0.6666666666666666,0.0,0.0,0.0
64,18,72,73,54,1,0,1,0,0.5,0.0,0.0,0.0
64,18,80,81,23,6,0,11,0,3.8823529411764706,0.0,0.0,0.0
64,18,80,81,24,2,0,11,0,1.6923076923076923,0.0,0.0,0.0
64,18,80,81,25,4,0,8,0,2.6666666666666665,0.0,0.0,0.0
64,18,80,81,26,1,0,9,0,0.9,0.0,0.0,0.0
64,18,80,81,48,4,0,10,0,2.857142857142857,0.0,0.0,0.0
64,18,80,81,49,6,0,3,0,2.0,0.0,0.0,0.0
64,18,80,81,50,3,1,1,0,0.75,0.3333333333333333,0.0,0.3333333333333333
64,18,88,89,24,2,0,15,0,1.7647058823529411,0.0,0.0,0.0
64,18,88,89,25,2,1,13,0,1.7333333333333334,0.5,0.0,0.5
64,18,88,89,27,2,0,11,0,1.6923076923076923,0.0,0.0,0.0
64,18,88,89,28,2,0,11,0,1.6923076923076923,0.0,0.0,0.0
64,18,88,89,50,2,0,8,1,1.6,0.0,0.125,-0.125
64,18,88,89,52,2,1,4,0,1.3333333333333333,0.5,0.0,0.5
64,18,96,97,25,3,1,13,0,2.4375,0.3333333333333333,0.0,0.3333333333333333
64,18,96,97,27,2,0,11,0,1.6923076923076923,0.0,0.0,0.0
64,18,96,97,28,2,0,11,0,1.6923076923076923,0.0,0.0,0.0
64,18,96,97,50,2,0,8,0,1.6,0.0,0.0,0.0
64,18,96,97,51,1,0,6,0,0.8571428571428571,0.0,0.0,0.0
64,18,96,97,52,2,0,3,0,1.2,0.0,0.0,0.0
64,18,96,97,53,1,0,2,0,0.6666666666666666,0.0,0.0,0.0
64,18,104,105,25,2,0,14,0,1.75,0.0,0.0,0.0
64,18,104,105,26,1,0,13,0,0.9285714285714286,0.0,0.0,0.0
64,18,104,105,27,1,0,12,0,0.9230769230769231,0.0,0.0,0.0
64,18,104,105,28,2,0,11,0,1.6923076923076923,0.0,0.0,0.0
64,19,16,17,14,1,0,1,0,0.5,0.0,0.0,0.0
64,19,16,17,15,8,7,2,0,1.6,0.875,0.0,0.875
64,19,24,25,21,13,11,1,0,0.9285714285714286,0.8461538461538461,0.0,0.8461538461538461
64,19,32,33,26,4,3,1,0,0.8,0.75,0.0,0.75
64,19,32,33,27,10,8,3,2,2.3076923076923075,0.8,0.6666666666666666,0.13333333333333341
64,19,40,41,31,2,1,1,0,0.6666666666666666,0.5,0.0,0.5
64,19,40,41,32,1,1,2,0,0.6666666666666666,1.0,0.0,1.0
64,19,136,137,2,1,0,1,0,0.5,0.0,0.0,0.0
64,19,136,137,3,4,0,1,0,0.8,0.0,0.0,0.0
64,19,136,137,4,1,0,3,0,0.75,0.0,0.0,0.0
64,19,136,137,5,2,0,3,0,1.2,0.0,0.0,0.0
64,19,136,137,6,1,0,3,0,0.75,0.0,0.0,0.0
64,19,136,137,7,3,0,1,0,0.75,0.0,0.0,0.0
64,19,144,145,3,4,0,8,0,2.6666666666666665,0.0,0.0,0.0
64,19,144,145,4,2,0,11,0,1.6923076923076923,0.0,0.0,0.0
64,19,144,145,5,7,0,11,0,4.277777777777778,0.0,0.0,0.0
64,19,144,145,7,10,0,7,0,4.117647058823529,0.0,0.0,0.0
64,19,144,145,8,2,0,5,0,1.4285714285714286,0.0,0.0,0.0
64,19,152,153,9,3,0,17,0,2.55,0.0,0.0,0.0
64,19,152,153,10,4,0,11,0,2.933333333333333,0.0,0.0,0.0
64,19,152,153,11,1,0,7,0,0.875,0.0,0.0,0.0
64,19,160,161,9,1,0,19,0,0.95,0.0,0.0,0.0
64,19,168,169,10,1,0,16,0,0.9411764705882353,0.0,0.0,0.0
64,19,176,177,10,1,0,16,0,0.9411764705882353,0.0,0.0,0.0
64,19,184,185,11,1,0,12,0,0.9230769230769231,0.0,0.0,0.0
64,19,192,193,11,1,0,12,0,0.9230769230769231,0.0,0.0,0.0
64,19,192,193,12,1,0,8,0,0.8888888888888888,0.0,0.0,0.0
64,19,200,201,12,3,0,8,0,2.1818181818181817,0.0,0.0,0.0
64,19,200,201,13,1,0,5,0,0.8333333333333334,0.0,0.0,0.0
64,19,200,201,14,1,0,3,0,0.75,0.0,0.0,0.0
64,19,200,201,15,1,0,1,0,0.5,0.0,0.0,0.0
64,19,208,209,12,2,0,9,0,1.6363636363636365,0.0,0.0,0.0
64,19,208,209,13,2,0,6,0,1.5,0.0,0.0,0.0
64,19,208,209,14,2,0,4,0,1.3333333333333333,0.0,0.0,0.0
64,19,208,209,15,2,0,2,0,1.0,0.0,0.0,0.0
64,19,208,209,16,2,0,1,0,0.6666666666666666,0.0,0.0,0.0
64,19,208,209,17,2,0,1,0,0.6666666666666666,0.0,0.0,0.0
64,19,208,209,18,2,0,1,0,0.6666666666666666,0.0,0.0,0.0
64,19,208,209,19,2,0,1,0,0.6666666666666666,0.0,0.0,0.0
64,19,208,209,20,2,0,1,0,0.6666666666666666,0.0,0.0,0.0
64,19,208,209,21,2,0,1,0,0.6666666666666666,0.0,0.0,0.0
64,19,208,209,22,2,0,1,0,0.6666666666666666,0.0,0.0,0.0
64,19,208,209,23,2,0,1,0,0.6666666666666666,0.0,0.0,0.0
64,19,208,209,24,2,0,1,0,0.6666666666666666,0.0,0.0,0.0
64,19,216,217,12,2,0,9,0,1.6363636363636365,0.0,0.0,0.0
64,19,216,217,13,2,0,6,0,1.5,0.0,0.0,0.0
64,19,216,217,14,2,0,4,0,1.3333333333333333,0.0,0.0,0.0
64,19,216,217,15,2,0,2,0,1.0,0.0,0.0,0.0
64,19,216,217,16,2,0,1,0,0.6666666666666666,0.0,0.0,0.0
64,19,216,217,17,2,0,1,0,0.6666666666666666,0.0,0.0,0.0
64,19,216,217,18,2,0,1,0,0.6666666666666666,0.0,0.0,0.0
64,19,216,217,19,2,0,1,0,0.6666666666666666,0.0,0.0,0.0
64,19,216,217,20,2,0,1,0,0.6666666666666666,0.0,0.0,0.0
64,19,216,217,21,2,0,1,0,0.6666666666666666,0.0,0.0,0.0
64,19,216,217,22,2,0,1,0,0.6666666666666666,0.0,0.0,0.0
64,19,216,217,23,2,0,1,0,0.6666666666666666,0.0,0.0,0.0
64,19,216,217,24,2,0,1,0,0.6666666666666666,0.0,0.0,0.0
64,19,216,217,25,2,0,1,0,0.6666666666666666,0.0,0.0,0.0
64,19,216,217,26,2,0,1,0,0.6666666666666666,0.0,0.0,0.0
64,19,224,225,12,2,0,9,0,1.6363636363636365,0.0,0.0,0.0
64,19,224,225,13,2,0,6,0,1.5,0.0,0.0,0.0
64,19,224,225,14,2,0,4,0,1.3333333333333333,0.0,0.0,0.0
64,19,224,225,15,2,0,2,0,1.0,0.0,0.0,0.0
64,19,224,225,16,2,0,1,0,0.6666666666666666,0.0,0.0,0.0
64,19,224,225,17,2,0,1,0,0.6666666666666666,0.0,0.0,0.0
64,19,224,225,18,2,0,1,0,0.6666666666666666,0.0,0.0,0.0
64,19,224,225,19,2,0,1,0,0.6666666666666666,0.0,0.0,0.0
64,19,224,225,20,2,0,1,0,0.6666666666666666,0.0,0.0,0.0
64,19,224,225,21,2,0,1,0,0.6666666666666666,0.0,0.0,0.0
64,19,224,225,22,2,0,1,0,0.6666666666666666,0.0,0.0,0.0
64,19,224,225,23,2,0,1,0,0.6666666666666666,0.0,0.0,0.0
64,19,224,225,24,2,0,1,0,0.6666666666666666,0.0,0.0,0.0
64,19,224,225,25,2,0,1,0,0.6666666666666666,0.0,0.0,0.0
64,19,224,225,26,2,0,1,0,0.6666666666666666,0.0,0.0,0.0
64,19,232,233,12,2,0,9,0,1.6363636363636365,0.0,0.0,0.0
64,19,232,233,13,2,0,6,0,1.5,0.0,0.0,0.0
64,19,232,233,14,2,0,4,0,1.3333333333333333,0.0,0.0,0.0
64,19,232,233,15,2,0,2,0,1.0,0.0,0.0,0.0
64,19,232,233,16,2,0,1,0,0.6666666666666666,0.0,0.0,0.0
64,19,232,233,17,2,0,1,0,0.6666666666666666,0.0,0.0,0.0
64,19,232,233,18,2,0,1,0,0.6666666666666666,0.0,0.0,0.0
64,19,232,233,19,2,0,1,0,0.6666666666666666,0.0,0.0,0.0
64,19,232,233,20,2,0,1,0,0.6666666666666666,0.0,0.0,0.0
64,19,232,233,21,2,0,1,0,0.6666666666666666,0.0,0.0,0.0
64,19,232,233,22,2,0,1,0,0.6666666666666666,0.0,0.0,0.0
64,19,232,233,23,2,0,1,0,0.6666666666666666,0.0,0.0,0.0
64,19,232,233,24,2,0,1,0,0.6666666666666666,0.0,0.0,0.0
64,19,232,233,25,2,0,1,0,0.6666666666666666,0.0,0.0,0.0
64,19,232,233,26,2,0,1,0,0.6666666666666666,0.0,0.0,0.0
64,19,240,241,12,2,0,9,0,1.6363636363636365,0.0,0.0,0.0
64,19,240,241,13,2,0,6,0,1.5,0.0,0.0,0.0
64,19,240,241,14,2,0,4,0,1.3333333333333333,0.0,0.0,0.0
64,19,240,241,15,2,0,2,0,1.0,0.0,0.0,0.0
64,19,240,241,16,2,0,1,0,0.6666666666666666,0.0,0.0,0.0
64,19,240,241,17,2,0,1,0,0.6666666666666666,0.0,0.0,0.0
64,19,240,241,18,2,0,1,0,0.6666666666666666,0.0,0.0,0.0
64,19,240,241,19,2,0,1,0,0.6666666666666666,0.0,0.0,0.0
64,19,240,241,20,2,0,1,0,0.6666666666666666,0.0,0.0,0.0
64,19,240,241,21,2,0,1,0,0.6666666666666666,0.0,0.0,0.0
64,19,240,241,22,2,0,1,0,0.6666666666666666,0.0,0.0,0.0
64,19,240,241,23,2,0,1,0,0.6666666666666666,0.0,0.0,0.0
64,19,240,241,24,2,0,1,0,0.6666666666666666,0.0,0.0,0.0
64,19,240,241,25,2,0,1,0,0.6666666666666666,0.0,0.0,0.0
64,19,240,241,26,2,0,1,0,0.6666666666666666,0.0,0.0,0.0
64,19,248,249,12,2,0,9,0,1.6363636363636365,0.0,0.0,0.0
64,19,248,249,13,2,0,6,0,1.5,0.0,0.0,0.0
64,19,248,249,14,2,0,4,0,1.3333333333333333,0.0,0.0,0.0
64,19,248,249,15,2,0,2,0,1.0,0.0,0.0,0.0
64,19,248,249,16,2,0,1,0,0.6666666666666666,0.0,0.0,0.0
64,19,248,249,17,2,0,1,0,0.6666666666666666,0.0,0.0,0.0
64,19,248,249,18,2,0,1,0,0.6666666666666666,0.0,0.0,0.0
64,19,248,249,19,2,0,1,0,0.6666666666666666,0.0,0.0,0.0
64,19,248,249,20,2,0,1,0,0.6666666666666666,0.0,0.0,0.0
64,19,248,249,21,2,0,1,0,0.6666666666666666,0.0,0.0,0.0
64,19,248,249,22,2,0,1,0,0.6666666666666666,0.0,0.0,0.0
64,19,248,249,23,2,0,1,0,0.6666666666666666,0.0,0.0,0.0
64,19,248,249,24,2,0,1,0,0.6666666666666666,0.0,0.0,0.0
64,19,248,249,25,2,0,1,0,0.6666666666666666,0.0,0.0,0.0
64,19,248,249,26,2,0,1,0,0.6666666666666666,0.0,0.0,0.0
64,20,48,49,1,1,0,3,0,0.75,0.0,0.0,0.0
64,20,48,49,2,5,0,2,0,1.4285714285714286,0.0,0.0,0.0
64,20,56,57,7,1,0,17,0,0.9444444444444444,0.0,0.0,0.0
64,20,56,57,8,5,0,12,0,3.5294117647058822,0.0,0.0,0.0
64,20,56,57,9,3,0,9,0,2.25,0.0,0.0,0.0
64,20,64,65,14,4,0,11,0,2.933333333333333,0.0,0.0,0.0
64,20,64,65,15,2,0,8,0,1.6,0.0,0.0,0.0
64,20,64,65,16,2,0,5,0,1.4285714285714286,0.0,0.0,0.0
64,20,72,73,15,3,0,10,0,2.3076923076923075,0.0,0.0,0.0
64,20,72,73,16,2,0,7,0,1.5555555555555556,0.0,0.0,0.0
64,20,72,73,17,1,0,5,0,0.8333333333333334,0.0,0.0,0.0
64,20,72,73,18,1,0,3,0,0.75,0.0,0.0,0.0
64,20,72,73,19,1,0,1,0,0.5,0.0,0.0,0.0
64,20,80,81,17,3,0,6,0,2.0,0.0,0.0,0.0
64,20,80,81,18,1,0,4,0,0.8,0.0,0.0,0.0
64,20,80,81,19,1,0,2,0,0.6666666666666666,0.0,0.0,0.0
64,21,32,33,27,4,2,2,0,1.3333333333333333,0.5,0.0,0.5
64,21,40,41,31,2,2,1,0,0.6666666666666666,1.0,0.0,1.0
64,21,40,41,32,1,1,3,0,0.75,1.0,0.0,1.0
64,21,40,41,33,8,6,4,0,2.6666666666666665,0.75,0.0,0.75
64,21,48,49,36,2,2,1,0,0.6666666666666666,1.0,0.0,1.0
64,21,48,49,37,4,2,2,0,1.3333333333333333,0.5,0.0,0.5
64,21,48,49,38,3,1,5,0,1.875,0.3333333333333333,0.0,0.3333333333333333
64,21,48,49,39,9,6,6,1,3.6,0.6666666666666666,0.16666666666666666,0.5
64,21,56,57,15,1,0,2,0,0.6666666666666666,0.0,0.0,0.0
64,21,56,57,16,2,0,2,0,1.0,0.0,0.0,0.0
64,21,56,57,17,1,0,3,0,0.75,0.0,0.0,0.0
64,21,56,57,18,1,0,3,0,0.75,0.0,0.0,0.0
64,21,56,57,20,1,0,2,0,0.6666666666666666,0.0,0.0,0.0
64,21,56,57,44,4,1,2,0,1.3333333333333333,0.25,0.0,0.25
64,21,56,57,45,2,1,4,0,1.3333333333333333,0.5,0.0,0.5
64,21,56,57,47,1,1,4,0,0.8,1.0,0.0,1.0
64,21,64,65,3,2,0,1,0,0.6666666666666666,0.0,0.0,0.0
64,21,64,65,4,2,0,3,0,1.2,0.0,0.0,0.0
64,21,64,65,5,1,0,5,0,0.8333333333333334,0.0,0.0,0.0
64,21,64,65,6,2,0,6,0,1.5,0.0,0.0,0.0
64,21,64,65,8,1,0,8,0,0.8888888888888888,0.0,0.0,0.0
64,21,64,65,9,1,0,9,0,0.9,0.0,0.0,0.0
64,21,64,65,10,1,0,10,0,0.9090909090909091,0.0,0.0,0.0
64,21,64,65,11,1,0,11,0,0.9166666666666666,0.0,0.0,0.0
64,21,64,65,12,4,0,10,0,2.857142857142857,0.0,0.0,0.0
64,21,64,65,14,3,0,8,0,2.1818181818181817,0.0,0.0,0.0
64,21,64,65,16,1,0,7,0,0.875,0.0,0.0,0.0
64,21,64,65,18,1,0,6,0,0.8571428571428571,0.0,0.0,0.0
64,21,64,65,24,1,0,1,0,0.5,0.0,0.0,0.0
64,21,64,65,39,1,0,1,0,0.5,0.0,0.0,0.0
64,21,64,65,40,3,0,1,0,0.75,0.0,0.0,0.0
64,21,64,65,41,1,0,3,0,0.75,0.0,0.0,0.0
64,21,64,65,42,3,0,3,0,1.5,0.0,0.0,0.0
64,21,64,65,43,1,0,5,0,0.8333333333333334,0.0,0.0,0.0
64,21,64,65,44,2,0,5,0,1.4285714285714286,0.0,0.0,0.0
64,21,64,65,45,1,0,5,0,0.8333333333333334,0.0,0.0,0.0
64,21,64,65,46,1,0,4,0,0.8,0.0,0.0,0.0
64,21,64,65,47,3,0,1,0,0.75,0.0,0.0,0.0
64,21,72,73,2,2,0,2,0,1.0,0.0,0.0,0.0
64,21,72,73,3,1,0,5,0,0.8333333333333334,0.0,0.0,0.0
64,21,72,73,4,2,0,6,0,1.5,0.0,0.0,0.0
64,21,72,73,5,1,0,7,0,0.875,0.0,0.0,0.0
64,21,72,73,6,2,0,8,0,1.6,0.0,0.0,0.0
64,21,72,73,7,2,1,9,0,1.6363636363636365,0.5,0.0,0.5
64,21,72,73,8,2,0,10,0,1.6666666666666667,0.0,0.0,0.0
64,21,72,73,9,2,1,13,0,1.7333333333333334,0.5,0.0,0.5
64,21,72,73,10,1,0,15,0,0.9375,0.0,0.0,0.0
64,21,72,73,11,2,0,16,0,1.7777777777777777,0.0,0.0,0.0
64,21,72,73,30,2,0,7,0,1.5555555555555556,0.0,0.0,0.0
64,21,72,73,32,1,0,8,0,0.8888888888888888,0.0,0.0,0.0
64,21,72,73,33,1,0,8,0,0.8888888888888888,0.0,0.0,0.0
64,21,72,73,35,1,0,9,0,0.9,0.0,0.0,0.0
64,21,72,73,36,2,0,10,0,1.6666666666666667,0.0,0.0,0.0
64,21,72,73,37,1,0,12,0,0.9230769230769231,0.0,0.0,0.0
64,21,72,73,38,1,0,13,0,0.9285714285714286,0.0,0.0,0.0
64,21,72,73,40,2,0,11,0,1.6923076923076923,0.0,0.0,0.0
64,21,72,73,54,1,0,3,0,0.75,0.0,0.0,0.0
64,21,72,73,57,1,0,7,0,0.875,0.0,0.0,0.0
64,21,72,73,58,1,0,9,0,0.9,0.0,0.0,0.0
64,21,72,73,59,2,2,11,0,1.6923076923076923,1.0,0.0,1.0
64,21,72,73,60,4,1,12,0,3.0,0.25,0.0,0.25
64,21,72,73,61,3,2,16,0,2.526315789473684,0.6666666666666666,0.0,0.6666666666666666
64,21,72,73,62,2,1,21,0,1.826086956521739,0.5,0.0,0.5
64,21,80,81,1,2,0,1,0,0.6666666666666666,0.0,0.0,0.0
64,21,80,81,2,1,0,3,0,0.75,0.0,0.0,0.0
64,21,80,81,3,1,0,5,0,0.8333333333333334,0.0,0.0,0.0
64,21,80,81,4,2,0,6,0,1.5,0.0,0.0,0.0
64,21,80,81,5,3,0,7,0,2.1,0.0,0.0,0.0
64,21,80,81,6,1,0,9,0,0.9,0.0,0.0,0.0
64,21,80,81,7,3,0,9,0,2.25,0.0,0.0,0.0
64,21,80,81,8,1,0,12,0,0.9230769230769231,0.0,0.0,0.0
64,21,80,81,9,2,0,13,0,1.7333333333333334,0.0,0.0,0.0
64,21,80,81,10,2,0,15,0,1.7647058823529411,0.0,0.0,0.0
64,21,80,81,35,2,0,12,0,1.7142857142857142,0.0,0.0,0.0
64,21,80,81,37,2,0,14,0,1.75,0.0,0.0,0.0
64,21,80,81,54,2,0,4,0,1.3333333333333333,0.0,0.0,0.0
64,21,80,81,55,1,0,5,0,0.8333333333333334,0.0,0.0,0.0
64,21,80,81,56,1,0,6,0,0.8571428571428571,0.0,0.0,0.0
64,21,80,81,63,2,1,14,0,1.75,0.5,0.0,0.5
64,21,80,81,64,1,0,18,0,0.9473684210526315,0.0,0.0,0.0
64,21,80,81,65,4,0,21,0,3.36,0.0,0.0,0.0
64,21,80,81,66,8,0,26,0,6.117647058823529,0.0,0.0,0.0
64,21,80,81,67,3,0,33,0,2.75,0.0,0.0,0.0
64,21,88,89,1,2,0,1,0,0.6666666666666666,0.0,0.0,0.0
64,21,88,89,2,1,0,4,0,0.8,0.0,0.0,0.0
64,21,88,89,3,3,1,6,0,2.0,0.3333333333333333,0.0,0.3333333333333333
64,21,88,89,5,5,1,8,0,3.076923076923077,0.2,0.0,0.2
64,21,88,89,6,1,0,11,0,0.9166666666666666,0.0,0.0,0.0
64,21,88,89,7,2,0,11,0,1.6923076923076923,0.0,0.0,0.0
64,21,88,89,8,1,0,13,0,0.9285714285714286,0.0,0.0,0.0
64,21,88,89,9,2,0,14,0,1.75,0.0,0.0,0.0
64,21,96,97,1,1,0,3,0,0.75,0.0,0.0,0.0
64,21,96,97,3,3,0,9,0,2.25,0.0,0.0,0.0
64,21,96,97,69,2,0,33,1,1.8857142857142857,0.0,0.030303030303030304,-0.030303030303030304
64,21,96,97,70,1,0,32,0,0.9696969696969697,0.0,0.0,0.0
64,21,96,97,71,1,0,31,1,0.96875,0.0,0.03225806451612903,-0.03225806451612903
64,21,96,97,72,2,0,29,0,1.8709677419354838,0.0,0.0,0.0
64,21,96,97,73,4,1,25,0,3.4482758620689653,0.25,0.0,0.25
64,21,96,97,75,6,1,19,0,4.56,0.16666666666666666,0.0,0.16666666666666666
64,21,96,97,76,4,0,17,0,3.238095238095238,0.0,0.0,0.0
64,21,96,97,77,4,2,13,0,3.0588235294117645,0.5,0.0,0.5
64,21,96,97,78,1,0,12,0,0.9230769230769231,0.0,0.0,0.0
64,21,96,97,79,2,2,9,0,1.6363636363636365,1.0,0.0,1.0
64,21,96,97,80,2,1,7,0,1.5555555555555556,0.5,0.0,0.5
64,21,104,105,65,1,0,32,0,0.9696969696969697,0.0,0.0,0.0
64,21,104,105,66,1,0,34,0,0.9714285714285714,0.0,0.0,0.0
64,21,104,105,67,1,0,34,0,0.9714285714285714,0.0,0.0,0.0
64,21,104,105,68,2,0,34,0,1.8888888888888888,0.0,0.0,0.0
64,21,104,105,69,2,1,33,0,1.8857142857142857,0.5,0.0,0.5
64,21,104,105,70,1,0,32,0,0.9696969696969697,0.0,0.0,0.0
64,21,104,105,71,2,0,30,0,1.875,0.0,0.0,0.0
64,21,104,105,72,2,0,28,0,1.8666666666666667,0.0,0.0,0.0
64,21,104,105,73,2,1,26,0,1.8571428571428572,0.5,0.0,0.5
64,21,104,105,74,1,0,24,0,0.96,0.0,0.0,0.0
64,21,104,105,75,3,1,21,0,2.625,0.3333333333333333,0.0,0.3333333333333333
64,21,104,105,76,1,0,20,1,0.9523809523809523,0.0,0.05,-0.05
64,21,104,105,77,1,1,17,0,0.9444444444444444,1.0,0.0,1.0
64,21,104,105,78,4,0,11,0,2.933333333333333,0.0,0.0,0.0
64,21,104,105,79,2,1,8,0,1.6,0.5,0.0,0.5
64,21,104,105,80,1,1,7,0,0.875,1.0,0.0,1.0
64,21,104,105,81,1,1,5,0,0.8333333333333334,1.0,0.0,1.0
64,21,112,113,68,1,0,35,0,0.9722222222222222,0.0,0.0,0.0
64,21,112,113,69,1,0,33,0,0.9705882352941176,0.0,0.0,0.0
64,21,112,113,70,2,1,31,0,1.878787878787879,0.5,0.0,0.5
64,21,112,113,71,2,0,30,1,1.875,0.0,0.03333333333333333,-0.03333333333333333
64,21,112,113,72,1,0,29,0,0.9666666666666667,0.0,0.0,0.0
64,21,112,113,73,3,1,26,0,2.689655172413793,0.3333333333333333,0.0,0.3333333333333333
64,21,112,113,75,1,0,23,0,0.9583333333333334,0.0,0.0,0.0
64,21,112,113,76,1,0,22,0,0.9565217391304348,0.0,0.0,0.0
64,22,16,17,14,1,0,2,0,0.6666666666666666,0.0,0.0,0.0
64,22,16,17,15,27,23,2,0,1.8620689655172413,0.8518518518518519,0.0,0.8518518518518519
64,22,24,25,20,5,2,3,0,1.875,0.4,0.0,0.4
64,22,24,25,21,30,25,10,0,7.5,0.8333333333333334,0.0,0.8333333333333334
64,22,32,33,22,1,0,5,0,0.8333333333333334,0.0,0.0,0.0
64,22,32,33,23,1,0,8,0,0.8888888888888888,0.0,0.0,0.0
64,22,32,33,24,5,2,10,0,3.3333333333333335,0.4,0.0,0.4
64,22,32,33,25,6,4,14,0,4.2,0.6666666666666666,0.0,0.6666666666666666
64,22,32,33,26,9,5,16,0,5.76,0.5555555555555556,0.0,0.5555555555555556
64,22,32,33,27,33,25,21,0,12.833333333333334,0.7575757575757576,0.0,0.7575757575757576
64,22,40,41,24,2,1,1,0,0.6666666666666666,0.5,0.0,0.5
64,22,40,41,25,4,2,2,0,1.3333333333333333,0.5,0.0,0.5
64,22,40,41,26,5,1,5,0,2.5,0.2,0.0,0.2
64,22,40,41,27,9,2,7,1,3.9375,0.2222222222222222,0.14285714285714285,0.07936507936507936
64,22,40,41,28,1,0,15,0,0.9375,0.0,0.0,0.0
64,22,40,41,29,3,1,15,0,2.5,0.3333333333333333,0.0,0.3333333333333333
64,22,40,41,30,5,1,16,0,3.8095238095238093,0.2,0.0,0.2
64,22,40,41,31,6,1,17,0,4.434782608695652,0.16666666666666666,0.0,0.16666666666666666
64,22,40,41,32,7,3,22,0,5.310344827586207,0.42857142857142855,0.0,0.42857142857142855
64,22,40,41,33,12,6,27,0,8.307692307692308,0.5,0.0,0.5
64,22,48,49,32,5,3,1,0,0.8333333333333334,0.6,0.0,0.6
64,22,48,49,33,9,4,2,0,1.6363636363636365,0.4444444444444444,0.0,0.4444444444444444
64,22,48,49,34,7,1,6,0,3.230769230769231,0.14285714285714285,0.0,0.14285714285714285
64,22,48,49,35,7,3,8,0,3.7333333333333334,0.42857142857142855,0.0,0.42857142857142855
64,22,48,49,36,3,2,11,0,2.357142857142857,0.6666666666666666,0.0,0.6666666666666666
64,22,48,49,37,5,2,10,0,3.3333333333333335,0.4,0.0,0.4
64,22,48,49,38,3,2,12,0,2.4,0.6666666666666666,0.0,0.6666666666666666
64,22,48,49,39,1,1,13,0,0.9285714285714286,1.0,0.0,1.0
64,22,56,57,38,1,0,1,0,0.5,0.0,0.0,0.0
64,22,56,57,39,2,1,1,0,0.6666666666666666,0.5,0.0,0.5
64,22,56,57,41,2,1,1,0,0.6666666666666666,0.5,0.0,0.5
64,22,56,57,42,1,0,3,0,0.75,0.0,0.0,0.0
64,22,56,57,43,7,5,4,0,2.5454545454545454,0.7142857142857143,0.0,0.7142857142857143
64,22,56,57,44,4,2,11,0,2.933333333333333,0.5,0.0,0.5
64,22,56,57,45,4,3,14,0,3.111111111111111,0.75,0.0,0.75
64,22,56,57,46,3,2,17,0,2.55,0.6666666666666666,0.0,0.6666666666666666
64,22,64,65,44,2,0,1,0,0.6666666666666666,0.0,0.0,0.0
64,22,64,65,45,2,1,2,0,1.0,0.5,0.0,0.5
64,22,64,65,46,1,0,3,0,0.75,0.0,0.0,0.0
64,22,64,65,47,4,2,3,0,1.7142857142857142,0.5,0.0,0.5
64,22,64,65,48,5,1,5,0,2.5,0.2,0.0,0.2
64,22,64,65,49,3,3,9,0,2.25,1.0,0.0,1.0
64,22,64,65,50,1,1,11,0,0.9166666666666666,1.0,0.0,1.0
64,22,64,65,51,1,1,11,0,0.9166666666666666,1.0,0.0,1.0
64,22,64,65,52,2,1,11,0,1.6923076923076923,0.5,0.0,0.5
64,22,64,65,53,6,4,12,0,4.0,0.6666666666666666,0.0,0.6666666666666666
64,22,72,73,46,2,0,1,0,0.6666666666666666,0.0,0.0,0.0
64,22,72,73,47,2,0,1,0,0.6666666666666666,0.0,0.0,0.0
64,22,72,73,48,6,2,1,0,0.8571428571428571,0.3333333333333333,0.0,0.3333333333333333
64,22,72,73,49,1,0,6,0,0.8571428571428571,0.0,0.0,0.0
64,22,72,73,50,1,1,6,0,0.8571428571428571,1.0,0.0,1.0
64,22,72,73,51,3,0,6,0,2.0,0.0,0.0,0.0
64,22,72,73,52,2,0,7,0,1.5555555555555556,0.0,0.0,0.0
64,22,72,73,53,2,0,7,0,1.5555555555555556,0.0,0.0,0.0
64,22,72,73,54,2,1,7,0,1.5555555555555556,0.5,0.0,0.5
64,22,72,73,55,1,0,7,0,0.875,0.0,0.0,0.0
64,22,72,73,56,2,0,6,0,1.5,0.0,0.0,0.0
64,22,72,73,57,1,0,6,0,0.8571428571428571,0.0,0.0,0.0
64,22,72,73,58,1,0,5,0,0.8333333333333334,0.0,0.0,0.0
64,22,72,73,59,1,0,5,0,0.8333333333333334,0.0,0.0,0.0
64,22,72,73,60,1,1,5,0,0.8333333333333334,1.0,0.0,1.0
64,22,80,81,2,2,0,1,0,0.6666666666666666,0.0,0.0,0.0
64,22,80,81,3,1,0,4,0,0.8,0.0,0.0,0.0
64,22,80,81,5,1,0,7,0,0.875,0.0,0.0,0.0
64,22,80,81,6,1,0,9,0,0.9,0.0,0.0,0.0
64,22,80,81,7,2,0,10,0,1.6666666666666667,0.0,0.0,0.0
64,22,80,81,8,1,0,11,0,0.9166666666666666,0.0,0.0,0.0
64,22,80,81,9,1,0,12,0,0.9230769230769231,0.0,0.0,0.0
64,22,80,81,10,1,0,13,0,0.9285714285714286,0.0,0.0,0.0
64,22,80,81,11,3,0,12,0,2.4,0.0,0.0,0.0
64,22,80,81,13,7,0,7,0,3.5,0.0,0.0,0.0
64,22,80,81,15,1,0,6,0,0.8571428571428571,0.0,0.0,0.0
64,22,80,81,17,1,0,5,0,0.8333333333333334,0.0,0.0,0.0
64,22,80,81,18,3,0,2,0,1.2,0.0,0.0,0.0
64,22,80,81,48,2,0,1,0,0.6666666666666666,0.0,0.0,0.0
64,22,80,81,49,5,0,1,0,0.8333333333333334,0.0,0.0,0.0
64,22,80,81,50,1,0,5,0,0.8333333333333334,0.0,0.0,0.0
64,22,80,81,51,2,0,5,0,1.4285714285714286,0.0,0.0,0.0
64,22,80,81,52,4,1,5,0,2.2222222222222223,0.25,0.0,0.25
64,22,80,81,53,2,0,7,0,1.5555555555555556,0.0,0.0,0.0
64,22,80,81,54,2,0,6,0,1.5,0.0,0.0,0.0
64,22,80,81,55,2,0,5,0,1.4285714285714286,0.0,0.0,0.0
64,22,80,81,56,3,1,4,0,1.7142857142857142,0.3333333333333333,0.0,0.3333333333333333
64,22,80,81,58,3,1,3,0,1.5,0.3333333333333333,0.0,0.3333333333333333
64,22,80,81,60,1,0,4,0,0.8,0.0,0.0,0.0
64,22,80,81,62,1,0,3,0,0.75,0.0,0.0,0.0
64,22,88,89,10,1,0,16,0,0.9411764705882353,0.0,0.0,0.0
64,22,88,89,11,1,0,15,0,0.9375,0.0,0.0,0.0
64,22,88,89,12,1,0,16,0,0.9411764705882353,0.0,0.0,0.0
64,22,88,89,13,2,0,16,0,1.7777777777777777,0.0,0.0,0.0
64,22,88,89,14,1,0,17,0,0.9444444444444444,0.0,0.0,0.0
64,22,88,89,15,3,0,16,0,2.526315789473684,0.0,0.0,0.0
64,22,88,89,16,1,0,16,0,0.9411764705882353,0.0,0.0,0.0
64,22,88,89,17,3,0,14,0,2.4705882352941178,0.0,0.0,0.0
64,22,88,89,19,3,0,12,0,2.4,0.0,0.0,0.0
64,22,88,89,20,2,0,13,0,1.7333333333333334,0.0,0.0,0.0
64,22,88,89,21,3,0,13,0,2.4375,0.0,0.0,0.0
64,22,88,89,22,1,0,14,0,0.9333333333333333,0.0,0.0,0.0
64,22,88,89,23,5,0,10,0,3.3333333333333335,0.0,0.0,0.0
64,22,88,89,25,2,0,9,0,1.6363636363636365,0.0,0.0,0.0
64,22,88,89,27,2,0,9,0,1.6363636363636365,0.0,0.0,0.0
64,22,88,89,29,6,0,3,0,2.0,0.0,0.0,0.0
64,22,88,89,30,1,0,3,0,0.75,0.0,0.0,0.0
64,22,88,89,50,4,1,2,0,1.3333333333333333,0.25,0.0,0.25
64,22,88,89,51,1,0,5,0,0.8333333333333334,0.0,0.0,0.0
64,22,88,89,52,3,2,5,0,1.875,0.6666666666666666,0.0,0.6666666666666666
64,22,88,89,53,1,0,6,0,0.8571428571428571,0.0,0.0,0.0
64,22,88,89,54,2,0,5,0,1.4285714285714286,0.0,0.0,0.0
64,22,88,89,55,2,0,4,0,1.3333333333333333,0.0,0.0,0.0
64,22,88,89,56,5,0,1,0,0.8333333333333334,0.0,0.0,0.0
64,22,88,89,57,1,0,3,0,0.75,0.0,0.0,0.0
64,22,88,89,58,2,1,3,0,1.2,0.5,0.0,0.5
64,22,88,89,59,1,0,4,0,0.8,0.0,0.0,0.0
64,22,88,89,60,1,0,4,0,0.8,0.0,0.0,0.0
64,22,88,89,61,1,0,3,0,0.75,0.0,0.0,0.0
64,22,88,89,63,1,0,2,0,0.6666666666666666,0.0,0.0,0.0
64,22,96,97,15,1,0,28,0,0.9655172413793104,0.0,0.0,0.0
64,22,96,97,17,2,0,29,0,1.8709677419354838,0.0,0.0,0.0
64,22,96,97,18,1,0,30,0,0.967741935483871,0.0,0.0,0.0
64,22,96,97,19,4,0,29,0,3.515151515151515,0.0,0.0,0.0
64,22,96,97,20,2,0,29,0,1.8709677419354838,0.0,0.0,0.0
64,22,96,97,21,4,0,27,0,3.4838709677419355,0.0,0.0,0.0
64,22,96,97,22,2,0,27,0,1.8620689655172413,0.0,0.0,0.0
64,22,96,97,23,9,0,21,0,6.3,0.0,0.0,0.0
64,22,96,97,24,2,0,21,0,1.826086956521739,0.0,0.0,0.0
64,22,96,97,25,7,0,19,0,5.115384615384615,0.0,0.0,0.0
64,22,96,97,27,2,0,16,0,1.7777777777777777,0.0,0.0,0.0
64,22,96,97,29,4,0,10,0,2.857142857142857,0.0,0.0,0.0
64,22,96,97,30,1,0,9,0,0.9,0.0,0.0,0.0
64,22,96,97,31,2,0,7,0,1.5555555555555556,0.0,0.0,0.0
64,22,96,97,52,2,0,3,0,1.2,0.0,0.0,0.0
64,22,96,97,53,1,0,4,0,0.8,0.0,0.0,0.0
64,22,96,97,54,4,2,3,0,1.7142857142857142,0.5,0.0,0.5
64,22,96,97,55,2,0,4,0,1.3333333333333333,0.0,0.0,0.0
64,22,96,97,56,4,0,1,0,0.8,0.0,0.0,0.0
64,22,96,97,57,1,0,2,0,0.6666666666666666,0.0,0.0,0.0
64,22,96,97,58,3,2,2,0,1.2,0.6666666666666666,0.0,0.6666666666666666
64,22,96,97,59,1,0,4,0,0.8,0.0,0.0,0.0
64,22,96,97,61,1,0,3,0,0.75,0.0,0.0,0.0
64,22,96,97,62,1,0,2,0,0.6666666666666666,0.0,0.0,0.0
64,22,104,105,19,1,0,33,0,0.9705882352941176,0.0,0.0,0.0
64,22,104,105,20,1,0,34,0,0.9714285714285714,0.0,0.0,0.0
64,22,104,105,22,3,0,35,0,2.763157894736842,0.0,0.0,0.0
64,22,104,105,23,3,0,37,0,2.775,0.0,0.0,0.0
64,22,104,105,24,3,0,39,0,2.7857142857142856,0.0,0.0,0.0
64,22,104,105,25,2,0,42,0,1.9090909090909092,0.0,0.0,0.0
64,22,104,105,26,1,0,39,0,0.975,0.0,0.0,0.0
64,22,104,105,27,2,0,35,0,1.8918918918918919,0.0,0.0,0.0
64,22,104,105,28,1,0,32,0,0.9696969696969697,0.0,0.0,0.0
64,22,104,105,29,2,0,29,0,1.8709677419354838,0.0,0.0,0.0
64,22,104,105,30,1,0,27,0,0.9642857142857143,0.0,0.0,0.0
64,22,104,105,31,2,0,23,0,1.84,0.0,0.0,0.0
64,22,104,105,32,1,0,19,0,0.95,0.0,0.0,0.0
64,22,104,105,33,5,0,11,0,3.4375,0.0,0.0,0.0
64,22,104,105,38,1,0,1,0,0.5,0.0,0.0,0.0
64,22,104,105,53,1,0,2,0,0.6666666666666666,0.0,0.0,0.0
64,22,104,105,54,2,1,2,0,1.0,0.5,0.0,0.5
64,22,104,105,59,1,0,2,0,0.6666666666666666,0.0,0.0,0.0
64,22,104,105,60,2,0,2,0,1.0,0.0,0.0,0.0
64,22,104,105,62,1,0,2,0,0.6666666666666666,0.0,0.0,0.0
64,22,112,113,19,1,0,33,0,0.9705882352941176,0.0,0.0,0.0
64,22,112,113,21,1,0,36,0,0.972972972972973,0.0,0.0,0.0
64,22,112,113,23,2,0,39,0,1.9024390243902438,0.0,0.0,0.0
64,22,112,113,24,3,0,41,0,2.7954545454545454,0.0,0.0,0.0
64,22,112,113,30,1,0,32,0,0.9696969696969697,0.0,0.0,0.0
64,22,112,113,31,1,0,29,0,0.9666666666666667,0.0,0.0,0.0
64,22,112,113,32,1,0,25,0,0.9615384615384616,0.0,0.0,0.0
64,22,112,113,33,1,0,21,0,0.9545454545454546,0.0,0.0,0.0
64,22,112,113,34,1,0,17,0,0.9444444444444444,0.0,0.0,0.0
64,22,112,113,35,1,0,13,0,0.9285714285714286,0.0,0.0,0.0
64,22,112,113,36,1,0,9,0,0.9,0.0,0.0,0.0
64,22,112,113,37,1,0,5,0,0.8333333333333334,0.0,0.0,0.0
64,22,112,113,38,1,0,2,0,0.6666666666666666,0.0,0.0,0.0
64,22,112,113,54,1,0,1,0,0.5,0.0,0.0,0.0
64,22,120,121,20,1,0,35,0,0.9722222222222222,0.0,0.0,0.0
64,22,120,121,21,1,0,37,0,0.9736842105263158,0.0,0.0,0.0
64,22,120,121,31,1,0,30,0,0.967741935483871,0.0,0.0,0.0
64,22,120,121,32,1,0,26,0,0.9629629629629629,0.0,0.0,0.0
64,22,120,121,33,1,0,22,0,0.9565217391304348,0.0,0.0,0.0
64,22,120,121,34,1,0,18,0,0.9473684210526315,0.0,0.0,0.0
64,22,120,121,35,1,0,14,0,0.9333333333333333,0.0,0.0,0.0
64,22,120,121,36,1,0,10,0,0.9090909090909091,0.0,0.0,0.0
64,22,120,121,37,1,0,6,0,0.8571428571428571,0.0,0.0,0.0
64,22,120,121,38,1,0,3,0,0.75,0.0,0.0,0.0
64,22,120,121,39,1,0,2,0,0.6666666666666666,0.0,0.0,0.0
64,22,120,121,40,2,0,2,0,1.0,0.0,0.0,0.0
64,22,120,121,41,3,0,1,0,0.75,0.0,0.0,0.0
64,22,120,121,42,2,0,1,0,0.6666666666666666,0.0,0.0,0.0
64,22,120,121,43,2,0,1,0,0.6666666666666666,0.0,0.0,0.0
64,22,120,121,44,1,0,1,0,0.5,0.0,0.0,0.0
64,22,128,129,21,2,0,38,0,1.9,0.0,0.0,0.0
64,22,128,129,22,2,0,40,0,1.9047619047619047,0.0,0.0,0.0
64,22,128,129,23,2,0,43,0,1.9111111111111112,0.0,0.0,0.0
64,22,128,129,24,2,0,45,0,1.9148936170212767,0.0,0.0,0.0
64,22,128,129,25,2,0,47,0,1.9183673469387754,0.0,0.0,0.0
64,22,128,129,26,2,0,44,0,1.9130434782608696,0.0,0.0,0.0
64,22,128,129,27,2,0,41,0,1.9069767441860466,0.0,0.0,0.0
64,22,128,129,28,2,0,38,0,1.9,0.0,0.0,0.0
64,22,128,129,29,3,0,35,0,2.763157894736842,0.0,0.0,0.0
64,22,128,129,30,2,0,33,0,1.8857142857142857,0.0,0.0,0.0
64,22,128,129,31,2,0,30,0,1.875,0.0,0.0,0.0
64,22,128,129,32,2,0,26,0,1.8571428571428572,0.0,0.0,0.0
64,22,128,129,33,1,0,22,0,0.9565217391304348,0.0,0.0,0.0
64,22,128,129,34,1,0,18,0,0.9473684210526315,0.0,0.0,0.0
64,22,128,129,35,1,0,14,0,0.9333333333333333,0.0,0.0,0.0
64,22,128,129,36,1,0,10,0,0.9090909090909091,0.0,0.0,0.0
64,22,128,129,37,1,0,6,0,0.8571428571428571,0.0,0.0,0.0
64,22,128,129,38,1,0,3,0,0.75,0.0,0.0,0.0
64,22,128,129,39,1,0,2,0,0.6666666666666666,0.0,0.0,0.0
64,22,128,129,40,2,0,2,0,1.0,0.0,0.0,0.0
64,22,128,129,41,2,0,2,0,1.0,0.0,0.0,0.0
64,22,128,129,42,2,0,2,0,1.0,0.0,0.0,0.0
64,22,128,129,43,2,0,2,0,1.0,0.0,0.0,0.0
64,22,128,129,44,2,0,1,0,0.6666666666666666,0.0,0.0,0.0
64,22,128,129,45,1,0,1,0,0.5,0.0,0.0,0.0
64,22,128,129,46,1,0,1,0,0.5,0.0,0.0,0.0
64,22,128,129,47,1,0,1,0,0.5,0.0,0.0,0.0
64,22,128,129,48,1,0,1,0,0.5,0.0,0.0,0.0
64,22,128,129,49,1,0,1,0,0.5,0.0,0.0,0.0
64,22,128,129,50,1,0,1,0,0.5,0.0,0.0,0.0
64,22,136,137,22,1,0,43,0,0.9772727272727273,0.0,0.0,0.0
64,22,136,137,23,3,0,45,0,2.8125,0.0,0.0,0.0
64,22,136,137,24,1,0,48,0,0.9795918367346939,0.0,0.0,0.0
64,22,136,137,25,4,0,48,0,3.6923076923076925,0.0,0.0,0.0
64,22,136,137,26,2,0,45,0,1.9148936170212767,0.0,0.0,0.0
64,22,136,137,27,2,0,42,0,1.9090909090909092,0.0,0.0,0.0
64,22,136,137,28,2,0,39,0,1.9024390243902438,0.0,0.0,0.0
64,22,136,137,29,2,0,37,0,1.8974358974358974,0.0,0.0,0.0
64,22,136,137,30,3,0,34,0,2.7567567567567566,0.0,0.0,0.0
64,22,136,137,31,3,0,31,0,2.735294117647059,0.0,0.0,0.0
64,22,136,137,32,3,0,27,0,2.7,0.0,0.0,0.0
64,22,136,137,33,3,0,23,0,2.6538461538461537,0.0,0.0,0.0
64,22,136,137,34,2,0,19,0,1.8095238095238095,0.0,0.0,0.0
64,22,136,137,35,1,0,15,0,0.9375,0.0,0.0,0.0
64,22,136,137,36,1,0,11,0,0.9166666666666666,0.0,0.0,0.0
64,22,136,137,37,1,0,7,0,0.875,0.0,0.0,0.0
64,22,136,137,38,1,0,4,0,0.8,0.0,0.0,0.0
64,22,136,137,39,1,0,3,0,0.75,0.0,0.0,0.0
64,22,136,137,40,2,0,3,0,1.2,0.0,0.0,0.0
64,22,136,137,41,2,0,3,0,1.2,0.0,0.0,0.0
64,22,136,137,42,2,0,3,0,1.2,0.0,0.0,0.0
64,22,136,137,43,2,0,3,0,1.2,0.0,0.0,0.0
64,22,136,137,44,2,0,2,0,1.0,0.0,0.0,0.0
64,22,136,137,45,2,0,1,0,0.6666666666666666,0.0,0.0,0.0
64,22,136,137,46,1,0,1,0,0.5,0.0,0.0,0.0
64,22,136,137,47,1,0,1,0,0.5,0.0,0.0,0.0
64,22,136,137,48,1,0,1,0,0.5,0.0,0.0,0.0
64,22,136,137,49,1,0,1,0,0.5,0.0,0.0,0.0
64,22,136,137,50,1,0,1,0,0.5,0.0,0.0,0.0
64,22,136,137,51,1,0,1,0,0.5,0.0,0.0,0.0
64,22,144,145,23,1,0,48,0,0.9795918367346939,0.0,0.0,0.0
64,22,144,145,24,1,0,51,0,0.9807692307692307,0.0,0.0,0.0
64,22,144,145,25,2,0,53,0,1.9272727272727272,0.0,0.0,0.0
64,22,144,145,26,1,0,51,0,0.9807692307692307,0.0,0.0,0.0
64,22,144,145,27,3,0,47,0,2.82,0.0,0.0,0.0
64,22,144,145,28,1,0,45,0,0.9782608695652174,0.0,0.0,0.0
64,22,144,145,29,1,0,43,0,0.9772727272727273,0.0,0.0,0.0
64,22,144,145,30,3,0,39,0,2.7857142857142856,0.0,0.0,0.0
64,22,144,145,31,3,0,36,0,2.769230769230769,0.0,0.0,0.0
64,22,144,145,32,3,0,32,0,2.742857142857143,0.0,0.0,0.0
64,22,144,145,33,4,0,27,0,3.4838709677419355,0.0,0.0,0.0
64,22,144,145,34,3,0,22,0,2.64,0.0,0.0,0.0
64,22,144,145,35,4,0,15,0,3.1578947368421053,0.0,0.0,0.0
64,22,144,145,37,1,0,8,0,0.8888888888888888,0.0,0.0,0.0
64,22,144,145,38,1,0,5,0,0.8333333333333334,0.0,0.0,0.0
64,22,144,145,39,1,0,4,0,0.8,0.0,0.0,0.0
64,22,144,145,40,1,0,5,0,0.8333333333333334,0.0,0.0,0.0
64,22,144,145,41,2,0,5,0,1.4285714285714286,0.0,0.0,0.0
64,22,144,145,42,2,0,5,0,1.4285714285714286,0.0,0.0,0.0
64,22,144,145,43,2,0,5,0,1.4285714285714286,0.0,0.0,0.0
64,22,144,145,44,3,0,3,0,1.5,0.0,0.0,0.0
64,22,144,145,45,3,0,1,0,0.75,0.0,0.0,0.0
64,22,144,145,46,1,0,1,0,0.5,0.0,0.0,0.0
64,22,144,145,47,1,0,1,0,0.5,0.0,0.0,0.0
64,22,144,145,48,1,0,1,0,0.5,0.0,0.0,0.0
64,22,144,145,49,1,0,1,0,0.5,0.0,0.0,0.0
64,22,144,145,50,1,0,1,0,0.5,0.0,0.0,0.0
64,22,144,145,51,1,0,1,0,0.5,0.0,0.0,0.0
64,22,152,153,25,1,0,56,0,0.9824561403508771,0.0,0.0,0.0
64,22,152,153,27,1,0,52,0,0.9811320754716981,0.0,0.0,0.0
64,22,152,153,28,1,0,49,0,0.98,0.0,0.0,0.0
64,22,152,153,29,1,0,47,0,0.9791666666666666,0.0,0.0,0.0
64,22,152,153,31,3,0,42,0,2.8,0.0,0.0,0.0
64,22,152,153,32,1,0,39,0,0.975,0.0,0.0,0.0
64,22,152,153,33,3,0,34,0,2.7567567567567566,0.0,0.0,0.0
64,22,152,153,34,2,0,29,0,1.8709677419354838,0.0,0.0,0.0
64,22,152,153,35,2,0,23,0,1.84,0.0,0.0,0.0
64,22,152,153,36,2,0,17,0,1.7894736842105263,0.0,0.0,0.0
64,22,152,153,37,1,0,12,0,0.9230769230769231,0.0,0.0,0.0
64,22,152,153,38,3,0,6,0,2.0,0.0,0.0,0.0
64,22,152,153,39,1,0,5,0,0.8333333333333334,0.0,0.0,0.0
64,22,152,153,40,1,0,6,0,0.8571428571428571,0.0,0.0,0.0
64,22,152,153,41,3,0,5,0,1.875,0.0,0.0,0.0
64,22,152,153,42,2,0,5,0,1.4285714285714286,0.0,0.0,0.0
64,22,152,153,43,2,0,5,0,1.4285714285714286,0.0,0.0,0.0
64,22,152,153,44,2,0,4,0,1.3333333333333333,0.0,0.0,0.0
64,22,152,153,45,3,0,2,0,1.2,0.0,0.0,0.0
64,22,152,153,46,1,0,2,0,0.6666666666666666,0.0,0.0,0.0
64,22,152,153,47,1,0,2,0,0.6666666666666666,0.0,0.0,0.0
64,22,152,153,48,1,0,2,0,0.6666666666666666,0.0,0.0,0.0
64,22,152,153,49,1,0,2,0,0.6666666666666666,0.0,0.0,0.0
64,22,152,153,50,2,0,1,0,0.6666666666666666,0.0,0.0,0.0
64,22,152,153,51,1,0,1,0,0.5,0.0,0.0,0.0
64,22,160,161,34,1,0,34,0,0.9714285714285714,0.0,0.0,0.0
64,22,160,161,35,1,0,28,0,0.9655172413793104,0.0,0.0,0.0
64,22,160,161,36,1,0,22,0,0.9565217391304348,0.0,0.0,0.0
64,22,160,161,37,3,0,14,0,2.4705882352941178,0.0,0.0,0.0
64,22,160,161,39,3,0,7,0,2.1,0.0,0.0,0.0
64,22,160,161,40,1,0,7,0,0.875,0.0,0.0,0.0
64,22,160,161,41,2,0,7,0,1.5555555555555556,0.0,0.0,0.0
64,22,160,161,42,2,0,7,0,1.5555555555555556,0.0,0.0,0.0
64,22,160,161,43,3,0,6,0,2.0,0.0,0.0,0.0
64,22,160,161,44,2,0,5,0,1.4285714285714286,0.0,0.0,0.0
64,22,160,161,45,2,0,4,0,1.3333333333333333,0.0,0.0,0.0
64,22,160,161,46,3,0,2,0,1.2,0.0,0.0,0.0
64,22,160,161,47,1,0,2,0,0.6666666666666666,0.0,0.0,0.0
64,22,160,161,48,1,0,2,0,0.6666666666666666,0.0,0.0,0.0
64,22,160,161,49,1,0,2,0,0.6666666666666666,0.0,0.0,0.0
64,22,160,161,50,1,0,2,0,0.6666666666666666,0.0,0.0,0.0
64,22,160,161,51,1,0,2,0,0.6666666666666666,0.0,0.0,0.0
64,22,160,161,52,1,0,1,0,0.5,0.0,0.0,0.0
64,22,168,169,35,1,0,29,0,0.9666666666666667,0.0,0.0,0.0
64,22,168,169,37,1,0,18,0,0.9473684210526315,0.0,0.0,0.0
64,22,168,169,38,1,0,14,0,0.9333333333333333,0.0,0.0,0.0
64,22,168,169,39,1,0,12,0,0.9230769230769231,0.0,0.0,0.0
64,22,168,169,40,1,0,12,0,0.9230769230769231,0.0,0.0,0.0
64,22,168,169,41,2,0,12,0,1.7142857142857142,0.0,0.0,0.0
64,22,168,169,42,1,0,13,0,0.9285714285714286,0.0,0.0,0.0
64,22,168,169,43,2,0,13,0,1.7333333333333334,0.0,0.0,0.0
64,22,168,169,44,1,0,13,0,0.9285714285714286,0.0,0.0,0.0
64,22,168,169,45,2,0,12,0,1.7142857142857142,0.0,0.0,0.0
64,22,168,169,46,1,0,12,0,0.9230769230769231,0.0,0.0,0.0
64,22,168,169,47,5,0,8,0,3.076923076923077,0.0,0.0,0.0
64,22,168,169,48,3,0,7,0,2.1,0.0,0.0,0.0
64,22,168,169,49,3,0,6,0,2.0,0.0,0.0,0.0
64,22,168,169,50,2,0,6,0,1.5,0.0,0.0,0.0
64,22,168,169,51,3,0,4,0,1.7142857142857142,0.0,0.0,0.0
64,22,168,169,52,3,0,1,0,0.75,0.0,0.0,0.0
64,22,176,177,42,1,0,16,0,0.9411764705882353,0.0,0.0,0.0
64,22,176,177,43,1,0,17,0,0.9444444444444444,0.0,0.0,0.0
64,22,176,177,44,1,0,17,0,0.9444444444444444,0.0,0.0,0.0
64,22,176,177,45,1,0,16,0,0.9411764705882353,0.0,0.0,0.0
64,22,176,177,46,1,0,15,0,0.9375,0.0,0.0,0.0
64,22,176,177,47,1,0,14,0,0.9333333333333333,0.0,0.0,0.0
64,22,176,177,48,1,0,13,0,0.9285714285714286,0.0,0.0,0.0
64,22,176,177,49,1,0,12,0,0.9230769230769231,0.0,0.0,0.0
64,22,176,177,50,2,0,10,0,1.6666666666666667,0.0,0.0,0.0
64,22,176,177,51,1,0,9,0,0.9,0.0,0.0,0.0
64,22,176,177,52,1,0,7,0,0.875,0.0,0.0,0.0
64,22,176,177,53,1,0,5,0,0.8333333333333334,0.0,0.0,0.0
64,22,176,177,55,2,0,1,0,0.6666666666666666,0.0,0.0,0.0
64,22,184,185,42,1,0,16,0,0.9411764705882353,0.0,0.0,0.0
64,22,184,185,43,1,0,17,0,0.9444444444444444,0.0,0.0,0.0
64,22,184,185,44,1,0,17,0,0.9444444444444444,0.0,0.0,0.0
64,22,184,185,45,1,0,16,0,0.9411764705882353,0.0,0.0,0.0
64,22,184,185,46,1,0,15,0,0.9375,0.0,0.0,0.0
64,22,184,185,47,1,0,14,0,0.9333333333333333,0.0,0.0,0.0
64,22,184,185,48,1,0,13,0,0.9285714285714286,0.0,0.0,0.0
64,22,184,185,49,1,0,12,0,0.9230769230769231,0.0,0.0,0.0
64,22,184,185,50,1,0,11,0,0.9166666666666666,0.0,0.0,0.0
64,22,184,185,51,1,0,10,0,0.9090909090909091,0.0,0.0,0.0
64,22,184,185,52,1,0,8,0,0.8888888888888888,0.0,0.0,0.0
64,22,184,185,53,1,0,6,0,0.8571428571428571,0.0,0.0,0.0
64,22,184,185,54,1,0,4,0,0.8,0.0,0.0,0.0
64,22,192,193,42,1,0,16,0,0.9411764705882353,0.0,0.0,0.0
64,22,192,193,43,1,0,17,0,0.9444444444444444,0.0,0.0,0.0
64,22,192,193,44,1,0,17,0,0.9444444444444444,0.0,0.0,0.0
64,22,192,193,45,1,0,16,0,0.9411764705882353,0.0,0.0,0.0
64,22,192,193,47,1,0,15,0,0.9375,0.0,0.0,0.0
64,22,192,193,48,1,0,14,0,0.9333333333333333,0.0,0.0,0.0
64,22,192,193,49,1,0,13,0,0.9285714285714286,0.0,0.0,0.0
64,22,192,193,50,1,0,12,0,0.9230769230769231,0.0,0.0,0.0
64,22,192,193,51,1,0,11,0,0.9166666666666666,0.0,0.0,0.0
64,22,192,193,52,1,0,9,0,0.9,0.0,0.0,0.0
64,22,192,193,53,1,0,7,0,0.875,0.0,0.0,0.0
64,22,192,193,54,2,0,4,0,1.3333333333333333,0.0,0.0,0.0
64,22,200,201,43,1,0,18,0,0.9473684210526315,0.0,0.0,0.0
64,22,200,201,44,1,0,18,0,0.9473684210526315,0.0,0.0,0.0
64,22,200,201,45,1,0,17,0,0.9444444444444444,0.0,0.0,0.0
64,22,200,201,47,1,0,16,0,0.9411764705882353,0.0,0.0,0.0
64,22,200,201,48,1,0,15,0,0.9375,0.0,0.0,0.0
64,22,200,201,49,2,0,13,0,1.7333333333333334,0.0,0.0,0.0
64,22,200,201,50,1,0,12,0,0.9230769230769231,0.0,0.0,0.0
64,22,200,201,51,1,0,11,0,0.9166666666666666,0.0,0.0,0.0
64,22,200,201,52,1,0,9,0,0.9,0.0,0.0,0.0
64,22,200,201,53,1,0,7,0,0.875,0.0,0.0,0.0
64,22,200,201,54,1,0,5,0,0.8333333333333334,0.0,0.0,0.0
64,22,200,201,55,1,0,3,0,0.75,0.0,0.0,0.0
64,22,208,209,45,1,0,19,0,0.95,0.0,0.0,0.0
64,22,208,209,47,1,0,18,0,0.9473684210526315,0.0,0.0,0.0
64,22,208,209,49,1,0,17,0,0.9444444444444444,0.0,0.0,0.0
64,22,208,209,51,1,0,16,0,0.9411764705882353,0.0,0.0,0.0
64,22,208,209,53,1,0,13,0,0.9285714285714286,0.0,0.0,0.0
64,22,208,209,55,4,0,7,0,2.5454545454545454,0.0,0.0,0.0
64,22,208,209,57,3,0,4,0,1.7142857142857142,0.0,0.0,0.0
64,22,208,209,58,1,0,4,0,0.8,0.0,0.0,0.0
64,22,208,209,59,3,0,2,0,1.2,0.0,0.0,0.0
64,22,208,209,60,1,0,2,0,0.6666666666666666,0.0,0.0,0.0
64,22,216,217,52,1,0,18,0,0.9473684210526315,0.0,0.0,0.0
64,22,216,217,54,1,0,15,0,0.9375,0.0,0.0,0.0
64,23,16,17,15,21,20,2,0,1.826086956521739,0.9523809523809523,0.0,0.9523809523809523
64,23,24,25,21,17,13,1,0,0.9444444444444444,0.7647058823529411,0.0,0.7647058823529411
64,23,32,33,25,4,2,1,0,0.8,0.5,0.0,0.5
64,23,32,33,26,2,0,3,0,1.2,0.0,0.0,0.0
64,23,32,33,27,2,1,3,0,1.2,0.5,0.0,0.5
64,23,64,65,8,5,0,1,0,0.8333333333333334,0.0,0.0,0.0
64,23,64,65,9,2,0,5,0,1.4285714285714286,0.0,0.0,0.0
64,23,64,65,10,2,0,6,0,1.5,0.0,0.0,0.0
64,23,64,65,11,2,0,7,0,1.5555555555555556,0.0,0.0,0.0
64,23,64,65,12,3,0,7,0,2.1,0.0,0.0,0.0
64,23,64,65,13,1,0,8,0,0.8888888888888888,0.0,0.0,0.0
64,23,64,65,14,1,0,8,0,0.8888888888888888,0.0,0.0,0.0
64,23,72,73,6,2,0,14,0,1.75,0.0,0.0,0.0
64,23,72,73,7,4,0,11,0,2.933333333333333,0.0,0.0,0.0
64,23,72,73,8,2,0,12,0,1.7142857142857142,0.0,0.0,0.0
64,23,72,73,10,2,0,13,0,1.7333333333333334,0.0,0.0,0.0
64,23,80,81,9,2,0,16,0,1.7777777777777777,0.0,0.0,0.0
64,23,80,81,10,1,0,19,0,0.95,0.0,0.0,0.0
64,23,80,81,11,3,0,19,0,2.590909090909091,0.0,0.0,0.0
64,23,80,81,12,2,0,20,0,1.8181818181818181,0.0,0.0,0.0
64,23,80,81,13,2,0,20,0,1.8181818181818181,0.0,0.0,0.0
64,23,80,81,15,2,0,17,0,1.7894736842105263,0.0,0.0,0.0
64,23,80,81,17,2,0,15,0,1.7647058823529411,0.0,0.0,0.0
64,23,80,81,19,2,0,15,0,1.7647058823529411,0.0,0.0,0.0
64,23,80,81,21,1,0,15,0,0.9375,0.0,0.0,0.0
64,23,80,81,23,4,0,8,0,2.6666666666666665,0.0,0.0,0.0
64,23,80,81,24,2,0,6,0,1.5,0.0,0.0,0.0
64,23,80,81,25,5,0,1,0,0.8333333333333334,0.0,0.0,0.0
64,23,80,81,26,1,0,1,0,0.5,0.0,0.0,0.0
64,24,24,25,21,10,8,1,0,0.9090909090909091,0.8,0.0,0.8
64,24,80,81,3,1,0,1,0,0.5,0.0,0.0,0.0
64,24,80,81,4,1,0,2,0,0.6666666666666666,0.0,0.0,0.0
64,24,80,81,5,1,0,3,0,0.75,0.0,0.0,0.0
64,24,80,81,6,1,0,4,0,0.8,0.0,0.0,0.0
64,24,80,81,7,2,0,5,0,1.4285714285714286,0.0,0.0,0.0
64,24,80,81,8,1,0,6,0,0.8571428571428571,0.0,0.0,0.0
64,24,80,81,9,1,0,7,0,0.875,0.0,0.0,0.0
64,24,80,81,10,1,0,8,0,0.8888888888888888,0.0,0.0,0.0
64,24,80,81,11,1,0,9,0,0.9,0.0,0.0,0.0
64,24,80,81,13,1,0,10,0,0.9090909090909091,0.0,0.0,0.0
64,24,80,81,15,1,0,11,0,0.9166666666666666,0.0,0.0,0.0
64,24,80,81,17,1,0,9,0,0.9,0.0,0.0,0.0
64,24,80,81,18,1,0,8,0,0.8888888888888888,0.0,0.0,0.0
64,24,80,81,20,1,0,5,0,0.8333333333333334,0.0,0.0,0.0
64,24,88,89,2,1,0,5,0,0.8333333333333334,0.0,0.0,0.0
64,24,88,89,4,1,0,9,0,0.9,0.0,0.0,0.0
64,24,88,89,5,1,0,11,0,0.9166666666666666,0.0,0.0,0.0
64,24,88,89,6,4,0,13,0,3.0588235294117645,0.0,0.0,0.0
64,24,88,89,8,1,0,21,0,0.9545454545454546,0.0,0.0,0.0
64,24,88,89,9,1,0,23,0,0.9583333333333334,0.0,0.0,0.0
64,24,88,89,10,2,0,25,0,1.8518518518518519,0.0,0.0,0.0
64,24,88,89,12,1,0,27,0,0.9642857142857143,0.0,0.0,0.0
64,24,88,89,13,1,0,28,0,0.9655172413793104,0.0,0.0,0.0
64,24,88,89,14,2,0,28,0,1.8666666666666667,0.0,0.0,0.0
64,24,88,89,15,3,0,26,0,2.689655172413793,0.0,0.0,0.0
64,24,88,89,16,3,0,22,0,2.64,0.0,0.0,0.0
64,24,88,89,18,1,0,17,0,0.9444444444444444,0.0,0.0,0.0
64,24,88,89,24,2,0,2,0,1.0,0.0,0.0,0.0
64,25,24,25,20,2,1,1,0,0.6666666666666666,0.5,0.0,0.5
64,25,24,25,21,14,11,2,0,1.75,0.7857142857142857,0.0,0.7857142857142857
64,25,32,33,26,1,0,3,0,0.75,0.0,0.0,0.0
64,25,32,33,27,14,10,3,0,2.4705882352941178,0.7142857142857143,0.0,0.7142857142857143
64,25,40,41,30,2,1,1,0,0.6666666666666666,0.5,0.0,0.5
64,25,40,41,31,4,2,2,0,1.3333333333333333,0.5,0.0,0.5
64,25,40,41,32,1,0,5,0,0.8333333333333334,0.0,0.0,0.0
64,25,40,41,33,10,7,5,0,3.3333333333333335,0.7,0.0,0.7
64,25,48,49,34,2,1,1,0,0.6666666666666666,0.5,0.0,0.5
64,25,48,49,35,1,0,2,0,0.6666666666666666,0.0,0.0,0.0
64,25,48,49,36,1,1,2,0,0.6666666666666666,1.0,0.0,1.0
64,25,48,49,37,2,2,2,0,1.0,1.0,0.0,1.0
64,25,48,49,38,2,1,3,0,1.2,0.5,0.0,0.5
64,25,48,49,39,12,11,3,0,2.4,0.9166666666666666,0.0,0.9166666666666666
64,25,56,57,19,5,0,1,0,0.8333333333333334,0.0,0.0,0.0
64,25,56,57,20,2,0,2,0,1.0,0.0,0.0,0.0
64,25,56,57,21,1,0,3,0,0.75,0.0,0.0,0.0
64,25,56,57,22,1,0,4,0,0.8,0.0,0.0,0.0
64,25,56,57,23,4,0,3,0,1.7142857142857142,0.0,0.0,0.0
64,25,56,57,24,3,0,2,0,1.2,0.0,0.0,0.0
64,25,56,57,44,1,0,3,0,0.75,0.0,0.0,0.0
64,25,56,57,45,2,0,3,0,1.2,0.0,0.0,0.0
64,25,56,57,46,1,1,4,0,0.8,1.0,0.0,1.0
64,25,64,65,17,2,0,7,0,1.5555555555555556,0.0,0.0,0.0
64,25,64,65,19,2,0,10,0,1.6666666666666667,0.0,0.0,0.0
64,25,64,65,21,2,0,12,0,1.7142857142857142,0.0,0.0,0.0
64,25,64,65,23,1,0,13,0,0.9285714285714286,0.0,0.0,0.0
64,25,64,65,24,1,0,13,0,0.9285714285714286,0.0,0.0,0.0
64,25,64,65,25,1,0,13,0,0.9285714285714286,0.0,0.0,0.0
64,25,64,65,26,2,0,12,0,1.7142857142857142,0.0,0.0,0.0
64,25,64,65,27,1,0,12,0,0.9230769230769231,0.0,0.0,0.0
64,25,64,65,29,2,0,10,0,1.6666666666666667,0.0,0.0,0.0
64,25,64,65,31,2,0,6,0,1.5,0.0,0.0,0.0
64,25,64,65,33,2,0,2,0,1.0,0.0,0.0,0.0
64,25,64,65,34,1,0,1,0,0.5,0.0,0.0,0.0
64,25,64,65,46,1,0,2,0,0.6666666666666666,0.0,0.0,0.0
64,25,64,65,47,1,0,2,0,0.6666666666666666,0.0,0.0,0.0
64,25,64,65,48,1,0,2,0,0.6666666666666666,0.0,0.0,0.0
64,25,72,73,2,1,0,1,0,0.5,0.0,0.0,0.0
64,25,72,73,3,2,0,2,0,1.0,0.0,0.0,0.0
64,25,72,73,5,2,0,4,0,1.3333333333333333,0.0,0.0,0.0
64,25,72,73,6,2,0,4,0,1.3333333333333333,0.0,0.0,0.0
64,25,72,73,7,1,0,5,0,0.8333333333333334,0.0,0.0,0.0
64,25,72,73,8,1,0,6,0,0.8571428571428571,0.0,0.0,0.0
64,25,72,73,9,1,0,7,0,0.875,0.0,0.0,0.0
64,25,72,73,10,2,0,7,0,1.5555555555555556,0.0,0.0,0.0
64,25,72,73,11,1,0,7,0,0.875,0.0,0.0,0.0
64,25,72,73,13,4,0,2,0,1.3333333333333333,0.0,0.0,0.0
64,25,72,73,14,1,0,3,0,0.75,0.0,0.0,0.0
64,25,72,73,26,2,0,15,0,1.7647058823529411,0.0,0.0,0.0
64,25,72,73,27,2,0,14,0,1.75,0.0,0.0,0.0
64,25,72,73,28,2,0,13,0,1.7333333333333334,0.0,0.0,0.0
64,25,72,73,29,1,0,12,0,0.9230769230769231,0.0,0.0,0.0
64,25,72,73,30,2,1,12,0,1.7142857142857142,0.5,0.0,0.5
64,25,72,73,31,2,0,12,0,1.7142857142857142,0.0,0.0,0.0
64,25,72,73,32,3,0,11,0,2.357142857142857,0.0,0.0,0.0
64,25,72,73,33,2,0,11,0,1.6923076923076923,0.0,0.0,0.0
64,25,72,73,35,4,0,9,0,2.769230769230769,0.0,0.0,0.0
64,25,72,73,36,1,0,9,0,0.9,0.0,0.0,0.0
64,25,72,73,37,5,0,5,0,2.5,0.0,0.0,0.0
64,25,72,73,38,4,0,2,0,1.3333333333333333,0.0,0.0,0.0
64,25,80,81,6,1,0,15,0,0.9375,0.0,0.0,0.0
64,25,80,81,7,2,0,13,0,1.7333333333333334,0.0,0.0,0.0
64,25,80,81,8,2,0,11,0,1.6923076923076923,0.0,0.0,0.0
64,25,80,81,9,1,0,11,0,0.9166666666666666,0.0,0.0,0.0
64,25,80,81,11,1,0,11,0,0.9166666666666666,0.0,0.0,0.0
64,25,80,81,12,1,0,10,0,0.9090909090909091,0.0,0.0,0.0
64,25,80,81,13,1,0,8,0,0.8888888888888888,0.0,0.0,0.0
64,25,80,81,14,1,0,8,0,0.8888888888888888,0.0,0.0,0.0
64,25,80,81,15,1,0,8,0,0.8888888888888888,0.0,0.0,0.0
64,25,80,81,16,1,0,9,0,0.9,0.0,0.0,0.0
64,25,80,81,17,1,0,10,0,0.9090909090909091,0.0,0.0,0.0
64,25,80,81,19,1,0,12,0,0.9230769230769231,0.0,0.0,0.0
64,25,80,81,27,2,0,15,0,1.7647058823529411,0.0,0.0,0.0
64,25,80,81,28,2,0,14,0,1.75,0.0,0.0,0.0
64,25,80,81,29,1,0,12,0,0.9230769230769231,0.0,0.0,0.0
64,25,80,81,30,2,0,12,0,1.7142857142857142,0.0,0.0,0.0
64,25,80,81,31,1,0,13,0,0.9285714285714286,0.0,0.0,0.0
64,25,80,81,32,2,0,13,0,1.7333333333333334,0.0,0.0,0.0
64,25,80,81,41,2,0,13,0,1.7333333333333334,0.0,0.0,0.0
64,25,80,81,42,2,0,11,0,1.6923076923076923,0.0,0.0,0.0
64,25,80,81,43,3,0,7,0,2.1,0.0,0.0,0.0
64,25,80,81,44,1,0,5,0,0.8333333333333334,0.0,0.0,0.0
64,25,80,81,45,1,0,3,0,0.75,0.0,0.0,0.0
64,25,80,81,46,1,0,1,0,0.5,0.0,0.0,0.0
64,25,88,89,8,2,0,14,0,1.75,0.0,0.0,0.0
64,25,88,89,9,2,0,13,0,1.7333333333333334,0.0,0.0,0.0
64,25,88,89,10,1,0,13,0,0.9285714285714286,0.0,0.0,0.0
64,25,88,89,11,1,0,12,0,0.9230769230769231,0.0,0.0,0.0
64,25,88,89,12,1,0,11,0,0.9166666666666666,0.0,0.0,0.0
64,25,88,89,13,1,0,9,0,0.9,0.0,0.0,0.0
64,25,88,89,14,1,0,9,0,0.9,0.0,0.0,0.0
64,25,88,89,15,1,0,10,0,0.9090909090909091,0.0,0.0,0.0
64,25,88,89,16,2,1,11,0,1.6923076923076923,0.5,0.0,0.5
64,25,88,89,17,1,0,13,0,0.9285714285714286,0.0,0.0,0.0
64,25,88,89,18,2,1,14,0,1.75,0.5,0.0,0.5
64,25,88,89,44,3,0,7,0,2.1,0.0,0.0,0.0
64,25,88,89,45,1,0,5,0,0.8333333333333334,0.0,0.0,0.0
64,25,88,89,46,2,0,2,0,1.0,0.0,0.0,0.0
64,25,88,89,47,1,0,1,0,0.5,0.0,0.0,0.0
64,25,96,97,8,2,0,14,0,1.75,0.0,0.0,0.0
64,25,96,97,10,2,2,14,0,1.75,1.0,0.0,1.0
64,25,96,97,11,1,0,13,0,0.9285714285714286,0.0,0.0,0.0
64,25,96,97,12,2,0,11,0,1.6923076923076923,0.0,0.0,0.0
64,25,96,97,13,1,0,9,0,0.9,0.0,0.0,0.0
64,25,96,97,14,2,0,9,0,1.6363636363636365,0.0,0.0,0.0
64,25,96,97,15,2,0,10,0,1.6666666666666667,0.0,0.0,0.0
64,25,96,97,16,2,0,11,0,1.6923076923076923,0.0,0.0,0.0
64,25,96,97,17,1,0,13,0,0.9285714285714286,0.0,0.0,0.0
64,25,96,97,18,2,0,14,0,1.75,0.0,0.0,0.0
64,25,96,97,45,3,0,5,0,1.875,0.0,0.0,0.0
64,25,96,97,46,1,0,3,0,0.75,0.0,0.0,0.0
64,25,96,97,47,1,0,1,0,0.5,0.0,0.0,0.0
64,25,104,105,8,1,0,15,0,0.9375,0.0,0.0,0.0
64,25,104,105,9,1,0,15,0,0.9375,0.0,0.0,0.0
64,25,104,105,10,2,0,14,0,1.75,0.0,0.0,0.0
64,25,104,105,11,1,0,13,0,0.9285714285714286,0.0,0.0,0.0
64,25,104,105,12,2,0,11,0,1.6923076923076923,0.0,0.0,0.0
64,25,104,105,14,2,1,10,0,1.6666666666666667,0.5,0.0,0.5
64,25,104,105,15,2,0,11,0,1.6923076923076923,0.0,0.0,0.0
64,25,104,105,16,2,1,12,0,1.7142857142857142,0.5,0.0,0.5
64,25,104,105,46,2,0,4,0,1.3333333333333333,0.0,0.0,0.0
64,25,104,105,48,2,0,1,0,0.6666666666666666,0.0,0.0,0.0
64,25,112,113,9,2,0,15,0,1.7647058823529411,0.0,0.0,0.0
64,25,112,113,10,2,0,14,0,1.75,0.0,0.0,0.0
64,25,112,113,11,1,0,13,0,0.9285714285714286,0.0,0.0,0.0
64,25,112,113,12,3,1,11,0,2.357142857142857,0.3333333333333333,0.0,0.3333333333333333
64,25,112,113,13,1,0,10,0,0.9090909090909091,0.0,0.0,0.0
64,25,112,113,14,2,0,10,0,1.6666666666666667,0.0,0.0,0.0
64,25,112,113,15,2,0,11,0,1.6923076923076923,0.0,0.0,0.0
64,25,112,113,16,2,0,12,0,1.7142857142857142,0.0,0.0,0.0
64,25,120,121,10,2,0,16,0,1.7777777777777777,0.0,0.0,0.0
64,25,120,121,11,1,0,15,0,0.9375,0.0,0.0,0.0
64,25,120,121,12,2,0,14,0,1.75,0.0,0.0,0.0
64,25,120,121,13,1,0,13,0,0.9285714285714286,0.0,0.0,0.0
64,25,120,121,14,2,1,13,0,1.7333333333333334,0.5,0.0,0.5
64,26,16,17,14,3,1,1,0,0.75,0.3333333333333333,0.0,0.3333333333333333
64,26,16,17,15,22,20,3,0,2.64,0.9090909090909091,0.0,0.9090909090909091
64,26,24,25,20,1,1,4,0,0.8,1.0,0.0,1.0
64,26,24,25,21,25,21,7,0,5.46875,0.84,0.0,0.84
64,26,32,33,24,4,2,2,0,1.3333333333333333,0.5,0.0,0.5
64,26,32,33,25,6,2,5,2,2.727272727272727,0.3333333333333333,0.4,-0.06666666666666671
64,26,32,33,26,12,5,9,0,5.142857142857143,0.4166666666666667,0.0,0.4166666666666667
64,26,32,33,27,15,9,22,0,8.91891891891892,0.6,0.0,0.6
64,26,40,41,27,3,0,1,0,0.75,0.0,0.0,0.0
64,26,40,41,28,4,2,2,0,1.3333333333333333,0.5,0.0,0.5
64,26,40,41,29,8,3,3,0,2.1818181818181817,0.375,0.0,0.375
64,26,40,41,30,6,1,7,0,3.230769230769231,0.16666666666666666,0.0,0.16666666666666666
64,26,40,41,31,9,5,10,0,4.7368421052631575,0.5555555555555556,0.0,0.5555555555555556
64,26,40,41,32,4,1,17,0,3.238095238095238,0.25,0.0,0.25
64,26,40,41,33,10,5,18,0,6.428571428571429,0.5,0.0,0.5
64,26,48,49,30,1,0,1,0,0.5,0.0,0.0,0.0
64,26,48,49,31,3,2,1,0,0.75,0.6666666666666666,0.0,0.6666666666666666
64,26,48,49,32,3,0,2,0,1.2,0.0,0.0,0.0
64,26,48,49,33,4,1,3,0,1.7142857142857142,0.25,0.0,0.25
64,26,48,49,34,3,1,5,0,1.875,0.3333333333333333,0.0,0.3333333333333333
64,26,48,49,35,6,2,5,0,2.727272727272727,0.3333333333333333,0.0,0.3333333333333333
64,26,48,49,36,7,1,7,0,3.5,0.14285714285714285,0.0,0.14285714285714285
64,26,48,49,37,4,1,11,0,2.933333333333333,0.25,0.0,0.25
64,26,48,49,38,4,0,13,0,3.0588235294117645,0.0,0.0,0.0
64,26,48,49,39,7,2,16,0,4.869565217391305,0.2857142857142857,0.0,0.2857142857142857
64,26,56,57,31,2,0,1,0,0.6666666666666666,0.0,0.0,0.0
64,26,56,57,32,1,1,3,0,0.75,1.0,0.0,1.0
64,26,56,57,33,2,0,4,0,1.3333333333333333,0.0,0.0,0.0
64,26,56,57,34,3,1,5,0,1.875,0.3333333333333333,0.0,0.3333333333333333
64,26,56,57,35,2,0,7,0,1.5555555555555556,0.0,0.0,0.0
64,26,56,57,36,3,0,8,0,2.1818181818181817,0.0,0.0,0.0
64,26,56,57,37,2,0,10,0,1.6666666666666667,0.0,0.0,0.0
64,26,56,57,38,6,2,11,0,3.8823529411764706,0.3333333333333333,0.0,0.3333333333333333
64,26,56,57,39,5,0,15,0,3.75,0.0,0.0,0.0
64,26,56,57,40,3,0,18,0,2.5714285714285716,0.0,0.0,0.0
64,26,56,57,41,1,0,20,0,0.9523809523809523,0.0,0.0,0.0
64,26,56,57,42,1,0,18,0,0.9473684210526315,0.0,0.0,0.0
64,26,56,57,44,1,0,15,0,0.9375,0.0,0.0,0.0
64,26,64,65,24,2,0,1,0,0.6666666666666666,0.0,0.0,0.0
64,26,64,65,25,1,0,2,0,0.6666666666666666,0.0,0.0,0.0
64,26,64,65,26,1,0,3,0,0.75,0.0,0.0,0.0
64,26,64,65,27,1,0,4,0,0.8,0.0,0.0,0.0
64,26,64,65,28,3,0,2,0,1.2,0.0,0.0,0.0
64,26,64,65,29,1,0,2,0,0.6666666666666666,0.0,0.0,0.0
64,26,64,65,30,1,0,1,0,0.5,0.0,0.0,0.0
64,26,64,65,33,2,0,5,0,1.4285714285714286,0.0,0.0,0.0
64,26,64,65,35,2,0,8,0,1.6,0.0,0.0,0.0
64,26,64,65,38,2,2,13,0,1.7333333333333334,1.0,0.0,1.0
64,26,64,65,39,2,0,14,0,1.75,0.0,0.0,0.0
64,26,64,65,40,5,0,14,0,3.6842105263157894,0.0,0.0,0.0
64,26,64,65,41,2,0,16,0,1.7777777777777777,0.0,0.0,0.0
64,26,64,65,42,3,0,15,0,2.5,0.0,0.0,0.0
64,26,64,65,43,1,0,16,0,0.9411764705882353,0.0,0.0,0.0
64,26,64,65,47,1,1,7,0,0.875,1.0,0.0,1.0
64,26,64,65,48,1,0,6,0,0.8571428571428571,0.0,0.0,0.0
64,26,64,65,49,2,2,6,0,1.5,1.0,0.0,1.0
64,26,64,65,50,3,2,9,0,2.25,0.6666666666666666,0.0,0.6666666666666666
64,26,64,65,51,5,1,12,0,3.5294117647058822,0.2,0.0,0.2
64,26,72,73,18,2,0,1,0,0.6666666666666666,0.0,0.0,0.0
64,26,72,73,19,2,1,2,0,1.0,0.5,0.0,0.5
64,26,72,73,20,2,0,4,0,1.3333333333333333,0.0,0.0,0.0
64,26,72,73,22,2,0,6,0,1.5,0.0,0.0,0.0
64,26,72,73,24,1,0,8,0,0.8888888888888888,0.0,0.0,0.0
64,26,72,73,26,1,0,9,0,0.9,0.0,0.0,0.0
64,26,72,73,28,1,0,9,0,0.9,0.0,0.0,0.0
64,26,72,73,30,1,0,7,0,0.875,0.0,0.0,0.0
64,26,72,73,32,1,0,9,0,0.9,0.0,0.0,0.0
64,26,72,73,34,1,0,12,0,0.9230769230769231,0.0,0.0,0.0
64,26,72,73,40,1,0,14,0,0.9333333333333333,0.0,0.0,0.0
64,26,72,73,41,2,0,14,0,1.75,0.0,0.0,0.0
64,26,72,73,42,3,1,14,0,2.4705882352941178,0.3333333333333333,0.0,0.3333333333333333
64,26,72,73,44,2,0,13,0,1.7333333333333334,0.0,0.0,0.0
64,26,72,73,51,1,0,6,0,0.8571428571428571,0.0,0.0,0.0
64,26,72,73,52,1,0,9,0,0.9,0.0,0.0,0.0
64,26,72,73,53,3,0,12,0,2.4,0.0,0.0,0.0
64,26,72,73,54,9,1,17,0,5.884615384615385,0.1111111111111111,0.0,0.1111111111111111
64,26,72,73,56,1,0,32,0,0.9696969696969697,0.0,0.0,0.0
64,26,80,81,12,2,0,4,0,1.3333333333333333,0.0,0.0,0.0
64,26,80,81,13,2,0,6,0,1.5,0.0,0.0,0.0
64,26,80,81,14,2,0,9,0,1.6363636363636365,0.0,0.0,0.0
64,26,80,81,15,4,0,11,0,2.933333333333333,0.0,0.0,0.0
64,26,80,81,16,3,0,13,0,2.4375,0.0,0.0,0.0
64,26,80,81,17,6,1,12,0,4.0,0.16666666666666666,0.0,0.16666666666666666
64,26,80,81,18,3,0,16,0,2.526315789473684,0.0,0.0,0.0
64,26,80,81,19,6,0,15,0,4.285714285714286,0.0,0.0,0.0
64,26,80,81,21,3,1,20,0,2.608695652173913,0.3333333333333333,0.0,0.3333333333333333
64,26,80,81,23,1,0,23,0,0.9583333333333334,0.0,0.0,0.0
64,26,80,81,24,1,0,23,0,0.9583333333333334,0.0,0.0,0.0
64,26,80,81,25,7,0,17,0,4.958333333333333,0.0,0.0,0.0
64,26,80,81,26,5,0,14,0,3.6842105263157894,0.0,0.0,0.0
64,26,80,81,27,5,0,12,0,3.5294117647058822,0.0,0.0,0.0
64,26,80,81,42,1,1,14,0,0.9333333333333333,1.0,0.0,1.0
64,26,80,81,43,1,0,14,0,0.9333333333333333,0.0,0.0,0.0
64,26,80,81,46,1,0,9,0,0.9,0.0,0.0,0.0
64,26,80,81,47,1,0,7,0,0.875,0.0,0.0,0.0
64,26,80,81,49,4,2,6,0,2.4,0.5,0.0,0.5
64,26,80,81,50,1,0,10,0,0.9090909090909091,0.0,0.0,0.0
64,26,80,81,51,3,0,11,0,2.357142857142857,0.0,0.0,0.0
64,26,80,81,52,1,0,17,0,0.9444444444444444,0.0,0.0,0.0
64,26,80,81,54,2,0,25,0,1.8518518518518519,0.0,0.0,0.0
64,26,80,81,60,2,0,12,0,1.7142857142857142,0.0,0.0,0.0
64,26,80,81,62,2,0,12,0,1.7142857142857142,0.0,0.0,0.0
64,26,88,89,4,2,0,1,0,0.6666666666666666,0.0,0.0,0.0
64,26,88,89,5,3,0,2,0,1.2,0.0,0.0,0.0
64,26,88,89,6,2,0,4,0,1.3333333333333333,0.0,0.0,0.0
64,26,88,89,7,1,0,5,0,0.8333333333333334,0.0,0.0,0.0
64,26,88,89,8,3,0,5,0,1.875,0.0,0.0,0.0
64,26,88,89,9,1,0,7,0,0.875,0.0,0.0,0.0
64,26,88,89,11,1,0,10,0,0.9090909090909091,0.0,0.0,0.0
64,26,88,89,12,1,0,10,0,0.9090909090909091,0.0,0.0,0.0
64,26,88,89,13,2,0,12,0,1.7142857142857142,0.0,0.0,0.0
64,26,88,89,14,3,0,13,0,2.4375,0.0,0.0,0.0
64,26,88,89,15,2,0,15,0,1.7647058823529411,0.0,0.0,0.0
64,26,88,89,16,2,0,17,0,1.7894736842105263,0.0,0.0,0.0
64,26,88,89,17,4,0,17,0,3.238095238095238,0.0,0.0,0.0
64,26,88,89,18,2,0,21,0,1.826086956521739,0.0,0.0,0.0
64,26,88,89,19,5,0,20,0,4.0,0.0,0.0,0.0
64,26,88,89,21,3,0,26,0,2.689655172413793,0.0,0.0,0.0
64,26,88,89,22,1,0,28,0,0.9655172413793104,0.0,0.0,0.0
64,26,88,89,23,2,0,28,0,1.8666666666666667,0.0,0.0,0.0
64,26,88,89,24,2,0,29,0,1.8709677419354838,0.0,0.0,0.0
64,26,88,89,25,3,0,29,0,2.71875,0.0,0.0,0.0
64,26,88,89,26,3,0,28,0,2.7096774193548385,0.0,0.0,0.0
64,26,88,89,27,2,0,28,0,1.8666666666666667,0.0,0.0,0.0
64,26,88,89,28,5,0,25,0,4.166666666666667,0.0,0.0,0.0
64,26,88,89,29,5,0,21,0,4.038461538461538,0.0,0.0,0.0
64,26,88,89,30,3,0,17,0,2.55,0.0,0.0,0.0
64,26,88,89,31,3,0,15,0,2.5,0.0,0.0,0.0
64,26,88,89,32,5,0,14,0,3.6842105263157894,0.0,0.0,0.0
64,26,88,89,34,2,0,17,0,1.7894736842105263,0.0,0.0,0.0
64,26,88,89,35,1,0,17,0,0.9444444444444444,0.0,0.0,0.0
64,26,88,89,36,2,0,16,0,1.7777777777777777,0.0,0.0,0.0
64,26,88,89,38,4,0,15,0,3.1578947368421053,0.0,0.0,0.0
64,26,88,89,40,3,0,17,0,2.55,0.0,0.0,0.0
64,26,88,89,41,1,0,18,0,0.9473684210526315,0.0,0.0,0.0
64,26,88,89,42,3,0,15,0,2.5,0.0,0.0,0.0
64,26,88,89,43,2,0,14,0,1.75,0.0,0.0,0.0
64,26,88,89,45,2,0,11,0,1.6923076923076923,0.0,0.0,0.0
64,26,88,89,46,2,0,9,0,1.6363636363636365,0.0,0.0,0.0
64,26,88,89,47,2,0,8,0,1.6,0.0,0.0,0.0
64,26,88,89,48,2,0,7,0,1.5555555555555556,0.0,0.0,0.0
64,26,88,89,49,4,1,7,0,2.5454545454545454,0.25,0.0,0.25
64,26,88,89,51,1,0,14,0,0.9333333333333333,0.0,0.0,0.0
64,26,88,89,52,1,0,18,0,0.9473684210526315,0.0,0.0,0.0
64,26,88,89,53,2,0,21,0,1.826086956521739,0.0,0.0,0.0
64,26,96,97,1,2,0,1,0,0.6666666666666666,0.0,0.0,0.0
64,26,96,97,2,2,0,4,0,1.3333333333333333,0.0,0.0,0.0
64,26,96,97,3,4,1,6,0,2.4,0.25,0.0,0.25
64,26,96,97,4,2,0,10,0,1.6666666666666667,0.0,0.0,0.0
64,26,96,97,5,1,0,12,0,0.9230769230769231,0.0,0.0,0.0
64,26,96,97,6,1,0,13,0,0.9285714285714286,0.0,0.0,0.0
64,26,96,97,9,3,0,14,0,2.4705882352941178,0.0,0.0,0.0
64,26,96,97,10,3,0,14,0,2.4705882352941178,0.0,0.0,0.0
64,26,96,97,11,1,0,15,0,0.9375,0.0,0.0,0.0
64,26,96,97,12,1,0,16,0,0.9411764705882353,0.0,0.0,0.0
64,26,96,97,13,2,0,18,0,1.8,0.0,0.0,0.0
64,26,96,97,14,1,0,20,0,0.9523809523809523,0.0,0.0,0.0
64,26,96,97,15,2,0,21,0,1.826086956521739,0.0,0.0,0.0
64,26,96,97,16,1,0,23,0,0.9583333333333334,0.0,0.0,0.0
64,26,96,97,17,4,0,22,0,3.3846153846153846,0.0,0.0,0.0
64,26,96,97,18,1,0,26,0,0.9629629629629629,0.0,0.0,0.0
64,26,96,97,19,3,0,24,0,2.6666666666666665,0.0,0.0,0.0
64,26,96,97,20,2,0,26,0,1.8571428571428572,0.0,0.0,0.0
64,26,96,97,21,2,0,27,0,1.8620689655172413,0.0,0.0,0.0
64,26,96,97,23,2,0,30,0,1.875,0.0,0.0,0.0
64,26,96,97,24,2,0,32,0,1.8823529411764706,0.0,0.0,0.0
64,26,96,97,25,2,1,34,0,1.8888888888888888,0.5,0.0,0.5
64,26,96,97,26,2,0,34,0,1.8888888888888888,0.0,0.0,0.0
64,26,96,97,27,2,0,35,0,1.8918918918918919,0.0,0.0,0.0
64,26,96,97,28,2,0,34,0,1.8888888888888888,0.0,0.0,0.0
64,26,96,97,29,1,0,30,0,0.967741935483871,0.0,0.0,0.0
64,26,96,97,30,2,0,24,0,1.8461538461538463,0.0,0.0,0.0
64,26,96,97,31,2,0,22,0,1.8333333333333333,0.0,0.0,0.0
64,26,96,97,32,2,0,22,0,1.8333333333333333,0.0,0.0,0.0
64,26,96,97,33,3,0,22,0,2.64,0.0,0.0,0.0
64,26,96,97,35,2,1,23,0,1.84,0.5,0.0,0.5
64,26,96,97,36,1,0,24,0,0.96,0.0,0.0,0.0
64,26,96,97,45,3,1,12,0,2.4,0.3333333333333333,0.0,0.3333333333333333
64,26,96,97,46,1,0,10,0,0.9090909090909091,0.0,0.0,0.0
64,26,96,97,47,4,1,8,0,2.6666666666666665,0.25,0.0,0.25
64,26,96,97,48,1,0,9,0,0.9,0.0,0.0,0.0
64,26,96,97,49,3,0,8,0,2.1818181818181817,0.0,0.0,0.0
64,26,96,97,51,2,0,14,0,1.75,0.0,0.0,0.0
64,26,96,97,52,2,0,18,0,1.8,0.0,0.0,0.0
64,26,104,105,1,2,0,1,0,0.6666666666666666,0.0,0.0,0.0
64,26,104,105,2,2,0,4,0,1.3333333333333333,0.0,0.0,0.0
64,26,104,105,3,4,0,6,0,2.4,0.0,0.0,0.0
64,26,104,105,4,1,0,11,0,0.9166666666666666,0.0,0.0,0.0
64,26,104,105,5,2,0,12,0,1.7142857142857142,0.0,0.0,0.0
64,26,104,105,14,2,0,22,0,1.8333333333333333,0.0,0.0,0.0
64,26,104,105,16,2,0,23,0,1.84,0.0,0.0,0.0
64,26,104,105,18,2,0,26,0,1.8571428571428572,0.0,0.0,0.0
64,26,104,105,19,1,0,26,0,0.9629629629629629,0.0,0.0,0.0
64,26,104,105,20,2,0,27,0,1.8620689655172413,0.0,0.0,0.0
64,26,104,105,21,3,1,28,0,2.7096774193548385,0.3333333333333333,0.0,0.3333333333333333
64,26,104,105,23,3,1,31,0,2.735294117647059,0.3333333333333333,0.0,0.3333333333333333
64,26,104,105,24,1,0,34,0,0.9714285714285714,0.0,0.0,0.0
64,26,104,105,25,2,0,35,0,1.8918918918918919,0.0,0.0,0.0
64,26,104,105,27,2,0,35,0,1.8918918918918919,0.0,0.0,0.0
64,26,104,105,28,1,0,35,0,0.9722222222222222,0.0,0.0,0.0
64,26,104,105,29,3,0,30,0,2.727272727272727,0.0,0.0,0.0
64,26,104,105,30,1,0,27,0,0.9642857142857143,0.0,0.0,0.0
64,26,104,105,31,3,0,25,0,2.6785714285714284,0.0,0.0,0.0
64,26,104,105,32,2,0,27,0,1.8620689655172413,0.0,0.0,0.0
64,26,104,105,33,2,1,26,0,1.8571428571428572,0.5,0.0,0.5
64,26,104,105,35,2,0,24,0,1.8461538461538463,0.0,0.0,0.0
64,26,104,105,45,2,0,13,0,1.7333333333333334,0.0,0.0,0.0
64,26,104,105,46,2,0,11,0,1.6923076923076923,0.0,0.0,0.0
64,26,104,105,47,1,0,11,0,0.9166666666666666,0.0,0.0,0.0
64,26,104,105,48,1,0,11,0,0.9166666666666666,0.0,0.0,0.0
64,26,104,105,49,1,0,11,0,0.9166666666666666,0.0,0.0,0.0
64,26,104,105,50,1,0,14,0,0.9333333333333333,0.0,0.0,0.0
64,26,104,105,51,2,0,15,0,1.7647058823529411,0.0,0.0,0.0
64,26,112,113,1,2,0,1,0,0.6666666666666666,0.0,0.0,0.0
64,26,112,113,2,2,0,4,0,1.3333333333333333,0.0,0.0,0.0
64,26,112,113,3,4,0,6,0,2.4,0.0,0.0,0.0
64,26,112,113,4,1,0,11,0,0.9166666666666666,0.0,0.0,0.0
64,26,112,113,5,2,0,12,0,1.7142857142857142,0.0,0.0,0.0
64,26,112,113,21,2,0,30,0,1.875,0.0,0.0,0.0
64,26,112,113,23,2,0,33,0,1.8857142857142857,0.0,0.0,0.0
64,26,112,113,47,2,1,12,0,1.7142857142857142,0.5,0.0,0.5
64,26,112,113,49,2,0,12,0,1.7142857142857142,0.0,0.0,0.0
64,26,120,121,1,1,0,2,0,0.6666666666666666,0.0,0.0,0.0
64,26,120,121,2,3,0,4,0,1.7142857142857142,0.0,0.0,0.0
64,26,120,121,3,2,0,8,0,1.6,0.0,0.0,0.0
64,26,120,121,4,1,0,11,0,0.9166666666666666,0.0,0.0,0.0
64,26,120,121,5,2,0,12,0,1.7142857142857142,0.0,0.0,0.0
64,26,128,129,1,2,0,2,0,1.0,0.0,0.0,0.0
64,26,128,129,2,1,0,6,0,0.8571428571428571,0.0,0.0,0.0
64,26,128,129,3,1,0,9,0,0.9,0.0,0.0,0.0
64,26,128,129,4,2,0,11,0,1.6923076923076923,0.0,0.0,0.0
64,27,24,25,20,3,3,1,0,0.75,1.0,0.0,1.0
64,27,24,25,21,6,4,4,0,2.4,0.6666666666666666,0.0,0.6666666666666666
64,27,32,33,25,2,1,1,0,0.6666666666666666,0.5,0.0,0.5
64,27,32,33,26,3,2,3,0,1.5,0.6666666666666666,0.0,0.6666666666666666
64,27,32,33,27,5,4,6,0,2.727272727272727,0.8,0.0,0.8
64,27,40,41,31,2,1,2,0,1.0,0.5,0.0,0.5
64,27,40,41,32,2,1,3,0,1.2,0.5,0.0,0.5
64,27,40,41,33,11,9,3,1,2.357142857142857,0.8181818181818182,0.3333333333333333,0.4848484848484849
64,27,48,49,21,1,0,2,0,0.6666666666666666,0.0,0.0,0.0
64,27,48,49,22,1,0,3,0,0.75,0.0,0.0,0.0
64,27,48,49,23,1,0,4,0,0.8,0.0,0.0,0.0
64,27,48,49,24,1,0,5,0,0.8333333333333334,0.0,0.0,0.0
64,27,48,49,25,1,0,6,0,0.8571428571428571,0.0,0.0,0.0
64,27,48,49,27,1,0,7,0,0.875,0.0,0.0,0.0
64,27,48,49,29,2,0,7,0,1.5555555555555556,0.0,0.0,0.0
64,27,48,49,31,1,0,8,0,0.8888888888888888,0.0,0.0,0.0
64,27,48,49,32,1,0,7,0,0.875,0.0,0.0,0.0
64,27,48,49,33,3,0,4,0,1.7142857142857142,0.0,0.0,0.0
64,27,48,49,34,2,0,2,0,1.0,0.0,0.0,0.0
64,27,48,49,38,8,0,3,0,2.1818181818181817,0.0,0.0,0.0
64,27,48,49,39,9,6,10,0,4.7368421052631575,0.6666666666666666,0.0,0.6666666666666666
64,27,56,57,10,2,0,2,0,1.0,0.0,0.0,0.0
64,27,56,57,11,2,0,3,0,1.2,0.0,0.0,0.0
64,27,56,57,12,2,0,3,0,1.2,0.0,0.0,0.0
64,27,56,57,13,1,0,2,0,0.6666666666666666,0.0,0.0,0.0
64,27,56,57,29,1,0,12,0,0.9230769230769231,0.0,0.0,0.0
64,27,56,57,30,1,0,12,0,0.9230769230769231,0.0,0.0,0.0
64,27,56,57,31,1,0,12,0,0.9230769230769231,0.0,0.0,0.0
64,27,56,57,33,2,0,11,0,1.6923076923076923,0.0,0.0,0.0
64,27,56,57,35,1,0,11,0,0.9166666666666666,0.0,0.0,0.0
64,27,56,57,38,2,0,6,0,1.5,0.0,0.0,0.0
64,27,56,57,40,3,0,3,0,1.5,0.0,0.0,0.0
64,27,56,57,41,1,1,4,0,0.8,1.0,0.0,1.0
64,27,56,57,42,1,0,4,0,0.8,0.0,0.0,0.0
64,27,56,57,43,5,5,4,0,2.2222222222222223,1.0,0.0,1.0
64,27,56,57,44,2,0,8,0,1.6,0.0,0.0,0.0
64,27,56,57,45,13,11,8,0,4.9523809523809526,0.8461538461538461,0.0,0.8461538461538461
64,27,56,57,46,4,2,21,0,3.36,0.5,0.0,0.5
64,27,56,57,47,2,1,26,0,1.8571428571428572,0.5,0.0,0.5
64,27,64,65,2,2,0,3,0,1.2,0.0,0.0,0.0
64,27,64,65,4,2,0,5,0,1.4285714285714286,0.0,0.0,0.0
64,27,64,65,6,1,0,7,0,0.875,0.0,0.0,0.0
64,27,64,65,8,1,0,8,0,0.8888888888888888,0.0,0.0,0.0
64,27,64,65,10,1,0,9,0,0.9,0.0,0.0,0.0
64,27,64,65,11,1,0,9,0,0.9,0.0,0.0,0.0
64,27,64,65,12,1,0,9,0,0.9,0.0,0.0,0.0
64,27,64,65,13,1,0,9,0,0.9,0.0,0.0,0.0
64,27,64,65,14,2,0,8,0,1.6,0.0,0.0,0.0
64,27,64,65,16,1,0,6,0,0.8571428571428571,0.0,0.0,0.0
64,27,64,65,18,1,0,4,0,0.8,0.0,0.0,0.0
64,27,64,65,19,1,0,5,0,0.8333333333333334,0.0,0.0,0.0
64,27,64,65,20,2,0,4,0,1.3333333333333333,0.0,0.0,0.0
64,27,64,65,35,1,0,12,0,0.9230769230769231,0.0,0.0,0.0
64,27,64,65,36,1,0,11,0,0.9166666666666666,0.0,0.0,0.0
64,27,64,65,37,3,0,10,0,2.3076923076923075,0.0,0.0,0.0
64,27,64,65,39,4,0,8,0,2.6666666666666665,0.0,0.0,0.0
64,27,64,65,40,2,0,7,0,1.5555555555555556,0.0,0.0,0.0
64,27,64,65,41,3,0,5,0,1.875,0.0,0.0,0.0
64,27,64,65,42,1,0,4,0,0.8,0.0,0.0,0.0
64,27,64,65,43,1,0,3,0,0.75,0.0,0.0,0.0
64,27,64,65,50,5,3,1,0,0.8333333333333334,0.6,0.0,0.6
64,27,64,65,51,12,8,3,0,2.4,0.6666666666666666,0.0,0.6666666666666666
64,27,64,65,52,5,0,12,1,3.5294117647058822,0.0,0.08333333333333333,-0.08333333333333333
64,27,64,65,53,10,5,14,0,5.833333333333333,0.5,0.0,0.5
64,27,72,73,7,1,0,10,0,0.9090909090909091,0.0,0.0,0.0
64,27,72,73,8,1,0,10,0,0.9090909090909091,0.0,0.0,0.0
64,27,72,73,9,1,0,10,0,0.9090909090909091,0.0,0.0,0.0
64,27,72,73,11,1,0,11,0,0.9166666666666666,0.0,0.0,0.0
64,27,72,73,13,1,0,12,0,0.9230769230769231,0.0,0.0,0.0
64,27,72,73,14,1,0,13,0,0.9285714285714286,0.0,0.0,0.0
64,27,72,73,15,2,1,12,0,1.7142857142857142,0.5,0.0,0.5
64,27,72,73,39,1,0,18,0,0.9473684210526315,0.0,0.0,0.0
64,27,72,73,41,2,0,18,0,1.8,0.0,0.0,0.0
64,27,72,73,43,4,0,16,0,3.2,0.0,0.0,0.0
64,27,72,73,44,3,0,14,0,2.4705882352941178,0.0,0.0,0.0
64,27,72,73,46,1,0,13,0,0.9285714285714286,0.0,0.0,0.0
64,27,72,73,47,1,0,13,0,0.9285714285714286,0.0,0.0,0.0
64,27,72,73,49,7,0,8,0,3.7333333333333334,0.0,0.0,0.0
64,27,72,73,50,2,0,8,0,1.6,0.0,0.0,0.0
64,27,72,73,54,8,3,2,0,1.6,0.375,0.0,0.375
64,27,72,73,55,5,1,5,0,2.5,0.2,0.0,0.2
64,27,72,73,56,4,1,7,0,2.5454545454545454,0.25,0.0,0.25
64,27,72,73,57,3,1,10,0,2.3076923076923075,0.3333333333333333,0.0,0.3333333333333333
64,27,72,73,58,3,2,12,0,2.4,0.6666666666666666,0.0,0.6666666666666666
64,27,72,73,59,10,9,14,0,5.833333333333333,0.9,0.0,0.9
64,27,80,81,9,2,1,11,0,1.6923076923076923,0.5,0.0,0.5
64,27,80,81,10,1,0,11,0,0.9166666666666666,0.0,0.0,0.0
64,27,80,81,11,1,0,12,0,0.9230769230769231,0.0,0.0,0.0
64,27,80,81,12,2,0,12,0,1.7142857142857142,0.0,0.0,0.0
64,27,80,81,13,2,0,12,0,1.7142857142857142,0.0,0.0,0.0
64,27,80,81,14,1,0,13,0,0.9285714285714286,0.0,0.0,0.0
64,27,80,81,15,2,0,12,0,1.7142857142857142,0.0,0.0,0.0
64,27,80,81,47,1,0,27,0,0.9642857142857143,0.0,0.0,0.0
64,27,80,81,48,2,0,26,0,1.8571428571428572,0.0,0.0,0.0
64,27,80,81,49,2,0,25,0,1.8518518518518519,0.0,0.0,0.0
64,27,80,81,50,1,0,24,0,0.96,0.0,0.0,0.0
64,27,80,81,51,9,0,13,0,5.318181818181818,0.0,0.0,0.0
64,27,80,81,53,2,0,11,0,1.6923076923076923,0.0,0.0,0.0
64,27,80,81,54,2,2,12,0,1.7142857142857142,1.0,0.0,1.0
64,27,80,81,55,4,0,12,0,3.0,0.0,0.0,0.0
64,27,80,81,56,4,0,13,0,3.0588235294117645,0.0,0.0,0.0
64,27,80,81,57,5,0,13,0,3.611111111111111,0.0,0.0,0.0
64,27,80,81,58,3,0,14,0,2.4705882352941178,0.0,0.0,0.0
64,27,80,81,59,6,0,11,0,3.8823529411764706,0.0,0.0,0.0
64,27,80,81,60,2,0,11,0,1.6923076923076923,0.0,0.0,0.0
64,27,80,81,61,4,1,9,0,2.769230769230769,0.25,0.0,0.25
64,27,80,81,63,4,1,11,0,2.933333333333333,0.25,0.0,0.25
64,27,80,81,64,1,0,15,0,0.9375,0.0,0.0,0.0
64,27,80,81,65,8,4,15,0,5.217391304347826,0.5,0.0,0.5
64,27,80,81,66,9,2,20,1,6.206896551724138,0.2222222222222222,0.05,0.17222222222222222
64,27,80,81,67,9,5,28,1,6.8108108108108105,0.5555555555555556,0.03571428571428571,0.5198412698412699
64,27,88,89,9,2,0,11,0,1.6923076923076923,0.0,0.0,0.0
64,27,88,89,10,1,0,12,0,0.9230769230769231,0.0,0.0,0.0
64,27,88,89,11,1,0,13,0,0.9285714285714286,0.0,0.0,0.0
64,27,88,89,12,1,0,13,0,0.9285714285714286,0.0,0.0,0.0
64,27,88,89,13,2,0,13,0,1.7333333333333334,0.0,0.0,0.0
64,27,88,89,54,4,0,20,0,3.3333333333333335,0.0,0.0,0.0
64,27,88,89,55,1,0,21,0,0.9545454545454546,0.0,0.0,0.0
64,27,88,89,56,4,0,18,0,3.272727272727273,0.0,0.0,0.0
64,27,88,89,57,2,0,20,0,1.8181818181818181,0.0,0.0,0.0
64,27,88,89,58,2,1,21,1,1.826086956521739,0.5,0.047619047619047616,0.4523809523809524
64,27,88,89,61,1,0,22,0,0.9565217391304348,0.0,0.0,0.0
64,27,88,89,62,3,0,20,0,2.608695652173913,0.0,0.0,0.0
64,27,88,89,63,3,0,19,0,2.590909090909091,0.0,0.0,0.0
64,27,88,89,64,3,0,19,0,2.590909090909091,0.0,0.0,0.0
64,27,88,89,65,7,0,17,0,4.958333333333333,0.0,0.0,0.0
64,27,88,89,66,2,0,15,0,1.7647058823529411,0.0,0.0,0.0
64,27,88,89,67,3,1,13,0,2.4375,0.3333333333333333,0.0,0.3333333333333333
64,27,88,89,68,4,0,13,0,3.0588235294117645,0.0,0.0,0.0
64,27,88,89,69,4,3,17,0,3.238095238095238,0.75,0.0,0.75
64,27,88,89,70,5,2,18,0,3.9130434782608696,0.4,0.0,0.4
64,27,88,89,71,4,3,20,1,3.3333333333333335,0.75,0.05,0.7
64,27,88,89,72,6,3,20,0,4.615384615384615,0.5,0.0,0.5
64,27,88,89,73,7,3,23,1,5.366666666666666,0.42857142857142855,0.043478260869565216,0.3850931677018633
64,27,88,89,74,1,0,27,0,0.9642857142857143,0.0,0.0,0.0
64,27,96,97,55,1,0,23,0,0.9583333333333334,0.0,0.0,0.0
64,27,96,97,56,4,1,18,2,3.272727272727273,0.25,0.1111111111111111,0.1388888888888889
64,27,96,97,58,4,0,17,0,3.238095238095238,0.0,0.0,0.0
64,27,96,97,59,1,0,20,0,0.9523809523809523,0.0,0.0,0.0
64,27,96,97,60,3,0,20,0,2.608695652173913,0.0,0.0,0.0
64,27,96,97,61,5,2,19,0,3.9583333333333335,0.4,0.0,0.4
64,27,96,97,62,3,0,21,0,2.625,0.0,0.0,0.0
64,27,96,97,63,6,1,18,0,4.5,0.16666666666666666,0.0,0.16666666666666666
64,27,96,97,64,4,0,19,0,3.3043478260869565,0.0,0.0,0.0
64,27,96,97,65,6,2,18,1,4.5,0.3333333333333333,0.05555555555555555,0.2777777777777778
64,27,96,97,66,1,0,19,2,0.95,0.0,0.10526315789473684,-0.10526315789473684
64,27,96,97,67,5,3,15,0,3.75,0.6,0.0,0.6
64,27,96,97,68,2,1,15,0,1.7647058823529411,0.5,0.0,0.5
64,27,96,97,69,4,3,14,0,3.111111111111111,0.75,0.0,0.75
64,27,96,97,70,4,0,15,0,3.1578947368421053,0.0,0.0,0.0
64,27,96,97,71,1,1,17,0,0.9444444444444444,1.0,0.0,1.0
64,27,96,97,72,1,0,16,0,0.9411764705882353,0.0,0.0,0.0
64,27,96,97,76,3,0,15,0,2.5,0.0,0.0,0.0
64,27,96,97,78,2,0,19,0,1.8095238095238095,0.0,0.0,0.0
64,27,104,105,55,2,0,22,0,1.8333333333333333,0.0,0.0,0.0
64,27,104,105,56,5,1,17,0,3.8636363636363638,0.2,0.0,0.2
64,27,104,105,57,2,0,16,0,1.7777777777777777,0.0,0.0,0.0
64,27,104,105,58,4,1,17,0,3.238095238095238,0.25,0.0,0.25
64,27,104,105,59,3,0,19,0,2.590909090909091,0.0,0.0,0.0
64,27,104,105,60,1,0,23,0,0.9583333333333334,0.0,0.0,0.0
64,27,104,105,62,1,0,27,0,0.9642857142857143,0.0,0.0,0.0
64,27,104,105,63,1,0,28,0,0.9655172413793104,0.0,0.0,0.0
64,27,104,105,64,1,0,29,0,0.9666666666666667,0.0,0.0,0.0
64,27,104,105,65,1,0,30,0,0.967741935483871,0.0,0.0,0.0
64,27,104,105,66,2,0,28,0,1.8666666666666667,0.0,0.0,0.0
64,27,104,105,67,1,0,27,0,0.9642857142857143,0.0,0.0,0.0
64,27,104,105,68,4,0,23,0,3.4074074074074074,0.0,0.0,0.0
64,27,104,105,69,2,0,22,0,1.8333333333333333,0.0,0.0,0.0
64,27,104,105,70,3,0,19,0,2.590909090909091,0.0,0.0,0.0
64,27,104,105,71,7,0,15,0,4.7727272727272725,0.0,0.0,0.0
64,27,104,105,72,11,0,7,0,4.277777777777778,0.0,0.0,0.0
64,27,104,105,73,5,0,6,0,2.727272727272727,0.0,0.0,0.0
64,27,104,105,75,5,5,7,0,2.9166666666666665,1.0,0.0,1.0
64,27,104,105,76,3,1,11,0,2.357142857142857,0.3333333333333333,0.0,0.3333333333333333
64,27,104,105,77,5,3,14,0,3.6842105263157894,0.6,0.0,0.6
64,27,104,105,78,1,0,18,0,0.9473684210526315,0.0,0.0,0.0
64,27,112,113,56,4,0,19,0,3.3043478260869565,0.0,0.0,0.0
64,27,112,113,57,2,0,18,0,1.8,0.0,0.0,0.0
64,27,112,113,59,4,0,19,0,3.3043478260869565,0.0,0.0,0.0
64,27,112,113,60,4,1,22,0,3.3846153846153846,0.25,0.0,0.25
64,27,112,113,61,1,0,25,0,0.9615384615384616,0.0,0.0,0.0
64,27,112,113,62,1,1,29,0,0.9666666666666667,1.0,0.0,1.0
64,27,112,113,63,1,0,32,0,0.9696969696969697,0.0,0.0,0.0
64,27,112,113,66,2,0,35,0,1.8918918918918919,0.0,0.0,0.0
64,27,112,113,67,1,0,35,0,0.9722222222222222,0.0,0.0,0.0
64,27,112,113,68,1,0,33,0,0.9705882352941176,0.0,0.0,0.0
64,27,112,113,69,1,0,32,0,0.9696969696969697,0.0,0.0,0.0
64,27,112,113,70,1,0,30,0,0.967741935483871,0.0,0.0,0.0
64,27,112,113,72,1,0,28,0,0.9655172413793104,0.0,0.0,0.0
64,27,112,113,74,4,0,22,0,3.3846153846153846,0.0,0.0,0.0
64,27,112,113,75,4,0,18,0,3.272727272727273,0.0,0.0,0.0
64,27,112,113,76,2,0,15,0,1.7647058823529411,0.0,0.0,0.0
64,27,120,121,57,3,0,20,0,2.608695652173913,0.0,0.0,0.0
64,27,120,121,58,2,0,20,0,1.8181818181818181,0.0,0.0,0.0
64,27,120,121,60,2,0,22,0,1.8333333333333333,0.0,0.0,0.0
64,27,120,121,61,2,0,25,0,1.8518518518518519,0.0,0.0,0.0
64,27,120,121,62,2,0,29,0,1.8709677419354838,0.0,0.0,0.0
64,27,120,121,80,3,0,18,0,2.5714285714285716,0.0,0.0,0.0
64,27,120,121,81,1,0,18,0,0.9473684210526315,0.0,0.0,0.0
64,27,128,129,58,2,0,22,0,1.8333333333333333,0.0,0.0,0.0
64,27,128,129,59,2,0,21,0,1.826086956521739,0.0,0.0,0.0
64,27,128,129,61,2,0,25,0,1.8518518518518519,0.0,0.0,0.0
64,27,128,129,62,2,0,29,0,1.8709677419354838,0.0,0.0,0.0
64,28,8,9,9,24,23,1,0,0.96,0.9583333333333334,0.0,0.9583333333333334
64,28,16,17,14,1,0,1,0,0.5,0.0,0.0,0.0
64,28,16,17,15,30,30,1,0,0.967741935483871,1.0,0.0,1.0
64,28,24,25,21,27,23,3,0,2.7,0.8518518518518519,0.0,0.8518518518518519
64,28,32,33,25,5,1,1,0,0.8333333333333334,0.2,0.0,0.2
64,28,32,33,26,5,1,3,0,1.875,0.2,0.0,0.2
64,28,32,33,27,7,6,6,1,3.230769230769231,0.8571428571428571,0.16666666666666666,0.6904761904761905
64,28,40,41,30,2,1,1,0,0.6666666666666666,0.5,0.0,0.5
64,28,40,41,31,2,0,2,0,1.0,0.0,0.0,0.0
64,28,40,41,32,3,1,3,0,1.5,0.3333333333333333,0.0,0.3333333333333333
64,28,40,41,33,10,5,7,0,4.117647058823529,0.5,0.0,0.5
64,28,48,49,38,2,0,7,0,1.5555555555555556,0.0,0.0,0.0
64,28,48,49,39,29,25,9,0,6.868421052631579,0.8620689655172413,0.0,0.8620689655172413
64,28,48,49,40,4,1,38,0,3.619047619047619,0.25,0.0,0.25
64,28,56,57,37,6,0,6,0,3.0,0.0,0.0,0.0
64,28,56,57,38,5,0,8,0,3.076923076923077,0.0,0.0,0.0
64,28,56,57,39,4,0,10,0,2.857142857142857,0.0,0.0,0.0
64,28,56,57,40,1,0,13,0,0.9285714285714286,0.0,0.0,0.0
64,28,56,57,41,6,2,12,0,4.0,0.3333333333333333,0.0,0.3333333333333333
64,28,56,57,42,2,2,16,0,1.7777777777777777,1.0,0.0,1.0
64,28,56,57,43,8,3,15,0,5.217391304347826,0.375,0.0,0.375
64,28,56,57,44,4,3,21,0,3.36,0.75,0.0,0.75
64,28,56,57,45,11,6,23,0,7.4411764705882355,0.5454545454545454,0.0,0.5454545454545454
64,28,56,57,46,11,5,30,0,8.048780487804878,0.45454545454545453,0.0,0.45454545454545453
64,28,64,65,31,2,0,1,0,0.6666666666666666,0.0,0.0,0.0
64,28,64,65,32,3,0,5,0,1.875,0.0,0.0,0.0
64,28,64,65,33,2,0,10,0,1.6666666666666667,0.0,0.0,0.0
64,28,64,65,35,1,0,16,0,0.9411764705882353,0.0,0.0,0.0
64,28,64,65,36,1,0,18,0,0.9473684210526315,0.0,0.0,0.0
64,28,64,65,38,1,0,21,0,0.9545454545454546,0.0,0.0,0.0
64,28,64,65,39,3,0,21,0,2.625,0.0,0.0,0.0
64,28,64,65,40,1,0,22,0,0.9565217391304348,0.0,0.0,0.0
64,28,64,65,41,5,0,20,0,4.0,0.0,0.0,0.0
64,28,64,65,42,1,0,21,0,0.9545454545454546,0.0,0.0,0.0
64,28,64,65,43,5,0,17,0,3.8636363636363638,0.0,0.0,0.0
64,28,64,65,44,3,0,16,0,2.526315789473684,0.0,0.0,0.0
64,28,64,65,45,3,1,14,0,2.4705882352941178,0.3333333333333333,0.0,0.3333333333333333
64,28,64,65,46,2,1,15,0,1.7647058823529411,0.5,0.0,0.5
64,28,64,65,47,2,1,15,0,1.7647058823529411,0.5,0.0,0.5
64,28,64,65,48,3,1,15,0,2.5,0.3333333333333333,0.0,0.3333333333333333
64,28,64,65,49,4,1,15,0,3.1578947368421053,0.25,0.0,0.25
64,28,64,65,50,6,3,15,0,4.285714285714286,0.5,0.0,0.5
64,28,64,65,51,9,6,17,0,5.884615384615385,0.6666666666666666,0.0,0.6666666666666666
64,28,64,65,52,6,1,22,0,4.714285714285714,0.16666666666666666,0.0,0.16666666666666666
64,28,64,65,53,13,9,23,1,8.305555555555555,0.6923076923076923,0.043478260869565216,0.6488294314381271
64,28,72,73,13,1,0,2,0,0.6666666666666666,0.0,0.0,0.0
64,28,72,73,14,2,0,2,0,1.0,0.0,0.0,0.0
64,28,72,73,16,2,0,2,0,1.0,0.0,0.0,0.0
64,28,72,73,17,1,0,3,0,0.75,0.0,0.0,0.0
64,28,72,73,18,2,0,1,0,0.6666666666666666,0.0,0.0,0.0
64,28,72,73,23,1,0,2,0,0.6666666666666666,0.0,0.0,0.0
64,28,72,73,24,3,0,1,0,0.75,0.0,0.0,0.0
64,28,72,73,30,1,0,4,0,0.8,0.0,0.0,0.0
64,28,72,73,37,2,0,21,0,1.826086956521739,0.0,0.0,0.0
64,28,72,73,38,2,0,22,0,1.8333333333333333,0.0,0.0,0.0
64,28,72,73,39,1,0,25,0,0.9615384615384616,0.0,0.0,0.0
64,28,72,73,40,1,0,26,0,0.9629629629629629,0.0,0.0,0.0
64,28,72,73,41,1,0,30,0,0.967741935483871,0.0,0.0,0.0
64,28,72,73,42,2,0,32,0,1.8823529411764706,0.0,0.0,0.0
64,28,72,73,44,1,0,32,0,0.9696969696969697,0.0,0.0,0.0
64,28,72,73,45,3,0,28,0,2.7096774193548385,0.0,0.0,0.0
64,28,72,73,46,1,0,26,0,0.9629629629629629,0.0,0.0,0.0
64,28,72,73,47,4,0,22,0,3.3846153846153846,0.0,0.0,0.0
64,28,72,73,48,3,0,19,0,2.590909090909091,0.0,0.0,0.0
64,28,72,73,49,6,0,14,0,4.2,0.0,0.0,0.0
64,28,72,73,50,6,2,10,0,3.75,0.3333333333333333,0.0,0.3333333333333333
64,28,72,73,51,3,0,9,0,2.25,0.0,0.0,0.0
64,28,72,73,52,1,0,10,0,0.9090909090909091,0.0,0.0,0.0
64,28,72,73,53,3,1,9,0,2.25,0.3333333333333333,0.0,0.3333333333333333
64,28,72,73,54,2,0,10,1,1.6666666666666667,0.0,0.1,-0.1
64,28,72,73,55,5,2,9,0,3.2142857142857144,0.4,0.0,0.4
64,28,72,73,56,6,1,9,0,3.6,0.16666666666666666,0.0,0.16666666666666666
64,28,72,73,57,10,5,10,0,5.0,0.5,0.0,0.5
64,28,72,73,58,10,2,15,0,6.0,0.2,0.0,0.2
64,28,72,73,59,17,15,20,0,9.18918918918919,0.8823529411764706,0.0,0.8823529411764706
64,28,72,73,60,13,9,34,0,9.404255319148936,0.6923076923076923,0.0,0.6923076923076923
64,28,80,81,4,1,0,12,0,0.9230769230769231,0.0,0.0,0.0
64,28,80,81,5,4,0,10,0,2.857142857142857,0.0,0.0,0.0
64,28,80,81,6,2,0,9,0,1.6363636363636365,0.0,0.0,0.0
64,28,80,81,8,1,0,10,0,0.9090909090909091,0.0,0.0,0.0
64,28,80,81,9,1,0,11,0,0.9166666666666666,0.0,0.0,0.0
64,28,80,81,10,2,0,12,0,1.7142857142857142,0.0,0.0,0.0
64,28,80,81,11,4,0,11,0,2.933333333333333,0.0,0.0,0.0
64,28,80,81,12,5,0,9,0,3.2142857142857144,0.0,0.0,0.0
64,28,80,81,13,1,0,11,0,0.9166666666666666,0.0,0.0,0.0
64,28,80,81,14,5,0,11,0,3.4375,0.0,0.0,0.0
64,28,80,81,15,1,0,15,0,0.9375,0.0,0.0,0.0
64,28,80,81,16,3,0,15,0,2.5,0.0,0.0,0.0
64,28,80,81,17,3,0,17,0,2.55,0.0,0.0,0.0
64,28,80,81,18,2,0,18,0,1.8,0.0,0.0,0.0
64,28,80,81,19,2,0,17,0,1.7894736842105263,0.0,0.0,0.0
64,28,80,81,20,2,0,16,0,1.7777777777777777,0.0,0.0,0.0
64,28,80,81,21,2,0,15,0,1.7647058823529411,0.0,0.0,0.0
64,28,80,81,22,3,0,12,0,2.4,0.0,0.0,0.0
64,28,80,81,23,3,0,10,0,2.3076923076923075,0.0,0.0,0.0
64,28,80,81,24,3,0,7,0,2.1,0.0,0.0,0.0
64,28,80,81,25,3,0,6,0,2.0,0.0,0.0,0.0
64,28,80,81,26,4,0,4,0,2.0,0.0,0.0,0.0
64,28,80,81,27,4,0,3,0,1.7142857142857142,0.0,0.0,0.0
64,28,80,81,28,2,0,2,0,1.0,0.0,0.0,0.0
64,28,80,81,29,1,0,4,0,0.8,0.0,0.0,0.0
64,28,80,81,30,1,0,5,0,0.8333333333333334,0.0,0.0,0.0
64,28,80,81,49,2,0,25,0,1.8518518518518519,0.0,0.0,0.0
64,28,80,81,50,5,0,21,0,4.038461538461538,0.0,0.0,0.0
64,28,80,81,51,4,0,19,0,3.3043478260869565,0.0,0.0,0.0
64,28,80,81,52,1,1,19,0,0.95,1.0,0.0,1.0
64,28,80,81,54,4,1,16,0,3.2,0.25,0.0,0.25
64,28,80,81,55,4,0,17,0,3.238095238095238,0.0,0.0,0.0
64,28,80,81,56,9,0,16,0,5.76,0.0,0.0,0.0
64,28,80,81,57,4,0,21,0,3.36,0.0,0.0,0.0
64,28,80,81,58,10,1,17,0,6.296296296296297,0.1,0.0,0.1
64,28,80,81,59,4,0,20,0,3.3333333333333335,0.0,0.0,0.0
64,28,80,81,60,7,0,21,0,5.25,0.0,0.0,0.0
64,28,80,81,61,3,0,22,0,2.64,0.0,0.0,0.0
64,28,80,81,62,9,0,16,0,5.76,0.0,0.0,0.0
64,28,80,81,63,7,1,15,0,4.7727272727272725,0.14285714285714285,0.0,0.14285714285714285
64,28,80,81,64,15,4,8,0,5.217391304347826,0.26666666666666666,0.0,0.26666666666666666
64,28,80,81,65,18,6,8,1,5.538461538461538,0.3333333333333333,0.125,0.20833333333333331
64,28,80,81,66,12,6,16,0,6.857142857142857,0.5,0.0,0.5
64,28,80,81,67,6,4,21,0,4.666666666666667,0.6666666666666666,0.0,0.6666666666666666
64,28,80,81,68,1,0,22,0,0.9565217391304348,0.0,0.0,0.0
64,28,88,89,7,1,0,17,0,0.9444444444444444,0.0,0.0,0.0
64,28,88,89,8,1,0,19,0,0.95,0.0,0.0,0.0
64,28,88,89,9,1,0,22,0,0.9565217391304348,0.0,0.0,0.0
64,28,88,89,10,1,0,25,0,0.9615384615384616,0.0,0.0,0.0
64,28,88,89,12,1,0,28,0,0.9655172413793104,0.0,0.0,0.0
64,28,88,89,13,1,0,26,0,0.9629629629629629,0.0,0.0,0.0
64,28,88,89,15,1,0,25,0,0.9615384615384616,0.0,0.0,0.0
64,28,88,89,16,1,0,24,0,0.96,0.0,0.0,0.0
64,28,88,89,17,2,0,23,0,1.84,0.0,0.0,0.0
64,28,88,89,18,1,0,23,0,0.9583333333333334,0.0,0.0,0.0
64,28,88,89,19,1,0,23,0,0.9583333333333334,0.0,0.0,0.0
64,28,88,89,20,2,0,23,0,1.84,0.0,0.0,0.0
64,28,88,89,22,5,0,19,0,3.9583333333333335,0.0,0.0,0.0
64,28,88,89,23,2,0,19,0,1.8095238095238095,0.0,0.0,0.0
64,28,88,89,24,3,0,16,0,2.526315789473684,0.0,0.0,0.0
64,28,88,89,25,3,0,14,0,2.4705882352941178,0.0,0.0,0.0
64,28,88,89,26,2,0,12,0,1.7142857142857142,0.0,0.0,0.0
64,28,88,89,27,1,0,11,0,0.9166666666666666,0.0,0.0,0.0
64,28,88,89,28,2,0,8,0,1.6,0.0,0.0,0.0
64,28,88,89,30,1,0,9,0,0.9,0.0,0.0,0.0
64,28,88,89,49,1,0,26,0,0.9629629629629629,0.0,0.0,0.0
64,28,88,89,51,3,0,26,0,2.689655172413793,0.0,0.0,0.0
64,28,88,89,52,1,0,30,0,0.967741935483871,0.0,0.0,0.0
64,28,88,89,53,4,0,29,0,3.515151515151515,0.0,0.0,0.0
64,28,88,89,54,4,0,28,0,3.5,0.0,0.0,0.0
64,28,88,89,55,4,0,28,0,3.5,0.0,0.0,0.0
64,28,88,89,56,5,1,27,0,4.21875,0.2,0.0,0.2
64,28,88,89,57,4,0,29,0,3.515151515151515,0.0,0.0,0.0
64,28,88,89,58,5,0,28,0,4.242424242424242,0.0,0.0,0.0
64,28,88,89,59,2,0,31,0,1.878787878787879,0.0,0.0,0.0
64,28,88,89,60,4,1,30,0,3.5294117647058822,0.25,0.0,0.25
64,28,88,89,61,4,0,30,0,3.5294117647058822,0.0,0.0,0.0
64,28,88,89,62,2,0,30,0,1.875,0.0,0.0,0.0
64,28,88,89,63,4,0,29,0,3.515151515151515,0.0,0.0,0.0
64,28,88,89,64,1,1,29,0,0.9666666666666667,1.0,0.0,1.0
64,28,88,89,65,2,0,28,0,1.8666666666666667,0.0,0.0,0.0
64,28,88,89,66,6,0,24,0,4.8,0.0,0.0,0.0
64,28,88,89,67,1,0,23,0,0.9583333333333334,0.0,0.0,0.0
64,28,88,89,68,5,1,17,0,3.8636363636363638,0.2,0.0,0.2
64,28,88,89,69,3,0,14,0,2.4705882352941178,0.0,0.0,0.0
64,28,88,89,70,2,0,11,0,1.6923076923076923,0.0,0.0,0.0
64,28,88,89,71,1,0,11,0,0.9166666666666666,0.0,0.0,0.0
64,28,88,89,72,2,0,9,0,1.6363636363636365,0.0,0.0,0.0
64,28,96,97,9,2,0,23,0,1.84,0.0,0.0,0.0
64,28,96,97,10,2,0,26,0,1.8571428571428572,0.0,0.0,0.0
64,28,96,97,11,2,0,28,0,1.8666666666666667,0.0,0.0,0.0
64,28,96,97,12,2,0,28,0,1.8666666666666667,0.0,0.0,0.0
64,28,96,97,13,2,0,26,0,1.8571428571428572,0.0,0.0,0.0
64,28,96,97,14,1,0,26,0,0.9629629629629629,0.0,0.0,0.0
64,28,96,97,15,1,0,25,0,0.9615384615384616,0.0,0.0,0.0
64,28,96,97,17,2,0,25,0,1.8518518518518519,0.0,0.0,0.0
64,28,96,97,18,4,0,24,0,3.4285714285714284,0.0,0.0,0.0
64,28,96,97,19,4,0,24,0,3.4285714285714284,0.0,0.0,0.0
64,28,96,97,20,4,0,24,0,3.4285714285714284,0.0,0.0,0.0
64,28,96,97,22,2,0,23,0,1.84,0.0,0.0,0.0
64,28,96,97,23,4,0,19,0,3.3043478260869565,0.0,0.0,0.0
64,28,96,97,24,3,0,17,0,2.55,0.0,0.0,0.0
64,28,96,97,25,2,0,15,0,1.7647058823529411,0.0,0.0,0.0
64,28,96,97,26,2,0,12,0,1.7142857142857142,0.0,0.0,0.0
64,28,96,97,27,1,0,11,0,0.9166666666666666,0.0,0.0,0.0
64,28,96,97,28,2,0,8,0,1.6,0.0,0.0,0.0
64,28,96,97,33,2,0,15,0,1.7647058823529411,0.0,0.0,0.0
64,28,96,97,34,1,0,18,0,0.9473684210526315,0.0,0.0,0.0
64,28,96,97,35,2,0,20,0,1.8181818181818181,0.0,0.0,0.0
64,28,96,97,36,2,0,23,0,1.84,0.0,0.0,0.0
64,28,96,97,37,3,0,24,0,2.6666666666666665,0.0,0.0,0.0
64,28,96,97,38,1,0,27,0,0.9642857142857143,0.0,0.0,0.0
64,28,96,97,39,4,0,28,0,3.5,0.0,0.0,0.0
64,28,96,97,50,1,0,28,0,0.9655172413793104,0.0,0.0,0.0
64,28,96,97,54,3,1,34,0,2.7567567567567566,0.3333333333333333,0.0,0.3333333333333333
64,28,96,97,56,5,1,36,0,4.390243902439025,0.2,0.0,0.2
64,28,96,97,58,4,1,42,0,3.652173913043478,0.25,0.0,0.25
64,28,96,97,59,4,0,42,0,3.652173913043478,0.0,0.0,0.0
64,28,96,97,60,5,1,39,0,4.431818181818182,0.2,0.0,0.2
64,28,96,97,61,3,0,37,0,2.775,0.0,0.0,0.0
64,28,96,97,62,4,0,34,0,3.5789473684210527,0.0,0.0,0.0
64,28,96,97,63,3,0,32,0,2.742857142857143,0.0,0.0,0.0
64,28,96,97,64,4,0,29,0,3.515151515151515,0.0,0.0,0.0
64,28,96,97,65,2,0,28,0,1.8666666666666667,0.0,0.0,0.0
64,28,96,97,66,4,0,25,0,3.4482758620689653,0.0,0.0,0.0
64,28,96,97,67,2,0,23,0,1.84,0.0,0.0,0.0
64,28,96,97,68,1,0,20,0,0.9523809523809523,0.0,0.0,0.0
64,28,96,97,69,1,0,16,0,0.9411764705882353,0.0,0.0,0.0
64,28,96,97,70,1,0,12,0,0.9230769230769231,0.0,0.0,0.0
64,28,96,97,71,2,0,9,0,1.6363636363636365,0.0,0.0,0.0
64,28,96,97,72,4,0,6,0,2.4,0.0,0.0,0.0
64,28,96,97,73,3,1,6,0,2.0,0.3333333333333333,0.0,0.3333333333333333
64,28,96,97,75,2,0,8,0,1.6,0.0,0.0,0.0
64,28,96,97,76,2,0,9,0,1.6363636363636365,0.0,0.0,0.0
64,28,96,97,77,2,0,10,0,1.6666666666666667,0.0,0.0,0.0
64,28,96,97,78,3,1,11,0,2.357142857142857,0.3333333333333333,0.0,0.3333333333333333
64,28,104,105,9,2,0,23,0,1.84,0.0,0.0,0.0
64,28,104,105,10,2,0,26,0,1.8571428571428572,0.0,0.0,0.0
64,28,104,105,11,2,0,28,0,1.8666666666666667,0.0,0.0,0.0
64,28,104,105,12,1,0,29,0,0.9666666666666667,0.0,0.0,0.0
64,28,104,105,13,2,1,27,0,1.8620689655172413,0.5,0.0,0.5
64,28,104,105,14,1,0,27,0,0.9642857142857143,0.0,0.0,0.0
64,28,104,105,15,1,0,26,0,0.9629629629629629,0.0,0.0,0.0
64,28,104,105,16,2,0,25,0,1.8518518518518519,0.0,0.0,0.0
64,28,104,105,17,2,1,26,0,1.8571428571428572,0.5,0.0,0.5
64,28,104,105,18,1,0,27,0,0.9642857142857143,0.0,0.0,0.0
64,28,104,105,19,4,0,25,0,3.4482758620689653,0.0,0.0,0.0
64,28,104,105,20,3,0,26,0,2.689655172413793,0.0,0.0,0.0
64,28,104,105,21,2,0,27,0,1.8620689655172413,0.0,0.0,0.0
64,28,104,105,23,2,0,21,0,1.826086956521739,0.0,0.0,0.0
64,28,104,105,24,4,0,17,0,3.238095238095238,0.0,0.0,0.0
64,28,104,105,25,1,0,16,0,0.9411764705882353,0.0,0.0,0.0
64,28,104,105,26,1,0,13,0,0.9285714285714286,0.0,0.0,0.0
64,28,104,105,27,2,0,11,0,1.6923076923076923,0.0,0.0,0.0
64,28,104,105,39,1,0,39,0,0.975,0.0,0.0,0.0
64,28,104,105,40,1,0,40,0,0.975609756097561,0.0,0.0,0.0
64,28,104,105,41,4,0,40,0,3.6363636363636362,0.0,0.0,0.0
64,28,104,105,42,3,0,42,0,2.8,0.0,0.0,0.0
64,28,104,105,43,5,0,40,0,4.444444444444445,0.0,0.0,0.0
64,28,104,105,44,3,0,42,0,2.8,0.0,0.0,0.0
64,28,104,105,45,4,0,39,0,3.627906976744186,0.0,0.0,0.0
64,28,104,105,46,2,0,35,0,1.8918918918918919,0.0,0.0,0.0
64,28,104,105,47,5,0,30,0,4.285714285714286,0.0,0.0,0.0
64,28,104,105,48,3,0,27,0,2.7,0.0,0.0,0.0
64,28,104,105,49,1,0,27,0,0.9642857142857143,0.0,0.0,0.0
64,28,104,105,50,1,0,28,0,0.9655172413793104,0.0,0.0,0.0
64,28,104,105,54,3,0,34,0,2.7567567567567566,0.0,0.0,0.0
64,28,104,105,55,1,0,36,0,0.972972972972973,0.0,0.0,0.0
64,28,104,105,56,2,0,37,0,1.8974358974358974,0.0,0.0,0.0
64,28,104,105,57,2,0,40,0,1.9047619047619047,0.0,0.0,0.0
64,28,104,105,58,2,0,42,0,1.9090909090909092,0.0,0.0,0.0
64,28,104,105,59,2,0,43,0,1.9111111111111112,0.0,0.0,0.0
64,28,104,105,60,2,1,44,0,1.9130434782608696,0.5,0.0,0.5
64,28,104,105,61,1,0,44,0,0.9777777777777777,0.0,0.0,0.0
64,28,104,105,62,2,0,43,0,1.9111111111111112,0.0,0.0,0.0
64,28,104,105,64,3,0,39,0,2.7857142857142856,0.0,0.0,0.0
64,28,104,105,66,2,0,31,1,1.878787878787879,0.0,0.03225806451612903,-0.03225806451612903
64,28,104,105,67,1,0,26,0,0.9629629629629629,0.0,0.0,0.0
64,28,104,105,68,1,0,21,0,0.9545454545454546,0.0,0.0,0.0
64,28,104,105,70,1,0,12,0,0.9230769230769231,0.0,0.0,0.0
64,28,104,105,71,1,1,9,0,0.9,1.0,0.0,1.0
64,28,104,105,72,3,0,5,0,1.875,0.0,0.0,0.0
64,28,104,105,73,2,0,4,0,1.3333333333333333,0.0,0.0,0.0
64,28,104,105,74,2,0,4,0,1.3333333333333333,0.0,0.0,0.0
64,28,104,105,75,2,1,6,0,1.5,0.5,0.0,0.5
64,28,104,105,76,2,1,7,0,1.5555555555555556,0.5,0.0,0.5
64,28,104,105,77,2,1,8,0,1.6,0.5,0.0,0.5
64,28,104,105,78,1,0,9,0,0.9,0.0,0.0,0.0
64,28,104,105,79,3,2,9,0,2.25,0.6666666666666666,0.0,0.6666666666666666
64,28,104,105,80,1,0,11,0,0.9166666666666666,0.0,0.0,0.0
64,28,104,105,81,3,1,10,0,2.3076923076923075,0.3333333333333333,0.0,0.3333333333333333
64,28,104,105,82,3,0,11,0,2.357142857142857,0.0,0.0,0.0
64,28,104,105,83,3,0,11,0,2.357142857142857,0.0,0.0,0.0
64,28,104,105,84,2,0,12,0,1.7142857142857142,0.0,0.0,0.0
64,28,104,105,85,4,2,12,0,3.0,0.5,0.0,0.5
64,28,112,113,10,2,0,27,0,1.8620689655172413,0.0,0.0,0.0
64,28,112,113,11,2,0,29,0,1.8709677419354838,0.0,0.0,0.0
64,28,112,113,12,2,0,29,0,1.8709677419354838,0.0,0.0,0.0
64,28,112,113,13,2,0,27,0,1.8620689655172413,0.0,0.0,0.0
64,28,112,113,15,2,0,26,0,1.8571428571428572,0.0,0.0,0.0
64,28,112,113,16,1,0,26,0,0.9629629629629629,0.0,0.0,0.0
64,28,112,113,17,2,0,26,0,1.8571428571428572,0.0,0.0,0.0
64,28,112,113,18,1,0,27,0,0.9642857142857143,0.0,0.0,0.0
64,28,112,113,19,3,1,27,0,2.7,0.3333333333333333,0.0,0.3333333333333333
64,28,112,113,20,2,0,28,0,1.8666666666666667,0.0,0.0,0.0
64,28,112,113,21,2,0,27,0,1.8620689655172413,0.0,0.0,0.0
64,28,112,113,23,2,0,21,0,1.826086956521739,0.0,0.0,0.0
64,28,112,113,24,2,0,19,0,1.8095238095238095,0.0,0.0,0.0
64,28,112,113,56,3,0,38,0,2.7804878048780486,0.0,0.0,0.0
64,28,112,113,58,2,0,43,0,1.9111111111111112,0.0,0.0,0.0
64,28,112,113,59,2,0,44,0,1.9130434782608696,0.0,0.0,0.0
64,28,112,113,60,1,0,45,0,0.9782608695652174,0.0,0.0,0.0
64,28,112,113,61,2,0,44,0,1.9130434782608696,0.0,0.0,0.0
64,28,112,113,66,3,0,31,0,2.735294117647059,0.0,0.0,0.0
64,28,112,113,67,1,0,25,0,0.9615384615384616,0.0,0.0,0.0
64,28,112,113,68,2,0,20,0,1.8181818181818181,0.0,0.0,0.0
64,28,112,113,69,2,0,17,0,1.7894736842105263,0.0,0.0,0.0
64,28,112,113,71,2,0,10,0,1.6666666666666667,0.0,0.0,0.0
64,28,112,113,72,1,0,8,0,0.8888888888888888,0.0,0.0,0.0
64,28,112,113,73,4,1,5,0,2.2222222222222223,0.25,0.0,0.25
64,28,112,113,74,1,0,6,0,0.8571428571428571,0.0,0.0,0.0
64,28,112,113,75,5,0,4,0,2.2222222222222223,0.0,0.0,0.0
64,28,112,113,77,2,2,4,0,1.3333333333333333,1.0,0.0,1.0
64,28,112,113,78,1,0,4,0,0.8,0.0,0.0,0.0
64,28,112,113,79,2,0,3,0,1.2,0.0,0.0,0.0
64,28,112,113,80,1,0,4,0,0.8,0.0,0.0,0.0
64,28,112,113,81,1,1,3,0,0.75,1.0,0.0,1.0
64,28,112,113,82,1,0,2,0,0.6666666666666666,0.0,0.0,0.0
64,28,112,113,83,5,5,1,0,0.8333333333333334,1.0,0.0,1.0
64,28,112,113,84,2,1,3,0,1.2,0.5,0.0,0.5
64,28,112,113,85,4,2,3,0,1.7142857142857142,0.5,0.0,0.5
64,28,112,113,87,2,1,5,0,1.4285714285714286,0.5,0.0,0.5
64,28,112,113,88,1,1,6,0,0.8571428571428571,1.0,0.0,1.0
64,28,112,113,89,3,3,6,0,2.0,1.0,0.0,1.0
64,28,120,121,11,2,0,30,0,1.875,0.0,0.0,0.0
64,28,120,121,12,2,0,30,0,1.875,0.0,0.0,0.0
64,28,120,121,13,2,0,28,0,1.8666666666666667,0.0,0.0,0.0
64,28,120,121,14,1,0,28,0,0.9655172413793104,0.0,0.0,0.0
64,28,120,121,15,1,0,27,0,0.9642857142857143,0.0,0.0,0.0
64,28,120,121,16,2,0,26,0,1.8571428571428572,0.0,0.0,0.0
64,28,120,121,17,1,0,27,0,0.9642857142857143,0.0,0.0,0.0
64,28,120,121,18,2,0,27,0,1.8620689655172413,0.0,0.0,0.0
64,28,120,121,19,2,0,28,0,1.8666666666666667,0.0,0.0,0.0
64,28,120,121,66,4,0,30,0,3.5294117647058822,0.0,0.0,0.0
64,28,120,121,67,1,0,24,0,0.96,0.0,0.0,0.0
64,28,120,121,68,1,1,19,0,0.95,1.0,0.0,1.0
64,28,120,121,69,4,0,15,0,3.1578947368421053,0.0,0.0,0.0
64,28,120,121,73,1,0,9,0,0.9,0.0,0.0,0.0
64,28,120,121,74,1,0,7,0,0.875,0.0,0.0,0.0
64,28,120,121,75,2,1,8,0,1.6,0.5,0.0,0.5
64,28,120,121,76,1,0,9,0,0.9,0.0,0.0,0.0
64,28,120,121,77,3,0,8,0,2.1818181818181817,0.0,0.0,0.0
64,28,120,121,78,4,0,6,0,2.4,0.0,0.0,0.0
64,28,120,121,79,7,0,3,0,2.1,0.0,0.0,0.0
64,28,120,121,80,4,0,5,0,2.2222222222222223,0.0,0.0,0.0
64,28,120,121,81,5,0,4,0,2.2222222222222223,0.0,0.0,0.0
64,28,120,121,83,1,0,3,0,0.75,0.0,0.0,0.0
64,28,120,121,84,1,0,3,0,0.75,0.0,0.0,0.0
64,28,120,121,85,1,0,2,0,0.6666666666666666,0.0,0.0,0.0
64,28,128,129,13,2,0,30,0,1.875,0.0,0.0,0.0
64,28,128,129,15,2,0,29,0,1.8709677419354838,0.0,0.0,0.0
64,28,128,129,66,3,0,31,0,2.735294117647059,0.0,0.0,0.0
64,28,128,129,67,1,0,25,0,0.9615384615384616,0.0,0.0,0.0
64,28,128,129,68,2,1,19,0,1.8095238095238095,0.5,0.0,0.5
64,28,128,129,70,4,2,10,0,2.857142857142857,0.5,0.0,0.5
64,28,128,129,85,4,0,12,0,3.0,0.0,0.0,0.0
64,28,128,129,86,2,0,10,0,1.6666666666666667,0.0,0.0,0.0
64,28,128,129,87,2,0,7,0,1.5555555555555556,0.0,0.0,0.0
64,28,128,129,89,3,0,2,0,1.2,0.0,0.0,0.0
64,28,136,137,66,2,0,32,0,1.8823529411764706,0.0,0.0,0.0
64,28,136,137,67,2,0,25,0,1.8518518518518519,0.0,0.0,0.0
64,28,136,137,68,2,0,19,0,1.8095238095238095,0.0,0.0,0.0
64,28,136,137,70,2,0,10,0,1.6666666666666667,0.0,0.0,0.0
64,28,136,137,71,2,0,9,0,1.6363636363636365,0.0,0.0,0.0
64,28,136,137,72,2,0,9,0,1.6363636363636365,0.0,0.0,0.0
64,28,136,137,88,2,0,9,0,1.6363636363636365,0.0,0.0,0.0
64,28,136,137,89,2,0,6,0,1.5,0.0,0.0,0.0
64,28,136,137,90,1,0,4,0,0.8,0.0,0.0,0.0
64,28,136,137,91,2,0,1,0,0.6666666666666666,0.0,0.0,0.0
64,28,136,137,92,1,0,1,0,0.5,0.0,0.0,0.0
64,28,144,145,68,2,0,21,0,1.826086956521739,0.0,0.0,0.0
64,28,144,145,69,2,0,16,0,1.7777777777777777,0.0,0.0,0.0
64,28,144,145,71,3,0,9,0,2.25,0.0,0.0,0.0
64,29,24,25,20,2,1,2,0,1.0,0.5,0.0,0.5
64,29,24,25,21,7,5,4,0,2.5454545454545454,0.7142857142857143,0.0,0.7142857142857143
64,29,32,33,26,3,2,1,0,0.75,0.6666666666666666,0.0,0.6666666666666666
64,29,32,33,27,12,10,3,0,2.4,0.8333333333333334,0.0,0.8333333333333334
64,29,40,41,33,6,4,3,0,2.0,0.6666666666666666,0.0,0.6666666666666666
64,29,48,49,39,10,9,1,0,0.9090909090909091,0.9,0.0,0.9
64,29,56,57,23,2,0,1,0,0.6666666666666666,0.0,0.0,0.0
64,29,56,57,24,1,0,3,0,0.75,0.0,0.0,0.0
64,29,56,57,25,2,0,4,0,1.3333333333333333,0.0,0.0,0.0
64,29,56,57,27,2,0,6,0,1.5,0.0,0.0,0.0
64,29,56,57,28,1,0,7,0,0.875,0.0,0.0,0.0
64,29,56,57,29,2,0,7,0,1.5555555555555556,0.0,0.0,0.0
64,29,56,57,30,2,0,6,0,1.5,0.0,0.0,0.0
64,29,56,57,31,1,0,4,0,0.8,0.0,0.0,0.0
64,29,56,57,40,1,0,1,0,0.5,0.0,0.0,0.0
64,29,56,57,41,2,0,1,0,0.6666666666666666,0.0,0.0,0.0
64,29,56,57,42,1,0,1,0,0.5,0.0,0.0,0.0
64,29,56,57,43,2,0,1,0,0.6666666666666666,0.0,0.0,0.0
64,29,56,57,44,1,0,2,0,0.6666666666666666,0.0,0.0,0.0
64,29,56,57,45,12,9,4,0,3.0,0.75,0.0,0.75
64,29,56,57,46,1,1,18,0,0.9473684210526315,1.0,0.0,1.0
64,29,64,65,20,2,0,7,0,1.5555555555555556,0.0,0.0,0.0
64,29,64,65,21,2,0,7,0,1.5555555555555556,0.0,0.0,0.0
64,29,64,65,22,2,0,7,0,1.5555555555555556,0.0,0.0,0.0
64,29,64,65,23,2,0,9,0,1.6363636363636365,0.0,0.0,0.0
64,29,64,65,24,1,0,11,0,0.9166666666666666,0.0,0.0,0.0
64,29,64,65,25,2,0,10,0,1.6666666666666667,0.0,0.0,0.0
64,29,64,65,26,1,0,10,0,0.9090909090909091,0.0,0.0,0.0
64,29,64,65,27,1,0,10,0,0.9090909090909091,0.0,0.0,0.0
64,29,64,65,29,1,0,11,0,0.9166666666666666,0.0,0.0,0.0
64,29,64,65,30,1,0,10,0,0.9090909090909091,0.0,0.0,0.0
64,29,64,65,31,1,0,8,0,0.8888888888888888,0.0,0.0,0.0
64,29,64,65,32,2,0,6,0,1.5,0.0,0.0,0.0
64,29,64,65,34,1,0,5,0,0.8333333333333334,0.0,0.0,0.0
64,29,64,65,35,2,0,5,0,1.4285714285714286,0.0,0.0,0.0
64,29,64,65,36,2,0,5,0,1.4285714285714286,0.0,0.0,0.0
64,29,64,65,37,1,0,7,0,0.875,0.0,0.0,0.0
64,29,64,65,38,1,0,7,0,0.875,0.0,0.0,0.0
64,29,64,65,40,1,0,8,0,0.8888888888888888,0.0,0.0,0.0
64,29,64,65,42,1,0,9,0,0.9,0.0,0.0,0.0
64,29,64,65,43,4,0,8,0,2.6666666666666665,0.0,0.0,0.0
64,29,64,65,44,3,0,6,0,2.0,0.0,0.0,0.0
64,29,64,65,45,3,0,6,0,2.0,0.0,0.0,0.0
64,29,64,65,47,1,0,9,0,0.9,0.0,0.0,0.0
64,29,64,65,48,5,1,10,0,3.3333333333333335,0.2,0.0,0.2
64,29,64,65,49,2,0,14,0,1.75,0.0,0.0,0.0
64,29,64,65,50,1,0,15,0,0.9375,0.0,0.0,0.0
64,29,64,65,51,1,0,16,0,0.9411764705882353,0.0,0.0,0.0
64,29,64,65,52,1,1,17,0,0.9444444444444444,1.0,0.0,1.0
64,29,72,73,4,2,0,1,0,0.6666666666666666,0.0,0.0,0.0
64,29,72,73,5,5,0,2,0,1.4285714285714286,0.0,0.0,0.0
64,29,72,73,6,2,0,5,0,1.4285714285714286,0.0,0.0,0.0
64,29,72,73,7,4,0,4,0,2.0,0.0,0.0,0.0
64,29,72,73,8,1,0,5,0,0.8333333333333334,0.0,0.0,0.0
64,29,72,73,9,3,0,4,0,1.7142857142857142,0.0,0.0,0.0
64,29,72,73,10,1,0,5,0,0.8333333333333334,0.0,0.0,0.0
64,29,72,73,11,2,0,5,0,1.4285714285714286,0.0,0.0,0.0
64,29,72,73,13,1,0,5,0,0.8333333333333334,0.0,0.0,0.0
64,29,72,73,15,1,0,5,0,0.8333333333333334,0.0,0.0,0.0
64,29,72,73,16,1,0,4,0,0.8,0.0,0.0,0.0
64,29,72,73,17,1,0,5,0,0.8333333333333334,0.0,0.0,0.0
64,29,72,73,18,1,0,6,0,0.8571428571428571,0.0,0.0,0.0
64,29,72,73,19,1,0,7,0,0.875,0.0,0.0,0.0
64,29,72,73,23,2,0,12,0,1.7142857142857142,0.0,0.0,0.0
64,29,72,73,24,2,1,12,0,1.7142857142857142,0.5,0.0,0.5
64,29,72,73,25,2,0,11,0,1.6923076923076923,0.0,0.0,0.0
64,29,72,73,26,3,0,10,0,2.3076923076923075,0.0,0.0,0.0
64,29,72,73,27,1,0,11,0,0.9166666666666666,0.0,0.0,0.0
64,29,72,73,28,2,0,11,0,1.6923076923076923,0.0,0.0,0.0
64,29,72,73,29,1,0,12,0,0.9230769230769231,0.0,0.0,0.0
64,29,72,73,30,2,1,11,0,1.6923076923076923,0.5,0.0,0.5
64,29,72,73,31,1,0,10,0,0.9090909090909091,0.0,0.0,0.0
64,29,72,73,32,2,0,9,0,1.6363636363636365,0.0,0.0,0.0
64,29,72,73,40,2,0,10,0,1.6666666666666667,0.0,0.0,0.0
64,29,72,73,41,1,0,11,0,0.9166666666666666,0.0,0.0,0.0
64,29,72,73,42,1,0,11,0,0.9166666666666666,0.0,0.0,0.0
64,29,72,73,43,1,0,13,0,0.9285714285714286,0.0,0.0,0.0
64,29,72,73,44,2,0,13,0,1.7333333333333334,0.0,0.0,0.0
64,29,72,73,52,2,0,16,0,1.7777777777777777,0.0,0.0,0.0
64,29,72,73,53,2,0,14,0,1.75,0.0,0.0,0.0
64,29,72,73,57,1,1,15,0,0.9375,1.0,0.0,1.0
64,29,72,73,59,4,3,17,0,3.238095238095238,0.75,0.0,0.75
64,29,80,81,2,2,0,3,0,1.2,0.0,0.0,0.0
64,29,80,81,3,1,0,6,0,0.8571428571428571,0.0,0.0,0.0
64,29,80,81,4,2,0,8,0,1.6,0.0,0.0,0.0
64,29,80,81,5,1,0,11,0,0.9166666666666666,0.0,0.0,0.0
64,29,80,81,7,1,0,14,0,0.9333333333333333,0.0,0.0,0.0
64,29,80,81,23,2,0,12,0,1.7142857142857142,0.0,0.0,0.0
64,29,80,81,24,1,0,13,0,0.9285714285714286,0.0,0.0,0.0
64,29,80,81,25,2,0,12,0,1.7142857142857142,0.0,0.0,0.0
64,29,80,81,26,3,0,11,0,2.357142857142857,0.0,0.0,0.0
64,29,80,81,27,2,0,11,0,1.6923076923076923,0.0,0.0,0.0
64,29,80,81,28,1,0,12,0,0.9230769230769231,0.0,0.0,0.0
64,29,80,81,29,2,0,12,0,1.7142857142857142,0.0,0.0,0.0
64,29,80,81,30,1,0,12,0,0.9230769230769231,0.0,0.0,0.0
64,29,80,81,31,2,0,10,0,1.6666666666666667,0.0,0.0,0.0
64,29,80,81,56,1,0,14,0,0.9333333333333333,0.0,0.0,0.0
64,29,80,81,57,1,0,15,0,0.9375,0.0,0.0,0.0
64,29,80,81,58,1,0,15,0,0.9375,0.0,0.0,0.0
64,29,80,81,59,1,0,16,0,0.9411764705882353,0.0,0.0,0.0
64,29,80,81,61,1,1,17,0,0.9444444444444444,1.0,0.0,1.0
64,29,80,81,63,2,2,22,0,1.8333333333333333,1.0,0.0,1.0
64,29,80,81,65,5,3,29,0,4.264705882352941,0.6,0.0,0.6
64,29,80,81,66,1,1,35,0,0.9722222222222222,1.0,0.0,1.0
64,29,80,81,67,4,2,37,0,3.6097560975609757,0.5,0.0,0.5
64,29,88,89,1,2,0,2,0,1.0,0.0,0.0,0.0
64,29,88,89,2,1,0,5,0,0.8333333333333334,0.0,0.0,0.0
64,29,88,89,3,1,0,8,0,0.8888888888888888,0.0,0.0,0.0
64,29,88,89,4,3,1,10,0,2.3076923076923075,0.3333333333333333,0.0,0.3333333333333333
64,29,88,89,7,1,0,15,0,0.9375,0.0,0.0,0.0
64,29,88,89,58,1,0,18,0,0.9473684210526315,0.0,0.0,0.0
64,29,88,89,59,1,0,19,0,0.95,0.0,0.0,0.0
64,29,88,89,61,2,0,20,0,1.8181818181818181,0.0,0.0,0.0
64,29,88,89,62,1,0,22,0,0.9565217391304348,0.0,0.0,0.0
64,29,88,89,63,2,0,23,0,1.84,0.0,0.0,0.0
64,29,88,89,64,2,0,24,0,1.8461538461538463,0.0,0.0,0.0
64,29,88,89,65,2,0,26,0,1.8571428571428572,0.0,0.0,0.0
64,29,88,89,68,3,1,30,0,2.727272727272727,0.3333333333333333,0.0,0.3333333333333333
64,29,88,89,69,3,3,31,0,2.735294117647059,1.0,0.0,1.0
64,29,88,89,70,1,0,32,0,0.9696969696969697,0.0,0.0,0.0
64,29,88,89,71,6,5,32,0,5.052631578947368,0.8333333333333334,0.0,0.8333333333333334
64,29,88,89,72,2,1,37,0,1.8974358974358974,0.5,0.0,0.5
64,29,88,89,73,1,1,37,0,0.9736842105263158,1.0,0.0,1.0
64,29,96,97,2,3,2,5,0,1.875,0.6666666666666666,0.0,0.6666666666666666
64,29,96,97,4,3,0,10,0,2.3076923076923075,0.0,0.0,0.0
64,29,96,97,5,2,0,13,0,1.7333333333333334,0.0,0.0,0.0
64,29,96,97,6,2,0,14,0,1.75,0.0,0.0,0.0
64,29,96,97,65,1,0,36,0,0.972972972972973,0.0,0.0,0.0
64,29,96,97,67,2,0,39,0,1.9024390243902438,0.0,0.0,0.0
64,29,96,97,69,7,0,36,0,5.8604651162790695,0.0,0.0,0.0
64,29,96,97,70,2,0,34,0,1.8888888888888888,0.0,0.0,0.0
64,29,96,97,71,3,0,30,0,2.727272727272727,0.0,0.0,0.0
64,29,96,97,72,1,1,30,0,0.967741935483871,1.0,0.0,1.0
64,29,96,97,73,4,0,29,0,3.515151515151515,0.0,0.0,0.0
64,29,96,97,74,3,0,30,0,2.727272727272727,0.0,0.0,0.0
64,29,96,97,76,2,1,24,0,1.8461538461538463,0.5,0.0,0.5
64,29,104,105,2,3,0,5,0,1.875,0.0,0.0,0.0
64,29,104,105,4,3,0,10,0,2.3076923076923075,0.0,0.0,0.0
64,29,104,105,5,2,0,13,0,1.7333333333333334,0.0,0.0,0.0
64,29,104,105,6,2,0,14,0,1.75,0.0,0.0,0.0
64,29,104,105,80,2,0,5,0,1.4285714285714286,0.0,0.0,0.0
64,29,144,145,76,2,0,24,0,1.8461538461538463,0.0,0.0,0.0
64,29,144,145,78,2,0,14,0,1.75,0.0,0.0,0.0
64,30,8,9,9,17,17,1,0,0.9444444444444444,1.0,0.0,1.0
64,30,24,25,21,18,15,1,0,0.9473684210526315,0.8333333333333334,0.0,0.8333333333333334
64,30,32,33,25,2,1,1,0,0.6666666666666666,0.5,0.0,0.5
64,30,32,33,26,3,1,1,0,0.75,0.3333333333333333,0.0,0.3333333333333333
64,30,32,33,27,9,3,2,0,1.6363636363636365,0.3333333333333333,0.0,0.3333333333333333
64,30,40,41,31,5,4,1,0,0.8333333333333334,0.8,0.0,0.8
64,30,40,41,32,6,4,3,0,2.0,0.6666666666666666,0.0,0.6666666666666666
64,30,40,41,33,15,10,7,0,4.7727272727272725,0.6666666666666666,0.0,0.6666666666666666
64,30,48,49,38,3,2,6,0,2.0,0.6666666666666666,0.0,0.6666666666666666
64,30,48,49,39,18,16,9,1,6.0,0.8888888888888888,0.1111111111111111,0.7777777777777777
64,30,48,49,40,3,0,25,0,2.6785714285714284,0.0,0.0,0.0
64,30,48,49,41,1,1,27,0,0.9642857142857143,1.0,0.0,1.0
64,30,56,57,39,2,0,1,0,0.6666666666666666,0.0,0.0,0.0
64,30,56,57,40,3,1,2,0,1.2,0.3333333333333333,0.0,0.3333333333333333
64,30,56,57,41,2,1,4,0,1.3333333333333333,0.5,0.0,0.5
64,30,56,57,42,6,2,5,0,2.727272727272727,0.3333333333333333,0.0,0.3333333333333333
64,30,56,57,43,8,6,8,0,4.0,0.75,0.0,0.75
64,30,56,57,44,4,1,13,0,3.0588235294117645,0.25,0.0,0.25
64,30,56,57,45,3,1,14,0,2.4705882352941178,0.3333333333333333,0.0,0.3333333333333333
64,30,56,57,46,1,0,18,0,0.9473684210526315,0.0,0.0,0.0
64,30,64,65,31,2,0,9,0,1.6363636363636365,0.0,0.0,0.0
64,30,64,65,32,1,0,10,0,0.9090909090909091,0.0,0.0,0.0
64,30,64,65,33,1,0,10,0,0.9090909090909091,0.0,0.0,0.0
64,30,64,65,34,3,0,8,0,2.1818181818181817,0.0,0.0,0.0
64,30,64,65,35,3,0,7,0,2.1,0.0,0.0,0.0
64,30,64,65,36,5,0,6,0,2.727272727272727,0.0,0.0,0.0
64,30,64,65,38,2,0,7,0,1.5555555555555556,0.0,0.0,0.0
64,30,64,65,41,2,0,5,0,1.4285714285714286,0.0,0.0,0.0
64,30,64,65,42,1,0,6,0,0.8571428571428571,0.0,0.0,0.0
64,30,64,65,43,4,0,5,0,2.2222222222222223,0.0,0.0,0.0
64,30,64,65,44,1,0,5,0,0.8333333333333334,0.0,0.0,0.0
64,30,64,65,45,2,0,3,0,1.2,0.0,0.0,0.0
64,30,64,65,49,4,3,1,0,0.8,0.75,0.0,0.75
64,30,64,65,50,7,3,4,0,2.5454545454545454,0.42857142857142855,0.0,0.42857142857142855
64,30,64,65,51,7,3,10,1,4.117647058823529,0.42857142857142855,0.1,0.3285714285714285
64,30,64,65,52,2,1,16,0,1.7777777777777777,0.5,0.0,0.5
64,30,64,65,53,6,5,17,0,4.434782608695652,0.8333333333333334,0.0,0.8333333333333334
64,30,72,73,12,5,0,1,0,0.8333333333333334,0.0,0.0,0.0
64,30,72,73,13,1,0,1,0,0.5,0.0,0.0,0.0
64,30,72,73,16,4,0,1,0,0.8,0.0,0.0,0.0
64,30,72,73,17,2,0,3,0,1.2,0.0,0.0,0.0
64,30,72,73,18,3,0,3,0,1.5,0.0,0.0,0.0
64,30,72,73,19,1,0,4,0,0.8,0.0,0.0,0.0
64,30,72,73,20,4,0,4,0,2.0,0.0,0.0,0.0
64,30,72,73,22,2,0,4,0,1.3333333333333333,0.0,0.0,0.0
64,30,72,73,24,1,0,4,0,0.8,0.0,0.0,0.0
64,30,72,73,26,2,0,3,0,1.2,0.0,0.0,0.0
64,30,72,73,28,2,0,5,0,1.4285714285714286,0.0,0.0,0.0
64,30,72,73,36,1,0,14,0,0.9333333333333333,0.0,0.0,0.0
64,30,72,73,37,1,0,14,0,0.9333333333333333,0.0,0.0,0.0
64,30,72,73,38,2,0,13,0,1.7333333333333334,0.0,0.0,0.0
64,30,72,73,42,3,1,5,0,1.875,0.3333333333333333,0.0,0.3333333333333333
64,30,72,73,44,2,0,4,0,1.3333333333333333,0.0,0.0,0.0
64,30,72,73,45,3,0,3,0,1.5,0.0,0.0,0.0
64,30,72,73,46,4,1,1,0,0.8,0.25,0.0,0.25
64,30,72,73,47,2,0,1,0,0.6666666666666666,0.0,0.0,0.0
64,30,72,73,48,2,0,1,0,0.6666666666666666,0.0,0.0,0.0
64,30,72,73,49,2,0,1,0,0.6666666666666666,0.0,0.0,0.0
64,30,72,73,53,2,0,1,0,0.6666666666666666,0.0,0.0,0.0
64,30,72,73,54,6,4,2,0,1.5,0.6666666666666666,0.0,0.6666666666666666
64,30,72,73,55,3,1,4,0,1.7142857142857142,0.3333333333333333,0.0,0.3333333333333333
64,30,72,73,56,3,2,5,0,1.875,0.6666666666666666,0.0,0.6666666666666666
64,30,72,73,57,6,1,4,0,2.4,0.16666666666666666,0.0,0.16666666666666666
64,30,72,73,58,2,0,7,0,1.5555555555555556,0.0,0.0,0.0
64,30,72,73,59,7,6,8,0,3.7333333333333334,0.8571428571428571,0.0,0.8571428571428571
64,30,72,73,61,2,1,12,0,1.7142857142857142,0.5,0.0,0.5
64,30,80,81,2,1,0,4,0,0.8,0.0,0.0,0.0
64,30,80,81,4,1,0,7,0,0.875,0.0,0.0,0.0
64,30,80,81,6,1,0,11,0,0.9166666666666666,0.0,0.0,0.0
64,30,80,81,8,1,0,14,0,0.9333333333333333,0.0,0.0,0.0
64,30,80,81,10,2,0,17,0,1.7894736842105263,0.0,0.0,0.0
64,30,80,81,12,1,0,21,0,0.9545454545454546,0.0,0.0,0.0
64,30,80,81,13,1,0,22,0,0.9565217391304348,0.0,0.0,0.0
64,30,80,81,14,1,0,23,0,0.9583333333333334,0.0,0.0,0.0
64,30,80,81,15,2,0,22,0,1.8333333333333333,0.0,0.0,0.0
64,30,80,81,16,1,0,21,0,0.9545454545454546,0.0,0.0,0.0
64,30,80,81,17,1,0,20,0,0.9523809523809523,0.0,0.0,0.0
64,30,80,81,18,2,0,20,0,1.8181818181818181,0.0,0.0,0.0
64,30,80,81,19,1,0,21,0,0.9545454545454546,0.0,0.0,0.0
64,30,80,81,20,1,0,20,0,0.9523809523809523,0.0,0.0,0.0
64,30,80,81,22,2,0,15,0,1.7647058823529411,0.0,0.0,0.0
64,30,80,81,24,1,0,12,0,0.9230769230769231,0.0,0.0,0.0
64,30,80,81,26,1,0,10,0,0.9090909090909091,0.0,0.0,0.0
64,30,80,81,37,1,0,16,0,0.9411764705882353,0.0,0.0,0.0
64,30,80,81,38,1,0,17,0,0.9444444444444444,0.0,0.0,0.0
64,30,80,81,39,5,0,15,0,3.75,0.0,0.0,0.0
64,30,80,81,40,3,0,17,0,2.55,0.0,0.0,0.0
64,30,80,81,41,6,0,13,0,4.105263157894737,0.0,0.0,0.0
64,30,80,81,42,4,0,12,0,3.0,0.0,0.0,0.0
64,30,80,81,43,3,0,11,0,2.357142857142857,0.0,0.0,0.0
64,30,80,81,44,6,0,7,0,3.230769230769231,0.0,0.0,0.0
64,30,80,81,45,5,0,4,0,2.2222222222222223,0.0,0.0,0.0
64,30,80,81,46,1,0,5,0,0.8333333333333334,0.0,0.0,0.0
64,30,80,81,48,1,0,7,0,0.875,0.0,0.0,0.0
64,30,80,81,49,1,0,7,0,0.875,0.0,0.0,0.0
64,30,80,81,50,1,0,7,0,0.875,0.0,0.0,0.0
64,30,80,81,52,2,0,7,0,1.5555555555555556,0.0,0.0,0.0
64,30,80,81,53,3,0,8,0,2.1818181818181817,0.0,0.0,0.0
64,30,80,81,54,4,0,9,0,2.769230769230769,0.0,0.0,0.0
64,30,80,81,55,3,0,10,0,2.3076923076923075,0.0,0.0,0.0
64,30,80,81,56,8,0,5,0,3.076923076923077,0.0,0.0,0.0
64,30,80,81,57,4,0,4,0,2.0,0.0,0.0,0.0
64,30,80,81,58,4,1,3,0,1.7142857142857142,0.25,0.0,0.25
64,30,80,81,59,3,0,3,0,1.5,0.0,0.0,0.0
64,30,80,81,60,3,1,3,0,1.5,0.3333333333333333,0.0,0.3333333333333333
64,30,80,81,61,5,0,1,0,0.8333333333333334,0.0,0.0,0.0
64,30,80,81,62,5,0,2,0,1.4285714285714286,0.0,0.0,0.0
64,30,80,81,63,3,1,7,0,2.1,0.3333333333333333,0.0,0.3333333333333333
64,30,80,81,64,2,0,11,0,1.6923076923076923,0.0,0.0,0.0
64,30,80,81,66,1,0,13,0,0.9285714285714286,0.0,0.0,0.0
64,30,88,89,26,1,0,10,0,0.9090909090909091,0.0,0.0,0.0
64,30,88,89,30,1,0,12,0,0.9230769230769231,0.0,0.0,0.0
64,30,88,89,31,2,0,14,0,1.75,0.0,0.0,0.0
64,30,88,89,32,1,0,16,0,0.9411764705882353,0.0,0.0,0.0
64,30,88,89,33,2,0,17,0,1.7894736842105263,0.0,0.0,0.0
64,30,88,89,34,1,0,20,0,0.9523809523809523,0.0,0.0,0.0
64,30,88,89,35,1,0,22,0,0.9565217391304348,0.0,0.0,0.0
64,30,88,89,36,1,0,23,0,0.9583333333333334,0.0,0.0,0.0
64,30,88,89,37,1,0,25,0,0.9615384615384616,0.0,0.0,0.0
64,30,88,89,38,1,0,27,0,0.9642857142857143,0.0,0.0,0.0
64,30,88,89,40,1,0,27,0,0.9642857142857143,0.0,0.0,0.0
64,30,88,89,51,2,0,21,0,1.826086956521739,0.0,0.0,0.0
64,30,88,89,52,12,0,10,0,5.454545454545454,0.0,0.0,0.0
64,30,88,89,53,1,0,10,0,0.9090909090909091,0.0,0.0,0.0
64,30,88,89,54,4,1,10,0,2.857142857142857,0.25,0.0,0.25
64,30,88,89,55,1,0,13,0,0.9285714285714286,0.0,0.0,0.0
64,30,88,89,56,4,0,12,0,3.0,0.0,0.0,0.0
64,30,88,89,57,3,0,12,0,2.4,0.0,0.0,0.0
64,30,88,89,58,4,2,12,0,3.0,0.5,0.0,0.5
64,30,88,89,59,4,0,12,0,3.0,0.0,0.0,0.0
64,30,88,89,60,3,0,10,0,2.3076923076923075,0.0,0.0,0.0
64,30,88,89,61,4,0,8,0,2.6666666666666665,0.0,0.0,0.0
64,30,88,89,62,5,0,6,0,2.727272727272727,0.0,0.0,0.0
64,30,88,89,63,3,0,8,0,2.1818181818181817,0.0,0.0,0.0
64,30,88,89,64,3,1,9,0,2.25,0.3333333333333333,0.0,0.3333333333333333
64,30,88,89,65,3,0,9,0,2.25,0.0,0.0,0.0
64,30,88,89,66,2,0,11,0,1.6923076923076923,0.0,0.0,0.0
64,30,96,97,55,2,0,20,0,1.8181818181818181,0.0,0.0,0.0
64,30,96,97,57,4,0,16,0,3.2,0.0,0.0,0.0
64,30,96,97,58,2,0,16,0,1.7777777777777777,0.0,0.0,0.0
64,30,96,97,59,2,1,14,0,1.75,0.5,0.0,0.5
64,30,96,97,60,5,1,8,0,3.076923076923077,0.2,0.0,0.2
64,30,96,97,61,3,0,9,0,2.25,0.0,0.0,0.0
64,30,96,97,62,2,0,10,0,1.6666666666666667,0.0,0.0,0.0
64,30,96,97,63,2,0,11,0,1.6923076923076923,0.0,0.0,0.0
64,30,96,97,65,2,0,12,0,1.7142857142857142,0.0,0.0,0.0
64,30,96,97,67,1,0,13,0,0.9285714285714286,0.0,0.0,0.0
64,30,104,105,55,3,0,19,0,2.590909090909091,0.0,0.0,0.0
64,30,104,105,56,1,0,18,0,0.9473684210526315,0.0,0.0,0.0
64,30,104,105,57,3,1,16,0,2.526315789473684,0.3333333333333333,0.0,0.3333333333333333
64,30,104,105,58,3,0,15,0,2.5,0.0,0.0,0.0
64,30,104,105,59,5,1,12,0,3.5294117647058822,0.2,0.0,0.2
64,30,104,105,61,2,1,10,0,1.6666666666666667,0.5,0.0,0.5
64,30,104,105,62,2,0,9,0,1.6363636363636365,0.0,0.0,0.0
64,30,104,105,63,2,0,9,0,1.6363636363636365,0.0,0.0,0.0
64,30,104,105,64,2,0,11,0,1.6923076923076923,0.0,0.0,0.0
64,30,104,105,65,2,1,12,0,1.7142857142857142,0.5,0.0,0.5
64,30,112,113,55,2,0,20,0,1.8181818181818181,0.0,0.0,0.0
64,30,112,113,56,1,0,19,0,0.95,0.0,0.0,0.0
64,30,112,113,57,2,1,17,0,1.7894736842105263,0.5,0.0,0.5
64,30,112,113,58,1,0,16,0,0.9411764705882353,0.0,0.0,0.0
64,30,112,113,59,4,1,12,0,3.0,0.25,0.0,0.25
64,30,112,113,60,4,0,9,0,2.769230769230769,0.0,0.0,0.0
64,30,112,113,61,2,0,10,0,1.6666666666666667,0.0,0.0,0.0
64,30,112,113,62,2,0,9,0,1.6363636363636365,0.0,0.0,0.0
64,30,112,113,63,2,0,9,0,1.6363636363636365,0.0,0.0,0.0
64,30,112,113,64,1,0,11,0,0.9166666666666666,0.0,0.0,0.0
64,30,112,113,65,2,0,11,0,1.6923076923076923,0.0,0.0,0.0
64,30,112,113,66,1,0,12,0,0.9230769230769231,0.0,0.0,0.0
64,30,112,113,67,2,0,12,0,1.7142857142857142,0.0,0.0,0.0
64,30,120,121,57,2,1,18,0,1.8,0.5,0.0,0.5
64,30,120,121,59,4,0,14,0,3.111111111111111,0.0,0.0,0.0
64,30,120,121,60,2,0,12,0,1.7142857142857142,0.0,0.0,0.0
64,30,120,121,61,1,0,11,0,0.9166666666666666,0.0,0.0,0.0
64,30,120,121,62,1,0,10,0,0.9090909090909091,0.0,0.0,0.0
64,30,120,121,63,2,1,10,0,1.6666666666666667,0.5,0.0,0.5
64,30,120,121,64,2,0,11,0,1.6923076923076923,0.0,0.0,0.0
64,30,120,121,65,1,0,12,0,0.9230769230769231,0.0,0.0,0.0
64,30,120,121,66,2,0,12,0,1.7142857142857142,0.0,0.0,0.0
64,31,24,25,21,11,6,1,0,0.9166666666666666,0.5454545454545454,0.0,0.5454545454545454
64,31,32,33,15,1,0,2,0,0.6666666666666666,0.0,0.0,0.0
64,31,32,33,16,2,0,2,0,1.0,0.0,0.0,0.0
64,31,32,33,17,1,0,3,0,0.75,0.0,0.0,0.0
64,31,32,33,18,2,0,3,0,1.2,0.0,0.0,0.0
64,31,32,33,26,3,1,3,0,1.5,0.3333333333333333,0.0,0.3333333333333333
64,31,32,33,27,7,1,5,0,2.9166666666666665,0.14285714285714285,0.0,0.14285714285714285
64,31,40,41,6,4,0,1,0,0.8,0.0,0.0,0.0
64,31,40,41,7,1,0,5,0,0.8333333333333334,0.0,0.0,0.0
64,31,40,41,8,2,0,6,0,1.5,0.0,0.0,0.0
64,31,40,41,9,1,0,8,0,0.8888888888888888,0.0,0.0,0.0
64,31,40,41,10,6,0,7,0,3.230769230769231,0.0,0.0,0.0
64,31,40,41,11,1,0,9,0,0.9,0.0,0.0,0.0
64,31,40,41,12,4,0,7,0,2.5454545454545454,0.0,0.0,0.0
64,31,40,41,13,1,0,8,0,0.8888888888888888,0.0,0.0,0.0
64,31,40,41,14,1,0,8,0,0.8888888888888888,0.0,0.0,0.0
64,31,40,41,31,1,1,1,0,0.5,1.0,0.0,1.0
64,31,40,41,32,5,3,1,0,0.8333333333333334,0.6,0.0,0.6
64,31,40,41,33,10,8,6,0,3.75,0.8,0.0,0.8
64,31,48,49,3,1,0,10,0,0.9090909090909091,0.0,0.0,0.0
64,31,48,49,4,2,0,11,0,1.6923076923076923,0.0,0.0,0.0
64,31,48,49,5,2,0,11,0,1.6923076923076923,0.0,0.0,0.0
64,31,48,49,6,4,0,10,0,2.857142857142857,0.0,0.0,0.0
64,31,48,49,7,1,0,12,0,0.9230769230769231,0.0,0.0,0.0
64,31,48,49,8,2,0,13,0,1.7333333333333334,0.0,0.0,0.0
64,31,48,49,10,2,0,16,0,1.7777777777777777,0.0,0.0,0.0
64,31,48,49,15,2,0,11,0,1.6923076923076923,0.0,0.0,0.0
64,31,48,49,16,2,0,8,0,1.6,0.0,0.0,0.0
64,31,48,49,18,1,0,5,0,0.8333333333333334,0.0,0.0,0.0
64,31,48,49,19,1,0,4,0,0.8,0.0,0.0,0.0
64,31,48,49,32,1,1,1,0,0.5,1.0,0.0,1.0
64,31,48,49,33,1,0,2,0,0.6666666666666666,0.0,0.0,0.0
64,31,48,49,34,3,2,3,0,1.5,0.6666666666666666,0.0,0.6666666666666666
64,31,48,49,35,3,0,3,0,1.5,0.0,0.0,0.0
64,31,48,49,36,2,0,3,0,1.2,0.0,0.0,0.0
64,31,48,49,37,3,0,3,0,1.5,0.0,0.0,0.0
64,31,48,49,38,2,0,4,0,1.3333333333333333,0.0,0.0,0.0
64,31,48,49,39,3,2,4,1,1.7142857142857142,0.6666666666666666,0.25,0.41666666666666663
64,31,56,57,5,1,0,15,0,0.9375,0.0,0.0,0.0
64,31,56,57,6,1,0,17,0,0.9444444444444444,0.0,0.0,0.0
64,31,56,57,7,1,0,18,0,0.9473684210526315,0.0,0.0,0.0
64,31,56,57,8,1,0,18,0,0.9473684210526315,0.0,0.0,0.0
64,31,56,57,11,2,0,17,0,1.7894736842105263,0.0,0.0,0.0
64,31,56,57,13,2,0,16,0,1.7777777777777777,0.0,0.0,0.0
64,31,56,57,14,2,0,15,0,1.7647058823529411,0.0,0.0,0.0
64,31,56,57,15,1,0,13,0,0.9285714285714286,0.0,0.0,0.0
64,31,56,57,33,2,0,1,0,0.6666666666666666,0.0,0.0,0.0
64,31,56,57,39,1,0,1,0,0.5,0.0,0.0,0.0
64,31,56,57,40,2,1,1,0,0.6666666666666666,0.5,0.0,0.5
64,31,56,57,41,1,0,2,0,0.6666666666666666,0.0,0.0,0.0
64,31,56,57,42,1,1,2,0,0.6666666666666666,1.0,0.0,1.0
64,31,64,65,6,1,0,19,0,0.95,0.0,0.0,0.0
64,31,64,65,7,1,0,21,0,0.9545454545454546,0.0,0.0,0.0
64,31,64,65,8,1,0,22,0,0.9565217391304348,0.0,0.0,0.0
64,31,64,65,9,1,0,23,0,0.9583333333333334,0.0,0.0,0.0
64,31,64,65,10,1,0,24,0,0.96,0.0,0.0,0.0
64,31,64,65,11,3,0,22,0,2.64,0.0,0.0,0.0
64,31,64,65,12,2,0,22,0,1.8333333333333333,0.0,0.0,0.0
64,31,64,65,13,2,0,22,0,1.8333333333333333,0.0,0.0,0.0
64,31,64,65,15,2,0,18,0,1.8,0.0,0.0,0.0
64,31,64,65,17,2,0,14,0,1.75,0.0,0.0,0.0
64,31,64,65,19,5,0,6,0,2.727272727272727,0.0,0.0,0.0
64,31,64,65,20,2,0,3,0,1.2,0.0,0.0,0.0
64,31,64,65,21,1,0,2,0,0.6666666666666666,0.0,0.0,0.0
64,31,72,73,7,1,0,22,0,0.9565217391304348,0.0,0.0,0.0
64,31,72,73,9,1,0,25,0,0.9615384615384616,0.0,0.0,0.0
64,31,72,73,10,2,0,25,0,1.8518518518518519,0.0,0.0,0.0
64,31,72,73,11,2,0,25,0,1.8518518518518519,0.0,0.0,0.0
64,31,72,73,12,1,0,25,0,0.9615384615384616,0.0,0.0,0.0
64,31,72,73,13,1,0,26,0,0.9629629629629629,0.0,0.0,0.0
64,31,72,73,14,2,0,24,0,1.8461538461538463,0.0,0.0,0.0
64,31,72,73,15,2,0,21,0,1.826086956521739,0.0,0.0,0.0
64,31,72,73,16,1,0,19,0,0.95,0.0,0.0,0.0
64,31,72,73,17,2,0,16,0,1.7777777777777777,0.0,0.0,0.0
64,31,72,73,18,2,0,14,0,1.75,0.0,0.0,0.0
64,31,80,81,18,3,0,19,0,2.590909090909091,0.0,0.0,0.0
64,31,80,81,19,4,0,12,0,3.0,0.0,0.0,0.0
64,31,88,89,19,1,0,17,0,0.9444444444444444,0.0,0.0,0.0
64,31,88,89,23,2,0,5,0,1.4285714285714286,0.0,0.0,0.0
64,31,88,89,24,1,0,5,0,0.8333333333333334,0.0,0.0,0.0
64,31,88,89,25,1,0,3,0,0.75,0.0,0.0,0.0
64,31,88,89,26,1,0,2,0,0.6666666666666666,0.0,0.0,0.0
64,31,88,89,27,2,0,2,0,1.0,0.0,0.0,0.0
64,31,88,89,29,1,0,2,0,0.6666666666666666,0.0,0.0,0.0
64,31,96,97,25,1,0,9,0,0.9,0.0,0.0,0.0
64,31,96,97,27,2,0,9,0,1.6363636363636365,0.0,0.0,0.0
64,31,96,97,28,2,0,10,0,1.6666666666666667,0.0,0.0,0.0
64,31,96,97,29,3,0,10,0,2.3076923076923075,0.0,0.0,0.0
64,31,96,97,30,2,0,11,0,1.6923076923076923,0.0,0.0,0.0
64,31,96,97,31,3,0,11,0,2.357142857142857,0.0,0.0,0.0
64,31,96,97,33,4,0,10,0,2.857142857142857,0.0,0.0,0.0
64,31,96,97,34,1,0,11,0,0.9166666666666666,0.0,0.0,0.0
64,31,96,97,35,3,0,8,0,2.1818181818181817,0.0,0.0,0.0
64,31,96,97,36,1,0,7,0,0.875,0.0,0.0,0.0
64,31,96,97,37,5,0,2,0,1.4285714285714286,0.0,0.0,0.0
64,31,96,97,39,2,0,2,0,1.0,0.0,0.0,0.0
64,31,96,97,40,2,0,1,0,0.6666666666666666,0.0,0.0,0.0
