size,map_index,start_step,end_step,distance,frontier_opportunities,frontier_acquired,nonfrontier_opportunities,nonfrontier_acquired,matched_weight,frontier_rate,nonfrontier_rate,rate_difference
32,0,24,25,19,1,1,1,0,0.5,1.0,0.0,1.0
32,0,24,25,20,2,1,2,0,1.0,0.5,0.0,0.5
32,1,8,9,9,7,7,2,0,1.5555555555555556,1.0,0.0,1.0
32,1,24,25,20,3,2,3,0,1.5,0.6666666666666666,0.0,0.6666666666666666
32,2,16,17,15,5,3,1,0,0.8333333333333334,0.6,0.0,0.6
32,2,24,25,18,1,1,1,0,0.5,1.0,0.0,1.0
32,2,24,25,19,3,3,2,0,1.2,1.0,0.0,1.0
32,3,16,17,14,2,0,1,0,0.6666666666666666,0.0,0.0,0.0
32,3,16,17,15,11,3,4,0,2.933333333333333,0.2727272727272727,0.0,0.2727272727272727
32,3,24,25,19,6,6,4,0,2.4,1.0,0.0,1.0
32,3,24,25,20,7,1,12,0,4.421052631578948,0.14285714285714285,0.0,0.14285714285714285
32,3,32,33,22,2,0,1,1,0.6666666666666666,0.0,1.0,-1.0
32,3,32,33,23,6,4,1,1,0.8571428571428571,0.6666666666666666,1.0,-0.33333333333333337
32,3,32,33,24,4,0,1,0,0.8,0.0,0.0,0.0
32,3,40,41,30,2,0,2,0,1.0,0.0,0.0,0.0
32,3,40,41,31,7,6,3,0,2.1,0.8571428571428571,0.0,0.8571428571428571
32,4,24,25,19,3,2,1,0,0.75,0.6666666666666666,0.0,0.6666666666666666
32,4,24,25,20,3,1,5,0,1.875,0.3333333333333333,0.0,0.3333333333333333
32,4,24,25,21,1,0,9,0,0.9,0.0,0.0,0.0
32,4,32,33,22,2,0,1,0,0.6666666666666666,0.0,0.0,0.0
32,4,32,33,23,3,2,3,0,1.5,0.6666666666666666,0.0,0.6666666666666666
32,4,40,41,29,4,1,1,0,0.8,0.25,0.0,0.25
32,4,48,49,32,1,0,1,0,0.5,0.0,0.0,0.0
32,4,48,49,33,6,2,1,1,0.8571428571428571,0.3333333333333333,1.0,-0.6666666666666667
32,4,64,65,44,1,0,1,0,0.5,0.0,0.0,0.0
32,4,64,65,45,4,3,2,0,1.3333333333333333,0.75,0.0,0.75
32,4,64,65,47,1,0,4,0,0.8,0.0,0.0,0.0
32,4,72,73,51,1,1,1,0,0.5,1.0,0.0,1.0
32,4,80,81,53,3,3,2,0,1.2,1.0,0.0,1.0
32,5,24,25,19,5,3,1,0,0.8333333333333334,0.6,0.0,0.6
32,5,32,33,24,2,0,4,0,1.3333333333333333,0.0,0.0,0.0
32,5,32,33,25,1,1,6,0,0.8571428571428571,1.0,0.0,1.0
32,5,40,41,29,8,5,3,0,2.1818181818181817,0.625,0.0,0.625
32,5,48,49,33,8,3,2,0,1.6,0.375,0.0,0.375
32,5,48,49,34,1,0,10,0,0.9090909090909091,0.0,0.0,0.0
32,5,48,49,35,5,4,9,0,3.2142857142857144,0.8,0.0,0.8
32,5,56,57,38,2,0,3,0,1.2,0.0,0.0,0.0
32,5,64,65,38,1,1,1,0,0.5,1.0,0.0,1.0
32,5,64,65,39,3,2,2,0,1.2,0.6666666666666666,0.0,0.6666666666666666
32,5,64,65,40,2,1,6,1,1.5,0.5,0.16666666666666666,0.33333333333333337
32,5,64,65,41,3,3,9,1,2.25,1.0,0.1111111111111111,0.8888888888888888
32,5,64,65,42,1,0,15,0,0.9375,0.0,0.0,0.0
32,5,64,65,44,3,0,17,0,2.55,0.0,0.0,0.0
32,5,64,65,45,2,2,18,0,1.8,1.0,0.0,1.0
32,5,72,73,43,1,1,6,0,0.8571428571428571,1.0,0.0,1.0
32,5,72,73,45,3,2,8,0,2.1818181818181817,0.6666666666666666,0.0,0.6666666666666666
32,5,72,73,46,3,0,10,0,2.3076923076923075,0.0,0.0,0.0
32,5,72,73,47,5,2,14,0,3.6842105263157894,0.4,0.0,0.4
32,5,72,73,48,1,0,21,0,0.9545454545454546,0.0,0.0,0.0
32,5,80,81,46,1,0,8,0,0.8888888888888888,0.0,0.0,0.0
32,5,80,81,48,2,1,13,0,1.7333333333333334,0.5,0.0,0.5
32,5,80,81,53,1,1,19,0,0.95,1.0,0.0,1.0
32,5,80,81,54,1,0,20,0,0.9523809523809523,0.0,0.0,0.0
32,5,80,81,55,2,1,19,0,1.8095238095238095,0.5,0.0,0.5
32,5,88,89,48,2,0,8,0,1.6,0.0,0.0,0.0
32,5,88,89,49,2,0,9,0,1.6363636363636365,0.0,0.0,0.0
32,5,88,89,50,4,0,8,0,2.6666666666666665,0.0,0.0,0.0
32,5,88,89,51,4,4,8,0,2.6666666666666665,1.0,0.0,1.0
32,5,88,89,52,4,0,8,0,2.6666666666666665,0.0,0.0,0.0
32,5,88,89,53,7,3,10,0,4.117647058823529,0.42857142857142855,0.0,0.42857142857142855
32,5,88,89,54,2,0,18,1,1.8,0.0,0.05555555555555555,-0.05555555555555555
32,5,96,97,44,1,0,1,0,0.5,0.0,0.0,0.0
32,5,96,97,45,1,0,2,0,0.6666666666666666,0.0,0.0,0.0
32,5,96,97,46,1,0,2,0,0.6666666666666666,0.0,0.0,0.0
32,5,96,97,47,1,0,2,0,0.6666666666666666,0.0,0.0,0.0
32,5,96,97,48,1,0,2,0,0.6666666666666666,0.0,0.0,0.0
32,5,96,97,49,3,1,2,0,1.2,0.3333333333333333,0.0,0.3333333333333333
32,5,96,97,50,2,0,4,0,1.3333333333333333,0.0,0.0,0.0
32,5,96,97,54,1,1,10,0,0.9090909090909091,1.0,0.0,1.0
32,5,104,105,51,1,0,2,0,0.6666666666666666,0.0,0.0,0.0
32,5,104,105,52,1,0,3,0,0.75,0.0,0.0,0.0
32,5,104,105,53,1,1,6,0,0.8571428571428571,1.0,0.0,1.0
32,5,104,105,54,2,0,8,0,1.6,0.0,0.0,0.0
32,5,112,113,53,1,0,4,0,0.8,0.0,0.0,0.0
32,5,112,113,54,1,0,6,0,0.8571428571428571,0.0,0.0,0.0
32,5,112,113,56,3,1,10,0,2.3076923076923075,0.3333333333333333,0.0,0.3333333333333333
32,5,112,113,57,3,2,11,0,2.357142857142857,0.6666666666666666,0.0,0.6666666666666666
32,5,120,121,55,1,0,7,0,0.875,0.0,0.0,0.0
32,5,120,121,57,1,1,8,0,0.8888888888888888,1.0,0.0,1.0
32,5,120,121,59,1,1,5,0,0.8333333333333334,1.0,0.0,1.0
32,5,120,121,60,1,0,3,0,0.75,0.0,0.0,0.0
32,5,120,121,61,2,1,1,0,0.6666666666666666,0.5,0.0,0.5
32,5,128,129,55,3,1,2,0,1.2,0.3333333333333333,0.0,0.3333333333333333
32,5,128,129,56,2,0,3,0,1.2,0.0,0.0,0.0
32,5,128,129,57,2,0,3,0,1.2,0.0,0.0,0.0
32,5,128,129,58,2,0,3,0,1.2,0.0,0.0,0.0
32,5,128,129,59,2,0,3,0,1.2,0.0,0.0,0.0
32,5,136,137,56,1,1,1,0,0.5,1.0,0.0,1.0
32,5,136,137,57,1,1,1,0,0.5,1.0,0.0,1.0
32,5,136,137,58,1,1,1,0,0.5,1.0,0.0,1.0
32,5,136,137,59,2,2,1,0,0.6666666666666666,1.0,0.0,1.0
32,5,136,137,60,2,0,1,0,0.6666666666666666,0.0,0.0,0.0
32,6,16,17,14,3,2,1,0,0.75,0.6666666666666666,0.0,0.6666666666666666
32,6,24,25,20,3,0,5,0,1.875,0.0,0.0,0.0
32,6,32,33,24,1,0,3,0,0.75,0.0,0.0,0.0
32,6,32,33,25,10,8,3,0,2.3076923076923075,0.8,0.0,0.8
32,6,40,41,30,1,0,2,0,0.6666666666666666,0.0,0.0,0.0
32,6,40,41,31,6,4,2,0,1.5,0.6666666666666666,0.0,0.6666666666666666
32,6,48,49,37,2,2,4,0,1.3333333333333333,1.0,0.0,1.0
32,6,56,57,39,2,1,1,0,0.6666666666666666,0.5,0.0,0.5
32,6,56,57,40,1,1,2,0,0.6666666666666666,1.0,0.0,1.0
32,6,56,57,41,2,2,2,0,1.0,1.0,0.0,1.0
32,6,64,65,46,2,0,1,0,0.6666666666666666,0.0,0.0,0.0
32,6,64,65,47,4,2,1,0,0.8,0.5,0.0,0.5
32,6,80,81,58,1,0,1,0,0.5,0.0,0.0,0.0
32,6,80,81,59,2,2,1,0,0.6666666666666666,1.0,0.0,1.0
32,7,8,9,9,8,6,1,0,0.8888888888888888,0.75,0.0,0.75
32,7,16,17,14,6,5,2,0,1.5,0.8333333333333334,0.0,0.8333333333333334
32,7,16,17,15,4,2,10,0,2.857142857142857,0.5,0.0,0.5
32,7,24,25,20,9,2,4,0,2.769230769230769,0.2222222222222222,0.0,0.2222222222222222
32,7,32,33,25,5,5,5,0,2.5,1.0,0.0,1.0
32,7,32,33,26,1,0,13,0,0.9285714285714286,0.0,0.0,0.0
32,7,40,41,30,2,0,4,0,1.3333333333333333,0.0,0.0,0.0
32,7,40,41,31,5,1,4,0,2.2222222222222223,0.2,0.0,0.2
32,7,48,49,34,1,0,1,0,0.5,0.0,0.0,0.0
32,7,48,49,35,1,1,1,0,0.5,1.0,0.0,1.0
32,8,16,17,14,2,1,1,0,0.6666666666666666,0.5,0.0,0.5
32,8,16,17,15,5,0,2,0,1.4285714285714286,0.0,0.0,0.0
32,8,32,33,25,5,3,1,0,0.8333333333333334,0.6,0.0,0.6
32,8,32,33,26,1,0,6,0,0.8571428571428571,0.0,0.0,0.0
32,9,16,17,15,4,2,3,0,1.7142857142857142,0.5,0.0,0.5
32,9,24,25,20,5,1,2,0,1.4285714285714286,0.2,0.0,0.2
32,10,8,9,9,2,1,1,0,0.6666666666666666,0.5,0.0,0.5
32,10,24,25,20,2,1,3,0,1.2,0.5,0.0,0.5
32,10,24,25,21,1,0,6,0,0.8571428571428571,0.0,0.0,0.0
32,10,40,41,30,1,1,3,0,0.75,1.0,0.0,1.0
32,10,40,41,31,5,2,3,0,1.875,0.4,0.0,0.4
32,10,56,57,42,1,0,6,0,0.8571428571428571,0.0,0.0,0.0
32,11,16,17,14,3,2,1,0,0.75,0.6666666666666666,0.0,0.6666666666666666
32,11,16,17,15,6,0,2,0,1.5,0.0,0.0,0.0
32,11,32,33,26,1,0,5,0,0.8333333333333334,0.0,0.0,0.0
32,11,40,41,30,2,0,1,0,0.6666666666666666,0.0,0.0,0.0
32,11,40,41,31,4,2,2,0,1.3333333333333333,0.5,0.0,0.5
32,11,48,49,34,1,0,1,0,0.5,0.0,0.0,0.0
32,11,48,49,35,3,1,2,0,1.2,0.3333333333333333,0.0,0.3333333333333333
32,11,48,49,37,2,2,2,0,1.0,1.0,0.0,1.0
32,12,32,33,24,1,0,1,0,0.5,0.0,0.0,0.0
32,12,32,33,25,2,1,1,1,0.6666666666666666,0.5,1.0,-0.5
32,13,8,9,9,11,11,1,0,0.9166666666666666,1.0,0.0,1.0
32,13,16,17,14,4,3,6,0,2.4,0.75,0.0,0.75
32,13,16,17,15,6,1,10,0,3.75,0.16666666666666666,0.0,0.16666666666666666
32,13,24,25,20,1,0,7,0,0.875,0.0,0.0,0.0
32,13,56,57,37,2,2,2,0,1.0,1.0,0.0,1.0
32,13,56,57,38,1,0,4,0,0.8,0.0,0.0,0.0
32,13,64,65,39,1,0,2,0,0.6666666666666666,0.0,0.0,0.0
32,13,64,65,40,1,0,3,0,0.75,0.0,0.0,0.0
32,13,64,65,41,2,2,4,0,1.3333333333333333,1.0,0.0,1.0
32,13,80,81,41,2,1,1,0,0.6666666666666666,0.5,0.0,0.5
32,13,80,81,43,2,1,3,0,1.2,0.5,0.0,0.5
32,13,80,81,45,2,1,5,0,1.4285714285714286,0.5,0.0,0.5
32,13,80,81,46,1,0,6,0,0.8571428571428571,0.0,0.0,0.0
32,13,88,89,43,2,1,1,0,0.6666666666666666,0.5,0.0,0.5
32,13,88,89,44,1,1,3,0,0.75,1.0,0.0,1.0
32,13,88,89,45,1,1,4,0,0.8,1.0,0.0,1.0
32,13,88,89,46,1,0,4,0,0.8,0.0,0.0,0.0
32,13,88,89,47,2,1,4,0,1.3333333333333333,0.5,0.0,0.5
32,14,16,17,14,3,1,1,0,0.75,0.3333333333333333,0.0,0.3333333333333333
32,14,16,17,15,7,2,3,0,2.1,0.2857142857142857,0.0,0.2857142857142857
32,14,24,25,19,3,3,1,0,0.75,1.0,0.0,1.0
32,14,24,25,20,3,0,4,0,1.7142857142857142,0.0,0.0,0.0
32,15,8,9,9,10,10,1,0,0.9090909090909091,1.0,0.0,1.0
32,16,8,9,9,6,3,1,0,0.8571428571428571,0.5,0.0,0.5
32,16,16,17,14,6,4,2,0,1.5,0.6666666666666666,0.0,0.6666666666666666
32,16,16,17,15,7,2,7,0,3.5,0.2857142857142857,0.0,0.2857142857142857
32,16,24,25,20,4,0,7,0,2.5454545454545454,0.0,0.0,0.0
32,16,32,33,23,6,5,1,0,0.8571428571428571,0.8333333333333334,0.0,0.8333333333333334
32,16,32,33,25,4,2,7,0,2.5454545454545454,0.5,0.0,0.5
32,16,32,33,26,1,0,9,0,0.9,0.0,0.0,0.0
32,16,40,41,29,2,2,1,0,0.6666666666666666,1.0,0.0,1.0
32,17,8,9,9,9,5,2,0,1.6363636363636365,0.5555555555555556,0.0,0.5555555555555556
32,17,16,17,15,8,3,3,0,2.1818181818181817,0.375,0.0,0.375
32,17,24,25,19,4,3,2,0,1.3333333333333333,0.75,0.0,0.75
32,17,24,25,20,3,0,4,0,1.7142857142857142,0.0,0.0,0.0
32,17,32,33,24,3,1,1,0,0.75,0.3333333333333333,0.0,0.3333333333333333
32,17,40,41,29,3,2,1,0,0.75,0.6666666666666666,0.0,0.6666666666666666
32,18,8,9,9,3,0,5,0,1.875,0.0,0.0,0.0
32,18,16,17,14,3,2,1,0,0.75,0.6666666666666666,0.0,0.6666666666666666
32,18,16,17,15,9,2,3,0,2.25,0.2222222222222222,0.0,0.2222222222222222
32,19,8,9,9,5,4,1,0,0.8333333333333334,0.8,0.0,0.8
32,20,16,17,14,3,0,4,0,1.7142857142857142,0.0,0.0,0.0
32,20,16,17,15,4,1,7,0,2.5454545454545454,0.25,0.0,0.25
32,20,24,25,19,6,6,3,0,2.0,1.0,0.0,1.0
32,20,32,33,24,2,0,3,0,1.2,0.0,0.0,0.0
32,20,32,33,25,9,8,7,0,3.9375,0.8888888888888888,0.0,0.8888888888888888
32,20,32,33,26,1,0,14,0,0.9333333333333333,0.0,0.0,0.0
32,20,40,41,28,3,0,1,0,0.75,0.0,0.0,0.0
32,20,40,41,29,11,8,3,0,2.357142857142857,0.7272727272727273,0.0,0.7272727272727273
32,20,48,49,32,1,0,1,0,0.5,0.0,0.0,0.0
32,20,120,121,6,2,0,1,0,0.6666666666666666,0.0,0.0,0.0
32,20,128,129,2,1,0,2,0,0.6666666666666666,0.0,0.0,0.0
32,20,128,129,3,2,0,3,0,1.2,0.0,0.0,0.0
32,20,128,129,4,1,0,4,0,0.8,0.0,0.0,0.0
32,20,128,129,5,2,0,4,0,1.3333333333333333,0.0,0.0,0.0
32,20,128,129,6,2,0,5,0,1.4285714285714286,0.0,0.0,0.0
32,20,128,129,7,1,0,5,0,0.8333333333333334,0.0,0.0,0.0
32,20,136,137,2,2,0,5,0,1.4285714285714286,0.0,0.0,0.0
32,20,136,137,6,1,0,8,0,0.8888888888888888,0.0,0.0,0.0
32,20,144,145,6,1,0,8,0,0.8888888888888888,0.0,0.0,0.0
32,20,152,153,7,1,0,7,0,0.875,0.0,0.0,0.0
32,20,160,161,7,1,0,7,0,0.875,0.0,0.0,0.0
32,20,168,169,7,1,0,7,0,0.875,0.0,0.0,0.0
32,20,176,177,8,1,0,5,0,0.8333333333333334,0.0,0.0,0.0
32,20,176,177,9,1,0,3,0,0.75,0.0,0.0,0.0
32,20,176,177,10,1,0,2,0,0.6666666666666666,0.0,0.0,0.0
32,20,176,177,11,1,0,1,0,0.5,0.0,0.0,0.0
32,20,184,185,8,1,0,5,0,0.8333333333333334,0.0,0.0,0.0
32,20,184,185,9,1,0,3,0,0.75,0.0,0.0,0.0
32,20,184,185,10,1,0,2,0,0.6666666666666666,0.0,0.0,0.0
32,20,184,185,11,1,0,1,0,0.5,0.0,0.0,0.0
32,20,192,193,9,2,0,4,0,1.3333333333333333,0.0,0.0,0.0
32,20,192,193,10,1,0,3,0,0.75,0.0,0.0,0.0
32,20,192,193,11,1,0,2,0,0.6666666666666666,0.0,0.0,0.0
32,20,192,193,12,1,0,1,0,0.5,0.0,0.0,0.0
32,20,192,193,13,1,0,1,0,0.5,0.0,0.0,0.0
32,20,200,201,9,2,0,4,0,1.3333333333333333,0.0,0.0,0.0
32,20,200,201,10,1,0,3,0,0.75,0.0,0.0,0.0
32,20,200,201,11,1,0,2,0,0.6666666666666666,0.0,0.0,0.0
32,20,200,201,12,1,0,1,0,0.5,0.0,0.0,0.0
32,20,200,201,13,1,0,1,0,0.5,0.0,0.0,0.0
32,20,208,209,9,1,0,5,0,0.8333333333333334,0.0,0.0,0.0
32,20,208,209,10,1,0,4,0,0.8,0.0,0.0,0.0
32,20,208,209,11,1,0,3,0,0.75,0.0,0.0,0.0
32,20,208,209,12,1,0,2,0,0.6666666666666666,0.0,0.0,0.0
32,20,208,209,13,1,0,2,0,0.6666666666666666,0.0,0.0,0.0
32,20,208,209,14,1,0,1,0,0.5,0.0,0.0,0.0
32,20,216,217,9,1,0,5,0,0.8333333333333334,0.0,0.0,0.0
32,20,216,217,11,1,0,4,0,0.8,0.0,0.0,0.0
32,20,216,217,12,1,0,3,0,0.75,0.0,0.0,0.0
32,20,216,217,13,1,0,3,0,0.75,0.0,0.0,0.0
32,20,216,217,14,1,0,2,0,0.6666666666666666,0.0,0.0,0.0
32,20,224,225,9,1,0,5,0,0.8333333333333334,0.0,0.0,0.0
32,20,224,225,11,1,0,4,0,0.8,0.0,0.0,0.0
32,20,224,225,13,1,0,4,0,0.8,0.0,0.0,0.0
32,20,224,225,14,1,0,3,0,0.75,0.0,0.0,0.0
32,20,224,225,16,1,0,2,0,0.6666666666666666,0.0,0.0,0.0
32,20,232,233,9,1,0,5,0,0.8333333333333334,0.0,0.0,0.0
32,20,232,233,13,1,0,5,0,0.8333333333333334,0.0,0.0,0.0
32,20,232,233,15,1,0,4,0,0.8,0.0,0.0,0.0
32,20,232,233,16,1,0,3,0,0.75,0.0,0.0,0.0
32,20,232,233,18,1,0,2,0,0.6666666666666666,0.0,0.0,0.0
32,20,240,241,10,1,0,5,0,0.8333333333333334,0.0,0.0,0.0
32,20,240,241,17,1,0,3,0,0.75,0.0,0.0,0.0
32,20,248,249,10,1,0,5,0,0.8333333333333334,0.0,0.0,0.0
32,20,248,249,17,1,0,3,0,0.75,0.0,0.0,0.0
32,21,8,9,9,9,5,1,0,0.9,0.5555555555555556,0.0,0.5555555555555556
32,21,16,17,14,6,5,2,0,1.5,0.8333333333333334,0.0,0.8333333333333334
32,21,16,17,15,9,2,7,0,3.9375,0.2222222222222222,0.0,0.2222222222222222
32,21,24,25,20,4,1,6,0,2.4,0.25,0.0,0.25
32,21,32,33,24,2,0,1,0,0.6666666666666666,0.0,0.0,0.0
32,21,32,33,25,5,4,3,0,1.875,0.8,0.0,0.8
32,21,40,41,30,1,0,2,0,0.6666666666666666,0.0,0.0,0.0
32,21,40,41,31,1,0,2,0,0.6666666666666666,0.0,0.0,0.0
32,21,48,49,37,4,2,1,0,0.8,0.5,0.0,0.5
32,21,48,49,38,1,0,6,0,0.8571428571428571,0.0,0.0,0.0
32,21,56,57,41,5,2,5,0,2.5,0.4,0.0,0.4
32,21,56,57,43,2,1,10,0,1.6666666666666667,0.5,0.0,0.5
32,21,64,65,41,2,1,1,0,0.6666666666666666,0.5,0.0,0.5
32,21,64,65,42,2,1,3,0,1.2,0.5,0.0,0.5
32,21,64,65,43,3,3,6,0,2.0,1.0,0.0,1.0
32,21,64,65,44,2,0,6,0,1.5,0.0,0.0,0.0
32,21,64,65,45,1,0,4,0,0.8,0.0,0.0,0.0
32,22,8,9,9,6,4,5,1,2.727272727272727,0.6666666666666666,0.2,0.4666666666666666
32,22,16,17,14,4,3,3,0,1.7142857142857142,0.75,0.0,0.75
32,22,16,17,15,11,4,5,0,3.4375,0.36363636363636365,0.0,0.36363636363636365
32,22,24,25,18,4,2,1,0,0.8,0.5,0.0,0.5
32,22,24,25,19,4,4,5,0,2.2222222222222223,1.0,0.0,1.0
32,22,24,25,20,1,1,8,1,0.8888888888888888,1.0,0.125,0.875
32,22,32,33,24,3,1,7,0,2.1,0.3333333333333333,0.0,0.3333333333333333
32,22,32,33,25,3,1,12,0,2.4,0.3333333333333333,0.0,0.3333333333333333
32,22,32,33,26,1,0,15,0,0.9375,0.0,0.0,0.0
32,22,40,41,28,1,0,1,0,0.5,0.0,0.0,0.0
32,22,40,41,29,8,7,3,0,2.1818181818181817,0.875,0.0,0.875
32,22,40,41,30,1,0,11,2,0.9166666666666666,0.0,0.18181818181818182,-0.18181818181818182
32,22,40,41,31,2,2,12,0,1.7142857142857142,1.0,0.0,1.0
32,22,48,49,30,2,1,1,0,0.6666666666666666,0.5,0.0,0.5
32,22,48,49,31,2,2,4,0,1.3333333333333333,1.0,0.0,1.0
32,22,48,49,32,1,0,6,0,0.8571428571428571,0.0,0.0,0.0
32,22,48,49,33,1,1,7,1,0.875,1.0,0.14285714285714285,0.8571428571428572
32,22,48,49,34,2,0,6,0,1.5,0.0,0.0,0.0
32,22,48,49,35,3,2,7,0,2.1,0.6666666666666666,0.0,0.6666666666666666
32,23,8,9,9,6,3,1,0,0.8571428571428571,0.5,0.0,0.5
32,23,16,17,14,6,2,1,0,0.8571428571428571,0.3333333333333333,0.0,0.3333333333333333
32,23,16,17,15,5,2,8,0,3.076923076923077,0.4,0.0,0.4
32,23,24,25,20,5,2,1,1,0.8333333333333334,0.4,1.0,-0.6
32,23,40,41,31,2,2,1,0,0.6666666666666666,1.0,0.0,1.0
32,24,32,33,26,1,0,4,0,0.8,0.0,0.0,0.0
32,24,40,41,30,2,1,1,0,0.6666666666666666,0.5,0.0,0.5
32,24,40,41,31,7,5,4,1,2.5454545454545454,0.7142857142857143,0.25,0.4642857142857143
32,24,48,49,37,4,4,1,0,0.8,1.0,0.0,1.0
32,25,8,9,9,15,14,1,0,0.9375,0.9333333333333333,0.0,0.9333333333333333
32,25,16,17,14,1,1,2,0,0.6666666666666666,1.0,0.0,1.0
32,25,16,17,15,5,2,2,0,1.4285714285714286,0.4,0.0,0.4
32,25,24,25,20,2,0,1,0,0.6666666666666666,0.0,0.0,0.0
32,26,8,9,9,2,1,4,0,1.3333333333333333,0.5,0.0,0.5
32,26,16,17,14,2,1,3,1,1.2,0.5,0.3333333333333333,0.16666666666666669
32,26,16,17,15,10,1,2,0,1.6666666666666667,0.1,0.0,0.1
32,26,24,25,18,3,0,2,0,1.2,0.0,0.0,0.0
32,26,24,25,19,2,2,6,0,1.5,1.0,0.0,1.0
32,26,32,33,23,6,3,1,1,0.8571428571428571,0.5,1.0,-0.5
32,27,16,17,14,5,4,2,0,1.4285714285714286,0.8,0.0,0.8
32,27,16,17,15,7,0,5,0,2.9166666666666665,0.0,0.0,0.0
32,27,32,33,24,2,0,2,0,1.0,0.0,0.0,0.0
32,27,32,33,25,7,6,3,0,2.1,0.8571428571428571,0.0,0.8571428571428571
32,27,32,33,26,1,0,9,0,0.9,0.0,0.0,0.0
32,27,40,41,30,2,1,3,0,1.2,0.5,0.0,0.5
32,27,40,41,31,4,1,4,0,2.0,0.25,0.0,0.25
32,27,64,65,44,1,0,2,0,0.6666666666666666,0.0,0.0,0.0
32,27,64,65,45,5,3,2,0,1.4285714285714286,0.6,0.0,0.6
32,27,64,65,47,1,1,5,0,0.8333333333333334,1.0,0.0,1.0
32,27,88,89,57,1,0,2,0,0.6666666666666666,0.0,0.0,0.0
32,27,88,89,58,1,0,3,0,0.75,0.0,0.0,0.0
32,27,88,89,59,3,2,6,0,2.0,0.6666666666666666,0.0,0.6666666666666666
32,27,96,97,59,1,0,4,0,0.8,0.0,0.0,0.0
32,27,96,97,60,1,0,7,0,0.875,0.0,0.0,0.0
32,27,96,97,61,2,1,9,0,1.6363636363636365,0.5,0.0,0.5
32,27,96,97,63,2,0,10,0,1.6666666666666667,0.0,0.0,0.0
32,27,104,105,61,1,1,6,0,0.8571428571428571,1.0,0.0,1.0
32,27,104,105,63,1,0,6,0,0.8571428571428571,0.0,0.0,0.0
32,27,104,105,67,1,1,5,0,0.8333333333333334,1.0,0.0,1.0
32,27,112,113,64,1,0,4,0,0.8,0.0,0.0,0.0
32,27,120,121,60,2,1,1,0,0.6666666666666666,0.5,0.0,0.5
32,27,120,121,61,3,1,2,0,1.2,0.3333333333333333,0.0,0.3333333333333333
32,27,120,121,62,2,0,4,0,1.3333333333333333,0.0,0.0,0.0
32,27,120,121,63,2,0,4,0,1.3333333333333333,0.0,0.0,0.0
32,27,120,121,65,2,1,2,0,1.0,0.5,0.0,0.5
32,27,120,121,66,1,0,2,0,0.6666666666666666,0.0,0.0,0.0
32,27,120,121,67,2,1,2,0,1.0,0.5,0.0,0.5
32,27,120,121,68,2,0,3,0,1.2,0.0,0.0,0.0
32,27,120,121,69,3,1,4,0,1.7142857142857142,0.3333333333333333,0.0,0.3333333333333333
32,27,128,129,62,1,0,1,0,0.5,0.0,0.0,0.0
32,27,128,129,63,2,1,1,0,0.6666666666666666,0.5,0.0,0.5
32,27,128,129,64,2,0,2,0,1.0,0.0,0.0,0.0
32,27,128,129,66,1,0,1,0,0.5,0.0,0.0,0.0
32,27,128,129,67,1,0,1,0,0.5,0.0,0.0,0.0
32,27,128,129,68,1,0,2,0,0.6666666666666666,0.0,0.0,0.0
32,27,128,129,69,2,1,3,0,1.2,0.5,0.0,0.5
32,27,128,129,70,2,0,4,0,1.3333333333333333,0.0,0.0,0.0
32,27,128,129,71,1,0,5,0,0.8333333333333334,0.0,0.0,0.0
32,27,136,137,68,1,0,1,0,0.5,0.0,0.0,0.0
32,27,136,137,69,1,0,2,0,0.6666666666666666,0.0,0.0,0.0
32,27,136,137,70,3,0,2,0,1.2,0.0,0.0,0.0
32,27,136,137,71,1,0,4,0,0.8,0.0,0.0,0.0
32,27,136,137,72,1,0,6,0,0.8571428571428571,0.0,0.0,0.0
32,27,144,145,71,1,1,1,0,0.5,1.0,0.0,1.0
32,27,144,145,72,2,0,3,0,1.2,0.0,0.0,0.0
32,27,144,145,73,2,1,6,0,1.5,0.5,0.0,0.5
32,27,152,153,75,1,1,7,0,0.875,1.0,0.0,1.0
32,27,184,185,73,3,0,2,0,1.2,0.0,0.0,0.0
32,27,192,193,74,2,1,2,0,1.0,0.5,0.0,0.5
32,27,192,193,75,3,2,3,0,1.5,0.6666666666666666,0.0,0.6666666666666666
32,27,192,193,76,2,0,4,0,1.3333333333333333,0.0,0.0,0.0
32,27,192,193,77,3,1,4,0,1.7142857142857142,0.3333333333333333,0.0,0.3333333333333333
32,27,200,201,74,1,0,1,0,0.5,0.0,0.0,0.0
32,27,200,201,75,1,0,2,0,0.6666666666666666,0.0,0.0,0.0
32,27,200,201,76,2,0,2,0,1.0,0.0,0.0,0.0
32,27,200,201,77,2,0,2,0,1.0,0.0,0.0,0.0
32,27,200,201,78,2,0,2,0,1.0,0.0,0.0,0.0
32,27,200,201,79,2,0,2,0,1.0,0.0,0.0,0.0
32,27,208,209,75,1,0,1,0,0.5,0.0,0.0,0.0
32,27,208,209,76,1,0,1,0,0.5,0.0,0.0,0.0
32,27,208,209,77,1,0,1,0,0.5,0.0,0.0,0.0
32,27,208,209,78,1,0,1,0,0.5,0.0,0.0,0.0
32,27,208,209,79,2,0,1,0,0.6666666666666666,0.0,0.0,0.0
32,28,16,17,15,7,4,3,0,2.1,0.5714285714285714,0.0,0.5714285714285714
32,28,24,25,18,1,0,1,0,0.5,0.0,0.0,0.0
32,28,24,25,19,7,5,1,0,0.875,0.7142857142857143,0.0,0.7142857142857143
32,28,24,25,20,6,3,8,0,3.4285714285714284,0.5,0.0,0.5
32,28,40,41,29,5,4,3,0,1.875,0.8,0.0,0.8
32,28,40,41,30,3,0,6,0,2.0,0.0,0.0,0.0
32,28,40,41,31,6,4,5,0,2.727272727272727,0.6666666666666666,0.0,0.6666666666666666
32,28,48,49,33,2,1,5,0,1.4285714285714286,0.5,0.0,0.5
32,28,48,49,35,3,1,12,0,2.4,0.3333333333333333,0.0,0.3333333333333333
32,28,48,49,37,2,2,13,1,1.7333333333333334,1.0,0.07692307692307693,0.9230769230769231
32,28,56,57,38,1,0,1,0,0.5,0.0,0.0,0.0
32,28,56,57,40,1,0,5,0,0.8333333333333334,0.0,0.0,0.0
32,28,56,57,41,1,1,9,0,0.9,1.0,0.0,1.0
32,28,56,57,42,1,0,11,0,0.9166666666666666,0.0,0.0,0.0
32,28,64,65,40,2,0,1,0,0.6666666666666666,0.0,0.0,0.0
32,28,64,65,41,4,2,2,0,1.3333333333333333,0.5,0.0,0.5
32,28,64,65,42,2,0,6,0,1.5,0.0,0.0,0.0
32,28,64,65,43,5,2,8,0,3.076923076923077,0.4,0.0,0.4
32,28,64,65,45,2,1,10,0,1.6666666666666667,0.5,0.0,0.5
32,28,72,73,48,1,0,1,0,0.5,0.0,0.0,0.0
32,28,72,73,49,5,3,1,0,0.8333333333333334,0.6,0.0,0.6
32,28,72,73,50,1,0,4,0,0.8,0.0,0.0,0.0
32,28,72,73,51,4,2,3,0,1.7142857142857142,0.5,0.0,0.5
32,29,24,25,20,4,2,3,0,1.7142857142857142,0.5,0.0,0.5
32,29,32,33,25,3,3,1,0,0.75,1.0,0.0,1.0
32,29,40,41,30,1,0,5,0,0.8333333333333334,0.0,0.0,0.0
32,29,40,41,31,2,2,5,2,1.4285714285714286,1.0,0.4,0.6
32,29,224,225,4,2,0,1,0,0.6666666666666666,0.0,0.0,0.0
32,29,224,225,6,2,0,1,0,0.6666666666666666,0.0,0.0,0.0
32,29,232,233,1,1,0,1,0,0.5,0.0,0.0,0.0
32,29,232,233,2,1,0,2,0,0.6666666666666666,0.0,0.0,0.0
32,29,232,233,3,1,0,3,0,0.75,0.0,0.0,0.0
32,29,232,233,4,3,0,2,0,1.2,0.0,0.0,0.0
32,29,232,233,5,1,0,3,0,0.75,0.0,0.0,0.0
32,29,232,233,6,2,1,2,0,1.0,0.5,0.0,0.5
32,29,232,233,7,1,0,2,0,0.6666666666666666,0.0,0.0,0.0
32,29,240,241,1,1,0,2,0,0.6666666666666666,0.0,0.0,0.0
32,29,240,241,2,1,0,3,0,0.75,0.0,0.0,0.0
32,29,240,241,3,1,0,4,0,0.8,0.0,0.0,0.0
32,29,240,241,4,1,0,5,0,0.8333333333333334,0.0,0.0,0.0
32,29,240,241,5,1,0,6,0,0.8571428571428571,0.0,0.0,0.0
32,29,240,241,6,3,0,4,0,1.7142857142857142,0.0,0.0,0.0
32,29,240,241,7,3,0,3,0,1.5,0.0,0.0,0.0
32,29,240,241,8,1,0,3,0,0.75,0.0,0.0,0.0
32,29,248,249,4,1,0,6,0,0.8571428571428571,0.0,0.0,0.0
32,29,248,249,6,1,0,7,0,0.875,0.0,0.0,0.0
32,29,248,249,7,2,0,6,0,1.5,0.0,0.0,0.0
32,29,248,249,8,1,0,5,0,0.8333333333333334,0.0,0.0,0.0
32,29,248,249,10,2,0,1,0,0.6666666666666666,0.0,0.0,0.0
32,31,16,17,15,5,2,1,0,0.8333333333333334,0.4,0.0,0.4
32,31,24,25,20,3,2,2,0,1.2,0.6666666666666666,0.0,0.6666666666666666
32,31,40,41,30,2,1,1,0,0.6666666666666666,0.5,0.0,0.5
32,31,40,41,31,3,3,1,0,0.75,1.0,0.0,1.0
32,31,40,41,32,1,0,2,0,0.6666666666666666,0.0,0.0,0.0
32,31,56,57,40,1,0,3,0,0.75,0.0,0.0,0.0
32,31,56,57,41,3,1,3,0,1.5,0.3333333333333333,0.0,0.3333333333333333
32,31,56,57,43,1,0,4,0,0.8,0.0,0.0,0.0
64,0,16,17,14,4,2,1,0,0.8,0.5,0.0,0.5
64,0,16,17,15,21,11,3,0,2.625,0.5238095238095238,0.0,0.5238095238095238
64,0,24,25,20,19,12,5,0,3.9583333333333335,0.631578947368421,0.0,0.631578947368421
64,0,24,25,21,2,1,23,1,1.84,0.5,0.043478260869565216,0.4565217391304348
64,0,32,33,25,13,10,4,0,3.0588235294117645,0.7692307692307693,0.0,0.7692307692307693
64,0,32,33,26,9,4,16,0,5.76,0.4444444444444444,0.0,0.4444444444444444
64,0,40,41,14,2,0,1,0,0.6666666666666666,0.0,0.0,0.0
64,0,40,41,15,1,0,2,0,0.6666666666666666,0.0,0.0,0.0
64,0,40,41,16,3,0,1,0,0.75,0.0,0.0,0.0
64,0,40,41,17,1,0,2,0,0.6666666666666666,0.0,0.0,0.0
64,0,40,41,27,1,1,6,0,0.8571428571428571,1.0,0.0,1.0
64,0,40,41,28,3,0,7,0,2.1,0.0,0.0,0.0
64,0,40,41,29,8,3,9,1,4.235294117647059,0.375,0.1111111111111111,0.2638888888888889
64,0,40,41,30,2,0,15,0,1.7647058823529411,0.0,0.0,0.0
64,0,40,41,31,7,2,16,0,4.869565217391305,0.2857142857142857,0.0,0.2857142857142857
64,0,48,49,10,1,0,2,0,0.6666666666666666,0.0,0.0,0.0
64,0,48,49,11,1,0,3,0,0.75,0.0,0.0,0.0
64,0,48,49,12,1,0,4,0,0.8,0.0,0.0,0.0
64,0,48,49,13,1,0,5,0,0.8333333333333334,0.0,0.0,0.0
64,0,48,49,14,1,0,6,0,0.8571428571428571,0.0,0.0,0.0
64,0,48,49,15,1,0,7,0,0.875,0.0,0.0,0.0
64,0,48,49,16,1,0,8,0,0.8888888888888888,0.0,0.0,0.0
64,0,48,49,17,1,0,9,0,0.9,0.0,0.0,0.0
64,0,48,49,18,3,0,8,0,2.1818181818181817,0.0,0.0,0.0
64,0,48,49,20,2,0,8,0,1.6,0.0,0.0,0.0
64,0,48,49,21,1,0,9,0,0.9,0.0,0.0,0.0
64,0,48,49,22,2,0,9,0,1.6363636363636365,0.0,0.0,0.0
64,0,48,49,23,1,0,10,0,0.9090909090909091,0.0,0.0,0.0
64,0,48,49,24,5,0,6,0,2.727272727272727,0.0,0.0,0.0
64,0,48,49,25,2,0,7,0,1.5555555555555556,0.0,0.0,0.0
64,0,48,49,26,3,0,6,0,2.0,0.0,0.0,0.0
64,0,48,49,27,1,0,6,0,0.8571428571428571,0.0,0.0,0.0
64,0,48,49,31,1,1,10,0,0.9090909090909091,1.0,0.0,1.0
64,0,48,49,33,5,2,12,0,3.5294117647058822,0.4,0.0,0.4
64,0,48,49,34,2,0,16,0,1.7777777777777777,0.0,0.0,0.0
64,0,48,49,35,1,1,17,0,0.9444444444444444,1.0,0.0,1.0
64,0,56,57,7,1,0,1,0,0.5,0.0,0.0,0.0
64,0,56,57,8,1,0,1,0,0.5,0.0,0.0,0.0
64,0,56,57,18,1,0,14,0,0.9333333333333333,0.0,0.0,0.0
64,0,56,57,19,1,0,17,0,0.9444444444444444,0.0,0.0,0.0
64,0,56,57,20,3,0,17,0,2.55,0.0,0.0,0.0
64,0,56,57,21,3,0,16,0,2.526315789473684,0.0,0.0,0.0
64,0,56,57,22,2,1,16,0,1.7777777777777777,0.5,0.0,0.5
64,0,56,57,23,3,0,15,0,2.5,0.0,0.0,0.0
64,0,56,57,24,1,0,13,0,0.9285714285714286,0.0,0.0,0.0
64,0,56,57,25,2,0,12,0,1.7142857142857142,0.0,0.0,0.0
64,0,56,57,30,2,0,11,0,1.6923076923076923,0.0,0.0,0.0
64,0,56,57,31,2,0,10,0,1.6666666666666667,0.0,0.0,0.0
64,0,56,57,35,3,3,12,0,2.4,1.0,0.0,1.0
64,0,56,57,36,2,0,13,0,1.7333333333333334,0.0,0.0,0.0
64,0,56,57,37,2,1,13,0,1.7333333333333334,0.5,0.0,0.5
64,0,56,57,39,2,1,9,0,1.6363636363636365,0.5,0.0,0.5
64,0,56,57,43,1,1,4,0,0.8,1.0,0.0,1.0
64,0,56,57,44,1,1,4,0,0.8,1.0,0.0,1.0
64,0,56,57,45,2,1,4,0,1.3333333333333333,0.5,0.0,0.5
64,0,64,65,2,2,0,3,0,1.2,0.0,0.0,0.0
64,0,64,65,4,1,0,7,0,0.875,0.0,0.0,0.0
64,0,64,65,5,2,0,7,0,1.5555555555555556,0.0,0.0,0.0
64,0,64,65,7,4,0,4,0,2.0,0.0,0.0,0.0
64,0,64,65,8,1,0,5,0,0.8333333333333334,0.0,0.0,0.0
64,0,64,65,9,1,0,4,0,0.8,0.0,0.0,0.0
64,0,64,65,10,1,0,5,0,0.8333333333333334,0.0,0.0,0.0
64,0,64,65,12,1,0,8,0,0.8888888888888888,0.0,0.0,0.0
64,0,64,65,13,1,0,9,0,0.9,0.0,0.0,0.0
64,0,64,65,17,1,1,13,0,0.9285714285714286,1.0,0.0,1.0
64,0,64,65,24,2,0,21,0,1.826086956521739,0.0,0.0,0.0
64,0,64,65,25,2,1,21,0,1.826086956521739,0.5,0.0,0.5
64,0,64,65,26,1,0,21,0,0.9545454545454546,0.0,0.0,0.0
64,0,64,65,27,7,0,15,0,4.7727272727272725,0.0,0.0,0.0
64,0,64,65,29,2,0,14,0,1.75,0.0,0.0,0.0
64,0,64,65,48,1,0,3,0,0.75,0.0,0.0,0.0
64,0,64,65,49,2,2,5,0,1.4285714285714286,1.0,0.0,1.0
64,0,64,65,50,3,1,8,0,2.1818181818181817,0.3333333333333333,0.0,0.3333333333333333
64,0,64,65,51,4,0,12,0,3.0,0.0,0.0,0.0
64,0,72,73,4,1,0,10,0,0.9090909090909091,0.0,0.0,0.0
64,0,72,73,6,2,1,9,0,1.6363636363636365,0.5,0.0,0.5
64,0,72,73,7,2,0,8,0,1.6,0.0,0.0,0.0
64,0,72,73,8,1,0,10,0,0.9090909090909091,0.0,0.0,0.0
64,0,72,73,9,1,0,10,0,0.9090909090909091,0.0,0.0,0.0
64,0,72,73,10,7,0,7,0,3.5,0.0,0.0,0.0
64,0,72,73,12,1,0,10,0,0.9090909090909091,0.0,0.0,0.0
64,0,72,73,14,2,0,12,0,1.7142857142857142,0.0,0.0,0.0
64,0,72,73,15,1,0,14,0,0.9333333333333333,0.0,0.0,0.0
64,0,72,73,27,3,1,22,0,2.64,0.3333333333333333,0.0,0.3333333333333333
64,0,72,73,28,1,0,23,0,0.9583333333333334,0.0,0.0,0.0
64,0,72,73,29,1,0,24,0,0.96,0.0,0.0,0.0
64,0,72,73,30,5,0,19,0,3.9583333333333335,0.0,0.0,0.0
64,0,72,73,31,3,1,15,0,2.5,0.3333333333333333,0.0,0.3333333333333333
64,0,72,73,32,1,0,14,0,0.9333333333333333,0.0,0.0,0.0
64,0,72,73,33,2,0,13,0,1.7333333333333334,0.0,0.0,0.0
64,0,72,73,53,5,3,8,0,3.076923076923077,0.6,0.0,0.6
64,0,72,73,55,8,3,15,1,5.217391304347826,0.375,0.06666666666666667,0.30833333333333335
64,0,72,73,56,1,0,23,0,0.9583333333333334,0.0,0.0,0.0
64,0,72,73,57,3,1,22,0,2.64,0.3333333333333333,0.0,0.3333333333333333
64,0,72,73,59,3,0,23,0,2.6538461538461537,0.0,0.0,0.0
64,0,80,81,9,2,0,14,0,1.75,0.0,0.0,0.0
64,0,80,81,10,1,0,16,0,0.9411764705882353,0.0,0.0,0.0
64,0,80,81,11,1,0,17,0,0.9444444444444444,0.0,0.0,0.0
64,0,80,81,12,9,1,12,0,5.142857142857143,0.1111111111111111,0.0,0.1111111111111111
64,0,80,81,13,3,0,15,0,2.5,0.0,0.0,0.0
64,0,80,81,14,1,0,16,0,0.9411764705882353,0.0,0.0,0.0
64,0,80,81,15,1,0,16,0,0.9411764705882353,0.0,0.0,0.0
64,0,80,81,16,1,0,15,0,0.9375,0.0,0.0,0.0
64,0,80,81,29,2,0,25,0,1.8518518518518519,0.0,0.0,0.0
64,0,80,81,31,2,0,22,0,1.8333333333333333,0.0,0.0,0.0
64,0,80,81,33,6,4,15,0,4.285714285714286,0.6666666666666666,0.0,0.6666666666666666
64,0,80,81,35,2,0,12,0,1.7142857142857142,0.0,0.0,0.0
64,0,80,81,36,1,0,12,0,0.9230769230769231,0.0,0.0,0.0
64,0,80,81,37,1,0,12,0,0.9230769230769231,0.0,0.0,0.0
64,0,80,81,38,1,0,11,0,0.9166666666666666,0.0,0.0,0.0
64,0,80,81,39,1,0,9,0,0.9,0.0,0.0,0.0
64,0,80,81,40,1,0,7,0,0.875,0.0,0.0,0.0
64,0,80,81,42,1,0,5,0,0.8333333333333334,0.0,0.0,0.0
64,0,80,81,43,1,0,4,0,0.8,0.0,0.0,0.0
64,0,80,81,44,1,0,3,0,0.75,0.0,0.0,0.0
64,0,80,81,57,9,6,12,0,5.142857142857143,0.6666666666666666,0.0,0.6666666666666666
64,0,80,81,58,1,0,21,0,0.9545454545454546,0.0,0.0,0.0
64,0,80,81,59,2,1,22,0,1.8333333333333333,0.5,0.0,0.5
64,0,80,81,61,3,2,22,0,2.64,0.6666666666666666,0.0,0.6666666666666666
64,0,80,81,62,2,0,23,0,1.84,0.0,0.0,0.0
64,0,80,81,63,3,1,21,0,2.625,0.3333333333333333,0.0,0.3333333333333333
64,0,88,89,15,5,0,19,0,3.9583333333333335,0.0,0.0,0.0
64,0,88,89,16,2,1,17,0,1.7894736842105263,0.5,0.0,0.5
64,0,88,89,17,1,0,17,0,0.9444444444444444,0.0,0.0,0.0
64,0,88,89,18,1,0,16,0,0.9411764705882353,0.0,0.0,0.0
64,0,88,89,35,4,0,14,0,3.111111111111111,0.0,0.0,0.0
64,0,88,89,37,2,0,12,0,1.7142857142857142,0.0,0.0,0.0
64,0,88,89,38,2,0,11,0,1.6923076923076923,0.0,0.0,0.0
64,0,88,89,39,2,0,9,0,1.6363636363636365,0.0,0.0,0.0
64,0,88,89,45,1,0,5,0,0.8333333333333334,0.0,0.0,0.0
64,0,88,89,46,1,0,5,0,0.8333333333333334,0.0,0.0,0.0
64,0,88,89,47,2,0,3,0,1.2,0.0,0.0,0.0
64,0,88,89,48,1,0,5,0,0.8333333333333334,0.0,0.0,0.0
64,0,88,89,49,3,0,4,0,1.7142857142857142,0.0,0.0,0.0
64,0,88,89,59,7,7,14,0,4.666666666666667,1.0,0.0,1.0
64,0,88,89,60,2,0,20,0,1.8181818181818181,0.0,0.0,0.0
64,0,88,89,62,2,0,19,0,1.8095238095238095,0.0,0.0,0.0
64,0,88,89,64,1,0,16,0,0.9411764705882353,0.0,0.0,0.0
64,0,88,89,65,2,2,15,0,1.7647058823529411,1.0,0.0,1.0
64,0,88,89,67,2,1,13,0,1.7333333333333334,0.5,0.0,0.5
64,0,88,89,68,2,0,13,0,1.7333333333333334,0.0,0.0,0.0
64,0,88,89,69,5,4,13,0,3.611111111111111,0.8,0.0,0.8
64,0,96,97,17,3,0,20,0,2.608695652173913,0.0,0.0,0.0
64,0,96,97,18,3,0,17,0,2.55,0.0,0.0,0.0
64,0,96,97,20,1,0,21,0,0.9545454545454546,0.0,0.0,0.0
64,0,96,97,23,1,0,24,0,0.96,0.0,0.0,0.0
64,0,96,97,51,4,0,12,0,3.0,0.0,0.0,0.0
64,0,96,97,52,1,0,13,0,0.9285714285714286,0.0,0.0,0.0
64,0,96,97,53,8,4,8,0,4.0,0.5,0.0,0.5
64,0,96,97,54,1,0,9,0,0.9,0.0,0.0,0.0
64,0,96,97,55,1,0,10,0,0.9090909090909091,0.0,0.0,0.0
64,0,96,97,56,1,0,11,0,0.9166666666666666,0.0,0.0,0.0
64,0,96,97,57,1,0,12,0,0.9230769230769231,0.0,0.0,0.0
64,0,96,97,61,5,5,14,0,3.6842105263157894,1.0,0.0,1.0
64,0,96,97,62,2,0,17,0,1.7894736842105263,0.0,0.0,0.0
64,0,96,97,63,1,1,16,0,0.9411764705882353,1.0,0.0,1.0
64,0,96,97,64,1,0,15,0,0.9375,0.0,0.0,0.0
64,0,96,97,69,3,3,6,0,2.0,1.0,0.0,1.0
64,0,96,97,70,1,0,6,0,0.8571428571428571,0.0,0.0,0.0
64,0,96,97,71,8,3,5,0,3.076923076923077,0.375,0.0,0.375
64,0,96,97,72,2,0,11,0,1.6923076923076923,0.0,0.0,0.0
64,0,96,97,73,2,2,12,0,1.7142857142857142,1.0,0.0,1.0
64,0,96,97,74,1,0,12,0,0.9230769230769231,0.0,0.0,0.0
64,0,96,97,76,1,0,12,0,0.9230769230769231,0.0,0.0,0.0
64,0,104,105,20,2,0,23,0,1.84,0.0,0.0,0.0
64,0,104,105,22,2,0,23,0,1.84,0.0,0.0,0.0
64,0,104,105,53,2,0,18,0,1.8,0.0,0.0,0.0
64,0,104,105,54,4,0,17,0,3.238095238095238,0.0,0.0,0.0
64,0,104,105,55,4,1,16,0,3.2,0.25,0.0,0.25
64,0,104,105,56,2,0,16,0,1.7777777777777777,0.0,0.0,0.0
64,0,104,105,57,2,0,15,0,1.7647058823529411,0.0,0.0,0.0
64,0,104,105,58,1,0,15,0,0.9375,0.0,0.0,0.0
64,0,104,105,59,2,0,15,0,1.7647058823529411,0.0,0.0,0.0
64,0,104,105,60,1,0,14,0,0.9333333333333333,0.0,0.0,0.0
64,0,104,105,63,3,1,11,0,2.357142857142857,0.3333333333333333,0.0,0.3333333333333333
64,0,104,105,64,2,0,12,0,1.7142857142857142,0.0,0.0,0.0
64,0,104,105,65,1,1,12,0,0.9230769230769231,1.0,0.0,1.0
64,0,104,105,66,1,0,11,0,0.9166666666666666,0.0,0.0,0.0
64,0,104,105,68,2,0,6,0,1.5,0.0,0.0,0.0
64,0,104,105,73,7,2,1,0,0.875,0.2857142857142857,0.0,0.2857142857142857
64,0,104,105,74,3,0,5,0,1.875,0.0,0.0,0.0
64,0,104,105,75,5,2,6,0,2.727272727272727,0.4,0.0,0.4
64,0,104,105,76,2,0,7,0,1.5555555555555556,0.0,0.0,0.0
64,0,104,105,77,2,0,6,0,1.5,0.0,0.0,0.0
64,0,104,105,79,2,0,6,0,1.5,0.0,0.0,0.0
64,0,112,113,55,2,0,22,0,1.8333333333333333,0.0,0.0,0.0
64,0,112,113,56,3,0,21,0,2.625,0.0,0.0,0.0
64,0,112,113,57,5,2,17,0,3.8636363636363638,0.4,0.0,0.4
64,0,112,113,58,1,0,17,0,0.9444444444444444,0.0,0.0,0.0
64,0,112,113,59,2,0,17,0,1.7894736842105263,0.0,0.0,0.0
64,0,112,113,61,4,0,15,0,3.1578947368421053,0.0,0.0,0.0
64,0,112,113,62,1,0,15,0,0.9375,0.0,0.0,0.0
64,0,112,113,63,3,0,12,0,2.4,0.0,0.0,0.0
64,0,112,113,64,1,0,12,0,0.9230769230769231,0.0,0.0,0.0
64,0,112,113,65,6,2,10,0,3.75,0.3333333333333333,0.0,0.3333333333333333
64,0,112,113,66,4,0,9,0,2.769230769230769,0.0,0.0,0.0
64,0,112,113,67,4,0,7,0,2.5454545454545454,0.0,0.0,0.0
64,0,112,113,68,1,0,6,0,0.8571428571428571,0.0,0.0,0.0
64,0,112,113,76,1,0,5,0,0.8333333333333334,0.0,0.0,0.0
64,0,112,113,77,3,1,5,0,1.875,0.3333333333333333,0.0,0.3333333333333333
64,0,112,113,78,2,0,5,0,1.4285714285714286,0.0,0.0,0.0
64,0,112,113,80,2,0,5,0,1.4285714285714286,0.0,0.0,0.0
64,0,120,121,58,4,0,21,0,3.36,0.0,0.0,0.0
64,0,120,121,59,4,0,19,0,3.3043478260869565,0.0,0.0,0.0
64,0,120,121,60,2,0,17,0,1.7894736842105263,0.0,0.0,0.0
64,0,120,121,62,2,0,18,0,1.8,0.0,0.0,0.0
64,0,120,121,63,2,0,17,0,1.7894736842105263,0.0,0.0,0.0
64,0,120,121,65,2,0,15,0,1.7647058823529411,0.0,0.0,0.0
64,0,120,121,67,1,0,14,0,0.9333333333333333,0.0,0.0,0.0
64,0,120,121,69,4,0,11,0,2.933333333333333,0.0,0.0,0.0
64,0,120,121,71,6,1,5,0,2.727272727272727,0.16666666666666666,0.0,0.16666666666666666
64,0,120,121,72,3,0,4,0,1.7142857142857142,0.0,0.0,0.0
64,0,120,121,73,4,0,2,0,1.3333333333333333,0.0,0.0,0.0
64,0,120,121,74,1,0,1,0,0.5,0.0,0.0,0.0
64,0,120,121,79,3,1,3,0,1.5,0.3333333333333333,0.0,0.3333333333333333
64,0,120,121,80,2,0,3,0,1.2,0.0,0.0,0.0
64,0,120,121,82,2,0,3,0,1.2,0.0,0.0,0.0
64,0,128,129,60,2,0,23,0,1.84,0.0,0.0,0.0
64,0,128,129,61,4,1,21,0,3.36,0.25,0.0,0.25
64,0,128,129,62,2,0,20,0,1.8181818181818181,0.0,0.0,0.0
64,0,128,129,64,2,0,17,0,1.7894736842105263,0.0,0.0,0.0
64,0,128,129,65,2,0,17,0,1.7894736842105263,0.0,0.0,0.0
64,0,128,129,69,1,0,17,0,0.9444444444444444,0.0,0.0,0.0
64,0,128,129,72,1,0,15,0,0.9375,0.0,0.0,0.0
64,0,128,129,73,2,0,12,0,1.7142857142857142,0.0,0.0,0.0
64,0,128,129,74,3,0,9,0,2.25,0.0,0.0,0.0
64,0,128,129,75,9,3,4,0,2.769230769230769,0.3333333333333333,0.0,0.3333333333333333
64,0,128,129,76,1,0,6,0,0.8571428571428571,0.0,0.0,0.0
64,0,128,129,77,2,1,3,0,1.2,0.5,0.0,0.5
64,0,128,129,80,2,0,1,0,0.6666666666666666,0.0,0.0,0.0
64,0,128,129,81,3,1,1,0,0.75,0.3333333333333333,0.0,0.3333333333333333
64,0,128,129,82,2,0,1,0,0.6666666666666666,0.0,0.0,0.0
64,0,136,137,63,3,0,21,0,2.625,0.0,0.0,0.0
64,0,136,137,64,2,0,19,0,1.8095238095238095,0.0,0.0,0.0
64,0,136,137,66,2,0,17,0,1.7894736842105263,0.0,0.0,0.0
64,0,136,137,67,2,0,17,0,1.7894736842105263,0.0,0.0,0.0
64,0,136,137,68,2,0,17,0,1.7894736842105263,0.0,0.0,0.0
64,0,136,137,77,6,2,5,0,2.727272727272727,0.3333333333333333,0.0,0.3333333333333333
64,0,136,137,79,2,2,2,0,1.0,1.0,0.0,1.0
64,0,144,145,79,3,0,5,0,1.875,0.0,0.0,0.0
64,0,144,145,80,1,0,4,0,0.8,0.0,0.0,0.0
64,0,144,145,81,2,0,2,0,1.0,0.0,0.0,0.0
64,1,24,25,20,6,2,4,0,2.4,0.3333333333333333,0.0,0.3333333333333333
64,1,32,33,24,3,1,1,0,0.75,0.3333333333333333,0.0,0.3333333333333333
64,1,32,33,25,9,4,1,0,0.9,0.4444444444444444,0.0,0.4444444444444444
64,1,32,33,26,7,3,7,0,3.5,0.42857142857142855,0.0,0.42857142857142855
64,1,40,41,22,3,0,8,0,2.1818181818181817,0.0,0.0,0.0
64,1,40,41,23,1,0,9,0,0.9,0.0,0.0,0.0
64,1,40,41,24,2,0,9,0,1.6363636363636365,0.0,0.0,0.0
64,1,40,41,26,3,0,10,0,2.3076923076923075,0.0,0.0,0.0
64,1,40,41,28,2,0,11,0,1.6923076923076923,0.0,0.0,0.0
64,1,40,41,30,1,0,12,0,0.9230769230769231,0.0,0.0,0.0
64,1,40,41,31,1,0,13,0,0.9285714285714286,0.0,0.0,0.0
64,1,48,49,13,1,0,1,0,0.5,0.0,0.0,0.0
64,1,48,49,14,2,0,1,0,0.6666666666666666,0.0,0.0,0.0
64,1,48,49,15,1,0,1,0,0.5,0.0,0.0,0.0
64,1,48,49,16,1,0,1,0,0.5,0.0,0.0,0.0
64,1,56,57,7,4,0,1,0,0.8,0.0,0.0,0.0
64,1,56,57,8,3,0,5,0,1.875,0.0,0.0,0.0
64,1,56,57,10,1,0,8,0,0.8888888888888888,0.0,0.0,0.0
64,1,56,57,11,1,0,7,0,0.875,0.0,0.0,0.0
64,1,56,57,12,1,0,5,0,0.8333333333333334,0.0,0.0,0.0
64,1,56,57,14,1,0,4,0,0.8,0.0,0.0,0.0
64,1,56,57,16,1,0,4,0,0.8,0.0,0.0,0.0
64,1,56,57,18,1,0,5,0,0.8333333333333334,0.0,0.0,0.0
64,1,56,57,19,1,0,6,0,0.8571428571428571,0.0,0.0,0.0
64,1,56,57,20,1,0,7,0,0.875,0.0,0.0,0.0
64,1,56,57,40,2,0,3,0,1.2,0.0,0.0,0.0
64,1,56,57,41,1,0,4,0,0.8,0.0,0.0,0.0
64,1,56,57,42,6,1,1,0,0.8571428571428571,0.16666666666666666,0.0,0.16666666666666666
64,1,56,57,43,3,1,2,0,1.2,0.3333333333333333,0.0,0.3333333333333333
64,1,56,57,44,2,1,5,0,1.4285714285714286,0.5,0.0,0.5
64,1,56,57,45,5,1,6,0,2.727272727272727,0.2,0.0,0.2
64,1,64,65,4,4,0,2,0,1.3333333333333333,0.0,0.0,0.0
64,1,64,65,5,1,0,6,0,0.8571428571428571,0.0,0.0,0.0
64,1,64,65,6,2,0,6,0,1.5,0.0,0.0,0.0
64,1,64,65,7,2,0,8,0,1.6,0.0,0.0,0.0
64,1,64,65,8,1,0,8,0,0.8888888888888888,0.0,0.0,0.0
64,1,64,65,10,1,0,9,0,0.9,0.0,0.0,0.0
64,1,64,65,12,1,0,7,0,0.875,0.0,0.0,0.0
64,1,64,65,14,1,0,6,0,0.8571428571428571,0.0,0.0,0.0
64,1,64,65,16,2,0,6,0,1.5,0.0,0.0,0.0
64,1,64,65,44,2,0,8,0,1.6,0.0,0.0,0.0
64,1,64,65,45,1,0,8,0,0.8888888888888888,0.0,0.0,0.0
64,1,64,65,46,1,0,9,0,0.9,0.0,0.0,0.0
64,1,64,65,47,7,3,6,0,3.230769230769231,0.42857142857142855,0.0,0.42857142857142855
64,1,64,65,49,5,1,9,0,3.2142857142857144,0.2,0.0,0.2
64,1,72,73,2,1,0,3,0,0.75,0.0,0.0,0.0
64,1,72,73,3,1,0,5,0,0.8333333333333334,0.0,0.0,0.0
64,1,72,73,4,1,1,7,0,0.875,1.0,0.0,1.0
64,1,72,73,6,3,1,8,0,2.1818181818181817,0.3333333333333333,0.0,0.3333333333333333
64,1,72,73,7,1,0,10,0,0.9090909090909091,0.0,0.0,0.0
64,1,72,73,8,2,0,11,0,1.6923076923076923,0.0,0.0,0.0
64,1,72,73,9,4,0,10,0,2.857142857142857,0.0,0.0,0.0
64,1,72,73,10,1,0,11,0,0.9166666666666666,0.0,0.0,0.0
64,1,72,73,11,1,0,10,0,0.9090909090909091,0.0,0.0,0.0
64,1,72,73,13,2,0,8,0,1.6,0.0,0.0,0.0
64,1,72,73,49,2,0,12,0,1.7142857142857142,0.0,0.0,0.0
64,1,72,73,51,2,0,12,1,1.7142857142857142,0.0,0.08333333333333333,-0.08333333333333333
64,1,80,81,2,1,0,6,0,0.8571428571428571,0.0,0.0,0.0
64,1,80,81,4,3,2,8,0,2.1818181818181817,0.6666666666666666,0.0,0.6666666666666666
64,1,80,81,6,1,0,11,0,0.9166666666666666,0.0,0.0,0.0
64,1,80,81,11,3,0,13,0,2.4375,0.0,0.0,0.0
64,1,80,81,12,2,0,11,0,1.6923076923076923,0.0,0.0,0.0
64,1,80,81,13,1,0,10,0,0.9090909090909091,0.0,0.0,0.0
64,1,80,81,16,1,0,8,0,0.8888888888888888,0.0,0.0,0.0
64,1,88,89,54,2,0,9,0,1.6363636363636365,0.0,0.0,0.0
64,1,88,89,55,1,0,11,0,0.9166666666666666,0.0,0.0,0.0
64,1,88,89,56,1,0,14,0,0.9333333333333333,0.0,0.0,0.0
64,1,88,89,57,2,0,16,0,1.7777777777777777,0.0,0.0,0.0
64,2,8,9,9,21,18,1,0,0.9545454545454546,0.8571428571428571,0.0,0.8571428571428571
64,2,16,17,15,18,3,3,0,2.5714285714285716,0.16666666666666666,0.0,0.16666666666666666
64,2,24,25,19,6,3,1,0,0.8571428571428571,0.5,0.0,0.5
64,2,24,25,20,11,5,4,0,2.933333333333333,0.45454545454545453,0.0,0.45454545454545453
64,2,32,33,24,4,0,1,0,0.8,0.0,0.0,0.0
64,2,32,33,25,8,4,3,0,2.1818181818181817,0.5,0.0,0.5
64,2,32,33,26,5,0,9,0,3.2142857142857144,0.0,0.0,0.0
64,2,40,41,7,1,0,5,0,0.8333333333333334,0.0,0.0,0.0
64,2,40,41,9,1,0,6,0,0.8571428571428571,0.0,0.0,0.0
64,2,40,41,10,1,0,6,0,0.8571428571428571,0.0,0.0,0.0
64,2,40,41,12,1,0,7,0,0.875,0.0,0.0,0.0
64,2,40,41,13,1,0,7,0,0.875,0.0,0.0,0.0
64,2,40,41,15,2,0,7,0,1.5555555555555556,0.0,0.0,0.0
64,2,40,41,16,3,0,5,0,1.875,0.0,0.0,0.0
64,2,40,41,29,2,1,2,0,1.0,0.5,0.0,0.5
64,2,40,41,30,1,0,3,0,0.75,0.0,0.0,0.0
64,2,40,41,31,10,7,3,0,2.3076923076923075,0.7,0.0,0.7
64,2,40,41,32,1,0,13,0,0.9285714285714286,0.0,0.0,0.0
64,2,48,49,3,1,0,1,0,0.5,0.0,0.0,0.0
64,2,48,49,4,1,0,1,0,0.5,0.0,0.0,0.0
64,2,48,49,5,1,0,3,0,0.75,0.0,0.0,0.0
64,2,48,49,12,2,0,9,0,1.6363636363636365,0.0,0.0,0.0
64,2,48,49,13,1,0,9,0,0.9,0.0,0.0,0.0
64,2,48,49,15,1,0,10,0,0.9090909090909091,0.0,0.0,0.0
64,2,48,49,17,1,0,11,0,0.9166666666666666,0.0,0.0,0.0
64,2,48,49,19,2,1,11,0,1.6923076923076923,0.5,0.0,0.5
64,2,48,49,21,9,1,2,0,1.6363636363636365,0.1111111111111111,0.0,0.1111111111111111
64,2,48,49,22,1,0,1,0,0.5,0.0,0.0,0.0
64,2,48,49,33,2,1,1,0,0.6666666666666666,0.5,0.0,0.5
64,2,48,49,34,2,0,2,0,1.0,0.0,0.0,0.0
64,2,48,49,35,9,6,2,0,1.6363636363636365,0.6666666666666666,0.0,0.6666666666666666
64,2,48,49,37,1,0,8,0,0.8888888888888888,0.0,0.0,0.0
64,2,48,49,38,1,0,8,0,0.8888888888888888,0.0,0.0,0.0
64,2,56,57,5,6,0,7,0,3.230769230769231,0.0,0.0,0.0
64,2,56,57,6,1,0,9,0,0.9,0.0,0.0,0.0
64,2,56,57,7,2,0,8,0,1.6,0.0,0.0,0.0
64,2,56,57,9,1,0,9,0,0.9,0.0,0.0,0.0
64,2,56,57,10,1,0,9,0,0.9,0.0,0.0,0.0
64,2,56,57,23,4,0,4,0,2.0,0.0,0.0,0.0
64,2,56,57,24,2,0,2,0,1.0,0.0,0.0,0.0
64,2,56,57,38,2,0,5,0,1.4285714285714286,0.0,0.0,0.0
64,2,56,57,40,1,0,5,0,0.8333333333333334,0.0,0.0,0.0
64,2,56,57,43,3,2,3,0,1.5,0.6666666666666666,0.0,0.6666666666666666
64,2,56,57,44,1,1,7,0,0.875,1.0,0.0,1.0
64,2,56,57,45,5,3,9,0,3.2142857142857144,0.6,0.0,0.6
64,2,64,65,8,2,0,18,0,1.8,0.0,0.0,0.0
64,2,64,65,9,9,1,11,0,4.95,0.1111111111111111,0.0,0.1111111111111111
64,2,64,65,10,1,0,12,0,0.9230769230769231,0.0,0.0,0.0
64,2,64,65,11,2,0,11,0,1.6923076923076923,0.0,0.0,0.0
64,2,64,65,12,1,0,12,0,0.9230769230769231,0.0,0.0,0.0
64,2,64,65,13,1,0,12,0,0.9230769230769231,0.0,0.0,0.0
64,2,64,65,14,1,0,13,0,0.9285714285714286,0.0,0.0,0.0
64,2,64,65,15,1,0,14,0,0.9333333333333333,0.0,0.0,0.0
64,2,64,65,26,3,0,2,0,1.2,0.0,0.0,0.0
64,2,64,65,40,3,0,1,0,0.75,0.0,0.0,0.0
64,2,64,65,41,1,0,3,0,0.75,0.0,0.0,0.0
64,2,64,65,42,1,0,3,0,0.75,0.0,0.0,0.0
64,2,64,65,44,3,1,2,0,1.2,0.3333333333333333,0.0,0.3333333333333333
64,2,64,65,47,1,0,8,0,0.8888888888888888,0.0,0.0,0.0
64,2,64,65,49,6,3,11,0,3.8823529411764706,0.5,0.0,0.5
64,2,64,65,50,4,0,18,0,3.272727272727273,0.0,0.0,0.0
64,2,64,65,51,3,0,23,0,2.6538461538461537,0.0,0.0,0.0
64,2,72,73,11,6,0,18,0,4.5,0.0,0.0,0.0
64,2,72,73,12,2,0,17,0,1.7894736842105263,0.0,0.0,0.0
64,2,72,73,13,2,0,16,0,1.7777777777777777,0.0,0.0,0.0
64,2,72,73,14,2,0,15,0,1.7647058823529411,0.0,0.0,0.0
64,2,72,73,15,1,0,15,0,0.9375,0.0,0.0,0.0
64,2,72,73,19,1,0,14,0,0.9333333333333333,0.0,0.0,0.0
64,2,72,73,47,1,1,1,0,0.5,1.0,0.0,1.0
64,2,72,73,48,1,1,2,0,0.6666666666666666,1.0,0.0,1.0
64,2,72,73,49,2,1,3,0,1.2,0.5,0.0,0.5
64,2,72,73,50,1,0,5,0,0.8333333333333334,0.0,0.0,0.0
64,2,72,73,51,4,2,6,0,2.4,0.5,0.0,0.5
64,2,72,73,52,4,0,9,0,2.769230769230769,0.0,0.0,0.0
64,2,72,73,53,14,10,12,0,6.461538461538462,0.7142857142857143,0.0,0.7142857142857143
64,2,72,73,54,1,0,26,0,0.9629629629629629,0.0,0.0,0.0
64,2,72,73,55,1,1,27,0,0.9642857142857143,1.0,0.0,1.0
64,2,80,81,14,2,0,20,0,1.8181818181818181,0.0,0.0,0.0
64,2,80,81,15,3,1,17,0,2.55,0.3333333333333333,0.0,0.3333333333333333
64,2,80,81,16,2,0,15,0,1.7647058823529411,0.0,0.0,0.0
64,2,80,81,17,2,0,14,0,1.75,0.0,0.0,0.0
64,2,80,81,18,1,0,14,0,0.9333333333333333,0.0,0.0,0.0
64,2,80,81,20,1,0,14,0,0.9333333333333333,0.0,0.0,0.0
64,2,80,81,21,3,0,11,0,2.357142857142857,0.0,0.0,0.0
64,2,80,81,22,2,0,9,0,1.6363636363636365,0.0,0.0,0.0
64,2,80,81,23,3,1,8,0,2.1818181818181817,0.3333333333333333,0.0,0.3333333333333333
64,2,80,81,24,1,0,7,0,0.875,0.0,0.0,0.0
64,2,80,81,52,1,1,4,0,0.8,1.0,0.0,1.0
64,2,80,81,53,4,4,4,0,2.0,1.0,0.0,1.0
64,2,80,81,54,2,0,6,0,1.5,0.0,0.0,0.0
64,2,80,81,55,7,4,7,0,3.5,0.5714285714285714,0.0,0.5714285714285714
64,2,80,81,56,2,0,12,0,1.7142857142857142,0.0,0.0,0.0
64,2,80,81,57,7,5,12,0,4.421052631578948,0.7142857142857143,0.0,0.7142857142857143
64,2,80,81,58,3,0,15,0,2.5,0.0,0.0,0.0
64,2,80,81,59,4,2,16,0,3.2,0.5,0.0,0.5
64,2,80,81,60,3,0,17,0,2.55,0.0,0.0,0.0
64,2,80,81,62,2,2,15,0,1.7647058823529411,1.0,0.0,1.0
64,2,80,81,63,2,2,15,0,1.7647058823529411,1.0,0.0,1.0
64,2,80,81,64,3,0,16,0,2.526315789473684,0.0,0.0,0.0
64,2,88,89,17,2,0,16,0,1.7777777777777777,0.0,0.0,0.0
64,2,88,89,19,2,0,15,0,1.7647058823529411,0.0,0.0,0.0
64,2,88,89,24,1,0,13,0,0.9285714285714286,0.0,0.0,0.0
64,2,88,89,25,1,0,12,0,0.9230769230769231,0.0,0.0,0.0
64,2,88,89,26,1,0,11,0,0.9166666666666666,0.0,0.0,0.0
64,2,88,89,27,4,0,7,0,2.5454545454545454,0.0,0.0,0.0
64,2,88,89,28,3,0,4,0,1.7142857142857142,0.0,0.0,0.0
64,2,88,89,29,2,0,2,0,1.0,0.0,0.0,0.0
64,2,88,89,54,1,0,1,0,0.5,0.0,0.0,0.0
64,2,88,89,55,2,1,1,0,0.6666666666666666,0.5,0.0,0.5
64,2,88,89,56,1,0,2,0,0.6666666666666666,0.0,0.0,0.0
64,2,88,89,57,7,4,2,0,1.5555555555555556,0.5714285714285714,0.0,0.5714285714285714
64,2,88,89,58,4,0,6,0,2.4,0.0,0.0,0.0
64,2,88,89,59,6,3,8,0,3.4285714285714284,0.5,0.0,0.5
64,2,88,89,60,2,0,12,0,1.7142857142857142,0.0,0.0,0.0
64,2,88,89,61,3,1,12,0,2.4,0.3333333333333333,0.0,0.3333333333333333
64,2,88,89,63,2,1,11,0,1.6923076923076923,0.5,0.0,0.5
64,2,88,89,65,1,0,11,0,0.9166666666666666,0.0,0.0,0.0
64,2,88,89,66,1,0,11,0,0.9166666666666666,0.0,0.0,0.0
64,2,88,89,67,4,2,11,0,2.933333333333333,0.5,0.0,0.5
64,2,88,89,68,2,0,15,0,1.7647058823529411,0.0,0.0,0.0
64,2,88,89,69,9,7,16,0,5.76,0.7777777777777778,0.0,0.7777777777777778
64,2,96,97,28,1,0,13,0,0.9285714285714286,0.0,0.0,0.0
64,2,96,97,29,2,0,11,0,1.6923076923076923,0.0,0.0,0.0
64,2,96,97,30,5,0,7,0,2.9166666666666665,0.0,0.0,0.0
64,2,96,97,31,10,2,1,0,0.9090909090909091,0.2,0.0,0.2
64,2,96,97,32,1,0,1,0,0.5,0.0,0.0,0.0
64,2,96,97,33,2,1,1,0,0.6666666666666666,0.5,0.0,0.5
64,2,96,97,60,1,0,3,0,0.75,0.0,0.0,0.0
64,2,96,97,61,4,2,3,0,1.7142857142857142,0.5,0.0,0.5
64,2,96,97,62,2,0,5,0,1.4285714285714286,0.0,0.0,0.0
64,2,96,97,63,6,2,5,0,2.727272727272727,0.3333333333333333,0.0,0.3333333333333333
64,2,96,97,64,3,0,8,0,2.1818181818181817,0.0,0.0,0.0
64,2,96,97,66,1,0,9,0,0.9,0.0,0.0,0.0
64,2,96,97,70,1,0,9,1,0.9,0.0,0.1111111111111111,-0.1111111111111111
64,2,96,97,71,7,6,9,0,3.9375,0.8571428571428571,0.0,0.8571428571428571
64,2,96,97,72,3,0,15,0,2.5,0.0,0.0,0.0
64,2,96,97,73,9,2,17,0,5.884615384615385,0.2222222222222222,0.0,0.2222222222222222
64,2,96,97,75,1,1,27,0,0.9642857142857143,1.0,0.0,1.0
64,2,104,105,30,1,0,13,0,0.9285714285714286,0.0,0.0,0.0
64,2,104,105,32,7,0,6,0,3.230769230769231,0.0,0.0,0.0
64,2,104,105,33,6,0,3,0,2.0,0.0,0.0,0.0
64,2,104,105,34,3,0,3,0,1.5,0.0,0.0,0.0
64,2,104,105,35,4,1,2,0,1.3333333333333333,0.25,0.0,0.25
64,2,104,105,37,2,1,1,0,0.6666666666666666,0.5,0.0,0.5
64,2,104,105,62,1,0,2,0,0.6666666666666666,0.0,0.0,0.0
64,2,104,105,63,2,1,2,0,1.0,0.5,0.0,0.5
64,2,104,105,66,2,0,4,0,1.3333333333333333,0.0,0.0,0.0
64,2,104,105,67,4,1,4,0,2.0,0.25,0.0,0.25
64,2,104,105,68,1,0,6,0,0.8571428571428571,0.0,0.0,0.0
64,2,104,105,69,3,1,5,0,1.875,0.3333333333333333,0.0,0.3333333333333333
64,2,104,105,72,1,0,10,0,0.9090909090909091,0.0,0.0,0.0
64,2,104,105,73,4,3,11,0,2.933333333333333,0.75,0.0,0.75
64,2,104,105,74,4,0,13,0,3.0588235294117645,0.0,0.0,0.0
64,2,104,105,75,9,4,15,0,5.625,0.4444444444444444,0.0,0.4444444444444444
64,2,104,105,76,4,0,19,0,3.3043478260869565,0.0,0.0,0.0
64,2,104,105,77,4,1,19,0,3.3043478260869565,0.25,0.0,0.25
64,2,104,105,79,3,1,18,0,2.5714285714285716,0.3333333333333333,0.0,0.3333333333333333
64,2,104,105,80,1,0,18,0,0.9473684210526315,0.0,0.0,0.0
64,2,104,105,81,2,0,16,1,1.7777777777777777,0.0,0.0625,-0.0625
64,2,112,113,34,5,0,9,0,3.2142857142857144,0.0,0.0,0.0
64,2,112,113,35,3,1,6,0,2.0,0.3333333333333333,0.0,0.3333333333333333
64,2,112,113,36,2,0,3,0,1.2,0.0,0.0,0.0
64,2,112,113,38,2,0,1,0,0.6666666666666666,0.0,0.0,0.0
64,2,112,113,39,2,0,1,0,0.6666666666666666,0.0,0.0,0.0
64,2,112,113,67,1,1,1,0,0.5,1.0,0.0,1.0
64,2,112,113,68,1,1,2,0,0.6666666666666666,1.0,0.0,1.0
64,2,112,113,69,1,1,3,0,0.75,1.0,0.0,1.0
64,2,112,113,70,1,1,4,0,0.8,1.0,0.0,1.0
64,2,112,113,71,1,1,5,0,0.8333333333333334,1.0,0.0,1.0
64,2,112,113,72,1,1,6,0,0.8571428571428571,1.0,0.0,1.0
64,2,112,113,73,1,1,7,0,0.875,1.0,0.0,1.0
64,2,112,113,74,1,0,8,0,0.8888888888888888,0.0,0.0,0.0
64,2,112,113,75,3,3,9,0,2.25,1.0,0.0,1.0
64,2,112,113,76,2,0,11,0,1.6923076923076923,0.0,0.0,0.0
64,2,112,113,77,5,4,12,0,3.5294117647058822,0.8,0.0,0.8
64,2,112,113,78,3,0,15,0,2.5,0.0,0.0,0.0
64,2,112,113,79,3,0,14,0,2.4705882352941178,0.0,0.0,0.0
64,2,112,113,80,5,0,12,0,3.5294117647058822,0.0,0.0,0.0
64,2,120,121,36,3,0,8,0,2.1818181818181817,0.0,0.0,0.0
64,2,120,121,37,5,1,3,0,1.875,0.2,0.0,0.2
64,2,120,121,39,2,0,2,0,1.0,0.0,0.0,0.0
64,2,120,121,40,1,0,3,0,0.75,0.0,0.0,0.0
64,2,120,121,41,3,0,2,0,1.2,0.0,0.0,0.0
64,2,120,121,42,1,0,3,0,0.75,0.0,0.0,0.0
64,2,120,121,43,1,0,3,0,0.75,0.0,0.0,0.0
64,2,120,121,44,1,0,3,0,0.75,0.0,0.0,0.0
64,2,120,121,45,3,0,2,0,1.2,0.0,0.0,0.0
64,2,120,121,46,1,0,2,0,0.6666666666666666,0.0,0.0,0.0
64,2,120,121,47,2,0,1,0,0.6666666666666666,0.0,0.0,0.0
64,2,120,121,71,1,1,1,0,0.5,1.0,0.0,1.0
64,2,120,121,73,1,1,2,0,0.6666666666666666,1.0,0.0,1.0
64,2,120,121,75,1,1,3,0,0.75,1.0,0.0,1.0
64,2,120,121,77,3,2,4,0,1.7142857142857142,0.6666666666666666,0.0,0.6666666666666666
64,2,120,121,79,4,3,6,0,2.4,0.75,0.0,0.75
64,2,120,121,81,6,2,7,0,3.230769230769231,0.3333333333333333,0.0,0.3333333333333333
64,2,120,121,82,2,0,14,0,1.75,0.0,0.0,0.0
64,2,120,121,83,1,0,17,0,0.9444444444444444,0.0,0.0,0.0
64,2,128,129,38,2,0,7,0,1.5555555555555556,0.0,0.0,0.0
64,2,128,129,39,4,2,4,0,2.0,0.5,0.0,0.5
64,2,128,129,41,2,0,4,0,1.3333333333333333,0.0,0.0,0.0
64,2,128,129,42,3,0,5,0,1.875,0.0,0.0,0.0
64,2,128,129,43,2,0,6,0,1.5,0.0,0.0,0.0
64,2,128,129,44,3,0,6,0,2.0,0.0,0.0,0.0
64,2,128,129,45,1,0,7,0,0.875,0.0,0.0,0.0
64,2,128,129,47,1,0,7,0,0.875,0.0,0.0,0.0
64,2,128,129,49,3,0,6,0,2.0,0.0,0.0,0.0
64,2,128,129,51,3,0,5,0,1.875,0.0,0.0,0.0
64,2,128,129,52,1,0,6,0,0.8571428571428571,0.0,0.0,0.0
64,2,128,129,53,6,0,3,0,2.0,0.0,0.0,0.0
64,2,128,129,54,1,0,4,0,0.8,0.0,0.0,0.0
64,2,128,129,55,3,0,1,0,0.75,0.0,0.0,0.0
64,2,128,129,80,2,0,2,0,1.0,0.0,0.0,0.0
64,2,128,129,81,4,1,4,0,2.0,0.25,0.0,0.25
64,2,128,129,83,5,2,9,0,3.2142857142857144,0.4,0.0,0.4
64,2,128,129,85,4,3,17,0,3.238095238095238,0.75,0.0,0.75
64,2,128,129,86,3,1,20,0,2.608695652173913,0.3333333333333333,0.0,0.3333333333333333
64,2,128,129,87,2,0,22,1,1.8333333333333333,0.0,0.045454545454545456,-0.045454545454545456
64,2,128,129,88,2,1,23,0,1.84,0.5,0.0,0.5
64,2,128,129,89,3,1,23,1,2.6538461538461537,0.3333333333333333,0.043478260869565216,0.28985507246376807
64,2,128,129,90,1,0,26,0,0.9629629629629629,0.0,0.0,0.0
64,2,128,129,91,3,0,27,0,2.7,0.0,0.0,0.0
64,2,136,137,41,2,0,7,0,1.5555555555555556,0.0,0.0,0.0
64,2,136,137,42,1,0,8,0,0.8888888888888888,0.0,0.0,0.0
64,2,136,137,43,2,0,7,0,1.5555555555555556,0.0,0.0,0.0
64,2,136,137,58,4,0,5,0,2.2222222222222223,0.0,0.0,0.0
64,2,136,137,59,3,1,2,0,1.2,0.3333333333333333,0.0,0.3333333333333333
64,2,136,137,60,2,0,1,0,0.6666666666666666,0.0,0.0,0.0
64,2,136,137,61,1,0,1,0,0.5,0.0,0.0,0.0
64,2,136,137,83,2,1,7,0,1.5555555555555556,0.5,0.0,0.5
64,2,136,137,89,1,1,24,0,0.96,1.0,0.0,1.0
64,2,144,145,42,1,0,9,0,0.9,0.0,0.0,0.0
64,2,144,145,60,1,0,7,0,0.875,0.0,0.0,0.0
64,2,144,145,61,2,0,4,0,1.3333333333333333,0.0,0.0,0.0
64,2,144,145,63,2,1,2,0,1.0,0.5,0.0,0.5
64,2,144,145,84,2,0,8,0,1.6,0.0,0.0,0.0
64,2,144,145,85,3,1,11,0,2.357142857142857,0.3333333333333333,0.0,0.3333333333333333
64,2,144,145,87,3,1,17,0,2.55,0.3333333333333333,0.0,0.3333333333333333
64,2,144,145,89,3,1,21,0,2.625,0.3333333333333333,0.0,0.3333333333333333
64,2,144,145,91,3,1,25,0,2.6785714285714284,0.3333333333333333,0.0,0.3333333333333333
64,2,152,153,43,1,0,9,0,0.9,0.0,0.0,0.0
64,2,152,153,61,1,0,6,0,0.8571428571428571,0.0,0.0,0.0
64,2,152,153,62,1,0,5,0,0.8333333333333334,0.0,0.0,0.0
64,2,152,153,63,1,0,4,0,0.8,0.0,0.0,0.0
64,2,152,153,64,2,0,3,0,1.2,0.0,0.0,0.0
64,2,152,153,65,3,0,2,0,1.2,0.0,0.0,0.0
64,2,152,153,66,2,0,2,0,1.0,0.0,0.0,0.0
64,2,152,153,67,3,0,1,0,0.75,0.0,0.0,0.0
64,2,152,153,68,2,0,1,0,0.6666666666666666,0.0,0.0,0.0
64,2,152,153,69,2,0,1,0,0.6666666666666666,0.0,0.0,0.0
64,2,152,153,70,2,0,1,0,0.6666666666666666,0.0,0.0,0.0
64,2,152,153,71,2,0,1,0,0.6666666666666666,0.0,0.0,0.0
64,2,152,153,72,2,0,1,0,0.6666666666666666,0.0,0.0,0.0
64,2,152,153,73,2,0,1,0,0.6666666666666666,0.0,0.0,0.0
64,2,152,153,74,2,0,1,0,0.6666666666666666,0.0,0.0,0.0
64,2,152,153,75,2,0,1,0,0.6666666666666666,0.0,0.0,0.0
64,2,152,153,76,2,0,1,0,0.6666666666666666,0.0,0.0,0.0
64,2,152,153,77,2,0,1,0,0.6666666666666666,0.0,0.0,0.0
64,2,152,153,78,1,0,1,0,0.5,0.0,0.0,0.0
64,2,152,153,79,1,0,1,0,0.5,0.0,0.0,0.0
64,2,152,153,85,2,0,9,0,1.6363636363636365,0.0,0.0,0.0
64,2,152,153,86,2,0,12,0,1.7142857142857142,0.0,0.0,0.0
64,2,152,153,87,2,0,15,0,1.7647058823529411,0.0,0.0,0.0
64,2,152,153,88,2,0,17,0,1.7894736842105263,0.0,0.0,0.0
64,2,152,153,89,2,0,19,0,1.8095238095238095,0.0,0.0,0.0
64,2,152,153,90,2,0,21,0,1.826086956521739,0.0,0.0,0.0
64,2,152,153,91,2,0,23,0,1.84,0.0,0.0,0.0
64,2,152,153,92,2,0,25,0,1.8518518518518519,0.0,0.0,0.0
64,2,152,153,93,2,0,26,0,1.8571428571428572,0.0,0.0,0.0
64,2,152,153,94,2,0,27,0,1.8620689655172413,0.0,0.0,0.0
64,2,152,153,95,3,1,26,0,2.689655172413793,0.3333333333333333,0.0,0.3333333333333333
64,2,152,153,96,1,0,25,0,0.9615384615384616,0.0,0.0,0.0
64,2,160,161,43,1,0,9,0,0.9,0.0,0.0,0.0
64,2,160,161,44,1,0,9,0,0.9,0.0,0.0,0.0
64,2,160,161,45,1,0,9,0,0.9,0.0,0.0,0.0
64,2,160,161,62,1,0,7,0,0.875,0.0,0.0,0.0
64,2,160,161,63,1,0,7,0,0.875,0.0,0.0,0.0
64,2,160,161,64,1,0,7,0,0.875,0.0,0.0,0.0
64,2,160,161,65,1,0,7,0,0.875,0.0,0.0,0.0
64,2,160,161,66,2,0,6,0,1.5,0.0,0.0,0.0
64,2,160,161,67,1,0,6,0,0.8571428571428571,0.0,0.0,0.0
64,2,160,161,68,2,0,6,0,1.5,0.0,0.0,0.0
64,2,160,161,69,2,0,6,0,1.5,0.0,0.0,0.0
64,2,160,161,70,2,0,6,0,1.5,0.0,0.0,0.0
64,2,160,161,71,2,0,6,0,1.5,0.0,0.0,0.0
64,2,160,161,72,2,0,6,0,1.5,0.0,0.0,0.0
64,2,160,161,73,3,0,5,0,1.875,0.0,0.0,0.0
64,2,160,161,74,2,0,5,0,1.4285714285714286,0.0,0.0,0.0
64,2,160,161,75,1,0,5,0,0.8333333333333334,0.0,0.0,0.0
64,2,160,161,76,1,0,4,0,0.8,0.0,0.0,0.0
64,2,160,161,77,1,0,3,0,0.75,0.0,0.0,0.0
64,2,160,161,78,1,0,2,0,0.6666666666666666,0.0,0.0,0.0
64,2,160,161,79,2,0,1,0,0.6666666666666666,0.0,0.0,0.0
64,2,160,161,85,1,0,9,0,0.9,0.0,0.0,0.0
64,2,160,161,86,1,0,11,0,0.9166666666666666,0.0,0.0,0.0
64,2,160,161,87,2,0,13,0,1.7333333333333334,0.0,0.0,0.0
64,2,160,161,88,2,0,15,0,1.7647058823529411,0.0,0.0,0.0
64,2,160,161,89,2,0,17,0,1.7894736842105263,0.0,0.0,0.0
64,2,160,161,90,2,0,19,0,1.8095238095238095,0.0,0.0,0.0
64,2,160,161,91,2,0,21,0,1.826086956521739,0.0,0.0,0.0
64,2,160,161,92,2,0,23,0,1.84,0.0,0.0,0.0
64,2,160,161,93,3,1,24,0,2.6666666666666665,0.3333333333333333,0.0,0.3333333333333333
64,2,160,161,94,2,1,26,0,1.8571428571428572,0.5,0.0,0.5
64,2,160,161,95,2,0,25,0,1.8518518518518519,0.0,0.0,0.0
64,2,160,161,96,3,1,23,0,2.6538461538461537,0.3333333333333333,0.0,0.3333333333333333
64,2,168,169,43,1,0,9,0,0.9,0.0,0.0,0.0
64,2,168,169,44,1,0,9,0,0.9,0.0,0.0,0.0
64,2,168,169,45,1,0,9,0,0.9,0.0,0.0,0.0
64,2,168,169,46,1,0,9,0,0.9,0.0,0.0,0.0
64,2,168,169,47,1,0,10,0,0.9090909090909091,0.0,0.0,0.0
64,2,168,169,48,1,0,11,0,0.9166666666666666,0.0,0.0,0.0
64,2,168,169,49,1,0,12,0,0.9230769230769231,0.0,0.0,0.0
64,2,168,169,50,1,0,13,0,0.9285714285714286,0.0,0.0,0.0
64,2,168,169,51,1,0,14,0,0.9333333333333333,0.0,0.0,0.0
64,2,168,169,52,1,0,14,0,0.9333333333333333,0.0,0.0,0.0
64,2,168,169,53,1,0,14,0,0.9333333333333333,0.0,0.0,0.0
64,2,168,169,54,1,0,13,0,0.9285714285714286,0.0,0.0,0.0
64,2,168,169,55,1,0,12,0,0.9230769230769231,0.0,0.0,0.0
64,2,168,169,56,1,0,11,0,0.9166666666666666,0.0,0.0,0.0
64,2,168,169,63,1,0,8,0,0.8888888888888888,0.0,0.0,0.0
64,2,168,169,64,1,0,8,0,0.8888888888888888,0.0,0.0,0.0
64,2,168,169,65,1,0,8,0,0.8888888888888888,0.0,0.0,0.0
64,2,168,169,67,1,0,9,0,0.9,0.0,0.0,0.0
64,2,168,169,68,1,0,10,0,0.9090909090909091,0.0,0.0,0.0
64,2,168,169,69,1,0,10,0,0.9090909090909091,0.0,0.0,0.0
64,2,168,169,70,1,0,10,0,0.9090909090909091,0.0,0.0,0.0
64,2,168,169,71,2,0,9,0,1.6363636363636365,0.0,0.0,0.0
64,2,168,169,73,2,0,9,0,1.6363636363636365,0.0,0.0,0.0
64,2,168,169,74,1,0,9,0,0.9,0.0,0.0,0.0
64,2,168,169,75,2,0,8,0,1.6,0.0,0.0,0.0
64,2,168,169,76,1,0,6,0,0.8571428571428571,0.0,0.0,0.0
64,2,168,169,86,2,0,10,0,1.6666666666666667,0.0,0.0,0.0
64,2,168,169,87,1,1,13,0,0.9285714285714286,1.0,0.0,1.0
64,2,168,169,88,1,0,14,0,0.9333333333333333,0.0,0.0,0.0
64,2,168,169,89,2,0,15,0,1.7647058823529411,0.0,0.0,0.0
64,2,168,169,90,2,0,17,0,1.7894736842105263,0.0,0.0,0.0
64,2,168,169,91,2,0,19,0,1.8095238095238095,0.0,0.0,0.0
64,2,168,169,92,2,0,21,0,1.826086956521739,0.0,0.0,0.0
64,2,168,169,93,2,0,22,0,1.8333333333333333,0.0,0.0,0.0
64,2,168,169,94,2,0,23,0,1.84,0.0,0.0,0.0
64,2,168,169,95,3,1,22,0,2.64,0.3333333333333333,0.0,0.3333333333333333
64,2,168,169,96,2,1,21,0,1.826086956521739,0.5,0.0,0.5
64,2,168,169,97,3,1,19,0,2.590909090909091,0.3333333333333333,0.0,0.3333333333333333
64,2,176,177,43,1,0,9,0,0.9,0.0,0.0,0.0
64,2,176,177,44,2,0,9,0,1.6363636363636365,0.0,0.0,0.0
64,2,176,177,45,1,0,9,0,0.9,0.0,0.0,0.0
64,2,176,177,46,1,0,9,0,0.9,0.0,0.0,0.0
64,2,176,177,47,1,0,10,0,0.9090909090909091,0.0,0.0,0.0
64,2,176,177,48,1,0,11,0,0.9166666666666666,0.0,0.0,0.0
64,2,176,177,49,1,0,12,0,0.9230769230769231,0.0,0.0,0.0
64,2,176,177,50,1,0,13,0,0.9285714285714286,0.0,0.0,0.0
64,2,176,177,51,1,0,14,0,0.9333333333333333,0.0,0.0,0.0
64,2,176,177,52,1,0,14,0,0.9333333333333333,0.0,0.0,0.0
64,2,176,177,53,1,0,14,0,0.9333333333333333,0.0,0.0,0.0
64,2,176,177,54,1,0,13,0,0.9285714285714286,0.0,0.0,0.0
64,2,176,177,55,1,0,12,0,0.9230769230769231,0.0,0.0,0.0
64,2,176,177,56,1,0,11,0,0.9166666666666666,0.0,0.0,0.0
64,2,176,177,57,1,0,10,0,0.9090909090909091,0.0,0.0,0.0
64,2,176,177,58,1,0,9,0,0.9,0.0,0.0,0.0
64,2,176,177,79,2,1,6,0,1.5,0.5,0.0,0.5
64,2,176,177,81,2,0,4,0,1.3333333333333333,0.0,0.0,0.0
64,2,176,177,88,1,0,12,0,0.9230769230769231,0.0,0.0,0.0
64,2,176,177,89,1,1,14,0,0.9333333333333333,1.0,0.0,1.0
64,2,176,177,91,1,1,17,0,0.9444444444444444,1.0,0.0,1.0
64,2,176,177,93,1,1,19,1,0.95,1.0,0.05263157894736842,0.9473684210526316
64,2,176,177,95,1,1,18,1,0.9473684210526315,1.0,0.05555555555555555,0.9444444444444444
64,2,176,177,97,2,2,13,0,1.7333333333333334,1.0,0.0,1.0
64,2,176,177,99,5,5,10,1,3.3333333333333335,1.0,0.1,0.9
64,2,176,177,101,2,1,9,1,1.6363636363636365,0.5,0.1111111111111111,0.3888888888888889
64,2,184,185,44,2,0,10,0,1.6666666666666667,0.0,0.0,0.0
64,2,184,185,45,2,0,10,0,1.6666666666666667,0.0,0.0,0.0
64,2,184,185,46,2,0,10,0,1.6666666666666667,0.0,0.0,0.0
64,2,184,185,47,2,0,11,0,1.6923076923076923,0.0,0.0,0.0
64,2,184,185,48,2,0,12,0,1.7142857142857142,0.0,0.0,0.0
64,2,184,185,49,2,0,13,0,1.7333333333333334,0.0,0.0,0.0
64,2,184,185,50,2,0,14,0,1.75,0.0,0.0,0.0
64,2,184,185,51,2,0,15,0,1.7647058823529411,0.0,0.0,0.0
64,2,184,185,52,2,0,15,0,1.7647058823529411,0.0,0.0,0.0
64,2,184,185,53,2,0,15,0,1.7647058823529411,0.0,0.0,0.0
64,2,184,185,54,2,0,14,0,1.75,0.0,0.0,0.0
64,2,184,185,55,2,0,13,0,1.7333333333333334,0.0,0.0,0.0
64,2,184,185,56,2,0,12,0,1.7142857142857142,0.0,0.0,0.0
64,2,184,185,57,3,0,10,0,2.3076923076923075,0.0,0.0,0.0
64,2,184,185,58,2,0,9,0,1.6363636363636365,0.0,0.0,0.0
64,2,184,185,94,1,0,16,0,0.9411764705882353,0.0,0.0,0.0
64,2,184,185,105,1,1,2,0,0.6666666666666666,1.0,0.0,1.0
64,2,192,193,44,2,0,10,0,1.6666666666666667,0.0,0.0,0.0
64,2,192,193,45,2,0,10,0,1.6666666666666667,0.0,0.0,0.0
64,2,192,193,46,2,0,10,0,1.6666666666666667,0.0,0.0,0.0
64,2,192,193,47,2,0,11,0,1.6923076923076923,0.0,0.0,0.0
64,2,192,193,48,2,0,12,0,1.7142857142857142,0.0,0.0,0.0
64,2,192,193,49,2,0,13,0,1.7333333333333334,0.0,0.0,0.0
64,2,192,193,50,2,0,14,0,1.75,0.0,0.0,0.0
64,2,192,193,51,2,0,15,0,1.7647058823529411,0.0,0.0,0.0
64,2,192,193,52,2,0,15,0,1.7647058823529411,0.0,0.0,0.0
64,2,192,193,53,2,0,15,0,1.7647058823529411,0.0,0.0,0.0
64,2,192,193,54,2,0,14,0,1.75,0.0,0.0,0.0
64,2,192,193,55,2,0,13,0,1.7333333333333334,0.0,0.0,0.0
64,2,192,193,56,2,0,12,0,1.7142857142857142,0.0,0.0,0.0
64,2,192,193,57,2,0,11,0,1.6923076923076923,0.0,0.0,0.0
64,2,192,193,58,2,0,10,0,1.6666666666666667,0.0,0.0,0.0
64,2,192,193,59,2,0,8,0,1.6,0.0,0.0,0.0
64,2,200,201,44,2,0,10,0,1.6666666666666667,0.0,0.0,0.0
64,2,200,201,45,2,0,10,0,1.6666666666666667,0.0,0.0,0.0
64,2,200,201,46,2,0,10,0,1.6666666666666667,0.0,0.0,0.0
64,2,200,201,47,2,0,11,0,1.6923076923076923,0.0,0.0,0.0
64,2,200,201,48,2,0,12,0,1.7142857142857142,0.0,0.0,0.0
64,2,200,201,49,1,0,14,0,0.9333333333333333,0.0,0.0,0.0
64,2,200,201,50,2,0,15,0,1.7647058823529411,0.0,0.0,0.0
64,2,200,201,51,2,0,16,0,1.7777777777777777,0.0,0.0,0.0
64,2,200,201,52,2,0,16,0,1.7777777777777777,0.0,0.0,0.0
64,2,200,201,53,2,0,16,0,1.7777777777777777,0.0,0.0,0.0
64,2,200,201,54,2,0,15,0,1.7647058823529411,0.0,0.0,0.0
64,2,200,201,55,2,0,14,0,1.75,0.0,0.0,0.0
64,2,200,201,56,2,0,13,0,1.7333333333333334,0.0,0.0,0.0
64,2,200,201,57,2,0,12,0,1.7142857142857142,0.0,0.0,0.0
64,2,200,201,58,3,0,10,0,2.3076923076923075,0.0,0.0,0.0
64,2,200,201,59,2,0,8,0,1.6,0.0,0.0,0.0
64,2,208,209,44,1,0,11,0,0.9166666666666666,0.0,0.0,0.0
64,2,208,209,45,2,0,11,0,1.6923076923076923,0.0,0.0,0.0
64,2,208,209,46,2,0,11,0,1.6923076923076923,0.0,0.0,0.0
64,2,208,209,47,2,0,12,0,1.7142857142857142,0.0,0.0,0.0
64,2,208,209,48,2,0,13,0,1.7333333333333334,0.0,0.0,0.0
64,2,208,209,49,2,0,14,0,1.75,0.0,0.0,0.0
64,2,208,209,50,2,0,15,0,1.7647058823529411,0.0,0.0,0.0
64,2,208,209,51,2,0,16,0,1.7777777777777777,0.0,0.0,0.0
64,2,208,209,52,2,0,16,0,1.7777777777777777,0.0,0.0,0.0
64,2,208,209,53,2,0,16,0,1.7777777777777777,0.0,0.0,0.0
64,2,208,209,54,2,0,15,0,1.7647058823529411,0.0,0.0,0.0
64,2,208,209,55,2,0,14,0,1.75,0.0,0.0,0.0
64,2,208,209,56,2,0,13,0,1.7333333333333334,0.0,0.0,0.0
64,2,208,209,57,2,0,12,0,1.7142857142857142,0.0,0.0,0.0
64,2,208,209,58,3,0,10,0,2.3076923076923075,0.0,0.0,0.0
64,2,208,209,59,2,0,8,0,1.6,0.0,0.0,0.0
64,2,216,217,45,2,0,12,0,1.7142857142857142,0.0,0.0,0.0
64,2,216,217,46,2,0,12,0,1.7142857142857142,0.0,0.0,0.0
64,2,216,217,47,2,0,13,0,1.7333333333333334,0.0,0.0,0.0
64,2,216,217,48,2,0,14,0,1.75,0.0,0.0,0.0
64,2,216,217,49,2,0,15,0,1.7647058823529411,0.0,0.0,0.0
64,2,216,217,50,2,0,16,0,1.7777777777777777,0.0,0.0,0.0
64,2,216,217,51,2,0,17,0,1.7894736842105263,0.0,0.0,0.0
64,2,216,217,52,2,0,17,0,1.7894736842105263,0.0,0.0,0.0
64,2,216,217,53,2,0,17,0,1.7894736842105263,0.0,0.0,0.0
64,2,216,217,54,2,0,16,0,1.7777777777777777,0.0,0.0,0.0
64,2,216,217,55,2,0,15,0,1.7647058823529411,0.0,0.0,0.0
64,2,216,217,56,2,0,14,0,1.75,0.0,0.0,0.0
64,2,216,217,57,2,0,13,0,1.7333333333333334,0.0,0.0,0.0
64,2,216,217,58,2,0,12,0,1.7142857142857142,0.0,0.0,0.0
64,2,216,217,59,4,0,8,0,2.6666666666666665,0.0,0.0,0.0
64,2,224,225,45,2,0,12,0,1.7142857142857142,0.0,0.0,0.0
64,2,224,225,46,2,0,12,0,1.7142857142857142,0.0,0.0,0.0
64,2,224,225,47,2,0,13,0,1.7333333333333334,0.0,0.0,0.0
64,2,224,225,48,1,0,15,0,0.9375,0.0,0.0,0.0
64,2,224,225,49,2,0,16,0,1.7777777777777777,0.0,0.0,0.0
64,2,224,225,50,1,0,18,0,0.9473684210526315,0.0,0.0,0.0
64,2,224,225,51,1,0,19,0,0.95,0.0,0.0,0.0
64,2,224,225,52,1,0,19,0,0.95,0.0,0.0,0.0
64,2,224,225,53,1,0,19,0,0.95,0.0,0.0,0.0
64,2,224,225,54,1,0,18,0,0.9473684210526315,0.0,0.0,0.0
64,2,224,225,55,1,0,17,0,0.9444444444444444,0.0,0.0,0.0
64,2,224,225,56,1,0,16,0,0.9411764705882353,0.0,0.0,0.0
64,2,224,225,57,1,0,15,0,0.9375,0.0,0.0,0.0
64,2,224,225,58,1,0,14,0,0.9333333333333333,0.0,0.0,0.0
64,2,224,225,59,3,0,10,0,2.3076923076923075,0.0,0.0,0.0
64,2,224,225,60,2,0,8,0,1.6,0.0,0.0,0.0
64,2,232,233,45,2,0,12,0,1.7142857142857142,0.0,0.0,0.0
64,2,232,233,46,1,0,13,0,0.9285714285714286,0.0,0.0,0.0
64,2,232,233,47,2,0,14,0,1.75,0.0,0.0,0.0
64,2,232,233,48,1,0,16,0,0.9411764705882353,0.0,0.0,0.0
64,2,232,233,49,1,0,17,0,0.9444444444444444,0.0,0.0,0.0
64,2,232,233,51,1,0,20,0,0.9523809523809523,0.0,0.0,0.0
64,2,232,233,52,1,0,20,0,0.9523809523809523,0.0,0.0,0.0
64,2,232,233,53,1,0,20,0,0.9523809523809523,0.0,0.0,0.0
64,2,232,233,54,1,0,19,0,0.95,0.0,0.0,0.0
64,2,232,233,55,1,0,18,0,0.9473684210526315,0.0,0.0,0.0
64,2,232,233,56,1,0,17,0,0.9444444444444444,0.0,0.0,0.0
64,2,232,233,57,1,0,16,0,0.9411764705882353,0.0,0.0,0.0
64,2,232,233,58,1,0,15,0,0.9375,0.0,0.0,0.0
64,2,232,233,59,2,0,12,0,1.7142857142857142,0.0,0.0,0.0
64,2,232,233,60,3,0,8,0,2.1818181818181817,0.0,0.0,0.0
64,2,240,241,46,1,0,15,0,0.9375,0.0,0.0,0.0
64,2,240,241,47,1,0,16,0,0.9411764705882353,0.0,0.0,0.0
64,2,240,241,48,1,0,17,0,0.9444444444444444,0.0,0.0,0.0
64,2,240,241,49,1,0,18,0,0.9473684210526315,0.0,0.0,0.0
64,2,240,241,51,1,0,21,0,0.9545454545454546,0.0,0.0,0.0
64,2,240,241,52,1,0,21,0,0.9545454545454546,0.0,0.0,0.0
64,2,240,241,53,1,0,21,0,0.9545454545454546,0.0,0.0,0.0
64,2,240,241,54,1,0,20,0,0.9523809523809523,0.0,0.0,0.0
64,2,240,241,55,1,0,19,0,0.95,0.0,0.0,0.0
64,2,240,241,56,1,0,18,0,0.9473684210526315,0.0,0.0,0.0
64,2,240,241,57,1,0,17,0,0.9444444444444444,0.0,0.0,0.0
64,2,240,241,58,2,0,15,0,1.7647058823529411,0.0,0.0,0.0
64,2,240,241,59,1,0,13,0,0.9285714285714286,0.0,0.0,0.0
64,2,240,241,60,4,0,8,0,2.6666666666666665,0.0,0.0,0.0
64,2,248,249,47,1,0,17,0,0.9444444444444444,0.0,0.0,0.0
64,2,248,249,49,1,0,20,0,0.9523809523809523,0.0,0.0,0.0
64,2,248,249,51,1,0,23,0,0.9583333333333334,0.0,0.0,0.0
64,2,248,249,53,1,0,24,0,0.96,0.0,0.0,0.0
64,2,248,249,55,1,0,23,0,0.9583333333333334,0.0,0.0,0.0
64,2,248,249,57,1,0,22,0,0.9565217391304348,0.0,0.0,0.0
64,2,248,249,59,1,0,20,0,0.9523809523809523,0.0,0.0,0.0
64,2,248,249,61,5,0,12,0,3.5294117647058822,0.0,0.0,0.0
64,2,248,249,62,2,0,12,0,1.7142857142857142,0.0,0.0,0.0
64,2,248,249,63,3,0,11,0,2.357142857142857,0.0,0.0,0.0
64,2,248,249,64,2,0,11,0,1.6923076923076923,0.0,0.0,0.0
64,2,248,249,65,2,0,11,0,1.6923076923076923,0.0,0.0,0.0
64,3,16,17,15,9,3,5,0,3.2142857142857144,0.3333333333333333,0.0,0.3333333333333333
64,3,24,25,19,10,9,1,0,0.9090909090909091,0.9,0.0,0.9
64,3,24,25,20,4,2,11,0,2.933333333333333,0.5,0.0,0.5
64,3,32,33,11,1,0,2,0,0.6666666666666666,0.0,0.0,0.0
64,3,32,33,12,3,0,2,0,1.2,0.0,0.0,0.0
64,3,32,33,15,1,0,1,0,0.5,0.0,0.0,0.0
64,3,32,33,24,5,2,1,0,0.8333333333333334,0.4,0.0,0.4
64,3,32,33,25,14,12,8,0,5.090909090909091,0.8571428571428571,0.0,0.8571428571428571
64,3,32,33,26,10,1,22,0,6.875,0.1,0.0,0.1
64,3,40,41,2,2,0,3,0,1.2,0.0,0.0,0.0
64,3,40,41,3,1,0,5,0,0.8333333333333334,0.0,0.0,0.0
64,3,40,41,4,2,0,6,0,1.5,0.0,0.0,0.0
64,3,40,41,5,3,0,6,0,2.0,0.0,0.0,0.0
64,3,40,41,6,3,0,6,0,2.0,0.0,0.0,0.0
64,3,40,41,8,2,0,8,0,1.6,0.0,0.0,0.0
64,3,40,41,10,3,0,9,0,2.25,0.0,0.0,0.0
64,3,40,41,11,1,0,10,0,0.9090909090909091,0.0,0.0,0.0
64,3,40,41,12,1,0,11,0,0.9166666666666666,0.0,0.0,0.0
64,3,40,41,13,1,0,12,0,0.9230769230769231,0.0,0.0,0.0
64,3,40,41,14,3,0,10,0,2.3076923076923075,0.0,0.0,0.0
64,3,40,41,16,2,0,7,0,1.5555555555555556,0.0,0.0,0.0
64,3,40,41,17,1,0,6,0,0.8571428571428571,0.0,0.0,0.0
64,3,40,41,18,1,0,4,0,0.8,0.0,0.0,0.0
64,3,40,41,27,3,2,7,0,2.1,0.6666666666666666,0.0,0.6666666666666666
64,3,40,41,28,2,0,10,0,1.6666666666666667,0.0,0.0,0.0
64,3,40,41,29,4,2,13,0,3.0588235294117645,0.5,0.0,0.5
64,3,40,41,30,5,0,17,0,3.8636363636363638,0.0,0.0,0.0
64,3,40,41,31,13,10,22,0,8.17142857142857,0.7692307692307693,0.0,0.7692307692307693
64,3,40,41,33,1,0,32,0,0.9696969696969697,0.0,0.0,0.0
64,3,48,49,4,3,0,12,0,2.4,0.0,0.0,0.0
64,3,48,49,5,1,0,14,0,0.9333333333333333,0.0,0.0,0.0
64,3,48,49,6,1,0,15,0,0.9375,0.0,0.0,0.0
64,3,48,49,11,1,0,14,0,0.9333333333333333,0.0,0.0,0.0
64,3,48,49,20,6,0,4,0,2.4,0.0,0.0,0.0
64,3,48,49,21,4,0,4,0,2.0,0.0,0.0,0.0
64,3,48,49,22,4,0,2,0,1.3333333333333333,0.0,0.0,0.0
64,3,48,49,24,2,0,3,0,1.2,0.0,0.0,0.0
64,3,48,49,26,1,0,7,0,0.875,0.0,0.0,0.0
64,3,48,49,28,1,0,9,0,0.9,0.0,0.0,0.0
64,3,48,49,29,3,1,9,0,2.25,0.3333333333333333,0.0,0.3333333333333333
64,3,48,49,30,2,0,10,0,1.6666666666666667,0.0,0.0,0.0
64,3,48,49,31,5,3,11,0,3.4375,0.6,0.0,0.6
64,3,48,49,32,3,0,15,0,2.5,0.0,0.0,0.0
64,3,48,49,33,5,1,17,0,3.8636363636363638,0.2,0.0,0.2
64,3,48,49,34,7,0,19,0,5.115384615384615,0.0,0.0,0.0
64,3,48,49,35,2,1,23,0,1.84,0.5,0.0,0.5
64,3,48,49,36,1,0,22,0,0.9565217391304348,0.0,0.0,0.0
64,3,48,49,37,1,0,20,0,0.9523809523809523,0.0,0.0,0.0
64,3,48,49,46,2,1,12,0,1.7142857142857142,0.5,0.0,0.5
64,3,48,49,48,2,0,16,0,1.7777777777777777,0.0,0.0,0.0
64,3,56,57,17,1,0,12,0,0.9230769230769231,0.0,0.0,0.0
64,3,56,57,18,1,0,10,0,0.9090909090909091,0.0,0.0,0.0
64,3,56,57,20,1,0,12,0,0.9230769230769231,0.0,0.0,0.0
64,3,56,57,21,1,0,13,0,0.9285714285714286,0.0,0.0,0.0
64,3,56,57,22,1,0,14,0,0.9333333333333333,0.0,0.0,0.0
64,3,56,57,23,1,0,17,0,0.9444444444444444,0.0,0.0,0.0
64,3,56,57,24,2,0,17,0,1.7894736842105263,0.0,0.0,0.0
64,3,56,57,25,3,0,18,0,2.5714285714285716,0.0,0.0,0.0
64,3,56,57,26,9,0,13,0,5.318181818181818,0.0,0.0,0.0
64,3,56,57,27,3,0,14,0,2.4705882352941178,0.0,0.0,0.0
64,3,56,57,28,7,1,12,0,4.421052631578948,0.14285714285714285,0.0,0.14285714285714285
64,3,56,57,29,1,0,13,0,0.9285714285714286,0.0,0.0,0.0
64,3,56,57,30,1,0,14,0,0.9333333333333333,0.0,0.0,0.0
64,3,56,57,31,1,0,14,0,0.9333333333333333,0.0,0.0,0.0
64,3,56,57,33,1,0,15,0,0.9375,0.0,0.0,0.0
64,3,56,57,34,3,0,14,0,2.4705882352941178,0.0,0.0,0.0
64,3,56,57,35,4,3,15,0,3.1578947368421053,0.75,0.0,0.75
64,3,56,57,36,3,0,16,0,2.526315789473684,0.0,0.0,0.0
64,3,56,57,37,3,1,16,0,2.526315789473684,0.3333333333333333,0.0,0.3333333333333333
64,3,56,57,38,2,0,14,0,1.75,0.0,0.0,0.0
64,3,56,57,39,2,0,11,0,1.6923076923076923,0.0,0.0,0.0
64,3,56,57,40,2,0,9,0,1.6363636363636365,0.0,0.0,0.0
64,3,64,65,20,1,0,14,0,0.9333333333333333,0.0,0.0,0.0
64,3,64,65,21,1,0,15,0,0.9375,0.0,0.0,0.0
64,3,64,65,22,1,0,16,0,0.9411764705882353,0.0,0.0,0.0
64,3,64,65,24,1,0,21,0,0.9545454545454546,0.0,0.0,0.0
64,3,64,65,25,1,0,24,0,0.96,0.0,0.0,0.0
64,3,64,65,27,1,0,28,0,0.9655172413793104,0.0,0.0,0.0
64,3,64,65,28,2,1,28,0,1.8666666666666667,0.5,0.0,0.5
64,3,64,65,29,2,0,27,0,1.8620689655172413,0.0,0.0,0.0
64,3,64,65,30,11,2,18,0,6.827586206896552,0.18181818181818182,0.0,0.18181818181818182
64,3,64,65,32,5,0,17,0,3.8636363636363638,0.0,0.0,0.0
64,3,64,65,34,1,0,17,0,0.9444444444444444,0.0,0.0,0.0
64,3,64,65,36,1,0,16,0,0.9411764705882353,0.0,0.0,0.0
64,3,64,65,38,1,0,14,0,0.9333333333333333,0.0,0.0,0.0
64,3,64,65,39,1,0,12,0,0.9230769230769231,0.0,0.0,0.0
64,3,72,73,23,2,0,21,0,1.826086956521739,0.0,0.0,0.0
64,3,72,73,24,1,0,22,0,0.9565217391304348,0.0,0.0,0.0
64,3,72,73,26,1,0,28,0,0.9655172413793104,0.0,0.0,0.0
64,3,72,73,28,1,0,30,0,0.967741935483871,0.0,0.0,0.0
64,3,72,73,30,1,0,31,0,0.96875,0.0,0.0,0.0
64,3,72,73,32,10,0,22,0,6.875,0.0,0.0,0.0
64,3,72,73,34,5,0,18,0,3.9130434782608696,0.0,0.0,0.0
64,3,72,73,36,2,0,17,0,1.7894736842105263,0.0,0.0,0.0
64,3,72,73,37,1,0,17,0,0.9444444444444444,0.0,0.0,0.0
64,3,80,81,25,2,0,27,0,1.8620689655172413,0.0,0.0,0.0
64,3,80,81,26,2,1,29,0,1.8709677419354838,0.5,0.0,0.5
64,3,80,81,28,1,0,31,0,0.96875,0.0,0.0,0.0
64,3,80,81,30,1,0,32,0,0.9696969696969697,0.0,0.0,0.0
64,3,80,81,32,1,0,32,0,0.9696969696969697,0.0,0.0,0.0
64,3,80,81,33,1,0,30,0,0.967741935483871,0.0,0.0,0.0
64,3,80,81,35,4,0,22,0,3.3846153846153846,0.0,0.0,0.0
64,3,80,81,36,3,0,19,0,2.590909090909091,0.0,0.0,0.0
64,3,80,81,39,1,0,13,0,0.9285714285714286,0.0,0.0,0.0
64,3,88,89,28,2,0,33,0,1.8857142857142857,0.0,0.0,0.0
64,3,88,89,30,3,1,33,0,2.75,0.3333333333333333,0.0,0.3333333333333333
64,3,88,89,32,2,0,33,0,1.8857142857142857,0.0,0.0,0.0
64,4,16,17,14,10,6,2,0,1.6666666666666667,0.6,0.0,0.6
64,4,16,17,15,19,4,11,0,6.966666666666667,0.21052631578947367,0.0,0.21052631578947367
64,4,24,25,19,16,13,2,0,1.7777777777777777,0.8125,0.0,0.8125
64,4,24,25,20,11,5,18,0,6.827586206896552,0.45454545454545453,0.0,0.45454545454545453
64,4,24,25,21,4,0,28,0,3.5,0.0,0.0,0.0
64,4,32,33,23,6,5,2,1,1.5,0.8333333333333334,0.5,0.33333333333333337
64,4,32,33,24,6,1,6,1,3.0,0.16666666666666666,0.16666666666666666,0.0
64,4,32,33,25,12,4,7,0,4.421052631578948,0.3333333333333333,0.0,0.3333333333333333
64,4,32,33,26,4,0,15,0,3.1578947368421053,0.0,0.0,0.0
64,4,40,41,10,1,0,1,0,0.5,0.0,0.0,0.0
64,4,40,41,11,2,0,1,0,0.6666666666666666,0.0,0.0,0.0
64,4,40,41,12,1,0,2,0,0.6666666666666666,0.0,0.0,0.0
64,4,40,41,13,2,0,2,0,1.0,0.0,0.0,0.0
64,4,40,41,14,1,0,3,0,0.75,0.0,0.0,0.0
64,4,40,41,15,2,0,3,0,1.2,0.0,0.0,0.0
64,4,40,41,16,1,0,3,0,0.75,0.0,0.0,0.0
64,4,40,41,28,6,0,3,0,2.0,0.0,0.0,0.0
64,4,40,41,29,6,2,7,0,3.230769230769231,0.3333333333333333,0.0,0.3333333333333333
64,4,48,49,2,1,0,2,0,0.6666666666666666,0.0,0.0,0.0
64,4,48,49,3,2,0,3,0,1.2,0.0,0.0,0.0
64,4,48,49,4,1,0,4,0,0.8,0.0,0.0,0.0
64,4,48,49,5,1,0,5,0,0.8333333333333334,0.0,0.0,0.0
64,4,48,49,6,2,0,6,0,1.5,0.0,0.0,0.0
64,4,48,49,7,3,0,6,0,2.0,0.0,0.0,0.0
64,4,48,49,8,2,0,7,0,1.5555555555555556,0.0,0.0,0.0
64,4,48,49,9,4,0,7,0,2.5454545454545454,0.0,0.0,0.0
64,4,48,49,10,1,0,9,0,0.9,0.0,0.0,0.0
64,4,48,49,11,2,0,9,0,1.6363636363636365,0.0,0.0,0.0
64,4,48,49,12,1,0,10,0,0.9090909090909091,0.0,0.0,0.0
64,4,48,49,13,4,0,8,0,2.6666666666666665,0.0,0.0,0.0
64,4,48,49,14,1,0,9,0,0.9,0.0,0.0,0.0
64,4,48,49,17,3,0,9,0,2.25,0.0,0.0,0.0
64,4,48,49,18,1,0,10,0,0.9090909090909091,0.0,0.0,0.0
64,4,48,49,19,3,1,9,0,2.25,0.3333333333333333,0.0,0.3333333333333333
64,4,48,49,20,1,0,9,0,0.9,0.0,0.0,0.0
64,4,48,49,21,3,0,7,0,2.1,0.0,0.0,0.0
64,4,48,49,22,1,0,8,0,0.8888888888888888,0.0,0.0,0.0
64,4,48,49,23,2,0,7,0,1.5555555555555556,0.0,0.0,0.0
64,4,48,49,24,1,0,6,0,0.8571428571428571,0.0,0.0,0.0
64,4,48,49,25,5,0,1,0,0.8333333333333334,0.0,0.0,0.0
64,4,48,49,30,4,0,1,0,0.8,0.0,0.0,0.0
64,4,48,49,31,4,3,4,0,2.0,0.75,0.0,0.75
64,4,48,49,32,2,0,5,0,1.4285714285714286,0.0,0.0,0.0
64,4,56,57,3,2,0,10,0,1.6666666666666667,0.0,0.0,0.0
64,4,56,57,5,2,1,15,0,1.7647058823529411,0.5,0.0,0.5
64,4,56,57,6,1,0,17,0,0.9444444444444444,0.0,0.0,0.0
64,4,56,57,7,3,0,16,0,2.526315789473684,0.0,0.0,0.0
64,4,56,57,8,1,0,16,0,0.9411764705882353,0.0,0.0,0.0
64,4,56,57,9,2,0,17,0,1.7894736842105263,0.0,0.0,0.0
64,4,56,57,12,2,0,20,0,1.8181818181818181,0.0,0.0,0.0
64,4,56,57,13,1,0,20,0,0.9523809523809523,0.0,0.0,0.0
64,4,56,57,14,2,0,18,0,1.8,0.0,0.0,0.0
64,4,56,57,15,1,0,17,0,0.9444444444444444,0.0,0.0,0.0
64,4,56,57,17,3,0,14,0,2.4705882352941178,0.0,0.0,0.0
64,4,56,57,18,1,0,14,0,0.9333333333333333,0.0,0.0,0.0
64,4,56,57,19,1,0,14,0,0.9333333333333333,0.0,0.0,0.0
64,4,56,57,27,2,0,5,0,1.4285714285714286,0.0,0.0,0.0
64,4,56,57,28,3,0,2,0,1.2,0.0,0.0,0.0
64,4,64,65,9,2,0,22,0,1.8333333333333333,0.0,0.0,0.0
64,4,64,65,10,3,0,23,0,2.6538461538461537,0.0,0.0,0.0
64,4,64,65,11,2,0,23,0,1.84,0.0,0.0,0.0
64,4,72,73,12,1,0,29,0,0.9666666666666667,0.0,0.0,0.0
64,4,72,73,13,1,0,28,0,0.9655172413793104,0.0,0.0,0.0
64,4,72,73,14,1,0,27,0,0.9642857142857143,0.0,0.0,0.0
64,4,72,73,15,3,0,24,0,2.6666666666666665,0.0,0.0,0.0
64,4,72,73,16,1,0,23,0,0.9583333333333334,0.0,0.0,0.0
64,4,72,73,17,5,0,18,0,3.9130434782608696,0.0,0.0,0.0
64,4,80,81,15,1,0,29,0,0.9666666666666667,0.0,0.0,0.0
64,4,80,81,16,1,0,28,0,0.9655172413793104,0.0,0.0,0.0
64,4,80,81,17,1,0,27,0,0.9642857142857143,0.0,0.0,0.0
64,4,80,81,18,2,0,25,0,1.8518518518518519,0.0,0.0,0.0
64,4,80,81,19,3,0,23,0,2.6538461538461537,0.0,0.0,0.0
64,4,80,81,20,1,0,23,0,0.9583333333333334,0.0,0.0,0.0
64,4,80,81,21,6,0,17,0,4.434782608695652,0.0,0.0,0.0
64,4,80,81,23,1,0,12,0,0.9230769230769231,0.0,0.0,0.0
64,4,80,81,24,1,0,10,0,0.9090909090909091,0.0,0.0,0.0
64,4,80,81,25,1,0,9,0,0.9,0.0,0.0,0.0
64,4,88,89,19,3,0,28,0,2.7096774193548385,0.0,0.0,0.0
64,4,88,89,21,5,1,25,0,4.166666666666667,0.2,0.0,0.2
64,4,88,89,22,1,0,23,0,0.9583333333333334,0.0,0.0,0.0
64,4,88,89,23,6,0,16,0,4.363636363636363,0.0,0.0,0.0
64,4,88,89,24,1,0,13,0,0.9285714285714286,0.0,0.0,0.0
64,4,88,89,26,1,0,8,0,0.8888888888888888,0.0,0.0,0.0
64,4,88,89,27,1,0,7,0,0.875,0.0,0.0,0.0
64,4,96,97,23,3,0,25,0,2.6785714285714284,0.0,0.0,0.0
64,4,96,97,24,2,0,21,0,1.826086956521739,0.0,0.0,0.0
64,4,96,97,25,7,1,12,0,4.421052631578948,0.14285714285714285,0.0,0.14285714285714285
64,4,96,97,26,1,0,9,0,0.9,0.0,0.0,0.0
64,4,96,97,28,1,0,6,0,0.8571428571428571,0.0,0.0,0.0
64,4,104,105,27,7,0,10,0,4.117647058823529,0.0,0.0,0.0
64,4,104,105,28,2,0,7,0,1.5555555555555556,0.0,0.0,0.0
64,4,104,105,29,1,0,5,0,0.8333333333333334,0.0,0.0,0.0
64,4,112,113,29,5,0,8,0,3.076923076923077,0.0,0.0,0.0
64,4,112,113,30,2,0,5,0,1.4285714285714286,0.0,0.0,0.0
64,4,112,113,31,1,0,3,0,0.75,0.0,0.0,0.0
64,4,120,121,31,3,0,6,0,2.0,0.0,0.0,0.0
64,4,120,121,32,1,0,4,0,0.8,0.0,0.0,0.0
64,4,120,121,33,2,1,1,0,0.6666666666666666,0.5,0.0,0.5
64,5,24,25,20,2,0,2,0,1.0,0.0,0.0,0.0
64,5,24,25,21,1,0,3,0,0.75,0.0,0.0,0.0
64,5,32,33,25,6,5,1,0,0.8571428571428571,0.8333333333333334,0.0,0.8333333333333334
64,5,32,33,26,2,0,6,0,1.5,0.0,0.0,0.0
64,5,32,33,27,4,2,7,0,2.5454545454545454,0.5,0.0,0.5
64,5,40,41,23,1,0,4,0,0.8,0.0,0.0,0.0
64,5,40,41,24,1,0,5,0,0.8333333333333334,0.0,0.0,0.0
64,5,40,41,26,2,0,7,0,1.5555555555555556,0.0,0.0,0.0
64,5,40,41,27,1,0,8,0,0.8888888888888888,0.0,0.0,0.0
64,5,40,41,28,4,0,6,0,2.4,0.0,0.0,0.0
64,5,40,41,29,2,1,7,0,1.5555555555555556,0.5,0.0,0.5
64,5,40,41,30,2,0,9,0,1.6363636363636365,0.0,0.0,0.0
64,5,40,41,31,4,2,11,0,2.933333333333333,0.5,0.0,0.5
64,5,48,49,20,1,0,1,0,0.5,0.0,0.0,0.0
64,5,56,57,12,3,0,3,0,1.5,0.0,0.0,0.0
64,5,56,57,13,1,0,5,0,0.8333333333333334,0.0,0.0,0.0
64,5,56,57,14,2,0,5,0,1.4285714285714286,0.0,0.0,0.0
64,5,56,57,16,1,0,5,0,0.8333333333333334,0.0,0.0,0.0
64,5,56,57,18,1,0,4,0,0.8,0.0,0.0,0.0
64,5,56,57,20,1,0,4,0,0.8,0.0,0.0,0.0
64,5,64,65,9,1,0,6,0,0.8571428571428571,0.0,0.0,0.0
64,5,64,65,10,2,0,7,0,1.5555555555555556,0.0,0.0,0.0
64,5,64,65,11,2,0,8,0,1.6,0.0,0.0,0.0
64,5,64,65,12,3,0,10,0,2.3076923076923075,0.0,0.0,0.0
64,5,64,65,14,1,0,10,0,0.9090909090909091,0.0,0.0,0.0
64,5,64,65,15,1,0,9,0,0.9,0.0,0.0,0.0
64,5,64,65,51,1,0,11,0,0.9166666666666666,0.0,0.0,0.0
64,5,64,65,52,4,0,8,0,2.6666666666666665,0.0,0.0,0.0
64,5,64,65,53,3,0,9,0,2.25,0.0,0.0,0.0
64,5,64,65,54,4,0,10,0,2.857142857142857,0.0,0.0,0.0
64,5,72,73,7,2,0,6,0,1.5,0.0,0.0,0.0
64,5,72,73,8,2,0,7,0,1.5555555555555556,0.0,0.0,0.0
64,5,72,73,9,5,0,8,0,3.076923076923077,0.0,0.0,0.0
64,5,72,73,10,2,0,12,0,1.7142857142857142,0.0,0.0,0.0
64,5,72,73,11,2,0,13,0,1.7333333333333334,0.0,0.0,0.0
64,5,72,73,12,2,0,14,0,1.75,0.0,0.0,0.0
64,5,72,73,54,2,0,12,0,1.7142857142857142,0.0,0.0,0.0
64,5,72,73,56,2,0,12,1,1.7142857142857142,0.0,0.08333333333333333,-0.08333333333333333
64,5,80,81,4,1,0,5,0,0.8333333333333334,0.0,0.0,0.0
64,5,80,81,5,1,0,7,0,0.875,0.0,0.0,0.0
64,5,80,81,6,1,1,9,0,0.9,1.0,0.0,1.0
64,5,80,81,7,1,0,11,0,0.9166666666666666,0.0,0.0,0.0
64,5,80,81,57,2,0,11,0,1.6923076923076923,0.0,0.0,0.0
64,5,80,81,59,2,1,7,0,1.5555555555555556,0.5,0.0,0.5
64,5,88,89,2,2,1,3,0,1.2,0.5,0.0,0.5
64,5,88,89,4,3,1,7,0,2.1,0.3333333333333333,0.0,0.3333333333333333
64,5,88,89,59,3,0,6,0,2.0,0.0,0.0,0.0
64,5,88,89,61,3,1,3,0,1.5,0.3333333333333333,0.0,0.3333333333333333
64,6,24,25,20,2,0,7,0,1.5555555555555556,0.0,0.0,0.0
64,6,32,33,23,2,1,1,0,0.6666666666666666,0.5,0.0,0.5
64,6,32,33,25,9,9,1,0,0.9,1.0,0.0,1.0
64,6,32,33,26,6,0,8,0,3.4285714285714284,0.0,0.0,0.0
64,6,40,41,20,1,0,2,0,0.6666666666666666,0.0,0.0,0.0
64,6,40,41,22,1,0,5,0,0.8333333333333334,0.0,0.0,0.0
64,6,40,41,24,2,0,7,0,1.5555555555555556,0.0,0.0,0.0
64,6,40,41,26,4,0,7,0,2.5454545454545454,0.0,0.0,0.0
64,6,40,41,27,3,0,6,0,2.0,0.0,0.0,0.0
64,6,40,41,28,2,0,5,0,1.4285714285714286,0.0,0.0,0.0
64,6,40,41,29,2,1,6,0,1.5,0.5,0.0,0.5
64,6,40,41,30,2,0,7,0,1.5555555555555556,0.0,0.0,0.0
64,6,40,41,31,7,7,10,0,4.117647058823529,1.0,0.0,1.0
64,6,40,41,32,1,1,18,0,0.9473684210526315,1.0,0.0,1.0
64,6,48,49,29,1,0,15,0,0.9375,0.0,0.0,0.0
64,6,48,49,31,3,0,12,0,2.4,0.0,0.0,0.0
64,6,48,49,32,4,1,9,0,2.769230769230769,0.25,0.0,0.25
64,6,48,49,33,3,1,8,0,2.1818181818181817,0.3333333333333333,0.0,0.3333333333333333
64,6,48,49,34,5,0,6,0,2.727272727272727,0.0,0.0,0.0
64,6,48,49,35,7,3,7,0,3.5,0.42857142857142855,0.0,0.42857142857142855
64,6,48,49,36,5,0,12,0,3.5294117647058822,0.0,0.0,0.0
64,6,48,49,37,1,1,16,0,0.9411764705882353,1.0,0.0,1.0
64,6,56,57,11,2,0,3,0,1.2,0.0,0.0,0.0
64,6,56,57,12,2,0,4,0,1.3333333333333333,0.0,0.0,0.0
64,6,56,57,14,2,0,5,0,1.4285714285714286,0.0,0.0,0.0
64,6,56,57,15,1,0,4,0,0.8,0.0,0.0,0.0
64,6,56,57,16,1,0,3,0,0.75,0.0,0.0,0.0
64,6,56,57,18,1,0,3,0,0.75,0.0,0.0,0.0
64,6,56,57,19,1,0,2,0,0.6666666666666666,0.0,0.0,0.0
64,6,56,57,20,1,0,3,0,0.75,0.0,0.0,0.0
64,6,56,57,34,6,2,14,0,4.2,0.3333333333333333,0.0,0.3333333333333333
64,6,56,57,35,2,0,12,0,1.7142857142857142,0.0,0.0,0.0
64,6,56,57,36,6,1,6,0,3.0,0.16666666666666666,0.0,0.16666666666666666
64,6,56,57,37,3,1,5,0,1.875,0.3333333333333333,0.0,0.3333333333333333
64,6,56,57,38,2,0,4,0,1.3333333333333333,0.0,0.0,0.0
64,6,56,57,39,2,1,3,0,1.2,0.5,0.0,0.5
64,6,56,57,40,2,0,4,0,1.3333333333333333,0.0,0.0,0.0
64,6,56,57,41,6,4,5,0,2.727272727272727,0.6666666666666666,0.0,0.6666666666666666
64,6,56,57,42,4,0,10,0,2.857142857142857,0.0,0.0,0.0
64,6,64,65,6,4,1,1,0,0.8,0.25,0.0,0.25
64,6,64,65,7,2,0,5,0,1.4285714285714286,0.0,0.0,0.0
64,6,64,65,8,1,0,7,0,0.875,0.0,0.0,0.0
64,6,64,65,10,1,0,8,0,0.8888888888888888,0.0,0.0,0.0
64,6,64,65,11,1,0,8,0,0.8888888888888888,0.0,0.0,0.0
64,6,64,65,12,1,0,8,0,0.8888888888888888,0.0,0.0,0.0
64,6,64,65,14,1,0,8,0,0.8888888888888888,0.0,0.0,0.0
64,6,64,65,16,1,0,5,0,0.8333333333333334,0.0,0.0,0.0
64,6,64,65,18,1,0,5,0,0.8333333333333334,0.0,0.0,0.0
64,6,64,65,19,1,0,4,0,0.8,0.0,0.0,0.0
64,6,64,65,20,1,0,5,0,0.8333333333333334,0.0,0.0,0.0
64,6,64,65,21,1,0,6,0,0.8571428571428571,0.0,0.0,0.0
64,6,64,65,23,1,0,9,0,0.9,0.0,0.0,0.0
64,6,64,65,36,2,0,16,0,1.7777777777777777,0.0,0.0,0.0
64,6,64,65,37,1,0,15,0,0.9375,0.0,0.0,0.0
64,6,64,65,38,2,0,13,0,1.7333333333333334,0.0,0.0,0.0
64,6,64,65,39,3,0,12,0,2.4,0.0,0.0,0.0
64,6,64,65,40,6,0,8,0,3.4285714285714284,0.0,0.0,0.0
64,6,64,65,41,3,0,6,0,2.0,0.0,0.0,0.0
64,6,64,65,44,1,0,2,0,0.6666666666666666,0.0,0.0,0.0
64,6,64,65,45,9,2,2,0,1.6363636363636365,0.2222222222222222,0.0,0.2222222222222222
64,6,64,65,47,1,1,9,0,0.9,1.0,0.0,1.0
64,6,72,73,3,2,0,2,0,1.0,0.0,0.0,0.0
64,6,72,73,4,6,0,2,0,1.5,0.0,0.0,0.0
64,6,72,73,6,2,0,7,0,1.5555555555555556,0.0,0.0,0.0
64,6,72,73,8,1,0,8,0,0.8888888888888888,0.0,0.0,0.0
64,6,72,73,10,1,0,9,0,0.9,0.0,0.0,0.0
64,6,72,73,11,1,0,9,0,0.9,0.0,0.0,0.0
64,6,72,73,13,1,0,10,0,0.9090909090909091,0.0,0.0,0.0
64,6,72,73,14,1,0,9,0,0.9,0.0,0.0,0.0
64,6,72,73,16,1,0,6,0,0.8571428571428571,0.0,0.0,0.0
64,6,72,73,18,1,0,6,0,0.8571428571428571,0.0,0.0,0.0
64,6,72,73,20,2,0,7,0,1.5555555555555556,0.0,0.0,0.0
64,6,72,73,39,1,0,14,0,0.9333333333333333,0.0,0.0,0.0
64,6,72,73,41,3,0,11,0,2.357142857142857,0.0,0.0,0.0
64,6,72,73,44,11,0,3,0,2.357142857142857,0.0,0.0,0.0
64,6,72,73,48,1,0,7,0,0.875,0.0,0.0,0.0
64,6,72,73,49,1,1,7,0,0.875,1.0,0.0,1.0
64,6,80,81,2,3,0,4,0,1.7142857142857142,0.0,0.0,0.0
64,6,80,81,7,1,0,10,0,0.9090909090909091,0.0,0.0,0.0
64,6,80,81,8,2,0,9,0,1.6363636363636365,0.0,0.0,0.0
64,6,80,81,10,1,0,10,0,0.9090909090909091,0.0,0.0,0.0
64,6,80,81,12,1,1,11,0,0.9166666666666666,1.0,0.0,1.0
64,6,80,81,13,1,0,11,0,0.9166666666666666,0.0,0.0,0.0
64,6,80,81,15,1,0,9,0,0.9,0.0,0.0,0.0
64,6,80,81,16,1,1,8,0,0.8888888888888888,1.0,0.0,1.0
64,6,80,81,17,1,0,8,0,0.8888888888888888,0.0,0.0,0.0
64,6,80,81,46,8,0,3,0,2.1818181818181817,0.0,0.0,0.0
64,6,80,81,47,1,0,2,0,0.6666666666666666,0.0,0.0,0.0
64,6,80,81,48,1,0,1,0,0.5,0.0,0.0,0.0
64,6,80,81,51,2,0,4,0,1.3333333333333333,0.0,0.0,0.0
64,6,88,89,9,1,0,12,0,0.9230769230769231,0.0,0.0,0.0
64,6,88,89,10,2,0,11,0,1.6923076923076923,0.0,0.0,0.0
64,6,88,89,12,1,0,12,0,0.9230769230769231,0.0,0.0,0.0
64,6,88,89,13,1,0,13,0,0.9285714285714286,0.0,0.0,0.0
64,6,88,89,14,1,0,12,0,0.9230769230769231,0.0,0.0,0.0
64,6,88,89,15,1,0,11,0,0.9166666666666666,0.0,0.0,0.0
64,6,88,89,48,2,0,7,0,1.5555555555555556,0.0,0.0,0.0
64,6,88,89,49,5,0,2,0,1.4285714285714286,0.0,0.0,0.0
64,6,88,89,50,1,0,1,0,0.5,0.0,0.0,0.0
64,6,88,89,52,1,0,3,0,0.75,0.0,0.0,0.0
64,6,88,89,53,1,0,3,0,0.75,0.0,0.0,0.0
64,6,96,97,51,3,0,3,0,1.5,0.0,0.0,0.0
64,6,96,97,52,1,0,2,1,0.6666666666666666,0.0,0.5,-0.5
64,7,8,9,9,26,24,2,0,1.8571428571428572,0.9230769230769231,0.0,0.9230769230769231
64,7,16,17,14,9,5,1,0,0.9,0.5555555555555556,0.0,0.5555555555555556
64,7,16,17,15,22,9,7,0,5.310344827586207,0.4090909090909091,0.0,0.4090909090909091
64,7,24,25,20,6,0,9,0,3.6,0.0,0.0,0.0
64,7,32,33,24,1,0,3,0,0.75,0.0,0.0,0.0
64,7,40,41,1,1,0,3,0,0.75,0.0,0.0,0.0
64,7,40,41,3,4,0,7,0,2.5454545454545454,0.0,0.0,0.0
64,7,40,41,4,4,0,7,0,2.5454545454545454,0.0,0.0,0.0
64,7,40,41,5,2,0,7,0,1.5555555555555556,0.0,0.0,0.0
64,7,40,41,6,1,0,8,0,0.8888888888888888,0.0,0.0,0.0
64,7,40,41,7,2,0,9,0,1.6363636363636365,0.0,0.0,0.0
64,7,40,41,8,1,0,10,0,0.9090909090909091,0.0,0.0,0.0
64,7,40,41,9,2,0,9,0,1.6363636363636365,0.0,0.0,0.0
64,7,40,41,11,4,0,7,0,2.5454545454545454,0.0,0.0,0.0
64,7,40,41,12,5,0,3,0,1.875,0.0,0.0,0.0
64,7,40,41,13,4,0,1,0,0.8,0.0,0.0,0.0
64,7,40,41,14,1,0,1,0,0.5,0.0,0.0,0.0
64,7,48,49,3,1,0,11,0,0.9166666666666666,0.0,0.0,0.0
64,7,48,49,7,1,0,15,0,0.9375,0.0,0.0,0.0
64,7,48,49,8,1,0,14,0,0.9333333333333333,0.0,0.0,0.0
64,7,48,49,9,2,0,13,0,1.7333333333333334,0.0,0.0,0.0
64,7,48,49,11,2,0,14,0,1.75,0.0,0.0,0.0
64,7,48,49,13,2,0,14,0,1.75,0.0,0.0,0.0
64,7,48,49,14,1,0,13,0,0.9285714285714286,0.0,0.0,0.0
64,7,48,49,15,3,0,9,0,2.25,0.0,0.0,0.0
64,7,48,49,16,1,0,7,0,0.875,0.0,0.0,0.0
64,7,48,49,17,1,0,5,0,0.8333333333333334,0.0,0.0,0.0
64,7,48,49,18,1,0,3,0,0.75,0.0,0.0,0.0
64,7,56,57,7,4,0,19,0,3.3043478260869565,0.0,0.0,0.0
64,7,56,57,8,3,0,18,0,2.5714285714285716,0.0,0.0,0.0
64,7,56,57,9,4,0,17,0,3.238095238095238,0.0,0.0,0.0
64,7,56,57,10,2,0,18,0,1.8,0.0,0.0,0.0
64,7,56,57,21,2,0,1,0,0.6666666666666666,0.0,0.0,0.0
64,7,64,65,11,1,0,30,0,0.967741935483871,0.0,0.0,0.0
64,7,64,65,12,2,0,28,0,1.8666666666666667,0.0,0.0,0.0
64,7,64,65,13,12,0,17,0,7.0344827586206895,0.0,0.0,0.0
64,7,64,65,15,1,0,13,0,0.9285714285714286,0.0,0.0,0.0
64,7,72,73,14,1,0,30,0,0.967741935483871,0.0,0.0,0.0
64,7,72,73,15,8,0,20,0,5.714285714285714,0.0,0.0,0.0
64,7,72,73,16,6,0,13,0,4.105263157894737,0.0,0.0,0.0
64,7,72,73,17,3,0,11,0,2.357142857142857,0.0,0.0,0.0
64,7,72,73,18,4,0,7,0,2.5454545454545454,0.0,0.0,0.0
64,7,72,73,19,1,1,5,0,0.8333333333333334,1.0,0.0,1.0
64,7,80,81,17,7,0,18,0,5.04,0.0,0.0,0.0
64,7,80,81,18,1,0,15,0,0.9375,0.0,0.0,0.0
64,7,80,81,19,3,1,9,0,2.25,0.3333333333333333,0.0,0.3333333333333333
64,7,80,81,20,1,0,7,0,0.875,0.0,0.0,0.0
64,7,80,81,21,3,1,3,0,1.5,0.3333333333333333,0.0,0.3333333333333333
64,7,88,89,19,3,0,15,0,2.5,0.0,0.0,0.0
64,7,88,89,20,1,0,12,0,0.9230769230769231,0.0,0.0,0.0
64,7,88,89,21,3,2,7,0,2.1,0.6666666666666666,0.0,0.6666666666666666
64,7,88,89,22,1,0,4,0,0.8,0.0,0.0,0.0
64,7,88,89,23,1,1,1,0,0.5,1.0,0.0,1.0
64,7,96,97,23,3,0,3,0,1.5,0.0,0.0,0.0
64,8,16,17,15,10,3,4,0,2.857142857142857,0.3,0.0,0.3
64,8,24,25,19,5,4,1,0,0.8333333333333334,0.8,0.0,0.8
64,8,24,25,20,7,2,5,0,2.9166666666666665,0.2857142857142857,0.0,0.2857142857142857
64,8,32,33,24,2,1,1,0,0.6666666666666666,0.5,0.0,0.5
64,8,32,33,25,8,8,3,0,2.1818181818181817,1.0,0.0,1.0
64,8,32,33,26,3,0,11,0,2.357142857142857,0.0,0.0,0.0
64,8,40,41,28,1,0,1,0,0.5,0.0,0.0,0.0
64,8,40,41,29,5,3,1,1,0.8333333333333334,0.6,1.0,-0.4
64,8,40,41,30,4,0,3,0,1.7142857142857142,0.0,0.0,0.0
64,8,40,41,31,7,3,5,0,2.9166666666666665,0.42857142857142855,0.0,0.42857142857142855
64,8,48,49,34,2,0,5,0,1.4285714285714286,0.0,0.0,0.0
64,8,48,49,35,2,1,6,0,1.5,0.5,0.0,0.5
64,8,48,49,36,2,1,7,0,1.5555555555555556,0.5,0.0,0.5
64,8,48,49,37,5,4,8,0,3.076923076923077,0.8,0.0,0.8
64,8,56,57,36,2,0,3,0,1.2,0.0,0.0,0.0
64,8,56,57,37,2,2,4,0,1.3333333333333333,1.0,0.0,1.0
64,8,56,57,41,2,2,2,0,1.0,1.0,0.0,1.0
64,8,56,57,42,4,0,3,0,1.7142857142857142,0.0,0.0,0.0
64,8,56,57,43,7,4,6,1,3.230769230769231,0.5714285714285714,0.16666666666666666,0.40476190476190477
64,8,64,65,38,2,0,1,0,0.6666666666666666,0.0,0.0,0.0
64,8,64,65,39,3,1,2,0,1.2,0.3333333333333333,0.0,0.3333333333333333
64,8,64,65,41,5,1,3,0,1.875,0.2,0.0,0.2
64,8,64,65,42,6,0,5,0,2.727272727272727,0.0,0.0,0.0
64,8,64,65,43,4,1,8,0,2.6666666666666665,0.25,0.0,0.25
64,8,64,65,44,1,0,11,1,0.9166666666666666,0.0,0.09090909090909091,-0.09090909090909091
64,8,64,65,45,4,0,9,0,2.769230769230769,0.0,0.0,0.0
64,8,72,73,38,1,0,1,0,0.5,0.0,0.0,0.0
64,8,72,73,39,5,2,1,0,0.8333333333333334,0.4,0.0,0.4
64,8,72,73,40,3,0,6,0,2.0,0.0,0.0,0.0
64,8,72,73,41,4,2,9,0,2.769230769230769,0.5,0.0,0.5
64,8,72,73,42,2,0,10,0,1.6666666666666667,0.0,0.0,0.0
64,8,72,73,44,2,0,12,0,1.7142857142857142,0.0,0.0,0.0
64,8,80,81,24,1,0,3,0,0.75,0.0,0.0,0.0
64,8,80,81,25,1,0,3,0,0.75,0.0,0.0,0.0
64,8,80,81,27,1,0,4,0,0.8,0.0,0.0,0.0
64,8,80,81,29,1,0,5,0,0.8333333333333334,0.0,0.0,0.0
64,8,80,81,30,1,0,4,0,0.8,0.0,0.0,0.0
64,8,80,81,31,1,0,3,0,0.75,0.0,0.0,0.0
64,8,80,81,33,2,0,2,0,1.0,0.0,0.0,0.0
64,8,80,81,34,3,0,1,0,0.75,0.0,0.0,0.0
64,8,80,81,36,1,0,1,0,0.5,0.0,0.0,0.0
64,8,80,81,37,3,0,2,0,1.2,0.0,0.0,0.0
64,8,80,81,38,1,0,6,0,0.8571428571428571,0.0,0.0,0.0
64,8,80,81,39,1,0,8,0,0.8888888888888888,0.0,0.0,0.0
64,8,88,89,19,1,0,1,0,0.5,0.0,0.0,0.0
64,8,88,89,20,1,0,2,0,0.6666666666666666,0.0,0.0,0.0
64,8,88,89,21,3,1,2,0,1.2,0.3333333333333333,0.0,0.3333333333333333
64,8,88,89,23,1,0,5,0,0.8333333333333334,0.0,0.0,0.0
64,8,88,89,25,1,0,6,0,0.8571428571428571,0.0,0.0,0.0
64,8,88,89,27,2,0,6,0,1.5,0.0,0.0,0.0
64,8,88,89,28,1,0,6,0,0.8571428571428571,0.0,0.0,0.0
64,8,88,89,29,1,0,6,0,0.8571428571428571,0.0,0.0,0.0
64,8,88,89,31,1,0,5,0,0.8333333333333334,0.0,0.0,0.0
64,8,88,89,33,2,1,4,0,1.3333333333333333,0.5,0.0,0.5
64,8,88,89,35,1,0,7,0,0.875,0.0,0.0,0.0
64,8,88,89,37,1,0,8,0,0.8888888888888888,0.0,0.0,0.0
64,8,88,89,39,1,0,9,0,0.9,0.0,0.0,0.0
64,8,88,89,40,1,0,10,0,0.9090909090909091,0.0,0.0,0.0
64,8,88,89,41,1,0,11,0,0.9166666666666666,0.0,0.0,0.0
64,8,88,89,42,1,0,12,0,0.9230769230769231,0.0,0.0,0.0
64,8,96,97,15,1,0,2,0,0.6666666666666666,0.0,0.0,0.0
64,8,96,97,16,2,0,1,0,0.6666666666666666,0.0,0.0,0.0
64,8,96,97,17,2,0,1,0,0.6666666666666666,0.0,0.0,0.0
64,8,96,97,18,3,0,2,0,1.2,0.0,0.0,0.0
64,8,96,97,19,4,1,2,0,1.3333333333333333,0.25,0.0,0.25
64,8,96,97,20,1,0,4,0,0.8,0.0,0.0,0.0
64,8,96,97,22,1,0,5,0,0.8333333333333334,0.0,0.0,0.0
64,8,96,97,24,1,0,6,0,0.8571428571428571,0.0,0.0,0.0
64,8,96,97,25,1,0,7,0,0.875,0.0,0.0,0.0
64,8,96,97,27,2,1,8,0,1.6,0.5,0.0,0.5
64,8,96,97,29,4,1,8,0,2.6666666666666665,0.25,0.0,0.25
64,8,96,97,30,1,0,9,0,0.9,0.0,0.0,0.0
64,8,96,97,31,5,1,6,0,2.727272727272727,0.2,0.0,0.2
64,8,96,97,33,2,0,6,0,1.5,0.0,0.0,0.0
64,8,96,97,34,1,0,8,0,0.8888888888888888,0.0,0.0,0.0
64,8,96,97,35,2,0,9,0,1.6363636363636365,0.0,0.0,0.0
64,8,96,97,36,1,0,10,0,0.9090909090909091,0.0,0.0,0.0
64,8,96,97,37,3,0,10,0,2.3076923076923075,0.0,0.0,0.0
64,8,104,105,20,2,0,6,0,1.5,0.0,0.0,0.0
64,8,104,105,21,1,0,7,0,0.875,0.0,0.0,0.0
64,8,104,105,22,1,0,7,0,0.875,0.0,0.0,0.0
64,8,104,105,23,1,1,7,0,0.875,1.0,0.0,1.0
64,8,104,105,24,1,0,7,0,0.875,0.0,0.0,0.0
64,8,104,105,25,1,0,8,0,0.8888888888888888,0.0,0.0,0.0
64,8,104,105,26,1,0,9,0,0.9,0.0,0.0,0.0
64,8,104,105,27,1,0,10,0,0.9090909090909091,0.0,0.0,0.0
64,8,104,105,29,1,0,11,0,0.9166666666666666,0.0,0.0,0.0
64,8,104,105,30,2,0,11,0,1.6923076923076923,0.0,0.0,0.0
64,8,112,113,23,2,0,9,0,1.6363636363636365,0.0,0.0,0.0
64,8,112,113,24,1,0,10,0,0.9090909090909091,0.0,0.0,0.0
64,8,112,113,25,3,0,9,0,2.25,0.0,0.0,0.0
64,8,112,113,26,2,0,10,0,1.6666666666666667,0.0,0.0,0.0
64,8,112,113,27,3,0,11,0,2.357142857142857,0.0,0.0,0.0
64,8,112,113,29,2,0,12,0,1.7142857142857142,0.0,0.0,0.0
64,8,120,121,12,1,0,1,0,0.5,0.0,0.0,0.0
64,8,128,129,6,1,0,3,0,0.75,0.0,0.0,0.0
64,8,128,129,7,1,0,2,0,0.6666666666666666,0.0,0.0,0.0
64,8,128,129,8,1,0,2,0,0.6666666666666666,0.0,0.0,0.0
64,8,128,129,9,1,0,2,0,0.6666666666666666,0.0,0.0,0.0
64,8,128,129,10,1,0,2,0,0.6666666666666666,0.0,0.0,0.0
64,8,128,129,11,1,0,2,0,0.6666666666666666,0.0,0.0,0.0
64,8,136,137,1,2,0,1,0,0.6666666666666666,0.0,0.0,0.0
64,8,136,137,2,2,0,3,0,1.2,0.0,0.0,0.0
64,8,136,137,3,2,0,5,0,1.4285714285714286,0.0,0.0,0.0
64,8,136,137,5,1,0,6,0,0.8571428571428571,0.0,0.0,0.0
64,8,136,137,6,1,0,5,0,0.8333333333333334,0.0,0.0,0.0
64,8,136,137,7,1,0,4,0,0.8,0.0,0.0,0.0
64,8,136,137,8,1,0,4,0,0.8,0.0,0.0,0.0
64,8,136,137,9,1,0,4,0,0.8,0.0,0.0,0.0
64,8,136,137,10,2,0,3,0,1.2,0.0,0.0,0.0
64,8,144,145,2,1,0,7,0,0.875,0.0,0.0,0.0
64,8,144,145,3,3,0,8,0,2.1818181818181817,0.0,0.0,0.0
64,8,144,145,4,2,0,8,0,1.6,0.0,0.0,0.0
64,8,144,145,5,1,0,7,0,0.875,0.0,0.0,0.0
64,8,144,145,6,1,0,6,0,0.8571428571428571,0.0,0.0,0.0
64,8,144,145,7,1,0,5,0,0.8333333333333334,0.0,0.0,0.0
64,8,144,145,8,1,0,5,0,0.8333333333333334,0.0,0.0,0.0
64,8,144,145,9,1,0,5,0,0.8333333333333334,0.0,0.0,0.0
64,8,144,145,10,1,0,5,0,0.8333333333333334,0.0,0.0,0.0
64,8,144,145,11,2,0,3,0,1.2,0.0,0.0,0.0
64,8,152,153,7,2,0,12,0,1.7142857142857142,0.0,0.0,0.0
64,8,152,153,8,1,0,13,0,0.9285714285714286,0.0,0.0,0.0
64,8,152,153,9,2,0,13,0,1.7333333333333334,0.0,0.0,0.0
64,8,152,153,11,2,0,14,0,1.75,0.0,0.0,0.0
64,8,152,153,12,2,0,12,0,1.7142857142857142,0.0,0.0,0.0
64,8,152,153,13,3,0,9,0,2.25,0.0,0.0,0.0
64,8,152,153,14,1,0,8,0,0.8888888888888888,0.0,0.0,0.0
64,8,152,153,15,2,0,9,0,1.6363636363636365,0.0,0.0,0.0
64,8,152,153,16,1,0,10,0,0.9090909090909091,0.0,0.0,0.0
64,8,152,153,17,1,0,10,0,0.9090909090909091,0.0,0.0,0.0
64,8,152,153,18,1,0,10,0,0.9090909090909091,0.0,0.0,0.0
64,8,152,153,19,1,0,10,0,0.9090909090909091,0.0,0.0,0.0
64,8,152,153,20,1,0,10,0,0.9090909090909091,0.0,0.0,0.0
64,8,152,153,21,2,0,9,0,1.6363636363636365,0.0,0.0,0.0
64,9,16,17,14,3,2,2,0,1.2,0.6666666666666666,0.0,0.6666666666666666
64,9,16,17,15,11,3,5,0,3.4375,0.2727272727272727,0.0,0.2727272727272727
64,9,24,25,19,5,5,1,0,0.8333333333333334,1.0,0.0,1.0
64,9,24,25,20,10,5,4,0,2.857142857142857,0.5,0.0,0.5
64,9,24,25,21,2,0,13,0,1.7333333333333334,0.0,0.0,0.0
64,9,32,33,24,2,0,1,0,0.6666666666666666,0.0,0.0,0.0
64,9,32,33,25,9,7,2,0,1.6363636363636365,0.7777777777777778,0.0,0.7777777777777778
64,9,32,33,26,4,1,8,0,2.6666666666666665,0.25,0.0,0.25
64,9,40,41,13,2,0,2,0,1.0,0.0,0.0,0.0
64,9,40,41,14,1,0,5,0,0.8333333333333334,0.0,0.0,0.0
64,9,40,41,15,3,0,6,0,2.0,0.0,0.0,0.0
64,9,40,41,16,2,0,8,0,1.6,0.0,0.0,0.0
64,9,40,41,17,3,0,7,0,2.1,0.0,0.0,0.0
64,9,40,41,18,3,0,7,0,2.1,0.0,0.0,0.0
64,9,40,41,19,3,0,7,0,2.1,0.0,0.0,0.0
64,9,40,41,20,4,0,6,0,2.4,0.0,0.0,0.0
64,9,40,41,21,4,0,5,0,2.2222222222222223,0.0,0.0,0.0
64,9,40,41,22,7,0,2,0,1.5555555555555556,0.0,0.0,0.0
64,9,40,41,28,2,0,1,0,0.6666666666666666,0.0,0.0,0.0
64,9,40,41,29,5,3,1,0,0.8333333333333334,0.6,0.0,0.6
64,9,40,41,30,1,0,5,0,0.8333333333333334,0.0,0.0,0.0
64,9,48,49,28,2,0,7,0,1.5555555555555556,0.0,0.0,0.0
64,9,48,49,29,3,0,3,0,1.5,0.0,0.0,0.0
64,9,48,49,36,1,0,12,0,0.9230769230769231,0.0,0.0,0.0
64,9,48,49,38,3,0,12,0,2.4,0.0,0.0,0.0
64,9,48,49,40,2,0,13,0,1.7333333333333334,0.0,0.0,0.0
64,9,48,49,44,2,0,10,0,1.6666666666666667,0.0,0.0,0.0
64,9,48,49,46,2,0,10,0,1.6666666666666667,0.0,0.0,0.0
64,9,56,57,4,3,0,1,0,0.75,0.0,0.0,0.0
64,9,56,57,5,1,0,3,0,0.75,0.0,0.0,0.0
64,9,56,57,6,2,0,3,0,1.2,0.0,0.0,0.0
64,9,56,57,7,1,0,4,0,0.8,0.0,0.0,0.0
64,9,56,57,8,2,0,3,0,1.2,0.0,0.0,0.0
64,9,56,57,9,1,0,2,0,0.6666666666666666,0.0,0.0,0.0
64,9,56,57,10,1,0,2,0,0.6666666666666666,0.0,0.0,0.0
64,9,56,57,12,1,0,3,0,0.75,0.0,0.0,0.0
64,9,64,65,2,3,0,5,0,1.875,0.0,0.0,0.0
64,9,64,65,4,3,0,8,0,2.1818181818181817,0.0,0.0,0.0
64,9,64,65,5,1,0,11,0,0.9166666666666666,0.0,0.0,0.0
64,9,64,65,6,4,1,10,0,2.857142857142857,0.25,0.0,0.25
64,9,64,65,7,1,0,10,0,0.9090909090909091,0.0,0.0,0.0
64,9,64,65,9,1,0,8,0,0.8888888888888888,0.0,0.0,0.0
64,9,64,65,10,1,0,7,0,0.875,0.0,0.0,0.0
64,9,64,65,12,2,0,5,0,1.4285714285714286,0.0,0.0,0.0
64,9,64,65,14,1,0,8,0,0.8888888888888888,0.0,0.0,0.0
64,9,64,65,16,2,0,11,0,1.6923076923076923,0.0,0.0,0.0
64,9,72,73,4,3,0,13,0,2.4375,0.0,0.0,0.0
64,9,72,73,5,1,0,15,0,0.9375,0.0,0.0,0.0
64,9,72,73,6,3,0,14,0,2.4705882352941178,0.0,0.0,0.0
64,9,72,73,8,6,0,11,0,3.8823529411764706,0.0,0.0,0.0
64,9,72,73,10,2,0,9,0,1.6363636363636365,0.0,0.0,0.0
64,9,80,81,6,3,0,18,0,2.5714285714285716,0.0,0.0,0.0
64,9,80,81,7,1,0,19,0,0.95,0.0,0.0,0.0
64,9,80,81,8,4,0,17,0,3.238095238095238,0.0,0.0,0.0
64,9,80,81,10,8,0,11,0,4.631578947368421,0.0,0.0,0.0
64,9,80,81,12,2,1,9,0,1.6363636363636365,0.5,0.0,0.5
64,9,88,89,8,3,0,21,0,2.625,0.0,0.0,0.0
64,9,88,89,10,2,0,19,0,1.8095238095238095,0.0,0.0,0.0
64,9,88,89,12,5,0,12,0,3.5294117647058822,0.0,0.0,0.0
64,9,88,89,13,2,0,11,0,1.6923076923076923,0.0,0.0,0.0
64,9,88,89,14,1,0,11,0,0.9166666666666666,0.0,0.0,0.0
64,9,96,97,14,3,0,13,0,2.4375,0.0,0.0,0.0
64,9,96,97,16,2,0,13,0,1.7333333333333334,0.0,0.0,0.0
64,9,96,97,18,1,0,14,0,0.9333333333333333,0.0,0.0,0.0
64,10,16,17,14,12,9,2,0,1.7142857142857142,0.75,0.0,0.75
64,10,16,17,15,10,2,13,0,5.6521739130434785,0.2,0.0,0.2
64,10,24,25,20,9,2,9,0,4.5,0.2222222222222222,0.0,0.2222222222222222
64,10,24,25,21,3,0,15,0,2.5,0.0,0.0,0.0
64,10,32,33,24,5,0,1,0,0.8333333333333334,0.0,0.0,0.0
64,10,32,33,25,18,12,4,0,3.272727272727273,0.6666666666666666,0.0,0.6666666666666666
64,10,32,33,26,2,1,22,0,1.8333333333333333,0.5,0.0,0.5
64,10,32,33,27,1,1,25,0,0.9615384615384616,1.0,0.0,1.0
64,10,40,41,25,2,0,1,0,0.6666666666666666,0.0,0.0,0.0
64,10,40,41,26,2,0,1,0,0.6666666666666666,0.0,0.0,0.0
64,10,40,41,27,1,0,2,0,0.6666666666666666,0.0,0.0,0.0
64,10,40,41,28,1,0,3,0,0.75,0.0,0.0,0.0
64,10,40,41,29,9,1,3,0,2.25,0.1111111111111111,0.0,0.1111111111111111
64,10,40,41,30,7,1,10,0,4.117647058823529,0.14285714285714285,0.0,0.14285714285714285
64,10,40,41,31,15,8,15,1,7.5,0.5333333333333333,0.06666666666666667,0.4666666666666667
64,10,40,41,32,1,0,28,0,0.9655172413793104,0.0,0.0,0.0
64,10,40,41,34,1,0,29,0,0.9666666666666667,0.0,0.0,0.0
64,10,48,49,6,1,0,4,0,0.8,0.0,0.0,0.0
64,10,48,49,7,3,0,5,0,1.875,0.0,0.0,0.0
64,10,48,49,8,1,0,8,0,0.8888888888888888,0.0,0.0,0.0
64,10,48,49,9,3,0,9,0,2.25,0.0,0.0,0.0
64,10,48,49,10,1,0,11,0,0.9166666666666666,0.0,0.0,0.0
64,10,48,49,11,4,0,8,0,2.6666666666666665,0.0,0.0,0.0
64,10,48,49,13,1,0,7,0,0.875,0.0,0.0,0.0
64,10,48,49,15,1,0,6,0,0.8571428571428571,0.0,0.0,0.0
64,10,48,49,17,1,0,5,0,0.8333333333333334,0.0,0.0,0.0
64,10,48,49,19,1,0,4,0,0.8,0.0,0.0,0.0
64,10,48,49,22,1,0,2,0,0.6666666666666666,0.0,0.0,0.0
64,10,48,49,31,5,2,9,0,3.2142857142857144,0.4,0.0,0.4
64,10,48,49,32,2,0,12,0,1.7142857142857142,0.0,0.0,0.0
64,10,48,49,33,6,2,12,0,4.0,0.3333333333333333,0.0,0.3333333333333333
64,10,48,49,34,3,0,17,0,2.55,0.0,0.0,0.0
64,10,48,49,35,9,2,17,2,5.884615384615385,0.2222222222222222,0.11764705882352941,0.1045751633986928
64,10,48,49,36,2,0,22,0,1.8333333333333333,0.0,0.0,0.0
64,10,48,49,37,4,2,22,0,3.3846153846153846,0.5,0.0,0.5
64,10,48,49,38,1,0,24,0,0.96,0.0,0.0,0.0
64,10,48,49,42,2,0,22,0,1.8333333333333333,0.0,0.0,0.0
64,10,48,49,44,2,1,22,0,1.8333333333333333,0.5,0.0,0.5
64,10,56,57,3,3,0,4,0,1.7142857142857142,0.0,0.0,0.0
64,10,56,57,5,2,1,7,0,1.5555555555555556,0.5,0.0,0.5
64,10,56,57,7,1,0,11,0,0.9166666666666666,0.0,0.0,0.0
64,10,56,57,9,2,0,13,0,1.7333333333333334,0.0,0.0,0.0
64,10,56,57,14,4,0,11,0,2.933333333333333,0.0,0.0,0.0
64,10,56,57,15,3,1,10,0,2.3076923076923075,0.3333333333333333,0.0,0.3333333333333333
64,10,56,57,16,3,0,8,0,2.1818181818181817,0.0,0.0,0.0
64,10,56,57,17,1,0,8,0,0.8888888888888888,0.0,0.0,0.0
64,10,56,57,18,2,0,7,0,1.5555555555555556,0.0,0.0,0.0
64,10,56,57,20,1,0,8,0,0.8888888888888888,0.0,0.0,0.0
64,10,56,57,21,2,0,5,0,1.4285714285714286,0.0,0.0,0.0
64,10,56,57,22,1,0,5,0,0.8333333333333334,0.0,0.0,0.0
64,10,56,57,23,1,0,3,0,0.75,0.0,0.0,0.0
64,10,56,57,24,1,0,3,0,0.75,0.0,0.0,0.0
64,10,56,57,33,1,1,12,0,0.9230769230769231,1.0,0.0,1.0
64,10,56,57,34,1,0,13,0,0.9285714285714286,0.0,0.0,0.0
64,10,56,57,35,3,1,11,0,2.357142857142857,0.3333333333333333,0.0,0.3333333333333333
64,10,56,57,36,1,0,12,0,0.9230769230769231,0.0,0.0,0.0
64,10,56,57,37,8,3,13,0,4.9523809523809526,0.375,0.0,0.375
64,10,56,57,39,3,2,17,0,2.55,0.6666666666666666,0.0,0.6666666666666666
64,10,56,57,40,1,0,19,0,0.95,0.0,0.0,0.0
64,10,56,57,41,4,2,18,0,3.272727272727273,0.5,0.0,0.5
64,10,56,57,42,4,1,19,0,3.3043478260869565,0.25,0.0,0.25
64,10,56,57,43,3,0,20,0,2.608695652173913,0.0,0.0,0.0
64,10,56,57,44,1,0,20,0,0.9523809523809523,0.0,0.0,0.0
64,10,56,57,45,4,1,18,0,3.272727272727273,0.25,0.0,0.25
64,10,56,57,47,4,3,21,0,3.36,0.75,0.0,0.75
64,10,56,57,48,1,0,24,0,0.96,0.0,0.0,0.0
64,10,56,57,49,2,2,26,0,1.8571428571428572,1.0,0.0,1.0
64,10,64,65,8,1,0,15,0,0.9375,0.0,0.0,0.0
64,10,64,65,9,1,0,15,0,0.9375,0.0,0.0,0.0
64,10,64,65,10,1,0,15,0,0.9375,0.0,0.0,0.0
64,10,64,65,11,1,0,15,0,0.9375,0.0,0.0,0.0
64,10,64,65,12,1,0,15,0,0.9375,0.0,0.0,0.0
64,10,64,65,13,1,0,15,0,0.9375,0.0,0.0,0.0
64,10,64,65,14,1,0,16,0,0.9411764705882353,0.0,0.0,0.0
64,10,64,65,15,2,0,16,0,1.7777777777777777,0.0,0.0,0.0
64,10,64,65,16,3,0,15,0,2.5,0.0,0.0,0.0
64,10,64,65,17,3,2,13,0,2.4375,0.6666666666666666,0.0,0.6666666666666666
64,10,64,65,18,2,0,11,0,1.6923076923076923,0.0,0.0,0.0
64,10,64,65,19,1,0,10,0,0.9090909090909091,0.0,0.0,0.0
64,10,64,65,21,2,0,9,0,1.6363636363636365,0.0,0.0,0.0
64,10,64,65,23,1,0,11,0,0.9166666666666666,0.0,0.0,0.0
64,10,64,65,25,6,0,11,0,3.8823529411764706,0.0,0.0,0.0
64,10,64,65,26,2,0,12,0,1.7142857142857142,0.0,0.0,0.0
64,10,64,65,27,7,0,9,0,3.9375,0.0,0.0,0.0
64,10,64,65,28,4,0,8,0,2.6666666666666665,0.0,0.0,0.0
64,10,64,65,29,1,0,9,0,0.9,0.0,0.0,0.0
64,10,64,65,30,1,0,9,0,0.9,0.0,0.0,0.0
64,10,64,65,39,4,4,17,0,3.238095238095238,1.0,0.0,1.0
64,10,64,65,41,3,0,21,0,2.625,0.0,0.0,0.0
64,10,64,65,42,1,0,22,0,0.9565217391304348,0.0,0.0,0.0
64,10,64,65,43,3,0,19,0,2.590909090909091,0.0,0.0,0.0
64,10,64,65,46,2,0,17,0,1.7894736842105263,0.0,0.0,0.0
64,10,64,65,47,8,5,17,0,5.44,0.625,0.0,0.625
64,10,64,65,48,3,0,23,0,2.6538461538461537,0.0,0.0,0.0
64,10,64,65,49,1,0,26,0,0.9629629629629629,0.0,0.0,0.0
64,10,64,65,50,1,0,27,0,0.9642857142857143,0.0,0.0,0.0
64,10,64,65,51,1,0,28,0,0.9655172413793104,0.0,0.0,0.0
64,10,72,73,9,2,0,15,0,1.7647058823529411,0.0,0.0,0.0
64,10,72,73,11,3,0,16,0,2.526315789473684,0.0,0.0,0.0
64,10,72,73,12,1,0,18,0,0.9473684210526315,0.0,0.0,0.0
64,10,72,73,13,1,0,18,0,0.9473684210526315,0.0,0.0,0.0
64,10,72,73,15,1,0,19,0,0.95,0.0,0.0,0.0
64,10,72,73,17,1,0,17,0,0.9444444444444444,0.0,0.0,0.0
64,10,72,73,19,1,0,14,0,0.9333333333333333,0.0,0.0,0.0
64,10,72,73,21,1,0,11,0,0.9166666666666666,0.0,0.0,0.0
64,10,72,73,22,1,0,12,0,0.9230769230769231,0.0,0.0,0.0
64,10,72,73,24,1,0,15,0,0.9375,0.0,0.0,0.0
64,10,72,73,26,1,0,19,0,0.95,0.0,0.0,0.0
64,10,72,73,27,1,0,20,0,0.9523809523809523,0.0,0.0,0.0
64,10,72,73,29,1,0,23,0,0.9583333333333334,0.0,0.0,0.0
64,10,72,73,30,1,0,24,0,0.96,0.0,0.0,0.0
64,10,72,73,31,13,0,13,0,6.5,0.0,0.0,0.0
64,10,72,73,33,5,1,12,0,3.5294117647058822,0.2,0.0,0.2
64,10,72,73,34,2,0,13,0,1.7333333333333334,0.0,0.0,0.0
64,10,72,73,35,2,0,15,0,1.7647058823529411,0.0,0.0,0.0
64,10,72,73,41,2,2,20,0,1.8181818181818181,1.0,0.0,1.0
64,10,72,73,43,2,0,22,0,1.8333333333333333,0.0,0.0,0.0
64,10,72,73,47,3,0,23,0,2.6538461538461537,0.0,0.0,0.0
64,10,72,73,48,2,0,22,0,1.8333333333333333,0.0,0.0,0.0
64,10,72,73,49,7,1,17,0,4.958333333333333,0.14285714285714285,0.0,0.14285714285714285
64,10,72,73,50,2,0,17,0,1.7894736842105263,0.0,0.0,0.0
64,10,72,73,51,9,8,18,0,6.0,0.8888888888888888,0.0,0.8888888888888888
64,10,72,73,52,3,0,24,0,2.6666666666666665,0.0,0.0,0.0
64,10,72,73,53,1,1,25,1,0.9615384615384616,1.0,0.04,0.96
64,10,80,81,14,1,0,21,0,0.9545454545454546,0.0,0.0,0.0
64,10,80,81,15,1,1,21,0,0.9545454545454546,1.0,0.0,1.0
64,10,80,81,16,1,0,20,0,0.9523809523809523,0.0,0.0,0.0
64,10,80,81,18,1,0,17,0,0.9444444444444444,0.0,0.0,0.0
64,10,80,81,20,1,0,15,0,0.9375,0.0,0.0,0.0
64,10,80,81,22,1,0,13,0,0.9285714285714286,0.0,0.0,0.0
64,10,80,81,24,1,0,16,0,0.9411764705882353,0.0,0.0,0.0
64,10,80,81,26,1,0,20,0,0.9523809523809523,0.0,0.0,0.0
64,10,80,81,28,1,0,23,0,0.9583333333333334,0.0,0.0,0.0
64,10,80,81,29,1,1,25,0,0.9615384615384616,1.0,0.0,1.0
64,10,80,81,30,1,0,27,0,0.9642857142857143,0.0,0.0,0.0
64,10,80,81,31,2,0,28,0,1.8666666666666667,0.0,0.0,0.0
64,10,80,81,33,6,0,24,0,4.8,0.0,0.0,0.0
64,10,80,81,34,1,0,24,0,0.96,0.0,0.0,0.0
64,10,80,81,35,5,2,19,0,3.9583333333333335,0.4,0.0,0.4
64,10,80,81,36,1,0,18,0,0.9473684210526315,0.0,0.0,0.0
64,10,80,81,37,3,0,17,0,2.55,0.0,0.0,0.0
64,10,80,81,51,5,0,24,0,4.137931034482759,0.0,0.0,0.0
64,10,80,81,52,2,0,21,0,1.826086956521739,0.0,0.0,0.0
64,10,80,81,53,9,3,13,0,5.318181818181818,0.3333333333333333,0.0,0.3333333333333333
64,10,80,81,54,4,0,12,0,3.0,0.0,0.0,0.0
64,10,80,81,55,8,1,12,0,4.8,0.125,0.0,0.125
64,10,80,81,56,1,0,17,0,0.9444444444444444,0.0,0.0,0.0
64,10,80,81,57,1,1,16,0,0.9411764705882353,1.0,0.0,1.0
64,10,88,89,17,2,1,20,0,1.8181818181818181,0.5,0.0,0.5
64,10,88,89,18,1,0,18,0,0.9473684210526315,0.0,0.0,0.0
64,10,88,89,20,1,0,16,0,0.9411764705882353,0.0,0.0,0.0
64,10,88,89,22,1,0,14,0,0.9333333333333333,0.0,0.0,0.0
64,10,88,89,24,1,0,17,0,0.9444444444444444,0.0,0.0,0.0
64,10,88,89,26,1,0,21,0,0.9545454545454546,0.0,0.0,0.0
64,10,88,89,27,1,0,23,0,0.9583333333333334,0.0,0.0,0.0
64,10,88,89,29,2,0,26,0,1.8571428571428572,0.0,0.0,0.0
64,10,88,89,35,3,0,26,0,2.689655172413793,0.0,0.0,0.0
64,10,88,89,36,3,0,22,0,2.64,0.0,0.0,0.0
64,10,88,89,37,2,0,21,0,1.826086956521739,0.0,0.0,0.0
64,10,88,89,38,2,0,18,0,1.8,0.0,0.0,0.0
64,10,88,89,53,3,0,23,0,2.6538461538461537,0.0,0.0,0.0
64,10,88,89,54,3,0,18,0,2.5714285714285716,0.0,0.0,0.0
64,10,88,89,55,6,1,11,0,3.8823529411764706,0.16666666666666666,0.0,0.16666666666666666
64,10,88,89,57,9,2,7,0,3.9375,0.2222222222222222,0.0,0.2222222222222222
64,10,88,89,59,2,0,11,0,1.6923076923076923,0.0,0.0,0.0
64,10,96,97,18,1,0,20,0,0.9523809523809523,0.0,0.0,0.0
64,10,96,97,19,1,0,18,0,0.9473684210526315,0.0,0.0,0.0
64,10,96,97,21,1,1,15,0,0.9375,1.0,0.0,1.0
64,10,96,97,23,2,1,16,0,1.7777777777777777,0.5,0.0,0.5
64,10,96,97,25,1,0,21,0,0.9545454545454546,0.0,0.0,0.0
64,10,96,97,27,2,0,24,0,1.8461538461538463,0.0,0.0,0.0
64,10,96,97,38,2,0,23,0,1.84,0.0,0.0,0.0
64,10,96,97,39,4,1,18,0,3.272727272727273,0.25,0.0,0.25
64,10,96,97,40,1,0,19,0,0.95,0.0,0.0,0.0
64,10,96,97,44,1,0,23,0,0.9583333333333334,0.0,0.0,0.0
64,10,96,97,56,3,0,16,0,2.526315789473684,0.0,0.0,0.0
64,10,96,97,57,7,1,8,0,3.7333333333333334,0.14285714285714285,0.0,0.14285714285714285
64,10,96,97,59,7,2,5,0,2.9166666666666665,0.2857142857142857,0.0,0.2857142857142857
64,10,96,97,60,1,0,9,0,0.9,0.0,0.0,0.0
64,10,96,97,61,1,0,9,0,0.9,0.0,0.0,0.0
64,10,104,105,21,2,0,16,0,1.7777777777777777,0.0,0.0,0.0
64,10,104,105,23,2,1,18,0,1.8,0.5,0.0,0.5
64,10,104,105,25,2,0,22,0,1.8333333333333333,0.0,0.0,0.0
64,10,104,105,41,2,0,22,0,1.8333333333333333,0.0,0.0,0.0
64,10,104,105,43,2,0,22,0,1.8333333333333333,0.0,0.0,0.0
64,10,104,105,58,3,0,12,0,2.4,0.0,0.0,0.0
64,10,104,105,59,4,0,7,0,2.5454545454545454,0.0,0.0,0.0
64,10,104,105,60,1,0,5,0,0.8333333333333334,0.0,0.0,0.0
64,10,104,105,61,5,3,4,0,2.2222222222222223,0.6,0.0,0.6
64,10,104,105,62,1,0,7,0,0.875,0.0,0.0,0.0
64,10,104,105,65,2,0,8,0,1.6,0.0,0.0,0.0
64,10,112,113,60,2,0,9,0,1.6363636363636365,0.0,0.0,0.0
64,10,112,113,61,3,1,6,0,2.0,0.3333333333333333,0.0,0.3333333333333333
64,10,112,113,62,1,0,4,0,0.8,0.0,0.0,0.0
64,10,112,113,63,3,1,4,0,1.7142857142857142,0.3333333333333333,0.0,0.3333333333333333
64,10,112,113,64,1,0,8,0,0.8888888888888888,0.0,0.0,0.0
64,10,120,121,63,2,0,6,0,1.5,0.0,0.0,0.0
64,10,120,121,65,2,0,8,0,1.6,0.0,0.0,0.0
64,11,16,17,15,4,4,3,0,1.7142857142857142,1.0,0.0,1.0
64,11,24,25,19,5,5,2,0,1.4285714285714286,1.0,0.0,1.0
64,11,24,25,20,6,1,6,0,3.0,0.16666666666666666,0.0,0.16666666666666666
64,11,32,33,24,2,0,1,0,0.6666666666666666,0.0,0.0,0.0
64,11,32,33,25,9,8,3,0,2.25,0.8888888888888888,0.0,0.8888888888888888
64,11,32,33,26,7,1,10,0,4.117647058823529,0.14285714285714285,0.0,0.14285714285714285
64,11,40,41,16,2,0,3,0,1.2,0.0,0.0,0.0
64,11,40,41,17,1,0,4,0,0.8,0.0,0.0,0.0
64,11,40,41,18,1,0,5,0,0.8333333333333334,0.0,0.0,0.0
64,11,40,41,19,1,0,6,0,0.8571428571428571,0.0,0.0,0.0
64,11,40,41,20,1,0,7,0,0.875,0.0,0.0,0.0
64,11,40,41,21,1,0,8,0,0.8888888888888888,0.0,0.0,0.0
64,11,40,41,22,3,0,8,0,2.1818181818181817,0.0,0.0,0.0
64,11,40,41,24,1,0,10,0,0.9090909090909091,0.0,0.0,0.0
64,11,40,41,26,2,0,10,0,1.6666666666666667,0.0,0.0,0.0
64,11,40,41,27,1,0,10,0,0.9090909090909091,0.0,0.0,0.0
64,11,40,41,28,2,0,9,0,1.6363636363636365,0.0,0.0,0.0
64,11,40,41,29,4,1,6,0,2.4,0.25,0.0,0.25
64,11,40,41,30,2,0,6,0,1.5,0.0,0.0,0.0
64,11,40,41,31,7,2,5,0,2.9166666666666665,0.2857142857142857,0.0,0.2857142857142857
64,11,48,49,13,1,0,1,0,0.5,0.0,0.0,0.0
64,11,48,49,22,2,0,12,0,1.7142857142857142,0.0,0.0,0.0
64,11,48,49,24,1,0,13,0,0.9285714285714286,0.0,0.0,0.0
64,11,48,49,26,2,1,13,0,1.7333333333333334,0.5,0.0,0.5
64,11,48,49,28,1,0,14,0,0.9333333333333333,0.0,0.0,0.0
64,11,48,49,30,2,1,11,0,1.6923076923076923,0.5,0.0,0.5
64,11,48,49,31,1,0,9,0,0.9,0.0,0.0,0.0
64,11,48,49,32,1,0,8,0,0.8888888888888888,0.0,0.0,0.0
64,11,48,49,33,1,1,7,0,0.875,1.0,0.0,1.0
64,11,48,49,34,1,0,5,0,0.8333333333333334,0.0,0.0,0.0
64,11,48,49,35,1,0,4,0,0.8,0.0,0.0,0.0
64,11,48,49,36,1,0,4,0,0.8,0.0,0.0,0.0
64,11,48,49,37,1,1,4,0,0.8,1.0,0.0,1.0
64,11,48,49,38,2,1,4,0,1.3333333333333333,0.5,0.0,0.5
64,11,48,49,39,3,2,5,0,1.875,0.6666666666666666,0.0,0.6666666666666666
64,11,56,57,5,1,0,3,0,0.75,0.0,0.0,0.0
64,11,56,57,6,1,0,4,0,0.8,0.0,0.0,0.0
64,11,56,57,7,3,0,4,0,1.7142857142857142,0.0,0.0,0.0
64,11,56,57,8,1,0,6,0,0.8571428571428571,0.0,0.0,0.0
64,11,56,57,9,1,0,6,0,0.8571428571428571,0.0,0.0,0.0
64,11,56,57,10,1,0,5,0,0.8333333333333334,0.0,0.0,0.0
64,11,56,57,11,1,0,4,0,0.8,0.0,0.0,0.0
64,11,56,57,12,1,0,3,0,0.75,0.0,0.0,0.0
64,11,56,57,14,2,0,3,0,1.2,0.0,0.0,0.0
64,11,56,57,36,1,0,7,0,0.875,0.0,0.0,0.0
64,11,56,57,37,1,0,6,0,0.8571428571428571,0.0,0.0,0.0
64,11,56,57,38,1,0,5,0,0.8333333333333334,0.0,0.0,0.0
64,11,56,57,39,1,0,4,0,0.8,0.0,0.0,0.0
64,11,56,57,41,2,1,1,0,0.6666666666666666,0.5,0.0,0.5
64,11,56,57,42,1,0,3,0,0.75,0.0,0.0,0.0
64,11,56,57,43,3,2,4,0,1.7142857142857142,0.6666666666666666,0.0,0.6666666666666666
64,11,56,57,44,3,1,7,0,2.1,0.3333333333333333,0.0,0.3333333333333333
64,11,56,57,45,3,1,10,0,2.3076923076923075,0.3333333333333333,0.0,0.3333333333333333
64,11,64,65,2,3,1,1,0,0.75,0.3333333333333333,0.0,0.3333333333333333
64,11,64,65,3,1,0,5,0,0.8333333333333334,0.0,0.0,0.0
64,11,64,65,4,3,0,5,0,1.875,0.0,0.0,0.0
64,11,64,65,5,1,0,8,0,0.8888888888888888,0.0,0.0,0.0
64,11,64,65,6,3,0,8,0,2.1818181818181817,0.0,0.0,0.0
64,11,64,65,7,1,0,10,0,0.9090909090909091,0.0,0.0,0.0
64,11,64,65,8,2,0,10,0,1.6666666666666667,0.0,0.0,0.0
64,11,64,65,9,1,0,11,0,0.9166666666666666,0.0,0.0,0.0
64,11,64,65,10,3,1,9,0,2.25,0.3333333333333333,0.0,0.3333333333333333
64,11,64,65,12,2,0,7,0,1.5555555555555556,0.0,0.0,0.0
64,11,64,65,13,1,0,7,0,0.875,0.0,0.0,0.0
64,11,64,65,14,1,0,6,0,0.8571428571428571,0.0,0.0,0.0
64,11,64,65,40,1,0,7,0,0.875,0.0,0.0,0.0
64,11,64,65,42,3,1,6,0,2.0,0.3333333333333333,0.0,0.3333333333333333
64,11,64,65,43,1,0,6,0,0.8571428571428571,0.0,0.0,0.0
64,11,64,65,44,8,0,1,0,0.8888888888888888,0.0,0.0,0.0
64,11,64,65,45,2,1,3,0,1.2,0.5,0.0,0.5
64,11,64,65,46,2,0,4,0,1.3333333333333333,0.0,0.0,0.0
64,11,64,65,47,6,4,5,0,2.727272727272727,0.6666666666666666,0.0,0.6666666666666666
64,11,64,65,48,4,0,8,0,2.6666666666666665,0.0,0.0,0.0
64,11,64,65,49,1,1,11,0,0.9166666666666666,1.0,0.0,1.0
64,11,72,73,1,1,0,2,0,0.6666666666666666,0.0,0.0,0.0
64,11,72,73,2,1,0,4,0,0.8,0.0,0.0,0.0
64,11,72,73,3,1,0,6,0,0.8571428571428571,0.0,0.0,0.0
64,11,72,73,4,2,0,8,0,1.6,0.0,0.0,0.0
64,11,72,73,5,1,0,11,0,0.9166666666666666,0.0,0.0,0.0
64,11,72,73,6,2,0,13,0,1.7333333333333334,0.0,0.0,0.0
64,11,72,73,7,1,0,16,0,0.9411764705882353,0.0,0.0,0.0
64,11,72,73,8,1,1,18,0,0.9473684210526315,1.0,0.0,1.0
64,11,72,73,9,3,0,17,0,2.55,0.0,0.0,0.0
64,11,72,73,10,1,0,16,0,0.9411764705882353,0.0,0.0,0.0
64,11,72,73,11,1,0,13,0,0.9285714285714286,0.0,0.0,0.0
64,11,72,73,12,2,0,10,0,1.6666666666666667,0.0,0.0,0.0
64,11,72,73,44,3,0,9,0,2.25,0.0,0.0,0.0
64,11,72,73,45,1,0,9,0,0.9,0.0,0.0,0.0
64,11,72,73,46,3,0,7,0,2.1,0.0,0.0,0.0
64,11,72,73,47,4,3,7,0,2.5454545454545454,0.75,0.0,0.75
64,11,72,73,48,5,2,5,0,2.5,0.4,0.0,0.4
64,11,72,73,49,6,2,3,0,2.0,0.3333333333333333,0.0,0.3333333333333333
64,11,72,73,50,3,0,6,0,2.0,0.0,0.0,0.0
64,11,72,73,51,2,1,7,0,1.5555555555555556,0.5,0.0,0.5
64,11,72,73,53,1,0,7,0,0.875,0.0,0.0,0.0
64,11,80,81,3,3,0,9,0,2.25,0.0,0.0,0.0
64,11,80,81,4,2,0,12,0,1.7142857142857142,0.0,0.0,0.0
64,11,80,81,5,1,0,14,0,0.9333333333333333,0.0,0.0,0.0
64,11,80,81,6,1,0,15,0,0.9375,0.0,0.0,0.0
64,11,80,81,7,1,0,17,0,0.9444444444444444,0.0,0.0,0.0
64,11,80,81,8,1,0,19,0,0.95,0.0,0.0,0.0
64,11,80,81,46,3,0,11,0,2.357142857142857,0.0,0.0,0.0
64,11,80,81,47,1,0,12,0,0.9230769230769231,0.0,0.0,0.0
64,11,80,81,48,4,0,8,0,2.6666666666666665,0.0,0.0,0.0
64,11,80,81,49,1,0,6,0,0.8571428571428571,0.0,0.0,0.0
64,11,80,81,50,4,0,3,1,1.7142857142857142,0.0,0.3333333333333333,-0.3333333333333333
64,11,80,81,51,6,2,2,1,1.5,0.3333333333333333,0.5,-0.16666666666666669
64,11,80,81,52,1,0,6,0,0.8571428571428571,0.0,0.0,0.0
64,11,80,81,53,3,0,5,0,1.875,0.0,0.0,0.0
64,11,80,81,55,1,0,5,0,0.8333333333333334,0.0,0.0,0.0
64,11,88,89,6,3,0,18,0,2.5714285714285716,0.0,0.0,0.0
64,11,88,89,7,1,0,20,0,0.9523809523809523,0.0,0.0,0.0
64,11,88,89,8,2,0,20,0,1.8181818181818181,0.0,0.0,0.0
64,11,88,89,10,1,1,18,0,0.9473684210526315,1.0,0.0,1.0
64,11,88,89,11,1,0,15,0,0.9375,0.0,0.0,0.0
64,11,88,89,50,4,0,7,0,2.5454545454545454,0.0,0.0,0.0
64,11,88,89,51,1,0,6,0,0.8571428571428571,0.0,0.0,0.0
64,11,88,89,52,4,0,2,0,1.3333333333333333,0.0,0.0,0.0
64,11,88,89,53,4,1,1,0,0.8,0.25,0.0,0.25
64,11,88,89,54,4,0,2,0,1.3333333333333333,0.0,0.0,0.0
64,11,88,89,55,1,0,4,0,0.8,0.0,0.0,0.0
64,11,88,89,56,1,0,4,0,0.8,0.0,0.0,0.0
64,11,96,97,52,2,0,7,0,1.5555555555555556,0.0,0.0,0.0
64,11,96,97,53,1,0,6,0,0.8571428571428571,0.0,0.0,0.0
64,11,96,97,54,5,1,1,0,0.8333333333333334,0.2,0.0,0.2
64,11,96,97,55,1,1,1,0,0.5,1.0,0.0,1.0
64,11,96,97,58,1,0,2,0,0.6666666666666666,0.0,0.0,0.0
64,11,104,105,56,3,0,2,0,1.2,0.0,0.0,0.0
64,12,8,9,9,20,17,2,0,1.8181818181818181,0.85,0.0,0.85
64,12,16,17,15,23,0,4,0,3.4074074074074074,0.0,0.0,0.0
64,12,24,25,19,7,3,1,0,0.875,0.42857142857142855,0.0,0.42857142857142855
64,12,24,25,20,10,5,5,0,3.3333333333333335,0.5,0.0,0.5
64,12,24,25,21,5,0,10,0,3.3333333333333335,0.0,0.0,0.0
64,12,40,41,8,1,0,1,0,0.5,0.0,0.0,0.0
64,12,40,41,9,2,0,1,0,0.6666666666666666,0.0,0.0,0.0
64,12,40,41,10,1,0,2,0,0.6666666666666666,0.0,0.0,0.0
64,12,40,41,11,2,0,2,0,1.0,0.0,0.0,0.0
64,12,40,41,12,1,0,3,0,0.75,0.0,0.0,0.0
64,12,40,41,13,3,0,2,0,1.2,0.0,0.0,0.0
64,12,40,41,14,1,0,3,0,0.75,0.0,0.0,0.0
64,12,40,41,15,2,0,3,0,1.2,0.0,0.0,0.0
64,12,40,41,16,1,0,3,0,0.75,0.0,0.0,0.0
64,12,40,41,17,3,0,1,0,0.75,0.0,0.0,0.0
64,12,40,41,18,2,0,1,0,0.6666666666666666,0.0,0.0,0.0
64,12,40,41,32,2,1,1,0,0.6666666666666666,0.5,0.0,0.5
64,12,48,49,9,1,0,6,0,0.8571428571428571,0.0,0.0,0.0
64,12,48,49,10,1,0,7,0,0.875,0.0,0.0,0.0
64,12,48,49,11,1,0,8,0,0.8888888888888888,0.0,0.0,0.0
64,12,48,49,13,1,0,11,0,0.9166666666666666,0.0,0.0,0.0
64,12,48,49,14,1,0,12,0,0.9230769230769231,0.0,0.0,0.0
64,12,48,49,15,1,0,13,0,0.9285714285714286,0.0,0.0,0.0
64,12,48,49,16,2,0,12,0,1.7142857142857142,0.0,0.0,0.0
64,12,48,49,17,2,0,11,0,1.6923076923076923,0.0,0.0,0.0
64,12,48,49,18,1,0,11,0,0.9166666666666666,0.0,0.0,0.0
64,12,48,49,19,2,0,10,0,1.6666666666666667,0.0,0.0,0.0
64,12,48,49,20,1,0,9,0,0.9,0.0,0.0,0.0
64,12,48,49,23,4,0,2,0,1.3333333333333333,0.0,0.0,0.0
64,12,48,49,24,1,0,1,0,0.5,0.0,0.0,0.0
64,12,48,49,34,1,0,1,0,0.5,0.0,0.0,0.0
64,12,48,49,35,3,1,2,0,1.2,0.3333333333333333,0.0,0.3333333333333333
64,12,48,49,36,2,0,3,0,1.2,0.0,0.0,0.0
64,12,48,49,37,3,1,6,0,2.0,0.3333333333333333,0.0,0.3333333333333333
64,12,48,49,38,2,0,11,0,1.6923076923076923,0.0,0.0,0.0
64,12,48,49,39,2,0,15,0,1.7647058823529411,0.0,0.0,0.0
64,12,56,57,3,1,0,1,0,0.5,0.0,0.0,0.0
64,12,56,57,4,1,0,2,0,0.6666666666666666,0.0,0.0,0.0
64,12,56,57,5,1,0,4,0,0.8,0.0,0.0,0.0
64,12,56,57,6,1,0,4,0,0.8,0.0,0.0,0.0
64,12,56,57,7,4,0,3,0,1.7142857142857142,0.0,0.0,0.0
64,12,56,57,8,1,0,5,0,0.8333333333333334,0.0,0.0,0.0
64,12,56,57,9,1,0,7,0,0.875,0.0,0.0,0.0
64,12,56,57,19,2,0,14,0,1.75,0.0,0.0,0.0
64,12,56,57,20,1,0,13,0,0.9285714285714286,0.0,0.0,0.0
64,12,56,57,21,3,1,9,0,2.25,0.3333333333333333,0.0,0.3333333333333333
64,12,56,57,23,1,0,6,0,0.8571428571428571,0.0,0.0,0.0
64,12,56,57,25,1,0,4,0,0.8,0.0,0.0,0.0
64,12,56,57,33,1,0,3,0,0.75,0.0,0.0,0.0
64,12,56,57,35,1,0,5,0,0.8333333333333334,0.0,0.0,0.0
64,12,56,57,37,1,0,8,0,0.8888888888888888,0.0,0.0,0.0
64,12,56,57,39,3,1,12,0,2.4,0.3333333333333333,0.0,0.3333333333333333
64,12,56,57,40,2,0,15,0,1.7647058823529411,0.0,0.0,0.0
64,12,56,57,41,6,1,13,0,4.105263157894737,0.16666666666666666,0.0,0.16666666666666666
64,12,56,57,42,1,0,16,0,0.9411764705882353,0.0,0.0,0.0
64,12,56,57,43,7,3,17,1,4.958333333333333,0.42857142857142855,0.058823529411764705,0.36974789915966383
64,12,64,65,3,2,0,5,0,1.4285714285714286,0.0,0.0,0.0
64,12,64,65,4,1,0,6,0,0.8571428571428571,0.0,0.0,0.0
64,12,64,65,5,3,0,6,0,2.0,0.0,0.0,0.0
64,12,64,65,7,1,0,9,0,0.9,0.0,0.0,0.0
64,12,64,65,9,1,0,14,0,0.9333333333333333,0.0,0.0,0.0
64,12,64,65,11,2,1,17,0,1.7894736842105263,0.5,0.0,0.5
64,12,64,65,13,6,0,14,0,4.2,0.0,0.0,0.0
64,12,64,65,37,1,0,10,0,0.9090909090909091,0.0,0.0,0.0
64,12,64,65,38,1,0,12,0,0.9230769230769231,0.0,0.0,0.0
64,12,64,65,40,1,0,17,0,0.9444444444444444,0.0,0.0,0.0
64,12,64,65,42,2,0,18,0,1.8,0.0,0.0,0.0
64,12,64,65,43,4,0,15,0,3.1578947368421053,0.0,0.0,0.0
64,12,64,65,44,3,1,14,0,2.4705882352941178,0.3333333333333333,0.0,0.3333333333333333
64,12,64,65,45,5,1,12,0,3.5294117647058822,0.2,0.0,0.2
64,12,64,65,46,2,2,12,0,1.7142857142857142,1.0,0.0,1.0
64,12,64,65,47,2,0,12,0,1.7142857142857142,0.0,0.0,0.0
64,12,64,65,48,1,0,12,0,0.9230769230769231,0.0,0.0,0.0
64,12,64,65,49,4,0,12,0,3.0,0.0,0.0,0.0
64,12,64,65,50,1,0,15,0,0.9375,0.0,0.0,0.0
64,12,64,65,51,1,0,16,0,0.9411764705882353,0.0,0.0,0.0
64,12,72,73,7,4,0,12,0,3.0,0.0,0.0,0.0
64,12,72,73,8,1,0,14,0,0.9333333333333333,0.0,0.0,0.0
64,12,72,73,9,1,0,16,0,0.9411764705882353,0.0,0.0,0.0
64,12,72,73,10,1,0,18,0,0.9473684210526315,0.0,0.0,0.0
64,12,72,73,11,1,0,19,0,0.95,0.0,0.0,0.0
64,12,72,73,13,3,1,20,0,2.608695652173913,0.3333333333333333,0.0,0.3333333333333333
64,12,72,73,14,2,0,21,0,1.826086956521739,0.0,0.0,0.0
64,12,72,73,15,5,0,18,0,3.9130434782608696,0.0,0.0,0.0
64,12,72,73,16,2,0,17,0,1.7894736842105263,0.0,0.0,0.0
64,12,72,73,17,3,1,16,0,2.526315789473684,0.3333333333333333,0.0,0.3333333333333333
64,12,72,73,19,1,0,16,0,0.9411764705882353,0.0,0.0,0.0
64,12,72,73,39,1,0,16,0,0.9411764705882353,0.0,0.0,0.0
64,12,72,73,40,1,0,18,0,0.9473684210526315,0.0,0.0,0.0
64,12,72,73,41,1,0,20,0,0.9523809523809523,0.0,0.0,0.0
64,12,72,73,42,1,0,20,0,0.9523809523809523,0.0,0.0,0.0
64,12,72,73,43,4,0,19,0,3.3043478260869565,0.0,0.0,0.0
64,12,72,73,45,3,1,18,0,2.5714285714285716,0.3333333333333333,0.0,0.3333333333333333
64,12,72,73,46,1,0,19,0,0.95,0.0,0.0,0.0
64,12,72,73,47,1,0,18,0,0.9473684210526315,0.0,0.0,0.0
64,12,72,73,48,1,0,18,0,0.9473684210526315,0.0,0.0,0.0
64,12,80,81,10,4,0,21,0,3.36,0.0,0.0,0.0
64,12,80,81,11,2,1,22,0,1.8333333333333333,0.5,0.0,0.5
64,12,80,81,12,2,0,23,0,1.84,0.0,0.0,0.0
64,12,80,81,19,2,1,18,0,1.8,0.5,0.0,0.5
64,12,80,81,21,2,0,13,0,1.7333333333333334,0.0,0.0,0.0
64,12,88,89,13,3,0,26,0,2.689655172413793,0.0,0.0,0.0
64,12,88,89,14,1,0,25,0,0.9615384615384616,0.0,0.0,0.0
64,12,88,89,15,1,0,24,0,0.96,0.0,0.0,0.0
64,12,88,89,17,1,0,22,0,0.9565217391304348,0.0,0.0,0.0
64,13,8,9,9,21,18,1,0,0.9545454545454546,0.8571428571428571,0.0,0.8571428571428571
64,13,16,17,14,9,6,3,0,2.25,0.6666666666666666,0.0,0.6666666666666666
64,13,16,17,15,22,10,12,0,7.764705882352941,0.45454545454545453,0.0,0.45454545454545453
64,13,24,25,18,3,0,1,0,0.75,0.0,0.0,0.0
64,13,24,25,19,22,18,3,0,2.64,0.8181818181818182,0.0,0.8181818181818182
64,13,24,25,20,15,2,21,0,8.75,0.13333333333333333,0.0,0.13333333333333333
64,13,24,25,21,10,1,31,0,7.560975609756097,0.1,0.0,0.1
64,13,32,33,24,10,1,1,0,0.9090909090909091,0.1,0.0,0.1
64,13,32,33,25,29,22,11,0,7.975,0.7586206896551724,0.0,0.7586206896551724
64,13,32,33,26,8,1,39,1,6.638297872340425,0.125,0.02564102564102564,0.09935897435897437
64,13,32,33,27,2,1,47,0,1.9183673469387754,0.5,0.0,0.5
64,13,40,41,7,1,0,5,0,0.8333333333333334,0.0,0.0,0.0
64,13,40,41,8,2,0,6,0,1.5,0.0,0.0,0.0
64,13,40,41,9,3,0,7,0,2.1,0.0,0.0,0.0
64,13,40,41,10,2,0,9,0,1.6363636363636365,0.0,0.0,0.0
64,13,40,41,11,2,0,10,0,1.6666666666666667,0.0,0.0,0.0
64,13,40,41,12,2,0,11,0,1.6923076923076923,0.0,0.0,0.0
64,13,40,41,13,1,0,12,0,0.9230769230769231,0.0,0.0,0.0
64,13,40,41,14,6,0,8,0,3.4285714285714284,0.0,0.0,0.0
64,13,40,41,15,2,0,8,0,1.6,0.0,0.0,0.0
64,13,40,41,17,2,0,8,0,1.6,0.0,0.0,0.0
64,13,40,41,18,3,0,6,0,2.0,0.0,0.0,0.0
64,13,40,41,19,6,0,3,0,2.0,0.0,0.0,0.0
64,13,40,41,20,4,0,2,0,1.3333333333333333,0.0,0.0,0.0
64,13,40,41,21,3,0,1,0,0.75,0.0,0.0,0.0
64,13,40,41,22,2,0,3,0,1.2,0.0,0.0,0.0
64,13,40,41,23,5,0,3,0,1.875,0.0,0.0,0.0
64,13,40,41,24,3,0,4,0,1.7142857142857142,0.0,0.0,0.0
64,13,40,41,25,5,0,4,0,2.2222222222222223,0.0,0.0,0.0
64,13,40,41,26,5,0,5,0,2.5,0.0,0.0,0.0
64,13,40,41,27,7,3,6,0,3.230769230769231,0.42857142857142855,0.0,0.42857142857142855
64,13,40,41,28,10,3,8,0,4.444444444444445,0.3,0.0,0.3
64,13,40,41,29,14,9,15,0,7.241379310344827,0.6428571428571429,0.0,0.6428571428571429
64,13,40,41,30,10,1,24,0,7.0588235294117645,0.1,0.0,0.1
64,13,40,41,31,12,8,32,0,8.727272727272727,0.6666666666666666,0.0,0.6666666666666666
64,13,40,41,32,1,0,45,0,0.9782608695652174,0.0,0.0,0.0
64,13,48,49,1,1,0,1,0,0.5,0.0,0.0,0.0
64,13,48,49,3,2,0,2,0,1.0,0.0,0.0,0.0
64,13,48,49,4,3,0,4,0,1.7142857142857142,0.0,0.0,0.0
64,13,48,49,5,1,0,6,0,0.8571428571428571,0.0,0.0,0.0
64,13,48,49,6,2,0,9,0,1.6363636363636365,0.0,0.0,0.0
64,13,48,49,7,1,0,12,0,0.9230769230769231,0.0,0.0,0.0
64,13,48,49,8,2,0,13,0,1.7333333333333334,0.0,0.0,0.0
64,13,48,49,10,2,0,17,0,1.7894736842105263,0.0,0.0,0.0
64,13,48,49,12,2,0,21,0,1.826086956521739,0.0,0.0,0.0
64,13,48,49,13,3,0,23,0,2.6538461538461537,0.0,0.0,0.0
64,13,48,49,14,8,0,20,0,5.714285714285714,0.0,0.0,0.0
64,13,48,49,15,5,0,21,0,4.038461538461538,0.0,0.0,0.0
64,13,48,49,16,1,0,24,0,0.96,0.0,0.0,0.0
64,13,48,49,17,3,1,23,0,2.6538461538461537,0.3333333333333333,0.0,0.3333333333333333
64,13,48,49,18,1,0,24,0,0.96,0.0,0.0,0.0
64,13,48,49,19,3,0,24,0,2.6666666666666665,0.0,0.0,0.0
64,13,48,49,20,4,0,22,0,3.3846153846153846,0.0,0.0,0.0
64,13,48,49,21,4,0,20,0,3.3333333333333335,0.0,0.0,0.0
64,13,48,49,22,1,0,21,0,0.9545454545454546,0.0,0.0,0.0
64,13,48,49,23,6,0,19,0,4.56,0.0,0.0,0.0
64,13,48,49,24,2,0,21,0,1.826086956521739,0.0,0.0,0.0
64,13,48,49,25,4,0,20,0,3.3333333333333335,0.0,0.0,0.0
64,13,48,49,26,2,0,21,0,1.826086956521739,0.0,0.0,0.0
64,13,48,49,27,2,0,23,0,1.84,0.0,0.0,0.0
64,13,48,49,28,4,0,21,0,3.36,0.0,0.0,0.0
64,13,48,49,29,2,0,21,0,1.826086956521739,0.0,0.0,0.0
64,13,48,49,30,4,0,17,0,3.238095238095238,0.0,0.0,0.0
64,13,48,49,31,3,2,18,0,2.5714285714285716,0.6666666666666666,0.0,0.6666666666666666
64,13,48,49,32,6,0,21,0,4.666666666666667,0.0,0.0,0.0
64,13,48,49,33,9,3,23,1,6.46875,0.3333333333333333,0.043478260869565216,0.28985507246376807
64,13,48,49,34,4,0,31,0,3.5428571428571427,0.0,0.0,0.0
64,13,48,49,35,6,2,35,0,5.121951219512195,0.3333333333333333,0.0,0.3333333333333333
64,13,48,49,36,6,0,39,0,5.2,0.0,0.0,0.0
64,13,48,49,37,6,3,43,0,5.26530612244898,0.5,0.0,0.5
64,13,48,49,39,1,0,45,0,0.9782608695652174,0.0,0.0,0.0
64,13,56,57,7,1,0,17,0,0.9444444444444444,0.0,0.0,0.0
64,13,56,57,8,1,0,18,0,0.9473684210526315,0.0,0.0,0.0
64,13,56,57,9,1,0,19,0,0.95,0.0,0.0,0.0
64,13,56,57,10,2,0,21,0,1.826086956521739,0.0,0.0,0.0
64,13,56,57,11,2,0,22,0,1.8333333333333333,0.0,0.0,0.0
64,13,56,57,12,1,0,27,0,0.9642857142857143,0.0,0.0,0.0
64,13,56,57,17,2,0,37,0,1.8974358974358974,0.0,0.0,0.0
64,13,56,57,18,4,0,36,0,3.6,0.0,0.0,0.0
64,13,56,57,19,3,0,35,0,2.763157894736842,0.0,0.0,0.0
64,13,56,57,20,2,0,33,0,1.8857142857142857,0.0,0.0,0.0
64,13,56,57,33,3,0,25,0,2.6785714285714284,0.0,0.0,0.0
64,13,56,57,34,5,0,25,0,4.166666666666667,0.0,0.0,0.0
64,13,56,57,35,5,1,27,0,4.21875,0.2,0.0,0.2
64,13,56,57,36,3,0,31,0,2.735294117647059,0.0,0.0,0.0
64,13,56,57,37,6,3,32,0,5.052631578947368,0.5,0.0,0.5
64,13,56,57,38,3,0,35,0,2.763157894736842,0.0,0.0,0.0
64,13,56,57,39,7,3,37,0,5.886363636363637,0.42857142857142855,0.0,0.42857142857142855
64,13,56,57,40,2,0,43,0,1.9111111111111112,0.0,0.0,0.0
64,13,56,57,41,1,1,45,0,0.9782608695652174,1.0,0.0,1.0
64,13,64,65,21,2,0,39,0,1.9024390243902438,0.0,0.0,0.0
64,13,64,65,23,2,0,37,0,1.8974358974358974,0.0,0.0,0.0
64,13,64,65,24,12,1,27,0,8.307692307692308,0.08333333333333333,0.0,0.08333333333333333
64,13,64,65,29,2,0,25,0,1.8518518518518519,0.0,0.0,0.0
64,13,64,65,31,3,0,26,0,2.689655172413793,0.0,0.0,0.0
64,13,64,65,33,1,0,33,0,0.9705882352941176,0.0,0.0,0.0
64,13,64,65,35,1,0,38,0,0.9743589743589743,0.0,0.0,0.0
64,13,64,65,36,2,0,37,0,1.8974358974358974,0.0,0.0,0.0
64,13,64,65,37,1,1,39,0,0.975,1.0,0.0,1.0
64,13,64,65,38,4,0,36,0,3.6,0.0,0.0,0.0
64,13,64,65,39,4,1,36,0,3.6,0.25,0.0,0.25
64,13,64,65,40,6,0,36,0,5.142857142857143,0.0,0.0,0.0
64,13,64,65,41,3,1,39,0,2.7857142857142856,0.3333333333333333,0.0,0.3333333333333333
64,13,64,65,42,3,0,41,0,2.7954545454545454,0.0,0.0,0.0
64,13,64,65,43,1,1,43,0,0.9772727272727273,1.0,0.0,1.0
64,13,72,73,23,2,0,39,0,1.9024390243902438,0.0,0.0,0.0
64,13,72,73,24,1,0,40,0,0.975609756097561,0.0,0.0,0.0
64,13,72,73,25,5,0,38,0,4.4186046511627906,0.0,0.0,0.0
64,13,72,73,26,8,0,35,0,6.511627906976744,0.0,0.0,0.0
64,13,72,73,27,6,0,32,0,5.052631578947368,0.0,0.0,0.0
64,13,72,73,28,3,0,31,0,2.735294117647059,0.0,0.0,0.0
64,13,72,73,29,1,0,30,0,0.967741935483871,0.0,0.0,0.0
64,13,72,73,30,1,0,28,0,0.9655172413793104,0.0,0.0,0.0
64,13,72,73,31,2,0,29,0,1.8709677419354838,0.0,0.0,0.0
64,13,72,73,32,1,0,32,0,0.9696969696969697,0.0,0.0,0.0
64,13,72,73,34,1,0,39,0,0.975,0.0,0.0,0.0
64,13,72,73,35,1,0,39,0,0.975,0.0,0.0,0.0
64,13,72,73,37,1,0,41,0,0.9761904761904762,0.0,0.0,0.0
64,13,72,73,39,1,0,41,0,0.9761904761904762,0.0,0.0,0.0
64,13,72,73,41,1,0,42,1,0.9767441860465116,0.0,0.023809523809523808,-0.023809523809523808
64,13,72,73,43,3,0,40,0,2.7906976744186047,0.0,0.0,0.0
64,13,72,73,45,3,0,38,1,2.7804878048780486,0.0,0.02631578947368421,-0.02631578947368421
64,13,72,73,56,2,0,46,0,1.9166666666666667,0.0,0.0,0.0
64,13,72,73,58,2,0,41,0,1.9069767441860466,0.0,0.0,0.0
64,13,80,81,25,2,0,44,0,1.9130434782608696,0.0,0.0,0.0
64,13,80,81,26,2,1,44,0,1.9130434782608696,0.5,0.0,0.5
64,13,80,81,27,1,0,44,0,0.9777777777777777,0.0,0.0,0.0
64,13,80,81,28,3,0,42,0,2.8,0.0,0.0,0.0
64,13,80,81,29,7,0,37,0,5.886363636363637,0.0,0.0,0.0
64,13,80,81,30,2,1,33,0,1.8857142857142857,0.5,0.0,0.5
64,13,80,81,31,2,0,32,0,1.8823529411764706,0.0,0.0,0.0
64,13,80,81,32,2,0,33,0,1.8857142857142857,0.0,0.0,0.0
64,13,80,81,34,1,0,40,0,0.975609756097561,0.0,0.0,0.0
64,13,80,81,36,1,0,41,0,0.9761904761904762,0.0,0.0,0.0
64,13,80,81,37,1,0,42,0,0.9767441860465116,0.0,0.0,0.0
64,13,80,81,39,1,0,42,0,0.9767441860465116,0.0,0.0,0.0
64,13,80,81,41,3,2,43,0,2.8043478260869565,0.6666666666666666,0.0,0.6666666666666666
64,13,88,89,27,2,0,47,0,1.9183673469387754,0.0,0.0,0.0
64,13,88,89,28,1,0,46,0,0.9787234042553191,0.0,0.0,0.0
64,13,88,89,30,1,0,41,0,0.9761904761904762,0.0,0.0,0.0
64,13,88,89,32,6,2,36,0,5.142857142857143,0.3333333333333333,0.0,0.3333333333333333
64,13,88,89,33,1,0,38,0,0.9743589743589743,0.0,0.0,0.0
64,13,88,89,34,2,0,41,0,1.9069767441860466,0.0,0.0,0.0
64,13,88,89,35,1,1,42,0,0.9767441860465116,1.0,0.0,1.0
64,13,88,89,36,1,0,42,0,0.9767441860465116,0.0,0.0,0.0
64,13,88,89,38,2,0,43,0,1.9111111111111112,0.0,0.0,0.0
64,13,88,89,39,1,0,44,0,0.9777777777777777,0.0,0.0,0.0
64,13,88,89,40,1,0,45,0,0.9782608695652174,0.0,0.0,0.0
64,13,96,97,29,2,1,46,0,1.9166666666666667,0.5,0.0,0.5
64,13,96,97,31,1,1,42,0,0.9767441860465116,1.0,0.0,1.0
64,13,96,97,33,2,1,44,0,1.9130434782608696,0.5,0.0,0.5
64,13,96,97,35,1,0,47,0,0.9791666666666666,0.0,0.0,0.0
64,13,96,97,37,1,0,47,0,0.9791666666666666,0.0,0.0,0.0
64,13,96,97,38,1,0,46,0,0.9787234042553191,0.0,0.0,0.0
64,13,104,105,31,2,0,43,0,1.9111111111111112,0.0,0.0,0.0
64,13,104,105,33,2,0,45,0,1.9148936170212767,0.0,0.0,0.0
64,13,104,105,35,1,0,48,0,0.9795918367346939,0.0,0.0,0.0
64,13,104,105,36,1,0,48,0,0.9795918367346939,0.0,0.0,0.0
64,14,16,17,14,4,2,3,0,1.7142857142857142,0.5,0.0,0.5
64,14,16,17,15,11,10,12,0,5.739130434782608,0.9090909090909091,0.0,0.9090909090909091
64,14,24,25,17,2,2,4,0,1.3333333333333333,1.0,0.0,1.0
64,14,24,25,18,1,1,7,0,0.875,1.0,0.0,1.0
64,14,24,25,19,14,11,9,0,5.478260869565218,0.7857142857142857,0.0,0.7857142857142857
64,14,24,25,20,11,1,23,0,7.4411764705882355,0.09090909090909091,0.0,0.09090909090909091
64,14,32,33,20,1,1,1,0,0.5,1.0,0.0,1.0
64,14,32,33,21,3,3,2,0,1.2,1.0,0.0,1.0
64,14,32,33,22,2,0,5,0,1.4285714285714286,0.0,0.0,0.0
64,14,32,33,23,7,4,7,0,3.5,0.5714285714285714,0.0,0.5714285714285714
64,14,32,33,24,5,2,13,0,3.611111111111111,0.4,0.0,0.4
64,14,32,33,25,18,15,17,0,8.742857142857142,0.8333333333333334,0.0,0.8333333333333334
64,14,32,33,26,4,1,32,0,3.5555555555555554,0.25,0.0,0.25
64,14,32,33,27,4,1,33,0,3.5675675675675675,0.25,0.0,0.25
64,14,40,41,3,1,0,2,0,0.6666666666666666,0.0,0.0,0.0
64,14,40,41,4,3,0,2,0,1.2,0.0,0.0,0.0
64,14,40,41,6,3,0,5,0,1.875,0.0,0.0,0.0
64,14,40,41,8,3,0,7,0,2.1,0.0,0.0,0.0
64,14,40,41,9,4,0,6,0,2.4,0.0,0.0,0.0
64,14,40,41,10,6,0,3,0,2.0,0.0,0.0,0.0
64,14,40,41,11,2,0,2,0,1.0,0.0,0.0,0.0
64,14,40,41,15,3,0,5,0,1.875,0.0,0.0,0.0
64,14,40,41,16,3,0,9,0,2.25,0.0,0.0,0.0
64,14,40,41,18,4,0,11,0,2.933333333333333,0.0,0.0,0.0
64,14,40,41,19,3,0,13,0,2.4375,0.0,0.0,0.0
64,14,40,41,20,5,0,14,0,3.6842105263157894,0.0,0.0,0.0
64,14,40,41,21,4,0,17,0,3.238095238095238,0.0,0.0,0.0
64,14,40,41,22,4,0,18,0,3.272727272727273,0.0,0.0,0.0
64,14,40,41,23,2,0,20,0,1.8181818181818181,0.0,0.0,0.0
64,14,40,41,24,5,0,20,0,4.0,0.0,0.0,0.0
64,14,40,41,25,8,3,21,0,5.793103448275862,0.375,0.0,0.375
64,14,40,41,26,7,0,22,0,5.310344827586207,0.0,0.0,0.0
64,14,40,41,27,4,0,22,0,3.3846153846153846,0.0,0.0,0.0
64,14,40,41,28,4,0,22,0,3.3846153846153846,0.0,0.0,0.0
64,14,40,41,29,8,2,21,0,5.793103448275862,0.25,0.0,0.25
64,14,40,41,30,1,0,24,0,0.96,0.0,0.0,0.0
64,14,40,41,31,1,1,21,0,0.9545454545454546,1.0,0.0,1.0
64,14,40,41,32,1,0,20,2,0.9523809523809523,0.0,0.1,-0.1
64,14,48,49,4,3,0,12,0,2.4,0.0,0.0,0.0
64,14,48,49,6,3,0,14,0,2.4705882352941178,0.0,0.0,0.0
64,14,48,49,8,1,0,18,0,0.9473684210526315,0.0,0.0,0.0
64,14,48,49,10,2,0,16,0,1.7777777777777777,0.0,0.0,0.0
64,14,48,49,13,1,0,20,0,0.9523809523809523,0.0,0.0,0.0
64,14,48,49,14,4,0,15,0,3.1578947368421053,0.0,0.0,0.0
64,14,48,49,15,3,0,16,0,2.526315789473684,0.0,0.0,0.0
64,14,48,49,16,3,0,17,0,2.55,0.0,0.0,0.0
64,14,48,49,17,2,0,19,0,1.8095238095238095,0.0,0.0,0.0
64,14,48,49,18,2,0,21,0,1.826086956521739,0.0,0.0,0.0
64,14,48,49,19,1,0,24,0,0.96,0.0,0.0,0.0
64,14,48,49,21,1,0,31,0,0.96875,0.0,0.0,0.0
64,14,48,49,22,2,0,33,0,1.8857142857142857,0.0,0.0,0.0
64,14,48,49,23,1,0,34,0,0.9714285714285714,0.0,0.0,0.0
64,14,48,49,24,2,0,32,0,1.8823529411764706,0.0,0.0,0.0
64,14,48,49,25,2,0,31,0,1.878787878787879,0.0,0.0,0.0
64,14,48,49,26,2,0,30,0,1.875,0.0,0.0,0.0
64,14,48,49,27,2,0,28,0,1.8666666666666667,0.0,0.0,0.0
64,14,48,49,28,1,0,26,0,0.9629629629629629,0.0,0.0,0.0
64,14,48,49,29,1,0,23,0,0.9583333333333334,0.0,0.0,0.0
64,14,48,49,30,3,1,19,0,2.590909090909091,0.3333333333333333,0.0,0.3333333333333333
64,14,48,49,31,1,0,18,0,0.9473684210526315,0.0,0.0,0.0
64,14,48,49,32,2,0,15,0,1.7647058823529411,0.0,0.0,0.0
64,14,48,49,33,3,0,12,0,2.4,0.0,0.0,0.0
64,14,48,49,34,1,1,9,0,0.9,1.0,0.0,1.0
64,14,48,49,35,5,2,6,0,2.727272727272727,0.4,0.0,0.4
64,14,48,49,36,6,2,8,0,3.4285714285714284,0.3333333333333333,0.0,0.3333333333333333
64,14,48,49,37,9,4,10,0,4.7368421052631575,0.4444444444444444,0.0,0.4444444444444444
64,14,48,49,38,5,0,16,0,3.8095238095238093,0.0,0.0,0.0
64,14,48,49,39,10,2,17,0,6.296296296296297,0.2,0.0,0.2
64,14,48,49,40,1,0,25,0,0.9615384615384616,0.0,0.0,0.0
64,14,48,49,41,4,0,25,0,3.4482758620689653,0.0,0.0,0.0
64,14,56,57,16,1,0,24,0,0.96,0.0,0.0,0.0
64,14,56,57,17,1,0,25,0,0.9615384615384616,0.0,0.0,0.0
64,14,56,57,18,1,0,26,0,0.9629629629629629,0.0,0.0,0.0
64,14,56,57,20,1,0,30,0,0.967741935483871,0.0,0.0,0.0
64,14,56,57,21,1,0,32,0,0.9696969696969697,0.0,0.0,0.0
64,14,56,57,23,1,0,37,0,0.9736842105263158,0.0,0.0,0.0
64,14,56,57,25,1,0,37,0,0.9736842105263158,0.0,0.0,0.0
64,14,56,57,27,3,1,34,0,2.7567567567567566,0.3333333333333333,0.0,0.3333333333333333
64,14,56,57,29,3,0,27,0,2.7,0.0,0.0,0.0
64,14,56,57,30,1,0,24,0,0.96,0.0,0.0,0.0
64,14,56,57,31,1,0,21,0,0.9545454545454546,0.0,0.0,0.0
64,14,56,57,32,2,0,19,0,1.8095238095238095,0.0,0.0,0.0
64,14,56,57,33,2,0,19,0,1.8095238095238095,0.0,0.0,0.0
64,14,56,57,35,1,0,19,0,0.95,0.0,0.0,0.0
64,14,56,57,36,2,0,19,0,1.8095238095238095,0.0,0.0,0.0
64,14,56,57,37,6,0,15,0,4.285714285714286,0.0,0.0,0.0
64,14,56,57,38,7,1,12,0,4.421052631578948,0.14285714285714285,0.0,0.14285714285714285
64,14,56,57,39,5,0,11,0,3.4375,0.0,0.0,0.0
64,14,56,57,40,5,2,10,0,3.3333333333333335,0.4,0.0,0.4
64,14,56,57,41,6,3,11,0,3.8823529411764706,0.5,0.0,0.5
64,14,56,57,42,2,0,16,0,1.7777777777777777,0.0,0.0,0.0
64,14,56,57,43,10,6,17,0,6.296296296296297,0.6,0.0,0.6
64,14,56,57,44,1,0,27,0,0.9642857142857143,0.0,0.0,0.0
64,14,56,57,45,1,0,27,0,0.9642857142857143,0.0,0.0,0.0
64,14,64,65,18,1,0,28,0,0.9655172413793104,0.0,0.0,0.0
64,14,64,65,19,1,1,29,0,0.9666666666666667,1.0,0.0,1.0
64,14,64,65,20,1,0,31,0,0.96875,0.0,0.0,0.0
64,14,64,65,21,2,0,33,0,1.8857142857142857,0.0,0.0,0.0
64,14,64,65,23,1,0,38,0,0.9743589743589743,0.0,0.0,0.0
64,14,64,65,25,2,0,38,0,1.9,0.0,0.0,0.0
64,14,64,65,35,2,0,20,0,1.8181818181818181,0.0,0.0,0.0
64,14,64,65,37,2,1,23,0,1.84,0.5,0.0,0.5
64,14,64,65,38,1,0,24,0,0.96,0.0,0.0,0.0
64,14,64,65,40,3,0,25,0,2.6785714285714284,0.0,0.0,0.0
64,14,64,65,41,5,0,23,0,4.107142857142857,0.0,0.0,0.0
64,14,64,65,42,6,0,19,0,4.56,0.0,0.0,0.0
64,14,64,65,43,9,1,14,0,5.478260869565218,0.1111111111111111,0.0,0.1111111111111111
64,14,64,65,44,1,0,14,0,0.9333333333333333,0.0,0.0,0.0
64,14,64,65,45,10,8,13,0,5.6521739130434785,0.8,0.0,0.8
64,14,64,65,46,2,0,21,0,1.826086956521739,0.0,0.0,0.0
64,14,64,65,47,2,1,20,0,1.8181818181818181,0.5,0.0,0.5
64,14,64,65,48,1,0,18,0,0.9473684210526315,0.0,0.0,0.0
64,14,72,73,44,4,0,25,0,3.4482758620689653,0.0,0.0,0.0
64,14,72,73,45,9,1,16,0,5.76,0.1111111111111111,0.0,0.1111111111111111
64,14,72,73,46,3,0,13,0,2.4375,0.0,0.0,0.0
64,14,72,73,47,10,6,8,0,4.444444444444445,0.6,0.0,0.6
64,14,72,73,48,4,0,10,0,2.857142857142857,0.0,0.0,0.0
64,14,72,73,49,4,2,10,0,2.857142857142857,0.5,0.0,0.5
64,14,72,73,50,2,0,9,0,1.6363636363636365,0.0,0.0,0.0
64,14,80,81,47,7,2,16,0,4.869565217391305,0.2857142857142857,0.0,0.2857142857142857
64,14,80,81,48,1,0,12,0,0.9230769230769231,0.0,0.0,0.0
64,14,80,81,49,2,0,7,1,1.5555555555555556,0.0,0.14285714285714285,-0.14285714285714285
64,14,80,81,50,5,0,4,0,2.2222222222222223,0.0,0.0,0.0
64,14,80,81,51,2,1,6,0,1.5,0.5,0.0,0.5
64,14,88,89,49,5,0,10,0,3.3333333333333335,0.0,0.0,0.0
64,14,88,89,50,1,0,6,0,0.8571428571428571,0.0,0.0,0.0
64,14,88,89,51,2,0,2,0,1.0,0.0,0.0,0.0
64,14,88,89,52,2,0,1,0,0.6666666666666666,0.0,0.0,0.0
64,14,88,89,53,3,1,2,0,1.2,0.3333333333333333,0.0,0.3333333333333333
64,14,96,97,53,4,1,1,0,0.8,0.25,0.0,0.25
64,14,96,97,55,1,1,3,0,0.75,1.0,0.0,1.0
64,14,96,97,56,1,0,4,0,0.8,0.0,0.0,0.0
64,15,16,17,14,5,4,1,0,0.8333333333333334,0.8,0.0,0.8
64,15,16,17,15,11,4,5,0,3.4375,0.36363636363636365,0.0,0.36363636363636365
64,15,24,25,19,12,9,2,0,1.7142857142857142,0.75,0.0,0.75
64,15,24,25,20,4,0,13,0,3.0588235294117645,0.0,0.0,0.0
64,15,32,33,24,3,0,4,0,1.7142857142857142,0.0,0.0,0.0
64,15,32,33,25,6,6,6,0,3.0,1.0,0.0,1.0
64,15,32,33,26,5,0,10,0,3.3333333333333335,0.0,0.0,0.0
64,15,32,33,27,2,0,14,0,1.75,0.0,0.0,0.0
64,15,40,41,28,1,0,1,0,0.5,0.0,0.0,0.0
64,15,40,41,29,6,3,1,1,0.8571428571428571,0.5,1.0,-0.5
64,15,40,41,30,6,1,5,0,2.727272727272727,0.16666666666666666,0.0,0.16666666666666666
64,15,40,41,31,9,4,8,0,4.235294117647059,0.4444444444444444,0.0,0.4444444444444444
64,15,48,49,3,1,0,2,0,0.6666666666666666,0.0,0.0,0.0
64,15,48,49,4,1,0,3,0,0.75,0.0,0.0,0.0
64,15,48,49,5,1,0,4,0,0.8,0.0,0.0,0.0
64,15,48,49,6,2,0,5,0,1.4285714285714286,0.0,0.0,0.0
64,15,48,49,8,1,0,7,0,0.875,0.0,0.0,0.0
64,15,48,49,9,1,0,8,0,0.8888888888888888,0.0,0.0,0.0
64,15,48,49,11,1,0,9,0,0.9,0.0,0.0,0.0
64,15,48,49,13,5,0,6,0,2.727272727272727,0.0,0.0,0.0
64,15,48,49,14,6,0,3,0,2.0,0.0,0.0,0.0
64,15,48,49,15,3,0,2,0,1.2,0.0,0.0,0.0
64,15,48,49,34,3,1,5,0,1.875,0.3333333333333333,0.0,0.3333333333333333
64,15,48,49,35,7,4,6,1,3.230769230769231,0.5714285714285714,0.16666666666666666,0.40476190476190477
64,15,48,49,36,3,0,10,0,2.3076923076923075,0.0,0.0,0.0
64,15,48,49,37,6,2,10,0,3.75,0.3333333333333333,0.0,0.3333333333333333
64,15,56,57,6,2,0,8,0,1.6,0.0,0.0,0.0
64,15,56,57,8,1,0,9,0,0.9,0.0,0.0,0.0
64,15,56,57,10,1,0,10,0,0.9090909090909091,0.0,0.0,0.0
64,15,56,57,12,1,0,11,0,0.9166666666666666,0.0,0.0,0.0
64,15,56,57,14,1,0,13,0,0.9285714285714286,0.0,0.0,0.0
64,15,56,57,15,1,0,12,0,0.9230769230769231,0.0,0.0,0.0
64,15,56,57,16,3,0,10,0,2.3076923076923075,0.0,0.0,0.0
64,15,56,57,18,6,2,3,0,2.0,0.3333333333333333,0.0,0.3333333333333333
64,15,56,57,19,2,0,3,0,1.2,0.0,0.0,0.0
64,15,56,57,20,3,1,1,0,0.75,0.3333333333333333,0.0,0.3333333333333333
64,15,56,57,36,1,0,1,0,0.5,0.0,0.0,0.0
64,15,56,57,40,3,0,6,0,2.0,0.0,0.0,0.0
64,15,56,57,41,1,0,7,0,0.875,0.0,0.0,0.0
64,15,56,57,42,3,0,6,0,2.0,0.0,0.0,0.0
64,15,64,65,8,1,0,11,0,0.9166666666666666,0.0,0.0,0.0
64,15,64,65,9,1,0,11,0,0.9166666666666666,0.0,0.0,0.0
64,15,64,65,10,1,0,11,0,0.9166666666666666,0.0,0.0,0.0
64,15,64,65,12,1,0,12,0,0.9230769230769231,0.0,0.0,0.0
64,15,64,65,14,1,0,14,0,0.9333333333333333,0.0,0.0,0.0
64,15,64,65,16,2,0,14,0,1.75,0.0,0.0,0.0
64,15,64,65,20,2,0,15,0,1.7647058823529411,0.0,0.0,0.0
64,15,64,65,21,1,0,14,0,0.9333333333333333,0.0,0.0,0.0
64,15,64,65,22,12,1,2,0,1.7142857142857142,0.08333333333333333,0.0,0.08333333333333333
64,15,64,65,23,2,0,2,0,1.0,0.0,0.0,0.0
64,15,64,65,42,2,0,1,0,0.6666666666666666,0.0,0.0,0.0
64,15,72,73,11,2,0,13,0,1.7333333333333334,0.0,0.0,0.0
64,15,72,73,13,2,0,14,0,1.75,0.0,0.0,0.0
64,15,72,73,23,1,0,16,0,0.9411764705882353,0.0,0.0,0.0
64,15,72,73,25,4,0,12,0,3.0,0.0,0.0,0.0
64,15,72,73,26,12,4,2,0,1.7142857142857142,0.3333333333333333,0.0,0.3333333333333333
64,15,72,73,27,1,0,1,0,0.5,0.0,0.0,0.0
64,15,72,73,53,1,1,1,0,0.5,1.0,0.0,1.0
64,15,72,73,54,1,0,2,0,0.6666666666666666,0.0,0.0,0.0
64,15,72,73,55,5,2,3,0,1.875,0.4,0.0,0.4
64,15,80,81,25,1,0,16,0,0.9411764705882353,0.0,0.0,0.0
64,15,80,81,27,2,0,13,0,1.7333333333333334,0.0,0.0,0.0
64,15,80,81,28,12,1,4,0,3.0,0.08333333333333333,0.0,0.08333333333333333
64,15,80,81,29,4,0,6,0,2.4,0.0,0.0,0.0
64,15,80,81,30,7,1,2,0,1.5555555555555556,0.14285714285714285,0.0,0.14285714285714285
64,15,80,81,31,3,0,2,0,1.2,0.0,0.0,0.0
64,15,80,81,32,3,0,1,0,0.75,0.0,0.0,0.0
64,15,80,81,58,1,0,3,0,0.75,0.0,0.0,0.0
64,15,80,81,59,4,2,4,0,2.0,0.5,0.0,0.5
64,15,80,81,60,1,0,8,0,0.8888888888888888,0.0,0.0,0.0
64,15,80,81,61,5,0,9,0,3.2142857142857144,0.0,0.0,0.0
64,15,88,89,30,7,0,10,0,4.117647058823529,0.0,0.0,0.0
64,15,88,89,31,2,0,9,0,1.6363636363636365,0.0,0.0,0.0
64,15,88,89,32,2,0,8,0,1.6,0.0,0.0,0.0
64,15,88,89,33,2,0,7,0,1.5555555555555556,0.0,0.0,0.0
64,15,88,89,34,3,0,6,0,2.0,0.0,0.0,0.0
64,15,88,89,35,1,0,7,0,0.875,0.0,0.0,0.0
64,15,88,89,36,9,0,1,0,0.9,0.0,0.0,0.0
64,15,88,89,61,5,3,1,0,0.8333333333333334,0.6,0.0,0.6
64,15,88,89,62,3,0,5,0,1.875,0.0,0.0,0.0
64,15,88,89,63,4,2,7,0,2.5454545454545454,0.5,0.0,0.5
64,15,88,89,64,1,0,10,0,0.9090909090909091,0.0,0.0,0.0
64,15,88,89,65,1,0,10,0,0.9090909090909091,0.0,0.0,0.0
64,15,88,89,67,1,0,9,0,0.9,0.0,0.0,0.0
64,15,96,97,32,4,0,13,0,3.0588235294117645,0.0,0.0,0.0
64,15,96,97,33,3,0,11,0,2.357142857142857,0.0,0.0,0.0
64,15,96,97,34,4,1,10,0,2.857142857142857,0.25,0.0,0.25
64,15,96,97,35,2,0,10,0,1.6666666666666667,0.0,0.0,0.0
64,15,96,97,36,3,0,9,0,2.25,0.0,0.0,0.0
64,15,96,97,37,1,0,9,0,0.9,0.0,0.0,0.0
64,15,96,97,38,2,0,9,0,1.6363636363636365,0.0,0.0,0.0
64,15,96,97,39,1,0,9,0,0.9,0.0,0.0,0.0
64,15,96,97,40,6,2,3,0,2.0,0.3333333333333333,0.0,0.3333333333333333
64,15,96,97,41,1,0,2,0,0.6666666666666666,0.0,0.0,0.0
64,15,96,97,64,1,0,5,0,0.8333333333333334,0.0,0.0,0.0
64,15,96,97,65,5,3,5,0,2.5,0.6,0.0,0.6
64,15,96,97,67,1,0,8,0,0.8888888888888888,0.0,0.0,0.0
64,15,96,97,69,1,0,7,0,0.875,0.0,0.0,0.0
64,15,104,105,38,3,0,12,0,2.4,0.0,0.0,0.0
64,15,104,105,39,1,0,11,0,0.9166666666666666,0.0,0.0,0.0
64,15,104,105,40,2,0,9,0,1.6363636363636365,0.0,0.0,0.0
64,15,104,105,41,2,0,7,0,1.5555555555555556,0.0,0.0,0.0
64,15,104,105,42,2,0,5,0,1.4285714285714286,0.0,0.0,0.0
64,15,104,105,45,1,0,2,0,0.6666666666666666,0.0,0.0,0.0
64,15,104,105,66,3,0,3,0,1.5,0.0,0.0,0.0
64,15,104,105,67,3,1,5,0,1.875,0.3333333333333333,0.0,0.3333333333333333
64,15,104,105,68,1,0,7,0,0.875,0.0,0.0,0.0
64,15,104,105,69,1,1,7,0,0.875,1.0,0.0,1.0
64,15,112,113,42,2,0,7,0,1.5555555555555556,0.0,0.0,0.0
64,15,112,113,44,2,0,3,0,1.2,0.0,0.0,0.0
64,15,112,113,68,2,0,3,0,1.2,0.0,0.0,0.0
64,15,112,113,69,3,2,4,0,1.7142857142857142,0.6666666666666666,0.0,0.6666666666666666
64,15,112,113,71,1,0,5,0,0.8333333333333334,0.0,0.0,0.0
64,15,120,121,70,1,0,3,0,0.75,0.0,0.0,0.0
64,15,120,121,71,2,1,3,0,1.2,0.5,0.0,0.5
64,15,120,121,72,1,0,4,0,0.8,0.0,0.0,0.0
64,15,128,129,49,1,0,1,0,0.5,0.0,0.0,0.0
64,15,128,129,50,1,0,1,0,0.5,0.0,0.0,0.0
64,15,128,129,51,1,0,1,0,0.5,0.0,0.0,0.0
64,15,128,129,52,1,0,1,0,0.5,0.0,0.0,0.0
64,15,128,129,53,1,0,1,0,0.5,0.0,0.0,0.0
64,15,128,129,54,1,0,1,0,0.5,0.0,0.0,0.0
64,15,128,129,55,1,0,1,0,0.5,0.0,0.0,0.0
64,15,128,129,56,1,0,1,0,0.5,0.0,0.0,0.0
64,15,128,129,57,1,0,1,0,0.5,0.0,0.0,0.0
64,15,128,129,58,1,0,1,0,0.5,0.0,0.0,0.0
64,15,128,129,59,1,0,1,0,0.5,0.0,0.0,0.0
64,15,128,129,60,1,0,1,0,0.5,0.0,0.0,0.0
64,15,128,129,61,1,0,1,0,0.5,0.0,0.0,0.0
64,15,128,129,72,1,0,2,0,0.6666666666666666,0.0,0.0,0.0
64,15,136,137,49,1,0,1,0,0.5,0.0,0.0,0.0
64,15,136,137,50,1,0,1,0,0.5,0.0,0.0,0.0
64,15,136,137,51,1,0,1,0,0.5,0.0,0.0,0.0
64,15,136,137,53,1,0,2,0,0.6666666666666666,0.0,0.0,0.0
64,15,136,137,54,1,0,2,0,0.6666666666666666,0.0,0.0,0.0
64,15,136,137,55,1,0,2,0,0.6666666666666666,0.0,0.0,0.0
64,15,136,137,56,1,0,2,0,0.6666666666666666,0.0,0.0,0.0
64,15,136,137,57,1,0,2,0,0.6666666666666666,0.0,0.0,0.0
64,15,136,137,58,1,0,2,0,0.6666666666666666,0.0,0.0,0.0
64,15,136,137,59,1,0,2,0,0.6666666666666666,0.0,0.0,0.0
64,15,136,137,60,2,0,1,0,0.6666666666666666,0.0,0.0,0.0
64,15,136,137,61,1,0,1,0,0.5,0.0,0.0,0.0
64,15,136,137,62,1,0,1,0,0.5,0.0,0.0,0.0
64,15,136,137,63,1,0,1,0,0.5,0.0,0.0,0.0
64,15,144,145,50,1,0,2,0,0.6666666666666666,0.0,0.0,0.0
64,15,144,145,51,1,0,2,0,0.6666666666666666,0.0,0.0,0.0
64,15,144,145,52,1,0,2,0,0.6666666666666666,0.0,0.0,0.0
64,15,144,145,53,1,0,2,0,0.6666666666666666,0.0,0.0,0.0
64,15,144,145,54,1,0,2,0,0.6666666666666666,0.0,0.0,0.0
64,15,144,145,55,1,0,2,0,0.6666666666666666,0.0,0.0,0.0
64,15,144,145,56,1,0,2,0,0.6666666666666666,0.0,0.0,0.0
64,15,144,145,57,1,0,2,0,0.6666666666666666,0.0,0.0,0.0
64,15,144,145,58,1,0,2,0,0.6666666666666666,0.0,0.0,0.0
64,15,144,145,59,1,0,2,0,0.6666666666666666,0.0,0.0,0.0
64,15,144,145,60,1,0,2,0,0.6666666666666666,0.0,0.0,0.0
64,15,144,145,61,1,0,2,0,0.6666666666666666,0.0,0.0,0.0
64,15,144,145,62,1,0,2,0,0.6666666666666666,0.0,0.0,0.0
64,15,144,145,63,1,0,2,0,0.6666666666666666,0.0,0.0,0.0
64,15,144,145,64,1,0,1,0,0.5,0.0,0.0,0.0
64,15,152,153,50,1,0,2,0,0.6666666666666666,0.0,0.0,0.0
64,15,152,153,51,1,0,2,0,0.6666666666666666,0.0,0.0,0.0
64,15,152,153,52,1,0,2,0,0.6666666666666666,0.0,0.0,0.0
64,15,152,153,54,1,0,3,0,0.75,0.0,0.0,0.0
64,15,152,153,55,1,0,3,0,0.75,0.0,0.0,0.0
64,15,152,153,56,1,0,3,0,0.75,0.0,0.0,0.0
64,15,152,153,57,1,0,3,0,0.75,0.0,0.0,0.0
64,15,152,153,58,1,0,3,0,0.75,0.0,0.0,0.0
64,15,152,153,59,1,0,3,0,0.75,0.0,0.0,0.0
64,15,152,153,60,1,0,3,0,0.75,0.0,0.0,0.0
64,15,152,153,61,1,0,3,0,0.75,0.0,0.0,0.0
64,15,152,153,62,1,0,3,0,0.75,0.0,0.0,0.0
64,15,152,153,63,1,0,3,0,0.75,0.0,0.0,0.0
64,15,152,153,64,1,0,2,0,0.6666666666666666,0.0,0.0,0.0
64,15,160,161,51,1,0,3,0,0.75,0.0,0.0,0.0
64,15,160,161,52,1,0,3,0,0.75,0.0,0.0,0.0
64,15,160,161,54,1,0,4,0,0.8,0.0,0.0,0.0
64,15,160,161,55,1,0,4,0,0.8,0.0,0.0,0.0
64,15,160,161,56,1,0,4,0,0.8,0.0,0.0,0.0
64,15,160,161,57,1,0,4,0,0.8,0.0,0.0,0.0
64,15,160,161,58,1,0,4,0,0.8,0.0,0.0,0.0
64,15,160,161,60,1,0,5,0,0.8333333333333334,0.0,0.0,0.0
64,15,160,161,61,1,0,5,0,0.8333333333333334,0.0,0.0,0.0
64,15,160,161,62,1,0,5,0,0.8333333333333334,0.0,0.0,0.0
64,15,160,161,63,1,0,5,0,0.8333333333333334,0.0,0.0,0.0
64,15,160,161,64,2,0,3,0,1.2,0.0,0.0,0.0
64,15,160,161,65,2,0,1,0,0.6666666666666666,0.0,0.0,0.0
64,15,168,169,53,1,0,5,0,0.8333333333333334,0.0,0.0,0.0
64,15,168,169,55,1,0,6,0,0.8571428571428571,0.0,0.0,0.0
64,15,168,169,56,1,0,6,0,0.8571428571428571,0.0,0.0,0.0
64,15,168,169,58,1,0,7,0,0.875,0.0,0.0,0.0
64,15,168,169,60,1,0,8,0,0.8888888888888888,0.0,0.0,0.0
64,15,168,169,62,1,0,9,0,0.9,0.0,0.0,0.0
64,15,168,169,64,1,0,9,0,0.9,0.0,0.0,0.0
64,15,168,169,66,1,0,8,0,0.8888888888888888,0.0,0.0,0.0
64,15,168,169,67,1,0,7,0,0.875,0.0,0.0,0.0
64,15,168,169,68,3,0,4,0,1.7142857142857142,0.0,0.0,0.0
64,15,168,169,70,3,0,3,0,1.5,0.0,0.0,0.0
64,15,168,169,71,2,0,2,0,1.0,0.0,0.0,0.0
64,15,176,177,60,2,0,11,0,1.6923076923076923,0.0,0.0,0.0
64,15,176,177,62,1,0,12,0,0.9230769230769231,0.0,0.0,0.0
64,15,176,177,63,1,0,13,0,0.9285714285714286,0.0,0.0,0.0
64,16,16,17,14,4,1,2,0,1.3333333333333333,0.25,0.0,0.25
64,16,16,17,15,18,6,7,0,5.04,0.3333333333333333,0.0,0.3333333333333333
64,16,24,25,19,15,13,1,0,0.9375,0.8666666666666667,0.0,0.8666666666666667
64,16,24,25,20,17,3,15,0,7.96875,0.17647058823529413,0.0,0.17647058823529413
64,16,32,33,23,4,4,1,0,0.8,1.0,0.0,1.0
64,16,32,33,24,7,0,4,0,2.5454545454545454,0.0,0.0,0.0
64,16,32,33,25,23,12,8,0,5.935483870967742,0.5217391304347826,0.0,0.5217391304347826
64,16,32,33,26,6,4,28,0,4.9411764705882355,0.6666666666666666,0.0,0.6666666666666666
64,16,40,41,18,1,0,4,0,0.8,0.0,0.0,0.0
64,16,40,41,20,1,0,5,0,0.8333333333333334,0.0,0.0,0.0
64,16,40,41,22,1,0,6,0,0.8571428571428571,0.0,0.0,0.0
64,16,40,41,24,2,0,7,0,1.5555555555555556,0.0,0.0,0.0
64,16,40,41,25,1,1,8,0,0.8888888888888888,1.0,0.0,1.0
64,16,40,41,26,1,0,8,0,0.8888888888888888,0.0,0.0,0.0
64,16,40,41,27,6,3,8,0,3.4285714285714284,0.5,0.0,0.5
64,16,40,41,28,3,0,11,0,2.357142857142857,0.0,0.0,0.0
64,16,40,41,29,11,3,11,0,5.5,0.2727272727272727,0.0,0.2727272727272727
64,16,40,41,30,4,0,17,0,3.238095238095238,0.0,0.0,0.0
64,16,40,41,31,3,0,16,0,2.526315789473684,0.0,0.0,0.0
64,16,40,41,32,2,0,15,0,1.7647058823529411,0.0,0.0,0.0
64,16,48,49,24,2,0,9,0,1.6363636363636365,0.0,0.0,0.0
64,16,48,49,26,1,0,10,0,0.9090909090909091,0.0,0.0,0.0
64,16,48,49,28,1,0,11,0,0.9166666666666666,0.0,0.0,0.0
64,16,48,49,30,2,0,12,0,1.7142857142857142,0.0,0.0,0.0
64,16,48,49,31,6,2,13,0,4.105263157894737,0.3333333333333333,0.0,0.3333333333333333
64,16,48,49,32,1,0,15,0,0.9375,0.0,0.0,0.0
64,16,48,49,34,1,0,11,0,0.9166666666666666,0.0,0.0,0.0
64,16,56,57,8,5,0,2,0,1.4285714285714286,0.0,0.0,0.0
64,16,56,57,9,1,0,5,0,0.8333333333333334,0.0,0.0,0.0
64,16,56,57,10,3,0,4,0,1.7142857142857142,0.0,0.0,0.0
64,16,56,57,33,3,2,9,0,2.25,0.6666666666666666,0.0,0.6666666666666666
64,16,56,57,34,2,0,9,0,1.6363636363636365,0.0,0.0,0.0
64,16,56,57,35,1,0,8,0,0.8888888888888888,0.0,0.0,0.0
64,16,56,57,36,1,0,6,0,0.8571428571428571,0.0,0.0,0.0
64,16,56,57,44,3,2,3,0,1.5,0.6666666666666666,0.0,0.6666666666666666
64,16,64,65,4,2,0,5,0,1.4285714285714286,0.0,0.0,0.0
64,16,64,65,5,1,0,7,0,0.875,0.0,0.0,0.0
64,16,64,65,6,1,0,9,0,0.9,0.0,0.0,0.0
64,16,64,65,7,1,0,11,0,0.9166666666666666,0.0,0.0,0.0
64,16,64,65,8,4,1,9,0,2.769230769230769,0.25,0.0,0.25
64,16,64,65,9,1,0,10,0,0.9090909090909091,0.0,0.0,0.0
64,16,64,65,10,3,0,8,0,2.1818181818181817,0.0,0.0,0.0
64,16,64,65,11,1,0,8,0,0.8888888888888888,0.0,0.0,0.0
64,16,64,65,12,1,0,5,0,0.8333333333333334,0.0,0.0,0.0
64,16,64,65,35,1,1,7,0,0.875,1.0,0.0,1.0
64,16,64,65,49,7,6,1,0,0.875,0.8571428571428571,0.0,0.8571428571428571
64,16,64,65,50,4,0,8,0,2.6666666666666665,0.0,0.0,0.0
64,16,72,73,1,1,0,2,0,0.6666666666666666,0.0,0.0,0.0
64,16,72,73,2,2,0,4,0,1.3333333333333333,0.0,0.0,0.0
64,16,72,73,3,1,0,7,0,0.875,0.0,0.0,0.0
64,16,72,73,4,2,0,9,0,1.6363636363636365,0.0,0.0,0.0
64,16,72,73,6,1,0,14,0,0.9333333333333333,0.0,0.0,0.0
64,16,72,73,7,1,0,15,0,0.9375,0.0,0.0,0.0
64,16,72,73,8,2,1,15,0,1.7647058823529411,0.5,0.0,0.5
64,16,72,73,10,3,1,11,0,2.357142857142857,0.3333333333333333,0.0,0.3333333333333333
64,16,72,73,11,1,0,9,0,0.9,0.0,0.0,0.0
64,16,72,73,12,3,0,6,0,2.0,0.0,0.0,0.0
64,16,72,73,13,2,0,5,0,1.4285714285714286,0.0,0.0,0.0
64,16,72,73,14,1,0,4,0,0.8,0.0,0.0,0.0
64,16,72,73,15,1,0,4,0,0.8,0.0,0.0,0.0
64,16,72,73,51,1,1,1,0,0.5,1.0,0.0,1.0
64,16,72,73,52,1,0,2,0,0.6666666666666666,0.0,0.0,0.0
64,16,72,73,53,10,8,3,0,2.3076923076923075,0.8,0.0,0.8
64,16,72,73,55,1,1,11,0,0.9166666666666666,1.0,0.0,1.0
64,16,80,81,2,1,0,7,0,0.875,0.0,0.0,0.0
64,16,80,81,3,2,0,9,0,1.6363636363636365,0.0,0.0,0.0
64,16,80,81,4,1,0,12,0,0.9230769230769231,0.0,0.0,0.0
64,16,80,81,5,1,0,14,0,0.9333333333333333,0.0,0.0,0.0
64,16,80,81,6,3,0,15,0,2.5,0.0,0.0,0.0
64,16,80,81,8,1,1,19,0,0.95,1.0,0.0,1.0
64,16,80,81,9,1,0,20,0,0.9523809523809523,0.0,0.0,0.0
64,16,80,81,10,3,0,18,0,2.5714285714285716,0.0,0.0,0.0
64,16,80,81,11,3,0,17,0,2.55,0.0,0.0,0.0
64,16,80,81,12,6,0,12,0,4.0,0.0,0.0,0.0
64,16,80,81,13,2,0,11,0,1.6923076923076923,0.0,0.0,0.0
64,16,80,81,14,5,0,6,0,2.727272727272727,0.0,0.0,0.0
64,16,80,81,15,1,0,5,0,0.8333333333333334,0.0,0.0,0.0
64,16,80,81,56,2,0,3,0,1.2,0.0,0.0,0.0
64,16,80,81,57,5,2,4,0,2.2222222222222223,0.4,0.0,0.4
64,16,80,81,58,1,0,7,0,0.875,0.0,0.0,0.0
64,16,80,81,60,1,0,6,0,0.8571428571428571,0.0,0.0,0.0
64,16,80,81,63,3,1,4,0,1.7142857142857142,0.3333333333333333,0.0,0.3333333333333333
64,16,88,89,4,1,0,15,0,0.9375,0.0,0.0,0.0
64,16,88,89,5,1,0,17,0,0.9444444444444444,0.0,0.0,0.0
64,16,88,89,6,2,1,18,0,1.8,0.5,0.0,0.5
64,16,88,89,8,3,0,21,0,2.625,0.0,0.0,0.0
64,16,88,89,9,1,0,24,0,0.96,0.0,0.0,0.0
64,16,88,89,10,1,0,24,0,0.96,0.0,0.0,0.0
64,16,88,89,12,2,0,20,0,1.8181818181818181,0.0,0.0,0.0
64,16,88,89,13,1,0,21,0,0.9545454545454546,0.0,0.0,0.0
64,16,88,89,14,2,0,19,0,1.8095238095238095,0.0,0.0,0.0
64,16,88,89,15,2,0,19,0,1.8095238095238095,0.0,0.0,0.0
64,16,88,89,16,7,0,12,0,4.421052631578948,0.0,0.0,0.0
64,16,88,89,17,2,0,12,0,1.7142857142857142,0.0,0.0,0.0
64,16,88,89,18,10,1,6,0,3.75,0.1,0.0,0.1
64,16,88,89,19,1,0,7,0,0.875,0.0,0.0,0.0
64,16,88,89,20,1,0,7,0,0.875,0.0,0.0,0.0
64,16,88,89,58,2,0,2,0,1.0,0.0,0.0,0.0
64,16,88,89,59,3,1,3,0,1.5,0.3333333333333333,0.0,0.3333333333333333
64,16,88,89,60,1,0,5,0,0.8333333333333334,0.0,0.0,0.0
64,16,88,89,61,1,1,5,0,0.8333333333333334,1.0,0.0,1.0
64,16,88,89,65,2,1,2,0,1.0,0.5,0.0,0.5
64,16,88,89,66,2,0,3,0,1.2,0.0,0.0,0.0
64,16,88,89,67,4,3,4,0,2.0,0.75,0.0,0.75
64,16,88,89,68,2,0,8,0,1.6,0.0,0.0,0.0
64,16,88,89,69,3,1,9,0,2.25,0.3333333333333333,0.0,0.3333333333333333
64,16,88,89,70,4,0,11,0,2.933333333333333,0.0,0.0,0.0
64,16,96,97,18,6,0,22,0,4.714285714285714,0.0,0.0,0.0
64,16,96,97,19,3,0,22,0,2.64,0.0,0.0,0.0
64,16,96,97,20,12,0,13,0,6.24,0.0,0.0,0.0
64,16,96,97,21,5,0,12,0,3.5294117647058822,0.0,0.0,0.0
64,16,96,97,22,7,5,9,0,3.9375,0.7142857142857143,0.0,0.7142857142857143
64,16,96,97,23,3,0,10,0,2.3076923076923075,0.0,0.0,0.0
64,16,96,97,24,2,1,11,0,1.6923076923076923,0.5,0.0,0.5
64,16,96,97,61,2,1,3,0,1.2,0.5,0.0,0.5
64,16,96,97,63,1,0,3,0,0.75,0.0,0.0,0.0
64,16,96,97,72,3,0,2,0,1.2,0.0,0.0,0.0
64,16,96,97,73,11,3,3,0,2.357142857142857,0.2727272727272727,0.0,0.2727272727272727
64,16,96,97,75,1,1,14,0,0.9333333333333333,1.0,0.0,1.0
64,16,104,105,20,1,0,31,0,0.96875,0.0,0.0,0.0
64,16,104,105,21,4,0,29,0,3.515151515151515,0.0,0.0,0.0
64,16,104,105,22,11,1,21,0,7.21875,0.09090909090909091,0.0,0.09090909090909091
64,16,104,105,23,3,0,23,0,2.6538461538461537,0.0,0.0,0.0
64,16,104,105,24,12,4,15,0,6.666666666666667,0.3333333333333333,0.0,0.3333333333333333
64,16,104,105,25,3,0,15,0,2.5,0.0,0.0,0.0
64,16,104,105,26,6,2,14,0,4.2,0.3333333333333333,0.0,0.3333333333333333
64,16,104,105,27,1,0,15,0,0.9375,0.0,0.0,0.0
64,16,104,105,28,3,0,14,0,2.4705882352941178,0.0,0.0,0.0
64,16,104,105,64,1,0,2,0,0.6666666666666666,0.0,0.0,0.0
64,16,104,105,74,3,0,2,0,1.2,0.0,0.0,0.0
64,16,104,105,75,9,1,3,0,2.25,0.1111111111111111,0.0,0.1111111111111111
64,16,104,105,76,1,0,12,0,0.9230769230769231,0.0,0.0,0.0
64,16,104,105,77,4,0,10,0,2.857142857142857,0.0,0.0,0.0
64,16,104,105,79,2,1,10,0,1.6666666666666667,0.5,0.0,0.5
64,16,112,113,22,3,0,33,0,2.75,0.0,0.0,0.0
64,16,112,113,23,3,0,32,0,2.742857142857143,0.0,0.0,0.0
64,16,112,113,24,5,1,28,0,4.242424242424242,0.2,0.0,0.2
64,16,112,113,25,3,0,28,0,2.7096774193548385,0.0,0.0,0.0
64,16,112,113,26,8,3,22,0,5.866666666666666,0.375,0.0,0.375
64,16,112,113,27,2,0,19,0,1.8095238095238095,0.0,0.0,0.0
64,16,112,113,28,1,0,17,0,0.9444444444444444,0.0,0.0,0.0
64,16,112,113,29,1,0,15,0,0.9375,0.0,0.0,0.0
64,16,112,113,30,3,1,14,0,2.4705882352941178,0.3333333333333333,0.0,0.3333333333333333
64,16,112,113,31,1,0,13,0,0.9285714285714286,0.0,0.0,0.0
64,16,112,113,32,1,0,11,0,0.9166666666666666,0.0,0.0,0.0
64,16,112,113,33,1,0,9,0,0.9,0.0,0.0,0.0
64,16,112,113,34,1,0,8,0,0.8888888888888888,0.0,0.0,0.0
64,16,112,113,77,10,4,1,0,0.9090909090909091,0.4,0.0,0.4
64,16,112,113,78,3,0,7,0,2.1,0.0,0.0,0.0
64,16,112,113,79,4,0,5,0,2.2222222222222223,0.0,0.0,0.0
64,16,112,113,81,3,2,5,0,1.875,0.6666666666666666,0.0,0.6666666666666666
64,16,112,113,82,2,0,4,0,1.3333333333333333,0.0,0.0,0.0
64,16,120,121,24,3,0,34,0,2.7567567567567566,0.0,0.0,0.0
64,16,120,121,25,1,0,33,0,0.9705882352941176,0.0,0.0,0.0
64,16,120,121,26,1,1,31,0,0.96875,1.0,0.0,1.0
64,16,120,121,27,1,0,28,0,0.9655172413793104,0.0,0.0,0.0
64,16,120,121,28,8,1,19,0,5.62962962962963,0.125,0.0,0.125
64,16,120,121,29,1,0,17,0,0.9444444444444444,0.0,0.0,0.0
64,16,120,121,30,2,0,16,0,1.7777777777777777,0.0,0.0,0.0
64,16,120,121,31,1,0,14,0,0.9333333333333333,0.0,0.0,0.0
64,16,120,121,32,2,0,11,0,1.6923076923076923,0.0,0.0,0.0
64,16,120,121,33,1,0,9,0,0.9,0.0,0.0,0.0
64,16,120,121,34,1,0,8,0,0.8888888888888888,0.0,0.0,0.0
64,16,120,121,35,1,0,7,0,0.875,0.0,0.0,0.0
64,16,120,121,36,1,0,6,0,0.8571428571428571,0.0,0.0,0.0
64,16,120,121,37,1,0,5,0,0.8333333333333334,0.0,0.0,0.0
64,16,120,121,38,1,0,4,0,0.8,0.0,0.0,0.0
64,16,120,121,80,4,0,2,0,1.3333333333333333,0.0,0.0,0.0
64,16,120,121,81,3,0,1,0,0.75,0.0,0.0,0.0
64,16,128,129,30,4,0,19,0,3.3043478260869565,0.0,0.0,0.0
64,16,128,129,31,1,0,16,0,0.9411764705882353,0.0,0.0,0.0
64,16,128,129,32,1,0,13,0,0.9285714285714286,0.0,0.0,0.0
64,16,128,129,33,1,0,10,0,0.9090909090909091,0.0,0.0,0.0
64,16,128,129,34,2,0,8,0,1.6,0.0,0.0,0.0
64,16,128,129,35,2,0,7,0,1.5555555555555556,0.0,0.0,0.0
64,16,128,129,36,2,0,6,0,1.5,0.0,0.0,0.0
64,16,128,129,39,1,0,3,0,0.75,0.0,0.0,0.0
64,16,128,129,40,1,0,2,0,0.6666666666666666,0.0,0.0,0.0
64,16,128,129,41,1,0,1,0,0.5,0.0,0.0,0.0
64,16,136,137,40,1,0,3,0,0.75,0.0,0.0,0.0
64,16,136,137,41,1,0,2,0,0.6666666666666666,0.0,0.0,0.0
64,16,136,137,42,1,0,1,0,0.5,0.0,0.0,0.0
64,16,136,137,43,1,0,1,0,0.5,0.0,0.0,0.0
64,16,136,137,44,1,0,1,0,0.5,0.0,0.0,0.0
64,16,136,137,45,1,0,1,0,0.5,0.0,0.0,0.0
64,16,136,137,46,1,0,1,0,0.5,0.0,0.0,0.0
64,16,136,137,47,1,0,1,0,0.5,0.0,0.0,0.0
64,16,144,145,41,1,0,3,0,0.75,0.0,0.0,0.0
64,16,144,145,42,1,0,2,0,0.6666666666666666,0.0,0.0,0.0
64,16,144,145,43,1,0,2,0,0.6666666666666666,0.0,0.0,0.0
64,16,144,145,44,1,0,2,0,0.6666666666666666,0.0,0.0,0.0
64,16,144,145,45,1,0,2,0,0.6666666666666666,0.0,0.0,0.0
64,16,144,145,46,1,0,2,0,0.6666666666666666,0.0,0.0,0.0
64,16,144,145,47,1,0,2,0,0.6666666666666666,0.0,0.0,0.0
64,16,144,145,48,1,0,2,0,0.6666666666666666,0.0,0.0,0.0
64,16,144,145,49,1,0,2,0,0.6666666666666666,0.0,0.0,0.0
64,16,144,145,50,1,0,2,0,0.6666666666666666,0.0,0.0,0.0
64,16,144,145,51,1,0,2,0,0.6666666666666666,0.0,0.0,0.0
64,16,144,145,52,2,0,1,0,0.6666666666666666,0.0,0.0,0.0
64,16,144,145,53,1,0,1,0,0.5,0.0,0.0,0.0
64,16,152,153,42,1,0,3,0,0.75,0.0,0.0,0.0
64,16,152,153,43,1,0,3,0,0.75,0.0,0.0,0.0
64,16,152,153,44,1,0,3,0,0.75,0.0,0.0,0.0
64,16,152,153,45,1,0,3,0,0.75,0.0,0.0,0.0
64,16,152,153,46,1,0,3,0,0.75,0.0,0.0,0.0
64,16,152,153,48,2,0,3,0,1.2,0.0,0.0,0.0
64,16,152,153,49,1,0,3,0,0.75,0.0,0.0,0.0
64,16,152,153,50,1,0,3,0,0.75,0.0,0.0,0.0
64,16,152,153,51,1,0,3,0,0.75,0.0,0.0,0.0
64,16,152,153,52,1,0,3,0,0.75,0.0,0.0,0.0
64,16,152,153,53,1,0,3,0,0.75,0.0,0.0,0.0
64,16,152,153,54,2,0,1,0,0.6666666666666666,0.0,0.0,0.0
64,16,160,161,44,1,0,5,0,0.8333333333333334,0.0,0.0,0.0
64,16,160,161,46,1,0,6,0,0.8571428571428571,0.0,0.0,0.0
64,16,160,161,47,1,0,7,0,0.875,0.0,0.0,0.0
64,16,160,161,49,1,0,8,0,0.8888888888888888,0.0,0.0,0.0
64,16,160,161,50,1,0,8,0,0.8888888888888888,0.0,0.0,0.0
64,16,160,161,52,5,0,5,0,2.5,0.0,0.0,0.0
64,16,160,161,54,2,0,4,0,1.3333333333333333,0.0,0.0,0.0
64,16,160,161,55,1,0,3,0,0.75,0.0,0.0,0.0
64,16,168,169,51,1,0,12,0,0.9230769230769231,0.0,0.0,0.0
64,16,168,169,53,1,0,13,0,0.9285714285714286,0.0,0.0,0.0
64,16,168,169,59,2,0,6,0,1.5,0.0,0.0,0.0
64,16,168,169,61,1,0,5,0,0.8333333333333334,0.0,0.0,0.0
64,16,176,177,60,1,0,6,0,0.8571428571428571,0.0,0.0,0.0
64,16,184,185,61,1,0,6,0,0.8571428571428571,0.0,0.0,0.0
64,16,192,193,61,1,0,6,0,0.8571428571428571,0.0,0.0,0.0
64,16,200,201,62,1,0,5,0,0.8333333333333334,0.0,0.0,0.0
64,16,208,209,62,1,0,5,0,0.8333333333333334,0.0,0.0,0.0
64,16,208,209,63,1,0,4,0,0.8,0.0,0.0,0.0
64,16,216,217,62,1,0,5,0,0.8333333333333334,0.0,0.0,0.0
64,16,216,217,63,1,0,4,0,0.8,0.0,0.0,0.0
64,16,216,217,64,1,0,3,0,0.75,0.0,0.0,0.0
64,16,216,217,65,1,0,2,0,0.6666666666666666,0.0,0.0,0.0
64,16,216,217,66,1,0,1,0,0.5,0.0,0.0,0.0
64,16,224,225,62,1,0,5,0,0.8333333333333334,0.0,0.0,0.0
64,16,224,225,63,1,0,4,0,0.8,0.0,0.0,0.0
64,16,224,225,64,1,0,3,0,0.75,0.0,0.0,0.0
64,16,224,225,65,1,0,2,0,0.6666666666666666,0.0,0.0,0.0
64,16,224,225,66,1,0,1,0,0.5,0.0,0.0,0.0
64,16,232,233,63,3,0,4,0,1.7142857142857142,0.0,0.0,0.0
64,16,232,233,64,1,0,3,0,0.75,0.0,0.0,0.0
64,16,232,233,65,1,0,2,0,0.6666666666666666,0.0,0.0,0.0
64,16,232,233,66,1,0,1,0,0.5,0.0,0.0,0.0
64,16,240,241,63,2,0,5,0,1.4285714285714286,0.0,0.0,0.0
64,16,240,241,64,2,0,4,0,1.3333333333333333,0.0,0.0,0.0
64,16,240,241,65,2,0,3,0,1.2,0.0,0.0,0.0
64,16,240,241,66,2,0,2,0,1.0,0.0,0.0,0.0
64,16,240,241,67,2,0,1,0,0.6666666666666666,0.0,0.0,0.0
64,16,240,241,68,2,0,1,0,0.6666666666666666,0.0,0.0,0.0
64,16,240,241,69,2,0,1,0,0.6666666666666666,0.0,0.0,0.0
64,16,240,241,70,2,0,1,0,0.6666666666666666,0.0,0.0,0.0
64,16,240,241,71,2,0,1,0,0.6666666666666666,0.0,0.0,0.0
64,16,240,241,72,2,0,1,0,0.6666666666666666,0.0,0.0,0.0
64,16,240,241,73,2,0,1,0,0.6666666666666666,0.0,0.0,0.0
64,16,240,241,74,2,0,1,0,0.6666666666666666,0.0,0.0,0.0
64,16,240,241,75,2,0,1,0,0.6666666666666666,0.0,0.0,0.0
64,16,248,249,63,2,0,5,0,1.4285714285714286,0.0,0.0,0.0
64,16,248,249,64,2,0,4,0,1.3333333333333333,0.0,0.0,0.0
64,16,248,249,65,2,0,3,0,1.2,0.0,0.0,0.0
64,16,248,249,66,2,0,2,0,1.0,0.0,0.0,0.0
64,16,248,249,67,2,0,1,0,0.6666666666666666,0.0,0.0,0.0
64,16,248,249,68,2,0,1,0,0.6666666666666666,0.0,0.0,0.0
64,16,248,249,69,2,0,1,0,0.6666666666666666,0.0,0.0,0.0
64,16,248,249,70,2,0,1,0,0.6666666666666666,0.0,0.0,0.0
64,16,248,249,71,2,0,1,0,0.6666666666666666,0.0,0.0,0.0
64,16,248,249,72,2,0,1,0,0.6666666666666666,0.0,0.0,0.0
64,16,248,249,73,2,0,1,0,0.6666666666666666,0.0,0.0,0.0
64,16,248,249,74,2,0,1,0,0.6666666666666666,0.0,0.0,0.0
64,16,248,249,75,2,0,1,0,0.6666666666666666,0.0,0.0,0.0
64,16,248,249,76,2,0,1,0,0.6666666666666666,0.0,0.0,0.0
64,17,32,33,25,8,7,2,0,1.6,0.875,0.0,0.875
64,17,32,33,26,4,1,10,0,2.857142857142857,0.25,0.0,0.25
64,17,40,41,28,1,0,1,0,0.5,0.0,0.0,0.0
64,17,40,41,29,7,5,1,0,0.875,0.7142857142857143,0.0,0.7142857142857143
64,17,40,41,30,1,0,5,0,0.8333333333333334,0.0,0.0,0.0
64,17,40,41,31,7,3,3,0,2.1,0.42857142857142855,0.0,0.42857142857142855
64,17,40,41,32,1,0,7,0,0.875,0.0,0.0,0.0
64,17,40,41,33,2,1,5,0,1.4285714285714286,0.5,0.0,0.5
64,17,48,49,34,1,0,3,0,0.75,0.0,0.0,0.0
64,17,48,49,35,2,0,3,0,1.2,0.0,0.0,0.0
64,17,56,57,29,1,0,2,0,0.6666666666666666,0.0,0.0,0.0
64,17,56,57,30,2,0,2,0,1.0,0.0,0.0,0.0
64,17,56,57,31,1,0,3,0,0.75,0.0,0.0,0.0
64,17,56,57,32,1,0,3,0,0.75,0.0,0.0,0.0
64,17,56,57,33,1,0,2,0,0.6666666666666666,0.0,0.0,0.0
64,17,56,57,35,2,0,2,0,1.0,0.0,0.0,0.0
64,17,56,57,36,1,0,5,0,0.8333333333333334,0.0,0.0,0.0
64,17,56,57,37,2,0,5,0,1.4285714285714286,0.0,0.0,0.0
64,17,64,65,25,2,0,4,0,1.3333333333333333,0.0,0.0,0.0
64,17,64,65,26,2,0,4,0,1.3333333333333333,0.0,0.0,0.0
64,17,64,65,28,3,0,5,0,1.875,0.0,0.0,0.0
64,17,64,65,30,2,0,6,0,1.5,0.0,0.0,0.0
64,17,64,65,32,2,0,5,0,1.4285714285714286,0.0,0.0,0.0
64,17,72,73,20,1,0,1,0,0.5,0.0,0.0,0.0
64,17,72,73,21,2,0,2,0,1.0,0.0,0.0,0.0
64,17,72,73,22,3,0,3,0,1.5,0.0,0.0,0.0
64,17,72,73,24,3,0,6,0,2.0,0.0,0.0,0.0
64,17,72,73,25,2,0,7,0,1.5555555555555556,0.0,0.0,0.0
64,17,72,73,26,3,0,7,0,2.1,0.0,0.0,0.0
64,17,72,73,28,4,0,9,0,2.769230769230769,0.0,0.0,0.0
64,17,72,73,29,2,0,12,0,1.7142857142857142,0.0,0.0,0.0
64,17,80,81,11,1,0,1,0,0.5,0.0,0.0,0.0
64,17,80,81,12,2,0,1,0,0.6666666666666666,0.0,0.0,0.0
64,17,80,81,13,2,0,1,0,0.6666666666666666,0.0,0.0,0.0
64,17,80,81,14,2,0,1,0,0.6666666666666666,0.0,0.0,0.0
64,17,80,81,15,1,0,1,0,0.5,0.0,0.0,0.0
64,17,80,81,16,1,0,1,0,0.5,0.0,0.0,0.0
64,17,80,81,18,2,0,1,0,0.6666666666666666,0.0,0.0,0.0
64,17,80,81,19,1,0,2,0,0.6666666666666666,0.0,0.0,0.0
64,17,80,81,20,1,0,3,0,0.75,0.0,0.0,0.0
64,17,80,81,21,1,0,5,0,0.8333333333333334,0.0,0.0,0.0
64,17,80,81,22,1,0,6,0,0.8571428571428571,0.0,0.0,0.0
64,17,80,81,24,1,0,9,0,0.9,0.0,0.0,0.0
64,17,80,81,26,2,0,12,0,1.7142857142857142,0.0,0.0,0.0
64,17,88,89,8,3,0,2,0,1.2,0.0,0.0,0.0
64,17,88,89,9,2,0,4,0,1.3333333333333333,0.0,0.0,0.0
64,17,88,89,10,5,1,4,0,2.2222222222222223,0.2,0.0,0.2
64,17,88,89,12,1,0,6,0,0.8571428571428571,0.0,0.0,0.0
64,17,88,89,14,1,0,5,0,0.8333333333333334,0.0,0.0,0.0
64,17,88,89,19,2,0,4,0,1.3333333333333333,0.0,0.0,0.0
64,17,88,89,20,2,0,4,0,1.3333333333333333,0.0,0.0,0.0
64,17,88,89,22,2,0,7,0,1.5555555555555556,0.0,0.0,0.0
64,17,88,89,23,1,0,9,0,0.9,0.0,0.0,0.0
64,17,88,89,24,2,0,10,0,1.6666666666666667,0.0,0.0,0.0
64,17,96,97,4,4,1,2,0,1.3333333333333333,0.25,0.0,0.25
64,17,96,97,6,1,1,8,0,0.8888888888888888,1.0,0.0,1.0
64,17,96,97,8,1,1,10,0,0.9090909090909091,1.0,0.0,1.0
64,17,96,97,10,1,0,10,0,0.9090909090909091,0.0,0.0,0.0
64,17,96,97,11,1,0,10,0,0.9090909090909091,0.0,0.0,0.0
64,17,96,97,12,3,0,8,0,2.1818181818181817,0.0,0.0,0.0
64,17,96,97,14,1,0,6,0,0.8571428571428571,0.0,0.0,0.0
64,17,104,105,1,1,0,2,0,0.6666666666666666,0.0,0.0,0.0
64,17,104,105,2,2,0,3,0,1.2,0.0,0.0,0.0
64,17,104,105,4,1,0,6,0,0.8571428571428571,0.0,0.0,0.0
64,17,104,105,5,1,0,7,0,0.875,0.0,0.0,0.0
64,17,104,105,7,1,0,10,0,0.9090909090909091,0.0,0.0,0.0
64,17,104,105,8,1,1,11,0,0.9166666666666666,1.0,0.0,1.0
64,17,104,105,10,1,0,11,0,0.9166666666666666,0.0,0.0,0.0
64,17,104,105,12,1,0,12,0,0.9230769230769231,0.0,0.0,0.0
64,17,104,105,13,1,0,11,0,0.9166666666666666,0.0,0.0,0.0
64,17,104,105,14,3,0,8,0,2.1818181818181817,0.0,0.0,0.0
64,17,104,105,15,2,0,6,0,1.5,0.0,0.0,0.0
64,17,104,105,16,2,0,6,0,1.5,0.0,0.0,0.0
64,17,104,105,17,1,0,5,0,0.8333333333333334,0.0,0.0,0.0
64,17,104,105,18,2,0,5,0,1.4285714285714286,0.0,0.0,0.0
64,17,104,105,19,2,0,6,0,1.5,0.0,0.0,0.0
64,17,112,113,2,2,1,5,0,1.4285714285714286,0.5,0.0,0.5
64,17,112,113,4,2,0,7,0,1.5555555555555556,0.0,0.0,0.0
64,17,112,113,6,1,0,10,0,0.9090909090909091,0.0,0.0,0.0
64,17,112,113,8,1,0,12,0,0.9230769230769231,0.0,0.0,0.0
64,17,112,113,9,1,0,12,0,0.9230769230769231,0.0,0.0,0.0
64,17,112,113,10,1,0,12,0,0.9230769230769231,0.0,0.0,0.0
64,17,112,113,12,2,0,13,0,1.7333333333333334,0.0,0.0,0.0
64,17,112,113,13,2,0,13,0,1.7333333333333334,0.0,0.0,0.0
64,17,120,121,4,1,0,10,0,0.9090909090909091,0.0,0.0,0.0
64,17,120,121,5,1,0,11,0,0.9166666666666666,0.0,0.0,0.0
64,17,120,121,6,2,0,11,0,1.6923076923076923,0.0,0.0,0.0
64,17,120,121,8,3,0,13,0,2.4375,0.0,0.0,0.0
64,17,120,121,9,1,0,14,0,0.9333333333333333,0.0,0.0,0.0
64,17,120,121,10,2,0,13,0,1.7333333333333334,0.0,0.0,0.0
64,17,120,121,11,2,0,14,0,1.75,0.0,0.0,0.0
64,17,128,129,6,1,0,14,0,0.9333333333333333,0.0,0.0,0.0
64,17,128,129,8,3,0,15,0,2.5,0.0,0.0,0.0
64,18,16,17,14,8,5,3,0,2.1818181818181817,0.625,0.0,0.625
64,18,16,17,15,10,4,11,0,5.238095238095238,0.4,0.0,0.4
64,18,24,25,18,1,1,1,0,0.5,1.0,0.0,1.0
64,18,24,25,19,13,11,1,1,0.9285714285714286,0.8461538461538461,1.0,-0.15384615384615385
64,18,24,25,20,5,1,13,0,3.611111111111111,0.2,0.0,0.2
64,18,24,25,21,1,0,17,0,0.9444444444444444,0.0,0.0,0.0
64,18,32,33,24,4,0,3,0,1.7142857142857142,0.0,0.0,0.0
64,18,32,33,25,8,7,5,0,3.076923076923077,0.875,0.0,0.875
64,18,32,33,26,5,1,10,0,3.3333333333333335,0.2,0.0,0.2
64,18,40,41,3,2,0,2,0,1.0,0.0,0.0,0.0
64,18,40,41,4,1,0,5,0,0.8333333333333334,0.0,0.0,0.0
64,18,40,41,5,3,0,6,0,2.0,0.0,0.0,0.0
64,18,40,41,7,2,0,9,0,1.6363636363636365,0.0,0.0,0.0
64,18,40,41,9,3,0,8,0,2.1818181818181817,0.0,0.0,0.0
64,18,40,41,10,1,0,10,0,0.9090909090909091,0.0,0.0,0.0
64,18,40,41,11,3,0,9,0,2.25,0.0,0.0,0.0
64,18,40,41,13,1,0,8,0,0.8888888888888888,0.0,0.0,0.0
64,18,40,41,15,1,0,7,0,0.875,0.0,0.0,0.0
64,18,40,41,20,1,0,3,0,0.75,0.0,0.0,0.0
64,18,40,41,26,1,0,1,0,0.5,0.0,0.0,0.0
64,18,40,41,27,2,2,1,0,0.6666666666666666,1.0,0.0,1.0
64,18,40,41,29,2,1,1,1,0.6666666666666666,0.5,1.0,-0.5
64,18,40,41,30,1,0,2,0,0.6666666666666666,0.0,0.0,0.0
64,18,40,41,31,9,7,3,0,2.25,0.7777777777777778,0.0,0.7777777777777778
64,18,40,41,32,4,1,12,0,3.0,0.25,0.0,0.25
64,18,48,49,1,2,0,2,0,1.0,0.0,0.0,0.0
64,18,48,49,3,2,1,7,0,1.5555555555555556,0.5,0.0,0.5
64,18,48,49,5,1,0,10,0,0.9090909090909091,0.0,0.0,0.0
64,18,48,49,7,1,0,13,0,0.9285714285714286,0.0,0.0,0.0
64,18,48,49,9,1,0,16,0,0.9411764705882353,0.0,0.0,0.0
64,18,48,49,11,4,1,13,0,3.0588235294117645,0.25,0.0,0.25
64,18,48,49,13,2,0,10,0,1.6666666666666667,0.0,0.0,0.0
64,18,48,49,23,3,0,2,0,1.2,0.0,0.0,0.0
64,18,48,49,24,3,0,1,0,0.75,0.0,0.0,0.0
64,18,48,49,33,1,1,1,0,0.5,1.0,0.0,1.0
64,18,48,49,34,3,1,2,0,1.2,0.3333333333333333,0.0,0.3333333333333333
64,18,48,49,35,11,7,5,0,3.4375,0.6363636363636364,0.0,0.6363636363636364
64,18,48,49,36,6,0,14,0,4.2,0.0,0.0,0.0
64,18,48,49,37,5,3,18,0,3.9130434782608696,0.6,0.0,0.6
64,18,56,57,3,2,0,9,0,1.6363636363636365,0.0,0.0,0.0
64,18,56,57,5,2,0,12,0,1.7142857142857142,0.0,0.0,0.0
64,18,56,57,13,3,0,18,0,2.5714285714285716,0.0,0.0,0.0
64,18,56,57,14,3,0,15,0,2.5,0.0,0.0,0.0
64,18,56,57,15,5,0,10,0,3.3333333333333335,0.0,0.0,0.0
64,18,56,57,27,2,0,8,0,1.6,0.0,0.0,0.0
64,18,56,57,28,1,0,8,0,0.8888888888888888,0.0,0.0,0.0
64,18,56,57,29,6,0,3,0,2.0,0.0,0.0,0.0
64,18,56,57,30,5,0,1,0,0.8333333333333334,0.0,0.0,0.0
64,18,56,57,38,3,0,6,0,2.0,0.0,0.0,0.0
64,18,56,57,39,3,2,8,0,2.1818181818181817,0.6666666666666666,0.0,0.6666666666666666
64,18,56,57,40,1,0,10,0,0.9090909090909091,0.0,0.0,0.0
64,18,56,57,41,6,5,9,0,3.6,0.8333333333333334,0.0,0.8333333333333334
64,18,56,57,42,2,0,12,0,1.7142857142857142,0.0,0.0,0.0
64,18,56,57,43,8,4,11,0,4.631578947368421,0.5,0.0,0.5
64,18,64,65,15,1,0,20,0,0.9523809523809523,0.0,0.0,0.0
64,18,64,65,16,1,0,19,0,0.95,0.0,0.0,0.0
64,18,64,65,17,4,0,14,0,3.111111111111111,0.0,0.0,0.0
64,18,64,65,18,3,0,11,0,2.357142857142857,0.0,0.0,0.0
64,18,64,65,19,5,0,6,0,2.727272727272727,0.0,0.0,0.0
64,18,64,65,20,1,0,5,0,0.8333333333333334,0.0,0.0,0.0
64,18,64,65,21,1,0,3,0,0.75,0.0,0.0,0.0
64,18,64,65,30,1,0,12,0,0.9230769230769231,0.0,0.0,0.0
64,18,64,65,31,2,0,12,0,1.7142857142857142,0.0,0.0,0.0
64,18,64,65,32,5,0,9,0,3.2142857142857144,0.0,0.0,0.0
64,18,64,65,33,12,0,2,0,1.7142857142857142,0.0,0.0,0.0
64,18,64,65,34,2,0,1,0,0.6666666666666666,0.0,0.0,0.0
64,18,64,65,40,1,0,4,0,0.8,0.0,0.0,0.0
64,18,64,65,41,2,1,4,0,1.3333333333333333,0.5,0.0,0.5
64,18,64,65,45,10,10,2,0,1.6666666666666667,1.0,0.0,1.0
64,18,64,65,46,3,0,10,0,2.3076923076923075,0.0,0.0,0.0
64,18,64,65,47,2,1,12,0,1.7142857142857142,0.5,0.0,0.5
64,18,64,65,48,1,0,13,0,0.9285714285714286,0.0,0.0,0.0
64,18,72,73,19,4,0,15,0,3.1578947368421053,0.0,0.0,0.0
64,18,72,73,20,1,0,15,0,0.9375,0.0,0.0,0.0
64,18,72,73,21,11,1,5,0,3.4375,0.09090909090909091,0.0,0.09090909090909091
64,18,72,73,22,1,0,7,0,0.875,0.0,0.0,0.0
64,18,72,73,23,2,0,6,0,1.5,0.0,0.0,0.0
64,18,72,73,24,2,0,7,0,1.5555555555555556,0.0,0.0,0.0
64,18,72,73,25,2,0,8,0,1.6,0.0,0.0,0.0
64,18,72,73,27,1,0,10,0,0.9090909090909091,0.0,0.0,0.0
64,18,72,73,33,1,0,17,0,0.9444444444444444,0.0,0.0,0.0
64,18,72,73,35,13,1,9,0,5.318181818181818,0.07692307692307693,0.0,0.07692307692307693
64,18,72,73,36,1,0,12,0,0.9230769230769231,0.0,0.0,0.0
64,18,72,73,37,8,1,6,0,3.4285714285714284,0.125,0.0,0.125
64,18,72,73,38,1,0,8,0,0.8888888888888888,0.0,0.0,0.0
64,18,72,73,39,5,0,5,0,2.5,0.0,0.0,0.0
64,18,72,73,40,2,0,5,0,1.4285714285714286,0.0,0.0,0.0
64,18,72,73,43,3,2,2,0,1.2,0.6666666666666666,0.0,0.6666666666666666
64,18,72,73,48,5,0,3,0,1.875,0.0,0.0,0.0
64,18,72,73,49,4,1,5,0,2.2222222222222223,0.25,0.0,0.25
64,18,72,73,50,2,0,7,0,1.5555555555555556,0.0,0.0,0.0
64,18,72,73,51,1,0,7,0,0.875,0.0,0.0,0.0
64,18,80,81,23,5,0,12,0,3.5294117647058822,0.0,0.0,0.0
64,18,80,81,25,2,0,11,0,1.6923076923076923,0.0,0.0,0.0
64,18,80,81,29,1,0,12,0,0.9230769230769231,0.0,0.0,0.0
64,18,80,81,37,7,0,16,0,4.869565217391305,0.0,0.0,0.0
64,18,80,81,38,1,0,16,0,0.9411764705882353,0.0,0.0,0.0
64,18,80,81,39,4,1,12,0,3.0,0.25,0.0,0.25
64,18,80,81,40,1,0,13,0,0.9285714285714286,0.0,0.0,0.0
64,18,80,81,41,3,0,11,0,2.357142857142857,0.0,0.0,0.0
64,18,80,81,42,1,0,11,0,0.9166666666666666,0.0,0.0,0.0
64,18,80,81,43,5,0,8,0,3.076923076923077,0.0,0.0,0.0
64,18,80,81,44,6,0,4,0,2.4,0.0,0.0,0.0
64,18,80,81,45,8,5,1,0,0.8888888888888888,0.625,0.0,0.625
64,18,80,81,50,3,0,1,0,0.75,0.0,0.0,0.0
64,18,80,81,51,3,2,3,0,1.5,0.6666666666666666,0.0,0.6666666666666666
64,18,88,89,25,3,0,13,0,2.4375,0.0,0.0,0.0
64,18,88,89,27,2,0,11,0,1.6923076923076923,0.0,0.0,0.0
64,18,88,89,28,2,0,11,0,1.6923076923076923,0.0,0.0,0.0
64,18,88,89,39,6,0,16,0,4.363636363636363,0.0,0.0,0.0
64,18,88,89,40,1,0,16,0,0.9411764705882353,0.0,0.0,0.0
64,18,88,89,41,1,0,15,0,0.9375,0.0,0.0,0.0
64,18,88,89,46,7,0,8,0,3.7333333333333334,0.0,0.0,0.0
64,18,88,89,47,7,2,3,0,2.1,0.2857142857142857,0.0,0.2857142857142857
64,18,88,89,48,1,0,3,0,0.75,0.0,0.0,0.0
64,18,96,97,41,3,0,18,0,2.5714285714285716,0.0,0.0,0.0
64,18,96,97,42,2,0,16,0,1.7777777777777777,0.0,0.0,0.0
64,18,96,97,43,1,0,15,0,0.9375,0.0,0.0,0.0
64,18,96,97,46,1,0,15,0,0.9375,0.0,0.0,0.0
64,18,96,97,49,8,1,4,0,2.6666666666666665,0.125,0.0,0.125
64,18,104,105,51,3,0,5,0,1.875,0.0,0.0,0.0
64,18,104,105,53,3,1,1,0,0.75,0.3333333333333333,0.0,0.3333333333333333
64,19,16,17,14,3,2,2,0,1.2,0.6666666666666666,0.0,0.6666666666666666
64,19,16,17,15,5,1,5,0,2.5,0.2,0.0,0.2
64,19,24,25,19,3,2,1,0,0.75,0.6666666666666666,0.0,0.6666666666666666
64,19,24,25,20,11,1,3,0,2.357142857142857,0.09090909090909091,0.0,0.09090909090909091
64,19,32,33,25,11,8,1,0,0.9166666666666666,0.7272727272727273,0.0,0.7272727272727273
64,19,32,33,26,2,1,12,0,1.7142857142857142,0.5,0.0,0.5
64,19,40,41,30,2,0,5,0,1.4285714285714286,0.0,0.0,0.0
64,19,48,49,32,1,0,1,0,0.5,0.0,0.0,0.0
64,19,80,81,1,1,0,3,0,0.75,0.0,0.0,0.0
64,19,80,81,3,2,0,9,0,1.6363636363636365,0.0,0.0,0.0
64,19,80,81,4,2,0,12,0,1.7142857142857142,0.0,0.0,0.0
64,19,80,81,5,1,0,15,0,0.9375,0.0,0.0,0.0
64,19,80,81,6,1,0,18,0,0.9473684210526315,0.0,0.0,0.0
64,19,80,81,7,2,0,20,0,1.8181818181818181,0.0,0.0,0.0
64,19,80,81,9,11,1,8,0,4.631578947368421,0.09090909090909091,0.0,0.09090909090909091
64,19,80,81,10,2,0,6,0,1.5,0.0,0.0,0.0
64,19,80,81,11,4,0,1,0,0.8,0.0,0.0,0.0
64,19,88,89,11,4,0,9,0,2.769230769230769,0.0,0.0,0.0
64,19,88,89,12,1,0,6,0,0.8571428571428571,0.0,0.0,0.0
64,19,88,89,13,3,0,2,0,1.2,0.0,0.0,0.0
64,19,96,97,12,2,0,9,0,1.6363636363636365,0.0,0.0,0.0
64,19,96,97,13,2,0,6,0,1.5,0.0,0.0,0.0
64,19,96,97,14,2,0,4,0,1.3333333333333333,0.0,0.0,0.0
64,19,96,97,15,2,0,2,0,1.0,0.0,0.0,0.0
64,19,96,97,16,2,0,1,0,0.6666666666666666,0.0,0.0,0.0
64,19,96,97,17,2,0,1,0,0.6666666666666666,0.0,0.0,0.0
64,19,96,97,18,2,0,1,0,0.6666666666666666,0.0,0.0,0.0
64,19,104,105,14,2,0,8,0,1.6,0.0,0.0,0.0
64,19,104,105,15,1,0,7,0,0.875,0.0,0.0,0.0
64,19,104,105,16,2,0,6,0,1.5,0.0,0.0,0.0
64,19,104,105,17,2,0,6,0,1.5,0.0,0.0,0.0
64,19,104,105,18,1,0,7,0,0.875,0.0,0.0,0.0
64,19,104,105,19,4,0,5,0,2.2222222222222223,0.0,0.0,0.0
64,19,104,105,20,2,0,5,0,1.4285714285714286,0.0,0.0,0.0
64,19,104,105,21,3,0,4,0,1.7142857142857142,0.0,0.0,0.0
64,19,104,105,22,2,0,4,0,1.3333333333333333,0.0,0.0,0.0
64,19,104,105,23,5,0,1,0,0.8333333333333334,0.0,0.0,0.0
64,19,104,105,24,2,0,1,0,0.6666666666666666,0.0,0.0,0.0
64,19,112,113,23,3,0,11,0,2.357142857142857,0.0,0.0,0.0
64,19,112,113,24,1,0,11,0,0.9166666666666666,0.0,0.0,0.0
64,19,112,113,25,3,2,9,0,2.25,0.6666666666666666,0.0,0.6666666666666666
64,19,112,113,26,1,0,9,0,0.9,0.0,0.0,0.0
64,19,112,113,27,3,0,6,0,2.0,0.0,0.0,0.0
64,19,112,113,28,2,0,3,0,1.2,0.0,0.0,0.0
64,19,120,121,25,3,0,11,0,2.357142857142857,0.0,0.0,0.0
64,19,120,121,26,1,0,11,0,0.9166666666666666,0.0,0.0,0.0
64,19,120,121,27,3,1,8,0,2.1818181818181817,0.3333333333333333,0.0,0.3333333333333333
64,19,120,121,29,2,0,4,0,1.3333333333333333,0.0,0.0,0.0
64,19,120,121,30,1,0,3,0,0.75,0.0,0.0,0.0
64,19,120,121,31,2,0,1,0,0.6666666666666666,0.0,0.0,0.0
64,19,128,129,27,2,0,11,0,1.6923076923076923,0.0,0.0,0.0
64,19,128,129,28,1,0,9,0,0.9,0.0,0.0,0.0
64,19,128,129,29,3,1,5,0,1.875,0.3333333333333333,0.0,0.3333333333333333
64,19,128,129,31,2,0,1,0,0.6666666666666666,0.0,0.0,0.0
64,20,24,25,20,1,0,2,0,0.6666666666666666,0.0,0.0,0.0
64,20,56,57,6,3,0,1,0,0.75,0.0,0.0,0.0
64,20,56,57,7,2,0,4,0,1.3333333333333333,0.0,0.0,0.0
64,20,56,57,8,4,0,3,0,1.7142857142857142,0.0,0.0,0.0
64,20,56,57,9,4,0,1,0,0.8,0.0,0.0,0.0
64,20,64,65,4,2,0,3,0,1.2,0.0,0.0,0.0
64,20,64,65,5,2,0,5,0,1.4285714285714286,0.0,0.0,0.0
64,20,64,65,6,2,0,7,0,1.5555555555555556,0.0,0.0,0.0
64,20,64,65,8,2,0,9,0,1.6363636363636365,0.0,0.0,0.0
64,20,64,65,9,2,0,11,0,1.6923076923076923,0.0,0.0,0.0
64,20,64,65,10,2,1,13,0,1.7333333333333334,0.5,0.0,0.5
64,20,64,65,12,4,0,12,0,3.0,0.0,0.0,0.0
64,20,64,65,13,3,0,11,0,2.357142857142857,0.0,0.0,0.0
64,20,64,65,14,4,0,7,0,2.5454545454545454,0.0,0.0,0.0
64,20,64,65,16,3,0,2,0,1.2,0.0,0.0,0.0
64,20,64,65,17,1,0,1,0,0.5,0.0,0.0,0.0
64,20,72,73,3,2,0,4,0,1.3333333333333333,0.0,0.0,0.0
64,20,72,73,4,2,1,7,0,1.5555555555555556,0.5,0.0,0.5
64,20,72,73,6,1,0,11,0,0.9166666666666666,0.0,0.0,0.0
64,20,72,73,8,1,0,14,0,0.9333333333333333,0.0,0.0,0.0
64,20,72,73,9,1,0,16,0,0.9411764705882353,0.0,0.0,0.0
64,20,72,73,10,1,0,17,0,0.9444444444444444,0.0,0.0,0.0
64,20,72,73,14,2,0,13,0,1.7333333333333334,0.0,0.0,0.0
64,20,72,73,15,2,0,10,0,1.6666666666666667,0.0,0.0,0.0
64,20,72,73,16,3,1,6,0,2.0,0.3333333333333333,0.0,0.3333333333333333
64,20,72,73,18,2,1,2,0,1.0,0.5,0.0,0.5
64,20,80,81,1,2,0,2,0,1.0,0.0,0.0,0.0
64,20,80,81,2,2,0,5,0,1.4285714285714286,0.0,0.0,0.0
64,20,80,81,4,1,0,9,0,0.9,0.0,0.0,0.0
64,20,80,81,6,1,0,12,0,0.9230769230769231,0.0,0.0,0.0
64,20,80,81,8,3,0,15,0,2.5,0.0,0.0,0.0
64,20,80,81,18,3,0,4,0,1.7142857142857142,0.0,0.0,0.0
64,20,88,89,4,2,0,11,0,1.6923076923076923,0.0,0.0,0.0
64,20,88,89,5,1,0,13,0,0.9285714285714286,0.0,0.0,0.0
64,20,88,89,6,1,0,15,0,0.9375,0.0,0.0,0.0
64,20,88,89,7,2,0,16,0,1.7777777777777777,0.0,0.0,0.0
64,21,24,25,20,2,0,2,0,1.0,0.0,0.0,0.0
64,21,24,25,21,2,1,2,0,1.0,0.5,0.0,0.5
64,21,32,33,26,4,2,1,0,0.8,0.5,0.0,0.5
64,21,48,49,23,1,0,1,0,0.5,0.0,0.0,0.0
64,21,56,57,15,3,0,2,0,1.2,0.0,0.0,0.0
64,21,56,57,16,6,0,3,0,2.0,0.0,0.0,0.0
64,21,64,65,11,2,0,5,0,1.4285714285714286,0.0,0.0,0.0
64,21,64,65,12,6,0,6,0,3.0,0.0,0.0,0.0
64,21,64,65,13,3,0,10,0,2.3076923076923075,0.0,0.0,0.0
64,21,64,65,14,1,0,11,0,0.9166666666666666,0.0,0.0,0.0
64,21,72,73,8,5,0,4,0,2.2222222222222223,0.0,0.0,0.0
64,21,72,73,9,1,0,10,0,0.9090909090909091,0.0,0.0,0.0
64,21,72,73,10,5,0,10,0,3.3333333333333335,0.0,0.0,0.0
64,21,72,73,12,2,0,16,0,1.7777777777777777,0.0,0.0,0.0
64,21,72,73,14,2,0,13,0,1.7333333333333334,0.0,0.0,0.0
64,21,80,81,5,3,0,1,0,0.75,0.0,0.0,0.0
64,21,80,81,6,3,0,4,0,1.7142857142857142,0.0,0.0,0.0
64,21,80,81,7,1,0,8,0,0.8888888888888888,0.0,0.0,0.0
64,21,80,81,8,4,2,10,0,2.857142857142857,0.5,0.0,0.5
64,21,80,81,9,1,0,15,0,0.9375,0.0,0.0,0.0
64,21,88,89,3,2,0,2,0,1.0,0.0,0.0,0.0
64,21,88,89,4,1,1,5,0,0.8333333333333334,1.0,0.0,1.0
64,21,88,89,5,1,0,7,0,0.875,0.0,0.0,0.0
64,21,88,89,6,3,1,9,0,2.25,0.3333333333333333,0.0,0.3333333333333333
64,21,88,89,8,1,0,14,0,0.9333333333333333,0.0,0.0,0.0
64,21,96,97,2,1,0,3,0,0.75,0.0,0.0,0.0
64,21,96,97,3,1,0,5,0,0.8333333333333334,0.0,0.0,0.0
64,21,96,97,4,3,0,7,0,2.1,0.0,0.0,0.0
64,21,96,97,6,1,0,12,0,0.9230769230769231,0.0,0.0,0.0
64,21,104,105,2,3,0,5,0,1.875,0.0,0.0,0.0
64,21,104,105,4,2,0,10,0,1.6666666666666667,0.0,0.0,0.0
64,21,104,105,6,1,0,13,0,0.9285714285714286,0.0,0.0,0.0
64,22,16,17,14,6,3,3,0,2.0,0.5,0.0,0.5
64,22,16,17,15,21,11,8,0,5.793103448275862,0.5238095238095238,0.0,0.5238095238095238
64,22,24,25,19,10,10,2,0,1.6666666666666667,1.0,0.0,1.0
64,22,24,25,20,26,9,9,0,6.685714285714286,0.34615384615384615,0.0,0.34615384615384615
64,22,24,25,21,2,0,38,0,1.9,0.0,0.0,0.0
64,22,32,33,23,10,8,1,0,0.9090909090909091,0.8,0.0,0.8
64,22,32,33,24,11,3,10,0,5.238095238095238,0.2727272727272727,0.0,0.2727272727272727
64,22,32,33,25,24,16,21,1,11.2,0.6666666666666666,0.047619047619047616,0.6190476190476191
64,22,32,33,26,15,4,41,0,10.982142857142858,0.26666666666666666,0.0,0.26666666666666666
64,22,40,41,13,1,0,4,0,0.8,0.0,0.0,0.0
64,22,40,41,14,1,0,5,0,0.8333333333333334,0.0,0.0,0.0
64,22,40,41,15,2,0,5,0,1.4285714285714286,0.0,0.0,0.0
64,22,40,41,17,1,0,7,0,0.875,0.0,0.0,0.0
64,22,40,41,19,1,0,8,0,0.8888888888888888,0.0,0.0,0.0
64,22,40,41,21,1,0,9,0,0.9,0.0,0.0,0.0
64,22,40,41,23,2,1,10,0,1.6666666666666667,0.5,0.0,0.5
64,22,40,41,24,3,0,8,0,2.1818181818181817,0.0,0.0,0.0
64,22,40,41,25,6,0,3,0,2.0,0.0,0.0,0.0
64,22,40,41,28,4,0,2,1,1.3333333333333333,0.0,0.5,-0.5
64,22,40,41,29,19,13,4,0,3.3043478260869565,0.6842105263157895,0.0,0.6842105263157895
64,22,40,41,30,12,3,17,0,7.0344827586206895,0.25,0.0,0.25
64,22,40,41,31,22,4,22,0,11.0,0.18181818181818182,0.0,0.18181818181818182
64,22,40,41,32,1,1,41,0,0.9761904761904762,1.0,0.0,1.0
64,22,48,49,1,1,0,2,0,0.6666666666666666,0.0,0.0,0.0
64,22,48,49,3,5,0,2,0,1.4285714285714286,0.0,0.0,0.0
64,22,48,49,5,6,0,4,0,2.4,0.0,0.0,0.0
64,22,48,49,6,2,0,6,0,1.5,0.0,0.0,0.0
64,22,48,49,7,2,0,6,0,1.5,0.0,0.0,0.0
64,22,48,49,8,3,0,6,0,2.0,0.0,0.0,0.0
64,22,48,49,9,2,0,7,0,1.5555555555555556,0.0,0.0,0.0
64,22,48,49,10,2,0,8,0,1.6,0.0,0.0,0.0
64,22,48,49,11,6,0,8,0,3.4285714285714284,0.0,0.0,0.0
64,22,48,49,12,2,0,15,0,1.7647058823529411,0.0,0.0,0.0
64,22,48,49,13,7,0,13,0,4.55,0.0,0.0,0.0
64,22,48,49,14,4,0,14,0,3.111111111111111,0.0,0.0,0.0
64,22,48,49,15,3,0,13,0,2.4375,0.0,0.0,0.0
64,22,48,49,17,7,0,10,0,4.117647058823529,0.0,0.0,0.0
64,22,48,49,20,1,0,12,0,0.9230769230769231,0.0,0.0,0.0
64,22,48,49,21,1,0,12,0,0.9230769230769231,0.0,0.0,0.0
64,22,48,49,23,2,1,12,0,1.7142857142857142,0.5,0.0,0.5
64,22,48,49,25,4,0,13,0,3.0588235294117645,0.0,0.0,0.0
64,22,48,49,26,2,0,15,0,1.7647058823529411,0.0,0.0,0.0
64,22,48,49,27,4,0,14,0,3.111111111111111,0.0,0.0,0.0
64,22,48,49,28,1,0,14,0,0.9333333333333333,0.0,0.0,0.0
64,22,48,49,29,6,0,10,0,3.75,0.0,0.0,0.0
64,22,48,49,30,5,0,7,0,2.9166666666666665,0.0,0.0,0.0
64,22,48,49,31,5,3,7,0,2.9166666666666665,0.6,0.0,0.6
64,22,48,49,32,4,0,8,0,2.6666666666666665,0.0,0.0,0.0
64,22,48,49,33,20,12,8,0,5.714285714285714,0.6,0.0,0.6
64,22,48,49,34,2,0,21,0,1.826086956521739,0.0,0.0,0.0
64,22,48,49,35,8,5,17,0,5.44,0.625,0.0,0.625
64,22,48,49,36,2,0,19,0,1.8095238095238095,0.0,0.0,0.0
64,22,48,49,37,6,4,14,1,4.2,0.6666666666666666,0.07142857142857142,0.5952380952380952
64,22,48,49,39,1,1,13,0,0.9285714285714286,1.0,0.0,1.0
64,22,56,57,10,1,0,16,0,0.9411764705882353,0.0,0.0,0.0
64,22,56,57,17,3,0,20,0,2.608695652173913,0.0,0.0,0.0
64,22,56,57,18,2,0,18,0,1.8,0.0,0.0,0.0
64,22,56,57,19,1,0,19,0,0.95,0.0,0.0,0.0
64,22,56,57,20,1,0,20,0,0.9523809523809523,0.0,0.0,0.0
64,22,56,57,21,1,0,21,0,0.9545454545454546,0.0,0.0,0.0
64,22,56,57,22,1,0,22,0,0.9565217391304348,0.0,0.0,0.0
64,22,56,57,23,1,0,23,0,0.9583333333333334,0.0,0.0,0.0
64,22,56,57,24,1,0,23,0,0.9583333333333334,0.0,0.0,0.0
64,22,56,57,25,1,0,24,0,0.96,0.0,0.0,0.0
64,22,56,57,26,1,0,23,0,0.9583333333333334,0.0,0.0,0.0
64,22,56,57,27,1,0,21,0,0.9545454545454546,0.0,0.0,0.0
64,22,56,57,28,1,0,19,0,0.95,0.0,0.0,0.0
64,22,56,57,29,2,0,17,0,1.7894736842105263,0.0,0.0,0.0
64,22,56,57,31,1,0,16,0,0.9411764705882353,0.0,0.0,0.0
64,22,56,57,32,4,0,11,0,2.933333333333333,0.0,0.0,0.0
64,22,56,57,33,5,2,8,0,3.076923076923077,0.4,0.0,0.4
64,22,56,57,34,3,0,8,0,2.1818181818181817,0.0,0.0,0.0
64,22,56,57,35,10,6,5,0,3.3333333333333335,0.6,0.0,0.6
64,22,56,57,36,3,0,7,0,2.1,0.0,0.0,0.0
64,22,56,57,37,7,2,3,0,2.1,0.2857142857142857,0.0,0.2857142857142857
64,22,56,57,38,2,0,3,0,1.2,0.0,0.0,0.0
64,22,56,57,40,1,0,1,0,0.5,0.0,0.0,0.0
64,22,56,57,41,3,2,2,0,1.2,0.6666666666666666,0.0,0.6666666666666666
64,22,56,57,42,9,0,5,0,3.2142857142857144,0.0,0.0,0.0
64,22,56,57,43,1,1,15,1,0.9375,1.0,0.06666666666666667,0.9333333333333333
64,22,56,57,44,2,1,16,0,1.7777777777777777,0.5,0.0,0.5
64,22,56,57,45,3,2,17,0,2.55,0.6666666666666666,0.0,0.6666666666666666
64,22,64,65,13,1,0,23,0,0.9583333333333334,0.0,0.0,0.0
64,22,64,65,14,1,0,25,0,0.9615384615384616,0.0,0.0,0.0
64,22,64,65,15,3,0,24,0,2.6666666666666665,0.0,0.0,0.0
64,22,64,65,16,1,0,24,0,0.96,0.0,0.0,0.0
64,22,64,65,17,2,0,23,0,1.84,0.0,0.0,0.0
64,22,64,65,21,1,0,24,0,0.96,0.0,0.0,0.0
64,22,64,65,22,1,0,24,0,0.96,0.0,0.0,0.0
64,22,64,65,23,1,0,25,0,0.9615384615384616,0.0,0.0,0.0
64,22,64,65,25,3,0,26,0,2.689655172413793,0.0,0.0,0.0
64,22,64,65,27,3,2,23,0,2.6538461538461537,0.6666666666666666,0.0,0.6666666666666666
64,22,64,65,28,1,0,22,0,0.9565217391304348,0.0,0.0,0.0
64,22,64,65,29,5,1,20,0,4.0,0.2,0.0,0.2
64,22,64,65,31,6,0,17,0,4.434782608695652,0.0,0.0,0.0
64,22,64,65,33,3,1,14,0,2.4705882352941178,0.3333333333333333,0.0,0.3333333333333333
64,22,64,65,34,1,0,14,0,0.9333333333333333,0.0,0.0,0.0
64,22,64,65,35,2,0,12,0,1.7142857142857142,0.0,0.0,0.0
64,22,64,65,36,2,0,11,0,1.6923076923076923,0.0,0.0,0.0
64,22,64,65,37,2,0,9,0,1.6363636363636365,0.0,0.0,0.0
64,22,64,65,38,1,0,7,0,0.875,0.0,0.0,0.0
64,22,64,65,39,2,0,6,0,1.5,0.0,0.0,0.0
64,22,64,65,40,2,0,6,0,1.5,0.0,0.0,0.0
64,22,64,65,41,7,1,2,0,1.5555555555555556,0.14285714285714285,0.0,0.14285714285714285
64,22,64,65,42,1,0,4,0,0.8,0.0,0.0,0.0
64,22,64,65,43,3,0,4,0,1.7142857142857142,0.0,0.0,0.0
64,22,64,65,44,2,0,5,0,1.4285714285714286,0.0,0.0,0.0
64,22,64,65,45,11,1,3,0,2.357142857142857,0.09090909090909091,0.0,0.09090909090909091
64,22,64,65,46,1,1,10,0,0.9090909090909091,1.0,0.0,1.0
64,22,64,65,47,3,1,9,0,2.25,0.3333333333333333,0.0,0.3333333333333333
64,22,64,65,48,2,0,11,0,1.6923076923076923,0.0,0.0,0.0
64,22,64,65,49,6,4,12,0,4.0,0.6666666666666666,0.0,0.6666666666666666
64,22,64,65,50,3,0,17,0,2.55,0.0,0.0,0.0
64,22,72,73,18,1,0,30,0,0.967741935483871,0.0,0.0,0.0
64,22,72,73,19,3,0,30,0,2.727272727272727,0.0,0.0,0.0
64,22,72,73,20,2,0,30,0,1.875,0.0,0.0,0.0
64,22,72,73,21,9,0,25,0,6.617647058823529,0.0,0.0,0.0
64,22,72,73,22,2,0,26,0,1.8571428571428572,0.0,0.0,0.0
64,22,72,73,23,1,0,28,0,0.9655172413793104,0.0,0.0,0.0
64,22,72,73,40,2,0,11,0,1.6923076923076923,0.0,0.0,0.0
64,22,72,73,41,2,0,11,0,1.6923076923076923,0.0,0.0,0.0
64,22,72,73,42,1,0,12,0,0.9230769230769231,0.0,0.0,0.0
64,22,72,73,43,5,0,9,0,3.2142857142857144,0.0,0.0,0.0
64,22,72,73,44,1,0,9,0,0.9,0.0,0.0,0.0
64,22,72,73,45,3,1,8,0,2.1818181818181817,0.3333333333333333,0.0,0.3333333333333333
64,22,72,73,46,1,0,9,0,0.9,0.0,0.0,0.0
64,22,72,73,47,12,3,7,0,4.421052631578948,0.25,0.0,0.25
64,22,72,73,48,3,0,14,0,2.4705882352941178,0.0,0.0,0.0
64,22,72,73,49,3,1,13,0,2.4375,0.3333333333333333,0.0,0.3333333333333333
64,22,72,73,50,7,0,9,0,3.9375,0.0,0.0,0.0
64,22,72,73,51,6,3,9,0,3.6,0.5,0.0,0.5
64,22,72,73,52,1,0,11,0,0.9166666666666666,0.0,0.0,0.0
64,22,72,73,53,3,1,11,0,2.357142857142857,0.3333333333333333,0.0,0.3333333333333333
64,22,72,73,54,1,0,12,0,0.9230769230769231,0.0,0.0,0.0
64,22,72,73,55,2,0,11,0,1.6923076923076923,0.0,0.0,0.0
64,22,72,73,57,1,0,9,0,0.9,0.0,0.0,0.0
64,22,80,81,20,2,0,34,0,1.8888888888888888,0.0,0.0,0.0
64,22,80,81,22,2,0,36,0,1.894736842105263,0.0,0.0,0.0
64,22,80,81,23,7,0,34,0,5.804878048780488,0.0,0.0,0.0
64,22,80,81,24,4,0,35,0,3.58974358974359,0.0,0.0,0.0
64,22,80,81,25,10,0,31,0,7.560975609756097,0.0,0.0,0.0
64,22,80,81,27,1,0,28,0,0.9655172413793104,0.0,0.0,0.0
64,22,80,81,43,4,0,15,0,3.1578947368421053,0.0,0.0,0.0
64,22,80,81,44,1,0,16,0,0.9411764705882353,0.0,0.0,0.0
64,22,80,81,45,6,0,11,0,3.8823529411764706,0.0,0.0,0.0
64,22,80,81,46,2,0,10,0,1.6666666666666667,0.0,0.0,0.0
64,22,80,81,47,1,0,10,0,0.9090909090909091,0.0,0.0,0.0
64,22,80,81,49,9,0,9,0,4.5,0.0,0.0,0.0
64,22,80,81,50,4,0,14,0,3.111111111111111,0.0,0.0,0.0
64,22,80,81,51,3,1,14,0,2.4705882352941178,0.3333333333333333,0.0,0.3333333333333333
64,22,80,81,52,2,0,13,0,1.7333333333333334,0.0,0.0,0.0
64,22,80,81,53,9,1,8,0,4.235294117647059,0.1111111111111111,0.0,0.1111111111111111
64,22,80,81,54,2,0,9,0,1.6363636363636365,0.0,0.0,0.0
64,22,80,81,55,5,1,7,0,2.9166666666666665,0.2,0.0,0.2
64,22,80,81,56,2,0,9,0,1.6363636363636365,0.0,0.0,0.0
64,22,80,81,57,2,0,8,0,1.6,0.0,0.0,0.0
64,22,80,81,59,1,0,6,0,0.8571428571428571,0.0,0.0,0.0
64,22,88,89,21,2,0,38,0,1.9,0.0,0.0,0.0
64,22,88,89,22,2,0,40,0,1.9047619047619047,0.0,0.0,0.0
64,22,88,89,23,3,0,42,0,2.8,0.0,0.0,0.0
64,22,88,89,24,1,0,44,0,0.9777777777777777,0.0,0.0,0.0
64,22,88,89,25,1,0,46,0,0.9787234042553191,0.0,0.0,0.0
64,22,88,89,27,10,0,30,0,7.5,0.0,0.0,0.0
64,22,88,89,28,2,0,28,0,1.8666666666666667,0.0,0.0,0.0
64,22,88,89,29,3,0,25,0,2.6785714285714284,0.0,0.0,0.0
64,22,88,89,31,1,0,23,0,0.9583333333333334,0.0,0.0,0.0
64,22,88,89,47,5,0,15,0,3.75,0.0,0.0,0.0
64,22,88,89,48,4,0,12,0,3.0,0.0,0.0,0.0
64,22,88,89,49,1,0,12,0,0.9230769230769231,0.0,0.0,0.0
64,22,88,89,51,6,2,13,0,4.105263157894737,0.3333333333333333,0.0,0.3333333333333333
64,22,88,89,52,3,0,15,0,2.5,0.0,0.0,0.0
64,22,88,89,53,4,0,13,0,3.0588235294117645,0.0,0.0,0.0
64,22,88,89,55,9,3,5,0,3.2142857142857144,0.3333333333333333,0.0,0.3333333333333333
64,22,88,89,57,5,4,4,0,2.2222222222222223,0.8,0.0,0.8
64,22,88,89,58,2,0,5,0,1.4285714285714286,0.0,0.0,0.0
64,22,88,89,59,1,0,5,0,0.8333333333333334,0.0,0.0,0.0
64,22,88,89,61,1,0,4,0,0.8,0.0,0.0,0.0
64,22,96,97,23,3,0,46,0,2.816326530612245,0.0,0.0,0.0
64,22,96,97,24,1,0,49,0,0.98,0.0,0.0,0.0
64,22,96,97,25,3,0,50,0,2.830188679245283,0.0,0.0,0.0
64,22,96,97,26,1,0,48,0,0.9795918367346939,0.0,0.0,0.0
64,22,96,97,27,4,0,43,0,3.6595744680851063,0.0,0.0,0.0
64,22,96,97,28,1,0,41,0,0.9761904761904762,0.0,0.0,0.0
64,22,96,97,29,5,0,36,0,4.390243902439025,0.0,0.0,0.0
64,22,96,97,30,6,0,31,0,5.027027027027027,0.0,0.0,0.0
64,22,96,97,31,6,2,26,0,4.875,0.3333333333333333,0.0,0.3333333333333333
64,22,96,97,32,4,0,22,0,3.3846153846153846,0.0,0.0,0.0
64,22,96,97,33,3,0,19,0,2.590909090909091,0.0,0.0,0.0
64,22,96,97,34,1,0,17,0,0.9444444444444444,0.0,0.0,0.0
64,22,96,97,49,4,0,16,0,3.2,0.0,0.0,0.0
64,22,96,97,50,1,0,16,0,0.9411764705882353,0.0,0.0,0.0
64,22,96,97,51,3,1,14,0,2.4705882352941178,0.3333333333333333,0.0,0.3333333333333333
64,22,96,97,52,1,0,13,0,0.9285714285714286,0.0,0.0,0.0
64,22,96,97,53,4,2,13,0,3.0588235294117645,0.5,0.0,0.5
64,22,96,97,54,1,0,15,0,0.9375,0.0,0.0,0.0
64,22,96,97,57,7,2,3,1,2.1,0.2857142857142857,0.3333333333333333,-0.047619047619047616
64,22,96,97,58,1,0,2,0,0.6666666666666666,0.0,0.0,0.0
64,22,96,97,59,4,2,1,0,0.8,0.5,0.0,0.5
64,22,96,97,60,2,0,3,0,1.2,0.0,0.0,0.0
64,22,96,97,61,1,0,3,0,0.75,0.0,0.0,0.0
64,22,96,97,62,1,0,3,0,0.75,0.0,0.0,0.0
64,22,104,105,27,2,0,52,0,1.9259259259259258,0.0,0.0,0.0
64,22,104,105,29,3,0,46,0,2.816326530612245,0.0,0.0,0.0
64,22,104,105,31,6,0,39,0,5.2,0.0,0.0,0.0
64,22,104,105,32,3,0,36,0,2.769230769230769,0.0,0.0,0.0
64,22,104,105,33,6,2,29,0,4.9714285714285715,0.3333333333333333,0.0,0.3333333333333333
64,22,104,105,34,2,0,25,0,1.8518518518518519,0.0,0.0,0.0
64,22,104,105,35,6,0,17,0,4.434782608695652,0.0,0.0,0.0
64,22,104,105,36,2,0,13,0,1.7333333333333334,0.0,0.0,0.0
64,22,104,105,38,1,0,10,0,0.9090909090909091,0.0,0.0,0.0
64,22,104,105,51,3,0,17,0,2.55,0.0,0.0,0.0
64,22,104,105,52,1,0,16,0,0.9411764705882353,0.0,0.0,0.0
64,22,104,105,53,2,0,14,0,1.75,0.0,0.0,0.0
64,22,104,105,54,1,0,12,0,0.9230769230769231,0.0,0.0,0.0
64,22,104,105,55,2,2,11,0,1.6923076923076923,1.0,0.0,1.0
64,22,104,105,57,1,0,9,0,0.9,0.0,0.0,0.0
64,22,104,105,59,5,1,2,0,1.4285714285714286,0.2,0.0,0.2
64,22,104,105,60,1,0,1,0,0.5,0.0,0.0,0.0
64,22,104,105,62,1,0,1,0,0.5,0.0,0.0,0.0
64,22,112,113,33,2,0,37,0,1.8974358974358974,0.0,0.0,0.0
64,22,112,113,34,1,0,33,0,0.9705882352941176,0.0,0.0,0.0
64,22,112,113,35,4,1,25,0,3.4482758620689653,0.25,0.0,0.25
64,22,112,113,36,2,0,20,0,1.8181818181818181,0.0,0.0,0.0
64,22,112,113,37,3,0,15,0,2.5,0.0,0.0,0.0
64,22,112,113,38,2,0,13,0,1.7333333333333334,0.0,0.0,0.0
64,22,112,113,39,2,0,12,0,1.7142857142857142,0.0,0.0,0.0
64,22,112,113,61,3,1,2,0,1.2,0.3333333333333333,0.0,0.3333333333333333
64,23,16,17,14,5,4,3,0,1.875,0.8,0.0,0.8
64,23,16,17,15,15,10,8,0,5.217391304347826,0.6666666666666666,0.0,0.6666666666666666
64,23,24,25,20,13,0,5,0,3.611111111111111,0.0,0.0,0.0
64,23,24,25,21,1,0,17,0,0.9444444444444444,0.0,0.0,0.0
64,23,32,33,24,5,0,2,0,1.4285714285714286,0.0,0.0,0.0
64,23,32,33,25,4,1,5,0,2.2222222222222223,0.25,0.0,0.25
64,23,40,41,1,2,0,2,0,1.0,0.0,0.0,0.0
64,23,40,41,3,2,0,6,0,1.5,0.0,0.0,0.0
64,23,40,41,5,2,0,10,0,1.6666666666666667,0.0,0.0,0.0
64,23,40,41,6,1,0,13,0,0.9285714285714286,0.0,0.0,0.0
64,23,40,41,7,5,0,10,0,3.3333333333333335,0.0,0.0,0.0
64,23,40,41,8,1,0,12,0,0.9230769230769231,0.0,0.0,0.0
64,23,40,41,9,4,0,9,0,2.769230769230769,0.0,0.0,0.0
64,23,40,41,10,2,0,8,0,1.6,0.0,0.0,0.0
64,23,40,41,11,3,0,7,0,2.1,0.0,0.0,0.0
64,23,40,41,13,2,0,6,0,1.5,0.0,0.0,0.0
64,23,40,41,14,4,0,2,0,1.3333333333333333,0.0,0.0,0.0
64,23,40,41,28,2,0,1,0,0.6666666666666666,0.0,0.0,0.0
64,23,48,49,9,1,0,17,0,0.9444444444444444,0.0,0.0,0.0
64,23,48,49,10,2,0,18,0,1.8,0.0,0.0,0.0
64,23,48,49,11,2,0,18,0,1.8,0.0,0.0,0.0
64,23,48,49,17,4,0,2,0,1.3333333333333333,0.0,0.0,0.0
64,23,56,57,14,2,0,21,0,1.826086956521739,0.0,0.0,0.0
64,23,56,57,15,8,0,13,0,4.9523809523809526,0.0,0.0,0.0
64,23,56,57,16,4,0,9,0,2.769230769230769,0.0,0.0,0.0
64,23,56,57,17,3,0,6,0,2.0,0.0,0.0,0.0
64,23,64,65,17,1,1,20,0,0.9523809523809523,1.0,0.0,1.0
64,23,64,65,19,13,0,6,0,4.105263157894737,0.0,0.0,0.0
64,23,64,65,21,2,0,2,0,1.0,0.0,0.0,0.0
64,23,64,65,22,1,0,1,0,0.5,0.0,0.0,0.0
64,23,72,73,19,1,0,19,0,0.95,0.0,0.0,0.0
64,23,72,73,21,10,0,8,0,4.444444444444445,0.0,0.0,0.0
64,23,72,73,22,5,0,6,0,2.727272727272727,0.0,0.0,0.0
64,23,72,73,23,3,0,2,0,1.2,0.0,0.0,0.0
64,23,80,81,24,4,0,7,0,2.5454545454545454,0.0,0.0,0.0
64,23,80,81,25,2,0,4,0,1.3333333333333333,0.0,0.0,0.0
64,23,80,81,26,1,0,2,0,0.6666666666666666,0.0,0.0,0.0
64,23,88,89,27,3,1,2,0,1.2,0.3333333333333333,0.0,0.3333333333333333
64,24,16,17,14,5,3,1,0,0.8333333333333334,0.6,0.0,0.6
64,24,16,17,15,24,12,6,0,4.8,0.5,0.0,0.5
64,24,24,25,20,7,0,6,0,3.230769230769231,0.0,0.0,0.0
64,24,24,25,21,2,0,9,0,1.6363636363636365,0.0,0.0,0.0
64,24,32,33,23,3,2,1,0,0.75,0.6666666666666666,0.0,0.6666666666666666
64,24,32,33,24,2,0,2,0,1.0,0.0,0.0,0.0
64,24,40,41,8,3,0,8,0,2.1818181818181817,0.0,0.0,0.0
64,24,40,41,10,2,0,10,0,1.6666666666666667,0.0,0.0,0.0
64,24,40,41,11,1,0,11,0,0.9166666666666666,0.0,0.0,0.0
64,24,40,41,12,1,0,11,0,0.9166666666666666,0.0,0.0,0.0
64,24,40,41,13,2,0,10,0,1.6666666666666667,0.0,0.0,0.0
64,24,40,41,14,7,0,4,0,2.5454545454545454,0.0,0.0,0.0
64,24,40,41,15,1,0,4,0,0.8,0.0,0.0,0.0
64,24,48,49,2,1,0,1,0,0.5,0.0,0.0,0.0
64,24,48,49,18,2,0,10,0,1.6666666666666667,0.0,0.0,0.0
64,24,48,49,19,1,0,8,0,0.8888888888888888,0.0,0.0,0.0
64,24,48,49,20,5,1,2,0,1.4285714285714286,0.2,0.0,0.2
64,24,56,57,3,1,0,7,0,0.875,0.0,0.0,0.0
64,24,56,57,4,3,0,8,0,2.1818181818181817,0.0,0.0,0.0
64,24,56,57,5,1,0,11,0,0.9166666666666666,0.0,0.0,0.0
64,24,56,57,6,4,0,11,0,2.933333333333333,0.0,0.0,0.0
64,24,56,57,7,2,0,13,0,1.7333333333333334,0.0,0.0,0.0
64,24,56,57,8,5,1,12,0,3.5294117647058822,0.2,0.0,0.2
64,24,56,57,9,1,0,13,0,0.9285714285714286,0.0,0.0,0.0
64,24,56,57,10,2,0,13,0,1.7333333333333334,0.0,0.0,0.0
64,24,64,65,10,9,0,19,0,6.107142857142857,0.0,0.0,0.0
64,24,64,65,11,2,0,21,0,1.826086956521739,0.0,0.0,0.0
64,24,64,65,12,6,1,17,0,4.434782608695652,0.16666666666666666,0.0,0.16666666666666666
64,24,64,65,13,4,0,15,0,3.1578947368421053,0.0,0.0,0.0
64,24,72,73,12,2,0,28,0,1.8666666666666667,0.0,0.0,0.0
64,24,72,73,13,4,0,25,0,3.4482758620689653,0.0,0.0,0.0
64,24,72,73,14,4,0,21,0,3.36,0.0,0.0,0.0
64,24,72,73,15,7,0,17,0,4.958333333333333,0.0,0.0,0.0
64,24,72,73,16,1,1,16,0,0.9411764705882353,1.0,0.0,1.0
64,24,72,73,18,1,1,12,0,0.9230769230769231,1.0,0.0,1.0
64,24,80,81,14,2,0,28,0,1.8666666666666667,0.0,0.0,0.0
64,24,80,81,15,2,0,27,0,1.8620689655172413,0.0,0.0,0.0
64,24,80,81,16,4,1,24,0,3.4285714285714284,0.25,0.0,0.25
64,24,80,81,17,4,0,20,0,3.3333333333333335,0.0,0.0,0.0
64,24,80,81,18,6,4,13,0,4.105263157894737,0.6666666666666666,0.0,0.6666666666666666
64,24,80,81,19,2,0,10,0,1.6666666666666667,0.0,0.0,0.0
64,24,88,89,20,5,0,9,0,3.2142857142857144,0.0,0.0,0.0
64,24,88,89,21,1,0,6,0,0.8571428571428571,0.0,0.0,0.0
64,24,96,97,22,3,0,5,0,1.875,0.0,0.0,0.0
64,24,96,97,24,2,0,2,0,1.0,0.0,0.0,0.0
64,25,16,17,15,9,5,5,0,3.2142857142857144,0.5555555555555556,0.0,0.5555555555555556
64,25,24,25,19,7,7,1,0,0.875,1.0,0.0,1.0
64,25,24,25,20,10,1,6,0,3.75,0.1,0.0,0.1
64,25,32,33,24,2,0,2,0,1.0,0.0,0.0,0.0
64,25,32,33,25,9,8,3,0,2.25,0.8888888888888888,0.0,0.8888888888888888
64,25,32,33,26,4,1,11,0,2.933333333333333,0.25,0.0,0.25
64,25,32,33,27,2,0,15,0,1.7647058823529411,0.0,0.0,0.0
64,25,40,41,29,9,7,1,0,0.9,0.7777777777777778,0.0,0.7777777777777778
64,25,40,41,30,5,0,9,0,3.2142857142857144,0.0,0.0,0.0
64,25,40,41,31,1,0,14,0,0.9333333333333333,0.0,0.0,0.0
64,25,40,41,34,1,0,15,0,0.9375,0.0,0.0,0.0
64,25,40,41,36,2,0,14,0,1.75,0.0,0.0,0.0
64,25,48,49,24,1,0,1,0,0.5,0.0,0.0,0.0
64,25,48,49,25,3,0,1,0,0.75,0.0,0.0,0.0
64,25,48,49,27,1,0,2,0,0.6666666666666666,0.0,0.0,0.0
64,25,48,49,28,1,0,2,0,0.6666666666666666,0.0,0.0,0.0
64,25,48,49,29,1,0,1,0,0.5,0.0,0.0,0.0
64,25,48,49,32,5,0,7,0,2.9166666666666665,0.0,0.0,0.0
64,25,48,49,33,2,2,13,0,1.7333333333333334,1.0,0.0,1.0
64,25,56,57,19,3,0,1,0,0.75,0.0,0.0,0.0
64,25,56,57,20,1,0,4,0,0.8,0.0,0.0,0.0
64,25,56,57,21,3,0,5,0,1.875,0.0,0.0,0.0
64,25,56,57,23,1,0,8,0,0.8888888888888888,0.0,0.0,0.0
64,25,56,57,25,2,0,8,0,1.6,0.0,0.0,0.0
64,25,56,57,26,2,0,7,0,1.5555555555555556,0.0,0.0,0.0
64,25,56,57,27,4,0,5,0,2.2222222222222223,0.0,0.0,0.0
64,25,56,57,33,1,1,9,0,0.9,1.0,0.0,1.0
64,25,56,57,34,3,0,11,0,2.357142857142857,0.0,0.0,0.0
64,25,56,57,35,2,2,14,0,1.75,1.0,0.0,1.0
64,25,56,57,37,2,0,14,0,1.75,0.0,0.0,0.0
64,25,64,65,14,1,0,1,0,0.5,0.0,0.0,0.0
64,25,64,65,15,1,0,2,0,0.6666666666666666,0.0,0.0,0.0
64,25,64,65,17,1,0,5,0,0.8333333333333334,0.0,0.0,0.0
64,25,64,65,19,1,0,7,0,0.875,0.0,0.0,0.0
64,25,64,65,21,1,0,8,0,0.8888888888888888,0.0,0.0,0.0
64,25,64,65,23,1,0,9,0,0.9,0.0,0.0,0.0
64,25,64,65,24,1,0,10,0,0.9090909090909091,0.0,0.0,0.0
64,25,64,65,26,1,0,11,0,0.9166666666666666,0.0,0.0,0.0
64,25,64,65,27,2,0,10,0,1.6666666666666667,0.0,0.0,0.0
64,25,64,65,28,1,0,11,0,0.9166666666666666,0.0,0.0,0.0
64,25,64,65,29,1,0,9,0,0.9,0.0,0.0,0.0
64,25,64,65,30,3,0,8,0,2.1818181818181817,0.0,0.0,0.0
64,25,64,65,31,2,0,7,0,1.5555555555555556,0.0,0.0,0.0
64,25,72,73,8,1,0,2,0,0.6666666666666666,0.0,0.0,0.0
64,25,72,73,9,1,0,3,0,0.75,0.0,0.0,0.0
64,25,72,73,10,1,0,4,0,0.8,0.0,0.0,0.0
64,25,72,73,11,3,0,2,0,1.2,0.0,0.0,0.0
64,25,72,73,12,1,0,2,0,0.6666666666666666,0.0,0.0,0.0
64,25,72,73,13,1,0,1,0,0.5,0.0,0.0,0.0
64,25,72,73,15,1,0,4,0,0.8,0.0,0.0,0.0
64,25,72,73,16,1,0,5,0,0.8333333333333334,0.0,0.0,0.0
64,25,72,73,17,1,0,6,0,0.8571428571428571,0.0,0.0,0.0
64,25,72,73,19,1,0,8,0,0.8888888888888888,0.0,0.0,0.0
64,25,72,73,21,1,0,9,0,0.9,0.0,0.0,0.0
64,25,72,73,23,1,0,10,0,0.9090909090909091,0.0,0.0,0.0
64,25,72,73,24,1,0,11,0,0.9166666666666666,0.0,0.0,0.0
64,25,72,73,26,1,0,12,0,0.9230769230769231,0.0,0.0,0.0
64,25,72,73,28,1,0,13,0,0.9285714285714286,0.0,0.0,0.0
64,25,72,73,30,2,0,11,0,1.6923076923076923,0.0,0.0,0.0
64,25,72,73,31,1,0,12,0,0.9230769230769231,0.0,0.0,0.0
64,25,72,73,32,4,0,10,0,2.857142857142857,0.0,0.0,0.0
64,25,72,73,33,2,1,10,0,1.6666666666666667,0.5,0.0,0.5
64,25,72,73,34,2,0,11,0,1.6923076923076923,0.0,0.0,0.0
64,25,80,81,3,1,1,1,0,0.5,1.0,0.0,1.0
64,25,80,81,4,3,0,1,0,0.75,0.0,0.0,0.0
64,25,80,81,5,2,1,4,0,1.3333333333333333,0.5,0.0,0.5
64,25,80,81,7,3,1,6,0,2.0,0.3333333333333333,0.0,0.3333333333333333
64,25,80,81,9,1,1,9,0,0.9,1.0,0.0,1.0
64,25,80,81,10,1,0,9,0,0.9,0.0,0.0,0.0
64,25,80,81,11,1,0,8,0,0.8888888888888888,0.0,0.0,0.0
64,25,80,81,13,1,0,6,0,0.8571428571428571,0.0,0.0,0.0
64,25,80,81,14,1,0,6,0,0.8571428571428571,0.0,0.0,0.0
64,25,80,81,15,1,0,6,0,0.8571428571428571,0.0,0.0,0.0
64,25,80,81,17,2,0,8,0,1.6,0.0,0.0,0.0
64,25,80,81,18,1,0,9,0,0.9,0.0,0.0,0.0
64,25,80,81,19,1,0,9,0,0.9,0.0,0.0,0.0
64,25,80,81,21,1,0,10,0,0.9090909090909091,0.0,0.0,0.0
64,25,80,81,22,1,0,11,0,0.9166666666666666,0.0,0.0,0.0
64,25,80,81,24,1,0,12,0,0.9230769230769231,0.0,0.0,0.0
64,25,80,81,26,1,0,13,0,0.9285714285714286,0.0,0.0,0.0
64,25,80,81,28,1,0,14,0,0.9333333333333333,0.0,0.0,0.0
64,25,80,81,30,1,0,13,0,0.9285714285714286,0.0,0.0,0.0
64,25,80,81,31,1,0,14,0,0.9333333333333333,0.0,0.0,0.0
64,25,80,81,34,2,0,14,0,1.75,0.0,0.0,0.0
64,25,80,81,35,2,0,13,0,1.7333333333333334,0.0,0.0,0.0
64,25,80,81,36,1,0,13,0,0.9285714285714286,0.0,0.0,0.0
64,25,88,89,2,1,0,3,0,0.75,0.0,0.0,0.0
64,25,88,89,3,3,1,4,0,1.7142857142857142,0.3333333333333333,0.0,0.3333333333333333
64,25,88,89,4,2,0,5,0,1.4285714285714286,0.0,0.0,0.0
64,25,88,89,5,7,3,6,0,3.230769230769231,0.42857142857142855,0.0,0.42857142857142855
64,25,88,89,7,3,0,9,0,2.25,0.0,0.0,0.0
64,25,88,89,9,1,0,10,0,0.9090909090909091,0.0,0.0,0.0
64,25,88,89,10,1,0,10,0,0.9090909090909091,0.0,0.0,0.0
64,25,88,89,12,1,0,9,0,0.9,0.0,0.0,0.0
64,25,88,89,13,1,0,7,0,0.875,0.0,0.0,0.0
64,25,88,89,15,1,0,8,0,0.8888888888888888,0.0,0.0,0.0
64,25,88,89,17,1,0,11,0,0.9166666666666666,0.0,0.0,0.0
64,25,88,89,18,1,0,12,0,0.9230769230769231,0.0,0.0,0.0
64,25,88,89,20,2,0,12,0,1.7142857142857142,0.0,0.0,0.0
64,25,88,89,21,2,0,12,0,1.7142857142857142,0.0,0.0,0.0
64,25,88,89,22,2,0,12,0,1.7142857142857142,0.0,0.0,0.0
64,25,88,89,24,1,0,13,0,0.9285714285714286,0.0,0.0,0.0
64,25,88,89,26,1,0,14,0,0.9333333333333333,0.0,0.0,0.0
64,25,88,89,28,1,0,15,0,0.9375,0.0,0.0,0.0
64,25,88,89,29,1,0,14,0,0.9333333333333333,0.0,0.0,0.0
64,25,96,97,3,3,1,9,0,2.25,0.3333333333333333,0.0,0.3333333333333333
64,25,96,97,5,2,0,13,0,1.7333333333333334,0.0,0.0,0.0
64,25,96,97,6,2,0,14,0,1.75,0.0,0.0,0.0
64,25,96,97,7,3,0,13,0,2.4375,0.0,0.0,0.0
64,25,96,97,8,1,0,12,0,0.9230769230769231,0.0,0.0,0.0
64,25,96,97,9,2,0,11,0,1.6923076923076923,0.0,0.0,0.0
64,25,96,97,11,1,0,11,0,0.9166666666666666,0.0,0.0,0.0
64,25,96,97,13,1,0,9,0,0.9,0.0,0.0,0.0
64,25,96,97,15,1,0,10,0,0.9090909090909091,0.0,0.0,0.0
64,25,96,97,17,2,1,13,0,1.7333333333333334,0.5,0.0,0.5
64,25,96,97,21,1,0,15,0,0.9375,0.0,0.0,0.0
64,25,96,97,23,1,1,14,0,0.9333333333333333,1.0,0.0,1.0
64,25,96,97,24,1,0,14,0,0.9333333333333333,0.0,0.0,0.0
64,25,96,97,26,1,0,15,0,0.9375,0.0,0.0,0.0
64,25,96,97,27,1,0,16,0,0.9411764705882353,0.0,0.0,0.0
64,25,104,105,9,2,0,15,0,1.7647058823529411,0.0,0.0,0.0
64,25,104,105,10,1,0,15,0,0.9375,0.0,0.0,0.0
64,25,104,105,11,2,0,13,0,1.7333333333333334,0.0,0.0,0.0
64,25,104,105,13,1,0,11,0,0.9166666666666666,0.0,0.0,0.0
64,25,104,105,15,2,0,12,0,1.7142857142857142,0.0,0.0,0.0
64,26,16,17,14,10,6,3,0,2.3076923076923075,0.6,0.0,0.6
64,26,16,17,15,11,7,14,0,6.16,0.6363636363636364,0.0,0.6363636363636364
64,26,24,25,20,11,0,19,0,6.966666666666667,0.0,0.0,0.0
64,26,32,33,6,2,0,2,0,1.0,0.0,0.0,0.0
64,26,32,33,7,1,0,3,0,0.75,0.0,0.0,0.0
64,26,32,33,8,1,0,4,0,0.8,0.0,0.0,0.0
64,26,32,33,9,2,0,3,0,1.2,0.0,0.0,0.0
64,26,32,33,10,2,0,2,0,1.0,0.0,0.0,0.0
64,26,32,33,24,4,1,5,0,2.2222222222222223,0.25,0.0,0.25
64,26,32,33,25,24,17,8,0,6.0,0.7083333333333334,0.0,0.7083333333333334
64,26,32,33,26,7,0,29,0,5.638888888888889,0.0,0.0,0.0
64,26,40,41,2,2,0,6,0,1.5,0.0,0.0,0.0
64,26,40,41,3,1,0,8,0,0.8888888888888888,0.0,0.0,0.0
64,26,40,41,4,5,1,6,0,2.727272727272727,0.2,0.0,0.2
64,26,40,41,6,2,0,7,0,1.5555555555555556,0.0,0.0,0.0
64,26,40,41,7,1,0,8,0,0.8888888888888888,0.0,0.0,0.0
64,26,40,41,8,2,0,8,0,1.6,0.0,0.0,0.0
64,26,40,41,10,1,0,8,0,0.8888888888888888,0.0,0.0,0.0
64,26,40,41,12,2,0,5,0,1.4285714285714286,0.0,0.0,0.0
64,26,40,41,13,1,0,4,0,0.8,0.0,0.0,0.0
64,26,40,41,14,5,0,3,0,1.875,0.0,0.0,0.0
64,26,40,41,15,2,0,5,0,1.4285714285714286,0.0,0.0,0.0
64,26,40,41,16,4,0,4,0,2.0,0.0,0.0,0.0
64,26,40,41,17,1,0,5,0,0.8333333333333334,0.0,0.0,0.0
64,26,40,41,18,3,0,6,0,2.0,0.0,0.0,0.0
64,26,40,41,19,1,0,8,0,0.8888888888888888,0.0,0.0,0.0
64,26,40,41,20,4,0,8,0,2.6666666666666665,0.0,0.0,0.0
64,26,40,41,21,2,0,10,0,1.6666666666666667,0.0,0.0,0.0
64,26,40,41,22,3,0,10,0,2.3076923076923075,0.0,0.0,0.0
64,26,40,41,23,2,0,12,0,1.7142857142857142,0.0,0.0,0.0
64,26,40,41,24,3,0,12,0,2.4,0.0,0.0,0.0
64,26,40,41,25,6,1,10,0,3.75,0.16666666666666666,0.0,0.16666666666666666
64,26,40,41,26,4,0,7,0,2.5454545454545454,0.0,0.0,0.0
64,26,40,41,27,7,1,3,0,2.1,0.14285714285714285,0.0,0.14285714285714285
64,26,40,41,28,3,0,5,0,1.875,0.0,0.0,0.0
64,26,40,41,29,18,9,3,0,2.5714285714285716,0.5,0.0,0.5
64,26,40,41,30,6,1,18,0,4.5,0.16666666666666666,0.0,0.16666666666666666
64,26,40,41,31,6,5,20,0,4.615384615384615,0.8333333333333334,0.0,0.8333333333333334
64,26,40,41,32,3,0,24,0,2.6666666666666665,0.0,0.0,0.0
64,26,40,41,33,4,1,24,0,3.4285714285714284,0.25,0.0,0.25
64,26,40,41,36,2,0,23,0,1.84,0.0,0.0,0.0
64,26,40,41,38,2,0,21,0,1.826086956521739,0.0,0.0,0.0
64,26,48,49,8,4,1,12,0,3.0,0.25,0.0,0.25
64,26,48,49,9,1,0,12,0,0.9230769230769231,0.0,0.0,0.0
64,26,48,49,10,1,0,13,0,0.9285714285714286,0.0,0.0,0.0
64,26,48,49,11,1,0,14,0,0.9333333333333333,0.0,0.0,0.0
64,26,48,49,12,2,0,13,0,1.7333333333333334,0.0,0.0,0.0
64,26,48,49,13,1,0,17,0,0.9444444444444444,0.0,0.0,0.0
64,26,48,49,14,1,0,19,0,0.95,0.0,0.0,0.0
64,26,48,49,16,1,0,21,0,0.9545454545454546,0.0,0.0,0.0
64,26,48,49,18,6,0,18,0,4.5,0.0,0.0,0.0
64,26,48,49,20,5,0,17,0,3.8636363636363638,0.0,0.0,0.0
64,26,48,49,21,1,0,19,0,0.95,0.0,0.0,0.0
64,26,48,49,22,4,1,19,0,3.3043478260869565,0.25,0.0,0.25
64,26,48,49,23,2,0,21,0,1.826086956521739,0.0,0.0,0.0
64,26,48,49,24,5,1,20,0,4.0,0.2,0.0,0.2
64,26,48,49,26,3,0,18,0,2.5714285714285716,0.0,0.0,0.0
64,26,48,49,27,3,0,17,0,2.55,0.0,0.0,0.0
64,26,48,49,28,1,0,16,0,0.9411764705882353,0.0,0.0,0.0
64,26,48,49,31,3,0,10,0,2.3076923076923075,0.0,0.0,0.0
64,26,48,49,32,3,0,11,1,2.357142857142857,0.0,0.09090909090909091,-0.09090909090909091
64,26,48,49,33,2,1,12,0,1.7142857142857142,0.5,0.0,0.5
64,26,48,49,34,5,2,11,0,3.4375,0.4,0.0,0.4
64,26,48,49,35,8,3,13,0,4.9523809523809526,0.375,0.0,0.375
64,26,48,49,36,4,0,19,0,3.3043478260869565,0.0,0.0,0.0
64,26,48,49,37,2,0,22,0,1.8333333333333333,0.0,0.0,0.0
64,26,56,57,10,4,0,15,0,3.1578947368421053,0.0,0.0,0.0
64,26,56,57,11,1,0,17,0,0.9444444444444444,0.0,0.0,0.0
64,26,56,57,12,1,1,17,0,0.9444444444444444,1.0,0.0,1.0
64,26,56,57,14,1,0,21,0,0.9545454545454546,0.0,0.0,0.0
64,26,56,57,15,1,0,22,0,0.9565217391304348,0.0,0.0,0.0
64,26,56,57,16,1,0,22,0,0.9565217391304348,0.0,0.0,0.0
64,26,56,57,18,1,0,24,0,0.96,0.0,0.0,0.0
64,26,56,57,19,1,0,24,0,0.96,0.0,0.0,0.0
64,26,56,57,20,3,0,22,0,2.64,0.0,0.0,0.0
64,26,56,57,21,2,1,23,0,1.84,0.5,0.0,0.5
64,26,56,57,22,3,0,24,0,2.6666666666666665,0.0,0.0,0.0
64,26,56,57,23,1,0,26,0,0.9629629629629629,0.0,0.0,0.0
64,26,56,57,24,1,0,27,0,0.9642857142857143,0.0,0.0,0.0
64,26,56,57,27,4,0,26,0,3.466666666666667,0.0,0.0,0.0
64,26,56,57,29,3,0,23,0,2.6538461538461537,0.0,0.0,0.0
64,26,56,57,30,1,0,19,0,0.95,0.0,0.0,0.0
64,26,56,57,31,4,0,15,0,3.1578947368421053,0.0,0.0,0.0
64,26,56,57,32,4,0,12,0,3.0,0.0,0.0,0.0
64,26,56,57,33,2,0,11,0,1.6923076923076923,0.0,0.0,0.0
64,26,56,57,34,2,0,10,0,1.6666666666666667,0.0,0.0,0.0
64,26,56,57,35,3,0,10,0,2.3076923076923075,0.0,0.0,0.0
64,26,56,57,36,1,0,10,0,0.9090909090909091,0.0,0.0,0.0
64,26,56,57,37,3,3,11,0,2.357142857142857,1.0,0.0,1.0
64,26,56,57,38,5,0,12,0,3.5294117647058822,0.0,0.0,0.0
64,26,56,57,39,5,2,16,0,3.8095238095238093,0.4,0.0,0.4
64,26,56,57,40,1,0,19,0,0.95,0.0,0.0,0.0
64,26,56,57,41,3,2,18,0,2.5714285714285716,0.6666666666666666,0.0,0.6666666666666666
64,26,56,57,42,1,0,18,0,0.9473684210526315,0.0,0.0,0.0
64,26,56,57,44,1,0,15,0,0.9375,0.0,0.0,0.0
64,26,64,65,12,2,0,19,0,1.8095238095238095,0.0,0.0,0.0
64,26,64,65,14,2,0,22,0,1.8333333333333333,0.0,0.0,0.0
64,26,64,65,17,2,0,24,0,1.8461538461538463,0.0,0.0,0.0
64,26,64,65,19,2,0,26,0,1.8571428571428572,0.0,0.0,0.0
64,26,64,65,21,1,0,31,0,0.96875,0.0,0.0,0.0
64,26,64,65,22,1,0,32,0,0.9696969696969697,0.0,0.0,0.0
64,26,64,65,23,1,0,32,0,0.9696969696969697,0.0,0.0,0.0
64,26,64,65,24,1,0,32,0,0.9696969696969697,0.0,0.0,0.0
64,26,64,65,26,1,0,31,0,0.96875,0.0,0.0,0.0
64,26,64,65,27,1,1,32,0,0.9696969696969697,1.0,0.0,1.0
64,26,64,65,29,1,0,28,0,0.9655172413793104,0.0,0.0,0.0
64,26,64,65,31,1,0,22,0,0.9565217391304348,0.0,0.0,0.0
64,26,64,65,33,1,0,21,0,0.9545454545454546,0.0,0.0,0.0
64,26,64,65,35,2,0,19,0,1.8095238095238095,0.0,0.0,0.0
64,26,64,65,37,3,0,16,0,2.526315789473684,0.0,0.0,0.0
64,26,64,65,38,2,0,16,0,1.7777777777777777,0.0,0.0,0.0
64,26,64,65,39,5,0,14,0,3.6842105263157894,0.0,0.0,0.0
64,26,64,65,40,2,0,14,0,1.75,0.0,0.0,0.0
64,26,64,65,41,2,1,14,0,1.75,0.5,0.0,0.5
64,26,64,65,43,3,2,14,0,2.4705882352941178,0.6666666666666666,0.0,0.6666666666666666
64,26,64,65,44,2,0,13,0,1.7333333333333334,0.0,0.0,0.0
64,26,64,65,46,1,0,9,0,0.9,0.0,0.0,0.0
64,26,64,65,47,3,2,7,0,2.1,0.6666666666666666,0.0,0.6666666666666666
64,26,64,65,48,1,0,8,0,0.8888888888888888,0.0,0.0,0.0
64,26,64,65,49,6,4,8,0,3.4285714285714284,0.6666666666666666,0.0,0.6666666666666666
64,26,72,73,25,2,0,35,0,1.8918918918918919,0.0,0.0,0.0
64,26,72,73,26,1,0,33,0,0.9705882352941176,0.0,0.0,0.0
64,26,72,73,27,1,0,33,0,0.9705882352941176,0.0,0.0,0.0
64,26,72,73,29,1,0,29,0,0.9666666666666667,0.0,0.0,0.0
64,26,72,73,31,1,0,23,0,0.9583333333333334,0.0,0.0,0.0
64,26,72,73,33,1,0,22,0,0.9565217391304348,0.0,0.0,0.0
64,26,72,73,35,1,0,21,0,0.9545454545454546,0.0,0.0,0.0
64,26,72,73,37,1,0,20,0,0.9523809523809523,0.0,0.0,0.0
64,26,72,73,38,1,0,20,0,0.9523809523809523,0.0,0.0,0.0
64,26,72,73,39,2,2,20,0,1.8181818181818181,1.0,0.0,1.0
64,26,72,73,40,1,0,20,0,0.9523809523809523,0.0,0.0,0.0
64,26,72,73,41,3,0,18,0,2.5714285714285716,0.0,0.0,0.0
64,26,72,73,43,2,0,16,0,1.7777777777777777,0.0,0.0,0.0
64,26,72,73,44,1,0,14,0,0.9333333333333333,0.0,0.0,0.0
64,26,72,73,45,1,0,11,0,0.9166666666666666,0.0,0.0,0.0
64,26,72,73,49,2,1,5,0,1.4285714285714286,0.5,0.0,0.5
64,26,72,73,50,3,0,7,0,2.1,0.0,0.0,0.0
64,26,72,73,51,6,4,10,0,3.75,0.6666666666666666,0.0,0.6666666666666666
64,26,72,73,53,1,1,22,0,0.9565217391304348,1.0,0.0,1.0
64,26,80,81,27,2,0,35,0,1.8918918918918919,0.0,0.0,0.0
64,26,80,81,28,2,0,34,0,1.8888888888888888,0.0,0.0,0.0
64,26,80,81,29,1,0,30,0,0.967741935483871,0.0,0.0,0.0
64,26,80,81,31,1,0,24,0,0.96,0.0,0.0,0.0
64,26,80,81,32,1,0,24,0,0.96,0.0,0.0,0.0
64,26,80,81,33,1,0,23,0,0.9583333333333334,0.0,0.0,0.0
64,26,80,81,34,1,0,23,0,0.9583333333333334,0.0,0.0,0.0
64,26,80,81,35,1,0,23,0,0.9583333333333334,0.0,0.0,0.0
64,26,80,81,37,2,0,22,0,1.8333333333333333,0.0,0.0,0.0
64,26,80,81,45,3,0,12,0,2.4,0.0,0.0,0.0
64,26,80,81,46,1,0,9,0,0.9,0.0,0.0,0.0
64,26,80,81,48,1,0,6,0,0.8571428571428571,0.0,0.0,0.0
64,26,80,81,49,1,0,5,0,0.8333333333333334,0.0,0.0,0.0
64,26,80,81,50,2,0,6,0,1.5,0.0,0.0,0.0
64,26,80,81,51,3,1,8,0,2.1818181818181817,0.3333333333333333,0.0,0.3333333333333333
64,26,80,81,52,5,0,13,0,3.611111111111111,0.0,0.0,0.0
64,26,80,81,53,1,1,21,0,0.9545454545454546,1.0,0.0,1.0
64,26,80,81,55,1,0,29,0,0.9666666666666667,0.0,0.0,0.0
64,26,88,89,29,2,0,32,0,1.8823529411764706,0.0,0.0,0.0
64,26,88,89,30,1,0,28,0,0.9655172413793104,0.0,0.0,0.0
64,26,88,89,31,2,0,26,0,1.8571428571428572,0.0,0.0,0.0
64,26,88,89,33,2,0,25,0,1.8518518518518519,0.0,0.0,0.0
64,26,88,89,34,2,0,25,0,1.8518518518518519,0.0,0.0,0.0
64,26,88,89,46,3,0,11,0,2.357142857142857,0.0,0.0,0.0
64,26,88,89,47,2,0,10,0,1.6666666666666667,0.0,0.0,0.0
64,26,88,89,48,1,0,10,0,0.9090909090909091,0.0,0.0,0.0
64,26,88,89,50,1,0,13,0,0.9285714285714286,0.0,0.0,0.0
64,26,88,89,52,1,0,18,0,0.9473684210526315,0.0,0.0,0.0
64,26,88,89,53,1,0,22,0,0.9565217391304348,0.0,0.0,0.0
64,26,96,97,48,3,1,11,0,2.357142857142857,0.3333333333333333,0.0,0.3333333333333333
64,26,96,97,50,1,0,14,0,0.9333333333333333,0.0,0.0,0.0
64,26,96,97,52,1,0,19,0,0.95,0.0,0.0,0.0
64,27,24,25,20,3,0,7,0,2.1,0.0,0.0,0.0
64,27,32,33,23,6,4,1,0,0.8571428571428571,0.6666666666666666,0.0,0.6666666666666666
64,27,32,33,24,2,1,6,0,1.5,0.5,0.0,0.5
64,27,32,33,25,3,3,7,0,2.1,1.0,0.0,1.0
64,27,40,41,28,1,0,1,0,0.5,0.0,0.0,0.0
64,27,40,41,29,3,1,1,0,0.75,0.3333333333333333,0.0,0.3333333333333333
64,27,40,41,30,3,2,4,0,1.7142857142857142,0.6666666666666666,0.0,0.6666666666666666
64,27,40,41,31,9,6,6,0,3.6,0.6666666666666666,0.0,0.6666666666666666
64,27,48,49,27,1,0,1,0,0.5,0.0,0.0,0.0
64,27,48,49,28,1,0,2,0,0.6666666666666666,0.0,0.0,0.0
64,27,48,49,29,1,0,3,0,0.75,0.0,0.0,0.0
64,27,48,49,30,1,0,4,0,0.8,0.0,0.0,0.0
64,27,48,49,31,5,1,4,0,2.2222222222222223,0.2,0.0,0.2
64,27,48,49,32,3,0,5,0,1.875,0.0,0.0,0.0
64,27,48,49,33,6,1,2,0,1.5,0.16666666666666666,0.0,0.16666666666666666
64,27,48,49,34,1,0,2,0,0.6666666666666666,0.0,0.0,0.0
64,27,48,49,35,8,4,2,0,1.6,0.5,0.0,0.5
64,27,48,49,37,7,3,8,0,3.7333333333333334,0.42857142857142855,0.0,0.42857142857142855
64,27,56,57,25,1,0,3,0,0.75,0.0,0.0,0.0
64,27,56,57,26,2,1,4,0,1.3333333333333333,0.5,0.0,0.5
64,27,56,57,27,1,0,6,0,0.8571428571428571,0.0,0.0,0.0
64,27,56,57,28,3,0,7,0,2.1,0.0,0.0,0.0
64,27,56,57,29,1,0,10,0,0.9090909090909091,0.0,0.0,0.0
64,27,56,57,30,1,0,11,0,0.9166666666666666,0.0,0.0,0.0
64,27,56,57,31,2,0,12,0,1.7142857142857142,0.0,0.0,0.0
64,27,56,57,33,4,0,10,0,2.857142857142857,0.0,0.0,0.0
64,27,56,57,35,1,1,11,0,0.9166666666666666,1.0,0.0,1.0
64,27,56,57,37,2,0,7,0,1.5555555555555556,0.0,0.0,0.0
64,27,56,57,39,2,0,5,0,1.4285714285714286,0.0,0.0,0.0
64,27,56,57,40,1,0,6,0,0.8571428571428571,0.0,0.0,0.0
64,27,56,57,41,4,3,6,0,2.4,0.75,0.0,0.75
64,27,56,57,42,7,3,8,0,3.7333333333333334,0.42857142857142855,0.0,0.42857142857142855
64,27,56,57,43,9,3,13,0,5.318181818181818,0.3333333333333333,0.0,0.3333333333333333
64,27,56,57,44,2,0,22,0,1.8333333333333333,0.0,0.0,0.0
64,27,64,65,23,2,0,5,0,1.4285714285714286,0.0,0.0,0.0
64,27,64,65,24,1,0,6,0,0.8571428571428571,0.0,0.0,0.0
64,27,64,65,26,1,0,9,0,0.9,0.0,0.0,0.0
64,27,64,65,35,2,0,11,0,1.6923076923076923,0.0,0.0,0.0
64,27,64,65,36,1,0,10,0,0.9090909090909091,0.0,0.0,0.0
64,27,64,65,37,1,0,9,0,0.9,0.0,0.0,0.0
64,27,64,65,38,1,0,8,0,0.8888888888888888,0.0,0.0,0.0
64,27,64,65,41,1,0,5,0,0.8333333333333334,0.0,0.0,0.0
64,27,64,65,42,2,0,5,0,1.4285714285714286,0.0,0.0,0.0
64,27,64,65,43,1,1,6,0,0.8571428571428571,1.0,0.0,1.0
64,27,64,65,44,5,1,5,0,2.5,0.2,0.0,0.2
64,27,64,65,45,2,2,9,0,1.6363636363636365,1.0,0.0,1.0
64,27,64,65,46,6,0,10,0,3.75,0.0,0.0,0.0
64,27,64,65,47,8,2,15,0,5.217391304347826,0.25,0.0,0.25
64,27,64,65,48,6,1,23,0,4.758620689655173,0.16666666666666666,0.0,0.16666666666666666
64,27,72,73,38,5,0,12,0,3.5294117647058822,0.0,0.0,0.0
64,27,72,73,39,3,0,11,0,2.357142857142857,0.0,0.0,0.0
64,27,72,73,40,4,0,10,0,2.857142857142857,0.0,0.0,0.0
64,27,72,73,41,2,0,11,0,1.6923076923076923,0.0,0.0,0.0
64,27,72,73,42,5,0,9,0,3.2142857142857144,0.0,0.0,0.0
64,27,72,73,43,1,0,11,0,0.9166666666666666,0.0,0.0,0.0
64,27,72,73,44,4,0,8,0,2.6666666666666665,0.0,0.0,0.0
64,27,72,73,46,1,0,7,0,0.875,0.0,0.0,0.0
64,27,72,73,47,4,4,8,0,2.6666666666666665,1.0,0.0,1.0
64,27,72,73,48,5,0,9,0,3.2142857142857144,0.0,0.0,0.0
64,27,72,73,49,7,4,11,0,4.277777777777778,0.5714285714285714,0.0,0.5714285714285714
64,27,72,73,50,1,0,17,0,0.9444444444444444,0.0,0.0,0.0
64,27,72,73,51,7,4,15,0,4.7727272727272725,0.5714285714285714,0.0,0.5714285714285714
64,27,72,73,52,4,0,19,0,3.3043478260869565,0.0,0.0,0.0
64,27,72,73,53,1,0,21,0,0.9545454545454546,0.0,0.0,0.0
64,27,72,73,54,1,0,22,0,0.9565217391304348,0.0,0.0,0.0
64,27,72,73,55,1,1,23,0,0.9583333333333334,1.0,0.0,1.0
64,27,80,81,40,2,0,18,0,1.8,0.0,0.0,0.0
64,27,80,81,41,1,0,18,0,0.9473684210526315,0.0,0.0,0.0
64,27,80,81,42,1,0,18,0,0.9473684210526315,0.0,0.0,0.0
64,27,80,81,44,3,0,17,0,2.55,0.0,0.0,0.0
64,27,80,81,46,3,0,16,0,2.526315789473684,0.0,0.0,0.0
64,27,80,81,47,2,0,17,0,1.7894736842105263,0.0,0.0,0.0
64,27,80,81,48,10,1,9,0,4.7368421052631575,0.1,0.0,0.1
64,27,80,81,50,2,0,10,0,1.6666666666666667,0.0,0.0,0.0
64,27,80,81,51,4,1,9,0,2.769230769230769,0.25,0.0,0.25
64,27,80,81,53,7,7,12,0,4.421052631578948,1.0,0.0,1.0
64,27,80,81,54,3,0,17,0,2.55,0.0,0.0,0.0
64,27,80,81,55,2,1,19,0,1.8095238095238095,0.5,0.0,0.5
64,27,80,81,56,2,0,19,0,1.8095238095238095,0.0,0.0,0.0
64,27,80,81,57,1,0,21,0,0.9545454545454546,0.0,0.0,0.0
64,27,80,81,58,1,0,22,0,0.9565217391304348,0.0,0.0,0.0
64,27,80,81,61,2,0,23,0,1.84,0.0,0.0,0.0
64,27,80,81,62,2,0,26,0,1.8571428571428572,0.0,0.0,0.0
64,27,80,81,63,5,1,28,0,4.242424242424242,0.2,0.0,0.2
64,27,88,89,42,2,0,20,0,1.8181818181818181,0.0,0.0,0.0
64,27,88,89,43,1,0,20,0,0.9523809523809523,0.0,0.0,0.0
64,27,88,89,44,1,0,20,0,0.9523809523809523,0.0,0.0,0.0
64,27,88,89,46,1,0,21,0,0.9545454545454546,0.0,0.0,0.0
64,27,88,89,47,1,0,23,0,0.9583333333333334,0.0,0.0,0.0
64,27,88,89,49,1,0,26,0,0.9629629629629629,0.0,0.0,0.0
64,27,88,89,50,9,3,17,0,5.884615384615385,0.3333333333333333,0.0,0.3333333333333333
64,27,88,89,51,3,0,14,0,2.4705882352941178,0.0,0.0,0.0
64,27,88,89,52,5,1,12,0,3.5294117647058822,0.2,0.0,0.2
64,27,88,89,53,2,0,13,0,1.7333333333333334,0.0,0.0,0.0
64,27,88,89,54,1,0,14,0,0.9333333333333333,0.0,0.0,0.0
64,27,88,89,56,3,0,15,0,2.5,0.0,0.0,0.0
64,27,88,89,57,3,1,18,0,2.5714285714285716,0.3333333333333333,0.0,0.3333333333333333
64,27,88,89,58,1,0,21,0,0.9545454545454546,0.0,0.0,0.0
64,27,88,89,59,1,0,22,0,0.9565217391304348,0.0,0.0,0.0
64,27,88,89,63,2,1,24,0,1.8461538461538463,0.5,0.0,0.5
64,27,88,89,64,1,0,26,0,0.9629629629629629,0.0,0.0,0.0
64,27,88,89,65,3,2,27,0,2.7,0.6666666666666666,0.0,0.6666666666666666
64,27,88,89,66,1,0,28,0,0.9655172413793104,0.0,0.0,0.0
64,27,88,89,67,8,7,28,0,6.222222222222222,0.875,0.0,0.875
64,27,88,89,68,2,0,34,0,1.8888888888888888,0.0,0.0,0.0
64,27,96,97,15,3,0,1,0,0.75,0.0,0.0,0.0
64,27,96,97,16,4,0,1,0,0.8,0.0,0.0,0.0
64,27,96,97,17,2,0,3,0,1.2,0.0,0.0,0.0
64,27,96,97,18,2,0,3,0,1.2,0.0,0.0,0.0
64,27,96,97,19,1,0,5,0,0.8333333333333334,0.0,0.0,0.0
64,27,96,97,20,2,0,5,0,1.4285714285714286,0.0,0.0,0.0
64,27,96,97,21,2,0,5,0,1.4285714285714286,0.0,0.0,0.0
64,27,96,97,44,2,0,22,0,1.8333333333333333,0.0,0.0,0.0
64,27,96,97,45,1,0,22,0,0.9565217391304348,0.0,0.0,0.0
64,27,96,97,47,2,0,24,0,1.8461538461538463,0.0,0.0,0.0
64,27,96,97,48,1,1,26,0,0.9629629629629629,1.0,0.0,1.0
64,27,96,97,50,2,1,27,0,1.8620689655172413,0.5,0.0,0.5
64,27,96,97,52,7,0,18,0,5.04,0.0,0.0,0.0
64,27,96,97,53,2,0,17,0,1.7894736842105263,0.0,0.0,0.0
64,27,96,97,54,4,0,15,0,3.1578947368421053,0.0,0.0,0.0
64,27,96,97,55,1,0,16,0,0.9411764705882353,0.0,0.0,0.0
64,27,96,97,56,2,1,15,0,1.7647058823529411,0.5,0.0,0.5
64,27,96,97,58,3,0,17,0,2.55,0.0,0.0,0.0
64,27,96,97,59,4,1,19,0,3.3043478260869565,0.25,0.0,0.25
64,27,96,97,60,2,0,22,0,1.8333333333333333,0.0,0.0,0.0
64,27,96,97,62,2,0,22,0,1.8333333333333333,0.0,0.0,0.0
64,27,96,97,65,3,2,24,0,2.6666666666666665,0.6666666666666666,0.0,0.6666666666666666
64,27,96,97,66,1,0,25,0,0.9615384615384616,0.0,0.0,0.0
64,27,96,97,67,3,1,24,0,2.6666666666666665,0.3333333333333333,0.0,0.3333333333333333
64,27,96,97,68,3,0,24,0,2.6666666666666665,0.0,0.0,0.0
64,27,96,97,69,5,2,25,0,4.166666666666667,0.4,0.0,0.4
64,27,96,97,71,5,2,28,0,4.242424242424242,0.4,0.0,0.4
64,27,96,97,73,1,1,30,2,0.967741935483871,1.0,0.06666666666666667,0.9333333333333333
64,27,104,105,7,1,0,6,0,0.8571428571428571,0.0,0.0,0.0
64,27,104,105,8,2,0,6,0,1.5,0.0,0.0,0.0
64,27,104,105,10,2,0,8,0,1.6,0.0,0.0,0.0
64,27,104,105,12,3,0,9,0,2.25,0.0,0.0,0.0
64,27,104,105,13,3,0,9,0,2.25,0.0,0.0,0.0
64,27,104,105,14,4,0,8,0,2.6666666666666665,0.0,0.0,0.0
64,27,104,105,15,3,0,8,0,2.1818181818181817,0.0,0.0,0.0
64,27,104,105,16,5,0,6,0,2.727272727272727,0.0,0.0,0.0
64,27,104,105,17,2,0,8,0,1.6,0.0,0.0,0.0
64,27,104,105,18,1,0,7,0,0.875,0.0,0.0,0.0
64,27,104,105,19,2,0,8,0,1.6,0.0,0.0,0.0
64,27,104,105,23,3,1,7,0,2.1,0.3333333333333333,0.0,0.3333333333333333
64,27,104,105,54,4,0,20,0,3.3333333333333335,0.0,0.0,0.0
64,27,104,105,55,2,0,19,0,1.8095238095238095,0.0,0.0,0.0
64,27,104,105,56,2,0,17,0,1.7894736842105263,0.0,0.0,0.0
64,27,104,105,58,2,1,18,0,1.8,0.5,0.0,0.5
64,27,104,105,61,3,2,24,0,2.6666666666666665,0.6666666666666666,0.0,0.6666666666666666
64,27,104,105,62,2,0,26,0,1.8571428571428572,0.0,0.0,0.0
64,27,104,105,63,3,0,27,0,2.7,0.0,0.0,0.0
64,27,104,105,64,4,0,26,0,3.466666666666667,0.0,0.0,0.0
64,27,104,105,65,3,0,25,0,2.6785714285714284,0.0,0.0,0.0
64,27,104,105,66,3,0,23,0,2.6538461538461537,0.0,0.0,0.0
64,27,104,105,67,2,1,22,0,1.8333333333333333,0.5,0.0,0.5
64,27,104,105,68,1,0,21,0,0.9545454545454546,0.0,0.0,0.0
64,27,104,105,69,5,2,21,0,4.038461538461538,0.4,0.0,0.4
64,27,104,105,70,2,0,23,0,1.84,0.0,0.0,0.0
64,27,104,105,71,5,2,22,0,4.074074074074074,0.4,0.0,0.4
64,27,104,105,72,2,0,22,0,1.8333333333333333,0.0,0.0,0.0
64,27,104,105,73,4,2,23,0,3.4074074074074074,0.5,0.0,0.5
64,27,104,105,74,2,0,23,0,1.84,0.0,0.0,0.0
64,27,104,105,75,3,1,21,0,2.625,0.3333333333333333,0.0,0.3333333333333333
64,27,104,105,77,2,2,21,0,1.826086956521739,1.0,0.0,1.0
64,27,112,113,2,1,1,1,0,0.5,1.0,0.0,1.0
64,27,112,113,3,1,0,2,0,0.6666666666666666,0.0,0.0,0.0
64,27,112,113,4,2,0,3,0,1.2,0.0,0.0,0.0
64,27,112,113,6,1,1,7,0,0.875,1.0,0.0,1.0
64,27,112,113,8,1,0,10,0,0.9090909090909091,0.0,0.0,0.0
64,27,112,113,9,1,0,12,0,0.9230769230769231,0.0,0.0,0.0
64,27,112,113,56,4,0,19,0,3.3043478260869565,0.0,0.0,0.0
64,27,112,113,57,1,0,19,0,0.95,0.0,0.0,0.0
64,27,112,113,58,1,0,20,0,0.9523809523809523,0.0,0.0,0.0
64,27,112,113,59,2,0,19,0,1.8095238095238095,0.0,0.0,0.0
64,27,112,113,63,1,0,32,0,0.9696969696969697,0.0,0.0,0.0
64,27,112,113,64,2,0,33,0,1.8857142857142857,0.0,0.0,0.0
64,27,112,113,65,1,0,34,0,0.9714285714285714,0.0,0.0,0.0
64,27,112,113,66,2,0,32,0,1.8823529411764706,0.0,0.0,0.0
64,27,112,113,67,1,0,31,0,0.96875,0.0,0.0,0.0
64,27,112,113,68,4,0,27,0,3.4838709677419355,0.0,0.0,0.0
64,27,112,113,69,3,0,27,0,2.7,0.0,0.0,0.0
64,27,112,113,70,8,0,21,0,5.793103448275862,0.0,0.0,0.0
64,27,112,113,71,6,2,20,0,4.615384615384615,0.3333333333333333,0.0,0.3333333333333333
64,27,112,113,72,7,1,18,0,5.04,0.14285714285714285,0.0,0.14285714285714285
64,27,112,113,73,5,0,18,0,3.9130434782608696,0.0,0.0,0.0
64,27,112,113,74,1,0,19,0,0.95,0.0,0.0,0.0
64,27,112,113,75,2,0,19,0,1.8095238095238095,0.0,0.0,0.0
64,27,112,113,77,1,0,20,0,0.9523809523809523,0.0,0.0,0.0
64,27,112,113,79,2,0,19,0,1.8095238095238095,0.0,0.0,0.0
64,27,120,121,1,1,0,1,0,0.5,0.0,0.0,0.0
64,27,120,121,2,3,0,1,0,0.75,0.0,0.0,0.0
64,27,120,121,3,1,0,4,0,0.8,0.0,0.0,0.0
64,27,120,121,4,1,1,5,0,0.8333333333333334,1.0,0.0,1.0
64,27,120,121,5,1,0,6,0,0.8571428571428571,0.0,0.0,0.0
64,27,120,121,6,1,0,8,0,0.8888888888888888,0.0,0.0,0.0
64,27,120,121,7,2,0,9,0,1.6363636363636365,0.0,0.0,0.0
64,27,120,121,58,2,0,22,0,1.8333333333333333,0.0,0.0,0.0
64,27,120,121,59,1,0,22,0,0.9565217391304348,0.0,0.0,0.0
64,27,120,121,60,1,0,24,0,0.96,0.0,0.0,0.0
64,27,120,121,61,1,0,26,0,0.9629629629629629,0.0,0.0,0.0
64,27,120,121,62,2,0,29,0,1.8709677419354838,0.0,0.0,0.0
64,27,120,121,70,6,3,29,0,4.9714285714285715,0.5,0.0,0.5
64,27,120,121,71,1,0,28,0,0.9655172413793104,0.0,0.0,0.0
64,27,120,121,72,5,0,23,0,4.107142857142857,0.0,0.0,0.0
64,27,120,121,73,2,0,25,0,1.8518518518518519,0.0,0.0,0.0
64,27,120,121,74,6,0,19,0,4.56,0.0,0.0,0.0
64,27,120,121,75,4,1,18,0,3.272727272727273,0.25,0.0,0.25
64,27,120,121,76,3,0,17,0,2.55,0.0,0.0,0.0
64,27,120,121,77,3,1,19,0,2.590909090909091,0.3333333333333333,0.0,0.3333333333333333
64,27,120,121,78,1,0,21,0,0.9545454545454546,0.0,0.0,0.0
64,27,120,121,79,2,0,19,0,1.8095238095238095,0.0,0.0,0.0
64,27,128,129,2,2,0,3,0,1.2,0.0,0.0,0.0
64,27,128,129,4,2,0,6,0,1.5,0.0,0.0,0.0
64,27,128,129,72,4,2,28,0,3.5,0.5,0.0,0.5
64,27,128,129,73,1,0,27,0,0.9642857142857143,0.0,0.0,0.0
64,27,128,129,74,3,0,22,0,2.64,0.0,0.0,0.0
64,27,128,129,75,1,0,21,0,0.9545454545454546,0.0,0.0,0.0
64,27,128,129,76,2,0,18,0,1.8,0.0,0.0,0.0
64,27,128,129,77,3,1,19,0,2.590909090909091,0.3333333333333333,0.0,0.3333333333333333
64,27,128,129,78,2,0,19,0,1.8095238095238095,0.0,0.0,0.0
64,27,128,129,80,1,0,20,0,0.9523809523809523,0.0,0.0,0.0
64,27,136,137,74,2,0,26,0,1.8571428571428572,0.0,0.0,0.0
64,27,136,137,75,2,0,23,0,1.84,0.0,0.0,0.0
64,27,136,137,76,1,0,20,0,0.9523809523809523,0.0,0.0,0.0
64,27,136,137,77,1,0,20,0,0.9523809523809523,0.0,0.0,0.0
64,27,136,137,78,2,0,19,0,1.8095238095238095,0.0,0.0,0.0
64,27,136,137,79,2,0,19,0,1.8095238095238095,0.0,0.0,0.0
64,28,8,9,9,23,17,2,0,1.84,0.7391304347826086,0.0,0.7391304347826086
64,28,16,17,14,11,8,2,0,1.6923076923076923,0.7272727272727273,0.0,0.7272727272727273
64,28,16,17,15,19,8,12,0,7.354838709677419,0.42105263157894735,0.0,0.42105263157894735
64,28,24,25,20,15,2,15,0,7.5,0.13333333333333333,0.0,0.13333333333333333
64,28,32,33,24,5,0,2,0,1.4285714285714286,0.0,0.0,0.0
64,28,32,33,25,13,8,3,0,2.4375,0.6153846153846154,0.0,0.6153846153846154
64,28,32,33,26,2,0,12,0,1.7142857142857142,0.0,0.0,0.0
64,28,32,33,27,2,0,11,0,1.6923076923076923,0.0,0.0,0.0
64,28,40,41,7,3,0,1,0,0.75,0.0,0.0,0.0
64,28,40,41,14,2,0,1,0,0.6666666666666666,0.0,0.0,0.0
64,28,40,41,15,1,0,3,0,0.75,0.0,0.0,0.0
64,28,40,41,16,1,0,4,0,0.8,0.0,0.0,0.0
64,28,40,41,17,1,0,5,0,0.8333333333333334,0.0,0.0,0.0
64,28,40,41,18,1,0,6,0,0.8571428571428571,0.0,0.0,0.0
64,28,40,41,19,1,0,7,0,0.875,0.0,0.0,0.0
64,28,40,41,20,1,0,8,0,0.8888888888888888,0.0,0.0,0.0
64,28,40,41,21,1,0,9,0,0.9,0.0,0.0,0.0
64,28,40,41,22,4,0,9,0,2.769230769230769,0.0,0.0,0.0
64,28,40,41,23,1,0,10,0,0.9090909090909091,0.0,0.0,0.0
64,28,40,41,24,11,0,2,0,1.6923076923076923,0.0,0.0,0.0
64,28,40,41,25,6,0,3,0,2.0,0.0,0.0,0.0
64,28,40,41,26,3,0,4,0,1.7142857142857142,0.0,0.0,0.0
64,28,40,41,27,1,1,5,0,0.8333333333333334,1.0,0.0,1.0
64,28,40,41,28,3,0,3,0,1.5,0.0,0.0,0.0
64,28,40,41,29,1,1,4,0,0.8,1.0,0.0,1.0
64,28,40,41,30,4,1,3,0,1.7142857142857142,0.25,0.0,0.25
64,28,40,41,31,2,2,6,0,1.5,1.0,0.0,1.0
64,28,40,41,32,4,1,7,0,2.5454545454545454,0.25,0.0,0.25
64,28,40,41,33,4,2,13,0,3.0588235294117645,0.5,0.0,0.5
64,28,48,49,1,1,0,2,0,0.6666666666666666,0.0,0.0,0.0
64,28,48,49,2,1,0,4,0,0.8,0.0,0.0,0.0
64,28,48,49,3,2,0,6,0,1.5,0.0,0.0,0.0
64,28,48,49,5,3,0,7,0,2.1,0.0,0.0,0.0
64,28,48,49,6,1,0,8,0,0.8888888888888888,0.0,0.0,0.0
64,28,48,49,7,3,0,9,0,2.25,0.0,0.0,0.0
64,28,48,49,8,4,0,12,0,3.0,0.0,0.0,0.0
64,28,48,49,9,1,0,16,0,0.9411764705882353,0.0,0.0,0.0
64,28,48,49,10,2,1,17,0,1.7894736842105263,0.5,0.0,0.5
64,28,48,49,11,2,0,18,0,1.8,0.0,0.0,0.0
64,28,48,49,12,1,1,19,0,0.95,1.0,0.0,1.0
64,28,48,49,13,7,0,12,0,4.421052631578948,0.0,0.0,0.0
64,28,48,49,14,3,2,11,0,2.357142857142857,0.6666666666666666,0.0,0.6666666666666666
64,28,48,49,15,2,0,10,0,1.6666666666666667,0.0,0.0,0.0
64,28,48,49,16,2,0,9,0,1.6363636363636365,0.0,0.0,0.0
64,28,48,49,17,2,0,11,0,1.6923076923076923,0.0,0.0,0.0
64,28,48,49,18,8,0,12,0,4.8,0.0,0.0,0.0
64,28,48,49,19,2,0,19,0,1.8095238095238095,0.0,0.0,0.0
64,28,48,49,20,3,0,20,0,2.608695652173913,0.0,0.0,0.0
64,28,48,49,21,3,0,22,0,2.64,0.0,0.0,0.0
64,28,48,49,22,2,0,23,0,1.84,0.0,0.0,0.0
64,28,48,49,24,2,0,19,0,1.8095238095238095,0.0,0.0,0.0
64,28,48,49,27,1,0,12,0,0.9230769230769231,0.0,0.0,0.0
64,28,48,49,30,1,0,5,0,0.8333333333333334,0.0,0.0,0.0
64,28,48,49,32,1,0,3,0,0.75,0.0,0.0,0.0
64,28,48,49,33,1,0,2,0,0.6666666666666666,0.0,0.0,0.0
64,28,48,49,34,6,2,1,0,0.8571428571428571,0.3333333333333333,0.0,0.3333333333333333
64,28,48,49,35,7,2,4,0,2.5454545454545454,0.2857142857142857,0.0,0.2857142857142857
64,28,48,49,36,4,0,12,0,3.0,0.0,0.0,0.0
64,28,48,49,37,14,8,15,0,7.241379310344827,0.5714285714285714,0.0,0.5714285714285714
64,28,48,49,38,5,1,29,0,4.264705882352941,0.2,0.0,0.2
64,28,48,49,39,4,2,36,0,3.6,0.5,0.0,0.5
64,28,56,57,3,2,0,9,0,1.6363636363636365,0.0,0.0,0.0
64,28,56,57,5,3,0,11,0,2.357142857142857,0.0,0.0,0.0
64,28,56,57,6,1,0,13,0,0.9285714285714286,0.0,0.0,0.0
64,28,56,57,7,2,0,16,0,1.7777777777777777,0.0,0.0,0.0
64,28,56,57,8,1,0,20,0,0.9523809523809523,0.0,0.0,0.0
64,28,56,57,9,1,0,22,0,0.9565217391304348,0.0,0.0,0.0
64,28,56,57,10,3,0,22,0,2.64,0.0,0.0,0.0
64,28,56,57,12,5,1,22,0,4.074074074074074,0.2,0.0,0.2
64,28,56,57,14,5,0,20,0,4.0,0.0,0.0,0.0
64,28,56,57,15,6,0,19,0,4.56,0.0,0.0,0.0
64,28,56,57,16,6,1,19,0,4.56,0.16666666666666666,0.0,0.16666666666666666
64,28,56,57,17,1,0,24,0,0.96,0.0,0.0,0.0
64,28,56,57,18,3,0,24,0,2.6666666666666665,0.0,0.0,0.0
64,28,56,57,30,1,1,9,0,0.9,1.0,0.0,1.0
64,28,56,57,32,3,0,9,0,2.25,0.0,0.0,0.0
64,28,56,57,33,4,0,11,0,2.933333333333333,0.0,0.0,0.0
64,28,56,57,34,4,0,14,0,3.111111111111111,0.0,0.0,0.0
64,28,56,57,35,4,0,17,0,3.238095238095238,0.0,0.0,0.0
64,28,56,57,36,5,0,17,0,3.8636363636363638,0.0,0.0,0.0
64,28,56,57,37,1,1,19,0,0.95,1.0,0.0,1.0
64,28,56,57,38,1,1,20,0,0.9523809523809523,1.0,0.0,1.0
64,28,56,57,39,7,4,23,0,5.366666666666666,0.5714285714285714,0.0,0.5714285714285714
64,28,56,57,40,2,0,30,0,1.875,0.0,0.0,0.0
64,28,56,57,41,8,1,33,0,6.439024390243903,0.125,0.0,0.125
64,28,56,57,42,6,0,37,0,5.162790697674419,0.0,0.0,0.0
64,28,56,57,43,6,1,38,1,5.181818181818182,0.16666666666666666,0.02631578947368421,0.14035087719298245
64,28,56,57,44,1,0,43,0,0.9772727272727273,0.0,0.0,0.0
64,28,56,57,45,4,3,41,0,3.6444444444444444,0.75,0.0,0.75
64,28,64,65,9,2,0,23,0,1.84,0.0,0.0,0.0
64,28,64,65,10,2,0,26,0,1.8571428571428572,0.0,0.0,0.0
64,28,64,65,12,5,0,28,0,4.242424242424242,0.0,0.0,0.0
64,28,64,65,14,2,0,29,0,1.8709677419354838,0.0,0.0,0.0
64,28,64,65,16,2,0,28,0,1.8666666666666667,0.0,0.0,0.0
64,28,64,65,34,1,0,20,0,0.9523809523809523,0.0,0.0,0.0
64,28,64,65,35,1,0,23,0,0.9583333333333334,0.0,0.0,0.0
64,28,64,65,36,1,0,27,0,0.9642857142857143,0.0,0.0,0.0
64,28,64,65,38,1,0,32,0,0.9696969696969697,0.0,0.0,0.0
64,28,64,65,39,1,0,35,0,0.9722222222222222,0.0,0.0,0.0
64,28,64,65,41,2,1,42,0,1.9090909090909092,0.5,0.0,0.5
64,28,64,65,42,3,0,44,0,2.8085106382978724,0.0,0.0,0.0
64,28,64,65,44,5,0,42,0,4.468085106382978,0.0,0.0,0.0
64,28,64,65,45,2,0,41,0,1.9069767441860466,0.0,0.0,0.0
64,28,64,65,46,3,0,36,0,2.769230769230769,0.0,0.0,0.0
64,28,64,65,47,5,1,32,0,4.324324324324325,0.2,0.0,0.2
64,28,64,65,48,3,0,30,0,2.727272727272727,0.0,0.0,0.0
64,28,64,65,49,2,1,29,0,1.8709677419354838,0.5,0.0,0.5
64,28,64,65,50,2,0,31,0,1.878787878787879,0.0,0.0,0.0
64,28,72,73,36,2,0,28,0,1.8666666666666667,0.0,0.0,0.0
64,28,72,73,38,1,0,33,0,0.9705882352941176,0.0,0.0,0.0
64,28,72,73,39,1,0,37,0,0.9736842105263158,0.0,0.0,0.0
64,28,72,73,40,2,1,39,0,1.9024390243902438,0.5,0.0,0.5
64,28,72,73,41,1,0,44,0,0.9777777777777777,0.0,0.0,0.0
64,28,72,73,42,2,0,46,0,1.9166666666666667,0.0,0.0,0.0
64,28,72,73,47,2,0,36,0,1.894736842105263,0.0,0.0,0.0
64,28,72,73,49,3,2,29,0,2.71875,0.6666666666666666,0.0,0.6666666666666666
64,28,72,73,51,2,0,31,1,1.878787878787879,0.0,0.03225806451612903,-0.03225806451612903
64,28,72,73,53,2,0,34,0,1.8888888888888888,0.0,0.0,0.0
64,28,80,81,50,2,0,31,1,1.878787878787879,0.0,0.03225806451612903,-0.03225806451612903
64,28,80,81,52,6,1,29,0,4.9714285714285715,0.16666666666666666,0.0,0.16666666666666666
64,28,80,81,53,2,0,32,0,1.8823529411764706,0.0,0.0,0.0
64,28,80,81,54,1,0,34,0,0.9714285714285714,0.0,0.0,0.0
64,28,80,81,55,3,0,36,0,2.769230769230769,0.0,0.0,0.0
64,28,88,89,54,2,0,35,0,1.8918918918918919,0.0,0.0,0.0
64,28,88,89,55,1,0,37,0,0.9736842105263158,0.0,0.0,0.0
64,28,88,89,56,1,0,39,1,0.975,0.0,0.02564102564102564,-0.02564102564102564
64,28,88,89,57,2,0,42,0,1.9090909090909092,0.0,0.0,0.0
64,28,96,97,58,2,0,44,0,1.9130434782608696,0.0,0.0,0.0
64,28,96,97,59,2,1,44,1,1.9130434782608696,0.5,0.022727272727272728,0.4772727272727273
64,28,96,97,60,2,0,44,0,1.9130434782608696,0.0,0.0,0.0
64,28,96,97,61,3,0,43,0,2.8043478260869565,0.0,0.0,0.0
64,28,96,97,63,1,0,43,0,0.9772727272727273,0.0,0.0,0.0
64,29,24,25,20,4,0,6,0,2.4,0.0,0.0,0.0
64,29,32,33,24,1,0,1,0,0.5,0.0,0.0,0.0
64,29,32,33,25,8,7,1,0,0.8888888888888888,0.875,0.0,0.875
64,29,32,33,26,6,2,7,0,3.230769230769231,0.3333333333333333,0.0,0.3333333333333333
64,29,32,33,27,4,0,11,0,2.933333333333333,0.0,0.0,0.0
64,29,40,41,29,1,1,1,0,0.5,1.0,0.0,1.0
64,29,40,41,30,5,2,1,0,0.8333333333333334,0.4,0.0,0.4
64,29,40,41,31,9,3,3,0,2.25,0.3333333333333333,0.0,0.3333333333333333
64,29,40,41,33,1,0,8,0,0.8888888888888888,0.0,0.0,0.0
64,29,48,49,31,1,0,1,0,0.5,0.0,0.0,0.0
64,29,48,49,32,1,0,1,0,0.5,0.0,0.0,0.0
64,29,48,49,33,4,1,1,0,0.8,0.25,0.0,0.25
64,29,48,49,34,1,0,5,0,0.8333333333333334,0.0,0.0,0.0
64,29,48,49,35,1,0,7,0,0.875,0.0,0.0,0.0
64,29,56,57,24,4,0,1,0,0.8,0.0,0.0,0.0
64,29,56,57,25,1,0,5,0,0.8333333333333334,0.0,0.0,0.0
64,29,56,57,26,3,0,5,0,1.875,0.0,0.0,0.0
64,29,56,57,27,2,0,6,0,1.5,0.0,0.0,0.0
64,29,56,57,28,2,0,6,0,1.5,0.0,0.0,0.0
64,29,56,57,29,1,0,5,0,0.8333333333333334,0.0,0.0,0.0
64,29,56,57,30,1,0,4,0,0.8,0.0,0.0,0.0
64,29,56,57,32,1,0,4,0,0.8,0.0,0.0,0.0
64,29,56,57,35,1,1,6,0,0.8571428571428571,1.0,0.0,1.0
64,29,64,65,19,1,0,1,0,0.5,0.0,0.0,0.0
64,29,64,65,20,4,0,1,0,0.8,0.0,0.0,0.0
64,29,64,65,22,1,0,7,0,0.875,0.0,0.0,0.0
64,29,64,65,24,1,0,8,0,0.8888888888888888,0.0,0.0,0.0
64,29,64,65,26,1,0,9,0,0.9,0.0,0.0,0.0
64,29,64,65,27,1,0,10,0,0.9090909090909091,0.0,0.0,0.0
64,29,64,65,28,1,0,11,0,0.9166666666666666,0.0,0.0,0.0
64,29,64,65,30,2,0,10,0,1.6666666666666667,0.0,0.0,0.0
64,29,64,65,32,3,0,6,0,2.0,0.0,0.0,0.0
64,29,64,65,33,1,0,4,0,0.8,0.0,0.0,0.0
64,29,72,73,18,2,1,3,0,1.2,0.5,0.0,0.5
64,29,72,73,19,1,0,4,0,0.8,0.0,0.0,0.0
64,29,72,73,20,1,0,5,0,0.8333333333333334,0.0,0.0,0.0
64,29,72,73,22,1,0,8,0,0.8888888888888888,0.0,0.0,0.0
64,29,72,73,24,1,0,9,0,0.9,0.0,0.0,0.0
64,29,72,73,25,1,0,10,0,0.9090909090909091,0.0,0.0,0.0
64,29,72,73,26,1,0,11,0,0.9166666666666666,0.0,0.0,0.0
64,29,72,73,28,1,0,12,0,0.9230769230769231,0.0,0.0,0.0
64,29,72,73,30,2,0,12,0,1.7142857142857142,0.0,0.0,0.0
64,29,80,81,7,2,0,2,0,1.0,0.0,0.0,0.0
64,29,80,81,8,4,0,2,0,1.3333333333333333,0.0,0.0,0.0
64,29,80,81,9,1,0,5,0,0.8333333333333334,0.0,0.0,0.0
64,29,80,81,10,3,0,4,0,1.7142857142857142,0.0,0.0,0.0
64,29,80,81,12,1,0,5,0,0.8333333333333334,0.0,0.0,0.0
64,29,80,81,14,2,0,3,0,1.2,0.0,0.0,0.0
64,29,80,81,16,1,0,3,0,0.75,0.0,0.0,0.0
64,29,80,81,18,2,0,5,0,1.4285714285714286,0.0,0.0,0.0
64,29,80,81,20,2,0,7,0,1.5555555555555556,0.0,0.0,0.0
64,29,80,81,22,1,0,10,0,0.9090909090909091,0.0,0.0,0.0
64,29,80,81,24,2,0,11,0,1.6923076923076923,0.0,0.0,0.0
64,29,80,81,26,1,0,12,0,0.9230769230769231,0.0,0.0,0.0
64,29,80,81,28,2,0,13,0,1.7333333333333334,0.0,0.0,0.0
64,29,88,89,3,2,0,1,0,0.6666666666666666,0.0,0.0,0.0
64,29,88,89,4,4,0,2,0,1.3333333333333333,0.0,0.0,0.0
64,29,88,89,5,2,0,6,0,1.5,0.0,0.0,0.0
64,29,88,89,6,3,0,7,0,2.1,0.0,0.0,0.0
64,29,88,89,7,3,0,8,0,2.1818181818181817,0.0,0.0,0.0
64,29,88,89,8,4,1,9,0,2.769230769230769,0.25,0.0,0.25
64,29,88,89,9,2,0,11,0,1.6923076923076923,0.0,0.0,0.0
64,29,88,89,10,3,1,12,0,2.4,0.3333333333333333,0.0,0.3333333333333333
64,29,88,89,23,2,0,12,0,1.7142857142857142,0.0,0.0,0.0
64,29,88,89,24,1,0,13,0,0.9285714285714286,0.0,0.0,0.0
64,29,88,89,25,1,0,13,0,0.9285714285714286,0.0,0.0,0.0
64,29,88,89,26,2,0,13,0,1.7333333333333334,0.0,0.0,0.0
64,29,96,97,2,3,0,1,0,0.75,0.0,0.0,0.0
64,29,96,97,4,3,0,6,0,2.0,0.0,0.0,0.0
64,29,96,97,6,1,0,11,0,0.9166666666666666,0.0,0.0,0.0
64,29,96,97,7,1,0,13,0,0.9285714285714286,0.0,0.0,0.0
64,29,96,97,8,1,0,15,0,0.9375,0.0,0.0,0.0
64,29,96,97,10,2,0,16,0,1.7777777777777777,0.0,0.0,0.0
64,29,96,97,12,2,0,12,0,1.7142857142857142,0.0,0.0,0.0
64,29,104,105,1,1,0,2,0,0.6666666666666666,0.0,0.0,0.0
64,29,104,105,2,2,0,4,0,1.3333333333333333,0.0,0.0,0.0
64,29,104,105,3,1,0,7,0,0.875,0.0,0.0,0.0
64,29,104,105,4,1,0,9,0,0.9,0.0,0.0,0.0
64,29,104,105,6,2,1,12,0,1.7142857142857142,0.5,0.0,0.5
64,29,104,105,7,1,0,15,0,0.9375,0.0,0.0,0.0
64,29,112,113,2,2,1,6,0,1.5,0.5,0.0,0.5
64,29,112,113,3,1,0,9,0,0.9,0.0,0.0,0.0
64,29,112,113,4,2,0,10,0,1.6666666666666667,0.0,0.0,0.0
64,29,112,113,5,1,0,12,0,0.9230769230769231,0.0,0.0,0.0
64,29,112,113,7,1,0,15,0,0.9375,0.0,0.0,0.0
64,30,16,17,14,5,3,1,0,0.8333333333333334,0.6,0.0,0.6
64,30,16,17,15,23,13,4,0,3.4074074074074074,0.5652173913043478,0.0,0.5652173913043478
64,30,24,25,20,16,7,5,0,3.8095238095238093,0.4375,0.0,0.4375
64,30,32,33,24,3,0,3,0,1.5,0.0,0.0,0.0
64,30,32,33,25,8,4,2,0,1.6,0.5,0.0,0.5
64,30,32,33,26,3,0,7,0,2.1,0.0,0.0,0.0
64,30,32,33,27,1,0,10,0,0.9090909090909091,0.0,0.0,0.0
64,30,40,41,26,1,0,1,0,0.5,0.0,0.0,0.0
64,30,40,41,27,3,1,1,1,0.75,0.3333333333333333,1.0,-0.6666666666666667
64,30,40,41,28,4,0,2,0,1.3333333333333333,0.0,0.0,0.0
64,30,40,41,29,3,1,6,0,2.0,0.3333333333333333,0.0,0.3333333333333333
64,30,40,41,30,2,1,9,0,1.6363636363636365,0.5,0.0,0.5
64,30,40,41,31,8,7,11,0,4.631578947368421,0.875,0.0,0.875
64,30,40,41,32,2,1,19,0,1.8095238095238095,0.5,0.0,0.5
64,30,40,41,33,2,0,20,0,1.8181818181818181,0.0,0.0,0.0
64,30,40,41,35,4,0,21,0,3.36,0.0,0.0,0.0
64,30,40,41,36,2,0,21,0,1.826086956521739,0.0,0.0,0.0
64,30,40,41,37,6,1,21,0,4.666666666666667,0.16666666666666666,0.0,0.16666666666666666
64,30,40,41,38,2,0,27,0,1.8620689655172413,0.0,0.0,0.0
64,30,40,41,39,2,0,28,0,1.8666666666666667,0.0,0.0,0.0
64,30,48,49,29,2,1,6,0,1.5,0.5,0.0,0.5
64,30,48,49,30,1,0,8,0,0.8888888888888888,0.0,0.0,0.0
64,30,48,49,31,3,2,9,0,2.25,0.6666666666666666,0.0,0.6666666666666666
64,30,48,49,33,1,0,12,0,0.9230769230769231,0.0,0.0,0.0
64,30,48,49,35,2,1,15,0,1.7647058823529411,0.5,0.0,0.5
64,30,48,49,36,1,0,17,0,0.9444444444444444,0.0,0.0,0.0
64,30,48,49,37,7,4,19,0,5.115384615384615,0.5714285714285714,0.0,0.5714285714285714
64,30,48,49,38,3,0,27,0,2.7,0.0,0.0,0.0
64,30,48,49,39,2,0,28,0,1.8666666666666667,0.0,0.0,0.0
64,30,56,57,18,1,0,1,0,0.5,0.0,0.0,0.0
64,30,56,57,19,3,0,1,0,0.75,0.0,0.0,0.0
64,30,56,57,20,2,0,2,0,1.0,0.0,0.0,0.0
64,30,56,57,21,2,0,3,0,1.2,0.0,0.0,0.0
64,30,56,57,22,1,0,4,0,0.8,0.0,0.0,0.0
64,30,56,57,23,1,0,3,0,0.75,0.0,0.0,0.0
64,30,56,57,25,1,0,3,0,0.75,0.0,0.0,0.0
64,30,56,57,26,1,0,2,0,0.6666666666666666,0.0,0.0,0.0
64,30,56,57,27,1,0,3,0,0.75,0.0,0.0,0.0
64,30,56,57,37,1,1,16,0,0.9411764705882353,1.0,0.0,1.0
64,30,56,57,39,2,1,16,0,1.7777777777777777,0.5,0.0,0.5
64,30,56,57,40,2,0,18,0,1.8,0.0,0.0,0.0
64,30,56,57,41,7,3,20,1,5.185185185185185,0.42857142857142855,0.05,0.37857142857142856
64,30,56,57,43,1,0,19,0,0.95,0.0,0.0,0.0
64,30,64,65,14,2,0,3,0,1.2,0.0,0.0,0.0
64,30,64,65,15,3,0,4,0,1.7142857142857142,0.0,0.0,0.0
64,30,64,65,17,1,0,7,0,0.875,0.0,0.0,0.0
64,30,64,65,18,1,0,7,0,0.875,0.0,0.0,0.0
64,30,64,65,20,1,0,7,0,0.875,0.0,0.0,0.0
64,30,64,65,22,1,0,6,0,0.8571428571428571,0.0,0.0,0.0
64,30,64,65,24,1,0,5,0,0.8333333333333334,0.0,0.0,0.0
64,30,64,65,26,1,0,5,0,0.8333333333333334,0.0,0.0,0.0
64,30,64,65,27,1,0,7,0,0.875,0.0,0.0,0.0
64,30,64,65,28,1,0,9,0,0.9,0.0,0.0,0.0
64,30,64,65,37,1,0,16,0,0.9411764705882353,0.0,0.0,0.0
64,30,64,65,38,2,0,17,0,1.7894736842105263,0.0,0.0,0.0
64,30,64,65,39,7,0,16,0,4.869565217391305,0.0,0.0,0.0
64,30,64,65,40,1,0,22,0,0.9565217391304348,0.0,0.0,0.0
64,30,64,65,41,3,0,22,0,2.64,0.0,0.0,0.0
64,30,64,65,43,2,0,17,0,1.7894736842105263,0.0,0.0,0.0
64,30,64,65,45,1,0,18,0,0.9473684210526315,0.0,0.0,0.0
64,30,64,65,46,1,0,18,0,0.9473684210526315,0.0,0.0,0.0
64,30,64,65,48,2,1,18,0,1.8,0.5,0.0,0.5
64,30,72,73,9,3,1,1,0,0.75,0.3333333333333333,0.0,0.3333333333333333
64,30,72,73,10,1,0,4,0,0.8,0.0,0.0,0.0
64,30,72,73,11,5,0,3,0,1.875,0.0,0.0,0.0
64,30,72,73,12,2,0,6,0,1.5,0.0,0.0,0.0
64,30,72,73,14,1,0,7,0,0.875,0.0,0.0,0.0
64,30,72,73,15,1,0,7,0,0.875,0.0,0.0,0.0
64,30,72,73,17,1,0,8,0,0.8888888888888888,0.0,0.0,0.0
64,30,72,73,19,1,0,9,0,0.9,0.0,0.0,0.0
64,30,72,73,21,1,0,8,0,0.8888888888888888,0.0,0.0,0.0
64,30,72,73,23,1,0,7,0,0.875,0.0,0.0,0.0
64,30,72,73,25,2,0,7,0,1.5555555555555556,0.0,0.0,0.0
64,30,72,73,33,1,0,13,0,0.9285714285714286,0.0,0.0,0.0
64,30,72,73,34,1,0,15,0,0.9375,0.0,0.0,0.0
64,30,72,73,35,4,0,16,0,3.2,0.0,0.0,0.0
64,30,72,73,36,4,0,18,0,3.272727272727273,0.0,0.0,0.0
64,30,72,73,37,2,0,22,0,1.8333333333333333,0.0,0.0,0.0
64,30,72,73,38,1,0,25,0,0.9615384615384616,0.0,0.0,0.0
64,30,72,73,39,1,0,24,0,0.96,0.0,0.0,0.0
64,30,72,73,41,1,0,25,0,0.9615384615384616,0.0,0.0,0.0
64,30,72,73,43,2,0,18,0,1.8,0.0,0.0,0.0
64,30,72,73,48,1,0,19,0,0.95,0.0,0.0,0.0
64,30,72,73,49,1,0,19,0,0.95,0.0,0.0,0.0
64,30,72,73,50,2,0,18,1,1.8,0.0,0.05555555555555555,-0.05555555555555555
64,30,72,73,51,2,0,19,0,1.8095238095238095,0.0,0.0,0.0
64,30,72,73,52,3,0,19,0,2.590909090909091,0.0,0.0,0.0
64,30,72,73,54,1,0,22,0,0.9565217391304348,0.0,0.0,0.0
64,30,80,81,3,1,0,1,0,0.5,0.0,0.0,0.0
64,30,80,81,4,1,0,1,0,0.5,0.0,0.0,0.0
64,30,80,81,7,2,0,2,0,1.0,0.0,0.0,0.0
64,30,80,81,13,2,0,8,0,1.6,0.0,0.0,0.0
64,30,80,81,14,1,0,9,0,0.9,0.0,0.0,0.0
64,30,80,81,15,2,1,9,0,1.6363636363636365,0.5,0.0,0.5
64,30,80,81,16,1,0,9,0,0.9,0.0,0.0,0.0
64,30,80,81,17,1,0,10,0,0.9090909090909091,0.0,0.0,0.0
64,30,80,81,18,1,0,10,0,0.9090909090909091,0.0,0.0,0.0
64,30,80,81,19,1,0,10,0,0.9090909090909091,0.0,0.0,0.0
64,30,80,81,21,2,1,9,0,1.6363636363636365,0.5,0.0,0.5
64,30,80,81,23,1,0,9,0,0.9,0.0,0.0,0.0
64,30,80,81,25,1,0,9,0,0.9,0.0,0.0,0.0
64,30,80,81,26,1,0,8,0,0.8888888888888888,0.0,0.0,0.0
64,30,80,81,30,1,0,12,0,0.9230769230769231,0.0,0.0,0.0
64,30,80,81,31,2,0,13,0,1.7333333333333334,0.0,0.0,0.0
64,30,80,81,32,1,0,15,0,0.9375,0.0,0.0,0.0
64,30,80,81,33,6,2,15,0,4.285714285714286,0.3333333333333333,0.0,0.3333333333333333
64,30,80,81,34,1,0,22,0,0.9565217391304348,0.0,0.0,0.0
64,30,80,81,35,2,0,23,0,1.84,0.0,0.0,0.0
64,30,80,81,36,2,0,24,0,1.8461538461538463,0.0,0.0,0.0
64,30,80,81,37,2,1,25,0,1.8518518518518519,0.5,0.0,0.5
64,30,80,81,39,2,0,26,0,1.8571428571428572,0.0,0.0,0.0
64,30,80,81,40,1,0,28,0,0.9655172413793104,0.0,0.0,0.0
64,30,88,89,1,1,0,2,0,0.6666666666666666,0.0,0.0,0.0
64,30,88,89,2,1,0,3,0,0.75,0.0,0.0,0.0
64,30,88,89,3,2,0,3,0,1.2,0.0,0.0,0.0
64,30,88,89,4,1,0,3,0,0.75,0.0,0.0,0.0
64,30,88,89,5,1,0,4,0,0.8,0.0,0.0,0.0
64,30,88,89,7,2,0,4,0,1.3333333333333333,0.0,0.0,0.0
64,30,88,89,15,2,0,10,0,1.6666666666666667,0.0,0.0,0.0
64,30,88,89,16,1,0,11,0,0.9166666666666666,0.0,0.0,0.0
64,30,88,89,17,5,0,11,0,3.4375,0.0,0.0,0.0
64,30,88,89,18,2,0,14,0,1.75,0.0,0.0,0.0
64,30,88,89,19,5,0,15,0,3.75,0.0,0.0,0.0
64,30,88,89,20,1,0,18,0,0.9473684210526315,0.0,0.0,0.0
64,30,88,89,21,2,0,17,0,1.7894736842105263,0.0,0.0,0.0
64,30,88,89,27,1,0,10,0,0.9090909090909091,0.0,0.0,0.0
64,30,88,89,28,1,0,11,0,0.9166666666666666,0.0,0.0,0.0
64,30,88,89,29,2,0,13,1,1.7333333333333334,0.0,0.07692307692307693,-0.07692307692307693
64,30,88,89,31,1,1,18,0,0.9473684210526315,1.0,0.0,1.0
64,30,88,89,32,1,0,20,0,0.9523809523809523,0.0,0.0,0.0
64,30,88,89,37,2,0,27,0,1.8620689655172413,0.0,0.0,0.0
64,30,88,89,39,2,0,28,0,1.8666666666666667,0.0,0.0,0.0
64,30,88,89,53,2,0,21,0,1.826086956521739,0.0,0.0,0.0
64,30,88,89,55,2,0,20,0,1.8181818181818181,0.0,0.0,0.0
64,30,96,97,5,2,0,8,0,1.6,0.0,0.0,0.0
64,30,96,97,6,1,0,10,0,0.9090909090909091,0.0,0.0,0.0
64,30,96,97,7,7,1,6,0,3.230769230769231,0.14285714285714285,0.0,0.14285714285714285
64,30,96,97,9,2,0,6,0,1.5,0.0,0.0,0.0
64,30,96,97,13,1,0,10,0,0.9090909090909091,0.0,0.0,0.0
64,30,96,97,14,1,0,11,0,0.9166666666666666,0.0,0.0,0.0
64,30,96,97,15,5,1,12,0,3.5294117647058822,0.2,0.0,0.2
64,30,96,97,16,2,0,17,0,1.7894736842105263,0.0,0.0,0.0
64,30,96,97,17,7,1,18,0,5.04,0.14285714285714285,0.0,0.14285714285714285
64,30,96,97,56,2,0,19,0,1.8095238095238095,0.0,0.0,0.0
64,30,96,97,58,2,0,17,0,1.7894736842105263,0.0,0.0,0.0
64,30,104,105,9,10,2,8,0,4.444444444444445,0.2,0.0,0.2
64,30,104,105,10,1,0,10,0,0.9090909090909091,0.0,0.0,0.0
64,30,104,105,11,5,0,8,0,3.076923076923077,0.0,0.0,0.0
64,30,104,105,13,7,1,11,0,4.277777777777778,0.14285714285714285,0.0,0.14285714285714285
64,30,104,105,14,2,0,17,0,1.7894736842105263,0.0,0.0,0.0
64,30,104,105,15,9,0,17,0,5.884615384615385,0.0,0.0,0.0
64,30,112,113,11,1,0,21,0,0.9545454545454546,0.0,0.0,0.0
64,30,112,113,12,2,0,21,0,1.826086956521739,0.0,0.0,0.0
64,30,112,113,13,2,1,22,0,1.8333333333333333,0.5,0.0,0.5
64,30,112,113,15,1,0,25,0,0.9615384615384616,0.0,0.0,0.0
64,30,112,113,16,1,0,25,0,0.9615384615384616,0.0,0.0,0.0
64,30,120,121,13,2,0,24,0,1.8461538461538463,0.0,0.0,0.0
64,30,120,121,15,1,0,26,0,0.9629629629629629,0.0,0.0,0.0
64,31,8,9,9,25,23,2,0,1.8518518518518519,0.92,0.0,0.92
64,31,16,17,14,5,3,1,0,0.8333333333333334,0.6,0.0,0.6
64,31,16,17,15,26,10,3,0,2.689655172413793,0.38461538461538464,0.0,0.38461538461538464
64,31,24,25,20,7,1,8,0,3.7333333333333334,0.14285714285714285,0.0,0.14285714285714285
64,31,32,33,16,1,0,1,0,0.5,0.0,0.0,0.0
64,31,32,33,17,2,0,1,0,0.6666666666666666,0.0,0.0,0.0
64,31,32,33,18,2,0,1,0,0.6666666666666666,0.0,0.0,0.0
64,31,32,33,25,5,3,1,0,0.8333333333333334,0.6,0.0,0.6
64,31,32,33,26,6,2,5,0,2.727272727272727,0.3333333333333333,0.0,0.3333333333333333
64,31,40,41,2,3,0,1,0,0.75,0.0,0.0,0.0
64,31,40,41,3,2,0,4,0,1.3333333333333333,0.0,0.0,0.0
64,31,40,41,4,2,0,5,0,1.4285714285714286,0.0,0.0,0.0
64,31,40,41,5,2,0,5,0,1.4285714285714286,0.0,0.0,0.0
64,31,40,41,6,1,0,7,0,0.875,0.0,0.0,0.0
64,31,40,41,7,4,0,8,0,2.6666666666666665,0.0,0.0,0.0
64,31,40,41,9,5,0,12,0,3.5294117647058822,0.0,0.0,0.0
64,31,40,41,10,1,0,15,0,0.9375,0.0,0.0,0.0
64,31,40,41,11,8,0,11,0,4.631578947368421,0.0,0.0,0.0
64,31,40,41,12,4,0,11,0,2.933333333333333,0.0,0.0,0.0
64,31,40,41,13,6,0,8,0,3.4285714285714284,0.0,0.0,0.0
64,31,40,41,15,2,0,8,0,1.6,0.0,0.0,0.0
64,31,40,41,16,1,0,8,0,0.8888888888888888,0.0,0.0,0.0
64,31,40,41,17,2,0,7,0,1.5555555555555556,0.0,0.0,0.0
64,31,40,41,19,1,0,5,0,0.8333333333333334,0.0,0.0,0.0
64,31,40,41,31,9,6,2,0,1.6363636363636365,0.6666666666666666,0.0,0.6666666666666666
64,31,40,41,32,6,2,10,0,3.75,0.3333333333333333,0.0,0.3333333333333333
64,31,48,49,5,3,1,13,0,2.4375,0.3333333333333333,0.0,0.3333333333333333
64,31,48,49,7,1,0,20,0,0.9523809523809523,0.0,0.0,0.0
64,31,48,49,9,2,0,25,0,1.8518518518518519,0.0,0.0,0.0
64,31,48,49,10,1,0,26,0,0.9629629629629629,0.0,0.0,0.0
64,31,48,49,11,1,0,26,0,0.9629629629629629,0.0,0.0,0.0
64,31,48,49,13,1,0,27,0,0.9642857142857143,0.0,0.0,0.0
64,31,48,49,14,1,0,26,0,0.9629629629629629,0.0,0.0,0.0
64,31,48,49,15,1,0,24,0,0.96,0.0,0.0,0.0
64,31,48,49,17,8,0,14,0,5.090909090909091,0.0,0.0,0.0
64,31,48,49,18,1,0,13,0,0.9285714285714286,0.0,0.0,0.0
64,31,48,49,19,3,1,9,0,2.25,0.3333333333333333,0.0,0.3333333333333333
64,31,48,49,20,1,0,8,0,0.8888888888888888,0.0,0.0,0.0
64,31,48,49,21,1,0,6,0,0.8571428571428571,0.0,0.0,0.0
64,31,48,49,23,5,0,3,0,1.875,0.0,0.0,0.0
64,31,48,49,24,3,0,1,0,0.75,0.0,0.0,0.0
64,31,48,49,33,2,2,1,0,0.6666666666666666,1.0,0.0,1.0
64,31,48,49,34,3,0,3,0,1.5,0.0,0.0,0.0
64,31,48,49,35,7,6,5,1,2.9166666666666665,0.8571428571428571,0.2,0.657142857142857
64,31,48,49,36,3,0,9,0,2.25,0.0,0.0,0.0
64,31,48,49,37,1,0,10,0,0.9090909090909091,0.0,0.0,0.0
64,31,56,57,11,2,0,28,0,1.8666666666666667,0.0,0.0,0.0
64,31,56,57,12,1,0,29,0,0.9666666666666667,0.0,0.0,0.0
64,31,56,57,13,3,1,28,0,2.7096774193548385,0.3333333333333333,0.0,0.3333333333333333
64,31,56,57,15,1,0,26,0,0.9629629629629629,0.0,0.0,0.0
64,31,56,57,17,2,0,23,0,1.84,0.0,0.0,0.0
64,31,56,57,27,2,0,10,0,1.6666666666666667,0.0,0.0,0.0
64,31,56,57,28,1,0,10,0,0.9090909090909091,0.0,0.0,0.0
64,31,56,57,29,9,0,2,0,1.6363636363636365,0.0,0.0,0.0
64,31,56,57,30,3,0,1,0,0.75,0.0,0.0,0.0
64,31,56,57,38,1,0,1,0,0.5,0.0,0.0,0.0
64,31,56,57,39,4,0,1,0,0.8,0.0,0.0,0.0
64,31,56,57,40,1,0,4,0,0.8,0.0,0.0,0.0
64,31,64,65,29,1,0,13,0,0.9285714285714286,0.0,0.0,0.0
64,31,64,65,31,2,0,13,0,1.7333333333333334,0.0,0.0,0.0
64,31,64,65,32,4,0,11,0,2.933333333333333,0.0,0.0,0.0
64,31,64,65,33,11,1,1,0,0.9166666666666666,0.09090909090909091,0.0,0.09090909090909091
64,31,64,65,42,1,0,2,0,0.6666666666666666,0.0,0.0,0.0
64,31,72,73,32,1,0,15,0,0.9375,0.0,0.0,0.0
64,31,72,73,34,3,0,13,0,2.4375,0.0,0.0,0.0
64,31,72,73,35,11,1,4,0,2.933333333333333,0.09090909090909091,0.0,0.09090909090909091
64,31,80,81,37,6,0,5,0,2.727272727272727,0.0,0.0,0.0
64,31,80,81,39,2,0,1,0,0.6666666666666666,0.0,0.0,0.0
64,31,88,89,39,4,0,3,0,1.7142857142857142,0.0,0.0,0.0
