size,map_index,start_step,end_step,distance,frontier_opportunities,frontier_acquired,nonfrontier_opportunities,nonfrontier_acquired,matched_weight,frontier_rate,nonfrontier_rate,rate_difference
32,0,24,25,18,1,0,1,0,0.5,0.0,0.0,0.0
32,0,24,25,19,2,1,2,0,1.0,0.5,0.0,0.5
32,0,40,41,26,2,0,1,0,0.6666666666666666,0.0,0.0,0.0
32,0,40,41,27,3,0,1,0,0.75,0.0,0.0,0.0
32,1,8,9,9,8,8,1,0,0.8888888888888888,1.0,0.0,1.0
32,1,24,25,16,2,0,1,0,0.6666666666666666,0.0,0.0,0.0
32,1,24,25,17,5,3,1,0,0.8333333333333334,0.6,0.0,0.6
32,1,32,33,20,1,0,1,0,0.5,0.0,0.0,0.0
32,1,32,33,21,3,2,3,0,1.5,0.6666666666666666,0.0,0.6666666666666666
32,1,56,57,23,3,1,2,0,1.2,0.3333333333333333,0.0,0.3333333333333333
32,1,56,57,24,1,0,3,0,0.75,0.0,0.0,0.0
32,1,56,57,25,5,3,2,0,1.4285714285714286,0.6,0.0,0.6
32,1,64,65,26,2,0,1,0,0.6666666666666666,0.0,0.0,0.0
32,1,64,65,27,3,2,1,0,0.75,0.6666666666666666,0.0,0.6666666666666666
32,1,64,65,28,2,0,2,0,1.0,0.0,0.0,0.0
32,1,64,65,29,2,0,2,0,1.0,0.0,0.0,0.0
32,2,16,17,13,2,2,1,0,0.6666666666666666,1.0,0.0,1.0
32,2,16,17,14,1,0,3,0,0.75,0.0,0.0,0.0
32,2,16,17,15,3,1,3,0,1.5,0.3333333333333333,0.0,0.3333333333333333
32,2,32,33,18,1,0,1,0,0.5,0.0,0.0,0.0
32,2,32,33,19,2,1,2,0,1.0,0.5,0.0,0.5
32,2,32,33,20,1,0,4,0,0.8,0.0,0.0,0.0
32,2,40,41,20,1,0,1,0,0.5,0.0,0.0,0.0
32,2,40,41,21,2,1,1,0,0.6666666666666666,0.5,0.0,0.5
32,2,40,41,22,1,0,2,0,0.6666666666666666,0.0,0.0,0.0
32,3,8,9,5,1,0,2,0,0.6666666666666666,0.0,0.0,0.0
32,3,8,9,6,2,0,1,0,0.6666666666666666,0.0,0.0,0.0
32,3,16,17,7,1,0,5,0,0.8333333333333334,0.0,0.0,0.0
32,3,16,17,9,1,0,2,0,0.6666666666666666,0.0,0.0,0.0
32,3,16,17,10,3,0,4,0,1.7142857142857142,0.0,0.0,0.0
32,3,16,17,11,1,0,8,0,0.8888888888888888,0.0,0.0,0.0
32,3,16,17,12,2,0,10,0,1.6666666666666667,0.0,0.0,0.0
32,3,16,17,14,3,0,11,0,2.357142857142857,0.0,0.0,0.0
32,3,16,17,16,1,0,14,0,0.9333333333333333,0.0,0.0,0.0
32,3,24,25,16,1,0,14,0,0.9333333333333333,0.0,0.0,0.0
32,3,24,25,18,3,2,10,0,2.3076923076923075,0.6666666666666666,0.0,0.6666666666666666
32,3,24,25,20,2,0,17,0,1.7894736842105263,0.0,0.0,0.0
32,4,16,17,7,2,0,1,0,0.6666666666666666,0.0,0.0,0.0
32,4,16,17,8,3,0,2,0,1.2,0.0,0.0,0.0
32,4,16,17,10,1,0,4,0,0.8,0.0,0.0,0.0
32,4,32,33,2,1,0,1,0,0.5,0.0,0.0,0.0
32,4,40,41,2,1,0,4,0,0.8,0.0,0.0,0.0
32,4,40,41,4,3,0,4,0,1.7142857142857142,0.0,0.0,0.0
32,4,40,41,5,1,0,5,0,0.8333333333333334,0.0,0.0,0.0
32,4,40,41,6,2,0,5,0,1.4285714285714286,0.0,0.0,0.0
32,5,32,33,19,4,2,1,0,0.8,0.5,0.0,0.5
32,5,32,33,20,3,0,4,0,1.7142857142857142,0.0,0.0,0.0
32,5,40,41,20,1,0,3,0,0.75,0.0,0.0,0.0
32,5,40,41,21,4,1,3,0,1.7142857142857142,0.25,0.0,0.25
32,5,64,65,12,2,0,1,0,0.6666666666666666,0.0,0.0,0.0
32,5,64,65,13,3,0,2,0,1.2,0.0,0.0,0.0
32,5,64,65,14,2,0,3,0,1.2,0.0,0.0,0.0
32,5,64,65,15,3,0,2,0,1.2,0.0,0.0,0.0
32,5,64,65,16,1,0,1,0,0.5,0.0,0.0,0.0
32,5,72,73,11,2,0,3,0,1.2,0.0,0.0,0.0
32,5,72,73,13,1,0,5,0,0.8333333333333334,0.0,0.0,0.0
32,5,104,105,4,1,0,1,0,0.5,0.0,0.0,0.0
32,5,104,105,5,2,0,1,0,0.6666666666666666,0.0,0.0,0.0
32,5,104,105,6,1,0,1,0,0.5,0.0,0.0,0.0
32,5,104,105,7,1,0,1,0,0.5,0.0,0.0,0.0
32,5,112,113,1,2,0,1,0,0.6666666666666666,0.0,0.0,0.0
32,5,112,113,2,2,0,2,0,1.0,0.0,0.0,0.0
32,5,112,113,3,3,0,1,0,0.75,0.0,0.0,0.0
32,5,112,113,4,2,0,1,0,0.6666666666666666,0.0,0.0,0.0
32,5,112,113,5,2,0,1,0,0.6666666666666666,0.0,0.0,0.0
32,5,112,113,6,1,0,1,0,0.5,0.0,0.0,0.0
32,5,112,113,7,1,0,1,0,0.5,0.0,0.0,0.0
32,5,120,121,1,2,0,2,0,1.0,0.0,0.0,0.0
32,5,120,121,2,1,0,4,0,0.8,0.0,0.0,0.0
32,5,120,121,3,3,0,3,0,1.5,0.0,0.0,0.0
32,5,120,121,4,1,0,4,0,0.8,0.0,0.0,0.0
32,5,120,121,5,1,0,4,0,0.8,0.0,0.0,0.0
32,5,120,121,6,1,0,3,0,0.75,0.0,0.0,0.0
32,5,128,129,2,2,0,5,0,1.4285714285714286,0.0,0.0,0.0
32,6,16,17,14,2,0,1,0,0.6666666666666666,0.0,0.0,0.0
32,6,16,17,15,2,0,3,0,1.2,0.0,0.0,0.0
32,6,24,25,19,5,5,3,0,1.875,1.0,0.0,1.0
32,6,32,33,21,5,2,1,0,0.8333333333333334,0.4,0.0,0.4
32,6,32,33,22,2,0,6,0,1.5,0.0,0.0,0.0
32,6,32,33,23,3,0,8,0,2.1818181818181817,0.0,0.0,0.0
32,6,40,41,22,1,0,1,0,0.5,0.0,0.0,0.0
32,6,40,41,23,2,1,2,0,1.0,0.5,0.0,0.5
32,6,40,41,24,2,0,4,0,1.3333333333333333,0.0,0.0,0.0
32,6,40,41,25,4,2,5,0,2.2222222222222223,0.5,0.0,0.5
32,6,40,41,26,4,0,8,0,2.6666666666666665,0.0,0.0,0.0
32,6,48,49,25,1,1,1,0,0.5,1.0,0.0,1.0
32,6,48,49,26,1,0,2,0,0.6666666666666666,0.0,0.0,0.0
32,6,48,49,27,2,1,3,0,1.2,0.5,0.0,0.5
32,6,48,49,28,3,0,4,0,1.7142857142857142,0.0,0.0,0.0
32,6,48,49,30,1,0,7,0,0.875,0.0,0.0,0.0
32,6,56,57,31,6,3,2,0,1.5,0.5,0.0,0.5
32,6,64,65,32,2,0,2,0,1.0,0.0,0.0,0.0
32,6,64,65,33,2,1,2,0,1.0,0.5,0.0,0.5
32,6,64,65,34,2,0,3,0,1.2,0.0,0.0,0.0
32,6,64,65,35,2,0,3,0,1.2,0.0,0.0,0.0
32,6,64,65,36,2,0,5,0,1.4285714285714286,0.0,0.0,0.0
32,6,72,73,37,1,1,4,0,0.8,1.0,0.0,1.0
32,6,112,113,39,1,0,5,0,0.8333333333333334,0.0,0.0,0.0
32,6,112,113,41,1,0,3,0,0.75,0.0,0.0,0.0
32,6,120,121,37,1,0,1,0,0.5,0.0,0.0,0.0
32,6,120,121,38,1,0,2,0,0.6666666666666666,0.0,0.0,0.0
32,6,120,121,39,2,1,3,0,1.2,0.5,0.0,0.5
32,6,120,121,40,2,0,3,0,1.2,0.0,0.0,0.0
32,6,120,121,41,1,0,3,0,0.75,0.0,0.0,0.0
32,6,128,129,38,1,0,1,0,0.5,0.0,0.0,0.0
32,6,128,129,39,2,1,2,0,1.0,0.5,0.0,0.5
32,6,128,129,40,1,0,3,0,0.75,0.0,0.0,0.0
32,6,128,129,42,1,0,2,0,0.6666666666666666,0.0,0.0,0.0
32,6,128,129,43,1,0,2,0,0.6666666666666666,0.0,0.0,0.0
32,6,128,129,44,1,0,2,0,0.6666666666666666,0.0,0.0,0.0
32,6,128,129,45,3,2,3,0,1.5,0.6666666666666666,0.0,0.6666666666666666
32,6,136,137,38,1,0,1,0,0.5,0.0,0.0,0.0
32,6,136,137,39,1,0,2,0,0.6666666666666666,0.0,0.0,0.0
32,6,136,137,40,1,0,2,0,0.6666666666666666,0.0,0.0,0.0
32,6,136,137,41,1,0,2,0,0.6666666666666666,0.0,0.0,0.0
32,6,136,137,43,1,0,1,0,0.5,0.0,0.0,0.0
32,6,136,137,44,1,0,1,0,0.5,0.0,0.0,0.0
32,6,136,137,45,2,1,2,0,1.0,0.5,0.0,0.5
32,6,136,137,46,1,0,3,0,0.75,0.0,0.0,0.0
32,6,136,137,47,2,1,3,0,1.2,0.5,0.0,0.5
32,6,136,137,48,1,0,4,0,0.8,0.0,0.0,0.0
32,6,144,145,39,2,1,1,0,0.6666666666666666,0.5,0.0,0.5
32,6,144,145,40,1,0,2,0,0.6666666666666666,0.0,0.0,0.0
32,6,144,145,41,1,0,2,0,0.6666666666666666,0.0,0.0,0.0
32,6,144,145,43,1,0,1,0,0.5,0.0,0.0,0.0
32,6,144,145,44,1,0,1,0,0.5,0.0,0.0,0.0
32,6,144,145,45,1,0,2,0,0.6666666666666666,0.0,0.0,0.0
32,6,144,145,46,1,0,2,0,0.6666666666666666,0.0,0.0,0.0
32,6,144,145,47,1,0,2,0,0.6666666666666666,0.0,0.0,0.0
32,6,144,145,48,2,0,2,0,1.0,0.0,0.0,0.0
32,6,152,153,39,1,0,1,0,0.5,0.0,0.0,0.0
32,6,152,153,40,1,0,1,0,0.5,0.0,0.0,0.0
32,6,152,153,41,1,0,1,0,0.5,0.0,0.0,0.0
32,6,152,153,42,1,0,1,0,0.5,0.0,0.0,0.0
32,6,152,153,43,1,0,1,0,0.5,0.0,0.0,0.0
32,6,152,153,44,1,0,1,0,0.5,0.0,0.0,0.0
32,6,152,153,45,1,0,2,0,0.6666666666666666,0.0,0.0,0.0
32,6,152,153,46,1,0,2,0,0.6666666666666666,0.0,0.0,0.0
32,6,152,153,47,1,0,2,0,0.6666666666666666,0.0,0.0,0.0
32,6,152,153,48,1,0,2,0,0.6666666666666666,0.0,0.0,0.0
32,6,152,153,49,2,0,2,0,1.0,0.0,0.0,0.0
32,6,160,161,45,1,0,1,0,0.5,0.0,0.0,0.0
32,6,160,161,46,1,0,1,0,0.5,0.0,0.0,0.0
32,6,160,161,47,1,0,1,0,0.5,0.0,0.0,0.0
32,6,160,161,48,2,0,1,0,0.6666666666666666,0.0,0.0,0.0
32,6,160,161,49,2,0,2,0,1.0,0.0,0.0,0.0
32,6,168,169,49,3,1,1,0,0.75,0.3333333333333333,0.0,0.3333333333333333
32,6,176,177,50,2,0,1,0,0.6666666666666666,0.0,0.0,0.0
32,6,184,185,51,1,1,3,0,0.75,1.0,0.0,1.0
32,7,16,17,15,8,6,6,0,3.4285714285714284,0.75,0.0,0.75
32,7,24,25,12,1,0,1,0,0.5,0.0,0.0,0.0
32,7,24,25,13,2,0,1,0,0.6666666666666666,0.0,0.0,0.0
32,7,24,25,14,1,0,1,0,0.5,0.0,0.0,0.0
32,7,24,25,15,3,1,1,0,0.75,0.3333333333333333,0.0,0.3333333333333333
32,7,24,25,16,1,0,3,0,0.75,0.0,0.0,0.0
32,7,24,25,17,3,2,5,0,1.875,0.6666666666666666,0.0,0.6666666666666666
32,7,24,25,18,1,0,9,0,0.9,0.0,0.0,0.0
32,7,24,25,19,4,4,10,0,2.857142857142857,1.0,0.0,1.0
32,7,32,33,8,1,0,3,0,0.75,0.0,0.0,0.0
32,7,32,33,9,1,0,4,0,0.8,0.0,0.0,0.0
32,7,32,33,10,1,0,5,0,0.8333333333333334,0.0,0.0,0.0
32,7,32,33,19,1,1,6,0,0.8571428571428571,1.0,0.0,1.0
32,7,32,33,21,1,0,10,0,0.9090909090909091,0.0,0.0,0.0
32,7,40,41,11,1,0,7,0,0.875,0.0,0.0,0.0
32,7,40,41,21,2,0,7,0,1.5555555555555556,0.0,0.0,0.0
32,7,40,41,22,3,0,8,0,2.1818181818181817,0.0,0.0,0.0
32,7,48,49,13,1,0,6,0,0.8571428571428571,0.0,0.0,0.0
32,7,48,49,14,1,0,5,0,0.8333333333333334,0.0,0.0,0.0
32,7,48,49,15,1,0,5,0,0.8333333333333334,0.0,0.0,0.0
32,7,48,49,16,1,0,4,0,0.8,0.0,0.0,0.0
32,7,48,49,17,2,0,4,0,1.3333333333333333,0.0,0.0,0.0
32,7,48,49,22,2,0,6,0,1.5,0.0,0.0,0.0
32,7,48,49,23,1,1,5,0,0.8333333333333334,1.0,0.0,1.0
32,7,48,49,24,1,0,6,0,0.8571428571428571,0.0,0.0,0.0
32,7,48,49,25,3,2,6,0,2.0,0.6666666666666666,0.0,0.6666666666666666
32,7,48,49,26,2,0,9,0,1.6363636363636365,0.0,0.0,0.0
32,7,48,49,27,4,2,11,0,2.933333333333333,0.5,0.0,0.5
32,7,56,57,1,1,0,3,0,0.75,0.0,0.0,0.0
32,7,56,57,2,1,0,5,0,0.8333333333333334,0.0,0.0,0.0
32,7,56,57,3,3,0,4,0,1.7142857142857142,0.0,0.0,0.0
32,7,56,57,4,2,0,4,0,1.3333333333333333,0.0,0.0,0.0
32,7,56,57,5,1,0,2,0,0.6666666666666666,0.0,0.0,0.0
32,7,56,57,15,1,0,7,0,0.875,0.0,0.0,0.0
32,7,56,57,17,2,1,7,0,1.5555555555555556,0.5,0.0,0.5
32,7,56,57,18,1,0,8,0,0.8888888888888888,0.0,0.0,0.0
32,7,56,57,19,2,0,7,0,1.5555555555555556,0.0,0.0,0.0
32,7,56,57,20,1,0,7,0,0.875,0.0,0.0,0.0
32,7,56,57,29,1,1,11,0,0.9166666666666666,1.0,0.0,1.0
32,7,64,65,5,3,0,7,0,2.1,0.0,0.0,0.0
32,7,64,65,6,2,0,6,0,1.5,0.0,0.0,0.0
32,7,64,65,7,4,0,4,0,2.0,0.0,0.0,0.0
32,7,64,65,19,1,0,9,0,0.9,0.0,0.0,0.0
32,7,72,73,9,1,0,8,0,0.8888888888888888,0.0,0.0,0.0
32,7,72,73,19,1,0,9,0,0.9,0.0,0.0,0.0
32,7,80,81,10,1,0,8,0,0.8888888888888888,0.0,0.0,0.0
32,7,80,81,20,1,0,9,0,0.9,0.0,0.0,0.0
32,7,88,89,11,1,0,8,0,0.8888888888888888,0.0,0.0,0.0
32,7,88,89,21,3,0,8,0,2.1818181818181817,0.0,0.0,0.0
32,7,88,89,22,1,0,6,0,0.8571428571428571,0.0,0.0,0.0
32,7,88,89,23,1,0,4,0,0.8,0.0,0.0,0.0
32,7,88,89,24,1,0,6,0,0.8571428571428571,0.0,0.0,0.0
32,7,88,89,25,1,0,6,0,0.8571428571428571,0.0,0.0,0.0
32,7,96,97,11,1,0,8,0,0.8888888888888888,0.0,0.0,0.0
32,7,96,97,12,1,0,6,0,0.8571428571428571,0.0,0.0,0.0
32,7,96,97,13,1,0,7,0,0.875,0.0,0.0,0.0
32,7,96,97,14,1,0,7,0,0.875,0.0,0.0,0.0
32,7,96,97,15,1,0,8,0,0.8888888888888888,0.0,0.0,0.0
32,7,96,97,21,2,0,9,0,1.6363636363636365,0.0,0.0,0.0
32,7,96,97,22,2,0,7,0,1.5555555555555556,0.0,0.0,0.0
32,7,96,97,23,2,0,5,0,1.4285714285714286,0.0,0.0,0.0
32,7,96,97,24,2,0,7,0,1.5555555555555556,0.0,0.0,0.0
32,7,96,97,25,2,0,7,0,1.5555555555555556,0.0,0.0,0.0
32,7,96,97,26,2,0,9,0,1.6363636363636365,0.0,0.0,0.0
32,7,96,97,27,2,0,10,0,1.6666666666666667,0.0,0.0,0.0
32,7,104,105,11,1,0,8,0,0.8888888888888888,0.0,0.0,0.0
32,7,104,105,12,1,0,7,0,0.875,0.0,0.0,0.0
32,7,104,105,13,1,0,8,0,0.8888888888888888,0.0,0.0,0.0
32,7,104,105,14,1,0,8,0,0.8888888888888888,0.0,0.0,0.0
32,7,104,105,15,1,0,9,0,0.9,0.0,0.0,0.0
32,7,104,105,16,1,0,9,0,0.9,0.0,0.0,0.0
32,7,104,105,22,1,0,10,0,0.9090909090909091,0.0,0.0,0.0
32,7,104,105,23,1,0,8,0,0.8888888888888888,0.0,0.0,0.0
32,7,104,105,24,1,0,10,0,0.9090909090909091,0.0,0.0,0.0
32,7,104,105,25,1,0,10,0,0.9090909090909091,0.0,0.0,0.0
32,7,104,105,26,2,0,11,0,1.6923076923076923,0.0,0.0,0.0
32,7,104,105,27,3,0,10,0,2.3076923076923075,0.0,0.0,0.0
32,7,112,113,12,1,0,8,0,0.8888888888888888,0.0,0.0,0.0
32,7,112,113,13,1,0,9,0,0.9,0.0,0.0,0.0
32,7,112,113,14,1,0,9,0,0.9,0.0,0.0,0.0
32,7,112,113,15,1,0,10,0,0.9090909090909091,0.0,0.0,0.0
32,7,112,113,16,1,0,10,0,0.9090909090909091,0.0,0.0,0.0
32,7,112,113,17,1,0,10,0,0.9090909090909091,0.0,0.0,0.0
32,7,112,113,28,2,0,12,0,1.7142857142857142,0.0,0.0,0.0
32,7,120,121,12,1,0,8,0,0.8888888888888888,0.0,0.0,0.0
32,7,120,121,13,1,0,9,0,0.9,0.0,0.0,0.0
32,7,120,121,14,1,0,9,0,0.9,0.0,0.0,0.0
32,7,120,121,15,1,0,10,0,0.9090909090909091,0.0,0.0,0.0
32,7,120,121,16,1,0,10,0,0.9090909090909091,0.0,0.0,0.0
32,7,120,121,17,1,0,10,0,0.9090909090909091,0.0,0.0,0.0
32,7,128,129,13,1,0,10,0,0.9090909090909091,0.0,0.0,0.0
32,7,128,129,14,1,0,10,0,0.9090909090909091,0.0,0.0,0.0
32,7,128,129,15,1,0,11,0,0.9166666666666666,0.0,0.0,0.0
32,7,128,129,16,1,0,11,0,0.9166666666666666,0.0,0.0,0.0
32,7,128,129,17,1,0,11,0,0.9166666666666666,0.0,0.0,0.0
32,7,128,129,18,1,0,10,0,0.9090909090909091,0.0,0.0,0.0
32,7,136,137,14,1,0,11,0,0.9166666666666666,0.0,0.0,0.0
32,7,136,137,16,1,0,13,0,0.9285714285714286,0.0,0.0,0.0
32,7,136,137,17,1,0,13,0,0.9285714285714286,0.0,0.0,0.0
32,7,136,137,18,1,0,12,0,0.9230769230769231,0.0,0.0,0.0
32,7,136,137,19,2,0,10,0,1.6666666666666667,0.0,0.0,0.0
32,7,144,145,16,1,0,14,0,0.9333333333333333,0.0,0.0,0.0
32,7,144,145,18,1,0,14,0,0.9333333333333333,0.0,0.0,0.0
32,7,144,145,21,2,0,11,0,1.6923076923076923,0.0,0.0,0.0
32,8,24,25,20,1,0,3,0,0.75,0.0,0.0,0.0
32,8,32,33,22,2,0,2,0,1.0,0.0,0.0,0.0
32,8,32,33,23,5,2,2,0,1.4285714285714286,0.4,0.0,0.4
32,8,40,41,28,2,0,2,0,1.0,0.0,0.0,0.0
32,9,16,17,15,4,4,3,0,1.7142857142857142,1.0,0.0,1.0
32,9,24,25,16,3,0,2,0,1.2,0.0,0.0,0.0
32,9,32,33,20,2,0,2,0,1.0,0.0,0.0,0.0
32,9,32,33,21,2,1,2,0,1.0,0.5,0.0,0.5
32,9,32,33,22,2,0,2,0,1.0,0.0,0.0,0.0
32,9,32,33,23,2,0,2,0,1.0,0.0,0.0,0.0
32,10,24,25,19,1,1,5,0,0.8333333333333334,1.0,0.0,1.0
32,10,40,41,10,1,0,1,0,0.5,0.0,0.0,0.0
32,10,40,41,11,2,0,1,0,0.6666666666666666,0.0,0.0,0.0
32,10,40,41,13,1,0,3,0,0.75,0.0,0.0,0.0
32,10,40,41,14,1,0,2,0,0.6666666666666666,0.0,0.0,0.0
32,10,40,41,15,1,0,2,0,0.6666666666666666,0.0,0.0,0.0
32,10,40,41,16,1,0,1,0,0.5,0.0,0.0,0.0
32,10,48,49,11,1,0,4,0,0.8,0.0,0.0,0.0
32,10,48,49,13,1,0,5,0,0.8333333333333334,0.0,0.0,0.0
32,10,48,49,15,1,0,5,0,0.8333333333333334,0.0,0.0,0.0
32,10,64,65,2,2,0,1,0,0.6666666666666666,0.0,0.0,0.0
32,10,64,65,3,2,0,2,0,1.0,0.0,0.0,0.0
32,10,64,65,4,1,0,2,0,0.6666666666666666,0.0,0.0,0.0
32,10,72,73,1,2,0,1,0,0.6666666666666666,0.0,0.0,0.0
32,10,72,73,3,3,0,3,0,1.5,0.0,0.0,0.0
32,10,80,81,5,2,0,4,0,1.3333333333333333,0.0,0.0,0.0
32,11,16,17,13,4,3,1,0,0.8,0.75,0.0,0.75
32,11,16,17,14,2,0,4,0,1.3333333333333333,0.0,0.0,0.0
32,11,16,17,15,4,2,4,0,2.0,0.5,0.0,0.5
32,11,40,41,23,2,1,1,0,0.6666666666666666,0.5,0.0,0.5
32,11,40,41,25,4,3,2,0,1.3333333333333333,0.75,0.0,0.75
32,11,40,41,27,2,0,4,0,1.3333333333333333,0.0,0.0,0.0
32,11,48,49,24,1,0,1,0,0.5,0.0,0.0,0.0
32,11,48,49,25,1,0,1,0,0.5,0.0,0.0,0.0
32,11,48,49,26,1,0,1,0,0.5,0.0,0.0,0.0
32,11,48,49,27,2,1,2,0,1.0,0.5,0.0,0.5
32,11,48,49,28,1,0,3,0,0.75,0.0,0.0,0.0
32,11,72,73,30,2,0,2,0,1.0,0.0,0.0,0.0
32,11,72,73,31,2,0,3,0,1.2,0.0,0.0,0.0
32,11,72,73,32,2,0,4,0,1.3333333333333333,0.0,0.0,0.0
32,11,72,73,33,2,0,4,0,1.3333333333333333,0.0,0.0,0.0
32,11,72,73,34,2,0,4,0,1.3333333333333333,0.0,0.0,0.0
32,11,72,73,35,3,0,4,0,1.7142857142857142,0.0,0.0,0.0
32,11,80,81,31,2,0,1,0,0.6666666666666666,0.0,0.0,0.0
32,11,80,81,32,2,0,2,0,1.0,0.0,0.0,0.0
32,11,80,81,33,2,0,2,0,1.0,0.0,0.0,0.0
32,11,80,81,34,2,0,2,0,1.0,0.0,0.0,0.0
32,11,80,81,35,2,0,2,0,1.0,0.0,0.0,0.0
32,11,80,81,36,2,0,2,0,1.0,0.0,0.0,0.0
32,11,80,81,37,2,0,2,0,1.0,0.0,0.0,0.0
32,11,88,89,38,1,0,1,0,0.5,0.0,0.0,0.0
32,12,32,33,22,2,0,1,0,0.6666666666666666,0.0,0.0,0.0
32,12,32,33,23,2,0,2,0,1.0,0.0,0.0,0.0
32,12,32,33,24,2,0,2,0,1.0,0.0,0.0,0.0
32,12,32,33,25,2,0,2,0,1.0,0.0,0.0,0.0
32,13,8,9,9,11,11,1,0,0.9166666666666666,1.0,0.0,1.0
32,13,16,17,13,1,1,3,0,0.75,1.0,0.0,1.0
32,13,16,17,14,2,1,6,0,1.5,0.5,0.0,0.5
32,13,16,17,15,9,3,7,0,3.9375,0.3333333333333333,0.0,0.3333333333333333
32,13,24,25,14,3,0,2,0,1.2,0.0,0.0,0.0
32,13,24,25,18,1,0,5,0,0.8333333333333334,0.0,0.0,0.0
32,13,24,25,19,1,1,6,0,0.8571428571428571,1.0,0.0,1.0
32,13,32,33,15,1,1,1,0,0.5,1.0,0.0,1.0
32,13,32,33,16,1,0,2,0,0.6666666666666666,0.0,0.0,0.0
32,13,32,33,17,2,1,3,0,1.2,0.5,0.0,0.5
32,13,32,33,18,2,0,3,0,1.2,0.0,0.0,0.0
32,13,32,33,20,2,0,3,0,1.2,0.0,0.0,0.0
32,13,32,33,21,4,2,3,0,1.7142857142857142,0.5,0.0,0.5
32,13,32,33,22,2,0,6,0,1.5,0.0,0.0,0.0
32,13,40,41,17,1,1,1,0,0.5,1.0,0.0,1.0
32,13,40,41,18,1,0,1,0,0.5,0.0,0.0,0.0
32,13,40,41,19,2,2,1,0,0.6666666666666666,1.0,0.0,1.0
32,13,40,41,21,1,1,2,0,0.6666666666666666,1.0,0.0,1.0
32,13,40,41,23,1,1,5,0,0.8333333333333334,1.0,0.0,1.0
32,13,40,41,24,1,0,5,0,0.8333333333333334,0.0,0.0,0.0
32,13,56,57,23,2,0,2,0,1.0,0.0,0.0,0.0
32,13,56,57,24,3,0,2,0,1.2,0.0,0.0,0.0
32,13,64,65,28,2,0,2,0,1.0,0.0,0.0,0.0
32,13,64,65,31,2,0,2,0,1.0,0.0,0.0,0.0
32,13,64,65,32,2,0,2,0,1.0,0.0,0.0,0.0
32,13,64,65,33,2,0,3,0,1.2,0.0,0.0,0.0
32,13,72,73,33,2,0,1,0,0.6666666666666666,0.0,0.0,0.0
32,13,72,73,34,2,0,1,0,0.6666666666666666,0.0,0.0,0.0
32,13,112,113,36,3,0,1,0,0.75,0.0,0.0,0.0
32,13,120,121,37,2,1,1,0,0.6666666666666666,0.5,0.0,0.5
32,13,120,121,38,1,0,2,0,0.6666666666666666,0.0,0.0,0.0
32,13,120,121,39,1,0,3,0,0.75,0.0,0.0,0.0
32,13,120,121,40,1,0,4,0,0.8,0.0,0.0,0.0
32,13,120,121,41,2,1,5,0,1.4285714285714286,0.5,0.0,0.5
32,13,120,121,42,2,0,6,0,1.5,0.0,0.0,0.0
32,13,128,129,37,1,0,1,0,0.5,0.0,0.0,0.0
32,13,128,129,38,1,0,1,0,0.5,0.0,0.0,0.0
32,13,128,129,39,1,0,2,0,0.6666666666666666,0.0,0.0,0.0
32,13,128,129,40,1,0,3,0,0.75,0.0,0.0,0.0
32,13,128,129,41,1,0,4,0,0.8,0.0,0.0,0.0
32,13,128,129,42,1,0,5,0,0.8333333333333334,0.0,0.0,0.0
32,13,128,129,43,1,0,6,0,0.8571428571428571,0.0,0.0,0.0
32,13,216,217,40,2,0,1,0,0.6666666666666666,0.0,0.0,0.0
32,13,224,225,40,1,0,1,0,0.5,0.0,0.0,0.0
32,13,224,225,41,2,0,2,0,1.0,0.0,0.0,0.0
32,13,232,233,40,1,0,1,0,0.5,0.0,0.0,0.0
32,13,232,233,41,1,0,2,0,0.6666666666666666,0.0,0.0,0.0
32,13,232,233,42,1,0,3,0,0.75,0.0,0.0,0.0
32,13,232,233,43,2,1,4,0,1.3333333333333333,0.5,0.0,0.5
32,13,240,241,40,1,0,1,0,0.5,0.0,0.0,0.0
32,13,240,241,41,1,0,2,0,0.6666666666666666,0.0,0.0,0.0
32,13,240,241,42,1,0,3,0,0.75,0.0,0.0,0.0
32,13,240,241,43,1,0,4,0,0.8,0.0,0.0,0.0
32,13,240,241,44,1,0,5,0,0.8333333333333334,0.0,0.0,0.0
32,13,240,241,45,2,0,6,0,1.5,0.0,0.0,0.0
32,13,248,249,41,1,0,2,0,0.6666666666666666,0.0,0.0,0.0
32,13,248,249,42,1,0,3,0,0.75,0.0,0.0,0.0
32,13,248,249,43,1,0,4,0,0.8,0.0,0.0,0.0
32,13,248,249,44,1,0,5,0,0.8333333333333334,0.0,0.0,0.0
32,13,248,249,45,2,0,6,0,1.5,0.0,0.0,0.0
32,14,16,17,12,1,0,1,0,0.5,0.0,0.0,0.0
32,14,16,17,13,4,3,2,0,1.3333333333333333,0.75,0.0,0.75
32,14,16,17,14,1,0,6,0,0.8571428571428571,0.0,0.0,0.0
32,14,16,17,15,5,0,5,0,2.5,0.0,0.0,0.0
32,14,24,25,17,2,2,3,0,1.2,1.0,0.0,1.0
32,14,32,33,9,1,0,1,0,0.5,0.0,0.0,0.0
32,14,32,33,10,1,0,1,0,0.5,0.0,0.0,0.0
32,14,32,33,11,1,0,1,0,0.5,0.0,0.0,0.0
32,14,32,33,13,1,0,2,0,0.6666666666666666,0.0,0.0,0.0
32,14,32,33,14,1,0,2,0,0.6666666666666666,0.0,0.0,0.0
32,14,32,33,15,1,0,1,0,0.5,0.0,0.0,0.0
32,14,40,41,11,1,0,3,0,0.75,0.0,0.0,0.0
32,14,40,41,13,1,0,4,0,0.8,0.0,0.0,0.0
32,14,40,41,15,1,0,4,0,0.8,0.0,0.0,0.0
32,14,64,65,5,2,0,1,0,0.6666666666666666,0.0,0.0,0.0
32,14,64,65,6,1,0,2,0,0.6666666666666666,0.0,0.0,0.0
32,14,64,65,7,1,0,2,0,0.6666666666666666,0.0,0.0,0.0
32,14,72,73,3,2,0,1,0,0.6666666666666666,0.0,0.0,0.0
32,14,72,73,5,1,0,3,0,0.75,0.0,0.0,0.0
32,14,72,73,6,1,0,3,0,0.75,0.0,0.0,0.0
32,14,80,81,2,1,0,3,0,0.75,0.0,0.0,0.0
32,14,80,81,4,1,0,4,0,0.8,0.0,0.0,0.0
32,14,80,81,5,1,0,4,0,0.8,0.0,0.0,0.0
32,14,88,89,5,1,0,4,0,0.8,0.0,0.0,0.0
32,14,96,97,6,1,0,4,0,0.8,0.0,0.0,0.0
32,14,104,105,6,1,0,4,0,0.8,0.0,0.0,0.0
32,14,112,113,7,1,0,3,0,0.75,0.0,0.0,0.0
32,14,120,121,7,1,0,3,0,0.75,0.0,0.0,0.0
32,14,120,121,8,1,0,2,0,0.6666666666666666,0.0,0.0,0.0
32,14,120,121,9,1,0,2,0,0.6666666666666666,0.0,0.0,0.0
32,14,128,129,8,2,0,3,0,1.2,0.0,0.0,0.0
32,14,128,129,9,3,0,2,0,1.2,0.0,0.0,0.0
32,14,128,129,10,2,0,3,0,1.2,0.0,0.0,0.0
32,14,128,129,11,2,0,4,0,1.3333333333333333,0.0,0.0,0.0
32,14,128,129,12,1,0,5,0,0.8333333333333334,0.0,0.0,0.0
32,14,128,129,13,1,0,6,0,0.8571428571428571,0.0,0.0,0.0
32,14,136,137,8,1,0,4,0,0.8,0.0,0.0,0.0
32,14,136,137,9,3,0,3,0,1.5,0.0,0.0,0.0
32,14,136,137,10,2,0,4,0,1.3333333333333333,0.0,0.0,0.0
32,14,136,137,11,2,0,5,0,1.4285714285714286,0.0,0.0,0.0
32,14,136,137,12,2,0,6,0,1.5,0.0,0.0,0.0
32,14,136,137,13,2,0,7,0,1.5555555555555556,0.0,0.0,0.0
32,14,136,137,14,2,0,7,0,1.5555555555555556,0.0,0.0,0.0
32,14,136,137,15,2,0,5,0,1.4285714285714286,0.0,0.0,0.0
32,14,144,145,9,1,0,6,0,0.8571428571428571,0.0,0.0,0.0
32,14,144,145,10,1,0,7,0,0.875,0.0,0.0,0.0
32,14,144,145,11,1,0,8,0,0.8888888888888888,0.0,0.0,0.0
32,14,144,145,12,1,0,9,0,0.9,0.0,0.0,0.0
32,14,144,145,13,2,0,9,0,1.6363636363636365,0.0,0.0,0.0
32,14,144,145,14,1,0,9,0,0.9,0.0,0.0,0.0
32,14,144,145,15,3,0,5,0,1.875,0.0,0.0,0.0
32,14,152,153,15,2,0,8,0,1.6,0.0,0.0,0.0
32,14,152,153,16,1,0,6,0,0.8571428571428571,0.0,0.0,0.0
32,15,8,9,8,1,0,2,0,0.6666666666666666,0.0,0.0,0.0
32,15,8,9,9,9,9,2,0,1.6363636363636365,1.0,0.0,1.0
32,16,8,9,8,1,0,1,0,0.5,0.0,0.0,0.0
32,16,8,9,9,5,4,2,0,1.4285714285714286,0.8,0.0,0.8
32,16,16,17,14,5,1,3,0,1.875,0.2,0.0,0.2
32,16,16,17,15,8,4,6,0,3.4285714285714284,0.5,0.0,0.5
32,16,24,25,18,3,0,2,0,1.2,0.0,0.0,0.0
32,16,24,25,19,3,2,6,0,2.0,0.6666666666666666,0.0,0.6666666666666666
32,16,24,25,20,2,0,9,0,1.6363636363636365,0.0,0.0,0.0
32,16,32,33,20,1,0,3,0,0.75,0.0,0.0,0.0
32,16,32,33,21,1,1,5,0,0.8333333333333334,1.0,0.0,1.0
32,16,32,33,22,1,0,7,0,0.875,0.0,0.0,0.0
32,16,32,33,23,4,2,8,0,2.6666666666666665,0.5,0.0,0.5
32,16,40,41,20,1,0,1,0,0.5,0.0,0.0,0.0
32,16,40,41,21,2,1,2,0,1.0,0.5,0.0,0.5
32,16,40,41,27,3,3,5,0,1.875,1.0,0.0,1.0
32,16,48,49,22,1,0,2,0,0.6666666666666666,0.0,0.0,0.0
32,16,48,49,23,1,0,3,0,0.75,0.0,0.0,0.0
32,16,48,49,24,1,0,4,0,0.8,0.0,0.0,0.0
32,16,48,49,25,1,0,4,0,0.8,0.0,0.0,0.0
32,16,48,49,26,1,0,4,0,0.8,0.0,0.0,0.0
32,16,48,49,27,1,0,4,0,0.8,0.0,0.0,0.0
32,16,56,57,28,1,0,3,0,0.75,0.0,0.0,0.0
32,17,8,9,9,9,5,2,0,1.6363636363636365,0.5555555555555556,0.0,0.5555555555555556
32,17,16,17,14,5,2,1,0,0.8333333333333334,0.4,0.0,0.4
32,17,16,17,15,5,0,6,0,2.727272727272727,0.0,0.0,0.0
32,17,24,25,19,1,1,8,0,0.8888888888888888,1.0,0.0,1.0
32,17,32,33,16,2,0,1,0,0.6666666666666666,0.0,0.0,0.0
32,17,32,33,17,3,2,2,0,1.2,0.6666666666666666,0.0,0.6666666666666666
32,17,32,33,18,2,0,4,0,1.3333333333333333,0.0,0.0,0.0
32,17,32,33,19,3,0,5,0,1.875,0.0,0.0,0.0
32,17,40,41,19,3,2,2,0,1.2,0.6666666666666666,0.0,0.6666666666666666
32,17,40,41,20,1,0,3,0,0.75,0.0,0.0,0.0
32,17,40,41,21,3,0,3,0,1.5,0.0,0.0,0.0
32,17,48,49,23,2,2,3,0,1.2,1.0,0.0,1.0
32,17,64,65,25,1,0,1,0,0.5,0.0,0.0,0.0
32,17,64,65,26,1,0,2,0,0.6666666666666666,0.0,0.0,0.0
32,17,64,65,27,2,1,2,0,1.0,0.5,0.0,0.5
32,17,64,65,28,1,0,3,0,0.75,0.0,0.0,0.0
32,17,64,65,29,2,0,3,0,1.2,0.0,0.0,0.0
32,17,72,73,26,1,0,1,0,0.5,0.0,0.0,0.0
32,17,72,73,27,1,0,1,0,0.5,0.0,0.0,0.0
32,17,72,73,28,1,0,1,0,0.5,0.0,0.0,0.0
32,17,72,73,29,2,1,1,0,0.6666666666666666,0.5,0.0,0.5
32,17,72,73,30,1,0,2,0,0.6666666666666666,0.0,0.0,0.0
32,18,16,17,15,10,5,2,0,1.6666666666666667,0.5,0.0,0.5
32,19,8,9,9,5,5,1,0,0.8333333333333334,1.0,0.0,1.0
32,20,16,17,12,1,0,3,0,0.75,0.0,0.0,0.0
32,20,16,17,13,2,2,5,0,1.4285714285714286,1.0,0.0,1.0
32,20,16,17,14,1,0,8,0,0.8888888888888888,0.0,0.0,0.0
32,20,16,17,15,2,1,9,0,1.6363636363636365,0.5,0.0,0.5
32,20,24,25,13,3,0,1,0,0.75,0.0,0.0,0.0
32,20,24,25,18,1,0,5,0,0.8333333333333334,0.0,0.0,0.0
32,20,24,25,19,2,1,8,0,1.6,0.5,0.0,0.5
32,20,32,33,15,2,2,1,0,0.6666666666666666,1.0,0.0,1.0
32,20,32,33,16,2,0,3,0,1.2,0.0,0.0,0.0
32,20,32,33,21,2,0,11,0,1.6923076923076923,0.0,0.0,0.0
32,20,32,33,22,2,0,12,0,1.7142857142857142,0.0,0.0,0.0
32,20,32,33,23,5,2,12,0,3.5294117647058822,0.4,0.0,0.4
32,20,40,41,17,1,0,1,0,0.5,0.0,0.0,0.0
32,20,40,41,19,1,1,6,0,0.8571428571428571,1.0,0.0,1.0
32,20,40,41,27,1,0,12,0,0.9230769230769231,0.0,0.0,0.0
32,20,48,49,19,2,1,4,0,1.3333333333333333,0.5,0.0,0.5
32,20,48,49,21,2,0,9,0,1.6363636363636365,0.0,0.0,0.0
32,20,56,57,21,2,1,7,0,1.5555555555555556,0.5,0.0,0.5
32,20,56,57,22,1,0,8,0,0.8888888888888888,0.0,0.0,0.0
32,20,56,57,23,1,0,9,0,0.9,0.0,0.0,0.0
32,20,56,57,24,1,0,9,0,0.9,0.0,0.0,0.0
32,20,64,65,21,3,1,1,0,0.75,0.3333333333333333,0.0,0.3333333333333333
32,20,64,65,22,2,0,1,0,0.6666666666666666,0.0,0.0,0.0
32,20,64,65,23,2,0,2,0,1.0,0.0,0.0,0.0
32,20,64,65,24,2,0,2,0,1.0,0.0,0.0,0.0
32,20,64,65,25,6,3,4,0,2.4,0.5,0.0,0.5
32,20,64,65,26,3,0,9,0,2.25,0.0,0.0,0.0
32,20,72,73,23,1,0,1,0,0.5,0.0,0.0,0.0
32,20,72,73,24,1,0,1,0,0.5,0.0,0.0,0.0
32,20,72,73,25,2,0,3,0,1.2,0.0,0.0,0.0
32,20,72,73,26,1,0,6,0,0.8571428571428571,0.0,0.0,0.0
32,20,72,73,27,3,2,9,0,2.25,0.6666666666666666,0.0,0.6666666666666666
32,20,80,81,26,1,0,5,0,0.8333333333333334,0.0,0.0,0.0
32,20,88,89,26,1,0,5,0,0.8333333333333334,0.0,0.0,0.0
32,20,96,97,27,3,1,6,0,2.0,0.3333333333333333,0.0,0.3333333333333333
32,20,104,105,28,4,0,7,0,2.5454545454545454,0.0,0.0,0.0
32,20,104,105,29,2,0,11,0,1.6923076923076923,0.0,0.0,0.0
32,20,104,105,30,2,0,11,0,1.6923076923076923,0.0,0.0,0.0
32,20,104,105,31,2,0,11,0,1.6923076923076923,0.0,0.0,0.0
32,20,104,105,32,3,0,10,0,2.3076923076923075,0.0,0.0,0.0
32,20,112,113,26,2,0,2,0,1.0,0.0,0.0,0.0
32,20,112,113,27,3,1,3,0,1.5,0.3333333333333333,0.0,0.3333333333333333
32,20,112,113,28,2,0,7,0,1.5555555555555556,0.0,0.0,0.0
32,20,112,113,29,2,0,9,1,1.6363636363636365,0.0,0.1111111111111111,-0.1111111111111111
32,20,112,113,30,2,0,9,0,1.6363636363636365,0.0,0.0,0.0
32,20,112,113,31,2,0,9,0,1.6363636363636365,0.0,0.0,0.0
32,20,112,113,32,2,0,8,0,1.6,0.0,0.0,0.0
32,20,112,113,33,4,2,6,0,2.4,0.5,0.0,0.5
32,20,112,113,34,2,0,6,0,1.5,0.0,0.0,0.0
32,20,120,121,27,3,1,1,0,0.75,0.3333333333333333,0.0,0.3333333333333333
32,20,120,121,28,2,0,3,0,1.2,0.0,0.0,0.0
32,20,120,121,29,4,2,4,0,2.0,0.5,0.0,0.5
32,20,120,121,30,3,0,5,0,1.875,0.0,0.0,0.0
32,20,120,121,31,3,1,5,0,1.875,0.3333333333333333,0.0,0.3333333333333333
32,20,120,121,32,3,0,5,0,1.875,0.0,0.0,0.0
32,20,120,121,33,3,2,5,0,1.875,0.6666666666666666,0.0,0.6666666666666666
32,20,120,121,34,2,0,4,0,1.3333333333333333,0.0,0.0,0.0
32,20,120,121,35,2,0,3,0,1.2,0.0,0.0,0.0
32,20,128,129,27,2,1,1,0,0.6666666666666666,0.5,0.0,0.5
32,20,128,129,28,2,0,2,0,1.0,0.0,0.0,0.0
32,20,128,129,29,2,0,3,0,1.2,0.0,0.0,0.0
32,20,128,129,30,2,0,3,0,1.2,0.0,0.0,0.0
32,20,128,129,31,2,0,3,0,1.2,0.0,0.0,0.0
32,20,128,129,32,2,0,3,0,1.2,0.0,0.0,0.0
32,20,128,129,33,2,0,3,0,1.2,0.0,0.0,0.0
32,20,128,129,35,2,1,2,0,1.0,0.5,0.0,0.5
32,20,136,137,28,1,0,1,0,0.5,0.0,0.0,0.0
32,20,136,137,29,1,0,2,0,0.6666666666666666,0.0,0.0,0.0
32,20,136,137,30,1,0,2,0,0.6666666666666666,0.0,0.0,0.0
32,20,136,137,31,1,0,2,0,0.6666666666666666,0.0,0.0,0.0
32,20,136,137,32,1,0,2,0,0.6666666666666666,0.0,0.0,0.0
32,20,136,137,33,2,0,2,0,1.0,0.0,0.0,0.0
32,20,144,145,29,1,0,1,0,0.5,0.0,0.0,0.0
32,20,144,145,30,1,0,1,0,0.5,0.0,0.0,0.0
32,20,144,145,31,1,0,1,0,0.5,0.0,0.0,0.0
32,20,144,145,32,1,0,1,0,0.5,0.0,0.0,0.0
32,20,144,145,33,2,1,1,0,0.6666666666666666,0.5,0.0,0.5
32,20,144,145,34,1,0,2,0,0.6666666666666666,0.0,0.0,0.0
32,21,8,9,9,8,5,2,0,1.6,0.625,0.0,0.625
32,21,16,17,12,1,0,1,0,0.5,0.0,0.0,0.0
32,21,16,17,13,7,5,1,0,0.875,0.7142857142857143,0.0,0.7142857142857143
32,21,16,17,14,7,0,6,0,3.230769230769231,0.0,0.0,0.0
32,21,16,17,15,7,0,9,0,3.9375,0.0,0.0,0.0
32,21,24,25,17,3,2,3,0,1.5,0.6666666666666666,0.0,0.6666666666666666
32,21,24,25,18,1,0,6,0,0.8571428571428571,0.0,0.0,0.0
32,21,24,25,19,3,2,7,0,2.1,0.6666666666666666,0.0,0.6666666666666666
32,21,32,33,20,1,0,4,0,0.8,0.0,0.0,0.0
32,21,32,33,21,2,1,5,0,1.4285714285714286,0.5,0.0,0.5
32,21,48,49,13,1,0,3,0,0.75,0.0,0.0,0.0
32,21,48,49,14,1,0,3,0,0.75,0.0,0.0,0.0
32,21,56,57,15,1,0,2,0,0.6666666666666666,0.0,0.0,0.0
32,21,64,65,15,1,0,2,0,0.6666666666666666,0.0,0.0,0.0
32,21,72,73,16,1,0,2,0,0.6666666666666666,0.0,0.0,0.0
32,21,72,73,17,2,0,1,0,0.6666666666666666,0.0,0.0,0.0
32,21,72,73,18,1,0,1,0,0.5,0.0,0.0,0.0
32,21,72,73,19,1,0,2,0,0.6666666666666666,0.0,0.0,0.0
32,21,80,81,17,1,0,3,0,0.75,0.0,0.0,0.0
32,21,80,81,18,2,0,2,0,1.0,0.0,0.0,0.0
32,21,80,81,19,1,0,3,0,0.75,0.0,0.0,0.0
32,21,80,81,20,1,0,4,0,0.8,0.0,0.0,0.0
32,21,80,81,21,1,0,4,0,0.8,0.0,0.0,0.0
32,21,88,89,21,2,0,5,0,1.4285714285714286,0.0,0.0,0.0
32,21,88,89,22,1,0,5,0,0.8333333333333334,0.0,0.0,0.0
32,21,96,97,5,1,0,1,0,0.5,0.0,0.0,0.0
32,21,104,105,3,1,0,1,0,0.5,0.0,0.0,0.0
32,21,104,105,4,1,0,1,0,0.5,0.0,0.0,0.0
32,21,104,105,5,1,0,1,0,0.5,0.0,0.0,0.0
32,21,104,105,6,1,0,1,0,0.5,0.0,0.0,0.0
32,21,104,105,7,1,0,2,0,0.6666666666666666,0.0,0.0,0.0
32,21,104,105,8,1,0,3,0,0.75,0.0,0.0,0.0
32,21,104,105,9,1,0,4,0,0.8,0.0,0.0,0.0
32,21,112,113,3,2,0,1,0,0.6666666666666666,0.0,0.0,0.0
32,21,112,113,4,1,0,2,0,0.6666666666666666,0.0,0.0,0.0
32,21,112,113,5,1,0,2,0,0.6666666666666666,0.0,0.0,0.0
32,21,112,113,6,2,0,1,0,0.6666666666666666,0.0,0.0,0.0
32,21,112,113,7,1,0,3,0,0.75,0.0,0.0,0.0
32,21,112,113,9,1,0,4,0,0.8,0.0,0.0,0.0
32,21,120,121,2,1,0,1,0,0.5,0.0,0.0,0.0
32,21,120,121,3,1,0,2,0,0.6666666666666666,0.0,0.0,0.0
32,21,120,121,4,1,0,2,0,0.6666666666666666,0.0,0.0,0.0
32,21,120,121,5,1,0,2,0,0.6666666666666666,0.0,0.0,0.0
32,21,120,121,6,1,0,2,0,0.6666666666666666,0.0,0.0,0.0
32,21,120,121,7,2,0,3,0,1.2,0.0,0.0,0.0
32,21,120,121,8,1,0,4,0,0.8,0.0,0.0,0.0
32,21,128,129,2,2,0,1,0,0.6666666666666666,0.0,0.0,0.0
32,21,128,129,3,1,0,3,0,0.75,0.0,0.0,0.0
32,21,128,129,4,1,0,3,0,0.75,0.0,0.0,0.0
32,21,128,129,5,1,0,3,0,0.75,0.0,0.0,0.0
32,21,128,129,6,1,0,3,0,0.75,0.0,0.0,0.0
32,21,128,129,7,1,0,4,0,0.8,0.0,0.0,0.0
32,21,128,129,8,1,0,4,0,0.8,0.0,0.0,0.0
32,21,136,137,1,3,0,1,0,0.75,0.0,0.0,0.0
32,21,136,137,2,1,0,3,0,0.75,0.0,0.0,0.0
32,21,136,137,3,1,0,4,0,0.8,0.0,0.0,0.0
32,21,136,137,4,1,0,4,0,0.8,0.0,0.0,0.0
32,21,136,137,6,1,0,3,0,0.75,0.0,0.0,0.0
32,21,136,137,7,2,0,4,0,1.3333333333333333,0.0,0.0,0.0
32,21,144,145,3,3,0,6,0,2.0,0.0,0.0,0.0
32,21,144,145,4,2,0,5,0,1.4285714285714286,0.0,0.0,0.0
32,21,144,145,5,1,0,5,0,0.8333333333333334,0.0,0.0,0.0
32,21,144,145,6,2,0,4,0,1.3333333333333333,0.0,0.0,0.0
32,21,144,145,7,1,0,5,0,0.8333333333333334,0.0,0.0,0.0
32,21,152,153,7,5,0,5,0,2.5,0.0,0.0,0.0
32,21,152,153,8,1,0,5,0,0.8333333333333334,0.0,0.0,0.0
32,21,160,161,7,1,0,9,0,0.9,0.0,0.0,0.0
32,21,160,161,9,2,0,5,0,1.4285714285714286,0.0,0.0,0.0
32,21,168,169,7,1,0,9,0,0.9,0.0,0.0,0.0
32,21,168,169,9,1,0,6,0,0.8571428571428571,0.0,0.0,0.0
32,21,176,177,8,1,0,8,0,0.8888888888888888,0.0,0.0,0.0
32,21,176,177,9,1,0,6,0,0.8571428571428571,0.0,0.0,0.0
32,21,184,185,8,1,0,8,0,0.8888888888888888,0.0,0.0,0.0
32,21,184,185,10,1,0,5,0,0.8333333333333334,0.0,0.0,0.0
32,21,192,193,8,1,0,8,0,0.8888888888888888,0.0,0.0,0.0
32,21,192,193,10,1,0,5,0,0.8333333333333334,0.0,0.0,0.0
32,21,200,201,8,1,0,8,0,0.8888888888888888,0.0,0.0,0.0
32,21,200,201,9,1,0,7,0,0.875,0.0,0.0,0.0
32,21,200,201,11,1,0,4,0,0.8,0.0,0.0,0.0
32,21,208,209,8,1,0,8,0,0.8888888888888888,0.0,0.0,0.0
32,21,208,209,9,1,0,7,0,0.875,0.0,0.0,0.0
32,21,208,209,10,1,0,6,0,0.8571428571428571,0.0,0.0,0.0
32,21,208,209,11,1,0,4,0,0.8,0.0,0.0,0.0
32,21,216,217,9,3,0,7,0,2.1,0.0,0.0,0.0
32,21,216,217,10,1,0,6,0,0.8571428571428571,0.0,0.0,0.0
32,21,216,217,11,2,0,4,0,1.3333333333333333,0.0,0.0,0.0
32,21,216,217,12,2,0,5,0,1.4285714285714286,0.0,0.0,0.0
32,21,216,217,13,3,0,4,0,1.7142857142857142,0.0,0.0,0.0
32,21,216,217,14,1,0,4,0,0.8,0.0,0.0,0.0
32,21,216,217,15,1,0,3,0,0.75,0.0,0.0,0.0
32,21,224,225,9,2,0,8,0,1.6,0.0,0.0,0.0
32,21,224,225,10,3,0,6,0,2.0,0.0,0.0,0.0
32,21,224,225,11,2,0,4,0,1.3333333333333333,0.0,0.0,0.0
32,21,224,225,12,2,0,5,0,1.4285714285714286,0.0,0.0,0.0
32,21,224,225,13,2,0,5,0,1.4285714285714286,0.0,0.0,0.0
32,21,224,225,14,1,0,5,0,0.8333333333333334,0.0,0.0,0.0
32,21,224,225,15,1,0,4,0,0.8,0.0,0.0,0.0
32,21,224,225,16,2,0,3,0,1.2,0.0,0.0,0.0
32,21,232,233,9,2,0,8,0,1.6,0.0,0.0,0.0
32,21,232,233,10,2,0,7,0,1.5555555555555556,0.0,0.0,0.0
32,21,232,233,11,2,0,6,0,1.5,0.0,0.0,0.0
32,21,232,233,12,3,0,7,0,2.1,0.0,0.0,0.0
32,21,232,233,13,5,0,5,0,2.5,0.0,0.0,0.0
32,21,232,233,14,2,0,5,0,1.4285714285714286,0.0,0.0,0.0
32,21,232,233,15,1,0,4,0,0.8,0.0,0.0,0.0
32,21,232,233,16,1,0,4,0,0.8,0.0,0.0,0.0
32,21,240,241,9,2,0,8,0,1.6,0.0,0.0,0.0
32,21,240,241,10,2,0,7,0,1.5555555555555556,0.0,0.0,0.0
32,21,240,241,11,2,0,6,0,1.5,0.0,0.0,0.0
32,21,240,241,12,3,0,7,0,2.1,0.0,0.0,0.0
32,21,240,241,13,3,0,7,0,2.1,0.0,0.0,0.0
32,21,240,241,14,3,0,7,0,2.1,0.0,0.0,0.0
32,21,240,241,15,3,0,5,0,1.875,0.0,0.0,0.0
32,21,240,241,16,2,0,4,0,1.3333333333333333,0.0,0.0,0.0
32,21,248,249,9,2,0,8,0,1.6,0.0,0.0,0.0
32,21,248,249,10,2,0,7,0,1.5555555555555556,0.0,0.0,0.0
32,21,248,249,11,2,0,6,0,1.5,0.0,0.0,0.0
32,21,248,249,12,3,0,7,0,2.1,0.0,0.0,0.0
32,21,248,249,13,3,0,7,0,2.1,0.0,0.0,0.0
32,21,248,249,14,3,0,7,0,2.1,0.0,0.0,0.0
32,21,248,249,15,3,0,5,0,1.875,0.0,0.0,0.0
32,21,248,249,16,1,0,5,0,0.8333333333333334,0.0,0.0,0.0
32,21,248,249,17,1,0,5,0,0.8333333333333334,0.0,0.0,0.0
32,22,8,9,9,9,8,2,0,1.6363636363636365,0.8888888888888888,0.0,0.8888888888888888
32,22,16,17,11,1,0,4,0,0.8,0.0,0.0,0.0
32,22,16,17,13,4,1,6,0,2.4,0.25,0.0,0.25
32,22,16,17,14,2,0,10,0,1.6666666666666667,0.0,0.0,0.0
32,22,16,17,15,6,1,10,0,3.75,0.16666666666666666,0.0,0.16666666666666666
32,22,24,25,5,2,0,1,0,0.6666666666666666,0.0,0.0,0.0
32,22,24,25,6,1,0,2,0,0.6666666666666666,0.0,0.0,0.0
32,22,24,25,12,1,0,5,0,0.8333333333333334,0.0,0.0,0.0
32,22,24,25,13,1,0,6,0,0.8571428571428571,0.0,0.0,0.0
32,22,24,25,14,2,0,5,0,1.4285714285714286,0.0,0.0,0.0
32,22,24,25,15,2,1,4,0,1.3333333333333333,0.5,0.0,0.5
32,22,24,25,16,1,0,5,0,0.8333333333333334,0.0,0.0,0.0
32,22,24,25,17,2,1,5,0,1.4285714285714286,0.5,0.0,0.5
32,22,24,25,19,2,2,8,0,1.6,1.0,0.0,1.0
32,22,32,33,2,2,0,3,0,1.2,0.0,0.0,0.0
32,22,32,33,3,1,0,6,0,0.8571428571428571,0.0,0.0,0.0
32,22,32,33,4,1,0,7,0,0.875,0.0,0.0,0.0
32,22,32,33,5,1,0,6,0,0.8571428571428571,0.0,0.0,0.0
32,22,32,33,14,1,0,7,0,0.875,0.0,0.0,0.0
32,22,32,33,16,3,0,3,0,1.5,0.0,0.0,0.0
32,22,32,33,17,1,0,3,0,0.75,0.0,0.0,0.0
32,22,32,33,18,2,0,1,0,0.6666666666666666,0.0,0.0,0.0
32,22,32,33,19,3,3,3,0,1.5,1.0,0.0,1.0
32,22,32,33,21,1,0,7,0,0.875,0.0,0.0,0.0
32,22,40,41,6,2,0,5,0,1.4285714285714286,0.0,0.0,0.0
32,22,40,41,8,1,0,2,0,0.6666666666666666,0.0,0.0,0.0
32,22,40,41,19,1,0,7,0,0.875,0.0,0.0,0.0
32,22,40,41,20,4,0,4,0,2.0,0.0,0.0,0.0
32,22,40,41,22,2,0,7,0,1.5555555555555556,0.0,0.0,0.0
32,22,40,41,23,3,1,9,0,2.25,0.3333333333333333,0.0,0.3333333333333333
32,22,48,49,7,2,0,5,0,1.4285714285714286,0.0,0.0,0.0
32,22,48,49,8,4,0,3,0,1.7142857142857142,0.0,0.0,0.0
32,22,48,49,9,1,0,4,0,0.8,0.0,0.0,0.0
32,22,48,49,10,5,0,4,0,2.2222222222222223,0.0,0.0,0.0
32,22,48,49,11,2,0,7,0,1.5555555555555556,0.0,0.0,0.0
32,22,48,49,12,4,1,7,0,2.5454545454545454,0.25,0.0,0.25
32,22,48,49,13,2,0,8,0,1.6,0.0,0.0,0.0
32,22,48,49,20,1,0,8,0,0.8888888888888888,0.0,0.0,0.0
32,22,48,49,21,1,0,7,0,0.875,0.0,0.0,0.0
32,22,48,49,22,1,0,8,0,0.8888888888888888,0.0,0.0,0.0
32,22,48,49,23,3,1,7,0,2.1,0.3333333333333333,0.0,0.3333333333333333
32,22,48,49,24,2,1,11,0,1.6923076923076923,0.5,0.0,0.5
32,22,48,49,25,3,1,11,0,2.357142857142857,0.3333333333333333,0.0,0.3333333333333333
32,22,48,49,26,2,0,11,0,1.6923076923076923,0.0,0.0,0.0
32,22,48,49,27,4,2,12,0,3.0,0.5,0.0,0.5
32,22,48,49,28,3,0,13,0,2.4375,0.0,0.0,0.0
32,22,56,57,9,1,0,10,0,0.9090909090909091,0.0,0.0,0.0
32,22,56,57,10,1,0,13,0,0.9285714285714286,0.0,0.0,0.0
32,22,56,57,11,1,0,15,0,0.9375,0.0,0.0,0.0
32,22,56,57,12,1,0,16,0,0.9411764705882353,0.0,0.0,0.0
32,22,56,57,13,1,0,17,0,0.9444444444444444,0.0,0.0,0.0
32,22,56,57,14,3,0,12,0,2.4,0.0,0.0,0.0
32,22,56,57,15,2,0,8,0,1.6,0.0,0.0,0.0
32,22,56,57,16,2,0,7,0,1.5555555555555556,0.0,0.0,0.0
32,22,56,57,18,2,0,6,0,1.5,0.0,0.0,0.0
32,22,56,57,19,1,0,9,0,0.9,0.0,0.0,0.0
32,22,56,57,22,2,0,9,0,1.6363636363636365,0.0,0.0,0.0
32,22,56,57,24,3,0,11,0,2.357142857142857,0.0,0.0,0.0
32,22,56,57,25,2,0,12,0,1.7142857142857142,0.0,0.0,0.0
32,22,56,57,26,3,0,10,0,2.3076923076923075,0.0,0.0,0.0
32,22,56,57,27,2,0,11,0,1.6923076923076923,0.0,0.0,0.0
32,22,56,57,28,2,0,10,0,1.6666666666666667,0.0,0.0,0.0
32,22,56,57,29,2,1,10,0,1.6666666666666667,0.5,0.0,0.5
32,22,56,57,30,3,0,10,0,2.3076923076923075,0.0,0.0,0.0
32,22,56,57,31,2,0,9,0,1.6363636363636365,0.0,0.0,0.0
32,22,56,57,32,2,0,10,0,1.6666666666666667,0.0,0.0,0.0
32,22,56,57,33,3,1,9,0,2.25,0.3333333333333333,0.0,0.3333333333333333
32,22,56,57,34,1,0,7,0,0.875,0.0,0.0,0.0
32,22,56,57,35,5,3,5,0,2.5,0.6,0.0,0.6
32,22,64,65,13,1,0,21,0,0.9545454545454546,0.0,0.0,0.0
32,22,64,65,15,1,0,15,0,0.9375,0.0,0.0,0.0
32,22,64,65,29,2,0,13,0,1.7333333333333334,0.0,0.0,0.0
32,22,64,65,30,2,0,12,0,1.7142857142857142,0.0,0.0,0.0
32,22,64,65,31,1,0,11,0,0.9166666666666666,0.0,0.0,0.0
32,22,64,65,32,4,0,9,0,2.769230769230769,0.0,0.0,0.0
32,22,64,65,33,2,1,9,0,1.6363636363636365,0.5,0.0,0.5
32,22,64,65,34,3,0,5,0,1.875,0.0,0.0,0.0
32,22,64,65,35,3,1,4,0,1.7142857142857142,0.3333333333333333,0.0,0.3333333333333333
32,22,64,65,36,2,0,3,0,1.2,0.0,0.0,0.0
32,22,64,65,37,3,2,1,0,0.75,0.6666666666666666,0.0,0.6666666666666666
32,22,64,65,38,1,0,1,0,0.5,0.0,0.0,0.0
32,22,72,73,37,2,0,3,0,1.2,0.0,0.0,0.0
32,23,8,9,6,2,0,1,0,0.6666666666666666,0.0,0.0,0.0
32,23,8,9,7,1,0,1,0,0.5,0.0,0.0,0.0
32,23,8,9,8,1,0,1,0,0.5,0.0,0.0,0.0
32,23,8,9,9,6,4,1,0,0.8571428571428571,0.6666666666666666,0.0,0.6666666666666666
32,23,16,17,4,1,0,1,0,0.5,0.0,0.0,0.0
32,23,16,17,11,1,0,7,0,0.875,0.0,0.0,0.0
32,23,16,17,13,4,3,4,0,2.0,0.75,0.0,0.75
32,23,16,17,14,3,1,8,0,2.1818181818181817,0.3333333333333333,0.0,0.3333333333333333
32,23,16,17,15,2,0,11,0,1.6923076923076923,0.0,0.0,0.0
32,23,24,25,3,1,0,9,0,0.9,0.0,0.0,0.0
32,23,24,25,4,4,0,5,0,2.2222222222222223,0.0,0.0,0.0
32,23,24,25,5,1,0,2,0,0.6666666666666666,0.0,0.0,0.0
32,23,24,25,13,1,0,5,0,0.8333333333333334,0.0,0.0,0.0
32,23,24,25,14,2,0,3,0,1.2,0.0,0.0,0.0
32,23,24,25,15,2,1,2,0,1.0,0.5,0.0,0.5
32,23,24,25,16,2,0,2,0,1.0,0.0,0.0,0.0
32,23,24,25,17,2,1,2,0,1.0,0.5,0.0,0.5
32,23,24,25,18,1,0,4,0,0.8,0.0,0.0,0.0
32,23,24,25,19,4,3,4,0,2.0,0.75,0.0,0.75
32,23,32,33,7,1,0,4,0,0.8,0.0,0.0,0.0
32,23,32,33,16,2,0,4,0,1.3333333333333333,0.0,0.0,0.0
32,23,32,33,17,1,0,3,0,0.75,0.0,0.0,0.0
32,23,40,41,9,1,0,6,0,0.8571428571428571,0.0,0.0,0.0
32,23,40,41,10,1,0,7,0,0.875,0.0,0.0,0.0
32,23,40,41,21,1,0,2,0,0.6666666666666666,0.0,0.0,0.0
32,23,48,49,10,1,0,8,0,0.8888888888888888,0.0,0.0,0.0
32,23,48,49,11,1,0,9,0,0.9,0.0,0.0,0.0
32,23,48,49,12,1,0,8,0,0.8888888888888888,0.0,0.0,0.0
32,23,48,49,13,1,0,7,0,0.875,0.0,0.0,0.0
32,23,48,49,14,2,0,6,0,1.5,0.0,0.0,0.0
32,23,48,49,23,1,0,1,0,0.5,0.0,0.0,0.0
32,23,48,49,26,2,0,1,0,0.6666666666666666,0.0,0.0,0.0
32,23,48,49,27,3,1,2,0,1.2,0.3333333333333333,0.0,0.3333333333333333
32,23,48,49,28,3,0,3,0,1.5,0.0,0.0,0.0
32,23,48,49,29,3,1,4,0,1.7142857142857142,0.3333333333333333,0.0,0.3333333333333333
32,23,56,57,14,1,0,11,0,0.9166666666666666,0.0,0.0,0.0
32,23,56,57,15,1,0,11,0,0.9166666666666666,0.0,0.0,0.0
32,23,56,57,16,1,0,10,0,0.9090909090909091,0.0,0.0,0.0
32,23,56,57,17,3,0,7,0,2.1,0.0,0.0,0.0
32,23,56,57,18,2,0,6,0,1.5,0.0,0.0,0.0
32,23,56,57,24,2,0,1,0,0.6666666666666666,0.0,0.0,0.0
32,23,56,57,25,2,0,1,0,0.6666666666666666,0.0,0.0,0.0
32,23,56,57,26,2,0,1,0,0.6666666666666666,0.0,0.0,0.0
32,23,56,57,27,3,1,1,0,0.75,0.3333333333333333,0.0,0.3333333333333333
32,23,64,65,26,1,0,5,0,0.8333333333333334,0.0,0.0,0.0
32,23,64,65,28,2,0,5,0,1.4285714285714286,0.0,0.0,0.0
32,23,64,65,30,4,0,2,0,1.3333333333333333,0.0,0.0,0.0
32,24,32,33,21,1,0,1,0,0.5,0.0,0.0,0.0
32,24,32,33,22,1,0,2,0,0.6666666666666666,0.0,0.0,0.0
32,24,32,33,23,2,1,3,0,1.2,0.5,0.0,0.5
32,24,40,41,22,1,0,1,0,0.5,0.0,0.0,0.0
32,24,40,41,23,1,0,2,0,0.6666666666666666,0.0,0.0,0.0
32,24,40,41,24,1,0,3,0,0.75,0.0,0.0,0.0
32,24,40,41,25,2,1,3,0,1.2,0.5,0.0,0.5
32,24,40,41,27,1,0,3,0,0.75,0.0,0.0,0.0
32,24,40,41,28,1,0,4,0,0.8,0.0,0.0,0.0
32,24,40,41,29,2,1,4,0,1.3333333333333333,0.5,0.0,0.5
32,24,48,49,28,1,0,3,0,0.75,0.0,0.0,0.0
32,24,48,49,29,1,1,3,0,0.75,1.0,0.0,1.0
32,24,48,49,30,1,0,5,0,0.8333333333333334,0.0,0.0,0.0
32,24,48,49,31,1,1,8,0,0.8888888888888888,1.0,0.0,1.0
32,24,48,49,32,1,0,9,0,0.9,0.0,0.0,0.0
32,24,48,49,33,1,0,9,0,0.9,0.0,0.0,0.0
32,24,48,49,34,2,0,9,0,1.6363636363636365,0.0,0.0,0.0
32,24,48,49,35,2,1,9,0,1.6363636363636365,0.5,0.0,0.5
32,24,56,57,31,1,1,5,0,0.8333333333333334,1.0,0.0,1.0
32,24,56,57,33,1,1,6,0,0.8571428571428571,1.0,0.0,1.0
32,24,56,57,34,1,0,6,0,0.8571428571428571,0.0,0.0,0.0
32,24,56,57,35,1,1,6,0,0.8571428571428571,1.0,0.0,1.0
32,24,56,57,36,1,0,5,0,0.8333333333333334,0.0,0.0,0.0
32,24,56,57,37,1,1,3,0,0.75,1.0,0.0,1.0
32,24,56,57,38,1,0,1,0,0.5,0.0,0.0,0.0
32,24,64,65,31,3,1,2,0,1.2,0.3333333333333333,0.0,0.3333333333333333
32,24,72,73,32,2,0,1,0,0.6666666666666666,0.0,0.0,0.0
32,24,72,73,33,2,1,1,0,0.6666666666666666,0.5,0.0,0.5
32,24,72,73,34,2,0,1,0,0.6666666666666666,0.0,0.0,0.0
32,24,72,73,35,2,0,1,0,0.6666666666666666,0.0,0.0,0.0
32,24,72,73,36,2,0,1,0,0.6666666666666666,0.0,0.0,0.0
32,24,72,73,37,2,0,1,0,0.6666666666666666,0.0,0.0,0.0
32,25,8,9,9,15,15,1,0,0.9375,1.0,0.0,1.0
32,25,16,17,14,1,0,2,0,0.6666666666666666,0.0,0.0,0.0
32,25,16,17,15,5,1,2,0,1.4285714285714286,0.2,0.0,0.2
32,26,8,9,9,5,4,1,0,0.8333333333333334,0.8,0.0,0.8
32,26,16,17,13,2,2,1,0,0.6666666666666666,1.0,0.0,1.0
32,26,16,17,14,6,1,2,1,1.5,0.16666666666666666,0.5,-0.33333333333333337
32,26,16,17,15,7,1,5,0,2.9166666666666665,0.14285714285714285,0.0,0.14285714285714285
32,26,24,25,17,3,2,1,0,0.75,0.6666666666666666,0.0,0.6666666666666666
32,26,24,25,19,2,2,6,0,1.5,1.0,0.0,1.0
32,26,32,33,19,2,2,1,0,0.6666666666666666,1.0,0.0,1.0
32,26,32,33,20,1,0,3,0,0.75,0.0,0.0,0.0
32,26,32,33,21,3,2,4,0,1.7142857142857142,0.6666666666666666,0.0,0.6666666666666666
32,26,32,33,22,3,0,5,0,1.875,0.0,0.0,0.0
32,26,40,41,24,1,0,1,0,0.5,0.0,0.0,0.0
32,26,40,41,25,3,1,1,0,0.75,0.3333333333333333,0.0,0.3333333333333333
32,27,16,17,14,3,0,3,0,1.5,0.0,0.0,0.0
32,27,16,17,15,7,2,5,0,2.9166666666666665,0.2857142857142857,0.0,0.2857142857142857
32,27,24,25,13,1,0,1,0,0.5,0.0,0.0,0.0
32,27,24,25,14,2,0,1,0,0.6666666666666666,0.0,0.0,0.0
32,27,24,25,15,2,0,1,0,0.6666666666666666,0.0,0.0,0.0
32,27,24,25,16,2,0,1,0,0.6666666666666666,0.0,0.0,0.0
32,27,24,25,17,1,0,1,0,0.5,0.0,0.0,0.0
32,27,24,25,18,1,0,2,0,0.6666666666666666,0.0,0.0,0.0
32,27,24,25,19,3,2,3,0,1.5,0.6666666666666666,0.0,0.6666666666666666
32,27,32,33,19,1,1,2,0,0.6666666666666666,1.0,0.0,1.0
32,27,32,33,20,1,0,4,0,0.8,0.0,0.0,0.0
32,27,32,33,21,2,1,7,0,1.5555555555555556,0.5,0.0,0.5
32,27,40,41,21,1,1,5,0,0.8333333333333334,1.0,0.0,1.0
32,27,40,41,23,2,1,7,0,1.5555555555555556,0.5,0.0,0.5
32,27,40,41,24,1,0,9,0,0.9,0.0,0.0,0.0
32,27,40,41,25,1,0,10,0,0.9090909090909091,0.0,0.0,0.0
32,27,48,49,27,2,2,8,0,1.6,1.0,0.0,1.0
32,27,56,57,5,2,0,1,0,0.6666666666666666,0.0,0.0,0.0
32,27,56,57,6,1,0,2,0,0.6666666666666666,0.0,0.0,0.0
32,27,56,57,8,1,0,1,0,0.5,0.0,0.0,0.0
32,27,64,65,4,1,0,1,0,0.5,0.0,0.0,0.0
32,27,64,65,5,3,0,2,0,1.2,0.0,0.0,0.0
32,27,64,65,7,2,0,2,0,1.0,0.0,0.0,0.0
32,27,64,65,8,1,0,2,0,0.6666666666666666,0.0,0.0,0.0
32,27,72,73,3,2,0,3,0,1.2,0.0,0.0,0.0
32,27,72,73,4,1,0,5,0,0.8333333333333334,0.0,0.0,0.0
32,27,72,73,5,1,0,6,0,0.8571428571428571,0.0,0.0,0.0
32,27,72,73,8,1,0,2,0,0.6666666666666666,0.0,0.0,0.0
32,27,80,81,8,1,0,2,0,0.6666666666666666,0.0,0.0,0.0
32,27,88,89,9,1,0,1,0,0.5,0.0,0.0,0.0
32,27,96,97,9,1,0,1,0,0.5,0.0,0.0,0.0
32,27,96,97,10,2,0,1,0,0.6666666666666666,0.0,0.0,0.0
32,27,96,97,11,1,0,2,0,0.6666666666666666,0.0,0.0,0.0
32,27,104,105,10,1,0,3,0,0.75,0.0,0.0,0.0
32,27,104,105,11,1,0,4,0,0.8,0.0,0.0,0.0
32,27,104,105,12,2,0,4,0,1.3333333333333333,0.0,0.0,0.0
32,27,104,105,13,1,0,5,0,0.8333333333333334,0.0,0.0,0.0
32,27,104,105,14,1,0,6,0,0.8571428571428571,0.0,0.0,0.0
32,27,104,105,15,2,0,5,0,1.4285714285714286,0.0,0.0,0.0
32,27,112,113,10,1,0,3,0,0.75,0.0,0.0,0.0
32,27,112,113,11,1,0,4,0,0.8,0.0,0.0,0.0
32,27,112,113,12,1,0,5,0,0.8333333333333334,0.0,0.0,0.0
32,27,112,113,13,1,0,6,0,0.8571428571428571,0.0,0.0,0.0
32,27,112,113,14,1,0,7,0,0.875,0.0,0.0,0.0
32,27,112,113,15,1,0,7,0,0.875,0.0,0.0,0.0
32,27,112,113,16,2,0,4,0,1.3333333333333333,0.0,0.0,0.0
32,27,120,121,11,1,0,5,0,0.8333333333333334,0.0,0.0,0.0
32,27,120,121,13,2,0,7,0,1.5555555555555556,0.0,0.0,0.0
32,27,120,121,14,1,0,8,0,0.8888888888888888,0.0,0.0,0.0
32,27,120,121,15,1,0,8,0,0.8888888888888888,0.0,0.0,0.0
32,27,120,121,16,3,0,4,0,1.7142857142857142,0.0,0.0,0.0
32,27,128,129,13,1,0,9,0,0.9,0.0,0.0,0.0
32,27,128,129,15,1,0,11,0,0.9166666666666666,0.0,0.0,0.0
32,27,128,129,16,1,0,9,0,0.9,0.0,0.0,0.0
32,27,128,129,17,4,0,3,0,1.7142857142857142,0.0,0.0,0.0
32,27,136,137,17,1,0,7,0,0.875,0.0,0.0,0.0
32,27,136,137,19,2,0,2,0,1.0,0.0,0.0,0.0
32,27,144,145,17,1,0,7,0,0.875,0.0,0.0,0.0
32,27,152,153,17,1,0,7,0,0.875,0.0,0.0,0.0
32,27,160,161,18,1,0,6,0,0.8571428571428571,0.0,0.0,0.0
32,27,168,169,18,1,0,6,0,0.8571428571428571,0.0,0.0,0.0
32,27,176,177,18,1,0,6,0,0.8571428571428571,0.0,0.0,0.0
32,27,176,177,19,1,0,4,0,0.8,0.0,0.0,0.0
32,27,184,185,18,1,0,6,0,0.8571428571428571,0.0,0.0,0.0
32,27,184,185,19,1,0,4,0,0.8,0.0,0.0,0.0
32,27,184,185,20,1,0,4,0,0.8,0.0,0.0,0.0
32,27,184,185,21,1,0,5,0,0.8333333333333334,0.0,0.0,0.0
32,27,192,193,19,2,0,4,0,1.3333333333333333,0.0,0.0,0.0
32,27,192,193,20,1,0,4,0,0.8,0.0,0.0,0.0
32,27,192,193,21,1,0,5,0,0.8333333333333334,0.0,0.0,0.0
32,27,192,193,22,1,0,6,0,0.8571428571428571,0.0,0.0,0.0
32,27,200,201,19,1,0,5,0,0.8333333333333334,0.0,0.0,0.0
32,27,200,201,20,2,0,4,0,1.3333333333333333,0.0,0.0,0.0
32,27,200,201,21,1,0,5,0,0.8333333333333334,0.0,0.0,0.0
32,27,200,201,22,1,0,6,0,0.8571428571428571,0.0,0.0,0.0
32,27,208,209,19,1,0,5,0,0.8333333333333334,0.0,0.0,0.0
32,27,208,209,20,1,0,5,0,0.8333333333333334,0.0,0.0,0.0
32,27,208,209,21,1,0,6,0,0.8571428571428571,0.0,0.0,0.0
32,27,208,209,22,2,0,6,0,1.5,0.0,0.0,0.0
32,27,216,217,19,1,0,5,0,0.8333333333333334,0.0,0.0,0.0
32,27,216,217,20,1,0,5,0,0.8333333333333334,0.0,0.0,0.0
32,27,216,217,21,1,0,6,0,0.8571428571428571,0.0,0.0,0.0
32,27,216,217,22,1,0,7,0,0.875,0.0,0.0,0.0
32,27,216,217,23,1,0,6,0,0.8571428571428571,0.0,0.0,0.0
32,27,224,225,19,1,0,5,0,0.8333333333333334,0.0,0.0,0.0
32,27,224,225,20,1,0,5,0,0.8333333333333334,0.0,0.0,0.0
32,27,224,225,21,1,0,6,0,0.8571428571428571,0.0,0.0,0.0
32,27,224,225,22,1,0,7,0,0.875,0.0,0.0,0.0
32,27,224,225,23,1,0,6,0,0.8571428571428571,0.0,0.0,0.0
32,27,232,233,20,2,0,5,0,1.4285714285714286,0.0,0.0,0.0
32,27,232,233,21,1,0,6,0,0.8571428571428571,0.0,0.0,0.0
32,27,232,233,22,1,0,7,0,0.875,0.0,0.0,0.0
32,27,232,233,23,1,0,6,0,0.8571428571428571,0.0,0.0,0.0
32,27,240,241,20,1,0,6,0,0.8571428571428571,0.0,0.0,0.0
32,27,240,241,21,1,0,7,0,0.875,0.0,0.0,0.0
32,27,240,241,22,2,0,7,0,1.5555555555555556,0.0,0.0,0.0
32,27,240,241,23,1,0,6,0,0.8571428571428571,0.0,0.0,0.0
32,27,248,249,20,1,0,6,0,0.8571428571428571,0.0,0.0,0.0
32,27,248,249,21,1,0,7,0,0.875,0.0,0.0,0.0
32,27,248,249,22,1,0,8,0,0.8888888888888888,0.0,0.0,0.0
32,27,248,249,23,1,0,7,0,0.875,0.0,0.0,0.0
32,27,248,249,24,1,0,6,0,0.8571428571428571,0.0,0.0,0.0
32,28,16,17,13,2,2,2,0,1.0,1.0,0.0,1.0
32,28,16,17,14,1,0,4,0,0.8,0.0,0.0,0.0
32,28,16,17,15,5,2,5,0,2.5,0.4,0.0,0.4
32,28,24,25,15,1,0,3,0,0.75,0.0,0.0,0.0
32,28,24,25,16,1,0,4,0,0.8,0.0,0.0,0.0
32,28,24,25,17,4,0,5,0,2.2222222222222223,0.0,0.0,0.0
32,28,32,33,12,2,0,3,0,1.2,0.0,0.0,0.0
32,28,32,33,13,2,0,5,0,1.4285714285714286,0.0,0.0,0.0
32,28,32,33,14,1,0,5,0,0.8333333333333334,0.0,0.0,0.0
32,28,32,33,15,3,0,4,0,1.7142857142857142,0.0,0.0,0.0
32,28,32,33,16,1,0,5,0,0.8333333333333334,0.0,0.0,0.0
32,28,32,33,17,1,0,7,0,0.875,0.0,0.0,0.0
32,28,32,33,18,1,0,10,0,0.9090909090909091,0.0,0.0,0.0
32,28,32,33,19,2,1,10,0,1.6666666666666667,0.5,0.0,0.5
32,28,40,41,11,1,0,6,0,0.8571428571428571,0.0,0.0,0.0
32,28,40,41,17,2,1,5,0,1.4285714285714286,0.5,0.0,0.5
32,28,40,41,19,2,1,8,0,1.6,0.5,0.0,0.5
32,28,40,41,20,1,0,12,0,0.9230769230769231,0.0,0.0,0.0
32,28,40,41,21,1,0,14,0,0.9333333333333333,0.0,0.0,0.0
32,28,48,49,13,1,0,9,0,0.9,0.0,0.0,0.0
32,28,56,57,2,1,0,1,0,0.5,0.0,0.0,0.0
32,28,56,57,3,3,0,1,0,0.75,0.0,0.0,0.0
32,28,56,57,4,2,0,1,0,0.6666666666666666,0.0,0.0,0.0
32,28,56,57,5,2,0,1,0,0.6666666666666666,0.0,0.0,0.0
32,28,56,57,6,1,0,1,0,0.5,0.0,0.0,0.0
32,28,56,57,7,1,0,1,0,0.5,0.0,0.0,0.0
32,28,56,57,14,1,0,9,0,0.9,0.0,0.0,0.0
32,28,56,57,15,1,0,8,0,0.8888888888888888,0.0,0.0,0.0
32,28,56,57,16,1,0,6,0,0.8571428571428571,0.0,0.0,0.0
32,28,56,57,17,1,0,6,0,0.8571428571428571,0.0,0.0,0.0
32,28,56,57,18,2,0,7,0,1.5555555555555556,0.0,0.0,0.0
32,28,64,65,1,3,0,1,0,0.75,0.0,0.0,0.0
32,28,64,65,2,1,0,4,0,0.8,0.0,0.0,0.0
32,28,64,65,3,2,0,5,0,1.4285714285714286,0.0,0.0,0.0
32,28,64,65,4,3,0,4,0,1.7142857142857142,0.0,0.0,0.0
32,28,64,65,5,3,0,3,0,1.5,0.0,0.0,0.0
32,28,64,65,6,1,0,3,0,0.75,0.0,0.0,0.0
32,28,64,65,7,1,0,3,0,0.75,0.0,0.0,0.0
32,28,64,65,8,2,0,1,0,0.6666666666666666,0.0,0.0,0.0
32,28,64,65,15,1,0,9,0,0.9,0.0,0.0,0.0
32,28,64,65,17,2,0,7,0,1.5555555555555556,0.0,0.0,0.0
32,28,64,65,19,3,0,7,0,2.1,0.0,0.0,0.0
32,28,72,73,5,2,0,11,0,1.6923076923076923,0.0,0.0,0.0
32,29,24,25,19,3,2,1,0,0.75,0.6666666666666666,0.0,0.6666666666666666
32,29,24,25,20,3,0,4,0,1.7142857142857142,0.0,0.0,0.0
32,29,32,33,24,3,0,1,0,0.75,0.0,0.0,0.0
32,29,48,49,29,4,2,2,0,1.3333333333333333,0.5,0.0,0.5
32,29,48,49,30,2,0,5,0,1.4285714285714286,0.0,0.0,0.0
32,29,48,49,31,2,0,5,0,1.4285714285714286,0.0,0.0,0.0
32,29,56,57,30,2,0,1,0,0.6666666666666666,0.0,0.0,0.0
32,29,56,57,31,3,1,1,0,0.75,0.3333333333333333,0.0,0.3333333333333333
32,29,56,57,32,2,0,2,0,1.0,0.0,0.0,0.0
32,29,56,57,33,1,0,2,0,0.6666666666666666,0.0,0.0,0.0
32,30,16,17,13,2,2,1,0,0.6666666666666666,1.0,0.0,1.0
32,30,16,17,14,1,0,2,0,0.6666666666666666,0.0,0.0,0.0
32,30,16,17,15,3,1,2,0,1.2,0.3333333333333333,0.0,0.3333333333333333
32,31,16,17,15,5,1,1,0,0.8333333333333334,0.2,0.0,0.2
32,31,32,33,23,2,1,2,0,1.0,0.5,0.0,0.5
32,31,32,33,24,2,0,2,0,1.0,0.0,0.0,0.0
32,31,32,33,25,2,0,4,0,1.3333333333333333,0.0,0.0,0.0
32,31,56,57,26,2,0,2,0,1.0,0.0,0.0,0.0
32,31,56,57,27,3,1,3,0,1.5,0.3333333333333333,0.0,0.3333333333333333
32,31,64,65,27,2,1,1,0,0.6666666666666666,0.5,0.0,0.5
32,31,64,65,28,2,0,1,0,0.6666666666666666,0.0,0.0,0.0
32,31,64,65,29,2,0,1,0,0.6666666666666666,0.0,0.0,0.0
32,31,64,65,30,2,0,1,0,0.6666666666666666,0.0,0.0,0.0
32,31,64,65,31,2,0,1,0,0.6666666666666666,0.0,0.0,0.0
32,31,64,65,32,2,0,1,0,0.6666666666666666,0.0,0.0,0.0
32,31,104,105,36,1,0,1,0,0.5,0.0,0.0,0.0
32,31,104,105,37,1,0,2,0,0.6666666666666666,0.0,0.0,0.0
32,31,104,105,38,1,0,3,0,0.75,0.0,0.0,0.0
32,31,104,105,39,2,1,4,0,1.3333333333333333,0.5,0.0,0.5
32,31,112,113,36,1,0,1,0,0.5,0.0,0.0,0.0
32,31,112,113,37,1,0,2,0,0.6666666666666666,0.0,0.0,0.0
32,31,112,113,38,1,0,3,0,0.75,0.0,0.0,0.0
32,31,112,113,39,1,0,4,0,0.8,0.0,0.0,0.0
32,31,112,113,40,1,0,5,0,0.8333333333333334,0.0,0.0,0.0
32,31,112,113,41,2,0,5,0,1.4285714285714286,0.0,0.0,0.0
32,31,120,121,37,2,1,1,0,0.6666666666666666,0.5,0.0,0.5
32,31,120,121,38,1,0,3,0,0.75,0.0,0.0,0.0
32,31,120,121,39,1,0,4,0,0.8,0.0,0.0,0.0
32,31,120,121,40,1,0,5,0,0.8333333333333334,0.0,0.0,0.0
32,31,120,121,41,1,0,5,0,0.8333333333333334,0.0,0.0,0.0
32,31,120,121,42,1,0,5,0,0.8333333333333334,0.0,0.0,0.0
32,31,128,129,37,1,0,1,0,0.5,0.0,0.0,0.0
32,31,128,129,38,1,0,2,0,0.6666666666666666,0.0,0.0,0.0
32,31,128,129,39,1,0,3,0,0.75,0.0,0.0,0.0
32,31,128,129,40,1,0,4,0,0.8,0.0,0.0,0.0
32,31,128,129,41,1,0,4,0,0.8,0.0,0.0,0.0
32,31,128,129,42,2,0,4,0,1.3333333333333333,0.0,0.0,0.0
32,31,136,137,38,1,0,2,0,0.6666666666666666,0.0,0.0,0.0
32,31,136,137,39,1,0,3,0,0.75,0.0,0.0,0.0
32,31,136,137,40,1,0,4,0,0.8,0.0,0.0,0.0
32,31,136,137,41,1,0,4,0,0.8,0.0,0.0,0.0
32,31,136,137,42,1,0,4,0,0.8,0.0,0.0,0.0
32,31,136,137,43,1,0,4,0,0.8,0.0,0.0,0.0
32,31,144,145,38,1,0,1,0,0.5,0.0,0.0,0.0
32,31,144,145,39,1,0,2,0,0.6666666666666666,0.0,0.0,0.0
32,31,144,145,40,1,0,3,0,0.75,0.0,0.0,0.0
32,31,144,145,41,1,0,3,0,0.75,0.0,0.0,0.0
32,31,144,145,42,1,0,3,0,0.75,0.0,0.0,0.0
32,31,144,145,43,2,0,3,0,1.2,0.0,0.0,0.0
32,31,152,153,39,1,0,1,0,0.5,0.0,0.0,0.0
32,31,152,153,40,1,0,2,0,0.6666666666666666,0.0,0.0,0.0
32,31,152,153,41,1,0,2,0,0.6666666666666666,0.0,0.0,0.0
32,31,152,153,42,1,0,2,0,0.6666666666666666,0.0,0.0,0.0
32,31,152,153,43,2,0,2,0,1.0,0.0,0.0,0.0
32,31,152,153,44,1,0,3,0,0.75,0.0,0.0,0.0
32,31,160,161,42,1,0,1,0,0.5,0.0,0.0,0.0
32,31,160,161,43,1,0,1,0,0.5,0.0,0.0,0.0
32,31,160,161,44,2,0,1,0,0.6666666666666666,0.0,0.0,0.0
32,31,160,161,45,1,0,2,0,0.6666666666666666,0.0,0.0,0.0
64,0,16,17,14,2,1,1,0,0.6666666666666666,0.5,0.0,0.5
64,0,16,17,15,22,8,1,0,0.9565217391304348,0.36363636363636365,0.0,0.36363636363636365
64,0,16,17,16,1,0,22,0,0.9565217391304348,0.0,0.0,0.0
64,0,24,25,20,3,0,22,0,2.64,0.0,0.0,0.0
64,0,24,25,21,1,0,24,0,0.96,0.0,0.0,0.0
64,0,24,25,23,3,0,22,0,2.64,0.0,0.0,0.0
64,0,32,33,21,2,1,6,0,1.5,0.5,0.0,0.5
64,0,32,33,22,2,0,7,0,1.5555555555555556,0.0,0.0,0.0
64,0,32,33,24,3,1,10,0,2.3076923076923075,0.3333333333333333,0.0,0.3333333333333333
64,0,32,33,25,9,6,15,0,5.625,0.6666666666666666,0.0,0.6666666666666666
64,0,40,41,28,4,0,18,0,3.272727272727273,0.0,0.0,0.0
64,0,40,41,29,2,0,22,0,1.8333333333333333,0.0,0.0,0.0
64,0,40,41,30,5,1,21,0,4.038461538461538,0.2,0.0,0.2
64,0,40,41,32,3,0,19,0,2.590909090909091,0.0,0.0,0.0
64,0,40,41,34,2,0,17,0,1.7894736842105263,0.0,0.0,0.0
64,0,48,49,17,1,0,1,0,0.5,0.0,0.0,0.0
64,0,48,49,37,2,0,14,0,1.75,0.0,0.0,0.0
64,0,48,49,39,2,0,9,0,1.6363636363636365,0.0,0.0,0.0
64,0,56,57,12,2,0,1,0,0.6666666666666666,0.0,0.0,0.0
64,0,56,57,13,2,0,1,0,0.6666666666666666,0.0,0.0,0.0
64,0,56,57,14,2,0,1,0,0.6666666666666666,0.0,0.0,0.0
64,0,56,57,15,2,0,1,0,0.6666666666666666,0.0,0.0,0.0
64,0,56,57,17,2,0,1,0,0.6666666666666666,0.0,0.0,0.0
64,0,64,65,2,1,0,1,0,0.5,0.0,0.0,0.0
64,0,64,65,3,3,0,1,0,0.75,0.0,0.0,0.0
64,0,64,65,4,3,0,1,0,0.75,0.0,0.0,0.0
64,0,64,65,5,2,0,1,0,0.6666666666666666,0.0,0.0,0.0
64,0,64,65,6,2,0,1,0,0.6666666666666666,0.0,0.0,0.0
64,0,64,65,7,2,0,1,0,0.6666666666666666,0.0,0.0,0.0
64,0,64,65,8,2,0,1,0,0.6666666666666666,0.0,0.0,0.0
64,0,64,65,9,3,0,1,0,0.75,0.0,0.0,0.0
64,0,64,65,10,1,0,3,0,0.75,0.0,0.0,0.0
64,0,64,65,11,2,0,3,0,1.2,0.0,0.0,0.0
64,0,64,65,13,1,0,5,0,0.8333333333333334,0.0,0.0,0.0
64,0,64,65,14,1,0,5,0,0.8333333333333334,0.0,0.0,0.0
64,0,64,65,15,1,0,4,0,0.8,0.0,0.0,0.0
64,0,72,73,2,2,0,2,0,1.0,0.0,0.0,0.0
64,0,72,73,3,1,0,4,0,0.8,0.0,0.0,0.0
64,0,72,73,4,1,0,5,0,0.8333333333333334,0.0,0.0,0.0
64,0,72,73,5,1,0,5,0,0.8333333333333334,0.0,0.0,0.0
64,0,72,73,7,2,0,4,0,1.3333333333333333,0.0,0.0,0.0
64,0,72,73,8,1,0,5,0,0.8333333333333334,0.0,0.0,0.0
64,0,72,73,9,1,0,5,0,0.8333333333333334,0.0,0.0,0.0
64,0,72,73,11,1,0,6,0,0.8571428571428571,0.0,0.0,0.0
64,0,72,73,13,1,0,7,0,0.875,0.0,0.0,0.0
64,0,72,73,15,1,0,7,0,0.875,0.0,0.0,0.0
64,0,72,73,17,2,0,5,0,1.4285714285714286,0.0,0.0,0.0
64,0,72,73,19,3,0,3,0,1.5,0.0,0.0,0.0
64,0,80,81,1,1,0,3,0,0.75,0.0,0.0,0.0
64,0,80,81,2,1,0,5,0,0.8333333333333334,0.0,0.0,0.0
64,0,80,81,3,1,0,6,0,0.8571428571428571,0.0,0.0,0.0
64,0,80,81,4,1,0,7,0,0.875,0.0,0.0,0.0
64,0,80,81,5,1,0,7,0,0.875,0.0,0.0,0.0
64,0,80,81,7,2,0,6,0,1.5,0.0,0.0,0.0
64,0,80,81,9,1,0,8,0,0.8888888888888888,0.0,0.0,0.0
64,0,80,81,10,1,0,9,0,0.9,0.0,0.0,0.0
64,0,80,81,11,1,0,10,0,0.9090909090909091,0.0,0.0,0.0
64,0,80,81,13,1,0,11,0,0.9166666666666666,0.0,0.0,0.0
64,0,80,81,15,1,0,11,0,0.9166666666666666,0.0,0.0,0.0
64,0,80,81,16,1,0,9,0,0.9,0.0,0.0,0.0
64,0,80,81,18,1,0,7,0,0.875,0.0,0.0,0.0
64,0,88,89,7,3,0,10,0,2.3076923076923075,0.0,0.0,0.0
64,0,88,89,8,1,0,12,0,0.9230769230769231,0.0,0.0,0.0
64,0,88,89,9,1,0,12,0,0.9230769230769231,0.0,0.0,0.0
64,0,88,89,11,2,0,12,0,1.7142857142857142,0.0,0.0,0.0
64,0,88,89,13,1,0,13,0,0.9285714285714286,0.0,0.0,0.0
64,0,96,97,8,1,0,14,0,0.9333333333333333,0.0,0.0,0.0
64,0,104,105,8,1,0,14,0,0.9333333333333333,0.0,0.0,0.0
64,0,112,113,9,1,0,15,0,0.9375,0.0,0.0,0.0
64,0,120,121,9,1,0,15,0,0.9375,0.0,0.0,0.0
64,0,128,129,9,1,0,15,0,0.9375,0.0,0.0,0.0
64,0,128,129,10,1,0,15,0,0.9375,0.0,0.0,0.0
64,0,128,129,11,1,0,14,0,0.9333333333333333,0.0,0.0,0.0
64,0,128,129,12,1,0,14,0,0.9333333333333333,0.0,0.0,0.0
64,0,128,129,13,1,0,14,0,0.9333333333333333,0.0,0.0,0.0
64,0,136,137,10,2,0,16,0,1.7777777777777777,0.0,0.0,0.0
64,0,136,137,11,3,0,14,0,2.4705882352941178,0.0,0.0,0.0
64,0,136,137,12,1,0,14,0,0.9333333333333333,0.0,0.0,0.0
64,0,136,137,13,1,0,14,0,0.9333333333333333,0.0,0.0,0.0
64,0,136,137,14,1,0,14,0,0.9333333333333333,0.0,0.0,0.0
64,0,136,137,15,1,0,13,0,0.9285714285714286,0.0,0.0,0.0
64,0,136,137,16,1,0,11,0,0.9166666666666666,0.0,0.0,0.0
64,0,136,137,17,1,0,10,0,0.9090909090909091,0.0,0.0,0.0
64,0,136,137,18,1,0,8,0,0.8888888888888888,0.0,0.0,0.0
64,0,136,137,19,1,0,8,0,0.8888888888888888,0.0,0.0,0.0
64,0,136,137,22,1,0,9,0,0.9,0.0,0.0,0.0
64,0,144,145,10,2,0,16,0,1.7777777777777777,0.0,0.0,0.0
64,0,144,145,11,2,0,15,0,1.7647058823529411,0.0,0.0,0.0
64,0,144,145,12,2,0,15,0,1.7647058823529411,0.0,0.0,0.0
64,0,144,145,13,2,0,15,0,1.7647058823529411,0.0,0.0,0.0
64,0,144,145,14,2,0,15,0,1.7647058823529411,0.0,0.0,0.0
64,0,144,145,15,2,0,14,0,1.75,0.0,0.0,0.0
64,0,144,145,16,2,0,12,0,1.7142857142857142,0.0,0.0,0.0
64,0,144,145,17,2,0,11,0,1.6923076923076923,0.0,0.0,0.0
64,0,144,145,18,2,0,9,0,1.6363636363636365,0.0,0.0,0.0
64,0,144,145,19,2,0,9,0,1.6363636363636365,0.0,0.0,0.0
64,0,144,145,20,2,0,10,0,1.6666666666666667,0.0,0.0,0.0
64,0,144,145,21,2,0,10,0,1.6666666666666667,0.0,0.0,0.0
64,0,144,145,22,2,0,10,0,1.6666666666666667,0.0,0.0,0.0
64,0,144,145,23,2,0,10,0,1.6666666666666667,0.0,0.0,0.0
64,0,152,153,10,2,0,16,0,1.7777777777777777,0.0,0.0,0.0
64,0,152,153,11,2,0,15,0,1.7647058823529411,0.0,0.0,0.0
64,0,152,153,12,2,0,15,0,1.7647058823529411,0.0,0.0,0.0
64,0,152,153,13,2,0,15,0,1.7647058823529411,0.0,0.0,0.0
64,0,152,153,14,2,0,15,0,1.7647058823529411,0.0,0.0,0.0
64,0,152,153,15,2,0,14,0,1.75,0.0,0.0,0.0
64,0,152,153,16,2,0,12,0,1.7142857142857142,0.0,0.0,0.0
64,0,152,153,17,2,0,11,0,1.6923076923076923,0.0,0.0,0.0
64,0,152,153,18,2,0,9,0,1.6363636363636365,0.0,0.0,0.0
64,0,152,153,19,2,0,9,0,1.6363636363636365,0.0,0.0,0.0
64,0,152,153,20,2,0,10,0,1.6666666666666667,0.0,0.0,0.0
64,0,152,153,21,2,0,10,0,1.6666666666666667,0.0,0.0,0.0
64,0,152,153,22,2,0,10,0,1.6666666666666667,0.0,0.0,0.0
64,0,152,153,23,2,0,10,0,1.6666666666666667,0.0,0.0,0.0
64,0,160,161,10,2,0,16,0,1.7777777777777777,0.0,0.0,0.0
64,0,160,161,11,2,0,15,0,1.7647058823529411,0.0,0.0,0.0
64,0,160,161,12,2,0,15,0,1.7647058823529411,0.0,0.0,0.0
64,0,160,161,13,2,0,15,0,1.7647058823529411,0.0,0.0,0.0
64,0,160,161,14,2,0,15,0,1.7647058823529411,0.0,0.0,0.0
64,0,160,161,15,2,0,14,0,1.75,0.0,0.0,0.0
64,0,160,161,16,2,0,12,0,1.7142857142857142,0.0,0.0,0.0
64,0,160,161,17,2,0,11,0,1.6923076923076923,0.0,0.0,0.0
64,0,160,161,18,2,0,9,0,1.6363636363636365,0.0,0.0,0.0
64,0,160,161,19,2,0,9,0,1.6363636363636365,0.0,0.0,0.0
64,0,160,161,20,2,0,10,0,1.6666666666666667,0.0,0.0,0.0
64,0,160,161,21,2,0,10,0,1.6666666666666667,0.0,0.0,0.0
64,0,160,161,22,2,0,10,0,1.6666666666666667,0.0,0.0,0.0
64,0,160,161,23,2,0,10,0,1.6666666666666667,0.0,0.0,0.0
64,0,168,169,11,2,0,17,0,1.7894736842105263,0.0,0.0,0.0
64,0,168,169,12,2,0,17,0,1.7894736842105263,0.0,0.0,0.0
64,0,168,169,13,2,0,17,0,1.7894736842105263,0.0,0.0,0.0
64,0,168,169,14,2,0,17,0,1.7894736842105263,0.0,0.0,0.0
64,0,168,169,15,2,0,16,0,1.7777777777777777,0.0,0.0,0.0
64,0,168,169,16,2,0,14,0,1.75,0.0,0.0,0.0
64,0,168,169,17,3,0,12,0,2.4,0.0,0.0,0.0
64,0,168,169,18,1,0,11,0,0.9166666666666666,0.0,0.0,0.0
64,0,168,169,19,3,0,10,0,2.3076923076923075,0.0,0.0,0.0
64,0,168,169,20,3,0,10,0,2.3076923076923075,0.0,0.0,0.0
64,0,168,169,21,2,0,10,0,1.6666666666666667,0.0,0.0,0.0
64,0,168,169,22,2,0,10,0,1.6666666666666667,0.0,0.0,0.0
64,0,168,169,23,2,0,10,0,1.6666666666666667,0.0,0.0,0.0
64,0,176,177,11,2,0,17,0,1.7894736842105263,0.0,0.0,0.0
64,0,176,177,12,2,0,17,0,1.7894736842105263,0.0,0.0,0.0
64,0,176,177,13,2,0,17,0,1.7894736842105263,0.0,0.0,0.0
64,0,176,177,14,2,0,17,0,1.7894736842105263,0.0,0.0,0.0
64,0,176,177,15,2,0,16,0,1.7777777777777777,0.0,0.0,0.0
64,0,176,177,16,2,0,14,0,1.75,0.0,0.0,0.0
64,0,176,177,17,2,0,13,0,1.7333333333333334,0.0,0.0,0.0
64,0,176,177,18,2,0,11,0,1.6923076923076923,0.0,0.0,0.0
64,0,176,177,19,2,0,11,0,1.6923076923076923,0.0,0.0,0.0
64,0,176,177,20,2,0,12,0,1.7142857142857142,0.0,0.0,0.0
64,0,176,177,21,2,0,12,0,1.7142857142857142,0.0,0.0,0.0
64,0,176,177,22,2,0,12,0,1.7142857142857142,0.0,0.0,0.0
64,0,176,177,23,2,0,12,0,1.7142857142857142,0.0,0.0,0.0
64,0,176,177,24,2,0,10,0,1.6666666666666667,0.0,0.0,0.0
64,0,184,185,11,2,0,17,0,1.7894736842105263,0.0,0.0,0.0
64,0,184,185,12,2,0,17,0,1.7894736842105263,0.0,0.0,0.0
64,0,184,185,13,2,0,17,0,1.7894736842105263,0.0,0.0,0.0
64,0,184,185,14,2,0,17,0,1.7894736842105263,0.0,0.0,0.0
64,0,184,185,15,2,0,16,0,1.7777777777777777,0.0,0.0,0.0
64,0,184,185,16,2,0,14,0,1.75,0.0,0.0,0.0
64,0,184,185,17,2,0,13,0,1.7333333333333334,0.0,0.0,0.0
64,0,184,185,18,2,0,11,0,1.6923076923076923,0.0,0.0,0.0
64,0,184,185,19,2,0,11,0,1.6923076923076923,0.0,0.0,0.0
64,0,184,185,20,2,0,12,0,1.7142857142857142,0.0,0.0,0.0
64,0,184,185,21,2,0,12,0,1.7142857142857142,0.0,0.0,0.0
64,0,184,185,22,2,0,12,0,1.7142857142857142,0.0,0.0,0.0
64,0,184,185,23,2,0,12,0,1.7142857142857142,0.0,0.0,0.0
64,0,184,185,24,2,0,10,0,1.6666666666666667,0.0,0.0,0.0
64,0,192,193,12,2,0,19,0,1.8095238095238095,0.0,0.0,0.0
64,0,192,193,13,2,0,19,0,1.8095238095238095,0.0,0.0,0.0
64,0,192,193,14,2,0,19,0,1.8095238095238095,0.0,0.0,0.0
64,0,192,193,15,2,0,18,0,1.8,0.0,0.0,0.0
64,0,192,193,16,2,0,16,0,1.7777777777777777,0.0,0.0,0.0
64,0,192,193,17,2,0,15,0,1.7647058823529411,0.0,0.0,0.0
64,0,192,193,18,2,0,13,0,1.7333333333333334,0.0,0.0,0.0
64,0,192,193,19,2,0,13,0,1.7333333333333334,0.0,0.0,0.0
64,0,192,193,20,2,0,14,0,1.75,0.0,0.0,0.0
64,0,192,193,21,2,0,14,0,1.75,0.0,0.0,0.0
64,0,192,193,22,2,0,14,0,1.75,0.0,0.0,0.0
64,0,192,193,23,2,0,14,0,1.75,0.0,0.0,0.0
64,0,192,193,24,3,0,11,0,2.357142857142857,0.0,0.0,0.0
64,0,192,193,25,1,0,13,0,0.9285714285714286,0.0,0.0,0.0
64,0,200,201,12,2,0,19,0,1.8095238095238095,0.0,0.0,0.0
64,0,200,201,14,2,0,21,0,1.826086956521739,0.0,0.0,0.0
64,0,200,201,15,1,0,21,0,0.9545454545454546,0.0,0.0,0.0
64,0,200,201,16,1,0,19,0,0.95,0.0,0.0,0.0
64,0,200,201,17,1,0,18,0,0.9473684210526315,0.0,0.0,0.0
64,0,200,201,18,1,0,16,0,0.9411764705882353,0.0,0.0,0.0
64,0,200,201,19,1,0,16,0,0.9411764705882353,0.0,0.0,0.0
64,0,200,201,20,1,0,17,0,0.9444444444444444,0.0,0.0,0.0
64,0,200,201,21,1,0,17,0,0.9444444444444444,0.0,0.0,0.0
64,0,200,201,22,1,0,17,0,0.9444444444444444,0.0,0.0,0.0
64,0,200,201,23,1,0,17,0,0.9444444444444444,0.0,0.0,0.0
64,0,200,201,24,3,0,13,0,2.4375,0.0,0.0,0.0
64,0,200,201,25,3,0,13,0,2.4375,0.0,0.0,0.0
64,0,208,209,13,1,0,22,0,0.9565217391304348,0.0,0.0,0.0
64,0,208,209,15,1,0,22,0,0.9565217391304348,0.0,0.0,0.0
64,0,208,209,17,1,0,20,0,0.9523809523809523,0.0,0.0,0.0
64,0,208,209,18,1,0,18,0,0.9473684210526315,0.0,0.0,0.0
64,0,208,209,19,1,0,18,0,0.9473684210526315,0.0,0.0,0.0
64,0,208,209,20,1,0,19,0,0.95,0.0,0.0,0.0
64,0,208,209,21,2,0,18,0,1.8,0.0,0.0,0.0
64,0,208,209,22,1,0,18,0,0.9473684210526315,0.0,0.0,0.0
64,0,208,209,23,1,0,18,0,0.9473684210526315,0.0,0.0,0.0
64,0,208,209,24,1,0,16,0,0.9411764705882353,0.0,0.0,0.0
64,0,208,209,25,1,0,17,0,0.9444444444444444,0.0,0.0,0.0
64,0,208,209,26,2,0,17,0,1.7894736842105263,0.0,0.0,0.0
64,0,216,217,16,1,0,22,0,0.9565217391304348,0.0,0.0,0.0
64,0,216,217,18,1,0,20,0,0.9523809523809523,0.0,0.0,0.0
64,0,216,217,19,1,0,21,0,0.9545454545454546,0.0,0.0,0.0
64,0,216,217,20,1,0,22,0,0.9565217391304348,0.0,0.0,0.0
64,0,216,217,21,1,0,22,0,0.9565217391304348,0.0,0.0,0.0
64,0,216,217,22,1,0,22,0,0.9565217391304348,0.0,0.0,0.0
64,0,216,217,23,1,0,22,0,0.9565217391304348,0.0,0.0,0.0
64,0,216,217,24,1,0,20,0,0.9523809523809523,0.0,0.0,0.0
64,0,216,217,25,2,0,20,0,1.8181818181818181,0.0,0.0,0.0
64,0,216,217,27,2,0,21,0,1.826086956521739,0.0,0.0,0.0
64,0,216,217,28,2,0,21,0,1.826086956521739,0.0,0.0,0.0
64,0,216,217,29,2,0,22,0,1.8333333333333333,0.0,0.0,0.0
64,0,224,225,19,1,0,22,0,0.9565217391304348,0.0,0.0,0.0
64,0,224,225,21,1,0,24,0,0.96,0.0,0.0,0.0
64,0,224,225,32,2,0,20,0,1.8181818181818181,0.0,0.0,0.0
64,1,16,17,15,9,4,1,0,0.9,0.4444444444444444,0.0,0.4444444444444444
64,1,24,25,11,2,0,3,0,1.2,0.0,0.0,0.0
64,1,24,25,12,2,0,3,0,1.2,0.0,0.0,0.0
64,1,24,25,14,1,0,3,0,0.75,0.0,0.0,0.0
64,1,24,25,16,1,0,3,0,0.75,0.0,0.0,0.0
64,1,24,25,17,1,0,2,0,0.6666666666666666,0.0,0.0,0.0
64,1,24,25,19,4,2,5,0,2.2222222222222223,0.5,0.0,0.5
64,1,32,33,6,3,0,6,0,2.0,0.0,0.0,0.0
64,1,32,33,8,1,0,8,0,0.8888888888888888,0.0,0.0,0.0
64,1,32,33,10,1,0,9,0,0.9,0.0,0.0,0.0
64,1,32,33,11,1,0,8,0,0.8888888888888888,0.0,0.0,0.0
64,1,32,33,13,1,0,6,0,0.8571428571428571,0.0,0.0,0.0
64,1,32,33,15,1,0,5,0,0.8333333333333334,0.0,0.0,0.0
64,1,32,33,16,1,0,5,0,0.8333333333333334,0.0,0.0,0.0
64,1,32,33,18,1,0,6,0,0.8571428571428571,0.0,0.0,0.0
64,1,32,33,20,1,0,9,0,0.9,0.0,0.0,0.0
64,1,40,41,1,1,0,3,0,0.75,0.0,0.0,0.0
64,1,40,41,2,1,0,5,0,0.8333333333333334,0.0,0.0,0.0
64,1,40,41,3,1,0,6,0,0.8571428571428571,0.0,0.0,0.0
64,1,40,41,4,1,0,7,0,0.875,0.0,0.0,0.0
64,1,40,41,6,1,0,10,0,0.9090909090909091,0.0,0.0,0.0
64,1,40,41,7,3,0,10,0,2.3076923076923075,0.0,0.0,0.0
64,1,40,41,8,1,0,12,0,0.9230769230769231,0.0,0.0,0.0
64,1,40,41,9,1,0,13,0,0.9285714285714286,0.0,0.0,0.0
64,1,40,41,10,5,0,11,0,3.4375,0.0,0.0,0.0
64,1,40,41,11,1,0,11,0,0.9166666666666666,0.0,0.0,0.0
64,1,40,41,12,1,0,9,0,0.9,0.0,0.0,0.0
64,1,40,41,14,1,0,8,0,0.8888888888888888,0.0,0.0,0.0
64,1,48,49,12,2,0,13,0,1.7333333333333334,0.0,0.0,0.0
64,1,48,49,13,1,0,12,0,0.9230769230769231,0.0,0.0,0.0
64,1,48,49,14,2,0,9,0,1.6363636363636365,0.0,0.0,0.0
64,1,48,49,16,1,0,8,0,0.8888888888888888,0.0,0.0,0.0
64,2,8,9,7,5,5,1,0,0.8333333333333334,1.0,0.0,1.0
64,2,8,9,9,14,14,8,0,5.090909090909091,1.0,0.0,1.0
64,2,16,17,10,2,0,4,0,1.3333333333333333,0.0,0.0,0.0
64,2,16,17,11,6,3,5,0,2.727272727272727,0.5,0.0,0.5
64,2,16,17,12,4,0,10,0,2.857142857142857,0.0,0.0,0.0
64,2,16,17,13,7,0,13,0,4.55,0.0,0.0,0.0
64,2,16,17,14,1,1,20,0,0.9523809523809523,1.0,0.0,1.0
64,2,16,17,15,1,0,20,0,0.9523809523809523,0.0,0.0,0.0
64,2,24,25,7,1,0,8,0,0.8888888888888888,0.0,0.0,0.0
64,2,24,25,9,1,0,11,0,0.9166666666666666,0.0,0.0,0.0
64,2,24,25,10,1,0,12,0,0.9230769230769231,0.0,0.0,0.0
64,2,24,25,12,1,0,12,0,0.9230769230769231,0.0,0.0,0.0
64,2,24,25,15,1,1,7,0,0.875,1.0,0.0,1.0
64,2,24,25,16,3,0,5,0,1.875,0.0,0.0,0.0
64,2,24,25,17,12,11,6,0,4.0,0.9166666666666666,0.0,0.9166666666666666
64,2,32,33,1,1,0,1,0,0.5,0.0,0.0,0.0
64,2,32,33,3,1,0,4,0,0.8,0.0,0.0,0.0
64,2,32,33,4,1,0,6,0,0.8571428571428571,0.0,0.0,0.0
64,2,32,33,6,1,0,9,0,0.9,0.0,0.0,0.0
64,2,32,33,7,1,0,11,0,0.9166666666666666,0.0,0.0,0.0
64,2,32,33,18,1,0,3,0,0.75,0.0,0.0,0.0
64,2,32,33,19,3,3,3,0,1.5,1.0,0.0,1.0
64,2,32,33,20,1,0,2,0,0.6666666666666666,0.0,0.0,0.0
64,2,32,33,21,6,4,3,0,2.0,0.6666666666666666,0.0,0.6666666666666666
64,2,32,33,22,5,0,9,0,3.2142857142857144,0.0,0.0,0.0
64,2,40,41,5,3,0,10,0,2.3076923076923075,0.0,0.0,0.0
64,2,40,41,6,2,0,11,0,1.6923076923076923,0.0,0.0,0.0
64,2,40,41,7,2,0,12,0,1.7142857142857142,0.0,0.0,0.0
64,2,40,41,23,1,1,6,0,0.8571428571428571,1.0,0.0,1.0
64,2,40,41,24,2,1,7,0,1.5555555555555556,0.5,0.0,0.5
64,2,40,41,25,3,1,9,0,2.25,0.3333333333333333,0.0,0.3333333333333333
64,2,40,41,26,2,0,12,0,1.7142857142857142,0.0,0.0,0.0
64,2,40,41,32,1,0,13,0,0.9285714285714286,0.0,0.0,0.0
64,2,40,41,34,2,0,11,0,1.6923076923076923,0.0,0.0,0.0
64,2,40,41,35,2,0,11,0,1.6923076923076923,0.0,0.0,0.0
64,2,48,49,7,1,0,17,0,0.9444444444444444,0.0,0.0,0.0
64,2,48,49,9,2,0,19,0,1.8095238095238095,0.0,0.0,0.0
64,2,48,49,11,2,1,19,0,1.8095238095238095,0.5,0.0,0.5
64,2,48,49,12,1,0,18,0,0.9473684210526315,0.0,0.0,0.0
64,2,48,49,13,4,0,13,0,3.0588235294117645,0.0,0.0,0.0
64,2,48,49,14,3,0,9,0,2.25,0.0,0.0,0.0
64,2,48,49,15,1,1,7,0,0.875,1.0,0.0,1.0
64,2,48,49,26,1,1,9,0,0.9,1.0,0.0,1.0
64,2,48,49,27,2,0,10,0,1.6666666666666667,0.0,0.0,0.0
64,2,48,49,28,2,0,12,0,1.7142857142857142,0.0,0.0,0.0
64,2,48,49,29,2,0,12,0,1.7142857142857142,0.0,0.0,0.0
64,2,56,57,11,1,0,23,0,0.9583333333333334,0.0,0.0,0.0
64,2,56,57,13,1,0,21,0,0.9545454545454546,0.0,0.0,0.0
64,2,56,57,14,2,0,18,0,1.8,0.0,0.0,0.0
64,2,56,57,15,3,0,14,0,2.4705882352941178,0.0,0.0,0.0
64,2,56,57,16,2,0,11,0,1.6923076923076923,0.0,0.0,0.0
64,2,56,57,17,8,0,5,0,3.076923076923077,0.0,0.0,0.0
64,2,56,57,19,1,0,3,0,0.75,0.0,0.0,0.0
64,2,56,57,28,1,1,11,0,0.9166666666666666,1.0,0.0,1.0
64,2,64,65,16,1,0,18,0,0.9473684210526315,0.0,0.0,0.0
64,2,64,65,18,2,0,14,0,1.75,0.0,0.0,0.0
64,2,64,65,19,2,0,14,0,1.75,0.0,0.0,0.0
64,2,64,65,20,2,0,13,0,1.7333333333333334,0.0,0.0,0.0
64,2,64,65,22,2,0,12,0,1.7142857142857142,0.0,0.0,0.0
64,2,64,65,23,7,2,6,0,3.230769230769231,0.2857142857142857,0.0,0.2857142857142857
64,2,72,73,26,2,0,12,0,1.7142857142857142,0.0,0.0,0.0
64,2,72,73,27,3,0,10,0,2.3076923076923075,0.0,0.0,0.0
64,3,16,17,9,3,0,2,0,1.2,0.0,0.0,0.0
64,3,16,17,11,2,0,5,0,1.4285714285714286,0.0,0.0,0.0
64,3,16,17,12,1,0,6,0,0.8571428571428571,0.0,0.0,0.0
64,3,16,17,13,2,0,6,0,1.5,0.0,0.0,0.0
64,3,16,17,14,1,0,7,0,0.875,0.0,0.0,0.0
64,3,16,17,15,8,4,6,0,3.4285714285714284,0.5,0.0,0.5
64,3,16,17,17,2,1,11,0,1.6923076923076923,0.5,0.0,0.5
64,3,24,25,5,3,0,2,0,1.2,0.0,0.0,0.0
64,3,24,25,7,2,0,5,0,1.4285714285714286,0.0,0.0,0.0
64,3,24,25,9,2,0,7,0,1.5555555555555556,0.0,0.0,0.0
64,3,24,25,11,2,0,9,0,1.6363636363636365,0.0,0.0,0.0
64,3,24,25,13,2,0,11,0,1.6923076923076923,0.0,0.0,0.0
64,3,24,25,15,1,0,10,0,0.9090909090909091,0.0,0.0,0.0
64,3,24,25,17,1,1,8,0,0.8888888888888888,1.0,0.0,1.0
64,3,24,25,18,1,0,7,0,0.875,0.0,0.0,0.0
64,3,24,25,19,5,4,8,0,3.076923076923077,0.8,0.0,0.8
64,3,32,33,1,2,0,2,0,1.0,0.0,0.0,0.0
64,3,32,33,3,2,0,6,0,1.5,0.0,0.0,0.0
64,3,32,33,5,4,0,8,0,2.6666666666666665,0.0,0.0,0.0
64,3,32,33,6,1,0,10,0,0.9090909090909091,0.0,0.0,0.0
64,3,32,33,7,3,0,9,0,2.25,0.0,0.0,0.0
64,3,32,33,8,1,0,11,0,0.9166666666666666,0.0,0.0,0.0
64,3,32,33,9,1,0,12,0,0.9230769230769231,0.0,0.0,0.0
64,3,32,33,10,1,0,13,0,0.9285714285714286,0.0,0.0,0.0
64,3,32,33,21,1,1,8,0,0.8888888888888888,1.0,0.0,1.0
64,3,32,33,23,4,3,12,0,3.0,0.75,0.0,0.75
64,3,32,33,24,3,1,17,0,2.55,0.3333333333333333,0.0,0.3333333333333333
64,3,32,33,25,6,2,23,1,4.758620689655173,0.3333333333333333,0.043478260869565216,0.28985507246376807
64,3,40,41,4,3,0,12,0,2.4,0.0,0.0,0.0
64,3,40,41,5,2,0,13,0,1.7333333333333334,0.0,0.0,0.0
64,3,40,41,12,1,0,14,0,0.9333333333333333,0.0,0.0,0.0
64,3,40,41,24,1,0,12,0,0.9230769230769231,0.0,0.0,0.0
64,3,40,41,27,3,2,21,0,2.625,0.6666666666666666,0.0,0.6666666666666666
64,3,40,41,28,2,0,24,0,1.8461538461538463,0.0,0.0,0.0
64,3,40,41,29,10,5,26,0,7.222222222222222,0.5,0.0,0.5
64,3,48,49,13,1,0,14,0,0.9333333333333333,0.0,0.0,0.0
64,3,48,49,15,2,0,11,0,1.6923076923076923,0.0,0.0,0.0
64,3,48,49,16,1,0,9,0,0.9,0.0,0.0,0.0
64,3,48,49,17,1,0,8,0,0.8888888888888888,0.0,0.0,0.0
64,3,48,49,25,3,0,13,0,2.4375,0.0,0.0,0.0
64,3,48,49,28,1,0,22,0,0.9565217391304348,0.0,0.0,0.0
64,3,48,49,29,3,1,23,0,2.6538461538461537,0.3333333333333333,0.0,0.3333333333333333
64,3,48,49,30,10,0,26,0,7.222222222222222,0.0,0.0,0.0
64,3,48,49,35,1,0,26,0,0.9629629629629629,0.0,0.0,0.0
64,3,48,49,36,1,0,22,0,0.9565217391304348,0.0,0.0,0.0
64,3,48,49,37,2,2,18,0,1.8,1.0,0.0,1.0
64,3,48,49,38,2,0,16,0,1.7777777777777777,0.0,0.0,0.0
64,3,56,57,14,1,0,14,0,0.9333333333333333,0.0,0.0,0.0
64,3,56,57,15,1,0,12,0,0.9230769230769231,0.0,0.0,0.0
64,3,56,57,16,1,0,10,0,0.9090909090909091,0.0,0.0,0.0
64,3,56,57,17,1,0,9,0,0.9,0.0,0.0,0.0
64,3,56,57,18,2,0,6,0,1.5,0.0,0.0,0.0
64,3,56,57,20,2,0,7,0,1.5555555555555556,0.0,0.0,0.0
64,3,56,57,21,1,0,8,0,0.8888888888888888,0.0,0.0,0.0
64,3,56,57,22,1,0,9,0,0.9,0.0,0.0,0.0
64,3,56,57,24,8,1,12,0,4.8,0.125,0.0,0.125
64,3,56,57,25,7,1,20,0,5.185185185185185,0.14285714285714285,0.0,0.14285714285714285
64,3,56,57,26,2,0,29,0,1.8709677419354838,0.0,0.0,0.0
64,3,56,57,27,2,0,31,0,1.878787878787879,0.0,0.0,0.0
64,3,56,57,28,2,0,32,0,1.8823529411764706,0.0,0.0,0.0
64,3,56,57,29,2,0,33,0,1.8857142857142857,0.0,0.0,0.0
64,3,56,57,30,1,0,34,0,0.9714285714285714,0.0,0.0,0.0
64,3,56,57,31,2,0,34,0,1.8888888888888888,0.0,0.0,0.0
64,3,56,57,33,1,0,32,0,0.9696969696969697,0.0,0.0,0.0
64,3,56,57,35,3,0,24,0,2.6666666666666665,0.0,0.0,0.0
64,3,56,57,36,2,0,22,0,1.8333333333333333,0.0,0.0,0.0
64,3,56,57,37,1,0,19,0,0.95,0.0,0.0,0.0
64,3,56,57,38,1,0,16,0,0.9411764705882353,0.0,0.0,0.0
64,3,56,57,39,2,0,12,0,1.7142857142857142,0.0,0.0,0.0
64,3,64,65,22,1,0,18,0,0.9473684210526315,0.0,0.0,0.0
64,3,64,65,24,2,0,22,0,1.8333333333333333,0.0,0.0,0.0
64,3,64,65,25,1,0,24,0,0.96,0.0,0.0,0.0
64,3,64,65,26,4,0,24,0,3.4285714285714284,0.0,0.0,0.0
64,3,64,65,27,4,1,27,0,3.4838709677419355,0.25,0.0,0.25
64,3,64,65,28,3,0,29,0,2.71875,0.0,0.0,0.0
64,3,64,65,29,4,2,31,0,3.5428571428571427,0.5,0.0,0.5
64,3,64,65,31,2,0,31,0,1.878787878787879,0.0,0.0,0.0
64,3,64,65,32,2,0,30,0,1.875,0.0,0.0,0.0
64,3,64,65,33,2,0,28,0,1.8666666666666667,0.0,0.0,0.0
64,3,64,65,34,2,0,25,0,1.8518518518518519,0.0,0.0,0.0
64,3,64,65,35,3,1,22,0,2.64,0.3333333333333333,0.0,0.3333333333333333
64,3,64,65,36,3,0,19,0,2.590909090909091,0.0,0.0,0.0
64,3,64,65,37,3,0,17,0,2.55,0.0,0.0,0.0
64,3,64,65,38,1,0,17,0,0.9444444444444444,0.0,0.0,0.0
64,3,72,73,24,1,0,24,0,0.96,0.0,0.0,0.0
64,3,72,73,25,1,0,26,0,0.9629629629629629,0.0,0.0,0.0
64,3,72,73,26,1,0,27,0,0.9642857142857143,0.0,0.0,0.0
64,3,72,73,27,3,0,27,0,2.7,0.0,0.0,0.0
64,3,72,73,28,3,0,28,0,2.7096774193548385,0.0,0.0,0.0
64,3,72,73,29,2,0,29,0,1.8709677419354838,0.0,0.0,0.0
64,3,72,73,30,3,0,29,0,2.71875,0.0,0.0,0.0
64,3,72,73,31,2,1,29,0,1.8709677419354838,0.5,0.0,0.5
64,3,72,73,32,2,0,28,0,1.8666666666666667,0.0,0.0,0.0
64,3,72,73,33,2,2,27,0,1.8620689655172413,1.0,0.0,1.0
64,3,72,73,34,2,0,24,0,1.8461538461538463,0.0,0.0,0.0
64,3,72,73,35,1,0,22,0,0.9565217391304348,0.0,0.0,0.0
64,3,72,73,36,3,0,19,0,2.590909090909091,0.0,0.0,0.0
64,3,72,73,37,3,0,17,0,2.55,0.0,0.0,0.0
64,3,72,73,38,1,0,16,0,0.9411764705882353,0.0,0.0,0.0
64,3,72,73,39,1,1,12,0,0.9230769230769231,1.0,0.0,1.0
64,3,72,73,40,3,0,8,0,2.1818181818181817,0.0,0.0,0.0
64,3,72,73,42,2,1,7,0,1.5555555555555556,0.5,0.0,0.5
64,3,80,81,25,1,0,28,0,0.9655172413793104,0.0,0.0,0.0
64,3,80,81,26,2,0,29,0,1.8709677419354838,0.0,0.0,0.0
64,3,80,81,27,2,0,29,0,1.8709677419354838,0.0,0.0,0.0
64,3,80,81,28,2,0,29,0,1.8709677419354838,0.0,0.0,0.0
64,3,80,81,29,3,1,29,0,2.71875,0.3333333333333333,0.0,0.3333333333333333
64,3,80,81,30,2,0,29,0,1.8709677419354838,0.0,0.0,0.0
64,3,80,81,31,3,1,28,0,2.7096774193548385,0.3333333333333333,0.0,0.3333333333333333
64,3,80,81,32,3,0,27,0,2.7,0.0,0.0,0.0
64,3,80,81,33,2,1,26,0,1.8571428571428572,0.5,0.0,0.5
64,3,80,81,34,2,0,23,0,1.84,0.0,0.0,0.0
64,3,80,81,35,2,2,21,0,1.826086956521739,1.0,0.0,1.0
64,3,80,81,36,2,0,19,0,1.8095238095238095,0.0,0.0,0.0
64,3,80,81,37,2,1,17,0,1.7894736842105263,0.5,0.0,0.5
64,3,80,81,38,1,0,15,0,0.9375,0.0,0.0,0.0
64,3,80,81,39,2,1,11,0,1.6923076923076923,0.5,0.0,0.5
64,3,80,81,40,1,0,9,0,0.9,0.0,0.0,0.0
64,3,80,81,41,2,1,7,0,1.5555555555555556,0.5,0.0,0.5
64,3,88,89,28,1,0,34,0,0.9714285714285714,0.0,0.0,0.0
64,3,88,89,30,2,0,33,0,1.8857142857142857,0.0,0.0,0.0
64,3,88,89,32,2,0,30,0,1.875,0.0,0.0,0.0
64,3,88,89,34,1,0,25,0,0.9615384615384616,0.0,0.0,0.0
64,3,88,89,36,1,0,20,0,0.9523809523809523,0.0,0.0,0.0
64,3,88,89,37,1,0,18,0,0.9473684210526315,0.0,0.0,0.0
64,3,88,89,38,1,0,16,0,0.9411764705882353,0.0,0.0,0.0
64,3,88,89,40,1,0,10,0,0.9090909090909091,0.0,0.0,0.0
64,3,96,97,32,1,0,34,0,0.9714285714285714,0.0,0.0,0.0
64,3,96,97,34,1,0,29,0,0.9666666666666667,0.0,0.0,0.0
64,4,8,9,9,21,19,3,0,2.625,0.9047619047619048,0.0,0.9047619047619048
64,4,16,17,11,1,1,6,0,0.8571428571428571,1.0,0.0,1.0
64,4,16,17,13,2,1,9,0,1.6363636363636365,0.5,0.0,0.5
64,4,16,17,14,7,1,12,0,4.421052631578948,0.14285714285714285,0.0,0.14285714285714285
64,4,16,17,15,12,2,18,0,7.2,0.16666666666666666,0.0,0.16666666666666666
64,4,24,25,3,3,0,1,0,0.75,0.0,0.0,0.0
64,4,24,25,4,3,0,2,0,1.2,0.0,0.0,0.0
64,4,24,25,5,2,0,2,0,1.0,0.0,0.0,0.0
64,4,24,25,7,1,0,2,0,0.6666666666666666,0.0,0.0,0.0
64,4,24,25,16,1,0,11,0,0.9166666666666666,0.0,0.0,0.0
64,4,24,25,17,2,2,13,0,1.7333333333333334,1.0,0.0,1.0
64,4,24,25,18,4,2,16,0,3.2,0.5,0.0,0.5
64,4,24,25,19,12,10,19,0,7.354838709677419,0.8333333333333334,0.0,0.8333333333333334
64,4,24,25,21,2,0,29,0,1.8709677419354838,0.0,0.0,0.0
64,4,24,25,22,2,0,28,0,1.8666666666666667,0.0,0.0,0.0
64,4,32,33,2,3,0,5,0,1.875,0.0,0.0,0.0
64,4,32,33,3,2,0,7,0,1.5555555555555556,0.0,0.0,0.0
64,4,32,33,5,3,0,7,0,2.1,0.0,0.0,0.0
64,4,32,33,7,2,0,6,0,1.5,0.0,0.0,0.0
64,4,32,33,8,1,0,5,0,0.8333333333333334,0.0,0.0,0.0
64,4,32,33,9,3,0,3,0,1.5,0.0,0.0,0.0
64,4,32,33,20,1,0,15,0,0.9375,0.0,0.0,0.0
64,4,32,33,21,2,1,16,0,1.7777777777777777,0.5,0.0,0.5
64,4,32,33,22,2,1,16,0,1.7777777777777777,0.5,0.0,0.5
64,4,32,33,23,3,1,14,0,2.4705882352941178,0.3333333333333333,0.0,0.3333333333333333
64,4,32,33,24,2,0,13,0,1.7333333333333334,0.0,0.0,0.0
64,4,32,33,25,9,3,13,0,5.318181818181818,0.3333333333333333,0.0,0.3333333333333333
64,4,40,41,7,3,0,17,0,2.55,0.0,0.0,0.0
64,4,40,41,8,3,0,14,0,2.4705882352941178,0.0,0.0,0.0
64,4,40,41,9,7,0,9,0,3.9375,0.0,0.0,0.0
64,4,40,41,10,1,0,11,0,0.9166666666666666,0.0,0.0,0.0
64,4,40,41,11,3,0,9,0,2.25,0.0,0.0,0.0
64,4,40,41,12,1,0,10,0,0.9090909090909091,0.0,0.0,0.0
64,4,40,41,13,1,0,9,0,0.9,0.0,0.0,0.0
64,4,40,41,14,1,0,10,0,0.9090909090909091,0.0,0.0,0.0
64,4,40,41,15,1,0,10,0,0.9090909090909091,0.0,0.0,0.0
64,4,40,41,23,1,0,12,0,0.9230769230769231,0.0,0.0,0.0
64,4,40,41,24,2,0,10,0,1.6666666666666667,0.0,0.0,0.0
64,4,40,41,25,1,0,10,0,0.9090909090909091,0.0,0.0,0.0
64,4,40,41,26,1,0,9,0,0.9,0.0,0.0,0.0
64,4,40,41,27,4,1,6,0,2.4,0.25,0.0,0.25
64,4,40,41,28,1,0,7,0,0.875,0.0,0.0,0.0
64,4,40,41,29,8,4,5,0,3.076923076923077,0.5,0.0,0.5
64,4,48,49,8,1,0,19,0,0.95,0.0,0.0,0.0
64,4,48,49,9,1,0,21,0,0.9545454545454546,0.0,0.0,0.0
64,4,48,49,12,2,0,21,0,1.826086956521739,0.0,0.0,0.0
64,4,48,49,13,4,0,17,0,3.238095238095238,0.0,0.0,0.0
64,4,48,49,14,3,0,15,0,2.5,0.0,0.0,0.0
64,4,48,49,15,5,0,12,0,3.5294117647058822,0.0,0.0,0.0
64,4,48,49,16,2,0,12,0,1.7142857142857142,0.0,0.0,0.0
64,4,48,49,29,1,0,5,0,0.8333333333333334,0.0,0.0,0.0
64,4,48,49,30,1,0,4,0,0.8,0.0,0.0,0.0
64,4,48,49,31,6,1,1,0,0.8571428571428571,0.16666666666666666,0.0,0.16666666666666666
64,4,48,49,32,1,0,4,0,0.8,0.0,0.0,0.0
64,4,48,49,33,2,0,3,0,1.2,0.0,0.0,0.0
64,4,56,57,9,2,0,22,0,1.8333333333333333,0.0,0.0,0.0
64,4,56,57,10,2,0,24,0,1.8461538461538463,0.0,0.0,0.0
64,4,56,57,11,3,0,23,0,2.6538461538461537,0.0,0.0,0.0
64,4,56,57,12,1,0,23,0,0.9583333333333334,0.0,0.0,0.0
64,4,56,57,13,1,0,22,0,0.9565217391304348,0.0,0.0,0.0
64,4,56,57,14,1,0,21,0,0.9545454545454546,0.0,0.0,0.0
64,4,56,57,15,1,0,20,0,0.9523809523809523,0.0,0.0,0.0
64,4,56,57,16,1,0,19,0,0.95,0.0,0.0,0.0
64,4,56,57,17,3,0,16,0,2.526315789473684,0.0,0.0,0.0
64,4,56,57,18,2,0,15,0,1.7647058823529411,0.0,0.0,0.0
64,4,56,57,19,2,0,15,0,1.7647058823529411,0.0,0.0,0.0
64,4,56,57,20,1,0,15,0,0.9375,0.0,0.0,0.0
64,4,56,57,21,1,0,15,0,0.9375,0.0,0.0,0.0
64,4,56,57,32,1,0,2,0,0.6666666666666666,0.0,0.0,0.0
64,4,56,57,33,3,0,1,0,0.75,0.0,0.0,0.0
64,4,56,57,34,1,0,2,0,0.6666666666666666,0.0,0.0,0.0
64,4,64,65,10,1,0,27,0,0.9642857142857143,0.0,0.0,0.0
64,4,64,65,11,1,0,27,0,0.9642857142857143,0.0,0.0,0.0
64,4,64,65,12,1,0,27,0,0.9642857142857143,0.0,0.0,0.0
64,4,64,65,13,4,0,23,0,3.4074074074074074,0.0,0.0,0.0
64,4,64,65,14,2,0,22,0,1.8333333333333333,0.0,0.0,0.0
64,4,64,65,15,2,0,21,0,1.826086956521739,0.0,0.0,0.0
64,4,64,65,16,2,0,20,0,1.8181818181818181,0.0,0.0,0.0
64,4,64,65,17,2,0,19,0,1.8095238095238095,0.0,0.0,0.0
64,4,64,65,18,2,0,18,0,1.8,0.0,0.0,0.0
64,4,64,65,19,2,0,18,0,1.8,0.0,0.0,0.0
64,4,64,65,20,2,0,18,0,1.8,0.0,0.0,0.0
64,4,64,65,21,2,0,17,0,1.7894736842105263,0.0,0.0,0.0
64,4,64,65,22,2,0,15,0,1.7647058823529411,0.0,0.0,0.0
64,4,64,65,23,3,0,12,0,2.4,0.0,0.0,0.0
64,4,72,73,12,1,0,29,0,0.9666666666666667,0.0,0.0,0.0
64,4,72,73,13,1,0,28,0,0.9655172413793104,0.0,0.0,0.0
64,4,72,73,15,3,0,25,0,2.6785714285714284,0.0,0.0,0.0
64,4,72,73,16,1,0,24,0,0.96,0.0,0.0,0.0
64,4,72,73,17,2,0,22,0,1.8333333333333333,0.0,0.0,0.0
64,4,72,73,18,1,0,21,0,0.9545454545454546,0.0,0.0,0.0
64,4,72,73,19,1,0,21,0,0.9545454545454546,0.0,0.0,0.0
64,4,72,73,20,1,0,21,0,0.9545454545454546,0.0,0.0,0.0
64,4,72,73,21,1,0,20,0,0.9523809523809523,0.0,0.0,0.0
64,4,72,73,22,1,0,18,0,0.9473684210526315,0.0,0.0,0.0
64,4,72,73,23,2,0,15,0,1.7647058823529411,0.0,0.0,0.0
64,4,72,73,24,3,0,10,0,2.3076923076923075,0.0,0.0,0.0
64,4,80,81,19,1,0,30,0,0.967741935483871,0.0,0.0,0.0
64,4,80,81,21,9,0,22,0,6.387096774193548,0.0,0.0,0.0
64,4,80,81,22,2,0,20,0,1.8181818181818181,0.0,0.0,0.0
64,4,80,81,23,3,0,17,0,2.55,0.0,0.0,0.0
64,4,80,81,24,1,0,14,0,0.9333333333333333,0.0,0.0,0.0
64,4,80,81,25,2,0,10,0,1.6666666666666667,0.0,0.0,0.0
64,4,88,89,27,9,0,8,0,4.235294117647059,0.0,0.0,0.0
64,4,88,89,28,2,0,6,0,1.5,0.0,0.0,0.0
64,4,88,89,29,1,0,5,0,0.8333333333333334,0.0,0.0,0.0
64,5,16,17,14,5,0,1,0,0.8333333333333334,0.0,0.0,0.0
64,5,16,17,15,6,2,4,0,2.4,0.3333333333333333,0.0,0.3333333333333333
64,5,32,33,23,2,2,1,1,0.6666666666666666,1.0,1.0,0.0
64,5,32,33,24,1,0,2,0,0.6666666666666666,0.0,0.0,0.0
64,5,32,33,25,4,2,3,0,1.7142857142857142,0.5,0.0,0.5
64,5,32,33,26,4,0,6,0,2.4,0.0,0.0,0.0
64,5,40,41,30,1,0,1,0,0.5,0.0,0.0,0.0
64,5,40,41,31,5,4,1,0,0.8333333333333334,0.8,0.0,0.8
64,5,40,41,32,2,0,4,0,1.3333333333333333,0.0,0.0,0.0
64,5,40,41,33,8,4,4,0,2.6666666666666665,0.5,0.0,0.5
64,5,40,41,34,2,0,11,0,1.6923076923076923,0.0,0.0,0.0
64,5,40,41,35,3,2,11,0,2.357142857142857,0.6666666666666666,0.0,0.6666666666666666
64,5,48,49,37,4,3,1,0,0.8,0.75,0.0,0.75
64,5,48,49,38,1,0,3,0,0.75,0.0,0.0,0.0
64,5,48,49,39,3,2,2,0,1.2,0.6666666666666666,0.0,0.6666666666666666
64,5,48,49,40,2,0,3,0,1.2,0.0,0.0,0.0
64,5,56,57,43,2,2,1,0,0.6666666666666666,1.0,0.0,1.0
64,5,72,73,45,2,1,2,0,1.0,0.5,0.0,0.5
64,5,72,73,46,2,0,4,0,1.3333333333333333,0.0,0.0,0.0
64,5,72,73,47,2,1,5,0,1.4285714285714286,0.5,0.0,0.5
64,5,72,73,48,2,0,6,0,1.5,0.0,0.0,0.0
64,5,72,73,49,2,1,7,0,1.5555555555555556,0.5,0.0,0.5
64,5,72,73,50,2,0,8,0,1.6,0.0,0.0,0.0
64,5,72,73,51,3,1,9,0,2.25,0.3333333333333333,0.0,0.3333333333333333
64,5,80,81,46,2,0,2,0,1.0,0.0,0.0,0.0
64,5,80,81,47,2,0,3,0,1.2,0.0,0.0,0.0
64,5,80,81,48,2,0,4,0,1.3333333333333333,0.0,0.0,0.0
64,5,80,81,49,2,0,5,0,1.4285714285714286,0.0,0.0,0.0
64,5,80,81,50,2,0,6,0,1.5,0.0,0.0,0.0
64,5,80,81,51,2,0,7,0,1.5555555555555556,0.0,0.0,0.0
64,5,80,81,52,2,0,8,0,1.6,0.0,0.0,0.0
64,5,80,81,53,2,0,9,0,1.6363636363636365,0.0,0.0,0.0
64,5,80,81,54,2,0,9,0,1.6363636363636365,0.0,0.0,0.0
64,5,80,81,55,2,0,9,0,1.6363636363636365,0.0,0.0,0.0
64,5,80,81,56,2,0,9,0,1.6363636363636365,0.0,0.0,0.0
64,5,80,81,57,4,2,9,0,2.769230769230769,0.5,0.0,0.5
64,5,88,89,46,1,0,1,0,0.5,0.0,0.0,0.0
64,5,88,89,47,3,1,1,0,0.75,0.3333333333333333,0.0,0.3333333333333333
64,5,88,89,48,1,0,3,0,0.75,0.0,0.0,0.0
64,5,88,89,49,3,1,3,0,1.5,0.3333333333333333,0.0,0.3333333333333333
64,5,88,89,50,1,0,5,0,0.8333333333333334,0.0,0.0,0.0
64,5,88,89,51,2,0,5,0,1.4285714285714286,0.0,0.0,0.0
64,5,88,89,52,2,0,6,0,1.5,0.0,0.0,0.0
64,5,88,89,53,4,2,7,0,2.5454545454545454,0.5,0.0,0.5
64,5,88,89,54,1,0,9,0,0.9,0.0,0.0,0.0
64,5,88,89,55,3,1,8,0,2.1818181818181817,0.3333333333333333,0.0,0.3333333333333333
64,5,88,89,56,2,0,9,0,1.6363636363636365,0.0,0.0,0.0
64,5,88,89,57,2,0,9,0,1.6363636363636365,0.0,0.0,0.0
64,5,88,89,58,2,0,9,0,1.6363636363636365,0.0,0.0,0.0
64,5,96,97,47,1,1,1,0,0.5,1.0,0.0,1.0
64,5,96,97,49,2,1,2,0,1.0,0.5,0.0,0.5
64,5,96,97,51,1,0,4,0,0.8,0.0,0.0,0.0
64,5,96,97,52,1,0,5,0,0.8333333333333334,0.0,0.0,0.0
64,5,96,97,53,1,0,6,0,0.8571428571428571,0.0,0.0,0.0
64,5,96,97,54,1,0,6,0,0.8571428571428571,0.0,0.0,0.0
64,5,96,97,55,2,1,6,0,1.5,0.5,0.0,0.5
64,5,96,97,56,1,0,7,0,0.875,0.0,0.0,0.0
64,5,96,97,57,2,2,7,0,1.5555555555555556,1.0,0.0,1.0
64,5,96,97,58,2,0,7,0,1.5555555555555556,0.0,0.0,0.0
64,5,96,97,59,2,0,7,0,1.5555555555555556,0.0,0.0,0.0
64,5,104,105,49,1,1,1,0,0.5,1.0,0.0,1.0
64,5,104,105,51,2,1,2,0,1.0,0.5,0.0,0.5
64,5,104,105,53,1,0,4,0,0.8,0.0,0.0,0.0
64,5,104,105,54,1,0,4,0,0.8,0.0,0.0,0.0
64,5,104,105,55,1,0,4,0,0.8,0.0,0.0,0.0
64,5,104,105,56,1,0,4,0,0.8,0.0,0.0,0.0
64,5,104,105,57,1,1,4,0,0.8,1.0,0.0,1.0
64,5,104,105,58,1,0,4,0,0.8,0.0,0.0,0.0
64,5,104,105,59,1,1,4,0,0.8,1.0,0.0,1.0
64,5,104,105,60,2,0,4,0,1.3333333333333333,0.0,0.0,0.0
64,5,104,105,61,2,0,4,0,1.3333333333333333,0.0,0.0,0.0
64,5,112,113,53,1,1,1,0,0.5,1.0,0.0,1.0
64,6,24,25,19,6,3,2,0,1.5,0.5,0.0,0.5
64,6,32,33,21,2,1,5,0,1.4285714285714286,0.5,0.0,0.5
64,6,32,33,22,2,0,8,0,1.6,0.0,0.0,0.0
64,6,32,33,23,1,0,11,0,0.9166666666666666,0.0,0.0,0.0
64,6,40,41,16,2,0,1,0,0.6666666666666666,0.0,0.0,0.0
64,6,40,41,17,1,0,1,0,0.5,0.0,0.0,0.0
64,6,40,41,18,1,0,1,0,0.5,0.0,0.0,0.0
64,6,40,41,23,2,2,9,0,1.6363636363636365,1.0,0.0,1.0
64,6,40,41,24,1,0,12,0,0.9230769230769231,0.0,0.0,0.0
64,6,48,49,8,1,0,1,0,0.5,0.0,0.0,0.0
64,6,48,49,9,2,0,1,0,0.6666666666666666,0.0,0.0,0.0
64,6,48,49,10,2,0,1,0,0.6666666666666666,0.0,0.0,0.0
64,6,48,49,11,2,0,1,0,0.6666666666666666,0.0,0.0,0.0
64,6,48,49,12,2,0,1,0,0.6666666666666666,0.0,0.0,0.0
64,6,48,49,13,2,0,1,0,0.6666666666666666,0.0,0.0,0.0
64,6,48,49,14,2,0,1,0,0.6666666666666666,0.0,0.0,0.0
64,6,48,49,15,2,0,1,0,0.6666666666666666,0.0,0.0,0.0
64,6,48,49,16,1,0,2,0,0.6666666666666666,0.0,0.0,0.0
64,6,48,49,17,1,0,2,0,0.6666666666666666,0.0,0.0,0.0
64,6,48,49,18,1,0,2,0,0.6666666666666666,0.0,0.0,0.0
64,6,48,49,19,1,0,1,0,0.5,0.0,0.0,0.0
64,6,56,57,4,2,0,1,0,0.6666666666666666,0.0,0.0,0.0
64,6,56,57,5,3,0,2,0,1.2,0.0,0.0,0.0
64,6,56,57,6,3,0,2,0,1.2,0.0,0.0,0.0
64,6,56,57,7,2,0,2,0,1.0,0.0,0.0,0.0
64,6,56,57,8,1,0,3,0,0.75,0.0,0.0,0.0
64,6,56,57,9,2,0,3,0,1.2,0.0,0.0,0.0
64,6,56,57,10,2,0,3,0,1.2,0.0,0.0,0.0
64,6,56,57,11,3,0,3,0,1.5,0.0,0.0,0.0
64,6,56,57,12,2,0,4,0,1.3333333333333333,0.0,0.0,0.0
64,6,56,57,13,2,0,4,0,1.3333333333333333,0.0,0.0,0.0
64,6,56,57,15,2,0,4,0,1.3333333333333333,0.0,0.0,0.0
64,6,56,57,16,1,0,4,0,0.8,0.0,0.0,0.0
64,6,56,57,17,1,0,3,0,0.75,0.0,0.0,0.0
64,6,56,57,19,2,0,2,0,1.0,0.0,0.0,0.0
64,6,56,57,20,1,0,3,0,0.75,0.0,0.0,0.0
64,6,64,65,2,1,0,1,0,0.5,0.0,0.0,0.0
64,6,64,65,3,3,0,2,0,1.2,0.0,0.0,0.0
64,6,64,65,4,1,0,5,0,0.8333333333333334,0.0,0.0,0.0
64,6,64,65,5,1,0,6,0,0.8571428571428571,0.0,0.0,0.0
64,6,64,65,7,3,0,7,0,2.1,0.0,0.0,0.0
64,6,64,65,8,2,0,7,0,1.5555555555555556,0.0,0.0,0.0
64,6,64,65,9,2,0,7,0,1.5555555555555556,0.0,0.0,0.0
64,6,64,65,11,2,0,9,0,1.6363636363636365,0.0,0.0,0.0
64,6,64,65,13,1,1,11,0,0.9166666666666666,1.0,0.0,1.0
64,6,64,65,14,1,0,10,0,0.9090909090909091,0.0,0.0,0.0
64,6,64,65,15,1,0,8,0,0.8888888888888888,0.0,0.0,0.0
64,6,64,65,17,1,0,6,0,0.8571428571428571,0.0,0.0,0.0
64,6,64,65,19,1,0,6,0,0.8571428571428571,0.0,0.0,0.0
64,6,64,65,21,1,0,9,0,0.9,0.0,0.0,0.0
64,6,72,73,2,2,0,5,0,1.4285714285714286,0.0,0.0,0.0
64,6,72,73,11,2,0,13,0,1.7333333333333334,0.0,0.0,0.0
64,6,72,73,13,1,0,14,0,0.9333333333333333,0.0,0.0,0.0
64,7,8,9,9,26,26,2,0,1.8571428571428572,1.0,0.0,1.0
64,7,16,17,14,8,0,5,0,3.076923076923077,0.0,0.0,0.0
64,7,16,17,15,19,1,10,0,6.551724137931035,0.05263157894736842,0.0,0.05263157894736842
64,7,24,25,18,5,0,2,0,1.4285714285714286,0.0,0.0,0.0
64,7,24,25,19,14,11,4,0,3.111111111111111,0.7857142857142857,0.0,0.7857142857142857
64,7,32,33,22,2,0,1,0,0.6666666666666666,0.0,0.0,0.0
64,7,32,33,23,3,2,1,1,0.75,0.6666666666666666,1.0,-0.33333333333333337
64,7,32,33,24,1,0,2,0,0.6666666666666666,0.0,0.0,0.0
64,7,32,33,25,1,0,2,0,0.6666666666666666,0.0,0.0,0.0
64,8,16,17,13,1,0,1,0,0.5,0.0,0.0,0.0
64,8,16,17,14,3,0,1,0,0.75,0.0,0.0,0.0
64,8,16,17,15,9,4,5,0,3.2142857142857144,0.4444444444444444,0.0,0.4444444444444444
64,8,24,25,8,1,0,2,0,0.6666666666666666,0.0,0.0,0.0
64,8,24,25,9,2,0,2,0,1.0,0.0,0.0,0.0
64,8,24,25,11,1,0,3,0,0.75,0.0,0.0,0.0
64,8,24,25,19,5,5,7,0,2.9166666666666665,1.0,0.0,1.0
64,8,32,33,2,2,0,1,0,0.6666666666666666,0.0,0.0,0.0
64,8,32,33,3,1,0,3,0,0.75,0.0,0.0,0.0
64,8,32,33,4,1,0,4,0,0.8,0.0,0.0,0.0
64,8,32,33,5,1,0,4,0,0.8,0.0,0.0,0.0
64,8,32,33,7,1,0,5,0,0.8333333333333334,0.0,0.0,0.0
64,8,32,33,9,1,0,6,0,0.8571428571428571,0.0,0.0,0.0
64,8,32,33,11,1,0,6,0,0.8571428571428571,0.0,0.0,0.0
64,8,32,33,13,1,0,4,0,0.8,0.0,0.0,0.0
64,8,32,33,15,2,0,3,0,1.2,0.0,0.0,0.0
64,8,32,33,21,1,1,9,0,0.9,1.0,0.0,1.0
64,8,32,33,22,2,2,10,0,1.6666666666666667,1.0,0.0,1.0
64,8,40,41,3,6,0,6,0,3.0,0.0,0.0,0.0
64,8,40,41,5,3,0,7,0,2.1,0.0,0.0,0.0
64,8,40,41,7,1,0,8,0,0.8888888888888888,0.0,0.0,0.0
64,8,40,41,9,1,0,9,0,0.9,0.0,0.0,0.0
64,8,40,41,11,1,0,9,0,0.9,0.0,0.0,0.0
64,8,40,41,13,1,0,7,0,0.875,0.0,0.0,0.0
64,8,40,41,15,1,0,7,0,0.875,0.0,0.0,0.0
64,8,40,41,17,1,0,8,0,0.8888888888888888,0.0,0.0,0.0
64,8,40,41,19,1,0,9,0,0.9,0.0,0.0,0.0
64,8,40,41,21,2,0,9,0,1.6363636363636365,0.0,0.0,0.0
64,8,48,49,7,2,0,12,0,1.7142857142857142,0.0,0.0,0.0
64,8,48,49,8,3,0,11,0,2.357142857142857,0.0,0.0,0.0
64,8,48,49,10,1,0,12,0,0.9230769230769231,0.0,0.0,0.0
64,8,48,49,11,1,0,12,0,0.9230769230769231,0.0,0.0,0.0
64,8,48,49,13,1,0,10,0,0.9090909090909091,0.0,0.0,0.0
64,8,48,49,15,1,0,10,0,0.9090909090909091,0.0,0.0,0.0
64,8,48,49,17,1,0,11,0,0.9166666666666666,0.0,0.0,0.0
64,8,56,57,10,3,0,14,0,2.4705882352941178,0.0,0.0,0.0
64,8,56,57,11,1,0,14,0,0.9333333333333333,0.0,0.0,0.0
64,8,56,57,12,1,0,12,0,0.9230769230769231,0.0,0.0,0.0
64,8,56,57,13,2,0,11,0,1.6923076923076923,0.0,0.0,0.0
64,8,64,65,12,3,0,13,0,2.4375,0.0,0.0,0.0
64,8,64,65,14,2,0,11,0,1.6923076923076923,0.0,0.0,0.0
64,8,64,65,15,2,0,12,0,1.7142857142857142,0.0,0.0,0.0
64,9,16,17,10,1,0,1,0,0.5,0.0,0.0,0.0
64,9,16,17,15,7,4,9,0,3.9375,0.5714285714285714,0.0,0.5714285714285714
64,9,24,25,4,2,0,2,0,1.0,0.0,0.0,0.0
64,9,24,25,5,1,0,3,0,0.75,0.0,0.0,0.0
64,9,24,25,6,2,0,3,0,1.2,0.0,0.0,0.0
64,9,24,25,8,3,0,3,0,1.5,0.0,0.0,0.0
64,9,24,25,10,1,0,3,0,0.75,0.0,0.0,0.0
64,9,24,25,11,1,0,2,0,0.6666666666666666,0.0,0.0,0.0
64,9,24,25,12,1,0,3,0,0.75,0.0,0.0,0.0
64,9,32,33,2,3,0,5,0,1.875,0.0,0.0,0.0
64,9,32,33,3,1,0,8,0,0.8888888888888888,0.0,0.0,0.0
64,9,32,33,4,1,0,10,0,0.9090909090909091,0.0,0.0,0.0
64,9,32,33,5,1,0,12,0,0.9230769230769231,0.0,0.0,0.0
64,9,32,33,6,6,0,9,0,3.6,0.0,0.0,0.0
64,9,32,33,7,1,0,11,0,0.9166666666666666,0.0,0.0,0.0
64,9,32,33,8,1,0,10,0,0.9090909090909091,0.0,0.0,0.0
64,9,32,33,10,1,0,8,0,0.8888888888888888,0.0,0.0,0.0
64,9,32,33,12,1,0,7,0,0.875,0.0,0.0,0.0
64,9,32,33,14,1,0,10,0,0.9090909090909091,0.0,0.0,0.0
64,9,40,41,6,1,0,20,0,0.9523809523809523,0.0,0.0,0.0
64,9,40,41,7,3,0,19,0,2.590909090909091,0.0,0.0,0.0
64,9,40,41,8,4,0,17,0,3.238095238095238,0.0,0.0,0.0
64,9,40,41,9,1,0,16,0,0.9411764705882353,0.0,0.0,0.0
64,9,40,41,10,5,0,13,0,3.611111111111111,0.0,0.0,0.0
64,9,40,41,11,4,0,9,0,2.769230769230769,0.0,0.0,0.0
64,9,40,41,12,1,0,9,0,0.9,0.0,0.0,0.0
64,9,48,49,13,3,0,13,0,2.4375,0.0,0.0,0.0
64,9,48,49,14,2,0,12,0,1.7142857142857142,0.0,0.0,0.0
64,9,48,49,15,1,0,12,0,0.9230769230769231,0.0,0.0,0.0
64,9,56,57,15,2,0,14,0,1.75,0.0,0.0,0.0
64,9,56,57,17,2,0,14,0,1.75,0.0,0.0,0.0
64,10,16,17,14,3,0,2,0,1.2,0.0,0.0,0.0
64,10,16,17,15,17,9,5,0,3.8636363636363638,0.5294117647058824,0.0,0.5294117647058824
64,10,16,17,16,2,1,20,0,1.8181818181818181,0.5,0.0,0.5
64,10,16,17,17,2,0,20,0,1.8181818181818181,0.0,0.0,0.0
64,10,24,25,12,2,0,4,0,1.3333333333333333,0.0,0.0,0.0
64,10,24,25,13,3,0,6,0,2.0,0.0,0.0,0.0
64,10,24,25,15,3,1,9,0,2.25,0.3333333333333333,0.0,0.3333333333333333
64,10,24,25,16,2,0,10,0,1.6666666666666667,0.0,0.0,0.0
64,10,24,25,17,4,1,9,0,2.769230769230769,0.25,0.0,0.25
64,10,24,25,18,2,0,10,0,1.6666666666666667,0.0,0.0,0.0
64,10,24,25,19,10,7,9,0,4.7368421052631575,0.7,0.0,0.7
64,10,24,25,21,1,1,17,0,0.9444444444444444,1.0,0.0,1.0
64,10,32,33,5,4,0,1,0,0.8,0.0,0.0,0.0
64,10,32,33,7,4,0,4,0,2.0,0.0,0.0,0.0
64,10,32,33,9,2,0,8,0,1.6,0.0,0.0,0.0
64,10,32,33,10,1,0,10,0,0.9090909090909091,0.0,0.0,0.0
64,10,32,33,11,2,0,11,0,1.6923076923076923,0.0,0.0,0.0
64,10,32,33,12,2,0,13,0,1.7333333333333334,0.0,0.0,0.0
64,10,32,33,13,1,0,15,0,0.9375,0.0,0.0,0.0
64,10,32,33,14,1,0,16,0,0.9411764705882353,0.0,0.0,0.0
64,10,32,33,15,1,0,17,0,0.9444444444444444,0.0,0.0,0.0
64,10,32,33,16,2,0,17,0,1.7894736842105263,0.0,0.0,0.0
64,10,32,33,18,1,0,15,0,0.9375,0.0,0.0,0.0
64,10,32,33,20,1,0,13,0,0.9285714285714286,0.0,0.0,0.0
64,10,32,33,21,2,0,9,0,1.6363636363636365,0.0,0.0,0.0
64,10,32,33,22,1,0,8,0,0.8888888888888888,0.0,0.0,0.0
64,10,32,33,23,5,2,6,0,2.727272727272727,0.4,0.0,0.4
64,10,32,33,24,4,1,9,0,2.769230769230769,0.25,0.0,0.25
64,10,32,33,25,11,8,12,0,5.739130434782608,0.7272727272727273,0.0,0.7272727272727273
64,10,32,33,26,2,0,23,0,1.84,0.0,0.0,0.0
64,10,40,41,3,1,0,6,0,0.8571428571428571,0.0,0.0,0.0
64,10,40,41,5,1,0,9,0,0.9,0.0,0.0,0.0
64,10,40,41,6,1,0,10,0,0.9090909090909091,0.0,0.0,0.0
64,10,40,41,7,2,0,11,0,1.6923076923076923,0.0,0.0,0.0
64,10,40,41,9,1,0,15,0,0.9375,0.0,0.0,0.0
64,10,40,41,10,1,0,16,0,0.9411764705882353,0.0,0.0,0.0
64,10,40,41,12,1,0,19,0,0.95,0.0,0.0,0.0
64,10,40,41,13,1,0,20,0,0.9523809523809523,0.0,0.0,0.0
64,10,40,41,14,1,0,20,0,0.9523809523809523,0.0,0.0,0.0
64,10,40,41,16,1,0,20,0,0.9523809523809523,0.0,0.0,0.0
64,10,40,41,18,1,0,17,0,0.9444444444444444,0.0,0.0,0.0
64,10,40,41,20,1,0,15,0,0.9375,0.0,0.0,0.0
64,10,40,41,21,1,0,13,0,0.9285714285714286,0.0,0.0,0.0
64,10,40,41,22,2,0,12,0,1.7142857142857142,0.0,0.0,0.0
64,10,40,41,23,4,0,9,0,2.769230769230769,0.0,0.0,0.0
64,10,40,41,24,2,0,10,0,1.6666666666666667,0.0,0.0,0.0
64,10,40,41,25,4,1,10,0,2.857142857142857,0.25,0.0,0.25
64,10,40,41,26,2,0,11,0,1.6923076923076923,0.0,0.0,0.0
64,10,40,41,27,5,1,11,0,3.4375,0.2,0.0,0.2
64,10,40,41,28,4,0,12,0,3.0,0.0,0.0,0.0
64,10,40,41,29,11,9,14,0,6.16,0.8181818181818182,0.0,0.8181818181818182
64,10,40,41,30,4,0,23,0,3.4074074074074074,0.0,0.0,0.0
64,10,40,41,31,4,2,26,0,3.466666666666667,0.5,0.0,0.5
64,10,48,49,18,1,0,20,0,0.9523809523809523,0.0,0.0,0.0
64,10,48,49,19,1,0,18,0,0.9473684210526315,0.0,0.0,0.0
64,10,48,49,21,1,0,15,0,0.9375,0.0,0.0,0.0
64,10,48,49,23,3,0,14,0,2.4705882352941178,0.0,0.0,0.0
64,10,48,49,24,1,0,16,0,0.9411764705882353,0.0,0.0,0.0
64,10,48,49,25,4,0,15,0,3.1578947368421053,0.0,0.0,0.0
64,10,48,49,26,2,0,16,0,1.7777777777777777,0.0,0.0,0.0
64,10,48,49,27,4,0,15,0,3.1578947368421053,0.0,0.0,0.0
64,10,48,49,28,2,0,17,0,1.7894736842105263,0.0,0.0,0.0
64,10,48,49,29,3,0,17,0,2.55,0.0,0.0,0.0
64,10,48,49,30,2,0,17,0,1.7894736842105263,0.0,0.0,0.0
64,10,48,49,31,4,1,16,0,3.2,0.25,0.0,0.25
64,10,48,49,32,2,0,16,0,1.7777777777777777,0.0,0.0,0.0
64,10,48,49,33,5,3,16,0,3.8095238095238093,0.6,0.0,0.6
64,10,48,49,34,10,0,17,0,6.296296296296297,0.0,0.0,0.0
64,10,48,49,35,5,3,23,0,4.107142857142857,0.6,0.0,0.6
64,10,48,49,36,1,0,26,0,0.9629629629629629,0.0,0.0,0.0
64,10,56,57,21,2,0,16,0,1.7777777777777777,0.0,0.0,0.0
64,10,56,57,23,2,0,17,0,1.7894736842105263,0.0,0.0,0.0
64,10,56,57,24,1,0,20,0,0.9523809523809523,0.0,0.0,0.0
64,10,56,57,25,3,0,21,0,2.625,0.0,0.0,0.0
64,10,56,57,26,1,0,23,0,0.9583333333333334,0.0,0.0,0.0
64,10,56,57,27,2,0,22,0,1.8333333333333333,0.0,0.0,0.0
64,10,56,57,28,1,0,22,0,0.9565217391304348,0.0,0.0,0.0
64,10,56,57,29,1,0,22,0,0.9565217391304348,0.0,0.0,0.0
64,10,56,57,30,1,0,22,0,0.9565217391304348,0.0,0.0,0.0
64,10,56,57,31,2,0,21,0,1.826086956521739,0.0,0.0,0.0
64,10,56,57,32,1,0,21,0,0.9545454545454546,0.0,0.0,0.0
64,10,56,57,33,1,0,21,0,0.9545454545454546,0.0,0.0,0.0
64,10,56,57,34,1,0,21,0,0.9545454545454546,0.0,0.0,0.0
64,10,56,57,35,4,0,17,0,3.238095238095238,0.0,0.0,0.0
64,10,56,57,36,2,0,15,0,1.7647058823529411,0.0,0.0,0.0
64,10,56,57,39,6,6,17,0,4.434782608695652,1.0,0.0,1.0
64,10,64,65,31,2,1,28,0,1.8666666666666667,0.5,0.0,0.5
64,10,64,65,33,6,0,24,0,4.8,0.0,0.0,0.0
64,10,64,65,35,4,0,22,0,3.3846153846153846,0.0,0.0,0.0
64,10,64,65,36,1,0,20,0,0.9523809523809523,0.0,0.0,0.0
64,10,64,65,37,2,1,19,0,1.8095238095238095,0.5,0.0,0.5
64,10,64,65,43,1,1,22,0,0.9565217391304348,1.0,0.0,1.0
64,10,72,73,41,2,0,22,0,1.8333333333333333,0.0,0.0,0.0
64,10,72,73,43,2,0,22,0,1.8333333333333333,0.0,0.0,0.0
64,10,192,193,73,2,0,28,0,1.8666666666666667,0.0,0.0,0.0
64,10,192,193,75,2,0,31,0,1.878787878787879,0.0,0.0,0.0
64,10,192,193,78,2,0,31,0,1.878787878787879,0.0,0.0,0.0
64,10,192,193,80,2,0,30,0,1.875,0.0,0.0,0.0
64,10,200,201,87,2,0,25,0,1.8518518518518519,0.0,0.0,0.0
64,10,200,201,89,2,0,27,0,1.8620689655172413,0.0,0.0,0.0
64,11,16,17,13,1,0,1,0,0.5,0.0,0.0,0.0
64,11,16,17,14,3,0,1,0,0.75,0.0,0.0,0.0
64,11,16,17,15,2,0,5,0,1.4285714285714286,0.0,0.0,0.0
64,11,24,25,8,2,0,1,0,0.6666666666666666,0.0,0.0,0.0
64,11,24,25,9,2,0,2,0,1.0,0.0,0.0,0.0
64,11,24,25,10,1,0,3,0,0.75,0.0,0.0,0.0
64,11,24,25,11,1,0,3,0,0.75,0.0,0.0,0.0
64,11,24,25,13,1,0,3,0,0.75,0.0,0.0,0.0
64,11,24,25,14,1,0,2,0,0.6666666666666666,0.0,0.0,0.0
64,11,24,25,15,1,0,3,0,0.75,0.0,0.0,0.0
64,11,32,33,4,1,0,5,0,0.8333333333333334,0.0,0.0,0.0
64,11,32,33,5,3,0,6,0,2.0,0.0,0.0,0.0
64,11,32,33,7,4,0,8,0,2.6666666666666665,0.0,0.0,0.0
64,11,32,33,8,1,0,9,0,0.9,0.0,0.0,0.0
64,11,32,33,9,3,0,7,0,2.1,0.0,0.0,0.0
64,11,32,33,11,1,0,6,0,0.8571428571428571,0.0,0.0,0.0
64,11,40,41,3,4,0,8,0,2.6666666666666665,0.0,0.0,0.0
64,11,40,41,4,1,0,10,0,0.9090909090909091,0.0,0.0,0.0
64,11,40,41,5,1,0,12,0,0.9230769230769231,0.0,0.0,0.0
64,11,40,41,6,1,0,14,0,0.9333333333333333,0.0,0.0,0.0
64,11,40,41,8,1,0,17,0,0.9444444444444444,0.0,0.0,0.0
64,11,40,41,10,1,0,16,0,0.9411764705882353,0.0,0.0,0.0
64,11,40,41,11,3,0,11,0,2.357142857142857,0.0,0.0,0.0
64,11,40,41,12,1,0,9,0,0.9,0.0,0.0,0.0
64,11,48,49,7,4,0,19,0,3.3043478260869565,0.0,0.0,0.0
64,11,48,49,8,1,0,20,0,0.9523809523809523,0.0,0.0,0.0
64,12,8,9,9,15,15,7,0,4.7727272727272725,1.0,0.0,1.0
64,12,16,17,5,2,1,1,0,0.6666666666666666,0.5,0.0,0.5
64,12,16,17,14,2,0,15,0,1.7647058823529411,0.0,0.0,0.0
64,12,16,17,15,11,2,16,0,6.518518518518518,0.18181818181818182,0.0,0.18181818181818182
64,12,24,25,3,2,0,1,0,0.6666666666666666,0.0,0.0,0.0
64,12,24,25,5,1,0,4,0,0.8,0.0,0.0,0.0
64,12,24,25,7,2,0,6,0,1.5,0.0,0.0,0.0
64,12,24,25,8,1,0,8,0,0.8888888888888888,0.0,0.0,0.0
64,12,24,25,9,4,0,7,0,2.5454545454545454,0.0,0.0,0.0
64,12,24,25,17,1,0,15,0,0.9375,0.0,0.0,0.0
64,12,24,25,18,3,0,13,0,2.4375,0.0,0.0,0.0
64,12,24,25,19,5,1,13,0,3.611111111111111,0.2,0.0,0.2
64,12,24,25,20,4,1,14,0,3.111111111111111,0.25,0.0,0.25
64,12,32,33,4,1,0,8,0,0.8888888888888888,0.0,0.0,0.0
64,12,32,33,5,1,0,10,0,0.9090909090909091,0.0,0.0,0.0
64,12,32,33,7,6,0,10,0,3.75,0.0,0.0,0.0
64,12,32,33,9,1,0,15,0,0.9375,0.0,0.0,0.0
64,12,32,33,11,1,0,19,0,0.95,0.0,0.0,0.0
64,12,32,33,13,4,0,18,0,3.272727272727273,0.0,0.0,0.0
64,12,32,33,14,3,0,17,0,2.55,0.0,0.0,0.0
64,12,32,33,15,3,0,16,0,2.526315789473684,0.0,0.0,0.0
64,12,32,33,21,2,2,13,0,1.7333333333333334,1.0,0.0,1.0
64,12,32,33,22,2,0,9,0,1.6363636363636365,0.0,0.0,0.0
64,12,32,33,23,1,0,7,0,0.875,0.0,0.0,0.0
64,12,32,33,24,1,0,5,0,0.8333333333333334,0.0,0.0,0.0
64,12,32,33,25,1,0,4,0,0.8,0.0,0.0,0.0
64,12,40,41,11,2,0,25,0,1.8518518518518519,0.0,0.0,0.0
64,12,40,41,12,3,0,25,0,2.6785714285714284,0.0,0.0,0.0
64,12,40,41,13,2,0,24,0,1.8461538461538463,0.0,0.0,0.0
64,12,40,41,19,4,0,16,0,3.2,0.0,0.0,0.0
64,13,8,9,6,3,1,2,0,1.2,0.3333333333333333,0.0,0.3333333333333333
64,13,8,9,7,2,1,3,0,1.2,0.5,0.0,0.5
64,13,8,9,8,3,1,3,0,1.5,0.3333333333333333,0.0,0.3333333333333333
64,13,8,9,9,16,14,5,0,3.8095238095238093,0.875,0.0,0.875
64,13,8,9,10,2,0,23,0,1.84,0.0,0.0,0.0
64,13,16,17,11,1,0,8,0,0.8888888888888888,0.0,0.0,0.0
64,13,16,17,12,3,0,6,0,2.0,0.0,0.0,0.0
64,13,16,17,13,8,4,6,0,3.4285714285714284,0.5,0.0,0.5
64,13,16,17,14,2,0,14,0,1.75,0.0,0.0,0.0
64,13,16,17,15,18,5,16,0,8.470588235294118,0.2777777777777778,0.0,0.2777777777777778
64,13,24,25,1,1,0,2,0,0.6666666666666666,0.0,0.0,0.0
64,13,24,25,2,4,0,1,0,0.8,0.0,0.0,0.0
64,13,24,25,3,2,0,1,0,0.6666666666666666,0.0,0.0,0.0
64,13,24,25,4,2,0,1,0,0.6666666666666666,0.0,0.0,0.0
64,13,24,25,14,1,0,12,0,0.9230769230769231,0.0,0.0,0.0
64,13,24,25,15,6,0,14,0,4.2,0.0,0.0,0.0
64,13,24,25,17,4,1,23,0,3.4074074074074074,0.25,0.0,0.25
64,13,24,25,18,4,0,29,0,3.515151515151515,0.0,0.0,0.0
64,13,24,25,19,10,7,32,0,7.619047619047619,0.7,0.0,0.7
64,13,24,25,20,1,0,41,0,0.9761904761904762,0.0,0.0,0.0
64,13,32,33,4,2,0,11,0,1.6923076923076923,0.0,0.0,0.0
64,13,32,33,5,4,0,7,0,2.5454545454545454,0.0,0.0,0.0
64,13,32,33,6,4,0,5,0,2.2222222222222223,0.0,0.0,0.0
64,13,32,33,7,1,0,6,0,0.8571428571428571,0.0,0.0,0.0
64,13,32,33,8,1,0,7,0,0.875,0.0,0.0,0.0
64,13,32,33,9,1,0,7,0,0.875,0.0,0.0,0.0
64,13,32,33,21,3,1,28,0,2.7096774193548385,0.3333333333333333,0.0,0.3333333333333333
64,13,32,33,22,2,0,28,0,1.8666666666666667,0.0,0.0,0.0
64,13,32,33,23,2,2,30,0,1.875,1.0,0.0,1.0
64,13,32,33,24,2,0,32,0,1.8823529411764706,0.0,0.0,0.0
64,13,32,33,25,10,4,36,0,7.826086956521739,0.4,0.0,0.4
64,13,40,41,8,2,0,18,0,1.8,0.0,0.0,0.0
64,13,40,41,9,3,0,18,0,2.5714285714285716,0.0,0.0,0.0
64,13,40,41,10,6,0,16,0,4.363636363636363,0.0,0.0,0.0
64,13,40,41,11,4,0,14,0,3.111111111111111,0.0,0.0,0.0
64,13,40,41,12,3,0,14,0,2.4705882352941178,0.0,0.0,0.0
64,13,40,41,13,1,0,16,0,0.9411764705882353,0.0,0.0,0.0
64,13,40,41,22,1,0,26,0,0.9629629629629629,0.0,0.0,0.0
64,13,40,41,25,1,1,32,0,0.9696969696969697,1.0,0.0,1.0
64,13,40,41,26,1,0,34,0,0.9714285714285714,0.0,0.0,0.0
64,13,40,41,28,2,0,36,0,1.894736842105263,0.0,0.0,0.0
64,13,40,41,29,5,3,37,0,4.404761904761905,0.6,0.0,0.6
64,13,40,41,30,4,1,39,0,3.627906976744186,0.25,0.0,0.25
64,13,40,41,31,2,0,43,0,1.9111111111111112,0.0,0.0,0.0
64,13,48,49,10,2,0,23,0,1.84,0.0,0.0,0.0
64,13,48,49,11,1,0,24,0,0.96,0.0,0.0,0.0
64,13,48,49,12,4,0,23,0,3.4074074074074074,0.0,0.0,0.0
64,13,48,49,13,2,0,26,0,1.8571428571428572,0.0,0.0,0.0
64,13,48,49,14,10,0,22,0,6.875,0.0,0.0,0.0
64,13,48,49,15,3,0,24,0,2.6666666666666665,0.0,0.0,0.0
64,13,48,49,18,1,0,29,0,0.9666666666666667,0.0,0.0,0.0
64,13,48,49,19,1,0,30,0,0.967741935483871,0.0,0.0,0.0
64,13,48,49,20,1,0,29,0,0.9666666666666667,0.0,0.0,0.0
64,13,48,49,21,1,0,28,0,0.9655172413793104,0.0,0.0,0.0
64,13,48,49,27,1,0,35,0,0.9722222222222222,0.0,0.0,0.0
64,13,48,49,28,1,0,35,0,0.9722222222222222,0.0,0.0,0.0
64,13,48,49,33,1,1,42,0,0.9767441860465116,1.0,0.0,1.0
64,13,48,49,34,2,0,46,0,1.9166666666666667,0.0,0.0,0.0
64,13,48,49,35,2,0,47,0,1.9183673469387754,0.0,0.0,0.0
64,13,48,49,36,1,0,48,1,0.9795918367346939,0.0,0.020833333333333332,-0.020833333333333332
64,13,56,57,16,2,0,35,0,1.8918918918918919,0.0,0.0,0.0
64,13,56,57,17,3,0,34,0,2.7567567567567566,0.0,0.0,0.0
64,13,56,57,18,3,0,34,0,2.7567567567567566,0.0,0.0,0.0
64,13,56,57,19,6,0,32,0,5.052631578947368,0.0,0.0,0.0
64,13,56,57,20,3,0,35,0,2.763157894736842,0.0,0.0,0.0
64,13,56,57,21,7,0,30,0,5.675675675675675,0.0,0.0,0.0
64,13,56,57,22,5,0,28,0,4.242424242424242,0.0,0.0,0.0
64,13,56,57,23,3,0,28,0,2.7096774193548385,0.0,0.0,0.0
64,13,56,57,24,1,0,30,0,0.967741935483871,0.0,0.0,0.0
64,13,56,57,25,1,0,32,0,0.9696969696969697,0.0,0.0,0.0
64,13,56,57,27,1,1,35,0,0.9722222222222222,1.0,0.0,1.0
64,13,56,57,28,1,0,35,0,0.9722222222222222,0.0,0.0,0.0
64,13,64,65,16,1,0,36,0,0.972972972972973,0.0,0.0,0.0
64,13,64,65,17,1,0,37,0,0.9736842105263158,0.0,0.0,0.0
64,13,64,65,18,1,0,39,0,0.975,0.0,0.0,0.0
64,13,64,65,19,1,0,40,0,0.975609756097561,0.0,0.0,0.0
64,13,64,65,20,1,0,39,0,0.975,0.0,0.0,0.0
64,13,64,65,21,1,0,38,0,0.9743589743589743,0.0,0.0,0.0
64,13,64,65,22,7,0,31,0,5.7105263157894735,0.0,0.0,0.0
64,13,64,65,23,5,0,30,0,4.285714285714286,0.0,0.0,0.0
64,13,64,65,24,4,0,31,0,3.5428571428571427,0.0,0.0,0.0
64,13,64,65,25,4,0,33,0,3.5675675675675675,0.0,0.0,0.0
64,13,64,65,26,4,0,35,0,3.58974358974359,0.0,0.0,0.0
64,13,64,65,27,3,0,36,0,2.769230769230769,0.0,0.0,0.0
64,13,64,65,28,2,0,36,0,1.894736842105263,0.0,0.0,0.0
64,13,64,65,29,1,0,35,0,0.9722222222222222,0.0,0.0,0.0
64,13,72,73,17,1,0,38,0,0.9743589743589743,0.0,0.0,0.0
64,13,72,73,19,1,0,41,0,0.9761904761904762,0.0,0.0,0.0
64,13,72,73,20,1,0,40,0,0.975609756097561,0.0,0.0,0.0
64,13,72,73,21,1,0,39,0,0.975,0.0,0.0,0.0
64,13,72,73,23,4,0,35,0,3.58974358974359,0.0,0.0,0.0
64,13,72,73,24,7,0,32,0,5.743589743589744,0.0,0.0,0.0
64,13,72,73,25,5,0,33,0,4.342105263157895,0.0,0.0,0.0
64,13,72,73,26,4,0,35,0,3.58974358974359,0.0,0.0,0.0
64,13,72,73,27,4,0,36,0,3.6,0.0,0.0,0.0
64,13,72,73,28,4,0,36,0,3.6,0.0,0.0,0.0
64,13,72,73,29,3,0,35,0,2.763157894736842,0.0,0.0,0.0
64,13,80,81,19,1,0,42,0,0.9767441860465116,0.0,0.0,0.0
64,13,80,81,21,1,0,39,0,0.975,0.0,0.0,0.0
64,13,80,81,22,1,0,38,0,0.9743589743589743,0.0,0.0,0.0
64,13,80,81,23,1,0,39,0,0.975,0.0,0.0,0.0
64,13,80,81,24,3,0,39,0,2.7857142857142856,0.0,0.0,0.0
64,13,80,81,25,5,0,39,0,4.431818181818182,0.0,0.0,0.0
64,13,80,81,26,4,0,39,0,3.627906976744186,0.0,0.0,0.0
64,13,80,81,27,4,0,39,0,3.627906976744186,0.0,0.0,0.0
64,13,80,81,28,3,0,39,0,2.7857142857142856,0.0,0.0,0.0
64,13,80,81,29,4,0,36,0,3.6,0.0,0.0,0.0
64,13,80,81,30,1,0,34,0,0.9714285714285714,0.0,0.0,0.0
64,13,88,89,23,1,0,40,0,0.975609756097561,0.0,0.0,0.0
64,13,88,89,25,1,0,44,0,0.9777777777777777,0.0,0.0,0.0
64,13,88,89,26,4,0,44,0,3.6666666666666665,0.0,0.0,0.0
64,13,88,89,27,3,1,44,0,2.8085106382978724,0.3333333333333333,0.0,0.3333333333333333
64,13,88,89,28,2,0,43,0,1.9111111111111112,0.0,0.0,0.0
64,13,88,89,29,3,0,40,0,2.7906976744186047,0.0,0.0,0.0
64,13,88,89,30,4,1,34,0,3.5789473684210527,0.25,0.0,0.25
64,13,96,97,22,1,0,39,0,0.975,0.0,0.0,0.0
64,13,96,97,24,1,0,41,0,0.9761904761904762,0.0,0.0,0.0
64,13,96,97,25,1,0,44,0,0.9777777777777777,0.0,0.0,0.0
64,13,96,97,26,1,0,47,0,0.9791666666666666,0.0,0.0,0.0
64,13,96,97,29,8,0,40,0,6.666666666666667,0.0,0.0,0.0
64,13,96,97,30,4,0,35,0,3.58974358974359,0.0,0.0,0.0
64,13,96,97,31,1,0,36,0,0.972972972972973,0.0,0.0,0.0
64,13,104,105,32,2,0,44,0,1.9130434782608696,0.0,0.0,0.0
64,13,104,105,33,3,0,44,0,2.8085106382978724,0.0,0.0,0.0
64,13,104,105,34,3,0,46,0,2.816326530612245,0.0,0.0,0.0
64,13,112,113,35,4,0,46,0,3.68,0.0,0.0,0.0
64,13,112,113,36,1,0,46,0,0.9787234042553191,0.0,0.0,0.0
64,14,8,9,9,19,17,1,0,0.95,0.8947368421052632,0.0,0.8947368421052632
64,14,16,17,5,3,0,4,0,1.7142857142857142,0.0,0.0,0.0
64,14,16,17,7,2,0,7,0,1.5555555555555556,0.0,0.0,0.0
64,14,16,17,9,3,0,7,0,2.1,0.0,0.0,0.0
64,14,16,17,10,1,0,7,0,0.875,0.0,0.0,0.0
64,14,16,17,11,4,1,6,0,2.4,0.25,0.0,0.25
64,14,16,17,12,1,0,8,0,0.8888888888888888,0.0,0.0,0.0
64,14,16,17,13,2,1,9,0,1.6363636363636365,0.5,0.0,0.5
64,14,16,17,14,7,2,9,0,3.9375,0.2857142857142857,0.0,0.2857142857142857
64,14,16,17,15,4,1,19,0,3.3043478260869565,0.25,0.0,0.25
64,14,24,25,1,2,0,2,0,1.0,0.0,0.0,0.0
64,14,24,25,3,2,0,6,0,1.5,0.0,0.0,0.0
64,14,24,25,5,2,0,10,0,1.6666666666666667,0.0,0.0,0.0
64,14,24,25,7,1,0,14,0,0.9333333333333333,0.0,0.0,0.0
64,14,24,25,8,1,0,15,0,0.9375,0.0,0.0,0.0
64,14,24,25,9,4,0,13,0,3.0588235294117645,0.0,0.0,0.0
64,14,24,25,11,4,1,12,0,3.0,0.25,0.0,0.25
64,14,24,25,13,1,0,14,0,0.9333333333333333,0.0,0.0,0.0
64,14,24,25,15,3,0,16,0,2.526315789473684,0.0,0.0,0.0
64,14,24,25,17,4,0,21,0,3.36,0.0,0.0,0.0
64,14,24,25,19,3,1,28,0,2.7096774193548385,0.3333333333333333,0.0,0.3333333333333333
64,14,32,33,5,2,0,15,0,1.7647058823529411,0.0,0.0,0.0
64,14,32,33,6,1,0,17,0,0.9444444444444444,0.0,0.0,0.0
64,14,32,33,7,1,0,18,0,0.9473684210526315,0.0,0.0,0.0
64,14,32,33,8,1,0,18,0,0.9473684210526315,0.0,0.0,0.0
64,14,32,33,9,1,0,19,0,0.95,0.0,0.0,0.0
64,14,32,33,13,2,0,19,0,1.8095238095238095,0.0,0.0,0.0
64,14,32,33,14,1,0,18,0,0.9473684210526315,0.0,0.0,0.0
64,14,32,33,15,3,0,19,0,2.590909090909091,0.0,0.0,0.0
64,14,32,33,22,3,0,37,0,2.775,0.0,0.0,0.0
64,14,32,33,24,1,1,39,0,0.975,1.0,0.0,1.0
64,15,16,17,14,4,0,1,0,0.8,0.0,0.0,0.0
64,15,16,17,15,9,6,4,0,2.769230769230769,0.6666666666666666,0.0,0.6666666666666666
64,15,16,17,17,1,0,15,0,0.9375,0.0,0.0,0.0
64,15,24,25,18,2,0,1,0,0.6666666666666666,0.0,0.0,0.0
64,15,24,25,19,13,9,2,0,1.7333333333333334,0.6923076923076923,0.0,0.6923076923076923
64,15,24,25,20,3,0,13,0,2.4375,0.0,0.0,0.0
64,15,24,25,21,2,1,15,0,1.7647058823529411,0.5,0.0,0.5
64,15,32,33,23,4,2,1,0,0.8,0.5,0.0,0.5
64,15,32,33,24,1,0,4,0,0.8,0.0,0.0,0.0
64,15,32,33,25,12,10,4,0,3.0,0.8333333333333334,0.0,0.8333333333333334
64,15,32,33,26,2,0,14,0,1.75,0.0,0.0,0.0
64,15,40,41,28,1,0,1,0,0.5,0.0,0.0,0.0
64,15,40,41,29,2,2,3,0,1.2,1.0,0.0,1.0
64,15,40,41,31,10,7,7,0,4.117647058823529,0.7,0.0,0.7
64,15,56,57,30,3,0,2,0,1.2,0.0,0.0,0.0
64,15,64,65,31,3,1,2,0,1.2,0.3333333333333333,0.0,0.3333333333333333
64,15,64,65,32,1,0,5,0,0.8333333333333334,0.0,0.0,0.0
64,15,64,65,33,4,2,6,0,2.4,0.5,0.0,0.5
64,15,64,65,35,4,2,9,0,2.769230769230769,0.5,0.0,0.5
64,15,64,65,37,4,2,9,0,2.769230769230769,0.5,0.0,0.5
64,15,64,65,38,2,0,11,0,1.6923076923076923,0.0,0.0,0.0
64,15,64,65,39,2,0,11,0,1.6923076923076923,0.0,0.0,0.0
64,15,64,65,40,2,0,11,0,1.6923076923076923,0.0,0.0,0.0
64,15,72,73,31,2,2,2,0,1.0,1.0,0.0,1.0
64,15,72,73,32,2,0,4,0,1.3333333333333333,0.0,0.0,0.0
64,15,72,73,33,2,1,6,0,1.5,0.5,0.0,0.5
64,15,72,73,34,2,0,8,0,1.6,0.0,0.0,0.0
64,15,72,73,35,2,1,9,0,1.6363636363636365,0.5,0.0,0.5
64,15,72,73,36,2,0,9,0,1.6363636363636365,0.0,0.0,0.0
64,15,72,73,37,2,0,9,0,1.6363636363636365,0.0,0.0,0.0
64,15,72,73,38,2,0,9,0,1.6363636363636365,0.0,0.0,0.0
64,15,72,73,39,2,0,9,0,1.6363636363636365,0.0,0.0,0.0
64,15,72,73,40,2,0,9,0,1.6363636363636365,0.0,0.0,0.0
64,15,72,73,41,2,0,9,0,1.6363636363636365,0.0,0.0,0.0
64,15,80,81,33,3,1,2,0,1.2,0.3333333333333333,0.0,0.3333333333333333
64,15,80,81,34,1,0,5,0,0.8333333333333334,0.0,0.0,0.0
64,15,80,81,35,3,1,5,0,1.875,0.3333333333333333,0.0,0.3333333333333333
64,15,80,81,36,2,0,6,0,1.5,0.0,0.0,0.0
64,15,80,81,37,2,1,6,0,1.5,0.5,0.0,0.5
64,15,80,81,38,2,0,6,0,1.5,0.0,0.0,0.0
64,15,80,81,39,3,1,6,0,2.0,0.3333333333333333,0.0,0.3333333333333333
64,15,80,81,40,2,0,7,0,1.5555555555555556,0.0,0.0,0.0
64,15,80,81,41,3,1,7,0,2.1,0.3333333333333333,0.0,0.3333333333333333
64,15,80,81,42,1,0,8,0,0.8888888888888888,0.0,0.0,0.0
64,15,88,89,35,2,2,1,0,0.6666666666666666,1.0,0.0,1.0
64,15,88,89,40,2,0,1,0,0.6666666666666666,0.0,0.0,0.0
64,15,88,89,41,4,3,1,0,0.8,0.75,0.0,0.75
64,15,88,89,42,2,0,3,0,1.2,0.0,0.0,0.0
64,15,88,89,43,4,1,3,0,1.7142857142857142,0.25,0.0,0.25
64,15,144,145,50,1,0,1,0,0.5,0.0,0.0,0.0
64,15,144,145,51,1,0,2,0,0.6666666666666666,0.0,0.0,0.0
64,15,144,145,52,1,0,3,0,0.75,0.0,0.0,0.0
64,15,144,145,53,1,0,4,0,0.8,0.0,0.0,0.0
64,15,144,145,54,1,0,5,0,0.8333333333333334,0.0,0.0,0.0
64,15,144,145,55,1,0,6,0,0.8571428571428571,0.0,0.0,0.0
64,15,144,145,56,1,0,7,0,0.875,0.0,0.0,0.0
64,15,144,145,57,1,0,8,0,0.8888888888888888,0.0,0.0,0.0
64,15,144,145,58,1,0,9,0,0.9,0.0,0.0,0.0
64,15,144,145,59,2,1,10,0,1.6666666666666667,0.5,0.0,0.5
64,15,152,153,50,1,0,1,0,0.5,0.0,0.0,0.0
64,15,152,153,51,1,0,2,0,0.6666666666666666,0.0,0.0,0.0
64,15,152,153,52,1,0,3,0,0.75,0.0,0.0,0.0
64,15,152,153,53,1,0,4,0,0.8,0.0,0.0,0.0
64,15,152,153,54,1,0,5,0,0.8333333333333334,0.0,0.0,0.0
64,15,152,153,55,1,0,6,0,0.8571428571428571,0.0,0.0,0.0
64,15,152,153,56,1,0,7,0,0.875,0.0,0.0,0.0
64,15,152,153,57,1,0,8,0,0.8888888888888888,0.0,0.0,0.0
64,15,152,153,58,1,0,9,0,0.9,0.0,0.0,0.0
64,15,152,153,59,1,0,10,0,0.9090909090909091,0.0,0.0,0.0
64,15,152,153,60,1,0,11,0,0.9166666666666666,0.0,0.0,0.0
64,15,152,153,61,1,0,12,0,0.9230769230769231,0.0,0.0,0.0
64,15,152,153,62,1,0,12,0,0.9230769230769231,0.0,0.0,0.0
64,15,152,153,63,2,1,12,0,1.7142857142857142,0.5,0.0,0.5
64,15,160,161,51,1,0,2,0,0.6666666666666666,0.0,0.0,0.0
64,15,160,161,52,1,0,3,0,0.75,0.0,0.0,0.0
64,15,160,161,53,1,0,4,0,0.8,0.0,0.0,0.0
64,15,160,161,54,1,0,5,0,0.8333333333333334,0.0,0.0,0.0
64,15,160,161,55,1,0,6,0,0.8571428571428571,0.0,0.0,0.0
64,15,160,161,56,1,0,7,0,0.875,0.0,0.0,0.0
64,15,160,161,57,1,0,8,0,0.8888888888888888,0.0,0.0,0.0
64,15,160,161,58,1,0,9,0,0.9,0.0,0.0,0.0
64,15,160,161,59,1,0,10,0,0.9090909090909091,0.0,0.0,0.0
64,15,160,161,60,1,0,11,0,0.9166666666666666,0.0,0.0,0.0
64,15,160,161,61,1,0,12,0,0.9230769230769231,0.0,0.0,0.0
64,15,160,161,62,1,0,12,0,0.9230769230769231,0.0,0.0,0.0
64,15,160,161,63,1,0,12,0,0.9230769230769231,0.0,0.0,0.0
64,15,160,161,64,1,0,12,0,0.9230769230769231,0.0,0.0,0.0
64,15,168,169,51,1,0,1,0,0.5,0.0,0.0,0.0
64,15,168,169,52,1,0,2,0,0.6666666666666666,0.0,0.0,0.0
64,15,168,169,53,2,1,3,0,1.2,0.5,0.0,0.5
64,15,168,169,54,1,0,5,0,0.8333333333333334,0.0,0.0,0.0
64,15,168,169,55,1,1,6,0,0.8571428571428571,1.0,0.0,1.0
64,15,168,169,56,1,0,7,0,0.875,0.0,0.0,0.0
64,15,168,169,57,1,0,8,0,0.8888888888888888,0.0,0.0,0.0
64,15,168,169,58,1,0,9,0,0.9,0.0,0.0,0.0
64,15,168,169,59,1,0,10,0,0.9090909090909091,0.0,0.0,0.0
64,15,168,169,60,1,0,11,0,0.9166666666666666,0.0,0.0,0.0
64,15,168,169,61,1,0,12,0,0.9230769230769231,0.0,0.0,0.0
64,15,168,169,62,1,0,12,0,0.9230769230769231,0.0,0.0,0.0
64,15,168,169,63,1,0,12,0,0.9230769230769231,0.0,0.0,0.0
64,15,168,169,64,1,0,12,0,0.9230769230769231,0.0,0.0,0.0
64,15,176,177,51,1,0,1,0,0.5,0.0,0.0,0.0
64,15,176,177,52,1,0,2,0,0.6666666666666666,0.0,0.0,0.0
64,15,176,177,53,1,0,3,0,0.75,0.0,0.0,0.0
64,15,176,177,54,1,0,4,0,0.8,0.0,0.0,0.0
64,15,176,177,55,1,0,5,0,0.8333333333333334,0.0,0.0,0.0
64,15,176,177,56,1,0,6,0,0.8571428571428571,0.0,0.0,0.0
64,15,176,177,57,1,0,7,0,0.875,0.0,0.0,0.0
64,15,176,177,58,1,0,8,0,0.8888888888888888,0.0,0.0,0.0
64,15,176,177,59,1,0,9,0,0.9,0.0,0.0,0.0
64,15,176,177,60,1,0,10,0,0.9090909090909091,0.0,0.0,0.0
64,15,176,177,61,1,0,11,0,0.9166666666666666,0.0,0.0,0.0
64,15,176,177,62,1,0,11,0,0.9166666666666666,0.0,0.0,0.0
64,15,176,177,63,2,1,11,0,1.6923076923076923,0.5,0.0,0.5
64,15,176,177,64,1,0,12,0,0.9230769230769231,0.0,0.0,0.0
64,15,184,185,51,1,0,1,0,0.5,0.0,0.0,0.0
64,15,184,185,52,1,0,2,0,0.6666666666666666,0.0,0.0,0.0
64,15,184,185,53,1,0,3,0,0.75,0.0,0.0,0.0
64,15,184,185,54,1,0,4,0,0.8,0.0,0.0,0.0
64,15,184,185,55,1,0,5,0,0.8333333333333334,0.0,0.0,0.0
64,15,184,185,56,1,0,6,0,0.8571428571428571,0.0,0.0,0.0
64,15,184,185,57,1,0,7,0,0.875,0.0,0.0,0.0
64,15,184,185,58,1,0,8,0,0.8888888888888888,0.0,0.0,0.0
64,15,184,185,59,1,0,9,0,0.9,0.0,0.0,0.0
64,15,184,185,60,1,0,10,0,0.9090909090909091,0.0,0.0,0.0
64,15,184,185,61,1,0,11,0,0.9166666666666666,0.0,0.0,0.0
64,15,184,185,62,1,0,11,0,0.9166666666666666,0.0,0.0,0.0
64,15,184,185,63,1,0,11,0,0.9166666666666666,0.0,0.0,0.0
64,15,184,185,64,1,0,11,0,0.9166666666666666,0.0,0.0,0.0
64,15,184,185,65,1,0,11,0,0.9166666666666666,0.0,0.0,0.0
64,15,192,193,51,1,0,1,0,0.5,0.0,0.0,0.0
64,15,192,193,52,1,0,2,0,0.6666666666666666,0.0,0.0,0.0
64,15,192,193,53,1,0,3,0,0.75,0.0,0.0,0.0
64,15,192,193,54,1,0,4,0,0.8,0.0,0.0,0.0
64,15,192,193,55,1,0,5,0,0.8333333333333334,0.0,0.0,0.0
64,15,192,193,56,1,0,6,0,0.8571428571428571,0.0,0.0,0.0
64,15,192,193,57,1,0,7,0,0.875,0.0,0.0,0.0
64,15,192,193,58,1,0,8,0,0.8888888888888888,0.0,0.0,0.0
64,15,192,193,59,1,0,9,0,0.9,0.0,0.0,0.0
64,15,192,193,60,1,0,10,0,0.9090909090909091,0.0,0.0,0.0
64,15,192,193,61,1,0,11,0,0.9166666666666666,0.0,0.0,0.0
64,15,192,193,62,1,0,11,0,0.9166666666666666,0.0,0.0,0.0
64,15,192,193,63,1,0,11,0,0.9166666666666666,0.0,0.0,0.0
64,15,192,193,64,1,0,11,0,0.9166666666666666,0.0,0.0,0.0
64,15,192,193,65,1,0,11,0,0.9166666666666666,0.0,0.0,0.0
64,15,200,201,52,1,0,2,0,0.6666666666666666,0.0,0.0,0.0
64,15,200,201,53,1,0,3,0,0.75,0.0,0.0,0.0
64,15,200,201,54,1,0,4,0,0.8,0.0,0.0,0.0
64,15,200,201,55,1,0,5,0,0.8333333333333334,0.0,0.0,0.0
64,15,200,201,56,1,0,6,0,0.8571428571428571,0.0,0.0,0.0
64,15,200,201,57,1,0,7,0,0.875,0.0,0.0,0.0
64,15,200,201,58,1,0,8,0,0.8888888888888888,0.0,0.0,0.0
64,15,200,201,59,1,0,9,0,0.9,0.0,0.0,0.0
64,15,200,201,60,1,0,10,0,0.9090909090909091,0.0,0.0,0.0
64,15,200,201,61,1,0,11,0,0.9166666666666666,0.0,0.0,0.0
64,15,200,201,62,1,0,11,0,0.9166666666666666,0.0,0.0,0.0
64,15,200,201,63,1,0,11,0,0.9166666666666666,0.0,0.0,0.0
64,15,200,201,64,1,0,11,0,0.9166666666666666,0.0,0.0,0.0
64,15,200,201,65,1,0,11,0,0.9166666666666666,0.0,0.0,0.0
64,15,208,209,52,1,0,1,0,0.5,0.0,0.0,0.0
64,15,208,209,53,1,0,2,0,0.6666666666666666,0.0,0.0,0.0
64,15,208,209,54,1,0,3,0,0.75,0.0,0.0,0.0
64,15,208,209,55,1,0,4,0,0.8,0.0,0.0,0.0
64,15,208,209,56,1,0,5,0,0.8333333333333334,0.0,0.0,0.0
64,15,208,209,57,1,0,6,0,0.8571428571428571,0.0,0.0,0.0
64,15,208,209,58,1,0,7,0,0.875,0.0,0.0,0.0
64,15,208,209,59,1,0,8,0,0.8888888888888888,0.0,0.0,0.0
64,15,208,209,60,1,0,9,0,0.9,0.0,0.0,0.0
64,15,208,209,61,1,0,10,0,0.9090909090909091,0.0,0.0,0.0
64,15,208,209,62,1,0,10,0,0.9090909090909091,0.0,0.0,0.0
64,15,208,209,63,2,1,10,0,1.6666666666666667,0.5,0.0,0.5
64,15,208,209,64,1,0,11,0,0.9166666666666666,0.0,0.0,0.0
64,15,208,209,65,1,0,11,0,0.9166666666666666,0.0,0.0,0.0
64,15,216,217,52,1,0,1,0,0.5,0.0,0.0,0.0
64,15,216,217,53,1,0,2,0,0.6666666666666666,0.0,0.0,0.0
64,15,216,217,54,1,0,3,0,0.75,0.0,0.0,0.0
64,15,216,217,55,1,0,4,0,0.8,0.0,0.0,0.0
64,15,216,217,56,1,0,5,0,0.8333333333333334,0.0,0.0,0.0
64,15,216,217,57,1,0,6,0,0.8571428571428571,0.0,0.0,0.0
64,15,216,217,58,1,0,7,0,0.875,0.0,0.0,0.0
64,15,216,217,59,1,0,8,0,0.8888888888888888,0.0,0.0,0.0
64,15,216,217,60,1,0,9,0,0.9,0.0,0.0,0.0
64,15,216,217,61,1,0,10,0,0.9090909090909091,0.0,0.0,0.0
64,15,216,217,62,1,0,10,0,0.9090909090909091,0.0,0.0,0.0
64,15,216,217,63,1,0,10,0,0.9090909090909091,0.0,0.0,0.0
64,15,216,217,64,1,0,10,0,0.9090909090909091,0.0,0.0,0.0
64,15,216,217,65,2,0,10,0,1.6666666666666667,0.0,0.0,0.0
64,15,224,225,52,1,0,1,0,0.5,0.0,0.0,0.0
64,15,224,225,53,1,0,2,0,0.6666666666666666,0.0,0.0,0.0
64,15,224,225,54,1,0,3,0,0.75,0.0,0.0,0.0
64,15,224,225,55,1,0,4,0,0.8,0.0,0.0,0.0
64,15,224,225,56,1,0,5,0,0.8333333333333334,0.0,0.0,0.0
64,15,224,225,57,1,0,6,0,0.8571428571428571,0.0,0.0,0.0
64,15,224,225,58,1,0,7,0,0.875,0.0,0.0,0.0
64,15,224,225,59,1,0,8,0,0.8888888888888888,0.0,0.0,0.0
64,15,224,225,60,1,0,9,0,0.9,0.0,0.0,0.0
64,15,224,225,61,1,0,10,0,0.9090909090909091,0.0,0.0,0.0
64,15,224,225,62,1,0,10,0,0.9090909090909091,0.0,0.0,0.0
64,15,224,225,63,1,0,10,0,0.9090909090909091,0.0,0.0,0.0
64,15,224,225,64,1,0,10,0,0.9090909090909091,0.0,0.0,0.0
64,15,224,225,65,1,0,10,0,0.9090909090909091,0.0,0.0,0.0
64,15,224,225,66,1,0,10,0,0.9090909090909091,0.0,0.0,0.0
64,15,232,233,53,1,0,1,0,0.5,0.0,0.0,0.0
64,15,232,233,54,1,0,2,0,0.6666666666666666,0.0,0.0,0.0
64,15,232,233,55,1,0,3,0,0.75,0.0,0.0,0.0
64,15,232,233,56,1,0,4,0,0.8,0.0,0.0,0.0
64,15,232,233,57,1,0,5,0,0.8333333333333334,0.0,0.0,0.0
64,15,232,233,58,1,0,6,0,0.8571428571428571,0.0,0.0,0.0
64,15,232,233,59,1,0,7,0,0.875,0.0,0.0,0.0
64,15,232,233,60,1,0,8,0,0.8888888888888888,0.0,0.0,0.0
64,15,232,233,61,1,0,9,0,0.9,0.0,0.0,0.0
64,15,232,233,62,1,0,9,0,0.9,0.0,0.0,0.0
64,15,232,233,63,2,1,9,0,1.6363636363636365,0.5,0.0,0.5
64,15,232,233,64,1,0,10,0,0.9090909090909091,0.0,0.0,0.0
64,15,232,233,65,1,0,10,0,0.9090909090909091,0.0,0.0,0.0
64,15,232,233,66,1,0,10,0,0.9090909090909091,0.0,0.0,0.0
64,15,240,241,53,1,0,1,0,0.5,0.0,0.0,0.0
64,15,240,241,54,1,0,2,0,0.6666666666666666,0.0,0.0,0.0
64,15,240,241,55,1,0,3,0,0.75,0.0,0.0,0.0
64,15,240,241,56,1,0,4,0,0.8,0.0,0.0,0.0
64,15,240,241,57,1,0,5,0,0.8333333333333334,0.0,0.0,0.0
64,15,240,241,58,1,0,6,0,0.8571428571428571,0.0,0.0,0.0
64,15,240,241,59,1,0,7,0,0.875,0.0,0.0,0.0
64,15,240,241,60,1,0,8,0,0.8888888888888888,0.0,0.0,0.0
64,15,240,241,61,1,0,9,0,0.9,0.0,0.0,0.0
64,15,240,241,62,1,0,9,0,0.9,0.0,0.0,0.0
64,15,240,241,63,1,0,9,0,0.9,0.0,0.0,0.0
64,15,240,241,64,1,0,9,0,0.9,0.0,0.0,0.0
64,15,240,241,65,2,1,9,0,1.6363636363636365,0.5,0.0,0.5
64,15,240,241,66,1,0,10,0,0.9090909090909091,0.0,0.0,0.0
64,15,248,249,54,1,0,1,0,0.5,0.0,0.0,0.0
64,15,248,249,55,1,0,2,0,0.6666666666666666,0.0,0.0,0.0
64,15,248,249,56,1,0,3,0,0.75,0.0,0.0,0.0
64,15,248,249,57,1,0,4,0,0.8,0.0,0.0,0.0
64,15,248,249,58,1,0,5,0,0.8333333333333334,0.0,0.0,0.0
64,15,248,249,59,1,0,6,0,0.8571428571428571,0.0,0.0,0.0
64,15,248,249,60,1,0,7,0,0.875,0.0,0.0,0.0
64,15,248,249,61,1,0,8,0,0.8888888888888888,0.0,0.0,0.0
64,15,248,249,62,1,0,8,0,0.8888888888888888,0.0,0.0,0.0
64,15,248,249,63,1,0,8,0,0.8888888888888888,0.0,0.0,0.0
64,15,248,249,64,1,0,8,0,0.8888888888888888,0.0,0.0,0.0
64,15,248,249,65,2,0,8,0,1.6,0.0,0.0,0.0
64,15,248,249,66,1,0,9,0,0.9,0.0,0.0,0.0
64,15,248,249,67,1,0,9,0,0.9,0.0,0.0,0.0
64,16,8,9,2,2,0,1,0,0.6666666666666666,0.0,0.0,0.0
64,16,8,9,3,2,0,1,0,0.6666666666666666,0.0,0.0,0.0
64,16,8,9,9,25,21,1,0,0.9615384615384616,0.84,0.0,0.84
64,16,16,17,3,3,0,3,0,1.5,0.0,0.0,0.0
64,16,16,17,4,1,0,5,0,0.8333333333333334,0.0,0.0,0.0
64,16,16,17,5,1,0,6,0,0.8571428571428571,0.0,0.0,0.0
64,16,16,17,7,1,0,7,0,0.875,0.0,0.0,0.0
64,16,16,17,9,2,0,4,0,1.3333333333333333,0.0,0.0,0.0
64,16,16,17,11,3,2,2,0,1.2,0.6666666666666666,0.0,0.6666666666666666
64,16,16,17,13,9,5,3,0,2.25,0.5555555555555556,0.0,0.5555555555555556
64,16,16,17,14,3,0,11,0,2.357142857142857,0.0,0.0,0.0
64,16,16,17,15,11,3,14,0,6.16,0.2727272727272727,0.0,0.2727272727272727
64,16,24,25,3,4,1,8,0,2.6666666666666665,0.25,0.0,0.25
64,16,24,25,4,1,0,10,0,0.9090909090909091,0.0,0.0,0.0
64,16,24,25,5,1,0,11,0,0.9166666666666666,0.0,0.0,0.0
64,16,24,25,6,2,0,11,0,1.6923076923076923,0.0,0.0,0.0
64,16,24,25,7,2,0,10,0,1.6666666666666667,0.0,0.0,0.0
64,16,24,25,8,1,0,9,0,0.9,0.0,0.0,0.0
64,16,24,25,9,3,0,7,0,2.1,0.0,0.0,0.0
64,16,24,25,10,3,0,7,0,2.1,0.0,0.0,0.0
64,16,24,25,11,2,0,8,0,1.6,0.0,0.0,0.0
64,16,24,25,12,2,0,7,0,1.5555555555555556,0.0,0.0,0.0
64,16,24,25,13,2,0,8,0,1.6,0.0,0.0,0.0
64,16,24,25,15,3,0,7,0,2.1,0.0,0.0,0.0
64,16,24,25,17,9,4,4,0,2.769230769230769,0.4444444444444444,0.0,0.4444444444444444
64,16,24,25,18,4,1,10,0,2.857142857142857,0.25,0.0,0.25
64,16,24,25,19,18,14,12,0,7.2,0.7777777777777778,0.0,0.7777777777777778
64,16,32,33,7,1,0,23,0,0.9583333333333334,0.0,0.0,0.0
64,16,32,33,8,1,0,23,0,0.9583333333333334,0.0,0.0,0.0
64,16,32,33,9,1,0,21,0,0.9545454545454546,0.0,0.0,0.0
64,16,32,33,19,1,0,14,0,0.9333333333333333,0.0,0.0,0.0
64,16,32,33,21,3,0,15,0,2.5,0.0,0.0,0.0
64,16,32,33,22,5,0,13,0,3.611111111111111,0.0,0.0,0.0
64,16,32,33,23,11,6,11,0,5.5,0.5454545454545454,0.0,0.5454545454545454
64,16,32,33,24,6,3,18,0,4.5,0.5,0.0,0.5
64,16,32,33,25,14,6,22,0,8.555555555555555,0.42857142857142855,0.0,0.42857142857142855
64,16,40,41,8,2,0,24,0,1.8461538461538463,0.0,0.0,0.0
64,16,40,41,9,2,0,22,0,1.8333333333333333,0.0,0.0,0.0
64,16,40,41,10,2,0,19,0,1.8095238095238095,0.0,0.0,0.0
64,16,40,41,11,3,0,15,0,2.5,0.0,0.0,0.0
64,16,40,41,12,2,0,11,0,1.6923076923076923,0.0,0.0,0.0
64,16,40,41,13,1,0,11,0,0.9166666666666666,0.0,0.0,0.0
64,16,40,41,27,13,0,14,0,6.7407407407407405,0.0,0.0,0.0
64,16,40,41,28,1,0,16,0,0.9411764705882353,0.0,0.0,0.0
64,16,40,41,29,6,4,15,0,4.285714285714286,0.6666666666666666,0.0,0.6666666666666666
64,16,40,41,30,4,1,18,0,3.272727272727273,0.25,0.0,0.25
64,16,40,41,31,2,0,18,0,1.8,0.0,0.0,0.0
64,16,48,49,8,2,0,24,0,1.8461538461538463,0.0,0.0,0.0
64,16,48,49,9,2,0,22,0,1.8333333333333333,0.0,0.0,0.0
64,16,48,49,10,2,0,19,0,1.8095238095238095,0.0,0.0,0.0
64,16,48,49,11,2,0,16,0,1.7777777777777777,0.0,0.0,0.0
64,16,48,49,12,2,0,12,0,1.7142857142857142,0.0,0.0,0.0
64,16,48,49,13,2,0,12,0,1.7142857142857142,0.0,0.0,0.0
64,16,48,49,14,2,0,11,0,1.6923076923076923,0.0,0.0,0.0
64,16,48,49,15,2,0,11,0,1.6923076923076923,0.0,0.0,0.0
64,16,48,49,16,2,0,10,0,1.6666666666666667,0.0,0.0,0.0
64,16,48,49,17,2,0,11,0,1.6923076923076923,0.0,0.0,0.0
64,16,48,49,18,2,0,14,0,1.75,0.0,0.0,0.0
64,16,48,49,19,2,0,16,0,1.7777777777777777,0.0,0.0,0.0
64,16,48,49,20,2,0,18,0,1.8,0.0,0.0,0.0
64,16,48,49,21,2,0,20,0,1.8181818181818181,0.0,0.0,0.0
64,16,48,49,22,3,0,21,0,2.625,0.0,0.0,0.0
64,16,48,49,23,1,0,23,0,0.9583333333333334,0.0,0.0,0.0
64,16,48,49,31,6,0,14,0,4.2,0.0,0.0,0.0
64,16,48,49,32,1,0,11,0,0.9166666666666666,0.0,0.0,0.0
64,16,48,49,33,3,1,9,0,2.25,0.3333333333333333,0.0,0.3333333333333333
64,16,48,49,34,1,0,10,0,0.9090909090909091,0.0,0.0,0.0
64,16,48,49,35,1,1,9,0,0.9,1.0,0.0,1.0
64,16,56,57,10,1,0,24,0,0.96,0.0,0.0,0.0
64,16,56,57,11,3,1,20,0,2.608695652173913,0.3333333333333333,0.0,0.3333333333333333
64,16,56,57,13,4,0,16,0,3.2,0.0,0.0,0.0
64,16,56,57,14,2,0,15,0,1.7647058823529411,0.0,0.0,0.0
64,16,56,57,15,3,0,14,0,2.4705882352941178,0.0,0.0,0.0
64,16,56,57,16,2,0,13,0,1.7333333333333334,0.0,0.0,0.0
64,16,56,57,17,2,0,14,0,1.75,0.0,0.0,0.0
64,16,56,57,18,2,0,17,0,1.7894736842105263,0.0,0.0,0.0
64,16,56,57,19,3,0,18,0,2.5714285714285716,0.0,0.0,0.0
64,16,56,57,20,1,0,21,0,0.9545454545454546,0.0,0.0,0.0
64,16,56,57,21,3,0,22,0,2.64,0.0,0.0,0.0
64,16,56,57,22,1,0,25,0,0.9615384615384616,0.0,0.0,0.0
64,16,56,57,23,5,0,23,0,4.107142857142857,0.0,0.0,0.0
64,16,56,57,32,2,0,15,0,1.7647058823529411,0.0,0.0,0.0
64,16,56,57,33,2,0,11,0,1.6923076923076923,0.0,0.0,0.0
64,16,56,57,35,3,0,7,0,2.1,0.0,0.0,0.0
64,16,56,57,37,1,0,5,0,0.8333333333333334,0.0,0.0,0.0
64,16,56,57,39,1,0,3,0,0.75,0.0,0.0,0.0
64,16,64,65,14,1,0,23,0,0.9583333333333334,0.0,0.0,0.0
64,16,64,65,15,1,0,23,0,0.9583333333333334,0.0,0.0,0.0
64,16,64,65,17,1,0,24,0,0.96,0.0,0.0,0.0
64,16,64,65,19,3,0,27,0,2.7,0.0,0.0,0.0
64,16,64,65,20,1,0,29,0,0.9666666666666667,0.0,0.0,0.0
64,16,64,65,21,2,0,30,0,1.875,0.0,0.0,0.0
64,16,64,65,22,1,0,32,0,0.9696969696969697,0.0,0.0,0.0
64,16,64,65,23,2,0,32,0,1.8823529411764706,0.0,0.0,0.0
64,16,64,65,25,3,0,30,0,2.727272727272727,0.0,0.0,0.0
64,16,64,65,27,2,0,25,0,1.8518518518518519,0.0,0.0,0.0
64,16,64,65,39,1,0,3,0,0.75,0.0,0.0,0.0
64,16,64,65,40,1,0,2,0,0.6666666666666666,0.0,0.0,0.0
64,16,64,65,41,2,0,1,0,0.6666666666666666,0.0,0.0,0.0
64,16,64,65,42,1,0,1,0,0.5,0.0,0.0,0.0
64,16,64,65,43,3,2,2,0,1.2,0.6666666666666666,0.0,0.6666666666666666
64,16,72,73,47,2,0,7,0,1.5555555555555556,0.0,0.0,0.0
64,16,72,73,49,3,1,8,0,2.1818181818181817,0.3333333333333333,0.0,0.3333333333333333
64,16,80,81,47,2,0,7,0,1.5555555555555556,0.0,0.0,0.0
64,16,80,81,48,1,0,8,0,0.8888888888888888,0.0,0.0,0.0
64,16,80,81,49,3,0,7,0,2.1,0.0,0.0,0.0
64,16,80,81,50,1,0,9,0,0.9,0.0,0.0,0.0
64,16,80,81,51,4,2,9,0,2.769230769230769,0.5,0.0,0.5
64,16,80,81,53,2,0,12,0,1.7142857142857142,0.0,0.0,0.0
64,16,80,81,55,1,0,11,0,0.9166666666666666,0.0,0.0,0.0
64,16,88,89,43,2,1,3,0,1.2,0.5,0.0,0.5
64,16,88,89,45,2,0,5,0,1.4285714285714286,0.0,0.0,0.0
64,16,88,89,51,2,0,11,0,1.6923076923076923,0.0,0.0,0.0
64,16,88,89,53,3,0,11,0,2.357142857142857,0.0,0.0,0.0
64,16,88,89,55,2,1,10,0,1.6666666666666667,0.5,0.0,0.5
64,16,96,97,43,1,0,4,0,0.8,0.0,0.0,0.0
64,16,96,97,45,2,1,5,0,1.4285714285714286,0.5,0.0,0.5
64,16,96,97,53,4,0,10,0,2.857142857142857,0.0,0.0,0.0
64,16,96,97,55,4,2,8,0,2.6666666666666665,0.5,0.0,0.5
64,16,96,97,57,6,0,4,0,2.4,0.0,0.0,0.0
64,16,96,97,59,4,1,4,0,2.0,0.25,0.0,0.25
64,16,104,105,49,1,0,10,0,0.9090909090909091,0.0,0.0,0.0
64,16,104,105,51,2,0,11,0,1.6923076923076923,0.0,0.0,0.0
64,16,152,153,61,1,0,6,0,0.8571428571428571,0.0,0.0,0.0
64,16,152,153,63,3,0,4,0,1.7142857142857142,0.0,0.0,0.0
64,16,160,161,62,1,0,5,0,0.8333333333333334,0.0,0.0,0.0
64,16,160,161,64,3,0,5,0,1.875,0.0,0.0,0.0
64,16,168,169,62,1,0,5,0,0.8333333333333334,0.0,0.0,0.0
64,16,168,169,64,2,0,5,0,1.4285714285714286,0.0,0.0,0.0
64,16,168,169,65,2,0,6,0,1.5,0.0,0.0,0.0
64,16,168,169,66,2,0,7,0,1.5555555555555556,0.0,0.0,0.0
64,16,168,169,67,2,0,8,0,1.6,0.0,0.0,0.0
64,16,168,169,68,2,0,10,0,1.6666666666666667,0.0,0.0,0.0
64,16,168,169,69,2,0,11,0,1.6923076923076923,0.0,0.0,0.0
64,16,168,169,70,2,0,12,0,1.7142857142857142,0.0,0.0,0.0
64,16,168,169,71,2,0,12,0,1.7142857142857142,0.0,0.0,0.0
64,16,168,169,72,2,0,12,0,1.7142857142857142,0.0,0.0,0.0
64,16,168,169,73,2,0,12,0,1.7142857142857142,0.0,0.0,0.0
64,16,168,169,74,2,0,12,0,1.7142857142857142,0.0,0.0,0.0
64,16,168,169,75,2,0,12,0,1.7142857142857142,0.0,0.0,0.0
64,16,168,169,76,2,0,12,0,1.7142857142857142,0.0,0.0,0.0
64,16,168,169,77,3,0,12,0,2.4,0.0,0.0,0.0
64,16,176,177,62,1,0,5,0,0.8333333333333334,0.0,0.0,0.0
64,16,176,177,63,1,0,4,0,0.8,0.0,0.0,0.0
64,16,176,177,64,2,0,4,0,1.3333333333333333,0.0,0.0,0.0
64,16,176,177,65,4,2,5,0,2.2222222222222223,0.5,0.0,0.5
64,16,176,177,76,1,0,14,0,0.9333333333333333,0.0,0.0,0.0
64,16,176,177,78,2,0,12,0,1.7142857142857142,0.0,0.0,0.0
64,16,184,185,62,1,0,5,0,0.8333333333333334,0.0,0.0,0.0
64,16,184,185,63,1,0,4,0,0.8,0.0,0.0,0.0
64,16,184,185,64,3,0,3,0,1.5,0.0,0.0,0.0
64,16,184,185,65,3,0,4,0,1.7142857142857142,0.0,0.0,0.0
64,16,184,185,66,3,0,5,0,1.875,0.0,0.0,0.0
64,16,184,185,67,3,0,6,0,2.0,0.0,0.0,0.0
64,16,184,185,68,3,0,8,0,2.1818181818181817,0.0,0.0,0.0
64,16,184,185,69,3,0,9,0,2.25,0.0,0.0,0.0
64,16,184,185,70,3,0,10,0,2.3076923076923075,0.0,0.0,0.0
64,16,184,185,71,3,0,10,0,2.3076923076923075,0.0,0.0,0.0
64,16,184,185,72,3,0,10,0,2.3076923076923075,0.0,0.0,0.0
64,16,184,185,73,3,0,10,0,2.3076923076923075,0.0,0.0,0.0
64,16,184,185,74,3,0,10,0,2.3076923076923075,0.0,0.0,0.0
64,16,184,185,75,3,0,10,0,2.3076923076923075,0.0,0.0,0.0
64,16,184,185,76,2,0,11,0,1.6923076923076923,0.0,0.0,0.0
64,16,184,185,77,4,1,11,0,2.933333333333333,0.25,0.0,0.25
64,16,192,193,63,3,0,4,0,1.7142857142857142,0.0,0.0,0.0
64,16,192,193,64,1,0,5,0,0.8333333333333334,0.0,0.0,0.0
64,16,192,193,65,3,0,4,0,1.7142857142857142,0.0,0.0,0.0
64,16,192,193,66,3,0,5,0,1.875,0.0,0.0,0.0
64,16,192,193,67,3,0,6,0,2.0,0.0,0.0,0.0
64,16,192,193,68,3,0,8,0,2.1818181818181817,0.0,0.0,0.0
64,16,192,193,69,3,0,9,0,2.25,0.0,0.0,0.0
64,16,192,193,70,3,0,10,0,2.3076923076923075,0.0,0.0,0.0
64,16,192,193,71,3,0,10,0,2.3076923076923075,0.0,0.0,0.0
64,16,192,193,72,3,0,10,0,2.3076923076923075,0.0,0.0,0.0
64,16,192,193,73,3,0,10,0,2.3076923076923075,0.0,0.0,0.0
64,16,192,193,74,3,0,10,0,2.3076923076923075,0.0,0.0,0.0
64,16,192,193,75,3,0,10,0,2.3076923076923075,0.0,0.0,0.0
64,16,192,193,76,3,0,10,0,2.3076923076923075,0.0,0.0,0.0
64,16,192,193,77,3,0,10,0,2.3076923076923075,0.0,0.0,0.0
64,16,192,193,78,2,0,10,0,1.6666666666666667,0.0,0.0,0.0
64,16,192,193,79,2,0,10,0,1.6666666666666667,0.0,0.0,0.0
64,16,200,201,74,2,0,13,0,1.7333333333333334,0.0,0.0,0.0
64,16,200,201,75,2,0,12,0,1.7142857142857142,0.0,0.0,0.0
64,16,200,201,76,2,0,11,0,1.6923076923076923,0.0,0.0,0.0
64,16,200,201,77,3,0,10,0,2.3076923076923075,0.0,0.0,0.0
64,16,200,201,78,2,0,10,0,1.6666666666666667,0.0,0.0,0.0
64,16,200,201,79,2,0,10,0,1.6666666666666667,0.0,0.0,0.0
64,16,208,209,77,3,0,12,0,2.4,0.0,0.0,0.0
64,16,208,209,79,2,0,10,0,1.6666666666666667,0.0,0.0,0.0
64,16,216,217,63,2,0,5,0,1.4285714285714286,0.0,0.0,0.0
64,16,216,217,64,2,0,4,0,1.3333333333333333,0.0,0.0,0.0
64,16,216,217,65,4,0,3,0,1.7142857142857142,0.0,0.0,0.0
64,16,216,217,66,4,0,4,0,2.0,0.0,0.0,0.0
64,16,216,217,67,4,0,5,0,2.2222222222222223,0.0,0.0,0.0
64,16,216,217,68,4,0,7,0,2.5454545454545454,0.0,0.0,0.0
64,16,216,217,69,4,0,8,0,2.6666666666666665,0.0,0.0,0.0
64,16,216,217,70,3,0,10,0,2.3076923076923075,0.0,0.0,0.0
64,16,216,217,71,4,1,10,0,2.857142857142857,0.25,0.0,0.25
64,16,216,217,72,2,0,12,0,1.7142857142857142,0.0,0.0,0.0
64,16,216,217,73,2,0,12,1,1.7142857142857142,0.0,0.08333333333333333,-0.08333333333333333
64,16,216,217,74,1,0,13,0,0.9285714285714286,0.0,0.0,0.0
64,16,216,217,75,2,1,13,1,1.7333333333333334,0.5,0.07692307692307693,0.4230769230769231
64,16,224,225,63,2,0,5,0,1.4285714285714286,0.0,0.0,0.0
64,16,224,225,64,2,0,4,0,1.3333333333333333,0.0,0.0,0.0
64,16,224,225,65,4,0,3,0,1.7142857142857142,0.0,0.0,0.0
64,16,224,225,66,4,0,4,0,2.0,0.0,0.0,0.0
64,16,224,225,67,4,0,5,0,2.2222222222222223,0.0,0.0,0.0
64,16,224,225,68,4,0,7,0,2.5454545454545454,0.0,0.0,0.0
64,16,224,225,69,4,0,8,0,2.6666666666666665,0.0,0.0,0.0
64,16,224,225,70,4,0,9,0,2.769230769230769,0.0,0.0,0.0
64,16,224,225,71,4,0,9,0,2.769230769230769,0.0,0.0,0.0
64,16,224,225,72,4,0,9,0,2.769230769230769,0.0,0.0,0.0
64,16,224,225,73,4,0,9,0,2.769230769230769,0.0,0.0,0.0
64,16,224,225,74,4,0,9,0,2.769230769230769,0.0,0.0,0.0
64,16,224,225,75,4,0,9,0,2.769230769230769,0.0,0.0,0.0
64,16,224,225,76,4,0,9,0,2.769230769230769,0.0,0.0,0.0
64,16,224,225,77,3,0,10,0,2.3076923076923075,0.0,0.0,0.0
64,16,224,225,78,3,0,10,0,2.3076923076923075,0.0,0.0,0.0
64,16,224,225,79,2,0,10,0,1.6666666666666667,0.0,0.0,0.0
64,16,232,233,63,2,0,5,0,1.4285714285714286,0.0,0.0,0.0
64,16,232,233,64,2,0,4,0,1.3333333333333333,0.0,0.0,0.0
64,16,232,233,65,4,0,3,0,1.7142857142857142,0.0,0.0,0.0
64,16,232,233,66,4,0,4,0,2.0,0.0,0.0,0.0
64,16,232,233,67,4,0,5,0,2.2222222222222223,0.0,0.0,0.0
64,16,232,233,68,4,0,7,0,2.5454545454545454,0.0,0.0,0.0
64,16,232,233,69,4,0,8,0,2.6666666666666665,0.0,0.0,0.0
64,16,232,233,70,4,0,9,0,2.769230769230769,0.0,0.0,0.0
64,16,232,233,71,4,0,9,0,2.769230769230769,0.0,0.0,0.0
64,16,232,233,72,4,0,9,0,2.769230769230769,0.0,0.0,0.0
64,16,232,233,73,4,0,9,0,2.769230769230769,0.0,0.0,0.0
64,16,232,233,74,4,0,9,0,2.769230769230769,0.0,0.0,0.0
64,16,232,233,75,4,0,9,0,2.769230769230769,0.0,0.0,0.0
64,16,232,233,76,4,0,9,0,2.769230769230769,0.0,0.0,0.0
64,16,232,233,77,4,0,9,0,2.769230769230769,0.0,0.0,0.0
64,16,232,233,78,4,0,8,0,2.6666666666666665,0.0,0.0,0.0
64,16,232,233,79,2,0,8,0,1.6,0.0,0.0,0.0
64,16,232,233,80,2,0,8,0,1.6,0.0,0.0,0.0
64,16,240,241,63,2,0,5,0,1.4285714285714286,0.0,0.0,0.0
64,16,240,241,64,2,0,4,0,1.3333333333333333,0.0,0.0,0.0
64,16,240,241,65,2,0,3,0,1.2,0.0,0.0,0.0
64,16,240,241,66,4,0,2,0,1.3333333333333333,0.0,0.0,0.0
64,16,240,241,67,4,0,3,0,1.7142857142857142,0.0,0.0,0.0
64,16,240,241,68,4,0,5,0,2.2222222222222223,0.0,0.0,0.0
64,16,240,241,69,4,0,6,0,2.4,0.0,0.0,0.0
64,16,240,241,70,4,0,7,0,2.5454545454545454,0.0,0.0,0.0
64,16,240,241,71,4,0,7,0,2.5454545454545454,0.0,0.0,0.0
64,16,240,241,72,4,0,7,0,2.5454545454545454,0.0,0.0,0.0
64,16,240,241,73,4,0,7,0,2.5454545454545454,0.0,0.0,0.0
64,16,240,241,74,4,0,7,0,2.5454545454545454,0.0,0.0,0.0
64,16,240,241,75,4,0,7,0,2.5454545454545454,0.0,0.0,0.0
64,16,240,241,76,4,0,7,0,2.5454545454545454,0.0,0.0,0.0
64,16,240,241,77,4,0,7,0,2.5454545454545454,0.0,0.0,0.0
64,16,240,241,78,4,0,6,0,2.4,0.0,0.0,0.0
64,16,240,241,79,4,0,6,0,2.4,0.0,0.0,0.0
64,16,240,241,80,2,0,8,0,1.6,0.0,0.0,0.0
64,16,248,249,64,2,0,6,0,1.5,0.0,0.0,0.0
64,16,248,249,65,4,0,3,0,1.7142857142857142,0.0,0.0,0.0
64,16,248,249,66,3,0,3,0,1.5,0.0,0.0,0.0
64,16,248,249,67,3,1,4,0,1.7142857142857142,0.3333333333333333,0.0,0.3333333333333333
64,16,248,249,68,2,0,6,0,1.5,0.0,0.0,0.0
64,16,248,249,69,4,0,6,0,2.4,0.0,0.0,0.0
64,16,248,249,70,4,0,7,0,2.5454545454545454,0.0,0.0,0.0
64,16,248,249,71,4,0,7,0,2.5454545454545454,0.0,0.0,0.0
64,16,248,249,72,4,0,7,0,2.5454545454545454,0.0,0.0,0.0
64,16,248,249,73,4,0,7,0,2.5454545454545454,0.0,0.0,0.0
64,16,248,249,74,4,0,7,0,2.5454545454545454,0.0,0.0,0.0
64,16,248,249,75,6,0,5,0,2.727272727272727,0.0,0.0,0.0
64,16,248,249,76,4,0,5,0,2.2222222222222223,0.0,0.0,0.0
64,16,248,249,77,6,2,5,0,2.727272727272727,0.3333333333333333,0.0,0.3333333333333333
64,16,248,249,78,4,0,6,0,2.4,0.0,0.0,0.0
64,16,248,249,79,2,0,6,0,1.5,0.0,0.0,0.0
64,16,248,249,80,4,0,6,0,2.4,0.0,0.0,0.0
64,17,8,9,11,2,0,14,0,1.75,0.0,0.0,0.0
64,17,16,17,14,3,0,1,0,0.75,0.0,0.0,0.0
64,17,16,17,15,8,0,2,0,1.6,0.0,0.0,0.0
64,17,16,17,16,1,0,8,0,0.8888888888888888,0.0,0.0,0.0
64,17,16,17,17,1,0,7,0,0.875,0.0,0.0,0.0
64,17,24,25,11,6,0,1,0,0.8571428571428571,0.0,0.0,0.0
64,17,24,25,12,1,0,6,0,0.8571428571428571,0.0,0.0,0.0
64,17,24,25,13,1,0,6,0,0.8571428571428571,0.0,0.0,0.0
64,17,24,25,15,1,0,4,0,0.8,0.0,0.0,0.0
64,17,24,25,17,1,1,3,0,0.75,1.0,0.0,1.0
64,17,24,25,18,3,0,2,0,1.2,0.0,0.0,0.0
64,17,24,25,19,5,3,3,0,1.875,0.6,0.0,0.6
64,17,32,33,4,1,0,3,0,0.75,0.0,0.0,0.0
64,17,32,33,5,3,0,4,0,1.7142857142857142,0.0,0.0,0.0
64,17,32,33,7,1,0,9,0,0.9,0.0,0.0,0.0
64,17,32,33,9,1,0,9,0,0.9,0.0,0.0,0.0
64,17,32,33,11,1,0,10,0,0.9090909090909091,0.0,0.0,0.0
64,17,32,33,13,1,0,10,0,0.9090909090909091,0.0,0.0,0.0
64,17,32,33,14,1,0,9,0,0.9,0.0,0.0,0.0
64,17,32,33,15,1,0,8,0,0.8888888888888888,0.0,0.0,0.0
64,17,32,33,17,4,0,3,0,1.7142857142857142,0.0,0.0,0.0
64,17,32,33,22,2,0,1,0,0.6666666666666666,0.0,0.0,0.0
64,17,32,33,23,6,3,2,0,1.5,0.5,0.0,0.5
64,17,32,33,24,3,0,7,0,2.1,0.0,0.0,0.0
64,17,32,33,25,4,1,9,0,2.769230769230769,0.25,0.0,0.25
64,17,40,41,1,2,0,2,0,1.0,0.0,0.0,0.0
64,17,40,41,3,1,0,6,0,0.8571428571428571,0.0,0.0,0.0
64,17,40,41,5,1,0,9,0,0.9,0.0,0.0,0.0
64,17,40,41,6,1,0,11,0,0.9166666666666666,0.0,0.0,0.0
64,17,40,41,7,1,0,13,0,0.9285714285714286,0.0,0.0,0.0
64,17,40,41,8,1,0,14,0,0.9333333333333333,0.0,0.0,0.0
64,17,40,41,9,1,0,14,0,0.9333333333333333,0.0,0.0,0.0
64,17,40,41,11,2,0,14,0,1.75,0.0,0.0,0.0
64,17,40,41,13,1,0,14,0,0.9333333333333333,0.0,0.0,0.0
64,17,40,41,17,1,0,7,0,0.875,0.0,0.0,0.0
64,17,40,41,18,1,0,5,0,0.8333333333333334,0.0,0.0,0.0
64,17,40,41,19,2,0,3,0,1.2,0.0,0.0,0.0
64,17,40,41,20,1,0,1,0,0.5,0.0,0.0,0.0
64,17,40,41,28,2,0,6,0,1.5,0.0,0.0,0.0
64,17,40,41,29,6,2,6,0,3.0,0.3333333333333333,0.0,0.3333333333333333
64,17,40,41,30,2,0,9,0,1.6363636363636365,0.0,0.0,0.0
64,17,40,41,31,2,0,9,0,1.6363636363636365,0.0,0.0,0.0
64,17,48,49,18,2,0,6,0,1.5,0.0,0.0,0.0
64,17,48,49,19,2,0,4,0,1.3333333333333333,0.0,0.0,0.0
64,17,48,49,20,2,0,2,0,1.0,0.0,0.0,0.0
64,17,48,49,21,2,0,1,0,0.6666666666666666,0.0,0.0,0.0
64,17,48,49,22,2,0,1,0,0.6666666666666666,0.0,0.0,0.0
64,17,48,49,34,2,0,3,0,1.2,0.0,0.0,0.0
64,17,48,49,35,1,0,4,0,0.8,0.0,0.0,0.0
64,17,56,57,19,2,0,6,0,1.5,0.0,0.0,0.0
64,17,56,57,20,1,0,5,0,0.8333333333333334,0.0,0.0,0.0
64,17,56,57,21,2,0,4,0,1.3333333333333333,0.0,0.0,0.0
64,17,56,57,22,2,0,4,0,1.3333333333333333,0.0,0.0,0.0
64,17,56,57,23,3,0,3,0,1.5,0.0,0.0,0.0
64,17,56,57,24,1,0,4,0,0.8,0.0,0.0,0.0
64,17,56,57,25,4,0,2,0,1.3333333333333333,0.0,0.0,0.0
64,17,56,57,26,2,0,2,0,1.0,0.0,0.0,0.0
64,17,56,57,27,2,0,2,0,1.0,0.0,0.0,0.0
64,17,56,57,28,2,0,2,0,1.0,0.0,0.0,0.0
64,17,56,57,29,3,0,1,0,0.75,0.0,0.0,0.0
64,17,56,57,36,1,0,3,0,0.75,0.0,0.0,0.0
64,17,56,57,37,2,0,5,0,1.4285714285714286,0.0,0.0,0.0
64,17,64,65,21,1,0,8,0,0.8888888888888888,0.0,0.0,0.0
64,17,64,65,23,2,0,9,0,1.6363636363636365,0.0,0.0,0.0
64,17,64,65,25,3,0,10,0,2.3076923076923075,0.0,0.0,0.0
64,17,64,65,26,1,0,11,0,0.9166666666666666,0.0,0.0,0.0
64,17,64,65,27,7,0,6,0,3.230769230769231,0.0,0.0,0.0
64,17,64,65,28,2,0,6,0,1.5,0.0,0.0,0.0
64,17,64,65,29,3,0,5,0,1.875,0.0,0.0,0.0
64,17,64,65,30,2,0,4,0,1.3333333333333333,0.0,0.0,0.0
64,17,64,65,31,2,0,2,0,1.0,0.0,0.0,0.0
64,17,64,65,32,1,0,1,0,0.5,0.0,0.0,0.0
64,17,64,65,34,1,0,1,0,0.5,0.0,0.0,0.0
64,17,72,73,31,2,0,9,0,1.6363636363636365,0.0,0.0,0.0
64,17,72,73,32,1,0,7,0,0.875,0.0,0.0,0.0
64,17,72,73,33,2,0,4,0,1.3333333333333333,0.0,0.0,0.0
64,17,72,73,34,1,0,4,0,0.8,0.0,0.0,0.0
64,17,72,73,35,3,0,1,0,0.75,0.0,0.0,0.0
64,18,16,17,13,3,2,7,0,2.1,0.6666666666666666,0.0,0.6666666666666666
64,18,16,17,14,9,1,9,0,4.5,0.1111111111111111,0.0,0.1111111111111111
64,18,16,17,15,3,1,18,0,2.5714285714285716,0.3333333333333333,0.0,0.3333333333333333
64,18,24,25,7,1,0,2,0,0.6666666666666666,0.0,0.0,0.0
64,18,24,25,8,7,0,3,0,2.1,0.0,0.0,0.0
64,18,24,25,10,2,0,10,0,1.6666666666666667,0.0,0.0,0.0
64,18,24,25,12,2,0,12,0,1.7142857142857142,0.0,0.0,0.0
64,18,24,25,14,2,0,10,0,1.6666666666666667,0.0,0.0,0.0
64,18,24,25,15,3,2,8,0,2.1818181818181817,0.6666666666666666,0.0,0.6666666666666666
64,18,24,25,17,5,5,7,0,2.9166666666666665,1.0,0.0,1.0
64,18,24,25,18,2,0,10,0,1.6666666666666667,0.0,0.0,0.0
64,18,24,25,19,10,8,9,0,4.7368421052631575,0.8,0.0,0.8
64,18,32,33,4,2,0,5,0,1.4285714285714286,0.0,0.0,0.0
64,18,32,33,5,1,0,8,0,0.8888888888888888,0.0,0.0,0.0
64,18,32,33,6,1,0,10,0,0.9090909090909091,0.0,0.0,0.0
64,18,32,33,7,1,0,12,0,0.9230769230769231,0.0,0.0,0.0
64,18,32,33,9,1,0,15,0,0.9375,0.0,0.0,0.0
64,18,32,33,23,4,4,5,0,2.2222222222222223,1.0,0.0,1.0
64,18,32,33,24,8,1,9,0,4.235294117647059,0.125,0.0,0.125
64,18,40,41,1,1,0,2,0,0.6666666666666666,0.0,0.0,0.0
64,18,40,41,2,2,0,4,0,1.3333333333333333,0.0,0.0,0.0
64,18,40,41,3,1,0,7,0,0.875,0.0,0.0,0.0
64,18,40,41,5,1,0,10,0,0.9090909090909091,0.0,0.0,0.0
64,18,40,41,6,1,0,12,0,0.9230769230769231,0.0,0.0,0.0
64,18,40,41,10,1,0,17,0,0.9444444444444444,0.0,0.0,0.0
64,18,40,41,11,1,0,17,0,0.9444444444444444,0.0,0.0,0.0
64,18,40,41,12,1,0,16,0,0.9411764705882353,0.0,0.0,0.0
64,18,40,41,27,1,0,10,0,0.9090909090909091,0.0,0.0,0.0
64,18,40,41,28,2,0,11,0,1.6923076923076923,0.0,0.0,0.0
64,18,48,49,3,2,0,9,0,1.6363636363636365,0.0,0.0,0.0
64,18,48,49,5,2,0,12,0,1.7142857142857142,0.0,0.0,0.0
64,18,48,49,11,2,0,18,0,1.8,0.0,0.0,0.0
64,18,48,49,12,2,0,17,0,1.7894736842105263,0.0,0.0,0.0
64,18,48,49,13,2,0,15,0,1.7647058823529411,0.0,0.0,0.0
64,18,48,49,14,2,0,13,0,1.7333333333333334,0.0,0.0,0.0
64,18,48,49,15,2,0,11,0,1.6923076923076923,0.0,0.0,0.0
64,18,48,49,16,3,0,8,0,2.1818181818181817,0.0,0.0,0.0
64,18,48,49,38,2,0,21,0,1.826086956521739,0.0,0.0,0.0
64,18,48,49,40,2,0,20,0,1.8181818181818181,0.0,0.0,0.0
64,18,56,57,13,2,0,19,0,1.8095238095238095,0.0,0.0,0.0
64,18,56,57,14,2,0,17,0,1.7894736842105263,0.0,0.0,0.0
64,18,56,57,16,5,0,12,0,3.5294117647058822,0.0,0.0,0.0
64,18,56,57,17,2,0,10,0,1.6666666666666667,0.0,0.0,0.0
64,18,56,57,18,5,0,6,0,2.727272727272727,0.0,0.0,0.0
64,18,56,57,19,3,0,4,0,1.7142857142857142,0.0,0.0,0.0
64,18,56,57,20,2,0,4,0,1.3333333333333333,0.0,0.0,0.0
64,18,56,57,21,2,0,3,0,1.2,0.0,0.0,0.0
64,18,56,57,22,2,0,4,0,1.3333333333333333,0.0,0.0,0.0
64,18,64,65,22,4,0,14,0,3.111111111111111,0.0,0.0,0.0
64,18,64,65,23,5,0,10,0,3.3333333333333335,0.0,0.0,0.0
64,18,64,65,24,6,0,7,0,3.230769230769231,0.0,0.0,0.0
64,18,72,73,28,2,0,11,0,1.6923076923076923,0.0,0.0,0.0
64,18,72,73,45,2,0,15,0,1.7647058823529411,0.0,0.0,0.0
64,18,72,73,46,1,0,14,0,0.9333333333333333,0.0,0.0,0.0
64,18,72,73,47,2,1,12,0,1.7142857142857142,0.5,0.0,0.5
64,18,72,73,48,2,0,12,0,1.7142857142857142,0.0,0.0,0.0
64,18,80,81,40,2,0,20,0,1.8181818181818181,0.0,0.0,0.0
64,18,80,81,42,2,0,18,0,1.8,0.0,0.0,0.0
64,18,96,97,42,2,0,18,0,1.8,0.0,0.0,0.0
64,18,96,97,44,3,0,15,0,2.5,0.0,0.0,0.0
64,18,96,97,45,1,0,15,1,0.9375,0.0,0.06666666666666667,-0.06666666666666667
64,18,96,97,46,5,0,10,0,3.3333333333333335,0.0,0.0,0.0
64,18,96,97,47,2,0,11,0,1.6923076923076923,0.0,0.0,0.0
64,18,96,97,48,6,0,8,0,3.4285714285714284,0.0,0.0,0.0
64,18,96,97,49,2,0,8,1,1.6,0.0,0.125,-0.125
64,18,96,97,50,5,0,4,0,2.2222222222222223,0.0,0.0,0.0
64,18,96,97,51,1,0,6,0,0.8571428571428571,0.0,0.0,0.0
64,18,96,97,52,1,0,5,0,0.8333333333333334,0.0,0.0,0.0
64,19,16,17,14,3,0,2,0,1.2,0.0,0.0,0.0
64,19,16,17,15,5,3,5,0,2.5,0.6,0.0,0.6
64,19,24,25,16,1,0,1,0,0.5,0.0,0.0,0.0
64,19,24,25,17,4,3,1,0,0.8,0.75,0.0,0.75
64,19,24,25,18,2,0,4,0,1.3333333333333333,0.0,0.0,0.0
64,19,24,25,19,9,6,5,0,3.2142857142857144,0.6666666666666666,0.0,0.6666666666666666
64,19,32,33,24,2,0,3,0,1.2,0.0,0.0,0.0
64,19,32,33,25,10,4,4,0,2.857142857142857,0.4,0.0,0.4
64,19,40,41,30,2,1,3,0,1.2,0.5,0.0,0.5
64,19,40,41,31,2,1,3,0,1.2,0.5,0.0,0.5
64,20,16,17,14,7,1,4,0,2.5454545454545454,0.14285714285714285,0.0,0.14285714285714285
64,20,16,17,15,4,0,9,0,2.769230769230769,0.0,0.0,0.0
64,20,24,25,19,2,1,3,1,1.2,0.5,0.3333333333333333,0.16666666666666669
64,21,16,17,15,6,1,6,0,3.0,0.16666666666666666,0.0,0.16666666666666666
64,21,32,33,24,1,0,1,0,0.5,0.0,0.0,0.0
64,21,40,41,27,3,1,1,0,0.75,0.3333333333333333,0.0,0.3333333333333333
64,21,40,41,28,3,0,2,0,1.2,0.0,0.0,0.0
64,21,40,41,29,3,0,3,0,1.5,0.0,0.0,0.0
64,21,40,41,30,3,0,4,0,1.7142857142857142,0.0,0.0,0.0
64,21,40,41,31,4,1,5,0,2.2222222222222223,0.25,0.0,0.25
64,21,40,41,32,1,0,9,0,0.9,0.0,0.0,0.0
64,21,40,41,33,2,1,10,0,1.6666666666666667,0.5,0.0,0.5
64,21,48,49,28,1,0,1,0,0.5,0.0,0.0,0.0
64,21,48,49,29,1,1,2,0,0.6666666666666666,1.0,0.0,1.0
64,21,48,49,30,1,0,3,0,0.75,0.0,0.0,0.0
64,21,48,49,31,1,1,4,0,0.8,1.0,0.0,1.0
64,21,48,49,32,1,0,5,0,0.8333333333333334,0.0,0.0,0.0
64,21,48,49,33,3,2,6,0,2.0,0.6666666666666666,0.0,0.6666666666666666
64,21,48,49,34,1,0,8,0,0.8888888888888888,0.0,0.0,0.0
64,21,48,49,35,3,1,8,0,2.1818181818181817,0.3333333333333333,0.0,0.3333333333333333
64,21,48,49,36,1,0,11,0,0.9166666666666666,0.0,0.0,0.0
64,21,48,49,37,4,2,12,0,3.0,0.5,0.0,0.5
64,21,56,57,36,1,0,4,0,0.8,0.0,0.0,0.0
64,21,56,57,37,8,5,3,0,2.1818181818181817,0.625,0.0,0.625
64,21,56,57,38,2,0,9,0,1.6363636363636365,0.0,0.0,0.0
64,21,56,57,39,2,1,9,0,1.6363636363636365,0.5,0.0,0.5
64,21,56,57,40,1,0,10,0,0.9090909090909091,0.0,0.0,0.0
64,21,56,57,41,1,0,10,0,0.9090909090909091,0.0,0.0,0.0
64,21,64,65,44,1,0,6,0,0.8571428571428571,0.0,0.0,0.0
64,21,64,65,45,2,0,5,0,1.4285714285714286,0.0,0.0,0.0
64,21,72,73,51,1,0,1,0,0.5,0.0,0.0,0.0
64,21,80,81,44,1,0,1,0,0.5,0.0,0.0,0.0
64,21,80,81,45,1,0,1,0,0.5,0.0,0.0,0.0
64,21,80,81,46,1,0,1,0,0.5,0.0,0.0,0.0
64,21,80,81,47,1,0,1,0,0.5,0.0,0.0,0.0
64,21,80,81,48,1,0,1,0,0.5,0.0,0.0,0.0
64,21,80,81,49,1,0,1,0,0.5,0.0,0.0,0.0
64,21,80,81,50,1,0,1,0,0.5,0.0,0.0,0.0
64,21,88,89,38,2,0,1,0,0.6666666666666666,0.0,0.0,0.0
64,21,88,89,39,2,0,2,0,1.0,0.0,0.0,0.0
64,21,88,89,40,1,0,2,0,0.6666666666666666,0.0,0.0,0.0
64,21,88,89,41,1,0,1,0,0.5,0.0,0.0,0.0
64,21,88,89,42,1,0,1,0,0.5,0.0,0.0,0.0
64,21,88,89,43,1,0,1,0,0.5,0.0,0.0,0.0
64,21,88,89,44,1,0,1,0,0.5,0.0,0.0,0.0
64,21,88,89,45,1,0,1,0,0.5,0.0,0.0,0.0
64,21,88,89,46,1,0,1,0,0.5,0.0,0.0,0.0
64,21,88,89,47,1,0,1,0,0.5,0.0,0.0,0.0
64,21,88,89,48,1,0,1,0,0.5,0.0,0.0,0.0
64,21,88,89,49,1,0,1,0,0.5,0.0,0.0,0.0
64,21,88,89,50,1,0,1,0,0.5,0.0,0.0,0.0
64,21,96,97,37,2,0,1,0,0.6666666666666666,0.0,0.0,0.0
64,21,96,97,38,1,0,3,0,0.75,0.0,0.0,0.0
64,21,96,97,39,2,0,3,0,1.2,0.0,0.0,0.0
64,21,96,97,40,1,0,3,0,0.75,0.0,0.0,0.0
64,21,96,97,41,1,0,2,0,0.6666666666666666,0.0,0.0,0.0
64,21,96,97,42,1,0,2,0,0.6666666666666666,0.0,0.0,0.0
64,21,96,97,43,1,0,2,0,0.6666666666666666,0.0,0.0,0.0
64,21,96,97,44,1,0,2,0,0.6666666666666666,0.0,0.0,0.0
64,21,96,97,45,1,0,2,0,0.6666666666666666,0.0,0.0,0.0
64,21,96,97,46,1,0,2,0,0.6666666666666666,0.0,0.0,0.0
64,21,96,97,47,1,0,2,0,0.6666666666666666,0.0,0.0,0.0
64,21,96,97,48,1,0,2,0,0.6666666666666666,0.0,0.0,0.0
64,21,96,97,49,1,0,2,0,0.6666666666666666,0.0,0.0,0.0
64,21,96,97,51,1,0,1,0,0.5,0.0,0.0,0.0
64,21,96,97,53,2,0,1,0,0.6666666666666666,0.0,0.0,0.0
64,21,96,97,54,3,0,3,0,1.5,0.0,0.0,0.0
64,21,104,105,36,1,0,1,0,0.5,0.0,0.0,0.0
64,21,104,105,37,2,0,2,0,1.0,0.0,0.0,0.0
64,21,104,105,38,2,0,4,0,1.3333333333333333,0.0,0.0,0.0
64,21,104,105,39,1,0,5,0,0.8333333333333334,0.0,0.0,0.0
64,21,104,105,40,1,0,4,0,0.8,0.0,0.0,0.0
64,21,104,105,41,1,0,3,0,0.75,0.0,0.0,0.0
64,21,104,105,42,1,0,3,0,0.75,0.0,0.0,0.0
64,21,104,105,43,1,0,3,0,0.75,0.0,0.0,0.0
64,21,104,105,44,1,0,3,0,0.75,0.0,0.0,0.0
64,21,104,105,45,1,0,3,0,0.75,0.0,0.0,0.0
64,21,104,105,46,1,0,3,0,0.75,0.0,0.0,0.0
64,21,104,105,47,1,0,3,0,0.75,0.0,0.0,0.0
64,21,104,105,49,1,0,2,0,0.6666666666666666,0.0,0.0,0.0
64,21,104,105,51,1,0,1,0,0.5,0.0,0.0,0.0
64,21,104,105,53,1,1,1,0,0.5,1.0,0.0,1.0
64,21,104,105,54,1,0,3,0,0.75,0.0,0.0,0.0
64,21,104,105,55,1,0,5,0,0.8333333333333334,0.0,0.0,0.0
64,21,104,105,56,1,0,7,0,0.875,0.0,0.0,0.0
64,21,104,105,57,2,1,9,0,1.6363636363636365,0.5,0.0,0.5
64,21,104,105,58,2,0,11,0,1.6923076923076923,0.0,0.0,0.0
64,21,104,105,59,3,1,13,0,2.4375,0.3333333333333333,0.0,0.3333333333333333
64,21,112,113,33,2,0,5,0,1.4285714285714286,0.0,0.0,0.0
64,21,112,113,34,1,0,6,0,0.8571428571428571,0.0,0.0,0.0
64,21,112,113,35,3,0,5,0,1.875,0.0,0.0,0.0
64,21,112,113,37,2,0,7,0,1.5555555555555556,0.0,0.0,0.0
64,21,112,113,39,1,0,8,0,0.8888888888888888,0.0,0.0,0.0
64,21,112,113,41,1,0,5,0,0.8333333333333334,0.0,0.0,0.0
64,21,112,113,42,1,0,5,0,0.8333333333333334,0.0,0.0,0.0
64,21,112,113,43,1,0,5,0,0.8333333333333334,0.0,0.0,0.0
64,21,112,113,45,1,0,4,0,0.8,0.0,0.0,0.0
64,21,112,113,46,1,0,4,0,0.8,0.0,0.0,0.0
64,21,112,113,47,1,0,4,0,0.8,0.0,0.0,0.0
64,21,112,113,51,1,0,1,0,0.5,0.0,0.0,0.0
64,21,112,113,54,1,0,2,0,0.6666666666666666,0.0,0.0,0.0
64,21,112,113,55,1,0,4,0,0.8,0.0,0.0,0.0
64,21,112,113,56,1,0,6,0,0.8571428571428571,0.0,0.0,0.0
64,21,112,113,57,1,0,8,0,0.8888888888888888,0.0,0.0,0.0
64,21,112,113,58,1,0,10,0,0.9090909090909091,0.0,0.0,0.0
64,21,112,113,59,1,0,12,0,0.9230769230769231,0.0,0.0,0.0
64,21,112,113,60,1,0,14,0,0.9333333333333333,0.0,0.0,0.0
64,21,112,113,61,1,0,16,0,0.9411764705882353,0.0,0.0,0.0
64,21,112,113,62,2,0,18,0,1.8,0.0,0.0,0.0
64,21,112,113,63,1,0,21,0,0.9545454545454546,0.0,0.0,0.0
64,21,112,113,64,1,0,25,0,0.9615384615384616,0.0,0.0,0.0
64,21,112,113,65,1,0,29,0,0.9666666666666667,0.0,0.0,0.0
64,21,112,113,66,1,0,33,0,0.9705882352941176,0.0,0.0,0.0
64,21,112,113,67,1,0,35,0,0.9722222222222222,0.0,0.0,0.0
64,21,120,121,28,1,0,3,0,0.75,0.0,0.0,0.0
64,21,120,121,29,2,0,4,0,1.3333333333333333,0.0,0.0,0.0
64,21,120,121,30,1,0,6,0,0.8571428571428571,0.0,0.0,0.0
64,21,120,121,31,2,0,7,0,1.5555555555555556,0.0,0.0,0.0
64,21,120,121,32,1,0,9,0,0.9,0.0,0.0,0.0
64,21,120,121,33,1,0,10,0,0.9090909090909091,0.0,0.0,0.0
64,21,120,121,35,1,0,11,0,0.9166666666666666,0.0,0.0,0.0
64,21,120,121,37,1,0,12,0,0.9230769230769231,0.0,0.0,0.0
64,21,120,121,39,1,0,12,0,0.9230769230769231,0.0,0.0,0.0
64,21,120,121,40,1,0,10,0,0.9090909090909091,0.0,0.0,0.0
64,21,120,121,41,1,0,8,0,0.8888888888888888,0.0,0.0,0.0
64,21,120,121,43,1,0,7,0,0.875,0.0,0.0,0.0
64,21,120,121,45,1,0,6,0,0.8571428571428571,0.0,0.0,0.0
64,21,120,121,51,1,0,1,0,0.5,0.0,0.0,0.0
64,21,120,121,54,1,0,2,0,0.6666666666666666,0.0,0.0,0.0
64,21,120,121,55,1,0,4,0,0.8,0.0,0.0,0.0
64,21,120,121,56,1,0,6,0,0.8571428571428571,0.0,0.0,0.0
64,21,120,121,57,1,0,8,0,0.8888888888888888,0.0,0.0,0.0
64,21,120,121,58,1,0,10,0,0.9090909090909091,0.0,0.0,0.0
64,21,120,121,59,1,0,12,0,0.9230769230769231,0.0,0.0,0.0
64,21,120,121,60,1,0,14,0,0.9333333333333333,0.0,0.0,0.0
64,21,120,121,61,1,0,16,0,0.9411764705882353,0.0,0.0,0.0
64,21,120,121,62,2,0,18,0,1.8,0.0,0.0,0.0
64,21,120,121,63,1,0,21,0,0.9545454545454546,0.0,0.0,0.0
64,21,120,121,64,1,0,25,0,0.9615384615384616,0.0,0.0,0.0
64,21,120,121,65,1,0,29,0,0.9666666666666667,0.0,0.0,0.0
64,21,120,121,66,1,0,33,0,0.9705882352941176,0.0,0.0,0.0
64,21,120,121,67,1,0,35,0,0.9722222222222222,0.0,0.0,0.0
64,21,128,129,26,1,0,3,0,0.75,0.0,0.0,0.0
64,21,128,129,27,1,0,5,0,0.8333333333333334,0.0,0.0,0.0
64,21,128,129,35,1,0,13,0,0.9285714285714286,0.0,0.0,0.0
64,21,128,129,37,1,0,14,0,0.9333333333333333,0.0,0.0,0.0
64,21,128,129,39,1,0,14,0,0.9333333333333333,0.0,0.0,0.0
64,21,128,129,51,1,0,1,0,0.5,0.0,0.0,0.0
64,21,128,129,54,1,0,2,0,0.6666666666666666,0.0,0.0,0.0
64,21,128,129,55,1,0,4,0,0.8,0.0,0.0,0.0
64,21,128,129,56,1,0,6,0,0.8571428571428571,0.0,0.0,0.0
64,21,128,129,57,1,0,8,0,0.8888888888888888,0.0,0.0,0.0
64,21,128,129,58,1,0,10,0,0.9090909090909091,0.0,0.0,0.0
64,21,128,129,59,1,0,12,0,0.9230769230769231,0.0,0.0,0.0
64,21,128,129,60,1,0,14,0,0.9333333333333333,0.0,0.0,0.0
64,21,128,129,61,1,0,16,0,0.9411764705882353,0.0,0.0,0.0
64,21,128,129,62,2,0,18,0,1.8,0.0,0.0,0.0
64,21,128,129,63,1,1,21,0,0.9545454545454546,1.0,0.0,1.0
64,21,128,129,64,1,0,25,0,0.9615384615384616,0.0,0.0,0.0
64,21,128,129,65,1,1,29,0,0.9666666666666667,1.0,0.0,1.0
64,21,128,129,66,1,0,33,0,0.9705882352941176,0.0,0.0,0.0
64,21,128,129,67,1,0,35,0,0.9722222222222222,0.0,0.0,0.0
64,21,136,137,51,1,0,1,0,0.5,0.0,0.0,0.0
64,21,136,137,55,1,0,3,0,0.75,0.0,0.0,0.0
64,21,136,137,56,1,0,5,0,0.8333333333333334,0.0,0.0,0.0
64,21,136,137,57,1,0,7,0,0.875,0.0,0.0,0.0
64,21,136,137,58,1,0,9,0,0.9,0.0,0.0,0.0
64,21,136,137,59,1,0,11,0,0.9166666666666666,0.0,0.0,0.0
64,21,136,137,60,1,0,13,0,0.9285714285714286,0.0,0.0,0.0
64,21,136,137,61,1,0,15,0,0.9375,0.0,0.0,0.0
64,21,136,137,62,1,0,17,0,0.9444444444444444,0.0,0.0,0.0
64,21,136,137,63,2,0,19,0,1.8095238095238095,0.0,0.0,0.0
64,21,136,137,64,1,0,24,0,0.96,0.0,0.0,0.0
64,21,136,137,65,1,0,28,0,0.9655172413793104,0.0,0.0,0.0
64,21,136,137,66,1,0,32,0,0.9696969696969697,0.0,0.0,0.0
64,21,136,137,67,1,0,34,0,0.9714285714285714,0.0,0.0,0.0
64,21,136,137,68,1,0,35,0,0.9722222222222222,0.0,0.0,0.0
64,21,144,145,51,1,0,1,0,0.5,0.0,0.0,0.0
64,21,144,145,55,1,1,3,0,0.75,1.0,0.0,1.0
64,21,144,145,57,1,0,6,0,0.8571428571428571,0.0,0.0,0.0
64,21,144,145,58,1,0,8,0,0.8888888888888888,0.0,0.0,0.0
64,21,144,145,59,1,0,10,0,0.9090909090909091,0.0,0.0,0.0
64,21,144,145,60,1,0,12,0,0.9230769230769231,0.0,0.0,0.0
64,21,144,145,61,1,0,14,0,0.9333333333333333,0.0,0.0,0.0
64,21,144,145,62,1,0,16,0,0.9411764705882353,0.0,0.0,0.0
64,21,144,145,63,3,1,18,0,2.5714285714285716,0.3333333333333333,0.0,0.3333333333333333
64,21,144,145,65,1,0,27,0,0.9642857142857143,0.0,0.0,0.0
64,21,144,145,66,1,0,31,0,0.96875,0.0,0.0,0.0
64,21,144,145,67,1,0,33,0,0.9705882352941176,0.0,0.0,0.0
64,21,144,145,68,1,0,34,0,0.9714285714285714,0.0,0.0,0.0
64,21,144,145,69,1,0,34,0,0.9714285714285714,0.0,0.0,0.0
64,21,152,153,52,1,0,1,0,0.5,0.0,0.0,0.0
64,21,152,153,56,1,0,4,0,0.8,0.0,0.0,0.0
64,21,152,153,58,1,0,7,0,0.875,0.0,0.0,0.0
64,21,152,153,59,1,1,9,0,0.9,1.0,0.0,1.0
64,21,152,153,61,1,0,12,0,0.9230769230769231,0.0,0.0,0.0
64,21,152,153,62,1,0,14,0,0.9333333333333333,0.0,0.0,0.0
64,21,152,153,63,2,1,16,0,1.7777777777777777,0.5,0.0,0.5
64,21,152,153,64,2,0,21,0,1.826086956521739,0.0,0.0,0.0
64,21,152,153,65,1,0,26,0,0.9629629629629629,0.0,0.0,0.0
64,21,152,153,66,1,0,30,0,0.967741935483871,0.0,0.0,0.0
64,21,152,153,68,1,0,32,0,0.9696969696969697,0.0,0.0,0.0
64,21,152,153,69,3,2,32,0,2.742857142857143,0.6666666666666666,0.0,0.6666666666666666
64,21,160,161,52,1,0,1,0,0.5,0.0,0.0,0.0
64,21,160,161,59,1,1,7,0,0.875,1.0,0.0,1.0
64,21,160,161,60,1,0,8,0,0.8888888888888888,0.0,0.0,0.0
64,21,160,161,62,1,0,11,0,0.9166666666666666,0.0,0.0,0.0
64,21,160,161,63,2,1,13,0,1.7333333333333334,0.5,0.0,0.5
64,21,160,161,65,1,1,21,0,0.9545454545454546,1.0,0.0,1.0
64,21,160,161,66,1,0,25,0,0.9615384615384616,0.0,0.0,0.0
64,21,160,161,67,2,2,27,0,1.8620689655172413,1.0,0.0,1.0
64,21,160,161,68,2,0,28,0,1.8666666666666667,0.0,0.0,0.0
64,21,160,161,69,2,1,28,0,1.8666666666666667,0.5,0.0,0.5
64,21,160,161,71,1,1,28,0,0.9655172413793104,1.0,0.0,1.0
64,21,160,161,72,1,0,27,0,0.9642857142857143,0.0,0.0,0.0
64,21,160,161,73,3,2,25,0,2.6785714285714284,0.6666666666666666,0.0,0.6666666666666666
64,21,160,161,74,2,0,25,0,1.8518518518518519,0.0,0.0,0.0
64,21,168,169,52,1,0,1,0,0.5,0.0,0.0,0.0
64,21,168,169,53,2,0,1,0,0.6666666666666666,0.0,0.0,0.0
64,21,168,169,54,1,0,2,0,0.6666666666666666,0.0,0.0,0.0
64,21,168,169,63,1,0,11,0,0.9166666666666666,0.0,0.0,0.0
64,21,168,169,64,1,0,15,0,0.9375,0.0,0.0,0.0
64,21,168,169,65,1,0,18,0,0.9473684210526315,0.0,0.0,0.0
64,21,168,169,67,1,0,23,0,0.9583333333333334,0.0,0.0,0.0
64,21,168,169,68,1,0,24,0,0.96,0.0,0.0,0.0
64,21,168,169,69,1,1,24,0,0.96,1.0,0.0,1.0
64,21,168,169,71,1,1,24,0,0.96,1.0,0.0,1.0
64,21,168,169,73,2,2,22,0,1.8333333333333333,1.0,0.0,1.0
64,21,168,169,75,1,1,20,0,0.9523809523809523,1.0,0.0,1.0
64,21,168,169,78,2,0,14,0,1.75,0.0,0.0,0.0
64,21,176,177,53,2,0,2,0,1.0,0.0,0.0,0.0
64,21,176,177,54,1,0,3,0,0.75,0.0,0.0,0.0
64,21,176,177,55,2,0,3,0,1.2,0.0,0.0,0.0
64,21,176,177,56,1,0,4,0,0.8,0.0,0.0,0.0
64,21,176,177,57,1,0,5,0,0.8333333333333334,0.0,0.0,0.0
64,21,176,177,58,1,0,6,0,0.8571428571428571,0.0,0.0,0.0
64,21,176,177,63,1,0,11,0,0.9166666666666666,0.0,0.0,0.0
64,21,184,185,23,1,0,1,0,0.5,0.0,0.0,0.0
64,21,184,185,53,1,0,3,0,0.75,0.0,0.0,0.0
64,21,184,185,54,1,0,4,0,0.8,0.0,0.0,0.0
64,21,184,185,55,2,0,4,0,1.3333333333333333,0.0,0.0,0.0
64,21,184,185,56,1,0,5,0,0.8333333333333334,0.0,0.0,0.0
64,21,184,185,57,1,0,6,0,0.8571428571428571,0.0,0.0,0.0
64,21,184,185,58,1,0,7,0,0.875,0.0,0.0,0.0
64,21,184,185,59,2,0,7,0,1.5555555555555556,0.0,0.0,0.0
64,21,184,185,60,1,0,8,0,0.8888888888888888,0.0,0.0,0.0
64,21,184,185,61,1,0,9,0,0.9,0.0,0.0,0.0
64,21,184,185,62,1,0,10,0,0.9090909090909091,0.0,0.0,0.0
64,21,184,185,63,2,0,11,0,1.6923076923076923,0.0,0.0,0.0
64,21,184,185,64,1,0,15,0,0.9375,0.0,0.0,0.0
64,21,184,185,65,1,0,18,0,0.9473684210526315,0.0,0.0,0.0
64,21,192,193,12,4,0,1,0,0.8,0.0,0.0,0.0
64,21,192,193,13,4,0,1,0,0.8,0.0,0.0,0.0
64,21,192,193,14,2,0,1,0,0.6666666666666666,0.0,0.0,0.0
64,21,192,193,15,2,0,1,0,0.6666666666666666,0.0,0.0,0.0
64,21,192,193,16,2,0,1,0,0.6666666666666666,0.0,0.0,0.0
64,21,192,193,17,2,0,1,0,0.6666666666666666,0.0,0.0,0.0
64,21,192,193,18,2,0,1,0,0.6666666666666666,0.0,0.0,0.0
64,21,192,193,19,2,0,1,0,0.6666666666666666,0.0,0.0,0.0
64,21,192,193,20,2,0,1,0,0.6666666666666666,0.0,0.0,0.0
64,21,192,193,21,2,0,1,0,0.6666666666666666,0.0,0.0,0.0
64,21,192,193,22,1,0,1,0,0.5,0.0,0.0,0.0
64,21,192,193,23,1,0,1,0,0.5,0.0,0.0,0.0
64,21,192,193,53,1,0,3,0,0.75,0.0,0.0,0.0
64,21,192,193,54,1,0,4,0,0.8,0.0,0.0,0.0
64,21,192,193,55,1,0,5,0,0.8333333333333334,0.0,0.0,0.0
64,21,192,193,56,1,0,6,0,0.8571428571428571,0.0,0.0,0.0
64,21,192,193,57,1,0,7,0,0.875,0.0,0.0,0.0
64,21,192,193,58,1,0,8,0,0.8888888888888888,0.0,0.0,0.0
64,21,192,193,59,1,0,9,0,0.9,0.0,0.0,0.0
64,21,192,193,60,1,0,10,0,0.9090909090909091,0.0,0.0,0.0
64,21,192,193,61,2,0,10,0,1.6666666666666667,0.0,0.0,0.0
64,21,192,193,62,1,0,12,0,0.9230769230769231,0.0,0.0,0.0
64,21,192,193,63,2,0,13,0,1.7333333333333334,0.0,0.0,0.0
64,21,192,193,64,1,0,17,0,0.9444444444444444,0.0,0.0,0.0
64,21,192,193,65,2,0,19,0,1.8095238095238095,0.0,0.0,0.0
64,21,200,201,10,2,0,1,0,0.6666666666666666,0.0,0.0,0.0
64,21,200,201,11,3,0,2,0,1.2,0.0,0.0,0.0
64,21,200,201,12,4,0,2,0,1.3333333333333333,0.0,0.0,0.0
64,21,200,201,13,3,0,2,0,1.2,0.0,0.0,0.0
64,21,200,201,14,3,0,1,0,0.75,0.0,0.0,0.0
64,21,200,201,15,2,0,1,0,0.6666666666666666,0.0,0.0,0.0
64,21,200,201,16,2,0,1,0,0.6666666666666666,0.0,0.0,0.0
64,21,200,201,17,2,0,1,0,0.6666666666666666,0.0,0.0,0.0
64,21,200,201,18,2,0,1,0,0.6666666666666666,0.0,0.0,0.0
64,21,200,201,19,2,0,1,0,0.6666666666666666,0.0,0.0,0.0
64,21,200,201,20,2,0,1,0,0.6666666666666666,0.0,0.0,0.0
64,21,200,201,21,2,0,1,0,0.6666666666666666,0.0,0.0,0.0
64,21,200,201,22,1,0,1,0,0.5,0.0,0.0,0.0
64,21,200,201,23,1,0,1,0,0.5,0.0,0.0,0.0
64,21,200,201,53,1,0,3,0,0.75,0.0,0.0,0.0
64,21,200,201,54,1,0,4,0,0.8,0.0,0.0,0.0
64,21,200,201,55,1,0,5,0,0.8333333333333334,0.0,0.0,0.0
64,21,200,201,56,1,0,6,0,0.8571428571428571,0.0,0.0,0.0
64,21,200,201,57,1,0,7,0,0.875,0.0,0.0,0.0
64,21,200,201,58,1,0,8,0,0.8888888888888888,0.0,0.0,0.0
64,21,200,201,59,1,0,9,0,0.9,0.0,0.0,0.0
64,21,200,201,60,1,0,10,0,0.9090909090909091,0.0,0.0,0.0
64,21,200,201,61,2,0,10,0,1.6666666666666667,0.0,0.0,0.0
64,21,200,201,62,1,0,12,0,0.9230769230769231,0.0,0.0,0.0
64,21,200,201,63,2,0,13,0,1.7333333333333334,0.0,0.0,0.0
64,21,200,201,64,1,0,17,0,0.9444444444444444,0.0,0.0,0.0
64,21,200,201,65,1,0,20,0,0.9523809523809523,0.0,0.0,0.0
64,21,200,201,66,1,0,22,0,0.9565217391304348,0.0,0.0,0.0
64,21,208,209,10,2,0,1,0,0.6666666666666666,0.0,0.0,0.0
64,21,208,209,11,3,0,2,0,1.2,0.0,0.0,0.0
64,21,208,209,12,4,0,2,0,1.3333333333333333,0.0,0.0,0.0
64,21,208,209,13,3,0,2,0,1.2,0.0,0.0,0.0
64,21,208,209,14,3,0,1,0,0.75,0.0,0.0,0.0
64,21,208,209,15,2,0,1,0,0.6666666666666666,0.0,0.0,0.0
64,21,208,209,16,1,0,2,0,0.6666666666666666,0.0,0.0,0.0
64,21,208,209,17,2,0,2,0,1.0,0.0,0.0,0.0
64,21,208,209,18,1,0,3,0,0.75,0.0,0.0,0.0
64,21,208,209,19,1,0,3,0,0.75,0.0,0.0,0.0
64,21,208,209,20,1,0,3,0,0.75,0.0,0.0,0.0
64,21,208,209,21,1,0,3,0,0.75,0.0,0.0,0.0
64,21,208,209,53,1,0,3,0,0.75,0.0,0.0,0.0
64,21,208,209,54,1,0,4,0,0.8,0.0,0.0,0.0
64,21,208,209,55,1,0,5,0,0.8333333333333334,0.0,0.0,0.0
64,21,208,209,56,1,0,6,0,0.8571428571428571,0.0,0.0,0.0
64,21,208,209,57,1,0,7,0,0.875,0.0,0.0,0.0
64,21,208,209,58,1,0,8,0,0.8888888888888888,0.0,0.0,0.0
64,21,208,209,59,1,0,9,0,0.9,0.0,0.0,0.0
64,21,208,209,60,1,0,10,0,0.9090909090909091,0.0,0.0,0.0
64,21,208,209,61,2,0,10,0,1.6666666666666667,0.0,0.0,0.0
64,21,208,209,62,1,0,12,0,0.9230769230769231,0.0,0.0,0.0
64,21,208,209,63,1,0,13,0,0.9285714285714286,0.0,0.0,0.0
64,21,208,209,64,4,0,14,0,3.111111111111111,0.0,0.0,0.0
64,21,208,209,65,1,0,20,0,0.9523809523809523,0.0,0.0,0.0
64,21,208,209,66,1,0,22,0,0.9565217391304348,0.0,0.0,0.0
64,21,216,217,10,2,0,1,0,0.6666666666666666,0.0,0.0,0.0
64,21,216,217,11,2,0,3,0,1.2,0.0,0.0,0.0
64,21,216,217,12,2,0,5,0,1.4285714285714286,0.0,0.0,0.0
64,21,216,217,13,1,0,6,0,0.8571428571428571,0.0,0.0,0.0
64,21,216,217,14,1,0,5,0,0.8333333333333334,0.0,0.0,0.0
64,21,216,217,15,1,0,4,0,0.8,0.0,0.0,0.0
64,21,216,217,16,1,0,3,0,0.75,0.0,0.0,0.0
64,21,216,217,17,1,0,3,0,0.75,0.0,0.0,0.0
64,21,216,217,18,1,0,3,0,0.75,0.0,0.0,0.0
64,21,216,217,19,1,0,3,0,0.75,0.0,0.0,0.0
64,21,216,217,20,1,0,3,0,0.75,0.0,0.0,0.0
64,21,216,217,21,1,0,3,0,0.75,0.0,0.0,0.0
64,21,216,217,54,1,0,5,0,0.8333333333333334,0.0,0.0,0.0
64,21,216,217,55,1,0,6,0,0.8571428571428571,0.0,0.0,0.0
64,21,216,217,56,1,0,7,0,0.875,0.0,0.0,0.0
64,21,216,217,57,1,0,8,0,0.8888888888888888,0.0,0.0,0.0
64,21,216,217,58,1,0,9,0,0.9,0.0,0.0,0.0
64,21,216,217,59,1,0,10,0,0.9090909090909091,0.0,0.0,0.0
64,21,216,217,60,1,0,11,0,0.9166666666666666,0.0,0.0,0.0
64,21,216,217,61,3,0,10,0,2.3076923076923075,0.0,0.0,0.0
64,21,216,217,62,1,0,12,0,0.9230769230769231,0.0,0.0,0.0
64,21,216,217,63,1,0,13,0,0.9285714285714286,0.0,0.0,0.0
64,21,216,217,64,4,0,14,0,3.111111111111111,0.0,0.0,0.0
64,21,216,217,65,1,0,20,0,0.9523809523809523,0.0,0.0,0.0
64,21,216,217,66,1,0,22,0,0.9565217391304348,0.0,0.0,0.0
64,21,224,225,10,1,0,2,0,0.6666666666666666,0.0,0.0,0.0
64,21,224,225,11,3,0,3,0,1.5,0.0,0.0,0.0
64,21,224,225,12,1,0,6,0,0.8571428571428571,0.0,0.0,0.0
64,21,224,225,13,2,1,6,0,1.5,0.5,0.0,0.5
64,21,224,225,15,2,0,4,0,1.3333333333333333,0.0,0.0,0.0
64,21,224,225,17,2,0,3,0,1.2,0.0,0.0,0.0
64,21,224,225,18,1,0,4,0,0.8,0.0,0.0,0.0
64,21,224,225,19,1,0,4,0,0.8,0.0,0.0,0.0
64,21,224,225,20,1,0,4,0,0.8,0.0,0.0,0.0
64,21,224,225,54,1,0,5,0,0.8333333333333334,0.0,0.0,0.0
64,21,224,225,55,1,0,6,0,0.8571428571428571,0.0,0.0,0.0
64,21,224,225,56,1,0,7,0,0.875,0.0,0.0,0.0
64,21,224,225,57,1,0,8,0,0.8888888888888888,0.0,0.0,0.0
64,21,224,225,58,1,0,9,0,0.9,0.0,0.0,0.0
64,21,224,225,59,1,0,10,0,0.9090909090909091,0.0,0.0,0.0
64,21,224,225,60,1,0,11,0,0.9166666666666666,0.0,0.0,0.0
64,21,224,225,61,2,0,11,0,1.6923076923076923,0.0,0.0,0.0
64,21,224,225,62,1,0,13,0,0.9285714285714286,0.0,0.0,0.0
64,21,224,225,63,1,0,14,0,0.9333333333333333,0.0,0.0,0.0
64,21,224,225,64,4,0,15,0,3.1578947368421053,0.0,0.0,0.0
64,21,224,225,65,1,0,21,0,0.9545454545454546,0.0,0.0,0.0
64,21,224,225,66,1,0,23,0,0.9583333333333334,0.0,0.0,0.0
64,21,224,225,67,1,0,23,0,0.9583333333333334,0.0,0.0,0.0
64,21,232,233,9,2,0,1,0,0.6666666666666666,0.0,0.0,0.0
64,21,232,233,10,2,0,3,0,1.2,0.0,0.0,0.0
64,21,232,233,11,2,0,5,0,1.4285714285714286,0.0,0.0,0.0
64,21,232,233,12,1,0,7,0,0.875,0.0,0.0,0.0
64,21,232,233,13,1,0,7,0,0.875,0.0,0.0,0.0
64,21,232,233,14,1,0,6,0,0.8571428571428571,0.0,0.0,0.0
64,21,232,233,15,1,0,5,0,0.8333333333333334,0.0,0.0,0.0
64,21,232,233,16,1,0,4,0,0.8,0.0,0.0,0.0
64,21,232,233,17,1,0,4,0,0.8,0.0,0.0,0.0
64,21,232,233,18,1,0,4,0,0.8,0.0,0.0,0.0
64,21,232,233,19,1,0,4,0,0.8,0.0,0.0,0.0
64,21,232,233,20,1,0,4,0,0.8,0.0,0.0,0.0
64,21,232,233,54,1,0,5,0,0.8333333333333334,0.0,0.0,0.0
64,21,232,233,55,1,0,6,0,0.8571428571428571,0.0,0.0,0.0
64,21,232,233,56,1,0,7,0,0.875,0.0,0.0,0.0
64,21,232,233,57,1,0,8,0,0.8888888888888888,0.0,0.0,0.0
64,21,232,233,58,1,0,9,0,0.9,0.0,0.0,0.0
64,21,232,233,59,1,0,10,0,0.9090909090909091,0.0,0.0,0.0
64,21,232,233,60,1,0,11,0,0.9166666666666666,0.0,0.0,0.0
64,21,232,233,61,2,0,11,0,1.6923076923076923,0.0,0.0,0.0
64,21,232,233,62,1,0,13,0,0.9285714285714286,0.0,0.0,0.0
64,21,232,233,63,1,0,14,0,0.9333333333333333,0.0,0.0,0.0
64,21,232,233,64,3,0,15,0,2.5,0.0,0.0,0.0
64,21,232,233,65,4,1,18,0,3.272727272727273,0.25,0.0,0.25
64,21,232,233,66,1,0,23,0,0.9583333333333334,0.0,0.0,0.0
64,21,232,233,67,1,0,23,0,0.9583333333333334,0.0,0.0,0.0
64,21,240,241,9,2,0,1,0,0.6666666666666666,0.0,0.0,0.0
64,21,240,241,10,2,0,3,0,1.2,0.0,0.0,0.0
64,21,240,241,11,2,0,5,0,1.4285714285714286,0.0,0.0,0.0
64,21,240,241,12,1,0,7,0,0.875,0.0,0.0,0.0
64,21,240,241,13,1,0,7,0,0.875,0.0,0.0,0.0
64,21,240,241,14,1,0,6,0,0.8571428571428571,0.0,0.0,0.0
64,21,240,241,15,1,0,5,0,0.8333333333333334,0.0,0.0,0.0
64,21,240,241,16,1,0,4,0,0.8,0.0,0.0,0.0
64,21,240,241,17,1,0,4,0,0.8,0.0,0.0,0.0
64,21,240,241,18,1,0,4,0,0.8,0.0,0.0,0.0
64,21,240,241,19,1,0,4,0,0.8,0.0,0.0,0.0
64,21,240,241,20,1,0,4,0,0.8,0.0,0.0,0.0
64,21,240,241,54,1,0,5,0,0.8333333333333334,0.0,0.0,0.0
64,21,240,241,56,1,0,8,0,0.8888888888888888,0.0,0.0,0.0
64,21,240,241,57,1,0,9,0,0.9,0.0,0.0,0.0
64,21,240,241,58,1,0,10,0,0.9090909090909091,0.0,0.0,0.0
64,21,240,241,59,1,0,11,0,0.9166666666666666,0.0,0.0,0.0
64,21,240,241,60,1,0,12,0,0.9230769230769231,0.0,0.0,0.0
64,21,240,241,61,2,0,12,0,1.7142857142857142,0.0,0.0,0.0
64,21,240,241,62,2,0,13,0,1.7333333333333334,0.0,0.0,0.0
64,21,240,241,63,1,0,14,0,0.9333333333333333,0.0,0.0,0.0
64,21,240,241,64,2,0,16,0,1.7777777777777777,0.0,0.0,0.0
64,21,240,241,65,4,0,18,0,3.272727272727273,0.0,0.0,0.0
64,21,240,241,66,3,0,20,0,2.608695652173913,0.0,0.0,0.0
64,21,240,241,67,3,0,20,0,2.608695652173913,0.0,0.0,0.0
64,21,240,241,68,2,0,21,0,1.826086956521739,0.0,0.0,0.0
64,21,240,241,69,2,0,21,0,1.826086956521739,0.0,0.0,0.0
64,21,240,241,70,2,0,21,0,1.826086956521739,0.0,0.0,0.0
64,21,240,241,71,2,0,21,0,1.826086956521739,0.0,0.0,0.0
64,21,240,241,72,2,0,20,0,1.8181818181818181,0.0,0.0,0.0
64,21,240,241,73,2,0,19,0,1.8095238095238095,0.0,0.0,0.0
64,21,240,241,74,2,0,18,0,1.8,0.0,0.0,0.0
64,21,240,241,75,3,1,17,0,2.55,0.3333333333333333,0.0,0.3333333333333333
64,21,248,249,9,2,0,1,0,0.6666666666666666,0.0,0.0,0.0
64,21,248,249,10,2,0,3,0,1.2,0.0,0.0,0.0
64,21,248,249,11,2,0,5,0,1.4285714285714286,0.0,0.0,0.0
64,21,248,249,12,1,0,7,0,0.875,0.0,0.0,0.0
64,21,248,249,13,1,0,7,0,0.875,0.0,0.0,0.0
64,21,248,249,14,1,0,6,0,0.8571428571428571,0.0,0.0,0.0
64,21,248,249,15,1,0,5,0,0.8333333333333334,0.0,0.0,0.0
64,21,248,249,16,1,0,4,0,0.8,0.0,0.0,0.0
64,21,248,249,17,1,0,4,0,0.8,0.0,0.0,0.0
64,21,248,249,18,1,0,4,0,0.8,0.0,0.0,0.0
64,21,248,249,19,1,0,4,0,0.8,0.0,0.0,0.0
64,21,248,249,20,1,0,4,0,0.8,0.0,0.0,0.0
64,21,248,249,55,1,0,7,0,0.875,0.0,0.0,0.0
64,21,248,249,56,1,0,8,0,0.8888888888888888,0.0,0.0,0.0
64,21,248,249,57,1,0,9,0,0.9,0.0,0.0,0.0
64,21,248,249,58,1,0,10,0,0.9090909090909091,0.0,0.0,0.0
64,21,248,249,59,1,0,11,0,0.9166666666666666,0.0,0.0,0.0
64,21,248,249,60,1,0,12,0,0.9230769230769231,0.0,0.0,0.0
64,21,248,249,61,1,0,13,0,0.9285714285714286,0.0,0.0,0.0
64,21,248,249,62,2,0,14,0,1.75,0.0,0.0,0.0
64,21,248,249,63,1,0,15,0,0.9375,0.0,0.0,0.0
64,21,248,249,64,1,0,16,0,0.9411764705882353,0.0,0.0,0.0
64,21,248,249,65,5,0,17,0,3.8636363636363638,0.0,0.0,0.0
64,21,248,249,66,3,0,21,0,2.625,0.0,0.0,0.0
64,21,248,249,67,3,0,21,0,2.625,0.0,0.0,0.0
64,21,248,249,68,3,0,21,0,2.625,0.0,0.0,0.0
64,21,248,249,69,2,0,21,0,1.826086956521739,0.0,0.0,0.0
64,21,248,249,70,2,0,21,0,1.826086956521739,0.0,0.0,0.0
64,21,248,249,71,2,0,21,0,1.826086956521739,0.0,0.0,0.0
64,21,248,249,72,2,0,20,0,1.8181818181818181,0.0,0.0,0.0
64,21,248,249,73,2,0,19,0,1.8095238095238095,0.0,0.0,0.0
64,21,248,249,74,2,0,18,0,1.8,0.0,0.0,0.0
64,21,248,249,75,2,0,17,0,1.7894736842105263,0.0,0.0,0.0
64,21,248,249,76,3,0,16,0,2.526315789473684,0.0,0.0,0.0
64,22,16,17,15,24,9,5,0,4.137931034482759,0.375,0.0,0.375
64,22,24,25,18,2,0,1,0,0.6666666666666666,0.0,0.0,0.0
64,22,24,25,19,23,20,3,0,2.6538461538461537,0.8695652173913043,0.0,0.8695652173913043
64,22,24,25,20,7,0,24,0,5.419354838709677,0.0,0.0,0.0
64,22,24,25,21,8,2,32,0,6.4,0.25,0.0,0.25
64,22,32,33,21,1,0,3,0,0.75,0.0,0.0,0.0
64,22,32,33,22,4,0,5,0,2.2222222222222223,0.0,0.0,0.0
64,22,32,33,23,6,4,9,0,3.6,0.6666666666666666,0.0,0.6666666666666666
64,22,32,33,24,8,1,16,0,5.333333333333333,0.125,0.0,0.125
64,22,32,33,25,33,22,23,0,13.553571428571429,0.6666666666666666,0.0,0.6666666666666666
64,22,32,33,26,1,0,54,0,0.9818181818181818,0.0,0.0,0.0
64,22,32,33,27,2,0,52,0,1.9259259259259258,0.0,0.0,0.0
64,22,40,41,23,1,1,7,0,0.875,1.0,0.0,1.0
64,22,40,41,24,2,0,9,0,1.6363636363636365,0.0,0.0,0.0
64,22,40,41,26,1,1,13,0,0.9285714285714286,1.0,0.0,1.0
64,22,40,41,27,3,2,14,0,2.4705882352941178,0.6666666666666666,0.0,0.6666666666666666
64,22,40,41,28,2,1,16,0,1.7777777777777777,0.5,0.0,0.5
64,22,40,41,29,9,7,16,0,5.76,0.7777777777777778,0.0,0.7777777777777778
64,22,40,41,30,5,0,21,0,4.038461538461538,0.0,0.0,0.0
64,22,40,41,31,20,15,22,0,10.476190476190476,0.75,0.0,0.75
64,22,40,41,33,3,1,36,2,2.769230769230769,0.3333333333333333,0.05555555555555555,0.2777777777777778
64,22,48,49,22,2,0,2,0,1.0,0.0,0.0,0.0
64,22,48,49,23,2,0,4,0,1.3333333333333333,0.0,0.0,0.0
64,22,48,49,24,2,0,6,0,1.5,0.0,0.0,0.0
64,22,48,49,25,3,0,8,0,2.1818181818181817,0.0,0.0,0.0
64,22,48,49,30,1,0,14,0,0.9333333333333333,0.0,0.0,0.0
64,22,48,49,31,2,0,14,0,1.75,0.0,0.0,0.0
64,22,48,49,32,4,0,15,0,3.1578947368421053,0.0,0.0,0.0
64,22,48,49,33,4,2,18,0,3.272727272727273,0.5,0.0,0.5
64,22,48,49,34,2,0,20,0,1.8181818181818181,0.0,0.0,0.0
64,22,48,49,35,3,2,19,0,2.590909090909091,0.6666666666666666,0.0,0.6666666666666666
64,22,48,49,36,1,0,19,0,0.95,0.0,0.0,0.0
64,22,48,49,37,4,1,16,0,3.2,0.25,0.0,0.25
64,22,56,57,23,2,0,2,0,1.0,0.0,0.0,0.0
64,22,56,57,24,2,0,4,0,1.3333333333333333,0.0,0.0,0.0
64,22,56,57,25,2,0,6,0,1.5,0.0,0.0,0.0
64,22,56,57,26,2,0,8,0,1.6,0.0,0.0,0.0
64,22,56,57,27,4,2,9,0,2.769230769230769,0.5,0.0,0.5
64,22,56,57,28,2,0,11,0,1.6923076923076923,0.0,0.0,0.0
64,22,56,57,29,2,2,11,0,1.6923076923076923,1.0,0.0,1.0
64,22,56,57,30,2,0,11,0,1.6923076923076923,0.0,0.0,0.0
64,22,56,57,31,2,0,11,0,1.6923076923076923,0.0,0.0,0.0
64,22,56,57,32,3,0,11,0,2.357142857142857,0.0,0.0,0.0
64,22,56,57,33,5,2,12,0,3.5294117647058822,0.4,0.0,0.4
64,22,56,57,34,1,0,16,0,0.9411764705882353,0.0,0.0,0.0
64,22,56,57,35,1,0,15,0,0.9375,0.0,0.0,0.0
64,22,56,57,36,1,0,14,0,0.9333333333333333,0.0,0.0,0.0
64,22,56,57,37,1,0,13,0,0.9285714285714286,0.0,0.0,0.0
64,22,56,57,38,1,0,12,0,0.9230769230769231,0.0,0.0,0.0
64,22,56,57,39,2,1,11,0,1.6923076923076923,0.5,0.0,0.5
64,22,56,57,40,1,0,12,0,0.9230769230769231,0.0,0.0,0.0
64,22,56,57,41,2,0,13,0,1.7333333333333334,0.0,0.0,0.0
64,22,64,65,23,2,2,2,0,1.0,1.0,0.0,1.0
64,22,64,65,24,2,0,4,0,1.3333333333333333,0.0,0.0,0.0
64,22,64,65,25,2,2,6,0,1.5,1.0,0.0,1.0
64,22,64,65,26,1,0,8,0,0.8888888888888888,0.0,0.0,0.0
64,22,64,65,27,3,2,8,0,2.1818181818181817,0.6666666666666666,0.0,0.6666666666666666
64,22,64,65,28,2,0,9,0,1.6363636363636365,0.0,0.0,0.0
64,22,64,65,29,2,0,9,0,1.6363636363636365,0.0,0.0,0.0
64,22,64,65,30,2,0,9,0,1.6363636363636365,0.0,0.0,0.0
64,22,64,65,31,2,0,9,0,1.6363636363636365,0.0,0.0,0.0
64,22,64,65,32,3,0,9,0,2.25,0.0,0.0,0.0
64,22,64,65,33,3,0,10,0,2.3076923076923075,0.0,0.0,0.0
64,22,64,65,34,3,0,11,0,2.357142857142857,0.0,0.0,0.0
64,22,64,65,35,3,0,12,0,2.4,0.0,0.0,0.0
64,22,64,65,36,1,0,13,0,0.9285714285714286,0.0,0.0,0.0
64,22,64,65,37,1,0,12,0,0.9230769230769231,0.0,0.0,0.0
64,22,64,65,38,1,0,11,0,0.9166666666666666,0.0,0.0,0.0
64,22,64,65,39,1,0,10,0,0.9090909090909091,0.0,0.0,0.0
64,22,64,65,40,1,0,9,0,0.9,0.0,0.0,0.0
64,22,64,65,41,2,0,9,0,1.6363636363636365,0.0,0.0,0.0
64,22,64,65,42,2,0,11,0,1.6923076923076923,0.0,0.0,0.0
64,22,64,65,43,3,1,13,0,2.4375,0.3333333333333333,0.0,0.3333333333333333
64,22,64,65,44,2,0,16,0,1.7777777777777777,0.0,0.0,0.0
64,22,64,65,45,2,1,17,0,1.7894736842105263,0.5,0.0,0.5
64,22,64,65,46,1,0,18,0,0.9473684210526315,0.0,0.0,0.0
64,22,64,65,47,2,1,18,0,1.8,0.5,0.0,0.5
64,22,72,73,24,1,0,1,0,0.5,0.0,0.0,0.0
64,22,72,73,25,2,1,2,0,1.0,0.5,0.0,0.5
64,22,72,73,26,2,0,4,0,1.3333333333333333,0.0,0.0,0.0
64,22,72,73,27,2,0,5,0,1.4285714285714286,0.0,0.0,0.0
64,22,72,73,28,2,0,5,0,1.4285714285714286,0.0,0.0,0.0
64,22,72,73,29,2,0,5,0,1.4285714285714286,0.0,0.0,0.0
64,22,72,73,30,2,0,5,0,1.4285714285714286,0.0,0.0,0.0
64,22,72,73,31,3,1,5,0,1.875,0.3333333333333333,0.0,0.3333333333333333
64,22,72,73,32,2,0,6,0,1.5,0.0,0.0,0.0
64,22,72,73,33,4,2,6,0,2.4,0.5,0.0,0.5
64,22,72,73,34,2,0,8,0,1.6,0.0,0.0,0.0
64,22,72,73,35,4,1,8,0,2.6666666666666665,0.25,0.0,0.25
64,22,72,73,36,3,0,10,0,2.3076923076923075,0.0,0.0,0.0
64,22,72,73,37,1,0,11,0,0.9166666666666666,0.0,0.0,0.0
64,22,72,73,38,1,0,10,0,0.9090909090909091,0.0,0.0,0.0
64,22,72,73,39,2,1,9,0,1.6363636363636365,0.5,0.0,0.5
64,22,72,73,41,3,1,8,0,2.1818181818181817,0.3333333333333333,0.0,0.3333333333333333
64,22,72,73,42,2,0,11,0,1.6923076923076923,0.0,0.0,0.0
64,22,72,73,43,2,0,13,0,1.7333333333333334,0.0,0.0,0.0
64,22,72,73,44,2,0,15,0,1.7647058823529411,0.0,0.0,0.0
64,22,72,73,45,2,0,16,0,1.7777777777777777,0.0,0.0,0.0
64,22,72,73,46,1,0,17,0,0.9444444444444444,0.0,0.0,0.0
64,22,72,73,47,1,0,17,0,0.9444444444444444,0.0,0.0,0.0
64,22,72,73,48,1,0,17,0,0.9444444444444444,0.0,0.0,0.0
64,22,72,73,49,1,0,17,0,0.9444444444444444,0.0,0.0,0.0
64,22,72,73,50,1,0,17,0,0.9444444444444444,0.0,0.0,0.0
64,22,72,73,51,1,0,17,0,0.9444444444444444,0.0,0.0,0.0
64,22,72,73,52,1,0,17,0,0.9444444444444444,0.0,0.0,0.0
64,22,72,73,53,1,0,17,0,0.9444444444444444,0.0,0.0,0.0
64,22,80,81,35,4,3,1,0,0.8,0.75,0.0,0.75
64,22,80,81,36,1,0,3,0,0.75,0.0,0.0,0.0
64,22,80,81,37,6,3,3,0,2.0,0.5,0.0,0.5
64,22,80,81,38,4,0,7,0,2.5454545454545454,0.0,0.0,0.0
64,22,80,81,39,1,1,9,0,0.9,1.0,0.0,1.0
64,22,80,81,40,1,0,8,0,0.8888888888888888,0.0,0.0,0.0
64,22,80,81,41,1,0,8,0,0.8888888888888888,0.0,0.0,0.0
64,22,80,81,42,2,0,9,0,1.6363636363636365,0.0,0.0,0.0
64,22,80,81,43,2,0,11,0,1.6923076923076923,0.0,0.0,0.0
64,22,80,81,44,2,0,13,0,1.7333333333333334,0.0,0.0,0.0
64,22,80,81,45,2,1,14,0,1.75,0.5,0.0,0.5
64,22,80,81,46,1,0,15,0,0.9375,0.0,0.0,0.0
64,22,80,81,47,2,1,15,0,1.7647058823529411,0.5,0.0,0.5
64,22,80,81,48,1,0,16,0,0.9411764705882353,0.0,0.0,0.0
64,22,80,81,49,1,0,16,0,0.9411764705882353,0.0,0.0,0.0
64,22,80,81,50,1,0,16,0,0.9411764705882353,0.0,0.0,0.0
64,22,80,81,51,1,0,16,0,0.9411764705882353,0.0,0.0,0.0
64,22,80,81,52,2,0,16,0,1.7777777777777777,0.0,0.0,0.0
64,22,80,81,53,1,0,17,0,0.9444444444444444,0.0,0.0,0.0
64,22,88,89,37,2,2,1,0,0.6666666666666666,1.0,0.0,1.0
64,22,88,89,39,2,1,3,0,1.2,0.5,0.0,0.5
64,22,88,89,40,1,0,5,0,0.8333333333333334,0.0,0.0,0.0
64,22,88,89,41,1,1,6,0,0.8571428571428571,1.0,0.0,1.0
64,22,88,89,42,1,0,7,0,0.875,0.0,0.0,0.0
64,22,88,89,43,2,1,8,0,1.6,0.5,0.0,0.5
64,22,88,89,44,2,0,10,0,1.6666666666666667,0.0,0.0,0.0
64,22,88,89,45,2,1,11,0,1.6923076923076923,0.5,0.0,0.5
64,22,88,89,46,2,0,12,0,1.7142857142857142,0.0,0.0,0.0
64,22,88,89,47,1,1,13,0,0.9285714285714286,1.0,0.0,1.0
64,22,88,89,49,2,1,12,0,1.7142857142857142,0.5,0.0,0.5
64,22,88,89,51,2,2,12,0,1.7142857142857142,1.0,0.0,1.0
64,22,88,89,53,6,6,11,0,3.8823529411764706,1.0,0.0,1.0
64,22,88,89,54,1,0,12,0,0.9230769230769231,0.0,0.0,0.0
64,22,88,89,55,4,4,10,1,2.857142857142857,1.0,0.1,0.9
64,22,88,89,57,2,2,8,2,1.6,1.0,0.25,0.75
64,22,96,97,50,2,0,1,0,0.6666666666666666,0.0,0.0,0.0
64,22,96,97,51,4,3,1,0,0.8,0.75,0.0,0.75
64,22,96,97,52,1,0,3,0,0.75,0.0,0.0,0.0
64,22,96,97,53,5,3,2,0,1.4285714285714286,0.6,0.0,0.6
64,22,96,97,55,1,0,3,0,0.75,0.0,0.0,0.0
64,22,96,97,56,1,0,2,0,0.6666666666666666,0.0,0.0,0.0
64,22,96,97,57,1,1,1,0,0.5,1.0,0.0,1.0
64,23,8,9,4,3,0,2,0,1.2,0.0,0.0,0.0
64,23,8,9,5,1,0,3,0,0.75,0.0,0.0,0.0
64,23,8,9,6,1,0,3,0,0.75,0.0,0.0,0.0
64,23,8,9,8,1,0,3,0,0.75,0.0,0.0,0.0
64,23,8,9,9,15,14,3,1,2.5,0.9333333333333333,0.3333333333333333,0.6000000000000001
64,23,16,17,4,4,0,11,0,2.933333333333333,0.0,0.0,0.0
64,23,16,17,6,1,0,11,0,0.9166666666666666,0.0,0.0,0.0
64,23,16,17,7,1,0,10,0,0.9090909090909091,0.0,0.0,0.0
64,23,16,17,8,1,0,10,0,0.9090909090909091,0.0,0.0,0.0
64,23,16,17,9,2,0,9,0,1.6363636363636365,0.0,0.0,0.0
64,23,16,17,10,8,0,4,0,2.6666666666666665,0.0,0.0,0.0
64,23,16,17,11,2,0,4,0,1.3333333333333333,0.0,0.0,0.0
64,23,16,17,12,3,0,2,0,1.2,0.0,0.0,0.0
64,23,16,17,13,3,2,3,0,1.5,0.6666666666666666,0.0,0.6666666666666666
64,23,16,17,14,13,2,5,0,3.611111111111111,0.15384615384615385,0.0,0.15384615384615385
64,23,16,17,15,7,0,16,0,4.869565217391305,0.0,0.0,0.0
64,23,24,25,8,4,0,13,0,3.0588235294117645,0.0,0.0,0.0
64,23,24,25,9,1,0,13,0,0.9285714285714286,0.0,0.0,0.0
64,23,24,25,11,1,0,18,0,0.9473684210526315,0.0,0.0,0.0
64,23,24,25,12,2,0,20,0,1.8181818181818181,0.0,0.0,0.0
64,23,24,25,13,4,0,18,0,3.272727272727273,0.0,0.0,0.0
64,23,24,25,14,12,0,8,0,4.8,0.0,0.0,0.0
64,23,24,25,15,2,0,7,0,1.5555555555555556,0.0,0.0,0.0
64,23,24,25,16,7,0,1,0,0.875,0.0,0.0,0.0
64,23,24,25,18,3,2,1,0,0.75,0.6666666666666666,0.0,0.6666666666666666
64,23,24,25,19,18,16,2,0,1.8,0.8888888888888888,0.0,0.8888888888888888
64,23,32,33,17,3,0,18,0,2.5714285714285716,0.0,0.0,0.0
64,23,32,33,18,2,0,17,0,1.7894736842105263,0.0,0.0,0.0
64,23,32,33,19,1,0,16,0,0.9411764705882353,0.0,0.0,0.0
64,23,32,33,20,11,0,5,0,3.4375,0.0,0.0,0.0
64,23,32,33,24,4,0,2,0,1.3333333333333333,0.0,0.0,0.0
64,23,32,33,25,5,1,4,0,2.2222222222222223,0.2,0.0,0.2
64,23,40,41,24,2,0,9,0,1.6363636363636365,0.0,0.0,0.0
64,23,40,41,25,2,0,6,0,1.5,0.0,0.0,0.0
64,23,40,41,27,2,0,2,0,1.0,0.0,0.0,0.0
64,23,40,41,29,1,0,1,0,0.5,0.0,0.0,0.0
64,24,16,17,14,8,1,1,0,0.8888888888888888,0.125,0.0,0.125
64,24,16,17,15,21,3,9,0,6.3,0.14285714285714285,0.0,0.14285714285714285
64,24,24,25,18,8,4,1,0,0.8888888888888888,0.5,0.0,0.5
64,24,24,25,19,13,8,5,0,3.611111111111111,0.6153846153846154,0.0,0.6153846153846154
64,24,32,33,21,4,2,1,0,0.8,0.5,0.0,0.5
64,24,32,33,22,3,0,3,0,1.5,0.0,0.0,0.0
64,24,32,33,23,2,0,4,0,1.3333333333333333,0.0,0.0,0.0
64,24,40,41,24,1,0,1,0,0.5,0.0,0.0,0.0
64,25,16,17,15,12,1,2,0,1.7142857142857142,0.08333333333333333,0.0,0.08333333333333333
64,25,24,25,17,2,1,2,0,1.0,0.5,0.0,0.5
64,25,24,25,18,4,1,4,0,2.0,0.25,0.0,0.25
64,25,24,25,19,9,4,6,0,3.6,0.4444444444444444,0.0,0.4444444444444444
64,25,24,25,20,1,0,15,0,0.9375,0.0,0.0,0.0
64,25,32,33,20,4,1,6,0,2.4,0.25,0.0,0.25
64,25,32,33,21,3,2,9,0,2.25,0.6666666666666666,0.0,0.6666666666666666
64,25,32,33,22,2,0,10,0,1.6666666666666667,0.0,0.0,0.0
64,25,32,33,23,3,1,12,0,2.4,0.3333333333333333,0.0,0.3333333333333333
64,25,32,33,24,1,0,15,0,0.9375,0.0,0.0,0.0
64,25,32,33,25,2,1,15,0,1.7647058823529411,0.5,0.0,0.5
64,25,32,33,27,2,0,15,0,1.7647058823529411,0.0,0.0,0.0
64,25,32,33,29,1,0,14,0,0.9333333333333333,0.0,0.0,0.0
64,25,40,41,16,1,0,5,0,0.8333333333333334,0.0,0.0,0.0
64,25,40,41,18,1,0,8,0,0.8888888888888888,0.0,0.0,0.0
64,25,40,41,20,1,0,9,0,0.9,0.0,0.0,0.0
64,25,40,41,22,1,0,10,0,0.9090909090909091,0.0,0.0,0.0
64,25,40,41,24,1,0,11,0,0.9166666666666666,0.0,0.0,0.0
64,25,40,41,26,1,0,12,0,0.9230769230769231,0.0,0.0,0.0
64,25,40,41,27,3,3,13,0,2.4375,1.0,0.0,1.0
64,25,40,41,28,1,0,15,0,0.9375,0.0,0.0,0.0
64,25,40,41,29,2,0,13,0,1.7333333333333334,0.0,0.0,0.0
64,25,48,49,12,1,0,1,0,0.5,0.0,0.0,0.0
64,25,48,49,19,1,0,11,0,0.9166666666666666,0.0,0.0,0.0
64,25,48,49,20,1,0,11,0,0.9166666666666666,0.0,0.0,0.0
64,25,48,49,22,1,0,12,0,0.9230769230769231,0.0,0.0,0.0
64,25,48,49,24,1,0,13,0,0.9285714285714286,0.0,0.0,0.0
64,25,48,49,26,1,0,14,0,0.9333333333333333,0.0,0.0,0.0
64,25,48,49,27,1,0,14,0,0.9333333333333333,0.0,0.0,0.0
64,25,48,49,29,1,0,13,0,0.9285714285714286,0.0,0.0,0.0
64,25,48,49,30,1,0,14,0,0.9333333333333333,0.0,0.0,0.0
64,25,56,57,5,1,0,1,0,0.5,0.0,0.0,0.0
64,25,56,57,6,2,0,1,0,0.6666666666666666,0.0,0.0,0.0
64,25,56,57,7,2,0,1,0,0.6666666666666666,0.0,0.0,0.0
64,25,56,57,8,2,0,1,0,0.6666666666666666,0.0,0.0,0.0
64,25,56,57,9,1,0,2,0,0.6666666666666666,0.0,0.0,0.0
64,25,56,57,10,3,0,1,0,0.75,0.0,0.0,0.0
64,25,56,57,11,1,0,1,0,0.5,0.0,0.0,0.0
64,25,56,57,12,1,0,1,0,0.5,0.0,0.0,0.0
64,25,56,57,22,2,0,13,0,1.7333333333333334,0.0,0.0,0.0
64,25,56,57,24,2,0,14,0,1.75,0.0,0.0,0.0
64,25,56,57,25,1,0,14,0,0.9333333333333333,0.0,0.0,0.0
64,25,56,57,27,2,0,15,0,1.7647058823529411,0.0,0.0,0.0
64,25,64,65,1,1,0,2,0,0.6666666666666666,0.0,0.0,0.0
64,25,64,65,2,3,0,3,0,1.5,0.0,0.0,0.0
64,25,64,65,3,4,0,3,0,1.7142857142857142,0.0,0.0,0.0
64,25,64,65,4,3,0,3,0,1.5,0.0,0.0,0.0
64,25,64,65,5,1,0,4,0,0.8,0.0,0.0,0.0
64,25,64,65,6,2,0,4,0,1.3333333333333333,0.0,0.0,0.0
64,25,64,65,7,2,0,4,0,1.3333333333333333,0.0,0.0,0.0
64,25,64,65,8,2,0,4,0,1.3333333333333333,0.0,0.0,0.0
64,25,64,65,9,1,0,5,0,0.8333333333333334,0.0,0.0,0.0
64,25,64,65,10,3,1,4,0,1.7142857142857142,0.3333333333333333,0.0,0.3333333333333333
64,25,64,65,11,1,0,4,0,0.8,0.0,0.0,0.0
64,25,64,65,12,2,0,3,0,1.2,0.0,0.0,0.0
64,25,64,65,13,2,0,1,0,0.6666666666666666,0.0,0.0,0.0
64,25,72,73,3,2,0,10,0,1.6666666666666667,0.0,0.0,0.0
64,25,72,73,4,5,0,8,0,3.076923076923077,0.0,0.0,0.0
64,25,72,73,5,2,0,8,0,1.6,0.0,0.0,0.0
64,25,72,73,6,3,0,7,0,2.1,0.0,0.0,0.0
64,25,72,73,8,1,0,9,0,0.9,0.0,0.0,0.0
64,25,72,73,10,1,1,10,0,0.9090909090909091,1.0,0.0,1.0
64,25,72,73,12,1,0,9,0,0.9,0.0,0.0,0.0
64,25,72,73,14,2,0,8,0,1.6,0.0,0.0,0.0
64,25,72,73,16,1,0,11,0,0.9166666666666666,0.0,0.0,0.0
64,25,72,73,18,1,0,14,0,0.9333333333333333,0.0,0.0,0.0
64,25,72,73,20,3,1,13,0,2.4375,0.3333333333333333,0.0,0.3333333333333333
64,25,80,81,6,2,0,14,0,1.75,0.0,0.0,0.0
64,25,80,81,7,3,0,12,0,2.4,0.0,0.0,0.0
64,25,80,81,8,2,0,12,0,1.7142857142857142,0.0,0.0,0.0
64,25,80,81,10,2,0,14,0,1.75,0.0,0.0,0.0
64,25,80,81,12,1,0,13,0,0.9285714285714286,0.0,0.0,0.0
64,25,80,81,14,1,0,12,0,0.9230769230769231,0.0,0.0,0.0
64,26,8,9,4,1,0,2,0,0.6666666666666666,0.0,0.0,0.0
64,26,8,9,5,2,0,2,0,1.0,0.0,0.0,0.0
64,26,8,9,7,2,0,4,0,1.3333333333333333,0.0,0.0,0.0
64,26,8,9,9,11,11,6,0,3.8823529411764706,1.0,0.0,1.0
64,26,16,17,1,1,0,3,0,0.75,0.0,0.0,0.0
64,26,16,17,3,4,0,6,0,2.4,0.0,0.0,0.0
64,26,16,17,4,2,0,6,0,1.5,0.0,0.0,0.0
64,26,16,17,5,1,0,7,0,0.875,0.0,0.0,0.0
64,26,16,17,7,1,0,8,0,0.8888888888888888,0.0,0.0,0.0
64,26,16,17,8,1,0,9,0,0.9,0.0,0.0,0.0
64,26,16,17,9,1,0,9,0,0.9,0.0,0.0,0.0
64,26,16,17,10,2,0,8,0,1.6,0.0,0.0,0.0
64,26,16,17,11,2,0,7,0,1.5555555555555556,0.0,0.0,0.0
64,26,16,17,12,2,0,6,0,1.5,0.0,0.0,0.0
64,26,16,17,13,8,5,9,0,4.235294117647059,0.625,0.0,0.625
64,26,16,17,15,4,0,21,0,3.36,0.0,0.0,0.0
64,26,24,25,9,5,0,12,0,3.5294117647058822,0.0,0.0,0.0
64,26,24,25,11,2,0,14,0,1.75,0.0,0.0,0.0
64,26,24,25,13,3,0,16,0,2.526315789473684,0.0,0.0,0.0
64,26,24,25,14,1,0,18,0,0.9473684210526315,0.0,0.0,0.0
64,26,24,25,15,7,0,13,0,4.55,0.0,0.0,0.0
64,26,24,25,16,2,0,13,0,1.7333333333333334,0.0,0.0,0.0
64,26,24,25,17,10,9,14,0,5.833333333333333,0.9,0.0,0.9
64,26,24,25,18,2,0,23,0,1.84,0.0,0.0,0.0
64,26,24,25,19,5,2,23,0,4.107142857142857,0.4,0.0,0.4
64,26,32,33,12,2,0,19,0,1.8095238095238095,0.0,0.0,0.0
64,26,32,33,13,2,0,20,0,1.8181818181818181,0.0,0.0,0.0
64,26,32,33,15,2,0,23,0,1.84,0.0,0.0,0.0
64,26,32,33,17,2,0,23,0,1.84,0.0,0.0,0.0
64,26,32,33,19,3,0,23,0,2.6538461538461537,0.0,0.0,0.0
64,26,32,33,21,11,0,18,0,6.827586206896552,0.0,0.0,0.0
64,26,32,33,22,1,0,20,0,0.9523809523809523,0.0,0.0,0.0
64,26,32,33,23,10,9,21,0,6.774193548387097,0.9,0.0,0.9
64,26,32,33,24,3,1,30,0,2.727272727272727,0.3333333333333333,0.0,0.3333333333333333
64,26,32,33,25,5,2,32,0,4.324324324324325,0.4,0.0,0.4
64,26,40,41,24,1,0,35,0,0.9722222222222222,0.0,0.0,0.0
64,26,40,41,25,2,0,34,0,1.8888888888888888,0.0,0.0,0.0
64,26,40,41,26,10,0,25,0,7.142857142857143,0.0,0.0,0.0
64,26,40,41,27,1,0,30,1,0.967741935483871,0.0,0.03333333333333333,-0.03333333333333333
64,26,40,41,28,5,2,30,0,4.285714285714286,0.4,0.0,0.4
64,26,40,41,29,1,0,33,0,0.9705882352941176,0.0,0.0,0.0
64,26,48,49,29,2,0,32,0,1.8823529411764706,0.0,0.0,0.0
64,26,48,49,30,2,0,27,0,1.8620689655172413,0.0,0.0,0.0
64,26,48,49,31,1,1,27,0,0.9642857142857143,1.0,0.0,1.0
64,26,48,49,32,1,0,28,0,0.9655172413793104,0.0,0.0,0.0
64,26,56,57,30,2,0,28,0,1.8666666666666667,0.0,0.0,0.0
64,26,56,57,32,2,0,27,0,1.8620689655172413,0.0,0.0,0.0
64,27,16,17,14,1,1,1,0,0.5,1.0,0.0,1.0
64,27,24,25,12,1,0,2,0,0.6666666666666666,0.0,0.0,0.0
64,27,24,25,13,2,0,3,0,1.2,0.0,0.0,0.0
64,27,24,25,14,1,0,5,0,0.8333333333333334,0.0,0.0,0.0
64,27,24,25,15,1,0,4,0,0.8,0.0,0.0,0.0
64,27,24,25,17,1,0,2,0,0.6666666666666666,0.0,0.0,0.0
64,27,24,25,18,1,0,1,0,0.5,0.0,0.0,0.0
64,27,24,25,19,7,4,3,0,2.1,0.5714285714285714,0.0,0.5714285714285714
64,27,32,33,6,1,0,1,0,0.5,0.0,0.0,0.0
64,27,32,33,7,3,0,2,0,1.2,0.0,0.0,0.0
64,27,32,33,9,1,0,5,0,0.8333333333333334,0.0,0.0,0.0
64,27,32,33,11,1,0,6,0,0.8571428571428571,0.0,0.0,0.0
64,27,32,33,13,1,0,7,0,0.875,0.0,0.0,0.0
64,27,32,33,15,1,0,7,0,0.875,0.0,0.0,0.0
64,27,32,33,17,1,0,5,0,0.8333333333333334,0.0,0.0,0.0
64,27,32,33,19,1,0,5,0,0.8333333333333334,0.0,0.0,0.0
64,27,32,33,20,1,0,5,0,0.8333333333333334,0.0,0.0,0.0
64,27,32,33,21,2,0,5,0,1.4285714285714286,0.0,0.0,0.0
64,27,32,33,22,3,0,6,0,2.0,0.0,0.0,0.0
64,27,32,33,23,1,0,9,0,0.9,0.0,0.0,0.0
64,27,40,41,3,1,0,4,0,0.8,0.0,0.0,0.0
64,27,40,41,4,1,0,5,0,0.8333333333333334,0.0,0.0,0.0
64,27,40,41,6,1,0,6,0,0.8571428571428571,0.0,0.0,0.0
64,27,40,41,8,1,0,7,0,0.875,0.0,0.0,0.0
64,27,40,41,10,1,0,8,0,0.8888888888888888,0.0,0.0,0.0
64,27,40,41,12,1,0,9,0,0.9,0.0,0.0,0.0
64,27,40,41,14,1,0,10,0,0.9090909090909091,0.0,0.0,0.0
64,27,40,41,15,1,0,9,0,0.9,0.0,0.0,0.0
64,27,40,41,17,1,0,7,0,0.875,0.0,0.0,0.0
64,27,40,41,19,1,0,7,0,0.875,0.0,0.0,0.0
64,27,40,41,21,3,0,6,0,2.0,0.0,0.0,0.0
64,27,40,41,23,2,0,7,0,1.5555555555555556,0.0,0.0,0.0
64,27,40,41,24,1,0,8,0,0.8888888888888888,0.0,0.0,0.0
64,27,40,41,25,1,0,9,0,0.9,0.0,0.0,0.0
64,27,48,49,5,1,0,8,0,0.8888888888888888,0.0,0.0,0.0
64,27,48,49,7,1,0,9,0,0.9,0.0,0.0,0.0
64,27,48,49,9,1,0,10,0,0.9090909090909091,0.0,0.0,0.0
64,27,48,49,10,1,0,10,0,0.9090909090909091,0.0,0.0,0.0
64,27,48,49,12,1,0,11,0,0.9166666666666666,0.0,0.0,0.0
64,27,48,49,13,1,0,11,0,0.9166666666666666,0.0,0.0,0.0
64,27,48,49,15,1,0,11,0,0.9166666666666666,0.0,0.0,0.0
64,27,48,49,17,2,0,9,0,1.6363636363636365,0.0,0.0,0.0
64,27,56,57,8,2,0,10,0,1.6666666666666667,0.0,0.0,0.0
64,27,56,57,10,1,0,11,0,0.9166666666666666,0.0,0.0,0.0
64,27,56,57,11,1,0,11,0,0.9166666666666666,0.0,0.0,0.0
64,27,56,57,13,1,0,12,0,0.9230769230769231,0.0,0.0,0.0
64,27,56,57,15,2,0,12,0,1.7142857142857142,0.0,0.0,0.0
64,27,64,65,10,2,0,12,0,1.7142857142857142,0.0,0.0,0.0
64,27,64,65,11,1,0,13,0,0.9285714285714286,0.0,0.0,0.0
64,27,64,65,12,1,0,13,0,0.9285714285714286,0.0,0.0,0.0
64,27,64,65,13,2,0,13,0,1.7333333333333334,0.0,0.0,0.0
64,28,8,9,2,4,0,3,0,1.7142857142857142,0.0,0.0,0.0
64,28,8,9,9,23,21,2,0,1.84,0.9130434782608695,0.0,0.9130434782608695
64,28,16,17,6,2,0,13,0,1.7333333333333334,0.0,0.0,0.0
64,28,16,17,7,1,0,14,0,0.9333333333333333,0.0,0.0,0.0
64,28,16,17,8,8,1,8,0,4.0,0.125,0.0,0.125
64,28,16,17,9,1,0,8,0,0.8888888888888888,0.0,0.0,0.0
64,28,16,17,12,2,0,2,0,1.0,0.0,0.0,0.0
64,28,16,17,13,8,6,3,0,2.1818181818181817,0.75,0.0,0.75
64,28,16,17,14,16,1,10,0,6.153846153846154,0.0625,0.0,0.0625
64,28,16,17,15,6,1,25,0,4.838709677419355,0.16666666666666666,0.0,0.16666666666666666
64,28,24,25,8,2,0,19,0,1.8095238095238095,0.0,0.0,0.0
64,28,24,25,9,3,0,20,0,2.608695652173913,0.0,0.0,0.0
64,28,24,25,10,6,0,18,0,4.5,0.0,0.0,0.0
64,28,24,25,11,2,0,18,0,1.8,0.0,0.0,0.0
64,28,24,25,12,7,0,11,0,4.277777777777778,0.0,0.0,0.0
64,28,24,25,14,6,0,2,0,1.5,0.0,0.0,0.0
64,28,24,25,17,6,4,7,0,3.230769230769231,0.6666666666666666,0.0,0.6666666666666666
64,28,24,25,18,4,1,12,0,3.0,0.25,0.0,0.25
64,28,24,25,19,16,10,14,0,7.466666666666667,0.625,0.0,0.625
64,28,32,33,12,1,0,32,0,0.9696969696969697,0.0,0.0,0.0
64,28,32,33,14,5,0,26,0,4.193548387096774,0.0,0.0,0.0
64,28,32,33,15,2,0,25,0,1.8518518518518519,0.0,0.0,0.0
64,28,32,33,16,10,2,16,0,6.153846153846154,0.2,0.0,0.2
64,28,32,33,17,2,0,16,0,1.7777777777777777,0.0,0.0,0.0
64,28,32,33,18,6,0,12,0,4.0,0.0,0.0,0.0
64,28,32,33,19,1,0,12,0,0.9230769230769231,0.0,0.0,0.0
64,28,32,33,23,7,7,12,0,4.421052631578948,1.0,0.0,1.0
64,28,32,33,24,3,1,16,0,2.526315789473684,0.3333333333333333,0.0,0.3333333333333333
64,28,32,33,25,2,0,16,0,1.7777777777777777,0.0,0.0,0.0
64,28,40,41,20,3,0,27,0,2.7,0.0,0.0,0.0
64,28,40,41,21,5,0,23,0,4.107142857142857,0.0,0.0,0.0
64,28,40,41,22,10,0,13,0,5.6521739130434785,0.0,0.0,0.0
64,28,40,41,24,1,0,11,0,0.9166666666666666,0.0,0.0,0.0
64,28,40,41,26,3,0,9,0,2.25,0.0,0.0,0.0
64,28,40,41,27,1,0,10,0,0.9090909090909091,0.0,0.0,0.0
64,28,40,41,28,2,0,8,0,1.6,0.0,0.0,0.0
64,28,48,49,24,2,0,19,0,1.8095238095238095,0.0,0.0,0.0
64,28,48,49,25,2,0,15,0,1.7647058823529411,0.0,0.0,0.0
64,28,48,49,26,2,0,11,0,1.6923076923076923,0.0,0.0,0.0
64,28,56,57,25,2,0,16,0,1.7777777777777777,0.0,0.0,0.0
64,28,56,57,26,1,0,13,0,0.9285714285714286,0.0,0.0,0.0
64,28,56,57,27,2,0,10,0,1.6666666666666667,0.0,0.0,0.0
64,28,56,57,28,1,0,8,0,0.8888888888888888,0.0,0.0,0.0
64,28,56,57,29,1,0,9,0,0.9,0.0,0.0,0.0
64,29,16,17,15,4,1,3,0,1.7142857142857142,0.25,0.0,0.25
64,29,24,25,19,6,3,1,0,0.8571428571428571,0.5,0.0,0.5
64,29,24,25,20,2,0,6,0,1.5,0.0,0.0,0.0
64,29,24,25,21,4,0,7,0,2.5454545454545454,0.0,0.0,0.0
64,29,32,33,22,1,0,1,0,0.5,0.0,0.0,0.0
64,29,32,33,23,2,2,1,0,0.6666666666666666,1.0,0.0,1.0
64,29,32,33,24,2,0,2,0,1.0,0.0,0.0,0.0
64,29,32,33,25,12,6,2,0,1.7142857142857142,0.5,0.0,0.5
64,29,32,33,26,2,0,13,0,1.7333333333333334,0.0,0.0,0.0
64,29,40,41,30,2,0,2,0,1.0,0.0,0.0,0.0
64,29,40,41,31,10,7,2,0,1.6666666666666667,0.7,0.0,0.7
64,29,48,49,35,1,1,5,0,0.8333333333333334,1.0,0.0,1.0
64,29,48,49,36,2,2,7,0,1.5555555555555556,1.0,0.0,1.0
64,29,80,81,32,1,0,1,0,0.5,0.0,0.0,0.0
64,29,88,89,26,2,0,2,0,1.0,0.0,0.0,0.0
64,29,88,89,27,4,0,1,0,0.8,0.0,0.0,0.0
64,29,88,89,28,3,0,1,0,0.75,0.0,0.0,0.0
64,29,88,89,29,3,1,1,0,0.75,0.3333333333333333,0.0,0.3333333333333333
64,29,88,89,30,2,0,1,0,0.6666666666666666,0.0,0.0,0.0
64,29,88,89,31,1,0,1,0,0.5,0.0,0.0,0.0
64,29,88,89,32,1,0,1,0,0.5,0.0,0.0,0.0
64,29,96,97,25,2,0,1,0,0.6666666666666666,0.0,0.0,0.0
64,29,96,97,26,3,0,2,0,1.2,0.0,0.0,0.0
64,29,96,97,27,4,0,2,0,1.3333333333333333,0.0,0.0,0.0
64,29,96,97,28,4,0,2,0,1.3333333333333333,0.0,0.0,0.0
64,29,96,97,29,4,0,2,0,1.3333333333333333,0.0,0.0,0.0
64,29,96,97,30,4,0,2,0,1.3333333333333333,0.0,0.0,0.0
64,29,96,97,31,3,0,2,0,1.2,0.0,0.0,0.0
64,29,96,97,32,3,0,2,0,1.2,0.0,0.0,0.0
64,29,96,97,33,1,0,2,0,0.6666666666666666,0.0,0.0,0.0
64,29,96,97,34,1,0,3,0,0.75,0.0,0.0,0.0
64,29,104,105,24,1,0,1,0,0.5,0.0,0.0,0.0
64,29,104,105,25,3,0,2,0,1.2,0.0,0.0,0.0
64,29,104,105,26,1,0,5,0,0.8333333333333334,0.0,0.0,0.0
64,29,104,105,27,3,0,5,0,1.875,0.0,0.0,0.0
64,29,104,105,28,4,0,5,0,2.2222222222222223,0.0,0.0,0.0
64,29,104,105,29,4,0,5,0,2.2222222222222223,0.0,0.0,0.0
64,29,104,105,30,3,0,5,0,1.875,0.0,0.0,0.0
64,29,104,105,31,4,0,3,0,1.7142857142857142,0.0,0.0,0.0
64,29,104,105,32,2,0,4,0,1.3333333333333333,0.0,0.0,0.0
64,29,104,105,33,3,0,2,0,1.2,0.0,0.0,0.0
64,29,104,105,34,1,0,3,0,0.75,0.0,0.0,0.0
64,29,112,113,24,2,0,2,0,1.0,0.0,0.0,0.0
64,29,112,113,25,2,0,4,0,1.3333333333333333,0.0,0.0,0.0
64,29,112,113,26,2,0,6,0,1.5,0.0,0.0,0.0
64,29,112,113,27,3,0,7,0,2.1,0.0,0.0,0.0
64,29,112,113,28,1,0,9,0,0.9,0.0,0.0,0.0
64,29,112,113,29,5,0,7,0,2.9166666666666665,0.0,0.0,0.0
64,29,112,113,30,2,0,8,0,1.6,0.0,0.0,0.0
64,29,112,113,31,4,0,6,0,2.4,0.0,0.0,0.0
64,29,112,113,32,2,0,6,0,1.5,0.0,0.0,0.0
64,29,112,113,33,2,0,4,0,1.3333333333333333,0.0,0.0,0.0
64,29,112,113,34,2,0,4,0,1.3333333333333333,0.0,0.0,0.0
64,29,112,113,35,1,0,5,0,0.8333333333333334,0.0,0.0,0.0
64,29,120,121,23,3,0,3,0,1.5,0.0,0.0,0.0
64,29,120,121,24,1,0,6,0,0.8571428571428571,0.0,0.0,0.0
64,29,120,121,25,2,0,7,0,1.5555555555555556,0.0,0.0,0.0
64,29,120,121,26,2,0,9,0,1.6363636363636365,0.0,0.0,0.0
64,29,120,121,27,2,0,11,0,1.6923076923076923,0.0,0.0,0.0
64,29,120,121,29,1,0,13,0,0.9285714285714286,0.0,0.0,0.0
64,29,120,121,30,1,0,13,0,0.9285714285714286,0.0,0.0,0.0
64,29,120,121,35,2,0,7,0,1.5555555555555556,0.0,0.0,0.0
64,29,120,121,36,1,0,7,0,0.875,0.0,0.0,0.0
64,29,128,129,20,2,0,5,0,1.4285714285714286,0.0,0.0,0.0
64,29,128,129,21,2,0,7,0,1.5555555555555556,0.0,0.0,0.0
64,29,128,129,22,1,0,9,0,0.9,0.0,0.0,0.0
64,29,128,129,23,3,0,9,0,2.25,0.0,0.0,0.0
64,29,128,129,25,2,0,12,0,1.7142857142857142,0.0,0.0,0.0
64,29,128,129,26,1,0,13,0,0.9285714285714286,0.0,0.0,0.0
64,29,128,129,28,1,0,14,0,0.9333333333333333,0.0,0.0,0.0
64,29,200,201,15,1,0,1,0,0.5,0.0,0.0,0.0
64,29,208,209,4,1,0,1,0,0.5,0.0,0.0,0.0
64,29,208,209,5,3,0,1,0,0.75,0.0,0.0,0.0
64,29,208,209,6,3,0,1,0,0.75,0.0,0.0,0.0
64,29,208,209,7,3,0,1,0,0.75,0.0,0.0,0.0
64,29,208,209,8,2,0,1,0,0.6666666666666666,0.0,0.0,0.0
64,29,208,209,9,2,0,1,0,0.6666666666666666,0.0,0.0,0.0
64,29,208,209,10,2,0,1,0,0.6666666666666666,0.0,0.0,0.0
64,29,208,209,11,2,0,1,0,0.6666666666666666,0.0,0.0,0.0
64,29,208,209,12,2,0,1,0,0.6666666666666666,0.0,0.0,0.0
64,29,208,209,13,2,0,1,0,0.6666666666666666,0.0,0.0,0.0
64,29,208,209,14,1,0,1,0,0.5,0.0,0.0,0.0
64,29,208,209,15,1,0,1,0,0.5,0.0,0.0,0.0
64,29,216,217,4,2,0,1,0,0.6666666666666666,0.0,0.0,0.0
64,29,216,217,5,3,0,2,0,1.2,0.0,0.0,0.0
64,29,216,217,6,3,0,2,0,1.2,0.0,0.0,0.0
64,29,216,217,7,4,0,1,0,0.8,0.0,0.0,0.0
64,29,216,217,8,2,0,1,0,0.6666666666666666,0.0,0.0,0.0
64,29,216,217,9,2,0,1,0,0.6666666666666666,0.0,0.0,0.0
64,29,216,217,10,2,0,1,0,0.6666666666666666,0.0,0.0,0.0
64,29,216,217,11,2,0,1,0,0.6666666666666666,0.0,0.0,0.0
64,29,216,217,12,2,0,1,0,0.6666666666666666,0.0,0.0,0.0
64,29,216,217,13,2,0,1,0,0.6666666666666666,0.0,0.0,0.0
64,29,216,217,14,1,0,1,0,0.5,0.0,0.0,0.0
64,29,216,217,15,1,0,1,0,0.5,0.0,0.0,0.0
64,29,224,225,4,2,0,1,0,0.6666666666666666,0.0,0.0,0.0
64,29,224,225,5,3,0,2,0,1.2,0.0,0.0,0.0
64,29,224,225,6,4,0,2,0,1.3333333333333333,0.0,0.0,0.0
64,29,224,225,7,3,0,2,0,1.2,0.0,0.0,0.0
64,29,224,225,8,3,0,1,0,0.75,0.0,0.0,0.0
64,29,224,225,9,2,0,1,0,0.6666666666666666,0.0,0.0,0.0
64,29,224,225,10,2,0,1,0,0.6666666666666666,0.0,0.0,0.0
64,29,224,225,11,2,0,1,0,0.6666666666666666,0.0,0.0,0.0
64,29,224,225,12,2,0,1,0,0.6666666666666666,0.0,0.0,0.0
64,29,224,225,13,2,0,1,0,0.6666666666666666,0.0,0.0,0.0
64,29,224,225,14,1,0,1,0,0.5,0.0,0.0,0.0
64,29,224,225,15,1,0,1,0,0.5,0.0,0.0,0.0
64,29,232,233,4,2,0,1,0,0.6666666666666666,0.0,0.0,0.0
64,29,232,233,5,3,0,2,0,1.2,0.0,0.0,0.0
64,29,232,233,6,4,0,2,0,1.3333333333333333,0.0,0.0,0.0
64,29,232,233,7,3,0,2,0,1.2,0.0,0.0,0.0
64,29,232,233,8,3,0,1,0,0.75,0.0,0.0,0.0
64,29,232,233,9,2,0,1,0,0.6666666666666666,0.0,0.0,0.0
64,29,232,233,10,2,0,1,0,0.6666666666666666,0.0,0.0,0.0
64,29,232,233,11,2,0,1,0,0.6666666666666666,0.0,0.0,0.0
64,29,232,233,12,2,0,1,0,0.6666666666666666,0.0,0.0,0.0
64,29,232,233,13,2,0,1,0,0.6666666666666666,0.0,0.0,0.0
64,29,232,233,14,1,0,1,0,0.5,0.0,0.0,0.0
64,29,232,233,15,1,0,1,0,0.5,0.0,0.0,0.0
64,29,240,241,4,2,0,1,0,0.6666666666666666,0.0,0.0,0.0
64,29,240,241,5,3,0,2,0,1.2,0.0,0.0,0.0
64,29,240,241,6,4,0,2,0,1.3333333333333333,0.0,0.0,0.0
64,29,240,241,7,3,0,2,0,1.2,0.0,0.0,0.0
64,29,240,241,8,3,0,1,0,0.75,0.0,0.0,0.0
64,29,240,241,9,2,0,1,0,0.6666666666666666,0.0,0.0,0.0
64,29,240,241,10,2,0,1,0,0.6666666666666666,0.0,0.0,0.0
64,29,240,241,11,2,0,1,0,0.6666666666666666,0.0,0.0,0.0
64,29,240,241,12,2,0,1,0,0.6666666666666666,0.0,0.0,0.0
64,29,240,241,13,2,0,1,0,0.6666666666666666,0.0,0.0,0.0
64,29,240,241,14,1,0,1,0,0.5,0.0,0.0,0.0
64,29,240,241,15,1,0,1,0,0.5,0.0,0.0,0.0
64,29,248,249,4,2,0,1,0,0.6666666666666666,0.0,0.0,0.0
64,29,248,249,5,3,0,2,0,1.2,0.0,0.0,0.0
64,29,248,249,6,4,0,2,0,1.3333333333333333,0.0,0.0,0.0
64,29,248,249,7,3,0,2,0,1.2,0.0,0.0,0.0
64,29,248,249,8,3,0,1,0,0.75,0.0,0.0,0.0
64,29,248,249,9,3,0,1,0,0.75,0.0,0.0,0.0
64,29,248,249,10,2,0,2,0,1.0,0.0,0.0,0.0
64,29,248,249,11,2,0,2,0,1.0,0.0,0.0,0.0
64,29,248,249,12,1,0,3,0,0.75,0.0,0.0,0.0
64,29,248,249,13,1,0,3,0,0.75,0.0,0.0,0.0
64,29,248,249,14,1,0,2,0,0.6666666666666666,0.0,0.0,0.0
64,29,248,249,15,1,0,2,0,0.6666666666666666,0.0,0.0,0.0
64,29,248,249,16,1,0,1,0,0.5,0.0,0.0,0.0
64,30,8,9,9,12,12,6,0,4.0,1.0,0.0,1.0
64,30,16,17,12,2,1,1,0,0.6666666666666666,0.5,0.0,0.5
64,30,16,17,13,7,0,3,0,2.1,0.0,0.0,0.0
64,30,16,17,14,4,3,11,0,2.933333333333333,0.75,0.0,0.75
64,30,16,17,15,13,1,14,0,6.7407407407407405,0.07692307692307693,0.0,0.07692307692307693
64,30,24,25,17,15,14,1,0,0.9375,0.9333333333333333,0.0,0.9333333333333333
64,30,24,25,18,1,0,15,0,0.9375,0.0,0.0,0.0
64,30,24,25,19,8,6,15,0,5.217391304347826,0.75,0.0,0.75
64,30,32,33,17,1,0,1,0,0.5,0.0,0.0,0.0
64,30,32,33,18,3,0,1,0,0.75,0.0,0.0,0.0
64,30,32,33,19,4,0,2,0,1.3333333333333333,0.0,0.0,0.0
64,30,32,33,20,5,0,3,0,1.875,0.0,0.0,0.0
64,30,32,33,21,5,2,6,0,2.727272727272727,0.4,0.0,0.4
64,30,32,33,22,7,0,8,0,3.7333333333333334,0.0,0.0,0.0
64,30,32,33,23,4,1,11,0,2.933333333333333,0.25,0.0,0.25
64,30,32,33,24,1,0,11,0,0.9166666666666666,0.0,0.0,0.0
64,30,32,33,25,1,0,10,0,0.9090909090909091,0.0,0.0,0.0
64,30,32,33,26,2,0,9,0,1.6363636363636365,0.0,0.0,0.0
64,30,40,41,13,5,0,2,0,1.4285714285714286,0.0,0.0,0.0
64,30,40,41,14,5,0,4,0,2.2222222222222223,0.0,0.0,0.0
64,30,40,41,15,4,0,8,0,2.6666666666666665,0.0,0.0,0.0
64,30,40,41,16,3,0,10,0,2.3076923076923075,0.0,0.0,0.0
64,30,40,41,17,5,0,10,0,3.3333333333333335,0.0,0.0,0.0
64,30,40,41,18,2,0,13,0,1.7333333333333334,0.0,0.0,0.0
64,30,40,41,19,3,0,14,0,2.4705882352941178,0.0,0.0,0.0
64,30,40,41,20,1,0,15,0,0.9375,0.0,0.0,0.0
64,30,40,41,22,1,0,12,0,0.9230769230769231,0.0,0.0,0.0
64,30,40,41,24,1,0,9,0,0.9,0.0,0.0,0.0
64,30,40,41,25,2,1,9,0,1.6363636363636365,0.5,0.0,0.5
64,30,40,41,27,1,0,10,0,0.9090909090909091,0.0,0.0,0.0
64,30,48,49,8,4,0,1,0,0.8,0.0,0.0,0.0
64,30,48,49,9,1,0,6,0,0.8571428571428571,0.0,0.0,0.0
64,30,48,49,10,1,0,8,0,0.8888888888888888,0.0,0.0,0.0
64,30,48,49,11,5,0,9,0,3.2142857142857144,0.0,0.0,0.0
64,30,48,49,12,3,0,13,0,2.4375,0.0,0.0,0.0
64,30,48,49,13,6,0,16,0,4.363636363636363,0.0,0.0,0.0
64,30,48,49,14,2,0,22,0,1.8333333333333333,0.0,0.0,0.0
64,30,48,49,15,3,0,21,0,2.625,0.0,0.0,0.0
64,30,48,49,16,1,0,21,0,0.9545454545454546,0.0,0.0,0.0
64,30,48,49,17,1,0,20,0,0.9523809523809523,0.0,0.0,0.0
64,30,48,49,19,1,0,19,0,0.95,0.0,0.0,0.0
64,30,48,49,21,1,0,16,0,0.9411764705882353,0.0,0.0,0.0
64,30,48,49,22,1,0,15,0,0.9375,0.0,0.0,0.0
64,30,48,49,24,1,0,12,0,0.9230769230769231,0.0,0.0,0.0
64,30,56,57,7,5,0,4,0,2.2222222222222223,0.0,0.0,0.0
64,30,56,57,8,4,0,10,0,2.857142857142857,0.0,0.0,0.0
64,30,56,57,9,1,0,16,0,0.9411764705882353,0.0,0.0,0.0
64,30,56,57,10,1,0,19,0,0.95,0.0,0.0,0.0
64,30,56,57,14,1,0,26,0,0.9629629629629629,0.0,0.0,0.0
64,30,56,57,16,1,0,24,0,0.96,0.0,0.0,0.0
64,30,56,57,18,1,0,22,0,0.9565217391304348,0.0,0.0,0.0
64,30,56,57,20,1,0,20,0,0.9523809523809523,0.0,0.0,0.0
64,30,64,65,4,2,0,2,0,1.0,0.0,0.0,0.0
64,30,64,65,5,3,0,5,0,1.875,0.0,0.0,0.0
64,30,64,65,6,1,0,10,0,0.9090909090909091,0.0,0.0,0.0
64,30,64,65,7,1,0,13,0,0.9285714285714286,0.0,0.0,0.0
64,31,8,9,2,2,0,6,0,1.5,0.0,0.0,0.0
64,31,8,9,3,1,0,8,0,0.8888888888888888,0.0,0.0,0.0
64,31,8,9,4,9,0,2,0,1.6363636363636365,0.0,0.0,0.0
64,31,8,9,9,25,25,2,0,1.8518518518518519,1.0,0.0,1.0
64,31,16,17,7,3,0,20,0,2.608695652173913,0.0,0.0,0.0
64,31,16,17,8,8,0,14,0,5.090909090909091,0.0,0.0,0.0
64,31,16,17,9,7,0,9,0,3.9375,0.0,0.0,0.0
64,31,16,17,10,9,1,2,0,1.6363636363636365,0.1111111111111111,0.0,0.1111111111111111
64,31,16,17,12,2,0,2,0,1.0,0.0,0.0,0.0
64,31,16,17,13,7,6,4,0,2.5454545454545454,0.8571428571428571,0.0,0.8571428571428571
64,31,16,17,14,15,3,8,0,5.217391304347826,0.2,0.0,0.2
64,31,16,17,15,9,2,20,0,6.206896551724138,0.2222222222222222,0.0,0.2222222222222222
64,31,24,25,10,1,0,28,0,0.9655172413793104,0.0,0.0,0.0
64,31,24,25,11,2,0,27,0,1.8620689655172413,0.0,0.0,0.0
64,31,24,25,12,9,0,19,0,6.107142857142857,0.0,0.0,0.0
64,31,24,25,13,6,0,15,0,4.285714285714286,0.0,0.0,0.0
64,31,24,25,14,9,0,8,0,4.235294117647059,0.0,0.0,0.0
64,31,24,25,16,2,0,10,0,1.6666666666666667,0.0,0.0,0.0
64,31,24,25,17,2,2,12,0,1.7142857142857142,1.0,0.0,1.0
64,31,24,25,18,7,0,11,0,4.277777777777778,0.0,0.0,0.0
64,31,24,25,19,4,2,14,1,3.111111111111111,0.5,0.07142857142857142,0.4285714285714286
64,31,32,33,16,5,0,22,0,4.074074074074074,0.0,0.0,0.0
64,31,32,33,17,2,0,20,0,1.8181818181818181,0.0,0.0,0.0
64,31,32,33,18,4,0,15,0,3.1578947368421053,0.0,0.0,0.0
64,31,32,33,20,1,0,12,0,0.9230769230769231,0.0,0.0,0.0
64,31,32,33,21,2,1,10,0,1.6666666666666667,0.5,0.0,0.5
64,31,32,33,26,4,0,7,0,2.5454545454545454,0.0,0.0,0.0
64,31,32,33,28,3,0,10,0,2.3076923076923075,0.0,0.0,0.0
64,31,40,41,19,2,0,16,0,1.7777777777777777,0.0,0.0,0.0
64,31,40,41,20,2,0,12,0,1.7142857142857142,0.0,0.0,0.0
64,31,40,41,22,1,0,10,0,0.9090909090909091,0.0,0.0,0.0
64,31,40,41,34,2,0,14,0,1.75,0.0,0.0,0.0
64,31,40,41,36,2,0,11,1,1.6923076923076923,0.0,0.09090909090909091,-0.09090909090909091
