size,map_index,start_step,end_step,distance,frontier_opportunities,frontier_acquired,nonfrontier_opportunities,nonfrontier_acquired,matched_weight,frontier_rate,nonfrontier_rate,rate_difference
32,0,24,25,20,1,0,2,0,0.6666666666666666,0.0,0.0,0.0
32,0,24,25,21,1,0,2,0,0.6666666666666666,0.0,0.0,0.0
32,0,240,241,19,1,0,1,0,0.5,0.0,0.0,0.0
32,0,240,241,20,2,0,1,0,0.6666666666666666,0.0,0.0,0.0
32,0,248,249,15,2,0,1,0,0.6666666666666666,0.0,0.0,0.0
32,0,248,249,16,1,0,2,0,0.6666666666666666,0.0,0.0,0.0
32,0,248,249,17,2,0,1,0,0.6666666666666666,0.0,0.0,0.0
32,0,248,249,18,2,0,1,0,0.6666666666666666,0.0,0.0,0.0
32,0,248,249,19,2,0,1,0,0.6666666666666666,0.0,0.0,0.0
32,0,248,249,20,1,0,2,0,0.6666666666666666,0.0,0.0,0.0
32,0,248,249,21,2,0,1,0,0.6666666666666666,0.0,0.0,0.0
32,0,248,249,23,1,0,1,0,0.5,0.0,0.0,0.0
32,0,248,249,29,1,0,1,0,0.5,0.0,0.0,0.0
32,0,248,249,30,2,0,1,0,0.6666666666666666,0.0,0.0,0.0
32,1,8,9,9,8,8,1,0,0.8888888888888888,1.0,0.0,1.0
32,1,24,25,21,3,3,3,0,1.5,1.0,0.0,1.0
32,1,40,41,26,2,0,2,0,1.0,0.0,0.0,0.0
32,1,40,41,27,3,1,2,0,1.2,0.3333333333333333,0.0,0.3333333333333333
32,1,40,41,28,2,0,2,0,1.0,0.0,0.0,0.0
32,1,40,41,29,2,0,2,0,1.0,0.0,0.0,0.0
32,1,240,241,3,1,0,1,0,0.5,0.0,0.0,0.0
32,1,240,241,6,1,0,3,0,0.75,0.0,0.0,0.0
32,1,240,241,7,2,0,2,0,1.0,0.0,0.0,0.0
32,1,240,241,8,1,0,1,0,0.5,0.0,0.0,0.0
32,1,240,241,15,2,0,2,0,1.0,0.0,0.0,0.0
32,1,240,241,16,2,0,2,0,1.0,0.0,0.0,0.0
32,1,240,241,17,3,0,1,0,0.75,0.0,0.0,0.0
32,1,240,241,18,1,0,1,0,0.5,0.0,0.0,0.0
32,1,240,241,20,1,0,1,0,0.5,0.0,0.0,0.0
32,1,248,249,2,2,0,3,0,1.2,0.0,0.0,0.0
32,1,248,249,3,1,0,3,0,0.75,0.0,0.0,0.0
32,1,248,249,4,4,0,2,0,1.3333333333333333,0.0,0.0,0.0
32,1,248,249,5,1,0,4,0,0.8,0.0,0.0,0.0
32,1,248,249,6,2,0,3,0,1.2,0.0,0.0,0.0
32,1,248,249,7,3,0,3,0,1.5,0.0,0.0,0.0
32,1,248,249,8,2,0,2,0,1.0,0.0,0.0,0.0
32,1,248,249,9,1,0,2,0,0.6666666666666666,0.0,0.0,0.0
32,1,248,249,14,1,0,2,0,0.6666666666666666,0.0,0.0,0.0
32,1,248,249,16,3,0,3,0,1.5,0.0,0.0,0.0
32,1,248,249,18,2,0,3,0,1.2,0.0,0.0,0.0
32,1,248,249,19,3,0,3,0,1.5,0.0,0.0,0.0
32,1,248,249,20,2,0,3,0,1.2,0.0,0.0,0.0
32,1,248,249,30,1,0,1,0,0.5,0.0,0.0,0.0
32,2,16,17,15,5,5,1,0,0.8333333333333334,1.0,0.0,1.0
32,2,24,25,18,1,0,1,0,0.5,0.0,0.0,0.0
32,2,24,25,19,3,2,2,0,1.2,0.6666666666666666,0.0,0.6666666666666666
32,2,240,241,10,1,0,1,0,0.5,0.0,0.0,0.0
32,2,240,241,15,1,0,1,0,0.5,0.0,0.0,0.0
32,2,248,249,7,4,0,1,0,0.8,0.0,0.0,0.0
32,3,16,17,15,12,12,3,0,2.4,1.0,0.0,1.0
32,3,24,25,17,3,1,1,0,0.75,0.3333333333333333,0.0,0.3333333333333333
32,3,24,25,18,1,0,3,0,0.75,0.0,0.0,0.0
32,3,24,25,19,9,2,3,0,2.25,0.2222222222222222,0.0,0.2222222222222222
32,3,24,25,20,4,2,13,0,3.0588235294117645,0.5,0.0,0.5
32,3,24,25,21,4,4,19,0,3.3043478260869565,1.0,0.0,1.0
32,3,32,33,5,3,0,4,0,1.7142857142857142,0.0,0.0,0.0
32,3,32,33,6,1,0,3,0,0.75,0.0,0.0,0.0
32,3,32,33,7,2,0,2,0,1.0,0.0,0.0,0.0
32,3,32,33,19,1,1,1,0,0.5,1.0,0.0,1.0
32,3,32,33,20,1,0,1,0,0.5,0.0,0.0,0.0
32,3,32,33,21,2,2,1,0,0.6666666666666666,1.0,0.0,1.0
32,3,32,33,22,2,1,2,0,1.0,0.5,0.0,0.5
32,3,32,33,23,5,5,3,0,1.875,1.0,0.0,1.0
32,3,32,33,25,2,2,4,0,1.3333333333333333,1.0,0.0,1.0
32,3,40,41,7,1,0,5,0,0.8333333333333334,0.0,0.0,0.0
32,3,40,41,12,1,0,6,0,0.8571428571428571,0.0,0.0,0.0
32,3,40,41,13,3,0,4,0,1.7142857142857142,0.0,0.0,0.0
32,3,40,41,15,1,0,3,0,0.75,0.0,0.0,0.0
32,3,40,41,16,1,0,2,0,0.6666666666666666,0.0,0.0,0.0
32,3,40,41,31,1,1,4,0,0.8,1.0,0.0,1.0
32,3,40,41,32,1,1,2,0,0.6666666666666666,1.0,0.0,1.0
32,3,48,49,8,1,0,3,0,0.75,0.0,0.0,0.0
32,3,48,49,16,1,0,10,0,0.9090909090909091,0.0,0.0,0.0
32,3,48,49,17,6,0,4,0,2.4,0.0,0.0,0.0
32,3,48,49,18,1,0,2,0,0.6666666666666666,0.0,0.0,0.0
32,3,48,49,19,1,0,1,0,0.5,0.0,0.0,0.0
32,3,56,57,9,1,0,5,0,0.8333333333333334,0.0,0.0,0.0
32,3,56,57,10,1,0,8,0,0.8888888888888888,0.0,0.0,0.0
32,3,56,57,11,3,0,7,0,2.1,0.0,0.0,0.0
32,3,56,57,12,2,0,8,0,1.6,0.0,0.0,0.0
32,3,56,57,13,3,0,8,0,2.1818181818181817,0.0,0.0,0.0
32,3,56,57,14,2,0,8,0,1.6,0.0,0.0,0.0
32,3,56,57,15,2,0,10,0,1.6666666666666667,0.0,0.0,0.0
32,3,56,57,18,1,0,9,0,0.9,0.0,0.0,0.0
32,3,56,57,19,1,0,10,0,0.9090909090909091,0.0,0.0,0.0
32,3,56,57,21,2,0,8,0,1.6,0.0,0.0,0.0
32,3,56,57,22,2,0,5,0,1.4285714285714286,0.0,0.0,0.0
32,3,64,65,15,3,0,12,0,2.4,0.0,0.0,0.0
32,3,64,65,16,1,0,12,0,0.9230769230769231,0.0,0.0,0.0
32,3,64,65,20,2,0,12,0,1.7142857142857142,0.0,0.0,0.0
32,3,64,65,21,3,0,13,0,2.4375,0.0,0.0,0.0
32,3,64,65,22,3,0,13,0,2.4375,0.0,0.0,0.0
32,3,64,65,23,9,0,10,0,4.7368421052631575,0.0,0.0,0.0
32,3,64,65,24,3,0,8,0,2.1818181818181817,0.0,0.0,0.0
32,3,72,73,23,1,0,22,0,0.9565217391304348,0.0,0.0,0.0
32,3,72,73,25,2,0,8,0,1.6,0.0,0.0,0.0
32,3,72,73,26,2,0,3,0,1.2,0.0,0.0,0.0
32,3,72,73,27,2,0,1,0,0.6666666666666666,0.0,0.0,0.0
32,3,72,73,28,2,0,1,0,0.6666666666666666,0.0,0.0,0.0
32,3,72,73,29,2,0,1,0,0.6666666666666666,0.0,0.0,0.0
32,3,80,81,24,1,0,17,0,0.9444444444444444,0.0,0.0,0.0
32,3,88,89,25,1,0,10,0,0.9090909090909091,0.0,0.0,0.0
32,3,96,97,26,2,0,8,0,1.6,0.0,0.0,0.0
32,3,96,97,27,3,0,7,0,2.1,0.0,0.0,0.0
32,3,96,97,28,1,0,7,0,0.875,0.0,0.0,0.0
32,3,96,97,29,2,0,7,0,1.5555555555555556,0.0,0.0,0.0
32,3,96,97,30,1,0,6,0,0.8571428571428571,0.0,0.0,0.0
32,3,104,105,26,1,0,9,0,0.9,0.0,0.0,0.0
32,3,104,105,27,1,0,10,0,0.9090909090909091,0.0,0.0,0.0
32,3,104,105,28,1,0,10,0,0.9090909090909091,0.0,0.0,0.0
32,3,104,105,29,3,0,8,0,2.1818181818181817,0.0,0.0,0.0
32,3,104,105,30,2,0,7,0,1.5555555555555556,0.0,0.0,0.0
32,3,104,105,31,2,0,5,0,1.4285714285714286,0.0,0.0,0.0
32,3,104,105,32,2,0,2,0,1.0,0.0,0.0,0.0
32,3,112,113,31,2,0,8,0,1.6,0.0,0.0,0.0
32,3,112,113,32,1,0,5,0,0.8333333333333334,0.0,0.0,0.0
32,3,112,113,33,1,0,1,0,0.5,0.0,0.0,0.0
32,4,24,25,20,1,0,3,0,0.75,0.0,0.0,0.0
32,4,24,25,21,5,5,5,0,2.5,1.0,0.0,1.0
32,4,32,33,22,1,0,1,0,0.5,0.0,0.0,0.0
32,4,32,33,23,4,3,2,0,1.3333333333333333,0.75,0.0,0.75
32,4,40,41,28,2,1,2,0,1.0,0.5,0.0,0.5
32,4,64,65,42,1,0,1,0,0.5,0.0,0.0,0.0
32,4,64,65,43,2,1,2,0,1.0,0.5,0.0,0.5
32,4,72,73,45,2,1,2,0,1.0,0.5,0.0,0.5
32,4,72,73,47,2,1,3,0,1.2,0.5,0.0,0.5
32,4,80,81,51,1,1,1,0,0.5,1.0,0.0,1.0
32,4,96,97,53,2,0,2,0,1.0,0.0,0.0,0.0
32,4,96,97,54,2,0,3,0,1.2,0.0,0.0,0.0
32,4,96,97,55,2,0,3,0,1.2,0.0,0.0,0.0
32,4,96,97,56,2,0,3,0,1.2,0.0,0.0,0.0
32,4,96,97,57,3,1,3,0,1.5,0.3333333333333333,0.0,0.3333333333333333
32,4,104,105,54,1,1,1,0,0.5,1.0,0.0,1.0
32,4,104,105,55,1,1,1,0,0.5,1.0,0.0,1.0
32,4,104,105,56,1,0,1,0,0.5,0.0,0.0,0.0
32,4,104,105,57,2,2,1,0,0.6666666666666666,1.0,0.0,1.0
32,4,104,105,58,2,0,1,0,0.6666666666666666,0.0,0.0,0.0
32,4,104,105,59,2,1,1,0,0.6666666666666666,0.5,0.0,0.5
32,4,240,241,9,1,0,1,0,0.5,0.0,0.0,0.0
32,4,240,241,42,1,0,1,0,0.5,0.0,0.0,0.0
32,4,240,241,43,2,0,1,0,0.6666666666666666,0.0,0.0,0.0
32,4,240,241,44,2,0,2,0,1.0,0.0,0.0,0.0
32,4,240,241,45,2,0,3,0,1.2,0.0,0.0,0.0
32,4,240,241,46,2,0,3,0,1.2,0.0,0.0,0.0
32,4,240,241,47,2,0,2,0,1.0,0.0,0.0,0.0
32,4,240,241,48,2,0,1,0,0.6666666666666666,0.0,0.0,0.0
32,4,240,241,49,1,0,1,0,0.5,0.0,0.0,0.0
32,4,240,241,50,2,0,1,0,0.6666666666666666,0.0,0.0,0.0
32,4,248,249,7,2,0,8,0,1.6,0.0,0.0,0.0
32,4,248,249,8,1,0,7,0,0.875,0.0,0.0,0.0
32,4,248,249,9,1,0,6,0,0.8571428571428571,0.0,0.0,0.0
32,4,248,249,10,2,0,4,0,1.3333333333333333,0.0,0.0,0.0
32,4,248,249,14,1,0,1,0,0.5,0.0,0.0,0.0
32,4,248,249,18,1,0,1,0,0.5,0.0,0.0,0.0
32,4,248,249,19,1,0,2,0,0.6666666666666666,0.0,0.0,0.0
32,4,248,249,20,3,0,2,0,1.2,0.0,0.0,0.0
32,4,248,249,21,2,0,3,0,1.2,0.0,0.0,0.0
32,4,248,249,22,5,0,2,0,1.4285714285714286,0.0,0.0,0.0
32,4,248,249,23,4,0,2,0,1.3333333333333333,0.0,0.0,0.0
32,4,248,249,24,5,0,1,0,0.8333333333333334,0.0,0.0,0.0
32,4,248,249,25,3,0,2,0,1.2,0.0,0.0,0.0
32,4,248,249,26,2,0,2,0,1.0,0.0,0.0,0.0
32,4,248,249,27,1,0,2,0,0.6666666666666666,0.0,0.0,0.0
32,4,248,249,28,2,0,1,0,0.6666666666666666,0.0,0.0,0.0
32,4,248,249,29,4,0,1,0,0.8,0.0,0.0,0.0
32,4,248,249,31,3,0,3,0,1.5,0.0,0.0,0.0
32,4,248,249,33,2,0,5,0,1.4285714285714286,0.0,0.0,0.0
32,4,248,249,51,1,0,1,0,0.5,0.0,0.0,0.0
32,5,24,25,19,5,2,1,0,0.8333333333333334,0.4,0.0,0.4
32,5,32,33,24,1,0,1,0,0.5,0.0,0.0,0.0
32,5,32,33,25,6,4,1,0,0.8571428571428571,0.6666666666666666,0.0,0.6666666666666666
32,5,48,49,29,3,1,2,0,1.2,0.3333333333333333,0.0,0.3333333333333333
32,5,48,49,30,3,0,5,0,1.875,0.0,0.0,0.0
32,5,48,49,31,4,0,6,0,2.4,0.0,0.0,0.0
32,5,48,49,32,3,0,8,0,2.1818181818181817,0.0,0.0,0.0
32,5,48,49,33,5,2,11,0,3.4375,0.4,0.0,0.4
32,5,56,57,33,3,3,3,0,1.5,1.0,0.0,1.0
32,5,56,57,34,1,0,6,0,0.8571428571428571,0.0,0.0,0.0
32,5,56,57,35,5,5,7,0,2.9166666666666665,1.0,0.0,1.0
32,5,56,57,36,2,0,9,0,1.6363636363636365,0.0,0.0,0.0
32,5,80,81,35,3,1,2,0,1.2,0.3333333333333333,0.0,0.3333333333333333
32,5,80,81,36,2,0,3,0,1.2,0.0,0.0,0.0
32,5,80,81,37,2,2,4,0,1.3333333333333333,1.0,0.0,1.0
32,5,80,81,40,3,1,9,0,2.25,0.3333333333333333,0.0,0.3333333333333333
32,5,80,81,41,3,2,12,0,2.4,0.6666666666666666,0.0,0.6666666666666666
32,5,80,81,42,3,0,15,0,2.5,0.0,0.0,0.0
32,5,80,81,43,3,1,16,0,2.526315789473684,0.3333333333333333,0.0,0.3333333333333333
32,5,80,81,44,3,0,17,0,2.55,0.0,0.0,0.0
32,5,80,81,45,2,0,18,0,1.8,0.0,0.0,0.0
32,5,80,81,46,2,0,18,0,1.8,0.0,0.0,0.0
32,5,88,89,35,1,1,1,0,0.5,1.0,0.0,1.0
32,5,88,89,36,1,0,1,0,0.5,0.0,0.0,0.0
32,5,88,89,37,2,1,2,0,1.0,0.5,0.0,0.5
32,5,88,89,44,1,0,16,0,0.9411764705882353,0.0,0.0,0.0
32,5,96,97,38,1,0,3,0,0.75,0.0,0.0,0.0
32,5,96,97,45,1,0,17,0,0.9444444444444444,0.0,0.0,0.0
32,5,104,105,39,1,0,5,0,0.8333333333333334,0.0,0.0,0.0
32,5,104,105,45,1,1,17,0,0.9444444444444444,1.0,0.0,1.0
32,5,112,113,39,1,1,5,0,0.8333333333333334,1.0,0.0,1.0
32,5,112,113,46,2,0,15,0,1.7647058823529411,0.0,0.0,0.0
32,5,112,113,47,3,1,17,0,2.55,0.3333333333333333,0.0,0.3333333333333333
32,5,112,113,49,3,1,21,0,2.625,0.3333333333333333,0.0,0.3333333333333333
32,5,120,121,40,2,0,6,0,1.5,0.0,0.0,0.0
32,5,120,121,41,2,0,9,0,1.6363636363636365,0.0,0.0,0.0
32,5,120,121,42,2,0,12,0,1.7142857142857142,0.0,0.0,0.0
32,5,120,121,43,3,1,13,0,2.4375,0.3333333333333333,0.0,0.3333333333333333
32,5,120,121,47,3,1,15,0,2.5,0.3333333333333333,0.0,0.3333333333333333
32,5,120,121,48,3,1,18,0,2.5714285714285716,0.3333333333333333,0.0,0.3333333333333333
32,5,120,121,49,2,0,21,0,1.826086956521739,0.0,0.0,0.0
32,5,120,121,50,2,1,22,0,1.8333333333333333,0.5,0.0,0.5
32,5,120,121,51,2,0,22,0,1.8333333333333333,0.0,0.0,0.0
32,5,120,121,52,3,0,22,0,2.64,0.0,0.0,0.0
32,5,128,129,38,2,0,1,0,0.6666666666666666,0.0,0.0,0.0
32,5,128,129,39,1,1,4,0,0.8,1.0,0.0,1.0
32,5,128,129,41,3,1,6,0,2.0,0.3333333333333333,0.0,0.3333333333333333
32,5,128,129,42,1,0,11,0,0.9166666666666666,0.0,0.0,0.0
32,5,128,129,43,1,0,12,0,0.9230769230769231,0.0,0.0,0.0
32,5,128,129,44,1,0,12,0,0.9230769230769231,0.0,0.0,0.0
32,5,128,129,45,3,0,12,0,2.4,0.0,0.0,0.0
32,5,128,129,46,1,0,13,0,0.9285714285714286,0.0,0.0,0.0
32,5,128,129,47,2,0,15,0,1.7647058823529411,0.0,0.0,0.0
32,5,128,129,48,2,0,17,0,1.7894736842105263,0.0,0.0,0.0
32,5,128,129,49,2,0,19,0,1.8095238095238095,0.0,0.0,0.0
32,5,128,129,50,2,0,20,0,1.8181818181818181,0.0,0.0,0.0
32,5,128,129,51,2,0,20,0,1.8181818181818181,0.0,0.0,0.0
32,5,128,129,52,2,0,20,0,1.8181818181818181,0.0,0.0,0.0
32,5,128,129,53,2,0,21,0,1.826086956521739,0.0,0.0,0.0
32,5,128,129,54,2,0,22,0,1.8333333333333333,0.0,0.0,0.0
32,5,136,137,39,2,0,2,0,1.0,0.0,0.0,0.0
32,5,136,137,40,1,0,4,0,0.8,0.0,0.0,0.0
32,5,136,137,41,2,0,6,0,1.5,0.0,0.0,0.0
32,5,136,137,42,2,0,9,0,1.6363636363636365,0.0,0.0,0.0
32,5,136,137,43,3,1,10,0,2.3076923076923075,0.3333333333333333,0.0,0.3333333333333333
32,5,136,137,44,1,0,12,0,0.9230769230769231,0.0,0.0,0.0
32,5,136,137,45,2,0,12,0,1.7142857142857142,0.0,0.0,0.0
32,5,136,137,46,1,0,12,0,0.9230769230769231,0.0,0.0,0.0
32,5,136,137,47,4,0,13,0,3.0588235294117645,0.0,0.0,0.0
32,5,136,137,48,2,0,17,0,1.7894736842105263,0.0,0.0,0.0
32,5,136,137,49,2,0,19,0,1.8095238095238095,0.0,0.0,0.0
32,5,136,137,50,2,0,20,0,1.8181818181818181,0.0,0.0,0.0
32,5,136,137,51,2,0,20,0,1.8181818181818181,0.0,0.0,0.0
32,5,136,137,52,2,0,20,0,1.8181818181818181,0.0,0.0,0.0
32,5,136,137,53,2,0,21,0,1.826086956521739,0.0,0.0,0.0
32,5,136,137,54,2,0,22,0,1.8333333333333333,0.0,0.0,0.0
32,5,144,145,39,1,0,1,0,0.5,0.0,0.0,0.0
32,5,144,145,40,2,0,2,0,1.0,0.0,0.0,0.0
32,5,144,145,41,1,0,5,0,0.8333333333333334,0.0,0.0,0.0
32,5,144,145,42,1,0,7,0,0.875,0.0,0.0,0.0
32,5,144,145,43,2,1,8,0,1.6,0.5,0.0,0.5
32,5,144,145,44,1,0,9,0,0.9,0.0,0.0,0.0
32,5,144,145,45,3,0,10,0,2.3076923076923075,0.0,0.0,0.0
32,5,144,145,46,1,0,11,0,0.9166666666666666,0.0,0.0,0.0
32,5,144,145,47,3,1,12,0,2.4,0.3333333333333333,0.0,0.3333333333333333
32,5,144,145,48,2,0,15,0,1.7647058823529411,0.0,0.0,0.0
32,5,144,145,49,2,0,17,0,1.7894736842105263,0.0,0.0,0.0
32,5,144,145,50,2,0,18,0,1.8,0.0,0.0,0.0
32,5,144,145,51,2,0,18,0,1.8,0.0,0.0,0.0
32,5,144,145,52,2,0,18,0,1.8,0.0,0.0,0.0
32,5,144,145,53,2,0,19,0,1.8095238095238095,0.0,0.0,0.0
32,5,144,145,54,2,0,20,0,1.8181818181818181,0.0,0.0,0.0
32,5,144,145,55,2,0,19,0,1.8095238095238095,0.0,0.0,0.0
32,5,152,153,39,1,0,1,0,0.5,0.0,0.0,0.0
32,5,152,153,40,2,0,2,0,1.0,0.0,0.0,0.0
32,5,152,153,41,1,0,5,0,0.8333333333333334,0.0,0.0,0.0
32,5,152,153,42,1,0,7,0,0.875,0.0,0.0,0.0
32,5,152,153,43,1,0,8,0,0.8888888888888888,0.0,0.0,0.0
32,5,152,153,44,1,0,9,0,0.9,0.0,0.0,0.0
32,5,152,153,45,1,0,10,0,0.9090909090909091,0.0,0.0,0.0
32,5,152,153,46,1,0,10,0,0.9090909090909091,0.0,0.0,0.0
32,5,152,153,48,1,0,13,0,0.9285714285714286,0.0,0.0,0.0
32,5,160,161,40,2,0,1,0,0.6666666666666666,0.0,0.0,0.0
32,5,160,161,41,1,0,4,0,0.8,0.0,0.0,0.0
32,5,160,161,42,1,0,6,0,0.8571428571428571,0.0,0.0,0.0
32,5,160,161,43,1,0,7,0,0.875,0.0,0.0,0.0
32,5,160,161,44,2,1,8,0,1.6,0.5,0.0,0.5
32,5,160,161,45,1,0,10,0,0.9090909090909091,0.0,0.0,0.0
32,5,160,161,46,1,0,10,0,0.9090909090909091,0.0,0.0,0.0
32,5,160,161,48,1,0,13,0,0.9285714285714286,0.0,0.0,0.0
32,5,168,169,41,2,1,3,0,1.2,0.5,0.0,0.5
32,5,168,169,42,1,0,6,0,0.8571428571428571,0.0,0.0,0.0
32,5,168,169,43,1,1,7,0,0.875,1.0,0.0,1.0
32,5,168,169,45,2,1,8,0,1.6,0.5,0.0,0.5
32,5,168,169,46,2,0,9,0,1.6363636363636365,0.0,0.0,0.0
32,5,168,169,49,3,0,14,0,2.4705882352941178,0.0,0.0,0.0
32,5,176,177,47,3,0,8,0,2.1818181818181817,0.0,0.0,0.0
32,5,176,177,49,3,1,14,0,2.4705882352941178,0.3333333333333333,0.0,0.3333333333333333
32,5,184,185,47,3,0,8,0,2.1818181818181817,0.0,0.0,0.0
32,5,184,185,49,2,0,14,0,1.75,0.0,0.0,0.0
32,5,184,185,50,2,0,15,0,1.7647058823529411,0.0,0.0,0.0
32,5,184,185,51,2,0,15,0,1.7647058823529411,0.0,0.0,0.0
32,5,184,185,52,2,0,15,0,1.7647058823529411,0.0,0.0,0.0
32,5,184,185,53,2,0,16,0,1.7777777777777777,0.0,0.0,0.0
32,5,184,185,54,2,0,17,0,1.7894736842105263,0.0,0.0,0.0
32,5,184,185,55,2,0,17,0,1.7894736842105263,0.0,0.0,0.0
32,5,192,193,47,2,1,8,0,1.6,0.5,0.0,0.5
32,5,192,193,48,2,0,11,0,1.6923076923076923,0.0,0.0,0.0
32,5,192,193,50,4,2,13,0,3.0588235294117645,0.5,0.0,0.5
32,5,192,193,51,2,0,15,0,1.7647058823529411,0.0,0.0,0.0
32,5,192,193,53,4,2,14,0,3.111111111111111,0.5,0.0,0.5
32,5,192,193,55,4,0,15,0,3.1578947368421053,0.0,0.0,0.0
32,5,200,201,48,2,0,8,0,1.6,0.0,0.0,0.0
32,5,200,201,49,2,0,9,0,1.6363636363636365,0.0,0.0,0.0
32,5,200,201,50,5,1,8,0,3.076923076923077,0.2,0.0,0.2
32,5,200,201,51,4,1,9,0,2.769230769230769,0.25,0.0,0.25
32,5,200,201,52,7,2,8,0,3.7333333333333334,0.2857142857142857,0.0,0.2857142857142857
32,5,200,201,53,2,0,12,0,1.7142857142857142,0.0,0.0,0.0
32,5,200,201,54,4,0,13,0,3.0588235294117645,0.0,0.0,0.0
32,5,200,201,55,2,0,15,0,1.7647058823529411,0.0,0.0,0.0
32,5,200,201,56,2,0,16,0,1.7777777777777777,0.0,0.0,0.0
32,5,208,209,48,2,0,8,0,1.6,0.0,0.0,0.0
32,5,208,209,49,2,0,9,0,1.6363636363636365,0.0,0.0,0.0
32,5,208,209,50,4,0,8,0,2.6666666666666665,0.0,0.0,0.0
32,5,208,209,51,4,0,8,0,2.6666666666666665,0.0,0.0,0.0
32,5,208,209,52,4,0,8,0,2.6666666666666665,0.0,0.0,0.0
32,5,208,209,53,4,0,10,0,2.857142857142857,0.0,0.0,0.0
32,5,208,209,54,4,0,13,0,3.0588235294117645,0.0,0.0,0.0
32,5,208,209,55,2,0,15,0,1.7647058823529411,0.0,0.0,0.0
32,5,208,209,56,2,0,16,0,1.7777777777777777,0.0,0.0,0.0
32,5,216,217,42,4,0,1,0,0.8,0.0,0.0,0.0
32,5,216,217,48,2,0,8,0,1.6,0.0,0.0,0.0
32,5,216,217,49,2,0,9,0,1.6363636363636365,0.0,0.0,0.0
32,5,216,217,50,4,2,8,0,2.6666666666666665,0.5,0.0,0.5
32,5,216,217,51,2,0,8,0,1.6,0.0,0.0,0.0
32,5,216,217,52,4,0,8,0,2.6666666666666665,0.0,0.0,0.0
32,5,216,217,53,4,0,10,0,2.857142857142857,0.0,0.0,0.0
32,5,216,217,54,4,0,13,0,3.0588235294117645,0.0,0.0,0.0
32,5,216,217,55,2,0,15,0,1.7647058823529411,0.0,0.0,0.0
32,5,216,217,56,2,0,16,0,1.7777777777777777,0.0,0.0,0.0
32,5,224,225,48,2,0,8,0,1.6,0.0,0.0,0.0
32,5,224,225,49,2,0,9,0,1.6363636363636365,0.0,0.0,0.0
32,5,224,225,50,2,0,8,0,1.6,0.0,0.0,0.0
32,5,224,225,51,2,0,8,0,1.6,0.0,0.0,0.0
32,5,224,225,52,2,0,8,0,1.6,0.0,0.0,0.0
32,5,224,225,53,2,0,10,0,1.6666666666666667,0.0,0.0,0.0
32,5,224,225,54,3,0,12,0,2.4,0.0,0.0,0.0
32,5,224,225,56,2,2,16,0,1.7777777777777777,1.0,0.0,1.0
32,5,232,233,43,2,0,1,0,0.6666666666666666,0.0,0.0,0.0
32,5,232,233,44,2,0,2,0,1.0,0.0,0.0,0.0
32,5,232,233,45,2,0,3,0,1.2,0.0,0.0,0.0
32,5,232,233,46,2,0,3,0,1.2,0.0,0.0,0.0
32,5,232,233,47,3,0,3,0,1.5,0.0,0.0,0.0
32,5,232,233,48,4,1,3,0,1.7142857142857142,0.25,0.0,0.25
32,5,232,233,49,3,0,4,0,1.7142857142857142,0.0,0.0,0.0
32,5,232,233,50,3,0,5,0,1.875,0.0,0.0,0.0
32,5,232,233,51,1,0,7,0,0.875,0.0,0.0,0.0
32,5,232,233,52,1,0,7,0,0.875,0.0,0.0,0.0
32,5,232,233,53,1,0,9,0,0.9,0.0,0.0,0.0
32,5,232,233,54,4,0,11,0,2.933333333333333,0.0,0.0,0.0
32,5,240,241,10,2,0,2,0,1.0,0.0,0.0,0.0
32,5,240,241,11,1,0,2,0,0.6666666666666666,0.0,0.0,0.0
32,5,240,241,12,1,0,1,0,0.5,0.0,0.0,0.0
32,5,240,241,17,2,0,1,0,0.6666666666666666,0.0,0.0,0.0
32,5,240,241,19,2,0,1,0,0.6666666666666666,0.0,0.0,0.0
32,5,240,241,20,3,0,1,0,0.75,0.0,0.0,0.0
32,5,240,241,21,1,0,2,0,0.6666666666666666,0.0,0.0,0.0
32,5,240,241,22,3,0,1,0,0.75,0.0,0.0,0.0
32,5,240,241,25,4,0,1,0,0.8,0.0,0.0,0.0
32,5,240,241,26,5,0,1,0,0.8333333333333334,0.0,0.0,0.0
32,5,240,241,28,1,0,3,0,0.75,0.0,0.0,0.0
32,5,240,241,29,1,0,3,0,0.75,0.0,0.0,0.0
32,5,240,241,30,7,0,1,0,0.875,0.0,0.0,0.0
32,5,240,241,31,5,0,4,0,2.2222222222222223,0.0,0.0,0.0
32,5,240,241,32,6,0,2,0,1.5,0.0,0.0,0.0
32,5,240,241,33,4,0,1,0,0.8,0.0,0.0,0.0
32,5,240,241,34,7,0,1,0,0.875,0.0,0.0,0.0
32,5,240,241,35,5,0,1,0,0.8333333333333334,0.0,0.0,0.0
32,5,240,241,36,2,0,2,0,1.0,0.0,0.0,0.0
32,5,240,241,40,4,0,3,0,1.7142857142857142,0.0,0.0,0.0
32,5,240,241,41,7,0,2,0,1.5555555555555556,0.0,0.0,0.0
32,5,240,241,42,6,0,3,0,2.0,0.0,0.0,0.0
32,5,240,241,43,6,0,3,0,2.0,0.0,0.0,0.0
32,5,240,241,44,6,0,3,0,2.0,0.0,0.0,0.0
32,5,240,241,45,9,0,4,0,2.769230769230769,0.0,0.0,0.0
32,5,240,241,46,7,0,5,0,2.9166666666666665,0.0,0.0,0.0
32,5,240,241,47,8,0,6,0,3.4285714285714284,0.0,0.0,0.0
32,5,240,241,48,9,1,7,0,3.9375,0.1111111111111111,0.0,0.1111111111111111
32,5,240,241,49,7,0,8,0,3.7333333333333334,0.0,0.0,0.0
32,5,240,241,50,5,0,10,0,3.3333333333333335,0.0,0.0,0.0
32,5,240,241,51,5,0,10,1,3.3333333333333335,0.0,0.1,-0.1
32,5,240,241,52,6,1,10,0,3.75,0.16666666666666666,0.0,0.16666666666666666
32,5,240,241,53,10,1,10,0,5.0,0.1,0.0,0.1
32,5,240,241,54,5,1,13,0,3.611111111111111,0.2,0.0,0.2
32,5,240,241,55,4,0,14,0,3.111111111111111,0.0,0.0,0.0
32,5,240,241,56,2,0,16,0,1.7777777777777777,0.0,0.0,0.0
32,5,248,249,8,1,0,1,0,0.5,0.0,0.0,0.0
32,5,248,249,9,1,0,2,0,0.6666666666666666,0.0,0.0,0.0
32,5,248,249,11,2,0,3,0,1.2,0.0,0.0,0.0
32,5,248,249,12,2,0,3,0,1.2,0.0,0.0,0.0
32,5,248,249,13,2,0,3,0,1.2,0.0,0.0,0.0
32,5,248,249,14,3,0,3,0,1.5,0.0,0.0,0.0
32,5,248,249,27,3,0,3,0,1.5,0.0,0.0,0.0
32,5,248,249,28,1,0,6,0,0.8571428571428571,0.0,0.0,0.0
32,5,248,249,29,3,0,6,0,2.0,0.0,0.0,0.0
32,5,248,249,30,2,0,8,0,1.6,0.0,0.0,0.0
32,5,248,249,31,4,0,9,0,2.769230769230769,0.0,0.0,0.0
32,5,248,249,32,6,0,9,0,3.6,0.0,0.0,0.0
32,5,248,249,33,1,0,13,0,0.9285714285714286,0.0,0.0,0.0
32,5,248,249,34,1,0,11,0,0.9166666666666666,0.0,0.0,0.0
32,5,248,249,35,1,0,8,0,0.8888888888888888,0.0,0.0,0.0
32,5,248,249,37,2,0,3,0,1.2,0.0,0.0,0.0
32,5,248,249,38,3,0,3,0,1.5,0.0,0.0,0.0
32,5,248,249,39,2,0,6,0,1.5,0.0,0.0,0.0
32,5,248,249,40,3,0,11,0,2.357142857142857,0.0,0.0,0.0
32,5,248,249,41,1,0,15,0,0.9375,0.0,0.0,0.0
32,5,248,249,42,1,0,18,0,0.9473684210526315,0.0,0.0,0.0
32,5,248,249,43,2,0,19,0,1.8095238095238095,0.0,0.0,0.0
32,5,248,249,44,1,0,21,0,0.9545454545454546,0.0,0.0,0.0
32,5,248,249,46,4,0,16,0,3.2,0.0,0.0,0.0
32,5,248,249,47,2,0,16,0,1.7777777777777777,0.0,0.0,0.0
32,5,248,249,48,4,0,15,0,3.1578947368421053,0.0,0.0,0.0
32,5,248,249,49,4,0,17,0,3.238095238095238,0.0,0.0,0.0
32,5,248,249,50,5,0,17,0,3.8636363636363638,0.0,0.0,0.0
32,5,248,249,51,1,0,19,0,0.95,0.0,0.0,0.0
32,5,248,249,52,6,0,17,0,4.434782608695652,0.0,0.0,0.0
32,5,248,249,53,2,0,22,0,1.8333333333333333,0.0,0.0,0.0
32,5,248,249,54,2,0,22,0,1.8333333333333333,0.0,0.0,0.0
32,6,16,17,15,4,2,1,0,0.8,0.5,0.0,0.5
32,6,24,25,20,1,0,4,0,0.8,0.0,0.0,0.0
32,6,24,25,21,2,2,7,0,1.5555555555555556,1.0,0.0,1.0
32,6,32,33,24,3,1,3,0,1.5,0.3333333333333333,0.0,0.3333333333333333
32,6,32,33,25,8,6,5,0,3.076923076923077,0.75,0.0,0.75
32,6,40,41,31,2,1,6,0,1.5,0.5,0.0,0.5
32,6,48,49,34,1,0,1,0,0.5,0.0,0.0,0.0
32,6,48,49,35,4,4,1,0,0.8,1.0,0.0,1.0
32,6,48,49,36,2,0,5,0,1.4285714285714286,0.0,0.0,0.0
32,6,64,65,38,1,0,1,0,0.5,0.0,0.0,0.0
32,6,64,65,39,2,1,2,0,1.0,0.5,0.0,0.5
32,6,64,65,40,1,0,3,0,0.75,0.0,0.0,0.0
32,6,64,65,41,1,0,3,0,0.75,0.0,0.0,0.0
32,6,72,73,42,2,0,1,0,0.6666666666666666,0.0,0.0,0.0
32,6,72,73,43,1,1,2,0,0.6666666666666666,1.0,0.0,1.0
32,6,72,73,44,1,0,2,0,0.6666666666666666,0.0,0.0,0.0
32,6,72,73,45,1,0,3,0,0.75,0.0,0.0,0.0
32,6,72,73,46,1,0,3,0,0.75,0.0,0.0,0.0
32,6,72,73,47,3,1,3,0,1.5,0.3333333333333333,0.0,0.3333333333333333
32,6,80,81,44,1,0,1,0,0.5,0.0,0.0,0.0
32,6,80,81,45,1,0,2,0,0.6666666666666666,0.0,0.0,0.0
32,6,80,81,46,1,0,2,0,0.6666666666666666,0.0,0.0,0.0
32,6,80,81,47,1,0,2,0,0.6666666666666666,0.0,0.0,0.0
32,6,80,81,48,1,0,2,0,0.6666666666666666,0.0,0.0,0.0
32,6,80,81,49,2,0,2,0,1.0,0.0,0.0,0.0
32,6,88,89,50,2,0,1,0,0.6666666666666666,0.0,0.0,0.0
32,6,104,105,52,2,0,2,0,1.0,0.0,0.0,0.0
32,6,104,105,53,2,0,3,0,1.2,0.0,0.0,0.0
32,6,104,105,54,2,0,3,0,1.2,0.0,0.0,0.0
32,6,104,105,55,2,0,3,0,1.2,0.0,0.0,0.0
32,6,104,105,56,3,0,3,0,1.5,0.0,0.0,0.0
32,6,112,113,53,2,0,1,0,0.6666666666666666,0.0,0.0,0.0
32,6,112,113,54,2,0,1,0,0.6666666666666666,0.0,0.0,0.0
32,6,112,113,55,2,0,1,0,0.6666666666666666,0.0,0.0,0.0
32,6,112,113,56,2,0,1,0,0.6666666666666666,0.0,0.0,0.0
32,6,112,113,57,4,0,1,0,0.8,0.0,0.0,0.0
32,6,112,113,58,2,0,3,0,1.2,0.0,0.0,0.0
32,6,120,121,53,2,1,1,0,0.6666666666666666,0.5,0.0,0.5
32,6,120,121,54,1,0,1,0,0.5,0.0,0.0,0.0
32,6,120,121,55,2,1,1,0,0.6666666666666666,0.5,0.0,0.5
32,6,120,121,56,2,1,1,0,0.6666666666666666,0.5,0.0,0.5
32,6,120,121,57,2,0,1,0,0.6666666666666666,0.0,0.0,0.0
32,6,120,121,58,2,0,1,0,0.6666666666666666,0.0,0.0,0.0
32,6,120,121,59,2,0,1,0,0.6666666666666666,0.0,0.0,0.0
32,6,240,241,3,3,0,1,0,0.75,0.0,0.0,0.0
32,6,240,241,4,4,0,1,0,0.8,0.0,0.0,0.0
32,6,240,241,5,4,0,1,0,0.8,0.0,0.0,0.0
32,6,240,241,8,1,0,1,0,0.5,0.0,0.0,0.0
32,6,240,241,11,1,0,1,0,0.5,0.0,0.0,0.0
32,6,240,241,15,1,0,1,0,0.5,0.0,0.0,0.0
32,6,240,241,20,2,0,1,0,0.6666666666666666,0.0,0.0,0.0
32,6,240,241,22,1,0,1,0,0.5,0.0,0.0,0.0
32,6,240,241,24,1,0,2,0,0.6666666666666666,0.0,0.0,0.0
32,6,240,241,25,2,0,1,0,0.6666666666666666,0.0,0.0,0.0
32,6,240,241,26,1,0,1,0,0.5,0.0,0.0,0.0
32,6,240,241,27,2,0,1,0,0.6666666666666666,0.0,0.0,0.0
32,6,240,241,28,1,0,1,0,0.5,0.0,0.0,0.0
32,6,240,241,32,3,0,3,0,1.5,0.0,0.0,0.0
32,6,240,241,33,1,0,2,0,0.6666666666666666,0.0,0.0,0.0
32,6,240,241,35,1,0,1,0,0.5,0.0,0.0,0.0
32,6,240,241,37,3,0,1,0,0.75,0.0,0.0,0.0
32,6,240,241,39,1,0,1,0,0.5,0.0,0.0,0.0
32,6,240,241,52,2,0,2,0,1.0,0.0,0.0,0.0
32,6,240,241,53,2,0,3,0,1.2,0.0,0.0,0.0
32,6,240,241,54,2,0,3,0,1.2,0.0,0.0,0.0
32,6,240,241,55,2,0,3,0,1.2,0.0,0.0,0.0
32,6,240,241,56,2,0,3,0,1.2,0.0,0.0,0.0
32,6,240,241,57,2,0,3,0,1.2,0.0,0.0,0.0
32,6,240,241,58,3,0,2,0,1.2,0.0,0.0,0.0
32,6,240,241,59,1,0,1,0,0.5,0.0,0.0,0.0
32,6,248,249,2,2,0,4,0,1.3333333333333333,0.0,0.0,0.0
32,6,248,249,3,2,0,5,0,1.4285714285714286,0.0,0.0,0.0
32,6,248,249,4,2,0,6,0,1.5,0.0,0.0,0.0
32,6,248,249,5,1,0,8,0,0.8888888888888888,0.0,0.0,0.0
32,6,248,249,6,2,0,7,0,1.5555555555555556,0.0,0.0,0.0
32,6,248,249,7,2,0,6,0,1.5,0.0,0.0,0.0
32,6,248,249,8,2,0,5,0,1.4285714285714286,0.0,0.0,0.0
32,6,248,249,15,2,0,3,0,1.2,0.0,0.0,0.0
32,6,248,249,16,1,0,3,0,0.75,0.0,0.0,0.0
32,6,248,249,17,2,0,3,0,1.2,0.0,0.0,0.0
32,6,248,249,18,1,0,4,0,0.8,0.0,0.0,0.0
32,6,248,249,19,2,0,6,0,1.5,0.0,0.0,0.0
32,6,248,249,20,3,0,5,0,1.875,0.0,0.0,0.0
32,6,248,249,21,2,0,5,0,1.4285714285714286,0.0,0.0,0.0
32,6,248,249,22,1,0,5,0,0.8333333333333334,0.0,0.0,0.0
32,6,248,249,24,2,0,7,0,1.5555555555555556,0.0,0.0,0.0
32,6,248,249,25,1,0,8,0,0.8888888888888888,0.0,0.0,0.0
32,6,248,249,26,1,0,7,0,0.875,0.0,0.0,0.0
32,6,248,249,27,1,0,7,0,0.875,0.0,0.0,0.0
32,6,248,249,28,2,0,6,0,1.5,0.0,0.0,0.0
32,6,248,249,29,1,0,6,0,0.8571428571428571,0.0,0.0,0.0
32,6,248,249,30,1,0,7,0,0.875,0.0,0.0,0.0
32,6,248,249,40,1,0,5,0,0.8333333333333334,0.0,0.0,0.0
32,6,248,249,42,3,0,2,0,1.2,0.0,0.0,0.0
32,6,248,249,43,2,0,2,0,1.0,0.0,0.0,0.0
32,6,248,249,45,1,0,2,0,0.6666666666666666,0.0,0.0,0.0
32,6,248,249,48,1,0,1,0,0.5,0.0,0.0,0.0
32,6,248,249,51,1,0,3,0,0.75,0.0,0.0,0.0
32,7,8,9,9,8,8,1,0,0.8888888888888888,1.0,0.0,1.0
32,7,16,17,15,9,7,5,0,3.2142857142857144,0.7777777777777778,0.0,0.7777777777777778
32,7,24,25,18,2,0,1,0,0.6666666666666666,0.0,0.0,0.0
32,7,24,25,19,6,3,2,0,1.5,0.5,0.0,0.5
32,7,24,25,20,2,1,6,0,1.5,0.5,0.0,0.5
32,7,24,25,21,6,4,7,0,3.230769230769231,0.6666666666666666,0.0,0.6666666666666666
32,7,32,33,22,2,0,2,0,1.0,0.0,0.0,0.0
32,7,32,33,23,4,2,3,0,1.7142857142857142,0.5,0.0,0.5
32,7,32,33,25,1,1,10,0,0.9090909090909091,1.0,0.0,1.0
32,7,40,41,30,2,0,2,0,1.0,0.0,0.0,0.0
32,7,40,41,31,6,5,2,0,1.5,0.8333333333333334,0.0,0.8333333333333334
32,7,40,41,32,2,1,6,0,1.5,0.5,0.0,0.5
32,7,240,241,2,2,0,1,0,0.6666666666666666,0.0,0.0,0.0
32,7,240,241,4,3,0,1,0,0.75,0.0,0.0,0.0
32,7,240,241,9,3,0,1,0,0.75,0.0,0.0,0.0
32,7,240,241,11,1,0,3,0,0.75,0.0,0.0,0.0
32,7,240,241,16,2,0,1,0,0.6666666666666666,0.0,0.0,0.0
32,7,240,241,18,1,0,1,0,0.5,0.0,0.0,0.0
32,7,240,241,22,6,0,2,0,1.5,0.0,0.0,0.0
32,7,240,241,23,4,0,1,0,0.8,0.0,0.0,0.0
32,7,240,241,29,1,0,1,0,0.5,0.0,0.0,0.0
32,7,240,241,34,1,0,1,0,0.5,0.0,0.0,0.0
32,7,248,249,1,1,0,3,0,0.75,0.0,0.0,0.0
32,7,248,249,2,2,0,4,0,1.3333333333333333,0.0,0.0,0.0
32,7,248,249,3,4,0,3,0,1.7142857142857142,0.0,0.0,0.0
32,7,248,249,4,2,0,6,0,1.5,0.0,0.0,0.0
32,7,248,249,5,3,0,5,0,1.875,0.0,0.0,0.0
32,7,248,249,6,2,0,8,0,1.6,0.0,0.0,0.0
32,7,248,249,7,1,0,9,0,0.9,0.0,0.0,0.0
32,7,248,249,8,2,0,8,0,1.6,0.0,0.0,0.0
32,7,248,249,11,1,0,8,0,0.8888888888888888,0.0,0.0,0.0
32,7,248,249,12,1,0,6,0,0.8571428571428571,0.0,0.0,0.0
32,7,248,249,13,2,0,5,0,1.4285714285714286,0.0,0.0,0.0
32,7,248,249,14,5,0,3,0,1.875,0.0,0.0,0.0
32,7,248,249,15,4,0,4,0,2.0,0.0,0.0,0.0
32,7,248,249,16,1,0,5,0,0.8333333333333334,0.0,0.0,0.0
32,7,248,249,17,4,0,5,0,2.2222222222222223,0.0,0.0,0.0
32,7,248,249,18,3,0,6,0,2.0,0.0,0.0,0.0
32,7,248,249,19,4,0,6,0,2.4,0.0,0.0,0.0
32,7,248,249,20,4,0,8,0,2.6666666666666665,0.0,0.0,0.0
32,7,248,249,21,2,0,11,0,1.6923076923076923,0.0,0.0,0.0
32,7,248,249,23,2,0,7,0,1.5555555555555556,0.0,0.0,0.0
32,7,248,249,24,3,0,8,0,2.1818181818181817,0.0,0.0,0.0
32,7,248,249,25,1,0,8,0,0.8888888888888888,0.0,0.0,0.0
32,7,248,249,26,5,0,7,0,2.9166666666666665,0.0,0.0,0.0
32,7,248,249,27,1,0,11,0,0.9166666666666666,0.0,0.0,0.0
32,7,248,249,28,2,0,8,0,1.6,0.0,0.0,0.0
32,7,248,249,29,1,0,6,0,0.8571428571428571,0.0,0.0,0.0
32,7,248,249,30,3,0,3,0,1.5,0.0,0.0,0.0
32,7,248,249,31,2,0,3,0,1.2,0.0,0.0,0.0
32,7,248,249,32,3,0,3,0,1.5,0.0,0.0,0.0
32,7,248,249,33,2,0,4,0,1.3333333333333333,0.0,0.0,0.0
32,7,248,249,34,2,0,3,0,1.2,0.0,0.0,0.0
32,8,32,33,26,4,0,3,0,1.7142857142857142,0.0,0.0,0.0
32,8,240,241,3,3,0,1,0,0.75,0.0,0.0,0.0
32,8,240,241,4,2,0,2,0,1.0,0.0,0.0,0.0
32,8,240,241,5,2,0,1,0,0.6666666666666666,0.0,0.0,0.0
32,8,240,241,6,3,0,1,0,0.75,0.0,0.0,0.0
32,8,240,241,7,2,0,1,0,0.6666666666666666,0.0,0.0,0.0
32,8,240,241,12,1,0,1,0,0.5,0.0,0.0,0.0
32,8,240,241,14,1,0,1,0,0.5,0.0,0.0,0.0
32,8,240,241,21,2,0,2,0,1.0,0.0,0.0,0.0
32,8,240,241,23,2,0,2,0,1.0,0.0,0.0,0.0
32,8,240,241,24,1,0,1,0,0.5,0.0,0.0,0.0
32,8,248,249,3,2,0,2,0,1.0,0.0,0.0,0.0
32,8,248,249,4,2,0,3,0,1.2,0.0,0.0,0.0
32,8,248,249,5,2,0,3,0,1.2,0.0,0.0,0.0
32,8,248,249,6,2,0,3,0,1.2,0.0,0.0,0.0
32,8,248,249,7,2,0,3,0,1.2,0.0,0.0,0.0
32,8,248,249,9,1,0,1,0,0.5,0.0,0.0,0.0
32,8,248,249,11,1,0,2,0,0.6666666666666666,0.0,0.0,0.0
32,8,248,249,12,2,0,2,0,1.0,0.0,0.0,0.0
32,8,248,249,13,1,0,2,0,0.6666666666666666,0.0,0.0,0.0
32,8,248,249,14,2,0,1,0,0.6666666666666666,0.0,0.0,0.0
32,8,248,249,15,1,0,1,0,0.5,0.0,0.0,0.0
32,8,248,249,19,2,0,1,0,0.6666666666666666,0.0,0.0,0.0
32,9,16,17,15,4,4,3,0,1.7142857142857142,1.0,0.0,1.0
32,9,24,25,20,2,1,1,0,0.6666666666666666,0.5,0.0,0.5
32,9,24,25,21,5,5,2,0,1.4285714285714286,1.0,0.0,1.0
32,9,240,241,16,2,0,2,0,1.0,0.0,0.0,0.0
32,9,240,241,18,1,0,2,0,0.6666666666666666,0.0,0.0,0.0
32,9,240,241,20,2,0,1,0,0.6666666666666666,0.0,0.0,0.0
32,9,240,241,21,2,0,1,0,0.6666666666666666,0.0,0.0,0.0
32,9,240,241,22,3,0,1,0,0.75,0.0,0.0,0.0
32,9,240,241,23,1,0,1,0,0.5,0.0,0.0,0.0
32,9,248,249,5,3,0,1,0,0.75,0.0,0.0,0.0
32,10,24,25,20,1,0,2,0,0.6666666666666666,0.0,0.0,0.0
32,10,24,25,21,4,2,3,0,1.7142857142857142,0.5,0.0,0.5
32,10,32,33,26,1,0,3,0,0.75,0.0,0.0,0.0
32,10,40,41,30,2,0,2,0,1.0,0.0,0.0,0.0
32,10,40,41,31,5,4,3,0,1.875,0.8,0.0,0.8
32,10,56,57,41,1,1,1,0,0.5,1.0,0.0,1.0
32,10,56,57,42,1,0,2,0,0.6666666666666666,0.0,0.0,0.0
32,10,56,57,43,4,3,2,0,1.3333333333333333,0.75,0.0,0.75
32,10,240,241,16,2,0,1,0,0.6666666666666666,0.0,0.0,0.0
32,10,240,241,17,2,0,1,0,0.6666666666666666,0.0,0.0,0.0
32,10,240,241,30,1,0,1,0,0.5,0.0,0.0,0.0
32,10,240,241,31,2,0,1,0,0.6666666666666666,0.0,0.0,0.0
32,10,240,241,33,2,0,1,0,0.6666666666666666,0.0,0.0,0.0
32,10,248,249,7,1,0,1,0,0.5,0.0,0.0,0.0
32,10,248,249,15,1,0,5,0,0.8333333333333334,0.0,0.0,0.0
32,10,248,249,17,1,0,3,0,0.75,0.0,0.0,0.0
32,10,248,249,27,2,0,1,0,0.6666666666666666,0.0,0.0,0.0
32,10,248,249,36,1,0,3,0,0.75,0.0,0.0,0.0
32,11,16,17,14,1,1,1,0,0.5,1.0,0.0,1.0
32,11,16,17,15,7,6,1,0,0.875,0.8571428571428571,0.0,0.8571428571428571
32,11,32,33,24,1,1,2,0,0.6666666666666666,1.0,0.0,1.0
32,11,32,33,25,3,2,2,0,1.2,0.6666666666666666,0.0,0.6666666666666666
32,11,32,33,26,1,0,5,0,0.8333333333333334,0.0,0.0,0.0
32,11,40,41,29,1,1,3,0,0.75,1.0,0.0,1.0
32,11,40,41,30,1,1,5,0,0.8333333333333334,1.0,0.0,1.0
32,11,48,49,30,3,0,2,0,1.2,0.0,0.0,0.0
32,11,56,57,32,1,0,1,0,0.5,0.0,0.0,0.0
32,11,56,57,33,1,0,1,0,0.5,0.0,0.0,0.0
32,11,56,57,34,1,0,1,0,0.5,0.0,0.0,0.0
32,11,56,57,35,2,1,1,0,0.6666666666666666,0.5,0.0,0.5
32,11,56,57,37,2,1,1,0,0.6666666666666666,0.5,0.0,0.5
32,11,240,241,30,1,0,2,0,0.6666666666666666,0.0,0.0,0.0
32,11,240,241,32,1,0,1,0,0.5,0.0,0.0,0.0
32,11,248,249,2,1,0,1,0,0.5,0.0,0.0,0.0
32,11,248,249,5,1,0,1,0,0.5,0.0,0.0,0.0
32,11,248,249,18,2,0,1,0,0.6666666666666666,0.0,0.0,0.0
32,11,248,249,21,1,0,1,0,0.5,0.0,0.0,0.0
32,11,248,249,24,1,0,1,0,0.5,0.0,0.0,0.0
32,11,248,249,27,3,0,2,0,1.2,0.0,0.0,0.0
32,11,248,249,28,1,0,2,0,0.6666666666666666,0.0,0.0,0.0
32,11,248,249,29,2,0,3,0,1.2,0.0,0.0,0.0
32,12,32,33,26,1,1,1,0,0.5,1.0,0.0,1.0
32,12,240,241,21,2,0,2,0,1.0,0.0,0.0,0.0
32,12,240,241,22,2,0,3,0,1.2,0.0,0.0,0.0
32,12,240,241,23,2,0,4,0,1.3333333333333333,0.0,0.0,0.0
32,12,240,241,24,2,0,4,0,1.3333333333333333,0.0,0.0,0.0
32,12,240,241,25,2,0,2,0,1.0,0.0,0.0,0.0
32,12,248,249,5,3,0,1,0,0.75,0.0,0.0,0.0
32,12,248,249,6,5,0,1,0,0.8333333333333334,0.0,0.0,0.0
32,12,248,249,7,2,0,2,0,1.0,0.0,0.0,0.0
32,12,248,249,8,2,0,2,0,1.0,0.0,0.0,0.0
32,12,248,249,9,2,0,1,0,0.6666666666666666,0.0,0.0,0.0
32,12,248,249,19,1,0,1,0,0.5,0.0,0.0,0.0
32,12,248,249,20,1,0,2,0,0.6666666666666666,0.0,0.0,0.0
32,12,248,249,22,2,0,3,0,1.2,0.0,0.0,0.0
32,12,248,249,23,2,0,4,0,1.3333333333333333,0.0,0.0,0.0
32,12,248,249,24,2,0,4,0,1.3333333333333333,0.0,0.0,0.0
32,13,8,9,9,11,11,1,0,0.9166666666666666,1.0,0.0,1.0
32,13,16,17,15,10,8,6,0,3.75,0.8,0.0,0.8
32,13,24,25,16,1,0,1,0,0.5,0.0,0.0,0.0
32,13,24,25,17,3,2,2,0,1.2,0.6666666666666666,0.0,0.6666666666666666
32,13,24,25,18,2,0,3,0,1.2,0.0,0.0,0.0
32,13,24,25,19,3,1,3,0,1.5,0.3333333333333333,0.0,0.3333333333333333
32,13,32,33,23,1,1,5,0,0.8333333333333334,1.0,0.0,1.0
32,13,32,33,24,1,0,5,0,0.8333333333333334,0.0,0.0,0.0
32,13,40,41,28,2,1,3,0,1.2,0.5,0.0,0.5
32,13,48,49,31,4,3,1,0,0.8,0.75,0.0,0.75
32,13,72,73,37,1,1,1,0,0.5,1.0,0.0,1.0
32,13,72,73,43,1,1,6,0,0.8571428571428571,1.0,0.0,1.0
32,13,104,105,40,1,0,1,0,0.5,0.0,0.0,0.0
32,13,104,105,41,2,1,2,0,1.0,0.5,0.0,0.5
32,13,112,113,41,2,0,1,0,0.6666666666666666,0.0,0.0,0.0
32,13,112,113,42,1,0,3,0,0.75,0.0,0.0,0.0
32,13,112,113,43,1,0,4,0,0.8,0.0,0.0,0.0
32,13,112,113,44,1,0,5,0,0.8333333333333334,0.0,0.0,0.0
32,13,112,113,45,1,0,6,0,0.8571428571428571,0.0,0.0,0.0
32,13,112,113,46,1,0,6,0,0.8571428571428571,0.0,0.0,0.0
32,13,120,121,41,1,0,1,0,0.5,0.0,0.0,0.0
32,13,120,121,42,1,0,2,0,0.6666666666666666,0.0,0.0,0.0
32,13,120,121,43,1,0,3,0,0.75,0.0,0.0,0.0
32,13,120,121,44,1,0,4,0,0.8,0.0,0.0,0.0
32,13,120,121,45,1,0,5,0,0.8333333333333334,0.0,0.0,0.0
32,13,120,121,46,1,0,5,0,0.8333333333333334,0.0,0.0,0.0
32,13,120,121,47,1,0,5,0,0.8333333333333334,0.0,0.0,0.0
32,13,128,129,42,1,0,2,0,0.6666666666666666,0.0,0.0,0.0
32,13,128,129,43,1,0,3,0,0.75,0.0,0.0,0.0
32,13,128,129,44,1,0,4,0,0.8,0.0,0.0,0.0
32,13,128,129,45,1,0,5,0,0.8333333333333334,0.0,0.0,0.0
32,13,128,129,46,1,0,5,0,0.8333333333333334,0.0,0.0,0.0
32,13,128,129,47,1,0,5,0,0.8333333333333334,0.0,0.0,0.0
32,13,136,137,42,1,0,1,0,0.5,0.0,0.0,0.0
32,13,136,137,43,1,0,2,0,0.6666666666666666,0.0,0.0,0.0
32,13,136,137,44,1,0,3,0,0.75,0.0,0.0,0.0
32,13,136,137,45,1,0,4,0,0.8,0.0,0.0,0.0
32,13,136,137,46,1,0,4,0,0.8,0.0,0.0,0.0
32,13,136,137,47,1,0,4,0,0.8,0.0,0.0,0.0
32,13,136,137,48,1,0,4,0,0.8,0.0,0.0,0.0
32,13,144,145,44,1,0,1,0,0.5,0.0,0.0,0.0
32,13,144,145,45,1,1,2,0,0.6666666666666666,1.0,0.0,1.0
32,13,144,145,46,1,0,2,0,0.6666666666666666,0.0,0.0,0.0
32,13,144,145,47,2,1,2,0,1.0,0.5,0.0,0.5
32,13,144,145,48,1,0,3,0,0.75,0.0,0.0,0.0
32,13,144,145,49,1,0,3,0,0.75,0.0,0.0,0.0
32,13,240,241,17,3,0,1,0,0.75,0.0,0.0,0.0
32,13,240,241,23,3,0,1,0,0.75,0.0,0.0,0.0
32,13,240,241,28,2,0,1,0,0.6666666666666666,0.0,0.0,0.0
32,13,240,241,34,1,0,1,0,0.5,0.0,0.0,0.0
32,13,240,241,37,2,0,2,0,1.0,0.0,0.0,0.0
32,13,240,241,38,1,0,1,0,0.5,0.0,0.0,0.0
32,13,248,249,6,2,0,1,0,0.6666666666666666,0.0,0.0,0.0
32,13,248,249,7,2,0,2,0,1.0,0.0,0.0,0.0
32,13,248,249,8,2,0,3,0,1.2,0.0,0.0,0.0
32,13,248,249,9,2,0,4,0,1.3333333333333333,0.0,0.0,0.0
32,13,248,249,11,7,0,3,0,2.1,0.0,0.0,0.0
32,13,248,249,12,3,0,5,0,1.875,0.0,0.0,0.0
32,13,248,249,13,4,0,3,0,1.7142857142857142,0.0,0.0,0.0
32,13,248,249,14,3,0,4,0,1.7142857142857142,0.0,0.0,0.0
32,13,248,249,15,4,0,2,0,1.3333333333333333,0.0,0.0,0.0
32,13,248,249,16,6,0,3,0,2.0,0.0,0.0,0.0
32,13,248,249,17,5,0,4,0,2.2222222222222223,0.0,0.0,0.0
32,13,248,249,18,4,0,2,0,1.3333333333333333,0.0,0.0,0.0
32,13,248,249,19,3,0,2,0,1.2,0.0,0.0,0.0
32,13,248,249,20,5,0,2,0,1.4285714285714286,0.0,0.0,0.0
32,13,248,249,21,2,0,5,0,1.4285714285714286,0.0,0.0,0.0
32,13,248,249,22,3,0,3,0,1.5,0.0,0.0,0.0
32,13,248,249,23,3,0,3,0,1.5,0.0,0.0,0.0
32,13,248,249,24,3,0,1,0,0.75,0.0,0.0,0.0
32,13,248,249,26,2,0,1,0,0.6666666666666666,0.0,0.0,0.0
32,13,248,249,27,4,0,1,0,0.8,0.0,0.0,0.0
32,14,16,17,15,9,9,1,0,0.9,1.0,0.0,1.0
32,14,24,25,18,2,0,1,0,0.6666666666666666,0.0,0.0,0.0
32,14,24,25,19,2,1,4,0,1.3333333333333333,0.5,0.0,0.5
32,14,32,33,23,2,2,6,0,1.5,1.0,0.0,1.0
32,14,32,33,24,1,0,7,0,0.875,0.0,0.0,0.0
32,14,240,241,9,3,0,2,0,1.2,0.0,0.0,0.0
32,14,240,241,10,2,0,3,0,1.2,0.0,0.0,0.0
32,14,240,241,11,2,0,2,0,1.0,0.0,0.0,0.0
32,14,240,241,12,3,0,1,0,0.75,0.0,0.0,0.0
32,14,240,241,13,2,0,1,0,0.6666666666666666,0.0,0.0,0.0
32,14,240,241,14,1,0,1,0,0.5,0.0,0.0,0.0
32,14,240,241,15,1,0,1,0,0.5,0.0,0.0,0.0
32,14,240,241,17,1,0,1,0,0.5,0.0,0.0,0.0
32,14,240,241,22,4,0,1,0,0.8,0.0,0.0,0.0
32,14,240,241,23,3,0,1,0,0.75,0.0,0.0,0.0
32,14,240,241,25,3,0,1,0,0.75,0.0,0.0,0.0
32,14,248,249,7,1,0,2,0,0.6666666666666666,0.0,0.0,0.0
32,14,248,249,8,1,0,4,0,0.8,0.0,0.0,0.0
32,14,248,249,16,2,0,6,0,1.5,0.0,0.0,0.0
32,14,248,249,17,2,0,3,0,1.2,0.0,0.0,0.0
32,14,248,249,18,1,0,1,0,0.5,0.0,0.0,0.0
32,14,248,249,19,2,0,1,0,0.6666666666666666,0.0,0.0,0.0
32,14,248,249,20,1,0,3,0,0.75,0.0,0.0,0.0
32,14,248,249,21,1,0,4,0,0.8,0.0,0.0,0.0
32,14,248,249,22,2,0,5,0,1.4285714285714286,0.0,0.0,0.0
32,14,248,249,23,3,0,6,0,2.0,0.0,0.0,0.0
32,15,240,241,5,2,0,1,0,0.6666666666666666,0.0,0.0,0.0
32,15,240,241,6,3,0,1,0,0.75,0.0,0.0,0.0
32,15,240,241,7,1,0,2,0,0.6666666666666666,0.0,0.0,0.0
32,15,240,241,8,3,0,1,0,0.75,0.0,0.0,0.0
32,15,240,241,9,1,0,1,0,0.5,0.0,0.0,0.0
32,15,248,249,3,1,0,1,0,0.5,0.0,0.0,0.0
32,15,248,249,4,1,0,3,0,0.75,0.0,0.0,0.0
32,15,248,249,5,1,0,4,0,0.8,0.0,0.0,0.0
32,15,248,249,6,1,0,6,0,0.8571428571428571,0.0,0.0,0.0
32,15,248,249,7,2,0,6,0,1.5,0.0,0.0,0.0
32,15,248,249,8,2,0,7,0,1.5555555555555556,0.0,0.0,0.0
32,15,248,249,9,2,0,7,0,1.5555555555555556,0.0,0.0,0.0
32,15,248,249,10,2,0,6,0,1.5,0.0,0.0,0.0
32,15,248,249,11,2,0,4,0,1.3333333333333333,0.0,0.0,0.0
32,16,8,9,9,6,6,1,0,0.8571428571428571,1.0,0.0,1.0
32,16,16,17,15,13,12,1,0,0.9285714285714286,0.9230769230769231,0.0,0.9230769230769231
32,16,24,25,20,1,0,3,0,0.75,0.0,0.0,0.0
32,16,24,25,21,6,4,5,0,2.727272727272727,0.6666666666666666,0.0,0.6666666666666666
32,16,32,33,21,3,1,1,0,0.75,0.3333333333333333,0.0,0.3333333333333333
32,16,32,33,27,3,2,5,0,1.875,0.6666666666666666,0.0,0.6666666666666666
32,16,40,41,24,1,0,3,0,0.75,0.0,0.0,0.0
32,16,40,41,25,2,1,3,0,1.2,0.5,0.0,0.5
32,16,40,41,26,1,1,4,0,0.8,1.0,0.0,1.0
32,16,40,41,27,1,1,4,0,0.8,1.0,0.0,1.0
32,16,240,241,15,2,0,1,0,0.6666666666666666,0.0,0.0,0.0
32,16,240,241,21,4,0,1,0,0.8,0.0,0.0,0.0
32,16,240,241,24,2,0,1,0,0.6666666666666666,0.0,0.0,0.0
32,16,240,241,25,2,0,1,0,0.6666666666666666,0.0,0.0,0.0
32,16,240,241,27,6,0,2,0,1.5,0.0,0.0,0.0
32,16,248,249,3,3,0,1,0,0.75,0.0,0.0,0.0
32,16,248,249,4,2,0,2,0,1.0,0.0,0.0,0.0
32,16,248,249,5,3,0,1,0,0.75,0.0,0.0,0.0
32,16,248,249,6,4,0,2,0,1.3333333333333333,0.0,0.0,0.0
32,16,248,249,7,1,0,4,0,0.8,0.0,0.0,0.0
32,16,248,249,8,2,0,4,0,1.3333333333333333,0.0,0.0,0.0
32,16,248,249,10,1,0,7,0,0.875,0.0,0.0,0.0
32,16,248,249,14,1,0,7,0,0.875,0.0,0.0,0.0
32,16,248,249,15,1,0,7,0,0.875,0.0,0.0,0.0
32,16,248,249,16,2,0,7,0,1.5555555555555556,0.0,0.0,0.0
32,16,248,249,17,1,0,8,0,0.8888888888888888,0.0,0.0,0.0
32,16,248,249,18,3,0,5,0,1.875,0.0,0.0,0.0
32,16,248,249,19,2,0,6,0,1.5,0.0,0.0,0.0
32,16,248,249,20,3,0,7,0,2.1,0.0,0.0,0.0
32,16,248,249,21,2,0,9,0,1.6363636363636365,0.0,0.0,0.0
32,17,8,9,9,9,9,2,0,1.6363636363636365,1.0,0.0,1.0
32,17,16,17,15,8,8,3,0,2.1818181818181817,1.0,0.0,1.0
32,17,32,33,18,1,0,1,0,0.5,0.0,0.0,0.0
32,17,32,33,19,1,0,2,0,0.6666666666666666,0.0,0.0,0.0
32,17,32,33,20,1,0,2,0,0.6666666666666666,0.0,0.0,0.0
32,17,32,33,21,3,1,2,0,1.2,0.3333333333333333,0.0,0.3333333333333333
32,17,48,49,30,1,0,2,0,0.6666666666666666,0.0,0.0,0.0
32,17,240,241,4,2,0,1,0,0.6666666666666666,0.0,0.0,0.0
32,17,240,241,5,2,0,2,0,1.0,0.0,0.0,0.0
32,17,240,241,6,2,0,1,0,0.6666666666666666,0.0,0.0,0.0
32,17,240,241,7,3,0,1,0,0.75,0.0,0.0,0.0
32,17,240,241,8,5,0,1,0,0.8333333333333334,0.0,0.0,0.0
32,17,240,241,9,4,0,2,0,1.3333333333333333,0.0,0.0,0.0
32,17,240,241,11,4,0,1,0,0.8,0.0,0.0,0.0
32,17,240,241,12,4,0,1,0,0.8,0.0,0.0,0.0
32,17,240,241,14,5,0,1,0,0.8333333333333334,0.0,0.0,0.0
32,17,240,241,15,3,0,1,0,0.75,0.0,0.0,0.0
32,17,240,241,21,1,0,1,0,0.5,0.0,0.0,0.0
32,17,240,241,23,1,0,2,0,0.6666666666666666,0.0,0.0,0.0
32,17,240,241,24,3,0,1,0,0.75,0.0,0.0,0.0
32,17,240,241,25,3,0,1,0,0.75,0.0,0.0,0.0
32,17,240,241,26,3,0,1,0,0.75,0.0,0.0,0.0
32,17,248,249,2,4,0,3,0,1.7142857142857142,0.0,0.0,0.0
32,17,248,249,3,1,0,7,0,0.875,0.0,0.0,0.0
32,17,248,249,4,1,0,7,0,0.875,0.0,0.0,0.0
32,17,248,249,5,2,0,6,0,1.5,0.0,0.0,0.0
32,17,248,249,13,1,0,15,0,0.9375,0.0,0.0,0.0
32,17,248,249,16,1,0,6,0,0.8571428571428571,0.0,0.0,0.0
32,17,248,249,17,1,0,4,0,0.8,0.0,0.0,0.0
32,17,248,249,18,3,0,2,0,1.2,0.0,0.0,0.0
32,17,248,249,19,3,0,3,0,1.5,0.0,0.0,0.0
32,17,248,249,20,2,0,3,0,1.2,0.0,0.0,0.0
32,17,248,249,21,1,0,3,0,0.75,0.0,0.0,0.0
32,17,248,249,22,2,0,2,0,1.0,0.0,0.0,0.0
32,18,240,241,9,2,0,2,0,1.0,0.0,0.0,0.0
32,18,240,241,10,3,0,3,0,1.5,0.0,0.0,0.0
32,18,240,241,11,3,0,3,0,1.5,0.0,0.0,0.0
32,18,240,241,12,2,0,2,0,1.0,0.0,0.0,0.0
32,18,240,241,14,4,0,2,0,1.3333333333333333,0.0,0.0,0.0
32,18,240,241,15,3,0,3,0,1.5,0.0,0.0,0.0
32,18,240,241,16,4,0,3,0,1.7142857142857142,0.0,0.0,0.0
32,18,240,241,17,2,0,3,0,1.2,0.0,0.0,0.0
32,19,8,9,9,5,5,1,0,0.8333333333333334,1.0,0.0,1.0
32,19,240,241,12,1,0,2,0,0.6666666666666666,0.0,0.0,0.0
32,19,240,241,13,2,0,1,0,0.6666666666666666,0.0,0.0,0.0
32,19,248,249,1,1,0,2,0,0.6666666666666666,0.0,0.0,0.0
32,19,248,249,2,2,0,2,0,1.0,0.0,0.0,0.0
32,19,248,249,3,2,0,2,0,1.0,0.0,0.0,0.0
32,19,248,249,4,3,0,2,0,1.2,0.0,0.0,0.0
32,19,248,249,5,1,0,4,0,0.8,0.0,0.0,0.0
32,19,248,249,6,4,0,3,0,1.7142857142857142,0.0,0.0,0.0
32,19,248,249,7,4,0,2,0,1.3333333333333333,0.0,0.0,0.0
32,19,248,249,8,1,0,3,0,0.75,0.0,0.0,0.0
32,19,248,249,9,2,0,2,0,1.0,0.0,0.0,0.0
32,19,248,249,10,2,0,3,0,1.2,0.0,0.0,0.0
32,19,248,249,11,2,0,4,0,1.3333333333333333,0.0,0.0,0.0
32,20,16,17,13,4,2,1,0,0.8,0.5,0.0,0.5
32,20,16,17,15,5,4,6,0,2.727272727272727,0.8,0.0,0.8
32,20,24,25,17,2,2,1,0,0.6666666666666666,1.0,0.0,1.0
32,20,24,25,18,2,1,3,0,1.2,0.5,0.0,0.5
32,20,24,25,21,5,2,11,0,3.4375,0.4,0.0,0.4
32,20,32,33,20,2,0,1,0,0.6666666666666666,0.0,0.0,0.0
32,20,32,33,21,5,3,3,0,1.875,0.6,0.0,0.6
32,20,32,33,22,5,1,6,0,2.727272727272727,0.2,0.0,0.2
32,20,32,33,27,1,1,12,0,0.9230769230769231,1.0,0.0,1.0
32,20,40,41,25,2,1,3,0,1.2,0.5,0.0,0.5
32,20,40,41,26,1,1,6,0,0.8571428571428571,1.0,0.0,1.0
32,20,40,41,27,1,1,9,0,0.9,1.0,0.0,1.0
32,20,40,41,28,1,1,12,0,0.9230769230769231,1.0,0.0,1.0
32,20,48,49,27,2,1,6,0,1.5,0.5,0.0,0.5
32,20,48,49,28,2,0,9,0,1.6363636363636365,0.0,0.0,0.0
32,20,48,49,29,3,1,11,0,2.357142857142857,0.3333333333333333,0.0,0.3333333333333333
32,20,56,57,28,1,0,1,0,0.5,0.0,0.0,0.0
32,20,56,57,29,1,0,2,0,0.6666666666666666,0.0,0.0,0.0
32,20,56,57,30,1,0,2,0,0.6666666666666666,0.0,0.0,0.0
32,20,56,57,31,3,2,2,0,1.2,0.6666666666666666,0.0,0.6666666666666666
32,20,56,57,32,1,0,3,0,0.75,0.0,0.0,0.0
32,20,56,57,33,3,2,3,0,1.5,0.6666666666666666,0.0,0.6666666666666666
32,20,56,57,34,1,0,3,0,0.75,0.0,0.0,0.0
32,20,56,57,35,2,1,2,0,1.0,0.5,0.0,0.5
32,20,240,241,6,1,0,1,0,0.5,0.0,0.0,0.0
32,20,240,241,16,1,0,1,0,0.5,0.0,0.0,0.0
32,20,240,241,17,1,0,2,0,0.6666666666666666,0.0,0.0,0.0
32,20,240,241,20,3,0,1,0,0.75,0.0,0.0,0.0
32,20,240,241,21,5,0,1,0,0.8333333333333334,0.0,0.0,0.0
32,20,240,241,22,2,0,1,0,0.6666666666666666,0.0,0.0,0.0
32,20,240,241,25,2,0,2,0,1.0,0.0,0.0,0.0
32,20,240,241,26,6,0,2,0,1.5,0.0,0.0,0.0
32,20,240,241,27,5,0,4,0,2.2222222222222223,0.0,0.0,0.0
32,20,240,241,28,4,0,4,0,2.0,0.0,0.0,0.0
32,20,240,241,29,5,0,3,0,1.875,0.0,0.0,0.0
32,20,240,241,30,3,0,2,0,1.2,0.0,0.0,0.0
32,20,240,241,31,4,0,1,0,0.8,0.0,0.0,0.0
32,20,240,241,32,2,0,1,0,0.6666666666666666,0.0,0.0,0.0
32,20,240,241,33,2,0,1,0,0.6666666666666666,0.0,0.0,0.0
32,20,240,241,34,1,0,1,0,0.5,0.0,0.0,0.0
32,20,248,249,3,1,0,1,0,0.5,0.0,0.0,0.0
32,20,248,249,6,1,0,1,0,0.5,0.0,0.0,0.0
32,20,248,249,7,2,0,1,0,0.6666666666666666,0.0,0.0,0.0
32,20,248,249,8,3,0,1,0,0.75,0.0,0.0,0.0
32,20,248,249,9,4,0,1,0,0.8,0.0,0.0,0.0
32,20,248,249,11,3,0,1,0,0.75,0.0,0.0,0.0
32,20,248,249,13,2,0,1,0,0.6666666666666666,0.0,0.0,0.0
32,20,248,249,15,3,0,1,0,0.75,0.0,0.0,0.0
32,20,248,249,16,3,0,1,0,0.75,0.0,0.0,0.0
32,20,248,249,17,3,0,2,0,1.2,0.0,0.0,0.0
32,20,248,249,18,5,0,3,0,1.875,0.0,0.0,0.0
32,20,248,249,19,4,0,6,0,2.4,0.0,0.0,0.0
32,20,248,249,20,6,0,6,0,3.0,0.0,0.0,0.0
32,20,248,249,21,4,0,7,0,2.5454545454545454,0.0,0.0,0.0
32,20,248,249,22,5,0,5,0,2.5,0.0,0.0,0.0
32,20,248,249,23,8,0,3,0,2.1818181818181817,0.0,0.0,0.0
32,20,248,249,24,4,0,5,0,2.2222222222222223,0.0,0.0,0.0
32,20,248,249,25,11,0,6,0,3.8823529411764706,0.0,0.0,0.0
32,21,8,9,9,9,8,1,0,0.9,0.8888888888888888,0.0,0.8888888888888888
32,21,16,17,15,14,12,2,0,1.75,0.8571428571428571,0.0,0.8571428571428571
32,21,24,25,21,2,2,7,0,1.5555555555555556,1.0,0.0,1.0
32,21,32,33,24,3,1,2,0,1.2,0.3333333333333333,0.0,0.3333333333333333
32,21,32,33,25,3,1,5,0,1.875,0.3333333333333333,0.0,0.3333333333333333
32,21,40,41,31,2,1,1,0,0.6666666666666666,0.5,0.0,0.5
32,21,56,57,37,3,1,1,0,0.75,0.3333333333333333,0.0,0.3333333333333333
32,21,56,57,39,2,1,6,0,1.5,0.5,0.0,0.5
32,21,56,57,40,1,0,9,0,0.9,0.0,0.0,0.0
32,21,56,57,41,1,1,11,0,0.9166666666666666,1.0,0.0,1.0
32,21,64,65,38,1,0,2,0,0.6666666666666666,0.0,0.0,0.0
32,21,64,65,39,1,0,5,0,0.8333333333333334,0.0,0.0,0.0
32,21,64,65,40,1,0,7,0,0.875,0.0,0.0,0.0
32,21,64,65,41,2,1,9,0,1.6363636363636365,0.5,0.0,0.5
32,21,64,65,43,1,0,11,0,0.9166666666666666,0.0,0.0,0.0
32,21,72,73,39,1,0,3,0,0.75,0.0,0.0,0.0
32,21,72,73,40,1,1,5,0,0.8333333333333334,1.0,0.0,1.0
32,21,72,73,41,1,1,7,0,0.875,1.0,0.0,1.0
32,21,72,73,42,1,1,7,0,0.875,1.0,0.0,1.0
32,21,72,73,43,1,1,7,0,0.875,1.0,0.0,1.0
32,21,72,73,45,1,1,4,0,0.8,1.0,0.0,1.0
32,21,72,73,47,1,1,2,0,0.6666666666666666,1.0,0.0,1.0
32,21,88,89,41,2,1,1,0,0.6666666666666666,0.5,0.0,0.5
32,21,88,89,42,2,0,2,0,1.0,0.0,0.0,0.0
32,21,88,89,43,3,1,3,0,1.5,0.3333333333333333,0.0,0.3333333333333333
32,21,96,97,42,1,0,1,0,0.5,0.0,0.0,0.0
32,21,96,97,43,1,0,2,0,0.6666666666666666,0.0,0.0,0.0
32,21,96,97,44,1,0,2,0,0.6666666666666666,0.0,0.0,0.0
32,21,96,97,45,1,0,2,0,0.6666666666666666,0.0,0.0,0.0
32,21,96,97,46,1,0,2,0,0.6666666666666666,0.0,0.0,0.0
32,21,240,241,11,2,0,1,0,0.6666666666666666,0.0,0.0,0.0
32,21,240,241,13,5,0,1,0,0.8333333333333334,0.0,0.0,0.0
32,21,240,241,14,7,0,2,0,1.5555555555555556,0.0,0.0,0.0
32,21,240,241,15,7,0,1,0,0.875,0.0,0.0,0.0
32,21,240,241,16,5,0,2,0,1.4285714285714286,0.0,0.0,0.0
32,21,240,241,17,6,0,2,0,1.5,0.0,0.0,0.0
32,21,240,241,18,2,0,2,0,1.0,0.0,0.0,0.0
32,21,240,241,20,1,0,1,0,0.5,0.0,0.0,0.0
32,21,240,241,21,4,0,1,0,0.8,0.0,0.0,0.0
32,21,240,241,22,1,0,4,0,0.8,0.0,0.0,0.0
32,21,240,241,23,1,0,4,0,0.8,0.0,0.0,0.0
32,21,240,241,24,2,0,4,0,1.3333333333333333,0.0,0.0,0.0
32,21,240,241,25,2,0,5,0,1.4285714285714286,0.0,0.0,0.0
32,21,240,241,26,2,0,5,0,1.4285714285714286,0.0,0.0,0.0
32,21,240,241,27,2,0,4,0,1.3333333333333333,0.0,0.0,0.0
32,21,240,241,28,2,0,3,0,1.2,0.0,0.0,0.0
32,21,240,241,29,2,0,2,0,1.0,0.0,0.0,0.0
32,21,240,241,30,2,0,1,0,0.6666666666666666,0.0,0.0,0.0
32,21,248,249,4,3,0,1,0,0.75,0.0,0.0,0.0
32,21,248,249,5,3,0,2,0,1.2,0.0,0.0,0.0
32,21,248,249,6,2,0,2,0,1.0,0.0,0.0,0.0
32,21,248,249,7,6,0,3,0,2.0,0.0,0.0,0.0
32,21,248,249,8,2,0,7,0,1.5555555555555556,0.0,0.0,0.0
32,21,248,249,13,1,0,15,0,0.9375,0.0,0.0,0.0
32,21,248,249,15,2,0,13,0,1.7333333333333334,0.0,0.0,0.0
32,21,248,249,16,3,0,12,0,2.4,0.0,0.0,0.0
32,21,248,249,40,2,0,4,0,1.3333333333333333,0.0,0.0,0.0
32,21,248,249,41,1,0,6,0,0.8571428571428571,0.0,0.0,0.0
32,21,248,249,42,1,0,6,0,0.8571428571428571,0.0,0.0,0.0
32,21,248,249,43,1,0,7,0,0.875,0.0,0.0,0.0
32,21,248,249,44,2,0,6,0,1.5,0.0,0.0,0.0
32,21,248,249,45,2,0,4,0,1.3333333333333333,0.0,0.0,0.0
32,21,248,249,46,2,0,3,0,1.2,0.0,0.0,0.0
32,22,8,9,9,9,8,2,0,1.6363636363636365,0.8888888888888888,0.0,0.8888888888888888
32,22,16,17,15,12,12,4,0,3.0,1.0,0.0,1.0
32,22,24,25,18,1,0,1,0,0.5,0.0,0.0,0.0
32,22,24,25,19,5,4,1,0,0.8333333333333334,0.8,0.0,0.8
32,22,24,25,20,1,0,5,0,0.8333333333333334,0.0,0.0,0.0
32,22,24,25,21,3,0,5,0,1.875,0.0,0.0,0.0
32,22,32,33,27,2,2,15,0,1.7647058823529411,1.0,0.0,1.0
32,22,40,41,29,1,1,10,0,0.9090909090909091,1.0,0.0,1.0
32,22,48,49,26,2,0,1,0,0.6666666666666666,0.0,0.0,0.0
32,22,48,49,27,2,0,3,0,1.2,0.0,0.0,0.0
32,22,48,49,28,2,0,3,0,1.2,0.0,0.0,0.0
32,22,48,49,29,4,2,5,0,2.2222222222222223,0.5,0.0,0.5
32,22,48,49,30,1,1,8,0,0.8888888888888888,1.0,0.0,1.0
32,22,48,49,31,1,0,8,0,0.8888888888888888,0.0,0.0,0.0
32,22,48,49,33,1,0,7,0,0.875,0.0,0.0,0.0
32,22,48,49,34,1,0,4,0,0.8,0.0,0.0,0.0
32,22,48,49,35,1,0,3,0,0.75,0.0,0.0,0.0
32,22,48,49,37,4,4,1,0,0.8,1.0,0.0,1.0
32,22,56,57,29,1,1,3,0,0.75,1.0,0.0,1.0
32,22,56,57,30,1,0,4,0,0.8,0.0,0.0,0.0
32,22,56,57,31,2,1,5,0,1.4285714285714286,0.5,0.0,0.5
32,22,56,57,32,1,0,7,0,0.875,0.0,0.0,0.0
32,22,72,73,31,2,1,1,0,0.6666666666666666,0.5,0.0,0.5
32,22,72,73,32,1,0,2,0,0.6666666666666666,0.0,0.0,0.0
32,22,72,73,33,2,1,3,0,1.2,0.5,0.0,0.5
32,22,80,81,33,2,1,1,0,0.6666666666666666,0.5,0.0,0.5
32,22,80,81,34,1,0,2,0,0.6666666666666666,0.0,0.0,0.0
32,22,80,81,35,1,1,2,0,0.6666666666666666,1.0,0.0,1.0
32,22,240,241,4,2,0,1,0,0.6666666666666666,0.0,0.0,0.0
32,22,240,241,6,2,0,2,0,1.0,0.0,0.0,0.0
32,22,240,241,7,3,0,1,0,0.75,0.0,0.0,0.0
32,22,240,241,9,1,0,1,0,0.5,0.0,0.0,0.0
32,22,240,241,13,5,0,1,0,0.8333333333333334,0.0,0.0,0.0
32,22,240,241,14,6,0,1,0,0.8571428571428571,0.0,0.0,0.0
32,22,240,241,15,5,0,3,0,1.875,0.0,0.0,0.0
32,22,240,241,16,5,0,3,0,1.875,0.0,0.0,0.0
32,22,240,241,17,5,0,4,0,2.2222222222222223,0.0,0.0,0.0
32,22,240,241,18,3,0,3,0,1.5,0.0,0.0,0.0
32,22,240,241,19,2,0,2,0,1.0,0.0,0.0,0.0
32,22,240,241,22,3,0,1,0,0.75,0.0,0.0,0.0
32,22,240,241,24,5,0,1,0,0.8333333333333334,0.0,0.0,0.0
32,22,240,241,25,4,0,1,0,0.8,0.0,0.0,0.0
32,22,240,241,28,1,0,1,0,0.5,0.0,0.0,0.0
32,22,240,241,31,4,0,1,0,0.8,0.0,0.0,0.0
32,22,240,241,32,5,0,1,0,0.8333333333333334,0.0,0.0,0.0
32,22,240,241,33,3,0,2,0,1.2,0.0,0.0,0.0
32,22,240,241,34,1,0,1,0,0.5,0.0,0.0,0.0
32,22,240,241,37,4,0,1,0,0.8,0.0,0.0,0.0
32,22,248,249,2,3,0,1,0,0.75,0.0,0.0,0.0
32,22,248,249,3,3,0,3,0,1.5,0.0,0.0,0.0
32,22,248,249,4,5,0,2,0,1.4285714285714286,0.0,0.0,0.0
32,22,248,249,5,3,0,4,0,1.7142857142857142,0.0,0.0,0.0
32,22,248,249,6,2,0,3,0,1.2,0.0,0.0,0.0
32,22,248,249,7,3,0,2,0,1.2,0.0,0.0,0.0
32,22,248,249,8,5,0,3,0,1.875,0.0,0.0,0.0
32,22,248,249,10,5,0,6,0,2.727272727272727,0.0,0.0,0.0
32,22,248,249,11,3,0,9,0,2.25,0.0,0.0,0.0
32,22,248,249,12,7,0,9,0,3.9375,0.0,0.0,0.0
32,22,248,249,13,5,0,13,0,3.611111111111111,0.0,0.0,0.0
32,22,248,249,14,6,0,11,0,3.8823529411764706,0.0,0.0,0.0
32,22,248,249,15,2,0,11,0,1.6923076923076923,0.0,0.0,0.0
32,22,248,249,16,4,0,8,0,2.6666666666666665,0.0,0.0,0.0
32,22,248,249,17,2,0,7,0,1.5555555555555556,0.0,0.0,0.0
32,22,248,249,18,2,0,5,0,1.4285714285714286,0.0,0.0,0.0
32,22,248,249,19,1,0,7,0,0.875,0.0,0.0,0.0
32,22,248,249,20,4,0,5,0,2.2222222222222223,0.0,0.0,0.0
32,22,248,249,23,1,0,6,0,0.8571428571428571,0.0,0.0,0.0
32,22,248,249,24,4,0,6,0,2.4,0.0,0.0,0.0
32,22,248,249,25,4,0,5,0,2.2222222222222223,0.0,0.0,0.0
32,22,248,249,26,3,0,3,0,1.5,0.0,0.0,0.0
32,22,248,249,27,4,0,3,0,1.7142857142857142,0.0,0.0,0.0
32,22,248,249,28,8,0,2,0,1.6,0.0,0.0,0.0
32,22,248,249,29,7,0,5,0,2.9166666666666665,0.0,0.0,0.0
32,22,248,249,30,4,0,8,0,2.6666666666666665,0.0,0.0,0.0
32,22,248,249,32,2,0,8,0,1.6,0.0,0.0,0.0
32,22,248,249,33,2,0,7,0,1.5555555555555556,0.0,0.0,0.0
32,22,248,249,34,2,0,4,0,1.3333333333333333,0.0,0.0,0.0
32,22,248,249,35,4,0,3,0,1.7142857142857142,0.0,0.0,0.0
32,22,248,249,36,3,0,3,0,1.5,0.0,0.0,0.0
32,22,248,249,37,4,0,1,0,0.8,0.0,0.0,0.0
32,23,8,9,9,6,6,1,0,0.8571428571428571,1.0,0.0,1.0
32,23,16,17,15,8,8,5,0,3.076923076923077,1.0,0.0,1.0
32,23,24,25,18,1,0,1,0,0.5,0.0,0.0,0.0
32,23,24,25,19,4,3,1,0,0.8,0.75,0.0,0.75
32,23,24,25,21,1,1,3,0,0.75,1.0,0.0,1.0
32,23,32,33,25,3,0,2,0,1.2,0.0,0.0,0.0
32,23,240,241,9,1,0,1,0,0.5,0.0,0.0,0.0
32,23,240,241,11,4,0,2,0,1.3333333333333333,0.0,0.0,0.0
32,23,240,241,12,5,0,2,0,1.4285714285714286,0.0,0.0,0.0
32,23,240,241,13,6,0,1,0,0.8571428571428571,0.0,0.0,0.0
32,23,240,241,14,4,0,2,0,1.3333333333333333,0.0,0.0,0.0
32,23,240,241,15,5,0,1,0,0.8333333333333334,0.0,0.0,0.0
32,23,240,241,16,1,0,2,0,0.6666666666666666,0.0,0.0,0.0
32,23,240,241,22,2,0,1,0,0.6666666666666666,0.0,0.0,0.0
32,23,240,241,23,1,0,1,0,0.5,0.0,0.0,0.0
32,23,248,249,5,3,0,2,0,1.2,0.0,0.0,0.0
32,23,248,249,6,2,0,3,0,1.2,0.0,0.0,0.0
32,23,248,249,7,3,0,1,0,0.75,0.0,0.0,0.0
32,23,248,249,8,3,0,2,0,1.2,0.0,0.0,0.0
32,23,248,249,9,1,0,5,0,0.8333333333333334,0.0,0.0,0.0
32,23,248,249,10,2,0,7,0,1.5555555555555556,0.0,0.0,0.0
32,23,248,249,13,2,0,9,0,1.6363636363636365,0.0,0.0,0.0
32,23,248,249,14,2,0,9,0,1.6363636363636365,0.0,0.0,0.0
32,23,248,249,15,2,0,9,0,1.6363636363636365,0.0,0.0,0.0
32,23,248,249,16,1,0,8,0,0.8888888888888888,0.0,0.0,0.0
32,23,248,249,17,1,0,7,0,0.875,0.0,0.0,0.0
32,23,248,249,18,3,0,5,0,1.875,0.0,0.0,0.0
32,23,248,249,19,2,0,4,0,1.3333333333333333,0.0,0.0,0.0
32,23,248,249,20,4,0,2,0,1.3333333333333333,0.0,0.0,0.0
32,23,248,249,25,2,0,1,0,0.6666666666666666,0.0,0.0,0.0
32,23,248,249,27,2,0,1,0,0.6666666666666666,0.0,0.0,0.0
32,23,248,249,28,2,0,1,0,0.6666666666666666,0.0,0.0,0.0
32,23,248,249,29,5,0,1,0,0.8333333333333334,0.0,0.0,0.0
32,23,248,249,30,1,0,4,0,0.8,0.0,0.0,0.0
32,23,248,249,31,2,0,2,0,1.0,0.0,0.0,0.0
32,24,32,33,25,3,2,1,0,0.75,0.6666666666666666,0.0,0.6666666666666666
32,24,32,33,26,2,0,3,0,1.2,0.0,0.0,0.0
32,24,40,41,31,8,8,1,0,0.8888888888888888,1.0,0.0,1.0
32,24,40,41,32,4,2,7,0,2.5454545454545454,0.5,0.0,0.5
32,24,40,41,33,2,0,10,0,1.6666666666666667,0.0,0.0,0.0
32,24,240,241,9,2,0,1,0,0.6666666666666666,0.0,0.0,0.0
32,24,240,241,10,3,0,1,0,0.75,0.0,0.0,0.0
32,24,240,241,24,1,0,1,0,0.5,0.0,0.0,0.0
32,24,240,241,28,4,0,1,0,0.8,0.0,0.0,0.0
32,24,240,241,30,2,0,1,0,0.6666666666666666,0.0,0.0,0.0
32,24,240,241,31,2,0,1,0,0.6666666666666666,0.0,0.0,0.0
32,24,240,241,32,3,0,1,0,0.75,0.0,0.0,0.0
32,24,240,241,34,2,0,1,0,0.6666666666666666,0.0,0.0,0.0
32,24,240,241,36,2,0,1,0,0.6666666666666666,0.0,0.0,0.0
32,24,240,241,37,4,0,1,0,0.8,0.0,0.0,0.0
32,24,240,241,38,1,0,2,0,0.6666666666666666,0.0,0.0,0.0
32,24,248,249,1,2,0,1,0,0.6666666666666666,0.0,0.0,0.0
32,24,248,249,2,2,0,1,0,0.6666666666666666,0.0,0.0,0.0
32,24,248,249,3,2,0,1,0,0.6666666666666666,0.0,0.0,0.0
32,24,248,249,8,1,0,1,0,0.5,0.0,0.0,0.0
32,24,248,249,9,2,0,3,0,1.2,0.0,0.0,0.0
32,24,248,249,12,2,0,4,0,1.3333333333333333,0.0,0.0,0.0
32,24,248,249,14,3,0,2,0,1.2,0.0,0.0,0.0
32,24,248,249,28,1,0,5,0,0.8333333333333334,0.0,0.0,0.0
32,24,248,249,31,1,0,6,0,0.8571428571428571,0.0,0.0,0.0
32,24,248,249,32,1,0,6,0,0.8571428571428571,0.0,0.0,0.0
32,24,248,249,33,1,0,6,0,0.8571428571428571,0.0,0.0,0.0
32,24,248,249,34,1,0,6,0,0.8571428571428571,0.0,0.0,0.0
32,24,248,249,35,2,0,5,0,1.4285714285714286,0.0,0.0,0.0
32,24,248,249,36,3,0,4,0,1.7142857142857142,0.0,0.0,0.0
32,24,248,249,37,3,0,3,0,1.5,0.0,0.0,0.0
32,25,8,9,9,15,15,1,0,0.9375,1.0,0.0,1.0
32,25,16,17,15,5,5,1,0,0.8333333333333334,1.0,0.0,1.0
32,25,240,241,6,3,0,1,0,0.75,0.0,0.0,0.0
32,25,240,241,7,2,0,1,0,0.6666666666666666,0.0,0.0,0.0
32,25,240,241,8,3,0,2,0,1.2,0.0,0.0,0.0
32,25,240,241,9,5,0,2,0,1.4285714285714286,0.0,0.0,0.0
32,25,240,241,10,6,0,3,0,2.0,0.0,0.0,0.0
32,25,240,241,11,2,0,4,0,1.3333333333333333,0.0,0.0,0.0
32,25,240,241,12,2,0,3,0,1.2,0.0,0.0,0.0
32,25,240,241,13,1,0,3,0,0.75,0.0,0.0,0.0
32,25,240,241,14,5,0,2,0,1.4285714285714286,0.0,0.0,0.0
32,25,240,241,15,1,0,4,0,0.8,0.0,0.0,0.0
32,25,240,241,16,1,0,3,0,0.75,0.0,0.0,0.0
32,25,240,241,17,1,0,3,0,0.75,0.0,0.0,0.0
32,25,240,241,18,3,0,2,0,1.2,0.0,0.0,0.0
32,25,248,249,4,1,0,1,0,0.5,0.0,0.0,0.0
32,25,248,249,5,1,0,3,0,0.75,0.0,0.0,0.0
32,25,248,249,6,1,0,5,0,0.8333333333333334,0.0,0.0,0.0
32,25,248,249,7,1,0,6,0,0.8571428571428571,0.0,0.0,0.0
32,25,248,249,8,2,0,8,0,1.6,0.0,0.0,0.0
32,25,248,249,9,1,0,9,0,0.9,0.0,0.0,0.0
32,25,248,249,10,1,0,9,0,0.9,0.0,0.0,0.0
32,25,248,249,11,2,0,8,0,1.6,0.0,0.0,0.0
32,25,248,249,12,2,0,7,0,1.5555555555555556,0.0,0.0,0.0
32,25,248,249,13,2,0,7,0,1.5555555555555556,0.0,0.0,0.0
32,25,248,249,14,2,0,7,0,1.5555555555555556,0.0,0.0,0.0
32,26,24,25,19,5,4,1,0,0.8333333333333334,0.8,0.0,0.8
32,26,240,241,5,2,0,2,0,1.0,0.0,0.0,0.0
32,26,240,241,6,1,0,4,0,0.8,0.0,0.0,0.0
32,26,240,241,7,3,0,1,0,0.75,0.0,0.0,0.0
32,26,240,241,13,2,0,1,0,0.6666666666666666,0.0,0.0,0.0
32,26,240,241,14,1,0,3,0,0.75,0.0,0.0,0.0
32,26,240,241,16,4,0,1,0,0.8,0.0,0.0,0.0
32,26,240,241,20,2,0,1,0,0.6666666666666666,0.0,0.0,0.0
32,26,240,241,21,1,0,1,0,0.5,0.0,0.0,0.0
32,26,240,241,23,1,0,1,0,0.5,0.0,0.0,0.0
32,26,248,249,2,3,0,4,0,1.7142857142857142,0.0,0.0,0.0
32,26,248,249,8,2,0,3,0,1.2,0.0,0.0,0.0
32,26,248,249,9,2,0,3,0,1.2,0.0,0.0,0.0
32,26,248,249,10,2,0,4,0,1.3333333333333333,0.0,0.0,0.0
32,26,248,249,11,2,0,5,0,1.4285714285714286,0.0,0.0,0.0
32,26,248,249,12,1,0,7,0,0.875,0.0,0.0,0.0
32,26,248,249,13,2,0,7,0,1.5555555555555556,0.0,0.0,0.0
32,26,248,249,14,1,0,9,0,0.9,0.0,0.0,0.0
32,26,248,249,15,2,0,7,0,1.5555555555555556,0.0,0.0,0.0
32,26,248,249,16,2,0,8,0,1.6,0.0,0.0,0.0
32,26,248,249,17,3,0,8,0,2.1818181818181817,0.0,0.0,0.0
32,26,248,249,19,2,0,7,0,1.5555555555555556,0.0,0.0,0.0
32,26,248,249,21,2,0,6,0,1.5,0.0,0.0,0.0
32,27,32,33,23,2,2,1,0,0.6666666666666666,1.0,0.0,1.0
32,27,32,33,24,3,1,2,0,1.2,0.3333333333333333,0.0,0.3333333333333333
32,27,32,33,25,4,4,4,0,2.0,1.0,0.0,1.0
32,27,32,33,26,2,1,6,0,1.5,0.5,0.0,0.5
32,27,32,33,27,4,2,6,0,2.4,0.5,0.0,0.5
32,27,40,41,28,1,0,2,0,0.6666666666666666,0.0,0.0,0.0
32,27,40,41,29,4,2,2,0,1.3333333333333333,0.5,0.0,0.5
32,27,64,65,41,1,0,1,0,0.5,0.0,0.0,0.0
32,27,64,65,42,2,1,2,0,1.0,0.5,0.0,0.5
32,27,72,73,42,1,1,1,0,0.5,1.0,0.0,1.0
32,27,72,73,43,1,1,2,0,0.6666666666666666,1.0,0.0,1.0
32,27,72,73,44,1,0,3,0,0.75,0.0,0.0,0.0
32,27,72,73,45,1,0,4,0,0.8,0.0,0.0,0.0
32,27,72,73,46,1,0,5,0,0.8333333333333334,0.0,0.0,0.0
32,27,72,73,47,1,0,5,0,0.8333333333333334,0.0,0.0,0.0
32,27,80,81,44,1,0,1,0,0.5,0.0,0.0,0.0
32,27,80,81,45,1,1,2,0,0.6666666666666666,1.0,0.0,1.0
32,27,80,81,46,1,0,3,0,0.75,0.0,0.0,0.0
32,27,80,81,47,2,1,3,0,1.2,0.5,0.0,0.5
32,27,80,81,49,1,0,3,0,0.75,0.0,0.0,0.0
32,27,112,113,56,1,0,1,0,0.5,0.0,0.0,0.0
32,27,112,113,57,2,0,2,0,1.0,0.0,0.0,0.0
32,27,112,113,58,1,0,4,0,0.8,0.0,0.0,0.0
32,27,112,113,59,1,0,7,0,0.875,0.0,0.0,0.0
32,27,112,113,60,2,0,10,0,1.6666666666666667,0.0,0.0,0.0
32,27,120,121,57,1,0,1,0,0.5,0.0,0.0,0.0
32,27,120,121,58,2,0,2,0,1.0,0.0,0.0,0.0
32,27,120,121,59,1,0,6,0,0.8571428571428571,0.0,0.0,0.0
32,27,120,121,60,1,0,9,0,0.9,0.0,0.0,0.0
32,27,120,121,61,1,0,11,0,0.9166666666666666,0.0,0.0,0.0
32,27,120,121,62,1,0,12,0,0.9230769230769231,0.0,0.0,0.0
32,27,128,129,57,1,0,1,0,0.5,0.0,0.0,0.0
32,27,128,129,58,2,0,2,0,1.0,0.0,0.0,0.0
32,27,128,129,59,1,0,6,0,0.8571428571428571,0.0,0.0,0.0
32,27,128,129,60,1,0,9,0,0.9,0.0,0.0,0.0
32,27,128,129,61,1,0,11,0,0.9166666666666666,0.0,0.0,0.0
32,27,128,129,62,1,0,12,0,0.9230769230769231,0.0,0.0,0.0
32,27,136,137,58,2,0,1,0,0.6666666666666666,0.0,0.0,0.0
32,27,136,137,59,1,0,5,0,0.8333333333333334,0.0,0.0,0.0
32,27,136,137,60,1,0,8,0,0.8888888888888888,0.0,0.0,0.0
32,27,136,137,61,1,0,10,0,0.9090909090909091,0.0,0.0,0.0
32,27,136,137,62,1,0,11,0,0.9166666666666666,0.0,0.0,0.0
32,27,136,137,63,1,0,11,0,0.9166666666666666,0.0,0.0,0.0
32,27,144,145,59,1,0,4,0,0.8,0.0,0.0,0.0
32,27,144,145,60,1,0,7,0,0.875,0.0,0.0,0.0
32,27,144,145,62,1,0,9,0,0.9,0.0,0.0,0.0
32,27,144,145,63,2,2,9,0,1.6363636363636365,1.0,0.0,1.0
32,27,144,145,64,1,0,8,0,0.8888888888888888,0.0,0.0,0.0
32,27,152,153,60,1,0,5,0,0.8333333333333334,0.0,0.0,0.0
32,27,152,153,62,1,0,7,0,0.875,0.0,0.0,0.0
32,27,152,153,63,1,1,7,0,0.875,1.0,0.0,1.0
32,27,152,153,67,1,0,5,0,0.8333333333333334,0.0,0.0,0.0
32,27,160,161,63,1,0,6,0,0.8571428571428571,0.0,0.0,0.0
32,27,168,169,64,1,0,4,0,0.8,0.0,0.0,0.0
32,27,176,177,60,2,0,2,0,1.0,0.0,0.0,0.0
32,27,176,177,61,2,0,3,0,1.2,0.0,0.0,0.0
32,27,176,177,62,3,0,4,0,1.7142857142857142,0.0,0.0,0.0
32,27,176,177,65,3,0,2,0,1.2,0.0,0.0,0.0
32,27,184,185,61,2,0,3,0,1.2,0.0,0.0,0.0
32,27,184,185,62,2,0,4,0,1.3333333333333333,0.0,0.0,0.0
32,27,184,185,63,2,0,4,0,1.3333333333333333,0.0,0.0,0.0
32,27,184,185,65,2,0,2,0,1.0,0.0,0.0,0.0
32,27,184,185,66,2,0,2,0,1.0,0.0,0.0,0.0
32,27,184,185,67,2,0,2,0,1.0,0.0,0.0,0.0
32,27,184,185,68,2,0,3,0,1.2,0.0,0.0,0.0
32,27,184,185,69,2,0,4,0,1.3333333333333333,0.0,0.0,0.0
32,27,184,185,70,3,0,5,0,1.875,0.0,0.0,0.0
32,27,192,193,61,2,0,1,0,0.6666666666666666,0.0,0.0,0.0
32,27,192,193,62,2,0,2,0,1.0,0.0,0.0,0.0
32,27,192,193,63,4,1,2,0,1.3333333333333333,0.25,0.0,0.25
32,27,192,193,66,3,0,1,0,0.75,0.0,0.0,0.0
32,27,192,193,67,2,0,2,0,1.0,0.0,0.0,0.0
32,27,192,193,68,2,0,3,0,1.2,0.0,0.0,0.0
32,27,192,193,69,1,1,4,0,0.8,1.0,0.0,1.0
32,27,192,193,70,3,0,4,0,1.7142857142857142,0.0,0.0,0.0
32,27,192,193,71,2,0,5,0,1.4285714285714286,0.0,0.0,0.0
32,27,200,201,61,2,0,1,0,0.6666666666666666,0.0,0.0,0.0
32,27,200,201,62,2,0,2,0,1.0,0.0,0.0,0.0
32,27,200,201,63,2,0,2,0,1.0,0.0,0.0,0.0
32,27,200,201,64,2,0,2,0,1.0,0.0,0.0,0.0
32,27,200,201,66,1,0,1,0,0.5,0.0,0.0,0.0
32,27,200,201,67,1,0,1,0,0.5,0.0,0.0,0.0
32,27,200,201,68,1,0,2,0,0.6666666666666666,0.0,0.0,0.0
32,27,200,201,69,1,0,3,0,0.75,0.0,0.0,0.0
32,27,200,201,70,2,0,3,0,1.2,0.0,0.0,0.0
32,27,200,201,71,1,0,4,0,0.8,0.0,0.0,0.0
32,27,200,201,72,1,0,6,0,0.8571428571428571,0.0,0.0,0.0
32,27,208,209,61,2,0,1,0,0.6666666666666666,0.0,0.0,0.0
32,27,208,209,62,2,0,2,0,1.0,0.0,0.0,0.0
32,27,208,209,63,2,0,2,0,1.0,0.0,0.0,0.0
32,27,208,209,64,2,0,2,0,1.0,0.0,0.0,0.0
32,27,208,209,66,1,0,1,0,0.5,0.0,0.0,0.0
32,27,208,209,67,1,0,1,0,0.5,0.0,0.0,0.0
32,27,208,209,68,1,0,2,0,0.6666666666666666,0.0,0.0,0.0
32,27,208,209,69,1,0,3,0,0.75,0.0,0.0,0.0
32,27,208,209,70,2,0,3,0,1.2,0.0,0.0,0.0
32,27,208,209,71,1,0,4,0,0.8,0.0,0.0,0.0
32,27,208,209,72,1,0,6,0,0.8571428571428571,0.0,0.0,0.0
32,27,216,217,62,3,1,1,0,0.75,0.3333333333333333,0.0,0.3333333333333333
32,27,216,217,63,2,0,2,0,1.0,0.0,0.0,0.0
32,27,216,217,64,2,0,2,0,1.0,0.0,0.0,0.0
32,27,216,217,66,1,0,1,0,0.5,0.0,0.0,0.0
32,27,216,217,67,1,0,1,0,0.5,0.0,0.0,0.0
32,27,216,217,68,1,0,2,0,0.6666666666666666,0.0,0.0,0.0
32,27,216,217,69,1,0,3,0,0.75,0.0,0.0,0.0
32,27,216,217,70,2,0,3,0,1.2,0.0,0.0,0.0
32,27,216,217,71,1,0,4,0,0.8,0.0,0.0,0.0
32,27,216,217,72,1,0,6,0,0.8571428571428571,0.0,0.0,0.0
32,27,224,225,64,1,0,1,0,0.5,0.0,0.0,0.0
32,27,224,225,65,1,0,1,0,0.5,0.0,0.0,0.0
32,27,224,225,68,1,0,1,0,0.5,0.0,0.0,0.0
32,27,224,225,69,2,0,2,0,1.0,0.0,0.0,0.0
32,27,224,225,70,2,0,3,0,1.2,0.0,0.0,0.0
32,27,224,225,71,1,0,4,0,0.8,0.0,0.0,0.0
32,27,224,225,72,1,0,6,0,0.8571428571428571,0.0,0.0,0.0
32,27,232,233,72,1,0,5,0,0.8333333333333334,0.0,0.0,0.0
32,27,232,233,73,1,0,7,0,0.875,0.0,0.0,0.0
32,27,240,241,10,1,0,1,0,0.5,0.0,0.0,0.0
32,27,240,241,14,1,0,1,0,0.5,0.0,0.0,0.0
32,27,240,241,15,2,0,1,0,0.6666666666666666,0.0,0.0,0.0
32,27,240,241,20,3,0,1,0,0.75,0.0,0.0,0.0
32,27,240,241,21,2,0,2,0,1.0,0.0,0.0,0.0
32,27,240,241,22,2,0,3,0,1.2,0.0,0.0,0.0
32,27,240,241,23,1,0,3,0,0.75,0.0,0.0,0.0
32,27,240,241,24,1,0,3,0,0.75,0.0,0.0,0.0
32,27,240,241,25,2,0,2,0,1.0,0.0,0.0,0.0
32,27,240,241,26,1,0,2,0,0.6666666666666666,0.0,0.0,0.0
32,27,240,241,27,3,0,2,0,1.2,0.0,0.0,0.0
32,27,240,241,28,4,0,2,0,1.3333333333333333,0.0,0.0,0.0
32,27,240,241,29,4,0,1,0,0.8,0.0,0.0,0.0
32,27,240,241,31,1,0,1,0,0.5,0.0,0.0,0.0
32,27,240,241,41,1,0,1,0,0.5,0.0,0.0,0.0
32,27,240,241,43,2,0,1,0,0.6666666666666666,0.0,0.0,0.0
32,27,240,241,45,1,0,1,0,0.5,0.0,0.0,0.0
32,27,240,241,46,1,0,1,0,0.5,0.0,0.0,0.0
32,27,240,241,55,1,0,1,0,0.5,0.0,0.0,0.0
32,27,240,241,56,1,0,1,0,0.5,0.0,0.0,0.0
32,27,240,241,57,3,0,1,0,0.75,0.0,0.0,0.0
32,27,240,241,58,3,0,1,0,0.75,0.0,0.0,0.0
32,27,240,241,59,3,0,1,0,0.75,0.0,0.0,0.0
32,27,240,241,60,5,0,1,0,0.8333333333333334,0.0,0.0,0.0
32,27,240,241,61,4,0,2,0,1.3333333333333333,0.0,0.0,0.0
32,27,240,241,62,5,0,2,0,1.4285714285714286,0.0,0.0,0.0
32,27,240,241,63,2,0,3,0,1.2,0.0,0.0,0.0
32,27,240,241,64,4,0,1,0,0.8,0.0,0.0,0.0
32,27,240,241,65,4,0,1,0,0.8,0.0,0.0,0.0
32,27,240,241,70,2,0,1,0,0.6666666666666666,0.0,0.0,0.0
32,27,240,241,71,2,0,1,0,0.6666666666666666,0.0,0.0,0.0
32,27,240,241,72,1,0,3,0,0.75,0.0,0.0,0.0
32,27,240,241,73,2,0,5,0,1.4285714285714286,0.0,0.0,0.0
32,27,240,241,74,1,0,7,0,0.875,0.0,0.0,0.0
32,27,248,249,1,2,0,1,0,0.6666666666666666,0.0,0.0,0.0
32,27,248,249,2,2,0,2,0,1.0,0.0,0.0,0.0
32,27,248,249,3,1,0,4,0,0.8,0.0,0.0,0.0
32,27,248,249,4,1,0,4,0,0.8,0.0,0.0,0.0
32,27,248,249,5,3,0,4,0,1.7142857142857142,0.0,0.0,0.0
32,27,248,249,8,1,0,2,0,0.6666666666666666,0.0,0.0,0.0
32,27,248,249,12,2,0,3,0,1.2,0.0,0.0,0.0
32,27,248,249,13,2,0,4,0,1.3333333333333333,0.0,0.0,0.0
32,27,248,249,14,3,0,4,0,1.7142857142857142,0.0,0.0,0.0
32,27,248,249,15,2,0,5,0,1.4285714285714286,0.0,0.0,0.0
32,27,248,249,16,2,0,4,0,1.3333333333333333,0.0,0.0,0.0
32,27,248,249,17,1,0,5,0,0.8333333333333334,0.0,0.0,0.0
32,27,248,249,19,1,0,4,0,0.8,0.0,0.0,0.0
32,27,248,249,20,2,0,4,0,1.3333333333333333,0.0,0.0,0.0
32,27,248,249,21,2,0,5,0,1.4285714285714286,0.0,0.0,0.0
32,27,248,249,22,2,0,6,0,1.5,0.0,0.0,0.0
32,27,248,249,23,1,0,6,0,0.8571428571428571,0.0,0.0,0.0
32,27,248,249,24,2,0,5,0,1.4285714285714286,0.0,0.0,0.0
32,27,248,249,25,3,0,5,0,1.875,0.0,0.0,0.0
32,27,248,249,26,3,0,5,0,1.875,0.0,0.0,0.0
32,27,248,249,27,2,0,7,0,1.5555555555555556,0.0,0.0,0.0
32,27,248,249,28,2,0,7,0,1.5555555555555556,0.0,0.0,0.0
32,27,248,249,58,1,0,5,0,0.8333333333333334,0.0,0.0,0.0
32,27,248,249,59,2,0,6,0,1.5,0.0,0.0,0.0
32,27,248,249,60,2,0,8,0,1.6,0.0,0.0,0.0
32,27,248,249,61,3,0,7,0,2.1,0.0,0.0,0.0
32,27,248,249,62,1,0,8,0,0.8888888888888888,0.0,0.0,0.0
32,27,248,249,63,5,0,6,0,2.727272727272727,0.0,0.0,0.0
32,27,248,249,64,2,0,7,0,1.5555555555555556,0.0,0.0,0.0
32,28,16,17,15,7,7,3,0,2.1,1.0,0.0,1.0
32,28,24,25,18,1,1,2,0,0.6666666666666666,1.0,0.0,1.0
32,28,24,25,19,7,6,2,0,1.5555555555555556,0.8571428571428571,0.0,0.8571428571428571
32,28,24,25,20,2,0,9,0,1.6363636363636365,0.0,0.0,0.0
32,28,24,25,21,4,2,11,0,2.933333333333333,0.5,0.0,0.5
32,28,32,33,24,1,1,1,0,0.5,1.0,0.0,1.0
32,28,32,33,25,5,3,1,0,0.8333333333333334,0.6,0.0,0.6
32,28,32,33,26,2,0,5,0,1.4285714285714286,0.0,0.0,0.0
32,28,40,41,28,1,0,4,0,0.8,0.0,0.0,0.0
32,28,40,41,29,5,2,5,0,2.5,0.4,0.0,0.4
32,28,40,41,30,1,0,9,0,0.9,0.0,0.0,0.0
32,28,40,41,31,2,1,9,0,1.6363636363636365,0.5,0.0,0.5
32,28,48,49,31,4,3,1,0,0.8,0.75,0.0,0.75
32,28,48,49,32,1,0,5,0,0.8333333333333334,0.0,0.0,0.0
32,28,48,49,33,5,3,7,0,2.9166666666666665,0.6,0.0,0.6
32,28,56,57,33,3,3,2,0,1.2,1.0,0.0,1.0
32,28,56,57,35,8,3,3,0,2.1818181818181817,0.375,0.0,0.375
32,28,64,65,38,1,0,1,0,0.5,0.0,0.0,0.0
32,28,64,65,39,3,1,3,0,1.5,0.3333333333333333,0.0,0.3333333333333333
32,28,64,65,40,1,1,6,0,0.8571428571428571,1.0,0.0,1.0
32,28,64,65,41,2,2,9,0,1.6363636363636365,1.0,0.0,1.0
32,28,72,73,40,1,0,5,0,0.8333333333333334,0.0,0.0,0.0
32,28,72,73,43,1,1,13,0,0.9285714285714286,1.0,0.0,1.0
32,28,80,81,41,3,1,6,0,2.0,0.3333333333333333,0.0,0.3333333333333333
32,28,80,81,45,2,1,10,0,1.6666666666666667,0.5,0.0,0.5
32,28,88,89,41,2,2,1,0,0.6666666666666666,1.0,0.0,1.0
32,28,88,89,42,3,0,1,0,0.75,0.0,0.0,0.0
32,28,88,89,43,6,4,3,0,2.0,0.6666666666666666,0.0,0.6666666666666666
32,28,88,89,44,2,0,5,0,1.4285714285714286,0.0,0.0,0.0
32,28,88,89,45,7,3,3,0,2.1,0.42857142857142855,0.0,0.42857142857142855
32,28,88,89,46,3,0,6,0,2.0,0.0,0.0,0.0
32,28,88,89,47,3,2,6,0,2.0,0.6666666666666666,0.0,0.6666666666666666
32,28,88,89,48,4,0,7,0,2.5454545454545454,0.0,0.0,0.0
32,28,88,89,49,1,0,10,0,0.9090909090909091,0.0,0.0,0.0
32,28,88,89,50,1,0,9,0,0.9,0.0,0.0,0.0
32,28,96,97,43,2,1,2,0,1.0,0.5,0.0,0.5
32,28,96,97,44,2,0,2,0,1.0,0.0,0.0,0.0
32,28,96,97,45,2,1,2,0,1.0,0.5,0.0,0.5
32,28,96,97,46,3,0,2,0,1.2,0.0,0.0,0.0
32,28,96,97,47,3,1,3,0,1.5,0.3333333333333333,0.0,0.3333333333333333
32,28,96,97,48,3,0,4,0,1.7142857142857142,0.0,0.0,0.0
32,28,96,97,49,3,0,5,0,1.875,0.0,0.0,0.0
32,28,96,97,50,3,0,6,0,2.0,0.0,0.0,0.0
32,28,96,97,51,1,0,6,0,0.8571428571428571,0.0,0.0,0.0
32,28,104,105,48,1,0,1,0,0.5,0.0,0.0,0.0
32,28,104,105,49,2,1,2,0,1.0,0.5,0.0,0.5
32,28,104,105,50,2,0,3,0,1.2,0.0,0.0,0.0
32,28,104,105,51,4,3,3,0,1.7142857142857142,0.75,0.0,0.75
32,28,112,113,49,1,1,1,0,0.5,1.0,0.0,1.0
32,28,112,113,50,1,0,2,0,0.6666666666666666,0.0,0.0,0.0
32,28,112,113,51,1,1,2,0,0.6666666666666666,1.0,0.0,1.0
32,28,112,113,52,1,0,2,0,0.6666666666666666,0.0,0.0,0.0
32,28,112,113,53,1,0,2,0,0.6666666666666666,0.0,0.0,0.0
32,28,240,241,15,4,0,1,0,0.8,0.0,0.0,0.0
32,28,240,241,16,4,0,2,0,1.3333333333333333,0.0,0.0,0.0
32,28,240,241,17,3,0,3,0,1.5,0.0,0.0,0.0
32,28,240,241,18,6,0,3,0,2.0,0.0,0.0,0.0
32,28,240,241,19,4,0,2,0,1.3333333333333333,0.0,0.0,0.0
32,28,240,241,20,6,0,1,0,0.8571428571428571,0.0,0.0,0.0
32,28,240,241,21,4,0,1,0,0.8,0.0,0.0,0.0
32,28,240,241,22,4,0,3,0,1.7142857142857142,0.0,0.0,0.0
32,28,240,241,23,6,0,2,0,1.5,0.0,0.0,0.0
32,28,240,241,24,2,0,2,0,1.0,0.0,0.0,0.0
32,28,240,241,25,3,0,1,0,0.75,0.0,0.0,0.0
32,28,240,241,26,3,0,1,0,0.75,0.0,0.0,0.0
32,28,240,241,27,3,0,1,0,0.75,0.0,0.0,0.0
32,28,240,241,29,2,0,2,0,1.0,0.0,0.0,0.0
32,28,240,241,30,4,0,2,0,1.3333333333333333,0.0,0.0,0.0
32,28,240,241,31,1,0,3,0,0.75,0.0,0.0,0.0
32,28,240,241,32,3,0,2,0,1.2,0.0,0.0,0.0
32,28,240,241,33,2,0,1,0,0.6666666666666666,0.0,0.0,0.0
32,28,240,241,34,3,0,1,0,0.75,0.0,0.0,0.0
32,28,240,241,35,1,0,1,0,0.5,0.0,0.0,0.0
32,28,240,241,39,4,0,3,0,1.7142857142857142,0.0,0.0,0.0
32,28,240,241,40,2,0,3,0,1.2,0.0,0.0,0.0
32,28,240,241,41,4,0,2,0,1.3333333333333333,0.0,0.0,0.0
32,28,240,241,42,4,0,3,0,1.7142857142857142,0.0,0.0,0.0
32,28,240,241,43,4,0,4,0,2.0,0.0,0.0,0.0
32,28,240,241,44,4,0,3,0,1.7142857142857142,0.0,0.0,0.0
32,28,240,241,45,6,0,2,0,1.5,0.0,0.0,0.0
32,28,240,241,46,3,0,4,0,1.7142857142857142,0.0,0.0,0.0
32,28,240,241,47,3,0,4,0,1.7142857142857142,0.0,0.0,0.0
32,28,240,241,48,3,0,4,0,1.7142857142857142,0.0,0.0,0.0
32,28,240,241,49,2,0,4,0,1.3333333333333333,0.0,0.0,0.0
32,28,240,241,50,3,0,2,0,1.2,0.0,0.0,0.0
32,28,240,241,51,2,0,1,0,0.6666666666666666,0.0,0.0,0.0
32,28,248,249,21,2,0,13,0,1.7333333333333334,0.0,0.0,0.0
32,28,248,249,22,2,0,12,0,1.7142857142857142,0.0,0.0,0.0
32,28,248,249,23,1,0,10,0,0.9090909090909091,0.0,0.0,0.0
32,28,248,249,24,2,0,7,0,1.5555555555555556,0.0,0.0,0.0
32,28,248,249,25,2,0,6,0,1.5,0.0,0.0,0.0
32,28,248,249,26,2,0,4,0,1.3333333333333333,0.0,0.0,0.0
32,28,248,249,27,3,0,5,0,1.875,0.0,0.0,0.0
32,28,248,249,29,3,0,10,0,2.3076923076923075,0.0,0.0,0.0
32,29,24,25,20,1,0,1,0,0.5,0.0,0.0,0.0
32,29,24,25,21,5,5,2,0,1.4285714285714286,1.0,0.0,1.0
32,29,32,33,27,1,1,3,0,0.75,1.0,0.0,1.0
32,29,40,41,29,3,2,1,0,0.75,0.6666666666666666,0.0,0.6666666666666666
32,29,40,41,30,2,0,3,0,1.2,0.0,0.0,0.0
32,29,40,41,31,4,2,3,0,1.7142857142857142,0.5,0.0,0.5
32,29,240,241,3,1,0,1,0,0.5,0.0,0.0,0.0
32,29,240,241,20,3,0,1,0,0.75,0.0,0.0,0.0
32,29,240,241,21,1,0,2,0,0.6666666666666666,0.0,0.0,0.0
32,29,240,241,22,1,0,2,0,0.6666666666666666,0.0,0.0,0.0
32,29,240,241,23,1,0,1,0,0.5,0.0,0.0,0.0
32,29,240,241,24,1,0,1,0,0.5,0.0,0.0,0.0
32,29,240,241,26,1,0,2,0,0.6666666666666666,0.0,0.0,0.0
32,29,240,241,27,1,0,1,0,0.5,0.0,0.0,0.0
32,29,240,241,29,1,0,1,0,0.5,0.0,0.0,0.0
32,29,240,241,30,2,0,1,0,0.6666666666666666,0.0,0.0,0.0
32,29,240,241,33,2,0,1,0,0.6666666666666666,0.0,0.0,0.0
32,30,240,241,13,2,0,1,0,0.6666666666666666,0.0,0.0,0.0
32,30,240,241,15,1,0,1,0,0.5,0.0,0.0,0.0
32,30,248,249,8,1,0,1,0,0.5,0.0,0.0,0.0
32,30,248,249,10,2,0,1,0,0.6666666666666666,0.0,0.0,0.0
32,30,248,249,12,2,0,1,0,0.6666666666666666,0.0,0.0,0.0
32,30,248,249,13,3,0,2,0,1.2,0.0,0.0,0.0
32,30,248,249,14,3,0,3,0,1.5,0.0,0.0,0.0
32,30,248,249,15,2,0,3,0,1.2,0.0,0.0,0.0
32,31,24,25,20,2,1,2,0,1.0,0.5,0.0,0.5
32,31,24,25,21,2,0,4,0,1.3333333333333333,0.0,0.0,0.0
32,31,48,49,28,1,0,1,0,0.5,0.0,0.0,0.0
32,31,48,49,29,1,1,1,0,0.5,1.0,0.0,1.0
32,31,48,49,30,1,0,1,0,0.5,0.0,0.0,0.0
32,31,48,49,31,2,1,1,0,0.6666666666666666,0.5,0.0,0.5
32,31,48,49,32,2,0,1,0,0.6666666666666666,0.0,0.0,0.0
32,31,72,73,36,1,0,1,0,0.5,0.0,0.0,0.0
32,31,72,73,37,1,0,2,0,0.6666666666666666,0.0,0.0,0.0
32,31,72,73,38,1,0,3,0,0.75,0.0,0.0,0.0
32,31,72,73,39,1,0,4,0,0.8,0.0,0.0,0.0
32,31,72,73,40,1,0,5,0,0.8333333333333334,0.0,0.0,0.0
32,31,72,73,41,2,1,5,0,1.4285714285714286,0.5,0.0,0.5
32,31,80,81,37,1,0,1,0,0.5,0.0,0.0,0.0
32,31,80,81,38,1,0,2,0,0.6666666666666666,0.0,0.0,0.0
32,31,80,81,39,1,0,3,0,0.75,0.0,0.0,0.0
32,31,80,81,40,1,0,4,0,0.8,0.0,0.0,0.0
32,31,80,81,41,1,0,4,0,0.8,0.0,0.0,0.0
32,31,80,81,42,1,0,4,0,0.8,0.0,0.0,0.0
32,31,80,81,43,1,0,4,0,0.8,0.0,0.0,0.0
32,31,88,89,38,1,0,1,0,0.5,0.0,0.0,0.0
32,31,88,89,39,1,0,2,0,0.6666666666666666,0.0,0.0,0.0
32,31,88,89,40,1,0,3,0,0.75,0.0,0.0,0.0
32,31,88,89,41,1,0,3,0,0.75,0.0,0.0,0.0
32,31,88,89,42,1,0,3,0,0.75,0.0,0.0,0.0
32,31,88,89,43,1,0,3,0,0.75,0.0,0.0,0.0
32,31,88,89,44,1,0,3,0,0.75,0.0,0.0,0.0
32,31,240,241,7,1,0,1,0,0.5,0.0,0.0,0.0
32,31,240,241,9,1,0,2,0,0.6666666666666666,0.0,0.0,0.0
32,31,240,241,10,2,0,1,0,0.6666666666666666,0.0,0.0,0.0
32,31,240,241,11,2,0,1,0,0.6666666666666666,0.0,0.0,0.0
32,31,240,241,20,2,0,2,0,1.0,0.0,0.0,0.0
32,31,240,241,21,2,0,1,0,0.6666666666666666,0.0,0.0,0.0
32,31,240,241,25,2,0,1,0,0.6666666666666666,0.0,0.0,0.0
32,31,240,241,26,1,0,1,0,0.5,0.0,0.0,0.0
32,31,240,241,32,2,0,1,0,0.6666666666666666,0.0,0.0,0.0
32,31,240,241,37,1,0,1,0,0.5,0.0,0.0,0.0
32,31,240,241,40,1,0,1,0,0.5,0.0,0.0,0.0
32,31,240,241,41,1,0,1,0,0.5,0.0,0.0,0.0
32,31,248,249,2,1,0,1,0,0.5,0.0,0.0,0.0
32,31,248,249,3,2,0,1,0,0.6666666666666666,0.0,0.0,0.0
32,31,248,249,4,1,0,3,0,0.75,0.0,0.0,0.0
32,31,248,249,5,3,0,2,0,1.2,0.0,0.0,0.0
32,31,248,249,7,2,0,2,0,1.0,0.0,0.0,0.0
32,31,248,249,12,1,0,5,0,0.8333333333333334,0.0,0.0,0.0
32,31,248,249,13,1,0,4,0,0.8,0.0,0.0,0.0
32,31,248,249,14,3,0,2,0,1.2,0.0,0.0,0.0
32,31,248,249,15,1,0,3,0,0.75,0.0,0.0,0.0
32,31,248,249,16,4,0,1,0,0.8,0.0,0.0,0.0
32,31,248,249,19,1,0,2,0,0.6666666666666666,0.0,0.0,0.0
32,31,248,249,21,3,0,3,0,1.5,0.0,0.0,0.0
32,31,248,249,23,1,0,6,0,0.8571428571428571,0.0,0.0,0.0
32,31,248,249,25,2,0,3,0,1.2,0.0,0.0,0.0
32,31,248,249,26,1,0,2,0,0.6666666666666666,0.0,0.0,0.0
32,31,248,249,27,1,0,1,0,0.5,0.0,0.0,0.0
32,31,248,249,30,5,0,1,0,0.8333333333333334,0.0,0.0,0.0
64,0,16,17,15,23,23,1,0,0.9583333333333334,1.0,0.0,1.0
64,0,24,25,20,1,0,4,0,0.8,0.0,0.0,0.0
64,0,24,25,21,22,17,3,0,2.64,0.7727272727272727,0.0,0.7727272727272727
64,0,32,33,24,1,0,1,0,0.5,0.0,0.0,0.0
64,0,32,33,25,9,8,4,0,2.769230769230769,0.8888888888888888,0.0,0.8888888888888888
64,0,32,33,26,4,2,12,0,3.0,0.5,0.0,0.5
64,0,32,33,27,9,5,16,0,5.76,0.5555555555555556,0.0,0.5555555555555556
64,0,40,41,20,3,0,2,0,1.2,0.0,0.0,0.0
64,0,40,41,22,3,0,2,0,1.2,0.0,0.0,0.0
64,0,40,41,24,3,0,1,0,0.75,0.0,0.0,0.0
64,0,40,41,29,4,2,8,0,2.6666666666666665,0.5,0.0,0.5
64,0,40,41,30,3,1,11,0,2.357142857142857,0.3333333333333333,0.0,0.3333333333333333
64,0,40,41,31,7,5,13,1,4.55,0.7142857142857143,0.07692307692307693,0.6373626373626373
64,0,40,41,32,1,0,19,0,0.95,0.0,0.0,0.0
64,0,40,41,33,2,1,19,0,1.8095238095238095,0.5,0.0,0.5
64,0,48,49,14,1,0,6,0,0.8571428571428571,0.0,0.0,0.0
64,0,48,49,16,3,0,7,0,2.1,0.0,0.0,0.0
64,0,48,49,18,2,0,9,0,1.6363636363636365,0.0,0.0,0.0
64,0,48,49,19,1,0,10,0,0.9090909090909091,0.0,0.0,0.0
64,0,48,49,20,2,0,10,0,1.6666666666666667,0.0,0.0,0.0
64,0,48,49,21,1,0,11,0,0.9166666666666666,0.0,0.0,0.0
64,0,48,49,22,4,0,9,0,2.769230769230769,0.0,0.0,0.0
64,0,48,49,23,1,0,10,0,0.9090909090909091,0.0,0.0,0.0
64,0,48,49,25,2,2,9,0,1.6363636363636365,1.0,0.0,1.0
64,0,48,49,26,3,0,10,0,2.3076923076923075,0.0,0.0,0.0
64,0,48,49,32,2,0,11,0,1.6923076923076923,0.0,0.0,0.0
64,0,48,49,35,3,3,12,0,2.4,1.0,0.0,1.0
64,0,48,49,36,1,0,14,0,0.9333333333333333,0.0,0.0,0.0
64,0,48,49,37,2,2,14,0,1.75,1.0,0.0,1.0
64,0,56,57,27,2,1,7,0,1.5555555555555556,0.5,0.0,0.5
64,0,56,57,28,1,0,8,0,0.8888888888888888,0.0,0.0,0.0
64,0,56,57,29,1,0,8,0,0.8888888888888888,0.0,0.0,0.0
64,0,56,57,30,1,0,8,0,0.8888888888888888,0.0,0.0,0.0
64,0,56,57,31,1,0,8,0,0.8888888888888888,0.0,0.0,0.0
64,0,56,57,32,1,0,8,0,0.8888888888888888,0.0,0.0,0.0
64,0,56,57,33,2,1,8,0,1.6,0.5,0.0,0.5
64,0,56,57,34,1,0,7,0,0.875,0.0,0.0,0.0
64,0,56,57,35,2,1,7,0,1.5555555555555556,0.5,0.0,0.5
64,0,56,57,36,2,1,7,0,1.5555555555555556,0.5,0.0,0.5
64,0,56,57,37,3,2,7,0,2.1,0.6666666666666666,0.0,0.6666666666666666
64,0,56,57,38,2,0,7,0,1.5555555555555556,0.0,0.0,0.0
64,0,56,57,39,2,1,7,0,1.5555555555555556,0.5,0.0,0.5
64,0,56,57,43,2,1,4,0,1.3333333333333333,0.5,0.0,0.5
64,0,64,65,8,1,0,1,0,0.5,0.0,0.0,0.0
64,0,64,65,28,1,0,6,0,0.8571428571428571,0.0,0.0,0.0
64,0,64,65,29,1,1,6,0,0.8571428571428571,1.0,0.0,1.0
64,0,64,65,30,1,0,6,0,0.8571428571428571,0.0,0.0,0.0
64,0,64,65,31,1,1,6,0,0.8571428571428571,1.0,0.0,1.0
64,0,64,65,32,1,0,6,0,0.8571428571428571,0.0,0.0,0.0
64,0,64,65,33,1,0,6,0,0.8571428571428571,0.0,0.0,0.0
64,0,64,65,34,1,0,5,0,0.8333333333333334,0.0,0.0,0.0
64,0,64,65,35,1,0,5,0,0.8333333333333334,0.0,0.0,0.0
64,0,64,65,36,1,0,5,0,0.8333333333333334,0.0,0.0,0.0
64,0,64,65,37,1,0,5,0,0.8333333333333334,0.0,0.0,0.0
64,0,64,65,38,1,0,5,0,0.8333333333333334,0.0,0.0,0.0
64,0,64,65,39,1,0,5,0,0.8333333333333334,0.0,0.0,0.0
64,0,64,65,40,2,1,5,0,1.4285714285714286,0.5,0.0,0.5
64,0,64,65,44,1,0,3,0,0.75,0.0,0.0,0.0
64,0,64,65,45,1,0,3,0,0.75,0.0,0.0,0.0
64,0,64,65,46,1,0,4,0,0.8,0.0,0.0,0.0
64,0,64,65,47,1,0,4,0,0.8,0.0,0.0,0.0
64,0,64,65,48,1,0,7,0,0.875,0.0,0.0,0.0
64,0,64,65,49,2,1,9,0,1.6363636363636365,0.5,0.0,0.5
64,0,64,65,50,1,0,12,0,0.9230769230769231,0.0,0.0,0.0
64,0,64,65,51,2,1,14,0,1.75,0.5,0.0,0.5
64,0,72,73,3,2,0,2,0,1.0,0.0,0.0,0.0
64,0,72,73,4,3,0,3,0,1.5,0.0,0.0,0.0
64,0,72,73,5,3,0,3,0,1.5,0.0,0.0,0.0
64,0,72,73,6,4,0,2,0,1.3333333333333333,0.0,0.0,0.0
64,0,72,73,7,2,0,3,0,1.2,0.0,0.0,0.0
64,0,72,73,8,5,0,1,0,0.8333333333333334,0.0,0.0,0.0
64,0,72,73,9,2,0,1,0,0.6666666666666666,0.0,0.0,0.0
64,0,72,73,10,2,0,3,0,1.2,0.0,0.0,0.0
64,0,72,73,11,1,0,5,0,0.8333333333333334,0.0,0.0,0.0
64,0,72,73,12,1,0,7,0,0.875,0.0,0.0,0.0
64,0,72,73,46,1,0,3,0,0.75,0.0,0.0,0.0
64,0,72,73,47,1,1,3,0,0.75,1.0,0.0,1.0
64,0,72,73,49,2,1,7,0,1.5555555555555556,0.5,0.0,0.5
64,0,72,73,50,1,0,10,0,0.9090909090909091,0.0,0.0,0.0
64,0,72,73,51,1,1,12,0,0.9230769230769231,1.0,0.0,1.0
64,0,72,73,52,1,0,14,0,0.9333333333333333,0.0,0.0,0.0
64,0,72,73,53,1,0,16,0,0.9411764705882353,0.0,0.0,0.0
64,0,72,73,54,1,0,18,0,0.9473684210526315,0.0,0.0,0.0
64,0,72,73,55,2,1,20,0,1.8181818181818181,0.5,0.0,0.5
64,0,72,73,56,1,0,22,0,0.9565217391304348,0.0,0.0,0.0
64,0,72,73,57,1,1,23,0,0.9583333333333334,1.0,0.0,1.0
64,0,72,73,58,1,0,24,0,0.96,0.0,0.0,0.0
64,0,80,81,1,1,0,2,0,0.6666666666666666,0.0,0.0,0.0
64,0,80,81,2,3,0,3,0,1.5,0.0,0.0,0.0
64,0,80,81,3,2,0,5,0,1.4285714285714286,0.0,0.0,0.0
64,0,80,81,4,2,0,7,0,1.5555555555555556,0.0,0.0,0.0
64,0,80,81,5,1,0,9,0,0.9,0.0,0.0,0.0
64,0,80,81,6,2,0,9,0,1.6363636363636365,0.0,0.0,0.0
64,0,80,81,7,3,0,8,0,2.1818181818181817,0.0,0.0,0.0
64,0,80,81,8,4,0,7,0,2.5454545454545454,0.0,0.0,0.0
64,0,80,81,9,1,0,7,0,0.875,0.0,0.0,0.0
64,0,80,81,10,4,0,6,0,2.4,0.0,0.0,0.0
64,0,80,81,11,1,0,8,0,0.8888888888888888,0.0,0.0,0.0
64,0,80,81,12,1,0,9,0,0.9,0.0,0.0,0.0
64,0,80,81,13,1,0,10,0,0.9090909090909091,0.0,0.0,0.0
64,0,80,81,14,1,0,10,0,0.9090909090909091,0.0,0.0,0.0
64,0,80,81,49,4,2,1,0,0.8,0.5,0.0,0.5
64,0,80,81,51,2,2,6,0,1.5,1.0,0.0,1.0
64,0,80,81,52,1,1,7,0,0.875,1.0,0.0,1.0
64,0,80,81,53,2,2,8,0,1.6,1.0,0.0,1.0
64,0,80,81,54,1,0,9,0,0.9,0.0,0.0,0.0
64,0,80,81,55,5,5,11,0,3.4375,1.0,0.0,1.0
64,0,80,81,56,2,0,15,1,1.7647058823529411,0.0,0.06666666666666667,-0.06666666666666667
64,0,80,81,57,4,3,16,1,3.2,0.75,0.0625,0.6875
64,0,80,81,58,1,0,19,0,0.95,0.0,0.0,0.0
64,0,80,81,59,4,3,20,0,3.3333333333333335,0.75,0.0,0.75
64,0,80,81,60,2,0,23,0,1.84,0.0,0.0,0.0
64,0,88,89,10,3,0,15,0,2.5,0.0,0.0,0.0
64,0,88,89,12,4,0,14,0,3.111111111111111,0.0,0.0,0.0
64,0,88,89,14,3,0,14,0,2.4705882352941178,0.0,0.0,0.0
64,0,88,89,16,3,0,13,0,2.4375,0.0,0.0,0.0
64,0,88,89,17,1,0,13,0,0.9285714285714286,0.0,0.0,0.0
64,0,88,89,49,1,0,1,0,0.5,0.0,0.0,0.0
64,0,88,89,50,1,0,2,0,0.6666666666666666,0.0,0.0,0.0
64,0,88,89,51,1,0,3,0,0.75,0.0,0.0,0.0
64,0,88,89,52,1,0,4,0,0.8,0.0,0.0,0.0
64,0,88,89,53,1,0,5,0,0.8333333333333334,0.0,0.0,0.0
64,0,88,89,54,1,0,6,0,0.8571428571428571,0.0,0.0,0.0
64,0,88,89,55,1,0,7,0,0.875,0.0,0.0,0.0
64,0,88,89,56,1,0,8,0,0.8888888888888888,0.0,0.0,0.0
64,0,88,89,57,1,0,9,0,0.9,0.0,0.0,0.0
64,0,88,89,58,1,0,10,0,0.9090909090909091,0.0,0.0,0.0
64,0,88,89,59,3,2,11,0,2.357142857142857,0.6666666666666666,0.0,0.6666666666666666
64,0,88,89,61,2,0,14,1,1.75,0.0,0.07142857142857142,-0.07142857142857142
64,0,88,89,62,2,0,15,0,1.7647058823529411,0.0,0.0,0.0
64,0,88,89,63,4,2,14,0,3.111111111111111,0.5,0.0,0.5
64,0,88,89,64,2,0,15,1,1.7647058823529411,0.0,0.06666666666666667,-0.06666666666666667
64,0,88,89,65,5,3,14,0,3.6842105263157894,0.6,0.0,0.6
64,0,88,89,66,1,1,18,0,0.9473684210526315,1.0,0.0,1.0
64,0,88,89,67,1,1,18,1,0.9473684210526315,1.0,0.05555555555555555,0.9444444444444444
64,0,88,89,69,1,1,17,0,0.9444444444444444,1.0,0.0,1.0
64,0,96,97,17,1,0,22,0,0.9565217391304348,0.0,0.0,0.0
64,0,96,97,50,1,0,1,0,0.5,0.0,0.0,0.0
64,0,96,97,51,1,0,2,0,0.6666666666666666,0.0,0.0,0.0
64,0,96,97,52,1,0,3,0,0.75,0.0,0.0,0.0
64,0,96,97,53,1,0,4,0,0.8,0.0,0.0,0.0
64,0,96,97,54,1,0,5,0,0.8333333333333334,0.0,0.0,0.0
64,0,96,97,55,1,0,6,0,0.8571428571428571,0.0,0.0,0.0
64,0,96,97,56,1,0,7,0,0.875,0.0,0.0,0.0
64,0,96,97,57,1,0,8,0,0.8888888888888888,0.0,0.0,0.0
64,0,96,97,58,1,0,9,0,0.9,0.0,0.0,0.0
64,0,96,97,59,1,0,10,0,0.9090909090909091,0.0,0.0,0.0
64,0,96,97,60,1,0,10,0,0.9090909090909091,0.0,0.0,0.0
64,0,96,97,61,1,0,10,0,0.9090909090909091,0.0,0.0,0.0
64,0,96,97,62,4,1,10,0,2.857142857142857,0.25,0.0,0.25
64,0,96,97,63,4,2,12,0,3.0,0.5,0.0,0.5
64,0,96,97,64,2,0,14,0,1.75,0.0,0.0,0.0
64,0,96,97,65,2,2,14,0,1.75,1.0,0.0,1.0
64,0,96,97,66,2,0,14,0,1.75,0.0,0.0,0.0
64,0,96,97,67,2,1,14,0,1.75,0.5,0.0,0.5
64,0,96,97,68,2,0,14,0,1.75,0.0,0.0,0.0
64,0,96,97,69,2,0,14,0,1.75,0.0,0.0,0.0
64,0,96,97,70,2,0,14,0,1.75,0.0,0.0,0.0
64,0,96,97,71,2,0,14,0,1.75,0.0,0.0,0.0
64,0,96,97,72,2,0,13,0,1.7333333333333334,0.0,0.0,0.0
64,0,96,97,73,2,0,12,0,1.7142857142857142,0.0,0.0,0.0
64,0,96,97,74,2,0,11,0,1.6923076923076923,0.0,0.0,0.0
64,0,96,97,75,3,0,11,0,2.357142857142857,0.0,0.0,0.0
64,0,104,105,18,1,0,21,0,0.9545454545454546,0.0,0.0,0.0
64,0,104,105,19,1,0,20,0,0.9523809523809523,0.0,0.0,0.0
64,0,104,105,20,1,0,20,0,0.9523809523809523,0.0,0.0,0.0
64,0,104,105,21,1,0,19,0,0.95,0.0,0.0,0.0
64,0,104,105,22,1,0,18,0,0.9473684210526315,0.0,0.0,0.0
64,0,104,105,23,1,0,16,0,0.9411764705882353,0.0,0.0,0.0
64,0,104,105,24,1,0,13,0,0.9285714285714286,0.0,0.0,0.0
64,0,104,105,26,1,0,9,0,0.9,0.0,0.0,0.0
64,0,104,105,51,1,0,1,0,0.5,0.0,0.0,0.0
64,0,104,105,52,1,0,2,0,0.6666666666666666,0.0,0.0,0.0
64,0,104,105,53,1,0,3,0,0.75,0.0,0.0,0.0
64,0,104,105,54,1,0,4,0,0.8,0.0,0.0,0.0
64,0,104,105,55,1,0,5,0,0.8333333333333334,0.0,0.0,0.0
64,0,104,105,56,1,0,6,0,0.8571428571428571,0.0,0.0,0.0
64,0,104,105,57,1,0,7,0,0.875,0.0,0.0,0.0
64,0,104,105,58,1,0,8,0,0.8888888888888888,0.0,0.0,0.0
64,0,104,105,59,1,0,9,0,0.9,0.0,0.0,0.0
64,0,104,105,60,1,0,9,0,0.9,0.0,0.0,0.0
64,0,104,105,61,1,0,9,0,0.9,0.0,0.0,0.0
64,0,104,105,62,3,0,9,0,2.25,0.0,0.0,0.0
64,0,104,105,63,3,0,10,0,2.3076923076923075,0.0,0.0,0.0
64,0,104,105,64,3,0,11,0,2.357142857142857,0.0,0.0,0.0
64,0,104,105,65,2,0,12,0,1.7142857142857142,0.0,0.0,0.0
64,0,104,105,66,2,0,12,0,1.7142857142857142,0.0,0.0,0.0
64,0,104,105,67,2,0,12,0,1.7142857142857142,0.0,0.0,0.0
64,0,104,105,68,2,0,12,0,1.7142857142857142,0.0,0.0,0.0
64,0,104,105,69,2,0,12,0,1.7142857142857142,0.0,0.0,0.0
64,0,104,105,70,2,0,12,0,1.7142857142857142,0.0,0.0,0.0
64,0,104,105,71,2,0,12,0,1.7142857142857142,0.0,0.0,0.0
64,0,104,105,72,2,0,11,0,1.6923076923076923,0.0,0.0,0.0
64,0,104,105,73,2,0,10,0,1.6666666666666667,0.0,0.0,0.0
64,0,104,105,74,2,0,9,0,1.6363636363636365,0.0,0.0,0.0
64,0,104,105,75,3,1,9,0,2.25,0.3333333333333333,0.0,0.3333333333333333
64,0,104,105,76,3,0,10,0,2.3076923076923075,0.0,0.0,0.0
64,0,112,113,19,2,0,21,0,1.826086956521739,0.0,0.0,0.0
64,0,112,113,20,2,0,21,0,1.826086956521739,0.0,0.0,0.0
64,0,112,113,21,2,0,20,0,1.8181818181818181,0.0,0.0,0.0
64,0,112,113,22,2,0,19,0,1.8095238095238095,0.0,0.0,0.0
64,0,112,113,23,2,0,17,0,1.7894736842105263,0.0,0.0,0.0
64,0,112,113,24,2,0,14,0,1.75,0.0,0.0,0.0
64,0,112,113,25,2,0,12,0,1.7142857142857142,0.0,0.0,0.0
64,0,112,113,26,2,0,10,0,1.6666666666666667,0.0,0.0,0.0
64,0,112,113,27,2,0,8,0,1.6,0.0,0.0,0.0
64,0,112,113,28,2,0,7,0,1.5555555555555556,0.0,0.0,0.0
64,0,112,113,29,3,0,5,0,1.875,0.0,0.0,0.0
64,0,112,113,53,1,1,1,0,0.5,1.0,0.0,1.0
64,0,112,113,54,1,0,2,0,0.6666666666666666,0.0,0.0,0.0
64,0,112,113,55,1,1,3,0,0.75,1.0,0.0,1.0
64,0,112,113,56,1,0,4,0,0.8,0.0,0.0,0.0
64,0,112,113,57,1,1,5,0,0.8333333333333334,1.0,0.0,1.0
64,0,112,113,58,1,0,6,0,0.8571428571428571,0.0,0.0,0.0
64,0,112,113,59,1,1,7,0,0.875,1.0,0.0,1.0
64,0,112,113,60,1,0,7,0,0.875,0.0,0.0,0.0
64,0,112,113,61,1,1,7,0,0.875,1.0,0.0,1.0
64,0,112,113,62,1,0,7,0,0.875,0.0,0.0,0.0
64,0,112,113,63,3,2,7,0,2.1,0.6666666666666666,0.0,0.6666666666666666
64,0,112,113,64,2,0,9,0,1.6363636363636365,0.0,0.0,0.0
64,0,112,113,65,2,0,10,0,1.6666666666666667,0.0,0.0,0.0
64,0,112,113,66,1,0,11,0,0.9166666666666666,0.0,0.0,0.0
64,0,112,113,67,1,0,11,0,0.9166666666666666,0.0,0.0,0.0
64,0,112,113,68,1,0,11,0,0.9166666666666666,0.0,0.0,0.0
64,0,112,113,69,1,0,11,0,0.9166666666666666,0.0,0.0,0.0
64,0,112,113,70,1,0,11,0,0.9166666666666666,0.0,0.0,0.0
64,0,112,113,71,2,1,11,0,1.6923076923076923,0.5,0.0,0.5
64,0,112,113,73,2,1,9,0,1.6363636363636365,0.5,0.0,0.5
64,0,112,113,74,2,1,9,0,1.6363636363636365,0.5,0.0,0.5
64,0,112,113,75,2,1,9,0,1.6363636363636365,0.5,0.0,0.5
64,0,112,113,76,2,0,9,0,1.6363636363636365,0.0,0.0,0.0
64,0,112,113,77,2,0,9,0,1.6363636363636365,0.0,0.0,0.0
64,0,120,121,19,2,0,21,0,1.826086956521739,0.0,0.0,0.0
64,0,120,121,20,2,0,21,0,1.826086956521739,0.0,0.0,0.0
64,0,120,121,21,2,0,20,0,1.8181818181818181,0.0,0.0,0.0
64,0,120,121,22,2,0,19,0,1.8095238095238095,0.0,0.0,0.0
64,0,120,121,23,2,0,17,0,1.7894736842105263,0.0,0.0,0.0
64,0,120,121,24,2,0,14,0,1.75,0.0,0.0,0.0
64,0,120,121,25,2,0,12,0,1.7142857142857142,0.0,0.0,0.0
64,0,120,121,26,2,0,10,0,1.6666666666666667,0.0,0.0,0.0
64,0,120,121,27,2,0,8,0,1.6,0.0,0.0,0.0
64,0,120,121,28,2,0,7,0,1.5555555555555556,0.0,0.0,0.0
64,0,120,121,29,2,0,6,0,1.5,0.0,0.0,0.0
64,0,120,121,30,2,0,4,0,1.3333333333333333,0.0,0.0,0.0
64,0,120,121,65,1,0,1,0,0.5,0.0,0.0,0.0
64,0,120,121,66,1,0,2,0,0.6666666666666666,0.0,0.0,0.0
64,0,120,121,67,1,1,3,0,0.75,1.0,0.0,1.0
64,0,120,121,68,1,0,4,0,0.8,0.0,0.0,0.0
64,0,120,121,69,1,1,5,0,0.8333333333333334,1.0,0.0,1.0
64,0,120,121,70,1,0,6,0,0.8571428571428571,0.0,0.0,0.0
64,0,120,121,71,2,1,7,0,1.5555555555555556,0.5,0.0,0.5
64,0,120,121,72,2,0,7,0,1.5555555555555556,0.0,0.0,0.0
64,0,120,121,73,2,1,7,0,1.5555555555555556,0.5,0.0,0.5
64,0,120,121,74,1,0,7,0,0.875,0.0,0.0,0.0
64,0,120,121,75,2,1,7,0,1.5555555555555556,0.5,0.0,0.5
64,0,120,121,76,1,0,8,0,0.8888888888888888,0.0,0.0,0.0
64,0,120,121,77,1,0,8,0,0.8888888888888888,0.0,0.0,0.0
64,0,120,121,78,1,0,8,0,0.8888888888888888,0.0,0.0,0.0
64,0,128,129,19,1,0,22,0,0.9565217391304348,0.0,0.0,0.0
64,0,128,129,20,1,0,23,0,0.9583333333333334,0.0,0.0,0.0
64,0,128,129,21,1,0,22,0,0.9565217391304348,0.0,0.0,0.0
64,0,128,129,22,1,0,21,0,0.9545454545454546,0.0,0.0,0.0
64,0,128,129,23,1,0,20,0,0.9523809523809523,0.0,0.0,0.0
64,0,128,129,24,1,0,17,0,0.9444444444444444,0.0,0.0,0.0
64,0,128,129,25,1,0,15,0,0.9375,0.0,0.0,0.0
64,0,128,129,26,1,0,13,0,0.9285714285714286,0.0,0.0,0.0
64,0,128,129,27,1,0,11,0,0.9166666666666666,0.0,0.0,0.0
64,0,128,129,28,1,0,10,0,0.9090909090909091,0.0,0.0,0.0
64,0,128,129,29,1,0,9,0,0.9,0.0,0.0,0.0
64,0,128,129,30,2,0,6,0,1.5,0.0,0.0,0.0
64,0,128,129,80,2,0,1,0,0.6666666666666666,0.0,0.0,0.0
64,0,128,129,81,5,4,1,0,0.8333333333333334,0.8,0.0,0.8
64,0,136,137,20,1,0,24,0,0.96,0.0,0.0,0.0
64,0,136,137,21,1,0,23,0,0.9583333333333334,0.0,0.0,0.0
64,0,136,137,22,2,0,21,0,1.826086956521739,0.0,0.0,0.0
64,0,136,137,23,1,0,20,0,0.9523809523809523,0.0,0.0,0.0
64,0,136,137,24,1,0,17,0,0.9444444444444444,0.0,0.0,0.0
64,0,136,137,26,2,0,13,0,1.7333333333333334,0.0,0.0,0.0
64,0,136,137,28,2,0,10,0,1.6666666666666667,0.0,0.0,0.0
64,0,136,137,29,1,0,9,0,0.9,0.0,0.0,0.0
64,0,136,137,30,1,0,7,0,0.875,0.0,0.0,0.0
64,0,136,137,31,1,0,4,0,0.8,0.0,0.0,0.0
64,0,144,145,21,1,0,24,0,0.96,0.0,0.0,0.0
64,0,144,145,22,2,0,22,0,1.8333333333333333,0.0,0.0,0.0
64,0,144,145,23,1,0,21,0,0.9545454545454546,0.0,0.0,0.0
64,0,144,145,24,1,0,18,0,0.9473684210526315,0.0,0.0,0.0
64,0,144,145,26,1,0,15,0,0.9375,0.0,0.0,0.0
64,0,144,145,27,1,0,13,0,0.9285714285714286,0.0,0.0,0.0
64,0,144,145,28,1,0,12,0,0.9230769230769231,0.0,0.0,0.0
64,0,144,145,30,2,0,9,0,1.6363636363636365,0.0,0.0,0.0
64,0,144,145,31,1,0,6,0,0.8571428571428571,0.0,0.0,0.0
64,0,144,145,32,2,0,2,0,1.0,0.0,0.0,0.0
64,0,152,153,23,1,0,24,0,0.96,0.0,0.0,0.0
64,0,152,153,24,1,0,21,0,0.9545454545454546,0.0,0.0,0.0
64,0,152,153,26,2,0,18,0,1.8,0.0,0.0,0.0
64,0,152,153,28,2,0,16,0,1.7777777777777777,0.0,0.0,0.0
64,0,152,153,30,1,0,15,0,0.9375,0.0,0.0,0.0
64,0,152,153,32,1,0,10,0,0.9090909090909091,0.0,0.0,0.0
64,0,160,161,23,1,0,24,0,0.96,0.0,0.0,0.0
64,0,168,169,24,1,0,22,0,0.9565217391304348,0.0,0.0,0.0
64,0,176,177,24,1,0,22,0,0.9565217391304348,0.0,0.0,0.0
64,0,184,185,24,1,0,22,0,0.9565217391304348,0.0,0.0,0.0
64,0,184,185,25,2,0,21,0,1.826086956521739,0.0,0.0,0.0
64,0,184,185,32,1,0,11,0,0.9166666666666666,0.0,0.0,0.0
64,0,184,185,34,1,0,7,0,0.875,0.0,0.0,0.0
64,0,192,193,25,2,0,22,0,1.8333333333333333,0.0,0.0,0.0
64,0,192,193,26,2,0,21,0,1.826086956521739,0.0,0.0,0.0
64,0,192,193,27,2,0,20,0,1.8181818181818181,0.0,0.0,0.0
64,0,192,193,28,2,0,20,0,1.8181818181818181,0.0,0.0,0.0
64,0,192,193,29,2,0,20,0,1.8181818181818181,0.0,0.0,0.0
64,0,192,193,30,2,0,18,0,1.8,0.0,0.0,0.0
64,0,192,193,31,2,0,15,0,1.7647058823529411,0.0,0.0,0.0
64,0,192,193,32,2,0,12,0,1.7142857142857142,0.0,0.0,0.0
64,0,192,193,33,2,0,10,0,1.6666666666666667,0.0,0.0,0.0
64,0,192,193,34,2,0,8,0,1.6,0.0,0.0,0.0
64,0,192,193,35,2,0,7,0,1.5555555555555556,0.0,0.0,0.0
64,0,192,193,36,2,0,6,0,1.5,0.0,0.0,0.0
64,0,192,193,37,2,0,5,0,1.4285714285714286,0.0,0.0,0.0
64,0,192,193,38,2,0,3,0,1.2,0.0,0.0,0.0
64,0,200,201,25,2,0,22,0,1.8333333333333333,0.0,0.0,0.0
64,0,200,201,26,2,0,21,0,1.826086956521739,0.0,0.0,0.0
64,0,200,201,27,2,0,20,0,1.8181818181818181,0.0,0.0,0.0
64,0,200,201,28,2,0,20,0,1.8181818181818181,0.0,0.0,0.0
64,0,200,201,29,2,0,20,0,1.8181818181818181,0.0,0.0,0.0
64,0,200,201,30,2,0,18,0,1.8,0.0,0.0,0.0
64,0,200,201,31,2,0,15,0,1.7647058823529411,0.0,0.0,0.0
64,0,200,201,32,2,0,12,0,1.7142857142857142,0.0,0.0,0.0
64,0,200,201,33,2,0,10,0,1.6666666666666667,0.0,0.0,0.0
64,0,200,201,34,2,0,8,0,1.6,0.0,0.0,0.0
64,0,200,201,35,2,0,7,0,1.5555555555555556,0.0,0.0,0.0
64,0,200,201,36,2,0,6,0,1.5,0.0,0.0,0.0
64,0,200,201,37,2,0,5,0,1.4285714285714286,0.0,0.0,0.0
64,0,200,201,38,2,0,3,0,1.2,0.0,0.0,0.0
64,0,208,209,25,2,0,22,0,1.8333333333333333,0.0,0.0,0.0
64,0,208,209,26,2,0,21,0,1.826086956521739,0.0,0.0,0.0
64,0,208,209,27,2,0,20,0,1.8181818181818181,0.0,0.0,0.0
64,0,208,209,28,2,0,20,0,1.8181818181818181,0.0,0.0,0.0
64,0,208,209,29,2,0,20,0,1.8181818181818181,0.0,0.0,0.0
64,0,208,209,30,2,0,18,0,1.8,0.0,0.0,0.0
64,0,208,209,31,2,0,15,0,1.7647058823529411,0.0,0.0,0.0
64,0,208,209,32,2,0,12,0,1.7142857142857142,0.0,0.0,0.0
64,0,208,209,33,2,0,10,0,1.6666666666666667,0.0,0.0,0.0
64,0,208,209,34,2,0,8,0,1.6,0.0,0.0,0.0
64,0,208,209,35,2,0,7,0,1.5555555555555556,0.0,0.0,0.0
64,0,208,209,36,2,0,6,0,1.5,0.0,0.0,0.0
64,0,208,209,37,2,0,5,0,1.4285714285714286,0.0,0.0,0.0
64,0,208,209,38,2,0,3,0,1.2,0.0,0.0,0.0
64,0,208,209,43,1,0,1,0,0.5,0.0,0.0,0.0
64,0,216,217,25,2,0,22,0,1.8333333333333333,0.0,0.0,0.0
64,0,216,217,26,2,0,21,0,1.826086956521739,0.0,0.0,0.0
64,0,216,217,27,2,0,20,0,1.8181818181818181,0.0,0.0,0.0
64,0,216,217,28,2,0,20,0,1.8181818181818181,0.0,0.0,0.0
64,0,216,217,29,2,0,20,0,1.8181818181818181,0.0,0.0,0.0
64,0,216,217,30,2,0,18,0,1.8,0.0,0.0,0.0
64,0,216,217,31,2,0,15,0,1.7647058823529411,0.0,0.0,0.0
64,0,216,217,32,2,0,12,0,1.7142857142857142,0.0,0.0,0.0
64,0,216,217,33,2,0,10,0,1.6666666666666667,0.0,0.0,0.0
64,0,216,217,34,2,0,8,0,1.6,0.0,0.0,0.0
64,0,216,217,35,2,0,7,0,1.5555555555555556,0.0,0.0,0.0
64,0,216,217,36,2,0,6,0,1.5,0.0,0.0,0.0
64,0,216,217,37,2,0,5,0,1.4285714285714286,0.0,0.0,0.0
64,0,216,217,38,2,0,3,0,1.2,0.0,0.0,0.0
64,0,216,217,43,1,0,1,0,0.5,0.0,0.0,0.0
64,0,216,217,44,1,0,1,0,0.5,0.0,0.0,0.0
64,0,216,217,45,1,0,1,0,0.5,0.0,0.0,0.0
64,0,216,217,46,1,0,1,0,0.5,0.0,0.0,0.0
64,0,216,217,47,1,0,1,0,0.5,0.0,0.0,0.0
64,0,216,217,48,1,0,1,0,0.5,0.0,0.0,0.0
64,0,216,217,49,1,0,1,0,0.5,0.0,0.0,0.0
64,0,216,217,50,1,0,1,0,0.5,0.0,0.0,0.0
64,0,216,217,51,1,0,1,0,0.5,0.0,0.0,0.0
64,0,216,217,52,1,0,1,0,0.5,0.0,0.0,0.0
64,0,216,217,53,1,0,1,0,0.5,0.0,0.0,0.0
64,0,216,217,54,1,0,1,0,0.5,0.0,0.0,0.0
64,0,216,217,55,1,0,1,0,0.5,0.0,0.0,0.0
64,0,224,225,26,4,0,21,0,3.36,0.0,0.0,0.0
64,0,224,225,27,2,0,20,0,1.8181818181818181,0.0,0.0,0.0
64,0,224,225,28,2,0,20,0,1.8181818181818181,0.0,0.0,0.0
64,0,224,225,29,2,0,20,0,1.8181818181818181,0.0,0.0,0.0
64,0,224,225,30,2,0,18,0,1.8,0.0,0.0,0.0
64,0,224,225,31,2,0,15,0,1.7647058823529411,0.0,0.0,0.0
64,0,224,225,32,2,0,12,0,1.7142857142857142,0.0,0.0,0.0
64,0,224,225,33,2,0,10,0,1.6666666666666667,0.0,0.0,0.0
64,0,224,225,34,2,0,8,0,1.6,0.0,0.0,0.0
64,0,224,225,35,2,0,7,0,1.5555555555555556,0.0,0.0,0.0
64,0,224,225,36,2,0,6,0,1.5,0.0,0.0,0.0
64,0,224,225,37,2,0,5,0,1.4285714285714286,0.0,0.0,0.0
64,0,224,225,38,2,0,3,0,1.2,0.0,0.0,0.0
64,0,224,225,43,1,0,1,0,0.5,0.0,0.0,0.0
64,0,224,225,44,1,0,1,0,0.5,0.0,0.0,0.0
64,0,224,225,45,1,0,1,0,0.5,0.0,0.0,0.0
64,0,224,225,46,1,0,1,0,0.5,0.0,0.0,0.0
64,0,224,225,47,1,0,1,0,0.5,0.0,0.0,0.0
64,0,224,225,48,1,0,1,0,0.5,0.0,0.0,0.0
64,0,224,225,49,1,0,1,0,0.5,0.0,0.0,0.0
64,0,224,225,50,1,0,1,0,0.5,0.0,0.0,0.0
64,0,224,225,51,1,0,1,0,0.5,0.0,0.0,0.0
64,0,224,225,52,1,0,1,0,0.5,0.0,0.0,0.0
64,0,224,225,53,1,0,1,0,0.5,0.0,0.0,0.0
64,0,224,225,54,1,0,1,0,0.5,0.0,0.0,0.0
64,0,224,225,55,1,0,1,0,0.5,0.0,0.0,0.0
64,0,224,225,56,1,0,1,0,0.5,0.0,0.0,0.0
64,0,232,233,26,1,0,24,0,0.96,0.0,0.0,0.0
64,0,232,233,27,1,0,23,0,0.9583333333333334,0.0,0.0,0.0
64,0,232,233,28,1,0,23,0,0.9583333333333334,0.0,0.0,0.0
64,0,232,233,29,1,0,23,0,0.9583333333333334,0.0,0.0,0.0
64,0,232,233,30,1,0,21,0,0.9545454545454546,0.0,0.0,0.0
64,0,232,233,31,1,0,18,0,0.9473684210526315,0.0,0.0,0.0
64,0,232,233,32,1,0,15,0,0.9375,0.0,0.0,0.0
64,0,232,233,33,1,0,13,0,0.9285714285714286,0.0,0.0,0.0
64,0,232,233,34,1,0,11,0,0.9166666666666666,0.0,0.0,0.0
64,0,232,233,35,1,0,10,0,0.9090909090909091,0.0,0.0,0.0
64,0,232,233,36,1,0,9,0,0.9,0.0,0.0,0.0
64,0,232,233,37,1,0,8,0,0.8888888888888888,0.0,0.0,0.0
64,0,232,233,38,4,0,3,0,1.7142857142857142,0.0,0.0,0.0
64,0,232,233,40,1,0,1,0,0.5,0.0,0.0,0.0
64,0,232,233,41,1,0,1,0,0.5,0.0,0.0,0.0
64,0,232,233,42,1,0,1,0,0.5,0.0,0.0,0.0
64,0,232,233,43,1,0,2,0,0.6666666666666666,0.0,0.0,0.0
64,0,232,233,44,1,0,2,0,0.6666666666666666,0.0,0.0,0.0
64,0,232,233,45,1,0,2,0,0.6666666666666666,0.0,0.0,0.0
64,0,232,233,46,1,0,2,0,0.6666666666666666,0.0,0.0,0.0
64,0,232,233,47,1,0,2,0,0.6666666666666666,0.0,0.0,0.0
64,0,232,233,48,2,0,2,0,1.0,0.0,0.0,0.0
64,0,232,233,49,2,0,2,0,1.0,0.0,0.0,0.0
64,0,232,233,50,1,0,2,0,0.6666666666666666,0.0,0.0,0.0
64,0,232,233,51,1,0,2,0,0.6666666666666666,0.0,0.0,0.0
64,0,232,233,52,1,0,2,0,0.6666666666666666,0.0,0.0,0.0
64,0,232,233,53,1,0,2,0,0.6666666666666666,0.0,0.0,0.0
64,0,232,233,54,1,0,2,0,0.6666666666666666,0.0,0.0,0.0
64,0,232,233,55,1,0,2,0,0.6666666666666666,0.0,0.0,0.0
64,0,232,233,56,1,0,2,0,0.6666666666666666,0.0,0.0,0.0
64,0,232,233,57,1,0,1,0,0.5,0.0,0.0,0.0
64,0,240,241,27,2,0,23,0,1.84,0.0,0.0,0.0
64,0,240,241,28,1,0,24,0,0.96,0.0,0.0,0.0
64,0,240,241,29,3,0,23,0,2.6538461538461537,0.0,0.0,0.0
64,0,240,241,30,1,0,22,0,0.9565217391304348,0.0,0.0,0.0
64,0,240,241,31,2,0,19,0,1.8095238095238095,0.0,0.0,0.0
64,0,240,241,32,2,0,16,0,1.7777777777777777,0.0,0.0,0.0
64,0,240,241,33,2,0,14,0,1.75,0.0,0.0,0.0
64,0,240,241,34,1,0,12,0,0.9230769230769231,0.0,0.0,0.0
64,0,240,241,35,1,0,11,0,0.9166666666666666,0.0,0.0,0.0
64,0,240,241,37,3,0,8,0,2.1818181818181817,0.0,0.0,0.0
64,0,240,241,38,1,0,7,0,0.875,0.0,0.0,0.0
64,0,240,241,39,3,0,4,0,1.7142857142857142,0.0,0.0,0.0
64,0,240,241,40,1,0,3,0,0.75,0.0,0.0,0.0
64,0,240,241,41,3,0,2,0,1.2,0.0,0.0,0.0
64,0,240,241,43,3,0,3,0,1.5,0.0,0.0,0.0
64,0,240,241,45,2,0,4,0,1.3333333333333333,0.0,0.0,0.0
64,0,240,241,46,3,0,3,0,1.5,0.0,0.0,0.0
64,0,240,241,47,1,0,2,0,0.6666666666666666,0.0,0.0,0.0
64,0,240,241,48,3,0,2,0,1.2,0.0,0.0,0.0
64,0,240,241,49,3,0,3,0,1.5,0.0,0.0,0.0
64,0,240,241,50,5,0,2,0,1.4285714285714286,0.0,0.0,0.0
64,0,240,241,51,4,0,2,0,1.3333333333333333,0.0,0.0,0.0
64,0,240,241,52,4,0,2,0,1.3333333333333333,0.0,0.0,0.0
64,0,240,241,53,4,0,2,0,1.3333333333333333,0.0,0.0,0.0
64,0,240,241,54,5,0,2,0,1.4285714285714286,0.0,0.0,0.0
64,0,240,241,55,4,0,3,0,1.7142857142857142,0.0,0.0,0.0
64,0,240,241,56,5,0,2,0,1.4285714285714286,0.0,0.0,0.0
64,0,240,241,57,5,0,1,0,0.8333333333333334,0.0,0.0,0.0
64,0,240,241,58,5,0,1,0,0.8333333333333334,0.0,0.0,0.0
64,0,240,241,61,9,0,1,0,0.9,0.0,0.0,0.0
64,0,240,241,62,7,0,5,0,2.9166666666666665,0.0,0.0,0.0
64,0,240,241,63,9,0,2,0,1.6363636363636365,0.0,0.0,0.0
64,0,240,241,64,4,0,4,0,2.0,0.0,0.0,0.0
64,0,240,241,65,5,0,4,0,2.2222222222222223,0.0,0.0,0.0
64,0,240,241,66,3,0,5,0,1.875,0.0,0.0,0.0
64,0,240,241,67,3,0,4,0,1.7142857142857142,0.0,0.0,0.0
64,0,240,241,68,4,0,3,0,1.7142857142857142,0.0,0.0,0.0
64,0,240,241,69,5,0,2,0,1.4285714285714286,0.0,0.0,0.0
64,0,240,241,70,5,0,1,0,0.8333333333333334,0.0,0.0,0.0
64,0,240,241,71,4,0,3,0,1.7142857142857142,0.0,0.0,0.0
64,0,240,241,72,5,0,3,0,1.875,0.0,0.0,0.0
64,0,240,241,73,4,0,3,0,1.7142857142857142,0.0,0.0,0.0
64,0,240,241,74,4,0,2,0,1.3333333333333333,0.0,0.0,0.0
64,0,240,241,75,5,0,2,0,1.4285714285714286,0.0,0.0,0.0
64,0,240,241,76,2,0,4,0,1.3333333333333333,0.0,0.0,0.0
64,0,240,241,77,4,0,2,0,1.3333333333333333,0.0,0.0,0.0
64,0,240,241,78,3,0,1,0,0.75,0.0,0.0,0.0
64,0,240,241,79,1,0,2,0,0.6666666666666666,0.0,0.0,0.0
64,0,240,241,80,1,0,2,0,0.6666666666666666,0.0,0.0,0.0
64,0,240,241,81,1,0,2,0,0.6666666666666666,0.0,0.0,0.0
64,0,240,241,82,1,0,2,0,0.6666666666666666,0.0,0.0,0.0
64,0,240,241,83,1,0,2,0,0.6666666666666666,0.0,0.0,0.0
64,0,240,241,85,1,0,1,0,0.5,0.0,0.0,0.0
64,1,16,17,16,2,0,7,0,1.5555555555555556,0.0,0.0,0.0
64,1,24,25,21,8,8,3,0,2.1818181818181817,1.0,0.0,1.0
64,1,32,33,27,13,13,1,0,0.9285714285714286,1.0,0.0,1.0
64,1,40,41,25,1,0,2,0,0.6666666666666666,0.0,0.0,0.0
64,1,40,41,26,2,0,3,0,1.2,0.0,0.0,0.0
64,1,40,41,27,1,0,5,0,0.8333333333333334,0.0,0.0,0.0
64,1,40,41,28,2,0,5,0,1.4285714285714286,0.0,0.0,0.0
64,1,40,41,29,1,0,6,0,0.8571428571428571,0.0,0.0,0.0
64,1,40,41,30,3,0,5,0,1.875,0.0,0.0,0.0
64,1,40,41,31,1,0,6,0,0.8571428571428571,0.0,0.0,0.0
64,1,40,41,32,1,0,7,0,0.875,0.0,0.0,0.0
64,1,40,41,33,6,5,7,0,3.230769230769231,0.8333333333333334,0.0,0.8333333333333334
64,1,48,49,22,2,0,4,0,1.3333333333333333,0.0,0.0,0.0
64,1,48,49,23,1,0,6,0,0.8571428571428571,0.0,0.0,0.0
64,1,48,49,24,2,0,7,0,1.5555555555555556,0.0,0.0,0.0
64,1,48,49,26,2,0,9,0,1.6363636363636365,0.0,0.0,0.0
64,1,48,49,28,1,0,11,0,0.9166666666666666,0.0,0.0,0.0
64,1,48,49,30,1,0,12,0,0.9230769230769231,0.0,0.0,0.0
64,1,48,49,32,1,0,13,0,0.9285714285714286,0.0,0.0,0.0
64,1,48,49,36,4,0,3,0,1.7142857142857142,0.0,0.0,0.0
64,1,48,49,37,1,0,3,0,0.75,0.0,0.0,0.0
64,1,48,49,39,1,1,3,0,0.75,1.0,0.0,1.0
64,1,56,57,16,1,0,1,0,0.5,0.0,0.0,0.0
64,1,56,57,22,1,0,10,0,0.9090909090909091,0.0,0.0,0.0
64,1,56,57,24,1,0,12,0,0.9230769230769231,0.0,0.0,0.0
64,1,56,57,26,1,0,13,0,0.9285714285714286,0.0,0.0,0.0
64,1,64,65,7,2,0,2,0,1.0,0.0,0.0,0.0
64,1,64,65,8,4,0,2,0,1.3333333333333333,0.0,0.0,0.0
64,1,64,65,10,3,0,4,0,1.7142857142857142,0.0,0.0,0.0
64,1,64,65,11,1,0,5,0,0.8333333333333334,0.0,0.0,0.0
64,1,64,65,12,2,0,4,0,1.3333333333333333,0.0,0.0,0.0
64,1,64,65,14,1,0,4,0,0.8,0.0,0.0,0.0
64,1,64,65,15,1,0,3,0,0.75,0.0,0.0,0.0
64,1,64,65,16,1,0,3,0,0.75,0.0,0.0,0.0
64,1,64,65,18,2,0,3,0,1.2,0.0,0.0,0.0
64,1,72,73,2,2,0,3,0,1.2,0.0,0.0,0.0
64,1,72,73,4,1,0,7,0,0.875,0.0,0.0,0.0
64,1,72,73,5,1,0,9,0,0.9,0.0,0.0,0.0
64,1,72,73,6,1,0,11,0,0.9166666666666666,0.0,0.0,0.0
64,1,72,73,10,4,0,12,0,3.0,0.0,0.0,0.0
64,1,72,73,11,1,0,11,0,0.9166666666666666,0.0,0.0,0.0
64,1,72,73,12,1,0,9,0,0.9,0.0,0.0,0.0
64,1,72,73,14,1,0,8,0,0.8888888888888888,0.0,0.0,0.0
64,1,200,201,73,1,0,24,0,0.96,0.0,0.0,0.0
64,1,200,201,75,2,0,24,0,1.8461538461538463,0.0,0.0,0.0
64,1,240,241,80,2,0,26,0,1.8571428571428572,0.0,0.0,0.0
64,1,240,241,82,2,0,26,0,1.8571428571428572,0.0,0.0,0.0
64,2,8,9,9,21,21,1,0,0.9545454545454546,1.0,0.0,1.0
64,2,16,17,15,19,18,1,0,0.95,0.9473684210526315,0.0,0.9473684210526315
64,2,16,17,16,2,0,17,0,1.7894736842105263,0.0,0.0,0.0
64,2,24,25,20,2,0,2,0,1.0,0.0,0.0,0.0
64,2,24,25,21,10,9,4,0,2.857142857142857,0.9,0.0,0.9
64,2,32,33,25,7,6,1,0,0.875,0.8571428571428571,0.0,0.8571428571428571
64,2,32,33,26,5,2,7,0,2.9166666666666665,0.4,0.0,0.4
64,2,32,33,27,2,1,12,0,1.7142857142857142,0.5,0.0,0.5
64,2,40,41,1,1,0,2,0,0.6666666666666666,0.0,0.0,0.0
64,2,40,41,3,2,0,5,0,1.4285714285714286,0.0,0.0,0.0
64,2,40,41,5,2,0,8,0,1.6,0.0,0.0,0.0
64,2,40,41,7,1,0,10,0,0.9090909090909091,0.0,0.0,0.0
64,2,40,41,9,1,0,11,0,0.9166666666666666,0.0,0.0,0.0
64,2,40,41,11,1,0,12,0,0.9230769230769231,0.0,0.0,0.0
64,2,40,41,12,1,0,11,0,0.9166666666666666,0.0,0.0,0.0
64,2,40,41,13,1,0,9,0,0.9,0.0,0.0,0.0
64,2,40,41,14,2,0,6,0,1.5,0.0,0.0,0.0
64,2,40,41,15,2,0,4,0,1.3333333333333333,0.0,0.0,0.0
64,2,40,41,31,7,5,2,0,1.5555555555555556,0.7142857142857143,0.0,0.7142857142857143
64,2,40,41,32,5,2,8,0,3.076923076923077,0.4,0.0,0.4
64,2,40,41,33,2,0,12,0,1.7142857142857142,0.0,0.0,0.0
64,2,48,49,5,2,0,11,0,1.6923076923076923,0.0,0.0,0.0
64,2,48,49,7,5,0,12,0,3.5294117647058822,0.0,0.0,0.0
64,2,48,49,8,1,0,13,0,0.9285714285714286,0.0,0.0,0.0
64,2,48,49,19,1,0,2,0,0.6666666666666666,0.0,0.0,0.0
64,2,48,49,38,1,0,8,0,0.8888888888888888,0.0,0.0,0.0
64,2,56,57,11,2,0,22,0,1.8333333333333333,0.0,0.0,0.0
64,2,56,57,13,5,0,16,0,3.8095238095238093,0.0,0.0,0.0
64,2,56,57,14,3,0,12,0,2.4,0.0,0.0,0.0
64,2,56,57,15,4,0,7,0,2.5454545454545454,0.0,0.0,0.0
64,2,56,57,21,2,0,1,0,0.6666666666666666,0.0,0.0,0.0
64,2,56,57,22,1,0,2,0,0.6666666666666666,0.0,0.0,0.0
64,2,56,57,41,4,3,2,0,1.3333333333333333,0.75,0.0,0.75
64,2,56,57,42,2,0,5,0,1.4285714285714286,0.0,0.0,0.0
64,2,56,57,43,4,2,6,0,2.4,0.5,0.0,0.5
64,2,64,65,17,1,1,17,0,0.9444444444444444,1.0,0.0,1.0
64,2,64,65,19,13,0,4,0,3.0588235294117645,0.0,0.0,0.0
64,2,64,65,21,1,0,4,0,0.8,0.0,0.0,0.0
64,2,64,65,23,1,0,5,0,0.8333333333333334,0.0,0.0,0.0
64,2,64,65,24,1,0,5,0,0.8333333333333334,0.0,0.0,0.0
64,2,64,65,25,1,0,5,0,0.8333333333333334,0.0,0.0,0.0
64,2,64,65,26,1,0,5,0,0.8333333333333334,0.0,0.0,0.0
64,2,64,65,27,2,0,4,0,1.3333333333333333,0.0,0.0,0.0
64,2,64,65,28,1,0,4,0,0.8,0.0,0.0,0.0
64,2,64,65,29,2,0,3,0,1.2,0.0,0.0,0.0
64,2,64,65,30,1,0,3,0,0.75,0.0,0.0,0.0
64,2,64,65,31,2,0,2,0,1.0,0.0,0.0,0.0
64,2,64,65,32,1,0,2,0,0.6666666666666666,0.0,0.0,0.0
64,2,64,65,44,1,1,3,0,0.75,1.0,0.0,1.0
64,2,64,65,45,1,1,6,0,0.8571428571428571,1.0,0.0,1.0
64,2,64,65,47,4,4,10,0,2.857142857142857,1.0,0.0,1.0
64,2,64,65,48,2,1,15,0,1.7647058823529411,0.5,0.0,0.5
64,2,64,65,49,3,3,18,0,2.5714285714285716,1.0,0.0,1.0
64,2,64,65,50,1,0,22,0,0.9565217391304348,0.0,0.0,0.0
64,2,64,65,51,2,1,24,0,1.8461538461538463,0.5,0.0,0.5
64,2,72,73,23,4,0,10,0,2.857142857142857,0.0,0.0,0.0
64,2,72,73,24,1,0,10,0,0.9090909090909091,0.0,0.0,0.0
64,2,72,73,25,3,1,9,0,2.25,0.3333333333333333,0.0,0.3333333333333333
64,2,72,73,27,3,0,9,0,2.25,0.0,0.0,0.0
64,2,72,73,29,1,0,10,0,0.9090909090909091,0.0,0.0,0.0
64,2,72,73,31,3,0,9,0,2.25,0.0,0.0,0.0
64,2,72,73,32,1,0,9,0,0.9,0.0,0.0,0.0
64,2,72,73,33,3,0,7,0,2.1,0.0,0.0,0.0
64,2,72,73,34,1,0,7,0,0.875,0.0,0.0,0.0
64,2,72,73,35,3,0,4,0,1.7142857142857142,0.0,0.0,0.0
64,2,72,73,36,1,0,2,0,0.6666666666666666,0.0,0.0,0.0
64,2,72,73,53,1,1,14,0,0.9333333333333333,1.0,0.0,1.0
64,2,72,73,55,6,5,16,0,4.363636363636363,0.8333333333333334,0.0,0.8333333333333334
64,2,72,73,56,3,2,21,0,2.625,0.6666666666666666,0.0,0.6666666666666666
64,2,72,73,57,3,1,23,0,2.6538461538461537,0.3333333333333333,0.0,0.3333333333333333
64,2,80,81,38,1,0,8,0,0.8888888888888888,0.0,0.0,0.0
64,2,80,81,39,3,1,5,0,1.875,0.3333333333333333,0.0,0.3333333333333333
64,2,80,81,41,4,2,1,0,0.8,0.5,0.0,0.5
64,2,80,81,46,2,0,4,0,1.3333333333333333,0.0,0.0,0.0
64,2,80,81,47,3,1,5,0,1.875,0.3333333333333333,0.0,0.3333333333333333
64,2,80,81,61,5,4,11,0,3.4375,0.8,0.0,0.8
64,2,80,81,63,2,2,16,0,1.7777777777777777,1.0,0.0,1.0
64,2,88,89,39,2,0,7,0,1.5555555555555556,0.0,0.0,0.0
64,2,88,89,40,1,0,6,0,0.8571428571428571,0.0,0.0,0.0
64,2,88,89,41,1,0,5,0,0.8333333333333334,0.0,0.0,0.0
64,2,88,89,42,1,0,4,0,0.8,0.0,0.0,0.0
64,2,88,89,43,1,0,3,0,0.75,0.0,0.0,0.0
64,2,88,89,44,1,0,2,0,0.6666666666666666,0.0,0.0,0.0
64,2,88,89,45,3,0,1,0,0.75,0.0,0.0,0.0
64,2,88,89,46,2,0,2,0,1.0,0.0,0.0,0.0
64,2,88,89,47,2,0,3,0,1.2,0.0,0.0,0.0
64,2,88,89,48,2,0,4,0,1.3333333333333333,0.0,0.0,0.0
64,2,88,89,49,2,0,5,0,1.4285714285714286,0.0,0.0,0.0
64,2,88,89,50,2,0,6,0,1.5,0.0,0.0,0.0
64,2,88,89,51,2,0,7,0,1.5555555555555556,0.0,0.0,0.0
64,2,88,89,52,2,0,8,0,1.6,0.0,0.0,0.0
64,2,88,89,53,4,2,9,0,2.769230769230769,0.5,0.0,0.5
64,2,88,89,54,1,0,12,0,0.9230769230769231,0.0,0.0,0.0
64,2,88,89,55,4,3,12,0,3.0,0.75,0.0,0.75
64,2,88,89,62,2,0,10,0,1.6666666666666667,0.0,0.0,0.0
64,2,88,89,63,3,1,11,0,2.357142857142857,0.3333333333333333,0.0,0.3333333333333333
64,2,88,89,65,1,1,17,0,0.9444444444444444,1.0,0.0,1.0
64,2,88,89,67,3,1,19,0,2.590909090909091,0.3333333333333333,0.0,0.3333333333333333
64,2,96,97,39,1,0,8,0,0.8888888888888888,0.0,0.0,0.0
64,2,96,97,40,1,0,7,0,0.875,0.0,0.0,0.0
64,2,96,97,41,1,0,6,0,0.8571428571428571,0.0,0.0,0.0
64,2,96,97,42,2,0,5,0,1.4285714285714286,0.0,0.0,0.0
64,2,96,97,43,1,0,4,0,0.8,0.0,0.0,0.0
64,2,96,97,44,1,0,3,0,0.75,0.0,0.0,0.0
64,2,96,97,45,3,0,2,0,1.2,0.0,0.0,0.0
64,2,96,97,46,3,0,3,0,1.5,0.0,0.0,0.0
64,2,96,97,47,3,0,4,0,1.7142857142857142,0.0,0.0,0.0
64,2,96,97,48,3,0,5,0,1.875,0.0,0.0,0.0
64,2,96,97,49,3,1,6,0,2.0,0.3333333333333333,0.0,0.3333333333333333
64,2,96,97,50,3,0,7,0,2.1,0.0,0.0,0.0
64,2,96,97,51,3,2,8,0,2.1818181818181817,0.6666666666666666,0.0,0.6666666666666666
64,2,96,97,52,3,0,9,0,2.25,0.0,0.0,0.0
64,2,96,97,53,3,1,10,0,2.3076923076923075,0.3333333333333333,0.0,0.3333333333333333
64,2,96,97,54,3,0,10,0,2.3076923076923075,0.0,0.0,0.0
64,2,96,97,55,2,1,11,0,1.6923076923076923,0.5,0.0,0.5
64,2,96,97,56,2,0,11,0,1.6923076923076923,0.0,0.0,0.0
64,2,96,97,57,2,1,11,0,1.6923076923076923,0.5,0.0,0.5
64,2,96,97,58,2,0,11,0,1.6923076923076923,0.0,0.0,0.0
64,2,96,97,59,2,0,11,0,1.6923076923076923,0.0,0.0,0.0
64,2,96,97,60,2,0,11,0,1.6923076923076923,0.0,0.0,0.0
64,2,96,97,63,2,0,9,0,1.6363636363636365,0.0,0.0,0.0
64,2,96,97,64,2,0,11,0,1.6923076923076923,0.0,0.0,0.0
64,2,96,97,65,4,2,13,0,3.0588235294117645,0.5,0.0,0.5
64,2,96,97,67,4,2,17,0,3.238095238095238,0.5,0.0,0.5
64,2,96,97,68,2,0,21,0,1.826086956521739,0.0,0.0,0.0
64,2,96,97,69,2,0,22,0,1.8333333333333333,0.0,0.0,0.0
64,2,96,97,70,2,0,22,0,1.8333333333333333,0.0,0.0,0.0
64,2,96,97,71,2,0,22,0,1.8333333333333333,0.0,0.0,0.0
64,2,96,97,72,2,0,23,0,1.84,0.0,0.0,0.0
64,2,96,97,73,2,0,24,0,1.8461538461538463,0.0,0.0,0.0
64,2,96,97,74,3,0,25,0,2.6785714285714284,0.0,0.0,0.0
64,2,104,105,39,1,0,8,0,0.8888888888888888,0.0,0.0,0.0
64,2,104,105,41,2,0,6,0,1.5,0.0,0.0,0.0
64,2,104,105,42,2,0,5,0,1.4285714285714286,0.0,0.0,0.0
64,2,104,105,43,1,0,4,0,0.8,0.0,0.0,0.0
64,2,104,105,45,2,0,2,0,1.0,0.0,0.0,0.0
64,2,104,105,46,3,1,1,0,0.75,0.3333333333333333,0.0,0.3333333333333333
64,2,104,105,47,2,2,3,0,1.2,1.0,0.0,1.0
64,2,104,105,48,2,0,3,0,1.2,0.0,0.0,0.0
64,2,104,105,49,4,2,3,0,1.7142857142857142,0.5,0.0,0.5
64,2,104,105,50,2,0,5,0,1.4285714285714286,0.0,0.0,0.0
64,2,104,105,51,2,1,6,0,1.5,0.5,0.0,0.5
64,2,104,105,52,2,0,7,0,1.5555555555555556,0.0,0.0,0.0
64,2,104,105,53,2,1,8,0,1.6,0.5,0.0,0.5
64,2,104,105,54,2,0,8,0,1.6,0.0,0.0,0.0
64,2,104,105,55,1,1,9,0,0.9,1.0,0.0,1.0
64,2,104,105,56,1,0,9,0,0.9,0.0,0.0,0.0
64,2,104,105,57,1,1,9,0,0.9,1.0,0.0,1.0
64,2,104,105,58,1,0,9,0,0.9,0.0,0.0,0.0
64,2,104,105,59,1,0,9,0,0.9,0.0,0.0,0.0
64,2,104,105,60,1,0,9,0,0.9,0.0,0.0,0.0
64,2,104,105,61,1,0,9,0,0.9,0.0,0.0,0.0
64,2,104,105,62,1,0,9,0,0.9,0.0,0.0,0.0
64,2,104,105,63,2,0,9,0,1.6363636363636365,0.0,0.0,0.0
64,2,104,105,64,2,0,11,0,1.6923076923076923,0.0,0.0,0.0
64,2,104,105,65,2,0,13,0,1.7333333333333334,0.0,0.0,0.0
64,2,104,105,66,2,0,15,0,1.7647058823529411,0.0,0.0,0.0
64,2,104,105,67,2,0,17,0,1.7894736842105263,0.0,0.0,0.0
64,2,104,105,68,2,0,19,0,1.8095238095238095,0.0,0.0,0.0
64,2,104,105,69,2,0,20,0,1.8181818181818181,0.0,0.0,0.0
64,2,104,105,70,2,0,20,0,1.8181818181818181,0.0,0.0,0.0
64,2,104,105,71,2,0,20,0,1.8181818181818181,0.0,0.0,0.0
64,2,104,105,72,2,0,21,0,1.826086956521739,0.0,0.0,0.0
64,2,104,105,73,2,0,22,0,1.8333333333333333,0.0,0.0,0.0
64,2,104,105,74,2,0,23,0,1.84,0.0,0.0,0.0
64,2,104,105,75,2,0,24,0,1.8461538461538463,0.0,0.0,0.0
64,2,104,105,76,2,0,25,0,1.8518518518518519,0.0,0.0,0.0
64,2,112,113,40,1,0,8,0,0.8888888888888888,0.0,0.0,0.0
64,2,112,113,41,1,0,7,0,0.875,0.0,0.0,0.0
64,2,112,113,42,2,0,6,0,1.5,0.0,0.0,0.0
64,2,112,113,43,1,0,5,0,0.8333333333333334,0.0,0.0,0.0
64,2,112,113,44,1,0,4,0,0.8,0.0,0.0,0.0
64,2,112,113,45,1,0,3,0,0.75,0.0,0.0,0.0
64,2,112,113,46,1,0,2,0,0.6666666666666666,0.0,0.0,0.0
64,2,112,113,47,1,0,2,0,0.6666666666666666,0.0,0.0,0.0
64,2,112,113,48,1,0,2,0,0.6666666666666666,0.0,0.0,0.0
64,2,112,113,49,2,0,2,0,1.0,0.0,0.0,0.0
64,2,112,113,50,2,0,3,0,1.2,0.0,0.0,0.0
64,2,112,113,51,2,1,4,0,1.3333333333333333,0.5,0.0,0.5
64,2,112,113,52,1,0,5,0,0.8333333333333334,0.0,0.0,0.0
64,2,112,113,53,3,2,5,0,1.875,0.6666666666666666,0.0,0.6666666666666666
64,2,112,113,54,1,0,6,0,0.8571428571428571,0.0,0.0,0.0
64,2,112,113,55,2,1,5,0,1.4285714285714286,0.5,0.0,0.5
64,2,112,113,57,2,2,4,0,1.3333333333333333,1.0,0.0,1.0
64,2,112,113,59,2,2,4,0,1.3333333333333333,1.0,0.0,1.0
64,2,112,113,61,6,5,3,0,2.0,0.8333333333333334,0.0,0.8333333333333334
64,2,112,113,62,1,0,8,1,0.8888888888888888,0.0,0.125,-0.125
64,2,112,113,63,3,1,8,3,2.1818181818181817,0.3333333333333333,0.375,-0.041666666666666685
64,2,112,113,64,2,0,11,0,1.6923076923076923,0.0,0.0,0.0
64,2,112,113,65,2,0,13,1,1.7333333333333334,0.0,0.07692307692307693,-0.07692307692307693
64,2,112,113,66,2,0,15,0,1.7647058823529411,0.0,0.0,0.0
64,2,112,113,67,2,0,17,0,1.7894736842105263,0.0,0.0,0.0
64,2,112,113,68,2,0,19,0,1.8095238095238095,0.0,0.0,0.0
64,2,112,113,69,2,0,20,0,1.8181818181818181,0.0,0.0,0.0
64,2,112,113,70,2,0,20,0,1.8181818181818181,0.0,0.0,0.0
64,2,112,113,71,2,0,20,0,1.8181818181818181,0.0,0.0,0.0
64,2,112,113,72,2,0,21,0,1.826086956521739,0.0,0.0,0.0
64,2,112,113,73,2,0,22,0,1.8333333333333333,0.0,0.0,0.0
64,2,112,113,74,2,0,23,0,1.84,0.0,0.0,0.0
64,2,112,113,75,2,0,24,0,1.8461538461538463,0.0,0.0,0.0
64,2,112,113,76,2,0,25,0,1.8518518518518519,0.0,0.0,0.0
64,2,120,121,41,1,0,8,0,0.8888888888888888,0.0,0.0,0.0
64,2,120,121,42,2,0,7,0,1.5555555555555556,0.0,0.0,0.0
64,2,120,121,43,1,0,6,0,0.8571428571428571,0.0,0.0,0.0
64,2,120,121,44,1,0,5,0,0.8333333333333334,0.0,0.0,0.0
64,2,120,121,45,1,0,4,0,0.8,0.0,0.0,0.0
64,2,120,121,46,1,0,3,0,0.75,0.0,0.0,0.0
64,2,120,121,47,1,0,3,0,0.75,0.0,0.0,0.0
64,2,120,121,48,1,0,3,0,0.75,0.0,0.0,0.0
64,2,120,121,49,1,0,3,0,0.75,0.0,0.0,0.0
64,2,120,121,50,1,0,3,0,0.75,0.0,0.0,0.0
64,2,120,121,51,1,0,3,0,0.75,0.0,0.0,0.0
64,2,120,121,52,1,0,3,0,0.75,0.0,0.0,0.0
64,2,120,121,53,1,0,3,0,0.75,0.0,0.0,0.0
64,2,120,121,54,1,0,2,0,0.6666666666666666,0.0,0.0,0.0
64,2,120,121,55,2,1,1,0,0.6666666666666666,0.5,0.0,0.5
64,2,120,121,64,2,0,2,0,1.0,0.0,0.0,0.0
64,2,120,121,65,2,0,5,0,1.4285714285714286,0.0,0.0,0.0
64,2,120,121,66,2,0,8,0,1.6,0.0,0.0,0.0
64,2,120,121,67,2,0,11,0,1.6923076923076923,0.0,0.0,0.0
64,2,120,121,68,2,0,14,0,1.75,0.0,0.0,0.0
64,2,120,121,69,2,0,16,0,1.7777777777777777,0.0,0.0,0.0
64,2,120,121,70,2,0,17,0,1.7894736842105263,0.0,0.0,0.0
64,2,120,121,71,2,0,18,0,1.8,0.0,0.0,0.0
64,2,120,121,72,2,0,19,0,1.8095238095238095,0.0,0.0,0.0
64,2,120,121,73,2,0,20,0,1.8181818181818181,0.0,0.0,0.0
64,2,120,121,74,2,0,21,0,1.826086956521739,0.0,0.0,0.0
64,2,120,121,75,2,0,22,0,1.8333333333333333,0.0,0.0,0.0
64,2,120,121,76,2,0,23,0,1.84,0.0,0.0,0.0
64,2,120,121,77,2,0,24,0,1.8461538461538463,0.0,0.0,0.0
64,2,128,129,43,2,0,8,0,1.6,0.0,0.0,0.0
64,2,128,129,45,2,0,6,0,1.5,0.0,0.0,0.0
64,2,128,129,47,3,0,5,0,1.875,0.0,0.0,0.0
64,2,128,129,49,3,0,5,0,1.875,0.0,0.0,0.0
64,2,128,129,50,1,0,5,0,0.8333333333333334,0.0,0.0,0.0
64,2,128,129,52,1,0,6,0,0.8571428571428571,0.0,0.0,0.0
64,2,128,129,53,1,0,6,0,0.8571428571428571,0.0,0.0,0.0
64,2,128,129,55,1,0,5,0,0.8333333333333334,0.0,0.0,0.0
64,2,128,129,57,5,0,1,0,0.8333333333333334,0.0,0.0,0.0
64,2,128,129,58,3,0,1,0,0.75,0.0,0.0,0.0
64,2,128,129,59,2,0,2,0,1.0,0.0,0.0,0.0
64,2,128,129,60,2,0,2,0,1.0,0.0,0.0,0.0
64,2,128,129,61,1,0,2,0,0.6666666666666666,0.0,0.0,0.0
64,2,128,129,62,1,0,2,0,0.6666666666666666,0.0,0.0,0.0
64,2,128,129,63,1,0,2,0,0.6666666666666666,0.0,0.0,0.0
64,2,128,129,64,1,0,3,0,0.75,0.0,0.0,0.0
64,2,128,129,65,3,0,4,0,1.7142857142857142,0.0,0.0,0.0
64,2,128,129,66,3,0,7,0,2.1,0.0,0.0,0.0
64,2,128,129,67,3,0,10,0,2.3076923076923075,0.0,0.0,0.0
64,2,128,129,68,4,0,12,0,3.0,0.0,0.0,0.0
64,2,128,129,69,2,0,14,0,1.75,0.0,0.0,0.0
64,2,128,129,70,2,0,15,0,1.7647058823529411,0.0,0.0,0.0
64,2,128,129,71,2,0,16,0,1.7777777777777777,0.0,0.0,0.0
64,2,128,129,72,2,0,17,0,1.7894736842105263,0.0,0.0,0.0
64,2,128,129,73,3,1,18,0,2.5714285714285716,0.3333333333333333,0.0,0.3333333333333333
64,2,128,129,74,1,0,20,0,0.9523809523809523,0.0,0.0,0.0
64,2,128,129,75,4,2,20,0,3.3333333333333335,0.5,0.0,0.5
64,2,128,129,76,2,0,23,0,1.84,0.0,0.0,0.0
64,2,128,129,77,2,1,24,0,1.8461538461538463,0.5,0.0,0.5
64,2,136,137,43,1,0,9,0,0.9,0.0,0.0,0.0
64,2,136,137,57,1,0,10,0,0.9090909090909091,0.0,0.0,0.0
64,2,136,137,58,2,0,10,0,1.6666666666666667,0.0,0.0,0.0
64,2,136,137,59,3,0,9,0,2.25,0.0,0.0,0.0
64,2,136,137,60,2,0,9,0,1.6363636363636365,0.0,0.0,0.0
64,2,136,137,61,1,0,8,0,0.8888888888888888,0.0,0.0,0.0
64,2,136,137,62,1,0,7,0,0.875,0.0,0.0,0.0
64,2,136,137,63,1,0,6,0,0.8571428571428571,0.0,0.0,0.0
64,2,136,137,64,1,0,6,0,0.8571428571428571,0.0,0.0,0.0
64,2,136,137,65,1,0,6,0,0.8571428571428571,0.0,0.0,0.0
64,2,136,137,66,2,0,6,0,1.5,0.0,0.0,0.0
64,2,136,137,67,3,2,7,0,2.1,0.6666666666666666,0.0,0.6666666666666666
64,2,136,137,68,1,0,10,0,0.9090909090909091,0.0,0.0,0.0
64,2,136,137,69,3,2,10,0,2.3076923076923075,0.6666666666666666,0.0,0.6666666666666666
64,2,136,137,70,1,0,11,0,0.9166666666666666,0.0,0.0,0.0
64,2,136,137,71,2,2,10,0,1.6666666666666667,1.0,0.0,1.0
64,2,136,137,72,2,1,11,0,1.6923076923076923,0.5,0.0,0.5
64,2,136,137,73,6,6,12,0,4.0,1.0,0.0,1.0
64,2,136,137,74,1,0,17,1,0.9444444444444444,0.0,0.058823529411764705,-0.058823529411764705
64,2,136,137,75,3,1,17,2,2.55,0.3333333333333333,0.11764705882352941,0.2156862745098039
64,2,136,137,76,2,0,19,0,1.8095238095238095,0.0,0.0,0.0
64,2,136,137,77,4,2,20,0,3.3333333333333335,0.5,0.0,0.5
64,2,136,137,78,1,0,22,0,0.9565217391304348,0.0,0.0,0.0
64,2,136,137,79,1,0,21,0,0.9545454545454546,0.0,0.0,0.0
64,2,144,145,43,1,0,9,0,0.9,0.0,0.0,0.0
64,2,144,145,57,1,0,10,0,0.9090909090909091,0.0,0.0,0.0
64,2,144,145,58,2,0,10,0,1.6666666666666667,0.0,0.0,0.0
64,2,144,145,59,2,0,10,0,1.6666666666666667,0.0,0.0,0.0
64,2,144,145,60,3,0,9,0,2.25,0.0,0.0,0.0
64,2,144,145,61,1,0,8,0,0.8888888888888888,0.0,0.0,0.0
64,2,144,145,62,1,0,7,0,0.875,0.0,0.0,0.0
64,2,144,145,63,1,0,6,0,0.8571428571428571,0.0,0.0,0.0
64,2,144,145,64,1,0,6,0,0.8571428571428571,0.0,0.0,0.0
64,2,144,145,65,1,0,6,0,0.8571428571428571,0.0,0.0,0.0
64,2,144,145,66,1,0,6,0,0.8571428571428571,0.0,0.0,0.0
64,2,144,145,67,1,0,6,0,0.8571428571428571,0.0,0.0,0.0
64,2,144,145,68,1,0,7,0,0.875,0.0,0.0,0.0
64,2,144,145,69,1,0,8,0,0.8888888888888888,0.0,0.0,0.0
64,2,144,145,79,1,1,14,0,0.9333333333333333,1.0,0.0,1.0
64,2,152,153,43,1,0,9,0,0.9,0.0,0.0,0.0
64,2,152,153,56,1,0,11,0,0.9166666666666666,0.0,0.0,0.0
64,2,152,153,57,2,0,11,0,1.6923076923076923,0.0,0.0,0.0
64,2,152,153,58,2,0,12,0,1.7142857142857142,0.0,0.0,0.0
64,2,152,153,59,2,0,12,0,1.7142857142857142,0.0,0.0,0.0
64,2,152,153,60,1,0,12,0,0.9230769230769231,0.0,0.0,0.0
64,2,152,153,61,2,0,9,0,1.6363636363636365,0.0,0.0,0.0
64,2,152,153,62,1,0,8,0,0.8888888888888888,0.0,0.0,0.0
64,2,152,153,63,1,0,7,0,0.875,0.0,0.0,0.0
64,2,152,153,64,1,0,7,0,0.875,0.0,0.0,0.0
64,2,152,153,65,1,0,7,0,0.875,0.0,0.0,0.0
64,2,152,153,66,1,0,7,0,0.875,0.0,0.0,0.0
64,2,152,153,67,1,0,7,0,0.875,0.0,0.0,0.0
64,2,152,153,69,1,0,8,0,0.8888888888888888,0.0,0.0,0.0
64,2,152,153,80,1,0,13,0,0.9285714285714286,0.0,0.0,0.0
64,2,160,161,43,1,0,9,0,0.9,0.0,0.0,0.0
64,2,160,161,44,1,0,9,0,0.9,0.0,0.0,0.0
64,2,160,161,56,1,0,11,0,0.9166666666666666,0.0,0.0,0.0
64,2,160,161,57,2,0,11,0,1.6923076923076923,0.0,0.0,0.0
64,2,160,161,58,2,0,12,0,1.7142857142857142,0.0,0.0,0.0
64,2,160,161,59,2,0,12,0,1.7142857142857142,0.0,0.0,0.0
64,2,160,161,60,1,0,12,0,0.9230769230769231,0.0,0.0,0.0
64,2,160,161,61,2,0,9,0,1.6363636363636365,0.0,0.0,0.0
64,2,160,161,62,2,0,8,0,1.6,0.0,0.0,0.0
64,2,160,161,63,2,0,7,0,1.5555555555555556,0.0,0.0,0.0
64,2,160,161,64,2,0,7,0,1.5555555555555556,0.0,0.0,0.0
64,2,160,161,65,2,0,7,0,1.5555555555555556,0.0,0.0,0.0
64,2,160,161,66,2,0,7,0,1.5555555555555556,0.0,0.0,0.0
64,2,160,161,67,2,0,7,0,1.5555555555555556,0.0,0.0,0.0
64,2,160,161,68,2,0,8,0,1.6,0.0,0.0,0.0
64,2,160,161,69,1,0,9,0,0.9,0.0,0.0,0.0
64,2,160,161,70,1,0,9,0,0.9,0.0,0.0,0.0
64,2,160,161,71,1,0,9,0,0.9,0.0,0.0,0.0
64,2,160,161,72,1,0,10,0,0.9090909090909091,0.0,0.0,0.0
64,2,160,161,73,1,0,11,0,0.9166666666666666,0.0,0.0,0.0
64,2,160,161,81,3,0,12,0,2.4,0.0,0.0,0.0
64,2,168,169,43,1,0,9,0,0.9,0.0,0.0,0.0
64,2,168,169,44,1,0,9,0,0.9,0.0,0.0,0.0
64,2,168,169,53,1,0,14,0,0.9333333333333333,0.0,0.0,0.0
64,2,168,169,54,1,0,13,0,0.9285714285714286,0.0,0.0,0.0
64,2,168,169,56,2,0,12,0,1.7142857142857142,0.0,0.0,0.0
64,2,168,169,57,3,0,13,0,2.4375,0.0,0.0,0.0
64,2,168,169,58,1,0,15,0,0.9375,0.0,0.0,0.0
64,2,168,169,59,2,0,14,0,1.75,0.0,0.0,0.0
64,2,168,169,61,2,0,11,0,1.6923076923076923,0.0,0.0,0.0
64,2,168,169,62,2,0,11,0,1.6923076923076923,0.0,0.0,0.0
64,2,168,169,63,3,0,9,0,2.25,0.0,0.0,0.0
64,2,168,169,64,3,0,9,0,2.25,0.0,0.0,0.0
64,2,168,169,65,3,0,9,0,2.25,0.0,0.0,0.0
64,2,168,169,66,3,0,9,0,2.25,0.0,0.0,0.0
64,2,168,169,67,3,0,9,0,2.25,0.0,0.0,0.0
64,2,168,169,68,2,0,10,0,1.6666666666666667,0.0,0.0,0.0
64,2,168,169,69,2,0,10,0,1.6666666666666667,0.0,0.0,0.0
64,2,168,169,70,2,0,10,0,1.6666666666666667,0.0,0.0,0.0
64,2,168,169,71,2,0,10,0,1.6666666666666667,0.0,0.0,0.0
64,2,168,169,72,2,0,11,0,1.6923076923076923,0.0,0.0,0.0
64,2,168,169,73,2,0,12,0,1.7142857142857142,0.0,0.0,0.0
64,2,168,169,74,3,0,12,0,2.4,0.0,0.0,0.0
64,2,168,169,81,2,0,12,0,1.7142857142857142,0.0,0.0,0.0
64,2,168,169,82,2,0,14,0,1.75,0.0,0.0,0.0
64,2,168,169,83,2,0,15,0,1.7647058823529411,0.0,0.0,0.0
64,2,168,169,84,2,0,17,0,1.7894736842105263,0.0,0.0,0.0
64,2,168,169,85,2,0,19,0,1.8095238095238095,0.0,0.0,0.0
64,2,168,169,86,2,0,21,0,1.826086956521739,0.0,0.0,0.0
64,2,168,169,87,2,0,23,0,1.84,0.0,0.0,0.0
64,2,168,169,88,2,0,24,0,1.8461538461538463,0.0,0.0,0.0
64,2,168,169,89,2,0,25,0,1.8518518518518519,0.0,0.0,0.0
64,2,168,169,90,2,0,26,0,1.8571428571428572,0.0,0.0,0.0
64,2,168,169,91,2,0,27,0,1.8620689655172413,0.0,0.0,0.0
64,2,168,169,92,2,0,28,0,1.8666666666666667,0.0,0.0,0.0
64,2,168,169,93,3,1,28,0,2.7096774193548385,0.3333333333333333,0.0,0.3333333333333333
64,2,176,177,44,3,0,9,0,2.25,0.0,0.0,0.0
64,2,176,177,45,1,0,9,0,0.9,0.0,0.0,0.0
64,2,176,177,46,1,0,9,0,0.9,0.0,0.0,0.0
64,2,176,177,47,2,0,10,0,1.6666666666666667,0.0,0.0,0.0
64,2,176,177,48,2,0,11,0,1.6923076923076923,0.0,0.0,0.0
64,2,176,177,49,3,0,12,0,2.4,0.0,0.0,0.0
64,2,176,177,50,3,0,14,0,2.4705882352941178,0.0,0.0,0.0
64,2,176,177,51,3,0,16,0,2.526315789473684,0.0,0.0,0.0
64,2,176,177,52,3,0,17,0,2.55,0.0,0.0,0.0
64,2,176,177,53,4,0,18,0,3.272727272727273,0.0,0.0,0.0
64,2,176,177,54,2,0,19,0,1.8095238095238095,0.0,0.0,0.0
64,2,176,177,55,3,0,19,0,2.590909090909091,0.0,0.0,0.0
64,2,176,177,56,5,0,19,0,3.9583333333333335,0.0,0.0,0.0
64,2,176,177,57,2,0,22,0,1.8333333333333333,0.0,0.0,0.0
64,2,176,177,58,1,0,22,0,0.9565217391304348,0.0,0.0,0.0
64,2,176,177,60,1,0,19,0,0.95,0.0,0.0,0.0
64,2,176,177,61,1,0,16,0,0.9411764705882353,0.0,0.0,0.0
64,2,176,177,62,3,0,14,0,2.4705882352941178,0.0,0.0,0.0
64,2,176,177,63,3,0,12,0,2.4,0.0,0.0,0.0
64,2,176,177,64,3,0,11,0,2.357142857142857,0.0,0.0,0.0
64,2,176,177,65,3,0,10,0,2.3076923076923075,0.0,0.0,0.0
64,2,176,177,66,2,0,10,0,1.6666666666666667,0.0,0.0,0.0
64,2,176,177,67,3,0,9,0,2.25,0.0,0.0,0.0
64,2,176,177,68,2,0,10,0,1.6666666666666667,0.0,0.0,0.0
64,2,176,177,69,2,0,10,0,1.6666666666666667,0.0,0.0,0.0
64,2,176,177,70,2,0,10,0,1.6666666666666667,0.0,0.0,0.0
64,2,176,177,71,2,0,10,0,1.6666666666666667,0.0,0.0,0.0
64,2,176,177,72,2,0,11,0,1.6923076923076923,0.0,0.0,0.0
64,2,176,177,73,2,0,12,0,1.7142857142857142,0.0,0.0,0.0
64,2,176,177,74,2,0,13,0,1.7333333333333334,0.0,0.0,0.0
64,2,176,177,75,2,0,13,0,1.7333333333333334,0.0,0.0,0.0
64,2,176,177,81,2,0,12,0,1.7142857142857142,0.0,0.0,0.0
64,2,176,177,82,2,0,14,0,1.75,0.0,0.0,0.0
64,2,176,177,83,2,0,15,0,1.7647058823529411,0.0,0.0,0.0
64,2,176,177,84,2,0,17,0,1.7894736842105263,0.0,0.0,0.0
64,2,176,177,85,2,0,19,0,1.8095238095238095,0.0,0.0,0.0
64,2,176,177,86,2,0,21,0,1.826086956521739,0.0,0.0,0.0
64,2,176,177,87,2,0,23,0,1.84,0.0,0.0,0.0
64,2,176,177,88,2,0,24,0,1.8461538461538463,0.0,0.0,0.0
64,2,176,177,89,2,0,25,0,1.8518518518518519,0.0,0.0,0.0
64,2,176,177,90,2,0,26,0,1.8571428571428572,0.0,0.0,0.0
64,2,176,177,91,2,0,27,0,1.8620689655172413,0.0,0.0,0.0
64,2,176,177,92,2,0,28,0,1.8666666666666667,0.0,0.0,0.0
64,2,176,177,93,2,0,28,0,1.8666666666666667,0.0,0.0,0.0
64,2,176,177,94,2,0,29,0,1.8709677419354838,0.0,0.0,0.0
64,2,176,177,95,2,0,28,0,1.8666666666666667,0.0,0.0,0.0
64,2,184,185,44,2,0,10,0,1.6666666666666667,0.0,0.0,0.0
64,2,184,185,46,2,0,12,0,1.7142857142857142,0.0,0.0,0.0
64,2,184,185,47,2,0,15,0,1.7647058823529411,0.0,0.0,0.0
64,2,184,185,48,1,0,18,0,0.9473684210526315,0.0,0.0,0.0
64,2,184,185,49,1,0,20,0,0.9523809523809523,0.0,0.0,0.0
64,2,184,185,50,1,0,22,0,0.9565217391304348,0.0,0.0,0.0
64,2,184,185,51,1,0,24,0,0.96,0.0,0.0,0.0
64,2,184,185,52,1,0,25,0,0.9615384615384616,0.0,0.0,0.0
64,2,184,185,53,1,0,26,0,0.9629629629629629,0.0,0.0,0.0
64,2,184,185,54,1,0,26,0,0.9629629629629629,0.0,0.0,0.0
64,2,184,185,56,1,0,25,0,0.9615384615384616,0.0,0.0,0.0
64,2,184,185,57,1,0,25,0,0.9615384615384616,0.0,0.0,0.0
64,2,184,185,62,2,0,16,0,1.7777777777777777,0.0,0.0,0.0
64,2,184,185,63,2,0,14,0,1.75,0.0,0.0,0.0
64,2,184,185,64,2,0,13,0,1.7333333333333334,0.0,0.0,0.0
64,2,184,185,65,2,0,12,0,1.7142857142857142,0.0,0.0,0.0
64,2,184,185,66,2,0,11,0,1.6923076923076923,0.0,0.0,0.0
64,2,184,185,67,2,0,10,0,1.6666666666666667,0.0,0.0,0.0
64,2,184,185,68,2,0,10,0,1.6666666666666667,0.0,0.0,0.0
64,2,184,185,69,2,0,10,0,1.6666666666666667,0.0,0.0,0.0
64,2,184,185,70,2,0,10,0,1.6666666666666667,0.0,0.0,0.0
64,2,184,185,71,2,0,10,0,1.6666666666666667,0.0,0.0,0.0
64,2,184,185,72,2,0,11,0,1.6923076923076923,0.0,0.0,0.0
64,2,184,185,73,2,0,12,0,1.7142857142857142,0.0,0.0,0.0
64,2,184,185,74,2,0,13,0,1.7333333333333334,0.0,0.0,0.0
64,2,184,185,75,2,0,13,0,1.7333333333333334,0.0,0.0,0.0
64,2,184,185,82,2,0,12,0,1.7142857142857142,0.0,0.0,0.0
64,2,184,185,83,2,0,13,0,1.7333333333333334,0.0,0.0,0.0
64,2,184,185,84,2,0,15,0,1.7647058823529411,0.0,0.0,0.0
64,2,184,185,85,2,0,17,0,1.7894736842105263,0.0,0.0,0.0
64,2,184,185,86,2,0,19,0,1.8095238095238095,0.0,0.0,0.0
64,2,184,185,87,2,0,21,0,1.826086956521739,0.0,0.0,0.0
64,2,184,185,88,2,0,22,0,1.8333333333333333,0.0,0.0,0.0
64,2,184,185,89,2,0,23,0,1.84,0.0,0.0,0.0
64,2,184,185,90,2,0,24,0,1.8461538461538463,0.0,0.0,0.0
64,2,184,185,91,2,0,25,0,1.8518518518518519,0.0,0.0,0.0
64,2,184,185,92,2,0,26,0,1.8571428571428572,0.0,0.0,0.0
64,2,184,185,93,2,0,26,0,1.8571428571428572,0.0,0.0,0.0
64,2,184,185,94,2,0,27,0,1.8620689655172413,0.0,0.0,0.0
64,2,184,185,95,2,0,26,0,1.8571428571428572,0.0,0.0,0.0
64,2,184,185,96,2,0,24,0,1.8461538461538463,0.0,0.0,0.0
64,2,192,193,45,1,0,13,0,0.9285714285714286,0.0,0.0,0.0
64,2,192,193,47,1,0,17,0,0.9444444444444444,0.0,0.0,0.0
64,2,192,193,54,1,0,27,0,0.9642857142857143,0.0,0.0,0.0
64,2,192,193,56,1,0,26,0,0.9629629629629629,0.0,0.0,0.0
64,2,192,193,62,2,0,16,0,1.7777777777777777,0.0,0.0,0.0
64,2,192,193,63,2,0,14,0,1.75,0.0,0.0,0.0
64,2,192,193,64,2,0,13,0,1.7333333333333334,0.0,0.0,0.0
64,2,192,193,65,2,0,12,0,1.7142857142857142,0.0,0.0,0.0
64,2,192,193,66,2,0,11,0,1.6923076923076923,0.0,0.0,0.0
64,2,192,193,67,2,0,10,0,1.6666666666666667,0.0,0.0,0.0
64,2,192,193,68,2,0,10,0,1.6666666666666667,0.0,0.0,0.0
64,2,192,193,69,2,0,10,0,1.6666666666666667,0.0,0.0,0.0
64,2,192,193,70,2,0,10,0,1.6666666666666667,0.0,0.0,0.0
64,2,192,193,71,2,0,10,0,1.6666666666666667,0.0,0.0,0.0
64,2,192,193,72,2,0,11,0,1.6923076923076923,0.0,0.0,0.0
64,2,192,193,73,2,0,12,0,1.7142857142857142,0.0,0.0,0.0
64,2,192,193,74,2,0,13,0,1.7333333333333334,0.0,0.0,0.0
64,2,192,193,75,2,0,13,0,1.7333333333333334,0.0,0.0,0.0
64,2,192,193,82,2,0,12,0,1.7142857142857142,0.0,0.0,0.0
64,2,192,193,83,2,0,13,0,1.7333333333333334,0.0,0.0,0.0
64,2,192,193,84,2,0,15,0,1.7647058823529411,0.0,0.0,0.0
64,2,192,193,85,2,0,17,0,1.7894736842105263,0.0,0.0,0.0
64,2,192,193,86,2,0,19,0,1.8095238095238095,0.0,0.0,0.0
64,2,192,193,87,2,0,21,0,1.826086956521739,0.0,0.0,0.0
64,2,192,193,88,2,0,22,0,1.8333333333333333,0.0,0.0,0.0
64,2,192,193,89,2,0,23,0,1.84,0.0,0.0,0.0
64,2,192,193,90,2,0,24,0,1.8461538461538463,0.0,0.0,0.0
64,2,192,193,91,2,0,25,0,1.8518518518518519,0.0,0.0,0.0
64,2,192,193,92,2,0,26,0,1.8571428571428572,0.0,0.0,0.0
64,2,192,193,93,2,0,26,0,1.8571428571428572,0.0,0.0,0.0
64,2,192,193,94,2,0,27,0,1.8620689655172413,0.0,0.0,0.0
64,2,192,193,95,2,0,26,0,1.8571428571428572,0.0,0.0,0.0
64,2,192,193,96,2,0,24,0,1.8461538461538463,0.0,0.0,0.0
64,2,200,201,54,1,0,27,0,0.9642857142857143,0.0,0.0,0.0
64,2,200,201,56,1,0,26,0,0.9629629629629629,0.0,0.0,0.0
64,2,200,201,62,2,0,16,0,1.7777777777777777,0.0,0.0,0.0
64,2,200,201,63,2,0,14,0,1.75,0.0,0.0,0.0
64,2,200,201,64,2,0,13,0,1.7333333333333334,0.0,0.0,0.0
64,2,200,201,65,2,0,12,0,1.7142857142857142,0.0,0.0,0.0
64,2,200,201,66,2,0,11,0,1.6923076923076923,0.0,0.0,0.0
64,2,200,201,67,2,0,10,0,1.6666666666666667,0.0,0.0,0.0
64,2,200,201,68,2,0,10,0,1.6666666666666667,0.0,0.0,0.0
64,2,200,201,69,2,0,10,0,1.6666666666666667,0.0,0.0,0.0
64,2,200,201,70,2,0,10,0,1.6666666666666667,0.0,0.0,0.0
64,2,200,201,71,2,0,10,0,1.6666666666666667,0.0,0.0,0.0
64,2,200,201,72,2,0,11,0,1.6923076923076923,0.0,0.0,0.0
64,2,200,201,73,2,0,12,0,1.7142857142857142,0.0,0.0,0.0
64,2,200,201,74,2,0,13,0,1.7333333333333334,0.0,0.0,0.0
64,2,200,201,75,2,0,13,0,1.7333333333333334,0.0,0.0,0.0
64,2,200,201,82,2,0,12,0,1.7142857142857142,0.0,0.0,0.0
64,2,200,201,83,2,0,13,0,1.7333333333333334,0.0,0.0,0.0
64,2,200,201,84,2,0,15,0,1.7647058823529411,0.0,0.0,0.0
64,2,200,201,85,2,0,17,0,1.7894736842105263,0.0,0.0,0.0
64,2,200,201,86,2,0,19,0,1.8095238095238095,0.0,0.0,0.0
64,2,200,201,87,2,0,21,0,1.826086956521739,0.0,0.0,0.0
64,2,200,201,88,2,0,22,0,1.8333333333333333,0.0,0.0,0.0
64,2,200,201,89,2,0,23,0,1.84,0.0,0.0,0.0
64,2,200,201,90,2,0,24,0,1.8461538461538463,0.0,0.0,0.0
64,2,200,201,91,2,0,25,0,1.8518518518518519,0.0,0.0,0.0
64,2,200,201,92,2,0,26,0,1.8571428571428572,0.0,0.0,0.0
64,2,200,201,93,2,0,26,0,1.8571428571428572,0.0,0.0,0.0
64,2,200,201,94,2,0,27,0,1.8620689655172413,0.0,0.0,0.0
64,2,200,201,95,2,0,26,0,1.8571428571428572,0.0,0.0,0.0
64,2,200,201,96,2,0,24,0,1.8461538461538463,0.0,0.0,0.0
64,2,208,209,63,2,0,16,0,1.7777777777777777,0.0,0.0,0.0
64,2,208,209,64,2,0,15,0,1.7647058823529411,0.0,0.0,0.0
64,2,208,209,65,2,0,14,0,1.75,0.0,0.0,0.0
64,2,208,209,66,2,0,13,0,1.7333333333333334,0.0,0.0,0.0
64,2,208,209,67,2,0,12,0,1.7142857142857142,0.0,0.0,0.0
64,2,208,209,68,2,0,12,0,1.7142857142857142,0.0,0.0,0.0
64,2,208,209,69,2,0,12,0,1.7142857142857142,0.0,0.0,0.0
64,2,208,209,70,3,0,11,0,2.357142857142857,0.0,0.0,0.0
64,2,208,209,71,1,0,12,0,0.9230769230769231,0.0,0.0,0.0
64,2,208,209,72,3,0,12,0,2.4,0.0,0.0,0.0
64,2,208,209,73,2,0,13,0,1.7333333333333334,0.0,0.0,0.0
64,2,208,209,74,3,0,13,0,2.4375,0.0,0.0,0.0
64,2,208,209,75,2,0,13,0,1.7333333333333334,0.0,0.0,0.0
64,2,208,209,82,2,0,12,0,1.7142857142857142,0.0,0.0,0.0
64,2,208,209,83,2,0,13,0,1.7333333333333334,0.0,0.0,0.0
64,2,208,209,84,2,0,15,0,1.7647058823529411,0.0,0.0,0.0
64,2,208,209,85,2,0,17,0,1.7894736842105263,0.0,0.0,0.0
64,2,208,209,86,2,0,19,0,1.8095238095238095,0.0,0.0,0.0
64,2,208,209,87,2,0,21,0,1.826086956521739,0.0,0.0,0.0
64,2,208,209,88,2,0,22,0,1.8333333333333333,0.0,0.0,0.0
64,2,208,209,89,2,0,23,0,1.84,0.0,0.0,0.0
64,2,208,209,90,2,0,24,0,1.8461538461538463,0.0,0.0,0.0
64,2,208,209,91,2,0,25,0,1.8518518518518519,0.0,0.0,0.0
64,2,208,209,92,2,0,26,0,1.8571428571428572,0.0,0.0,0.0
64,2,208,209,93,2,0,26,0,1.8571428571428572,0.0,0.0,0.0
64,2,208,209,94,2,0,27,0,1.8620689655172413,0.0,0.0,0.0
64,2,208,209,95,2,0,26,0,1.8571428571428572,0.0,0.0,0.0
64,2,208,209,96,2,0,24,0,1.8461538461538463,0.0,0.0,0.0
64,2,216,217,63,2,0,16,0,1.7777777777777777,0.0,0.0,0.0
64,2,216,217,64,2,0,15,0,1.7647058823529411,0.0,0.0,0.0
64,2,216,217,65,2,0,14,0,1.75,0.0,0.0,0.0
64,2,216,217,66,2,0,13,0,1.7333333333333334,0.0,0.0,0.0
64,2,216,217,67,2,0,12,0,1.7142857142857142,0.0,0.0,0.0
64,2,216,217,68,2,0,12,0,1.7142857142857142,0.0,0.0,0.0
64,2,216,217,69,2,0,12,0,1.7142857142857142,0.0,0.0,0.0
64,2,216,217,70,2,0,12,0,1.7142857142857142,0.0,0.0,0.0
64,2,216,217,71,2,0,12,0,1.7142857142857142,0.0,0.0,0.0
64,2,216,217,72,2,0,13,0,1.7333333333333334,0.0,0.0,0.0
64,2,216,217,73,2,0,14,0,1.75,0.0,0.0,0.0
64,2,216,217,74,2,0,15,0,1.7647058823529411,0.0,0.0,0.0
64,2,216,217,75,2,0,15,0,1.7647058823529411,0.0,0.0,0.0
64,2,216,217,76,2,0,14,0,1.75,0.0,0.0,0.0
64,2,216,217,82,2,0,12,0,1.7142857142857142,0.0,0.0,0.0
64,2,216,217,83,2,0,13,0,1.7333333333333334,0.0,0.0,0.0
64,2,216,217,84,2,0,15,0,1.7647058823529411,0.0,0.0,0.0
64,2,216,217,85,2,0,17,0,1.7894736842105263,0.0,0.0,0.0
64,2,216,217,86,2,0,19,0,1.8095238095238095,0.0,0.0,0.0
64,2,216,217,87,2,0,21,0,1.826086956521739,0.0,0.0,0.0
64,2,216,217,88,2,0,22,0,1.8333333333333333,0.0,0.0,0.0
64,2,216,217,89,2,0,23,0,1.84,0.0,0.0,0.0
64,2,216,217,90,2,0,24,0,1.8461538461538463,0.0,0.0,0.0
64,2,216,217,91,2,0,25,0,1.8518518518518519,0.0,0.0,0.0
64,2,216,217,92,2,0,26,0,1.8571428571428572,0.0,0.0,0.0
64,2,216,217,93,2,0,26,0,1.8571428571428572,0.0,0.0,0.0
64,2,216,217,94,2,0,27,0,1.8620689655172413,0.0,0.0,0.0
64,2,216,217,95,2,0,26,0,1.8571428571428572,0.0,0.0,0.0
64,2,216,217,96,2,0,24,0,1.8461538461538463,0.0,0.0,0.0
64,2,224,225,63,1,0,17,0,0.9444444444444444,0.0,0.0,0.0
64,2,224,225,64,1,0,17,0,0.9444444444444444,0.0,0.0,0.0
64,2,224,225,65,1,0,17,0,0.9444444444444444,0.0,0.0,0.0
64,2,224,225,66,3,0,16,0,2.526315789473684,0.0,0.0,0.0
64,2,224,225,67,2,0,16,0,1.7777777777777777,0.0,0.0,0.0
64,2,224,225,68,1,0,17,0,0.9444444444444444,0.0,0.0,0.0
64,2,224,225,69,2,0,17,0,1.7894736842105263,0.0,0.0,0.0
64,2,224,225,70,2,0,17,0,1.7894736842105263,0.0,0.0,0.0
64,2,224,225,71,1,0,18,0,0.9473684210526315,0.0,0.0,0.0
64,2,224,225,72,3,0,18,0,2.5714285714285716,0.0,0.0,0.0
64,2,224,225,73,2,0,19,0,1.8095238095238095,0.0,0.0,0.0
64,2,224,225,74,2,0,20,0,1.8181818181818181,0.0,0.0,0.0
64,2,224,225,75,2,0,20,0,1.8181818181818181,0.0,0.0,0.0
64,2,224,225,76,3,0,18,0,2.5714285714285716,0.0,0.0,0.0
64,2,224,225,77,2,0,18,0,1.8,0.0,0.0,0.0
64,2,224,225,78,3,0,16,0,2.526315789473684,0.0,0.0,0.0
64,2,224,225,80,1,0,13,0,0.9285714285714286,0.0,0.0,0.0
64,2,224,225,82,1,0,12,0,0.9230769230769231,0.0,0.0,0.0
64,2,224,225,83,2,0,11,0,1.6923076923076923,0.0,0.0,0.0
64,2,224,225,84,2,0,13,0,1.7333333333333334,0.0,0.0,0.0
64,2,224,225,85,2,0,15,0,1.7647058823529411,0.0,0.0,0.0
64,2,224,225,86,2,0,17,0,1.7894736842105263,0.0,0.0,0.0
64,2,224,225,87,2,0,19,0,1.8095238095238095,0.0,0.0,0.0
64,2,224,225,88,3,1,20,0,2.608695652173913,0.3333333333333333,0.0,0.3333333333333333
64,2,224,225,89,1,0,22,0,0.9565217391304348,0.0,0.0,0.0
64,2,224,225,90,3,1,22,0,2.64,0.3333333333333333,0.0,0.3333333333333333
64,2,224,225,91,2,0,24,0,1.8461538461538463,0.0,0.0,0.0
64,2,224,225,92,3,1,25,0,2.6785714285714284,0.3333333333333333,0.0,0.3333333333333333
64,2,224,225,93,2,1,26,0,1.8571428571428572,0.5,0.0,0.5
64,2,224,225,94,2,0,27,0,1.8620689655172413,0.0,0.0,0.0
64,2,224,225,95,2,0,26,0,1.8571428571428572,0.0,0.0,0.0
64,2,224,225,96,2,0,24,0,1.8461538461538463,0.0,0.0,0.0
64,2,232,233,65,1,0,19,0,0.95,0.0,0.0,0.0
64,2,232,233,67,1,0,20,0,0.9523809523809523,0.0,0.0,0.0
64,2,232,233,68,2,0,20,0,1.8181818181818181,0.0,0.0,0.0
64,2,232,233,69,1,0,21,0,0.9545454545454546,0.0,0.0,0.0
64,2,232,233,70,2,0,21,0,1.826086956521739,0.0,0.0,0.0
64,2,232,233,71,2,0,21,0,1.826086956521739,0.0,0.0,0.0
64,2,232,233,72,1,0,22,0,0.9565217391304348,0.0,0.0,0.0
64,2,232,233,73,1,0,23,0,0.9583333333333334,0.0,0.0,0.0
64,2,232,233,74,2,0,23,0,1.84,0.0,0.0,0.0
64,2,232,233,75,1,0,23,0,0.9583333333333334,0.0,0.0,0.0
64,2,232,233,76,2,0,21,0,1.826086956521739,0.0,0.0,0.0
64,2,232,233,79,1,0,18,0,0.9473684210526315,0.0,0.0,0.0
64,2,232,233,81,1,0,14,0,0.9333333333333333,0.0,0.0,0.0
64,2,232,233,83,2,0,11,0,1.6923076923076923,0.0,0.0,0.0
64,2,232,233,84,2,0,13,0,1.7333333333333334,0.0,0.0,0.0
64,2,232,233,85,2,0,15,0,1.7647058823529411,0.0,0.0,0.0
64,2,232,233,86,2,0,17,0,1.7894736842105263,0.0,0.0,0.0
64,2,232,233,87,2,0,19,0,1.8095238095238095,0.0,0.0,0.0
64,2,232,233,88,2,0,20,0,1.8181818181818181,0.0,0.0,0.0
64,2,232,233,89,2,0,21,0,1.826086956521739,0.0,0.0,0.0
64,2,232,233,90,2,0,22,0,1.8333333333333333,0.0,0.0,0.0
64,2,232,233,91,2,0,23,0,1.84,0.0,0.0,0.0
64,2,232,233,92,2,0,24,0,1.8461538461538463,0.0,0.0,0.0
64,2,232,233,93,2,0,24,0,1.8461538461538463,0.0,0.0,0.0
64,2,232,233,94,2,0,25,0,1.8518518518518519,0.0,0.0,0.0
64,2,232,233,95,2,0,24,0,1.8461538461538463,0.0,0.0,0.0
64,2,232,233,96,4,2,22,0,3.3846153846153846,0.5,0.0,0.5
64,2,240,241,72,2,0,24,0,1.8461538461538463,0.0,0.0,0.0
64,2,240,241,73,2,0,24,0,1.8461538461538463,0.0,0.0,0.0
64,2,240,241,74,1,0,25,0,0.9615384615384616,0.0,0.0,0.0
64,2,240,241,75,2,0,24,0,1.8461538461538463,0.0,0.0,0.0
64,2,240,241,76,2,0,23,0,1.84,0.0,0.0,0.0
64,2,240,241,77,2,0,22,0,1.8333333333333333,0.0,0.0,0.0
64,2,240,241,78,1,0,21,0,0.9545454545454546,0.0,0.0,0.0
64,2,240,241,79,2,0,18,0,1.8,0.0,0.0,0.0
64,2,240,241,80,1,0,16,0,0.9411764705882353,0.0,0.0,0.0
64,2,240,241,81,3,0,14,0,2.4705882352941178,0.0,0.0,0.0
64,2,240,241,82,2,0,15,0,1.7647058823529411,0.0,0.0,0.0
64,2,240,241,83,4,0,13,0,3.0588235294117645,0.0,0.0,0.0
64,2,240,241,84,4,0,14,0,3.111111111111111,0.0,0.0,0.0
64,2,240,241,85,4,0,15,0,3.1578947368421053,0.0,0.0,0.0
64,2,240,241,86,5,1,16,0,3.8095238095238093,0.2,0.0,0.2
64,2,240,241,87,5,0,17,0,3.8636363636363638,0.0,0.0,0.0
64,2,240,241,88,7,2,17,0,4.958333333333333,0.2857142857142857,0.0,0.2857142857142857
64,2,240,241,89,6,0,19,0,4.56,0.0,0.0,0.0
64,2,240,241,90,6,1,20,0,4.615384615384615,0.16666666666666666,0.0,0.16666666666666666
64,2,240,241,91,5,1,22,0,4.074074074074074,0.2,0.0,0.2
64,2,240,241,92,5,0,23,1,4.107142857142857,0.0,0.043478260869565216,-0.043478260869565216
64,2,240,241,93,6,0,23,0,4.758620689655173,0.0,0.0,0.0
64,2,240,241,94,4,0,26,0,3.466666666666667,0.0,0.0,0.0
64,2,240,241,95,3,0,26,0,2.689655172413793,0.0,0.0,0.0
64,2,240,241,96,2,0,24,0,1.8461538461538463,0.0,0.0,0.0
64,2,248,249,75,3,0,25,0,2.6785714285714284,0.0,0.0,0.0
64,2,248,249,76,1,0,24,0,0.96,0.0,0.0,0.0
64,2,248,249,77,2,0,22,0,1.8333333333333333,0.0,0.0,0.0
64,2,248,249,78,1,0,21,0,0.9545454545454546,0.0,0.0,0.0
64,2,248,249,79,2,0,19,0,1.8095238095238095,0.0,0.0,0.0
64,2,248,249,80,2,0,17,0,1.7894736842105263,0.0,0.0,0.0
64,2,248,249,85,1,0,21,0,0.9545454545454546,0.0,0.0,0.0
64,2,248,249,87,3,0,23,0,2.6538461538461537,0.0,0.0,0.0
64,2,248,249,89,3,0,25,0,2.6785714285714284,0.0,0.0,0.0
64,3,16,17,16,2,0,11,0,1.6923076923076923,0.0,0.0,0.0
64,3,24,25,20,4,1,3,0,1.7142857142857142,0.25,0.0,0.25
64,3,24,25,21,9,3,7,0,3.9375,0.3333333333333333,0.0,0.3333333333333333
64,3,32,33,24,2,1,2,0,1.0,0.5,0.0,0.5
64,3,32,33,25,8,7,6,0,3.4285714285714284,0.875,0.0,0.875
64,3,32,33,26,6,3,15,0,4.285714285714286,0.5,0.0,0.5
64,3,32,33,27,13,6,21,0,8.029411764705882,0.46153846153846156,0.0,0.46153846153846156
64,3,40,41,29,4,3,9,0,2.769230769230769,0.75,0.0,0.75
64,3,40,41,30,1,0,13,0,0.9285714285714286,0.0,0.0,0.0
64,3,40,41,31,8,8,14,0,5.090909090909091,1.0,0.0,1.0
64,3,40,41,32,8,1,20,2,5.714285714285714,0.125,0.1,0.024999999999999994
64,3,40,41,33,6,4,26,1,4.875,0.6666666666666666,0.038461538461538464,0.6282051282051282
64,3,40,41,35,1,1,26,0,0.9629629629629629,1.0,0.0,1.0
64,3,48,49,2,5,0,2,0,1.4285714285714286,0.0,0.0,0.0
64,3,48,49,3,1,0,3,0,0.75,0.0,0.0,0.0
64,3,48,49,4,2,0,3,0,1.2,0.0,0.0,0.0
64,3,48,49,6,2,0,5,0,1.4285714285714286,0.0,0.0,0.0
64,3,48,49,7,2,0,6,0,1.5,0.0,0.0,0.0
64,3,48,49,8,1,0,7,0,0.875,0.0,0.0,0.0
64,3,48,49,9,1,0,7,0,0.875,0.0,0.0,0.0
64,3,48,49,10,3,0,5,0,1.875,0.0,0.0,0.0
64,3,48,49,12,1,0,4,0,0.8,0.0,0.0,0.0
64,3,48,49,13,1,0,3,0,0.75,0.0,0.0,0.0
64,3,48,49,14,2,0,1,0,0.6666666666666666,0.0,0.0,0.0
64,3,48,49,35,3,3,13,0,2.4375,1.0,0.0,1.0
64,3,48,49,37,3,3,14,0,2.4705882352941178,1.0,0.0,1.0
64,3,48,49,38,2,0,14,0,1.75,0.0,0.0,0.0
64,3,48,49,39,2,1,12,0,1.7142857142857142,0.5,0.0,0.5
64,3,56,57,5,1,0,16,0,0.9411764705882353,0.0,0.0,0.0
64,3,56,57,6,3,0,14,0,2.4705882352941178,0.0,0.0,0.0
64,3,56,57,8,2,0,12,0,1.7142857142857142,0.0,0.0,0.0
64,3,56,57,10,1,0,12,0,0.9230769230769231,0.0,0.0,0.0
64,3,56,57,12,1,0,13,0,0.9285714285714286,0.0,0.0,0.0
64,3,56,57,14,6,0,7,0,3.230769230769231,0.0,0.0,0.0
64,3,56,57,15,1,0,5,0,0.8333333333333334,0.0,0.0,0.0
64,3,56,57,16,1,0,3,0,0.75,0.0,0.0,0.0
64,3,56,57,23,3,0,1,0,0.75,0.0,0.0,0.0
64,3,56,57,25,2,0,3,0,1.2,0.0,0.0,0.0
64,3,56,57,43,2,2,8,0,1.6,1.0,0.0,1.0
64,3,56,57,45,3,2,10,0,2.3076923076923075,0.6666666666666666,0.0,0.6666666666666666
64,3,64,65,12,1,0,14,0,0.9333333333333333,0.0,0.0,0.0
64,3,64,65,17,1,0,7,0,0.875,0.0,0.0,0.0
64,3,64,65,20,1,0,2,0,0.6666666666666666,0.0,0.0,0.0
64,3,64,65,21,1,0,2,0,0.6666666666666666,0.0,0.0,0.0
64,3,64,65,22,1,0,2,0,0.6666666666666666,0.0,0.0,0.0
64,3,64,65,23,1,0,4,0,0.8,0.0,0.0,0.0
64,3,64,65,24,1,0,5,0,0.8333333333333334,0.0,0.0,0.0
64,3,64,65,25,1,0,8,0,0.8888888888888888,0.0,0.0,0.0
64,3,64,65,26,1,0,10,0,0.9090909090909091,0.0,0.0,0.0
64,3,64,65,27,1,0,12,0,0.9230769230769231,0.0,0.0,0.0
64,3,64,65,29,3,0,11,0,2.357142857142857,0.0,0.0,0.0
64,3,64,65,30,2,0,12,0,1.7142857142857142,0.0,0.0,0.0
64,3,64,65,31,3,0,12,0,2.4,0.0,0.0,0.0
64,3,64,65,32,2,0,13,0,1.7333333333333334,0.0,0.0,0.0
64,3,64,65,33,3,0,13,0,2.4375,0.0,0.0,0.0
64,3,64,65,34,1,0,13,0,0.9285714285714286,0.0,0.0,0.0
64,3,64,65,35,1,0,13,0,0.9285714285714286,0.0,0.0,0.0
64,3,64,65,47,2,2,8,0,1.6,1.0,0.0,1.0
64,3,64,65,49,4,3,13,0,3.0588235294117645,0.75,0.0,0.75
64,3,64,65,50,2,1,19,0,1.8095238095238095,0.5,0.0,0.5
64,3,64,65,51,3,2,23,0,2.6538461538461537,0.6666666666666666,0.0,0.6666666666666666
64,3,64,65,52,2,0,28,0,1.8666666666666667,0.0,0.0,0.0
64,3,64,65,53,2,1,33,0,1.8857142857142857,0.5,0.0,0.5
64,3,64,65,54,1,0,37,0,0.9736842105263158,0.0,0.0,0.0
64,3,72,73,13,1,0,14,0,0.9333333333333333,0.0,0.0,0.0
64,3,72,73,15,2,0,11,0,1.6923076923076923,0.0,0.0,0.0
64,3,72,73,16,1,0,10,0,0.9090909090909091,0.0,0.0,0.0
64,3,72,73,17,3,0,8,0,2.1818181818181817,0.0,0.0,0.0
64,3,72,73,18,2,0,6,0,1.5,0.0,0.0,0.0
64,3,72,73,19,5,0,4,0,2.2222222222222223,0.0,0.0,0.0
64,3,72,73,20,2,0,7,0,1.5555555555555556,0.0,0.0,0.0
64,3,72,73,21,2,0,6,0,1.5,0.0,0.0,0.0
64,3,72,73,22,1,0,6,0,0.8571428571428571,0.0,0.0,0.0
64,3,72,73,23,2,0,7,0,1.5555555555555556,0.0,0.0,0.0
64,3,72,73,24,1,0,8,0,0.8888888888888888,0.0,0.0,0.0
64,3,72,73,25,1,0,11,0,0.9166666666666666,0.0,0.0,0.0
64,3,72,73,27,1,0,14,0,0.9333333333333333,0.0,0.0,0.0
64,3,72,73,29,1,0,15,0,0.9375,0.0,0.0,0.0
64,3,72,73,30,1,0,16,0,0.9411764705882353,0.0,0.0,0.0
64,3,72,73,31,1,0,17,0,0.9444444444444444,0.0,0.0,0.0
64,3,72,73,33,1,0,18,0,0.9473684210526315,0.0,0.0,0.0
64,3,72,73,34,1,0,18,0,0.9473684210526315,0.0,0.0,0.0
64,3,72,73,35,1,0,18,0,0.9473684210526315,0.0,0.0,0.0
64,3,72,73,36,1,0,18,0,0.9473684210526315,0.0,0.0,0.0
64,3,72,73,40,1,0,10,0,0.9090909090909091,0.0,0.0,0.0
64,3,72,73,54,1,0,25,0,0.9615384615384616,0.0,0.0,0.0
64,3,72,73,55,4,4,26,0,3.466666666666667,1.0,0.0,1.0
64,3,72,73,56,2,0,29,0,1.8709677419354838,0.0,0.0,0.0
64,3,72,73,57,6,5,32,0,5.052631578947368,0.8333333333333334,0.0,0.8333333333333334
64,3,72,73,58,1,1,38,0,0.9743589743589743,1.0,0.0,1.0
64,3,72,73,59,1,1,39,0,0.975,1.0,0.0,1.0
64,3,80,81,19,2,0,11,0,1.6923076923076923,0.0,0.0,0.0
64,3,80,81,20,2,0,11,0,1.6923076923076923,0.0,0.0,0.0
64,3,80,81,21,2,0,11,0,1.6923076923076923,0.0,0.0,0.0
64,3,80,81,22,2,0,11,0,1.6923076923076923,0.0,0.0,0.0
64,3,80,81,23,2,0,13,0,1.7333333333333334,0.0,0.0,0.0
64,3,80,81,24,2,0,14,0,1.75,0.0,0.0,0.0
64,3,80,81,25,3,0,16,0,2.526315789473684,0.0,0.0,0.0
64,3,80,81,26,2,0,18,0,1.8,0.0,0.0,0.0
64,3,80,81,27,3,1,19,0,2.590909090909091,0.3333333333333333,0.0,0.3333333333333333
64,3,80,81,28,3,0,19,0,2.590909090909091,0.0,0.0,0.0
64,3,80,81,29,4,1,18,0,3.272727272727273,0.25,0.0,0.25
64,3,80,81,30,2,0,19,0,1.8095238095238095,0.0,0.0,0.0
64,3,80,81,31,4,1,19,0,3.3043478260869565,0.25,0.0,0.25
64,3,80,81,32,2,0,21,0,1.826086956521739,0.0,0.0,0.0
64,3,80,81,33,1,0,21,0,0.9545454545454546,0.0,0.0,0.0
64,3,80,81,41,1,0,8,0,0.8888888888888888,0.0,0.0,0.0
64,3,80,81,56,1,0,27,0,0.9642857142857143,0.0,0.0,0.0
64,3,80,81,63,2,2,31,0,1.878787878787879,1.0,0.0,1.0
64,3,80,81,64,1,0,30,0,0.967741935483871,0.0,0.0,0.0
64,3,80,81,65,1,1,28,1,0.9655172413793104,1.0,0.03571428571428571,0.9642857142857143
64,3,88,89,20,2,0,13,0,1.7333333333333334,0.0,0.0,0.0
64,3,88,89,21,2,0,13,0,1.7333333333333334,0.0,0.0,0.0
64,3,88,89,22,2,0,13,0,1.7333333333333334,0.0,0.0,0.0
64,3,88,89,24,3,0,17,0,2.55,0.0,0.0,0.0
64,3,88,89,25,1,0,21,0,0.9545454545454546,0.0,0.0,0.0
64,3,88,89,26,3,0,22,0,2.64,0.0,0.0,0.0
64,3,88,89,27,1,0,25,0,0.9615384615384616,0.0,0.0,0.0
64,3,88,89,28,2,0,26,0,1.8571428571428572,0.0,0.0,0.0
64,3,88,89,29,2,0,27,0,1.8620689655172413,0.0,0.0,0.0
64,3,88,89,30,3,0,26,0,2.689655172413793,0.0,0.0,0.0
64,3,88,89,31,1,0,27,0,0.9642857142857143,0.0,0.0,0.0
64,3,88,89,32,3,0,25,0,2.6785714285714284,0.0,0.0,0.0
64,3,88,89,33,2,0,23,0,1.84,0.0,0.0,0.0
64,3,88,89,34,1,0,21,0,0.9545454545454546,0.0,0.0,0.0
64,3,88,89,42,1,0,8,0,0.8888888888888888,0.0,0.0,0.0
64,3,88,89,43,1,0,9,0,0.9,0.0,0.0,0.0
64,3,88,89,44,1,0,9,0,0.9,0.0,0.0,0.0
64,3,88,89,45,1,0,9,0,0.9,0.0,0.0,0.0
64,3,88,89,46,1,0,9,0,0.9,0.0,0.0,0.0
64,3,88,89,47,1,0,9,0,0.9,0.0,0.0,0.0
64,3,88,89,49,1,0,11,0,0.9166666666666666,0.0,0.0,0.0
64,3,88,89,50,1,0,14,0,0.9333333333333333,0.0,0.0,0.0
64,3,88,89,51,1,0,17,0,0.9444444444444444,0.0,0.0,0.0
64,3,88,89,57,3,0,27,0,2.7,0.0,0.0,0.0
64,3,96,97,22,2,0,17,0,1.7894736842105263,0.0,0.0,0.0
64,3,96,97,24,2,0,22,0,1.8333333333333333,0.0,0.0,0.0
64,3,96,97,26,1,0,29,0,0.9666666666666667,0.0,0.0,0.0
64,3,96,97,28,2,0,32,0,1.8823529411764706,0.0,0.0,0.0
64,3,96,97,30,2,0,34,0,1.8888888888888888,0.0,0.0,0.0
64,3,96,97,32,1,0,34,0,0.9714285714285714,0.0,0.0,0.0
64,3,96,97,36,2,0,22,0,1.8333333333333333,0.0,0.0,0.0
64,3,96,97,37,2,0,18,0,1.8,0.0,0.0,0.0
64,3,96,97,43,1,0,10,0,0.9090909090909091,0.0,0.0,0.0
64,3,96,97,44,1,0,10,0,0.9090909090909091,0.0,0.0,0.0
64,3,96,97,45,1,0,10,0,0.9090909090909091,0.0,0.0,0.0
64,3,96,97,46,1,0,10,0,0.9090909090909091,0.0,0.0,0.0
64,3,96,97,47,1,0,10,0,0.9090909090909091,0.0,0.0,0.0
64,3,96,97,48,1,0,12,0,0.9230769230769231,0.0,0.0,0.0
64,3,96,97,49,1,0,13,0,0.9285714285714286,0.0,0.0,0.0
64,3,96,97,50,1,0,16,0,0.9411764705882353,0.0,0.0,0.0
64,3,96,97,51,1,0,19,0,0.95,0.0,0.0,0.0
64,3,96,97,52,1,0,22,0,0.9565217391304348,0.0,0.0,0.0
64,3,96,97,53,1,0,25,0,0.9615384615384616,0.0,0.0,0.0
64,3,96,97,54,2,0,26,0,1.8571428571428572,0.0,0.0,0.0
64,3,96,97,55,1,0,28,0,0.9655172413793104,0.0,0.0,0.0
64,3,96,97,56,1,0,28,0,0.9655172413793104,0.0,0.0,0.0
64,3,96,97,57,2,1,27,0,1.8620689655172413,0.5,0.0,0.5
64,3,96,97,58,2,0,28,0,1.8666666666666667,0.0,0.0,0.0
64,3,96,97,59,2,0,29,0,1.8709677419354838,0.0,0.0,0.0
64,3,96,97,60,2,0,29,0,1.8709677419354838,0.0,0.0,0.0
64,3,96,97,61,3,1,29,0,2.71875,0.3333333333333333,0.0,0.3333333333333333
64,3,96,97,63,3,1,28,0,2.7096774193548385,0.3333333333333333,0.0,0.3333333333333333
64,3,104,105,44,1,0,11,0,0.9166666666666666,0.0,0.0,0.0
64,3,104,105,45,1,0,11,0,0.9166666666666666,0.0,0.0,0.0
64,3,104,105,46,1,0,11,0,0.9166666666666666,0.0,0.0,0.0
64,3,104,105,47,1,0,11,0,0.9166666666666666,0.0,0.0,0.0
64,3,104,105,48,1,0,13,0,0.9285714285714286,0.0,0.0,0.0
64,3,104,105,49,1,0,14,0,0.9333333333333333,0.0,0.0,0.0
64,3,104,105,50,1,0,17,0,0.9444444444444444,0.0,0.0,0.0
64,3,104,105,51,1,0,20,0,0.9523809523809523,0.0,0.0,0.0
64,3,104,105,52,1,0,23,0,0.9583333333333334,0.0,0.0,0.0
64,3,104,105,53,1,0,26,0,0.9629629629629629,0.0,0.0,0.0
64,3,104,105,54,2,0,27,0,1.8620689655172413,0.0,0.0,0.0
64,3,104,105,55,1,0,29,0,0.9666666666666667,0.0,0.0,0.0
64,3,104,105,56,1,0,29,0,0.9666666666666667,0.0,0.0,0.0
64,3,104,105,57,1,0,27,0,0.9642857142857143,0.0,0.0,0.0
64,3,104,105,58,2,0,26,0,1.8571428571428572,0.0,0.0,0.0
64,3,104,105,59,3,1,27,0,2.7,0.3333333333333333,0.0,0.3333333333333333
64,3,104,105,60,3,1,28,0,2.7096774193548385,0.3333333333333333,0.0,0.3333333333333333
64,3,104,105,61,2,0,29,0,1.8709677419354838,0.0,0.0,0.0
64,3,104,105,62,2,0,29,0,1.8709677419354838,0.0,0.0,0.0
64,3,104,105,63,2,2,28,0,1.8666666666666667,1.0,0.0,1.0
64,3,104,105,65,2,0,22,0,1.8333333333333333,0.0,0.0,0.0
64,3,104,105,66,2,0,20,0,1.8181818181818181,0.0,0.0,0.0
64,3,104,105,67,2,0,18,0,1.8,0.0,0.0,0.0
64,3,104,105,68,2,0,15,0,1.7647058823529411,0.0,0.0,0.0
64,3,104,105,69,2,0,13,0,1.7333333333333334,0.0,0.0,0.0
64,3,104,105,70,2,0,12,0,1.7142857142857142,0.0,0.0,0.0
64,3,104,105,71,4,2,11,0,2.933333333333333,0.5,0.0,0.5
64,3,104,105,73,2,0,9,0,1.6363636363636365,0.0,0.0,0.0
64,3,112,113,45,1,0,12,0,0.9230769230769231,0.0,0.0,0.0
64,3,112,113,46,1,0,12,0,0.9230769230769231,0.0,0.0,0.0
64,3,112,113,47,1,0,12,0,0.9230769230769231,0.0,0.0,0.0
64,3,112,113,49,2,0,15,0,1.7647058823529411,0.0,0.0,0.0
64,3,112,113,51,2,0,21,0,1.826086956521739,0.0,0.0,0.0
64,3,112,113,52,1,0,24,0,0.96,0.0,0.0,0.0
64,3,112,113,53,1,0,27,0,0.9642857142857143,0.0,0.0,0.0
64,3,112,113,54,1,0,29,0,0.9666666666666667,0.0,0.0,0.0
64,3,112,113,55,2,0,30,0,1.875,0.0,0.0,0.0
64,3,112,113,56,1,0,30,0,0.967741935483871,0.0,0.0,0.0
64,3,112,113,57,1,0,28,0,0.9655172413793104,0.0,0.0,0.0
64,3,112,113,58,3,0,26,0,2.689655172413793,0.0,0.0,0.0
64,3,112,113,59,2,0,27,0,1.8620689655172413,0.0,0.0,0.0
64,3,112,113,60,2,0,27,0,1.8620689655172413,0.0,0.0,0.0
64,3,112,113,61,2,0,27,0,1.8620689655172413,0.0,0.0,0.0
64,3,112,113,62,2,0,27,0,1.8620689655172413,0.0,0.0,0.0
64,3,112,113,63,2,0,26,0,1.8571428571428572,0.0,0.0,0.0
64,3,112,113,64,2,0,24,0,1.8461538461538463,0.0,0.0,0.0
64,3,112,113,65,2,0,22,0,1.8333333333333333,0.0,0.0,0.0
64,3,112,113,66,2,0,20,0,1.8181818181818181,0.0,0.0,0.0
64,3,112,113,67,2,0,18,0,1.8,0.0,0.0,0.0
64,3,112,113,68,2,0,15,0,1.7647058823529411,0.0,0.0,0.0
64,3,112,113,69,2,0,13,0,1.7333333333333334,0.0,0.0,0.0
64,3,112,113,70,2,0,12,0,1.7142857142857142,0.0,0.0,0.0
64,3,112,113,71,2,0,11,0,1.6923076923076923,0.0,0.0,0.0
64,3,112,113,72,2,0,10,0,1.6666666666666667,0.0,0.0,0.0
64,3,112,113,73,2,0,9,0,1.6363636363636365,0.0,0.0,0.0
64,3,120,121,51,1,0,27,0,0.9642857142857143,0.0,0.0,0.0
64,3,120,121,53,1,0,34,0,0.9714285714285714,0.0,0.0,0.0
64,3,120,121,55,2,0,38,0,1.9,0.0,0.0,0.0
64,3,120,121,59,1,0,34,0,0.9714285714285714,0.0,0.0,0.0
64,3,120,121,60,1,0,33,0,0.9705882352941176,0.0,0.0,0.0
64,3,120,121,61,3,0,30,0,2.727272727272727,0.0,0.0,0.0
64,3,120,121,62,1,0,30,0,0.967741935483871,0.0,0.0,0.0
64,3,120,121,63,5,0,25,0,4.166666666666667,0.0,0.0,0.0
64,3,120,121,64,1,0,23,0,0.9583333333333334,0.0,0.0,0.0
64,3,120,121,65,1,0,21,0,0.9545454545454546,0.0,0.0,0.0
64,3,120,121,66,1,0,19,0,0.95,0.0,0.0,0.0
64,3,120,121,67,1,0,17,0,0.9444444444444444,0.0,0.0,0.0
64,3,120,121,68,1,0,14,0,0.9333333333333333,0.0,0.0,0.0
64,3,120,121,69,1,0,12,0,0.9230769230769231,0.0,0.0,0.0
64,3,120,121,70,1,0,11,0,0.9166666666666666,0.0,0.0,0.0
64,3,120,121,71,2,1,10,0,1.6666666666666667,0.5,0.0,0.5
64,3,120,121,72,1,0,10,0,0.9090909090909091,0.0,0.0,0.0
64,3,120,121,73,2,1,9,0,1.6363636363636365,0.5,0.0,0.5
64,3,128,129,55,1,0,39,0,0.975,0.0,0.0,0.0
64,3,128,129,60,1,0,32,0,0.9696969696969697,0.0,0.0,0.0
64,3,128,129,61,1,0,31,0,0.96875,0.0,0.0,0.0
64,3,128,129,62,1,0,30,0,0.967741935483871,0.0,0.0,0.0
64,3,128,129,63,1,0,28,0,0.9655172413793104,0.0,0.0,0.0
64,3,128,129,64,1,0,25,0,0.9615384615384616,0.0,0.0,0.0
64,3,128,129,65,1,0,22,0,0.9565217391304348,0.0,0.0,0.0
64,3,128,129,66,1,0,19,0,0.95,0.0,0.0,0.0
64,3,128,129,67,1,0,16,0,0.9411764705882353,0.0,0.0,0.0
64,3,128,129,68,1,0,13,0,0.9285714285714286,0.0,0.0,0.0
64,3,128,129,69,1,0,11,0,0.9166666666666666,0.0,0.0,0.0
64,3,128,129,70,1,0,10,0,0.9090909090909091,0.0,0.0,0.0
64,3,128,129,71,2,1,9,0,1.6363636363636365,0.5,0.0,0.5
64,3,128,129,72,1,0,9,0,0.9,0.0,0.0,0.0
64,3,128,129,73,1,0,8,0,0.8888888888888888,0.0,0.0,0.0
64,3,128,129,74,1,0,8,0,0.8888888888888888,0.0,0.0,0.0
64,3,136,137,56,1,0,39,0,0.975,0.0,0.0,0.0
64,3,136,137,63,1,1,25,0,0.9615384615384616,1.0,0.0,1.0
64,3,136,137,65,1,1,17,0,0.9444444444444444,1.0,0.0,1.0
64,3,136,137,67,1,1,9,0,0.9,1.0,0.0,1.0
64,3,136,137,77,3,3,3,0,1.5,1.0,0.0,1.0
64,3,144,145,56,1,0,39,0,0.975,0.0,0.0,0.0
64,3,144,145,57,1,0,37,0,0.9736842105263158,0.0,0.0,0.0
64,3,152,153,57,2,0,38,0,1.9,0.0,0.0,0.0
64,3,152,153,58,3,0,35,0,2.763157894736842,0.0,0.0,0.0
64,3,152,153,59,1,0,34,0,0.9714285714285714,0.0,0.0,0.0
64,3,152,153,60,1,0,32,0,0.9696969696969697,0.0,0.0,0.0
64,3,152,153,61,1,0,30,0,0.967741935483871,0.0,0.0,0.0
64,3,152,153,62,1,0,28,0,0.9655172413793104,0.0,0.0,0.0
64,3,152,153,63,1,0,25,0,0.9615384615384616,0.0,0.0,0.0
64,3,152,153,64,1,0,21,0,0.9545454545454546,0.0,0.0,0.0
64,3,152,153,65,1,0,17,0,0.9444444444444444,0.0,0.0,0.0
64,3,152,153,66,1,0,13,0,0.9285714285714286,0.0,0.0,0.0
64,3,152,153,67,1,0,9,0,0.9,0.0,0.0,0.0
64,3,152,153,68,1,0,6,0,0.8571428571428571,0.0,0.0,0.0
64,3,152,153,69,1,0,4,0,0.8,0.0,0.0,0.0
64,3,160,161,57,2,0,38,0,1.9,0.0,0.0,0.0
64,3,160,161,58,2,0,36,0,1.894736842105263,0.0,0.0,0.0
64,3,160,161,59,2,0,35,0,1.8918918918918919,0.0,0.0,0.0
64,3,160,161,60,2,0,33,0,1.8857142857142857,0.0,0.0,0.0
64,3,160,161,61,2,0,31,0,1.878787878787879,0.0,0.0,0.0
64,3,160,161,62,2,0,29,0,1.8709677419354838,0.0,0.0,0.0
64,3,160,161,63,2,0,26,0,1.8571428571428572,0.0,0.0,0.0
64,3,160,161,64,2,0,22,0,1.8333333333333333,0.0,0.0,0.0
64,3,160,161,65,2,0,18,0,1.8,0.0,0.0,0.0
64,3,160,161,66,2,0,14,0,1.75,0.0,0.0,0.0
64,3,160,161,67,2,0,10,0,1.6666666666666667,0.0,0.0,0.0
64,3,160,161,68,2,0,7,0,1.5555555555555556,0.0,0.0,0.0
64,3,160,161,69,2,0,5,0,1.4285714285714286,0.0,0.0,0.0
64,3,160,161,70,2,0,4,0,1.3333333333333333,0.0,0.0,0.0
64,3,160,161,71,2,0,3,0,1.2,0.0,0.0,0.0
64,3,160,161,72,2,0,1,0,0.6666666666666666,0.0,0.0,0.0
64,3,168,169,57,2,0,38,0,1.9,0.0,0.0,0.0
64,3,168,169,58,2,0,36,0,1.894736842105263,0.0,0.0,0.0
64,3,168,169,59,2,0,35,0,1.8918918918918919,0.0,0.0,0.0
64,3,168,169,60,2,0,33,0,1.8857142857142857,0.0,0.0,0.0
64,3,168,169,61,2,0,31,0,1.878787878787879,0.0,0.0,0.0
64,3,168,169,62,2,0,29,0,1.8709677419354838,0.0,0.0,0.0
64,3,168,169,63,2,0,26,0,1.8571428571428572,0.0,0.0,0.0
64,3,168,169,64,2,0,22,0,1.8333333333333333,0.0,0.0,0.0
64,3,168,169,65,2,0,18,0,1.8,0.0,0.0,0.0
64,3,168,169,66,2,0,14,0,1.75,0.0,0.0,0.0
64,3,168,169,67,2,0,10,0,1.6666666666666667,0.0,0.0,0.0
64,3,168,169,68,2,0,7,0,1.5555555555555556,0.0,0.0,0.0
64,3,168,169,69,2,0,5,0,1.4285714285714286,0.0,0.0,0.0
64,3,168,169,70,2,0,4,0,1.3333333333333333,0.0,0.0,0.0
64,3,168,169,71,2,0,3,0,1.2,0.0,0.0,0.0
64,3,168,169,72,2,0,1,0,0.6666666666666666,0.0,0.0,0.0
64,3,176,177,57,1,0,39,0,0.975,0.0,0.0,0.0
64,3,176,177,58,3,0,36,0,2.769230769230769,0.0,0.0,0.0
64,3,176,177,59,2,0,35,0,1.8918918918918919,0.0,0.0,0.0
64,3,176,177,60,2,0,33,0,1.8857142857142857,0.0,0.0,0.0
64,3,176,177,61,2,0,31,0,1.878787878787879,0.0,0.0,0.0
64,3,176,177,62,2,0,29,0,1.8709677419354838,0.0,0.0,0.0
64,3,176,177,63,2,0,26,0,1.8571428571428572,0.0,0.0,0.0
64,3,176,177,64,2,0,22,0,1.8333333333333333,0.0,0.0,0.0
64,3,176,177,65,2,0,18,0,1.8,0.0,0.0,0.0
64,3,176,177,66,2,0,14,0,1.75,0.0,0.0,0.0
64,3,176,177,67,2,0,10,0,1.6666666666666667,0.0,0.0,0.0
64,3,176,177,68,2,0,7,0,1.5555555555555556,0.0,0.0,0.0
64,3,176,177,69,2,0,5,0,1.4285714285714286,0.0,0.0,0.0
64,3,176,177,70,2,0,4,0,1.3333333333333333,0.0,0.0,0.0
64,3,176,177,71,2,0,3,0,1.2,0.0,0.0,0.0
64,3,176,177,72,2,0,1,0,0.6666666666666666,0.0,0.0,0.0
64,3,184,185,58,1,0,39,0,0.975,0.0,0.0,0.0
64,3,184,185,59,1,0,38,0,0.9743589743589743,0.0,0.0,0.0
64,3,184,185,60,1,0,36,0,0.972972972972973,0.0,0.0,0.0
64,3,184,185,61,1,0,34,0,0.9714285714285714,0.0,0.0,0.0
64,3,184,185,62,1,0,32,0,0.9696969696969697,0.0,0.0,0.0
64,3,184,185,63,1,0,29,0,0.9666666666666667,0.0,0.0,0.0
64,3,184,185,64,1,0,25,0,0.9615384615384616,0.0,0.0,0.0
64,3,184,185,65,1,0,21,0,0.9545454545454546,0.0,0.0,0.0
64,3,184,185,66,1,0,17,0,0.9444444444444444,0.0,0.0,0.0
64,3,184,185,67,1,0,13,0,0.9285714285714286,0.0,0.0,0.0
64,3,184,185,68,1,0,10,0,0.9090909090909091,0.0,0.0,0.0
64,3,184,185,69,1,0,8,0,0.8888888888888888,0.0,0.0,0.0
64,3,184,185,70,3,0,5,0,1.875,0.0,0.0,0.0
64,3,184,185,71,2,0,4,0,1.3333333333333333,0.0,0.0,0.0
64,3,184,185,72,3,0,1,0,0.75,0.0,0.0,0.0
64,3,192,193,59,1,0,39,0,0.975,0.0,0.0,0.0
64,3,192,193,60,1,0,37,0,0.9736842105263158,0.0,0.0,0.0
64,3,192,193,61,1,0,35,0,0.9722222222222222,0.0,0.0,0.0
64,3,192,193,62,1,0,33,0,0.9705882352941176,0.0,0.0,0.0
64,3,192,193,63,1,0,30,0,0.967741935483871,0.0,0.0,0.0
64,3,192,193,64,1,0,26,0,0.9629629629629629,0.0,0.0,0.0
64,3,192,193,65,1,0,22,0,0.9565217391304348,0.0,0.0,0.0
64,3,192,193,66,1,0,18,0,0.9473684210526315,0.0,0.0,0.0
64,3,192,193,68,2,0,11,0,1.6923076923076923,0.0,0.0,0.0
64,3,192,193,70,2,0,8,0,1.6,0.0,0.0,0.0
64,3,192,193,72,2,0,5,0,1.4285714285714286,0.0,0.0,0.0
64,3,192,193,73,2,0,1,0,0.6666666666666666,0.0,0.0,0.0
64,3,200,201,61,2,0,36,0,1.894736842105263,0.0,0.0,0.0
64,3,200,201,62,2,0,34,0,1.8888888888888888,0.0,0.0,0.0
64,3,200,201,63,2,0,31,0,1.878787878787879,0.0,0.0,0.0
64,3,200,201,64,2,0,27,0,1.8620689655172413,0.0,0.0,0.0
64,3,200,201,65,2,0,23,0,1.84,0.0,0.0,0.0
64,3,200,201,66,1,0,19,0,0.95,0.0,0.0,0.0
64,3,200,201,67,1,0,15,0,0.9375,0.0,0.0,0.0
64,3,200,201,69,2,0,11,0,1.6923076923076923,0.0,0.0,0.0
64,3,200,201,70,2,0,11,0,1.6923076923076923,0.0,0.0,0.0
64,3,200,201,71,2,0,11,0,1.6923076923076923,0.0,0.0,0.0
64,3,200,201,72,2,0,10,0,1.6666666666666667,0.0,0.0,0.0
64,3,200,201,73,5,0,5,0,2.5,0.0,0.0,0.0
64,3,200,201,74,4,0,2,0,1.3333333333333333,0.0,0.0,0.0
64,3,208,209,75,2,0,6,0,1.5,0.0,0.0,0.0
64,3,208,209,77,3,0,3,0,1.5,0.0,0.0,0.0
64,3,208,209,78,2,0,2,0,1.0,0.0,0.0,0.0
64,4,16,17,14,2,2,2,0,1.0,1.0,0.0,1.0
64,4,16,17,15,26,25,4,0,3.466666666666667,0.9615384615384616,0.0,0.9615384615384616
64,4,24,25,20,2,1,5,0,1.4285714285714286,0.5,0.0,0.5
64,4,24,25,21,25,19,6,0,4.838709677419355,0.76,0.0,0.76
64,4,32,33,26,5,2,1,0,0.8333333333333334,0.4,0.0,0.4
64,4,32,33,27,13,4,4,0,3.0588235294117645,0.3076923076923077,0.0,0.3076923076923077
64,4,40,41,2,1,0,1,0,0.5,0.0,0.0,0.0
64,4,40,41,3,2,0,2,0,1.0,0.0,0.0,0.0
64,4,40,41,4,2,0,3,0,1.2,0.0,0.0,0.0
64,4,40,41,6,2,0,5,0,1.4285714285714286,0.0,0.0,0.0
64,4,40,41,7,2,0,6,0,1.5,0.0,0.0,0.0
64,4,40,41,8,4,0,5,0,2.2222222222222223,0.0,0.0,0.0
64,4,40,41,9,1,0,6,0,0.8571428571428571,0.0,0.0,0.0
64,4,40,41,10,2,0,5,0,1.4285714285714286,0.0,0.0,0.0
64,4,40,41,11,1,0,5,0,0.8333333333333334,0.0,0.0,0.0
64,4,40,41,12,3,0,3,0,1.5,0.0,0.0,0.0
64,4,40,41,13,1,0,3,0,0.75,0.0,0.0,0.0
64,4,40,41,30,2,0,1,0,0.6666666666666666,0.0,0.0,0.0
64,4,40,41,31,5,4,2,0,1.4285714285714286,0.8,0.0,0.8
64,4,40,41,32,1,0,5,0,0.8333333333333334,0.0,0.0,0.0
64,4,40,41,33,1,1,4,0,0.8,1.0,0.0,1.0
64,4,48,49,4,3,0,12,0,2.4,0.0,0.0,0.0
64,4,48,49,5,1,0,13,0,0.9285714285714286,0.0,0.0,0.0
64,4,48,49,6,1,0,14,0,0.9333333333333333,0.0,0.0,0.0
64,4,48,49,8,4,0,13,0,3.0588235294117645,0.0,0.0,0.0
64,4,48,49,9,1,0,14,0,0.9333333333333333,0.0,0.0,0.0
64,4,48,49,14,4,0,8,0,2.6666666666666665,0.0,0.0,0.0
64,4,56,57,7,2,0,18,0,1.8,0.0,0.0,0.0
64,4,64,65,8,1,0,19,0,0.95,0.0,0.0,0.0
64,4,64,65,9,2,0,19,0,1.8095238095238095,0.0,0.0,0.0
64,4,64,65,10,2,0,19,0,1.8095238095238095,0.0,0.0,0.0
64,4,64,65,11,2,0,18,0,1.8,0.0,0.0,0.0
64,4,64,65,12,3,0,16,0,2.526315789473684,0.0,0.0,0.0
64,4,72,73,9,1,0,23,0,0.9583333333333334,0.0,0.0,0.0
64,4,72,73,10,2,0,25,0,1.8518518518518519,0.0,0.0,0.0
64,4,72,73,11,2,0,24,0,1.8461538461538463,0.0,0.0,0.0
64,4,72,73,12,2,0,23,0,1.84,0.0,0.0,0.0
64,4,72,73,13,2,0,21,0,1.826086956521739,0.0,0.0,0.0
64,4,72,73,14,3,0,18,0,2.5714285714285716,0.0,0.0,0.0
64,4,72,73,15,2,0,16,0,1.7777777777777777,0.0,0.0,0.0
64,4,72,73,16,5,0,11,0,3.4375,0.0,0.0,0.0
64,4,72,73,17,3,0,9,0,2.25,0.0,0.0,0.0
64,4,72,73,18,4,0,6,0,2.4,0.0,0.0,0.0
64,4,72,73,19,2,0,5,0,1.4285714285714286,0.0,0.0,0.0
64,4,72,73,20,5,0,2,0,1.4285714285714286,0.0,0.0,0.0
64,4,72,73,21,2,0,1,0,0.6666666666666666,0.0,0.0,0.0
64,4,80,81,10,1,0,27,0,0.9642857142857143,0.0,0.0,0.0
64,4,80,81,11,1,0,27,0,0.9642857142857143,0.0,0.0,0.0
64,4,80,81,12,2,0,26,0,1.8571428571428572,0.0,0.0,0.0
64,4,80,81,13,1,0,25,0,0.9615384615384616,0.0,0.0,0.0
64,4,80,81,14,2,0,23,0,1.84,0.0,0.0,0.0
64,4,80,81,15,2,0,21,0,1.826086956521739,0.0,0.0,0.0
64,4,80,81,16,2,0,19,0,1.8095238095238095,0.0,0.0,0.0
64,4,80,81,17,2,0,17,0,1.7894736842105263,0.0,0.0,0.0
64,4,80,81,18,3,0,14,0,2.4705882352941178,0.0,0.0,0.0
64,4,80,81,19,1,0,14,0,0.9333333333333333,0.0,0.0,0.0
64,4,80,81,20,4,0,11,0,2.933333333333333,0.0,0.0,0.0
64,4,80,81,21,2,0,10,0,1.6666666666666667,0.0,0.0,0.0
64,4,80,81,22,3,0,7,0,2.1,0.0,0.0,0.0
64,4,80,81,23,1,0,6,0,0.8571428571428571,0.0,0.0,0.0
64,4,80,81,24,2,0,3,0,1.2,0.0,0.0,0.0
64,4,80,81,25,1,0,1,0,0.5,0.0,0.0,0.0
64,4,88,89,12,1,0,29,0,0.9666666666666667,0.0,0.0,0.0
64,4,88,89,13,1,0,28,0,0.9655172413793104,0.0,0.0,0.0
64,4,88,89,14,1,0,27,0,0.9642857142857143,0.0,0.0,0.0
64,4,88,89,16,2,0,25,0,1.8518518518518519,0.0,0.0,0.0
64,4,88,89,18,1,0,24,0,0.96,0.0,0.0,0.0
64,4,88,89,20,2,0,24,0,1.8461538461538463,0.0,0.0,0.0
64,4,88,89,22,2,0,22,0,1.8333333333333333,0.0,0.0,0.0
64,4,88,89,24,2,0,17,0,1.7894736842105263,0.0,0.0,0.0
64,4,88,89,26,2,0,11,0,1.6923076923076923,0.0,0.0,0.0
64,4,88,89,29,2,0,6,0,1.5,0.0,0.0,0.0
64,5,16,17,16,2,0,6,0,1.5,0.0,0.0,0.0
64,5,32,33,26,2,0,3,0,1.2,0.0,0.0,0.0
64,5,32,33,27,7,6,4,0,2.5454545454545454,0.8571428571428571,0.0,0.8571428571428571
64,5,40,41,1,1,0,2,0,0.6666666666666666,0.0,0.0,0.0
64,5,40,41,2,2,0,4,0,1.3333333333333333,0.0,0.0,0.0
64,5,40,41,4,1,0,8,0,0.8888888888888888,0.0,0.0,0.0
64,5,40,41,5,2,0,8,0,1.6,0.0,0.0,0.0
64,5,40,41,6,1,0,9,0,0.9,0.0,0.0,0.0
64,5,40,41,8,1,0,10,0,0.9090909090909091,0.0,0.0,0.0
64,5,40,41,9,1,0,10,0,0.9090909090909091,0.0,0.0,0.0
64,5,40,41,10,1,0,10,0,0.9090909090909091,0.0,0.0,0.0
64,5,40,41,12,6,0,6,0,3.0,0.0,0.0,0.0
64,5,40,41,14,3,0,4,0,1.7142857142857142,0.0,0.0,0.0
64,5,40,41,15,1,0,3,0,0.75,0.0,0.0,0.0
64,5,40,41,25,1,0,2,0,0.6666666666666666,0.0,0.0,0.0
64,5,40,41,26,4,0,2,0,1.3333333333333333,0.0,0.0,0.0
64,5,40,41,28,3,0,6,0,2.0,0.0,0.0,0.0
64,5,40,41,30,3,0,7,0,2.1,0.0,0.0,0.0
64,5,40,41,31,1,0,8,0,0.8888888888888888,0.0,0.0,0.0
64,5,40,41,32,1,0,9,0,0.9,0.0,0.0,0.0
64,5,40,41,33,2,2,10,0,1.6666666666666667,1.0,0.0,1.0
64,5,40,41,34,3,1,12,0,2.4,0.3333333333333333,0.0,0.3333333333333333
64,5,48,49,20,2,0,3,0,1.2,0.0,0.0,0.0
64,5,48,49,21,2,0,1,0,0.6666666666666666,0.0,0.0,0.0
64,5,48,49,24,1,0,6,0,0.8571428571428571,0.0,0.0,0.0
64,5,48,49,26,1,0,9,0,0.9,0.0,0.0,0.0
64,5,48,49,36,3,0,9,0,2.25,0.0,0.0,0.0
64,5,56,57,44,2,0,2,0,1.0,0.0,0.0,0.0
64,5,56,57,46,2,0,5,0,1.4285714285714286,0.0,0.0,0.0
64,5,64,65,47,2,0,6,0,1.5,0.0,0.0,0.0
64,5,64,65,49,2,0,8,0,1.6,0.0,0.0,0.0
64,5,72,73,50,1,0,10,0,0.9090909090909091,0.0,0.0,0.0
64,5,72,73,52,1,0,11,0,0.9166666666666666,0.0,0.0,0.0
64,5,72,73,53,2,1,12,0,1.7142857142857142,0.5,0.0,0.5
64,5,72,73,55,2,0,12,0,1.7142857142857142,0.0,0.0,0.0
64,5,72,73,57,1,0,12,0,0.9230769230769231,0.0,0.0,0.0
64,6,24,25,21,5,5,5,0,2.5,1.0,0.0,1.0
64,6,32,33,24,2,0,2,0,1.0,0.0,0.0,0.0
64,6,32,33,25,5,4,4,0,2.2222222222222223,0.8,0.0,0.8
64,6,32,33,26,5,2,8,0,3.076923076923077,0.4,0.0,0.4
64,6,32,33,27,2,0,13,0,1.7333333333333334,0.0,0.0,0.0
64,6,40,41,31,10,9,3,0,2.3076923076923075,0.9,0.0,0.9
64,6,40,41,32,3,1,12,0,2.4,0.3333333333333333,0.0,0.3333333333333333
64,6,40,41,33,6,3,14,0,4.2,0.5,0.0,0.5
64,6,48,49,33,3,2,1,0,0.75,0.6666666666666666,0.0,0.6666666666666666
64,6,48,49,35,3,3,6,0,2.0,1.0,0.0,1.0
64,6,48,49,37,6,5,9,0,3.6,0.8333333333333334,0.0,0.8333333333333334
64,6,48,49,38,1,0,14,0,0.9333333333333333,0.0,0.0,0.0
64,6,48,49,39,1,0,14,0,0.9333333333333333,0.0,0.0,0.0
64,6,56,57,36,1,0,1,0,0.5,0.0,0.0,0.0
64,6,56,57,37,2,2,2,0,1.0,1.0,0.0,1.0
64,6,56,57,38,1,0,4,0,0.8,0.0,0.0,0.0
64,6,56,57,39,3,2,5,0,1.875,0.6666666666666666,0.0,0.6666666666666666
64,6,56,57,40,3,1,7,0,2.1,0.3333333333333333,0.0,0.3333333333333333
64,6,56,57,41,3,1,9,0,2.25,0.3333333333333333,0.0,0.3333333333333333
64,6,56,57,43,1,1,14,0,0.9333333333333333,1.0,0.0,1.0
64,6,64,65,44,1,0,4,0,0.8,0.0,0.0,0.0
64,6,64,65,45,7,6,3,0,2.1,0.8571428571428571,0.0,0.8571428571428571
64,6,64,65,46,1,0,9,0,0.9,0.0,0.0,0.0
64,6,64,65,47,1,1,9,0,0.9,1.0,0.0,1.0
64,6,72,73,51,2,0,2,0,1.0,0.0,0.0,0.0
64,6,72,73,52,1,0,3,0,0.75,0.0,0.0,0.0
64,6,72,73,53,1,0,3,0,0.75,0.0,0.0,0.0
64,6,240,241,3,2,0,1,0,0.6666666666666666,0.0,0.0,0.0
64,6,240,241,4,1,0,1,0,0.5,0.0,0.0,0.0
64,6,240,241,6,2,0,1,0,0.6666666666666666,0.0,0.0,0.0
64,6,240,241,7,3,0,1,0,0.75,0.0,0.0,0.0
64,6,240,241,8,2,0,1,0,0.6666666666666666,0.0,0.0,0.0
64,6,240,241,10,2,0,1,0,0.6666666666666666,0.0,0.0,0.0
64,6,240,241,12,2,0,3,0,1.2,0.0,0.0,0.0
64,6,240,241,13,3,0,4,0,1.7142857142857142,0.0,0.0,0.0
64,6,240,241,14,4,0,4,0,2.0,0.0,0.0,0.0
64,6,240,241,15,2,0,4,0,1.3333333333333333,0.0,0.0,0.0
64,6,240,241,16,3,0,2,0,1.2,0.0,0.0,0.0
64,6,240,241,18,3,0,2,0,1.2,0.0,0.0,0.0
64,6,240,241,19,2,0,2,0,1.0,0.0,0.0,0.0
64,6,240,241,20,2,0,3,0,1.2,0.0,0.0,0.0
64,6,240,241,21,5,0,2,0,1.4285714285714286,0.0,0.0,0.0
64,6,240,241,22,4,0,3,0,1.7142857142857142,0.0,0.0,0.0
64,6,240,241,23,3,0,4,0,1.7142857142857142,0.0,0.0,0.0
64,6,240,241,24,2,0,3,0,1.2,0.0,0.0,0.0
64,6,240,241,25,1,0,3,0,0.75,0.0,0.0,0.0
64,6,240,241,26,2,0,1,0,0.6666666666666666,0.0,0.0,0.0
64,6,240,241,27,1,0,1,0,0.5,0.0,0.0,0.0
64,6,240,241,29,4,0,1,0,0.8,0.0,0.0,0.0
64,6,240,241,30,3,0,3,0,1.5,0.0,0.0,0.0
64,6,240,241,31,2,0,5,0,1.4285714285714286,0.0,0.0,0.0
64,6,240,241,32,2,0,6,0,1.5,0.0,0.0,0.0
64,6,240,241,33,6,0,6,0,3.0,0.0,0.0,0.0
64,6,240,241,34,4,0,9,0,2.769230769230769,0.0,0.0,0.0
64,6,240,241,35,6,0,8,0,3.4285714285714284,0.0,0.0,0.0
64,6,240,241,36,5,0,8,0,3.076923076923077,0.0,0.0,0.0
64,6,240,241,37,5,0,6,0,2.727272727272727,0.0,0.0,0.0
64,6,240,241,38,4,0,5,0,2.2222222222222223,0.0,0.0,0.0
64,6,240,241,39,4,0,4,0,2.0,0.0,0.0,0.0
64,6,240,241,40,6,0,1,0,0.8571428571428571,0.0,0.0,0.0
64,6,240,241,41,3,0,2,0,1.2,0.0,0.0,0.0
64,6,240,241,42,2,0,1,0,0.6666666666666666,0.0,0.0,0.0
64,6,240,241,44,1,0,1,0,0.5,0.0,0.0,0.0
64,6,240,241,55,1,0,1,0,0.5,0.0,0.0,0.0
64,6,248,249,6,2,0,8,0,1.6,0.0,0.0,0.0
64,6,248,249,7,5,0,5,0,2.5,0.0,0.0,0.0
64,6,248,249,8,3,0,5,0,1.875,0.0,0.0,0.0
64,6,248,249,9,3,0,5,0,1.875,0.0,0.0,0.0
64,6,248,249,10,1,0,7,0,0.875,0.0,0.0,0.0
64,6,248,249,11,3,0,7,0,2.1,0.0,0.0,0.0
64,6,248,249,12,2,0,9,0,1.6363636363636365,0.0,0.0,0.0
64,6,248,249,13,3,0,9,0,2.25,0.0,0.0,0.0
64,6,248,249,14,2,0,8,0,1.6,0.0,0.0,0.0
64,6,248,249,15,2,0,6,0,1.5,0.0,0.0,0.0
64,6,248,249,16,1,0,5,0,0.8333333333333334,0.0,0.0,0.0
64,6,248,249,17,2,0,4,0,1.3333333333333333,0.0,0.0,0.0
64,6,248,249,18,1,0,5,0,0.8333333333333334,0.0,0.0,0.0
64,6,248,249,19,4,0,3,0,1.7142857142857142,0.0,0.0,0.0
64,6,248,249,20,2,0,6,0,1.5,0.0,0.0,0.0
64,6,248,249,21,3,0,7,0,2.1,0.0,0.0,0.0
64,6,248,249,23,2,0,9,0,1.6363636363636365,0.0,0.0,0.0
64,6,248,249,24,4,0,8,0,2.6666666666666665,0.0,0.0,0.0
64,6,248,249,25,5,0,7,0,2.9166666666666665,0.0,0.0,0.0
64,6,248,249,26,6,0,5,0,2.727272727272727,0.0,0.0,0.0
64,6,248,249,27,4,0,7,0,2.5454545454545454,0.0,0.0,0.0
64,6,248,249,28,3,0,9,0,2.25,0.0,0.0,0.0
64,6,248,249,29,1,0,11,0,0.9166666666666666,0.0,0.0,0.0
64,6,248,249,30,3,0,11,0,2.357142857142857,0.0,0.0,0.0
64,6,248,249,31,3,0,14,0,2.4705882352941178,0.0,0.0,0.0
64,6,248,249,32,2,0,16,0,1.7777777777777777,0.0,0.0,0.0
64,6,248,249,33,2,0,18,0,1.8,0.0,0.0,0.0
64,7,8,9,9,26,26,2,0,1.8571428571428572,1.0,0.0,1.0
64,7,40,41,2,3,0,2,0,1.2,0.0,0.0,0.0
64,7,40,41,3,2,0,5,0,1.4285714285714286,0.0,0.0,0.0
64,7,40,41,4,2,0,7,0,1.5555555555555556,0.0,0.0,0.0
64,7,40,41,6,2,0,9,0,1.6363636363636365,0.0,0.0,0.0
64,7,40,41,8,1,0,11,0,0.9166666666666666,0.0,0.0,0.0
64,7,40,41,10,1,0,12,0,0.9230769230769231,0.0,0.0,0.0
64,7,40,41,12,2,0,12,0,1.7142857142857142,0.0,0.0,0.0
64,7,40,41,14,2,0,11,0,1.6923076923076923,0.0,0.0,0.0
64,7,40,41,16,6,0,3,0,2.0,0.0,0.0,0.0
64,7,48,49,3,1,0,11,0,0.9166666666666666,0.0,0.0,0.0
64,7,48,49,10,3,0,15,0,2.5,0.0,0.0,0.0
64,7,56,57,5,2,0,16,0,1.7777777777777777,0.0,0.0,0.0
64,7,56,57,6,3,0,16,0,2.526315789473684,0.0,0.0,0.0
64,7,64,65,6,1,0,20,0,0.9523809523809523,0.0,0.0,0.0
64,7,64,65,7,1,0,21,0,0.9545454545454546,0.0,0.0,0.0
64,7,64,65,8,3,0,20,0,2.608695652173913,0.0,0.0,0.0
64,7,64,65,9,1,0,22,0,0.9565217391304348,0.0,0.0,0.0
64,7,64,65,10,4,0,21,0,3.36,0.0,0.0,0.0
64,7,64,65,11,2,0,21,0,1.826086956521739,0.0,0.0,0.0
64,7,64,65,12,5,0,17,0,3.8636363636363638,0.0,0.0,0.0
64,7,64,65,13,2,0,16,0,1.7777777777777777,0.0,0.0,0.0
64,7,64,65,14,2,0,15,0,1.7647058823529411,0.0,0.0,0.0
64,7,64,65,15,2,0,13,0,1.7333333333333334,0.0,0.0,0.0
64,7,64,65,16,2,0,11,0,1.6923076923076923,0.0,0.0,0.0
64,7,72,73,12,2,0,29,0,1.8709677419354838,0.0,0.0,0.0
64,7,72,73,14,3,1,27,0,2.7,0.3333333333333333,0.0,0.3333333333333333
64,7,72,73,16,6,0,20,0,4.615384615384615,0.0,0.0,0.0
64,7,72,73,17,1,0,18,0,0.9473684210526315,0.0,0.0,0.0
64,7,72,73,18,5,0,11,0,3.4375,0.0,0.0,0.0
64,7,72,73,19,2,0,7,0,1.5555555555555556,0.0,0.0,0.0
64,7,72,73,20,2,0,4,0,1.3333333333333333,0.0,0.0,0.0
64,7,80,81,24,2,0,2,0,1.0,0.0,0.0,0.0
64,8,24,25,20,1,0,3,0,0.75,0.0,0.0,0.0
64,8,24,25,21,8,6,4,0,2.6666666666666665,0.75,0.0,0.75
64,8,32,33,25,4,3,1,0,0.8,0.75,0.0,0.75
64,8,32,33,26,1,1,5,0,0.8333333333333334,1.0,0.0,1.0
64,8,32,33,27,9,7,6,0,3.6,0.7777777777777778,0.0,0.7777777777777778
64,8,40,41,2,4,0,4,0,2.0,0.0,0.0,0.0
64,8,40,41,3,1,0,7,0,0.875,0.0,0.0,0.0
64,8,40,41,4,2,0,8,0,1.6,0.0,0.0,0.0
64,8,40,41,6,2,0,10,0,1.6666666666666667,0.0,0.0,0.0
64,8,40,41,7,1,0,11,0,0.9166666666666666,0.0,0.0,0.0
64,8,40,41,8,4,0,9,0,2.769230769230769,0.0,0.0,0.0
64,8,40,41,9,1,0,10,0,0.9090909090909091,0.0,0.0,0.0
64,8,40,41,10,4,0,8,0,2.6666666666666665,0.0,0.0,0.0
64,8,40,41,11,1,0,8,0,0.8888888888888888,0.0,0.0,0.0
64,8,40,41,12,3,0,6,0,2.0,0.0,0.0,0.0
64,8,40,41,14,4,0,4,0,2.0,0.0,0.0,0.0
64,8,40,41,15,2,0,3,0,1.2,0.0,0.0,0.0
64,8,40,41,32,2,0,2,0,1.0,0.0,0.0,0.0
64,8,40,41,33,9,8,2,1,1.6363636363636365,0.8888888888888888,0.5,0.38888888888888884
64,8,48,49,12,1,0,15,0,0.9375,0.0,0.0,0.0
64,8,48,49,21,6,0,3,0,2.0,0.0,0.0,0.0
64,8,48,49,22,3,0,6,0,2.0,0.0,0.0,0.0
64,8,48,49,23,1,0,7,0,0.875,0.0,0.0,0.0
64,8,48,49,24,1,0,8,0,0.8888888888888888,0.0,0.0,0.0
64,8,48,49,25,1,0,9,0,0.9,0.0,0.0,0.0
64,8,48,49,27,1,0,10,0,0.9090909090909091,0.0,0.0,0.0
64,8,48,49,29,1,0,8,0,0.8888888888888888,0.0,0.0,0.0
64,8,48,49,31,1,0,7,0,0.875,0.0,0.0,0.0
64,8,48,49,33,2,0,5,0,1.4285714285714286,0.0,0.0,0.0
64,8,48,49,38,2,1,3,0,1.2,0.5,0.0,0.5
64,8,48,49,39,9,7,4,0,2.769230769230769,0.7777777777777778,0.0,0.7777777777777778
64,8,56,57,25,1,0,12,0,0.9230769230769231,0.0,0.0,0.0
64,8,56,57,27,1,0,13,0,0.9285714285714286,0.0,0.0,0.0
64,8,56,57,28,1,0,12,0,0.9230769230769231,0.0,0.0,0.0
64,8,56,57,30,1,0,10,0,0.9090909090909091,0.0,0.0,0.0
64,8,56,57,31,1,0,10,0,0.9090909090909091,0.0,0.0,0.0
64,8,56,57,33,1,0,9,0,0.9,0.0,0.0,0.0
64,8,56,57,39,2,0,2,0,1.0,0.0,0.0,0.0
64,8,56,57,43,4,2,1,0,0.8,0.5,0.0,0.5
64,8,56,57,44,1,0,5,0,0.8333333333333334,0.0,0.0,0.0
64,8,56,57,45,9,8,4,1,2.769230769230769,0.8888888888888888,0.25,0.6388888888888888
64,8,64,65,32,1,0,11,0,0.9166666666666666,0.0,0.0,0.0
64,8,64,65,53,2,1,1,0,0.6666666666666666,0.5,0.0,0.5
64,8,72,73,33,1,0,10,0,0.9090909090909091,0.0,0.0,0.0
64,8,72,73,34,1,0,9,0,0.9,0.0,0.0,0.0
64,8,72,73,35,1,0,8,0,0.8888888888888888,0.0,0.0,0.0
64,8,72,73,36,1,0,7,0,0.875,0.0,0.0,0.0
64,8,72,73,37,1,0,6,0,0.8571428571428571,0.0,0.0,0.0
64,8,72,73,39,1,1,4,0,0.8,1.0,0.0,1.0
64,8,72,73,57,3,3,2,0,1.2,1.0,0.0,1.0
64,8,80,81,34,2,0,10,0,1.6666666666666667,0.0,0.0,0.0
64,8,80,81,35,2,0,9,0,1.6363636363636365,0.0,0.0,0.0
64,8,80,81,36,2,0,8,0,1.6,0.0,0.0,0.0
64,8,80,81,37,2,0,7,0,1.5555555555555556,0.0,0.0,0.0
64,8,80,81,38,2,0,6,0,1.5,0.0,0.0,0.0
64,8,80,81,39,2,0,5,0,1.4285714285714286,0.0,0.0,0.0
64,8,80,81,40,2,0,4,0,1.3333333333333333,0.0,0.0,0.0
64,8,80,81,41,2,0,3,0,1.2,0.0,0.0,0.0
64,8,80,81,42,2,0,2,0,1.0,0.0,0.0,0.0
64,8,80,81,43,2,0,1,0,0.6666666666666666,0.0,0.0,0.0
64,8,80,81,44,2,0,1,0,0.6666666666666666,0.0,0.0,0.0
64,8,80,81,59,1,1,1,0,0.5,1.0,0.0,1.0
64,8,80,81,60,1,0,2,0,0.6666666666666666,0.0,0.0,0.0
64,8,80,81,61,1,1,3,0,0.75,1.0,0.0,1.0
64,8,80,81,62,3,0,4,0,1.7142857142857142,0.0,0.0,0.0
64,8,80,81,63,3,3,7,0,2.1,1.0,0.0,1.0
64,8,80,81,64,2,0,9,0,1.6363636363636365,0.0,0.0,0.0
64,8,80,81,65,4,2,11,0,2.933333333333333,0.5,0.0,0.5
64,8,88,89,35,1,0,12,0,0.9230769230769231,0.0,0.0,0.0
64,8,88,89,36,1,0,11,0,0.9166666666666666,0.0,0.0,0.0
64,8,88,89,37,1,0,10,0,0.9090909090909091,0.0,0.0,0.0
64,8,88,89,38,1,0,9,0,0.9,0.0,0.0,0.0
64,8,88,89,39,1,0,8,0,0.8888888888888888,0.0,0.0,0.0
64,8,88,89,40,1,0,7,0,0.875,0.0,0.0,0.0
64,8,88,89,41,1,0,6,0,0.8571428571428571,0.0,0.0,0.0
64,8,88,89,42,1,0,5,0,0.8333333333333334,0.0,0.0,0.0
64,8,88,89,43,1,0,4,0,0.8,0.0,0.0,0.0
64,8,88,89,44,1,0,4,0,0.8,0.0,0.0,0.0
64,8,88,89,45,1,0,3,0,0.75,0.0,0.0,0.0
64,8,88,89,46,1,0,1,0,0.5,0.0,0.0,0.0
64,8,88,89,65,2,2,3,0,1.2,1.0,0.0,1.0
64,8,88,89,66,1,0,5,0,0.8333333333333334,0.0,0.0,0.0
64,8,88,89,67,7,5,7,0,3.5,0.7142857142857143,0.0,0.7142857142857143
64,8,88,89,68,2,0,14,0,1.75,0.0,0.0,0.0
64,8,88,89,69,2,1,16,0,1.7777777777777777,0.5,0.0,0.5
64,8,88,89,70,1,0,18,0,0.9473684210526315,0.0,0.0,0.0
64,8,88,89,71,1,0,19,0,0.95,0.0,0.0,0.0
64,8,88,89,72,1,0,20,0,0.9523809523809523,0.0,0.0,0.0
64,8,96,97,37,2,0,11,0,1.6923076923076923,0.0,0.0,0.0
64,8,96,97,39,1,0,10,0,0.9090909090909091,0.0,0.0,0.0
64,8,96,97,40,1,0,9,0,0.9,0.0,0.0,0.0
64,8,96,97,41,1,0,8,0,0.8888888888888888,0.0,0.0,0.0
64,8,96,97,43,2,0,6,0,1.5,0.0,0.0,0.0
64,8,96,97,45,3,0,4,0,1.7142857142857142,0.0,0.0,0.0
64,8,96,97,46,1,0,2,0,0.6666666666666666,0.0,0.0,0.0
64,8,96,97,77,2,2,15,0,1.7647058823529411,1.0,0.0,1.0
64,8,104,105,53,1,0,2,0,0.6666666666666666,0.0,0.0,0.0
64,8,112,113,54,1,0,2,0,0.6666666666666666,0.0,0.0,0.0
64,8,112,113,66,2,0,2,0,1.0,0.0,0.0,0.0
64,8,112,113,67,2,0,4,0,1.3333333333333333,0.0,0.0,0.0
64,8,112,113,68,2,0,6,0,1.5,0.0,0.0,0.0
64,8,112,113,69,2,0,8,0,1.6,0.0,0.0,0.0
64,8,112,113,70,2,0,9,0,1.6363636363636365,0.0,0.0,0.0
64,8,112,113,71,3,1,10,0,2.3076923076923075,0.3333333333333333,0.0,0.3333333333333333
64,8,112,113,73,3,1,12,0,2.4,0.3333333333333333,0.0,0.3333333333333333
64,8,120,121,55,1,0,1,0,0.5,0.0,0.0,0.0
64,8,120,121,67,2,0,2,0,1.0,0.0,0.0,0.0
64,8,120,121,68,3,1,4,0,1.7142857142857142,0.3333333333333333,0.0,0.3333333333333333
64,8,120,121,69,1,0,7,0,0.875,0.0,0.0,0.0
64,8,120,121,70,2,0,7,0,1.5555555555555556,0.0,0.0,0.0
64,8,120,121,71,2,0,8,0,1.6,0.0,0.0,0.0
64,8,120,121,72,2,0,9,0,1.6363636363636365,0.0,0.0,0.0
64,8,120,121,73,2,0,10,0,1.6666666666666667,0.0,0.0,0.0
64,8,120,121,74,2,0,10,0,1.6666666666666667,0.0,0.0,0.0
64,8,120,121,75,2,0,10,0,1.6666666666666667,0.0,0.0,0.0
64,8,120,121,76,2,0,10,0,1.6666666666666667,0.0,0.0,0.0
64,8,120,121,77,2,0,10,0,1.6666666666666667,0.0,0.0,0.0
64,8,120,121,78,2,0,10,0,1.6666666666666667,0.0,0.0,0.0
64,8,120,121,79,4,2,10,0,2.857142857142857,0.5,0.0,0.5
64,8,120,121,80,2,2,12,0,1.7142857142857142,1.0,0.0,1.0
64,8,128,129,57,1,0,1,0,0.5,0.0,0.0,0.0
64,8,128,129,59,1,0,1,0,0.5,0.0,0.0,0.0
64,8,128,129,60,2,0,1,0,0.6666666666666666,0.0,0.0,0.0
64,8,128,129,61,2,0,1,0,0.6666666666666666,0.0,0.0,0.0
64,8,128,129,62,2,0,1,0,0.6666666666666666,0.0,0.0,0.0
64,8,128,129,63,2,0,1,0,0.6666666666666666,0.0,0.0,0.0
64,8,128,129,65,1,0,1,0,0.5,0.0,0.0,0.0
64,8,128,129,67,4,0,2,0,1.3333333333333333,0.0,0.0,0.0
64,8,128,129,68,3,0,4,0,1.7142857142857142,0.0,0.0,0.0
64,8,128,129,69,2,0,6,0,1.5,0.0,0.0,0.0
64,8,128,129,70,2,0,7,0,1.5555555555555556,0.0,0.0,0.0
64,8,128,129,71,2,0,8,0,1.6,0.0,0.0,0.0
64,8,128,129,72,2,0,9,0,1.6363636363636365,0.0,0.0,0.0
64,8,128,129,73,2,0,10,0,1.6666666666666667,0.0,0.0,0.0
64,8,128,129,74,2,0,10,0,1.6666666666666667,0.0,0.0,0.0
64,8,128,129,75,2,0,10,0,1.6666666666666667,0.0,0.0,0.0
64,8,128,129,76,2,0,10,0,1.6666666666666667,0.0,0.0,0.0
64,8,128,129,77,2,0,10,0,1.6666666666666667,0.0,0.0,0.0
64,8,128,129,78,2,0,10,0,1.6666666666666667,0.0,0.0,0.0
64,8,128,129,79,2,0,10,0,1.6666666666666667,0.0,0.0,0.0
64,8,128,129,80,2,0,10,0,1.6666666666666667,0.0,0.0,0.0
64,8,128,129,81,2,0,10,0,1.6666666666666667,0.0,0.0,0.0
64,8,136,137,56,2,0,1,0,0.6666666666666666,0.0,0.0,0.0
64,8,136,137,57,2,0,1,0,0.6666666666666666,0.0,0.0,0.0
64,8,136,137,58,2,0,1,0,0.6666666666666666,0.0,0.0,0.0
64,8,136,137,59,2,0,1,0,0.6666666666666666,0.0,0.0,0.0
64,8,136,137,60,2,0,1,0,0.6666666666666666,0.0,0.0,0.0
64,8,136,137,61,2,0,1,0,0.6666666666666666,0.0,0.0,0.0
64,8,136,137,62,2,0,1,0,0.6666666666666666,0.0,0.0,0.0
64,8,136,137,63,2,0,1,0,0.6666666666666666,0.0,0.0,0.0
64,8,136,137,64,2,0,1,0,0.6666666666666666,0.0,0.0,0.0
64,8,136,137,65,2,0,1,0,0.6666666666666666,0.0,0.0,0.0
64,8,136,137,66,4,0,1,0,0.8,0.0,0.0,0.0
64,8,136,137,67,4,0,3,0,1.7142857142857142,0.0,0.0,0.0
64,8,136,137,68,4,0,5,0,2.2222222222222223,0.0,0.0,0.0
64,8,136,137,69,4,0,7,0,2.5454545454545454,0.0,0.0,0.0
64,8,136,137,70,4,1,7,0,2.5454545454545454,0.25,0.0,0.25
64,8,136,137,71,2,1,8,0,1.6,0.5,0.0,0.5
64,8,136,137,72,2,1,9,0,1.6363636363636365,0.5,0.0,0.5
64,8,136,137,73,2,1,10,0,1.6666666666666667,0.5,0.0,0.5
64,8,136,137,74,2,0,10,0,1.6666666666666667,0.0,0.0,0.0
64,8,136,137,75,2,0,10,0,1.6666666666666667,0.0,0.0,0.0
64,8,136,137,76,2,0,10,0,1.6666666666666667,0.0,0.0,0.0
64,8,136,137,77,2,0,10,0,1.6666666666666667,0.0,0.0,0.0
64,8,136,137,78,2,0,10,0,1.6666666666666667,0.0,0.0,0.0
64,8,136,137,79,2,0,10,0,1.6666666666666667,0.0,0.0,0.0
64,8,136,137,80,2,0,10,0,1.6666666666666667,0.0,0.0,0.0
64,8,136,137,81,2,0,10,0,1.6666666666666667,0.0,0.0,0.0
64,8,144,145,56,2,0,1,0,0.6666666666666666,0.0,0.0,0.0
64,8,144,145,57,2,0,1,0,0.6666666666666666,0.0,0.0,0.0
64,8,144,145,58,2,0,1,0,0.6666666666666666,0.0,0.0,0.0
64,8,144,145,59,2,0,1,0,0.6666666666666666,0.0,0.0,0.0
64,8,144,145,60,2,0,1,0,0.6666666666666666,0.0,0.0,0.0
64,8,144,145,61,2,0,1,0,0.6666666666666666,0.0,0.0,0.0
64,8,144,145,62,2,0,1,0,0.6666666666666666,0.0,0.0,0.0
64,8,144,145,63,2,0,1,0,0.6666666666666666,0.0,0.0,0.0
64,8,144,145,64,2,0,1,0,0.6666666666666666,0.0,0.0,0.0
64,8,144,145,65,2,0,1,0,0.6666666666666666,0.0,0.0,0.0
64,8,144,145,66,2,0,1,0,0.6666666666666666,0.0,0.0,0.0
64,8,144,145,67,4,0,1,0,0.8,0.0,0.0,0.0
64,8,144,145,68,4,0,3,0,1.7142857142857142,0.0,0.0,0.0
64,8,144,145,69,4,0,5,0,2.2222222222222223,0.0,0.0,0.0
64,8,144,145,70,4,0,5,0,2.2222222222222223,0.0,0.0,0.0
64,8,144,145,71,2,0,6,0,1.5,0.0,0.0,0.0
64,8,144,145,72,2,0,7,0,1.5555555555555556,0.0,0.0,0.0
64,8,144,145,73,2,0,8,0,1.6,0.0,0.0,0.0
64,8,144,145,74,2,0,8,0,1.6,0.0,0.0,0.0
64,8,144,145,75,2,0,8,0,1.6,0.0,0.0,0.0
64,8,144,145,76,2,0,8,0,1.6,0.0,0.0,0.0
64,8,144,145,77,2,0,8,0,1.6,0.0,0.0,0.0
64,8,144,145,78,2,0,8,0,1.6,0.0,0.0,0.0
64,8,144,145,79,2,0,8,0,1.6,0.0,0.0,0.0
64,8,144,145,80,2,0,8,0,1.6,0.0,0.0,0.0
64,8,144,145,81,2,0,8,0,1.6,0.0,0.0,0.0
64,8,144,145,82,2,0,8,0,1.6,0.0,0.0,0.0
64,8,152,153,56,1,0,2,0,0.6666666666666666,0.0,0.0,0.0
64,8,152,153,57,1,0,3,0,0.75,0.0,0.0,0.0
64,8,152,153,59,2,0,3,0,1.2,0.0,0.0,0.0
64,8,152,153,60,1,0,3,0,0.75,0.0,0.0,0.0
64,8,152,153,61,1,0,3,0,0.75,0.0,0.0,0.0
64,8,152,153,62,1,0,3,0,0.75,0.0,0.0,0.0
64,8,152,153,63,1,0,4,0,0.8,0.0,0.0,0.0
64,8,152,153,64,1,0,4,0,0.8,0.0,0.0,0.0
64,8,152,153,65,1,0,4,0,0.8,0.0,0.0,0.0
64,8,152,153,66,1,0,4,0,0.8,0.0,0.0,0.0
64,8,152,153,67,2,1,4,0,1.3333333333333333,0.5,0.0,0.5
64,8,152,153,68,2,0,5,0,1.4285714285714286,0.0,0.0,0.0
64,8,152,153,69,4,1,6,0,2.4,0.25,0.0,0.25
64,8,152,153,70,3,0,6,0,2.0,0.0,0.0,0.0
64,8,152,153,71,2,0,5,0,1.4285714285714286,0.0,0.0,0.0
64,8,152,153,72,2,0,5,0,1.4285714285714286,0.0,0.0,0.0
64,8,152,153,73,2,0,6,0,1.5,0.0,0.0,0.0
64,8,152,153,74,2,0,6,0,1.5,0.0,0.0,0.0
64,8,152,153,75,2,0,6,0,1.5,0.0,0.0,0.0
64,8,152,153,76,2,0,6,0,1.5,0.0,0.0,0.0
64,8,152,153,77,2,0,6,0,1.5,0.0,0.0,0.0
64,8,152,153,78,2,0,6,0,1.5,0.0,0.0,0.0
64,8,152,153,79,2,0,6,0,1.5,0.0,0.0,0.0
64,8,152,153,80,2,0,6,0,1.5,0.0,0.0,0.0
64,8,152,153,81,3,1,6,0,2.0,0.3333333333333333,0.0,0.3333333333333333
64,8,152,153,82,3,0,7,0,2.1,0.0,0.0,0.0
64,8,160,161,57,1,0,4,0,0.8,0.0,0.0,0.0
64,8,160,161,58,1,0,4,0,0.8,0.0,0.0,0.0
64,8,160,161,59,1,0,4,0,0.8,0.0,0.0,0.0
64,8,160,161,60,1,0,4,0,0.8,0.0,0.0,0.0
64,8,160,161,61,1,0,4,0,0.8,0.0,0.0,0.0
64,8,160,161,62,2,0,3,0,1.2,0.0,0.0,0.0
64,8,160,161,63,1,0,4,0,0.8,0.0,0.0,0.0
64,8,160,161,64,1,0,4,0,0.8,0.0,0.0,0.0
64,8,160,161,65,1,0,4,0,0.8,0.0,0.0,0.0
64,8,160,161,66,1,0,4,0,0.8,0.0,0.0,0.0
64,8,160,161,67,1,0,4,0,0.8,0.0,0.0,0.0
64,8,160,161,68,1,0,4,0,0.8,0.0,0.0,0.0
64,8,160,161,69,3,0,4,0,1.7142857142857142,0.0,0.0,0.0
64,8,160,161,70,3,0,4,0,1.7142857142857142,0.0,0.0,0.0
64,8,160,161,71,3,1,3,0,1.5,0.3333333333333333,0.0,0.3333333333333333
64,8,160,161,72,2,0,3,0,1.2,0.0,0.0,0.0
64,8,160,161,73,2,1,4,0,1.3333333333333333,0.5,0.0,0.5
64,8,160,161,74,1,0,4,0,0.8,0.0,0.0,0.0
64,8,160,161,75,3,3,3,0,1.5,1.0,0.0,1.0
64,8,160,161,76,1,0,4,0,0.8,0.0,0.0,0.0
64,8,160,161,77,2,2,3,2,1.2,1.0,0.6666666666666666,0.33333333333333337
64,8,160,161,78,1,0,3,1,0.75,0.0,0.3333333333333333,-0.3333333333333333
64,8,160,161,79,4,3,1,1,0.8,0.75,1.0,-0.25
64,8,160,161,80,1,0,1,0,0.5,0.0,0.0,0.0
64,8,160,161,82,2,0,1,0,0.6666666666666666,0.0,0.0,0.0
64,8,160,161,83,7,6,1,0,0.875,0.8571428571428571,0.0,0.8571428571428571
64,8,168,169,58,1,0,5,0,0.8333333333333334,0.0,0.0,0.0
64,8,168,169,59,1,0,5,0,0.8333333333333334,0.0,0.0,0.0
64,8,168,169,60,1,0,5,0,0.8333333333333334,0.0,0.0,0.0
64,8,168,169,61,1,0,5,0,0.8333333333333334,0.0,0.0,0.0
64,8,168,169,62,2,0,4,0,1.3333333333333333,0.0,0.0,0.0
64,8,168,169,63,1,0,5,0,0.8333333333333334,0.0,0.0,0.0
64,8,168,169,64,1,0,5,0,0.8333333333333334,0.0,0.0,0.0
64,8,168,169,66,1,0,6,0,0.8571428571428571,0.0,0.0,0.0
64,8,168,169,67,1,0,6,0,0.8571428571428571,0.0,0.0,0.0
64,8,168,169,69,1,0,7,0,0.875,0.0,0.0,0.0
64,8,168,169,71,2,0,4,0,1.3333333333333333,0.0,0.0,0.0
64,8,168,169,72,2,0,1,0,0.6666666666666666,0.0,0.0,0.0
64,8,176,177,62,1,0,9,0,0.9,0.0,0.0,0.0
64,8,176,177,63,1,0,10,0,0.9090909090909091,0.0,0.0,0.0
64,8,176,177,64,1,0,10,0,0.9090909090909091,0.0,0.0,0.0
64,8,176,177,65,1,0,11,0,0.9166666666666666,0.0,0.0,0.0
64,8,176,177,67,2,0,10,0,1.6666666666666667,0.0,0.0,0.0
64,8,176,177,68,1,0,10,0,0.9090909090909091,0.0,0.0,0.0
64,8,176,177,70,1,0,10,0,0.9090909090909091,0.0,0.0,0.0
64,8,184,185,63,1,0,11,0,0.9166666666666666,0.0,0.0,0.0
64,8,192,193,64,1,0,12,0,0.9230769230769231,0.0,0.0,0.0
64,8,200,201,64,1,0,12,0,0.9230769230769231,0.0,0.0,0.0
64,8,208,209,64,1,0,12,0,0.9230769230769231,0.0,0.0,0.0
64,8,208,209,65,1,0,12,0,0.9230769230769231,0.0,0.0,0.0
64,8,216,217,64,1,0,12,0,0.9230769230769231,0.0,0.0,0.0
64,8,216,217,65,1,0,12,0,0.9230769230769231,0.0,0.0,0.0
64,8,216,217,66,1,0,12,0,0.9230769230769231,0.0,0.0,0.0
64,8,216,217,67,1,0,12,0,0.9230769230769231,0.0,0.0,0.0
64,8,216,217,68,1,0,12,0,0.9230769230769231,0.0,0.0,0.0
64,8,216,217,69,1,0,12,0,0.9230769230769231,0.0,0.0,0.0
64,8,216,217,70,1,0,11,0,0.9166666666666666,0.0,0.0,0.0
64,8,216,217,71,1,0,9,0,0.9,0.0,0.0,0.0
64,8,216,217,72,1,0,7,0,0.875,0.0,0.0,0.0
64,8,216,217,73,1,0,6,0,0.8571428571428571,0.0,0.0,0.0
64,8,216,217,74,1,0,5,0,0.8333333333333334,0.0,0.0,0.0
64,8,216,217,75,1,0,4,0,0.8,0.0,0.0,0.0
64,8,216,217,76,1,0,3,0,0.75,0.0,0.0,0.0
64,8,216,217,77,1,0,2,0,0.6666666666666666,0.0,0.0,0.0
64,8,216,217,78,1,0,1,0,0.5,0.0,0.0,0.0
64,8,224,225,65,3,0,12,0,2.4,0.0,0.0,0.0
64,8,224,225,66,1,0,12,0,0.9230769230769231,0.0,0.0,0.0
64,8,224,225,67,1,0,12,0,0.9230769230769231,0.0,0.0,0.0
64,8,224,225,68,1,0,12,0,0.9230769230769231,0.0,0.0,0.0
64,8,224,225,69,1,0,12,0,0.9230769230769231,0.0,0.0,0.0
64,8,224,225,70,1,0,11,0,0.9166666666666666,0.0,0.0,0.0
64,8,224,225,71,1,0,9,0,0.9,0.0,0.0,0.0
64,8,224,225,72,1,0,7,0,0.875,0.0,0.0,0.0
64,8,224,225,73,1,0,6,0,0.8571428571428571,0.0,0.0,0.0
64,8,224,225,74,2,0,5,0,1.4285714285714286,0.0,0.0,0.0
64,8,224,225,75,1,0,4,0,0.8,0.0,0.0,0.0
64,8,224,225,76,2,0,3,0,1.2,0.0,0.0,0.0
64,8,224,225,77,2,0,2,0,1.0,0.0,0.0,0.0
64,8,224,225,78,2,0,1,0,0.6666666666666666,0.0,0.0,0.0
64,8,232,233,65,2,0,13,0,1.7333333333333334,0.0,0.0,0.0
64,8,232,233,66,2,0,13,0,1.7333333333333334,0.0,0.0,0.0
64,8,232,233,67,2,0,13,0,1.7333333333333334,0.0,0.0,0.0
64,8,232,233,68,2,0,13,0,1.7333333333333334,0.0,0.0,0.0
64,8,232,233,69,2,0,13,0,1.7333333333333334,0.0,0.0,0.0
64,8,232,233,70,2,0,12,0,1.7142857142857142,0.0,0.0,0.0
64,8,232,233,71,2,0,10,0,1.6666666666666667,0.0,0.0,0.0
64,8,232,233,72,2,0,8,0,1.6,0.0,0.0,0.0
64,8,232,233,73,2,0,7,0,1.5555555555555556,0.0,0.0,0.0
64,8,232,233,74,2,0,6,0,1.5,0.0,0.0,0.0
64,8,232,233,75,2,0,5,0,1.4285714285714286,0.0,0.0,0.0
64,8,232,233,76,2,0,4,0,1.3333333333333333,0.0,0.0,0.0
64,8,232,233,77,2,0,3,0,1.2,0.0,0.0,0.0
64,8,232,233,78,2,0,2,0,1.0,0.0,0.0,0.0
64,8,232,233,79,2,0,1,0,0.6666666666666666,0.0,0.0,0.0
64,8,240,241,66,4,0,13,0,3.0588235294117645,0.0,0.0,0.0
64,8,240,241,67,4,0,13,0,3.0588235294117645,0.0,0.0,0.0
64,8,240,241,68,4,0,13,0,3.0588235294117645,0.0,0.0,0.0
64,8,240,241,69,3,0,14,0,2.4705882352941178,0.0,0.0,0.0
64,8,240,241,70,4,0,12,0,3.0,0.0,0.0,0.0
64,8,240,241,71,4,0,11,0,2.933333333333333,0.0,0.0,0.0
64,8,240,241,72,5,0,9,0,3.2142857142857144,0.0,0.0,0.0
64,8,240,241,73,3,0,10,0,2.3076923076923075,0.0,0.0,0.0
64,8,240,241,74,4,0,8,0,2.6666666666666665,0.0,0.0,0.0
64,8,240,241,75,4,0,7,0,2.5454545454545454,0.0,0.0,0.0
64,8,240,241,76,3,0,5,0,1.875,0.0,0.0,0.0
64,8,240,241,77,2,0,4,0,1.3333333333333333,0.0,0.0,0.0
64,8,240,241,78,4,0,2,0,1.3333333333333333,0.0,0.0,0.0
64,8,240,241,79,2,0,2,0,1.0,0.0,0.0,0.0
64,8,240,241,80,2,0,1,0,0.6666666666666666,0.0,0.0,0.0
64,8,240,241,83,1,0,2,0,0.6666666666666666,0.0,0.0,0.0
64,8,240,241,84,1,0,1,0,0.5,0.0,0.0,0.0
64,9,16,17,15,14,13,2,0,1.75,0.9285714285714286,0.0,0.9285714285714286
64,9,24,25,21,14,14,1,0,0.9333333333333333,1.0,0.0,1.0
64,9,32,33,26,3,1,2,0,1.2,0.3333333333333333,0.0,0.3333333333333333
64,9,32,33,27,7,4,3,0,2.1,0.5714285714285714,0.0,0.5714285714285714
64,9,40,41,6,1,0,20,0,0.9523809523809523,0.0,0.0,0.0
64,9,40,41,7,2,0,20,0,1.8181818181818181,0.0,0.0,0.0
64,9,40,41,8,4,0,18,0,3.272727272727273,0.0,0.0,0.0
64,9,40,41,9,1,0,18,0,0.9473684210526315,0.0,0.0,0.0
64,9,40,41,10,1,0,17,0,0.9444444444444444,0.0,0.0,0.0
64,9,40,41,12,10,0,4,0,2.857142857142857,0.0,0.0,0.0
64,9,40,41,21,2,0,3,0,1.2,0.0,0.0,0.0
64,9,40,41,22,2,0,4,0,1.3333333333333333,0.0,0.0,0.0
64,9,40,41,23,1,0,4,0,0.8,0.0,0.0,0.0
64,9,40,41,24,2,0,3,0,1.2,0.0,0.0,0.0
64,9,40,41,25,1,0,3,0,0.75,0.0,0.0,0.0
64,9,40,41,31,2,2,3,0,1.2,1.0,0.0,1.0
64,9,40,41,32,1,0,4,0,0.8,0.0,0.0,0.0
64,9,40,41,33,2,1,5,0,1.4285714285714286,0.5,0.0,0.5
64,9,40,41,34,2,1,7,0,1.5555555555555556,0.5,0.0,0.5
64,9,40,41,35,2,2,9,0,1.6363636363636365,1.0,0.0,1.0
64,9,40,41,36,2,0,11,0,1.6923076923076923,0.0,0.0,0.0
64,9,48,49,12,2,0,15,0,1.7647058823529411,0.0,0.0,0.0
64,9,48,49,13,1,0,13,0,0.9285714285714286,0.0,0.0,0.0
64,9,48,49,14,4,0,10,0,2.857142857142857,0.0,0.0,0.0
64,9,48,49,16,2,0,9,0,1.6363636363636365,0.0,0.0,0.0
64,9,48,49,18,2,0,7,0,1.5555555555555556,0.0,0.0,0.0
64,9,48,49,19,1,0,8,0,0.8888888888888888,0.0,0.0,0.0
64,9,48,49,20,1,0,9,0,0.9,0.0,0.0,0.0
64,9,48,49,22,1,0,10,0,0.9090909090909091,0.0,0.0,0.0
64,9,48,49,23,1,0,10,0,0.9090909090909091,0.0,0.0,0.0
64,9,48,49,24,1,0,10,0,0.9090909090909091,0.0,0.0,0.0
64,9,48,49,26,2,0,7,0,1.5555555555555556,0.0,0.0,0.0
64,9,48,49,27,1,0,5,0,0.8333333333333334,0.0,0.0,0.0
64,9,48,49,28,1,0,4,0,0.8,0.0,0.0,0.0
64,9,56,57,16,2,0,14,0,1.75,0.0,0.0,0.0
64,9,56,57,18,1,1,12,0,0.9230769230769231,1.0,0.0,1.0
64,9,56,57,19,1,0,11,0,0.9166666666666666,0.0,0.0,0.0
64,9,56,57,20,1,0,11,0,0.9166666666666666,0.0,0.0,0.0
64,9,56,57,22,1,0,12,0,0.9230769230769231,0.0,0.0,0.0
64,9,56,57,24,2,0,13,0,1.7333333333333334,0.0,0.0,0.0
64,10,16,17,15,22,21,1,0,0.9565217391304348,0.9545454545454546,0.0,0.9545454545454546
64,10,24,25,20,2,2,1,0,0.6666666666666666,1.0,0.0,1.0
64,10,24,25,21,16,15,2,0,1.7777777777777777,0.9375,0.0,0.9375
64,10,32,33,26,6,3,4,0,2.4,0.5,0.0,0.5
64,10,32,33,27,18,12,8,0,5.538461538461538,0.6666666666666666,0.0,0.6666666666666666
64,10,40,41,27,2,0,1,0,0.6666666666666666,0.0,0.0,0.0
64,10,40,41,28,2,0,2,0,1.0,0.0,0.0,0.0
64,10,40,41,29,2,1,3,0,1.2,0.5,0.0,0.5
64,10,40,41,30,4,0,4,0,2.0,0.0,0.0,0.0
64,10,40,41,31,13,10,4,0,3.0588235294117645,0.7692307692307693,0.0,0.7692307692307693
64,10,40,41,32,4,0,11,0,2.933333333333333,0.0,0.0,0.0
64,10,40,41,33,12,10,11,0,5.739130434782608,0.8333333333333334,0.0,0.8333333333333334
64,10,40,41,34,3,1,22,0,2.64,0.3333333333333333,0.0,0.3333333333333333
64,10,40,41,35,6,3,23,0,4.758620689655173,0.5,0.0,0.5
64,10,48,49,24,2,0,3,0,1.2,0.0,0.0,0.0
64,10,48,49,26,2,0,5,0,1.4285714285714286,0.0,0.0,0.0
64,10,48,49,27,1,0,6,0,0.8571428571428571,0.0,0.0,0.0
64,10,48,49,28,1,0,7,0,0.875,0.0,0.0,0.0
64,10,48,49,30,1,0,8,0,0.8888888888888888,0.0,0.0,0.0
64,10,48,49,32,1,0,8,0,0.8888888888888888,0.0,0.0,0.0
64,10,48,49,33,1,1,8,0,0.8888888888888888,1.0,0.0,1.0
64,10,48,49,34,2,0,7,0,1.5555555555555556,0.0,0.0,0.0
64,10,48,49,35,2,1,7,0,1.5555555555555556,0.5,0.0,0.5
64,10,48,49,36,3,0,6,0,2.0,0.0,0.0,0.0
64,10,48,49,37,14,11,6,0,4.2,0.7857142857142857,0.0,0.7857142857142857
64,10,48,49,38,5,0,16,0,3.8095238095238093,0.0,0.0,0.0
64,10,48,49,39,1,1,20,3,0.9523809523809523,1.0,0.15,0.85
64,10,48,49,40,1,0,22,0,0.9565217391304348,0.0,0.0,0.0
64,10,48,49,41,1,0,23,0,0.9583333333333334,0.0,0.0,0.0
64,10,56,57,32,4,0,11,0,2.933333333333333,0.0,0.0,0.0
64,10,56,57,33,1,0,11,0,0.9166666666666666,0.0,0.0,0.0
64,10,56,57,34,2,0,10,0,1.6666666666666667,0.0,0.0,0.0
64,10,56,57,36,1,0,9,0,0.9,0.0,0.0,0.0
64,10,56,57,37,1,1,8,0,0.8888888888888888,1.0,0.0,1.0
64,10,56,57,38,1,0,7,0,0.875,0.0,0.0,0.0
64,10,56,57,41,2,1,10,0,1.6666666666666667,0.5,0.0,0.5
64,10,56,57,42,3,0,11,0,2.357142857142857,0.0,0.0,0.0
64,10,56,57,43,10,7,13,0,5.6521739130434785,0.7,0.0,0.7
64,10,56,57,44,1,1,23,0,0.9583333333333334,1.0,0.0,1.0
64,10,64,65,39,2,0,6,0,1.5,0.0,0.0,0.0
64,10,64,65,40,2,0,7,0,1.5555555555555556,0.0,0.0,0.0
64,10,64,65,41,3,1,7,0,2.1,0.3333333333333333,0.0,0.3333333333333333
64,10,64,65,44,1,0,10,0,0.9090909090909091,0.0,0.0,0.0
64,10,64,65,45,1,1,11,0,0.9166666666666666,1.0,0.0,1.0
64,10,64,65,46,1,0,13,0,0.9285714285714286,0.0,0.0,0.0
64,10,64,65,47,8,6,13,0,4.9523809523809526,0.75,0.0,0.75
64,10,64,65,48,1,0,19,0,0.95,0.0,0.0,0.0
64,10,64,65,49,8,5,19,0,5.62962962962963,0.625,0.0,0.625
64,10,64,65,50,2,0,27,0,1.8620689655172413,0.0,0.0,0.0
64,10,72,73,20,1,0,1,0,0.5,0.0,0.0,0.0
64,10,72,73,40,1,0,5,0,0.8333333333333334,0.0,0.0,0.0
64,10,72,73,41,1,1,5,0,0.8333333333333334,1.0,0.0,1.0
64,10,72,73,42,1,0,5,0,0.8333333333333334,0.0,0.0,0.0
64,10,72,73,43,2,2,5,0,1.4285714285714286,1.0,0.0,1.0
64,10,72,73,44,1,0,5,0,0.8333333333333334,0.0,0.0,0.0
64,10,72,73,45,1,1,5,0,0.8333333333333334,1.0,0.0,1.0
64,10,72,73,46,1,1,6,0,0.8571428571428571,1.0,0.0,1.0
64,10,72,73,47,1,0,7,0,0.875,0.0,0.0,0.0
64,10,72,73,48,3,0,8,0,2.1818181818181817,0.0,0.0,0.0
64,10,72,73,49,4,0,9,0,2.769230769230769,0.0,0.0,0.0
64,10,72,73,50,4,0,9,0,2.769230769230769,0.0,0.0,0.0
64,10,72,73,51,4,0,7,0,2.5454545454545454,0.0,0.0,0.0
64,10,72,73,52,3,0,6,0,2.0,0.0,0.0,0.0
64,10,72,73,53,10,8,6,0,3.75,0.8,0.0,0.8
64,10,72,73,54,5,2,11,1,3.4375,0.4,0.09090909090909091,0.3090909090909091
64,10,72,73,55,10,5,11,1,5.238095238095238,0.5,0.09090909090909091,0.40909090909090906
64,10,72,73,56,1,0,17,0,0.9444444444444444,0.0,0.0,0.0
64,10,72,73,57,1,0,15,0,0.9375,0.0,0.0,0.0
64,10,72,73,58,2,0,13,0,1.7333333333333334,0.0,0.0,0.0
64,10,80,81,5,1,0,1,0,0.5,0.0,0.0,0.0
64,10,80,81,6,2,0,1,0,0.6666666666666666,0.0,0.0,0.0
64,10,80,81,7,2,0,1,0,0.6666666666666666,0.0,0.0,0.0
64,10,80,81,8,2,0,1,0,0.6666666666666666,0.0,0.0,0.0
64,10,80,81,9,2,0,1,0,0.6666666666666666,0.0,0.0,0.0
64,10,80,81,10,2,0,1,0,0.6666666666666666,0.0,0.0,0.0
64,10,80,81,11,2,0,1,0,0.6666666666666666,0.0,0.0,0.0
64,10,80,81,12,2,0,1,0,0.6666666666666666,0.0,0.0,0.0
64,10,80,81,13,2,0,1,0,0.6666666666666666,0.0,0.0,0.0
64,10,80,81,14,2,0,1,0,0.6666666666666666,0.0,0.0,0.0
64,10,80,81,15,2,0,1,0,0.6666666666666666,0.0,0.0,0.0
64,10,80,81,16,2,0,1,0,0.6666666666666666,0.0,0.0,0.0
64,10,80,81,17,2,0,1,0,0.6666666666666666,0.0,0.0,0.0
64,10,80,81,18,2,0,1,0,0.6666666666666666,0.0,0.0,0.0
64,10,80,81,19,1,0,1,0,0.5,0.0,0.0,0.0
64,10,80,81,20,1,0,1,0,0.5,0.0,0.0,0.0
64,10,80,81,43,2,1,2,0,1.0,0.5,0.0,0.5
64,10,80,81,45,2,1,2,1,1.0,0.5,0.5,0.0
64,10,80,81,46,2,0,4,0,1.3333333333333333,0.0,0.0,0.0
64,10,80,81,47,4,2,6,2,2.4,0.5,0.3333333333333333,0.16666666666666669
64,10,80,81,48,1,0,9,1,0.9,0.0,0.1111111111111111,-0.1111111111111111
64,10,80,81,49,4,3,8,1,2.6666666666666665,0.75,0.125,0.625
64,10,80,81,50,1,0,10,1,0.9090909090909091,0.0,0.1,-0.1
64,10,80,81,51,3,2,10,1,2.3076923076923075,0.6666666666666666,0.1,0.5666666666666667
64,10,80,81,52,2,0,10,0,1.6666666666666667,0.0,0.0,0.0
64,10,80,81,53,2,1,9,1,1.6363636363636365,0.5,0.1111111111111111,0.3888888888888889
64,10,80,81,54,1,0,8,1,0.8888888888888888,0.0,0.125,-0.125
64,10,80,81,55,1,1,7,0,0.875,1.0,0.0,1.0
64,10,80,81,56,2,0,6,0,1.5,0.0,0.0,0.0
64,10,80,81,61,5,5,4,0,2.2222222222222223,1.0,0.0,1.0
64,10,80,81,63,1,1,7,0,0.875,1.0,0.0,1.0
64,10,80,81,65,1,0,9,0,0.9,0.0,0.0,0.0
64,10,80,81,67,2,0,11,0,1.6923076923076923,0.0,0.0,0.0
64,10,88,89,4,2,0,1,0,0.6666666666666666,0.0,0.0,0.0
64,10,88,89,5,1,0,3,0,0.75,0.0,0.0,0.0
64,10,88,89,6,2,0,3,0,1.2,0.0,0.0,0.0
64,10,88,89,7,2,0,3,0,1.2,0.0,0.0,0.0
64,10,88,89,8,2,0,3,0,1.2,0.0,0.0,0.0
64,10,88,89,9,2,0,3,0,1.2,0.0,0.0,0.0
64,10,88,89,10,2,0,3,0,1.2,0.0,0.0,0.0
64,10,88,89,11,2,0,3,0,1.2,0.0,0.0,0.0
64,10,88,89,12,2,0,3,0,1.2,0.0,0.0,0.0
64,10,88,89,13,2,0,3,0,1.2,0.0,0.0,0.0
64,10,88,89,14,3,0,3,0,1.5,0.0,0.0,0.0
64,10,88,89,15,1,0,4,0,0.8,0.0,0.0,0.0
64,10,88,89,16,3,0,3,0,1.5,0.0,0.0,0.0
64,10,88,89,17,1,0,4,0,0.8,0.0,0.0,0.0
64,10,88,89,18,1,0,3,0,0.75,0.0,0.0,0.0
64,10,88,89,19,1,0,2,0,0.6666666666666666,0.0,0.0,0.0
64,10,88,89,20,1,0,2,0,0.6666666666666666,0.0,0.0,0.0
64,10,88,89,21,1,0,1,0,0.5,0.0,0.0,0.0
64,10,88,89,39,1,0,6,0,0.8571428571428571,0.0,0.0,0.0
64,10,88,89,40,4,0,6,0,2.4,0.0,0.0,0.0
64,10,88,89,42,3,0,7,0,2.1,0.0,0.0,0.0
64,10,88,89,72,1,0,27,0,0.9642857142857143,0.0,0.0,0.0
64,10,88,89,74,2,0,30,0,1.875,0.0,0.0,0.0
64,10,96,97,2,2,0,1,0,0.6666666666666666,0.0,0.0,0.0
64,10,96,97,4,2,0,4,0,1.3333333333333333,0.0,0.0,0.0
64,10,96,97,6,1,0,7,0,0.875,0.0,0.0,0.0
64,10,96,97,7,1,0,8,0,0.8888888888888888,0.0,0.0,0.0
64,10,96,97,8,2,0,8,0,1.6,0.0,0.0,0.0
64,10,96,97,10,3,0,10,0,2.3076923076923075,0.0,0.0,0.0
64,10,96,97,12,2,0,12,0,1.7142857142857142,0.0,0.0,0.0
64,10,96,97,14,1,0,13,0,0.9285714285714286,0.0,0.0,0.0
64,10,96,97,15,1,0,13,0,0.9285714285714286,0.0,0.0,0.0
64,10,96,97,16,1,0,12,0,0.9230769230769231,0.0,0.0,0.0
64,10,96,97,18,2,0,8,0,1.6,0.0,0.0,0.0
64,10,96,97,19,2,0,5,0,1.4285714285714286,0.0,0.0,0.0
64,10,96,97,36,1,0,12,0,0.9230769230769231,0.0,0.0,0.0
64,10,96,97,68,2,0,14,0,1.75,0.0,0.0,0.0
64,10,96,97,70,4,0,17,0,3.238095238095238,0.0,0.0,0.0
64,10,96,97,71,2,1,22,0,1.8333333333333333,0.5,0.0,0.5
64,10,96,97,72,2,0,26,0,1.8571428571428572,0.0,0.0,0.0
64,10,96,97,73,2,0,28,1,1.8666666666666667,0.0,0.03571428571428571,-0.03571428571428571
64,10,96,97,75,2,0,31,0,1.878787878787879,0.0,0.0,0.0
64,10,104,105,6,1,0,12,0,0.9230769230769231,0.0,0.0,0.0
64,10,104,105,35,1,0,14,0,0.9333333333333333,0.0,0.0,0.0
64,10,104,105,36,2,0,12,0,1.7142857142857142,0.0,0.0,0.0
64,10,104,105,37,1,0,11,0,0.9166666666666666,0.0,0.0,0.0
64,10,104,105,38,1,0,9,0,0.9,0.0,0.0,0.0
64,10,104,105,39,1,0,9,0,0.9,0.0,0.0,0.0
64,10,104,105,40,1,0,10,0,0.9090909090909091,0.0,0.0,0.0
64,10,104,105,42,1,0,10,0,0.9090909090909091,0.0,0.0,0.0
64,10,104,105,70,2,0,20,0,1.8181818181818181,0.0,0.0,0.0
64,10,104,105,71,1,0,23,0,0.9583333333333334,0.0,0.0,0.0
64,10,104,105,72,3,1,24,0,2.6666666666666665,0.3333333333333333,0.0,0.3333333333333333
64,10,104,105,73,2,1,27,0,1.8620689655172413,0.5,0.0,0.5
64,10,104,105,74,2,0,30,0,1.875,0.0,0.0,0.0
64,10,104,105,75,2,0,31,0,1.878787878787879,0.0,0.0,0.0
64,10,104,105,77,2,0,31,0,1.878787878787879,0.0,0.0,0.0
64,10,104,105,78,2,0,31,1,1.878787878787879,0.0,0.03225806451612903,-0.03225806451612903
64,10,104,105,79,1,0,32,1,0.9696969696969697,0.0,0.03125,-0.03125
64,10,104,105,80,1,0,30,0,0.967741935483871,0.0,0.0,0.0
64,10,104,105,81,1,0,29,0,0.9666666666666667,0.0,0.0,0.0
64,10,112,113,7,1,0,14,0,0.9333333333333333,0.0,0.0,0.0
64,10,112,113,34,1,0,15,0,0.9375,0.0,0.0,0.0
64,10,112,113,35,2,0,15,0,1.7647058823529411,0.0,0.0,0.0
64,10,112,113,36,2,0,14,0,1.75,0.0,0.0,0.0
64,10,112,113,37,3,0,12,0,2.4,0.0,0.0,0.0
64,10,112,113,38,2,0,10,0,1.6666666666666667,0.0,0.0,0.0
64,10,112,113,39,2,0,10,0,1.6666666666666667,0.0,0.0,0.0
64,10,112,113,40,2,0,11,0,1.6923076923076923,0.0,0.0,0.0
64,10,112,113,41,2,0,11,0,1.6923076923076923,0.0,0.0,0.0
64,10,112,113,42,2,0,11,0,1.6923076923076923,0.0,0.0,0.0
64,10,112,113,43,2,0,11,0,1.6923076923076923,0.0,0.0,0.0
64,10,112,113,44,2,0,11,0,1.6923076923076923,0.0,0.0,0.0
64,10,112,113,45,2,0,11,0,1.6923076923076923,0.0,0.0,0.0
64,10,112,113,46,2,0,12,0,1.7142857142857142,0.0,0.0,0.0
64,10,112,113,47,2,0,13,0,1.7333333333333334,0.0,0.0,0.0
64,10,112,113,48,2,0,14,0,1.75,0.0,0.0,0.0
64,10,112,113,49,1,0,15,0,0.9375,0.0,0.0,0.0
64,10,112,113,50,1,0,15,0,0.9375,0.0,0.0,0.0
64,10,112,113,76,5,0,28,0,4.242424242424242,0.0,0.0,0.0
64,10,112,113,78,4,0,26,0,3.466666666666667,0.0,0.0,0.0
64,10,112,113,79,4,1,27,0,3.4838709677419355,0.25,0.0,0.25
64,10,112,113,80,4,0,25,0,3.4482758620689653,0.0,0.0,0.0
64,10,112,113,81,6,3,22,2,4.714285714285714,0.5,0.09090909090909091,0.40909090909090906
64,10,112,113,82,2,0,22,0,1.8333333333333333,0.0,0.0,0.0
64,10,112,113,83,4,3,20,3,3.3333333333333335,0.75,0.15,0.6
64,10,112,113,84,1,0,24,0,0.96,0.0,0.0,0.0
64,10,120,121,8,1,0,15,0,0.9375,0.0,0.0,0.0
64,10,120,121,9,1,0,15,0,0.9375,0.0,0.0,0.0
64,10,120,121,10,1,0,15,0,0.9375,0.0,0.0,0.0
64,10,120,121,12,1,0,15,0,0.9375,0.0,0.0,0.0
64,10,120,121,14,1,0,15,0,0.9375,0.0,0.0,0.0
64,10,120,121,16,1,0,14,0,0.9333333333333333,0.0,0.0,0.0
64,10,120,121,18,1,0,10,0,0.9090909090909091,0.0,0.0,0.0
64,10,120,121,34,1,0,15,0,0.9375,0.0,0.0,0.0
64,10,120,121,35,2,0,15,0,1.7647058823529411,0.0,0.0,0.0
64,10,120,121,36,2,0,14,0,1.75,0.0,0.0,0.0
64,10,120,121,37,3,0,12,0,2.4,0.0,0.0,0.0
64,10,120,121,38,2,0,10,0,1.6666666666666667,0.0,0.0,0.0
64,10,120,121,39,2,0,10,0,1.6666666666666667,0.0,0.0,0.0
64,10,120,121,40,2,0,11,0,1.6923076923076923,0.0,0.0,0.0
64,10,120,121,41,2,0,11,0,1.6923076923076923,0.0,0.0,0.0
64,10,120,121,42,2,0,11,0,1.6923076923076923,0.0,0.0,0.0
64,10,120,121,43,2,0,11,0,1.6923076923076923,0.0,0.0,0.0
64,10,120,121,44,2,0,11,0,1.6923076923076923,0.0,0.0,0.0
64,10,120,121,45,2,0,11,0,1.6923076923076923,0.0,0.0,0.0
64,10,120,121,46,2,0,12,0,1.7142857142857142,0.0,0.0,0.0
64,10,120,121,47,2,0,13,0,1.7333333333333334,0.0,0.0,0.0
64,10,120,121,48,2,0,14,0,1.75,0.0,0.0,0.0
64,10,120,121,49,1,0,15,0,0.9375,0.0,0.0,0.0
64,10,120,121,50,1,0,15,0,0.9375,0.0,0.0,0.0
64,10,120,121,92,2,0,28,0,1.8666666666666667,0.0,0.0,0.0
64,10,128,129,9,1,0,16,0,0.9411764705882353,0.0,0.0,0.0
64,10,128,129,10,1,0,16,0,0.9411764705882353,0.0,0.0,0.0
64,10,128,129,11,1,0,16,0,0.9411764705882353,0.0,0.0,0.0
64,10,128,129,12,1,0,16,0,0.9411764705882353,0.0,0.0,0.0
64,10,128,129,13,1,0,16,0,0.9411764705882353,0.0,0.0,0.0
64,10,128,129,14,1,0,16,0,0.9411764705882353,0.0,0.0,0.0
64,10,128,129,15,1,0,16,0,0.9411764705882353,0.0,0.0,0.0
64,10,128,129,16,1,0,15,0,0.9375,0.0,0.0,0.0
64,10,128,129,17,1,0,13,0,0.9285714285714286,0.0,0.0,0.0
64,10,128,129,18,1,0,11,0,0.9166666666666666,0.0,0.0,0.0
64,10,128,129,19,1,0,9,0,0.9,0.0,0.0,0.0
64,10,128,129,20,2,0,7,0,1.5555555555555556,0.0,0.0,0.0
64,10,128,129,33,1,0,15,0,0.9375,0.0,0.0,0.0
64,10,128,129,34,2,0,16,0,1.7777777777777777,0.0,0.0,0.0
64,10,128,129,35,1,0,17,0,0.9444444444444444,0.0,0.0,0.0
64,10,128,129,36,1,0,16,0,0.9411764705882353,0.0,0.0,0.0
64,10,128,129,37,1,0,16,0,0.9411764705882353,0.0,0.0,0.0
64,10,128,129,38,1,0,14,0,0.9333333333333333,0.0,0.0,0.0
64,10,128,129,39,1,0,13,0,0.9285714285714286,0.0,0.0,0.0
64,10,128,129,40,1,0,14,0,0.9333333333333333,0.0,0.0,0.0
64,10,128,129,41,1,0,14,0,0.9333333333333333,0.0,0.0,0.0
64,10,128,129,42,1,0,14,0,0.9333333333333333,0.0,0.0,0.0
64,10,128,129,43,1,0,14,0,0.9333333333333333,0.0,0.0,0.0
64,10,128,129,45,1,0,13,0,0.9285714285714286,0.0,0.0,0.0
64,10,128,129,46,1,0,14,0,0.9333333333333333,0.0,0.0,0.0
64,10,128,129,47,1,0,15,0,0.9375,0.0,0.0,0.0
64,10,128,129,48,1,0,16,0,0.9411764705882353,0.0,0.0,0.0
64,10,128,129,49,2,0,15,0,1.7647058823529411,0.0,0.0,0.0
64,10,128,129,50,1,0,15,0,0.9375,0.0,0.0,0.0
64,10,136,137,9,1,0,16,0,0.9411764705882353,0.0,0.0,0.0
64,10,136,137,10,1,0,16,0,0.9411764705882353,0.0,0.0,0.0
64,10,136,137,11,1,0,16,0,0.9411764705882353,0.0,0.0,0.0
64,10,136,137,12,1,0,16,0,0.9411764705882353,0.0,0.0,0.0
64,10,136,137,13,1,0,16,0,0.9411764705882353,0.0,0.0,0.0
64,10,136,137,14,1,0,16,0,0.9411764705882353,0.0,0.0,0.0
64,10,136,137,15,1,0,16,0,0.9411764705882353,0.0,0.0,0.0
64,10,136,137,16,1,0,15,0,0.9375,0.0,0.0,0.0
64,10,136,137,17,1,0,13,0,0.9285714285714286,0.0,0.0,0.0
64,10,136,137,18,1,0,11,0,0.9166666666666666,0.0,0.0,0.0
64,10,136,137,19,1,0,9,0,0.9,0.0,0.0,0.0
64,10,136,137,20,1,0,8,0,0.8888888888888888,0.0,0.0,0.0
64,10,136,137,21,1,0,5,0,0.8333333333333334,0.0,0.0,0.0
64,10,136,137,32,1,0,15,0,0.9375,0.0,0.0,0.0
64,10,136,137,33,3,0,16,0,2.526315789473684,0.0,0.0,0.0
64,10,136,137,34,1,0,19,0,0.95,0.0,0.0,0.0
64,10,136,137,35,1,0,19,0,0.95,0.0,0.0,0.0
64,10,136,137,36,1,0,18,0,0.9473684210526315,0.0,0.0,0.0
64,10,136,137,38,1,0,15,0,0.9375,0.0,0.0,0.0
64,10,136,137,39,1,0,14,0,0.9333333333333333,0.0,0.0,0.0
64,10,136,137,40,1,0,15,0,0.9375,0.0,0.0,0.0
64,10,136,137,41,1,0,15,0,0.9375,0.0,0.0,0.0
64,10,136,137,42,1,0,15,0,0.9375,0.0,0.0,0.0
64,10,136,137,44,1,0,14,0,0.9333333333333333,0.0,0.0,0.0
64,10,136,137,45,1,0,14,0,0.9333333333333333,0.0,0.0,0.0
64,10,136,137,46,1,0,15,0,0.9375,0.0,0.0,0.0
64,10,136,137,47,1,0,16,0,0.9411764705882353,0.0,0.0,0.0
64,10,144,145,9,1,0,16,0,0.9411764705882353,0.0,0.0,0.0
64,10,144,145,10,1,0,16,0,0.9411764705882353,0.0,0.0,0.0
64,10,144,145,11,1,0,16,0,0.9411764705882353,0.0,0.0,0.0
64,10,144,145,12,1,0,16,0,0.9411764705882353,0.0,0.0,0.0
64,10,144,145,13,1,0,16,0,0.9411764705882353,0.0,0.0,0.0
64,10,144,145,14,1,0,16,0,0.9411764705882353,0.0,0.0,0.0
64,10,144,145,15,1,0,16,0,0.9411764705882353,0.0,0.0,0.0
64,10,144,145,16,1,0,15,0,0.9375,0.0,0.0,0.0
64,10,144,145,17,1,0,13,0,0.9285714285714286,0.0,0.0,0.0
64,10,144,145,18,1,0,11,0,0.9166666666666666,0.0,0.0,0.0
64,10,144,145,19,1,0,9,0,0.9,0.0,0.0,0.0
64,10,144,145,20,1,0,8,0,0.8888888888888888,0.0,0.0,0.0
64,10,144,145,21,1,0,5,0,0.8333333333333334,0.0,0.0,0.0
64,10,144,145,23,1,0,6,0,0.8571428571428571,0.0,0.0,0.0
64,10,144,145,24,1,0,8,0,0.8888888888888888,0.0,0.0,0.0
64,10,144,145,26,2,0,13,0,1.7333333333333334,0.0,0.0,0.0
64,10,144,145,28,3,0,16,0,2.526315789473684,0.0,0.0,0.0
64,10,144,145,30,2,0,20,0,1.8181818181818181,0.0,0.0,0.0
64,10,144,145,31,1,0,23,0,0.9583333333333334,0.0,0.0,0.0
64,10,144,145,32,1,0,24,0,0.96,0.0,0.0,0.0
64,10,144,145,34,1,0,25,0,0.9615384615384616,0.0,0.0,0.0
64,10,144,145,36,2,0,22,0,1.8333333333333333,0.0,0.0,0.0
64,10,144,145,38,1,0,19,0,0.95,0.0,0.0,0.0
64,10,144,145,40,1,0,18,0,0.9473684210526315,0.0,0.0,0.0
64,10,144,145,42,1,0,17,0,0.9444444444444444,0.0,0.0,0.0
64,10,144,145,44,1,0,16,0,0.9411764705882353,0.0,0.0,0.0
64,10,144,145,46,1,0,16,0,0.9411764705882353,0.0,0.0,0.0
64,10,152,153,10,1,0,17,0,0.9444444444444444,0.0,0.0,0.0
64,10,152,153,11,1,0,17,0,0.9444444444444444,0.0,0.0,0.0
64,10,152,153,12,1,0,17,0,0.9444444444444444,0.0,0.0,0.0
64,10,152,153,13,1,0,17,0,0.9444444444444444,0.0,0.0,0.0
64,10,152,153,14,1,0,17,0,0.9444444444444444,0.0,0.0,0.0
64,10,152,153,15,1,0,17,0,0.9444444444444444,0.0,0.0,0.0
64,10,152,153,16,1,0,16,0,0.9411764705882353,0.0,0.0,0.0
64,10,152,153,17,1,0,14,0,0.9333333333333333,0.0,0.0,0.0
64,10,152,153,18,1,0,12,0,0.9230769230769231,0.0,0.0,0.0
64,10,152,153,19,1,0,10,0,0.9090909090909091,0.0,0.0,0.0
64,10,152,153,20,1,0,9,0,0.9,0.0,0.0,0.0
64,10,152,153,21,1,0,6,0,0.8571428571428571,0.0,0.0,0.0
64,10,152,153,22,1,0,6,0,0.8571428571428571,0.0,0.0,0.0
64,10,152,153,36,1,0,26,0,0.9629629629629629,0.0,0.0,0.0
64,10,152,153,38,1,0,23,0,0.9583333333333334,0.0,0.0,0.0
64,10,160,161,10,1,0,17,0,0.9444444444444444,0.0,0.0,0.0
64,10,160,161,11,1,0,17,0,0.9444444444444444,0.0,0.0,0.0
64,10,160,161,12,1,0,17,0,0.9444444444444444,0.0,0.0,0.0
64,10,160,161,13,1,0,17,0,0.9444444444444444,0.0,0.0,0.0
64,10,160,161,14,1,0,17,0,0.9444444444444444,0.0,0.0,0.0
64,10,160,161,15,1,0,17,0,0.9444444444444444,0.0,0.0,0.0
64,10,160,161,16,1,0,16,0,0.9411764705882353,0.0,0.0,0.0
64,10,160,161,17,1,0,14,0,0.9333333333333333,0.0,0.0,0.0
64,10,160,161,19,2,0,10,0,1.6666666666666667,0.0,0.0,0.0
64,10,160,161,20,1,0,9,0,0.9,0.0,0.0,0.0
64,10,160,161,21,1,0,6,0,0.8571428571428571,0.0,0.0,0.0
64,10,160,161,22,1,0,6,0,0.8571428571428571,0.0,0.0,0.0
64,10,160,161,38,1,0,24,0,0.96,0.0,0.0,0.0
64,10,168,169,11,1,0,18,0,0.9473684210526315,0.0,0.0,0.0
64,10,168,169,12,1,0,18,0,0.9473684210526315,0.0,0.0,0.0
64,10,168,169,13,1,0,18,0,0.9473684210526315,0.0,0.0,0.0
64,10,168,169,14,1,0,18,0,0.9473684210526315,0.0,0.0,0.0
64,10,168,169,15,1,0,18,0,0.9473684210526315,0.0,0.0,0.0
64,10,168,169,16,1,0,17,0,0.9444444444444444,0.0,0.0,0.0
64,10,168,169,17,1,0,15,0,0.9375,0.0,0.0,0.0
64,10,168,169,19,2,0,11,0,1.6923076923076923,0.0,0.0,0.0
64,10,168,169,21,2,0,7,0,1.5555555555555556,0.0,0.0,0.0
64,10,168,169,22,1,0,7,0,0.875,0.0,0.0,0.0
64,10,168,169,23,1,0,7,0,0.875,0.0,0.0,0.0
64,10,168,169,39,1,0,22,0,0.9565217391304348,0.0,0.0,0.0
64,10,176,177,11,1,0,18,0,0.9473684210526315,0.0,0.0,0.0
64,10,176,177,13,1,0,19,0,0.95,0.0,0.0,0.0
64,10,176,177,15,1,0,20,0,0.9523809523809523,0.0,0.0,0.0
64,10,176,177,17,1,0,18,0,0.9473684210526315,0.0,0.0,0.0
64,10,176,177,18,1,0,17,0,0.9444444444444444,0.0,0.0,0.0
64,10,176,177,19,1,0,16,0,0.9411764705882353,0.0,0.0,0.0
64,10,176,177,20,1,0,16,0,0.9411764705882353,0.0,0.0,0.0
64,10,176,177,21,1,0,14,0,0.9333333333333333,0.0,0.0,0.0
64,10,176,177,23,2,0,15,0,1.7647058823529411,0.0,0.0,0.0
64,10,176,177,24,4,0,15,0,3.1578947368421053,0.0,0.0,0.0
64,10,176,177,25,2,0,17,0,1.7894736842105263,0.0,0.0,0.0
64,10,176,177,26,1,0,19,0,0.95,0.0,0.0,0.0
64,10,176,177,27,2,0,20,0,1.8181818181818181,0.0,0.0,0.0
64,10,176,177,28,1,0,22,0,0.9565217391304348,0.0,0.0,0.0
64,10,176,177,29,2,0,23,0,1.84,0.0,0.0,0.0
64,10,176,177,30,2,0,24,0,1.8461538461538463,0.0,0.0,0.0
64,10,176,177,31,2,0,25,0,1.8518518518518519,0.0,0.0,0.0
64,10,176,177,39,1,0,22,0,0.9565217391304348,0.0,0.0,0.0
64,10,176,177,40,1,0,22,0,0.9565217391304348,0.0,0.0,0.0
64,10,176,177,46,1,0,17,0,0.9444444444444444,0.0,0.0,0.0
64,10,176,177,48,1,0,17,0,0.9444444444444444,0.0,0.0,0.0
64,10,176,177,49,1,0,17,0,0.9444444444444444,0.0,0.0,0.0
64,10,176,177,50,1,0,17,0,0.9444444444444444,0.0,0.0,0.0
64,10,176,177,51,1,0,16,0,0.9411764705882353,0.0,0.0,0.0
64,10,184,185,21,1,0,17,0,0.9444444444444444,0.0,0.0,0.0
64,10,184,185,23,1,0,18,0,0.9473684210526315,0.0,0.0,0.0
64,10,184,185,24,1,0,21,0,0.9545454545454546,0.0,0.0,0.0
64,10,184,185,34,2,0,28,0,1.8666666666666667,0.0,0.0,0.0
64,10,184,185,39,1,0,22,0,0.9565217391304348,0.0,0.0,0.0
64,10,184,185,40,1,0,22,0,0.9565217391304348,0.0,0.0,0.0
64,10,184,185,41,1,0,21,0,0.9545454545454546,0.0,0.0,0.0
64,10,184,185,42,1,0,20,0,0.9523809523809523,0.0,0.0,0.0
64,10,184,185,43,1,0,19,0,0.95,0.0,0.0,0.0
64,10,184,185,44,1,0,18,0,0.9473684210526315,0.0,0.0,0.0
64,10,184,185,45,1,0,17,0,0.9444444444444444,0.0,0.0,0.0
64,10,184,185,46,1,0,17,0,0.9444444444444444,0.0,0.0,0.0
64,10,184,185,47,1,0,17,0,0.9444444444444444,0.0,0.0,0.0
64,10,184,185,48,1,0,17,0,0.9444444444444444,0.0,0.0,0.0
64,10,184,185,49,1,0,17,0,0.9444444444444444,0.0,0.0,0.0
64,10,184,185,50,1,0,17,0,0.9444444444444444,0.0,0.0,0.0
64,10,184,185,51,1,0,16,0,0.9411764705882353,0.0,0.0,0.0
64,10,184,185,52,1,0,14,0,0.9333333333333333,0.0,0.0,0.0
64,10,192,193,22,1,0,18,0,0.9473684210526315,0.0,0.0,0.0
64,10,192,193,24,1,0,21,0,0.9545454545454546,0.0,0.0,0.0
64,10,192,193,40,1,0,23,0,0.9583333333333334,0.0,0.0,0.0
64,10,192,193,41,1,0,22,0,0.9565217391304348,0.0,0.0,0.0
64,10,192,193,42,1,0,21,0,0.9545454545454546,0.0,0.0,0.0
64,10,192,193,43,1,0,20,0,0.9523809523809523,0.0,0.0,0.0
64,10,192,193,44,1,0,19,0,0.95,0.0,0.0,0.0
64,10,192,193,45,1,0,18,0,0.9473684210526315,0.0,0.0,0.0
64,10,192,193,46,1,0,18,0,0.9473684210526315,0.0,0.0,0.0
64,10,192,193,47,1,0,18,0,0.9473684210526315,0.0,0.0,0.0
64,10,192,193,48,1,0,18,0,0.9473684210526315,0.0,0.0,0.0
64,10,192,193,49,1,0,18,0,0.9473684210526315,0.0,0.0,0.0
64,10,192,193,50,1,0,18,0,0.9473684210526315,0.0,0.0,0.0
64,10,192,193,51,1,0,17,0,0.9444444444444444,0.0,0.0,0.0
64,10,192,193,52,1,0,15,0,0.9375,0.0,0.0,0.0
64,10,192,193,53,1,0,12,0,0.9230769230769231,0.0,0.0,0.0
64,10,200,201,40,1,0,23,0,0.9583333333333334,0.0,0.0,0.0
64,10,200,201,41,1,0,22,0,0.9565217391304348,0.0,0.0,0.0
64,10,200,201,42,1,0,21,0,0.9545454545454546,0.0,0.0,0.0
64,10,200,201,43,1,0,20,0,0.9523809523809523,0.0,0.0,0.0
64,10,200,201,44,1,0,19,0,0.95,0.0,0.0,0.0
64,10,200,201,45,1,0,18,0,0.9473684210526315,0.0,0.0,0.0
64,10,200,201,46,1,0,18,0,0.9473684210526315,0.0,0.0,0.0
64,10,200,201,47,1,0,18,0,0.9473684210526315,0.0,0.0,0.0
64,10,200,201,48,1,0,18,0,0.9473684210526315,0.0,0.0,0.0
64,10,200,201,49,1,0,18,0,0.9473684210526315,0.0,0.0,0.0
64,10,200,201,50,1,0,18,0,0.9473684210526315,0.0,0.0,0.0
64,10,200,201,51,1,0,17,0,0.9444444444444444,0.0,0.0,0.0
64,10,200,201,52,1,0,15,0,0.9375,0.0,0.0,0.0
64,10,200,201,53,1,0,12,0,0.9230769230769231,0.0,0.0,0.0
64,10,208,209,40,1,0,23,0,0.9583333333333334,0.0,0.0,0.0
64,10,208,209,41,1,0,22,0,0.9565217391304348,0.0,0.0,0.0
64,10,208,209,42,1,0,21,0,0.9545454545454546,0.0,0.0,0.0
64,10,208,209,43,1,0,20,0,0.9523809523809523,0.0,0.0,0.0
64,10,208,209,44,1,0,19,0,0.95,0.0,0.0,0.0
64,10,208,209,45,1,0,18,0,0.9473684210526315,0.0,0.0,0.0
64,10,208,209,46,1,0,18,0,0.9473684210526315,0.0,0.0,0.0
64,10,208,209,47,1,0,18,0,0.9473684210526315,0.0,0.0,0.0
64,10,208,209,48,1,0,18,0,0.9473684210526315,0.0,0.0,0.0
64,10,208,209,49,1,0,18,0,0.9473684210526315,0.0,0.0,0.0
64,10,208,209,50,1,0,18,0,0.9473684210526315,0.0,0.0,0.0
64,10,208,209,51,1,0,17,0,0.9444444444444444,0.0,0.0,0.0
64,10,208,209,52,1,0,15,0,0.9375,0.0,0.0,0.0
64,10,208,209,53,1,0,12,0,0.9230769230769231,0.0,0.0,0.0
64,10,216,217,40,1,0,23,0,0.9583333333333334,0.0,0.0,0.0
64,10,216,217,41,1,0,22,0,0.9565217391304348,0.0,0.0,0.0
64,10,216,217,42,1,0,21,0,0.9545454545454546,0.0,0.0,0.0
64,10,216,217,43,1,0,20,0,0.9523809523809523,0.0,0.0,0.0
64,10,216,217,44,1,0,19,0,0.95,0.0,0.0,0.0
64,10,216,217,45,1,0,18,0,0.9473684210526315,0.0,0.0,0.0
64,10,216,217,46,1,0,18,0,0.9473684210526315,0.0,0.0,0.0
64,10,216,217,47,1,0,18,0,0.9473684210526315,0.0,0.0,0.0
64,10,216,217,48,1,0,18,0,0.9473684210526315,0.0,0.0,0.0
64,10,216,217,49,1,0,18,0,0.9473684210526315,0.0,0.0,0.0
64,10,216,217,50,1,0,18,0,0.9473684210526315,0.0,0.0,0.0
64,10,216,217,51,1,0,17,0,0.9444444444444444,0.0,0.0,0.0
64,10,216,217,52,1,0,15,0,0.9375,0.0,0.0,0.0
64,10,216,217,53,1,0,12,0,0.9230769230769231,0.0,0.0,0.0
64,10,224,225,41,1,0,23,0,0.9583333333333334,0.0,0.0,0.0
64,10,224,225,42,1,0,22,0,0.9565217391304348,0.0,0.0,0.0
64,10,224,225,43,1,0,21,0,0.9545454545454546,0.0,0.0,0.0
64,10,224,225,44,1,0,20,0,0.9523809523809523,0.0,0.0,0.0
64,10,224,225,45,1,0,19,0,0.95,0.0,0.0,0.0
64,10,224,225,46,1,0,19,0,0.95,0.0,0.0,0.0
64,10,224,225,47,1,0,19,0,0.95,0.0,0.0,0.0
64,10,224,225,48,1,0,19,0,0.95,0.0,0.0,0.0
64,10,224,225,49,1,0,19,0,0.95,0.0,0.0,0.0
64,10,224,225,50,1,0,19,0,0.95,0.0,0.0,0.0
64,10,224,225,51,1,0,18,0,0.9473684210526315,0.0,0.0,0.0
64,10,224,225,52,2,0,15,0,1.7647058823529411,0.0,0.0,0.0
64,10,224,225,53,1,0,12,0,0.9230769230769231,0.0,0.0,0.0
64,10,232,233,41,1,0,23,0,0.9583333333333334,0.0,0.0,0.0
64,10,232,233,42,1,0,22,0,0.9565217391304348,0.0,0.0,0.0
64,10,232,233,43,1,0,21,0,0.9545454545454546,0.0,0.0,0.0
64,10,232,233,44,1,0,20,0,0.9523809523809523,0.0,0.0,0.0
64,10,232,233,45,1,0,19,0,0.95,0.0,0.0,0.0
64,10,232,233,46,1,0,19,0,0.95,0.0,0.0,0.0
64,10,232,233,47,1,0,19,0,0.95,0.0,0.0,0.0
64,10,232,233,48,1,0,19,0,0.95,0.0,0.0,0.0
64,10,232,233,49,1,0,19,0,0.95,0.0,0.0,0.0
64,10,232,233,50,1,0,19,0,0.95,0.0,0.0,0.0
64,10,232,233,51,1,0,18,0,0.9473684210526315,0.0,0.0,0.0
64,10,232,233,52,1,0,16,0,0.9411764705882353,0.0,0.0,0.0
64,10,232,233,53,1,0,13,0,0.9285714285714286,0.0,0.0,0.0
64,10,232,233,54,1,0,10,0,0.9090909090909091,0.0,0.0,0.0
64,10,240,241,44,2,0,22,0,1.8333333333333333,0.0,0.0,0.0
64,10,240,241,45,2,0,21,0,1.826086956521739,0.0,0.0,0.0
64,10,240,241,46,2,0,21,0,1.826086956521739,0.0,0.0,0.0
64,10,240,241,47,1,0,22,0,0.9565217391304348,0.0,0.0,0.0
64,10,240,241,48,2,0,22,0,1.8333333333333333,0.0,0.0,0.0
64,10,240,241,49,2,0,23,0,1.84,0.0,0.0,0.0
64,10,240,241,50,1,0,24,0,0.96,0.0,0.0,0.0
64,10,240,241,51,2,0,23,0,1.84,0.0,0.0,0.0
64,10,240,241,52,1,0,22,0,0.9565217391304348,0.0,0.0,0.0
64,10,240,241,53,2,0,19,0,1.8095238095238095,0.0,0.0,0.0
64,10,240,241,54,1,0,16,0,0.9411764705882353,0.0,0.0,0.0
64,10,240,241,55,1,0,14,0,0.9333333333333333,0.0,0.0,0.0
64,10,240,241,56,1,0,12,0,0.9230769230769231,0.0,0.0,0.0
64,10,240,241,57,2,0,10,0,1.6666666666666667,0.0,0.0,0.0
64,10,240,241,59,1,0,7,0,0.875,0.0,0.0,0.0
64,10,240,241,61,2,0,5,0,1.4285714285714286,0.0,0.0,0.0
64,10,240,241,62,1,0,4,0,0.8,0.0,0.0,0.0
64,10,240,241,63,2,0,4,0,1.3333333333333333,0.0,0.0,0.0
64,10,240,241,64,2,0,6,0,1.5,0.0,0.0,0.0
64,10,240,241,65,2,0,8,0,1.6,0.0,0.0,0.0
64,11,24,25,19,5,5,2,0,1.4285714285714286,1.0,0.0,1.0
64,11,24,25,20,2,0,6,0,1.5,0.0,0.0,0.0
64,11,24,25,21,6,4,7,0,3.230769230769231,0.6666666666666666,0.0,0.6666666666666666
64,11,32,33,25,6,4,1,0,0.8571428571428571,0.6666666666666666,0.0,0.6666666666666666
64,11,32,33,26,3,1,6,0,2.0,0.3333333333333333,0.0,0.3333333333333333
64,11,32,33,27,9,4,8,0,4.235294117647059,0.4444444444444444,0.0,0.4444444444444444
64,11,40,41,4,4,0,12,0,3.0,0.0,0.0,0.0
64,11,40,41,5,3,0,12,0,2.4,0.0,0.0,0.0
64,11,40,41,6,2,0,11,0,1.6923076923076923,0.0,0.0,0.0
64,11,40,41,7,2,0,10,0,1.6666666666666667,0.0,0.0,0.0
64,11,40,41,8,2,0,9,0,1.6363636363636365,0.0,0.0,0.0
64,11,40,41,10,1,0,9,0,0.9,0.0,0.0,0.0
64,11,40,41,12,3,0,4,0,1.7142857142857142,0.0,0.0,0.0
64,11,40,41,13,1,0,4,0,0.8,0.0,0.0,0.0
64,11,40,41,19,3,0,2,0,1.2,0.0,0.0,0.0
64,11,40,41,21,2,0,5,0,1.4285714285714286,0.0,0.0,0.0
64,11,40,41,23,2,0,7,0,1.5555555555555556,0.0,0.0,0.0
64,11,40,41,24,1,0,9,0,0.9,0.0,0.0,0.0
64,11,40,41,25,1,0,10,0,0.9090909090909091,0.0,0.0,0.0
64,11,40,41,27,2,0,10,0,1.6666666666666667,0.0,0.0,0.0
64,11,40,41,29,5,0,6,0,2.727272727272727,0.0,0.0,0.0
64,11,40,41,31,4,3,4,0,2.0,0.75,0.0,0.75
64,11,40,41,32,4,0,5,0,2.2222222222222223,0.0,0.0,0.0
64,11,40,41,33,1,1,8,0,0.8888888888888888,1.0,0.0,1.0
64,11,48,49,10,6,0,14,0,4.2,0.0,0.0,0.0
64,11,48,49,19,1,0,10,0,0.9090909090909091,0.0,0.0,0.0
64,11,48,49,21,1,0,11,0,0.9166666666666666,0.0,0.0,0.0
64,11,48,49,23,1,0,12,0,0.9230769230769231,0.0,0.0,0.0
64,11,48,49,25,1,0,13,0,0.9285714285714286,0.0,0.0,0.0
64,11,48,49,27,1,0,14,0,0.9333333333333333,0.0,0.0,0.0
64,11,48,49,29,1,0,14,0,0.9333333333333333,0.0,0.0,0.0
64,11,48,49,31,1,0,11,0,0.9166666666666666,0.0,0.0,0.0
64,11,48,49,33,1,0,8,0,0.8888888888888888,0.0,0.0,0.0
64,11,48,49,35,3,0,5,0,1.875,0.0,0.0,0.0
64,11,56,57,39,2,0,6,0,1.5,0.0,0.0,0.0
64,11,56,57,41,4,2,5,0,2.2222222222222223,0.5,0.0,0.5
64,11,56,57,43,1,1,10,0,0.9090909090909091,1.0,0.0,1.0
64,11,64,65,45,2,0,11,0,1.6923076923076923,0.0,0.0,0.0
64,11,64,65,47,2,1,13,0,1.7333333333333334,0.5,0.0,0.5
64,11,80,81,57,2,1,2,0,1.0,0.5,0.0,0.5
64,12,8,9,9,15,15,7,0,4.7727272727272725,1.0,0.0,1.0
64,12,16,17,15,11,11,16,0,6.518518518518518,1.0,0.0,1.0
64,12,24,25,19,15,12,1,0,0.9375,0.8,0.0,0.8
64,12,24,25,21,2,2,13,0,1.7333333333333334,1.0,0.0,1.0
64,12,32,33,24,3,0,2,0,1.2,0.0,0.0,0.0
64,12,32,33,25,2,1,3,0,1.2,0.5,0.0,0.5
64,12,40,41,12,1,0,4,0,0.8,0.0,0.0,0.0
64,12,40,41,13,2,0,5,0,1.4285714285714286,0.0,0.0,0.0
64,12,40,41,14,2,0,6,0,1.5,0.0,0.0,0.0
64,12,40,41,15,2,0,7,0,1.5555555555555556,0.0,0.0,0.0
64,12,40,41,16,1,0,8,0,0.8888888888888888,0.0,0.0,0.0
64,12,40,41,17,3,0,7,0,2.1,0.0,0.0,0.0
64,12,40,41,18,2,0,7,0,1.5555555555555556,0.0,0.0,0.0
64,12,40,41,19,3,0,5,0,1.875,0.0,0.0,0.0
64,12,40,41,21,4,0,3,0,1.7142857142857142,0.0,0.0,0.0
64,12,40,41,22,2,0,2,0,1.0,0.0,0.0,0.0
64,12,48,49,3,1,0,6,0,0.8571428571428571,0.0,0.0,0.0
64,12,48,49,4,1,0,7,0,0.875,0.0,0.0,0.0
64,12,48,49,5,4,0,6,0,2.4,0.0,0.0,0.0
64,12,48,49,7,3,0,8,0,2.1818181818181817,0.0,0.0,0.0
64,12,48,49,8,1,0,10,0,0.9090909090909091,0.0,0.0,0.0
64,12,48,49,9,3,0,10,0,2.3076923076923075,0.0,0.0,0.0
64,12,48,49,11,2,0,12,0,1.7142857142857142,0.0,0.0,0.0
64,12,48,49,12,1,0,13,0,0.9285714285714286,0.0,0.0,0.0
64,12,48,49,13,2,0,13,0,1.7333333333333334,0.0,0.0,0.0
64,12,48,49,14,1,0,14,0,0.9333333333333333,0.0,0.0,0.0
64,12,48,49,15,2,0,14,0,1.75,0.0,0.0,0.0
64,12,48,49,17,1,0,15,0,0.9375,0.0,0.0,0.0
64,12,48,49,23,3,0,6,0,2.0,0.0,0.0,0.0
64,12,56,57,8,1,0,18,0,0.9473684210526315,0.0,0.0,0.0
64,12,56,57,9,2,0,19,0,1.8095238095238095,0.0,0.0,0.0
64,12,56,57,11,3,1,22,0,2.64,0.3333333333333333,0.0,0.3333333333333333
64,12,56,57,13,7,0,19,0,5.115384615384615,0.0,0.0,0.0
64,12,64,65,17,3,0,20,0,2.608695652173913,0.0,0.0,0.0
64,12,64,65,19,3,1,16,0,2.526315789473684,0.3333333333333333,0.0,0.3333333333333333
64,13,16,17,15,32,26,2,0,1.8823529411764706,0.8125,0.0,0.8125
64,13,24,25,20,3,1,6,0,2.0,0.3333333333333333,0.0,0.3333333333333333
64,13,24,25,21,34,25,7,0,5.804878048780488,0.7352941176470589,0.0,0.7352941176470589
64,13,32,33,24,3,1,3,0,1.5,0.3333333333333333,0.0,0.3333333333333333
64,13,32,33,25,9,8,8,1,4.235294117647059,0.8888888888888888,0.125,0.7638888888888888
64,13,32,33,26,5,3,18,0,3.9130434782608696,0.6,0.0,0.6
64,13,32,33,27,26,18,22,0,11.916666666666666,0.6923076923076923,0.0,0.6923076923076923
64,13,32,33,28,2,0,47,0,1.9183673469387754,0.0,0.0,0.0
64,13,40,41,3,2,0,2,0,1.0,0.0,0.0,0.0
64,13,40,41,4,2,0,4,0,1.3333333333333333,0.0,0.0,0.0
64,13,40,41,5,1,0,6,0,0.8571428571428571,0.0,0.0,0.0
64,13,40,41,6,1,0,7,0,0.875,0.0,0.0,0.0
64,13,40,41,7,1,0,8,0,0.8888888888888888,0.0,0.0,0.0
64,13,40,41,8,4,0,6,0,2.4,0.0,0.0,0.0
64,13,40,41,9,1,0,7,0,0.875,0.0,0.0,0.0
64,13,40,41,10,2,0,7,0,1.5555555555555556,0.0,0.0,0.0
64,13,40,41,12,4,0,5,0,2.2222222222222223,0.0,0.0,0.0
64,13,40,41,13,1,0,6,0,0.8571428571428571,0.0,0.0,0.0
64,13,40,41,14,3,0,4,0,1.7142857142857142,0.0,0.0,0.0
64,13,40,41,16,2,0,4,0,1.3333333333333333,0.0,0.0,0.0
64,13,40,41,18,3,0,3,0,1.5,0.0,0.0,0.0
64,13,40,41,29,6,4,2,0,1.5,0.6666666666666666,0.0,0.6666666666666666
64,13,40,41,30,5,1,8,0,3.076923076923077,0.2,0.0,0.2
64,13,40,41,31,12,6,14,1,6.461538461538462,0.5,0.07142857142857142,0.4285714285714286
64,13,40,41,32,2,1,30,0,1.875,0.5,0.0,0.5
64,13,40,41,33,12,7,36,0,9.0,0.5833333333333334,0.0,0.5833333333333334
64,13,48,49,4,1,0,12,0,0.9230769230769231,0.0,0.0,0.0
64,13,48,49,10,1,0,16,0,0.9411764705882353,0.0,0.0,0.0
64,13,48,49,13,1,0,13,0,0.9285714285714286,0.0,0.0,0.0
64,13,48,49,15,2,0,9,0,1.6363636363636365,0.0,0.0,0.0
64,13,48,49,33,7,2,1,0,0.875,0.2857142857142857,0.0,0.2857142857142857
64,13,48,49,34,3,0,9,0,2.25,0.0,0.0,0.0
64,13,48,49,35,18,14,13,1,7.548387096774194,0.7777777777777778,0.07692307692307693,0.7008547008547008
64,13,48,49,36,7,0,31,0,5.7105263157894735,0.0,0.0,0.0
64,13,48,49,37,9,5,38,0,7.276595744680851,0.5555555555555556,0.0,0.5555555555555556
64,13,48,49,38,1,0,44,0,0.9777777777777777,0.0,0.0,0.0
64,13,48,49,39,2,0,44,0,1.9130434782608696,0.0,0.0,0.0
64,13,56,57,5,1,0,12,0,0.9230769230769231,0.0,0.0,0.0
64,13,56,57,6,2,0,12,0,1.7142857142857142,0.0,0.0,0.0
64,13,56,57,12,3,0,15,0,2.5,0.0,0.0,0.0
64,13,56,57,13,2,0,14,0,1.75,0.0,0.0,0.0
64,13,56,57,14,3,0,13,0,2.4375,0.0,0.0,0.0
64,13,56,57,31,1,0,3,0,0.75,0.0,0.0,0.0
64,13,56,57,35,1,0,13,0,0.9285714285714286,0.0,0.0,0.0
64,13,56,57,39,2,2,22,0,1.8333333333333333,1.0,0.0,1.0
64,13,56,57,40,1,0,25,0,0.9615384615384616,0.0,0.0,0.0
64,13,56,57,41,10,7,27,0,7.297297297297297,0.7,0.0,0.7
64,13,56,57,42,4,1,35,0,3.58974358974359,0.25,0.0,0.25
64,13,56,57,43,5,3,37,1,4.404761904761905,0.6,0.02702702702702703,0.5729729729729729
64,13,56,57,44,2,0,40,0,1.9047619047619047,0.0,0.0,0.0
64,13,56,57,45,1,1,40,0,0.975609756097561,1.0,0.0,1.0
64,13,64,65,7,1,0,17,0,0.9444444444444444,0.0,0.0,0.0
64,13,64,65,8,1,0,18,0,0.9473684210526315,0.0,0.0,0.0
64,13,64,65,9,1,0,19,0,0.95,0.0,0.0,0.0
64,13,64,65,10,1,0,21,0,0.9545454545454546,0.0,0.0,0.0
64,13,64,65,11,1,0,21,0,0.9545454545454546,0.0,0.0,0.0
64,13,64,65,12,2,0,21,0,1.826086956521739,0.0,0.0,0.0
64,13,64,65,13,2,0,21,0,1.826086956521739,0.0,0.0,0.0
64,13,64,65,14,6,0,18,0,4.5,0.0,0.0,0.0
64,13,64,65,15,1,0,17,0,0.9444444444444444,0.0,0.0,0.0
64,13,64,65,16,5,0,14,0,3.6842105263157894,0.0,0.0,0.0
64,13,64,65,17,3,0,13,0,2.4375,0.0,0.0,0.0
64,13,64,65,18,6,0,10,0,3.75,0.0,0.0,0.0
64,13,64,65,19,3,0,10,0,2.3076923076923075,0.0,0.0,0.0
64,13,64,65,20,9,0,4,0,2.769230769230769,0.0,0.0,0.0
64,13,64,65,22,3,1,2,0,1.2,0.3333333333333333,0.0,0.3333333333333333
64,13,64,65,23,2,0,1,0,0.6666666666666666,0.0,0.0,0.0
64,13,64,65,26,4,0,1,0,0.8,0.0,0.0,0.0
64,13,64,65,27,3,0,1,0,0.75,0.0,0.0,0.0
64,13,64,65,28,3,0,1,0,0.75,0.0,0.0,0.0
64,13,64,65,29,2,0,2,0,1.0,0.0,0.0,0.0
64,13,64,65,30,2,0,2,0,1.0,0.0,0.0,0.0
64,13,64,65,31,1,0,4,0,0.8,0.0,0.0,0.0
64,13,64,65,32,1,0,6,0,0.8571428571428571,0.0,0.0,0.0
64,13,64,65,45,3,3,28,0,2.7096774193548385,1.0,0.0,1.0
64,13,64,65,47,5,1,29,0,4.264705882352941,0.2,0.0,0.2
64,13,64,65,49,2,2,33,0,1.8857142857142857,1.0,0.0,1.0
64,13,64,65,50,2,1,34,0,1.8888888888888888,0.5,0.0,0.5
64,13,64,65,52,2,0,38,0,1.9,0.0,0.0,0.0
64,13,72,73,13,1,0,29,0,0.9666666666666667,0.0,0.0,0.0
64,13,72,73,14,1,0,31,0,0.96875,0.0,0.0,0.0
64,13,72,73,15,2,0,31,0,1.878787878787879,0.0,0.0,0.0
64,13,72,73,16,7,0,28,0,5.6,0.0,0.0,0.0
64,13,72,73,17,4,0,29,0,3.515151515151515,0.0,0.0,0.0
64,13,72,73,18,8,0,28,0,6.222222222222222,0.0,0.0,0.0
64,13,72,73,19,5,0,29,0,4.264705882352941,0.0,0.0,0.0
64,13,72,73,20,8,0,25,0,6.0606060606060606,0.0,0.0,0.0
64,13,72,73,21,3,0,25,0,2.6785714285714284,0.0,0.0,0.0
64,13,72,73,22,4,0,22,0,3.3846153846153846,0.0,0.0,0.0
64,13,72,73,23,3,0,22,0,2.64,0.0,0.0,0.0
64,13,72,73,24,12,0,13,0,6.24,0.0,0.0,0.0
64,13,72,73,25,3,0,15,0,2.5,0.0,0.0,0.0
64,13,72,73,26,10,0,9,0,4.7368421052631575,0.0,0.0,0.0
64,13,72,73,27,2,0,12,0,1.7142857142857142,0.0,0.0,0.0
64,13,72,73,28,8,0,8,0,4.0,0.0,0.0,0.0
64,13,72,73,29,3,0,7,0,2.1,0.0,0.0,0.0
64,13,72,73,30,1,0,5,0,0.8333333333333334,0.0,0.0,0.0
64,13,72,73,31,1,0,5,0,0.8333333333333334,0.0,0.0,0.0
64,13,72,73,32,1,0,7,0,0.875,0.0,0.0,0.0
64,13,72,73,33,1,0,7,0,0.875,0.0,0.0,0.0
64,13,72,73,46,1,0,28,0,0.9655172413793104,0.0,0.0,0.0
64,13,72,73,47,1,0,30,0,0.967741935483871,0.0,0.0,0.0
64,13,72,73,49,2,0,30,0,1.875,0.0,0.0,0.0
64,13,72,73,53,3,0,41,0,2.7954545454545454,0.0,0.0,0.0
64,13,80,81,20,2,0,40,0,1.9047619047619047,0.0,0.0,0.0
64,13,80,81,21,2,0,37,0,1.8974358974358974,0.0,0.0,0.0
64,13,80,81,22,2,0,34,0,1.8888888888888888,0.0,0.0,0.0
64,13,80,81,23,1,0,32,0,0.9696969696969697,0.0,0.0,0.0
64,13,80,81,24,2,0,29,0,1.8709677419354838,0.0,0.0,0.0
64,13,80,81,26,2,0,27,0,1.8620689655172413,0.0,0.0,0.0
64,13,80,81,28,2,0,24,0,1.8461538461538463,0.0,0.0,0.0
64,13,80,81,29,1,0,21,0,0.9545454545454546,0.0,0.0,0.0
64,13,80,81,30,1,0,16,0,0.9411764705882353,0.0,0.0,0.0
64,13,80,81,31,2,0,13,0,1.7333333333333334,0.0,0.0,0.0
64,13,80,81,44,1,0,29,0,0.9666666666666667,0.0,0.0,0.0
64,13,80,81,53,3,0,41,0,2.7954545454545454,0.0,0.0,0.0
64,13,80,81,55,1,0,45,0,0.9782608695652174,0.0,0.0,0.0
64,13,80,81,56,1,0,46,0,0.9787234042553191,0.0,0.0,0.0
64,13,80,81,57,1,0,43,0,0.9772727272727273,0.0,0.0,0.0
64,13,80,81,58,1,1,40,0,0.975609756097561,1.0,0.0,1.0
64,13,80,81,59,2,2,39,0,1.9024390243902438,1.0,0.0,1.0
64,13,80,81,60,1,0,38,0,0.9743589743589743,0.0,0.0,0.0
64,13,80,81,61,3,1,35,0,2.763157894736842,0.3333333333333333,0.0,0.3333333333333333
64,13,80,81,62,1,0,34,0,0.9714285714285714,0.0,0.0,0.0
64,13,80,81,63,1,0,32,0,0.9696969696969697,0.0,0.0,0.0
64,13,80,81,65,2,1,26,0,1.8571428571428572,0.5,0.0,0.5
64,13,88,89,22,2,0,38,0,1.9,0.0,0.0,0.0
64,13,88,89,23,1,0,38,0,0.9743589743589743,0.0,0.0,0.0
64,13,88,89,25,1,0,36,0,0.972972972972973,0.0,0.0,0.0
64,13,88,89,26,1,0,35,0,0.9722222222222222,0.0,0.0,0.0
64,13,88,89,27,1,0,34,0,0.9714285714285714,0.0,0.0,0.0
64,13,88,89,28,1,0,32,0,0.9696969696969697,0.0,0.0,0.0
64,13,88,89,32,1,0,20,0,0.9523809523809523,0.0,0.0,0.0
64,13,88,89,35,1,0,18,0,0.9473684210526315,0.0,0.0,0.0
64,13,88,89,37,1,0,20,0,0.9523809523809523,0.0,0.0,0.0
64,13,88,89,38,1,0,21,0,0.9545454545454546,0.0,0.0,0.0
64,13,88,89,39,1,0,22,0,0.9565217391304348,0.0,0.0,0.0
64,13,88,89,40,1,0,24,0,0.96,0.0,0.0,0.0
64,13,88,89,41,1,0,26,0,0.9629629629629629,0.0,0.0,0.0
64,13,88,89,42,1,0,27,0,0.9642857142857143,0.0,0.0,0.0
64,13,88,89,43,2,0,28,0,1.8666666666666667,0.0,0.0,0.0
64,13,88,89,45,1,0,29,0,0.9666666666666667,0.0,0.0,0.0
64,13,88,89,51,1,0,37,0,0.9736842105263158,0.0,0.0,0.0
64,13,88,89,58,1,0,42,0,0.9767441860465116,0.0,0.0,0.0
64,13,88,89,59,1,0,40,0,0.975609756097561,0.0,0.0,0.0
64,13,88,89,60,1,0,38,0,0.9743589743589743,0.0,0.0,0.0
64,13,88,89,61,1,0,36,0,0.972972972972973,0.0,0.0,0.0
64,13,88,89,63,1,0,30,0,0.967741935483871,0.0,0.0,0.0
64,13,88,89,64,1,0,27,0,0.9642857142857143,0.0,0.0,0.0
64,13,88,89,65,1,0,24,0,0.96,0.0,0.0,0.0
64,13,88,89,66,1,0,23,0,0.9583333333333334,0.0,0.0,0.0
64,13,88,89,67,1,0,21,0,0.9545454545454546,0.0,0.0,0.0
64,13,96,97,23,2,0,39,0,1.9024390243902438,0.0,0.0,0.0
64,13,96,97,24,1,0,38,0,0.9743589743589743,0.0,0.0,0.0
64,13,96,97,25,1,0,38,0,0.9743589743589743,0.0,0.0,0.0
64,13,96,97,26,1,0,37,0,0.9736842105263158,0.0,0.0,0.0
64,13,96,97,27,1,0,36,0,0.972972972972973,0.0,0.0,0.0
64,13,96,97,28,2,0,33,0,1.8857142857142857,0.0,0.0,0.0
64,13,96,97,30,4,0,24,0,3.4285714285714284,0.0,0.0,0.0
64,13,96,97,32,3,0,23,0,2.6538461538461537,0.0,0.0,0.0
64,13,96,97,33,4,0,21,0,3.36,0.0,0.0,0.0
64,13,96,97,34,5,0,21,0,4.038461538461538,0.0,0.0,0.0
64,13,96,97,35,6,0,21,0,4.666666666666667,0.0,0.0,0.0
64,13,96,97,36,5,0,23,0,4.107142857142857,0.0,0.0,0.0
64,13,96,97,37,4,0,23,0,3.4074074074074074,0.0,0.0,0.0
64,13,96,97,38,5,0,22,0,4.074074074074074,0.0,0.0,0.0
64,13,96,97,39,2,0,23,0,1.84,0.0,0.0,0.0
64,13,96,97,40,4,0,25,0,3.4482758620689653,0.0,0.0,0.0
64,13,96,97,41,2,0,27,0,1.8620689655172413,0.0,0.0,0.0
64,13,96,97,42,3,0,28,0,2.7096774193548385,0.0,0.0,0.0
64,13,96,97,43,2,0,29,0,1.8709677419354838,0.0,0.0,0.0
64,13,96,97,44,1,0,30,0,0.967741935483871,0.0,0.0,0.0
64,13,96,97,45,1,0,29,0,0.9666666666666667,0.0,0.0,0.0
64,13,96,97,51,1,0,37,0,0.9736842105263158,0.0,0.0,0.0
64,13,104,105,23,1,0,40,0,0.975609756097561,0.0,0.0,0.0
64,13,104,105,24,3,0,39,0,2.7857142857142856,0.0,0.0,0.0
64,13,104,105,25,3,0,39,0,2.7857142857142856,0.0,0.0,0.0
64,13,104,105,26,3,0,38,0,2.7804878048780486,0.0,0.0,0.0
64,13,104,105,27,3,0,37,0,2.775,0.0,0.0,0.0
64,13,104,105,28,2,0,36,0,1.894736842105263,0.0,0.0,0.0
64,13,104,105,29,3,0,33,0,2.75,0.0,0.0,0.0
64,13,104,105,30,3,0,28,0,2.7096774193548385,0.0,0.0,0.0
64,13,104,105,31,1,0,27,0,0.9642857142857143,0.0,0.0,0.0
64,13,104,105,32,3,0,27,0,2.7,0.0,0.0,0.0
64,13,104,105,33,6,0,25,0,4.838709677419355,0.0,0.0,0.0
64,13,104,105,34,5,0,27,0,4.21875,0.0,0.0,0.0
64,13,104,105,35,6,0,25,0,4.838709677419355,0.0,0.0,0.0
64,13,104,105,36,5,0,25,0,4.166666666666667,0.0,0.0,0.0
64,13,104,105,37,3,0,26,0,2.689655172413793,0.0,0.0,0.0
64,13,104,105,38,5,0,24,0,4.137931034482759,0.0,0.0,0.0
64,13,104,105,39,4,0,25,0,3.4482758620689653,0.0,0.0,0.0
64,13,104,105,40,6,0,26,0,4.875,0.0,0.0,0.0
64,13,104,105,41,4,0,29,0,3.515151515151515,0.0,0.0,0.0
64,13,104,105,42,4,0,30,0,3.5294117647058822,0.0,0.0,0.0
64,13,104,105,43,2,0,32,0,1.8823529411764706,0.0,0.0,0.0
64,13,104,105,44,3,0,32,0,2.742857142857143,0.0,0.0,0.0
64,13,104,105,45,2,0,32,0,1.8823529411764706,0.0,0.0,0.0
64,13,104,105,46,2,0,30,0,1.875,0.0,0.0,0.0
64,13,104,105,48,1,0,32,0,0.9696969696969697,0.0,0.0,0.0
64,13,104,105,49,3,0,32,0,2.742857142857143,0.0,0.0,0.0
64,13,112,113,24,1,0,42,0,0.9767441860465116,0.0,0.0,0.0
64,13,112,113,25,3,0,42,0,2.8,0.0,0.0,0.0
64,13,112,113,26,3,0,41,0,2.7954545454545454,0.0,0.0,0.0
64,13,112,113,27,3,0,40,0,2.7906976744186047,0.0,0.0,0.0
64,13,112,113,28,3,0,38,0,2.7804878048780486,0.0,0.0,0.0
64,13,112,113,29,2,0,36,0,1.894736842105263,0.0,0.0,0.0
64,13,112,113,30,3,0,31,0,2.735294117647059,0.0,0.0,0.0
64,13,112,113,31,2,0,30,0,1.875,0.0,0.0,0.0
64,13,112,113,32,3,0,29,0,2.71875,0.0,0.0,0.0
64,13,112,113,33,1,0,32,0,0.9696969696969697,0.0,0.0,0.0
64,13,112,113,34,5,0,33,0,4.342105263157895,0.0,0.0,0.0
64,13,112,113,35,4,0,32,0,3.5555555555555554,0.0,0.0,0.0
64,13,112,113,36,6,0,29,0,4.9714285714285715,0.0,0.0,0.0
64,13,112,113,37,7,0,30,0,5.675675675675675,0.0,0.0,0.0
64,13,112,113,38,6,0,31,0,5.027027027027027,0.0,0.0,0.0
64,13,112,113,39,3,0,34,0,2.7567567567567566,0.0,0.0,0.0
64,13,112,113,40,3,0,36,0,2.769230769230769,0.0,0.0,0.0
64,13,112,113,41,3,0,36,0,2.769230769230769,0.0,0.0,0.0
64,13,112,113,42,3,0,35,0,2.763157894736842,0.0,0.0,0.0
64,13,112,113,43,2,0,36,0,1.894736842105263,0.0,0.0,0.0
64,13,112,113,44,3,0,35,0,2.763157894736842,0.0,0.0,0.0
64,13,112,113,45,1,0,34,0,0.9714285714285714,0.0,0.0,0.0
64,13,112,113,46,2,0,32,0,1.8823529411764706,0.0,0.0,0.0
64,13,112,113,47,2,0,33,0,1.8857142857142857,0.0,0.0,0.0
64,13,112,113,48,1,0,34,0,0.9714285714285714,0.0,0.0,0.0
64,13,112,113,49,1,0,34,0,0.9714285714285714,0.0,0.0,0.0
64,13,120,121,24,1,0,42,0,0.9767441860465116,0.0,0.0,0.0
64,13,120,121,25,1,0,44,0,0.9777777777777777,0.0,0.0,0.0
64,13,120,121,26,1,0,45,0,0.9782608695652174,0.0,0.0,0.0
64,13,120,121,27,1,0,45,0,0.9782608695652174,0.0,0.0,0.0
64,13,120,121,29,1,0,43,0,0.9772727272727273,0.0,0.0,0.0
64,13,120,121,30,1,0,39,0,0.975,0.0,0.0,0.0
64,13,120,121,31,1,0,38,0,0.9743589743589743,0.0,0.0,0.0
64,13,120,121,32,2,0,38,0,1.9,0.0,0.0,0.0
64,13,120,121,33,2,0,40,0,1.9047619047619047,0.0,0.0,0.0
64,13,120,121,34,2,0,43,0,1.9111111111111112,0.0,0.0,0.0
64,13,120,121,35,4,0,41,0,3.6444444444444444,0.0,0.0,0.0
64,13,120,121,36,6,0,39,0,5.2,0.0,0.0,0.0
64,13,120,121,37,7,0,39,0,5.934782608695652,0.0,0.0,0.0
64,13,120,121,38,4,0,39,0,3.627906976744186,0.0,0.0,0.0
64,13,120,121,39,1,0,39,0,0.975,0.0,0.0,0.0
64,13,120,121,40,2,0,39,0,1.9024390243902438,0.0,0.0,0.0
64,13,120,121,42,1,0,40,0,0.975609756097561,0.0,0.0,0.0
64,13,120,121,43,1,0,39,0,0.975,0.0,0.0,0.0
64,13,120,121,45,1,0,37,0,0.9736842105263158,0.0,0.0,0.0
64,13,120,121,46,1,0,36,0,0.972972972972973,0.0,0.0,0.0
64,13,120,121,47,1,0,37,0,0.9736842105263158,0.0,0.0,0.0
64,13,120,121,48,1,0,37,0,0.9736842105263158,0.0,0.0,0.0
64,13,128,129,25,1,0,45,0,0.9782608695652174,0.0,0.0,0.0
64,13,128,129,26,1,0,46,0,0.9787234042553191,0.0,0.0,0.0
64,13,128,129,27,1,0,46,0,0.9787234042553191,0.0,0.0,0.0
64,13,128,129,29,1,0,44,0,0.9777777777777777,0.0,0.0,0.0
64,13,128,129,31,1,0,40,0,0.975609756097561,0.0,0.0,0.0
64,13,128,129,32,1,0,41,0,0.9761904761904762,0.0,0.0,0.0
64,13,128,129,33,1,0,43,0,0.9772727272727273,0.0,0.0,0.0
64,13,128,129,34,3,0,46,0,2.816326530612245,0.0,0.0,0.0
64,13,128,129,35,3,0,47,0,2.82,0.0,0.0,0.0
64,13,128,129,38,3,0,44,0,2.8085106382978724,0.0,0.0,0.0
64,13,128,129,39,3,0,41,0,2.7954545454545454,0.0,0.0,0.0
64,13,128,129,41,1,0,42,0,0.9767441860465116,0.0,0.0,0.0
64,13,128,129,42,1,0,41,0,0.9761904761904762,0.0,0.0,0.0
64,13,128,129,43,1,0,40,0,0.975609756097561,0.0,0.0,0.0
64,13,128,129,45,1,0,38,0,0.9743589743589743,0.0,0.0,0.0
64,13,128,129,46,1,0,37,0,0.9736842105263158,0.0,0.0,0.0
64,13,128,129,47,1,0,38,0,0.9743589743589743,0.0,0.0,0.0
64,13,136,137,27,1,0,48,0,0.9795918367346939,0.0,0.0,0.0
64,13,136,137,29,2,0,46,0,1.9166666666666667,0.0,0.0,0.0
64,13,136,137,31,2,0,43,0,1.9111111111111112,0.0,0.0,0.0
64,14,16,17,14,1,0,2,0,0.6666666666666666,0.0,0.0,0.0
64,14,16,17,15,18,13,5,0,3.9130434782608696,0.7222222222222222,0.0,0.7222222222222222
64,14,24,25,18,1,1,6,0,0.8571428571428571,1.0,0.0,1.0
64,14,24,25,19,7,5,8,0,3.7333333333333334,0.7142857142857143,0.0,0.7142857142857143
64,14,24,25,20,3,1,16,0,2.526315789473684,0.3333333333333333,0.0,0.3333333333333333
64,14,24,25,21,17,12,20,0,9.18918918918919,0.7058823529411765,0.0,0.7058823529411765
64,14,32,33,19,2,1,1,0,0.6666666666666666,0.5,0.0,0.5
64,14,32,33,20,3,0,3,0,1.5,0.0,0.0,0.0
64,14,32,33,21,3,2,6,0,2.0,0.6666666666666666,0.0,0.6666666666666666
64,14,32,33,23,2,2,11,0,1.6923076923076923,1.0,0.0,1.0
64,14,32,33,24,1,1,12,0,0.9230769230769231,1.0,0.0,1.0
64,14,32,33,25,3,2,13,0,2.4375,0.6666666666666666,0.0,0.6666666666666666
64,14,32,33,26,3,1,15,0,2.5,0.3333333333333333,0.0,0.3333333333333333
64,14,32,33,27,21,19,16,1,9.08108108108108,0.9047619047619048,0.0625,0.8422619047619048
64,14,40,41,13,4,0,1,0,0.8,0.0,0.0,0.0
64,14,40,41,18,1,0,9,0,0.9,0.0,0.0,0.0
64,14,40,41,19,2,0,8,0,1.6,0.0,0.0,0.0
64,14,40,41,20,2,0,7,0,1.5555555555555556,0.0,0.0,0.0
64,14,40,41,21,2,0,6,0,1.5,0.0,0.0,0.0
64,14,40,41,23,3,1,6,0,2.0,0.3333333333333333,0.0,0.3333333333333333
64,14,40,41,24,2,0,6,0,1.5,0.0,0.0,0.0
64,14,40,41,25,12,6,3,0,2.4,0.5,0.0,0.5
64,14,40,41,26,3,0,10,0,2.3076923076923075,0.0,0.0,0.0
64,14,40,41,27,7,3,9,0,3.9375,0.42857142857142855,0.0,0.42857142857142855
64,14,40,41,31,3,2,9,0,2.25,0.6666666666666666,0.0,0.6666666666666666
64,14,40,41,32,1,0,12,0,0.9230769230769231,0.0,0.0,0.0
64,14,40,41,33,6,5,15,0,4.285714285714286,0.8333333333333334,0.0,0.8333333333333334
64,14,48,49,1,1,0,1,0,0.5,0.0,0.0,0.0
64,14,48,49,2,2,0,2,0,1.0,0.0,0.0,0.0
64,14,48,49,3,1,0,4,0,0.8,0.0,0.0,0.0
64,14,48,49,4,2,0,5,0,1.4285714285714286,0.0,0.0,0.0
64,14,48,49,5,1,0,6,0,0.8571428571428571,0.0,0.0,0.0
64,14,48,49,6,4,0,4,0,2.0,0.0,0.0,0.0
64,14,48,49,7,1,0,5,0,0.8333333333333334,0.0,0.0,0.0
64,14,48,49,8,3,0,5,0,1.875,0.0,0.0,0.0
64,14,48,49,9,1,0,7,0,0.875,0.0,0.0,0.0
64,14,48,49,10,2,0,8,0,1.6,0.0,0.0,0.0
64,14,48,49,12,4,0,11,0,2.933333333333333,0.0,0.0,0.0
64,14,48,49,13,2,0,12,0,1.7142857142857142,0.0,0.0,0.0
64,14,48,49,14,2,0,11,0,1.6923076923076923,0.0,0.0,0.0
64,14,48,49,15,1,0,12,0,0.9230769230769231,0.0,0.0,0.0
64,14,48,49,16,4,0,9,0,2.769230769230769,0.0,0.0,0.0
64,14,48,49,17,1,0,9,0,0.9,0.0,0.0,0.0
64,14,48,49,30,3,0,5,0,1.875,0.0,0.0,0.0
64,14,48,49,31,7,5,6,0,3.230769230769231,0.7142857142857143,0.0,0.7142857142857143
64,14,48,49,32,1,0,11,0,0.9166666666666666,0.0,0.0,0.0
64,14,48,49,33,3,0,7,0,2.1,0.0,0.0,0.0
64,14,48,49,34,1,0,6,0,0.8571428571428571,0.0,0.0,0.0
64,14,48,49,35,6,3,6,0,3.0,0.5,0.0,0.5
64,14,48,49,36,2,0,11,0,1.6923076923076923,0.0,0.0,0.0
64,14,48,49,37,13,8,11,0,5.958333333333333,0.6153846153846154,0.0,0.6153846153846154
64,14,48,49,38,2,0,23,0,1.84,0.0,0.0,0.0
64,14,48,49,39,4,2,24,0,3.4285714285714284,0.5,0.0,0.5
64,14,56,57,6,3,0,16,0,2.526315789473684,0.0,0.0,0.0
64,14,56,57,7,2,0,15,0,1.7647058823529411,0.0,0.0,0.0
64,14,56,57,9,1,0,15,0,0.9375,0.0,0.0,0.0
64,14,56,57,11,1,0,17,0,0.9444444444444444,0.0,0.0,0.0
64,14,56,57,12,1,0,18,0,0.9473684210526315,0.0,0.0,0.0
64,14,56,57,18,1,0,19,0,0.95,0.0,0.0,0.0
64,14,56,57,19,2,0,17,0,1.7894736842105263,0.0,0.0,0.0
64,14,56,57,20,2,0,16,0,1.7777777777777777,0.0,0.0,0.0
64,14,56,57,21,4,0,13,0,3.0588235294117645,0.0,0.0,0.0
64,14,56,57,33,5,2,3,0,1.875,0.4,0.0,0.4
64,14,56,57,34,2,0,2,0,1.0,0.0,0.0,0.0
64,14,56,57,35,3,1,1,0,0.75,0.3333333333333333,0.0,0.3333333333333333
64,14,56,57,37,2,1,1,0,0.6666666666666666,0.5,0.0,0.5
64,14,56,57,39,2,2,1,1,0.6666666666666666,1.0,1.0,0.0
64,14,56,57,41,6,6,1,1,0.8571428571428571,1.0,1.0,0.0
64,14,56,57,42,3,1,4,0,1.7142857142857142,0.3333333333333333,0.0,0.3333333333333333
64,14,56,57,43,17,13,4,1,3.238095238095238,0.7647058823529411,0.25,0.5147058823529411
64,14,56,57,44,4,0,17,0,3.238095238095238,0.0,0.0,0.0
64,14,56,57,45,12,7,16,0,6.857142857142857,0.5833333333333334,0.0,0.5833333333333334
64,14,64,65,14,1,0,19,0,0.95,0.0,0.0,0.0
64,14,64,65,15,1,0,20,0,0.9523809523809523,0.0,0.0,0.0
64,14,64,65,16,1,0,20,0,0.9523809523809523,0.0,0.0,0.0
64,14,64,65,24,1,0,23,0,0.9583333333333334,0.0,0.0,0.0
64,14,64,65,25,5,0,18,0,3.9130434782608696,0.0,0.0,0.0
64,14,64,65,26,5,0,13,0,3.611111111111111,0.0,0.0,0.0
64,14,64,65,27,7,0,9,0,3.9375,0.0,0.0,0.0
64,14,64,65,28,1,0,8,0,0.8888888888888888,0.0,0.0,0.0
64,14,64,65,29,2,0,7,0,1.5555555555555556,0.0,0.0,0.0
64,14,64,65,34,1,0,6,0,0.8571428571428571,0.0,0.0,0.0
64,14,64,65,35,3,0,4,0,1.7142857142857142,0.0,0.0,0.0
64,14,64,65,36,1,0,4,0,0.8,0.0,0.0,0.0
64,14,64,65,37,4,0,2,0,1.3333333333333333,0.0,0.0,0.0
64,14,64,65,38,1,0,3,0,0.75,0.0,0.0,0.0
64,14,64,65,48,1,0,1,0,0.5,0.0,0.0,0.0
64,14,64,65,49,9,7,1,0,0.9,0.7777777777777778,0.0,0.7777777777777778
64,14,64,65,50,1,1,7,0,0.875,1.0,0.0,1.0
64,14,64,65,51,3,2,5,0,1.875,0.6666666666666666,0.0,0.6666666666666666
64,14,72,73,15,2,0,21,0,1.826086956521739,0.0,0.0,0.0
64,14,72,73,16,2,0,21,0,1.826086956521739,0.0,0.0,0.0
64,14,72,73,17,2,0,21,0,1.826086956521739,0.0,0.0,0.0
64,14,72,73,18,2,0,21,0,1.826086956521739,0.0,0.0,0.0
64,14,72,73,19,2,0,21,0,1.826086956521739,0.0,0.0,0.0
64,14,72,73,20,2,0,22,0,1.8333333333333333,0.0,0.0,0.0
64,14,72,73,21,2,0,23,0,1.84,0.0,0.0,0.0
64,14,72,73,22,3,0,24,0,2.6666666666666665,0.0,0.0,0.0
64,14,72,73,23,2,0,25,0,1.8518518518518519,0.0,0.0,0.0
64,14,72,73,24,2,0,24,0,1.8461538461538463,0.0,0.0,0.0
64,14,72,73,33,6,0,7,0,3.230769230769231,0.0,0.0,0.0
64,14,72,73,35,1,0,8,0,0.8888888888888888,0.0,0.0,0.0
64,14,72,73,37,1,0,10,0,0.9090909090909091,0.0,0.0,0.0
64,14,72,73,39,3,0,9,0,2.25,0.0,0.0,0.0
64,14,72,73,40,1,0,9,0,0.9,0.0,0.0,0.0
64,14,72,73,41,2,0,8,0,1.6,0.0,0.0,0.0
64,14,72,73,42,1,0,8,0,0.8888888888888888,0.0,0.0,0.0
64,14,72,73,43,3,0,6,0,2.0,0.0,0.0,0.0
64,14,72,73,44,2,0,6,0,1.5,0.0,0.0,0.0
64,14,72,73,45,4,0,3,0,1.7142857142857142,0.0,0.0,0.0
64,14,72,73,46,2,0,1,0,0.6666666666666666,0.0,0.0,0.0
64,14,72,73,55,2,1,1,0,0.6666666666666666,0.5,0.0,0.5
64,14,80,81,16,2,0,23,0,1.84,0.0,0.0,0.0
64,14,80,81,17,1,0,24,0,0.96,0.0,0.0,0.0
64,14,80,81,18,2,0,24,0,1.8461538461538463,0.0,0.0,0.0
64,14,80,81,19,2,0,24,0,1.8461538461538463,0.0,0.0,0.0
64,14,80,81,20,2,0,25,0,1.8518518518518519,0.0,0.0,0.0
64,14,80,81,21,2,0,26,0,1.8571428571428572,0.0,0.0,0.0
64,14,80,81,22,3,0,27,0,2.7,0.0,0.0,0.0
64,14,80,81,23,1,0,29,0,0.9666666666666667,0.0,0.0,0.0
64,14,80,81,24,3,0,27,0,2.7,0.0,0.0,0.0
64,14,80,81,25,1,0,28,0,0.9655172413793104,0.0,0.0,0.0
64,14,80,81,26,3,0,26,0,2.689655172413793,0.0,0.0,0.0
64,14,80,81,27,2,0,24,0,1.8461538461538463,0.0,0.0,0.0
64,14,80,81,28,2,0,21,0,1.826086956521739,0.0,0.0,0.0
64,14,80,81,56,1,0,1,0,0.5,0.0,0.0,0.0
64,14,80,81,57,1,0,2,0,0.6666666666666666,0.0,0.0,0.0
64,14,80,81,58,1,0,3,0,0.75,0.0,0.0,0.0
64,14,80,81,59,2,1,4,0,1.3333333333333333,0.5,0.0,0.5
64,14,80,81,60,1,0,6,0,0.8571428571428571,0.0,0.0,0.0
64,14,80,81,61,1,0,7,0,0.875,0.0,0.0,0.0
64,14,80,81,62,1,0,8,0,0.8888888888888888,0.0,0.0,0.0
64,14,80,81,63,2,0,9,0,1.6363636363636365,0.0,0.0,0.0
64,14,88,89,20,2,0,32,0,1.8823529411764706,0.0,0.0,0.0
64,14,88,89,22,4,0,35,0,3.58974358974359,0.0,0.0,0.0
64,14,88,89,24,4,0,36,0,3.6,0.0,0.0,0.0
64,14,88,89,26,2,0,36,0,1.894736842105263,0.0,0.0,0.0
64,14,88,89,28,2,0,32,0,1.8823529411764706,0.0,0.0,0.0
64,14,88,89,29,1,0,28,0,0.9655172413793104,0.0,0.0,0.0
64,14,88,89,30,1,0,24,0,0.96,0.0,0.0,0.0
64,14,88,89,32,2,0,16,0,1.7777777777777777,0.0,0.0,0.0
64,14,88,89,56,1,0,1,0,0.5,0.0,0.0,0.0
64,14,88,89,57,1,0,2,0,0.6666666666666666,0.0,0.0,0.0
64,14,88,89,58,1,0,3,0,0.75,0.0,0.0,0.0
64,14,88,89,59,1,0,4,0,0.8,0.0,0.0,0.0
64,14,88,89,60,1,0,5,0,0.8333333333333334,0.0,0.0,0.0
64,14,88,89,61,1,0,6,0,0.8571428571428571,0.0,0.0,0.0
64,14,88,89,62,1,0,7,0,0.875,0.0,0.0,0.0
64,14,88,89,63,1,0,8,0,0.8888888888888888,0.0,0.0,0.0
64,14,88,89,64,1,0,9,0,0.9,0.0,0.0,0.0
64,14,88,89,65,1,0,10,0,0.9090909090909091,0.0,0.0,0.0
64,14,88,89,66,1,0,10,0,0.9090909090909091,0.0,0.0,0.0
64,14,88,89,67,1,0,10,0,0.9090909090909091,0.0,0.0,0.0
64,14,88,89,68,1,0,10,0,0.9090909090909091,0.0,0.0,0.0
64,14,88,89,69,1,0,10,0,0.9090909090909091,0.0,0.0,0.0
64,14,88,89,70,1,0,10,0,0.9090909090909091,0.0,0.0,0.0
64,14,96,97,30,1,0,25,0,0.9615384615384616,0.0,0.0,0.0
64,14,96,97,57,2,1,1,0,0.6666666666666666,0.5,0.0,0.5
64,14,96,97,58,1,0,2,0,0.6666666666666666,0.0,0.0,0.0
64,14,96,97,59,1,1,3,0,0.75,1.0,0.0,1.0
64,14,96,97,60,1,0,4,0,0.8,0.0,0.0,0.0
64,14,96,97,61,1,1,5,0,0.8333333333333334,1.0,0.0,1.0
64,14,96,97,62,1,0,6,0,0.8571428571428571,0.0,0.0,0.0
64,14,96,97,63,1,0,7,0,0.875,0.0,0.0,0.0
64,14,96,97,64,1,0,8,0,0.8888888888888888,0.0,0.0,0.0
64,14,96,97,65,1,0,9,0,0.9,0.0,0.0,0.0
64,14,96,97,66,1,0,9,0,0.9,0.0,0.0,0.0
64,14,96,97,67,1,0,9,0,0.9,0.0,0.0,0.0
64,14,96,97,68,1,0,9,0,0.9,0.0,0.0,0.0
64,14,96,97,69,1,0,9,0,0.9,0.0,0.0,0.0
64,14,96,97,70,1,0,9,0,0.9,0.0,0.0,0.0
64,14,96,97,71,1,0,9,0,0.9,0.0,0.0,0.0
64,14,104,105,31,1,0,22,0,0.9565217391304348,0.0,0.0,0.0
64,14,104,105,32,1,0,18,0,0.9473684210526315,0.0,0.0,0.0
64,14,104,105,54,1,0,1,0,0.5,0.0,0.0,0.0
64,14,104,105,55,1,0,1,0,0.5,0.0,0.0,0.0
64,14,104,105,56,1,0,1,0,0.5,0.0,0.0,0.0
64,14,104,105,57,1,0,1,0,0.5,0.0,0.0,0.0
64,14,104,105,58,2,0,1,0,0.6666666666666666,0.0,0.0,0.0
64,14,104,105,59,2,1,2,0,1.0,0.5,0.0,0.5
64,14,104,105,60,1,0,3,0,0.75,0.0,0.0,0.0
64,14,104,105,61,2,1,3,0,1.2,0.5,0.0,0.5
64,14,104,105,62,2,0,4,0,1.3333333333333333,0.0,0.0,0.0
64,14,104,105,63,3,2,5,0,1.875,0.6666666666666666,0.0,0.6666666666666666
64,14,104,105,64,1,0,7,0,0.875,0.0,0.0,0.0
64,14,104,105,65,3,1,7,0,2.1,0.3333333333333333,0.0,0.3333333333333333
64,14,104,105,66,2,0,8,0,1.6,0.0,0.0,0.0
64,14,104,105,67,3,1,7,0,2.1,0.3333333333333333,0.0,0.3333333333333333
64,14,104,105,68,1,0,7,0,0.875,0.0,0.0,0.0
64,14,104,105,69,3,1,7,0,2.1,0.3333333333333333,0.0,0.3333333333333333
64,14,104,105,70,1,0,8,0,0.8888888888888888,0.0,0.0,0.0
64,14,104,105,71,1,0,8,0,0.8888888888888888,0.0,0.0,0.0
64,14,104,105,72,1,0,8,0,0.8888888888888888,0.0,0.0,0.0
64,14,112,113,32,2,0,19,0,1.8095238095238095,0.0,0.0,0.0
64,14,112,113,33,2,0,17,0,1.7894736842105263,0.0,0.0,0.0
64,14,112,113,34,2,0,15,0,1.7647058823529411,0.0,0.0,0.0
64,14,112,113,35,2,0,14,0,1.75,0.0,0.0,0.0
64,14,112,113,36,3,0,13,0,2.4375,0.0,0.0,0.0
64,14,112,113,37,2,0,14,0,1.75,0.0,0.0,0.0
64,14,112,113,38,2,0,14,0,1.75,0.0,0.0,0.0
64,14,112,113,39,1,0,14,0,0.9333333333333333,0.0,0.0,0.0
64,14,112,113,40,1,0,13,0,0.9285714285714286,0.0,0.0,0.0
64,14,112,113,41,1,0,13,0,0.9285714285714286,0.0,0.0,0.0
64,14,112,113,42,1,0,13,0,0.9285714285714286,0.0,0.0,0.0
64,14,112,113,43,1,0,13,0,0.9285714285714286,0.0,0.0,0.0
64,14,112,113,54,1,0,1,0,0.5,0.0,0.0,0.0
64,14,112,113,55,1,0,1,0,0.5,0.0,0.0,0.0
64,14,112,113,56,1,0,1,0,0.5,0.0,0.0,0.0
64,14,112,113,57,1,0,1,0,0.5,0.0,0.0,0.0
64,14,112,113,58,1,0,1,0,0.5,0.0,0.0,0.0
64,14,112,113,59,1,0,1,0,0.5,0.0,0.0,0.0
64,14,112,113,60,1,0,1,0,0.5,0.0,0.0,0.0
64,14,112,113,61,1,0,1,0,0.5,0.0,0.0,0.0
64,14,112,113,62,1,0,1,0,0.5,0.0,0.0,0.0
64,14,112,113,63,1,0,1,0,0.5,0.0,0.0,0.0
64,14,112,113,64,1,0,1,0,0.5,0.0,0.0,0.0
64,14,112,113,65,2,1,1,0,0.6666666666666666,0.5,0.0,0.5
64,14,112,113,66,1,0,1,0,0.5,0.0,0.0,0.0
64,14,112,113,67,1,0,1,0,0.5,0.0,0.0,0.0
64,14,112,113,68,1,0,1,0,0.5,0.0,0.0,0.0
64,14,112,113,76,1,0,1,0,0.5,0.0,0.0,0.0
64,14,112,113,77,3,3,1,1,0.75,1.0,1.0,0.0
64,14,120,121,32,2,0,19,0,1.8095238095238095,0.0,0.0,0.0
64,14,120,121,33,2,0,17,0,1.7894736842105263,0.0,0.0,0.0
64,14,120,121,34,2,0,15,0,1.7647058823529411,0.0,0.0,0.0
64,14,120,121,35,2,0,14,0,1.75,0.0,0.0,0.0
64,14,120,121,36,2,0,14,0,1.75,0.0,0.0,0.0
64,14,120,121,37,2,0,15,0,1.7647058823529411,0.0,0.0,0.0
64,14,120,121,38,2,0,15,0,1.7647058823529411,0.0,0.0,0.0
64,14,120,121,39,2,0,15,0,1.7647058823529411,0.0,0.0,0.0
64,14,120,121,40,2,0,14,0,1.75,0.0,0.0,0.0
64,14,120,121,41,2,0,14,0,1.75,0.0,0.0,0.0
64,14,120,121,42,2,0,14,0,1.75,0.0,0.0,0.0
64,14,120,121,43,2,0,14,0,1.75,0.0,0.0,0.0
64,14,120,121,44,2,0,14,0,1.75,0.0,0.0,0.0
64,14,120,121,45,2,0,13,0,1.7333333333333334,0.0,0.0,0.0
64,14,120,121,46,2,0,11,0,1.6923076923076923,0.0,0.0,0.0
64,14,120,121,47,2,0,8,0,1.6,0.0,0.0,0.0
64,14,120,121,55,1,0,2,0,0.6666666666666666,0.0,0.0,0.0
64,14,120,121,56,1,0,2,0,0.6666666666666666,0.0,0.0,0.0
64,14,120,121,57,1,0,2,0,0.6666666666666666,0.0,0.0,0.0
64,14,120,121,58,1,0,2,0,0.6666666666666666,0.0,0.0,0.0
64,14,120,121,59,1,0,2,0,0.6666666666666666,0.0,0.0,0.0
64,14,120,121,60,1,0,2,0,0.6666666666666666,0.0,0.0,0.0
64,14,120,121,61,1,0,2,0,0.6666666666666666,0.0,0.0,0.0
64,14,120,121,62,1,0,2,0,0.6666666666666666,0.0,0.0,0.0
64,14,120,121,63,1,0,2,0,0.6666666666666666,0.0,0.0,0.0
64,14,120,121,64,1,0,2,0,0.6666666666666666,0.0,0.0,0.0
64,14,120,121,65,1,0,2,0,0.6666666666666666,0.0,0.0,0.0
64,14,120,121,66,1,0,2,0,0.6666666666666666,0.0,0.0,0.0
64,14,120,121,67,1,0,2,0,0.6666666666666666,0.0,0.0,0.0
64,14,120,121,68,1,0,2,0,0.6666666666666666,0.0,0.0,0.0
64,14,120,121,69,1,0,1,0,0.5,0.0,0.0,0.0
64,14,128,129,32,2,0,19,0,1.8095238095238095,0.0,0.0,0.0
64,14,128,129,33,2,0,17,0,1.7894736842105263,0.0,0.0,0.0
64,14,128,129,34,2,0,15,0,1.7647058823529411,0.0,0.0,0.0
64,14,128,129,36,2,0,16,0,1.7777777777777777,0.0,0.0,0.0
64,14,128,129,37,2,0,17,0,1.7894736842105263,0.0,0.0,0.0
64,14,128,129,38,2,0,17,0,1.7894736842105263,0.0,0.0,0.0
64,14,128,129,39,2,0,17,0,1.7894736842105263,0.0,0.0,0.0
64,14,128,129,40,2,0,16,0,1.7777777777777777,0.0,0.0,0.0
64,14,128,129,41,2,0,16,0,1.7777777777777777,0.0,0.0,0.0
64,14,128,129,42,2,0,16,0,1.7777777777777777,0.0,0.0,0.0
64,14,128,129,43,2,0,16,0,1.7777777777777777,0.0,0.0,0.0
64,14,128,129,44,2,0,16,0,1.7777777777777777,0.0,0.0,0.0
64,14,128,129,45,2,0,15,0,1.7647058823529411,0.0,0.0,0.0
64,14,128,129,46,3,0,12,0,2.4,0.0,0.0,0.0
64,14,128,129,47,3,0,8,0,2.1818181818181817,0.0,0.0,0.0
64,14,128,129,56,1,0,3,0,0.75,0.0,0.0,0.0
64,14,128,129,57,1,0,3,0,0.75,0.0,0.0,0.0
64,14,128,129,58,1,0,3,0,0.75,0.0,0.0,0.0
64,14,128,129,59,1,0,3,0,0.75,0.0,0.0,0.0
64,14,128,129,60,1,0,3,0,0.75,0.0,0.0,0.0
64,14,128,129,61,1,0,3,0,0.75,0.0,0.0,0.0
64,14,128,129,62,1,0,3,0,0.75,0.0,0.0,0.0
64,14,128,129,63,1,0,3,0,0.75,0.0,0.0,0.0
64,14,128,129,64,1,0,3,0,0.75,0.0,0.0,0.0
64,14,128,129,65,1,0,3,0,0.75,0.0,0.0,0.0
64,14,128,129,66,1,0,3,0,0.75,0.0,0.0,0.0
64,14,128,129,67,1,0,3,0,0.75,0.0,0.0,0.0
64,14,128,129,68,1,0,3,0,0.75,0.0,0.0,0.0
64,14,128,129,69,2,0,1,0,0.6666666666666666,0.0,0.0,0.0
64,14,136,137,33,2,0,19,0,1.8095238095238095,0.0,0.0,0.0
64,14,136,137,34,2,0,17,0,1.7894736842105263,0.0,0.0,0.0
64,14,136,137,35,2,0,16,0,1.7777777777777777,0.0,0.0,0.0
64,14,136,137,36,2,0,16,0,1.7777777777777777,0.0,0.0,0.0
64,14,136,137,37,2,0,17,0,1.7894736842105263,0.0,0.0,0.0
64,14,136,137,38,2,0,17,0,1.7894736842105263,0.0,0.0,0.0
64,14,136,137,39,2,0,17,0,1.7894736842105263,0.0,0.0,0.0
64,14,136,137,40,2,0,16,0,1.7777777777777777,0.0,0.0,0.0
64,14,136,137,41,2,0,16,0,1.7777777777777777,0.0,0.0,0.0
64,14,136,137,42,2,0,16,0,1.7777777777777777,0.0,0.0,0.0
64,14,136,137,43,2,0,16,0,1.7777777777777777,0.0,0.0,0.0
64,14,136,137,44,2,0,16,0,1.7777777777777777,0.0,0.0,0.0
64,14,136,137,45,2,0,15,0,1.7647058823529411,0.0,0.0,0.0
64,14,136,137,46,2,0,13,0,1.7333333333333334,0.0,0.0,0.0
64,14,136,137,47,2,0,10,0,1.6666666666666667,0.0,0.0,0.0
64,14,136,137,48,2,0,6,0,1.5,0.0,0.0,0.0
64,14,136,137,57,1,0,4,0,0.8,0.0,0.0,0.0
64,14,136,137,59,1,0,5,0,0.8333333333333334,0.0,0.0,0.0
64,14,136,137,60,1,0,5,0,0.8333333333333334,0.0,0.0,0.0
64,14,136,137,61,1,0,5,0,0.8333333333333334,0.0,0.0,0.0
64,14,136,137,62,1,0,5,0,0.8333333333333334,0.0,0.0,0.0
64,14,136,137,63,1,0,5,0,0.8333333333333334,0.0,0.0,0.0
64,14,136,137,64,1,0,5,0,0.8333333333333334,0.0,0.0,0.0
64,14,136,137,65,1,0,5,0,0.8333333333333334,0.0,0.0,0.0
64,14,136,137,66,1,0,5,0,0.8333333333333334,0.0,0.0,0.0
64,14,136,137,67,1,0,5,0,0.8333333333333334,0.0,0.0,0.0
64,14,136,137,68,1,0,5,0,0.8333333333333334,0.0,0.0,0.0
64,14,136,137,69,2,0,3,0,1.2,0.0,0.0,0.0
64,14,144,145,34,2,0,19,0,1.8095238095238095,0.0,0.0,0.0
64,14,144,145,35,2,0,18,0,1.8,0.0,0.0,0.0
64,14,144,145,36,2,0,18,0,1.8,0.0,0.0,0.0
64,14,144,145,37,1,0,20,0,0.9523809523809523,0.0,0.0,0.0
64,14,144,145,38,3,0,19,0,2.590909090909091,0.0,0.0,0.0
64,14,144,145,39,2,0,19,0,1.8095238095238095,0.0,0.0,0.0
64,14,144,145,40,2,0,18,0,1.8,0.0,0.0,0.0
64,14,144,145,41,1,0,19,0,0.95,0.0,0.0,0.0
64,14,144,145,42,2,0,19,0,1.8095238095238095,0.0,0.0,0.0
64,14,144,145,43,2,0,19,0,1.8095238095238095,0.0,0.0,0.0
64,14,144,145,44,2,0,19,0,1.8095238095238095,0.0,0.0,0.0
64,14,144,145,45,2,0,18,0,1.8,0.0,0.0,0.0
64,14,144,145,46,2,0,16,0,1.7777777777777777,0.0,0.0,0.0
64,14,144,145,47,3,0,12,0,2.4,0.0,0.0,0.0
64,14,144,145,48,3,0,7,0,2.1,0.0,0.0,0.0
64,14,144,145,49,1,0,4,0,0.8,0.0,0.0,0.0
64,14,144,145,63,1,0,10,0,0.9090909090909091,0.0,0.0,0.0
64,14,144,145,65,1,0,11,0,0.9166666666666666,0.0,0.0,0.0
64,14,144,145,67,1,0,12,0,0.9230769230769231,0.0,0.0,0.0
64,14,144,145,75,2,0,4,0,1.3333333333333333,0.0,0.0,0.0
64,14,144,145,76,1,0,3,0,0.75,0.0,0.0,0.0
64,14,152,153,35,1,0,21,0,0.9545454545454546,0.0,0.0,0.0
64,14,152,153,37,1,0,25,0,0.9615384615384616,0.0,0.0,0.0
64,14,152,153,40,1,0,27,0,0.9642857142857143,0.0,0.0,0.0
64,14,152,153,41,1,0,27,0,0.9642857142857143,0.0,0.0,0.0
64,14,152,153,43,1,0,28,0,0.9655172413793104,0.0,0.0,0.0
64,14,152,153,50,2,0,9,0,1.6363636363636365,0.0,0.0,0.0
64,14,152,153,51,2,0,5,0,1.4285714285714286,0.0,0.0,0.0
64,14,152,153,52,4,0,1,0,0.8,0.0,0.0,0.0
64,15,24,25,19,4,4,2,0,1.3333333333333333,1.0,0.0,1.0
64,15,24,25,20,5,0,5,0,2.5,0.0,0.0,0.0
64,15,24,25,21,6,5,11,0,3.8823529411764706,0.8333333333333334,0.0,0.8333333333333334
64,15,32,33,24,1,0,1,0,0.5,0.0,0.0,0.0
64,15,32,33,25,11,10,2,0,1.6923076923076923,0.9090909090909091,0.0,0.9090909090909091
64,15,32,33,26,3,0,12,0,2.4,0.0,0.0,0.0
64,15,40,41,10,3,0,2,0,1.2,0.0,0.0,0.0
64,15,40,41,12,2,0,3,0,1.2,0.0,0.0,0.0
64,15,40,41,14,3,0,2,0,1.2,0.0,0.0,0.0
64,15,40,41,31,5,5,7,0,2.9166666666666665,1.0,0.0,1.0
64,15,40,41,32,4,3,12,0,3.0,0.75,0.0,0.75
64,15,48,49,2,1,0,3,0,0.75,0.0,0.0,0.0
64,15,48,49,3,1,0,4,0,0.8,0.0,0.0,0.0
64,15,48,49,4,1,0,5,0,0.8333333333333334,0.0,0.0,0.0
64,15,48,49,6,1,0,8,0,0.8888888888888888,0.0,0.0,0.0
64,15,48,49,8,3,0,9,0,2.25,0.0,0.0,0.0
64,15,48,49,9,2,0,9,0,1.6363636363636365,0.0,0.0,0.0
64,15,48,49,11,1,0,10,0,0.9090909090909091,0.0,0.0,0.0
64,15,48,49,12,1,0,11,0,0.9166666666666666,0.0,0.0,0.0
64,15,48,49,14,1,0,10,0,0.9090909090909091,0.0,0.0,0.0
64,15,48,49,15,1,0,9,0,0.9,0.0,0.0,0.0
64,15,48,49,16,1,0,8,0,0.8888888888888888,0.0,0.0,0.0
64,15,48,49,18,1,0,7,0,0.875,0.0,0.0,0.0
64,15,48,49,20,2,0,5,0,1.4285714285714286,0.0,0.0,0.0
64,15,48,49,22,3,0,2,0,1.2,0.0,0.0,0.0
64,15,48,49,23,1,0,1,0,0.5,0.0,0.0,0.0
64,15,48,49,31,2,0,2,0,1.0,0.0,0.0,0.0
64,15,48,49,32,2,0,4,0,1.3333333333333333,0.0,0.0,0.0
64,15,48,49,33,4,2,6,0,2.4,0.5,0.0,0.5
64,15,48,49,34,1,0,10,0,0.9090909090909091,0.0,0.0,0.0
64,15,48,49,35,4,2,10,0,2.857142857142857,0.5,0.0,0.5
64,15,56,57,14,4,0,13,0,3.0588235294117645,0.0,0.0,0.0
64,15,56,57,15,1,0,12,0,0.9230769230769231,0.0,0.0,0.0
64,15,56,57,32,2,0,2,0,1.0,0.0,0.0,0.0
64,15,56,57,33,2,0,4,0,1.3333333333333333,0.0,0.0,0.0
64,15,56,57,34,2,0,6,0,1.5,0.0,0.0,0.0
64,15,56,57,35,2,0,7,0,1.5555555555555556,0.0,0.0,0.0
64,15,56,57,36,2,0,7,0,1.5555555555555556,0.0,0.0,0.0
64,15,56,57,37,4,2,7,0,2.5454545454545454,0.5,0.0,0.5
64,15,56,57,38,1,1,9,0,0.9,1.0,0.0,1.0
64,15,56,57,39,3,2,8,0,2.1818181818181817,0.6666666666666666,0.0,0.6666666666666666
64,15,56,57,40,2,0,9,0,1.6363636363636365,0.0,0.0,0.0
64,15,56,57,41,2,0,9,0,1.6363636363636365,0.0,0.0,0.0
64,15,64,65,16,2,0,14,0,1.75,0.0,0.0,0.0
64,15,64,65,17,2,0,12,0,1.7142857142857142,0.0,0.0,0.0
64,15,64,65,18,3,0,9,0,2.25,0.0,0.0,0.0
64,15,64,65,19,2,0,8,0,1.6,0.0,0.0,0.0
64,15,64,65,20,2,0,7,0,1.5555555555555556,0.0,0.0,0.0
64,15,64,65,34,1,1,1,0,0.5,1.0,0.0,1.0
64,15,64,65,35,3,3,1,0,0.75,1.0,0.0,1.0
64,15,64,65,36,1,1,2,0,0.6666666666666666,1.0,0.0,1.0
64,15,64,65,37,3,3,1,0,0.75,1.0,0.0,1.0
64,15,64,65,38,1,0,2,0,0.6666666666666666,0.0,0.0,0.0
64,15,64,65,39,4,4,1,0,0.8,1.0,0.0,1.0
64,15,64,65,40,1,0,3,0,0.75,0.0,0.0,0.0
64,15,64,65,41,5,4,2,0,1.4285714285714286,0.8,0.0,0.8
64,15,64,65,42,2,0,5,0,1.4285714285714286,0.0,0.0,0.0
64,15,64,65,43,2,1,5,0,1.4285714285714286,0.5,0.0,0.5
64,15,72,73,18,3,0,13,0,2.4375,0.0,0.0,0.0
64,15,72,73,19,1,0,13,0,0.9285714285714286,0.0,0.0,0.0
64,15,72,73,20,3,0,11,0,2.357142857142857,0.0,0.0,0.0
64,15,72,73,21,2,0,10,0,1.6666666666666667,0.0,0.0,0.0
64,15,72,73,22,3,0,8,0,2.1818181818181817,0.0,0.0,0.0
64,15,72,73,23,2,0,7,0,1.5555555555555556,0.0,0.0,0.0
64,15,72,73,24,4,0,4,0,2.0,0.0,0.0,0.0
64,15,72,73,25,2,0,3,0,1.2,0.0,0.0,0.0
64,15,72,73,26,3,0,1,0,0.75,0.0,0.0,0.0
64,15,80,81,22,1,0,16,0,0.9411764705882353,0.0,0.0,0.0
64,15,80,81,24,2,0,14,0,1.75,0.0,0.0,0.0
64,15,80,81,26,7,0,8,0,3.7333333333333334,0.0,0.0,0.0
64,15,80,81,27,1,0,8,0,0.8888888888888888,0.0,0.0,0.0
64,15,80,81,28,2,0,7,0,1.5555555555555556,0.0,0.0,0.0
64,15,80,81,29,1,0,6,0,0.8571428571428571,0.0,0.0,0.0
64,15,80,81,30,1,0,4,0,0.8,0.0,0.0,0.0
64,15,80,81,31,1,0,2,0,0.6666666666666666,0.0,0.0,0.0
64,15,80,81,50,2,0,1,0,0.6666666666666666,0.0,0.0,0.0
64,15,88,89,27,1,0,15,0,0.9375,0.0,0.0,0.0
64,15,88,89,34,3,0,2,0,1.2,0.0,0.0,0.0
64,15,88,89,51,1,1,2,0,0.6666666666666666,1.0,0.0,1.0
64,15,88,89,52,1,0,3,0,0.75,0.0,0.0,0.0
64,15,88,89,53,1,0,4,0,0.8,0.0,0.0,0.0
64,15,88,89,54,1,0,5,0,0.8333333333333334,0.0,0.0,0.0
64,15,88,89,55,1,0,6,0,0.8571428571428571,0.0,0.0,0.0
64,15,88,89,56,1,0,7,0,0.875,0.0,0.0,0.0
64,15,88,89,57,1,0,8,0,0.8888888888888888,0.0,0.0,0.0
64,15,88,89,58,1,0,9,0,0.9,0.0,0.0,0.0
64,15,88,89,59,2,1,10,0,1.6666666666666667,0.5,0.0,0.5
64,15,96,97,28,1,0,15,0,0.9375,0.0,0.0,0.0
64,15,96,97,51,1,0,1,0,0.5,0.0,0.0,0.0
64,15,96,97,52,1,0,2,0,0.6666666666666666,0.0,0.0,0.0
64,15,96,97,53,1,0,3,0,0.75,0.0,0.0,0.0
64,15,96,97,54,1,0,4,0,0.8,0.0,0.0,0.0
64,15,96,97,55,1,0,5,0,0.8333333333333334,0.0,0.0,0.0
64,15,96,97,56,1,0,6,0,0.8571428571428571,0.0,0.0,0.0
64,15,96,97,57,1,0,7,0,0.875,0.0,0.0,0.0
64,15,96,97,58,1,0,8,0,0.8888888888888888,0.0,0.0,0.0
64,15,96,97,59,1,0,9,0,0.9,0.0,0.0,0.0
64,15,96,97,60,1,0,10,0,0.9090909090909091,0.0,0.0,0.0
64,15,96,97,61,1,0,11,0,0.9166666666666666,0.0,0.0,0.0
64,15,96,97,62,1,0,11,0,0.9166666666666666,0.0,0.0,0.0
64,15,96,97,63,1,0,11,0,0.9166666666666666,0.0,0.0,0.0
64,15,96,97,64,1,0,11,0,0.9166666666666666,0.0,0.0,0.0
64,15,96,97,65,1,0,11,0,0.9166666666666666,0.0,0.0,0.0
64,15,104,105,28,1,0,15,0,0.9375,0.0,0.0,0.0
64,15,104,105,29,2,0,14,0,1.75,0.0,0.0,0.0
64,15,104,105,30,1,0,12,0,0.9230769230769231,0.0,0.0,0.0
64,15,104,105,31,1,0,10,0,0.9090909090909091,0.0,0.0,0.0
64,15,104,105,32,1,0,8,0,0.8888888888888888,0.0,0.0,0.0
64,15,104,105,33,1,0,6,0,0.8571428571428571,0.0,0.0,0.0
64,15,104,105,34,1,0,5,0,0.8333333333333334,0.0,0.0,0.0
64,15,104,105,35,1,0,4,0,0.8,0.0,0.0,0.0
64,15,104,105,36,1,0,3,0,0.75,0.0,0.0,0.0
64,15,104,105,37,1,0,2,0,0.6666666666666666,0.0,0.0,0.0
64,15,104,105,38,1,0,1,0,0.5,0.0,0.0,0.0
64,15,104,105,52,1,0,1,0,0.5,0.0,0.0,0.0
64,15,104,105,53,2,1,2,0,1.0,0.5,0.0,0.5
64,15,104,105,55,2,1,4,0,1.3333333333333333,0.5,0.0,0.5
64,15,104,105,57,2,1,6,0,1.5,0.5,0.0,0.5
64,15,104,105,58,1,1,8,0,0.8888888888888888,1.0,0.0,1.0
64,15,104,105,59,1,0,9,0,0.9,0.0,0.0,0.0
64,15,104,105,60,1,0,10,0,0.9090909090909091,0.0,0.0,0.0
64,15,104,105,61,1,0,11,0,0.9166666666666666,0.0,0.0,0.0
64,15,104,105,62,1,0,11,0,0.9166666666666666,0.0,0.0,0.0
64,15,104,105,63,1,0,11,0,0.9166666666666666,0.0,0.0,0.0
64,15,104,105,64,1,0,11,0,0.9166666666666666,0.0,0.0,0.0
64,15,104,105,65,1,0,11,0,0.9166666666666666,0.0,0.0,0.0
64,15,112,113,29,2,0,15,0,1.7647058823529411,0.0,0.0,0.0
64,15,112,113,30,2,0,13,0,1.7333333333333334,0.0,0.0,0.0
64,15,112,113,31,2,0,11,0,1.6923076923076923,0.0,0.0,0.0
64,15,112,113,32,2,0,9,0,1.6363636363636365,0.0,0.0,0.0
64,15,112,113,33,2,0,7,0,1.5555555555555556,0.0,0.0,0.0
64,15,112,113,34,2,0,6,0,1.5,0.0,0.0,0.0
64,15,112,113,35,2,0,5,0,1.4285714285714286,0.0,0.0,0.0
64,15,112,113,36,2,0,4,0,1.3333333333333333,0.0,0.0,0.0
64,15,112,113,37,2,0,3,0,1.2,0.0,0.0,0.0
64,15,112,113,38,2,0,2,0,1.0,0.0,0.0,0.0
64,15,112,113,39,2,0,1,0,0.6666666666666666,0.0,0.0,0.0
64,15,112,113,53,2,1,1,0,0.6666666666666666,0.5,0.0,0.5
64,15,112,113,55,2,1,3,0,1.2,0.5,0.0,0.5
64,15,112,113,57,2,1,5,0,1.4285714285714286,0.5,0.0,0.5
64,15,112,113,58,1,0,7,0,0.875,0.0,0.0,0.0
64,15,112,113,59,1,1,8,0,0.8888888888888888,1.0,0.0,1.0
64,15,112,113,60,1,0,9,0,0.9,0.0,0.0,0.0
64,15,112,113,61,1,0,10,0,0.9090909090909091,0.0,0.0,0.0
64,15,112,113,62,1,0,10,0,0.9090909090909091,0.0,0.0,0.0
64,15,112,113,63,1,0,10,0,0.9090909090909091,0.0,0.0,0.0
64,15,112,113,64,1,0,10,0,0.9090909090909091,0.0,0.0,0.0
64,15,112,113,65,1,0,10,0,0.9090909090909091,0.0,0.0,0.0
64,15,112,113,66,1,0,10,0,0.9090909090909091,0.0,0.0,0.0
64,15,120,121,29,2,0,15,0,1.7647058823529411,0.0,0.0,0.0
64,15,120,121,30,2,0,13,0,1.7333333333333334,0.0,0.0,0.0
64,15,120,121,31,2,0,11,0,1.6923076923076923,0.0,0.0,0.0
64,15,120,121,32,2,0,9,0,1.6363636363636365,0.0,0.0,0.0
64,15,120,121,33,2,0,7,0,1.5555555555555556,0.0,0.0,0.0
64,15,120,121,34,2,0,6,0,1.5,0.0,0.0,0.0
64,15,120,121,35,2,0,5,0,1.4285714285714286,0.0,0.0,0.0
64,15,120,121,36,2,0,4,0,1.3333333333333333,0.0,0.0,0.0
64,15,120,121,37,2,0,3,0,1.2,0.0,0.0,0.0
64,15,120,121,38,2,0,2,0,1.0,0.0,0.0,0.0
64,15,120,121,39,2,0,1,0,0.6666666666666666,0.0,0.0,0.0
64,15,120,121,54,1,0,1,0,0.5,0.0,0.0,0.0
64,15,120,121,55,1,1,2,0,0.6666666666666666,1.0,0.0,1.0
64,15,120,121,56,1,0,3,0,0.75,0.0,0.0,0.0
64,15,120,121,57,1,1,4,0,0.8,1.0,0.0,1.0
64,15,120,121,58,1,1,5,0,0.8333333333333334,1.0,0.0,1.0
64,15,120,121,59,1,1,6,0,0.8571428571428571,1.0,0.0,1.0
64,15,120,121,60,1,0,7,0,0.875,0.0,0.0,0.0
64,15,120,121,61,1,1,8,0,0.8888888888888888,1.0,0.0,1.0
64,15,120,121,62,1,0,8,0,0.8888888888888888,0.0,0.0,0.0
64,15,120,121,63,1,0,8,0,0.8888888888888888,0.0,0.0,0.0
64,15,120,121,64,1,0,8,0,0.8888888888888888,0.0,0.0,0.0
64,15,120,121,65,2,1,8,0,1.6,0.5,0.0,0.5
64,15,120,121,66,1,0,9,0,0.9,0.0,0.0,0.0
64,15,120,121,67,1,0,9,0,0.9,0.0,0.0,0.0
64,15,128,129,30,2,0,15,0,1.7647058823529411,0.0,0.0,0.0
64,15,128,129,31,2,0,13,0,1.7333333333333334,0.0,0.0,0.0
64,15,128,129,32,2,0,11,0,1.6923076923076923,0.0,0.0,0.0
64,15,128,129,33,2,0,9,0,1.6363636363636365,0.0,0.0,0.0
64,15,128,129,34,2,0,8,0,1.6,0.0,0.0,0.0
64,15,128,129,35,2,0,7,0,1.5555555555555556,0.0,0.0,0.0
64,15,128,129,36,2,0,6,0,1.5,0.0,0.0,0.0
64,15,128,129,37,2,0,5,0,1.4285714285714286,0.0,0.0,0.0
64,15,128,129,38,2,0,4,0,1.3333333333333333,0.0,0.0,0.0
64,15,128,129,39,2,0,3,0,1.2,0.0,0.0,0.0
64,15,128,129,40,2,0,2,0,1.0,0.0,0.0,0.0
64,15,128,129,70,1,0,1,0,0.5,0.0,0.0,0.0
64,15,128,129,71,5,5,1,0,0.8333333333333334,1.0,0.0,1.0
64,15,136,137,30,1,0,16,0,0.9411764705882353,0.0,0.0,0.0
64,15,136,137,31,2,0,14,0,1.75,0.0,0.0,0.0
64,15,136,137,32,3,0,11,0,2.357142857142857,0.0,0.0,0.0
64,15,136,137,33,1,0,10,0,0.9090909090909091,0.0,0.0,0.0
64,15,136,137,34,3,0,8,0,2.1818181818181817,0.0,0.0,0.0
64,15,136,137,35,1,0,8,0,0.8888888888888888,0.0,0.0,0.0
64,15,136,137,36,3,0,6,0,2.0,0.0,0.0,0.0
64,15,136,137,37,1,0,6,0,0.8571428571428571,0.0,0.0,0.0
64,15,136,137,38,3,0,4,0,1.7142857142857142,0.0,0.0,0.0
64,15,136,137,39,2,0,3,0,1.2,0.0,0.0,0.0
64,15,136,137,40,2,0,2,0,1.0,0.0,0.0,0.0
64,15,144,145,32,2,0,15,0,1.7647058823529411,0.0,0.0,0.0
64,15,144,145,33,2,0,13,0,1.7333333333333334,0.0,0.0,0.0
64,15,144,145,34,2,0,12,0,1.7142857142857142,0.0,0.0,0.0
64,15,144,145,35,2,0,11,0,1.6923076923076923,0.0,0.0,0.0
64,15,144,145,36,2,0,10,0,1.6666666666666667,0.0,0.0,0.0
64,15,144,145,37,2,0,9,0,1.6363636363636365,0.0,0.0,0.0
64,15,144,145,38,2,0,8,0,1.6,0.0,0.0,0.0
64,15,144,145,39,2,0,7,0,1.5555555555555556,0.0,0.0,0.0
64,15,144,145,40,2,0,6,0,1.5,0.0,0.0,0.0
64,15,144,145,41,2,0,4,0,1.3333333333333333,0.0,0.0,0.0
64,15,208,209,49,1,0,1,0,0.5,0.0,0.0,0.0
64,15,208,209,50,1,0,1,0,0.5,0.0,0.0,0.0
64,15,208,209,51,1,0,1,0,0.5,0.0,0.0,0.0
64,15,208,209,52,1,0,1,0,0.5,0.0,0.0,0.0
64,15,208,209,53,1,0,1,0,0.5,0.0,0.0,0.0
64,15,208,209,54,1,0,1,0,0.5,0.0,0.0,0.0
64,15,208,209,55,1,0,1,0,0.5,0.0,0.0,0.0
64,15,208,209,56,1,0,1,0,0.5,0.0,0.0,0.0
64,15,208,209,57,1,0,1,0,0.5,0.0,0.0,0.0
64,15,208,209,58,1,0,1,0,0.5,0.0,0.0,0.0
64,15,208,209,59,1,0,1,0,0.5,0.0,0.0,0.0
64,15,208,209,60,1,0,1,0,0.5,0.0,0.0,0.0
64,15,208,209,61,1,0,1,0,0.5,0.0,0.0,0.0
64,15,208,209,62,1,0,1,0,0.5,0.0,0.0,0.0
64,15,216,217,49,1,0,1,0,0.5,0.0,0.0,0.0
64,15,216,217,50,1,0,1,0,0.5,0.0,0.0,0.0
64,15,216,217,51,1,0,1,0,0.5,0.0,0.0,0.0
64,15,216,217,52,1,0,1,0,0.5,0.0,0.0,0.0
64,15,216,217,53,1,0,1,0,0.5,0.0,0.0,0.0
64,15,216,217,54,1,0,1,0,0.5,0.0,0.0,0.0
64,15,216,217,55,1,0,1,0,0.5,0.0,0.0,0.0
64,15,216,217,56,1,0,1,0,0.5,0.0,0.0,0.0
64,15,216,217,57,1,0,1,0,0.5,0.0,0.0,0.0
64,15,216,217,58,1,0,1,0,0.5,0.0,0.0,0.0
64,15,216,217,59,1,0,1,0,0.5,0.0,0.0,0.0
64,15,216,217,60,1,0,1,0,0.5,0.0,0.0,0.0
64,15,216,217,61,1,0,1,0,0.5,0.0,0.0,0.0
64,15,216,217,62,1,0,1,0,0.5,0.0,0.0,0.0
64,15,216,217,63,1,0,1,0,0.5,0.0,0.0,0.0
64,15,224,225,49,1,0,1,0,0.5,0.0,0.0,0.0
64,15,224,225,50,1,0,1,0,0.5,0.0,0.0,0.0
64,15,224,225,51,1,0,1,0,0.5,0.0,0.0,0.0
64,15,224,225,52,1,0,1,0,0.5,0.0,0.0,0.0
64,15,224,225,53,1,0,1,0,0.5,0.0,0.0,0.0
64,15,224,225,54,1,0,1,0,0.5,0.0,0.0,0.0
64,15,224,225,55,1,0,1,0,0.5,0.0,0.0,0.0
64,15,224,225,56,1,0,1,0,0.5,0.0,0.0,0.0
64,15,224,225,57,1,0,1,0,0.5,0.0,0.0,0.0
64,15,224,225,58,1,0,1,0,0.5,0.0,0.0,0.0
64,15,224,225,59,1,0,1,0,0.5,0.0,0.0,0.0
64,15,224,225,60,1,0,1,0,0.5,0.0,0.0,0.0
64,15,224,225,61,1,0,1,0,0.5,0.0,0.0,0.0
64,15,224,225,62,1,0,1,0,0.5,0.0,0.0,0.0
64,15,224,225,63,1,0,1,0,0.5,0.0,0.0,0.0
64,15,232,233,49,1,0,1,0,0.5,0.0,0.0,0.0
64,15,232,233,50,1,0,1,0,0.5,0.0,0.0,0.0
64,15,232,233,51,1,0,1,0,0.5,0.0,0.0,0.0
64,15,232,233,52,1,0,1,0,0.5,0.0,0.0,0.0
64,15,232,233,53,1,0,1,0,0.5,0.0,0.0,0.0
64,15,232,233,54,1,0,1,0,0.5,0.0,0.0,0.0
64,15,232,233,55,1,0,1,0,0.5,0.0,0.0,0.0
64,15,232,233,56,1,0,1,0,0.5,0.0,0.0,0.0
64,15,232,233,57,1,0,1,0,0.5,0.0,0.0,0.0
64,15,232,233,58,1,0,1,0,0.5,0.0,0.0,0.0
64,15,232,233,59,1,0,1,0,0.5,0.0,0.0,0.0
64,15,232,233,60,1,0,1,0,0.5,0.0,0.0,0.0
64,15,232,233,61,1,0,1,0,0.5,0.0,0.0,0.0
64,15,232,233,62,1,0,1,0,0.5,0.0,0.0,0.0
64,15,232,233,63,1,0,1,0,0.5,0.0,0.0,0.0
64,15,240,241,50,1,0,2,0,0.6666666666666666,0.0,0.0,0.0
64,15,240,241,52,2,0,2,0,1.0,0.0,0.0,0.0
64,15,240,241,53,1,0,2,0,0.6666666666666666,0.0,0.0,0.0
64,15,240,241,54,1,0,2,0,0.6666666666666666,0.0,0.0,0.0
64,15,240,241,55,1,0,2,0,0.6666666666666666,0.0,0.0,0.0
64,15,240,241,56,1,0,2,0,0.6666666666666666,0.0,0.0,0.0
64,15,240,241,57,1,0,2,0,0.6666666666666666,0.0,0.0,0.0
64,15,240,241,58,1,0,2,0,0.6666666666666666,0.0,0.0,0.0
64,15,240,241,59,1,0,2,0,0.6666666666666666,0.0,0.0,0.0
64,15,240,241,60,2,0,2,0,1.0,0.0,0.0,0.0
64,15,240,241,61,3,0,2,0,1.2,0.0,0.0,0.0
64,15,240,241,62,1,0,3,0,0.75,0.0,0.0,0.0
64,15,240,241,63,3,0,2,0,1.2,0.0,0.0,0.0
64,15,240,241,64,1,0,2,0,0.6666666666666666,0.0,0.0,0.0
64,15,240,241,65,1,0,1,0,0.5,0.0,0.0,0.0
64,16,16,17,14,4,3,1,0,0.8,0.75,0.0,0.75
64,16,16,17,15,20,19,5,0,4.0,0.95,0.0,0.95
64,16,24,25,20,3,3,7,0,2.1,1.0,0.0,1.0
64,16,24,25,21,24,19,10,0,7.0588235294117645,0.7916666666666666,0.0,0.7916666666666666
64,16,32,33,1,2,0,2,0,1.0,0.0,0.0,0.0
64,16,32,33,2,2,0,5,0,1.4285714285714286,0.0,0.0,0.0
64,16,32,33,4,6,0,5,0,2.727272727272727,0.0,0.0,0.0
64,16,32,33,5,1,0,6,0,0.8571428571428571,0.0,0.0,0.0
64,16,32,33,6,3,0,4,0,1.7142857142857142,0.0,0.0,0.0
64,16,32,33,8,3,0,1,0,0.75,0.0,0.0,0.0
64,16,32,33,24,2,0,1,0,0.6666666666666666,0.0,0.0,0.0
64,16,32,33,25,8,6,2,0,1.6,0.75,0.0,0.75
64,16,32,33,26,6,1,7,0,3.230769230769231,0.16666666666666666,0.0,0.16666666666666666
64,16,32,33,27,20,16,11,0,7.096774193548387,0.8,0.0,0.8
64,16,40,41,6,1,0,21,0,0.9545454545454546,0.0,0.0,0.0
64,16,40,41,8,3,0,20,0,2.608695652173913,0.0,0.0,0.0
64,16,40,41,9,1,0,17,0,0.9444444444444444,0.0,0.0,0.0
64,16,40,41,10,5,0,10,0,3.3333333333333335,0.0,0.0,0.0
64,16,40,41,11,1,0,8,0,0.8888888888888888,0.0,0.0,0.0
64,16,40,41,32,1,0,10,0,0.9090909090909091,0.0,0.0,0.0
64,16,40,41,33,5,3,9,0,3.2142857142857144,0.6,0.0,0.6
64,16,48,49,8,3,0,23,0,2.6538461538461537,0.0,0.0,0.0
64,16,48,49,9,1,0,21,0,0.9545454545454546,0.0,0.0,0.0
64,16,48,49,10,1,0,18,0,0.9473684210526315,0.0,0.0,0.0
64,16,48,49,14,2,0,8,0,1.6,0.0,0.0,0.0
64,16,48,49,16,2,0,5,0,1.4285714285714286,0.0,0.0,0.0
64,16,48,49,17,1,0,3,0,0.75,0.0,0.0,0.0
64,16,48,49,18,3,0,1,0,0.75,0.0,0.0,0.0
64,16,48,49,36,1,0,3,0,0.75,0.0,0.0,0.0
64,16,48,49,37,2,1,3,0,1.2,0.5,0.0,0.5
64,16,48,49,39,1,0,3,0,0.75,0.0,0.0,0.0
64,16,56,57,9,2,0,24,0,1.8461538461538463,0.0,0.0,0.0
64,16,56,57,10,2,0,21,0,1.826086956521739,0.0,0.0,0.0
64,16,56,57,11,2,0,18,0,1.8,0.0,0.0,0.0
64,16,56,57,12,2,0,14,0,1.75,0.0,0.0,0.0
64,16,56,57,13,2,0,14,0,1.75,0.0,0.0,0.0
64,16,56,57,14,4,0,11,0,2.933333333333333,0.0,0.0,0.0
64,16,56,57,15,3,0,10,0,2.3076923076923075,0.0,0.0,0.0
64,16,56,57,16,2,0,9,0,1.6363636363636365,0.0,0.0,0.0
64,16,56,57,17,2,0,8,0,1.6,0.0,0.0,0.0
64,16,56,57,18,3,0,8,0,2.1818181818181817,0.0,0.0,0.0
64,16,56,57,20,1,0,9,0,0.9,0.0,0.0,0.0
64,16,56,57,22,4,0,7,0,2.5454545454545454,0.0,0.0,0.0
64,16,56,57,23,3,0,5,0,1.875,0.0,0.0,0.0
64,16,56,57,24,4,0,2,0,1.3333333333333333,0.0,0.0,0.0
64,16,56,57,39,3,1,1,0,0.75,0.3333333333333333,0.0,0.3333333333333333
64,16,56,57,40,2,0,2,0,1.0,0.0,0.0,0.0
64,16,64,65,11,1,0,23,0,0.9583333333333334,0.0,0.0,0.0
64,16,64,65,12,1,0,20,0,0.9523809523809523,0.0,0.0,0.0
64,16,64,65,14,1,0,21,0,0.9545454545454546,0.0,0.0,0.0
64,16,64,65,15,1,0,21,0,0.9545454545454546,0.0,0.0,0.0
64,16,64,65,16,2,0,19,0,1.8095238095238095,0.0,0.0,0.0
64,16,64,65,17,1,0,20,0,0.9523809523809523,0.0,0.0,0.0
64,16,64,65,18,4,0,20,0,3.3333333333333335,0.0,0.0,0.0
64,16,64,65,19,2,0,21,0,1.826086956521739,0.0,0.0,0.0
64,16,64,65,20,8,0,16,0,5.333333333333333,0.0,0.0,0.0
64,16,64,65,21,3,0,17,0,2.55,0.0,0.0,0.0
64,16,64,65,22,6,0,15,0,4.285714285714286,0.0,0.0,0.0
64,16,64,65,23,3,0,15,0,2.5,0.0,0.0,0.0
64,16,64,65,24,3,0,14,0,2.4705882352941178,0.0,0.0,0.0
64,16,64,65,28,2,0,8,0,1.6,0.0,0.0,0.0
64,16,64,65,29,1,0,7,0,0.875,0.0,0.0,0.0
64,16,64,65,30,6,1,1,0,0.8571428571428571,0.16666666666666666,0.0,0.16666666666666666
64,16,72,73,18,1,0,27,0,0.9642857142857143,0.0,0.0,0.0
64,16,72,73,20,1,0,30,0,0.967741935483871,0.0,0.0,0.0
64,16,72,73,21,1,0,31,0,0.96875,0.0,0.0,0.0
64,16,72,73,22,2,0,31,0,1.878787878787879,0.0,0.0,0.0
64,16,72,73,23,1,0,31,0,0.96875,0.0,0.0,0.0
64,16,72,73,24,3,0,28,0,2.7096774193548385,0.0,0.0,0.0
64,16,72,73,25,1,0,27,0,0.9642857142857143,0.0,0.0,0.0
64,16,72,73,26,5,3,21,0,4.038461538461538,0.6,0.0,0.6
64,16,72,73,27,1,0,18,0,0.9473684210526315,0.0,0.0,0.0
64,16,72,73,28,5,0,12,0,3.5294117647058822,0.0,0.0,0.0
64,16,72,73,29,2,0,10,0,1.6666666666666667,0.0,0.0,0.0
64,16,72,73,30,2,0,9,0,1.6363636363636365,0.0,0.0,0.0
64,16,72,73,31,2,0,8,0,1.6,0.0,0.0,0.0
64,16,80,81,28,5,0,23,0,4.107142857142857,0.0,0.0,0.0
64,16,80,81,30,5,0,15,0,3.75,0.0,0.0,0.0
64,16,80,81,31,1,0,12,0,0.9230769230769231,0.0,0.0,0.0
64,16,80,81,32,3,0,8,0,2.1818181818181817,0.0,0.0,0.0
64,16,80,81,34,1,0,4,0,0.8,0.0,0.0,0.0
64,17,24,25,20,3,1,2,0,1.2,0.3333333333333333,0.0,0.3333333333333333
64,17,24,25,21,4,2,5,0,2.2222222222222223,0.5,0.0,0.5
64,17,32,33,25,2,2,1,0,0.6666666666666666,1.0,0.0,1.0
64,17,32,33,26,1,0,3,0,0.75,0.0,0.0,0.0
64,17,32,33,27,11,9,3,0,2.357142857142857,0.8181818181818182,0.0,0.8181818181818182
64,17,48,49,38,2,0,2,0,1.0,0.0,0.0,0.0
64,17,48,49,39,5,2,4,0,2.2222222222222223,0.4,0.0,0.4
64,17,56,57,41,1,1,1,0,0.5,1.0,0.0,1.0
64,17,56,57,42,1,0,2,0,0.6666666666666666,0.0,0.0,0.0
64,17,56,57,43,4,3,3,0,1.7142857142857142,0.75,0.0,0.75
64,17,56,57,44,3,0,6,0,2.0,0.0,0.0,0.0
64,17,56,57,45,6,4,7,0,3.230769230769231,0.6666666666666666,0.0,0.6666666666666666
64,17,56,57,46,2,0,13,0,1.7333333333333334,0.0,0.0,0.0
64,17,64,65,39,1,0,1,0,0.5,0.0,0.0,0.0
64,17,64,65,40,3,0,2,0,1.2,0.0,0.0,0.0
64,17,64,65,41,1,0,5,0,0.8333333333333334,0.0,0.0,0.0
64,17,64,65,42,6,0,3,0,2.0,0.0,0.0,0.0
64,17,64,65,43,2,0,4,0,1.3333333333333333,0.0,0.0,0.0
64,17,64,65,44,2,0,3,0,1.2,0.0,0.0,0.0
64,17,64,65,45,1,0,2,0,0.6666666666666666,0.0,0.0,0.0
64,17,64,65,46,1,0,2,0,0.6666666666666666,0.0,0.0,0.0
64,17,64,65,47,2,1,1,0,0.6666666666666666,0.5,0.0,0.5
64,17,64,65,48,1,0,3,0,0.75,0.0,0.0,0.0
64,17,64,65,49,5,5,5,0,2.5,1.0,0.0,1.0
64,17,64,65,50,1,0,11,0,0.9166666666666666,0.0,0.0,0.0
64,17,64,65,51,6,5,13,0,4.105263157894737,0.8333333333333334,0.0,0.8333333333333334
64,17,64,65,52,1,0,19,0,0.95,0.0,0.0,0.0
64,17,64,65,53,6,2,18,0,4.5,0.3333333333333333,0.0,0.3333333333333333
64,17,64,65,55,3,0,23,0,2.6538461538461537,0.0,0.0,0.0
64,17,72,73,38,1,0,6,0,0.8571428571428571,0.0,0.0,0.0
64,17,72,73,40,1,0,9,0,0.9,0.0,0.0,0.0
64,17,72,73,42,1,0,10,0,0.9090909090909091,0.0,0.0,0.0
64,17,72,73,43,1,0,11,0,0.9166666666666666,0.0,0.0,0.0
64,17,72,73,44,2,0,11,0,1.6923076923076923,0.0,0.0,0.0
64,17,72,73,46,4,0,10,0,2.857142857142857,0.0,0.0,0.0
64,17,72,73,47,2,0,10,0,1.6666666666666667,0.0,0.0,0.0
64,17,72,73,48,3,0,10,0,2.3076923076923075,0.0,0.0,0.0
64,17,72,73,49,1,0,11,0,0.9166666666666666,0.0,0.0,0.0
64,17,72,73,50,6,0,9,0,3.6,0.0,0.0,0.0
64,17,72,73,52,3,0,14,0,2.4705882352941178,0.0,0.0,0.0
64,17,72,73,55,2,2,23,0,1.84,1.0,0.0,1.0
64,17,72,73,56,2,0,24,0,1.8461538461538463,0.0,0.0,0.0
64,17,72,73,57,1,1,26,0,0.9629629629629629,1.0,0.0,1.0
64,17,72,73,58,2,0,26,0,1.8571428571428572,0.0,0.0,0.0
64,17,80,81,54,3,0,22,0,2.64,0.0,0.0,0.0
64,17,80,81,56,2,0,26,0,1.8571428571428572,0.0,0.0,0.0
64,17,96,97,21,1,0,1,0,0.5,0.0,0.0,0.0
64,17,96,97,22,2,0,1,0,0.6666666666666666,0.0,0.0,0.0
64,17,96,97,23,2,0,1,0,0.6666666666666666,0.0,0.0,0.0
64,17,96,97,24,2,0,1,0,0.6666666666666666,0.0,0.0,0.0
64,17,96,97,25,2,0,1,0,0.6666666666666666,0.0,0.0,0.0
64,17,96,97,26,2,0,1,0,0.6666666666666666,0.0,0.0,0.0
64,17,96,97,27,2,0,1,0,0.6666666666666666,0.0,0.0,0.0
64,17,96,97,28,2,0,1,0,0.6666666666666666,0.0,0.0,0.0
64,17,96,97,29,2,0,1,0,0.6666666666666666,0.0,0.0,0.0
64,17,96,97,30,2,0,1,0,0.6666666666666666,0.0,0.0,0.0
64,17,96,97,31,2,0,1,0,0.6666666666666666,0.0,0.0,0.0
64,17,96,97,32,2,0,1,0,0.6666666666666666,0.0,0.0,0.0
64,17,96,97,33,1,0,1,0,0.5,0.0,0.0,0.0
64,17,96,97,34,1,0,1,0,0.5,0.0,0.0,0.0
64,17,104,105,20,1,0,1,0,0.5,0.0,0.0,0.0
64,17,104,105,21,1,0,2,0,0.6666666666666666,0.0,0.0,0.0
64,17,104,105,22,1,0,3,0,0.75,0.0,0.0,0.0
64,17,104,105,23,2,0,3,0,1.2,0.0,0.0,0.0
64,17,104,105,24,2,0,3,0,1.2,0.0,0.0,0.0
64,17,104,105,25,2,0,3,0,1.2,0.0,0.0,0.0
64,17,104,105,26,2,0,3,0,1.2,0.0,0.0,0.0
64,17,104,105,27,2,0,3,0,1.2,0.0,0.0,0.0
64,17,104,105,28,2,0,3,0,1.2,0.0,0.0,0.0
64,17,104,105,29,1,0,4,0,0.8,0.0,0.0,0.0
64,17,104,105,30,3,0,3,0,1.5,0.0,0.0,0.0
64,17,104,105,31,1,0,4,0,0.8,0.0,0.0,0.0
64,17,104,105,32,2,0,3,0,1.2,0.0,0.0,0.0
64,17,104,105,34,2,0,2,0,1.0,0.0,0.0,0.0
64,17,104,105,35,1,0,1,0,0.5,0.0,0.0,0.0
64,17,112,113,19,1,0,2,0,0.6666666666666666,0.0,0.0,0.0
64,17,112,113,20,1,0,3,0,0.75,0.0,0.0,0.0
64,17,112,113,22,1,0,6,0,0.8571428571428571,0.0,0.0,0.0
64,17,112,113,24,1,0,9,0,0.9,0.0,0.0,0.0
64,17,112,113,26,4,0,9,0,2.769230769230769,0.0,0.0,0.0
64,17,112,113,28,3,0,10,0,2.3076923076923075,0.0,0.0,0.0
64,17,112,113,29,2,0,10,0,1.6666666666666667,0.0,0.0,0.0
64,17,112,113,30,2,0,9,0,1.6363636363636365,0.0,0.0,0.0
64,17,152,153,16,1,0,1,0,0.5,0.0,0.0,0.0
64,17,160,161,8,2,0,1,0,0.6666666666666666,0.0,0.0,0.0
64,17,160,161,9,3,0,2,0,1.2,0.0,0.0,0.0
64,17,160,161,10,4,0,2,0,1.3333333333333333,0.0,0.0,0.0
64,17,160,161,11,4,0,2,0,1.3333333333333333,0.0,0.0,0.0
64,17,160,161,12,4,0,2,0,1.3333333333333333,0.0,0.0,0.0
64,17,160,161,13,4,0,2,0,1.3333333333333333,0.0,0.0,0.0
64,17,160,161,14,4,0,2,0,1.3333333333333333,0.0,0.0,0.0
64,17,160,161,15,3,0,2,0,1.2,0.0,0.0,0.0
64,17,160,161,16,2,0,2,0,1.0,0.0,0.0,0.0
64,17,160,161,17,1,0,1,0,0.5,0.0,0.0,0.0
64,17,168,169,8,2,0,1,0,0.6666666666666666,0.0,0.0,0.0
64,17,168,169,9,3,0,2,0,1.2,0.0,0.0,0.0
64,17,168,169,10,4,0,2,0,1.3333333333333333,0.0,0.0,0.0
64,17,168,169,11,4,0,2,0,1.3333333333333333,0.0,0.0,0.0
64,17,168,169,12,4,0,2,0,1.3333333333333333,0.0,0.0,0.0
64,17,168,169,13,4,0,2,0,1.3333333333333333,0.0,0.0,0.0
64,17,168,169,14,4,0,2,0,1.3333333333333333,0.0,0.0,0.0
64,17,168,169,15,3,0,2,0,1.2,0.0,0.0,0.0
64,17,168,169,16,2,0,2,0,1.0,0.0,0.0,0.0
64,17,168,169,17,1,0,1,0,0.5,0.0,0.0,0.0
64,17,176,177,8,2,0,1,0,0.6666666666666666,0.0,0.0,0.0
64,17,176,177,9,3,0,2,0,1.2,0.0,0.0,0.0
64,17,176,177,10,4,0,2,0,1.3333333333333333,0.0,0.0,0.0
64,17,176,177,11,4,0,2,0,1.3333333333333333,0.0,0.0,0.0
64,17,176,177,12,4,0,2,0,1.3333333333333333,0.0,0.0,0.0
64,17,176,177,13,4,0,2,0,1.3333333333333333,0.0,0.0,0.0
64,17,176,177,14,4,0,2,0,1.3333333333333333,0.0,0.0,0.0
64,17,176,177,15,3,0,2,0,1.2,0.0,0.0,0.0
64,17,176,177,16,2,0,2,0,1.0,0.0,0.0,0.0
64,17,176,177,17,1,0,1,0,0.5,0.0,0.0,0.0
64,17,184,185,8,2,0,1,0,0.6666666666666666,0.0,0.0,0.0
64,17,184,185,9,3,0,2,0,1.2,0.0,0.0,0.0
64,17,184,185,10,4,0,2,0,1.3333333333333333,0.0,0.0,0.0
64,17,184,185,11,4,0,2,0,1.3333333333333333,0.0,0.0,0.0
64,17,184,185,12,4,0,2,0,1.3333333333333333,0.0,0.0,0.0
64,17,184,185,13,4,0,2,0,1.3333333333333333,0.0,0.0,0.0
64,17,184,185,14,4,0,2,0,1.3333333333333333,0.0,0.0,0.0
64,17,184,185,15,3,0,2,0,1.2,0.0,0.0,0.0
64,17,184,185,16,2,0,2,0,1.0,0.0,0.0,0.0
64,17,184,185,17,1,0,1,0,0.5,0.0,0.0,0.0
64,17,192,193,7,1,0,1,0,0.5,0.0,0.0,0.0
64,17,192,193,8,2,0,2,0,1.0,0.0,0.0,0.0
64,17,192,193,9,2,0,4,0,1.3333333333333333,0.0,0.0,0.0
64,17,192,193,10,4,0,4,0,2.0,0.0,0.0,0.0
64,17,192,193,11,4,0,4,0,2.0,0.0,0.0,0.0
64,17,192,193,12,4,0,4,0,2.0,0.0,0.0,0.0
64,17,192,193,13,5,0,3,0,1.875,0.0,0.0,0.0
64,17,192,193,14,3,0,3,0,1.5,0.0,0.0,0.0
64,17,192,193,15,3,0,2,0,1.2,0.0,0.0,0.0
64,17,192,193,16,2,0,2,0,1.0,0.0,0.0,0.0
64,17,192,193,17,1,0,1,0,0.5,0.0,0.0,0.0
64,17,200,201,7,3,0,1,0,0.75,0.0,0.0,0.0
64,17,200,201,8,1,0,4,0,0.8,0.0,0.0,0.0
64,17,200,201,9,2,0,5,0,1.4285714285714286,0.0,0.0,0.0
64,17,200,201,10,3,0,6,0,2.0,0.0,0.0,0.0
64,17,200,201,11,4,0,6,0,2.4,0.0,0.0,0.0
64,17,200,201,12,4,0,6,0,2.4,0.0,0.0,0.0
64,17,200,201,13,4,0,6,0,2.4,0.0,0.0,0.0
64,17,200,201,14,3,0,6,0,2.0,0.0,0.0,0.0
64,17,200,201,15,2,0,5,0,1.4285714285714286,0.0,0.0,0.0
64,17,200,201,16,2,0,4,0,1.3333333333333333,0.0,0.0,0.0
64,17,200,201,17,2,0,2,0,1.0,0.0,0.0,0.0
64,17,200,201,18,1,0,3,0,0.75,0.0,0.0,0.0
64,17,208,209,6,3,0,1,0,0.75,0.0,0.0,0.0
64,17,208,209,7,2,0,4,0,1.3333333333333333,0.0,0.0,0.0
64,17,208,209,8,2,0,6,0,1.5,0.0,0.0,0.0
64,17,208,209,9,2,0,8,0,1.6,0.0,0.0,0.0
64,17,208,209,10,1,0,10,0,0.9090909090909091,0.0,0.0,0.0
64,17,208,209,11,3,0,10,0,2.3076923076923075,0.0,0.0,0.0
64,17,208,209,12,4,0,10,0,2.857142857142857,0.0,0.0,0.0
64,17,208,209,13,3,0,9,0,2.25,0.0,0.0,0.0
64,17,208,209,14,2,0,8,0,1.6,0.0,0.0,0.0
64,17,208,209,15,3,0,6,0,2.0,0.0,0.0,0.0
64,17,208,209,16,1,0,6,0,0.8571428571428571,0.0,0.0,0.0
64,17,208,209,17,4,0,2,0,1.3333333333333333,0.0,0.0,0.0
64,17,208,209,18,1,0,3,0,0.75,0.0,0.0,0.0
64,17,216,217,3,2,0,3,0,1.2,0.0,0.0,0.0
64,17,216,217,4,3,0,4,0,1.7142857142857142,0.0,0.0,0.0
64,17,216,217,5,3,0,6,0,2.0,0.0,0.0,0.0
64,17,216,217,6,3,0,7,0,2.1,0.0,0.0,0.0
64,17,216,217,7,5,0,7,0,2.9166666666666665,0.0,0.0,0.0
64,17,216,217,8,3,0,8,0,2.1818181818181817,0.0,0.0,0.0
64,17,216,217,9,2,0,10,0,1.6666666666666667,0.0,0.0,0.0
64,17,216,217,10,3,0,11,0,2.357142857142857,0.0,0.0,0.0
64,17,216,217,12,1,0,14,0,0.9333333333333333,0.0,0.0,0.0
64,17,216,217,13,1,0,14,0,0.9333333333333333,0.0,0.0,0.0
64,17,216,217,18,4,0,4,0,2.0,0.0,0.0,0.0
64,17,216,217,19,1,0,5,0,0.8333333333333334,0.0,0.0,0.0
64,17,224,225,6,1,0,14,0,0.9333333333333333,0.0,0.0,0.0
64,17,224,225,7,1,0,15,0,0.9375,0.0,0.0,0.0
64,17,224,225,8,3,0,14,0,2.4705882352941178,0.0,0.0,0.0
64,17,224,225,9,1,0,14,0,0.9333333333333333,0.0,0.0,0.0
64,17,224,225,10,2,0,14,0,1.75,0.0,0.0,0.0
64,17,224,225,19,2,0,6,0,1.5,0.0,0.0,0.0
64,18,16,17,14,2,0,2,0,1.0,0.0,0.0,0.0
64,18,16,17,15,17,16,4,0,3.238095238095238,0.9411764705882353,0.0,0.9411764705882353
64,18,24,25,20,1,1,1,0,0.5,1.0,0.0,1.0
64,18,24,25,21,17,16,1,0,0.9444444444444444,0.9411764705882353,0.0,0.9411764705882353
64,18,32,33,25,5,5,1,0,0.8333333333333334,1.0,0.0,1.0
64,18,32,33,26,2,0,5,0,1.4285714285714286,0.0,0.0,0.0
64,18,32,33,27,8,4,6,0,3.4285714285714284,0.5,0.0,0.5
64,18,40,41,1,2,0,2,0,1.0,0.0,0.0,0.0
64,18,40,41,2,2,0,4,0,1.3333333333333333,0.0,0.0,0.0
64,18,40,41,3,1,0,6,0,0.8571428571428571,0.0,0.0,0.0
64,18,40,41,4,2,0,7,0,1.5555555555555556,0.0,0.0,0.0
64,18,40,41,5,1,0,9,0,0.9,0.0,0.0,0.0
64,18,40,41,6,1,0,10,0,0.9090909090909091,0.0,0.0,0.0
64,18,40,41,7,1,0,11,0,0.9166666666666666,0.0,0.0,0.0
64,18,40,41,8,1,0,12,0,0.9230769230769231,0.0,0.0,0.0
64,18,40,41,10,1,0,15,0,0.9375,0.0,0.0,0.0
64,18,40,41,11,1,0,15,0,0.9375,0.0,0.0,0.0
64,18,40,41,12,4,0,11,0,2.933333333333333,0.0,0.0,0.0
64,18,40,41,18,2,0,3,0,1.2,0.0,0.0,0.0
64,18,40,41,31,8,6,1,0,0.8888888888888888,0.75,0.0,0.75
64,18,40,41,32,2,1,9,0,1.6363636363636365,0.5,0.0,0.5
64,18,40,41,33,6,0,12,0,4.0,0.0,0.0,0.0
64,18,48,49,10,1,1,17,0,0.9444444444444444,1.0,0.0,1.0
64,18,48,49,20,1,0,3,0,0.75,0.0,0.0,0.0
64,18,48,49,34,3,0,2,0,1.2,0.0,0.0,0.0
64,18,48,49,35,4,3,4,0,2.0,0.75,0.0,0.75
64,18,48,49,37,9,9,11,0,4.95,1.0,0.0,1.0
64,18,48,49,38,1,1,21,0,0.9545454545454546,1.0,0.0,1.0
64,18,56,57,11,2,0,18,0,1.8,0.0,0.0,0.0
64,18,56,57,12,3,0,16,0,2.526315789473684,0.0,0.0,0.0
64,18,56,57,13,1,0,14,0,0.9333333333333333,0.0,0.0,0.0
64,18,56,57,14,1,0,12,0,0.9230769230769231,0.0,0.0,0.0
64,18,56,57,22,2,0,2,0,1.0,0.0,0.0,0.0
64,18,56,57,23,2,0,1,0,0.6666666666666666,0.0,0.0,0.0
64,18,56,57,24,2,0,1,0,0.6666666666666666,0.0,0.0,0.0
64,18,56,57,25,2,0,1,0,0.6666666666666666,0.0,0.0,0.0
64,18,56,57,36,1,1,2,0,0.6666666666666666,1.0,0.0,1.0
64,18,56,57,37,3,2,3,0,1.5,0.6666666666666666,0.0,0.6666666666666666
64,18,56,57,38,1,1,6,0,0.8571428571428571,1.0,0.0,1.0
64,18,56,57,39,5,4,6,0,2.727272727272727,0.8,0.0,0.8
64,18,56,57,40,2,0,10,0,1.6666666666666667,0.0,0.0,0.0
64,18,56,57,41,8,6,10,0,4.444444444444445,0.75,0.0,0.75
64,18,56,57,42,1,0,17,0,0.9444444444444444,0.0,0.0,0.0
64,18,56,57,43,2,2,17,0,1.7894736842105263,1.0,0.0,1.0
64,18,64,65,11,2,0,18,0,1.8,0.0,0.0,0.0
64,18,64,65,12,2,0,17,0,1.7894736842105263,0.0,0.0,0.0
64,18,64,65,13,2,0,15,0,1.7647058823529411,0.0,0.0,0.0
64,18,64,65,14,2,0,13,0,1.7333333333333334,0.0,0.0,0.0
64,18,64,65,15,2,0,11,0,1.6923076923076923,0.0,0.0,0.0
64,18,64,65,16,2,0,9,0,1.6363636363636365,0.0,0.0,0.0
64,18,64,65,17,2,0,7,0,1.5555555555555556,0.0,0.0,0.0
64,18,64,65,18,3,0,5,0,1.875,0.0,0.0,0.0
64,18,64,65,19,2,0,4,0,1.3333333333333333,0.0,0.0,0.0
64,18,64,65,20,3,1,4,0,1.7142857142857142,0.3333333333333333,0.0,0.3333333333333333
64,18,64,65,21,2,0,4,0,1.3333333333333333,0.0,0.0,0.0
64,18,64,65,22,2,0,4,0,1.3333333333333333,0.0,0.0,0.0
64,18,64,65,24,2,0,5,0,1.4285714285714286,0.0,0.0,0.0
64,18,64,65,26,2,0,5,0,1.4285714285714286,0.0,0.0,0.0
64,18,64,65,27,1,0,5,0,0.8333333333333334,0.0,0.0,0.0
64,18,64,65,28,3,0,3,0,1.5,0.0,0.0,0.0
64,18,64,65,29,2,0,3,0,1.2,0.0,0.0,0.0
64,18,64,65,30,2,0,3,0,1.2,0.0,0.0,0.0
64,18,64,65,31,3,0,2,0,1.2,0.0,0.0,0.0
64,18,64,65,46,3,1,7,0,2.1,0.3333333333333333,0.0,0.3333333333333333
64,18,64,65,47,4,2,8,0,2.6666666666666665,0.5,0.0,0.5
64,18,64,65,48,2,0,10,0,1.6666666666666667,0.0,0.0,0.0
64,18,64,65,49,2,1,10,0,1.6666666666666667,0.5,0.0,0.5
64,18,72,73,12,2,0,19,0,1.8095238095238095,0.0,0.0,0.0
64,18,72,73,13,2,0,17,0,1.7894736842105263,0.0,0.0,0.0
64,18,72,73,14,2,0,15,0,1.7647058823529411,0.0,0.0,0.0
64,18,72,73,15,2,0,13,0,1.7333333333333334,0.0,0.0,0.0
64,18,72,73,16,2,0,11,0,1.6923076923076923,0.0,0.0,0.0
64,18,72,73,17,2,0,9,0,1.6363636363636365,0.0,0.0,0.0
64,18,72,73,18,2,0,8,0,1.6,0.0,0.0,0.0
64,18,72,73,19,2,0,7,0,1.5555555555555556,0.0,0.0,0.0
64,18,72,73,20,2,0,7,0,1.5555555555555556,0.0,0.0,0.0
64,18,72,73,21,2,0,6,0,1.5,0.0,0.0,0.0
64,18,72,73,22,2,0,6,0,1.5,0.0,0.0,0.0
64,18,72,73,23,2,0,5,0,1.4285714285714286,0.0,0.0,0.0
64,18,72,73,28,1,0,10,0,0.9090909090909091,0.0,0.0,0.0
64,18,72,73,30,2,0,10,0,1.6666666666666667,0.0,0.0,0.0
64,18,72,73,31,1,0,11,0,0.9166666666666666,0.0,0.0,0.0
64,18,72,73,32,4,1,9,0,2.769230769230769,0.25,0.0,0.25
64,18,72,73,33,2,0,8,0,1.6,0.0,0.0,0.0
64,18,72,73,34,3,0,7,0,2.1,0.0,0.0,0.0
64,18,72,73,35,1,0,7,0,0.875,0.0,0.0,0.0
64,18,72,73,36,2,0,5,0,1.4285714285714286,0.0,0.0,0.0
64,18,72,73,37,1,0,3,0,0.75,0.0,0.0,0.0
64,18,72,73,38,1,0,1,0,0.5,0.0,0.0,0.0
64,18,72,73,53,2,2,2,0,1.0,1.0,0.0,1.0
64,18,80,81,14,2,0,19,0,1.8095238095238095,0.0,0.0,0.0
64,18,80,81,15,2,0,17,0,1.7894736842105263,0.0,0.0,0.0
64,18,80,81,16,2,0,15,0,1.7647058823529411,0.0,0.0,0.0
64,18,80,81,17,1,0,14,0,0.9333333333333333,0.0,0.0,0.0
64,18,80,81,18,3,0,12,0,2.4,0.0,0.0,0.0
64,18,80,81,20,3,0,12,0,2.4,0.0,0.0,0.0
64,18,80,81,22,4,0,11,0,2.933333333333333,0.0,0.0,0.0
64,18,80,81,24,5,0,9,0,3.2142857142857144,0.0,0.0,0.0
64,18,80,81,26,2,0,9,0,1.6363636363636365,0.0,0.0,0.0
64,18,80,81,32,1,0,15,0,0.9375,0.0,0.0,0.0
64,18,80,81,44,2,0,1,0,0.6666666666666666,0.0,0.0,0.0
64,18,88,89,32,1,0,15,0,0.9375,0.0,0.0,0.0
64,18,88,89,33,1,0,15,0,0.9375,0.0,0.0,0.0
64,18,88,89,34,1,0,15,0,0.9375,0.0,0.0,0.0
64,18,96,97,33,2,0,16,0,1.7777777777777777,0.0,0.0,0.0
64,18,96,97,34,2,0,16,0,1.7777777777777777,0.0,0.0,0.0
64,18,96,97,35,2,0,16,0,1.7777777777777777,0.0,0.0,0.0
64,18,96,97,36,3,0,14,0,2.4705882352941178,0.0,0.0,0.0
64,18,96,97,37,1,0,12,0,0.9230769230769231,0.0,0.0,0.0
64,18,96,97,38,2,0,10,0,1.6666666666666667,0.0,0.0,0.0
64,18,96,97,39,1,0,8,0,0.8888888888888888,0.0,0.0,0.0
64,18,96,97,40,1,0,7,0,0.875,0.0,0.0,0.0
64,18,96,97,41,1,0,6,0,0.8571428571428571,0.0,0.0,0.0
64,18,96,97,42,1,0,5,0,0.8333333333333334,0.0,0.0,0.0
64,18,96,97,43,1,0,4,0,0.8,0.0,0.0,0.0
64,18,96,97,44,1,0,3,0,0.75,0.0,0.0,0.0
64,18,96,97,45,1,0,2,0,0.6666666666666666,0.0,0.0,0.0
64,18,96,97,46,1,0,1,0,0.5,0.0,0.0,0.0
64,18,104,105,33,2,0,16,0,1.7777777777777777,0.0,0.0,0.0
64,18,104,105,34,2,0,16,0,1.7777777777777777,0.0,0.0,0.0
64,18,104,105,35,2,0,16,0,1.7777777777777777,0.0,0.0,0.0
64,18,104,105,36,2,0,15,0,1.7647058823529411,0.0,0.0,0.0
64,18,104,105,37,2,0,13,0,1.7333333333333334,0.0,0.0,0.0
64,18,104,105,38,2,0,11,0,1.6923076923076923,0.0,0.0,0.0
64,18,104,105,39,2,0,9,0,1.6363636363636365,0.0,0.0,0.0
64,18,104,105,40,2,0,8,0,1.6,0.0,0.0,0.0
64,18,104,105,41,2,0,7,0,1.5555555555555556,0.0,0.0,0.0
64,18,104,105,42,2,0,6,0,1.5,0.0,0.0,0.0
64,18,104,105,43,2,0,5,0,1.4285714285714286,0.0,0.0,0.0
64,18,104,105,44,2,0,4,0,1.3333333333333333,0.0,0.0,0.0
64,18,104,105,45,2,0,3,0,1.2,0.0,0.0,0.0
64,18,104,105,46,2,0,2,0,1.0,0.0,0.0,0.0
64,18,104,105,47,2,0,1,0,0.6666666666666666,0.0,0.0,0.0
64,18,112,113,34,2,0,18,0,1.8,0.0,0.0,0.0
64,18,112,113,35,2,0,18,0,1.8,0.0,0.0,0.0
64,18,112,113,36,2,0,17,0,1.7894736842105263,0.0,0.0,0.0
64,18,112,113,37,2,0,15,0,1.7647058823529411,0.0,0.0,0.0
64,18,112,113,38,2,0,13,0,1.7333333333333334,0.0,0.0,0.0
64,18,112,113,39,2,0,11,0,1.6923076923076923,0.0,0.0,0.0
64,18,112,113,40,2,0,10,0,1.6666666666666667,0.0,0.0,0.0
64,18,112,113,41,2,0,9,0,1.6363636363636365,0.0,0.0,0.0
64,18,112,113,42,2,0,8,0,1.6,0.0,0.0,0.0
64,18,112,113,43,2,0,7,0,1.5555555555555556,0.0,0.0,0.0
64,18,112,113,44,2,0,6,0,1.5,0.0,0.0,0.0
64,18,112,113,45,2,0,5,0,1.4285714285714286,0.0,0.0,0.0
64,18,112,113,46,4,0,2,0,1.3333333333333333,0.0,0.0,0.0
64,18,112,113,47,1,0,2,0,0.6666666666666666,0.0,0.0,0.0
64,18,120,121,35,2,0,20,0,1.8181818181818181,0.0,0.0,0.0
64,18,120,121,36,2,0,19,0,1.8095238095238095,0.0,0.0,0.0
64,18,120,121,37,1,0,18,0,0.9473684210526315,0.0,0.0,0.0
64,18,120,121,38,2,0,16,0,1.7777777777777777,0.0,0.0,0.0
64,18,120,121,39,2,0,14,0,1.75,0.0,0.0,0.0
64,18,120,121,40,2,0,13,0,1.7333333333333334,0.0,0.0,0.0
64,18,120,121,41,2,0,12,0,1.7142857142857142,0.0,0.0,0.0
64,18,120,121,42,3,0,10,0,2.3076923076923075,0.0,0.0,0.0
64,18,120,121,43,1,0,10,0,0.9090909090909091,0.0,0.0,0.0
64,18,120,121,44,3,0,8,0,2.1818181818181817,0.0,0.0,0.0
64,18,120,121,45,2,0,7,0,1.5555555555555556,0.0,0.0,0.0
64,18,120,121,46,3,0,5,0,1.875,0.0,0.0,0.0
64,18,120,121,47,1,0,5,0,0.8333333333333334,0.0,0.0,0.0
64,18,120,121,48,3,0,3,0,1.5,0.0,0.0,0.0
64,18,120,121,49,2,0,1,0,0.6666666666666666,0.0,0.0,0.0
64,18,128,129,38,1,0,22,0,0.9565217391304348,0.0,0.0,0.0
64,18,128,129,40,1,0,20,0,0.9523809523809523,0.0,0.0,0.0
64,18,128,129,41,1,0,19,0,0.95,0.0,0.0,0.0
64,18,128,129,42,1,0,18,0,0.9473684210526315,0.0,0.0,0.0
64,18,128,129,44,2,0,16,0,1.7777777777777777,0.0,0.0,0.0
64,18,128,129,46,2,0,14,0,1.75,0.0,0.0,0.0
64,18,128,129,47,1,0,13,0,0.9285714285714286,0.0,0.0,0.0
64,18,128,129,48,2,0,11,0,1.6923076923076923,0.0,0.0,0.0
64,18,128,129,50,4,0,5,0,2.2222222222222223,0.0,0.0,0.0
64,18,128,129,51,1,0,3,0,0.75,0.0,0.0,0.0
64,19,16,17,14,1,1,2,0,0.6666666666666666,1.0,0.0,1.0
64,19,16,17,15,6,4,3,0,2.0,0.6666666666666666,0.0,0.6666666666666666
64,19,24,25,20,1,0,2,0,0.6666666666666666,0.0,0.0,0.0
64,19,24,25,21,12,9,2,0,1.7142857142857142,0.75,0.0,0.75
64,19,32,33,26,4,2,1,0,0.8,0.5,0.0,0.5
64,19,32,33,27,10,1,3,0,2.3076923076923075,0.1,0.0,0.1
64,19,40,41,4,5,0,11,0,3.4375,0.0,0.0,0.0
64,19,40,41,6,2,0,15,0,1.7647058823529411,0.0,0.0,0.0
64,19,40,41,7,1,0,17,0,0.9444444444444444,0.0,0.0,0.0
64,19,40,41,8,1,0,17,0,0.9444444444444444,0.0,0.0,0.0
64,19,40,41,9,1,0,15,0,0.9375,0.0,0.0,0.0
64,19,40,41,10,6,0,8,0,3.4285714285714284,0.0,0.0,0.0
64,19,40,41,11,1,0,6,0,0.8571428571428571,0.0,0.0,0.0
64,19,40,41,12,1,0,4,0,0.8,0.0,0.0,0.0
64,19,48,49,10,3,0,14,0,2.4705882352941178,0.0,0.0,0.0
64,19,56,57,12,2,0,9,0,1.6363636363636365,0.0,0.0,0.0
64,19,56,57,13,2,0,6,0,1.5,0.0,0.0,0.0
64,19,56,57,14,3,0,3,0,1.5,0.0,0.0,0.0
64,19,56,57,15,1,0,1,0,0.5,0.0,0.0,0.0
64,19,64,65,13,2,0,8,0,1.6,0.0,0.0,0.0
64,19,64,65,14,2,0,6,0,1.5,0.0,0.0,0.0
64,19,64,65,15,2,0,4,0,1.3333333333333333,0.0,0.0,0.0
64,19,64,65,16,2,0,3,0,1.2,0.0,0.0,0.0
64,19,64,65,17,2,0,3,0,1.2,0.0,0.0,0.0
64,19,64,65,18,3,0,2,0,1.2,0.0,0.0,0.0
64,19,64,65,19,1,0,3,0,0.75,0.0,0.0,0.0
64,19,64,65,20,4,0,1,0,0.8,0.0,0.0,0.0
64,19,64,65,21,2,0,1,0,0.6666666666666666,0.0,0.0,0.0
64,19,64,65,22,2,0,1,0,0.6666666666666666,0.0,0.0,0.0
64,19,64,65,23,2,0,1,0,0.6666666666666666,0.0,0.0,0.0
64,19,64,65,24,2,0,1,0,0.6666666666666666,0.0,0.0,0.0
64,19,64,65,25,2,0,1,0,0.6666666666666666,0.0,0.0,0.0
64,19,72,73,15,1,0,9,0,0.9,0.0,0.0,0.0
64,19,72,73,16,1,0,9,0,0.9,0.0,0.0,0.0
64,19,72,73,18,1,0,10,0,0.9090909090909091,0.0,0.0,0.0
64,19,72,73,19,1,0,10,0,0.9090909090909091,0.0,0.0,0.0
64,19,72,73,20,1,0,10,0,0.9090909090909091,0.0,0.0,0.0
64,19,72,73,21,1,0,10,0,0.9090909090909091,0.0,0.0,0.0
64,19,72,73,22,2,0,9,0,1.6363636363636365,0.0,0.0,0.0
64,19,72,73,23,1,0,9,0,0.9,0.0,0.0,0.0
64,19,72,73,24,2,0,8,0,1.6,0.0,0.0,0.0
64,19,72,73,25,1,0,8,0,0.8888888888888888,0.0,0.0,0.0
64,19,72,73,26,4,0,5,0,2.2222222222222223,0.0,0.0,0.0
64,19,72,73,27,2,0,4,0,1.3333333333333333,0.0,0.0,0.0
64,19,80,81,32,2,0,1,0,0.6666666666666666,0.0,0.0,0.0
64,20,16,17,16,1,0,10,0,0.9090909090909091,0.0,0.0,0.0
64,20,40,41,2,4,0,1,0,0.8,0.0,0.0,0.0
64,20,40,41,4,2,0,5,0,1.4285714285714286,0.0,0.0,0.0
64,20,40,41,5,2,0,7,0,1.5555555555555556,0.0,0.0,0.0
64,20,40,41,6,2,0,9,0,1.6363636363636365,0.0,0.0,0.0
64,20,40,41,7,1,0,10,0,0.9090909090909091,0.0,0.0,0.0
64,20,40,41,8,2,0,10,0,1.6666666666666667,0.0,0.0,0.0
64,20,40,41,10,1,0,12,0,0.9230769230769231,0.0,0.0,0.0
64,20,40,41,12,3,0,11,0,2.357142857142857,0.0,0.0,0.0
64,20,40,41,13,1,0,11,0,0.9166666666666666,0.0,0.0,0.0
64,20,40,41,14,7,0,5,0,2.9166666666666665,0.0,0.0,0.0
64,20,40,41,15,2,0,4,0,1.3333333333333333,0.0,0.0,0.0
64,20,48,49,8,2,0,16,0,1.7777777777777777,0.0,0.0,0.0
64,20,48,49,9,1,0,15,0,0.9375,0.0,0.0,0.0
64,20,48,49,10,1,0,15,0,0.9375,0.0,0.0,0.0
64,21,32,33,27,4,2,2,0,1.3333333333333333,0.5,0.0,0.5
64,21,40,41,3,1,0,3,0,0.75,0.0,0.0,0.0
64,21,40,41,4,3,0,3,0,1.5,0.0,0.0,0.0
64,21,40,41,5,1,0,5,0,0.8333333333333334,0.0,0.0,0.0
64,21,40,41,6,3,0,5,0,1.875,0.0,0.0,0.0
64,21,40,41,7,2,0,6,0,1.5,0.0,0.0,0.0
64,21,40,41,8,2,0,7,0,1.5555555555555556,0.0,0.0,0.0
64,21,40,41,10,2,0,7,0,1.5555555555555556,0.0,0.0,0.0
64,21,40,41,11,1,0,7,0,0.875,0.0,0.0,0.0
64,21,40,41,12,2,0,6,0,1.5,0.0,0.0,0.0
64,21,40,41,13,2,0,5,0,1.4285714285714286,0.0,0.0,0.0
64,21,40,41,14,2,0,4,0,1.3333333333333333,0.0,0.0,0.0
64,21,40,41,15,2,0,3,0,1.2,0.0,0.0,0.0
64,21,40,41,29,1,1,1,0,0.5,1.0,0.0,1.0
64,21,40,41,30,1,0,2,0,0.6666666666666666,0.0,0.0,0.0
64,21,40,41,31,3,3,3,0,1.5,1.0,0.0,1.0
64,21,40,41,32,2,0,5,0,1.4285714285714286,0.0,0.0,0.0
64,21,40,41,33,5,3,6,0,2.727272727272727,0.6,0.0,0.6
64,21,40,41,34,1,0,11,0,0.9166666666666666,0.0,0.0,0.0
64,21,40,41,35,2,0,12,0,1.7142857142857142,0.0,0.0,0.0
64,21,48,49,12,2,0,17,0,1.7894736842105263,0.0,0.0,0.0
64,21,48,49,13,1,0,16,0,0.9411764705882353,0.0,0.0,0.0
64,21,48,49,14,3,0,11,0,2.357142857142857,0.0,0.0,0.0
64,21,48,49,22,1,0,2,0,0.6666666666666666,0.0,0.0,0.0
64,21,48,49,34,1,0,4,0,0.8,0.0,0.0,0.0
64,21,48,49,35,6,2,4,0,2.4,0.3333333333333333,0.0,0.3333333333333333
64,21,48,49,36,1,0,7,0,0.875,0.0,0.0,0.0
64,21,48,49,37,6,2,6,0,3.0,0.3333333333333333,0.0,0.3333333333333333
64,21,48,49,38,3,0,9,0,2.25,0.0,0.0,0.0
64,21,48,49,39,5,2,8,0,3.076923076923077,0.4,0.0,0.4
64,21,48,49,41,3,0,8,0,2.1818181818181817,0.0,0.0,0.0
64,21,56,57,23,1,0,2,0,0.6666666666666666,0.0,0.0,0.0
64,21,56,57,29,2,0,5,0,1.4285714285714286,0.0,0.0,0.0
64,21,56,57,30,1,0,7,0,0.875,0.0,0.0,0.0
64,21,56,57,31,1,0,8,0,0.8888888888888888,0.0,0.0,0.0
64,21,56,57,32,1,0,8,0,0.8888888888888888,0.0,0.0,0.0
64,21,56,57,34,1,0,9,0,0.9,0.0,0.0,0.0
64,21,56,57,36,1,0,10,0,0.9090909090909091,0.0,0.0,0.0
64,21,56,57,38,1,0,11,0,0.9166666666666666,0.0,0.0,0.0
64,21,56,57,39,1,0,11,0,0.9166666666666666,0.0,0.0,0.0
64,21,56,57,41,1,0,8,0,0.8888888888888888,0.0,0.0,0.0
64,21,56,57,42,1,0,8,0,0.8888888888888888,0.0,0.0,0.0
64,21,56,57,43,1,0,8,0,0.8888888888888888,0.0,0.0,0.0
64,21,64,65,35,2,0,12,0,1.7142857142857142,0.0,0.0,0.0
64,21,64,65,37,1,0,13,0,0.9285714285714286,0.0,0.0,0.0
64,21,64,65,39,2,0,13,0,1.7333333333333334,0.0,0.0,0.0
64,22,16,17,15,26,26,3,0,2.689655172413793,1.0,0.0,1.0
64,22,24,25,20,4,0,5,0,2.2222222222222223,0.0,0.0,0.0
64,22,24,25,21,28,22,11,0,7.897435897435898,0.7857142857142857,0.0,0.7857142857142857
64,22,32,33,22,2,0,2,0,1.0,0.0,0.0,0.0
64,22,32,33,23,6,2,4,0,2.4,0.3333333333333333,0.0,0.3333333333333333
64,22,32,33,24,2,0,11,0,1.6923076923076923,0.0,0.0,0.0
64,22,32,33,25,13,10,14,0,6.7407407407407405,0.7692307692307693,0.0,0.7692307692307693
64,22,32,33,26,14,7,24,1,8.842105263157896,0.5,0.041666666666666664,0.4583333333333333
64,22,32,33,27,21,8,33,0,12.833333333333334,0.38095238095238093,0.0,0.38095238095238093
64,22,40,41,21,1,0,3,0,0.75,0.0,0.0,0.0
64,22,40,41,22,4,0,3,0,1.7142857142857142,0.0,0.0,0.0
64,22,40,41,23,3,2,5,0,1.875,0.6666666666666666,0.0,0.6666666666666666
64,22,40,41,24,6,1,6,0,3.0,0.16666666666666666,0.0,0.16666666666666666
64,22,40,41,25,4,2,7,0,2.5454545454545454,0.5,0.0,0.5
64,22,40,41,26,5,0,9,0,3.2142857142857144,0.0,0.0,0.0
64,22,40,41,27,5,2,10,0,3.3333333333333335,0.4,0.0,0.4
64,22,40,41,28,5,0,10,0,3.3333333333333335,0.0,0.0,0.0
64,22,40,41,29,8,4,9,0,4.235294117647059,0.5,0.0,0.5
64,22,40,41,31,10,6,14,0,5.833333333333333,0.6,0.0,0.6
64,22,40,41,32,5,0,23,0,4.107142857142857,0.0,0.0,0.0
64,22,40,41,33,13,10,26,0,8.666666666666666,0.7692307692307693,0.0,0.7692307692307693
64,22,48,49,13,1,0,1,0,0.5,0.0,0.0,0.0
64,22,48,49,14,2,0,2,0,1.0,0.0,0.0,0.0
64,22,48,49,16,2,0,5,0,1.4285714285714286,0.0,0.0,0.0
64,22,48,49,18,2,0,7,0,1.5555555555555556,0.0,0.0,0.0
64,22,48,49,19,1,0,9,0,0.9,0.0,0.0,0.0
64,22,48,49,20,2,0,10,0,1.6666666666666667,0.0,0.0,0.0
64,22,48,49,22,1,0,12,0,0.9230769230769231,0.0,0.0,0.0
64,22,48,49,24,1,0,13,0,0.9285714285714286,0.0,0.0,0.0
64,22,48,49,25,1,0,14,0,0.9333333333333333,0.0,0.0,0.0
64,22,48,49,26,1,0,14,0,0.9333333333333333,0.0,0.0,0.0
64,22,48,49,27,2,0,11,0,1.6923076923076923,0.0,0.0,0.0
64,22,48,49,31,5,5,7,0,2.9166666666666665,1.0,0.0,1.0
64,22,48,49,32,5,1,9,0,3.2142857142857144,0.2,0.0,0.2
64,22,48,49,33,5,3,11,0,3.4375,0.6,0.0,0.6
64,22,48,49,34,3,0,13,0,2.4375,0.0,0.0,0.0
64,22,48,49,35,7,4,13,0,4.55,0.5714285714285714,0.0,0.5714285714285714
64,22,48,49,36,1,0,16,0,0.9411764705882353,0.0,0.0,0.0
64,22,48,49,37,5,4,13,0,3.611111111111111,0.8,0.0,0.8
64,22,56,57,30,1,0,8,0,0.8888888888888888,0.0,0.0,0.0
64,22,56,57,35,1,0,3,0,0.75,0.0,0.0,0.0
64,22,56,57,36,1,0,3,0,0.75,0.0,0.0,0.0
64,22,56,57,37,4,4,3,0,1.7142857142857142,1.0,0.0,1.0
64,22,56,57,38,1,1,6,0,0.8571428571428571,1.0,0.0,1.0
64,22,56,57,39,5,4,5,0,2.5,0.8,0.0,0.8
64,22,56,57,40,2,0,8,0,1.6,0.0,0.0,0.0
64,22,56,57,41,3,2,8,0,2.1818181818181817,0.6666666666666666,0.0,0.6666666666666666
64,22,56,57,42,1,0,11,0,0.9166666666666666,0.0,0.0,0.0
64,22,56,57,43,4,2,12,0,3.0,0.5,0.0,0.5
64,22,56,57,44,2,0,16,0,1.7777777777777777,0.0,0.0,0.0
64,22,56,57,45,3,2,17,0,2.55,0.6666666666666666,0.0,0.6666666666666666
64,22,64,65,5,1,0,1,0,0.5,0.0,0.0,0.0
64,22,64,65,6,3,0,1,0,0.75,0.0,0.0,0.0
64,22,64,65,7,1,0,2,0,0.6666666666666666,0.0,0.0,0.0
64,22,64,65,8,2,0,1,0,0.6666666666666666,0.0,0.0,0.0
64,22,64,65,9,1,0,1,0,0.5,0.0,0.0,0.0
64,22,64,65,10,1,0,1,0,0.5,0.0,0.0,0.0
64,22,64,65,31,1,0,8,0,0.8888888888888888,0.0,0.0,0.0
64,22,64,65,32,1,0,7,0,0.875,0.0,0.0,0.0
64,22,64,65,33,1,0,6,0,0.8571428571428571,0.0,0.0,0.0
64,22,64,65,34,1,0,5,0,0.8333333333333334,0.0,0.0,0.0
64,22,64,65,35,1,0,4,0,0.8,0.0,0.0,0.0
64,22,64,65,36,2,0,2,0,1.0,0.0,0.0,0.0
64,22,64,65,37,1,0,1,0,0.5,0.0,0.0,0.0
64,22,64,65,38,1,0,1,0,0.5,0.0,0.0,0.0
64,22,64,65,40,1,0,1,0,0.5,0.0,0.0,0.0
64,22,64,65,41,1,1,2,0,0.6666666666666666,1.0,0.0,1.0
64,22,64,65,42,2,0,3,0,1.2,0.0,0.0,0.0
64,22,64,65,43,2,1,4,0,1.3333333333333333,0.5,0.0,0.5
64,22,64,65,44,3,0,4,0,1.7142857142857142,0.0,0.0,0.0
64,22,64,65,45,8,6,4,0,2.6666666666666665,0.75,0.0,0.75
64,22,64,65,46,3,0,9,0,2.25,0.0,0.0,0.0
64,22,64,65,47,5,4,9,1,3.2142857142857144,0.8,0.1111111111111111,0.6888888888888889
64,22,64,65,48,1,0,12,0,0.9230769230769231,0.0,0.0,0.0
64,22,64,65,49,4,4,11,0,2.933333333333333,1.0,0.0,1.0
64,22,64,65,50,1,1,14,0,0.9333333333333333,1.0,0.0,1.0
64,22,64,65,51,4,3,14,0,3.111111111111111,0.75,0.0,0.75
64,22,64,65,52,1,0,17,0,0.9444444444444444,0.0,0.0,0.0
64,22,64,65,53,1,1,17,0,0.9444444444444444,1.0,0.0,1.0
64,22,72,73,2,1,0,4,0,0.8,0.0,0.0,0.0
64,22,72,73,4,1,0,7,0,0.875,0.0,0.0,0.0
64,22,72,73,5,2,0,8,0,1.6,0.0,0.0,0.0
64,22,72,73,6,3,0,8,0,2.1818181818181817,0.0,0.0,0.0
64,22,72,73,7,1,0,8,0,0.8888888888888888,0.0,0.0,0.0
64,22,72,73,8,5,0,4,0,2.2222222222222223,0.0,0.0,0.0
64,22,72,73,9,3,0,3,0,1.5,0.0,0.0,0.0
64,22,72,73,10,3,0,3,0,1.5,0.0,0.0,0.0
64,22,72,73,11,1,0,3,0,0.75,0.0,0.0,0.0
64,22,72,73,12,3,0,3,0,1.5,0.0,0.0,0.0
64,22,72,73,32,1,0,8,0,0.8888888888888888,0.0,0.0,0.0
64,22,72,73,34,2,0,6,0,1.5,0.0,0.0,0.0
64,22,72,73,36,2,0,4,0,1.3333333333333333,0.0,0.0,0.0
64,22,72,73,37,1,0,3,0,0.75,0.0,0.0,0.0
64,22,72,73,38,1,0,3,0,0.75,0.0,0.0,0.0
64,22,72,73,39,1,0,3,0,0.75,0.0,0.0,0.0
64,22,72,73,40,1,0,4,0,0.8,0.0,0.0,0.0
64,22,72,73,41,1,0,5,0,0.8333333333333334,0.0,0.0,0.0
64,22,72,73,42,2,0,5,0,1.4285714285714286,0.0,0.0,0.0
64,22,72,73,43,2,0,5,0,1.4285714285714286,0.0,0.0,0.0
64,22,72,73,44,2,0,4,0,1.3333333333333333,0.0,0.0,0.0
64,22,72,73,46,1,0,5,0,0.8333333333333334,0.0,0.0,0.0
64,22,72,73,48,2,0,5,0,1.4285714285714286,0.0,0.0,0.0
64,22,72,73,49,1,0,5,0,0.8333333333333334,0.0,0.0,0.0
64,22,72,73,50,3,0,3,0,1.5,0.0,0.0,0.0
64,22,72,73,51,1,0,3,0,0.75,0.0,0.0,0.0
64,22,72,73,52,2,0,1,0,0.6666666666666666,0.0,0.0,0.0
64,22,72,73,55,2,2,1,0,0.6666666666666666,1.0,0.0,1.0
64,22,72,73,57,4,4,1,0,0.8,1.0,0.0,1.0
64,22,72,73,58,5,1,1,0,0.8333333333333334,0.2,0.0,0.2
64,22,72,73,59,3,1,4,0,1.7142857142857142,0.3333333333333333,0.0,0.3333333333333333
64,22,80,81,10,4,0,13,0,3.0588235294117645,0.0,0.0,0.0
64,22,80,81,11,1,0,12,0,0.9230769230769231,0.0,0.0,0.0
64,22,80,81,12,3,0,11,0,2.357142857142857,0.0,0.0,0.0
64,22,80,81,13,2,0,11,0,1.6923076923076923,0.0,0.0,0.0
64,22,80,81,14,2,0,11,0,1.6923076923076923,0.0,0.0,0.0
64,22,80,81,16,1,0,12,0,0.9230769230769231,0.0,0.0,0.0
64,22,80,81,18,1,0,13,0,0.9285714285714286,0.0,0.0,0.0
64,22,80,81,20,2,0,13,0,1.7333333333333334,0.0,0.0,0.0
64,22,80,81,34,1,0,8,0,0.8888888888888888,0.0,0.0,0.0
64,22,80,81,36,1,0,7,0,0.875,0.0,0.0,0.0
64,22,80,81,37,1,0,6,0,0.8571428571428571,0.0,0.0,0.0
64,22,80,81,38,1,0,6,0,0.8571428571428571,0.0,0.0,0.0
64,22,80,81,39,1,0,6,0,0.8571428571428571,0.0,0.0,0.0
64,22,80,81,40,2,0,6,0,1.5,0.0,0.0,0.0
64,22,80,81,41,1,0,7,0,0.875,0.0,0.0,0.0
64,22,80,81,42,1,0,8,0,0.8888888888888888,0.0,0.0,0.0
64,22,80,81,43,1,0,9,0,0.9,0.0,0.0,0.0
64,22,80,81,44,2,0,8,0,1.6,0.0,0.0,0.0
64,22,80,81,45,1,0,8,0,0.8888888888888888,0.0,0.0,0.0
64,22,80,81,46,1,0,8,0,0.8888888888888888,0.0,0.0,0.0
64,22,88,89,11,1,0,16,0,0.9411764705882353,0.0,0.0,0.0
64,22,88,89,12,1,0,19,0,0.95,0.0,0.0,0.0
64,22,88,89,14,1,0,22,0,0.9565217391304348,0.0,0.0,0.0
64,22,88,89,15,1,0,23,0,0.9583333333333334,0.0,0.0,0.0
64,22,88,89,16,3,0,20,0,2.608695652173913,0.0,0.0,0.0
64,22,88,89,17,1,0,20,0,0.9523809523809523,0.0,0.0,0.0
64,22,88,89,18,6,4,15,0,4.285714285714286,0.6666666666666666,0.0,0.6666666666666666
64,22,88,89,50,3,0,17,0,2.55,0.0,0.0,0.0
64,22,88,89,52,2,0,16,0,1.7777777777777777,0.0,0.0,0.0
64,22,88,89,53,1,0,15,0,0.9375,0.0,0.0,0.0
64,22,88,89,54,2,0,12,0,1.7142857142857142,0.0,0.0,0.0
64,22,96,97,12,1,0,20,0,0.9523809523809523,0.0,0.0,0.0
64,22,96,97,13,1,0,22,0,0.9565217391304348,0.0,0.0,0.0
64,22,96,97,14,1,0,24,0,0.96,0.0,0.0,0.0
64,22,96,97,15,1,0,25,0,0.9615384615384616,0.0,0.0,0.0
64,22,96,97,16,1,0,25,0,0.9615384615384616,0.0,0.0,0.0
64,22,96,97,17,1,0,25,0,0.9615384615384616,0.0,0.0,0.0
64,22,96,97,18,3,0,22,0,2.64,0.0,0.0,0.0
64,22,96,97,19,2,0,22,0,1.8333333333333333,0.0,0.0,0.0
64,22,96,97,20,3,0,20,0,2.608695652173913,0.0,0.0,0.0
64,22,96,97,21,2,0,19,0,1.8095238095238095,0.0,0.0,0.0
64,22,96,97,22,3,0,17,0,2.55,0.0,0.0,0.0
64,22,96,97,23,2,0,17,0,1.7894736842105263,0.0,0.0,0.0
64,22,96,97,24,3,0,16,0,2.526315789473684,0.0,0.0,0.0
64,22,96,97,25,1,0,16,0,0.9411764705882353,0.0,0.0,0.0
64,22,104,105,12,1,0,20,0,0.9523809523809523,0.0,0.0,0.0
64,22,104,105,13,1,0,22,0,0.9565217391304348,0.0,0.0,0.0
64,22,104,105,14,1,0,24,0,0.96,0.0,0.0,0.0
64,22,104,105,16,2,0,25,0,1.8518518518518519,0.0,0.0,0.0
64,22,104,105,17,1,0,25,0,0.9615384615384616,0.0,0.0,0.0
64,22,104,105,18,2,0,23,0,1.84,0.0,0.0,0.0
64,22,104,105,19,3,0,23,0,2.6538461538461537,0.0,0.0,0.0
64,22,104,105,20,2,0,23,0,1.84,0.0,0.0,0.0
64,22,104,105,21,3,0,22,0,2.64,0.0,0.0,0.0
64,22,104,105,22,3,0,21,0,2.625,0.0,0.0,0.0
64,22,104,105,23,3,0,21,0,2.625,0.0,0.0,0.0
64,22,104,105,24,4,0,19,0,3.3043478260869565,0.0,0.0,0.0
64,22,104,105,25,3,0,18,0,2.5714285714285716,0.0,0.0,0.0
64,22,104,105,26,2,0,16,0,1.7777777777777777,0.0,0.0,0.0
64,22,104,105,27,2,0,14,0,1.75,0.0,0.0,0.0
64,22,104,105,28,2,0,12,0,1.7142857142857142,0.0,0.0,0.0
64,22,104,105,29,2,0,11,0,1.6923076923076923,0.0,0.0,0.0
64,22,104,105,30,3,0,9,0,2.25,0.0,0.0,0.0
64,22,112,113,13,1,0,23,0,0.9583333333333334,0.0,0.0,0.0
64,22,112,113,14,1,0,25,0,0.9615384615384616,0.0,0.0,0.0
64,22,112,113,16,1,0,27,0,0.9642857142857143,0.0,0.0,0.0
64,22,112,113,17,1,0,27,0,0.9642857142857143,0.0,0.0,0.0
64,22,112,113,18,2,0,25,0,1.8518518518518519,0.0,0.0,0.0
64,22,112,113,19,4,0,24,0,3.4285714285714284,0.0,0.0,0.0
64,22,112,113,20,3,0,23,0,2.6538461538461537,0.0,0.0,0.0
64,22,112,113,21,3,0,22,0,2.64,0.0,0.0,0.0
64,22,112,113,22,3,0,21,0,2.625,0.0,0.0,0.0
64,22,112,113,23,3,0,21,0,2.625,0.0,0.0,0.0
64,22,112,113,24,3,0,20,0,2.608695652173913,0.0,0.0,0.0
64,22,112,113,25,3,0,19,0,2.590909090909091,0.0,0.0,0.0
64,22,112,113,26,3,0,16,0,2.526315789473684,0.0,0.0,0.0
64,22,112,113,27,2,0,14,0,1.75,0.0,0.0,0.0
64,22,112,113,28,2,0,12,0,1.7142857142857142,0.0,0.0,0.0
64,22,112,113,29,2,0,11,0,1.6923076923076923,0.0,0.0,0.0
64,22,112,113,30,2,0,10,0,1.6666666666666667,0.0,0.0,0.0
64,22,112,113,31,2,0,9,0,1.6363636363636365,0.0,0.0,0.0
64,22,120,121,15,1,0,28,0,0.9655172413793104,0.0,0.0,0.0
64,22,120,121,16,1,0,28,0,0.9655172413793104,0.0,0.0,0.0
64,22,120,121,18,2,0,27,0,1.8620689655172413,0.0,0.0,0.0
64,22,120,121,19,2,0,28,0,1.8666666666666667,0.0,0.0,0.0
64,22,120,121,20,3,0,27,0,2.7,0.0,0.0,0.0
64,22,120,121,21,3,0,26,0,2.689655172413793,0.0,0.0,0.0
64,22,120,121,22,3,0,25,0,2.6785714285714284,0.0,0.0,0.0
64,22,120,121,23,2,0,26,0,1.8571428571428572,0.0,0.0,0.0
64,22,120,121,24,3,0,25,0,2.6785714285714284,0.0,0.0,0.0
64,22,120,121,25,2,0,25,0,1.8518518518518519,0.0,0.0,0.0
64,22,120,121,26,5,0,20,0,4.0,0.0,0.0,0.0
64,22,120,121,27,2,0,18,0,1.8,0.0,0.0,0.0
64,22,120,121,28,4,0,14,0,3.111111111111111,0.0,0.0,0.0
64,22,120,121,29,1,0,14,0,0.9333333333333333,0.0,0.0,0.0
64,22,120,121,30,5,0,12,0,3.5294117647058822,0.0,0.0,0.0
64,22,120,121,31,2,0,11,0,1.6923076923076923,0.0,0.0,0.0
64,22,120,121,32,5,0,9,0,3.2142857142857144,0.0,0.0,0.0
64,22,120,121,33,1,0,9,0,0.9,0.0,0.0,0.0
64,22,120,121,34,1,0,9,0,0.9,0.0,0.0,0.0
64,22,128,129,19,1,0,33,0,0.9705882352941176,0.0,0.0,0.0
64,22,128,129,21,1,0,36,0,0.972972972972973,0.0,0.0,0.0
64,22,128,129,22,2,0,36,0,1.894736842105263,0.0,0.0,0.0
64,22,128,129,24,2,0,39,0,1.9024390243902438,0.0,0.0,0.0
64,22,128,129,26,3,0,37,0,2.775,0.0,0.0,0.0
64,22,128,129,27,1,0,35,0,0.9722222222222222,0.0,0.0,0.0
64,22,128,129,28,3,0,31,0,2.735294117647059,0.0,0.0,0.0
64,22,128,129,30,4,0,27,0,3.4838709677419355,0.0,0.0,0.0
64,22,128,129,31,1,0,26,0,0.9629629629629629,0.0,0.0,0.0
64,22,128,129,32,4,0,21,0,3.36,0.0,0.0,0.0
64,22,128,129,33,2,0,18,0,1.8,0.0,0.0,0.0
64,22,128,129,34,3,0,14,0,2.4705882352941178,0.0,0.0,0.0
64,22,128,129,37,2,0,9,0,1.6363636363636365,0.0,0.0,0.0
64,22,136,137,20,1,0,35,0,0.9722222222222222,0.0,0.0,0.0
64,22,136,137,24,1,0,43,0,0.9772727272727273,0.0,0.0,0.0
64,22,136,137,26,1,0,42,0,0.9767441860465116,0.0,0.0,0.0
64,22,136,137,36,2,0,14,0,1.75,0.0,0.0,0.0
64,22,144,145,20,1,0,35,0,0.9722222222222222,0.0,0.0,0.0
64,22,152,153,20,1,0,35,0,0.9722222222222222,0.0,0.0,0.0
64,22,152,153,21,1,0,37,0,0.9736842105263158,0.0,0.0,0.0
64,22,152,153,22,1,1,39,0,0.975,1.0,0.0,1.0
64,22,160,161,21,3,0,37,0,2.775,0.0,0.0,0.0
64,22,160,161,22,1,0,39,0,0.975,0.0,0.0,0.0
64,22,160,161,23,1,0,42,0,0.9767441860465116,0.0,0.0,0.0
64,22,160,161,24,1,0,44,0,0.9777777777777777,0.0,0.0,0.0
64,22,160,161,25,1,0,46,0,0.9787234042553191,0.0,0.0,0.0
64,22,160,161,26,1,0,43,0,0.9772727272727273,0.0,0.0,0.0
64,22,160,161,27,1,0,40,0,0.975609756097561,0.0,0.0,0.0
64,22,160,161,28,1,0,37,0,0.9736842105263158,0.0,0.0,0.0
64,22,160,161,29,1,0,35,0,0.9722222222222222,0.0,0.0,0.0
64,22,160,161,30,1,0,33,0,0.9705882352941176,0.0,0.0,0.0
64,22,160,161,31,1,0,31,0,0.96875,0.0,0.0,0.0
64,22,160,161,32,1,0,28,0,0.9655172413793104,0.0,0.0,0.0
64,22,168,169,21,2,0,38,0,1.9,0.0,0.0,0.0
64,22,168,169,22,2,0,40,0,1.9047619047619047,0.0,0.0,0.0
64,22,168,169,23,2,0,43,0,1.9111111111111112,0.0,0.0,0.0
64,22,168,169,24,2,0,45,0,1.9148936170212767,0.0,0.0,0.0
64,22,168,169,25,2,0,47,0,1.9183673469387754,0.0,0.0,0.0
64,22,168,169,26,2,0,44,0,1.9130434782608696,0.0,0.0,0.0
64,22,168,169,27,2,0,41,0,1.9069767441860466,0.0,0.0,0.0
64,22,168,169,28,2,0,38,0,1.9,0.0,0.0,0.0
64,22,168,169,29,2,0,36,0,1.894736842105263,0.0,0.0,0.0
64,22,168,169,30,2,0,34,0,1.8888888888888888,0.0,0.0,0.0
64,22,168,169,31,2,0,32,0,1.8823529411764706,0.0,0.0,0.0
64,22,168,169,32,2,0,29,0,1.8709677419354838,0.0,0.0,0.0
64,22,168,169,33,2,0,26,0,1.8571428571428572,0.0,0.0,0.0
64,22,168,169,34,2,0,22,0,1.8333333333333333,0.0,0.0,0.0
64,22,176,177,21,2,0,38,0,1.9,0.0,0.0,0.0
64,22,176,177,22,2,0,40,0,1.9047619047619047,0.0,0.0,0.0
64,22,176,177,23,2,0,43,0,1.9111111111111112,0.0,0.0,0.0
64,22,176,177,24,2,0,45,0,1.9148936170212767,0.0,0.0,0.0
64,22,176,177,25,2,0,47,0,1.9183673469387754,0.0,0.0,0.0
64,22,176,177,26,2,0,44,0,1.9130434782608696,0.0,0.0,0.0
64,22,176,177,27,2,0,41,0,1.9069767441860466,0.0,0.0,0.0
64,22,176,177,28,2,0,38,0,1.9,0.0,0.0,0.0
64,22,176,177,29,2,0,36,0,1.894736842105263,0.0,0.0,0.0
64,22,176,177,30,2,0,34,0,1.8888888888888888,0.0,0.0,0.0
64,22,176,177,31,2,0,32,0,1.8823529411764706,0.0,0.0,0.0
64,22,176,177,32,2,0,29,0,1.8709677419354838,0.0,0.0,0.0
64,22,176,177,33,2,0,26,0,1.8571428571428572,0.0,0.0,0.0
64,22,176,177,34,2,0,22,0,1.8333333333333333,0.0,0.0,0.0
64,22,184,185,21,2,0,38,0,1.9,0.0,0.0,0.0
64,22,184,185,22,2,0,40,0,1.9047619047619047,0.0,0.0,0.0
64,22,184,185,23,2,0,43,0,1.9111111111111112,0.0,0.0,0.0
64,22,184,185,24,2,0,45,0,1.9148936170212767,0.0,0.0,0.0
64,22,184,185,25,2,0,47,0,1.9183673469387754,0.0,0.0,0.0
64,22,184,185,26,2,0,44,0,1.9130434782608696,0.0,0.0,0.0
64,22,184,185,27,2,0,41,0,1.9069767441860466,0.0,0.0,0.0
64,22,184,185,28,2,0,38,0,1.9,0.0,0.0,0.0
64,22,184,185,29,2,0,36,0,1.894736842105263,0.0,0.0,0.0
64,22,184,185,30,2,0,34,0,1.8888888888888888,0.0,0.0,0.0
64,22,184,185,31,2,0,32,0,1.8823529411764706,0.0,0.0,0.0
64,22,184,185,32,2,0,29,0,1.8709677419354838,0.0,0.0,0.0
64,22,184,185,33,2,0,26,0,1.8571428571428572,0.0,0.0,0.0
64,22,184,185,34,2,0,22,0,1.8333333333333333,0.0,0.0,0.0
64,22,192,193,21,1,0,39,0,0.975,0.0,0.0,0.0
64,22,192,193,22,3,0,40,0,2.7906976744186047,0.0,0.0,0.0
64,22,192,193,23,2,0,43,0,1.9111111111111112,0.0,0.0,0.0
64,22,192,193,24,2,0,45,0,1.9148936170212767,0.0,0.0,0.0
64,22,192,193,25,2,0,47,0,1.9183673469387754,0.0,0.0,0.0
64,22,192,193,26,2,0,44,0,1.9130434782608696,0.0,0.0,0.0
64,22,192,193,27,2,0,41,0,1.9069767441860466,0.0,0.0,0.0
64,22,192,193,28,2,0,38,0,1.9,0.0,0.0,0.0
64,22,192,193,29,2,0,36,0,1.894736842105263,0.0,0.0,0.0
64,22,192,193,30,2,0,34,0,1.8888888888888888,0.0,0.0,0.0
64,22,192,193,31,2,0,32,0,1.8823529411764706,0.0,0.0,0.0
64,22,192,193,32,2,0,29,0,1.8709677419354838,0.0,0.0,0.0
64,22,192,193,33,2,0,26,0,1.8571428571428572,0.0,0.0,0.0
64,22,192,193,34,2,0,22,0,1.8333333333333333,0.0,0.0,0.0
64,22,200,201,22,2,0,42,0,1.9090909090909092,0.0,0.0,0.0
64,22,200,201,23,2,0,45,0,1.9148936170212767,0.0,0.0,0.0
64,22,200,201,24,2,0,47,0,1.9183673469387754,0.0,0.0,0.0
64,22,200,201,25,2,0,49,0,1.9215686274509804,0.0,0.0,0.0
64,22,200,201,26,2,0,46,0,1.9166666666666667,0.0,0.0,0.0
64,22,200,201,27,2,0,43,0,1.9111111111111112,0.0,0.0,0.0
64,22,200,201,28,2,0,40,0,1.9047619047619047,0.0,0.0,0.0
64,22,200,201,29,2,0,38,0,1.9,0.0,0.0,0.0
64,22,200,201,30,2,0,36,0,1.894736842105263,0.0,0.0,0.0
64,22,200,201,31,2,0,34,0,1.8888888888888888,0.0,0.0,0.0
64,22,200,201,32,2,0,31,0,1.878787878787879,0.0,0.0,0.0
64,22,200,201,33,2,0,28,0,1.8666666666666667,0.0,0.0,0.0
64,22,200,201,34,2,0,24,0,1.8461538461538463,0.0,0.0,0.0
64,22,200,201,35,2,0,19,0,1.8095238095238095,0.0,0.0,0.0
64,22,208,209,22,1,0,43,0,0.9772727272727273,0.0,0.0,0.0
64,22,208,209,23,2,0,46,0,1.9166666666666667,0.0,0.0,0.0
64,22,208,209,24,2,0,48,0,1.92,0.0,0.0,0.0
64,22,208,209,25,2,0,50,0,1.9230769230769231,0.0,0.0,0.0
64,22,208,209,26,2,0,47,0,1.9183673469387754,0.0,0.0,0.0
64,22,208,209,27,1,0,45,0,0.9782608695652174,0.0,0.0,0.0
64,22,208,209,28,2,0,42,0,1.9090909090909092,0.0,0.0,0.0
64,22,208,209,29,2,0,40,0,1.9047619047619047,0.0,0.0,0.0
64,22,208,209,30,1,0,39,0,0.975,0.0,0.0,0.0
64,22,208,209,31,2,0,37,0,1.8974358974358974,0.0,0.0,0.0
64,22,208,209,32,2,0,34,0,1.8888888888888888,0.0,0.0,0.0
64,22,208,209,33,2,0,31,0,1.878787878787879,0.0,0.0,0.0
64,22,208,209,34,3,0,26,0,2.689655172413793,0.0,0.0,0.0
64,22,208,209,35,4,0,19,0,3.3043478260869565,0.0,0.0,0.0
64,22,216,217,24,2,0,51,0,1.9245283018867925,0.0,0.0,0.0
64,22,216,217,25,3,0,52,0,2.8363636363636364,0.0,0.0,0.0
64,22,216,217,26,2,0,49,0,1.9215686274509804,0.0,0.0,0.0
64,22,216,217,27,3,0,46,0,2.816326530612245,0.0,0.0,0.0
64,22,216,217,28,3,0,43,0,2.8043478260869565,0.0,0.0,0.0
64,22,216,217,29,3,0,41,0,2.7954545454545454,0.0,0.0,0.0
64,22,216,217,30,3,0,39,0,2.7857142857142856,0.0,0.0,0.0
64,22,216,217,31,3,0,37,0,2.775,0.0,0.0,0.0
64,22,216,217,32,3,0,34,0,2.7567567567567566,0.0,0.0,0.0
64,22,216,217,33,3,0,31,0,2.735294117647059,0.0,0.0,0.0
64,22,216,217,34,3,0,27,0,2.7,0.0,0.0,0.0
64,22,216,217,35,5,0,20,0,4.0,0.0,0.0,0.0
64,22,216,217,36,2,0,16,0,1.7777777777777777,0.0,0.0,0.0
64,22,216,217,37,1,0,13,0,0.9285714285714286,0.0,0.0,0.0
64,22,224,225,25,1,0,56,0,0.9824561403508771,0.0,0.0,0.0
64,22,224,225,26,2,0,53,0,1.9272727272727272,0.0,0.0,0.0
64,22,224,225,27,1,0,51,0,0.9807692307692307,0.0,0.0,0.0
64,22,224,225,28,1,0,48,0,0.9795918367346939,0.0,0.0,0.0
64,22,224,225,30,2,0,44,0,1.9130434782608696,0.0,0.0,0.0
64,22,224,225,32,2,0,39,0,1.9024390243902438,0.0,0.0,0.0
64,22,224,225,34,3,0,31,0,2.735294117647059,0.0,0.0,0.0
64,22,224,225,35,2,0,25,0,1.8518518518518519,0.0,0.0,0.0
64,22,224,225,36,2,0,19,0,1.8095238095238095,0.0,0.0,0.0
64,22,224,225,37,1,0,15,0,0.9375,0.0,0.0,0.0
64,22,224,225,38,3,0,11,0,2.357142857142857,0.0,0.0,0.0
64,22,224,225,39,1,0,11,0,0.9166666666666666,0.0,0.0,0.0
64,22,232,233,38,2,0,14,0,1.75,0.0,0.0,0.0
64,22,232,233,40,1,0,13,0,0.9285714285714286,0.0,0.0,0.0
64,23,16,17,14,1,1,2,0,0.6666666666666666,1.0,0.0,1.0
64,23,16,17,15,20,18,3,0,2.608695652173913,0.9,0.0,0.9
64,23,24,25,20,2,2,1,0,0.6666666666666666,1.0,0.0,1.0
64,23,24,25,21,15,13,3,0,2.5,0.8666666666666667,0.0,0.8666666666666667
64,23,32,33,27,4,2,1,0,0.8,0.5,0.0,0.5
64,23,40,41,2,3,0,5,0,1.875,0.0,0.0,0.0
64,23,40,41,4,3,0,8,0,2.1818181818181817,0.0,0.0,0.0
64,23,40,41,5,1,0,10,0,0.9090909090909091,0.0,0.0,0.0
64,23,40,41,6,4,0,9,0,2.769230769230769,0.0,0.0,0.0
64,23,40,41,7,2,0,10,0,1.6666666666666667,0.0,0.0,0.0
64,23,40,41,8,1,0,11,0,0.9166666666666666,0.0,0.0,0.0
64,23,40,41,9,1,0,12,0,0.9230769230769231,0.0,0.0,0.0
64,23,40,41,10,1,0,12,0,0.9230769230769231,0.0,0.0,0.0
64,23,40,41,12,3,0,11,0,2.357142857142857,0.0,0.0,0.0
64,23,40,41,13,2,0,11,0,1.6923076923076923,0.0,0.0,0.0
64,23,40,41,14,2,0,9,0,1.6363636363636365,0.0,0.0,0.0
64,23,48,49,8,1,0,16,0,0.9411764705882353,0.0,0.0,0.0
64,23,48,49,12,2,0,15,0,1.7647058823529411,0.0,0.0,0.0
64,23,56,57,10,2,0,19,0,1.8095238095238095,0.0,0.0,0.0
64,23,56,57,11,1,0,20,0,0.9523809523809523,0.0,0.0,0.0
64,23,56,57,12,3,0,18,0,2.5714285714285716,0.0,0.0,0.0
64,23,56,57,13,2,0,16,0,1.7777777777777777,0.0,0.0,0.0
64,23,56,57,14,3,0,12,0,2.4,0.0,0.0,0.0
64,23,64,65,13,1,0,23,0,0.9583333333333334,0.0,0.0,0.0
64,23,64,65,14,2,0,20,0,1.8181818181818181,0.0,0.0,0.0
64,23,64,65,15,2,0,18,0,1.8,0.0,0.0,0.0
64,23,64,65,16,4,0,14,0,3.111111111111111,0.0,0.0,0.0
64,23,64,65,17,2,0,12,0,1.7142857142857142,0.0,0.0,0.0
64,23,64,65,18,5,0,8,0,3.076923076923077,0.0,0.0,0.0
64,23,64,65,19,3,0,6,0,2.0,0.0,0.0,0.0
64,23,64,65,20,2,0,5,0,1.4285714285714286,0.0,0.0,0.0
64,23,64,65,21,4,0,2,0,1.3333333333333333,0.0,0.0,0.0
64,23,64,65,22,4,0,1,0,0.8,0.0,0.0,0.0
64,23,72,73,22,3,0,13,0,2.4375,0.0,0.0,0.0
64,23,72,73,23,1,0,10,0,0.9090909090909091,0.0,0.0,0.0
64,23,72,73,24,4,0,5,0,2.2222222222222223,0.0,0.0,0.0
64,23,72,73,25,1,0,3,0,0.75,0.0,0.0,0.0
64,24,40,41,7,2,0,1,0,0.6666666666666666,0.0,0.0,0.0
64,24,40,41,8,4,0,2,0,1.3333333333333333,0.0,0.0,0.0
64,24,40,41,10,2,0,6,0,1.5,0.0,0.0,0.0
64,24,40,41,11,2,0,7,0,1.5555555555555556,0.0,0.0,0.0
64,24,40,41,12,1,0,8,0,0.8888888888888888,0.0,0.0,0.0
64,24,40,41,13,1,0,9,0,0.9,0.0,0.0,0.0
64,24,40,41,14,3,0,9,0,2.25,0.0,0.0,0.0
64,24,40,41,15,1,0,10,0,0.9090909090909091,0.0,0.0,0.0
64,24,40,41,16,2,0,9,0,1.6363636363636365,0.0,0.0,0.0
64,24,40,41,18,2,0,6,0,1.5,0.0,0.0,0.0
64,24,48,49,5,4,0,5,0,2.2222222222222223,0.0,0.0,0.0
64,24,48,49,6,4,0,9,0,2.769230769230769,0.0,0.0,0.0
64,24,48,49,7,3,0,13,0,2.4375,0.0,0.0,0.0
64,24,48,49,8,2,0,16,0,1.7777777777777777,0.0,0.0,0.0
64,24,48,49,9,2,0,18,0,1.8,0.0,0.0,0.0
64,24,48,49,10,2,0,20,0,1.8181818181818181,0.0,0.0,0.0
64,24,48,49,11,2,0,22,0,1.8333333333333333,0.0,0.0,0.0
64,24,48,49,13,2,0,23,0,1.84,0.0,0.0,0.0
64,24,48,49,15,1,0,23,0,0.9583333333333334,0.0,0.0,0.0
64,24,48,49,17,1,0,21,0,0.9545454545454546,0.0,0.0,0.0
64,24,48,49,19,1,0,16,0,0.9411764705882353,0.0,0.0,0.0
64,24,56,57,1,1,0,2,0,0.6666666666666666,0.0,0.0,0.0
64,24,56,57,3,1,0,6,0,0.8571428571428571,0.0,0.0,0.0
64,24,56,57,5,1,0,13,0,0.9285714285714286,0.0,0.0,0.0
64,24,56,57,7,1,0,20,0,0.9523809523809523,0.0,0.0,0.0
64,24,56,57,17,3,0,23,0,2.6538461538461537,0.0,0.0,0.0
64,25,24,25,19,3,3,1,0,0.75,1.0,0.0,1.0
64,25,24,25,20,2,1,3,0,1.2,0.5,0.0,0.5
64,25,24,25,21,12,8,4,0,3.0,0.6666666666666666,0.0,0.6666666666666666
64,25,32,33,25,3,3,1,0,0.75,1.0,0.0,1.0
64,25,32,33,26,5,3,3,0,1.875,0.6,0.0,0.6
64,25,32,33,27,11,1,6,0,3.8823529411764706,0.09090909090909091,0.0,0.09090909090909091
64,25,40,41,3,1,0,3,0,0.75,0.0,0.0,0.0
64,25,40,41,4,3,0,3,0,1.5,0.0,0.0,0.0
64,25,40,41,6,3,0,7,0,2.1,0.0,0.0,0.0
64,25,40,41,7,1,0,9,0,0.9,0.0,0.0,0.0
64,25,40,41,8,4,0,8,0,2.6666666666666665,0.0,0.0,0.0
64,25,40,41,9,2,0,8,0,1.6,0.0,0.0,0.0
64,25,40,41,10,3,0,7,0,2.1,0.0,0.0,0.0
64,25,40,41,12,2,0,7,0,1.5555555555555556,0.0,0.0,0.0
64,25,40,41,14,1,0,7,0,0.875,0.0,0.0,0.0
64,25,40,41,15,1,0,6,0,0.8571428571428571,0.0,0.0,0.0
64,25,40,41,16,1,0,5,0,0.8333333333333334,0.0,0.0,0.0
64,25,40,41,17,1,0,4,0,0.8,0.0,0.0,0.0
64,25,40,41,33,6,4,3,0,2.0,0.6666666666666666,0.0,0.6666666666666666
64,25,40,41,34,5,0,8,0,3.076923076923077,0.0,0.0,0.0
64,25,40,41,35,4,2,11,0,2.933333333333333,0.5,0.0,0.5
64,25,40,41,36,1,0,14,0,0.9333333333333333,0.0,0.0,0.0
64,25,40,41,37,2,0,14,0,1.75,0.0,0.0,0.0
64,25,48,49,6,2,0,14,0,1.75,0.0,0.0,0.0
64,25,48,49,12,1,0,17,0,0.9444444444444444,0.0,0.0,0.0
64,25,48,49,14,2,0,10,0,1.6666666666666667,0.0,0.0,0.0
64,25,48,49,34,1,0,10,0,0.9090909090909091,0.0,0.0,0.0
64,25,48,49,36,1,0,11,0,0.9166666666666666,0.0,0.0,0.0
64,25,48,49,38,1,0,12,0,0.9230769230769231,0.0,0.0,0.0
64,25,48,49,39,1,1,13,0,0.9285714285714286,1.0,0.0,1.0
64,25,48,49,40,1,0,13,0,0.9285714285714286,0.0,0.0,0.0
64,25,48,49,41,1,0,14,0,0.9333333333333333,0.0,0.0,0.0
64,25,56,57,13,1,0,15,0,0.9375,0.0,0.0,0.0
64,25,56,57,14,1,0,12,0,0.9230769230769231,0.0,0.0,0.0
64,25,56,57,15,1,0,9,0,0.9,0.0,0.0,0.0
64,25,56,57,16,1,0,7,0,0.875,0.0,0.0,0.0
64,25,56,57,28,1,0,1,0,0.5,0.0,0.0,0.0
64,25,64,65,15,2,0,12,0,1.7142857142857142,0.0,0.0,0.0
64,25,64,65,16,2,0,10,0,1.6666666666666667,0.0,0.0,0.0
64,25,64,65,17,2,0,9,0,1.6363636363636365,0.0,0.0,0.0
64,25,64,65,18,2,0,8,0,1.6,0.0,0.0,0.0
64,25,64,65,19,1,0,8,0,0.8888888888888888,0.0,0.0,0.0
64,25,64,65,20,3,0,6,0,2.0,0.0,0.0,0.0
64,25,64,65,21,1,0,6,0,0.8571428571428571,0.0,0.0,0.0
64,25,64,65,22,1,0,6,0,0.8571428571428571,0.0,0.0,0.0
64,25,64,65,23,2,0,6,0,1.5,0.0,0.0,0.0
64,25,64,65,24,1,0,8,0,0.8888888888888888,0.0,0.0,0.0
64,25,64,65,25,1,0,9,0,0.9,0.0,0.0,0.0
64,25,64,65,26,6,0,5,0,2.727272727272727,0.0,0.0,0.0
64,25,64,65,27,3,0,3,0,1.5,0.0,0.0,0.0
64,25,64,65,28,4,0,2,0,1.3333333333333333,0.0,0.0,0.0
64,25,64,65,29,1,0,1,0,0.5,0.0,0.0,0.0
64,25,72,73,17,1,0,14,0,0.9333333333333333,0.0,0.0,0.0
64,25,72,73,18,1,0,14,0,0.9333333333333333,0.0,0.0,0.0
64,25,72,73,20,1,0,13,0,0.9285714285714286,0.0,0.0,0.0
64,25,72,73,22,1,0,12,0,0.9230769230769231,0.0,0.0,0.0
64,25,72,73,24,1,0,12,0,0.9230769230769231,0.0,0.0,0.0
64,25,72,73,26,1,0,13,0,0.9285714285714286,0.0,0.0,0.0
64,25,72,73,28,1,0,14,0,0.9333333333333333,0.0,0.0,0.0
64,25,72,73,30,3,0,11,0,2.357142857142857,0.0,0.0,0.0
64,25,72,73,31,2,0,12,0,1.7142857142857142,0.0,0.0,0.0
64,25,72,73,32,5,0,9,0,3.2142857142857144,0.0,0.0,0.0
64,25,72,73,33,2,0,10,0,1.6666666666666667,0.0,0.0,0.0
64,25,72,73,34,3,0,11,0,2.357142857142857,0.0,0.0,0.0
64,25,72,73,35,1,0,12,0,0.9230769230769231,0.0,0.0,0.0
64,26,16,17,14,4,1,1,0,0.8,0.25,0.0,0.25
64,26,16,17,15,19,17,5,0,3.9583333333333335,0.8947368421052632,0.0,0.8947368421052632
64,26,24,25,20,3,2,6,0,2.0,0.6666666666666666,0.0,0.6666666666666666
64,26,24,25,21,21,13,11,0,7.21875,0.6190476190476191,0.0,0.6190476190476191
64,26,32,33,23,1,1,1,0,0.5,1.0,0.0,1.0
64,26,32,33,24,3,1,2,0,1.2,0.3333333333333333,0.0,0.3333333333333333
64,26,32,33,25,5,3,5,0,2.5,0.6,0.0,0.6
64,26,32,33,26,2,0,11,0,1.6923076923076923,0.0,0.0,0.0
64,26,32,33,27,21,20,16,0,9.08108108108108,0.9523809523809523,0.0,0.9523809523809523
64,26,40,41,27,3,1,1,0,0.75,0.3333333333333333,0.0,0.3333333333333333
64,26,40,41,28,2,0,3,0,1.2,0.0,0.0,0.0
64,26,40,41,29,10,7,3,0,2.3076923076923075,0.7,0.0,0.7
64,26,40,41,30,3,0,9,0,2.25,0.0,0.0,0.0
64,26,40,41,31,8,5,11,0,4.631578947368421,0.625,0.0,0.625
64,26,40,41,32,3,0,17,0,2.55,0.0,0.0,0.0
64,26,40,41,33,9,5,18,1,6.0,0.5555555555555556,0.05555555555555555,0.5
64,26,40,41,34,1,1,25,1,0.9615384615384616,1.0,0.04,0.96
64,26,40,41,35,2,0,24,1,1.8461538461538463,0.0,0.041666666666666664,-0.041666666666666664
64,26,48,49,20,1,0,6,0,0.8571428571428571,0.0,0.0,0.0
64,26,48,49,21,2,0,6,0,1.5,0.0,0.0,0.0
64,26,48,49,22,2,0,7,0,1.5555555555555556,0.0,0.0,0.0
64,26,48,49,23,2,0,8,0,1.6,0.0,0.0,0.0
64,26,48,49,25,2,0,8,0,1.6,0.0,0.0,0.0
64,26,48,49,27,1,0,8,0,0.8888888888888888,0.0,0.0,0.0
64,26,48,49,28,1,0,7,0,0.875,0.0,0.0,0.0
64,26,48,49,30,2,0,6,0,1.5,0.0,0.0,0.0
64,26,48,49,31,1,0,7,0,0.875,0.0,0.0,0.0
64,26,48,49,32,2,2,8,0,1.6,1.0,0.0,1.0
64,26,48,49,33,5,3,8,0,3.076923076923077,0.6,0.0,0.6
64,26,48,49,34,2,0,11,0,1.6923076923076923,0.0,0.0,0.0
64,26,48,49,35,5,2,10,0,3.3333333333333335,0.4,0.0,0.4
64,26,48,49,36,4,0,12,0,3.0,0.0,0.0,0.0
64,26,48,49,37,9,4,11,0,4.95,0.4444444444444444,0.0,0.4444444444444444
64,26,48,49,38,2,0,16,0,1.7777777777777777,0.0,0.0,0.0
64,26,48,49,39,3,2,17,0,2.55,0.6666666666666666,0.0,0.6666666666666666
64,26,48,49,40,4,0,17,0,3.238095238095238,0.0,0.0,0.0
64,26,48,49,41,2,1,19,0,1.8095238095238095,0.5,0.0,0.5
64,26,56,57,15,1,0,4,0,0.8,0.0,0.0,0.0
64,26,56,57,17,1,0,7,0,0.875,0.0,0.0,0.0
64,26,56,57,19,1,0,10,0,0.9090909090909091,0.0,0.0,0.0
64,26,56,57,27,2,0,12,0,1.7142857142857142,0.0,0.0,0.0
64,26,56,57,28,1,0,11,0,0.9166666666666666,0.0,0.0,0.0
64,26,56,57,29,1,0,10,0,0.9090909090909091,0.0,0.0,0.0
64,26,56,57,40,1,0,14,0,0.9333333333333333,0.0,0.0,0.0
64,26,56,57,41,6,3,11,0,3.8823529411764706,0.5,0.0,0.5
64,26,56,57,42,5,1,10,0,3.3333333333333335,0.2,0.0,0.2
64,26,56,57,43,2,0,12,2,1.7142857142857142,0.0,0.16666666666666666,-0.16666666666666666
64,26,56,57,45,2,2,12,0,1.7142857142857142,1.0,0.0,1.0
64,26,56,57,46,1,1,13,0,0.9285714285714286,1.0,0.0,1.0
64,26,64,65,19,1,0,11,0,0.9166666666666666,0.0,0.0,0.0
64,26,64,65,46,2,0,9,0,1.6363636363636365,0.0,0.0,0.0
64,26,64,65,47,5,3,9,0,3.2142857142857144,0.6,0.0,0.6
64,26,64,65,48,1,0,13,0,0.9285714285714286,0.0,0.0,0.0
64,26,64,65,50,1,0,14,0,0.9333333333333333,0.0,0.0,0.0
64,26,64,65,51,2,1,15,0,1.7647058823529411,0.5,0.0,0.5
64,26,72,73,8,1,0,2,0,0.6666666666666666,0.0,0.0,0.0
64,26,72,73,9,3,0,1,0,0.75,0.0,0.0,0.0
64,26,72,73,10,1,0,1,0,0.5,0.0,0.0,0.0
64,26,72,73,11,1,0,1,0,0.5,0.0,0.0,0.0
64,26,72,73,20,1,0,14,0,0.9333333333333333,0.0,0.0,0.0
64,26,72,73,21,1,0,16,0,0.9411764705882353,0.0,0.0,0.0
64,26,72,73,22,1,0,17,0,0.9444444444444444,0.0,0.0,0.0
64,26,72,73,23,1,0,17,0,0.9444444444444444,0.0,0.0,0.0
64,26,72,73,24,1,0,17,0,0.9444444444444444,0.0,0.0,0.0
64,26,72,73,25,3,0,15,0,2.5,0.0,0.0,0.0
64,26,72,73,26,1,0,16,0,0.9411764705882353,0.0,0.0,0.0
64,26,72,73,27,4,0,14,0,3.111111111111111,0.0,0.0,0.0
64,26,72,73,28,2,0,13,0,1.7333333333333334,0.0,0.0,0.0
64,26,72,73,29,2,0,12,0,1.7142857142857142,0.0,0.0,0.0
64,26,72,73,47,2,1,7,0,1.5555555555555556,0.5,0.0,0.5
64,26,72,73,48,1,0,7,0,0.875,0.0,0.0,0.0
64,26,72,73,49,2,1,7,0,1.5555555555555556,0.5,0.0,0.5
64,26,72,73,50,1,0,9,0,0.9,0.0,0.0,0.0
64,26,72,73,51,2,1,10,1,1.6666666666666667,0.5,0.1,0.4
64,26,72,73,52,2,0,13,0,1.7333333333333334,0.0,0.0,0.0
64,26,72,73,53,5,2,16,1,3.8095238095238093,0.4,0.0625,0.3375
64,26,72,73,54,5,0,20,0,4.0,0.0,0.0,0.0
64,26,72,73,55,4,0,23,0,3.4074074074074074,0.0,0.0,0.0
64,26,72,73,56,4,0,26,0,3.466666666666667,0.0,0.0,0.0
64,26,72,73,57,6,3,28,0,4.9411764705882355,0.5,0.0,0.5
64,26,72,73,58,1,0,34,0,0.9714285714285714,0.0,0.0,0.0
64,26,72,73,59,2,1,23,0,1.84,0.5,0.0,0.5
64,26,80,81,2,2,0,2,0,1.0,0.0,0.0,0.0
64,26,80,81,3,4,0,2,0,1.3333333333333333,0.0,0.0,0.0
64,26,80,81,4,4,0,2,0,1.3333333333333333,0.0,0.0,0.0
64,26,80,81,5,3,0,2,0,1.2,0.0,0.0,0.0
64,26,80,81,6,1,0,4,0,0.8,0.0,0.0,0.0
64,26,80,81,7,2,0,4,0,1.3333333333333333,0.0,0.0,0.0
64,26,80,81,8,1,0,5,0,0.8333333333333334,0.0,0.0,0.0
64,26,80,81,9,1,0,5,0,0.8333333333333334,0.0,0.0,0.0
64,26,80,81,11,1,0,4,0,0.8,0.0,0.0,0.0
64,26,80,81,12,1,0,2,0,0.6666666666666666,0.0,0.0,0.0
64,26,80,81,13,1,0,3,0,0.75,0.0,0.0,0.0
64,26,80,81,22,1,0,19,0,0.95,0.0,0.0,0.0
64,26,80,81,23,1,0,19,0,0.95,0.0,0.0,0.0
64,26,80,81,25,2,0,19,0,1.8095238095238095,0.0,0.0,0.0
64,26,80,81,26,1,0,20,0,0.9523809523809523,0.0,0.0,0.0
64,26,80,81,27,2,0,22,0,1.8333333333333333,0.0,0.0,0.0
64,26,80,81,29,2,0,21,0,1.826086956521739,0.0,0.0,0.0
64,26,80,81,30,2,0,16,0,1.7777777777777777,0.0,0.0,0.0
64,26,80,81,31,4,0,12,0,3.0,0.0,0.0,0.0
64,26,80,81,32,1,0,12,0,0.9230769230769231,0.0,0.0,0.0
64,26,80,81,33,1,0,12,0,0.9230769230769231,0.0,0.0,0.0
64,26,80,81,51,3,2,5,0,1.875,0.6666666666666666,0.0,0.6666666666666666
64,26,80,81,52,1,0,8,0,0.8888888888888888,0.0,0.0,0.0
64,26,80,81,53,4,2,9,1,2.769230769230769,0.5,0.1111111111111111,0.3888888888888889
64,26,80,81,54,2,0,14,1,1.75,0.0,0.07142857142857142,-0.07142857142857142
64,26,80,81,55,5,4,16,2,3.8095238095238093,0.8,0.125,0.675
64,26,80,81,56,4,1,21,0,3.36,0.25,0.0,0.25
64,26,80,81,57,5,2,24,2,4.137931034482759,0.4,0.08333333333333333,0.3166666666666667
64,26,80,81,58,6,1,27,0,4.909090909090909,0.16666666666666666,0.0,0.16666666666666666
64,26,80,81,59,2,1,21,0,1.826086956521739,0.5,0.0,0.5
64,26,80,81,60,1,0,13,0,0.9285714285714286,0.0,0.0,0.0
64,26,88,89,5,2,0,12,0,1.7142857142857142,0.0,0.0,0.0
64,26,88,89,6,2,0,10,0,1.6666666666666667,0.0,0.0,0.0
64,26,88,89,7,4,0,6,0,2.4,0.0,0.0,0.0
64,26,88,89,9,1,0,8,0,0.8888888888888888,0.0,0.0,0.0
64,26,88,89,11,1,0,7,0,0.875,0.0,0.0,0.0
64,26,88,89,13,1,0,7,0,0.875,0.0,0.0,0.0
64,26,88,89,15,1,0,10,0,0.9090909090909091,0.0,0.0,0.0
64,26,88,89,16,1,0,11,0,0.9166666666666666,0.0,0.0,0.0
64,26,88,89,17,1,0,12,0,0.9230769230769231,0.0,0.0,0.0
64,26,88,89,25,1,0,23,0,0.9583333333333334,0.0,0.0,0.0
64,26,88,89,29,1,0,28,0,0.9655172413793104,0.0,0.0,0.0
64,26,88,89,31,1,0,24,0,0.96,0.0,0.0,0.0
64,26,88,89,33,1,0,25,0,0.9615384615384616,0.0,0.0,0.0
64,26,88,89,35,6,0,20,0,4.615384615384615,0.0,0.0,0.0
64,26,88,89,37,6,0,13,0,4.105263157894737,0.0,0.0,0.0
64,26,88,89,39,1,0,14,0,0.9333333333333333,0.0,0.0,0.0
64,26,88,89,54,2,0,12,0,1.7142857142857142,0.0,0.0,0.0
64,26,88,89,55,1,0,15,0,0.9375,0.0,0.0,0.0
64,26,88,89,56,7,0,16,0,4.869565217391305,0.0,0.0,0.0
64,26,88,89,57,1,0,22,0,0.9565217391304348,0.0,0.0,0.0
64,26,88,89,58,10,0,22,0,6.875,0.0,0.0,0.0
64,26,96,97,8,1,0,15,0,0.9375,0.0,0.0,0.0
64,26,96,97,11,3,0,13,0,2.4375,0.0,0.0,0.0
64,26,96,97,13,3,0,11,0,2.357142857142857,0.0,0.0,0.0
64,26,96,97,25,1,0,23,0,0.9583333333333334,0.0,0.0,0.0
64,26,96,97,41,2,0,19,0,1.8095238095238095,0.0,0.0,0.0
64,26,96,97,43,1,0,16,0,0.9411764705882353,0.0,0.0,0.0
64,26,96,97,46,2,0,9,0,1.6363636363636365,0.0,0.0,0.0
64,26,96,97,47,1,0,9,0,0.9,0.0,0.0,0.0
64,26,96,97,48,1,0,9,0,0.9,0.0,0.0,0.0
64,26,96,97,49,1,0,9,0,0.9,0.0,0.0,0.0
64,26,96,97,50,3,0,11,0,2.357142857142857,0.0,0.0,0.0
64,26,96,97,52,1,0,18,0,0.9473684210526315,0.0,0.0,0.0
64,26,96,97,54,1,0,26,0,0.9629629629629629,0.0,0.0,0.0
64,26,104,105,9,1,0,16,0,0.9411764705882353,0.0,0.0,0.0
64,26,104,105,10,1,0,16,0,0.9411764705882353,0.0,0.0,0.0
64,26,104,105,11,1,1,16,0,0.9411764705882353,1.0,0.0,1.0
64,26,104,105,19,1,0,14,0,0.9333333333333333,0.0,0.0,0.0
64,26,104,105,21,2,0,18,0,1.8,0.0,0.0,0.0
64,26,104,105,24,1,0,22,0,0.9565217391304348,0.0,0.0,0.0
64,26,112,113,10,2,0,17,0,1.7894736842105263,0.0,0.0,0.0
64,26,112,113,11,2,0,17,0,1.7894736842105263,0.0,0.0,0.0
64,26,112,113,12,2,0,15,0,1.7647058823529411,0.0,0.0,0.0
64,26,112,113,13,2,0,15,0,1.7647058823529411,0.0,0.0,0.0
64,26,112,113,14,2,0,15,0,1.7647058823529411,0.0,0.0,0.0
64,26,112,113,15,2,0,15,0,1.7647058823529411,0.0,0.0,0.0
64,26,112,113,16,2,0,14,0,1.75,0.0,0.0,0.0
64,26,112,113,17,2,0,14,0,1.75,0.0,0.0,0.0
64,26,112,113,18,2,0,15,0,1.7647058823529411,0.0,0.0,0.0
64,26,112,113,19,1,0,16,0,0.9411764705882353,0.0,0.0,0.0
64,26,112,113,20,1,0,19,0,0.95,0.0,0.0,0.0
64,26,112,113,21,1,0,22,0,0.9565217391304348,0.0,0.0,0.0
64,26,112,113,22,2,0,25,0,1.8518518518518519,0.0,0.0,0.0
64,26,112,113,23,8,0,22,0,5.866666666666666,0.0,0.0,0.0
64,26,112,113,24,4,0,23,0,3.4074074074074074,0.0,0.0,0.0
64,26,112,113,25,4,0,24,0,3.4285714285714284,0.0,0.0,0.0
64,26,112,113,27,1,0,28,0,0.9655172413793104,0.0,0.0,0.0
64,26,120,121,10,1,0,18,0,0.9473684210526315,0.0,0.0,0.0
64,26,120,121,11,2,0,18,0,1.8,0.0,0.0,0.0
64,26,120,121,12,1,0,17,0,0.9444444444444444,0.0,0.0,0.0
64,26,120,121,13,3,0,16,0,2.526315789473684,0.0,0.0,0.0
64,26,120,121,14,1,0,17,0,0.9444444444444444,0.0,0.0,0.0
64,26,120,121,15,2,0,17,0,1.7894736842105263,0.0,0.0,0.0
64,26,120,121,16,2,0,16,0,1.7777777777777777,0.0,0.0,0.0
64,26,120,121,17,2,0,16,0,1.7777777777777777,0.0,0.0,0.0
64,26,120,121,18,2,0,17,0,1.7894736842105263,0.0,0.0,0.0
64,26,120,121,19,2,0,17,0,1.7894736842105263,0.0,0.0,0.0
64,26,120,121,21,2,0,23,0,1.84,0.0,0.0,0.0
64,26,120,121,22,2,0,27,0,1.8620689655172413,0.0,0.0,0.0
64,26,120,121,23,1,0,30,0,0.967741935483871,0.0,0.0,0.0
64,26,120,121,24,1,0,32,0,0.9696969696969697,0.0,0.0,0.0
64,26,120,121,25,5,0,30,0,4.285714285714286,0.0,0.0,0.0
64,26,120,121,26,4,0,28,0,3.5,0.0,0.0,0.0
64,26,120,121,27,3,0,30,0,2.727272727272727,0.0,0.0,0.0
64,26,120,121,28,1,0,33,0,0.9705882352941176,0.0,0.0,0.0
64,26,120,121,29,2,0,30,0,1.875,0.0,0.0,0.0
64,26,120,121,30,1,0,26,0,0.9629629629629629,0.0,0.0,0.0
64,26,128,129,12,1,0,20,0,0.9523809523809523,0.0,0.0,0.0
64,26,128,129,13,1,0,21,0,0.9545454545454546,0.0,0.0,0.0
64,26,128,129,15,1,0,22,0,0.9565217391304348,0.0,0.0,0.0
64,26,128,129,17,1,0,22,0,0.9565217391304348,0.0,0.0,0.0
64,26,128,129,19,1,0,24,0,0.96,0.0,0.0,0.0
64,26,128,129,21,1,0,29,0,0.9666666666666667,0.0,0.0,0.0
64,26,128,129,23,1,0,33,0,0.9705882352941176,0.0,0.0,0.0
64,26,128,129,25,1,0,36,0,0.972972972972973,0.0,0.0,0.0
64,26,128,129,27,2,0,35,0,1.8918918918918919,0.0,0.0,0.0
64,27,24,25,21,5,5,5,0,2.5,1.0,0.0,1.0
64,27,32,33,23,3,2,1,0,0.75,0.6666666666666666,0.0,0.6666666666666666
64,27,32,33,24,2,0,4,0,1.3333333333333333,0.0,0.0,0.0
64,27,32,33,25,3,2,6,0,2.0,0.6666666666666666,0.0,0.6666666666666666
64,27,40,41,28,1,0,1,0,0.5,0.0,0.0,0.0
64,27,40,41,29,8,7,1,0,0.8888888888888888,0.875,0.0,0.875
64,27,40,41,30,2,1,9,0,1.6363636363636365,0.5,0.0,0.5
64,27,40,41,31,4,2,11,0,2.933333333333333,0.5,0.0,0.5
64,27,48,49,35,10,8,1,0,0.9090909090909091,0.8,0.0,0.8
64,27,48,49,36,2,0,11,0,1.6923076923076923,0.0,0.0,0.0
64,27,56,57,38,3,0,1,0,0.75,0.0,0.0,0.0
64,27,56,57,39,7,4,3,0,2.1,0.5714285714285714,0.0,0.5714285714285714
64,27,56,57,40,3,0,8,0,2.1818181818181817,0.0,0.0,0.0
64,27,56,57,41,8,6,9,0,4.235294117647059,0.75,0.0,0.75
64,27,56,57,42,1,0,17,0,0.9444444444444444,0.0,0.0,0.0
64,27,56,57,43,5,4,18,0,3.9130434782608696,0.8,0.0,0.8
64,27,64,65,39,2,0,2,0,1.0,0.0,0.0,0.0
64,27,64,65,40,2,0,3,0,1.2,0.0,0.0,0.0
64,27,64,65,41,4,2,4,0,2.0,0.5,0.0,0.5
64,27,64,65,42,2,0,5,0,1.4285714285714286,0.0,0.0,0.0
64,27,64,65,43,3,1,6,0,2.0,0.3333333333333333,0.0,0.3333333333333333
64,27,64,65,44,2,0,7,0,1.5555555555555556,0.0,0.0,0.0
64,27,64,65,45,3,1,8,0,2.1818181818181817,0.3333333333333333,0.0,0.3333333333333333
64,27,64,65,46,3,0,9,0,2.25,0.0,0.0,0.0
64,27,64,65,47,7,3,10,0,4.117647058823529,0.42857142857142855,0.0,0.42857142857142855
64,27,64,65,48,2,0,14,0,1.75,0.0,0.0,0.0
64,27,64,65,49,14,10,13,0,6.7407407407407405,0.7142857142857143,0.0,0.7142857142857143
64,27,64,65,50,5,2,23,0,4.107142857142857,0.4,0.0,0.4
64,27,64,65,51,1,1,25,0,0.9615384615384616,1.0,0.0,1.0
64,27,72,73,39,2,1,1,0,0.6666666666666666,0.5,0.0,0.5
64,27,72,73,40,2,0,2,0,1.0,0.0,0.0,0.0
64,27,72,73,41,2,1,3,0,1.2,0.5,0.0,0.5
64,27,72,73,42,1,0,4,0,0.8,0.0,0.0,0.0
64,27,72,73,43,2,0,4,0,1.3333333333333333,0.0,0.0,0.0
64,27,72,73,44,2,0,5,0,1.4285714285714286,0.0,0.0,0.0
64,27,72,73,45,2,0,6,0,1.5,0.0,0.0,0.0
64,27,72,73,46,2,0,7,0,1.5555555555555556,0.0,0.0,0.0
64,27,72,73,47,2,1,8,0,1.6,0.5,0.0,0.5
64,27,72,73,48,2,0,8,0,1.6,0.0,0.0,0.0
64,27,72,73,49,3,1,8,0,2.1818181818181817,0.3333333333333333,0.0,0.3333333333333333
64,27,72,73,50,1,0,9,0,0.9,0.0,0.0,0.0
64,27,72,73,51,4,2,8,0,2.6666666666666665,0.5,0.0,0.5
64,27,72,73,53,3,1,8,0,2.1818181818181817,0.3333333333333333,0.0,0.3333333333333333
64,27,72,73,54,3,0,9,0,2.25,0.0,0.0,0.0
64,27,72,73,55,4,1,10,0,2.857142857142857,0.25,0.0,0.25
64,27,72,73,56,2,0,11,0,1.6923076923076923,0.0,0.0,0.0
64,27,72,73,57,10,6,12,0,5.454545454545454,0.6,0.0,0.6
64,27,72,73,58,1,0,22,0,0.9565217391304348,0.0,0.0,0.0
64,27,72,73,59,1,1,23,0,0.9583333333333334,1.0,0.0,1.0
64,27,80,81,40,1,0,1,0,0.5,0.0,0.0,0.0
64,27,80,81,41,1,1,2,0,0.6666666666666666,1.0,0.0,1.0
64,27,80,81,42,1,0,3,0,0.75,0.0,0.0,0.0
64,27,80,81,43,1,1,4,0,0.8,1.0,0.0,1.0
64,27,80,81,45,1,0,5,0,0.8333333333333334,0.0,0.0,0.0
64,27,80,81,46,1,0,6,0,0.8571428571428571,0.0,0.0,0.0
64,27,80,81,47,1,0,7,0,0.875,0.0,0.0,0.0
64,27,80,81,48,1,0,7,0,0.875,0.0,0.0,0.0
64,27,80,81,49,1,0,7,0,0.875,0.0,0.0,0.0
64,27,80,81,50,1,0,7,0,0.875,0.0,0.0,0.0
64,27,80,81,51,1,0,7,0,0.875,0.0,0.0,0.0
64,27,80,81,52,1,0,7,0,0.875,0.0,0.0,0.0
64,27,80,81,53,1,0,7,0,0.875,0.0,0.0,0.0
64,27,80,81,54,2,0,7,0,1.5555555555555556,0.0,0.0,0.0
64,27,80,81,55,1,1,8,0,0.8888888888888888,1.0,0.0,1.0
64,27,80,81,57,2,1,8,0,1.6,0.5,0.0,0.5
64,27,80,81,58,1,0,10,0,0.9090909090909091,0.0,0.0,0.0
64,27,80,81,59,3,2,11,0,2.357142857142857,0.6666666666666666,0.0,0.6666666666666666
64,27,80,81,60,3,0,12,0,2.4,0.0,0.0,0.0
64,27,80,81,61,7,2,13,0,4.55,0.2857142857142857,0.0,0.2857142857142857
64,27,80,81,62,5,0,18,0,3.9130434782608696,0.0,0.0,0.0
64,27,80,81,63,6,1,21,0,4.666666666666667,0.16666666666666666,0.0,0.16666666666666666
64,27,80,81,64,4,0,26,0,3.466666666666667,0.0,0.0,0.0
64,27,80,81,65,6,2,28,0,4.9411764705882355,0.3333333333333333,0.0,0.3333333333333333
64,27,80,81,66,2,0,32,0,1.8823529411764706,0.0,0.0,0.0
64,27,80,81,67,5,3,32,0,4.324324324324325,0.6,0.0,0.6
64,27,88,89,42,1,0,1,0,0.5,0.0,0.0,0.0
64,27,88,89,43,1,1,2,0,0.6666666666666666,1.0,0.0,1.0
64,27,88,89,44,1,1,3,0,0.75,1.0,0.0,1.0
64,27,88,89,46,1,0,4,0,0.8,0.0,0.0,0.0
64,27,88,89,47,1,1,4,0,0.8,1.0,0.0,1.0
64,27,88,89,49,2,1,2,0,1.0,0.5,0.0,0.5
64,27,88,89,57,1,1,2,0,0.6666666666666666,1.0,0.0,1.0
64,27,88,89,58,1,1,3,0,0.75,1.0,0.0,1.0
64,27,88,89,59,1,1,4,0,0.8,1.0,0.0,1.0
64,27,88,89,61,1,1,7,0,0.875,1.0,0.0,1.0
64,27,88,89,62,3,1,8,0,2.1818181818181817,0.3333333333333333,0.0,0.3333333333333333
64,27,88,89,63,5,4,10,0,3.3333333333333335,0.8,0.0,0.8
64,27,88,89,64,3,1,14,0,2.4705882352941178,0.3333333333333333,0.0,0.3333333333333333
64,27,88,89,65,8,6,17,1,5.44,0.75,0.058823529411764705,0.6911764705882353
64,27,88,89,66,3,0,23,1,2.6538461538461537,0.0,0.043478260869565216,-0.043478260869565216
64,27,88,89,67,6,3,25,0,4.838709677419355,0.5,0.0,0.5
64,27,88,89,68,2,0,29,0,1.8709677419354838,0.0,0.0,0.0
64,27,88,89,69,3,1,29,0,2.71875,0.3333333333333333,0.0,0.3333333333333333
64,27,88,89,70,2,0,29,0,1.8709677419354838,0.0,0.0,0.0
64,27,88,89,71,4,2,28,0,3.5,0.5,0.0,0.5
64,27,88,89,72,2,0,27,0,1.8620689655172413,0.0,0.0,0.0
64,27,88,89,73,4,2,27,0,3.4838709677419355,0.5,0.0,0.5
64,27,96,97,65,2,2,10,0,1.6666666666666667,1.0,0.0,1.0
64,27,96,97,67,1,1,13,0,0.9285714285714286,1.0,0.0,1.0
64,27,96,97,69,2,2,14,0,1.75,1.0,0.0,1.0
64,27,96,97,71,5,5,14,0,3.6842105263157894,1.0,0.0,1.0
64,27,96,97,73,4,3,17,0,3.238095238095238,0.75,0.0,0.75
64,27,96,97,74,1,0,19,0,0.95,0.0,0.0,0.0
64,27,96,97,75,5,4,20,0,4.0,0.8,0.0,0.8
64,27,96,97,76,1,0,22,0,0.9565217391304348,0.0,0.0,0.0
64,27,104,105,79,2,2,19,0,1.8095238095238095,1.0,0.0,1.0
64,27,112,113,59,2,1,1,0,0.6666666666666666,0.5,0.0,0.5
64,27,112,113,60,1,1,3,0,0.75,1.0,0.0,1.0
64,27,112,113,61,1,0,4,0,0.8,0.0,0.0,0.0
64,27,112,113,62,1,0,5,0,0.8333333333333334,0.0,0.0,0.0
64,27,112,113,63,2,1,6,0,1.5,0.5,0.0,0.5
64,27,120,121,59,1,0,1,0,0.5,0.0,0.0,0.0
64,27,120,121,60,1,0,2,0,0.6666666666666666,0.0,0.0,0.0
64,27,120,121,61,1,0,3,0,0.75,0.0,0.0,0.0
64,27,120,121,62,1,0,4,0,0.8,0.0,0.0,0.0
64,27,120,121,63,1,0,5,0,0.8333333333333334,0.0,0.0,0.0
64,27,120,121,64,1,0,6,0,0.8571428571428571,0.0,0.0,0.0
64,27,120,121,65,1,0,7,0,0.875,0.0,0.0,0.0
64,27,120,121,66,1,0,8,0,0.8888888888888888,0.0,0.0,0.0
64,27,120,121,67,1,0,9,0,0.9,0.0,0.0,0.0
64,27,120,121,68,1,0,10,0,0.9090909090909091,0.0,0.0,0.0
64,27,120,121,69,1,0,11,0,0.9166666666666666,0.0,0.0,0.0
64,27,120,121,70,1,0,11,0,0.9166666666666666,0.0,0.0,0.0
64,27,120,121,71,1,0,12,0,0.9230769230769231,0.0,0.0,0.0
64,27,120,121,72,1,0,12,0,0.9230769230769231,0.0,0.0,0.0
64,27,128,129,59,1,0,1,0,0.5,0.0,0.0,0.0
64,27,128,129,60,1,0,2,0,0.6666666666666666,0.0,0.0,0.0
64,27,128,129,61,1,0,3,0,0.75,0.0,0.0,0.0
64,27,128,129,62,1,0,4,0,0.8,0.0,0.0,0.0
64,27,128,129,63,1,0,5,0,0.8333333333333334,0.0,0.0,0.0
64,27,128,129,64,1,0,6,0,0.8571428571428571,0.0,0.0,0.0
64,27,128,129,65,1,0,7,0,0.875,0.0,0.0,0.0
64,27,128,129,66,1,0,8,0,0.8888888888888888,0.0,0.0,0.0
64,27,128,129,67,1,0,9,0,0.9,0.0,0.0,0.0
64,27,128,129,68,1,0,10,0,0.9090909090909091,0.0,0.0,0.0
64,27,128,129,69,1,0,11,0,0.9166666666666666,0.0,0.0,0.0
64,27,128,129,70,1,0,11,0,0.9166666666666666,0.0,0.0,0.0
64,27,128,129,71,1,0,12,0,0.9230769230769231,0.0,0.0,0.0
64,27,128,129,72,1,0,12,0,0.9230769230769231,0.0,0.0,0.0
64,27,136,137,60,1,0,1,0,0.5,0.0,0.0,0.0
64,27,136,137,61,1,0,2,0,0.6666666666666666,0.0,0.0,0.0
64,27,136,137,62,1,0,3,0,0.75,0.0,0.0,0.0
64,27,136,137,63,1,0,4,0,0.8,0.0,0.0,0.0
64,27,136,137,64,1,0,5,0,0.8333333333333334,0.0,0.0,0.0
64,27,136,137,65,1,0,6,0,0.8571428571428571,0.0,0.0,0.0
64,27,136,137,66,1,0,7,0,0.875,0.0,0.0,0.0
64,27,136,137,67,1,0,8,0,0.8888888888888888,0.0,0.0,0.0
64,27,136,137,68,1,0,9,0,0.9,0.0,0.0,0.0
64,27,136,137,69,1,0,10,0,0.9090909090909091,0.0,0.0,0.0
64,27,136,137,70,1,0,10,0,0.9090909090909091,0.0,0.0,0.0
64,27,136,137,71,2,1,11,0,1.6923076923076923,0.5,0.0,0.5
64,27,136,137,72,1,0,12,0,0.9230769230769231,0.0,0.0,0.0
64,27,144,145,60,1,0,1,0,0.5,0.0,0.0,0.0
64,27,144,145,61,1,0,2,0,0.6666666666666666,0.0,0.0,0.0
64,27,144,145,62,1,0,3,0,0.75,0.0,0.0,0.0
64,27,144,145,63,1,0,4,0,0.8,0.0,0.0,0.0
64,27,144,145,64,1,0,5,0,0.8333333333333334,0.0,0.0,0.0
64,27,144,145,65,1,0,6,0,0.8571428571428571,0.0,0.0,0.0
64,27,144,145,66,1,0,7,0,0.875,0.0,0.0,0.0
64,27,144,145,67,1,0,8,0,0.8888888888888888,0.0,0.0,0.0
64,27,144,145,68,1,0,9,0,0.9,0.0,0.0,0.0
64,27,144,145,69,1,0,10,0,0.9090909090909091,0.0,0.0,0.0
64,27,144,145,70,1,0,10,0,0.9090909090909091,0.0,0.0,0.0
64,27,144,145,71,1,0,11,0,0.9166666666666666,0.0,0.0,0.0
64,27,144,145,72,1,0,11,0,0.9166666666666666,0.0,0.0,0.0
64,27,144,145,73,1,0,13,0,0.9285714285714286,0.0,0.0,0.0
64,27,152,153,60,1,1,1,0,0.5,1.0,0.0,1.0
64,27,152,153,62,1,0,2,0,0.6666666666666666,0.0,0.0,0.0
64,27,152,153,63,1,0,3,0,0.75,0.0,0.0,0.0
64,27,152,153,64,1,0,4,0,0.8,0.0,0.0,0.0
64,27,152,153,65,1,0,5,0,0.8333333333333334,0.0,0.0,0.0
64,27,152,153,66,1,0,6,0,0.8571428571428571,0.0,0.0,0.0
64,27,152,153,67,1,0,7,0,0.875,0.0,0.0,0.0
64,27,152,153,68,1,0,8,0,0.8888888888888888,0.0,0.0,0.0
64,27,152,153,69,1,0,9,0,0.9,0.0,0.0,0.0
64,27,152,153,70,1,0,9,0,0.9,0.0,0.0,0.0
64,27,152,153,71,1,0,10,0,0.9090909090909091,0.0,0.0,0.0
64,27,152,153,72,1,0,10,0,0.9090909090909091,0.0,0.0,0.0
64,27,152,153,73,1,0,12,0,0.9230769230769231,0.0,0.0,0.0
64,27,152,153,74,1,0,13,0,0.9285714285714286,0.0,0.0,0.0
64,27,160,161,61,1,0,1,0,0.5,0.0,0.0,0.0
64,27,160,161,63,1,0,2,0,0.6666666666666666,0.0,0.0,0.0
64,27,160,161,65,1,1,3,0,0.75,1.0,0.0,1.0
64,27,160,161,66,1,0,3,0,0.75,0.0,0.0,0.0
64,27,160,161,67,1,1,3,0,0.75,1.0,0.0,1.0
64,27,160,161,68,1,1,3,0,0.75,1.0,0.0,1.0
64,27,160,161,69,1,1,3,0,0.75,1.0,0.0,1.0
64,27,160,161,70,1,0,2,0,0.6666666666666666,0.0,0.0,0.0
64,27,160,161,72,1,0,2,0,0.6666666666666666,0.0,0.0,0.0
64,27,160,161,73,1,0,4,0,0.8,0.0,0.0,0.0
64,27,160,161,74,5,2,5,0,2.5,0.4,0.0,0.4
64,27,160,161,75,2,1,10,0,1.6666666666666667,0.5,0.0,0.5
64,27,160,161,76,2,1,11,0,1.6923076923076923,0.5,0.0,0.5
64,27,160,161,77,3,2,14,0,2.4705882352941178,0.6666666666666666,0.0,0.6666666666666666
64,27,168,169,67,1,1,1,0,0.5,1.0,0.0,1.0
64,27,168,169,68,1,1,1,0,0.5,1.0,0.0,1.0
64,27,168,169,81,1,1,18,0,0.9473684210526315,1.0,0.0,1.0
64,27,168,169,82,2,1,20,0,1.8181818181818181,0.5,0.0,0.5
64,27,208,209,81,1,1,17,0,0.9444444444444444,1.0,0.0,1.0
64,27,208,209,83,2,0,19,0,1.8095238095238095,0.0,0.0,0.0
64,27,208,209,84,2,0,21,0,1.826086956521739,0.0,0.0,0.0
64,27,208,209,85,2,0,23,0,1.84,0.0,0.0,0.0
64,27,208,209,86,2,0,24,0,1.8461538461538463,0.0,0.0,0.0
64,27,208,209,87,3,0,25,0,2.6785714285714284,0.0,0.0,0.0
64,27,216,217,74,2,0,1,0,0.6666666666666666,0.0,0.0,0.0
64,27,216,217,75,2,0,3,0,1.2,0.0,0.0,0.0
64,27,216,217,76,2,0,4,0,1.3333333333333333,0.0,0.0,0.0
64,27,216,217,77,2,0,7,0,1.5555555555555556,0.0,0.0,0.0
64,27,216,217,78,2,0,9,0,1.6363636363636365,0.0,0.0,0.0
64,27,216,217,79,2,0,11,0,1.6923076923076923,0.0,0.0,0.0
64,27,216,217,80,2,0,13,0,1.7333333333333334,0.0,0.0,0.0
64,27,216,217,81,2,0,15,0,1.7647058823529411,0.0,0.0,0.0
64,27,216,217,82,2,0,17,0,1.7894736842105263,0.0,0.0,0.0
64,27,216,217,83,2,0,19,0,1.8095238095238095,0.0,0.0,0.0
64,27,216,217,84,2,0,21,0,1.826086956521739,0.0,0.0,0.0
64,27,216,217,85,2,0,23,0,1.84,0.0,0.0,0.0
64,27,216,217,86,2,0,24,0,1.8461538461538463,0.0,0.0,0.0
64,27,216,217,87,2,0,25,0,1.8518518518518519,0.0,0.0,0.0
64,27,216,217,88,2,0,26,0,1.8571428571428572,0.0,0.0,0.0
64,27,224,225,75,1,1,3,0,0.75,1.0,0.0,1.0
64,27,224,225,77,2,1,6,0,1.5,0.5,0.0,0.5
64,27,224,225,78,1,0,9,0,0.9,0.0,0.0,0.0
64,27,224,225,79,1,1,11,0,0.9166666666666666,1.0,0.0,1.0
64,27,224,225,80,1,0,13,0,0.9285714285714286,0.0,0.0,0.0
64,27,224,225,81,1,1,15,0,0.9375,1.0,0.0,1.0
64,27,224,225,82,1,1,17,0,0.9444444444444444,1.0,0.0,1.0
64,27,224,225,83,1,1,19,0,0.95,1.0,0.0,1.0
64,27,224,225,84,1,1,21,0,0.9545454545454546,1.0,0.0,1.0
64,27,224,225,86,1,0,23,0,0.9583333333333334,0.0,0.0,0.0
64,27,224,225,87,1,0,24,0,0.96,0.0,0.0,0.0
64,27,224,225,88,3,0,25,0,2.6785714285714284,0.0,0.0,0.0
64,27,232,233,65,1,0,1,0,0.5,0.0,0.0,0.0
64,27,232,233,74,1,0,1,0,0.5,0.0,0.0,0.0
64,27,232,233,75,3,0,1,0,0.75,0.0,0.0,0.0
64,27,232,233,76,3,0,3,0,1.5,0.0,0.0,0.0
64,27,232,233,77,1,0,6,0,0.8571428571428571,0.0,0.0,0.0
64,27,232,233,78,1,0,8,0,0.8888888888888888,0.0,0.0,0.0
64,27,232,233,79,1,0,10,0,0.9090909090909091,0.0,0.0,0.0
64,27,232,233,80,1,0,12,0,0.9230769230769231,0.0,0.0,0.0
64,27,232,233,81,1,0,14,0,0.9333333333333333,0.0,0.0,0.0
64,27,232,233,82,1,0,16,0,0.9411764705882353,0.0,0.0,0.0
64,27,232,233,83,1,0,18,0,0.9473684210526315,0.0,0.0,0.0
64,27,232,233,84,1,0,20,0,0.9523809523809523,0.0,0.0,0.0
64,27,232,233,85,1,0,22,0,0.9565217391304348,0.0,0.0,0.0
64,27,232,233,86,1,0,23,0,0.9583333333333334,0.0,0.0,0.0
64,27,232,233,87,1,0,24,0,0.96,0.0,0.0,0.0
64,27,232,233,88,1,0,25,0,0.9615384615384616,0.0,0.0,0.0
64,27,232,233,89,1,0,26,0,0.9629629629629629,0.0,0.0,0.0
64,27,240,241,11,4,0,1,0,0.8,0.0,0.0,0.0
64,27,240,241,12,1,0,5,0,0.8333333333333334,0.0,0.0,0.0
64,27,240,241,13,3,0,4,0,1.7142857142857142,0.0,0.0,0.0
64,27,240,241,14,2,0,5,0,1.4285714285714286,0.0,0.0,0.0
64,27,240,241,15,3,0,4,0,1.7142857142857142,0.0,0.0,0.0
64,27,240,241,16,2,0,4,0,1.3333333333333333,0.0,0.0,0.0
64,27,240,241,17,5,0,2,0,1.4285714285714286,0.0,0.0,0.0
64,27,240,241,18,2,0,2,0,1.0,0.0,0.0,0.0
64,27,240,241,19,6,0,1,0,0.8571428571428571,0.0,0.0,0.0
64,27,240,241,20,4,0,4,0,2.0,0.0,0.0,0.0
64,27,240,241,21,4,0,4,0,2.0,0.0,0.0,0.0
64,27,240,241,22,4,0,3,0,1.7142857142857142,0.0,0.0,0.0
64,27,240,241,23,4,0,4,0,2.0,0.0,0.0,0.0
64,27,240,241,24,4,0,5,0,2.2222222222222223,0.0,0.0,0.0
64,27,240,241,25,2,0,7,0,1.5555555555555556,0.0,0.0,0.0
64,27,240,241,26,2,0,7,0,1.5555555555555556,0.0,0.0,0.0
64,27,240,241,27,6,0,4,0,2.4,0.0,0.0,0.0
64,27,240,241,28,3,0,6,0,2.0,0.0,0.0,0.0
64,27,240,241,29,5,0,5,0,2.5,0.0,0.0,0.0
64,27,240,241,30,4,0,6,0,2.4,0.0,0.0,0.0
64,27,240,241,31,4,0,6,0,2.4,0.0,0.0,0.0
64,27,240,241,32,4,0,5,0,2.2222222222222223,0.0,0.0,0.0
64,27,240,241,33,3,0,4,0,1.7142857142857142,0.0,0.0,0.0
64,27,240,241,34,3,0,3,0,1.5,0.0,0.0,0.0
64,27,240,241,35,4,0,3,0,1.7142857142857142,0.0,0.0,0.0
64,27,240,241,36,1,0,5,0,0.8333333333333334,0.0,0.0,0.0
64,27,240,241,37,6,0,2,0,1.5,0.0,0.0,0.0
64,27,240,241,38,5,0,2,0,1.4285714285714286,0.0,0.0,0.0
64,27,240,241,39,2,0,3,0,1.2,0.0,0.0,0.0
64,27,240,241,40,4,0,1,0,0.8,0.0,0.0,0.0
64,27,240,241,41,4,0,1,0,0.8,0.0,0.0,0.0
64,27,240,241,42,4,0,1,0,0.8,0.0,0.0,0.0
64,27,240,241,45,5,0,3,0,1.875,0.0,0.0,0.0
64,27,240,241,46,6,0,3,0,2.0,0.0,0.0,0.0
64,27,240,241,47,7,0,3,0,2.1,0.0,0.0,0.0
64,27,240,241,48,7,0,3,0,2.1,0.0,0.0,0.0
64,27,240,241,49,7,0,4,0,2.5454545454545454,0.0,0.0,0.0
64,27,240,241,50,8,0,4,0,2.6666666666666665,0.0,0.0,0.0
64,27,240,241,51,8,0,3,0,2.1818181818181817,0.0,0.0,0.0
64,27,240,241,52,7,0,6,0,3.230769230769231,0.0,0.0,0.0
64,27,240,241,53,4,0,11,0,2.933333333333333,0.0,0.0,0.0
64,27,240,241,54,8,0,10,0,4.444444444444445,0.0,0.0,0.0
64,27,240,241,55,9,0,9,0,4.5,0.0,0.0,0.0
64,27,240,241,56,10,0,5,0,3.3333333333333335,0.0,0.0,0.0
64,27,240,241,57,6,0,5,0,2.727272727272727,0.0,0.0,0.0
64,27,240,241,58,14,0,2,0,1.75,0.0,0.0,0.0
64,27,240,241,59,3,0,10,0,2.3076923076923075,0.0,0.0,0.0
64,27,240,241,60,10,0,6,0,3.75,0.0,0.0,0.0
64,27,240,241,61,8,0,8,0,4.0,0.0,0.0,0.0
64,27,240,241,62,5,0,11,0,3.4375,0.0,0.0,0.0
64,27,240,241,63,4,0,11,0,2.933333333333333,0.0,0.0,0.0
64,27,240,241,64,6,0,10,0,3.75,0.0,0.0,0.0
64,27,240,241,65,9,0,8,0,4.235294117647059,0.0,0.0,0.0
64,27,240,241,66,6,0,7,0,3.230769230769231,0.0,0.0,0.0
64,27,240,241,67,6,0,6,0,3.0,0.0,0.0,0.0
64,27,240,241,68,8,0,4,0,2.6666666666666665,0.0,0.0,0.0
64,27,240,241,69,7,0,5,0,2.9166666666666665,0.0,0.0,0.0
64,27,240,241,70,7,0,4,0,2.5454545454545454,0.0,0.0,0.0
64,27,240,241,71,5,0,5,0,2.5,0.0,0.0,0.0
64,27,240,241,72,5,0,4,0,2.2222222222222223,0.0,0.0,0.0
64,27,240,241,73,8,0,4,0,2.6666666666666665,0.0,0.0,0.0
64,27,240,241,74,8,0,4,0,2.6666666666666665,0.0,0.0,0.0
64,27,240,241,75,3,0,8,0,2.1818181818181817,0.0,0.0,0.0
64,27,240,241,76,4,0,7,0,2.5454545454545454,0.0,0.0,0.0
64,27,240,241,77,4,0,10,0,2.857142857142857,0.0,0.0,0.0
64,27,240,241,78,2,0,13,0,1.7333333333333334,0.0,0.0,0.0
64,27,240,241,79,2,0,14,0,1.75,0.0,0.0,0.0
64,27,240,241,80,1,0,17,0,0.9444444444444444,0.0,0.0,0.0
64,27,240,241,81,1,0,18,0,0.9473684210526315,0.0,0.0,0.0
64,27,240,241,82,1,0,20,0,0.9523809523809523,0.0,0.0,0.0
64,27,240,241,83,3,0,20,0,2.608695652173913,0.0,0.0,0.0
64,27,240,241,84,1,0,22,0,0.9565217391304348,0.0,0.0,0.0
64,27,240,241,85,2,1,23,0,1.84,0.5,0.0,0.5
64,27,240,241,86,2,0,24,0,1.8461538461538463,0.0,0.0,0.0
64,27,240,241,87,1,0,26,0,0.9629629629629629,0.0,0.0,0.0
64,27,240,241,88,2,0,26,0,1.8571428571428572,0.0,0.0,0.0
64,27,240,241,90,1,0,26,0,0.9629629629629629,0.0,0.0,0.0
64,27,248,249,20,1,0,9,0,0.9,0.0,0.0,0.0
64,27,248,249,21,1,0,8,0,0.8888888888888888,0.0,0.0,0.0
64,27,248,249,22,3,0,6,0,2.0,0.0,0.0,0.0
64,27,248,249,23,2,0,7,0,1.5555555555555556,0.0,0.0,0.0
64,27,248,249,24,2,0,7,0,1.5555555555555556,0.0,0.0,0.0
64,27,248,249,25,2,0,7,0,1.5555555555555556,0.0,0.0,0.0
64,27,248,249,26,2,0,7,0,1.5555555555555556,0.0,0.0,0.0
64,27,248,249,27,2,0,8,0,1.6,0.0,0.0,0.0
64,27,248,249,28,2,0,9,0,1.6363636363636365,0.0,0.0,0.0
64,27,248,249,29,2,0,10,0,1.6666666666666667,0.0,0.0,0.0
64,27,248,249,30,2,0,11,0,1.6923076923076923,0.0,0.0,0.0
64,27,248,249,31,2,0,12,0,1.7142857142857142,0.0,0.0,0.0
64,27,248,249,32,2,0,12,0,1.7142857142857142,0.0,0.0,0.0
64,27,248,249,33,1,0,12,0,0.9230769230769231,0.0,0.0,0.0
64,27,248,249,34,2,0,11,0,1.6923076923076923,0.0,0.0,0.0
64,27,248,249,37,3,0,12,0,2.4,0.0,0.0,0.0
64,27,248,249,38,1,0,13,0,0.9285714285714286,0.0,0.0,0.0
64,27,248,249,39,2,0,13,0,1.7333333333333334,0.0,0.0,0.0
64,27,248,249,40,1,0,13,0,0.9285714285714286,0.0,0.0,0.0
64,27,248,249,41,2,0,12,0,1.7142857142857142,0.0,0.0,0.0
64,27,248,249,42,3,0,12,0,2.4,0.0,0.0,0.0
64,27,248,249,43,5,0,12,0,3.5294117647058822,0.0,0.0,0.0
64,27,248,249,44,3,0,15,0,2.5,0.0,0.0,0.0
64,27,248,249,45,3,0,16,0,2.526315789473684,0.0,0.0,0.0
64,27,248,249,46,4,0,16,0,3.2,0.0,0.0,0.0
64,27,248,249,47,3,0,18,0,2.5714285714285716,0.0,0.0,0.0
64,27,248,249,48,5,0,18,0,3.9130434782608696,0.0,0.0,0.0
64,27,248,249,49,4,0,20,0,3.3333333333333335,0.0,0.0,0.0
64,27,248,249,50,3,0,20,0,2.608695652173913,0.0,0.0,0.0
64,27,248,249,51,5,0,17,0,3.8636363636363638,0.0,0.0,0.0
64,27,248,249,52,5,0,18,0,3.9130434782608696,0.0,0.0,0.0
64,27,248,249,53,4,0,19,0,3.3043478260869565,0.0,0.0,0.0
64,27,248,249,54,2,0,21,0,1.826086956521739,0.0,0.0,0.0
64,27,248,249,55,1,0,22,0,0.9565217391304348,0.0,0.0,0.0
64,27,248,249,56,2,0,21,0,1.826086956521739,0.0,0.0,0.0
64,27,248,249,60,2,0,24,0,1.8461538461538463,0.0,0.0,0.0
64,27,248,249,61,3,0,24,0,2.6666666666666665,0.0,0.0,0.0
64,27,248,249,62,2,0,25,0,1.8518518518518519,0.0,0.0,0.0
64,27,248,249,63,2,0,25,0,1.8518518518518519,0.0,0.0,0.0
64,27,248,249,64,2,0,25,0,1.8518518518518519,0.0,0.0,0.0
64,27,248,249,66,3,0,25,0,2.6785714285714284,0.0,0.0,0.0
64,27,248,249,67,2,0,25,0,1.8518518518518519,0.0,0.0,0.0
64,27,248,249,68,3,0,23,0,2.6538461538461537,0.0,0.0,0.0
64,27,248,249,69,3,0,23,0,2.6538461538461537,0.0,0.0,0.0
64,27,248,249,70,3,0,22,0,2.64,0.0,0.0,0.0
64,27,248,249,71,5,0,22,0,4.074074074074074,0.0,0.0,0.0
64,27,248,249,72,4,0,23,0,3.4074074074074074,0.0,0.0,0.0
64,27,248,249,73,1,0,25,0,0.9615384615384616,0.0,0.0,0.0
64,27,248,249,74,3,0,22,0,2.64,0.0,0.0,0.0
64,27,248,249,75,2,0,22,0,1.8333333333333333,0.0,0.0,0.0
64,27,248,249,76,3,0,20,0,2.608695652173913,0.0,0.0,0.0
64,28,8,9,9,23,23,2,0,1.84,1.0,0.0,1.0
64,28,16,17,15,29,26,1,0,0.9666666666666667,0.896551724137931,0.0,0.896551724137931
64,28,24,25,20,2,0,2,0,1.0,0.0,0.0,0.0
64,28,24,25,21,25,21,4,0,3.4482758620689653,0.84,0.0,0.84
64,28,40,41,2,2,0,1,0,0.6666666666666666,0.0,0.0,0.0
64,28,40,41,3,1,0,3,0,0.75,0.0,0.0,0.0
64,28,40,41,4,3,0,4,0,1.7142857142857142,0.0,0.0,0.0
64,28,40,41,5,1,0,7,0,0.875,0.0,0.0,0.0
64,28,40,41,6,4,0,7,0,2.5454545454545454,0.0,0.0,0.0
64,28,40,41,7,2,0,11,0,1.6923076923076923,0.0,0.0,0.0
64,28,40,41,8,4,0,12,0,3.0,0.0,0.0,0.0
64,28,40,41,10,2,0,16,0,1.7777777777777777,0.0,0.0,0.0
64,28,40,41,11,2,0,17,0,1.7894736842105263,0.0,0.0,0.0
64,28,40,41,12,4,0,16,0,3.2,0.0,0.0,0.0
64,28,40,41,13,4,0,15,0,3.1578947368421053,0.0,0.0,0.0
64,28,40,41,14,3,0,15,0,2.5,0.0,0.0,0.0
64,28,40,41,15,4,0,13,0,3.0588235294117645,0.0,0.0,0.0
64,28,40,41,16,6,0,10,0,3.75,0.0,0.0,0.0
64,28,40,41,17,8,0,4,0,2.6666666666666665,0.0,0.0,0.0
64,28,40,41,19,3,0,3,0,1.5,0.0,0.0,0.0
64,28,40,41,21,3,0,2,0,1.2,0.0,0.0,0.0
64,28,40,41,22,1,0,2,0,0.6666666666666666,0.0,0.0,0.0
64,28,40,41,32,2,0,6,0,1.5,0.0,0.0,0.0
64,28,40,41,33,6,4,10,1,3.75,0.6666666666666666,0.1,0.5666666666666667
64,28,40,41,34,2,0,19,2,1.8095238095238095,0.0,0.10526315789473684,-0.10526315789473684
64,28,48,49,5,2,0,13,0,1.7333333333333334,0.0,0.0,0.0
64,28,48,49,21,2,0,14,0,1.75,0.0,0.0,0.0
64,28,48,49,23,1,0,11,0,0.9166666666666666,0.0,0.0,0.0
64,28,48,49,25,3,0,5,0,1.875,0.0,0.0,0.0
64,28,48,49,31,3,0,2,0,1.2,0.0,0.0,0.0
64,28,48,49,32,1,0,8,0,0.8888888888888888,0.0,0.0,0.0
64,28,48,49,34,2,0,13,0,1.7333333333333334,0.0,0.0,0.0
64,28,48,49,36,1,0,18,0,0.9473684210526315,0.0,0.0,0.0
64,28,48,49,37,3,2,20,0,2.608695652173913,0.6666666666666666,0.0,0.6666666666666666
64,28,48,49,38,2,0,23,0,1.84,0.0,0.0,0.0
64,28,48,49,39,11,9,27,0,7.815789473684211,0.8181818181818182,0.0,0.8181818181818182
64,28,48,49,40,2,0,39,0,1.9024390243902438,0.0,0.0,0.0
64,28,48,49,41,2,1,44,0,1.9130434782608696,0.5,0.0,0.5
64,28,56,57,7,1,0,17,0,0.9444444444444444,0.0,0.0,0.0
64,28,56,57,29,1,1,4,0,0.8,1.0,0.0,1.0
64,28,56,57,40,2,0,27,0,1.8620689655172413,0.0,0.0,0.0
64,28,56,57,42,1,0,32,0,0.9696969696969697,0.0,0.0,0.0
64,28,56,57,43,1,1,33,0,0.9705882352941176,1.0,0.0,1.0
64,28,56,57,45,11,11,32,0,8.186046511627907,1.0,0.0,1.0
64,28,56,57,46,2,0,39,0,1.9024390243902438,0.0,0.0,0.0
64,28,64,65,9,1,0,24,0,0.96,0.0,0.0,0.0
64,28,64,65,10,1,0,27,0,0.9642857142857143,0.0,0.0,0.0
64,28,64,65,11,1,0,29,0,0.9666666666666667,0.0,0.0,0.0
64,28,64,65,12,2,0,28,0,1.8666666666666667,0.0,0.0,0.0
64,28,64,65,28,1,0,3,0,0.75,0.0,0.0,0.0
64,28,64,65,29,1,0,4,0,0.8,0.0,0.0,0.0
64,28,64,65,51,2,1,29,0,1.8709677419354838,0.5,0.0,0.5
64,28,72,73,9,1,0,24,0,0.96,0.0,0.0,0.0
64,28,72,73,10,1,0,27,0,0.9642857142857143,0.0,0.0,0.0
64,28,72,73,11,1,0,29,0,0.9666666666666667,0.0,0.0,0.0
64,28,72,73,12,1,0,29,0,0.9666666666666667,0.0,0.0,0.0
64,28,72,73,13,1,0,27,0,0.9642857142857143,0.0,0.0,0.0
64,28,72,73,14,1,0,26,0,0.9629629629629629,0.0,0.0,0.0
64,28,72,73,15,2,0,24,0,1.8461538461538463,0.0,0.0,0.0
64,28,72,73,16,2,0,22,0,1.8333333333333333,0.0,0.0,0.0
64,28,72,73,17,3,0,21,0,2.625,0.0,0.0,0.0
64,28,72,73,18,3,0,19,0,2.590909090909091,0.0,0.0,0.0
64,28,72,73,19,4,0,18,0,3.272727272727273,0.0,0.0,0.0
64,28,72,73,20,3,0,18,0,2.5714285714285716,0.0,0.0,0.0
64,28,72,73,21,2,0,17,0,1.7894736842105263,0.0,0.0,0.0
64,28,72,73,22,2,0,15,0,1.7647058823529411,0.0,0.0,0.0
64,28,72,73,23,2,0,13,0,1.7333333333333334,0.0,0.0,0.0
64,28,72,73,24,2,0,11,0,1.6923076923076923,0.0,0.0,0.0
64,28,72,73,25,2,0,9,0,1.6363636363636365,0.0,0.0,0.0
64,28,72,73,26,2,0,7,0,1.5555555555555556,0.0,0.0,0.0
64,28,72,73,27,2,0,6,0,1.5,0.0,0.0,0.0
64,28,72,73,28,2,0,4,0,1.3333333333333333,0.0,0.0,0.0
64,28,72,73,29,1,0,5,0,0.8333333333333334,0.0,0.0,0.0
64,28,72,73,30,1,0,5,0,0.8333333333333334,0.0,0.0,0.0
64,28,72,73,53,2,2,30,0,1.875,1.0,0.0,1.0
64,28,72,73,54,2,0,32,0,1.8823529411764706,0.0,0.0,0.0
64,28,72,73,55,2,2,34,0,1.8888888888888888,1.0,0.0,1.0
64,28,72,73,56,2,0,36,0,1.894736842105263,0.0,0.0,0.0
64,28,72,73,57,2,1,39,0,1.9024390243902438,0.5,0.0,0.5
64,28,72,73,58,2,0,41,0,1.9069767441860466,0.0,0.0,0.0
64,28,72,73,59,3,1,42,0,2.8,0.3333333333333333,0.0,0.3333333333333333
64,28,72,73,60,2,0,43,0,1.9111111111111112,0.0,0.0,0.0
64,28,72,73,61,4,2,42,0,3.652173913043478,0.5,0.0,0.5
64,28,80,81,10,1,0,28,0,0.9655172413793104,0.0,0.0,0.0
64,28,80,81,11,1,0,30,0,0.967741935483871,0.0,0.0,0.0
64,28,80,81,12,1,0,30,0,0.967741935483871,0.0,0.0,0.0
64,28,80,81,13,1,0,28,0,0.9655172413793104,0.0,0.0,0.0
64,28,80,81,14,1,0,27,0,0.9642857142857143,0.0,0.0,0.0
64,28,80,81,15,4,0,24,0,3.4285714285714284,0.0,0.0,0.0
64,28,80,81,16,2,0,24,0,1.8461538461538463,0.0,0.0,0.0
64,28,80,81,17,3,0,23,0,2.6538461538461537,0.0,0.0,0.0
64,28,80,81,18,2,0,23,0,1.84,0.0,0.0,0.0
64,28,80,81,19,3,0,22,0,2.64,0.0,0.0,0.0
64,28,80,81,20,3,0,21,0,2.625,0.0,0.0,0.0
64,28,80,81,21,3,0,20,0,2.608695652173913,0.0,0.0,0.0
64,28,80,81,22,3,0,17,0,2.55,0.0,0.0,0.0
64,28,80,81,23,2,0,15,0,1.7647058823529411,0.0,0.0,0.0
64,28,80,81,24,2,0,13,0,1.7333333333333334,0.0,0.0,0.0
64,28,80,81,25,2,0,11,0,1.6923076923076923,0.0,0.0,0.0
64,28,80,81,26,2,0,9,0,1.6363636363636365,0.0,0.0,0.0
64,28,80,81,27,2,0,8,0,1.6,0.0,0.0,0.0
64,28,80,81,28,1,0,6,0,0.8571428571428571,0.0,0.0,0.0
64,28,80,81,29,1,0,6,0,0.8571428571428571,0.0,0.0,0.0
64,28,80,81,30,1,0,6,0,0.8571428571428571,0.0,0.0,0.0
64,28,80,81,31,1,0,6,0,0.8571428571428571,0.0,0.0,0.0
64,28,80,81,55,1,1,30,0,0.967741935483871,1.0,0.0,1.0
64,28,80,81,57,2,1,34,0,1.8888888888888888,0.5,0.0,0.5
64,28,80,81,59,2,2,37,0,1.8974358974358974,1.0,0.0,1.0
64,28,80,81,60,1,0,38,0,0.9743589743589743,0.0,0.0,0.0
64,28,80,81,61,1,1,37,0,0.9736842105263158,1.0,0.0,1.0
64,28,80,81,62,1,0,36,0,0.972972972972973,0.0,0.0,0.0
64,28,80,81,63,4,3,35,0,3.58974358974359,0.75,0.0,0.75
64,28,80,81,64,3,0,35,0,2.763157894736842,0.0,0.0,0.0
64,28,80,81,65,5,2,32,0,4.324324324324325,0.4,0.0,0.4
64,28,80,81,66,2,0,30,0,1.875,0.0,0.0,0.0
64,28,80,81,67,2,2,26,0,1.8571428571428572,1.0,0.0,1.0
64,28,88,89,10,1,0,28,0,0.9655172413793104,0.0,0.0,0.0
64,28,88,89,11,1,0,30,0,0.967741935483871,0.0,0.0,0.0
64,28,88,89,12,1,0,30,0,0.967741935483871,0.0,0.0,0.0
64,28,88,89,13,1,0,28,0,0.9655172413793104,0.0,0.0,0.0
64,28,88,89,14,2,0,27,0,1.8620689655172413,0.0,0.0,0.0
64,28,88,89,15,3,0,26,0,2.689655172413793,0.0,0.0,0.0
64,28,88,89,16,1,0,27,0,0.9642857142857143,0.0,0.0,0.0
64,28,88,89,17,3,0,26,0,2.689655172413793,0.0,0.0,0.0
64,28,88,89,18,1,0,27,0,0.9642857142857143,0.0,0.0,0.0
64,28,88,89,19,5,0,24,0,4.137931034482759,0.0,0.0,0.0
64,28,88,89,20,1,0,25,0,0.9615384615384616,0.0,0.0,0.0
64,28,88,89,21,4,0,24,0,3.4285714285714284,0.0,0.0,0.0
64,28,88,89,22,1,0,23,0,0.9583333333333334,0.0,0.0,0.0
64,28,88,89,23,5,0,17,0,3.8636363636363638,0.0,0.0,0.0
64,28,88,89,24,1,0,16,0,0.9411764705882353,0.0,0.0,0.0
64,28,88,89,25,3,0,13,0,2.4375,0.0,0.0,0.0
64,28,88,89,26,1,0,12,0,0.9230769230769231,0.0,0.0,0.0
64,28,88,89,27,1,0,10,0,0.9090909090909091,0.0,0.0,0.0
64,28,88,89,28,1,0,7,0,0.875,0.0,0.0,0.0
64,28,88,89,29,1,0,7,0,0.875,0.0,0.0,0.0
64,28,88,89,30,1,0,7,0,0.875,0.0,0.0,0.0
64,28,88,89,31,1,0,7,0,0.875,0.0,0.0,0.0
64,28,88,89,32,1,0,9,0,0.9,0.0,0.0,0.0
64,28,88,89,69,3,3,13,0,2.4375,1.0,0.0,1.0
64,28,88,89,71,3,3,9,0,2.25,1.0,0.0,1.0
64,28,96,97,19,1,0,29,0,0.9666666666666667,0.0,0.0,0.0
64,28,96,97,21,1,0,28,0,0.9655172413793104,0.0,0.0,0.0
64,28,96,97,22,1,0,25,0,0.9615384615384616,0.0,0.0,0.0
64,28,96,97,23,1,0,22,0,0.9565217391304348,0.0,0.0,0.0
64,28,96,97,24,1,0,19,0,0.95,0.0,0.0,0.0
64,28,96,97,25,1,0,16,0,0.9411764705882353,0.0,0.0,0.0
64,28,96,97,26,1,0,13,0,0.9285714285714286,0.0,0.0,0.0
64,28,96,97,27,1,0,11,0,0.9166666666666666,0.0,0.0,0.0
64,28,96,97,28,1,0,8,0,0.8888888888888888,0.0,0.0,0.0
64,28,96,97,29,1,0,8,0,0.8888888888888888,0.0,0.0,0.0
64,28,96,97,30,1,0,8,0,0.8888888888888888,0.0,0.0,0.0
64,28,96,97,31,1,0,8,0,0.8888888888888888,0.0,0.0,0.0
64,28,96,97,32,1,0,10,0,0.9090909090909091,0.0,0.0,0.0
64,28,96,97,33,1,0,12,0,0.9230769230769231,0.0,0.0,0.0
64,28,104,105,30,1,0,9,0,0.9,0.0,0.0,0.0
64,28,112,113,31,1,0,10,0,0.9090909090909091,0.0,0.0,0.0
64,28,120,121,31,1,0,10,0,0.9090909090909091,0.0,0.0,0.0
64,28,128,129,32,1,0,12,0,0.9230769230769231,0.0,0.0,0.0
64,28,136,137,32,1,0,12,0,0.9230769230769231,0.0,0.0,0.0
64,28,136,137,33,1,0,14,0,0.9333333333333333,0.0,0.0,0.0
64,28,136,137,34,1,0,16,0,0.9411764705882353,0.0,0.0,0.0
64,28,136,137,35,1,0,18,0,0.9473684210526315,0.0,0.0,0.0
64,28,136,137,36,1,0,21,0,0.9545454545454546,0.0,0.0,0.0
64,28,136,137,37,1,0,23,0,0.9583333333333334,0.0,0.0,0.0
64,28,136,137,38,1,0,25,0,0.9615384615384616,0.0,0.0,0.0
64,28,136,137,39,1,0,28,0,0.9655172413793104,0.0,0.0,0.0
64,28,136,137,41,1,0,32,0,0.9696969696969697,0.0,0.0,0.0
64,28,144,145,33,2,0,15,0,1.7647058823529411,0.0,0.0,0.0
64,28,144,145,34,2,0,17,0,1.7894736842105263,0.0,0.0,0.0
64,28,144,145,35,2,0,19,0,1.8095238095238095,0.0,0.0,0.0
64,28,144,145,36,2,0,22,0,1.8333333333333333,0.0,0.0,0.0
64,28,144,145,37,2,0,24,0,1.8461538461538463,0.0,0.0,0.0
64,28,144,145,38,2,0,26,0,1.8571428571428572,0.0,0.0,0.0
64,28,144,145,39,2,0,29,0,1.8709677419354838,0.0,0.0,0.0
64,28,144,145,40,2,0,30,0,1.875,0.0,0.0,0.0
64,28,144,145,41,2,0,33,0,1.8857142857142857,0.0,0.0,0.0
64,28,144,145,42,2,0,35,0,1.8918918918918919,0.0,0.0,0.0
64,28,144,145,43,2,0,34,0,1.8888888888888888,0.0,0.0,0.0
64,28,144,145,44,3,0,33,0,2.75,0.0,0.0,0.0
64,28,152,153,33,2,0,15,0,1.7647058823529411,0.0,0.0,0.0
64,28,152,153,34,2,0,17,0,1.7894736842105263,0.0,0.0,0.0
64,28,152,153,35,2,0,19,0,1.8095238095238095,0.0,0.0,0.0
64,28,152,153,36,2,0,22,0,1.8333333333333333,0.0,0.0,0.0
64,28,152,153,37,2,0,24,0,1.8461538461538463,0.0,0.0,0.0
64,28,152,153,38,2,0,26,0,1.8571428571428572,0.0,0.0,0.0
64,28,152,153,39,2,0,29,0,1.8709677419354838,0.0,0.0,0.0
64,28,152,153,40,2,0,30,0,1.875,0.0,0.0,0.0
64,28,152,153,41,2,0,33,0,1.8857142857142857,0.0,0.0,0.0
64,28,152,153,42,2,0,35,0,1.8918918918918919,0.0,0.0,0.0
64,28,152,153,43,2,0,34,0,1.8888888888888888,0.0,0.0,0.0
64,28,152,153,44,2,0,34,0,1.8888888888888888,0.0,0.0,0.0
64,28,152,153,45,2,0,32,0,1.8823529411764706,0.0,0.0,0.0
64,28,160,161,33,2,0,15,0,1.7647058823529411,0.0,0.0,0.0
64,28,160,161,34,2,0,17,0,1.7894736842105263,0.0,0.0,0.0
64,28,160,161,35,2,0,19,0,1.8095238095238095,0.0,0.0,0.0
64,28,160,161,36,2,0,22,0,1.8333333333333333,0.0,0.0,0.0
64,28,160,161,37,2,0,24,0,1.8461538461538463,0.0,0.0,0.0
64,28,160,161,38,2,0,26,0,1.8571428571428572,0.0,0.0,0.0
64,28,160,161,39,2,0,29,0,1.8709677419354838,0.0,0.0,0.0
64,28,160,161,40,2,0,30,0,1.875,0.0,0.0,0.0
64,28,160,161,41,2,0,33,0,1.8857142857142857,0.0,0.0,0.0
64,28,160,161,42,2,0,35,0,1.8918918918918919,0.0,0.0,0.0
64,28,160,161,43,2,0,34,0,1.8888888888888888,0.0,0.0,0.0
64,28,160,161,44,2,0,34,0,1.8888888888888888,0.0,0.0,0.0
64,28,160,161,45,2,0,32,0,1.8823529411764706,0.0,0.0,0.0
64,28,168,169,33,2,0,15,0,1.7647058823529411,0.0,0.0,0.0
64,28,168,169,34,2,0,17,0,1.7894736842105263,0.0,0.0,0.0
64,28,168,169,35,2,0,19,0,1.8095238095238095,0.0,0.0,0.0
64,28,168,169,36,2,0,22,0,1.8333333333333333,0.0,0.0,0.0
64,28,168,169,37,2,0,24,0,1.8461538461538463,0.0,0.0,0.0
64,28,168,169,38,2,0,26,0,1.8571428571428572,0.0,0.0,0.0
64,28,168,169,39,2,0,29,0,1.8709677419354838,0.0,0.0,0.0
64,28,168,169,40,2,0,30,0,1.875,0.0,0.0,0.0
64,28,168,169,41,2,0,33,0,1.8857142857142857,0.0,0.0,0.0
64,28,168,169,42,2,0,35,0,1.8918918918918919,0.0,0.0,0.0
64,28,168,169,43,2,0,34,0,1.8888888888888888,0.0,0.0,0.0
64,28,168,169,44,2,0,34,0,1.8888888888888888,0.0,0.0,0.0
64,28,168,169,45,2,0,32,0,1.8823529411764706,0.0,0.0,0.0
64,28,176,177,34,3,0,18,0,2.5714285714285716,0.0,0.0,0.0
64,28,176,177,35,3,0,19,0,2.590909090909091,0.0,0.0,0.0
64,28,176,177,36,2,0,22,0,1.8333333333333333,0.0,0.0,0.0
64,28,176,177,37,2,0,24,0,1.8461538461538463,0.0,0.0,0.0
64,28,176,177,38,2,0,26,0,1.8571428571428572,0.0,0.0,0.0
64,28,176,177,39,2,0,29,0,1.8709677419354838,0.0,0.0,0.0
64,28,176,177,40,2,0,30,0,1.875,0.0,0.0,0.0
64,28,176,177,41,2,0,33,0,1.8857142857142857,0.0,0.0,0.0
64,28,176,177,42,2,0,35,0,1.8918918918918919,0.0,0.0,0.0
64,28,176,177,43,2,0,34,0,1.8888888888888888,0.0,0.0,0.0
64,28,176,177,44,2,0,34,0,1.8888888888888888,0.0,0.0,0.0
64,28,176,177,45,2,0,32,0,1.8823529411764706,0.0,0.0,0.0
64,28,184,185,34,2,0,19,0,1.8095238095238095,0.0,0.0,0.0
64,28,184,185,35,2,0,21,0,1.826086956521739,0.0,0.0,0.0
64,28,184,185,36,2,0,24,0,1.8461538461538463,0.0,0.0,0.0
64,28,184,185,37,2,0,26,0,1.8571428571428572,0.0,0.0,0.0
64,28,184,185,38,2,0,28,0,1.8666666666666667,0.0,0.0,0.0
64,28,184,185,39,2,0,31,0,1.878787878787879,0.0,0.0,0.0
64,28,184,185,40,2,0,32,0,1.8823529411764706,0.0,0.0,0.0
64,28,184,185,41,3,0,34,0,2.7567567567567566,0.0,0.0,0.0
64,28,184,185,42,1,0,37,0,0.9736842105263158,0.0,0.0,0.0
64,28,184,185,43,2,0,36,0,1.894736842105263,0.0,0.0,0.0
64,28,184,185,44,2,0,36,0,1.894736842105263,0.0,0.0,0.0
64,28,184,185,45,4,0,32,0,3.5555555555555554,0.0,0.0,0.0
64,28,192,193,34,1,0,20,0,0.9523809523809523,0.0,0.0,0.0
64,28,192,193,35,1,0,23,0,0.9583333333333334,0.0,0.0,0.0
64,28,192,193,36,3,0,25,0,2.6785714285714284,0.0,0.0,0.0
64,28,192,193,37,1,0,28,0,0.9655172413793104,0.0,0.0,0.0
64,28,192,193,38,3,0,29,0,2.71875,0.0,0.0,0.0
64,28,192,193,39,2,0,32,0,1.8823529411764706,0.0,0.0,0.0
64,28,192,193,40,2,0,33,0,1.8857142857142857,0.0,0.0,0.0
64,28,192,193,41,3,0,35,0,2.763157894736842,0.0,0.0,0.0
64,28,192,193,42,2,0,37,0,1.8974358974358974,0.0,0.0,0.0
64,28,192,193,43,2,0,36,0,1.894736842105263,0.0,0.0,0.0
64,28,192,193,44,2,0,36,0,1.894736842105263,0.0,0.0,0.0
64,28,192,193,45,2,0,34,0,1.8888888888888888,0.0,0.0,0.0
64,28,192,193,46,2,0,30,0,1.875,0.0,0.0,0.0
64,28,200,201,35,1,0,24,0,0.96,0.0,0.0,0.0
64,28,200,201,36,2,0,27,0,1.8620689655172413,0.0,0.0,0.0
64,28,200,201,37,2,0,29,0,1.8709677419354838,0.0,0.0,0.0
64,28,200,201,38,1,0,32,0,0.9696969696969697,0.0,0.0,0.0
64,28,200,201,39,2,0,35,0,1.8918918918918919,0.0,0.0,0.0
64,28,200,201,40,1,0,36,0,0.972972972972973,0.0,0.0,0.0
64,28,200,201,41,3,0,37,0,2.775,0.0,0.0,0.0
64,28,200,201,42,4,0,37,0,3.6097560975609757,0.0,0.0,0.0
64,28,200,201,44,2,0,38,0,1.9,0.0,0.0,0.0
64,28,200,201,45,2,0,36,0,1.894736842105263,0.0,0.0,0.0
64,28,200,201,46,4,0,30,0,3.5294117647058822,0.0,0.0,0.0
64,28,208,209,37,1,0,32,0,0.9696969696969697,0.0,0.0,0.0
64,28,208,209,39,1,0,38,0,0.9743589743589743,0.0,0.0,0.0
64,28,208,209,40,1,0,40,0,0.975609756097561,0.0,0.0,0.0
64,28,208,209,41,3,0,43,0,2.8043478260869565,0.0,0.0,0.0
64,28,208,209,43,7,0,39,0,5.934782608695652,0.0,0.0,0.0
64,28,208,209,44,1,0,40,0,0.975609756097561,0.0,0.0,0.0
64,28,208,209,45,3,0,38,0,2.7804878048780486,0.0,0.0,0.0
64,28,208,209,46,1,0,35,0,0.9722222222222222,0.0,0.0,0.0
64,28,208,209,47,3,0,30,0,2.727272727272727,0.0,0.0,0.0
64,28,208,209,48,1,0,27,0,0.9642857142857143,0.0,0.0,0.0
64,28,216,217,49,2,0,30,0,1.875,0.0,0.0,0.0
64,28,216,217,51,1,0,31,0,0.96875,0.0,0.0,0.0
64,28,224,225,50,1,0,32,0,0.9696969696969697,0.0,0.0,0.0
64,28,232,233,50,1,0,32,0,0.9696969696969697,0.0,0.0,0.0
64,28,232,233,66,2,0,22,0,1.8333333333333333,0.0,0.0,0.0
64,28,232,233,67,2,0,18,0,1.8,0.0,0.0,0.0
64,28,232,233,68,2,0,15,0,1.7647058823529411,0.0,0.0,0.0
64,28,240,241,50,1,0,32,0,0.9696969696969697,0.0,0.0,0.0
64,28,240,241,52,2,0,32,0,1.8823529411764706,0.0,0.0,0.0
64,28,240,241,53,2,0,31,0,1.878787878787879,0.0,0.0,0.0
64,28,240,241,54,2,0,30,0,1.875,0.0,0.0,0.0
64,28,240,241,55,1,0,31,0,0.96875,0.0,0.0,0.0
64,28,240,241,56,2,0,31,0,1.878787878787879,0.0,0.0,0.0
64,28,240,241,57,1,0,33,0,0.9705882352941176,0.0,0.0,0.0
64,28,240,241,59,2,0,34,0,1.8888888888888888,0.0,0.0,0.0
64,28,240,241,60,1,0,34,0,0.9714285714285714,0.0,0.0,0.0
64,28,240,241,61,1,0,33,0,0.9705882352941176,0.0,0.0,0.0
64,28,240,241,62,2,0,32,0,1.8823529411764706,0.0,0.0,0.0
64,28,240,241,63,2,0,31,0,1.878787878787879,0.0,0.0,0.0
64,28,240,241,64,3,0,29,0,2.71875,0.0,0.0,0.0
64,28,240,241,65,4,0,26,0,3.466666666666667,0.0,0.0,0.0
64,28,240,241,66,4,0,22,0,3.3846153846153846,0.0,0.0,0.0
64,28,240,241,67,5,0,19,0,3.9583333333333335,0.0,0.0,0.0
64,28,240,241,68,3,0,18,0,2.5714285714285716,0.0,0.0,0.0
64,28,240,241,69,1,0,16,0,0.9411764705882353,0.0,0.0,0.0
64,28,240,241,70,3,0,11,0,2.357142857142857,0.0,0.0,0.0
64,28,248,249,51,1,0,32,0,0.9696969696969697,0.0,0.0,0.0
64,28,248,249,53,3,0,32,0,2.742857142857143,0.0,0.0,0.0
64,28,248,249,54,2,0,33,0,1.8857142857142857,0.0,0.0,0.0
64,28,248,249,55,3,0,34,0,2.7567567567567566,0.0,0.0,0.0
64,28,248,249,56,3,0,36,0,2.769230769230769,0.0,0.0,0.0
64,28,248,249,57,3,0,39,0,2.7857142857142856,0.0,0.0,0.0
64,28,248,249,58,3,0,41,0,2.7954545454545454,0.0,0.0,0.0
64,28,248,249,59,3,0,42,0,2.8,0.0,0.0,0.0
64,28,248,249,60,3,0,42,0,2.8,0.0,0.0,0.0
64,28,248,249,61,4,0,41,0,3.6444444444444444,0.0,0.0,0.0
64,28,248,249,62,2,0,42,0,1.9090909090909092,0.0,0.0,0.0
64,28,248,249,63,2,0,41,0,1.9069767441860466,0.0,0.0,0.0
64,28,248,249,64,2,0,39,0,1.9024390243902438,0.0,0.0,0.0
64,28,248,249,65,2,0,36,0,1.894736842105263,0.0,0.0,0.0
64,28,248,249,66,2,0,32,0,1.8823529411764706,0.0,0.0,0.0
64,29,24,25,20,2,0,3,0,1.2,0.0,0.0,0.0
64,29,24,25,21,6,2,5,0,2.727272727272727,0.3333333333333333,0.0,0.3333333333333333
64,29,32,33,26,3,1,3,0,1.5,0.3333333333333333,0.0,0.3333333333333333
64,29,32,33,27,10,7,5,0,3.3333333333333335,0.7,0.0,0.7
64,29,40,41,1,2,0,1,0,0.6666666666666666,0.0,0.0,0.0
64,29,40,41,2,1,0,3,0,0.75,0.0,0.0,0.0
64,29,40,41,3,1,0,4,0,0.8,0.0,0.0,0.0
64,29,40,41,4,2,0,5,0,1.4285714285714286,0.0,0.0,0.0
64,29,40,41,5,1,0,6,0,0.8571428571428571,0.0,0.0,0.0
64,29,40,41,6,4,0,5,0,2.2222222222222223,0.0,0.0,0.0
64,29,40,41,7,3,0,6,0,2.0,0.0,0.0,0.0
64,29,40,41,8,3,0,6,0,2.0,0.0,0.0,0.0
64,29,40,41,9,1,0,6,0,0.8571428571428571,0.0,0.0,0.0
64,29,40,41,10,2,0,5,0,1.4285714285714286,0.0,0.0,0.0
64,29,40,41,11,1,0,5,0,0.8333333333333334,0.0,0.0,0.0
64,29,40,41,12,4,0,2,0,1.3333333333333333,0.0,0.0,0.0
64,29,40,41,13,1,0,2,0,0.6666666666666666,0.0,0.0,0.0
64,29,40,41,33,8,7,1,0,0.8888888888888888,0.875,0.0,0.875
64,29,48,49,12,2,0,12,0,1.7142857142857142,0.0,0.0,0.0
64,29,48,49,15,1,0,6,0,0.8571428571428571,0.0,0.0,0.0
64,29,48,49,37,6,4,2,0,1.5,0.6666666666666666,0.0,0.6666666666666666
64,29,48,49,38,2,0,8,0,1.6,0.0,0.0,0.0
64,29,56,57,17,1,0,6,0,0.8571428571428571,0.0,0.0,0.0
64,29,56,57,18,3,0,4,0,1.7142857142857142,0.0,0.0,0.0
64,29,56,57,20,4,0,2,0,1.3333333333333333,0.0,0.0,0.0
64,29,56,57,21,2,0,1,0,0.6666666666666666,0.0,0.0,0.0
64,29,56,57,38,1,0,1,0,0.5,0.0,0.0,0.0
64,29,56,57,39,3,0,1,0,0.75,0.0,0.0,0.0
64,29,56,57,40,3,0,1,0,0.75,0.0,0.0,0.0
64,29,56,57,41,4,1,1,0,0.8,0.25,0.0,0.25
64,29,56,57,42,5,0,3,0,1.875,0.0,0.0,0.0
64,29,56,57,43,9,5,4,1,2.769230769230769,0.5555555555555556,0.25,0.3055555555555556
64,29,56,57,44,3,1,10,0,2.3076923076923075,0.3333333333333333,0.0,0.3333333333333333
64,29,56,57,45,3,0,14,0,2.4705882352941178,0.0,0.0,0.0
64,29,64,65,20,1,0,9,0,0.9,0.0,0.0,0.0
64,29,64,65,22,1,0,11,0,0.9166666666666666,0.0,0.0,0.0
64,29,64,65,24,2,0,11,0,1.6923076923076923,0.0,0.0,0.0
64,29,64,65,26,4,0,9,0,2.769230769230769,0.0,0.0,0.0
64,29,64,65,27,5,0,5,0,2.5,0.0,0.0,0.0
64,29,64,65,28,6,0,1,0,0.8571428571428571,0.0,0.0,0.0
64,29,64,65,29,2,0,1,0,0.6666666666666666,0.0,0.0,0.0
64,29,64,65,36,1,0,1,0,0.5,0.0,0.0,0.0
64,29,64,65,37,3,0,2,0,1.2,0.0,0.0,0.0
64,29,64,65,38,1,0,5,0,0.8333333333333334,0.0,0.0,0.0
64,29,64,65,39,2,0,6,0,1.5,0.0,0.0,0.0
64,29,64,65,40,1,0,8,0,0.8888888888888888,0.0,0.0,0.0
64,29,64,65,41,2,0,8,0,1.6,0.0,0.0,0.0
64,29,64,65,42,1,0,8,0,0.8888888888888888,0.0,0.0,0.0
64,29,64,65,43,4,0,6,0,2.4,0.0,0.0,0.0
64,29,64,65,44,2,0,6,0,1.5,0.0,0.0,0.0
64,29,64,65,45,5,1,6,0,2.727272727272727,0.2,0.0,0.2
64,29,64,65,46,1,0,8,0,0.8888888888888888,0.0,0.0,0.0
64,29,64,65,47,4,0,7,0,2.5454545454545454,0.0,0.0,0.0
64,29,64,65,49,5,5,11,0,3.4375,1.0,0.0,1.0
64,29,64,65,50,1,0,16,0,0.9411764705882353,0.0,0.0,0.0
64,29,64,65,51,1,1,17,0,0.9444444444444444,1.0,0.0,1.0
64,29,72,73,32,4,0,7,0,2.5454545454545454,0.0,0.0,0.0
64,29,72,73,34,5,1,3,0,1.875,0.2,0.0,0.2
64,29,72,73,39,1,0,10,0,0.9090909090909091,0.0,0.0,0.0
64,29,72,73,41,1,0,11,0,0.9166666666666666,0.0,0.0,0.0
64,29,72,73,43,1,0,13,0,0.9285714285714286,0.0,0.0,0.0
64,29,72,73,44,1,0,14,0,0.9333333333333333,0.0,0.0,0.0
64,29,72,73,49,2,0,18,0,1.8,0.0,0.0,0.0
64,29,72,73,50,1,0,17,0,0.9444444444444444,0.0,0.0,0.0
64,29,72,73,51,4,0,13,0,3.0588235294117645,0.0,0.0,0.0
64,29,72,73,56,1,0,14,0,0.9333333333333333,0.0,0.0,0.0
64,29,80,81,55,1,0,15,0,0.9375,0.0,0.0,0.0
64,29,80,81,57,1,0,15,0,0.9375,0.0,0.0,0.0
64,29,80,81,58,1,0,16,0,0.9411764705882353,0.0,0.0,0.0
64,29,80,81,59,1,1,18,0,0.9473684210526315,1.0,0.0,1.0
64,29,80,81,60,1,0,20,0,0.9523809523809523,0.0,0.0,0.0
64,29,80,81,61,1,0,21,0,0.9545454545454546,0.0,0.0,0.0
64,29,80,81,62,1,0,24,0,0.96,0.0,0.0,0.0
64,29,80,81,63,3,2,27,0,2.7,0.6666666666666666,0.0,0.6666666666666666
64,29,88,89,56,1,0,14,0,0.9333333333333333,0.0,0.0,0.0
64,29,88,89,57,1,0,16,0,0.9411764705882353,0.0,0.0,0.0
64,29,88,89,58,2,0,16,0,1.7777777777777777,0.0,0.0,0.0
64,29,88,89,59,2,0,18,0,1.8,0.0,0.0,0.0
64,29,88,89,60,2,0,20,0,1.8181818181818181,0.0,0.0,0.0
64,29,88,89,61,2,0,21,0,1.826086956521739,0.0,0.0,0.0
64,29,88,89,62,2,0,24,0,1.8461538461538463,0.0,0.0,0.0
64,29,88,89,63,3,0,26,0,2.689655172413793,0.0,0.0,0.0
64,29,88,89,64,1,0,29,0,0.9666666666666667,0.0,0.0,0.0
64,29,88,89,65,1,0,33,0,0.9705882352941176,0.0,0.0,0.0
64,29,88,89,66,1,0,35,0,0.9722222222222222,0.0,0.0,0.0
64,29,88,89,67,1,0,37,0,0.9736842105263158,0.0,0.0,0.0
64,29,88,89,68,1,0,40,0,0.975609756097561,0.0,0.0,0.0
64,29,88,89,69,1,0,40,0,0.975609756097561,0.0,0.0,0.0
64,29,88,89,70,1,0,40,0,0.975609756097561,0.0,0.0,0.0
64,29,88,89,71,1,0,40,0,0.975609756097561,0.0,0.0,0.0
64,29,96,97,57,1,0,17,0,0.9444444444444444,0.0,0.0,0.0
64,29,96,97,58,1,0,17,0,0.9444444444444444,0.0,0.0,0.0
64,29,96,97,59,2,0,18,0,1.8,0.0,0.0,0.0
64,29,96,97,60,2,0,20,0,1.8181818181818181,0.0,0.0,0.0
64,29,96,97,61,2,0,21,0,1.826086956521739,0.0,0.0,0.0
64,29,96,97,62,2,0,24,0,1.8461538461538463,0.0,0.0,0.0
64,29,96,97,63,2,0,27,0,1.8620689655172413,0.0,0.0,0.0
64,29,96,97,64,2,0,30,0,1.875,0.0,0.0,0.0
64,29,96,97,65,2,0,34,0,1.8888888888888888,0.0,0.0,0.0
64,29,96,97,66,2,0,36,0,1.894736842105263,0.0,0.0,0.0
64,29,96,97,67,2,0,38,0,1.9,0.0,0.0,0.0
64,29,96,97,68,2,0,41,0,1.9069767441860466,0.0,0.0,0.0
64,29,96,97,69,2,0,41,0,1.9069767441860466,0.0,0.0,0.0
64,29,96,97,70,1,0,41,0,0.9761904761904762,0.0,0.0,0.0
64,29,96,97,71,2,1,39,0,1.9024390243902438,0.5,0.0,0.5
64,29,104,105,58,1,0,18,0,0.9473684210526315,0.0,0.0,0.0
64,29,104,105,59,1,0,19,0,0.95,0.0,0.0,0.0
64,29,104,105,60,1,0,20,0,0.9523809523809523,0.0,0.0,0.0
64,29,104,105,61,2,0,20,0,1.8181818181818181,0.0,0.0,0.0
64,29,104,105,62,2,0,23,0,1.84,0.0,0.0,0.0
64,29,104,105,63,2,1,26,0,1.8571428571428572,0.5,0.0,0.5
64,29,104,105,64,2,0,29,0,1.8709677419354838,0.0,0.0,0.0
64,29,104,105,65,2,1,33,0,1.8857142857142857,0.5,0.0,0.5
64,29,104,105,66,2,0,35,0,1.8918918918918919,0.0,0.0,0.0
64,29,104,105,67,3,2,37,0,2.775,0.6666666666666666,0.0,0.6666666666666666
64,29,104,105,68,1,0,41,0,0.9761904761904762,0.0,0.0,0.0
64,29,104,105,69,3,1,40,0,2.7906976744186047,0.3333333333333333,0.0,0.3333333333333333
64,29,104,105,70,3,0,39,0,2.7857142857142856,0.0,0.0,0.0
64,29,104,105,71,2,1,38,0,1.9,0.5,0.0,0.5
64,29,104,105,72,1,0,39,0,0.975,0.0,0.0,0.0
64,29,112,113,60,1,0,22,0,0.9565217391304348,0.0,0.0,0.0
64,29,112,113,61,1,0,22,0,0.9565217391304348,0.0,0.0,0.0
64,29,112,113,63,2,0,26,0,1.8571428571428572,0.0,0.0,0.0
64,29,112,113,65,2,0,31,0,1.878787878787879,0.0,0.0,0.0
64,29,112,113,67,3,1,33,0,2.75,0.3333333333333333,0.0,0.3333333333333333
64,29,112,113,68,1,0,36,0,0.972972972972973,0.0,0.0,0.0
64,29,112,113,69,3,1,34,0,2.7567567567567566,0.3333333333333333,0.0,0.3333333333333333
64,29,112,113,70,1,0,33,0,0.9705882352941176,0.0,0.0,0.0
64,29,112,113,71,2,0,30,0,1.875,0.0,0.0,0.0
64,29,112,113,77,1,1,16,0,0.9411764705882353,1.0,0.0,1.0
64,29,112,113,79,2,2,9,0,1.6363636363636365,1.0,0.0,1.0
64,29,112,113,80,2,0,5,0,1.4285714285714286,0.0,0.0,0.0
64,29,120,121,67,1,0,40,0,0.975609756097561,0.0,0.0,0.0
64,29,120,121,69,1,0,43,0,0.9772727272727273,0.0,0.0,0.0
64,29,120,121,79,3,0,9,0,2.25,0.0,0.0,0.0
64,30,8,9,9,17,17,1,0,0.9444444444444444,1.0,0.0,1.0
64,30,16,17,15,26,26,1,0,0.9629629629629629,1.0,0.0,1.0
64,30,32,33,27,8,6,3,0,2.1818181818181817,0.75,0.0,0.75
64,30,40,41,17,5,0,3,0,1.875,0.0,0.0,0.0
64,30,40,41,18,2,0,7,0,1.5555555555555556,0.0,0.0,0.0
64,30,40,41,19,2,0,7,0,1.5555555555555556,0.0,0.0,0.0
64,30,40,41,21,4,0,5,0,2.2222222222222223,0.0,0.0,0.0
64,30,40,41,22,1,0,5,0,0.8333333333333334,0.0,0.0,0.0
64,30,40,41,23,3,0,3,0,1.5,0.0,0.0,0.0
64,30,40,41,25,2,0,3,0,1.2,0.0,0.0,0.0
64,30,40,41,26,1,0,3,0,0.75,0.0,0.0,0.0
64,30,40,41,31,9,7,1,0,0.9,0.7777777777777778,0.0,0.7777777777777778
64,30,40,41,32,4,0,6,0,2.4,0.0,0.0,0.0
64,30,40,41,33,10,7,9,0,4.7368421052631575,0.7,0.0,0.7
64,30,40,41,34,5,1,19,0,3.9583333333333335,0.2,0.0,0.2
64,30,48,49,8,1,0,2,0,0.6666666666666666,0.0,0.0,0.0
64,30,48,49,9,2,0,3,0,1.2,0.0,0.0,0.0
64,30,48,49,11,3,0,5,0,1.875,0.0,0.0,0.0
64,30,48,49,13,2,0,8,0,1.6,0.0,0.0,0.0
64,30,48,49,15,1,0,10,0,0.9090909090909091,0.0,0.0,0.0
64,30,48,49,17,1,0,11,0,0.9166666666666666,0.0,0.0,0.0
64,30,48,49,18,1,0,12,0,0.9230769230769231,0.0,0.0,0.0
64,30,48,49,19,1,0,13,0,0.9285714285714286,0.0,0.0,0.0
64,30,48,49,25,1,0,8,0,0.8888888888888888,0.0,0.0,0.0
64,30,48,49,35,5,5,1,0,0.8333333333333334,1.0,0.0,1.0
64,30,48,49,36,3,0,5,0,1.875,0.0,0.0,0.0
64,30,48,49,37,4,2,8,0,2.6666666666666665,0.5,0.0,0.5
64,30,48,49,38,1,0,13,0,0.9285714285714286,0.0,0.0,0.0
64,30,48,49,39,13,11,14,0,6.7407407407407405,0.8461538461538461,0.0,0.8461538461538461
64,30,48,49,40,1,0,26,0,0.9629629629629629,0.0,0.0,0.0
64,30,48,49,41,2,0,26,0,1.8571428571428572,0.0,0.0,0.0
64,30,56,57,26,1,0,7,0,0.875,0.0,0.0,0.0
64,30,56,57,27,1,0,6,0,0.8571428571428571,0.0,0.0,0.0
64,30,56,57,39,2,1,1,0,0.6666666666666666,0.5,0.0,0.5
64,30,56,57,40,1,0,3,0,0.75,0.0,0.0,0.0
64,30,56,57,41,5,3,4,0,2.2222222222222223,0.6,0.0,0.6
64,30,56,57,42,1,0,9,0,0.9,0.0,0.0,0.0
64,30,56,57,43,6,4,11,0,3.8823529411764706,0.6666666666666666,0.0,0.6666666666666666
64,30,56,57,44,1,0,16,0,0.9411764705882353,0.0,0.0,0.0
64,30,64,65,3,1,0,1,0,0.5,0.0,0.0,0.0
64,30,64,65,27,2,0,7,0,1.5555555555555556,0.0,0.0,0.0
64,30,64,65,28,2,0,6,0,1.5,0.0,0.0,0.0
64,30,64,65,29,2,0,5,0,1.4285714285714286,0.0,0.0,0.0
64,30,64,65,30,2,0,4,0,1.3333333333333333,0.0,0.0,0.0
64,30,64,65,31,2,0,3,0,1.2,0.0,0.0,0.0
64,30,64,65,32,2,0,2,0,1.0,0.0,0.0,0.0
64,30,64,65,34,1,0,1,0,0.5,0.0,0.0,0.0
64,30,64,65,40,1,0,1,0,0.5,0.0,0.0,0.0
64,30,64,65,41,2,1,2,0,1.0,0.5,0.0,0.5
64,30,64,65,43,4,3,4,0,2.0,0.75,0.0,0.75
64,30,64,65,44,2,0,7,0,1.5555555555555556,0.0,0.0,0.0
64,30,64,65,45,6,5,7,0,3.230769230769231,0.8333333333333334,0.0,0.8333333333333334
64,30,64,65,46,2,0,10,0,1.6666666666666667,0.0,0.0,0.0
64,30,64,65,47,5,3,12,0,3.5294117647058822,0.6,0.0,0.6
64,30,64,65,48,3,0,15,0,2.5,0.0,0.0,0.0
64,30,64,65,49,5,2,16,0,3.8095238095238093,0.4,0.0,0.4
64,30,72,73,2,1,0,1,0,0.5,0.0,0.0,0.0
64,30,72,73,3,1,0,2,0,0.6666666666666666,0.0,0.0,0.0
64,30,72,73,5,1,0,2,0,0.6666666666666666,0.0,0.0,0.0
64,30,72,73,6,1,0,3,0,0.75,0.0,0.0,0.0
64,30,72,73,7,1,0,4,0,0.8,0.0,0.0,0.0
64,30,72,73,8,1,0,5,0,0.8333333333333334,0.0,0.0,0.0
64,30,72,73,9,1,0,6,0,0.8571428571428571,0.0,0.0,0.0
64,30,72,73,28,2,0,8,0,1.6,0.0,0.0,0.0
64,30,72,73,29,2,0,7,0,1.5555555555555556,0.0,0.0,0.0
64,30,72,73,30,2,0,6,0,1.5,0.0,0.0,0.0
64,30,72,73,31,2,0,5,0,1.4285714285714286,0.0,0.0,0.0
64,30,72,73,32,2,0,4,0,1.3333333333333333,0.0,0.0,0.0
64,30,72,73,33,2,0,3,0,1.2,0.0,0.0,0.0
64,30,72,73,34,2,0,3,0,1.2,0.0,0.0,0.0
64,30,72,73,35,3,0,2,0,1.2,0.0,0.0,0.0
64,30,72,73,36,1,0,3,0,0.75,0.0,0.0,0.0
64,30,72,73,37,4,0,1,0,0.8,0.0,0.0,0.0
64,30,72,73,41,1,1,1,0,0.5,1.0,0.0,1.0
64,30,72,73,42,1,0,2,0,0.6666666666666666,0.0,0.0,0.0
64,30,72,73,43,1,1,3,0,0.75,1.0,0.0,1.0
64,30,72,73,44,1,0,4,0,0.8,0.0,0.0,0.0
64,30,72,73,45,1,1,5,0,0.8333333333333334,1.0,0.0,1.0
64,30,72,73,46,1,0,6,0,0.8571428571428571,0.0,0.0,0.0
64,30,72,73,47,4,1,7,0,2.5454545454545454,0.25,0.0,0.25
64,30,72,73,48,2,0,9,0,1.6363636363636365,0.0,0.0,0.0
64,30,72,73,49,6,3,9,0,3.6,0.5,0.0,0.5
64,30,72,73,50,1,0,13,0,0.9285714285714286,0.0,0.0,0.0
64,30,72,73,51,5,2,12,0,3.5294117647058822,0.4,0.0,0.4
64,30,72,73,52,3,0,15,0,2.5,0.0,0.0,0.0
64,30,72,73,53,3,1,16,0,2.526315789473684,0.3333333333333333,0.0,0.3333333333333333
64,30,72,73,54,3,0,17,0,2.55,0.0,0.0,0.0
64,30,72,73,55,2,0,17,0,1.7894736842105263,0.0,0.0,0.0
64,30,72,73,56,2,0,16,0,1.7777777777777777,0.0,0.0,0.0
64,30,72,73,57,4,2,15,0,3.1578947368421053,0.5,0.0,0.5
64,30,72,73,58,1,0,16,0,0.9411764705882353,0.0,0.0,0.0
64,30,72,73,59,3,2,15,0,2.5,0.6666666666666666,0.0,0.6666666666666666
64,30,80,81,2,1,0,1,0,0.5,0.0,0.0,0.0
64,30,80,81,3,1,0,2,0,0.6666666666666666,0.0,0.0,0.0
64,30,80,81,4,1,0,2,0,0.6666666666666666,0.0,0.0,0.0
64,30,80,81,5,1,0,3,0,0.75,0.0,0.0,0.0
64,30,80,81,6,1,0,4,0,0.8,0.0,0.0,0.0
64,30,80,81,7,1,0,5,0,0.8333333333333334,0.0,0.0,0.0
64,30,80,81,8,1,0,6,0,0.8571428571428571,0.0,0.0,0.0
64,30,80,81,9,1,0,7,0,0.875,0.0,0.0,0.0
64,30,80,81,10,1,0,8,0,0.8888888888888888,0.0,0.0,0.0
64,30,80,81,11,1,0,9,0,0.9,0.0,0.0,0.0
64,30,80,81,12,1,0,10,0,0.9090909090909091,0.0,0.0,0.0
64,30,80,81,13,1,0,11,0,0.9166666666666666,0.0,0.0,0.0
64,30,80,81,14,1,0,12,0,0.9230769230769231,0.0,0.0,0.0
64,30,80,81,15,1,0,13,0,0.9285714285714286,0.0,0.0,0.0
64,30,80,81,29,1,0,10,0,0.9090909090909091,0.0,0.0,0.0
64,30,80,81,30,1,0,10,0,0.9090909090909091,0.0,0.0,0.0
64,30,80,81,31,2,0,9,0,1.6363636363636365,0.0,0.0,0.0
64,30,80,81,32,1,0,9,0,0.9,0.0,0.0,0.0
64,30,80,81,33,2,0,8,0,1.6,0.0,0.0,0.0
64,30,80,81,34,1,0,9,0,0.9,0.0,0.0,0.0
64,30,80,81,35,3,0,8,0,2.1818181818181817,0.0,0.0,0.0
64,30,80,81,36,1,0,9,0,0.9,0.0,0.0,0.0
64,30,80,81,37,5,0,6,0,2.727272727272727,0.0,0.0,0.0
64,30,80,81,38,1,0,6,0,0.8571428571428571,0.0,0.0,0.0
64,30,80,81,39,5,0,1,0,0.8333333333333334,0.0,0.0,0.0
64,30,80,81,51,2,1,2,0,1.0,0.5,0.0,0.5
64,30,80,81,52,1,0,4,0,0.8,0.0,0.0,0.0
64,30,80,81,53,2,1,5,0,1.4285714285714286,0.5,0.0,0.5
64,30,80,81,55,5,4,6,0,2.727272727272727,0.8,0.0,0.8
64,30,80,81,56,1,0,8,1,0.8888888888888888,0.0,0.125,-0.125
64,30,80,81,57,6,6,7,0,3.230769230769231,1.0,0.0,1.0
64,30,80,81,58,1,0,11,1,0.9166666666666666,0.0,0.09090909090909091,-0.09090909090909091
64,30,80,81,59,3,2,11,1,2.357142857142857,0.6666666666666666,0.09090909090909091,0.5757575757575757
64,30,80,81,60,1,0,11,0,0.9166666666666666,0.0,0.0,0.0
64,30,80,81,61,2,1,12,0,1.7142857142857142,0.5,0.0,0.5
64,30,88,89,1,1,0,1,0,0.5,0.0,0.0,0.0
64,30,88,89,2,1,0,2,0,0.6666666666666666,0.0,0.0,0.0
64,30,88,89,3,1,0,3,0,0.75,0.0,0.0,0.0
64,30,88,89,4,1,0,3,0,0.75,0.0,0.0,0.0
64,30,88,89,5,1,0,4,0,0.8,0.0,0.0,0.0
64,30,88,89,6,1,0,5,0,0.8333333333333334,0.0,0.0,0.0
64,30,88,89,7,1,0,6,0,0.8571428571428571,0.0,0.0,0.0
64,30,88,89,8,1,0,7,0,0.875,0.0,0.0,0.0
64,30,88,89,9,1,0,8,0,0.8888888888888888,0.0,0.0,0.0
64,30,88,89,10,1,0,9,0,0.9,0.0,0.0,0.0
64,30,88,89,11,1,0,10,0,0.9090909090909091,0.0,0.0,0.0
64,30,88,89,12,1,0,11,0,0.9166666666666666,0.0,0.0,0.0
64,30,88,89,13,1,0,12,0,0.9230769230769231,0.0,0.0,0.0
64,30,88,89,14,1,0,13,0,0.9285714285714286,0.0,0.0,0.0
64,30,88,89,35,1,0,14,0,0.9333333333333333,0.0,0.0,0.0
64,30,88,89,37,1,0,13,0,0.9285714285714286,0.0,0.0,0.0
64,30,88,89,43,1,0,3,0,0.75,0.0,0.0,0.0
64,30,88,89,59,2,2,1,0,0.6666666666666666,1.0,0.0,1.0
64,30,88,89,61,3,3,3,0,1.5,1.0,0.0,1.0
64,30,88,89,63,4,4,8,1,2.6666666666666665,1.0,0.125,0.875
64,30,88,89,64,1,0,13,0,0.9285714285714286,0.0,0.0,0.0
64,30,96,97,1,1,0,2,0,0.6666666666666666,0.0,0.0,0.0
64,30,96,97,2,1,0,3,0,0.75,0.0,0.0,0.0
64,30,96,97,3,1,0,4,0,0.8,0.0,0.0,0.0
64,30,96,97,4,1,0,4,0,0.8,0.0,0.0,0.0
64,30,96,97,5,1,0,5,0,0.8333333333333334,0.0,0.0,0.0
64,30,96,97,6,1,0,6,0,0.8571428571428571,0.0,0.0,0.0
64,30,96,97,7,1,0,7,0,0.875,0.0,0.0,0.0
64,30,96,97,8,1,0,8,0,0.8888888888888888,0.0,0.0,0.0
64,30,96,97,9,2,0,8,0,1.6,0.0,0.0,0.0
64,30,96,97,10,1,0,9,0,0.9,0.0,0.0,0.0
64,30,96,97,11,1,0,10,0,0.9090909090909091,0.0,0.0,0.0
64,30,96,97,12,1,0,11,0,0.9166666666666666,0.0,0.0,0.0
64,30,96,97,13,1,0,12,0,0.9230769230769231,0.0,0.0,0.0
64,30,96,97,14,1,0,13,0,0.9285714285714286,0.0,0.0,0.0
64,30,96,97,36,1,0,14,0,0.9333333333333333,0.0,0.0,0.0
64,30,96,97,38,1,0,13,0,0.9285714285714286,0.0,0.0,0.0
64,30,96,97,44,1,0,2,0,0.6666666666666666,0.0,0.0,0.0
64,30,104,105,3,1,0,6,0,0.8571428571428571,0.0,0.0,0.0
64,30,104,105,4,1,0,6,0,0.8571428571428571,0.0,0.0,0.0
64,30,104,105,5,1,0,7,0,0.875,0.0,0.0,0.0
64,30,104,105,6,1,0,8,0,0.8888888888888888,0.0,0.0,0.0
64,30,104,105,7,2,0,8,0,1.6,0.0,0.0,0.0
64,30,104,105,8,1,0,9,0,0.9,0.0,0.0,0.0
64,30,104,105,9,1,0,10,0,0.9090909090909091,0.0,0.0,0.0
64,30,104,105,10,1,0,11,0,0.9166666666666666,0.0,0.0,0.0
64,30,104,105,11,1,0,12,0,0.9230769230769231,0.0,0.0,0.0
64,30,104,105,12,1,0,13,0,0.9285714285714286,0.0,0.0,0.0
64,30,104,105,13,1,0,14,0,0.9333333333333333,0.0,0.0,0.0
64,30,104,105,14,2,0,14,0,1.75,0.0,0.0,0.0
64,30,104,105,15,1,0,14,0,0.9333333333333333,0.0,0.0,0.0
64,30,104,105,33,1,0,13,0,0.9285714285714286,0.0,0.0,0.0
64,30,104,105,35,1,0,15,0,0.9375,0.0,0.0,0.0
64,30,104,105,37,2,0,15,0,1.7647058823529411,0.0,0.0,0.0
64,30,104,105,38,2,0,15,0,1.7647058823529411,0.0,0.0,0.0
64,30,104,105,39,3,0,12,0,2.4,0.0,0.0,0.0
64,30,104,105,40,4,0,10,0,2.857142857142857,0.0,0.0,0.0
64,30,104,105,41,5,0,7,0,2.9166666666666665,0.0,0.0,0.0
64,30,104,105,42,2,0,5,0,1.4285714285714286,0.0,0.0,0.0
64,30,104,105,43,1,0,4,0,0.8,0.0,0.0,0.0
64,30,104,105,44,2,0,2,0,1.0,0.0,0.0,0.0
64,30,104,105,45,2,0,1,0,0.6666666666666666,0.0,0.0,0.0
64,30,104,105,62,2,0,2,0,1.0,0.0,0.0,0.0
64,30,104,105,63,2,0,4,0,1.3333333333333333,0.0,0.0,0.0
64,30,104,105,64,2,0,6,0,1.5,0.0,0.0,0.0
64,30,104,105,65,2,0,7,0,1.5555555555555556,0.0,0.0,0.0
64,30,104,105,66,2,0,8,0,1.6,0.0,0.0,0.0
64,30,104,105,67,3,1,9,0,2.25,0.3333333333333333,0.0,0.3333333333333333
64,30,112,113,11,1,0,21,0,0.9545454545454546,0.0,0.0,0.0
64,30,112,113,13,2,0,24,0,1.8461538461538463,0.0,0.0,0.0
64,30,112,113,15,5,0,22,0,4.074074074074074,0.0,0.0,0.0
64,30,112,113,17,8,0,15,0,5.217391304347826,0.0,0.0,0.0
64,30,112,113,18,2,0,14,0,1.75,0.0,0.0,0.0
64,30,112,113,19,1,0,14,0,0.9333333333333333,0.0,0.0,0.0
64,30,112,113,32,1,0,13,0,0.9285714285714286,0.0,0.0,0.0
64,30,112,113,33,2,0,14,0,1.75,0.0,0.0,0.0
64,30,112,113,34,3,0,16,0,2.526315789473684,0.0,0.0,0.0
64,30,112,113,35,3,0,17,0,2.55,0.0,0.0,0.0
64,30,112,113,36,3,0,16,0,2.526315789473684,0.0,0.0,0.0
64,30,112,113,37,3,0,16,0,2.526315789473684,0.0,0.0,0.0
64,30,112,113,38,3,0,16,0,2.526315789473684,0.0,0.0,0.0
64,30,112,113,39,3,0,14,0,2.4705882352941178,0.0,0.0,0.0
64,30,112,113,40,5,0,12,0,3.5294117647058822,0.0,0.0,0.0
64,30,112,113,41,5,0,10,0,3.3333333333333335,0.0,0.0,0.0
64,30,112,113,42,4,0,7,0,2.5454545454545454,0.0,0.0,0.0
64,30,112,113,43,2,0,5,0,1.4285714285714286,0.0,0.0,0.0
64,30,112,113,44,1,0,4,0,0.8,0.0,0.0,0.0
64,30,112,113,45,3,0,3,0,1.5,0.0,0.0,0.0
64,30,112,113,46,3,0,2,0,1.2,0.0,0.0,0.0
64,30,112,113,47,3,0,2,0,1.2,0.0,0.0,0.0
64,30,112,113,48,3,0,2,0,1.2,0.0,0.0,0.0
64,30,112,113,49,3,0,2,0,1.2,0.0,0.0,0.0
64,30,112,113,50,3,0,2,0,1.2,0.0,0.0,0.0
64,30,112,113,51,3,0,2,0,1.2,0.0,0.0,0.0
64,30,112,113,52,3,0,1,0,0.75,0.0,0.0,0.0
64,30,112,113,53,2,0,1,0,0.6666666666666666,0.0,0.0,0.0
64,30,112,113,54,2,0,1,0,0.6666666666666666,0.0,0.0,0.0
64,30,112,113,55,2,0,1,0,0.6666666666666666,0.0,0.0,0.0
64,30,112,113,63,2,0,2,0,1.0,0.0,0.0,0.0
64,30,112,113,64,2,0,4,0,1.3333333333333333,0.0,0.0,0.0
64,30,112,113,65,2,0,5,0,1.4285714285714286,0.0,0.0,0.0
64,30,112,113,66,2,0,6,0,1.5,0.0,0.0,0.0
64,30,112,113,67,2,0,7,0,1.5555555555555556,0.0,0.0,0.0
64,30,112,113,68,2,0,8,0,1.6,0.0,0.0,0.0
64,30,112,113,69,2,0,9,0,1.6363636363636365,0.0,0.0,0.0
64,30,112,113,70,2,0,10,0,1.6666666666666667,0.0,0.0,0.0
64,30,112,113,71,2,0,10,0,1.6666666666666667,0.0,0.0,0.0
64,30,112,113,72,2,0,10,0,1.6666666666666667,0.0,0.0,0.0
64,30,112,113,73,2,0,10,0,1.6666666666666667,0.0,0.0,0.0
64,30,112,113,74,2,0,10,0,1.6666666666666667,0.0,0.0,0.0
64,30,112,113,75,2,0,10,0,1.6666666666666667,0.0,0.0,0.0
64,30,112,113,76,2,0,10,0,1.6666666666666667,0.0,0.0,0.0
64,30,120,121,25,3,0,9,0,2.25,0.0,0.0,0.0
64,30,120,121,27,1,0,9,0,0.9,0.0,0.0,0.0
64,30,120,121,30,1,0,12,0,0.9230769230769231,0.0,0.0,0.0
64,30,120,121,31,2,0,14,0,1.75,0.0,0.0,0.0
64,30,120,121,33,2,0,16,0,1.7777777777777777,0.0,0.0,0.0
64,30,120,121,34,1,0,19,0,0.95,0.0,0.0,0.0
64,30,120,121,35,2,0,20,0,1.8181818181818181,0.0,0.0,0.0
64,30,120,121,36,2,0,20,0,1.8181818181818181,0.0,0.0,0.0
64,30,120,121,37,4,0,19,0,3.3043478260869565,0.0,0.0,0.0
64,30,120,121,38,3,0,19,0,2.590909090909091,0.0,0.0,0.0
64,30,120,121,39,3,0,17,0,2.55,0.0,0.0,0.0
64,30,120,121,40,3,0,17,0,2.55,0.0,0.0,0.0
64,30,120,121,41,5,0,15,0,3.75,0.0,0.0,0.0
64,30,120,121,42,4,0,11,0,2.933333333333333,0.0,0.0,0.0
64,30,120,121,43,3,0,7,0,2.1,0.0,0.0,0.0
64,30,120,121,44,2,0,5,0,1.4285714285714286,0.0,0.0,0.0
64,30,120,121,45,3,0,4,0,1.7142857142857142,0.0,0.0,0.0
64,30,120,121,46,3,0,3,0,1.5,0.0,0.0,0.0
64,30,120,121,47,3,0,3,0,1.5,0.0,0.0,0.0
64,30,120,121,48,3,0,3,0,1.5,0.0,0.0,0.0
64,30,120,121,49,3,0,3,0,1.5,0.0,0.0,0.0
64,30,120,121,50,3,0,3,0,1.5,0.0,0.0,0.0
64,30,120,121,51,3,0,3,0,1.5,0.0,0.0,0.0
64,30,120,121,52,3,0,2,0,1.2,0.0,0.0,0.0
64,30,120,121,53,3,0,1,0,0.75,0.0,0.0,0.0
64,30,120,121,54,2,0,1,0,0.6666666666666666,0.0,0.0,0.0
64,30,120,121,55,2,0,1,0,0.6666666666666666,0.0,0.0,0.0
64,30,120,121,56,2,0,1,0,0.6666666666666666,0.0,0.0,0.0
64,30,120,121,57,2,0,1,0,0.6666666666666666,0.0,0.0,0.0
64,30,120,121,58,2,0,1,0,0.6666666666666666,0.0,0.0,0.0
64,30,120,121,63,3,2,1,0,0.75,0.6666666666666666,0.0,0.6666666666666666
64,30,120,121,64,1,1,4,0,0.8,1.0,0.0,1.0
64,30,120,121,65,3,2,4,0,1.7142857142857142,0.6666666666666666,0.0,0.6666666666666666
64,30,120,121,66,1,1,6,0,0.8571428571428571,1.0,0.0,1.0
64,30,120,121,67,3,2,6,0,2.0,0.6666666666666666,0.0,0.6666666666666666
64,30,120,121,68,1,0,8,0,0.8888888888888888,0.0,0.0,0.0
64,30,120,121,69,3,1,8,0,2.1818181818181817,0.3333333333333333,0.0,0.3333333333333333
64,30,120,121,70,2,1,10,0,1.6666666666666667,0.5,0.0,0.5
64,30,120,121,71,2,1,10,0,1.6666666666666667,0.5,0.0,0.5
64,30,120,121,72,2,0,10,0,1.6666666666666667,0.0,0.0,0.0
64,30,120,121,73,2,0,10,0,1.6666666666666667,0.0,0.0,0.0
64,30,120,121,74,2,2,10,0,1.6666666666666667,1.0,0.0,1.0
64,30,120,121,75,2,0,10,0,1.6666666666666667,0.0,0.0,0.0
64,30,120,121,76,2,0,10,0,1.6666666666666667,0.0,0.0,0.0
64,30,128,129,28,1,0,12,0,0.9230769230769231,0.0,0.0,0.0
64,30,128,129,29,2,0,13,0,1.7333333333333334,0.0,0.0,0.0
64,30,128,129,31,2,0,17,0,1.7894736842105263,0.0,0.0,0.0
64,30,128,129,33,2,0,19,0,1.8095238095238095,0.0,0.0,0.0
64,30,128,129,35,1,0,23,0,0.9583333333333334,0.0,0.0,0.0
64,30,128,129,36,1,0,24,0,0.96,0.0,0.0,0.0
64,30,128,129,37,2,0,25,0,1.8518518518518519,0.0,0.0,0.0
64,30,128,129,38,2,0,26,0,1.8571428571428572,0.0,0.0,0.0
64,30,128,129,39,5,0,22,0,4.074074074074074,0.0,0.0,0.0
64,30,128,129,40,3,0,22,0,2.64,0.0,0.0,0.0
64,30,128,129,41,3,0,22,0,2.64,0.0,0.0,0.0
64,30,128,129,42,3,0,17,0,2.55,0.0,0.0,0.0
64,30,128,129,43,3,0,11,0,2.357142857142857,0.0,0.0,0.0
64,30,128,129,44,2,0,9,0,1.6363636363636365,0.0,0.0,0.0
64,30,128,129,45,5,0,6,0,2.727272727272727,0.0,0.0,0.0
64,30,128,129,46,4,0,4,0,2.0,0.0,0.0,0.0
64,30,128,129,47,3,0,4,0,1.7142857142857142,0.0,0.0,0.0
64,30,128,129,48,3,0,4,0,1.7142857142857142,0.0,0.0,0.0
64,30,128,129,49,3,0,4,0,1.7142857142857142,0.0,0.0,0.0
64,30,128,129,50,2,0,5,0,1.4285714285714286,0.0,0.0,0.0
64,30,128,129,51,2,0,6,0,1.5,0.0,0.0,0.0
64,30,128,129,52,3,0,5,0,1.875,0.0,0.0,0.0
64,30,128,129,53,4,0,3,0,1.7142857142857142,0.0,0.0,0.0
64,30,128,129,54,2,0,3,0,1.2,0.0,0.0,0.0
64,30,128,129,55,2,0,3,0,1.2,0.0,0.0,0.0
64,30,128,129,56,2,0,3,0,1.2,0.0,0.0,0.0
64,30,128,129,57,2,0,3,0,1.2,0.0,0.0,0.0
64,30,128,129,58,2,0,3,0,1.2,0.0,0.0,0.0
64,30,128,129,64,2,1,2,0,1.0,0.5,0.0,0.5
64,30,128,129,65,2,1,3,0,1.2,0.5,0.0,0.5
64,30,128,129,66,2,1,4,0,1.3333333333333333,0.5,0.0,0.5
64,30,128,129,67,2,0,5,0,1.4285714285714286,0.0,0.0,0.0
64,30,128,129,68,2,0,6,0,1.5,0.0,0.0,0.0
64,30,128,129,69,2,0,7,0,1.5555555555555556,0.0,0.0,0.0
64,30,128,129,70,2,0,8,0,1.6,0.0,0.0,0.0
64,30,128,129,71,2,0,8,0,1.6,0.0,0.0,0.0
64,30,128,129,72,2,0,8,0,1.6,0.0,0.0,0.0
64,30,128,129,73,2,0,8,0,1.6,0.0,0.0,0.0
64,30,128,129,74,2,0,8,0,1.6,0.0,0.0,0.0
64,30,128,129,75,2,0,8,0,1.6,0.0,0.0,0.0
64,30,128,129,76,2,0,8,0,1.6,0.0,0.0,0.0
64,30,128,129,77,2,0,8,0,1.6,0.0,0.0,0.0
64,30,136,137,41,1,0,27,0,0.9642857142857143,0.0,0.0,0.0
64,30,136,137,43,1,0,18,0,0.9473684210526315,0.0,0.0,0.0
64,30,136,137,45,2,0,15,0,1.7647058823529411,0.0,0.0,0.0
64,30,136,137,46,2,0,13,0,1.7333333333333334,0.0,0.0,0.0
64,30,136,137,47,4,0,11,0,2.933333333333333,0.0,0.0,0.0
64,30,136,137,48,2,0,11,0,1.6923076923076923,0.0,0.0,0.0
64,30,136,137,49,4,0,10,0,2.857142857142857,0.0,0.0,0.0
64,30,136,137,50,2,0,11,0,1.6923076923076923,0.0,0.0,0.0
64,30,136,137,51,5,0,10,0,3.3333333333333335,0.0,0.0,0.0
64,30,136,137,52,1,0,11,0,0.9166666666666666,0.0,0.0,0.0
64,30,136,137,53,4,0,10,0,2.857142857142857,0.0,0.0,0.0
64,30,136,137,54,3,0,9,0,2.25,0.0,0.0,0.0
64,30,136,137,55,6,0,5,0,2.727272727272727,0.0,0.0,0.0
64,30,136,137,57,3,0,5,0,1.875,0.0,0.0,0.0
64,30,136,137,59,4,0,2,0,1.3333333333333333,0.0,0.0,0.0
64,30,136,137,65,2,0,1,0,0.6666666666666666,0.0,0.0,0.0
64,30,136,137,66,2,1,2,0,1.0,0.5,0.0,0.5
64,30,136,137,67,2,2,3,0,1.2,1.0,0.0,1.0
64,30,136,137,68,2,1,4,0,1.3333333333333333,0.5,0.0,0.5
64,30,136,137,69,2,1,5,0,1.4285714285714286,0.5,0.0,0.5
64,30,136,137,70,1,0,6,0,0.8571428571428571,0.0,0.0,0.0
64,30,136,137,71,1,0,6,0,0.8571428571428571,0.0,0.0,0.0
64,30,136,137,72,1,0,6,0,0.8571428571428571,0.0,0.0,0.0
64,30,136,137,73,2,1,6,0,1.5,0.5,0.0,0.5
64,30,136,137,74,1,0,6,0,0.8571428571428571,0.0,0.0,0.0
64,30,136,137,75,2,1,6,0,1.5,0.5,0.0,0.5
64,30,136,137,76,2,0,6,0,1.5,0.0,0.0,0.0
64,30,136,137,77,2,0,6,0,1.5,0.0,0.0,0.0
64,30,136,137,78,2,0,6,0,1.5,0.0,0.0,0.0
64,30,144,145,47,1,0,19,0,0.95,0.0,0.0,0.0
64,30,144,145,48,1,0,18,0,0.9473684210526315,0.0,0.0,0.0
64,30,144,145,49,1,0,18,0,0.9473684210526315,0.0,0.0,0.0
64,30,144,145,51,2,0,18,0,1.8,0.0,0.0,0.0
64,30,144,145,53,1,0,17,0,0.9444444444444444,0.0,0.0,0.0
64,30,144,145,55,1,0,16,0,0.9411764705882353,0.0,0.0,0.0
64,30,144,145,57,2,0,14,0,1.75,0.0,0.0,0.0
64,30,144,145,59,2,0,12,0,1.7142857142857142,0.0,0.0,0.0
64,30,144,145,61,7,0,1,0,0.875,0.0,0.0,0.0
64,30,152,153,51,1,0,22,0,0.9565217391304348,0.0,0.0,0.0
64,30,152,153,53,1,0,21,0,0.9545454545454546,0.0,0.0,0.0
64,30,152,153,54,1,0,21,0,0.9545454545454546,0.0,0.0,0.0
64,30,152,153,55,1,0,20,0,0.9523809523809523,0.0,0.0,0.0
64,30,152,153,57,2,0,18,0,1.8,0.0,0.0,0.0
64,30,152,153,59,1,0,16,0,0.9411764705882353,0.0,0.0,0.0
64,30,160,161,59,1,0,17,0,0.9444444444444444,0.0,0.0,0.0
64,30,168,169,59,1,0,17,0,0.9444444444444444,0.0,0.0,0.0
64,30,176,177,60,1,0,14,0,0.9333333333333333,0.0,0.0,0.0
64,30,176,177,61,1,1,11,0,0.9166666666666666,1.0,0.0,1.0
64,30,176,177,63,1,1,6,0,0.8571428571428571,1.0,0.0,1.0
64,30,176,177,65,1,0,4,0,0.8,0.0,0.0,0.0
64,30,176,177,67,1,0,2,0,0.6666666666666666,0.0,0.0,0.0
64,30,176,177,68,1,0,1,0,0.5,0.0,0.0,0.0
64,30,176,177,86,2,0,2,0,1.0,0.0,0.0,0.0
64,30,176,177,87,2,0,3,0,1.2,0.0,0.0,0.0
64,30,176,177,88,2,0,4,0,1.3333333333333333,0.0,0.0,0.0
64,30,176,177,89,2,0,5,0,1.4285714285714286,0.0,0.0,0.0
64,30,176,177,90,2,0,6,0,1.5,0.0,0.0,0.0
64,30,176,177,91,2,0,7,0,1.5555555555555556,0.0,0.0,0.0
64,30,176,177,92,2,0,8,0,1.6,0.0,0.0,0.0
64,30,176,177,93,2,0,9,0,1.6363636363636365,0.0,0.0,0.0
64,30,176,177,94,2,0,10,0,1.6666666666666667,0.0,0.0,0.0
64,30,176,177,95,2,0,11,0,1.6923076923076923,0.0,0.0,0.0
64,30,176,177,96,2,0,12,0,1.7142857142857142,0.0,0.0,0.0
64,30,176,177,97,2,0,12,0,1.7142857142857142,0.0,0.0,0.0
64,30,176,177,98,2,0,12,0,1.7142857142857142,0.0,0.0,0.0
64,30,176,177,99,3,0,12,0,2.4,0.0,0.0,0.0
64,30,184,185,61,2,0,12,0,1.7142857142857142,0.0,0.0,0.0
64,30,184,185,62,2,0,9,0,1.6363636363636365,0.0,0.0,0.0
64,30,184,185,63,2,0,7,0,1.5555555555555556,0.0,0.0,0.0
64,30,184,185,64,2,0,6,0,1.5,0.0,0.0,0.0
64,30,184,185,65,2,0,5,0,1.4285714285714286,0.0,0.0,0.0
64,30,184,185,66,2,0,4,0,1.3333333333333333,0.0,0.0,0.0
64,30,184,185,67,2,0,3,0,1.2,0.0,0.0,0.0
64,30,184,185,68,2,0,2,0,1.0,0.0,0.0,0.0
64,30,184,185,69,2,0,1,0,0.6666666666666666,0.0,0.0,0.0
64,30,184,185,70,2,0,1,0,0.6666666666666666,0.0,0.0,0.0
64,30,184,185,71,2,0,1,0,0.6666666666666666,0.0,0.0,0.0
64,30,184,185,72,2,0,1,0,0.6666666666666666,0.0,0.0,0.0
64,30,184,185,87,2,0,1,0,0.6666666666666666,0.0,0.0,0.0
64,30,184,185,88,3,1,2,0,1.2,0.3333333333333333,0.0,0.3333333333333333
64,30,184,185,89,2,1,4,0,1.3333333333333333,0.5,0.0,0.5
64,30,184,185,90,2,1,5,0,1.4285714285714286,0.5,0.0,0.5
64,30,184,185,91,2,1,6,0,1.5,0.5,0.0,0.5
64,30,184,185,92,2,1,7,0,1.5555555555555556,0.5,0.0,0.5
64,30,184,185,93,2,1,8,0,1.6,0.5,0.0,0.5
64,30,184,185,94,2,1,9,0,1.6363636363636365,0.5,0.0,0.5
64,30,184,185,95,2,1,10,0,1.6666666666666667,0.5,0.0,0.5
64,30,184,185,96,2,1,11,0,1.6923076923076923,0.5,0.0,0.5
64,30,184,185,97,2,1,11,0,1.6923076923076923,0.5,0.0,0.5
64,30,184,185,98,2,1,11,0,1.6923076923076923,0.5,0.0,0.5
64,30,184,185,99,3,0,11,0,2.357142857142857,0.0,0.0,0.0
64,30,184,185,100,2,0,12,0,1.7142857142857142,0.0,0.0,0.0
64,30,192,193,61,2,0,12,0,1.7142857142857142,0.0,0.0,0.0
64,30,192,193,62,2,0,9,0,1.6363636363636365,0.0,0.0,0.0
64,30,192,193,63,2,0,7,0,1.5555555555555556,0.0,0.0,0.0
64,30,192,193,64,2,0,6,0,1.5,0.0,0.0,0.0
64,30,192,193,65,2,0,5,0,1.4285714285714286,0.0,0.0,0.0
64,30,192,193,66,2,0,4,0,1.3333333333333333,0.0,0.0,0.0
64,30,192,193,67,2,0,3,0,1.2,0.0,0.0,0.0
64,30,192,193,68,2,0,2,0,1.0,0.0,0.0,0.0
64,30,192,193,69,2,0,1,0,0.6666666666666666,0.0,0.0,0.0
64,30,192,193,70,2,0,1,0,0.6666666666666666,0.0,0.0,0.0
64,30,192,193,71,2,0,1,0,0.6666666666666666,0.0,0.0,0.0
64,30,192,193,72,2,0,1,0,0.6666666666666666,0.0,0.0,0.0
64,30,192,193,73,2,0,1,0,0.6666666666666666,0.0,0.0,0.0
64,30,192,193,74,2,0,1,0,0.6666666666666666,0.0,0.0,0.0
64,30,192,193,87,2,0,1,0,0.6666666666666666,0.0,0.0,0.0
64,30,192,193,88,2,0,2,0,1.0,0.0,0.0,0.0
64,30,192,193,89,2,0,3,0,1.2,0.0,0.0,0.0
64,30,192,193,90,2,0,4,0,1.3333333333333333,0.0,0.0,0.0
64,30,192,193,91,2,0,5,0,1.4285714285714286,0.0,0.0,0.0
64,30,192,193,92,2,0,6,0,1.5,0.0,0.0,0.0
64,30,192,193,93,2,0,7,0,1.5555555555555556,0.0,0.0,0.0
64,30,192,193,94,2,0,8,0,1.6,0.0,0.0,0.0
64,30,192,193,95,2,0,9,0,1.6363636363636365,0.0,0.0,0.0
64,30,192,193,96,2,0,10,0,1.6666666666666667,0.0,0.0,0.0
64,30,192,193,97,2,0,10,0,1.6666666666666667,0.0,0.0,0.0
64,30,192,193,98,2,0,10,0,1.6666666666666667,0.0,0.0,0.0
64,30,192,193,99,2,0,10,0,1.6666666666666667,0.0,0.0,0.0
64,30,192,193,100,2,0,10,0,1.6666666666666667,0.0,0.0,0.0
64,30,192,193,101,2,0,10,0,1.6666666666666667,0.0,0.0,0.0
64,30,200,201,61,2,0,12,0,1.7142857142857142,0.0,0.0,0.0
64,30,200,201,62,2,0,9,0,1.6363636363636365,0.0,0.0,0.0
64,30,200,201,63,2,0,7,0,1.5555555555555556,0.0,0.0,0.0
64,30,200,201,64,2,0,6,0,1.5,0.0,0.0,0.0
64,30,200,201,65,2,0,5,0,1.4285714285714286,0.0,0.0,0.0
64,30,200,201,66,2,0,4,0,1.3333333333333333,0.0,0.0,0.0
64,30,200,201,67,2,0,3,0,1.2,0.0,0.0,0.0
64,30,200,201,68,2,0,2,0,1.0,0.0,0.0,0.0
64,30,200,201,69,2,0,1,0,0.6666666666666666,0.0,0.0,0.0
64,30,200,201,70,2,0,1,0,0.6666666666666666,0.0,0.0,0.0
64,30,200,201,71,2,0,1,0,0.6666666666666666,0.0,0.0,0.0
64,30,200,201,72,2,0,1,0,0.6666666666666666,0.0,0.0,0.0
64,30,200,201,73,2,0,1,0,0.6666666666666666,0.0,0.0,0.0
64,30,200,201,74,2,0,1,0,0.6666666666666666,0.0,0.0,0.0
64,30,200,201,87,2,0,1,0,0.6666666666666666,0.0,0.0,0.0
64,30,200,201,88,2,0,2,0,1.0,0.0,0.0,0.0
64,30,200,201,89,2,0,3,0,1.2,0.0,0.0,0.0
64,30,200,201,90,2,0,4,0,1.3333333333333333,0.0,0.0,0.0
64,30,200,201,91,2,0,5,0,1.4285714285714286,0.0,0.0,0.0
64,30,200,201,92,2,0,6,0,1.5,0.0,0.0,0.0
64,30,200,201,93,2,0,7,0,1.5555555555555556,0.0,0.0,0.0
64,30,200,201,94,2,0,8,0,1.6,0.0,0.0,0.0
64,30,200,201,95,2,0,9,0,1.6363636363636365,0.0,0.0,0.0
64,30,200,201,96,2,0,10,0,1.6666666666666667,0.0,0.0,0.0
64,30,200,201,97,2,0,10,0,1.6666666666666667,0.0,0.0,0.0
64,30,200,201,98,2,0,10,0,1.6666666666666667,0.0,0.0,0.0
64,30,200,201,99,2,0,10,0,1.6666666666666667,0.0,0.0,0.0
64,30,200,201,100,2,0,10,0,1.6666666666666667,0.0,0.0,0.0
64,30,200,201,101,2,0,10,0,1.6666666666666667,0.0,0.0,0.0
64,30,208,209,61,2,0,12,0,1.7142857142857142,0.0,0.0,0.0
64,30,208,209,62,2,0,9,0,1.6363636363636365,0.0,0.0,0.0
64,30,208,209,63,2,0,7,0,1.5555555555555556,0.0,0.0,0.0
64,30,208,209,64,2,0,6,0,1.5,0.0,0.0,0.0
64,30,208,209,65,2,0,5,0,1.4285714285714286,0.0,0.0,0.0
64,30,208,209,66,2,0,4,0,1.3333333333333333,0.0,0.0,0.0
64,30,208,209,67,2,0,3,0,1.2,0.0,0.0,0.0
64,30,208,209,68,2,0,2,0,1.0,0.0,0.0,0.0
64,30,208,209,69,2,0,1,0,0.6666666666666666,0.0,0.0,0.0
64,30,208,209,70,2,0,1,0,0.6666666666666666,0.0,0.0,0.0
64,30,208,209,71,2,0,1,0,0.6666666666666666,0.0,0.0,0.0
64,30,208,209,72,2,0,1,0,0.6666666666666666,0.0,0.0,0.0
64,30,208,209,73,2,0,1,0,0.6666666666666666,0.0,0.0,0.0
64,30,208,209,74,2,0,1,0,0.6666666666666666,0.0,0.0,0.0
64,30,208,209,87,2,0,1,0,0.6666666666666666,0.0,0.0,0.0
64,30,208,209,88,2,0,2,0,1.0,0.0,0.0,0.0
64,30,208,209,89,2,0,3,0,1.2,0.0,0.0,0.0
64,30,208,209,90,2,0,4,0,1.3333333333333333,0.0,0.0,0.0
64,30,208,209,91,2,0,5,0,1.4285714285714286,0.0,0.0,0.0
64,30,208,209,92,2,0,6,0,1.5,0.0,0.0,0.0
64,30,208,209,93,2,0,7,0,1.5555555555555556,0.0,0.0,0.0
64,30,208,209,94,2,0,8,0,1.6,0.0,0.0,0.0
64,30,208,209,95,2,0,9,0,1.6363636363636365,0.0,0.0,0.0
64,30,208,209,96,2,0,10,0,1.6666666666666667,0.0,0.0,0.0
64,30,208,209,97,2,0,10,0,1.6666666666666667,0.0,0.0,0.0
64,30,208,209,98,2,0,10,0,1.6666666666666667,0.0,0.0,0.0
64,30,208,209,99,2,0,10,0,1.6666666666666667,0.0,0.0,0.0
64,30,208,209,100,2,0,10,0,1.6666666666666667,0.0,0.0,0.0
64,30,208,209,101,2,0,10,0,1.6666666666666667,0.0,0.0,0.0
64,30,216,217,61,2,0,12,0,1.7142857142857142,0.0,0.0,0.0
64,30,216,217,62,2,0,9,0,1.6363636363636365,0.0,0.0,0.0
64,30,216,217,63,1,0,8,0,0.8888888888888888,0.0,0.0,0.0
64,30,216,217,64,3,0,6,0,2.0,0.0,0.0,0.0
64,30,216,217,65,1,0,6,0,0.8571428571428571,0.0,0.0,0.0
64,30,216,217,66,2,0,5,0,1.4285714285714286,0.0,0.0,0.0
64,30,216,217,67,1,0,5,0,0.8333333333333334,0.0,0.0,0.0
64,30,216,217,68,2,0,4,0,1.3333333333333333,0.0,0.0,0.0
64,30,216,217,69,2,0,3,0,1.2,0.0,0.0,0.0
64,30,216,217,70,2,0,3,0,1.2,0.0,0.0,0.0
64,30,216,217,71,2,0,3,0,1.2,0.0,0.0,0.0
64,30,216,217,72,3,0,2,0,1.2,0.0,0.0,0.0
64,30,216,217,73,3,0,1,0,0.75,0.0,0.0,0.0
64,30,216,217,74,2,0,1,0,0.6666666666666666,0.0,0.0,0.0
64,30,216,217,87,2,0,1,0,0.6666666666666666,0.0,0.0,0.0
64,30,216,217,88,2,0,2,0,1.0,0.0,0.0,0.0
64,30,216,217,89,2,0,3,0,1.2,0.0,0.0,0.0
64,30,216,217,90,2,0,4,0,1.3333333333333333,0.0,0.0,0.0
64,30,216,217,91,2,0,5,0,1.4285714285714286,0.0,0.0,0.0
64,30,216,217,92,2,0,6,0,1.5,0.0,0.0,0.0
64,30,216,217,93,2,0,7,0,1.5555555555555556,0.0,0.0,0.0
64,30,216,217,94,2,0,8,0,1.6,0.0,0.0,0.0
64,30,216,217,95,2,0,9,0,1.6363636363636365,0.0,0.0,0.0
64,30,216,217,96,2,0,10,0,1.6666666666666667,0.0,0.0,0.0
64,30,216,217,97,2,0,10,0,1.6666666666666667,0.0,0.0,0.0
64,30,216,217,98,2,0,10,0,1.6666666666666667,0.0,0.0,0.0
64,30,216,217,99,2,0,10,0,1.6666666666666667,0.0,0.0,0.0
64,30,216,217,100,2,0,10,0,1.6666666666666667,0.0,0.0,0.0
64,30,216,217,101,2,0,10,0,1.6666666666666667,0.0,0.0,0.0
64,30,224,225,62,2,0,11,0,1.6923076923076923,0.0,0.0,0.0
64,30,224,225,63,2,0,9,0,1.6363636363636365,0.0,0.0,0.0
64,30,224,225,64,2,0,8,0,1.6,0.0,0.0,0.0
64,30,224,225,65,2,0,7,0,1.5555555555555556,0.0,0.0,0.0
64,30,224,225,66,2,0,6,0,1.5,0.0,0.0,0.0
64,30,224,225,67,2,0,5,0,1.4285714285714286,0.0,0.0,0.0
64,30,224,225,68,2,0,4,0,1.3333333333333333,0.0,0.0,0.0
64,30,224,225,69,2,0,3,0,1.2,0.0,0.0,0.0
64,30,224,225,70,2,0,3,0,1.2,0.0,0.0,0.0
64,30,224,225,71,2,0,3,0,1.2,0.0,0.0,0.0
64,30,224,225,72,2,0,3,0,1.2,0.0,0.0,0.0
64,30,224,225,73,2,0,3,0,1.2,0.0,0.0,0.0
64,30,224,225,74,2,0,3,0,1.2,0.0,0.0,0.0
64,30,224,225,87,1,0,1,0,0.5,0.0,0.0,0.0
64,30,224,225,88,2,0,1,0,0.6666666666666666,0.0,0.0,0.0
64,30,224,225,89,2,0,2,0,1.0,0.0,0.0,0.0
64,30,224,225,90,3,1,3,0,1.5,0.3333333333333333,0.0,0.3333333333333333
64,30,224,225,91,2,0,5,0,1.4285714285714286,0.0,0.0,0.0
64,30,224,225,92,2,0,6,0,1.5,0.0,0.0,0.0
64,30,224,225,93,2,0,7,0,1.5555555555555556,0.0,0.0,0.0
64,30,224,225,94,2,0,8,0,1.6,0.0,0.0,0.0
64,30,224,225,95,2,0,9,0,1.6363636363636365,0.0,0.0,0.0
64,30,224,225,96,2,0,10,0,1.6666666666666667,0.0,0.0,0.0
64,30,224,225,97,2,0,10,0,1.6666666666666667,0.0,0.0,0.0
64,30,224,225,98,2,0,10,0,1.6666666666666667,0.0,0.0,0.0
64,30,224,225,99,2,0,10,0,1.6666666666666667,0.0,0.0,0.0
64,30,224,225,100,2,0,10,0,1.6666666666666667,0.0,0.0,0.0
64,30,224,225,101,2,0,10,0,1.6666666666666667,0.0,0.0,0.0
64,30,232,233,62,1,0,12,0,0.9230769230769231,0.0,0.0,0.0
64,30,232,233,63,1,0,11,0,0.9166666666666666,0.0,0.0,0.0
64,30,232,233,64,2,0,10,0,1.6666666666666667,0.0,0.0,0.0
64,30,232,233,65,1,0,10,0,0.9090909090909091,0.0,0.0,0.0
64,30,232,233,66,3,0,8,0,2.1818181818181817,0.0,0.0,0.0
64,30,232,233,67,2,0,7,0,1.5555555555555556,0.0,0.0,0.0
64,30,232,233,68,2,0,6,0,1.5,0.0,0.0,0.0
64,30,232,233,69,2,0,5,0,1.4285714285714286,0.0,0.0,0.0
64,30,232,233,70,4,0,5,0,2.2222222222222223,0.0,0.0,0.0
64,30,232,233,71,2,0,5,0,1.4285714285714286,0.0,0.0,0.0
64,30,232,233,72,3,0,5,0,1.875,0.0,0.0,0.0
64,30,232,233,73,4,0,3,0,1.7142857142857142,0.0,0.0,0.0
64,30,232,233,75,4,0,2,0,1.3333333333333333,0.0,0.0,0.0
64,30,232,233,88,1,0,1,0,0.5,0.0,0.0,0.0
64,30,232,233,89,1,0,2,0,0.6666666666666666,0.0,0.0,0.0
64,30,232,233,90,1,0,3,0,0.75,0.0,0.0,0.0
64,30,232,233,91,1,0,4,0,0.8,0.0,0.0,0.0
64,30,232,233,92,1,0,5,0,0.8333333333333334,0.0,0.0,0.0
64,30,232,233,93,1,0,6,0,0.8571428571428571,0.0,0.0,0.0
64,30,232,233,94,1,0,7,0,0.875,0.0,0.0,0.0
64,30,232,233,95,1,0,8,0,0.8888888888888888,0.0,0.0,0.0
64,30,232,233,96,1,0,9,0,0.9,0.0,0.0,0.0
64,30,232,233,97,1,0,9,0,0.9,0.0,0.0,0.0
64,30,232,233,98,1,0,9,0,0.9,0.0,0.0,0.0
64,30,232,233,99,1,0,9,0,0.9,0.0,0.0,0.0
64,30,232,233,100,1,0,9,0,0.9,0.0,0.0,0.0
64,30,232,233,101,3,0,9,0,2.25,0.0,0.0,0.0
64,30,240,241,76,4,0,8,0,2.6666666666666665,0.0,0.0,0.0
64,30,240,241,77,3,0,5,0,1.875,0.0,0.0,0.0
64,30,240,241,78,3,0,3,0,1.5,0.0,0.0,0.0
64,30,240,241,79,2,0,2,0,1.0,0.0,0.0,0.0
64,30,240,241,80,3,0,1,0,0.75,0.0,0.0,0.0
64,30,240,241,81,2,0,1,0,0.6666666666666666,0.0,0.0,0.0
64,30,240,241,82,1,0,1,0,0.5,0.0,0.0,0.0
64,30,240,241,86,3,0,1,0,0.75,0.0,0.0,0.0
64,30,240,241,87,3,0,1,0,0.75,0.0,0.0,0.0
64,30,240,241,88,2,0,2,0,1.0,0.0,0.0,0.0
64,30,240,241,89,3,0,2,0,1.2,0.0,0.0,0.0
64,30,240,241,90,4,1,3,0,1.7142857142857142,0.25,0.0,0.25
64,30,240,241,91,2,0,5,0,1.4285714285714286,0.0,0.0,0.0
64,30,240,241,92,4,1,5,1,2.2222222222222223,0.25,0.2,0.04999999999999999
64,30,240,241,93,2,0,7,1,1.5555555555555556,0.0,0.14285714285714285,-0.14285714285714285
64,30,240,241,94,6,2,5,0,2.727272727272727,0.3333333333333333,0.0,0.3333333333333333
64,30,240,241,95,3,1,8,0,2.1818181818181817,0.3333333333333333,0.0,0.3333333333333333
64,30,240,241,96,6,2,8,0,3.4285714285714284,0.3333333333333333,0.0,0.3333333333333333
64,30,240,241,97,2,0,12,1,1.7142857142857142,0.0,0.08333333333333333,-0.08333333333333333
64,30,240,241,98,4,1,10,1,2.857142857142857,0.25,0.1,0.15
64,30,240,241,99,3,0,10,0,2.3076923076923075,0.0,0.0,0.0
64,30,240,241,100,4,0,9,1,2.769230769230769,0.0,0.1111111111111111,-0.1111111111111111
64,30,240,241,101,1,0,10,0,0.9090909090909091,0.0,0.0,0.0
64,30,240,241,102,2,0,8,0,1.6,0.0,0.0,0.0
64,30,248,249,85,1,0,2,0,0.6666666666666666,0.0,0.0,0.0
64,30,248,249,87,2,0,3,0,1.2,0.0,0.0,0.0
64,30,248,249,88,2,0,4,0,1.3333333333333333,0.0,0.0,0.0
64,30,248,249,89,2,0,5,0,1.4285714285714286,0.0,0.0,0.0
64,30,248,249,90,3,0,6,0,2.0,0.0,0.0,0.0
64,30,248,249,92,3,0,8,0,2.1818181818181817,0.0,0.0,0.0
64,31,8,9,9,26,25,1,0,0.9629629629629629,0.9615384615384616,0.0,0.9615384615384616
64,31,16,17,16,1,0,26,0,0.9629629629629629,0.0,0.0,0.0
64,31,32,33,25,4,4,2,0,1.3333333333333333,1.0,0.0,1.0
64,31,32,33,26,3,0,6,0,2.0,0.0,0.0,0.0
64,31,32,33,27,4,0,8,0,2.6666666666666665,0.0,0.0,0.0
64,31,40,41,2,2,0,1,0,0.6666666666666666,0.0,0.0,0.0
64,31,40,41,3,2,0,3,0,1.2,0.0,0.0,0.0
64,31,40,41,4,2,0,5,0,1.4285714285714286,0.0,0.0,0.0
64,31,40,41,5,1,0,7,0,0.875,0.0,0.0,0.0
64,31,40,41,6,3,0,8,0,2.1818181818181817,0.0,0.0,0.0
64,31,40,41,8,2,0,11,0,1.6923076923076923,0.0,0.0,0.0
64,31,40,41,9,2,0,12,0,1.7142857142857142,0.0,0.0,0.0
64,31,40,41,10,2,0,13,0,1.7333333333333334,0.0,0.0,0.0
64,31,40,41,12,7,0,14,0,4.666666666666667,0.0,0.0,0.0
64,31,40,41,13,1,0,18,0,0.9473684210526315,0.0,0.0,0.0
64,31,40,41,14,5,0,14,0,3.6842105263157894,0.0,0.0,0.0
64,31,40,41,15,2,0,12,0,1.7142857142857142,0.0,0.0,0.0
64,31,40,41,16,2,0,10,0,1.6666666666666667,0.0,0.0,0.0
64,31,40,41,17,1,0,9,0,0.9,0.0,0.0,0.0
64,31,40,41,18,7,0,2,0,1.5555555555555556,0.0,0.0,0.0
64,31,40,41,31,10,8,1,0,0.9090909090909091,0.8,0.0,0.8
64,31,40,41,32,4,1,9,0,2.769230769230769,0.25,0.0,0.25
64,31,40,41,33,5,1,11,0,3.4375,0.2,0.0,0.2
64,31,48,49,6,2,0,18,0,1.8,0.0,0.0,0.0
64,31,48,49,8,1,0,22,0,0.9565217391304348,0.0,0.0,0.0
64,31,48,49,10,1,0,25,0,0.9615384615384616,0.0,0.0,0.0
64,31,48,49,12,1,0,26,0,0.9629629629629629,0.0,0.0,0.0
64,31,48,49,14,1,0,27,0,0.9642857142857143,0.0,0.0,0.0
64,31,48,49,16,2,0,23,0,1.84,0.0,0.0,0.0
64,31,48,49,18,5,0,15,0,3.75,0.0,0.0,0.0
64,31,48,49,38,2,1,7,0,1.5555555555555556,0.5,0.0,0.5
64,31,56,57,10,2,0,27,0,1.8620689655172413,0.0,0.0,0.0
64,31,56,57,12,1,0,28,0,0.9655172413793104,0.0,0.0,0.0
64,31,56,57,14,2,0,29,0,1.8709677419354838,0.0,0.0,0.0
64,31,56,57,20,1,0,14,0,0.9333333333333333,0.0,0.0,0.0
64,31,64,65,21,1,0,11,0,0.9166666666666666,0.0,0.0,0.0
64,31,64,65,22,1,0,8,0,0.8888888888888888,0.0,0.0,0.0
64,31,72,73,22,2,0,9,0,1.6363636363636365,0.0,0.0,0.0
64,31,72,73,23,2,0,6,0,1.5,0.0,0.0,0.0
64,31,72,73,24,2,0,4,0,1.3333333333333333,0.0,0.0,0.0
64,31,72,73,25,2,0,2,0,1.0,0.0,0.0,0.0
64,31,72,73,26,2,0,1,0,0.6666666666666666,0.0,0.0,0.0
64,31,72,73,27,2,0,1,0,0.6666666666666666,0.0,0.0,0.0
64,31,72,73,28,2,0,1,0,0.6666666666666666,0.0,0.0,0.0
64,31,80,81,23,2,0,8,0,1.6,0.0,0.0,0.0
64,31,80,81,24,2,0,6,0,1.5,0.0,0.0,0.0
64,31,80,81,25,1,0,5,0,0.8333333333333334,0.0,0.0,0.0
64,31,80,81,26,3,0,3,0,1.5,0.0,0.0,0.0
64,31,80,81,27,2,0,3,0,1.2,0.0,0.0,0.0
64,31,80,81,28,2,0,3,0,1.2,0.0,0.0,0.0
64,31,80,81,29,2,0,3,0,1.2,0.0,0.0,0.0
64,31,80,81,30,2,0,3,0,1.2,0.0,0.0,0.0
64,31,80,81,31,2,0,3,0,1.2,0.0,0.0,0.0
64,31,80,81,32,2,0,3,0,1.2,0.0,0.0,0.0
64,31,80,81,33,2,0,3,0,1.2,0.0,0.0,0.0
64,31,80,81,34,2,0,3,0,1.2,0.0,0.0,0.0
64,31,80,81,35,2,0,2,0,1.0,0.0,0.0,0.0
64,31,88,89,26,1,0,10,0,0.9090909090909091,0.0,0.0,0.0
64,31,88,89,27,1,0,10,0,0.9090909090909091,0.0,0.0,0.0
64,31,88,89,28,1,0,10,0,0.9090909090909091,0.0,0.0,0.0
64,31,88,89,30,2,0,10,0,1.6666666666666667,0.0,0.0,0.0
64,31,88,89,31,1,0,10,0,0.9090909090909091,0.0,0.0,0.0
64,31,88,89,32,1,0,10,0,0.9090909090909091,0.0,0.0,0.0
64,31,88,89,33,1,0,10,0,0.9090909090909091,0.0,0.0,0.0
64,31,88,89,34,1,0,10,0,0.9090909090909091,0.0,0.0,0.0
64,31,88,89,35,1,0,9,0,0.9,0.0,0.0,0.0
64,31,88,89,36,2,0,6,0,1.5,0.0,0.0,0.0
64,31,88,89,37,1,0,4,0,0.8,0.0,0.0,0.0
