size,map_index,start_step,end_step,distance,frontier_opportunities,frontier_acquired,nonfrontier_opportunities,nonfrontier_acquired,matched_weight,frontier_rate,nonfrontier_rate,rate_difference
32,0,24,25,19,1,0,3,0,0.75,0.0,0.0,0.0
32,0,32,33,19,1,0,2,0,0.6666666666666666,0.0,0.0,0.0
32,0,32,33,20,1,0,3,0,0.75,0.0,0.0,0.0
32,0,40,41,19,2,1,1,0,0.6666666666666666,0.5,0.0,0.5
32,0,40,41,21,1,0,2,0,0.6666666666666666,0.0,0.0,0.0
32,0,40,41,25,1,0,1,1,0.5,0.0,1.0,-1.0
32,0,40,41,27,1,0,3,0,0.75,0.0,0.0,0.0
32,0,48,49,20,1,0,1,0,0.5,0.0,0.0,0.0
32,0,48,49,21,2,1,1,0,0.6666666666666666,0.5,0.0,0.5
32,0,48,49,27,2,0,2,0,1.0,0.0,0.0,0.0
32,0,56,57,27,2,0,2,0,1.0,0.0,0.0,0.0
32,0,64,65,27,3,2,1,0,0.75,0.6666666666666666,0.0,0.6666666666666666
32,0,72,73,28,1,0,1,0,0.5,0.0,0.0,0.0
32,0,72,73,29,2,0,2,0,1.0,0.0,0.0,0.0
32,0,80,81,30,1,0,1,0,0.5,0.0,0.0,0.0
32,1,8,9,9,7,6,2,0,1.5555555555555556,0.8571428571428571,0.0,0.8571428571428571
32,1,24,25,18,4,0,2,0,1.3333333333333333,0.0,0.0,0.0
32,1,32,33,18,2,0,1,0,0.6666666666666666,0.0,0.0,0.0
32,1,32,33,19,4,1,2,0,1.3333333333333333,0.25,0.0,0.25
32,1,32,33,20,1,0,5,0,0.8333333333333334,0.0,0.0,0.0
32,1,40,41,20,3,0,1,0,0.75,0.0,0.0,0.0
32,1,40,41,21,1,0,2,0,0.6666666666666666,0.0,0.0,0.0
32,1,40,41,22,2,0,2,0,1.0,0.0,0.0,0.0
32,1,40,41,23,4,2,3,0,1.7142857142857142,0.5,0.0,0.5
32,1,48,49,23,4,2,1,0,0.8,0.5,0.0,0.5
32,1,48,49,24,2,0,5,0,1.4285714285714286,0.0,0.0,0.0
32,1,56,57,24,2,0,5,0,1.4285714285714286,0.0,0.0,0.0
32,1,64,65,25,6,3,1,0,0.8571428571428571,0.5,0.0,0.5
32,1,72,73,27,5,2,2,0,1.4285714285714286,0.4,0.0,0.4
32,1,88,89,30,1,0,1,0,0.5,0.0,0.0,0.0
32,2,16,17,13,5,4,1,0,0.8333333333333334,0.8,0.0,0.8
32,2,16,17,14,3,0,5,0,1.875,0.0,0.0,0.0
32,2,24,25,16,1,0,2,0,0.6666666666666666,0.0,0.0,0.0
32,2,24,25,17,2,0,3,0,1.2,0.0,0.0,0.0
32,2,32,33,19,2,1,3,0,1.2,0.5,0.0,0.5
32,2,32,33,21,1,0,3,0,0.75,0.0,0.0,0.0
32,2,40,41,18,2,0,1,0,0.6666666666666666,0.0,0.0,0.0
32,2,40,41,19,2,0,2,0,1.0,0.0,0.0,0.0
32,2,40,41,21,1,0,3,0,0.75,0.0,0.0,0.0
32,2,48,49,19,1,0,1,0,0.5,0.0,0.0,0.0
32,2,48,49,20,1,0,2,0,0.6666666666666666,0.0,0.0,0.0
32,2,48,49,21,2,1,2,0,1.0,0.5,0.0,0.5
32,2,56,57,20,1,0,1,0,0.5,0.0,0.0,0.0
32,2,56,57,21,2,1,1,0,0.6666666666666666,0.5,0.0,0.5
32,2,56,57,22,1,0,2,0,0.6666666666666666,0.0,0.0,0.0
32,3,16,17,14,3,0,10,0,2.3076923076923075,0.0,0.0,0.0
32,3,16,17,15,1,0,14,0,0.9333333333333333,0.0,0.0,0.0
32,3,24,25,16,1,0,2,0,0.6666666666666666,0.0,0.0,0.0
32,3,24,25,17,10,4,1,0,0.9090909090909091,0.4,0.0,0.4
32,3,24,25,18,1,0,12,0,0.9230769230769231,0.0,0.0,0.0
32,3,32,33,18,4,0,1,0,0.8,0.0,0.0,0.0
32,3,32,33,19,5,2,4,0,2.2222222222222223,0.4,0.0,0.4
32,3,32,33,20,3,0,8,0,2.1818181818181817,0.0,0.0,0.0
32,3,32,33,21,12,7,9,1,5.142857142857143,0.5833333333333334,0.1111111111111111,0.47222222222222227
32,3,32,33,23,4,1,19,0,3.3043478260869565,0.25,0.0,0.25
32,3,40,41,18,1,0,1,0,0.5,0.0,0.0,0.0
32,3,40,41,19,5,3,2,0,1.4285714285714286,0.6,0.0,0.6
32,3,40,41,20,3,0,7,0,2.1,0.0,0.0,0.0
32,3,40,41,21,7,1,8,1,3.7333333333333334,0.14285714285714285,0.125,0.01785714285714285
32,3,40,41,22,5,0,13,0,3.611111111111111,0.0,0.0,0.0
32,3,40,41,23,5,1,17,0,3.8636363636363638,0.2,0.0,0.2
32,3,40,41,24,1,0,16,0,0.9411764705882353,0.0,0.0,0.0
32,3,40,41,25,1,0,10,2,0.9090909090909091,0.0,0.2,-0.2
32,3,48,49,19,3,2,1,0,0.75,0.6666666666666666,0.0,0.6666666666666666
32,3,48,49,20,4,0,2,0,1.3333333333333333,0.0,0.0,0.0
32,3,48,49,21,7,2,3,0,2.1,0.2857142857142857,0.0,0.2857142857142857
32,3,48,49,22,5,0,7,0,2.9166666666666665,0.0,0.0,0.0
32,3,48,49,23,11,2,11,0,5.5,0.18181818181818182,0.0,0.18181818181818182
32,3,48,49,24,2,0,15,0,1.7647058823529411,0.0,0.0,0.0
32,3,48,49,25,2,0,7,0,1.5555555555555556,0.0,0.0,0.0
32,3,48,49,27,11,6,1,0,0.9166666666666666,0.5454545454545454,0.0,0.5454545454545454
32,3,48,49,29,7,3,6,0,3.230769230769231,0.42857142857142855,0.0,0.42857142857142855
32,3,48,49,31,2,1,8,2,1.6,0.5,0.25,0.25
32,3,56,57,20,1,0,1,0,0.5,0.0,0.0,0.0
32,3,56,57,21,3,0,1,0,0.75,0.0,0.0,0.0
32,3,56,57,22,4,0,3,0,1.7142857142857142,0.0,0.0,0.0
32,3,56,57,23,7,4,5,0,2.9166666666666665,0.5714285714285714,0.0,0.5714285714285714
32,3,56,57,24,3,0,6,0,2.0,0.0,0.0,0.0
32,3,56,57,25,7,1,2,0,1.5555555555555556,0.14285714285714285,0.0,0.14285714285714285
32,3,56,57,26,1,0,3,0,0.75,0.0,0.0,0.0
32,3,56,57,27,4,2,1,0,0.8,0.5,0.0,0.5
32,3,56,57,28,3,0,4,0,1.7142857142857142,0.0,0.0,0.0
32,3,56,57,29,6,2,5,0,2.727272727272727,0.3333333333333333,0.0,0.3333333333333333
32,3,56,57,31,7,1,2,0,1.5555555555555556,0.14285714285714285,0.0,0.14285714285714285
32,3,56,57,32,1,0,1,0,0.5,0.0,0.0,0.0
32,3,64,65,22,1,0,1,0,0.5,0.0,0.0,0.0
32,3,64,65,23,6,3,1,0,0.8571428571428571,0.5,0.0,0.5
32,3,64,65,24,1,0,3,0,0.75,0.0,0.0,0.0
32,3,64,65,25,3,1,1,0,0.75,0.3333333333333333,0.0,0.3333333333333333
32,3,64,65,28,3,0,4,0,1.7142857142857142,0.0,0.0,0.0
32,3,64,65,29,6,2,5,0,2.727272727272727,0.3333333333333333,0.0,0.3333333333333333
32,3,64,65,31,5,1,4,0,2.2222222222222223,0.2,0.0,0.2
32,3,64,65,32,1,0,2,0,0.6666666666666666,0.0,0.0,0.0
32,3,72,73,29,10,4,1,0,0.9090909090909091,0.4,0.0,0.4
32,3,72,73,31,5,1,4,0,2.2222222222222223,0.2,0.0,0.2
32,3,80,81,28,1,0,1,0,0.5,0.0,0.0,0.0
32,3,80,81,30,4,0,2,0,1.3333333333333333,0.0,0.0,0.0
32,3,80,81,31,7,2,1,0,0.875,0.2857142857142857,0.0,0.2857142857142857
32,3,88,89,28,1,0,1,0,0.5,0.0,0.0,0.0
32,4,8,9,8,1,0,2,0,0.6666666666666666,0.0,0.0,0.0
32,4,8,9,9,6,6,2,0,1.5,1.0,0.0,1.0
32,4,32,33,19,5,0,1,1,0.8333333333333334,0.0,1.0,-1.0
32,4,32,33,21,2,1,8,0,1.6,0.5,0.0,0.5
32,4,40,41,20,4,0,2,0,1.3333333333333333,0.0,0.0,0.0
32,4,40,41,21,4,2,5,0,2.2222222222222223,0.5,0.0,0.5
32,4,40,41,22,1,0,8,0,0.8888888888888888,0.0,0.0,0.0
32,4,48,49,22,2,0,4,0,1.3333333333333333,0.0,0.0,0.0
32,4,48,49,23,3,0,4,0,1.7142857142857142,0.0,0.0,0.0
32,4,48,49,24,2,0,5,0,1.4285714285714286,0.0,0.0,0.0
32,4,48,49,25,3,1,4,0,1.7142857142857142,0.3333333333333333,0.0,0.3333333333333333
32,4,56,57,23,6,2,2,0,1.5,0.3333333333333333,0.0,0.3333333333333333
32,4,56,57,24,1,0,6,0,0.8571428571428571,0.0,0.0,0.0
32,4,56,57,25,3,0,4,0,1.7142857142857142,0.0,0.0,0.0
32,4,56,57,26,1,0,4,0,0.8,0.0,0.0,0.0
32,4,56,57,28,1,0,3,0,0.75,0.0,0.0,0.0
32,4,64,65,23,3,0,1,0,0.75,0.0,0.0,0.0
32,4,64,65,24,2,0,3,0,1.2,0.0,0.0,0.0
32,4,64,65,25,4,0,3,0,1.7142857142857142,0.0,0.0,0.0
32,4,64,65,26,1,0,4,0,0.8,0.0,0.0,0.0
32,4,64,65,28,1,0,3,0,0.75,0.0,0.0,0.0
32,4,72,73,23,3,1,1,0,0.75,0.3333333333333333,0.0,0.3333333333333333
32,4,72,73,24,2,0,3,0,1.2,0.0,0.0,0.0
32,4,72,73,25,4,1,3,0,1.7142857142857142,0.25,0.0,0.25
32,4,72,73,26,1,0,4,0,0.8,0.0,0.0,0.0
32,4,72,73,28,1,0,3,0,0.75,0.0,0.0,0.0
32,4,72,73,29,1,0,2,0,0.6666666666666666,0.0,0.0,0.0
32,4,72,73,30,3,1,1,0,0.75,0.3333333333333333,0.0,0.3333333333333333
32,4,72,73,31,3,1,1,0,0.75,0.3333333333333333,0.0,0.3333333333333333
32,4,72,73,32,2,0,2,0,1.0,0.0,0.0,0.0
32,4,72,73,33,3,1,2,0,1.2,0.3333333333333333,0.0,0.3333333333333333
32,4,72,73,34,1,0,2,0,0.6666666666666666,0.0,0.0,0.0
32,4,72,73,35,2,0,2,0,1.0,0.0,0.0,0.0
32,4,72,73,36,2,0,2,0,1.0,0.0,0.0,0.0
32,4,80,81,23,2,2,1,0,0.6666666666666666,1.0,0.0,1.0
32,4,80,81,24,2,0,2,0,1.0,0.0,0.0,0.0
32,4,80,81,25,3,1,2,0,1.2,0.3333333333333333,0.0,0.3333333333333333
32,4,80,81,26,1,0,3,0,0.75,0.0,0.0,0.0
32,4,80,81,27,1,0,3,0,0.75,0.0,0.0,0.0
32,4,80,81,28,1,0,3,0,0.75,0.0,0.0,0.0
32,4,80,81,29,1,0,2,0,0.6666666666666666,0.0,0.0,0.0
32,4,80,81,30,1,0,1,0,0.5,0.0,0.0,0.0
32,4,80,81,32,2,0,1,0,0.6666666666666666,0.0,0.0,0.0
32,4,80,81,33,2,1,1,0,0.6666666666666666,0.5,0.0,0.5
32,4,80,81,34,1,0,1,0,0.5,0.0,0.0,0.0
32,4,80,81,35,1,0,1,0,0.5,0.0,0.0,0.0
32,4,80,81,36,1,0,1,0,0.5,0.0,0.0,0.0
32,4,80,81,37,1,0,1,0,0.5,0.0,0.0,0.0
32,4,88,89,26,1,0,2,0,0.6666666666666666,0.0,0.0,0.0
32,4,88,89,27,2,0,2,0,1.0,0.0,0.0,0.0
32,4,88,89,28,1,0,3,0,0.75,0.0,0.0,0.0
32,4,88,89,29,1,0,2,0,0.6666666666666666,0.0,0.0,0.0
32,4,88,89,30,1,0,1,0,0.5,0.0,0.0,0.0
32,4,96,97,28,3,0,1,0,0.75,0.0,0.0,0.0
32,4,96,97,29,1,0,2,0,0.6666666666666666,0.0,0.0,0.0
32,4,96,97,30,1,0,1,0,0.5,0.0,0.0,0.0
32,4,104,105,30,1,0,1,0,0.5,0.0,0.0,0.0
32,4,112,113,43,1,0,1,0,0.5,0.0,0.0,0.0
32,4,112,113,44,2,0,2,0,1.0,0.0,0.0,0.0
32,4,112,113,45,2,0,4,0,1.3333333333333333,0.0,0.0,0.0
32,4,120,121,43,1,0,1,0,0.5,0.0,0.0,0.0
32,4,120,121,44,1,0,2,0,0.6666666666666666,0.0,0.0,0.0
32,4,120,121,45,2,1,3,0,1.2,0.5,0.0,0.5
32,4,120,121,46,1,0,4,0,0.8,0.0,0.0,0.0
32,4,120,121,47,1,0,4,0,0.8,0.0,0.0,0.0
32,4,128,129,44,1,0,2,0,0.6666666666666666,0.0,0.0,0.0
32,4,128,129,45,1,0,3,0,0.75,0.0,0.0,0.0
32,4,128,129,46,1,0,4,0,0.8,0.0,0.0,0.0
32,4,128,129,47,1,0,4,0,0.8,0.0,0.0,0.0
32,4,136,137,44,1,0,1,0,0.5,0.0,0.0,0.0
32,4,136,137,45,1,0,2,0,0.6666666666666666,0.0,0.0,0.0
32,4,136,137,46,1,0,3,0,0.75,0.0,0.0,0.0
32,4,136,137,47,1,0,3,0,0.75,0.0,0.0,0.0
32,4,136,137,48,1,0,3,0,0.75,0.0,0.0,0.0
32,4,144,145,44,1,0,1,0,0.5,0.0,0.0,0.0
32,4,144,145,45,1,0,2,0,0.6666666666666666,0.0,0.0,0.0
32,4,144,145,46,1,0,3,0,0.75,0.0,0.0,0.0
32,4,144,145,47,1,0,3,0,0.75,0.0,0.0,0.0
32,4,144,145,48,1,0,3,0,0.75,0.0,0.0,0.0
32,4,152,153,45,1,1,1,0,0.5,1.0,0.0,1.0
32,4,152,153,46,1,0,2,0,0.6666666666666666,0.0,0.0,0.0
32,4,152,153,47,1,0,2,0,0.6666666666666666,0.0,0.0,0.0
32,4,152,153,48,1,0,2,0,0.6666666666666666,0.0,0.0,0.0
32,4,152,153,49,1,0,2,0,0.6666666666666666,0.0,0.0,0.0
32,4,160,161,49,2,0,1,0,0.6666666666666666,0.0,0.0,0.0
32,4,168,169,51,1,0,1,0,0.5,0.0,0.0,0.0
32,4,200,201,54,2,0,1,0,0.6666666666666666,0.0,0.0,0.0
32,4,200,201,55,2,0,1,0,0.6666666666666666,0.0,0.0,0.0
32,4,200,201,56,3,0,1,0,0.75,0.0,0.0,0.0
32,4,200,201,57,4,0,2,0,1.3333333333333333,0.0,0.0,0.0
32,4,208,209,57,2,1,1,0,0.6666666666666666,0.5,0.0,0.5
32,4,208,209,58,1,0,1,0,0.5,0.0,0.0,0.0
32,4,208,209,59,2,1,1,0,0.6666666666666666,0.5,0.0,0.5
32,5,16,17,14,4,0,2,0,1.3333333333333333,0.0,0.0,0.0
32,5,32,33,18,1,0,1,0,0.5,0.0,0.0,0.0
32,5,32,33,19,5,3,1,0,0.8333333333333334,0.6,0.0,0.6
32,5,32,33,21,2,0,5,0,1.4285714285714286,0.0,0.0,0.0
32,5,40,41,20,1,0,3,0,0.75,0.0,0.0,0.0
32,5,40,41,21,3,0,3,0,1.5,0.0,0.0,0.0
32,5,40,41,23,1,1,6,0,0.8571428571428571,1.0,0.0,1.0
32,5,40,41,25,2,0,5,0,1.4285714285714286,0.0,0.0,0.0
32,5,48,49,20,1,0,2,0,0.6666666666666666,0.0,0.0,0.0
32,5,48,49,21,4,1,2,0,1.3333333333333333,0.25,0.0,0.25
32,5,48,49,23,1,1,6,0,0.8571428571428571,1.0,0.0,1.0
32,5,48,49,24,1,0,6,0,0.8571428571428571,0.0,0.0,0.0
32,5,48,49,25,1,0,5,0,0.8333333333333334,0.0,0.0,0.0
32,5,48,49,26,1,0,4,0,0.8,0.0,0.0,0.0
32,5,48,49,27,4,2,2,0,1.3333333333333333,0.5,0.0,0.5
32,5,48,49,29,4,2,7,0,2.5454545454545454,0.5,0.0,0.5
32,5,56,57,20,1,0,1,0,0.5,0.0,0.0,0.0
32,5,56,57,21,1,0,1,0,0.5,0.0,0.0,0.0
32,5,56,57,22,1,0,1,0,0.5,0.0,0.0,0.0
32,5,56,57,23,5,2,1,0,0.8333333333333334,0.4,0.0,0.4
32,5,56,57,24,1,0,6,0,0.8571428571428571,0.0,0.0,0.0
32,5,56,57,25,1,0,6,0,0.8571428571428571,0.0,0.0,0.0
32,5,56,57,26,1,0,4,0,0.8,0.0,0.0,0.0
32,5,56,57,27,2,0,2,0,1.0,0.0,0.0,0.0
32,5,56,57,28,2,0,1,0,0.6666666666666666,0.0,0.0,0.0
32,5,56,57,29,5,1,1,0,0.8333333333333334,0.2,0.0,0.2
32,5,56,57,30,5,0,5,0,2.5,0.0,0.0,0.0
32,5,56,57,31,4,0,7,0,2.5454545454545454,0.0,0.0,0.0
32,5,56,57,32,3,0,8,0,2.1818181818181817,0.0,0.0,0.0
32,5,56,57,33,4,2,10,0,2.857142857142857,0.5,0.0,0.5
32,5,56,57,34,1,0,14,0,0.9333333333333333,0.0,0.0,0.0
32,5,56,57,35,1,0,13,0,0.9285714285714286,0.0,0.0,0.0
32,5,64,65,26,2,0,3,0,1.2,0.0,0.0,0.0
32,5,64,65,27,2,0,2,0,1.0,0.0,0.0,0.0
32,5,64,65,28,2,0,1,0,0.6666666666666666,0.0,0.0,0.0
32,5,64,65,30,4,0,1,0,0.8,0.0,0.0,0.0
32,5,64,65,31,8,1,2,0,1.6,0.125,0.0,0.125
32,5,64,65,32,4,0,5,0,2.2222222222222223,0.0,0.0,0.0
32,5,64,65,33,4,0,8,0,2.6666666666666665,0.0,0.0,0.0
32,5,64,65,34,2,0,11,0,1.6923076923076923,0.0,0.0,0.0
32,5,64,65,35,1,0,11,0,0.9166666666666666,0.0,0.0,0.0
32,5,64,65,36,1,0,9,0,0.9,0.0,0.0,0.0
32,5,72,73,26,4,0,1,0,0.8,0.0,0.0,0.0
32,5,72,73,27,2,0,2,0,1.0,0.0,0.0,0.0
32,5,72,73,28,2,0,1,0,0.6666666666666666,0.0,0.0,0.0
32,5,72,73,31,7,1,1,0,0.875,0.14285714285714285,0.0,0.14285714285714285
32,5,72,73,32,4,0,4,0,2.0,0.0,0.0,0.0
32,5,72,73,33,4,1,7,0,2.5454545454545454,0.25,0.0,0.25
32,5,72,73,34,3,0,11,0,2.357142857142857,0.0,0.0,0.0
32,5,72,73,35,4,1,10,0,2.857142857142857,0.25,0.0,0.25
32,5,80,81,28,2,0,1,0,0.6666666666666666,0.0,0.0,0.0
32,5,80,81,32,4,0,2,0,1.3333333333333333,0.0,0.0,0.0
32,5,80,81,33,4,0,5,0,2.2222222222222223,0.0,0.0,0.0
32,5,80,81,34,2,0,9,0,1.6363636363636365,0.0,0.0,0.0
32,5,80,81,35,5,0,8,0,3.076923076923077,0.0,0.0,0.0
32,5,80,81,37,1,0,8,0,0.8888888888888888,0.0,0.0,0.0
32,5,88,89,32,6,0,2,0,1.5,0.0,0.0,0.0
32,5,88,89,33,3,0,6,0,2.0,0.0,0.0,0.0
32,5,88,89,34,4,0,8,0,2.6666666666666665,0.0,0.0,0.0
32,5,88,89,35,4,0,9,0,2.769230769230769,0.0,0.0,0.0
32,5,88,89,36,1,0,9,0,0.9,0.0,0.0,0.0
32,5,88,89,37,2,0,7,0,1.5555555555555556,0.0,0.0,0.0
32,5,96,97,32,4,0,1,0,0.8,0.0,0.0,0.0
32,5,96,97,33,7,2,1,0,0.875,0.2857142857142857,0.0,0.2857142857142857
32,5,96,97,34,4,0,7,0,2.5454545454545454,0.0,0.0,0.0
32,5,96,97,35,5,0,8,0,3.076923076923077,0.0,0.0,0.0
32,5,96,97,36,1,0,9,0,0.9,0.0,0.0,0.0
32,5,96,97,37,2,0,7,0,1.5555555555555556,0.0,0.0,0.0
32,5,104,105,32,3,0,1,0,0.75,0.0,0.0,0.0
32,5,104,105,33,3,1,2,0,1.2,0.3333333333333333,0.0,0.3333333333333333
32,5,104,105,34,5,1,3,0,1.875,0.2,0.0,0.2
32,5,104,105,35,10,3,2,0,1.6666666666666667,0.3,0.0,0.3
32,5,104,105,36,2,0,7,1,1.5555555555555556,0.0,0.14285714285714285,-0.14285714285714285
32,5,104,105,37,4,0,4,0,2.0,0.0,0.0,0.0
32,5,104,105,38,1,0,6,0,0.8571428571428571,0.0,0.0,0.0
32,5,112,113,32,2,0,1,0,0.6666666666666666,0.0,0.0,0.0
32,5,112,113,33,2,1,2,0,1.0,0.5,0.0,0.5
32,5,112,113,34,2,0,3,0,1.2,0.0,0.0,0.0
32,5,112,113,35,4,0,1,0,0.8,0.0,0.0,0.0
32,5,112,113,36,3,0,2,0,1.2,0.0,0.0,0.0
32,5,112,113,37,2,0,3,0,1.2,0.0,0.0,0.0
32,5,112,113,38,2,1,5,0,1.4285714285714286,0.5,0.0,0.5
32,5,112,113,39,1,0,6,0,0.8571428571428571,0.0,0.0,0.0
32,5,112,113,40,3,2,9,0,2.25,0.6666666666666666,0.0,0.6666666666666666
32,5,112,113,41,3,2,12,0,2.4,0.6666666666666666,0.0,0.6666666666666666
32,5,112,113,42,3,1,15,0,2.5,0.3333333333333333,0.0,0.3333333333333333
32,5,112,113,43,3,1,16,0,2.526315789473684,0.3333333333333333,0.0,0.3333333333333333
32,5,112,113,44,3,0,17,0,2.55,0.0,0.0,0.0
32,5,112,113,45,2,0,18,0,1.8,0.0,0.0,0.0
32,5,112,113,46,2,0,18,0,1.8,0.0,0.0,0.0
32,5,120,121,33,3,2,1,0,0.75,0.6666666666666666,0.0,0.6666666666666666
32,5,120,121,35,4,2,2,0,1.3333333333333333,0.5,0.0,0.5
32,5,120,121,36,2,0,4,0,1.3333333333333333,0.0,0.0,0.0
32,5,120,121,38,1,0,4,0,0.8,0.0,0.0,0.0
32,5,120,121,39,1,1,6,0,0.8571428571428571,1.0,0.0,1.0
32,5,120,121,40,1,0,9,0,0.9,0.0,0.0,0.0
32,5,120,121,41,1,1,12,0,0.9230769230769231,1.0,0.0,1.0
32,5,120,121,42,1,0,15,0,0.9375,0.0,0.0,0.0
32,5,120,121,43,1,0,16,0,0.9411764705882353,0.0,0.0,0.0
32,5,120,121,44,1,0,16,0,0.9411764705882353,0.0,0.0,0.0
32,5,128,129,33,2,2,1,0,0.6666666666666666,1.0,0.0,1.0
32,5,128,129,35,2,1,2,0,1.0,0.5,0.0,0.5
32,5,128,129,36,3,0,3,0,1.5,0.0,0.0,0.0
32,5,128,129,38,1,1,4,0,0.8,1.0,0.0,1.0
32,5,128,129,43,1,0,16,0,0.9411764705882353,0.0,0.0,0.0
32,5,128,129,44,1,1,16,0,0.9411764705882353,1.0,0.0,1.0
32,5,136,137,34,1,0,1,0,0.5,0.0,0.0,0.0
32,5,136,137,36,3,0,1,0,0.75,0.0,0.0,0.0
32,5,136,137,37,3,1,2,0,1.2,0.3333333333333333,0.0,0.3333333333333333
32,5,136,137,39,2,1,5,0,1.4285714285714286,0.5,0.0,0.5
32,5,136,137,40,1,0,9,0,0.9,0.0,0.0,0.0
32,5,136,137,42,1,0,15,0,0.9375,0.0,0.0,0.0
32,5,136,137,43,1,0,16,0,0.9411764705882353,0.0,0.0,0.0
32,5,136,137,45,1,0,17,0,0.9444444444444444,0.0,0.0,0.0
32,5,144,145,36,2,0,1,0,0.6666666666666666,0.0,0.0,0.0
32,5,144,145,37,3,0,2,0,1.2,0.0,0.0,0.0
32,5,144,145,39,1,0,5,0,0.8333333333333334,0.0,0.0,0.0
32,5,144,145,43,1,1,16,0,0.9411764705882353,1.0,0.0,1.0
32,5,144,145,45,1,0,17,0,0.9444444444444444,0.0,0.0,0.0
32,5,152,153,37,2,0,2,0,1.0,0.0,0.0,0.0
32,5,152,153,38,1,0,3,0,0.75,0.0,0.0,0.0
32,5,152,153,39,1,0,5,0,0.8333333333333334,0.0,0.0,0.0
32,5,152,153,45,1,0,17,0,0.9444444444444444,0.0,0.0,0.0
32,5,160,161,38,1,0,3,0,0.75,0.0,0.0,0.0
32,5,160,161,40,2,0,6,0,1.5,0.0,0.0,0.0
32,5,160,161,41,1,0,11,0,0.9166666666666666,0.0,0.0,0.0
32,5,160,161,46,3,0,15,0,2.5,0.0,0.0,0.0
32,5,168,169,38,3,0,1,0,0.75,0.0,0.0,0.0
32,5,168,169,41,1,0,8,0,0.8888888888888888,0.0,0.0,0.0
32,5,168,169,42,2,1,11,0,1.6923076923076923,0.5,0.0,0.5
32,5,168,169,43,1,0,13,0,0.9285714285714286,0.0,0.0,0.0
32,5,168,169,44,1,0,13,0,0.9285714285714286,0.0,0.0,0.0
32,5,168,169,45,4,1,13,0,3.0588235294117645,0.25,0.0,0.25
32,5,168,169,47,5,2,15,0,3.75,0.4,0.0,0.4
32,5,176,177,39,2,1,1,0,0.6666666666666666,0.5,0.0,0.5
32,5,176,177,40,2,1,3,0,1.2,0.5,0.0,0.5
32,5,176,177,41,2,1,6,0,1.5,0.5,0.0,0.5
32,5,176,177,42,1,0,10,0,0.9090909090909091,0.0,0.0,0.0
32,5,176,177,43,2,0,11,0,1.6923076923076923,0.0,0.0,0.0
32,5,176,177,44,1,0,12,0,0.9230769230769231,0.0,0.0,0.0
32,5,176,177,45,2,0,12,0,1.7142857142857142,0.0,0.0,0.0
32,5,176,177,46,2,0,12,0,1.7142857142857142,0.0,0.0,0.0
32,5,176,177,47,1,1,15,0,0.9375,1.0,0.0,1.0
32,5,176,177,48,3,0,16,0,2.526315789473684,0.0,0.0,0.0
32,5,176,177,49,2,0,19,0,1.8095238095238095,0.0,0.0,0.0
32,5,176,177,50,2,0,20,0,1.8181818181818181,0.0,0.0,0.0
32,5,176,177,51,2,0,20,0,1.8181818181818181,0.0,0.0,0.0
32,5,176,177,52,5,2,20,0,4.0,0.4,0.0,0.4
32,5,184,185,40,3,0,1,0,0.75,0.0,0.0,0.0
32,5,184,185,41,1,0,5,0,0.8333333333333334,0.0,0.0,0.0
32,5,184,185,42,2,0,7,0,1.5555555555555556,0.0,0.0,0.0
32,5,184,185,43,3,0,8,0,2.1818181818181817,0.0,0.0,0.0
32,5,184,185,44,3,0,9,0,2.25,0.0,0.0,0.0
32,5,184,185,45,1,0,11,0,0.9166666666666666,0.0,0.0,0.0
32,5,184,185,46,3,0,10,0,2.3076923076923075,0.0,0.0,0.0
32,5,184,185,47,2,1,13,0,1.7333333333333334,0.5,0.0,0.5
32,5,184,185,48,2,0,15,0,1.7647058823529411,0.0,0.0,0.0
32,5,184,185,49,2,0,17,0,1.7894736842105263,0.0,0.0,0.0
32,5,184,185,50,2,0,18,0,1.8,0.0,0.0,0.0
32,5,184,185,51,2,0,18,0,1.8,0.0,0.0,0.0
32,5,184,185,52,3,1,18,0,2.5714285714285716,0.3333333333333333,0.0,0.3333333333333333
32,5,184,185,53,3,0,20,0,2.608695652173913,0.0,0.0,0.0
32,5,184,185,54,2,0,22,0,1.8333333333333333,0.0,0.0,0.0
32,5,192,193,40,2,0,1,0,0.6666666666666666,0.0,0.0,0.0
32,5,192,193,41,1,0,4,0,0.8,0.0,0.0,0.0
32,5,192,193,42,1,0,6,0,0.8571428571428571,0.0,0.0,0.0
32,5,192,193,43,3,1,7,0,2.1,0.3333333333333333,0.0,0.3333333333333333
32,5,192,193,44,3,1,8,0,2.1818181818181817,0.3333333333333333,0.0,0.3333333333333333
32,5,192,193,45,2,0,10,0,1.6666666666666667,0.0,0.0,0.0
32,5,192,193,46,3,0,10,0,2.3076923076923075,0.0,0.0,0.0
32,5,192,193,48,2,0,13,0,1.7333333333333334,0.0,0.0,0.0
32,5,192,193,51,1,1,18,0,0.9473684210526315,1.0,0.0,1.0
32,5,192,193,52,1,0,18,0,0.9473684210526315,0.0,0.0,0.0
32,5,192,193,53,2,0,19,0,1.8095238095238095,0.0,0.0,0.0
32,5,192,193,54,2,0,20,0,1.8181818181818181,0.0,0.0,0.0
32,5,192,193,55,2,0,19,0,1.8095238095238095,0.0,0.0,0.0
32,5,200,201,40,1,0,1,0,0.5,0.0,0.0,0.0
32,5,200,201,41,1,0,3,0,0.75,0.0,0.0,0.0
32,5,200,201,42,2,0,5,0,1.4285714285714286,0.0,0.0,0.0
32,5,200,201,43,2,0,7,0,1.5555555555555556,0.0,0.0,0.0
32,5,200,201,44,2,0,8,0,1.6,0.0,0.0,0.0
32,5,200,201,45,2,0,9,0,1.6363636363636365,0.0,0.0,0.0
32,5,200,201,46,3,0,9,0,2.25,0.0,0.0,0.0
32,5,200,201,47,1,0,12,0,0.9230769230769231,0.0,0.0,0.0
32,5,200,201,48,2,0,13,0,1.7333333333333334,0.0,0.0,0.0
32,5,208,209,42,2,0,5,0,1.4285714285714286,0.0,0.0,0.0
32,5,208,209,43,1,0,7,0,0.875,0.0,0.0,0.0
32,5,208,209,44,2,0,8,0,1.6,0.0,0.0,0.0
32,5,208,209,45,2,0,9,0,1.6363636363636365,0.0,0.0,0.0
32,5,208,209,46,2,0,9,0,1.6363636363636365,0.0,0.0,0.0
32,5,208,209,47,2,0,11,0,1.6923076923076923,0.0,0.0,0.0
32,5,208,209,48,2,0,13,0,1.7333333333333334,0.0,0.0,0.0
32,5,208,209,53,1,1,19,0,0.95,1.0,0.0,1.0
32,5,216,217,42,2,0,5,0,1.4285714285714286,0.0,0.0,0.0
32,5,216,217,43,1,0,7,0,0.875,0.0,0.0,0.0
32,5,216,217,44,1,0,8,0,0.8888888888888888,0.0,0.0,0.0
32,5,216,217,45,2,0,9,0,1.6363636363636365,0.0,0.0,0.0
32,5,216,217,46,1,0,9,0,0.9,0.0,0.0,0.0
32,5,216,217,47,2,0,11,0,1.6923076923076923,0.0,0.0,0.0
32,5,216,217,48,2,0,13,0,1.7333333333333334,0.0,0.0,0.0
32,5,216,217,53,1,0,19,0,0.95,0.0,0.0,0.0
32,5,224,225,42,2,0,5,0,1.4285714285714286,0.0,0.0,0.0
32,5,224,225,43,1,0,7,0,0.875,0.0,0.0,0.0
32,5,224,225,44,1,0,8,0,0.8888888888888888,0.0,0.0,0.0
32,5,224,225,45,2,1,9,0,1.6363636363636365,0.5,0.0,0.5
32,5,224,225,46,1,0,9,0,0.9,0.0,0.0,0.0
32,5,224,225,47,2,0,11,0,1.6923076923076923,0.0,0.0,0.0
32,5,224,225,48,1,0,13,0,0.9285714285714286,0.0,0.0,0.0
32,5,224,225,53,1,1,19,0,0.95,1.0,0.0,1.0
32,5,232,233,42,1,0,5,0,0.8333333333333334,0.0,0.0,0.0
32,5,232,233,43,2,1,6,0,1.5,0.5,0.0,0.5
32,5,232,233,44,1,0,8,0,0.8888888888888888,0.0,0.0,0.0
32,5,232,233,45,1,0,9,0,0.9,0.0,0.0,0.0
32,5,232,233,46,1,0,9,0,0.9,0.0,0.0,0.0
32,5,232,233,47,2,0,11,0,1.6923076923076923,0.0,0.0,0.0
32,5,232,233,48,1,0,13,0,0.9285714285714286,0.0,0.0,0.0
32,5,240,241,42,2,0,3,0,1.2,0.0,0.0,0.0
32,5,240,241,43,1,0,6,0,0.8571428571428571,0.0,0.0,0.0
32,5,240,241,44,2,0,7,0,1.5555555555555556,0.0,0.0,0.0
32,5,240,241,45,1,0,9,0,0.9,0.0,0.0,0.0
32,5,240,241,46,1,0,9,0,0.9,0.0,0.0,0.0
32,5,240,241,47,1,0,11,0,0.9166666666666666,0.0,0.0,0.0
32,5,240,241,48,1,0,13,0,0.9285714285714286,0.0,0.0,0.0
32,5,248,249,42,2,0,3,0,1.2,0.0,0.0,0.0
32,5,248,249,43,1,0,6,0,0.8571428571428571,0.0,0.0,0.0
32,5,248,249,44,1,0,7,0,0.875,0.0,0.0,0.0
32,5,248,249,45,1,0,8,0,0.8888888888888888,0.0,0.0,0.0
32,5,248,249,46,2,0,8,0,1.6,0.0,0.0,0.0
32,5,248,249,47,1,0,11,0,0.9166666666666666,0.0,0.0,0.0
32,5,248,249,49,3,0,14,0,2.4705882352941178,0.0,0.0,0.0
32,6,24,25,18,2,0,3,0,1.2,0.0,0.0,0.0
32,6,24,25,19,1,0,7,0,0.875,0.0,0.0,0.0
32,6,32,33,19,3,1,1,0,0.75,0.3333333333333333,0.0,0.3333333333333333
32,6,32,33,20,2,0,3,0,1.2,0.0,0.0,0.0
32,6,32,33,21,5,1,3,0,1.875,0.2,0.0,0.2
32,6,32,33,23,1,0,10,0,0.9090909090909091,0.0,0.0,0.0
32,6,40,41,22,3,0,3,0,1.5,0.0,0.0,0.0
32,6,40,41,23,6,3,5,0,2.727272727272727,0.5,0.0,0.5
32,6,40,41,24,2,0,11,0,1.6923076923076923,0.0,0.0,0.0
32,6,48,49,22,2,0,2,0,1.0,0.0,0.0,0.0
32,6,48,49,23,6,2,3,0,2.0,0.3333333333333333,0.0,0.3333333333333333
32,6,48,49,24,1,0,10,0,0.9090909090909091,0.0,0.0,0.0
32,6,48,49,25,4,1,9,1,2.769230769230769,0.25,0.1111111111111111,0.1388888888888889
32,6,48,49,26,1,0,10,0,0.9090909090909091,0.0,0.0,0.0
32,6,48,49,27,1,0,9,0,0.9,0.0,0.0,0.0
32,6,48,49,28,1,0,8,0,0.8888888888888888,0.0,0.0,0.0
32,6,48,49,29,1,0,7,0,0.875,0.0,0.0,0.0
32,6,56,57,22,2,0,1,0,0.6666666666666666,0.0,0.0,0.0
32,6,56,57,23,5,2,2,0,1.4285714285714286,0.4,0.0,0.4
32,6,56,57,24,3,0,7,0,2.1,0.0,0.0,0.0
32,6,56,57,25,6,2,7,1,3.230769230769231,0.3333333333333333,0.14285714285714285,0.19047619047619047
32,6,56,57,26,1,0,10,0,0.9090909090909091,0.0,0.0,0.0
32,6,56,57,27,1,0,9,0,0.9,0.0,0.0,0.0
32,6,56,57,29,2,0,6,0,1.5,0.0,0.0,0.0
32,6,56,57,30,1,0,5,0,0.8333333333333334,0.0,0.0,0.0
32,6,56,57,31,1,0,3,0,0.75,0.0,0.0,0.0
32,6,56,57,32,3,0,2,0,1.2,0.0,0.0,0.0
32,6,56,57,33,5,1,1,0,0.8333333333333334,0.2,0.0,0.2
32,6,56,57,34,3,0,2,0,1.2,0.0,0.0,0.0
32,6,56,57,35,4,2,1,0,0.8,0.5,0.0,0.5
32,6,56,57,37,2,0,4,0,1.3333333333333333,0.0,0.0,0.0
32,6,64,65,23,4,0,1,0,0.8,0.0,0.0,0.0
32,6,64,65,24,4,0,4,0,2.0,0.0,0.0,0.0
32,6,64,65,25,5,2,5,0,2.5,0.4,0.0,0.4
32,6,64,65,26,4,0,7,0,2.5454545454545454,0.0,0.0,0.0
32,6,64,65,27,1,0,9,0,0.9,0.0,0.0,0.0
32,6,64,65,29,2,0,6,0,1.5,0.0,0.0,0.0
32,6,64,65,30,1,0,5,0,0.8333333333333334,0.0,0.0,0.0
32,6,64,65,31,1,0,3,0,0.75,0.0,0.0,0.0
32,6,64,65,32,1,0,3,0,0.75,0.0,0.0,0.0
32,6,64,65,33,3,2,2,0,1.2,0.6666666666666666,0.0,0.6666666666666666
32,6,64,65,34,1,0,3,0,0.75,0.0,0.0,0.0
32,6,64,65,35,4,2,1,0,0.8,0.5,0.0,0.5
32,6,72,73,23,2,0,1,0,0.6666666666666666,0.0,0.0,0.0
32,6,72,73,24,2,0,3,0,1.2,0.0,0.0,0.0
32,6,72,73,25,5,3,3,0,1.875,0.6,0.0,0.6
32,6,72,73,26,1,0,5,0,0.8333333333333334,0.0,0.0,0.0
32,6,72,73,27,5,0,5,0,2.5,0.0,0.0,0.0
32,6,72,73,28,1,0,8,0,0.8888888888888888,0.0,0.0,0.0
32,6,72,73,29,1,0,6,0,0.8571428571428571,0.0,0.0,0.0
32,6,72,73,30,1,0,5,0,0.8333333333333334,0.0,0.0,0.0
32,6,72,73,31,1,0,3,0,0.75,0.0,0.0,0.0
32,6,72,73,32,1,0,3,0,0.75,0.0,0.0,0.0
32,6,72,73,33,3,2,2,0,1.2,0.6666666666666666,0.0,0.6666666666666666
32,6,80,81,24,1,0,2,0,0.6666666666666666,0.0,0.0,0.0
32,6,80,81,25,3,1,1,0,0.75,0.3333333333333333,0.0,0.3333333333333333
32,6,80,81,26,2,0,2,0,1.0,0.0,0.0,0.0
32,6,80,81,27,5,3,3,0,1.875,0.6,0.0,0.6
32,6,80,81,28,4,0,5,0,2.2222222222222223,0.0,0.0,0.0
32,6,80,81,29,1,0,6,0,0.8571428571428571,0.0,0.0,0.0
32,6,80,81,31,1,1,3,0,0.75,1.0,0.0,1.0
32,6,80,81,33,3,2,2,0,1.2,0.6666666666666666,0.0,0.6666666666666666
32,6,80,81,34,1,0,2,0,0.6666666666666666,0.0,0.0,0.0
32,6,80,81,37,1,0,1,0,0.5,0.0,0.0,0.0
32,6,80,81,38,1,0,2,0,0.6666666666666666,0.0,0.0,0.0
32,6,80,81,39,1,0,3,0,0.75,0.0,0.0,0.0
32,6,80,81,40,2,1,3,0,1.2,0.5,0.0,0.5
32,6,80,81,42,2,0,2,0,1.0,0.0,0.0,0.0
32,6,80,81,43,3,1,2,0,1.2,0.3333333333333333,0.0,0.3333333333333333
32,6,88,89,25,1,1,1,0,0.5,1.0,0.0,1.0
32,6,88,89,26,1,0,1,0,0.5,0.0,0.0,0.0
32,6,88,89,27,2,0,2,0,1.0,0.0,0.0,0.0
32,6,88,89,28,3,0,3,0,1.5,0.0,0.0,0.0
32,6,88,89,29,4,0,3,0,1.7142857142857142,0.0,0.0,0.0
32,6,88,89,38,1,0,1,0,0.5,0.0,0.0,0.0
32,6,88,89,39,1,0,2,0,0.6666666666666666,0.0,0.0,0.0
32,6,88,89,40,1,0,2,0,0.6666666666666666,0.0,0.0,0.0
32,6,88,89,41,1,0,2,0,0.6666666666666666,0.0,0.0,0.0
32,6,88,89,43,2,1,1,0,0.6666666666666666,0.5,0.0,0.5
32,6,88,89,44,1,0,2,0,0.6666666666666666,0.0,0.0,0.0
32,6,88,89,45,2,1,3,0,1.2,0.5,0.0,0.5
32,6,88,89,46,1,0,4,0,0.8,0.0,0.0,0.0
32,6,88,89,48,1,0,3,0,0.75,0.0,0.0,0.0
32,6,96,97,27,2,2,1,0,0.6666666666666666,1.0,0.0,1.0
32,6,96,97,28,1,0,2,0,0.6666666666666666,0.0,0.0,0.0
32,6,96,97,29,4,3,2,0,1.3333333333333333,0.75,0.0,0.75
32,6,96,97,30,1,0,4,0,0.8,0.0,0.0,0.0
32,6,96,97,38,1,0,1,0,0.5,0.0,0.0,0.0
32,6,96,97,39,1,0,2,0,0.6666666666666666,0.0,0.0,0.0
32,6,96,97,40,1,0,2,0,0.6666666666666666,0.0,0.0,0.0
32,6,96,97,41,1,0,2,0,0.6666666666666666,0.0,0.0,0.0
32,6,96,97,43,1,0,1,0,0.5,0.0,0.0,0.0
32,6,96,97,44,1,0,1,0,0.5,0.0,0.0,0.0
32,6,96,97,45,1,0,2,0,0.6666666666666666,0.0,0.0,0.0
32,6,96,97,46,1,0,2,0,0.6666666666666666,0.0,0.0,0.0
32,6,96,97,47,1,0,2,0,0.6666666666666666,0.0,0.0,0.0
32,6,96,97,48,1,0,2,0,0.6666666666666666,0.0,0.0,0.0
32,6,96,97,49,2,0,2,0,1.0,0.0,0.0,0.0
32,6,104,105,39,1,0,1,0,0.5,0.0,0.0,0.0
32,6,104,105,40,1,0,1,0,0.5,0.0,0.0,0.0
32,6,104,105,41,2,1,1,0,0.6666666666666666,0.5,0.0,0.5
32,6,104,105,43,2,1,1,0,0.6666666666666666,0.5,0.0,0.5
32,6,104,105,45,3,1,1,0,0.75,0.3333333333333333,0.0,0.3333333333333333
32,6,104,105,46,1,0,2,0,0.6666666666666666,0.0,0.0,0.0
32,6,104,105,47,2,1,1,0,0.6666666666666666,0.5,0.0,0.5
32,6,104,105,48,1,0,2,0,0.6666666666666666,0.0,0.0,0.0
32,6,104,105,49,2,0,2,0,1.0,0.0,0.0,0.0
32,6,112,113,50,2,0,1,0,0.6666666666666666,0.0,0.0,0.0
32,6,144,145,53,2,0,1,0,0.6666666666666666,0.0,0.0,0.0
32,6,144,145,54,2,0,1,0,0.6666666666666666,0.0,0.0,0.0
32,6,144,145,55,2,0,1,0,0.6666666666666666,0.0,0.0,0.0
32,6,144,145,56,3,1,1,0,0.75,0.3333333333333333,0.0,0.3333333333333333
32,6,144,145,57,4,0,2,0,1.3333333333333333,0.0,0.0,0.0
32,6,152,153,54,1,0,1,0,0.5,0.0,0.0,0.0
32,6,152,153,55,1,0,1,0,0.5,0.0,0.0,0.0
32,6,152,153,56,1,0,1,0,0.5,0.0,0.0,0.0
32,6,152,153,57,3,2,1,0,0.75,0.6666666666666666,0.0,0.6666666666666666
32,6,152,153,58,3,0,1,0,0.75,0.0,0.0,0.0
32,6,152,153,59,1,0,2,0,0.6666666666666666,0.0,0.0,0.0
32,6,160,161,56,1,0,1,0,0.5,0.0,0.0,0.0
32,6,160,161,57,1,0,1,0,0.5,0.0,0.0,0.0
32,6,160,161,58,1,0,1,0,0.5,0.0,0.0,0.0
32,6,160,161,59,1,0,1,0,0.5,0.0,0.0,0.0
32,6,168,169,58,1,0,1,0,0.5,0.0,0.0,0.0
32,7,8,9,9,8,7,1,0,0.8888888888888888,0.875,0.0,0.875
32,7,16,17,13,7,6,3,0,2.1,0.8571428571428571,0.0,0.8571428571428571
32,7,16,17,14,1,0,11,0,0.9166666666666666,0.0,0.0,0.0
32,7,24,25,15,6,4,1,0,0.8571428571428571,0.6666666666666666,0.0,0.6666666666666666
32,7,24,25,16,2,0,6,0,1.5,0.0,0.0,0.0
32,7,24,25,17,10,5,6,0,3.75,0.5,0.0,0.5
32,7,32,33,16,3,0,1,0,0.75,0.0,0.0,0.0
32,7,32,33,17,5,2,3,0,1.875,0.4,0.0,0.4
32,7,32,33,18,5,0,5,0,2.5,0.0,0.0,0.0
32,7,32,33,19,5,2,7,0,2.9166666666666665,0.4,0.0,0.4
32,7,32,33,20,1,0,10,0,0.9090909090909091,0.0,0.0,0.0
32,7,32,33,21,2,2,11,1,1.6923076923076923,1.0,0.09090909090909091,0.9090909090909091
32,7,40,41,17,4,1,1,0,0.8,0.25,0.0,0.25
32,7,40,41,18,2,0,3,0,1.2,0.0,0.0,0.0
32,7,40,41,19,7,3,3,0,2.1,0.42857142857142855,0.0,0.42857142857142855
32,7,40,41,20,1,0,7,0,0.875,0.0,0.0,0.0
32,7,40,41,21,3,0,5,0,1.875,0.0,0.0,0.0
32,7,40,41,22,2,0,5,0,1.4285714285714286,0.0,0.0,0.0
32,7,40,41,23,6,2,4,0,2.4,0.3333333333333333,0.0,0.3333333333333333
32,7,40,41,25,2,1,10,0,1.6666666666666667,0.5,0.0,0.5
32,7,48,49,19,5,2,1,0,0.8333333333333334,0.4,0.0,0.4
32,7,48,49,20,3,0,4,0,1.7142857142857142,0.0,0.0,0.0
32,7,48,49,21,3,0,4,0,1.7142857142857142,0.0,0.0,0.0
32,7,48,49,22,1,0,4,0,0.8,0.0,0.0,0.0
32,7,48,49,23,6,3,3,0,2.0,0.5,0.0,0.5
32,7,48,49,24,1,0,7,0,0.875,0.0,0.0,0.0
32,7,48,49,25,6,1,5,0,2.727272727272727,0.16666666666666666,0.0,0.16666666666666666
32,7,48,49,26,1,0,9,0,0.9,0.0,0.0,0.0
32,7,48,49,27,8,2,6,0,3.4285714285714284,0.25,0.0,0.25
32,7,48,49,28,1,0,10,0,0.9090909090909091,0.0,0.0,0.0
32,7,48,49,29,2,1,9,1,1.6363636363636365,0.5,0.1111111111111111,0.3888888888888889
32,7,56,57,20,3,0,2,0,1.2,0.0,0.0,0.0
32,7,56,57,21,4,1,3,0,1.7142857142857142,0.25,0.0,0.25
32,7,56,57,22,2,0,4,0,1.3333333333333333,0.0,0.0,0.0
32,7,56,57,23,5,3,4,0,2.2222222222222223,0.6,0.0,0.6
32,7,56,57,24,1,0,7,0,0.875,0.0,0.0,0.0
32,7,56,57,25,4,1,6,0,2.4,0.25,0.0,0.25
32,7,56,57,26,1,0,10,0,0.9090909090909091,0.0,0.0,0.0
32,7,56,57,27,5,1,6,0,2.727272727272727,0.2,0.0,0.2
32,7,56,57,28,3,0,5,0,1.875,0.0,0.0,0.0
32,7,56,57,29,2,0,5,0,1.4285714285714286,0.0,0.0,0.0
32,7,56,57,30,2,0,4,0,1.3333333333333333,0.0,0.0,0.0
32,7,56,57,31,4,2,3,0,1.7142857142857142,0.5,0.0,0.5
32,7,56,57,32,1,0,3,0,0.75,0.0,0.0,0.0
32,7,56,57,33,2,1,2,0,1.0,0.5,0.0,0.5
32,7,56,57,35,1,0,2,0,0.6666666666666666,0.0,0.0,0.0
32,7,64,65,24,1,0,4,0,0.8,0.0,0.0,0.0
32,7,64,65,25,7,1,3,0,2.1,0.14285714285714285,0.0,0.14285714285714285
32,7,64,65,27,5,1,6,0,2.727272727272727,0.2,0.0,0.2
32,7,64,65,28,3,0,5,0,1.875,0.0,0.0,0.0
32,7,64,65,29,2,0,5,0,1.4285714285714286,0.0,0.0,0.0
32,7,64,65,30,1,0,5,0,0.8333333333333334,0.0,0.0,0.0
32,7,64,65,31,5,2,3,0,1.875,0.4,0.0,0.4
32,7,64,65,32,2,0,4,0,1.3333333333333333,0.0,0.0,0.0
32,7,64,65,33,1,0,3,0,0.75,0.0,0.0,0.0
32,7,64,65,35,1,0,2,0,0.6666666666666666,0.0,0.0,0.0
32,7,72,73,26,3,0,3,0,1.5,0.0,0.0,0.0
32,7,72,73,27,5,2,4,0,2.2222222222222223,0.4,0.0,0.4
32,7,72,73,28,2,0,6,0,1.5,0.0,0.0,0.0
32,7,72,73,29,4,2,5,0,2.2222222222222223,0.5,0.0,0.5
32,7,72,73,30,1,0,6,0,0.8571428571428571,0.0,0.0,0.0
32,7,72,73,31,4,2,4,0,2.0,0.5,0.0,0.5
32,7,72,73,32,1,0,5,0,0.8333333333333334,0.0,0.0,0.0
32,7,72,73,33,2,1,3,0,1.2,0.5,0.0,0.5
32,7,72,73,35,1,0,2,0,0.6666666666666666,0.0,0.0,0.0
32,7,80,81,26,1,0,2,0,0.6666666666666666,0.0,0.0,0.0
32,7,80,81,28,2,0,2,0,1.0,0.0,0.0,0.0
32,7,80,81,29,6,3,2,0,1.5,0.5,0.0,0.5
32,7,80,81,30,2,0,4,0,1.3333333333333333,0.0,0.0,0.0
32,7,80,81,31,4,2,3,0,1.7142857142857142,0.5,0.0,0.5
32,7,80,81,32,1,0,5,0,0.8333333333333334,0.0,0.0,0.0
32,7,80,81,33,2,2,3,0,1.2,1.0,0.0,1.0
32,7,80,81,35,1,0,2,0,0.6666666666666666,0.0,0.0,0.0
32,7,88,89,29,3,0,1,0,0.75,0.0,0.0,0.0
32,7,88,89,30,2,0,2,0,1.0,0.0,0.0,0.0
32,7,88,89,31,2,0,2,0,1.0,0.0,0.0,0.0
32,7,88,89,32,1,0,2,0,0.6666666666666666,0.0,0.0,0.0
32,7,88,89,33,3,2,2,0,1.2,0.6666666666666666,0.0,0.6666666666666666
32,7,88,89,35,1,0,2,0,0.6666666666666666,0.0,0.0,0.0
32,7,96,97,29,2,1,1,0,0.6666666666666666,0.5,0.0,0.5
32,7,96,97,31,3,1,1,0,0.75,0.3333333333333333,0.0,0.3333333333333333
32,7,96,97,32,1,0,2,0,0.6666666666666666,0.0,0.0,0.0
32,7,96,97,33,1,0,2,0,0.6666666666666666,0.0,0.0,0.0
32,7,96,97,34,1,0,2,0,0.6666666666666666,0.0,0.0,0.0
32,7,96,97,35,1,0,2,0,0.6666666666666666,0.0,0.0,0.0
32,7,104,105,29,1,0,1,0,0.5,0.0,0.0,0.0
32,7,104,105,30,1,0,1,0,0.5,0.0,0.0,0.0
32,7,104,105,31,2,1,1,0,0.6666666666666666,0.5,0.0,0.5
32,7,104,105,34,1,0,1,0,0.5,0.0,0.0,0.0
32,7,104,105,35,2,0,1,0,0.6666666666666666,0.0,0.0,0.0
32,8,24,25,16,1,0,1,0,0.5,0.0,0.0,0.0
32,8,24,25,19,2,0,1,0,0.6666666666666666,0.0,0.0,0.0
32,8,32,33,22,3,0,2,0,1.2,0.0,0.0,0.0
32,8,32,33,23,4,2,3,0,1.7142857142857142,0.5,0.0,0.5
32,8,48,49,25,6,0,1,0,0.8571428571428571,0.0,0.0,0.0
32,8,56,57,26,3,0,4,0,1.7142857142857142,0.0,0.0,0.0
32,8,72,73,29,1,0,1,0,0.5,0.0,0.0,0.0
32,9,8,9,9,3,2,1,0,0.75,0.6666666666666666,0.0,0.6666666666666666
32,9,16,17,14,1,0,6,0,0.8571428571428571,0.0,0.0,0.0
32,9,24,25,16,1,0,5,0,0.8333333333333334,0.0,0.0,0.0
32,9,24,25,17,2,0,6,0,1.5,0.0,0.0,0.0
32,9,32,33,18,2,0,3,0,1.2,0.0,0.0,0.0
32,9,32,33,19,4,3,3,0,1.7142857142857142,0.75,0.0,0.75
32,9,40,41,18,3,0,1,0,0.75,0.0,0.0,0.0
32,9,40,41,19,2,1,3,0,1.2,0.5,0.0,0.5
32,9,40,41,20,1,0,5,0,0.8333333333333334,0.0,0.0,0.0
32,9,40,41,21,1,0,6,0,0.8571428571428571,0.0,0.0,0.0
32,9,48,49,18,1,0,1,0,0.5,0.0,0.0,0.0
32,9,48,49,19,2,1,1,0,0.6666666666666666,0.5,0.0,0.5
32,9,48,49,20,2,0,2,0,1.0,0.0,0.0,0.0
32,9,48,49,21,4,2,3,0,1.7142857142857142,0.5,0.0,0.5
32,9,56,57,22,2,0,2,0,1.0,0.0,0.0,0.0
32,9,64,65,23,2,0,1,0,0.6666666666666666,0.0,0.0,0.0
32,10,8,9,9,2,2,1,0,0.6666666666666666,1.0,0.0,1.0
32,10,16,17,13,5,5,1,0,0.8333333333333334,1.0,0.0,1.0
32,10,16,17,14,2,0,4,0,1.3333333333333333,0.0,0.0,0.0
32,10,24,25,16,1,0,1,0,0.5,0.0,0.0,0.0
32,10,24,25,17,4,2,1,0,0.8,0.5,0.0,0.5
32,10,24,25,19,3,1,3,0,1.5,0.3333333333333333,0.0,0.3333333333333333
32,10,32,33,18,1,0,1,0,0.5,0.0,0.0,0.0
32,10,32,33,19,3,2,1,0,0.75,0.6666666666666666,0.0,0.6666666666666666
32,10,32,33,20,1,0,2,0,0.6666666666666666,0.0,0.0,0.0
32,10,32,33,21,4,0,2,0,1.3333333333333333,0.0,0.0,0.0
32,10,32,33,23,1,0,6,0,0.8571428571428571,0.0,0.0,0.0
32,10,40,41,20,1,0,1,0,0.5,0.0,0.0,0.0
32,10,40,41,21,4,1,2,0,1.3333333333333333,0.25,0.0,0.25
32,10,40,41,23,2,0,5,0,1.4285714285714286,0.0,0.0,0.0
32,10,40,41,25,1,0,3,0,0.75,0.0,0.0,0.0
32,10,40,41,27,1,0,2,0,0.6666666666666666,0.0,0.0,0.0
32,10,48,49,21,2,1,1,0,0.6666666666666666,0.5,0.0,0.5
32,10,48,49,22,3,0,2,0,1.2,0.0,0.0,0.0
32,10,48,49,23,4,1,3,0,1.7142857142857142,0.25,0.0,0.25
32,10,48,49,25,1,0,3,0,0.75,0.0,0.0,0.0
32,10,48,49,27,1,0,2,0,0.6666666666666666,0.0,0.0,0.0
32,10,48,49,28,1,0,1,0,0.5,0.0,0.0,0.0
32,10,48,49,30,2,0,2,0,1.0,0.0,0.0,0.0
32,10,48,49,31,4,2,2,0,1.3333333333333333,0.5,0.0,0.5
32,10,48,49,32,3,0,3,0,1.5,0.0,0.0,0.0
32,10,48,49,33,4,1,3,0,1.7142857142857142,0.25,0.0,0.25
32,10,48,49,34,1,0,4,0,0.8,0.0,0.0,0.0
32,10,48,49,35,2,0,3,0,1.2,0.0,0.0,0.0
32,10,56,57,24,2,0,2,0,1.0,0.0,0.0,0.0
32,10,56,57,25,2,0,2,0,1.0,0.0,0.0,0.0
32,10,56,57,27,1,0,2,0,0.6666666666666666,0.0,0.0,0.0
32,10,56,57,28,1,0,1,0,0.5,0.0,0.0,0.0
32,10,56,57,32,3,0,2,0,1.2,0.0,0.0,0.0
32,10,56,57,33,3,2,4,0,1.7142857142857142,0.6666666666666666,0.0,0.6666666666666666
32,10,56,57,34,1,0,4,0,0.8,0.0,0.0,0.0
32,10,56,57,35,1,0,3,0,0.75,0.0,0.0,0.0
32,10,64,65,26,2,0,1,0,0.6666666666666666,0.0,0.0,0.0
32,10,64,65,27,1,1,2,0,0.6666666666666666,1.0,0.0,1.0
32,10,64,65,28,1,0,1,0,0.5,0.0,0.0,0.0
32,10,64,65,31,3,1,1,0,0.75,0.3333333333333333,0.0,0.3333333333333333
32,10,64,65,32,2,0,3,0,1.2,0.0,0.0,0.0
32,10,64,65,33,3,2,5,0,1.875,0.6666666666666666,0.0,0.6666666666666666
32,10,64,65,35,2,1,3,0,1.2,0.5,0.0,0.5
32,10,64,65,37,1,0,1,0,0.5,0.0,0.0,0.0
32,10,72,73,31,4,2,1,0,0.8,0.5,0.0,0.5
32,10,72,73,32,1,0,3,0,0.75,0.0,0.0,0.0
32,10,72,73,33,6,2,2,0,1.5,0.3333333333333333,0.0,0.3333333333333333
32,10,72,73,35,2,1,3,0,1.2,0.5,0.0,0.5
32,10,72,73,37,1,0,1,0,0.5,0.0,0.0,0.0
32,10,72,73,40,2,0,1,0,0.6666666666666666,0.0,0.0,0.0
32,10,72,73,41,2,0,2,0,1.0,0.0,0.0,0.0
32,10,72,73,42,2,0,3,0,1.2,0.0,0.0,0.0
32,10,72,73,43,1,0,3,0,0.75,0.0,0.0,0.0
32,10,72,73,44,1,0,3,0,0.75,0.0,0.0,0.0
32,10,80,81,31,2,0,1,0,0.6666666666666666,0.0,0.0,0.0
32,10,80,81,32,2,0,2,0,1.0,0.0,0.0,0.0
32,10,80,81,33,6,3,1,0,0.8571428571428571,0.5,0.0,0.5
32,10,80,81,34,1,0,4,0,0.8,0.0,0.0,0.0
32,10,80,81,35,2,1,3,0,1.2,0.5,0.0,0.5
32,10,80,81,37,1,0,1,0,0.5,0.0,0.0,0.0
32,10,80,81,41,2,1,1,0,0.6666666666666666,0.5,0.0,0.5
32,10,80,81,43,2,1,1,0,0.6666666666666666,0.5,0.0,0.5
32,10,80,81,44,1,0,2,0,0.6666666666666666,0.0,0.0,0.0
32,10,80,81,45,1,0,2,0,0.6666666666666666,0.0,0.0,0.0
32,10,88,89,34,2,0,1,0,0.6666666666666666,0.0,0.0,0.0
32,10,88,89,35,4,1,1,0,0.8,0.25,0.0,0.25
32,10,88,89,36,1,0,3,0,0.75,0.0,0.0,0.0
32,10,96,97,36,3,0,1,0,0.75,0.0,0.0,0.0
32,11,24,25,18,1,0,1,0,0.5,0.0,0.0,0.0
32,11,32,33,23,3,2,2,0,1.2,0.6666666666666666,0.0,0.6666666666666666
32,11,40,41,23,2,0,1,0,0.6666666666666666,0.0,0.0,0.0
32,11,40,41,24,1,0,2,0,0.6666666666666666,0.0,0.0,0.0
32,11,40,41,25,4,0,1,0,0.8,0.0,0.0,0.0
32,11,40,41,26,1,0,4,0,0.8,0.0,0.0,0.0
32,11,48,49,24,1,0,2,0,0.6666666666666666,0.0,0.0,0.0
32,11,48,49,25,4,0,1,0,0.8,0.0,0.0,0.0
32,11,48,49,26,2,0,3,0,1.2,0.0,0.0,0.0
32,11,48,49,29,3,0,2,0,1.2,0.0,0.0,0.0
32,11,56,57,24,2,0,1,0,0.6666666666666666,0.0,0.0,0.0
32,11,56,57,25,4,2,1,0,0.8,0.5,0.0,0.5
32,11,56,57,26,2,0,3,0,1.2,0.0,0.0,0.0
32,11,56,57,29,1,0,2,0,0.6666666666666666,0.0,0.0,0.0
32,11,56,57,30,2,0,1,0,0.6666666666666666,0.0,0.0,0.0
32,11,56,57,31,3,1,1,0,0.75,0.3333333333333333,0.0,0.3333333333333333
32,11,56,57,32,2,0,2,0,1.0,0.0,0.0,0.0
32,11,56,57,33,3,1,2,0,1.2,0.3333333333333333,0.0,0.3333333333333333
32,11,56,57,34,2,0,2,0,1.0,0.0,0.0,0.0
32,11,56,57,35,3,1,2,0,1.2,0.3333333333333333,0.0,0.3333333333333333
32,11,56,57,36,2,0,2,0,1.0,0.0,0.0,0.0
32,11,56,57,37,2,1,2,0,1.0,0.5,0.0,0.5
32,11,64,65,27,3,0,1,0,0.75,0.0,0.0,0.0
32,11,64,65,29,1,0,2,0,0.6666666666666666,0.0,0.0,0.0
32,11,64,65,30,1,0,1,0,0.5,0.0,0.0,0.0
32,11,64,65,32,1,0,1,0,0.5,0.0,0.0,0.0
32,11,64,65,34,1,0,1,0,0.5,0.0,0.0,0.0
32,11,72,73,28,2,0,1,0,0.6666666666666666,0.0,0.0,0.0
32,11,72,73,29,1,1,2,0,0.6666666666666666,1.0,0.0,1.0
32,11,72,73,30,1,0,1,0,0.5,0.0,0.0,0.0
32,12,16,17,13,5,5,2,0,1.4285714285714286,1.0,0.0,1.0
32,12,16,17,14,1,0,6,0,0.8571428571428571,0.0,0.0,0.0
32,12,24,25,17,2,0,1,0,0.6666666666666666,0.0,0.0,0.0
32,12,24,25,19,1,0,1,0,0.5,0.0,0.0,0.0
32,12,32,33,19,1,0,1,0,0.5,0.0,0.0,0.0
32,12,32,33,21,4,2,1,0,0.8,0.5,0.0,0.5
32,12,32,33,23,1,1,6,0,0.8571428571428571,1.0,0.0,1.0
32,12,40,41,21,3,2,1,0,0.75,0.6666666666666666,0.0,0.6666666666666666
32,12,40,41,23,2,1,5,0,1.4285714285714286,0.5,0.0,0.5
32,12,40,41,24,1,0,4,0,0.8,0.0,0.0,0.0
32,12,48,49,22,1,0,2,0,0.6666666666666666,0.0,0.0,0.0
32,12,48,49,23,3,0,3,0,1.5,0.0,0.0,0.0
32,12,48,49,24,1,0,4,0,0.8,0.0,0.0,0.0
32,12,56,57,23,2,0,1,0,0.6666666666666666,0.0,0.0,0.0
32,12,56,57,24,2,0,1,0,0.6666666666666666,0.0,0.0,0.0
32,12,56,57,25,2,0,1,0,0.6666666666666666,0.0,0.0,0.0
32,13,8,9,9,11,10,1,0,0.9166666666666666,0.9090909090909091,0.0,0.9090909090909091
32,13,16,17,13,6,5,3,0,2.0,0.8333333333333334,0.0,0.8333333333333334
32,13,16,17,14,7,0,8,0,3.7333333333333334,0.0,0.0,0.0
32,13,16,17,15,1,0,15,0,0.9375,0.0,0.0,0.0
32,13,24,25,15,9,7,2,0,1.6363636363636365,0.7777777777777778,0.0,0.7777777777777778
32,13,24,25,17,4,3,8,0,2.6666666666666665,0.75,0.0,0.75
32,13,32,33,16,1,0,1,0,0.5,0.0,0.0,0.0
32,13,32,33,17,3,2,2,0,1.2,0.6666666666666666,0.0,0.6666666666666666
32,13,32,33,18,3,0,3,0,1.5,0.0,0.0,0.0
32,13,32,33,19,1,0,5,1,0.8333333333333334,0.0,0.2,-0.2
32,13,32,33,20,1,0,6,0,0.8571428571428571,0.0,0.0,0.0
32,13,32,33,21,1,1,7,0,0.875,1.0,0.0,1.0
32,13,40,41,17,2,1,1,0,0.6666666666666666,0.5,0.0,0.5
32,13,40,41,18,1,0,2,0,0.6666666666666666,0.0,0.0,0.0
32,13,40,41,19,4,1,1,0,0.8,0.25,0.0,0.25
32,13,40,41,20,1,0,5,0,0.8333333333333334,0.0,0.0,0.0
32,13,40,41,21,2,2,6,0,1.5,1.0,0.0,1.0
32,13,40,41,23,4,2,4,1,2.0,0.5,0.25,0.25
32,13,48,49,18,1,0,1,0,0.5,0.0,0.0,0.0
32,13,48,49,20,2,0,2,0,1.0,0.0,0.0,0.0
32,13,48,49,21,3,1,3,0,1.5,0.3333333333333333,0.0,0.3333333333333333
32,13,48,49,23,2,2,2,0,1.0,1.0,0.0,1.0
32,13,48,49,25,3,1,1,0,0.75,0.3333333333333333,0.0,0.3333333333333333
32,13,48,49,27,1,0,4,0,0.8,0.0,0.0,0.0
32,13,48,49,28,2,0,3,0,1.2,0.0,0.0,0.0
32,13,56,57,25,4,2,1,0,0.8,0.5,0.0,0.5
32,13,56,57,30,2,0,1,0,0.6666666666666666,0.0,0.0,0.0
32,13,56,57,31,2,0,1,0,0.6666666666666666,0.0,0.0,0.0
32,13,64,65,26,2,0,3,0,1.2,0.0,0.0,0.0
32,13,64,65,30,2,0,1,0,0.6666666666666666,0.0,0.0,0.0
32,13,64,65,31,2,0,1,0,0.6666666666666666,0.0,0.0,0.0
32,13,72,73,28,2,0,3,0,1.2,0.0,0.0,0.0
32,13,72,73,30,2,0,1,0,0.6666666666666666,0.0,0.0,0.0
32,13,72,73,31,2,0,1,0,0.6666666666666666,0.0,0.0,0.0
32,13,72,73,37,2,0,1,0,0.6666666666666666,0.0,0.0,0.0
32,13,72,73,38,2,0,1,0,0.6666666666666666,0.0,0.0,0.0
32,13,72,73,39,2,0,2,0,1.0,0.0,0.0,0.0
32,13,72,73,40,2,0,3,0,1.2,0.0,0.0,0.0
32,13,72,73,41,2,0,4,0,1.3333333333333333,0.0,0.0,0.0
32,13,72,73,42,1,0,5,0,0.8333333333333334,0.0,0.0,0.0
32,13,72,73,43,1,0,6,0,0.8571428571428571,0.0,0.0,0.0
32,13,80,81,29,2,0,1,0,0.6666666666666666,0.0,0.0,0.0
32,13,80,81,30,2,0,1,0,0.6666666666666666,0.0,0.0,0.0
32,13,80,81,31,2,0,1,0,0.6666666666666666,0.0,0.0,0.0
32,13,80,81,33,3,0,1,0,0.75,0.0,0.0,0.0
32,13,80,81,38,1,0,1,0,0.5,0.0,0.0,0.0
32,13,80,81,39,1,0,2,0,0.6666666666666666,0.0,0.0,0.0
32,13,80,81,40,1,0,3,0,0.75,0.0,0.0,0.0
32,13,88,89,30,2,0,1,0,0.6666666666666666,0.0,0.0,0.0
32,13,88,89,39,1,0,2,0,0.6666666666666666,0.0,0.0,0.0
32,13,88,89,40,1,0,3,0,0.75,0.0,0.0,0.0
32,13,112,113,40,2,0,1,0,0.6666666666666666,0.0,0.0,0.0
32,13,120,121,41,2,1,1,0,0.6666666666666666,0.5,0.0,0.5
32,13,120,121,42,1,0,3,0,0.75,0.0,0.0,0.0
32,13,120,121,43,1,0,4,0,0.8,0.0,0.0,0.0
32,13,120,121,44,1,0,5,0,0.8333333333333334,0.0,0.0,0.0
32,13,120,121,45,2,0,6,0,1.5,0.0,0.0,0.0
32,13,128,129,42,1,0,2,0,0.6666666666666666,0.0,0.0,0.0
32,13,128,129,43,1,0,3,0,0.75,0.0,0.0,0.0
32,13,128,129,44,1,0,4,0,0.8,0.0,0.0,0.0
32,13,128,129,45,1,0,5,0,0.8333333333333334,0.0,0.0,0.0
32,13,128,129,46,2,1,5,0,1.4285714285714286,0.5,0.0,0.5
32,13,136,137,42,1,0,1,0,0.5,0.0,0.0,0.0
32,13,136,137,43,2,1,2,0,1.0,0.5,0.0,0.5
32,13,136,137,44,1,0,4,0,0.8,0.0,0.0,0.0
32,13,136,137,45,1,0,5,0,0.8333333333333334,0.0,0.0,0.0
32,13,136,137,46,1,0,5,0,0.8333333333333334,0.0,0.0,0.0
32,13,136,137,47,1,0,5,0,0.8333333333333334,0.0,0.0,0.0
32,13,144,145,42,1,0,1,0,0.5,0.0,0.0,0.0
32,13,144,145,43,1,0,2,0,0.6666666666666666,0.0,0.0,0.0
32,13,144,145,44,1,0,3,0,0.75,0.0,0.0,0.0
32,13,144,145,45,2,1,4,0,1.3333333333333333,0.5,0.0,0.5
32,13,144,145,47,1,0,4,0,0.8,0.0,0.0,0.0
32,13,144,145,48,1,0,4,0,0.8,0.0,0.0,0.0
32,13,152,153,42,1,0,1,0,0.5,0.0,0.0,0.0
32,13,152,153,43,1,0,2,0,0.6666666666666666,0.0,0.0,0.0
32,13,152,153,44,1,0,3,0,0.75,0.0,0.0,0.0
32,13,152,153,45,1,0,4,0,0.8,0.0,0.0,0.0
32,13,152,153,46,1,0,4,0,0.8,0.0,0.0,0.0
32,13,152,153,47,1,0,4,0,0.8,0.0,0.0,0.0
32,13,152,153,48,1,0,4,0,0.8,0.0,0.0,0.0
32,13,160,161,42,1,0,1,0,0.5,0.0,0.0,0.0
32,13,160,161,43,1,0,2,0,0.6666666666666666,0.0,0.0,0.0
32,13,160,161,44,1,0,3,0,0.75,0.0,0.0,0.0
32,13,160,161,45,1,0,4,0,0.8,0.0,0.0,0.0
32,13,160,161,46,1,0,4,0,0.8,0.0,0.0,0.0
32,13,160,161,47,1,0,4,0,0.8,0.0,0.0,0.0
32,13,160,161,48,1,0,4,0,0.8,0.0,0.0,0.0
32,13,168,169,42,1,0,1,0,0.5,0.0,0.0,0.0
32,13,168,169,43,1,0,2,0,0.6666666666666666,0.0,0.0,0.0
32,13,168,169,44,1,0,3,0,0.75,0.0,0.0,0.0
32,13,168,169,45,1,0,4,0,0.8,0.0,0.0,0.0
32,13,168,169,46,1,0,4,0,0.8,0.0,0.0,0.0
32,13,168,169,47,1,0,4,0,0.8,0.0,0.0,0.0
32,13,168,169,48,1,0,4,0,0.8,0.0,0.0,0.0
32,13,176,177,42,1,0,1,0,0.5,0.0,0.0,0.0
32,13,176,177,43,1,0,2,0,0.6666666666666666,0.0,0.0,0.0
32,13,176,177,44,1,0,3,0,0.75,0.0,0.0,0.0
32,13,176,177,45,1,0,4,0,0.8,0.0,0.0,0.0
32,13,176,177,46,1,0,4,0,0.8,0.0,0.0,0.0
32,13,176,177,47,1,0,4,0,0.8,0.0,0.0,0.0
32,13,176,177,49,1,0,3,0,0.75,0.0,0.0,0.0
32,13,184,185,43,1,0,1,0,0.5,0.0,0.0,0.0
32,13,184,185,44,1,0,2,0,0.6666666666666666,0.0,0.0,0.0
32,13,184,185,45,2,1,3,0,1.2,0.5,0.0,0.5
32,13,184,185,46,1,0,4,0,0.8,0.0,0.0,0.0
32,13,184,185,47,1,0,4,0,0.8,0.0,0.0,0.0
32,13,184,185,49,1,0,3,0,0.75,0.0,0.0,0.0
32,13,192,193,43,1,0,1,0,0.5,0.0,0.0,0.0
32,13,192,193,44,1,0,2,0,0.6666666666666666,0.0,0.0,0.0
32,13,192,193,45,1,0,3,0,0.75,0.0,0.0,0.0
32,13,192,193,46,1,0,3,0,0.75,0.0,0.0,0.0
32,13,192,193,47,1,0,3,0,0.75,0.0,0.0,0.0
32,13,192,193,48,1,0,3,0,0.75,0.0,0.0,0.0
32,13,192,193,49,1,0,3,0,0.75,0.0,0.0,0.0
32,13,200,201,44,1,0,1,0,0.5,0.0,0.0,0.0
32,13,200,201,45,1,1,2,0,0.6666666666666666,1.0,0.0,1.0
32,13,200,201,46,1,0,2,0,0.6666666666666666,0.0,0.0,0.0
32,13,200,201,47,1,1,2,0,0.6666666666666666,1.0,0.0,1.0
32,13,200,201,48,1,0,2,0,0.6666666666666666,0.0,0.0,0.0
32,13,200,201,49,2,0,2,0,1.0,0.0,0.0,0.0
32,14,16,17,13,9,5,2,0,1.6363636363636365,0.5555555555555556,0.0,0.5555555555555556
32,14,16,17,14,1,0,11,0,0.9166666666666666,0.0,0.0,0.0
32,14,24,25,16,2,0,5,0,1.4285714285714286,0.0,0.0,0.0
32,14,32,33,16,2,0,1,0,0.6666666666666666,0.0,0.0,0.0
32,14,32,33,17,3,2,2,0,1.2,0.6666666666666666,0.0,0.6666666666666666
32,14,40,41,18,2,0,2,0,1.0,0.0,0.0,0.0
32,14,40,41,19,2,0,3,0,1.2,0.0,0.0,0.0
32,14,40,41,20,1,0,6,0,0.8571428571428571,0.0,0.0,0.0
32,14,48,49,19,2,1,2,0,1.0,0.5,0.0,0.5
32,14,48,49,20,3,0,4,0,1.7142857142857142,0.0,0.0,0.0
32,14,48,49,21,1,0,5,0,0.8333333333333334,0.0,0.0,0.0
32,14,48,49,22,3,0,4,0,1.7142857142857142,0.0,0.0,0.0
32,14,48,49,23,3,2,5,0,1.875,0.6666666666666666,0.0,0.6666666666666666
32,14,48,49,24,2,0,6,0,1.5,0.0,0.0,0.0
32,14,56,57,20,1,0,2,0,0.6666666666666666,0.0,0.0,0.0
32,14,56,57,21,5,2,1,0,0.8333333333333334,0.4,0.0,0.4
32,14,56,57,23,3,1,4,0,1.7142857142857142,0.3333333333333333,0.0,0.3333333333333333
32,14,56,57,24,2,0,5,0,1.4285714285714286,0.0,0.0,0.0
32,14,56,57,25,3,1,2,0,1.2,0.3333333333333333,0.0,0.3333333333333333
32,14,64,65,22,2,0,1,0,0.6666666666666666,0.0,0.0,0.0
32,14,64,65,23,5,1,2,0,1.4285714285714286,0.2,0.0,0.2
32,14,64,65,24,2,0,5,0,1.4285714285714286,0.0,0.0,0.0
32,14,64,65,25,1,1,4,0,0.8,1.0,0.0,1.0
32,14,72,73,24,4,0,3,0,1.7142857142857142,0.0,0.0,0.0
32,14,72,73,25,1,1,4,0,0.8,1.0,0.0,1.0
32,14,80,81,25,4,1,1,0,0.8,0.25,0.0,0.25
32,15,8,9,9,4,4,7,0,2.5454545454545454,1.0,0.0,1.0
32,16,8,9,9,6,3,1,0,0.8571428571428571,0.5,0.0,0.5
32,16,16,17,13,9,7,1,0,0.9,0.7777777777777778,0.0,0.7777777777777778
32,16,16,17,14,1,0,12,0,0.9230769230769231,0.0,0.0,0.0
32,16,16,17,15,1,0,13,0,0.9285714285714286,0.0,0.0,0.0
32,16,24,25,16,3,0,2,0,1.2,0.0,0.0,0.0
32,16,24,25,17,10,4,3,1,2.3076923076923075,0.4,0.3333333333333333,0.06666666666666671
32,16,32,33,18,5,0,1,0,0.8333333333333334,0.0,0.0,0.0
32,16,32,33,19,4,0,4,0,2.0,0.0,0.0,0.0
32,16,32,33,20,2,0,7,0,1.5555555555555556,0.0,0.0,0.0
32,16,32,33,21,3,1,8,0,2.1818181818181817,0.3333333333333333,0.0,0.3333333333333333
32,16,40,41,20,3,0,4,0,1.7142857142857142,0.0,0.0,0.0
32,16,40,41,21,6,1,4,0,2.4,0.16666666666666666,0.0,0.16666666666666666
32,16,40,41,22,1,0,9,0,0.9,0.0,0.0,0.0
32,16,40,41,23,2,1,10,0,1.6666666666666667,0.5,0.0,0.5
32,16,48,49,21,6,3,1,0,0.8571428571428571,0.5,0.0,0.5
32,16,48,49,22,2,0,5,0,1.4285714285714286,0.0,0.0,0.0
32,16,48,49,23,5,1,6,0,2.727272727272727,0.2,0.0,0.2
32,16,48,49,24,1,0,11,0,0.9166666666666666,0.0,0.0,0.0
32,16,48,49,25,2,0,10,0,1.6666666666666667,0.0,0.0,0.0
32,16,56,57,22,2,0,3,0,1.2,0.0,0.0,0.0
32,16,56,57,23,5,2,4,0,2.2222222222222223,0.4,0.0,0.4
32,16,56,57,24,2,0,8,0,1.6,0.0,0.0,0.0
32,16,56,57,25,5,0,7,0,2.9166666666666665,0.0,0.0,0.0
32,16,64,65,22,3,0,1,0,0.75,0.0,0.0,0.0
32,16,64,65,23,2,1,3,0,1.2,0.5,0.0,0.5
32,16,64,65,24,4,0,4,0,2.0,0.0,0.0,0.0
32,16,64,65,25,6,3,5,0,2.727272727272727,0.5,0.0,0.5
32,16,64,65,26,2,0,8,0,1.6,0.0,0.0,0.0
32,16,72,73,23,3,1,1,0,0.75,0.3333333333333333,0.0,0.3333333333333333
32,16,72,73,24,1,0,4,0,0.8,0.0,0.0,0.0
32,16,72,73,25,2,1,4,0,1.3333333333333333,0.5,0.0,0.5
32,16,72,73,26,1,0,4,0,0.8,0.0,0.0,0.0
32,16,72,73,27,5,1,3,0,1.875,0.2,0.0,0.2
32,16,80,81,23,1,0,1,0,0.5,0.0,0.0,0.0
32,16,80,81,24,1,0,2,0,0.6666666666666666,0.0,0.0,0.0
32,16,80,81,25,3,1,2,0,1.2,0.3333333333333333,0.0,0.3333333333333333
32,16,80,81,26,1,0,3,0,0.75,0.0,0.0,0.0
32,16,80,81,27,2,1,3,0,1.2,0.5,0.0,0.5
32,16,80,81,28,1,0,4,0,0.8,0.0,0.0,0.0
32,16,80,81,29,1,0,3,0,0.75,0.0,0.0,0.0
32,16,88,89,24,1,0,1,0,0.5,0.0,0.0,0.0
32,16,88,89,25,3,1,1,0,0.75,0.3333333333333333,0.0,0.3333333333333333
32,16,88,89,26,1,0,2,0,0.6666666666666666,0.0,0.0,0.0
32,16,88,89,27,1,0,2,0,0.6666666666666666,0.0,0.0,0.0
32,16,88,89,28,2,0,2,0,1.0,0.0,0.0,0.0
32,16,88,89,29,1,0,3,0,0.75,0.0,0.0,0.0
32,16,96,97,28,1,0,1,0,0.5,0.0,0.0,0.0
32,16,96,97,29,2,0,1,0,0.6666666666666666,0.0,0.0,0.0
32,17,8,9,8,2,0,1,0,0.6666666666666666,0.0,0.0,0.0
32,17,8,9,9,9,6,2,0,1.6363636363636365,0.6666666666666666,0.0,0.6666666666666666
32,17,16,17,12,1,0,1,0,0.5,0.0,0.0,0.0
32,17,16,17,14,1,0,12,0,0.9230769230769231,0.0,0.0,0.0
32,17,24,25,16,3,0,6,0,2.0,0.0,0.0,0.0
32,17,24,25,17,2,1,8,0,1.6,0.5,0.0,0.5
32,17,32,33,18,1,0,5,0,0.8333333333333334,0.0,0.0,0.0
32,17,32,33,19,4,1,5,0,2.2222222222222223,0.25,0.0,0.25
32,17,40,41,18,1,0,3,0,0.75,0.0,0.0,0.0
32,17,40,41,19,5,2,3,0,1.875,0.4,0.0,0.4
32,17,40,41,21,1,0,3,0,0.75,0.0,0.0,0.0
32,17,40,41,22,1,0,3,0,0.75,0.0,0.0,0.0
32,17,48,49,18,1,0,1,0,0.5,0.0,0.0,0.0
32,17,48,49,19,1,0,2,0,0.6666666666666666,0.0,0.0,0.0
32,17,48,49,20,2,0,2,0,1.0,0.0,0.0,0.0
32,17,48,49,21,1,0,3,0,0.75,0.0,0.0,0.0
32,17,48,49,22,1,0,3,0,0.75,0.0,0.0,0.0
32,17,48,49,23,1,0,3,0,0.75,0.0,0.0,0.0
32,17,48,49,25,1,1,4,0,0.8,1.0,0.0,1.0
32,17,56,57,19,1,0,1,0,0.5,0.0,0.0,0.0
32,17,56,57,20,1,0,1,0,0.5,0.0,0.0,0.0
32,17,56,57,21,2,0,1,0,0.6666666666666666,0.0,0.0,0.0
32,17,56,57,22,2,0,2,0,1.0,0.0,0.0,0.0
32,17,56,57,23,1,0,2,0,0.6666666666666666,0.0,0.0,0.0
32,17,56,57,24,1,0,1,0,0.5,0.0,0.0,0.0
32,17,56,57,26,1,0,2,0,0.6666666666666666,0.0,0.0,0.0
32,17,56,57,27,3,1,1,0,0.75,0.3333333333333333,0.0,0.3333333333333333
32,17,56,57,28,2,0,2,0,1.0,0.0,0.0,0.0
32,17,56,57,29,1,0,2,0,0.6666666666666666,0.0,0.0,0.0
32,17,56,57,30,1,0,2,0,0.6666666666666666,0.0,0.0,0.0
32,17,64,65,22,2,0,1,0,0.6666666666666666,0.0,0.0,0.0
32,17,64,65,23,2,0,1,0,0.6666666666666666,0.0,0.0,0.0
32,17,64,65,24,1,0,1,0,0.5,0.0,0.0,0.0
32,17,64,65,28,2,0,1,0,0.6666666666666666,0.0,0.0,0.0
32,17,64,65,29,2,1,1,0,0.6666666666666666,0.5,0.0,0.5
32,17,64,65,30,1,0,1,0,0.5,0.0,0.0,0.0
32,17,72,73,24,1,0,1,0,0.5,0.0,0.0,0.0
32,17,72,73,28,2,0,1,0,0.6666666666666666,0.0,0.0,0.0
32,17,72,73,29,2,1,1,0,0.6666666666666666,0.5,0.0,0.5
32,17,80,81,26,2,0,1,0,0.6666666666666666,0.0,0.0,0.0
32,17,80,81,27,2,0,1,0,0.6666666666666666,0.0,0.0,0.0
32,17,80,81,28,2,0,1,0,0.6666666666666666,0.0,0.0,0.0
32,17,80,81,29,2,1,1,0,0.6666666666666666,0.5,0.0,0.5
32,17,88,89,26,2,0,1,0,0.6666666666666666,0.0,0.0,0.0
32,17,88,89,27,2,0,1,0,0.6666666666666666,0.0,0.0,0.0
32,17,88,89,28,2,0,1,0,0.6666666666666666,0.0,0.0,0.0
32,17,88,89,29,2,1,1,0,0.6666666666666666,0.5,0.0,0.5
32,17,88,89,31,1,0,1,0,0.5,0.0,0.0,0.0
32,17,96,97,28,2,0,1,0,0.6666666666666666,0.0,0.0,0.0
32,17,96,97,29,1,0,1,0,0.5,0.0,0.0,0.0
32,17,96,97,30,1,0,1,0,0.5,0.0,0.0,0.0
32,17,96,97,31,1,0,1,0,0.5,0.0,0.0,0.0
32,18,16,17,14,2,0,11,0,1.6923076923076923,0.0,0.0,0.0
32,18,24,25,16,3,0,3,0,1.5,0.0,0.0,0.0
32,18,24,25,17,2,1,2,1,1.0,0.5,0.5,0.0
32,19,8,9,9,5,3,1,0,0.8333333333333334,0.6,0.0,0.6
32,19,16,17,14,1,0,2,0,0.6666666666666666,0.0,0.0,0.0
32,20,16,17,12,1,0,3,0,0.75,0.0,0.0,0.0
32,20,16,17,13,4,4,5,0,2.2222222222222223,1.0,0.0,1.0
32,20,16,17,14,2,0,9,0,1.6363636363636365,0.0,0.0,0.0
32,20,24,25,13,3,2,1,0,0.75,0.6666666666666666,0.0,0.6666666666666666
32,20,24,25,15,1,1,5,0,0.8333333333333334,1.0,0.0,1.0
32,20,24,25,17,4,2,5,0,2.2222222222222223,0.5,0.0,0.5
32,20,24,25,19,1,0,9,0,0.9,0.0,0.0,0.0
32,20,32,33,14,1,0,1,0,0.5,0.0,0.0,0.0
32,20,32,33,15,2,0,2,0,1.0,0.0,0.0,0.0
32,20,32,33,16,1,0,4,0,0.8,0.0,0.0,0.0
32,20,32,33,17,1,1,5,1,0.8333333333333334,1.0,0.2,0.8
32,20,32,33,18,2,0,5,0,1.4285714285714286,0.0,0.0,0.0
32,20,32,33,19,1,0,8,0,0.8888888888888888,0.0,0.0,0.0
32,20,32,33,21,5,4,11,0,3.4375,0.8,0.0,0.8
32,20,32,33,23,1,1,16,0,0.9411764705882353,1.0,0.0,1.0
32,20,40,41,15,1,0,2,0,0.6666666666666666,0.0,0.0,0.0
32,20,40,41,16,1,0,3,0,0.75,0.0,0.0,0.0
32,20,40,41,17,2,0,2,0,1.0,0.0,0.0,0.0
32,20,40,41,18,1,0,3,0,0.75,0.0,0.0,0.0
32,20,40,41,19,4,1,5,1,2.2222222222222223,0.25,0.2,0.04999999999999999
32,20,40,41,21,2,2,11,0,1.6923076923076923,1.0,0.0,1.0
32,20,40,41,22,3,0,12,0,2.4,0.0,0.0,0.0
32,20,40,41,23,2,1,15,0,1.7647058823529411,0.5,0.0,0.5
32,20,48,49,15,1,0,1,0,0.5,0.0,0.0,0.0
32,20,48,49,16,2,0,2,0,1.0,0.0,0.0,0.0
32,20,48,49,17,2,0,2,0,1.0,0.0,0.0,0.0
32,20,48,49,18,1,0,3,0,0.75,0.0,0.0,0.0
32,20,48,49,19,3,1,2,0,1.2,0.3333333333333333,0.0,0.3333333333333333
32,20,48,49,20,1,0,4,0,0.8,0.0,0.0,0.0
32,20,48,49,21,3,1,5,0,1.875,0.3333333333333333,0.0,0.3333333333333333
32,20,48,49,23,11,6,5,0,3.4375,0.5454545454545454,0.0,0.5454545454545454
32,20,48,49,24,1,0,14,0,0.9333333333333333,0.0,0.0,0.0
32,20,48,49,25,4,1,13,0,3.0588235294117645,0.25,0.0,0.25
32,20,48,49,27,2,0,11,0,1.6923076923076923,0.0,0.0,0.0
32,20,56,57,18,2,0,2,0,1.0,0.0,0.0,0.0
32,20,56,57,19,3,0,2,0,1.2,0.0,0.0,0.0
32,20,56,57,20,1,0,4,0,0.8,0.0,0.0,0.0
32,20,56,57,21,2,1,5,0,1.4285714285714286,0.5,0.0,0.5
32,20,56,57,23,3,1,5,0,1.875,0.3333333333333333,0.0,0.3333333333333333
32,20,56,57,24,4,0,6,0,2.4,0.0,0.0,0.0
32,20,56,57,25,7,3,9,0,3.9375,0.42857142857142855,0.0,0.42857142857142855
32,20,56,57,26,2,0,12,0,1.7142857142857142,0.0,0.0,0.0
32,20,56,57,27,2,0,10,0,1.6666666666666667,0.0,0.0,0.0
32,20,64,65,20,1,0,4,0,0.8,0.0,0.0,0.0
32,20,64,65,21,1,0,5,0,0.8333333333333334,0.0,0.0,0.0
32,20,64,65,23,3,2,5,0,1.875,0.6666666666666666,0.0,0.6666666666666666
32,20,64,65,24,2,0,6,0,1.5,0.0,0.0,0.0
32,20,64,65,25,5,2,6,0,2.727272727272727,0.4,0.0,0.4
32,20,64,65,26,2,0,9,0,1.6363636363636365,0.0,0.0,0.0
32,20,64,65,27,3,0,8,0,2.1818181818181817,0.0,0.0,0.0
32,20,64,65,28,2,0,10,0,1.6666666666666667,0.0,0.0,0.0
32,20,64,65,29,3,1,11,0,2.357142857142857,0.3333333333333333,0.0,0.3333333333333333
32,20,72,73,20,2,0,1,0,0.6666666666666666,0.0,0.0,0.0
32,20,72,73,21,4,2,1,0,0.8,0.5,0.0,0.5
32,20,72,73,23,5,2,2,0,1.4285714285714286,0.4,0.0,0.4
32,20,72,73,24,3,0,5,0,1.875,0.0,0.0,0.0
32,20,72,73,25,2,1,7,0,1.5555555555555556,0.5,0.0,0.5
32,20,72,73,26,5,1,4,0,2.2222222222222223,0.2,0.0,0.2
32,20,72,73,27,4,1,3,0,1.7142857142857142,0.25,0.0,0.25
32,20,72,73,28,4,1,3,0,1.7142857142857142,0.25,0.0,0.25
32,20,72,73,29,6,1,4,0,2.4,0.16666666666666666,0.0,0.16666666666666666
32,20,72,73,30,5,0,4,0,2.2222222222222223,0.0,0.0,0.0
32,20,72,73,31,6,1,4,0,2.4,0.16666666666666666,0.0,0.16666666666666666
32,20,72,73,32,5,1,4,0,2.2222222222222223,0.2,0.0,0.2
32,20,72,73,33,5,1,4,0,2.2222222222222223,0.2,0.0,0.2
32,20,72,73,34,2,0,4,0,1.3333333333333333,0.0,0.0,0.0
32,20,72,73,35,2,0,3,0,1.2,0.0,0.0,0.0
32,20,80,81,21,1,1,1,0,0.5,1.0,0.0,1.0
32,20,80,81,22,2,0,1,0,0.6666666666666666,0.0,0.0,0.0
32,20,80,81,24,4,0,1,0,0.8,0.0,0.0,0.0
32,20,80,81,25,7,4,2,0,1.5555555555555556,0.5714285714285714,0.0,0.5714285714285714
32,20,80,81,26,1,0,4,0,0.8,0.0,0.0,0.0
32,20,80,81,27,3,1,2,0,1.2,0.3333333333333333,0.0,0.3333333333333333
32,20,80,81,28,2,0,2,0,1.0,0.0,0.0,0.0
32,20,80,81,29,5,1,1,0,0.8333333333333334,0.2,0.0,0.2
32,20,80,81,30,3,0,2,0,1.2,0.0,0.0,0.0
32,20,80,81,31,5,3,1,0,0.8333333333333334,0.6,0.0,0.6
32,20,80,81,32,2,0,2,0,1.0,0.0,0.0,0.0
32,20,80,81,33,3,1,1,0,0.75,0.3333333333333333,0.0,0.3333333333333333
32,20,80,81,34,2,0,2,0,1.0,0.0,0.0,0.0
32,20,80,81,35,2,1,2,0,1.0,0.5,0.0,0.5
32,20,88,89,26,1,0,1,0,0.5,0.0,0.0,0.0
32,20,88,89,28,2,0,1,0,0.6666666666666666,0.0,0.0,0.0
32,21,8,9,9,8,5,2,0,1.6,0.625,0.0,0.625
32,21,16,17,12,1,0,1,0,0.5,0.0,0.0,0.0
32,21,16,17,13,14,12,1,0,0.9333333333333333,0.8571428571428571,0.0,0.8571428571428571
32,21,16,17,14,1,0,16,0,0.9411764705882353,0.0,0.0,0.0
32,21,24,25,16,2,0,3,0,1.2,0.0,0.0,0.0
32,21,24,25,17,4,1,5,0,2.2222222222222223,0.25,0.0,0.25
32,21,24,25,18,2,0,8,0,1.6,0.0,0.0,0.0
32,21,24,25,19,1,1,9,0,0.9,1.0,0.0,1.0
32,21,32,33,17,6,4,1,0,0.8571428571428571,0.6666666666666666,0.0,0.6666666666666666
32,21,32,33,18,1,0,6,0,0.8571428571428571,0.0,0.0,0.0
32,21,32,33,19,1,0,6,0,0.8571428571428571,0.0,0.0,0.0
32,21,32,33,20,2,0,6,0,1.5,0.0,0.0,0.0
32,21,32,33,21,3,2,6,0,2.0,0.6666666666666666,0.0,0.6666666666666666
32,21,40,41,18,2,0,2,0,1.0,0.0,0.0,0.0
32,21,40,41,19,5,1,2,0,1.4285714285714286,0.2,0.0,0.2
32,21,40,41,20,1,0,6,0,0.8571428571428571,0.0,0.0,0.0
32,21,40,41,22,2,0,3,0,1.2,0.0,0.0,0.0
32,21,40,41,23,2,1,3,0,1.2,0.5,0.0,0.5
32,21,40,41,24,2,0,4,0,1.3333333333333333,0.0,0.0,0.0
32,21,40,41,25,2,0,6,0,1.5,0.0,0.0,0.0
32,21,48,49,20,4,0,2,0,1.3333333333333333,0.0,0.0,0.0
32,21,48,49,21,1,0,4,0,0.8,0.0,0.0,0.0
32,21,48,49,22,2,0,3,0,1.2,0.0,0.0,0.0
32,21,48,49,23,2,1,3,0,1.2,0.5,0.0,0.5
32,21,48,49,24,2,0,4,0,1.3333333333333333,0.0,0.0,0.0
32,21,48,49,25,2,0,6,0,1.5,0.0,0.0,0.0
32,21,56,57,22,2,0,2,0,1.0,0.0,0.0,0.0
32,21,56,57,23,2,0,2,0,1.0,0.0,0.0,0.0
32,21,56,57,24,1,0,3,0,0.75,0.0,0.0,0.0
32,21,56,57,25,4,1,4,0,2.0,0.25,0.0,0.25
32,21,56,57,36,1,0,1,0,0.5,0.0,0.0,0.0
32,21,56,57,37,4,1,1,0,0.8,0.25,0.0,0.25
32,21,56,57,39,3,2,7,0,2.1,0.6666666666666666,0.0,0.6666666666666666
32,21,64,65,23,1,0,1,0,0.5,0.0,0.0,0.0
32,21,64,65,24,2,0,1,0,0.6666666666666666,0.0,0.0,0.0
32,21,64,65,25,2,1,3,0,1.2,0.5,0.0,0.5
32,21,64,65,26,2,0,4,0,1.3333333333333333,0.0,0.0,0.0
32,21,64,65,27,3,0,4,0,1.7142857142857142,0.0,0.0,0.0
32,21,64,65,38,2,0,2,0,1.0,0.0,0.0,0.0
32,21,64,65,39,2,0,5,0,1.4285714285714286,0.0,0.0,0.0
32,21,64,65,40,2,0,7,0,1.5555555555555556,0.0,0.0,0.0
32,21,64,65,41,1,0,9,0,0.9,0.0,0.0,0.0
32,21,64,65,42,1,0,10,0,0.9090909090909091,0.0,0.0,0.0
32,21,64,65,43,1,0,11,0,0.9166666666666666,0.0,0.0,0.0
32,21,72,73,25,2,0,1,0,0.6666666666666666,0.0,0.0,0.0
32,21,72,73,26,2,0,2,0,1.0,0.0,0.0,0.0
32,21,72,73,27,4,2,2,0,1.3333333333333333,0.5,0.0,0.5
32,21,72,73,28,2,0,4,0,1.3333333333333333,0.0,0.0,0.0
32,21,72,73,39,2,1,4,0,1.3333333333333333,0.5,0.0,0.5
32,21,72,73,40,2,0,6,0,1.5,0.0,0.0,0.0
32,21,72,73,41,1,0,8,0,0.8888888888888888,0.0,0.0,0.0
32,21,72,73,42,1,0,9,0,0.9,0.0,0.0,0.0
32,21,72,73,43,1,0,10,0,0.9090909090909091,0.0,0.0,0.0
32,21,72,73,45,1,1,6,0,0.8571428571428571,1.0,0.0,1.0
32,21,80,81,25,1,1,1,0,0.5,1.0,0.0,1.0
32,21,80,81,26,1,0,1,0,0.5,0.0,0.0,0.0
32,21,80,81,29,4,1,1,0,0.8,0.25,0.0,0.25
32,21,80,81,39,2,0,4,0,1.3333333333333333,0.0,0.0,0.0
32,21,80,81,40,3,0,5,0,1.875,0.0,0.0,0.0
32,21,80,81,41,3,1,6,0,2.0,0.3333333333333333,0.0,0.3333333333333333
32,21,80,81,43,2,0,9,0,1.6363636363636365,0.0,0.0,0.0
32,21,80,81,45,1,0,6,0,0.8571428571428571,0.0,0.0,0.0
32,21,80,81,46,2,0,3,0,1.2,0.0,0.0,0.0
32,21,88,89,31,2,1,1,0,0.6666666666666666,0.5,0.0,0.5
32,21,88,89,39,4,0,1,0,0.8,0.0,0.0,0.0
32,21,88,89,40,3,0,4,0,1.7142857142857142,0.0,0.0,0.0
32,21,88,89,41,3,2,6,0,2.0,0.6666666666666666,0.0,0.6666666666666666
32,21,88,89,42,1,0,9,0,0.9,0.0,0.0,0.0
32,21,88,89,43,1,0,10,0,0.9090909090909091,0.0,0.0,0.0
32,21,88,89,44,1,0,9,0,0.9,0.0,0.0,0.0
32,21,88,89,46,2,0,3,0,1.2,0.0,0.0,0.0
32,21,96,97,39,3,0,1,0,0.75,0.0,0.0,0.0
32,21,96,97,40,4,0,2,0,1.3333333333333333,0.0,0.0,0.0
32,21,96,97,41,4,1,4,0,2.0,0.25,0.0,0.25
32,21,96,97,42,2,0,6,0,1.5,0.0,0.0,0.0
32,21,96,97,43,3,0,6,0,2.0,0.0,0.0,0.0
32,21,96,97,44,2,0,6,0,1.5,0.0,0.0,0.0
32,21,96,97,45,1,0,6,0,0.8571428571428571,0.0,0.0,0.0
32,21,104,105,39,2,0,1,0,0.6666666666666666,0.0,0.0,0.0
32,21,104,105,40,3,0,2,0,1.2,0.0,0.0,0.0
32,21,104,105,41,3,0,3,0,1.5,0.0,0.0,0.0
32,21,104,105,42,3,0,4,0,1.7142857142857142,0.0,0.0,0.0
32,21,104,105,43,3,1,5,0,1.875,0.3333333333333333,0.0,0.3333333333333333
32,21,104,105,44,2,0,5,0,1.4285714285714286,0.0,0.0,0.0
32,21,104,105,45,1,0,5,0,0.8333333333333334,0.0,0.0,0.0
32,21,104,105,46,1,0,4,0,0.8,0.0,0.0,0.0
32,21,112,113,39,1,0,1,0,0.5,0.0,0.0,0.0
32,21,112,113,40,1,0,2,0,0.6666666666666666,0.0,0.0,0.0
32,21,112,113,41,1,1,3,0,0.75,1.0,0.0,1.0
32,21,112,113,42,1,0,3,0,0.75,0.0,0.0,0.0
32,21,112,113,43,2,1,3,0,1.2,0.5,0.0,0.5
32,21,112,113,44,2,0,3,0,1.2,0.0,0.0,0.0
32,21,112,113,45,1,0,3,0,0.75,0.0,0.0,0.0
32,21,112,113,46,1,0,2,0,0.6666666666666666,0.0,0.0,0.0
32,21,112,113,47,2,0,1,0,0.6666666666666666,0.0,0.0,0.0
32,21,120,121,39,1,0,1,0,0.5,0.0,0.0,0.0
32,21,120,121,41,1,0,2,0,0.6666666666666666,0.0,0.0,0.0
32,21,120,121,43,1,0,1,0,0.5,0.0,0.0,0.0
32,21,120,121,44,1,0,1,0,0.5,0.0,0.0,0.0
32,21,128,129,39,1,0,1,0,0.5,0.0,0.0,0.0
32,21,128,129,40,1,0,1,0,0.5,0.0,0.0,0.0
32,21,128,129,41,1,0,1,0,0.5,0.0,0.0,0.0
32,21,136,137,40,1,0,1,0,0.5,0.0,0.0,0.0
32,21,136,137,41,1,0,1,0,0.5,0.0,0.0,0.0
32,21,144,145,41,1,1,1,0,0.5,1.0,0.0,1.0
32,22,8,9,8,1,0,1,0,0.5,0.0,0.0,0.0
32,22,8,9,9,9,3,2,0,1.6363636363636365,0.3333333333333333,0.0,0.3333333333333333
32,22,16,17,12,1,0,1,0,0.5,0.0,0.0,0.0
32,22,16,17,13,17,14,3,0,2.55,0.8235294117647058,0.0,0.8235294117647058
32,22,16,17,14,1,0,18,0,0.9473684210526315,0.0,0.0,0.0
32,22,24,25,14,1,0,1,0,0.5,0.0,0.0,0.0
32,22,24,25,15,7,3,1,0,0.875,0.42857142857142855,0.0,0.42857142857142855
32,22,24,25,16,3,0,6,0,2.0,0.0,0.0,0.0
32,22,24,25,17,3,0,7,1,2.1,0.0,0.14285714285714285,-0.14285714285714285
32,22,32,33,16,1,0,2,0,0.6666666666666666,0.0,0.0,0.0
32,22,32,33,17,5,2,2,0,1.4285714285714286,0.4,0.0,0.4
32,22,32,33,18,2,0,6,0,1.5,0.0,0.0,0.0
32,22,32,33,19,1,0,7,0,0.875,0.0,0.0,0.0
32,22,32,33,20,2,0,6,0,1.5,0.0,0.0,0.0
32,22,32,33,21,1,1,7,1,0.875,1.0,0.14285714285714285,0.8571428571428572
32,22,40,41,16,1,0,1,0,0.5,0.0,0.0,0.0
32,22,40,41,17,4,1,1,0,0.8,0.25,0.0,0.25
32,22,40,41,19,3,1,4,0,1.7142857142857142,0.3333333333333333,0.0,0.3333333333333333
32,22,40,41,20,1,0,4,0,0.8,0.0,0.0,0.0
32,22,40,41,21,6,1,2,0,1.5,0.16666666666666666,0.0,0.16666666666666666
32,22,40,41,23,2,0,10,0,1.6666666666666667,0.0,0.0,0.0
32,22,48,49,19,4,1,1,0,0.8,0.25,0.0,0.25
32,22,48,49,21,4,1,2,0,1.3333333333333333,0.25,0.0,0.25
32,22,48,49,22,3,0,4,0,1.7142857142857142,0.0,0.0,0.0
32,22,48,49,23,5,2,5,0,2.5,0.4,0.0,0.4
32,22,48,49,24,2,0,11,0,1.6923076923076923,0.0,0.0,0.0
32,22,48,49,25,4,2,11,1,2.933333333333333,0.5,0.09090909090909091,0.40909090909090906
32,22,48,49,26,2,0,12,0,1.7142857142857142,0.0,0.0,0.0
32,22,48,49,27,5,0,12,0,3.5294117647058822,0.0,0.0,0.0
32,22,48,49,29,2,0,13,0,1.7333333333333334,0.0,0.0,0.0
32,22,56,57,20,2,0,1,0,0.6666666666666666,0.0,0.0,0.0
32,22,56,57,21,3,1,1,0,0.75,0.3333333333333333,0.0,0.3333333333333333
32,22,56,57,22,3,0,2,0,1.2,0.0,0.0,0.0
32,22,56,57,23,6,3,2,0,1.5,0.5,0.0,0.5
32,22,56,57,24,2,0,7,0,1.5555555555555556,0.0,0.0,0.0
32,22,56,57,25,8,4,6,1,3.4285714285714284,0.5,0.16666666666666666,0.33333333333333337
32,22,56,57,26,4,0,9,0,2.769230769230769,0.0,0.0,0.0
32,22,56,57,27,7,1,7,0,3.5,0.14285714285714285,0.0,0.14285714285714285
32,22,56,57,28,2,0,8,0,1.6,0.0,0.0,0.0
32,22,56,57,29,8,2,5,0,3.076923076923077,0.25,0.0,0.25
32,22,56,57,30,3,0,6,0,2.0,0.0,0.0,0.0
32,22,56,57,31,5,3,7,0,2.9166666666666665,0.6,0.0,0.6
32,22,56,57,32,3,0,10,0,2.3076923076923075,0.0,0.0,0.0
32,22,56,57,33,3,0,9,0,2.25,0.0,0.0,0.0
32,22,56,57,34,3,0,6,0,2.0,0.0,0.0,0.0
32,22,56,57,35,3,0,5,0,1.875,0.0,0.0,0.0
32,22,56,57,36,2,0,4,0,1.3333333333333333,0.0,0.0,0.0
32,22,56,57,37,2,0,3,0,1.2,0.0,0.0,0.0
32,22,64,65,24,3,0,1,0,0.75,0.0,0.0,0.0
32,22,64,65,25,11,5,1,0,0.9166666666666666,0.45454545454545453,0.0,0.45454545454545453
32,22,64,65,26,2,0,9,0,1.6363636363636365,0.0,0.0,0.0
32,22,64,65,27,7,2,6,0,3.230769230769231,0.2857142857142857,0.0,0.2857142857142857
32,22,64,65,28,1,0,8,0,0.8888888888888888,0.0,0.0,0.0
32,22,64,65,29,8,1,3,0,2.1818181818181817,0.125,0.0,0.125
32,22,64,65,30,1,0,5,0,0.8333333333333334,0.0,0.0,0.0
32,22,64,65,31,3,1,5,0,1.875,0.3333333333333333,0.0,0.3333333333333333
32,22,64,65,32,1,0,7,0,0.875,0.0,0.0,0.0
32,22,64,65,33,2,0,6,0,1.5,0.0,0.0,0.0
32,22,64,65,35,3,2,3,0,1.5,0.6666666666666666,0.0,0.6666666666666666
32,22,72,73,26,3,0,2,0,1.2,0.0,0.0,0.0
32,22,72,73,27,10,3,1,0,0.9090909090909091,0.3,0.0,0.3
32,22,72,73,28,3,0,6,0,2.0,0.0,0.0,0.0
32,22,72,73,29,8,0,3,0,2.1818181818181817,0.0,0.0,0.0
32,22,72,73,30,2,0,5,0,1.4285714285714286,0.0,0.0,0.0
32,22,72,73,31,3,1,5,0,1.875,0.3333333333333333,0.0,0.3333333333333333
32,22,72,73,32,1,0,6,0,0.8571428571428571,0.0,0.0,0.0
32,22,72,73,33,1,0,6,0,0.8571428571428571,0.0,0.0,0.0
32,22,72,73,35,4,3,3,0,1.7142857142857142,0.75,0.0,0.75
32,22,80,81,28,6,0,1,0,0.8571428571428571,0.0,0.0,0.0
32,22,80,81,30,2,0,4,0,1.3333333333333333,0.0,0.0,0.0
32,22,80,81,31,4,2,4,0,2.0,0.5,0.0,0.5
32,22,80,81,32,1,0,6,0,0.8571428571428571,0.0,0.0,0.0
32,22,80,81,33,1,0,6,0,0.8571428571428571,0.0,0.0,0.0
32,22,80,81,35,4,3,3,0,1.7142857142857142,0.75,0.0,0.75
32,22,80,81,37,1,1,1,0,0.5,1.0,0.0,1.0
32,22,88,89,30,3,0,1,0,0.75,0.0,0.0,0.0
32,22,88,89,31,3,1,2,0,1.2,0.3333333333333333,0.0,0.3333333333333333
32,22,88,89,32,3,0,2,0,1.2,0.0,0.0,0.0
32,22,88,89,33,2,0,3,0,1.2,0.0,0.0,0.0
32,22,88,89,34,2,0,3,0,1.2,0.0,0.0,0.0
32,22,88,89,35,1,0,3,0,0.75,0.0,0.0,0.0
32,22,88,89,37,1,1,1,0,0.5,1.0,0.0,1.0
32,22,96,97,32,1,0,1,0,0.5,0.0,0.0,0.0
32,22,96,97,33,2,1,1,0,0.6666666666666666,0.5,0.0,0.5
32,22,96,97,34,1,0,2,0,0.6666666666666666,0.0,0.0,0.0
32,22,96,97,35,2,0,2,0,1.0,0.0,0.0,0.0
32,23,8,9,8,1,0,1,0,0.5,0.0,0.0,0.0
32,23,8,9,9,5,3,2,0,1.4285714285714286,0.6,0.0,0.6
32,23,16,17,12,1,0,1,0,0.5,0.0,0.0,0.0
32,23,16,17,13,5,5,3,0,1.875,1.0,0.0,1.0
32,23,16,17,14,3,0,9,0,2.25,0.0,0.0,0.0
32,23,24,25,16,5,0,3,0,1.875,0.0,0.0,0.0
32,23,24,25,17,4,1,7,0,2.5454545454545454,0.25,0.0,0.25
32,23,32,33,17,5,1,2,0,1.4285714285714286,0.2,0.0,0.2
32,23,32,33,18,3,0,6,0,2.0,0.0,0.0,0.0
32,23,32,33,19,1,0,7,0,0.875,0.0,0.0,0.0
32,23,40,41,17,2,1,1,0,0.6666666666666666,0.5,0.0,0.5
32,23,40,41,18,3,0,2,0,1.2,0.0,0.0,0.0
32,23,40,41,19,4,2,4,0,2.0,0.5,0.0,0.5
32,23,40,41,21,1,0,3,0,0.75,0.0,0.0,0.0
32,23,40,41,23,1,1,1,0,0.5,1.0,0.0,1.0
32,23,48,49,17,1,0,1,0,0.5,0.0,0.0,0.0
32,23,48,49,18,1,0,2,0,0.6666666666666666,0.0,0.0,0.0
32,23,48,49,19,2,1,2,0,1.0,0.5,0.0,0.5
32,23,48,49,20,1,0,3,0,0.75,0.0,0.0,0.0
32,23,48,49,21,2,0,2,0,1.0,0.0,0.0,0.0
32,23,48,49,23,1,1,1,0,0.5,1.0,0.0,1.0
32,23,48,49,26,1,0,1,0,0.5,0.0,0.0,0.0
32,23,48,49,27,4,2,2,0,1.3333333333333333,0.5,0.0,0.5
32,23,48,49,28,1,0,5,0,0.8333333333333334,0.0,0.0,0.0
32,23,48,49,29,2,0,4,0,1.3333333333333333,0.0,0.0,0.0
32,23,56,57,21,2,1,1,0,0.6666666666666666,0.5,0.0,0.5
32,23,56,57,23,1,1,1,0,0.5,1.0,0.0,1.0
32,23,56,57,26,1,0,1,0,0.5,0.0,0.0,0.0
32,23,56,57,27,4,2,2,1,1.3333333333333333,0.5,0.5,0.0
32,23,56,57,28,1,0,5,0,0.8333333333333334,0.0,0.0,0.0
32,23,56,57,29,1,0,5,0,0.8333333333333334,0.0,0.0,0.0
32,23,56,57,30,1,0,4,0,0.8,0.0,0.0,0.0
32,23,64,65,22,1,0,1,0,0.5,0.0,0.0,0.0
32,23,64,65,26,1,0,1,0,0.5,0.0,0.0,0.0
32,23,64,65,27,4,2,2,0,1.3333333333333333,0.5,0.0,0.5
32,23,64,65,28,1,0,5,0,0.8333333333333334,0.0,0.0,0.0
32,23,64,65,29,1,0,5,0,0.8333333333333334,0.0,0.0,0.0
32,23,64,65,30,1,0,4,0,0.8,0.0,0.0,0.0
32,23,72,73,27,3,1,1,0,0.75,0.3333333333333333,0.0,0.3333333333333333
32,23,72,73,28,2,0,3,0,1.2,0.0,0.0,0.0
32,23,72,73,29,2,1,4,0,1.3333333333333333,0.5,0.0,0.5
32,23,80,81,27,2,2,1,0,0.6666666666666666,1.0,0.0,1.0
32,23,80,81,28,2,0,1,0,0.6666666666666666,0.0,0.0,0.0
32,23,80,81,29,3,1,1,0,0.75,0.3333333333333333,0.0,0.3333333333333333
32,23,80,81,30,2,0,2,0,1.0,0.0,0.0,0.0
32,23,88,89,31,2,0,1,0,0.6666666666666666,0.0,0.0,0.0
32,24,16,17,14,1,0,4,0,0.8,0.0,0.0,0.0
32,24,40,41,22,1,0,1,0,0.5,0.0,0.0,0.0
32,24,40,41,23,3,0,2,0,1.2,0.0,0.0,0.0
32,24,40,41,27,2,1,3,0,1.2,0.5,0.0,0.5
32,24,40,41,29,2,0,4,0,1.3333333333333333,0.0,0.0,0.0
32,24,48,49,23,4,0,1,0,0.8,0.0,0.0,0.0
32,24,48,49,26,1,0,4,0,0.8,0.0,0.0,0.0
32,24,48,49,27,2,0,2,0,1.0,0.0,0.0,0.0
32,24,48,49,29,4,1,2,0,1.3333333333333333,0.25,0.0,0.25
32,24,56,57,23,2,1,1,0,0.6666666666666666,0.5,0.0,0.5
32,24,56,57,24,2,0,2,0,1.0,0.0,0.0,0.0
32,24,56,57,25,3,1,3,0,1.5,0.3333333333333333,0.0,0.3333333333333333
32,24,56,57,26,1,0,4,0,0.8,0.0,0.0,0.0
32,24,56,57,27,1,0,3,0,0.75,0.0,0.0,0.0
32,24,56,57,29,4,1,2,0,1.3333333333333333,0.25,0.0,0.25
32,24,56,57,30,1,0,5,0,0.8333333333333334,0.0,0.0,0.0
32,24,56,57,31,2,1,6,0,1.5,0.5,0.0,0.5
32,24,56,57,32,2,0,7,0,1.5555555555555556,0.0,0.0,0.0
32,24,56,57,33,3,2,7,0,2.1,0.6666666666666666,0.0,0.6666666666666666
32,24,56,57,34,2,0,7,0,1.5555555555555556,0.0,0.0,0.0
32,24,56,57,35,3,2,6,0,2.0,0.6666666666666666,0.0,0.6666666666666666
32,24,56,57,36,2,0,5,0,1.4285714285714286,0.0,0.0,0.0
32,24,56,57,37,2,1,4,0,1.3333333333333333,0.5,0.0,0.5
32,24,64,65,24,1,0,1,0,0.5,0.0,0.0,0.0
32,24,64,65,25,2,0,1,0,0.6666666666666666,0.0,0.0,0.0
32,24,64,65,26,3,0,2,0,1.2,0.0,0.0,0.0
32,24,64,65,27,1,0,3,0,0.75,0.0,0.0,0.0
32,24,64,65,28,1,0,3,0,0.75,0.0,0.0,0.0
32,24,64,65,29,4,1,1,0,0.8,0.25,0.0,0.25
32,24,64,65,30,2,0,3,0,1.2,0.0,0.0,0.0
32,24,64,65,31,3,0,4,0,1.7142857142857142,0.0,0.0,0.0
32,24,64,65,32,2,0,6,0,1.5,0.0,0.0,0.0
32,24,64,65,33,3,1,6,0,2.0,0.3333333333333333,0.0,0.3333333333333333
32,24,64,65,34,1,0,8,0,0.8888888888888888,0.0,0.0,0.0
32,24,64,65,35,4,1,5,0,2.2222222222222223,0.25,0.0,0.25
32,24,64,65,36,1,0,4,0,0.8,0.0,0.0,0.0
32,24,72,73,27,2,0,1,0,0.6666666666666666,0.0,0.0,0.0
32,24,72,73,28,1,0,3,0,0.75,0.0,0.0,0.0
32,24,72,73,29,3,1,1,0,0.75,0.3333333333333333,0.0,0.3333333333333333
32,24,72,73,30,2,0,2,0,1.0,0.0,0.0,0.0
32,24,72,73,31,4,1,3,0,1.7142857142857142,0.25,0.0,0.25
32,24,72,73,32,2,0,6,0,1.5,0.0,0.0,0.0
32,24,72,73,33,3,1,6,0,2.0,0.3333333333333333,0.0,0.3333333333333333
32,24,72,73,35,5,2,5,0,2.5,0.4,0.0,0.4
32,24,72,73,36,1,0,4,0,0.8,0.0,0.0,0.0
32,24,72,73,37,1,1,3,0,0.75,1.0,0.0,1.0
32,24,80,81,28,2,0,1,0,0.6666666666666666,0.0,0.0,0.0
32,24,80,81,29,2,2,1,0,0.6666666666666666,1.0,0.0,1.0
32,24,80,81,30,1,0,1,0,0.5,0.0,0.0,0.0
32,24,80,81,31,3,2,1,0,0.75,0.6666666666666666,0.0,0.6666666666666666
32,24,80,81,32,2,0,2,0,1.0,0.0,0.0,0.0
32,24,80,81,33,7,3,2,0,1.5555555555555556,0.42857142857142855,0.0,0.42857142857142855
32,24,80,81,35,4,2,6,0,2.4,0.5,0.0,0.5
32,24,80,81,36,1,0,5,0,0.8333333333333334,0.0,0.0,0.0
32,24,80,81,37,1,0,3,0,0.75,0.0,0.0,0.0
32,24,88,89,33,2,1,1,0,0.6666666666666666,0.5,0.0,0.5
32,24,88,89,34,2,0,1,0,0.6666666666666666,0.0,0.0,0.0
32,24,88,89,35,8,5,1,0,0.8888888888888888,0.625,0.0,0.625
32,24,88,89,37,1,1,3,0,0.75,1.0,0.0,1.0
32,25,8,9,9,15,13,1,0,0.9375,0.8666666666666667,0.0,0.8666666666666667
32,25,24,25,16,1,0,1,0,0.5,0.0,0.0,0.0
32,25,24,25,17,4,3,2,0,1.3333333333333333,0.75,0.0,0.75
32,25,32,33,17,1,0,1,0,0.5,0.0,0.0,0.0
32,25,32,33,18,2,0,1,0,0.6666666666666666,0.0,0.0,0.0
32,25,32,33,19,2,1,2,0,1.0,0.5,0.0,0.5
32,25,40,41,20,2,0,1,0,0.6666666666666666,0.0,0.0,0.0
32,26,8,9,9,3,2,3,0,1.5,0.6666666666666666,0.0,0.6666666666666666
32,26,16,17,13,12,10,1,0,0.9230769230769231,0.8333333333333334,0.0,0.8333333333333334
32,26,24,25,17,6,1,5,0,2.727272727272727,0.16666666666666666,0.0,0.16666666666666666
32,26,32,33,18,4,0,2,0,1.3333333333333333,0.0,0.0,0.0
32,26,32,33,19,4,1,3,0,1.7142857142857142,0.25,0.0,0.25
32,26,32,33,20,2,0,5,0,1.4285714285714286,0.0,0.0,0.0
32,26,32,33,21,1,0,7,0,0.875,0.0,0.0,0.0
32,26,40,41,19,4,2,1,0,0.8,0.5,0.0,0.5
32,26,40,41,20,1,0,4,0,0.8,0.0,0.0,0.0
32,26,40,41,21,4,0,4,0,2.0,0.0,0.0,0.0
32,26,48,49,19,1,0,1,0,0.5,0.0,0.0,0.0
32,26,48,49,20,2,0,2,0,1.0,0.0,0.0,0.0
32,26,48,49,21,4,2,4,0,2.0,0.5,0.0,0.5
32,26,56,57,20,1,0,1,0,0.5,0.0,0.0,0.0
32,26,56,57,21,2,0,2,0,1.0,0.0,0.0,0.0
32,26,56,57,22,3,0,3,0,1.5,0.0,0.0,0.0
32,26,56,57,23,3,1,4,0,1.7142857142857142,0.3333333333333333,0.0,0.3333333333333333
32,26,64,65,21,2,1,1,0,0.6666666666666666,0.5,0.0,0.5
32,26,64,65,22,2,0,2,0,1.0,0.0,0.0,0.0
32,26,64,65,23,3,1,2,0,1.2,0.3333333333333333,0.0,0.3333333333333333
32,26,64,65,24,3,0,2,0,1.2,0.0,0.0,0.0
32,26,72,73,21,1,1,1,0,0.5,1.0,0.0,1.0
32,26,72,73,22,1,0,1,0,0.5,0.0,0.0,0.0
32,26,72,73,23,1,1,1,0,0.5,1.0,0.0,1.0
32,26,72,73,24,1,0,1,0,0.5,0.0,0.0,0.0
32,26,72,73,25,3,1,1,0,0.75,0.3333333333333333,0.0,0.3333333333333333
32,27,16,17,14,1,0,11,0,0.9166666666666666,0.0,0.0,0.0
32,27,24,25,16,1,0,1,0,0.5,0.0,0.0,0.0
32,27,24,25,17,6,2,1,0,0.8571428571428571,0.3333333333333333,0.0,0.3333333333333333
32,27,24,25,18,1,0,6,0,0.8571428571428571,0.0,0.0,0.0
32,27,32,33,17,1,0,1,0,0.5,0.0,0.0,0.0
32,27,32,33,18,3,0,1,0,0.75,0.0,0.0,0.0
32,27,32,33,19,4,2,2,0,1.3333333333333333,0.5,0.0,0.5
32,27,40,41,20,1,0,1,0,0.5,0.0,0.0,0.0
32,27,40,41,22,2,0,5,0,1.4285714285714286,0.0,0.0,0.0
32,27,40,41,23,4,1,5,0,2.2222222222222223,0.25,0.0,0.25
32,27,40,41,25,2,0,9,0,1.6363636363636365,0.0,0.0,0.0
32,27,48,49,23,5,3,4,0,2.2222222222222223,0.6,0.0,0.6
32,27,48,49,24,1,0,8,0,0.8888888888888888,0.0,0.0,0.0
32,27,48,49,25,2,0,8,0,1.6,0.0,0.0,0.0
32,27,48,49,26,1,0,9,0,0.9,0.0,0.0,0.0
32,27,56,57,22,2,0,1,0,0.6666666666666666,0.0,0.0,0.0
32,27,56,57,23,4,1,3,0,1.7142857142857142,0.25,0.0,0.25
32,27,56,57,24,4,0,5,0,2.2222222222222223,0.0,0.0,0.0
32,27,56,57,25,2,0,8,0,1.6,0.0,0.0,0.0
32,27,56,57,26,1,0,9,0,0.9,0.0,0.0,0.0
32,27,56,57,27,1,0,7,0,0.875,0.0,0.0,0.0
32,27,56,57,28,2,0,4,0,1.3333333333333333,0.0,0.0,0.0
32,27,56,57,29,3,1,2,0,1.2,0.3333333333333333,0.0,0.3333333333333333
32,27,56,57,30,2,0,2,0,1.0,0.0,0.0,0.0
32,27,56,57,31,3,1,3,0,1.5,0.3333333333333333,0.0,0.3333333333333333
32,27,56,57,32,2,0,3,0,1.2,0.0,0.0,0.0
32,27,56,57,33,2,1,3,0,1.2,0.5,0.0,0.5
32,27,56,57,34,2,0,3,0,1.2,0.0,0.0,0.0
32,27,64,65,23,3,1,1,0,0.75,0.3333333333333333,0.0,0.3333333333333333
32,27,64,65,24,2,0,4,0,1.3333333333333333,0.0,0.0,0.0
32,27,64,65,25,6,3,4,0,2.4,0.5,0.0,0.5
32,27,64,65,26,1,0,9,0,0.9,0.0,0.0,0.0
32,27,64,65,27,1,0,7,0,0.875,0.0,0.0,0.0
32,27,64,65,28,1,0,4,0,0.8,0.0,0.0,0.0
32,27,64,65,29,2,1,1,0,0.6666666666666666,0.5,0.0,0.5
32,27,64,65,30,1,0,1,0,0.5,0.0,0.0,0.0
32,27,64,65,31,3,1,1,0,0.75,0.3333333333333333,0.0,0.3333333333333333
32,27,64,65,32,1,0,2,0,0.6666666666666666,0.0,0.0,0.0
32,27,64,65,33,1,0,1,0,0.5,0.0,0.0,0.0
32,27,64,65,34,1,0,1,0,0.5,0.0,0.0,0.0
32,27,64,65,35,2,1,1,0,0.6666666666666666,0.5,0.0,0.5
32,27,72,73,23,1,0,1,0,0.5,0.0,0.0,0.0
32,27,72,73,24,1,0,2,0,0.6666666666666666,0.0,0.0,0.0
32,27,72,73,25,3,1,2,0,1.2,0.3333333333333333,0.0,0.3333333333333333
32,27,72,73,26,1,0,4,0,0.8,0.0,0.0,0.0
32,27,72,73,27,6,1,2,0,1.5,0.16666666666666666,0.0,0.16666666666666666
32,27,72,73,28,1,0,4,0,0.8,0.0,0.0,0.0
32,27,72,73,29,1,0,1,0,0.5,0.0,0.0,0.0
32,27,80,81,26,2,0,2,0,1.0,0.0,0.0,0.0
32,27,80,81,27,2,2,2,0,1.0,1.0,0.0,1.0
32,27,80,81,28,4,0,1,0,0.8,0.0,0.0,0.0
32,27,80,81,29,1,0,1,0,0.5,0.0,0.0,0.0
32,27,88,89,34,1,0,1,0,0.5,0.0,0.0,0.0
32,27,88,89,41,2,1,1,0,0.6666666666666666,0.5,0.0,0.5
32,27,88,89,43,2,0,3,0,1.2,0.0,0.0,0.0
32,27,96,97,42,1,0,1,0,0.5,0.0,0.0,0.0
32,27,96,97,43,1,0,2,0,0.6666666666666666,0.0,0.0,0.0
32,27,96,97,44,1,0,3,0,0.75,0.0,0.0,0.0
32,27,96,97,45,1,0,4,0,0.8,0.0,0.0,0.0
32,27,96,97,46,1,0,5,0,0.8333333333333334,0.0,0.0,0.0
32,27,96,97,47,1,0,5,0,0.8333333333333334,0.0,0.0,0.0
32,27,104,105,43,2,1,1,0,0.6666666666666666,0.5,0.0,0.5
32,27,104,105,44,1,1,3,0,0.75,1.0,0.0,1.0
32,27,104,105,45,1,1,4,0,0.8,1.0,0.0,1.0
32,27,104,105,46,1,0,5,0,0.8333333333333334,0.0,0.0,0.0
32,27,104,105,47,1,1,5,0,0.8333333333333334,1.0,0.0,1.0
32,27,112,113,43,1,0,1,0,0.5,0.0,0.0,0.0
32,27,112,113,44,1,0,2,0,0.6666666666666666,0.0,0.0,0.0
32,27,112,113,45,1,0,3,0,0.75,0.0,0.0,0.0
32,27,112,113,46,1,0,4,0,0.8,0.0,0.0,0.0
32,27,112,113,47,1,0,4,0,0.8,0.0,0.0,0.0
32,27,112,113,48,1,0,4,0,0.8,0.0,0.0,0.0
32,27,120,121,45,2,1,1,0,0.6666666666666666,0.5,0.0,0.5
32,27,120,121,47,2,1,2,0,1.0,0.5,0.0,0.5
32,27,120,121,49,2,0,2,0,1.0,0.0,0.0,0.0
32,27,168,169,56,2,0,1,0,0.6666666666666666,0.0,0.0,0.0
32,27,176,177,57,2,1,1,0,0.6666666666666666,0.5,0.0,0.5
32,27,176,177,58,1,0,3,0,0.75,0.0,0.0,0.0
32,27,176,177,59,3,2,6,0,2.0,0.6666666666666666,0.0,0.6666666666666666
32,27,184,185,58,2,0,1,0,0.6666666666666666,0.0,0.0,0.0
32,27,184,185,59,1,0,5,0,0.8333333333333334,0.0,0.0,0.0
32,27,184,185,60,1,0,8,0,0.8888888888888888,0.0,0.0,0.0
32,27,184,185,61,2,1,10,0,1.6666666666666667,0.5,0.0,0.5
32,27,184,185,62,1,0,12,0,0.9230769230769231,0.0,0.0,0.0
32,27,192,193,59,2,0,4,0,1.3333333333333333,0.0,0.0,0.0
32,27,192,193,60,1,0,8,0,0.8888888888888888,0.0,0.0,0.0
32,27,192,193,61,1,0,10,0,0.9090909090909091,0.0,0.0,0.0
32,27,192,193,62,1,0,11,0,0.9166666666666666,0.0,0.0,0.0
32,27,192,193,63,1,0,11,0,0.9166666666666666,0.0,0.0,0.0
32,27,200,201,59,4,0,1,0,0.8,0.0,0.0,0.0
32,27,200,201,60,2,0,7,0,1.5555555555555556,0.0,0.0,0.0
32,27,200,201,61,1,0,10,0,0.9090909090909091,0.0,0.0,0.0
32,27,200,201,62,1,0,11,0,0.9166666666666666,0.0,0.0,0.0
32,27,200,201,63,1,1,11,0,0.9166666666666666,1.0,0.0,1.0
32,27,208,209,59,5,1,1,0,0.8333333333333334,0.2,0.0,0.2
32,27,208,209,60,1,0,8,0,0.8888888888888888,0.0,0.0,0.0
32,27,208,209,61,1,0,10,0,0.9090909090909091,0.0,0.0,0.0
32,27,208,209,62,1,0,11,0,0.9166666666666666,0.0,0.0,0.0
32,27,208,209,64,1,0,8,0,0.8888888888888888,0.0,0.0,0.0
32,27,216,217,59,4,0,1,0,0.8,0.0,0.0,0.0
32,27,216,217,60,1,0,7,0,0.875,0.0,0.0,0.0
32,27,216,217,61,2,1,9,0,1.6363636363636365,0.5,0.0,0.5
32,27,216,217,63,1,0,10,0,0.9090909090909091,0.0,0.0,0.0
32,27,216,217,64,1,0,8,0,0.8888888888888888,0.0,0.0,0.0
32,27,224,225,59,4,0,1,0,0.8,0.0,0.0,0.0
32,27,224,225,60,1,0,7,0,0.875,0.0,0.0,0.0
32,27,224,225,61,1,0,9,0,0.9,0.0,0.0,0.0
32,27,224,225,62,1,0,10,0,0.9090909090909091,0.0,0.0,0.0
32,27,224,225,63,1,0,10,0,0.9090909090909091,0.0,0.0,0.0
32,27,224,225,64,1,0,8,0,0.8888888888888888,0.0,0.0,0.0
32,27,232,233,59,3,2,1,0,0.75,0.6666666666666666,0.0,0.6666666666666666
32,27,232,233,60,3,0,5,0,1.875,0.0,0.0,0.0
32,27,232,233,61,1,0,9,0,0.9,0.0,0.0,0.0
32,27,232,233,62,1,0,10,0,0.9090909090909091,0.0,0.0,0.0
32,27,232,233,63,1,0,10,0,0.9090909090909091,0.0,0.0,0.0
32,27,232,233,64,1,0,8,0,0.8888888888888888,0.0,0.0,0.0
32,27,240,241,59,1,0,1,0,0.5,0.0,0.0,0.0
32,27,240,241,60,6,0,2,0,1.5,0.0,0.0,0.0
32,27,240,241,61,1,0,9,0,0.9,0.0,0.0,0.0
32,27,240,241,62,1,0,10,0,0.9090909090909091,0.0,0.0,0.0
32,27,240,241,63,1,0,10,0,0.9090909090909091,0.0,0.0,0.0
32,27,240,241,65,1,0,7,0,0.875,0.0,0.0,0.0
32,27,248,249,60,5,0,2,0,1.4285714285714286,0.0,0.0,0.0
32,27,248,249,61,2,1,8,0,1.6,0.5,0.0,0.5
32,27,248,249,63,2,1,9,0,1.6363636363636365,0.5,0.0,0.5
32,27,248,249,65,1,0,7,0,0.875,0.0,0.0,0.0
32,28,16,17,13,6,5,2,0,1.5,0.8333333333333334,0.0,0.8333333333333334
32,28,16,17,14,1,0,8,0,0.8888888888888888,0.0,0.0,0.0
32,28,16,17,15,1,0,9,0,0.9,0.0,0.0,0.0
32,28,24,25,17,5,4,5,0,2.5,0.8,0.0,0.8
32,28,24,25,19,1,0,11,0,0.9166666666666666,0.0,0.0,0.0
32,28,32,33,17,4,2,1,0,0.8,0.5,0.0,0.5
32,28,32,33,19,4,3,4,0,2.0,0.75,0.0,0.75
32,28,32,33,20,4,0,6,0,2.4,0.0,0.0,0.0
32,28,32,33,21,5,1,7,0,2.9166666666666665,0.2,0.0,0.2
32,28,32,33,22,2,0,10,0,1.6666666666666667,0.0,0.0,0.0
32,28,32,33,23,3,1,9,0,2.25,0.3333333333333333,0.0,0.3333333333333333
32,28,40,41,17,2,1,1,0,0.6666666666666666,0.5,0.0,0.5
32,28,40,41,18,1,0,3,0,0.75,0.0,0.0,0.0
32,28,40,41,19,4,2,3,0,1.7142857142857142,0.5,0.0,0.5
32,28,40,41,20,2,0,6,0,1.5,0.0,0.0,0.0
32,28,40,41,21,7,3,5,0,2.9166666666666665,0.42857142857142855,0.0,0.42857142857142855
32,28,40,41,22,3,0,8,0,2.1818181818181817,0.0,0.0,0.0
32,28,40,41,23,3,0,8,0,2.1818181818181817,0.0,0.0,0.0
32,28,40,41,24,1,0,9,0,0.9,0.0,0.0,0.0
32,28,40,41,25,1,0,8,2,0.8888888888888888,0.0,0.25,-0.25
32,28,40,41,27,1,0,7,1,0.875,0.0,0.14285714285714285,-0.14285714285714285
32,28,48,49,18,2,0,1,0,0.6666666666666666,0.0,0.0,0.0
32,28,48,49,19,2,1,2,0,1.0,0.5,0.0,0.5
32,28,48,49,20,1,0,3,0,0.75,0.0,0.0,0.0
32,28,48,49,21,3,1,3,0,1.5,0.3333333333333333,0.0,0.3333333333333333
32,28,48,49,22,3,0,5,0,1.875,0.0,0.0,0.0
32,28,48,49,23,5,2,6,0,2.727272727272727,0.4,0.0,0.4
32,28,48,49,24,1,0,9,0,0.9,0.0,0.0,0.0
32,28,48,49,25,1,0,8,2,0.8888888888888888,0.0,0.25,-0.25
32,28,48,49,26,2,0,4,0,1.3333333333333333,0.0,0.0,0.0
32,28,48,49,27,1,0,5,0,0.8333333333333334,0.0,0.0,0.0
32,28,48,49,28,1,0,5,0,0.8333333333333334,0.0,0.0,0.0
32,28,48,49,29,8,3,3,0,2.1818181818181817,0.375,0.0,0.375
32,28,48,49,30,2,0,8,0,1.6,0.0,0.0,0.0
32,28,48,49,31,7,1,3,0,2.1,0.14285714285714285,0.0,0.14285714285714285
32,28,48,49,32,1,0,8,0,0.8888888888888888,0.0,0.0,0.0
32,28,48,49,33,4,2,8,0,2.6666666666666665,0.5,0.0,0.5
32,28,56,57,20,1,0,1,0,0.5,0.0,0.0,0.0
32,28,56,57,21,3,0,1,0,0.75,0.0,0.0,0.0
32,28,56,57,22,3,0,3,0,1.5,0.0,0.0,0.0
32,28,56,57,23,4,2,3,0,1.7142857142857142,0.5,0.0,0.5
32,28,56,57,24,4,0,2,0,1.3333333333333333,0.0,0.0,0.0
32,28,56,57,25,7,1,1,0,0.875,0.14285714285714285,0.0,0.14285714285714285
32,28,56,57,26,2,0,4,0,1.3333333333333333,0.0,0.0,0.0
32,28,56,57,27,1,0,5,0,0.8333333333333334,0.0,0.0,0.0
32,28,56,57,28,1,0,5,0,0.8333333333333334,0.0,0.0,0.0
32,28,56,57,29,8,1,2,0,1.6,0.125,0.0,0.125
32,28,56,57,30,2,0,6,0,1.5,0.0,0.0,0.0
32,28,56,57,31,6,1,1,0,0.8571428571428571,0.16666666666666666,0.0,0.16666666666666666
32,28,56,57,32,2,0,4,0,1.3333333333333333,0.0,0.0,0.0
32,28,56,57,33,3,1,5,0,1.875,0.3333333333333333,0.0,0.3333333333333333
32,28,56,57,34,1,0,10,0,0.9090909090909091,0.0,0.0,0.0
32,28,56,57,35,4,1,11,0,2.933333333333333,0.25,0.0,0.25
32,28,56,57,36,1,0,12,0,0.9230769230769231,0.0,0.0,0.0
32,28,56,57,37,1,1,12,0,0.9230769230769231,1.0,0.0,1.0
32,28,56,57,38,1,0,10,0,0.9090909090909091,0.0,0.0,0.0
32,28,64,65,23,2,1,1,0,0.6666666666666666,0.5,0.0,0.5
32,28,64,65,26,4,0,2,0,1.3333333333333333,0.0,0.0,0.0
32,28,64,65,27,1,1,6,1,0.8571428571428571,1.0,0.16666666666666666,0.8333333333333334
32,28,64,65,29,7,1,2,0,1.5555555555555556,0.14285714285714285,0.0,0.14285714285714285
32,28,64,65,30,2,0,6,0,1.5,0.0,0.0,0.0
32,28,64,65,31,5,0,1,0,0.8333333333333334,0.0,0.0,0.0
32,28,64,65,32,2,0,1,0,0.6666666666666666,0.0,0.0,0.0
32,28,64,65,34,3,0,4,0,1.7142857142857142,0.0,0.0,0.0
32,28,64,65,35,11,3,2,0,1.6923076923076923,0.2727272727272727,0.0,0.2727272727272727
32,28,64,65,36,2,0,8,0,1.6,0.0,0.0,0.0
32,28,64,65,37,4,2,8,2,2.6666666666666665,0.5,0.25,0.25
32,28,72,73,29,5,0,2,0,1.4285714285714286,0.0,0.0,0.0
32,28,72,73,30,2,0,4,0,1.3333333333333333,0.0,0.0,0.0
32,28,72,73,31,5,1,1,0,0.8333333333333334,0.2,0.0,0.2
32,28,72,73,32,2,0,1,0,0.6666666666666666,0.0,0.0,0.0
32,28,72,73,34,3,0,2,0,1.2,0.0,0.0,0.0
32,28,72,73,38,3,0,1,0,0.75,0.0,0.0,0.0
32,28,72,73,39,4,0,3,0,1.7142857142857142,0.0,0.0,0.0
32,28,72,73,40,1,0,6,0,0.8571428571428571,0.0,0.0,0.0
32,28,72,73,41,3,2,9,0,2.25,0.6666666666666666,0.0,0.6666666666666666
32,28,80,81,30,1,0,1,0,0.5,0.0,0.0,0.0
32,28,80,81,32,2,0,1,0,0.6666666666666666,0.0,0.0,0.0
32,28,80,81,34,2,0,1,0,0.6666666666666666,0.0,0.0,0.0
32,28,80,81,38,1,0,1,0,0.5,0.0,0.0,0.0
32,28,80,81,39,2,2,3,0,1.2,1.0,0.0,1.0
32,28,80,81,43,1,0,13,0,0.9285714285714286,0.0,0.0,0.0
32,28,88,89,40,1,0,5,0,0.8333333333333334,0.0,0.0,0.0
32,28,88,89,44,1,0,12,0,0.9230769230769231,0.0,0.0,0.0
32,28,96,97,40,4,0,1,0,0.8,0.0,0.0,0.0
32,28,96,97,41,2,0,6,0,1.5,0.0,0.0,0.0
32,28,96,97,42,2,0,8,0,1.6,0.0,0.0,0.0
32,28,96,97,43,3,1,10,0,2.3076923076923075,0.3333333333333333,0.0,0.3333333333333333
32,28,96,97,45,5,2,7,0,2.9166666666666665,0.4,0.0,0.4
32,28,96,97,47,3,0,8,0,2.1818181818181817,0.0,0.0,0.0
32,28,104,105,41,2,0,1,0,0.6666666666666666,0.0,0.0,0.0
32,28,104,105,42,5,1,1,0,0.8333333333333334,0.2,0.0,0.2
32,28,104,105,43,5,1,3,0,1.875,0.2,0.0,0.2
32,28,104,105,44,4,0,3,0,1.7142857142857142,0.0,0.0,0.0
32,28,104,105,45,4,0,3,0,1.7142857142857142,0.0,0.0,0.0
32,28,104,105,46,5,2,3,0,1.875,0.4,0.0,0.4
32,28,104,105,47,4,1,5,0,2.2222222222222223,0.25,0.0,0.25
32,28,104,105,48,4,0,7,0,2.5454545454545454,0.0,0.0,0.0
32,28,104,105,49,2,1,10,0,1.6666666666666667,0.5,0.0,0.5
32,28,112,113,43,3,0,2,0,1.2,0.0,0.0,0.0
32,28,112,113,44,3,0,2,0,1.2,0.0,0.0,0.0
32,28,112,113,45,3,0,2,0,1.2,0.0,0.0,0.0
32,28,112,113,46,4,0,2,0,1.3333333333333333,0.0,0.0,0.0
32,28,112,113,47,3,0,3,0,1.5,0.0,0.0,0.0
32,28,112,113,48,3,0,4,0,1.7142857142857142,0.0,0.0,0.0
32,28,112,113,49,3,0,5,0,1.875,0.0,0.0,0.0
32,28,112,113,50,3,0,6,0,2.0,0.0,0.0,0.0
32,28,112,113,51,1,0,6,0,0.8571428571428571,0.0,0.0,0.0
32,28,120,121,43,2,0,1,0,0.6666666666666666,0.0,0.0,0.0
32,28,120,121,44,2,0,1,0,0.6666666666666666,0.0,0.0,0.0
32,28,120,121,45,3,0,1,0,0.75,0.0,0.0,0.0
32,28,120,121,46,3,0,2,0,1.2,0.0,0.0,0.0
32,28,120,121,47,3,0,3,0,1.5,0.0,0.0,0.0
32,28,120,121,48,3,0,4,0,1.7142857142857142,0.0,0.0,0.0
32,28,120,121,49,3,0,5,0,1.875,0.0,0.0,0.0
32,28,120,121,50,3,0,6,0,2.0,0.0,0.0,0.0
32,28,120,121,51,1,0,6,0,0.8571428571428571,0.0,0.0,0.0
32,28,128,129,46,2,0,1,0,0.6666666666666666,0.0,0.0,0.0
32,28,128,129,47,3,0,1,0,0.75,0.0,0.0,0.0
32,28,128,129,48,4,0,2,0,1.3333333333333333,0.0,0.0,0.0
32,28,128,129,49,4,1,4,0,2.0,0.25,0.0,0.25
32,28,128,129,50,1,0,6,0,0.8571428571428571,0.0,0.0,0.0
32,28,128,129,51,2,0,4,0,1.3333333333333333,0.0,0.0,0.0
32,28,128,129,52,1,0,3,0,0.75,0.0,0.0,0.0
32,28,136,137,48,3,0,1,0,0.75,0.0,0.0,0.0
32,28,136,137,49,3,0,2,0,1.2,0.0,0.0,0.0
32,28,136,137,50,3,0,3,0,1.5,0.0,0.0,0.0
32,28,136,137,51,3,0,3,0,1.5,0.0,0.0,0.0
32,28,136,137,52,1,0,3,0,0.75,0.0,0.0,0.0
32,28,144,145,48,3,0,1,0,0.75,0.0,0.0,0.0
32,28,144,145,49,3,0,2,0,1.2,0.0,0.0,0.0
32,28,144,145,50,3,0,3,0,1.5,0.0,0.0,0.0
32,28,144,145,51,2,1,3,0,1.2,0.5,0.0,0.5
32,28,144,145,52,1,0,3,0,0.75,0.0,0.0,0.0
32,28,152,153,49,1,0,1,0,0.5,0.0,0.0,0.0
32,28,152,153,50,1,0,2,0,0.6666666666666666,0.0,0.0,0.0
32,28,152,153,51,1,0,2,0,0.6666666666666666,0.0,0.0,0.0
32,28,152,153,52,2,0,2,0,1.0,0.0,0.0,0.0
32,29,24,25,18,1,0,3,0,0.75,0.0,0.0,0.0
32,29,24,25,19,2,0,4,0,1.3333333333333333,0.0,0.0,0.0
32,29,32,33,19,3,1,2,0,1.2,0.3333333333333333,0.0,0.3333333333333333
32,29,32,33,20,2,0,5,0,1.4285714285714286,0.0,0.0,0.0
32,29,40,41,19,3,1,1,0,0.75,0.3333333333333333,0.0,0.3333333333333333
32,29,40,41,20,1,0,4,0,0.8,0.0,0.0,0.0
32,29,40,41,21,3,0,4,0,1.7142857142857142,0.0,0.0,0.0
32,29,48,49,20,1,0,1,0,0.5,0.0,0.0,0.0
32,29,48,49,21,4,2,2,0,1.3333333333333333,0.5,0.0,0.5
32,29,48,49,22,2,0,4,0,1.3333333333333333,0.0,0.0,0.0
32,29,48,49,26,1,0,2,0,0.6666666666666666,0.0,0.0,0.0
32,29,48,49,27,1,0,1,0,0.5,0.0,0.0,0.0
32,29,48,49,29,6,3,1,0,0.8571428571428571,0.5,0.0,0.5
32,29,48,49,30,3,0,4,0,1.7142857142857142,0.0,0.0,0.0
32,29,48,49,31,2,1,3,0,1.2,0.5,0.0,0.5
32,29,48,49,32,1,0,3,0,0.75,0.0,0.0,0.0
32,29,48,49,33,1,0,2,0,0.6666666666666666,0.0,0.0,0.0
32,29,56,57,21,1,0,1,0,0.5,0.0,0.0,0.0
32,29,56,57,22,1,0,1,0,0.5,0.0,0.0,0.0
32,29,56,57,23,4,2,1,0,0.8,0.5,0.0,0.5
32,29,56,57,26,1,0,2,0,0.6666666666666666,0.0,0.0,0.0
32,29,56,57,27,1,0,1,0,0.5,0.0,0.0,0.0
32,29,56,57,29,4,2,1,0,0.8,0.5,0.0,0.5
32,29,56,57,31,3,0,4,0,1.7142857142857142,0.0,0.0,0.0
32,29,56,57,32,1,0,3,0,0.75,0.0,0.0,0.0
32,29,64,65,24,2,0,1,0,0.6666666666666666,0.0,0.0,0.0
32,29,64,65,25,2,0,2,0,1.0,0.0,0.0,0.0
32,29,64,65,26,1,0,2,0,0.6666666666666666,0.0,0.0,0.0
32,29,64,65,27,1,0,1,0,0.5,0.0,0.0,0.0
32,29,64,65,29,4,2,1,0,0.8,0.5,0.0,0.5
32,29,64,65,31,3,1,4,0,1.7142857142857142,0.3333333333333333,0.0,0.3333333333333333
32,29,64,65,32,1,0,3,0,0.75,0.0,0.0,0.0
32,29,72,73,27,1,1,1,0,0.5,1.0,0.0,1.0
32,29,72,73,30,2,0,3,0,1.2,0.0,0.0,0.0
32,29,72,73,31,2,1,4,0,1.3333333333333333,0.5,0.0,0.5
32,29,72,73,32,1,0,3,0,0.75,0.0,0.0,0.0
32,29,72,73,33,1,1,2,0,0.6666666666666666,1.0,0.0,1.0
32,29,80,81,30,1,0,2,0,0.6666666666666666,0.0,0.0,0.0
32,29,80,81,31,4,2,1,0,0.8,0.5,0.0,0.5
32,29,80,81,32,3,0,1,0,0.75,0.0,0.0,0.0
32,29,80,81,33,1,1,2,0,0.6666666666666666,1.0,0.0,1.0
32,30,16,17,13,5,4,1,0,0.8333333333333334,0.8,0.0,0.8
32,30,16,17,14,2,0,4,0,1.3333333333333333,0.0,0.0,0.0
32,30,16,17,15,1,0,4,0,0.8,0.0,0.0,0.0
32,31,16,17,14,1,0,5,0,0.8333333333333334,0.0,0.0,0.0
32,31,32,33,20,1,0,1,0,0.5,0.0,0.0,0.0
32,31,32,33,21,4,2,2,0,1.3333333333333333,0.5,0.0,0.5
32,31,40,41,21,4,2,1,0,0.8,0.5,0.0,0.5
32,31,40,41,22,1,0,5,0,0.8333333333333334,0.0,0.0,0.0
32,31,40,41,24,1,0,5,0,0.8333333333333334,0.0,0.0,0.0
32,31,48,49,22,2,0,1,0,0.6666666666666666,0.0,0.0,0.0
32,31,48,49,23,5,1,1,0,0.8333333333333334,0.2,0.0,0.2
32,31,48,49,24,1,0,5,0,0.8333333333333334,0.0,0.0,0.0
32,31,48,49,25,1,0,3,1,0.75,0.0,0.3333333333333333,-0.3333333333333333
32,31,48,49,26,1,0,2,0,0.6666666666666666,0.0,0.0,0.0
32,31,48,49,27,4,2,2,0,1.3333333333333333,0.5,0.0,0.5
32,31,56,57,27,3,1,1,0,0.75,0.3333333333333333,0.0,0.3333333333333333
32,31,56,57,28,1,0,3,0,0.75,0.0,0.0,0.0
32,31,56,57,29,3,1,2,0,1.2,0.3333333333333333,0.0,0.3333333333333333
32,31,56,57,30,1,0,3,0,0.75,0.0,0.0,0.0
32,31,64,65,26,1,0,1,0,0.5,0.0,0.0,0.0
32,31,64,65,27,3,1,1,0,0.75,0.3333333333333333,0.0,0.3333333333333333
32,31,64,65,28,1,0,3,0,0.75,0.0,0.0,0.0
32,31,64,65,29,2,0,3,0,1.2,0.0,0.0,0.0
32,31,64,65,31,4,2,1,0,0.8,0.5,0.0,0.5
32,31,72,73,28,1,0,3,0,0.75,0.0,0.0,0.0
32,31,72,73,29,2,0,3,0,1.2,0.0,0.0,0.0
32,31,72,73,31,4,1,1,0,0.8,0.25,0.0,0.25
32,31,72,73,36,1,0,1,0,0.5,0.0,0.0,0.0
32,31,72,73,37,1,0,2,0,0.6666666666666666,0.0,0.0,0.0
32,31,72,73,38,1,0,3,0,0.75,0.0,0.0,0.0
32,31,72,73,39,1,0,4,0,0.8,0.0,0.0,0.0
32,31,72,73,40,1,0,5,0,0.8333333333333334,0.0,0.0,0.0
32,31,72,73,41,2,1,5,0,1.4285714285714286,0.5,0.0,0.5
32,31,80,81,31,3,0,1,0,0.75,0.0,0.0,0.0
32,31,80,81,37,1,0,1,0,0.5,0.0,0.0,0.0
32,31,80,81,38,1,0,2,0,0.6666666666666666,0.0,0.0,0.0
32,31,80,81,39,1,0,3,0,0.75,0.0,0.0,0.0
32,31,80,81,40,1,0,4,0,0.8,0.0,0.0,0.0
32,31,80,81,41,1,0,4,0,0.8,0.0,0.0,0.0
32,31,80,81,42,1,0,4,0,0.8,0.0,0.0,0.0
32,31,80,81,43,1,0,4,0,0.8,0.0,0.0,0.0
32,31,88,89,37,1,0,1,0,0.5,0.0,0.0,0.0
32,31,88,89,38,1,0,2,0,0.6666666666666666,0.0,0.0,0.0
32,31,88,89,39,1,1,3,0,0.75,1.0,0.0,1.0
32,31,88,89,40,1,0,4,0,0.8,0.0,0.0,0.0
32,31,88,89,41,1,1,4,0,0.8,1.0,0.0,1.0
32,31,88,89,42,1,0,4,0,0.8,0.0,0.0,0.0
32,31,88,89,43,1,0,4,0,0.8,0.0,0.0,0.0
32,31,96,97,38,1,0,1,0,0.5,0.0,0.0,0.0
32,31,96,97,39,1,1,2,0,0.6666666666666666,1.0,0.0,1.0
32,31,96,97,40,1,0,3,0,0.75,0.0,0.0,0.0
32,31,96,97,41,1,1,3,0,0.75,1.0,0.0,1.0
32,31,96,97,42,1,0,3,0,0.75,0.0,0.0,0.0
32,31,96,97,43,1,0,3,0,0.75,0.0,0.0,0.0
32,31,96,97,44,1,0,3,0,0.75,0.0,0.0,0.0
64,0,16,17,13,21,17,2,0,1.826086956521739,0.8095238095238095,0.0,0.8095238095238095
64,0,24,25,16,5,0,6,0,2.727272727272727,0.0,0.0,0.0
64,0,24,25,17,12,6,9,1,5.142857142857143,0.5,0.1111111111111111,0.3888888888888889
64,0,24,25,18,1,0,19,0,0.95,0.0,0.0,0.0
64,0,24,25,19,3,0,20,0,2.608695652173913,0.0,0.0,0.0
64,0,32,33,18,7,0,5,0,2.9166666666666665,0.0,0.0,0.0
64,0,32,33,19,7,2,9,0,3.9375,0.2857142857142857,0.0,0.2857142857142857
64,0,32,33,20,3,0,14,0,2.4705882352941178,0.0,0.0,0.0
64,0,32,33,21,7,1,14,0,4.666666666666667,0.14285714285714285,0.0,0.14285714285714285
64,0,32,33,23,7,5,18,0,5.04,0.7142857142857143,0.0,0.7142857142857143
64,0,32,33,25,1,0,23,0,0.9583333333333334,0.0,0.0,0.0
64,0,40,41,18,4,0,1,0,0.8,0.0,0.0,0.0
64,0,40,41,19,5,0,3,0,1.875,0.0,0.0,0.0
64,0,40,41,20,3,0,7,0,2.1,0.0,0.0,0.0
64,0,40,41,21,9,3,7,0,3.9375,0.3333333333333333,0.0,0.3333333333333333
64,0,40,41,22,3,0,13,0,2.4375,0.0,0.0,0.0
64,0,40,41,23,5,0,12,0,3.5294117647058822,0.0,0.0,0.0
64,0,40,41,24,2,0,14,0,1.75,0.0,0.0,0.0
64,0,40,41,25,6,3,16,0,4.363636363636363,0.5,0.0,0.5
64,0,40,41,26,1,0,21,0,0.9545454545454546,0.0,0.0,0.0
64,0,40,41,27,5,1,20,0,4.0,0.2,0.0,0.2
64,0,48,49,19,4,3,1,0,0.8,0.75,0.0,0.75
64,0,48,49,20,3,0,3,0,1.5,0.0,0.0,0.0
64,0,48,49,21,5,1,3,0,1.875,0.2,0.0,0.2
64,0,48,49,22,4,0,6,0,2.4,0.0,0.0,0.0
64,0,48,49,23,8,3,6,0,3.4285714285714284,0.375,0.0,0.375
64,0,48,49,24,3,0,10,0,2.3076923076923075,0.0,0.0,0.0
64,0,48,49,25,8,0,10,0,4.444444444444445,0.0,0.0,0.0
64,0,48,49,26,3,0,18,0,2.5714285714285716,0.0,0.0,0.0
64,0,48,49,27,5,2,20,0,4.0,0.4,0.0,0.4
64,0,56,57,20,1,0,2,0,0.6666666666666666,0.0,0.0,0.0
64,0,56,57,21,4,3,2,0,1.3333333333333333,0.75,0.0,0.75
64,0,56,57,22,1,0,4,0,0.8,0.0,0.0,0.0
64,0,56,57,23,5,3,3,0,1.875,0.6,0.0,0.6
64,0,56,57,24,2,0,4,0,1.3333333333333333,0.0,0.0,0.0
64,0,56,57,25,12,7,4,0,3.0,0.5833333333333334,0.0,0.5833333333333334
64,0,56,57,26,4,0,12,0,3.0,0.0,0.0,0.0
64,0,56,57,27,8,2,12,0,4.8,0.25,0.0,0.25
64,0,56,57,28,5,0,18,0,3.9130434782608696,0.0,0.0,0.0
64,0,56,57,29,3,1,22,0,2.64,0.3333333333333333,0.0,0.3333333333333333
64,0,56,57,30,2,0,21,0,1.826086956521739,0.0,0.0,0.0
64,0,56,57,31,3,1,19,0,2.590909090909091,0.3333333333333333,0.0,0.3333333333333333
64,0,56,57,32,3,0,17,0,2.55,0.0,0.0,0.0
64,0,56,57,33,3,1,16,0,2.526315789473684,0.3333333333333333,0.0,0.3333333333333333
64,0,56,57,34,3,0,14,0,2.4705882352941178,0.0,0.0,0.0
64,0,56,57,35,4,1,13,0,3.0588235294117645,0.25,0.0,0.25
64,0,56,57,36,1,0,15,0,0.9375,0.0,0.0,0.0
64,0,56,57,37,2,1,14,0,1.75,0.5,0.0,0.5
64,0,64,65,24,1,0,1,0,0.5,0.0,0.0,0.0
64,0,64,65,25,6,3,1,0,0.8571428571428571,0.5,0.0,0.5
64,0,64,65,26,5,0,3,0,1.875,0.0,0.0,0.0
64,0,64,65,27,10,1,4,0,2.857142857142857,0.1,0.0,0.1
64,0,64,65,28,4,0,11,0,2.933333333333333,0.0,0.0,0.0
64,0,64,65,29,10,5,13,0,5.6521739130434785,0.5,0.0,0.5
64,0,64,65,30,2,0,20,0,1.8181818181818181,0.0,0.0,0.0
64,0,64,65,31,2,1,18,0,1.8,0.5,0.0,0.5
64,0,64,65,32,2,0,16,0,1.7777777777777777,0.0,0.0,0.0
64,0,64,65,33,2,0,15,0,1.7647058823529411,0.0,0.0,0.0
64,0,64,65,34,2,0,13,0,1.7333333333333334,0.0,0.0,0.0
64,0,64,65,35,2,0,12,0,1.7142857142857142,0.0,0.0,0.0
64,0,64,65,36,2,0,11,0,1.6923076923076923,0.0,0.0,0.0
64,0,64,65,37,2,0,10,0,1.6666666666666667,0.0,0.0,0.0
64,0,64,65,38,1,0,9,0,0.9,0.0,0.0,0.0
64,0,64,65,39,2,1,8,0,1.6,0.5,0.0,0.5
64,0,64,65,41,1,0,6,0,0.8571428571428571,0.0,0.0,0.0
64,0,64,65,43,1,0,4,0,0.8,0.0,0.0,0.0
64,0,64,65,45,2,1,3,0,1.2,0.5,0.0,0.5
64,0,64,65,47,2,1,4,0,1.3333333333333333,0.5,0.0,0.5
64,0,64,65,48,1,0,8,0,0.8888888888888888,0.0,0.0,0.0
64,0,64,65,49,1,1,10,0,0.9090909090909091,1.0,0.0,1.0
64,0,64,65,50,1,0,12,0,0.9230769230769231,0.0,0.0,0.0
64,0,64,65,51,2,0,14,0,1.75,0.0,0.0,0.0
64,0,72,73,26,1,0,1,0,0.5,0.0,0.0,0.0
64,0,72,73,27,6,2,1,0,0.8571428571428571,0.3333333333333333,0.0,0.3333333333333333
64,0,72,73,28,4,0,4,0,2.0,0.0,0.0,0.0
64,0,72,73,29,8,2,5,0,3.076923076923077,0.25,0.0,0.25
64,0,72,73,30,3,0,10,0,2.3076923076923075,0.0,0.0,0.0
64,0,72,73,31,7,1,9,0,3.9375,0.14285714285714285,0.0,0.14285714285714285
64,0,72,73,33,3,1,11,0,2.357142857142857,0.3333333333333333,0.0,0.3333333333333333
64,0,72,73,34,1,0,10,0,0.9090909090909091,0.0,0.0,0.0
64,0,72,73,35,3,1,8,0,2.1818181818181817,0.3333333333333333,0.0,0.3333333333333333
64,0,72,73,36,1,0,8,0,0.8888888888888888,0.0,0.0,0.0
64,0,72,73,37,4,2,6,0,2.4,0.5,0.0,0.5
64,0,72,73,39,4,3,4,0,2.0,0.75,0.0,0.75
64,0,72,73,41,3,2,4,0,1.7142857142857142,0.6666666666666666,0.0,0.6666666666666666
64,0,72,73,44,1,0,3,0,0.75,0.0,0.0,0.0
64,0,72,73,45,1,0,3,0,0.75,0.0,0.0,0.0
64,0,72,73,46,1,0,4,0,0.8,0.0,0.0,0.0
64,0,72,73,47,1,0,4,0,0.8,0.0,0.0,0.0
64,0,72,73,48,1,0,7,0,0.875,0.0,0.0,0.0
64,0,72,73,49,1,0,9,0,0.9,0.0,0.0,0.0
64,0,72,73,50,1,0,11,0,0.9166666666666666,0.0,0.0,0.0
64,0,72,73,51,2,0,13,0,1.7333333333333334,0.0,0.0,0.0
64,0,72,73,52,2,0,15,0,1.7647058823529411,0.0,0.0,0.0
64,0,72,73,53,2,0,17,0,1.7894736842105263,0.0,0.0,0.0
64,0,72,73,54,2,0,19,0,1.8095238095238095,0.0,0.0,0.0
64,0,72,73,55,2,0,21,0,1.826086956521739,0.0,0.0,0.0
64,0,72,73,56,2,0,22,0,1.8333333333333333,0.0,0.0,0.0
64,0,72,73,57,1,0,23,0,0.9583333333333334,0.0,0.0,0.0
64,0,72,73,58,1,0,24,0,0.96,0.0,0.0,0.0
64,0,80,81,29,6,2,2,0,1.5,0.3333333333333333,0.0,0.3333333333333333
64,0,80,81,30,6,0,3,0,2.0,0.0,0.0,0.0
64,0,80,81,31,9,6,4,0,2.769230769230769,0.6666666666666666,0.0,0.6666666666666666
64,0,80,81,32,4,0,8,0,2.6666666666666665,0.0,0.0,0.0
64,0,80,81,33,4,0,8,0,2.6666666666666665,0.0,0.0,0.0
64,0,80,81,34,2,0,9,0,1.6363636363636365,0.0,0.0,0.0
64,0,80,81,35,2,0,9,0,1.6363636363636365,0.0,0.0,0.0
64,0,80,81,36,2,0,8,0,1.6,0.0,0.0,0.0
64,0,80,81,37,4,0,5,0,2.2222222222222223,0.0,0.0,0.0
64,0,80,81,38,2,0,4,0,1.3333333333333333,0.0,0.0,0.0
64,0,80,81,39,3,1,3,0,1.5,0.3333333333333333,0.0,0.3333333333333333
64,0,80,81,40,2,0,3,0,1.2,0.0,0.0,0.0
64,0,80,81,41,3,0,1,0,0.75,0.0,0.0,0.0
64,0,80,81,43,3,0,1,0,0.75,0.0,0.0,0.0
64,0,80,81,46,1,0,1,0,0.5,0.0,0.0,0.0
64,0,80,81,47,2,0,2,0,1.0,0.0,0.0,0.0
64,0,80,81,48,1,0,6,0,0.8571428571428571,0.0,0.0,0.0
64,0,80,81,49,1,0,8,0,0.8888888888888888,0.0,0.0,0.0
64,0,80,81,50,1,0,10,0,0.9090909090909091,0.0,0.0,0.0
64,0,80,81,51,2,0,12,0,1.7142857142857142,0.0,0.0,0.0
64,0,80,81,52,2,0,14,0,1.75,0.0,0.0,0.0
64,0,80,81,53,2,0,16,0,1.7777777777777777,0.0,0.0,0.0
64,0,80,81,54,2,0,18,0,1.8,0.0,0.0,0.0
64,0,80,81,55,3,1,20,0,2.608695652173913,0.3333333333333333,0.0,0.3333333333333333
64,0,80,81,56,2,0,22,0,1.8333333333333333,0.0,0.0,0.0
64,0,80,81,57,1,0,23,0,0.9583333333333334,0.0,0.0,0.0
64,0,80,81,58,1,0,24,0,0.96,0.0,0.0,0.0
64,0,88,89,29,3,2,1,0,0.75,0.6666666666666666,0.0,0.6666666666666666
64,0,88,89,30,4,0,1,0,0.8,0.0,0.0,0.0
64,0,88,89,31,5,2,3,0,1.875,0.4,0.0,0.4
64,0,88,89,32,2,0,4,0,1.3333333333333333,0.0,0.0,0.0
64,0,88,89,33,7,4,3,0,2.1,0.5714285714285714,0.0,0.5714285714285714
64,0,88,89,34,3,0,6,0,2.0,0.0,0.0,0.0
64,0,88,89,35,4,0,6,0,2.4,0.0,0.0,0.0
64,0,88,89,36,1,0,8,0,0.8888888888888888,0.0,0.0,0.0
64,0,88,89,37,2,1,7,0,1.5555555555555556,0.5,0.0,0.5
64,0,88,89,38,1,0,6,0,0.8571428571428571,0.0,0.0,0.0
64,0,88,89,39,3,2,5,0,1.875,0.6666666666666666,0.0,0.6666666666666666
64,0,88,89,41,2,0,4,0,1.3333333333333333,0.0,0.0,0.0
64,0,88,89,42,1,0,4,0,0.8,0.0,0.0,0.0
64,0,88,89,47,2,1,1,0,0.6666666666666666,0.5,0.0,0.5
64,0,88,89,48,2,0,3,0,1.2,0.0,0.0,0.0
64,0,88,89,49,4,1,4,0,2.0,0.25,0.0,0.25
64,0,88,89,50,2,0,9,0,1.6363636363636365,0.0,0.0,0.0
64,0,88,89,51,3,1,11,0,2.357142857142857,0.3333333333333333,0.0,0.3333333333333333
64,0,88,89,52,2,0,14,0,1.75,0.0,0.0,0.0
64,0,88,89,53,2,0,16,0,1.7777777777777777,0.0,0.0,0.0
64,0,88,89,54,2,0,18,0,1.8,0.0,0.0,0.0
64,0,88,89,55,2,0,20,0,1.8181818181818181,0.0,0.0,0.0
64,0,88,89,56,1,0,21,0,0.9545454545454546,0.0,0.0,0.0
64,0,88,89,57,1,0,22,0,0.9565217391304348,0.0,0.0,0.0
64,0,88,89,58,1,0,23,0,0.9583333333333334,0.0,0.0,0.0
64,0,88,89,59,2,0,24,0,1.8461538461538463,0.0,0.0,0.0
64,0,96,97,30,2,0,1,0,0.6666666666666666,0.0,0.0,0.0
64,0,96,97,31,2,1,2,0,1.0,0.5,0.0,0.5
64,0,96,97,32,1,0,3,0,0.75,0.0,0.0,0.0
64,0,96,97,33,3,0,3,0,1.5,0.0,0.0,0.0
64,0,96,97,34,2,0,3,0,1.2,0.0,0.0,0.0
64,0,96,97,35,3,0,3,0,1.5,0.0,0.0,0.0
64,0,96,97,36,5,0,4,0,2.2222222222222223,0.0,0.0,0.0
64,0,96,97,37,2,1,7,0,1.5555555555555556,0.5,0.0,0.5
64,0,96,97,38,1,0,6,0,0.8571428571428571,0.0,0.0,0.0
64,0,96,97,39,3,2,5,0,1.875,0.6666666666666666,0.0,0.6666666666666666
64,0,96,97,41,3,0,4,0,1.7142857142857142,0.0,0.0,0.0
64,0,96,97,47,1,1,1,0,0.5,1.0,0.0,1.0
64,0,96,97,49,3,0,2,0,1.2,0.0,0.0,0.0
64,0,96,97,50,4,1,4,0,2.0,0.25,0.0,0.25
64,0,96,97,51,4,2,7,0,2.5454545454545454,0.5,0.0,0.5
64,0,96,97,52,2,0,10,0,1.6666666666666667,0.0,0.0,0.0
64,0,96,97,53,4,1,11,0,2.933333333333333,0.25,0.0,0.25
64,0,96,97,54,3,0,14,0,2.4705882352941178,0.0,0.0,0.0
64,0,96,97,55,3,1,16,0,2.526315789473684,0.3333333333333333,0.0,0.3333333333333333
64,0,96,97,56,2,0,17,0,1.7894736842105263,0.0,0.0,0.0
64,0,96,97,57,3,1,18,0,2.5714285714285716,0.3333333333333333,0.0,0.3333333333333333
64,0,96,97,58,2,1,21,0,1.826086956521739,0.5,0.0,0.5
64,0,96,97,59,3,1,23,0,2.6538461538461537,0.3333333333333333,0.0,0.3333333333333333
64,0,104,105,31,3,1,1,0,0.75,0.3333333333333333,0.0,0.3333333333333333
64,0,104,105,33,2,0,3,0,1.2,0.0,0.0,0.0
64,0,104,105,34,1,0,3,0,0.75,0.0,0.0,0.0
64,0,104,105,35,2,0,3,0,1.2,0.0,0.0,0.0
64,0,104,105,36,2,0,3,0,1.2,0.0,0.0,0.0
64,0,104,105,37,4,2,3,0,1.7142857142857142,0.5,0.0,0.5
64,0,104,105,38,2,0,5,0,1.4285714285714286,0.0,0.0,0.0
64,0,104,105,39,3,2,5,0,1.875,0.6666666666666666,0.0,0.6666666666666666
64,0,104,105,41,3,0,4,0,1.7142857142857142,0.0,0.0,0.0
64,0,104,105,45,1,0,1,0,0.5,0.0,0.0,0.0
64,0,104,105,48,1,0,1,0,0.5,0.0,0.0,0.0
64,0,104,105,50,2,0,2,0,1.0,0.0,0.0,0.0
64,0,104,105,51,5,2,2,0,1.4285714285714286,0.4,0.0,0.4
64,0,104,105,52,2,0,4,0,1.3333333333333333,0.0,0.0,0.0
64,0,104,105,53,6,4,5,0,2.727272727272727,0.6666666666666666,0.0,0.6666666666666666
64,0,104,105,54,2,0,7,0,1.5555555555555556,0.0,0.0,0.0
64,0,104,105,55,7,5,8,1,3.7333333333333334,0.7142857142857143,0.125,0.5892857142857143
64,0,104,105,56,1,0,13,0,0.9285714285714286,0.0,0.0,0.0
64,0,104,105,57,4,3,13,3,3.0588235294117645,0.75,0.23076923076923078,0.5192307692307692
64,0,104,105,58,3,0,16,0,2.526315789473684,0.0,0.0,0.0
64,0,104,105,59,3,2,18,0,2.5714285714285716,0.6666666666666666,0.0,0.6666666666666666
64,0,104,105,60,3,0,19,0,2.590909090909091,0.0,0.0,0.0
64,0,104,105,61,2,1,22,0,1.8333333333333333,0.5,0.0,0.5
64,0,104,105,62,1,0,24,0,0.96,0.0,0.0,0.0
64,0,112,113,31,1,0,1,0,0.5,0.0,0.0,0.0
64,0,112,113,32,1,0,2,0,0.6666666666666666,0.0,0.0,0.0
64,0,112,113,33,1,0,3,0,0.75,0.0,0.0,0.0
64,0,112,113,34,1,0,3,0,0.75,0.0,0.0,0.0
64,0,112,113,35,1,0,3,0,0.75,0.0,0.0,0.0
64,0,112,113,36,1,0,3,0,0.75,0.0,0.0,0.0
64,0,112,113,37,2,2,3,0,1.2,1.0,0.0,1.0
64,0,112,113,38,2,0,3,0,1.2,0.0,0.0,0.0
64,0,112,113,39,4,1,3,0,1.7142857142857142,0.25,0.0,0.25
64,0,112,113,40,1,0,5,0,0.8333333333333334,0.0,0.0,0.0
64,0,112,113,41,3,0,4,0,1.7142857142857142,0.0,0.0,0.0
64,0,112,113,45,1,0,1,0,0.5,0.0,0.0,0.0
64,0,112,113,50,2,0,1,0,0.6666666666666666,0.0,0.0,0.0
64,0,112,113,51,2,0,2,0,1.0,0.0,0.0,0.0
64,0,112,113,52,2,0,3,0,1.2,0.0,0.0,0.0
64,0,112,113,53,2,0,4,0,1.3333333333333333,0.0,0.0,0.0
64,0,112,113,54,2,0,5,0,1.4285714285714286,0.0,0.0,0.0
64,0,112,113,55,2,0,6,0,1.5,0.0,0.0,0.0
64,0,112,113,56,1,0,7,0,0.875,0.0,0.0,0.0
64,0,112,113,57,1,0,8,0,0.8888888888888888,0.0,0.0,0.0
64,0,112,113,58,2,0,9,0,1.6363636363636365,0.0,0.0,0.0
64,0,112,113,59,2,0,10,0,1.6666666666666667,0.0,0.0,0.0
64,0,112,113,60,2,0,10,0,1.6666666666666667,0.0,0.0,0.0
64,0,112,113,61,7,3,10,0,4.117647058823529,0.42857142857142855,0.0,0.42857142857142855
64,0,112,113,63,5,3,16,0,3.8095238095238093,0.6,0.0,0.6
64,0,112,113,64,2,0,19,0,1.8095238095238095,0.0,0.0,0.0
64,0,112,113,65,2,0,18,0,1.8,0.0,0.0,0.0
64,0,112,113,67,2,2,18,0,1.8,1.0,0.0,1.0
64,0,120,121,31,1,0,1,0,0.5,0.0,0.0,0.0
64,0,120,121,32,1,0,2,0,0.6666666666666666,0.0,0.0,0.0
64,0,120,121,33,1,1,3,0,0.75,1.0,0.0,1.0
64,0,120,121,35,2,1,2,0,1.0,0.5,0.0,0.5
64,0,120,121,37,2,1,2,0,1.0,0.5,0.0,0.5
64,0,120,121,39,2,1,2,0,1.0,0.5,0.0,0.5
64,0,120,121,40,1,0,3,0,0.75,0.0,0.0,0.0
64,0,120,121,41,3,1,3,0,1.5,0.3333333333333333,0.0,0.3333333333333333
64,0,120,121,42,2,0,3,0,1.2,0.0,0.0,0.0
64,0,120,121,45,1,0,1,0,0.5,0.0,0.0,0.0
64,0,120,121,50,2,0,1,0,0.6666666666666666,0.0,0.0,0.0
64,0,120,121,51,2,0,2,0,1.0,0.0,0.0,0.0
64,0,120,121,52,2,0,3,0,1.2,0.0,0.0,0.0
64,0,120,121,53,2,0,4,0,1.3333333333333333,0.0,0.0,0.0
64,0,120,121,54,2,0,5,0,1.4285714285714286,0.0,0.0,0.0
64,0,120,121,55,5,1,6,0,2.727272727272727,0.2,0.0,0.2
64,0,120,121,56,3,0,7,0,2.1,0.0,0.0,0.0
64,0,120,121,57,5,2,8,0,3.076923076923077,0.4,0.0,0.4
64,0,120,121,58,3,0,10,0,2.3076923076923075,0.0,0.0,0.0
64,0,120,121,59,6,1,10,0,3.75,0.16666666666666666,0.0,0.16666666666666666
64,0,120,121,60,3,0,12,0,2.4,0.0,0.0,0.0
64,0,120,121,61,5,2,11,0,3.4375,0.4,0.0,0.4
64,0,120,121,62,6,1,13,0,4.105263157894737,0.16666666666666666,0.0,0.16666666666666666
64,0,120,121,63,6,0,15,0,4.285714285714286,0.0,0.0,0.0
64,0,120,121,64,4,0,16,0,3.2,0.0,0.0,0.0
64,0,120,121,65,4,0,15,0,3.1578947368421053,0.0,0.0,0.0
64,0,120,121,66,3,0,15,0,2.5,0.0,0.0,0.0
64,0,120,121,67,5,2,14,0,3.6842105263157894,0.4,0.0,0.4
64,0,120,121,69,3,1,14,0,2.4705882352941178,0.3333333333333333,0.0,0.3333333333333333
64,0,128,129,32,1,0,1,0,0.5,0.0,0.0,0.0
64,0,128,129,33,1,1,2,0,0.6666666666666666,1.0,0.0,1.0
64,0,128,129,34,1,0,2,0,0.6666666666666666,0.0,0.0,0.0
64,0,128,129,35,1,1,2,0,0.6666666666666666,1.0,0.0,1.0
64,0,128,129,37,2,1,1,0,0.6666666666666666,0.5,0.0,0.5
64,0,128,129,39,2,1,1,0,0.6666666666666666,0.5,0.0,0.5
64,0,128,129,40,1,0,2,0,0.6666666666666666,0.0,0.0,0.0
64,0,128,129,41,3,1,2,0,1.2,0.3333333333333333,0.0,0.3333333333333333
64,0,128,129,42,1,0,3,0,0.75,0.0,0.0,0.0
64,0,128,129,43,2,0,2,0,1.0,0.0,0.0,0.0
64,0,128,129,44,2,0,1,0,0.6666666666666666,0.0,0.0,0.0
64,0,128,129,51,4,1,2,0,1.3333333333333333,0.25,0.0,0.25
64,0,128,129,52,3,0,3,0,1.5,0.0,0.0,0.0
64,0,128,129,53,5,1,4,0,2.2222222222222223,0.2,0.0,0.2
64,0,128,129,54,3,0,7,0,2.1,0.0,0.0,0.0
64,0,128,129,55,5,1,8,0,3.076923076923077,0.2,0.0,0.2
64,0,128,129,56,3,0,10,0,2.3076923076923075,0.0,0.0,0.0
64,0,128,129,57,5,1,10,0,3.3333333333333335,0.2,0.0,0.2
64,0,128,129,58,3,0,12,0,2.4,0.0,0.0,0.0
64,0,128,129,59,5,0,12,0,3.5294117647058822,0.0,0.0,0.0
64,0,128,129,60,4,0,13,0,3.0588235294117645,0.0,0.0,0.0
64,0,128,129,61,4,0,13,0,3.0588235294117645,0.0,0.0,0.0
64,0,128,129,62,4,0,14,0,3.111111111111111,0.0,0.0,0.0
64,0,128,129,63,4,0,14,0,3.111111111111111,0.0,0.0,0.0
64,0,128,129,64,3,1,15,0,2.5,0.3333333333333333,0.0,0.3333333333333333
64,0,128,129,65,3,0,15,0,2.5,0.0,0.0,0.0
64,0,128,129,66,3,0,15,0,2.5,0.0,0.0,0.0
64,0,128,129,67,2,0,15,0,1.7647058823529411,0.0,0.0,0.0
64,0,128,129,68,4,0,12,0,3.0,0.0,0.0,0.0
64,0,128,129,69,2,0,12,0,1.7142857142857142,0.0,0.0,0.0
64,0,128,129,70,2,0,12,0,1.7142857142857142,0.0,0.0,0.0
64,0,128,129,71,2,0,12,0,1.7142857142857142,0.0,0.0,0.0
64,0,128,129,72,2,0,11,0,1.6923076923076923,0.0,0.0,0.0
64,0,128,129,73,2,0,10,0,1.6666666666666667,0.0,0.0,0.0
64,0,128,129,74,4,2,9,0,2.769230769230769,0.5,0.0,0.5
64,0,128,129,75,2,0,11,0,1.6923076923076923,0.0,0.0,0.0
64,0,128,129,76,2,0,11,0,1.6923076923076923,0.0,0.0,0.0
64,0,136,137,33,1,1,1,0,0.5,1.0,0.0,1.0
64,0,136,137,42,3,0,1,0,0.75,0.0,0.0,0.0
64,0,136,137,43,2,0,1,0,0.6666666666666666,0.0,0.0,0.0
64,0,136,137,51,5,2,1,0,0.8333333333333334,0.4,0.0,0.4
64,0,136,137,52,3,0,2,0,1.2,0.0,0.0,0.0
64,0,136,137,53,6,2,3,0,2.0,0.3333333333333333,0.0,0.3333333333333333
64,0,136,137,54,3,0,6,0,2.0,0.0,0.0,0.0
64,0,136,137,55,6,1,7,0,3.230769230769231,0.16666666666666666,0.0,0.16666666666666666
64,0,136,137,56,3,0,9,0,2.25,0.0,0.0,0.0
64,0,136,137,57,6,2,9,0,3.6,0.3333333333333333,0.0,0.3333333333333333
64,0,136,137,58,4,0,12,0,3.0,0.0,0.0,0.0
64,0,136,137,59,5,1,13,0,3.611111111111111,0.2,0.0,0.2
64,0,136,137,60,2,0,15,0,1.7647058823529411,0.0,0.0,0.0
64,0,136,137,61,5,1,13,0,3.611111111111111,0.2,0.0,0.2
64,0,136,137,62,2,0,15,0,1.7647058823529411,0.0,0.0,0.0
64,0,136,137,63,4,0,14,0,3.111111111111111,0.0,0.0,0.0
64,0,136,137,64,2,1,16,0,1.7777777777777777,0.5,0.0,0.5
64,0,136,137,65,2,0,16,0,1.7777777777777777,0.0,0.0,0.0
64,0,136,137,66,1,0,16,0,0.9411764705882353,0.0,0.0,0.0
64,0,136,137,67,1,0,15,0,0.9375,0.0,0.0,0.0
64,0,136,137,68,3,0,12,0,2.4,0.0,0.0,0.0
64,0,136,137,69,1,0,12,0,0.9230769230769231,0.0,0.0,0.0
64,0,136,137,70,1,0,12,0,0.9230769230769231,0.0,0.0,0.0
64,0,136,137,71,1,0,12,0,0.9230769230769231,0.0,0.0,0.0
64,0,136,137,72,1,0,11,0,0.9166666666666666,0.0,0.0,0.0
64,0,136,137,73,1,0,10,0,0.9090909090909091,0.0,0.0,0.0
64,0,136,137,74,1,0,9,0,0.9,0.0,0.0,0.0
64,0,136,137,75,1,0,9,0,0.9,0.0,0.0,0.0
64,0,136,137,76,2,1,9,0,1.6363636363636365,0.5,0.0,0.5
64,0,136,137,77,2,0,9,0,1.6363636363636365,0.0,0.0,0.0
64,0,144,145,51,5,1,1,0,0.8333333333333334,0.2,0.0,0.2
64,0,144,145,52,4,0,3,0,1.7142857142857142,0.0,0.0,0.0
64,0,144,145,53,5,1,4,0,2.2222222222222223,0.2,0.0,0.2
64,0,144,145,54,4,0,6,0,2.4,0.0,0.0,0.0
64,0,144,145,55,6,1,7,0,3.230769230769231,0.16666666666666666,0.0,0.16666666666666666
64,0,144,145,56,3,0,9,0,2.25,0.0,0.0,0.0
64,0,144,145,57,5,1,9,0,3.2142857142857144,0.2,0.0,0.2
64,0,144,145,58,4,0,11,0,2.933333333333333,0.0,0.0,0.0
64,0,144,145,59,5,1,12,0,3.5294117647058822,0.2,0.0,0.2
64,0,144,145,60,2,0,14,0,1.75,0.0,0.0,0.0
64,0,144,145,61,5,1,12,0,3.5294117647058822,0.2,0.0,0.2
64,0,144,145,62,2,0,14,0,1.75,0.0,0.0,0.0
64,0,144,145,63,4,0,13,0,3.0588235294117645,0.0,0.0,0.0
64,0,144,145,64,2,0,15,0,1.7647058823529411,0.0,0.0,0.0
64,0,144,145,65,2,0,15,0,1.7647058823529411,0.0,0.0,0.0
64,0,144,145,66,1,0,15,0,0.9375,0.0,0.0,0.0
64,0,144,145,67,1,0,14,0,0.9333333333333333,0.0,0.0,0.0
64,0,144,145,68,3,0,11,0,2.357142857142857,0.0,0.0,0.0
64,0,144,145,69,1,0,11,0,0.9166666666666666,0.0,0.0,0.0
64,0,144,145,70,1,0,11,0,0.9166666666666666,0.0,0.0,0.0
64,0,144,145,71,1,0,11,0,0.9166666666666666,0.0,0.0,0.0
64,0,144,145,72,1,0,10,0,0.9090909090909091,0.0,0.0,0.0
64,0,144,145,73,1,0,9,0,0.9,0.0,0.0,0.0
64,0,144,145,74,1,0,8,0,0.8888888888888888,0.0,0.0,0.0
64,0,144,145,75,1,0,8,0,0.8888888888888888,0.0,0.0,0.0
64,0,144,145,76,1,0,8,0,0.8888888888888888,0.0,0.0,0.0
64,0,144,145,77,1,0,8,0,0.8888888888888888,0.0,0.0,0.0
64,0,144,145,78,1,0,8,0,0.8888888888888888,0.0,0.0,0.0
64,0,152,153,51,5,1,1,0,0.8333333333333334,0.2,0.0,0.2
64,0,152,153,52,4,0,3,0,1.7142857142857142,0.0,0.0,0.0
64,0,152,153,53,5,0,4,0,2.2222222222222223,0.0,0.0,0.0
64,0,152,153,54,4,0,6,0,2.4,0.0,0.0,0.0
64,0,152,153,55,6,1,7,0,3.230769230769231,0.16666666666666666,0.0,0.16666666666666666
64,0,152,153,56,3,0,9,0,2.25,0.0,0.0,0.0
64,0,152,153,57,5,1,9,0,3.2142857142857144,0.2,0.0,0.2
64,0,152,153,58,4,0,11,0,2.933333333333333,0.0,0.0,0.0
64,0,152,153,59,5,1,12,0,3.5294117647058822,0.2,0.0,0.2
64,0,152,153,60,2,0,14,0,1.75,0.0,0.0,0.0
64,0,152,153,61,4,1,13,0,3.0588235294117645,0.25,0.0,0.25
64,0,152,153,62,2,0,15,0,1.7647058823529411,0.0,0.0,0.0
64,0,152,153,63,3,0,14,0,2.4705882352941178,0.0,0.0,0.0
64,0,152,153,64,2,0,15,0,1.7647058823529411,0.0,0.0,0.0
64,0,152,153,65,2,0,15,0,1.7647058823529411,0.0,0.0,0.0
64,0,152,153,66,1,0,15,0,0.9375,0.0,0.0,0.0
64,0,152,153,67,1,0,14,0,0.9333333333333333,0.0,0.0,0.0
64,0,152,153,68,1,0,13,0,0.9285714285714286,0.0,0.0,0.0
64,0,152,153,69,1,0,12,1,0.9230769230769231,0.0,0.08333333333333333,-0.08333333333333333
64,0,152,153,70,1,0,11,0,0.9166666666666666,0.0,0.0,0.0
64,0,152,153,71,1,0,11,0,0.9166666666666666,0.0,0.0,0.0
64,0,152,153,72,1,0,10,0,0.9090909090909091,0.0,0.0,0.0
64,0,152,153,73,1,0,9,0,0.9,0.0,0.0,0.0
64,0,152,153,74,1,0,8,0,0.8888888888888888,0.0,0.0,0.0
64,0,152,153,75,1,0,8,0,0.8888888888888888,0.0,0.0,0.0
64,0,152,153,76,1,0,8,0,0.8888888888888888,0.0,0.0,0.0
64,0,152,153,77,1,0,8,0,0.8888888888888888,0.0,0.0,0.0
64,0,152,153,78,1,0,8,0,0.8888888888888888,0.0,0.0,0.0
64,0,160,161,51,5,1,1,0,0.8333333333333334,0.2,0.0,0.2
64,0,160,161,52,4,0,3,0,1.7142857142857142,0.0,0.0,0.0
64,0,160,161,53,5,1,4,0,2.2222222222222223,0.2,0.0,0.2
64,0,160,161,54,4,0,6,0,2.4,0.0,0.0,0.0
64,0,160,161,55,6,1,7,0,3.230769230769231,0.16666666666666666,0.0,0.16666666666666666
64,0,160,161,56,3,0,9,0,2.25,0.0,0.0,0.0
64,0,160,161,57,5,1,9,0,3.2142857142857144,0.2,0.0,0.2
64,0,160,161,58,4,0,11,0,2.933333333333333,0.0,0.0,0.0
64,0,160,161,59,5,1,12,0,3.5294117647058822,0.2,0.0,0.2
64,0,160,161,60,2,0,14,0,1.75,0.0,0.0,0.0
64,0,160,161,61,4,1,13,0,3.0588235294117645,0.25,0.0,0.25
64,0,160,161,62,2,0,15,0,1.7647058823529411,0.0,0.0,0.0
64,0,160,161,63,3,0,14,0,2.4705882352941178,0.0,0.0,0.0
64,0,160,161,64,2,0,15,0,1.7647058823529411,0.0,0.0,0.0
64,0,160,161,65,2,0,15,0,1.7647058823529411,0.0,0.0,0.0
64,0,160,161,66,1,0,15,0,0.9375,0.0,0.0,0.0
64,0,160,161,67,1,0,14,0,0.9333333333333333,0.0,0.0,0.0
64,0,160,161,68,1,0,13,0,0.9285714285714286,0.0,0.0,0.0
64,0,160,161,69,1,0,12,0,0.9230769230769231,0.0,0.0,0.0
64,0,160,161,70,1,0,11,0,0.9166666666666666,0.0,0.0,0.0
64,0,160,161,71,1,0,11,0,0.9166666666666666,0.0,0.0,0.0
64,0,160,161,72,1,0,10,0,0.9090909090909091,0.0,0.0,0.0
64,0,160,161,73,1,0,9,0,0.9,0.0,0.0,0.0
64,0,160,161,74,1,0,8,0,0.8888888888888888,0.0,0.0,0.0
64,0,160,161,75,1,0,8,0,0.8888888888888888,0.0,0.0,0.0
64,0,160,161,76,1,0,8,0,0.8888888888888888,0.0,0.0,0.0
64,0,160,161,77,1,0,8,0,0.8888888888888888,0.0,0.0,0.0
64,0,160,161,78,1,0,8,0,0.8888888888888888,0.0,0.0,0.0
64,0,168,169,52,2,0,2,0,1.0,0.0,0.0,0.0
64,0,168,169,53,4,1,2,0,1.3333333333333333,0.25,0.0,0.25
64,0,168,169,54,3,0,4,0,1.7142857142857142,0.0,0.0,0.0
64,0,168,169,55,6,4,5,0,2.727272727272727,0.6666666666666666,0.0,0.6666666666666666
64,0,168,169,56,2,0,7,0,1.5555555555555556,0.0,0.0,0.0
64,0,168,169,57,6,3,7,0,3.230769230769231,0.5,0.0,0.5
64,0,168,169,58,3,0,10,0,2.3076923076923075,0.0,0.0,0.0
64,0,168,169,59,6,1,10,0,3.75,0.16666666666666666,0.0,0.16666666666666666
64,0,168,169,60,2,0,13,0,1.7333333333333334,0.0,0.0,0.0
64,0,168,169,61,6,1,12,0,4.0,0.16666666666666666,0.0,0.16666666666666666
64,0,168,169,62,2,0,15,0,1.7647058823529411,0.0,0.0,0.0
64,0,168,169,63,2,0,15,0,1.7647058823529411,0.0,0.0,0.0
64,0,168,169,64,3,0,15,0,2.5,0.0,0.0,0.0
64,0,168,169,65,1,0,16,0,0.9411764705882353,0.0,0.0,0.0
64,0,168,169,66,1,0,15,0,0.9375,0.0,0.0,0.0
64,0,168,169,67,1,0,14,0,0.9333333333333333,0.0,0.0,0.0
64,0,168,169,68,1,0,13,0,0.9285714285714286,0.0,0.0,0.0
64,0,168,169,69,1,0,12,0,0.9230769230769231,0.0,0.0,0.0
64,0,168,169,70,1,0,11,0,0.9166666666666666,0.0,0.0,0.0
64,0,168,169,71,1,0,11,0,0.9166666666666666,0.0,0.0,0.0
64,0,168,169,72,1,0,10,0,0.9090909090909091,0.0,0.0,0.0
64,0,168,169,73,1,0,9,0,0.9,0.0,0.0,0.0
64,0,168,169,74,1,0,8,0,0.8888888888888888,0.0,0.0,0.0
64,0,168,169,75,1,0,8,0,0.8888888888888888,0.0,0.0,0.0
64,0,168,169,76,1,0,8,0,0.8888888888888888,0.0,0.0,0.0
64,0,168,169,77,1,0,8,0,0.8888888888888888,0.0,0.0,0.0
64,0,168,169,78,1,0,8,0,0.8888888888888888,0.0,0.0,0.0
64,0,176,177,52,3,0,1,0,0.75,0.0,0.0,0.0
64,0,176,177,53,3,0,2,0,1.2,0.0,0.0,0.0
64,0,176,177,54,3,0,3,0,1.5,0.0,0.0,0.0
64,0,176,177,55,3,0,4,0,1.7142857142857142,0.0,0.0,0.0
64,0,176,177,56,2,0,5,0,1.4285714285714286,0.0,0.0,0.0
64,0,176,177,57,2,0,6,0,1.5,0.0,0.0,0.0
64,0,176,177,58,2,0,7,0,1.5555555555555556,0.0,0.0,0.0
64,0,176,177,59,3,1,8,0,2.1818181818181817,0.3333333333333333,0.0,0.3333333333333333
64,0,176,177,60,2,0,8,0,1.6,0.0,0.0,0.0
64,0,176,177,61,8,5,8,0,4.0,0.625,0.0,0.625
64,0,176,177,62,2,0,13,0,1.7333333333333334,0.0,0.0,0.0
64,0,176,177,63,3,0,13,0,2.4375,0.0,0.0,0.0
64,0,176,177,64,3,0,14,0,2.4705882352941178,0.0,0.0,0.0
64,0,176,177,65,2,0,15,0,1.7647058823529411,0.0,0.0,0.0
64,0,176,177,66,1,0,15,0,0.9375,0.0,0.0,0.0
64,0,176,177,67,1,0,14,0,0.9333333333333333,0.0,0.0,0.0
64,0,176,177,68,1,0,13,0,0.9285714285714286,0.0,0.0,0.0
64,0,176,177,69,1,0,12,0,0.9230769230769231,0.0,0.0,0.0
64,0,176,177,70,1,0,11,0,0.9166666666666666,0.0,0.0,0.0
64,0,176,177,71,1,0,11,0,0.9166666666666666,0.0,0.0,0.0
64,0,176,177,72,1,0,10,0,0.9090909090909091,0.0,0.0,0.0
64,0,176,177,73,1,0,9,0,0.9,0.0,0.0,0.0
64,0,176,177,74,1,0,8,0,0.8888888888888888,0.0,0.0,0.0
64,0,176,177,75,1,0,8,0,0.8888888888888888,0.0,0.0,0.0
64,0,176,177,76,1,0,8,0,0.8888888888888888,0.0,0.0,0.0
64,0,176,177,77,1,0,8,0,0.8888888888888888,0.0,0.0,0.0
64,0,176,177,78,1,0,8,0,0.8888888888888888,0.0,0.0,0.0
64,0,184,185,52,1,0,1,0,0.5,0.0,0.0,0.0
64,0,184,185,53,3,1,1,0,0.75,0.3333333333333333,0.0,0.3333333333333333
64,0,184,185,54,3,0,2,0,1.2,0.0,0.0,0.0
64,0,184,185,55,3,0,3,0,1.5,0.0,0.0,0.0
64,0,184,185,56,2,0,4,0,1.3333333333333333,0.0,0.0,0.0
64,0,184,185,57,2,0,5,0,1.4285714285714286,0.0,0.0,0.0
64,0,184,185,58,2,0,6,0,1.5,0.0,0.0,0.0
64,0,184,185,59,2,0,7,0,1.5555555555555556,0.0,0.0,0.0
64,0,184,185,60,2,0,7,0,1.5555555555555556,0.0,0.0,0.0
64,0,184,185,61,3,2,7,0,2.1,0.6666666666666666,0.0,0.6666666666666666
64,0,184,185,62,3,0,7,0,2.1,0.0,0.0,0.0
64,0,184,185,63,9,3,7,0,3.9375,0.3333333333333333,0.0,0.3333333333333333
64,0,184,185,64,3,0,13,0,2.4375,0.0,0.0,0.0
64,0,184,185,65,4,1,14,0,3.111111111111111,0.25,0.0,0.25
64,0,184,185,66,1,0,15,0,0.9375,0.0,0.0,0.0
64,0,184,185,67,2,1,14,0,1.75,0.5,0.0,0.5
64,0,184,185,68,1,0,13,0,0.9285714285714286,0.0,0.0,0.0
64,0,184,185,69,1,0,12,0,0.9230769230769231,0.0,0.0,0.0
64,0,184,185,70,1,0,11,0,0.9166666666666666,0.0,0.0,0.0
64,0,184,185,71,1,0,11,0,0.9166666666666666,0.0,0.0,0.0
64,0,184,185,72,1,0,10,0,0.9090909090909091,0.0,0.0,0.0
64,0,184,185,73,1,0,9,0,0.9,0.0,0.0,0.0
64,0,184,185,74,1,0,8,0,0.8888888888888888,0.0,0.0,0.0
64,0,184,185,75,1,0,8,0,0.8888888888888888,0.0,0.0,0.0
64,0,184,185,76,1,0,8,0,0.8888888888888888,0.0,0.0,0.0
64,0,184,185,77,1,0,8,0,0.8888888888888888,0.0,0.0,0.0
64,0,184,185,78,1,0,8,0,0.8888888888888888,0.0,0.0,0.0
64,0,192,193,58,1,0,1,0,0.5,0.0,0.0,0.0
64,0,192,193,59,2,1,1,0,0.6666666666666666,0.5,0.0,0.5
64,0,192,193,60,1,0,1,0,0.5,0.0,0.0,0.0
64,0,192,193,64,7,0,2,0,1.5555555555555556,0.0,0.0,0.0
64,0,192,193,65,5,0,5,0,2.5,0.0,0.0,0.0
64,0,192,193,66,3,0,7,0,2.1,0.0,0.0,0.0
64,0,192,193,67,4,0,7,0,2.5454545454545454,0.0,0.0,0.0
64,0,192,193,68,4,0,7,0,2.5454545454545454,0.0,0.0,0.0
64,0,192,193,69,5,1,7,0,2.9166666666666665,0.2,0.0,0.2
64,0,192,193,70,3,0,8,0,2.1818181818181817,0.0,0.0,0.0
64,0,192,193,71,5,1,8,0,3.076923076923077,0.2,0.0,0.2
64,0,192,193,72,1,0,10,0,0.9090909090909091,0.0,0.0,0.0
64,0,192,193,73,2,0,9,0,1.6363636363636365,0.0,0.0,0.0
64,0,192,193,74,1,0,8,0,0.8888888888888888,0.0,0.0,0.0
64,0,192,193,75,1,0,8,0,0.8888888888888888,0.0,0.0,0.0
64,0,192,193,76,1,0,8,0,0.8888888888888888,0.0,0.0,0.0
64,0,192,193,77,1,0,8,0,0.8888888888888888,0.0,0.0,0.0
64,0,192,193,78,1,0,8,0,0.8888888888888888,0.0,0.0,0.0
64,0,200,201,65,6,1,2,0,1.5,0.16666666666666666,0.0,0.16666666666666666
64,0,200,201,66,4,0,5,0,2.2222222222222223,0.0,0.0,0.0
64,0,200,201,67,2,0,7,0,1.5555555555555556,0.0,0.0,0.0
64,0,200,201,68,2,0,7,0,1.5555555555555556,0.0,0.0,0.0
64,0,200,201,69,2,0,7,0,1.5555555555555556,0.0,0.0,0.0
64,0,200,201,70,2,0,7,0,1.5555555555555556,0.0,0.0,0.0
64,0,200,201,71,2,0,8,0,1.6,0.0,0.0,0.0
64,0,200,201,72,2,0,8,0,1.6,0.0,0.0,0.0
64,0,200,201,73,3,1,8,0,2.1818181818181817,0.3333333333333333,0.0,0.3333333333333333
64,0,200,201,74,2,0,8,0,1.6,0.0,0.0,0.0
64,0,200,201,75,1,0,8,0,0.8888888888888888,0.0,0.0,0.0
64,0,200,201,76,1,0,8,0,0.8888888888888888,0.0,0.0,0.0
64,0,200,201,77,1,0,8,0,0.8888888888888888,0.0,0.0,0.0
64,0,200,201,79,1,0,7,0,0.875,0.0,0.0,0.0
64,0,208,209,65,4,0,1,0,0.8,0.0,0.0,0.0
64,0,208,209,66,4,0,2,0,1.3333333333333333,0.0,0.0,0.0
64,0,208,209,67,5,1,3,0,1.875,0.2,0.0,0.2
64,0,208,209,68,2,0,6,0,1.5,0.0,0.0,0.0
64,0,208,209,69,2,0,6,0,1.5,0.0,0.0,0.0
64,0,208,209,70,2,0,6,0,1.5,0.0,0.0,0.0
64,0,208,209,71,2,0,7,0,1.5555555555555556,0.0,0.0,0.0
64,0,208,209,72,2,0,7,0,1.5555555555555556,0.0,0.0,0.0
64,0,208,209,73,2,0,7,0,1.5555555555555556,0.0,0.0,0.0
64,0,208,209,74,2,0,7,0,1.5555555555555556,0.0,0.0,0.0
64,0,208,209,75,1,0,7,0,0.875,0.0,0.0,0.0
64,0,208,209,76,2,0,7,0,1.5555555555555556,0.0,0.0,0.0
64,0,208,209,77,1,0,8,0,0.8888888888888888,0.0,0.0,0.0
64,0,208,209,79,1,0,7,0,0.875,0.0,0.0,0.0
64,0,216,217,65,4,1,1,0,0.8,0.25,0.0,0.25
64,0,216,217,66,4,0,2,0,1.3333333333333333,0.0,0.0,0.0
64,0,216,217,67,4,0,3,0,1.7142857142857142,0.0,0.0,0.0
64,0,216,217,68,4,0,4,0,2.0,0.0,0.0,0.0
64,0,216,217,69,2,0,6,0,1.5,0.0,0.0,0.0
64,0,216,217,70,2,0,6,0,1.5,0.0,0.0,0.0
64,0,216,217,71,2,0,7,0,1.5555555555555556,0.0,0.0,0.0
64,0,216,217,72,2,0,7,0,1.5555555555555556,0.0,0.0,0.0
64,0,216,217,73,2,0,7,0,1.5555555555555556,0.0,0.0,0.0
64,0,216,217,74,2,0,7,0,1.5555555555555556,0.0,0.0,0.0
64,0,216,217,75,1,0,7,0,0.875,0.0,0.0,0.0
64,0,216,217,76,1,0,7,0,0.875,0.0,0.0,0.0
64,0,216,217,77,1,0,7,0,0.875,0.0,0.0,0.0
64,0,216,217,78,1,0,7,0,0.875,0.0,0.0,0.0
64,0,216,217,79,1,0,7,0,0.875,0.0,0.0,0.0
64,0,224,225,65,2,0,1,0,0.6666666666666666,0.0,0.0,0.0
64,0,224,225,66,3,0,2,0,1.2,0.0,0.0,0.0
64,0,224,225,67,4,0,3,0,1.7142857142857142,0.0,0.0,0.0
64,0,224,225,68,4,0,4,0,2.0,0.0,0.0,0.0
64,0,224,225,69,2,0,6,0,1.5,0.0,0.0,0.0
64,0,224,225,70,2,0,6,0,1.5,0.0,0.0,0.0
64,0,224,225,71,2,0,7,0,1.5555555555555556,0.0,0.0,0.0
64,0,224,225,72,2,0,7,0,1.5555555555555556,0.0,0.0,0.0
64,0,224,225,73,2,0,7,0,1.5555555555555556,0.0,0.0,0.0
64,0,224,225,74,2,0,7,0,1.5555555555555556,0.0,0.0,0.0
64,0,224,225,75,1,0,7,0,0.875,0.0,0.0,0.0
64,0,224,225,76,1,0,7,0,0.875,0.0,0.0,0.0
64,0,224,225,77,1,0,7,0,0.875,0.0,0.0,0.0
64,0,224,225,78,1,0,7,0,0.875,0.0,0.0,0.0
64,0,224,225,79,1,0,7,0,0.875,0.0,0.0,0.0
64,0,232,233,65,1,0,1,0,0.5,0.0,0.0,0.0
64,0,232,233,66,2,0,1,0,0.6666666666666666,0.0,0.0,0.0
64,0,232,233,67,3,1,2,0,1.2,0.3333333333333333,0.0,0.3333333333333333
64,0,232,233,68,3,0,3,0,1.5,0.0,0.0,0.0
64,0,232,233,69,3,1,4,0,1.7142857142857142,0.3333333333333333,0.0,0.3333333333333333
64,0,232,233,70,2,0,5,0,1.4285714285714286,0.0,0.0,0.0
64,0,232,233,71,2,1,6,0,1.5,0.5,0.0,0.5
64,0,232,233,72,2,0,6,0,1.5,0.0,0.0,0.0
64,0,232,233,73,2,0,6,0,1.5,0.0,0.0,0.0
64,0,232,233,74,2,0,6,0,1.5,0.0,0.0,0.0
64,0,232,233,75,2,1,6,0,1.5,0.5,0.0,0.5
64,0,232,233,76,1,0,6,0,0.8571428571428571,0.0,0.0,0.0
64,0,232,233,77,1,0,6,0,0.8571428571428571,0.0,0.0,0.0
64,0,232,233,78,1,0,6,0,0.8571428571428571,0.0,0.0,0.0
64,0,232,233,79,2,0,6,0,1.5,0.0,0.0,0.0
64,0,240,241,68,1,0,1,0,0.5,0.0,0.0,0.0
64,0,240,241,70,1,0,1,0,0.5,0.0,0.0,0.0
64,0,240,241,71,2,0,1,0,0.6666666666666666,0.0,0.0,0.0
64,0,240,241,72,1,0,1,0,0.5,0.0,0.0,0.0
64,0,240,241,74,1,0,1,0,0.5,0.0,0.0,0.0
64,0,240,241,80,1,0,1,0,0.5,0.0,0.0,0.0
64,0,240,241,82,1,0,2,0,0.6666666666666666,0.0,0.0,0.0
64,0,240,241,83,3,2,1,0,0.75,0.6666666666666666,0.0,0.6666666666666666
64,1,16,17,14,2,0,10,0,1.6666666666666667,0.0,0.0,0.0
64,1,24,25,16,3,0,3,0,1.5,0.0,0.0,0.0
64,1,24,25,17,4,1,3,0,1.7142857142857142,0.25,0.0,0.25
64,1,24,25,19,4,2,5,0,2.2222222222222223,0.5,0.0,0.5
64,1,32,33,18,1,0,4,0,0.8,0.0,0.0,0.0
64,1,32,33,20,1,0,3,0,0.75,0.0,0.0,0.0
64,1,32,33,21,5,1,2,0,1.4285714285714286,0.2,0.0,0.2
64,1,32,33,22,1,0,6,0,0.8571428571428571,0.0,0.0,0.0
64,1,32,33,23,7,4,6,0,3.230769230769231,0.5714285714285714,0.0,0.5714285714285714
64,1,40,41,20,1,0,2,0,0.6666666666666666,0.0,0.0,0.0
64,1,40,41,21,4,1,2,0,1.3333333333333333,0.25,0.0,0.25
64,1,40,41,22,3,0,4,0,1.7142857142857142,0.0,0.0,0.0
64,1,40,41,23,6,3,5,0,2.727272727272727,0.5,0.0,0.5
64,1,40,41,25,3,1,10,0,2.3076923076923075,0.3333333333333333,0.0,0.3333333333333333
64,1,40,41,27,3,1,11,0,2.357142857142857,0.3333333333333333,0.0,0.3333333333333333
64,1,48,49,22,2,0,4,0,1.3333333333333333,0.0,0.0,0.0
64,1,48,49,23,2,0,5,0,1.4285714285714286,0.0,0.0,0.0
64,1,48,49,24,3,0,6,0,2.0,0.0,0.0,0.0
64,1,48,49,25,5,1,6,0,2.727272727272727,0.2,0.0,0.2
64,1,48,49,26,1,0,10,0,0.9090909090909091,0.0,0.0,0.0
64,1,48,49,27,2,1,10,0,1.6666666666666667,0.5,0.0,0.5
64,1,48,49,28,2,0,10,0,1.6666666666666667,0.0,0.0,0.0
64,1,48,49,29,2,0,10,0,1.6666666666666667,0.0,0.0,0.0
64,1,48,49,30,1,0,11,0,0.9166666666666666,0.0,0.0,0.0
64,1,48,49,31,3,1,11,0,2.357142857142857,0.3333333333333333,0.0,0.3333333333333333
64,1,56,57,22,2,0,2,0,1.0,0.0,0.0,0.0
64,1,56,57,23,2,0,4,0,1.3333333333333333,0.0,0.0,0.0
64,1,56,57,24,2,0,5,0,1.4285714285714286,0.0,0.0,0.0
64,1,56,57,25,3,1,5,0,1.875,0.3333333333333333,0.0,0.3333333333333333
64,1,56,57,26,2,0,6,0,1.5,0.0,0.0,0.0
64,1,56,57,27,5,2,6,0,2.727272727272727,0.4,0.0,0.4
64,1,56,57,28,1,0,10,0,0.9090909090909091,0.0,0.0,0.0
64,1,56,57,29,2,1,10,0,1.6666666666666667,0.5,0.0,0.5
64,1,56,57,30,1,0,11,0,0.9166666666666666,0.0,0.0,0.0
64,1,56,57,31,2,1,11,0,1.6923076923076923,0.5,0.0,0.5
64,1,56,57,32,1,0,12,0,0.9230769230769231,0.0,0.0,0.0
64,1,56,57,33,2,0,11,0,1.6923076923076923,0.0,0.0,0.0
64,1,56,57,38,1,0,3,0,0.75,0.0,0.0,0.0
64,1,56,57,39,1,0,1,0,0.5,0.0,0.0,0.0
64,1,56,57,41,3,0,2,0,1.2,0.0,0.0,0.0
64,1,56,57,42,3,0,3,0,1.5,0.0,0.0,0.0
64,1,56,57,43,2,0,5,0,1.4285714285714286,0.0,0.0,0.0
64,1,56,57,44,4,0,6,0,2.4,0.0,0.0,0.0
64,1,64,65,24,2,0,5,0,1.4285714285714286,0.0,0.0,0.0
64,1,64,65,25,2,0,5,0,1.4285714285714286,0.0,0.0,0.0
64,1,64,65,26,2,0,5,0,1.4285714285714286,0.0,0.0,0.0
64,1,64,65,27,2,0,5,0,1.4285714285714286,0.0,0.0,0.0
64,1,64,65,28,2,0,5,0,1.4285714285714286,0.0,0.0,0.0
64,1,64,65,29,5,3,5,0,2.5,0.6,0.0,0.6
64,1,64,65,30,3,0,8,0,2.1818181818181817,0.0,0.0,0.0
64,1,64,65,31,2,0,10,0,1.6666666666666667,0.0,0.0,0.0
64,1,64,65,32,1,0,11,0,0.9166666666666666,0.0,0.0,0.0
64,1,64,65,33,2,0,10,0,1.6666666666666667,0.0,0.0,0.0
64,1,64,65,34,2,0,9,0,1.6363636363636365,0.0,0.0,0.0
64,1,64,65,38,1,0,3,0,0.75,0.0,0.0,0.0
64,1,64,65,39,1,0,1,0,0.5,0.0,0.0,0.0
64,1,64,65,42,1,0,1,0,0.5,0.0,0.0,0.0
64,1,64,65,43,2,1,2,0,1.0,0.5,0.0,0.5
64,1,64,65,44,2,0,3,0,1.2,0.0,0.0,0.0
64,1,64,65,45,2,1,4,0,1.3333333333333333,0.5,0.0,0.5
64,1,64,65,46,2,0,5,0,1.4285714285714286,0.0,0.0,0.0
64,1,64,65,47,3,1,6,0,2.0,0.3333333333333333,0.0,0.3333333333333333
64,1,64,65,48,2,0,7,0,1.5555555555555556,0.0,0.0,0.0
64,1,64,65,49,4,2,7,0,2.5454545454545454,0.5,0.0,0.5
64,1,64,65,50,2,0,9,0,1.6363636363636365,0.0,0.0,0.0
64,1,64,65,51,6,3,8,0,3.4285714285714284,0.5,0.0,0.5
64,1,64,65,53,2,1,11,1,1.6923076923076923,0.5,0.09090909090909091,0.40909090909090906
64,1,72,73,24,1,0,1,0,0.5,0.0,0.0,0.0
64,1,72,73,25,3,0,1,0,0.75,0.0,0.0,0.0
64,1,72,73,26,2,0,2,0,1.0,0.0,0.0,0.0
64,1,72,73,27,3,1,2,0,1.2,0.3333333333333333,0.0,0.3333333333333333
64,1,72,73,28,3,0,2,0,1.2,0.0,0.0,0.0
64,1,72,73,29,4,1,2,0,1.3333333333333333,0.25,0.0,0.25
64,1,72,73,30,3,0,3,0,1.5,0.0,0.0,0.0
64,1,72,73,31,5,0,3,0,1.875,0.0,0.0,0.0
64,1,72,73,32,5,0,5,0,2.5,0.0,0.0,0.0
64,1,72,73,33,5,1,6,0,2.727272727272727,0.2,0.0,0.2
64,1,72,73,34,2,0,7,0,1.5555555555555556,0.0,0.0,0.0
64,1,72,73,35,4,0,5,0,2.2222222222222223,0.0,0.0,0.0
64,1,72,73,38,1,0,3,0,0.75,0.0,0.0,0.0
64,1,72,73,39,1,0,1,0,0.5,0.0,0.0,0.0
64,1,72,73,47,4,2,1,0,0.8,0.5,0.0,0.5
64,1,72,73,48,2,0,2,0,1.0,0.0,0.0,0.0
64,1,72,73,49,4,2,1,0,0.8,0.5,0.0,0.5
64,1,72,73,50,1,0,3,0,0.75,0.0,0.0,0.0
64,1,72,73,51,7,3,1,1,0.875,0.42857142857142855,1.0,-0.5714285714285714
64,1,72,73,52,1,0,3,0,0.75,0.0,0.0,0.0
64,1,72,73,53,5,4,3,0,1.875,0.8,0.0,0.8
64,1,72,73,54,1,0,7,0,0.875,0.0,0.0,0.0
64,1,72,73,55,4,1,9,0,2.769230769230769,0.25,0.0,0.25
64,1,80,81,30,2,0,1,0,0.6666666666666666,0.0,0.0,0.0
64,1,80,81,31,4,2,1,0,0.8,0.5,0.0,0.5
64,1,80,81,32,3,0,2,0,1.2,0.0,0.0,0.0
64,1,80,81,33,8,2,1,0,0.8888888888888888,0.25,0.0,0.25
64,1,80,81,34,5,0,4,0,2.2222222222222223,0.0,0.0,0.0
64,1,80,81,35,3,0,5,0,1.875,0.0,0.0,0.0
64,1,80,81,36,2,0,5,0,1.4285714285714286,0.0,0.0,0.0
64,1,80,81,37,1,0,5,0,0.8333333333333334,0.0,0.0,0.0
64,1,80,81,46,2,0,1,0,0.6666666666666666,0.0,0.0,0.0
64,1,80,81,47,5,1,2,0,1.4285714285714286,0.2,0.0,0.2
64,1,80,81,48,3,0,3,0,1.5,0.0,0.0,0.0
64,1,80,81,49,6,0,1,0,0.8571428571428571,0.0,0.0,0.0
64,1,80,81,50,3,0,2,0,1.2,0.0,0.0,0.0
64,1,80,81,51,6,2,1,0,0.8571428571428571,0.3333333333333333,0.0,0.3333333333333333
64,1,80,81,52,3,0,2,0,1.2,0.0,0.0,0.0
64,1,80,81,53,5,0,1,0,0.8333333333333334,0.0,0.0,0.0
64,1,80,81,54,2,0,5,0,1.4285714285714286,0.0,0.0,0.0
64,1,80,81,55,4,2,7,0,2.5454545454545454,0.5,0.0,0.5
64,1,80,81,56,2,0,12,0,1.7142857142857142,0.0,0.0,0.0
64,1,80,81,57,4,1,14,0,3.111111111111111,0.25,0.0,0.25
64,1,80,81,59,3,1,18,0,2.5714285714285716,0.3333333333333333,0.0,0.3333333333333333
64,1,88,89,34,3,0,1,0,0.75,0.0,0.0,0.0
64,1,88,89,35,5,1,1,0,0.8333333333333334,0.2,0.0,0.2
64,1,88,89,36,2,0,3,0,1.2,0.0,0.0,0.0
64,1,88,89,37,4,0,2,0,1.3333333333333333,0.0,0.0,0.0
64,1,88,89,46,1,0,2,0,0.6666666666666666,0.0,0.0,0.0
64,1,88,89,47,4,1,2,0,1.3333333333333333,0.25,0.0,0.25
64,1,88,89,48,2,0,3,0,1.2,0.0,0.0,0.0
64,1,88,89,49,7,1,1,0,0.875,0.14285714285714285,0.0,0.14285714285714285
64,1,88,89,50,1,0,5,0,0.8333333333333334,0.0,0.0,0.0
64,1,88,89,51,8,2,1,0,0.8888888888888888,0.25,0.0,0.25
64,1,88,89,52,2,0,3,0,1.2,0.0,0.0,0.0
64,1,88,89,53,5,0,2,0,1.4285714285714286,0.0,0.0,0.0
64,1,88,89,54,1,0,6,0,0.8571428571428571,0.0,0.0,0.0
64,1,88,89,55,3,1,6,0,2.0,0.3333333333333333,0.0,0.3333333333333333
64,1,88,89,56,3,0,8,0,2.1818181818181817,0.0,0.0,0.0
64,1,88,89,57,3,0,10,0,2.3076923076923075,0.0,0.0,0.0
64,1,88,89,58,3,0,12,0,2.4,0.0,0.0,0.0
64,1,88,89,59,4,0,13,0,3.0588235294117645,0.0,0.0,0.0
64,1,88,89,60,4,0,14,0,3.111111111111111,0.0,0.0,0.0
64,1,88,89,61,5,1,15,0,3.75,0.2,0.0,0.2
64,1,88,89,62,3,1,19,0,2.590909090909091,0.3333333333333333,0.0,0.3333333333333333
64,1,88,89,63,3,0,21,0,2.625,0.0,0.0,0.0
64,1,88,89,64,3,0,22,0,2.64,0.0,0.0,0.0
64,1,88,89,65,3,0,23,0,2.6538461538461537,0.0,0.0,0.0
64,1,88,89,66,3,0,24,0,2.6666666666666665,0.0,0.0,0.0
64,1,88,89,67,3,0,24,0,2.6666666666666665,0.0,0.0,0.0
64,1,88,89,68,2,0,25,0,1.8518518518518519,0.0,0.0,0.0
64,1,88,89,69,2,0,26,0,1.8571428571428572,0.0,0.0,0.0
64,1,96,97,37,3,1,2,0,1.2,0.3333333333333333,0.0,0.3333333333333333
64,1,96,97,38,2,0,1,0,0.6666666666666666,0.0,0.0,0.0
64,1,96,97,46,1,0,2,0,0.6666666666666666,0.0,0.0,0.0
64,1,96,97,47,3,0,2,0,1.2,0.0,0.0,0.0
64,1,96,97,48,1,0,3,0,0.75,0.0,0.0,0.0
64,1,96,97,49,4,0,2,0,1.3333333333333333,0.0,0.0,0.0
64,1,96,97,50,3,0,4,0,1.7142857142857142,0.0,0.0,0.0
64,1,96,97,51,4,1,4,0,2.0,0.25,0.0,0.25
64,1,96,97,52,3,0,3,0,1.5,0.0,0.0,0.0
64,1,96,97,53,4,0,3,0,1.7142857142857142,0.0,0.0,0.0
64,1,96,97,54,1,0,6,0,0.8571428571428571,0.0,0.0,0.0
64,1,96,97,55,2,1,6,0,1.5,0.5,0.0,0.5
64,1,96,97,56,3,0,6,0,2.0,0.0,0.0,0.0
64,1,96,97,57,4,0,7,0,2.5454545454545454,0.0,0.0,0.0
64,1,96,97,58,4,0,9,0,2.769230769230769,0.0,0.0,0.0
64,1,96,97,59,4,0,10,0,2.857142857142857,0.0,0.0,0.0
64,1,96,97,60,4,0,11,0,2.933333333333333,0.0,0.0,0.0
64,1,96,97,61,6,2,12,0,4.0,0.3333333333333333,0.0,0.3333333333333333
64,1,96,97,62,4,1,15,0,3.1578947368421053,0.25,0.0,0.25
64,1,96,97,63,4,0,17,0,3.238095238095238,0.0,0.0,0.0
64,1,96,97,64,4,0,18,0,3.272727272727273,0.0,0.0,0.0
64,1,96,97,65,4,0,19,0,3.3043478260869565,0.0,0.0,0.0
64,1,96,97,66,4,0,20,0,3.3333333333333335,0.0,0.0,0.0
64,1,96,97,67,4,0,20,0,3.3333333333333335,0.0,0.0,0.0
64,1,96,97,68,3,0,21,0,2.625,0.0,0.0,0.0
64,1,96,97,69,4,1,22,0,3.3846153846153846,0.25,0.0,0.25
64,1,96,97,70,1,0,26,0,0.9629629629629629,0.0,0.0,0.0
64,1,104,105,38,2,0,1,0,0.6666666666666666,0.0,0.0,0.0
64,1,104,105,47,4,1,1,0,0.8,0.25,0.0,0.25
64,1,104,105,48,1,0,3,0,0.75,0.0,0.0,0.0
64,1,104,105,49,4,1,2,0,1.3333333333333333,0.25,0.0,0.25
64,1,104,105,50,1,0,4,0,0.8,0.0,0.0,0.0
64,1,104,105,51,4,1,3,0,1.7142857142857142,0.25,0.0,0.25
64,1,104,105,52,3,0,3,0,1.5,0.0,0.0,0.0
64,1,104,105,53,4,0,3,0,1.7142857142857142,0.0,0.0,0.0
64,1,104,105,54,1,0,6,0,0.8571428571428571,0.0,0.0,0.0
64,1,104,105,55,1,0,6,0,0.8571428571428571,0.0,0.0,0.0
64,1,104,105,56,2,0,6,0,1.5,0.0,0.0,0.0
64,1,104,105,57,3,1,7,0,2.1,0.3333333333333333,0.0,0.3333333333333333
64,1,104,105,58,5,0,8,0,3.076923076923077,0.0,0.0,0.0
64,1,104,105,59,4,0,10,0,2.857142857142857,0.0,0.0,0.0
64,1,104,105,60,4,0,11,0,2.933333333333333,0.0,0.0,0.0
64,1,104,105,61,4,0,12,0,3.0,0.0,0.0,0.0
64,1,104,105,62,4,0,13,0,3.0588235294117645,0.0,0.0,0.0
64,1,104,105,63,4,0,15,0,3.1578947368421053,0.0,0.0,0.0
64,1,104,105,64,4,0,16,0,3.2,0.0,0.0,0.0
64,1,104,105,65,4,0,17,0,3.238095238095238,0.0,0.0,0.0
64,1,104,105,66,4,0,18,0,3.272727272727273,0.0,0.0,0.0
64,1,104,105,67,4,1,18,0,3.272727272727273,0.25,0.0,0.25
64,1,104,105,68,3,0,19,0,2.590909090909091,0.0,0.0,0.0
64,1,104,105,69,4,1,20,0,3.3333333333333335,0.25,0.0,0.25
64,1,104,105,70,4,1,22,0,3.3846153846153846,0.25,0.0,0.25
64,1,104,105,72,2,0,22,0,1.8333333333333333,0.0,0.0,0.0
64,1,104,105,73,2,0,22,0,1.8333333333333333,0.0,0.0,0.0
64,1,104,105,74,2,0,22,0,1.8333333333333333,0.0,0.0,0.0
64,1,104,105,75,3,1,23,0,2.6538461538461537,0.3333333333333333,0.0,0.3333333333333333
64,1,112,113,47,3,1,1,0,0.75,0.3333333333333333,0.0,0.3333333333333333
64,1,112,113,49,4,3,2,0,1.3333333333333333,0.75,0.0,0.75
64,1,112,113,50,1,0,4,0,0.8,0.0,0.0,0.0
64,1,112,113,51,3,0,3,0,1.5,0.0,0.0,0.0
64,1,112,113,52,4,0,2,0,1.3333333333333333,0.0,0.0,0.0
64,1,112,113,53,4,2,3,0,1.7142857142857142,0.5,0.0,0.5
64,1,112,113,54,1,0,6,0,0.8571428571428571,0.0,0.0,0.0
64,1,112,113,55,1,0,6,0,0.8571428571428571,0.0,0.0,0.0
64,1,112,113,56,2,0,6,0,1.5,0.0,0.0,0.0
64,1,112,113,57,2,0,7,0,1.5555555555555556,0.0,0.0,0.0
64,1,112,113,58,3,0,8,0,2.1818181818181817,0.0,0.0,0.0
64,1,112,113,59,3,0,9,0,2.25,0.0,0.0,0.0
64,1,112,113,60,3,0,10,0,2.3076923076923075,0.0,0.0,0.0
64,1,112,113,61,4,1,11,0,2.933333333333333,0.25,0.0,0.25
64,1,112,113,62,4,0,12,0,3.0,0.0,0.0,0.0
64,1,112,113,63,4,1,14,0,3.111111111111111,0.25,0.0,0.25
64,1,112,113,64,4,0,15,0,3.1578947368421053,0.0,0.0,0.0
64,1,112,113,65,4,1,16,0,3.2,0.25,0.0,0.25
64,1,112,113,66,4,0,17,0,3.238095238095238,0.0,0.0,0.0
64,1,112,113,67,3,0,17,0,2.55,0.0,0.0,0.0
64,1,112,113,68,3,0,18,0,2.5714285714285716,0.0,0.0,0.0
64,1,112,113,69,3,0,19,0,2.590909090909091,0.0,0.0,0.0
64,1,112,113,70,3,0,20,0,2.608695652173913,0.0,0.0,0.0
64,1,112,113,71,3,0,21,0,2.625,0.0,0.0,0.0
64,1,112,113,73,2,0,20,0,1.8181818181818181,0.0,0.0,0.0
64,1,112,113,74,2,0,20,0,1.8181818181818181,0.0,0.0,0.0
64,1,112,113,75,2,0,21,0,1.826086956521739,0.0,0.0,0.0
64,1,112,113,76,2,0,21,0,1.826086956521739,0.0,0.0,0.0
64,1,112,113,77,3,1,21,0,2.625,0.3333333333333333,0.0,0.3333333333333333
64,1,112,113,78,3,1,22,0,2.64,0.3333333333333333,0.0,0.3333333333333333
64,1,112,113,79,2,0,23,0,1.84,0.0,0.0,0.0
64,1,112,113,80,2,0,25,0,1.8518518518518519,0.0,0.0,0.0
64,1,112,113,81,2,0,25,0,1.8518518518518519,0.0,0.0,0.0
64,1,112,113,82,2,0,25,0,1.8518518518518519,0.0,0.0,0.0
64,1,112,113,83,3,0,24,0,2.6666666666666665,0.0,0.0,0.0
64,1,120,121,46,1,0,1,0,0.5,0.0,0.0,0.0
64,1,120,121,47,2,1,1,0,0.6666666666666666,0.5,0.0,0.5
64,1,120,121,48,1,0,2,0,0.6666666666666666,0.0,0.0,0.0
64,1,120,121,49,1,0,2,0,0.6666666666666666,0.0,0.0,0.0
64,1,120,121,50,2,0,2,0,1.0,0.0,0.0,0.0
64,1,120,121,51,3,0,1,0,0.75,0.0,0.0,0.0
64,1,120,121,52,1,0,2,0,0.6666666666666666,0.0,0.0,0.0
64,1,120,121,53,3,1,2,0,1.2,0.3333333333333333,0.0,0.3333333333333333
64,1,120,121,54,2,0,4,0,1.3333333333333333,0.0,0.0,0.0
64,1,120,121,55,2,0,5,0,1.4285714285714286,0.0,0.0,0.0
64,1,120,121,56,2,0,6,0,1.5,0.0,0.0,0.0
64,1,120,121,57,2,0,7,0,1.5555555555555556,0.0,0.0,0.0
64,1,120,121,58,2,0,8,0,1.6,0.0,0.0,0.0
64,1,120,121,59,3,1,8,0,2.1818181818181817,0.3333333333333333,0.0,0.3333333333333333
64,1,120,121,60,3,0,8,0,2.1818181818181817,0.0,0.0,0.0
64,1,120,121,61,3,0,8,0,2.1818181818181817,0.0,0.0,0.0
64,1,120,121,62,4,0,8,0,2.6666666666666665,0.0,0.0,0.0
64,1,120,121,63,4,1,9,0,2.769230769230769,0.25,0.0,0.25
64,1,120,121,64,2,0,10,0,1.6666666666666667,0.0,0.0,0.0
64,1,120,121,65,5,2,9,0,3.2142857142857144,0.4,0.0,0.4
64,1,120,121,66,2,0,11,0,1.6923076923076923,0.0,0.0,0.0
64,1,120,121,67,4,2,9,0,2.769230769230769,0.5,0.0,0.5
64,1,120,121,68,3,0,10,0,2.3076923076923075,0.0,0.0,0.0
64,1,120,121,69,3,0,11,0,2.357142857142857,0.0,0.0,0.0
64,1,120,121,70,3,0,12,0,2.4,0.0,0.0,0.0
64,1,120,121,71,8,6,13,0,4.9523809523809526,0.75,0.0,0.75
64,1,120,121,72,2,0,17,0,1.7894736842105263,0.0,0.0,0.0
64,1,120,121,73,5,3,16,0,3.8095238095238093,0.6,0.0,0.6
64,1,120,121,74,2,0,19,0,1.8095238095238095,0.0,0.0,0.0
64,1,120,121,75,3,1,20,0,2.608695652173913,0.3333333333333333,0.0,0.3333333333333333
64,1,120,121,76,2,1,21,0,1.826086956521739,0.5,0.0,0.5
64,1,120,121,77,2,0,21,0,1.826086956521739,0.0,0.0,0.0
64,1,120,121,78,2,0,21,0,1.826086956521739,0.0,0.0,0.0
64,1,120,121,79,2,0,21,0,1.826086956521739,0.0,0.0,0.0
64,1,120,121,80,2,0,23,0,1.84,0.0,0.0,0.0
64,1,120,121,81,2,0,23,0,1.84,0.0,0.0,0.0
64,1,120,121,82,2,0,23,0,1.84,0.0,0.0,0.0
64,1,120,121,83,2,0,22,0,1.8333333333333333,0.0,0.0,0.0
64,1,120,121,84,3,0,21,0,2.625,0.0,0.0,0.0
64,1,120,121,85,3,1,20,0,2.608695652173913,0.3333333333333333,0.0,0.3333333333333333
64,1,120,121,86,1,0,20,0,0.9523809523809523,0.0,0.0,0.0
64,1,120,121,87,2,0,19,0,1.8095238095238095,0.0,0.0,0.0
64,1,128,129,48,1,0,1,0,0.5,0.0,0.0,0.0
64,1,128,129,49,1,1,1,0,0.5,1.0,0.0,1.0
64,1,128,129,53,2,0,1,0,0.6666666666666666,0.0,0.0,0.0
64,1,128,129,54,1,0,2,0,0.6666666666666666,0.0,0.0,0.0
64,1,128,129,55,5,2,2,0,1.4285714285714286,0.4,0.0,0.4
64,1,128,129,57,2,0,5,0,1.4285714285714286,0.0,0.0,0.0
64,1,128,129,58,2,0,6,0,1.5,0.0,0.0,0.0
64,1,128,129,59,3,1,6,0,2.0,0.3333333333333333,0.0,0.3333333333333333
64,1,128,129,60,1,0,7,0,0.875,0.0,0.0,0.0
64,1,128,129,61,3,1,6,0,2.0,0.3333333333333333,0.0,0.3333333333333333
64,1,128,129,62,1,0,7,0,0.875,0.0,0.0,0.0
64,1,128,129,63,3,1,7,0,2.1,0.3333333333333333,0.0,0.3333333333333333
64,1,128,129,64,2,0,8,0,1.6,0.0,0.0,0.0
64,1,128,129,65,4,1,7,0,2.5454545454545454,0.25,0.0,0.25
64,1,128,129,66,3,0,8,0,2.1818181818181817,0.0,0.0,0.0
64,1,128,129,67,3,0,8,0,2.1818181818181817,0.0,0.0,0.0
64,1,128,129,68,2,0,9,0,1.6363636363636365,0.0,0.0,0.0
64,1,128,129,69,2,0,10,0,1.6666666666666667,0.0,0.0,0.0
64,1,128,129,70,2,0,11,0,1.6923076923076923,0.0,0.0,0.0
64,1,128,129,71,2,0,12,0,1.7142857142857142,0.0,0.0,0.0
64,1,128,129,72,2,0,13,0,1.7333333333333334,0.0,0.0,0.0
64,1,128,129,73,1,1,14,0,0.9333333333333333,1.0,0.0,1.0
64,1,128,129,74,2,0,14,0,1.75,0.0,0.0,0.0
64,1,128,129,75,2,1,16,0,1.7777777777777777,0.5,0.0,0.5
64,1,128,129,76,2,0,17,0,1.7894736842105263,0.0,0.0,0.0
64,1,128,129,77,3,1,18,0,2.5714285714285716,0.3333333333333333,0.0,0.3333333333333333
64,1,128,129,78,3,0,19,0,2.590909090909091,0.0,0.0,0.0
64,1,128,129,79,3,1,20,0,2.608695652173913,0.3333333333333333,0.0,0.3333333333333333
64,1,128,129,80,1,0,23,0,0.9583333333333334,0.0,0.0,0.0
64,1,128,129,81,3,1,22,0,2.64,0.3333333333333333,0.0,0.3333333333333333
64,1,128,129,82,1,0,23,0,0.9583333333333334,0.0,0.0,0.0
64,1,128,129,83,3,0,21,0,2.625,0.0,0.0,0.0
64,1,128,129,84,2,0,21,0,1.826086956521739,0.0,0.0,0.0
64,1,128,129,85,2,0,20,0,1.8181818181818181,0.0,0.0,0.0
64,1,128,129,86,2,0,19,0,1.8095238095238095,0.0,0.0,0.0
64,1,128,129,87,2,0,19,0,1.8095238095238095,0.0,0.0,0.0
64,1,136,137,56,2,0,2,0,1.0,0.0,0.0,0.0
64,1,136,137,57,5,0,2,0,1.4285714285714286,0.0,0.0,0.0
64,1,136,137,58,2,0,6,0,1.5,0.0,0.0,0.0
64,1,136,137,59,2,0,6,0,1.5,0.0,0.0,0.0
64,1,136,137,60,2,0,6,0,1.5,0.0,0.0,0.0
64,1,136,137,61,2,0,6,0,1.5,0.0,0.0,0.0
64,1,136,137,62,2,0,6,0,1.5,0.0,0.0,0.0
64,1,136,137,63,2,0,7,0,1.5555555555555556,0.0,0.0,0.0
64,1,136,137,64,2,0,7,0,1.5555555555555556,0.0,0.0,0.0
64,1,136,137,65,2,0,7,0,1.5555555555555556,0.0,0.0,0.0
64,1,136,137,66,3,0,7,0,2.1,0.0,0.0,0.0
64,1,136,137,67,3,1,8,0,2.1818181818181817,0.3333333333333333,0.0,0.3333333333333333
64,1,136,137,68,2,0,9,0,1.6363636363636365,0.0,0.0,0.0
64,1,136,137,69,2,0,10,0,1.6666666666666667,0.0,0.0,0.0
64,1,136,137,70,2,0,11,0,1.6923076923076923,0.0,0.0,0.0
64,1,136,137,71,2,0,12,0,1.7142857142857142,0.0,0.0,0.0
64,1,136,137,72,2,0,13,0,1.7333333333333334,0.0,0.0,0.0
64,1,136,137,74,2,0,13,0,1.7333333333333334,0.0,0.0,0.0
64,1,136,137,75,2,0,15,0,1.7647058823529411,0.0,0.0,0.0
64,1,136,137,76,2,0,16,0,1.7777777777777777,0.0,0.0,0.0
64,1,136,137,77,2,0,17,0,1.7894736842105263,0.0,0.0,0.0
64,1,136,137,78,3,1,18,0,2.5714285714285716,0.3333333333333333,0.0,0.3333333333333333
64,1,136,137,79,1,0,20,0,0.9523809523809523,0.0,0.0,0.0
64,1,136,137,80,3,0,21,0,2.625,0.0,0.0,0.0
64,1,136,137,81,2,0,22,0,1.8333333333333333,0.0,0.0,0.0
64,1,136,137,82,2,0,22,0,1.8333333333333333,0.0,0.0,0.0
64,1,136,137,83,3,1,21,0,2.625,0.3333333333333333,0.0,0.3333333333333333
64,1,136,137,84,2,0,21,0,1.826086956521739,0.0,0.0,0.0
64,1,136,137,85,2,0,20,0,1.8181818181818181,0.0,0.0,0.0
64,1,136,137,86,2,0,19,0,1.8095238095238095,0.0,0.0,0.0
64,1,136,137,87,1,0,19,0,0.95,0.0,0.0,0.0
64,1,136,137,88,1,0,17,0,0.9444444444444444,0.0,0.0,0.0
64,1,144,145,58,4,0,4,0,2.0,0.0,0.0,0.0
64,1,144,145,59,2,0,6,0,1.5,0.0,0.0,0.0
64,1,144,145,60,2,0,6,0,1.5,0.0,0.0,0.0
64,1,144,145,61,2,0,6,0,1.5,0.0,0.0,0.0
64,1,144,145,62,2,0,6,0,1.5,0.0,0.0,0.0
64,1,144,145,63,2,0,7,0,1.5555555555555556,0.0,0.0,0.0
64,1,144,145,64,2,0,7,0,1.5555555555555556,0.0,0.0,0.0
64,1,144,145,65,2,0,7,0,1.5555555555555556,0.0,0.0,0.0
64,1,144,145,66,2,0,7,0,1.5555555555555556,0.0,0.0,0.0
64,1,144,145,67,3,0,7,0,2.1,0.0,0.0,0.0
64,1,144,145,68,2,0,9,0,1.6363636363636365,0.0,0.0,0.0
64,1,144,145,69,2,0,10,0,1.6666666666666667,0.0,0.0,0.0
64,1,144,145,70,2,0,11,0,1.6923076923076923,0.0,0.0,0.0
64,1,144,145,71,2,0,12,0,1.7142857142857142,0.0,0.0,0.0
64,1,144,145,72,2,0,13,0,1.7333333333333334,0.0,0.0,0.0
64,1,144,145,74,2,0,13,0,1.7333333333333334,0.0,0.0,0.0
64,1,144,145,75,2,0,15,0,1.7647058823529411,0.0,0.0,0.0
64,1,144,145,76,2,0,16,0,1.7777777777777777,0.0,0.0,0.0
64,1,144,145,77,2,0,17,0,1.7894736842105263,0.0,0.0,0.0
64,1,144,145,78,2,0,18,0,1.8,0.0,0.0,0.0
64,1,144,145,79,2,0,19,0,1.8095238095238095,0.0,0.0,0.0
64,1,144,145,80,2,0,21,0,1.826086956521739,0.0,0.0,0.0
64,1,144,145,81,2,0,21,0,1.826086956521739,0.0,0.0,0.0
64,1,144,145,82,2,0,21,0,1.826086956521739,0.0,0.0,0.0
64,1,144,145,83,3,0,20,0,2.608695652173913,0.0,0.0,0.0
64,1,144,145,84,3,0,19,0,2.590909090909091,0.0,0.0,0.0
64,1,144,145,85,2,0,18,0,1.8,0.0,0.0,0.0
64,1,144,145,86,2,0,17,0,1.7894736842105263,0.0,0.0,0.0
64,1,144,145,87,2,0,17,0,1.7894736842105263,0.0,0.0,0.0
64,1,144,145,88,2,0,16,0,1.7777777777777777,0.0,0.0,0.0
64,1,152,153,58,4,0,2,0,1.3333333333333333,0.0,0.0,0.0
64,1,152,153,59,5,1,3,0,1.875,0.2,0.0,0.2
64,1,152,153,60,2,0,6,0,1.5,0.0,0.0,0.0
64,1,152,153,61,2,0,6,0,1.5,0.0,0.0,0.0
64,1,152,153,62,2,0,6,0,1.5,0.0,0.0,0.0
64,1,152,153,63,2,0,7,0,1.5555555555555556,0.0,0.0,0.0
64,1,152,153,64,2,0,7,0,1.5555555555555556,0.0,0.0,0.0
64,1,152,153,65,2,0,7,0,1.5555555555555556,0.0,0.0,0.0
64,1,152,153,66,2,0,7,0,1.5555555555555556,0.0,0.0,0.0
64,1,152,153,67,2,0,7,0,1.5555555555555556,0.0,0.0,0.0
64,1,152,153,68,4,0,7,0,2.5454545454545454,0.0,0.0,0.0
64,1,152,153,69,2,0,10,0,1.6666666666666667,0.0,0.0,0.0
64,1,152,153,70,2,0,11,0,1.6923076923076923,0.0,0.0,0.0
64,1,152,153,71,2,0,12,0,1.7142857142857142,0.0,0.0,0.0
64,1,152,153,72,2,0,13,0,1.7333333333333334,0.0,0.0,0.0
64,1,152,153,74,2,0,13,0,1.7333333333333334,0.0,0.0,0.0
64,1,152,153,75,2,0,15,0,1.7647058823529411,0.0,0.0,0.0
64,1,152,153,76,2,0,16,0,1.7777777777777777,0.0,0.0,0.0
64,1,152,153,77,2,0,17,0,1.7894736842105263,0.0,0.0,0.0
64,1,152,153,78,2,0,18,0,1.8,0.0,0.0,0.0
64,1,152,153,79,2,0,19,0,1.8095238095238095,0.0,0.0,0.0
64,1,152,153,80,2,0,21,0,1.826086956521739,0.0,0.0,0.0
64,1,152,153,81,3,0,21,0,2.625,0.0,0.0,0.0
64,1,152,153,82,3,0,21,0,2.625,0.0,0.0,0.0
64,1,152,153,83,3,0,20,0,2.608695652173913,0.0,0.0,0.0
64,1,152,153,84,3,0,19,0,2.590909090909091,0.0,0.0,0.0
64,1,152,153,85,2,0,18,0,1.8,0.0,0.0,0.0
64,1,152,153,86,2,0,17,0,1.7894736842105263,0.0,0.0,0.0
64,1,152,153,87,2,0,17,0,1.7894736842105263,0.0,0.0,0.0
64,1,152,153,88,2,0,16,0,1.7777777777777777,0.0,0.0,0.0
64,1,160,161,58,2,0,2,0,1.0,0.0,0.0,0.0
64,1,160,161,59,5,1,2,0,1.4285714285714286,0.2,0.0,0.2
64,1,160,161,60,3,0,4,0,1.7142857142857142,0.0,0.0,0.0
64,1,160,161,61,3,1,5,0,1.875,0.3333333333333333,0.0,0.3333333333333333
64,1,160,161,62,1,0,6,0,0.8571428571428571,0.0,0.0,0.0
64,1,160,161,63,3,1,6,0,2.0,0.3333333333333333,0.0,0.3333333333333333
64,1,160,161,64,1,0,7,0,0.875,0.0,0.0,0.0
64,1,160,161,65,3,2,6,0,2.0,0.6666666666666666,0.0,0.6666666666666666
64,1,160,161,66,1,0,7,0,0.875,0.0,0.0,0.0
64,1,160,161,67,3,2,6,0,2.0,0.6666666666666666,0.0,0.6666666666666666
64,1,160,161,68,1,0,7,0,0.875,0.0,0.0,0.0
64,1,160,161,69,4,1,6,0,2.4,0.25,0.0,0.25
64,1,160,161,70,3,1,8,0,2.1818181818181817,0.3333333333333333,0.0,0.3333333333333333
64,1,160,161,71,4,1,9,0,2.769230769230769,0.25,0.0,0.25
64,1,160,161,72,1,0,11,0,0.9166666666666666,0.0,0.0,0.0
64,1,160,161,73,3,0,10,0,2.3076923076923075,0.0,0.0,0.0
64,1,160,161,74,3,0,11,0,2.357142857142857,0.0,0.0,0.0
64,1,160,161,75,3,0,13,0,2.4375,0.0,0.0,0.0
64,1,160,161,76,3,0,14,0,2.4705882352941178,0.0,0.0,0.0
64,1,160,161,77,3,0,15,0,2.5,0.0,0.0,0.0
64,1,160,161,78,3,1,16,0,2.526315789473684,0.3333333333333333,0.0,0.3333333333333333
64,1,160,161,79,4,0,17,0,3.238095238095238,0.0,0.0,0.0
64,1,160,161,80,4,1,19,0,3.3043478260869565,0.25,0.0,0.25
64,1,160,161,81,4,1,19,0,3.3043478260869565,0.25,0.0,0.25
64,1,160,161,82,5,0,19,0,3.9583333333333335,0.0,0.0,0.0
64,1,160,161,83,3,0,20,0,2.608695652173913,0.0,0.0,0.0
64,1,160,161,84,3,0,19,0,2.590909090909091,0.0,0.0,0.0
64,1,160,161,85,2,0,18,0,1.8,0.0,0.0,0.0
64,1,160,161,86,2,0,17,0,1.7894736842105263,0.0,0.0,0.0
64,1,160,161,87,2,0,17,0,1.7894736842105263,0.0,0.0,0.0
64,1,160,161,88,2,0,16,0,1.7777777777777777,0.0,0.0,0.0
64,1,168,169,59,3,1,1,0,0.75,0.3333333333333333,0.0,0.3333333333333333
64,1,168,169,60,4,0,2,0,1.3333333333333333,0.0,0.0,0.0
64,1,168,169,61,2,0,4,0,1.3333333333333333,0.0,0.0,0.0
64,1,168,169,62,2,0,4,0,1.3333333333333333,0.0,0.0,0.0
64,1,168,169,63,2,0,5,0,1.4285714285714286,0.0,0.0,0.0
64,1,168,169,64,2,0,5,0,1.4285714285714286,0.0,0.0,0.0
64,1,168,169,65,2,0,5,0,1.4285714285714286,0.0,0.0,0.0
64,1,168,169,66,2,0,5,0,1.4285714285714286,0.0,0.0,0.0
64,1,168,169,67,2,0,5,0,1.4285714285714286,0.0,0.0,0.0
64,1,168,169,68,2,0,5,0,1.4285714285714286,0.0,0.0,0.0
64,1,168,169,69,2,0,5,0,1.4285714285714286,0.0,0.0,0.0
64,1,168,169,70,4,1,5,0,2.2222222222222223,0.25,0.0,0.25
64,1,168,169,71,3,0,7,0,2.1,0.0,0.0,0.0
64,1,168,169,72,3,0,8,0,2.1818181818181817,0.0,0.0,0.0
64,1,168,169,73,3,0,9,0,2.25,0.0,0.0,0.0
64,1,168,169,74,1,0,10,0,0.9090909090909091,0.0,0.0,0.0
64,1,168,169,75,5,1,10,0,3.3333333333333335,0.2,0.0,0.2
64,1,168,169,76,2,0,13,0,1.7333333333333334,0.0,0.0,0.0
64,1,168,169,77,4,1,13,0,3.0588235294117645,0.25,0.0,0.25
64,1,168,169,78,4,0,15,0,3.1578947368421053,0.0,0.0,0.0
64,1,168,169,79,4,0,16,0,3.2,0.0,0.0,0.0
64,1,168,169,80,3,0,18,0,2.5714285714285716,0.0,0.0,0.0
64,1,168,169,81,5,0,17,0,3.8636363636363638,0.0,0.0,0.0
64,1,168,169,82,4,0,18,0,3.272727272727273,0.0,0.0,0.0
64,1,168,169,83,4,0,18,0,3.272727272727273,0.0,0.0,0.0
64,1,168,169,84,4,0,18,0,3.272727272727273,0.0,0.0,0.0
64,1,168,169,85,2,0,18,0,1.8,0.0,0.0,0.0
64,1,168,169,86,2,0,17,0,1.7894736842105263,0.0,0.0,0.0
64,1,168,169,87,2,0,17,0,1.7894736842105263,0.0,0.0,0.0
64,1,168,169,88,2,0,16,0,1.7777777777777777,0.0,0.0,0.0
64,1,176,177,61,2,1,1,0,0.6666666666666666,0.5,0.0,0.5
64,1,176,177,63,2,2,2,0,1.0,1.0,0.0,1.0
64,1,176,177,65,2,2,2,0,1.0,1.0,0.0,1.0
64,1,176,177,66,1,0,3,0,0.75,0.0,0.0,0.0
64,1,176,177,67,2,2,3,0,1.2,1.0,0.0,1.0
64,1,176,177,69,2,1,3,0,1.2,0.5,0.0,0.5
64,1,176,177,70,2,0,4,0,1.3333333333333333,0.0,0.0,0.0
64,1,176,177,71,2,1,5,0,1.4285714285714286,0.5,0.0,0.5
64,1,176,177,72,2,0,6,0,1.5,0.0,0.0,0.0
64,1,176,177,73,3,1,7,0,2.1,0.3333333333333333,0.0,0.3333333333333333
64,1,176,177,74,1,0,9,0,0.9,0.0,0.0,0.0
64,1,176,177,75,4,1,9,0,2.769230769230769,0.25,0.0,0.25
64,1,176,177,76,4,0,10,0,2.857142857142857,0.0,0.0,0.0
64,1,176,177,77,4,0,11,0,2.933333333333333,0.0,0.0,0.0
64,1,176,177,78,4,0,12,0,3.0,0.0,0.0,0.0
64,1,176,177,79,6,1,13,0,4.105263157894737,0.16666666666666666,0.0,0.16666666666666666
64,1,176,177,80,2,0,17,0,1.7894736842105263,0.0,0.0,0.0
64,1,176,177,81,6,0,15,0,4.285714285714286,0.0,0.0,0.0
64,1,176,177,82,4,0,17,0,3.238095238095238,0.0,0.0,0.0
64,1,176,177,83,4,0,17,0,3.238095238095238,0.0,0.0,0.0
64,1,176,177,84,4,0,17,0,3.238095238095238,0.0,0.0,0.0
64,1,176,177,85,3,0,17,0,2.55,0.0,0.0,0.0
64,1,176,177,86,2,0,17,0,1.7894736842105263,0.0,0.0,0.0
64,1,176,177,87,2,0,17,0,1.7894736842105263,0.0,0.0,0.0
64,1,176,177,88,2,0,16,0,1.7777777777777777,0.0,0.0,0.0
64,1,184,185,71,2,1,1,0,0.6666666666666666,0.5,0.0,0.5
64,1,184,185,72,2,0,2,0,1.0,0.0,0.0,0.0
64,1,184,185,73,3,1,3,0,1.5,0.3333333333333333,0.0,0.3333333333333333
64,1,184,185,74,3,0,4,0,1.7142857142857142,0.0,0.0,0.0
64,1,184,185,75,6,2,5,0,2.727272727272727,0.3333333333333333,0.0,0.3333333333333333
64,1,184,185,76,6,0,7,0,3.230769230769231,0.0,0.0,0.0
64,1,184,185,77,6,0,9,0,3.6,0.0,0.0,0.0
64,1,184,185,78,4,0,12,0,3.0,0.0,0.0,0.0
64,1,184,185,79,4,0,13,0,3.0588235294117645,0.0,0.0,0.0
64,1,184,185,80,4,0,15,0,3.1578947368421053,0.0,0.0,0.0
64,1,184,185,81,4,0,15,0,3.1578947368421053,0.0,0.0,0.0
64,1,184,185,82,4,0,15,0,3.1578947368421053,0.0,0.0,0.0
64,1,184,185,83,4,0,15,0,3.1578947368421053,0.0,0.0,0.0
64,1,184,185,84,4,0,15,0,3.1578947368421053,0.0,0.0,0.0
64,1,184,185,85,3,0,15,0,2.5,0.0,0.0,0.0
64,1,184,185,86,2,0,15,0,1.7647058823529411,0.0,0.0,0.0
64,1,184,185,87,3,1,15,0,2.5,0.3333333333333333,0.0,0.3333333333333333
64,1,184,185,88,1,0,15,0,0.9375,0.0,0.0,0.0
64,1,184,185,89,2,0,15,0,1.7647058823529411,0.0,0.0,0.0
64,1,192,193,72,1,0,1,0,0.5,0.0,0.0,0.0
64,1,192,193,73,3,1,2,0,1.2,0.3333333333333333,0.0,0.3333333333333333
64,1,192,193,74,2,0,4,0,1.3333333333333333,0.0,0.0,0.0
64,1,192,193,75,3,1,5,0,1.875,0.3333333333333333,0.0,0.3333333333333333
64,1,192,193,76,1,0,7,0,0.875,0.0,0.0,0.0
64,1,192,193,77,4,1,7,0,2.5454545454545454,0.25,0.0,0.25
64,1,192,193,78,2,0,10,0,1.6666666666666667,0.0,0.0,0.0
64,1,192,193,79,4,1,11,0,2.933333333333333,0.25,0.0,0.25
64,1,192,193,80,4,0,14,0,3.111111111111111,0.0,0.0,0.0
64,1,192,193,81,3,0,14,0,2.4705882352941178,0.0,0.0,0.0
64,1,192,193,82,4,0,14,0,3.111111111111111,0.0,0.0,0.0
64,1,192,193,83,4,2,14,0,3.111111111111111,0.5,0.0,0.5
64,1,192,193,84,2,0,14,0,1.75,0.0,0.0,0.0
64,1,192,193,85,5,2,13,0,3.611111111111111,0.4,0.0,0.4
64,1,192,193,86,2,0,14,0,1.75,0.0,0.0,0.0
64,1,192,193,87,3,1,14,0,2.4705882352941178,0.3333333333333333,0.0,0.3333333333333333
64,1,192,193,88,2,0,14,0,1.75,0.0,0.0,0.0
64,1,192,193,89,2,0,15,0,1.7647058823529411,0.0,0.0,0.0
64,1,200,201,72,1,0,1,0,0.5,0.0,0.0,0.0
64,1,200,201,73,3,1,2,0,1.2,0.3333333333333333,0.0,0.3333333333333333
64,1,200,201,74,1,0,4,0,0.8,0.0,0.0,0.0
64,1,200,201,75,3,1,4,0,1.7142857142857142,0.3333333333333333,0.0,0.3333333333333333
64,1,200,201,76,2,0,6,0,1.5,0.0,0.0,0.0
64,1,200,201,77,4,1,6,0,2.4,0.25,0.0,0.25
64,1,200,201,78,1,0,9,0,0.9,0.0,0.0,0.0
64,1,200,201,79,3,0,9,0,2.25,0.0,0.0,0.0
64,1,200,201,80,3,0,11,0,2.357142857142857,0.0,0.0,0.0
64,1,200,201,81,5,3,11,0,3.4375,0.6,0.0,0.6
64,1,200,201,82,3,0,13,0,2.4375,0.0,0.0,0.0
64,1,200,201,83,3,1,13,0,2.4375,0.3333333333333333,0.0,0.3333333333333333
64,1,200,201,84,2,0,13,0,1.7333333333333334,0.0,0.0,0.0
64,1,200,201,85,3,1,12,0,2.4,0.3333333333333333,0.0,0.3333333333333333
64,1,200,201,86,1,0,12,0,0.9230769230769231,0.0,0.0,0.0
64,1,200,201,87,2,2,12,0,1.7142857142857142,1.0,0.0,1.0
64,1,200,201,88,1,0,12,0,0.9230769230769231,0.0,0.0,0.0
64,1,200,201,89,2,2,13,0,1.7333333333333334,1.0,0.0,1.0
64,1,200,201,90,1,0,15,0,0.9375,0.0,0.0,0.0
64,1,208,209,72,1,0,2,0,0.6666666666666666,0.0,0.0,0.0
64,1,208,209,73,2,1,3,0,1.2,0.5,0.0,0.5
64,1,208,209,74,2,0,4,0,1.3333333333333333,0.0,0.0,0.0
64,1,208,209,75,2,0,5,0,1.4285714285714286,0.0,0.0,0.0
64,1,208,209,76,2,0,6,0,1.5,0.0,0.0,0.0
64,1,208,209,77,2,0,7,0,1.5555555555555556,0.0,0.0,0.0
64,1,208,209,78,2,0,8,0,1.6,0.0,0.0,0.0
64,1,208,209,79,2,0,9,0,1.6363636363636365,0.0,0.0,0.0
64,1,208,209,80,2,0,10,0,1.6666666666666667,0.0,0.0,0.0
64,1,208,209,81,3,1,9,0,2.25,0.3333333333333333,0.0,0.3333333333333333
64,1,208,209,82,1,0,10,0,0.9090909090909091,0.0,0.0,0.0
64,1,208,209,83,3,1,9,0,2.25,0.3333333333333333,0.0,0.3333333333333333
64,1,208,209,84,1,0,10,0,0.9090909090909091,0.0,0.0,0.0
64,1,208,209,85,4,1,9,0,2.769230769230769,0.25,0.0,0.25
64,1,208,209,86,1,0,10,0,0.9090909090909091,0.0,0.0,0.0
64,1,208,209,87,1,0,10,0,0.9090909090909091,0.0,0.0,0.0
64,1,208,209,89,1,1,10,0,0.9090909090909091,1.0,0.0,1.0
64,1,208,209,91,2,2,13,0,1.7333333333333334,1.0,0.0,1.0
64,1,208,209,92,2,0,14,0,1.75,0.0,0.0,0.0
64,1,208,209,93,2,0,17,0,1.7894736842105263,0.0,0.0,0.0
64,1,216,217,72,1,0,2,0,0.6666666666666666,0.0,0.0,0.0
64,1,216,217,73,2,1,3,0,1.2,0.5,0.0,0.5
64,1,216,217,74,2,0,4,0,1.3333333333333333,0.0,0.0,0.0
64,1,216,217,75,2,0,5,0,1.4285714285714286,0.0,0.0,0.0
64,1,216,217,76,2,0,6,0,1.5,0.0,0.0,0.0
64,1,216,217,77,2,0,7,0,1.5555555555555556,0.0,0.0,0.0
64,1,216,217,78,2,0,8,0,1.6,0.0,0.0,0.0
64,1,216,217,79,2,0,9,0,1.6363636363636365,0.0,0.0,0.0
64,1,216,217,80,2,0,10,0,1.6666666666666667,0.0,0.0,0.0
64,1,216,217,81,2,0,10,0,1.6666666666666667,0.0,0.0,0.0
64,1,216,217,82,2,0,10,0,1.6666666666666667,0.0,0.0,0.0
64,1,216,217,83,2,0,10,0,1.6666666666666667,0.0,0.0,0.0
64,1,216,217,84,1,0,10,0,0.9090909090909091,0.0,0.0,0.0
64,1,216,217,85,2,0,9,0,1.6363636363636365,0.0,0.0,0.0
64,1,216,217,86,1,0,9,0,0.9,0.0,0.0,0.0
64,1,216,217,87,1,0,9,0,0.9,0.0,0.0,0.0
64,1,224,225,72,1,0,1,0,0.5,0.0,0.0,0.0
64,1,224,225,73,3,1,2,0,1.2,0.3333333333333333,0.0,0.3333333333333333
64,1,224,225,74,1,0,4,0,0.8,0.0,0.0,0.0
64,1,224,225,75,2,0,5,0,1.4285714285714286,0.0,0.0,0.0
64,1,224,225,76,2,0,6,0,1.5,0.0,0.0,0.0
64,1,224,225,77,2,0,7,0,1.5555555555555556,0.0,0.0,0.0
64,1,224,225,78,2,0,8,0,1.6,0.0,0.0,0.0
64,1,224,225,79,2,0,9,0,1.6363636363636365,0.0,0.0,0.0
64,1,224,225,80,2,0,10,0,1.6666666666666667,0.0,0.0,0.0
64,1,224,225,81,2,0,10,0,1.6666666666666667,0.0,0.0,0.0
64,1,224,225,82,2,0,10,0,1.6666666666666667,0.0,0.0,0.0
64,1,224,225,83,2,0,10,0,1.6666666666666667,0.0,0.0,0.0
64,1,224,225,84,1,0,10,0,0.9090909090909091,0.0,0.0,0.0
64,1,224,225,85,2,0,9,0,1.6363636363636365,0.0,0.0,0.0
64,1,224,225,86,1,0,9,0,0.9,0.0,0.0,0.0
64,1,224,225,87,1,0,9,0,0.9,0.0,0.0,0.0
64,1,232,233,72,1,0,1,0,0.5,0.0,0.0,0.0
64,1,232,233,73,2,1,2,0,1.0,0.5,0.0,0.5
64,1,232,233,74,1,0,3,0,0.75,0.0,0.0,0.0
64,1,232,233,75,2,0,4,0,1.3333333333333333,0.0,0.0,0.0
64,1,232,233,76,2,0,5,0,1.4285714285714286,0.0,0.0,0.0
64,1,232,233,77,2,0,6,0,1.5,0.0,0.0,0.0
64,1,232,233,78,2,0,7,0,1.5555555555555556,0.0,0.0,0.0
64,1,232,233,79,2,0,8,0,1.6,0.0,0.0,0.0
64,1,232,233,80,2,0,9,0,1.6363636363636365,0.0,0.0,0.0
64,1,232,233,81,2,0,9,0,1.6363636363636365,0.0,0.0,0.0
64,1,232,233,82,2,0,9,0,1.6363636363636365,0.0,0.0,0.0
64,1,232,233,83,2,0,9,0,1.6363636363636365,0.0,0.0,0.0
64,1,232,233,84,2,0,9,0,1.6363636363636365,0.0,0.0,0.0
64,1,232,233,85,2,0,9,0,1.6363636363636365,0.0,0.0,0.0
64,1,232,233,86,1,0,9,0,0.9,0.0,0.0,0.0
64,1,232,233,88,1,0,8,0,0.8888888888888888,0.0,0.0,0.0
64,1,240,241,72,1,0,1,0,0.5,0.0,0.0,0.0
64,1,240,241,73,1,0,2,0,0.6666666666666666,0.0,0.0,0.0
64,1,240,241,74,1,0,3,0,0.75,0.0,0.0,0.0
64,1,240,241,75,2,1,4,0,1.3333333333333333,0.5,0.0,0.5
64,1,240,241,76,2,0,5,0,1.4285714285714286,0.0,0.0,0.0
64,1,240,241,77,2,0,6,0,1.5,0.0,0.0,0.0
64,1,240,241,78,2,0,7,0,1.5555555555555556,0.0,0.0,0.0
64,1,240,241,79,2,0,8,0,1.6,0.0,0.0,0.0
64,1,240,241,80,2,0,9,0,1.6363636363636365,0.0,0.0,0.0
64,1,240,241,81,2,0,9,0,1.6363636363636365,0.0,0.0,0.0
64,1,240,241,82,2,0,9,0,1.6363636363636365,0.0,0.0,0.0
64,1,240,241,83,2,0,9,0,1.6363636363636365,0.0,0.0,0.0
64,1,240,241,84,2,0,9,0,1.6363636363636365,0.0,0.0,0.0
64,1,240,241,85,2,0,9,0,1.6363636363636365,0.0,0.0,0.0
64,1,240,241,86,1,0,9,0,0.9,0.0,0.0,0.0
64,1,240,241,88,1,0,8,0,0.8888888888888888,0.0,0.0,0.0
64,1,240,241,90,4,2,7,0,2.5454545454545454,0.5,0.0,0.5
64,1,248,249,72,1,0,1,0,0.5,0.0,0.0,0.0
64,1,248,249,73,1,0,2,0,0.6666666666666666,0.0,0.0,0.0
64,1,248,249,74,1,0,3,0,0.75,0.0,0.0,0.0
64,1,248,249,75,2,1,4,0,1.3333333333333333,0.5,0.0,0.5
64,1,248,249,76,2,0,5,0,1.4285714285714286,0.0,0.0,0.0
64,1,248,249,77,2,0,6,0,1.5,0.0,0.0,0.0
64,1,248,249,78,2,0,7,0,1.5555555555555556,0.0,0.0,0.0
64,1,248,249,79,2,0,8,0,1.6,0.0,0.0,0.0
64,1,248,249,80,2,0,9,0,1.6363636363636365,0.0,0.0,0.0
64,1,248,249,81,2,0,9,0,1.6363636363636365,0.0,0.0,0.0
64,1,248,249,82,2,0,9,0,1.6363636363636365,0.0,0.0,0.0
64,1,248,249,83,2,0,9,0,1.6363636363636365,0.0,0.0,0.0
64,1,248,249,84,2,0,9,0,1.6363636363636365,0.0,0.0,0.0
64,1,248,249,85,2,0,9,0,1.6363636363636365,0.0,0.0,0.0
64,1,248,249,86,1,0,9,0,0.9,0.0,0.0,0.0
64,1,248,249,89,1,1,7,0,0.875,1.0,0.0,1.0
64,1,248,249,91,3,1,6,0,2.0,0.3333333333333333,0.0,0.3333333333333333
64,1,248,249,92,3,0,7,0,2.1,0.0,0.0,0.0
64,1,248,249,93,3,0,10,0,2.3076923076923075,0.0,0.0,0.0
64,1,248,249,94,3,0,13,0,2.4375,0.0,0.0,0.0
64,1,248,249,95,3,0,15,0,2.5,0.0,0.0,0.0
64,1,248,249,96,6,0,14,0,4.2,0.0,0.0,0.0
64,1,248,249,97,4,0,11,0,2.933333333333333,0.0,0.0,0.0
64,1,248,249,98,4,0,7,0,2.5454545454545454,0.0,0.0,0.0
64,1,248,249,99,1,0,8,0,0.8888888888888888,0.0,0.0,0.0
64,1,248,249,100,3,0,6,0,2.0,0.0,0.0,0.0
64,1,248,249,101,1,0,7,0,0.875,0.0,0.0,0.0
64,1,248,249,102,3,0,5,0,1.875,0.0,0.0,0.0
64,1,248,249,103,1,0,5,0,0.8333333333333334,0.0,0.0,0.0
64,1,248,249,104,1,0,5,0,0.8333333333333334,0.0,0.0,0.0
64,2,8,9,7,4,4,2,0,1.3333333333333333,1.0,0.0,1.0
64,2,8,9,9,14,13,8,0,5.090909090909091,0.9285714285714286,0.0,0.9285714285714286
64,2,16,17,11,9,7,1,0,0.9,0.7777777777777778,0.0,0.7777777777777778
64,2,16,17,12,4,0,10,0,2.857142857142857,0.0,0.0,0.0
64,2,16,17,13,10,5,12,0,5.454545454545454,0.5,0.0,0.5
64,2,16,17,14,1,0,21,0,0.9545454545454546,0.0,0.0,0.0
64,2,24,25,14,2,0,4,0,1.3333333333333333,0.0,0.0,0.0
64,2,24,25,15,15,9,5,0,3.75,0.6,0.0,0.6
64,2,24,25,16,2,0,17,0,1.7894736842105263,0.0,0.0,0.0
64,2,32,33,15,5,2,1,0,0.8333333333333334,0.4,0.0,0.4
64,2,32,33,16,2,0,5,0,1.4285714285714286,0.0,0.0,0.0
64,2,32,33,17,9,3,5,0,3.2142857142857144,0.3333333333333333,0.0,0.3333333333333333
64,2,32,33,18,5,0,12,0,3.5294117647058822,0.0,0.0,0.0
64,2,32,33,23,4,2,8,0,2.6666666666666665,0.5,0.0,0.5
64,2,32,33,24,2,0,10,0,1.6666666666666667,0.0,0.0,0.0
64,2,32,33,25,4,2,10,0,2.857142857142857,0.5,0.0,0.5
64,2,40,41,15,1,1,1,0,0.5,1.0,0.0,1.0
64,2,40,41,16,1,0,1,0,0.5,0.0,0.0,0.0
64,2,40,41,17,6,2,1,0,0.8571428571428571,0.3333333333333333,0.0,0.3333333333333333
64,2,40,41,18,2,0,6,0,1.5,0.0,0.0,0.0
64,2,40,41,19,7,3,7,0,3.5,0.42857142857142855,0.0,0.42857142857142855
64,2,40,41,20,2,0,11,0,1.6923076923076923,0.0,0.0,0.0
64,2,40,41,21,2,0,9,0,1.6363636363636365,0.0,0.0,0.0
64,2,40,41,25,4,2,6,0,2.4,0.5,0.0,0.5
64,2,40,41,27,3,1,7,0,2.1,0.3333333333333333,0.0,0.3333333333333333
64,2,40,41,29,6,5,8,0,3.4285714285714284,0.8333333333333334,0.0,0.8333333333333334
64,2,40,41,31,3,0,11,0,2.357142857142857,0.0,0.0,0.0
64,2,48,49,19,4,0,2,0,1.3333333333333333,0.0,0.0,0.0
64,2,48,49,20,2,0,4,0,1.3333333333333333,0.0,0.0,0.0
64,2,48,49,21,5,2,3,0,1.875,0.4,0.0,0.4
64,2,48,49,22,1,0,5,0,0.8333333333333334,0.0,0.0,0.0
64,2,48,49,23,4,1,4,0,2.0,0.25,0.0,0.25
64,2,48,49,25,2,0,6,0,1.5,0.0,0.0,0.0
64,2,48,49,26,1,0,7,0,0.875,0.0,0.0,0.0
64,2,48,49,27,1,0,7,0,0.875,0.0,0.0,0.0
64,2,48,49,28,1,0,7,0,0.875,0.0,0.0,0.0
64,2,48,49,29,3,1,7,0,2.1,0.3333333333333333,0.0,0.3333333333333333
64,2,48,49,30,1,0,9,0,0.9,0.0,0.0,0.0
64,2,48,49,31,4,2,9,0,2.769230769230769,0.5,0.0,0.5
64,2,48,49,33,1,1,13,0,0.9285714285714286,1.0,0.0,1.0
64,2,56,57,21,3,1,1,0,0.75,0.3333333333333333,0.0,0.3333333333333333
64,2,56,57,22,2,0,1,0,0.6666666666666666,0.0,0.0,0.0
64,2,56,57,23,2,0,1,0,0.6666666666666666,0.0,0.0,0.0
64,2,56,57,24,2,0,1,0,0.6666666666666666,0.0,0.0,0.0
64,2,56,57,25,7,2,1,0,0.875,0.2857142857142857,0.0,0.2857142857142857
64,2,56,57,26,1,0,7,0,0.875,0.0,0.0,0.0
64,2,56,57,27,1,0,7,0,0.875,0.0,0.0,0.0
64,2,56,57,28,1,0,7,0,0.875,0.0,0.0,0.0
64,2,56,57,29,1,0,7,0,0.875,0.0,0.0,0.0
64,2,56,57,30,1,0,7,0,0.875,0.0,0.0,0.0
64,2,56,57,31,5,3,7,0,2.9166666666666665,0.6,0.0,0.6
64,2,56,57,32,1,0,12,0,0.9230769230769231,0.0,0.0,0.0
64,2,56,57,33,1,1,13,0,0.9285714285714286,1.0,0.0,1.0
64,2,56,57,36,1,0,10,0,0.9090909090909091,0.0,0.0,0.0
64,2,56,57,40,1,0,6,0,0.8571428571428571,0.0,0.0,0.0
64,2,56,57,41,2,0,6,0,1.5,0.0,0.0,0.0
64,2,56,57,42,2,0,7,0,1.5555555555555556,0.0,0.0,0.0
64,2,56,57,43,1,1,8,0,0.8888888888888888,1.0,0.0,1.0
64,2,56,57,44,1,0,10,0,0.9090909090909091,0.0,0.0,0.0
64,2,56,57,45,2,1,12,0,1.7142857142857142,0.5,0.0,0.5
64,2,64,65,26,3,0,1,0,0.75,0.0,0.0,0.0
64,2,64,65,27,5,2,2,0,1.4285714285714286,0.4,0.0,0.4
64,2,64,65,28,1,0,6,0,0.8571428571428571,0.0,0.0,0.0
64,2,64,65,29,2,1,6,0,1.5,0.5,0.0,0.5
64,2,64,65,30,1,0,7,0,0.875,0.0,0.0,0.0
64,2,64,65,31,2,1,7,0,1.5555555555555556,0.5,0.0,0.5
64,2,64,65,32,1,0,8,0,0.8888888888888888,0.0,0.0,0.0
64,2,64,65,33,6,2,8,0,3.4285714285714284,0.3333333333333333,0.0,0.3333333333333333
64,2,64,65,36,1,0,10,0,0.9090909090909091,0.0,0.0,0.0
64,2,64,65,40,1,1,6,0,0.8571428571428571,1.0,0.0,1.0
64,2,64,65,42,2,1,5,0,1.4285714285714286,0.5,0.0,0.5
64,2,64,65,43,2,0,6,0,1.5,0.0,0.0,0.0
64,2,64,65,44,1,1,9,0,0.9,1.0,0.0,1.0
64,2,64,65,45,1,1,11,0,0.9166666666666666,1.0,0.0,1.0
64,2,64,65,46,1,1,13,0,0.9285714285714286,1.0,0.0,1.0
64,2,64,65,47,1,0,15,0,0.9375,0.0,0.0,0.0
64,2,64,65,48,2,0,17,0,1.7894736842105263,0.0,0.0,0.0
64,2,64,65,49,2,0,19,0,1.8095238095238095,0.0,0.0,0.0
64,2,64,65,50,2,0,21,0,1.826086956521739,0.0,0.0,0.0
64,2,64,65,51,2,0,23,0,1.84,0.0,0.0,0.0
64,2,64,65,52,1,0,25,0,0.9615384615384616,0.0,0.0,0.0
64,2,64,65,53,2,0,26,0,1.8571428571428572,0.0,0.0,0.0
64,2,72,73,27,2,1,1,0,0.6666666666666666,0.5,0.0,0.5
64,2,72,73,28,2,0,2,0,1.0,0.0,0.0,0.0
64,2,72,73,29,3,0,3,0,1.5,0.0,0.0,0.0
64,2,72,73,30,1,0,5,0,0.8333333333333334,0.0,0.0,0.0
64,2,72,73,31,2,1,5,0,1.4285714285714286,0.5,0.0,0.5
64,2,72,73,32,1,0,6,0,0.8571428571428571,0.0,0.0,0.0
64,2,72,73,33,4,2,6,0,2.4,0.5,0.0,0.5
64,2,72,73,34,4,0,8,0,2.6666666666666665,0.0,0.0,0.0
64,2,72,73,35,2,0,11,0,1.6923076923076923,0.0,0.0,0.0
64,2,72,73,36,1,0,10,0,0.9090909090909091,0.0,0.0,0.0
64,2,72,73,41,1,0,5,0,0.8333333333333334,0.0,0.0,0.0
64,2,72,73,42,1,0,5,0,0.8333333333333334,0.0,0.0,0.0
64,2,72,73,43,2,0,5,0,1.4285714285714286,0.0,0.0,0.0
64,2,72,73,44,1,0,8,0,0.8888888888888888,0.0,0.0,0.0
64,2,72,73,45,1,0,10,0,0.9090909090909091,0.0,0.0,0.0
64,2,72,73,46,1,0,12,0,0.9230769230769231,0.0,0.0,0.0
64,2,72,73,47,2,0,14,0,1.75,0.0,0.0,0.0
64,2,72,73,48,2,0,16,0,1.7777777777777777,0.0,0.0,0.0
64,2,72,73,49,2,0,18,0,1.8,0.0,0.0,0.0
64,2,72,73,50,2,0,20,0,1.8181818181818181,0.0,0.0,0.0
64,2,72,73,51,2,0,22,0,1.8333333333333333,0.0,0.0,0.0
64,2,72,73,52,2,0,23,0,1.84,0.0,0.0,0.0
64,2,72,73,53,2,0,24,0,1.8461538461538463,0.0,0.0,0.0
64,2,72,73,54,1,0,25,0,0.9615384615384616,0.0,0.0,0.0
64,2,72,73,55,2,1,26,0,1.8571428571428572,0.5,0.0,0.5
64,2,80,81,29,3,2,1,0,0.75,0.6666666666666666,0.0,0.6666666666666666
64,2,80,81,30,2,0,3,0,1.2,0.0,0.0,0.0
64,2,80,81,31,1,0,4,0,0.8,0.0,0.0,0.0
64,2,80,81,32,1,0,4,0,0.8,0.0,0.0,0.0
64,2,80,81,33,2,1,4,0,1.3333333333333333,0.5,0.0,0.5
64,2,80,81,34,2,0,5,0,1.4285714285714286,0.0,0.0,0.0
64,2,80,81,35,8,2,5,0,3.076923076923077,0.25,0.0,0.25
64,2,80,81,36,1,0,10,0,0.9090909090909091,0.0,0.0,0.0
64,2,80,81,42,1,0,4,0,0.8,0.0,0.0,0.0
64,2,80,81,43,2,0,4,0,1.3333333333333333,0.0,0.0,0.0
64,2,80,81,44,1,0,7,0,0.875,0.0,0.0,0.0
64,2,80,81,45,1,0,9,0,0.9,0.0,0.0,0.0
64,2,80,81,46,1,0,11,0,0.9166666666666666,0.0,0.0,0.0
64,2,80,81,47,2,0,13,0,1.7333333333333334,0.0,0.0,0.0
64,2,80,81,48,2,0,15,0,1.7647058823529411,0.0,0.0,0.0
64,2,80,81,49,2,0,17,0,1.7894736842105263,0.0,0.0,0.0
64,2,80,81,50,2,0,19,0,1.8095238095238095,0.0,0.0,0.0
64,2,80,81,51,2,0,21,0,1.826086956521739,0.0,0.0,0.0
64,2,80,81,52,2,0,22,0,1.8333333333333333,0.0,0.0,0.0
64,2,80,81,53,3,1,23,0,2.6538461538461537,0.3333333333333333,0.0,0.3333333333333333
64,2,80,81,55,2,1,25,0,1.8518518518518519,0.5,0.0,0.5
64,2,80,81,56,1,0,26,0,0.9629629629629629,0.0,0.0,0.0
64,2,88,89,29,1,1,1,0,0.5,1.0,0.0,1.0
64,2,88,89,30,1,0,2,0,0.6666666666666666,0.0,0.0,0.0
64,2,88,89,31,2,1,2,0,1.0,0.5,0.0,0.5
64,2,88,89,33,2,1,2,0,1.0,0.5,0.0,0.5
64,2,88,89,34,1,0,3,0,0.75,0.0,0.0,0.0
64,2,88,89,35,4,1,3,0,1.7142857142857142,0.25,0.0,0.25
64,2,88,89,36,6,0,4,0,2.4,0.0,0.0,0.0
64,2,88,89,37,2,0,7,0,1.5555555555555556,0.0,0.0,0.0
64,2,88,89,43,2,0,3,0,1.2,0.0,0.0,0.0
64,2,88,89,45,2,1,7,0,1.5555555555555556,0.5,0.0,0.5
64,2,88,89,46,1,0,10,0,0.9090909090909091,0.0,0.0,0.0
64,2,88,89,47,2,1,12,0,1.7142857142857142,0.5,0.0,0.5
64,2,88,89,48,1,0,14,0,0.9333333333333333,0.0,0.0,0.0
64,2,88,89,49,2,1,15,0,1.7647058823529411,0.5,0.0,0.5
64,2,88,89,50,2,0,17,0,1.7894736842105263,0.0,0.0,0.0
64,2,88,89,51,3,1,19,0,2.590909090909091,0.3333333333333333,0.0,0.3333333333333333
64,2,88,89,52,2,0,21,0,1.826086956521739,0.0,0.0,0.0
64,2,88,89,53,2,1,22,0,1.8333333333333333,0.5,0.0,0.5
64,2,88,89,54,1,0,23,0,0.9583333333333334,0.0,0.0,0.0
64,2,88,89,55,1,1,24,0,0.96,1.0,0.0,1.0
64,2,88,89,56,1,0,24,0,0.96,0.0,0.0,0.0
64,2,88,89,57,2,1,24,0,1.8461538461538463,0.5,0.0,0.5
64,2,96,97,31,1,0,1,0,0.5,0.0,0.0,0.0
64,2,96,97,32,1,0,1,0,0.5,0.0,0.0,0.0
64,2,96,97,33,1,0,1,0,0.5,0.0,0.0,0.0
64,2,96,97,34,1,0,1,0,0.5,0.0,0.0,0.0
64,2,96,97,35,4,3,1,0,0.8,0.75,0.0,0.75
64,2,96,97,36,3,0,2,0,1.2,0.0,0.0,0.0
64,2,96,97,37,6,4,2,0,1.5,0.6666666666666666,0.0,0.6666666666666666
64,2,96,97,38,2,0,6,0,1.5,0.0,0.0,0.0
64,2,96,97,44,3,0,2,0,1.2,0.0,0.0,0.0
64,2,96,97,47,2,2,8,0,1.6,1.0,0.0,1.0
64,2,96,97,48,1,0,9,0,0.9,0.0,0.0,0.0
64,2,96,97,49,2,1,10,0,1.6666666666666667,0.5,0.0,0.5
64,2,96,97,50,1,0,11,0,0.9166666666666666,0.0,0.0,0.0
64,2,96,97,51,3,1,12,0,2.4,0.3333333333333333,0.0,0.3333333333333333
64,2,96,97,52,1,0,13,0,0.9285714285714286,0.0,0.0,0.0
64,2,96,97,53,3,2,14,0,2.4705882352941178,0.6666666666666666,0.0,0.6666666666666666
64,2,96,97,55,1,1,16,0,0.9411764705882353,1.0,0.0,1.0
64,2,96,97,57,1,1,16,0,0.9411764705882353,1.0,0.0,1.0
64,2,96,97,59,2,2,15,0,1.7647058823529411,1.0,0.0,1.0
64,2,96,97,61,6,5,12,0,4.0,0.8333333333333334,0.0,0.8333333333333334
64,2,96,97,63,2,0,16,0,1.7777777777777777,0.0,0.0,0.0
64,2,104,105,38,2,0,1,0,0.6666666666666666,0.0,0.0,0.0
64,2,104,105,39,5,2,1,0,0.8333333333333334,0.4,0.0,0.4
64,2,104,105,40,2,0,4,0,1.3333333333333333,0.0,0.0,0.0
64,2,104,105,44,3,0,2,0,1.2,0.0,0.0,0.0
64,2,104,105,48,1,0,9,0,0.9,0.0,0.0,0.0
64,2,104,105,49,1,0,10,0,0.9090909090909091,0.0,0.0,0.0
64,2,104,105,50,1,0,11,0,0.9166666666666666,0.0,0.0,0.0
64,2,104,105,51,1,0,12,0,0.9230769230769231,0.0,0.0,0.0
64,2,104,105,52,1,0,13,0,0.9285714285714286,0.0,0.0,0.0
64,2,104,105,53,1,0,14,0,0.9333333333333333,0.0,0.0,0.0
64,2,104,105,61,1,0,11,0,0.9166666666666666,0.0,0.0,0.0
64,2,104,105,63,1,1,14,0,0.9333333333333333,1.0,0.0,1.0
64,2,104,105,64,1,0,16,0,0.9411764705882353,0.0,0.0,0.0
64,2,104,105,65,1,0,18,0,0.9473684210526315,0.0,0.0,0.0
64,2,112,113,42,2,0,2,0,1.0,0.0,0.0,0.0
64,2,112,113,45,4,1,1,0,0.8,0.25,0.0,0.25
64,2,112,113,46,2,0,4,0,1.3333333333333333,0.0,0.0,0.0
64,2,112,113,47,3,1,5,0,1.875,0.3333333333333333,0.0,0.3333333333333333
64,2,112,113,49,1,1,10,0,0.9090909090909091,1.0,0.0,1.0
64,2,112,113,50,1,0,11,0,0.9166666666666666,0.0,0.0,0.0
64,2,112,113,51,1,0,12,0,0.9230769230769231,0.0,0.0,0.0
64,2,112,113,52,1,0,13,0,0.9285714285714286,0.0,0.0,0.0
64,2,112,113,53,1,0,14,0,0.9333333333333333,0.0,0.0,0.0
64,2,112,113,62,3,0,10,0,2.3076923076923075,0.0,0.0,0.0
64,2,112,113,63,5,1,11,0,3.4375,0.2,0.0,0.2
64,2,112,113,64,1,0,17,0,0.9444444444444444,0.0,0.0,0.0
64,2,112,113,65,2,0,18,0,1.8,0.0,0.0,0.0
64,2,120,121,45,2,0,1,0,0.6666666666666666,0.0,0.0,0.0
64,2,120,121,46,2,0,2,0,1.0,0.0,0.0,0.0
64,2,120,121,47,2,0,3,0,1.2,0.0,0.0,0.0
64,2,120,121,48,4,1,4,0,2.0,0.25,0.0,0.25
64,2,120,121,49,2,0,7,0,1.5555555555555556,0.0,0.0,0.0
64,2,120,121,50,2,0,8,0,1.6,0.0,0.0,0.0
64,2,120,121,51,3,0,9,0,2.25,0.0,0.0,0.0
64,2,120,121,52,3,0,10,0,2.3076923076923075,0.0,0.0,0.0
64,2,120,121,53,3,1,12,0,2.4,0.3333333333333333,0.0,0.3333333333333333
64,2,120,121,54,1,0,14,0,0.9333333333333333,0.0,0.0,0.0
64,2,120,121,55,3,0,13,0,2.4375,0.0,0.0,0.0
64,2,120,121,61,4,4,11,0,2.933333333333333,1.0,0.0,1.0
64,2,120,121,63,4,1,11,0,2.933333333333333,0.25,0.0,0.25
64,2,120,121,64,3,1,14,0,2.4705882352941178,0.3333333333333333,0.0,0.3333333333333333
64,2,120,121,65,5,1,14,0,3.6842105263157894,0.2,0.0,0.2
64,2,120,121,66,2,1,17,0,1.7894736842105263,0.5,0.0,0.5
64,2,120,121,67,2,0,19,0,1.8095238095238095,0.0,0.0,0.0
64,2,120,121,68,2,0,21,0,1.826086956521739,0.0,0.0,0.0
64,2,120,121,69,2,0,22,0,1.8333333333333333,0.0,0.0,0.0
64,2,120,121,70,2,0,22,0,1.8333333333333333,0.0,0.0,0.0
64,2,120,121,71,2,0,22,0,1.8333333333333333,0.0,0.0,0.0
64,2,120,121,72,2,0,23,0,1.84,0.0,0.0,0.0
64,2,120,121,73,2,0,24,0,1.8461538461538463,0.0,0.0,0.0
64,2,120,121,74,3,0,25,0,2.6785714285714284,0.0,0.0,0.0
64,2,128,129,47,3,0,1,0,0.75,0.0,0.0,0.0
64,2,128,129,48,3,1,3,0,1.5,0.3333333333333333,0.0,0.3333333333333333
64,2,128,129,49,2,0,5,0,1.4285714285714286,0.0,0.0,0.0
64,2,128,129,50,2,0,6,0,1.5,0.0,0.0,0.0
64,2,128,129,51,2,0,7,0,1.5555555555555556,0.0,0.0,0.0
64,2,128,129,52,3,0,8,0,2.1818181818181817,0.0,0.0,0.0
64,2,128,129,53,3,0,9,0,2.25,0.0,0.0,0.0
64,2,128,129,54,2,0,10,0,1.6666666666666667,0.0,0.0,0.0
64,2,128,129,55,5,1,11,0,3.4375,0.2,0.0,0.2
64,2,128,129,61,4,4,11,0,2.933333333333333,1.0,0.0,1.0
64,2,128,129,62,1,0,13,0,0.9285714285714286,0.0,0.0,0.0
64,2,128,129,63,3,0,12,0,2.4,0.0,0.0,0.0
64,2,128,129,64,2,0,14,0,1.75,0.0,0.0,0.0
64,2,128,129,65,4,0,13,0,3.0588235294117645,0.0,0.0,0.0
64,2,128,129,66,2,0,15,0,1.7647058823529411,0.0,0.0,0.0
64,2,128,129,67,2,0,17,0,1.7894736842105263,0.0,0.0,0.0
64,2,128,129,68,2,0,19,0,1.8095238095238095,0.0,0.0,0.0
64,2,128,129,69,2,0,20,0,1.8181818181818181,0.0,0.0,0.0
64,2,128,129,70,2,0,20,0,1.8181818181818181,0.0,0.0,0.0
64,2,128,129,71,2,0,20,0,1.8181818181818181,0.0,0.0,0.0
64,2,128,129,72,2,0,21,0,1.826086956521739,0.0,0.0,0.0
64,2,128,129,73,2,0,22,0,1.8333333333333333,0.0,0.0,0.0
64,2,128,129,74,2,0,23,0,1.84,0.0,0.0,0.0
64,2,128,129,75,2,0,24,0,1.8461538461538463,0.0,0.0,0.0
64,2,128,129,76,2,0,25,0,1.8518518518518519,0.0,0.0,0.0
64,2,136,137,47,1,0,1,0,0.5,0.0,0.0,0.0
64,2,136,137,48,1,0,2,0,0.6666666666666666,0.0,0.0,0.0
64,2,136,137,49,2,1,3,0,1.2,0.5,0.0,0.5
64,2,136,137,50,2,0,4,0,1.3333333333333333,0.0,0.0,0.0
64,2,136,137,51,3,0,5,0,1.875,0.0,0.0,0.0
64,2,136,137,52,3,0,7,0,2.1,0.0,0.0,0.0
64,2,136,137,53,5,2,8,0,3.076923076923077,0.4,0.0,0.4
64,2,136,137,54,3,0,10,0,2.3076923076923075,0.0,0.0,0.0
64,2,136,137,55,3,0,11,0,2.357142857142857,0.0,0.0,0.0
64,2,136,137,56,2,0,12,0,1.7142857142857142,0.0,0.0,0.0
64,2,136,137,57,4,2,12,0,3.0,0.5,0.0,0.5
64,2,136,137,61,1,1,11,0,0.9166666666666666,1.0,0.0,1.0
64,2,136,137,62,4,0,10,0,2.857142857142857,0.0,0.0,0.0
64,2,136,137,63,1,0,12,0,0.9230769230769231,0.0,0.0,0.0
64,2,136,137,64,2,0,12,0,1.7142857142857142,0.0,0.0,0.0
64,2,136,137,65,2,0,13,0,1.7333333333333334,0.0,0.0,0.0
64,2,136,137,66,2,0,14,0,1.75,0.0,0.0,0.0
64,2,136,137,67,2,0,15,0,1.7647058823529411,0.0,0.0,0.0
64,2,136,137,68,2,0,17,0,1.7894736842105263,0.0,0.0,0.0
64,2,136,137,69,2,0,18,0,1.8,0.0,0.0,0.0
64,2,136,137,70,3,1,18,0,2.5714285714285716,0.3333333333333333,0.0,0.3333333333333333
64,2,136,137,71,2,1,19,0,1.8095238095238095,0.5,0.0,0.5
64,2,136,137,72,2,1,20,0,1.8181818181818181,0.5,0.0,0.5
64,2,136,137,73,2,0,21,0,1.826086956521739,0.0,0.0,0.0
64,2,136,137,74,3,1,22,0,2.64,0.3333333333333333,0.0,0.3333333333333333
64,2,136,137,75,2,0,24,0,1.8461538461538463,0.0,0.0,0.0
64,2,136,137,76,2,0,25,0,1.8518518518518519,0.0,0.0,0.0
64,2,144,145,47,1,0,1,0,0.5,0.0,0.0,0.0
64,2,144,145,48,1,0,2,0,0.6666666666666666,0.0,0.0,0.0
64,2,144,145,49,1,0,3,0,0.75,0.0,0.0,0.0
64,2,144,145,50,1,0,4,0,0.8,0.0,0.0,0.0
64,2,144,145,51,3,0,5,0,1.875,0.0,0.0,0.0
64,2,144,145,52,2,0,7,0,1.5555555555555556,0.0,0.0,0.0
64,2,144,145,53,4,0,8,0,2.6666666666666665,0.0,0.0,0.0
64,2,144,145,54,3,0,9,0,2.25,0.0,0.0,0.0
64,2,144,145,55,4,0,10,0,2.857142857142857,0.0,0.0,0.0
64,2,144,145,56,3,0,11,0,2.357142857142857,0.0,0.0,0.0
64,2,144,145,57,3,0,11,0,2.357142857142857,0.0,0.0,0.0
64,2,144,145,58,3,0,11,0,2.357142857142857,0.0,0.0,0.0
64,2,144,145,59,2,0,11,0,1.6923076923076923,0.0,0.0,0.0
64,2,144,145,60,2,0,11,0,1.6923076923076923,0.0,0.0,0.0
64,2,144,145,61,1,1,11,0,0.9166666666666666,1.0,0.0,1.0
64,2,144,145,62,4,0,10,0,2.857142857142857,0.0,0.0,0.0
64,2,144,145,63,1,0,12,0,0.9230769230769231,0.0,0.0,0.0
64,2,144,145,64,2,0,12,0,1.7142857142857142,0.0,0.0,0.0
64,2,144,145,65,2,0,13,0,1.7333333333333334,0.0,0.0,0.0
64,2,144,145,66,2,0,14,0,1.75,0.0,0.0,0.0
64,2,144,145,67,2,0,15,0,1.7647058823529411,0.0,0.0,0.0
64,2,144,145,68,2,0,17,0,1.7894736842105263,0.0,0.0,0.0
64,2,144,145,69,2,0,18,0,1.8,0.0,0.0,0.0
64,2,144,145,70,2,0,18,0,1.8,0.0,0.0,0.0
64,2,144,145,71,2,0,18,0,1.8,0.0,0.0,0.0
64,2,144,145,72,2,0,19,0,1.8095238095238095,0.0,0.0,0.0
64,2,144,145,73,2,0,20,0,1.8181818181818181,0.0,0.0,0.0
64,2,144,145,74,2,0,21,0,1.826086956521739,0.0,0.0,0.0
64,2,144,145,75,2,0,22,0,1.8333333333333333,0.0,0.0,0.0
64,2,144,145,76,2,0,23,0,1.84,0.0,0.0,0.0
64,2,144,145,77,2,0,24,0,1.8461538461538463,0.0,0.0,0.0
64,2,152,153,47,1,0,1,0,0.5,0.0,0.0,0.0
64,2,152,153,48,1,0,2,0,0.6666666666666666,0.0,0.0,0.0
64,2,152,153,49,1,0,3,0,0.75,0.0,0.0,0.0
64,2,152,153,50,1,0,4,0,0.8,0.0,0.0,0.0
64,2,152,153,51,3,2,5,0,1.875,0.6666666666666666,0.0,0.6666666666666666
64,2,152,153,52,4,0,6,0,2.4,0.0,0.0,0.0
64,2,152,153,53,4,0,8,0,2.6666666666666665,0.0,0.0,0.0
64,2,152,153,54,3,0,9,0,2.25,0.0,0.0,0.0
64,2,152,153,55,4,1,10,0,2.857142857142857,0.25,0.0,0.25
64,2,152,153,56,3,0,11,0,2.357142857142857,0.0,0.0,0.0
64,2,152,153,57,3,0,11,0,2.357142857142857,0.0,0.0,0.0
64,2,152,153,58,3,0,11,0,2.357142857142857,0.0,0.0,0.0
64,2,152,153,59,2,0,11,0,1.6923076923076923,0.0,0.0,0.0
64,2,152,153,60,2,0,11,0,1.6923076923076923,0.0,0.0,0.0
64,2,152,153,61,1,1,11,0,0.9166666666666666,1.0,0.0,1.0
64,2,152,153,62,3,0,10,0,2.3076923076923075,0.0,0.0,0.0
64,2,152,153,63,2,0,11,0,1.6923076923076923,0.0,0.0,0.0
64,2,152,153,64,2,0,12,0,1.7142857142857142,0.0,0.0,0.0
64,2,152,153,65,2,0,13,0,1.7333333333333334,0.0,0.0,0.0
64,2,152,153,66,2,0,14,0,1.75,0.0,0.0,0.0
64,2,152,153,67,2,0,15,0,1.7647058823529411,0.0,0.0,0.0
64,2,152,153,68,2,0,17,0,1.7894736842105263,0.0,0.0,0.0
64,2,152,153,69,2,0,18,0,1.8,0.0,0.0,0.0
64,2,152,153,70,2,0,18,0,1.8,0.0,0.0,0.0
64,2,152,153,71,2,0,18,0,1.8,0.0,0.0,0.0
64,2,152,153,72,2,0,19,0,1.8095238095238095,0.0,0.0,0.0
64,2,152,153,73,2,0,20,0,1.8181818181818181,0.0,0.0,0.0
64,2,152,153,74,2,0,21,0,1.826086956521739,0.0,0.0,0.0
64,2,152,153,75,2,0,22,0,1.8333333333333333,0.0,0.0,0.0
64,2,152,153,76,2,0,23,0,1.84,0.0,0.0,0.0
64,2,152,153,77,2,0,24,0,1.8461538461538463,0.0,0.0,0.0
64,2,160,161,47,1,0,1,0,0.5,0.0,0.0,0.0
64,2,160,161,48,1,0,2,0,0.6666666666666666,0.0,0.0,0.0
64,2,160,161,49,1,0,3,0,0.75,0.0,0.0,0.0
64,2,160,161,50,1,0,4,0,0.8,0.0,0.0,0.0
64,2,160,161,51,2,0,5,0,1.4285714285714286,0.0,0.0,0.0
64,2,160,161,52,2,0,6,0,1.5,0.0,0.0,0.0
64,2,160,161,53,4,0,7,0,2.5454545454545454,0.0,0.0,0.0
64,2,160,161,54,4,0,8,0,2.6666666666666665,0.0,0.0,0.0
64,2,160,161,55,3,0,10,0,2.3076923076923075,0.0,0.0,0.0
64,2,160,161,56,3,0,10,0,2.3076923076923075,0.0,0.0,0.0
64,2,160,161,57,3,0,10,0,2.3076923076923075,0.0,0.0,0.0
64,2,160,161,58,4,0,10,0,2.857142857142857,0.0,0.0,0.0
64,2,160,161,59,2,0,11,0,1.6923076923076923,0.0,0.0,0.0
64,2,160,161,60,1,0,11,0,0.9166666666666666,0.0,0.0,0.0
64,2,160,161,61,1,0,10,0,0.9090909090909091,0.0,0.0,0.0
64,2,160,161,62,2,0,10,0,1.6666666666666667,0.0,0.0,0.0
64,2,160,161,63,3,0,10,0,2.3076923076923075,0.0,0.0,0.0
64,2,160,161,64,2,0,12,0,1.7142857142857142,0.0,0.0,0.0
64,2,160,161,65,2,0,13,0,1.7333333333333334,0.0,0.0,0.0
64,2,160,161,66,2,0,14,0,1.75,0.0,0.0,0.0
64,2,160,161,67,2,0,15,0,1.7647058823529411,0.0,0.0,0.0
64,2,160,161,68,2,0,17,0,1.7894736842105263,0.0,0.0,0.0
64,2,160,161,69,2,0,18,0,1.8,0.0,0.0,0.0
64,2,160,161,70,2,0,18,0,1.8,0.0,0.0,0.0
64,2,160,161,71,2,0,18,0,1.8,0.0,0.0,0.0
64,2,160,161,72,2,0,19,0,1.8095238095238095,0.0,0.0,0.0
64,2,160,161,73,2,0,20,0,1.8181818181818181,0.0,0.0,0.0
64,2,160,161,74,2,0,21,0,1.826086956521739,0.0,0.0,0.0
64,2,160,161,75,2,0,22,0,1.8333333333333333,0.0,0.0,0.0
64,2,160,161,76,2,0,23,0,1.84,0.0,0.0,0.0
64,2,160,161,77,2,0,24,0,1.8461538461538463,0.0,0.0,0.0
64,2,168,169,47,1,0,1,0,0.5,0.0,0.0,0.0
64,2,168,169,48,1,0,2,0,0.6666666666666666,0.0,0.0,0.0
64,2,168,169,49,1,0,3,0,0.75,0.0,0.0,0.0
64,2,168,169,50,2,0,4,0,1.3333333333333333,0.0,0.0,0.0
64,2,168,169,51,2,0,5,0,1.4285714285714286,0.0,0.0,0.0
64,2,168,169,52,2,0,6,0,1.5,0.0,0.0,0.0
64,2,168,169,53,4,2,7,0,2.5454545454545454,0.5,0.0,0.5
64,2,168,169,54,3,0,8,0,2.1818181818181817,0.0,0.0,0.0
64,2,168,169,55,3,0,9,0,2.25,0.0,0.0,0.0
64,2,168,169,56,4,0,9,0,2.769230769230769,0.0,0.0,0.0
64,2,168,169,57,3,0,10,0,2.3076923076923075,0.0,0.0,0.0
64,2,168,169,58,2,0,10,0,1.6666666666666667,0.0,0.0,0.0
64,2,168,169,59,2,0,10,0,1.6666666666666667,0.0,0.0,0.0
64,2,168,169,60,2,0,10,0,1.6666666666666667,0.0,0.0,0.0
64,2,168,169,61,1,0,10,0,0.9090909090909091,0.0,0.0,0.0
64,2,168,169,62,1,0,10,0,0.9090909090909091,0.0,0.0,0.0
64,2,168,169,63,4,1,9,0,2.769230769230769,0.25,0.0,0.25
64,2,168,169,64,2,0,12,0,1.7142857142857142,0.0,0.0,0.0
64,2,168,169,65,2,0,13,0,1.7333333333333334,0.0,0.0,0.0
64,2,168,169,66,2,0,14,0,1.75,0.0,0.0,0.0
64,2,168,169,67,2,0,15,0,1.7647058823529411,0.0,0.0,0.0
64,2,168,169,68,2,0,17,0,1.7894736842105263,0.0,0.0,0.0
64,2,168,169,69,2,0,18,0,1.8,0.0,0.0,0.0
64,2,168,169,70,2,0,18,0,1.8,0.0,0.0,0.0
64,2,168,169,71,2,0,18,0,1.8,0.0,0.0,0.0
64,2,168,169,72,2,0,19,0,1.8095238095238095,0.0,0.0,0.0
64,2,168,169,73,2,0,20,0,1.8181818181818181,0.0,0.0,0.0
64,2,168,169,74,2,0,21,0,1.826086956521739,0.0,0.0,0.0
64,2,168,169,75,2,0,22,0,1.8333333333333333,0.0,0.0,0.0
64,2,168,169,76,2,0,23,0,1.84,0.0,0.0,0.0
64,2,168,169,77,2,0,24,0,1.8461538461538463,0.0,0.0,0.0
64,2,176,177,47,1,0,1,0,0.5,0.0,0.0,0.0
64,2,176,177,48,1,0,2,0,0.6666666666666666,0.0,0.0,0.0
64,2,176,177,49,2,0,3,0,1.2,0.0,0.0,0.0
64,2,176,177,50,2,0,4,0,1.3333333333333333,0.0,0.0,0.0
64,2,176,177,51,2,0,5,0,1.4285714285714286,0.0,0.0,0.0
64,2,176,177,52,2,0,6,0,1.5,0.0,0.0,0.0
64,2,176,177,53,2,0,7,0,1.5555555555555556,0.0,0.0,0.0
64,2,176,177,54,2,0,8,0,1.6,0.0,0.0,0.0
64,2,176,177,55,3,0,9,0,2.25,0.0,0.0,0.0
64,2,176,177,56,3,0,9,0,2.25,0.0,0.0,0.0
64,2,176,177,57,3,0,9,0,2.25,0.0,0.0,0.0
64,2,176,177,58,2,0,9,0,1.6363636363636365,0.0,0.0,0.0
64,2,176,177,59,3,0,9,0,2.25,0.0,0.0,0.0
64,2,176,177,60,1,0,10,0,0.9090909090909091,0.0,0.0,0.0
64,2,176,177,61,2,0,9,0,1.6363636363636365,0.0,0.0,0.0
64,2,176,177,62,1,0,10,0,0.9090909090909091,0.0,0.0,0.0
64,2,176,177,63,2,0,9,0,1.6363636363636365,0.0,0.0,0.0
64,2,176,177,64,5,0,9,0,3.2142857142857144,0.0,0.0,0.0
64,2,176,177,65,2,0,13,0,1.7333333333333334,0.0,0.0,0.0
64,2,176,177,66,2,0,14,0,1.75,0.0,0.0,0.0
64,2,176,177,67,2,0,15,0,1.7647058823529411,0.0,0.0,0.0
64,2,176,177,68,2,0,17,0,1.7894736842105263,0.0,0.0,0.0
64,2,176,177,69,2,0,18,0,1.8,0.0,0.0,0.0
64,2,176,177,70,2,0,18,0,1.8,0.0,0.0,0.0
64,2,176,177,71,2,0,18,0,1.8,0.0,0.0,0.0
64,2,176,177,72,2,0,19,0,1.8095238095238095,0.0,0.0,0.0
64,2,176,177,73,2,0,20,0,1.8181818181818181,0.0,0.0,0.0
64,2,176,177,74,2,0,21,0,1.826086956521739,0.0,0.0,0.0
64,2,176,177,75,2,0,22,0,1.8333333333333333,0.0,0.0,0.0
64,2,176,177,76,2,0,23,0,1.84,0.0,0.0,0.0
64,2,176,177,77,2,0,24,0,1.8461538461538463,0.0,0.0,0.0
64,2,184,185,47,1,1,1,0,0.5,1.0,0.0,1.0
64,2,184,185,48,2,0,2,0,1.0,0.0,0.0,0.0
64,2,184,185,49,2,0,3,0,1.2,0.0,0.0,0.0
64,2,184,185,50,2,0,4,0,1.3333333333333333,0.0,0.0,0.0
64,2,184,185,51,2,0,5,0,1.4285714285714286,0.0,0.0,0.0
64,2,184,185,52,2,0,6,0,1.5,0.0,0.0,0.0
64,2,184,185,53,2,0,7,0,1.5555555555555556,0.0,0.0,0.0
64,2,184,185,54,2,0,8,0,1.6,0.0,0.0,0.0
64,2,184,185,55,2,0,9,0,1.6363636363636365,0.0,0.0,0.0
64,2,184,185,56,2,0,9,0,1.6363636363636365,0.0,0.0,0.0
64,2,184,185,57,3,1,9,0,2.25,0.3333333333333333,0.0,0.3333333333333333
64,2,184,185,58,3,0,9,0,2.25,0.0,0.0,0.0
64,2,184,185,59,2,0,9,0,1.6363636363636365,0.0,0.0,0.0
64,2,184,185,60,2,0,9,0,1.6363636363636365,0.0,0.0,0.0
64,2,184,185,61,2,1,9,0,1.6363636363636365,0.5,0.0,0.5
64,2,184,185,63,2,1,9,0,1.6363636363636365,0.5,0.0,0.5
64,2,184,185,64,4,0,9,0,2.769230769230769,0.0,0.0,0.0
64,2,184,185,65,5,1,11,0,3.4375,0.2,0.0,0.2
64,2,184,185,66,2,0,14,0,1.75,0.0,0.0,0.0
64,2,184,185,67,3,1,15,0,2.5,0.3333333333333333,0.0,0.3333333333333333
64,2,184,185,68,2,0,17,0,1.7894736842105263,0.0,0.0,0.0
64,2,184,185,69,2,0,18,0,1.8,0.0,0.0,0.0
64,2,184,185,70,2,0,18,0,1.8,0.0,0.0,0.0
64,2,184,185,71,2,0,18,0,1.8,0.0,0.0,0.0
64,2,184,185,72,2,0,19,0,1.8095238095238095,0.0,0.0,0.0
64,2,184,185,73,3,1,20,0,2.608695652173913,0.3333333333333333,0.0,0.3333333333333333
64,2,184,185,74,2,0,21,0,1.826086956521739,0.0,0.0,0.0
64,2,184,185,75,2,0,22,0,1.8333333333333333,0.0,0.0,0.0
64,2,184,185,76,2,0,23,0,1.84,0.0,0.0,0.0
64,2,184,185,77,2,0,24,0,1.8461538461538463,0.0,0.0,0.0
64,2,192,193,48,2,0,1,0,0.6666666666666666,0.0,0.0,0.0
64,2,192,193,49,2,0,2,0,1.0,0.0,0.0,0.0
64,2,192,193,50,3,0,3,0,1.5,0.0,0.0,0.0
64,2,192,193,51,2,0,5,0,1.4285714285714286,0.0,0.0,0.0
64,2,192,193,52,2,0,6,0,1.5,0.0,0.0,0.0
64,2,192,193,53,2,0,7,0,1.5555555555555556,0.0,0.0,0.0
64,2,192,193,54,2,0,8,0,1.6,0.0,0.0,0.0
64,2,192,193,55,2,0,9,0,1.6363636363636365,0.0,0.0,0.0
64,2,192,193,56,2,0,9,0,1.6363636363636365,0.0,0.0,0.0
64,2,192,193,57,2,0,9,0,1.6363636363636365,0.0,0.0,0.0
64,2,192,193,58,2,0,9,0,1.6363636363636365,0.0,0.0,0.0
64,2,192,193,59,1,0,9,0,0.9,0.0,0.0,0.0
64,2,192,193,60,2,0,9,0,1.6363636363636365,0.0,0.0,0.0
64,2,192,193,61,1,0,9,0,0.9,0.0,0.0,0.0
64,2,192,193,62,1,0,9,0,0.9,0.0,0.0,0.0
64,2,192,193,63,3,1,9,0,2.25,0.3333333333333333,0.0,0.3333333333333333
64,2,192,193,64,5,0,9,0,3.2142857142857144,0.0,0.0,0.0
64,2,192,193,65,5,0,11,0,3.4375,0.0,0.0,0.0
64,2,192,193,66,3,0,14,0,2.4705882352941178,0.0,0.0,0.0
64,2,192,193,67,3,0,15,0,2.5,0.0,0.0,0.0
64,2,192,193,68,3,0,17,0,2.55,0.0,0.0,0.0
64,2,192,193,69,3,0,18,0,2.5714285714285716,0.0,0.0,0.0
64,2,192,193,70,3,0,18,0,2.5714285714285716,0.0,0.0,0.0
64,2,192,193,71,3,0,18,0,2.5714285714285716,0.0,0.0,0.0
64,2,192,193,72,3,0,19,0,2.590909090909091,0.0,0.0,0.0
64,2,192,193,73,3,0,20,0,2.608695652173913,0.0,0.0,0.0
64,2,192,193,74,2,0,21,0,1.826086956521739,0.0,0.0,0.0
64,2,192,193,75,2,0,22,0,1.8333333333333333,0.0,0.0,0.0
64,2,192,193,76,2,0,23,0,1.84,0.0,0.0,0.0
64,2,192,193,77,2,0,24,0,1.8461538461538463,0.0,0.0,0.0
64,2,200,201,48,2,0,1,0,0.6666666666666666,0.0,0.0,0.0
64,2,200,201,49,2,0,2,0,1.0,0.0,0.0,0.0
64,2,200,201,50,2,0,3,0,1.2,0.0,0.0,0.0
64,2,200,201,51,2,0,4,0,1.3333333333333333,0.0,0.0,0.0
64,2,200,201,52,3,0,5,0,1.875,0.0,0.0,0.0
64,2,200,201,53,2,0,7,0,1.5555555555555556,0.0,0.0,0.0
64,2,200,201,54,2,0,8,0,1.6,0.0,0.0,0.0
64,2,200,201,55,2,0,9,0,1.6363636363636365,0.0,0.0,0.0
64,2,200,201,56,2,0,9,0,1.6363636363636365,0.0,0.0,0.0
64,2,200,201,57,2,0,9,0,1.6363636363636365,0.0,0.0,0.0
64,2,200,201,58,2,0,9,0,1.6363636363636365,0.0,0.0,0.0
64,2,200,201,59,1,0,9,0,0.9,0.0,0.0,0.0
64,2,200,201,60,1,0,9,0,0.9,0.0,0.0,0.0
64,2,200,201,61,1,0,9,0,0.9,0.0,0.0,0.0
64,2,200,201,62,2,0,9,0,1.6363636363636365,0.0,0.0,0.0
64,2,200,201,63,1,0,9,0,0.9,0.0,0.0,0.0
64,2,200,201,64,2,0,9,0,1.6363636363636365,0.0,0.0,0.0
64,2,200,201,65,6,1,9,0,3.6,0.16666666666666666,0.0,0.16666666666666666
64,2,200,201,66,2,0,13,0,1.7333333333333334,0.0,0.0,0.0
64,2,200,201,67,4,1,13,0,3.0588235294117645,0.25,0.0,0.25
64,2,200,201,68,3,0,16,0,2.526315789473684,0.0,0.0,0.0
64,2,200,201,69,3,0,17,0,2.55,0.0,0.0,0.0
64,2,200,201,70,3,0,17,0,2.55,0.0,0.0,0.0
64,2,200,201,71,4,1,17,0,3.238095238095238,0.25,0.0,0.25
64,2,200,201,72,2,0,19,0,1.8095238095238095,0.0,0.0,0.0
64,2,200,201,73,4,1,19,0,3.3043478260869565,0.25,0.0,0.25
64,2,200,201,74,2,0,21,0,1.826086956521739,0.0,0.0,0.0
64,2,200,201,75,2,0,22,0,1.8333333333333333,0.0,0.0,0.0
64,2,200,201,76,2,0,23,0,1.84,0.0,0.0,0.0
64,2,200,201,77,2,1,24,0,1.8461538461538463,0.5,0.0,0.5
64,2,208,209,48,2,0,1,0,0.6666666666666666,0.0,0.0,0.0
64,2,208,209,49,2,0,2,0,1.0,0.0,0.0,0.0
64,2,208,209,50,2,0,3,0,1.2,0.0,0.0,0.0
64,2,208,209,51,2,0,4,0,1.3333333333333333,0.0,0.0,0.0
64,2,208,209,52,2,0,5,0,1.4285714285714286,0.0,0.0,0.0
64,2,208,209,53,2,0,6,0,1.5,0.0,0.0,0.0
64,2,208,209,54,2,0,7,0,1.5555555555555556,0.0,0.0,0.0
64,2,208,209,55,3,1,8,0,2.1818181818181817,0.3333333333333333,0.0,0.3333333333333333
64,2,208,209,56,2,0,9,0,1.6363636363636365,0.0,0.0,0.0
64,2,208,209,57,2,0,9,0,1.6363636363636365,0.0,0.0,0.0
64,2,208,209,58,2,0,9,0,1.6363636363636365,0.0,0.0,0.0
64,2,208,209,59,1,0,9,0,0.9,0.0,0.0,0.0
64,2,208,209,60,1,0,9,0,0.9,0.0,0.0,0.0
64,2,208,209,62,3,0,8,0,2.1818181818181817,0.0,0.0,0.0
64,2,208,209,63,1,0,9,0,0.9,0.0,0.0,0.0
64,2,208,209,64,1,0,9,0,0.9,0.0,0.0,0.0
64,2,208,209,65,5,2,9,0,3.2142857142857144,0.4,0.0,0.4
64,2,208,209,66,3,0,12,0,2.4,0.0,0.0,0.0
64,2,208,209,67,3,0,13,0,2.4375,0.0,0.0,0.0
64,2,208,209,68,3,0,15,0,2.5,0.0,0.0,0.0
64,2,208,209,69,3,0,16,0,2.526315789473684,0.0,0.0,0.0
64,2,208,209,70,3,0,16,0,2.526315789473684,0.0,0.0,0.0
64,2,208,209,71,3,0,16,0,2.526315789473684,0.0,0.0,0.0
64,2,208,209,72,3,0,17,0,2.55,0.0,0.0,0.0
64,2,208,209,73,4,1,18,0,3.272727272727273,0.25,0.0,0.25
64,2,208,209,74,2,0,20,0,1.8181818181818181,0.0,0.0,0.0
64,2,208,209,75,2,0,21,0,1.826086956521739,0.0,0.0,0.0
64,2,208,209,76,2,0,22,0,1.8333333333333333,0.0,0.0,0.0
64,2,208,209,77,2,1,23,0,1.84,0.5,0.0,0.5
64,2,208,209,78,1,0,23,0,0.9583333333333334,0.0,0.0,0.0
64,2,216,217,48,2,0,1,0,0.6666666666666666,0.0,0.0,0.0
64,2,216,217,49,2,0,2,0,1.0,0.0,0.0,0.0
64,2,216,217,50,2,0,3,0,1.2,0.0,0.0,0.0
64,2,216,217,51,2,0,4,0,1.3333333333333333,0.0,0.0,0.0
64,2,216,217,52,2,0,5,0,1.4285714285714286,0.0,0.0,0.0
64,2,216,217,53,2,0,6,0,1.5,0.0,0.0,0.0
64,2,216,217,54,2,0,7,0,1.5555555555555556,0.0,0.0,0.0
64,2,216,217,55,2,0,8,0,1.6,0.0,0.0,0.0
64,2,216,217,56,2,0,8,0,1.6,0.0,0.0,0.0
64,2,216,217,57,2,0,8,0,1.6,0.0,0.0,0.0
64,2,216,217,58,2,0,8,0,1.6,0.0,0.0,0.0
64,2,216,217,59,2,1,8,0,1.6,0.5,0.0,0.5
64,2,216,217,60,1,0,9,0,0.9,0.0,0.0,0.0
64,2,216,217,62,3,0,8,0,2.1818181818181817,0.0,0.0,0.0
64,2,216,217,63,1,0,9,0,0.9,0.0,0.0,0.0
64,2,216,217,64,1,0,9,0,0.9,0.0,0.0,0.0
64,2,216,217,65,3,0,9,0,2.25,0.0,0.0,0.0
64,2,216,217,66,4,0,11,0,2.933333333333333,0.0,0.0,0.0
64,2,216,217,67,3,0,13,0,2.4375,0.0,0.0,0.0
64,2,216,217,68,3,0,15,0,2.5,0.0,0.0,0.0
64,2,216,217,69,3,0,16,0,2.526315789473684,0.0,0.0,0.0
64,2,216,217,70,3,0,16,0,2.526315789473684,0.0,0.0,0.0
64,2,216,217,71,3,0,16,0,2.526315789473684,0.0,0.0,0.0
64,2,216,217,72,3,0,17,0,2.55,0.0,0.0,0.0
64,2,216,217,73,3,0,18,0,2.5714285714285716,0.0,0.0,0.0
64,2,216,217,74,2,0,19,0,1.8095238095238095,0.0,0.0,0.0
64,2,216,217,75,2,0,20,0,1.8181818181818181,0.0,0.0,0.0
64,2,216,217,76,3,0,21,0,2.625,0.0,0.0,0.0
64,2,216,217,77,1,0,23,0,0.9583333333333334,0.0,0.0,0.0
64,2,216,217,78,2,0,22,0,1.8333333333333333,0.0,0.0,0.0
64,2,224,225,48,2,0,1,0,0.6666666666666666,0.0,0.0,0.0
64,2,224,225,49,2,1,2,0,1.0,0.5,0.0,0.5
64,2,224,225,50,2,0,3,0,1.2,0.0,0.0,0.0
64,2,224,225,51,2,1,4,0,1.3333333333333333,0.5,0.0,0.5
64,2,224,225,52,2,0,5,0,1.4285714285714286,0.0,0.0,0.0
64,2,224,225,53,2,1,6,0,1.5,0.5,0.0,0.5
64,2,224,225,54,2,0,7,0,1.5555555555555556,0.0,0.0,0.0
64,2,224,225,55,2,0,8,0,1.6,0.0,0.0,0.0
64,2,224,225,56,2,0,8,0,1.6,0.0,0.0,0.0
64,2,224,225,57,2,0,8,0,1.6,0.0,0.0,0.0
64,2,224,225,58,2,0,8,0,1.6,0.0,0.0,0.0
64,2,224,225,59,1,0,8,0,0.8888888888888888,0.0,0.0,0.0
64,2,224,225,60,1,0,8,0,0.8888888888888888,0.0,0.0,0.0
64,2,224,225,61,1,0,8,0,0.8888888888888888,0.0,0.0,0.0
64,2,224,225,62,3,0,8,0,2.1818181818181817,0.0,0.0,0.0
64,2,224,225,63,1,0,9,0,0.9,0.0,0.0,0.0
64,2,224,225,64,1,0,9,0,0.9,0.0,0.0,0.0
64,2,224,225,65,3,0,9,0,2.25,0.0,0.0,0.0
64,2,224,225,66,4,0,11,0,2.933333333333333,0.0,0.0,0.0
64,2,224,225,67,3,0,13,0,2.4375,0.0,0.0,0.0
64,2,224,225,68,3,0,15,0,2.5,0.0,0.0,0.0
64,2,224,225,69,3,0,16,0,2.526315789473684,0.0,0.0,0.0
64,2,224,225,70,3,0,16,0,2.526315789473684,0.0,0.0,0.0
64,2,224,225,71,3,0,16,0,2.526315789473684,0.0,0.0,0.0
64,2,224,225,72,3,0,17,0,2.55,0.0,0.0,0.0
64,2,224,225,73,3,0,18,0,2.5714285714285716,0.0,0.0,0.0
64,2,224,225,74,3,0,19,0,2.590909090909091,0.0,0.0,0.0
64,2,224,225,75,2,0,20,0,1.8181818181818181,0.0,0.0,0.0
64,2,224,225,76,2,0,21,0,1.826086956521739,0.0,0.0,0.0
64,2,224,225,77,2,0,22,0,1.8333333333333333,0.0,0.0,0.0
64,2,224,225,78,2,0,22,0,1.8333333333333333,0.0,0.0,0.0
64,2,232,233,48,1,0,1,0,0.5,0.0,0.0,0.0
64,2,232,233,49,2,1,1,0,0.6666666666666666,0.5,0.0,0.5
64,2,232,233,50,1,0,2,0,0.6666666666666666,0.0,0.0,0.0
64,2,232,233,51,3,2,2,0,1.2,0.6666666666666666,0.0,0.6666666666666666
64,2,232,233,52,1,0,4,0,0.8,0.0,0.0,0.0
64,2,232,233,53,5,3,2,1,1.4285714285714286,0.6,0.5,0.09999999999999998
64,2,232,233,54,2,0,4,0,1.3333333333333333,0.0,0.0,0.0
64,2,232,233,55,6,3,2,0,1.5,0.5,0.0,0.5
64,2,232,233,56,2,0,4,0,1.3333333333333333,0.0,0.0,0.0
64,2,232,233,57,6,4,3,0,2.0,0.6666666666666666,0.0,0.6666666666666666
64,2,232,233,58,2,0,7,0,1.5555555555555556,0.0,0.0,0.0
64,2,232,233,59,1,0,7,0,0.875,0.0,0.0,0.0
64,2,232,233,60,1,0,7,0,0.875,0.0,0.0,0.0
64,2,232,233,61,2,1,7,0,1.5555555555555556,0.5,0.0,0.5
64,2,232,233,62,3,0,8,0,2.1818181818181817,0.0,0.0,0.0
64,2,232,233,63,1,0,9,0,0.9,0.0,0.0,0.0
64,2,232,233,64,1,0,9,0,0.9,0.0,0.0,0.0
64,2,232,233,65,3,0,9,0,2.25,0.0,0.0,0.0
64,2,232,233,66,4,0,11,0,2.933333333333333,0.0,0.0,0.0
64,2,232,233,67,3,0,13,0,2.4375,0.0,0.0,0.0
64,2,232,233,68,3,0,15,0,2.5,0.0,0.0,0.0
64,2,232,233,69,3,0,16,0,2.526315789473684,0.0,0.0,0.0
64,2,232,233,70,3,0,16,0,2.526315789473684,0.0,0.0,0.0
64,2,232,233,71,3,0,16,0,2.526315789473684,0.0,0.0,0.0
64,2,232,233,72,3,0,17,0,2.55,0.0,0.0,0.0
64,2,232,233,73,3,0,18,0,2.5714285714285716,0.0,0.0,0.0
64,2,232,233,74,3,0,19,0,2.590909090909091,0.0,0.0,0.0
64,2,232,233,75,2,0,20,0,1.8181818181818181,0.0,0.0,0.0
64,2,232,233,76,2,0,21,0,1.826086956521739,0.0,0.0,0.0
64,2,232,233,77,2,0,22,0,1.8333333333333333,0.0,0.0,0.0
64,2,232,233,78,2,0,22,0,1.8333333333333333,0.0,0.0,0.0
64,2,240,241,55,1,0,1,0,0.5,0.0,0.0,0.0
64,2,240,241,64,2,0,4,0,1.3333333333333333,0.0,0.0,0.0
64,2,240,241,65,8,4,4,0,2.6666666666666665,0.5,0.0,0.5
64,2,240,241,66,3,0,9,0,2.25,0.0,0.0,0.0
64,2,240,241,67,6,1,9,0,3.6,0.16666666666666666,0.0,0.16666666666666666
64,2,240,241,68,3,0,14,0,2.4705882352941178,0.0,0.0,0.0
64,2,240,241,69,3,0,15,0,2.5,0.0,0.0,0.0
64,2,240,241,70,3,0,15,0,2.5,0.0,0.0,0.0
64,2,240,241,71,3,0,15,0,2.5,0.0,0.0,0.0
64,2,240,241,72,3,0,16,0,2.526315789473684,0.0,0.0,0.0
64,2,240,241,73,3,0,17,0,2.55,0.0,0.0,0.0
64,2,240,241,74,3,0,18,0,2.5714285714285716,0.0,0.0,0.0
64,2,240,241,75,2,0,19,0,1.8095238095238095,0.0,0.0,0.0
64,2,240,241,76,2,0,20,0,1.8181818181818181,0.0,0.0,0.0
64,2,240,241,77,3,0,21,0,2.625,0.0,0.0,0.0
64,2,240,241,78,2,0,22,0,1.8333333333333333,0.0,0.0,0.0
64,2,248,249,64,1,0,2,0,0.6666666666666666,0.0,0.0,0.0
64,2,248,249,65,2,1,3,0,1.2,0.5,0.0,0.5
64,2,248,249,66,2,0,5,0,1.4285714285714286,0.0,0.0,0.0
64,2,248,249,67,3,1,7,0,2.1,0.3333333333333333,0.0,0.3333333333333333
64,2,248,249,68,2,0,10,0,1.6666666666666667,0.0,0.0,0.0
64,2,248,249,69,3,1,11,0,2.357142857142857,0.3333333333333333,0.0,0.3333333333333333
64,2,248,249,70,4,0,12,0,3.0,0.0,0.0,0.0
64,2,248,249,71,3,1,13,0,2.4375,0.3333333333333333,0.0,0.3333333333333333
64,2,248,249,72,3,0,14,0,2.4705882352941178,0.0,0.0,0.0
64,2,248,249,73,3,1,15,0,2.5,0.3333333333333333,0.0,0.3333333333333333
64,2,248,249,74,3,0,16,0,2.526315789473684,0.0,0.0,0.0
64,2,248,249,75,3,2,17,0,2.55,0.6666666666666666,0.0,0.6666666666666666
64,2,248,249,76,1,0,19,0,0.95,0.0,0.0,0.0
64,2,248,249,77,3,1,19,0,2.590909090909091,0.3333333333333333,0.0,0.3333333333333333
64,2,248,249,78,4,0,20,0,3.3333333333333335,0.0,0.0,0.0
64,3,16,17,14,1,0,14,0,0.9333333333333333,0.0,0.0,0.0
64,3,24,25,16,4,0,3,0,1.7142857142857142,0.0,0.0,0.0
64,3,24,25,17,6,3,5,0,2.727272727272727,0.5,0.0,0.5
64,3,24,25,18,2,0,9,0,1.6363636363636365,0.0,0.0,0.0
64,3,24,25,19,2,0,11,2,1.6923076923076923,0.0,0.18181818181818182,-0.18181818181818182
64,3,32,33,18,1,0,4,0,0.8,0.0,0.0,0.0
64,3,32,33,21,9,6,1,0,0.9,0.6666666666666666,0.0,0.6666666666666666
64,3,32,33,22,1,0,9,0,0.9,0.0,0.0,0.0
64,3,32,33,23,10,5,11,1,5.238095238095238,0.5,0.09090909090909091,0.40909090909090906
64,3,32,33,25,6,4,23,0,4.758620689655173,0.6666666666666666,0.0,0.6666666666666666
64,3,40,41,21,1,1,1,0,0.5,1.0,0.0,1.0
64,3,40,41,23,10,5,2,0,1.6666666666666667,0.5,0.0,0.5
64,3,40,41,24,4,0,11,0,2.933333333333333,0.0,0.0,0.0
64,3,40,41,25,8,3,16,0,5.333333333333333,0.375,0.0,0.375
64,3,40,41,26,2,0,24,0,1.8461538461538463,0.0,0.0,0.0
64,3,40,41,27,4,2,26,0,3.466666666666667,0.5,0.0,0.5
64,3,40,41,28,3,0,29,0,2.71875,0.0,0.0,0.0
64,3,40,41,29,3,1,32,0,2.742857142857143,0.3333333333333333,0.0,0.3333333333333333
64,3,40,41,30,1,0,34,0,0.9714285714285714,0.0,0.0,0.0
64,3,40,41,31,2,0,34,0,1.8888888888888888,0.0,0.0,0.0
64,3,48,49,24,2,0,9,0,1.6363636363636365,0.0,0.0,0.0
64,3,48,49,25,13,3,10,0,5.6521739130434785,0.23076923076923078,0.0,0.23076923076923078
64,3,48,49,26,1,0,24,0,0.96,0.0,0.0,0.0
64,3,48,49,27,4,1,25,0,3.4482758620689653,0.25,0.0,0.25
64,3,48,49,28,1,0,28,0,0.9655172413793104,0.0,0.0,0.0
64,3,48,49,29,6,2,28,0,4.9411764705882355,0.3333333333333333,0.0,0.3333333333333333
64,3,48,49,30,2,0,33,0,1.8857142857142857,0.0,0.0,0.0
64,3,48,49,31,2,0,34,0,1.8888888888888888,0.0,0.0,0.0
64,3,56,57,24,5,0,3,0,1.875,0.0,0.0,0.0
64,3,56,57,25,9,3,7,0,3.9375,0.3333333333333333,0.0,0.3333333333333333
64,3,56,57,26,6,0,14,0,4.2,0.0,0.0,0.0
64,3,56,57,27,10,5,17,0,6.296296296296297,0.5,0.0,0.5
64,3,56,57,28,3,0,25,0,2.6785714285714284,0.0,0.0,0.0
64,3,56,57,29,8,3,25,0,6.0606060606060606,0.375,0.0,0.375
64,3,56,57,30,3,0,30,0,2.727272727272727,0.0,0.0,0.0
64,3,56,57,31,6,1,30,0,5.0,0.16666666666666666,0.0,0.16666666666666666
64,3,56,57,42,1,0,8,0,0.8888888888888888,0.0,0.0,0.0
64,3,56,57,43,2,1,8,0,1.6,0.5,0.0,0.5
64,3,56,57,44,1,0,9,0,0.9,0.0,0.0,0.0
64,3,56,57,45,3,1,9,0,2.25,0.3333333333333333,0.0,0.3333333333333333
64,3,56,57,47,1,1,14,1,0.9333333333333333,1.0,0.07142857142857142,0.9285714285714286
64,3,64,65,25,3,2,4,0,1.7142857142857142,0.6666666666666666,0.0,0.6666666666666666
64,3,64,65,26,3,1,6,0,2.0,0.3333333333333333,0.0,0.3333333333333333
64,3,64,65,27,10,5,7,0,4.117647058823529,0.5,0.0,0.5
64,3,64,65,28,5,0,13,0,3.611111111111111,0.0,0.0,0.0
64,3,64,65,29,11,5,14,0,6.16,0.45454545454545453,0.0,0.45454545454545453
64,3,64,65,30,7,0,19,0,5.115384615384615,0.0,0.0,0.0
64,3,64,65,31,14,5,20,0,8.235294117647058,0.35714285714285715,0.0,0.35714285714285715
64,3,64,65,32,2,0,30,0,1.875,0.0,0.0,0.0
64,3,64,65,33,4,1,27,0,3.4838709677419355,0.25,0.0,0.25
64,3,64,65,34,2,0,25,0,1.8518518518518519,0.0,0.0,0.0
64,3,64,65,35,4,1,21,0,3.36,0.25,0.0,0.25
64,3,64,65,36,3,0,19,0,2.590909090909091,0.0,0.0,0.0
64,3,64,65,37,4,1,16,0,3.2,0.25,0.0,0.25
64,3,64,65,38,1,0,16,0,0.9411764705882353,0.0,0.0,0.0
64,3,64,65,39,1,0,13,0,0.9285714285714286,0.0,0.0,0.0
64,3,64,65,41,1,0,8,0,0.8888888888888888,0.0,0.0,0.0
64,3,64,65,44,1,1,8,0,0.8888888888888888,1.0,0.0,1.0
64,3,64,65,45,1,1,9,0,0.9,1.0,0.0,1.0
64,3,64,65,46,1,1,10,0,0.9090909090909091,1.0,0.0,1.0
64,3,64,65,48,2,1,13,0,1.7333333333333334,0.5,0.0,0.5
64,3,64,65,49,1,0,16,0,0.9411764705882353,0.0,0.0,0.0
64,3,64,65,50,2,0,20,0,1.8181818181818181,0.0,0.0,0.0
64,3,64,65,51,2,0,24,0,1.8461538461538463,0.0,0.0,0.0
64,3,64,65,52,2,0,28,0,1.8666666666666667,0.0,0.0,0.0
64,3,64,65,53,1,0,33,0,0.9705882352941176,0.0,0.0,0.0
64,3,64,65,54,3,0,35,0,2.763157894736842,0.0,0.0,0.0
64,3,72,73,25,3,0,1,0,0.75,0.0,0.0,0.0
64,3,72,73,26,2,0,3,0,1.2,0.0,0.0,0.0
64,3,72,73,27,4,1,3,0,1.7142857142857142,0.25,0.0,0.25
64,3,72,73,28,4,0,5,0,2.2222222222222223,0.0,0.0,0.0
64,3,72,73,29,6,3,7,0,3.230769230769231,0.5,0.0,0.5
64,3,72,73,30,4,0,9,0,2.769230769230769,0.0,0.0,0.0
64,3,72,73,31,13,6,9,0,5.318181818181818,0.46153846153846156,0.0,0.46153846153846156
64,3,72,73,32,7,0,15,0,4.7727272727272725,0.0,0.0,0.0
64,3,72,73,33,14,3,14,0,7.0,0.21428571428571427,0.0,0.21428571428571427
64,3,72,73,34,2,0,22,0,1.8333333333333333,0.0,0.0,0.0
64,3,72,73,35,4,1,18,0,3.272727272727273,0.25,0.0,0.25
64,3,72,73,36,2,0,17,0,1.7894736842105263,0.0,0.0,0.0
64,3,72,73,37,2,0,14,0,1.75,0.0,0.0,0.0
64,3,72,73,38,1,0,12,0,0.9230769230769231,0.0,0.0,0.0
64,3,72,73,39,2,0,10,0,1.6666666666666667,0.0,0.0,0.0
64,3,72,73,40,2,0,9,0,1.6363636363636365,0.0,0.0,0.0
64,3,72,73,41,1,0,8,0,0.8888888888888888,0.0,0.0,0.0
64,3,72,73,45,1,0,8,0,0.8888888888888888,0.0,0.0,0.0
64,3,72,73,46,1,0,9,0,0.9,0.0,0.0,0.0
64,3,72,73,47,1,0,10,0,0.9090909090909091,0.0,0.0,0.0
64,3,72,73,48,1,0,13,0,0.9285714285714286,0.0,0.0,0.0
64,3,72,73,49,1,0,15,0,0.9375,0.0,0.0,0.0
64,3,72,73,50,2,0,19,0,1.8095238095238095,0.0,0.0,0.0
64,3,72,73,51,2,0,23,0,1.84,0.0,0.0,0.0
64,3,72,73,52,2,0,27,0,1.8620689655172413,0.0,0.0,0.0
64,3,72,73,53,2,0,31,0,1.878787878787879,0.0,0.0,0.0
64,3,72,73,54,2,0,33,0,1.8857142857142857,0.0,0.0,0.0
64,3,72,73,55,3,0,34,0,2.7567567567567566,0.0,0.0,0.0
64,3,72,73,56,1,0,36,0,0.972972972972973,0.0,0.0,0.0
64,3,72,73,57,1,0,38,0,0.9743589743589743,0.0,0.0,0.0
64,3,72,73,58,1,0,39,0,0.975,0.0,0.0,0.0
64,3,80,81,25,2,1,1,1,0.6666666666666666,0.5,1.0,-0.5
64,3,80,81,26,2,0,2,0,1.0,0.0,0.0,0.0
64,3,80,81,27,2,1,2,0,1.0,0.5,0.0,0.5
64,3,80,81,28,2,0,2,0,1.0,0.0,0.0,0.0
64,3,80,81,29,4,3,3,0,1.7142857142857142,0.75,0.0,0.75
64,3,80,81,30,1,0,4,0,0.8,0.0,0.0,0.0
64,3,80,81,31,7,5,3,0,2.1,0.7142857142857143,0.0,0.7142857142857143
64,3,80,81,32,4,0,6,0,2.4,0.0,0.0,0.0
64,3,80,81,33,13,7,5,0,3.611111111111111,0.5384615384615384,0.0,0.5384615384615384
64,3,80,81,34,10,0,9,0,4.7368421052631575,0.0,0.0,0.0
64,3,80,81,35,7,3,12,0,4.421052631578948,0.42857142857142855,0.0,0.42857142857142855
64,3,80,81,36,3,0,11,0,2.357142857142857,0.0,0.0,0.0
64,3,80,81,37,5,3,8,0,3.076923076923077,0.6,0.0,0.6
64,3,80,81,38,2,0,7,0,1.5555555555555556,0.0,0.0,0.0
64,3,80,81,39,3,3,6,0,2.0,1.0,0.0,1.0
64,3,80,81,40,3,0,6,0,2.0,0.0,0.0,0.0
64,3,80,81,41,2,0,7,1,1.5555555555555556,0.0,0.14285714285714285,-0.14285714285714285
64,3,80,81,46,1,0,8,0,0.8888888888888888,0.0,0.0,0.0
64,3,80,81,47,1,1,9,0,0.9,1.0,0.0,1.0
64,3,80,81,49,1,0,13,0,0.9285714285714286,0.0,0.0,0.0
64,3,80,81,50,1,0,17,0,0.9444444444444444,0.0,0.0,0.0
64,3,80,81,51,2,1,21,0,1.826086956521739,0.5,0.0,0.5
64,3,80,81,52,1,0,25,0,0.9615384615384616,0.0,0.0,0.0
64,3,80,81,53,3,1,28,0,2.7096774193548385,0.3333333333333333,0.0,0.3333333333333333
64,3,80,81,54,1,0,31,0,0.96875,0.0,0.0,0.0
64,3,80,81,55,5,4,31,0,4.305555555555555,0.8,0.0,0.8
64,3,80,81,56,1,0,35,0,0.9722222222222222,0.0,0.0,0.0
64,3,80,81,57,1,0,37,0,0.9736842105263158,0.0,0.0,0.0
64,3,80,81,58,1,0,38,0,0.9743589743589743,0.0,0.0,0.0
64,3,80,81,59,1,0,39,0,0.975,0.0,0.0,0.0
64,3,88,89,28,1,0,1,0,0.5,0.0,0.0,0.0
64,3,88,89,29,2,1,1,0,0.6666666666666666,0.5,0.0,0.5
64,3,88,89,30,1,0,1,0,0.5,0.0,0.0,0.0
64,3,88,89,32,2,0,2,0,1.0,0.0,0.0,0.0
64,3,88,89,33,8,3,1,0,0.8888888888888888,0.375,0.0,0.375
64,3,88,89,34,5,0,3,0,1.875,0.0,0.0,0.0
64,3,88,89,35,12,4,1,0,0.9230769230769231,0.3333333333333333,0.0,0.3333333333333333
64,3,88,89,36,5,0,6,0,2.727272727272727,0.0,0.0,0.0
64,3,88,89,37,4,0,4,0,2.0,0.0,0.0,0.0
64,3,88,89,38,2,0,4,0,1.3333333333333333,0.0,0.0,0.0
64,3,88,89,39,3,1,2,0,1.2,0.3333333333333333,0.0,0.3333333333333333
64,3,88,89,41,2,0,1,0,0.6666666666666666,0.0,0.0,0.0
64,3,88,89,44,1,0,5,0,0.8333333333333334,0.0,0.0,0.0
64,3,88,89,45,2,2,6,0,1.5,1.0,0.0,1.0
64,3,88,89,51,2,2,17,0,1.7894736842105263,1.0,0.0,1.0
64,3,88,89,52,1,0,22,0,0.9565217391304348,0.0,0.0,0.0
64,3,88,89,53,2,1,25,0,1.8518518518518519,0.5,0.0,0.5
64,3,88,89,54,1,0,27,0,0.9642857142857143,0.0,0.0,0.0
64,3,88,89,55,3,1,26,0,2.689655172413793,0.3333333333333333,0.0,0.3333333333333333
64,3,88,89,56,1,0,27,0,0.9642857142857143,0.0,0.0,0.0
64,3,88,89,57,1,1,30,0,0.967741935483871,1.0,0.0,1.0
64,3,96,97,29,1,1,1,0,0.5,1.0,0.0,1.0
64,3,96,97,32,3,0,2,0,1.2,0.0,0.0,0.0
64,3,96,97,33,3,0,2,0,1.2,0.0,0.0,0.0
64,3,96,97,34,4,0,2,0,1.3333333333333333,0.0,0.0,0.0
64,3,96,97,35,6,1,3,0,2.0,0.16666666666666666,0.0,0.16666666666666666
64,3,96,97,36,4,0,4,0,2.0,0.0,0.0,0.0
64,3,96,97,38,3,0,3,0,1.5,0.0,0.0,0.0
64,3,96,97,39,4,1,1,0,0.8,0.25,0.0,0.25
64,3,96,97,40,3,0,1,0,0.75,0.0,0.0,0.0
64,3,96,97,41,5,1,1,0,0.8333333333333334,0.2,0.0,0.2
64,3,96,97,42,1,0,4,0,0.8,0.0,0.0,0.0
64,3,96,97,43,2,0,4,0,1.3333333333333333,0.0,0.0,0.0
64,3,96,97,44,1,0,5,0,0.8333333333333334,0.0,0.0,0.0
64,3,96,97,51,2,0,17,0,1.7894736842105263,0.0,0.0,0.0
64,3,96,97,52,2,0,21,0,1.826086956521739,0.0,0.0,0.0
64,3,96,97,53,1,0,25,0,0.9615384615384616,0.0,0.0,0.0
64,3,96,97,54,3,0,26,0,2.689655172413793,0.0,0.0,0.0
64,3,96,97,55,4,2,26,0,3.466666666666667,0.5,0.0,0.5
64,3,96,97,56,1,0,27,0,0.9642857142857143,0.0,0.0,0.0
64,3,96,97,57,4,0,27,0,3.4838709677419355,0.0,0.0,0.0
64,3,96,97,59,1,1,32,0,0.9696969696969697,1.0,0.0,1.0
64,3,96,97,61,1,1,32,0,0.9696969696969697,1.0,0.0,1.0
64,3,104,105,31,2,1,1,0,0.6666666666666666,0.5,0.0,0.5
64,3,104,105,32,1,0,2,0,0.6666666666666666,0.0,0.0,0.0
64,3,104,105,33,1,0,2,0,0.6666666666666666,0.0,0.0,0.0
64,3,104,105,34,2,0,2,0,1.0,0.0,0.0,0.0
64,3,104,105,35,2,1,3,0,1.2,0.5,0.0,0.5
64,3,104,105,36,2,0,3,0,1.2,0.0,0.0,0.0
64,3,104,105,37,4,3,3,0,1.7142857142857142,0.75,0.0,0.75
64,3,104,105,38,4,0,3,0,1.7142857142857142,0.0,0.0,0.0
64,3,104,105,39,5,1,1,0,0.8333333333333334,0.2,0.0,0.2
64,3,104,105,40,1,0,2,0,0.6666666666666666,0.0,0.0,0.0
64,3,104,105,42,3,0,1,0,0.75,0.0,0.0,0.0
64,3,104,105,43,4,0,2,0,1.3333333333333333,0.0,0.0,0.0
64,3,104,105,44,3,0,3,0,1.5,0.0,0.0,0.0
64,3,104,105,45,4,1,3,0,1.7142857142857142,0.25,0.0,0.25
64,3,104,105,50,2,0,14,0,1.75,0.0,0.0,0.0
64,3,104,105,51,1,1,19,0,0.95,1.0,0.0,1.0
64,3,104,105,52,1,0,22,0,0.9565217391304348,0.0,0.0,0.0
64,3,104,105,53,2,1,25,0,1.8518518518518519,0.5,0.0,0.5
64,3,104,105,54,2,0,27,0,1.8620689655172413,0.0,0.0,0.0
64,3,104,105,55,2,0,28,0,1.8666666666666667,0.0,0.0,0.0
64,3,104,105,56,3,0,27,0,2.7,0.0,0.0,0.0
64,3,104,105,57,4,3,27,0,3.4838709677419355,0.75,0.0,0.75
64,3,104,105,58,3,0,28,0,2.7096774193548385,0.0,0.0,0.0
64,3,104,105,59,8,5,29,0,6.27027027027027,0.625,0.0,0.625
64,3,104,105,60,4,0,29,0,3.515151515151515,0.0,0.0,0.0
64,3,104,105,61,7,2,29,0,5.638888888888889,0.2857142857142857,0.0,0.2857142857142857
64,3,104,105,62,1,0,33,0,0.9705882352941176,0.0,0.0,0.0
64,3,104,105,63,2,2,31,0,1.878787878787879,1.0,0.0,1.0
64,3,112,113,31,2,1,1,0,0.6666666666666666,0.5,0.0,0.5
64,3,112,113,32,1,0,2,0,0.6666666666666666,0.0,0.0,0.0
64,3,112,113,33,1,0,2,0,0.6666666666666666,0.0,0.0,0.0
64,3,112,113,34,2,0,2,0,1.0,0.0,0.0,0.0
64,3,112,113,35,1,0,3,0,0.75,0.0,0.0,0.0
64,3,112,113,36,1,0,3,0,0.75,0.0,0.0,0.0
64,3,112,113,37,2,1,2,0,1.0,0.5,0.0,0.5
64,3,112,113,38,1,0,3,0,0.75,0.0,0.0,0.0
64,3,112,113,40,2,0,1,0,0.6666666666666666,0.0,0.0,0.0
64,3,112,113,43,3,1,2,0,1.2,0.3333333333333333,0.0,0.3333333333333333
64,3,112,113,44,1,0,4,0,0.8,0.0,0.0,0.0
64,3,112,113,45,4,1,2,0,1.3333333333333333,0.25,0.0,0.25
64,3,112,113,46,1,0,4,0,0.8,0.0,0.0,0.0
64,3,112,113,47,2,0,5,0,1.4285714285714286,0.0,0.0,0.0
64,3,112,113,48,2,1,7,0,1.5555555555555556,0.5,0.0,0.5
64,3,112,113,49,2,1,8,0,1.6,0.5,0.0,0.5
64,3,112,113,50,3,1,12,0,2.4,0.3333333333333333,0.0,0.3333333333333333
64,3,112,113,51,3,2,16,0,2.526315789473684,0.6666666666666666,0.0,0.6666666666666666
64,3,112,113,52,3,1,19,0,2.590909090909091,0.3333333333333333,0.0,0.3333333333333333
64,3,112,113,53,3,1,22,0,2.64,0.3333333333333333,0.0,0.3333333333333333
64,3,112,113,54,3,0,24,0,2.6666666666666665,0.0,0.0,0.0
64,3,112,113,55,5,1,25,0,4.166666666666667,0.2,0.0,0.2
64,3,112,113,57,3,1,27,0,2.7,0.3333333333333333,0.0,0.3333333333333333
64,3,112,113,58,3,1,26,0,2.689655172413793,0.3333333333333333,0.0,0.3333333333333333
64,3,112,113,59,8,6,27,0,6.171428571428572,0.75,0.0,0.75
64,3,112,113,60,2,0,28,0,1.8666666666666667,0.0,0.0,0.0
64,3,112,113,61,9,4,27,0,6.75,0.4444444444444444,0.0,0.4444444444444444
64,3,112,113,62,2,0,30,0,1.875,0.0,0.0,0.0
64,3,112,113,63,4,2,28,0,3.5,0.5,0.0,0.5
64,3,112,113,64,2,0,26,0,1.8571428571428572,0.0,0.0,0.0
64,3,112,113,65,3,1,24,0,2.6666666666666665,0.3333333333333333,0.0,0.3333333333333333
64,3,112,113,67,3,0,20,0,2.608695652173913,0.0,0.0,0.0
64,3,120,121,31,2,1,1,0,0.6666666666666666,0.5,0.0,0.5
64,3,120,121,33,1,0,3,1,0.75,0.0,0.3333333333333333,-0.3333333333333333
64,3,120,121,34,1,0,3,0,0.75,0.0,0.0,0.0
64,3,120,121,35,1,0,3,0,0.75,0.0,0.0,0.0
64,3,120,121,37,2,1,2,0,1.0,0.5,0.0,0.5
64,3,120,121,42,1,0,2,0,0.6666666666666666,0.0,0.0,0.0
64,3,120,121,43,2,0,2,0,1.0,0.0,0.0,0.0
64,3,120,121,44,2,0,3,0,1.2,0.0,0.0,0.0
64,3,120,121,45,3,1,2,0,1.2,0.3333333333333333,0.0,0.3333333333333333
64,3,120,121,46,1,0,3,0,0.75,0.0,0.0,0.0
64,3,120,121,47,1,0,4,0,0.8,0.0,0.0,0.0
64,3,120,121,48,2,0,5,0,1.4285714285714286,0.0,0.0,0.0
64,3,120,121,49,3,2,7,0,2.1,0.6666666666666666,0.0,0.6666666666666666
64,3,120,121,50,2,0,12,0,1.7142857142857142,0.0,0.0,0.0
64,3,120,121,51,3,2,16,0,2.526315789473684,0.6666666666666666,0.0,0.6666666666666666
64,3,120,121,52,1,0,21,0,0.9545454545454546,0.0,0.0,0.0
64,3,120,121,53,2,1,24,0,1.8461538461538463,0.5,0.0,0.5
64,3,120,121,54,1,0,26,0,0.9629629629629629,0.0,0.0,0.0
64,3,120,121,55,2,0,26,0,1.8571428571428572,0.0,0.0,0.0
64,3,120,121,56,1,0,27,0,0.9642857142857143,0.0,0.0,0.0
64,3,120,121,57,3,1,26,0,2.689655172413793,0.3333333333333333,0.0,0.3333333333333333
64,3,120,121,59,8,7,26,0,6.117647058823529,0.875,0.0,0.875
64,3,120,121,60,1,0,29,0,0.9666666666666667,0.0,0.0,0.0
64,3,120,121,61,6,3,27,0,4.909090909090909,0.5,0.0,0.5
64,3,120,121,62,1,0,28,0,0.9655172413793104,0.0,0.0,0.0
64,3,120,121,63,4,2,26,0,3.466666666666667,0.5,0.0,0.5
64,3,120,121,64,2,0,24,0,1.8461538461538463,0.0,0.0,0.0
64,3,120,121,65,5,2,22,0,4.074074074074074,0.4,0.0,0.4
64,3,128,129,31,1,0,1,0,0.5,0.0,0.0,0.0
64,3,128,129,32,1,0,2,0,0.6666666666666666,0.0,0.0,0.0
64,3,128,129,33,1,0,3,1,0.75,0.0,0.3333333333333333,-0.3333333333333333
64,3,128,129,34,1,0,3,0,0.75,0.0,0.0,0.0
64,3,128,129,35,1,1,3,0,0.75,1.0,0.0,1.0
64,3,128,129,37,1,0,2,0,0.6666666666666666,0.0,0.0,0.0
64,3,128,129,38,1,0,2,0,0.6666666666666666,0.0,0.0,0.0
64,3,128,129,42,1,0,2,0,0.6666666666666666,0.0,0.0,0.0
64,3,128,129,43,2,1,2,0,1.0,0.5,0.0,0.5
64,3,128,129,44,2,0,3,0,1.2,0.0,0.0,0.0
64,3,128,129,45,1,0,4,0,0.8,0.0,0.0,0.0
64,3,128,129,46,1,0,4,0,0.8,0.0,0.0,0.0
64,3,128,129,47,1,0,4,0,0.8,0.0,0.0,0.0
64,3,128,129,48,2,0,5,0,1.4285714285714286,0.0,0.0,0.0
64,3,128,129,49,3,2,7,0,2.1,0.6666666666666666,0.0,0.6666666666666666
64,3,128,129,50,2,0,11,0,1.6923076923076923,0.0,0.0,0.0
64,3,128,129,51,4,1,14,0,3.111111111111111,0.25,0.0,0.25
64,3,128,129,52,2,0,19,0,1.8095238095238095,0.0,0.0,0.0
64,3,128,129,53,3,1,22,0,2.64,0.3333333333333333,0.0,0.3333333333333333
64,3,128,129,54,2,0,24,0,1.8461538461538463,0.0,0.0,0.0
64,3,128,129,55,3,0,24,0,2.6666666666666665,0.0,0.0,0.0
64,3,128,129,56,2,0,25,0,1.8518518518518519,0.0,0.0,0.0
64,3,128,129,57,4,1,24,0,3.4285714285714284,0.25,0.0,0.25
64,3,128,129,58,1,0,25,0,0.9615384615384616,0.0,0.0,0.0
64,3,128,129,59,6,5,26,0,4.875,0.8333333333333334,0.0,0.8333333333333334
64,3,128,129,60,1,0,28,0,0.9655172413793104,0.0,0.0,0.0
64,3,128,129,61,7,4,26,0,5.515151515151516,0.5714285714285714,0.0,0.5714285714285714
64,3,128,129,62,1,0,28,0,0.9655172413793104,0.0,0.0,0.0
64,3,128,129,63,3,1,26,0,2.689655172413793,0.3333333333333333,0.0,0.3333333333333333
64,3,128,129,64,2,0,24,0,1.8461538461538463,0.0,0.0,0.0
64,3,128,129,65,2,0,22,0,1.8333333333333333,0.0,0.0,0.0
64,3,128,129,66,3,1,20,0,2.608695652173913,0.3333333333333333,0.0,0.3333333333333333
64,3,128,129,67,3,0,18,0,2.5714285714285716,0.0,0.0,0.0
64,3,128,129,68,3,0,15,0,2.5,0.0,0.0,0.0
64,3,128,129,69,3,0,13,0,2.4375,0.0,0.0,0.0
64,3,128,129,70,2,0,13,0,1.7333333333333334,0.0,0.0,0.0
64,3,128,129,71,4,1,12,0,3.0,0.25,0.0,0.25
64,3,136,137,31,1,0,1,0,0.5,0.0,0.0,0.0
64,3,136,137,32,1,0,2,0,0.6666666666666666,0.0,0.0,0.0
64,3,136,137,33,1,1,3,1,0.75,1.0,0.3333333333333333,0.6666666666666667
64,3,136,137,35,2,1,2,0,1.0,0.5,0.0,0.5
64,3,136,137,37,1,0,2,0,0.6666666666666666,0.0,0.0,0.0
64,3,136,137,38,1,0,2,0,0.6666666666666666,0.0,0.0,0.0
64,3,136,137,42,1,0,2,0,0.6666666666666666,0.0,0.0,0.0
64,3,136,137,43,2,0,1,0,0.6666666666666666,0.0,0.0,0.0
64,3,136,137,44,1,0,2,0,0.6666666666666666,0.0,0.0,0.0
64,3,136,137,45,2,0,2,0,1.0,0.0,0.0,0.0
64,3,136,137,46,1,0,3,0,0.75,0.0,0.0,0.0
64,3,136,137,47,2,0,3,0,1.2,0.0,0.0,0.0
64,3,136,137,48,2,0,5,0,1.4285714285714286,0.0,0.0,0.0
64,3,136,137,49,4,1,6,0,2.4,0.25,0.0,0.25
64,3,136,137,50,2,0,11,0,1.6923076923076923,0.0,0.0,0.0
64,3,136,137,51,3,0,14,0,2.4705882352941178,0.0,0.0,0.0
64,3,136,137,52,3,0,18,0,2.5714285714285716,0.0,0.0,0.0
64,3,136,137,53,3,1,22,0,2.64,0.3333333333333333,0.0,0.3333333333333333
64,3,136,137,54,2,0,24,0,1.8461538461538463,0.0,0.0,0.0
64,3,136,137,55,3,1,24,0,2.6666666666666665,0.3333333333333333,0.0,0.3333333333333333
64,3,136,137,56,2,0,25,0,1.8518518518518519,0.0,0.0,0.0
64,3,136,137,57,3,2,24,0,2.6666666666666665,0.6666666666666666,0.0,0.6666666666666666
64,3,136,137,58,1,0,25,0,0.9615384615384616,0.0,0.0,0.0
64,3,136,137,59,3,2,26,0,2.689655172413793,0.6666666666666666,0.0,0.6666666666666666
64,3,136,137,60,2,0,26,0,1.8571428571428572,0.0,0.0,0.0
64,3,136,137,61,6,4,26,0,4.875,0.6666666666666666,0.0,0.6666666666666666
64,3,136,137,62,2,0,26,0,1.8571428571428572,0.0,0.0,0.0
64,3,136,137,63,3,0,25,0,2.6785714285714284,0.0,0.0,0.0
64,3,136,137,64,3,1,23,0,2.6538461538461537,0.3333333333333333,0.0,0.3333333333333333
64,3,136,137,65,2,0,22,0,1.8333333333333333,0.0,0.0,0.0
64,3,136,137,66,2,0,20,0,1.8181818181818181,0.0,0.0,0.0
64,3,136,137,67,2,0,18,0,1.8,0.0,0.0,0.0
64,3,136,137,68,2,0,15,0,1.7647058823529411,0.0,0.0,0.0
64,3,136,137,69,2,0,13,0,1.7333333333333334,0.0,0.0,0.0
64,3,136,137,70,2,0,12,0,1.7142857142857142,0.0,0.0,0.0
64,3,136,137,71,3,1,11,0,2.357142857142857,0.3333333333333333,0.0,0.3333333333333333
64,3,136,137,72,2,0,10,0,1.6666666666666667,0.0,0.0,0.0
64,3,136,137,73,1,0,9,0,0.9,0.0,0.0,0.0
64,3,144,145,32,1,0,1,0,0.5,0.0,0.0,0.0
64,3,144,145,33,1,1,2,1,0.6666666666666666,1.0,0.5,0.5
64,3,144,145,35,2,1,1,0,0.6666666666666666,0.5,0.0,0.5
64,3,144,145,37,1,1,1,0,0.5,1.0,0.0,1.0
64,3,144,145,44,1,0,2,0,0.6666666666666666,0.0,0.0,0.0
64,3,144,145,45,2,0,2,0,1.0,0.0,0.0,0.0
64,3,144,145,46,1,0,3,0,0.75,0.0,0.0,0.0
64,3,144,145,47,2,0,3,0,1.2,0.0,0.0,0.0
64,3,144,145,48,2,0,4,0,1.3333333333333333,0.0,0.0,0.0
64,3,144,145,49,5,1,5,0,2.5,0.2,0.0,0.2
64,3,144,145,50,2,0,11,0,1.6923076923076923,0.0,0.0,0.0
64,3,144,145,51,3,0,14,0,2.4705882352941178,0.0,0.0,0.0
64,3,144,145,52,2,0,18,0,1.8,0.0,0.0,0.0
64,3,144,145,53,3,0,21,0,2.625,0.0,0.0,0.0
64,3,144,145,54,3,0,23,0,2.6538461538461537,0.0,0.0,0.0
64,3,144,145,55,2,0,24,0,1.8461538461538463,0.0,0.0,0.0
64,3,144,145,56,3,0,24,0,2.6666666666666665,0.0,0.0,0.0
64,3,144,145,57,2,1,24,0,1.8461538461538463,0.5,0.0,0.5
64,3,144,145,58,1,0,25,0,0.9615384615384616,0.0,0.0,0.0
64,3,144,145,59,2,1,26,0,1.8571428571428572,0.5,0.0,0.5
64,3,144,145,60,1,0,26,0,0.9629629629629629,0.0,0.0,0.0
64,3,144,145,61,3,2,26,0,2.689655172413793,0.6666666666666666,0.0,0.6666666666666666
64,3,144,145,62,2,0,26,0,1.8571428571428572,0.0,0.0,0.0
64,3,144,145,63,3,1,25,0,2.6785714285714284,0.3333333333333333,0.0,0.3333333333333333
64,3,144,145,64,2,0,23,0,1.84,0.0,0.0,0.0
64,3,144,145,65,2,0,21,0,1.826086956521739,0.0,0.0,0.0
64,3,144,145,66,2,0,19,0,1.8095238095238095,0.0,0.0,0.0
64,3,144,145,67,3,0,17,0,2.55,0.0,0.0,0.0
64,3,144,145,68,2,0,15,0,1.7647058823529411,0.0,0.0,0.0
64,3,144,145,69,2,0,13,0,1.7333333333333334,0.0,0.0,0.0
64,3,144,145,70,2,0,12,0,1.7142857142857142,0.0,0.0,0.0
64,3,144,145,71,2,0,11,0,1.6923076923076923,0.0,0.0,0.0
64,3,144,145,72,1,0,10,0,0.9090909090909091,0.0,0.0,0.0
64,3,144,145,73,1,0,9,0,0.9,0.0,0.0,0.0
64,3,152,153,44,2,0,1,0,0.6666666666666666,0.0,0.0,0.0
64,3,152,153,45,2,1,2,0,1.0,0.5,0.0,0.5
64,3,152,153,46,2,0,3,0,1.2,0.0,0.0,0.0
64,3,152,153,47,2,0,3,0,1.2,0.0,0.0,0.0
64,3,152,153,48,2,0,4,0,1.3333333333333333,0.0,0.0,0.0
64,3,152,153,49,4,1,5,0,2.2222222222222223,0.25,0.0,0.25
64,3,152,153,50,3,0,9,0,2.25,0.0,0.0,0.0
64,3,152,153,51,3,1,13,0,2.4375,0.3333333333333333,0.0,0.3333333333333333
64,3,152,153,52,3,0,17,0,2.55,0.0,0.0,0.0
64,3,152,153,53,2,0,21,0,1.826086956521739,0.0,0.0,0.0
64,3,152,153,54,3,0,22,0,2.64,0.0,0.0,0.0
64,3,152,153,55,2,0,23,0,1.84,0.0,0.0,0.0
64,3,152,153,56,3,0,23,0,2.6538461538461537,0.0,0.0,0.0
64,3,152,153,57,2,1,24,0,1.8461538461538463,0.5,0.0,0.5
64,3,152,153,59,2,0,25,0,1.8518518518518519,0.0,0.0,0.0
64,3,152,153,60,1,0,26,0,0.9629629629629629,0.0,0.0,0.0
64,3,152,153,61,3,2,26,0,2.689655172413793,0.6666666666666666,0.0,0.6666666666666666
64,3,152,153,62,2,0,26,0,1.8571428571428572,0.0,0.0,0.0
64,3,152,153,63,2,0,25,0,1.8518518518518519,0.0,0.0,0.0
64,3,152,153,64,2,0,23,0,1.84,0.0,0.0,0.0
64,3,152,153,65,2,0,21,0,1.826086956521739,0.0,0.0,0.0
64,3,152,153,66,2,0,19,0,1.8095238095238095,0.0,0.0,0.0
64,3,152,153,67,2,0,17,0,1.7894736842105263,0.0,0.0,0.0
64,3,152,153,68,2,0,14,0,1.75,0.0,0.0,0.0
64,3,152,153,69,2,0,12,0,1.7142857142857142,0.0,0.0,0.0
64,3,152,153,70,2,0,11,0,1.6923076923076923,0.0,0.0,0.0
64,3,152,153,71,2,0,10,0,1.6666666666666667,0.0,0.0,0.0
64,3,152,153,72,1,0,9,0,0.9,0.0,0.0,0.0
64,3,152,153,73,1,0,8,0,0.8888888888888888,0.0,0.0,0.0
64,3,152,153,74,1,0,8,0,0.8888888888888888,0.0,0.0,0.0
64,3,160,161,45,4,1,1,0,0.8,0.25,0.0,0.25
64,3,160,161,46,2,0,3,0,1.2,0.0,0.0,0.0
64,3,160,161,47,2,0,3,0,1.2,0.0,0.0,0.0
64,3,160,161,48,2,0,4,0,1.3333333333333333,0.0,0.0,0.0
64,3,160,161,49,3,0,5,0,1.875,0.0,0.0,0.0
64,3,160,161,50,3,0,9,0,2.25,0.0,0.0,0.0
64,3,160,161,51,3,0,12,0,2.4,0.0,0.0,0.0
64,3,160,161,52,2,0,16,0,1.7777777777777777,0.0,0.0,0.0
64,3,160,161,53,3,1,19,0,2.590909090909091,0.3333333333333333,0.0,0.3333333333333333
64,3,160,161,54,2,0,21,0,1.826086956521739,0.0,0.0,0.0
64,3,160,161,55,3,0,21,0,2.625,0.0,0.0,0.0
64,3,160,161,56,2,0,22,0,1.8333333333333333,0.0,0.0,0.0
64,3,160,161,57,2,1,23,0,1.84,0.5,0.0,0.5
64,3,160,161,58,1,0,24,0,0.96,0.0,0.0,0.0
64,3,160,161,59,2,0,25,0,1.8518518518518519,0.0,0.0,0.0
64,3,160,161,60,1,0,26,0,0.9629629629629629,0.0,0.0,0.0
64,3,160,161,61,2,0,26,0,1.8571428571428572,0.0,0.0,0.0
64,3,160,161,62,2,0,26,0,1.8571428571428572,0.0,0.0,0.0
64,3,160,161,63,2,0,25,0,1.8518518518518519,0.0,0.0,0.0
64,3,160,161,64,2,0,23,0,1.84,0.0,0.0,0.0
64,3,160,161,65,2,0,21,0,1.826086956521739,0.0,0.0,0.0
64,3,160,161,66,2,0,19,0,1.8095238095238095,0.0,0.0,0.0
64,3,160,161,67,2,0,17,0,1.7894736842105263,0.0,0.0,0.0
64,3,160,161,68,2,0,14,0,1.75,0.0,0.0,0.0
64,3,160,161,69,2,0,12,0,1.7142857142857142,0.0,0.0,0.0
64,3,160,161,70,2,0,11,0,1.6923076923076923,0.0,0.0,0.0
64,3,160,161,71,1,0,10,0,0.9090909090909091,0.0,0.0,0.0
64,3,160,161,72,1,0,9,0,0.9,0.0,0.0,0.0
64,3,160,161,73,1,0,8,0,0.8888888888888888,0.0,0.0,0.0
64,3,160,161,74,1,0,8,0,0.8888888888888888,0.0,0.0,0.0
64,3,168,169,45,4,1,1,0,0.8,0.25,0.0,0.25
64,3,168,169,46,2,0,3,0,1.2,0.0,0.0,0.0
64,3,168,169,47,2,0,3,0,1.2,0.0,0.0,0.0
64,3,168,169,48,2,0,4,0,1.3333333333333333,0.0,0.0,0.0
64,3,168,169,49,3,0,5,0,1.875,0.0,0.0,0.0
64,3,168,169,50,3,0,9,0,2.25,0.0,0.0,0.0
64,3,168,169,51,3,0,12,0,2.4,0.0,0.0,0.0
64,3,168,169,52,3,0,15,0,2.5,0.0,0.0,0.0
64,3,168,169,53,2,0,19,0,1.8095238095238095,0.0,0.0,0.0
64,3,168,169,54,3,0,20,0,2.608695652173913,0.0,0.0,0.0
64,3,168,169,55,3,0,21,0,2.625,0.0,0.0,0.0
64,3,168,169,56,2,0,22,0,1.8333333333333333,0.0,0.0,0.0
64,3,168,169,57,1,0,23,0,0.9583333333333334,0.0,0.0,0.0
64,3,168,169,58,1,0,24,0,0.96,0.0,0.0,0.0
64,3,168,169,59,1,0,25,0,0.9615384615384616,0.0,0.0,0.0
64,3,168,169,60,1,0,25,0,0.9615384615384616,0.0,0.0,0.0
64,3,168,169,61,2,0,25,0,1.8518518518518519,0.0,0.0,0.0
64,3,168,169,62,3,0,25,0,2.6785714285714284,0.0,0.0,0.0
64,3,168,169,63,2,0,25,0,1.8518518518518519,0.0,0.0,0.0
64,3,168,169,64,2,0,23,0,1.84,0.0,0.0,0.0
64,3,168,169,65,2,0,21,0,1.826086956521739,0.0,0.0,0.0
64,3,168,169,66,2,0,19,0,1.8095238095238095,0.0,0.0,0.0
64,3,168,169,67,2,0,17,0,1.7894736842105263,0.0,0.0,0.0
64,3,168,169,68,2,0,14,0,1.75,0.0,0.0,0.0
64,3,168,169,69,2,0,12,0,1.7142857142857142,0.0,0.0,0.0
64,3,168,169,70,2,0,11,0,1.6923076923076923,0.0,0.0,0.0
64,3,168,169,71,1,0,10,0,0.9090909090909091,0.0,0.0,0.0
64,3,168,169,72,1,0,9,0,0.9,0.0,0.0,0.0
64,3,168,169,73,1,0,8,0,0.8888888888888888,0.0,0.0,0.0
64,3,168,169,74,1,0,8,0,0.8888888888888888,0.0,0.0,0.0
64,3,176,177,46,3,0,2,0,1.2,0.0,0.0,0.0
64,3,176,177,47,2,0,3,0,1.2,0.0,0.0,0.0
64,3,176,177,48,2,0,4,0,1.3333333333333333,0.0,0.0,0.0
64,3,176,177,49,3,0,5,0,1.875,0.0,0.0,0.0
64,3,176,177,50,2,0,9,0,1.6363636363636365,0.0,0.0,0.0
64,3,176,177,51,3,1,12,0,2.4,0.3333333333333333,0.0,0.3333333333333333
64,3,176,177,52,3,0,15,0,2.5,0.0,0.0,0.0
64,3,176,177,53,2,0,19,0,1.8095238095238095,0.0,0.0,0.0
64,3,176,177,54,3,0,20,0,2.608695652173913,0.0,0.0,0.0
64,3,176,177,55,3,1,21,0,2.625,0.3333333333333333,0.0,0.3333333333333333
64,3,176,177,56,2,0,22,0,1.8333333333333333,0.0,0.0,0.0
64,3,176,177,57,1,0,23,0,0.9583333333333334,0.0,0.0,0.0
64,3,176,177,58,1,0,24,0,0.96,0.0,0.0,0.0
64,3,176,177,59,1,0,25,0,0.9615384615384616,0.0,0.0,0.0
64,3,176,177,60,1,0,25,0,0.9615384615384616,0.0,0.0,0.0
64,3,176,177,61,2,0,25,0,1.8518518518518519,0.0,0.0,0.0
64,3,176,177,62,2,0,25,0,1.8518518518518519,0.0,0.0,0.0
64,3,176,177,63,2,0,24,0,1.8461538461538463,0.0,0.0,0.0
64,3,176,177,64,2,0,22,0,1.8333333333333333,0.0,0.0,0.0
64,3,176,177,65,2,0,20,0,1.8181818181818181,0.0,0.0,0.0
64,3,176,177,66,2,0,18,0,1.8,0.0,0.0,0.0
64,3,176,177,67,2,0,16,0,1.7777777777777777,0.0,0.0,0.0
64,3,176,177,68,2,0,13,0,1.7333333333333334,0.0,0.0,0.0
64,3,176,177,69,2,0,11,0,1.6923076923076923,0.0,0.0,0.0
64,3,176,177,70,2,0,10,0,1.6666666666666667,0.0,0.0,0.0
64,3,176,177,71,2,1,9,0,1.6363636363636365,0.5,0.0,0.5
64,3,176,177,72,1,0,8,0,0.8888888888888888,0.0,0.0,0.0
64,3,176,177,73,2,1,7,0,1.5555555555555556,0.5,0.0,0.5
64,3,176,177,74,1,0,8,0,0.8888888888888888,0.0,0.0,0.0
64,3,184,185,46,3,0,1,0,0.75,0.0,0.0,0.0
64,3,184,185,47,3,1,2,0,1.2,0.3333333333333333,0.0,0.3333333333333333
64,3,184,185,48,2,0,4,0,1.3333333333333333,0.0,0.0,0.0
64,3,184,185,49,3,0,5,0,1.875,0.0,0.0,0.0
64,3,184,185,50,2,0,9,0,1.6363636363636365,0.0,0.0,0.0
64,3,184,185,51,2,0,12,0,1.7142857142857142,0.0,0.0,0.0
64,3,184,185,52,2,0,15,0,1.7647058823529411,0.0,0.0,0.0
64,3,184,185,53,3,0,18,0,2.5714285714285716,0.0,0.0,0.0
64,3,184,185,54,2,0,20,0,1.8181818181818181,0.0,0.0,0.0
64,3,184,185,55,2,0,21,0,1.826086956521739,0.0,0.0,0.0
64,3,184,185,56,2,0,22,0,1.8333333333333333,0.0,0.0,0.0
64,3,184,185,57,1,0,23,0,0.9583333333333334,0.0,0.0,0.0
64,3,184,185,58,1,0,24,0,0.96,0.0,0.0,0.0
64,3,184,185,59,1,0,25,0,0.9615384615384616,0.0,0.0,0.0
64,3,184,185,60,1,0,25,0,0.9615384615384616,0.0,0.0,0.0
64,3,184,185,61,1,0,25,0,0.9615384615384616,0.0,0.0,0.0
64,3,184,185,62,2,0,24,0,1.8461538461538463,0.0,0.0,0.0
64,3,184,185,63,2,0,23,0,1.84,0.0,0.0,0.0
64,3,184,185,64,2,0,21,0,1.826086956521739,0.0,0.0,0.0
64,3,184,185,65,2,0,19,0,1.8095238095238095,0.0,0.0,0.0
64,3,184,185,66,2,0,17,0,1.7894736842105263,0.0,0.0,0.0
64,3,184,185,67,2,0,15,0,1.7647058823529411,0.0,0.0,0.0
64,3,184,185,68,2,0,12,0,1.7142857142857142,0.0,0.0,0.0
64,3,184,185,69,2,0,10,0,1.6666666666666667,0.0,0.0,0.0
64,3,184,185,70,2,0,9,0,1.6363636363636365,0.0,0.0,0.0
64,3,184,185,71,3,1,8,0,2.1818181818181817,0.3333333333333333,0.0,0.3333333333333333
64,3,184,185,73,2,1,6,0,1.5,0.5,0.0,0.5
64,3,184,185,74,1,0,7,0,0.875,0.0,0.0,0.0
64,3,184,185,75,1,0,7,0,0.875,0.0,0.0,0.0
64,3,192,193,46,3,0,1,0,0.75,0.0,0.0,0.0
64,3,192,193,47,2,1,2,0,1.0,0.5,0.0,0.5
64,3,192,193,48,2,0,3,0,1.2,0.0,0.0,0.0
64,3,192,193,49,3,0,4,0,1.7142857142857142,0.0,0.0,0.0
64,3,192,193,50,2,0,8,0,1.6,0.0,0.0,0.0
64,3,192,193,51,2,0,11,0,1.6923076923076923,0.0,0.0,0.0
64,3,192,193,52,2,0,14,0,1.75,0.0,0.0,0.0
64,3,192,193,53,3,0,17,0,2.55,0.0,0.0,0.0
64,3,192,193,54,2,0,19,0,1.8095238095238095,0.0,0.0,0.0
64,3,192,193,55,2,0,20,0,1.8181818181818181,0.0,0.0,0.0
64,3,192,193,56,2,0,21,0,1.826086956521739,0.0,0.0,0.0
64,3,192,193,57,1,0,22,0,0.9565217391304348,0.0,0.0,0.0
64,3,192,193,58,1,0,23,0,0.9583333333333334,0.0,0.0,0.0
64,3,192,193,59,1,0,24,0,0.96,0.0,0.0,0.0
64,3,192,193,60,1,0,24,0,0.96,0.0,0.0,0.0
64,3,192,193,61,1,0,24,0,0.96,0.0,0.0,0.0
64,3,192,193,62,2,0,23,0,1.84,0.0,0.0,0.0
64,3,192,193,63,2,0,21,0,1.826086956521739,0.0,0.0,0.0
64,3,192,193,64,2,0,18,0,1.8,0.0,0.0,0.0
64,3,192,193,65,2,0,15,0,1.7647058823529411,0.0,0.0,0.0
64,3,192,193,66,1,0,13,0,0.9285714285714286,0.0,0.0,0.0
64,3,192,193,67,2,1,10,0,1.6666666666666667,0.5,0.0,0.5
64,3,192,193,68,1,0,7,0,0.875,0.0,0.0,0.0
64,3,192,193,69,2,0,4,0,1.3333333333333333,0.0,0.0,0.0
64,3,192,193,70,2,0,3,0,1.2,0.0,0.0,0.0
64,3,192,193,71,2,0,2,0,1.0,0.0,0.0,0.0
64,3,192,193,72,1,0,1,0,0.5,0.0,0.0,0.0
64,3,192,193,78,1,0,1,0,0.5,0.0,0.0,0.0
64,3,200,201,46,1,0,1,0,0.5,0.0,0.0,0.0
64,3,200,201,47,2,1,1,0,0.6666666666666666,0.5,0.0,0.5
64,3,200,201,48,1,0,2,0,0.6666666666666666,0.0,0.0,0.0
64,3,200,201,49,4,1,2,0,1.3333333333333333,0.25,0.0,0.25
64,3,200,201,50,2,0,7,0,1.5555555555555556,0.0,0.0,0.0
64,3,200,201,51,2,0,10,0,1.6666666666666667,0.0,0.0,0.0
64,3,200,201,52,2,0,13,0,1.7333333333333334,0.0,0.0,0.0
64,3,200,201,53,3,1,16,0,2.526315789473684,0.3333333333333333,0.0,0.3333333333333333
64,3,200,201,54,1,0,18,0,0.9473684210526315,0.0,0.0,0.0
64,3,200,201,55,3,1,18,0,2.5714285714285716,0.3333333333333333,0.0,0.3333333333333333
64,3,200,201,56,2,0,20,0,1.8181818181818181,0.0,0.0,0.0
64,3,200,201,57,1,1,21,0,0.9545454545454546,1.0,0.0,1.0
64,3,200,201,58,1,0,22,0,0.9565217391304348,0.0,0.0,0.0
64,3,200,201,59,1,0,23,0,0.9583333333333334,0.0,0.0,0.0
64,3,200,201,60,2,0,23,0,1.84,0.0,0.0,0.0
64,3,200,201,61,1,0,24,0,0.96,0.0,0.0,0.0
64,3,200,201,62,1,0,23,0,0.9583333333333334,0.0,0.0,0.0
64,3,200,201,63,1,0,21,0,0.9545454545454546,0.0,0.0,0.0
64,3,200,201,64,1,0,18,0,0.9473684210526315,0.0,0.0,0.0
64,3,200,201,65,1,0,15,0,0.9375,0.0,0.0,0.0
64,3,200,201,66,1,0,12,0,0.9230769230769231,0.0,0.0,0.0
64,3,200,201,67,2,1,9,0,1.6363636363636365,0.5,0.0,0.5
64,3,200,201,68,1,0,6,0,0.8571428571428571,0.0,0.0,0.0
64,3,200,201,69,1,0,4,0,0.8,0.0,0.0,0.0
64,3,200,201,70,1,0,3,0,0.75,0.0,0.0,0.0
64,3,200,201,71,1,0,2,0,0.6666666666666666,0.0,0.0,0.0
64,3,208,209,50,2,0,3,0,1.2,0.0,0.0,0.0
64,3,208,209,51,2,1,5,0,1.4285714285714286,0.5,0.0,0.5
64,3,208,209,52,2,0,7,0,1.5555555555555556,0.0,0.0,0.0
64,3,208,209,53,3,2,10,0,2.3076923076923075,0.6666666666666666,0.0,0.6666666666666666
64,3,208,209,54,3,0,11,0,2.357142857142857,0.0,0.0,0.0
64,3,208,209,55,4,3,12,0,3.0,0.75,0.0,0.75
64,3,208,209,56,2,0,13,0,1.7333333333333334,0.0,0.0,0.0
64,3,208,209,57,3,2,14,0,2.4705882352941178,0.6666666666666666,0.0,0.6666666666666666
64,3,208,209,59,1,0,16,0,0.9411764705882353,0.0,0.0,0.0
64,3,208,209,60,1,0,16,0,0.9411764705882353,0.0,0.0,0.0
64,3,208,209,61,3,1,16,0,2.526315789473684,0.3333333333333333,0.0,0.3333333333333333
64,3,208,209,62,3,0,16,0,2.526315789473684,0.0,0.0,0.0
64,3,208,209,63,5,2,15,0,3.75,0.4,0.0,0.4
64,3,208,209,64,2,0,15,0,1.7647058823529411,0.0,0.0,0.0
64,3,208,209,65,4,2,12,0,3.0,0.5,0.0,0.5
64,3,208,209,66,1,0,12,0,0.9230769230769231,0.0,0.0,0.0
64,3,208,209,67,1,0,9,0,0.9,0.0,0.0,0.0
64,3,208,209,68,1,0,6,0,0.8571428571428571,0.0,0.0,0.0
64,3,208,209,69,1,0,4,0,0.8,0.0,0.0,0.0
64,3,208,209,70,1,0,3,0,0.75,0.0,0.0,0.0
64,3,208,209,71,1,0,2,0,0.6666666666666666,0.0,0.0,0.0
64,3,216,217,50,1,0,3,0,0.75,0.0,0.0,0.0
64,3,216,217,51,1,0,5,0,0.8333333333333334,0.0,0.0,0.0
64,3,216,217,52,1,0,7,0,0.875,0.0,0.0,0.0
64,3,216,217,53,2,1,9,0,1.6363636363636365,0.5,0.0,0.5
64,3,216,217,54,1,0,11,0,0.9166666666666666,0.0,0.0,0.0
64,3,216,217,55,1,0,12,0,0.9230769230769231,0.0,0.0,0.0
64,3,216,217,56,1,0,13,0,0.9285714285714286,0.0,0.0,0.0
64,3,216,217,61,1,0,16,0,0.9411764705882353,0.0,0.0,0.0
64,3,216,217,62,1,0,16,0,0.9411764705882353,0.0,0.0,0.0
64,3,216,217,63,1,0,15,0,0.9375,0.0,0.0,0.0
64,3,216,217,64,1,0,13,0,0.9285714285714286,0.0,0.0,0.0
64,3,216,217,65,1,0,11,0,0.9166666666666666,0.0,0.0,0.0
64,3,216,217,66,1,0,9,0,0.9,0.0,0.0,0.0
64,3,216,217,67,1,0,7,0,0.875,0.0,0.0,0.0
64,3,216,217,68,2,0,5,0,1.4285714285714286,0.0,0.0,0.0
64,3,216,217,69,1,0,4,0,0.8,0.0,0.0,0.0
64,3,216,217,70,1,0,3,0,0.75,0.0,0.0,0.0
64,3,216,217,71,1,0,2,0,0.6666666666666666,0.0,0.0,0.0
64,3,224,225,50,1,0,1,0,0.5,0.0,0.0,0.0
64,3,224,225,51,5,0,1,0,0.8333333333333334,0.0,0.0,0.0
64,3,224,225,52,1,0,7,0,0.875,0.0,0.0,0.0
64,3,224,225,53,1,0,9,0,0.9,0.0,0.0,0.0
64,3,224,225,54,1,0,11,0,0.9166666666666666,0.0,0.0,0.0
64,3,224,225,55,1,0,12,0,0.9230769230769231,0.0,0.0,0.0
64,3,224,225,56,1,0,13,0,0.9285714285714286,0.0,0.0,0.0
64,3,224,225,61,1,0,16,0,0.9411764705882353,0.0,0.0,0.0
64,3,224,225,62,1,0,16,0,0.9411764705882353,0.0,0.0,0.0
64,3,224,225,63,1,0,15,0,0.9375,0.0,0.0,0.0
64,3,224,225,64,1,0,13,0,0.9285714285714286,0.0,0.0,0.0
64,3,224,225,65,1,0,11,0,0.9166666666666666,0.0,0.0,0.0
64,3,224,225,66,1,0,9,0,0.9,0.0,0.0,0.0
64,3,224,225,67,1,0,7,0,0.875,0.0,0.0,0.0
64,3,224,225,68,1,0,5,0,0.8333333333333334,0.0,0.0,0.0
64,3,224,225,69,1,0,4,0,0.8,0.0,0.0,0.0
64,3,224,225,70,1,0,3,0,0.75,0.0,0.0,0.0
64,3,224,225,71,1,0,2,0,0.6666666666666666,0.0,0.0,0.0
64,3,232,233,50,1,0,1,0,0.5,0.0,0.0,0.0
64,3,232,233,51,4,0,1,0,0.8,0.0,0.0,0.0
64,3,232,233,52,3,0,5,0,1.875,0.0,0.0,0.0
64,3,232,233,53,1,0,9,0,0.9,0.0,0.0,0.0
64,3,232,233,54,1,0,11,0,0.9166666666666666,0.0,0.0,0.0
64,3,232,233,55,1,0,12,0,0.9230769230769231,0.0,0.0,0.0
64,3,232,233,56,1,0,13,0,0.9285714285714286,0.0,0.0,0.0
64,3,232,233,61,1,0,16,0,0.9411764705882353,0.0,0.0,0.0
64,3,232,233,62,1,0,16,0,0.9411764705882353,0.0,0.0,0.0
64,3,232,233,63,1,0,15,0,0.9375,0.0,0.0,0.0
64,3,232,233,64,1,0,13,0,0.9285714285714286,0.0,0.0,0.0
64,3,232,233,65,1,0,11,0,0.9166666666666666,0.0,0.0,0.0
64,3,232,233,66,1,0,9,0,0.9,0.0,0.0,0.0
64,3,232,233,67,1,0,7,0,0.875,0.0,0.0,0.0
64,3,232,233,68,1,0,5,0,0.8333333333333334,0.0,0.0,0.0
64,3,232,233,69,1,0,4,0,0.8,0.0,0.0,0.0
64,3,232,233,70,1,0,3,0,0.75,0.0,0.0,0.0
64,3,232,233,71,1,0,2,0,0.6666666666666666,0.0,0.0,0.0
64,3,240,241,51,3,2,1,0,0.75,0.6666666666666666,0.0,0.6666666666666666
64,3,240,241,52,4,0,3,0,1.7142857142857142,0.0,0.0,0.0
64,3,240,241,53,3,0,7,0,2.1,0.0,0.0,0.0
64,3,240,241,54,1,0,11,0,0.9166666666666666,0.0,0.0,0.0
64,3,240,241,55,1,0,12,0,0.9230769230769231,0.0,0.0,0.0
64,3,240,241,56,1,0,13,0,0.9285714285714286,0.0,0.0,0.0
64,3,240,241,61,1,1,16,0,0.9411764705882353,1.0,0.0,1.0
64,3,240,241,62,1,0,16,0,0.9411764705882353,0.0,0.0,0.0
64,3,240,241,63,1,0,15,0,0.9375,0.0,0.0,0.0
64,3,240,241,64,1,0,13,0,0.9285714285714286,0.0,0.0,0.0
64,3,240,241,65,1,0,11,0,0.9166666666666666,0.0,0.0,0.0
64,3,240,241,66,1,0,9,0,0.9,0.0,0.0,0.0
64,3,240,241,67,1,0,7,0,0.875,0.0,0.0,0.0
64,3,240,241,68,1,0,5,0,0.8333333333333334,0.0,0.0,0.0
64,3,240,241,69,1,0,4,0,0.8,0.0,0.0,0.0
64,3,240,241,70,1,0,3,0,0.75,0.0,0.0,0.0
64,3,240,241,71,1,0,2,0,0.6666666666666666,0.0,0.0,0.0
64,3,248,249,53,4,1,2,0,1.3333333333333333,0.25,0.0,0.25
64,3,248,249,54,6,1,5,0,2.727272727272727,0.16666666666666666,0.0,0.16666666666666666
64,3,248,249,55,3,1,10,0,2.3076923076923075,0.3333333333333333,0.0,0.3333333333333333
64,3,248,249,56,1,0,13,2,0.9285714285714286,0.0,0.15384615384615385,-0.15384615384615385
64,3,248,249,61,1,1,16,0,0.9411764705882353,1.0,0.0,1.0
64,3,248,249,62,1,0,16,0,0.9411764705882353,0.0,0.0,0.0
64,3,248,249,63,1,0,15,0,0.9375,0.0,0.0,0.0
64,3,248,249,64,1,0,13,0,0.9285714285714286,0.0,0.0,0.0
64,3,248,249,65,3,0,11,0,2.357142857142857,0.0,0.0,0.0
64,3,248,249,66,2,0,9,0,1.6363636363636365,0.0,0.0,0.0
64,3,248,249,67,1,0,7,0,0.875,0.0,0.0,0.0
64,3,248,249,68,1,0,5,0,0.8333333333333334,0.0,0.0,0.0
64,3,248,249,69,1,0,4,0,0.8,0.0,0.0,0.0
64,3,248,249,70,1,0,3,0,0.75,0.0,0.0,0.0
64,3,248,249,71,1,0,2,0,0.6666666666666666,0.0,0.0,0.0
64,4,16,17,13,27,21,2,0,1.8620689655172413,0.7777777777777778,0.0,0.7777777777777778
64,4,16,17,14,1,0,29,0,0.9666666666666667,0.0,0.0,0.0
64,4,24,25,16,4,0,6,0,2.4,0.0,0.0,0.0
64,4,24,25,17,21,10,7,0,5.25,0.47619047619047616,0.0,0.47619047619047616
64,4,24,25,18,3,0,27,0,2.7,0.0,0.0,0.0
64,4,32,33,18,5,0,7,0,2.9166666666666665,0.0,0.0,0.0
64,4,32,33,19,11,3,11,0,5.5,0.2727272727272727,0.0,0.2727272727272727
64,4,32,33,20,2,0,22,0,1.8333333333333333,0.0,0.0,0.0
64,4,32,33,21,8,5,23,0,5.935483870967742,0.625,0.0,0.625
64,4,32,33,22,2,0,28,0,1.8666666666666667,0.0,0.0,0.0
64,4,40,41,18,2,0,2,0,1.0,0.0,0.0,0.0
64,4,40,41,19,9,4,3,0,2.25,0.4444444444444444,0.0,0.4444444444444444
64,4,40,41,20,3,0,11,0,2.357142857142857,0.0,0.0,0.0
64,4,40,41,21,12,4,12,0,6.0,0.3333333333333333,0.0,0.3333333333333333
64,4,40,41,22,2,0,21,0,1.826086956521739,0.0,0.0,0.0
64,4,40,41,23,5,2,20,0,4.0,0.4,0.0,0.4
64,4,40,41,24,2,0,21,0,1.826086956521739,0.0,0.0,0.0
64,4,40,41,25,3,0,19,0,2.590909090909091,0.0,0.0,0.0
64,4,48,49,18,1,0,1,0,0.5,0.0,0.0,0.0
64,4,48,49,19,3,2,2,0,1.2,0.6666666666666666,0.0,0.6666666666666666
64,4,48,49,20,3,0,4,0,1.7142857142857142,0.0,0.0,0.0
64,4,48,49,21,10,6,5,0,3.3333333333333335,0.6,0.0,0.6
64,4,48,49,22,4,0,11,0,2.933333333333333,0.0,0.0,0.0
64,4,48,49,23,10,4,11,0,5.238095238095238,0.4,0.0,0.4
64,4,48,49,24,2,0,17,0,1.7894736842105263,0.0,0.0,0.0
64,4,48,49,25,4,2,15,0,3.1578947368421053,0.5,0.0,0.5
64,4,48,49,26,1,0,15,0,0.9375,0.0,0.0,0.0
64,4,48,49,27,4,0,13,0,3.0588235294117645,0.0,0.0,0.0
64,4,56,57,20,1,0,2,0,0.6666666666666666,0.0,0.0,0.0
64,4,56,57,21,3,1,2,0,1.2,0.3333333333333333,0.0,0.3333333333333333
64,4,56,57,22,4,0,2,0,1.3333333333333333,0.0,0.0,0.0
64,4,56,57,23,10,1,2,0,1.6666666666666667,0.1,0.0,0.1
64,4,56,57,24,5,0,7,0,2.9166666666666665,0.0,0.0,0.0
64,4,56,57,25,8,4,7,0,3.7333333333333334,0.5,0.0,0.5
64,4,56,57,26,2,0,11,0,1.6923076923076923,0.0,0.0,0.0
64,4,56,57,27,3,2,10,0,2.3076923076923075,0.6666666666666666,0.0,0.6666666666666666
64,4,56,57,28,1,0,10,0,0.9090909090909091,0.0,0.0,0.0
64,4,56,57,29,5,3,8,0,3.076923076923077,0.6,0.0,0.6
64,4,64,65,22,1,0,1,0,0.5,0.0,0.0,0.0
64,4,64,65,24,5,0,2,0,1.4285714285714286,0.0,0.0,0.0
64,4,64,65,25,5,3,4,0,2.2222222222222223,0.6,0.0,0.6
64,4,64,65,26,4,0,4,0,2.0,0.0,0.0,0.0
64,4,64,65,27,6,1,4,0,2.4,0.16666666666666666,0.0,0.16666666666666666
64,4,64,65,28,2,0,7,0,1.5555555555555556,0.0,0.0,0.0
64,4,64,65,29,2,1,6,0,1.5,0.5,0.0,0.5
64,4,64,65,30,2,0,5,0,1.4285714285714286,0.0,0.0,0.0
64,4,64,65,31,3,1,4,0,1.7142857142857142,0.3333333333333333,0.0,0.3333333333333333
64,4,64,65,32,2,0,4,0,1.3333333333333333,0.0,0.0,0.0
64,4,64,65,33,2,0,3,0,1.2,0.0,0.0,0.0
64,4,72,73,26,2,0,1,0,0.6666666666666666,0.0,0.0,0.0
64,4,72,73,27,4,2,1,0,0.8,0.5,0.0,0.5
64,4,72,73,28,3,0,2,0,1.2,0.0,0.0,0.0
64,4,72,73,29,4,0,2,0,1.3333333333333333,0.0,0.0,0.0
64,4,72,73,30,1,0,4,0,0.8,0.0,0.0,0.0
64,4,72,73,31,1,0,3,0,0.75,0.0,0.0,0.0
64,4,72,73,32,1,0,2,0,0.6666666666666666,0.0,0.0,0.0
64,4,72,73,33,2,0,1,0,0.6666666666666666,0.0,0.0,0.0
64,4,80,81,30,2,0,2,0,1.0,0.0,0.0,0.0
64,4,80,81,31,1,1,3,0,0.75,1.0,0.0,1.0
64,4,80,81,33,1,1,1,0,0.5,1.0,0.0,1.0
64,5,24,25,16,2,0,3,0,1.2,0.0,0.0,0.0
64,5,24,25,17,4,2,3,0,1.7142857142857142,0.5,0.0,0.5
64,5,32,33,18,2,0,2,0,1.0,0.0,0.0,0.0
64,5,32,33,19,3,0,2,0,1.2,0.0,0.0,0.0
64,5,32,33,21,1,0,3,0,0.75,0.0,0.0,0.0
64,5,32,33,23,4,3,2,0,1.3333333333333333,0.75,0.0,0.75
64,5,40,41,20,2,0,1,0,0.6666666666666666,0.0,0.0,0.0
64,5,40,41,21,2,1,2,0,1.0,0.5,0.0,0.5
64,5,40,41,22,1,0,2,0,0.6666666666666666,0.0,0.0,0.0
64,5,40,41,23,3,2,1,0,0.75,0.6666666666666666,0.0,0.6666666666666666
64,5,40,41,25,4,1,5,1,2.2222222222222223,0.25,0.2,0.04999999999999999
64,5,48,49,22,1,0,1,0,0.5,0.0,0.0,0.0
64,5,48,49,23,2,2,1,0,0.6666666666666666,1.0,0.0,1.0
64,5,48,49,24,2,0,1,0,0.6666666666666666,0.0,0.0,0.0
64,5,48,49,25,7,2,1,0,0.875,0.2857142857142857,0.0,0.2857142857142857
64,5,48,49,26,1,0,8,0,0.8888888888888888,0.0,0.0,0.0
64,5,48,49,27,2,0,9,0,1.6363636363636365,0.0,0.0,0.0
64,5,56,57,26,2,0,3,0,1.2,0.0,0.0,0.0
64,5,56,57,27,6,2,4,0,2.4,0.3333333333333333,0.0,0.3333333333333333
64,5,56,57,28,1,0,10,0,0.9090909090909091,0.0,0.0,0.0
64,5,56,57,29,2,0,11,0,1.6923076923076923,0.0,0.0,0.0
64,5,56,57,41,1,0,3,0,0.75,0.0,0.0,0.0
64,5,56,57,43,1,0,2,0,0.6666666666666666,0.0,0.0,0.0
64,5,64,65,27,3,1,1,0,0.75,0.3333333333333333,0.0,0.3333333333333333
64,5,64,65,28,2,0,3,0,1.2,0.0,0.0,0.0
64,5,64,65,29,6,4,4,0,2.4,0.6666666666666666,0.0,0.6666666666666666
64,5,64,65,30,2,0,9,0,1.6363636363636365,0.0,0.0,0.0
64,5,64,65,31,5,1,10,0,3.3333333333333335,0.2,0.0,0.2
64,5,72,73,29,3,2,1,0,0.75,0.6666666666666666,0.0,0.6666666666666666
64,5,72,73,30,1,0,3,0,0.75,0.0,0.0,0.0
64,5,72,73,31,5,3,3,0,1.875,0.6,0.0,0.6
64,5,72,73,32,3,0,6,0,2.0,0.0,0.0,0.0
64,5,72,73,33,6,1,7,0,3.230769230769231,0.16666666666666666,0.0,0.16666666666666666
64,5,72,73,34,3,0,12,0,2.4,0.0,0.0,0.0
64,5,72,73,43,1,0,2,0,0.6666666666666666,0.0,0.0,0.0
64,5,72,73,44,1,0,1,0,0.5,0.0,0.0,0.0
64,5,72,73,46,3,0,2,0,1.2,0.0,0.0,0.0
64,5,72,73,47,3,0,3,0,1.5,0.0,0.0,0.0
64,5,72,73,48,3,0,4,0,1.7142857142857142,0.0,0.0,0.0
64,5,72,73,49,3,0,5,0,1.875,0.0,0.0,0.0
64,5,72,73,50,3,0,6,0,2.0,0.0,0.0,0.0
64,5,72,73,51,3,0,7,0,2.1,0.0,0.0,0.0
64,5,72,73,52,3,0,8,0,2.1818181818181817,0.0,0.0,0.0
64,5,72,73,53,3,0,9,0,2.25,0.0,0.0,0.0
64,5,72,73,54,3,0,9,0,2.25,0.0,0.0,0.0
64,5,72,73,55,3,0,9,0,2.25,0.0,0.0,0.0
64,5,72,73,56,3,0,9,0,2.25,0.0,0.0,0.0
64,5,72,73,57,2,0,9,0,1.6363636363636365,0.0,0.0,0.0
64,5,72,73,58,2,0,9,0,1.6363636363636365,0.0,0.0,0.0
64,5,80,81,30,1,0,1,0,0.5,0.0,0.0,0.0
64,5,80,81,31,2,2,2,0,1.0,1.0,0.0,1.0
64,5,80,81,32,2,0,2,0,1.0,0.0,0.0,0.0
64,5,80,81,33,4,2,2,0,1.3333333333333333,0.5,0.0,0.5
64,5,80,81,34,4,0,4,0,2.0,0.0,0.0,0.0
64,5,80,81,35,9,3,5,0,3.2142857142857144,0.3333333333333333,0.0,0.3333333333333333
64,5,80,81,43,1,0,2,0,0.6666666666666666,0.0,0.0,0.0
64,5,80,81,44,1,0,1,0,0.5,0.0,0.0,0.0
64,5,80,81,46,2,0,1,0,0.6666666666666666,0.0,0.0,0.0
64,5,80,81,47,3,0,1,0,0.75,0.0,0.0,0.0
64,5,80,81,48,3,0,2,0,1.2,0.0,0.0,0.0
64,5,80,81,49,3,0,3,0,1.5,0.0,0.0,0.0
64,5,80,81,50,3,0,4,0,1.7142857142857142,0.0,0.0,0.0
64,5,80,81,51,3,0,5,0,1.875,0.0,0.0,0.0
64,5,80,81,52,3,0,6,0,2.0,0.0,0.0,0.0
64,5,80,81,53,3,0,7,0,2.1,0.0,0.0,0.0
64,5,80,81,54,3,0,7,0,2.1,0.0,0.0,0.0
64,5,80,81,55,4,1,7,0,2.5454545454545454,0.25,0.0,0.25
64,5,80,81,56,3,0,8,0,2.1818181818181817,0.0,0.0,0.0
64,5,80,81,57,2,0,8,0,1.6,0.0,0.0,0.0
64,5,80,81,58,2,0,8,0,1.6,0.0,0.0,0.0
64,5,80,81,59,1,0,8,0,0.8888888888888888,0.0,0.0,0.0
64,5,88,89,31,1,1,1,0,0.5,1.0,0.0,1.0
64,5,88,89,34,2,0,1,0,0.6666666666666666,0.0,0.0,0.0
64,5,88,89,35,6,2,1,0,0.8571428571428571,0.3333333333333333,0.0,0.3333333333333333
64,5,88,89,36,6,0,3,0,2.0,0.0,0.0,0.0
64,5,88,89,37,4,2,6,0,2.4,0.5,0.0,0.5
64,5,88,89,43,1,0,2,0,0.6666666666666666,0.0,0.0,0.0
64,5,88,89,44,1,0,1,0,0.5,0.0,0.0,0.0
64,5,88,89,47,3,0,1,0,0.75,0.0,0.0,0.0
64,5,88,89,48,3,0,2,0,1.2,0.0,0.0,0.0
64,5,88,89,49,3,0,3,0,1.5,0.0,0.0,0.0
64,5,88,89,50,3,1,4,0,1.7142857142857142,0.3333333333333333,0.0,0.3333333333333333
64,5,88,89,51,2,0,5,0,1.4285714285714286,0.0,0.0,0.0
64,5,88,89,52,2,0,6,0,1.5,0.0,0.0,0.0
64,5,88,89,53,2,0,7,0,1.5555555555555556,0.0,0.0,0.0
64,5,88,89,54,2,0,7,0,1.5555555555555556,0.0,0.0,0.0
64,5,88,89,55,2,0,7,0,1.5555555555555556,0.0,0.0,0.0
64,5,88,89,56,2,0,7,0,1.5555555555555556,0.0,0.0,0.0
64,5,88,89,57,1,0,7,0,0.875,0.0,0.0,0.0
64,5,88,89,58,1,0,7,0,0.875,0.0,0.0,0.0
64,5,88,89,59,1,0,7,0,0.875,0.0,0.0,0.0
64,5,96,97,36,2,0,1,0,0.6666666666666666,0.0,0.0,0.0
64,5,96,97,37,5,2,1,0,0.8333333333333334,0.4,0.0,0.4
64,5,96,97,38,3,0,3,0,1.5,0.0,0.0,0.0
64,5,96,97,39,3,2,3,0,1.5,0.6666666666666666,0.0,0.6666666666666666
64,5,96,97,43,1,0,2,0,0.6666666666666666,0.0,0.0,0.0
64,5,96,97,44,1,0,1,0,0.5,0.0,0.0,0.0
64,5,96,97,48,2,0,1,0,0.6666666666666666,0.0,0.0,0.0
64,5,96,97,49,2,1,2,0,1.0,0.5,0.0,0.5
64,5,96,97,50,1,0,3,0,0.75,0.0,0.0,0.0
64,5,96,97,51,3,1,3,0,1.5,0.3333333333333333,0.0,0.3333333333333333
64,5,96,97,52,2,0,5,0,1.4285714285714286,0.0,0.0,0.0
64,5,96,97,53,2,1,6,0,1.5,0.5,0.0,0.5
64,5,96,97,54,2,0,6,0,1.5,0.0,0.0,0.0
64,5,96,97,55,2,0,6,0,1.5,0.0,0.0,0.0
64,5,96,97,56,2,0,6,0,1.5,0.0,0.0,0.0
64,5,96,97,57,1,0,6,0,0.8571428571428571,0.0,0.0,0.0
64,5,96,97,58,1,0,6,0,0.8571428571428571,0.0,0.0,0.0
64,5,96,97,59,2,1,6,0,1.5,0.5,0.0,0.5
64,5,104,105,38,1,0,1,0,0.5,0.0,0.0,0.0
64,5,104,105,40,1,0,1,0,0.5,0.0,0.0,0.0
64,5,104,105,43,1,0,2,0,0.6666666666666666,0.0,0.0,0.0
64,5,104,105,44,1,0,1,0,0.5,0.0,0.0,0.0
64,5,104,105,52,1,0,2,0,0.6666666666666666,0.0,0.0,0.0
64,5,104,105,53,2,1,2,0,1.0,0.5,0.0,0.5
64,5,104,105,54,2,0,2,0,1.0,0.0,0.0,0.0
64,5,104,105,55,2,0,2,0,1.0,0.0,0.0,0.0
64,5,104,105,56,1,0,2,0,0.6666666666666666,0.0,0.0,0.0
64,5,104,105,57,3,2,1,0,0.75,0.6666666666666666,0.0,0.6666666666666666
64,5,104,105,59,4,3,2,0,1.3333333333333333,0.75,0.0,0.75
64,5,104,105,61,2,0,4,0,1.3333333333333333,0.0,0.0,0.0
64,5,112,113,44,1,0,1,0,0.5,0.0,0.0,0.0
64,5,112,113,52,2,0,1,0,0.6666666666666666,0.0,0.0,0.0
64,5,112,113,53,3,0,1,0,0.75,0.0,0.0,0.0
64,5,112,113,54,3,0,1,0,0.75,0.0,0.0,0.0
64,5,112,113,55,3,1,1,0,0.75,0.3333333333333333,0.0,0.3333333333333333
64,5,112,113,56,2,0,1,0,0.6666666666666666,0.0,0.0,0.0
64,5,112,113,58,1,0,1,0,0.5,0.0,0.0,0.0
64,5,112,113,60,1,0,3,0,0.75,0.0,0.0,0.0
64,5,112,113,61,2,1,3,0,1.2,0.5,0.0,0.5
64,5,112,113,63,1,1,3,0,0.75,1.0,0.0,1.0
64,5,120,121,44,1,0,1,0,0.5,0.0,0.0,0.0
64,5,120,121,52,2,0,2,0,1.0,0.0,0.0,0.0
64,5,120,121,53,3,0,2,0,1.2,0.0,0.0,0.0
64,5,120,121,54,3,0,3,0,1.5,0.0,0.0,0.0
64,5,120,121,55,2,0,4,0,1.3333333333333333,0.0,0.0,0.0
64,5,120,121,56,2,0,4,0,1.3333333333333333,0.0,0.0,0.0
64,5,120,121,57,1,0,4,0,0.8,0.0,0.0,0.0
64,5,120,121,58,1,0,4,0,0.8,0.0,0.0,0.0
64,5,120,121,59,2,0,4,0,1.3333333333333333,0.0,0.0,0.0
64,5,120,121,60,1,0,5,0,0.8333333333333334,0.0,0.0,0.0
64,5,120,121,61,1,0,4,0,0.8,0.0,0.0,0.0
64,5,120,121,63,1,0,3,0,0.75,0.0,0.0,0.0
64,5,128,129,51,2,0,2,0,1.0,0.0,0.0,0.0
64,5,128,129,52,3,0,2,0,1.2,0.0,0.0,0.0
64,5,128,129,53,2,0,3,0,1.2,0.0,0.0,0.0
64,5,128,129,54,3,0,3,0,1.5,0.0,0.0,0.0
64,5,128,129,55,2,0,4,0,1.3333333333333333,0.0,0.0,0.0
64,5,128,129,56,2,0,4,0,1.3333333333333333,0.0,0.0,0.0
64,5,128,129,57,2,1,4,0,1.3333333333333333,0.5,0.0,0.5
64,5,128,129,58,1,0,5,0,0.8333333333333334,0.0,0.0,0.0
64,5,128,129,59,1,0,5,0,0.8333333333333334,0.0,0.0,0.0
64,5,128,129,60,1,0,5,0,0.8333333333333334,0.0,0.0,0.0
64,5,128,129,62,1,0,4,0,0.8,0.0,0.0,0.0
64,5,136,137,51,2,0,2,0,1.0,0.0,0.0,0.0
64,5,136,137,52,3,0,2,0,1.2,0.0,0.0,0.0
64,5,136,137,53,2,0,3,0,1.2,0.0,0.0,0.0
64,5,136,137,54,3,0,3,0,1.5,0.0,0.0,0.0
64,5,136,137,55,2,0,4,0,1.3333333333333333,0.0,0.0,0.0
64,5,136,137,56,2,0,4,0,1.3333333333333333,0.0,0.0,0.0
64,5,136,137,57,2,1,4,0,1.3333333333333333,0.5,0.0,0.5
64,5,136,137,58,1,0,5,0,0.8333333333333334,0.0,0.0,0.0
64,5,136,137,59,1,0,5,0,0.8333333333333334,0.0,0.0,0.0
64,5,136,137,60,1,0,5,0,0.8333333333333334,0.0,0.0,0.0
64,5,136,137,61,1,1,5,0,0.8333333333333334,1.0,0.0,1.0
64,5,144,145,51,2,0,2,0,1.0,0.0,0.0,0.0
64,5,144,145,52,3,0,2,0,1.2,0.0,0.0,0.0
64,5,144,145,53,2,0,3,0,1.2,0.0,0.0,0.0
64,5,144,145,54,3,0,3,0,1.5,0.0,0.0,0.0
64,5,144,145,55,2,0,4,0,1.3333333333333333,0.0,0.0,0.0
64,5,144,145,56,2,0,4,0,1.3333333333333333,0.0,0.0,0.0
64,5,144,145,57,2,1,4,0,1.3333333333333333,0.5,0.0,0.5
64,5,144,145,58,1,0,5,0,0.8333333333333334,0.0,0.0,0.0
64,5,144,145,59,1,0,5,0,0.8333333333333334,0.0,0.0,0.0
64,5,144,145,60,1,0,5,0,0.8333333333333334,0.0,0.0,0.0
64,5,144,145,61,1,0,5,0,0.8333333333333334,0.0,0.0,0.0
64,5,152,153,51,1,0,2,0,0.6666666666666666,0.0,0.0,0.0
64,5,152,153,52,1,0,3,0,0.75,0.0,0.0,0.0
64,5,152,153,53,2,1,4,0,1.3333333333333333,0.5,0.0,0.5
64,5,152,153,54,2,0,4,0,1.3333333333333333,0.0,0.0,0.0
64,5,152,153,55,2,0,4,0,1.3333333333333333,0.0,0.0,0.0
64,5,152,153,56,2,0,4,0,1.3333333333333333,0.0,0.0,0.0
64,5,152,153,57,2,1,4,0,1.3333333333333333,0.5,0.0,0.5
64,5,152,153,58,1,0,5,0,0.8333333333333334,0.0,0.0,0.0
64,5,152,153,59,1,0,5,0,0.8333333333333334,0.0,0.0,0.0
64,5,152,153,60,1,0,5,0,0.8333333333333334,0.0,0.0,0.0
64,5,152,153,61,1,0,5,0,0.8333333333333334,0.0,0.0,0.0
64,5,160,161,50,1,0,1,0,0.5,0.0,0.0,0.0
64,5,160,161,51,1,1,2,0,0.6666666666666666,1.0,0.0,1.0
64,5,160,161,53,2,1,3,0,1.2,0.5,0.0,0.5
64,5,160,161,55,2,1,3,0,1.2,0.5,0.0,0.5
64,5,160,161,56,2,0,4,0,1.3333333333333333,0.0,0.0,0.0
64,5,160,161,57,2,1,4,0,1.3333333333333333,0.5,0.0,0.5
64,5,160,161,58,1,0,5,0,0.8333333333333334,0.0,0.0,0.0
64,5,160,161,59,1,0,5,0,0.8333333333333334,0.0,0.0,0.0
64,5,160,161,60,1,0,5,0,0.8333333333333334,0.0,0.0,0.0
64,5,160,161,61,1,0,5,0,0.8333333333333334,0.0,0.0,0.0
64,5,168,169,51,1,1,1,0,0.5,1.0,0.0,1.0
64,5,168,169,53,2,1,2,0,1.0,0.5,0.0,0.5
64,5,168,169,55,1,0,2,0,0.6666666666666666,0.0,0.0,0.0
64,5,168,169,56,1,0,2,0,0.6666666666666666,0.0,0.0,0.0
64,5,168,169,57,2,1,2,0,1.0,0.5,0.0,0.5
64,5,168,169,58,1,0,3,0,0.75,0.0,0.0,0.0
64,5,168,169,59,3,1,3,0,1.5,0.3333333333333333,0.0,0.3333333333333333
64,5,168,169,60,1,0,5,0,0.8333333333333334,0.0,0.0,0.0
64,5,168,169,61,1,0,5,0,0.8333333333333334,0.0,0.0,0.0
64,5,176,177,58,1,0,1,0,0.5,0.0,0.0,0.0
64,5,176,177,59,4,1,1,0,0.8,0.25,0.0,0.25
64,5,176,177,60,1,0,4,0,0.8,0.0,0.0,0.0
64,5,176,177,61,2,0,4,0,1.3333333333333333,0.0,0.0,0.0
64,5,200,201,64,2,0,1,0,0.6666666666666666,0.0,0.0,0.0
64,6,24,25,16,4,0,3,0,1.7142857142857142,0.0,0.0,0.0
64,6,24,25,17,5,0,4,0,2.2222222222222223,0.0,0.0,0.0
64,6,24,25,19,1,0,7,0,0.875,0.0,0.0,0.0
64,6,32,33,18,2,0,4,0,1.3333333333333333,0.0,0.0,0.0
64,6,32,33,19,4,1,4,0,2.0,0.25,0.0,0.25
64,6,32,33,20,1,0,6,0,0.8571428571428571,0.0,0.0,0.0
64,6,32,33,21,1,0,5,0,0.8333333333333334,0.0,0.0,0.0
64,6,32,33,22,1,0,5,0,0.8333333333333334,0.0,0.0,0.0
64,6,32,33,23,8,4,4,0,2.6666666666666665,0.5,0.0,0.5
64,6,32,33,25,2,0,12,0,1.7142857142857142,0.0,0.0,0.0
64,6,40,41,20,2,0,4,0,1.3333333333333333,0.0,0.0,0.0
64,6,40,41,21,1,1,5,0,0.8333333333333334,1.0,0.0,1.0
64,6,40,41,22,1,0,4,0,0.8,0.0,0.0,0.0
64,6,40,41,23,3,1,3,0,1.5,0.3333333333333333,0.0,0.3333333333333333
64,6,40,41,24,2,0,4,0,1.3333333333333333,0.0,0.0,0.0
64,6,40,41,25,5,2,4,0,2.2222222222222223,0.4,0.0,0.4
64,6,40,41,26,2,0,7,0,1.5555555555555556,0.0,0.0,0.0
64,6,40,41,27,6,4,8,0,3.4285714285714284,0.6666666666666666,0.0,0.6666666666666666
64,6,40,41,28,1,0,12,0,0.9230769230769231,0.0,0.0,0.0
64,6,40,41,29,4,1,12,0,3.0,0.25,0.0,0.25
64,6,48,49,21,4,1,1,0,0.8,0.25,0.0,0.25
64,6,48,49,23,2,1,3,0,1.2,0.5,0.0,0.5
64,6,48,49,24,2,0,3,0,1.2,0.0,0.0,0.0
64,6,48,49,25,3,0,3,0,1.5,0.0,0.0,0.0
64,6,48,49,26,4,0,3,0,1.7142857142857142,0.0,0.0,0.0
64,6,48,49,27,7,3,5,0,2.9166666666666665,0.42857142857142855,0.0,0.42857142857142855
64,6,48,49,28,2,0,9,0,1.6363636363636365,0.0,0.0,0.0
64,6,48,49,29,6,3,9,0,3.6,0.5,0.0,0.5
64,6,48,49,31,2,2,15,0,1.7647058823529411,1.0,0.0,1.0
64,6,48,49,32,1,0,16,0,0.9411764705882353,0.0,0.0,0.0
64,6,48,49,33,3,1,16,0,2.526315789473684,0.3333333333333333,0.0,0.3333333333333333
64,6,48,49,35,1,1,18,0,0.9473684210526315,1.0,0.0,1.0
64,6,56,57,24,1,0,3,0,0.75,0.0,0.0,0.0
64,6,56,57,25,2,2,3,0,1.2,1.0,0.0,1.0
64,6,56,57,26,3,0,2,0,1.2,0.0,0.0,0.0
64,6,56,57,27,6,3,3,0,2.0,0.5,0.0,0.5
64,6,56,57,28,3,0,6,0,2.0,0.0,0.0,0.0
64,6,56,57,29,7,2,7,0,3.5,0.2857142857142857,0.0,0.2857142857142857
64,6,56,57,30,1,0,13,0,0.9285714285714286,0.0,0.0,0.0
64,6,56,57,31,2,0,13,0,1.7333333333333334,0.0,0.0,0.0
64,6,56,57,32,1,1,15,0,0.9375,1.0,0.0,1.0
64,6,56,57,33,1,1,16,0,0.9411764705882353,1.0,0.0,1.0
64,6,56,57,34,1,1,16,0,0.9411764705882353,1.0,0.0,1.0
64,6,56,57,35,1,1,15,0,0.9375,1.0,0.0,1.0
64,6,56,57,36,1,0,14,0,0.9333333333333333,0.0,0.0,0.0
64,6,56,57,37,2,0,13,0,1.7333333333333334,0.0,0.0,0.0
64,6,56,57,38,2,0,12,0,1.7142857142857142,0.0,0.0,0.0
64,6,56,57,39,2,0,11,0,1.6923076923076923,0.0,0.0,0.0
64,6,56,57,40,2,0,10,0,1.6666666666666667,0.0,0.0,0.0
64,6,56,57,41,3,1,10,0,2.3076923076923075,0.3333333333333333,0.0,0.3333333333333333
64,6,56,57,43,1,0,14,0,0.9333333333333333,0.0,0.0,0.0
64,6,64,65,25,2,0,1,0,0.6666666666666666,0.0,0.0,0.0
64,6,64,65,28,1,0,2,0,0.6666666666666666,0.0,0.0,0.0
64,6,64,65,29,9,4,1,0,0.9,0.4444444444444444,0.0,0.4444444444444444
64,6,64,65,30,2,0,8,0,1.6,0.0,0.0,0.0
64,6,64,65,31,7,4,8,0,3.7333333333333334,0.5714285714285714,0.0,0.5714285714285714
64,6,64,65,33,1,1,15,0,0.9375,1.0,0.0,1.0
64,6,64,65,35,2,1,13,0,1.7333333333333334,0.5,0.0,0.5
64,6,64,65,37,2,1,11,0,1.6923076923076923,0.5,0.0,0.5
64,6,64,65,38,1,0,11,0,0.9166666666666666,0.0,0.0,0.0
64,6,64,65,39,3,1,9,0,2.25,0.3333333333333333,0.0,0.3333333333333333
64,6,64,65,40,1,0,9,0,0.9,0.0,0.0,0.0
64,6,64,65,41,3,1,8,0,2.1818181818181817,0.3333333333333333,0.0,0.3333333333333333
64,6,64,65,42,1,0,10,0,0.9090909090909091,0.0,0.0,0.0
64,6,64,65,43,5,1,9,0,3.2142857142857144,0.2,0.0,0.2
64,6,64,65,45,2,1,9,0,1.6363636363636365,0.5,0.0,0.5
64,6,64,65,46,1,0,10,0,0.9090909090909091,0.0,0.0,0.0
64,6,72,73,30,3,0,1,0,0.75,0.0,0.0,0.0
64,6,72,73,31,7,2,2,0,1.5555555555555556,0.2857142857142857,0.0,0.2857142857142857
64,6,72,73,32,2,0,7,0,1.5555555555555556,0.0,0.0,0.0
64,6,72,73,33,8,2,7,0,3.7333333333333334,0.25,0.0,0.25
64,6,72,73,35,1,1,12,0,0.9230769230769231,1.0,0.0,1.0
64,6,72,73,37,2,1,9,0,1.6363636363636365,0.5,0.0,0.5
64,6,72,73,39,2,1,7,0,1.5555555555555556,0.5,0.0,0.5
64,6,72,73,40,1,0,6,0,0.8571428571428571,0.0,0.0,0.0
64,6,72,73,41,3,2,6,0,2.0,0.6666666666666666,0.0,0.6666666666666666
64,6,72,73,42,2,0,6,0,1.5,0.0,0.0,0.0
64,6,72,73,43,5,2,5,0,2.5,0.4,0.0,0.4
64,6,72,73,45,2,2,5,1,1.4285714285714286,1.0,0.2,0.8
64,6,72,73,47,3,3,4,0,1.7142857142857142,1.0,0.0,1.0
64,6,72,73,49,4,4,4,0,2.0,1.0,0.0,1.0
64,6,80,81,32,3,0,2,0,1.2,0.0,0.0,0.0
64,6,80,81,33,5,2,4,0,2.2222222222222223,0.4,0.0,0.4
64,6,80,81,34,6,0,6,0,3.0,0.0,0.0,0.0
64,6,80,81,35,3,0,9,0,2.25,0.0,0.0,0.0
64,6,80,81,37,1,1,8,0,0.8888888888888888,1.0,0.0,1.0
64,6,80,81,38,1,0,6,0,0.8571428571428571,0.0,0.0,0.0
64,6,80,81,39,2,1,4,0,1.3333333333333333,0.5,0.0,0.5
64,6,80,81,40,1,0,4,0,0.8,0.0,0.0,0.0
64,6,80,81,41,3,1,4,0,1.7142857142857142,0.3333333333333333,0.0,0.3333333333333333
64,6,80,81,42,1,0,5,0,0.8333333333333334,0.0,0.0,0.0
64,6,80,81,43,4,0,3,0,1.7142857142857142,0.0,0.0,0.0
64,6,80,81,45,2,1,2,0,1.0,0.5,0.0,0.5
64,6,80,81,47,2,0,2,0,1.0,0.0,0.0,0.0
64,6,80,81,48,1,0,3,0,0.75,0.0,0.0,0.0
64,6,80,81,49,3,1,3,0,1.5,0.3333333333333333,0.0,0.3333333333333333
64,6,80,81,50,1,0,5,0,0.8333333333333334,0.0,0.0,0.0
64,6,80,81,51,1,0,4,0,0.8,0.0,0.0,0.0
64,6,80,81,53,2,1,2,0,1.0,0.5,0.0,0.5
64,6,88,89,32,1,0,1,0,0.5,0.0,0.0,0.0
64,6,88,89,33,4,3,1,0,0.8,0.75,0.0,0.75
64,6,88,89,34,1,0,3,0,0.75,0.0,0.0,0.0
64,6,88,89,35,9,4,1,0,0.9,0.4444444444444444,0.0,0.4444444444444444
64,6,88,89,36,3,0,7,0,2.1,0.0,0.0,0.0
64,6,88,89,37,2,1,8,0,1.6,0.5,0.0,0.5
64,6,88,89,39,1,1,6,0,0.8571428571428571,1.0,0.0,1.0
64,6,88,89,40,1,0,4,0,0.8,0.0,0.0,0.0
64,6,88,89,41,2,0,3,0,1.2,0.0,0.0,0.0
64,6,88,89,42,1,0,4,0,0.8,0.0,0.0,0.0
64,6,88,89,43,5,2,3,1,1.875,0.4,0.3333333333333333,0.06666666666666671
64,6,88,89,45,1,0,3,0,0.75,0.0,0.0,0.0
64,6,88,89,46,1,0,3,0,0.75,0.0,0.0,0.0
64,6,88,89,47,2,1,3,0,1.2,0.5,0.0,0.5
64,6,88,89,48,1,0,4,0,0.8,0.0,0.0,0.0
64,6,88,89,49,3,1,4,0,1.7142857142857142,0.3333333333333333,0.0,0.3333333333333333
64,6,88,89,51,1,0,5,0,0.8333333333333334,0.0,0.0,0.0
64,6,96,97,36,3,0,1,0,0.75,0.0,0.0,0.0
64,6,96,97,37,9,2,1,0,0.9,0.2222222222222222,0.0,0.2222222222222222
64,6,96,97,39,1,1,6,0,0.8571428571428571,1.0,0.0,1.0
64,6,96,97,40,1,0,4,0,0.8,0.0,0.0,0.0
64,6,96,97,41,1,0,3,0,0.75,0.0,0.0,0.0
64,6,96,97,42,1,0,3,0,0.75,0.0,0.0,0.0
64,6,96,97,43,4,1,3,0,1.7142857142857142,0.25,0.0,0.25
64,6,96,97,45,1,0,3,0,0.75,0.0,0.0,0.0
64,6,96,97,46,1,0,3,0,0.75,0.0,0.0,0.0
64,6,96,97,47,2,1,3,0,1.2,0.5,0.0,0.5
64,6,96,97,48,1,0,4,0,0.8,0.0,0.0,0.0
64,6,96,97,49,3,1,4,0,1.7142857142857142,0.3333333333333333,0.0,0.3333333333333333
64,6,96,97,51,1,0,5,0,0.8333333333333334,0.0,0.0,0.0
64,6,104,105,38,2,0,3,0,1.2,0.0,0.0,0.0
64,6,104,105,39,5,1,2,0,1.4285714285714286,0.2,0.0,0.2
64,6,104,105,41,1,0,3,0,0.75,0.0,0.0,0.0
64,6,104,105,43,2,0,3,0,1.2,0.0,0.0,0.0
64,6,104,105,44,1,0,3,0,0.75,0.0,0.0,0.0
64,6,104,105,45,1,0,3,0,0.75,0.0,0.0,0.0
64,6,104,105,46,1,0,3,0,0.75,0.0,0.0,0.0
64,6,104,105,47,2,1,3,0,1.2,0.5,0.0,0.5
64,6,104,105,48,1,0,4,0,0.8,0.0,0.0,0.0
64,6,104,105,49,2,1,4,0,1.3333333333333333,0.5,0.0,0.5
64,6,104,105,50,1,0,5,0,0.8333333333333334,0.0,0.0,0.0
64,6,104,105,51,1,0,5,0,0.8333333333333334,0.0,0.0,0.0
64,6,112,113,38,3,0,1,0,0.75,0.0,0.0,0.0
64,6,112,113,39,3,1,2,0,1.2,0.3333333333333333,0.0,0.3333333333333333
64,6,112,113,40,2,0,2,0,1.0,0.0,0.0,0.0
64,6,112,113,41,1,0,3,0,0.75,0.0,0.0,0.0
64,6,112,113,43,1,0,3,0,0.75,0.0,0.0,0.0
64,6,112,113,44,1,0,3,0,0.75,0.0,0.0,0.0
64,6,112,113,45,1,0,3,0,0.75,0.0,0.0,0.0
64,6,112,113,46,1,0,3,0,0.75,0.0,0.0,0.0
64,6,112,113,47,2,1,3,0,1.2,0.5,0.0,0.5
64,6,112,113,49,3,1,3,0,1.5,0.3333333333333333,0.0,0.3333333333333333
64,6,112,113,50,1,0,5,0,0.8333333333333334,0.0,0.0,0.0
64,6,112,113,51,1,0,5,0,0.8333333333333334,0.0,0.0,0.0
64,6,120,121,38,1,0,1,0,0.5,0.0,0.0,0.0
64,6,120,121,39,2,0,1,0,0.6666666666666666,0.0,0.0,0.0
64,6,120,121,40,1,0,2,0,0.6666666666666666,0.0,0.0,0.0
64,6,120,121,41,2,0,2,0,1.0,0.0,0.0,0.0
64,6,120,121,43,1,0,3,0,0.75,0.0,0.0,0.0
64,6,120,121,44,1,0,3,0,0.75,0.0,0.0,0.0
64,6,120,121,45,1,0,3,0,0.75,0.0,0.0,0.0
64,6,120,121,46,1,0,3,0,0.75,0.0,0.0,0.0
64,6,120,121,47,1,0,3,0,0.75,0.0,0.0,0.0
64,6,120,121,48,1,0,3,0,0.75,0.0,0.0,0.0
64,6,120,121,49,3,1,3,0,1.5,0.3333333333333333,0.0,0.3333333333333333
64,6,120,121,51,2,0,4,0,1.3333333333333333,0.0,0.0,0.0
64,6,128,129,39,2,2,1,0,0.6666666666666666,1.0,0.0,1.0
64,6,128,129,41,2,1,2,0,1.0,0.5,0.0,0.5
64,6,128,129,43,1,1,3,0,0.75,1.0,0.0,1.0
64,6,128,129,45,1,0,2,0,0.6666666666666666,0.0,0.0,0.0
64,6,128,129,46,1,0,2,0,0.6666666666666666,0.0,0.0,0.0
64,6,128,129,47,1,0,2,0,0.6666666666666666,0.0,0.0,0.0
64,6,128,129,48,1,0,2,0,0.6666666666666666,0.0,0.0,0.0
64,6,128,129,49,2,1,2,0,1.0,0.5,0.0,0.5
64,6,128,129,50,1,0,3,0,0.75,0.0,0.0,0.0
64,6,128,129,51,3,1,3,0,1.5,0.3333333333333333,0.0,0.3333333333333333
64,6,136,137,41,2,1,1,0,0.6666666666666666,0.5,0.0,0.5
64,6,136,137,43,1,0,2,0,0.6666666666666666,0.0,0.0,0.0
64,6,136,137,45,1,0,1,0,0.5,0.0,0.0,0.0
64,6,136,137,46,1,0,1,0,0.5,0.0,0.0,0.0
64,6,136,137,47,1,0,1,0,0.5,0.0,0.0,0.0
64,6,136,137,48,1,0,1,0,0.5,0.0,0.0,0.0
64,6,136,137,49,1,0,1,0,0.5,0.0,0.0,0.0
64,6,136,137,50,1,0,1,0,0.5,0.0,0.0,0.0
64,6,136,137,51,3,2,1,0,0.75,0.6666666666666666,0.0,0.6666666666666666
64,6,136,137,52,2,0,2,0,1.0,0.0,0.0,0.0
64,6,136,137,53,2,0,2,0,1.0,0.0,0.0,0.0
64,6,144,145,43,1,0,1,0,0.5,0.0,0.0,0.0
64,7,8,9,9,26,25,2,0,1.8571428571428572,0.9615384615384616,0.0,0.9615384615384616
64,7,16,17,12,1,0,1,0,0.5,0.0,0.0,0.0
64,7,16,17,13,28,24,2,0,1.8666666666666667,0.8571428571428571,0.0,0.8571428571428571
64,7,16,17,14,1,0,30,0,0.967741935483871,0.0,0.0,0.0
64,7,24,25,14,2,0,1,0,0.6666666666666666,0.0,0.0,0.0
64,7,24,25,15,9,1,1,0,0.9,0.1111111111111111,0.0,0.1111111111111111
64,7,24,25,16,8,0,6,0,3.4285714285714284,0.0,0.0,0.0
64,7,24,25,17,14,6,10,0,5.833333333333333,0.42857142857142855,0.0,0.42857142857142855
64,7,24,25,18,1,0,21,0,0.9545454545454546,0.0,0.0,0.0
64,7,32,33,17,11,2,1,0,0.9166666666666666,0.18181818181818182,0.0,0.18181818181818182
64,7,32,33,18,9,0,7,0,3.9375,0.0,0.0,0.0
64,7,32,33,19,6,2,11,0,3.8823529411764706,0.3333333333333333,0.0,0.3333333333333333
64,7,32,33,20,2,0,13,0,1.7333333333333334,0.0,0.0,0.0
64,7,40,41,20,4,0,7,0,2.5454545454545454,0.0,0.0,0.0
64,7,40,41,21,5,2,7,0,2.9166666666666665,0.4,0.0,0.4
64,7,48,49,21,4,3,2,0,1.3333333333333333,0.75,0.0,0.75
64,7,48,49,22,1,0,3,0,0.75,0.0,0.0,0.0
64,7,48,49,23,5,2,1,0,0.8333333333333334,0.4,0.0,0.4
64,8,16,17,13,13,11,1,0,0.9285714285714286,0.8461538461538461,0.0,0.8461538461538461
64,8,16,17,14,1,0,13,0,0.9285714285714286,0.0,0.0,0.0
64,8,24,25,16,3,0,4,0,1.7142857142857142,0.0,0.0,0.0
64,8,24,25,17,7,2,3,0,2.1,0.2857142857142857,0.0,0.2857142857142857
64,8,24,25,18,1,0,9,0,0.9,0.0,0.0,0.0
64,8,24,25,19,3,1,9,0,2.25,0.3333333333333333,0.0,0.3333333333333333
64,8,32,33,17,3,2,1,0,0.75,0.6666666666666666,0.0,0.6666666666666666
64,8,32,33,18,4,0,2,0,1.3333333333333333,0.0,0.0,0.0
64,8,32,33,19,4,2,4,0,2.0,0.5,0.0,0.5
64,8,32,33,20,1,0,6,0,0.8571428571428571,0.0,0.0,0.0
64,8,32,33,21,7,4,5,0,2.9166666666666665,0.5714285714285714,0.0,0.5714285714285714
64,8,40,41,20,1,0,4,0,0.8,0.0,0.0,0.0
64,8,40,41,21,4,2,3,0,1.7142857142857142,0.5,0.0,0.5
64,8,40,41,22,2,0,5,0,1.4285714285714286,0.0,0.0,0.0
64,8,40,41,23,7,5,5,0,2.9166666666666665,0.7142857142857143,0.0,0.7142857142857143
64,8,40,41,25,4,2,9,0,2.769230769230769,0.5,0.0,0.5
64,8,48,49,22,1,0,4,0,0.8,0.0,0.0,0.0
64,8,48,49,23,4,1,4,0,2.0,0.25,0.0,0.25
64,8,48,49,25,5,3,7,0,2.9166666666666665,0.6,0.0,0.6
64,8,48,49,27,4,3,11,0,2.933333333333333,0.75,0.0,0.75
64,8,48,49,29,2,0,12,0,1.7142857142857142,0.0,0.0,0.0
64,8,48,49,33,1,1,10,0,0.9090909090909091,1.0,0.0,1.0
64,8,48,49,34,1,0,9,0,0.9,0.0,0.0,0.0
64,8,48,49,35,4,1,8,0,2.6666666666666665,0.25,0.0,0.25
64,8,48,49,36,1,0,11,0,0.9166666666666666,0.0,0.0,0.0
64,8,48,49,37,2,0,11,0,1.6923076923076923,0.0,0.0,0.0
64,8,56,57,25,5,1,3,0,1.875,0.2,0.0,0.2
64,8,56,57,26,1,0,8,0,0.8888888888888888,0.0,0.0,0.0
64,8,56,57,27,3,2,9,0,2.25,0.6666666666666666,0.0,0.6666666666666666
64,8,56,57,29,4,2,9,0,2.769230769230769,0.5,0.0,0.5
64,8,56,57,31,4,1,8,0,2.6666666666666665,0.25,0.0,0.25
64,8,56,57,36,1,0,7,0,0.875,0.0,0.0,0.0
64,8,56,57,37,2,0,7,0,1.5555555555555556,0.0,0.0,0.0
64,8,56,57,38,1,0,8,0,0.8888888888888888,0.0,0.0,0.0
64,8,56,57,39,4,3,8,0,2.6666666666666665,0.75,0.0,0.75
64,8,56,57,40,1,0,10,0,0.9090909090909091,0.0,0.0,0.0
64,8,56,57,41,3,0,9,0,2.25,0.0,0.0,0.0
64,8,56,57,43,1,1,12,0,0.9230769230769231,1.0,0.0,1.0
64,8,64,65,26,2,0,3,0,1.2,0.0,0.0,0.0
64,8,64,65,27,3,2,5,0,1.875,0.6666666666666666,0.0,0.6666666666666666
64,8,64,65,28,1,0,7,0,0.875,0.0,0.0,0.0
64,8,64,65,29,3,1,6,0,2.0,0.3333333333333333,0.0,0.3333333333333333
64,8,64,65,30,2,0,7,0,1.5555555555555556,0.0,0.0,0.0
64,8,64,65,31,4,2,6,0,2.4,0.5,0.0,0.5
64,8,64,65,32,1,0,8,0,0.8888888888888888,0.0,0.0,0.0
64,8,64,65,33,3,1,7,0,2.1,0.3333333333333333,0.0,0.3333333333333333
64,8,64,65,37,2,1,6,0,1.5,0.5,0.0,0.5
64,8,64,65,38,2,0,6,0,1.5,0.0,0.0,0.0
64,8,64,65,39,5,2,6,0,2.727272727272727,0.4,0.0,0.4
64,8,64,65,40,2,0,9,0,1.6363636363636365,0.0,0.0,0.0
64,8,64,65,41,3,0,9,0,2.25,0.0,0.0,0.0
64,8,64,65,43,1,1,12,0,0.9230769230769231,1.0,0.0,1.0
64,8,64,65,45,2,0,11,0,1.6923076923076923,0.0,0.0,0.0
64,8,72,73,28,1,0,4,0,0.8,0.0,0.0,0.0
64,8,72,73,29,2,0,2,0,1.0,0.0,0.0,0.0
64,8,72,73,30,2,0,2,0,1.0,0.0,0.0,0.0
64,8,72,73,31,6,3,1,0,0.8571428571428571,0.5,0.0,0.5
64,8,72,73,32,1,0,5,0,0.8333333333333334,0.0,0.0,0.0
64,8,72,73,33,3,2,4,0,1.7142857142857142,0.6666666666666666,0.0,0.6666666666666666
64,8,72,73,34,2,0,5,0,1.4285714285714286,0.0,0.0,0.0
64,8,72,73,35,3,1,5,0,1.875,0.3333333333333333,0.0,0.3333333333333333
64,8,72,73,37,3,3,6,0,2.0,1.0,0.0,1.0
64,8,72,73,38,1,0,8,0,0.8888888888888888,0.0,0.0,0.0
64,8,72,73,39,3,3,8,0,2.1818181818181817,1.0,0.0,1.0
64,8,72,73,40,2,0,9,0,1.6363636363636365,0.0,0.0,0.0
64,8,72,73,41,3,0,9,0,2.25,0.0,0.0,0.0
64,8,72,73,43,1,0,12,0,0.9230769230769231,0.0,0.0,0.0
64,8,72,73,45,2,0,11,0,1.6923076923076923,0.0,0.0,0.0
64,8,80,81,29,2,1,1,0,0.6666666666666666,0.5,0.0,0.5
64,8,80,81,33,2,0,1,0,0.6666666666666666,0.0,0.0,0.0
64,8,80,81,34,2,0,1,0,0.6666666666666666,0.0,0.0,0.0
64,8,80,81,35,4,2,1,0,0.8,0.5,0.0,0.5
64,8,80,81,36,1,0,3,0,0.75,0.0,0.0,0.0
64,8,80,81,37,6,3,2,0,1.5,0.5,0.0,0.5
64,8,80,81,39,4,2,6,0,2.4,0.5,0.0,0.5
64,8,80,81,40,2,0,9,0,1.6363636363636365,0.0,0.0,0.0
64,8,80,81,41,3,0,9,0,2.25,0.0,0.0,0.0
64,8,80,81,43,1,0,12,0,0.9230769230769231,0.0,0.0,0.0
64,8,80,81,53,1,0,2,0,0.6666666666666666,0.0,0.0,0.0
64,8,80,81,55,1,1,1,0,0.5,1.0,0.0,1.0
64,8,88,89,38,3,0,2,0,1.2,0.0,0.0,0.0
64,8,88,89,39,6,3,3,0,2.0,0.5,0.0,0.5
64,8,88,89,40,2,0,8,0,1.6,0.0,0.0,0.0
64,8,88,89,41,3,1,9,0,2.25,0.3333333333333333,0.0,0.3333333333333333
64,8,88,89,43,1,0,12,0,0.9230769230769231,0.0,0.0,0.0
64,8,88,89,53,1,0,2,0,0.6666666666666666,0.0,0.0,0.0
64,8,88,89,57,3,1,2,0,1.2,0.3333333333333333,0.0,0.3333333333333333
64,8,88,89,59,3,1,4,0,1.7142857142857142,0.3333333333333333,0.0,0.3333333333333333
64,8,88,89,63,2,1,10,1,1.6666666666666667,0.5,0.1,0.4
64,8,88,89,65,2,1,13,1,1.7333333333333334,0.5,0.07692307692307693,0.4230769230769231
64,8,96,97,38,2,0,1,0,0.6666666666666666,0.0,0.0,0.0
64,8,96,97,39,2,0,2,0,1.0,0.0,0.0,0.0
64,8,96,97,40,3,0,3,0,1.5,0.0,0.0,0.0
64,8,96,97,41,7,2,4,0,2.5454545454545454,0.2857142857142857,0.0,0.2857142857142857
64,8,96,97,42,2,0,10,0,1.6666666666666667,0.0,0.0,0.0
64,8,96,97,43,1,0,12,0,0.9230769230769231,0.0,0.0,0.0
64,8,96,97,54,1,0,2,0,0.6666666666666666,0.0,0.0,0.0
64,8,96,97,58,2,0,1,0,0.6666666666666666,0.0,0.0,0.0
64,8,96,97,59,2,0,2,0,1.0,0.0,0.0,0.0
64,8,96,97,60,2,0,3,0,1.2,0.0,0.0,0.0
64,8,96,97,61,2,1,4,0,1.3333333333333333,0.5,0.0,0.5
64,8,96,97,62,3,0,5,0,1.875,0.0,0.0,0.0
64,8,96,97,63,2,1,7,0,1.5555555555555556,0.5,0.0,0.5
64,8,96,97,64,2,0,8,0,1.6,0.0,0.0,0.0
64,8,96,97,65,2,0,10,0,1.6666666666666667,0.0,0.0,0.0
64,8,96,97,66,2,0,12,0,1.7142857142857142,0.0,0.0,0.0
64,8,96,97,67,2,0,14,0,1.75,0.0,0.0,0.0
64,8,96,97,68,2,0,16,0,1.7777777777777777,0.0,0.0,0.0
64,8,96,97,69,2,0,18,0,1.8,0.0,0.0,0.0
64,8,96,97,70,2,1,19,0,1.8095238095238095,0.5,0.0,0.5
64,8,96,97,71,2,0,20,0,1.8181818181818181,0.0,0.0,0.0
64,8,104,105,39,2,2,1,0,0.6666666666666666,1.0,0.0,1.0
64,8,104,105,40,1,0,2,0,0.6666666666666666,0.0,0.0,0.0
64,8,104,105,41,4,3,3,0,1.7142857142857142,0.75,0.0,0.75
64,8,104,105,43,8,3,5,0,3.076923076923077,0.375,0.0,0.375
64,8,104,105,55,1,0,1,0,0.5,0.0,0.0,0.0
64,8,104,105,59,2,0,1,0,0.6666666666666666,0.0,0.0,0.0
64,8,104,105,60,2,0,2,0,1.0,0.0,0.0,0.0
64,8,104,105,61,2,0,3,0,1.2,0.0,0.0,0.0
64,8,104,105,62,2,0,4,0,1.3333333333333333,0.0,0.0,0.0
64,8,104,105,63,3,0,5,0,1.875,0.0,0.0,0.0
64,8,104,105,64,2,0,7,0,1.5555555555555556,0.0,0.0,0.0
64,8,104,105,65,2,0,9,0,1.6363636363636365,0.0,0.0,0.0
64,8,104,105,66,2,0,11,0,1.6923076923076923,0.0,0.0,0.0
64,8,104,105,67,2,0,13,0,1.7333333333333334,0.0,0.0,0.0
64,8,104,105,68,2,0,15,0,1.7647058823529411,0.0,0.0,0.0
64,8,104,105,69,2,1,17,0,1.7894736842105263,0.5,0.0,0.5
64,8,104,105,70,1,0,18,0,0.9473684210526315,0.0,0.0,0.0
64,8,104,105,71,1,0,19,0,0.95,0.0,0.0,0.0
64,8,104,105,72,1,0,20,0,0.9523809523809523,0.0,0.0,0.0
64,8,112,113,41,1,0,1,0,0.5,0.0,0.0,0.0
64,8,112,113,42,3,0,2,0,1.2,0.0,0.0,0.0
64,8,112,113,43,4,1,3,0,1.7142857142857142,0.25,0.0,0.25
64,8,112,113,44,2,0,6,0,1.5,0.0,0.0,0.0
64,8,112,113,45,6,3,5,0,2.727272727272727,0.5,0.0,0.5
64,8,112,113,47,4,2,5,0,2.2222222222222223,0.5,0.0,0.5
64,8,112,113,55,1,1,1,0,0.5,1.0,0.0,1.0
64,8,112,113,59,1,1,1,0,0.5,1.0,0.0,1.0
64,8,112,113,60,2,0,1,0,0.6666666666666666,0.0,0.0,0.0
64,8,112,113,61,2,0,2,0,1.0,0.0,0.0,0.0
64,8,112,113,62,2,0,3,0,1.2,0.0,0.0,0.0
64,8,112,113,63,3,1,4,0,1.7142857142857142,0.3333333333333333,0.0,0.3333333333333333
64,8,112,113,64,2,0,6,0,1.5,0.0,0.0,0.0
64,8,112,113,65,3,1,8,0,2.1818181818181817,0.3333333333333333,0.0,0.3333333333333333
64,8,112,113,66,1,0,11,0,0.9166666666666666,0.0,0.0,0.0
64,8,112,113,67,3,1,12,0,2.4,0.3333333333333333,0.0,0.3333333333333333
64,8,112,113,68,1,0,15,0,0.9375,0.0,0.0,0.0
64,8,112,113,69,2,1,16,0,1.7777777777777777,0.5,0.0,0.5
64,8,112,113,70,1,0,18,0,0.9473684210526315,0.0,0.0,0.0
64,8,112,113,71,1,1,19,0,0.95,1.0,0.0,1.0
64,8,112,113,72,1,0,20,0,0.9523809523809523,0.0,0.0,0.0
64,8,120,121,42,2,0,1,0,0.6666666666666666,0.0,0.0,0.0
64,8,120,121,43,3,1,2,0,1.2,0.3333333333333333,0.0,0.3333333333333333
64,8,120,121,44,3,0,3,0,1.5,0.0,0.0,0.0
64,8,120,121,45,4,1,2,0,1.3333333333333333,0.25,0.0,0.25
64,8,120,121,46,3,0,2,0,1.2,0.0,0.0,0.0
64,8,120,121,47,4,0,1,0,0.8,0.0,0.0,0.0
64,8,120,121,48,2,0,3,0,1.2,0.0,0.0,0.0
64,8,120,121,49,3,1,3,0,1.5,0.3333333333333333,0.0,0.3333333333333333
64,8,120,121,50,2,0,4,0,1.3333333333333333,0.0,0.0,0.0
64,8,120,121,54,1,0,2,0,0.6666666666666666,0.0,0.0,0.0
64,8,120,121,64,2,0,1,0,0.6666666666666666,0.0,0.0,0.0
64,8,120,121,65,3,0,3,0,1.5,0.0,0.0,0.0
64,8,120,121,66,3,0,5,0,1.875,0.0,0.0,0.0
64,8,120,121,67,5,3,7,0,2.9166666666666665,0.6,0.0,0.6
64,8,120,121,68,1,0,12,0,0.9230769230769231,0.0,0.0,0.0
64,8,120,121,69,4,3,12,0,3.0,0.75,0.0,0.75
64,8,120,121,71,5,4,13,0,3.611111111111111,0.8,0.0,0.8
64,8,120,121,73,3,3,18,2,2.5714285714285716,1.0,0.1111111111111111,0.8888888888888888
64,8,128,129,43,2,1,1,0,0.6666666666666666,0.5,0.0,0.5
64,8,128,129,44,2,0,1,0,0.6666666666666666,0.0,0.0,0.0
64,8,128,129,45,3,1,1,0,0.75,0.3333333333333333,0.0,0.3333333333333333
64,8,128,129,46,2,0,1,0,0.6666666666666666,0.0,0.0,0.0
64,8,128,129,50,2,0,2,0,1.0,0.0,0.0,0.0
64,8,128,129,51,3,1,2,0,1.2,0.3333333333333333,0.0,0.3333333333333333
64,8,128,129,54,1,0,2,0,0.6666666666666666,0.0,0.0,0.0
64,8,128,129,67,1,1,7,0,0.875,1.0,0.0,1.0
64,8,128,129,69,1,0,11,0,0.9166666666666666,0.0,0.0,0.0
64,8,128,129,78,1,0,15,0,0.9375,0.0,0.0,0.0
64,8,136,137,53,2,0,1,0,0.6666666666666666,0.0,0.0,0.0
64,8,136,137,54,1,0,2,0,0.6666666666666666,0.0,0.0,0.0
64,8,136,137,69,1,0,11,0,0.9166666666666666,0.0,0.0,0.0
64,8,144,145,53,1,0,1,0,0.5,0.0,0.0,0.0
64,8,144,145,69,1,1,11,0,0.9166666666666666,1.0,0.0,1.0
64,8,152,153,66,4,0,1,0,0.8,0.0,0.0,0.0
64,8,160,161,67,3,1,2,0,1.2,0.3333333333333333,0.0,0.3333333333333333
64,8,160,161,68,3,0,5,0,1.875,0.0,0.0,0.0
64,8,160,161,69,2,0,8,0,1.6,0.0,0.0,0.0
64,8,160,161,70,2,0,9,0,1.6363636363636365,0.0,0.0,0.0
64,8,160,161,71,2,0,10,0,1.6666666666666667,0.0,0.0,0.0
64,8,160,161,72,2,0,11,0,1.6923076923076923,0.0,0.0,0.0
64,8,160,161,73,2,0,12,0,1.7142857142857142,0.0,0.0,0.0
64,8,160,161,74,2,0,12,0,1.7142857142857142,0.0,0.0,0.0
64,8,160,161,75,2,0,12,0,1.7142857142857142,0.0,0.0,0.0
64,8,160,161,76,2,0,12,0,1.7142857142857142,0.0,0.0,0.0
64,8,160,161,77,2,0,12,0,1.7142857142857142,0.0,0.0,0.0
64,8,160,161,78,2,0,12,0,1.7142857142857142,0.0,0.0,0.0
64,8,160,161,79,3,0,12,0,2.4,0.0,0.0,0.0
64,8,168,169,68,2,0,4,0,1.3333333333333333,0.0,0.0,0.0
64,8,168,169,69,2,0,6,0,1.5,0.0,0.0,0.0
64,8,168,169,70,2,0,7,0,1.5555555555555556,0.0,0.0,0.0
64,8,168,169,71,2,0,8,0,1.6,0.0,0.0,0.0
64,8,168,169,72,2,0,9,0,1.6363636363636365,0.0,0.0,0.0
64,8,168,169,73,2,0,10,0,1.6666666666666667,0.0,0.0,0.0
64,8,168,169,74,2,0,10,0,1.6666666666666667,0.0,0.0,0.0
64,8,168,169,75,2,0,10,0,1.6666666666666667,0.0,0.0,0.0
64,8,168,169,76,2,0,10,0,1.6666666666666667,0.0,0.0,0.0
64,8,168,169,77,2,0,10,0,1.6666666666666667,0.0,0.0,0.0
64,8,168,169,78,2,0,10,0,1.6666666666666667,0.0,0.0,0.0
64,8,168,169,79,2,0,10,0,1.6666666666666667,0.0,0.0,0.0
64,8,168,169,80,2,0,10,0,1.6666666666666667,0.0,0.0,0.0
64,8,168,169,81,2,0,10,0,1.6666666666666667,0.0,0.0,0.0
64,8,176,177,68,2,0,2,0,1.0,0.0,0.0,0.0
64,8,176,177,69,2,0,4,0,1.3333333333333333,0.0,0.0,0.0
64,8,176,177,70,2,0,5,0,1.4285714285714286,0.0,0.0,0.0
64,8,176,177,71,2,0,6,0,1.5,0.0,0.0,0.0
64,8,176,177,72,2,0,7,0,1.5555555555555556,0.0,0.0,0.0
64,8,176,177,73,2,0,8,0,1.6,0.0,0.0,0.0
64,8,176,177,74,2,0,8,0,1.6,0.0,0.0,0.0
64,8,176,177,75,3,1,8,0,2.1818181818181817,0.3333333333333333,0.0,0.3333333333333333
64,8,176,177,76,2,0,9,0,1.6363636363636365,0.0,0.0,0.0
64,8,176,177,77,2,0,9,0,1.6363636363636365,0.0,0.0,0.0
64,8,176,177,78,2,0,9,0,1.6363636363636365,0.0,0.0,0.0
64,8,176,177,79,2,0,9,0,1.6363636363636365,0.0,0.0,0.0
64,8,176,177,80,3,1,9,0,2.25,0.3333333333333333,0.0,0.3333333333333333
64,8,176,177,81,2,1,10,0,1.6666666666666667,0.5,0.0,0.5
64,8,184,185,68,2,0,1,0,0.6666666666666666,0.0,0.0,0.0
64,8,184,185,69,2,0,3,0,1.2,0.0,0.0,0.0
64,8,184,185,70,2,0,4,0,1.3333333333333333,0.0,0.0,0.0
64,8,184,185,71,3,0,5,0,1.875,0.0,0.0,0.0
64,8,184,185,72,2,0,7,0,1.5555555555555556,0.0,0.0,0.0
64,8,184,185,73,2,0,8,0,1.6,0.0,0.0,0.0
64,8,184,185,74,2,0,8,0,1.6,0.0,0.0,0.0
64,8,184,185,75,2,0,8,0,1.6,0.0,0.0,0.0
64,8,184,185,76,2,0,8,0,1.6,0.0,0.0,0.0
64,8,184,185,77,2,0,8,0,1.6,0.0,0.0,0.0
64,8,184,185,78,2,0,8,0,1.6,0.0,0.0,0.0
64,8,184,185,79,2,0,8,0,1.6,0.0,0.0,0.0
64,8,184,185,80,2,0,8,0,1.6,0.0,0.0,0.0
64,8,184,185,81,2,0,8,0,1.6,0.0,0.0,0.0
64,8,184,185,82,2,0,8,0,1.6,0.0,0.0,0.0
64,8,192,193,68,2,0,1,0,0.6666666666666666,0.0,0.0,0.0
64,8,192,193,69,3,1,3,0,1.5,0.3333333333333333,0.0,0.3333333333333333
64,8,192,193,70,2,0,5,0,1.4285714285714286,0.0,0.0,0.0
64,8,192,193,71,2,0,6,0,1.5,0.0,0.0,0.0
64,8,192,193,72,2,0,7,0,1.5555555555555556,0.0,0.0,0.0
64,8,192,193,73,2,0,8,0,1.6,0.0,0.0,0.0
64,8,192,193,74,2,0,8,0,1.6,0.0,0.0,0.0
64,8,192,193,75,2,0,8,0,1.6,0.0,0.0,0.0
64,8,192,193,76,2,0,8,0,1.6,0.0,0.0,0.0
64,8,192,193,77,2,0,8,0,1.6,0.0,0.0,0.0
64,8,192,193,78,2,0,8,0,1.6,0.0,0.0,0.0
64,8,192,193,79,3,1,8,0,2.1818181818181817,0.3333333333333333,0.0,0.3333333333333333
64,8,192,193,80,1,0,9,0,0.9,0.0,0.0,0.0
64,8,192,193,81,2,0,8,0,1.6,0.0,0.0,0.0
64,8,192,193,82,2,0,8,0,1.6,0.0,0.0,0.0
64,8,200,201,68,1,0,2,0,0.6666666666666666,0.0,0.0,0.0
64,8,200,201,69,3,0,3,0,1.5,0.0,0.0,0.0
64,8,200,201,70,2,0,5,0,1.4285714285714286,0.0,0.0,0.0
64,8,200,201,71,2,0,6,0,1.5,0.0,0.0,0.0
64,8,200,201,72,2,0,7,0,1.5555555555555556,0.0,0.0,0.0
64,8,200,201,73,2,0,8,0,1.6,0.0,0.0,0.0
64,8,200,201,74,2,0,8,0,1.6,0.0,0.0,0.0
64,8,200,201,75,2,0,8,0,1.6,0.0,0.0,0.0
64,8,200,201,76,2,0,8,0,1.6,0.0,0.0,0.0
64,8,200,201,77,2,0,8,0,1.6,0.0,0.0,0.0
64,8,200,201,78,2,0,8,0,1.6,0.0,0.0,0.0
64,8,200,201,79,2,0,8,0,1.6,0.0,0.0,0.0
64,8,200,201,80,2,0,8,0,1.6,0.0,0.0,0.0
64,8,200,201,81,2,0,8,0,1.6,0.0,0.0,0.0
64,8,200,201,82,2,0,8,0,1.6,0.0,0.0,0.0
64,8,208,209,68,2,0,2,0,1.0,0.0,0.0,0.0
64,8,208,209,69,2,0,4,0,1.3333333333333333,0.0,0.0,0.0
64,8,208,209,70,2,0,5,0,1.4285714285714286,0.0,0.0,0.0
64,8,208,209,71,2,0,6,0,1.5,0.0,0.0,0.0
64,8,208,209,72,2,0,7,0,1.5555555555555556,0.0,0.0,0.0
64,8,208,209,73,2,0,8,0,1.6,0.0,0.0,0.0
64,8,208,209,74,2,0,8,0,1.6,0.0,0.0,0.0
64,8,208,209,75,2,0,8,0,1.6,0.0,0.0,0.0
64,8,208,209,76,2,0,8,0,1.6,0.0,0.0,0.0
64,8,208,209,77,2,0,8,0,1.6,0.0,0.0,0.0
64,8,208,209,78,2,0,8,0,1.6,0.0,0.0,0.0
64,8,208,209,79,2,0,8,0,1.6,0.0,0.0,0.0
64,8,208,209,80,2,0,8,0,1.6,0.0,0.0,0.0
64,8,208,209,81,2,0,8,0,1.6,0.0,0.0,0.0
64,8,208,209,82,2,0,8,0,1.6,0.0,0.0,0.0
64,8,216,217,68,2,0,2,0,1.0,0.0,0.0,0.0
64,8,216,217,69,2,0,4,0,1.3333333333333333,0.0,0.0,0.0
64,8,216,217,70,2,0,5,0,1.4285714285714286,0.0,0.0,0.0
64,8,216,217,71,2,0,6,0,1.5,0.0,0.0,0.0
64,8,216,217,72,2,0,7,0,1.5555555555555556,0.0,0.0,0.0
64,8,216,217,73,2,0,8,0,1.6,0.0,0.0,0.0
64,8,216,217,74,2,0,8,0,1.6,0.0,0.0,0.0
64,8,216,217,75,2,0,8,0,1.6,0.0,0.0,0.0
64,8,216,217,76,2,0,8,0,1.6,0.0,0.0,0.0
64,8,216,217,77,2,0,8,0,1.6,0.0,0.0,0.0
64,8,216,217,78,2,0,8,0,1.6,0.0,0.0,0.0
64,8,216,217,79,2,0,8,0,1.6,0.0,0.0,0.0
64,8,216,217,80,2,0,8,0,1.6,0.0,0.0,0.0
64,8,216,217,81,2,0,8,0,1.6,0.0,0.0,0.0
64,8,216,217,82,2,0,8,0,1.6,0.0,0.0,0.0
64,8,224,225,68,2,0,2,0,1.0,0.0,0.0,0.0
64,8,224,225,69,2,0,4,0,1.3333333333333333,0.0,0.0,0.0
64,8,224,225,70,2,0,5,0,1.4285714285714286,0.0,0.0,0.0
64,8,224,225,71,2,0,6,0,1.5,0.0,0.0,0.0
64,8,224,225,72,2,0,7,0,1.5555555555555556,0.0,0.0,0.0
64,8,224,225,73,2,0,8,0,1.6,0.0,0.0,0.0
64,8,224,225,74,2,0,8,0,1.6,0.0,0.0,0.0
64,8,224,225,75,2,0,8,0,1.6,0.0,0.0,0.0
64,8,224,225,76,2,0,8,0,1.6,0.0,0.0,0.0
64,8,224,225,77,2,0,8,0,1.6,0.0,0.0,0.0
64,8,224,225,78,2,0,8,0,1.6,0.0,0.0,0.0
64,8,224,225,79,2,0,8,0,1.6,0.0,0.0,0.0
64,8,224,225,80,2,0,8,0,1.6,0.0,0.0,0.0
64,8,224,225,81,2,0,8,0,1.6,0.0,0.0,0.0
64,8,224,225,82,2,0,8,0,1.6,0.0,0.0,0.0
64,8,232,233,68,2,0,2,0,1.0,0.0,0.0,0.0
64,8,232,233,69,2,0,4,0,1.3333333333333333,0.0,0.0,0.0
64,8,232,233,70,2,0,5,0,1.4285714285714286,0.0,0.0,0.0
64,8,232,233,71,2,0,6,0,1.5,0.0,0.0,0.0
64,8,232,233,72,2,0,7,0,1.5555555555555556,0.0,0.0,0.0
64,8,232,233,73,2,0,8,0,1.6,0.0,0.0,0.0
64,8,232,233,74,2,0,8,0,1.6,0.0,0.0,0.0
64,8,232,233,75,2,0,8,0,1.6,0.0,0.0,0.0
64,8,232,233,76,2,0,8,0,1.6,0.0,0.0,0.0
64,8,232,233,77,3,0,8,0,2.1818181818181817,0.0,0.0,0.0
64,8,232,233,78,3,0,8,0,2.1818181818181817,0.0,0.0,0.0
64,8,232,233,79,2,0,8,0,1.6,0.0,0.0,0.0
64,8,232,233,80,2,0,8,0,1.6,0.0,0.0,0.0
64,8,232,233,81,2,0,8,0,1.6,0.0,0.0,0.0
64,8,232,233,82,2,0,8,0,1.6,0.0,0.0,0.0
64,8,240,241,68,2,0,2,0,1.0,0.0,0.0,0.0
64,8,240,241,69,2,0,4,0,1.3333333333333333,0.0,0.0,0.0
64,8,240,241,70,2,0,5,0,1.4285714285714286,0.0,0.0,0.0
64,8,240,241,71,2,0,6,0,1.5,0.0,0.0,0.0
64,8,240,241,72,2,0,7,0,1.5555555555555556,0.0,0.0,0.0
64,8,240,241,73,2,0,8,0,1.6,0.0,0.0,0.0
64,8,240,241,74,2,0,8,0,1.6,0.0,0.0,0.0
64,8,240,241,75,3,0,8,0,2.1818181818181817,0.0,0.0,0.0
64,8,240,241,76,3,0,8,0,2.1818181818181817,0.0,0.0,0.0
64,8,240,241,77,3,0,8,0,2.1818181818181817,0.0,0.0,0.0
64,8,240,241,78,3,0,8,0,2.1818181818181817,0.0,0.0,0.0
64,8,240,241,79,2,0,8,0,1.6,0.0,0.0,0.0
64,8,240,241,80,2,0,8,0,1.6,0.0,0.0,0.0
64,8,240,241,81,2,0,8,0,1.6,0.0,0.0,0.0
64,8,240,241,82,2,0,8,0,1.6,0.0,0.0,0.0
64,8,248,249,68,1,0,1,0,0.5,0.0,0.0,0.0
64,8,248,249,69,4,1,2,0,1.3333333333333333,0.25,0.0,0.25
64,8,248,249,70,2,0,5,0,1.4285714285714286,0.0,0.0,0.0
64,8,248,249,71,2,0,6,0,1.5,0.0,0.0,0.0
64,8,248,249,72,2,0,7,0,1.5555555555555556,0.0,0.0,0.0
64,8,248,249,73,3,0,8,0,2.1818181818181817,0.0,0.0,0.0
64,8,248,249,74,3,0,8,0,2.1818181818181817,0.0,0.0,0.0
64,8,248,249,75,3,0,8,0,2.1818181818181817,0.0,0.0,0.0
64,8,248,249,76,3,0,8,0,2.1818181818181817,0.0,0.0,0.0
64,8,248,249,77,3,0,8,0,2.1818181818181817,0.0,0.0,0.0
64,8,248,249,78,3,0,8,0,2.1818181818181817,0.0,0.0,0.0
64,8,248,249,79,2,0,8,0,1.6,0.0,0.0,0.0
64,8,248,249,80,2,0,8,0,1.6,0.0,0.0,0.0
64,8,248,249,81,2,0,8,0,1.6,0.0,0.0,0.0
64,8,248,249,82,2,0,8,0,1.6,0.0,0.0,0.0
64,9,24,25,16,4,0,4,0,2.0,0.0,0.0,0.0
64,9,24,25,17,7,4,6,0,3.230769230769231,0.5714285714285714,0.0,0.5714285714285714
64,9,24,25,18,1,0,10,0,0.9090909090909091,0.0,0.0,0.0
64,9,24,25,19,6,1,9,0,3.6,0.16666666666666666,0.0,0.16666666666666666
64,9,32,33,18,1,0,4,0,0.8,0.0,0.0,0.0
64,9,32,33,19,6,3,3,0,2.0,0.5,0.0,0.5
64,9,32,33,20,4,0,7,0,2.5454545454545454,0.0,0.0,0.0
64,9,32,33,21,2,0,10,0,1.6666666666666667,0.0,0.0,0.0
64,9,32,33,22,1,0,11,0,0.9166666666666666,0.0,0.0,0.0
64,9,32,33,23,4,2,11,0,2.933333333333333,0.5,0.0,0.5
64,9,40,41,18,2,0,1,0,0.6666666666666666,0.0,0.0,0.0
64,9,40,41,19,4,1,2,0,1.3333333333333333,0.25,0.0,0.25
64,9,40,41,20,2,0,4,0,1.3333333333333333,0.0,0.0,0.0
64,9,40,41,21,5,1,4,0,2.2222222222222223,0.2,0.0,0.2
64,9,40,41,22,3,0,7,0,2.1,0.0,0.0,0.0
64,9,40,41,23,3,1,9,0,2.25,0.3333333333333333,0.0,0.3333333333333333
64,9,40,41,24,1,0,11,0,0.9166666666666666,0.0,0.0,0.0
64,9,40,41,25,3,0,10,0,2.3076923076923075,0.0,0.0,0.0
64,9,40,41,26,2,0,10,0,1.6666666666666667,0.0,0.0,0.0
64,9,48,49,19,2,1,1,0,0.6666666666666666,0.5,0.0,0.5
64,9,48,49,20,2,0,1,0,0.6666666666666666,0.0,0.0,0.0
64,9,48,49,21,4,1,1,0,0.8,0.25,0.0,0.25
64,9,48,49,22,3,0,3,0,1.5,0.0,0.0,0.0
64,9,48,49,23,6,2,4,0,2.4,0.3333333333333333,0.0,0.3333333333333333
64,9,48,49,24,1,0,9,0,0.9,0.0,0.0,0.0
64,9,48,49,25,3,2,8,0,2.1818181818181817,0.6666666666666666,0.0,0.6666666666666666
64,9,48,49,26,2,0,8,0,1.6,0.0,0.0,0.0
64,9,48,49,27,3,2,7,0,2.1,0.6666666666666666,0.0,0.6666666666666666
64,9,48,49,29,1,0,6,0,0.8571428571428571,0.0,0.0,0.0
64,9,48,49,30,1,0,4,0,0.8,0.0,0.0,0.0
64,9,48,49,31,1,0,2,0,0.6666666666666666,0.0,0.0,0.0
64,9,48,49,32,3,0,1,0,0.75,0.0,0.0,0.0
64,9,48,49,33,4,1,2,0,1.3333333333333333,0.25,0.0,0.25
64,9,48,49,34,2,0,5,0,1.4285714285714286,0.0,0.0,0.0
64,9,48,49,35,6,3,5,0,2.727272727272727,0.5,0.0,0.5
64,9,48,49,36,1,0,11,0,0.9166666666666666,0.0,0.0,0.0
64,9,48,49,37,2,1,12,0,1.7142857142857142,0.5,0.0,0.5
64,9,56,57,24,3,0,3,0,1.5,0.0,0.0,0.0
64,9,56,57,25,5,0,3,0,1.875,0.0,0.0,0.0
64,9,56,57,26,1,0,5,0,0.8333333333333334,0.0,0.0,0.0
64,9,56,57,27,3,1,4,0,1.7142857142857142,0.3333333333333333,0.0,0.3333333333333333
64,9,56,57,28,1,0,5,0,0.8333333333333334,0.0,0.0,0.0
64,9,56,57,29,4,2,3,0,1.7142857142857142,0.5,0.0,0.5
64,9,56,57,31,1,1,2,0,0.6666666666666666,1.0,0.0,1.0
64,9,56,57,32,1,0,1,0,0.5,0.0,0.0,0.0
64,9,56,57,34,3,0,4,0,1.7142857142857142,0.0,0.0,0.0
64,9,56,57,35,5,1,5,0,2.5,0.2,0.0,0.2
64,9,56,57,37,2,1,10,0,1.6666666666666667,0.5,0.0,0.5
64,9,56,57,38,2,0,11,0,1.6923076923076923,0.0,0.0,0.0
64,9,56,57,39,3,1,11,0,2.357142857142857,0.3333333333333333,0.0,0.3333333333333333
64,9,56,57,40,1,0,12,0,0.9230769230769231,0.0,0.0,0.0
64,9,56,57,41,3,1,11,0,2.357142857142857,0.3333333333333333,0.0,0.3333333333333333
64,9,56,57,42,1,0,12,0,0.9230769230769231,0.0,0.0,0.0
64,9,56,57,43,2,1,10,0,1.6666666666666667,0.5,0.0,0.5
64,9,64,65,26,3,0,2,0,1.2,0.0,0.0,0.0
64,9,64,65,27,1,1,4,0,0.8,1.0,0.0,1.0
64,9,64,65,28,2,0,3,0,1.2,0.0,0.0,0.0
64,9,64,65,29,2,1,2,0,1.0,0.5,0.0,0.5
64,9,64,65,30,2,0,1,0,0.6666666666666666,0.0,0.0,0.0
64,9,64,65,32,1,0,1,0,0.5,0.0,0.0,0.0
64,9,64,65,34,2,0,4,0,1.3333333333333333,0.0,0.0,0.0
64,9,64,65,35,5,1,5,0,2.5,0.2,0.0,0.2
64,9,64,65,37,3,2,10,0,2.3076923076923075,0.6666666666666666,0.0,0.6666666666666666
64,9,64,65,38,1,0,12,0,0.9230769230769231,0.0,0.0,0.0
64,9,64,65,39,3,1,11,0,2.357142857142857,0.3333333333333333,0.0,0.3333333333333333
64,9,64,65,41,4,1,11,0,2.933333333333333,0.25,0.0,0.25
64,9,64,65,43,3,0,9,0,2.25,0.0,0.0,0.0
64,9,64,65,45,2,0,8,0,1.6,0.0,0.0,0.0
64,9,72,73,32,1,0,1,0,0.5,0.0,0.0,0.0
64,9,72,73,34,2,0,3,0,1.2,0.0,0.0,0.0
64,9,72,73,35,4,0,4,0,2.0,0.0,0.0,0.0
64,9,72,73,36,1,0,7,0,0.875,0.0,0.0,0.0
64,9,72,73,37,5,3,7,0,2.9166666666666665,0.6,0.0,0.6
64,9,72,73,39,3,1,11,0,2.357142857142857,0.3333333333333333,0.0,0.3333333333333333
64,9,72,73,40,1,0,13,0,0.9285714285714286,0.0,0.0,0.0
64,9,72,73,41,3,1,12,0,2.4,0.3333333333333333,0.0,0.3333333333333333
64,9,72,73,43,3,0,9,0,2.25,0.0,0.0,0.0
64,9,72,73,45,2,2,8,0,1.6,1.0,0.0,1.0
64,9,80,81,34,2,0,2,0,1.0,0.0,0.0,0.0
64,9,80,81,35,3,0,3,0,1.5,0.0,0.0,0.0
64,9,80,81,36,2,0,5,0,1.4285714285714286,0.0,0.0,0.0
64,9,80,81,37,3,1,6,0,2.0,0.3333333333333333,0.0,0.3333333333333333
64,9,80,81,38,2,0,8,0,1.6,0.0,0.0,0.0
64,9,80,81,39,6,2,8,0,3.4285714285714284,0.3333333333333333,0.0,0.3333333333333333
64,9,80,81,40,1,0,12,0,0.9230769230769231,0.0,0.0,0.0
64,9,80,81,41,3,2,12,0,2.4,0.6666666666666666,0.0,0.6666666666666666
64,9,80,81,43,2,0,10,0,1.6666666666666667,0.0,0.0,0.0
64,9,80,81,46,2,0,6,0,1.5,0.0,0.0,0.0
64,9,80,81,47,8,4,6,0,3.4285714285714284,0.5,0.0,0.5
64,9,88,89,34,1,0,1,0,0.5,0.0,0.0,0.0
64,9,88,89,35,3,1,2,0,1.2,0.3333333333333333,0.0,0.3333333333333333
64,9,88,89,36,1,0,4,0,0.8,0.0,0.0,0.0
64,9,88,89,37,4,2,4,0,2.0,0.5,0.0,0.5
64,9,88,89,38,2,0,7,0,1.5555555555555556,0.0,0.0,0.0
64,9,88,89,39,2,1,7,0,1.5555555555555556,0.5,0.0,0.5
64,9,88,89,40,3,0,7,0,2.1,0.0,0.0,0.0
64,9,88,89,41,5,1,8,0,3.076923076923077,0.2,0.0,0.2
64,9,88,89,42,2,0,10,0,1.6666666666666667,0.0,0.0,0.0
64,9,88,89,43,4,1,8,0,2.6666666666666665,0.25,0.0,0.25
64,9,88,89,46,1,0,6,0,0.8571428571428571,0.0,0.0,0.0
64,9,88,89,47,6,1,4,0,2.4,0.16666666666666666,0.0,0.16666666666666666
64,9,88,89,48,5,1,7,0,2.9166666666666665,0.2,0.0,0.2
64,9,88,89,49,6,1,10,0,3.75,0.16666666666666666,0.0,0.16666666666666666
64,9,88,89,50,5,1,13,0,3.611111111111111,0.2,0.0,0.2
64,9,88,89,51,7,1,14,0,4.666666666666667,0.14285714285714285,0.0,0.14285714285714285
64,9,88,89,52,6,1,18,0,4.5,0.16666666666666666,0.0,0.16666666666666666
64,9,88,89,53,6,0,18,0,4.5,0.0,0.0,0.0
64,9,88,89,54,6,0,18,0,4.5,0.0,0.0,0.0
64,9,88,89,55,6,0,18,0,4.5,0.0,0.0,0.0
64,9,88,89,56,6,0,19,0,4.56,0.0,0.0,0.0
64,9,88,89,57,6,0,20,0,4.615384615384615,0.0,0.0,0.0
64,9,88,89,58,6,0,22,0,4.714285714285714,0.0,0.0,0.0
64,9,88,89,59,6,1,26,0,4.875,0.16666666666666666,0.0,0.16666666666666666
64,9,88,89,60,4,0,32,0,3.5555555555555554,0.0,0.0,0.0
64,9,88,89,61,2,0,30,0,1.875,0.0,0.0,0.0
64,9,88,89,62,2,0,28,0,1.8666666666666667,0.0,0.0,0.0
64,9,96,97,35,2,1,1,0,0.6666666666666666,0.5,0.0,0.5
64,9,96,97,36,1,0,2,0,0.6666666666666666,0.0,0.0,0.0
64,9,96,97,37,2,1,3,0,1.2,0.5,0.0,0.5
64,9,96,97,38,2,0,4,0,1.3333333333333333,0.0,0.0,0.0
64,9,96,97,39,3,1,4,0,1.7142857142857142,0.3333333333333333,0.0,0.3333333333333333
64,9,96,97,40,1,0,5,0,0.8333333333333334,0.0,0.0,0.0
64,9,96,97,41,6,2,4,0,2.4,0.3333333333333333,0.0,0.3333333333333333
64,9,96,97,42,3,0,6,0,2.0,0.0,0.0,0.0
64,9,96,97,43,6,1,5,0,2.727272727272727,0.16666666666666666,0.0,0.16666666666666666
64,9,96,97,44,2,0,8,0,1.6,0.0,0.0,0.0
64,9,96,97,45,1,0,8,0,0.8888888888888888,0.0,0.0,0.0
64,9,96,97,46,1,0,6,0,0.8571428571428571,0.0,0.0,0.0
64,9,96,97,47,3,2,4,0,1.7142857142857142,0.6666666666666666,0.0,0.6666666666666666
64,9,96,97,48,4,0,4,0,2.0,0.0,0.0,0.0
64,9,96,97,49,7,2,6,0,3.230769230769231,0.2857142857142857,0.0,0.2857142857142857
64,9,96,97,50,6,0,10,0,3.75,0.0,0.0,0.0
64,9,96,97,51,6,0,12,0,4.0,0.0,0.0,0.0
64,9,96,97,52,6,0,15,0,4.285714285714286,0.0,0.0,0.0
64,9,96,97,53,6,0,15,0,4.285714285714286,0.0,0.0,0.0
64,9,96,97,54,6,0,15,0,4.285714285714286,0.0,0.0,0.0
64,9,96,97,55,6,0,15,0,4.285714285714286,0.0,0.0,0.0
64,9,96,97,56,6,0,16,0,4.363636363636363,0.0,0.0,0.0
64,9,96,97,57,6,0,17,0,4.434782608695652,0.0,0.0,0.0
64,9,96,97,58,6,0,19,0,4.56,0.0,0.0,0.0
64,9,96,97,59,6,1,23,0,4.758620689655173,0.16666666666666666,0.0,0.16666666666666666
64,9,96,97,60,5,0,28,0,4.242424242424242,0.0,0.0,0.0
64,9,96,97,61,3,0,27,0,2.7,0.0,0.0,0.0
64,9,96,97,62,2,0,26,0,1.8571428571428572,0.0,0.0,0.0
64,9,96,97,63,2,0,27,0,1.8620689655172413,0.0,0.0,0.0
64,9,104,105,35,1,1,1,0,0.5,1.0,0.0,1.0
64,9,104,105,37,2,1,2,0,1.0,0.5,0.0,0.5
64,9,104,105,39,2,1,3,0,1.2,0.5,0.0,0.5
64,9,104,105,41,3,0,2,0,1.2,0.0,0.0,0.0
64,9,104,105,42,2,0,3,0,1.2,0.0,0.0,0.0
64,9,104,105,43,6,1,2,0,1.5,0.16666666666666666,0.0,0.16666666666666666
64,9,104,105,44,4,0,4,0,2.0,0.0,0.0,0.0
64,9,104,105,45,3,0,6,0,2.0,0.0,0.0,0.0
64,9,104,105,46,1,0,6,0,0.8571428571428571,0.0,0.0,0.0
64,9,104,105,47,1,0,4,0,0.8,0.0,0.0,0.0
64,9,104,105,48,5,1,3,0,1.875,0.2,0.0,0.2
64,9,104,105,49,5,2,6,0,2.727272727272727,0.4,0.0,0.4
64,9,104,105,50,4,0,9,0,2.769230769230769,0.0,0.0,0.0
64,9,104,105,51,4,0,10,0,2.857142857142857,0.0,0.0,0.0
64,9,104,105,52,5,0,12,0,3.5294117647058822,0.0,0.0,0.0
64,9,104,105,53,7,1,12,0,4.421052631578948,0.14285714285714285,0.0,0.14285714285714285
64,9,104,105,54,5,0,13,0,3.611111111111111,0.0,0.0,0.0
64,9,104,105,55,7,1,12,0,4.421052631578948,0.14285714285714285,0.0,0.14285714285714285
64,9,104,105,56,6,0,14,0,4.2,0.0,0.0,0.0
64,9,104,105,57,6,1,15,0,4.285714285714286,0.16666666666666666,0.0,0.16666666666666666
64,9,104,105,58,6,0,17,0,4.434782608695652,0.0,0.0,0.0
64,9,104,105,59,7,2,21,0,5.25,0.2857142857142857,0.0,0.2857142857142857
64,9,104,105,60,6,0,27,0,4.909090909090909,0.0,0.0,0.0
64,9,104,105,61,3,0,27,0,2.7,0.0,0.0,0.0
64,9,104,105,62,2,0,26,0,1.8571428571428572,0.0,0.0,0.0
64,9,104,105,63,2,1,27,0,1.8620689655172413,0.5,0.0,0.5
64,9,112,113,37,1,1,1,0,0.5,1.0,0.0,1.0
64,9,112,113,39,1,0,1,0,0.5,0.0,0.0,0.0
64,9,112,113,40,1,0,1,0,0.5,0.0,0.0,0.0
64,9,112,113,41,1,1,1,0,0.5,1.0,0.0,1.0
64,9,112,113,44,3,0,1,0,0.75,0.0,0.0,0.0
64,9,112,113,45,7,1,1,0,0.875,0.14285714285714285,0.0,0.14285714285714285
64,9,112,113,46,3,0,4,0,1.7142857142857142,0.0,0.0,0.0
64,9,112,113,47,1,0,4,0,0.8,0.0,0.0,0.0
64,9,112,113,48,3,0,3,0,1.5,0.0,0.0,0.0
64,9,112,113,49,4,2,4,0,2.0,0.5,0.0,0.5
64,9,112,113,50,2,0,6,0,1.5,0.0,0.0,0.0
64,9,112,113,51,8,4,5,0,3.076923076923077,0.5,0.0,0.5
64,9,112,113,52,4,2,11,0,2.933333333333333,0.5,0.0,0.5
64,9,112,113,53,6,3,10,0,3.75,0.5,0.0,0.5
64,9,112,113,54,3,0,11,0,2.357142857142857,0.0,0.0,0.0
64,9,112,113,55,8,4,9,0,4.235294117647059,0.5,0.0,0.5
64,9,112,113,56,3,0,12,0,2.4,0.0,0.0,0.0
64,9,112,113,57,9,5,10,0,4.7368421052631575,0.5555555555555556,0.0,0.5555555555555556
64,9,112,113,58,5,0,15,0,3.75,0.0,0.0,0.0
64,9,112,113,59,7,2,18,0,5.04,0.2857142857142857,0.0,0.2857142857142857
64,9,112,113,60,4,0,24,0,3.4285714285714284,0.0,0.0,0.0
64,9,112,113,61,6,2,22,0,4.714285714285714,0.3333333333333333,0.0,0.3333333333333333
64,9,112,113,62,2,0,24,0,1.8461538461538463,0.0,0.0,0.0
64,9,112,113,63,2,0,25,0,1.8518518518518519,0.0,0.0,0.0
64,9,112,113,64,2,0,26,0,1.8571428571428572,0.0,0.0,0.0
64,9,120,121,46,3,0,1,0,0.75,0.0,0.0,0.0
64,9,120,121,48,1,0,3,0,0.75,0.0,0.0,0.0
64,9,120,121,49,3,2,2,0,1.2,0.6666666666666666,0.0,0.6666666666666666
64,9,120,121,50,1,0,3,0,0.75,0.0,0.0,0.0
64,9,120,121,51,3,2,1,0,0.75,0.6666666666666666,0.0,0.6666666666666666
64,9,120,121,52,4,0,2,0,1.3333333333333333,0.0,0.0,0.0
64,9,120,121,53,4,2,1,0,0.8,0.5,0.0,0.5
64,9,120,121,54,3,0,2,0,1.2,0.0,0.0,0.0
64,9,120,121,55,5,2,2,0,1.4285714285714286,0.4,0.0,0.4
64,9,120,121,56,3,0,3,0,1.5,0.0,0.0,0.0
64,9,120,121,57,6,4,3,0,2.0,0.6666666666666666,0.0,0.6666666666666666
64,9,120,121,58,3,0,6,0,2.0,0.0,0.0,0.0
64,9,120,121,59,4,2,9,0,2.769230769230769,0.5,0.0,0.5
64,9,120,121,60,3,0,14,0,2.4705882352941178,0.0,0.0,0.0
64,9,120,121,61,6,3,13,0,4.105263157894737,0.5,0.0,0.5
64,9,120,121,62,2,0,16,0,1.7777777777777777,0.0,0.0,0.0
64,9,120,121,63,1,1,19,0,0.95,1.0,0.0,1.0
64,9,120,121,65,4,4,22,0,3.3846153846153846,1.0,0.0,1.0
64,9,120,121,66,4,0,23,0,3.4074074074074074,0.0,0.0,0.0
64,9,128,129,50,1,0,1,0,0.5,0.0,0.0,0.0
64,9,128,129,57,3,0,1,0,0.75,0.0,0.0,0.0
64,9,128,129,58,2,0,4,0,1.3333333333333333,0.0,0.0,0.0
64,9,128,129,59,1,0,8,0,0.8888888888888888,0.0,0.0,0.0
64,9,128,129,60,1,0,12,0,0.9230769230769231,0.0,0.0,0.0
64,9,128,129,62,2,0,9,0,1.6363636363636365,0.0,0.0,0.0
64,9,128,129,63,3,0,12,0,2.4,0.0,0.0,0.0
64,9,128,129,65,1,1,21,0,0.9545454545454546,1.0,0.0,1.0
64,9,136,137,50,1,0,1,0,0.5,0.0,0.0,0.0
64,9,136,137,58,1,0,4,0,0.8,0.0,0.0,0.0
64,9,136,137,59,1,1,8,0,0.8888888888888888,1.0,0.0,1.0
64,9,136,137,60,1,0,12,0,0.9230769230769231,0.0,0.0,0.0
64,9,136,137,63,2,0,10,0,1.6666666666666667,0.0,0.0,0.0
64,9,136,137,64,2,0,13,0,1.7333333333333334,0.0,0.0,0.0
64,9,136,137,65,2,0,16,0,1.7777777777777777,0.0,0.0,0.0
64,9,136,137,66,2,0,18,0,1.8,0.0,0.0,0.0
64,9,136,137,67,2,0,20,0,1.8181818181818181,0.0,0.0,0.0
64,9,136,137,68,3,1,21,0,2.625,0.3333333333333333,0.0,0.3333333333333333
64,9,136,137,69,2,0,23,0,1.84,0.0,0.0,0.0
64,9,136,137,70,3,1,22,0,2.64,0.3333333333333333,0.0,0.3333333333333333
64,9,136,137,71,2,0,22,0,1.8333333333333333,0.0,0.0,0.0
64,9,136,137,72,2,0,21,0,1.826086956521739,0.0,0.0,0.0
64,9,136,137,73,2,0,20,0,1.8181818181818181,0.0,0.0,0.0
64,9,136,137,74,2,0,19,0,1.8095238095238095,0.0,0.0,0.0
64,9,136,137,75,3,0,18,0,2.5714285714285716,0.0,0.0,0.0
64,9,144,145,59,4,2,3,0,1.7142857142857142,0.5,0.0,0.5
64,9,144,145,60,5,2,6,0,2.727272727272727,0.4,0.0,0.4
64,9,144,145,61,1,1,7,0,0.875,1.0,0.0,1.0
64,9,144,145,62,3,0,5,0,1.875,0.0,0.0,0.0
64,9,144,145,63,3,2,7,0,2.1,0.6666666666666666,0.0,0.6666666666666666
64,9,144,145,64,4,1,10,0,2.857142857142857,0.25,0.0,0.25
64,9,144,145,65,5,1,13,0,3.611111111111111,0.2,0.0,0.2
64,9,144,145,66,2,0,17,0,1.7894736842105263,0.0,0.0,0.0
64,9,144,145,67,5,1,17,0,3.8636363636363638,0.2,0.0,0.2
64,9,144,145,68,2,0,20,0,1.8181818181818181,0.0,0.0,0.0
64,9,144,145,69,4,1,20,0,3.3333333333333335,0.25,0.0,0.25
64,9,144,145,70,2,0,21,0,1.826086956521739,0.0,0.0,0.0
64,9,144,145,71,2,0,20,0,1.8181818181818181,0.0,0.0,0.0
64,9,144,145,72,2,0,19,0,1.8095238095238095,0.0,0.0,0.0
64,9,144,145,73,2,0,18,0,1.8,0.0,0.0,0.0
64,9,144,145,74,2,0,17,0,1.7894736842105263,0.0,0.0,0.0
64,9,144,145,75,2,0,16,0,1.7777777777777777,0.0,0.0,0.0
64,9,144,145,76,2,0,15,0,1.7647058823529411,0.0,0.0,0.0
64,9,144,145,77,2,0,14,0,1.75,0.0,0.0,0.0
64,9,152,153,60,2,0,4,0,1.3333333333333333,0.0,0.0,0.0
64,9,152,153,61,4,1,4,0,2.0,0.25,0.0,0.25
64,9,152,153,62,1,0,4,0,0.8,0.0,0.0,0.0
64,9,152,153,63,3,0,4,0,1.7142857142857142,0.0,0.0,0.0
64,9,152,153,64,3,0,6,0,2.0,0.0,0.0,0.0
64,9,152,153,65,5,0,8,0,3.076923076923077,0.0,0.0,0.0
64,9,152,153,66,4,0,11,0,2.933333333333333,0.0,0.0,0.0
64,9,152,153,67,4,0,13,0,3.0588235294117645,0.0,0.0,0.0
64,9,152,153,68,4,0,14,0,3.111111111111111,0.0,0.0,0.0
64,9,152,153,69,3,0,16,0,2.526315789473684,0.0,0.0,0.0
64,9,152,153,70,3,0,16,0,2.526315789473684,0.0,0.0,0.0
64,9,152,153,71,3,0,16,0,2.526315789473684,0.0,0.0,0.0
64,9,152,153,72,3,0,16,0,2.526315789473684,0.0,0.0,0.0
64,9,152,153,73,3,1,16,0,2.526315789473684,0.3333333333333333,0.0,0.3333333333333333
64,9,152,153,74,2,0,16,0,1.7777777777777777,0.0,0.0,0.0
64,9,152,153,75,2,0,15,0,1.7647058823529411,0.0,0.0,0.0
64,9,152,153,76,2,0,14,0,1.75,0.0,0.0,0.0
64,9,152,153,77,3,1,13,0,2.4375,0.3333333333333333,0.0,0.3333333333333333
64,9,160,161,61,4,1,1,0,0.8,0.25,0.0,0.25
64,9,160,161,62,1,1,3,0,0.75,1.0,0.0,1.0
64,9,160,161,63,1,1,4,0,0.8,1.0,0.0,1.0
64,9,160,161,64,5,1,4,0,2.2222222222222223,0.2,0.0,0.2
64,9,160,161,65,4,0,7,0,2.5454545454545454,0.0,0.0,0.0
64,9,160,161,66,4,1,9,0,2.769230769230769,0.25,0.0,0.25
64,9,160,161,67,6,1,10,0,3.75,0.16666666666666666,0.0,0.16666666666666666
64,9,160,161,68,5,1,13,0,3.611111111111111,0.2,0.0,0.2
64,9,160,161,69,3,1,16,0,2.526315789473684,0.3333333333333333,0.0,0.3333333333333333
64,9,160,161,70,3,0,16,0,2.526315789473684,0.0,0.0,0.0
64,9,160,161,71,3,0,16,0,2.526315789473684,0.0,0.0,0.0
64,9,160,161,72,3,0,16,0,2.526315789473684,0.0,0.0,0.0
64,9,160,161,73,2,0,16,0,1.7777777777777777,0.0,0.0,0.0
64,9,160,161,74,2,0,15,0,1.7647058823529411,0.0,0.0,0.0
64,9,160,161,75,3,1,14,0,2.4705882352941178,0.3333333333333333,0.0,0.3333333333333333
64,9,160,161,76,1,0,14,0,0.9333333333333333,0.0,0.0,0.0
64,9,160,161,77,2,0,12,0,1.7142857142857142,0.0,0.0,0.0
64,9,160,161,78,2,0,11,0,1.6923076923076923,0.0,0.0,0.0
64,9,168,169,61,2,0,1,0,0.6666666666666666,0.0,0.0,0.0
64,9,168,169,62,1,0,2,0,0.6666666666666666,0.0,0.0,0.0
64,9,168,169,63,2,0,2,0,1.0,0.0,0.0,0.0
64,9,168,169,64,4,0,2,0,1.3333333333333333,0.0,0.0,0.0
64,9,168,169,65,5,1,4,0,2.2222222222222223,0.2,0.0,0.2
64,9,168,169,66,4,0,5,0,2.2222222222222223,0.0,0.0,0.0
64,9,168,169,67,5,0,6,0,2.727272727272727,0.0,0.0,0.0
64,9,168,169,68,6,0,7,0,3.230769230769231,0.0,0.0,0.0
64,9,168,169,69,7,0,9,0,3.9375,0.0,0.0,0.0
64,9,168,169,70,6,0,10,0,3.75,0.0,0.0,0.0
64,9,168,169,71,5,0,11,0,3.4375,0.0,0.0,0.0
64,9,168,169,72,6,0,11,0,3.8823529411764706,0.0,0.0,0.0
64,9,168,169,73,4,0,13,0,3.0588235294117645,0.0,0.0,0.0
64,9,168,169,74,4,0,13,0,3.0588235294117645,0.0,0.0,0.0
64,9,168,169,75,2,0,14,0,1.75,0.0,0.0,0.0
64,9,168,169,76,2,0,13,0,1.7333333333333334,0.0,0.0,0.0
64,9,168,169,77,2,0,12,0,1.7142857142857142,0.0,0.0,0.0
64,9,168,169,78,2,0,11,0,1.6923076923076923,0.0,0.0,0.0
64,9,176,177,61,2,0,1,0,0.6666666666666666,0.0,0.0,0.0
64,9,176,177,63,2,1,2,0,1.0,0.5,0.0,0.5
64,9,176,177,64,4,0,2,0,1.3333333333333333,0.0,0.0,0.0
64,9,176,177,65,4,0,4,0,2.0,0.0,0.0,0.0
64,9,176,177,66,4,0,5,0,2.2222222222222223,0.0,0.0,0.0
64,9,176,177,67,5,1,6,0,2.727272727272727,0.2,0.0,0.2
64,9,176,177,68,5,0,7,0,2.9166666666666665,0.0,0.0,0.0
64,9,176,177,69,6,1,9,0,3.6,0.16666666666666666,0.0,0.16666666666666666
64,9,176,177,70,7,0,9,0,3.9375,0.0,0.0,0.0
64,9,176,177,71,6,0,10,0,3.75,0.0,0.0,0.0
64,9,176,177,72,5,0,11,0,3.4375,0.0,0.0,0.0
64,9,176,177,73,5,0,12,0,3.5294117647058822,0.0,0.0,0.0
64,9,176,177,74,3,0,13,0,2.4375,0.0,0.0,0.0
64,9,176,177,75,3,0,13,0,2.4375,0.0,0.0,0.0
64,9,176,177,76,2,0,13,0,1.7333333333333334,0.0,0.0,0.0
64,9,176,177,77,2,0,12,0,1.7142857142857142,0.0,0.0,0.0
64,9,176,177,78,2,0,11,0,1.6923076923076923,0.0,0.0,0.0
64,9,184,185,61,2,1,1,0,0.6666666666666666,0.5,0.0,0.5
64,9,184,185,62,1,0,1,0,0.5,0.0,0.0,0.0
64,9,184,185,63,1,0,2,0,0.6666666666666666,0.0,0.0,0.0
64,9,184,185,64,4,0,2,0,1.3333333333333333,0.0,0.0,0.0
64,9,184,185,65,4,0,4,0,2.0,0.0,0.0,0.0
64,9,184,185,66,4,0,5,0,2.2222222222222223,0.0,0.0,0.0
64,9,184,185,67,4,0,6,0,2.4,0.0,0.0,0.0
64,9,184,185,68,4,0,7,0,2.5454545454545454,0.0,0.0,0.0
64,9,184,185,69,7,1,8,0,3.7333333333333334,0.14285714285714285,0.0,0.14285714285714285
64,9,184,185,70,5,0,9,0,3.2142857142857144,0.0,0.0,0.0
64,9,184,185,71,6,1,9,0,3.6,0.16666666666666666,0.0,0.16666666666666666
64,9,184,185,72,5,0,10,0,3.3333333333333335,0.0,0.0,0.0
64,9,184,185,73,5,1,11,0,3.4375,0.2,0.0,0.2
64,9,184,185,74,3,0,13,0,2.4375,0.0,0.0,0.0
64,9,184,185,75,3,1,13,0,2.4375,0.3333333333333333,0.0,0.3333333333333333
64,9,184,185,76,2,0,13,0,1.7333333333333334,0.0,0.0,0.0
64,9,184,185,77,2,0,12,0,1.7142857142857142,0.0,0.0,0.0
64,9,184,185,78,2,0,11,0,1.6923076923076923,0.0,0.0,0.0
64,9,192,193,61,1,0,1,0,0.5,0.0,0.0,0.0
64,9,192,193,62,1,0,1,0,0.5,0.0,0.0,0.0
64,9,192,193,63,1,0,1,0,0.5,0.0,0.0,0.0
64,9,192,193,64,4,0,1,0,0.8,0.0,0.0,0.0
64,9,192,193,65,4,0,3,0,1.7142857142857142,0.0,0.0,0.0
64,9,192,193,66,4,0,4,0,2.0,0.0,0.0,0.0
64,9,192,193,67,3,0,5,0,1.875,0.0,0.0,0.0
64,9,192,193,68,2,0,7,0,1.5555555555555556,0.0,0.0,0.0
64,9,192,193,69,6,2,8,0,3.4285714285714284,0.3333333333333333,0.0,0.3333333333333333
64,9,192,193,70,5,0,9,0,3.2142857142857144,0.0,0.0,0.0
64,9,192,193,71,5,1,9,0,3.2142857142857144,0.2,0.0,0.2
64,9,192,193,72,4,0,10,0,2.857142857142857,0.0,0.0,0.0
64,9,192,193,73,4,0,11,0,2.933333333333333,0.0,0.0,0.0
64,9,192,193,74,3,0,12,0,2.4,0.0,0.0,0.0
64,9,192,193,75,3,0,12,0,2.4,0.0,0.0,0.0
64,9,192,193,76,3,0,12,0,2.4,0.0,0.0,0.0
64,9,192,193,77,2,0,12,0,1.7142857142857142,0.0,0.0,0.0
64,9,192,193,78,2,0,11,0,1.6923076923076923,0.0,0.0,0.0
64,9,200,201,63,1,1,1,0,0.5,1.0,0.0,1.0
64,9,200,201,64,3,0,1,0,0.75,0.0,0.0,0.0
64,9,200,201,65,4,1,3,0,1.7142857142857142,0.25,0.0,0.25
64,9,200,201,66,3,0,4,0,1.7142857142857142,0.0,0.0,0.0
64,9,200,201,67,3,0,5,0,1.875,0.0,0.0,0.0
64,9,200,201,68,3,0,6,0,2.0,0.0,0.0,0.0
64,9,200,201,69,5,1,7,0,2.9166666666666665,0.2,0.0,0.2
64,9,200,201,70,5,0,7,0,2.9166666666666665,0.0,0.0,0.0
64,9,200,201,71,5,0,8,0,3.076923076923077,0.0,0.0,0.0
64,9,200,201,72,4,0,10,0,2.857142857142857,0.0,0.0,0.0
64,9,200,201,73,4,0,11,0,2.933333333333333,0.0,0.0,0.0
64,9,200,201,74,3,0,12,0,2.4,0.0,0.0,0.0
64,9,200,201,75,3,0,12,0,2.4,0.0,0.0,0.0
64,9,200,201,76,3,0,12,0,2.4,0.0,0.0,0.0
64,9,200,201,77,2,0,12,0,1.7142857142857142,0.0,0.0,0.0
64,9,200,201,78,2,0,11,0,1.6923076923076923,0.0,0.0,0.0
64,9,208,209,66,2,0,3,0,1.2,0.0,0.0,0.0
64,9,208,209,67,4,2,3,0,1.7142857142857142,0.5,0.0,0.5
64,9,208,209,68,3,0,5,0,1.875,0.0,0.0,0.0
64,9,208,209,69,2,0,7,0,1.5555555555555556,0.0,0.0,0.0
64,9,208,209,70,3,0,6,0,2.0,0.0,0.0,0.0
64,9,208,209,71,3,1,6,0,2.0,0.3333333333333333,0.0,0.3333333333333333
64,9,208,209,72,4,0,6,0,2.4,0.0,0.0,0.0
64,9,208,209,73,7,4,7,0,3.5,0.5714285714285714,0.0,0.5714285714285714
64,9,208,209,74,3,0,11,0,2.357142857142857,0.0,0.0,0.0
64,9,208,209,75,3,0,11,0,2.357142857142857,0.0,0.0,0.0
64,9,208,209,76,4,0,11,0,2.933333333333333,0.0,0.0,0.0
64,9,208,209,77,2,0,12,0,1.7142857142857142,0.0,0.0,0.0
64,9,208,209,78,2,0,11,0,1.6923076923076923,0.0,0.0,0.0
64,9,216,217,66,3,0,1,0,0.75,0.0,0.0,0.0
64,9,216,217,67,3,0,2,0,1.2,0.0,0.0,0.0
64,9,216,217,68,3,0,3,0,1.5,0.0,0.0,0.0
64,9,216,217,69,4,0,4,0,2.0,0.0,0.0,0.0
64,9,216,217,70,3,0,4,0,1.7142857142857142,0.0,0.0,0.0
64,9,216,217,71,3,0,4,0,1.7142857142857142,0.0,0.0,0.0
64,9,216,217,72,3,0,4,0,1.7142857142857142,0.0,0.0,0.0
64,9,216,217,73,4,1,4,0,2.0,0.25,0.0,0.25
64,9,216,217,74,3,0,5,0,1.875,0.0,0.0,0.0
64,9,216,217,75,3,1,5,0,1.875,0.3333333333333333,0.0,0.3333333333333333
64,9,216,217,76,2,0,6,0,1.5,0.0,0.0,0.0
64,9,216,217,77,4,2,6,0,2.4,0.5,0.0,0.5
64,9,216,217,78,2,0,6,0,1.5,0.0,0.0,0.0
64,9,216,217,79,4,0,4,0,2.0,0.0,0.0,0.0
64,9,216,217,80,2,0,4,0,1.3333333333333333,0.0,0.0,0.0
64,9,216,217,81,2,0,3,0,1.2,0.0,0.0,0.0
64,9,224,225,66,3,0,1,0,0.75,0.0,0.0,0.0
64,9,224,225,67,4,0,2,0,1.3333333333333333,0.0,0.0,0.0
64,9,224,225,68,4,0,3,0,1.7142857142857142,0.0,0.0,0.0
64,9,224,225,69,4,1,4,0,2.0,0.25,0.0,0.25
64,9,224,225,70,3,0,4,0,1.7142857142857142,0.0,0.0,0.0
64,9,224,225,71,3,0,4,0,1.7142857142857142,0.0,0.0,0.0
64,9,224,225,72,3,0,4,0,1.7142857142857142,0.0,0.0,0.0
64,9,224,225,73,3,0,4,0,1.7142857142857142,0.0,0.0,0.0
64,9,224,225,74,3,0,4,0,1.7142857142857142,0.0,0.0,0.0
64,9,224,225,75,2,0,4,0,1.3333333333333333,0.0,0.0,0.0
64,9,224,225,76,2,0,4,0,1.3333333333333333,0.0,0.0,0.0
64,9,224,225,77,3,1,4,0,1.7142857142857142,0.3333333333333333,0.0,0.3333333333333333
64,9,224,225,78,1,0,5,0,0.8333333333333334,0.0,0.0,0.0
64,9,224,225,79,2,0,4,0,1.3333333333333333,0.0,0.0,0.0
64,9,224,225,82,1,0,2,0,0.6666666666666666,0.0,0.0,0.0
64,9,232,233,66,3,0,1,0,0.75,0.0,0.0,0.0
64,9,232,233,67,4,1,2,0,1.3333333333333333,0.25,0.0,0.25
64,9,232,233,68,4,0,3,0,1.7142857142857142,0.0,0.0,0.0
64,9,232,233,69,4,1,4,0,2.0,0.25,0.0,0.25
64,9,232,233,70,3,0,4,0,1.7142857142857142,0.0,0.0,0.0
64,9,232,233,71,3,0,4,0,1.7142857142857142,0.0,0.0,0.0
64,9,232,233,72,3,0,4,0,1.7142857142857142,0.0,0.0,0.0
64,9,232,233,73,3,0,4,0,1.7142857142857142,0.0,0.0,0.0
64,9,232,233,74,3,0,4,0,1.7142857142857142,0.0,0.0,0.0
64,9,232,233,75,2,0,4,0,1.3333333333333333,0.0,0.0,0.0
64,9,232,233,76,2,0,4,0,1.3333333333333333,0.0,0.0,0.0
64,9,232,233,77,2,0,4,0,1.3333333333333333,0.0,0.0,0.0
64,9,232,233,78,2,0,4,0,1.3333333333333333,0.0,0.0,0.0
64,9,232,233,79,2,0,4,0,1.3333333333333333,0.0,0.0,0.0
64,9,240,241,66,2,0,1,0,0.6666666666666666,0.0,0.0,0.0
64,9,240,241,67,3,1,2,0,1.2,0.3333333333333333,0.0,0.3333333333333333
64,9,240,241,68,2,0,3,0,1.2,0.0,0.0,0.0
64,9,240,241,69,3,2,4,0,1.7142857142857142,0.6666666666666666,0.0,0.6666666666666666
64,9,240,241,70,2,0,4,0,1.3333333333333333,0.0,0.0,0.0
64,9,240,241,71,3,2,4,0,1.7142857142857142,0.6666666666666666,0.0,0.6666666666666666
64,9,240,241,72,2,0,4,0,1.3333333333333333,0.0,0.0,0.0
64,9,240,241,73,3,2,4,0,1.7142857142857142,0.6666666666666666,0.0,0.6666666666666666
64,9,240,241,74,3,0,4,0,1.7142857142857142,0.0,0.0,0.0
64,9,240,241,75,2,1,4,0,1.3333333333333333,0.5,0.0,0.5
64,9,240,241,76,2,0,4,0,1.3333333333333333,0.0,0.0,0.0
64,9,240,241,77,2,0,4,0,1.3333333333333333,0.0,0.0,0.0
64,9,240,241,78,2,0,4,0,1.3333333333333333,0.0,0.0,0.0
64,9,240,241,79,2,1,4,0,1.3333333333333333,0.5,0.0,0.5
64,9,248,249,66,1,0,1,0,0.5,0.0,0.0,0.0
64,9,248,249,67,3,2,1,0,0.75,0.6666666666666666,0.0,0.6666666666666666
64,9,248,249,68,1,0,2,0,0.6666666666666666,0.0,0.0,0.0
64,9,248,249,69,4,2,2,0,1.3333333333333333,0.5,0.0,0.5
64,9,248,249,70,1,0,3,0,0.75,0.0,0.0,0.0
64,9,248,249,71,3,1,2,0,1.2,0.3333333333333333,0.0,0.3333333333333333
64,9,248,249,72,1,0,3,0,0.75,0.0,0.0,0.0
64,9,248,249,73,3,1,2,0,1.2,0.3333333333333333,0.0,0.3333333333333333
64,9,248,249,74,1,0,3,0,0.75,0.0,0.0,0.0
64,9,248,249,75,2,1,2,0,1.0,0.5,0.0,0.5
64,9,248,249,77,2,1,2,0,1.0,0.5,0.0,0.5
64,9,248,249,79,3,0,2,0,1.2,0.0,0.0,0.0
64,10,24,25,15,4,0,1,0,0.8,0.0,0.0,0.0
64,10,24,25,16,4,0,4,0,2.0,0.0,0.0,0.0
64,10,24,25,17,16,7,6,0,4.363636363636363,0.4375,0.0,0.4375
64,10,32,33,16,2,0,2,0,1.0,0.0,0.0,0.0
64,10,32,33,17,5,3,2,0,1.4285714285714286,0.6,0.0,0.6
64,10,32,33,18,6,0,3,0,2.0,0.0,0.0,0.0
64,10,32,33,19,9,4,6,0,3.6,0.4444444444444444,0.0,0.4444444444444444
64,10,32,33,20,3,0,13,0,2.4375,0.0,0.0,0.0
64,10,32,33,21,5,1,13,0,3.611111111111111,0.2,0.0,0.2
64,10,32,33,23,5,2,15,0,3.75,0.4,0.0,0.4
64,10,32,33,25,1,1,23,0,0.9583333333333334,1.0,0.0,1.0
64,10,40,41,18,2,0,1,0,0.6666666666666666,0.0,0.0,0.0
64,10,40,41,19,9,6,1,0,0.9,0.6666666666666666,0.0,0.6666666666666666
64,10,40,41,20,1,0,8,0,0.8888888888888888,0.0,0.0,0.0
64,10,40,41,21,8,3,6,0,3.4285714285714284,0.375,0.0,0.375
64,10,40,41,22,2,0,12,0,1.7142857142857142,0.0,0.0,0.0
64,10,40,41,23,4,0,11,0,2.933333333333333,0.0,0.0,0.0
64,10,40,41,24,1,0,12,0,0.9230769230769231,0.0,0.0,0.0
64,10,40,41,25,6,1,11,0,3.8823529411764706,0.16666666666666666,0.0,0.16666666666666666
64,10,40,41,26,4,0,14,0,3.111111111111111,0.0,0.0,0.0
64,10,40,41,27,10,6,15,0,6.0,0.6,0.0,0.6
64,10,40,41,29,4,2,24,0,3.4285714285714284,0.5,0.0,0.5
64,10,48,49,20,2,0,1,0,0.6666666666666666,0.0,0.0,0.0
64,10,48,49,21,7,2,1,0,0.875,0.2857142857142857,0.0,0.2857142857142857
64,10,48,49,22,3,0,6,0,2.0,0.0,0.0,0.0
64,10,48,49,23,5,3,6,0,2.727272727272727,0.6,0.0,0.6
64,10,48,49,24,2,0,7,0,1.5555555555555556,0.0,0.0,0.0
64,10,48,49,25,9,2,7,0,3.9375,0.2222222222222222,0.0,0.2222222222222222
64,10,48,49,26,2,0,14,0,1.75,0.0,0.0,0.0
64,10,48,49,27,5,3,14,0,3.6842105263157894,0.6,0.0,0.6
64,10,48,49,29,10,5,15,0,6.0,0.5,0.0,0.5
64,10,48,49,31,8,6,22,0,5.866666666666666,0.75,0.0,0.75
64,10,56,57,22,2,0,1,0,0.6666666666666666,0.0,0.0,0.0
64,10,56,57,23,4,1,2,0,1.3333333333333333,0.25,0.0,0.25
64,10,56,57,24,2,0,3,0,1.2,0.0,0.0,0.0
64,10,56,57,25,8,3,3,0,2.1818181818181817,0.375,0.0,0.375
64,10,56,57,26,4,0,8,0,2.6666666666666665,0.0,0.0,0.0
64,10,56,57,27,9,4,9,0,4.5,0.4444444444444444,0.0,0.4444444444444444
64,10,56,57,28,2,0,15,0,1.7647058823529411,0.0,0.0,0.0
64,10,56,57,29,6,3,15,0,4.285714285714286,0.5,0.0,0.5
64,10,56,57,30,4,0,18,0,3.272727272727273,0.0,0.0,0.0
64,10,56,57,31,8,6,21,0,5.793103448275862,0.75,0.0,0.75
64,10,56,57,32,1,0,27,0,0.9642857142857143,0.0,0.0,0.0
64,10,56,57,33,4,1,26,0,3.466666666666667,0.25,0.0,0.25
64,10,56,57,36,1,0,26,0,0.9629629629629629,0.0,0.0,0.0
64,10,56,57,37,1,0,25,0,0.9615384615384616,0.0,0.0,0.0
64,10,56,57,39,4,1,19,0,3.3043478260869565,0.25,0.0,0.25
64,10,56,57,41,2,1,22,0,1.8333333333333333,0.5,0.0,0.5
64,10,64,65,23,2,1,1,0,0.6666666666666666,0.5,0.0,0.5
64,10,64,65,24,2,0,1,0,0.6666666666666666,0.0,0.0,0.0
64,10,64,65,25,3,0,1,0,0.75,0.0,0.0,0.0
64,10,64,65,26,3,0,2,0,1.2,0.0,0.0,0.0
64,10,64,65,27,4,2,3,0,1.7142857142857142,0.5,0.0,0.5
64,10,64,65,28,2,0,4,0,1.3333333333333333,0.0,0.0,0.0
64,10,64,65,29,11,5,4,0,2.933333333333333,0.45454545454545453,0.0,0.45454545454545453
64,10,64,65,30,3,0,12,0,2.4,0.0,0.0,0.0
64,10,64,65,31,13,5,12,0,6.24,0.38461538461538464,0.0,0.38461538461538464
64,10,64,65,32,1,0,22,0,0.9565217391304348,0.0,0.0,0.0
64,10,64,65,33,9,1,20,0,6.206896551724138,0.1111111111111111,0.0,0.1111111111111111
64,10,64,65,34,1,0,28,0,0.9655172413793104,0.0,0.0,0.0
64,10,64,65,35,1,0,27,0,0.9642857142857143,0.0,0.0,0.0
64,10,64,65,36,2,0,24,0,1.8461538461538463,0.0,0.0,0.0
64,10,64,65,37,2,1,24,0,1.8461538461538463,0.5,0.0,0.5
64,10,64,65,39,2,0,19,0,1.8095238095238095,0.0,0.0,0.0
64,10,64,65,40,3,0,19,0,2.590909090909091,0.0,0.0,0.0
64,10,64,65,41,1,0,21,0,0.9545454545454546,0.0,0.0,0.0
64,10,64,65,42,1,0,21,0,0.9545454545454546,0.0,0.0,0.0
64,10,64,65,43,1,0,21,0,0.9545454545454546,0.0,0.0,0.0
64,10,64,65,44,1,0,21,0,0.9545454545454546,0.0,0.0,0.0
64,10,64,65,45,2,1,21,0,1.826086956521739,0.5,0.0,0.5
64,10,64,65,46,2,0,22,0,1.8333333333333333,0.0,0.0,0.0
64,10,64,65,47,2,0,23,0,1.84,0.0,0.0,0.0
64,10,64,65,48,1,0,25,0,0.9615384615384616,0.0,0.0,0.0
64,10,64,65,49,2,1,26,0,1.8571428571428572,0.5,0.0,0.5
64,10,72,73,26,1,0,1,0,0.5,0.0,0.0,0.0
64,10,72,73,27,3,2,1,0,0.75,0.6666666666666666,0.0,0.6666666666666666
64,10,72,73,28,2,0,2,0,1.0,0.0,0.0,0.0
64,10,72,73,29,3,0,2,0,1.2,0.0,0.0,0.0
64,10,72,73,30,3,0,3,0,1.5,0.0,0.0,0.0
64,10,72,73,31,8,3,4,0,2.6666666666666665,0.375,0.0,0.375
64,10,72,73,32,6,0,9,0,3.6,0.0,0.0,0.0
64,10,72,73,33,12,3,9,0,5.142857142857143,0.25,0.0,0.25
64,10,72,73,34,5,0,18,0,3.9130434782608696,0.0,0.0,0.0
64,10,72,73,35,9,1,19,0,6.107142857142857,0.1111111111111111,0.0,0.1111111111111111
64,10,72,73,36,2,0,24,0,1.8461538461538463,0.0,0.0,0.0
64,10,72,73,37,1,0,24,0,0.96,0.0,0.0,0.0
64,10,72,73,38,1,0,22,0,0.9565217391304348,0.0,0.0,0.0
64,10,72,73,40,2,0,17,0,1.7894736842105263,0.0,0.0,0.0
64,10,72,73,41,3,0,16,0,2.526315789473684,0.0,0.0,0.0
64,10,72,73,42,3,0,16,0,2.526315789473684,0.0,0.0,0.0
64,10,72,73,43,4,1,16,0,3.2,0.25,0.0,0.25
64,10,72,73,44,3,0,17,0,2.55,0.0,0.0,0.0
64,10,72,73,45,4,1,17,0,3.238095238095238,0.25,0.0,0.25
64,10,72,73,46,4,0,18,0,3.272727272727273,0.0,0.0,0.0
64,10,72,73,47,4,0,19,0,3.3043478260869565,0.0,0.0,0.0
64,10,72,73,48,4,0,20,0,3.3333333333333335,0.0,0.0,0.0
64,10,72,73,49,4,0,21,0,3.36,0.0,0.0,0.0
64,10,72,73,50,4,0,22,0,3.3846153846153846,0.0,0.0,0.0
64,10,72,73,51,6,0,22,0,4.714285714285714,0.0,0.0,0.0
64,10,72,73,52,2,0,25,0,1.8518518518518519,0.0,0.0,0.0
64,10,72,73,53,1,0,24,0,0.96,0.0,0.0,0.0
64,10,72,73,54,1,0,22,0,0.9565217391304348,0.0,0.0,0.0
64,10,80,81,29,2,2,1,0,0.6666666666666666,1.0,0.0,1.0
64,10,80,81,30,2,0,2,0,1.0,0.0,0.0,0.0
64,10,80,81,31,3,2,3,0,1.5,0.6666666666666666,0.0,0.6666666666666666
64,10,80,81,32,3,0,3,0,1.5,0.0,0.0,0.0
64,10,80,81,33,8,3,3,0,2.1818181818181817,0.375,0.0,0.375
64,10,80,81,34,9,0,3,0,2.25,0.0,0.0,0.0
64,10,80,81,35,16,4,5,0,3.8095238095238093,0.25,0.0,0.25
64,10,80,81,36,5,0,15,0,3.75,0.0,0.0,0.0
64,10,80,81,37,9,3,16,0,5.76,0.3333333333333333,0.0,0.3333333333333333
64,10,80,81,38,1,0,22,0,0.9565217391304348,0.0,0.0,0.0
64,10,80,81,40,1,0,17,0,0.9444444444444444,0.0,0.0,0.0
64,10,80,81,41,1,0,16,0,0.9411764705882353,0.0,0.0,0.0
64,10,80,81,42,2,0,15,0,1.7647058823529411,0.0,0.0,0.0
64,10,80,81,43,2,1,15,0,1.7647058823529411,0.5,0.0,0.5
64,10,80,81,44,1,0,15,0,0.9375,0.0,0.0,0.0
64,10,80,81,45,5,2,14,0,3.6842105263157894,0.4,0.0,0.4
64,10,80,81,46,3,1,16,0,2.526315789473684,0.3333333333333333,0.0,0.3333333333333333
64,10,80,81,47,5,1,16,0,3.8095238095238093,0.2,0.0,0.2
64,10,80,81,48,4,0,18,0,3.272727272727273,0.0,0.0,0.0
64,10,80,81,49,5,1,19,0,3.9583333333333335,0.2,0.0,0.2
64,10,80,81,50,4,0,21,0,3.36,0.0,0.0,0.0
64,10,80,81,51,4,0,21,0,3.36,0.0,0.0,0.0
64,10,80,81,52,4,0,21,0,3.36,0.0,0.0,0.0
64,10,80,81,53,2,0,22,0,1.8333333333333333,0.0,0.0,0.0
64,10,80,81,54,1,0,21,0,0.9545454545454546,0.0,0.0,0.0
64,10,80,81,55,1,0,20,0,0.9523809523809523,0.0,0.0,0.0
64,10,88,89,31,2,1,1,0,0.6666666666666666,0.5,0.0,0.5
64,10,88,89,33,3,2,1,0,0.75,0.6666666666666666,0.0,0.6666666666666666
64,10,88,89,34,3,0,2,0,1.2,0.0,0.0,0.0
64,10,88,89,35,5,2,3,0,1.875,0.4,0.0,0.4
64,10,88,89,36,7,0,2,0,1.5555555555555556,0.0,0.0,0.0
64,10,88,89,37,13,3,4,0,3.0588235294117645,0.23076923076923078,0.0,0.23076923076923078
64,10,88,89,38,6,0,12,0,4.0,0.0,0.0,0.0
64,10,88,89,39,6,3,13,0,4.105263157894737,0.5,0.0,0.5
64,10,88,89,40,1,0,17,0,0.9444444444444444,0.0,0.0,0.0
64,10,88,89,41,1,0,16,0,0.9411764705882353,0.0,0.0,0.0
64,10,88,89,42,1,0,15,0,0.9375,0.0,0.0,0.0
64,10,88,89,43,1,0,14,0,0.9333333333333333,0.0,0.0,0.0
64,10,88,89,44,2,1,13,0,1.7333333333333334,0.5,0.0,0.5
64,10,88,89,45,3,1,13,0,2.4375,0.3333333333333333,0.0,0.3333333333333333
64,10,88,89,46,2,0,14,0,1.75,0.0,0.0,0.0
64,10,88,89,47,3,0,14,0,2.4705882352941178,0.0,0.0,0.0
64,10,88,89,48,3,0,15,0,2.5,0.0,0.0,0.0
64,10,88,89,49,5,2,16,0,3.8095238095238093,0.4,0.0,0.4
64,10,88,89,50,2,0,20,0,1.8181818181818181,0.0,0.0,0.0
64,10,88,89,51,4,0,19,0,3.3043478260869565,0.0,0.0,0.0
64,10,88,89,52,3,0,19,0,2.590909090909091,0.0,0.0,0.0
64,10,88,89,53,2,0,20,0,1.8181818181818181,0.0,0.0,0.0
64,10,88,89,54,1,0,20,0,0.9523809523809523,0.0,0.0,0.0
64,10,88,89,55,2,1,19,0,1.8095238095238095,0.5,0.0,0.5
64,10,96,97,38,5,0,5,0,2.5,0.0,0.0,0.0
64,10,96,97,39,9,3,4,0,2.769230769230769,0.3333333333333333,0.0,0.3333333333333333
64,10,96,97,40,2,0,10,0,1.6666666666666667,0.0,0.0,0.0
64,10,96,97,41,7,3,9,0,3.9375,0.42857142857142855,0.0,0.42857142857142855
64,10,96,97,42,1,0,14,0,0.9333333333333333,0.0,0.0,0.0
64,10,96,97,43,1,0,13,0,0.9285714285714286,0.0,0.0,0.0
64,10,96,97,44,1,0,12,0,0.9230769230769231,0.0,0.0,0.0
64,10,96,97,45,2,0,11,0,1.6923076923076923,0.0,0.0,0.0
64,10,96,97,46,2,0,11,0,1.6923076923076923,0.0,0.0,0.0
64,10,96,97,47,3,1,11,0,2.357142857142857,0.3333333333333333,0.0,0.3333333333333333
64,10,96,97,48,1,0,13,0,0.9285714285714286,0.0,0.0,0.0
64,10,96,97,49,4,3,13,0,3.0588235294117645,0.75,0.0,0.75
64,10,96,97,50,3,0,15,0,2.5,0.0,0.0,0.0
64,10,96,97,51,8,5,13,0,4.9523809523809526,0.625,0.0,0.625
64,10,96,97,52,2,0,15,0,1.7647058823529411,0.0,0.0,0.0
64,10,96,97,53,4,2,15,0,3.1578947368421053,0.5,0.0,0.5
64,10,96,97,54,2,0,17,0,1.7894736842105263,0.0,0.0,0.0
64,10,96,97,55,2,2,17,0,1.7894736842105263,1.0,0.0,1.0
64,10,96,97,56,1,0,17,0,0.9444444444444444,0.0,0.0,0.0
64,10,96,97,57,1,0,16,0,0.9411764705882353,0.0,0.0,0.0
64,10,104,105,42,3,0,7,0,2.1,0.0,0.0,0.0
64,10,104,105,43,4,1,7,0,2.5454545454545454,0.25,0.0,0.25
64,10,104,105,44,3,0,8,0,2.1818181818181817,0.0,0.0,0.0
64,10,104,105,45,5,1,8,0,3.076923076923077,0.2,0.0,0.2
64,10,104,105,46,2,0,11,0,1.6923076923076923,0.0,0.0,0.0
64,10,104,105,47,2,0,11,0,1.6923076923076923,0.0,0.0,0.0
64,10,104,105,48,2,0,11,0,1.6923076923076923,0.0,0.0,0.0
64,10,104,105,49,2,0,12,0,1.7142857142857142,0.0,0.0,0.0
64,10,104,105,50,3,0,12,0,2.4,0.0,0.0,0.0
64,10,104,105,51,4,0,10,0,2.857142857142857,0.0,0.0,0.0
64,10,104,105,52,3,0,9,0,2.25,0.0,0.0,0.0
64,10,104,105,53,4,1,9,0,2.769230769230769,0.25,0.0,0.25
64,10,104,105,54,2,0,10,0,1.6666666666666667,0.0,0.0,0.0
64,10,104,105,55,3,1,9,0,2.25,0.3333333333333333,0.0,0.3333333333333333
64,10,104,105,57,9,5,7,0,3.9375,0.5555555555555556,0.0,0.5555555555555556
64,10,104,105,59,5,1,8,0,3.076923076923077,0.2,0.0,0.2
64,10,112,113,42,4,0,1,0,0.8,0.0,0.0,0.0
64,10,112,113,43,6,2,2,0,1.5,0.3333333333333333,0.0,0.3333333333333333
64,10,112,113,44,3,0,5,0,1.875,0.0,0.0,0.0
64,10,112,113,45,5,3,5,0,2.5,0.6,0.0,0.6
64,10,112,113,46,3,0,7,0,2.1,0.0,0.0,0.0
64,10,112,113,47,6,2,7,0,3.230769230769231,0.3333333333333333,0.0,0.3333333333333333
64,10,112,113,48,5,0,9,0,3.2142857142857144,0.0,0.0,0.0
64,10,112,113,49,4,1,11,0,2.933333333333333,0.25,0.0,0.25
64,10,112,113,50,3,0,12,0,2.4,0.0,0.0,0.0
64,10,112,113,51,6,2,10,0,3.75,0.3333333333333333,0.0,0.3333333333333333
64,10,112,113,52,2,0,12,0,1.7142857142857142,0.0,0.0,0.0
64,10,112,113,53,4,1,11,0,2.933333333333333,0.25,0.0,0.25
64,10,112,113,54,2,0,11,0,1.6923076923076923,0.0,0.0,0.0
64,10,112,113,55,9,0,10,0,4.7368421052631575,0.0,0.0,0.0
64,10,112,113,56,2,0,15,0,1.7647058823529411,0.0,0.0,0.0
64,10,112,113,57,1,0,14,0,0.9333333333333333,0.0,0.0,0.0
64,10,112,113,58,2,0,12,0,1.7142857142857142,0.0,0.0,0.0
64,10,112,113,59,1,0,11,0,0.9166666666666666,0.0,0.0,0.0
64,10,112,113,61,1,0,9,0,0.9,0.0,0.0,0.0
64,10,120,121,43,5,2,1,0,0.8333333333333334,0.4,0.0,0.4
64,10,120,121,44,1,0,3,0,0.75,0.0,0.0,0.0
64,10,120,121,45,3,0,2,0,1.2,0.0,0.0,0.0
64,10,120,121,46,3,0,3,0,1.5,0.0,0.0,0.0
64,10,120,121,47,4,1,4,0,2.0,0.25,0.0,0.25
64,10,120,121,48,4,0,5,0,2.2222222222222223,0.0,0.0,0.0
64,10,120,121,49,7,2,6,0,3.230769230769231,0.2857142857142857,0.0,0.2857142857142857
64,10,120,121,50,5,0,9,0,3.2142857142857144,0.0,0.0,0.0
64,10,120,121,51,8,2,9,0,4.235294117647059,0.25,0.0,0.25
64,10,120,121,52,2,0,12,0,1.7142857142857142,0.0,0.0,0.0
64,10,120,121,53,7,3,11,0,4.277777777777778,0.42857142857142855,0.0,0.42857142857142855
64,10,120,121,54,3,0,15,0,2.5,0.0,0.0,0.0
64,10,120,121,55,5,1,15,0,3.75,0.2,0.0,0.2
64,10,120,121,57,2,1,15,0,1.7647058823529411,0.5,0.0,0.5
64,10,128,129,50,5,0,2,0,1.4285714285714286,0.0,0.0,0.0
64,10,128,129,51,6,2,2,0,1.5,0.3333333333333333,0.0,0.3333333333333333
64,10,128,129,52,1,0,4,0,0.8,0.0,0.0,0.0
64,10,128,129,53,6,2,3,0,2.0,0.3333333333333333,0.0,0.3333333333333333
64,10,128,129,54,2,0,7,0,1.5555555555555556,0.0,0.0,0.0
64,10,128,129,55,9,6,8,0,4.235294117647059,0.6666666666666666,0.0,0.6666666666666666
64,10,128,129,57,6,3,11,0,3.8823529411764706,0.5,0.0,0.5
64,10,136,137,50,2,0,2,0,1.0,0.0,0.0,0.0
64,10,136,137,51,7,2,1,0,0.875,0.2857142857142857,0.0,0.2857142857142857
64,10,136,137,52,1,0,4,0,0.8,0.0,0.0,0.0
64,10,136,137,53,6,2,3,0,2.0,0.3333333333333333,0.0,0.3333333333333333
64,10,136,137,54,2,0,7,0,1.5555555555555556,0.0,0.0,0.0
64,10,136,137,55,3,0,8,0,2.1818181818181817,0.0,0.0,0.0
64,10,136,137,57,1,0,9,0,0.9,0.0,0.0,0.0
64,10,136,137,59,1,1,8,0,0.8888888888888888,1.0,0.0,1.0
64,10,136,137,60,2,0,7,0,1.5555555555555556,0.0,0.0,0.0
64,10,136,137,61,2,0,6,0,1.5,0.0,0.0,0.0
64,10,136,137,63,1,1,7,0,0.875,1.0,0.0,1.0
64,10,144,145,50,2,0,2,0,1.0,0.0,0.0,0.0
64,10,144,145,51,7,2,1,0,0.875,0.2857142857142857,0.0,0.2857142857142857
64,10,144,145,52,2,0,3,0,1.2,0.0,0.0,0.0
64,10,144,145,53,5,1,3,0,1.875,0.2,0.0,0.2
64,10,144,145,54,2,0,7,0,1.5555555555555556,0.0,0.0,0.0
64,10,144,145,55,3,0,8,0,2.1818181818181817,0.0,0.0,0.0
64,10,144,145,57,2,0,9,0,1.6363636363636365,0.0,0.0,0.0
64,10,144,145,58,1,0,9,0,0.9,0.0,0.0,0.0
64,10,144,145,59,2,0,8,0,1.6,0.0,0.0,0.0
64,10,144,145,60,2,0,7,0,1.5555555555555556,0.0,0.0,0.0
64,10,144,145,61,2,0,6,0,1.5,0.0,0.0,0.0
64,10,144,145,64,1,0,8,0,0.8888888888888888,0.0,0.0,0.0
64,10,152,153,51,6,1,1,0,0.8571428571428571,0.16666666666666666,0.0,0.16666666666666666
64,10,152,153,52,2,0,3,0,1.2,0.0,0.0,0.0
64,10,152,153,53,5,3,3,0,1.875,0.6,0.0,0.6
64,10,152,153,54,1,0,7,0,0.875,0.0,0.0,0.0
64,10,152,153,55,7,1,7,0,3.5,0.14285714285714285,0.0,0.14285714285714285
64,10,152,153,56,1,0,11,0,0.9166666666666666,0.0,0.0,0.0
64,10,152,153,57,3,0,9,0,2.25,0.0,0.0,0.0
64,10,152,153,58,2,0,9,0,1.6363636363636365,0.0,0.0,0.0
64,10,152,153,59,2,0,8,0,1.6,0.0,0.0,0.0
64,10,152,153,60,2,0,7,0,1.5555555555555556,0.0,0.0,0.0
64,10,152,153,61,1,0,6,0,0.8571428571428571,0.0,0.0,0.0
64,10,152,153,62,1,0,5,0,0.8333333333333334,0.0,0.0,0.0
64,10,152,153,65,1,0,9,0,0.9,0.0,0.0,0.0
64,10,160,161,52,1,0,2,0,0.6666666666666666,0.0,0.0,0.0
64,10,160,161,53,3,1,1,0,0.75,0.3333333333333333,0.0,0.3333333333333333
64,10,160,161,55,11,5,2,0,1.6923076923076923,0.45454545454545453,0.0,0.45454545454545453
64,10,160,161,56,3,0,10,0,2.3076923076923075,0.0,0.0,0.0
64,10,160,161,57,4,0,9,0,2.769230769230769,0.0,0.0,0.0
64,10,160,161,58,3,0,9,0,2.25,0.0,0.0,0.0
64,10,160,161,59,2,0,8,0,1.6,0.0,0.0,0.0
64,10,160,161,60,1,0,8,0,0.8888888888888888,0.0,0.0,0.0
64,10,160,161,61,2,1,6,0,1.5,0.5,0.0,0.5
64,10,160,161,62,1,0,5,0,0.8333333333333334,0.0,0.0,0.0
64,10,160,161,63,3,1,4,0,1.7142857142857142,0.3333333333333333,0.0,0.3333333333333333
64,10,160,161,66,3,0,9,0,2.25,0.0,0.0,0.0
64,10,168,169,56,2,0,3,0,1.2,0.0,0.0,0.0
64,10,168,169,57,12,3,1,0,0.9230769230769231,0.25,0.0,0.25
64,10,168,169,58,3,0,9,0,2.25,0.0,0.0,0.0
64,10,168,169,59,2,0,8,0,1.6,0.0,0.0,0.0
64,10,168,169,60,1,0,8,0,0.8888888888888888,0.0,0.0,0.0
64,10,168,169,61,1,0,7,0,0.875,0.0,0.0,0.0
64,10,168,169,62,2,0,5,0,1.4285714285714286,0.0,0.0,0.0
64,10,168,169,64,2,1,3,0,1.2,0.5,0.0,0.5
64,10,168,169,65,3,2,4,0,1.7142857142857142,0.6666666666666666,0.0,0.6666666666666666
64,10,168,169,66,2,0,4,0,1.3333333333333333,0.0,0.0,0.0
64,10,168,169,67,5,1,4,0,2.2222222222222223,0.2,0.0,0.2
64,10,168,169,68,3,0,9,0,2.25,0.0,0.0,0.0
64,10,168,169,69,3,0,12,0,2.4,0.0,0.0,0.0
64,10,168,169,70,3,0,15,0,2.5,0.0,0.0,0.0
64,10,168,169,71,3,0,18,0,2.5714285714285716,0.0,0.0,0.0
64,10,168,169,72,3,0,21,0,2.625,0.0,0.0,0.0
64,10,168,169,73,4,1,23,0,3.4074074074074074,0.25,0.0,0.25
64,10,168,169,74,3,0,25,0,2.6785714285714284,0.0,0.0,0.0
64,10,168,169,75,3,0,27,0,2.7,0.0,0.0,0.0
64,10,168,169,76,3,0,29,0,2.71875,0.0,0.0,0.0
64,10,168,169,77,1,0,31,0,0.96875,0.0,0.0,0.0
64,10,168,169,78,1,0,31,0,0.96875,0.0,0.0,0.0
64,10,168,169,79,2,0,32,0,1.8823529411764706,0.0,0.0,0.0
64,10,176,177,56,2,0,2,0,1.0,0.0,0.0,0.0
64,10,176,177,57,5,0,1,0,0.8333333333333334,0.0,0.0,0.0
64,10,176,177,59,9,4,1,0,0.9,0.4444444444444444,0.0,0.4444444444444444
64,10,176,177,60,2,0,8,0,1.6,0.0,0.0,0.0
64,10,176,177,61,1,0,8,0,0.8888888888888888,0.0,0.0,0.0
64,10,176,177,62,2,0,5,0,1.4285714285714286,0.0,0.0,0.0
64,10,176,177,65,2,1,2,0,1.0,0.5,0.0,0.5
64,10,176,177,66,2,1,2,0,1.0,0.5,0.0,0.5
64,10,176,177,67,4,1,2,0,1.3333333333333333,0.25,0.0,0.25
64,10,176,177,68,3,1,6,0,2.0,0.3333333333333333,0.0,0.3333333333333333
64,10,176,177,69,3,1,9,0,2.25,0.3333333333333333,0.0,0.3333333333333333
64,10,176,177,70,3,1,12,0,2.4,0.3333333333333333,0.0,0.3333333333333333
64,10,176,177,71,3,1,15,0,2.5,0.3333333333333333,0.0,0.3333333333333333
64,10,176,177,72,3,1,18,0,2.5714285714285716,0.3333333333333333,0.0,0.3333333333333333
64,10,176,177,73,4,2,20,0,3.3333333333333335,0.5,0.0,0.5
64,10,176,177,74,3,1,22,0,2.64,0.3333333333333333,0.0,0.3333333333333333
64,10,176,177,75,3,0,24,0,2.6666666666666665,0.0,0.0,0.0
64,10,176,177,76,3,0,26,0,2.689655172413793,0.0,0.0,0.0
64,10,176,177,77,3,0,28,0,2.7096774193548385,0.0,0.0,0.0
64,10,176,177,78,1,0,30,0,0.967741935483871,0.0,0.0,0.0
64,10,176,177,79,1,0,31,0,0.96875,0.0,0.0,0.0
64,10,176,177,80,1,0,30,0,0.967741935483871,0.0,0.0,0.0
64,10,176,177,81,1,0,29,0,0.9666666666666667,0.0,0.0,0.0
64,10,184,185,56,2,0,2,0,1.0,0.0,0.0,0.0
64,10,184,185,57,5,0,1,0,0.8333333333333334,0.0,0.0,0.0
64,10,184,185,58,5,0,1,0,0.8333333333333334,0.0,0.0,0.0
64,10,184,185,59,4,0,1,0,0.8,0.0,0.0,0.0
64,10,184,185,60,4,0,1,0,0.8,0.0,0.0,0.0
64,10,184,185,61,7,2,2,0,1.5555555555555556,0.2857142857142857,0.0,0.2857142857142857
64,10,184,185,63,1,0,4,0,0.8,0.0,0.0,0.0
64,10,184,185,65,1,0,2,0,0.6666666666666666,0.0,0.0,0.0
64,10,184,185,66,1,0,2,0,0.6666666666666666,0.0,0.0,0.0
64,10,184,185,67,1,0,2,0,0.6666666666666666,0.0,0.0,0.0
64,10,184,185,68,4,0,3,0,1.7142857142857142,0.0,0.0,0.0
64,10,184,185,69,2,0,8,0,1.6,0.0,0.0,0.0
64,10,184,185,70,2,0,11,0,1.6923076923076923,0.0,0.0,0.0
64,10,184,185,71,2,0,14,0,1.75,0.0,0.0,0.0
64,10,184,185,72,2,0,17,0,1.7894736842105263,0.0,0.0,0.0
64,10,184,185,73,2,0,19,0,1.8095238095238095,0.0,0.0,0.0
64,10,184,185,74,2,0,21,0,1.826086956521739,0.0,0.0,0.0
64,10,184,185,75,2,0,23,0,1.84,0.0,0.0,0.0
64,10,184,185,76,2,0,25,0,1.8518518518518519,0.0,0.0,0.0
64,10,184,185,77,2,0,27,0,1.8620689655172413,0.0,0.0,0.0
64,10,184,185,78,1,0,29,0,0.9666666666666667,0.0,0.0,0.0
64,10,184,185,79,1,0,30,0,0.967741935483871,0.0,0.0,0.0
64,10,184,185,80,1,0,29,0,0.9666666666666667,0.0,0.0,0.0
64,10,184,185,81,2,1,28,0,1.8666666666666667,0.5,0.0,0.5
64,10,192,193,56,1,0,2,0,0.6666666666666666,0.0,0.0,0.0
64,10,192,193,57,3,0,1,0,0.75,0.0,0.0,0.0
64,10,192,193,58,3,0,2,0,1.2,0.0,0.0,0.0
64,10,192,193,59,5,1,1,0,0.8333333333333334,0.2,0.0,0.2
64,10,192,193,60,3,0,2,0,1.2,0.0,0.0,0.0
64,10,192,193,61,3,0,2,0,1.2,0.0,0.0,0.0
64,10,192,193,62,2,0,2,0,1.0,0.0,0.0,0.0
64,10,192,193,65,1,0,2,0,0.6666666666666666,0.0,0.0,0.0
64,10,192,193,66,1,0,2,0,0.6666666666666666,0.0,0.0,0.0
64,10,192,193,67,1,0,2,0,0.6666666666666666,0.0,0.0,0.0
64,10,192,193,68,4,0,3,0,1.7142857142857142,0.0,0.0,0.0
64,10,192,193,69,2,0,8,0,1.6,0.0,0.0,0.0
64,10,192,193,70,2,0,11,0,1.6923076923076923,0.0,0.0,0.0
64,10,192,193,71,2,0,14,0,1.75,0.0,0.0,0.0
64,10,192,193,72,2,0,17,0,1.7894736842105263,0.0,0.0,0.0
64,10,192,193,73,2,0,19,0,1.8095238095238095,0.0,0.0,0.0
64,10,192,193,74,2,0,21,0,1.826086956521739,0.0,0.0,0.0
64,10,192,193,75,2,0,23,0,1.84,0.0,0.0,0.0
64,10,192,193,76,2,0,25,0,1.8518518518518519,0.0,0.0,0.0
64,10,192,193,77,2,0,27,0,1.8620689655172413,0.0,0.0,0.0
64,10,192,193,78,1,0,29,0,0.9666666666666667,0.0,0.0,0.0
64,10,192,193,79,1,0,30,0,0.967741935483871,0.0,0.0,0.0
64,10,192,193,80,1,0,29,0,0.9666666666666667,0.0,0.0,0.0
64,10,192,193,81,1,0,28,0,0.9655172413793104,0.0,0.0,0.0
64,10,192,193,82,1,0,27,0,0.9642857142857143,0.0,0.0,0.0
64,10,200,201,56,2,0,2,0,1.0,0.0,0.0,0.0
64,10,200,201,57,2,0,2,0,1.0,0.0,0.0,0.0
64,10,200,201,58,2,0,2,0,1.0,0.0,0.0,0.0
64,10,200,201,59,4,1,1,0,0.8,0.25,0.0,0.25
64,10,200,201,60,3,0,2,0,1.2,0.0,0.0,0.0
64,10,200,201,61,3,0,2,0,1.2,0.0,0.0,0.0
64,10,200,201,62,2,0,2,0,1.0,0.0,0.0,0.0
64,10,200,201,66,1,0,2,0,0.6666666666666666,0.0,0.0,0.0
64,10,200,201,67,1,0,2,0,0.6666666666666666,0.0,0.0,0.0
64,10,200,201,68,3,0,3,0,1.5,0.0,0.0,0.0
64,10,200,201,69,2,0,7,0,1.5555555555555556,0.0,0.0,0.0
64,10,200,201,70,3,1,10,0,2.3076923076923075,0.3333333333333333,0.0,0.3333333333333333
64,10,200,201,71,2,1,14,0,1.75,0.5,0.0,0.5
64,10,200,201,72,2,0,17,0,1.7894736842105263,0.0,0.0,0.0
64,10,200,201,73,2,0,19,0,1.8095238095238095,0.0,0.0,0.0
64,10,200,201,74,2,0,21,0,1.826086956521739,0.0,0.0,0.0
64,10,200,201,75,2,0,23,0,1.84,0.0,0.0,0.0
64,10,200,201,76,2,0,25,0,1.8518518518518519,0.0,0.0,0.0
64,10,200,201,77,2,1,27,0,1.8620689655172413,0.5,0.0,0.5
64,10,200,201,78,1,0,29,0,0.9666666666666667,0.0,0.0,0.0
64,10,200,201,79,1,1,30,0,0.967741935483871,1.0,0.0,1.0
64,10,200,201,80,1,0,29,0,0.9666666666666667,0.0,0.0,0.0
64,10,200,201,81,1,0,28,0,0.9655172413793104,0.0,0.0,0.0
64,10,200,201,83,1,0,24,0,0.96,0.0,0.0,0.0
64,10,208,209,56,1,0,2,0,0.6666666666666666,0.0,0.0,0.0
64,10,208,209,57,2,1,2,0,1.0,0.5,0.0,0.5
64,10,208,209,58,3,0,1,0,0.75,0.0,0.0,0.0
64,10,208,209,59,2,0,1,0,0.6666666666666666,0.0,0.0,0.0
64,10,208,209,60,2,0,1,0,0.6666666666666666,0.0,0.0,0.0
64,10,208,209,61,3,1,2,0,1.2,0.3333333333333333,0.0,0.3333333333333333
64,10,208,209,62,2,0,2,0,1.0,0.0,0.0,0.0
64,10,208,209,66,1,0,2,0,0.6666666666666666,0.0,0.0,0.0
64,10,208,209,67,1,0,2,0,0.6666666666666666,0.0,0.0,0.0
64,10,208,209,68,3,0,3,0,1.5,0.0,0.0,0.0
64,10,208,209,69,2,0,7,0,1.5555555555555556,0.0,0.0,0.0
64,10,208,209,70,2,0,10,0,1.6666666666666667,0.0,0.0,0.0
64,10,208,209,71,2,0,13,0,1.7333333333333334,0.0,0.0,0.0
64,10,208,209,72,2,0,16,0,1.7777777777777777,0.0,0.0,0.0
64,10,208,209,73,2,0,18,0,1.8,0.0,0.0,0.0
64,10,208,209,74,2,0,20,0,1.8181818181818181,0.0,0.0,0.0
64,10,208,209,75,2,0,22,0,1.8333333333333333,0.0,0.0,0.0
64,10,208,209,76,2,0,24,0,1.8461538461538463,0.0,0.0,0.0
64,10,208,209,77,2,1,26,0,1.8571428571428572,0.5,0.0,0.5
64,10,208,209,78,1,0,28,0,0.9655172413793104,0.0,0.0,0.0
64,10,208,209,79,1,0,29,0,0.9666666666666667,0.0,0.0,0.0
64,10,208,209,80,1,0,28,0,0.9655172413793104,0.0,0.0,0.0
64,10,208,209,81,1,0,27,0,0.9642857142857143,0.0,0.0,0.0
64,10,208,209,82,1,0,26,0,0.9629629629629629,0.0,0.0,0.0
64,10,208,209,83,1,0,24,0,0.96,0.0,0.0,0.0
64,10,216,217,60,2,0,1,0,0.6666666666666666,0.0,0.0,0.0
64,10,216,217,61,1,0,2,0,0.6666666666666666,0.0,0.0,0.0
64,10,216,217,66,1,0,1,0,0.5,0.0,0.0,0.0
64,10,216,217,67,2,0,1,0,0.6666666666666666,0.0,0.0,0.0
64,10,216,217,68,3,0,3,0,1.5,0.0,0.0,0.0
64,10,216,217,69,2,0,7,0,1.5555555555555556,0.0,0.0,0.0
64,10,216,217,70,2,0,10,0,1.6666666666666667,0.0,0.0,0.0
64,10,216,217,71,2,0,13,0,1.7333333333333334,0.0,0.0,0.0
64,10,216,217,72,2,0,16,0,1.7777777777777777,0.0,0.0,0.0
64,10,216,217,73,2,0,18,0,1.8,0.0,0.0,0.0
64,10,216,217,74,2,0,20,0,1.8181818181818181,0.0,0.0,0.0
64,10,216,217,75,2,0,22,0,1.8333333333333333,0.0,0.0,0.0
64,10,216,217,76,2,0,24,0,1.8461538461538463,0.0,0.0,0.0
64,10,216,217,77,2,1,26,0,1.8571428571428572,0.5,0.0,0.5
64,10,216,217,78,1,0,28,0,0.9655172413793104,0.0,0.0,0.0
64,10,216,217,79,1,0,29,0,0.9666666666666667,0.0,0.0,0.0
64,10,216,217,80,1,0,28,0,0.9655172413793104,0.0,0.0,0.0
64,10,216,217,81,1,0,27,0,0.9642857142857143,0.0,0.0,0.0
64,10,216,217,82,1,0,26,0,0.9629629629629629,0.0,0.0,0.0
64,10,216,217,83,1,0,24,0,0.96,0.0,0.0,0.0
64,10,224,225,60,2,0,1,0,0.6666666666666666,0.0,0.0,0.0
64,10,224,225,61,1,0,2,0,0.6666666666666666,0.0,0.0,0.0
64,10,224,225,66,1,0,1,0,0.5,0.0,0.0,0.0
64,10,224,225,67,1,0,1,0,0.5,0.0,0.0,0.0
64,10,224,225,68,2,0,2,0,1.0,0.0,0.0,0.0
64,10,224,225,69,4,0,4,0,2.0,0.0,0.0,0.0
64,10,224,225,70,2,0,9,0,1.6363636363636365,0.0,0.0,0.0
64,10,224,225,71,3,1,12,0,2.4,0.3333333333333333,0.0,0.3333333333333333
64,10,224,225,72,1,0,16,0,0.9411764705882353,0.0,0.0,0.0
64,10,224,225,73,3,1,17,0,2.55,0.3333333333333333,0.0,0.3333333333333333
64,10,224,225,74,2,0,20,0,1.8181818181818181,0.0,0.0,0.0
64,10,224,225,75,2,0,22,0,1.8333333333333333,0.0,0.0,0.0
64,10,224,225,76,2,0,24,0,1.8461538461538463,0.0,0.0,0.0
64,10,224,225,77,1,0,26,0,0.9629629629629629,0.0,0.0,0.0
64,10,224,225,78,2,0,27,0,1.8620689655172413,0.0,0.0,0.0
64,10,224,225,79,1,0,29,0,0.9666666666666667,0.0,0.0,0.0
64,10,224,225,80,1,0,28,0,0.9655172413793104,0.0,0.0,0.0
64,10,224,225,81,1,0,27,0,0.9642857142857143,0.0,0.0,0.0
64,10,224,225,82,1,0,26,0,0.9629629629629629,0.0,0.0,0.0
64,10,224,225,83,1,0,24,0,0.96,0.0,0.0,0.0
64,10,232,233,61,2,0,1,0,0.6666666666666666,0.0,0.0,0.0
64,10,232,233,67,1,0,1,0,0.5,0.0,0.0,0.0
64,10,232,233,68,2,0,2,0,1.0,0.0,0.0,0.0
64,10,232,233,69,4,0,4,0,2.0,0.0,0.0,0.0
64,10,232,233,70,2,0,9,0,1.6363636363636365,0.0,0.0,0.0
64,10,232,233,71,2,0,12,0,1.7142857142857142,0.0,0.0,0.0
64,10,232,233,72,2,0,15,0,1.7647058823529411,0.0,0.0,0.0
64,10,232,233,73,2,0,17,0,1.7894736842105263,0.0,0.0,0.0
64,10,232,233,74,2,0,19,0,1.8095238095238095,0.0,0.0,0.0
64,10,232,233,75,2,0,21,0,1.826086956521739,0.0,0.0,0.0
64,10,232,233,76,2,0,23,0,1.84,0.0,0.0,0.0
64,10,232,233,77,2,0,25,0,1.8518518518518519,0.0,0.0,0.0
64,10,232,233,78,2,0,27,0,1.8620689655172413,0.0,0.0,0.0
64,10,232,233,79,1,0,29,0,0.9666666666666667,0.0,0.0,0.0
64,10,232,233,80,1,0,28,0,0.9655172413793104,0.0,0.0,0.0
64,10,232,233,81,1,0,27,0,0.9642857142857143,0.0,0.0,0.0
64,10,232,233,82,1,0,26,0,0.9629629629629629,0.0,0.0,0.0
64,10,232,233,83,1,0,24,0,0.96,0.0,0.0,0.0
64,10,240,241,67,1,0,1,0,0.5,0.0,0.0,0.0
64,10,240,241,68,2,0,2,0,1.0,0.0,0.0,0.0
64,10,240,241,69,4,0,4,0,2.0,0.0,0.0,0.0
64,10,240,241,70,2,0,9,0,1.6363636363636365,0.0,0.0,0.0
64,10,240,241,71,2,0,12,0,1.7142857142857142,0.0,0.0,0.0
64,10,240,241,72,2,0,15,0,1.7647058823529411,0.0,0.0,0.0
64,10,240,241,73,2,0,17,0,1.7894736842105263,0.0,0.0,0.0
64,10,240,241,74,2,0,19,0,1.8095238095238095,0.0,0.0,0.0
64,10,240,241,75,2,0,21,0,1.826086956521739,0.0,0.0,0.0
64,10,240,241,76,2,0,23,0,1.84,0.0,0.0,0.0
64,10,240,241,77,2,0,25,0,1.8518518518518519,0.0,0.0,0.0
64,10,240,241,78,2,0,27,0,1.8620689655172413,0.0,0.0,0.0
64,10,240,241,79,1,0,29,0,0.9666666666666667,0.0,0.0,0.0
64,10,240,241,80,1,0,28,0,0.9655172413793104,0.0,0.0,0.0
64,10,240,241,81,1,0,27,0,0.9642857142857143,0.0,0.0,0.0
64,10,240,241,82,1,0,26,0,0.9629629629629629,0.0,0.0,0.0
64,10,240,241,83,1,0,24,0,0.96,0.0,0.0,0.0
64,10,248,249,67,1,0,1,0,0.5,0.0,0.0,0.0
64,10,248,249,68,2,0,2,0,1.0,0.0,0.0,0.0
64,10,248,249,69,3,1,4,0,1.7142857142857142,0.3333333333333333,0.0,0.3333333333333333
64,10,248,249,70,3,0,7,0,2.1,0.0,0.0,0.0
64,10,248,249,71,3,1,11,0,2.357142857142857,0.3333333333333333,0.0,0.3333333333333333
64,10,248,249,72,1,0,15,0,0.9375,0.0,0.0,0.0
64,10,248,249,73,3,1,16,0,2.526315789473684,0.3333333333333333,0.0,0.3333333333333333
64,10,248,249,74,1,0,19,0,0.95,0.0,0.0,0.0
64,10,248,249,75,3,1,20,0,2.608695652173913,0.3333333333333333,0.0,0.3333333333333333
64,10,248,249,76,1,0,23,0,0.9583333333333334,0.0,0.0,0.0
64,10,248,249,77,3,1,24,0,2.6666666666666665,0.3333333333333333,0.0,0.3333333333333333
64,10,248,249,78,2,0,27,0,1.8620689655172413,0.0,0.0,0.0
64,10,248,249,79,1,0,29,0,0.9666666666666667,0.0,0.0,0.0
64,10,248,249,80,1,0,28,0,0.9655172413793104,0.0,0.0,0.0
64,10,248,249,81,1,0,27,0,0.9642857142857143,0.0,0.0,0.0
64,10,248,249,82,1,0,26,0,0.9629629629629629,0.0,0.0,0.0
64,10,248,249,83,1,0,24,0,0.96,0.0,0.0,0.0
64,11,16,17,14,1,0,6,0,0.8571428571428571,0.0,0.0,0.0
64,11,24,25,17,5,3,1,0,0.8333333333333334,0.6,0.0,0.6
64,11,24,25,18,2,0,5,0,1.4285714285714286,0.0,0.0,0.0
64,11,24,25,19,4,1,7,0,2.5454545454545454,0.25,0.0,0.25
64,11,32,33,20,2,0,4,0,1.3333333333333333,0.0,0.0,0.0
64,11,32,33,21,7,3,5,0,2.9166666666666665,0.42857142857142855,0.0,0.42857142857142855
64,11,32,33,23,3,1,12,0,2.4,0.3333333333333333,0.0,0.3333333333333333
64,11,40,41,20,2,0,1,0,0.6666666666666666,0.0,0.0,0.0
64,11,40,41,21,7,4,2,0,1.5555555555555556,0.5714285714285714,0.0,0.5714285714285714
64,11,40,41,22,1,0,9,0,0.9,0.0,0.0,0.0
64,11,40,41,23,3,2,10,0,2.3076923076923075,0.6666666666666666,0.0,0.6666666666666666
64,11,40,41,25,3,2,13,0,2.4375,0.6666666666666666,0.0,0.6666666666666666
64,11,40,41,26,1,0,15,0,0.9375,0.0,0.0,0.0
64,11,40,41,27,2,0,15,0,1.7647058823529411,0.0,0.0,0.0
64,11,48,49,20,2,0,1,0,0.6666666666666666,0.0,0.0,0.0
64,11,48,49,21,4,2,2,0,1.3333333333333333,0.5,0.0,0.5
64,11,48,49,22,2,0,5,0,1.4285714285714286,0.0,0.0,0.0
64,11,48,49,23,5,2,6,0,2.727272727272727,0.4,0.0,0.4
64,11,48,49,25,3,2,11,0,2.357142857142857,0.6666666666666666,0.0,0.6666666666666666
64,11,48,49,27,3,1,12,0,2.4,0.3333333333333333,0.0,0.3333333333333333
64,11,48,49,28,2,0,14,0,1.75,0.0,0.0,0.0
64,11,48,49,29,2,0,14,0,1.75,0.0,0.0,0.0
64,11,48,49,32,1,0,9,0,0.9,0.0,0.0,0.0
64,11,48,49,34,1,0,6,0,0.8571428571428571,0.0,0.0,0.0
64,11,56,57,22,1,0,3,0,0.75,0.0,0.0,0.0
64,11,56,57,23,4,2,3,0,1.7142857142857142,0.5,0.0,0.5
64,11,56,57,24,2,0,6,0,1.5,0.0,0.0,0.0
64,11,56,57,25,5,1,7,0,2.9166666666666665,0.2,0.0,0.2
64,11,56,57,26,1,0,11,0,0.9166666666666666,0.0,0.0,0.0
64,11,56,57,27,2,1,11,0,1.6923076923076923,0.5,0.0,0.5
64,11,56,57,28,1,0,12,0,0.9230769230769231,0.0,0.0,0.0
64,11,56,57,29,3,2,11,0,2.357142857142857,0.6666666666666666,0.0,0.6666666666666666
64,11,56,57,30,3,0,11,0,2.357142857142857,0.0,0.0,0.0
64,11,56,57,32,1,0,9,0,0.9,0.0,0.0,0.0
64,11,56,57,35,1,0,5,0,0.8333333333333334,0.0,0.0,0.0
64,11,56,57,36,1,0,5,0,0.8333333333333334,0.0,0.0,0.0
64,11,56,57,37,1,0,5,0,0.8333333333333334,0.0,0.0,0.0
64,11,56,57,38,1,0,5,0,0.8333333333333334,0.0,0.0,0.0
64,11,56,57,39,1,0,5,0,0.8333333333333334,0.0,0.0,0.0
64,11,56,57,40,1,0,5,0,0.8333333333333334,0.0,0.0,0.0
64,11,56,57,41,1,0,6,0,0.8571428571428571,0.0,0.0,0.0
64,11,56,57,42,3,1,7,0,2.1,0.3333333333333333,0.0,0.3333333333333333
64,11,64,65,24,1,0,3,0,0.75,0.0,0.0,0.0
64,11,64,65,25,4,1,3,0,1.7142857142857142,0.25,0.0,0.25
64,11,64,65,26,4,0,5,0,2.2222222222222223,0.0,0.0,0.0
64,11,64,65,27,4,2,7,0,2.5454545454545454,0.5,0.0,0.5
64,11,64,65,28,1,0,10,0,0.9090909090909091,0.0,0.0,0.0
64,11,64,65,29,2,1,9,0,1.6363636363636365,0.5,0.0,0.5
64,11,64,65,30,1,0,8,0,0.8888888888888888,0.0,0.0,0.0
64,11,64,65,31,6,4,6,0,3.0,0.6666666666666666,0.0,0.6666666666666666
64,11,64,65,32,1,0,9,0,0.9,0.0,0.0,0.0
64,11,64,65,36,1,0,4,0,0.8,0.0,0.0,0.0
64,11,64,65,37,1,0,4,0,0.8,0.0,0.0,0.0
64,11,64,65,38,1,0,4,0,0.8,0.0,0.0,0.0
64,11,64,65,39,1,0,4,0,0.8,0.0,0.0,0.0
64,11,64,65,40,1,0,4,0,0.8,0.0,0.0,0.0
64,11,64,65,41,1,0,5,0,0.8333333333333334,0.0,0.0,0.0
64,11,64,65,42,1,0,6,0,0.8571428571428571,0.0,0.0,0.0
64,11,64,65,43,2,1,7,0,1.5555555555555556,0.5,0.0,0.5
64,11,64,65,44,2,0,8,0,1.6,0.0,0.0,0.0
64,11,64,65,45,3,1,9,0,2.25,0.3333333333333333,0.0,0.3333333333333333
64,11,64,65,46,1,0,12,0,0.9230769230769231,0.0,0.0,0.0
64,11,64,65,47,1,1,13,0,0.9285714285714286,1.0,0.0,1.0
64,11,72,73,25,2,1,1,0,0.6666666666666666,0.5,0.0,0.5
64,11,72,73,27,6,5,1,0,0.8571428571428571,0.8333333333333334,0.0,0.8333333333333334
64,11,72,73,28,2,0,4,0,1.3333333333333333,0.0,0.0,0.0
64,11,72,73,29,5,1,4,0,2.2222222222222223,0.2,0.0,0.2
64,11,72,73,30,1,0,6,0,0.8571428571428571,0.0,0.0,0.0
64,11,72,73,31,3,1,4,0,1.7142857142857142,0.3333333333333333,0.0,0.3333333333333333
64,11,72,73,32,3,0,3,0,1.5,0.0,0.0,0.0
64,11,72,73,33,5,3,3,0,1.875,0.6,0.0,0.6
64,11,72,73,37,1,0,3,0,0.75,0.0,0.0,0.0
64,11,72,73,38,1,0,3,0,0.75,0.0,0.0,0.0
64,11,72,73,39,1,0,3,0,0.75,0.0,0.0,0.0
64,11,72,73,40,1,0,3,0,0.75,0.0,0.0,0.0
64,11,72,73,41,1,0,4,0,0.8,0.0,0.0,0.0
64,11,72,73,42,1,0,5,0,0.8333333333333334,0.0,0.0,0.0
64,11,72,73,43,3,2,6,0,2.0,0.6666666666666666,0.0,0.6666666666666666
64,11,72,73,44,2,0,8,0,1.6,0.0,0.0,0.0
64,11,72,73,45,2,0,9,0,1.6363636363636365,0.0,0.0,0.0
64,11,72,73,46,2,0,10,0,1.6666666666666667,0.0,0.0,0.0
64,11,72,73,47,1,0,11,0,0.9166666666666666,0.0,0.0,0.0
64,11,72,73,48,1,0,11,0,0.9166666666666666,0.0,0.0,0.0
64,11,72,73,49,1,0,11,0,0.9166666666666666,0.0,0.0,0.0
64,11,80,81,30,3,0,1,0,0.75,0.0,0.0,0.0
64,11,80,81,32,1,0,2,0,0.6666666666666666,0.0,0.0,0.0
64,11,80,81,34,2,0,1,0,0.6666666666666666,0.0,0.0,0.0
64,11,80,81,35,3,1,1,0,0.75,0.3333333333333333,0.0,0.3333333333333333
64,11,80,81,36,1,0,2,0,0.6666666666666666,0.0,0.0,0.0
64,11,80,81,37,3,0,1,0,0.75,0.0,0.0,0.0
64,11,80,81,38,1,0,3,0,0.75,0.0,0.0,0.0
64,11,80,81,39,1,0,3,0,0.75,0.0,0.0,0.0
64,11,80,81,40,1,0,3,0,0.75,0.0,0.0,0.0
64,11,80,81,41,1,0,4,0,0.8,0.0,0.0,0.0
64,11,80,81,42,1,0,5,0,0.8333333333333334,0.0,0.0,0.0
64,11,80,81,43,2,0,6,0,1.5,0.0,0.0,0.0
64,11,80,81,44,2,0,7,0,1.5555555555555556,0.0,0.0,0.0
64,11,80,81,45,2,0,8,0,1.6,0.0,0.0,0.0
64,11,80,81,46,2,0,9,0,1.6363636363636365,0.0,0.0,0.0
64,11,80,81,47,1,0,10,0,0.9090909090909091,0.0,0.0,0.0
64,11,80,81,48,1,0,10,0,0.9090909090909091,0.0,0.0,0.0
64,11,80,81,49,1,0,10,0,0.9090909090909091,0.0,0.0,0.0
64,11,80,81,50,1,0,10,0,0.9090909090909091,0.0,0.0,0.0
64,11,88,89,38,2,0,1,0,0.6666666666666666,0.0,0.0,0.0
64,11,88,89,39,1,0,2,0,0.6666666666666666,0.0,0.0,0.0
64,11,88,89,40,1,0,2,0,0.6666666666666666,0.0,0.0,0.0
64,11,88,89,41,1,0,3,0,0.75,0.0,0.0,0.0
64,11,88,89,42,1,0,4,0,0.8,0.0,0.0,0.0
64,11,88,89,43,2,1,5,0,1.4285714285714286,0.5,0.0,0.5
64,11,88,89,44,2,0,6,0,1.5,0.0,0.0,0.0
64,11,88,89,45,2,0,7,0,1.5555555555555556,0.0,0.0,0.0
64,11,88,89,46,2,0,8,0,1.6,0.0,0.0,0.0
64,11,88,89,47,2,0,9,0,1.6363636363636365,0.0,0.0,0.0
64,11,88,89,48,1,0,9,0,0.9,0.0,0.0,0.0
64,11,88,89,49,1,0,9,0,0.9,0.0,0.0,0.0
64,11,88,89,50,1,0,9,0,0.9,0.0,0.0,0.0
64,11,88,89,51,1,0,9,0,0.9,0.0,0.0,0.0
64,11,96,97,39,1,1,1,0,0.5,1.0,0.0,1.0
64,11,96,97,50,1,0,2,0,0.6666666666666666,0.0,0.0,0.0
64,11,96,97,51,4,4,2,1,1.3333333333333333,1.0,0.5,0.5
64,11,96,97,52,1,0,4,0,0.8,0.0,0.0,0.0
64,11,96,97,53,4,4,4,1,2.0,1.0,0.25,0.75
64,11,96,97,55,3,2,3,0,1.5,0.6666666666666666,0.0,0.6666666666666666
64,11,104,105,56,2,0,1,0,0.6666666666666666,0.0,0.0,0.0
64,11,112,113,52,2,0,4,0,1.3333333333333333,0.0,0.0,0.0
64,11,112,113,53,2,0,4,0,1.3333333333333333,0.0,0.0,0.0
64,11,112,113,54,2,0,3,0,1.2,0.0,0.0,0.0
64,11,112,113,55,2,0,2,0,1.0,0.0,0.0,0.0
64,11,112,113,56,1,0,2,0,0.6666666666666666,0.0,0.0,0.0
64,11,120,121,50,1,0,2,0,0.6666666666666666,0.0,0.0,0.0
64,11,120,121,51,4,2,2,0,1.3333333333333333,0.5,0.0,0.5
64,11,120,121,52,2,0,4,0,1.3333333333333333,0.0,0.0,0.0
64,11,120,121,53,2,0,4,0,1.3333333333333333,0.0,0.0,0.0
64,11,120,121,55,2,0,4,0,1.3333333333333333,0.0,0.0,0.0
64,11,128,129,50,1,0,2,0,0.6666666666666666,0.0,0.0,0.0
64,11,128,129,51,4,2,2,0,1.3333333333333333,0.5,0.0,0.5
64,11,128,129,52,3,0,4,0,1.7142857142857142,0.0,0.0,0.0
64,11,128,129,53,1,0,5,0,0.8333333333333334,0.0,0.0,0.0
64,11,128,129,54,1,0,5,0,0.8333333333333334,0.0,0.0,0.0
64,11,128,129,55,1,0,5,0,0.8333333333333334,0.0,0.0,0.0
64,11,136,137,50,1,0,2,0,0.6666666666666666,0.0,0.0,0.0
64,11,136,137,51,4,0,2,0,1.3333333333333333,0.0,0.0,0.0
64,11,136,137,52,3,0,4,0,1.7142857142857142,0.0,0.0,0.0
64,11,136,137,53,1,0,5,0,0.8333333333333334,0.0,0.0,0.0
64,11,136,137,54,1,0,5,0,0.8333333333333334,0.0,0.0,0.0
64,11,136,137,55,1,0,5,0,0.8333333333333334,0.0,0.0,0.0
64,11,144,145,50,1,0,3,0,0.75,0.0,0.0,0.0
64,11,144,145,51,4,1,3,0,1.7142857142857142,0.25,0.0,0.25
64,11,144,145,52,2,0,5,0,1.4285714285714286,0.0,0.0,0.0
64,11,144,145,53,1,0,5,0,0.8333333333333334,0.0,0.0,0.0
64,11,144,145,54,1,0,5,0,0.8333333333333334,0.0,0.0,0.0
64,11,144,145,55,1,0,5,0,0.8333333333333334,0.0,0.0,0.0
64,11,152,153,50,1,0,2,0,0.6666666666666666,0.0,0.0,0.0
64,11,152,153,51,2,1,2,0,1.0,0.5,0.0,0.5
64,11,152,153,52,2,0,3,0,1.2,0.0,0.0,0.0
64,11,152,153,53,3,1,4,0,1.7142857142857142,0.3333333333333333,0.0,0.3333333333333333
64,11,152,153,54,1,0,5,0,0.8333333333333334,0.0,0.0,0.0
64,11,152,153,55,1,0,5,0,0.8333333333333334,0.0,0.0,0.0
64,11,160,161,53,4,2,1,0,0.8,0.5,0.0,0.5
64,11,160,161,54,2,0,3,0,1.2,0.0,0.0,0.0
64,11,160,161,55,2,0,4,0,1.3333333333333333,0.0,0.0,0.0
64,11,168,169,54,2,0,1,0,0.6666666666666666,0.0,0.0,0.0
64,11,168,169,55,2,0,2,0,1.0,0.0,0.0,0.0
64,11,168,169,56,2,0,2,0,1.0,0.0,0.0,0.0
64,11,168,169,57,2,0,2,0,1.0,0.0,0.0,0.0
64,11,176,177,58,2,0,1,0,0.6666666666666666,0.0,0.0,0.0
64,12,8,9,9,15,14,7,0,4.7727272727272725,0.9333333333333333,0.0,0.9333333333333333
64,12,16,17,10,2,0,1,0,0.6666666666666666,0.0,0.0,0.0
64,12,16,17,11,8,6,3,0,2.1818181818181817,0.75,0.0,0.75
64,12,16,17,12,2,0,13,0,1.7333333333333334,0.0,0.0,0.0
64,12,16,17,13,15,10,14,0,7.241379310344827,0.6666666666666666,0.0,0.6666666666666666
64,12,24,25,14,5,0,4,0,2.2222222222222223,0.0,0.0,0.0
64,12,24,25,15,17,4,6,0,4.434782608695652,0.23529411764705882,0.0,0.23529411764705882
64,12,24,25,16,4,0,20,0,3.3333333333333335,0.0,0.0,0.0
64,12,24,25,17,2,0,21,0,1.826086956521739,0.0,0.0,0.0
64,12,32,33,15,6,3,1,0,0.8571428571428571,0.5,0.0,0.5
64,12,32,33,16,7,0,5,0,2.9166666666666665,0.0,0.0,0.0
64,12,32,33,17,13,3,8,0,4.9523809523809526,0.23076923076923078,0.0,0.23076923076923078
64,12,32,33,18,3,0,18,0,2.5714285714285716,0.0,0.0,0.0
64,12,40,41,16,2,0,2,0,1.0,0.0,0.0,0.0
64,12,40,41,17,7,3,3,0,2.1,0.42857142857142855,0.0,0.42857142857142855
64,12,40,41,18,5,0,8,0,3.076923076923077,0.0,0.0,0.0
64,12,40,41,19,8,2,11,0,4.631578947368421,0.25,0.0,0.25
64,12,40,41,20,2,0,16,0,1.7777777777777777,0.0,0.0,0.0
64,12,48,49,16,2,0,1,0,0.6666666666666666,0.0,0.0,0.0
64,12,48,49,17,2,0,2,0,1.0,0.0,0.0,0.0
64,12,48,49,18,2,0,3,0,1.2,0.0,0.0,0.0
64,12,48,49,19,7,4,4,0,2.5454545454545454,0.5714285714285714,0.0,0.5714285714285714
64,12,48,49,20,1,0,10,0,0.9090909090909091,0.0,0.0,0.0
64,12,48,49,21,5,3,9,0,3.2142857142857144,0.6,0.0,0.6
64,12,48,49,22,2,0,10,0,1.6666666666666667,0.0,0.0,0.0
64,12,48,49,33,3,2,1,0,0.75,0.6666666666666666,0.0,0.6666666666666666
64,12,56,57,18,1,0,2,0,0.6666666666666666,0.0,0.0,0.0
64,12,56,57,19,2,1,2,0,1.0,0.5,0.0,0.5
64,12,56,57,20,2,0,3,0,1.2,0.0,0.0,0.0
64,12,56,57,21,6,1,3,0,2.0,0.16666666666666666,0.0,0.16666666666666666
64,12,56,57,23,3,2,6,0,2.0,0.6666666666666666,0.0,0.6666666666666666
64,12,56,57,33,1,1,1,0,0.5,1.0,0.0,1.0
64,12,56,57,34,2,0,2,0,1.0,0.0,0.0,0.0
64,12,56,57,35,2,2,4,1,1.3333333333333333,1.0,0.25,0.75
64,12,56,57,36,2,0,5,0,1.4285714285714286,0.0,0.0,0.0
64,12,56,57,37,2,1,8,0,1.6,0.5,0.0,0.5
64,12,56,57,38,2,0,11,0,1.6923076923076923,0.0,0.0,0.0
64,12,56,57,39,2,1,14,0,1.75,0.5,0.0,0.5
64,12,56,57,40,1,0,18,0,0.9473684210526315,0.0,0.0,0.0
64,12,56,57,41,2,1,20,0,1.8181818181818181,0.5,0.0,0.5
64,12,64,65,20,1,0,1,0,0.5,0.0,0.0,0.0
64,12,64,65,21,4,2,1,0,0.8,0.5,0.0,0.5
64,12,64,65,22,3,0,3,0,1.5,0.0,0.0,0.0
64,12,64,65,23,2,0,4,0,1.3333333333333333,0.0,0.0,0.0
64,12,64,65,25,1,0,4,0,0.8,0.0,0.0,0.0
64,12,64,65,34,2,0,1,0,0.6666666666666666,0.0,0.0,0.0
64,12,64,65,35,2,1,2,0,1.0,0.5,0.0,0.5
64,12,64,65,36,3,0,3,0,1.5,0.0,0.0,0.0
64,12,64,65,37,2,0,7,0,1.5555555555555556,0.0,0.0,0.0
64,12,64,65,38,2,0,10,0,1.6666666666666667,0.0,0.0,0.0
64,12,64,65,39,2,0,13,0,1.7333333333333334,0.0,0.0,0.0
64,12,64,65,40,2,0,16,0,1.7777777777777777,0.0,0.0,0.0
64,12,64,65,41,2,0,18,0,1.8,0.0,0.0,0.0
64,12,64,65,42,1,0,20,0,0.9523809523809523,0.0,0.0,0.0
64,12,64,65,43,2,0,22,0,1.8333333333333333,0.0,0.0,0.0
64,12,72,73,22,1,0,1,0,0.5,0.0,0.0,0.0
64,12,72,73,23,5,2,1,0,0.8333333333333334,0.4,0.0,0.4
64,12,72,73,25,1,0,4,0,0.8,0.0,0.0,0.0
64,12,72,73,35,2,2,1,0,0.6666666666666666,1.0,0.0,1.0
64,12,72,73,36,3,0,2,0,1.2,0.0,0.0,0.0
64,12,72,73,37,2,0,6,0,1.5,0.0,0.0,0.0
64,12,72,73,38,2,0,9,0,1.6363636363636365,0.0,0.0,0.0
64,12,72,73,39,2,0,12,0,1.7142857142857142,0.0,0.0,0.0
64,12,72,73,40,2,0,15,0,1.7647058823529411,0.0,0.0,0.0
64,12,72,73,41,3,1,17,0,2.55,0.3333333333333333,0.0,0.3333333333333333
64,12,72,73,42,1,0,20,0,0.9523809523809523,0.0,0.0,0.0
64,12,72,73,43,1,0,22,0,0.9565217391304348,0.0,0.0,0.0
64,12,72,73,44,1,0,22,0,0.9565217391304348,0.0,0.0,0.0
64,12,80,81,25,3,1,1,0,0.75,0.3333333333333333,0.0,0.3333333333333333
64,12,80,81,37,2,1,3,0,1.2,0.5,0.0,0.5
64,12,80,81,38,1,0,6,0,0.8571428571428571,0.0,0.0,0.0
64,12,80,81,39,4,3,8,0,2.6666666666666665,0.75,0.0,0.75
64,12,80,81,40,2,0,13,0,1.7333333333333334,0.0,0.0,0.0
64,12,80,81,41,3,1,15,0,2.5,0.3333333333333333,0.0,0.3333333333333333
64,12,80,81,43,2,1,19,0,1.8095238095238095,0.5,0.0,0.5
64,12,80,81,44,1,0,20,0,0.9523809523809523,0.0,0.0,0.0
64,12,80,81,45,2,1,20,0,1.8181818181818181,0.5,0.0,0.5
64,12,88,89,37,1,0,3,0,0.75,0.0,0.0,0.0
64,12,88,89,38,1,0,5,0,0.8333333333333334,0.0,0.0,0.0
64,12,88,89,39,2,1,7,0,1.5555555555555556,0.5,0.0,0.5
64,12,88,89,40,2,0,9,0,1.6363636363636365,0.0,0.0,0.0
64,12,88,89,41,4,1,10,0,2.857142857142857,0.25,0.0,0.25
64,12,88,89,42,3,0,12,0,2.4,0.0,0.0,0.0
64,12,88,89,44,2,0,15,0,1.7647058823529411,0.0,0.0,0.0
64,12,88,89,46,1,0,15,0,0.9375,0.0,0.0,0.0
64,12,88,89,47,1,0,15,0,0.9375,0.0,0.0,0.0
64,12,88,89,49,1,1,14,0,0.9333333333333333,1.0,0.0,1.0
64,12,88,89,51,3,2,14,0,2.4705882352941178,0.6666666666666666,0.0,0.6666666666666666
64,12,96,97,38,1,0,5,0,0.8333333333333334,0.0,0.0,0.0
64,12,96,97,39,4,1,7,0,2.5454545454545454,0.25,0.0,0.25
64,12,96,97,40,2,0,12,0,1.7142857142857142,0.0,0.0,0.0
64,12,96,97,41,2,0,13,1,1.7333333333333334,0.0,0.07692307692307693,-0.07692307692307693
64,12,96,97,42,2,0,14,0,1.75,0.0,0.0,0.0
64,12,96,97,43,4,2,15,0,3.1578947368421053,0.5,0.0,0.5
64,12,96,97,44,1,0,17,0,0.9444444444444444,0.0,0.0,0.0
64,12,96,97,45,3,3,17,0,2.55,1.0,0.0,1.0
64,12,96,97,46,1,0,16,0,0.9411764705882353,0.0,0.0,0.0
64,12,96,97,47,1,0,16,0,0.9411764705882353,0.0,0.0,0.0
64,12,96,97,48,1,0,15,0,0.9375,0.0,0.0,0.0
64,12,96,97,49,2,0,15,0,1.7647058823529411,0.0,0.0,0.0
64,12,96,97,50,1,0,15,0,0.9375,0.0,0.0,0.0
64,12,96,97,51,1,0,15,0,0.9375,0.0,0.0,0.0
64,12,96,97,52,1,0,13,0,0.9285714285714286,0.0,0.0,0.0
64,12,96,97,53,2,1,12,0,1.7142857142857142,0.5,0.0,0.5
64,12,96,97,55,1,1,15,0,0.9375,1.0,0.0,1.0
64,12,104,105,38,7,0,1,0,0.875,0.0,0.0,0.0
64,12,104,105,39,2,1,9,0,1.6363636363636365,0.5,0.0,0.5
64,12,104,105,40,2,0,12,0,1.7142857142857142,0.0,0.0,0.0
64,12,104,105,41,2,1,14,0,1.75,0.5,0.0,0.5
64,12,104,105,42,2,0,15,0,1.7647058823529411,0.0,0.0,0.0
64,12,104,105,43,3,2,18,1,2.5714285714285716,0.6666666666666666,0.05555555555555555,0.611111111111111
64,12,104,105,45,4,3,17,0,3.238095238095238,0.75,0.0,0.75
64,12,104,105,46,1,0,17,0,0.9444444444444444,0.0,0.0,0.0
64,12,104,105,47,3,2,16,0,2.526315789473684,0.6666666666666666,0.0,0.6666666666666666
64,12,104,105,48,1,0,16,0,0.9411764705882353,0.0,0.0,0.0
64,12,104,105,49,2,0,15,0,1.7647058823529411,0.0,0.0,0.0
64,12,104,105,50,1,0,15,0,0.9375,0.0,0.0,0.0
64,12,104,105,51,1,0,15,0,0.9375,0.0,0.0,0.0
64,12,104,105,52,1,0,13,0,0.9285714285714286,0.0,0.0,0.0
64,12,104,105,53,1,0,12,0,0.9230769230769231,0.0,0.0,0.0
64,12,104,105,55,3,0,12,0,2.4,0.0,0.0,0.0
64,12,104,105,57,1,1,19,0,0.95,1.0,0.0,1.0
64,12,104,105,58,1,0,21,0,0.9545454545454546,0.0,0.0,0.0
64,12,104,105,59,2,1,23,0,1.84,0.5,0.0,0.5
64,12,112,113,38,6,0,1,0,0.8571428571428571,0.0,0.0,0.0
64,12,112,113,39,4,1,7,0,2.5454545454545454,0.25,0.0,0.25
64,12,112,113,40,2,0,12,0,1.7142857142857142,0.0,0.0,0.0
64,12,112,113,41,2,1,14,0,1.75,0.5,0.0,0.5
64,12,112,113,42,2,0,15,0,1.7647058823529411,0.0,0.0,0.0
64,12,112,113,43,3,2,18,0,2.5714285714285716,0.6666666666666666,0.0,0.6666666666666666
64,12,112,113,45,4,2,17,0,3.238095238095238,0.5,0.0,0.5
64,12,112,113,46,1,0,17,0,0.9444444444444444,0.0,0.0,0.0
64,12,112,113,47,3,2,16,0,2.526315789473684,0.6666666666666666,0.0,0.6666666666666666
64,12,112,113,48,1,0,16,0,0.9411764705882353,0.0,0.0,0.0
64,12,112,113,49,2,0,15,0,1.7647058823529411,0.0,0.0,0.0
64,12,112,113,50,1,0,15,0,0.9375,0.0,0.0,0.0
64,12,112,113,51,1,0,15,0,0.9375,0.0,0.0,0.0
64,12,112,113,53,2,0,12,0,1.7142857142857142,0.0,0.0,0.0
64,12,112,113,56,4,2,12,0,3.0,0.5,0.0,0.5
64,12,112,113,57,2,0,16,0,1.7777777777777777,0.0,0.0,0.0
64,12,112,113,58,3,0,17,0,2.55,0.0,0.0,0.0
64,12,112,113,59,3,0,19,0,2.590909090909091,0.0,0.0,0.0
64,12,112,113,60,3,0,22,0,2.64,0.0,0.0,0.0
64,12,112,113,61,4,1,25,0,3.4482758620689653,0.25,0.0,0.25
64,12,112,113,62,1,0,30,0,0.967741935483871,0.0,0.0,0.0
64,12,112,113,63,4,1,30,0,3.5294117647058822,0.25,0.0,0.25
64,12,112,113,64,2,0,35,0,1.8918918918918919,0.0,0.0,0.0
64,12,112,113,65,2,1,38,1,1.9,0.5,0.02631578947368421,0.4736842105263158
64,12,120,121,38,3,0,1,0,0.75,0.0,0.0,0.0
64,12,120,121,39,6,1,3,0,2.0,0.16666666666666666,0.0,0.16666666666666666
64,12,120,121,40,4,0,7,0,2.5454545454545454,0.0,0.0,0.0
64,12,120,121,41,5,0,8,0,3.076923076923077,0.0,0.0,0.0
64,12,120,121,42,5,0,10,0,3.3333333333333335,0.0,0.0,0.0
64,12,120,121,43,5,1,13,0,3.611111111111111,0.2,0.0,0.2
64,12,120,121,44,3,0,14,0,2.4705882352941178,0.0,0.0,0.0
64,12,120,121,45,7,3,12,0,4.421052631578948,0.42857142857142855,0.0,0.42857142857142855
64,12,120,121,46,4,0,12,0,3.0,0.0,0.0,0.0
64,12,120,121,47,7,3,11,0,4.277777777777778,0.42857142857142855,0.0,0.42857142857142855
64,12,120,121,48,3,0,12,0,2.4,0.0,0.0,0.0
64,12,120,121,49,5,0,10,0,3.3333333333333335,0.0,0.0,0.0
64,12,120,121,50,3,0,11,0,2.357142857142857,0.0,0.0,0.0
64,12,120,121,51,4,0,11,0,2.933333333333333,0.0,0.0,0.0
64,12,120,121,52,3,0,10,0,2.3076923076923075,0.0,0.0,0.0
64,12,120,121,53,4,0,10,0,2.857142857142857,0.0,0.0,0.0
64,12,120,121,56,1,0,12,0,0.9230769230769231,0.0,0.0,0.0
64,12,120,121,57,2,1,14,0,1.75,0.5,0.0,0.5
64,12,120,121,58,2,0,15,0,1.7647058823529411,0.0,0.0,0.0
64,12,120,121,59,3,0,16,0,2.526315789473684,0.0,0.0,0.0
64,12,120,121,60,3,0,19,0,2.590909090909091,0.0,0.0,0.0
64,12,120,121,61,3,0,22,0,2.64,0.0,0.0,0.0
64,12,120,121,62,4,1,25,0,3.4482758620689653,0.25,0.0,0.25
64,12,120,121,63,5,2,28,0,4.242424242424242,0.4,0.0,0.4
64,12,120,121,64,3,0,32,0,2.742857142857143,0.0,0.0,0.0
64,12,120,121,65,3,0,34,0,2.7567567567567566,0.0,0.0,0.0
64,12,120,121,66,4,0,35,0,3.58974358974359,0.0,0.0,0.0
64,12,120,121,67,4,0,36,0,3.6,0.0,0.0,0.0
64,12,120,121,68,3,0,35,0,2.763157894736842,0.0,0.0,0.0
64,12,120,121,69,4,0,33,0,3.5675675675675675,0.0,0.0,0.0
64,12,120,121,70,2,0,34,0,1.8888888888888888,0.0,0.0,0.0
64,12,128,129,38,1,0,1,0,0.5,0.0,0.0,0.0
64,12,128,129,39,5,0,1,0,0.8333333333333334,0.0,0.0,0.0
64,12,128,129,40,5,0,4,0,2.2222222222222223,0.0,0.0,0.0
64,12,128,129,41,5,0,6,0,2.727272727272727,0.0,0.0,0.0
64,12,128,129,42,4,0,8,0,2.6666666666666665,0.0,0.0,0.0
64,12,128,129,43,7,3,10,0,4.117647058823529,0.42857142857142855,0.0,0.42857142857142855
64,12,128,129,44,2,0,12,0,1.7142857142857142,0.0,0.0,0.0
64,12,128,129,45,6,2,10,0,3.75,0.3333333333333333,0.0,0.3333333333333333
64,12,128,129,46,3,0,10,0,2.3076923076923075,0.0,0.0,0.0
64,12,128,129,47,6,2,9,0,3.6,0.3333333333333333,0.0,0.3333333333333333
64,12,128,129,48,4,0,9,0,2.769230769230769,0.0,0.0,0.0
64,12,128,129,49,5,0,8,0,3.076923076923077,0.0,0.0,0.0
64,12,128,129,50,3,0,9,0,2.25,0.0,0.0,0.0
64,12,128,129,51,4,0,9,0,2.769230769230769,0.0,0.0,0.0
64,12,128,129,52,3,0,8,0,2.1818181818181817,0.0,0.0,0.0
64,12,128,129,53,4,0,8,0,2.6666666666666665,0.0,0.0,0.0
64,12,128,129,54,2,0,10,0,1.6666666666666667,0.0,0.0,0.0
64,12,128,129,57,2,0,13,0,1.7333333333333334,0.0,0.0,0.0
64,12,128,129,58,1,0,15,0,0.9375,0.0,0.0,0.0
64,12,128,129,59,2,0,16,0,1.7777777777777777,0.0,0.0,0.0
64,12,128,129,60,2,0,19,0,1.8095238095238095,0.0,0.0,0.0
64,12,128,129,61,2,0,22,0,1.8333333333333333,0.0,0.0,0.0
64,12,128,129,62,2,0,25,0,1.8518518518518519,0.0,0.0,0.0
64,12,128,129,63,2,0,27,0,1.8620689655172413,0.0,0.0,0.0
64,12,128,129,64,2,0,29,0,1.8709677419354838,0.0,0.0,0.0
64,12,128,129,65,3,1,31,0,2.735294117647059,0.3333333333333333,0.0,0.3333333333333333
64,12,128,129,66,3,0,32,0,2.742857142857143,0.0,0.0,0.0
64,12,128,129,67,4,0,33,0,3.5675675675675675,0.0,0.0,0.0
64,12,128,129,68,4,1,32,0,3.5555555555555554,0.25,0.0,0.25
64,12,128,129,69,3,0,31,0,2.735294117647059,0.0,0.0,0.0
64,12,128,129,70,4,0,30,0,3.5294117647058822,0.0,0.0,0.0
64,12,128,129,71,2,0,29,0,1.8709677419354838,0.0,0.0,0.0
64,12,136,137,39,3,0,1,0,0.75,0.0,0.0,0.0
64,12,136,137,40,4,0,3,0,1.7142857142857142,0.0,0.0,0.0
64,12,136,137,41,5,1,5,0,2.5,0.2,0.0,0.2
64,12,136,137,42,4,0,7,0,2.5454545454545454,0.0,0.0,0.0
64,12,136,137,43,5,0,8,0,3.076923076923077,0.0,0.0,0.0
64,12,136,137,44,4,0,9,0,2.769230769230769,0.0,0.0,0.0
64,12,136,137,45,4,1,9,0,2.769230769230769,0.25,0.0,0.25
64,12,136,137,46,3,0,9,0,2.25,0.0,0.0,0.0
64,12,136,137,47,5,2,8,0,3.076923076923077,0.4,0.0,0.4
64,12,136,137,48,3,0,8,0,2.1818181818181817,0.0,0.0,0.0
64,12,136,137,49,5,1,8,0,3.076923076923077,0.2,0.0,0.2
64,12,136,137,50,3,0,9,0,2.25,0.0,0.0,0.0
64,12,136,137,51,3,0,9,0,2.25,0.0,0.0,0.0
64,12,136,137,52,3,0,8,0,2.1818181818181817,0.0,0.0,0.0
64,12,136,137,53,4,0,8,0,2.6666666666666665,0.0,0.0,0.0
64,12,136,137,54,2,0,10,0,1.6666666666666667,0.0,0.0,0.0
64,12,136,137,57,2,1,13,0,1.7333333333333334,0.5,0.0,0.5
64,12,136,137,58,1,0,15,0,0.9375,0.0,0.0,0.0
64,12,136,137,59,2,0,16,0,1.7777777777777777,0.0,0.0,0.0
64,12,136,137,60,2,0,19,0,1.8095238095238095,0.0,0.0,0.0
64,12,136,137,61,2,0,22,0,1.8333333333333333,0.0,0.0,0.0
64,12,136,137,62,2,0,25,0,1.8518518518518519,0.0,0.0,0.0
64,12,136,137,63,2,0,27,0,1.8620689655172413,0.0,0.0,0.0
64,12,136,137,64,2,0,29,0,1.8709677419354838,0.0,0.0,0.0
64,12,136,137,65,2,0,31,0,1.878787878787879,0.0,0.0,0.0
64,12,136,137,66,2,0,32,0,1.8823529411764706,0.0,0.0,0.0
64,12,136,137,67,3,1,33,0,2.75,0.3333333333333333,0.0,0.3333333333333333
64,12,136,137,68,2,0,32,0,1.8823529411764706,0.0,0.0,0.0
64,12,136,137,69,2,0,30,0,1.875,0.0,0.0,0.0
64,12,136,137,70,2,0,29,0,1.8709677419354838,0.0,0.0,0.0
64,12,136,137,71,3,1,27,0,2.7,0.3333333333333333,0.0,0.3333333333333333
64,12,144,145,40,3,0,3,0,1.5,0.0,0.0,0.0
64,12,144,145,41,5,2,3,0,1.875,0.4,0.0,0.4
64,12,144,145,42,2,0,5,0,1.4285714285714286,0.0,0.0,0.0
64,12,144,145,43,5,0,5,0,2.5,0.0,0.0,0.0
64,12,144,145,44,4,0,6,0,2.4,0.0,0.0,0.0
64,12,144,145,45,3,1,7,0,2.1,0.3333333333333333,0.0,0.3333333333333333
64,12,144,145,46,3,0,7,0,2.1,0.0,0.0,0.0
64,12,144,145,47,3,1,7,0,2.1,0.3333333333333333,0.0,0.3333333333333333
64,12,144,145,48,2,0,7,0,1.5555555555555556,0.0,0.0,0.0
64,12,144,145,49,4,1,6,0,2.4,0.25,0.0,0.25
64,12,144,145,50,3,0,7,0,2.1,0.0,0.0,0.0
64,12,144,145,51,3,0,8,0,2.1818181818181817,0.0,0.0,0.0
64,12,144,145,52,3,0,7,0,2.1,0.0,0.0,0.0
64,12,144,145,53,4,0,7,0,2.5454545454545454,0.0,0.0,0.0
64,12,144,145,54,1,0,9,0,0.9,0.0,0.0,0.0
64,12,144,145,55,2,0,10,0,1.6666666666666667,0.0,0.0,0.0
64,12,144,145,57,1,0,13,0,0.9285714285714286,0.0,0.0,0.0
64,12,144,145,58,1,0,14,0,0.9333333333333333,0.0,0.0,0.0
64,12,144,145,59,2,0,15,0,1.7647058823529411,0.0,0.0,0.0
64,12,144,145,60,1,0,18,0,0.9473684210526315,0.0,0.0,0.0
64,12,144,145,61,4,1,20,0,3.3333333333333335,0.25,0.0,0.25
64,12,144,145,62,2,0,25,0,1.8518518518518519,0.0,0.0,0.0
64,12,144,145,63,2,0,27,0,1.8620689655172413,0.0,0.0,0.0
64,12,144,145,64,2,0,29,0,1.8709677419354838,0.0,0.0,0.0
64,12,144,145,65,2,0,31,0,1.878787878787879,0.0,0.0,0.0
64,12,144,145,66,2,0,32,0,1.8823529411764706,0.0,0.0,0.0
64,12,144,145,67,2,0,33,0,1.8857142857142857,0.0,0.0,0.0
64,12,144,145,68,2,0,32,0,1.8823529411764706,0.0,0.0,0.0
64,12,144,145,69,2,0,30,0,1.875,0.0,0.0,0.0
64,12,144,145,70,2,0,29,0,1.8709677419354838,0.0,0.0,0.0
64,12,144,145,71,2,0,27,0,1.8620689655172413,0.0,0.0,0.0
64,12,144,145,72,1,0,29,0,0.9666666666666667,0.0,0.0,0.0
64,12,152,153,41,4,0,1,0,0.8,0.0,0.0,0.0
64,12,152,153,42,3,0,2,0,1.2,0.0,0.0,0.0
64,12,152,153,43,3,2,4,0,1.7142857142857142,0.6666666666666666,0.0,0.6666666666666666
64,12,152,153,44,5,0,3,0,1.875,0.0,0.0,0.0
64,12,152,153,45,4,2,4,0,2.0,0.5,0.0,0.5
64,12,152,153,46,2,0,5,0,1.4285714285714286,0.0,0.0,0.0
64,12,152,153,47,4,1,4,0,2.0,0.25,0.0,0.25
64,12,152,153,48,2,0,5,0,1.4285714285714286,0.0,0.0,0.0
64,12,152,153,49,4,1,4,0,2.0,0.25,0.0,0.25
64,12,152,153,50,2,0,5,0,1.4285714285714286,0.0,0.0,0.0
64,12,152,153,51,5,1,5,0,2.5,0.2,0.0,0.2
64,12,152,153,52,2,0,6,0,1.5,0.0,0.0,0.0
64,12,152,153,53,4,0,6,0,2.4,0.0,0.0,0.0
64,12,152,153,54,2,0,8,0,1.6,0.0,0.0,0.0
64,12,152,153,55,2,0,10,0,1.6666666666666667,0.0,0.0,0.0
64,12,152,153,57,1,0,13,0,0.9285714285714286,0.0,0.0,0.0
64,12,152,153,58,1,0,14,0,0.9333333333333333,0.0,0.0,0.0
64,12,152,153,59,2,1,15,0,1.7647058823529411,0.5,0.0,0.5
64,12,152,153,60,1,0,18,0,0.9473684210526315,0.0,0.0,0.0
64,12,152,153,61,3,1,20,0,2.608695652173913,0.3333333333333333,0.0,0.3333333333333333
64,12,152,153,62,1,0,24,0,0.96,0.0,0.0,0.0
64,12,152,153,63,2,0,25,0,1.8518518518518519,0.0,0.0,0.0
64,12,152,153,64,2,0,27,0,1.8620689655172413,0.0,0.0,0.0
64,12,152,153,65,4,2,29,0,3.515151515151515,0.5,0.0,0.5
64,12,152,153,66,1,0,32,0,0.9696969696969697,0.0,0.0,0.0
64,12,152,153,67,3,1,32,0,2.742857142857143,0.3333333333333333,0.0,0.3333333333333333
64,12,152,153,68,1,0,32,0,0.9696969696969697,0.0,0.0,0.0
64,12,152,153,69,3,1,29,0,2.71875,0.3333333333333333,0.0,0.3333333333333333
64,12,152,153,70,1,0,29,0,0.9666666666666667,0.0,0.0,0.0
64,12,152,153,71,3,0,26,0,2.689655172413793,0.0,0.0,0.0
64,12,152,153,72,1,0,29,0,0.9666666666666667,0.0,0.0,0.0
64,12,160,161,47,1,0,1,0,0.5,0.0,0.0,0.0
64,12,160,161,49,2,2,1,0,0.6666666666666666,1.0,0.0,1.0
64,12,160,161,50,3,0,1,0,0.75,0.0,0.0,0.0
64,12,160,161,51,6,2,2,0,1.5,0.3333333333333333,0.0,0.3333333333333333
64,12,160,161,52,1,0,4,0,0.8,0.0,0.0,0.0
64,12,160,161,53,3,1,4,0,1.7142857142857142,0.3333333333333333,0.0,0.3333333333333333
64,12,160,161,55,3,2,7,0,2.1,0.6666666666666666,0.0,0.6666666666666666
64,12,160,161,56,2,0,10,0,1.6666666666666667,0.0,0.0,0.0
64,12,160,161,57,1,0,13,0,0.9285714285714286,0.0,0.0,0.0
64,12,160,161,58,1,0,14,0,0.9333333333333333,0.0,0.0,0.0
64,12,160,161,59,1,0,15,0,0.9375,0.0,0.0,0.0
64,12,160,161,60,2,0,17,0,1.7894736842105263,0.0,0.0,0.0
64,12,160,161,61,2,0,20,0,1.8181818181818181,0.0,0.0,0.0
64,12,160,161,62,2,0,23,0,1.84,0.0,0.0,0.0
64,12,160,161,63,2,0,25,0,1.8518518518518519,0.0,0.0,0.0
64,12,160,161,64,2,0,27,0,1.8620689655172413,0.0,0.0,0.0
64,12,160,161,65,2,0,29,0,1.8709677419354838,0.0,0.0,0.0
64,12,160,161,66,2,0,30,0,1.875,0.0,0.0,0.0
64,12,160,161,67,2,0,31,0,1.878787878787879,0.0,0.0,0.0
64,12,160,161,68,2,0,30,0,1.875,0.0,0.0,0.0
64,12,160,161,69,3,1,28,0,2.7096774193548385,0.3333333333333333,0.0,0.3333333333333333
64,12,160,161,70,2,0,28,0,1.8666666666666667,0.0,0.0,0.0
64,12,160,161,71,2,0,26,0,1.8571428571428572,0.0,0.0,0.0
64,12,160,161,72,2,0,28,0,1.8666666666666667,0.0,0.0,0.0
64,12,168,169,52,1,0,1,0,0.5,0.0,0.0,0.0
64,12,168,169,53,3,1,3,0,1.5,0.3333333333333333,0.0,0.3333333333333333
64,12,168,169,57,1,0,11,0,0.9166666666666666,0.0,0.0,0.0
64,12,168,169,58,2,0,13,0,1.7333333333333334,0.0,0.0,0.0
64,12,168,169,59,2,0,15,0,1.7647058823529411,0.0,0.0,0.0
64,12,168,169,60,3,0,17,0,2.55,0.0,0.0,0.0
64,12,168,169,61,3,0,20,0,2.608695652173913,0.0,0.0,0.0
64,12,168,169,62,3,0,23,0,2.6538461538461537,0.0,0.0,0.0
64,12,168,169,63,3,0,25,0,2.6785714285714284,0.0,0.0,0.0
64,12,168,169,64,2,0,27,0,1.8620689655172413,0.0,0.0,0.0
64,12,168,169,65,3,1,29,0,2.71875,0.3333333333333333,0.0,0.3333333333333333
64,12,168,169,66,2,0,30,0,1.875,0.0,0.0,0.0
64,12,168,169,67,2,0,31,0,1.878787878787879,0.0,0.0,0.0
64,12,168,169,68,2,0,30,0,1.875,0.0,0.0,0.0
64,12,168,169,69,2,0,28,0,1.8666666666666667,0.0,0.0,0.0
64,12,168,169,70,2,0,27,0,1.8620689655172413,0.0,0.0,0.0
64,12,168,169,71,3,0,25,0,2.6785714285714284,0.0,0.0,0.0
64,12,168,169,72,2,0,28,0,1.8666666666666667,0.0,0.0,0.0
64,12,176,177,52,1,0,1,0,0.5,0.0,0.0,0.0
64,12,176,177,53,2,0,3,0,1.2,0.0,0.0,0.0
64,12,176,177,57,2,0,11,0,1.6923076923076923,0.0,0.0,0.0
64,12,176,177,58,1,0,13,0,0.9285714285714286,0.0,0.0,0.0
64,12,176,177,59,2,0,15,0,1.7647058823529411,0.0,0.0,0.0
64,12,176,177,60,3,0,17,0,2.55,0.0,0.0,0.0
64,12,176,177,61,3,0,20,0,2.608695652173913,0.0,0.0,0.0
64,12,176,177,62,3,0,23,0,2.6538461538461537,0.0,0.0,0.0
64,12,176,177,63,3,0,25,0,2.6785714285714284,0.0,0.0,0.0
64,12,176,177,64,3,0,27,0,2.7,0.0,0.0,0.0
64,12,176,177,65,3,0,29,0,2.71875,0.0,0.0,0.0
64,12,176,177,66,3,0,30,0,2.727272727272727,0.0,0.0,0.0
64,12,176,177,67,3,0,31,0,2.735294117647059,0.0,0.0,0.0
64,12,176,177,68,3,0,30,0,2.727272727272727,0.0,0.0,0.0
64,12,176,177,69,2,0,28,0,1.8666666666666667,0.0,0.0,0.0
64,12,176,177,70,2,0,27,0,1.8620689655172413,0.0,0.0,0.0
64,12,176,177,71,3,0,25,0,2.6785714285714284,0.0,0.0,0.0
64,12,176,177,72,2,0,27,0,1.8620689655172413,0.0,0.0,0.0
64,12,176,177,73,1,0,28,0,0.9655172413793104,0.0,0.0,0.0
64,12,184,185,53,2,1,3,0,1.2,0.5,0.0,0.5
64,12,184,185,55,1,0,7,0,0.875,0.0,0.0,0.0
64,12,184,185,56,1,0,9,0,0.9,0.0,0.0,0.0
64,12,184,185,57,2,0,11,0,1.6923076923076923,0.0,0.0,0.0
64,12,184,185,58,2,0,13,0,1.7333333333333334,0.0,0.0,0.0
64,12,184,185,59,2,0,15,0,1.7647058823529411,0.0,0.0,0.0
64,12,184,185,60,3,0,17,0,2.55,0.0,0.0,0.0
64,12,184,185,61,3,1,20,0,2.608695652173913,0.3333333333333333,0.0,0.3333333333333333
64,12,184,185,62,3,0,23,0,2.6538461538461537,0.0,0.0,0.0
64,12,184,185,63,3,1,25,0,2.6785714285714284,0.3333333333333333,0.0,0.3333333333333333
64,12,184,185,64,3,0,27,0,2.7,0.0,0.0,0.0
64,12,184,185,65,3,1,29,0,2.71875,0.3333333333333333,0.0,0.3333333333333333
64,12,184,185,66,2,0,30,0,1.875,0.0,0.0,0.0
64,12,184,185,67,4,1,30,0,3.5294117647058822,0.25,0.0,0.25
64,12,184,185,68,2,0,30,0,1.875,0.0,0.0,0.0
64,12,184,185,69,3,1,27,0,2.7,0.3333333333333333,0.0,0.3333333333333333
64,12,184,185,70,1,0,27,0,0.9642857142857143,0.0,0.0,0.0
64,12,184,185,71,4,0,24,0,3.4285714285714284,0.0,0.0,0.0
64,12,184,185,72,3,0,26,0,2.689655172413793,0.0,0.0,0.0
64,12,184,185,74,1,0,28,0,0.9655172413793104,0.0,0.0,0.0
64,12,192,193,53,1,1,3,0,0.75,1.0,0.0,1.0
64,12,192,193,55,1,0,7,0,0.875,0.0,0.0,0.0
64,12,192,193,56,1,0,9,0,0.9,0.0,0.0,0.0
64,12,192,193,57,2,1,11,0,1.6923076923076923,0.5,0.0,0.5
64,12,192,193,58,2,0,13,0,1.7333333333333334,0.0,0.0,0.0
64,12,192,193,59,2,0,15,0,1.7647058823529411,0.0,0.0,0.0
64,12,192,193,60,2,0,17,0,1.7894736842105263,0.0,0.0,0.0
64,12,192,193,61,3,1,19,0,2.590909090909091,0.3333333333333333,0.0,0.3333333333333333
64,12,192,193,62,3,0,22,0,2.64,0.0,0.0,0.0
64,12,192,193,63,3,1,24,0,2.6666666666666665,0.3333333333333333,0.0,0.3333333333333333
64,12,192,193,64,2,0,26,0,1.8571428571428572,0.0,0.0,0.0
64,12,192,193,65,4,1,27,0,3.4838709677419355,0.25,0.0,0.25
64,12,192,193,66,2,0,29,0,1.8709677419354838,0.0,0.0,0.0
64,12,192,193,67,4,1,29,0,3.515151515151515,0.25,0.0,0.25
64,12,192,193,68,3,0,29,0,2.71875,0.0,0.0,0.0
64,12,192,193,69,2,1,26,0,1.8571428571428572,0.5,0.0,0.5
64,12,192,193,70,2,0,25,0,1.8518518518518519,0.0,0.0,0.0
64,12,192,193,71,3,2,23,0,2.6538461538461537,0.6666666666666666,0.0,0.6666666666666666
64,12,192,193,72,5,0,23,0,4.107142857142857,0.0,0.0,0.0
64,12,192,193,73,3,1,25,0,2.6785714285714284,0.3333333333333333,0.0,0.3333333333333333
64,12,192,193,74,1,0,27,0,0.9642857142857143,0.0,0.0,0.0
64,12,192,193,75,1,0,27,0,0.9642857142857143,0.0,0.0,0.0
64,12,192,193,77,1,1,27,0,0.9642857142857143,1.0,0.0,1.0
64,12,200,201,55,1,0,7,0,0.875,0.0,0.0,0.0
64,12,200,201,56,1,0,9,0,0.9,0.0,0.0,0.0
64,12,200,201,57,1,0,11,0,0.9166666666666666,0.0,0.0,0.0
64,12,200,201,58,2,0,12,0,1.7142857142857142,0.0,0.0,0.0
64,12,200,201,59,2,0,14,0,1.75,0.0,0.0,0.0
64,12,200,201,60,3,0,16,0,2.526315789473684,0.0,0.0,0.0
64,12,200,201,61,2,1,19,0,1.8095238095238095,0.5,0.0,0.5
64,12,200,201,62,4,0,20,0,3.3333333333333335,0.0,0.0,0.0
64,12,200,201,63,3,1,22,0,2.64,0.3333333333333333,0.0,0.3333333333333333
64,12,200,201,64,1,0,24,0,0.96,0.0,0.0,0.0
64,12,200,201,65,4,1,23,0,3.4074074074074074,0.25,0.0,0.25
64,12,200,201,66,2,0,24,0,1.8461538461538463,0.0,0.0,0.0
64,12,200,201,67,3,1,24,0,2.6666666666666665,0.3333333333333333,0.0,0.3333333333333333
64,12,200,201,68,3,0,23,0,2.6538461538461537,0.0,0.0,0.0
64,12,200,201,69,3,1,20,0,2.608695652173913,0.3333333333333333,0.0,0.3333333333333333
64,12,200,201,70,2,0,20,0,1.8181818181818181,0.0,0.0,0.0
64,12,200,201,71,2,0,18,0,1.8,0.0,0.0,0.0
64,12,200,201,72,1,0,18,0,0.9473684210526315,0.0,0.0,0.0
64,12,200,201,73,4,2,17,0,3.238095238095238,0.5,0.0,0.5
64,12,200,201,74,4,0,18,0,3.272727272727273,0.0,0.0,0.0
64,12,200,201,75,5,0,19,0,3.9583333333333335,0.0,0.0,0.0
64,12,200,201,76,4,0,21,0,3.36,0.0,0.0,0.0
64,12,200,201,77,5,1,21,0,4.038461538461538,0.2,0.0,0.2
64,12,200,201,78,3,0,25,0,2.6785714285714284,0.0,0.0,0.0
64,12,200,201,79,1,0,29,0,0.9666666666666667,0.0,0.0,0.0
64,12,200,201,80,1,0,31,0,0.96875,0.0,0.0,0.0
64,12,200,201,82,1,1,38,0,0.9743589743589743,1.0,0.0,1.0
64,12,200,201,83,2,1,38,0,1.9,0.5,0.0,0.5
64,12,200,201,84,1,0,40,0,0.975609756097561,0.0,0.0,0.0
64,12,200,201,85,1,0,41,0,0.9761904761904762,0.0,0.0,0.0
64,12,200,201,87,1,1,44,0,0.9777777777777777,1.0,0.0,1.0
64,12,208,209,55,5,1,3,0,1.875,0.2,0.0,0.2
64,12,208,209,56,1,0,8,0,0.8888888888888888,0.0,0.0,0.0
64,12,208,209,57,3,0,8,0,2.1818181818181817,0.0,0.0,0.0
64,12,208,209,58,4,0,9,0,2.769230769230769,0.0,0.0,0.0
64,12,208,209,59,4,0,11,0,2.933333333333333,0.0,0.0,0.0
64,12,208,209,60,4,0,13,0,3.0588235294117645,0.0,0.0,0.0
64,12,208,209,61,4,0,15,0,3.1578947368421053,0.0,0.0,0.0
64,12,208,209,62,4,1,17,0,3.238095238095238,0.25,0.0,0.25
64,12,208,209,63,4,1,18,0,3.272727272727273,0.25,0.0,0.25
64,12,208,209,64,4,2,19,0,3.3043478260869565,0.5,0.0,0.5
64,12,208,209,65,4,1,20,0,3.3333333333333335,0.25,0.0,0.25
64,12,208,209,66,4,2,20,0,3.3333333333333335,0.5,0.0,0.5
64,12,208,209,67,6,0,20,0,4.615384615384615,0.0,0.0,0.0
64,12,208,209,68,3,0,22,0,2.64,0.0,0.0,0.0
64,12,208,209,69,2,1,20,0,1.8181818181818181,0.5,0.0,0.5
64,12,208,209,70,1,0,19,0,0.95,0.0,0.0,0.0
64,12,208,209,71,1,0,17,0,0.9444444444444444,0.0,0.0,0.0
64,12,208,209,72,1,0,17,0,0.9444444444444444,0.0,0.0,0.0
64,12,208,209,73,1,0,17,0,0.9444444444444444,0.0,0.0,0.0
64,12,208,209,74,1,0,18,0,0.9473684210526315,0.0,0.0,0.0
64,12,208,209,75,1,0,19,0,0.95,0.0,0.0,0.0
64,12,208,209,76,1,0,20,0,0.9523809523809523,0.0,0.0,0.0
64,12,208,209,77,2,0,20,0,1.8181818181818181,0.0,0.0,0.0
64,12,208,209,78,1,0,23,0,0.9583333333333334,0.0,0.0,0.0
64,12,208,209,79,2,0,26,0,1.8571428571428572,0.0,0.0,0.0
64,12,208,209,80,1,0,29,0,0.9666666666666667,0.0,0.0,0.0
64,12,208,209,81,1,0,32,0,0.9696969696969697,0.0,0.0,0.0
64,12,208,209,82,1,0,35,0,0.9722222222222222,0.0,0.0,0.0
64,12,208,209,83,1,0,36,0,0.972972972972973,0.0,0.0,0.0
64,12,208,209,84,2,0,37,0,1.8974358974358974,0.0,0.0,0.0
64,12,208,209,85,1,0,39,0,0.975,0.0,0.0,0.0
64,12,208,209,86,2,0,41,0,1.9069767441860466,0.0,0.0,0.0
64,12,208,209,87,1,0,42,0,0.9767441860465116,0.0,0.0,0.0
64,12,208,209,88,1,0,42,0,0.9767441860465116,0.0,0.0,0.0
64,12,216,217,56,4,1,3,0,1.7142857142857142,0.25,0.0,0.25
64,12,216,217,57,3,0,6,0,2.0,0.0,0.0,0.0
64,12,216,217,58,4,0,7,0,2.5454545454545454,0.0,0.0,0.0
64,12,216,217,59,4,1,9,0,2.769230769230769,0.25,0.0,0.25
64,12,216,217,60,3,0,11,0,2.357142857142857,0.0,0.0,0.0
64,12,216,217,61,5,0,12,0,3.5294117647058822,0.0,0.0,0.0
64,12,216,217,62,4,0,15,0,3.1578947368421053,0.0,0.0,0.0
64,12,216,217,63,4,0,16,0,3.2,0.0,0.0,0.0
64,12,216,217,64,3,0,17,0,2.55,0.0,0.0,0.0
64,12,216,217,65,4,0,17,0,3.238095238095238,0.0,0.0,0.0
64,12,216,217,66,4,0,17,0,3.238095238095238,0.0,0.0,0.0
64,12,216,217,67,4,0,17,0,3.238095238095238,0.0,0.0,0.0
64,12,216,217,68,5,0,17,0,3.8636363636363638,0.0,0.0,0.0
64,12,216,217,69,4,0,17,0,3.238095238095238,0.0,0.0,0.0
64,12,216,217,70,1,0,18,0,0.9473684210526315,0.0,0.0,0.0
64,12,216,217,71,1,0,16,0,0.9411764705882353,0.0,0.0,0.0
64,12,216,217,72,1,0,16,0,0.9411764705882353,0.0,0.0,0.0
64,12,216,217,73,2,0,16,0,1.7777777777777777,0.0,0.0,0.0
64,12,216,217,75,2,1,18,0,1.8,0.5,0.0,0.5
64,12,216,217,76,1,0,20,0,0.9523809523809523,0.0,0.0,0.0
64,12,216,217,77,1,0,20,0,0.9523809523809523,0.0,0.0,0.0
64,12,216,217,78,1,0,22,0,0.9565217391304348,0.0,0.0,0.0
64,12,216,217,79,1,0,25,0,0.9615384615384616,0.0,0.0,0.0
64,12,216,217,80,1,0,28,0,0.9655172413793104,0.0,0.0,0.0
64,12,216,217,81,1,0,31,0,0.96875,0.0,0.0,0.0
64,12,216,217,82,1,0,34,0,0.9714285714285714,0.0,0.0,0.0
64,12,216,217,83,1,0,35,0,0.9722222222222222,0.0,0.0,0.0
64,12,216,217,84,1,0,36,0,0.972972972972973,0.0,0.0,0.0
64,12,216,217,85,2,0,37,0,1.8974358974358974,0.0,0.0,0.0
64,12,216,217,86,1,0,40,0,0.975609756097561,0.0,0.0,0.0
64,12,216,217,87,1,0,41,0,0.9761904761904762,0.0,0.0,0.0
64,12,216,217,88,1,0,41,0,0.9761904761904762,0.0,0.0,0.0
64,12,216,217,89,1,0,41,0,0.9761904761904762,0.0,0.0,0.0
64,12,224,225,56,3,1,2,0,1.2,0.3333333333333333,0.0,0.3333333333333333
64,12,224,225,57,3,0,4,0,1.7142857142857142,0.0,0.0,0.0
64,12,224,225,58,3,0,5,0,1.875,0.0,0.0,0.0
64,12,224,225,59,4,0,6,0,2.4,0.0,0.0,0.0
64,12,224,225,60,3,0,8,0,2.1818181818181817,0.0,0.0,0.0
64,12,224,225,61,4,1,9,0,2.769230769230769,0.25,0.0,0.25
64,12,224,225,62,5,0,11,0,3.4375,0.0,0.0,0.0
64,12,224,225,63,4,0,13,0,3.0588235294117645,0.0,0.0,0.0
64,12,224,225,64,4,0,14,0,3.111111111111111,0.0,0.0,0.0
64,12,224,225,65,4,0,14,0,3.111111111111111,0.0,0.0,0.0
64,12,224,225,66,3,0,14,0,2.4705882352941178,0.0,0.0,0.0
64,12,224,225,67,5,2,13,0,3.611111111111111,0.4,0.0,0.4
64,12,224,225,68,4,0,13,0,3.0588235294117645,0.0,0.0,0.0
64,12,224,225,69,5,2,12,0,3.5294117647058822,0.4,0.0,0.4
64,12,224,225,70,2,0,13,0,1.7333333333333334,0.0,0.0,0.0
64,12,224,225,71,1,1,12,0,0.9230769230769231,1.0,0.0,1.0
64,12,224,225,73,1,1,11,0,0.9166666666666666,1.0,0.0,1.0
64,12,224,225,74,2,0,12,0,1.7142857142857142,0.0,0.0,0.0
64,12,224,225,75,4,2,13,0,3.0588235294117645,0.5,0.0,0.5
64,12,224,225,76,2,0,16,0,1.7777777777777777,0.0,0.0,0.0
64,12,224,225,77,4,2,16,0,3.2,0.5,0.0,0.5
64,12,224,225,78,1,0,21,0,0.9545454545454546,0.0,0.0,0.0
64,12,224,225,79,1,0,24,0,0.96,0.0,0.0,0.0
64,12,224,225,80,1,0,27,0,0.9642857142857143,0.0,0.0,0.0
64,12,224,225,81,1,0,30,0,0.967741935483871,0.0,0.0,0.0
64,12,224,225,82,1,0,33,0,0.9705882352941176,0.0,0.0,0.0
64,12,224,225,83,2,0,34,0,1.8888888888888888,0.0,0.0,0.0
64,12,224,225,84,1,0,36,0,0.972972972972973,0.0,0.0,0.0
64,12,224,225,85,2,1,37,0,1.8974358974358974,0.5,0.0,0.5
64,12,224,225,86,1,0,40,0,0.975609756097561,0.0,0.0,0.0
64,12,224,225,87,1,0,41,0,0.9761904761904762,0.0,0.0,0.0
64,12,224,225,88,1,0,41,0,0.9761904761904762,0.0,0.0,0.0
64,12,224,225,89,1,0,41,0,0.9761904761904762,0.0,0.0,0.0
64,12,232,233,57,3,0,2,0,1.2,0.0,0.0,0.0
64,12,232,233,58,3,0,3,0,1.5,0.0,0.0,0.0
64,12,232,233,59,3,0,4,0,1.7142857142857142,0.0,0.0,0.0
64,12,232,233,60,4,1,5,0,2.2222222222222223,0.25,0.0,0.25
64,12,232,233,61,2,0,7,0,1.5555555555555556,0.0,0.0,0.0
64,12,232,233,62,3,0,7,0,2.1,0.0,0.0,0.0
64,12,232,233,63,4,1,7,0,2.5454545454545454,0.25,0.0,0.25
64,12,232,233,64,4,1,7,0,2.5454545454545454,0.25,0.0,0.25
64,12,232,233,65,3,0,8,0,2.1818181818181817,0.0,0.0,0.0
64,12,232,233,66,4,0,7,0,2.5454545454545454,0.0,0.0,0.0
64,12,232,233,67,6,3,7,0,3.230769230769231,0.5,0.0,0.5
64,12,232,233,68,4,0,9,0,2.769230769230769,0.0,0.0,0.0
64,12,232,233,69,5,1,8,0,3.076923076923077,0.2,0.0,0.2
64,12,232,233,70,2,0,10,0,1.6666666666666667,0.0,0.0,0.0
64,12,232,233,71,2,1,9,0,1.6363636363636365,0.5,0.0,0.5
64,12,232,233,75,1,0,12,0,0.9230769230769231,0.0,0.0,0.0
64,12,232,233,76,1,0,13,0,0.9285714285714286,0.0,0.0,0.0
64,12,232,233,77,3,1,14,0,2.4705882352941178,0.3333333333333333,0.0,0.3333333333333333
64,12,232,233,78,1,0,18,0,0.9473684210526315,0.0,0.0,0.0
64,12,232,233,79,3,0,22,0,2.64,0.0,0.0,0.0
64,12,232,233,80,1,0,27,0,0.9642857142857143,0.0,0.0,0.0
64,12,232,233,81,1,0,30,0,0.967741935483871,0.0,0.0,0.0
64,12,232,233,82,1,0,33,0,0.9705882352941176,0.0,0.0,0.0
64,12,232,233,83,2,0,34,0,1.8888888888888888,0.0,0.0,0.0
64,12,232,233,84,1,0,36,0,0.972972972972973,0.0,0.0,0.0
64,12,232,233,85,1,0,37,0,0.9736842105263158,0.0,0.0,0.0
64,12,232,233,86,2,0,39,0,1.9024390243902438,0.0,0.0,0.0
64,12,232,233,87,1,0,41,0,0.9761904761904762,0.0,0.0,0.0
64,12,232,233,88,1,0,41,0,0.9761904761904762,0.0,0.0,0.0
64,12,232,233,90,1,0,39,0,0.975,0.0,0.0,0.0
64,12,240,241,57,3,0,1,0,0.75,0.0,0.0,0.0
64,12,240,241,58,3,0,2,0,1.2,0.0,0.0,0.0
64,12,240,241,59,4,0,3,0,1.7142857142857142,0.0,0.0,0.0
64,12,240,241,60,3,0,5,0,1.875,0.0,0.0,0.0
64,12,240,241,61,3,0,6,0,2.0,0.0,0.0,0.0
64,12,240,241,62,3,0,7,0,2.1,0.0,0.0,0.0
64,12,240,241,63,3,0,7,0,2.1,0.0,0.0,0.0
64,12,240,241,64,3,0,7,0,2.1,0.0,0.0,0.0
64,12,240,241,65,4,0,7,0,2.5454545454545454,0.0,0.0,0.0
64,12,240,241,66,3,0,8,0,2.1818181818181817,0.0,0.0,0.0
64,12,240,241,67,3,0,8,0,2.1818181818181817,0.0,0.0,0.0
64,12,240,241,68,4,0,8,0,2.6666666666666665,0.0,0.0,0.0
64,12,240,241,69,3,0,8,0,2.1818181818181817,0.0,0.0,0.0
64,12,240,241,70,2,0,8,0,1.6,0.0,0.0,0.0
64,12,240,241,71,2,0,8,0,1.6,0.0,0.0,0.0
64,12,240,241,75,1,0,12,0,0.9230769230769231,0.0,0.0,0.0
64,12,240,241,76,1,0,13,0,0.9285714285714286,0.0,0.0,0.0
64,12,240,241,77,2,0,14,0,1.75,0.0,0.0,0.0
64,12,240,241,78,1,0,18,0,0.9473684210526315,0.0,0.0,0.0
64,12,240,241,79,2,1,22,0,1.8333333333333333,0.5,0.0,0.5
64,12,240,241,81,2,0,30,0,1.875,0.0,0.0,0.0
64,12,240,241,82,1,0,34,0,0.9714285714285714,0.0,0.0,0.0
64,12,240,241,83,1,0,35,0,0.9722222222222222,0.0,0.0,0.0
64,12,240,241,84,1,0,36,0,0.972972972972973,0.0,0.0,0.0
64,12,240,241,85,1,0,37,0,0.9736842105263158,0.0,0.0,0.0
64,12,240,241,86,2,0,39,0,1.9024390243902438,0.0,0.0,0.0
64,12,240,241,87,1,0,41,0,0.9761904761904762,0.0,0.0,0.0
64,12,240,241,88,1,0,41,0,0.9761904761904762,0.0,0.0,0.0
64,12,240,241,90,1,0,39,0,0.975,0.0,0.0,0.0
64,12,248,249,57,3,1,1,0,0.75,0.3333333333333333,0.0,0.3333333333333333
64,12,248,249,58,3,0,2,0,1.2,0.0,0.0,0.0
64,12,248,249,59,3,0,3,0,1.5,0.0,0.0,0.0
64,12,248,249,60,3,0,4,0,1.7142857142857142,0.0,0.0,0.0
64,12,248,249,61,3,0,5,0,1.875,0.0,0.0,0.0
64,12,248,249,62,4,0,6,0,2.4,0.0,0.0,0.0
64,12,248,249,63,4,1,7,0,2.5454545454545454,0.25,0.0,0.25
64,12,248,249,64,2,0,8,0,1.6,0.0,0.0,0.0
64,12,248,249,65,4,0,7,0,2.5454545454545454,0.0,0.0,0.0
64,12,248,249,66,3,0,8,0,2.1818181818181817,0.0,0.0,0.0
64,12,248,249,67,3,0,8,0,2.1818181818181817,0.0,0.0,0.0
64,12,248,249,68,4,0,8,0,2.6666666666666665,0.0,0.0,0.0
64,12,248,249,69,3,0,8,0,2.1818181818181817,0.0,0.0,0.0
64,12,248,249,70,2,0,8,0,1.6,0.0,0.0,0.0
64,12,248,249,71,1,0,8,0,0.8888888888888888,0.0,0.0,0.0
64,12,248,249,72,1,0,9,0,0.9,0.0,0.0,0.0
64,12,248,249,75,1,0,12,0,0.9230769230769231,0.0,0.0,0.0
64,12,248,249,76,1,0,13,0,0.9285714285714286,0.0,0.0,0.0
64,12,248,249,77,2,0,14,0,1.75,0.0,0.0,0.0
64,12,248,249,78,1,0,18,0,0.9473684210526315,0.0,0.0,0.0
64,12,248,249,79,2,1,22,0,1.8333333333333333,0.5,0.0,0.5
64,12,248,249,80,1,0,27,0,0.9642857142857143,0.0,0.0,0.0
64,12,248,249,81,1,0,31,0,0.96875,0.0,0.0,0.0
64,12,248,249,82,1,0,34,0,0.9714285714285714,0.0,0.0,0.0
64,12,248,249,83,1,0,35,0,0.9722222222222222,0.0,0.0,0.0
64,12,248,249,84,1,0,36,0,0.972972972972973,0.0,0.0,0.0
64,12,248,249,85,1,0,37,0,0.9736842105263158,0.0,0.0,0.0
64,12,248,249,86,2,0,39,0,1.9024390243902438,0.0,0.0,0.0
64,12,248,249,87,1,0,41,0,0.9761904761904762,0.0,0.0,0.0
64,12,248,249,88,1,0,41,0,0.9761904761904762,0.0,0.0,0.0
64,12,248,249,90,1,0,39,0,0.975,0.0,0.0,0.0
64,13,8,9,9,21,18,1,0,0.9545454545454546,0.8571428571428571,0.0,0.8571428571428571
64,13,16,17,13,29,25,1,0,0.9666666666666667,0.8620689655172413,0.0,0.8620689655172413
64,13,24,25,16,5,0,9,0,3.2142857142857144,0.0,0.0,0.0
64,13,24,25,17,26,10,10,0,7.222222222222222,0.38461538461538464,0.0,0.38461538461538464
64,13,24,25,18,2,0,36,0,1.894736842105263,0.0,0.0,0.0
64,13,24,25,19,7,4,36,0,5.8604651162790695,0.5714285714285714,0.0,0.5714285714285714
64,13,32,33,17,14,4,1,0,0.9333333333333333,0.2857142857142857,0.0,0.2857142857142857
64,13,32,33,18,10,0,12,0,5.454545454545454,0.0,0.0,0.0
64,13,32,33,19,8,1,19,1,5.62962962962963,0.125,0.05263157894736842,0.07236842105263158
64,13,32,33,20,3,0,23,0,2.6538461538461537,0.0,0.0,0.0
64,13,32,33,21,12,7,22,1,7.764705882352941,0.5833333333333334,0.045454545454545456,0.537878787878788
64,13,32,33,22,2,0,29,0,1.8709677419354838,0.0,0.0,0.0
64,13,32,33,23,11,5,29,0,7.975,0.45454545454545453,0.0,0.45454545454545453
64,13,32,33,25,3,0,43,0,2.8043478260869565,0.0,0.0,0.0
64,13,40,41,17,2,1,1,0,0.6666666666666666,0.5,0.0,0.5
64,13,40,41,18,7,0,2,0,1.5555555555555556,0.0,0.0,0.0
64,13,40,41,19,19,11,6,1,4.56,0.5789473684210527,0.16666666666666666,0.412280701754386
64,13,40,41,20,5,0,19,0,3.9583333333333335,0.0,0.0,0.0
64,13,40,41,21,4,0,19,0,3.3043478260869565,0.0,0.0,0.0
64,13,40,41,22,3,0,18,0,2.5714285714285716,0.0,0.0,0.0
64,13,40,41,23,11,4,17,0,6.678571428571429,0.36363636363636365,0.0,0.36363636363636365
64,13,40,41,24,5,0,23,0,4.107142857142857,0.0,0.0,0.0
64,13,40,41,25,17,6,24,0,9.951219512195122,0.35294117647058826,0.0,0.35294117647058826
64,13,40,41,26,5,0,39,0,4.431818181818182,0.0,0.0,0.0
64,13,40,41,27,7,4,42,0,6.0,0.5714285714285714,0.0,0.5714285714285714
64,13,40,41,29,3,1,45,0,2.8125,0.3333333333333333,0.0,0.3333333333333333
64,13,48,49,19,9,6,1,0,0.9,0.6666666666666666,0.0,0.6666666666666666
64,13,48,49,20,7,0,4,0,2.5454545454545454,0.0,0.0,0.0
64,13,48,49,21,17,5,4,0,3.238095238095238,0.29411764705882354,0.0,0.29411764705882354
64,13,48,49,22,5,0,15,0,3.75,0.0,0.0,0.0
64,13,48,49,23,5,2,16,0,3.8095238095238093,0.4,0.0,0.4
64,13,48,49,24,6,0,17,0,4.434782608695652,0.0,0.0,0.0
64,13,48,49,25,9,2,20,0,6.206896551724138,0.2222222222222222,0.0,0.2222222222222222
64,13,48,49,26,7,0,24,0,5.419354838709677,0.0,0.0,0.0
64,13,48,49,27,16,10,26,0,9.904761904761905,0.625,0.0,0.625
64,13,48,49,28,1,0,37,0,0.9736842105263158,0.0,0.0,0.0
64,13,48,49,29,7,5,35,0,5.833333333333333,0.7142857142857143,0.0,0.7142857142857143
64,13,48,49,30,4,0,33,0,3.5675675675675675,0.0,0.0,0.0
64,13,48,49,31,8,2,30,1,6.315789473684211,0.25,0.03333333333333333,0.21666666666666667
64,13,48,49,32,2,0,33,0,1.8857142857142857,0.0,0.0,0.0
64,13,48,49,33,12,7,31,0,8.651162790697674,0.5833333333333334,0.0,0.5833333333333334
64,13,48,49,34,8,0,34,0,6.476190476190476,0.0,0.0,0.0
64,13,48,49,35,12,6,34,0,8.869565217391305,0.5,0.0,0.5
64,13,48,49,36,2,0,41,0,1.9069767441860466,0.0,0.0,0.0
64,13,48,49,37,9,3,39,1,7.3125,0.3333333333333333,0.02564102564102564,0.30769230769230765
64,13,48,49,39,1,1,45,0,0.9782608695652174,1.0,0.0,1.0
64,13,56,57,18,1,0,1,0,0.5,0.0,0.0,0.0
64,13,56,57,19,1,1,1,0,0.5,1.0,0.0,1.0
64,13,56,57,22,5,0,5,0,2.5,0.0,0.0,0.0
64,13,56,57,23,7,3,6,0,3.230769230769231,0.42857142857142855,0.0,0.42857142857142855
64,13,56,57,24,4,0,8,0,2.6666666666666665,0.0,0.0,0.0
64,13,56,57,25,13,5,8,0,4.9523809523809526,0.38461538461538464,0.0,0.38461538461538464
64,13,56,57,26,4,0,16,0,3.2,0.0,0.0,0.0
64,13,56,57,27,14,8,16,0,7.466666666666667,0.5714285714285714,0.0,0.5714285714285714
64,13,56,57,28,7,0,23,0,5.366666666666666,0.0,0.0,0.0
64,13,56,57,29,12,5,24,0,8.0,0.4166666666666667,0.0,0.4166666666666667
64,13,56,57,30,4,0,28,0,3.5,0.0,0.0,0.0
64,13,56,57,31,7,3,25,1,5.46875,0.42857142857142855,0.04,0.38857142857142857
64,13,56,57,32,2,0,27,0,1.8620689655172413,0.0,0.0,0.0
64,13,56,57,33,8,4,25,0,6.0606060606060606,0.5,0.0,0.5
64,13,56,57,34,2,0,27,0,1.8620689655172413,0.0,0.0,0.0
64,13,56,57,35,10,2,24,0,7.0588235294117645,0.2,0.0,0.2
64,13,56,57,36,4,0,30,0,3.5294117647058822,0.0,0.0,0.0
64,13,56,57,37,9,4,31,0,6.975,0.4444444444444444,0.0,0.4444444444444444
64,13,56,57,38,3,0,32,0,2.742857142857143,0.0,0.0,0.0
64,13,56,57,39,11,5,29,0,7.975,0.45454545454545453,0.0,0.45454545454545453
64,13,56,57,40,6,0,34,0,5.1,0.0,0.0,0.0
64,13,56,57,41,7,1,35,0,5.833333333333333,0.14285714285714285,0.0,0.14285714285714285
64,13,56,57,42,4,0,38,0,3.619047619047619,0.0,0.0,0.0
64,13,56,57,43,6,1,38,0,5.181818181818182,0.16666666666666666,0.0,0.16666666666666666
64,13,64,65,24,2,0,3,0,1.2,0.0,0.0,0.0
64,13,64,65,25,7,2,2,0,1.5555555555555556,0.2857142857142857,0.0,0.2857142857142857
64,13,64,65,26,5,0,5,0,2.5,0.0,0.0,0.0
64,13,64,65,27,14,6,5,0,3.6842105263157894,0.42857142857142855,0.0,0.42857142857142855
64,13,64,65,28,6,0,12,0,4.0,0.0,0.0,0.0
64,13,64,65,29,19,6,11,0,6.966666666666667,0.3157894736842105,0.0,0.3157894736842105
64,13,64,65,30,6,0,22,0,4.714285714285714,0.0,0.0,0.0
64,13,64,65,31,9,3,22,1,6.387096774193548,0.3333333333333333,0.045454545454545456,0.28787878787878785
64,13,64,65,32,1,0,27,0,0.9642857142857143,0.0,0.0,0.0
64,13,64,65,33,5,2,25,0,4.166666666666667,0.4,0.0,0.4
64,13,64,65,34,1,0,26,0,0.9629629629629629,0.0,0.0,0.0
64,13,64,65,35,10,3,23,0,6.96969696969697,0.3,0.0,0.3
64,13,64,65,36,1,0,30,0,0.967741935483871,0.0,0.0,0.0
64,13,64,65,37,8,3,28,0,6.222222222222222,0.375,0.0,0.375
64,13,64,65,38,3,0,30,0,2.727272727272727,0.0,0.0,0.0
64,13,64,65,39,9,4,28,0,6.8108108108108105,0.4444444444444444,0.0,0.4444444444444444
64,13,64,65,40,1,0,34,0,0.9714285714285714,0.0,0.0,0.0
64,13,64,65,41,8,1,32,0,6.4,0.125,0.0,0.125
64,13,64,65,42,3,0,37,0,2.775,0.0,0.0,0.0
64,13,64,65,43,4,0,37,0,3.6097560975609757,0.0,0.0,0.0
64,13,64,65,44,2,0,37,0,1.8974358974358974,0.0,0.0,0.0
64,13,64,65,45,4,1,35,1,3.58974358974359,0.25,0.02857142857142857,0.22142857142857142
64,13,64,65,46,1,0,35,0,0.9722222222222222,0.0,0.0,0.0
64,13,64,65,47,7,2,32,0,5.743589743589744,0.2857142857142857,0.0,0.2857142857142857
64,13,64,65,49,1,0,35,1,0.9722222222222222,0.0,0.02857142857142857,-0.02857142857142857
64,13,72,73,25,4,1,1,0,0.8,0.25,0.0,0.25
64,13,72,73,26,4,0,1,0,0.8,0.0,0.0,0.0
64,13,72,73,27,5,3,2,0,1.4285714285714286,0.6,0.0,0.6
64,13,72,73,28,8,0,2,0,1.6,0.0,0.0,0.0
64,13,72,73,29,11,2,5,0,3.4375,0.18181818181818182,0.0,0.18181818181818182
64,13,72,73,30,12,0,7,0,4.421052631578948,0.0,0.0,0.0
64,13,72,73,31,17,5,10,0,6.296296296296297,0.29411764705882354,0.0,0.29411764705882354
64,13,72,73,32,5,0,23,0,4.107142857142857,0.0,0.0,0.0
64,13,72,73,33,5,2,25,0,4.166666666666667,0.4,0.0,0.4
64,13,72,73,34,1,0,26,0,0.9629629629629629,0.0,0.0,0.0
64,13,72,73,35,9,3,23,0,6.46875,0.3333333333333333,0.0,0.3333333333333333
64,13,72,73,36,1,0,29,0,0.9666666666666667,0.0,0.0,0.0
64,13,72,73,37,7,3,27,0,5.5588235294117645,0.42857142857142855,0.0,0.42857142857142855
64,13,72,73,38,5,0,28,0,4.242424242424242,0.0,0.0,0.0
64,13,72,73,39,9,5,28,0,6.8108108108108105,0.5555555555555556,0.0,0.5555555555555556
64,13,72,73,40,1,0,34,0,0.9714285714285714,0.0,0.0,0.0
64,13,72,73,41,7,1,32,0,5.743589743589744,0.14285714285714285,0.0,0.14285714285714285
64,13,72,73,42,3,0,36,0,2.769230769230769,0.0,0.0,0.0
64,13,72,73,43,5,0,36,0,4.390243902439025,0.0,0.0,0.0
64,13,72,73,44,3,0,37,0,2.775,0.0,0.0,0.0
64,13,72,73,45,4,1,34,0,3.5789473684210527,0.25,0.0,0.25
64,13,72,73,46,1,0,33,0,0.9705882352941176,0.0,0.0,0.0
64,13,72,73,47,8,2,29,0,6.27027027027027,0.25,0.0,0.25
64,13,72,73,48,5,0,30,0,4.285714285714286,0.0,0.0,0.0
64,13,72,73,49,4,2,28,0,3.5,0.5,0.0,0.5
64,13,72,73,50,4,0,29,0,3.515151515151515,0.0,0.0,0.0
64,13,72,73,51,5,2,32,1,4.324324324324325,0.4,0.03125,0.36875
64,13,72,73,52,1,0,36,0,0.972972972972973,0.0,0.0,0.0
64,13,72,73,53,7,4,36,0,5.8604651162790695,0.5714285714285714,0.0,0.5714285714285714
64,13,72,73,54,2,0,39,0,1.9024390243902438,0.0,0.0,0.0
64,13,72,73,55,9,3,36,0,7.2,0.3333333333333333,0.0,0.3333333333333333
64,13,72,73,56,1,0,44,0,0.9777777777777777,0.0,0.0,0.0
64,13,72,73,57,6,3,40,2,5.217391304347826,0.5,0.05,0.45
64,13,80,81,28,5,0,1,0,0.8333333333333334,0.0,0.0,0.0
64,13,80,81,29,9,4,1,0,0.9,0.4444444444444444,0.0,0.4444444444444444
64,13,80,81,30,6,0,4,0,2.4,0.0,0.0,0.0
64,13,80,81,31,9,1,3,0,2.25,0.1111111111111111,0.0,0.1111111111111111
64,13,80,81,32,11,0,6,0,3.8823529411764706,0.0,0.0,0.0
64,13,80,81,33,16,5,10,0,6.153846153846154,0.3125,0.0,0.3125
64,13,80,81,34,3,0,21,0,2.625,0.0,0.0,0.0
64,13,80,81,35,9,3,19,0,6.107142857142857,0.3333333333333333,0.0,0.3333333333333333
64,13,80,81,36,6,0,23,0,4.758620689655173,0.0,0.0,0.0
64,13,80,81,37,5,2,25,0,4.166666666666667,0.4,0.0,0.4
64,13,80,81,38,3,0,25,0,2.6785714285714284,0.0,0.0,0.0
64,13,80,81,39,8,5,24,0,6.0,0.625,0.0,0.625
64,13,80,81,40,2,0,29,0,1.8709677419354838,0.0,0.0,0.0
64,13,80,81,41,11,4,28,0,7.897435897435898,0.36363636363636365,0.0,0.36363636363636365
64,13,80,81,42,1,0,36,0,0.972972972972973,0.0,0.0,0.0
64,13,80,81,43,8,1,33,0,6.439024390243903,0.125,0.0,0.125
64,13,80,81,44,3,0,37,0,2.775,0.0,0.0,0.0
64,13,80,81,45,4,1,35,0,3.58974358974359,0.25,0.0,0.25
64,13,80,81,47,4,0,28,0,3.5,0.0,0.0,0.0
64,13,80,81,48,5,0,25,0,4.166666666666667,0.0,0.0,0.0
64,13,80,81,49,4,0,24,0,3.4285714285714284,0.0,0.0,0.0
64,13,80,81,50,3,0,26,0,2.689655172413793,0.0,0.0,0.0
64,13,80,81,51,5,1,28,0,4.242424242424242,0.2,0.0,0.2
64,13,80,81,52,4,0,29,0,3.515151515151515,0.0,0.0,0.0
64,13,80,81,53,5,1,31,0,4.305555555555555,0.2,0.0,0.2
64,13,80,81,54,4,0,32,0,3.5555555555555554,0.0,0.0,0.0
64,13,80,81,55,8,1,31,0,6.358974358974359,0.125,0.0,0.125
64,13,80,81,56,5,0,32,0,4.324324324324325,0.0,0.0,0.0
64,13,80,81,57,7,2,31,0,5.7105263157894735,0.2857142857142857,0.0,0.2857142857142857
64,13,80,81,58,4,0,32,0,3.5555555555555554,0.0,0.0,0.0
64,13,80,81,59,6,1,31,0,5.027027027027027,0.16666666666666666,0.0,0.16666666666666666
64,13,80,81,60,4,0,33,0,3.5675675675675675,0.0,0.0,0.0
64,13,80,81,61,6,2,33,0,5.076923076923077,0.3333333333333333,0.0,0.3333333333333333
64,13,80,81,63,2,1,32,1,1.8823529411764706,0.5,0.03125,0.46875
64,13,80,81,65,1,1,27,0,0.9642857142857143,1.0,0.0,1.0
64,13,88,89,29,1,1,1,0,0.5,1.0,0.0,1.0
64,13,88,89,30,2,0,1,0,0.6666666666666666,0.0,0.0,0.0
64,13,88,89,31,7,5,2,0,1.5555555555555556,0.7142857142857143,0.0,0.7142857142857143
64,13,88,89,32,5,0,3,0,1.875,0.0,0.0,0.0
64,13,88,89,33,12,2,3,0,2.4,0.16666666666666666,0.0,0.16666666666666666
64,13,88,89,34,8,0,8,0,4.0,0.0,0.0,0.0
64,13,88,89,35,14,5,9,0,5.478260869565218,0.35714285714285715,0.0,0.35714285714285715
64,13,88,89,36,7,0,17,0,4.958333333333333,0.0,0.0,0.0
64,13,88,89,37,8,2,18,0,5.538461538461538,0.25,0.0,0.25
64,13,88,89,38,4,0,19,0,3.3043478260869565,0.0,0.0,0.0
64,13,88,89,39,7,1,18,0,5.04,0.14285714285714285,0.0,0.14285714285714285
64,13,88,89,40,2,0,22,0,1.8333333333333333,0.0,0.0,0.0
64,13,88,89,41,11,5,21,0,7.21875,0.45454545454545453,0.0,0.45454545454545453
64,13,88,89,42,6,0,26,0,4.875,0.0,0.0,0.0
64,13,88,89,43,12,2,26,0,8.210526315789474,0.16666666666666666,0.0,0.16666666666666666
64,13,88,89,44,5,0,33,0,4.342105263157895,0.0,0.0,0.0
64,13,88,89,45,7,1,32,0,5.743589743589744,0.14285714285714285,0.0,0.14285714285714285
64,13,88,89,47,3,0,28,0,2.7096774193548385,0.0,0.0,0.0
64,13,88,89,48,1,0,26,0,0.9629629629629629,0.0,0.0,0.0
64,13,88,89,49,3,0,22,0,2.64,0.0,0.0,0.0
64,13,88,89,50,6,0,20,0,4.615384615384615,0.0,0.0,0.0
64,13,88,89,51,5,0,25,0,4.166666666666667,0.0,0.0,0.0
64,13,88,89,52,4,0,26,0,3.466666666666667,0.0,0.0,0.0
64,13,88,89,53,6,3,28,0,4.9411764705882355,0.5,0.0,0.5
64,13,88,89,54,4,0,29,0,3.515151515151515,0.0,0.0,0.0
64,13,88,89,55,9,2,27,0,6.75,0.2222222222222222,0.0,0.2222222222222222
64,13,88,89,56,5,0,29,0,4.264705882352941,0.0,0.0,0.0
64,13,88,89,57,6,1,28,0,4.9411764705882355,0.16666666666666666,0.0,0.16666666666666666
64,13,88,89,58,5,0,28,0,4.242424242424242,0.0,0.0,0.0
64,13,88,89,59,5,1,28,0,4.242424242424242,0.2,0.0,0.2
64,13,88,89,60,3,0,29,0,2.71875,0.0,0.0,0.0
64,13,88,89,61,5,1,29,0,4.264705882352941,0.2,0.0,0.2
64,13,88,89,62,2,0,30,0,1.875,0.0,0.0,0.0
64,13,88,89,63,2,1,29,0,1.8709677419354838,0.5,0.0,0.5
64,13,88,89,64,2,0,26,0,1.8571428571428572,0.0,0.0,0.0
64,13,88,89,65,3,1,23,0,2.6538461538461537,0.3333333333333333,0.0,0.3333333333333333
64,13,88,89,67,2,1,20,0,1.8181818181818181,0.5,0.0,0.5
64,13,96,97,31,2,2,1,0,0.6666666666666666,1.0,0.0,1.0
64,13,96,97,33,4,3,2,0,1.3333333333333333,0.75,0.0,0.75
64,13,96,97,34,6,0,2,0,1.5,0.0,0.0,0.0
64,13,96,97,35,10,7,4,0,2.857142857142857,0.7,0.0,0.7
64,13,96,97,36,5,0,7,0,2.9166666666666665,0.0,0.0,0.0
64,13,96,97,37,12,4,8,0,4.8,0.3333333333333333,0.0,0.3333333333333333
64,13,96,97,38,6,0,12,0,4.0,0.0,0.0,0.0
64,13,96,97,39,10,4,11,0,5.238095238095238,0.4,0.0,0.4
64,13,96,97,40,3,0,17,0,2.55,0.0,0.0,0.0
64,13,96,97,41,9,5,16,0,5.76,0.5555555555555556,0.0,0.5555555555555556
64,13,96,97,42,5,0,20,0,4.0,0.0,0.0,0.0
64,13,96,97,43,13,4,18,0,7.548387096774194,0.3076923076923077,0.0,0.3076923076923077
64,13,96,97,44,5,0,24,0,4.137931034482759,0.0,0.0,0.0
64,13,96,97,45,15,5,22,0,8.91891891891892,0.3333333333333333,0.0,0.3333333333333333
64,13,96,97,46,3,0,31,0,2.735294117647059,0.0,0.0,0.0
64,13,96,97,47,3,0,28,0,2.7096774193548385,0.0,0.0,0.0
64,13,96,97,49,4,1,21,0,3.36,0.25,0.0,0.25
64,13,96,97,50,4,0,19,0,3.3043478260869565,0.0,0.0,0.0
64,13,96,97,51,7,1,19,0,5.115384615384615,0.14285714285714285,0.0,0.14285714285714285
64,13,96,97,52,7,0,19,0,5.115384615384615,0.0,0.0,0.0
64,13,96,97,53,8,3,21,0,5.793103448275862,0.375,0.0,0.375
64,13,96,97,54,7,0,21,0,5.25,0.0,0.0,0.0
64,13,96,97,55,11,2,20,0,7.096774193548387,0.18181818181818182,0.0,0.18181818181818182
64,13,96,97,56,7,0,23,0,5.366666666666666,0.0,0.0,0.0
64,13,96,97,57,9,3,22,0,6.387096774193548,0.3333333333333333,0.0,0.3333333333333333
64,13,96,97,58,4,0,26,0,3.466666666666667,0.0,0.0,0.0
64,13,96,97,59,6,1,24,2,4.8,0.16666666666666666,0.08333333333333333,0.08333333333333333
64,13,96,97,60,3,0,25,0,2.6785714285714284,0.0,0.0,0.0
64,13,96,97,61,5,1,25,1,4.166666666666667,0.2,0.04,0.16
64,13,96,97,62,3,0,26,0,2.689655172413793,0.0,0.0,0.0
64,13,96,97,63,4,2,26,0,3.466666666666667,0.5,0.0,0.5
64,13,96,97,64,2,0,25,0,1.8518518518518519,0.0,0.0,0.0
64,13,96,97,65,5,2,20,0,4.0,0.4,0.0,0.4
64,13,104,105,33,1,0,1,0,0.5,0.0,0.0,0.0
64,13,104,105,34,1,0,1,0,0.5,0.0,0.0,0.0
64,13,104,105,36,4,0,2,0,1.3333333333333333,0.0,0.0,0.0
64,13,104,105,37,9,2,2,0,1.6363636363636365,0.2222222222222222,0.0,0.2222222222222222
64,13,104,105,38,5,0,4,0,2.2222222222222223,0.0,0.0,0.0
64,13,104,105,39,10,5,4,0,2.857142857142857,0.5,0.0,0.5
64,13,104,105,40,3,0,9,0,2.25,0.0,0.0,0.0
64,13,104,105,41,8,6,8,0,4.0,0.75,0.0,0.75
64,13,104,105,42,3,0,10,0,2.3076923076923075,0.0,0.0,0.0
64,13,104,105,43,14,8,8,0,5.090909090909091,0.5714285714285714,0.0,0.5714285714285714
64,13,104,105,44,9,0,15,0,5.625,0.0,0.0,0.0
64,13,104,105,45,11,3,17,0,6.678571428571429,0.2727272727272727,0.0,0.2727272727272727
64,13,104,105,46,7,0,21,0,5.25,0.0,0.0,0.0
64,13,104,105,47,8,3,21,0,5.793103448275862,0.375,0.0,0.375
64,13,104,105,48,4,0,22,0,3.3846153846153846,0.0,0.0,0.0
64,13,104,105,49,1,0,21,0,0.9545454545454546,0.0,0.0,0.0
64,13,104,105,50,5,0,16,0,3.8095238095238093,0.0,0.0,0.0
64,13,104,105,51,6,2,17,0,4.434782608695652,0.3333333333333333,0.0,0.3333333333333333
64,13,104,105,52,4,0,17,0,3.238095238095238,0.0,0.0,0.0
64,13,104,105,53,8,2,17,0,5.44,0.25,0.0,0.25
64,13,104,105,54,5,0,18,0,3.9130434782608696,0.0,0.0,0.0
64,13,104,105,55,10,1,16,0,6.153846153846154,0.1,0.0,0.1
64,13,104,105,56,8,0,18,0,5.538461538461538,0.0,0.0,0.0
64,13,104,105,57,7,2,18,0,5.04,0.2857142857142857,0.0,0.2857142857142857
64,13,104,105,58,6,1,18,0,4.5,0.16666666666666666,0.0,0.16666666666666666
64,13,104,105,59,7,2,18,0,5.04,0.2857142857142857,0.0,0.2857142857142857
64,13,104,105,60,6,1,19,0,4.56,0.16666666666666666,0.0,0.16666666666666666
64,13,104,105,61,8,1,18,0,5.538461538461538,0.125,0.0,0.125
64,13,104,105,62,8,1,18,0,5.538461538461538,0.125,0.0,0.125
64,13,104,105,63,7,0,20,0,5.185185185185185,0.0,0.0,0.0
64,13,104,105,64,4,0,22,0,3.3846153846153846,0.0,0.0,0.0
64,13,104,105,65,4,1,21,0,3.36,0.25,0.0,0.25
64,13,104,105,66,2,0,20,0,1.8181818181818181,0.0,0.0,0.0
64,13,104,105,67,1,0,19,0,0.95,0.0,0.0,0.0
64,13,112,113,37,6,3,1,0,0.8571428571428571,0.5,0.0,0.5
64,13,112,113,38,6,0,1,0,0.8571428571428571,0.0,0.0,0.0
64,13,112,113,39,5,0,2,0,1.4285714285714286,0.0,0.0,0.0
64,13,112,113,40,5,0,3,0,1.875,0.0,0.0,0.0
64,13,112,113,41,4,1,5,0,2.2222222222222223,0.25,0.0,0.25
64,13,112,113,42,4,0,5,0,2.2222222222222223,0.0,0.0,0.0
64,13,112,113,43,8,2,4,0,2.6666666666666665,0.25,0.0,0.25
64,13,112,113,44,6,0,6,0,3.0,0.0,0.0,0.0
64,13,112,113,45,13,3,7,0,4.55,0.23076923076923078,0.0,0.23076923076923078
64,13,112,113,46,7,0,11,0,4.277777777777778,0.0,0.0,0.0
64,13,112,113,47,16,6,10,0,6.153846153846154,0.375,0.0,0.375
64,13,112,113,48,3,0,18,0,2.5714285714285716,0.0,0.0,0.0
64,13,112,113,49,8,4,14,0,5.090909090909091,0.5,0.0,0.5
64,13,112,113,50,2,0,15,0,1.7647058823529411,0.0,0.0,0.0
64,13,112,113,51,8,1,12,0,4.8,0.125,0.0,0.125
64,13,112,113,52,4,0,14,0,3.111111111111111,0.0,0.0,0.0
64,13,112,113,53,5,2,14,0,3.6842105263157894,0.4,0.0,0.4
64,13,112,113,54,4,0,13,0,3.0588235294117645,0.0,0.0,0.0
64,13,112,113,55,8,1,12,0,4.8,0.125,0.0,0.125
64,13,112,113,56,5,0,13,0,3.611111111111111,0.0,0.0,0.0
64,13,112,113,57,5,0,12,0,3.5294117647058822,0.0,0.0,0.0
64,13,112,113,58,4,0,12,0,3.0,0.0,0.0,0.0
64,13,112,113,59,5,2,12,0,3.5294117647058822,0.4,0.0,0.4
64,13,112,113,60,3,0,13,0,2.4375,0.0,0.0,0.0
64,13,112,113,61,7,3,13,0,4.55,0.42857142857142855,0.0,0.42857142857142855
64,13,112,113,62,4,0,14,0,3.111111111111111,0.0,0.0,0.0
64,13,112,113,63,6,2,15,0,4.285714285714286,0.3333333333333333,0.0,0.3333333333333333
64,13,112,113,64,3,0,18,0,2.5714285714285716,0.0,0.0,0.0
64,13,112,113,65,10,3,17,0,6.296296296296297,0.3,0.0,0.3
64,13,112,113,66,3,0,21,0,2.625,0.0,0.0,0.0
64,13,112,113,67,1,0,19,0,0.95,0.0,0.0,0.0
64,13,120,121,37,3,0,1,0,0.75,0.0,0.0,0.0
64,13,120,121,38,4,0,1,0,0.8,0.0,0.0,0.0
64,13,120,121,39,3,0,2,0,1.2,0.0,0.0,0.0
64,13,120,121,40,4,0,2,0,1.3333333333333333,0.0,0.0,0.0
64,13,120,121,41,4,1,3,0,1.7142857142857142,0.25,0.0,0.25
64,13,120,121,42,2,0,4,0,1.3333333333333333,0.0,0.0,0.0
64,13,120,121,43,3,2,3,0,1.5,0.6666666666666666,0.0,0.6666666666666666
64,13,120,121,44,3,0,4,0,1.7142857142857142,0.0,0.0,0.0
64,13,120,121,45,7,1,4,0,2.5454545454545454,0.14285714285714285,0.0,0.14285714285714285
64,13,120,121,46,5,0,5,0,2.5,0.0,0.0,0.0
64,13,120,121,47,11,5,5,0,3.4375,0.45454545454545453,0.0,0.45454545454545453
64,13,120,121,48,9,0,8,0,4.235294117647059,0.0,0.0,0.0
64,13,120,121,49,11,3,9,0,4.95,0.2727272727272727,0.0,0.2727272727272727
64,13,120,121,50,3,0,13,0,2.4375,0.0,0.0,0.0
64,13,120,121,51,7,1,11,0,4.277777777777778,0.14285714285714285,0.0,0.14285714285714285
64,13,120,121,52,5,0,11,0,3.4375,0.0,0.0,0.0
64,13,120,121,53,3,0,12,0,2.4,0.0,0.0,0.0
64,13,120,121,54,4,0,11,0,2.933333333333333,0.0,0.0,0.0
64,13,120,121,55,7,1,11,0,4.277777777777778,0.14285714285714285,0.0,0.14285714285714285
64,13,120,121,56,5,0,12,0,3.5294117647058822,0.0,0.0,0.0
64,13,120,121,57,5,0,11,0,3.4375,0.0,0.0,0.0
64,13,120,121,58,4,0,11,0,2.933333333333333,0.0,0.0,0.0
64,13,120,121,59,4,1,11,0,2.933333333333333,0.25,0.0,0.25
64,13,120,121,60,2,0,12,0,1.7142857142857142,0.0,0.0,0.0
64,13,120,121,61,6,1,11,0,3.8823529411764706,0.16666666666666666,0.0,0.16666666666666666
64,13,120,121,62,3,0,13,0,2.4375,0.0,0.0,0.0
64,13,120,121,63,5,1,14,0,3.6842105263157894,0.2,0.0,0.2
64,13,120,121,64,1,0,18,0,0.9473684210526315,0.0,0.0,0.0
64,13,120,121,65,5,1,18,0,3.9130434782608696,0.2,0.0,0.2
64,13,120,121,66,3,0,19,0,2.590909090909091,0.0,0.0,0.0
64,13,120,121,67,3,1,18,0,2.5714285714285716,0.3333333333333333,0.0,0.3333333333333333
64,13,128,129,41,3,1,1,0,0.75,0.3333333333333333,0.0,0.3333333333333333
64,13,128,129,42,1,0,1,0,0.5,0.0,0.0,0.0
64,13,128,129,43,1,1,2,0,0.6666666666666666,1.0,0.0,1.0
64,13,128,129,44,1,0,3,0,0.75,0.0,0.0,0.0
64,13,128,129,45,6,1,3,0,2.0,0.16666666666666666,0.0,0.16666666666666666
64,13,128,129,46,3,0,3,0,1.5,0.0,0.0,0.0
64,13,128,129,47,8,3,2,0,1.6,0.375,0.0,0.375
64,13,128,129,48,3,0,2,0,1.2,0.0,0.0,0.0
64,13,128,129,49,12,5,1,0,0.9230769230769231,0.4166666666666667,0.0,0.4166666666666667
64,13,128,129,50,6,0,5,0,2.727272727272727,0.0,0.0,0.0
64,13,128,129,51,10,3,6,0,3.75,0.3,0.0,0.3
64,13,128,129,52,6,0,7,0,3.230769230769231,0.0,0.0,0.0
64,13,128,129,53,9,1,7,0,3.9375,0.1111111111111111,0.0,0.1111111111111111
64,13,128,129,54,4,0,11,0,2.933333333333333,0.0,0.0,0.0
64,13,128,129,55,6,1,11,0,3.8823529411764706,0.16666666666666666,0.0,0.16666666666666666
64,13,128,129,56,5,0,12,0,3.5294117647058822,0.0,0.0,0.0
64,13,128,129,57,5,0,11,0,3.4375,0.0,0.0,0.0
64,13,128,129,58,4,0,11,0,2.933333333333333,0.0,0.0,0.0
64,13,128,129,59,5,3,11,0,3.4375,0.6,0.0,0.6
64,13,128,129,60,2,0,12,0,1.7142857142857142,0.0,0.0,0.0
64,13,128,129,61,5,2,11,0,3.4375,0.4,0.0,0.4
64,13,128,129,62,4,0,12,0,3.0,0.0,0.0,0.0
64,13,128,129,63,7,2,13,0,4.55,0.2857142857142857,0.0,0.2857142857142857
64,13,128,129,64,2,0,17,0,1.7894736842105263,0.0,0.0,0.0
64,13,128,129,65,5,1,17,0,3.8636363636363638,0.2,0.0,0.2
64,13,128,129,66,3,0,19,0,2.590909090909091,0.0,0.0,0.0
64,13,128,129,67,3,1,18,0,2.5714285714285716,0.3333333333333333,0.0,0.3333333333333333
64,13,136,137,44,1,0,1,0,0.5,0.0,0.0,0.0
64,13,136,137,45,2,2,2,0,1.0,1.0,0.0,1.0
64,13,136,137,46,1,0,2,0,0.6666666666666666,0.0,0.0,0.0
64,13,136,137,47,2,0,1,0,0.6666666666666666,0.0,0.0,0.0
64,13,136,137,48,3,0,1,0,0.75,0.0,0.0,0.0
64,13,136,137,49,6,1,1,0,0.8571428571428571,0.16666666666666666,0.0,0.16666666666666666
64,13,136,137,50,4,0,2,0,1.3333333333333333,0.0,0.0,0.0
64,13,136,137,51,9,2,2,0,1.6363636363636365,0.2222222222222222,0.0,0.2222222222222222
64,13,136,137,52,7,0,3,0,2.1,0.0,0.0,0.0
64,13,136,137,53,10,4,6,0,3.75,0.4,0.0,0.4
64,13,136,137,54,5,0,8,0,3.076923076923077,0.0,0.0,0.0
64,13,136,137,55,6,1,7,0,3.230769230769231,0.16666666666666666,0.0,0.16666666666666666
64,13,136,137,56,1,0,10,0,0.9090909090909091,0.0,0.0,0.0
64,13,136,137,57,5,3,8,0,3.076923076923077,0.6,0.0,0.6
64,13,136,137,58,2,0,8,0,1.6,0.0,0.0,0.0
64,13,136,137,59,5,4,6,0,2.727272727272727,0.8,0.0,0.8
64,13,136,137,60,2,0,7,0,1.5555555555555556,0.0,0.0,0.0
64,13,136,137,61,5,3,5,0,2.5,0.6,0.0,0.6
64,13,136,137,62,2,0,6,0,1.5,0.0,0.0,0.0
64,13,136,137,63,10,5,4,0,2.857142857142857,0.5,0.0,0.5
64,13,136,137,64,4,1,9,0,2.769230769230769,0.25,0.0,0.25
64,13,136,137,65,6,1,11,0,3.8823529411764706,0.16666666666666666,0.0,0.16666666666666666
64,13,136,137,66,2,0,13,0,1.7333333333333334,0.0,0.0,0.0
64,13,136,137,67,5,2,11,0,3.4375,0.4,0.0,0.4
64,13,136,137,68,1,0,17,0,0.9444444444444444,0.0,0.0,0.0
64,13,136,137,69,3,1,18,0,2.5714285714285716,0.3333333333333333,0.0,0.3333333333333333
64,13,136,137,70,1,0,20,0,0.9523809523809523,0.0,0.0,0.0
64,13,136,137,71,3,1,20,0,2.608695652173913,0.3333333333333333,0.0,0.3333333333333333
64,13,136,137,75,1,1,23,0,0.9583333333333334,1.0,0.0,1.0
64,13,136,137,77,3,1,20,0,2.608695652173913,0.3333333333333333,0.0,0.3333333333333333
64,13,136,137,79,3,1,18,0,2.5714285714285716,0.3333333333333333,0.0,0.3333333333333333
64,13,144,145,45,1,1,1,0,0.5,1.0,0.0,1.0
64,13,144,145,50,4,0,1,0,0.8,0.0,0.0,0.0
64,13,144,145,51,7,1,2,0,1.5555555555555556,0.14285714285714285,0.0,0.14285714285714285
64,13,144,145,52,5,0,3,0,1.875,0.0,0.0,0.0
64,13,144,145,53,9,2,4,0,2.769230769230769,0.2222222222222222,0.0,0.2222222222222222
64,13,144,145,54,5,0,5,0,2.5,0.0,0.0,0.0
64,13,144,145,55,5,2,5,0,2.5,0.4,0.0,0.4
64,13,144,145,56,2,0,7,0,1.5555555555555556,0.0,0.0,0.0
64,13,144,145,57,3,1,7,0,2.1,0.3333333333333333,0.0,0.3333333333333333
64,13,144,145,58,1,0,6,0,0.8571428571428571,0.0,0.0,0.0
64,13,144,145,59,5,2,4,0,2.2222222222222223,0.4,0.0,0.4
64,13,144,145,60,3,0,5,0,1.875,0.0,0.0,0.0
64,13,144,145,61,5,3,4,0,2.2222222222222223,0.6,0.0,0.6
64,13,144,145,62,1,0,5,0,0.8333333333333334,0.0,0.0,0.0
64,13,144,145,63,6,3,4,0,2.4,0.5,0.0,0.5
64,13,144,145,64,5,1,4,0,2.2222222222222223,0.2,0.0,0.2
64,13,144,145,65,8,2,5,0,3.076923076923077,0.25,0.0,0.25
64,13,144,145,66,4,0,7,0,2.5454545454545454,0.0,0.0,0.0
64,13,144,145,67,5,1,6,0,2.727272727272727,0.2,0.0,0.2
64,13,144,145,68,2,0,8,0,1.6,0.0,0.0,0.0
64,13,144,145,69,5,0,9,0,3.2142857142857144,0.0,0.0,0.0
64,13,144,145,70,5,1,11,0,3.4375,0.2,0.0,0.2
64,13,144,145,71,5,1,12,0,3.5294117647058822,0.2,0.0,0.2
64,13,144,145,72,5,1,13,0,3.611111111111111,0.2,0.0,0.2
64,13,144,145,73,4,0,14,0,3.111111111111111,0.0,0.0,0.0
64,13,144,145,74,4,0,15,0,3.1578947368421053,0.0,0.0,0.0
64,13,144,145,75,4,0,16,0,3.2,0.0,0.0,0.0
64,13,144,145,76,4,2,17,0,3.238095238095238,0.5,0.0,0.5
64,13,144,145,77,2,1,19,0,1.8095238095238095,0.5,0.0,0.5
64,13,144,145,78,1,1,19,0,0.95,1.0,0.0,1.0
64,13,144,145,79,1,1,18,0,0.9473684210526315,1.0,0.0,1.0
64,13,144,145,80,1,0,17,0,0.9444444444444444,0.0,0.0,0.0
64,13,144,145,81,1,0,15,0,0.9375,0.0,0.0,0.0
64,13,152,153,50,2,0,1,0,0.6666666666666666,0.0,0.0,0.0
64,13,152,153,51,5,1,2,0,1.4285714285714286,0.2,0.0,0.2
64,13,152,153,52,2,0,3,0,1.2,0.0,0.0,0.0
64,13,152,153,53,8,3,3,0,2.1818181818181817,0.375,0.0,0.375
64,13,152,153,54,6,0,4,0,2.4,0.0,0.0,0.0
64,13,152,153,55,5,2,5,0,2.5,0.4,0.0,0.4
64,13,152,153,56,1,0,7,0,0.875,0.0,0.0,0.0
64,13,152,153,57,4,2,5,0,2.2222222222222223,0.5,0.0,0.5
64,13,152,153,58,1,0,6,0,0.8571428571428571,0.0,0.0,0.0
64,13,152,153,59,3,1,4,0,1.7142857142857142,0.3333333333333333,0.0,0.3333333333333333
64,13,152,153,60,3,0,4,0,1.7142857142857142,0.0,0.0,0.0
64,13,152,153,61,4,2,4,0,2.0,0.5,0.0,0.5
64,13,152,153,62,2,0,4,0,1.3333333333333333,0.0,0.0,0.0
64,13,152,153,63,6,3,3,0,2.0,0.5,0.0,0.5
64,13,152,153,64,2,0,4,0,1.3333333333333333,0.0,0.0,0.0
64,13,152,153,65,5,0,2,0,1.4285714285714286,0.0,0.0,0.0
64,13,152,153,66,5,0,3,0,1.875,0.0,0.0,0.0
64,13,152,153,67,3,0,5,0,1.875,0.0,0.0,0.0
64,13,152,153,68,2,0,7,0,1.5555555555555556,0.0,0.0,0.0
64,13,152,153,69,4,1,8,0,2.6666666666666665,0.25,0.0,0.25
64,13,152,153,70,4,0,9,0,2.769230769230769,0.0,0.0,0.0
64,13,152,153,71,4,0,10,0,2.857142857142857,0.0,0.0,0.0
64,13,152,153,72,4,0,11,0,2.933333333333333,0.0,0.0,0.0
64,13,152,153,73,4,0,12,0,3.0,0.0,0.0,0.0
64,13,152,153,74,4,0,13,0,3.0588235294117645,0.0,0.0,0.0
64,13,152,153,75,4,0,14,0,3.111111111111111,0.0,0.0,0.0
64,13,152,153,76,3,0,15,0,2.5,0.0,0.0,0.0
64,13,152,153,77,4,0,16,0,3.2,0.0,0.0,0.0
64,13,152,153,78,1,0,18,0,0.9473684210526315,0.0,0.0,0.0
64,13,152,153,79,1,0,17,0,0.9444444444444444,0.0,0.0,0.0
64,13,152,153,80,1,0,16,0,0.9411764705882353,0.0,0.0,0.0
64,13,152,153,81,1,0,14,0,0.9333333333333333,0.0,0.0,0.0
64,13,152,153,82,1,0,12,0,0.9230769230769231,0.0,0.0,0.0
64,13,160,161,50,2,0,1,0,0.6666666666666666,0.0,0.0,0.0
64,13,160,161,51,3,1,2,0,1.2,0.3333333333333333,0.0,0.3333333333333333
64,13,160,161,52,1,0,3,0,0.75,0.0,0.0,0.0
64,13,160,161,53,7,2,3,0,2.1,0.2857142857142857,0.0,0.2857142857142857
64,13,160,161,54,4,0,4,0,2.0,0.0,0.0,0.0
64,13,160,161,55,4,1,4,0,2.0,0.25,0.0,0.25
64,13,160,161,56,2,0,5,0,1.4285714285714286,0.0,0.0,0.0
64,13,160,161,57,4,1,4,0,2.0,0.25,0.0,0.25
64,13,160,161,59,3,1,3,0,1.5,0.3333333333333333,0.0,0.3333333333333333
64,13,160,161,60,3,0,3,0,1.5,0.0,0.0,0.0
64,13,160,161,61,4,3,3,0,1.7142857142857142,0.75,0.0,0.75
64,13,160,161,62,3,0,2,0,1.2,0.0,0.0,0.0
64,13,160,161,63,6,4,2,0,1.5,0.6666666666666666,0.0,0.6666666666666666
64,13,160,161,64,2,0,3,0,1.2,0.0,0.0,0.0
64,13,160,161,65,5,2,1,0,0.8333333333333334,0.4,0.0,0.4
64,13,160,161,66,3,0,3,0,1.5,0.0,0.0,0.0
64,13,160,161,67,3,0,4,0,1.7142857142857142,0.0,0.0,0.0
64,13,160,161,68,2,0,6,0,1.5,0.0,0.0,0.0
64,13,160,161,69,3,1,7,0,2.1,0.3333333333333333,0.0,0.3333333333333333
64,13,160,161,70,3,0,7,0,2.1,0.0,0.0,0.0
64,13,160,161,71,5,1,8,0,3.076923076923077,0.2,0.0,0.2
64,13,160,161,72,4,0,10,0,2.857142857142857,0.0,0.0,0.0
64,13,160,161,73,4,0,11,0,2.933333333333333,0.0,0.0,0.0
64,13,160,161,74,4,0,12,0,3.0,0.0,0.0,0.0
64,13,160,161,75,4,1,13,0,3.0588235294117645,0.25,0.0,0.25
64,13,160,161,76,3,0,14,0,2.4705882352941178,0.0,0.0,0.0
64,13,160,161,77,3,0,15,0,2.5,0.0,0.0,0.0
64,13,160,161,78,3,0,16,0,2.526315789473684,0.0,0.0,0.0
64,13,160,161,79,1,0,17,0,0.9444444444444444,0.0,0.0,0.0
64,13,160,161,80,1,0,16,0,0.9411764705882353,0.0,0.0,0.0
64,13,160,161,81,1,0,14,0,0.9333333333333333,0.0,0.0,0.0
64,13,160,161,82,1,0,12,0,0.9230769230769231,0.0,0.0,0.0
64,13,168,169,51,1,0,1,0,0.5,0.0,0.0,0.0
64,13,168,169,52,1,0,2,0,0.6666666666666666,0.0,0.0,0.0
64,13,168,169,53,3,2,3,0,1.5,0.6666666666666666,0.0,0.6666666666666666
64,13,168,169,54,3,0,3,0,1.5,0.0,0.0,0.0
64,13,168,169,55,4,2,3,0,1.7142857142857142,0.5,0.0,0.5
64,13,168,169,56,2,0,4,0,1.3333333333333333,0.0,0.0,0.0
64,13,168,169,57,4,1,3,0,1.7142857142857142,0.25,0.0,0.25
64,13,168,169,59,2,1,2,0,1.0,0.5,0.0,0.5
64,13,168,169,61,5,4,1,0,0.8333333333333334,0.8,0.0,0.8
64,13,168,169,62,1,0,1,0,0.5,0.0,0.0,0.0
64,13,168,169,64,3,0,1,0,0.75,0.0,0.0,0.0
64,13,168,169,66,4,0,2,0,1.3333333333333333,0.0,0.0,0.0
64,13,168,169,67,3,1,4,0,1.7142857142857142,0.3333333333333333,0.0,0.3333333333333333
64,13,168,169,68,2,0,6,0,1.5,0.0,0.0,0.0
64,13,168,169,69,2,0,7,0,1.5555555555555556,0.0,0.0,0.0
64,13,168,169,70,3,0,7,0,2.1,0.0,0.0,0.0
64,13,168,169,71,4,0,8,0,2.6666666666666665,0.0,0.0,0.0
64,13,168,169,72,3,0,10,0,2.3076923076923075,0.0,0.0,0.0
64,13,168,169,73,4,1,11,0,2.933333333333333,0.25,0.0,0.25
64,13,168,169,74,4,0,12,0,3.0,0.0,0.0,0.0
64,13,168,169,75,3,0,13,0,2.4375,0.0,0.0,0.0
64,13,168,169,76,3,0,14,0,2.4705882352941178,0.0,0.0,0.0
64,13,168,169,77,3,0,15,0,2.5,0.0,0.0,0.0
64,13,168,169,78,3,0,16,0,2.526315789473684,0.0,0.0,0.0
64,13,168,169,79,1,0,17,0,0.9444444444444444,0.0,0.0,0.0
64,13,168,169,80,1,0,16,0,0.9411764705882353,0.0,0.0,0.0
64,13,168,169,81,1,0,14,0,0.9333333333333333,0.0,0.0,0.0
64,13,168,169,83,1,0,10,0,0.9090909090909091,0.0,0.0,0.0
64,13,176,177,51,1,1,1,0,0.5,1.0,0.0,1.0
64,13,176,177,53,3,2,2,0,1.2,0.6666666666666666,0.0,0.6666666666666666
64,13,176,177,54,3,0,2,0,1.2,0.0,0.0,0.0
64,13,176,177,55,1,1,3,0,0.75,1.0,0.0,1.0
64,13,176,177,56,2,0,3,0,1.2,0.0,0.0,0.0
64,13,176,177,57,3,2,2,0,1.2,0.6666666666666666,0.0,0.6666666666666666
64,13,176,177,59,3,2,1,0,0.75,0.6666666666666666,0.0,0.6666666666666666
64,13,176,177,64,2,0,1,0,0.6666666666666666,0.0,0.0,0.0
64,13,176,177,66,4,0,1,0,0.8,0.0,0.0,0.0
64,13,176,177,67,3,1,3,0,1.5,0.3333333333333333,0.0,0.3333333333333333
64,13,176,177,68,2,0,6,0,1.5,0.0,0.0,0.0
64,13,176,177,69,2,0,7,0,1.5555555555555556,0.0,0.0,0.0
64,13,176,177,70,3,0,7,0,2.1,0.0,0.0,0.0
64,13,176,177,71,4,1,8,0,2.6666666666666665,0.25,0.0,0.25
64,13,176,177,72,3,0,10,0,2.3076923076923075,0.0,0.0,0.0
64,13,176,177,73,4,1,11,0,2.933333333333333,0.25,0.0,0.25
64,13,176,177,74,3,0,12,0,2.4,0.0,0.0,0.0
64,13,176,177,75,3,0,13,0,2.4375,0.0,0.0,0.0
64,13,176,177,76,3,0,14,0,2.4705882352941178,0.0,0.0,0.0
64,13,176,177,77,3,0,15,0,2.5,0.0,0.0,0.0
64,13,176,177,78,2,0,16,0,1.7777777777777777,0.0,0.0,0.0
64,13,176,177,79,2,0,16,0,1.7777777777777777,0.0,0.0,0.0
64,13,176,177,80,1,0,16,0,0.9411764705882353,0.0,0.0,0.0
64,13,176,177,81,1,0,14,0,0.9333333333333333,0.0,0.0,0.0
64,13,176,177,83,1,0,10,0,0.9090909090909091,0.0,0.0,0.0
64,13,184,185,52,1,0,1,0,0.5,0.0,0.0,0.0
64,13,184,185,53,2,1,1,0,0.6666666666666666,0.5,0.0,0.5
64,13,184,185,55,1,1,2,0,0.6666666666666666,1.0,0.0,1.0
64,13,184,185,56,1,0,2,0,0.6666666666666666,0.0,0.0,0.0
64,13,184,185,58,2,0,1,0,0.6666666666666666,0.0,0.0,0.0
64,13,184,185,59,2,2,1,0,0.6666666666666666,1.0,0.0,1.0
64,13,184,185,66,3,0,1,0,0.75,0.0,0.0,0.0
64,13,184,185,67,2,0,3,0,1.2,0.0,0.0,0.0
64,13,184,185,68,2,0,5,0,1.4285714285714286,0.0,0.0,0.0
64,13,184,185,69,2,0,6,0,1.5,0.0,0.0,0.0
64,13,184,185,70,3,0,6,0,2.0,0.0,0.0,0.0
64,13,184,185,71,3,0,7,0,2.1,0.0,0.0,0.0
64,13,184,185,72,3,0,8,0,2.1818181818181817,0.0,0.0,0.0
64,13,184,185,73,5,2,9,0,3.2142857142857144,0.4,0.0,0.4
64,13,184,185,74,2,0,12,0,1.7142857142857142,0.0,0.0,0.0
64,13,184,185,75,5,2,12,0,3.5294117647058822,0.4,0.0,0.4
64,13,184,185,76,2,0,14,0,1.75,0.0,0.0,0.0
64,13,184,185,77,5,1,14,0,3.6842105263157894,0.2,0.0,0.2
64,13,184,185,78,3,0,16,0,2.526315789473684,0.0,0.0,0.0
64,13,184,185,79,3,0,16,0,2.526315789473684,0.0,0.0,0.0
64,13,184,185,80,1,0,16,0,0.9411764705882353,0.0,0.0,0.0
64,13,184,185,81,1,0,14,0,0.9333333333333333,0.0,0.0,0.0
64,13,184,185,83,1,0,10,0,0.9090909090909091,0.0,0.0,0.0
64,13,192,193,53,1,1,1,0,0.5,1.0,0.0,1.0
64,13,192,193,54,1,0,1,0,0.5,0.0,0.0,0.0
64,13,192,193,55,1,0,1,0,0.5,0.0,0.0,0.0
64,13,192,193,57,1,0,1,0,0.5,0.0,0.0,0.0
64,13,192,193,58,1,0,1,0,0.5,0.0,0.0,0.0
64,13,192,193,67,2,0,3,0,1.2,0.0,0.0,0.0
64,13,192,193,68,2,0,5,0,1.4285714285714286,0.0,0.0,0.0
64,13,192,193,69,2,0,6,0,1.5,0.0,0.0,0.0
64,13,192,193,70,3,0,6,0,2.0,0.0,0.0,0.0
64,13,192,193,71,3,0,7,0,2.1,0.0,0.0,0.0
64,13,192,193,72,3,0,8,0,2.1818181818181817,0.0,0.0,0.0
64,13,192,193,73,4,0,9,0,2.769230769230769,0.0,0.0,0.0
64,13,192,193,74,4,0,10,0,2.857142857142857,0.0,0.0,0.0
64,13,192,193,75,4,0,11,0,2.933333333333333,0.0,0.0,0.0
64,13,192,193,76,4,0,12,0,3.0,0.0,0.0,0.0
64,13,192,193,77,4,0,13,0,3.0588235294117645,0.0,0.0,0.0
64,13,192,193,78,3,0,14,0,2.4705882352941178,0.0,0.0,0.0
64,13,192,193,79,4,0,14,0,3.111111111111111,0.0,0.0,0.0
64,13,192,193,80,1,0,15,0,0.9375,0.0,0.0,0.0
64,13,192,193,81,1,0,13,0,0.9285714285714286,0.0,0.0,0.0
64,13,192,193,82,1,0,11,0,0.9166666666666666,0.0,0.0,0.0
64,13,192,193,83,1,0,10,0,0.9090909090909091,0.0,0.0,0.0
64,13,200,201,55,1,1,1,0,0.5,1.0,0.0,1.0
64,13,200,201,57,1,1,1,0,0.5,1.0,0.0,1.0
64,13,200,201,58,1,0,1,0,0.5,0.0,0.0,0.0
64,13,200,201,67,2,0,2,0,1.0,0.0,0.0,0.0
64,13,200,201,68,2,0,4,0,1.3333333333333333,0.0,0.0,0.0
64,13,200,201,69,2,0,5,0,1.4285714285714286,0.0,0.0,0.0
64,13,200,201,70,3,0,5,0,1.875,0.0,0.0,0.0
64,13,200,201,71,5,1,6,0,2.727272727272727,0.2,0.0,0.2
64,13,200,201,72,3,0,8,0,2.1818181818181817,0.0,0.0,0.0
64,13,200,201,73,5,1,8,0,3.076923076923077,0.2,0.0,0.2
64,13,200,201,74,4,1,10,0,2.857142857142857,0.25,0.0,0.25
64,13,200,201,75,4,1,11,0,2.933333333333333,0.25,0.0,0.25
64,13,200,201,76,4,0,12,0,3.0,0.0,0.0,0.0
64,13,200,201,77,3,0,13,0,2.4375,0.0,0.0,0.0
64,13,200,201,78,4,0,13,0,3.0588235294117645,0.0,0.0,0.0
64,13,200,201,79,4,0,14,0,3.111111111111111,0.0,0.0,0.0
64,13,200,201,80,1,0,15,0,0.9375,0.0,0.0,0.0
64,13,200,201,81,1,0,13,0,0.9285714285714286,0.0,0.0,0.0
64,13,200,201,82,1,0,11,0,0.9166666666666666,0.0,0.0,0.0
64,13,200,201,83,1,0,10,0,0.9090909090909091,0.0,0.0,0.0
64,13,208,209,56,1,0,1,0,0.5,0.0,0.0,0.0
64,13,208,209,67,2,1,2,0,1.0,0.5,0.0,0.5
64,13,208,209,68,2,0,4,0,1.3333333333333333,0.0,0.0,0.0
64,13,208,209,69,3,2,5,0,1.875,0.6666666666666666,0.0,0.6666666666666666
64,13,208,209,70,4,0,5,0,2.2222222222222223,0.0,0.0,0.0
64,13,208,209,71,4,0,6,0,2.4,0.0,0.0,0.0
64,13,208,209,72,4,0,7,0,2.5454545454545454,0.0,0.0,0.0
64,13,208,209,73,4,0,8,0,2.6666666666666665,0.0,0.0,0.0
64,13,208,209,74,4,0,9,0,2.769230769230769,0.0,0.0,0.0
64,13,208,209,75,4,0,10,0,2.857142857142857,0.0,0.0,0.0
64,13,208,209,76,4,0,11,0,2.933333333333333,0.0,0.0,0.0
64,13,208,209,77,4,0,12,0,3.0,0.0,0.0,0.0
64,13,208,209,78,4,0,13,0,3.0588235294117645,0.0,0.0,0.0
64,13,208,209,79,4,1,14,0,3.111111111111111,0.25,0.0,0.25
64,13,208,209,80,1,0,15,0,0.9375,0.0,0.0,0.0
64,13,208,209,81,1,0,13,0,0.9285714285714286,0.0,0.0,0.0
64,13,208,209,82,1,0,11,0,0.9166666666666666,0.0,0.0,0.0
64,13,208,209,83,1,0,10,0,0.9090909090909091,0.0,0.0,0.0
64,13,216,217,67,1,0,1,0,0.5,0.0,0.0,0.0
64,13,216,217,68,2,0,2,0,1.0,0.0,0.0,0.0
64,13,216,217,69,3,1,3,0,1.5,0.3333333333333333,0.0,0.3333333333333333
64,13,216,217,70,4,0,3,0,1.7142857142857142,0.0,0.0,0.0
64,13,216,217,71,5,1,4,0,2.2222222222222223,0.2,0.0,0.2
64,13,216,217,72,3,0,6,0,2.0,0.0,0.0,0.0
64,13,216,217,73,5,1,6,0,2.727272727272727,0.2,0.0,0.2
64,13,216,217,74,3,0,8,0,2.1818181818181817,0.0,0.0,0.0
64,13,216,217,75,5,1,8,0,3.076923076923077,0.2,0.0,0.2
64,13,216,217,76,3,0,10,0,2.3076923076923075,0.0,0.0,0.0
64,13,216,217,77,5,1,10,0,3.3333333333333335,0.2,0.0,0.2
64,13,216,217,78,4,0,12,0,3.0,0.0,0.0,0.0
64,13,216,217,79,4,0,13,0,3.0588235294117645,0.0,0.0,0.0
64,13,216,217,80,2,0,14,0,1.75,0.0,0.0,0.0
64,13,216,217,81,1,0,13,0,0.9285714285714286,0.0,0.0,0.0
64,13,216,217,82,1,0,11,0,0.9166666666666666,0.0,0.0,0.0
64,13,216,217,83,1,0,10,0,0.9090909090909091,0.0,0.0,0.0
64,13,224,225,68,2,0,1,0,0.6666666666666666,0.0,0.0,0.0
64,13,224,225,69,2,0,1,0,0.6666666666666666,0.0,0.0,0.0
64,13,224,225,71,4,0,1,0,0.8,0.0,0.0,0.0
64,13,224,225,72,4,0,2,0,1.3333333333333333,0.0,0.0,0.0
64,13,224,225,73,4,0,3,0,1.7142857142857142,0.0,0.0,0.0
64,13,224,225,74,4,0,4,0,2.0,0.0,0.0,0.0
64,13,224,225,75,4,0,5,0,2.2222222222222223,0.0,0.0,0.0
64,13,224,225,76,4,0,6,0,2.4,0.0,0.0,0.0
64,13,224,225,77,4,0,7,0,2.5454545454545454,0.0,0.0,0.0
64,13,224,225,78,4,0,8,0,2.6666666666666665,0.0,0.0,0.0
64,13,224,225,79,7,3,9,0,3.9375,0.42857142857142855,0.0,0.42857142857142855
64,13,224,225,80,3,0,13,0,2.4375,0.0,0.0,0.0
64,13,224,225,81,1,0,13,0,0.9285714285714286,0.0,0.0,0.0
64,13,224,225,82,1,0,11,0,0.9166666666666666,0.0,0.0,0.0
64,13,224,225,84,1,0,9,0,0.9,0.0,0.0,0.0
64,13,232,233,72,1,0,2,0,0.6666666666666666,0.0,0.0,0.0
64,13,232,233,73,3,1,2,0,1.2,0.3333333333333333,0.0,0.3333333333333333
64,13,232,233,74,2,0,4,0,1.3333333333333333,0.0,0.0,0.0
64,13,232,233,75,2,1,5,0,1.4285714285714286,0.5,0.0,0.5
64,13,232,233,76,2,0,6,0,1.5,0.0,0.0,0.0
64,13,232,233,77,2,0,7,0,1.5555555555555556,0.0,0.0,0.0
64,13,232,233,78,2,0,8,0,1.6,0.0,0.0,0.0
64,13,232,233,79,2,0,9,0,1.6363636363636365,0.0,0.0,0.0
64,13,232,233,80,1,0,10,0,0.9090909090909091,0.0,0.0,0.0
64,13,232,233,81,4,1,10,0,2.857142857142857,0.25,0.0,0.25
64,13,232,233,82,1,0,11,0,0.9166666666666666,0.0,0.0,0.0
64,13,232,233,84,1,0,9,0,0.9,0.0,0.0,0.0
64,13,240,241,72,2,0,1,0,0.6666666666666666,0.0,0.0,0.0
64,13,240,241,73,2,0,2,0,1.0,0.0,0.0,0.0
64,13,240,241,74,2,0,3,0,1.2,0.0,0.0,0.0
64,13,240,241,75,2,0,4,0,1.3333333333333333,0.0,0.0,0.0
64,13,240,241,76,2,0,5,0,1.4285714285714286,0.0,0.0,0.0
64,13,240,241,77,2,0,6,0,1.5,0.0,0.0,0.0
64,13,240,241,78,2,0,7,0,1.5555555555555556,0.0,0.0,0.0
64,13,240,241,79,2,0,8,0,1.6,0.0,0.0,0.0
64,13,240,241,80,1,0,9,0,0.9,0.0,0.0,0.0
64,13,240,241,81,1,0,9,0,0.9,0.0,0.0,0.0
64,13,240,241,82,1,0,9,0,0.9,0.0,0.0,0.0
64,13,240,241,83,1,0,9,0,0.9,0.0,0.0,0.0
64,13,240,241,84,1,0,9,0,0.9,0.0,0.0,0.0
64,13,248,249,72,2,0,1,0,0.6666666666666666,0.0,0.0,0.0
64,13,248,249,73,2,0,2,0,1.0,0.0,0.0,0.0
64,13,248,249,74,2,0,3,0,1.2,0.0,0.0,0.0
64,13,248,249,75,2,0,4,0,1.3333333333333333,0.0,0.0,0.0
64,13,248,249,76,2,0,5,0,1.4285714285714286,0.0,0.0,0.0
64,13,248,249,77,2,0,6,0,1.5,0.0,0.0,0.0
64,13,248,249,78,2,0,7,0,1.5555555555555556,0.0,0.0,0.0
64,13,248,249,79,2,0,8,0,1.6,0.0,0.0,0.0
64,13,248,249,80,1,0,9,0,0.9,0.0,0.0,0.0
64,13,248,249,81,1,0,9,0,0.9,0.0,0.0,0.0
64,13,248,249,82,1,0,9,0,0.9,0.0,0.0,0.0
64,13,248,249,83,1,0,9,0,0.9,0.0,0.0,0.0
64,13,248,249,84,1,0,9,0,0.9,0.0,0.0,0.0
64,14,16,17,14,3,0,17,0,2.55,0.0,0.0,0.0
64,14,24,25,15,6,5,3,0,2.0,0.8333333333333334,0.0,0.8333333333333334
64,14,24,25,16,4,0,7,0,2.5454545454545454,0.0,0.0,0.0
64,14,24,25,17,15,9,9,0,5.625,0.6,0.0,0.6
64,14,24,25,19,7,4,24,0,5.419354838709677,0.5714285714285714,0.0,0.5714285714285714
64,14,32,33,16,1,0,1,0,0.5,0.0,0.0,0.0
64,14,32,33,17,9,2,2,0,1.6363636363636365,0.2222222222222222,0.0,0.2222222222222222
64,14,32,33,19,6,2,9,0,3.6,0.3333333333333333,0.0,0.3333333333333333
64,14,32,33,20,5,0,15,0,3.75,0.0,0.0,0.0
64,14,32,33,21,9,5,20,0,6.206896551724138,0.5555555555555556,0.0,0.5555555555555556
64,14,32,33,22,1,0,29,0,0.9666666666666667,0.0,0.0,0.0
64,14,32,33,23,12,5,28,0,8.4,0.4166666666666667,0.0,0.4166666666666667
64,14,32,33,24,1,0,38,0,0.9743589743589743,0.0,0.0,0.0
64,14,32,33,25,2,0,38,0,1.9,0.0,0.0,0.0
64,14,40,41,19,8,5,2,0,1.6,0.625,0.0,0.625
64,14,40,41,20,5,0,7,0,2.9166666666666665,0.0,0.0,0.0
64,14,40,41,21,12,4,10,0,5.454545454545454,0.3333333333333333,0.0,0.3333333333333333
64,14,40,41,22,2,0,21,0,1.826086956521739,0.0,0.0,0.0
64,14,40,41,23,12,5,21,0,7.636363636363637,0.4166666666666667,0.0,0.4166666666666667
64,14,40,41,24,4,0,29,0,3.515151515151515,0.0,0.0,0.0
64,14,40,41,25,10,5,30,0,7.5,0.5,0.0,0.5
64,14,48,49,20,3,0,3,0,1.5,0.0,0.0,0.0
64,14,48,49,21,15,5,5,1,3.75,0.3333333333333333,0.2,0.1333333333333333
64,14,48,49,22,2,0,17,0,1.7894736842105263,0.0,0.0,0.0
64,14,48,49,23,12,5,16,0,6.857142857142857,0.4166666666666667,0.0,0.4166666666666667
64,14,48,49,24,4,0,23,0,3.4074074074074074,0.0,0.0,0.0
64,14,48,49,25,10,4,24,0,7.0588235294117645,0.4,0.0,0.4
64,14,48,49,26,4,0,29,0,3.515151515151515,0.0,0.0,0.0
64,14,48,49,27,9,1,27,0,6.75,0.1111111111111111,0.0,0.1111111111111111
64,14,48,49,28,1,0,32,0,0.9696969696969697,0.0,0.0,0.0
64,14,48,49,29,3,0,27,0,2.7,0.0,0.0,0.0
64,14,48,49,30,1,0,24,0,0.96,0.0,0.0,0.0
64,14,48,49,31,1,1,21,0,0.9545454545454546,1.0,0.0,1.0
64,14,48,49,33,4,2,13,0,3.0588235294117645,0.5,0.0,0.5
64,14,48,49,34,3,0,12,0,2.4,0.0,0.0,0.0
64,14,48,49,35,6,2,12,0,4.0,0.3333333333333333,0.0,0.3333333333333333
64,14,48,49,36,3,0,16,0,2.526315789473684,0.0,0.0,0.0
64,14,48,49,37,8,3,16,0,5.333333333333333,0.375,0.0,0.375
64,14,48,49,38,2,0,22,0,1.8333333333333333,0.0,0.0,0.0
64,14,48,49,39,6,3,22,0,4.714285714285714,0.5,0.0,0.5
64,14,56,57,20,1,0,2,0,0.6666666666666666,0.0,0.0,0.0
64,14,56,57,21,8,6,3,0,2.1818181818181817,0.75,0.0,0.75
64,14,56,57,22,7,0,7,0,3.5,0.0,0.0,0.0
64,14,56,57,23,14,6,9,0,5.478260869565218,0.42857142857142855,0.0,0.42857142857142855
64,14,56,57,24,2,0,18,0,1.8,0.0,0.0,0.0
64,14,56,57,25,10,2,16,0,6.153846153846154,0.2,0.0,0.2
64,14,56,57,26,5,0,22,0,4.074074074074074,0.0,0.0,0.0
64,14,56,57,27,10,6,22,0,6.875,0.6,0.0,0.6
64,14,56,57,28,5,0,26,0,4.193548387096774,0.0,0.0,0.0
64,14,56,57,29,5,1,24,0,4.137931034482759,0.2,0.0,0.2
64,14,56,57,30,2,0,22,0,1.8333333333333333,0.0,0.0,0.0
64,14,56,57,31,2,0,19,0,1.8095238095238095,0.0,0.0,0.0
64,14,56,57,33,2,0,13,0,1.7333333333333334,0.0,0.0,0.0
64,14,56,57,34,2,0,11,0,1.6923076923076923,0.0,0.0,0.0
64,14,56,57,35,4,1,10,0,2.857142857142857,0.25,0.0,0.25
64,14,56,57,36,3,0,12,0,2.4,0.0,0.0,0.0
64,14,56,57,37,4,1,13,0,3.0588235294117645,0.25,0.0,0.25
64,14,56,57,38,4,0,14,0,3.111111111111111,0.0,0.0,0.0
64,14,56,57,39,6,1,15,0,4.285714285714286,0.16666666666666666,0.0,0.16666666666666666
64,14,56,57,40,5,0,16,0,3.8095238095238093,0.0,0.0,0.0
64,14,56,57,41,7,2,17,0,4.958333333333333,0.2857142857142857,0.0,0.2857142857142857
64,14,56,57,42,5,0,19,0,3.9583333333333335,0.0,0.0,0.0
64,14,56,57,43,8,2,19,0,5.62962962962963,0.25,0.0,0.25
64,14,56,57,44,2,0,24,0,1.8461538461538463,0.0,0.0,0.0
64,14,56,57,45,6,2,22,0,4.714285714285714,0.3333333333333333,0.0,0.3333333333333333
64,14,64,65,21,3,2,1,0,0.75,0.6666666666666666,0.0,0.6666666666666666
64,14,64,65,22,1,0,4,0,0.8,0.0,0.0,0.0
64,14,64,65,23,8,5,5,0,3.076923076923077,0.625,0.0,0.625
64,14,64,65,24,5,0,7,0,2.9166666666666665,0.0,0.0,0.0
64,14,64,65,25,14,5,6,0,4.2,0.35714285714285715,0.0,0.35714285714285715
64,14,64,65,26,3,0,16,0,2.526315789473684,0.0,0.0,0.0
64,14,64,65,27,11,4,14,0,6.16,0.36363636363636365,0.0,0.36363636363636365
64,14,64,65,28,5,0,18,0,3.9130434782608696,0.0,0.0,0.0
64,14,64,65,29,10,4,16,0,6.153846153846154,0.4,0.0,0.4
64,14,64,65,31,3,2,16,0,2.526315789473684,0.6666666666666666,0.0,0.6666666666666666
64,14,64,65,32,2,0,15,0,1.7647058823529411,0.0,0.0,0.0
64,14,64,65,34,2,0,9,0,1.6363636363636365,0.0,0.0,0.0
64,14,64,65,35,2,0,8,0,1.6,0.0,0.0,0.0
64,14,64,65,36,2,0,8,0,1.6,0.0,0.0,0.0
64,14,64,65,37,3,1,8,0,2.1818181818181817,0.3333333333333333,0.0,0.3333333333333333
64,14,64,65,38,3,0,9,0,2.25,0.0,0.0,0.0
64,14,64,65,39,4,1,10,0,2.857142857142857,0.25,0.0,0.25
64,14,64,65,40,4,0,10,0,2.857142857142857,0.0,0.0,0.0
64,14,64,65,41,7,1,12,0,4.421052631578948,0.14285714285714285,0.0,0.14285714285714285
64,14,64,65,42,7,0,13,0,4.55,0.0,0.0,0.0
64,14,64,65,43,9,1,13,0,5.318181818181818,0.1111111111111111,0.0,0.1111111111111111
64,14,64,65,44,4,0,17,0,3.238095238095238,0.0,0.0,0.0
64,14,64,65,45,7,1,15,0,4.7727272727272725,0.14285714285714285,0.0,0.14285714285714285
64,14,64,65,46,4,0,16,0,3.2,0.0,0.0,0.0
64,14,64,65,47,3,0,15,0,2.5,0.0,0.0,0.0
64,14,64,65,48,3,0,14,0,2.4705882352941178,0.0,0.0,0.0
64,14,64,65,49,2,0,13,0,1.7333333333333334,0.0,0.0,0.0
64,14,72,73,22,1,0,1,0,0.5,0.0,0.0,0.0
64,14,72,73,23,3,2,2,0,1.2,0.6666666666666666,0.0,0.6666666666666666
64,14,72,73,24,1,0,4,0,0.8,0.0,0.0,0.0
64,14,72,73,25,5,3,4,0,2.2222222222222223,0.6,0.0,0.6
64,14,72,73,26,6,0,5,0,2.727272727272727,0.0,0.0,0.0
64,14,72,73,27,9,8,8,0,4.235294117647059,0.8888888888888888,0.0,0.8888888888888888
64,14,72,73,28,5,0,11,0,3.4375,0.0,0.0,0.0
64,14,72,73,29,8,1,12,0,4.8,0.125,0.0,0.125
64,14,72,73,30,5,0,13,0,3.611111111111111,0.0,0.0,0.0
64,14,72,73,31,4,0,13,0,3.0588235294117645,0.0,0.0,0.0
64,14,72,73,32,1,0,13,0,0.9285714285714286,0.0,0.0,0.0
64,14,72,73,33,3,1,10,0,2.3076923076923075,0.3333333333333333,0.0,0.3333333333333333
64,14,72,73,35,2,0,6,0,1.5,0.0,0.0,0.0
64,14,72,73,36,2,0,6,0,1.5,0.0,0.0,0.0
64,14,72,73,37,5,4,6,0,2.727272727272727,0.8,0.0,0.8
64,14,72,73,38,2,0,7,0,1.5555555555555556,0.0,0.0,0.0
64,14,72,73,39,4,2,6,0,2.4,0.5,0.0,0.5
64,14,72,73,40,4,0,6,0,2.4,0.0,0.0,0.0
64,14,72,73,41,9,3,7,0,3.9375,0.3333333333333333,0.0,0.3333333333333333
64,14,72,73,42,5,0,11,0,3.4375,0.0,0.0,0.0
64,14,72,73,43,10,3,10,0,5.0,0.3,0.0,0.3
64,14,72,73,44,4,0,15,0,3.1578947368421053,0.0,0.0,0.0
64,14,72,73,45,5,2,13,0,3.611111111111111,0.4,0.0,0.4
64,14,72,73,46,3,0,12,0,2.4,0.0,0.0,0.0
64,14,72,73,47,4,2,11,0,2.933333333333333,0.5,0.0,0.5
64,14,72,73,48,1,0,11,0,0.9166666666666666,0.0,0.0,0.0
64,14,72,73,49,2,0,9,0,1.6363636363636365,0.0,0.0,0.0
64,14,72,73,50,1,0,8,0,0.8888888888888888,0.0,0.0,0.0
64,14,72,73,51,1,1,7,0,0.875,1.0,0.0,1.0
64,14,80,81,24,2,0,1,0,0.6666666666666666,0.0,0.0,0.0
64,14,80,81,25,2,1,2,0,1.0,0.5,0.0,0.5
64,14,80,81,26,1,0,3,0,0.75,0.0,0.0,0.0
64,14,80,81,27,5,3,3,0,1.875,0.6,0.0,0.6
64,14,80,81,28,1,0,7,0,0.875,0.0,0.0,0.0
64,14,80,81,29,6,3,6,0,3.0,0.5,0.0,0.5
64,14,80,81,30,6,0,7,0,3.230769230769231,0.0,0.0,0.0
64,14,80,81,31,4,0,11,0,2.933333333333333,0.0,0.0,0.0
64,14,80,81,32,2,0,11,0,1.6923076923076923,0.0,0.0,0.0
64,14,80,81,33,1,1,10,0,0.9090909090909091,1.0,0.0,1.0
64,14,80,81,34,2,0,7,0,1.5555555555555556,0.0,0.0,0.0
64,14,80,81,37,4,1,3,0,1.7142857142857142,0.25,0.0,0.25
64,14,80,81,38,2,0,5,0,1.4285714285714286,0.0,0.0,0.0
64,14,80,81,39,3,2,5,0,1.875,0.6666666666666666,0.0,0.6666666666666666
64,14,80,81,40,2,0,5,0,1.4285714285714286,0.0,0.0,0.0
64,14,80,81,41,5,1,6,0,2.727272727272727,0.2,0.0,0.2
64,14,80,81,42,4,0,8,0,2.6666666666666665,0.0,0.0,0.0
64,14,80,81,43,8,2,9,0,4.235294117647059,0.25,0.0,0.25
64,14,80,81,44,4,0,13,0,3.0588235294117645,0.0,0.0,0.0
64,14,80,81,45,5,1,12,0,3.5294117647058822,0.2,0.0,0.2
64,14,80,81,46,3,0,12,0,2.4,0.0,0.0,0.0
64,14,80,81,47,4,1,11,0,2.933333333333333,0.25,0.0,0.25
64,14,80,81,48,1,0,12,0,0.9230769230769231,0.0,0.0,0.0
64,14,80,81,49,1,0,10,0,0.9090909090909091,0.0,0.0,0.0
64,14,80,81,51,2,0,5,0,1.4285714285714286,0.0,0.0,0.0
64,14,80,81,53,1,1,4,0,0.8,1.0,0.0,1.0
64,14,80,81,55,2,0,3,0,1.2,0.0,0.0,0.0
64,14,88,89,25,2,1,1,0,0.6666666666666666,0.5,0.0,0.5
64,14,88,89,27,2,1,1,0,0.6666666666666666,0.5,0.0,0.5
64,14,88,89,28,2,0,2,0,1.0,0.0,0.0,0.0
64,14,88,89,29,4,1,2,0,1.3333333333333333,0.25,0.0,0.25
64,14,88,89,30,2,0,3,0,1.2,0.0,0.0,0.0
64,14,88,89,31,7,4,3,0,2.1,0.5714285714285714,0.0,0.5714285714285714
64,14,88,89,32,6,0,7,0,3.230769230769231,0.0,0.0,0.0
64,14,88,89,35,1,0,5,0,0.8333333333333334,0.0,0.0,0.0
64,14,88,89,37,4,1,3,0,1.7142857142857142,0.25,0.0,0.25
64,14,88,89,38,2,0,5,0,1.4285714285714286,0.0,0.0,0.0
64,14,88,89,39,2,1,5,0,1.4285714285714286,0.5,0.0,0.5
64,14,88,89,40,2,0,5,0,1.4285714285714286,0.0,0.0,0.0
64,14,88,89,41,3,1,6,0,2.0,0.3333333333333333,0.0,0.3333333333333333
64,14,88,89,42,2,0,7,0,1.5555555555555556,0.0,0.0,0.0
64,14,88,89,43,10,3,6,0,3.75,0.3,0.0,0.3
64,14,88,89,44,3,0,13,0,2.4375,0.0,0.0,0.0
64,14,88,89,45,6,1,11,0,3.8823529411764706,0.16666666666666666,0.0,0.16666666666666666
64,14,88,89,46,3,0,12,0,2.4,0.0,0.0,0.0
64,14,88,89,47,4,1,11,0,2.933333333333333,0.25,0.0,0.25
64,14,88,89,48,1,0,12,0,0.9230769230769231,0.0,0.0,0.0
64,14,88,89,49,1,0,10,0,0.9090909090909091,0.0,0.0,0.0
64,14,88,89,50,1,0,8,0,0.8888888888888888,0.0,0.0,0.0
64,14,88,89,51,1,0,6,0,0.8571428571428571,0.0,0.0,0.0
64,14,88,89,56,2,0,1,0,0.6666666666666666,0.0,0.0,0.0
64,14,88,89,57,1,0,3,0,0.75,0.0,0.0,0.0
64,14,88,89,58,1,0,4,0,0.8,0.0,0.0,0.0
64,14,88,89,59,2,1,5,0,1.4285714285714286,0.5,0.0,0.5
64,14,96,97,28,1,0,1,0,0.5,0.0,0.0,0.0
64,14,96,97,29,3,1,1,0,0.75,0.3333333333333333,0.0,0.3333333333333333
64,14,96,97,30,1,0,1,0,0.5,0.0,0.0,0.0
64,14,96,97,31,2,0,1,0,0.6666666666666666,0.0,0.0,0.0
64,14,96,97,32,3,0,1,0,0.75,0.0,0.0,0.0
64,14,96,97,33,7,1,1,0,0.875,0.14285714285714285,0.0,0.14285714285714285
64,14,96,97,34,3,0,4,0,1.7142857142857142,0.0,0.0,0.0
64,14,96,97,35,1,0,5,0,0.8333333333333334,0.0,0.0,0.0
64,14,96,97,36,1,0,4,0,0.8,0.0,0.0,0.0
64,14,96,97,37,2,0,4,0,1.3333333333333333,0.0,0.0,0.0
64,14,96,97,38,2,0,5,0,1.4285714285714286,0.0,0.0,0.0
64,14,96,97,39,2,1,6,1,1.5,0.5,0.16666666666666666,0.33333333333333337
64,14,96,97,40,1,0,6,0,0.8571428571428571,0.0,0.0,0.0
64,14,96,97,41,2,0,6,0,1.5,0.0,0.0,0.0
64,14,96,97,42,2,0,6,0,1.5,0.0,0.0,0.0
64,14,96,97,43,4,1,6,0,2.4,0.25,0.0,0.25
64,14,96,97,44,6,0,7,0,3.230769230769231,0.0,0.0,0.0
64,14,96,97,45,8,4,9,0,4.235294117647059,0.5,0.0,0.5
64,14,96,97,46,2,0,12,0,1.7142857142857142,0.0,0.0,0.0
64,14,96,97,47,4,1,11,0,2.933333333333333,0.25,0.0,0.25
64,14,96,97,48,1,0,12,0,0.9230769230769231,0.0,0.0,0.0
64,14,96,97,49,1,0,10,0,0.9090909090909091,0.0,0.0,0.0
64,14,96,97,50,1,0,8,0,0.8888888888888888,0.0,0.0,0.0
64,14,96,97,51,1,0,6,0,0.8571428571428571,0.0,0.0,0.0
64,14,96,97,55,1,0,2,0,0.6666666666666666,0.0,0.0,0.0
64,14,96,97,56,1,0,2,0,0.6666666666666666,0.0,0.0,0.0
64,14,96,97,57,1,0,2,0,0.6666666666666666,0.0,0.0,0.0
64,14,96,97,58,1,0,3,0,0.75,0.0,0.0,0.0
64,14,96,97,59,1,0,4,0,0.8,0.0,0.0,0.0
64,14,96,97,60,1,0,5,0,0.8333333333333334,0.0,0.0,0.0
64,14,96,97,61,1,0,6,0,0.8571428571428571,0.0,0.0,0.0
64,14,96,97,62,1,0,7,0,0.875,0.0,0.0,0.0
64,14,96,97,63,3,2,8,0,2.1818181818181817,0.6666666666666666,0.0,0.6666666666666666
64,14,104,105,36,3,0,1,0,0.75,0.0,0.0,0.0
64,14,104,105,37,4,0,2,0,1.3333333333333333,0.0,0.0,0.0
64,14,104,105,38,2,0,5,0,1.4285714285714286,0.0,0.0,0.0
64,14,104,105,39,2,1,6,0,1.5,0.5,0.0,0.5
64,14,104,105,40,1,0,6,0,0.8571428571428571,0.0,0.0,0.0
64,14,104,105,41,2,0,6,0,1.5,0.0,0.0,0.0
64,14,104,105,42,2,0,6,0,1.5,0.0,0.0,0.0
64,14,104,105,43,3,1,6,0,2.0,0.3333333333333333,0.0,0.3333333333333333
64,14,104,105,44,3,0,6,0,2.0,0.0,0.0,0.0
64,14,104,105,45,7,2,6,0,3.230769230769231,0.2857142857142857,0.0,0.2857142857142857
64,14,104,105,46,5,0,8,0,3.076923076923077,0.0,0.0,0.0
64,14,104,105,47,5,2,10,0,3.3333333333333335,0.4,0.0,0.4
64,14,104,105,48,1,0,12,0,0.9230769230769231,0.0,0.0,0.0
64,14,104,105,49,1,0,10,0,0.9090909090909091,0.0,0.0,0.0
64,14,104,105,50,1,0,8,0,0.8888888888888888,0.0,0.0,0.0
64,14,104,105,51,1,0,6,0,0.8571428571428571,0.0,0.0,0.0
64,14,104,105,56,1,0,1,0,0.5,0.0,0.0,0.0
64,14,104,105,57,1,0,1,0,0.5,0.0,0.0,0.0
64,14,104,105,58,1,0,2,0,0.6666666666666666,0.0,0.0,0.0
64,14,104,105,59,1,0,3,0,0.75,0.0,0.0,0.0
64,14,104,105,60,1,0,4,0,0.8,0.0,0.0,0.0
64,14,104,105,61,1,0,5,0,0.8333333333333334,0.0,0.0,0.0
64,14,104,105,62,2,1,6,0,1.5,0.5,0.0,0.5
64,14,104,105,63,2,2,8,0,1.6,1.0,0.0,1.0
64,14,104,105,64,2,1,9,0,1.6363636363636365,0.5,0.0,0.5
64,14,104,105,65,2,0,10,0,1.6666666666666667,0.0,0.0,0.0
64,14,104,105,66,2,0,10,0,1.6666666666666667,0.0,0.0,0.0
64,14,104,105,67,2,0,10,0,1.6666666666666667,0.0,0.0,0.0
64,14,104,105,68,2,0,10,0,1.6666666666666667,0.0,0.0,0.0
64,14,104,105,69,1,0,10,0,0.9090909090909091,0.0,0.0,0.0
64,14,104,105,70,1,0,10,0,0.9090909090909091,0.0,0.0,0.0
64,14,112,113,37,3,0,1,0,0.75,0.0,0.0,0.0
64,14,112,113,38,2,0,3,0,1.2,0.0,0.0,0.0
64,14,112,113,39,2,0,4,0,1.3333333333333333,0.0,0.0,0.0
64,14,112,113,40,2,0,4,0,1.3333333333333333,0.0,0.0,0.0
64,14,112,113,41,2,2,5,0,1.4285714285714286,1.0,0.0,1.0
64,14,112,113,42,1,0,5,0,0.8333333333333334,0.0,0.0,0.0
64,14,112,113,43,4,2,4,0,2.0,0.5,0.0,0.5
64,14,112,113,44,1,0,6,0,0.8571428571428571,0.0,0.0,0.0
64,14,112,113,45,5,2,5,0,2.5,0.4,0.0,0.4
64,14,112,113,46,4,0,6,0,2.4,0.0,0.0,0.0
64,14,112,113,47,8,3,6,0,3.4285714285714284,0.375,0.0,0.375
64,14,112,113,48,2,0,11,0,1.6923076923076923,0.0,0.0,0.0
64,14,112,113,49,1,0,10,0,0.9090909090909091,0.0,0.0,0.0
64,14,112,113,50,1,0,8,0,0.8888888888888888,0.0,0.0,0.0
64,14,112,113,51,1,0,6,0,0.8571428571428571,0.0,0.0,0.0
64,14,112,113,56,1,0,1,0,0.5,0.0,0.0,0.0
64,14,112,113,57,1,0,1,0,0.5,0.0,0.0,0.0
64,14,112,113,58,1,0,2,0,0.6666666666666666,0.0,0.0,0.0
64,14,112,113,59,1,0,3,0,0.75,0.0,0.0,0.0
64,14,112,113,60,1,0,4,0,0.8,0.0,0.0,0.0
64,14,112,113,61,1,0,5,0,0.8333333333333334,0.0,0.0,0.0
64,14,112,113,62,1,0,6,0,0.8571428571428571,0.0,0.0,0.0
64,14,112,113,63,1,0,7,0,0.875,0.0,0.0,0.0
64,14,112,113,64,1,0,8,0,0.8888888888888888,0.0,0.0,0.0
64,14,112,113,65,2,0,9,0,1.6363636363636365,0.0,0.0,0.0
64,14,112,113,66,2,0,9,0,1.6363636363636365,0.0,0.0,0.0
64,14,112,113,67,2,0,9,0,1.6363636363636365,0.0,0.0,0.0
64,14,112,113,68,1,0,9,0,0.9,0.0,0.0,0.0
64,14,112,113,69,1,0,9,0,0.9,0.0,0.0,0.0
64,14,112,113,70,1,0,9,0,0.9,0.0,0.0,0.0
64,14,112,113,71,1,0,9,0,0.9,0.0,0.0,0.0
64,14,120,121,37,1,1,1,0,0.5,1.0,0.0,1.0
64,14,120,121,38,2,0,1,0,0.6666666666666666,0.0,0.0,0.0
64,14,120,121,39,2,1,3,0,1.2,0.5,0.0,0.5
64,14,120,121,40,1,0,3,0,0.75,0.0,0.0,0.0
64,14,120,121,41,2,1,3,0,1.2,0.5,0.0,0.5
64,14,120,121,42,1,0,3,0,0.75,0.0,0.0,0.0
64,14,120,121,43,2,0,2,0,1.0,0.0,0.0,0.0
64,14,120,121,44,2,0,2,0,1.0,0.0,0.0,0.0
64,14,120,121,45,3,1,2,0,1.2,0.3333333333333333,0.0,0.3333333333333333
64,14,120,121,46,2,0,3,0,1.2,0.0,0.0,0.0
64,14,120,121,47,5,1,3,0,1.875,0.2,0.0,0.2
64,14,120,121,48,7,0,4,0,2.5454545454545454,0.0,0.0,0.0
64,14,120,121,49,3,0,7,0,2.1,0.0,0.0,0.0
64,14,120,121,50,2,0,7,0,1.5555555555555556,0.0,0.0,0.0
64,14,120,121,51,1,0,6,0,0.8571428571428571,0.0,0.0,0.0
64,14,120,121,56,1,0,1,0,0.5,0.0,0.0,0.0
64,14,120,121,57,1,0,1,0,0.5,0.0,0.0,0.0
64,14,120,121,58,1,0,2,0,0.6666666666666666,0.0,0.0,0.0
64,14,120,121,59,1,0,3,0,0.75,0.0,0.0,0.0
64,14,120,121,60,1,0,4,0,0.8,0.0,0.0,0.0
64,14,120,121,61,1,0,5,0,0.8333333333333334,0.0,0.0,0.0
64,14,120,121,62,1,0,6,0,0.8571428571428571,0.0,0.0,0.0
64,14,120,121,63,1,0,7,0,0.875,0.0,0.0,0.0
64,14,120,121,64,1,0,8,0,0.8888888888888888,0.0,0.0,0.0
64,14,120,121,65,2,1,9,0,1.6363636363636365,0.5,0.0,0.5
64,14,120,121,66,2,0,9,0,1.6363636363636365,0.0,0.0,0.0
64,14,120,121,67,2,1,9,0,1.6363636363636365,0.5,0.0,0.5
64,14,120,121,68,1,0,9,0,0.9,0.0,0.0,0.0
64,14,120,121,69,1,0,9,0,0.9,0.0,0.0,0.0
64,14,120,121,70,1,0,9,0,0.9,0.0,0.0,0.0
64,14,120,121,71,1,0,9,0,0.9,0.0,0.0,0.0
64,14,128,129,39,3,0,1,0,0.75,0.0,0.0,0.0
64,14,128,129,40,1,0,2,0,0.6666666666666666,0.0,0.0,0.0
64,14,128,129,41,2,0,2,0,1.0,0.0,0.0,0.0
64,14,128,129,42,1,0,2,0,0.6666666666666666,0.0,0.0,0.0
64,14,128,129,43,2,0,1,0,0.6666666666666666,0.0,0.0,0.0
64,14,128,129,44,2,0,1,0,0.6666666666666666,0.0,0.0,0.0
64,14,128,129,45,2,0,1,0,0.6666666666666666,0.0,0.0,0.0
64,14,128,129,46,2,0,1,0,0.6666666666666666,0.0,0.0,0.0
64,14,128,129,47,3,1,1,0,0.75,0.3333333333333333,0.0,0.3333333333333333
64,14,128,129,48,1,0,2,0,0.6666666666666666,0.0,0.0,0.0
64,14,128,129,49,7,3,1,0,0.875,0.42857142857142855,0.0,0.42857142857142855
64,14,128,129,50,4,0,4,0,2.0,0.0,0.0,0.0
64,14,128,129,51,2,0,5,0,1.4285714285714286,0.0,0.0,0.0
64,14,128,129,58,1,0,1,0,0.5,0.0,0.0,0.0
64,14,128,129,59,2,1,2,0,1.0,0.5,0.0,0.5
64,14,128,129,60,1,1,4,0,0.8,1.0,0.0,1.0
64,14,128,129,61,1,1,5,0,0.8333333333333334,1.0,0.0,1.0
64,14,128,129,63,1,0,6,0,0.8571428571428571,0.0,0.0,0.0
64,14,128,129,64,1,0,7,0,0.875,0.0,0.0,0.0
64,14,128,129,65,2,1,8,0,1.6,0.5,0.0,0.5
64,14,128,129,66,1,0,8,0,0.8888888888888888,0.0,0.0,0.0
64,14,128,129,67,2,1,8,0,1.6,0.5,0.0,0.5
64,14,128,129,69,2,1,8,0,1.6,0.5,0.0,0.5
64,14,128,129,70,1,0,9,0,0.9,0.0,0.0,0.0
64,14,128,129,72,1,0,8,0,0.8888888888888888,0.0,0.0,0.0
64,14,136,137,39,2,0,1,0,0.6666666666666666,0.0,0.0,0.0
64,14,136,137,40,2,0,1,0,0.6666666666666666,0.0,0.0,0.0
64,14,136,137,41,1,0,2,0,0.6666666666666666,0.0,0.0,0.0
64,14,136,137,42,2,0,1,0,0.6666666666666666,0.0,0.0,0.0
64,14,136,137,43,2,1,1,0,0.6666666666666666,0.5,0.0,0.5
64,14,136,137,44,1,0,1,0,0.5,0.0,0.0,0.0
64,14,136,137,52,2,0,1,0,0.6666666666666666,0.0,0.0,0.0
64,14,136,137,53,3,2,1,0,0.75,0.6666666666666666,0.0,0.6666666666666666
64,14,136,137,58,1,0,1,0,0.5,0.0,0.0,0.0
64,14,136,137,59,1,0,2,0,0.6666666666666666,0.0,0.0,0.0
64,14,136,137,60,1,0,3,0,0.75,0.0,0.0,0.0
64,14,136,137,61,2,1,4,0,1.3333333333333333,0.5,0.0,0.5
64,14,136,137,62,1,0,5,0,0.8333333333333334,0.0,0.0,0.0
64,14,136,137,63,2,0,6,0,1.5,0.0,0.0,0.0
64,14,136,137,64,2,0,7,0,1.5555555555555556,0.0,0.0,0.0
64,14,136,137,65,2,0,8,0,1.6,0.0,0.0,0.0
64,14,136,137,66,1,0,8,0,0.8888888888888888,0.0,0.0,0.0
64,14,136,137,67,1,0,8,0,0.8888888888888888,0.0,0.0,0.0
64,14,136,137,68,1,0,8,0,0.8888888888888888,0.0,0.0,0.0
64,14,136,137,69,1,0,8,0,0.8888888888888888,0.0,0.0,0.0
64,14,136,137,70,1,0,8,0,0.8888888888888888,0.0,0.0,0.0
64,14,136,137,71,1,0,8,0,0.8888888888888888,0.0,0.0,0.0
64,14,136,137,72,1,0,8,0,0.8888888888888888,0.0,0.0,0.0
64,14,144,145,41,2,1,1,0,0.6666666666666666,0.5,0.0,0.5
64,14,144,145,59,2,1,1,0,0.6666666666666666,0.5,0.0,0.5
64,14,144,145,60,2,0,2,0,1.0,0.0,0.0,0.0
64,14,144,145,61,2,0,3,0,1.2,0.0,0.0,0.0
64,14,144,145,62,2,0,4,0,1.3333333333333333,0.0,0.0,0.0
64,14,144,145,63,2,0,5,0,1.4285714285714286,0.0,0.0,0.0
64,14,144,145,64,2,0,6,0,1.5,0.0,0.0,0.0
64,14,144,145,65,2,0,7,0,1.5555555555555556,0.0,0.0,0.0
64,14,144,145,66,2,0,7,0,1.5555555555555556,0.0,0.0,0.0
64,14,144,145,67,1,0,7,0,0.875,0.0,0.0,0.0
64,14,144,145,68,1,0,7,0,0.875,0.0,0.0,0.0
64,14,144,145,69,1,0,7,0,0.875,0.0,0.0,0.0
64,14,144,145,70,1,0,7,0,0.875,0.0,0.0,0.0
64,14,144,145,71,1,0,7,0,0.875,0.0,0.0,0.0
64,14,144,145,72,2,0,7,0,1.5555555555555556,0.0,0.0,0.0
64,14,152,153,61,2,1,1,0,0.6666666666666666,0.5,0.0,0.5
64,14,152,153,62,1,0,2,0,0.6666666666666666,0.0,0.0,0.0
64,14,152,153,64,1,0,1,0,0.5,0.0,0.0,0.0
64,14,152,153,65,6,5,1,0,0.8571428571428571,0.8333333333333334,0.0,0.8333333333333334
64,14,152,153,66,1,0,1,0,0.5,0.0,0.0,0.0
64,14,152,153,73,4,4,2,0,1.3333333333333333,1.0,0.0,1.0
64,14,152,153,74,1,0,3,0,0.75,0.0,0.0,0.0
64,14,152,153,75,4,3,2,0,1.3333333333333333,0.75,0.0,0.75
64,15,24,25,14,2,0,1,0,0.6666666666666666,0.0,0.0,0.0
64,15,24,25,15,5,1,2,0,1.4285714285714286,0.2,0.0,0.2
64,15,24,25,16,4,0,4,0,2.0,0.0,0.0,0.0
64,15,24,25,17,11,3,5,0,3.4375,0.2727272727272727,0.0,0.2727272727272727
64,15,32,33,17,6,2,1,0,0.8571428571428571,0.3333333333333333,0.0,0.3333333333333333
64,15,32,33,18,3,0,4,0,1.7142857142857142,0.0,0.0,0.0
64,15,32,33,19,7,3,5,0,2.9166666666666665,0.42857142857142855,0.0,0.42857142857142855
64,15,32,33,20,1,0,10,0,0.9090909090909091,0.0,0.0,0.0
64,15,32,33,21,5,3,9,0,3.2142857142857144,0.6,0.0,0.6
64,15,32,33,22,1,0,12,0,0.9230769230769231,0.0,0.0,0.0
64,15,32,33,23,6,3,11,0,3.8823529411764706,0.5,0.0,0.5
64,15,40,41,19,5,4,1,0,0.8333333333333334,0.8,0.0,0.8
64,15,40,41,20,2,0,4,0,1.3333333333333333,0.0,0.0,0.0
64,15,40,41,21,6,2,4,0,2.4,0.3333333333333333,0.0,0.3333333333333333
64,15,40,41,23,3,1,7,0,2.1,0.3333333333333333,0.0,0.3333333333333333
64,15,40,41,24,3,0,7,0,2.1,0.0,0.0,0.0
64,15,40,41,25,6,5,8,0,3.4285714285714284,0.8333333333333334,0.0,0.8333333333333334
64,15,40,41,27,5,2,11,1,3.4375,0.4,0.09090909090909091,0.3090909090909091
64,15,48,49,22,4,0,3,0,1.7142857142857142,0.0,0.0,0.0
64,15,48,49,23,3,0,5,0,1.875,0.0,0.0,0.0
64,15,48,49,25,3,1,6,0,2.0,0.3333333333333333,0.0,0.3333333333333333
64,15,48,49,26,1,0,7,0,0.875,0.0,0.0,0.0
64,15,48,49,27,8,2,6,0,3.4285714285714284,0.25,0.0,0.25
64,15,48,49,28,2,0,12,0,1.7142857142857142,0.0,0.0,0.0
64,15,48,49,29,4,0,12,0,3.0,0.0,0.0,0.0
64,15,48,49,30,2,0,14,0,1.75,0.0,0.0,0.0
64,15,48,49,31,3,1,14,0,2.4705882352941178,0.3333333333333333,0.0,0.3333333333333333
64,15,48,49,33,3,1,14,0,2.4705882352941178,0.3333333333333333,0.0,0.3333333333333333
64,15,56,57,22,1,0,2,0,0.6666666666666666,0.0,0.0,0.0
64,15,56,57,23,2,2,3,0,1.2,1.0,0.0,1.0
64,15,56,57,24,1,0,4,0,0.8,0.0,0.0,0.0
64,15,56,57,25,4,1,4,0,2.0,0.25,0.0,0.25
64,15,56,57,26,1,0,6,0,0.8571428571428571,0.0,0.0,0.0
64,15,56,57,27,6,3,5,0,2.727272727272727,0.5,0.0,0.5
64,15,56,57,28,4,0,9,0,2.769230769230769,0.0,0.0,0.0
64,15,56,57,29,3,0,11,0,2.357142857142857,0.0,0.0,0.0
64,15,56,57,30,2,0,12,0,1.7142857142857142,0.0,0.0,0.0
64,15,56,57,31,2,0,12,0,1.7142857142857142,0.0,0.0,0.0
64,15,56,57,32,2,0,12,0,1.7142857142857142,0.0,0.0,0.0
64,15,56,57,33,3,0,12,0,2.4,0.0,0.0,0.0
64,15,56,57,34,3,0,13,0,2.4375,0.0,0.0,0.0
64,15,56,57,35,3,0,13,0,2.4375,0.0,0.0,0.0
64,15,56,57,36,3,0,12,0,2.4,0.0,0.0,0.0
64,15,56,57,37,3,0,11,0,2.357142857142857,0.0,0.0,0.0
64,15,56,57,38,3,0,10,0,2.3076923076923075,0.0,0.0,0.0
64,15,56,57,39,3,0,9,0,2.25,0.0,0.0,0.0
64,15,56,57,40,2,0,9,0,1.6363636363636365,0.0,0.0,0.0
64,15,56,57,41,2,0,9,0,1.6363636363636365,0.0,0.0,0.0
64,15,64,65,23,2,1,1,0,0.6666666666666666,0.5,0.0,0.5
64,15,64,65,25,1,0,3,0,0.75,0.0,0.0,0.0
64,15,64,65,26,2,0,3,0,1.2,0.0,0.0,0.0
64,15,64,65,27,3,1,3,0,1.5,0.3333333333333333,0.0,0.3333333333333333
64,15,64,65,28,4,0,4,0,2.0,0.0,0.0,0.0
64,15,64,65,29,9,5,5,0,3.2142857142857144,0.5555555555555556,0.0,0.5555555555555556
64,15,64,65,31,2,0,10,0,1.6666666666666667,0.0,0.0,0.0
64,15,64,65,32,2,0,10,0,1.6666666666666667,0.0,0.0,0.0
64,15,64,65,33,3,1,10,0,2.3076923076923075,0.3333333333333333,0.0,0.3333333333333333
64,15,64,65,34,3,0,11,0,2.357142857142857,0.0,0.0,0.0
64,15,64,65,35,3,0,11,0,2.357142857142857,0.0,0.0,0.0
64,15,64,65,36,3,0,10,0,2.3076923076923075,0.0,0.0,0.0
64,15,64,65,37,3,0,9,0,2.25,0.0,0.0,0.0
64,15,64,65,38,3,0,8,0,2.1818181818181817,0.0,0.0,0.0
64,15,64,65,39,3,0,7,0,2.1,0.0,0.0,0.0
64,15,64,65,40,2,0,7,0,1.5555555555555556,0.0,0.0,0.0
64,15,64,65,41,3,1,7,0,2.1,0.3333333333333333,0.0,0.3333333333333333
64,15,64,65,42,1,0,8,0,0.8888888888888888,0.0,0.0,0.0
64,15,72,73,24,1,0,1,0,0.5,0.0,0.0,0.0
64,15,72,73,25,1,0,2,0,0.6666666666666666,0.0,0.0,0.0
64,15,72,73,26,1,0,2,0,0.6666666666666666,0.0,0.0,0.0
64,15,72,73,27,1,1,2,0,0.6666666666666666,1.0,0.0,1.0
64,15,72,73,28,2,0,2,0,1.0,0.0,0.0,0.0
64,15,72,73,29,5,1,2,0,1.4285714285714286,0.2,0.0,0.2
64,15,72,73,30,4,0,3,0,1.7142857142857142,0.0,0.0,0.0
64,15,72,73,31,7,2,3,0,2.1,0.2857142857142857,0.0,0.2857142857142857
64,15,72,73,32,2,0,8,0,1.6,0.0,0.0,0.0
64,15,72,73,33,3,3,8,0,2.1818181818181817,1.0,0.0,1.0
64,15,72,73,34,2,0,9,0,1.6363636363636365,0.0,0.0,0.0
64,15,72,73,35,4,2,8,0,2.6666666666666665,0.5,0.0,0.5
64,15,72,73,36,2,0,8,0,1.6,0.0,0.0,0.0
64,15,72,73,37,4,1,6,0,2.4,0.25,0.0,0.25
64,15,72,73,38,2,0,6,0,1.5,0.0,0.0,0.0
64,15,72,73,39,4,1,4,0,2.0,0.25,0.0,0.25
64,15,72,73,40,1,0,5,0,0.8333333333333334,0.0,0.0,0.0
64,15,72,73,41,3,1,4,0,1.7142857142857142,0.3333333333333333,0.0,0.3333333333333333
64,15,72,73,42,2,0,5,0,1.4285714285714286,0.0,0.0,0.0
64,15,72,73,43,2,0,5,0,1.4285714285714286,0.0,0.0,0.0
64,15,80,81,25,1,1,1,0,0.5,1.0,0.0,1.0
64,15,80,81,26,1,0,1,0,0.5,0.0,0.0,0.0
64,15,80,81,27,1,1,1,0,0.5,1.0,0.0,1.0
64,15,80,81,30,4,0,1,0,0.8,0.0,0.0,0.0
64,15,80,81,31,4,1,2,0,1.3333333333333333,0.25,0.0,0.25
64,15,80,81,32,3,0,3,0,1.5,0.0,0.0,0.0
64,15,80,81,33,4,1,3,0,1.7142857142857142,0.25,0.0,0.25
64,15,80,81,34,3,0,5,0,1.875,0.0,0.0,0.0
64,15,80,81,35,6,2,4,0,2.4,0.3333333333333333,0.0,0.3333333333333333
64,15,80,81,36,3,0,5,0,1.875,0.0,0.0,0.0
64,15,80,81,37,3,0,4,0,1.7142857142857142,0.0,0.0,0.0
64,15,80,81,38,3,0,3,0,1.5,0.0,0.0,0.0
64,15,80,81,39,4,1,2,0,1.3333333333333333,0.25,0.0,0.25
64,15,80,81,40,1,0,3,0,0.75,0.0,0.0,0.0
64,15,80,81,41,4,0,2,0,1.3333333333333333,0.0,0.0,0.0
64,15,80,81,42,2,0,4,0,1.3333333333333333,0.0,0.0,0.0
64,15,80,81,43,1,0,4,1,0.8,0.0,0.25,-0.25
64,15,80,81,44,3,0,2,0,1.2,0.0,0.0,0.0
64,15,88,89,32,1,0,2,0,0.6666666666666666,0.0,0.0,0.0
64,15,88,89,34,5,0,4,0,2.2222222222222223,0.0,0.0,0.0
64,15,88,89,35,5,1,5,0,2.5,0.2,0.0,0.2
64,15,88,89,36,3,0,6,0,2.0,0.0,0.0,0.0
64,15,88,89,37,5,2,5,0,2.5,0.4,0.0,0.4
64,15,88,89,38,1,0,6,0,0.8571428571428571,0.0,0.0,0.0
64,15,88,89,39,5,1,3,0,1.875,0.2,0.0,0.2
64,15,88,89,40,2,0,5,0,1.4285714285714286,0.0,0.0,0.0
64,15,88,89,41,2,0,5,0,1.4285714285714286,0.0,0.0,0.0
64,15,88,89,42,2,0,5,0,1.4285714285714286,0.0,0.0,0.0
64,15,88,89,43,4,0,3,0,1.7142857142857142,0.0,0.0,0.0
64,15,88,89,44,2,0,2,0,1.0,0.0,0.0,0.0
64,15,96,97,34,2,0,2,0,1.0,0.0,0.0,0.0
64,15,96,97,35,10,4,1,0,0.9090909090909091,0.4,0.0,0.4
64,15,96,97,36,2,0,7,0,1.5555555555555556,0.0,0.0,0.0
64,15,96,97,37,5,2,5,0,2.5,0.4,0.0,0.4
64,15,96,97,38,1,0,6,0,0.8571428571428571,0.0,0.0,0.0
64,15,96,97,39,5,1,3,0,1.875,0.2,0.0,0.2
64,15,96,97,40,2,0,5,0,1.4285714285714286,0.0,0.0,0.0
64,15,96,97,41,2,0,5,0,1.4285714285714286,0.0,0.0,0.0
64,15,96,97,42,2,0,5,0,1.4285714285714286,0.0,0.0,0.0
64,15,96,97,43,2,0,5,0,1.4285714285714286,0.0,0.0,0.0
64,15,96,97,45,2,0,1,0,0.6666666666666666,0.0,0.0,0.0
64,15,104,105,35,5,2,2,0,1.4285714285714286,0.4,0.0,0.4
64,15,104,105,36,1,0,5,0,0.8333333333333334,0.0,0.0,0.0
64,15,104,105,37,7,2,3,0,2.1,0.2857142857142857,0.0,0.2857142857142857
64,15,104,105,38,1,0,6,0,0.8571428571428571,0.0,0.0,0.0
64,15,104,105,39,5,1,3,0,1.875,0.2,0.0,0.2
64,15,104,105,40,2,0,5,0,1.4285714285714286,0.0,0.0,0.0
64,15,104,105,41,2,0,5,0,1.4285714285714286,0.0,0.0,0.0
64,15,104,105,42,2,0,5,0,1.4285714285714286,0.0,0.0,0.0
64,15,104,105,43,2,0,5,0,1.4285714285714286,0.0,0.0,0.0
64,15,104,105,45,2,0,1,0,0.6666666666666666,0.0,0.0,0.0
64,15,104,105,51,1,0,2,0,0.6666666666666666,0.0,0.0,0.0
64,15,104,105,52,1,0,3,0,0.75,0.0,0.0,0.0
64,15,104,105,53,2,1,4,0,1.3333333333333333,0.5,0.0,0.5
64,15,104,105,55,2,1,6,0,1.5,0.5,0.0,0.5
64,15,112,113,35,3,0,2,0,1.2,0.0,0.0,0.0
64,15,112,113,36,2,0,3,0,1.2,0.0,0.0,0.0
64,15,112,113,37,4,1,3,0,1.7142857142857142,0.25,0.0,0.25
64,15,112,113,38,2,0,4,0,1.3333333333333333,0.0,0.0,0.0
64,15,112,113,39,4,1,3,0,1.7142857142857142,0.25,0.0,0.25
64,15,112,113,40,1,0,4,0,0.8,0.0,0.0,0.0
64,15,112,113,41,4,2,3,0,1.7142857142857142,0.5,0.0,0.5
64,15,112,113,42,2,0,5,0,1.4285714285714286,0.0,0.0,0.0
64,15,112,113,43,2,0,5,0,1.4285714285714286,0.0,0.0,0.0
64,15,112,113,45,2,0,1,0,0.6666666666666666,0.0,0.0,0.0
64,15,112,113,51,1,0,1,0,0.5,0.0,0.0,0.0
64,15,112,113,52,1,0,2,0,0.6666666666666666,0.0,0.0,0.0
64,15,112,113,53,1,0,3,0,0.75,0.0,0.0,0.0
64,15,112,113,54,1,0,4,0,0.8,0.0,0.0,0.0
64,15,112,113,55,2,1,5,0,1.4285714285714286,0.5,0.0,0.5
64,15,112,113,56,1,0,7,0,0.875,0.0,0.0,0.0
64,15,112,113,57,1,0,8,0,0.8888888888888888,0.0,0.0,0.0
64,15,112,113,58,1,0,9,0,0.9,0.0,0.0,0.0
64,15,112,113,59,1,0,10,0,0.9090909090909091,0.0,0.0,0.0
64,15,112,113,60,1,0,11,0,0.9166666666666666,0.0,0.0,0.0
64,15,112,113,61,1,0,12,0,0.9230769230769231,0.0,0.0,0.0
64,15,112,113,62,1,0,12,0,0.9230769230769231,0.0,0.0,0.0
64,15,112,113,63,1,0,12,0,0.9230769230769231,0.0,0.0,0.0
64,15,112,113,64,1,0,12,0,0.9230769230769231,0.0,0.0,0.0
64,15,120,121,34,2,0,1,0,0.6666666666666666,0.0,0.0,0.0
64,15,120,121,35,3,0,2,0,1.2,0.0,0.0,0.0
64,15,120,121,36,1,0,3,0,0.75,0.0,0.0,0.0
64,15,120,121,37,3,1,2,0,1.2,0.3333333333333333,0.0,0.3333333333333333
64,15,120,121,38,2,0,3,0,1.2,0.0,0.0,0.0
64,15,120,121,39,3,1,2,0,1.2,0.3333333333333333,0.0,0.3333333333333333
64,15,120,121,40,2,0,3,0,1.2,0.0,0.0,0.0
64,15,120,121,41,2,0,3,0,1.2,0.0,0.0,0.0
64,15,120,121,42,2,0,3,0,1.2,0.0,0.0,0.0
64,15,120,121,43,4,0,3,0,1.7142857142857142,0.0,0.0,0.0
64,15,120,121,45,2,0,1,0,0.6666666666666666,0.0,0.0,0.0
64,15,120,121,52,2,0,1,0,0.6666666666666666,0.0,0.0,0.0
64,15,120,121,53,1,0,3,0,0.75,0.0,0.0,0.0
64,15,120,121,54,1,0,4,0,0.8,0.0,0.0,0.0
64,15,120,121,55,1,0,5,0,0.8333333333333334,0.0,0.0,0.0
64,15,120,121,56,1,0,6,0,0.8571428571428571,0.0,0.0,0.0
64,15,120,121,57,1,0,7,0,0.875,0.0,0.0,0.0
64,15,120,121,58,1,0,8,0,0.8888888888888888,0.0,0.0,0.0
64,15,120,121,59,1,0,9,0,0.9,0.0,0.0,0.0
64,15,120,121,60,1,0,10,0,0.9090909090909091,0.0,0.0,0.0
64,15,120,121,61,1,0,11,0,0.9166666666666666,0.0,0.0,0.0
64,15,120,121,62,1,0,11,0,0.9166666666666666,0.0,0.0,0.0
64,15,120,121,63,1,0,11,0,0.9166666666666666,0.0,0.0,0.0
64,15,120,121,64,1,0,11,0,0.9166666666666666,0.0,0.0,0.0
64,15,120,121,65,1,0,11,0,0.9166666666666666,0.0,0.0,0.0
64,15,128,129,35,2,0,1,0,0.6666666666666666,0.0,0.0,0.0
64,15,128,129,36,2,0,1,0,0.6666666666666666,0.0,0.0,0.0
64,15,128,129,37,2,1,1,0,0.6666666666666666,0.5,0.0,0.5
64,15,128,129,38,2,0,1,0,0.6666666666666666,0.0,0.0,0.0
64,15,128,129,40,1,0,1,0,0.5,0.0,0.0,0.0
64,15,128,129,42,1,0,1,0,0.5,0.0,0.0,0.0
64,15,128,129,44,4,0,1,0,0.8,0.0,0.0,0.0
64,15,128,129,45,2,0,1,0,0.6666666666666666,0.0,0.0,0.0
64,15,128,129,52,1,0,1,0,0.5,0.0,0.0,0.0
64,15,128,129,53,1,0,2,0,0.6666666666666666,0.0,0.0,0.0
64,15,128,129,54,2,0,3,0,1.2,0.0,0.0,0.0
64,15,128,129,55,1,0,5,0,0.8333333333333334,0.0,0.0,0.0
64,15,128,129,56,1,0,6,0,0.8571428571428571,0.0,0.0,0.0
64,15,128,129,57,1,0,7,0,0.875,0.0,0.0,0.0
64,15,128,129,58,1,0,8,0,0.8888888888888888,0.0,0.0,0.0
64,15,128,129,59,1,0,9,0,0.9,0.0,0.0,0.0
64,15,128,129,60,1,0,10,0,0.9090909090909091,0.0,0.0,0.0
64,15,128,129,61,1,0,11,0,0.9166666666666666,0.0,0.0,0.0
64,15,128,129,62,1,0,11,0,0.9166666666666666,0.0,0.0,0.0
64,15,128,129,63,1,0,11,0,0.9166666666666666,0.0,0.0,0.0
64,15,128,129,64,1,0,11,0,0.9166666666666666,0.0,0.0,0.0
64,15,128,129,65,1,0,11,0,0.9166666666666666,0.0,0.0,0.0
64,15,136,137,35,1,0,1,0,0.5,0.0,0.0,0.0
64,15,136,137,45,2,0,1,0,0.6666666666666666,0.0,0.0,0.0
64,15,136,137,52,1,0,1,0,0.5,0.0,0.0,0.0
64,15,136,137,53,1,0,2,0,0.6666666666666666,0.0,0.0,0.0
64,15,136,137,54,1,0,3,0,0.75,0.0,0.0,0.0
64,15,136,137,55,2,1,4,0,1.3333333333333333,0.5,0.0,0.5
64,15,136,137,56,1,0,6,0,0.8571428571428571,0.0,0.0,0.0
64,15,136,137,57,1,0,7,0,0.875,0.0,0.0,0.0
64,15,136,137,58,1,0,8,0,0.8888888888888888,0.0,0.0,0.0
64,15,136,137,59,1,0,9,0,0.9,0.0,0.0,0.0
64,15,136,137,60,1,0,10,0,0.9090909090909091,0.0,0.0,0.0
64,15,136,137,61,1,0,11,0,0.9166666666666666,0.0,0.0,0.0
64,15,136,137,62,1,0,11,0,0.9166666666666666,0.0,0.0,0.0
64,15,136,137,63,1,0,11,0,0.9166666666666666,0.0,0.0,0.0
64,15,136,137,64,1,0,11,0,0.9166666666666666,0.0,0.0,0.0
64,15,136,137,65,1,0,11,0,0.9166666666666666,0.0,0.0,0.0
64,15,144,145,52,1,0,1,0,0.5,0.0,0.0,0.0
64,15,144,145,53,1,0,2,0,0.6666666666666666,0.0,0.0,0.0
64,15,144,145,54,1,0,3,0,0.75,0.0,0.0,0.0
64,15,144,145,55,1,0,4,0,0.8,0.0,0.0,0.0
64,15,144,145,56,1,0,5,0,0.8333333333333334,0.0,0.0,0.0
64,15,144,145,57,1,0,6,0,0.8571428571428571,0.0,0.0,0.0
64,15,144,145,58,2,0,7,0,1.5555555555555556,0.0,0.0,0.0
64,15,144,145,59,1,0,9,0,0.9,0.0,0.0,0.0
64,15,144,145,60,1,0,10,0,0.9090909090909091,0.0,0.0,0.0
64,15,144,145,61,1,0,11,0,0.9166666666666666,0.0,0.0,0.0
64,15,144,145,62,1,0,11,0,0.9166666666666666,0.0,0.0,0.0
64,15,144,145,63,1,0,11,0,0.9166666666666666,0.0,0.0,0.0
64,15,144,145,64,1,0,11,0,0.9166666666666666,0.0,0.0,0.0
64,15,144,145,66,1,0,10,0,0.9090909090909091,0.0,0.0,0.0
64,15,152,153,52,1,0,1,0,0.5,0.0,0.0,0.0
64,15,152,153,53,1,0,2,0,0.6666666666666666,0.0,0.0,0.0
64,15,152,153,54,1,0,3,0,0.75,0.0,0.0,0.0
64,15,152,153,55,1,0,4,0,0.8,0.0,0.0,0.0
64,15,152,153,56,1,0,5,0,0.8333333333333334,0.0,0.0,0.0
64,15,152,153,57,1,0,6,0,0.8571428571428571,0.0,0.0,0.0
64,15,152,153,58,1,0,7,0,0.875,0.0,0.0,0.0
64,15,152,153,59,1,0,8,0,0.8888888888888888,0.0,0.0,0.0
64,15,152,153,60,1,0,9,0,0.9,0.0,0.0,0.0
64,15,152,153,61,1,0,10,0,0.9090909090909091,0.0,0.0,0.0
64,15,152,153,62,1,0,10,0,0.9090909090909091,0.0,0.0,0.0
64,15,152,153,63,1,0,10,0,0.9090909090909091,0.0,0.0,0.0
64,15,152,153,64,1,0,10,0,0.9090909090909091,0.0,0.0,0.0
64,15,152,153,65,1,0,10,0,0.9090909090909091,0.0,0.0,0.0
64,15,152,153,66,1,0,10,0,0.9090909090909091,0.0,0.0,0.0
64,15,160,161,52,1,0,1,0,0.5,0.0,0.0,0.0
64,15,160,161,53,1,0,2,0,0.6666666666666666,0.0,0.0,0.0
64,15,160,161,54,1,0,3,0,0.75,0.0,0.0,0.0
64,15,160,161,55,1,0,4,0,0.8,0.0,0.0,0.0
64,15,160,161,56,1,0,5,0,0.8333333333333334,0.0,0.0,0.0
64,15,160,161,57,1,0,6,0,0.8571428571428571,0.0,0.0,0.0
64,15,160,161,58,1,0,7,0,0.875,0.0,0.0,0.0
64,15,160,161,59,1,0,8,0,0.8888888888888888,0.0,0.0,0.0
64,15,160,161,60,1,0,9,0,0.9,0.0,0.0,0.0
64,15,160,161,61,1,0,10,0,0.9090909090909091,0.0,0.0,0.0
64,15,160,161,62,1,0,10,0,0.9090909090909091,0.0,0.0,0.0
64,15,160,161,63,1,0,10,0,0.9090909090909091,0.0,0.0,0.0
64,15,160,161,64,1,0,10,0,0.9090909090909091,0.0,0.0,0.0
64,15,160,161,65,1,0,10,0,0.9090909090909091,0.0,0.0,0.0
64,15,160,161,66,1,0,10,0,0.9090909090909091,0.0,0.0,0.0
64,15,168,169,53,2,1,1,0,0.6666666666666666,0.5,0.0,0.5
64,15,168,169,54,1,0,3,0,0.75,0.0,0.0,0.0
64,15,168,169,55,1,0,4,0,0.8,0.0,0.0,0.0
64,15,168,169,56,1,0,5,0,0.8333333333333334,0.0,0.0,0.0
64,15,168,169,57,1,0,6,0,0.8571428571428571,0.0,0.0,0.0
64,15,168,169,58,1,0,7,0,0.875,0.0,0.0,0.0
64,15,168,169,59,1,0,8,0,0.8888888888888888,0.0,0.0,0.0
64,15,168,169,60,1,0,9,0,0.9,0.0,0.0,0.0
64,15,168,169,61,1,0,10,0,0.9090909090909091,0.0,0.0,0.0
64,15,168,169,62,1,0,10,0,0.9090909090909091,0.0,0.0,0.0
64,15,168,169,63,1,0,10,0,0.9090909090909091,0.0,0.0,0.0
64,15,168,169,64,1,0,10,0,0.9090909090909091,0.0,0.0,0.0
64,15,168,169,65,1,0,10,0,0.9090909090909091,0.0,0.0,0.0
64,15,168,169,66,1,0,10,0,0.9090909090909091,0.0,0.0,0.0
64,15,176,177,53,1,0,1,0,0.5,0.0,0.0,0.0
64,15,176,177,54,1,0,2,0,0.6666666666666666,0.0,0.0,0.0
64,15,176,177,55,1,0,3,0,0.75,0.0,0.0,0.0
64,15,176,177,56,1,0,4,0,0.8,0.0,0.0,0.0
64,15,176,177,57,2,0,5,0,1.4285714285714286,0.0,0.0,0.0
64,15,176,177,58,1,0,7,0,0.875,0.0,0.0,0.0
64,15,176,177,59,2,0,8,0,1.6,0.0,0.0,0.0
64,15,176,177,60,2,0,9,0,1.6363636363636365,0.0,0.0,0.0
64,15,176,177,61,2,0,10,0,1.6666666666666667,0.0,0.0,0.0
64,15,176,177,62,1,0,10,0,0.9090909090909091,0.0,0.0,0.0
64,15,176,177,63,1,0,10,0,0.9090909090909091,0.0,0.0,0.0
64,15,176,177,64,1,0,10,0,0.9090909090909091,0.0,0.0,0.0
64,15,176,177,65,1,0,10,0,0.9090909090909091,0.0,0.0,0.0
64,15,176,177,66,1,0,10,0,0.9090909090909091,0.0,0.0,0.0
64,15,184,185,53,1,0,1,0,0.5,0.0,0.0,0.0
64,15,184,185,54,1,0,2,0,0.6666666666666666,0.0,0.0,0.0
64,15,184,185,55,1,0,3,0,0.75,0.0,0.0,0.0
64,15,184,185,56,1,0,4,0,0.8,0.0,0.0,0.0
64,15,184,185,57,2,0,5,0,1.4285714285714286,0.0,0.0,0.0
64,15,184,185,58,2,0,6,0,1.5,0.0,0.0,0.0
64,15,184,185,59,3,1,7,0,2.1,0.3333333333333333,0.0,0.3333333333333333
64,15,184,185,60,2,0,9,0,1.6363636363636365,0.0,0.0,0.0
64,15,184,185,61,2,0,10,0,1.6666666666666667,0.0,0.0,0.0
64,15,184,185,62,1,0,10,0,0.9090909090909091,0.0,0.0,0.0
64,15,184,185,63,1,0,10,0,0.9090909090909091,0.0,0.0,0.0
64,15,184,185,64,1,0,10,0,0.9090909090909091,0.0,0.0,0.0
64,15,184,185,65,1,0,10,0,0.9090909090909091,0.0,0.0,0.0
64,15,184,185,67,1,0,9,0,0.9,0.0,0.0,0.0
64,15,192,193,53,1,0,1,0,0.5,0.0,0.0,0.0
64,15,192,193,54,1,0,2,0,0.6666666666666666,0.0,0.0,0.0
64,15,192,193,55,1,0,3,0,0.75,0.0,0.0,0.0
64,15,192,193,56,2,0,4,0,1.3333333333333333,0.0,0.0,0.0
64,15,192,193,57,2,0,5,0,1.4285714285714286,0.0,0.0,0.0
64,15,192,193,58,2,0,6,0,1.5,0.0,0.0,0.0
64,15,192,193,59,2,0,7,0,1.5555555555555556,0.0,0.0,0.0
64,15,192,193,60,2,0,8,0,1.6,0.0,0.0,0.0
64,15,192,193,61,2,0,9,0,1.6363636363636365,0.0,0.0,0.0
64,15,192,193,62,2,0,9,0,1.6363636363636365,0.0,0.0,0.0
64,15,192,193,63,1,0,9,0,0.9,0.0,0.0,0.0
64,15,192,193,64,1,0,9,0,0.9,0.0,0.0,0.0
64,15,192,193,65,1,0,9,0,0.9,0.0,0.0,0.0
64,15,192,193,66,1,0,9,0,0.9,0.0,0.0,0.0
64,15,192,193,67,1,0,9,0,0.9,0.0,0.0,0.0
64,15,200,201,53,1,0,1,0,0.5,0.0,0.0,0.0
64,15,200,201,54,1,0,2,0,0.6666666666666666,0.0,0.0,0.0
64,15,200,201,55,2,0,3,0,1.2,0.0,0.0,0.0
64,15,200,201,56,2,0,4,0,1.3333333333333333,0.0,0.0,0.0
64,15,200,201,57,2,0,5,0,1.4285714285714286,0.0,0.0,0.0
64,15,200,201,58,2,0,6,0,1.5,0.0,0.0,0.0
64,15,200,201,59,2,0,7,0,1.5555555555555556,0.0,0.0,0.0
64,15,200,201,60,2,0,8,0,1.6,0.0,0.0,0.0
64,15,200,201,61,2,0,9,0,1.6363636363636365,0.0,0.0,0.0
64,15,200,201,62,2,0,9,0,1.6363636363636365,0.0,0.0,0.0
64,15,200,201,63,1,0,9,0,0.9,0.0,0.0,0.0
64,15,200,201,64,1,0,9,0,0.9,0.0,0.0,0.0
64,15,200,201,65,1,0,9,0,0.9,0.0,0.0,0.0
64,15,200,201,66,1,0,9,0,0.9,0.0,0.0,0.0
64,15,200,201,67,1,0,9,0,0.9,0.0,0.0,0.0
64,15,208,209,53,1,0,1,0,0.5,0.0,0.0,0.0
64,15,208,209,54,2,0,2,0,1.0,0.0,0.0,0.0
64,15,208,209,55,2,0,3,0,1.2,0.0,0.0,0.0
64,15,208,209,56,2,0,4,0,1.3333333333333333,0.0,0.0,0.0
64,15,208,209,57,2,0,5,0,1.4285714285714286,0.0,0.0,0.0
64,15,208,209,58,2,0,6,0,1.5,0.0,0.0,0.0
64,15,208,209,59,2,0,7,0,1.5555555555555556,0.0,0.0,0.0
64,15,208,209,60,2,0,8,0,1.6,0.0,0.0,0.0
64,15,208,209,61,2,0,9,0,1.6363636363636365,0.0,0.0,0.0
64,15,208,209,62,2,0,9,0,1.6363636363636365,0.0,0.0,0.0
64,15,208,209,63,1,0,9,0,0.9,0.0,0.0,0.0
64,15,208,209,64,1,0,9,0,0.9,0.0,0.0,0.0
64,15,208,209,65,1,0,9,0,0.9,0.0,0.0,0.0
64,15,208,209,66,1,0,9,0,0.9,0.0,0.0,0.0
64,15,208,209,67,1,0,9,0,0.9,0.0,0.0,0.0
64,15,216,217,54,2,0,1,0,0.6666666666666666,0.0,0.0,0.0
64,15,216,217,55,2,0,2,0,1.0,0.0,0.0,0.0
64,15,216,217,56,2,0,3,0,1.2,0.0,0.0,0.0
64,15,216,217,57,2,0,4,0,1.3333333333333333,0.0,0.0,0.0
64,15,216,217,58,2,0,5,0,1.4285714285714286,0.0,0.0,0.0
64,15,216,217,59,2,0,6,0,1.5,0.0,0.0,0.0
64,15,216,217,60,2,0,7,0,1.5555555555555556,0.0,0.0,0.0
64,15,216,217,61,3,1,8,0,2.1818181818181817,0.3333333333333333,0.0,0.3333333333333333
64,15,216,217,62,1,0,9,0,0.9,0.0,0.0,0.0
64,15,216,217,63,2,1,8,0,1.6,0.5,0.0,0.5
64,15,216,217,65,2,1,8,0,1.6,0.5,0.0,0.5
64,15,216,217,66,1,0,9,0,0.9,0.0,0.0,0.0
64,15,216,217,67,1,0,9,0,0.9,0.0,0.0,0.0
64,15,224,225,54,2,0,1,0,0.6666666666666666,0.0,0.0,0.0
64,15,224,225,55,2,1,2,0,1.0,0.5,0.0,0.5
64,15,224,225,56,2,0,3,0,1.2,0.0,0.0,0.0
64,15,224,225,57,2,1,4,0,1.3333333333333333,0.5,0.0,0.5
64,15,224,225,58,1,0,5,0,0.8333333333333334,0.0,0.0,0.0
64,15,224,225,59,3,1,5,0,1.875,0.3333333333333333,0.0,0.3333333333333333
64,15,224,225,60,1,0,7,0,0.875,0.0,0.0,0.0
64,15,224,225,61,3,1,7,0,2.1,0.3333333333333333,0.0,0.3333333333333333
64,15,224,225,62,1,0,8,0,0.8888888888888888,0.0,0.0,0.0
64,15,224,225,63,2,1,7,0,1.5555555555555556,0.5,0.0,0.5
64,15,224,225,65,2,1,7,0,1.5555555555555556,0.5,0.0,0.5
64,15,224,225,67,2,0,7,0,1.5555555555555556,0.0,0.0,0.0
64,15,224,225,68,1,0,8,0,0.8888888888888888,0.0,0.0,0.0
64,15,232,233,54,1,0,1,0,0.5,0.0,0.0,0.0
64,15,232,233,55,2,1,1,0,0.6666666666666666,0.5,0.0,0.5
64,15,232,233,56,1,0,2,0,0.6666666666666666,0.0,0.0,0.0
64,15,232,233,57,2,1,2,0,1.0,0.5,0.0,0.5
64,15,232,233,58,1,0,3,0,0.75,0.0,0.0,0.0
64,15,232,233,59,5,3,1,0,0.8333333333333334,0.6,0.0,0.6
64,15,232,233,60,1,0,2,0,0.6666666666666666,0.0,0.0,0.0
64,15,232,233,61,5,4,2,0,1.4285714285714286,0.8,0.0,0.8
64,15,232,233,62,1,0,2,0,0.6666666666666666,0.0,0.0,0.0
64,15,232,233,63,5,5,1,0,0.8333333333333334,1.0,0.0,1.0
64,15,232,233,65,5,4,1,0,0.8333333333333334,0.8,0.0,0.8
64,15,232,233,67,3,3,3,1,1.5,1.0,0.3333333333333333,0.6666666666666667
64,15,232,233,69,5,4,3,1,1.875,0.8,0.3333333333333333,0.46666666666666673
64,15,240,241,61,1,0,1,0,0.5,0.0,0.0,0.0
64,16,16,17,13,22,18,2,0,1.8333333333333333,0.8181818181818182,0.0,0.8181818181818182
64,16,24,25,15,7,3,1,0,0.875,0.42857142857142855,0.0,0.42857142857142855
64,16,24,25,16,2,0,3,0,1.2,0.0,0.0,0.0
64,16,24,25,17,17,9,1,0,0.9444444444444444,0.5294117647058824,0.0,0.5294117647058824
64,16,24,25,18,4,0,17,0,3.238095238095238,0.0,0.0,0.0
64,16,24,25,19,11,2,19,0,6.966666666666667,0.18181818181818182,0.0,0.18181818181818182
64,16,32,33,18,3,0,1,0,0.75,0.0,0.0,0.0
64,16,32,33,19,13,5,2,0,1.7333333333333334,0.38461538461538464,0.0,0.38461538461538464
64,16,32,33,20,7,0,14,0,4.666666666666667,0.0,0.0,0.0
64,16,32,33,21,7,2,21,0,5.25,0.2857142857142857,0.0,0.2857142857142857
64,16,32,33,22,2,0,29,0,1.8709677419354838,0.0,0.0,0.0
64,16,32,33,23,6,1,31,0,5.027027027027027,0.16666666666666666,0.0,0.16666666666666666
64,16,40,41,20,8,0,4,0,2.6666666666666665,0.0,0.0,0.0
64,16,40,41,21,16,4,10,0,6.153846153846154,0.25,0.0,0.25
64,16,40,41,22,1,0,27,0,0.9642857142857143,0.0,0.0,0.0
64,16,40,41,23,6,3,28,0,4.9411764705882355,0.5,0.0,0.5
64,16,40,41,24,1,0,33,0,0.9705882352941176,0.0,0.0,0.0
64,16,40,41,25,4,1,32,0,3.5555555555555554,0.25,0.0,0.25
64,16,48,49,21,13,7,5,0,3.611111111111111,0.5384615384615384,0.0,0.5384615384615384
64,16,48,49,22,5,0,17,0,3.8636363636363638,0.0,0.0,0.0
64,16,48,49,23,11,3,20,0,7.096774193548387,0.2727272727272727,0.0,0.2727272727272727
64,16,48,49,24,2,0,30,0,1.875,0.0,0.0,0.0
64,16,48,49,25,5,3,30,0,4.285714285714286,0.6,0.0,0.6
64,16,48,49,26,2,0,32,0,1.8823529411764706,0.0,0.0,0.0
64,16,56,57,22,6,0,7,0,3.230769230769231,0.0,0.0,0.0
64,16,56,57,23,11,4,11,0,5.5,0.36363636363636365,0.0,0.36363636363636365
64,16,56,57,24,7,0,18,0,5.04,0.0,0.0,0.0
64,16,56,57,25,6,3,22,0,4.714285714285714,0.5,0.0,0.5
64,16,56,57,26,2,0,24,0,1.8461538461538463,0.0,0.0,0.0
64,16,56,57,27,10,5,21,0,6.774193548387097,0.5,0.0,0.5
64,16,56,57,38,1,0,4,0,0.8,0.0,0.0,0.0
64,16,56,57,41,2,1,1,0,0.6666666666666666,0.5,0.0,0.5
64,16,56,57,42,1,0,1,0,0.5,0.0,0.0,0.0
64,16,56,57,43,2,1,2,0,1.0,0.5,0.0,0.5
64,16,56,57,44,1,0,4,0,0.8,0.0,0.0,0.0
64,16,56,57,45,2,1,5,0,1.4285714285714286,0.5,0.0,0.5
64,16,64,65,23,11,4,1,0,0.9166666666666666,0.36363636363636365,0.0,0.36363636363636365
64,16,64,65,24,6,0,9,0,3.6,0.0,0.0,0.0
64,16,64,65,25,12,3,11,0,5.739130434782608,0.25,0.0,0.25
64,16,64,65,26,2,0,19,0,1.8095238095238095,0.0,0.0,0.0
64,16,64,65,27,4,1,16,0,3.2,0.25,0.0,0.25
64,16,64,65,28,3,0,15,0,2.5,0.0,0.0,0.0
64,16,64,65,29,11,5,13,0,5.958333333333333,0.45454545454545453,0.0,0.45454545454545453
64,16,64,65,30,2,0,21,0,1.826086956521739,0.0,0.0,0.0
64,16,64,65,38,1,0,4,0,0.8,0.0,0.0,0.0
64,16,64,65,41,1,1,1,0,0.5,1.0,0.0,1.0
64,16,64,65,42,1,1,1,0,0.5,1.0,0.0,1.0
64,16,64,65,44,1,0,2,0,0.6666666666666666,0.0,0.0,0.0
64,16,64,65,45,1,0,3,0,0.75,0.0,0.0,0.0
64,16,64,65,46,2,1,4,0,1.3333333333333333,0.5,0.0,0.5
64,16,64,65,47,1,0,6,0,0.8571428571428571,0.0,0.0,0.0
64,16,64,65,48,2,0,7,0,1.5555555555555556,0.0,0.0,0.0
64,16,64,65,49,2,0,8,0,1.6,0.0,0.0,0.0
64,16,64,65,50,2,0,9,0,1.6363636363636365,0.0,0.0,0.0
64,16,64,65,51,2,0,10,0,1.6666666666666667,0.0,0.0,0.0
64,16,64,65,52,1,0,12,0,0.9230769230769231,0.0,0.0,0.0
64,16,64,65,53,2,0,12,0,1.7142857142857142,0.0,0.0,0.0
64,16,72,73,24,3,0,3,0,1.5,0.0,0.0,0.0
64,16,72,73,25,10,6,3,0,2.3076923076923075,0.6,0.0,0.6
64,16,72,73,26,6,0,8,0,3.4285714285714284,0.0,0.0,0.0
64,16,72,73,27,9,3,8,0,4.235294117647059,0.3333333333333333,0.0,0.3333333333333333
64,16,72,73,28,3,0,12,0,2.4,0.0,0.0,0.0
64,16,72,73,29,4,2,10,0,2.857142857142857,0.5,0.0,0.5
64,16,72,73,30,3,0,10,0,2.3076923076923075,0.0,0.0,0.0
64,16,72,73,31,11,5,9,0,4.95,0.45454545454545453,0.0,0.45454545454545453
64,16,72,73,38,1,0,4,0,0.8,0.0,0.0,0.0
64,16,72,73,43,1,0,1,0,0.5,0.0,0.0,0.0
64,16,72,73,44,1,0,2,0,0.6666666666666666,0.0,0.0,0.0
64,16,72,73,45,1,0,3,0,0.75,0.0,0.0,0.0
64,16,72,73,46,1,0,4,0,0.8,0.0,0.0,0.0
64,16,72,73,47,2,0,5,0,1.4285714285714286,0.0,0.0,0.0
64,16,72,73,48,2,0,6,0,1.5,0.0,0.0,0.0
64,16,72,73,49,2,0,7,0,1.5555555555555556,0.0,0.0,0.0
64,16,72,73,50,2,0,8,0,1.6,0.0,0.0,0.0
64,16,72,73,51,2,0,9,0,1.6363636363636365,0.0,0.0,0.0
64,16,72,73,52,2,0,10,0,1.6666666666666667,0.0,0.0,0.0
64,16,72,73,53,2,0,10,0,1.6666666666666667,0.0,0.0,0.0
64,16,72,73,54,1,0,10,0,0.9090909090909091,0.0,0.0,0.0
64,16,72,73,55,2,1,10,0,1.6666666666666667,0.5,0.0,0.5
64,16,80,81,27,7,3,2,0,1.5555555555555556,0.42857142857142855,0.0,0.42857142857142855
64,16,80,81,28,4,0,4,0,2.0,0.0,0.0,0.0
64,16,80,81,29,4,1,4,0,2.0,0.25,0.0,0.25
64,16,80,81,30,2,0,5,0,1.4285714285714286,0.0,0.0,0.0
64,16,80,81,31,8,2,4,0,2.6666666666666665,0.25,0.0,0.25
64,16,80,81,32,4,0,7,0,2.5454545454545454,0.0,0.0,0.0
64,16,80,81,33,8,3,6,0,3.4285714285714284,0.375,0.0,0.375
64,16,80,81,35,2,0,8,0,1.6,0.0,0.0,0.0
64,16,80,81,38,1,0,4,0,0.8,0.0,0.0,0.0
64,16,80,81,44,1,0,1,0,0.5,0.0,0.0,0.0
64,16,80,81,45,1,0,2,0,0.6666666666666666,0.0,0.0,0.0
64,16,80,81,46,2,0,3,0,1.2,0.0,0.0,0.0
64,16,80,81,47,2,0,4,0,1.3333333333333333,0.0,0.0,0.0
64,16,80,81,48,2,0,5,0,1.4285714285714286,0.0,0.0,0.0
64,16,80,81,49,2,0,6,0,1.5,0.0,0.0,0.0
64,16,80,81,50,2,0,7,0,1.5555555555555556,0.0,0.0,0.0
64,16,80,81,51,2,0,8,0,1.6,0.0,0.0,0.0
64,16,80,81,52,2,0,9,0,1.6363636363636365,0.0,0.0,0.0
64,16,80,81,53,2,0,9,0,1.6363636363636365,0.0,0.0,0.0
64,16,80,81,54,1,0,9,0,0.9,0.0,0.0,0.0
64,16,80,81,55,2,1,9,0,1.6363636363636365,0.5,0.0,0.5
64,16,80,81,56,1,0,10,0,0.9090909090909091,0.0,0.0,0.0
64,16,88,89,27,2,1,1,0,0.6666666666666666,0.5,0.0,0.5
64,16,88,89,28,2,0,1,0,0.6666666666666666,0.0,0.0,0.0
64,16,88,89,30,2,0,2,0,1.0,0.0,0.0,0.0
64,16,88,89,31,3,1,1,0,0.75,0.3333333333333333,0.0,0.3333333333333333
64,16,88,89,32,3,0,2,0,1.2,0.0,0.0,0.0
64,16,88,89,33,7,3,2,0,1.5555555555555556,0.42857142857142855,0.0,0.42857142857142855
64,16,88,89,34,5,0,5,0,2.5,0.0,0.0,0.0
64,16,88,89,35,2,0,7,0,1.5555555555555556,0.0,0.0,0.0
64,16,88,89,36,2,0,6,0,1.5,0.0,0.0,0.0
64,16,88,89,38,1,0,4,0,0.8,0.0,0.0,0.0
64,16,88,89,46,1,0,1,0,0.5,0.0,0.0,0.0
64,16,88,89,47,3,1,1,0,0.75,0.3333333333333333,0.0,0.3333333333333333
64,16,88,89,48,1,0,3,0,0.75,0.0,0.0,0.0
64,16,88,89,49,3,2,3,0,1.5,0.6666666666666666,0.0,0.6666666666666666
64,16,88,89,50,1,0,5,0,0.8333333333333334,0.0,0.0,0.0
64,16,88,89,51,4,3,5,0,2.2222222222222223,0.75,0.0,0.75
64,16,88,89,52,1,0,8,0,0.8888888888888888,0.0,0.0,0.0
64,16,88,89,53,3,1,7,0,2.1,0.3333333333333333,0.0,0.3333333333333333
64,16,88,89,54,1,0,8,0,0.8888888888888888,0.0,0.0,0.0
64,16,88,89,55,1,1,8,0,0.8888888888888888,1.0,0.0,1.0
64,16,88,89,56,1,0,8,0,0.8888888888888888,0.0,0.0,0.0
64,16,88,89,57,2,1,8,0,1.6,0.5,0.0,0.5
64,16,96,97,34,2,0,1,0,0.6666666666666666,0.0,0.0,0.0
64,16,96,97,35,7,3,1,0,0.875,0.42857142857142855,0.0,0.42857142857142855
64,16,96,97,36,3,0,4,0,1.7142857142857142,0.0,0.0,0.0
64,16,96,97,37,1,0,5,0,0.8333333333333334,0.0,0.0,0.0
64,16,96,97,38,1,0,4,0,0.8,0.0,0.0,0.0
64,16,96,97,60,1,0,1,0,0.5,0.0,0.0,0.0
64,16,96,97,61,3,3,2,0,1.2,1.0,0.0,1.0
64,16,96,97,62,2,0,3,0,1.2,0.0,0.0,0.0
64,16,96,97,63,2,0,5,0,1.4285714285714286,0.0,0.0,0.0
64,16,104,105,38,1,0,4,0,0.8,0.0,0.0,0.0
64,16,104,105,63,1,0,3,0,0.75,0.0,0.0,0.0
64,16,104,105,64,1,0,5,0,0.8333333333333334,0.0,0.0,0.0
64,16,104,105,65,2,0,7,0,1.5555555555555556,0.0,0.0,0.0
64,16,112,113,64,1,0,6,0,0.8571428571428571,0.0,0.0,0.0
64,16,112,113,65,5,1,4,0,2.2222222222222223,0.2,0.0,0.2
64,16,120,121,62,1,0,3,0,0.75,0.0,0.0,0.0
64,16,120,121,63,1,0,3,0,0.75,0.0,0.0,0.0
64,16,120,121,64,2,0,3,0,1.2,0.0,0.0,0.0
64,16,120,121,65,4,0,2,0,1.3333333333333333,0.0,0.0,0.0
64,16,120,121,66,3,1,4,0,1.7142857142857142,0.3333333333333333,0.0,0.3333333333333333
64,16,120,121,67,2,1,7,0,1.5555555555555556,0.5,0.0,0.5
64,16,120,121,68,3,1,9,0,2.25,0.3333333333333333,0.0,0.3333333333333333
64,16,120,121,69,2,0,11,0,1.6923076923076923,0.0,0.0,0.0
64,16,120,121,70,2,0,12,0,1.7142857142857142,0.0,0.0,0.0
64,16,120,121,71,2,0,12,0,1.7142857142857142,0.0,0.0,0.0
64,16,120,121,72,2,0,12,0,1.7142857142857142,0.0,0.0,0.0
64,16,120,121,73,2,0,12,0,1.7142857142857142,0.0,0.0,0.0
64,16,120,121,74,2,0,12,0,1.7142857142857142,0.0,0.0,0.0
64,16,120,121,75,2,0,12,0,1.7142857142857142,0.0,0.0,0.0
64,16,120,121,76,2,0,12,0,1.7142857142857142,0.0,0.0,0.0
64,16,120,121,77,3,0,12,0,2.4,0.0,0.0,0.0
64,16,128,129,63,1,0,3,0,0.75,0.0,0.0,0.0
64,16,128,129,64,2,0,3,0,1.2,0.0,0.0,0.0
64,16,128,129,65,2,0,4,0,1.3333333333333333,0.0,0.0,0.0
64,16,128,129,66,2,0,5,0,1.4285714285714286,0.0,0.0,0.0
64,16,128,129,67,2,0,6,0,1.5,0.0,0.0,0.0
64,16,128,129,68,2,0,8,0,1.6,0.0,0.0,0.0
64,16,128,129,69,2,0,9,0,1.6363636363636365,0.0,0.0,0.0
64,16,128,129,70,2,0,10,0,1.6666666666666667,0.0,0.0,0.0
64,16,128,129,71,2,0,10,0,1.6666666666666667,0.0,0.0,0.0
64,16,128,129,72,2,0,10,0,1.6666666666666667,0.0,0.0,0.0
64,16,128,129,73,2,0,10,0,1.6666666666666667,0.0,0.0,0.0
64,16,128,129,74,2,0,10,0,1.6666666666666667,0.0,0.0,0.0
64,16,128,129,75,2,0,10,0,1.6666666666666667,0.0,0.0,0.0
64,16,128,129,76,2,0,10,0,1.6666666666666667,0.0,0.0,0.0
64,16,128,129,77,2,0,10,0,1.6666666666666667,0.0,0.0,0.0
64,16,128,129,78,3,1,10,0,2.3076923076923075,0.3333333333333333,0.0,0.3333333333333333
64,16,128,129,79,1,0,11,0,0.9166666666666666,0.0,0.0,0.0
64,16,136,137,65,3,0,2,0,1.2,0.0,0.0,0.0
64,16,136,137,66,2,0,4,0,1.3333333333333333,0.0,0.0,0.0
64,16,136,137,67,2,0,5,0,1.4285714285714286,0.0,0.0,0.0
64,16,136,137,68,2,0,7,0,1.5555555555555556,0.0,0.0,0.0
64,16,136,137,69,2,0,8,0,1.6,0.0,0.0,0.0
64,16,136,137,70,2,0,9,0,1.6363636363636365,0.0,0.0,0.0
64,16,136,137,71,2,0,9,0,1.6363636363636365,0.0,0.0,0.0
64,16,136,137,72,2,0,9,0,1.6363636363636365,0.0,0.0,0.0
64,16,136,137,73,2,0,9,0,1.6363636363636365,0.0,0.0,0.0
64,16,136,137,74,3,1,9,0,2.25,0.3333333333333333,0.0,0.3333333333333333
64,16,136,137,75,1,0,10,0,0.9090909090909091,0.0,0.0,0.0
64,16,136,137,76,3,1,9,0,2.25,0.3333333333333333,0.0,0.3333333333333333
64,16,136,137,77,2,0,10,0,1.6666666666666667,0.0,0.0,0.0
64,16,136,137,78,2,0,10,0,1.6666666666666667,0.0,0.0,0.0
64,16,136,137,79,2,0,10,0,1.6666666666666667,0.0,0.0,0.0
64,16,144,145,65,2,0,2,0,1.0,0.0,0.0,0.0
64,16,144,145,66,2,0,3,0,1.2,0.0,0.0,0.0
64,16,144,145,67,3,1,4,0,1.7142857142857142,0.3333333333333333,0.0,0.3333333333333333
64,16,144,145,68,1,0,7,0,0.875,0.0,0.0,0.0
64,16,144,145,69,3,0,7,0,2.1,0.0,0.0,0.0
64,16,144,145,70,2,0,9,0,1.6363636363636365,0.0,0.0,0.0
64,16,144,145,71,2,0,9,0,1.6363636363636365,0.0,0.0,0.0
64,16,144,145,72,2,0,9,0,1.6363636363636365,0.0,0.0,0.0
64,16,144,145,73,2,1,9,0,1.6363636363636365,0.5,0.0,0.5
64,16,144,145,74,1,0,9,0,0.9,0.0,0.0,0.0
64,16,144,145,75,3,1,8,0,2.1818181818181817,0.3333333333333333,0.0,0.3333333333333333
64,16,144,145,76,1,0,9,0,0.9,0.0,0.0,0.0
64,16,144,145,77,3,1,8,0,2.1818181818181817,0.3333333333333333,0.0,0.3333333333333333
64,16,144,145,78,2,0,9,0,1.6363636363636365,0.0,0.0,0.0
64,16,144,145,79,1,0,9,0,0.9,0.0,0.0,0.0
64,16,144,145,80,2,0,8,0,1.6,0.0,0.0,0.0
64,16,152,153,62,3,0,2,0,1.2,0.0,0.0,0.0
64,16,152,153,65,2,0,2,0,1.0,0.0,0.0,0.0
64,16,152,153,66,2,0,3,0,1.2,0.0,0.0,0.0
64,16,152,153,67,2,0,4,0,1.3333333333333333,0.0,0.0,0.0
64,16,152,153,68,2,0,6,0,1.5,0.0,0.0,0.0
64,16,152,153,69,2,0,7,0,1.5555555555555556,0.0,0.0,0.0
64,16,152,153,70,2,0,8,0,1.6,0.0,0.0,0.0
64,16,152,153,71,3,1,8,0,2.1818181818181817,0.3333333333333333,0.0,0.3333333333333333
64,16,152,153,72,1,0,9,0,0.9,0.0,0.0,0.0
64,16,152,153,73,3,1,8,0,2.1818181818181817,0.3333333333333333,0.0,0.3333333333333333
64,16,152,153,74,1,0,9,0,0.9,0.0,0.0,0.0
64,16,152,153,75,2,0,8,0,1.6,0.0,0.0,0.0
64,16,152,153,76,2,0,8,0,1.6,0.0,0.0,0.0
64,16,152,153,77,3,1,8,0,2.1818181818181817,0.3333333333333333,0.0,0.3333333333333333
64,16,152,153,78,1,0,9,0,0.9,0.0,0.0,0.0
64,16,152,153,79,2,0,8,0,1.6,0.0,0.0,0.0
64,16,152,153,80,2,0,8,0,1.6,0.0,0.0,0.0
64,16,160,161,63,1,0,3,0,0.75,0.0,0.0,0.0
64,16,160,161,65,2,0,2,0,1.0,0.0,0.0,0.0
64,16,160,161,66,2,0,3,0,1.2,0.0,0.0,0.0
64,16,160,161,67,2,0,4,0,1.3333333333333333,0.0,0.0,0.0
64,16,160,161,68,2,0,6,0,1.5,0.0,0.0,0.0
64,16,160,161,69,2,0,7,0,1.5555555555555556,0.0,0.0,0.0
64,16,160,161,70,2,0,8,0,1.6,0.0,0.0,0.0
64,16,160,161,71,2,0,8,0,1.6,0.0,0.0,0.0
64,16,160,161,72,2,0,8,0,1.6,0.0,0.0,0.0
64,16,160,161,73,2,0,8,0,1.6,0.0,0.0,0.0
64,16,160,161,74,2,0,8,0,1.6,0.0,0.0,0.0
64,16,160,161,75,2,0,8,0,1.6,0.0,0.0,0.0
64,16,160,161,76,2,0,8,0,1.6,0.0,0.0,0.0
64,16,160,161,77,2,0,8,0,1.6,0.0,0.0,0.0
64,16,160,161,78,2,0,8,0,1.6,0.0,0.0,0.0
64,16,160,161,79,2,0,8,0,1.6,0.0,0.0,0.0
64,16,160,161,80,2,0,8,0,1.6,0.0,0.0,0.0
64,16,168,169,65,2,0,2,0,1.0,0.0,0.0,0.0
64,16,168,169,66,2,0,3,0,1.2,0.0,0.0,0.0
64,16,168,169,67,2,0,4,0,1.3333333333333333,0.0,0.0,0.0
64,16,168,169,68,2,0,6,0,1.5,0.0,0.0,0.0
64,16,168,169,69,2,0,7,0,1.5555555555555556,0.0,0.0,0.0
64,16,168,169,70,2,0,8,0,1.6,0.0,0.0,0.0
64,16,168,169,71,2,0,8,0,1.6,0.0,0.0,0.0
64,16,168,169,72,2,0,8,0,1.6,0.0,0.0,0.0
64,16,168,169,73,2,0,8,0,1.6,0.0,0.0,0.0
64,16,168,169,74,2,0,8,0,1.6,0.0,0.0,0.0
64,16,168,169,75,2,0,8,0,1.6,0.0,0.0,0.0
64,16,168,169,76,2,0,8,0,1.6,0.0,0.0,0.0
64,16,168,169,77,2,0,8,0,1.6,0.0,0.0,0.0
64,16,168,169,78,2,0,8,0,1.6,0.0,0.0,0.0
64,16,168,169,79,2,0,8,0,1.6,0.0,0.0,0.0
64,16,168,169,80,2,0,8,0,1.6,0.0,0.0,0.0
64,16,176,177,65,2,0,2,0,1.0,0.0,0.0,0.0
64,16,176,177,66,2,0,3,0,1.2,0.0,0.0,0.0
64,16,176,177,67,2,0,4,0,1.3333333333333333,0.0,0.0,0.0
64,16,176,177,68,2,0,6,0,1.5,0.0,0.0,0.0
64,16,176,177,69,2,0,7,0,1.5555555555555556,0.0,0.0,0.0
64,16,176,177,70,2,0,8,0,1.6,0.0,0.0,0.0
64,16,176,177,71,2,0,8,0,1.6,0.0,0.0,0.0
64,16,176,177,72,2,0,8,0,1.6,0.0,0.0,0.0
64,16,176,177,73,2,0,8,0,1.6,0.0,0.0,0.0
64,16,176,177,74,2,0,8,0,1.6,0.0,0.0,0.0
64,16,176,177,75,2,0,8,0,1.6,0.0,0.0,0.0
64,16,176,177,76,2,0,8,0,1.6,0.0,0.0,0.0
64,16,176,177,77,2,0,8,0,1.6,0.0,0.0,0.0
64,16,176,177,78,2,0,8,0,1.6,0.0,0.0,0.0
64,16,176,177,79,2,0,8,0,1.6,0.0,0.0,0.0
64,16,176,177,80,2,0,8,0,1.6,0.0,0.0,0.0
64,16,184,185,66,2,0,3,0,1.2,0.0,0.0,0.0
64,16,184,185,67,2,0,4,0,1.3333333333333333,0.0,0.0,0.0
64,16,184,185,68,2,0,6,0,1.5,0.0,0.0,0.0
64,16,184,185,69,2,0,7,0,1.5555555555555556,0.0,0.0,0.0
64,16,184,185,70,2,0,8,0,1.6,0.0,0.0,0.0
64,16,184,185,71,2,0,8,0,1.6,0.0,0.0,0.0
64,16,184,185,72,2,0,8,0,1.6,0.0,0.0,0.0
64,16,184,185,73,2,0,8,0,1.6,0.0,0.0,0.0
64,16,184,185,74,2,0,8,0,1.6,0.0,0.0,0.0
64,16,184,185,75,2,0,8,0,1.6,0.0,0.0,0.0
64,16,184,185,76,2,0,8,0,1.6,0.0,0.0,0.0
64,16,184,185,77,2,0,8,0,1.6,0.0,0.0,0.0
64,16,184,185,78,2,0,8,0,1.6,0.0,0.0,0.0
64,16,184,185,79,2,0,8,0,1.6,0.0,0.0,0.0
64,16,184,185,80,2,0,8,0,1.6,0.0,0.0,0.0
64,16,192,193,66,2,0,3,0,1.2,0.0,0.0,0.0
64,16,192,193,67,2,0,4,0,1.3333333333333333,0.0,0.0,0.0
64,16,192,193,68,2,0,6,0,1.5,0.0,0.0,0.0
64,16,192,193,69,3,1,7,0,2.1,0.3333333333333333,0.0,0.3333333333333333
64,16,192,193,70,2,0,8,0,1.6,0.0,0.0,0.0
64,16,192,193,71,3,1,8,0,2.1818181818181817,0.3333333333333333,0.0,0.3333333333333333
64,16,192,193,72,2,0,8,0,1.6,0.0,0.0,0.0
64,16,192,193,73,2,0,8,0,1.6,0.0,0.0,0.0
64,16,192,193,74,2,0,8,0,1.6,0.0,0.0,0.0
64,16,192,193,75,3,1,8,0,2.1818181818181817,0.3333333333333333,0.0,0.3333333333333333
64,16,192,193,76,3,0,8,0,2.1818181818181817,0.0,0.0,0.0
64,16,192,193,77,2,0,8,0,1.6,0.0,0.0,0.0
64,16,192,193,78,2,0,8,0,1.6,0.0,0.0,0.0
64,16,192,193,79,2,0,8,0,1.6,0.0,0.0,0.0
64,16,192,193,80,2,0,8,0,1.6,0.0,0.0,0.0
64,16,200,201,66,3,0,2,0,1.2,0.0,0.0,0.0
64,16,200,201,67,3,0,3,0,1.5,0.0,0.0,0.0
64,16,200,201,68,3,0,5,0,1.875,0.0,0.0,0.0
64,16,200,201,69,4,1,6,0,2.4,0.25,0.0,0.25
64,16,200,201,70,3,0,8,0,2.1818181818181817,0.0,0.0,0.0
64,16,200,201,71,3,0,8,0,2.1818181818181817,0.0,0.0,0.0
64,16,200,201,72,3,0,8,0,2.1818181818181817,0.0,0.0,0.0
64,16,200,201,73,3,0,8,0,2.1818181818181817,0.0,0.0,0.0
64,16,200,201,74,3,0,8,0,2.1818181818181817,0.0,0.0,0.0
64,16,200,201,75,3,0,8,0,2.1818181818181817,0.0,0.0,0.0
64,16,200,201,76,3,0,8,0,2.1818181818181817,0.0,0.0,0.0
64,16,200,201,77,2,0,8,0,1.6,0.0,0.0,0.0
64,16,200,201,78,2,0,8,0,1.6,0.0,0.0,0.0
64,16,200,201,79,2,0,8,0,1.6,0.0,0.0,0.0
64,16,200,201,80,1,0,8,0,0.8888888888888888,0.0,0.0,0.0
64,16,200,201,81,1,0,7,0,0.875,0.0,0.0,0.0
64,16,208,209,66,3,0,1,0,0.75,0.0,0.0,0.0
64,16,208,209,67,3,0,2,0,1.2,0.0,0.0,0.0
64,16,208,209,68,3,0,4,0,1.7142857142857142,0.0,0.0,0.0
64,16,208,209,69,3,0,5,0,1.875,0.0,0.0,0.0
64,16,208,209,70,3,0,6,0,2.0,0.0,0.0,0.0
64,16,208,209,71,4,1,6,0,2.4,0.25,0.0,0.25
64,16,208,209,72,3,0,7,0,2.1,0.0,0.0,0.0
64,16,208,209,73,3,0,7,0,2.1,0.0,0.0,0.0
64,16,208,209,74,3,0,7,0,2.1,0.0,0.0,0.0
64,16,208,209,75,3,0,7,0,2.1,0.0,0.0,0.0
64,16,208,209,76,3,0,7,0,2.1,0.0,0.0,0.0
64,16,208,209,77,2,0,7,0,1.5555555555555556,0.0,0.0,0.0
64,16,208,209,78,2,0,7,0,1.5555555555555556,0.0,0.0,0.0
64,16,208,209,79,3,1,7,0,2.1,0.3333333333333333,0.0,0.3333333333333333
64,16,208,209,81,2,0,6,0,1.5,0.0,0.0,0.0
64,16,216,217,67,3,0,2,0,1.2,0.0,0.0,0.0
64,16,216,217,68,3,0,4,0,1.7142857142857142,0.0,0.0,0.0
64,16,216,217,69,3,0,5,0,1.875,0.0,0.0,0.0
64,16,216,217,70,3,0,6,0,2.0,0.0,0.0,0.0
64,16,216,217,71,3,0,6,0,2.0,0.0,0.0,0.0
64,16,216,217,72,3,0,6,0,2.0,0.0,0.0,0.0
64,16,216,217,73,3,0,6,0,2.0,0.0,0.0,0.0
64,16,216,217,74,3,0,6,0,2.0,0.0,0.0,0.0
64,16,216,217,75,3,0,6,0,2.0,0.0,0.0,0.0
64,16,216,217,76,3,0,6,0,2.0,0.0,0.0,0.0
64,16,216,217,77,2,0,6,0,1.5,0.0,0.0,0.0
64,16,216,217,78,2,0,6,0,1.5,0.0,0.0,0.0
64,16,216,217,79,3,1,6,0,2.0,0.3333333333333333,0.0,0.3333333333333333
64,16,216,217,80,1,0,7,0,0.875,0.0,0.0,0.0
64,16,216,217,81,2,0,6,0,1.5,0.0,0.0,0.0
64,16,224,225,67,3,0,2,0,1.2,0.0,0.0,0.0
64,16,224,225,68,3,0,4,0,1.7142857142857142,0.0,0.0,0.0
64,16,224,225,69,3,0,5,0,1.875,0.0,0.0,0.0
64,16,224,225,70,3,0,6,0,2.0,0.0,0.0,0.0
64,16,224,225,71,3,0,6,0,2.0,0.0,0.0,0.0
64,16,224,225,72,3,0,6,0,2.0,0.0,0.0,0.0
64,16,224,225,73,3,0,6,0,2.0,0.0,0.0,0.0
64,16,224,225,74,3,0,6,0,2.0,0.0,0.0,0.0
64,16,224,225,75,3,0,6,0,2.0,0.0,0.0,0.0
64,16,224,225,76,3,0,6,0,2.0,0.0,0.0,0.0
64,16,224,225,77,2,0,6,0,1.5,0.0,0.0,0.0
64,16,224,225,78,2,0,6,0,1.5,0.0,0.0,0.0
64,16,224,225,79,2,0,6,0,1.5,0.0,0.0,0.0
64,16,224,225,80,2,0,6,0,1.5,0.0,0.0,0.0
64,16,224,225,81,2,0,6,0,1.5,0.0,0.0,0.0
64,16,232,233,67,3,1,2,0,1.2,0.3333333333333333,0.0,0.3333333333333333
64,16,232,233,68,2,0,4,0,1.3333333333333333,0.0,0.0,0.0
64,16,232,233,69,3,0,4,0,1.7142857142857142,0.0,0.0,0.0
64,16,232,233,70,3,0,5,0,1.875,0.0,0.0,0.0
64,16,232,233,71,4,1,5,0,2.2222222222222223,0.25,0.0,0.25
64,16,232,233,72,2,0,6,0,1.5,0.0,0.0,0.0
64,16,232,233,73,4,1,5,0,2.2222222222222223,0.25,0.0,0.25
64,16,232,233,74,2,0,6,0,1.5,0.0,0.0,0.0
64,16,232,233,75,4,1,5,0,2.2222222222222223,0.25,0.0,0.25
64,16,232,233,76,2,0,6,0,1.5,0.0,0.0,0.0
64,16,232,233,77,4,1,5,0,2.2222222222222223,0.25,0.0,0.25
64,16,232,233,78,2,0,6,0,1.5,0.0,0.0,0.0
64,16,232,233,79,2,0,6,0,1.5,0.0,0.0,0.0
64,16,232,233,80,2,0,6,0,1.5,0.0,0.0,0.0
64,16,232,233,81,2,0,6,0,1.5,0.0,0.0,0.0
64,16,240,241,67,2,0,1,0,0.6666666666666666,0.0,0.0,0.0
64,16,240,241,68,2,0,2,0,1.0,0.0,0.0,0.0
64,16,240,241,69,3,1,2,0,1.2,0.3333333333333333,0.0,0.3333333333333333
64,16,240,241,70,3,0,3,0,1.5,0.0,0.0,0.0
64,16,240,241,71,3,0,3,0,1.5,0.0,0.0,0.0
64,16,240,241,72,3,0,3,0,1.5,0.0,0.0,0.0
64,16,240,241,73,3,0,3,0,1.5,0.0,0.0,0.0
64,16,240,241,74,3,0,3,0,1.5,0.0,0.0,0.0
64,16,240,241,75,3,0,3,0,1.5,0.0,0.0,0.0
64,16,240,241,76,3,0,3,0,1.5,0.0,0.0,0.0
64,16,240,241,77,4,1,3,0,1.7142857142857142,0.25,0.0,0.25
64,16,240,241,78,1,0,4,0,0.8,0.0,0.0,0.0
64,16,240,241,79,3,1,3,0,1.5,0.3333333333333333,0.0,0.3333333333333333
64,16,240,241,80,2,0,4,0,1.3333333333333333,0.0,0.0,0.0
64,16,240,241,81,4,0,4,0,2.0,0.0,0.0,0.0
64,16,248,249,70,1,0,1,0,0.5,0.0,0.0,0.0
64,16,248,249,82,4,0,1,0,0.8,0.0,0.0,0.0
64,16,248,249,83,1,0,3,0,0.75,0.0,0.0,0.0
64,17,24,25,16,5,0,4,0,2.2222222222222223,0.0,0.0,0.0
64,17,24,25,17,1,1,7,0,0.875,1.0,0.0,1.0
64,17,32,33,20,1,0,1,0,0.5,0.0,0.0,0.0
64,17,32,33,21,4,1,1,0,0.8,0.25,0.0,0.25
64,17,32,33,22,3,0,4,0,1.7142857142857142,0.0,0.0,0.0
64,17,32,33,23,5,2,6,0,2.727272727272727,0.4,0.0,0.4
64,17,40,41,22,1,0,3,0,0.75,0.0,0.0,0.0
64,17,40,41,23,4,2,3,0,1.7142857142857142,0.5,0.0,0.5
64,17,40,41,24,1,0,6,0,0.8571428571428571,0.0,0.0,0.0
64,17,40,41,25,5,1,6,0,2.727272727272727,0.2,0.0,0.2
64,17,40,41,26,1,0,11,0,0.9166666666666666,0.0,0.0,0.0
64,17,40,41,27,3,2,11,0,2.357142857142857,0.6666666666666666,0.0,0.6666666666666666
64,17,48,49,22,1,0,3,0,0.75,0.0,0.0,0.0
64,17,48,49,23,3,2,3,0,1.5,0.6666666666666666,0.0,0.6666666666666666
64,17,48,49,24,1,0,5,0,0.8333333333333334,0.0,0.0,0.0
64,17,48,49,25,4,2,5,0,2.2222222222222223,0.5,0.0,0.5
64,17,48,49,26,4,0,8,0,2.6666666666666665,0.0,0.0,0.0
64,17,48,49,27,3,2,11,0,2.357142857142857,0.6666666666666666,0.0,0.6666666666666666
64,17,56,57,23,1,0,1,0,0.5,0.0,0.0,0.0
64,17,56,57,24,1,0,2,0,0.6666666666666666,0.0,0.0,0.0
64,17,56,57,25,2,1,3,0,1.2,0.5,0.0,0.5
64,17,56,57,26,2,0,4,0,1.3333333333333333,0.0,0.0,0.0
64,17,56,57,27,8,1,4,0,2.6666666666666665,0.125,0.0,0.125
64,17,56,57,28,1,0,11,0,0.9166666666666666,0.0,0.0,0.0
64,17,56,57,29,3,0,11,0,2.357142857142857,0.0,0.0,0.0
64,17,56,57,33,1,0,6,0,0.8571428571428571,0.0,0.0,0.0
64,17,56,57,37,2,0,2,0,1.0,0.0,0.0,0.0
64,17,56,57,38,2,0,3,0,1.2,0.0,0.0,0.0
64,17,56,57,39,3,1,4,0,1.7142857142857142,0.3333333333333333,0.0,0.3333333333333333
64,17,56,57,40,3,0,6,0,2.0,0.0,0.0,0.0
64,17,56,57,41,3,0,7,0,2.1,0.0,0.0,0.0
64,17,56,57,42,3,0,8,0,2.1818181818181817,0.0,0.0,0.0
64,17,56,57,43,3,0,9,0,2.25,0.0,0.0,0.0
64,17,56,57,44,2,0,10,0,1.6666666666666667,0.0,0.0,0.0
64,17,56,57,45,4,2,10,0,2.857142857142857,0.5,0.0,0.5
64,17,64,65,24,1,0,1,0,0.5,0.0,0.0,0.0
64,17,64,65,25,1,1,2,0,0.6666666666666666,1.0,0.0,1.0
64,17,64,65,27,4,3,2,0,1.3333333333333333,0.75,0.0,0.75
64,17,64,65,28,4,0,3,0,1.7142857142857142,0.0,0.0,0.0
64,17,64,65,29,8,2,3,0,2.1818181818181817,0.25,0.0,0.25
64,17,64,65,30,3,0,9,0,2.25,0.0,0.0,0.0
64,17,64,65,31,2,0,9,0,1.6363636363636365,0.0,0.0,0.0
64,17,64,65,33,1,0,6,0,0.8571428571428571,0.0,0.0,0.0
64,17,64,65,37,1,1,2,0,0.6666666666666666,1.0,0.0,1.0
64,17,64,65,38,1,0,2,0,0.6666666666666666,0.0,0.0,0.0
64,17,64,65,39,2,0,2,0,1.0,0.0,0.0,0.0
64,17,64,65,40,2,0,4,0,1.3333333333333333,0.0,0.0,0.0
64,17,64,65,41,2,0,5,0,1.4285714285714286,0.0,0.0,0.0
64,17,64,65,42,3,1,6,0,2.0,0.3333333333333333,0.0,0.3333333333333333
64,17,64,65,43,2,0,8,0,1.6,0.0,0.0,0.0
64,17,64,65,44,2,0,8,0,1.6,0.0,0.0,0.0
64,17,64,65,45,4,2,8,0,2.6666666666666665,0.5,0.0,0.5
64,17,64,65,46,3,0,10,0,2.3076923076923075,0.0,0.0,0.0
64,17,64,65,47,3,0,10,0,2.3076923076923075,0.0,0.0,0.0
64,17,64,65,48,3,0,12,0,2.4,0.0,0.0,0.0
64,17,64,65,49,3,0,14,0,2.4705882352941178,0.0,0.0,0.0
64,17,64,65,50,2,0,17,0,1.7894736842105263,0.0,0.0,0.0
64,17,64,65,51,2,0,19,0,1.8095238095238095,0.0,0.0,0.0
64,17,72,73,25,1,0,1,0,0.5,0.0,0.0,0.0
64,17,72,73,27,1,0,1,0,0.5,0.0,0.0,0.0
64,17,72,73,28,1,0,1,0,0.5,0.0,0.0,0.0
64,17,72,73,29,6,4,1,0,0.8571428571428571,0.6666666666666666,0.0,0.6666666666666666
64,17,72,73,30,4,0,3,0,1.7142857142857142,0.0,0.0,0.0
64,17,72,73,31,5,3,4,0,2.2222222222222223,0.6,0.0,0.6
64,17,72,73,32,3,0,6,0,2.0,0.0,0.0,0.0
64,17,72,73,33,1,0,6,0,0.8571428571428571,0.0,0.0,0.0
64,17,72,73,38,2,0,1,0,0.6666666666666666,0.0,0.0,0.0
64,17,72,73,39,2,1,2,0,1.0,0.5,0.0,0.5
64,17,72,73,40,1,0,4,0,0.8,0.0,0.0,0.0
64,17,72,73,41,2,0,4,0,1.3333333333333333,0.0,0.0,0.0
64,17,72,73,42,2,0,5,0,1.4285714285714286,0.0,0.0,0.0
64,17,72,73,43,3,1,6,0,2.0,0.3333333333333333,0.0,0.3333333333333333
64,17,72,73,44,2,0,7,0,1.5555555555555556,0.0,0.0,0.0
64,17,72,73,45,2,1,7,0,1.5555555555555556,0.5,0.0,0.5
64,17,72,73,46,1,0,8,0,0.8888888888888888,0.0,0.0,0.0
64,17,72,73,47,3,1,7,0,2.1,0.3333333333333333,0.0,0.3333333333333333
64,17,72,73,48,1,0,10,0,0.9090909090909091,0.0,0.0,0.0
64,17,72,73,49,3,1,11,0,2.357142857142857,0.3333333333333333,0.0,0.3333333333333333
64,17,72,73,50,2,0,14,0,1.75,0.0,0.0,0.0
64,17,72,73,51,3,1,16,0,2.526315789473684,0.3333333333333333,0.0,0.3333333333333333
64,17,72,73,52,2,0,18,0,1.8,0.0,0.0,0.0
64,17,72,73,53,3,1,19,0,2.590909090909091,0.3333333333333333,0.0,0.3333333333333333
64,17,72,73,54,2,0,20,0,1.8181818181818181,0.0,0.0,0.0
64,17,72,73,55,3,1,21,0,2.625,0.3333333333333333,0.0,0.3333333333333333
64,17,72,73,56,3,0,23,0,2.6538461538461537,0.0,0.0,0.0
64,17,72,73,57,3,1,23,0,2.6538461538461537,0.3333333333333333,0.0,0.3333333333333333
64,17,72,73,58,3,0,23,0,2.6538461538461537,0.0,0.0,0.0
64,17,72,73,59,3,0,24,0,2.6666666666666665,0.0,0.0,0.0
64,17,72,73,60,2,0,25,0,1.8518518518518519,0.0,0.0,0.0
64,17,72,73,61,4,2,25,0,3.4482758620689653,0.5,0.0,0.5
64,17,80,81,32,1,0,2,0,0.6666666666666666,0.0,0.0,0.0
64,17,80,81,33,5,4,1,0,0.8333333333333334,0.8,0.0,0.8
64,17,80,81,34,1,0,4,0,0.8,0.0,0.0,0.0
64,17,80,81,42,1,0,2,0,0.6666666666666666,0.0,0.0,0.0
64,17,80,81,43,4,3,2,0,1.3333333333333333,0.75,0.0,0.75
64,17,80,81,44,1,0,4,0,0.8,0.0,0.0,0.0
64,17,80,81,45,3,2,3,0,1.5,0.6666666666666666,0.0,0.6666666666666666
64,17,80,81,46,1,0,5,0,0.8333333333333334,0.0,0.0,0.0
64,17,80,81,47,2,1,4,0,1.3333333333333333,0.5,0.0,0.5
64,17,80,81,48,1,0,6,0,0.8571428571428571,0.0,0.0,0.0
64,17,80,81,49,3,2,8,0,2.1818181818181817,0.6666666666666666,0.0,0.6666666666666666
64,17,80,81,50,2,0,11,0,1.6923076923076923,0.0,0.0,0.0
64,17,80,81,51,2,0,13,0,1.7333333333333334,0.0,0.0,0.0
64,17,80,81,52,2,0,15,0,1.7647058823529411,0.0,0.0,0.0
64,17,80,81,53,3,1,16,0,2.526315789473684,0.3333333333333333,0.0,0.3333333333333333
64,17,80,81,54,3,1,18,0,2.5714285714285716,0.3333333333333333,0.0,0.3333333333333333
64,17,80,81,55,2,1,20,0,1.8181818181818181,0.5,0.0,0.5
64,17,80,81,56,2,1,22,0,1.8333333333333333,0.5,0.0,0.5
64,17,80,81,57,2,1,22,0,1.8333333333333333,0.5,0.0,0.5
64,17,80,81,58,2,0,22,0,1.8333333333333333,0.0,0.0,0.0
64,17,80,81,59,3,2,23,0,2.6538461538461537,0.6666666666666666,0.0,0.6666666666666666
64,17,80,81,60,4,1,23,0,3.4074074074074074,0.25,0.0,0.25
64,17,80,81,61,3,0,24,0,2.6666666666666665,0.0,0.0,0.0
64,17,80,81,62,3,0,24,0,2.6666666666666665,0.0,0.0,0.0
64,17,80,81,63,3,0,23,0,2.6538461538461537,0.0,0.0,0.0
64,17,80,81,64,2,0,23,0,1.84,0.0,0.0,0.0
64,17,80,81,65,5,2,20,0,4.0,0.4,0.0,0.4
64,17,80,81,67,2,0,21,0,1.826086956521739,0.0,0.0,0.0
64,17,88,89,42,2,0,1,0,0.6666666666666666,0.0,0.0,0.0
64,17,88,89,43,1,0,2,0,0.6666666666666666,0.0,0.0,0.0
64,17,88,89,44,2,0,2,0,1.0,0.0,0.0,0.0
64,17,88,89,45,1,0,3,0,0.75,0.0,0.0,0.0
64,17,88,89,46,2,0,3,0,1.2,0.0,0.0,0.0
64,17,88,89,47,3,0,2,0,1.2,0.0,0.0,0.0
64,17,88,89,48,1,0,5,0,0.8333333333333334,0.0,0.0,0.0
64,17,88,89,49,2,0,7,0,1.5555555555555556,0.0,0.0,0.0
64,17,88,89,50,1,0,10,0,0.9090909090909091,0.0,0.0,0.0
64,17,88,89,51,3,0,12,0,2.4,0.0,0.0,0.0
64,17,88,89,52,2,0,15,0,1.7647058823529411,0.0,0.0,0.0
64,17,88,89,53,1,0,16,0,0.9411764705882353,0.0,0.0,0.0
64,17,88,89,54,3,0,16,0,2.526315789473684,0.0,0.0,0.0
64,17,88,89,55,2,0,19,0,1.8095238095238095,0.0,0.0,0.0
64,17,88,89,56,4,0,19,0,3.3043478260869565,0.0,0.0,0.0
64,17,88,89,57,2,0,20,0,1.8181818181818181,0.0,0.0,0.0
64,17,88,89,58,2,0,21,0,1.826086956521739,0.0,0.0,0.0
64,17,88,89,59,3,1,22,0,2.64,0.3333333333333333,0.0,0.3333333333333333
64,17,88,89,60,3,0,22,0,2.64,0.0,0.0,0.0
64,17,88,89,61,3,0,22,0,2.64,0.0,0.0,0.0
64,17,88,89,62,3,0,22,0,2.64,0.0,0.0,0.0
64,17,88,89,63,3,0,21,0,2.625,0.0,0.0,0.0
64,17,88,89,64,3,0,20,0,2.608695652173913,0.0,0.0,0.0
64,17,88,89,65,3,0,18,0,2.5714285714285716,0.0,0.0,0.0
64,17,88,89,66,2,0,18,0,1.8,0.0,0.0,0.0
64,17,88,89,67,3,1,19,0,2.590909090909091,0.3333333333333333,0.0,0.3333333333333333
64,17,88,89,68,1,0,20,0,0.9523809523809523,0.0,0.0,0.0
64,17,96,97,42,2,0,1,0,0.6666666666666666,0.0,0.0,0.0
64,17,96,97,43,1,0,2,0,0.6666666666666666,0.0,0.0,0.0
64,17,96,97,44,2,0,2,0,1.0,0.0,0.0,0.0
64,17,96,97,45,1,0,3,0,0.75,0.0,0.0,0.0
64,17,96,97,46,1,0,3,0,0.75,0.0,0.0,0.0
64,17,96,97,47,2,0,3,0,1.2,0.0,0.0,0.0
64,17,96,97,48,1,0,6,0,0.8571428571428571,0.0,0.0,0.0
64,17,96,97,49,1,0,8,0,0.8888888888888888,0.0,0.0,0.0
64,17,96,97,50,1,0,10,0,0.9090909090909091,0.0,0.0,0.0
64,17,96,97,51,4,0,12,0,3.0,0.0,0.0,0.0
64,17,96,97,52,2,0,16,0,1.7777777777777777,0.0,0.0,0.0
64,17,96,97,53,3,0,16,0,2.526315789473684,0.0,0.0,0.0
64,17,96,97,55,2,2,17,0,1.7894736842105263,1.0,0.0,1.0
64,17,96,97,56,2,0,17,0,1.7894736842105263,0.0,0.0,0.0
64,17,96,97,57,2,0,16,0,1.7777777777777777,0.0,0.0,0.0
64,17,96,97,58,2,0,17,0,1.7894736842105263,0.0,0.0,0.0
64,17,96,97,59,3,2,18,0,2.5714285714285716,0.6666666666666666,0.0,0.6666666666666666
64,17,96,97,60,2,0,19,0,1.8095238095238095,0.0,0.0,0.0
64,17,96,97,61,5,2,18,0,3.9130434782608696,0.4,0.0,0.4
64,17,96,97,62,3,0,20,0,2.608695652173913,0.0,0.0,0.0
64,17,96,97,63,3,0,19,0,2.590909090909091,0.0,0.0,0.0
64,17,96,97,64,3,0,18,0,2.5714285714285716,0.0,0.0,0.0
64,17,96,97,65,3,1,16,0,2.526315789473684,0.3333333333333333,0.0,0.3333333333333333
64,17,96,97,66,2,0,16,0,1.7777777777777777,0.0,0.0,0.0
64,17,96,97,67,3,2,17,0,2.55,0.6666666666666666,0.0,0.6666666666666666
64,17,96,97,68,2,0,18,0,1.8,0.0,0.0,0.0
64,17,96,97,69,1,0,21,0,0.9545454545454546,0.0,0.0,0.0
64,17,104,105,41,1,0,1,0,0.5,0.0,0.0,0.0
64,17,104,105,42,1,0,2,0,0.6666666666666666,0.0,0.0,0.0
64,17,104,105,43,1,0,3,0,0.75,0.0,0.0,0.0
64,17,104,105,44,1,0,3,0,0.75,0.0,0.0,0.0
64,17,104,105,45,1,0,3,0,0.75,0.0,0.0,0.0
64,17,104,105,46,1,0,3,0,0.75,0.0,0.0,0.0
64,17,104,105,47,2,1,3,0,1.2,0.5,0.0,0.5
64,17,104,105,48,1,0,6,0,0.8571428571428571,0.0,0.0,0.0
64,17,104,105,49,2,1,8,0,1.6,0.5,0.0,0.5
64,17,104,105,51,4,0,12,0,3.0,0.0,0.0,0.0
64,17,104,105,52,2,0,16,0,1.7777777777777777,0.0,0.0,0.0
64,17,104,105,53,3,0,16,0,2.526315789473684,0.0,0.0,0.0
64,17,104,105,58,1,0,15,0,0.9375,0.0,0.0,0.0
64,17,104,105,59,3,2,15,0,2.5,0.6666666666666666,0.0,0.6666666666666666
64,17,104,105,60,1,0,15,0,0.9375,0.0,0.0,0.0
64,17,104,105,61,3,1,15,0,2.5,0.3333333333333333,0.0,0.3333333333333333
64,17,104,105,62,1,0,16,0,0.9411764705882353,0.0,0.0,0.0
64,17,104,105,63,4,1,14,0,3.111111111111111,0.25,0.0,0.25
64,17,104,105,64,2,0,13,0,1.7333333333333334,0.0,0.0,0.0
64,17,104,105,65,5,3,11,0,3.4375,0.6,0.0,0.6
64,17,104,105,67,2,1,12,0,1.7142857142857142,0.5,0.0,0.5
64,17,104,105,69,2,2,15,0,1.7647058823529411,1.0,0.0,1.0
64,17,104,105,70,1,0,17,0,0.9444444444444444,0.0,0.0,0.0
64,17,104,105,71,1,1,19,0,0.95,1.0,0.0,1.0
64,17,104,105,73,1,1,23,0,0.9583333333333334,1.0,0.0,1.0
64,17,112,113,41,1,0,1,0,0.5,0.0,0.0,0.0
64,17,112,113,42,1,0,2,0,0.6666666666666666,0.0,0.0,0.0
64,17,112,113,43,1,0,3,0,0.75,0.0,0.0,0.0
64,17,112,113,44,1,0,3,0,0.75,0.0,0.0,0.0
64,17,112,113,45,1,0,3,0,0.75,0.0,0.0,0.0
64,17,112,113,46,1,0,3,0,0.75,0.0,0.0,0.0
64,17,112,113,47,1,0,3,0,0.75,0.0,0.0,0.0
64,17,112,113,48,2,0,3,0,1.2,0.0,0.0,0.0
64,17,112,113,49,5,1,4,0,2.2222222222222223,0.2,0.0,0.2
64,17,112,113,50,1,0,10,0,0.9090909090909091,0.0,0.0,0.0
64,17,112,113,51,4,0,12,0,3.0,0.0,0.0,0.0
64,17,112,113,52,2,0,16,0,1.7777777777777777,0.0,0.0,0.0
64,17,112,113,53,2,0,17,0,1.7894736842105263,0.0,0.0,0.0
64,17,112,113,57,1,0,16,0,0.9411764705882353,0.0,0.0,0.0
64,17,112,113,58,3,1,13,0,2.4375,0.3333333333333333,0.0,0.3333333333333333
64,17,112,113,59,4,1,13,0,3.0588235294117645,0.25,0.0,0.25
64,17,112,113,60,3,0,13,0,2.4375,0.0,0.0,0.0
64,17,112,113,61,7,2,11,0,4.277777777777778,0.2857142857142857,0.0,0.2857142857142857
64,17,112,113,62,3,0,13,0,2.4375,0.0,0.0,0.0
64,17,112,113,63,7,0,10,0,4.117647058823529,0.0,0.0,0.0
64,17,112,113,64,2,0,12,0,1.7142857142857142,0.0,0.0,0.0
64,17,112,113,65,5,2,10,0,3.3333333333333335,0.4,0.0,0.4
64,17,112,113,66,1,0,12,0,0.9230769230769231,0.0,0.0,0.0
64,17,112,113,67,2,1,12,0,1.7142857142857142,0.5,0.0,0.5
64,17,112,113,68,1,0,12,0,0.9230769230769231,0.0,0.0,0.0
64,17,112,113,69,1,0,15,0,0.9375,0.0,0.0,0.0
64,17,112,113,71,1,0,19,0,0.95,0.0,0.0,0.0
64,17,120,121,41,1,0,1,0,0.5,0.0,0.0,0.0
64,17,120,121,42,1,0,2,0,0.6666666666666666,0.0,0.0,0.0
64,17,120,121,43,1,0,3,0,0.75,0.0,0.0,0.0
64,17,120,121,44,1,0,3,0,0.75,0.0,0.0,0.0
64,17,120,121,45,1,0,3,0,0.75,0.0,0.0,0.0
64,17,120,121,46,1,0,3,0,0.75,0.0,0.0,0.0
64,17,120,121,47,1,0,3,0,0.75,0.0,0.0,0.0
64,17,120,121,48,1,0,3,0,0.75,0.0,0.0,0.0
64,17,120,121,49,3,1,3,0,1.5,0.3333333333333333,0.0,0.3333333333333333
64,17,120,121,50,4,0,5,0,2.2222222222222223,0.0,0.0,0.0
64,17,120,121,51,6,1,7,0,3.230769230769231,0.16666666666666666,0.0,0.16666666666666666
64,17,120,121,52,5,0,10,0,3.3333333333333335,0.0,0.0,0.0
64,17,120,121,53,6,0,11,0,3.8823529411764706,0.0,0.0,0.0
64,17,120,121,54,3,0,13,0,2.4375,0.0,0.0,0.0
64,17,120,121,55,3,0,12,0,2.4,0.0,0.0,0.0
64,17,120,121,56,3,0,12,0,2.4,0.0,0.0,0.0
64,17,120,121,57,4,0,11,0,2.933333333333333,0.0,0.0,0.0
64,17,120,121,58,5,1,10,0,3.3333333333333335,0.2,0.0,0.2
64,17,120,121,59,5,0,11,0,3.4375,0.0,0.0,0.0
64,17,120,121,60,5,1,12,0,3.5294117647058822,0.2,0.0,0.2
64,17,120,121,61,5,1,13,0,3.611111111111111,0.2,0.0,0.2
64,17,120,121,62,5,0,13,0,3.611111111111111,0.0,0.0,0.0
64,17,120,121,63,3,1,13,0,2.4375,0.3333333333333333,0.0,0.3333333333333333
64,17,120,121,64,5,0,12,0,3.5294117647058822,0.0,0.0,0.0
64,17,120,121,65,5,1,11,0,3.4375,0.2,0.0,0.2
64,17,120,121,66,1,0,13,0,0.9285714285714286,0.0,0.0,0.0
64,17,120,121,67,3,1,14,0,2.4705882352941178,0.3333333333333333,0.0,0.3333333333333333
64,17,120,121,68,1,0,15,0,0.9375,0.0,0.0,0.0
64,17,120,121,69,4,1,15,0,3.1578947368421053,0.25,0.0,0.25
64,17,120,121,70,2,0,17,0,1.7894736842105263,0.0,0.0,0.0
64,17,120,121,71,1,0,19,0,0.95,0.0,0.0,0.0
64,17,128,129,41,1,0,1,0,0.5,0.0,0.0,0.0
64,17,128,129,42,1,0,2,0,0.6666666666666666,0.0,0.0,0.0
64,17,128,129,43,1,0,3,0,0.75,0.0,0.0,0.0
64,17,128,129,44,1,0,3,0,0.75,0.0,0.0,0.0
64,17,128,129,45,1,0,3,0,0.75,0.0,0.0,0.0
64,17,128,129,46,1,0,3,0,0.75,0.0,0.0,0.0
64,17,128,129,47,1,0,3,0,0.75,0.0,0.0,0.0
64,17,128,129,49,2,1,2,0,1.0,0.5,0.0,0.5
64,17,128,129,50,2,0,3,0,1.2,0.0,0.0,0.0
64,17,128,129,51,6,1,4,0,2.4,0.16666666666666666,0.0,0.16666666666666666
64,17,128,129,52,5,0,7,0,2.9166666666666665,0.0,0.0,0.0
64,17,128,129,53,7,0,8,0,3.7333333333333334,0.0,0.0,0.0
64,17,128,129,54,3,0,11,0,2.357142857142857,0.0,0.0,0.0
64,17,128,129,55,3,0,10,0,2.3076923076923075,0.0,0.0,0.0
64,17,128,129,56,3,0,10,0,2.3076923076923075,0.0,0.0,0.0
64,17,128,129,57,5,0,9,0,3.2142857142857144,0.0,0.0,0.0
64,17,128,129,58,5,0,9,0,3.2142857142857144,0.0,0.0,0.0
64,17,128,129,59,4,0,10,0,2.857142857142857,0.0,0.0,0.0
64,17,128,129,60,5,0,10,0,3.3333333333333335,0.0,0.0,0.0
64,17,128,129,61,5,0,11,0,3.4375,0.0,0.0,0.0
64,17,128,129,62,4,0,11,0,2.933333333333333,0.0,0.0,0.0
64,17,128,129,63,4,0,11,0,2.933333333333333,0.0,0.0,0.0
64,17,128,129,64,4,0,11,0,2.933333333333333,0.0,0.0,0.0
64,17,128,129,65,6,0,9,0,3.6,0.0,0.0,0.0
64,17,128,129,66,1,0,10,0,0.9090909090909091,0.0,0.0,0.0
64,17,128,129,67,7,3,9,0,3.9375,0.42857142857142855,0.0,0.42857142857142855
64,17,128,129,68,3,0,12,0,2.4,0.0,0.0,0.0
64,17,128,129,69,7,1,13,0,4.55,0.14285714285714285,0.0,0.14285714285714285
64,17,128,129,70,2,0,17,0,1.7894736842105263,0.0,0.0,0.0
64,17,128,129,71,3,0,18,0,2.5714285714285716,0.0,0.0,0.0
64,17,128,129,72,4,1,20,0,3.3333333333333335,0.25,0.0,0.25
64,17,136,137,41,1,1,1,0,0.5,1.0,0.0,1.0
64,17,136,137,43,1,0,2,0,0.6666666666666666,0.0,0.0,0.0
64,17,136,137,44,1,0,2,0,0.6666666666666666,0.0,0.0,0.0
64,17,136,137,45,2,0,2,0,1.0,0.0,0.0,0.0
64,17,136,137,47,1,0,2,0,0.6666666666666666,0.0,0.0,0.0
64,17,136,137,48,1,0,2,0,0.6666666666666666,0.0,0.0,0.0
64,17,136,137,49,1,1,2,0,0.6666666666666666,1.0,0.0,1.0
64,17,136,137,50,2,0,2,0,1.0,0.0,0.0,0.0
64,17,136,137,51,5,1,3,0,1.875,0.2,0.0,0.2
64,17,136,137,52,3,0,6,0,2.0,0.0,0.0,0.0
64,17,136,137,53,7,1,6,0,3.230769230769231,0.14285714285714285,0.0,0.14285714285714285
64,17,136,137,54,4,0,9,0,2.769230769230769,0.0,0.0,0.0
64,17,136,137,55,2,0,10,0,1.6666666666666667,0.0,0.0,0.0
64,17,136,137,56,2,0,10,0,1.6666666666666667,0.0,0.0,0.0
64,17,136,137,57,4,1,9,0,2.769230769230769,0.25,0.0,0.25
64,17,136,137,58,4,0,9,0,2.769230769230769,0.0,0.0,0.0
64,17,136,137,59,3,0,10,0,2.3076923076923075,0.0,0.0,0.0
64,17,136,137,60,4,0,10,0,2.857142857142857,0.0,0.0,0.0
64,17,136,137,61,4,1,11,0,2.933333333333333,0.25,0.0,0.25
64,17,136,137,62,3,0,11,0,2.357142857142857,0.0,0.0,0.0
64,17,136,137,63,4,0,11,0,2.933333333333333,0.0,0.0,0.0
64,17,136,137,64,3,0,11,0,2.357142857142857,0.0,0.0,0.0
64,17,136,137,65,7,0,8,0,3.7333333333333334,0.0,0.0,0.0
64,17,136,137,66,1,0,10,0,0.9090909090909091,0.0,0.0,0.0
64,17,136,137,67,5,2,9,0,3.2142857142857144,0.4,0.0,0.4
64,17,136,137,68,5,1,10,0,3.3333333333333335,0.2,0.0,0.2
64,17,136,137,69,5,0,13,0,3.611111111111111,0.0,0.0,0.0
64,17,136,137,70,3,0,15,0,2.5,0.0,0.0,0.0
64,17,136,137,71,2,0,17,0,1.7894736842105263,0.0,0.0,0.0
64,17,136,137,72,4,0,17,0,3.238095238095238,0.0,0.0,0.0
64,17,136,137,73,3,1,18,0,2.5714285714285716,0.3333333333333333,0.0,0.3333333333333333
64,17,136,137,74,3,0,20,0,2.608695652173913,0.0,0.0,0.0
64,17,136,137,75,3,0,22,0,2.64,0.0,0.0,0.0
64,17,136,137,76,3,0,24,0,2.6666666666666665,0.0,0.0,0.0
64,17,136,137,77,3,0,26,0,2.689655172413793,0.0,0.0,0.0
64,17,136,137,78,4,0,27,0,3.4838709677419355,0.0,0.0,0.0
64,17,136,137,79,4,0,28,0,3.5,0.0,0.0,0.0
64,17,136,137,80,3,0,24,0,2.6666666666666665,0.0,0.0,0.0
64,17,136,137,81,2,0,19,0,1.8095238095238095,0.0,0.0,0.0
64,17,144,145,42,1,0,1,0,0.5,0.0,0.0,0.0
64,17,144,145,43,1,1,2,0,0.6666666666666666,1.0,0.0,1.0
64,17,144,145,45,2,0,1,0,0.6666666666666666,0.0,0.0,0.0
64,17,144,145,46,2,0,1,0,0.6666666666666666,0.0,0.0,0.0
64,17,144,145,47,1,0,1,0,0.5,0.0,0.0,0.0
64,17,144,145,51,4,1,1,0,0.8,0.25,0.0,0.25
64,17,144,145,52,4,0,3,0,1.7142857142857142,0.0,0.0,0.0
64,17,144,145,53,5,1,4,0,2.2222222222222223,0.2,0.0,0.2
64,17,144,145,54,4,0,6,0,2.4,0.0,0.0,0.0
64,17,144,145,55,4,0,6,0,2.4,0.0,0.0,0.0
64,17,144,145,56,4,0,7,0,2.5454545454545454,0.0,0.0,0.0
64,17,144,145,57,4,0,8,0,2.6666666666666665,0.0,0.0,0.0
64,17,144,145,58,4,0,8,0,2.6666666666666665,0.0,0.0,0.0
64,17,144,145,59,3,0,9,0,2.25,0.0,0.0,0.0
64,17,144,145,60,4,0,9,0,2.769230769230769,0.0,0.0,0.0
64,17,144,145,61,3,0,10,0,2.3076923076923075,0.0,0.0,0.0
64,17,144,145,62,3,0,10,0,2.3076923076923075,0.0,0.0,0.0
64,17,144,145,63,4,1,10,0,2.857142857142857,0.25,0.0,0.25
64,17,144,145,64,3,0,10,0,2.3076923076923075,0.0,0.0,0.0
64,17,144,145,65,7,0,7,0,3.5,0.0,0.0,0.0
64,17,144,145,66,2,0,9,0,1.6363636363636365,0.0,0.0,0.0
64,17,144,145,67,4,2,9,0,2.769230769230769,0.5,0.0,0.5
64,17,144,145,68,4,0,9,0,2.769230769230769,0.0,0.0,0.0
64,17,144,145,69,6,1,11,0,3.8823529411764706,0.16666666666666666,0.0,0.16666666666666666
64,17,144,145,70,3,0,14,0,2.4705882352941178,0.0,0.0,0.0
64,17,144,145,71,2,0,16,0,1.7777777777777777,0.0,0.0,0.0
64,17,144,145,72,2,0,18,0,1.8,0.0,0.0,0.0
64,17,144,145,73,3,1,18,0,2.5714285714285716,0.3333333333333333,0.0,0.3333333333333333
64,17,144,145,74,3,0,19,0,2.590909090909091,0.0,0.0,0.0
64,17,144,145,75,3,0,21,0,2.625,0.0,0.0,0.0
64,17,144,145,76,3,0,23,0,2.6538461538461537,0.0,0.0,0.0
64,17,144,145,77,3,0,25,0,2.6785714285714284,0.0,0.0,0.0
64,17,144,145,78,4,0,26,0,3.466666666666667,0.0,0.0,0.0
64,17,144,145,79,4,0,27,0,3.4838709677419355,0.0,0.0,0.0
64,17,144,145,80,4,1,23,0,3.4074074074074074,0.25,0.0,0.25
64,17,144,145,81,1,0,19,0,0.95,0.0,0.0,0.0
64,17,144,145,82,1,0,18,0,0.9473684210526315,0.0,0.0,0.0
64,17,152,153,52,3,0,2,0,1.2,0.0,0.0,0.0
64,17,152,153,53,4,1,3,0,1.7142857142857142,0.25,0.0,0.25
64,17,152,153,54,5,0,4,0,2.2222222222222223,0.0,0.0,0.0
64,17,152,153,55,4,0,5,0,2.2222222222222223,0.0,0.0,0.0
64,17,152,153,56,4,0,6,0,2.4,0.0,0.0,0.0
64,17,152,153,57,4,0,7,0,2.5454545454545454,0.0,0.0,0.0
64,17,152,153,58,3,0,8,0,2.1818181818181817,0.0,0.0,0.0
64,17,152,153,59,3,0,9,1,2.25,0.0,0.1111111111111111,-0.1111111111111111
64,17,152,153,60,3,0,9,0,2.25,0.0,0.0,0.0
64,17,152,153,61,3,0,9,0,2.25,0.0,0.0,0.0
64,17,152,153,62,3,0,9,0,2.25,0.0,0.0,0.0
64,17,152,153,63,4,1,9,0,2.769230769230769,0.25,0.0,0.25
64,17,152,153,64,2,0,10,0,1.6666666666666667,0.0,0.0,0.0
64,17,152,153,65,5,0,7,0,2.9166666666666665,0.0,0.0,0.0
64,17,152,153,66,4,0,7,0,2.5454545454545454,0.0,0.0,0.0
64,17,152,153,67,3,1,9,0,2.25,0.3333333333333333,0.0,0.3333333333333333
64,17,152,153,68,4,0,8,0,2.6666666666666665,0.0,0.0,0.0
64,17,152,153,69,5,0,11,0,3.4375,0.0,0.0,0.0
64,17,152,153,70,3,0,13,0,2.4375,0.0,0.0,0.0
64,17,152,153,71,2,0,15,0,1.7647058823529411,0.0,0.0,0.0
64,17,152,153,72,2,0,17,0,1.7894736842105263,0.0,0.0,0.0
64,17,152,153,73,2,0,17,0,1.7894736842105263,0.0,0.0,0.0
64,17,152,153,74,2,0,18,0,1.8,0.0,0.0,0.0
64,17,152,153,75,3,0,20,0,2.608695652173913,0.0,0.0,0.0
64,17,152,153,76,3,0,22,0,2.64,0.0,0.0,0.0
64,17,152,153,77,4,0,23,0,3.4074074074074074,0.0,0.0,0.0
64,17,152,153,78,4,0,24,0,3.4285714285714284,0.0,0.0,0.0
64,17,152,153,79,4,0,25,0,3.4482758620689653,0.0,0.0,0.0
64,17,152,153,80,2,0,22,0,1.8333333333333333,0.0,0.0,0.0
64,17,152,153,81,2,0,18,0,1.8,0.0,0.0,0.0
64,17,152,153,82,1,0,18,0,0.9473684210526315,0.0,0.0,0.0
64,17,160,161,52,1,0,2,0,0.6666666666666666,0.0,0.0,0.0
64,17,160,161,53,2,1,2,0,1.0,0.5,0.0,0.5
64,17,160,161,54,3,0,3,0,1.5,0.0,0.0,0.0
64,17,160,161,55,4,2,4,0,2.0,0.5,0.0,0.5
64,17,160,161,56,2,0,5,0,1.4285714285714286,0.0,0.0,0.0
64,17,160,161,57,5,1,5,0,2.5,0.2,0.0,0.2
64,17,160,161,58,2,0,7,0,1.5555555555555556,0.0,0.0,0.0
64,17,160,161,59,3,0,7,1,2.1,0.0,0.14285714285714285,-0.14285714285714285
64,17,160,161,60,3,0,7,0,2.1,0.0,0.0,0.0
64,17,160,161,61,3,0,7,0,2.1,0.0,0.0,0.0
64,17,160,161,62,3,0,7,0,2.1,0.0,0.0,0.0
64,17,160,161,63,4,1,7,0,2.5454545454545454,0.25,0.0,0.25
64,17,160,161,64,3,0,8,0,2.1818181818181817,0.0,0.0,0.0
64,17,160,161,65,6,1,6,0,3.0,0.16666666666666666,0.0,0.16666666666666666
64,17,160,161,66,2,0,7,0,1.5555555555555556,0.0,0.0,0.0
64,17,160,161,67,4,1,7,0,2.5454545454545454,0.25,0.0,0.25
64,17,160,161,68,2,0,7,0,1.5555555555555556,0.0,0.0,0.0
64,17,160,161,69,7,2,8,0,3.7333333333333334,0.2857142857142857,0.0,0.2857142857142857
64,17,160,161,70,3,0,12,0,2.4,0.0,0.0,0.0
64,17,160,161,71,4,0,13,0,3.0588235294117645,0.0,0.0,0.0
64,17,160,161,72,2,0,17,0,1.7894736842105263,0.0,0.0,0.0
64,17,160,161,73,2,0,17,0,1.7894736842105263,0.0,0.0,0.0
64,17,160,161,74,2,0,18,0,1.8,0.0,0.0,0.0
64,17,160,161,75,3,1,20,0,2.608695652173913,0.3333333333333333,0.0,0.3333333333333333
64,17,160,161,76,2,0,22,0,1.8333333333333333,0.0,0.0,0.0
64,17,160,161,77,4,0,23,0,3.4074074074074074,0.0,0.0,0.0
64,17,160,161,78,4,0,24,0,3.4285714285714284,0.0,0.0,0.0
64,17,160,161,79,4,0,25,0,3.4482758620689653,0.0,0.0,0.0
64,17,160,161,80,2,0,22,0,1.8333333333333333,0.0,0.0,0.0
64,17,160,161,81,1,0,18,0,0.9473684210526315,0.0,0.0,0.0
64,17,160,161,82,1,0,17,0,0.9444444444444444,0.0,0.0,0.0
64,17,160,161,83,1,0,16,0,0.9411764705882353,0.0,0.0,0.0
64,17,168,169,54,1,0,1,0,0.5,0.0,0.0,0.0
64,17,168,169,55,2,2,1,0,0.6666666666666666,1.0,0.0,1.0
64,17,168,169,57,6,4,1,0,0.8571428571428571,0.6666666666666666,0.0,0.6666666666666666
64,17,168,169,59,6,5,2,0,1.5,0.8333333333333334,0.0,0.8333333333333334
64,17,168,169,60,1,0,5,0,0.8333333333333334,0.0,0.0,0.0
64,17,168,169,61,4,3,3,1,1.7142857142857142,0.75,0.3333333333333333,0.4166666666666667
64,17,168,169,62,2,0,4,0,1.3333333333333333,0.0,0.0,0.0
64,17,168,169,63,6,4,3,1,2.0,0.6666666666666666,0.3333333333333333,0.3333333333333333
64,17,168,169,64,1,0,6,0,0.8571428571428571,0.0,0.0,0.0
64,17,168,169,65,9,4,2,0,1.6363636363636365,0.4444444444444444,0.0,0.4444444444444444
64,17,168,169,66,2,0,6,0,1.5,0.0,0.0,0.0
64,17,168,169,67,4,2,6,0,2.4,0.5,0.0,0.5
64,17,168,169,68,2,0,6,0,1.5,0.0,0.0,0.0
64,17,168,169,69,5,0,7,0,2.9166666666666665,0.0,0.0,0.0
64,17,168,169,70,4,0,9,0,2.769230769230769,0.0,0.0,0.0
64,17,168,169,71,4,0,11,0,2.933333333333333,0.0,0.0,0.0
64,17,168,169,72,4,0,14,0,3.111111111111111,0.0,0.0,0.0
64,17,168,169,73,3,1,16,0,2.526315789473684,0.3333333333333333,0.0,0.3333333333333333
64,17,168,169,74,1,0,18,0,0.9473684210526315,0.0,0.0,0.0
64,17,168,169,75,4,1,19,0,3.3043478260869565,0.25,0.0,0.25
64,17,168,169,76,2,0,22,0,1.8333333333333333,0.0,0.0,0.0
64,17,168,169,77,4,1,23,0,3.4074074074074074,0.25,0.0,0.25
64,17,168,169,78,4,0,24,0,3.4285714285714284,0.0,0.0,0.0
64,17,168,169,79,4,0,25,0,3.4482758620689653,0.0,0.0,0.0
64,17,168,169,80,2,0,22,0,1.8333333333333333,0.0,0.0,0.0
64,17,168,169,81,1,0,18,0,0.9473684210526315,0.0,0.0,0.0
64,17,168,169,82,1,0,17,0,0.9444444444444444,0.0,0.0,0.0
64,17,168,169,83,1,0,16,0,0.9411764705882353,0.0,0.0,0.0
64,17,176,177,59,1,1,1,0,0.5,1.0,0.0,1.0
64,17,176,177,68,4,0,2,0,1.3333333333333333,0.0,0.0,0.0
64,17,176,177,69,7,1,5,0,2.9166666666666665,0.14285714285714285,0.0,0.14285714285714285
64,17,176,177,70,4,0,9,0,2.769230769230769,0.0,0.0,0.0
64,17,176,177,71,4,0,11,0,2.933333333333333,0.0,0.0,0.0
64,17,176,177,72,4,0,14,0,3.111111111111111,0.0,0.0,0.0
64,17,176,177,73,2,0,16,0,1.7777777777777777,0.0,0.0,0.0
64,17,176,177,74,2,0,17,0,1.7894736842105263,0.0,0.0,0.0
64,17,176,177,75,2,0,19,0,1.8095238095238095,0.0,0.0,0.0
64,17,176,177,76,2,0,21,0,1.826086956521739,0.0,0.0,0.0
64,17,176,177,77,3,1,22,0,2.64,0.3333333333333333,0.0,0.3333333333333333
64,17,176,177,78,4,1,22,0,3.3846153846153846,0.25,0.0,0.25
64,17,176,177,79,3,0,23,0,2.6538461538461537,0.0,0.0,0.0
64,17,176,177,80,2,0,21,0,1.826086956521739,0.0,0.0,0.0
64,17,176,177,81,1,0,18,0,0.9473684210526315,0.0,0.0,0.0
64,17,176,177,82,1,0,17,0,0.9444444444444444,0.0,0.0,0.0
64,17,176,177,83,1,0,16,0,0.9411764705882353,0.0,0.0,0.0
64,17,184,185,68,1,0,1,0,0.5,0.0,0.0,0.0
64,17,184,185,69,7,4,3,0,2.1,0.5714285714285714,0.0,0.5714285714285714
64,17,184,185,70,5,0,7,0,2.9166666666666665,0.0,0.0,0.0
64,17,184,185,71,5,1,10,0,3.3333333333333335,0.2,0.0,0.2
64,17,184,185,72,4,0,14,0,3.111111111111111,0.0,0.0,0.0
64,17,184,185,73,2,0,16,0,1.7777777777777777,0.0,0.0,0.0
64,17,184,185,74,2,0,17,0,1.7894736842105263,0.0,0.0,0.0
64,17,184,185,75,2,0,19,0,1.8095238095238095,0.0,0.0,0.0
64,17,184,185,76,3,0,20,0,2.608695652173913,0.0,0.0,0.0
64,17,184,185,77,3,0,21,0,2.625,0.0,0.0,0.0
64,17,184,185,78,3,0,22,0,2.64,0.0,0.0,0.0
64,17,184,185,79,3,0,23,0,2.6538461538461537,0.0,0.0,0.0
64,17,184,185,80,2,0,21,0,1.826086956521739,0.0,0.0,0.0
64,17,184,185,81,1,0,18,0,0.9473684210526315,0.0,0.0,0.0
64,17,184,185,82,1,0,17,0,0.9444444444444444,0.0,0.0,0.0
64,17,184,185,83,1,0,16,0,0.9411764705882353,0.0,0.0,0.0
64,17,192,193,69,2,0,3,0,1.2,0.0,0.0,0.0
64,17,192,193,70,2,0,6,0,1.5,0.0,0.0,0.0
64,17,192,193,71,2,0,9,0,1.6363636363636365,0.0,0.0,0.0
64,17,192,193,72,3,0,12,0,2.4,0.0,0.0,0.0
64,17,192,193,73,3,0,14,0,2.4705882352941178,0.0,0.0,0.0
64,17,192,193,74,2,0,16,0,1.7777777777777777,0.0,0.0,0.0
64,17,192,193,75,2,0,18,0,1.8,0.0,0.0,0.0
64,17,192,193,76,3,0,19,0,2.590909090909091,0.0,0.0,0.0
64,17,192,193,77,3,0,20,0,2.608695652173913,0.0,0.0,0.0
64,17,192,193,78,3,0,21,0,2.625,0.0,0.0,0.0
64,17,192,193,79,3,0,22,0,2.64,0.0,0.0,0.0
64,17,192,193,80,2,0,20,0,1.8181818181818181,0.0,0.0,0.0
64,17,192,193,81,1,0,17,0,0.9444444444444444,0.0,0.0,0.0
64,17,192,193,82,1,0,16,0,0.9411764705882353,0.0,0.0,0.0
64,17,192,193,83,1,0,15,0,0.9375,0.0,0.0,0.0
64,17,192,193,84,1,0,14,0,0.9333333333333333,0.0,0.0,0.0
64,17,200,201,69,2,1,3,0,1.2,0.5,0.0,0.5
64,17,200,201,70,1,0,6,0,0.8571428571428571,0.0,0.0,0.0
64,17,200,201,71,2,0,8,0,1.6,0.0,0.0,0.0
64,17,200,201,72,2,0,11,0,1.6923076923076923,0.0,0.0,0.0
64,17,200,201,73,5,1,12,0,3.5294117647058822,0.2,0.0,0.2
64,17,200,201,74,2,0,16,0,1.7777777777777777,0.0,0.0,0.0
64,17,200,201,75,3,1,17,0,2.55,0.3333333333333333,0.0,0.3333333333333333
64,17,200,201,76,2,0,19,0,1.8095238095238095,0.0,0.0,0.0
64,17,200,201,77,3,1,20,0,2.608695652173913,0.3333333333333333,0.0,0.3333333333333333
64,17,200,201,78,3,0,21,0,2.625,0.0,0.0,0.0
64,17,200,201,79,3,0,22,0,2.64,0.0,0.0,0.0
64,17,200,201,80,2,0,20,0,1.8181818181818181,0.0,0.0,0.0
64,17,200,201,81,1,0,17,0,0.9444444444444444,0.0,0.0,0.0
64,17,200,201,82,1,0,16,0,0.9411764705882353,0.0,0.0,0.0
64,17,200,201,83,1,0,15,0,0.9375,0.0,0.0,0.0
64,17,200,201,84,1,0,14,0,0.9333333333333333,0.0,0.0,0.0
64,17,208,209,70,2,0,1,0,0.6666666666666666,0.0,0.0,0.0
64,17,208,209,71,5,3,3,0,1.875,0.6,0.0,0.6
64,17,208,209,72,2,0,8,0,1.6,0.0,0.0,0.0
64,17,208,209,73,5,3,8,0,3.076923076923077,0.6,0.0,0.6
64,17,208,209,74,3,0,10,0,2.3076923076923075,0.0,0.0,0.0
64,17,208,209,75,4,2,11,0,2.933333333333333,0.5,0.0,0.5
64,17,208,209,76,4,0,13,0,3.0588235294117645,0.0,0.0,0.0
64,17,208,209,77,4,3,15,0,3.1578947368421053,0.75,0.0,0.75
64,17,208,209,78,4,0,16,0,3.2,0.0,0.0,0.0
64,17,208,209,79,4,0,17,0,3.238095238095238,0.0,0.0,0.0
64,17,208,209,80,2,0,17,0,1.7894736842105263,0.0,0.0,0.0
64,17,208,209,81,2,0,15,0,1.7647058823529411,0.0,0.0,0.0
64,17,208,209,82,1,0,15,0,0.9375,0.0,0.0,0.0
64,17,208,209,83,1,0,14,0,0.9333333333333333,0.0,0.0,0.0
64,17,208,209,85,1,0,11,0,0.9166666666666666,0.0,0.0,0.0
64,17,208,209,87,1,0,8,0,0.8888888888888888,0.0,0.0,0.0
64,17,216,217,72,1,0,4,0,0.8,0.0,0.0,0.0
64,17,216,217,73,4,0,3,0,1.7142857142857142,0.0,0.0,0.0
64,17,216,217,74,3,0,4,0,1.7142857142857142,0.0,0.0,0.0
64,17,216,217,75,4,0,5,0,2.2222222222222223,0.0,0.0,0.0
64,17,216,217,76,4,0,6,0,2.4,0.0,0.0,0.0
64,17,216,217,77,4,0,7,0,2.5454545454545454,0.0,0.0,0.0
64,17,216,217,78,4,0,8,0,2.6666666666666665,0.0,0.0,0.0
64,17,216,217,79,4,0,9,0,2.769230769230769,0.0,0.0,0.0
64,17,216,217,80,4,0,10,0,2.857142857142857,0.0,0.0,0.0
64,17,216,217,81,2,0,11,0,1.6923076923076923,0.0,0.0,0.0
64,17,216,217,82,2,0,12,0,1.7142857142857142,0.0,0.0,0.0
64,17,216,217,83,1,0,12,0,0.9230769230769231,0.0,0.0,0.0
64,17,216,217,84,1,0,11,0,0.9166666666666666,0.0,0.0,0.0
64,17,216,217,85,1,0,10,0,0.9090909090909091,0.0,0.0,0.0
64,17,224,225,72,3,0,1,0,0.75,0.0,0.0,0.0
64,17,224,225,73,2,0,2,0,1.0,0.0,0.0,0.0
64,17,224,225,74,1,0,3,0,0.75,0.0,0.0,0.0
64,17,224,225,75,1,0,4,0,0.8,0.0,0.0,0.0
64,17,224,225,76,1,0,5,0,0.8333333333333334,0.0,0.0,0.0
64,17,224,225,77,1,0,6,0,0.8571428571428571,0.0,0.0,0.0
64,17,224,225,78,1,0,7,0,0.875,0.0,0.0,0.0
64,17,224,225,79,1,0,8,0,0.8888888888888888,0.0,0.0,0.0
64,17,224,225,80,1,0,9,0,0.9,0.0,0.0,0.0
64,17,224,225,81,1,0,10,0,0.9090909090909091,0.0,0.0,0.0
64,17,224,225,82,1,0,11,0,0.9166666666666666,0.0,0.0,0.0
64,17,224,225,83,1,0,11,0,0.9166666666666666,0.0,0.0,0.0
64,17,232,233,73,3,1,1,0,0.75,0.3333333333333333,0.0,0.3333333333333333
64,17,232,233,74,1,0,3,0,0.75,0.0,0.0,0.0
64,17,232,233,75,1,0,4,0,0.8,0.0,0.0,0.0
64,17,232,233,76,1,0,5,0,0.8333333333333334,0.0,0.0,0.0
64,17,232,233,77,1,0,6,0,0.8571428571428571,0.0,0.0,0.0
64,17,232,233,78,1,0,7,0,0.875,0.0,0.0,0.0
64,17,232,233,79,1,0,8,0,0.8888888888888888,0.0,0.0,0.0
64,17,232,233,80,1,0,9,0,0.9,0.0,0.0,0.0
64,17,232,233,81,1,0,10,0,0.9090909090909091,0.0,0.0,0.0
64,17,232,233,82,1,0,11,0,0.9166666666666666,0.0,0.0,0.0
64,17,232,233,83,1,1,11,0,0.9166666666666666,1.0,0.0,1.0
64,17,240,241,73,1,0,1,0,0.5,0.0,0.0,0.0
64,17,240,241,74,1,0,2,0,0.6666666666666666,0.0,0.0,0.0
64,17,240,241,75,1,0,3,0,0.75,0.0,0.0,0.0
64,17,240,241,76,1,0,4,0,0.8,0.0,0.0,0.0
64,17,240,241,77,1,0,5,0,0.8333333333333334,0.0,0.0,0.0
64,17,240,241,78,1,0,6,0,0.8571428571428571,0.0,0.0,0.0
64,17,240,241,79,1,0,7,0,0.875,0.0,0.0,0.0
64,17,240,241,80,1,0,8,0,0.8888888888888888,0.0,0.0,0.0
64,17,240,241,81,1,0,9,0,0.9,0.0,0.0,0.0
64,17,240,241,82,1,0,10,0,0.9090909090909091,0.0,0.0,0.0
64,17,240,241,83,1,0,10,0,0.9090909090909091,0.0,0.0,0.0
64,17,240,241,84,1,0,10,0,0.9090909090909091,0.0,0.0,0.0
64,17,248,249,73,1,0,1,0,0.5,0.0,0.0,0.0
64,17,248,249,74,1,0,2,0,0.6666666666666666,0.0,0.0,0.0
64,17,248,249,75,1,0,3,0,0.75,0.0,0.0,0.0
64,17,248,249,76,1,0,4,0,0.8,0.0,0.0,0.0
64,17,248,249,77,1,0,5,0,0.8333333333333334,0.0,0.0,0.0
64,17,248,249,78,1,0,6,0,0.8571428571428571,0.0,0.0,0.0
64,17,248,249,79,1,0,7,0,0.875,0.0,0.0,0.0
64,17,248,249,80,1,0,8,0,0.8888888888888888,0.0,0.0,0.0
64,17,248,249,81,1,0,9,0,0.9,0.0,0.0,0.0
64,17,248,249,82,1,0,10,0,0.9090909090909091,0.0,0.0,0.0
64,17,248,249,83,1,0,10,0,0.9090909090909091,0.0,0.0,0.0
64,17,248,249,84,1,0,10,0,0.9090909090909091,0.0,0.0,0.0
64,18,16,17,13,19,15,2,0,1.8095238095238095,0.7894736842105263,0.0,0.7894736842105263
64,18,24,25,16,5,0,4,0,2.2222222222222223,0.0,0.0,0.0
64,18,24,25,17,12,6,5,0,3.5294117647058822,0.5,0.0,0.5
64,18,24,25,18,1,0,15,0,0.9375,0.0,0.0,0.0
64,18,24,25,19,6,0,13,0,4.105263157894737,0.0,0.0,0.0
64,18,32,33,17,7,3,1,0,0.875,0.42857142857142855,0.0,0.42857142857142855
64,18,32,33,18,5,0,5,0,2.5,0.0,0.0,0.0
64,18,32,33,19,7,0,5,0,2.9166666666666665,0.0,0.0,0.0
64,18,32,33,20,4,0,9,0,2.769230769230769,0.0,0.0,0.0
64,18,32,33,21,7,3,10,0,4.117647058823529,0.42857142857142855,0.0,0.42857142857142855
64,18,32,33,23,3,3,12,0,2.4,1.0,0.0,1.0
64,18,32,33,24,2,0,13,0,1.7333333333333334,0.0,0.0,0.0
64,18,32,33,25,4,2,12,0,3.0,0.5,0.0,0.5
64,18,40,41,18,1,0,1,0,0.5,0.0,0.0,0.0
64,18,40,41,19,7,3,1,0,0.875,0.42857142857142855,0.0,0.42857142857142855
64,18,40,41,20,3,0,5,0,1.875,0.0,0.0,0.0
64,18,40,41,21,4,2,6,0,2.4,0.5,0.0,0.5
64,18,40,41,22,3,0,6,0,2.0,0.0,0.0,0.0
64,18,40,41,23,7,2,5,0,2.9166666666666665,0.2857142857142857,0.0,0.2857142857142857
64,18,40,41,27,4,4,4,0,2.0,1.0,0.0,1.0
64,18,40,41,28,1,0,5,0,0.8333333333333334,0.0,0.0,0.0
64,18,40,41,29,5,2,4,0,2.2222222222222223,0.4,0.0,0.4
64,18,40,41,30,1,0,7,0,0.875,0.0,0.0,0.0
64,18,40,41,31,7,2,8,0,3.7333333333333334,0.2857142857142857,0.0,0.2857142857142857
64,18,48,49,21,5,1,1,0,0.8333333333333334,0.2,0.0,0.2
64,18,48,49,22,2,0,3,0,1.2,0.0,0.0,0.0
64,18,48,49,23,2,0,2,0,1.0,0.0,0.0,0.0
64,18,48,49,24,5,0,2,0,1.4285714285714286,0.0,0.0,0.0
64,18,48,49,25,4,0,4,0,2.0,0.0,0.0,0.0
64,18,48,49,28,2,0,2,0,1.0,0.0,0.0,0.0
64,18,48,49,29,3,2,3,0,1.5,0.6666666666666666,0.0,0.6666666666666666
64,18,48,49,31,4,1,5,0,2.2222222222222223,0.25,0.0,0.25
64,18,48,49,32,1,0,9,0,0.9,0.0,0.0,0.0
64,18,48,49,33,6,0,11,0,3.8823529411764706,0.0,0.0,0.0
64,18,48,49,35,1,0,21,0,0.9545454545454546,0.0,0.0,0.0
64,18,56,57,22,2,0,1,0,0.6666666666666666,0.0,0.0,0.0
64,18,56,57,26,4,0,2,0,1.3333333333333333,0.0,0.0,0.0
64,18,56,57,28,2,0,2,0,1.0,0.0,0.0,0.0
64,18,56,57,29,2,1,3,0,1.2,0.5,0.0,0.5
64,18,56,57,31,5,2,4,0,2.2222222222222223,0.4,0.0,0.4
64,18,56,57,33,8,1,8,0,4.0,0.125,0.0,0.125
64,18,56,57,34,3,0,16,0,2.526315789473684,0.0,0.0,0.0
64,18,56,57,35,1,0,21,0,0.9545454545454546,0.0,0.0,0.0
64,18,64,65,27,3,2,1,0,0.75,0.6666666666666666,0.0,0.6666666666666666
64,18,64,65,29,3,1,1,0,0.75,0.3333333333333333,0.0,0.3333333333333333
64,18,64,65,31,2,0,3,0,1.2,0.0,0.0,0.0
64,18,64,65,32,4,0,5,0,2.2222222222222223,0.0,0.0,0.0
64,18,64,65,33,6,4,8,0,3.4285714285714284,0.6666666666666666,0.0,0.6666666666666666
64,18,64,65,34,2,0,14,0,1.75,0.0,0.0,0.0
64,18,64,65,35,5,2,16,0,3.8095238095238093,0.4,0.0,0.4
64,18,64,65,36,2,0,20,0,1.8181818181818181,0.0,0.0,0.0
64,18,64,65,37,2,2,20,0,1.8181818181818181,1.0,0.0,1.0
64,18,64,65,38,2,0,20,0,1.8181818181818181,0.0,0.0,0.0
64,18,64,65,39,2,0,19,0,1.8095238095238095,0.0,0.0,0.0
64,18,64,65,40,2,0,19,0,1.8095238095238095,0.0,0.0,0.0
64,18,64,65,41,2,0,18,0,1.8,0.0,0.0,0.0
64,18,64,65,42,2,0,17,0,1.7894736842105263,0.0,0.0,0.0
64,18,64,65,43,2,0,16,0,1.7777777777777777,0.0,0.0,0.0
64,18,64,65,44,2,0,15,0,1.7647058823529411,0.0,0.0,0.0
64,18,64,65,45,2,0,14,0,1.75,0.0,0.0,0.0
64,18,64,65,46,3,0,13,0,2.4375,0.0,0.0,0.0
64,18,72,73,30,1,0,1,0,0.5,0.0,0.0,0.0
64,18,72,73,31,1,1,2,0,0.6666666666666666,1.0,0.0,1.0
64,18,72,73,32,1,0,3,0,0.75,0.0,0.0,0.0
64,18,72,73,33,6,4,3,0,2.0,0.6666666666666666,0.0,0.6666666666666666
64,18,72,73,34,3,0,7,0,2.1,0.0,0.0,0.0
64,18,72,73,35,11,3,9,0,4.95,0.2727272727272727,0.0,0.2727272727272727
64,18,72,73,36,2,0,18,0,1.8,0.0,0.0,0.0
64,18,72,73,37,2,0,18,0,1.8,0.0,0.0,0.0
64,18,72,73,38,2,0,18,0,1.8,0.0,0.0,0.0
64,18,72,73,39,2,0,17,0,1.7894736842105263,0.0,0.0,0.0
64,18,72,73,40,2,0,17,0,1.7894736842105263,0.0,0.0,0.0
64,18,72,73,41,2,0,16,0,1.7777777777777777,0.0,0.0,0.0
64,18,72,73,42,2,0,15,0,1.7647058823529411,0.0,0.0,0.0
64,18,72,73,43,2,0,14,0,1.75,0.0,0.0,0.0
64,18,72,73,44,2,0,13,0,1.7333333333333334,0.0,0.0,0.0
64,18,72,73,45,3,1,12,0,2.4,0.3333333333333333,0.0,0.3333333333333333
64,18,72,73,46,1,0,12,0,0.9230769230769231,0.0,0.0,0.0
64,18,72,73,47,5,2,10,0,3.3333333333333335,0.4,0.0,0.4
64,18,80,81,31,1,1,1,0,0.5,1.0,0.0,1.0
64,18,80,81,33,4,2,1,0,0.8,0.5,0.0,0.5
64,18,80,81,34,2,0,3,0,1.2,0.0,0.0,0.0
64,18,80,81,35,9,2,2,0,1.6363636363636365,0.2222222222222222,0.0,0.2222222222222222
64,18,80,81,36,6,0,8,0,3.4285714285714284,0.0,0.0,0.0
64,18,80,81,37,7,2,11,0,4.277777777777778,0.2857142857142857,0.0,0.2857142857142857
64,18,80,81,38,2,0,16,0,1.7777777777777777,0.0,0.0,0.0
64,18,80,81,39,2,0,15,0,1.7647058823529411,0.0,0.0,0.0
64,18,80,81,40,2,0,15,0,1.7647058823529411,0.0,0.0,0.0
64,18,80,81,41,2,0,14,0,1.75,0.0,0.0,0.0
64,18,80,81,42,2,0,13,0,1.7333333333333334,0.0,0.0,0.0
64,18,80,81,43,3,1,12,0,2.4,0.3333333333333333,0.0,0.3333333333333333
64,18,80,81,44,2,0,12,0,1.7142857142857142,0.0,0.0,0.0
64,18,80,81,45,4,3,11,0,2.933333333333333,0.75,0.0,0.75
64,18,80,81,46,3,0,11,0,2.357142857142857,0.0,0.0,0.0
64,18,80,81,47,3,0,10,0,2.3076923076923075,0.0,0.0,0.0
64,18,80,81,48,2,0,10,0,1.6666666666666667,0.0,0.0,0.0
64,18,80,81,49,2,0,10,0,1.6666666666666667,0.0,0.0,0.0
64,18,88,89,34,2,0,1,0,0.6666666666666666,0.0,0.0,0.0
64,18,88,89,35,8,3,1,0,0.8888888888888888,0.375,0.0,0.375
64,18,88,89,36,3,0,6,0,2.0,0.0,0.0,0.0
64,18,88,89,37,10,2,5,0,3.3333333333333335,0.2,0.0,0.2
64,18,88,89,38,3,0,11,0,2.357142857142857,0.0,0.0,0.0
64,18,88,89,39,7,2,10,0,4.117647058823529,0.2857142857142857,0.0,0.2857142857142857
64,18,88,89,40,2,0,15,0,1.7647058823529411,0.0,0.0,0.0
64,18,88,89,41,2,1,14,0,1.75,0.5,0.0,0.5
64,18,88,89,42,2,0,13,0,1.7333333333333334,0.0,0.0,0.0
64,18,88,89,43,2,1,12,0,1.7142857142857142,0.5,0.0,0.5
64,18,88,89,44,2,0,11,0,1.6923076923076923,0.0,0.0,0.0
64,18,88,89,45,3,0,10,0,2.3076923076923075,0.0,0.0,0.0
64,18,88,89,46,3,0,9,0,2.25,0.0,0.0,0.0
64,18,88,89,47,3,0,8,0,2.1818181818181817,0.0,0.0,0.0
64,18,88,89,48,2,0,8,0,1.6,0.0,0.0,0.0
64,18,88,89,49,2,0,8,0,1.6,0.0,0.0,0.0
64,18,88,89,50,2,0,8,0,1.6,0.0,0.0,0.0
64,18,96,97,37,6,3,2,0,1.5,0.5,0.0,0.5
64,18,96,97,38,2,0,5,0,1.4285714285714286,0.0,0.0,0.0
64,18,96,97,39,8,3,4,0,2.6666666666666665,0.375,0.0,0.375
64,18,96,97,40,1,0,9,0,0.9,0.0,0.0,0.0
64,18,96,97,41,8,2,6,0,3.4285714285714284,0.25,0.0,0.25
64,18,96,97,42,1,0,11,0,0.9166666666666666,0.0,0.0,0.0
64,18,96,97,43,4,2,9,0,2.769230769230769,0.5,0.0,0.5
64,18,96,97,44,2,0,9,0,1.6363636363636365,0.0,0.0,0.0
64,18,96,97,45,5,2,7,0,2.9166666666666665,0.4,0.0,0.4
64,18,96,97,46,1,0,8,0,0.8888888888888888,0.0,0.0,0.0
64,18,96,97,47,5,2,5,0,2.5,0.4,0.0,0.4
64,18,96,97,48,2,0,7,0,1.5555555555555556,0.0,0.0,0.0
64,18,96,97,49,2,1,7,0,1.5555555555555556,0.5,0.0,0.5
64,18,96,97,50,2,0,7,0,1.5555555555555556,0.0,0.0,0.0
64,18,96,97,51,1,0,7,0,0.875,0.0,0.0,0.0
64,18,104,105,38,2,0,1,0,0.6666666666666666,0.0,0.0,0.0
64,18,104,105,39,4,4,1,0,0.8,1.0,0.0,1.0
64,18,104,105,40,1,0,3,0,0.75,0.0,0.0,0.0
64,18,104,105,41,6,5,1,0,0.8571428571428571,0.8333333333333334,0.0,0.8333333333333334
64,18,104,105,42,1,0,3,0,0.75,0.0,0.0,0.0
64,18,104,105,44,1,0,5,0,0.8333333333333334,0.0,0.0,0.0
64,18,104,105,45,4,2,2,0,1.3333333333333333,0.5,0.0,0.5
64,18,104,105,46,1,0,2,0,0.6666666666666666,0.0,0.0,0.0
64,18,104,105,48,1,0,1,0,0.5,0.0,0.0,0.0
64,18,104,105,49,3,3,1,0,0.75,1.0,0.0,1.0
64,18,104,105,51,3,2,1,0,0.75,0.6666666666666666,0.0,0.6666666666666666
64,18,104,105,52,2,0,2,0,1.0,0.0,0.0,0.0
64,18,104,105,53,3,1,1,0,0.75,0.3333333333333333,0.0,0.3333333333333333
64,18,112,113,46,1,0,1,0,0.5,0.0,0.0,0.0
64,18,120,121,46,1,0,1,0,0.5,0.0,0.0,0.0
64,18,128,129,40,1,0,1,0,0.5,0.0,0.0,0.0
64,18,136,137,40,1,0,1,0,0.5,0.0,0.0,0.0
64,18,136,137,41,2,1,1,0,0.6666666666666666,0.5,0.0,0.5
64,18,144,145,40,1,0,1,0,0.5,0.0,0.0,0.0
64,18,144,145,41,2,0,1,0,0.6666666666666666,0.0,0.0,0.0
64,18,152,153,39,1,0,1,0,0.5,0.0,0.0,0.0
64,18,152,153,40,1,0,2,0,0.6666666666666666,0.0,0.0,0.0
64,18,152,153,41,1,0,2,0,0.6666666666666666,0.0,0.0,0.0
64,18,160,161,39,1,0,1,0,0.5,0.0,0.0,0.0
64,18,160,161,40,1,0,2,0,0.6666666666666666,0.0,0.0,0.0
64,18,160,161,41,1,1,2,0,0.6666666666666666,1.0,0.0,1.0
64,18,168,169,40,1,0,1,0,0.5,0.0,0.0,0.0
64,18,168,169,41,1,1,1,0,0.5,1.0,0.0,1.0
64,19,16,17,14,1,0,9,0,0.9,0.0,0.0,0.0
64,19,24,25,17,7,4,2,0,1.5555555555555556,0.5714285714285714,0.0,0.5714285714285714
64,19,24,25,18,1,0,7,0,0.875,0.0,0.0,0.0
64,19,24,25,19,7,0,7,0,3.5,0.0,0.0,0.0
64,19,32,33,18,2,0,3,0,1.2,0.0,0.0,0.0
64,19,32,33,19,3,1,4,0,1.7142857142857142,0.3333333333333333,0.0,0.3333333333333333
64,19,32,33,20,2,0,5,0,1.4285714285714286,0.0,0.0,0.0
64,19,32,33,21,6,2,5,0,2.727272727272727,0.3333333333333333,0.0,0.3333333333333333
64,19,32,33,22,1,0,10,0,0.9090909090909091,0.0,0.0,0.0
64,19,32,33,23,4,2,10,0,2.857142857142857,0.5,0.0,0.5
64,19,40,41,18,1,0,1,0,0.5,0.0,0.0,0.0
64,19,40,41,19,1,0,2,0,0.6666666666666666,0.0,0.0,0.0
64,19,40,41,20,1,0,2,0,0.6666666666666666,0.0,0.0,0.0
64,19,40,41,21,6,4,2,0,1.5,0.6666666666666666,0.0,0.6666666666666666
64,19,40,41,22,4,0,6,0,2.4,0.0,0.0,0.0
64,19,40,41,23,3,1,9,0,2.25,0.3333333333333333,0.0,0.3333333333333333
64,19,40,41,24,2,0,11,0,1.6923076923076923,0.0,0.0,0.0
64,19,40,41,25,2,0,12,0,1.7142857142857142,0.0,0.0,0.0
64,19,48,49,19,1,0,1,0,0.5,0.0,0.0,0.0
64,19,48,49,20,1,0,1,0,0.5,0.0,0.0,0.0
64,19,48,49,21,1,0,1,0,0.5,0.0,0.0,0.0
64,19,48,49,22,3,0,1,0,0.75,0.0,0.0,0.0
64,19,48,49,23,7,3,3,0,2.1,0.42857142857142855,0.0,0.42857142857142855
64,19,48,49,24,2,0,9,0,1.6363636363636365,0.0,0.0,0.0
64,19,48,49,25,4,2,10,0,2.857142857142857,0.5,0.0,0.5
64,19,56,57,24,1,0,4,0,0.8,0.0,0.0,0.0
64,19,56,57,25,5,0,4,0,2.2222222222222223,0.0,0.0,0.0
64,19,56,57,26,4,0,8,0,2.6666666666666665,0.0,0.0,0.0
64,19,56,57,27,3,1,10,0,2.3076923076923075,0.3333333333333333,0.0,0.3333333333333333
64,19,64,65,26,3,0,4,0,1.7142857142857142,0.0,0.0,0.0
64,19,64,65,27,5,2,5,0,2.5,0.4,0.0,0.4
64,19,64,65,28,2,0,7,0,1.5555555555555556,0.0,0.0,0.0
64,19,64,65,29,3,0,6,0,2.0,0.0,0.0,0.0
64,19,72,73,27,4,2,2,0,1.3333333333333333,0.5,0.0,0.5
64,19,72,73,28,3,0,3,0,1.5,0.0,0.0,0.0
64,19,72,73,29,4,1,3,0,1.7142857142857142,0.25,0.0,0.25
64,19,72,73,30,2,0,4,0,1.3333333333333333,0.0,0.0,0.0
64,19,72,73,31,2,0,3,0,1.2,0.0,0.0,0.0
64,19,80,81,30,3,0,1,0,0.75,0.0,0.0,0.0
64,19,80,81,31,2,0,1,0,0.6666666666666666,0.0,0.0,0.0
64,20,16,17,13,15,12,1,0,0.9375,0.8,0.0,0.8
64,20,24,25,16,4,0,6,0,2.4,0.0,0.0,0.0
64,20,24,25,17,2,0,7,0,1.5555555555555556,0.0,0.0,0.0
64,20,40,41,19,4,0,1,0,0.8,0.0,0.0,0.0
64,21,16,17,14,1,0,14,0,0.9333333333333333,0.0,0.0,0.0
64,21,24,25,16,3,0,3,0,1.5,0.0,0.0,0.0
64,21,24,25,17,4,0,4,0,2.0,0.0,0.0,0.0
64,21,32,33,18,3,0,4,0,1.7142857142857142,0.0,0.0,0.0
64,21,40,41,20,2,0,3,0,1.2,0.0,0.0,0.0
64,21,40,41,24,1,0,1,0,0.5,0.0,0.0,0.0
64,21,40,41,27,4,2,1,0,0.8,0.5,0.0,0.5
64,21,40,41,29,1,1,7,0,0.875,1.0,0.0,1.0
64,21,48,49,23,1,0,2,0,0.6666666666666666,0.0,0.0,0.0
64,21,48,49,27,2,1,1,0,0.6666666666666666,0.5,0.0,0.5
64,21,48,49,28,2,0,1,0,0.6666666666666666,0.0,0.0,0.0
64,21,48,49,29,4,2,1,0,0.8,0.5,0.0,0.5
64,21,48,49,31,5,3,5,0,2.5,0.6,0.0,0.6
64,21,56,57,28,1,0,2,0,0.6666666666666666,0.0,0.0,0.0
64,21,56,57,29,5,3,1,0,0.8333333333333334,0.6,0.0,0.6
64,21,56,57,31,4,2,5,0,2.2222222222222223,0.5,0.0,0.5
64,21,56,57,33,4,1,8,0,2.6666666666666665,0.25,0.0,0.25
64,21,64,65,31,4,2,4,0,2.0,0.5,0.0,0.5
64,21,64,65,33,4,2,8,0,2.6666666666666665,0.5,0.0,0.5
64,21,64,65,51,1,0,1,1,0.5,0.0,1.0,-1.0
64,21,64,65,54,1,0,4,0,0.8,0.0,0.0,0.0
64,21,64,65,55,2,1,6,0,1.5,0.5,0.0,0.5
64,21,72,73,32,2,0,2,0,1.0,0.0,0.0,0.0
64,21,72,73,33,6,3,2,0,1.5,0.5,0.0,0.5
64,21,72,73,35,6,4,8,0,3.4285714285714284,0.6666666666666666,0.0,0.6666666666666666
64,21,72,73,50,1,0,1,0,0.5,0.0,0.0,0.0
64,21,72,73,53,2,1,1,0,0.6666666666666666,0.5,0.0,0.5
64,21,72,73,54,1,0,3,0,0.75,0.0,0.0,0.0
64,21,72,73,55,2,1,5,0,1.4285714285714286,0.5,0.0,0.5
64,21,72,73,56,1,0,8,0,0.8888888888888888,0.0,0.0,0.0
64,21,72,73,57,1,0,10,1,0.9090909090909091,0.0,0.1,-0.1
64,21,72,73,58,1,0,12,0,0.9230769230769231,0.0,0.0,0.0
64,21,72,73,59,1,0,14,0,0.9333333333333333,0.0,0.0,0.0
64,21,72,73,60,1,0,16,0,0.9411764705882353,0.0,0.0,0.0
64,21,72,73,61,2,1,18,0,1.8,0.5,0.0,0.5
64,21,80,81,33,2,2,1,0,0.6666666666666666,1.0,0.0,1.0
64,21,80,81,34,2,0,2,0,1.0,0.0,0.0,0.0
64,21,80,81,35,4,2,3,0,1.7142857142857142,0.5,0.0,0.5
64,21,80,81,36,3,0,5,0,1.875,0.0,0.0,0.0
64,21,80,81,37,9,3,6,0,3.6,0.3333333333333333,0.0,0.3333333333333333
64,21,80,81,38,2,0,14,0,1.75,0.0,0.0,0.0
64,21,80,81,55,3,0,1,0,0.75,0.0,0.0,0.0
64,21,80,81,56,3,0,3,0,1.5,0.0,0.0,0.0
64,21,80,81,57,3,0,5,0,1.875,0.0,0.0,0.0
64,21,80,81,58,3,0,7,0,2.1,0.0,0.0,0.0
64,21,80,81,59,3,0,9,0,2.25,0.0,0.0,0.0
64,21,80,81,60,3,0,11,0,2.357142857142857,0.0,0.0,0.0
64,21,80,81,61,3,0,13,0,2.4375,0.0,0.0,0.0
64,21,80,81,62,5,0,15,0,3.75,0.0,0.0,0.0
64,21,80,81,63,4,0,18,0,3.272727272727273,0.0,0.0,0.0
64,21,80,81,64,4,0,22,0,3.3846153846153846,0.0,0.0,0.0
64,21,80,81,65,4,0,26,0,3.466666666666667,0.0,0.0,0.0
64,21,80,81,66,3,0,30,0,2.727272727272727,0.0,0.0,0.0
64,21,80,81,67,2,0,33,0,1.8857142857142857,0.0,0.0,0.0
64,21,80,81,68,1,0,35,0,0.9722222222222222,0.0,0.0,0.0
64,21,88,89,35,1,1,1,0,0.5,1.0,0.0,1.0
64,21,88,89,36,1,0,2,0,0.6666666666666666,0.0,0.0,0.0
64,21,88,89,37,6,2,2,0,1.5,0.3333333333333333,0.0,0.3333333333333333
64,21,88,89,38,5,0,5,0,2.5,0.0,0.0,0.0
64,21,88,89,39,6,3,8,0,3.4285714285714284,0.5,0.0,0.5
64,21,88,89,40,2,0,11,0,1.6923076923076923,0.0,0.0,0.0
64,21,88,89,56,3,0,1,0,0.75,0.0,0.0,0.0
64,21,88,89,57,3,0,3,0,1.5,0.0,0.0,0.0
64,21,88,89,58,3,0,5,0,1.875,0.0,0.0,0.0
64,21,88,89,59,3,0,7,0,2.1,0.0,0.0,0.0
64,21,88,89,60,3,0,9,0,2.25,0.0,0.0,0.0
64,21,88,89,61,4,0,11,0,2.933333333333333,0.0,0.0,0.0
64,21,88,89,62,4,0,13,0,3.0588235294117645,0.0,0.0,0.0
64,21,88,89,63,5,0,15,0,3.75,0.0,0.0,0.0
64,21,88,89,64,4,0,20,0,3.3333333333333335,0.0,0.0,0.0
64,21,88,89,65,4,0,24,0,3.4285714285714284,0.0,0.0,0.0
64,21,88,89,66,3,0,28,0,2.7096774193548385,0.0,0.0,0.0
64,21,88,89,67,2,0,31,0,1.878787878787879,0.0,0.0,0.0
64,21,88,89,68,2,0,33,0,1.8857142857142857,0.0,0.0,0.0
64,21,88,89,69,1,0,34,0,0.9714285714285714,0.0,0.0,0.0
64,21,96,97,37,1,0,1,0,0.5,0.0,0.0,0.0
64,21,96,97,38,4,0,1,0,0.8,0.0,0.0,0.0
64,21,96,97,39,4,2,3,0,1.7142857142857142,0.5,0.0,0.5
64,21,96,97,40,2,0,4,0,1.3333333333333333,0.0,0.0,0.0
64,21,96,97,41,5,2,3,0,1.875,0.4,0.0,0.4
64,21,96,97,42,3,0,6,0,2.0,0.0,0.0,0.0
64,21,96,97,43,2,0,7,0,1.5555555555555556,0.0,0.0,0.0
64,21,96,97,57,3,1,2,0,1.2,0.3333333333333333,0.0,0.3333333333333333
64,21,96,97,58,3,0,4,0,1.7142857142857142,0.0,0.0,0.0
64,21,96,97,59,3,0,6,0,2.0,0.0,0.0,0.0
64,21,96,97,60,4,0,8,0,2.6666666666666665,0.0,0.0,0.0
64,21,96,97,61,4,0,10,0,2.857142857142857,0.0,0.0,0.0
64,21,96,97,62,4,0,12,0,3.0,0.0,0.0,0.0
64,21,96,97,63,6,0,14,0,4.2,0.0,0.0,0.0
64,21,96,97,64,4,1,20,0,3.3333333333333335,0.25,0.0,0.25
64,21,96,97,65,4,1,24,0,3.4285714285714284,0.25,0.0,0.25
64,21,96,97,66,2,0,28,0,1.8666666666666667,0.0,0.0,0.0
64,21,96,97,67,2,0,31,0,1.878787878787879,0.0,0.0,0.0
64,21,96,97,68,2,1,33,0,1.8857142857142857,0.5,0.0,0.5
64,21,96,97,69,1,0,34,0,0.9714285714285714,0.0,0.0,0.0
64,21,104,105,37,1,0,1,0,0.5,0.0,0.0,0.0
64,21,104,105,38,2,0,1,0,0.6666666666666666,0.0,0.0,0.0
64,21,104,105,39,4,0,1,0,0.8,0.0,0.0,0.0
64,21,104,105,40,2,0,2,0,1.0,0.0,0.0,0.0
64,21,104,105,41,2,0,1,0,0.6666666666666666,0.0,0.0,0.0
64,21,104,105,42,2,0,1,0,0.6666666666666666,0.0,0.0,0.0
64,21,104,105,43,4,2,1,0,0.8,0.5,0.0,0.5
64,21,104,105,45,6,3,1,0,0.8571428571428571,0.5,0.0,0.5
64,21,104,105,57,2,0,1,0,0.6666666666666666,0.0,0.0,0.0
64,21,104,105,58,2,0,3,0,1.2,0.0,0.0,0.0
64,21,104,105,59,4,2,5,0,2.2222222222222223,0.5,0.0,0.5
64,21,104,105,60,4,0,7,0,2.5454545454545454,0.0,0.0,0.0
64,21,104,105,61,4,1,9,0,2.769230769230769,0.25,0.0,0.25
64,21,104,105,62,4,0,11,0,2.933333333333333,0.0,0.0,0.0
64,21,104,105,63,6,1,13,0,4.105263157894737,0.16666666666666666,0.0,0.16666666666666666
64,21,104,105,64,4,0,19,0,3.3043478260869565,0.0,0.0,0.0
64,21,104,105,65,4,1,23,0,3.4074074074074074,0.25,0.0,0.25
64,21,104,105,66,2,0,27,0,1.8620689655172413,0.0,0.0,0.0
64,21,104,105,67,2,0,30,0,1.875,0.0,0.0,0.0
64,21,104,105,68,2,0,32,0,1.8823529411764706,0.0,0.0,0.0
64,21,104,105,69,2,0,33,0,1.8857142857142857,0.0,0.0,0.0
64,21,112,113,37,1,0,1,0,0.5,0.0,0.0,0.0
64,21,112,113,40,2,0,1,0,0.6666666666666666,0.0,0.0,0.0
64,21,112,113,42,2,0,1,0,0.6666666666666666,0.0,0.0,0.0
64,21,112,113,43,2,0,1,0,0.6666666666666666,0.0,0.0,0.0
64,21,112,113,44,2,0,1,0,0.6666666666666666,0.0,0.0,0.0
64,21,112,113,45,2,0,1,0,0.6666666666666666,0.0,0.0,0.0
64,21,112,113,46,2,0,1,0,0.6666666666666666,0.0,0.0,0.0
64,21,112,113,47,2,0,1,0,0.6666666666666666,0.0,0.0,0.0
64,21,112,113,48,2,0,1,0,0.6666666666666666,0.0,0.0,0.0
64,21,112,113,49,2,0,1,0,0.6666666666666666,0.0,0.0,0.0
64,21,112,113,57,1,1,1,0,0.5,1.0,0.0,1.0
64,21,112,113,58,2,0,2,0,1.0,0.0,0.0,0.0
64,21,112,113,59,3,2,3,0,1.5,0.6666666666666666,0.0,0.6666666666666666
64,21,112,113,60,2,0,4,0,1.3333333333333333,0.0,0.0,0.0
64,21,112,113,61,5,3,4,0,2.2222222222222223,0.6,0.0,0.6
64,21,112,113,62,2,0,6,0,1.5,0.0,0.0,0.0
64,21,112,113,63,6,2,6,0,3.0,0.3333333333333333,0.0,0.3333333333333333
64,21,112,113,64,3,0,11,0,2.357142857142857,0.0,0.0,0.0
64,21,112,113,65,4,2,14,0,3.111111111111111,0.5,0.0,0.5
64,21,112,113,66,2,0,18,0,1.8,0.0,0.0,0.0
64,21,112,113,67,3,1,20,0,2.608695652173913,0.3333333333333333,0.0,0.3333333333333333
64,21,112,113,68,2,0,22,0,1.8333333333333333,0.0,0.0,0.0
64,21,112,113,69,6,5,23,0,4.758620689655173,0.8333333333333334,0.0,0.8333333333333334
64,21,112,113,70,1,0,26,0,0.9629629629629629,0.0,0.0,0.0
64,21,112,113,71,8,5,25,0,6.0606060606060606,0.625,0.0,0.625
64,21,120,121,46,2,0,1,0,0.6666666666666666,0.0,0.0,0.0
64,21,120,121,47,2,0,1,0,0.6666666666666666,0.0,0.0,0.0
64,21,120,121,48,2,0,1,0,0.6666666666666666,0.0,0.0,0.0
64,21,120,121,49,2,0,1,0,0.6666666666666666,0.0,0.0,0.0
64,21,120,121,58,2,0,1,0,0.6666666666666666,0.0,0.0,0.0
64,21,120,121,59,2,0,2,0,1.0,0.0,0.0,0.0
64,21,120,121,60,2,0,3,0,1.2,0.0,0.0,0.0
64,21,120,121,61,2,0,4,0,1.3333333333333333,0.0,0.0,0.0
64,21,120,121,62,2,0,5,0,1.4285714285714286,0.0,0.0,0.0
64,21,120,121,63,3,0,6,0,2.0,0.0,0.0,0.0
64,21,120,121,64,2,0,10,0,1.6666666666666667,0.0,0.0,0.0
64,21,120,121,65,3,0,13,0,2.4375,0.0,0.0,0.0
64,21,120,121,66,2,0,16,0,1.7777777777777777,0.0,0.0,0.0
64,21,120,121,67,1,0,19,0,0.95,0.0,0.0,0.0
64,21,120,121,68,1,0,21,0,0.9545454545454546,0.0,0.0,0.0
64,21,120,121,69,1,0,22,0,0.9565217391304348,0.0,0.0,0.0
64,21,120,121,70,1,0,23,0,0.9583333333333334,0.0,0.0,0.0
64,21,120,121,75,1,1,20,0,0.9523809523809523,1.0,0.0,1.0
64,21,120,121,77,2,2,17,0,1.7894736842105263,1.0,0.0,1.0
64,21,120,121,78,2,0,14,0,1.75,0.0,0.0,0.0
64,21,128,129,58,1,0,1,0,0.5,0.0,0.0,0.0
64,21,128,129,59,2,0,1,0,0.6666666666666666,0.0,0.0,0.0
64,21,128,129,60,2,0,2,0,1.0,0.0,0.0,0.0
64,21,128,129,61,2,0,3,0,1.2,0.0,0.0,0.0
64,21,128,129,62,2,0,4,0,1.3333333333333333,0.0,0.0,0.0
64,21,128,129,63,2,0,5,0,1.4285714285714286,0.0,0.0,0.0
64,21,128,129,64,5,0,6,0,2.727272727272727,0.0,0.0,0.0
64,21,128,129,65,3,1,12,0,2.4,0.3333333333333333,0.0,0.3333333333333333
64,21,128,129,66,2,0,15,0,1.7647058823529411,0.0,0.0,0.0
64,21,128,129,67,2,1,18,0,1.8,0.5,0.0,0.5
64,21,128,129,69,2,1,21,0,1.826086956521739,0.5,0.0,0.5
64,21,128,129,70,1,0,23,0,0.9583333333333334,0.0,0.0,0.0
64,21,136,137,60,1,0,1,0,0.5,0.0,0.0,0.0
64,21,136,137,61,2,1,1,0,0.6666666666666666,0.5,0.0,0.5
64,21,136,137,62,1,0,2,0,0.6666666666666666,0.0,0.0,0.0
64,21,136,137,63,3,2,2,0,1.2,0.6666666666666666,0.0,0.6666666666666666
64,21,136,137,64,4,2,4,0,2.0,0.5,0.0,0.5
64,21,136,137,65,6,2,7,0,3.230769230769231,0.3333333333333333,0.0,0.3333333333333333
64,21,136,137,66,1,0,14,0,0.9333333333333333,0.0,0.0,0.0
64,21,136,137,67,2,1,16,0,1.7777777777777777,0.5,0.0,0.5
64,21,136,137,68,1,0,19,0,0.95,0.0,0.0,0.0
64,21,136,137,69,1,1,20,0,0.9523809523809523,1.0,0.0,1.0
64,21,136,137,70,1,0,21,0,0.9545454545454546,0.0,0.0,0.0
64,21,136,137,71,2,0,22,0,1.8333333333333333,0.0,0.0,0.0
64,21,136,137,77,1,0,17,0,0.9444444444444444,0.0,0.0,0.0
64,21,144,145,66,5,2,2,0,1.4285714285714286,0.4,0.0,0.4
64,21,144,145,67,3,1,6,0,2.0,0.3333333333333333,0.0,0.3333333333333333
64,21,144,145,68,2,0,8,0,1.6,0.0,0.0,0.0
64,21,144,145,69,2,0,9,0,1.6363636363636365,0.0,0.0,0.0
64,21,144,145,70,2,0,10,0,1.6666666666666667,0.0,0.0,0.0
64,21,144,145,71,3,1,11,0,2.357142857142857,0.3333333333333333,0.0,0.3333333333333333
64,21,144,145,72,3,0,11,0,2.357142857142857,0.0,0.0,0.0
64,21,144,145,73,6,3,11,0,3.8823529411764706,0.5,0.0,0.5
64,21,144,145,74,2,0,13,0,1.7333333333333334,0.0,0.0,0.0
64,21,144,145,75,9,5,11,0,4.95,0.5555555555555556,0.0,0.5555555555555556
64,21,144,145,76,3,0,16,0,2.526315789473684,0.0,0.0,0.0
64,21,144,145,77,4,2,14,0,3.111111111111111,0.5,0.0,0.5
64,21,144,145,78,1,0,14,0,0.9333333333333333,0.0,0.0,0.0
64,21,152,153,67,2,0,4,0,1.3333333333333333,0.0,0.0,0.0
64,21,152,153,68,2,0,6,0,1.5,0.0,0.0,0.0
64,21,152,153,69,2,0,7,0,1.5555555555555556,0.0,0.0,0.0
64,21,152,153,70,2,0,8,0,1.6,0.0,0.0,0.0
64,21,152,153,71,3,1,9,0,2.25,0.3333333333333333,0.0,0.3333333333333333
64,21,152,153,72,2,0,10,0,1.6666666666666667,0.0,0.0,0.0
64,21,152,153,73,4,2,10,0,2.857142857142857,0.5,0.0,0.5
64,21,152,153,74,3,0,10,0,2.3076923076923075,0.0,0.0,0.0
64,21,152,153,75,7,3,10,0,4.117647058823529,0.42857142857142855,0.0,0.42857142857142855
64,21,152,153,76,3,0,13,0,2.4375,0.0,0.0,0.0
64,21,152,153,77,6,1,12,0,4.0,0.16666666666666666,0.0,0.16666666666666666
64,21,152,153,78,2,0,12,0,1.7142857142857142,0.0,0.0,0.0
64,21,152,153,79,2,1,9,0,1.6363636363636365,0.5,0.0,0.5
64,21,160,161,67,3,1,2,0,1.2,0.3333333333333333,0.0,0.3333333333333333
64,21,160,161,68,2,0,5,0,1.4285714285714286,0.0,0.0,0.0
64,21,160,161,69,3,1,6,0,2.0,0.3333333333333333,0.0,0.3333333333333333
64,21,160,161,70,2,0,8,0,1.6,0.0,0.0,0.0
64,21,160,161,71,2,0,9,0,1.6363636363636365,0.0,0.0,0.0
64,21,160,161,72,2,0,9,0,1.6363636363636365,0.0,0.0,0.0
64,21,160,161,73,6,2,9,0,3.6,0.3333333333333333,0.0,0.3333333333333333
64,21,160,161,74,5,0,11,0,3.4375,0.0,0.0,0.0
64,21,160,161,75,9,3,10,0,4.7368421052631575,0.3333333333333333,0.0,0.3333333333333333
64,21,160,161,76,5,0,10,0,3.3333333333333335,0.0,0.0,0.0
64,21,160,161,77,6,2,10,0,3.75,0.3333333333333333,0.0,0.3333333333333333
64,21,160,161,78,4,0,9,0,2.769230769230769,0.0,0.0,0.0
64,21,160,161,79,1,1,9,0,0.9,1.0,0.0,1.0
64,21,160,161,81,1,0,5,0,0.8333333333333334,0.0,0.0,0.0
64,21,168,169,67,2,0,2,0,1.0,0.0,0.0,0.0
64,21,168,169,68,2,0,4,0,1.3333333333333333,0.0,0.0,0.0
64,21,168,169,69,3,0,5,0,1.875,0.0,0.0,0.0
64,21,168,169,70,2,0,7,0,1.5555555555555556,0.0,0.0,0.0
64,21,168,169,71,7,2,8,0,3.7333333333333334,0.2857142857142857,0.0,0.2857142857142857
64,21,168,169,72,5,0,11,0,3.4375,0.0,0.0,0.0
64,21,168,169,73,6,0,12,0,4.0,0.0,0.0,0.0
64,21,168,169,74,6,0,12,0,4.0,0.0,0.0,0.0
64,21,168,169,75,9,3,10,0,4.7368421052631575,0.3333333333333333,0.0,0.3333333333333333
64,21,168,169,76,6,0,10,0,3.75,0.0,0.0,0.0
64,21,168,169,77,6,1,11,0,3.8823529411764706,0.16666666666666666,0.0,0.16666666666666666
64,21,168,169,78,6,0,9,0,3.6,0.0,0.0,0.0
64,21,168,169,79,1,0,9,0,0.9,0.0,0.0,0.0
64,21,168,169,81,1,0,5,0,0.8333333333333334,0.0,0.0,0.0
64,21,176,177,67,2,0,2,0,1.0,0.0,0.0,0.0
64,21,176,177,68,2,0,4,0,1.3333333333333333,0.0,0.0,0.0
64,21,176,177,69,4,1,5,0,2.2222222222222223,0.25,0.0,0.25
64,21,176,177,70,3,0,7,0,2.1,0.0,0.0,0.0
64,21,176,177,71,8,3,8,0,4.0,0.375,0.0,0.375
64,21,176,177,72,5,0,12,0,3.5294117647058822,0.0,0.0,0.0
64,21,176,177,73,6,1,13,0,4.105263157894737,0.16666666666666666,0.0,0.16666666666666666
64,21,176,177,74,4,0,15,0,3.1578947368421053,0.0,0.0,0.0
64,21,176,177,75,6,2,14,0,4.2,0.3333333333333333,0.0,0.3333333333333333
64,21,176,177,76,5,0,14,0,3.6842105263157894,0.0,0.0,0.0
64,21,176,177,77,5,1,13,0,3.611111111111111,0.2,0.0,0.2
64,21,176,177,78,2,0,12,0,1.7142857142857142,0.0,0.0,0.0
64,21,176,177,79,2,0,9,1,1.6363636363636365,0.0,0.1111111111111111,-0.1111111111111111
64,21,176,177,82,2,0,3,0,1.2,0.0,0.0,0.0
64,21,176,177,83,3,1,3,0,1.5,0.3333333333333333,0.0,0.3333333333333333
64,21,176,177,85,3,1,3,0,1.5,0.3333333333333333,0.0,0.3333333333333333
64,21,176,177,87,2,0,5,0,1.4285714285714286,0.0,0.0,0.0
64,21,176,177,88,2,0,6,0,1.5,0.0,0.0,0.0
64,21,176,177,89,2,0,8,0,1.6,0.0,0.0,0.0
64,21,176,177,90,2,0,9,0,1.6363636363636365,0.0,0.0,0.0
64,21,176,177,91,2,0,12,0,1.7142857142857142,0.0,0.0,0.0
64,21,176,177,92,2,1,15,0,1.7647058823529411,0.5,0.0,0.5
64,21,176,177,93,2,1,18,0,1.8,0.5,0.0,0.5
64,21,176,177,94,3,1,21,0,2.625,0.3333333333333333,0.0,0.3333333333333333
64,21,184,185,67,2,0,2,0,1.0,0.0,0.0,0.0
64,21,184,185,68,2,0,4,0,1.3333333333333333,0.0,0.0,0.0
64,21,184,185,69,3,1,5,0,1.875,0.3333333333333333,0.0,0.3333333333333333
64,21,184,185,70,4,0,6,0,2.4,0.0,0.0,0.0
64,21,184,185,71,8,1,7,0,3.7333333333333334,0.125,0.0,0.125
64,21,184,185,72,6,0,11,0,3.8823529411764706,0.0,0.0,0.0
64,21,184,185,73,6,1,13,0,4.105263157894737,0.16666666666666666,0.0,0.16666666666666666
64,21,184,185,74,4,0,15,0,3.1578947368421053,0.0,0.0,0.0
64,21,184,185,75,6,2,14,0,4.2,0.3333333333333333,0.0,0.3333333333333333
64,21,184,185,76,5,0,14,0,3.6842105263157894,0.0,0.0,0.0
64,21,184,185,77,5,2,13,0,3.611111111111111,0.4,0.0,0.4
64,21,184,185,78,2,0,12,0,1.7142857142857142,0.0,0.0,0.0
64,21,184,185,79,2,0,9,1,1.6363636363636365,0.0,0.1111111111111111,-0.1111111111111111
64,21,184,185,83,1,0,2,0,0.6666666666666666,0.0,0.0,0.0
64,21,184,185,84,1,0,2,0,0.6666666666666666,0.0,0.0,0.0
64,21,184,185,85,1,0,2,0,0.6666666666666666,0.0,0.0,0.0
64,21,184,185,86,1,0,3,0,0.75,0.0,0.0,0.0
64,21,184,185,87,1,0,4,0,0.8,0.0,0.0,0.0
64,21,184,185,88,2,1,5,0,1.4285714285714286,0.5,0.0,0.5
64,21,184,185,89,1,0,7,0,0.875,0.0,0.0,0.0
64,21,184,185,90,1,0,8,0,0.8888888888888888,0.0,0.0,0.0
64,21,184,185,91,1,0,11,0,0.9166666666666666,0.0,0.0,0.0
64,21,184,185,92,1,0,14,0,0.9333333333333333,0.0,0.0,0.0
64,21,184,185,93,1,0,17,0,0.9444444444444444,0.0,0.0,0.0
64,21,184,185,94,1,0,20,0,0.9523809523809523,0.0,0.0,0.0
64,21,184,185,95,1,0,22,0,0.9565217391304348,0.0,0.0,0.0
64,21,184,185,96,1,0,24,0,0.96,0.0,0.0,0.0
64,21,192,193,67,2,0,2,0,1.0,0.0,0.0,0.0
64,21,192,193,68,2,0,4,0,1.3333333333333333,0.0,0.0,0.0
64,21,192,193,69,4,1,5,0,2.2222222222222223,0.25,0.0,0.25
64,21,192,193,70,4,0,6,0,2.4,0.0,0.0,0.0
64,21,192,193,71,10,2,7,0,4.117647058823529,0.2,0.0,0.2
64,21,192,193,72,3,0,13,0,2.4375,0.0,0.0,0.0
64,21,192,193,73,6,1,12,0,4.0,0.16666666666666666,0.0,0.16666666666666666
64,21,192,193,74,4,0,14,0,3.111111111111111,0.0,0.0,0.0
64,21,192,193,75,6,2,13,0,4.105263157894737,0.3333333333333333,0.0,0.3333333333333333
64,21,192,193,76,2,0,13,0,1.7333333333333334,0.0,0.0,0.0
64,21,192,193,77,7,2,10,0,4.117647058823529,0.2857142857142857,0.0,0.2857142857142857
64,21,192,193,78,2,0,11,0,1.6923076923076923,0.0,0.0,0.0
64,21,192,193,79,3,0,8,1,2.1818181818181817,0.0,0.125,-0.125
64,21,192,193,84,1,0,1,0,0.5,0.0,0.0,0.0
64,21,192,193,85,1,0,1,0,0.5,0.0,0.0,0.0
64,21,192,193,86,2,0,2,0,1.0,0.0,0.0,0.0
64,21,192,193,87,1,0,4,0,0.8,0.0,0.0,0.0
64,21,192,193,88,1,0,5,0,0.8333333333333334,0.0,0.0,0.0
64,21,192,193,89,2,1,6,0,1.5,0.5,0.0,0.5
64,21,192,193,90,1,0,8,0,0.8888888888888888,0.0,0.0,0.0
64,21,192,193,92,1,0,13,0,0.9285714285714286,0.0,0.0,0.0
64,21,192,193,93,1,0,16,0,0.9411764705882353,0.0,0.0,0.0
64,21,192,193,94,1,0,19,0,0.95,0.0,0.0,0.0
64,21,192,193,95,1,0,21,0,0.9545454545454546,0.0,0.0,0.0
64,21,192,193,96,1,0,23,0,0.9583333333333334,0.0,0.0,0.0
64,21,192,193,97,1,0,24,0,0.96,0.0,0.0,0.0
64,21,200,201,67,3,1,2,0,1.2,0.3333333333333333,0.0,0.3333333333333333
64,21,200,201,68,3,0,4,0,1.7142857142857142,0.0,0.0,0.0
64,21,200,201,69,6,3,5,0,2.727272727272727,0.5,0.0,0.5
64,21,200,201,70,3,0,7,0,2.1,0.0,0.0,0.0
64,21,200,201,71,10,2,7,0,4.117647058823529,0.2,0.0,0.2
64,21,200,201,72,4,0,13,0,3.0588235294117645,0.0,0.0,0.0
64,21,200,201,73,4,0,13,0,3.0588235294117645,0.0,0.0,0.0
64,21,200,201,74,3,0,13,0,2.4375,0.0,0.0,0.0
64,21,200,201,75,4,0,12,0,3.0,0.0,0.0,0.0
64,21,200,201,76,2,0,12,0,1.7142857142857142,0.0,0.0,0.0
64,21,200,201,77,7,2,9,0,3.9375,0.2857142857142857,0.0,0.2857142857142857
64,21,200,201,78,3,0,10,0,2.3076923076923075,0.0,0.0,0.0
64,21,200,201,79,3,0,8,1,2.1818181818181817,0.0,0.125,-0.125
64,21,200,201,84,1,0,1,0,0.5,0.0,0.0,0.0
64,21,200,201,85,1,0,1,0,0.5,0.0,0.0,0.0
64,21,200,201,86,1,0,2,0,0.6666666666666666,0.0,0.0,0.0
64,21,200,201,87,1,0,3,0,0.75,0.0,0.0,0.0
64,21,200,201,88,1,0,4,0,0.8,0.0,0.0,0.0
64,21,200,201,89,1,0,5,0,0.8333333333333334,0.0,0.0,0.0
64,21,200,201,90,2,0,6,0,1.5,0.0,0.0,0.0
64,21,200,201,91,1,0,10,0,0.9090909090909091,0.0,0.0,0.0
64,21,200,201,92,1,0,13,0,0.9285714285714286,0.0,0.0,0.0
64,21,200,201,93,1,0,16,0,0.9411764705882353,0.0,0.0,0.0
64,21,200,201,94,1,0,19,0,0.95,0.0,0.0,0.0
64,21,200,201,95,1,0,21,0,0.9545454545454546,0.0,0.0,0.0
64,21,200,201,96,1,0,23,0,0.9583333333333334,0.0,0.0,0.0
64,21,200,201,97,1,0,24,0,0.96,0.0,0.0,0.0
64,21,208,209,67,3,0,2,0,1.2,0.0,0.0,0.0
64,21,208,209,68,3,0,4,0,1.7142857142857142,0.0,0.0,0.0
64,21,208,209,69,6,2,5,0,2.727272727272727,0.3333333333333333,0.0,0.3333333333333333
64,21,208,209,70,3,0,8,0,2.1818181818181817,0.0,0.0,0.0
64,21,208,209,71,9,2,8,0,4.235294117647059,0.2222222222222222,0.0,0.2222222222222222
64,21,208,209,72,4,0,13,0,3.0588235294117645,0.0,0.0,0.0
64,21,208,209,73,4,0,13,0,3.0588235294117645,0.0,0.0,0.0
64,21,208,209,74,3,0,13,0,2.4375,0.0,0.0,0.0
64,21,208,209,75,4,0,12,0,3.0,0.0,0.0,0.0
64,21,208,209,76,2,0,12,0,1.7142857142857142,0.0,0.0,0.0
64,21,208,209,77,7,2,9,0,3.9375,0.2857142857142857,0.0,0.2857142857142857
64,21,208,209,78,3,0,10,0,2.3076923076923075,0.0,0.0,0.0
64,21,208,209,79,3,0,8,1,2.1818181818181817,0.0,0.125,-0.125
64,21,208,209,86,1,0,1,0,0.5,0.0,0.0,0.0
64,21,208,209,87,2,0,2,0,1.0,0.0,0.0,0.0
64,21,208,209,88,1,0,4,0,0.8,0.0,0.0,0.0
64,21,208,209,89,1,0,5,0,0.8333333333333334,0.0,0.0,0.0
64,21,208,209,90,2,0,6,0,1.5,0.0,0.0,0.0
64,21,208,209,91,1,0,10,0,0.9090909090909091,0.0,0.0,0.0
64,21,208,209,92,1,0,13,0,0.9285714285714286,0.0,0.0,0.0
64,21,208,209,93,1,0,16,0,0.9411764705882353,0.0,0.0,0.0
64,21,208,209,94,1,0,19,0,0.95,0.0,0.0,0.0
64,21,208,209,95,1,0,21,0,0.9545454545454546,0.0,0.0,0.0
64,21,208,209,96,1,0,23,0,0.9583333333333334,0.0,0.0,0.0
64,21,208,209,97,1,0,24,0,0.96,0.0,0.0,0.0
64,21,216,217,67,4,1,1,0,0.8,0.25,0.0,0.25
64,21,216,217,68,3,0,4,0,1.7142857142857142,0.0,0.0,0.0
64,21,216,217,69,6,2,5,0,2.727272727272727,0.3333333333333333,0.0,0.3333333333333333
64,21,216,217,70,3,0,8,0,2.1818181818181817,0.0,0.0,0.0
64,21,216,217,71,9,2,8,0,4.235294117647059,0.2222222222222222,0.0,0.2222222222222222
64,21,216,217,72,4,0,13,0,3.0588235294117645,0.0,0.0,0.0
64,21,216,217,73,4,0,13,0,3.0588235294117645,0.0,0.0,0.0
64,21,216,217,74,3,0,13,0,2.4375,0.0,0.0,0.0
64,21,216,217,75,4,0,12,0,3.0,0.0,0.0,0.0
64,21,216,217,76,2,0,12,0,1.7142857142857142,0.0,0.0,0.0
64,21,216,217,77,6,1,9,0,3.6,0.16666666666666666,0.0,0.16666666666666666
64,21,216,217,78,5,0,8,0,3.076923076923077,0.0,0.0,0.0
64,21,216,217,79,3,0,8,0,2.1818181818181817,0.0,0.0,0.0
64,21,216,217,86,2,0,1,0,0.6666666666666666,0.0,0.0,0.0
64,21,216,217,87,1,0,3,0,0.75,0.0,0.0,0.0
64,21,216,217,88,1,0,4,0,0.8,0.0,0.0,0.0
64,21,216,217,89,1,0,5,0,0.8333333333333334,0.0,0.0,0.0
64,21,216,217,90,2,0,6,0,1.5,0.0,0.0,0.0
64,21,216,217,91,1,0,10,0,0.9090909090909091,0.0,0.0,0.0
64,21,216,217,92,1,0,13,0,0.9285714285714286,0.0,0.0,0.0
64,21,216,217,93,1,0,16,0,0.9411764705882353,0.0,0.0,0.0
64,21,216,217,94,1,0,19,0,0.95,0.0,0.0,0.0
64,21,216,217,95,1,0,21,0,0.9545454545454546,0.0,0.0,0.0
64,21,216,217,96,1,0,23,0,0.9583333333333334,0.0,0.0,0.0
64,21,216,217,97,1,0,24,0,0.96,0.0,0.0,0.0
64,21,224,225,68,3,0,3,0,1.5,0.0,0.0,0.0
64,21,224,225,69,6,2,4,0,2.4,0.3333333333333333,0.0,0.3333333333333333
64,21,224,225,70,4,0,7,0,2.5454545454545454,0.0,0.0,0.0
64,21,224,225,71,9,2,8,0,4.235294117647059,0.2222222222222222,0.0,0.2222222222222222
64,21,224,225,72,4,0,13,0,3.0588235294117645,0.0,0.0,0.0
64,21,224,225,73,4,0,13,0,3.0588235294117645,0.0,0.0,0.0
64,21,224,225,74,4,0,13,0,3.0588235294117645,0.0,0.0,0.0
64,21,224,225,75,3,0,13,0,2.4375,0.0,0.0,0.0
64,21,224,225,76,3,0,12,0,2.4,0.0,0.0,0.0
64,21,224,225,77,5,0,9,0,3.2142857142857144,0.0,0.0,0.0
64,21,224,225,78,5,0,8,0,3.076923076923077,0.0,0.0,0.0
64,21,224,225,79,3,0,8,0,2.1818181818181817,0.0,0.0,0.0
64,21,224,225,86,1,0,2,0,0.6666666666666666,0.0,0.0,0.0
64,21,224,225,87,1,0,3,0,0.75,0.0,0.0,0.0
64,21,224,225,88,1,0,4,0,0.8,0.0,0.0,0.0
64,21,224,225,89,1,0,5,0,0.8333333333333334,0.0,0.0,0.0
64,21,224,225,90,2,0,6,0,1.5,0.0,0.0,0.0
64,21,224,225,91,1,0,10,0,0.9090909090909091,0.0,0.0,0.0
64,21,224,225,92,1,0,13,0,0.9285714285714286,0.0,0.0,0.0
64,21,224,225,93,1,0,16,0,0.9411764705882353,0.0,0.0,0.0
64,21,224,225,94,1,0,19,0,0.95,0.0,0.0,0.0
64,21,224,225,95,1,0,21,0,0.9545454545454546,0.0,0.0,0.0
64,21,224,225,96,1,0,23,0,0.9583333333333334,0.0,0.0,0.0
64,21,224,225,97,1,0,24,0,0.96,0.0,0.0,0.0
64,21,232,233,68,3,0,2,0,1.2,0.0,0.0,0.0
64,21,232,233,69,5,2,3,0,1.875,0.4,0.0,0.4
64,21,232,233,70,4,0,5,0,2.2222222222222223,0.0,0.0,0.0
64,21,232,233,71,6,1,6,0,3.0,0.16666666666666666,0.0,0.16666666666666666
64,21,232,233,72,6,0,8,0,3.4285714285714284,0.0,0.0,0.0
64,21,232,233,73,7,2,10,0,4.117647058823529,0.2857142857142857,0.0,0.2857142857142857
64,21,232,233,74,4,0,13,0,3.0588235294117645,0.0,0.0,0.0
64,21,232,233,75,3,0,13,0,2.4375,0.0,0.0,0.0
64,21,232,233,76,3,0,12,0,2.4,0.0,0.0,0.0
64,21,232,233,77,3,1,11,0,2.357142857142857,0.3333333333333333,0.0,0.3333333333333333
64,21,232,233,78,5,0,8,0,3.076923076923077,0.0,0.0,0.0
64,21,232,233,79,4,1,7,0,2.5454545454545454,0.25,0.0,0.25
64,21,232,233,84,1,0,1,0,0.5,0.0,0.0,0.0
64,21,232,233,85,1,0,1,0,0.5,0.0,0.0,0.0
64,21,232,233,86,1,0,2,0,0.6666666666666666,0.0,0.0,0.0
64,21,232,233,87,1,0,3,0,0.75,0.0,0.0,0.0
64,21,232,233,88,1,0,4,0,0.8,0.0,0.0,0.0
64,21,232,233,89,1,0,5,0,0.8333333333333334,0.0,0.0,0.0
64,21,232,233,90,2,0,6,0,1.5,0.0,0.0,0.0
64,21,232,233,91,1,0,10,0,0.9090909090909091,0.0,0.0,0.0
64,21,232,233,92,1,0,13,0,0.9285714285714286,0.0,0.0,0.0
64,21,232,233,93,1,0,16,0,0.9411764705882353,0.0,0.0,0.0
64,21,232,233,94,1,0,19,0,0.95,0.0,0.0,0.0
64,21,232,233,95,1,0,21,0,0.9545454545454546,0.0,0.0,0.0
64,21,232,233,96,1,0,23,0,0.9583333333333334,0.0,0.0,0.0
64,21,232,233,97,1,0,24,0,0.96,0.0,0.0,0.0
64,21,240,241,68,3,0,2,0,1.2,0.0,0.0,0.0
64,21,240,241,69,3,0,3,0,1.5,0.0,0.0,0.0
64,21,240,241,70,3,0,4,0,1.7142857142857142,0.0,0.0,0.0
64,21,240,241,71,4,0,5,0,2.2222222222222223,0.0,0.0,0.0
64,21,240,241,72,4,0,5,0,2.2222222222222223,0.0,0.0,0.0
64,21,240,241,73,6,2,5,0,2.727272727272727,0.3333333333333333,0.0,0.3333333333333333
64,21,240,241,74,4,0,7,0,2.5454545454545454,0.0,0.0,0.0
64,21,240,241,75,9,2,6,0,3.6,0.2222222222222222,0.0,0.2222222222222222
64,21,240,241,76,4,0,9,0,2.769230769230769,0.0,0.0,0.0
64,21,240,241,77,5,1,7,0,2.9166666666666665,0.2,0.0,0.2
64,21,240,241,78,4,0,7,0,2.5454545454545454,0.0,0.0,0.0
64,21,240,241,79,3,1,7,0,2.1,0.3333333333333333,0.0,0.3333333333333333
64,21,240,241,80,1,0,6,0,0.8571428571428571,0.0,0.0,0.0
64,21,240,241,84,1,0,1,0,0.5,0.0,0.0,0.0
64,21,240,241,85,1,0,1,0,0.5,0.0,0.0,0.0
64,21,240,241,86,1,0,2,0,0.6666666666666666,0.0,0.0,0.0
64,21,240,241,87,1,0,3,0,0.75,0.0,0.0,0.0
64,21,240,241,88,1,0,4,0,0.8,0.0,0.0,0.0
64,21,240,241,89,1,0,5,0,0.8333333333333334,0.0,0.0,0.0
64,21,240,241,90,2,0,6,0,1.5,0.0,0.0,0.0
64,21,240,241,91,1,0,10,0,0.9090909090909091,0.0,0.0,0.0
64,21,240,241,92,1,0,13,0,0.9285714285714286,0.0,0.0,0.0
64,21,240,241,93,1,0,16,0,0.9411764705882353,0.0,0.0,0.0
64,21,240,241,94,1,0,19,0,0.95,0.0,0.0,0.0
64,21,240,241,95,1,0,21,0,0.9545454545454546,0.0,0.0,0.0
64,21,240,241,96,1,0,23,0,0.9583333333333334,0.0,0.0,0.0
64,21,240,241,97,1,0,24,0,0.96,0.0,0.0,0.0
64,21,248,249,68,3,0,2,0,1.2,0.0,0.0,0.0
64,21,248,249,69,3,0,3,0,1.5,0.0,0.0,0.0
64,21,248,249,70,3,0,4,0,1.7142857142857142,0.0,0.0,0.0
64,21,248,249,71,4,0,5,0,2.2222222222222223,0.0,0.0,0.0
64,21,248,249,72,4,0,5,0,2.2222222222222223,0.0,0.0,0.0
64,21,248,249,73,4,0,5,0,2.2222222222222223,0.0,0.0,0.0
64,21,248,249,74,5,0,5,0,2.5,0.0,0.0,0.0
64,21,248,249,75,5,0,5,0,2.5,0.0,0.0,0.0
64,21,248,249,76,5,0,5,0,2.5,0.0,0.0,0.0
64,21,248,249,77,4,0,5,0,2.2222222222222223,0.0,0.0,0.0
64,21,248,249,78,4,0,5,0,2.2222222222222223,0.0,0.0,0.0
64,21,248,249,79,4,0,5,0,2.2222222222222223,0.0,0.0,0.0
64,21,248,249,80,2,0,5,0,1.4285714285714286,0.0,0.0,0.0
64,21,248,249,84,1,0,1,0,0.5,0.0,0.0,0.0
64,21,248,249,85,1,0,1,0,0.5,0.0,0.0,0.0
64,21,248,249,86,1,0,2,0,0.6666666666666666,0.0,0.0,0.0
64,21,248,249,87,1,0,3,0,0.75,0.0,0.0,0.0
64,21,248,249,88,1,0,4,0,0.8,0.0,0.0,0.0
64,21,248,249,89,1,0,5,0,0.8333333333333334,0.0,0.0,0.0
64,21,248,249,90,2,0,6,0,1.5,0.0,0.0,0.0
64,21,248,249,91,1,0,10,0,0.9090909090909091,0.0,0.0,0.0
64,21,248,249,92,1,0,13,0,0.9285714285714286,0.0,0.0,0.0
64,21,248,249,93,1,0,16,0,0.9411764705882353,0.0,0.0,0.0
64,21,248,249,94,1,0,19,0,0.95,0.0,0.0,0.0
64,21,248,249,95,1,0,21,0,0.9545454545454546,0.0,0.0,0.0
64,21,248,249,96,1,0,23,0,0.9583333333333334,0.0,0.0,0.0
64,21,248,249,97,1,0,24,0,0.96,0.0,0.0,0.0
64,22,24,25,16,5,0,10,0,3.3333333333333335,0.0,0.0,0.0
64,22,24,25,17,14,6,13,1,6.7407407407407405,0.42857142857142855,0.07692307692307693,0.3516483516483516
64,22,24,25,19,10,4,24,0,7.0588235294117645,0.4,0.0,0.4
64,22,32,33,18,5,0,10,0,3.3333333333333335,0.0,0.0,0.0
64,22,32,33,19,10,3,12,0,5.454545454545454,0.3,0.0,0.3
64,22,32,33,20,6,0,19,0,4.56,0.0,0.0,0.0
64,22,32,33,21,9,5,23,0,6.46875,0.5555555555555556,0.0,0.5555555555555556
64,22,32,33,22,4,0,33,0,3.5675675675675675,0.0,0.0,0.0
64,22,32,33,23,10,6,39,0,7.959183673469388,0.6,0.0,0.6
64,22,40,41,18,5,0,4,0,2.2222222222222223,0.0,0.0,0.0
64,22,40,41,19,9,2,6,0,3.6,0.2222222222222222,0.0,0.2222222222222222
64,22,40,41,20,2,0,13,0,1.7333333333333334,0.0,0.0,0.0
64,22,40,41,21,8,3,13,0,4.9523809523809526,0.375,0.0,0.375
64,22,40,41,22,8,0,18,0,5.538461538461538,0.0,0.0,0.0
64,22,40,41,23,14,3,24,0,8.842105263157896,0.21428571428571427,0.0,0.21428571428571427
64,22,40,41,24,5,0,37,0,4.404761904761905,0.0,0.0,0.0
64,22,40,41,25,12,5,41,0,9.283018867924529,0.4166666666666667,0.0,0.4166666666666667
64,22,40,41,26,4,0,48,0,3.6923076923076925,0.0,0.0,0.0
64,22,40,41,27,8,2,46,0,6.814814814814815,0.25,0.0,0.25
64,22,40,41,28,1,0,50,0,0.9803921568627451,0.0,0.0,0.0
64,22,40,41,30,1,0,46,0,0.9787234042553191,0.0,0.0,0.0
64,22,48,49,19,10,7,1,0,0.9090909090909091,0.7,0.0,0.7
64,22,48,49,20,3,0,8,0,2.1818181818181817,0.0,0.0,0.0
64,22,48,49,21,4,2,9,0,2.769230769230769,0.5,0.0,0.5
64,22,48,49,22,1,0,11,0,0.9166666666666666,0.0,0.0,0.0
64,22,48,49,23,15,7,11,0,6.346153846153846,0.4666666666666667,0.0,0.4666666666666667
64,22,48,49,24,8,0,23,0,5.935483870967742,0.0,0.0,0.0
64,22,48,49,25,15,5,29,0,9.886363636363637,0.3333333333333333,0.0,0.3333333333333333
64,22,48,49,26,12,0,36,0,9.0,0.0,0.0,0.0
64,22,48,49,27,7,2,42,0,6.0,0.2857142857142857,0.0,0.2857142857142857
64,22,48,49,28,3,0,43,0,2.8043478260869565,0.0,0.0,0.0
64,22,48,49,29,3,0,41,0,2.7954545454545454,0.0,0.0,0.0
64,22,48,49,30,2,0,40,0,1.9047619047619047,0.0,0.0,0.0
64,22,48,49,31,7,4,37,0,5.886363636363637,0.5714285714285714,0.0,0.5714285714285714
64,22,48,49,32,1,0,39,0,0.975,0.0,0.0,0.0
64,22,48,49,33,3,1,35,0,2.763157894736842,0.3333333333333333,0.0,0.3333333333333333
64,22,48,49,34,1,0,33,0,0.9705882352941176,0.0,0.0,0.0
64,22,48,49,35,2,1,28,0,1.8666666666666667,0.5,0.0,0.5
64,22,48,49,37,2,1,18,0,1.8,0.5,0.0,0.5
64,22,56,57,20,1,0,1,0,0.5,0.0,0.0,0.0
64,22,56,57,21,8,1,2,0,1.6,0.125,0.0,0.125
64,22,56,57,22,1,0,8,0,0.8888888888888888,0.0,0.0,0.0
64,22,56,57,23,5,2,8,0,3.076923076923077,0.4,0.0,0.4
64,22,56,57,24,5,0,11,0,3.4375,0.0,0.0,0.0
64,22,56,57,25,16,4,14,0,7.466666666666667,0.25,0.0,0.25
64,22,56,57,26,10,0,23,0,6.96969696969697,0.0,0.0,0.0
64,22,56,57,27,18,10,25,0,10.465116279069768,0.5555555555555556,0.0,0.5555555555555556
64,22,56,57,28,7,0,35,0,5.833333333333333,0.0,0.0,0.0
64,22,56,57,29,5,1,37,0,4.404761904761905,0.2,0.0,0.2
64,22,56,57,30,3,0,37,0,2.775,0.0,0.0,0.0
64,22,56,57,31,3,1,35,0,2.763157894736842,0.3333333333333333,0.0,0.3333333333333333
64,22,56,57,32,4,0,31,0,3.5428571428571427,0.0,0.0,0.0
64,22,56,57,33,7,1,27,0,5.5588235294117645,0.14285714285714285,0.0,0.14285714285714285
64,22,56,57,34,4,0,25,0,3.4482758620689653,0.0,0.0,0.0
64,22,56,57,35,5,0,21,0,4.038461538461538,0.0,0.0,0.0
64,22,56,57,36,2,0,20,0,1.8181818181818181,0.0,0.0,0.0
64,22,56,57,37,3,0,15,0,2.5,0.0,0.0,0.0
64,22,56,57,38,1,0,12,0,0.9230769230769231,0.0,0.0,0.0
64,22,56,57,39,2,1,10,0,1.6666666666666667,0.5,0.0,0.5
64,22,56,57,40,2,0,10,0,1.6666666666666667,0.0,0.0,0.0
64,22,56,57,41,3,2,11,0,2.357142857142857,0.6666666666666666,0.0,0.6666666666666666
64,22,56,57,42,1,0,15,0,0.9375,0.0,0.0,0.0
64,22,56,57,43,2,1,17,1,1.7894736842105263,0.5,0.058823529411764705,0.4411764705882353
64,22,56,57,45,2,1,18,0,1.8,0.5,0.0,0.5
64,22,64,65,21,2,2,1,0,0.6666666666666666,1.0,0.0,1.0
64,22,64,65,22,4,0,3,0,1.7142857142857142,0.0,0.0,0.0
64,22,64,65,23,2,1,6,0,1.5,0.5,0.0,0.5
64,22,64,65,24,5,0,6,0,2.727272727272727,0.0,0.0,0.0
64,22,64,65,25,10,5,10,0,5.0,0.5,0.0,0.5
64,22,64,65,26,9,0,13,0,5.318181818181818,0.0,0.0,0.0
64,22,64,65,27,15,6,14,0,7.241379310344827,0.4,0.0,0.4
64,22,64,65,28,7,0,20,0,5.185185185185185,0.0,0.0,0.0
64,22,64,65,29,20,11,19,0,9.743589743589743,0.55,0.0,0.55
64,22,64,65,30,5,0,33,0,4.342105263157895,0.0,0.0,0.0
64,22,64,65,31,5,2,33,0,4.342105263157895,0.4,0.0,0.4
64,22,64,65,32,3,0,31,0,2.735294117647059,0.0,0.0,0.0
64,22,64,65,33,7,1,26,0,5.515151515151516,0.14285714285714285,0.0,0.14285714285714285
64,22,64,65,34,4,0,24,0,3.4285714285714284,0.0,0.0,0.0
64,22,64,65,35,5,0,20,0,4.0,0.0,0.0,0.0
64,22,64,65,36,2,0,19,0,1.8095238095238095,0.0,0.0,0.0
64,22,64,65,37,2,0,15,0,1.7647058823529411,0.0,0.0,0.0
64,22,64,65,38,4,0,9,0,2.769230769230769,0.0,0.0,0.0
64,22,64,65,39,2,1,8,0,1.6,0.5,0.0,0.5
64,22,64,65,40,2,0,8,0,1.6,0.0,0.0,0.0
64,22,64,65,41,4,0,8,0,2.6666666666666665,0.0,0.0,0.0
64,22,64,65,42,3,0,11,0,2.357142857142857,0.0,0.0,0.0
64,22,64,65,43,2,0,13,0,1.7333333333333334,0.0,0.0,0.0
64,22,64,65,44,2,0,15,0,1.7647058823529411,0.0,0.0,0.0
64,22,64,65,45,2,0,16,0,1.7777777777777777,0.0,0.0,0.0
64,22,64,65,46,2,0,17,0,1.7894736842105263,0.0,0.0,0.0
64,22,64,65,47,2,0,17,0,1.7894736842105263,0.0,0.0,0.0
64,22,64,65,48,2,0,17,0,1.7894736842105263,0.0,0.0,0.0
64,22,64,65,49,2,0,17,0,1.7894736842105263,0.0,0.0,0.0
64,22,64,65,50,2,0,17,0,1.7894736842105263,0.0,0.0,0.0
64,22,64,65,51,2,0,17,0,1.7894736842105263,0.0,0.0,0.0
64,22,64,65,52,1,0,17,0,0.9444444444444444,0.0,0.0,0.0
64,22,64,65,53,1,0,17,0,0.9444444444444444,0.0,0.0,0.0
64,22,72,73,23,5,3,1,0,0.8333333333333334,0.6,0.0,0.6
64,22,72,73,24,4,0,4,0,2.0,0.0,0.0,0.0
64,22,72,73,25,7,3,7,0,3.5,0.42857142857142855,0.0,0.42857142857142855
64,22,72,73,26,4,0,9,0,2.769230769230769,0.0,0.0,0.0
64,22,72,73,27,11,5,8,0,4.631578947368421,0.45454545454545453,0.0,0.45454545454545453
64,22,72,73,28,8,0,11,0,4.631578947368421,0.0,0.0,0.0
64,22,72,73,29,12,2,11,0,5.739130434782608,0.16666666666666666,0.0,0.16666666666666666
64,22,72,73,30,6,0,15,0,4.285714285714286,0.0,0.0,0.0
64,22,72,73,31,26,9,12,0,8.210526315789474,0.34615384615384615,0.0,0.34615384615384615
64,22,72,73,32,2,0,31,0,1.878787878787879,0.0,0.0,0.0
64,22,72,73,33,6,1,26,0,4.875,0.16666666666666666,0.0,0.16666666666666666
64,22,72,73,34,4,0,23,0,3.4074074074074074,0.0,0.0,0.0
64,22,72,73,35,5,0,19,0,3.9583333333333335,0.0,0.0,0.0
64,22,72,73,36,2,0,18,0,1.8,0.0,0.0,0.0
64,22,72,73,37,3,1,14,0,2.4705882352941178,0.3333333333333333,0.0,0.3333333333333333
64,22,72,73,38,2,0,11,0,1.6923076923076923,0.0,0.0,0.0
64,22,72,73,39,2,0,9,0,1.6363636363636365,0.0,0.0,0.0
64,22,72,73,40,2,0,8,0,1.6,0.0,0.0,0.0
64,22,72,73,41,2,0,8,0,1.6,0.0,0.0,0.0
64,22,72,73,42,3,0,9,0,2.25,0.0,0.0,0.0
64,22,72,73,43,2,0,11,0,1.6923076923076923,0.0,0.0,0.0
64,22,72,73,44,2,0,13,0,1.7333333333333334,0.0,0.0,0.0
64,22,72,73,45,2,0,14,0,1.75,0.0,0.0,0.0
64,22,72,73,46,2,0,15,0,1.7647058823529411,0.0,0.0,0.0
64,22,72,73,47,2,1,16,0,1.7777777777777777,0.5,0.0,0.5
64,22,72,73,48,2,0,16,0,1.7777777777777777,0.0,0.0,0.0
64,22,72,73,49,2,0,16,0,1.7777777777777777,0.0,0.0,0.0
64,22,72,73,50,2,0,16,0,1.7777777777777777,0.0,0.0,0.0
64,22,72,73,51,2,1,16,0,1.7777777777777777,0.5,0.0,0.5
64,22,72,73,52,1,1,17,0,0.9444444444444444,1.0,0.0,1.0
64,22,72,73,54,1,0,15,0,0.9375,0.0,0.0,0.0
64,22,80,81,25,8,4,3,0,2.1818181818181817,0.5,0.0,0.5
64,22,80,81,26,1,0,7,0,0.875,0.0,0.0,0.0
64,22,80,81,27,5,1,5,0,2.5,0.2,0.0,0.2
64,22,80,81,28,4,0,6,0,2.4,0.0,0.0,0.0
64,22,80,81,29,10,3,5,0,3.3333333333333335,0.3,0.0,0.3
64,22,80,81,30,6,0,9,0,3.6,0.0,0.0,0.0
64,22,80,81,31,11,3,8,0,4.631578947368421,0.2727272727272727,0.0,0.2727272727272727
64,22,80,81,32,11,0,9,0,4.95,0.0,0.0,0.0
64,22,80,81,33,19,4,11,0,6.966666666666667,0.21052631578947367,0.0,0.21052631578947367
64,22,80,81,34,4,0,22,0,3.3846153846153846,0.0,0.0,0.0
64,22,80,81,35,4,1,19,0,3.3043478260869565,0.25,0.0,0.25
64,22,80,81,36,2,0,17,0,1.7894736842105263,0.0,0.0,0.0
64,22,80,81,37,2,0,13,0,1.7333333333333334,0.0,0.0,0.0
64,22,80,81,38,2,0,9,0,1.6363636363636365,0.0,0.0,0.0
64,22,80,81,39,3,1,7,0,2.1,0.3333333333333333,0.0,0.3333333333333333
64,22,80,81,40,2,0,7,0,1.5555555555555556,0.0,0.0,0.0
64,22,80,81,41,2,0,7,0,1.5555555555555556,0.0,0.0,0.0
64,22,80,81,42,3,0,8,0,2.1818181818181817,0.0,0.0,0.0
64,22,80,81,43,2,0,10,0,1.6666666666666667,0.0,0.0,0.0
64,22,80,81,44,2,0,12,0,1.7142857142857142,0.0,0.0,0.0
64,22,80,81,45,3,1,13,0,2.4375,0.3333333333333333,0.0,0.3333333333333333
64,22,80,81,46,2,0,15,0,1.7647058823529411,0.0,0.0,0.0
64,22,80,81,47,1,0,16,0,0.9411764705882353,0.0,0.0,0.0
64,22,80,81,48,1,0,16,0,0.9411764705882353,0.0,0.0,0.0
64,22,80,81,49,1,0,16,0,0.9411764705882353,0.0,0.0,0.0
64,22,80,81,50,1,0,16,0,0.9411764705882353,0.0,0.0,0.0
64,22,80,81,51,1,0,16,0,0.9411764705882353,0.0,0.0,0.0
64,22,80,81,52,1,0,16,0,0.9411764705882353,0.0,0.0,0.0
64,22,80,81,53,1,0,16,0,0.9411764705882353,0.0,0.0,0.0
64,22,80,81,54,1,0,15,0,0.9375,0.0,0.0,0.0
64,22,88,89,25,2,1,2,0,1.0,0.5,0.0,0.5
64,22,88,89,26,2,0,3,0,1.2,0.0,0.0,0.0
64,22,88,89,27,3,0,3,0,1.5,0.0,0.0,0.0
64,22,88,89,28,2,0,3,0,1.2,0.0,0.0,0.0
64,22,88,89,29,5,3,2,0,1.4285714285714286,0.6,0.0,0.6
64,22,88,89,30,6,0,2,0,1.5,0.0,0.0,0.0
64,22,88,89,31,7,2,2,0,1.5555555555555556,0.2857142857142857,0.0,0.2857142857142857
64,22,88,89,32,4,0,3,0,1.7142857142857142,0.0,0.0,0.0
64,22,88,89,33,14,7,2,0,1.75,0.5,0.0,0.5
64,22,88,89,34,11,0,7,0,4.277777777777778,0.0,0.0,0.0
64,22,88,89,35,9,4,11,0,4.95,0.4444444444444444,0.0,0.4444444444444444
64,22,88,89,36,4,0,14,0,3.111111111111111,0.0,0.0,0.0
64,22,88,89,37,3,0,10,0,2.3076923076923075,0.0,0.0,0.0
64,22,88,89,39,2,1,4,0,1.3333333333333333,0.5,0.0,0.5
64,22,88,89,40,1,0,3,0,0.75,0.0,0.0,0.0
64,22,88,89,41,4,3,2,1,1.3333333333333333,0.75,0.5,0.25
64,22,88,89,42,1,0,4,0,0.8,0.0,0.0,0.0
64,22,88,89,43,7,5,4,1,2.5454545454545454,0.7142857142857143,0.25,0.4642857142857143
64,22,88,89,44,1,0,10,0,0.9090909090909091,0.0,0.0,0.0
64,22,88,89,45,3,2,10,0,2.3076923076923075,0.6666666666666666,0.0,0.6666666666666666
64,22,88,89,46,1,0,12,0,0.9230769230769231,0.0,0.0,0.0
64,22,88,89,47,3,1,12,0,2.4,0.3333333333333333,0.0,0.3333333333333333
64,22,88,89,48,2,0,14,0,1.75,0.0,0.0,0.0
64,22,88,89,49,1,0,15,0,0.9375,0.0,0.0,0.0
64,22,88,89,50,1,0,15,0,0.9375,0.0,0.0,0.0
64,22,88,89,51,1,0,15,0,0.9375,0.0,0.0,0.0
64,22,88,89,52,1,0,15,0,0.9375,0.0,0.0,0.0
64,22,88,89,53,1,0,15,0,0.9375,0.0,0.0,0.0
64,22,88,89,54,1,0,14,0,0.9333333333333333,0.0,0.0,0.0
64,22,88,89,55,1,0,13,0,0.9285714285714286,0.0,0.0,0.0
64,22,96,97,25,2,1,1,0,0.6666666666666666,0.5,0.0,0.5
64,22,96,97,26,1,0,2,0,0.6666666666666666,0.0,0.0,0.0
64,22,96,97,27,2,0,2,0,1.0,0.0,0.0,0.0
64,22,96,97,28,2,0,2,0,1.0,0.0,0.0,0.0
64,22,96,97,29,2,2,2,0,1.0,1.0,0.0,1.0
64,22,96,97,36,3,0,8,0,2.1818181818181817,0.0,0.0,0.0
64,22,96,97,37,7,1,4,0,2.5454545454545454,0.14285714285714285,0.0,0.14285714285714285
64,22,96,97,38,2,0,4,0,1.3333333333333333,0.0,0.0,0.0
64,22,96,97,39,1,0,3,0,0.75,0.0,0.0,0.0
64,22,96,97,40,1,0,1,0,0.5,0.0,0.0,0.0
64,22,96,97,44,1,0,1,0,0.5,0.0,0.0,0.0
64,22,96,97,45,4,4,2,0,1.3333333333333333,1.0,0.0,1.0
64,22,96,97,47,5,3,4,0,2.2222222222222223,0.6,0.0,0.6
64,22,96,97,48,1,0,8,0,0.8888888888888888,0.0,0.0,0.0
64,22,96,97,49,3,1,8,0,2.1818181818181817,0.3333333333333333,0.0,0.3333333333333333
64,22,96,97,50,1,0,10,0,0.9090909090909091,0.0,0.0,0.0
64,22,96,97,51,3,0,10,0,2.3076923076923075,0.0,0.0,0.0
64,22,96,97,52,1,0,12,0,0.9230769230769231,0.0,0.0,0.0
64,22,96,97,53,2,1,12,0,1.7142857142857142,0.5,0.0,0.5
64,22,96,97,55,2,1,10,0,1.6666666666666667,0.5,0.0,0.5
64,22,96,97,56,2,0,10,0,1.6666666666666667,0.0,0.0,0.0
64,22,104,105,27,2,1,1,0,0.6666666666666666,0.5,0.0,0.5
64,22,104,105,28,1,0,1,0,0.5,0.0,0.0,0.0
64,22,104,105,37,5,2,2,0,1.4285714285714286,0.4,0.0,0.4
64,22,104,105,38,1,0,3,0,0.75,0.0,0.0,0.0
64,22,104,105,39,2,0,2,0,1.0,0.0,0.0,0.0
64,22,104,105,40,1,0,1,0,0.5,0.0,0.0,0.0
64,22,104,105,44,1,0,2,0,0.6666666666666666,0.0,0.0,0.0
64,22,104,105,45,4,0,1,0,0.8,0.0,0.0,0.0
64,22,104,105,46,2,0,3,0,1.2,0.0,0.0,0.0
64,22,104,105,47,4,1,3,0,1.7142857142857142,0.25,0.0,0.25
64,22,104,105,48,1,0,6,0,0.8571428571428571,0.0,0.0,0.0
64,22,104,105,49,6,2,6,0,3.0,0.3333333333333333,0.0,0.3333333333333333
64,22,104,105,50,1,0,9,0,0.9,0.0,0.0,0.0
64,22,104,105,51,4,2,7,0,2.5454545454545454,0.5,0.0,0.5
64,22,104,105,53,5,3,6,0,2.727272727272727,0.6,0.0,0.6
64,22,104,105,55,2,2,4,0,1.3333333333333333,1.0,0.0,1.0
64,22,104,105,57,1,0,1,0,0.5,0.0,0.0,0.0
64,22,104,105,63,1,1,2,1,0.6666666666666666,1.0,0.5,0.5
64,22,112,113,26,1,0,1,0,0.5,0.0,0.0,0.0
64,22,112,113,27,1,0,1,0,0.5,0.0,0.0,0.0
64,22,112,113,40,2,0,1,0,0.6666666666666666,0.0,0.0,0.0
64,22,112,113,42,3,0,1,0,0.75,0.0,0.0,0.0
64,22,112,113,43,3,0,2,0,1.2,0.0,0.0,0.0
64,22,112,113,44,2,0,3,0,1.2,0.0,0.0,0.0
64,22,112,113,45,3,1,3,0,1.5,0.3333333333333333,0.0,0.3333333333333333
64,22,112,113,46,1,0,5,0,0.8333333333333334,0.0,0.0,0.0
64,22,112,113,47,4,1,5,0,2.2222222222222223,0.25,0.0,0.25
64,22,112,113,48,1,0,8,0,0.8888888888888888,0.0,0.0,0.0
64,22,112,113,49,3,1,7,0,2.1,0.3333333333333333,0.0,0.3333333333333333
64,22,112,113,50,1,0,7,0,0.875,0.0,0.0,0.0
64,22,112,113,51,3,0,6,0,2.0,0.0,0.0,0.0
64,22,112,113,53,1,1,7,1,0.875,1.0,0.14285714285714285,0.8571428571428572
64,22,112,113,54,1,0,5,0,0.8333333333333334,0.0,0.0,0.0
64,22,112,113,55,1,0,3,0,0.75,0.0,0.0,0.0
64,22,120,121,42,3,0,1,0,0.75,0.0,0.0,0.0
64,22,120,121,43,3,0,2,0,1.2,0.0,0.0,0.0
64,22,120,121,44,2,0,3,0,1.2,0.0,0.0,0.0
64,22,120,121,45,4,1,3,0,1.7142857142857142,0.25,0.0,0.25
64,22,120,121,47,5,0,5,0,2.5,0.0,0.0,0.0
64,22,120,121,48,2,0,8,0,1.6,0.0,0.0,0.0
64,22,120,121,49,3,0,8,0,2.1818181818181817,0.0,0.0,0.0
64,22,120,121,50,1,0,10,0,0.9090909090909091,0.0,0.0,0.0
64,22,120,121,51,2,1,9,0,1.6363636363636365,0.5,0.0,0.5
64,22,120,121,53,1,0,8,1,0.8888888888888888,0.0,0.125,-0.125
64,22,120,121,54,1,0,6,0,0.8571428571428571,0.0,0.0,0.0
64,22,120,121,55,1,0,4,0,0.8,0.0,0.0,0.0
64,22,120,121,56,1,0,2,0,0.6666666666666666,0.0,0.0,0.0
64,22,120,121,60,1,0,1,0,0.5,0.0,0.0,0.0
64,22,120,121,61,2,0,1,0,0.6666666666666666,0.0,0.0,0.0
64,22,128,129,42,3,0,1,0,0.75,0.0,0.0,0.0
64,22,128,129,43,3,0,2,0,1.2,0.0,0.0,0.0
64,22,128,129,44,2,0,3,0,1.2,0.0,0.0,0.0
64,22,128,129,45,4,1,3,0,1.7142857142857142,0.25,0.0,0.25
64,22,128,129,47,7,1,5,0,2.9166666666666665,0.14285714285714285,0.0,0.14285714285714285
64,22,128,129,48,1,0,11,0,0.9166666666666666,0.0,0.0,0.0
64,22,128,129,49,1,1,11,0,0.9166666666666666,1.0,0.0,1.0
64,22,128,129,50,1,0,11,0,0.9166666666666666,0.0,0.0,0.0
64,22,128,129,51,1,0,11,0,0.9166666666666666,0.0,0.0,0.0
64,22,128,129,53,2,0,9,0,1.6363636363636365,0.0,0.0,0.0
64,22,128,129,55,4,2,5,0,2.2222222222222223,0.5,0.0,0.5
64,22,128,129,57,4,3,1,0,0.8,0.75,0.0,0.75
64,22,128,129,60,1,0,2,0,0.6666666666666666,0.0,0.0,0.0
64,22,128,129,61,2,0,1,0,0.6666666666666666,0.0,0.0,0.0
64,22,136,137,42,3,0,1,0,0.75,0.0,0.0,0.0
64,22,136,137,43,3,0,2,0,1.2,0.0,0.0,0.0
64,22,136,137,44,2,0,3,0,1.2,0.0,0.0,0.0
64,22,136,137,45,2,0,4,0,1.3333333333333333,0.0,0.0,0.0
64,22,136,137,46,2,0,5,0,1.4285714285714286,0.0,0.0,0.0
64,22,136,137,47,6,2,6,0,3.0,0.3333333333333333,0.0,0.3333333333333333
64,22,136,137,48,1,0,11,0,0.9166666666666666,0.0,0.0,0.0
64,22,136,137,49,1,1,11,0,0.9166666666666666,1.0,0.0,1.0
64,22,136,137,50,1,0,11,0,0.9166666666666666,0.0,0.0,0.0
64,22,136,137,51,1,0,11,0,0.9166666666666666,0.0,0.0,0.0
64,22,136,137,53,2,0,9,0,1.6363636363636365,0.0,0.0,0.0
64,22,136,137,55,4,2,5,0,2.2222222222222223,0.5,0.0,0.5
64,22,136,137,57,3,3,2,0,1.2,1.0,0.0,1.0
64,22,136,137,60,1,0,2,0,0.6666666666666666,0.0,0.0,0.0
64,22,136,137,61,2,0,1,0,0.6666666666666666,0.0,0.0,0.0
64,22,136,137,62,1,0,1,0,0.5,0.0,0.0,0.0
64,22,144,145,42,2,0,1,0,0.6666666666666666,0.0,0.0,0.0
64,22,144,145,43,4,1,1,0,0.8,0.25,0.0,0.25
64,22,144,145,44,2,0,3,0,1.2,0.0,0.0,0.0
64,22,144,145,45,2,1,4,0,1.3333333333333333,0.5,0.0,0.5
64,22,144,145,46,2,0,5,0,1.4285714285714286,0.0,0.0,0.0
64,22,144,145,47,6,2,6,0,3.0,0.3333333333333333,0.0,0.3333333333333333
64,22,144,145,48,1,0,11,0,0.9166666666666666,0.0,0.0,0.0
64,22,144,145,49,1,1,11,0,0.9166666666666666,1.0,0.0,1.0
64,22,144,145,50,1,0,11,0,0.9166666666666666,0.0,0.0,0.0
64,22,144,145,51,1,0,11,0,0.9166666666666666,0.0,0.0,0.0
64,22,144,145,53,1,0,10,0,0.9090909090909091,0.0,0.0,0.0
64,22,144,145,54,1,0,9,0,0.9,0.0,0.0,0.0
64,22,144,145,55,4,2,5,0,2.2222222222222223,0.5,0.0,0.5
64,22,144,145,57,4,2,2,0,1.3333333333333333,0.5,0.0,0.5
64,22,144,145,60,1,0,2,0,0.6666666666666666,0.0,0.0,0.0
64,22,144,145,61,2,0,1,0,0.6666666666666666,0.0,0.0,0.0
64,22,144,145,62,1,0,1,0,0.5,0.0,0.0,0.0
64,22,152,153,46,3,0,3,0,1.5,0.0,0.0,0.0
64,22,152,153,47,5,2,4,0,2.2222222222222223,0.4,0.0,0.4
64,22,152,153,48,1,0,8,0,0.8888888888888888,0.0,0.0,0.0
64,22,152,153,49,4,1,8,0,2.6666666666666665,0.25,0.0,0.25
64,22,152,153,50,1,0,11,0,0.9166666666666666,0.0,0.0,0.0
64,22,152,153,51,1,0,11,0,0.9166666666666666,0.0,0.0,0.0
64,22,152,153,53,2,1,10,0,1.6666666666666667,0.5,0.0,0.5
64,22,152,153,55,4,2,5,0,2.2222222222222223,0.5,0.0,0.5
64,22,152,153,57,4,1,2,0,1.3333333333333333,0.25,0.0,0.25
64,22,152,153,60,1,0,2,0,0.6666666666666666,0.0,0.0,0.0
64,22,152,153,61,2,0,1,0,0.6666666666666666,0.0,0.0,0.0
64,22,152,153,62,1,0,1,0,0.5,0.0,0.0,0.0
64,22,160,161,48,4,0,2,0,1.3333333333333333,0.0,0.0,0.0
64,22,160,161,49,4,2,5,0,2.2222222222222223,0.5,0.0,0.5
64,22,160,161,50,2,0,8,0,1.6,0.0,0.0,0.0
64,22,160,161,51,4,1,8,0,2.6666666666666665,0.25,0.0,0.25
64,22,160,161,53,1,1,10,0,0.9090909090909091,1.0,0.0,1.0
64,22,160,161,55,3,2,5,0,1.875,0.6666666666666666,0.0,0.6666666666666666
64,22,160,161,56,1,0,4,0,0.8,0.0,0.0,0.0
64,22,160,161,57,3,2,2,0,1.2,0.6666666666666666,0.0,0.6666666666666666
64,22,160,161,60,1,0,2,0,0.6666666666666666,0.0,0.0,0.0
64,22,160,161,61,2,0,1,0,0.6666666666666666,0.0,0.0,0.0
64,22,160,161,62,1,0,1,0,0.5,0.0,0.0,0.0
64,22,168,169,48,1,0,2,0,0.6666666666666666,0.0,0.0,0.0
64,22,168,169,49,2,1,2,0,1.0,0.5,0.0,0.5
64,22,168,169,50,2,0,2,0,1.0,0.0,0.0,0.0
64,22,168,169,51,6,1,2,0,1.5,0.16666666666666666,0.0,0.16666666666666666
64,22,168,169,52,2,0,6,0,1.5,0.0,0.0,0.0
64,22,168,169,53,3,1,6,0,2.0,0.3333333333333333,0.0,0.3333333333333333
64,22,168,169,54,1,0,6,0,0.8571428571428571,0.0,0.0,0.0
64,22,168,169,55,1,0,4,0,0.8,0.0,0.0,0.0
64,22,168,169,57,1,0,1,0,0.5,0.0,0.0,0.0
64,22,168,169,62,1,0,1,0,0.5,0.0,0.0,0.0
64,22,176,177,48,1,0,1,0,0.5,0.0,0.0,0.0
64,22,176,177,49,2,1,1,0,0.6666666666666666,0.5,0.0,0.5
64,22,176,177,50,2,0,1,0,0.6666666666666666,0.0,0.0,0.0
64,22,176,177,51,3,0,1,0,0.75,0.0,0.0,0.0
64,22,176,177,52,2,0,2,0,1.0,0.0,0.0,0.0
64,22,176,177,53,5,2,2,0,1.4285714285714286,0.4,0.0,0.4
64,22,176,177,54,2,0,4,0,1.3333333333333333,0.0,0.0,0.0
64,22,176,177,55,1,1,4,0,0.8,1.0,0.0,1.0
64,22,176,177,57,1,0,1,0,0.5,0.0,0.0,0.0
64,22,184,185,50,1,0,1,0,0.5,0.0,0.0,0.0
64,22,184,185,51,2,1,1,0,0.6666666666666666,0.5,0.0,0.5
64,22,184,185,52,3,0,1,0,0.75,0.0,0.0,0.0
64,22,184,185,53,3,0,1,0,0.75,0.0,0.0,0.0
64,22,184,185,54,2,0,1,0,0.6666666666666666,0.0,0.0,0.0
64,22,184,185,57,1,0,1,0,0.5,0.0,0.0,0.0
64,22,192,193,52,1,0,1,0,0.5,0.0,0.0,0.0
64,22,192,193,53,3,1,1,0,0.75,0.3333333333333333,0.0,0.3333333333333333
64,22,192,193,54,2,0,1,0,0.6666666666666666,0.0,0.0,0.0
64,22,192,193,57,1,0,1,0,0.5,0.0,0.0,0.0
64,22,200,201,53,1,0,1,0,0.5,0.0,0.0,0.0
64,22,200,201,57,1,1,1,0,0.5,1.0,0.0,1.0
64,23,16,17,13,21,21,2,0,1.826086956521739,1.0,0.0,1.0
64,23,16,17,14,1,0,22,0,0.9565217391304348,0.0,0.0,0.0
64,23,24,25,16,7,0,3,0,2.1,0.0,0.0,0.0
64,23,24,25,17,5,3,8,0,3.076923076923077,0.6,0.0,0.6
64,23,24,25,18,1,0,11,0,0.9166666666666666,0.0,0.0,0.0
64,23,24,25,19,11,1,9,0,4.95,0.09090909090909091,0.0,0.09090909090909091
64,23,32,33,18,2,0,5,0,1.4285714285714286,0.0,0.0,0.0
64,23,32,33,19,7,4,5,0,2.9166666666666665,0.5714285714285714,0.0,0.5714285714285714
64,23,32,33,20,4,0,9,0,2.769230769230769,0.0,0.0,0.0
64,23,32,33,21,6,0,10,0,3.75,0.0,0.0,0.0
64,23,32,33,22,3,0,13,0,2.4375,0.0,0.0,0.0
64,23,40,41,20,2,0,4,0,1.3333333333333333,0.0,0.0,0.0
64,23,40,41,21,8,4,4,0,2.6666666666666665,0.5,0.0,0.5
64,23,40,41,22,6,0,8,0,3.4285714285714284,0.0,0.0,0.0
64,23,40,41,23,3,0,10,0,2.3076923076923075,0.0,0.0,0.0
64,23,48,49,20,3,0,1,0,0.75,0.0,0.0,0.0
64,23,48,49,21,4,1,2,0,1.3333333333333333,0.25,0.0,0.25
64,23,48,49,22,3,0,3,0,1.5,0.0,0.0,0.0
64,23,48,49,23,9,5,2,0,1.6363636363636365,0.5555555555555556,0.0,0.5555555555555556
64,23,48,49,24,3,0,8,0,2.1818181818181817,0.0,0.0,0.0
64,23,56,57,24,3,0,2,0,1.2,0.0,0.0,0.0
64,23,56,57,25,5,1,3,0,1.875,0.2,0.0,0.2
64,23,56,57,26,1,0,6,0,0.8571428571428571,0.0,0.0,0.0
64,23,64,65,26,4,0,1,0,0.8,0.0,0.0,0.0
64,23,64,65,27,1,0,4,0,0.8,0.0,0.0,0.0
64,24,8,9,8,2,0,3,0,1.2,0.0,0.0,0.0
64,24,8,9,9,22,22,4,0,3.3846153846153846,1.0,0.0,1.0
64,24,16,17,13,29,29,1,0,0.9666666666666667,1.0,0.0,1.0
64,24,24,25,15,12,7,2,0,1.7142857142857142,0.5833333333333334,0.0,0.5833333333333334
64,24,24,25,16,11,0,10,0,5.238095238095238,0.0,0.0,0.0
64,24,24,25,17,9,2,16,0,5.76,0.2222222222222222,0.0,0.2222222222222222
64,24,24,25,18,2,0,20,0,1.8181818181818181,0.0,0.0,0.0
64,24,32,33,16,5,0,1,0,0.8333333333333334,0.0,0.0,0.0
64,24,32,33,17,15,5,3,0,2.5,0.3333333333333333,0.0,0.3333333333333333
64,24,32,33,18,9,0,11,0,4.95,0.0,0.0,0.0
64,24,32,33,19,3,0,15,0,2.5,0.0,0.0,0.0
64,24,40,41,19,14,4,1,0,0.9333333333333333,0.2857142857142857,0.0,0.2857142857142857
64,24,40,41,20,4,0,10,0,2.857142857142857,0.0,0.0,0.0
64,24,48,49,20,2,0,1,0,0.6666666666666666,0.0,0.0,0.0
64,24,48,49,21,10,2,1,0,0.9090909090909091,0.2,0.0,0.2
64,24,56,57,22,4,0,1,0,0.8,0.0,0.0,0.0
64,24,56,57,23,5,0,1,0,0.8333333333333334,0.0,0.0,0.0
64,24,64,65,24,2,0,2,0,1.0,0.0,0.0,0.0
64,25,24,25,16,6,0,1,0,0.8571428571428571,0.0,0.0,0.0
64,25,24,25,17,9,3,4,0,2.769230769230769,0.3333333333333333,0.0,0.3333333333333333
64,25,24,25,18,1,0,12,0,0.9230769230769231,0.0,0.0,0.0
64,25,24,25,19,5,0,11,0,3.4375,0.0,0.0,0.0
64,25,32,33,18,5,0,1,0,0.8333333333333334,0.0,0.0,0.0
64,25,32,33,19,5,2,4,0,2.2222222222222223,0.4,0.0,0.4
64,25,32,33,20,3,0,6,0,2.0,0.0,0.0,0.0
64,25,32,33,21,7,4,6,0,3.230769230769231,0.5714285714285714,0.0,0.5714285714285714
64,25,32,33,23,8,4,8,0,4.0,0.5,0.0,0.5
64,25,32,33,25,2,0,15,0,1.7647058823529411,0.0,0.0,0.0
64,25,40,41,20,1,0,4,0,0.8,0.0,0.0,0.0
64,25,40,41,21,4,2,3,0,1.7142857142857142,0.5,0.0,0.5
64,25,40,41,22,3,0,5,0,1.875,0.0,0.0,0.0
64,25,40,41,23,5,1,6,0,2.727272727272727,0.2,0.0,0.2
64,25,40,41,24,3,0,10,0,2.3076923076923075,0.0,0.0,0.0
64,25,40,41,25,4,1,12,0,3.0,0.25,0.0,0.25
64,25,40,41,26,1,0,15,0,0.9375,0.0,0.0,0.0
64,25,40,41,27,3,0,14,0,2.4705882352941178,0.0,0.0,0.0
64,25,40,41,29,1,0,14,0,0.9333333333333333,0.0,0.0,0.0
64,25,48,49,22,2,0,3,0,1.2,0.0,0.0,0.0
64,25,48,49,23,7,5,3,0,2.1,0.7142857142857143,0.0,0.7142857142857143
64,25,48,49,24,1,0,9,0,0.9,0.0,0.0,0.0
64,25,48,49,25,6,2,8,0,3.4285714285714284,0.3333333333333333,0.0,0.3333333333333333
64,25,48,49,27,6,2,11,0,3.8823529411764706,0.3333333333333333,0.0,0.3333333333333333
64,25,48,49,29,1,1,14,0,0.9333333333333333,1.0,0.0,1.0
64,25,56,57,22,1,0,1,0,0.5,0.0,0.0,0.0
64,25,56,57,23,2,2,1,0,0.6666666666666666,1.0,0.0,1.0
64,25,56,57,24,3,0,2,0,1.2,0.0,0.0,0.0
64,25,56,57,25,7,3,3,0,2.1,0.42857142857142855,0.0,0.42857142857142855
64,25,56,57,26,4,0,8,0,2.6666666666666665,0.0,0.0,0.0
64,25,56,57,27,4,1,10,0,2.857142857142857,0.25,0.0,0.25
64,25,56,57,28,2,0,12,0,1.7142857142857142,0.0,0.0,0.0
64,25,56,57,29,5,2,10,0,3.3333333333333335,0.4,0.0,0.4
64,25,56,57,31,3,1,10,0,2.3076923076923075,0.3333333333333333,0.0,0.3333333333333333
64,25,56,57,32,3,0,10,0,2.3076923076923075,0.0,0.0,0.0
64,25,56,57,33,3,0,10,0,2.3076923076923075,0.0,0.0,0.0
64,25,56,57,34,3,0,11,0,2.357142857142857,0.0,0.0,0.0
64,25,56,57,35,4,1,11,0,2.933333333333333,0.25,0.0,0.25
64,25,56,57,36,2,0,13,0,1.7333333333333334,0.0,0.0,0.0
64,25,56,57,37,2,0,13,1,1.7333333333333334,0.0,0.07692307692307693,-0.07692307692307693
64,25,56,57,38,1,0,14,0,0.9333333333333333,0.0,0.0,0.0
64,25,56,57,39,2,1,13,0,1.7333333333333334,0.5,0.0,0.5
64,25,64,65,24,2,0,1,0,0.6666666666666666,0.0,0.0,0.0
64,25,64,65,25,3,0,2,0,1.2,0.0,0.0,0.0
64,25,64,65,26,3,0,4,0,1.7142857142857142,0.0,0.0,0.0
64,25,64,65,27,6,2,6,0,3.0,0.3333333333333333,0.0,0.3333333333333333
64,25,64,65,28,1,0,10,0,0.9090909090909091,0.0,0.0,0.0
64,25,64,65,29,5,2,8,0,3.076923076923077,0.4,0.0,0.4
64,25,64,65,30,1,0,10,0,0.9090909090909091,0.0,0.0,0.0
64,25,64,65,31,3,1,8,0,2.1818181818181817,0.3333333333333333,0.0,0.3333333333333333
64,25,64,65,32,3,0,8,0,2.1818181818181817,0.0,0.0,0.0
64,25,64,65,33,3,0,8,0,2.1818181818181817,0.0,0.0,0.0
64,25,64,65,34,3,0,9,0,2.25,0.0,0.0,0.0
64,25,64,65,35,3,0,9,0,2.25,0.0,0.0,0.0
64,25,64,65,36,3,0,9,0,2.25,0.0,0.0,0.0
64,25,64,65,37,4,1,9,0,2.769230769230769,0.25,0.0,0.25
64,25,64,65,38,2,0,10,0,1.6666666666666667,0.0,0.0,0.0
64,25,64,65,39,5,2,8,0,3.076923076923077,0.4,0.0,0.4
64,25,64,65,40,2,0,10,0,1.6666666666666667,0.0,0.0,0.0
64,25,64,65,41,4,1,9,0,2.769230769230769,0.25,0.0,0.25
64,25,64,65,42,2,0,10,0,1.6666666666666667,0.0,0.0,0.0
64,25,64,65,43,2,0,10,0,1.6666666666666667,0.0,0.0,0.0
64,25,72,73,26,3,0,1,0,0.75,0.0,0.0,0.0
64,25,72,73,27,4,1,3,0,1.7142857142857142,0.25,0.0,0.25
64,25,72,73,28,3,0,5,0,1.875,0.0,0.0,0.0
64,25,72,73,29,6,2,5,0,2.727272727272727,0.3333333333333333,0.0,0.3333333333333333
64,25,72,73,30,2,0,7,0,1.5555555555555556,0.0,0.0,0.0
64,25,72,73,31,4,3,6,0,2.4,0.75,0.0,0.75
64,25,72,73,33,3,2,6,0,2.0,0.6666666666666666,0.0,0.6666666666666666
64,25,72,73,34,2,0,7,0,1.5555555555555556,0.0,0.0,0.0
64,25,72,73,35,3,1,6,0,2.0,0.3333333333333333,0.0,0.3333333333333333
64,25,72,73,36,3,0,6,0,2.0,0.0,0.0,0.0
64,25,72,73,37,4,2,6,0,2.4,0.5,0.0,0.5
64,25,72,73,38,2,0,7,0,1.5555555555555556,0.0,0.0,0.0
64,25,72,73,39,4,1,5,0,2.2222222222222223,0.25,0.0,0.25
64,25,72,73,40,3,0,6,0,2.0,0.0,0.0,0.0
64,25,72,73,41,4,1,6,0,2.4,0.25,0.0,0.25
64,25,72,73,42,1,0,7,0,0.875,0.0,0.0,0.0
64,25,72,73,43,4,2,6,0,2.4,0.5,0.0,0.5
64,25,72,73,44,2,0,8,0,1.6,0.0,0.0,0.0
64,25,80,81,27,3,0,1,0,0.75,0.0,0.0,0.0
64,25,80,81,28,3,0,2,0,1.2,0.0,0.0,0.0
64,25,80,81,29,4,2,2,0,1.3333333333333333,0.5,0.0,0.5
64,25,80,81,30,3,0,2,0,1.2,0.0,0.0,0.0
64,25,80,81,31,5,0,1,0,0.8333333333333334,0.0,0.0,0.0
64,25,80,81,32,2,0,3,0,1.2,0.0,0.0,0.0
64,25,80,81,33,4,0,2,0,1.3333333333333333,0.0,0.0,0.0
64,25,80,81,35,2,2,4,0,1.3333333333333333,1.0,0.0,1.0
64,25,80,81,37,2,1,4,0,1.3333333333333333,0.5,0.0,0.5
64,25,80,81,38,2,0,4,0,1.3333333333333333,0.0,0.0,0.0
64,25,80,81,39,2,0,3,0,1.2,0.0,0.0,0.0
64,25,80,81,40,2,0,3,0,1.2,0.0,0.0,0.0
64,25,80,81,41,2,0,3,0,1.2,0.0,0.0,0.0
64,25,80,81,42,1,0,3,0,0.75,0.0,0.0,0.0
64,25,80,81,43,1,0,3,0,0.75,0.0,0.0,0.0
64,25,80,81,44,1,0,3,0,0.75,0.0,0.0,0.0
64,25,80,81,45,2,1,3,0,1.2,0.5,0.0,0.5
64,25,80,81,46,1,0,4,0,0.8,0.0,0.0,0.0
64,25,88,89,33,2,2,1,0,0.6666666666666666,1.0,0.0,1.0
64,25,88,89,34,2,0,1,0,0.6666666666666666,0.0,0.0,0.0
64,25,88,89,35,5,0,1,0,0.8333333333333334,0.0,0.0,0.0
64,25,88,89,36,1,0,5,0,0.8333333333333334,0.0,0.0,0.0
64,25,88,89,37,2,0,4,0,1.3333333333333333,0.0,0.0,0.0
64,25,88,89,38,1,0,4,0,0.8,0.0,0.0,0.0
64,25,88,89,39,2,0,3,0,1.2,0.0,0.0,0.0
64,25,88,89,40,1,0,4,0,0.8,0.0,0.0,0.0
64,25,88,89,41,2,1,4,0,1.3333333333333333,0.5,0.0,0.5
64,25,88,89,42,1,0,4,0,0.8,0.0,0.0,0.0
64,25,88,89,43,1,0,4,0,0.8,0.0,0.0,0.0
64,25,88,89,44,1,0,4,0,0.8,0.0,0.0,0.0
64,25,88,89,45,1,0,4,0,0.8,0.0,0.0,0.0
64,25,88,89,47,1,0,3,0,0.75,0.0,0.0,0.0
64,25,96,97,35,4,1,1,0,0.8,0.25,0.0,0.25
64,25,96,97,36,3,0,3,0,1.5,0.0,0.0,0.0
64,25,96,97,37,2,0,4,0,1.3333333333333333,0.0,0.0,0.0
64,25,96,97,38,1,0,4,0,0.8,0.0,0.0,0.0
64,25,96,97,39,2,0,3,0,1.2,0.0,0.0,0.0
64,25,96,97,40,1,0,4,0,0.8,0.0,0.0,0.0
64,25,96,97,41,1,0,4,0,0.8,0.0,0.0,0.0
64,25,96,97,42,1,0,4,0,0.8,0.0,0.0,0.0
64,25,96,97,43,1,0,4,0,0.8,0.0,0.0,0.0
64,25,96,97,44,1,0,4,0,0.8,0.0,0.0,0.0
64,25,96,97,45,1,0,4,0,0.8,0.0,0.0,0.0
64,25,96,97,46,1,0,4,0,0.8,0.0,0.0,0.0
64,25,104,105,35,2,0,1,0,0.6666666666666666,0.0,0.0,0.0
64,25,104,105,36,3,0,2,0,1.2,0.0,0.0,0.0
64,25,104,105,37,3,0,3,0,1.5,0.0,0.0,0.0
64,25,104,105,38,1,0,5,0,0.8333333333333334,0.0,0.0,0.0
64,25,104,105,39,1,0,4,0,0.8,0.0,0.0,0.0
64,25,104,105,40,1,0,4,0,0.8,0.0,0.0,0.0
64,25,104,105,41,1,0,4,0,0.8,0.0,0.0,0.0
64,25,104,105,42,1,0,4,0,0.8,0.0,0.0,0.0
64,25,104,105,43,1,0,4,0,0.8,0.0,0.0,0.0
64,25,104,105,44,1,0,4,0,0.8,0.0,0.0,0.0
64,25,104,105,45,1,0,4,0,0.8,0.0,0.0,0.0
64,25,104,105,46,1,0,4,0,0.8,0.0,0.0,0.0
64,25,112,113,35,1,0,1,0,0.5,0.0,0.0,0.0
64,25,112,113,36,1,0,2,0,0.6666666666666666,0.0,0.0,0.0
64,25,112,113,37,3,2,3,0,1.5,0.6666666666666666,0.0,0.6666666666666666
64,25,112,113,38,1,0,5,0,0.8333333333333334,0.0,0.0,0.0
64,25,112,113,39,1,0,4,0,0.8,0.0,0.0,0.0
64,25,112,113,40,1,0,4,0,0.8,0.0,0.0,0.0
64,25,112,113,41,1,0,4,0,0.8,0.0,0.0,0.0
64,25,112,113,42,1,0,4,0,0.8,0.0,0.0,0.0
64,25,112,113,43,1,0,4,0,0.8,0.0,0.0,0.0
64,25,112,113,44,1,0,4,0,0.8,0.0,0.0,0.0
64,25,112,113,45,1,0,4,0,0.8,0.0,0.0,0.0
64,25,112,113,46,1,0,4,0,0.8,0.0,0.0,0.0
64,25,120,121,35,1,0,1,0,0.5,0.0,0.0,0.0
64,25,120,121,36,1,0,2,0,0.6666666666666666,0.0,0.0,0.0
64,25,120,121,37,1,1,3,0,0.75,1.0,0.0,1.0
64,25,120,121,38,1,0,4,0,0.8,0.0,0.0,0.0
64,25,120,121,39,2,1,3,0,1.2,0.5,0.0,0.5
64,25,120,121,41,2,1,3,0,1.2,0.5,0.0,0.5
64,25,120,121,42,1,0,4,0,0.8,0.0,0.0,0.0
64,25,120,121,43,1,0,4,0,0.8,0.0,0.0,0.0
64,25,120,121,44,1,0,4,0,0.8,0.0,0.0,0.0
64,25,120,121,45,1,0,4,0,0.8,0.0,0.0,0.0
64,25,120,121,46,1,0,4,0,0.8,0.0,0.0,0.0
64,25,128,129,36,1,0,1,0,0.5,0.0,0.0,0.0
64,25,128,129,37,1,0,2,0,0.6666666666666666,0.0,0.0,0.0
64,25,128,129,38,1,0,3,0,0.75,0.0,0.0,0.0
64,25,128,129,39,1,0,3,0,0.75,0.0,0.0,0.0
64,25,128,129,40,1,0,3,0,0.75,0.0,0.0,0.0
64,25,128,129,41,1,0,3,0,0.75,0.0,0.0,0.0
64,25,128,129,42,1,0,3,0,0.75,0.0,0.0,0.0
64,25,128,129,43,2,1,3,0,1.2,0.5,0.0,0.5
64,25,128,129,45,2,0,3,0,1.2,0.0,0.0,0.0
64,25,128,129,46,1,0,4,0,0.8,0.0,0.0,0.0
64,25,136,137,37,1,1,1,0,0.5,1.0,0.0,1.0
64,25,136,137,39,2,1,1,0,0.6666666666666666,0.5,0.0,0.5
64,25,136,137,41,2,1,1,0,0.6666666666666666,0.5,0.0,0.5
64,25,136,137,43,2,1,1,0,0.6666666666666666,0.5,0.0,0.5
64,25,136,137,44,1,0,2,0,0.6666666666666666,0.0,0.0,0.0
64,25,136,137,45,2,1,2,0,1.0,0.5,0.0,0.5
64,25,136,137,46,2,0,3,0,1.2,0.0,0.0,0.0
64,26,16,17,12,1,0,1,0,0.5,0.0,0.0,0.0
64,26,16,17,13,21,18,2,0,1.826086956521739,0.8571428571428571,0.0,0.8571428571428571
64,26,24,25,16,6,0,3,0,2.0,0.0,0.0,0.0
64,26,24,25,17,13,12,8,0,4.9523809523809526,0.9230769230769231,0.0,0.9230769230769231
64,26,24,25,18,1,0,20,0,0.9523809523809523,0.0,0.0,0.0
64,26,24,25,19,9,2,19,0,6.107142857142857,0.2222222222222222,0.0,0.2222222222222222
64,26,32,33,17,6,3,1,0,0.8571428571428571,0.5,0.0,0.5
64,26,32,33,18,2,0,6,0,1.5,0.0,0.0,0.0
64,26,32,33,19,3,1,6,0,2.0,0.3333333333333333,0.0,0.3333333333333333
64,26,32,33,20,5,0,6,0,2.727272727272727,0.0,0.0,0.0
64,26,32,33,21,18,11,9,0,6.0,0.6111111111111112,0.0,0.6111111111111112
64,26,32,33,22,3,0,27,0,2.7,0.0,0.0,0.0
64,26,32,33,23,6,1,29,0,4.9714285714285715,0.16666666666666666,0.0,0.16666666666666666
64,26,40,41,17,1,1,1,0,0.5,1.0,0.0,1.0
64,26,40,41,18,2,0,2,0,1.0,0.0,0.0,0.0
64,26,40,41,19,6,1,2,0,1.5,0.16666666666666666,0.0,0.16666666666666666
64,26,40,41,20,1,0,6,0,0.8571428571428571,0.0,0.0,0.0
64,26,40,41,21,8,2,5,0,3.076923076923077,0.25,0.0,0.25
64,26,40,41,22,3,0,12,0,2.4,0.0,0.0,0.0
64,26,40,41,23,12,6,13,0,6.24,0.5,0.0,0.5
64,26,40,41,24,4,0,22,0,3.3846153846153846,0.0,0.0,0.0
64,26,40,41,25,9,5,23,0,6.46875,0.5555555555555556,0.0,0.5555555555555556
64,26,40,41,26,1,0,30,0,0.967741935483871,0.0,0.0,0.0
64,26,40,41,27,6,4,29,0,4.9714285714285715,0.6666666666666666,0.0,0.6666666666666666
64,26,40,41,28,2,0,33,0,1.8857142857142857,0.0,0.0,0.0
64,26,40,41,29,4,2,30,1,3.5294117647058822,0.5,0.03333333333333333,0.4666666666666667
64,26,40,41,30,1,0,29,0,0.9666666666666667,0.0,0.0,0.0
64,26,40,41,31,2,1,26,1,1.8571428571428572,0.5,0.038461538461538464,0.46153846153846156
64,26,40,41,32,1,0,26,0,0.9629629629629629,0.0,0.0,0.0
64,26,40,41,33,4,2,24,0,3.4285714285714284,0.5,0.0,0.5
64,26,48,49,18,1,0,1,0,0.5,0.0,0.0,0.0
64,26,48,49,19,6,3,1,0,0.8571428571428571,0.5,0.0,0.5
64,26,48,49,20,1,0,5,0,0.8333333333333334,0.0,0.0,0.0
64,26,48,49,21,3,1,4,0,1.7142857142857142,0.3333333333333333,0.0,0.3333333333333333
64,26,48,49,22,3,0,6,0,2.0,0.0,0.0,0.0
64,26,48,49,23,7,4,7,0,3.5,0.5714285714285714,0.0,0.5714285714285714
64,26,48,49,24,5,0,12,0,3.5294117647058822,0.0,0.0,0.0
64,26,48,49,25,9,4,13,0,5.318181818181818,0.4444444444444444,0.0,0.4444444444444444
64,26,48,49,26,3,0,17,0,2.55,0.0,0.0,0.0
64,26,48,49,27,11,3,16,0,6.518518518518518,0.2727272727272727,0.0,0.2727272727272727
64,26,48,49,28,1,0,23,0,0.9583333333333334,0.0,0.0,0.0
64,26,48,49,29,8,4,20,0,5.714285714285714,0.5,0.0,0.5
64,26,48,49,30,2,0,23,0,1.84,0.0,0.0,0.0
64,26,48,49,31,2,1,21,0,1.826086956521739,0.5,0.0,0.5
64,26,48,49,32,1,0,19,0,0.95,0.0,0.0,0.0
64,26,48,49,33,6,3,16,0,4.363636363636363,0.5,0.0,0.5
64,26,48,49,34,2,0,19,0,1.8095238095238095,0.0,0.0,0.0
64,26,48,49,35,5,3,18,0,3.9130434782608696,0.6,0.0,0.6
64,26,48,49,36,3,0,19,0,2.590909090909091,0.0,0.0,0.0
64,26,48,49,37,4,1,18,0,3.272727272727273,0.25,0.0,0.25
64,26,48,49,38,2,0,19,0,1.8095238095238095,0.0,0.0,0.0
64,26,48,49,39,4,2,19,0,3.3043478260869565,0.5,0.0,0.5
64,26,56,57,20,2,0,1,0,0.6666666666666666,0.0,0.0,0.0
64,26,56,57,21,4,2,2,0,1.3333333333333333,0.5,0.0,0.5
64,26,56,57,22,1,0,5,0,0.8333333333333334,0.0,0.0,0.0
64,26,56,57,23,6,4,4,0,2.4,0.6666666666666666,0.0,0.6666666666666666
64,26,56,57,24,2,0,8,0,1.6,0.0,0.0,0.0
64,26,56,57,25,8,4,7,0,3.7333333333333334,0.5,0.0,0.5
64,26,56,57,26,5,0,10,0,3.3333333333333335,0.0,0.0,0.0
64,26,56,57,27,10,3,10,0,5.0,0.3,0.0,0.3
64,26,56,57,28,7,0,14,0,4.666666666666667,0.0,0.0,0.0
64,26,56,57,29,9,2,15,0,5.625,0.2222222222222222,0.0,0.2222222222222222
64,26,56,57,30,1,0,21,0,0.9545454545454546,0.0,0.0,0.0
64,26,56,57,31,4,1,18,0,3.272727272727273,0.25,0.0,0.25
64,26,56,57,32,1,0,19,0,0.95,0.0,0.0,0.0
64,26,56,57,33,3,1,15,0,2.5,0.3333333333333333,0.0,0.3333333333333333
64,26,56,57,34,1,0,13,0,0.9285714285714286,0.0,0.0,0.0
64,26,56,57,35,5,1,11,0,3.4375,0.2,0.0,0.2
64,26,56,57,36,2,0,13,0,1.7333333333333334,0.0,0.0,0.0
64,26,56,57,37,4,2,12,0,3.0,0.5,0.0,0.5
64,26,56,57,38,2,0,14,0,1.75,0.0,0.0,0.0
64,26,56,57,39,5,4,15,0,3.75,0.8,0.0,0.8
64,26,56,57,40,2,0,18,0,1.8,0.0,0.0,0.0
64,26,56,57,41,3,1,17,0,2.55,0.3333333333333333,0.0,0.3333333333333333
64,26,56,57,42,1,0,17,0,0.9444444444444444,0.0,0.0,0.0
64,26,56,57,43,3,1,15,1,2.5,0.3333333333333333,0.06666666666666667,0.26666666666666666
64,26,56,57,45,2,1,13,0,1.7333333333333334,0.5,0.0,0.5
64,26,64,65,23,3,1,2,0,1.2,0.3333333333333333,0.0,0.3333333333333333
64,26,64,65,24,2,0,3,0,1.2,0.0,0.0,0.0
64,26,64,65,25,5,1,3,0,1.875,0.2,0.0,0.2
64,26,64,65,26,6,0,4,0,2.4,0.0,0.0,0.0
64,26,64,65,27,9,4,6,0,3.6,0.4444444444444444,0.0,0.4444444444444444
64,26,64,65,28,6,0,8,0,3.4285714285714284,0.0,0.0,0.0
64,26,64,65,29,13,5,8,0,4.9523809523809526,0.38461538461538464,0.0,0.38461538461538464
64,26,64,65,30,5,0,16,0,3.8095238095238093,0.0,0.0,0.0
64,26,64,65,31,4,0,17,0,3.238095238095238,0.0,0.0,0.0
64,26,64,65,32,1,0,18,0,0.9473684210526315,0.0,0.0,0.0
64,26,64,65,33,3,1,15,0,2.5,0.3333333333333333,0.0,0.3333333333333333
64,26,64,65,34,1,0,13,0,0.9285714285714286,0.0,0.0,0.0
64,26,64,65,35,5,1,11,0,3.4375,0.2,0.0,0.2
64,26,64,65,36,2,0,13,0,1.7333333333333334,0.0,0.0,0.0
64,26,64,65,37,3,1,12,0,2.4,0.3333333333333333,0.0,0.3333333333333333
64,26,64,65,38,3,0,11,0,2.357142857142857,0.0,0.0,0.0
64,26,64,65,39,10,3,11,0,5.238095238095238,0.3,0.0,0.3
64,26,64,65,40,1,0,19,0,0.95,0.0,0.0,0.0
64,26,64,65,41,3,0,18,0,2.5714285714285716,0.0,0.0,0.0
64,26,64,65,42,1,0,18,0,0.9473684210526315,0.0,0.0,0.0
64,26,64,65,45,3,1,12,0,2.4,0.3333333333333333,0.0,0.3333333333333333
64,26,64,65,47,1,0,13,0,0.9285714285714286,0.0,0.0,0.0
64,26,64,65,49,1,0,13,0,0.9285714285714286,0.0,0.0,0.0
64,26,72,73,23,2,2,1,0,0.6666666666666666,1.0,0.0,1.0
64,26,72,73,24,1,0,2,0,0.6666666666666666,0.0,0.0,0.0
64,26,72,73,25,3,2,2,0,1.2,0.6666666666666666,0.0,0.6666666666666666
64,26,72,73,26,2,0,2,0,1.0,0.0,0.0,0.0
64,26,72,73,27,7,4,2,0,1.5555555555555556,0.5714285714285714,0.0,0.5714285714285714
64,26,72,73,28,1,0,6,0,0.8571428571428571,0.0,0.0,0.0
64,26,72,73,29,9,3,4,0,2.769230769230769,0.3333333333333333,0.0,0.3333333333333333
64,26,72,73,30,6,0,9,0,3.6,0.0,0.0,0.0
64,26,72,73,31,12,3,9,0,5.142857142857143,0.25,0.0,0.25
64,26,72,73,32,1,0,18,0,0.9473684210526315,0.0,0.0,0.0
64,26,72,73,33,2,0,15,0,1.7647058823529411,0.0,0.0,0.0
64,26,72,73,34,1,0,13,0,0.9285714285714286,0.0,0.0,0.0
64,26,72,73,35,5,1,11,0,3.4375,0.2,0.0,0.2
64,26,72,73,36,1,0,13,0,0.9285714285714286,0.0,0.0,0.0
64,26,72,73,37,4,1,11,0,2.933333333333333,0.25,0.0,0.25
64,26,72,73,38,3,0,10,0,2.3076923076923075,0.0,0.0,0.0
64,26,72,73,39,8,2,9,0,4.235294117647059,0.25,0.0,0.25
64,26,72,73,40,8,0,12,0,4.8,0.0,0.0,0.0
64,26,72,73,41,3,0,18,0,2.5714285714285716,0.0,0.0,0.0
64,26,72,73,42,1,0,18,0,0.9473684210526315,0.0,0.0,0.0
64,26,72,73,46,2,0,9,0,1.6363636363636365,0.0,0.0,0.0
64,26,72,73,47,3,0,8,0,2.1818181818181817,0.0,0.0,0.0
64,26,72,73,48,2,0,8,0,1.6,0.0,0.0,0.0
64,26,72,73,49,4,1,7,0,2.5454545454545454,0.25,0.0,0.25
64,26,72,73,50,2,0,10,0,1.6666666666666667,0.0,0.0,0.0
64,26,72,73,51,4,1,11,0,2.933333333333333,0.25,0.0,0.25
64,26,72,73,52,3,0,15,0,2.5,0.0,0.0,0.0
64,26,72,73,53,3,0,18,0,2.5714285714285716,0.0,0.0,0.0
64,26,72,73,54,3,0,22,0,2.64,0.0,0.0,0.0
64,26,72,73,55,3,0,25,0,2.6785714285714284,0.0,0.0,0.0
64,26,72,73,56,3,0,28,0,2.7096774193548385,0.0,0.0,0.0
64,26,72,73,57,3,0,30,0,2.727272727272727,0.0,0.0,0.0
64,26,72,73,58,2,0,32,0,1.8823529411764706,0.0,0.0,0.0
64,26,72,73,59,2,0,23,0,1.84,0.0,0.0,0.0
64,26,80,81,28,2,0,2,0,1.0,0.0,0.0,0.0
64,26,80,81,29,5,1,2,0,1.4285714285714286,0.2,0.0,0.2
64,26,80,81,30,4,0,5,0,2.2222222222222223,0.0,0.0,0.0
64,26,80,81,31,6,2,6,0,3.0,0.3333333333333333,0.0,0.3333333333333333
64,26,80,81,32,8,0,7,0,3.7333333333333334,0.0,0.0,0.0
64,26,80,81,33,4,1,11,0,2.933333333333333,0.25,0.0,0.25
64,26,80,81,34,1,0,11,0,0.9166666666666666,0.0,0.0,0.0
64,26,80,81,35,4,0,9,0,2.769230769230769,0.0,0.0,0.0
64,26,80,81,36,2,0,10,0,1.6666666666666667,0.0,0.0,0.0
64,26,80,81,37,4,1,9,0,2.769230769230769,0.25,0.0,0.25
64,26,80,81,38,3,0,9,0,2.25,0.0,0.0,0.0
64,26,80,81,39,5,2,9,0,3.2142857142857144,0.4,0.0,0.4
64,26,80,81,40,4,0,9,0,2.769230769230769,0.0,0.0,0.0
64,26,80,81,41,13,2,8,0,4.9523809523809526,0.15384615384615385,0.0,0.15384615384615385
64,26,80,81,42,1,0,18,0,0.9473684210526315,0.0,0.0,0.0
64,26,80,81,47,3,0,6,0,2.0,0.0,0.0,0.0
64,26,80,81,48,2,0,6,0,1.5,0.0,0.0,0.0
64,26,80,81,49,3,0,5,0,1.875,0.0,0.0,0.0
64,26,80,81,50,3,0,6,0,2.0,0.0,0.0,0.0
64,26,80,81,51,6,2,6,0,3.0,0.3333333333333333,0.0,0.3333333333333333
64,26,80,81,52,4,1,10,0,2.857142857142857,0.25,0.0,0.25
64,26,80,81,53,5,1,12,0,3.5294117647058822,0.2,0.0,0.2
64,26,80,81,54,6,0,16,0,4.363636363636363,0.0,0.0,0.0
64,26,80,81,55,5,1,20,0,4.0,0.2,0.0,0.2
64,26,80,81,56,4,0,23,0,3.4074074074074074,0.0,0.0,0.0
64,26,80,81,57,7,3,24,0,5.419354838709677,0.42857142857142855,0.0,0.42857142857142855
64,26,80,81,58,1,0,29,0,0.9666666666666667,0.0,0.0,0.0
64,26,80,81,59,1,1,21,0,0.9545454545454546,1.0,0.0,1.0
64,26,88,89,30,2,0,2,0,1.0,0.0,0.0,0.0
64,26,88,89,31,4,0,2,0,1.3333333333333333,0.0,0.0,0.0
64,26,88,89,32,4,0,4,0,2.0,0.0,0.0,0.0
64,26,88,89,33,8,1,4,0,2.6666666666666665,0.125,0.0,0.125
64,26,88,89,34,2,0,8,0,1.6,0.0,0.0,0.0
64,26,88,89,35,5,2,7,0,2.9166666666666665,0.4,0.0,0.4
64,26,88,89,36,2,0,9,0,1.6363636363636365,0.0,0.0,0.0
64,26,88,89,37,4,1,7,0,2.5454545454545454,0.25,0.0,0.25
64,26,88,89,38,2,0,8,0,1.6,0.0,0.0,0.0
64,26,88,89,39,4,0,8,0,2.6666666666666665,0.0,0.0,0.0
64,26,88,89,40,3,0,8,0,2.1818181818181817,0.0,0.0,0.0
64,26,88,89,41,7,2,7,0,3.5,0.2857142857142857,0.0,0.2857142857142857
64,26,88,89,42,7,0,8,0,3.7333333333333334,0.0,0.0,0.0
64,26,88,89,43,7,1,10,0,4.117647058823529,0.14285714285714285,0.0,0.14285714285714285
64,26,88,89,47,1,0,6,0,0.8571428571428571,0.0,0.0,0.0
64,26,88,89,48,1,0,5,0,0.8333333333333334,0.0,0.0,0.0
64,26,88,89,49,2,0,4,0,1.3333333333333333,0.0,0.0,0.0
64,26,88,89,50,2,0,5,0,1.4285714285714286,0.0,0.0,0.0
64,26,88,89,51,3,1,5,0,1.875,0.3333333333333333,0.0,0.3333333333333333
64,26,88,89,52,2,0,6,0,1.5,0.0,0.0,0.0
64,26,88,89,53,6,2,6,0,3.0,0.3333333333333333,0.0,0.3333333333333333
64,26,88,89,54,4,0,11,0,2.933333333333333,0.0,0.0,0.0
64,26,88,89,55,6,2,13,0,4.105263157894737,0.3333333333333333,0.0,0.3333333333333333
64,26,88,89,56,4,0,17,0,3.238095238095238,0.0,0.0,0.0
64,26,88,89,57,5,1,18,0,3.9130434782608696,0.2,0.0,0.2
64,26,88,89,58,3,0,20,0,2.608695652173913,0.0,0.0,0.0
64,26,88,89,59,4,2,14,0,3.111111111111111,0.5,0.0,0.5
64,26,88,89,60,3,0,8,0,2.1818181818181817,0.0,0.0,0.0
64,26,88,89,61,3,0,9,0,2.25,0.0,0.0,0.0
64,26,88,89,62,3,0,9,0,2.25,0.0,0.0,0.0
64,26,88,89,63,3,0,9,0,2.25,0.0,0.0,0.0
64,26,88,89,64,3,0,9,0,2.25,0.0,0.0,0.0
64,26,88,89,65,3,0,9,0,2.25,0.0,0.0,0.0
64,26,88,89,66,2,0,9,0,1.6363636363636365,0.0,0.0,0.0
64,26,88,89,67,2,0,9,0,1.6363636363636365,0.0,0.0,0.0
64,26,96,97,30,1,0,1,0,0.5,0.0,0.0,0.0
64,26,96,97,31,2,1,1,0,0.6666666666666666,0.5,0.0,0.5
64,26,96,97,32,1,0,2,0,0.6666666666666666,0.0,0.0,0.0
64,26,96,97,33,5,2,2,0,1.4285714285714286,0.4,0.0,0.4
64,26,96,97,34,3,0,3,0,1.5,0.0,0.0,0.0
64,26,96,97,35,5,1,3,0,1.875,0.2,0.0,0.2
64,26,96,97,36,2,0,6,0,1.5,0.0,0.0,0.0
64,26,96,97,37,3,3,6,0,2.0,1.0,0.0,1.0
64,26,96,97,38,2,0,6,0,1.5,0.0,0.0,0.0
64,26,96,97,39,3,1,6,0,2.0,0.3333333333333333,0.0,0.3333333333333333
64,26,96,97,40,3,0,5,0,1.875,0.0,0.0,0.0
64,26,96,97,41,5,2,5,0,2.5,0.4,0.0,0.4
64,26,96,97,42,5,0,6,0,2.727272727272727,0.0,0.0,0.0
64,26,96,97,43,8,1,6,0,3.4285714285714284,0.125,0.0,0.125
64,26,96,97,44,2,0,11,0,1.6923076923076923,0.0,0.0,0.0
64,26,96,97,45,3,0,9,0,2.25,0.0,0.0,0.0
64,26,96,97,47,1,0,6,0,0.8571428571428571,0.0,0.0,0.0
64,26,96,97,49,2,1,3,0,1.2,0.5,0.0,0.5
64,26,96,97,50,1,0,4,0,0.8,0.0,0.0,0.0
64,26,96,97,52,1,0,3,0,0.75,0.0,0.0,0.0
64,26,96,97,53,2,1,3,0,1.2,0.5,0.0,0.5
64,26,96,97,54,3,0,4,0,1.7142857142857142,0.0,0.0,0.0
64,26,96,97,55,6,2,5,0,2.727272727272727,0.3333333333333333,0.0,0.3333333333333333
64,26,96,97,56,3,0,9,0,2.25,0.0,0.0,0.0
64,26,96,97,57,5,1,9,0,3.2142857142857144,0.2,0.0,0.2
64,26,96,97,58,2,0,11,0,1.6923076923076923,0.0,0.0,0.0
64,26,96,97,59,4,2,8,0,2.6666666666666665,0.5,0.0,0.5
64,26,96,97,60,3,0,6,0,2.0,0.0,0.0,0.0
64,26,96,97,61,3,0,7,0,2.1,0.0,0.0,0.0
64,26,96,97,62,4,1,7,0,2.5454545454545454,0.25,0.0,0.25
64,26,96,97,63,3,1,8,0,2.1818181818181817,0.3333333333333333,0.0,0.3333333333333333
64,26,96,97,64,4,1,8,0,2.6666666666666665,0.25,0.0,0.25
64,26,96,97,65,2,0,9,0,1.6363636363636365,0.0,0.0,0.0
64,26,96,97,66,2,0,8,0,1.6,0.0,0.0,0.0
64,26,96,97,67,2,0,8,0,1.6,0.0,0.0,0.0
64,26,96,97,68,1,0,8,0,0.8888888888888888,0.0,0.0,0.0
64,26,104,105,32,1,0,1,0,0.5,0.0,0.0,0.0
64,26,104,105,33,2,2,1,0,0.6666666666666666,1.0,0.0,1.0
64,26,104,105,34,2,0,1,0,0.6666666666666666,0.0,0.0,0.0
64,26,104,105,35,5,2,1,0,0.8333333333333334,0.4,0.0,0.4
64,26,104,105,36,1,0,4,0,0.8,0.0,0.0,0.0
64,26,104,105,37,3,1,3,0,1.5,0.3333333333333333,0.0,0.3333333333333333
64,26,104,105,38,1,0,4,0,0.8,0.0,0.0,0.0
64,26,104,105,39,2,0,4,0,1.3333333333333333,0.0,0.0,0.0
64,26,104,105,40,1,0,4,0,0.8,0.0,0.0,0.0
64,26,104,105,41,3,1,3,0,1.5,0.3333333333333333,0.0,0.3333333333333333
64,26,104,105,42,2,0,3,0,1.2,0.0,0.0,0.0
64,26,104,105,43,5,1,3,0,1.875,0.2,0.0,0.2
64,26,104,105,44,6,0,4,0,2.4,0.0,0.0,0.0
64,26,104,105,45,6,0,5,0,2.727272727272727,0.0,0.0,0.0
64,26,104,105,46,2,0,7,0,1.5555555555555556,0.0,0.0,0.0
64,26,104,105,47,1,0,6,0,0.8571428571428571,0.0,0.0,0.0
64,26,104,105,49,1,0,3,0,0.75,0.0,0.0,0.0
64,26,104,105,50,2,0,3,0,1.2,0.0,0.0,0.0
64,26,104,105,51,1,0,4,0,0.8,0.0,0.0,0.0
64,26,104,105,53,3,1,3,0,1.5,0.3333333333333333,0.0,0.3333333333333333
64,26,104,105,54,3,0,4,0,1.7142857142857142,0.0,0.0,0.0
64,26,104,105,55,7,2,5,0,2.9166666666666665,0.2857142857142857,0.0,0.2857142857142857
64,26,104,105,56,4,0,8,0,2.6666666666666665,0.0,0.0,0.0
64,26,104,105,57,6,0,8,0,3.4285714285714284,0.0,0.0,0.0
64,26,104,105,58,2,0,11,0,1.6923076923076923,0.0,0.0,0.0
64,26,104,105,59,2,0,8,0,1.6,0.0,0.0,0.0
64,26,104,105,60,1,0,6,0,0.8571428571428571,0.0,0.0,0.0
64,26,104,105,61,1,0,7,0,0.875,0.0,0.0,0.0
64,26,104,105,62,2,0,7,0,1.5555555555555556,0.0,0.0,0.0
64,26,104,105,63,2,0,7,0,1.5555555555555556,0.0,0.0,0.0
64,26,104,105,64,2,0,7,0,1.5555555555555556,0.0,0.0,0.0
64,26,104,105,65,2,1,7,0,1.5555555555555556,0.5,0.0,0.5
64,26,104,105,66,1,0,7,0,0.875,0.0,0.0,0.0
64,26,104,105,67,1,0,7,0,0.875,0.0,0.0,0.0
64,26,104,105,68,1,0,7,0,0.875,0.0,0.0,0.0
64,26,112,113,37,3,0,1,0,0.75,0.0,0.0,0.0
64,26,112,113,38,2,0,2,0,1.0,0.0,0.0,0.0
64,26,112,113,39,2,0,3,0,1.2,0.0,0.0,0.0
64,26,112,113,40,2,0,3,0,1.2,0.0,0.0,0.0
64,26,112,113,41,1,0,3,0,0.75,0.0,0.0,0.0
64,26,112,113,42,1,0,3,0,0.75,0.0,0.0,0.0
64,26,112,113,43,3,1,3,0,1.5,0.3333333333333333,0.0,0.3333333333333333
64,26,112,113,44,6,0,3,0,2.0,0.0,0.0,0.0
64,26,112,113,45,4,0,4,0,2.0,0.0,0.0,0.0
64,26,112,113,46,4,0,3,0,1.7142857142857142,0.0,0.0,0.0
64,26,112,113,47,4,0,3,0,1.7142857142857142,0.0,0.0,0.0
64,26,112,113,49,3,1,3,0,1.5,0.3333333333333333,0.0,0.3333333333333333
64,26,112,113,51,1,0,4,0,0.8,0.0,0.0,0.0
64,26,112,113,52,1,0,4,0,0.8,0.0,0.0,0.0
64,26,112,113,53,3,0,3,0,1.5,0.0,0.0,0.0
64,26,112,113,54,3,0,4,0,1.7142857142857142,0.0,0.0,0.0
64,26,112,113,55,6,0,5,0,2.727272727272727,0.0,0.0,0.0
64,26,112,113,56,2,0,10,0,1.6666666666666667,0.0,0.0,0.0
64,26,112,113,57,4,2,11,0,2.933333333333333,0.5,0.0,0.5
64,26,112,113,58,2,0,12,0,1.7142857142857142,0.0,0.0,0.0
64,26,112,113,59,2,0,8,0,1.6,0.0,0.0,0.0
64,26,112,113,60,1,0,5,0,0.8333333333333334,0.0,0.0,0.0
64,26,112,113,61,1,0,6,0,0.8571428571428571,0.0,0.0,0.0
64,26,112,113,62,1,0,6,0,0.8571428571428571,0.0,0.0,0.0
64,26,112,113,63,1,0,6,0,0.8571428571428571,0.0,0.0,0.0
64,26,112,113,64,1,0,6,0,0.8571428571428571,0.0,0.0,0.0
64,26,112,113,65,2,1,6,0,1.5,0.5,0.0,0.5
64,26,112,113,67,2,1,6,0,1.5,0.5,0.0,0.5
64,26,112,113,68,1,0,7,0,0.875,0.0,0.0,0.0
64,26,120,121,38,1,0,1,0,0.5,0.0,0.0,0.0
64,26,120,121,39,2,0,1,0,0.6666666666666666,0.0,0.0,0.0
64,26,120,121,40,2,0,1,0,0.6666666666666666,0.0,0.0,0.0
64,26,120,121,41,2,0,1,0,0.6666666666666666,0.0,0.0,0.0
64,26,120,121,42,2,0,1,0,0.6666666666666666,0.0,0.0,0.0
64,26,120,121,43,2,0,1,0,0.6666666666666666,0.0,0.0,0.0
64,26,120,121,44,3,0,1,0,0.75,0.0,0.0,0.0
64,26,120,121,45,5,1,1,0,0.8333333333333334,0.2,0.0,0.2
64,26,120,121,46,4,0,1,0,0.8,0.0,0.0,0.0
64,26,120,121,47,3,0,1,0,0.75,0.0,0.0,0.0
64,26,120,121,48,3,0,1,0,0.75,0.0,0.0,0.0
64,26,120,121,49,5,1,1,0,0.8333333333333334,0.2,0.0,0.2
64,26,120,121,51,1,0,4,0,0.8,0.0,0.0,0.0
64,26,120,121,53,4,1,3,0,1.7142857142857142,0.25,0.0,0.25
64,26,120,121,54,2,0,6,0,1.5,0.0,0.0,0.0
64,26,120,121,55,4,1,7,0,2.5454545454545454,0.25,0.0,0.25
64,26,120,121,56,1,0,10,0,0.9090909090909091,0.0,0.0,0.0
64,26,120,121,57,3,2,10,0,2.3076923076923075,0.6666666666666666,0.0,0.6666666666666666
64,26,120,121,58,1,0,11,0,0.9166666666666666,0.0,0.0,0.0
64,26,120,121,59,4,2,4,0,2.0,0.5,0.0,0.5
64,26,120,121,61,2,2,1,0,0.6666666666666666,1.0,0.0,1.0
64,26,120,121,68,1,0,5,0,0.8333333333333334,0.0,0.0,0.0
64,26,120,121,69,2,2,5,0,1.4285714285714286,1.0,0.0,1.0
64,26,128,129,48,2,0,1,0,0.6666666666666666,0.0,0.0,0.0
64,26,128,129,51,1,0,4,0,0.8,0.0,0.0,0.0
64,26,128,129,53,4,1,3,0,1.7142857142857142,0.25,0.0,0.25
64,26,128,129,54,2,0,6,0,1.5,0.0,0.0,0.0
64,26,128,129,55,3,1,7,0,2.1,0.3333333333333333,0.0,0.3333333333333333
64,26,128,129,57,3,1,8,0,2.1818181818181817,0.3333333333333333,0.0,0.3333333333333333
64,26,128,129,58,1,0,9,0,0.9,0.0,0.0,0.0
64,26,128,129,59,1,0,4,0,0.8,0.0,0.0,0.0
64,26,128,129,73,1,1,1,0,0.5,1.0,0.0,1.0
64,26,128,129,75,1,1,3,0,0.75,1.0,0.0,1.0
64,26,136,137,50,2,0,2,0,1.0,0.0,0.0,0.0
64,26,136,137,51,3,0,2,0,1.2,0.0,0.0,0.0
64,26,136,137,53,4,1,3,0,1.7142857142857142,0.25,0.0,0.25
64,26,136,137,54,2,0,6,0,1.5,0.0,0.0,0.0
64,26,136,137,55,3,1,7,0,2.1,0.3333333333333333,0.0,0.3333333333333333
64,26,136,137,57,2,1,8,0,1.6,0.5,0.0,0.5
64,26,136,137,58,2,0,8,0,1.6,0.0,0.0,0.0
64,26,136,137,59,1,0,4,0,0.8,0.0,0.0,0.0
64,26,144,145,50,2,0,2,0,1.0,0.0,0.0,0.0
64,26,144,145,51,3,0,2,0,1.2,0.0,0.0,0.0
64,26,144,145,53,4,2,3,0,1.7142857142857142,0.5,0.0,0.5
64,26,144,145,54,1,0,6,0,0.8571428571428571,0.0,0.0,0.0
64,26,144,145,55,3,1,7,0,2.1,0.3333333333333333,0.0,0.3333333333333333
64,26,144,145,57,2,1,8,0,1.6,0.5,0.0,0.5
64,26,144,145,58,2,0,8,0,1.6,0.0,0.0,0.0
64,26,144,145,59,1,0,4,0,0.8,0.0,0.0,0.0
64,26,152,153,50,2,0,1,0,0.6666666666666666,0.0,0.0,0.0
64,26,152,153,51,3,2,2,0,1.2,0.6666666666666666,0.0,0.6666666666666666
64,26,152,153,53,4,3,3,0,1.7142857142857142,0.75,0.0,0.75
64,26,152,153,54,1,0,6,0,0.8571428571428571,0.0,0.0,0.0
64,26,152,153,55,3,2,7,0,2.1,0.6666666666666666,0.0,0.6666666666666666
64,26,152,153,56,1,0,8,0,0.8888888888888888,0.0,0.0,0.0
64,26,152,153,57,2,0,7,0,1.5555555555555556,0.0,0.0,0.0
64,26,152,153,58,1,0,8,0,0.8888888888888888,0.0,0.0,0.0
64,26,152,153,59,1,1,4,0,0.8,1.0,0.0,1.0
64,26,152,153,72,1,0,1,0,0.5,0.0,0.0,0.0
64,26,152,153,83,1,1,12,0,0.9230769230769231,1.0,0.0,1.0
64,26,152,153,85,2,0,12,0,1.7142857142857142,0.0,0.0,0.0
64,26,152,153,86,2,0,12,0,1.7142857142857142,0.0,0.0,0.0
64,26,152,153,87,2,0,12,0,1.7142857142857142,0.0,0.0,0.0
64,26,152,153,88,2,0,12,0,1.7142857142857142,0.0,0.0,0.0
64,26,152,153,89,3,0,12,0,2.4,0.0,0.0,0.0
64,26,160,161,51,2,0,1,0,0.6666666666666666,0.0,0.0,0.0
64,26,160,161,52,2,0,2,0,1.0,0.0,0.0,0.0
64,26,160,161,53,1,1,3,0,0.75,1.0,0.0,1.0
64,26,160,161,54,3,0,3,0,1.5,0.0,0.0,0.0
64,26,160,161,55,1,0,6,0,0.8571428571428571,0.0,0.0,0.0
64,26,160,161,56,1,0,7,0,0.875,0.0,0.0,0.0
64,26,160,161,57,2,2,7,0,1.5555555555555556,1.0,0.0,1.0
64,26,160,161,58,1,0,7,0,0.875,0.0,0.0,0.0
64,26,160,161,59,1,0,3,0,0.75,0.0,0.0,0.0
64,26,160,161,72,1,0,1,0,0.5,0.0,0.0,0.0
64,26,160,161,77,2,0,2,0,1.0,0.0,0.0,0.0
64,26,160,161,78,3,1,3,0,1.5,0.3333333333333333,0.0,0.3333333333333333
64,26,160,161,79,1,0,5,0,0.8333333333333334,0.0,0.0,0.0
64,26,160,161,80,3,1,5,0,1.875,0.3333333333333333,0.0,0.3333333333333333
64,26,160,161,81,1,0,7,0,0.875,0.0,0.0,0.0
64,26,160,161,82,2,0,7,0,1.5555555555555556,0.0,0.0,0.0
64,26,160,161,83,2,0,8,0,1.6,0.0,0.0,0.0
64,26,160,161,84,2,0,9,0,1.6363636363636365,0.0,0.0,0.0
64,26,160,161,85,2,0,10,0,1.6666666666666667,0.0,0.0,0.0
64,26,160,161,86,2,0,10,0,1.6666666666666667,0.0,0.0,0.0
64,26,160,161,87,2,0,10,0,1.6666666666666667,0.0,0.0,0.0
64,26,160,161,88,2,0,10,0,1.6666666666666667,0.0,0.0,0.0
64,26,160,161,89,2,0,10,0,1.6666666666666667,0.0,0.0,0.0
64,26,160,161,90,4,2,10,0,2.857142857142857,0.5,0.0,0.5
64,26,168,169,51,1,1,1,0,0.5,1.0,0.0,1.0
64,26,168,169,52,1,0,2,0,0.6666666666666666,0.0,0.0,0.0
64,26,168,169,53,1,1,2,0,0.6666666666666666,1.0,0.0,1.0
64,26,168,169,54,1,0,3,0,0.75,0.0,0.0,0.0
64,26,168,169,55,2,2,4,0,1.3333333333333333,1.0,0.0,1.0
64,26,168,169,57,2,1,5,0,1.4285714285714286,0.5,0.0,0.5
64,26,168,169,58,1,0,5,0,0.8333333333333334,0.0,0.0,0.0
64,26,168,169,59,1,0,2,0,0.6666666666666666,0.0,0.0,0.0
64,26,168,169,72,1,0,1,0,0.5,0.0,0.0,0.0
64,26,168,169,78,4,1,1,0,0.8,0.25,0.0,0.25
64,26,168,169,79,2,0,4,0,1.3333333333333333,0.0,0.0,0.0
64,26,168,169,80,2,0,5,0,1.4285714285714286,0.0,0.0,0.0
64,26,168,169,81,2,0,6,0,1.5,0.0,0.0,0.0
64,26,168,169,82,2,0,7,0,1.5555555555555556,0.0,0.0,0.0
64,26,168,169,83,2,0,8,0,1.6,0.0,0.0,0.0
64,26,168,169,84,2,0,9,0,1.6363636363636365,0.0,0.0,0.0
64,26,168,169,85,2,0,10,0,1.6666666666666667,0.0,0.0,0.0
64,26,168,169,86,2,0,10,0,1.6666666666666667,0.0,0.0,0.0
64,26,168,169,87,2,0,10,0,1.6666666666666667,0.0,0.0,0.0
64,26,168,169,88,2,0,10,0,1.6666666666666667,0.0,0.0,0.0
64,26,168,169,89,2,0,10,0,1.6666666666666667,0.0,0.0,0.0
64,26,168,169,90,2,0,10,0,1.6666666666666667,0.0,0.0,0.0
64,26,168,169,91,2,0,10,0,1.6666666666666667,0.0,0.0,0.0
64,26,176,177,52,2,0,1,0,0.6666666666666666,0.0,0.0,0.0
64,26,176,177,53,1,0,1,0,0.5,0.0,0.0,0.0
64,26,176,177,54,1,0,2,0,0.6666666666666666,0.0,0.0,0.0
64,26,176,177,55,2,0,2,0,1.0,0.0,0.0,0.0
64,26,176,177,57,2,1,3,0,1.2,0.5,0.0,0.5
64,26,176,177,58,1,0,3,0,0.75,0.0,0.0,0.0
64,26,176,177,59,1,0,1,0,0.5,0.0,0.0,0.0
64,26,176,177,72,1,0,1,0,0.5,0.0,0.0,0.0
64,26,176,177,78,2,1,1,0,0.6666666666666666,0.5,0.0,0.5
64,26,176,177,79,2,0,2,0,1.0,0.0,0.0,0.0
64,26,176,177,80,2,0,3,0,1.2,0.0,0.0,0.0
64,26,176,177,81,2,0,4,0,1.3333333333333333,0.0,0.0,0.0
64,26,176,177,82,2,0,5,0,1.4285714285714286,0.0,0.0,0.0
64,26,176,177,83,2,0,6,0,1.5,0.0,0.0,0.0
64,26,176,177,84,2,0,7,0,1.5555555555555556,0.0,0.0,0.0
64,26,176,177,85,2,0,8,0,1.6,0.0,0.0,0.0
64,26,176,177,86,2,0,8,0,1.6,0.0,0.0,0.0
64,26,176,177,87,2,0,8,0,1.6,0.0,0.0,0.0
64,26,176,177,88,2,0,8,0,1.6,0.0,0.0,0.0
64,26,176,177,89,2,0,8,0,1.6,0.0,0.0,0.0
64,26,176,177,90,2,0,8,0,1.6,0.0,0.0,0.0
64,26,176,177,91,2,0,8,0,1.6,0.0,0.0,0.0
64,26,176,177,92,2,0,8,0,1.6,0.0,0.0,0.0
64,26,184,185,52,1,0,1,0,0.5,0.0,0.0,0.0
64,26,184,185,53,1,1,1,0,0.5,1.0,0.0,1.0
64,26,184,185,54,1,0,1,0,0.5,0.0,0.0,0.0
64,26,184,185,55,2,0,1,0,0.6666666666666666,0.0,0.0,0.0
64,26,184,185,56,1,0,2,0,0.6666666666666666,0.0,0.0,0.0
64,26,184,185,57,2,0,1,0,0.6666666666666666,0.0,0.0,0.0
64,26,184,185,58,1,0,2,0,0.6666666666666666,0.0,0.0,0.0
64,26,184,185,59,1,1,1,0,0.5,1.0,0.0,1.0
64,26,184,185,72,1,0,1,0,0.5,0.0,0.0,0.0
64,26,184,185,78,1,0,1,0,0.5,0.0,0.0,0.0
64,26,184,185,79,1,0,2,0,0.6666666666666666,0.0,0.0,0.0
64,26,184,185,80,1,0,3,0,0.75,0.0,0.0,0.0
64,26,184,185,81,2,1,4,0,1.3333333333333333,0.5,0.0,0.5
64,26,184,185,82,2,0,5,0,1.4285714285714286,0.0,0.0,0.0
64,26,184,185,83,2,0,6,0,1.5,0.0,0.0,0.0
64,26,184,185,84,2,0,7,0,1.5555555555555556,0.0,0.0,0.0
64,26,184,185,85,2,0,8,0,1.6,0.0,0.0,0.0
64,26,184,185,86,2,0,8,0,1.6,0.0,0.0,0.0
64,26,184,185,87,2,0,8,0,1.6,0.0,0.0,0.0
64,26,184,185,88,2,0,8,0,1.6,0.0,0.0,0.0
64,26,184,185,89,2,0,8,0,1.6,0.0,0.0,0.0
64,26,184,185,90,2,0,8,0,1.6,0.0,0.0,0.0
64,26,184,185,91,2,0,8,0,1.6,0.0,0.0,0.0
64,26,184,185,92,1,0,8,0,0.8888888888888888,0.0,0.0,0.0
64,26,192,193,55,1,1,1,0,0.5,1.0,0.0,1.0
64,26,192,193,56,1,0,2,0,0.6666666666666666,0.0,0.0,0.0
64,26,192,193,57,2,1,1,0,0.6666666666666666,0.5,0.0,0.5
64,26,192,193,58,1,0,1,0,0.5,0.0,0.0,0.0
64,26,192,193,72,2,0,1,0,0.6666666666666666,0.0,0.0,0.0
64,26,192,193,73,2,1,1,0,0.6666666666666666,0.5,0.0,0.5
64,26,192,193,78,1,0,1,0,0.5,0.0,0.0,0.0
64,26,192,193,79,1,0,2,0,0.6666666666666666,0.0,0.0,0.0
64,26,192,193,80,1,0,3,0,0.75,0.0,0.0,0.0
64,26,192,193,81,2,1,4,0,1.3333333333333333,0.5,0.0,0.5
64,26,192,193,82,2,0,5,0,1.4285714285714286,0.0,0.0,0.0
64,26,192,193,83,2,0,6,0,1.5,0.0,0.0,0.0
64,26,192,193,84,2,0,7,0,1.5555555555555556,0.0,0.0,0.0
64,26,192,193,85,2,0,8,0,1.6,0.0,0.0,0.0
64,26,192,193,86,2,0,8,0,1.6,0.0,0.0,0.0
64,26,192,193,87,2,0,8,0,1.6,0.0,0.0,0.0
64,26,192,193,88,2,0,8,0,1.6,0.0,0.0,0.0
64,26,192,193,89,2,0,8,0,1.6,0.0,0.0,0.0
64,26,192,193,90,2,0,8,0,1.6,0.0,0.0,0.0
64,26,192,193,91,2,0,8,0,1.6,0.0,0.0,0.0
64,26,192,193,92,1,0,8,0,0.8888888888888888,0.0,0.0,0.0
64,26,200,201,72,2,0,1,0,0.6666666666666666,0.0,0.0,0.0
64,26,200,201,73,2,1,1,0,0.6666666666666666,0.5,0.0,0.5
64,26,200,201,78,1,0,1,0,0.5,0.0,0.0,0.0
64,26,200,201,79,1,0,2,0,0.6666666666666666,0.0,0.0,0.0
64,26,200,201,80,1,0,3,0,0.75,0.0,0.0,0.0
64,26,200,201,81,2,0,4,0,1.3333333333333333,0.0,0.0,0.0
64,26,200,201,82,2,0,5,0,1.4285714285714286,0.0,0.0,0.0
64,26,200,201,83,2,0,6,0,1.5,0.0,0.0,0.0
64,26,200,201,84,2,0,7,0,1.5555555555555556,0.0,0.0,0.0
64,26,200,201,85,2,0,8,0,1.6,0.0,0.0,0.0
64,26,200,201,86,2,0,8,0,1.6,0.0,0.0,0.0
64,26,200,201,87,2,0,8,0,1.6,0.0,0.0,0.0
64,26,200,201,88,2,0,8,0,1.6,0.0,0.0,0.0
64,26,200,201,89,2,0,8,0,1.6,0.0,0.0,0.0
64,26,200,201,90,2,0,8,0,1.6,0.0,0.0,0.0
64,26,200,201,91,2,0,8,0,1.6,0.0,0.0,0.0
64,26,200,201,92,1,0,8,0,0.8888888888888888,0.0,0.0,0.0
64,26,208,209,73,2,1,1,0,0.6666666666666666,0.5,0.0,0.5
64,26,208,209,78,1,0,1,0,0.5,0.0,0.0,0.0
64,26,208,209,79,1,0,2,0,0.6666666666666666,0.0,0.0,0.0
64,26,208,209,80,1,0,3,0,0.75,0.0,0.0,0.0
64,26,208,209,81,2,0,4,0,1.3333333333333333,0.0,0.0,0.0
64,26,208,209,82,2,0,5,0,1.4285714285714286,0.0,0.0,0.0
64,26,208,209,83,2,0,6,0,1.5,0.0,0.0,0.0
64,26,208,209,84,2,0,7,0,1.5555555555555556,0.0,0.0,0.0
64,26,208,209,85,2,0,8,0,1.6,0.0,0.0,0.0
64,26,208,209,86,2,0,8,0,1.6,0.0,0.0,0.0
64,26,208,209,87,2,0,8,0,1.6,0.0,0.0,0.0
64,26,208,209,88,2,0,8,0,1.6,0.0,0.0,0.0
64,26,208,209,89,2,0,8,0,1.6,0.0,0.0,0.0
64,26,208,209,90,2,0,8,0,1.6,0.0,0.0,0.0
64,26,208,209,91,2,0,8,0,1.6,0.0,0.0,0.0
64,26,208,209,92,1,0,8,0,0.8888888888888888,0.0,0.0,0.0
64,26,216,217,78,1,0,1,0,0.5,0.0,0.0,0.0
64,26,216,217,79,1,0,2,0,0.6666666666666666,0.0,0.0,0.0
64,26,216,217,80,1,0,3,0,0.75,0.0,0.0,0.0
64,26,216,217,81,2,1,4,0,1.3333333333333333,0.5,0.0,0.5
64,26,216,217,82,2,0,5,0,1.4285714285714286,0.0,0.0,0.0
64,26,216,217,83,2,0,6,0,1.5,0.0,0.0,0.0
64,26,216,217,84,2,0,7,0,1.5555555555555556,0.0,0.0,0.0
64,26,216,217,85,2,0,8,0,1.6,0.0,0.0,0.0
64,26,216,217,86,2,0,8,0,1.6,0.0,0.0,0.0
64,26,216,217,87,2,0,8,0,1.6,0.0,0.0,0.0
64,26,216,217,88,2,0,8,0,1.6,0.0,0.0,0.0
64,26,216,217,89,2,0,8,0,1.6,0.0,0.0,0.0
64,26,216,217,90,2,0,8,0,1.6,0.0,0.0,0.0
64,26,216,217,91,2,1,8,0,1.6,0.5,0.0,0.5
64,26,216,217,92,1,0,8,0,0.8888888888888888,0.0,0.0,0.0
64,26,224,225,78,1,0,1,0,0.5,0.0,0.0,0.0
64,26,224,225,79,1,0,2,0,0.6666666666666666,0.0,0.0,0.0
64,26,224,225,80,1,0,3,0,0.75,0.0,0.0,0.0
64,26,224,225,81,1,0,4,0,0.8,0.0,0.0,0.0
64,26,224,225,82,1,0,5,0,0.8333333333333334,0.0,0.0,0.0
64,26,224,225,83,1,0,6,0,0.8571428571428571,0.0,0.0,0.0
64,26,224,225,84,1,0,7,0,0.875,0.0,0.0,0.0
64,26,224,225,85,1,0,8,0,0.8888888888888888,0.0,0.0,0.0
64,26,224,225,86,1,0,8,0,0.8888888888888888,0.0,0.0,0.0
64,26,224,225,87,2,0,8,0,1.6,0.0,0.0,0.0
64,26,224,225,88,2,0,8,0,1.6,0.0,0.0,0.0
64,26,224,225,89,1,0,8,0,0.8888888888888888,0.0,0.0,0.0
64,26,224,225,90,1,0,8,0,0.8888888888888888,0.0,0.0,0.0
64,26,224,225,91,1,0,8,0,0.8888888888888888,0.0,0.0,0.0
64,26,224,225,92,1,0,8,0,0.8888888888888888,0.0,0.0,0.0
64,26,232,233,78,1,0,1,0,0.5,0.0,0.0,0.0
64,26,232,233,79,1,0,2,0,0.6666666666666666,0.0,0.0,0.0
64,26,232,233,80,1,0,3,0,0.75,0.0,0.0,0.0
64,26,232,233,81,2,1,4,0,1.3333333333333333,0.5,0.0,0.5
64,26,232,233,82,2,0,5,0,1.4285714285714286,0.0,0.0,0.0
64,26,232,233,83,2,0,6,0,1.5,0.0,0.0,0.0
64,26,232,233,84,2,0,7,0,1.5555555555555556,0.0,0.0,0.0
64,26,232,233,85,2,0,8,0,1.6,0.0,0.0,0.0
64,26,232,233,86,2,0,8,0,1.6,0.0,0.0,0.0
64,26,232,233,87,2,0,8,0,1.6,0.0,0.0,0.0
64,26,232,233,88,2,0,8,0,1.6,0.0,0.0,0.0
64,26,232,233,89,1,0,8,0,0.8888888888888888,0.0,0.0,0.0
64,26,232,233,90,1,0,8,0,0.8888888888888888,0.0,0.0,0.0
64,26,232,233,91,1,0,8,0,0.8888888888888888,0.0,0.0,0.0
64,26,232,233,92,1,0,8,0,0.8888888888888888,0.0,0.0,0.0
64,26,240,241,78,1,0,1,0,0.5,0.0,0.0,0.0
64,26,240,241,79,2,0,2,0,1.0,0.0,0.0,0.0
64,26,240,241,80,2,0,3,0,1.2,0.0,0.0,0.0
64,26,240,241,81,2,0,4,0,1.3333333333333333,0.0,0.0,0.0
64,26,240,241,82,2,0,5,0,1.4285714285714286,0.0,0.0,0.0
64,26,240,241,83,2,0,6,0,1.5,0.0,0.0,0.0
64,26,240,241,84,2,0,7,0,1.5555555555555556,0.0,0.0,0.0
64,26,240,241,85,2,0,8,0,1.6,0.0,0.0,0.0
64,26,240,241,86,2,0,8,0,1.6,0.0,0.0,0.0
64,26,240,241,87,2,0,8,0,1.6,0.0,0.0,0.0
64,26,240,241,88,2,0,8,0,1.6,0.0,0.0,0.0
64,26,240,241,89,1,0,8,0,0.8888888888888888,0.0,0.0,0.0
64,26,240,241,90,1,0,8,0,0.8888888888888888,0.0,0.0,0.0
64,26,240,241,91,1,0,8,0,0.8888888888888888,0.0,0.0,0.0
64,26,240,241,92,1,0,8,0,0.8888888888888888,0.0,0.0,0.0
64,26,248,249,78,2,0,1,0,0.6666666666666666,0.0,0.0,0.0
64,26,248,249,79,2,1,2,0,1.0,0.5,0.0,0.5
64,26,248,249,80,2,0,3,0,1.2,0.0,0.0,0.0
64,26,248,249,81,2,0,4,0,1.3333333333333333,0.0,0.0,0.0
64,26,248,249,82,2,0,5,0,1.4285714285714286,0.0,0.0,0.0
64,26,248,249,83,2,0,6,0,1.5,0.0,0.0,0.0
64,26,248,249,84,2,0,7,0,1.5555555555555556,0.0,0.0,0.0
64,26,248,249,85,2,0,8,0,1.6,0.0,0.0,0.0
64,26,248,249,86,2,0,8,0,1.6,0.0,0.0,0.0
64,26,248,249,87,2,0,8,0,1.6,0.0,0.0,0.0
64,26,248,249,88,2,0,8,0,1.6,0.0,0.0,0.0
64,26,248,249,89,1,0,8,0,0.8888888888888888,0.0,0.0,0.0
64,26,248,249,90,1,0,8,0,0.8888888888888888,0.0,0.0,0.0
64,26,248,249,91,1,0,8,0,0.8888888888888888,0.0,0.0,0.0
64,26,248,249,93,1,0,7,0,0.875,0.0,0.0,0.0
64,27,24,25,16,5,0,4,0,2.2222222222222223,0.0,0.0,0.0
64,27,24,25,17,4,0,6,1,2.4,0.0,0.16666666666666666,-0.16666666666666666
64,27,24,25,18,1,0,8,0,0.8888888888888888,0.0,0.0,0.0
64,27,32,33,18,3,0,4,0,1.7142857142857142,0.0,0.0,0.0
64,27,32,33,19,3,1,5,0,1.875,0.3333333333333333,0.0,0.3333333333333333
64,27,32,33,20,2,0,6,0,1.5,0.0,0.0,0.0
64,27,32,33,21,2,1,7,0,1.5555555555555556,0.5,0.0,0.5
64,27,32,33,22,1,0,9,0,0.9,0.0,0.0,0.0
64,27,40,41,19,5,2,1,0,0.8333333333333334,0.4,0.0,0.4
64,27,40,41,20,2,0,4,0,1.3333333333333333,0.0,0.0,0.0
64,27,40,41,23,5,1,3,0,1.875,0.2,0.0,0.2
64,27,40,41,25,4,3,6,0,2.4,0.75,0.0,0.75
64,27,48,49,20,2,0,1,0,0.6666666666666666,0.0,0.0,0.0
64,27,48,49,21,4,1,1,0,0.8,0.25,0.0,0.25
64,27,48,49,23,1,1,3,0,0.75,1.0,0.0,1.0
64,27,48,49,24,1,0,2,0,0.6666666666666666,0.0,0.0,0.0
64,27,48,49,25,5,0,1,0,0.8333333333333334,0.0,0.0,0.0
64,27,48,49,26,1,0,4,0,0.8,0.0,0.0,0.0
64,27,48,49,27,5,1,4,0,2.2222222222222223,0.2,0.0,0.2
64,27,48,49,29,4,2,9,0,2.769230769230769,0.5,0.0,0.5
64,27,56,57,22,2,0,1,0,0.6666666666666666,0.0,0.0,0.0
64,27,56,57,23,2,0,1,0,0.6666666666666666,0.0,0.0,0.0
64,27,56,57,25,4,2,1,0,0.8,0.5,0.0,0.5
64,27,56,57,26,2,0,2,0,1.0,0.0,0.0,0.0
64,27,56,57,27,7,1,2,0,1.5555555555555556,0.14285714285714285,0.0,0.14285714285714285
64,27,56,57,29,4,2,9,0,2.769230769230769,0.5,0.0,0.5
64,27,56,57,35,1,0,12,0,0.9230769230769231,0.0,0.0,0.0
64,27,56,57,36,2,0,10,0,1.6666666666666667,0.0,0.0,0.0
64,27,56,57,37,3,2,9,0,2.25,0.6666666666666666,0.0,0.6666666666666666
64,27,56,57,38,5,0,9,0,3.2142857142857144,0.0,0.0,0.0
64,27,56,57,39,5,1,11,0,3.4375,0.2,0.0,0.2
64,27,56,57,40,3,0,14,0,2.4705882352941178,0.0,0.0,0.0
64,27,56,57,41,8,3,13,0,4.9523809523809526,0.375,0.0,0.375
64,27,56,57,43,4,1,19,0,3.3043478260869565,0.25,0.0,0.25
64,27,64,65,25,1,1,1,0,0.5,1.0,0.0,1.0
64,27,64,65,27,6,3,1,0,0.8571428571428571,0.5,0.0,0.5
64,27,64,65,28,2,0,5,0,1.4285714285714286,0.0,0.0,0.0
64,27,64,65,29,7,3,5,0,2.9166666666666665,0.42857142857142855,0.0,0.42857142857142855
64,27,64,65,30,1,0,12,0,0.9230769230769231,0.0,0.0,0.0
64,27,64,65,31,2,0,13,0,1.7333333333333334,0.0,0.0,0.0
64,27,64,65,34,1,0,12,0,0.9230769230769231,0.0,0.0,0.0
64,27,64,65,35,1,1,11,0,0.9166666666666666,1.0,0.0,1.0
64,27,64,65,37,1,1,9,0,0.9,1.0,0.0,1.0
64,27,64,65,38,3,1,8,0,2.1818181818181817,0.3333333333333333,0.0,0.3333333333333333
64,27,64,65,39,3,0,9,0,2.25,0.0,0.0,0.0
64,27,64,65,40,4,0,9,0,2.769230769230769,0.0,0.0,0.0
64,27,64,65,41,4,0,10,0,2.857142857142857,0.0,0.0,0.0
64,27,64,65,42,4,0,11,0,2.933333333333333,0.0,0.0,0.0
64,27,64,65,43,5,2,12,0,3.5294117647058822,0.4,0.0,0.4
64,27,64,65,44,4,0,14,0,3.111111111111111,0.0,0.0,0.0
64,27,64,65,45,7,3,15,0,4.7727272727272725,0.42857142857142855,0.0,0.42857142857142855
64,27,64,65,46,5,0,18,0,3.9130434782608696,0.0,0.0,0.0
64,27,64,65,47,5,1,20,0,4.0,0.2,0.0,0.2
64,27,64,65,48,3,0,23,0,2.6538461538461537,0.0,0.0,0.0
64,27,64,65,49,6,3,24,0,4.8,0.5,0.0,0.5
64,27,72,73,28,2,0,1,0,0.6666666666666666,0.0,0.0,0.0
64,27,72,73,29,5,2,2,0,1.4285714285714286,0.4,0.0,0.4
64,27,72,73,30,2,0,5,0,1.4285714285714286,0.0,0.0,0.0
64,27,72,73,31,7,2,5,0,2.9166666666666665,0.2857142857142857,0.0,0.2857142857142857
64,27,72,73,32,2,0,11,0,1.6923076923076923,0.0,0.0,0.0
64,27,72,73,33,3,0,11,0,2.357142857142857,0.0,0.0,0.0
64,27,72,73,34,1,0,12,0,0.9230769230769231,0.0,0.0,0.0
64,27,72,73,35,1,1,11,0,0.9166666666666666,1.0,0.0,1.0
64,27,72,73,37,1,1,9,0,0.9,1.0,0.0,1.0
64,27,72,73,39,3,1,7,0,2.1,0.3333333333333333,0.0,0.3333333333333333
64,27,72,73,40,2,0,7,0,1.5555555555555556,0.0,0.0,0.0
64,27,72,73,41,4,1,7,0,2.5454545454545454,0.25,0.0,0.25
64,27,72,73,42,2,0,9,0,1.6363636363636365,0.0,0.0,0.0
64,27,72,73,43,3,1,9,0,2.25,0.3333333333333333,0.0,0.3333333333333333
64,27,72,73,44,1,0,11,0,0.9166666666666666,0.0,0.0,0.0
64,27,72,73,45,3,1,11,0,2.357142857142857,0.3333333333333333,0.0,0.3333333333333333
64,27,72,73,46,2,0,12,0,1.7142857142857142,0.0,0.0,0.0
64,27,72,73,47,5,2,13,2,3.611111111111111,0.4,0.15384615384615385,0.24615384615384617
64,27,72,73,48,1,0,16,0,0.9411764705882353,0.0,0.0,0.0
64,27,72,73,49,10,7,13,0,5.6521739130434785,0.7,0.0,0.7
64,27,72,73,50,3,0,16,0,2.526315789473684,0.0,0.0,0.0
64,27,72,73,51,8,5,13,0,4.9523809523809526,0.625,0.0,0.625
64,27,72,73,52,2,0,17,0,1.7894736842105263,0.0,0.0,0.0
64,27,72,73,53,6,3,15,0,4.285714285714286,0.5,0.0,0.5
64,27,72,73,54,4,0,18,0,3.272727272727273,0.0,0.0,0.0
64,27,72,73,55,3,0,19,0,2.590909090909091,0.0,0.0,0.0
64,27,72,73,56,3,0,18,0,2.5714285714285716,0.0,0.0,0.0
64,27,72,73,57,3,0,18,0,2.5714285714285716,0.0,0.0,0.0
64,27,72,73,58,2,0,20,0,1.8181818181818181,0.0,0.0,0.0
64,27,72,73,59,4,2,20,0,3.3333333333333335,0.5,0.0,0.5
64,27,80,81,30,1,0,2,0,0.6666666666666666,0.0,0.0,0.0
64,27,80,81,31,5,1,2,0,1.4285714285714286,0.2,0.0,0.2
64,27,80,81,32,5,0,4,0,2.2222222222222223,0.0,0.0,0.0
64,27,80,81,33,4,2,7,0,2.5454545454545454,0.5,0.0,0.5
64,27,80,81,34,3,0,8,0,2.1818181818181817,0.0,0.0,0.0
64,27,80,81,35,4,1,8,0,2.6666666666666665,0.25,0.0,0.25
64,27,80,81,37,1,1,9,0,0.9,1.0,0.0,1.0
64,27,80,81,39,1,0,7,0,0.875,0.0,0.0,0.0
64,27,80,81,40,2,0,6,0,1.5,0.0,0.0,0.0
64,27,80,81,41,2,1,6,0,1.5,0.5,0.0,0.5
64,27,80,81,42,2,0,6,0,1.5,0.0,0.0,0.0
64,27,80,81,43,4,2,6,0,2.4,0.5,0.0,0.5
64,27,80,81,44,2,0,8,0,1.6,0.0,0.0,0.0
64,27,80,81,45,5,1,7,0,2.9166666666666665,0.2,0.0,0.2
64,27,80,81,46,2,0,9,0,1.6363636363636365,0.0,0.0,0.0
64,27,80,81,47,5,1,10,0,3.3333333333333335,0.2,0.0,0.2
64,27,80,81,48,3,0,13,0,2.4375,0.0,0.0,0.0
64,27,80,81,49,4,1,13,0,3.0588235294117645,0.25,0.0,0.25
64,27,80,81,50,4,0,12,0,3.0,0.0,0.0,0.0
64,27,80,81,51,2,0,12,0,1.7142857142857142,0.0,0.0,0.0
64,27,80,81,52,2,0,11,0,1.6923076923076923,0.0,0.0,0.0
64,27,80,81,53,8,1,8,0,4.0,0.125,0.0,0.125
64,27,80,81,54,3,0,12,0,2.4,0.0,0.0,0.0
64,27,80,81,55,9,2,11,0,4.95,0.2222222222222222,0.0,0.2222222222222222
64,27,80,81,56,3,0,15,0,2.5,0.0,0.0,0.0
64,27,80,81,57,5,2,15,0,3.75,0.4,0.0,0.4
64,27,80,81,58,4,0,18,0,3.272727272727273,0.0,0.0,0.0
64,27,80,81,59,3,0,19,0,2.590909090909091,0.0,0.0,0.0
64,27,80,81,60,3,0,21,0,2.625,0.0,0.0,0.0
64,27,80,81,61,3,0,23,0,2.6538461538461537,0.0,0.0,0.0
64,27,80,81,62,3,0,26,0,2.689655172413793,0.0,0.0,0.0
64,27,80,81,63,3,0,28,0,2.7096774193548385,0.0,0.0,0.0
64,27,80,81,64,2,0,31,0,1.878787878787879,0.0,0.0,0.0
64,27,80,81,65,4,2,33,0,3.5675675675675675,0.5,0.0,0.5
64,27,88,89,31,2,1,1,0,0.6666666666666666,0.5,0.0,0.5
64,27,88,89,32,3,0,1,0,0.75,0.0,0.0,0.0
64,27,88,89,33,6,2,1,0,0.8571428571428571,0.3333333333333333,0.0,0.3333333333333333
64,27,88,89,34,2,0,4,0,1.3333333333333333,0.0,0.0,0.0
64,27,88,89,35,6,3,3,0,2.0,0.5,0.0,0.5
64,27,88,89,36,2,0,6,0,1.5,0.0,0.0,0.0
64,27,88,89,37,4,1,6,0,2.4,0.25,0.0,0.25
64,27,88,89,39,1,0,7,0,0.875,0.0,0.0,0.0
64,27,88,89,40,1,0,6,0,0.8571428571428571,0.0,0.0,0.0
64,27,88,89,41,2,1,5,0,1.4285714285714286,0.5,0.0,0.5
64,27,88,89,42,3,0,4,0,1.7142857142857142,0.0,0.0,0.0
64,27,88,89,43,6,2,4,0,2.4,0.3333333333333333,0.0,0.3333333333333333
64,27,88,89,44,2,0,9,0,1.6363636363636365,0.0,0.0,0.0
64,27,88,89,45,3,1,9,0,2.25,0.3333333333333333,0.0,0.3333333333333333
64,27,88,89,47,5,3,11,1,3.4375,0.6,0.09090909090909091,0.509090909090909
64,27,88,89,48,2,0,13,0,1.7333333333333334,0.0,0.0,0.0
64,27,88,89,49,4,0,12,0,3.0,0.0,0.0,0.0
64,27,88,89,50,4,0,12,0,3.0,0.0,0.0,0.0
64,27,88,89,51,4,1,11,0,2.933333333333333,0.25,0.0,0.25
64,27,88,89,52,2,0,12,0,1.7142857142857142,0.0,0.0,0.0
64,27,88,89,53,7,3,9,0,3.9375,0.42857142857142855,0.0,0.42857142857142855
64,27,88,89,54,3,0,12,0,2.4,0.0,0.0,0.0
64,27,88,89,55,6,0,11,0,3.8823529411764706,0.0,0.0,0.0
64,27,88,89,56,4,0,12,0,3.0,0.0,0.0,0.0
64,27,88,89,57,5,1,13,0,3.611111111111111,0.2,0.0,0.2
64,27,88,89,58,4,0,15,0,3.1578947368421053,0.0,0.0,0.0
64,27,88,89,59,3,0,16,0,2.526315789473684,0.0,0.0,0.0
64,27,88,89,60,5,0,16,0,3.8095238095238093,0.0,0.0,0.0
64,27,88,89,61,5,0,18,0,3.9130434782608696,0.0,0.0,0.0
64,27,88,89,62,5,0,21,0,4.038461538461538,0.0,0.0,0.0
64,27,88,89,63,6,1,23,0,4.758620689655173,0.16666666666666666,0.0,0.16666666666666666
64,27,88,89,64,3,0,28,0,2.7096774193548385,0.0,0.0,0.0
64,27,88,89,65,2,0,31,0,1.878787878787879,0.0,0.0,0.0
64,27,88,89,66,2,0,33,0,1.8857142857142857,0.0,0.0,0.0
64,27,88,89,67,2,0,35,0,1.8918918918918919,0.0,0.0,0.0
64,27,96,97,34,1,0,1,0,0.5,0.0,0.0,0.0
64,27,96,97,36,2,0,2,0,1.0,0.0,0.0,0.0
64,27,96,97,37,5,2,2,0,1.4285714285714286,0.4,0.0,0.4
64,27,96,97,38,2,0,4,0,1.3333333333333333,0.0,0.0,0.0
64,27,96,97,39,4,0,4,0,2.0,0.0,0.0,0.0
64,27,96,97,40,1,0,6,0,0.8571428571428571,0.0,0.0,0.0
64,27,96,97,41,3,2,5,0,1.875,0.6666666666666666,0.0,0.6666666666666666
64,27,96,97,42,2,0,5,0,1.4285714285714286,0.0,0.0,0.0
64,27,96,97,43,7,2,4,0,2.5454545454545454,0.2857142857142857,0.0,0.2857142857142857
64,27,96,97,44,1,0,9,0,0.9,0.0,0.0,0.0
64,27,96,97,45,2,1,9,0,1.6363636363636365,0.5,0.0,0.5
64,27,96,97,46,3,0,9,0,2.25,0.0,0.0,0.0
64,27,96,97,47,3,0,10,0,2.3076923076923075,0.0,0.0,0.0
64,27,96,97,48,3,0,12,0,2.4,0.0,0.0,0.0
64,27,96,97,49,3,0,14,0,2.4705882352941178,0.0,0.0,0.0
64,27,96,97,50,3,0,13,0,2.4375,0.0,0.0,0.0
64,27,96,97,51,4,1,11,0,2.933333333333333,0.25,0.0,0.25
64,27,96,97,52,2,0,12,0,1.7142857142857142,0.0,0.0,0.0
64,27,96,97,53,6,2,10,0,3.75,0.3333333333333333,0.0,0.3333333333333333
64,27,96,97,54,1,0,13,0,0.9285714285714286,0.0,0.0,0.0
64,27,96,97,55,6,1,10,0,3.75,0.16666666666666666,0.0,0.16666666666666666
64,27,96,97,56,2,0,12,0,1.7142857142857142,0.0,0.0,0.0
64,27,96,97,57,3,0,12,0,2.4,0.0,0.0,0.0
64,27,96,97,58,3,0,14,0,2.4705882352941178,0.0,0.0,0.0
64,27,96,97,59,4,0,13,0,3.0588235294117645,0.0,0.0,0.0
64,27,96,97,60,2,0,14,0,1.75,0.0,0.0,0.0
64,27,96,97,61,5,1,15,0,3.75,0.2,0.0,0.2
64,27,96,97,62,5,0,19,0,3.9583333333333335,0.0,0.0,0.0
64,27,96,97,63,4,0,22,0,3.3846153846153846,0.0,0.0,0.0
64,27,96,97,64,4,0,24,0,3.4285714285714284,0.0,0.0,0.0
64,27,96,97,65,3,0,27,0,2.7,0.0,0.0,0.0
64,27,96,97,66,3,0,29,0,2.71875,0.0,0.0,0.0
64,27,96,97,67,4,1,31,0,3.5428571428571427,0.25,0.0,0.25
64,27,96,97,68,3,0,33,0,2.75,0.0,0.0,0.0
64,27,104,105,40,3,0,1,0,0.75,0.0,0.0,0.0
64,27,104,105,41,8,5,1,0,0.8888888888888888,0.625,0.0,0.625
64,27,104,105,42,1,0,7,0,0.875,0.0,0.0,0.0
64,27,104,105,43,5,2,6,0,2.727272727272727,0.4,0.0,0.4
64,27,104,105,44,1,0,9,0,0.9,0.0,0.0,0.0
64,27,104,105,45,3,1,8,0,2.1818181818181817,0.3333333333333333,0.0,0.3333333333333333
64,27,104,105,46,1,0,10,0,0.9090909090909091,0.0,0.0,0.0
64,27,104,105,47,3,0,11,1,2.357142857142857,0.0,0.09090909090909091,-0.09090909090909091
64,27,104,105,48,2,0,13,0,1.7333333333333334,0.0,0.0,0.0
64,27,104,105,49,4,1,13,0,3.0588235294117645,0.25,0.0,0.25
64,27,104,105,50,1,0,13,0,0.9285714285714286,0.0,0.0,0.0
64,27,104,105,51,5,2,11,0,3.4375,0.4,0.0,0.4
64,27,104,105,52,2,0,12,0,1.7142857142857142,0.0,0.0,0.0
64,27,104,105,53,7,2,10,0,4.117647058823529,0.2857142857142857,0.0,0.2857142857142857
64,27,104,105,55,5,2,10,0,3.3333333333333335,0.4,0.0,0.4
64,27,104,105,56,1,0,11,0,0.9166666666666666,0.0,0.0,0.0
64,27,104,105,57,3,1,10,0,2.3076923076923075,0.3333333333333333,0.0,0.3333333333333333
64,27,104,105,58,1,0,12,0,0.9230769230769231,0.0,0.0,0.0
64,27,104,105,59,3,1,12,0,2.4,0.3333333333333333,0.0,0.3333333333333333
64,27,104,105,60,1,0,13,0,0.9285714285714286,0.0,0.0,0.0
64,27,104,105,61,5,2,12,0,3.5294117647058822,0.4,0.0,0.4
64,27,104,105,62,3,0,15,0,2.5,0.0,0.0,0.0
64,27,104,105,63,5,1,16,0,3.8095238095238093,0.2,0.0,0.2
64,27,104,105,64,3,0,19,0,2.590909090909091,0.0,0.0,0.0
64,27,104,105,65,4,2,21,0,3.36,0.5,0.0,0.5
64,27,104,105,66,2,0,23,0,1.84,0.0,0.0,0.0
64,27,104,105,67,8,4,22,0,5.866666666666666,0.5,0.0,0.5
64,27,104,105,68,2,0,25,0,1.8518518518518519,0.0,0.0,0.0
64,27,104,105,69,11,8,25,0,7.638888888888889,0.7272727272727273,0.0,0.7272727272727273
64,27,104,105,71,5,5,29,0,4.264705882352941,1.0,0.0,1.0
64,27,104,105,73,2,2,28,0,1.8666666666666667,1.0,0.0,1.0
64,27,104,105,75,1,0,25,0,0.9615384615384616,0.0,0.0,0.0
64,27,112,113,42,2,0,3,0,1.2,0.0,0.0,0.0
64,27,112,113,43,7,2,3,0,2.1,0.2857142857142857,0.0,0.2857142857142857
64,27,112,113,44,1,0,8,0,0.8888888888888888,0.0,0.0,0.0
64,27,112,113,45,4,1,7,0,2.5454545454545454,0.25,0.0,0.25
64,27,112,113,46,1,0,10,0,0.9090909090909091,0.0,0.0,0.0
64,27,112,113,47,3,1,11,0,2.357142857142857,0.3333333333333333,0.0,0.3333333333333333
64,27,112,113,48,2,0,12,0,1.7142857142857142,0.0,0.0,0.0
64,27,112,113,49,4,1,12,0,3.0,0.25,0.0,0.25
64,27,112,113,50,1,0,13,0,0.9285714285714286,0.0,0.0,0.0
64,27,112,113,51,5,2,11,0,3.4375,0.4,0.0,0.4
64,27,112,113,52,1,0,12,0,0.9230769230769231,0.0,0.0,0.0
64,27,112,113,53,7,2,10,0,4.117647058823529,0.2857142857142857,0.0,0.2857142857142857
64,27,112,113,55,4,1,10,0,2.857142857142857,0.25,0.0,0.25
64,27,112,113,56,2,0,10,0,1.6666666666666667,0.0,0.0,0.0
64,27,112,113,57,2,0,10,0,1.6666666666666667,0.0,0.0,0.0
64,27,112,113,58,1,0,11,0,0.9166666666666666,0.0,0.0,0.0
64,27,112,113,59,3,0,11,0,2.357142857142857,0.0,0.0,0.0
64,27,112,113,60,2,0,11,0,1.6923076923076923,0.0,0.0,0.0
64,27,112,113,61,3,0,10,0,2.3076923076923075,0.0,0.0,0.0
64,27,112,113,62,5,0,11,0,3.4375,0.0,0.0,0.0
64,27,112,113,63,6,1,13,0,4.105263157894737,0.16666666666666666,0.0,0.16666666666666666
64,27,112,113,64,5,0,15,0,3.75,0.0,0.0,0.0
64,27,112,113,65,6,1,18,0,4.5,0.16666666666666666,0.0,0.16666666666666666
64,27,112,113,66,4,0,21,0,3.36,0.0,0.0,0.0
64,27,112,113,67,9,1,22,0,6.387096774193548,0.1111111111111111,0.0,0.1111111111111111
64,27,112,113,68,5,0,26,0,4.193548387096774,0.0,0.0,0.0
64,27,112,113,69,7,0,25,0,5.46875,0.0,0.0,0.0
64,27,112,113,70,5,0,26,0,4.193548387096774,0.0,0.0,0.0
64,27,112,113,71,5,0,25,0,4.166666666666667,0.0,0.0,0.0
64,27,112,113,72,5,0,23,0,4.107142857142857,0.0,0.0,0.0
64,27,112,113,73,3,0,24,0,2.6666666666666665,0.0,0.0,0.0
64,27,112,113,74,2,0,24,0,1.8461538461538463,0.0,0.0,0.0
64,27,120,121,43,6,3,2,0,1.5,0.5,0.0,0.5
64,27,120,121,44,3,0,5,0,1.875,0.0,0.0,0.0
64,27,120,121,45,4,2,6,0,2.4,0.5,0.0,0.5
64,27,120,121,46,2,0,7,0,1.5555555555555556,0.0,0.0,0.0
64,27,120,121,47,5,2,7,0,2.9166666666666665,0.4,0.0,0.4
64,27,120,121,48,1,0,9,0,0.9,0.0,0.0,0.0
64,27,120,121,49,6,6,9,0,3.6,1.0,0.0,1.0
64,27,120,121,50,1,0,9,0,0.9,0.0,0.0,0.0
64,27,120,121,51,8,6,7,0,3.7333333333333334,0.75,0.0,0.75
64,27,120,121,52,1,0,11,0,0.9166666666666666,0.0,0.0,0.0
64,27,120,121,53,7,3,8,0,3.7333333333333334,0.42857142857142855,0.0,0.42857142857142855
64,27,120,121,54,1,0,12,0,0.9230769230769231,0.0,0.0,0.0
64,27,120,121,55,5,1,9,0,3.2142857142857144,0.2,0.0,0.2
64,27,120,121,56,2,0,10,0,1.6666666666666667,0.0,0.0,0.0
64,27,120,121,57,3,1,10,0,2.3076923076923075,0.3333333333333333,0.0,0.3333333333333333
64,27,120,121,58,2,0,11,0,1.6923076923076923,0.0,0.0,0.0
64,27,120,121,59,4,1,11,0,2.933333333333333,0.25,0.0,0.25
64,27,120,121,60,2,0,12,0,1.7142857142857142,0.0,0.0,0.0
64,27,120,121,61,3,0,11,0,2.357142857142857,0.0,0.0,0.0
64,27,120,121,62,5,0,12,0,3.5294117647058822,0.0,0.0,0.0
64,27,120,121,63,6,1,15,0,4.285714285714286,0.16666666666666666,0.0,0.16666666666666666
64,27,120,121,64,4,0,19,0,3.3043478260869565,0.0,0.0,0.0
64,27,120,121,65,6,0,20,0,4.615384615384615,0.0,0.0,0.0
64,27,120,121,66,5,0,22,0,4.074074074074074,0.0,0.0,0.0
64,27,120,121,67,6,1,24,0,4.8,0.16666666666666666,0.0,0.16666666666666666
64,27,120,121,68,5,0,25,0,4.166666666666667,0.0,0.0,0.0
64,27,120,121,69,6,1,25,0,4.838709677419355,0.16666666666666666,0.0,0.16666666666666666
64,27,120,121,70,5,0,25,0,4.166666666666667,0.0,0.0,0.0
64,27,120,121,71,6,1,24,0,4.8,0.16666666666666666,0.0,0.16666666666666666
64,27,120,121,72,5,1,23,0,4.107142857142857,0.2,0.0,0.2
64,27,120,121,73,3,1,24,0,2.6666666666666665,0.3333333333333333,0.0,0.3333333333333333
64,27,120,121,74,1,0,24,0,0.96,0.0,0.0,0.0
64,27,120,121,75,1,0,24,0,0.96,0.0,0.0,0.0
64,27,128,129,42,1,0,1,0,0.5,0.0,0.0,0.0
64,27,128,129,43,2,0,2,0,1.0,0.0,0.0,0.0
64,27,128,129,44,2,0,3,0,1.2,0.0,0.0,0.0
64,27,128,129,45,4,0,4,0,2.0,0.0,0.0,0.0
64,27,128,129,46,3,0,5,0,1.875,0.0,0.0,0.0
64,27,128,129,47,3,1,6,0,2.0,0.3333333333333333,0.0,0.3333333333333333
64,27,128,129,48,1,0,7,0,0.875,0.0,0.0,0.0
64,27,128,129,49,2,0,7,0,1.5555555555555556,0.0,0.0,0.0
64,27,128,129,50,2,0,6,0,1.5,0.0,0.0,0.0
64,27,128,129,51,3,1,5,0,1.875,0.3333333333333333,0.0,0.3333333333333333
64,27,128,129,52,2,0,6,0,1.5,0.0,0.0,0.0
64,27,128,129,53,4,1,6,0,2.4,0.25,0.0,0.25
64,27,128,129,54,1,0,7,0,0.875,0.0,0.0,0.0
64,27,128,129,55,5,3,6,0,2.727272727272727,0.6,0.0,0.6
64,27,128,129,56,3,0,8,0,2.1818181818181817,0.0,0.0,0.0
64,27,128,129,57,4,2,8,0,2.6666666666666665,0.5,0.0,0.5
64,27,128,129,58,5,0,9,0,3.2142857142857144,0.0,0.0,0.0
64,27,128,129,59,3,1,12,0,2.4,0.3333333333333333,0.0,0.3333333333333333
64,27,128,129,60,2,0,12,0,1.7142857142857142,0.0,0.0,0.0
64,27,128,129,61,4,1,11,0,2.933333333333333,0.25,0.0,0.25
64,27,128,129,62,4,0,13,0,3.0588235294117645,0.0,0.0,0.0
64,27,128,129,63,7,2,15,0,4.7727272727272725,0.2857142857142857,0.0,0.2857142857142857
64,27,128,129,64,5,0,19,0,3.9583333333333335,0.0,0.0,0.0
64,27,128,129,65,4,0,22,0,3.3846153846153846,0.0,0.0,0.0
64,27,128,129,66,4,0,24,0,3.4285714285714284,0.0,0.0,0.0
64,27,128,129,67,5,1,26,0,4.193548387096774,0.2,0.0,0.2
64,27,128,129,68,3,0,28,0,2.7096774193548385,0.0,0.0,0.0
64,27,128,129,69,6,1,26,0,4.875,0.16666666666666666,0.0,0.16666666666666666
64,27,128,129,70,4,0,26,0,3.466666666666667,0.0,0.0,0.0
64,27,128,129,71,4,0,25,0,3.4482758620689653,0.0,0.0,0.0
64,27,128,129,72,3,0,24,0,2.6666666666666665,0.0,0.0,0.0
64,27,128,129,73,5,1,22,0,4.074074074074074,0.2,0.0,0.2
64,27,128,129,74,2,0,22,0,1.8333333333333333,0.0,0.0,0.0
64,27,128,129,75,2,0,23,0,1.84,0.0,0.0,0.0
64,27,136,137,42,1,0,1,0,0.5,0.0,0.0,0.0
64,27,136,137,43,1,0,2,0,0.6666666666666666,0.0,0.0,0.0
64,27,136,137,44,1,0,3,0,0.75,0.0,0.0,0.0
64,27,136,137,45,3,2,4,0,1.7142857142857142,0.6666666666666666,0.0,0.6666666666666666
64,27,136,137,46,2,0,5,0,1.4285714285714286,0.0,0.0,0.0
64,27,136,137,47,3,0,5,0,1.875,0.0,0.0,0.0
64,27,136,137,48,3,0,5,0,1.875,0.0,0.0,0.0
64,27,136,137,49,1,0,7,0,0.875,0.0,0.0,0.0
64,27,136,137,50,3,0,5,0,1.875,0.0,0.0,0.0
64,27,136,137,51,2,0,5,0,1.4285714285714286,0.0,0.0,0.0
64,27,136,137,52,2,0,5,0,1.4285714285714286,0.0,0.0,0.0
64,27,136,137,53,4,0,5,0,2.2222222222222223,0.0,0.0,0.0
64,27,136,137,54,1,0,7,0,0.875,0.0,0.0,0.0
64,27,136,137,55,1,0,6,0,0.8571428571428571,0.0,0.0,0.0
64,27,136,137,56,1,0,5,0,0.8333333333333334,0.0,0.0,0.0
64,27,136,137,57,6,5,4,0,2.4,0.8333333333333334,0.0,0.8333333333333334
64,27,136,137,58,5,0,7,0,2.9166666666666665,0.0,0.0,0.0
64,27,136,137,59,3,1,9,0,2.25,0.3333333333333333,0.0,0.3333333333333333
64,27,136,137,60,2,0,9,0,1.6363636363636365,0.0,0.0,0.0
64,27,136,137,61,5,1,8,0,3.076923076923077,0.2,0.0,0.2
64,27,136,137,62,5,0,10,0,3.3333333333333335,0.0,0.0,0.0
64,27,136,137,63,10,3,12,0,5.454545454545454,0.3,0.0,0.3
64,27,136,137,64,5,0,18,0,3.9130434782608696,0.0,0.0,0.0
64,27,136,137,65,6,1,20,0,4.615384615384615,0.16666666666666666,0.0,0.16666666666666666
64,27,136,137,66,4,0,24,0,3.4285714285714284,0.0,0.0,0.0
64,27,136,137,67,5,1,26,0,4.193548387096774,0.2,0.0,0.2
64,27,136,137,68,3,0,28,0,2.7096774193548385,0.0,0.0,0.0
64,27,136,137,69,6,1,26,0,4.875,0.16666666666666666,0.0,0.16666666666666666
64,27,136,137,70,3,0,27,0,2.7,0.0,0.0,0.0
64,27,136,137,71,5,1,25,0,4.166666666666667,0.2,0.0,0.2
64,27,136,137,72,3,0,24,0,2.6666666666666665,0.0,0.0,0.0
64,27,136,137,73,4,1,23,0,3.4074074074074074,0.25,0.0,0.25
64,27,136,137,74,3,0,22,0,2.64,0.0,0.0,0.0
64,27,136,137,75,2,0,23,0,1.84,0.0,0.0,0.0
64,27,144,145,43,1,0,1,0,0.5,0.0,0.0,0.0
64,27,144,145,44,1,0,2,0,0.6666666666666666,0.0,0.0,0.0
64,27,144,145,45,2,1,3,0,1.2,0.5,0.0,0.5
64,27,144,145,47,3,2,4,0,1.7142857142857142,0.6666666666666666,0.0,0.6666666666666666
64,27,144,145,48,3,0,4,0,1.7142857142857142,0.0,0.0,0.0
64,27,144,145,49,2,1,5,0,1.4285714285714286,0.5,0.0,0.5
64,27,144,145,50,1,0,4,0,0.8,0.0,0.0,0.0
64,27,144,145,51,3,2,3,0,1.5,0.6666666666666666,0.0,0.6666666666666666
64,27,144,145,52,1,0,4,0,0.8,0.0,0.0,0.0
64,27,144,145,53,3,1,4,0,1.7142857142857142,0.3333333333333333,0.0,0.3333333333333333
64,27,144,145,54,2,0,5,0,1.4285714285714286,0.0,0.0,0.0
64,27,144,145,55,1,1,6,0,0.8571428571428571,1.0,0.0,1.0
64,27,144,145,57,1,1,4,0,0.8,1.0,0.0,1.0
64,27,144,145,58,4,0,3,0,1.7142857142857142,0.0,0.0,0.0
64,27,144,145,59,6,2,3,0,2.0,0.3333333333333333,0.0,0.3333333333333333
64,27,144,145,60,4,0,5,0,2.2222222222222223,0.0,0.0,0.0
64,27,144,145,61,6,1,5,0,2.727272727272727,0.16666666666666666,0.0,0.16666666666666666
64,27,144,145,62,5,2,9,0,3.2142857142857144,0.4,0.0,0.4
64,27,144,145,63,7,2,11,0,4.277777777777778,0.2857142857142857,0.0,0.2857142857142857
64,27,144,145,64,6,0,14,0,4.2,0.0,0.0,0.0
64,27,144,145,65,5,0,17,0,3.8636363636363638,0.0,0.0,0.0
64,27,144,145,66,5,0,19,0,3.9583333333333335,0.0,0.0,0.0
64,27,144,145,67,7,1,21,0,5.25,0.14285714285714285,0.0,0.14285714285714285
64,27,144,145,68,5,0,23,0,4.107142857142857,0.0,0.0,0.0
64,27,144,145,69,10,3,21,0,6.774193548387097,0.3,0.0,0.3
64,27,144,145,70,2,0,24,0,1.8461538461538463,0.0,0.0,0.0
64,27,144,145,71,9,4,21,0,6.3,0.4444444444444444,0.0,0.4444444444444444
64,27,144,145,72,3,0,24,0,2.6666666666666665,0.0,0.0,0.0
64,27,144,145,73,3,1,24,0,2.6666666666666665,0.3333333333333333,0.0,0.3333333333333333
64,27,144,145,74,4,0,22,0,3.3846153846153846,0.0,0.0,0.0
64,27,144,145,75,2,0,23,0,1.84,0.0,0.0,0.0
64,27,152,153,45,2,1,1,0,0.6666666666666666,0.5,0.0,0.5
64,27,152,153,47,1,0,2,0,0.6666666666666666,0.0,0.0,0.0
64,27,152,153,49,4,1,1,0,0.8,0.25,0.0,0.25
64,27,152,153,54,2,0,2,0,1.0,0.0,0.0,0.0
64,27,152,153,55,4,1,2,0,1.3333333333333333,0.25,0.0,0.25
64,27,152,153,57,1,1,4,0,0.8,1.0,0.0,1.0
64,27,152,153,58,2,0,3,0,1.2,0.0,0.0,0.0
64,27,152,153,59,6,2,3,0,2.0,0.3333333333333333,0.0,0.3333333333333333
64,27,152,153,60,3,0,6,0,2.0,0.0,0.0,0.0
64,27,152,153,61,5,1,5,0,2.5,0.2,0.0,0.2
64,27,152,153,62,5,0,7,0,2.9166666666666665,0.0,0.0,0.0
64,27,152,153,63,7,2,9,0,3.9375,0.2857142857142857,0.0,0.2857142857142857
64,27,152,153,64,4,0,13,0,3.0588235294117645,0.0,0.0,0.0
64,27,152,153,65,5,0,14,0,3.6842105263157894,0.0,0.0,0.0
64,27,152,153,66,5,0,16,0,3.8095238095238093,0.0,0.0,0.0
64,27,152,153,67,7,3,18,0,5.04,0.42857142857142855,0.0,0.42857142857142855
64,27,152,153,68,5,0,20,0,4.0,0.0,0.0,0.0
64,27,152,153,69,8,2,18,0,5.538461538461538,0.25,0.0,0.25
64,27,152,153,70,4,0,19,0,3.3043478260869565,0.0,0.0,0.0
64,27,152,153,71,7,2,18,0,5.04,0.2857142857142857,0.0,0.2857142857142857
64,27,152,153,72,3,0,19,0,2.590909090909091,0.0,0.0,0.0
64,27,152,153,73,6,2,19,0,4.56,0.3333333333333333,0.0,0.3333333333333333
64,27,152,153,74,4,0,20,0,3.3333333333333335,0.0,0.0,0.0
64,27,152,153,75,2,0,21,0,1.826086956521739,0.0,0.0,0.0
64,27,152,153,76,2,0,21,0,1.826086956521739,0.0,0.0,0.0
64,27,160,161,47,1,1,1,0,0.5,1.0,0.0,1.0
64,27,160,161,58,1,0,3,0,0.75,0.0,0.0,0.0
64,27,160,161,59,4,2,2,0,1.3333333333333333,0.5,0.0,0.5
64,27,160,161,60,2,0,5,0,1.4285714285714286,0.0,0.0,0.0
64,27,160,161,61,5,1,5,0,2.5,0.2,0.0,0.2
64,27,160,161,62,4,0,7,0,2.5454545454545454,0.0,0.0,0.0
64,27,160,161,63,4,0,9,0,2.769230769230769,0.0,0.0,0.0
64,27,160,161,64,5,0,10,0,3.3333333333333335,0.0,0.0,0.0
64,27,160,161,65,5,2,12,0,3.5294117647058822,0.4,0.0,0.4
64,27,160,161,66,5,0,13,0,3.611111111111111,0.0,0.0,0.0
64,27,160,161,67,5,1,15,0,3.75,0.2,0.0,0.2
64,27,160,161,68,6,0,15,0,4.285714285714286,0.0,0.0,0.0
64,27,160,161,69,8,2,14,0,5.090909090909091,0.25,0.0,0.25
64,27,160,161,70,3,0,15,0,2.5,0.0,0.0,0.0
64,27,160,161,71,5,2,14,0,3.6842105263157894,0.4,0.0,0.4
64,27,160,161,72,3,0,14,0,2.4705882352941178,0.0,0.0,0.0
64,27,160,161,73,3,1,15,0,2.5,0.3333333333333333,0.0,0.3333333333333333
64,27,160,161,74,3,0,14,0,2.4705882352941178,0.0,0.0,0.0
64,27,160,161,75,2,1,15,0,1.7647058823529411,0.5,0.0,0.5
64,27,160,161,76,2,0,15,0,1.7647058823529411,0.0,0.0,0.0
64,27,160,161,77,6,4,17,0,4.434782608695652,0.6666666666666666,0.0,0.6666666666666666
64,27,168,169,60,2,0,4,0,1.3333333333333333,0.0,0.0,0.0
64,27,168,169,61,2,1,4,0,1.3333333333333333,0.5,0.0,0.5
64,27,168,169,62,2,0,5,0,1.4285714285714286,0.0,0.0,0.0
64,27,168,169,63,6,1,6,0,3.0,0.16666666666666666,0.0,0.16666666666666666
64,27,168,169,64,3,0,9,0,2.25,0.0,0.0,0.0
64,27,168,169,65,4,1,9,0,2.769230769230769,0.25,0.0,0.25
64,27,168,169,66,2,0,11,0,1.6923076923076923,0.0,0.0,0.0
64,27,168,169,67,5,3,11,0,3.4375,0.6,0.0,0.6
64,27,168,169,68,3,0,14,0,2.4705882352941178,0.0,0.0,0.0
64,27,168,169,69,7,1,13,2,4.55,0.14285714285714285,0.15384615384615385,-0.010989010989011005
64,27,168,169,70,2,0,15,0,1.7647058823529411,0.0,0.0,0.0
64,27,168,169,71,4,2,14,0,3.111111111111111,0.5,0.0,0.5
64,27,168,169,72,2,0,14,0,1.75,0.0,0.0,0.0
64,27,168,169,73,2,0,15,1,1.7647058823529411,0.0,0.06666666666666667,-0.06666666666666667
64,27,168,169,74,2,0,14,0,1.75,0.0,0.0,0.0
64,27,176,177,60,2,0,3,0,1.2,0.0,0.0,0.0
64,27,176,177,61,3,2,3,0,1.5,0.6666666666666666,0.0,0.6666666666666666
64,27,176,177,62,1,0,5,0,0.8333333333333334,0.0,0.0,0.0
64,27,176,177,63,5,1,5,0,2.5,0.2,0.0,0.2
64,27,176,177,64,2,0,7,0,1.5555555555555556,0.0,0.0,0.0
64,27,176,177,65,4,1,6,0,2.4,0.25,0.0,0.25
64,27,176,177,66,2,0,7,0,1.5555555555555556,0.0,0.0,0.0
64,27,176,177,67,4,1,7,0,2.5454545454545454,0.25,0.0,0.25
64,27,176,177,68,3,0,9,0,2.25,0.0,0.0,0.0
64,27,176,177,69,4,0,10,0,2.857142857142857,0.0,0.0,0.0
64,27,176,177,70,3,0,10,0,2.3076923076923075,0.0,0.0,0.0
64,27,176,177,71,4,1,11,0,2.933333333333333,0.25,0.0,0.25
64,27,176,177,72,3,0,11,0,2.357142857142857,0.0,0.0,0.0
64,27,176,177,73,3,0,13,0,2.4375,0.0,0.0,0.0
64,27,176,177,74,2,0,14,0,1.75,0.0,0.0,0.0
64,27,184,185,60,2,0,1,0,0.6666666666666666,0.0,0.0,0.0
64,27,184,185,61,4,2,1,0,0.8,0.5,0.0,0.5
64,27,184,185,62,1,0,4,0,0.8,0.0,0.0,0.0
64,27,184,185,63,6,1,3,0,2.0,0.16666666666666666,0.0,0.16666666666666666
64,27,184,185,64,2,0,5,0,1.4285714285714286,0.0,0.0,0.0
64,27,184,185,65,3,0,5,0,1.875,0.0,0.0,0.0
64,27,184,185,66,3,0,6,0,2.0,0.0,0.0,0.0
64,27,184,185,67,3,0,7,0,2.1,0.0,0.0,0.0
64,27,184,185,68,3,0,8,0,2.1818181818181817,0.0,0.0,0.0
64,27,184,185,69,4,0,9,0,2.769230769230769,0.0,0.0,0.0
64,27,184,185,70,3,0,9,0,2.25,0.0,0.0,0.0
64,27,184,185,71,5,2,10,0,3.3333333333333335,0.4,0.0,0.4
64,27,184,185,72,2,0,11,0,1.6923076923076923,0.0,0.0,0.0
64,27,184,185,73,3,0,12,0,2.4,0.0,0.0,0.0
64,27,184,185,74,3,0,13,0,2.4375,0.0,0.0,0.0
64,27,192,193,61,1,0,1,0,0.5,0.0,0.0,0.0
64,27,192,193,62,1,0,2,0,0.6666666666666666,0.0,0.0,0.0
64,27,192,193,63,4,0,3,0,1.7142857142857142,0.0,0.0,0.0
64,27,192,193,64,3,0,4,0,1.7142857142857142,0.0,0.0,0.0
64,27,192,193,65,3,0,5,0,1.875,0.0,0.0,0.0
64,27,192,193,66,3,0,6,0,2.0,0.0,0.0,0.0
64,27,192,193,67,3,0,7,0,2.1,0.0,0.0,0.0
64,27,192,193,68,2,0,8,0,1.6,0.0,0.0,0.0
64,27,192,193,69,3,1,9,0,2.25,0.3333333333333333,0.0,0.3333333333333333
64,27,192,193,70,3,0,9,0,2.25,0.0,0.0,0.0
64,27,192,193,71,3,0,10,0,2.3076923076923075,0.0,0.0,0.0
64,27,192,193,72,3,0,10,0,2.3076923076923075,0.0,0.0,0.0
64,27,192,193,73,2,1,12,0,1.7142857142857142,0.5,0.0,0.5
64,27,192,193,74,1,0,13,0,0.9285714285714286,0.0,0.0,0.0
64,27,192,193,77,2,1,17,0,1.7894736842105263,0.5,0.0,0.5
64,27,192,193,78,1,0,18,0,0.9473684210526315,0.0,0.0,0.0
64,27,200,201,61,1,0,1,0,0.5,0.0,0.0,0.0
64,27,200,201,62,1,0,2,0,0.6666666666666666,0.0,0.0,0.0
64,27,200,201,63,3,0,3,0,1.5,0.0,0.0,0.0
64,27,200,201,64,3,0,4,0,1.7142857142857142,0.0,0.0,0.0
64,27,200,201,65,3,0,5,0,1.875,0.0,0.0,0.0
64,27,200,201,66,3,0,6,0,2.0,0.0,0.0,0.0
64,27,200,201,67,2,0,7,0,1.5555555555555556,0.0,0.0,0.0
64,27,200,201,68,2,0,8,0,1.6,0.0,0.0,0.0
64,27,200,201,69,2,0,9,0,1.6363636363636365,0.0,0.0,0.0
64,27,200,201,70,2,0,9,0,1.6363636363636365,0.0,0.0,0.0
64,27,200,201,71,2,0,10,0,1.6666666666666667,0.0,0.0,0.0
64,27,200,201,72,2,0,10,0,1.6666666666666667,0.0,0.0,0.0
64,27,200,201,73,1,0,12,0,0.9230769230769231,0.0,0.0,0.0
64,27,200,201,74,1,0,13,0,0.9285714285714286,0.0,0.0,0.0
64,27,200,201,77,2,1,17,0,1.7894736842105263,0.5,0.0,0.5
64,27,200,201,78,1,0,18,0,0.9473684210526315,0.0,0.0,0.0
64,27,208,209,61,1,0,1,0,0.5,0.0,0.0,0.0
64,27,208,209,62,1,0,2,0,0.6666666666666666,0.0,0.0,0.0
64,27,208,209,63,2,1,3,0,1.2,0.5,0.0,0.5
64,27,208,209,64,3,0,4,0,1.7142857142857142,0.0,0.0,0.0
64,27,208,209,65,3,1,5,0,1.875,0.3333333333333333,0.0,0.3333333333333333
64,27,208,209,66,2,0,6,0,1.5,0.0,0.0,0.0
64,27,208,209,67,3,0,7,0,2.1,0.0,0.0,0.0
64,27,208,209,68,3,0,8,0,2.1818181818181817,0.0,0.0,0.0
64,27,208,209,69,2,0,9,0,1.6363636363636365,0.0,0.0,0.0
64,27,208,209,70,2,0,9,0,1.6363636363636365,0.0,0.0,0.0
64,27,208,209,71,2,0,10,0,1.6666666666666667,0.0,0.0,0.0
64,27,208,209,72,2,0,10,0,1.6666666666666667,0.0,0.0,0.0
64,27,208,209,73,1,0,12,0,0.9230769230769231,0.0,0.0,0.0
64,27,208,209,74,1,0,13,0,0.9285714285714286,0.0,0.0,0.0
64,27,208,209,77,2,1,17,0,1.7894736842105263,0.5,0.0,0.5
64,27,208,209,78,1,0,18,0,0.9473684210526315,0.0,0.0,0.0
64,27,216,217,61,1,0,1,0,0.5,0.0,0.0,0.0
64,27,216,217,62,1,0,2,0,0.6666666666666666,0.0,0.0,0.0
64,27,216,217,63,1,1,3,0,0.75,1.0,0.0,1.0
64,27,216,217,64,1,0,4,0,0.8,0.0,0.0,0.0
64,27,216,217,65,3,0,5,0,1.875,0.0,0.0,0.0
64,27,216,217,66,3,0,6,0,2.0,0.0,0.0,0.0
64,27,216,217,67,3,0,7,0,2.1,0.0,0.0,0.0
64,27,216,217,68,3,0,8,0,2.1818181818181817,0.0,0.0,0.0
64,27,216,217,69,3,0,9,0,2.25,0.0,0.0,0.0
64,27,216,217,70,2,0,9,0,1.6363636363636365,0.0,0.0,0.0
64,27,216,217,71,2,0,10,0,1.6666666666666667,0.0,0.0,0.0
64,27,216,217,72,2,0,10,0,1.6666666666666667,0.0,0.0,0.0
64,27,216,217,73,1,0,12,0,0.9230769230769231,0.0,0.0,0.0
64,27,216,217,74,1,0,13,0,0.9285714285714286,0.0,0.0,0.0
64,27,216,217,77,2,1,17,0,1.7894736842105263,0.5,0.0,0.5
64,27,216,217,79,2,2,19,0,1.8095238095238095,1.0,0.0,1.0
64,27,224,225,63,2,0,2,0,1.0,0.0,0.0,0.0
64,27,224,225,64,2,0,3,0,1.2,0.0,0.0,0.0
64,27,224,225,65,2,0,4,0,1.3333333333333333,0.0,0.0,0.0
64,27,224,225,66,3,0,5,0,1.875,0.0,0.0,0.0
64,27,224,225,67,3,0,6,0,2.0,0.0,0.0,0.0
64,27,224,225,68,3,0,7,0,2.1,0.0,0.0,0.0
64,27,224,225,69,3,0,8,0,2.1818181818181817,0.0,0.0,0.0
64,27,224,225,70,2,0,8,0,1.6,0.0,0.0,0.0
64,27,224,225,71,2,0,9,0,1.6363636363636365,0.0,0.0,0.0
64,27,224,225,72,2,0,9,0,1.6363636363636365,0.0,0.0,0.0
64,27,224,225,73,1,0,11,0,0.9166666666666666,0.0,0.0,0.0
64,27,224,225,74,1,0,12,0,0.9230769230769231,0.0,0.0,0.0
64,27,224,225,75,1,0,14,0,0.9333333333333333,0.0,0.0,0.0
64,27,224,225,77,2,0,17,0,1.7894736842105263,0.0,0.0,0.0
64,27,224,225,79,2,2,19,0,1.8095238095238095,1.0,0.0,1.0
64,27,232,233,62,1,0,1,0,0.5,0.0,0.0,0.0
64,27,232,233,63,2,0,2,0,1.0,0.0,0.0,0.0
64,27,232,233,64,2,0,3,0,1.2,0.0,0.0,0.0
64,27,232,233,65,2,1,4,0,1.3333333333333333,0.5,0.0,0.5
64,27,232,233,66,1,0,5,0,0.8333333333333334,0.0,0.0,0.0
64,27,232,233,67,4,2,5,0,2.2222222222222223,0.5,0.0,0.5
64,27,232,233,68,2,0,7,0,1.5555555555555556,0.0,0.0,0.0
64,27,232,233,69,4,1,7,0,2.5454545454545454,0.25,0.0,0.25
64,27,232,233,70,1,0,8,0,0.8888888888888888,0.0,0.0,0.0
64,27,232,233,71,3,1,8,0,2.1818181818181817,0.3333333333333333,0.0,0.3333333333333333
64,27,232,233,72,1,0,9,0,0.9,0.0,0.0,0.0
64,27,232,233,73,2,1,10,0,1.6666666666666667,0.5,0.0,0.5
64,27,232,233,74,1,0,12,0,0.9230769230769231,0.0,0.0,0.0
64,27,232,233,75,1,0,14,0,0.9333333333333333,0.0,0.0,0.0
64,27,232,233,77,2,0,17,0,1.7894736842105263,0.0,0.0,0.0
64,27,232,233,79,2,2,19,0,1.8095238095238095,1.0,0.0,1.0
64,27,240,241,62,2,0,1,0,0.6666666666666666,0.0,0.0,0.0
64,27,240,241,63,1,0,2,0,0.6666666666666666,0.0,0.0,0.0
64,27,240,241,64,2,0,2,0,1.0,0.0,0.0,0.0
64,27,240,241,65,2,0,2,0,1.0,0.0,0.0,0.0
64,27,240,241,66,1,0,3,0,0.75,0.0,0.0,0.0
64,27,240,241,67,2,1,3,0,1.2,0.5,0.0,0.5
64,27,240,241,68,1,0,4,0,0.8,0.0,0.0,0.0
64,27,240,241,69,4,2,3,0,1.7142857142857142,0.5,0.0,0.5
64,27,240,241,70,2,0,3,0,1.2,0.0,0.0,0.0
64,27,240,241,71,3,3,3,0,1.5,1.0,0.0,1.0
64,27,240,241,72,1,0,3,0,0.75,0.0,0.0,0.0
64,27,240,241,73,2,1,4,0,1.3333333333333333,0.5,0.0,0.5
64,27,240,241,75,2,1,7,0,1.5555555555555556,0.5,0.0,0.5
64,27,240,241,76,2,0,8,0,1.6,0.0,0.0,0.0
64,27,240,241,77,5,2,11,0,3.4375,0.4,0.0,0.4
64,27,240,241,78,1,0,15,0,0.9375,0.0,0.0,0.0
64,27,240,241,79,5,4,15,0,3.75,0.8,0.0,0.8
64,27,240,241,81,3,1,18,0,2.5714285714285716,0.3333333333333333,0.0,0.3333333333333333
64,27,248,249,62,1,0,1,0,0.5,0.0,0.0,0.0
64,27,248,249,63,2,0,1,0,0.6666666666666666,0.0,0.0,0.0
64,27,248,249,64,2,0,1,0,0.6666666666666666,0.0,0.0,0.0
64,27,248,249,65,2,0,1,0,0.6666666666666666,0.0,0.0,0.0
64,27,248,249,66,1,0,2,0,0.6666666666666666,0.0,0.0,0.0
64,27,248,249,67,3,1,1,0,0.75,0.3333333333333333,0.0,0.3333333333333333
64,27,248,249,68,1,0,2,0,0.6666666666666666,0.0,0.0,0.0
64,27,248,249,69,2,1,2,0,1.0,0.5,0.0,0.5
64,27,248,249,70,2,0,1,0,0.6666666666666666,0.0,0.0,0.0
64,27,248,249,72,1,0,1,0,0.5,0.0,0.0,0.0
64,27,248,249,73,1,0,3,0,0.75,0.0,0.0,0.0
64,27,248,249,74,1,0,4,0,0.8,0.0,0.0,0.0
64,27,248,249,75,1,0,6,0,0.8571428571428571,0.0,0.0,0.0
64,27,248,249,76,1,0,7,0,0.875,0.0,0.0,0.0
64,27,248,249,77,4,2,10,0,2.857142857142857,0.5,0.0,0.5
64,27,248,249,78,2,0,13,0,1.7333333333333334,0.0,0.0,0.0
64,27,248,249,79,4,2,14,0,3.111111111111111,0.5,0.0,0.5
64,27,248,249,80,1,0,16,0,0.9411764705882353,0.0,0.0,0.0
64,27,248,249,81,2,1,18,0,1.8,0.5,0.0,0.5
64,27,248,249,82,2,0,20,0,1.8181818181818181,0.0,0.0,0.0
64,28,8,9,9,23,21,2,0,1.84,0.9130434782608695,0.0,0.9130434782608695
64,28,16,17,12,1,0,2,0,0.6666666666666666,0.0,0.0,0.0
64,28,16,17,13,29,27,2,0,1.8709677419354838,0.9310344827586207,0.0,0.9310344827586207
64,28,16,17,14,1,0,31,0,0.96875,0.0,0.0,0.0
64,28,24,25,16,3,0,5,0,1.875,0.0,0.0,0.0
64,28,24,25,17,24,18,6,0,4.8,0.75,0.0,0.75
64,28,24,25,19,2,0,28,0,1.8666666666666667,0.0,0.0,0.0
64,28,32,33,18,2,0,6,0,1.5,0.0,0.0,0.0
64,28,32,33,19,12,5,6,0,4.0,0.4166666666666667,0.0,0.4166666666666667
64,28,32,33,20,10,0,16,0,6.153846153846154,0.0,0.0,0.0
64,28,32,33,21,6,0,24,0,4.8,0.0,0.0,0.0
64,28,40,41,18,3,0,1,0,0.75,0.0,0.0,0.0
64,28,40,41,19,6,2,3,0,2.0,0.3333333333333333,0.0,0.3333333333333333
64,28,40,41,20,3,0,8,0,2.1818181818181817,0.0,0.0,0.0
64,28,40,41,21,12,5,10,0,5.454545454545454,0.4166666666666667,0.0,0.4166666666666667
64,28,40,41,22,8,0,17,0,5.44,0.0,0.0,0.0
64,28,40,41,23,4,0,20,0,3.3333333333333335,0.0,0.0,0.0
64,28,40,41,28,1,0,9,0,0.9,0.0,0.0,0.0
64,28,40,41,29,1,0,8,0,0.8888888888888888,0.0,0.0,0.0
64,28,40,41,31,1,1,10,0,0.9090909090909091,1.0,0.0,1.0
64,28,48,49,19,4,3,1,0,0.8,0.75,0.0,0.75
64,28,48,49,20,2,0,4,0,1.3333333333333333,0.0,0.0,0.0
64,28,48,49,21,8,3,5,0,3.076923076923077,0.375,0.0,0.375
64,28,48,49,22,4,0,9,0,2.769230769230769,0.0,0.0,0.0
64,28,48,49,23,9,4,9,0,4.5,0.4444444444444444,0.0,0.4444444444444444
64,28,48,49,24,3,0,14,0,2.4705882352941178,0.0,0.0,0.0
64,28,48,49,25,5,0,13,0,3.611111111111111,0.0,0.0,0.0
64,28,48,49,26,1,0,14,0,0.9333333333333333,0.0,0.0,0.0
64,28,48,49,29,1,0,6,0,0.8571428571428571,0.0,0.0,0.0
64,28,48,49,30,1,0,5,0,0.8333333333333334,0.0,0.0,0.0
64,28,48,49,31,1,0,6,0,0.8571428571428571,0.0,0.0,0.0
64,28,48,49,32,1,0,6,0,0.8571428571428571,0.0,0.0,0.0
64,28,48,49,33,6,3,5,0,2.727272727272727,0.5,0.0,0.5
64,28,48,49,34,4,0,9,0,2.769230769230769,0.0,0.0,0.0
64,28,48,49,35,8,3,11,0,4.631578947368421,0.375,0.0,0.375
64,28,48,49,36,5,0,19,0,3.9583333333333335,0.0,0.0,0.0
64,28,48,49,37,8,3,22,1,5.866666666666666,0.375,0.045454545454545456,0.32954545454545453
64,28,48,49,38,2,0,31,0,1.878787878787879,0.0,0.0,0.0
64,28,48,49,39,6,3,34,0,5.1,0.5,0.0,0.5
64,28,48,49,41,4,1,42,0,3.652173913043478,0.25,0.0,0.25
64,28,56,57,20,1,0,1,0,0.5,0.0,0.0,0.0
64,28,56,57,21,5,4,2,0,1.4285714285714286,0.8,0.0,0.8
64,28,56,57,22,4,0,3,0,1.7142857142857142,0.0,0.0,0.0
64,28,56,57,23,6,2,4,0,2.4,0.3333333333333333,0.0,0.3333333333333333
64,28,56,57,24,5,0,5,0,2.5,0.0,0.0,0.0
64,28,56,57,25,7,2,5,0,2.9166666666666665,0.2857142857142857,0.0,0.2857142857142857
64,28,56,57,26,5,0,7,0,2.9166666666666665,0.0,0.0,0.0
64,28,56,57,27,6,1,6,0,3.0,0.16666666666666666,0.0,0.16666666666666666
64,28,56,57,29,1,0,6,0,0.8571428571428571,0.0,0.0,0.0
64,28,56,57,31,1,1,5,0,0.8333333333333334,1.0,0.0,1.0
64,28,56,57,32,1,0,4,0,0.8,0.0,0.0,0.0
64,28,56,57,33,3,1,3,0,1.5,0.3333333333333333,0.0,0.3333333333333333
64,28,56,57,34,2,0,4,0,1.3333333333333333,0.0,0.0,0.0
64,28,56,57,35,7,1,4,0,2.5454545454545454,0.14285714285714285,0.0,0.14285714285714285
64,28,56,57,36,6,0,10,0,3.75,0.0,0.0,0.0
64,28,56,57,37,9,2,12,0,5.142857142857143,0.2222222222222222,0.0,0.2222222222222222
64,28,56,57,38,5,0,18,0,3.9130434782608696,0.0,0.0,0.0
64,28,56,57,39,10,4,21,0,6.774193548387097,0.4,0.0,0.4
64,28,56,57,40,6,0,27,0,4.909090909090909,0.0,0.0,0.0
64,28,56,57,41,12,3,30,0,8.571428571428571,0.25,0.0,0.25
64,28,56,57,42,2,0,41,0,1.9069767441860466,0.0,0.0,0.0
64,28,56,57,43,7,2,39,0,5.934782608695652,0.2857142857142857,0.0,0.2857142857142857
64,28,56,57,44,1,0,44,0,0.9777777777777777,0.0,0.0,0.0
64,28,56,57,45,4,1,41,0,3.6444444444444444,0.25,0.0,0.25
64,28,64,65,22,1,0,1,0,0.5,0.0,0.0,0.0
64,28,64,65,23,2,0,1,0,0.6666666666666666,0.0,0.0,0.0
64,28,64,65,24,1,0,2,0,0.6666666666666666,0.0,0.0,0.0
64,28,64,65,25,5,2,2,0,1.4285714285714286,0.4,0.0,0.4
64,28,64,65,26,2,0,4,0,1.3333333333333333,0.0,0.0,0.0
64,28,64,65,27,7,2,3,0,2.1,0.2857142857142857,0.0,0.2857142857142857
64,28,64,65,28,2,0,5,0,1.4285714285714286,0.0,0.0,0.0
64,28,64,65,29,4,1,3,0,1.7142857142857142,0.25,0.0,0.25
64,28,64,65,32,1,0,3,0,0.75,0.0,0.0,0.0
64,28,64,65,33,2,1,2,0,1.0,0.5,0.0,0.5
64,28,64,65,34,1,0,2,0,0.6666666666666666,0.0,0.0,0.0
64,28,64,65,35,3,1,1,0,0.75,0.3333333333333333,0.0,0.3333333333333333
64,28,64,65,36,3,0,3,0,1.5,0.0,0.0,0.0
64,28,64,65,37,11,5,3,0,2.357142857142857,0.45454545454545453,0.0,0.45454545454545453
64,28,64,65,38,3,0,10,0,2.3076923076923075,0.0,0.0,0.0
64,28,64,65,39,10,4,13,0,5.6521739130434785,0.4,0.0,0.4
64,28,64,65,40,6,0,19,0,4.56,0.0,0.0,0.0
64,28,64,65,41,11,4,22,0,7.333333333333333,0.36363636363636365,0.0,0.36363636363636365
64,28,64,65,42,5,0,29,0,4.264705882352941,0.0,0.0,0.0
64,28,64,65,43,13,5,27,0,8.775,0.38461538461538464,0.0,0.38461538461538464
64,28,64,65,44,2,0,36,0,1.894736842105263,0.0,0.0,0.0
64,28,64,65,45,12,7,30,0,8.571428571428571,0.5833333333333334,0.0,0.5833333333333334
64,28,64,65,47,8,3,29,0,6.27027027027027,0.375,0.0,0.375
64,28,64,65,49,1,0,31,0,0.96875,0.0,0.0,0.0
64,28,72,73,24,1,0,1,0,0.5,0.0,0.0,0.0
64,28,72,73,25,1,0,1,0,0.5,0.0,0.0,0.0
64,28,72,73,26,1,0,1,0,0.5,0.0,0.0,0.0
64,28,72,73,27,3,2,1,0,0.75,0.6666666666666666,0.0,0.6666666666666666
64,28,72,73,28,3,0,1,0,0.75,0.0,0.0,0.0
64,28,72,73,29,5,2,1,0,0.8333333333333334,0.4,0.0,0.4
64,28,72,73,30,2,0,3,0,1.2,0.0,0.0,0.0
64,28,72,73,32,1,0,3,0,0.75,0.0,0.0,0.0
64,28,72,73,33,1,0,2,0,0.6666666666666666,0.0,0.0,0.0
64,28,72,73,34,1,0,1,0,0.5,0.0,0.0,0.0
64,28,72,73,37,10,3,1,0,0.9090909090909091,0.3,0.0,0.3
64,28,72,73,38,5,0,5,0,2.5,0.0,0.0,0.0
64,28,72,73,39,12,6,7,0,4.421052631578948,0.5,0.0,0.5
64,28,72,73,40,5,0,15,0,3.75,0.0,0.0,0.0
64,28,72,73,41,10,5,21,0,6.774193548387097,0.5,0.0,0.5
64,28,72,73,42,6,0,26,0,4.875,0.0,0.0,0.0
64,28,72,73,43,13,8,27,0,8.775,0.6153846153846154,0.0,0.6153846153846154
64,28,72,73,44,2,0,33,0,1.8857142857142857,0.0,0.0,0.0
64,28,72,73,45,8,2,31,0,6.358974358974359,0.25,0.0,0.25
64,28,72,73,46,3,0,32,0,2.742857142857143,0.0,0.0,0.0
64,28,72,73,47,4,0,28,0,3.5,0.0,0.0,0.0
64,28,72,73,48,2,0,27,0,1.8620689655172413,0.0,0.0,0.0
64,28,72,73,49,2,0,28,0,1.8666666666666667,0.0,0.0,0.0
64,28,72,73,50,2,0,30,0,1.875,0.0,0.0,0.0
64,28,72,73,51,1,0,32,0,0.9696969696969697,0.0,0.0,0.0
64,28,80,81,28,1,0,1,0,0.5,0.0,0.0,0.0
64,28,80,81,32,1,0,3,0,0.75,0.0,0.0,0.0
64,28,80,81,33,1,0,2,0,0.6666666666666666,0.0,0.0,0.0
64,28,80,81,34,1,0,1,0,0.5,0.0,0.0,0.0
64,28,80,81,36,4,0,2,0,1.3333333333333333,0.0,0.0,0.0
64,28,80,81,37,9,4,3,0,2.25,0.4444444444444444,0.0,0.4444444444444444
64,28,80,81,38,3,0,7,0,2.1,0.0,0.0,0.0
64,28,80,81,39,13,10,7,0,4.55,0.7692307692307693,0.0,0.7692307692307693
64,28,80,81,40,3,0,15,0,2.5,0.0,0.0,0.0
64,28,80,81,41,14,8,16,0,7.466666666666667,0.5714285714285714,0.0,0.5714285714285714
64,28,80,81,42,6,0,23,0,4.758620689655173,0.0,0.0,0.0
64,28,80,81,43,17,9,22,0,9.58974358974359,0.5294117647058824,0.0,0.5294117647058824
64,28,80,81,44,1,0,33,0,0.9705882352941176,0.0,0.0,0.0
64,28,80,81,45,8,1,31,0,6.358974358974359,0.125,0.0,0.125
64,28,80,81,46,3,0,32,0,2.742857142857143,0.0,0.0,0.0
64,28,80,81,47,4,0,28,0,3.5,0.0,0.0,0.0
64,28,80,81,48,1,0,27,0,0.9642857142857143,0.0,0.0,0.0
64,28,80,81,49,5,1,25,0,4.166666666666667,0.2,0.0,0.2
64,28,80,81,50,1,0,30,0,0.967741935483871,0.0,0.0,0.0
64,28,80,81,51,2,2,31,0,1.878787878787879,1.0,0.0,1.0
64,28,88,89,33,1,0,2,0,0.6666666666666666,0.0,0.0,0.0
64,28,88,89,34,1,0,1,0,0.5,0.0,0.0,0.0
64,28,88,89,36,2,0,2,0,1.0,0.0,0.0,0.0
64,28,88,89,37,9,4,2,0,1.6363636363636365,0.4444444444444444,0.0,0.4444444444444444
64,28,88,89,38,3,0,6,0,2.0,0.0,0.0,0.0
64,28,88,89,39,7,4,8,1,3.7333333333333334,0.5714285714285714,0.125,0.4464285714285714
64,28,88,89,40,3,0,11,0,2.357142857142857,0.0,0.0,0.0
64,28,88,89,41,11,4,12,0,5.739130434782608,0.36363636363636365,0.0,0.36363636363636365
64,28,88,89,42,7,0,17,0,4.958333333333333,0.0,0.0,0.0
64,28,88,89,43,16,8,18,0,8.470588235294118,0.5,0.0,0.5
64,28,88,89,44,5,0,27,0,4.21875,0.0,0.0,0.0
64,28,88,89,45,11,5,27,0,7.815789473684211,0.45454545454545453,0.0,0.45454545454545453
64,28,88,89,46,4,0,29,0,3.515151515151515,0.0,0.0,0.0
64,28,88,89,47,8,1,24,0,6.0,0.125,0.0,0.125
64,28,88,89,48,1,0,26,0,0.9629629629629629,0.0,0.0,0.0
64,28,88,89,49,4,0,23,0,3.4074074074074074,0.0,0.0,0.0
64,28,88,89,50,3,0,25,0,2.6785714285714284,0.0,0.0,0.0
64,28,88,89,51,2,0,26,0,1.8571428571428572,0.0,0.0,0.0
64,28,88,89,52,3,0,24,0,2.6666666666666665,0.0,0.0,0.0
64,28,88,89,53,13,6,22,0,8.17142857142857,0.46153846153846156,0.0,0.46153846153846156
64,28,88,89,54,2,0,33,1,1.8857142857142857,0.0,0.030303030303030304,-0.030303030303030304
64,28,88,89,55,6,4,33,0,5.076923076923077,0.6666666666666666,0.0,0.6666666666666666
64,28,88,89,57,3,1,41,1,2.7954545454545454,0.3333333333333333,0.024390243902439025,0.30894308943089427
64,28,88,89,59,3,1,44,1,2.8085106382978724,0.3333333333333333,0.022727272727272728,0.3106060606060606
64,28,88,89,61,2,1,44,0,1.9130434782608696,0.5,0.0,0.5
64,28,96,97,36,1,0,2,0,0.6666666666666666,0.0,0.0,0.0
64,28,96,97,37,5,3,2,0,1.4285714285714286,0.6,0.0,0.6
64,28,96,97,38,1,0,5,0,0.8333333333333334,0.0,0.0,0.0
64,28,96,97,39,8,4,5,1,3.076923076923077,0.5,0.2,0.3
64,28,96,97,40,2,0,8,0,1.6,0.0,0.0,0.0
64,28,96,97,41,9,4,9,0,4.5,0.4444444444444444,0.0,0.4444444444444444
64,28,96,97,42,7,0,13,0,4.55,0.0,0.0,0.0
64,28,96,97,43,12,5,15,0,6.666666666666667,0.4166666666666667,0.0,0.4166666666666667
64,28,96,97,44,2,0,23,0,1.84,0.0,0.0,0.0
64,28,96,97,45,11,4,22,0,7.333333333333333,0.36363636363636365,0.0,0.36363636363636365
64,28,96,97,46,6,0,24,0,4.8,0.0,0.0,0.0
64,28,96,97,47,9,2,21,0,6.3,0.2222222222222222,0.0,0.2222222222222222
64,28,96,97,48,4,0,22,0,3.3846153846153846,0.0,0.0,0.0
64,28,96,97,49,5,0,20,0,4.0,0.0,0.0,0.0
64,28,96,97,50,5,0,20,0,4.0,0.0,0.0,0.0
64,28,96,97,51,6,1,20,0,4.615384615384615,0.16666666666666666,0.0,0.16666666666666666
64,28,96,97,52,5,1,19,0,3.9583333333333335,0.2,0.0,0.2
64,28,96,97,53,10,2,17,0,6.296296296296297,0.2,0.0,0.2
64,28,96,97,54,8,1,21,0,5.793103448275862,0.125,0.0,0.125
64,28,96,97,55,8,2,24,0,6.0,0.25,0.0,0.25
64,28,96,97,56,7,0,26,0,5.515151515151516,0.0,0.0,0.0
64,28,96,97,57,9,0,28,0,6.8108108108108105,0.0,0.0,0.0
64,28,96,97,58,9,0,30,0,6.923076923076923,0.0,0.0,0.0
64,28,96,97,59,10,1,31,0,7.560975609756097,0.1,0.0,0.1
64,28,96,97,60,8,0,32,0,6.4,0.0,0.0,0.0
64,28,96,97,61,11,2,30,0,8.048780487804878,0.18181818181818182,0.0,0.18181818181818182
64,28,96,97,62,8,0,31,0,6.358974358974359,0.0,0.0,0.0
64,28,96,97,63,9,0,29,0,6.868421052631579,0.0,0.0,0.0
64,28,96,97,64,7,0,29,0,5.638888888888889,0.0,0.0,0.0
64,28,96,97,65,9,2,28,0,6.8108108108108105,0.2222222222222222,0.0,0.2222222222222222
64,28,96,97,66,2,0,30,0,1.875,0.0,0.0,0.0
64,28,96,97,67,2,0,26,0,1.8571428571428572,0.0,0.0,0.0
64,28,104,105,36,1,0,1,0,0.5,0.0,0.0,0.0
64,28,104,105,39,5,2,3,1,1.875,0.4,0.3333333333333333,0.06666666666666671
64,28,104,105,40,2,0,6,0,1.5,0.0,0.0,0.0
64,28,104,105,41,7,1,6,0,3.230769230769231,0.14285714285714285,0.0,0.14285714285714285
64,28,104,105,42,7,0,9,0,3.9375,0.0,0.0,0.0
64,28,104,105,43,11,3,10,0,5.238095238095238,0.2727272727272727,0.0,0.2727272727272727
64,28,104,105,44,6,0,16,0,4.363636363636363,0.0,0.0,0.0
64,28,104,105,45,12,3,16,0,6.857142857142857,0.25,0.0,0.25
64,28,104,105,46,5,0,22,0,4.074074074074074,0.0,0.0,0.0
64,28,104,105,47,8,0,19,0,5.62962962962963,0.0,0.0,0.0
64,28,104,105,48,3,0,21,0,2.625,0.0,0.0,0.0
64,28,104,105,49,4,0,20,0,3.3333333333333335,0.0,0.0,0.0
64,28,104,105,50,4,0,20,0,3.3333333333333335,0.0,0.0,0.0
64,28,104,105,51,3,0,19,0,2.590909090909091,0.0,0.0,0.0
64,28,104,105,52,4,1,17,0,3.238095238095238,0.25,0.0,0.25
64,28,104,105,53,4,2,15,0,3.1578947368421053,0.5,0.0,0.5
64,28,104,105,54,7,0,14,0,4.666666666666667,0.0,0.0,0.0
64,28,104,105,55,9,3,18,0,6.0,0.3333333333333333,0.0,0.3333333333333333
64,28,104,105,56,10,1,20,0,6.666666666666667,0.1,0.0,0.1
64,28,104,105,57,9,2,24,0,6.545454545454546,0.2222222222222222,0.0,0.2222222222222222
64,28,104,105,58,9,0,26,0,6.685714285714286,0.0,0.0,0.0
64,28,104,105,59,9,0,27,0,6.75,0.0,0.0,0.0
64,28,104,105,60,10,1,27,0,7.297297297297297,0.1,0.0,0.1
64,28,104,105,61,8,0,27,0,6.171428571428572,0.0,0.0,0.0
64,28,104,105,62,9,1,25,0,6.617647058823529,0.1111111111111111,0.0,0.1111111111111111
64,28,104,105,63,9,0,24,0,6.545454545454546,0.0,0.0,0.0
64,28,104,105,64,8,0,23,0,5.935483870967742,0.0,0.0,0.0
64,28,104,105,65,7,0,23,0,5.366666666666666,0.0,0.0,0.0
64,28,104,105,66,6,1,23,0,4.758620689655173,0.16666666666666666,0.0,0.16666666666666666
64,28,104,105,67,3,0,23,0,2.6538461538461537,0.0,0.0,0.0
64,28,104,105,68,2,0,21,0,1.826086956521739,0.0,0.0,0.0
64,28,112,113,38,2,0,1,0,0.6666666666666666,0.0,0.0,0.0
64,28,112,113,39,3,2,2,1,1.2,0.6666666666666666,0.5,0.16666666666666663
64,28,112,113,40,2,0,3,0,1.2,0.0,0.0,0.0
64,28,112,113,41,6,1,3,0,2.0,0.16666666666666666,0.0,0.16666666666666666
64,28,112,113,42,6,0,4,0,2.4,0.0,0.0,0.0
64,28,112,113,43,11,4,3,0,2.357142857142857,0.36363636363636365,0.0,0.36363636363636365
64,28,112,113,44,7,0,8,0,3.7333333333333334,0.0,0.0,0.0
64,28,112,113,45,12,5,8,0,4.8,0.4166666666666667,0.0,0.4166666666666667
64,28,112,113,46,9,0,13,0,5.318181818181818,0.0,0.0,0.0
64,28,112,113,47,11,5,15,0,6.346153846153846,0.45454545454545453,0.0,0.45454545454545453
64,28,112,113,48,5,0,19,0,3.9583333333333335,0.0,0.0,0.0
64,28,112,113,49,3,0,20,0,2.608695652173913,0.0,0.0,0.0
64,28,112,113,50,5,0,19,0,3.9583333333333335,0.0,0.0,0.0
64,28,112,113,51,3,0,19,0,2.590909090909091,0.0,0.0,0.0
64,28,112,113,52,3,0,17,0,2.55,0.0,0.0,0.0
64,28,112,113,53,2,0,15,0,1.7647058823529411,0.0,0.0,0.0
64,28,112,113,54,5,0,14,0,3.6842105263157894,0.0,0.0,0.0
64,28,112,113,55,7,2,17,0,4.958333333333333,0.2857142857142857,0.0,0.2857142857142857
64,28,112,113,56,4,0,20,0,3.3333333333333335,0.0,0.0,0.0
64,28,112,113,57,7,1,21,0,5.25,0.14285714285714285,0.0,0.14285714285714285
64,28,112,113,58,5,0,24,0,4.137931034482759,0.0,0.0,0.0
64,28,112,113,59,8,1,24,0,6.0,0.125,0.0,0.125
64,28,112,113,60,7,0,25,0,5.46875,0.0,0.0,0.0
64,28,112,113,61,7,1,24,0,5.419354838709677,0.14285714285714285,0.0,0.14285714285714285
64,28,112,113,62,7,0,23,0,5.366666666666666,0.0,0.0,0.0
64,28,112,113,63,8,1,22,0,5.866666666666666,0.125,0.0,0.125
64,28,112,113,64,6,0,22,0,4.714285714285714,0.0,0.0,0.0
64,28,112,113,65,5,0,22,0,4.074074074074074,0.0,0.0,0.0
64,28,112,113,66,5,0,22,0,4.074074074074074,0.0,0.0,0.0
64,28,112,113,67,4,1,22,0,3.3846153846153846,0.25,0.0,0.25
64,28,112,113,68,1,0,21,0,0.9545454545454546,0.0,0.0,0.0
64,28,112,113,69,1,0,18,0,0.9473684210526315,0.0,0.0,0.0
64,28,120,121,40,3,0,1,0,0.75,0.0,0.0,0.0
64,28,120,121,41,3,2,2,0,1.2,0.6666666666666666,0.0,0.6666666666666666
64,28,120,121,42,3,0,2,0,1.2,0.0,0.0,0.0
64,28,120,121,43,8,5,1,0,0.8888888888888888,0.625,0.0,0.625
64,28,120,121,44,4,0,3,0,1.7142857142857142,0.0,0.0,0.0
64,28,120,121,45,9,1,2,0,1.6363636363636365,0.1111111111111111,0.0,0.1111111111111111
64,28,120,121,46,7,0,4,0,2.5454545454545454,0.0,0.0,0.0
64,28,120,121,47,13,2,5,0,3.611111111111111,0.15384615384615385,0.0,0.15384615384615385
64,28,120,121,48,5,0,13,0,3.611111111111111,0.0,0.0,0.0
64,28,120,121,49,6,0,13,0,4.105263157894737,0.0,0.0,0.0
64,28,120,121,50,7,0,14,0,4.666666666666667,0.0,0.0,0.0
64,28,120,121,51,8,0,14,0,5.090909090909091,0.0,0.0,0.0
64,28,120,121,52,3,0,17,0,2.55,0.0,0.0,0.0
64,28,120,121,53,3,1,15,0,2.5,0.3333333333333333,0.0,0.3333333333333333
64,28,120,121,54,3,1,14,0,2.4705882352941178,0.3333333333333333,0.0,0.3333333333333333
64,28,120,121,55,7,2,14,0,4.666666666666667,0.2857142857142857,0.0,0.2857142857142857
64,28,120,121,56,3,0,17,0,2.55,0.0,0.0,0.0
64,28,120,121,57,7,2,17,0,4.958333333333333,0.2857142857142857,0.0,0.2857142857142857
64,28,120,121,58,4,0,19,0,3.3043478260869565,0.0,0.0,0.0
64,28,120,121,59,7,3,19,0,5.115384615384615,0.42857142857142855,0.0,0.42857142857142855
64,28,120,121,60,4,0,19,0,3.3043478260869565,0.0,0.0,0.0
64,28,120,121,61,10,5,17,0,6.296296296296297,0.5,0.0,0.5
64,28,120,121,62,3,0,20,0,2.608695652173913,0.0,0.0,0.0
64,28,120,121,63,7,3,17,0,4.958333333333333,0.42857142857142855,0.0,0.42857142857142855
64,28,120,121,64,6,0,17,0,4.434782608695652,0.0,0.0,0.0
64,28,120,121,65,6,1,17,0,4.434782608695652,0.16666666666666666,0.0,0.16666666666666666
64,28,120,121,66,6,0,18,0,4.5,0.0,0.0,0.0
64,28,120,121,67,4,1,19,0,3.3043478260869565,0.25,0.0,0.25
64,28,120,121,68,3,0,18,0,2.5714285714285716,0.0,0.0,0.0
64,28,120,121,69,2,0,17,0,1.7894736842105263,0.0,0.0,0.0
64,28,128,129,41,2,0,1,0,0.6666666666666666,0.0,0.0,0.0
64,28,128,129,42,2,0,1,0,0.6666666666666666,0.0,0.0,0.0
64,28,128,129,44,5,0,1,0,0.8333333333333334,0.0,0.0,0.0
64,28,128,129,45,5,0,2,0,1.4285714285714286,0.0,0.0,0.0
64,28,128,129,46,5,0,3,0,1.875,0.0,0.0,0.0
64,28,128,129,47,7,2,4,0,2.5454545454545454,0.2857142857142857,0.0,0.2857142857142857
64,28,128,129,48,10,0,5,0,3.3333333333333335,0.0,0.0,0.0
64,28,128,129,49,9,1,9,0,4.5,0.1111111111111111,0.0,0.1111111111111111
64,28,128,129,50,6,0,13,0,4.105263157894737,0.0,0.0,0.0
64,28,128,129,51,8,2,13,0,4.9523809523809526,0.25,0.0,0.25
64,28,128,129,52,3,0,15,0,2.5,0.0,0.0,0.0
64,28,128,129,53,4,2,13,0,3.0588235294117645,0.5,0.0,0.5
64,28,128,129,54,2,0,12,0,1.7142857142857142,0.0,0.0,0.0
64,28,128,129,55,5,0,11,0,3.4375,0.0,0.0,0.0
64,28,128,129,56,4,0,13,0,3.0588235294117645,0.0,0.0,0.0
64,28,128,129,57,4,1,15,0,3.1578947368421053,0.25,0.0,0.25
64,28,128,129,58,4,0,16,0,3.2,0.0,0.0,0.0
64,28,128,129,59,5,2,16,0,3.8095238095238093,0.4,0.0,0.4
64,28,128,129,60,2,0,16,0,1.7777777777777777,0.0,0.0,0.0
64,28,128,129,61,5,3,14,0,3.6842105263157894,0.6,0.0,0.6
64,28,128,129,62,5,0,14,0,3.6842105263157894,0.0,0.0,0.0
64,28,128,129,63,3,0,14,0,2.4705882352941178,0.0,0.0,0.0
64,28,128,129,64,3,0,12,0,2.4,0.0,0.0,0.0
64,28,128,129,65,4,2,12,0,3.0,0.5,0.0,0.5
64,28,128,129,66,2,0,12,0,1.7142857142857142,0.0,0.0,0.0
64,28,128,129,67,6,4,11,0,3.8823529411764706,0.6666666666666666,0.0,0.6666666666666666
64,28,128,129,68,2,0,13,0,1.7333333333333334,0.0,0.0,0.0
64,28,128,129,69,1,1,13,0,0.9285714285714286,1.0,0.0,1.0
64,28,128,129,71,2,2,9,0,1.6363636363636365,1.0,0.0,1.0
64,28,128,129,72,2,0,9,0,1.6363636363636365,0.0,0.0,0.0
64,28,136,137,42,1,0,1,0,0.5,0.0,0.0,0.0
64,28,136,137,44,3,0,1,0,0.75,0.0,0.0,0.0
64,28,136,137,45,4,1,2,0,1.3333333333333333,0.25,0.0,0.25
64,28,136,137,46,3,0,3,0,1.5,0.0,0.0,0.0
64,28,136,137,47,5,0,4,0,2.2222222222222223,0.0,0.0,0.0
64,28,136,137,48,6,0,5,0,2.727272727272727,0.0,0.0,0.0
64,28,136,137,49,6,2,7,0,3.230769230769231,0.3333333333333333,0.0,0.3333333333333333
64,28,136,137,50,8,0,8,0,4.0,0.0,0.0,0.0
64,28,136,137,51,7,3,11,0,4.277777777777778,0.42857142857142855,0.0,0.42857142857142855
64,28,136,137,52,4,0,12,0,3.0,0.0,0.0,0.0
64,28,136,137,53,3,0,10,0,2.3076923076923075,0.0,0.0,0.0
64,28,136,137,54,1,0,10,0,0.9090909090909091,0.0,0.0,0.0
64,28,136,137,55,5,4,9,0,3.2142857142857144,0.8,0.0,0.8
64,28,136,137,56,2,0,10,0,1.6666666666666667,0.0,0.0,0.0
64,28,136,137,57,4,2,9,0,2.769230769230769,0.5,0.0,0.5
64,28,136,137,58,1,0,10,0,0.9090909090909091,0.0,0.0,0.0
64,28,136,137,59,5,3,8,0,3.076923076923077,0.6,0.0,0.6
64,28,136,137,60,2,0,9,0,1.6363636363636365,0.0,0.0,0.0
64,28,136,137,61,4,3,7,0,2.5454545454545454,0.75,0.0,0.75
64,28,136,137,63,5,3,4,0,2.2222222222222223,0.6,0.0,0.6
64,28,136,137,65,6,3,3,0,2.0,0.5,0.0,0.5
64,28,136,137,66,2,0,4,0,1.3333333333333333,0.0,0.0,0.0
64,28,136,137,67,5,3,3,0,1.875,0.6,0.0,0.6
64,28,136,137,68,1,0,5,0,0.8333333333333334,0.0,0.0,0.0
64,28,136,137,69,5,1,4,0,2.2222222222222223,0.2,0.0,0.2
64,28,136,137,71,1,1,6,0,0.8571428571428571,1.0,0.0,1.0
64,28,136,137,73,1,0,8,0,0.8888888888888888,0.0,0.0,0.0
64,28,144,145,44,1,0,1,0,0.5,0.0,0.0,0.0
64,28,144,145,45,2,0,1,0,0.6666666666666666,0.0,0.0,0.0
64,28,144,145,46,2,0,2,0,1.0,0.0,0.0,0.0
64,28,144,145,47,3,1,3,0,1.5,0.3333333333333333,0.0,0.3333333333333333
64,28,144,145,48,2,0,4,0,1.3333333333333333,0.0,0.0,0.0
64,28,144,145,49,5,1,5,0,2.5,0.2,0.0,0.2
64,28,144,145,50,6,0,6,0,3.0,0.0,0.0,0.0
64,28,144,145,51,6,1,7,0,3.230769230769231,0.16666666666666666,0.0,0.16666666666666666
64,28,144,145,52,4,0,9,0,2.769230769230769,0.0,0.0,0.0
64,28,144,145,53,3,0,8,0,2.1818181818181817,0.0,0.0,0.0
64,28,144,145,54,3,0,7,0,2.1,0.0,0.0,0.0
64,28,144,145,55,2,0,8,0,1.6,0.0,0.0,0.0
64,28,144,145,57,2,2,7,0,1.5555555555555556,1.0,0.0,1.0
64,28,144,145,58,1,0,6,0,0.8571428571428571,0.0,0.0,0.0
64,28,144,145,59,1,0,5,0,0.8333333333333334,0.0,0.0,0.0
64,28,144,145,61,1,0,3,0,0.75,0.0,0.0,0.0
64,28,144,145,62,1,0,2,0,0.6666666666666666,0.0,0.0,0.0
64,28,144,145,63,1,1,1,0,0.5,1.0,0.0,1.0
64,28,144,145,73,1,0,7,0,0.875,0.0,0.0,0.0
64,28,152,153,46,1,0,1,0,0.5,0.0,0.0,0.0
64,28,152,153,47,3,1,1,0,0.75,0.3333333333333333,0.0,0.3333333333333333
64,28,152,153,48,1,0,3,0,0.75,0.0,0.0,0.0
64,28,152,153,49,3,2,3,1,1.5,0.6666666666666666,0.3333333333333333,0.3333333333333333
64,28,152,153,50,4,0,5,0,2.2222222222222223,0.0,0.0,0.0
64,28,152,153,51,5,2,6,0,2.727272727272727,0.4,0.0,0.4
64,28,152,153,52,6,0,6,0,3.0,0.0,0.0,0.0
64,28,152,153,53,2,0,7,0,1.5555555555555556,0.0,0.0,0.0
64,28,152,153,54,3,0,6,0,2.0,0.0,0.0,0.0
64,28,152,153,55,2,1,7,0,1.5555555555555556,0.5,0.0,0.5
64,28,152,153,56,1,0,7,0,0.875,0.0,0.0,0.0
64,28,160,161,71,1,1,3,0,0.75,1.0,0.0,1.0
64,28,168,169,73,2,0,4,0,1.3333333333333333,0.0,0.0,0.0
64,28,168,169,74,2,0,6,0,1.5,0.0,0.0,0.0
64,28,168,169,75,2,0,8,0,1.6,0.0,0.0,0.0
64,28,168,169,76,2,0,9,0,1.6363636363636365,0.0,0.0,0.0
64,28,168,169,77,2,0,10,0,1.6666666666666667,0.0,0.0,0.0
64,28,168,169,78,2,0,11,0,1.6923076923076923,0.0,0.0,0.0
64,28,168,169,79,2,0,12,0,1.7142857142857142,0.0,0.0,0.0
64,28,168,169,80,2,0,13,0,1.7333333333333334,0.0,0.0,0.0
64,28,168,169,81,2,0,13,0,1.7333333333333334,0.0,0.0,0.0
64,28,168,169,82,2,0,13,0,1.7333333333333334,0.0,0.0,0.0
64,28,168,169,83,2,0,13,0,1.7333333333333334,0.0,0.0,0.0
64,28,168,169,84,2,0,13,0,1.7333333333333334,0.0,0.0,0.0
64,28,168,169,85,3,0,13,0,2.4375,0.0,0.0,0.0
64,28,176,177,73,2,0,2,0,1.0,0.0,0.0,0.0
64,28,176,177,74,2,0,4,0,1.3333333333333333,0.0,0.0,0.0
64,28,176,177,75,2,0,6,0,1.5,0.0,0.0,0.0
64,28,176,177,76,2,0,7,0,1.5555555555555556,0.0,0.0,0.0
64,28,176,177,77,2,0,8,0,1.6,0.0,0.0,0.0
64,28,176,177,78,2,0,9,0,1.6363636363636365,0.0,0.0,0.0
64,28,176,177,79,2,0,10,0,1.6666666666666667,0.0,0.0,0.0
64,28,176,177,80,2,0,11,0,1.6923076923076923,0.0,0.0,0.0
64,28,176,177,81,2,0,11,0,1.6923076923076923,0.0,0.0,0.0
64,28,176,177,82,2,0,11,0,1.6923076923076923,0.0,0.0,0.0
64,28,176,177,83,2,0,11,0,1.6923076923076923,0.0,0.0,0.0
64,28,176,177,84,2,0,11,0,1.6923076923076923,0.0,0.0,0.0
64,28,176,177,85,2,0,11,0,1.6923076923076923,0.0,0.0,0.0
64,28,176,177,86,2,0,11,0,1.6923076923076923,0.0,0.0,0.0
64,28,176,177,87,2,0,11,0,1.6923076923076923,0.0,0.0,0.0
64,28,184,185,74,2,0,2,0,1.0,0.0,0.0,0.0
64,28,184,185,75,2,0,4,0,1.3333333333333333,0.0,0.0,0.0
64,28,184,185,76,2,0,5,0,1.4285714285714286,0.0,0.0,0.0
64,28,184,185,77,2,0,6,0,1.5,0.0,0.0,0.0
64,28,184,185,78,3,1,7,0,2.1,0.3333333333333333,0.0,0.3333333333333333
64,28,184,185,79,2,1,9,0,1.6363636363636365,0.5,0.0,0.5
64,28,184,185,80,2,1,10,0,1.6666666666666667,0.5,0.0,0.5
64,28,184,185,81,2,1,10,0,1.6666666666666667,0.5,0.0,0.5
64,28,184,185,82,2,1,10,0,1.6666666666666667,0.5,0.0,0.5
64,28,184,185,83,1,0,10,0,0.9090909090909091,0.0,0.0,0.0
64,28,184,185,84,2,0,9,0,1.6363636363636365,0.0,0.0,0.0
64,28,184,185,85,3,1,9,0,2.25,0.3333333333333333,0.0,0.3333333333333333
64,28,184,185,86,2,1,10,0,1.6666666666666667,0.5,0.0,0.5
64,28,184,185,87,3,1,10,0,2.3076923076923075,0.3333333333333333,0.0,0.3333333333333333
64,28,192,193,74,2,0,1,0,0.6666666666666666,0.0,0.0,0.0
64,28,192,193,75,2,0,3,0,1.2,0.0,0.0,0.0
64,28,192,193,76,3,1,4,0,1.7142857142857142,0.3333333333333333,0.0,0.3333333333333333
64,28,192,193,77,2,1,6,0,1.5,0.5,0.0,0.5
64,28,192,193,78,2,1,7,0,1.5555555555555556,0.5,0.0,0.5
64,28,192,193,79,2,1,8,0,1.6,0.5,0.0,0.5
64,28,192,193,80,2,1,9,0,1.6363636363636365,0.5,0.0,0.5
64,28,192,193,81,1,0,9,0,0.9,0.0,0.0,0.0
64,28,192,193,82,3,1,8,0,2.1818181818181817,0.3333333333333333,0.0,0.3333333333333333
64,28,192,193,83,2,1,9,0,1.6363636363636365,0.5,0.0,0.5
64,28,192,193,84,2,0,9,0,1.6363636363636365,0.0,0.0,0.0
64,28,192,193,85,2,0,9,0,1.6363636363636365,0.0,0.0,0.0
64,28,192,193,86,2,0,9,0,1.6363636363636365,0.0,0.0,0.0
64,28,192,193,87,2,0,9,0,1.6363636363636365,0.0,0.0,0.0
64,28,192,193,88,2,0,9,0,1.6363636363636365,0.0,0.0,0.0
64,28,200,201,75,3,1,2,0,1.2,0.3333333333333333,0.0,0.3333333333333333
64,28,200,201,76,2,0,4,0,1.3333333333333333,0.0,0.0,0.0
64,28,200,201,77,2,0,5,0,1.4285714285714286,0.0,0.0,0.0
64,28,200,201,78,2,0,6,0,1.5,0.0,0.0,0.0
64,28,200,201,79,2,0,7,0,1.5555555555555556,0.0,0.0,0.0
64,28,200,201,80,2,0,8,0,1.6,0.0,0.0,0.0
64,28,200,201,81,3,1,8,0,2.1818181818181817,0.3333333333333333,0.0,0.3333333333333333
64,28,200,201,82,1,0,9,0,0.9,0.0,0.0,0.0
64,28,200,201,83,3,0,8,0,2.1818181818181817,0.0,0.0,0.0
64,28,200,201,84,2,0,9,0,1.6363636363636365,0.0,0.0,0.0
64,28,200,201,85,2,0,9,0,1.6363636363636365,0.0,0.0,0.0
64,28,200,201,86,2,0,9,0,1.6363636363636365,0.0,0.0,0.0
64,28,200,201,87,2,0,9,0,1.6363636363636365,0.0,0.0,0.0
64,28,200,201,88,2,0,9,0,1.6363636363636365,0.0,0.0,0.0
64,28,208,209,75,2,0,3,0,1.2,0.0,0.0,0.0
64,28,208,209,76,2,0,4,0,1.3333333333333333,0.0,0.0,0.0
64,28,208,209,77,3,1,5,0,1.875,0.3333333333333333,0.0,0.3333333333333333
64,28,208,209,78,2,0,7,0,1.5555555555555556,0.0,0.0,0.0
64,28,208,209,79,2,0,8,0,1.6,0.0,0.0,0.0
64,28,208,209,80,2,0,9,0,1.6363636363636365,0.0,0.0,0.0
64,28,208,209,81,2,0,9,0,1.6363636363636365,0.0,0.0,0.0
64,28,208,209,82,2,0,9,0,1.6363636363636365,0.0,0.0,0.0
64,28,208,209,83,2,0,9,0,1.6363636363636365,0.0,0.0,0.0
64,28,208,209,84,2,0,9,0,1.6363636363636365,0.0,0.0,0.0
64,28,208,209,85,2,0,9,0,1.6363636363636365,0.0,0.0,0.0
64,28,208,209,86,2,0,9,0,1.6363636363636365,0.0,0.0,0.0
64,28,208,209,87,2,0,9,0,1.6363636363636365,0.0,0.0,0.0
64,28,208,209,88,2,0,9,0,1.6363636363636365,0.0,0.0,0.0
64,28,216,217,74,2,0,1,0,0.6666666666666666,0.0,0.0,0.0
64,28,216,217,75,3,1,3,0,1.5,0.3333333333333333,0.0,0.3333333333333333
64,28,216,217,76,2,0,5,0,1.4285714285714286,0.0,0.0,0.0
64,28,216,217,77,2,0,6,0,1.5,0.0,0.0,0.0
64,28,216,217,78,2,0,7,0,1.5555555555555556,0.0,0.0,0.0
64,28,216,217,79,2,0,8,0,1.6,0.0,0.0,0.0
64,28,216,217,80,2,0,9,0,1.6363636363636365,0.0,0.0,0.0
64,28,216,217,81,2,0,9,0,1.6363636363636365,0.0,0.0,0.0
64,28,216,217,82,2,0,9,0,1.6363636363636365,0.0,0.0,0.0
64,28,216,217,83,2,0,9,0,1.6363636363636365,0.0,0.0,0.0
64,28,216,217,84,2,0,9,0,1.6363636363636365,0.0,0.0,0.0
64,28,216,217,85,2,0,9,0,1.6363636363636365,0.0,0.0,0.0
64,28,216,217,86,2,0,9,0,1.6363636363636365,0.0,0.0,0.0
64,28,216,217,87,2,0,9,0,1.6363636363636365,0.0,0.0,0.0
64,28,216,217,88,2,0,9,0,1.6363636363636365,0.0,0.0,0.0
64,28,224,225,74,2,0,1,0,0.6666666666666666,0.0,0.0,0.0
64,28,224,225,75,3,0,3,0,1.5,0.0,0.0,0.0
64,28,224,225,76,2,0,5,0,1.4285714285714286,0.0,0.0,0.0
64,28,224,225,77,2,0,6,0,1.5,0.0,0.0,0.0
64,28,224,225,78,2,0,7,0,1.5555555555555556,0.0,0.0,0.0
64,28,224,225,79,2,0,8,0,1.6,0.0,0.0,0.0
64,28,224,225,80,2,0,9,0,1.6363636363636365,0.0,0.0,0.0
64,28,224,225,81,2,0,9,0,1.6363636363636365,0.0,0.0,0.0
64,28,224,225,82,2,0,9,0,1.6363636363636365,0.0,0.0,0.0
64,28,224,225,83,2,0,9,0,1.6363636363636365,0.0,0.0,0.0
64,28,224,225,84,2,0,9,0,1.6363636363636365,0.0,0.0,0.0
64,28,224,225,85,2,0,9,0,1.6363636363636365,0.0,0.0,0.0
64,28,224,225,86,2,0,9,0,1.6363636363636365,0.0,0.0,0.0
64,28,224,225,87,2,0,9,0,1.6363636363636365,0.0,0.0,0.0
64,28,224,225,88,2,0,9,0,1.6363636363636365,0.0,0.0,0.0
64,28,232,233,74,3,0,1,0,0.75,0.0,0.0,0.0
64,28,232,233,75,2,0,4,0,1.3333333333333333,0.0,0.0,0.0
64,28,232,233,76,2,0,5,0,1.4285714285714286,0.0,0.0,0.0
64,28,232,233,77,2,0,6,0,1.5,0.0,0.0,0.0
64,28,232,233,78,2,0,7,0,1.5555555555555556,0.0,0.0,0.0
64,28,232,233,79,2,0,8,0,1.6,0.0,0.0,0.0
64,28,232,233,80,2,0,9,0,1.6363636363636365,0.0,0.0,0.0
64,28,232,233,81,2,0,9,0,1.6363636363636365,0.0,0.0,0.0
64,28,232,233,82,2,0,9,0,1.6363636363636365,0.0,0.0,0.0
64,28,232,233,83,2,0,9,0,1.6363636363636365,0.0,0.0,0.0
64,28,232,233,84,2,0,9,0,1.6363636363636365,0.0,0.0,0.0
64,28,232,233,85,2,0,9,0,1.6363636363636365,0.0,0.0,0.0
64,28,232,233,86,2,0,9,0,1.6363636363636365,0.0,0.0,0.0
64,28,232,233,87,2,0,9,0,1.6363636363636365,0.0,0.0,0.0
64,28,232,233,88,2,0,9,0,1.6363636363636365,0.0,0.0,0.0
64,28,240,241,74,2,0,2,0,1.0,0.0,0.0,0.0
64,28,240,241,75,2,0,4,0,1.3333333333333333,0.0,0.0,0.0
64,28,240,241,76,2,0,5,0,1.4285714285714286,0.0,0.0,0.0
64,28,240,241,77,2,0,6,0,1.5,0.0,0.0,0.0
64,28,240,241,78,2,0,7,0,1.5555555555555556,0.0,0.0,0.0
64,28,240,241,79,2,0,8,0,1.6,0.0,0.0,0.0
64,28,240,241,80,2,0,9,0,1.6363636363636365,0.0,0.0,0.0
64,28,240,241,81,2,0,9,0,1.6363636363636365,0.0,0.0,0.0
64,28,240,241,82,2,0,9,0,1.6363636363636365,0.0,0.0,0.0
64,28,240,241,83,2,0,9,0,1.6363636363636365,0.0,0.0,0.0
64,28,240,241,84,2,0,9,0,1.6363636363636365,0.0,0.0,0.0
64,28,240,241,85,2,0,9,0,1.6363636363636365,0.0,0.0,0.0
64,28,240,241,86,2,0,9,0,1.6363636363636365,0.0,0.0,0.0
64,28,240,241,87,2,0,9,0,1.6363636363636365,0.0,0.0,0.0
64,28,240,241,88,2,0,9,0,1.6363636363636365,0.0,0.0,0.0
64,28,248,249,74,2,0,2,0,1.0,0.0,0.0,0.0
64,28,248,249,75,2,0,4,0,1.3333333333333333,0.0,0.0,0.0
64,28,248,249,76,2,0,5,0,1.4285714285714286,0.0,0.0,0.0
64,28,248,249,77,2,0,6,0,1.5,0.0,0.0,0.0
64,28,248,249,78,2,0,7,0,1.5555555555555556,0.0,0.0,0.0
64,28,248,249,79,2,0,8,0,1.6,0.0,0.0,0.0
64,28,248,249,80,2,0,9,0,1.6363636363636365,0.0,0.0,0.0
64,28,248,249,81,2,0,9,0,1.6363636363636365,0.0,0.0,0.0
64,28,248,249,82,2,0,9,0,1.6363636363636365,0.0,0.0,0.0
64,28,248,249,83,3,0,9,0,2.25,0.0,0.0,0.0
64,28,248,249,84,3,0,9,0,2.25,0.0,0.0,0.0
64,28,248,249,85,2,0,9,0,1.6363636363636365,0.0,0.0,0.0
64,28,248,249,86,2,0,9,0,1.6363636363636365,0.0,0.0,0.0
64,28,248,249,87,2,0,9,0,1.6363636363636365,0.0,0.0,0.0
64,28,248,249,88,2,0,9,0,1.6363636363636365,0.0,0.0,0.0
64,29,24,25,16,3,0,2,0,1.2,0.0,0.0,0.0
64,29,24,25,17,3,2,4,0,1.7142857142857142,0.6666666666666666,0.0,0.6666666666666666
64,29,24,25,19,4,0,5,0,2.2222222222222223,0.0,0.0,0.0
64,29,32,33,19,2,2,2,0,1.0,1.0,0.0,1.0
64,29,32,33,20,2,0,2,0,1.0,0.0,0.0,0.0
64,29,32,33,21,4,1,2,0,1.3333333333333333,0.25,0.0,0.25
64,29,32,33,22,2,0,6,0,1.5,0.0,0.0,0.0
64,29,32,33,23,7,5,7,0,3.5,0.7142857142857143,0.0,0.7142857142857143
64,29,40,41,20,1,0,1,0,0.5,0.0,0.0,0.0
64,29,40,41,21,3,1,1,0,0.75,0.3333333333333333,0.0,0.3333333333333333
64,29,40,41,22,3,0,3,0,1.5,0.0,0.0,0.0
64,29,40,41,23,5,2,4,0,2.2222222222222223,0.4,0.0,0.4
64,29,40,41,24,2,0,8,0,1.6,0.0,0.0,0.0
64,29,40,41,25,6,4,8,0,3.4285714285714284,0.6666666666666666,0.0,0.6666666666666666
64,29,40,41,26,1,0,12,0,0.9230769230769231,0.0,0.0,0.0
64,29,40,41,27,4,0,11,0,2.933333333333333,0.0,0.0,0.0
64,29,48,49,22,1,0,2,0,0.6666666666666666,0.0,0.0,0.0
64,29,48,49,23,4,2,2,0,1.3333333333333333,0.5,0.0,0.5
64,29,48,49,24,2,0,5,0,1.4285714285714286,0.0,0.0,0.0
64,29,48,49,25,5,1,5,0,2.5,0.2,0.0,0.2
64,29,48,49,26,4,0,8,0,2.6666666666666665,0.0,0.0,0.0
64,29,48,49,27,5,1,10,0,3.3333333333333335,0.2,0.0,0.2
64,29,48,49,31,1,0,11,0,0.9166666666666666,0.0,0.0,0.0
64,29,48,49,33,1,0,8,0,0.8888888888888888,0.0,0.0,0.0
64,29,56,57,22,1,0,1,0,0.5,0.0,0.0,0.0
64,29,56,57,23,3,2,1,0,0.75,0.6666666666666666,0.0,0.6666666666666666
64,29,56,57,24,1,0,3,0,0.75,0.0,0.0,0.0
64,29,56,57,25,6,2,2,0,1.5,0.3333333333333333,0.0,0.3333333333333333
64,29,56,57,26,4,0,6,0,2.4,0.0,0.0,0.0
64,29,56,57,27,6,2,8,0,3.4285714285714284,0.3333333333333333,0.0,0.3333333333333333
64,29,56,57,28,2,0,13,0,1.7333333333333334,0.0,0.0,0.0
64,29,56,57,31,1,0,11,0,0.9166666666666666,0.0,0.0,0.0
64,29,56,57,33,1,0,8,0,0.8888888888888888,0.0,0.0,0.0
64,29,56,57,34,1,0,6,0,0.8571428571428571,0.0,0.0,0.0
64,29,56,57,35,3,0,4,0,1.7142857142857142,0.0,0.0,0.0
64,29,56,57,36,2,0,5,0,1.4285714285714286,0.0,0.0,0.0
64,29,56,57,37,4,2,6,0,2.4,0.5,0.0,0.5
64,29,64,65,24,1,0,1,0,0.5,0.0,0.0,0.0
64,29,64,65,25,2,1,1,0,0.6666666666666666,0.5,0.0,0.5
64,29,64,65,26,3,0,1,0,0.75,0.0,0.0,0.0
64,29,64,65,27,7,2,1,0,0.875,0.2857142857142857,0.0,0.2857142857142857
64,29,64,65,28,7,0,4,0,2.5454545454545454,0.0,0.0,0.0
64,29,64,65,29,8,2,7,0,3.7333333333333334,0.25,0.0,0.25
64,29,64,65,33,1,0,8,0,0.8888888888888888,0.0,0.0,0.0
64,29,64,65,34,1,0,6,0,0.8571428571428571,0.0,0.0,0.0
64,29,64,65,35,3,2,4,0,1.7142857142857142,0.6666666666666666,0.0,0.6666666666666666
64,29,64,65,36,1,0,4,0,0.8,0.0,0.0,0.0
64,29,64,65,37,3,0,3,0,1.5,0.0,0.0,0.0
64,29,64,65,38,3,0,3,0,1.5,0.0,0.0,0.0
64,29,64,65,39,5,2,4,0,2.2222222222222223,0.4,0.0,0.4
64,29,64,65,40,2,1,7,0,1.5555555555555556,0.5,0.0,0.5
64,29,64,65,41,4,2,7,0,2.5454545454545454,0.5,0.0,0.5
64,29,64,65,42,3,0,9,0,2.25,0.0,0.0,0.0
64,29,64,65,43,3,1,10,0,2.3076923076923075,0.3333333333333333,0.0,0.3333333333333333
64,29,64,65,44,3,0,10,0,2.3076923076923075,0.0,0.0,0.0
64,29,64,65,45,3,0,12,0,2.4,0.0,0.0,0.0
64,29,64,65,46,3,0,14,0,2.4705882352941178,0.0,0.0,0.0
64,29,64,65,47,3,1,16,0,2.526315789473684,0.3333333333333333,0.0,0.3333333333333333
64,29,64,65,48,1,0,19,0,0.95,0.0,0.0,0.0
64,29,72,73,28,3,0,2,0,1.2,0.0,0.0,0.0
64,29,72,73,29,7,1,2,0,1.5555555555555556,0.14285714285714285,0.0,0.14285714285714285
64,29,72,73,30,6,0,4,0,2.4,0.0,0.0,0.0
64,29,72,73,31,6,0,6,0,3.0,0.0,0.0,0.0
64,29,72,73,32,1,0,10,0,0.9090909090909091,0.0,0.0,0.0
64,29,72,73,35,1,1,4,0,0.8,1.0,0.0,1.0
64,29,72,73,36,1,0,2,0,0.6666666666666666,0.0,0.0,0.0
64,29,72,73,37,3,0,1,0,0.75,0.0,0.0,0.0
64,29,72,73,38,3,0,1,0,0.75,0.0,0.0,0.0
64,29,72,73,39,3,1,2,0,1.2,0.3333333333333333,0.0,0.3333333333333333
64,29,72,73,40,3,0,3,0,1.5,0.0,0.0,0.0
64,29,72,73,41,3,0,4,0,1.7142857142857142,0.0,0.0,0.0
64,29,72,73,42,3,0,5,0,1.875,0.0,0.0,0.0
64,29,72,73,43,4,1,6,0,2.4,0.25,0.0,0.25
64,29,72,73,44,2,0,7,0,1.5555555555555556,0.0,0.0,0.0
64,29,72,73,45,5,2,8,0,3.076923076923077,0.4,0.0,0.4
64,29,72,73,46,3,0,12,0,2.4,0.0,0.0,0.0
64,29,72,73,47,2,1,14,0,1.75,0.5,0.0,0.5
64,29,72,73,48,2,0,16,0,1.7777777777777777,0.0,0.0,0.0
64,29,72,73,49,2,0,18,0,1.8,0.0,0.0,0.0
64,29,80,81,29,6,3,1,0,0.8571428571428571,0.5,0.0,0.5
64,29,80,81,30,3,0,3,0,1.5,0.0,0.0,0.0
64,29,80,81,31,7,2,1,0,0.875,0.2857142857142857,0.0,0.2857142857142857
64,29,80,81,32,7,0,4,0,2.5454545454545454,0.0,0.0,0.0
64,29,80,81,40,2,0,1,0,0.6666666666666666,0.0,0.0,0.0
64,29,80,81,41,2,0,2,0,1.0,0.0,0.0,0.0
64,29,80,81,42,1,0,3,0,0.75,0.0,0.0,0.0
64,29,80,81,43,4,0,2,0,1.3333333333333333,0.0,0.0,0.0
64,29,80,81,44,1,0,4,0,0.8,0.0,0.0,0.0
64,29,80,81,45,4,1,4,0,2.0,0.25,0.0,0.25
64,29,80,81,46,1,0,7,0,0.875,0.0,0.0,0.0
64,29,80,81,47,5,2,7,0,2.9166666666666665,0.4,0.0,0.4
64,29,80,81,49,4,3,13,0,3.0588235294117645,0.75,0.0,0.75
64,29,80,81,51,1,0,17,0,0.9444444444444444,0.0,0.0,0.0
64,29,88,89,33,7,2,1,0,0.875,0.2857142857142857,0.0,0.2857142857142857
64,29,88,89,40,1,0,2,0,0.6666666666666666,0.0,0.0,0.0
64,29,88,89,41,2,0,2,0,1.0,0.0,0.0,0.0
64,29,88,89,42,1,0,3,0,0.75,0.0,0.0,0.0
64,29,88,89,43,3,1,2,0,1.2,0.3333333333333333,0.0,0.3333333333333333
64,29,88,89,44,3,0,3,0,1.5,0.0,0.0,0.0
64,29,88,89,45,4,1,5,0,2.2222222222222223,0.25,0.0,0.25
64,29,88,89,46,3,0,7,0,2.1,0.0,0.0,0.0
64,29,88,89,47,2,1,9,0,1.6363636363636365,0.5,0.0,0.5
64,29,88,89,48,1,0,12,0,0.9230769230769231,0.0,0.0,0.0
64,29,88,89,49,4,0,12,0,3.0,0.0,0.0,0.0
64,29,88,89,50,1,0,14,0,0.9333333333333333,0.0,0.0,0.0
64,29,88,89,51,3,0,13,0,2.4375,0.0,0.0,0.0
64,29,88,89,53,3,1,14,0,2.4705882352941178,0.3333333333333333,0.0,0.3333333333333333
64,29,88,89,54,2,0,14,0,1.75,0.0,0.0,0.0
64,29,96,97,35,3,0,1,0,0.75,0.0,0.0,0.0
64,29,96,97,40,1,0,2,0,0.6666666666666666,0.0,0.0,0.0
64,29,96,97,41,2,0,2,0,1.0,0.0,0.0,0.0
64,29,96,97,42,1,0,3,0,0.75,0.0,0.0,0.0
64,29,96,97,43,2,1,3,0,1.2,0.5,0.0,0.5
64,29,96,97,44,1,0,4,0,0.8,0.0,0.0,0.0
64,29,96,97,45,5,1,4,0,2.2222222222222223,0.2,0.0,0.2
64,29,96,97,46,4,0,7,0,2.5454545454545454,0.0,0.0,0.0
64,29,96,97,47,1,0,10,0,0.9090909090909091,0.0,0.0,0.0
64,29,96,97,48,2,0,12,0,1.7142857142857142,0.0,0.0,0.0
64,29,96,97,49,1,0,15,0,0.9375,0.0,0.0,0.0
64,29,96,97,51,2,1,16,0,1.7777777777777777,0.5,0.0,0.5
64,29,96,97,53,2,0,15,0,1.7647058823529411,0.0,0.0,0.0
64,29,96,97,54,1,0,14,0,0.9333333333333333,0.0,0.0,0.0
64,29,96,97,57,2,0,15,0,1.7647058823529411,0.0,0.0,0.0
64,29,96,97,58,2,0,16,0,1.7777777777777777,0.0,0.0,0.0
64,29,96,97,59,3,1,18,0,2.5714285714285716,0.3333333333333333,0.0,0.3333333333333333
64,29,96,97,61,3,1,21,0,2.625,0.3333333333333333,0.0,0.3333333333333333
64,29,104,105,39,1,0,1,0,0.5,0.0,0.0,0.0
64,29,104,105,40,1,0,2,0,0.6666666666666666,0.0,0.0,0.0
64,29,104,105,41,1,0,3,0,0.75,0.0,0.0,0.0
64,29,104,105,42,1,0,4,0,0.8,0.0,0.0,0.0
64,29,104,105,43,1,1,4,0,0.8,1.0,0.0,1.0
64,29,104,105,44,1,0,4,0,0.8,0.0,0.0,0.0
64,29,104,105,45,3,2,4,0,1.7142857142857142,0.6666666666666666,0.0,0.6666666666666666
64,29,104,105,46,5,0,5,0,2.5,0.0,0.0,0.0
64,29,104,105,47,3,0,8,0,2.1818181818181817,0.0,0.0,0.0
64,29,104,105,48,3,0,10,0,2.3076923076923075,0.0,0.0,0.0
64,29,104,105,49,3,0,12,0,2.4,0.0,0.0,0.0
64,29,104,105,50,2,0,13,0,1.7333333333333334,0.0,0.0,0.0
64,29,104,105,51,4,1,13,0,3.0588235294117645,0.25,0.0,0.25
64,29,104,105,52,2,0,15,0,1.7647058823529411,0.0,0.0,0.0
64,29,104,105,53,4,0,12,0,3.0,0.0,0.0,0.0
64,29,104,105,54,2,0,12,0,1.7142857142857142,0.0,0.0,0.0
64,29,104,105,55,3,1,11,0,2.357142857142857,0.3333333333333333,0.0,0.3333333333333333
64,29,104,105,56,2,0,11,0,1.6923076923076923,0.0,0.0,0.0
64,29,104,105,57,3,1,12,0,2.4,0.3333333333333333,0.0,0.3333333333333333
64,29,104,105,58,1,0,15,0,0.9375,0.0,0.0,0.0
64,29,104,105,59,2,1,17,0,1.7894736842105263,0.5,0.0,0.5
64,29,104,105,60,1,0,20,0,0.9523809523809523,0.0,0.0,0.0
64,29,104,105,61,1,0,21,0,0.9545454545454546,0.0,0.0,0.0
64,29,104,105,62,1,0,24,0,0.96,0.0,0.0,0.0
64,29,104,105,63,2,1,27,0,1.8620689655172413,0.5,0.0,0.5
64,29,104,105,64,2,1,30,0,1.875,0.5,0.0,0.5
64,29,104,105,65,3,1,34,0,2.7567567567567566,0.3333333333333333,0.0,0.3333333333333333
64,29,112,113,39,1,0,1,0,0.5,0.0,0.0,0.0
64,29,112,113,40,1,0,2,0,0.6666666666666666,0.0,0.0,0.0
64,29,112,113,41,1,0,3,0,0.75,0.0,0.0,0.0
64,29,112,113,42,1,0,4,0,0.8,0.0,0.0,0.0
64,29,112,113,43,1,1,4,0,0.8,1.0,0.0,1.0
64,29,112,113,44,1,0,4,0,0.8,0.0,0.0,0.0
64,29,112,113,45,1,0,4,0,0.8,0.0,0.0,0.0
64,29,112,113,46,2,0,4,0,1.3333333333333333,0.0,0.0,0.0
64,29,112,113,47,4,0,5,0,2.2222222222222223,0.0,0.0,0.0
64,29,112,113,48,3,0,8,0,2.1818181818181817,0.0,0.0,0.0
64,29,112,113,49,3,0,10,0,2.3076923076923075,0.0,0.0,0.0
64,29,112,113,50,2,0,11,0,1.6923076923076923,0.0,0.0,0.0
64,29,112,113,51,5,2,11,0,3.4375,0.4,0.0,0.4
64,29,112,113,52,3,0,14,0,2.4705882352941178,0.0,0.0,0.0
64,29,112,113,53,3,1,12,0,2.4,0.3333333333333333,0.0,0.3333333333333333
64,29,112,113,54,1,0,11,0,0.9166666666666666,0.0,0.0,0.0
64,29,112,113,55,4,1,9,0,2.769230769230769,0.25,0.0,0.25
64,29,112,113,56,1,0,10,0,0.9090909090909091,0.0,0.0,0.0
64,29,112,113,57,3,1,10,0,2.3076923076923075,0.3333333333333333,0.0,0.3333333333333333
64,29,112,113,58,3,0,11,0,2.357142857142857,0.0,0.0,0.0
64,29,112,113,59,3,1,14,0,2.4705882352941178,0.3333333333333333,0.0,0.3333333333333333
64,29,112,113,60,2,0,18,0,1.8,0.0,0.0,0.0
64,29,112,113,61,1,0,20,0,0.9523809523809523,0.0,0.0,0.0
64,29,112,113,62,1,0,23,0,0.9583333333333334,0.0,0.0,0.0
64,29,112,113,63,1,0,26,0,0.9629629629629629,0.0,0.0,0.0
64,29,112,113,64,1,0,29,0,0.9666666666666667,0.0,0.0,0.0
64,29,112,113,65,3,0,33,0,2.75,0.0,0.0,0.0
64,29,112,113,66,1,0,37,0,0.9736842105263158,0.0,0.0,0.0
64,29,112,113,67,1,0,39,0,0.975,0.0,0.0,0.0
64,29,112,113,68,1,0,42,0,0.9767441860465116,0.0,0.0,0.0
64,29,112,113,69,1,0,42,0,0.9767441860465116,0.0,0.0,0.0
64,29,120,121,39,1,0,1,0,0.5,0.0,0.0,0.0
64,29,120,121,40,1,0,2,0,0.6666666666666666,0.0,0.0,0.0
64,29,120,121,41,1,0,3,0,0.75,0.0,0.0,0.0
64,29,120,121,42,1,0,4,0,0.8,0.0,0.0,0.0
64,29,120,121,44,2,0,3,0,1.2,0.0,0.0,0.0
64,29,120,121,45,1,1,4,0,0.8,1.0,0.0,1.0
64,29,120,121,46,2,0,4,0,1.3333333333333333,0.0,0.0,0.0
64,29,120,121,47,4,1,5,0,2.2222222222222223,0.25,0.0,0.25
64,29,120,121,48,2,0,8,0,1.6,0.0,0.0,0.0
64,29,120,121,49,4,0,9,0,2.769230769230769,0.0,0.0,0.0
64,29,120,121,50,2,0,11,0,1.6923076923076923,0.0,0.0,0.0
64,29,120,121,51,4,1,11,0,2.933333333333333,0.25,0.0,0.25
64,29,120,121,52,2,0,13,0,1.7333333333333334,0.0,0.0,0.0
64,29,120,121,53,4,0,10,0,2.857142857142857,0.0,0.0,0.0
64,29,120,121,54,2,0,10,0,1.6666666666666667,0.0,0.0,0.0
64,29,120,121,55,3,0,9,0,2.25,0.0,0.0,0.0
64,29,120,121,56,2,0,9,0,1.6363636363636365,0.0,0.0,0.0
64,29,120,121,57,2,0,10,0,1.6666666666666667,0.0,0.0,0.0
64,29,120,121,58,3,0,10,0,2.3076923076923075,0.0,0.0,0.0
64,29,120,121,59,3,1,13,0,2.4375,0.3333333333333333,0.0,0.3333333333333333
64,29,120,121,60,3,0,17,0,2.55,0.0,0.0,0.0
64,29,120,121,61,1,0,20,0,0.9523809523809523,0.0,0.0,0.0
64,29,120,121,62,1,0,23,0,0.9583333333333334,0.0,0.0,0.0
64,29,120,121,63,2,0,26,0,1.8571428571428572,0.0,0.0,0.0
64,29,120,121,64,2,0,29,0,1.8709677419354838,0.0,0.0,0.0
64,29,120,121,65,2,0,33,0,1.8857142857142857,0.0,0.0,0.0
64,29,120,121,66,2,0,35,0,1.8918918918918919,0.0,0.0,0.0
64,29,120,121,67,3,1,37,0,2.775,0.3333333333333333,0.0,0.3333333333333333
64,29,120,121,68,1,0,42,0,0.9767441860465116,0.0,0.0,0.0
64,29,120,121,69,2,0,41,0,1.9069767441860466,0.0,0.0,0.0
64,29,120,121,71,1,0,40,0,0.975609756097561,0.0,0.0,0.0
64,29,128,129,39,1,1,1,0,0.5,1.0,0.0,1.0
64,29,128,129,41,2,1,2,0,1.0,0.5,0.0,0.5
64,29,128,129,42,1,0,4,0,0.8,0.0,0.0,0.0
64,29,128,129,44,2,0,3,0,1.2,0.0,0.0,0.0
64,29,128,129,45,1,1,4,0,0.8,1.0,0.0,1.0
64,29,128,129,46,2,0,4,0,1.3333333333333333,0.0,0.0,0.0
64,29,128,129,47,5,2,5,0,2.5,0.4,0.0,0.4
64,29,128,129,48,2,0,8,0,1.6,0.0,0.0,0.0
64,29,128,129,49,4,0,9,0,2.769230769230769,0.0,0.0,0.0
64,29,128,129,50,2,0,11,0,1.6923076923076923,0.0,0.0,0.0
64,29,128,129,51,4,1,11,0,2.933333333333333,0.25,0.0,0.25
64,29,128,129,52,2,0,13,0,1.7333333333333334,0.0,0.0,0.0
64,29,128,129,53,4,0,10,0,2.857142857142857,0.0,0.0,0.0
64,29,128,129,54,2,0,10,0,1.6666666666666667,0.0,0.0,0.0
64,29,128,129,55,3,0,9,0,2.25,0.0,0.0,0.0
64,29,128,129,56,2,0,9,0,1.6363636363636365,0.0,0.0,0.0
64,29,128,129,57,3,1,10,0,2.3076923076923075,0.3333333333333333,0.0,0.3333333333333333
64,29,128,129,58,2,0,10,0,1.6666666666666667,0.0,0.0,0.0
64,29,128,129,59,3,0,12,0,2.4,0.0,0.0,0.0
64,29,128,129,60,3,0,16,0,2.526315789473684,0.0,0.0,0.0
64,29,128,129,61,2,1,19,0,1.8095238095238095,0.5,0.0,0.5
64,29,128,129,62,1,0,23,0,0.9583333333333334,0.0,0.0,0.0
64,29,128,129,63,2,0,26,0,1.8571428571428572,0.0,0.0,0.0
64,29,128,129,64,2,0,29,0,1.8709677419354838,0.0,0.0,0.0
64,29,128,129,65,2,0,33,0,1.8857142857142857,0.0,0.0,0.0
64,29,128,129,66,2,0,35,0,1.8918918918918919,0.0,0.0,0.0
64,29,128,129,67,2,0,37,0,1.8974358974358974,0.0,0.0,0.0
64,29,128,129,68,2,0,40,0,1.9047619047619047,0.0,0.0,0.0
64,29,128,129,69,2,0,40,0,1.9047619047619047,0.0,0.0,0.0
64,29,128,129,70,1,0,40,0,0.975609756097561,0.0,0.0,0.0
64,29,128,129,71,1,0,40,0,0.975609756097561,0.0,0.0,0.0
64,29,136,137,41,2,1,1,0,0.6666666666666666,0.5,0.0,0.5
64,29,136,137,43,2,1,2,0,1.0,0.5,0.0,0.5
64,29,136,137,44,1,0,2,0,0.6666666666666666,0.0,0.0,0.0
64,29,136,137,45,3,0,1,0,0.75,0.0,0.0,0.0
64,29,136,137,46,2,0,1,0,0.6666666666666666,0.0,0.0,0.0
64,29,136,137,48,3,0,6,0,2.0,0.0,0.0,0.0
64,29,136,137,49,6,2,7,0,3.230769230769231,0.3333333333333333,0.0,0.3333333333333333
64,29,136,137,50,3,0,10,0,2.3076923076923075,0.0,0.0,0.0
64,29,136,137,51,6,1,10,0,3.75,0.16666666666666666,0.0,0.16666666666666666
64,29,136,137,52,3,0,13,0,2.4375,0.0,0.0,0.0
64,29,136,137,53,5,0,10,0,3.3333333333333335,0.0,0.0,0.0
64,29,136,137,54,3,0,10,0,2.3076923076923075,0.0,0.0,0.0
64,29,136,137,55,4,0,9,0,2.769230769230769,0.0,0.0,0.0
64,29,136,137,56,3,0,9,0,2.25,0.0,0.0,0.0
64,29,136,137,57,3,1,10,0,2.3076923076923075,0.3333333333333333,0.0,0.3333333333333333
64,29,136,137,58,2,0,10,0,1.6666666666666667,0.0,0.0,0.0
64,29,136,137,59,3,0,12,0,2.4,0.0,0.0,0.0
64,29,136,137,60,2,0,16,0,1.7777777777777777,0.0,0.0,0.0
64,29,136,137,61,3,0,18,0,2.5714285714285716,0.0,0.0,0.0
64,29,136,137,62,2,0,22,0,1.8333333333333333,0.0,0.0,0.0
64,29,136,137,63,2,0,25,0,1.8518518518518519,0.0,0.0,0.0
64,29,136,137,64,3,0,28,0,2.7096774193548385,0.0,0.0,0.0
64,29,136,137,65,2,0,33,0,1.8857142857142857,0.0,0.0,0.0
64,29,136,137,66,2,0,35,0,1.8918918918918919,0.0,0.0,0.0
64,29,136,137,67,2,0,37,0,1.8974358974358974,0.0,0.0,0.0
64,29,136,137,68,2,0,40,0,1.9047619047619047,0.0,0.0,0.0
64,29,136,137,69,2,0,40,0,1.9047619047619047,0.0,0.0,0.0
64,29,136,137,70,1,0,40,0,0.975609756097561,0.0,0.0,0.0
64,29,136,137,71,1,0,40,0,0.975609756097561,0.0,0.0,0.0
64,29,144,145,46,1,0,1,0,0.5,0.0,0.0,0.0
64,29,144,145,48,3,0,3,0,1.5,0.0,0.0,0.0
64,29,144,145,49,4,0,4,0,2.0,0.0,0.0,0.0
64,29,144,145,50,4,0,5,0,2.2222222222222223,0.0,0.0,0.0
64,29,144,145,51,6,1,6,0,3.0,0.16666666666666666,0.0,0.16666666666666666
64,29,144,145,52,5,0,8,0,3.076923076923077,0.0,0.0,0.0
64,29,144,145,53,5,0,8,0,3.076923076923077,0.0,0.0,0.0
64,29,144,145,54,4,0,8,0,2.6666666666666665,0.0,0.0,0.0
64,29,144,145,55,4,1,8,0,2.6666666666666665,0.25,0.0,0.25
64,29,144,145,56,2,0,8,0,1.6,0.0,0.0,0.0
64,29,144,145,57,3,0,8,0,2.1818181818181817,0.0,0.0,0.0
64,29,144,145,58,2,0,8,0,1.6,0.0,0.0,0.0
64,29,144,145,59,4,1,10,0,2.857142857142857,0.25,0.0,0.25
64,29,144,145,60,2,0,15,0,1.7647058823529411,0.0,0.0,0.0
64,29,144,145,61,4,0,17,0,3.238095238095238,0.0,0.0,0.0
64,29,144,145,62,2,0,22,0,1.8333333333333333,0.0,0.0,0.0
64,29,144,145,63,2,0,25,0,1.8518518518518519,0.0,0.0,0.0
64,29,144,145,64,2,0,28,0,1.8666666666666667,0.0,0.0,0.0
64,29,144,145,65,2,0,32,0,1.8823529411764706,0.0,0.0,0.0
64,29,144,145,66,2,0,34,0,1.8888888888888888,0.0,0.0,0.0
64,29,144,145,67,2,0,36,0,1.894736842105263,0.0,0.0,0.0
64,29,144,145,68,2,0,39,0,1.9024390243902438,0.0,0.0,0.0
64,29,144,145,69,3,1,39,0,2.7857142857142856,0.3333333333333333,0.0,0.3333333333333333
64,29,144,145,70,1,0,40,0,0.975609756097561,0.0,0.0,0.0
64,29,144,145,72,1,0,39,0,0.975,0.0,0.0,0.0
64,29,152,153,48,4,0,2,0,1.3333333333333333,0.0,0.0,0.0
64,29,152,153,49,4,0,4,0,2.0,0.0,0.0,0.0
64,29,152,153,50,4,0,5,0,2.2222222222222223,0.0,0.0,0.0
64,29,152,153,51,4,0,6,0,2.4,0.0,0.0,0.0
64,29,152,153,52,5,0,7,0,2.9166666666666665,0.0,0.0,0.0
64,29,152,153,53,5,1,7,0,2.9166666666666665,0.2,0.0,0.2
64,29,152,153,54,4,0,7,0,2.5454545454545454,0.0,0.0,0.0
64,29,152,153,55,4,0,7,0,2.5454545454545454,0.0,0.0,0.0
64,29,152,153,56,3,0,7,0,2.1,0.0,0.0,0.0
64,29,152,153,57,3,0,8,0,2.1818181818181817,0.0,0.0,0.0
64,29,152,153,58,2,0,8,0,1.6,0.0,0.0,0.0
64,29,152,153,59,4,0,10,0,2.857142857142857,0.0,0.0,0.0
64,29,152,153,60,4,0,14,0,3.111111111111111,0.0,0.0,0.0
64,29,152,153,61,4,0,17,0,3.238095238095238,0.0,0.0,0.0
64,29,152,153,62,2,0,22,0,1.8333333333333333,0.0,0.0,0.0
64,29,152,153,63,2,0,25,0,1.8518518518518519,0.0,0.0,0.0
64,29,152,153,64,2,0,28,0,1.8666666666666667,0.0,0.0,0.0
64,29,152,153,65,2,0,32,0,1.8823529411764706,0.0,0.0,0.0
64,29,152,153,66,2,0,34,0,1.8888888888888888,0.0,0.0,0.0
64,29,152,153,67,2,0,36,0,1.894736842105263,0.0,0.0,0.0
64,29,152,153,68,2,0,39,0,1.9024390243902438,0.0,0.0,0.0
64,29,152,153,69,1,0,39,0,0.975,0.0,0.0,0.0
64,29,152,153,70,1,0,39,0,0.975,0.0,0.0,0.0
64,29,152,153,71,1,0,39,0,0.975,0.0,0.0,0.0
64,29,152,153,72,1,0,39,0,0.975,0.0,0.0,0.0
64,29,160,161,48,3,0,2,0,1.2,0.0,0.0,0.0
64,29,160,161,49,3,0,4,0,1.7142857142857142,0.0,0.0,0.0
64,29,160,161,50,3,0,5,0,1.875,0.0,0.0,0.0
64,29,160,161,51,3,0,6,0,2.0,0.0,0.0,0.0
64,29,160,161,52,3,0,7,0,2.1,0.0,0.0,0.0
64,29,160,161,53,4,0,7,0,2.5454545454545454,0.0,0.0,0.0
64,29,160,161,54,4,0,7,0,2.5454545454545454,0.0,0.0,0.0
64,29,160,161,55,4,0,7,0,2.5454545454545454,0.0,0.0,0.0
64,29,160,161,56,3,0,7,0,2.1,0.0,0.0,0.0
64,29,160,161,57,3,0,8,0,2.1818181818181817,0.0,0.0,0.0
64,29,160,161,58,2,0,8,0,1.6,0.0,0.0,0.0
64,29,160,161,59,4,0,10,0,2.857142857142857,0.0,0.0,0.0
64,29,160,161,60,4,0,14,0,3.111111111111111,0.0,0.0,0.0
64,29,160,161,61,4,0,17,0,3.238095238095238,0.0,0.0,0.0
64,29,160,161,62,2,0,22,0,1.8333333333333333,0.0,0.0,0.0
64,29,160,161,63,2,0,25,0,1.8518518518518519,0.0,0.0,0.0
64,29,160,161,64,2,0,28,0,1.8666666666666667,0.0,0.0,0.0
64,29,160,161,65,2,0,32,0,1.8823529411764706,0.0,0.0,0.0
64,29,160,161,66,2,0,34,0,1.8888888888888888,0.0,0.0,0.0
64,29,160,161,67,2,0,36,0,1.894736842105263,0.0,0.0,0.0
64,29,160,161,68,2,0,39,0,1.9024390243902438,0.0,0.0,0.0
64,29,160,161,69,2,0,39,0,1.9024390243902438,0.0,0.0,0.0
64,29,160,161,70,1,0,39,0,0.975,0.0,0.0,0.0
64,29,160,161,71,1,0,39,0,0.975,0.0,0.0,0.0
64,29,160,161,72,1,0,39,0,0.975,0.0,0.0,0.0
64,29,168,169,48,3,0,2,0,1.2,0.0,0.0,0.0
64,29,168,169,49,3,0,4,0,1.7142857142857142,0.0,0.0,0.0
64,29,168,169,50,3,0,5,0,1.875,0.0,0.0,0.0
64,29,168,169,51,3,0,6,0,2.0,0.0,0.0,0.0
64,29,168,169,52,3,0,7,0,2.1,0.0,0.0,0.0
64,29,168,169,53,3,0,7,0,2.1,0.0,0.0,0.0
64,29,168,169,54,3,1,7,0,2.1,0.3333333333333333,0.0,0.3333333333333333
64,29,168,169,55,4,0,7,0,2.5454545454545454,0.0,0.0,0.0
64,29,168,169,56,3,0,7,0,2.1,0.0,0.0,0.0
64,29,168,169,57,3,0,8,0,2.1818181818181817,0.0,0.0,0.0
64,29,168,169,58,2,0,8,0,1.6,0.0,0.0,0.0
64,29,168,169,59,3,0,10,0,2.3076923076923075,0.0,0.0,0.0
64,29,168,169,60,4,0,13,0,3.0588235294117645,0.0,0.0,0.0
64,29,168,169,61,5,1,16,0,3.8095238095238093,0.2,0.0,0.2
64,29,168,169,62,1,0,22,0,0.9565217391304348,0.0,0.0,0.0
64,29,168,169,63,3,1,24,0,2.6666666666666665,0.3333333333333333,0.0,0.3333333333333333
64,29,168,169,64,2,0,28,0,1.8666666666666667,0.0,0.0,0.0
64,29,168,169,65,2,0,32,0,1.8823529411764706,0.0,0.0,0.0
64,29,168,169,66,2,0,34,0,1.8888888888888888,0.0,0.0,0.0
64,29,168,169,67,2,0,36,0,1.894736842105263,0.0,0.0,0.0
64,29,168,169,68,2,0,39,0,1.9024390243902438,0.0,0.0,0.0
64,29,168,169,69,2,0,39,0,1.9024390243902438,0.0,0.0,0.0
64,29,168,169,70,1,0,39,0,0.975,0.0,0.0,0.0
64,29,168,169,71,1,0,39,0,0.975,0.0,0.0,0.0
64,29,168,169,72,1,0,39,0,0.975,0.0,0.0,0.0
64,29,176,177,49,3,0,2,0,1.2,0.0,0.0,0.0
64,29,176,177,50,3,0,3,0,1.5,0.0,0.0,0.0
64,29,176,177,51,4,1,4,0,2.0,0.25,0.0,0.25
64,29,176,177,52,4,0,6,0,2.4,0.0,0.0,0.0
64,29,176,177,53,3,1,7,0,2.1,0.3333333333333333,0.0,0.3333333333333333
64,29,176,177,54,2,0,7,0,1.5555555555555556,0.0,0.0,0.0
64,29,176,177,55,5,1,6,0,2.727272727272727,0.2,0.0,0.2
64,29,176,177,56,3,0,7,0,2.1,0.0,0.0,0.0
64,29,176,177,57,3,2,8,0,2.1818181818181817,0.6666666666666666,0.0,0.6666666666666666
64,29,176,177,58,3,0,8,0,2.1818181818181817,0.0,0.0,0.0
64,29,176,177,59,3,2,10,0,2.3076923076923075,0.6666666666666666,0.0,0.6666666666666666
64,29,176,177,60,4,0,13,0,3.0588235294117645,0.0,0.0,0.0
64,29,176,177,61,3,0,16,0,2.526315789473684,0.0,0.0,0.0
64,29,176,177,62,3,0,20,0,2.608695652173913,0.0,0.0,0.0
64,29,176,177,63,2,0,24,0,1.8461538461538463,0.0,0.0,0.0
64,29,176,177,64,2,0,27,0,1.8620689655172413,0.0,0.0,0.0
64,29,176,177,65,2,0,31,0,1.878787878787879,0.0,0.0,0.0
64,29,176,177,66,2,0,33,0,1.8857142857142857,0.0,0.0,0.0
64,29,176,177,67,2,0,35,0,1.8918918918918919,0.0,0.0,0.0
64,29,176,177,68,2,0,38,0,1.9,0.0,0.0,0.0
64,29,176,177,69,2,0,38,0,1.9,0.0,0.0,0.0
64,29,176,177,70,1,0,38,0,0.9743589743589743,0.0,0.0,0.0
64,29,176,177,71,1,0,38,0,0.9743589743589743,0.0,0.0,0.0
64,29,176,177,72,2,0,38,0,1.9,0.0,0.0,0.0
64,29,184,185,49,3,1,2,0,1.2,0.3333333333333333,0.0,0.3333333333333333
64,29,184,185,50,3,0,3,0,1.5,0.0,0.0,0.0
64,29,184,185,51,3,2,4,0,1.7142857142857142,0.6666666666666666,0.0,0.6666666666666666
64,29,184,185,52,3,0,5,0,1.875,0.0,0.0,0.0
64,29,184,185,53,3,0,5,0,1.875,0.0,0.0,0.0
64,29,184,185,54,3,0,5,0,1.875,0.0,0.0,0.0
64,29,184,185,55,4,0,5,0,2.2222222222222223,0.0,0.0,0.0
64,29,184,185,56,3,0,5,0,1.875,0.0,0.0,0.0
64,29,184,185,57,3,0,6,0,2.0,0.0,0.0,0.0
64,29,184,185,58,3,0,6,0,2.0,0.0,0.0,0.0
64,29,184,185,59,3,2,8,0,2.1818181818181817,0.6666666666666666,0.0,0.6666666666666666
64,29,184,185,60,3,0,11,0,2.357142857142857,0.0,0.0,0.0
64,29,184,185,61,4,0,13,0,3.0588235294117645,0.0,0.0,0.0
64,29,184,185,62,4,0,18,0,3.272727272727273,0.0,0.0,0.0
64,29,184,185,63,2,1,23,0,1.84,0.5,0.0,0.5
64,29,184,185,64,1,0,26,0,0.9629629629629629,0.0,0.0,0.0
64,29,184,185,65,3,1,29,0,2.71875,0.3333333333333333,0.0,0.3333333333333333
64,29,184,185,66,1,0,32,0,0.9696969696969697,0.0,0.0,0.0
64,29,184,185,67,3,1,33,0,2.75,0.3333333333333333,0.0,0.3333333333333333
64,29,184,185,68,2,0,37,0,1.8974358974358974,0.0,0.0,0.0
64,29,184,185,69,2,1,37,0,1.8974358974358974,0.5,0.0,0.5
64,29,184,185,70,1,0,37,0,0.9736842105263158,0.0,0.0,0.0
64,29,184,185,71,1,0,37,0,0.9736842105263158,0.0,0.0,0.0
64,29,184,185,72,1,0,37,0,0.9736842105263158,0.0,0.0,0.0
64,29,184,185,73,2,0,36,0,1.894736842105263,0.0,0.0,0.0
64,29,192,193,50,2,0,1,0,0.6666666666666666,0.0,0.0,0.0
64,29,192,193,51,3,1,1,0,0.75,0.3333333333333333,0.0,0.3333333333333333
64,29,192,193,52,2,0,2,0,1.0,0.0,0.0,0.0
64,29,192,193,53,3,2,2,0,1.2,0.6666666666666666,0.0,0.6666666666666666
64,29,192,193,54,3,0,2,0,1.2,0.0,0.0,0.0
64,29,192,193,55,5,1,2,0,1.4285714285714286,0.2,0.0,0.2
64,29,192,193,56,2,0,4,0,1.3333333333333333,0.0,0.0,0.0
64,29,192,193,57,3,1,4,0,1.7142857142857142,0.3333333333333333,0.0,0.3333333333333333
64,29,192,193,58,2,0,4,0,1.3333333333333333,0.0,0.0,0.0
64,29,192,193,59,3,3,5,0,1.875,1.0,0.0,1.0
64,29,192,193,60,2,0,8,0,1.6,0.0,0.0,0.0
64,29,192,193,61,4,1,9,0,2.769230769230769,0.25,0.0,0.25
64,29,192,193,62,3,0,14,0,2.4705882352941178,0.0,0.0,0.0
64,29,192,193,63,5,1,18,0,3.9130434782608696,0.2,0.0,0.2
64,29,192,193,64,2,0,23,0,1.84,0.0,0.0,0.0
64,29,192,193,65,2,1,26,0,1.8571428571428572,0.5,0.0,0.5
64,29,192,193,66,2,0,27,0,1.8620689655172413,0.0,0.0,0.0
64,29,192,193,67,2,1,28,0,1.8666666666666667,0.5,0.0,0.5
64,29,192,193,68,1,0,31,0,0.96875,0.0,0.0,0.0
64,29,192,193,69,2,1,30,0,1.875,0.5,0.0,0.5
64,29,192,193,71,1,1,30,0,0.967741935483871,1.0,0.0,1.0
64,29,192,193,73,1,1,29,0,0.9666666666666667,1.0,0.0,1.0
64,29,192,193,74,1,0,27,0,0.9642857142857143,0.0,0.0,0.0
64,29,192,193,75,2,1,24,0,1.8461538461538463,0.5,0.0,0.5
64,29,192,193,76,2,0,20,0,1.8181818181818181,0.0,0.0,0.0
64,29,192,193,77,3,1,16,0,2.526315789473684,0.3333333333333333,0.0,0.3333333333333333
64,29,192,193,78,2,0,13,0,1.7333333333333334,0.0,0.0,0.0
64,29,192,193,79,2,1,10,0,1.6666666666666667,0.5,0.0,0.5
64,29,200,201,52,1,0,1,0,0.5,0.0,0.0,0.0
64,29,200,201,57,4,2,1,0,0.8,0.5,0.0,0.5
64,29,200,201,58,2,0,2,0,1.0,0.0,0.0,0.0
64,29,200,201,59,1,1,4,0,0.8,1.0,0.0,1.0
64,29,200,201,60,2,0,6,0,1.5,0.0,0.0,0.0
64,29,200,201,61,2,0,8,0,1.6,0.0,0.0,0.0
64,29,200,201,62,1,0,12,0,0.9230769230769231,0.0,0.0,0.0
64,29,200,201,63,3,2,16,0,2.526315789473684,0.6666666666666666,0.0,0.6666666666666666
64,29,200,201,64,2,0,20,0,1.8181818181818181,0.0,0.0,0.0
64,29,200,201,65,3,0,24,0,2.6666666666666665,0.0,0.0,0.0
64,29,200,201,66,1,0,27,0,0.9642857142857143,0.0,0.0,0.0
64,29,200,201,67,1,0,28,0,0.9655172413793104,0.0,0.0,0.0
64,29,200,201,68,1,0,30,0,0.967741935483871,0.0,0.0,0.0
64,29,200,201,69,1,0,30,0,0.967741935483871,0.0,0.0,0.0
64,29,200,201,81,1,1,5,0,0.8333333333333334,1.0,0.0,1.0
64,29,208,209,58,1,0,1,0,0.5,0.0,0.0,0.0
64,29,208,209,59,1,1,3,0,0.75,1.0,0.0,1.0
64,29,208,209,60,2,0,5,0,1.4285714285714286,0.0,0.0,0.0
64,29,208,209,61,1,0,8,0,0.8888888888888888,0.0,0.0,0.0
64,29,208,209,62,1,0,12,0,0.9230769230769231,0.0,0.0,0.0
64,29,208,209,63,1,0,16,0,0.9411764705882353,0.0,0.0,0.0
64,29,208,209,64,1,0,20,0,0.9523809523809523,0.0,0.0,0.0
64,29,208,209,65,1,0,24,0,0.96,0.0,0.0,0.0
64,29,208,209,66,1,0,26,0,0.9629629629629629,0.0,0.0,0.0
64,29,208,209,67,1,0,28,0,0.9655172413793104,0.0,0.0,0.0
64,29,208,209,68,1,0,30,0,0.967741935483871,0.0,0.0,0.0
64,29,208,209,69,1,0,30,0,0.967741935483871,0.0,0.0,0.0
64,29,216,217,58,1,0,1,0,0.5,0.0,0.0,0.0
64,29,216,217,60,2,0,5,0,1.4285714285714286,0.0,0.0,0.0
64,29,216,217,61,1,0,8,0,0.8888888888888888,0.0,0.0,0.0
64,29,216,217,62,1,0,12,0,0.9230769230769231,0.0,0.0,0.0
64,29,216,217,63,1,0,16,0,0.9411764705882353,0.0,0.0,0.0
64,29,216,217,64,1,0,20,0,0.9523809523809523,0.0,0.0,0.0
64,29,216,217,65,1,0,24,0,0.96,0.0,0.0,0.0
64,29,216,217,66,1,0,26,0,0.9629629629629629,0.0,0.0,0.0
64,29,216,217,67,1,0,28,0,0.9655172413793104,0.0,0.0,0.0
64,29,216,217,68,1,0,30,0,0.967741935483871,0.0,0.0,0.0
64,29,216,217,69,1,0,30,0,0.967741935483871,0.0,0.0,0.0
64,29,224,225,60,2,0,5,0,1.4285714285714286,0.0,0.0,0.0
64,29,224,225,61,1,0,8,0,0.8888888888888888,0.0,0.0,0.0
64,29,224,225,62,1,0,12,0,0.9230769230769231,0.0,0.0,0.0
64,29,224,225,63,1,0,16,0,0.9411764705882353,0.0,0.0,0.0
64,29,224,225,64,1,0,20,0,0.9523809523809523,0.0,0.0,0.0
64,29,224,225,65,1,0,24,0,0.96,0.0,0.0,0.0
64,29,224,225,66,1,0,26,0,0.9629629629629629,0.0,0.0,0.0
64,29,224,225,67,1,0,28,0,0.9655172413793104,0.0,0.0,0.0
64,29,224,225,68,1,0,30,0,0.967741935483871,0.0,0.0,0.0
64,29,224,225,69,1,0,30,0,0.967741935483871,0.0,0.0,0.0
64,29,224,225,79,1,0,9,0,0.9,0.0,0.0,0.0
64,29,232,233,61,2,0,7,0,1.5555555555555556,0.0,0.0,0.0
64,29,232,233,62,1,0,12,0,0.9230769230769231,0.0,0.0,0.0
64,29,232,233,63,1,0,16,0,0.9411764705882353,0.0,0.0,0.0
64,29,232,233,64,1,0,20,0,0.9523809523809523,0.0,0.0,0.0
64,29,232,233,65,1,0,24,0,0.96,0.0,0.0,0.0
64,29,232,233,66,1,0,26,0,0.9629629629629629,0.0,0.0,0.0
64,29,232,233,67,1,0,28,0,0.9655172413793104,0.0,0.0,0.0
64,29,232,233,68,1,0,30,0,0.967741935483871,0.0,0.0,0.0
64,29,232,233,69,1,0,30,0,0.967741935483871,0.0,0.0,0.0
64,29,232,233,77,3,0,16,0,2.526315789473684,0.0,0.0,0.0
64,29,232,233,78,2,0,12,0,1.7142857142857142,0.0,0.0,0.0
64,29,232,233,79,1,0,9,0,0.9,0.0,0.0,0.0
64,29,240,241,61,2,0,7,0,1.5555555555555556,0.0,0.0,0.0
64,29,240,241,62,1,0,12,0,0.9230769230769231,0.0,0.0,0.0
64,29,240,241,63,1,0,16,0,0.9411764705882353,0.0,0.0,0.0
64,29,240,241,64,1,0,20,0,0.9523809523809523,0.0,0.0,0.0
64,29,240,241,65,1,0,24,0,0.96,0.0,0.0,0.0
64,29,240,241,66,1,0,26,0,0.9629629629629629,0.0,0.0,0.0
64,29,240,241,67,1,0,28,0,0.9655172413793104,0.0,0.0,0.0
64,29,240,241,68,1,0,30,0,0.967741935483871,0.0,0.0,0.0
64,29,240,241,69,1,0,30,0,0.967741935483871,0.0,0.0,0.0
64,29,240,241,75,2,2,24,0,1.8461538461538463,1.0,0.0,1.0
64,29,240,241,76,2,0,20,0,1.8181818181818181,0.0,0.0,0.0
64,29,240,241,77,2,0,17,0,1.7894736842105263,0.0,0.0,0.0
64,29,240,241,78,2,0,12,0,1.7142857142857142,0.0,0.0,0.0
64,29,240,241,79,1,0,9,0,0.9,0.0,0.0,0.0
64,29,248,249,61,2,0,7,0,1.5555555555555556,0.0,0.0,0.0
64,29,248,249,62,1,0,12,0,0.9230769230769231,0.0,0.0,0.0
64,29,248,249,63,1,0,16,0,0.9411764705882353,0.0,0.0,0.0
64,29,248,249,64,1,0,20,0,0.9523809523809523,0.0,0.0,0.0
64,29,248,249,65,1,0,24,0,0.96,0.0,0.0,0.0
64,29,248,249,66,1,0,26,0,0.9629629629629629,0.0,0.0,0.0
64,29,248,249,67,1,0,28,0,0.9655172413793104,0.0,0.0,0.0
64,29,248,249,68,1,0,30,0,0.967741935483871,0.0,0.0,0.0
64,29,248,249,69,1,0,30,0,0.967741935483871,0.0,0.0,0.0
64,29,248,249,75,3,3,24,0,2.6666666666666665,1.0,0.0,1.0
64,29,248,249,77,2,0,17,0,1.7894736842105263,0.0,0.0,0.0
64,29,248,249,78,2,0,12,0,1.7142857142857142,0.0,0.0,0.0
64,29,248,249,79,1,0,9,0,0.9,0.0,0.0,0.0
64,30,8,9,9,12,12,6,0,4.0,1.0,0.0,1.0
64,30,16,17,12,3,0,6,0,2.0,0.0,0.0,0.0
64,30,16,17,13,16,15,10,0,6.153846153846154,0.9375,0.0,0.9375
64,30,24,25,14,4,0,3,0,1.7142857142857142,0.0,0.0,0.0
64,30,24,25,15,14,4,5,0,3.6842105263157894,0.2857142857142857,0.0,0.2857142857142857
64,30,24,25,16,4,0,17,0,3.238095238095238,0.0,0.0,0.0
64,30,24,25,17,6,1,19,0,4.56,0.16666666666666666,0.0,0.16666666666666666
64,30,32,33,16,4,0,11,0,2.933333333333333,0.0,0.0,0.0
64,30,32,33,17,5,0,14,0,3.6842105263157894,0.0,0.0,0.0
64,30,32,33,18,4,0,17,0,3.238095238095238,0.0,0.0,0.0
64,30,32,33,19,4,0,19,0,3.3043478260869565,0.0,0.0,0.0
64,30,40,41,17,11,3,6,0,3.8823529411764706,0.2727272727272727,0.0,0.2727272727272727
64,30,40,41,18,2,0,15,0,1.7647058823529411,0.0,0.0,0.0
64,30,40,41,19,4,0,15,0,3.1578947368421053,0.0,0.0,0.0
64,30,40,41,20,2,0,16,0,1.7777777777777777,0.0,0.0,0.0
64,30,40,41,21,4,0,15,0,3.1578947368421053,0.0,0.0,0.0
64,30,40,41,27,4,2,7,0,2.5454545454545454,0.5,0.0,0.5
64,30,40,41,29,10,5,6,0,3.75,0.5,0.0,0.5
64,30,40,41,31,6,3,14,0,4.2,0.5,0.0,0.5
64,30,48,49,18,2,0,5,0,1.4285714285714286,0.0,0.0,0.0
64,30,48,49,19,11,4,6,0,3.8823529411764706,0.36363636363636365,0.0,0.36363636363636365
64,30,48,49,20,2,0,14,0,1.75,0.0,0.0,0.0
64,30,48,49,21,4,1,13,0,3.0588235294117645,0.25,0.0,0.25
64,30,48,49,22,2,0,14,0,1.75,0.0,0.0,0.0
64,30,48,49,23,2,0,13,0,1.7333333333333334,0.0,0.0,0.0
64,30,48,49,26,1,0,10,0,0.9090909090909091,0.0,0.0,0.0
64,30,48,49,27,2,0,7,0,1.5555555555555556,0.0,0.0,0.0
64,30,48,49,28,2,0,5,0,1.4285714285714286,0.0,0.0,0.0
64,30,48,49,29,4,1,4,0,2.0,0.25,0.0,0.25
64,30,48,49,30,3,0,6,0,2.0,0.0,0.0,0.0
64,30,48,49,31,9,3,6,0,3.6,0.3333333333333333,0.0,0.3333333333333333
64,30,48,49,32,2,0,12,0,1.7142857142857142,0.0,0.0,0.0
64,30,48,49,33,7,0,12,0,4.421052631578948,0.0,0.0,0.0
64,30,48,49,34,2,0,19,0,1.8095238095238095,0.0,0.0,0.0
64,30,48,49,35,5,2,21,0,4.038461538461538,0.4,0.0,0.4
64,30,56,57,19,3,2,3,0,1.5,0.6666666666666666,0.0,0.6666666666666666
64,30,56,57,20,4,0,4,0,2.0,0.0,0.0,0.0
64,30,56,57,21,10,6,5,0,3.3333333333333335,0.6,0.0,0.6
64,30,56,57,22,2,0,12,0,1.7142857142857142,0.0,0.0,0.0
64,30,56,57,23,3,0,11,0,2.357142857142857,0.0,0.0,0.0
64,30,56,57,24,2,0,11,0,1.6923076923076923,0.0,0.0,0.0
64,30,56,57,26,1,0,10,0,0.9090909090909091,0.0,0.0,0.0
64,30,56,57,27,2,0,7,0,1.5555555555555556,0.0,0.0,0.0
64,30,56,57,28,2,0,5,0,1.4285714285714286,0.0,0.0,0.0
64,30,56,57,29,2,0,4,0,1.3333333333333333,0.0,0.0,0.0
64,30,56,57,30,5,0,4,0,2.2222222222222223,0.0,0.0,0.0
64,30,56,57,31,9,3,5,0,3.2142857142857144,0.3333333333333333,0.0,0.3333333333333333
64,30,56,57,32,3,0,11,0,2.357142857142857,0.0,0.0,0.0
64,30,56,57,33,8,1,12,0,4.8,0.125,0.0,0.125
64,30,56,57,34,1,0,20,0,0.9523809523809523,0.0,0.0,0.0
64,30,56,57,35,5,2,21,0,4.038461538461538,0.4,0.0,0.4
64,30,64,65,20,1,0,2,0,0.6666666666666666,0.0,0.0,0.0
64,30,64,65,21,2,1,2,0,1.0,0.5,0.0,0.5
64,30,64,65,22,3,0,3,0,1.5,0.0,0.0,0.0
64,30,64,65,23,8,4,4,0,2.6666666666666665,0.5,0.0,0.5
64,30,64,65,24,2,0,9,0,1.6363636363636365,0.0,0.0,0.0
64,30,64,65,25,3,1,9,0,2.25,0.3333333333333333,0.0,0.3333333333333333
64,30,64,65,26,1,0,10,0,0.9090909090909091,0.0,0.0,0.0
64,30,64,65,27,2,0,7,0,1.5555555555555556,0.0,0.0,0.0
64,30,64,65,28,2,0,5,0,1.4285714285714286,0.0,0.0,0.0
64,30,64,65,29,4,1,4,0,2.0,0.25,0.0,0.25
64,30,64,65,30,5,0,4,0,2.2222222222222223,0.0,0.0,0.0
64,30,64,65,31,8,2,5,0,3.076923076923077,0.25,0.0,0.25
64,30,64,65,32,3,0,10,0,2.3076923076923075,0.0,0.0,0.0
64,30,64,65,33,9,3,11,0,4.95,0.3333333333333333,0.0,0.3333333333333333
64,30,64,65,34,1,0,20,0,0.9523809523809523,0.0,0.0,0.0
64,30,64,65,35,5,2,21,1,4.038461538461538,0.4,0.047619047619047616,0.3523809523809524
64,30,64,65,42,1,0,23,0,0.9583333333333334,0.0,0.0,0.0
64,30,64,65,44,1,0,18,0,0.9473684210526315,0.0,0.0,0.0
64,30,72,73,22,1,0,1,0,0.5,0.0,0.0,0.0
64,30,72,73,23,3,2,1,0,0.75,0.6666666666666666,0.0,0.6666666666666666
64,30,72,73,24,2,0,3,0,1.2,0.0,0.0,0.0
64,30,72,73,25,6,3,4,1,2.4,0.5,0.25,0.25
64,30,72,73,26,3,0,7,0,2.1,0.0,0.0,0.0
64,30,72,73,27,1,1,7,0,0.875,1.0,0.0,1.0
64,30,72,73,28,2,0,5,0,1.4285714285714286,0.0,0.0,0.0
64,30,72,73,29,4,1,4,0,2.0,0.25,0.0,0.25
64,30,72,73,30,3,0,5,0,1.875,0.0,0.0,0.0
64,30,72,73,31,6,0,5,1,2.727272727272727,0.0,0.2,-0.2
64,30,72,73,32,5,0,8,0,3.076923076923077,0.0,0.0,0.0
64,30,72,73,33,6,3,11,0,3.8823529411764706,0.5,0.0,0.5
64,30,72,73,34,4,0,15,0,3.1578947368421053,0.0,0.0,0.0
64,30,72,73,35,8,1,17,0,5.44,0.125,0.0,0.125
64,30,72,73,36,2,0,24,0,1.8461538461538463,0.0,0.0,0.0
64,30,72,73,37,1,1,27,0,0.9642857142857143,1.0,0.0,1.0
64,30,72,73,39,3,2,27,0,2.7,0.6666666666666666,0.0,0.6666666666666666
64,30,72,73,41,3,2,25,0,2.6785714285714284,0.6666666666666666,0.0,0.6666666666666666
64,30,72,73,42,1,0,23,0,0.9583333333333334,0.0,0.0,0.0
64,30,72,73,45,3,1,16,0,2.526315789473684,0.3333333333333333,0.0,0.3333333333333333
64,30,80,81,26,3,0,2,0,1.2,0.0,0.0,0.0
64,30,80,81,27,5,0,2,0,1.4285714285714286,0.0,0.0,0.0
64,30,80,81,29,3,2,4,0,1.7142857142857142,0.6666666666666666,0.0,0.6666666666666666
64,30,80,81,30,2,0,4,0,1.3333333333333333,0.0,0.0,0.0
64,30,80,81,31,4,2,3,0,1.7142857142857142,0.5,0.0,0.5
64,30,80,81,32,3,0,4,0,1.7142857142857142,0.0,0.0,0.0
64,30,80,81,33,6,1,5,0,2.727272727272727,0.16666666666666666,0.0,0.16666666666666666
64,30,80,81,34,5,0,10,0,3.3333333333333335,0.0,0.0,0.0
64,30,80,81,35,10,3,13,1,5.6521739130434785,0.3,0.07692307692307693,0.22307692307692306
64,30,80,81,36,3,0,21,0,2.625,0.0,0.0,0.0
64,30,80,81,37,3,0,24,0,2.6666666666666665,0.0,0.0,0.0
64,30,80,81,38,1,0,28,0,0.9655172413793104,0.0,0.0,0.0
64,30,80,81,39,1,0,27,0,0.9642857142857143,0.0,0.0,0.0
64,30,80,81,40,1,1,26,0,0.9629629629629629,1.0,0.0,1.0
64,30,80,81,41,1,1,25,0,0.9615384615384616,1.0,0.0,1.0
64,30,80,81,42,2,1,20,0,1.8181818181818181,0.5,0.0,0.5
64,30,80,81,43,1,1,16,0,0.9411764705882353,1.0,0.0,1.0
64,30,80,81,44,2,1,15,0,1.7647058823529411,0.5,0.0,0.5
64,30,80,81,45,3,1,13,0,2.4375,0.3333333333333333,0.0,0.3333333333333333
64,30,80,81,46,4,0,12,0,3.0,0.0,0.0,0.0
64,30,80,81,47,5,1,13,0,3.611111111111111,0.2,0.0,0.2
64,30,80,81,48,5,0,14,0,3.6842105263157894,0.0,0.0,0.0
64,30,80,81,49,2,0,17,0,1.7894736842105263,0.0,0.0,0.0
64,30,80,81,50,4,0,16,0,3.2,0.0,0.0,0.0
64,30,80,81,51,5,1,17,0,3.8636363636363638,0.2,0.0,0.2
64,30,80,81,52,1,0,21,0,0.9545454545454546,0.0,0.0,0.0
64,30,80,81,53,1,0,22,0,0.9565217391304348,0.0,0.0,0.0
64,30,88,89,28,2,0,2,0,1.0,0.0,0.0,0.0
64,30,88,89,29,4,1,2,0,1.3333333333333333,0.25,0.0,0.25
64,30,88,89,30,2,0,3,0,1.2,0.0,0.0,0.0
64,30,88,89,31,1,1,3,0,0.75,1.0,0.0,1.0
64,30,88,89,32,3,0,2,0,1.2,0.0,0.0,0.0
64,30,88,89,33,4,3,4,0,2.0,0.75,0.0,0.75
64,30,88,89,34,3,0,6,0,2.0,0.0,0.0,0.0
64,30,88,89,35,7,2,7,0,3.5,0.2857142857142857,0.0,0.2857142857142857
64,30,88,89,36,7,0,11,0,4.277777777777778,0.0,0.0,0.0
64,30,88,89,37,10,3,15,0,6.0,0.3,0.0,0.3
64,30,88,89,38,3,0,25,0,2.6785714285714284,0.0,0.0,0.0
64,30,88,89,39,1,0,26,0,0.9629629629629629,0.0,0.0,0.0
64,30,88,89,40,1,0,25,0,0.9615384615384616,0.0,0.0,0.0
64,30,88,89,41,1,0,24,0,0.96,0.0,0.0,0.0
64,30,88,89,42,2,0,19,0,1.8095238095238095,0.0,0.0,0.0
64,30,88,89,43,2,0,15,0,1.7647058823529411,0.0,0.0,0.0
64,30,88,89,44,2,0,14,0,1.75,0.0,0.0,0.0
64,30,88,89,45,2,0,12,0,1.7142857142857142,0.0,0.0,0.0
64,30,88,89,46,4,0,10,0,2.857142857142857,0.0,0.0,0.0
64,30,88,89,47,4,0,11,0,2.933333333333333,0.0,0.0,0.0
64,30,88,89,48,4,0,11,0,2.933333333333333,0.0,0.0,0.0
64,30,88,89,49,4,0,12,0,3.0,0.0,0.0,0.0
64,30,88,89,50,4,0,13,0,3.0588235294117645,0.0,0.0,0.0
64,30,88,89,51,5,1,14,0,3.6842105263157894,0.2,0.0,0.2
64,30,88,89,52,4,0,15,0,3.1578947368421053,0.0,0.0,0.0
64,30,88,89,53,4,0,16,0,3.2,0.0,0.0,0.0
64,30,88,89,54,4,0,17,0,3.238095238095238,0.0,0.0,0.0
64,30,88,89,55,4,1,17,0,3.238095238095238,0.25,0.0,0.25
64,30,88,89,56,1,0,18,0,0.9473684210526315,0.0,0.0,0.0
64,30,88,89,57,4,2,16,0,3.2,0.5,0.0,0.5
64,30,96,97,30,4,0,1,0,0.8,0.0,0.0,0.0
64,30,96,97,31,2,1,2,0,1.0,0.5,0.0,0.5
64,30,96,97,33,4,3,1,0,0.8,0.75,0.0,0.75
64,30,96,97,34,1,0,4,0,0.8,0.0,0.0,0.0
64,30,96,97,35,5,1,3,0,1.875,0.2,0.0,0.2
64,30,96,97,36,2,0,6,0,1.5,0.0,0.0,0.0
64,30,96,97,37,11,6,7,0,4.277777777777778,0.5454545454545454,0.0,0.5454545454545454
64,30,96,97,38,6,0,15,0,4.285714285714286,0.0,0.0,0.0
64,30,96,97,39,9,2,16,0,5.76,0.2222222222222222,0.0,0.2222222222222222
64,30,96,97,40,3,0,22,0,2.64,0.0,0.0,0.0
64,30,96,97,41,2,0,23,0,1.84,0.0,0.0,0.0
64,30,96,97,42,2,0,19,0,1.8095238095238095,0.0,0.0,0.0
64,30,96,97,43,3,1,14,0,2.4705882352941178,0.3333333333333333,0.0,0.3333333333333333
64,30,96,97,44,2,0,13,0,1.7333333333333334,0.0,0.0,0.0
64,30,96,97,45,3,0,11,0,2.357142857142857,0.0,0.0,0.0
64,30,96,97,46,5,0,9,0,3.2142857142857144,0.0,0.0,0.0
64,30,96,97,47,5,0,10,0,3.3333333333333335,0.0,0.0,0.0
64,30,96,97,48,5,0,10,0,3.3333333333333335,0.0,0.0,0.0
64,30,96,97,49,5,0,11,0,3.4375,0.0,0.0,0.0
64,30,96,97,50,5,0,12,0,3.5294117647058822,0.0,0.0,0.0
64,30,96,97,51,6,1,13,0,4.105263157894737,0.16666666666666666,0.0,0.16666666666666666
64,30,96,97,52,4,0,15,0,3.1578947368421053,0.0,0.0,0.0
64,30,96,97,53,4,0,16,0,3.2,0.0,0.0,0.0
64,30,96,97,54,4,0,17,0,3.238095238095238,0.0,0.0,0.0
64,30,96,97,55,3,0,17,0,2.55,0.0,0.0,0.0
64,30,96,97,56,3,0,16,0,2.526315789473684,0.0,0.0,0.0
64,30,96,97,57,3,0,15,0,2.5,0.0,0.0,0.0
64,30,96,97,58,3,0,14,0,2.4705882352941178,0.0,0.0,0.0
64,30,96,97,59,2,0,14,0,1.75,0.0,0.0,0.0
64,30,96,97,60,2,0,13,0,1.7333333333333334,0.0,0.0,0.0
64,30,104,105,32,1,0,1,0,0.5,0.0,0.0,0.0
64,30,104,105,36,1,0,2,0,0.6666666666666666,0.0,0.0,0.0
64,30,104,105,37,3,1,2,0,1.2,0.3333333333333333,0.0,0.3333333333333333
64,30,104,105,38,6,0,3,0,2.0,0.0,0.0,0.0
64,30,104,105,39,17,7,3,0,2.55,0.4117647058823529,0.0,0.4117647058823529
64,30,104,105,40,6,0,13,0,4.105263157894737,0.0,0.0,0.0
64,30,104,105,41,11,4,13,0,5.958333333333333,0.36363636363636365,0.0,0.36363636363636365
64,30,104,105,42,1,0,17,0,0.9444444444444444,0.0,0.0,0.0
64,30,104,105,43,4,2,11,0,2.933333333333333,0.5,0.0,0.5
64,30,104,105,44,1,0,11,0,0.9166666666666666,0.0,0.0,0.0
64,30,104,105,45,5,3,7,0,2.9166666666666665,0.6,0.0,0.6
64,30,104,105,46,2,0,5,0,1.4285714285714286,0.0,0.0,0.0
64,30,104,105,47,10,6,3,1,2.3076923076923075,0.6,0.3333333333333333,0.26666666666666666
64,30,104,105,48,4,0,8,0,2.6666666666666665,0.0,0.0,0.0
64,30,104,105,49,6,1,8,2,3.4285714285714284,0.16666666666666666,0.25,-0.08333333333333334
64,30,104,105,50,5,1,10,0,3.3333333333333335,0.2,0.0,0.2
64,30,104,105,51,5,0,11,0,3.4375,0.0,0.0,0.0
64,30,104,105,52,4,0,12,0,3.0,0.0,0.0,0.0
64,30,104,105,53,5,1,13,0,3.611111111111111,0.2,0.0,0.2
64,30,104,105,54,3,0,15,0,2.5,0.0,0.0,0.0
64,30,104,105,55,5,0,14,0,3.6842105263157894,0.0,0.0,0.0
64,30,104,105,56,3,0,15,0,2.5,0.0,0.0,0.0
64,30,104,105,57,3,0,14,0,2.4705882352941178,0.0,0.0,0.0
64,30,104,105,58,3,0,13,0,2.4375,0.0,0.0,0.0
64,30,104,105,59,3,1,13,0,2.4375,0.3333333333333333,0.0,0.3333333333333333
64,30,104,105,60,1,0,13,0,0.9285714285714286,0.0,0.0,0.0
64,30,104,105,61,1,0,13,0,0.9285714285714286,0.0,0.0,0.0
64,30,112,113,38,4,0,1,0,0.8,0.0,0.0,0.0
64,30,112,113,39,9,4,2,0,1.6363636363636365,0.4444444444444444,0.0,0.4444444444444444
64,30,112,113,40,11,0,2,0,1.6923076923076923,0.0,0.0,0.0
64,30,112,113,41,10,2,5,0,3.3333333333333335,0.2,0.0,0.2
64,30,112,113,42,6,0,6,0,3.0,0.0,0.0,0.0
64,30,112,113,43,7,2,5,0,2.9166666666666665,0.2857142857142857,0.0,0.2857142857142857
64,30,112,113,44,2,0,8,0,1.6,0.0,0.0,0.0
64,30,112,113,45,2,0,6,0,1.5,0.0,0.0,0.0
64,30,112,113,46,2,0,3,0,1.2,0.0,0.0,0.0
64,30,112,113,47,4,1,1,0,0.8,0.25,0.0,0.25
64,30,112,113,48,4,1,1,0,0.8,0.25,0.0,0.25
64,30,112,113,49,4,0,2,0,1.3333333333333333,0.0,0.0,0.0
64,30,112,113,50,4,1,3,0,1.7142857142857142,0.25,0.0,0.25
64,30,112,113,51,3,0,4,0,1.7142857142857142,0.0,0.0,0.0
64,30,112,113,52,3,0,5,0,1.875,0.0,0.0,0.0
64,30,112,113,53,3,0,6,0,2.0,0.0,0.0,0.0
64,30,112,113,54,3,0,7,0,2.1,0.0,0.0,0.0
64,30,112,113,55,6,3,7,0,3.230769230769231,0.5,0.0,0.5
64,30,112,113,56,3,0,8,0,2.1818181818181817,0.0,0.0,0.0
64,30,112,113,57,9,5,7,0,3.9375,0.5555555555555556,0.0,0.5555555555555556
64,30,112,113,58,3,0,12,0,2.4,0.0,0.0,0.0
64,30,112,113,59,3,1,12,2,2.4,0.3333333333333333,0.16666666666666666,0.16666666666666666
64,30,112,113,60,1,0,12,0,0.9230769230769231,0.0,0.0,0.0
64,30,112,113,61,2,0,12,0,1.7142857142857142,0.0,0.0,0.0
64,30,120,121,39,1,1,1,0,0.5,1.0,0.0,1.0
64,30,120,121,42,3,0,2,0,1.2,0.0,0.0,0.0
64,30,120,121,43,8,3,1,0,0.8888888888888888,0.375,0.0,0.375
64,30,120,121,44,3,0,4,0,1.7142857142857142,0.0,0.0,0.0
64,30,120,121,45,5,1,3,0,1.875,0.2,0.0,0.2
64,30,120,121,46,2,0,3,0,1.2,0.0,0.0,0.0
64,30,120,121,47,3,0,1,0,0.75,0.0,0.0,0.0
64,30,120,121,48,3,0,1,0,0.75,0.0,0.0,0.0
64,30,120,121,49,3,0,2,0,1.2,0.0,0.0,0.0
64,30,120,121,50,3,0,3,0,1.5,0.0,0.0,0.0
64,30,120,121,51,3,0,4,0,1.7142857142857142,0.0,0.0,0.0
64,30,120,121,52,2,0,5,0,1.4285714285714286,0.0,0.0,0.0
64,30,120,121,53,2,0,6,0,1.5,0.0,0.0,0.0
64,30,120,121,54,2,0,7,0,1.5555555555555556,0.0,0.0,0.0
64,30,120,121,55,2,0,7,0,1.5555555555555556,0.0,0.0,0.0
64,30,120,121,56,2,0,7,0,1.5555555555555556,0.0,0.0,0.0
64,30,120,121,57,3,1,7,0,2.1,0.3333333333333333,0.0,0.3333333333333333
64,30,120,121,58,3,0,7,0,2.1,0.0,0.0,0.0
64,30,120,121,59,2,0,8,0,1.6,0.0,0.0,0.0
64,30,120,121,60,2,0,8,0,1.6,0.0,0.0,0.0
64,30,120,121,61,1,0,10,0,0.9090909090909091,0.0,0.0,0.0
64,30,128,129,44,3,0,1,0,0.75,0.0,0.0,0.0
64,30,128,129,48,3,0,1,0,0.75,0.0,0.0,0.0
64,30,128,129,49,3,1,2,0,1.2,0.3333333333333333,0.0,0.3333333333333333
64,30,128,129,50,3,0,3,0,1.5,0.0,0.0,0.0
64,30,128,129,51,3,0,4,0,1.7142857142857142,0.0,0.0,0.0
64,30,128,129,52,2,0,5,0,1.4285714285714286,0.0,0.0,0.0
64,30,128,129,53,2,0,6,0,1.5,0.0,0.0,0.0
64,30,128,129,54,2,0,7,0,1.5555555555555556,0.0,0.0,0.0
64,30,128,129,55,2,0,7,0,1.5555555555555556,0.0,0.0,0.0
64,30,128,129,56,2,0,7,0,1.5555555555555556,0.0,0.0,0.0
64,30,128,129,57,2,0,7,0,1.5555555555555556,0.0,0.0,0.0
64,30,128,129,58,2,0,7,0,1.5555555555555556,0.0,0.0,0.0
64,30,128,129,59,2,1,8,0,1.6,0.5,0.0,0.5
64,30,128,129,60,2,0,8,0,1.6,0.0,0.0,0.0
64,30,128,129,61,1,0,10,0,0.9090909090909091,0.0,0.0,0.0
64,30,136,137,44,2,0,1,0,0.6666666666666666,0.0,0.0,0.0
64,30,136,137,49,3,1,1,0,0.75,0.3333333333333333,0.0,0.3333333333333333
64,30,136,137,50,2,0,2,0,1.0,0.0,0.0,0.0
64,30,136,137,51,4,1,2,0,1.3333333333333333,0.25,0.0,0.25
64,30,136,137,52,2,0,4,0,1.3333333333333333,0.0,0.0,0.0
64,30,136,137,53,2,1,5,0,1.4285714285714286,0.5,0.0,0.5
64,30,136,137,54,2,0,6,0,1.5,0.0,0.0,0.0
64,30,136,137,55,2,1,6,0,1.5,0.5,0.0,0.5
64,30,136,137,56,2,0,6,0,1.5,0.0,0.0,0.0
64,30,136,137,57,4,2,6,0,2.4,0.5,0.0,0.5
64,30,136,137,58,3,0,7,0,2.1,0.0,0.0,0.0
64,30,136,137,59,3,0,7,0,2.1,0.0,0.0,0.0
64,30,136,137,60,2,0,7,0,1.5555555555555556,0.0,0.0,0.0
64,30,136,137,61,2,1,9,0,1.6363636363636365,0.5,0.0,0.5
64,30,144,145,44,1,0,1,0,0.5,0.0,0.0,0.0
64,30,144,145,54,2,0,1,0,0.6666666666666666,0.0,0.0,0.0
64,30,144,145,56,2,0,1,0,0.6666666666666666,0.0,0.0,0.0
64,30,144,145,58,2,0,3,0,1.2,0.0,0.0,0.0
64,30,144,145,59,3,1,2,0,1.2,0.3333333333333333,0.0,0.3333333333333333
64,30,144,145,60,1,0,2,0,0.6666666666666666,0.0,0.0,0.0
64,30,144,145,61,6,5,3,0,2.0,0.8333333333333334,0.0,0.8333333333333334
64,30,144,145,62,1,0,9,0,0.9,0.0,0.0,0.0
64,30,144,145,63,2,0,11,0,1.6923076923076923,0.0,0.0,0.0
64,30,152,153,58,2,0,1,0,0.6666666666666666,0.0,0.0,0.0
64,30,152,153,60,1,0,1,0,0.5,0.0,0.0,0.0
64,30,152,153,61,1,1,3,0,0.75,1.0,0.0,1.0
64,30,152,153,67,1,1,12,0,0.9230769230769231,1.0,0.0,1.0
64,30,152,153,68,1,0,13,0,0.9285714285714286,0.0,0.0,0.0
64,30,160,161,58,2,0,1,0,0.6666666666666666,0.0,0.0,0.0
64,30,160,161,60,1,0,1,0,0.5,0.0,0.0,0.0
64,30,160,161,61,1,1,3,0,0.75,1.0,0.0,1.0
64,30,168,169,58,2,0,1,0,0.6666666666666666,0.0,0.0,0.0
64,30,168,169,61,1,1,3,0,0.75,1.0,0.0,1.0
64,30,176,177,58,2,0,1,0,0.6666666666666666,0.0,0.0,0.0
64,30,176,177,62,2,0,3,0,1.2,0.0,0.0,0.0
64,30,184,185,63,3,1,2,0,1.2,0.3333333333333333,0.0,0.3333333333333333
64,30,184,185,64,2,0,4,0,1.3333333333333333,0.0,0.0,0.0
64,30,184,185,65,5,3,5,0,2.5,0.6,0.0,0.6
64,30,184,185,66,3,0,6,0,2.0,0.0,0.0,0.0
64,30,184,185,67,3,1,7,0,2.1,0.3333333333333333,0.0,0.3333333333333333
64,30,184,185,68,2,0,8,0,1.6,0.0,0.0,0.0
64,30,184,185,69,3,1,9,0,2.25,0.3333333333333333,0.0,0.3333333333333333
64,30,184,185,70,2,0,10,0,1.6666666666666667,0.0,0.0,0.0
64,30,184,185,71,3,1,10,0,2.3076923076923075,0.3333333333333333,0.0,0.3333333333333333
64,30,184,185,72,2,0,10,0,1.6666666666666667,0.0,0.0,0.0
64,30,184,185,73,3,0,10,0,2.3076923076923075,0.0,0.0,0.0
64,30,184,185,74,4,1,11,0,2.933333333333333,0.25,0.0,0.25
64,30,192,193,64,2,0,2,0,1.0,0.0,0.0,0.0
64,30,192,193,65,4,2,3,0,1.7142857142857142,0.5,0.0,0.5
64,30,192,193,66,3,0,4,0,1.7142857142857142,0.0,0.0,0.0
64,30,192,193,67,2,0,5,0,1.4285714285714286,0.0,0.0,0.0
64,30,192,193,68,2,0,6,0,1.5,0.0,0.0,0.0
64,30,192,193,69,3,1,7,0,2.1,0.3333333333333333,0.0,0.3333333333333333
64,30,192,193,70,2,0,9,0,1.6363636363636365,0.0,0.0,0.0
64,30,192,193,71,2,1,9,0,1.6363636363636365,0.5,0.0,0.5
64,30,192,193,72,2,0,9,0,1.6363636363636365,0.0,0.0,0.0
64,30,192,193,73,2,0,9,0,1.6363636363636365,0.0,0.0,0.0
64,30,192,193,74,2,0,9,0,1.6363636363636365,0.0,0.0,0.0
64,30,192,193,75,3,0,9,0,2.25,0.0,0.0,0.0
64,30,192,193,76,2,0,10,0,1.6666666666666667,0.0,0.0,0.0
64,30,200,201,64,2,0,1,0,0.6666666666666666,0.0,0.0,0.0
64,30,200,201,65,4,2,2,0,1.3333333333333333,0.5,0.0,0.5
64,30,200,201,66,4,1,3,0,1.7142857142857142,0.25,0.0,0.25
64,30,200,201,67,2,1,5,0,1.4285714285714286,0.5,0.0,0.5
64,30,200,201,68,2,0,6,0,1.5,0.0,0.0,0.0
64,30,200,201,69,2,1,7,0,1.5555555555555556,0.5,0.0,0.5
64,30,200,201,70,2,0,8,0,1.6,0.0,0.0,0.0
64,30,200,201,71,2,0,8,0,1.6,0.0,0.0,0.0
64,30,200,201,72,2,0,8,0,1.6,0.0,0.0,0.0
64,30,200,201,73,2,0,8,0,1.6,0.0,0.0,0.0
64,30,200,201,74,2,0,8,0,1.6,0.0,0.0,0.0
64,30,200,201,75,2,0,8,0,1.6,0.0,0.0,0.0
64,30,200,201,76,2,0,8,0,1.6,0.0,0.0,0.0
64,30,200,201,77,2,0,8,0,1.6,0.0,0.0,0.0
64,30,208,209,65,4,2,1,0,0.8,0.5,0.0,0.5
64,30,208,209,66,3,0,2,0,1.2,0.0,0.0,0.0
64,30,208,209,67,2,0,3,0,1.2,0.0,0.0,0.0
64,30,208,209,68,2,0,4,0,1.3333333333333333,0.0,0.0,0.0
64,30,208,209,69,2,0,5,0,1.4285714285714286,0.0,0.0,0.0
64,30,208,209,70,2,0,6,0,1.5,0.0,0.0,0.0
64,30,208,209,71,2,0,6,0,1.5,0.0,0.0,0.0
64,30,208,209,72,2,0,6,0,1.5,0.0,0.0,0.0
64,30,208,209,73,3,0,6,0,2.0,0.0,0.0,0.0
64,30,208,209,74,2,0,7,0,1.5555555555555556,0.0,0.0,0.0
64,30,208,209,75,1,0,7,0,0.875,0.0,0.0,0.0
64,30,208,209,76,4,0,6,0,2.4,0.0,0.0,0.0
64,30,208,209,77,1,0,8,0,0.8888888888888888,0.0,0.0,0.0
64,30,208,209,78,1,0,7,0,0.875,0.0,0.0,0.0
64,30,216,217,66,2,0,2,0,1.0,0.0,0.0,0.0
64,30,216,217,67,2,1,3,0,1.2,0.5,0.0,0.5
64,30,216,217,68,2,0,4,0,1.3333333333333333,0.0,0.0,0.0
64,30,216,217,69,2,0,5,0,1.4285714285714286,0.0,0.0,0.0
64,30,216,217,70,2,0,6,0,1.5,0.0,0.0,0.0
64,30,216,217,71,2,0,6,0,1.5,0.0,0.0,0.0
64,30,216,217,72,2,0,6,0,1.5,0.0,0.0,0.0
64,30,216,217,73,3,1,6,0,2.0,0.3333333333333333,0.0,0.3333333333333333
64,30,216,217,74,2,0,7,0,1.5555555555555556,0.0,0.0,0.0
64,30,216,217,75,2,0,6,0,1.5,0.0,0.0,0.0
64,30,216,217,76,2,0,6,0,1.5,0.0,0.0,0.0
64,30,216,217,77,2,0,6,0,1.5,0.0,0.0,0.0
64,30,216,217,78,2,0,6,0,1.5,0.0,0.0,0.0
64,30,224,225,66,2,0,2,0,1.0,0.0,0.0,0.0
64,30,224,225,67,2,0,3,0,1.2,0.0,0.0,0.0
64,30,224,225,68,2,0,4,0,1.3333333333333333,0.0,0.0,0.0
64,30,224,225,69,2,0,5,0,1.4285714285714286,0.0,0.0,0.0
64,30,224,225,70,2,0,6,0,1.5,0.0,0.0,0.0
64,30,224,225,71,3,1,6,0,2.0,0.3333333333333333,0.0,0.3333333333333333
64,30,224,225,72,2,0,7,0,1.5555555555555556,0.0,0.0,0.0
64,30,224,225,73,2,0,7,0,1.5555555555555556,0.0,0.0,0.0
64,30,224,225,74,2,0,7,0,1.5555555555555556,0.0,0.0,0.0
64,30,224,225,75,2,0,6,0,1.5,0.0,0.0,0.0
64,30,224,225,76,2,0,6,0,1.5,0.0,0.0,0.0
64,30,224,225,77,2,0,6,0,1.5,0.0,0.0,0.0
64,30,224,225,78,2,0,6,0,1.5,0.0,0.0,0.0
64,30,232,233,66,2,0,2,0,1.0,0.0,0.0,0.0
64,30,232,233,67,2,0,3,0,1.2,0.0,0.0,0.0
64,30,232,233,68,2,0,4,0,1.3333333333333333,0.0,0.0,0.0
64,30,232,233,69,2,0,5,0,1.4285714285714286,0.0,0.0,0.0
64,30,232,233,70,2,0,6,0,1.5,0.0,0.0,0.0
64,30,232,233,71,2,0,6,0,1.5,0.0,0.0,0.0
64,30,232,233,72,2,0,6,0,1.5,0.0,0.0,0.0
64,30,232,233,73,3,1,6,0,2.0,0.3333333333333333,0.0,0.3333333333333333
64,30,232,233,74,1,0,7,0,0.875,0.0,0.0,0.0
64,30,232,233,75,2,0,6,0,1.5,0.0,0.0,0.0
64,30,232,233,77,3,0,5,0,1.875,0.0,0.0,0.0
64,30,232,233,78,1,0,6,0,0.8571428571428571,0.0,0.0,0.0
64,30,240,241,65,1,0,1,0,0.5,0.0,0.0,0.0
64,30,240,241,66,1,0,2,0,0.6666666666666666,0.0,0.0,0.0
64,30,240,241,67,2,0,3,0,1.2,0.0,0.0,0.0
64,30,240,241,68,2,0,4,0,1.3333333333333333,0.0,0.0,0.0
64,30,240,241,69,2,0,5,0,1.4285714285714286,0.0,0.0,0.0
64,30,240,241,70,2,0,6,0,1.5,0.0,0.0,0.0
64,30,240,241,71,2,0,6,0,1.5,0.0,0.0,0.0
64,30,240,241,72,2,0,6,0,1.5,0.0,0.0,0.0
64,30,240,241,73,2,0,6,0,1.5,0.0,0.0,0.0
64,30,240,241,74,2,0,6,0,1.5,0.0,0.0,0.0
64,30,240,241,75,2,0,6,0,1.5,0.0,0.0,0.0
64,30,240,241,76,1,0,6,0,0.8571428571428571,0.0,0.0,0.0
64,30,240,241,77,2,0,6,0,1.5,0.0,0.0,0.0
64,30,240,241,78,1,0,6,0,0.8571428571428571,0.0,0.0,0.0
64,30,248,249,66,1,0,2,0,0.6666666666666666,0.0,0.0,0.0
64,30,248,249,67,2,0,3,0,1.2,0.0,0.0,0.0
64,30,248,249,68,2,0,4,0,1.3333333333333333,0.0,0.0,0.0
64,30,248,249,69,2,0,5,0,1.4285714285714286,0.0,0.0,0.0
64,30,248,249,70,2,0,6,0,1.5,0.0,0.0,0.0
64,30,248,249,71,2,0,6,0,1.5,0.0,0.0,0.0
64,30,248,249,72,2,0,6,0,1.5,0.0,0.0,0.0
64,30,248,249,73,2,0,6,0,1.5,0.0,0.0,0.0
64,30,248,249,74,2,0,6,0,1.5,0.0,0.0,0.0
64,30,248,249,75,2,0,6,0,1.5,0.0,0.0,0.0
64,30,248,249,76,1,0,6,0,0.8571428571428571,0.0,0.0,0.0
64,30,248,249,77,2,0,6,0,1.5,0.0,0.0,0.0
64,30,248,249,78,1,0,6,0,0.8571428571428571,0.0,0.0,0.0
64,31,8,9,8,1,0,1,0,0.5,0.0,0.0,0.0
64,31,8,9,9,25,24,2,0,1.8518518518518519,0.96,0.0,0.96
64,31,16,17,12,3,0,1,0,0.75,0.0,0.0,0.0
64,31,16,17,13,29,26,3,0,2.71875,0.896551724137931,0.0,0.896551724137931
64,31,24,25,16,4,0,11,0,2.933333333333333,0.0,0.0,0.0
64,31,24,25,17,9,2,11,0,4.95,0.2222222222222222,0.0,0.2222222222222222
64,31,24,25,18,7,0,15,0,4.7727272727272725,0.0,0.0,0.0
64,31,32,33,18,5,0,9,0,3.2142857142857144,0.0,0.0,0.0
64,31,32,33,19,9,1,8,0,4.235294117647059,0.1111111111111111,0.0,0.1111111111111111
64,31,32,33,20,1,0,13,0,0.9285714285714286,0.0,0.0,0.0
64,31,32,33,23,3,3,5,0,1.875,1.0,0.0,1.0
64,31,32,33,24,2,0,6,0,1.5,0.0,0.0,0.0
64,31,32,33,25,4,2,6,0,2.4,0.5,0.0,0.5
64,31,40,41,19,10,4,1,0,0.9090909090909091,0.4,0.0,0.4
64,31,40,41,20,5,0,6,0,2.727272727272727,0.0,0.0,0.0
64,31,40,41,21,4,0,7,0,2.5454545454545454,0.0,0.0,0.0
64,31,40,41,25,3,2,1,0,0.75,0.6666666666666666,0.0,0.6666666666666666
64,31,40,41,26,2,0,2,0,1.0,0.0,0.0,0.0
64,31,40,41,27,4,1,3,0,1.7142857142857142,0.25,0.0,0.25
64,31,40,41,28,3,0,5,0,1.875,0.0,0.0,0.0
64,31,40,41,29,5,2,6,0,2.727272727272727,0.4,0.0,0.4
64,31,40,41,30,1,0,10,0,0.9090909090909091,0.0,0.0,0.0
64,31,40,41,31,6,1,10,0,3.75,0.16666666666666666,0.0,0.16666666666666666
64,31,48,49,20,4,0,1,0,0.8,0.0,0.0,0.0
64,31,48,49,21,5,0,2,0,1.4285714285714286,0.0,0.0,0.0
64,31,48,49,22,3,0,5,0,1.875,0.0,0.0,0.0
64,31,48,49,25,3,3,1,0,0.75,1.0,0.0,1.0
64,31,48,49,26,2,0,2,0,1.0,0.0,0.0,0.0
64,31,48,49,27,3,1,3,0,1.5,0.3333333333333333,0.0,0.3333333333333333
64,31,48,49,28,1,0,5,0,0.8333333333333334,0.0,0.0,0.0
64,31,48,49,29,4,2,5,0,2.2222222222222223,0.5,0.0,0.5
64,31,48,49,30,1,0,8,0,0.8888888888888888,0.0,0.0,0.0
64,31,48,49,31,6,2,8,0,3.4285714285714284,0.3333333333333333,0.0,0.3333333333333333
64,31,48,49,32,1,0,13,0,0.9285714285714286,0.0,0.0,0.0
64,31,48,49,33,3,0,13,0,2.4375,0.0,0.0,0.0
64,31,56,57,22,4,0,1,0,0.8,0.0,0.0,0.0
64,31,56,57,24,1,0,2,0,0.6666666666666666,0.0,0.0,0.0
64,31,56,57,25,2,2,1,0,0.6666666666666666,1.0,0.0,1.0
64,31,56,57,26,2,0,1,0,0.6666666666666666,0.0,0.0,0.0
64,31,56,57,27,4,2,2,0,1.3333333333333333,0.5,0.0,0.5
64,31,56,57,28,1,0,5,0,0.8333333333333334,0.0,0.0,0.0
64,31,56,57,29,3,1,5,0,1.875,0.3333333333333333,0.0,0.3333333333333333
64,31,56,57,30,1,0,7,0,0.875,0.0,0.0,0.0
64,31,56,57,31,5,2,7,0,2.9166666666666665,0.4,0.0,0.4
64,31,56,57,32,3,0,10,0,2.3076923076923075,0.0,0.0,0.0
64,31,56,57,33,5,1,11,0,3.4375,0.2,0.0,0.2
64,31,64,65,27,1,0,1,0,0.5,0.0,0.0,0.0
64,31,64,65,28,2,0,2,0,1.0,0.0,0.0,0.0
64,31,64,65,29,3,2,3,0,1.5,0.6666666666666666,0.0,0.6666666666666666
64,31,64,65,30,2,0,5,0,1.4285714285714286,0.0,0.0,0.0
64,31,64,65,31,4,2,6,0,2.4,0.5,0.0,0.5
64,31,64,65,32,1,0,8,0,0.8888888888888888,0.0,0.0,0.0
64,31,64,65,33,9,2,7,0,3.9375,0.2222222222222222,0.0,0.2222222222222222
64,31,72,73,28,1,0,1,0,0.5,0.0,0.0,0.0
64,31,72,73,29,1,1,2,0,0.6666666666666666,1.0,0.0,1.0
64,31,72,73,31,2,1,3,0,1.2,0.5,0.0,0.5
64,31,72,73,33,5,2,3,0,1.875,0.4,0.0,0.4
64,31,72,73,34,5,0,6,0,2.727272727272727,0.0,0.0,0.0
64,31,72,73,35,7,0,8,0,3.7333333333333334,0.0,0.0,0.0
64,31,80,81,29,1,1,1,0,0.5,1.0,0.0,1.0
64,31,80,81,31,1,0,2,0,0.6666666666666666,0.0,0.0,0.0
64,31,80,81,32,1,0,2,0,0.6666666666666666,0.0,0.0,0.0
64,31,80,81,33,2,1,2,0,1.0,0.5,0.0,0.5
64,31,80,81,34,1,0,3,0,0.75,0.0,0.0,0.0
64,31,80,81,35,7,1,2,0,1.5555555555555556,0.14285714285714285,0.0,0.14285714285714285
64,31,80,81,36,8,0,5,0,3.076923076923077,0.0,0.0,0.0
64,31,88,89,31,1,0,1,0,0.5,0.0,0.0,0.0
64,31,88,89,32,1,0,1,0,0.5,0.0,0.0,0.0
64,31,88,89,33,1,0,1,0,0.5,0.0,0.0,0.0
64,31,88,89,34,1,0,1,0,0.5,0.0,0.0,0.0
64,31,88,89,35,4,2,1,0,0.8,0.5,0.0,0.5
64,31,88,89,36,3,0,2,0,1.2,0.0,0.0,0.0
64,31,88,89,37,8,3,2,0,1.6,0.375,0.0,0.375
64,31,88,89,38,2,0,7,0,1.5555555555555556,0.0,0.0,0.0
64,31,96,97,38,4,0,1,0,0.8,0.0,0.0,0.0
64,31,96,97,39,5,2,2,0,1.4285714285714286,0.4,0.0,0.4
