size,map_index,start_step,end_step,distance,frontier_opportunities,frontier_acquired,nonfrontier_opportunities,nonfrontier_acquired,matched_weight,frontier_rate,nonfrontier_rate,rate_difference
32,0,24,25,19,3,3,1,0,0.75,1.0,0.0,1.0
32,0,40,41,28,2,0,1,0,0.6666666666666666,0.0,0.0,0.0
32,0,40,41,29,3,1,1,0,0.75,0.3333333333333333,0.0,0.3333333333333333
32,0,112,113,3,1,0,1,0,0.5,0.0,0.0,0.0
32,0,112,113,4,2,0,2,0,1.0,0.0,0.0,0.0
32,0,112,113,5,3,0,2,0,1.2,0.0,0.0,0.0
32,0,120,121,3,1,0,6,0,0.8571428571428571,0.0,0.0,0.0
32,0,120,121,5,1,0,7,0,0.875,0.0,0.0,0.0
32,0,120,121,10,2,0,1,0,0.6666666666666666,0.0,0.0,0.0
32,0,144,145,14,1,0,1,0,0.5,0.0,0.0,0.0
32,0,144,145,16,2,0,1,0,0.6666666666666666,0.0,0.0,0.0
32,0,152,153,18,1,0,3,0,0.75,0.0,0.0,0.0
32,0,160,161,21,2,0,1,0,0.6666666666666666,0.0,0.0,0.0
32,0,168,169,22,1,0,1,0,0.5,0.0,0.0,0.0
32,0,176,177,23,1,0,1,0,0.5,0.0,0.0,0.0
32,0,184,185,23,1,0,1,0,0.5,0.0,0.0,0.0
32,0,192,193,23,1,0,1,0,0.5,0.0,0.0,0.0
32,0,200,201,23,1,0,1,0,0.5,0.0,0.0,0.0
32,0,240,241,25,1,0,1,0,0.5,0.0,0.0,0.0
32,0,240,241,26,1,0,1,0,0.5,0.0,0.0,0.0
32,0,240,241,27,1,0,1,0,0.5,0.0,0.0,0.0
32,0,248,249,25,2,0,1,0,0.6666666666666666,0.0,0.0,0.0
32,0,248,249,26,1,0,1,0,0.5,0.0,0.0,0.0
32,0,248,249,27,1,0,1,0,0.5,0.0,0.0,0.0
32,0,248,249,28,1,0,1,0,0.5,0.0,0.0,0.0
32,0,248,249,29,1,0,1,0,0.5,0.0,0.0,0.0
32,1,8,9,9,8,6,1,0,0.8888888888888888,0.75,0.0,0.75
32,1,40,41,23,5,1,2,0,1.4285714285714286,0.2,0.0,0.2
32,1,48,49,26,2,0,2,0,1.0,0.0,0.0,0.0
32,1,48,49,27,2,0,2,0,1.0,0.0,0.0,0.0
32,1,48,49,28,2,0,2,0,1.0,0.0,0.0,0.0
32,1,48,49,29,2,0,2,0,1.0,0.0,0.0,0.0
32,1,112,113,23,2,0,1,0,0.6666666666666666,0.0,0.0,0.0
32,1,112,113,24,1,0,3,0,0.75,0.0,0.0,0.0
32,1,112,113,25,5,0,1,0,0.8333333333333334,0.0,0.0,0.0
32,1,160,161,16,2,0,1,0,0.6666666666666666,0.0,0.0,0.0
32,1,160,161,17,3,0,2,0,1.2,0.0,0.0,0.0
32,1,160,161,18,4,0,1,0,0.8,0.0,0.0,0.0
32,1,160,161,19,1,0,1,0,0.5,0.0,0.0,0.0
32,1,168,169,15,2,0,1,0,0.6666666666666666,0.0,0.0,0.0
32,1,168,169,16,2,0,3,0,1.2,0.0,0.0,0.0
32,1,168,169,17,1,0,4,0,0.8,0.0,0.0,0.0
32,1,168,169,18,3,0,2,0,1.2,0.0,0.0,0.0
32,1,168,169,19,2,0,2,0,1.0,0.0,0.0,0.0
32,1,168,169,20,1,0,1,0,0.5,0.0,0.0,0.0
32,1,176,177,2,3,0,1,0,0.75,0.0,0.0,0.0
32,1,176,177,3,1,0,4,0,0.8,0.0,0.0,0.0
32,1,176,177,4,1,0,4,0,0.8,0.0,0.0,0.0
32,1,176,177,6,3,0,4,0,1.7142857142857142,0.0,0.0,0.0
32,1,176,177,7,2,0,4,0,1.3333333333333333,0.0,0.0,0.0
32,1,176,177,8,3,0,1,0,0.75,0.0,0.0,0.0
32,1,176,177,15,1,0,4,0,0.8,0.0,0.0,0.0
32,1,176,177,17,1,0,5,0,0.8333333333333334,0.0,0.0,0.0
32,1,176,177,18,1,0,5,0,0.8333333333333334,0.0,0.0,0.0
32,1,176,177,19,3,0,3,0,1.5,0.0,0.0,0.0
32,1,176,177,20,2,0,1,0,0.6666666666666666,0.0,0.0,0.0
32,1,184,185,2,2,0,5,0,1.4285714285714286,0.0,0.0,0.0
32,1,184,185,4,2,0,6,0,1.5,0.0,0.0,0.0
32,1,184,185,6,2,0,7,0,1.5555555555555556,0.0,0.0,0.0
32,1,184,185,8,2,0,7,0,1.5555555555555556,0.0,0.0,0.0
32,1,184,185,9,3,0,5,0,1.875,0.0,0.0,0.0
32,1,184,185,11,1,0,2,0,0.6666666666666666,0.0,0.0,0.0
32,1,184,185,12,1,0,2,0,0.6666666666666666,0.0,0.0,0.0
32,1,184,185,13,1,0,1,0,0.5,0.0,0.0,0.0
32,1,184,185,21,2,0,4,0,1.3333333333333333,0.0,0.0,0.0
32,1,192,193,3,1,0,7,0,0.875,0.0,0.0,0.0
32,1,192,193,5,1,0,8,0,0.8888888888888888,0.0,0.0,0.0
32,1,192,193,9,1,0,8,0,0.8888888888888888,0.0,0.0,0.0
32,1,192,193,10,1,0,6,0,0.8571428571428571,0.0,0.0,0.0
32,1,192,193,11,2,0,3,0,1.2,0.0,0.0,0.0
32,2,16,17,14,3,0,2,0,1.2,0.0,0.0,0.0
32,2,16,17,15,2,0,4,0,1.3333333333333333,0.0,0.0,0.0
32,2,24,25,6,3,0,5,0,1.875,0.0,0.0,0.0
32,2,24,25,17,2,1,1,0,0.6666666666666666,0.5,0.0,0.5
32,2,32,33,8,1,0,1,0,0.5,0.0,0.0,0.0
32,2,32,33,9,1,0,1,0,0.5,0.0,0.0,0.0
32,2,32,33,19,2,1,1,0,0.6666666666666666,0.5,0.0,0.5
32,2,32,33,20,1,0,3,0,0.75,0.0,0.0,0.0
32,2,32,33,21,1,0,3,0,0.75,0.0,0.0,0.0
32,2,40,41,10,1,0,4,0,0.8,0.0,0.0,0.0
32,2,40,41,12,2,0,4,0,1.3333333333333333,0.0,0.0,0.0
32,2,40,41,13,1,0,4,0,0.8,0.0,0.0,0.0
32,2,48,49,13,1,0,7,0,0.875,0.0,0.0,0.0
32,2,56,57,15,1,0,5,0,0.8333333333333334,0.0,0.0,0.0
32,2,64,65,15,1,0,5,0,0.8333333333333334,0.0,0.0,0.0
32,2,64,65,16,1,0,3,0,0.75,0.0,0.0,0.0
32,2,64,65,17,1,0,2,0,0.6666666666666666,0.0,0.0,0.0
32,2,64,65,18,1,0,1,0,0.5,0.0,0.0,0.0
32,2,72,73,16,1,0,4,0,0.8,0.0,0.0,0.0
32,2,72,73,17,1,0,3,0,0.75,0.0,0.0,0.0
32,2,72,73,18,1,0,2,0,0.6666666666666666,0.0,0.0,0.0
32,2,80,81,16,1,0,4,0,0.8,0.0,0.0,0.0
32,2,80,81,17,1,0,3,0,0.75,0.0,0.0,0.0
32,2,80,81,18,1,0,2,0,0.6666666666666666,0.0,0.0,0.0
32,2,80,81,19,1,0,1,0,0.5,0.0,0.0,0.0
32,2,88,89,17,1,0,4,0,0.8,0.0,0.0,0.0
32,2,88,89,18,1,0,3,0,0.75,0.0,0.0,0.0
32,2,88,89,19,1,0,2,0,0.6666666666666666,0.0,0.0,0.0
32,2,88,89,20,1,0,1,0,0.5,0.0,0.0,0.0
32,3,16,17,12,2,0,4,0,1.3333333333333333,0.0,0.0,0.0
32,3,16,17,13,1,1,5,0,0.8333333333333334,1.0,0.0,1.0
32,3,16,17,14,3,0,6,0,2.0,0.0,0.0,0.0
32,3,16,17,15,5,0,10,0,3.3333333333333335,0.0,0.0,0.0
32,3,24,25,10,1,0,5,0,0.8333333333333334,0.0,0.0,0.0
32,3,24,25,11,1,0,6,0,0.8571428571428571,0.0,0.0,0.0
32,3,24,25,12,2,0,6,0,1.5,0.0,0.0,0.0
32,3,24,25,13,2,0,7,0,1.5555555555555556,0.0,0.0,0.0
32,3,24,25,14,1,0,8,0,0.8888888888888888,0.0,0.0,0.0
32,3,24,25,15,1,0,7,0,0.875,0.0,0.0,0.0
32,3,24,25,16,2,0,6,0,1.5,0.0,0.0,0.0
32,3,24,25,17,5,3,4,0,2.2222222222222223,0.6,0.0,0.6
32,3,24,25,19,5,5,12,0,3.5294117647058822,1.0,0.0,1.0
32,3,32,33,2,3,0,1,0,0.75,0.0,0.0,0.0
32,3,32,33,4,1,0,5,0,0.8333333333333334,0.0,0.0,0.0
32,3,32,33,5,1,0,6,0,0.8571428571428571,0.0,0.0,0.0
32,3,32,33,7,2,0,4,0,1.3333333333333333,0.0,0.0,0.0
32,3,32,33,10,1,0,9,0,0.9,0.0,0.0,0.0
32,3,32,33,12,1,0,11,0,0.9166666666666666,0.0,0.0,0.0
32,3,32,33,13,1,0,12,0,0.9230769230769231,0.0,0.0,0.0
32,3,32,33,14,1,0,12,0,0.9230769230769231,0.0,0.0,0.0
32,3,32,33,18,3,0,4,0,1.7142857142857142,0.0,0.0,0.0
32,3,32,33,19,1,1,6,0,0.8571428571428571,1.0,0.0,1.0
32,3,32,33,20,2,0,5,0,1.4285714285714286,0.0,0.0,0.0
32,3,32,33,21,3,1,6,1,2.0,0.3333333333333333,0.16666666666666666,0.16666666666666666
32,3,32,33,22,5,1,7,0,2.9166666666666665,0.2,0.0,0.2
32,3,32,33,23,5,2,8,0,3.076923076923077,0.4,0.0,0.4
32,3,32,33,24,2,0,7,0,1.5555555555555556,0.0,0.0,0.0
32,3,32,33,25,5,4,6,0,2.727272727272727,0.8,0.0,0.8
32,3,40,41,14,1,0,13,0,0.9285714285714286,0.0,0.0,0.0
32,3,40,41,22,2,0,16,0,1.7777777777777777,0.0,0.0,0.0
32,3,40,41,23,2,0,16,0,1.7777777777777777,0.0,0.0,0.0
32,3,40,41,24,5,0,8,0,3.076923076923077,0.0,0.0,0.0
32,3,40,41,25,4,3,2,0,1.3333333333333333,0.75,0.0,0.75
32,3,40,41,26,2,0,5,0,1.4285714285714286,0.0,0.0,0.0
32,3,40,41,27,2,1,10,0,1.6666666666666667,0.5,0.0,0.5
32,3,48,49,15,2,0,13,0,1.7333333333333334,0.0,0.0,0.0
32,3,48,49,16,2,0,11,0,1.6923076923076923,0.0,0.0,0.0
32,3,48,49,17,2,0,8,0,1.6,0.0,0.0,0.0
32,3,48,49,18,3,0,6,0,2.0,0.0,0.0,0.0
32,3,48,49,19,1,0,9,0,0.9,0.0,0.0,0.0
32,3,48,49,20,1,0,11,0,0.9166666666666666,0.0,0.0,0.0
32,3,48,49,24,1,0,14,0,0.9333333333333333,0.0,0.0,0.0
32,3,48,49,26,2,0,2,0,1.0,0.0,0.0,0.0
32,3,48,49,27,2,0,2,0,1.0,0.0,0.0,0.0
32,3,48,49,28,2,0,3,0,1.2,0.0,0.0,0.0
32,3,48,49,29,3,1,3,0,1.5,0.3333333333333333,0.0,0.3333333333333333
32,3,48,49,31,5,2,3,0,1.875,0.4,0.0,0.4
32,3,48,49,32,1,0,6,0,0.8571428571428571,0.0,0.0,0.0
32,3,56,57,16,1,0,14,0,0.9333333333333333,0.0,0.0,0.0
32,3,56,57,17,1,0,11,0,0.9166666666666666,0.0,0.0,0.0
32,3,56,57,18,1,0,10,0,0.9090909090909091,0.0,0.0,0.0
32,3,56,57,19,1,0,13,0,0.9285714285714286,0.0,0.0,0.0
32,3,56,57,20,2,0,14,0,1.75,0.0,0.0,0.0
32,3,56,57,21,1,0,18,0,0.9473684210526315,0.0,0.0,0.0
32,3,56,57,24,1,0,14,0,0.9333333333333333,0.0,0.0,0.0
32,3,56,57,28,2,0,1,0,0.6666666666666666,0.0,0.0,0.0
32,3,56,57,29,2,0,1,0,0.6666666666666666,0.0,0.0,0.0
32,3,56,57,30,2,0,1,0,0.6666666666666666,0.0,0.0,0.0
32,3,56,57,31,2,0,1,0,0.6666666666666666,0.0,0.0,0.0
32,3,56,57,32,2,0,1,0,0.6666666666666666,0.0,0.0,0.0
32,3,56,57,33,2,0,1,0,0.6666666666666666,0.0,0.0,0.0
32,3,64,65,18,1,0,12,0,0.9230769230769231,0.0,0.0,0.0
32,3,64,65,20,2,0,17,0,1.7894736842105263,0.0,0.0,0.0
32,3,64,65,22,3,0,20,0,2.608695652173913,0.0,0.0,0.0
32,3,64,65,23,1,0,19,0,0.95,0.0,0.0,0.0
32,3,64,65,25,1,0,6,0,0.8571428571428571,0.0,0.0,0.0
32,3,64,65,26,1,0,2,0,0.6666666666666666,0.0,0.0,0.0
32,3,72,73,26,4,0,6,0,2.4,0.0,0.0,0.0
32,3,72,73,27,3,0,5,0,1.875,0.0,0.0,0.0
32,3,72,73,28,5,0,4,0,2.2222222222222223,0.0,0.0,0.0
32,3,72,73,29,4,0,4,0,2.0,0.0,0.0,0.0
32,3,72,73,30,6,0,1,0,0.8571428571428571,0.0,0.0,0.0
32,3,72,73,31,2,0,1,0,0.6666666666666666,0.0,0.0,0.0
32,3,80,81,27,1,0,11,0,0.9166666666666666,0.0,0.0,0.0
32,3,80,81,28,1,0,11,0,0.9166666666666666,0.0,0.0,0.0
32,3,80,81,29,1,0,11,0,0.9166666666666666,0.0,0.0,0.0
32,3,80,81,30,1,0,10,0,0.9090909090909091,0.0,0.0,0.0
32,3,80,81,31,1,0,8,0,0.8888888888888888,0.0,0.0,0.0
32,3,80,81,32,1,0,5,0,0.8333333333333334,0.0,0.0,0.0
32,3,80,81,33,1,0,1,0,0.5,0.0,0.0,0.0
32,4,24,25,18,1,0,1,0,0.5,0.0,0.0,0.0
32,4,24,25,19,5,3,2,0,1.4285714285714286,0.6,0.0,0.6
32,4,32,33,22,1,0,3,0,0.75,0.0,0.0,0.0
32,4,32,33,23,1,0,4,0,0.8,0.0,0.0,0.0
32,4,32,33,24,3,0,5,0,1.875,0.0,0.0,0.0
32,4,32,33,25,1,0,7,0,0.875,0.0,0.0,0.0
32,4,40,41,22,1,0,4,0,0.8,0.0,0.0,0.0
32,4,40,41,24,2,0,5,0,1.4285714285714286,0.0,0.0,0.0
32,4,48,49,18,4,0,2,0,1.3333333333333333,0.0,0.0,0.0
32,4,48,49,19,1,0,2,0,0.6666666666666666,0.0,0.0,0.0
32,4,48,49,20,2,0,3,0,1.2,0.0,0.0,0.0
32,4,56,57,22,2,0,8,0,1.6,0.0,0.0,0.0
32,4,56,57,23,2,0,6,0,1.5,0.0,0.0,0.0
32,4,80,81,7,1,0,1,0,0.5,0.0,0.0,0.0
32,4,80,81,8,2,0,2,0,1.0,0.0,0.0,0.0
32,4,80,81,10,2,0,2,0,1.0,0.0,0.0,0.0
32,4,80,81,12,1,0,2,0,0.6666666666666666,0.0,0.0,0.0
32,4,88,89,8,1,0,5,0,0.8333333333333334,0.0,0.0,0.0
32,4,88,89,10,1,0,4,0,0.8,0.0,0.0,0.0
32,4,128,129,2,1,0,1,0,0.5,0.0,0.0,0.0
32,4,128,129,3,1,0,1,0,0.5,0.0,0.0,0.0
32,4,128,129,4,1,0,2,0,0.6666666666666666,0.0,0.0,0.0
32,4,128,129,5,1,0,3,0,0.75,0.0,0.0,0.0
32,4,136,137,1,1,0,1,0,0.5,0.0,0.0,0.0
32,4,136,137,2,1,0,2,0,0.6666666666666666,0.0,0.0,0.0
32,4,136,137,4,2,1,2,0,1.0,0.5,0.0,0.5
32,4,136,137,6,1,0,4,0,0.8,0.0,0.0,0.0
32,4,144,145,1,1,0,1,0,0.5,0.0,0.0,0.0
32,4,144,145,2,1,0,2,0,0.6666666666666666,0.0,0.0,0.0
32,4,144,145,3,1,0,2,0,0.6666666666666666,0.0,0.0,0.0
32,4,144,145,4,1,0,3,0,0.75,0.0,0.0,0.0
32,4,144,145,5,1,0,4,0,0.8,0.0,0.0,0.0
32,4,144,145,6,1,0,5,0,0.8333333333333334,0.0,0.0,0.0
32,4,152,153,1,1,0,1,0,0.5,0.0,0.0,0.0
32,4,152,153,2,1,0,2,0,0.6666666666666666,0.0,0.0,0.0
32,4,152,153,3,1,0,2,0,0.6666666666666666,0.0,0.0,0.0
32,4,152,153,4,1,0,3,0,0.75,0.0,0.0,0.0
32,4,152,153,5,1,0,4,0,0.8,0.0,0.0,0.0
32,4,152,153,6,1,0,5,0,0.8333333333333334,0.0,0.0,0.0
32,4,160,161,1,2,0,1,0,0.6666666666666666,0.0,0.0,0.0
32,4,160,161,2,1,0,2,0,0.6666666666666666,0.0,0.0,0.0
32,4,160,161,3,1,0,2,0,0.6666666666666666,0.0,0.0,0.0
32,4,160,161,4,1,0,3,0,0.75,0.0,0.0,0.0
32,4,160,161,5,1,0,4,0,0.8,0.0,0.0,0.0
32,4,160,161,6,1,0,5,0,0.8333333333333334,0.0,0.0,0.0
32,4,168,169,1,1,0,2,0,0.6666666666666666,0.0,0.0,0.0
32,4,168,169,2,1,0,3,0,0.75,0.0,0.0,0.0
32,4,168,169,3,1,0,3,0,0.75,0.0,0.0,0.0
32,4,168,169,4,1,0,4,0,0.8,0.0,0.0,0.0
32,4,168,169,5,1,0,5,0,0.8333333333333334,0.0,0.0,0.0
32,4,168,169,6,1,0,6,0,0.8571428571428571,0.0,0.0,0.0
32,4,168,169,7,1,0,6,0,0.8571428571428571,0.0,0.0,0.0
32,4,176,177,2,2,0,3,0,1.2,0.0,0.0,0.0
32,4,176,177,3,1,0,3,0,0.75,0.0,0.0,0.0
32,4,176,177,4,1,0,4,0,0.8,0.0,0.0,0.0
32,4,176,177,5,1,0,5,0,0.8333333333333334,0.0,0.0,0.0
32,4,176,177,6,1,0,6,0,0.8571428571428571,0.0,0.0,0.0
32,4,176,177,7,1,0,6,0,0.8571428571428571,0.0,0.0,0.0
32,4,184,185,3,1,0,5,0,0.8333333333333334,0.0,0.0,0.0
32,4,184,185,4,1,0,6,0,0.8571428571428571,0.0,0.0,0.0
32,4,184,185,5,1,0,7,0,0.875,0.0,0.0,0.0
32,4,184,185,6,1,0,8,0,0.8888888888888888,0.0,0.0,0.0
32,4,184,185,7,2,0,7,0,1.5555555555555556,0.0,0.0,0.0
32,4,184,185,8,1,0,6,0,0.8571428571428571,0.0,0.0,0.0
32,5,24,25,16,3,1,1,0,0.75,0.3333333333333333,0.0,0.3333333333333333
32,5,24,25,19,5,5,1,0,0.8333333333333334,1.0,0.0,1.0
32,5,32,33,1,1,0,1,0,0.5,0.0,0.0,0.0
32,5,32,33,2,3,0,1,0,0.75,0.0,0.0,0.0
32,5,32,33,3,1,0,2,0,0.6666666666666666,0.0,0.0,0.0
32,5,32,33,4,2,0,2,0,1.0,0.0,0.0,0.0
32,5,32,33,5,1,0,3,0,0.75,0.0,0.0,0.0
32,5,32,33,6,2,0,2,0,1.0,0.0,0.0,0.0
32,5,32,33,26,1,0,5,0,0.8333333333333334,0.0,0.0,0.0
32,5,40,41,26,2,0,4,0,1.3333333333333333,0.0,0.0,0.0
32,5,40,41,27,2,2,2,0,1.0,1.0,0.0,1.0
32,5,40,41,28,3,0,3,0,1.5,0.0,0.0,0.0
32,5,40,41,29,5,3,5,0,2.5,0.6,0.0,0.6
32,5,40,41,30,1,0,13,0,0.9285714285714286,0.0,0.0,0.0
32,5,48,49,28,2,0,7,0,1.5555555555555556,0.0,0.0,0.0
32,5,48,49,29,2,0,7,0,1.5555555555555556,0.0,0.0,0.0
32,5,48,49,30,5,0,6,0,2.727272727272727,0.0,0.0,0.0
32,5,48,49,31,3,1,8,0,2.1818181818181817,0.3333333333333333,0.0,0.3333333333333333
32,5,48,49,32,4,0,7,0,2.5454545454545454,0.0,0.0,0.0
32,5,48,49,33,4,4,8,0,2.6666666666666665,1.0,0.0,1.0
32,5,48,49,34,3,0,12,0,2.4,0.0,0.0,0.0
32,5,48,49,35,1,0,13,0,0.9285714285714286,0.0,0.0,0.0
32,5,48,49,42,2,0,18,0,1.8,0.0,0.0,0.0
32,5,48,49,44,2,0,20,0,1.8181818181818181,0.0,0.0,0.0
32,5,56,57,35,2,0,12,0,1.7142857142857142,0.0,0.0,0.0
32,6,16,17,14,2,0,2,0,1.0,0.0,0.0,0.0
32,6,32,33,23,3,2,1,0,0.75,0.6666666666666666,0.0,0.6666666666666666
32,6,32,33,24,3,0,4,0,1.7142857142857142,0.0,0.0,0.0
32,6,32,33,25,7,4,6,0,3.230769230769231,0.5714285714285714,0.0,0.5714285714285714
32,6,40,41,29,4,4,1,0,0.8,1.0,0.0,1.0
32,6,40,41,30,3,0,5,0,1.875,0.0,0.0,0.0
32,6,72,73,22,1,0,1,0,0.5,0.0,0.0,0.0
32,6,72,73,23,3,1,1,0,0.75,0.3333333333333333,0.0,0.3333333333333333
32,6,72,73,24,2,0,1,0,0.6666666666666666,0.0,0.0,0.0
32,6,72,73,25,2,0,1,0,0.6666666666666666,0.0,0.0,0.0
32,6,72,73,26,2,0,1,0,0.6666666666666666,0.0,0.0,0.0
32,6,72,73,27,1,0,1,0,0.5,0.0,0.0,0.0
32,6,72,73,28,1,0,1,0,0.5,0.0,0.0,0.0
32,6,80,81,21,3,0,1,0,0.75,0.0,0.0,0.0
32,6,80,81,22,2,0,3,0,1.2,0.0,0.0,0.0
32,6,80,81,23,3,0,2,0,1.2,0.0,0.0,0.0
32,6,80,81,24,1,0,3,0,0.75,0.0,0.0,0.0
32,6,80,81,25,2,0,3,0,1.2,0.0,0.0,0.0
32,6,80,81,26,1,0,3,0,0.75,0.0,0.0,0.0
32,6,80,81,27,1,0,2,0,0.6666666666666666,0.0,0.0,0.0
32,6,80,81,28,1,0,2,0,0.6666666666666666,0.0,0.0,0.0
32,6,80,81,29,1,0,1,0,0.5,0.0,0.0,0.0
32,6,88,89,26,1,0,5,0,0.8333333333333334,0.0,0.0,0.0
32,6,96,97,21,2,0,5,0,1.4285714285714286,0.0,0.0,0.0
32,6,96,97,32,2,0,7,0,1.5555555555555556,0.0,0.0,0.0
32,6,104,105,20,1,0,4,0,0.8,0.0,0.0,0.0
32,6,112,113,18,1,0,1,0,0.5,0.0,0.0,0.0
32,6,112,113,20,1,0,5,0,0.8333333333333334,0.0,0.0,0.0
32,6,120,121,17,1,0,1,0,0.5,0.0,0.0,0.0
32,6,120,121,18,2,0,2,0,1.0,0.0,0.0,0.0
32,6,120,121,19,1,0,6,0,0.8571428571428571,0.0,0.0,0.0
32,6,120,121,21,1,0,8,0,0.8888888888888888,0.0,0.0,0.0
32,6,128,129,1,1,0,1,0,0.5,0.0,0.0,0.0
32,6,128,129,14,2,0,1,0,0.6666666666666666,0.0,0.0,0.0
32,6,128,129,15,1,0,3,0,0.75,0.0,0.0,0.0
32,6,128,129,16,2,0,3,0,1.2,0.0,0.0,0.0
32,6,136,137,3,1,0,7,0,0.875,0.0,0.0,0.0
32,6,136,137,4,1,0,8,0,0.8888888888888888,0.0,0.0,0.0
32,6,136,137,5,3,0,7,0,2.1,0.0,0.0,0.0
32,6,136,137,14,2,0,1,0,0.6666666666666666,0.0,0.0,0.0
32,6,136,137,15,1,0,3,0,0.75,0.0,0.0,0.0
32,6,136,137,16,2,0,3,0,1.2,0.0,0.0,0.0
32,6,144,145,7,3,0,6,0,2.0,0.0,0.0,0.0
32,6,144,145,11,1,0,1,0,0.5,0.0,0.0,0.0
32,6,144,145,14,1,0,2,0,0.6666666666666666,0.0,0.0,0.0
32,6,144,145,15,2,0,3,0,1.2,0.0,0.0,0.0
32,7,16,17,14,3,0,6,0,2.0,0.0,0.0,0.0
32,7,16,17,15,3,1,11,0,2.357142857142857,0.3333333333333333,0.0,0.3333333333333333
32,7,24,25,17,1,1,3,0,0.75,1.0,0.0,1.0
32,7,24,25,19,8,8,6,0,3.4285714285714284,1.0,0.0,1.0
32,7,32,33,10,1,0,1,0,0.5,0.0,0.0,0.0
32,7,32,33,11,2,0,1,0,0.6666666666666666,0.0,0.0,0.0
32,7,32,33,12,2,0,1,0,0.6666666666666666,0.0,0.0,0.0
32,7,32,33,13,2,0,1,0,0.6666666666666666,0.0,0.0,0.0
32,7,32,33,15,1,0,2,0,0.6666666666666666,0.0,0.0,0.0
32,7,32,33,23,1,0,4,0,0.8,0.0,0.0,0.0
32,7,32,33,24,1,0,6,0,0.8571428571428571,0.0,0.0,0.0
32,7,32,33,25,6,3,6,0,3.0,0.5,0.0,0.5
32,7,40,41,8,1,0,1,0,0.5,0.0,0.0,0.0
32,7,40,41,9,2,0,2,0,1.0,0.0,0.0,0.0
32,7,40,41,10,1,0,4,0,0.8,0.0,0.0,0.0
32,7,40,41,11,1,0,5,0,0.8333333333333334,0.0,0.0,0.0
32,7,40,41,29,1,1,11,0,0.9166666666666666,1.0,0.0,1.0
32,7,48,49,11,1,0,7,0,0.875,0.0,0.0,0.0
32,7,56,57,1,3,0,1,0,0.75,0.0,0.0,0.0
32,7,56,57,3,1,0,3,0,0.75,0.0,0.0,0.0
32,7,56,57,5,2,0,1,0,0.6666666666666666,0.0,0.0,0.0
32,7,56,57,12,1,0,5,0,0.8333333333333334,0.0,0.0,0.0
32,7,64,65,7,4,0,7,0,2.5454545454545454,0.0,0.0,0.0
32,7,64,65,13,1,0,6,0,0.8571428571428571,0.0,0.0,0.0
32,7,64,65,14,1,0,5,0,0.8333333333333334,0.0,0.0,0.0
32,7,64,65,15,1,0,5,0,0.8333333333333334,0.0,0.0,0.0
32,7,64,65,16,1,0,4,0,0.8,0.0,0.0,0.0
32,7,64,65,17,2,0,4,0,1.3333333333333333,0.0,0.0,0.0
32,7,72,73,10,1,0,8,0,0.8888888888888888,0.0,0.0,0.0
32,7,72,73,13,1,0,6,0,0.8571428571428571,0.0,0.0,0.0
32,7,72,73,15,2,0,5,0,1.4285714285714286,0.0,0.0,0.0
32,7,72,73,17,2,0,5,0,1.4285714285714286,0.0,0.0,0.0
32,7,72,73,18,1,0,6,0,0.8571428571428571,0.0,0.0,0.0
32,7,72,73,19,1,0,6,0,0.8571428571428571,0.0,0.0,0.0
32,7,80,81,11,1,0,8,0,0.8888888888888888,0.0,0.0,0.0
32,7,80,81,12,1,0,6,0,0.8571428571428571,0.0,0.0,0.0
32,7,80,81,13,1,0,7,0,0.875,0.0,0.0,0.0
32,7,80,81,15,1,0,7,0,0.875,0.0,0.0,0.0
32,7,80,81,17,1,0,8,0,0.8888888888888888,0.0,0.0,0.0
32,7,80,81,19,1,0,9,0,0.9,0.0,0.0,0.0
32,7,88,89,12,1,0,8,0,0.8888888888888888,0.0,0.0,0.0
32,7,88,89,13,1,0,9,0,0.9,0.0,0.0,0.0
32,7,88,89,14,1,0,9,0,0.9,0.0,0.0,0.0
32,7,88,89,15,1,0,10,0,0.9090909090909091,0.0,0.0,0.0
32,7,88,89,16,1,0,10,0,0.9090909090909091,0.0,0.0,0.0
32,7,88,89,17,1,0,10,0,0.9090909090909091,0.0,0.0,0.0
32,7,88,89,19,1,0,9,0,0.9,0.0,0.0,0.0
32,7,96,97,13,1,0,10,0,0.9090909090909091,0.0,0.0,0.0
32,7,96,97,14,1,0,10,0,0.9090909090909091,0.0,0.0,0.0
32,7,96,97,15,1,0,11,0,0.9166666666666666,0.0,0.0,0.0
32,7,96,97,16,1,0,11,0,0.9166666666666666,0.0,0.0,0.0
32,7,96,97,17,2,0,10,0,1.6666666666666667,0.0,0.0,0.0
32,7,96,97,19,1,0,9,0,0.9,0.0,0.0,0.0
32,7,104,105,14,1,0,11,0,0.9166666666666666,0.0,0.0,0.0
32,7,104,105,16,1,0,13,0,0.9285714285714286,0.0,0.0,0.0
32,7,104,105,17,1,0,13,0,0.9285714285714286,0.0,0.0,0.0
32,7,104,105,19,4,0,9,0,2.769230769230769,0.0,0.0,0.0
32,7,112,113,20,1,0,12,0,0.9230769230769231,0.0,0.0,0.0
32,7,120,121,21,2,0,11,0,1.6923076923076923,0.0,0.0,0.0
32,7,120,121,22,3,0,7,0,2.1,0.0,0.0,0.0
32,7,120,121,23,1,0,5,0,0.8333333333333334,0.0,0.0,0.0
32,7,120,121,24,3,0,6,0,2.0,0.0,0.0,0.0
32,7,120,121,25,2,0,6,0,1.5,0.0,0.0,0.0
32,7,120,121,26,2,0,8,0,1.6,0.0,0.0,0.0
32,7,128,129,22,1,0,11,0,0.9166666666666666,0.0,0.0,0.0
32,7,128,129,23,1,0,8,0,0.8888888888888888,0.0,0.0,0.0
32,7,128,129,24,1,0,10,0,0.9090909090909091,0.0,0.0,0.0
32,7,128,129,25,2,0,9,0,1.6363636363636365,0.0,0.0,0.0
32,7,128,129,26,2,0,11,0,1.6923076923076923,0.0,0.0,0.0
32,7,128,129,27,2,0,13,0,1.7333333333333334,0.0,0.0,0.0
32,7,128,129,28,2,0,12,0,1.7142857142857142,0.0,0.0,0.0
32,7,136,137,24,1,0,11,0,0.9166666666666666,0.0,0.0,0.0
32,7,136,137,26,2,0,11,0,1.6923076923076923,0.0,0.0,0.0
32,7,136,137,27,2,0,13,0,1.7333333333333334,0.0,0.0,0.0
32,8,16,17,3,1,0,4,0,0.8,0.0,0.0,0.0
32,8,16,17,5,4,0,2,0,1.3333333333333333,0.0,0.0,0.0
32,8,24,25,1,1,0,1,0,0.5,0.0,0.0,0.0
32,8,24,25,2,1,0,3,0,0.75,0.0,0.0,0.0
32,8,24,25,3,1,0,5,0,0.8333333333333334,0.0,0.0,0.0
32,8,24,25,20,1,0,3,0,0.75,0.0,0.0,0.0
32,8,32,33,3,1,0,9,0,0.9,0.0,0.0,0.0
32,8,32,33,5,2,0,10,0,1.6666666666666667,0.0,0.0,0.0
32,8,32,33,6,1,0,10,0,0.9090909090909091,0.0,0.0,0.0
32,8,32,33,7,4,0,6,0,2.4,0.0,0.0,0.0
32,8,32,33,8,2,0,3,0,1.2,0.0,0.0,0.0
32,8,32,33,22,2,0,2,0,1.0,0.0,0.0,0.0
32,8,32,33,23,5,3,2,0,1.4285714285714286,0.6,0.0,0.6
32,8,40,41,9,1,0,4,0,0.8,0.0,0.0,0.0
32,8,40,41,28,2,0,2,0,1.0,0.0,0.0,0.0
32,8,48,49,9,1,0,4,0,0.8,0.0,0.0,0.0
32,8,56,57,11,2,0,1,0,0.6666666666666666,0.0,0.0,0.0
32,8,56,57,12,2,0,1,0,0.6666666666666666,0.0,0.0,0.0
32,8,56,57,14,1,0,1,0,0.5,0.0,0.0,0.0
32,8,64,65,11,1,0,2,0,0.6666666666666666,0.0,0.0,0.0
32,8,64,65,13,4,0,1,0,0.8,0.0,0.0,0.0
32,8,64,65,15,4,0,1,0,0.8,0.0,0.0,0.0
32,8,64,65,16,1,0,2,0,0.6666666666666666,0.0,0.0,0.0
32,8,72,73,13,1,0,5,0,0.8333333333333334,0.0,0.0,0.0
32,8,72,73,14,1,0,5,0,0.8333333333333334,0.0,0.0,0.0
32,8,72,73,15,1,0,5,0,0.8333333333333334,0.0,0.0,0.0
32,8,72,73,16,1,0,5,0,0.8333333333333334,0.0,0.0,0.0
32,8,72,73,17,1,0,4,0,0.8,0.0,0.0,0.0
32,8,72,73,18,1,0,3,0,0.75,0.0,0.0,0.0
32,8,80,81,21,1,0,4,0,0.8,0.0,0.0,0.0
32,8,80,81,23,1,0,6,0,0.8571428571428571,0.0,0.0,0.0
32,8,80,81,25,6,0,1,0,0.8571428571428571,0.0,0.0,0.0
32,9,16,17,15,4,0,3,0,1.7142857142857142,0.0,0.0,0.0
32,9,96,97,11,2,0,1,0,0.6666666666666666,0.0,0.0,0.0
32,9,96,97,12,1,0,2,0,0.6666666666666666,0.0,0.0,0.0
32,9,96,97,13,1,0,2,0,0.6666666666666666,0.0,0.0,0.0
32,9,96,97,14,2,0,2,0,1.0,0.0,0.0,0.0
32,9,104,105,13,1,0,7,0,0.875,0.0,0.0,0.0
32,9,112,113,14,1,0,6,0,0.8571428571428571,0.0,0.0,0.0
32,9,112,113,16,2,1,3,0,1.2,0.5,0.0,0.5
32,9,112,113,18,3,0,1,0,0.75,0.0,0.0,0.0
32,9,120,121,6,1,0,1,0,0.5,0.0,0.0,0.0
32,9,120,121,18,2,1,6,0,1.5,0.5,0.0,0.5
32,9,120,121,20,1,0,6,0,0.8571428571428571,0.0,0.0,0.0
32,9,128,129,1,1,0,2,0,0.6666666666666666,0.0,0.0,0.0
32,9,128,129,2,2,0,4,0,1.3333333333333333,0.0,0.0,0.0
32,9,128,129,3,1,0,6,0,0.8571428571428571,0.0,0.0,0.0
32,9,128,129,4,1,0,5,0,0.8333333333333334,0.0,0.0,0.0
32,9,136,137,4,2,0,8,0,1.6,0.0,0.0,0.0
32,10,24,25,18,1,0,3,0,0.75,0.0,0.0,0.0
32,10,24,25,19,1,1,5,0,0.8333333333333334,1.0,0.0,1.0
32,10,40,41,11,1,0,2,0,0.6666666666666666,0.0,0.0,0.0
32,10,40,41,12,1,0,2,0,0.6666666666666666,0.0,0.0,0.0
32,10,40,41,13,1,0,2,0,0.6666666666666666,0.0,0.0,0.0
32,10,40,41,14,1,0,1,0,0.5,0.0,0.0,0.0
32,10,40,41,15,1,0,1,0,0.5,0.0,0.0,0.0
32,10,48,49,10,1,0,3,0,0.75,0.0,0.0,0.0
32,10,48,49,11,1,0,3,0,0.75,0.0,0.0,0.0
32,10,48,49,13,1,0,4,0,0.8,0.0,0.0,0.0
32,10,48,49,14,1,0,3,0,0.75,0.0,0.0,0.0
32,10,48,49,15,1,0,3,0,0.75,0.0,0.0,0.0
32,10,48,49,17,1,0,4,0,0.8,0.0,0.0,0.0
32,10,48,49,18,1,0,4,0,0.8,0.0,0.0,0.0
32,10,72,73,2,2,0,1,0,0.6666666666666666,0.0,0.0,0.0
32,10,72,73,3,2,0,2,0,1.0,0.0,0.0,0.0
32,10,72,73,4,1,0,2,0,0.6666666666666666,0.0,0.0,0.0
32,10,80,81,2,1,0,3,0,0.75,0.0,0.0,0.0
32,10,80,81,3,2,0,3,0,1.2,0.0,0.0,0.0
32,10,88,89,1,2,0,2,0,1.0,0.0,0.0,0.0
32,10,88,89,2,2,0,4,0,1.3333333333333333,0.0,0.0,0.0
32,10,88,89,3,1,0,5,0,0.8333333333333334,0.0,0.0,0.0
32,10,88,89,4,1,0,3,0,0.75,0.0,0.0,0.0
32,10,96,97,5,2,0,4,0,1.3333333333333333,0.0,0.0,0.0
32,11,16,17,14,4,0,3,0,1.7142857142857142,0.0,0.0,0.0
32,11,16,17,15,2,0,6,0,1.5,0.0,0.0,0.0
32,11,32,33,23,2,2,1,0,0.6666666666666666,1.0,0.0,1.0
32,11,32,33,24,3,0,2,0,1.2,0.0,0.0,0.0
32,11,32,33,25,3,0,3,0,1.5,0.0,0.0,0.0
32,11,40,41,29,2,2,3,0,1.2,1.0,0.0,1.0
32,11,48,49,31,5,3,1,0,0.8333333333333334,0.6,0.0,0.6
32,11,56,57,36,2,0,2,0,1.0,0.0,0.0,0.0
32,11,56,57,37,2,0,2,0,1.0,0.0,0.0,0.0
32,11,120,121,2,2,0,1,0,0.6666666666666666,0.0,0.0,0.0
32,11,120,121,3,1,0,3,0,0.75,0.0,0.0,0.0
32,11,120,121,4,1,0,4,0,0.8,0.0,0.0,0.0
32,11,120,121,5,2,0,5,0,1.4285714285714286,0.0,0.0,0.0
32,11,120,121,7,1,0,7,0,0.875,0.0,0.0,0.0
32,11,120,121,8,3,0,4,0,1.7142857142857142,0.0,0.0,0.0
32,11,128,129,8,1,0,6,0,0.8571428571428571,0.0,0.0,0.0
32,11,136,137,9,1,0,5,0,0.8333333333333334,0.0,0.0,0.0
32,11,144,145,9,1,0,5,0,0.8333333333333334,0.0,0.0,0.0
32,11,144,145,24,3,0,1,0,0.75,0.0,0.0,0.0
32,11,144,145,25,1,0,2,0,0.6666666666666666,0.0,0.0,0.0
32,11,144,145,26,1,0,2,0,0.6666666666666666,0.0,0.0,0.0
32,11,144,145,27,1,0,2,0,0.6666666666666666,0.0,0.0,0.0
32,11,152,153,9,1,0,5,0,0.8333333333333334,0.0,0.0,0.0
32,11,152,153,28,1,0,3,0,0.75,0.0,0.0,0.0
32,11,152,153,30,2,0,3,0,1.2,0.0,0.0,0.0
32,11,152,153,32,4,0,2,0,1.3333333333333333,0.0,0.0,0.0
32,11,152,153,33,1,0,3,0,0.75,0.0,0.0,0.0
32,11,152,153,34,3,0,1,0,0.75,0.0,0.0,0.0
32,11,160,161,10,1,1,3,0,0.75,1.0,0.0,1.0
32,11,160,161,36,2,0,4,0,1.3333333333333333,0.0,0.0,0.0
32,11,168,169,10,1,0,3,0,0.75,0.0,0.0,0.0
32,11,176,177,11,2,0,3,0,1.2,0.0,0.0,0.0
32,11,176,177,12,3,0,1,0,0.75,0.0,0.0,0.0
32,11,176,177,13,1,0,1,0,0.5,0.0,0.0,0.0
32,11,176,177,14,2,0,1,0,0.6666666666666666,0.0,0.0,0.0
32,11,176,177,15,2,0,1,0,0.6666666666666666,0.0,0.0,0.0
32,11,184,185,11,2,0,3,0,1.2,0.0,0.0,0.0
32,11,184,185,12,2,0,2,0,1.0,0.0,0.0,0.0
32,11,184,185,13,2,0,1,0,0.6666666666666666,0.0,0.0,0.0
32,11,184,185,14,2,0,1,0,0.6666666666666666,0.0,0.0,0.0
32,11,192,193,11,2,0,3,0,1.2,0.0,0.0,0.0
32,11,192,193,12,2,0,2,0,1.0,0.0,0.0,0.0
32,11,192,193,13,2,0,1,0,0.6666666666666666,0.0,0.0,0.0
32,11,192,193,15,2,0,3,0,1.2,0.0,0.0,0.0
32,11,192,193,16,1,0,3,0,0.75,0.0,0.0,0.0
32,11,192,193,17,2,0,1,0,0.6666666666666666,0.0,0.0,0.0
32,11,200,201,12,2,0,4,0,1.3333333333333333,0.0,0.0,0.0
32,11,200,201,13,2,0,3,0,1.2,0.0,0.0,0.0
32,11,200,201,14,2,0,3,0,1.2,0.0,0.0,0.0
32,11,200,201,16,2,0,4,0,1.3333333333333333,0.0,0.0,0.0
32,11,200,201,17,1,0,4,0,0.8,0.0,0.0,0.0
32,11,208,209,12,2,0,4,0,1.3333333333333333,0.0,0.0,0.0
32,11,208,209,13,1,0,4,0,0.8,0.0,0.0,0.0
32,11,208,209,14,1,0,5,0,0.8333333333333334,0.0,0.0,0.0
32,11,208,209,15,1,0,6,0,0.8571428571428571,0.0,0.0,0.0
32,11,208,209,16,1,0,6,0,0.8571428571428571,0.0,0.0,0.0
32,12,40,41,12,2,0,1,0,0.6666666666666666,0.0,0.0,0.0
32,12,40,41,13,3,0,1,0,0.75,0.0,0.0,0.0
32,12,40,41,14,2,0,2,0,1.0,0.0,0.0,0.0
32,12,40,41,15,2,0,2,0,1.0,0.0,0.0,0.0
32,12,40,41,17,1,0,2,0,0.6666666666666666,0.0,0.0,0.0
32,12,48,49,9,1,0,3,0,0.75,0.0,0.0,0.0
32,12,56,57,5,2,0,1,0,0.6666666666666666,0.0,0.0,0.0
32,12,56,57,6,1,0,2,0,0.6666666666666666,0.0,0.0,0.0
32,12,64,65,3,1,0,4,0,0.8,0.0,0.0,0.0
32,12,64,65,5,1,0,5,0,0.8333333333333334,0.0,0.0,0.0
32,12,64,65,7,1,0,4,0,0.8,0.0,0.0,0.0
32,12,64,65,8,1,0,5,0,0.8333333333333334,0.0,0.0,0.0
32,12,64,65,9,2,0,4,0,1.3333333333333333,0.0,0.0,0.0
32,13,16,17,14,1,1,5,0,0.8333333333333334,1.0,0.0,1.0
32,13,16,17,15,10,4,6,0,3.75,0.4,0.0,0.4
32,13,24,25,11,1,0,3,0,0.75,0.0,0.0,0.0
32,13,24,25,16,2,0,11,0,1.6923076923076923,0.0,0.0,0.0
32,13,24,25,17,1,0,10,0,0.9090909090909091,0.0,0.0,0.0
32,13,24,25,19,3,1,4,0,1.7142857142857142,0.3333333333333333,0.0,0.3333333333333333
32,13,32,33,9,2,0,1,0,0.6666666666666666,0.0,0.0,0.0
32,13,32,33,10,1,0,2,0,0.6666666666666666,0.0,0.0,0.0
32,13,32,33,11,1,0,4,0,0.8,0.0,0.0,0.0
32,13,32,33,19,2,0,5,0,1.4285714285714286,0.0,0.0,0.0
32,13,32,33,20,3,0,3,0,1.5,0.0,0.0,0.0
32,13,32,33,21,2,0,2,0,1.0,0.0,0.0,0.0
32,13,32,33,22,1,0,3,0,0.75,0.0,0.0,0.0
32,13,32,33,23,3,2,5,0,1.875,0.6666666666666666,0.0,0.6666666666666666
32,13,40,41,1,1,0,1,0,0.5,0.0,0.0,0.0
32,13,40,41,2,2,1,1,0,0.6666666666666666,0.5,0.0,0.5
32,13,40,41,3,2,0,1,0,0.6666666666666666,0.0,0.0,0.0
32,13,40,41,4,2,0,1,0,0.6666666666666666,0.0,0.0,0.0
32,13,40,41,5,1,0,2,0,0.6666666666666666,0.0,0.0,0.0
32,13,40,41,6,2,0,2,0,1.0,0.0,0.0,0.0
32,13,40,41,7,1,0,4,0,0.8,0.0,0.0,0.0
32,13,40,41,8,2,0,4,0,1.3333333333333333,0.0,0.0,0.0
32,13,40,41,9,2,0,4,0,1.3333333333333333,0.0,0.0,0.0
32,13,40,41,10,2,0,4,0,1.3333333333333333,0.0,0.0,0.0
32,13,40,41,11,1,0,8,0,0.8888888888888888,0.0,0.0,0.0
32,13,40,41,12,1,0,10,0,0.9090909090909091,0.0,0.0,0.0
32,13,40,41,13,3,0,10,0,2.3076923076923075,0.0,0.0,0.0
32,13,40,41,14,1,0,13,0,0.9285714285714286,0.0,0.0,0.0
32,13,40,41,15,2,0,13,0,1.7333333333333334,0.0,0.0,0.0
32,13,48,49,3,1,0,5,0,0.8333333333333334,0.0,0.0,0.0
32,13,48,49,4,1,0,5,0,0.8333333333333334,0.0,0.0,0.0
32,13,48,49,5,2,0,6,0,1.5,0.0,0.0,0.0
32,13,48,49,6,2,0,8,0,1.6,0.0,0.0,0.0
32,13,48,49,7,1,0,10,0,0.9090909090909091,0.0,0.0,0.0
32,13,48,49,9,1,0,9,0,0.9,0.0,0.0,0.0
32,13,48,49,10,1,0,9,0,0.9,0.0,0.0,0.0
32,13,48,49,11,1,0,12,0,0.9230769230769231,0.0,0.0,0.0
32,13,48,49,13,1,0,13,0,0.9285714285714286,0.0,0.0,0.0
32,14,16,17,13,3,3,1,0,0.75,1.0,0.0,1.0
32,14,16,17,14,6,0,3,0,2.0,0.0,0.0,0.0
32,14,16,17,15,3,0,7,0,2.1,0.0,0.0,0.0
32,14,32,33,18,1,0,1,0,0.5,0.0,0.0,0.0
32,14,32,33,19,1,0,2,0,0.6666666666666666,0.0,0.0,0.0
32,14,32,33,20,2,0,3,0,1.2,0.0,0.0,0.0
32,14,32,33,21,2,1,6,0,1.5,0.5,0.0,0.5
32,14,40,41,22,1,0,6,0,0.8571428571428571,0.0,0.0,0.0
32,14,40,41,23,2,1,7,0,1.5555555555555556,0.5,0.0,0.5
32,14,48,49,26,1,0,1,0,0.5,0.0,0.0,0.0
32,14,64,65,17,1,0,1,0,0.5,0.0,0.0,0.0
32,14,64,65,18,1,0,2,0,0.6666666666666666,0.0,0.0,0.0
32,14,64,65,19,1,0,3,0,0.75,0.0,0.0,0.0
32,14,64,65,20,1,0,4,0,0.8,0.0,0.0,0.0
32,14,64,65,21,1,0,4,0,0.8,0.0,0.0,0.0
32,14,72,73,18,1,0,3,0,0.75,0.0,0.0,0.0
32,14,80,81,11,1,0,1,0,0.5,0.0,0.0,0.0
32,14,80,81,13,1,0,2,0,0.6666666666666666,0.0,0.0,0.0
32,14,80,81,14,1,0,2,0,0.6666666666666666,0.0,0.0,0.0
32,14,80,81,15,1,0,1,0,0.5,0.0,0.0,0.0
32,14,80,81,19,1,0,5,0,0.8333333333333334,0.0,0.0,0.0
32,14,88,89,11,1,0,3,0,0.75,0.0,0.0,0.0
32,14,88,89,13,1,0,4,0,0.8,0.0,0.0,0.0
32,14,88,89,15,1,0,4,0,0.8,0.0,0.0,0.0
32,14,88,89,19,1,0,5,0,0.8333333333333334,0.0,0.0,0.0
32,14,96,97,20,1,0,6,0,0.8571428571428571,0.0,0.0,0.0
32,14,104,105,21,2,0,6,0,1.5,0.0,0.0,0.0
32,14,104,105,22,2,0,5,0,1.4285714285714286,0.0,0.0,0.0
32,14,104,105,23,3,0,3,0,1.5,0.0,0.0,0.0
32,14,104,105,24,2,0,2,0,1.0,0.0,0.0,0.0
32,14,104,105,25,2,0,1,0,0.6666666666666666,0.0,0.0,0.0
32,14,112,113,21,1,0,7,0,0.875,0.0,0.0,0.0
32,14,112,113,22,3,0,5,0,1.875,0.0,0.0,0.0
32,14,112,113,23,2,0,4,0,1.3333333333333333,0.0,0.0,0.0
32,14,112,113,24,2,0,3,0,1.2,0.0,0.0,0.0
32,14,112,113,25,2,0,1,0,0.6666666666666666,0.0,0.0,0.0
32,14,120,121,22,1,0,8,0,0.8888888888888888,0.0,0.0,0.0
32,14,120,121,23,1,0,7,0,0.875,0.0,0.0,0.0
32,14,120,121,24,1,0,6,0,0.8571428571428571,0.0,0.0,0.0
32,14,120,121,25,1,0,4,0,0.8,0.0,0.0,0.0
32,14,120,121,26,1,0,1,0,0.5,0.0,0.0,0.0
32,14,136,137,5,2,0,1,0,0.6666666666666666,0.0,0.0,0.0
32,14,136,137,7,1,0,1,0,0.5,0.0,0.0,0.0
32,14,136,137,8,1,0,1,0,0.5,0.0,0.0,0.0
32,14,144,145,5,2,0,1,0,0.6666666666666666,0.0,0.0,0.0
32,14,144,145,6,1,0,2,0,0.6666666666666666,0.0,0.0,0.0
32,14,144,145,7,1,0,2,0,0.6666666666666666,0.0,0.0,0.0
32,14,152,153,5,2,0,1,0,0.6666666666666666,0.0,0.0,0.0
32,14,152,153,6,1,0,2,0,0.6666666666666666,0.0,0.0,0.0
32,14,152,153,7,1,0,2,0,0.6666666666666666,0.0,0.0,0.0
32,14,160,161,4,2,0,1,0,0.6666666666666666,0.0,0.0,0.0
32,14,160,161,5,1,0,3,0,0.75,0.0,0.0,0.0
32,14,160,161,7,1,0,2,0,0.6666666666666666,0.0,0.0,0.0
32,14,160,161,9,1,0,2,0,0.6666666666666666,0.0,0.0,0.0
32,14,160,161,10,1,0,3,0,0.75,0.0,0.0,0.0
32,14,160,161,11,1,0,4,0,0.8,0.0,0.0,0.0
32,14,160,161,12,1,0,5,0,0.8333333333333334,0.0,0.0,0.0
32,14,168,169,3,2,0,1,0,0.6666666666666666,0.0,0.0,0.0
32,14,168,169,4,1,0,3,0,0.75,0.0,0.0,0.0
32,14,168,169,6,1,0,3,0,0.75,0.0,0.0,0.0
32,14,168,169,7,1,0,3,0,0.75,0.0,0.0,0.0
32,14,168,169,9,1,0,6,1,0.8571428571428571,0.0,0.16666666666666666,-0.16666666666666666
32,14,168,169,11,1,0,9,0,0.9,0.0,0.0,0.0
32,14,168,169,15,2,0,8,0,1.6,0.0,0.0,0.0
32,14,168,169,16,2,0,5,0,1.4285714285714286,0.0,0.0,0.0
32,14,176,177,2,1,0,2,0,0.6666666666666666,0.0,0.0,0.0
32,14,176,177,3,1,0,3,0,0.75,0.0,0.0,0.0
32,14,176,177,5,1,0,4,0,0.8,0.0,0.0,0.0
32,15,144,145,7,2,0,1,0,0.6666666666666666,0.0,0.0,0.0
32,15,144,145,8,2,0,1,0,0.6666666666666666,0.0,0.0,0.0
32,15,144,145,9,1,0,1,0,0.5,0.0,0.0,0.0
32,15,152,153,4,2,0,3,0,1.2,0.0,0.0,0.0
32,15,152,153,6,1,0,5,0,0.8333333333333334,0.0,0.0,0.0
32,15,152,153,8,1,0,4,0,0.8,0.0,0.0,0.0
32,15,160,161,2,2,0,1,0,0.6666666666666666,0.0,0.0,0.0
32,15,168,169,1,1,0,1,0,0.5,0.0,0.0,0.0
32,15,168,169,9,1,0,4,0,0.8,0.0,0.0,0.0
32,15,168,169,11,2,1,2,0,1.0,0.5,0.0,0.5
32,15,176,177,1,1,0,1,0,0.5,0.0,0.0,0.0
32,15,176,177,5,1,0,6,0,0.8571428571428571,0.0,0.0,0.0
32,15,176,177,6,1,0,8,0,0.8888888888888888,0.0,0.0,0.0
32,15,176,177,7,1,0,8,0,0.8888888888888888,0.0,0.0,0.0
32,15,176,177,8,1,0,8,0,0.8888888888888888,0.0,0.0,0.0
32,15,176,177,9,1,0,7,0,0.875,0.0,0.0,0.0
32,15,176,177,10,1,0,6,0,0.8571428571428571,0.0,0.0,0.0
32,15,176,177,11,1,0,5,0,0.8333333333333334,0.0,0.0,0.0
32,15,184,185,2,1,0,3,0,0.75,0.0,0.0,0.0
32,15,184,185,4,1,0,5,0,0.8333333333333334,0.0,0.0,0.0
32,15,184,185,5,1,0,7,0,0.875,0.0,0.0,0.0
32,15,184,185,6,1,0,9,0,0.9,0.0,0.0,0.0
32,15,184,185,7,1,0,9,0,0.9,0.0,0.0,0.0
32,15,184,185,8,1,0,9,0,0.9,0.0,0.0,0.0
32,15,184,185,10,1,0,6,0,0.8571428571428571,0.0,0.0,0.0
32,15,184,185,11,1,0,5,0,0.8333333333333334,0.0,0.0,0.0
32,15,192,193,2,1,0,3,0,0.75,0.0,0.0,0.0
32,15,192,193,4,1,0,5,0,0.8333333333333334,0.0,0.0,0.0
32,15,192,193,5,1,0,7,0,0.875,0.0,0.0,0.0
32,15,192,193,6,1,0,9,0,0.9,0.0,0.0,0.0
32,15,192,193,7,1,0,9,0,0.9,0.0,0.0,0.0
32,15,192,193,8,1,0,9,0,0.9,0.0,0.0,0.0
32,15,192,193,9,1,0,8,0,0.8888888888888888,0.0,0.0,0.0
32,15,192,193,10,1,0,7,0,0.875,0.0,0.0,0.0
32,15,200,201,3,1,0,4,0,0.8,0.0,0.0,0.0
32,15,200,201,5,1,0,9,0,0.9,0.0,0.0,0.0
32,15,200,201,7,1,0,11,0,0.9166666666666666,0.0,0.0,0.0
32,15,200,201,8,1,0,10,0,0.9090909090909091,0.0,0.0,0.0
32,15,200,201,9,1,0,8,0,0.8888888888888888,0.0,0.0,0.0
32,15,200,201,10,1,0,7,0,0.875,0.0,0.0,0.0
32,16,8,9,9,6,3,1,0,0.8571428571428571,0.5,0.0,0.5
32,16,16,17,14,4,0,4,0,2.0,0.0,0.0,0.0
32,16,16,17,15,6,0,8,0,3.4285714285714284,0.0,0.0,0.0
32,16,24,25,19,9,8,2,0,1.6363636363636365,0.8888888888888888,0.0,0.8888888888888888
32,16,32,33,22,1,0,5,0,0.8333333333333334,0.0,0.0,0.0
32,16,32,33,23,1,1,6,0,0.8571428571428571,1.0,0.0,1.0
32,16,32,33,24,5,0,7,0,2.9166666666666665,0.0,0.0,0.0
32,16,32,33,25,2,0,10,0,1.6666666666666667,0.0,0.0,0.0
32,16,40,41,22,1,0,1,0,0.5,0.0,0.0,0.0
32,16,40,41,23,3,2,2,0,1.2,0.6666666666666666,0.0,0.6666666666666666
32,16,40,41,24,1,0,5,0,0.8333333333333334,0.0,0.0,0.0
32,16,40,41,25,2,2,5,0,1.4285714285714286,1.0,0.0,1.0
32,16,40,41,29,1,1,3,0,0.75,1.0,0.0,1.0
32,16,48,49,28,1,0,2,0,0.6666666666666666,0.0,0.0,0.0
32,16,48,49,29,1,0,2,0,0.6666666666666666,0.0,0.0,0.0
32,16,112,113,14,3,1,3,0,1.5,0.3333333333333333,0.0,0.3333333333333333
32,16,112,113,16,2,0,3,0,1.2,0.0,0.0,0.0
32,16,112,113,18,3,1,1,0,0.75,0.3333333333333333,0.0,0.3333333333333333
32,16,136,137,9,2,1,1,0,0.6666666666666666,0.5,0.0,0.5
32,16,136,137,11,2,0,4,0,1.3333333333333333,0.0,0.0,0.0
32,16,144,145,7,2,0,1,0,0.6666666666666666,0.0,0.0,0.0
32,16,144,145,8,1,0,4,0,0.8,0.0,0.0,0.0
32,16,144,145,9,1,0,5,0,0.8333333333333334,0.0,0.0,0.0
32,16,144,145,11,1,0,8,0,0.8888888888888888,0.0,0.0,0.0
32,16,144,145,13,3,0,6,0,2.0,0.0,0.0,0.0
32,16,152,153,8,1,0,4,0,0.8,0.0,0.0,0.0
32,16,152,153,14,2,0,7,0,1.5555555555555556,0.0,0.0,0.0
32,16,160,161,8,1,0,4,0,0.8,0.0,0.0,0.0
32,16,160,161,12,1,0,9,0,0.9,0.0,0.0,0.0
32,16,160,161,13,3,1,9,0,2.25,0.3333333333333333,0.0,0.3333333333333333
32,16,160,161,15,3,0,8,0,2.1818181818181817,0.0,0.0,0.0
32,16,160,161,16,1,0,9,0,0.9,0.0,0.0,0.0
32,16,160,161,17,2,0,8,0,1.6,0.0,0.0,0.0
32,16,160,161,18,2,0,5,0,1.4285714285714286,0.0,0.0,0.0
32,16,160,161,19,1,0,3,0,0.75,0.0,0.0,0.0
32,16,168,169,6,2,0,2,0,1.0,0.0,0.0,0.0
32,16,168,169,7,2,0,3,0,1.2,0.0,0.0,0.0
32,16,168,169,11,2,0,9,0,1.6363636363636365,0.0,0.0,0.0
32,16,168,169,15,2,0,12,0,1.7142857142857142,0.0,0.0,0.0
32,16,168,169,17,1,0,10,0,0.9090909090909091,0.0,0.0,0.0
32,16,176,177,5,1,0,3,0,0.75,0.0,0.0,0.0
32,16,176,177,6,2,0,4,0,1.3333333333333333,0.0,0.0,0.0
32,16,176,177,16,2,0,12,0,1.7142857142857142,0.0,0.0,0.0
32,16,184,185,4,3,0,1,0,0.75,0.0,0.0,0.0
32,16,184,185,5,2,0,3,0,1.2,0.0,0.0,0.0
32,16,184,185,6,1,0,5,0,0.8333333333333334,0.0,0.0,0.0
32,16,184,185,7,1,0,5,0,0.8333333333333334,0.0,0.0,0.0
32,16,184,185,16,1,0,13,0,0.9285714285714286,0.0,0.0,0.0
32,16,184,185,21,1,0,5,0,0.8333333333333334,0.0,0.0,0.0
32,16,184,185,23,1,0,4,0,0.8,0.0,0.0,0.0
32,16,184,185,25,1,0,5,0,0.8333333333333334,0.0,0.0,0.0
32,16,184,185,27,1,0,4,0,0.8,0.0,0.0,0.0
32,16,192,193,4,2,0,2,0,1.0,0.0,0.0,0.0
32,16,192,193,5,2,0,4,0,1.3333333333333333,0.0,0.0,0.0
32,16,192,193,6,1,0,6,0,0.8571428571428571,0.0,0.0,0.0
32,16,192,193,16,1,0,13,0,0.9285714285714286,0.0,0.0,0.0
32,16,200,201,3,3,0,1,0,0.75,0.0,0.0,0.0
32,16,200,201,4,1,0,4,0,0.8,0.0,0.0,0.0
32,16,200,201,5,1,0,5,0,0.8333333333333334,0.0,0.0,0.0
32,16,200,201,6,1,0,6,0,0.8571428571428571,0.0,0.0,0.0
32,16,200,201,17,1,0,12,0,0.9230769230769231,0.0,0.0,0.0
32,16,208,209,3,3,0,1,0,0.75,0.0,0.0,0.0
32,16,208,209,4,1,0,4,0,0.8,0.0,0.0,0.0
32,16,208,209,5,1,0,5,0,0.8333333333333334,0.0,0.0,0.0
32,16,208,209,6,1,0,6,0,0.8571428571428571,0.0,0.0,0.0
32,16,208,209,17,1,0,12,0,0.9230769230769231,0.0,0.0,0.0
32,16,216,217,2,4,0,1,0,0.8,0.0,0.0,0.0
32,16,216,217,3,1,0,4,0,0.8,0.0,0.0,0.0
32,16,216,217,4,1,0,5,0,0.8333333333333334,0.0,0.0,0.0
32,16,216,217,5,1,0,6,0,0.8571428571428571,0.0,0.0,0.0
32,16,216,217,17,1,0,12,0,0.9230769230769231,0.0,0.0,0.0
32,16,216,217,18,1,0,9,0,0.9,0.0,0.0,0.0
32,16,224,225,2,4,0,3,0,1.7142857142857142,0.0,0.0,0.0
32,16,224,225,3,1,0,4,0,0.8,0.0,0.0,0.0
32,16,224,225,4,1,0,5,0,0.8333333333333334,0.0,0.0,0.0
32,16,224,225,5,1,0,6,0,0.8571428571428571,0.0,0.0,0.0
32,16,224,225,17,1,0,12,0,0.9230769230769231,0.0,0.0,0.0
32,16,224,225,18,1,0,9,0,0.9,0.0,0.0,0.0
32,16,224,225,19,1,0,8,0,0.8888888888888888,0.0,0.0,0.0
32,16,224,225,20,1,0,7,0,0.875,0.0,0.0,0.0
32,16,224,225,21,1,0,6,0,0.8571428571428571,0.0,0.0,0.0
32,16,232,233,2,3,0,4,0,1.7142857142857142,0.0,0.0,0.0
32,16,232,233,3,1,0,5,0,0.8333333333333334,0.0,0.0,0.0
32,16,232,233,4,2,0,5,0,1.4285714285714286,0.0,0.0,0.0
32,16,232,233,17,1,0,12,0,0.9230769230769231,0.0,0.0,0.0
32,16,232,233,18,1,0,9,0,0.9,0.0,0.0,0.0
32,16,232,233,19,1,0,8,0,0.8888888888888888,0.0,0.0,0.0
32,16,232,233,20,1,0,7,0,0.875,0.0,0.0,0.0
32,16,232,233,21,1,0,6,0,0.8571428571428571,0.0,0.0,0.0
32,16,232,233,22,1,0,5,0,0.8333333333333334,0.0,0.0,0.0
32,16,232,233,23,1,0,6,0,0.8571428571428571,0.0,0.0,0.0
32,16,240,241,2,1,0,6,0,0.8571428571428571,0.0,0.0,0.0
32,16,240,241,3,1,0,6,0,0.8571428571428571,0.0,0.0,0.0
32,16,240,241,4,1,0,6,0,0.8571428571428571,0.0,0.0,0.0
32,16,240,241,18,2,0,9,0,1.6363636363636365,0.0,0.0,0.0
32,16,240,241,19,1,0,8,0,0.8888888888888888,0.0,0.0,0.0
32,16,240,241,20,1,0,7,0,0.875,0.0,0.0,0.0
32,16,240,241,21,1,0,6,0,0.8571428571428571,0.0,0.0,0.0
32,16,240,241,22,1,0,5,0,0.8333333333333334,0.0,0.0,0.0
32,16,240,241,23,1,0,6,0,0.8571428571428571,0.0,0.0,0.0
32,16,248,249,2,1,0,6,0,0.8571428571428571,0.0,0.0,0.0
32,16,248,249,3,1,0,6,0,0.8571428571428571,0.0,0.0,0.0
32,16,248,249,4,1,0,6,0,0.8571428571428571,0.0,0.0,0.0
32,16,248,249,18,1,0,10,0,0.9090909090909091,0.0,0.0,0.0
32,16,248,249,19,2,0,8,0,1.6,0.0,0.0,0.0
32,16,248,249,20,1,0,7,0,0.875,0.0,0.0,0.0
32,16,248,249,21,1,0,6,0,0.8571428571428571,0.0,0.0,0.0
32,16,248,249,22,1,0,5,0,0.8333333333333334,0.0,0.0,0.0
32,16,248,249,23,1,0,6,0,0.8571428571428571,0.0,0.0,0.0
32,16,248,249,24,1,0,7,0,0.875,0.0,0.0,0.0
32,17,8,9,9,9,9,2,0,1.6363636363636365,1.0,0.0,1.0
32,17,16,17,4,2,0,7,0,1.5555555555555556,0.0,0.0,0.0
32,17,16,17,6,1,0,3,0,0.75,0.0,0.0,0.0
32,17,16,17,14,4,2,1,0,0.8,0.5,0.0,0.5
32,17,16,17,15,6,0,5,0,2.727272727272727,0.0,0.0,0.0
32,17,24,25,8,4,0,5,0,2.2222222222222223,0.0,0.0,0.0
32,17,24,25,9,2,0,6,0,1.5,0.0,0.0,0.0
32,17,24,25,10,2,0,5,0,1.4285714285714286,0.0,0.0,0.0
32,17,24,25,11,1,0,5,0,0.8333333333333334,0.0,0.0,0.0
32,17,24,25,17,5,3,1,0,0.8333333333333334,0.6,0.0,0.6
32,17,24,25,19,1,1,8,0,0.8888888888888888,1.0,0.0,1.0
32,17,32,33,12,1,0,15,0,0.9375,0.0,0.0,0.0
32,17,32,33,14,6,0,6,0,3.0,0.0,0.0,0.0
32,17,32,33,22,1,0,3,0,0.75,0.0,0.0,0.0
32,17,40,41,14,1,0,12,0,0.9230769230769231,0.0,0.0,0.0
32,17,40,41,26,1,0,1,0,0.5,0.0,0.0,0.0
32,17,40,41,27,5,4,1,0,0.8333333333333334,0.8,0.0,0.8
32,17,48,49,15,2,0,9,0,1.6363636363636365,0.0,0.0,0.0
32,17,48,49,16,2,0,7,0,1.5555555555555556,0.0,0.0,0.0
32,17,48,49,17,2,0,5,0,1.4285714285714286,0.0,0.0,0.0
32,17,48,49,18,2,0,3,0,1.2,0.0,0.0,0.0
32,17,48,49,19,2,0,2,0,1.0,0.0,0.0,0.0
32,17,56,57,18,2,0,7,0,1.5555555555555556,0.0,0.0,0.0
32,17,56,57,20,2,0,4,0,1.3333333333333333,0.0,0.0,0.0
32,17,56,57,21,1,0,3,0,0.75,0.0,0.0,0.0
32,17,64,65,24,1,0,4,0,0.8,0.0,0.0,0.0
32,17,64,65,26,2,0,3,0,1.2,0.0,0.0,0.0
32,17,64,65,28,3,0,2,0,1.2,0.0,0.0,0.0
32,17,64,65,29,1,0,1,0,0.5,0.0,0.0,0.0
32,18,16,17,14,6,1,2,0,1.5,0.16666666666666666,0.0,0.16666666666666666
32,18,16,17,15,5,0,7,0,2.9166666666666665,0.0,0.0,0.0
32,18,24,25,14,3,0,3,0,1.5,0.0,0.0,0.0
32,18,32,33,2,3,0,2,0,1.2,0.0,0.0,0.0
32,18,32,33,4,2,0,4,0,1.3333333333333333,0.0,0.0,0.0
32,18,32,33,5,1,0,5,0,0.8333333333333334,0.0,0.0,0.0
32,18,40,41,6,1,0,5,0,0.8333333333333334,0.0,0.0,0.0
32,18,48,49,6,1,0,5,0,0.8333333333333334,0.0,0.0,0.0
32,18,56,57,8,2,0,3,0,1.2,0.0,0.0,0.0
32,18,56,57,9,2,0,4,0,1.3333333333333333,0.0,0.0,0.0
32,18,56,57,10,3,0,5,0,1.875,0.0,0.0,0.0
32,18,56,57,12,3,0,6,0,2.0,0.0,0.0,0.0
32,18,64,65,8,2,0,3,0,1.2,0.0,0.0,0.0
32,18,64,65,9,2,0,4,0,1.3333333333333333,0.0,0.0,0.0
32,18,64,65,10,2,0,6,0,1.5,0.0,0.0,0.0
32,18,64,65,11,2,0,7,0,1.5555555555555556,0.0,0.0,0.0
32,18,64,65,12,2,0,7,0,1.5555555555555556,0.0,0.0,0.0
32,18,64,65,13,2,0,7,0,1.5555555555555556,0.0,0.0,0.0
32,18,64,65,14,2,0,7,0,1.5555555555555556,0.0,0.0,0.0
32,18,64,65,15,2,0,6,0,1.5,0.0,0.0,0.0
32,19,8,9,9,5,5,1,0,0.8333333333333334,1.0,0.0,1.0
32,19,16,17,15,1,0,1,0,0.5,0.0,0.0,0.0
32,19,176,177,3,1,0,1,0,0.5,0.0,0.0,0.0
32,19,176,177,4,1,0,2,0,0.6666666666666666,0.0,0.0,0.0
32,19,176,177,5,2,0,3,0,1.2,0.0,0.0,0.0
32,19,176,177,6,1,0,4,0,0.8,0.0,0.0,0.0
32,19,176,177,7,2,0,1,0,0.6666666666666666,0.0,0.0,0.0
32,19,184,185,2,2,0,2,0,1.0,0.0,0.0,0.0
32,19,184,185,4,2,0,4,0,1.3333333333333333,0.0,0.0,0.0
32,19,192,193,3,1,0,5,0,0.8333333333333334,0.0,0.0,0.0
32,19,200,201,3,1,0,5,0,0.8333333333333334,0.0,0.0,0.0
32,19,208,209,3,1,0,5,0,0.8333333333333334,0.0,0.0,0.0
32,19,216,217,4,1,0,6,0,0.8571428571428571,0.0,0.0,0.0
32,19,224,225,4,1,0,6,0,0.8571428571428571,0.0,0.0,0.0
32,19,232,233,4,1,0,6,0,0.8571428571428571,0.0,0.0,0.0
32,19,240,241,4,1,0,6,0,0.8571428571428571,0.0,0.0,0.0
32,19,248,249,4,1,0,6,0,0.8571428571428571,0.0,0.0,0.0
32,20,16,17,14,1,0,4,0,0.8,0.0,0.0,0.0
32,20,16,17,15,7,4,4,0,2.5454545454545454,0.5714285714285714,0.0,0.5714285714285714
32,20,24,25,11,2,0,2,0,1.0,0.0,0.0,0.0
32,20,24,25,17,1,1,4,0,0.8,1.0,0.0,1.0
32,20,24,25,19,4,4,6,0,2.4,1.0,0.0,1.0
32,20,32,33,9,1,0,2,0,0.6666666666666666,0.0,0.0,0.0
32,20,32,33,21,1,0,5,0,0.8333333333333334,0.0,0.0,0.0
32,20,32,33,22,1,0,6,0,0.8571428571428571,0.0,0.0,0.0
32,20,32,33,23,5,2,6,0,2.727272727272727,0.4,0.0,0.4
32,20,32,33,24,2,1,10,0,1.6666666666666667,0.5,0.0,0.5
32,20,32,33,25,5,3,12,0,3.5294117647058822,0.6,0.0,0.6
32,20,40,41,11,2,0,4,0,1.3333333333333333,0.0,0.0,0.0
32,20,40,41,12,1,0,5,0,0.8333333333333334,0.0,0.0,0.0
32,20,40,41,13,1,0,6,0,0.8571428571428571,0.0,0.0,0.0
32,20,40,41,14,1,0,6,0,0.8571428571428571,0.0,0.0,0.0
32,20,40,41,26,2,0,3,0,1.2,0.0,0.0,0.0
32,20,40,41,27,7,6,2,0,1.5555555555555556,0.8571428571428571,0.0,0.8571428571428571
32,20,40,41,29,5,3,9,0,3.2142857142857144,0.6,0.0,0.6
32,20,48,49,1,2,0,1,0,0.6666666666666666,0.0,0.0,0.0
32,20,48,49,2,2,0,2,0,1.0,0.0,0.0,0.0
32,20,48,49,3,1,0,2,0,0.6666666666666666,0.0,0.0,0.0
32,20,48,49,4,1,0,1,0,0.5,0.0,0.0,0.0
32,20,48,49,5,1,0,1,0,0.5,0.0,0.0,0.0
32,20,48,49,11,1,0,5,0,0.8333333333333334,0.0,0.0,0.0
32,20,48,49,13,2,0,7,0,1.5555555555555556,0.0,0.0,0.0
32,20,48,49,14,1,0,7,0,0.875,0.0,0.0,0.0
32,20,48,49,15,1,0,6,0,0.8571428571428571,0.0,0.0,0.0
32,20,48,49,35,3,0,2,0,1.2,0.0,0.0,0.0
32,20,56,57,1,1,0,3,0,0.75,0.0,0.0,0.0
32,20,56,57,2,2,0,4,0,1.3333333333333333,0.0,0.0,0.0
32,20,56,57,3,2,0,3,0,1.2,0.0,0.0,0.0
32,20,56,57,4,1,0,2,0,0.6666666666666666,0.0,0.0,0.0
32,20,56,57,5,1,0,2,0,0.6666666666666666,0.0,0.0,0.0
32,20,56,57,6,1,0,1,0,0.5,0.0,0.0,0.0
32,20,56,57,13,1,0,9,0,0.9,0.0,0.0,0.0
32,20,56,57,15,2,0,8,0,1.6,0.0,0.0,0.0
32,20,56,57,16,1,0,6,0,0.8571428571428571,0.0,0.0,0.0
32,20,56,57,17,2,0,4,0,1.3333333333333333,0.0,0.0,0.0
32,20,64,65,3,1,0,7,0,0.875,0.0,0.0,0.0
32,20,64,65,5,5,0,4,0,2.2222222222222223,0.0,0.0,0.0
32,20,64,65,6,1,0,3,0,0.75,0.0,0.0,0.0
32,20,64,65,7,2,0,1,0,0.6666666666666666,0.0,0.0,0.0
32,20,64,65,15,1,0,10,0,0.9090909090909091,0.0,0.0,0.0
32,20,64,65,17,1,0,7,0,0.875,0.0,0.0,0.0
32,20,72,73,17,2,0,7,0,1.5555555555555556,0.0,0.0,0.0
32,20,80,81,17,1,0,8,0,0.8888888888888888,0.0,0.0,0.0
32,20,80,81,18,1,0,7,0,0.875,0.0,0.0,0.0
32,20,80,81,19,1,0,5,0,0.8333333333333334,0.0,0.0,0.0
32,20,80,81,20,1,0,5,0,0.8333333333333334,0.0,0.0,0.0
32,20,80,81,21,2,0,5,0,1.4285714285714286,0.0,0.0,0.0
32,20,88,89,18,1,0,8,0,0.8888888888888888,0.0,0.0,0.0
32,20,88,89,19,2,0,5,0,1.4285714285714286,0.0,0.0,0.0
32,20,88,89,20,1,0,5,0,0.8333333333333334,0.0,0.0,0.0
32,20,88,89,21,1,0,6,0,0.8571428571428571,0.0,0.0,0.0
32,20,88,89,22,1,0,7,0,0.875,0.0,0.0,0.0
32,20,88,89,23,1,0,6,0,0.8571428571428571,0.0,0.0,0.0
32,20,96,97,18,1,0,8,0,0.8888888888888888,0.0,0.0,0.0
32,20,96,97,19,2,0,7,0,1.5555555555555556,0.0,0.0,0.0
32,20,96,97,20,3,0,7,0,2.1,0.0,0.0,0.0
32,20,96,97,21,3,0,7,0,2.1,0.0,0.0,0.0
32,20,96,97,22,3,1,8,0,2.1818181818181817,0.3333333333333333,0.0,0.3333333333333333
32,20,96,97,23,1,0,7,0,0.875,0.0,0.0,0.0
32,20,96,97,24,1,0,6,0,0.8571428571428571,0.0,0.0,0.0
32,20,96,97,27,1,0,1,0,0.5,0.0,0.0,0.0
32,20,96,97,30,2,0,2,0,1.0,0.0,0.0,0.0
32,20,96,97,31,1,0,2,0,0.6666666666666666,0.0,0.0,0.0
32,20,104,105,18,1,0,8,0,0.8888888888888888,0.0,0.0,0.0
32,20,104,105,20,2,0,10,0,1.6666666666666667,0.0,0.0,0.0
32,20,104,105,21,2,0,13,0,1.7333333333333334,0.0,0.0,0.0
32,20,104,105,22,2,0,14,0,1.75,0.0,0.0,0.0
32,20,104,105,23,2,0,14,0,1.75,0.0,0.0,0.0
32,20,104,105,24,3,0,12,0,2.4,0.0,0.0,0.0
32,20,104,105,25,3,0,12,0,2.4,0.0,0.0,0.0
32,20,104,105,26,3,0,9,0,2.25,0.0,0.0,0.0
32,20,104,105,32,2,0,5,0,1.4285714285714286,0.0,0.0,0.0
32,20,112,113,22,1,0,16,0,0.9411764705882353,0.0,0.0,0.0
32,20,112,113,24,3,0,12,0,2.4,0.0,0.0,0.0
32,20,112,113,25,2,0,13,0,1.7333333333333334,0.0,0.0,0.0
32,20,112,113,26,2,0,12,0,1.7142857142857142,0.0,0.0,0.0
32,20,120,121,25,1,0,16,0,0.9411764705882353,0.0,0.0,0.0
32,20,128,129,25,1,0,16,0,0.9411764705882353,0.0,0.0,0.0
32,20,136,137,25,1,0,16,0,0.9411764705882353,0.0,0.0,0.0
32,20,144,145,25,1,0,16,0,0.9411764705882353,0.0,0.0,0.0
32,20,152,153,25,1,0,16,0,0.9411764705882353,0.0,0.0,0.0
32,20,160,161,26,1,0,14,0,0.9333333333333333,0.0,0.0,0.0
32,20,168,169,26,1,0,14,0,0.9333333333333333,0.0,0.0,0.0
32,20,176,177,26,1,0,14,0,0.9333333333333333,0.0,0.0,0.0
32,20,176,177,27,1,0,10,0,0.9090909090909091,0.0,0.0,0.0
32,20,184,185,27,2,0,11,0,1.6923076923076923,0.0,0.0,0.0
32,20,184,185,28,2,0,9,0,1.6363636363636365,0.0,0.0,0.0
32,20,184,185,29,2,0,9,0,1.6363636363636365,0.0,0.0,0.0
32,20,184,185,30,3,0,8,0,2.1818181818181817,0.0,0.0,0.0
32,20,192,193,27,2,0,11,0,1.6923076923076923,0.0,0.0,0.0
32,20,192,193,28,2,0,9,0,1.6363636363636365,0.0,0.0,0.0
32,20,192,193,29,2,0,9,0,1.6363636363636365,0.0,0.0,0.0
32,20,192,193,30,2,0,9,0,1.6363636363636365,0.0,0.0,0.0
32,20,192,193,31,2,0,9,0,1.6363636363636365,0.0,0.0,0.0
32,20,192,193,32,3,0,7,0,2.1,0.0,0.0,0.0
32,20,192,193,33,1,0,5,0,0.8333333333333334,0.0,0.0,0.0
32,20,200,201,27,1,0,12,0,0.9230769230769231,0.0,0.0,0.0
32,20,200,201,28,1,0,11,0,0.9166666666666666,0.0,0.0,0.0
32,20,200,201,29,1,0,11,0,0.9166666666666666,0.0,0.0,0.0
32,20,200,201,30,1,0,11,0,0.9166666666666666,0.0,0.0,0.0
32,20,200,201,31,1,0,11,0,0.9166666666666666,0.0,0.0,0.0
32,20,200,201,32,1,0,10,0,0.9090909090909091,0.0,0.0,0.0
32,20,200,201,33,3,0,6,0,2.0,0.0,0.0,0.0
32,20,200,201,34,1,0,4,0,0.8,0.0,0.0,0.0
32,20,200,201,35,1,0,2,0,0.6666666666666666,0.0,0.0,0.0
32,20,208,209,28,1,0,12,0,0.9230769230769231,0.0,0.0,0.0
32,20,208,209,29,1,0,12,0,0.9230769230769231,0.0,0.0,0.0
32,20,208,209,31,1,0,13,0,0.9285714285714286,0.0,0.0,0.0
32,20,208,209,34,3,1,5,0,1.875,0.3333333333333333,0.0,0.3333333333333333
32,21,8,9,9,9,6,1,0,0.9,0.6666666666666666,0.0,0.6666666666666666
32,21,16,17,14,4,0,6,0,2.4,0.0,0.0,0.0
32,21,16,17,15,8,0,8,0,4.0,0.0,0.0,0.0
32,21,24,25,17,5,4,1,0,0.8333333333333334,0.8,0.0,0.8
32,21,24,25,18,1,0,6,0,0.8571428571428571,0.0,0.0,0.0
32,21,24,25,19,4,4,6,0,2.4,1.0,0.0,1.0
32,21,32,33,2,2,0,5,0,1.4285714285714286,0.0,0.0,0.0
32,21,32,33,4,3,0,7,0,2.1,0.0,0.0,0.0
32,21,32,33,6,1,0,7,0,0.875,0.0,0.0,0.0
32,21,32,33,10,1,0,1,0,0.5,0.0,0.0,0.0
32,21,32,33,22,1,0,1,0,0.5,0.0,0.0,0.0
32,21,32,33,23,1,1,1,0,0.5,1.0,0.0,1.0
32,21,32,33,25,7,6,1,0,0.875,0.8571428571428571,0.0,0.8571428571428571
32,21,40,41,5,1,0,9,0,0.9,0.0,0.0,0.0
32,21,40,41,9,2,0,4,0,1.3333333333333333,0.0,0.0,0.0
32,21,40,41,10,3,0,2,0,1.2,0.0,0.0,0.0
32,21,48,49,7,1,0,9,0,0.9,0.0,0.0,0.0
32,21,48,49,8,2,0,6,0,1.5,0.0,0.0,0.0
32,21,48,49,9,1,0,6,0,0.8571428571428571,0.0,0.0,0.0
32,21,48,49,10,1,1,7,0,0.875,1.0,0.0,1.0
32,21,48,49,12,1,0,10,0,0.9090909090909091,0.0,0.0,0.0
32,21,48,49,13,1,0,10,0,0.9090909090909091,0.0,0.0,0.0
32,21,48,49,14,3,0,8,0,2.1818181818181817,0.0,0.0,0.0
32,21,48,49,15,3,0,6,0,2.0,0.0,0.0,0.0
32,21,48,49,16,4,0,2,0,1.3333333333333333,0.0,0.0,0.0
32,21,48,49,17,1,0,1,0,0.5,0.0,0.0,0.0
32,21,48,49,22,2,0,1,0,0.6666666666666666,0.0,0.0,0.0
32,21,48,49,24,2,0,2,0,1.0,0.0,0.0,0.0
32,21,48,49,26,3,0,1,0,0.75,0.0,0.0,0.0
32,21,56,57,8,1,0,8,0,0.8888888888888888,0.0,0.0,0.0
32,21,56,57,10,1,0,9,0,0.9,0.0,0.0,0.0
32,21,56,57,11,1,0,9,0,0.9,0.0,0.0,0.0
32,21,56,57,12,1,0,11,0,0.9166666666666666,0.0,0.0,0.0
32,21,56,57,14,2,0,11,0,1.6923076923076923,0.0,0.0,0.0
32,21,56,57,16,1,0,9,0,0.9,0.0,0.0,0.0
32,21,56,57,17,1,0,6,0,0.8571428571428571,0.0,0.0,0.0
32,21,56,57,18,3,0,1,0,0.75,0.0,0.0,0.0
32,21,56,57,24,1,0,6,0,0.8571428571428571,0.0,0.0,0.0
32,21,56,57,25,1,0,6,0,0.8571428571428571,0.0,0.0,0.0
32,21,56,57,26,1,0,5,0,0.8333333333333334,0.0,0.0,0.0
32,21,56,57,28,1,0,4,0,0.8,0.0,0.0,0.0
32,21,56,57,29,1,0,3,0,0.75,0.0,0.0,0.0
32,21,56,57,30,1,0,2,0,0.6666666666666666,0.0,0.0,0.0
32,21,56,57,37,3,1,1,0,0.75,0.3333333333333333,0.0,0.3333333333333333
32,21,56,57,38,1,0,4,0,0.8,0.0,0.0,0.0
32,21,56,57,39,2,0,7,0,1.5555555555555556,0.0,0.0,0.0
32,21,56,57,40,2,0,9,0,1.6363636363636365,0.0,0.0,0.0
32,21,56,57,41,2,0,11,0,1.6923076923076923,0.0,0.0,0.0
32,21,64,65,13,1,0,15,0,0.9375,0.0,0.0,0.0
32,21,64,65,33,1,0,1,0,0.5,0.0,0.0,0.0
32,21,64,65,38,2,0,1,0,0.6666666666666666,0.0,0.0,0.0
32,21,64,65,39,2,1,5,0,1.4285714285714286,0.5,0.0,0.5
32,21,64,65,40,1,0,8,0,0.8888888888888888,0.0,0.0,0.0
32,21,64,65,41,1,0,10,0,0.9090909090909091,0.0,0.0,0.0
32,21,64,65,42,1,0,11,0,0.9166666666666666,0.0,0.0,0.0
32,21,72,73,15,1,0,15,0,0.9375,0.0,0.0,0.0
32,21,72,73,40,2,0,2,0,1.0,0.0,0.0,0.0
32,21,72,73,41,5,4,3,0,1.875,0.8,0.0,0.8
32,21,72,73,42,1,0,8,0,0.8888888888888888,0.0,0.0,0.0
32,21,72,73,43,2,2,9,1,1.6363636363636365,1.0,0.1111111111111111,0.8888888888888888
32,21,72,73,44,1,0,9,0,0.9,0.0,0.0,0.0
32,21,80,81,15,1,0,15,0,0.9375,0.0,0.0,0.0
32,21,80,81,16,1,0,13,0,0.9285714285714286,0.0,0.0,0.0
32,21,80,81,17,1,0,11,0,0.9166666666666666,0.0,0.0,0.0
32,21,80,81,18,1,0,7,0,0.875,0.0,0.0,0.0
32,21,80,81,19,1,0,6,0,0.8571428571428571,0.0,0.0,0.0
32,21,80,81,35,1,0,1,0,0.5,0.0,0.0,0.0
32,21,88,89,16,1,0,14,0,0.9333333333333333,0.0,0.0,0.0
32,21,88,89,17,1,0,12,0,0.9230769230769231,0.0,0.0,0.0
32,21,88,89,18,1,0,8,0,0.8888888888888888,0.0,0.0,0.0
32,21,88,89,19,1,0,7,0,0.875,0.0,0.0,0.0
32,21,88,89,20,2,0,6,0,1.5,0.0,0.0,0.0
32,21,88,89,35,1,0,2,0,0.6666666666666666,0.0,0.0,0.0
32,21,88,89,36,2,0,1,0,0.6666666666666666,0.0,0.0,0.0
32,21,88,89,37,1,0,2,0,0.6666666666666666,0.0,0.0,0.0
32,21,88,89,38,1,0,2,0,0.6666666666666666,0.0,0.0,0.0
32,21,88,89,39,1,0,2,0,0.6666666666666666,0.0,0.0,0.0
32,21,88,89,40,1,0,2,0,0.6666666666666666,0.0,0.0,0.0
32,21,88,89,41,1,0,1,0,0.5,0.0,0.0,0.0
32,21,96,97,17,1,0,13,0,0.9285714285714286,0.0,0.0,0.0
32,21,96,97,18,2,0,8,0,1.6,0.0,0.0,0.0
32,21,96,97,19,1,0,7,0,0.875,0.0,0.0,0.0
32,21,96,97,20,1,0,7,0,0.875,0.0,0.0,0.0
32,21,96,97,21,1,0,6,0,0.8571428571428571,0.0,0.0,0.0
32,21,96,97,36,1,0,3,0,0.75,0.0,0.0,0.0
32,21,96,97,37,1,0,4,0,0.8,0.0,0.0,0.0
32,21,96,97,38,2,0,3,0,1.2,0.0,0.0,0.0
32,21,96,97,39,1,0,4,0,0.8,0.0,0.0,0.0
32,21,96,97,40,5,0,2,0,1.4285714285714286,0.0,0.0,0.0
32,21,104,105,20,2,0,8,0,1.6,0.0,0.0,0.0
32,21,104,105,21,1,0,7,0,0.875,0.0,0.0,0.0
32,21,104,105,22,1,0,6,0,0.8571428571428571,0.0,0.0,0.0
32,21,104,105,38,1,0,6,0,0.8571428571428571,0.0,0.0,0.0
32,21,104,105,39,1,0,8,0,0.8888888888888888,0.0,0.0,0.0
32,21,104,105,40,2,0,8,0,1.6,0.0,0.0,0.0
32,21,104,105,42,3,0,6,0,2.0,0.0,0.0,0.0
32,21,104,105,43,1,0,6,0,0.8571428571428571,0.0,0.0,0.0
32,21,104,105,44,1,0,5,0,0.8333333333333334,0.0,0.0,0.0
32,21,104,105,46,2,0,1,0,0.6666666666666666,0.0,0.0,0.0
32,22,16,17,11,1,0,4,0,0.8,0.0,0.0,0.0
32,22,16,17,12,1,0,5,0,0.8333333333333334,0.0,0.0,0.0
32,22,16,17,13,3,1,7,0,2.1,0.3333333333333333,0.0,0.3333333333333333
32,22,16,17,14,2,0,10,0,1.6666666666666667,0.0,0.0,0.0
32,22,16,17,15,6,0,10,0,3.75,0.0,0.0,0.0
32,22,24,25,4,2,0,1,0,0.6666666666666666,0.0,0.0,0.0
32,22,24,25,5,1,0,3,0,0.75,0.0,0.0,0.0
32,22,24,25,6,2,0,3,0,1.2,0.0,0.0,0.0
32,22,24,25,9,1,0,7,0,0.875,0.0,0.0,0.0
32,22,24,25,10,1,0,9,0,0.9,0.0,0.0,0.0
32,22,24,25,12,3,0,11,0,2.357142857142857,0.0,0.0,0.0
32,22,24,25,13,6,0,7,0,3.230769230769231,0.0,0.0,0.0
32,22,24,25,14,2,0,5,0,1.4285714285714286,0.0,0.0,0.0
32,22,24,25,15,3,2,3,0,1.5,0.6666666666666666,0.0,0.6666666666666666
32,22,24,25,16,1,0,4,0,0.8,0.0,0.0,0.0
32,22,24,25,17,3,2,4,0,1.7142857142857142,0.6666666666666666,0.0,0.6666666666666666
32,22,24,25,19,2,2,8,0,1.6,1.0,0.0,1.0
32,22,32,33,5,1,0,7,0,0.875,0.0,0.0,0.0
32,22,32,33,18,5,0,1,0,0.8333333333333334,0.0,0.0,0.0
32,22,32,33,19,1,0,3,0,0.75,0.0,0.0,0.0
32,22,32,33,20,1,0,4,0,0.8,0.0,0.0,0.0
32,22,32,33,21,2,2,6,0,1.5,1.0,0.0,1.0
32,22,40,41,7,1,0,6,0,0.8571428571428571,0.0,0.0,0.0
32,22,40,41,19,1,0,7,0,0.875,0.0,0.0,0.0
32,22,40,41,21,1,0,7,0,0.875,0.0,0.0,0.0
32,22,40,41,22,1,0,8,0,0.8888888888888888,0.0,0.0,0.0
32,22,40,41,23,2,0,7,0,1.5555555555555556,0.0,0.0,0.0
32,22,40,41,24,2,0,11,0,1.6923076923076923,0.0,0.0,0.0
32,22,40,41,25,5,3,12,0,3.5294117647058822,0.6,0.0,0.6
32,22,48,49,8,1,0,8,0,0.8888888888888888,0.0,0.0,0.0
32,22,48,49,9,1,0,9,0,0.9,0.0,0.0,0.0
32,22,48,49,10,2,0,11,0,1.6923076923076923,0.0,0.0,0.0
32,22,48,49,11,1,0,13,0,0.9285714285714286,0.0,0.0,0.0
32,22,48,49,12,1,0,14,0,0.9333333333333333,0.0,0.0,0.0
32,22,48,49,13,1,0,15,0,0.9375,0.0,0.0,0.0
32,22,48,49,19,1,0,8,0,0.8888888888888888,0.0,0.0,0.0
32,22,48,49,20,1,0,8,0,0.8888888888888888,0.0,0.0,0.0
32,22,48,49,24,4,0,12,0,3.0,0.0,0.0,0.0
32,22,48,49,26,7,0,9,0,3.9375,0.0,0.0,0.0
32,22,48,49,29,4,4,10,0,2.857142857142857,1.0,0.0,1.0
32,22,48,49,30,1,0,12,0,0.9230769230769231,0.0,0.0,0.0
32,22,48,49,31,4,2,10,0,2.857142857142857,0.5,0.0,0.5
32,22,56,57,9,1,0,10,0,0.9090909090909091,0.0,0.0,0.0
32,22,56,57,10,1,0,13,0,0.9285714285714286,0.0,0.0,0.0
32,22,56,57,11,1,0,15,0,0.9375,0.0,0.0,0.0
32,22,56,57,12,1,0,16,0,0.9411764705882353,0.0,0.0,0.0
32,22,56,57,14,1,0,15,0,0.9375,0.0,0.0,0.0
32,22,56,57,16,1,0,9,0,0.9,0.0,0.0,0.0
32,22,56,57,17,1,0,8,0,0.8888888888888888,0.0,0.0,0.0
32,22,56,57,18,2,0,7,0,1.5555555555555556,0.0,0.0,0.0
32,22,56,57,31,2,0,12,0,1.7142857142857142,0.0,0.0,0.0
32,22,56,57,32,2,0,11,0,1.6923076923076923,0.0,0.0,0.0
32,22,56,57,33,3,0,9,0,2.25,0.0,0.0,0.0
32,22,56,57,34,4,0,4,0,2.0,0.0,0.0,0.0
32,22,56,57,35,1,1,3,0,0.75,1.0,0.0,1.0
32,22,56,57,37,4,3,1,0,0.8,0.75,0.0,0.75
32,23,16,17,14,3,0,6,0,2.0,0.0,0.0,0.0
32,23,16,17,15,2,0,11,0,1.6923076923076923,0.0,0.0,0.0
32,23,24,25,10,2,0,3,0,1.2,0.0,0.0,0.0
32,23,24,25,11,1,0,5,0,0.8333333333333334,0.0,0.0,0.0
32,23,24,25,12,1,0,5,0,0.8333333333333334,0.0,0.0,0.0
32,23,24,25,16,1,0,1,0,0.5,0.0,0.0,0.0
32,23,24,25,17,1,1,1,0,0.5,1.0,0.0,1.0
32,23,24,25,18,2,0,2,0,1.0,0.0,0.0,0.0
32,23,24,25,19,5,4,3,0,1.875,0.8,0.0,0.8
32,23,32,33,11,1,0,7,0,0.875,0.0,0.0,0.0
32,23,32,33,23,1,1,1,0,0.5,1.0,0.0,1.0
32,23,40,41,12,1,0,6,0,0.8571428571428571,0.0,0.0,0.0
32,23,40,41,13,1,0,4,0,0.8,0.0,0.0,0.0
32,23,40,41,14,1,0,3,0,0.75,0.0,0.0,0.0
32,23,40,41,25,3,0,2,0,1.2,0.0,0.0,0.0
32,23,48,49,2,2,0,6,0,1.5,0.0,0.0,0.0
32,23,48,49,3,1,0,7,0,0.875,0.0,0.0,0.0
32,23,48,49,4,3,0,4,0,1.7142857142857142,0.0,0.0,0.0
32,23,48,49,13,1,0,5,0,0.8333333333333334,0.0,0.0,0.0
32,23,48,49,14,1,0,4,0,0.8,0.0,0.0,0.0
32,23,48,49,15,1,0,3,0,0.75,0.0,0.0,0.0
32,23,48,49,16,1,0,2,0,0.6666666666666666,0.0,0.0,0.0
32,23,48,49,17,1,0,1,0,0.5,0.0,0.0,0.0
32,23,48,49,26,1,0,1,0,0.5,0.0,0.0,0.0
32,23,48,49,27,2,0,2,0,1.0,0.0,0.0,0.0
32,23,48,49,28,2,0,2,0,1.0,0.0,0.0,0.0
32,23,48,49,29,4,2,2,0,1.3333333333333333,0.5,0.0,0.5
32,23,48,49,30,2,0,4,0,1.3333333333333333,0.0,0.0,0.0
32,23,56,57,7,1,0,4,0,0.8,0.0,0.0,0.0
32,23,56,57,14,1,0,5,0,0.8333333333333334,0.0,0.0,0.0
32,23,56,57,15,1,0,4,0,0.8,0.0,0.0,0.0
32,23,56,57,16,1,0,3,0,0.75,0.0,0.0,0.0
32,23,56,57,17,1,0,2,0,0.6666666666666666,0.0,0.0,0.0
32,23,56,57,30,1,0,1,0,0.5,0.0,0.0,0.0
32,23,56,57,31,1,0,1,0,0.5,0.0,0.0,0.0
32,23,56,57,32,1,0,1,0,0.5,0.0,0.0,0.0
32,23,64,65,8,1,0,5,0,0.8333333333333334,0.0,0.0,0.0
32,23,72,73,9,1,0,6,0,0.8571428571428571,0.0,0.0,0.0
32,23,72,73,10,1,1,7,0,0.875,1.0,0.0,1.0
32,23,72,73,22,1,0,2,0,0.6666666666666666,0.0,0.0,0.0
32,23,80,81,10,1,0,8,0,0.8888888888888888,0.0,0.0,0.0
32,23,80,81,11,1,0,9,0,0.9,0.0,0.0,0.0
32,23,80,81,12,2,0,7,0,1.5555555555555556,0.0,0.0,0.0
32,23,80,81,14,2,0,6,0,1.5,0.0,0.0,0.0
32,23,80,81,22,1,0,2,0,0.6666666666666666,0.0,0.0,0.0
32,23,88,89,10,1,0,8,0,0.8888888888888888,0.0,0.0,0.0
32,23,88,89,11,1,0,9,0,0.9,0.0,0.0,0.0
32,23,88,89,12,1,0,8,0,0.8888888888888888,0.0,0.0,0.0
32,23,88,89,13,1,0,7,0,0.875,0.0,0.0,0.0
32,23,88,89,14,1,0,7,0,0.875,0.0,0.0,0.0
32,23,88,89,15,1,0,7,0,0.875,0.0,0.0,0.0
32,23,88,89,16,1,0,6,0,0.8571428571428571,0.0,0.0,0.0
32,23,88,89,22,1,0,2,0,0.6666666666666666,0.0,0.0,0.0
32,23,96,97,11,1,0,10,0,0.9090909090909091,0.0,0.0,0.0
32,23,96,97,12,1,0,9,0,0.9,0.0,0.0,0.0
32,23,96,97,13,1,0,8,0,0.8888888888888888,0.0,0.0,0.0
32,23,96,97,14,1,0,8,0,0.8888888888888888,0.0,0.0,0.0
32,23,96,97,15,1,0,8,0,0.8888888888888888,0.0,0.0,0.0
32,23,96,97,16,2,0,6,0,1.5,0.0,0.0,0.0
32,23,96,97,23,1,0,1,0,0.5,0.0,0.0,0.0
32,23,104,105,12,1,0,10,0,0.9090909090909091,0.0,0.0,0.0
32,23,104,105,13,1,0,9,0,0.9,0.0,0.0,0.0
32,23,104,105,14,1,0,9,0,0.9,0.0,0.0,0.0
32,23,104,105,15,1,0,9,0,0.9,0.0,0.0,0.0
32,23,104,105,16,2,0,7,0,1.5555555555555556,0.0,0.0,0.0
32,23,104,105,17,1,0,6,0,0.8571428571428571,0.0,0.0,0.0
32,23,104,105,23,1,0,1,0,0.5,0.0,0.0,0.0
32,23,112,113,14,1,0,11,0,0.9166666666666666,0.0,0.0,0.0
32,23,112,113,16,1,0,11,0,0.9166666666666666,0.0,0.0,0.0
32,23,112,113,20,2,0,4,0,1.3333333333333333,0.0,0.0,0.0
32,23,112,113,23,1,0,1,0,0.5,0.0,0.0,0.0
32,23,120,121,23,1,0,1,0,0.5,0.0,0.0,0.0
32,23,136,137,24,2,0,1,0,0.6666666666666666,0.0,0.0,0.0
32,23,136,137,25,2,0,1,0,0.6666666666666666,0.0,0.0,0.0
32,23,136,137,27,1,0,1,0,0.5,0.0,0.0,0.0
32,23,144,145,24,2,0,1,0,0.6666666666666666,0.0,0.0,0.0
32,23,144,145,25,2,0,1,0,0.6666666666666666,0.0,0.0,0.0
32,23,144,145,26,2,0,1,0,0.6666666666666666,0.0,0.0,0.0
32,23,144,145,27,2,0,1,0,0.6666666666666666,0.0,0.0,0.0
32,23,144,145,28,2,0,1,0,0.6666666666666666,0.0,0.0,0.0
32,23,144,145,29,2,0,1,0,0.6666666666666666,0.0,0.0,0.0
32,23,152,153,24,2,0,1,0,0.6666666666666666,0.0,0.0,0.0
32,23,152,153,25,2,0,1,0,0.6666666666666666,0.0,0.0,0.0
32,23,152,153,26,2,0,1,0,0.6666666666666666,0.0,0.0,0.0
32,23,152,153,27,2,0,1,0,0.6666666666666666,0.0,0.0,0.0
32,23,152,153,28,2,0,1,0,0.6666666666666666,0.0,0.0,0.0
32,23,152,153,29,2,0,1,0,0.6666666666666666,0.0,0.0,0.0
32,23,160,161,24,1,0,2,0,0.6666666666666666,0.0,0.0,0.0
32,23,160,161,25,3,0,1,0,0.75,0.0,0.0,0.0
32,23,160,161,26,2,0,1,0,0.6666666666666666,0.0,0.0,0.0
32,23,160,161,27,2,0,1,0,0.6666666666666666,0.0,0.0,0.0
32,23,160,161,28,2,0,1,0,0.6666666666666666,0.0,0.0,0.0
32,23,160,161,29,2,0,1,0,0.6666666666666666,0.0,0.0,0.0
32,23,168,169,25,2,0,3,0,1.2,0.0,0.0,0.0
32,23,168,169,26,1,0,3,0,0.75,0.0,0.0,0.0
32,23,168,169,27,1,0,3,0,0.75,0.0,0.0,0.0
32,23,168,169,28,3,0,1,0,0.75,0.0,0.0,0.0
32,23,168,169,29,2,0,1,0,0.6666666666666666,0.0,0.0,0.0
32,23,176,177,26,2,0,4,0,1.3333333333333333,0.0,0.0,0.0
32,23,176,177,27,1,0,4,0,0.8,0.0,0.0,0.0
32,23,176,177,28,2,0,3,0,1.2,0.0,0.0,0.0
32,23,176,177,29,1,0,3,0,0.75,0.0,0.0,0.0
32,23,176,177,30,1,0,2,0,0.6666666666666666,0.0,0.0,0.0
32,23,184,185,26,2,0,4,0,1.3333333333333333,0.0,0.0,0.0
32,23,184,185,27,1,0,4,0,0.8,0.0,0.0,0.0
32,23,184,185,28,1,0,4,0,0.8,0.0,0.0,0.0
32,23,184,185,29,1,0,4,0,0.8,0.0,0.0,0.0
32,23,184,185,30,1,0,3,0,0.75,0.0,0.0,0.0
32,23,184,185,31,1,0,1,0,0.5,0.0,0.0,0.0
32,23,192,193,28,2,0,5,0,1.4285714285714286,0.0,0.0,0.0
32,23,192,193,29,1,0,5,0,0.8333333333333334,0.0,0.0,0.0
32,23,192,193,30,1,0,4,0,0.8,0.0,0.0,0.0
32,23,192,193,31,1,0,2,0,0.6666666666666666,0.0,0.0,0.0
32,24,16,17,15,2,0,1,0,0.6666666666666666,0.0,0.0,0.0
32,24,40,41,25,1,0,5,0,0.8333333333333334,0.0,0.0,0.0
32,24,40,41,27,2,2,3,0,1.2,1.0,0.0,1.0
32,24,48,49,15,1,0,1,0,0.5,0.0,0.0,0.0
32,24,48,49,16,1,0,1,0,0.5,0.0,0.0,0.0
32,24,48,49,26,1,0,4,0,0.8,0.0,0.0,0.0
32,24,48,49,31,2,1,5,0,1.4285714285714286,0.5,0.0,0.5
32,24,48,49,33,5,5,6,0,2.727272727272727,1.0,0.0,1.0
32,24,48,49,34,1,0,10,0,0.9090909090909091,0.0,0.0,0.0
32,24,48,49,35,2,0,9,0,1.6363636363636365,0.0,0.0,0.0
32,24,56,57,12,1,0,1,0,0.5,0.0,0.0,0.0
32,24,56,57,13,3,0,2,0,1.2,0.0,0.0,0.0
32,24,56,57,14,1,0,4,0,0.8,0.0,0.0,0.0
32,24,56,57,26,1,0,4,0,0.8,0.0,0.0,0.0
32,24,56,57,27,1,0,3,0,0.75,0.0,0.0,0.0
32,24,64,65,10,1,0,3,0,0.75,0.0,0.0,0.0
32,24,64,65,27,1,0,4,0,0.8,0.0,0.0,0.0
32,24,64,65,28,1,0,4,0,0.8,0.0,0.0,0.0
32,24,64,65,29,2,0,2,0,1.0,0.0,0.0,0.0
32,24,64,65,30,1,0,3,0,0.75,0.0,0.0,0.0
32,24,64,65,31,1,0,5,0,0.8333333333333334,0.0,0.0,0.0
32,24,64,65,32,1,0,6,0,0.8571428571428571,0.0,0.0,0.0
32,24,64,65,33,1,0,6,0,0.8571428571428571,0.0,0.0,0.0
32,24,72,73,4,1,0,1,0,0.5,0.0,0.0,0.0
32,24,72,73,5,2,0,1,0,0.6666666666666666,0.0,0.0,0.0
32,24,72,73,6,1,0,2,0,0.6666666666666666,0.0,0.0,0.0
32,24,72,73,7,1,0,2,0,0.6666666666666666,0.0,0.0,0.0
32,24,72,73,28,2,0,4,0,1.3333333333333333,0.0,0.0,0.0
32,24,72,73,29,1,0,3,0,0.75,0.0,0.0,0.0
32,24,72,73,30,1,0,4,0,0.8,0.0,0.0,0.0
32,24,72,73,31,1,0,6,0,0.8571428571428571,0.0,0.0,0.0
32,24,72,73,32,1,0,7,0,0.875,0.0,0.0,0.0
32,24,72,73,33,1,0,7,0,0.875,0.0,0.0,0.0
32,24,72,73,34,2,0,6,0,1.5,0.0,0.0,0.0
32,24,80,81,3,1,0,4,0,0.8,0.0,0.0,0.0
32,24,80,81,5,1,0,5,0,0.8333333333333334,0.0,0.0,0.0
32,24,80,81,9,2,0,3,0,1.2,0.0,0.0,0.0
32,24,80,81,29,2,0,4,0,1.3333333333333333,0.0,0.0,0.0
32,24,80,81,30,1,0,5,0,0.8333333333333334,0.0,0.0,0.0
32,24,80,81,31,1,0,7,0,0.875,0.0,0.0,0.0
32,24,80,81,32,1,0,8,0,0.8888888888888888,0.0,0.0,0.0
32,24,80,81,33,2,0,7,0,1.5555555555555556,0.0,0.0,0.0
32,24,80,81,34,1,0,7,0,0.875,0.0,0.0,0.0
32,24,80,81,35,1,0,6,0,0.8571428571428571,0.0,0.0,0.0
32,24,88,89,33,3,0,9,0,2.25,0.0,0.0,0.0
32,24,88,89,34,1,0,9,0,0.9,0.0,0.0,0.0
32,24,88,89,35,1,0,8,0,0.8888888888888888,0.0,0.0,0.0
32,24,88,89,36,1,0,6,0,0.8571428571428571,0.0,0.0,0.0
32,24,88,89,37,1,0,3,0,0.75,0.0,0.0,0.0
32,25,16,17,14,4,0,2,0,1.3333333333333333,0.0,0.0,0.0
32,25,16,17,15,1,0,6,0,0.8571428571428571,0.0,0.0,0.0
32,25,24,25,6,2,0,2,0,1.0,0.0,0.0,0.0
32,25,24,25,8,1,0,3,0,0.75,0.0,0.0,0.0
32,25,24,25,10,1,0,3,0,0.75,0.0,0.0,0.0
32,25,24,25,12,2,0,1,0,0.6666666666666666,0.0,0.0,0.0
32,25,40,41,3,1,0,1,0,0.5,0.0,0.0,0.0
32,25,40,41,4,1,0,1,0,0.5,0.0,0.0,0.0
32,25,48,49,2,1,0,2,0,0.6666666666666666,0.0,0.0,0.0
32,25,48,49,4,3,0,2,0,1.2,0.0,0.0,0.0
32,25,48,49,5,1,0,5,0,0.8333333333333334,0.0,0.0,0.0
32,25,48,49,6,3,0,6,0,2.0,0.0,0.0,0.0
32,25,48,49,7,2,0,7,0,1.5555555555555556,0.0,0.0,0.0
32,25,48,49,8,2,0,8,0,1.6,0.0,0.0,0.0
32,25,48,49,9,1,0,9,0,0.9,0.0,0.0,0.0
32,25,48,49,10,2,0,7,0,1.5555555555555556,0.0,0.0,0.0
32,25,56,57,6,1,0,11,0,0.9166666666666666,0.0,0.0,0.0
32,25,56,57,8,2,0,13,0,1.7333333333333334,0.0,0.0,0.0
32,25,56,57,9,1,0,13,0,0.9285714285714286,0.0,0.0,0.0
32,25,56,57,10,2,0,10,0,1.6666666666666667,0.0,0.0,0.0
32,25,56,57,11,1,0,7,0,0.875,0.0,0.0,0.0
32,25,56,57,12,2,0,3,0,1.2,0.0,0.0,0.0
32,25,64,65,8,1,0,15,0,0.9375,0.0,0.0,0.0
32,25,72,73,10,1,0,14,0,0.9333333333333333,0.0,0.0,0.0
32,25,72,73,11,1,0,11,0,0.9166666666666666,0.0,0.0,0.0
32,25,72,73,12,1,0,8,0,0.8888888888888888,0.0,0.0,0.0
32,25,72,73,13,1,0,6,0,0.8571428571428571,0.0,0.0,0.0
32,25,72,73,14,1,0,4,0,0.8,0.0,0.0,0.0
32,25,72,73,15,1,0,1,0,0.5,0.0,0.0,0.0
32,25,80,81,12,1,0,10,0,0.9090909090909091,0.0,0.0,0.0
32,25,80,81,13,1,0,8,0,0.8888888888888888,0.0,0.0,0.0
32,25,80,81,14,1,0,6,0,0.8571428571428571,0.0,0.0,0.0
32,25,88,89,16,1,0,5,0,0.8333333333333334,0.0,0.0,0.0
32,25,88,89,18,1,0,4,0,0.8,0.0,0.0,0.0
32,25,88,89,20,2,0,1,0,0.6666666666666666,0.0,0.0,0.0
32,26,8,9,9,5,3,1,0,0.8333333333333334,0.6,0.0,0.6
32,26,16,17,13,4,4,1,0,0.8,1.0,0.0,1.0
32,26,16,17,14,4,0,5,0,2.2222222222222223,0.0,0.0,0.0
32,26,16,17,15,6,0,6,0,3.0,0.0,0.0,0.0
32,26,24,25,19,3,3,6,0,2.0,1.0,0.0,1.0
32,26,32,33,19,2,1,1,0,0.6666666666666666,0.5,0.0,0.5
32,26,32,33,20,3,0,3,0,1.5,0.0,0.0,0.0
32,26,32,33,21,3,1,5,0,1.875,0.3333333333333333,0.0,0.3333333333333333
32,26,40,41,24,1,0,3,0,0.75,0.0,0.0,0.0
32,26,40,41,25,1,0,3,0,0.75,0.0,0.0,0.0
32,26,144,145,19,3,0,3,0,1.5,0.0,0.0,0.0
32,26,144,145,20,1,0,4,0,0.8,0.0,0.0,0.0
32,26,144,145,21,2,0,3,0,1.2,0.0,0.0,0.0
32,26,144,145,23,2,0,3,0,1.2,0.0,0.0,0.0
32,26,152,153,22,2,0,6,0,1.5,0.0,0.0,0.0
32,26,200,201,14,1,0,1,0,0.5,0.0,0.0,0.0
32,26,208,209,14,1,0,2,0,0.6666666666666666,0.0,0.0,0.0
32,26,208,209,15,1,0,2,0,0.6666666666666666,0.0,0.0,0.0
32,26,208,209,16,1,0,4,0,0.8,0.0,0.0,0.0
32,26,208,209,17,1,0,4,0,0.8,0.0,0.0,0.0
32,26,216,217,13,4,1,1,0,0.8,0.25,0.0,0.25
32,26,216,217,14,3,0,3,0,1.5,0.0,0.0,0.0
32,26,216,217,15,1,0,3,0,0.75,0.0,0.0,0.0
32,26,216,217,16,1,0,4,0,0.8,0.0,0.0,0.0
32,26,216,217,17,1,0,5,0,0.8333333333333334,0.0,0.0,0.0
32,26,216,217,19,1,0,6,0,0.8571428571428571,0.0,0.0,0.0
32,26,224,225,10,3,0,1,0,0.75,0.0,0.0,0.0
32,26,224,225,11,2,1,3,0,1.2,0.5,0.0,0.5
32,26,224,225,12,1,0,4,0,0.8,0.0,0.0,0.0
32,26,224,225,13,3,0,4,0,1.7142857142857142,0.0,0.0,0.0
32,26,224,225,14,1,0,7,0,0.875,0.0,0.0,0.0
32,26,224,225,15,3,0,6,0,2.0,0.0,0.0,0.0
32,26,224,225,16,2,0,8,0,1.6,0.0,0.0,0.0
32,26,224,225,17,3,0,6,0,2.0,0.0,0.0,0.0
32,26,224,225,18,1,0,6,0,0.8571428571428571,0.0,0.0,0.0
32,26,232,233,12,1,0,6,0,0.8571428571428571,0.0,0.0,0.0
32,26,232,233,13,2,0,7,0,1.5555555555555556,0.0,0.0,0.0
32,26,232,233,14,1,0,9,0,0.9,0.0,0.0,0.0
32,26,232,233,15,2,0,8,0,1.6,0.0,0.0,0.0
32,26,232,233,16,1,0,10,0,0.9090909090909091,0.0,0.0,0.0
32,26,232,233,17,1,0,10,0,0.9090909090909091,0.0,0.0,0.0
32,26,232,233,19,2,0,7,0,1.5555555555555556,0.0,0.0,0.0
32,26,240,241,12,1,0,6,0,0.8571428571428571,0.0,0.0,0.0
32,26,240,241,13,1,0,8,0,0.8888888888888888,0.0,0.0,0.0
32,26,240,241,14,1,0,10,0,0.9090909090909091,0.0,0.0,0.0
32,26,240,241,15,1,0,9,0,0.9,0.0,0.0,0.0
32,26,240,241,16,1,0,10,0,0.9090909090909091,0.0,0.0,0.0
32,26,240,241,17,1,0,10,0,0.9090909090909091,0.0,0.0,0.0
32,26,248,249,12,1,0,6,0,0.8571428571428571,0.0,0.0,0.0
32,26,248,249,13,2,0,8,0,1.6,0.0,0.0,0.0
32,26,248,249,15,1,0,9,0,0.9,0.0,0.0,0.0
32,26,248,249,16,1,0,10,0,0.9090909090909091,0.0,0.0,0.0
32,26,248,249,17,1,0,10,0,0.9090909090909091,0.0,0.0,0.0
32,27,16,17,14,4,0,4,0,2.0,0.0,0.0,0.0
32,27,16,17,15,4,1,8,0,2.6666666666666665,0.25,0.0,0.25
32,27,24,25,19,5,4,1,0,0.8333333333333334,0.8,0.0,0.8
32,27,32,33,16,1,0,1,0,0.5,0.0,0.0,0.0
32,27,32,33,17,1,0,1,0,0.5,0.0,0.0,0.0
32,27,32,33,18,1,0,1,0,0.5,0.0,0.0,0.0
32,27,32,33,23,1,1,6,0,0.8571428571428571,1.0,0.0,1.0
32,27,32,33,24,1,0,7,0,0.875,0.0,0.0,0.0
32,27,32,33,25,3,3,8,0,2.1818181818181817,1.0,0.0,1.0
32,27,40,41,13,2,0,1,0,0.6666666666666666,0.0,0.0,0.0
32,27,40,41,14,1,0,3,0,0.75,0.0,0.0,0.0
32,27,40,41,15,1,0,4,0,0.8,0.0,0.0,0.0
32,27,72,73,5,2,0,1,0,0.6666666666666666,0.0,0.0,0.0
32,27,72,73,6,1,0,2,0,0.6666666666666666,0.0,0.0,0.0
32,27,72,73,8,1,0,1,0,0.5,0.0,0.0,0.0
32,27,80,81,5,3,0,1,0,0.75,0.0,0.0,0.0
32,27,80,81,6,1,0,3,0,0.75,0.0,0.0,0.0
32,27,80,81,7,2,0,2,0,1.0,0.0,0.0,0.0
32,27,80,81,8,1,0,2,0,0.6666666666666666,0.0,0.0,0.0
32,27,88,89,2,1,0,1,0,0.5,0.0,0.0,0.0
32,27,88,89,3,3,0,2,0,1.2,0.0,0.0,0.0
32,27,88,89,5,2,0,5,0,1.4285714285714286,0.0,0.0,0.0
32,27,88,89,9,1,0,1,0,0.5,0.0,0.0,0.0
32,27,96,97,11,1,0,5,0,0.8333333333333334,0.0,0.0,0.0
32,27,96,97,12,1,0,6,0,0.8571428571428571,0.0,0.0,0.0
32,27,96,97,13,4,0,4,0,2.0,0.0,0.0,0.0
32,27,104,105,13,1,0,9,0,0.9,0.0,0.0,0.0
32,27,104,105,14,1,0,10,0,0.9090909090909091,0.0,0.0,0.0
32,27,104,105,15,4,0,7,0,2.5454545454545454,0.0,0.0,0.0
32,27,104,105,16,3,0,4,0,1.7142857142857142,0.0,0.0,0.0
32,27,112,113,16,1,0,9,0,0.9,0.0,0.0,0.0
32,27,112,113,18,2,0,4,0,1.3333333333333333,0.0,0.0,0.0
32,27,112,113,19,1,0,2,0,0.6666666666666666,0.0,0.0,0.0
32,27,120,121,17,1,0,7,0,0.875,0.0,0.0,0.0
32,27,128,129,17,1,0,7,0,0.875,0.0,0.0,0.0
32,27,136,137,17,1,0,7,0,0.875,0.0,0.0,0.0
32,27,144,145,18,1,0,6,0,0.8571428571428571,0.0,0.0,0.0
32,27,152,153,18,1,0,6,0,0.8571428571428571,0.0,0.0,0.0
32,27,152,153,19,1,0,4,0,0.8,0.0,0.0,0.0
32,27,160,161,18,1,0,6,0,0.8571428571428571,0.0,0.0,0.0
32,27,160,161,19,1,0,4,0,0.8,0.0,0.0,0.0
32,27,160,161,20,1,0,4,0,0.8,0.0,0.0,0.0
32,27,160,161,21,1,0,5,0,0.8333333333333334,0.0,0.0,0.0
32,27,168,169,18,1,0,6,0,0.8571428571428571,0.0,0.0,0.0
32,27,168,169,19,1,0,4,0,0.8,0.0,0.0,0.0
32,27,168,169,20,1,0,4,0,0.8,0.0,0.0,0.0
32,27,168,169,21,1,0,5,0,0.8333333333333334,0.0,0.0,0.0
32,27,176,177,18,1,0,6,0,0.8571428571428571,0.0,0.0,0.0
32,27,176,177,19,1,0,4,0,0.8,0.0,0.0,0.0
32,27,176,177,20,1,0,4,0,0.8,0.0,0.0,0.0
32,27,176,177,21,1,0,5,0,0.8333333333333334,0.0,0.0,0.0
32,27,176,177,22,1,0,6,0,0.8571428571428571,0.0,0.0,0.0
32,27,184,185,19,2,0,4,0,1.3333333333333333,0.0,0.0,0.0
32,27,184,185,20,1,0,4,0,0.8,0.0,0.0,0.0
32,27,184,185,21,1,0,5,0,0.8333333333333334,0.0,0.0,0.0
32,27,184,185,22,1,0,6,0,0.8571428571428571,0.0,0.0,0.0
32,27,192,193,19,2,0,4,0,1.3333333333333333,0.0,0.0,0.0
32,27,192,193,20,1,0,4,0,0.8,0.0,0.0,0.0
32,27,192,193,21,1,0,5,0,0.8333333333333334,0.0,0.0,0.0
32,27,192,193,22,1,0,6,0,0.8571428571428571,0.0,0.0,0.0
32,27,200,201,19,1,0,5,0,0.8333333333333334,0.0,0.0,0.0
32,27,200,201,20,1,0,5,0,0.8333333333333334,0.0,0.0,0.0
32,27,200,201,21,2,0,5,0,1.4285714285714286,0.0,0.0,0.0
32,27,200,201,22,1,0,6,0,0.8571428571428571,0.0,0.0,0.0
32,27,208,209,19,1,0,5,0,0.8333333333333334,0.0,0.0,0.0
32,27,208,209,20,1,0,5,0,0.8333333333333334,0.0,0.0,0.0
32,27,208,209,21,1,0,6,0,0.8571428571428571,0.0,0.0,0.0
32,27,208,209,22,1,0,7,0,0.875,0.0,0.0,0.0
32,27,208,209,23,1,0,6,0,0.8571428571428571,0.0,0.0,0.0
32,27,216,217,19,1,0,5,0,0.8333333333333334,0.0,0.0,0.0
32,27,216,217,20,1,0,5,0,0.8333333333333334,0.0,0.0,0.0
32,27,216,217,21,1,0,6,0,0.8571428571428571,0.0,0.0,0.0
32,27,216,217,22,1,0,7,0,0.875,0.0,0.0,0.0
32,27,216,217,23,1,0,6,0,0.8571428571428571,0.0,0.0,0.0
32,27,224,225,19,1,0,5,0,0.8333333333333334,0.0,0.0,0.0
32,27,224,225,20,1,0,5,0,0.8333333333333334,0.0,0.0,0.0
32,27,224,225,21,1,0,6,0,0.8571428571428571,0.0,0.0,0.0
32,27,224,225,22,1,0,7,0,0.875,0.0,0.0,0.0
32,27,224,225,23,1,0,6,0,0.8571428571428571,0.0,0.0,0.0
32,27,232,233,19,1,0,5,0,0.8333333333333334,0.0,0.0,0.0
32,27,232,233,20,1,0,5,0,0.8333333333333334,0.0,0.0,0.0
32,27,232,233,21,1,0,6,0,0.8571428571428571,0.0,0.0,0.0
32,27,232,233,22,1,0,7,0,0.875,0.0,0.0,0.0
32,27,232,233,23,1,0,6,0,0.8571428571428571,0.0,0.0,0.0
32,27,240,241,20,1,0,6,0,0.8571428571428571,0.0,0.0,0.0
32,27,240,241,21,2,0,6,0,1.5,0.0,0.0,0.0
32,27,240,241,22,1,0,7,0,0.875,0.0,0.0,0.0
32,27,240,241,23,1,0,6,0,0.8571428571428571,0.0,0.0,0.0
32,27,248,249,20,1,0,6,0,0.8571428571428571,0.0,0.0,0.0
32,27,248,249,21,1,0,7,0,0.875,0.0,0.0,0.0
32,27,248,249,22,1,0,8,0,0.8888888888888888,0.0,0.0,0.0
32,27,248,249,23,2,0,6,0,1.5,0.0,0.0,0.0
32,28,16,17,13,3,2,1,0,0.75,0.6666666666666666,0.0,0.6666666666666666
32,28,16,17,14,3,0,3,0,1.5,0.0,0.0,0.0
32,28,16,17,15,4,0,6,0,2.4,0.0,0.0,0.0
32,28,24,25,8,1,0,4,0,0.8,0.0,0.0,0.0
32,28,24,25,15,2,2,1,0,0.6666666666666666,1.0,0.0,1.0
32,28,24,25,17,4,1,3,0,1.7142857142857142,0.25,0.0,0.25
32,28,24,25,18,3,0,7,0,2.1,0.0,0.0,0.0
32,28,24,25,19,3,0,8,0,2.1818181818181817,0.0,0.0,0.0
32,28,24,25,20,2,0,12,0,1.7142857142857142,0.0,0.0,0.0
32,28,32,33,9,1,0,4,0,0.8,0.0,0.0,0.0
32,28,32,33,10,2,0,2,0,1.0,0.0,0.0,0.0
32,28,32,33,11,1,0,3,0,0.75,0.0,0.0,0.0
32,28,32,33,12,4,0,1,0,0.8,0.0,0.0,0.0
32,28,32,33,13,2,0,2,0,1.0,0.0,0.0,0.0
32,28,32,33,14,1,0,3,0,0.75,0.0,0.0,0.0
32,28,32,33,15,2,0,3,0,1.2,0.0,0.0,0.0
32,28,32,33,17,2,1,5,0,1.4285714285714286,0.5,0.0,0.5
32,28,32,33,18,1,0,9,0,0.9,0.0,0.0,0.0
32,28,32,33,19,1,1,9,0,0.9,1.0,0.0,1.0
32,28,32,33,20,1,0,12,0,0.9230769230769231,0.0,0.0,0.0
32,28,32,33,21,1,0,14,0,0.9333333333333333,0.0,0.0,0.0
32,28,40,41,11,1,0,6,0,0.8571428571428571,0.0,0.0,0.0
32,28,40,41,14,2,0,6,0,1.5,0.0,0.0,0.0
32,28,40,41,16,1,0,4,0,0.8,0.0,0.0,0.0
32,28,48,49,12,1,0,8,0,0.8888888888888888,0.0,0.0,0.0
32,28,56,57,12,1,0,8,0,0.8888888888888888,0.0,0.0,0.0
32,28,64,65,12,1,0,8,0,0.8888888888888888,0.0,0.0,0.0
32,28,72,73,13,1,0,9,0,0.9,0.0,0.0,0.0
32,28,80,81,13,1,0,9,0,0.9,0.0,0.0,0.0
32,28,88,89,13,1,0,9,0,0.9,0.0,0.0,0.0
32,28,88,89,14,1,0,8,0,0.8888888888888888,0.0,0.0,0.0
32,28,96,97,13,1,0,9,0,0.9,0.0,0.0,0.0
32,28,96,97,14,1,0,8,0,0.8888888888888888,0.0,0.0,0.0
32,28,96,97,15,1,0,7,0,0.875,0.0,0.0,0.0
32,28,96,97,16,2,0,5,0,1.4285714285714286,0.0,0.0,0.0
32,28,96,97,17,1,0,6,0,0.8571428571428571,0.0,0.0,0.0
32,28,96,97,18,2,0,8,0,1.6,0.0,0.0,0.0
32,28,96,97,19,2,0,7,0,1.5555555555555556,0.0,0.0,0.0
32,28,104,105,15,1,0,9,0,0.9,0.0,0.0,0.0
32,28,104,105,16,1,0,7,0,0.875,0.0,0.0,0.0
32,28,104,105,17,1,0,7,0,0.875,0.0,0.0,0.0
32,28,104,105,18,2,0,9,0,1.6363636363636365,0.0,0.0,0.0
32,28,104,105,19,2,0,10,0,1.6666666666666667,0.0,0.0,0.0
32,28,104,105,22,2,0,13,0,1.7333333333333334,0.0,0.0,0.0
32,28,112,113,17,1,0,9,0,0.9,0.0,0.0,0.0
32,28,112,113,19,1,0,11,0,0.9166666666666666,0.0,0.0,0.0
32,29,24,25,17,1,0,1,0,0.5,0.0,0.0,0.0
32,29,24,25,18,3,0,2,0,1.2,0.0,0.0,0.0
32,29,40,41,9,1,0,1,0,0.5,0.0,0.0,0.0
32,29,40,41,10,2,0,1,0,0.6666666666666666,0.0,0.0,0.0
32,29,48,49,3,2,0,1,0,0.6666666666666666,0.0,0.0,0.0
32,29,48,49,4,2,0,3,0,1.2,0.0,0.0,0.0
32,29,48,49,6,1,0,6,0,0.8571428571428571,0.0,0.0,0.0
32,29,48,49,8,2,0,5,0,1.4285714285714286,0.0,0.0,0.0
32,30,16,17,2,3,0,2,0,1.2,0.0,0.0,0.0
32,30,16,17,14,3,0,1,0,0.75,0.0,0.0,0.0
32,30,16,17,15,2,0,3,0,1.2,0.0,0.0,0.0
32,30,24,25,8,1,1,1,0,0.5,1.0,0.0,1.0
32,30,32,33,10,2,0,3,0,1.2,0.0,0.0,0.0
32,31,16,17,15,5,1,1,0,0.8333333333333334,0.2,0.0,0.2
32,31,24,25,14,2,0,4,0,1.3333333333333333,0.0,0.0,0.0
32,31,24,25,16,2,0,3,0,1.2,0.0,0.0,0.0
32,31,32,33,5,1,0,1,0,0.5,0.0,0.0,0.0
32,31,32,33,6,1,0,1,0,0.5,0.0,0.0,0.0
32,31,32,33,7,1,0,1,0,0.5,0.0,0.0,0.0
32,31,40,41,4,1,0,4,0,0.8,0.0,0.0,0.0
32,31,40,41,6,1,0,3,0,0.75,0.0,0.0,0.0
64,0,16,17,14,14,1,6,0,4.2,0.07142857142857142,0.0,0.07142857142857142
64,0,16,17,15,5,0,19,0,3.9583333333333335,0.0,0.0,0.0
64,0,24,25,13,1,0,1,0,0.5,0.0,0.0,0.0
64,0,24,25,14,3,0,1,0,0.75,0.0,0.0,0.0
64,0,24,25,15,1,0,2,0,0.6666666666666666,0.0,0.0,0.0
64,0,24,25,16,1,0,1,0,0.5,0.0,0.0,0.0
64,0,24,25,17,2,2,2,0,1.0,1.0,0.0,1.0
64,0,24,25,18,1,0,3,0,0.75,0.0,0.0,0.0
64,0,24,25,19,18,16,5,0,3.9130434782608696,0.8888888888888888,0.0,0.8888888888888888
64,0,32,33,8,2,0,1,0,0.6666666666666666,0.0,0.0,0.0
64,0,32,33,9,1,0,3,0,0.75,0.0,0.0,0.0
64,0,32,33,10,2,0,3,0,1.2,0.0,0.0,0.0
64,0,32,33,12,2,0,5,0,1.4285714285714286,0.0,0.0,0.0
64,0,32,33,13,1,0,6,0,0.8571428571428571,0.0,0.0,0.0
64,0,32,33,14,1,0,6,0,0.8571428571428571,0.0,0.0,0.0
64,0,32,33,16,1,0,4,0,0.8,0.0,0.0,0.0
64,0,32,33,17,1,0,3,0,0.75,0.0,0.0,0.0
64,0,32,33,24,6,1,10,0,3.75,0.16666666666666666,0.0,0.16666666666666666
64,0,32,33,25,7,3,17,0,4.958333333333333,0.42857142857142855,0.0,0.42857142857142855
64,0,40,41,2,2,0,2,0,1.0,0.0,0.0,0.0
64,0,40,41,3,1,0,4,0,0.8,0.0,0.0,0.0
64,0,40,41,4,3,0,3,0,1.5,0.0,0.0,0.0
64,0,40,41,6,2,0,5,0,1.4285714285714286,0.0,0.0,0.0
64,0,40,41,7,1,0,6,0,0.8571428571428571,0.0,0.0,0.0
64,0,40,41,8,1,0,7,0,0.875,0.0,0.0,0.0
64,0,40,41,10,1,0,8,0,0.8888888888888888,0.0,0.0,0.0
64,0,40,41,11,1,0,8,0,0.8888888888888888,0.0,0.0,0.0
64,0,40,41,12,1,0,8,0,0.8888888888888888,0.0,0.0,0.0
64,0,40,41,14,1,0,9,0,0.9,0.0,0.0,0.0
64,0,40,41,16,1,0,7,0,0.875,0.0,0.0,0.0
64,0,40,41,18,1,0,5,0,0.8333333333333334,0.0,0.0,0.0
64,0,40,41,20,1,0,7,0,0.875,0.0,0.0,0.0
64,0,40,41,22,2,0,7,0,1.5555555555555556,0.0,0.0,0.0
64,0,40,41,29,3,3,22,0,2.64,1.0,0.0,1.0
64,0,40,41,30,2,0,24,0,1.8461538461538463,0.0,0.0,0.0
64,0,48,49,4,2,0,9,0,1.6363636363636365,0.0,0.0,0.0
64,0,48,49,6,1,0,9,0,0.9,0.0,0.0,0.0
64,0,48,49,7,1,0,9,0,0.9,0.0,0.0,0.0
64,0,48,49,9,2,0,10,0,1.6666666666666667,0.0,0.0,0.0
64,0,48,49,10,2,0,10,0,1.6666666666666667,0.0,0.0,0.0
64,0,48,49,12,1,0,11,0,0.9166666666666666,0.0,0.0,0.0
64,0,48,49,14,1,0,12,0,0.9230769230769231,0.0,0.0,0.0
64,0,48,49,16,1,0,10,0,0.9090909090909091,0.0,0.0,0.0
64,0,56,57,8,2,0,13,0,1.7333333333333334,0.0,0.0,0.0
64,0,56,57,10,1,0,16,0,0.9411764705882353,0.0,0.0,0.0
64,0,56,57,11,2,0,17,0,1.7894736842105263,0.0,0.0,0.0
64,0,56,57,12,2,0,17,0,1.7894736842105263,0.0,0.0,0.0
64,0,56,57,13,1,0,18,0,0.9473684210526315,0.0,0.0,0.0
64,0,56,57,14,3,0,17,0,2.55,0.0,0.0,0.0
64,0,56,57,15,3,0,15,0,2.5,0.0,0.0,0.0
64,0,56,57,16,4,0,11,0,2.933333333333333,0.0,0.0,0.0
64,0,64,65,16,1,0,22,0,0.9565217391304348,0.0,0.0,0.0
64,0,64,65,18,1,0,20,0,0.9523809523809523,0.0,0.0,0.0
64,0,64,65,20,10,0,13,0,5.6521739130434785,0.0,0.0,0.0
64,0,64,65,21,3,0,12,0,2.4,0.0,0.0,0.0
64,0,64,65,22,5,0,9,0,3.2142857142857144,0.0,0.0,0.0
64,0,72,73,26,2,0,23,0,1.84,0.0,0.0,0.0
64,0,72,73,27,2,0,22,0,1.8333333333333333,0.0,0.0,0.0
64,0,72,73,28,4,0,20,0,3.3333333333333335,0.0,0.0,0.0
64,1,24,25,19,8,6,1,0,0.8888888888888888,0.75,0.0,0.75
64,1,32,33,23,4,2,1,0,0.8,0.5,0.0,0.5
64,1,32,33,24,8,0,4,0,2.6666666666666665,0.0,0.0,0.0
64,1,32,33,25,3,0,11,0,2.357142857142857,0.0,0.0,0.0
64,1,40,41,29,9,9,1,0,0.9,1.0,0.0,1.0
64,1,40,41,30,4,1,10,0,2.857142857142857,0.25,0.0,0.25
64,1,64,65,42,2,0,1,0,0.6666666666666666,0.0,0.0,0.0
64,1,64,65,43,5,4,2,0,1.4285714285714286,0.8,0.0,0.8
64,1,64,65,44,2,0,6,0,1.5,0.0,0.0,0.0
64,1,64,65,45,4,2,7,0,2.5454545454545454,0.5,0.0,0.5
64,1,72,73,47,1,1,1,0,0.5,1.0,0.0,1.0
64,1,72,73,48,1,1,2,0,0.6666666666666666,1.0,0.0,1.0
64,1,72,73,49,9,7,1,0,0.9,0.7777777777777778,0.0,0.7777777777777778
64,1,72,73,50,3,0,7,0,2.1,0.0,0.0,0.0
64,1,72,73,51,7,4,7,0,3.5,0.5714285714285714,0.0,0.5714285714285714
64,1,80,81,54,1,0,1,0,0.5,0.0,0.0,0.0
64,1,80,81,57,5,5,13,0,3.611111111111111,1.0,0.0,1.0
64,1,88,89,57,2,1,6,0,1.5,0.5,0.0,0.5
64,1,88,89,58,1,0,9,0,0.9,0.0,0.0,0.0
64,1,88,89,59,2,1,10,0,1.6666666666666667,0.5,0.0,0.5
64,1,88,89,60,2,0,12,0,1.7142857142857142,0.0,0.0,0.0
64,1,88,89,61,8,7,14,0,5.090909090909091,0.875,0.0,0.875
64,1,96,97,61,1,1,10,0,0.9090909090909091,1.0,0.0,1.0
64,1,96,97,63,2,1,13,0,1.7333333333333334,0.5,0.0,0.5
64,1,96,97,65,2,1,15,0,1.7647058823529411,0.5,0.0,0.5
64,1,96,97,66,1,0,17,0,0.9444444444444444,0.0,0.0,0.0
64,1,96,97,67,12,10,17,0,7.0344827586206895,0.8333333333333334,0.0,0.8333333333333334
64,1,96,97,69,4,4,24,0,3.4285714285714284,1.0,0.0,1.0
64,1,104,105,57,2,0,1,0,0.6666666666666666,0.0,0.0,0.0
64,1,104,105,58,5,1,2,0,1.4285714285714286,0.2,0.0,0.2
64,1,104,105,59,2,0,6,0,1.5,0.0,0.0,0.0
64,1,104,105,60,4,0,7,0,2.5454545454545454,0.0,0.0,0.0
64,1,104,105,61,2,0,10,0,1.6666666666666667,0.0,0.0,0.0
64,1,104,105,62,4,0,10,0,2.857142857142857,0.0,0.0,0.0
64,1,104,105,63,3,0,12,0,2.4,0.0,0.0,0.0
64,1,104,105,64,4,0,13,0,3.0588235294117645,0.0,0.0,0.0
64,1,104,105,65,2,0,15,0,1.7647058823529411,0.0,0.0,0.0
64,1,104,105,66,5,1,15,0,3.75,0.2,0.0,0.2
64,1,104,105,67,3,1,16,0,2.526315789473684,0.3333333333333333,0.0,0.3333333333333333
64,1,104,105,68,8,0,13,0,4.9523809523809526,0.0,0.0,0.0
64,1,104,105,69,3,0,14,0,2.4705882352941178,0.0,0.0,0.0
64,1,104,105,70,4,0,13,0,3.0588235294117645,0.0,0.0,0.0
64,1,104,105,73,2,2,18,0,1.8,1.0,0.0,1.0
64,1,104,105,74,1,0,20,0,0.9523809523809523,0.0,0.0,0.0
64,1,104,105,75,4,1,22,0,3.3846153846153846,0.25,0.0,0.25
64,1,112,113,57,3,1,3,0,1.5,0.3333333333333333,0.0,0.3333333333333333
64,1,112,113,58,2,0,5,0,1.4285714285714286,0.0,0.0,0.0
64,1,112,113,59,3,1,7,0,2.1,0.3333333333333333,0.0,0.3333333333333333
64,1,112,113,60,2,0,9,0,1.6363636363636365,0.0,0.0,0.0
64,1,112,113,61,4,1,11,0,2.933333333333333,0.25,0.0,0.25
64,1,112,113,62,5,0,14,0,3.6842105263157894,0.0,0.0,0.0
64,1,112,113,63,4,1,18,0,3.272727272727273,0.25,0.0,0.25
64,1,112,113,64,3,0,19,0,2.590909090909091,0.0,0.0,0.0
64,1,112,113,65,4,1,20,0,3.3333333333333335,0.25,0.0,0.25
64,1,112,113,66,3,0,21,0,2.625,0.0,0.0,0.0
64,1,112,113,67,3,1,21,0,2.625,0.3333333333333333,0.0,0.3333333333333333
64,1,112,113,68,4,0,21,0,3.36,0.0,0.0,0.0
64,1,112,113,69,4,1,21,0,3.36,0.25,0.0,0.25
64,1,112,113,70,3,0,21,0,2.625,0.0,0.0,0.0
64,1,112,113,73,2,0,22,0,1.8333333333333333,0.0,0.0,0.0
64,1,112,113,74,4,0,20,0,3.3333333333333335,0.0,0.0,0.0
64,1,120,121,27,1,0,1,0,0.5,0.0,0.0,0.0
64,1,120,121,28,5,0,1,0,0.8333333333333334,0.0,0.0,0.0
64,1,120,121,29,2,0,2,0,1.0,0.0,0.0,0.0
64,1,120,121,30,4,0,2,0,1.3333333333333333,0.0,0.0,0.0
64,1,120,121,32,3,0,1,0,0.75,0.0,0.0,0.0
64,1,120,121,57,4,0,7,0,2.5454545454545454,0.0,0.0,0.0
64,1,120,121,59,1,0,16,0,0.9411764705882353,0.0,0.0,0.0
64,1,120,121,60,1,0,19,0,0.95,0.0,0.0,0.0
64,1,120,121,67,3,1,26,0,2.689655172413793,0.3333333333333333,0.0,0.3333333333333333
64,1,120,121,72,2,0,23,0,1.84,0.0,0.0,0.0
64,1,128,129,21,2,0,3,0,1.2,0.0,0.0,0.0
64,1,128,129,22,2,0,5,0,1.4285714285714286,0.0,0.0,0.0
64,1,128,129,23,1,0,7,0,0.875,0.0,0.0,0.0
64,1,128,129,24,2,0,8,0,1.6,0.0,0.0,0.0
64,1,128,129,26,2,0,10,0,1.6666666666666667,0.0,0.0,0.0
64,1,128,129,27,1,0,11,0,0.9166666666666666,0.0,0.0,0.0
64,1,128,129,28,2,0,11,0,1.6923076923076923,0.0,0.0,0.0
64,1,128,129,30,2,0,12,0,1.7142857142857142,0.0,0.0,0.0
64,1,128,129,32,1,0,13,0,0.9285714285714286,0.0,0.0,0.0
64,1,128,129,35,2,0,7,0,1.5555555555555556,0.0,0.0,0.0
64,1,128,129,36,3,0,3,0,1.5,0.0,0.0,0.0
64,1,128,129,48,3,1,1,0,0.75,0.3333333333333333,0.0,0.3333333333333333
64,1,128,129,49,1,0,3,0,0.75,0.0,0.0,0.0
64,1,128,129,50,2,0,3,0,1.2,0.0,0.0,0.0
64,1,128,129,51,1,0,4,0,0.8,0.0,0.0,0.0
64,1,128,129,52,2,0,4,0,1.3333333333333333,0.0,0.0,0.0
64,1,128,129,53,2,0,5,0,1.4285714285714286,0.0,0.0,0.0
64,1,128,129,54,2,0,6,0,1.5,0.0,0.0,0.0
64,1,128,129,55,3,0,9,0,2.25,0.0,0.0,0.0
64,1,128,129,56,2,0,12,0,1.7142857142857142,0.0,0.0,0.0
64,1,128,129,57,1,0,15,0,0.9375,0.0,0.0,0.0
64,1,128,129,58,5,0,15,0,3.75,0.0,0.0,0.0
64,1,136,137,22,1,0,10,0,0.9090909090909091,0.0,0.0,0.0
64,1,136,137,23,1,0,11,0,0.9166666666666666,0.0,0.0,0.0
64,1,136,137,24,1,0,12,0,0.9230769230769231,0.0,0.0,0.0
64,1,136,137,25,1,0,13,0,0.9285714285714286,0.0,0.0,0.0
64,1,136,137,37,1,0,5,0,0.8333333333333334,0.0,0.0,0.0
64,1,136,137,39,1,0,1,0,0.5,0.0,0.0,0.0
64,1,136,137,40,2,0,1,0,0.6666666666666666,0.0,0.0,0.0
64,1,136,137,42,2,0,2,0,1.0,0.0,0.0,0.0
64,1,136,137,44,4,0,2,0,1.3333333333333333,0.0,0.0,0.0
64,1,136,137,45,1,0,6,0,0.8571428571428571,0.0,0.0,0.0
64,1,136,137,46,5,0,4,0,2.2222222222222223,0.0,0.0,0.0
64,1,136,137,47,2,0,5,0,1.4285714285714286,0.0,0.0,0.0
64,1,136,137,48,2,0,5,0,1.4285714285714286,0.0,0.0,0.0
64,1,136,137,49,1,0,6,0,0.8571428571428571,0.0,0.0,0.0
64,1,136,137,50,1,0,6,0,0.8571428571428571,0.0,0.0,0.0
64,1,136,137,51,2,0,6,0,1.5,0.0,0.0,0.0
64,1,136,137,52,2,0,7,0,1.5555555555555556,0.0,0.0,0.0
64,1,136,137,53,2,0,8,0,1.6,0.0,0.0,0.0
64,1,136,137,54,1,0,9,0,0.9,0.0,0.0,0.0
64,1,144,145,8,4,0,1,0,0.8,0.0,0.0,0.0
64,1,144,145,38,1,0,3,0,0.75,0.0,0.0,0.0
64,1,144,145,39,1,0,2,0,0.6666666666666666,0.0,0.0,0.0
64,1,144,145,40,1,0,2,0,0.6666666666666666,0.0,0.0,0.0
64,1,144,145,41,1,0,3,0,0.75,0.0,0.0,0.0
64,1,144,145,42,2,1,4,0,1.3333333333333333,0.5,0.0,0.5
64,1,144,145,44,1,0,7,0,0.875,0.0,0.0,0.0
64,1,144,145,45,1,0,9,0,0.9,0.0,0.0,0.0
64,1,144,145,46,1,0,11,0,0.9166666666666666,0.0,0.0,0.0
64,1,144,145,52,3,0,10,0,2.3076923076923075,0.0,0.0,0.0
64,1,152,153,1,1,0,2,0,0.6666666666666666,0.0,0.0,0.0
64,1,152,153,2,2,0,3,0,1.2,0.0,0.0,0.0
64,1,152,153,4,1,0,6,0,0.8571428571428571,0.0,0.0,0.0
64,1,152,153,5,1,0,7,0,0.875,0.0,0.0,0.0
64,1,152,153,6,2,0,7,0,1.5555555555555556,0.0,0.0,0.0
64,1,152,153,8,1,0,8,0,0.8888888888888888,0.0,0.0,0.0
64,1,152,153,9,3,0,7,0,2.1,0.0,0.0,0.0
64,1,152,153,10,1,0,8,0,0.8888888888888888,0.0,0.0,0.0
64,1,152,153,11,1,0,8,0,0.8888888888888888,0.0,0.0,0.0
64,1,152,153,12,1,0,8,0,0.8888888888888888,0.0,0.0,0.0
64,1,152,153,14,1,0,7,0,0.875,0.0,0.0,0.0
64,1,152,153,15,1,0,6,0,0.8571428571428571,0.0,0.0,0.0
64,1,152,153,16,4,0,3,0,1.7142857142857142,0.0,0.0,0.0
64,1,152,153,17,3,0,1,0,0.75,0.0,0.0,0.0
64,1,152,153,40,1,0,4,0,0.8,0.0,0.0,0.0
64,1,152,153,42,3,0,5,0,1.875,0.0,0.0,0.0
64,1,152,153,44,3,0,7,0,2.1,0.0,0.0,0.0
64,1,152,153,46,1,0,11,0,0.9166666666666666,0.0,0.0,0.0
64,1,160,161,4,2,0,9,0,1.6363636363636365,0.0,0.0,0.0
64,1,160,161,10,5,0,11,0,3.4375,0.0,0.0,0.0
64,1,160,161,12,1,0,9,0,0.9,0.0,0.0,0.0
64,1,160,161,13,1,0,9,0,0.9,0.0,0.0,0.0
64,1,160,161,20,3,0,7,0,2.1,0.0,0.0,0.0
64,1,168,169,14,3,0,9,0,2.25,0.0,0.0,0.0
64,2,8,9,9,21,19,1,0,0.9545454545454546,0.9047619047619048,0.0,0.9047619047619048
64,2,16,17,14,12,1,4,0,3.0,0.08333333333333333,0.0,0.08333333333333333
64,2,16,17,15,5,0,16,0,3.8095238095238093,0.0,0.0,0.0
64,2,24,25,19,16,16,1,1,0.9411764705882353,1.0,1.0,0.0
64,2,32,33,24,3,1,7,0,2.1,0.3333333333333333,0.0,0.3333333333333333
64,2,32,33,25,4,2,10,0,2.857142857142857,0.5,0.0,0.5
64,2,40,41,27,3,3,1,0,0.75,1.0,0.0,1.0
64,2,40,41,28,2,0,3,0,1.2,0.0,0.0,0.0
64,2,40,41,29,10,8,4,0,2.857142857142857,0.8,0.0,0.8
64,2,48,49,34,6,0,5,0,2.727272727272727,0.0,0.0,0.0
64,2,48,49,35,5,1,8,0,3.076923076923077,0.2,0.0,0.2
64,2,56,57,39,7,7,2,0,1.5555555555555556,1.0,0.0,1.0
64,2,64,65,40,1,0,1,0,0.5,0.0,0.0,0.0
64,2,64,65,41,2,0,2,0,1.0,0.0,0.0,0.0
64,2,64,65,45,1,1,13,0,0.9285714285714286,1.0,0.0,1.0
64,2,72,73,40,1,0,1,0,0.5,0.0,0.0,0.0
64,2,72,73,41,1,0,2,0,0.6666666666666666,0.0,0.0,0.0
64,2,72,73,42,2,0,3,0,1.2,0.0,0.0,0.0
64,2,72,73,43,1,0,5,0,0.8333333333333334,0.0,0.0,0.0
64,2,72,73,44,1,0,8,0,0.8888888888888888,0.0,0.0,0.0
64,2,72,73,45,1,0,11,0,0.9166666666666666,0.0,0.0,0.0
64,2,72,73,46,1,0,14,0,0.9333333333333333,0.0,0.0,0.0
64,2,72,73,47,2,0,16,0,1.7777777777777777,0.0,0.0,0.0
64,2,80,81,41,1,0,1,0,0.5,0.0,0.0,0.0
64,2,80,81,42,2,0,2,0,1.0,0.0,0.0,0.0
64,2,80,81,43,1,0,4,0,0.8,0.0,0.0,0.0
64,2,80,81,44,1,0,7,0,0.875,0.0,0.0,0.0
64,2,80,81,45,1,0,10,0,0.9090909090909091,0.0,0.0,0.0
64,2,80,81,46,1,0,13,0,0.9285714285714286,0.0,0.0,0.0
64,2,80,81,47,1,0,15,0,0.9375,0.0,0.0,0.0
64,2,80,81,48,1,0,17,0,0.9444444444444444,0.0,0.0,0.0
64,2,80,81,49,1,0,19,0,0.95,0.0,0.0,0.0
64,2,80,81,50,1,0,21,0,0.9545454545454546,0.0,0.0,0.0
64,2,80,81,51,2,1,23,0,1.84,0.5,0.0,0.5
64,2,80,81,52,1,0,25,0,0.9615384615384616,0.0,0.0,0.0
64,2,80,81,53,2,1,26,0,1.8571428571428572,0.5,0.0,0.5
64,2,88,89,41,1,0,1,0,0.5,0.0,0.0,0.0
64,2,88,89,42,1,0,2,0,0.6666666666666666,0.0,0.0,0.0
64,2,88,89,43,2,0,3,0,1.2,0.0,0.0,0.0
64,2,88,89,44,1,0,7,0,0.875,0.0,0.0,0.0
64,2,88,89,45,1,0,10,0,0.9090909090909091,0.0,0.0,0.0
64,2,88,89,46,1,0,13,0,0.9285714285714286,0.0,0.0,0.0
64,2,88,89,47,1,0,15,0,0.9375,0.0,0.0,0.0
64,2,88,89,48,1,0,17,0,0.9444444444444444,0.0,0.0,0.0
64,2,88,89,49,1,0,19,0,0.95,0.0,0.0,0.0
64,2,88,89,50,1,0,21,0,0.9545454545454546,0.0,0.0,0.0
64,2,88,89,51,1,0,23,0,0.9583333333333334,0.0,0.0,0.0
64,2,88,89,52,1,0,24,0,0.96,0.0,0.0,0.0
64,2,88,89,53,1,0,25,0,0.9615384615384616,0.0,0.0,0.0
64,2,88,89,54,1,0,26,0,0.9629629629629629,0.0,0.0,0.0
64,2,88,89,55,1,0,27,0,0.9642857142857143,0.0,0.0,0.0
64,2,96,97,42,1,0,1,0,0.5,0.0,0.0,0.0
64,2,96,97,43,2,0,2,0,1.0,0.0,0.0,0.0
64,2,96,97,44,1,0,6,0,0.8571428571428571,0.0,0.0,0.0
64,2,96,97,45,1,0,9,0,0.9,0.0,0.0,0.0
64,2,96,97,46,1,0,12,0,0.9230769230769231,0.0,0.0,0.0
64,2,96,97,47,1,0,14,0,0.9333333333333333,0.0,0.0,0.0
64,2,96,97,48,2,0,16,0,1.7777777777777777,0.0,0.0,0.0
64,2,96,97,49,1,1,19,0,0.95,1.0,0.0,1.0
64,2,96,97,51,2,1,22,0,1.8333333333333333,0.5,0.0,0.5
64,2,96,97,52,1,0,24,0,0.96,0.0,0.0,0.0
64,2,96,97,53,1,0,25,0,0.9615384615384616,0.0,0.0,0.0
64,2,96,97,54,1,0,26,0,0.9629629629629629,0.0,0.0,0.0
64,2,96,97,55,1,0,27,0,0.9642857142857143,0.0,0.0,0.0
64,2,104,105,43,3,1,1,0,0.75,0.3333333333333333,0.0,0.3333333333333333
64,2,104,105,44,1,0,6,0,0.8571428571428571,0.0,0.0,0.0
64,2,104,105,45,1,1,9,0,0.9,1.0,0.0,1.0
64,2,104,105,46,1,0,12,0,0.9230769230769231,0.0,0.0,0.0
64,2,104,105,47,1,0,14,0,0.9333333333333333,0.0,0.0,0.0
64,2,104,105,48,1,0,16,0,0.9411764705882353,0.0,0.0,0.0
64,2,104,105,49,1,0,18,0,0.9473684210526315,0.0,0.0,0.0
64,2,104,105,50,1,0,20,0,0.9523809523809523,0.0,0.0,0.0
64,2,104,105,51,1,0,22,0,0.9565217391304348,0.0,0.0,0.0
64,2,104,105,52,1,0,23,0,0.9583333333333334,0.0,0.0,0.0
64,2,104,105,53,1,0,24,0,0.96,0.0,0.0,0.0
64,2,104,105,54,1,0,25,0,0.9615384615384616,0.0,0.0,0.0
64,2,104,105,55,1,0,26,0,0.9629629629629629,0.0,0.0,0.0
64,2,104,105,56,1,0,26,0,0.9629629629629629,0.0,0.0,0.0
64,2,112,113,45,2,0,7,0,1.5555555555555556,0.0,0.0,0.0
64,2,112,113,46,1,0,11,0,0.9166666666666666,0.0,0.0,0.0
64,2,112,113,47,4,0,13,0,3.0588235294117645,0.0,0.0,0.0
64,2,112,113,49,1,0,19,0,0.95,0.0,0.0,0.0
64,2,112,113,51,1,0,22,0,0.9565217391304348,0.0,0.0,0.0
64,2,112,113,53,2,1,23,0,1.84,0.5,0.0,0.5
64,2,112,113,54,1,0,25,0,0.9615384615384616,0.0,0.0,0.0
64,2,112,113,55,1,1,26,0,0.9629629629629629,1.0,0.0,1.0
64,2,112,113,56,1,0,26,0,0.9629629629629629,0.0,0.0,0.0
64,2,112,113,91,2,0,28,0,1.8666666666666667,0.0,0.0,0.0
64,2,112,113,93,1,0,30,0,0.967741935483871,0.0,0.0,0.0
64,2,120,121,42,2,0,1,0,0.6666666666666666,0.0,0.0,0.0
64,2,120,121,43,4,1,3,0,1.7142857142857142,0.25,0.0,0.25
64,2,120,121,49,1,0,21,0,0.9545454545454546,0.0,0.0,0.0
64,2,120,121,51,1,0,24,0,0.96,0.0,0.0,0.0
64,2,120,121,53,1,0,25,0,0.9615384615384616,0.0,0.0,0.0
64,2,120,121,54,1,0,25,0,0.9615384615384616,0.0,0.0,0.0
64,2,120,121,55,1,0,25,0,0.9615384615384616,0.0,0.0,0.0
64,2,120,121,57,2,1,24,0,1.8461538461538463,0.5,0.0,0.5
64,2,128,129,52,1,0,26,0,0.9629629629629629,0.0,0.0,0.0
64,2,128,129,53,1,0,26,0,0.9629629629629629,0.0,0.0,0.0
64,2,128,129,55,1,0,27,0,0.9642857142857143,0.0,0.0,0.0
64,2,136,137,1,1,0,2,0,0.6666666666666666,0.0,0.0,0.0
64,2,136,137,3,2,0,5,0,1.4285714285714286,0.0,0.0,0.0
64,2,136,137,5,2,0,8,0,1.6,0.0,0.0,0.0
64,2,136,137,7,1,0,10,0,0.9090909090909091,0.0,0.0,0.0
64,2,136,137,9,4,0,10,0,2.857142857142857,0.0,0.0,0.0
64,2,136,137,10,2,0,11,0,1.6923076923076923,0.0,0.0,0.0
64,2,136,137,11,11,1,4,0,2.933333333333333,0.09090909090909091,0.0,0.09090909090909091
64,2,136,137,13,6,1,4,0,2.4,0.16666666666666666,0.0,0.16666666666666666
64,2,136,137,14,2,0,3,0,1.2,0.0,0.0,0.0
64,2,144,145,3,1,0,7,0,0.875,0.0,0.0,0.0
64,2,144,145,5,3,0,10,0,2.3076923076923075,0.0,0.0,0.0
64,2,144,145,6,1,0,14,0,0.9333333333333333,0.0,0.0,0.0
64,2,144,145,8,1,0,19,0,0.95,0.0,0.0,0.0
64,2,144,145,11,1,0,23,0,0.9583333333333334,0.0,0.0,0.0
64,2,144,145,13,1,0,21,0,0.9545454545454546,0.0,0.0,0.0
64,2,144,145,14,1,0,20,0,0.9523809523809523,0.0,0.0,0.0
64,2,144,145,15,2,0,17,0,1.7894736842105263,0.0,0.0,0.0
64,2,144,145,16,1,0,16,0,0.9411764705882353,0.0,0.0,0.0
64,2,144,145,17,5,0,12,0,3.5294117647058822,0.0,0.0,0.0
64,2,144,145,18,4,0,10,0,2.857142857142857,0.0,0.0,0.0
64,2,144,145,19,4,2,8,0,2.6666666666666665,0.5,0.0,0.5
64,2,144,145,20,2,0,7,0,1.5555555555555556,0.0,0.0,0.0
64,2,144,145,21,5,0,3,0,1.875,0.0,0.0,0.0
64,2,144,145,22,2,0,2,0,1.0,0.0,0.0,0.0
64,2,152,153,18,1,0,16,0,0.9411764705882353,0.0,0.0,0.0
64,2,152,153,25,2,0,6,0,1.5,0.0,0.0,0.0
64,2,152,153,26,1,0,6,0,0.8571428571428571,0.0,0.0,0.0
64,2,152,153,27,5,0,1,0,0.8333333333333334,0.0,0.0,0.0
64,2,152,153,28,1,0,1,0,0.5,0.0,0.0,0.0
64,2,152,153,29,1,0,1,0,0.5,0.0,0.0,0.0
64,2,152,153,30,1,0,1,0,0.5,0.0,0.0,0.0
64,2,152,153,31,1,0,1,0,0.5,0.0,0.0,0.0
64,2,152,153,32,1,0,1,0,0.5,0.0,0.0,0.0
64,2,152,153,33,1,0,1,0,0.5,0.0,0.0,0.0
64,2,152,153,34,1,0,1,0,0.5,0.0,0.0,0.0
64,2,152,153,35,1,0,1,0,0.5,0.0,0.0,0.0
64,2,160,161,19,1,0,16,0,0.9411764705882353,0.0,0.0,0.0
64,2,160,161,21,2,0,11,0,1.6923076923076923,0.0,0.0,0.0
64,2,160,161,22,1,0,11,0,0.9166666666666666,0.0,0.0,0.0
64,2,160,161,23,1,0,10,0,0.9090909090909091,0.0,0.0,0.0
64,2,160,161,24,1,0,9,0,0.9,0.0,0.0,0.0
64,2,160,161,25,1,0,8,0,0.8888888888888888,0.0,0.0,0.0
64,2,160,161,27,2,0,6,0,1.5,0.0,0.0,0.0
64,2,160,161,29,1,0,5,0,0.8333333333333334,0.0,0.0,0.0
64,2,160,161,31,2,0,3,0,1.2,0.0,0.0,0.0
64,2,160,161,33,2,0,3,0,1.2,0.0,0.0,0.0
64,2,160,161,34,2,0,2,0,1.0,0.0,0.0,0.0
64,2,168,169,21,1,0,13,0,0.9285714285714286,0.0,0.0,0.0
64,2,168,169,22,1,0,12,0,0.9230769230769231,0.0,0.0,0.0
64,2,168,169,23,1,0,11,0,0.9166666666666666,0.0,0.0,0.0
64,2,168,169,25,1,0,10,0,0.9090909090909091,0.0,0.0,0.0
64,2,168,169,27,1,0,9,0,0.9,0.0,0.0,0.0
64,2,168,169,29,2,0,8,0,1.6,0.0,0.0,0.0
64,2,168,169,31,1,0,8,0,0.8888888888888888,0.0,0.0,0.0
64,2,168,169,33,1,0,9,0,0.9,0.0,0.0,0.0
64,2,168,169,35,1,0,9,0,0.9,0.0,0.0,0.0
64,2,168,169,37,1,0,7,0,0.875,0.0,0.0,0.0
64,2,168,169,39,4,0,4,0,2.0,0.0,0.0,0.0
64,2,168,169,40,1,0,5,0,0.8333333333333334,0.0,0.0,0.0
64,2,168,169,41,3,0,4,0,1.7142857142857142,0.0,0.0,0.0
64,2,176,177,23,1,0,13,0,0.9285714285714286,0.0,0.0,0.0
64,2,176,177,25,1,0,12,0,0.9230769230769231,0.0,0.0,0.0
64,2,176,177,26,1,0,12,0,0.9230769230769231,0.0,0.0,0.0
64,2,176,177,27,1,0,12,0,0.9230769230769231,0.0,0.0,0.0
64,2,176,177,29,1,0,11,0,0.9166666666666666,0.0,0.0,0.0
64,2,176,177,30,1,0,11,0,0.9166666666666666,0.0,0.0,0.0
64,2,176,177,31,1,0,11,0,0.9166666666666666,0.0,0.0,0.0
64,2,176,177,33,1,0,12,0,0.9230769230769231,0.0,0.0,0.0
64,2,176,177,35,1,0,12,0,0.9230769230769231,0.0,0.0,0.0
64,2,184,185,30,1,0,13,0,0.9285714285714286,0.0,0.0,0.0
64,2,184,185,32,1,0,13,0,0.9285714285714286,0.0,0.0,0.0
64,2,200,201,67,2,0,20,0,1.8181818181818181,0.0,0.0,0.0
64,2,200,201,68,1,0,22,0,0.9565217391304348,0.0,0.0,0.0
64,2,200,201,69,2,0,22,0,1.8333333333333333,0.0,0.0,0.0
64,2,200,201,70,1,0,23,0,0.9583333333333334,0.0,0.0,0.0
64,2,200,201,71,2,2,23,0,1.84,1.0,0.0,1.0
64,2,208,209,67,1,0,21,0,0.9545454545454546,0.0,0.0,0.0
64,2,208,209,68,1,0,22,0,0.9565217391304348,0.0,0.0,0.0
64,2,208,209,69,1,0,23,0,0.9583333333333334,0.0,0.0,0.0
64,2,208,209,70,3,0,22,0,2.64,0.0,0.0,0.0
64,2,208,209,72,4,0,22,0,3.3846153846153846,0.0,0.0,0.0
64,2,208,209,73,1,0,24,0,0.96,0.0,0.0,0.0
64,2,208,209,74,3,1,24,0,2.6666666666666665,0.3333333333333333,0.0,0.3333333333333333
64,2,208,209,75,1,0,25,0,0.9615384615384616,0.0,0.0,0.0
64,2,208,209,76,1,0,24,0,0.96,0.0,0.0,0.0
64,2,208,209,77,3,1,22,0,2.64,0.3333333333333333,0.0,0.3333333333333333
64,2,208,209,78,2,0,20,0,1.8181818181818181,0.0,0.0,0.0
64,2,208,209,79,2,1,19,0,1.8095238095238095,0.5,0.0,0.5
64,2,208,209,80,1,0,17,0,0.9444444444444444,0.0,0.0,0.0
64,2,208,209,81,1,0,16,0,0.9411764705882353,0.0,0.0,0.0
64,2,208,209,82,2,0,16,0,1.7777777777777777,0.0,0.0,0.0
64,2,240,241,71,2,1,23,0,1.84,0.5,0.0,0.5
64,2,240,241,73,2,0,25,0,1.8518518518518519,0.0,0.0,0.0
64,2,248,249,68,1,0,23,0,0.9583333333333334,0.0,0.0,0.0
64,2,248,249,69,1,0,23,0,0.9583333333333334,0.0,0.0,0.0
64,2,248,249,70,1,0,23,0,0.9583333333333334,0.0,0.0,0.0
64,2,248,249,71,2,0,23,0,1.84,0.0,0.0,0.0
64,3,16,17,14,9,0,1,0,0.9,0.0,0.0,0.0
64,3,16,17,15,5,0,9,0,3.2142857142857144,0.0,0.0,0.0
64,3,24,25,18,1,0,1,0,0.5,0.0,0.0,0.0
64,3,24,25,19,11,9,2,0,1.6923076923076923,0.8181818181818182,0.0,0.8181818181818182
64,3,32,33,22,2,0,1,0,0.6666666666666666,0.0,0.0,0.0
64,3,32,33,23,16,15,3,0,2.526315789473684,0.9375,0.0,0.9375
64,3,32,33,24,2,0,20,0,1.8181818181818181,0.0,0.0,0.0
64,3,32,33,25,4,4,25,0,3.4482758620689653,1.0,0.0,1.0
64,3,40,41,27,2,2,7,0,1.5555555555555556,1.0,0.0,1.0
64,3,40,41,29,23,22,11,0,7.4411764705882355,0.9565217391304348,0.0,0.9565217391304348
64,3,40,41,30,3,1,33,0,2.75,0.3333333333333333,0.0,0.3333333333333333
64,3,48,49,35,13,13,13,0,6.5,1.0,0.0,1.0
64,3,48,49,37,1,0,20,0,0.9523809523809523,0.0,0.0,0.0
64,3,56,57,34,2,0,13,0,1.7333333333333334,0.0,0.0,0.0
64,3,56,57,35,1,0,14,0,0.9333333333333333,0.0,0.0,0.0
64,3,56,57,36,2,0,14,0,1.75,0.0,0.0,0.0
64,3,56,57,37,1,0,15,0,0.9375,0.0,0.0,0.0
64,3,56,57,38,1,0,14,0,0.9333333333333333,0.0,0.0,0.0
64,3,56,57,39,1,0,12,0,0.9230769230769231,0.0,0.0,0.0
64,3,64,65,27,4,1,4,0,2.0,0.25,0.0,0.25
64,3,64,65,28,4,1,6,0,2.4,0.25,0.0,0.25
64,3,64,65,29,4,2,8,0,2.6666666666666665,0.5,0.0,0.5
64,3,64,65,30,2,0,11,0,1.6923076923076923,0.0,0.0,0.0
64,3,64,65,31,4,2,11,0,2.933333333333333,0.5,0.0,0.5
64,3,64,65,32,2,0,14,0,1.75,0.0,0.0,0.0
64,3,64,65,33,4,1,14,0,3.111111111111111,0.25,0.0,0.25
64,3,64,65,34,2,0,17,0,1.7894736842105263,0.0,0.0,0.0
64,3,64,65,35,1,0,18,1,0.9473684210526315,0.0,0.05555555555555555,-0.05555555555555555
64,3,64,65,36,1,0,18,0,0.9473684210526315,0.0,0.0,0.0
64,3,72,73,23,1,0,2,0,0.6666666666666666,0.0,0.0,0.0
64,3,72,73,24,3,0,3,0,1.5,0.0,0.0,0.0
64,3,72,73,26,10,0,5,0,3.3333333333333335,0.0,0.0,0.0
64,3,72,73,27,2,0,14,0,1.75,0.0,0.0,0.0
64,3,72,73,28,4,0,14,0,3.111111111111111,0.0,0.0,0.0
64,3,72,73,29,2,0,16,0,1.7777777777777777,0.0,0.0,0.0
64,3,72,73,30,3,0,16,0,2.526315789473684,0.0,0.0,0.0
64,3,72,73,31,2,0,17,0,1.7894736842105263,0.0,0.0,0.0
64,3,72,73,32,2,0,17,0,1.7894736842105263,0.0,0.0,0.0
64,3,72,73,33,2,0,17,0,1.7894736842105263,0.0,0.0,0.0
64,3,72,73,34,2,0,16,0,1.7777777777777777,0.0,0.0,0.0
64,3,72,73,35,2,0,15,0,1.7647058823529411,0.0,0.0,0.0
64,3,72,73,36,2,0,14,0,1.75,0.0,0.0,0.0
64,3,72,73,37,2,0,13,0,1.7333333333333334,0.0,0.0,0.0
64,3,72,73,38,2,0,12,0,1.7142857142857142,0.0,0.0,0.0
64,3,72,73,39,2,0,11,0,1.6923076923076923,0.0,0.0,0.0
64,3,80,81,18,5,0,1,0,0.8333333333333334,0.0,0.0,0.0
64,3,80,81,23,1,0,11,0,0.9166666666666666,0.0,0.0,0.0
64,3,80,81,27,2,0,13,0,1.7333333333333334,0.0,0.0,0.0
64,3,80,81,28,2,0,14,0,1.75,0.0,0.0,0.0
64,3,80,81,29,2,0,15,0,1.7647058823529411,0.0,0.0,0.0
64,3,80,81,30,2,0,15,0,1.7647058823529411,0.0,0.0,0.0
64,3,80,81,31,2,0,15,0,1.7647058823529411,0.0,0.0,0.0
64,3,80,81,32,2,0,15,0,1.7647058823529411,0.0,0.0,0.0
64,3,80,81,33,2,0,15,0,1.7647058823529411,0.0,0.0,0.0
64,3,80,81,34,2,0,14,0,1.75,0.0,0.0,0.0
64,3,80,81,35,2,0,13,0,1.7333333333333334,0.0,0.0,0.0
64,3,80,81,36,2,0,12,0,1.7142857142857142,0.0,0.0,0.0
64,3,80,81,37,2,0,11,0,1.6923076923076923,0.0,0.0,0.0
64,3,80,81,38,3,0,10,0,2.3076923076923075,0.0,0.0,0.0
64,3,80,81,39,1,0,10,0,0.9090909090909091,0.0,0.0,0.0
64,3,80,81,40,2,0,9,0,1.6363636363636365,0.0,0.0,0.0
64,3,88,89,23,1,0,11,0,0.9166666666666666,0.0,0.0,0.0
64,3,88,89,28,1,0,13,0,0.9285714285714286,0.0,0.0,0.0
64,3,88,89,29,1,1,14,0,0.9333333333333333,1.0,0.0,1.0
64,3,88,89,30,1,0,14,0,0.9333333333333333,0.0,0.0,0.0
64,3,88,89,31,1,0,14,0,0.9333333333333333,0.0,0.0,0.0
64,3,88,89,32,1,0,14,0,0.9333333333333333,0.0,0.0,0.0
64,3,88,89,33,1,0,14,0,0.9333333333333333,0.0,0.0,0.0
64,3,88,89,34,1,0,13,0,0.9285714285714286,0.0,0.0,0.0
64,3,88,89,35,1,0,12,0,0.9230769230769231,0.0,0.0,0.0
64,3,88,89,36,1,0,11,0,0.9166666666666666,0.0,0.0,0.0
64,3,88,89,37,1,0,10,0,0.9090909090909091,0.0,0.0,0.0
64,3,88,89,38,1,0,9,0,0.9,0.0,0.0,0.0
64,3,88,89,39,3,2,8,0,2.1818181818181817,0.6666666666666666,0.0,0.6666666666666666
64,3,88,89,41,1,0,8,0,0.8888888888888888,0.0,0.0,0.0
64,3,96,97,7,1,0,1,0,0.5,0.0,0.0,0.0
64,3,96,97,8,1,0,1,0,0.5,0.0,0.0,0.0
64,3,96,97,9,1,0,1,0,0.5,0.0,0.0,0.0
64,3,96,97,10,1,0,1,0,0.5,0.0,0.0,0.0
64,3,96,97,24,1,0,12,0,0.9230769230769231,0.0,0.0,0.0
64,3,96,97,33,1,0,9,0,0.9,0.0,0.0,0.0
64,3,96,97,35,2,2,7,0,1.5555555555555556,1.0,0.0,1.0
64,3,96,97,37,3,3,5,0,1.875,1.0,0.0,1.0
64,3,96,97,39,2,2,3,0,1.2,1.0,0.0,1.0
64,3,96,97,40,1,0,3,0,0.75,0.0,0.0,0.0
64,3,96,97,41,2,2,3,0,1.2,1.0,0.0,1.0
64,3,96,97,42,2,0,4,0,1.3333333333333333,0.0,0.0,0.0
64,3,96,97,43,3,2,7,0,2.1,0.6666666666666666,0.0,0.6666666666666666
64,3,96,97,44,2,0,9,0,1.6363636363636365,0.0,0.0,0.0
64,3,96,97,45,1,1,12,0,0.9230769230769231,1.0,0.0,1.0
64,3,104,105,2,1,0,7,0,0.875,0.0,0.0,0.0
64,3,104,105,3,3,0,8,0,2.1818181818181817,0.0,0.0,0.0
64,3,104,105,4,5,0,6,0,2.727272727272727,0.0,0.0,0.0
64,3,104,105,6,4,1,4,0,2.0,0.25,0.0,0.25
64,3,104,105,7,1,0,4,0,0.8,0.0,0.0,0.0
64,3,104,105,8,2,0,3,0,1.2,0.0,0.0,0.0
64,3,104,105,25,3,0,13,0,2.4375,0.0,0.0,0.0
64,3,104,105,26,2,0,13,0,1.7333333333333334,0.0,0.0,0.0
64,3,104,105,27,2,0,13,0,1.7333333333333334,0.0,0.0,0.0
64,3,104,105,28,3,0,13,0,2.4375,0.0,0.0,0.0
64,3,104,105,29,2,0,13,0,1.7333333333333334,0.0,0.0,0.0
64,3,104,105,30,3,0,12,0,2.4,0.0,0.0,0.0
64,3,104,105,31,2,0,12,0,1.7142857142857142,0.0,0.0,0.0
64,3,104,105,32,2,0,11,0,1.6923076923076923,0.0,0.0,0.0
64,3,104,105,33,2,0,10,0,1.6666666666666667,0.0,0.0,0.0
64,3,104,105,34,2,0,9,0,1.6363636363636365,0.0,0.0,0.0
64,3,104,105,35,3,0,7,0,2.1,0.0,0.0,0.0
64,3,104,105,36,2,0,6,0,1.5,0.0,0.0,0.0
64,3,104,105,38,2,0,4,0,1.3333333333333333,0.0,0.0,0.0
64,3,104,105,40,1,0,2,0,0.6666666666666666,0.0,0.0,0.0
64,3,112,113,6,1,0,17,0,0.9444444444444444,0.0,0.0,0.0
64,3,112,113,7,1,0,16,0,0.9411764705882353,0.0,0.0,0.0
64,3,112,113,8,7,0,9,0,3.9375,0.0,0.0,0.0
64,3,112,113,10,1,0,6,0,0.8571428571428571,0.0,0.0,0.0
64,3,112,113,12,4,0,1,0,0.8,0.0,0.0,0.0
64,3,112,113,25,2,0,14,0,1.75,0.0,0.0,0.0
64,3,112,113,26,2,0,14,0,1.75,0.0,0.0,0.0
64,3,112,113,27,2,0,14,0,1.75,0.0,0.0,0.0
64,3,112,113,28,2,0,14,0,1.75,0.0,0.0,0.0
64,3,112,113,29,2,0,14,0,1.75,0.0,0.0,0.0
64,3,112,113,30,2,0,13,0,1.7333333333333334,0.0,0.0,0.0
64,3,112,113,31,2,0,12,0,1.7142857142857142,0.0,0.0,0.0
64,3,112,113,32,2,0,11,0,1.6923076923076923,0.0,0.0,0.0
64,3,112,113,33,2,0,10,0,1.6666666666666667,0.0,0.0,0.0
64,3,112,113,34,2,0,9,0,1.6363636363636365,0.0,0.0,0.0
64,3,112,113,35,2,0,8,0,1.6,0.0,0.0,0.0
64,3,112,113,36,3,0,6,0,2.0,0.0,0.0,0.0
64,3,112,113,37,1,0,6,0,0.8571428571428571,0.0,0.0,0.0
64,3,112,113,38,1,0,5,0,0.8333333333333334,0.0,0.0,0.0
64,3,112,113,39,1,0,3,0,0.75,0.0,0.0,0.0
64,3,112,113,40,1,0,2,0,0.6666666666666666,0.0,0.0,0.0
64,3,120,121,12,2,0,13,0,1.7333333333333334,0.0,0.0,0.0
64,3,120,121,13,1,0,12,0,0.9230769230769231,0.0,0.0,0.0
64,3,120,121,14,6,0,7,0,3.230769230769231,0.0,0.0,0.0
64,3,120,121,16,1,0,8,0,0.8888888888888888,0.0,0.0,0.0
64,3,120,121,17,1,0,8,0,0.8888888888888888,0.0,0.0,0.0
64,3,120,121,18,3,0,6,0,2.0,0.0,0.0,0.0
64,3,120,121,25,2,0,14,0,1.75,0.0,0.0,0.0
64,3,120,121,26,2,0,14,0,1.75,0.0,0.0,0.0
64,3,120,121,27,2,0,14,0,1.75,0.0,0.0,0.0
64,3,120,121,28,2,0,14,0,1.75,0.0,0.0,0.0
64,3,120,121,29,2,0,14,0,1.75,0.0,0.0,0.0
64,3,120,121,30,2,0,13,0,1.7333333333333334,0.0,0.0,0.0
64,3,120,121,31,2,0,12,0,1.7142857142857142,0.0,0.0,0.0
64,3,120,121,32,2,0,11,0,1.6923076923076923,0.0,0.0,0.0
64,3,120,121,33,2,0,10,0,1.6666666666666667,0.0,0.0,0.0
64,3,120,121,34,2,0,9,0,1.6363636363636365,0.0,0.0,0.0
64,3,120,121,35,2,0,8,0,1.6,0.0,0.0,0.0
64,3,120,121,37,3,0,7,0,2.1,0.0,0.0,0.0
64,3,120,121,38,1,0,7,0,0.875,0.0,0.0,0.0
64,3,120,121,39,1,0,5,0,0.8333333333333334,0.0,0.0,0.0
64,3,120,121,53,3,2,33,0,2.75,0.6666666666666666,0.0,0.6666666666666666
64,3,120,121,54,2,0,34,0,1.8888888888888888,0.0,0.0,0.0
64,3,120,121,55,7,7,32,0,5.743589743589744,1.0,0.0,1.0
64,3,120,121,56,1,0,31,0,0.96875,0.0,0.0,0.0
64,3,120,121,57,3,2,29,0,2.71875,0.6666666666666666,0.0,0.6666666666666666
64,3,120,121,58,3,2,29,0,2.71875,0.6666666666666666,0.0,0.6666666666666666
64,3,120,121,59,4,2,29,0,3.515151515151515,0.5,0.0,0.5
64,3,120,121,60,2,0,29,0,1.8709677419354838,0.0,0.0,0.0
64,3,120,121,61,8,6,28,0,6.222222222222222,0.75,0.0,0.75
64,3,120,121,62,3,0,31,0,2.735294117647059,0.0,0.0,0.0
64,3,120,121,63,3,2,30,0,2.727272727272727,0.6666666666666666,0.0,0.6666666666666666
64,3,120,121,64,3,0,28,0,2.7096774193548385,0.0,0.0,0.0
64,3,120,121,66,1,0,25,0,0.9615384615384616,0.0,0.0,0.0
64,3,128,129,18,1,0,11,0,0.9166666666666666,0.0,0.0,0.0
64,3,128,129,25,2,0,14,0,1.75,0.0,0.0,0.0
64,3,128,129,26,2,0,14,0,1.75,0.0,0.0,0.0
64,3,128,129,27,2,0,14,0,1.75,0.0,0.0,0.0
64,3,128,129,28,2,0,14,0,1.75,0.0,0.0,0.0
64,3,128,129,29,2,0,14,0,1.75,0.0,0.0,0.0
64,3,128,129,30,2,0,13,0,1.7333333333333334,0.0,0.0,0.0
64,3,128,129,31,2,0,12,0,1.7142857142857142,0.0,0.0,0.0
64,3,128,129,32,2,0,11,0,1.6923076923076923,0.0,0.0,0.0
64,3,128,129,33,2,0,10,0,1.6666666666666667,0.0,0.0,0.0
64,3,128,129,34,2,0,9,0,1.6363636363636365,0.0,0.0,0.0
64,3,128,129,36,2,0,9,0,1.6363636363636365,0.0,0.0,0.0
64,3,128,129,37,1,0,9,0,0.9,0.0,0.0,0.0
64,3,128,129,38,1,0,8,0,0.8888888888888888,0.0,0.0,0.0
64,3,128,129,39,2,0,5,0,1.4285714285714286,0.0,0.0,0.0
64,3,128,129,49,1,0,19,0,0.95,0.0,0.0,0.0
64,3,128,129,50,1,0,21,0,0.9545454545454546,0.0,0.0,0.0
64,3,128,129,53,2,0,27,0,1.8620689655172413,0.0,0.0,0.0
64,3,128,129,54,5,0,28,0,4.242424242424242,0.0,0.0,0.0
64,3,128,129,55,4,0,32,0,3.5555555555555554,0.0,0.0,0.0
64,3,128,129,56,5,0,33,0,4.342105263157895,0.0,0.0,0.0
64,3,128,129,57,2,0,35,0,1.8918918918918919,0.0,0.0,0.0
64,3,128,129,58,4,0,34,0,3.5789473684210527,0.0,0.0,0.0
64,3,128,129,59,2,0,35,0,1.8918918918918919,0.0,0.0,0.0
64,3,128,129,60,3,0,33,0,2.75,0.0,0.0,0.0
64,3,128,129,61,3,0,32,0,2.742857142857143,0.0,0.0,0.0
64,3,128,129,62,3,0,31,0,2.735294117647059,0.0,0.0,0.0
64,3,128,129,63,2,1,29,0,1.8709677419354838,0.5,0.0,0.5
64,3,128,129,64,4,0,25,0,3.4482758620689653,0.0,0.0,0.0
64,3,128,129,65,1,0,25,0,0.9615384615384616,0.0,0.0,0.0
64,3,128,129,67,1,1,22,0,0.9565217391304348,1.0,0.0,1.0
64,3,128,129,71,2,0,14,0,1.75,0.0,0.0,0.0
64,3,136,137,20,2,0,13,0,1.7333333333333334,0.0,0.0,0.0
64,3,136,137,21,1,0,14,0,0.9333333333333333,0.0,0.0,0.0
64,3,136,137,22,3,1,13,0,2.4375,0.3333333333333333,0.0,0.3333333333333333
64,3,136,137,24,4,1,16,0,3.2,0.25,0.0,0.25
64,3,136,137,25,2,0,19,0,1.8095238095238095,0.0,0.0,0.0
64,3,136,137,26,6,0,17,0,4.434782608695652,0.0,0.0,0.0
64,3,136,137,27,3,0,18,0,2.5714285714285716,0.0,0.0,0.0
64,3,136,137,28,7,1,15,0,4.7727272727272725,0.14285714285714285,0.0,0.14285714285714285
64,3,136,137,29,3,0,15,0,2.5,0.0,0.0,0.0
64,3,136,137,30,2,0,14,0,1.75,0.0,0.0,0.0
64,3,136,137,31,2,0,13,0,1.7333333333333334,0.0,0.0,0.0
64,3,136,137,32,2,0,12,0,1.7142857142857142,0.0,0.0,0.0
64,3,136,137,33,1,0,12,0,0.9230769230769231,0.0,0.0,0.0
64,3,136,137,34,2,0,11,0,1.6923076923076923,0.0,0.0,0.0
64,3,136,137,35,2,0,10,0,1.6666666666666667,0.0,0.0,0.0
64,3,136,137,36,2,0,9,0,1.6363636363636365,0.0,0.0,0.0
64,3,136,137,37,1,0,9,0,0.9,0.0,0.0,0.0
64,3,136,137,38,1,0,8,0,0.8888888888888888,0.0,0.0,0.0
64,3,136,137,39,1,0,6,0,0.8571428571428571,0.0,0.0,0.0
64,3,136,137,40,1,0,5,0,0.8333333333333334,0.0,0.0,0.0
64,3,136,137,41,2,0,3,0,1.2,0.0,0.0,0.0
64,3,136,137,48,1,0,17,0,0.9444444444444444,0.0,0.0,0.0
64,3,136,137,50,2,0,21,0,1.826086956521739,0.0,0.0,0.0
64,3,136,137,51,2,0,25,0,1.8518518518518519,0.0,0.0,0.0
64,3,136,137,52,2,0,29,0,1.8709677419354838,0.0,0.0,0.0
64,3,136,137,53,2,0,33,0,1.8857142857142857,0.0,0.0,0.0
64,3,136,137,54,2,0,35,0,1.8918918918918919,0.0,0.0,0.0
64,3,136,137,55,2,0,37,0,1.8974358974358974,0.0,0.0,0.0
64,3,136,137,56,3,0,36,0,2.769230769230769,0.0,0.0,0.0
64,3,136,137,57,2,0,36,0,1.894736842105263,0.0,0.0,0.0
64,3,136,137,58,3,0,35,0,2.763157894736842,0.0,0.0,0.0
64,3,136,137,59,3,0,35,0,2.763157894736842,0.0,0.0,0.0
64,3,136,137,60,3,0,34,0,2.7567567567567566,0.0,0.0,0.0
64,3,136,137,61,2,0,34,0,1.8888888888888888,0.0,0.0,0.0
64,3,136,137,62,3,0,33,0,2.75,0.0,0.0,0.0
64,3,136,137,63,2,0,33,0,1.8857142857142857,0.0,0.0,0.0
64,3,144,145,22,1,0,18,0,0.9473684210526315,0.0,0.0,0.0
64,3,144,145,23,1,0,21,0,0.9545454545454546,0.0,0.0,0.0
64,3,144,145,24,2,0,22,0,1.8333333333333333,0.0,0.0,0.0
64,3,144,145,26,3,0,27,0,2.7,0.0,0.0,0.0
64,3,144,145,27,2,0,28,0,1.8666666666666667,0.0,0.0,0.0
64,3,144,145,28,4,0,27,0,3.4838709677419355,0.0,0.0,0.0
64,3,144,145,29,2,0,28,0,1.8666666666666667,0.0,0.0,0.0
64,3,144,145,30,7,1,23,0,5.366666666666666,0.14285714285714285,0.0,0.14285714285714285
64,3,144,145,31,3,0,23,0,2.6538461538461537,0.0,0.0,0.0
64,3,144,145,32,7,1,18,0,5.04,0.14285714285714285,0.0,0.14285714285714285
64,3,144,145,33,2,0,17,0,1.7894736842105263,0.0,0.0,0.0
64,3,144,145,34,7,0,11,0,4.277777777777778,0.0,0.0,0.0
64,3,144,145,35,2,0,10,0,1.6666666666666667,0.0,0.0,0.0
64,3,144,145,36,1,0,10,0,0.9090909090909091,0.0,0.0,0.0
64,3,144,145,37,1,0,10,0,0.9090909090909091,0.0,0.0,0.0
64,3,144,145,38,1,0,9,0,0.9,0.0,0.0,0.0
64,3,144,145,40,1,0,5,0,0.8333333333333334,0.0,0.0,0.0
64,3,144,145,41,1,0,4,0,0.8,0.0,0.0,0.0
64,3,144,145,42,1,0,5,0,0.8333333333333334,0.0,0.0,0.0
64,3,144,145,43,2,0,7,0,1.5555555555555556,0.0,0.0,0.0
64,3,152,153,26,2,0,30,0,1.875,0.0,0.0,0.0
64,3,152,153,27,2,0,30,0,1.875,0.0,0.0,0.0
64,3,152,153,28,2,0,30,0,1.875,0.0,0.0,0.0
64,3,152,153,29,2,0,30,0,1.875,0.0,0.0,0.0
64,3,152,153,30,2,0,29,0,1.8709677419354838,0.0,0.0,0.0
64,3,152,153,31,2,0,28,0,1.8666666666666667,0.0,0.0,0.0
64,3,152,153,32,2,0,26,0,1.8571428571428572,0.0,0.0,0.0
64,3,152,153,33,2,0,23,0,1.84,0.0,0.0,0.0
64,3,152,153,34,5,0,17,0,3.8636363636363638,0.0,0.0,0.0
64,3,152,153,35,1,0,16,0,0.9411764705882353,0.0,0.0,0.0
64,3,152,153,36,2,0,14,0,1.75,0.0,0.0,0.0
64,3,152,153,38,3,0,9,0,2.25,0.0,0.0,0.0
64,3,152,153,39,1,0,7,0,0.875,0.0,0.0,0.0
64,3,152,153,41,1,0,4,0,0.8,0.0,0.0,0.0
64,3,152,153,42,1,0,5,0,0.8333333333333334,0.0,0.0,0.0
64,3,152,153,43,1,0,8,0,0.8888888888888888,0.0,0.0,0.0
64,3,152,153,44,1,0,10,0,0.9090909090909091,0.0,0.0,0.0
64,3,152,153,45,1,0,12,0,0.9230769230769231,0.0,0.0,0.0
64,3,160,161,26,1,0,31,0,0.96875,0.0,0.0,0.0
64,3,160,161,27,1,0,32,0,0.9696969696969697,0.0,0.0,0.0
64,3,160,161,28,1,0,32,0,0.9696969696969697,0.0,0.0,0.0
64,3,160,161,29,1,0,32,0,0.9696969696969697,0.0,0.0,0.0
64,3,160,161,30,1,0,31,0,0.96875,0.0,0.0,0.0
64,3,160,161,31,3,0,28,0,2.7096774193548385,0.0,0.0,0.0
64,3,160,161,32,2,0,26,0,1.8571428571428572,0.0,0.0,0.0
64,3,160,161,33,2,0,23,0,1.84,0.0,0.0,0.0
64,3,160,161,34,1,0,21,0,0.9545454545454546,0.0,0.0,0.0
64,3,160,161,35,2,0,18,0,1.8,0.0,0.0,0.0
64,3,160,161,36,1,0,16,0,0.9411764705882353,0.0,0.0,0.0
64,3,160,161,38,1,0,11,0,0.9166666666666666,0.0,0.0,0.0
64,3,160,161,39,1,0,8,0,0.8888888888888888,0.0,0.0,0.0
64,3,160,161,41,1,0,4,0,0.8,0.0,0.0,0.0
64,3,160,161,42,1,0,5,0,0.8333333333333334,0.0,0.0,0.0
64,3,160,161,43,1,0,8,0,0.8888888888888888,0.0,0.0,0.0
64,3,160,161,44,1,0,10,0,0.9090909090909091,0.0,0.0,0.0
64,3,160,161,45,1,0,12,0,0.9230769230769231,0.0,0.0,0.0
64,3,168,169,26,1,0,31,0,0.96875,0.0,0.0,0.0
64,3,168,169,27,1,0,32,0,0.9696969696969697,0.0,0.0,0.0
64,3,168,169,28,1,0,32,0,0.9696969696969697,0.0,0.0,0.0
64,3,168,169,29,1,0,32,0,0.9696969696969697,0.0,0.0,0.0
64,3,168,169,30,1,0,31,0,0.96875,0.0,0.0,0.0
64,3,168,169,31,1,0,30,0,0.967741935483871,0.0,0.0,0.0
64,3,168,169,32,1,0,28,0,0.9655172413793104,0.0,0.0,0.0
64,3,168,169,33,1,0,25,0,0.9615384615384616,0.0,0.0,0.0
64,3,168,169,34,1,0,22,0,0.9565217391304348,0.0,0.0,0.0
64,3,168,169,35,1,0,19,0,0.95,0.0,0.0,0.0
64,3,168,169,37,1,0,14,0,0.9333333333333333,0.0,0.0,0.0
64,3,168,169,39,1,0,8,0,0.8888888888888888,0.0,0.0,0.0
64,3,168,169,40,1,0,6,0,0.8571428571428571,0.0,0.0,0.0
64,3,168,169,42,1,0,5,0,0.8333333333333334,0.0,0.0,0.0
64,3,168,169,43,1,0,8,0,0.8888888888888888,0.0,0.0,0.0
64,3,168,169,44,1,0,10,0,0.9090909090909091,0.0,0.0,0.0
64,3,168,169,45,1,0,12,0,0.9230769230769231,0.0,0.0,0.0
64,3,176,177,26,1,0,31,0,0.96875,0.0,0.0,0.0
64,3,176,177,27,1,0,32,0,0.9696969696969697,0.0,0.0,0.0
64,3,176,177,28,1,0,32,0,0.9696969696969697,0.0,0.0,0.0
64,3,176,177,29,1,0,32,0,0.9696969696969697,0.0,0.0,0.0
64,3,176,177,30,1,0,31,0,0.96875,0.0,0.0,0.0
64,3,176,177,31,1,0,30,0,0.967741935483871,0.0,0.0,0.0
64,3,176,177,32,1,0,28,0,0.9655172413793104,0.0,0.0,0.0
64,3,176,177,33,1,0,25,0,0.9615384615384616,0.0,0.0,0.0
64,3,176,177,34,1,0,22,0,0.9565217391304348,0.0,0.0,0.0
64,3,176,177,35,1,0,19,0,0.95,0.0,0.0,0.0
64,3,176,177,37,1,0,14,0,0.9333333333333333,0.0,0.0,0.0
64,3,176,177,39,1,0,8,0,0.8888888888888888,0.0,0.0,0.0
64,3,176,177,40,1,0,6,0,0.8571428571428571,0.0,0.0,0.0
64,3,176,177,41,1,0,5,0,0.8333333333333334,0.0,0.0,0.0
64,3,176,177,42,1,0,6,0,0.8571428571428571,0.0,0.0,0.0
64,3,176,177,43,1,0,9,0,0.9,0.0,0.0,0.0
64,3,176,177,45,1,0,12,0,0.9230769230769231,0.0,0.0,0.0
64,3,184,185,27,1,0,33,0,0.9705882352941176,0.0,0.0,0.0
64,3,184,185,28,2,0,32,0,1.8823529411764706,0.0,0.0,0.0
64,3,184,185,29,1,0,32,0,0.9696969696969697,0.0,0.0,0.0
64,3,184,185,30,1,0,31,0,0.96875,0.0,0.0,0.0
64,3,184,185,32,2,0,28,0,1.8666666666666667,0.0,0.0,0.0
64,3,184,185,34,1,0,23,0,0.9583333333333334,0.0,0.0,0.0
64,3,184,185,35,1,0,20,0,0.9523809523809523,0.0,0.0,0.0
64,3,184,185,36,1,0,17,0,0.9444444444444444,0.0,0.0,0.0
64,3,184,185,38,1,0,12,0,0.9230769230769231,0.0,0.0,0.0
64,3,184,185,40,1,0,6,0,0.8571428571428571,0.0,0.0,0.0
64,3,184,185,41,1,0,5,0,0.8333333333333334,0.0,0.0,0.0
64,3,184,185,42,1,0,6,0,0.8571428571428571,0.0,0.0,0.0
64,3,184,185,43,1,0,9,0,0.9,0.0,0.0,0.0
64,3,184,185,44,1,0,11,0,0.9166666666666666,0.0,0.0,0.0
64,3,192,193,27,1,0,33,0,0.9705882352941176,0.0,0.0,0.0
64,3,192,193,28,1,0,33,0,0.9705882352941176,0.0,0.0,0.0
64,3,192,193,29,1,0,33,0,0.9705882352941176,0.0,0.0,0.0
64,3,192,193,30,1,0,32,0,0.9696969696969697,0.0,0.0,0.0
64,3,192,193,31,1,0,31,0,0.96875,0.0,0.0,0.0
64,3,192,193,32,1,0,29,0,0.9666666666666667,0.0,0.0,0.0
64,3,192,193,33,1,0,26,0,0.9629629629629629,0.0,0.0,0.0
64,3,192,193,34,1,0,23,0,0.9583333333333334,0.0,0.0,0.0
64,3,192,193,35,1,0,20,0,0.9523809523809523,0.0,0.0,0.0
64,3,192,193,36,1,0,17,0,0.9444444444444444,0.0,0.0,0.0
64,3,192,193,38,1,0,12,0,0.9230769230769231,0.0,0.0,0.0
64,3,192,193,39,1,0,9,0,0.9,0.0,0.0,0.0
64,3,192,193,40,1,0,7,0,0.875,0.0,0.0,0.0
64,3,192,193,42,1,0,6,0,0.8571428571428571,0.0,0.0,0.0
64,3,192,193,43,1,0,9,0,0.9,0.0,0.0,0.0
64,3,192,193,44,1,0,11,0,0.9166666666666666,0.0,0.0,0.0
64,3,200,201,27,1,0,33,0,0.9705882352941176,0.0,0.0,0.0
64,3,200,201,28,1,0,33,0,0.9705882352941176,0.0,0.0,0.0
64,3,200,201,29,1,0,33,0,0.9705882352941176,0.0,0.0,0.0
64,3,200,201,30,1,0,32,0,0.9696969696969697,0.0,0.0,0.0
64,3,200,201,31,1,0,31,0,0.96875,0.0,0.0,0.0
64,3,200,201,32,1,0,29,0,0.9666666666666667,0.0,0.0,0.0
64,3,200,201,34,1,0,24,0,0.96,0.0,0.0,0.0
64,3,200,201,35,1,0,22,0,0.9565217391304348,0.0,0.0,0.0
64,3,200,201,36,1,0,20,0,0.9523809523809523,0.0,0.0,0.0
64,3,200,201,37,1,0,18,0,0.9473684210526315,0.0,0.0,0.0
64,3,200,201,39,1,0,12,0,0.9230769230769231,0.0,0.0,0.0
64,3,200,201,40,1,0,9,0,0.9,0.0,0.0,0.0
64,3,200,201,42,1,0,8,0,0.8888888888888888,0.0,0.0,0.0
64,3,208,209,31,1,0,35,0,0.9722222222222222,0.0,0.0,0.0
64,3,208,209,32,1,0,33,0,0.9705882352941176,0.0,0.0,0.0
64,3,208,209,33,1,0,30,0,0.967741935483871,0.0,0.0,0.0
64,3,208,209,35,1,0,25,0,0.9615384615384616,0.0,0.0,0.0
64,3,208,209,36,1,0,22,0,0.9565217391304348,0.0,0.0,0.0
64,3,208,209,38,1,0,17,0,0.9444444444444444,0.0,0.0,0.0
64,4,8,9,4,3,0,1,0,0.75,0.0,0.0,0.0
64,4,16,17,3,1,0,11,0,0.9166666666666666,0.0,0.0,0.0
64,4,16,17,4,4,0,10,0,2.857142857142857,0.0,0.0,0.0
64,4,16,17,5,2,0,9,0,1.6363636363636365,0.0,0.0,0.0
64,4,16,17,6,1,0,8,0,0.8888888888888888,0.0,0.0,0.0
64,4,16,17,7,2,0,7,0,1.5555555555555556,0.0,0.0,0.0
64,4,16,17,8,2,0,4,0,1.3333333333333333,0.0,0.0,0.0
64,4,16,17,9,2,0,4,0,1.3333333333333333,0.0,0.0,0.0
64,4,16,17,13,5,4,1,0,0.8333333333333334,0.8,0.0,0.8
64,4,16,17,14,19,1,6,0,4.56,0.05263157894736842,0.0,0.05263157894736842
64,4,16,17,15,5,0,25,0,4.166666666666667,0.0,0.0,0.0
64,4,24,25,8,9,0,11,0,4.95,0.0,0.0,0.0
64,4,24,25,10,3,0,15,0,2.5,0.0,0.0,0.0
64,4,24,25,12,4,0,15,0,3.1578947368421053,0.0,0.0,0.0
64,4,24,25,13,1,0,16,0,0.9411764705882353,0.0,0.0,0.0
64,4,24,25,14,12,0,6,0,4.0,0.0,0.0,0.0
64,4,24,25,19,28,25,3,0,2.7096774193548385,0.8928571428571429,0.0,0.8928571428571429
64,4,32,33,13,3,0,27,0,2.7,0.0,0.0,0.0
64,4,32,33,14,6,0,22,0,4.714285714285714,0.0,0.0,0.0
64,4,32,33,16,1,0,23,0,0.9583333333333334,0.0,0.0,0.0
64,4,32,33,17,1,0,23,0,0.9583333333333334,0.0,0.0,0.0
64,4,32,33,18,6,0,18,0,4.5,0.0,0.0,0.0
64,4,32,33,19,4,0,16,0,3.2,0.0,0.0,0.0
64,4,32,33,20,7,0,12,0,4.421052631578948,0.0,0.0,0.0
64,4,32,33,21,8,0,5,0,3.076923076923077,0.0,0.0,0.0
64,4,32,33,25,15,9,7,0,4.7727272727272725,0.6,0.0,0.6
64,4,40,41,18,4,0,26,0,3.466666666666667,0.0,0.0,0.0
64,4,40,41,24,10,0,15,0,6.0,0.0,0.0,0.0
64,4,40,41,25,2,0,11,0,1.6923076923076923,0.0,0.0,0.0
64,4,40,41,26,6,0,3,0,2.0,0.0,0.0,0.0
64,4,40,41,27,1,0,2,0,0.6666666666666666,0.0,0.0,0.0
64,4,40,41,30,5,0,5,0,2.5,0.0,0.0,0.0
64,4,40,41,31,1,0,8,0,0.8888888888888888,0.0,0.0,0.0
64,4,48,49,30,7,0,4,0,2.5454545454545454,0.0,0.0,0.0
64,5,16,17,14,5,1,2,0,1.4285714285714286,0.2,0.0,0.2
64,5,16,17,15,5,0,5,0,2.5,0.0,0.0,0.0
64,5,32,33,24,4,0,3,0,1.7142857142857142,0.0,0.0,0.0
64,5,40,41,28,1,0,2,0,0.6666666666666666,0.0,0.0,0.0
64,5,40,41,29,10,10,3,0,2.3076923076923075,1.0,0.0,1.0
64,5,48,49,34,2,0,1,0,0.6666666666666666,0.0,0.0,0.0
64,5,80,81,45,2,0,2,0,1.0,0.0,0.0,0.0
64,5,80,81,46,2,0,4,0,1.3333333333333333,0.0,0.0,0.0
64,5,80,81,47,2,0,5,0,1.4285714285714286,0.0,0.0,0.0
64,5,80,81,48,2,0,6,0,1.5,0.0,0.0,0.0
64,5,80,81,49,2,0,7,0,1.5555555555555556,0.0,0.0,0.0
64,5,80,81,50,2,0,8,0,1.6,0.0,0.0,0.0
64,5,80,81,51,2,0,9,0,1.6363636363636365,0.0,0.0,0.0
64,5,80,81,52,2,0,10,0,1.6666666666666667,0.0,0.0,0.0
64,5,80,81,53,2,0,11,0,1.6923076923076923,0.0,0.0,0.0
64,5,80,81,54,2,0,11,0,1.6923076923076923,0.0,0.0,0.0
64,5,80,81,55,2,0,11,0,1.6923076923076923,0.0,0.0,0.0
64,5,80,81,56,3,0,11,0,2.357142857142857,0.0,0.0,0.0
64,5,88,89,46,2,0,2,0,1.0,0.0,0.0,0.0
64,5,88,89,47,2,0,3,0,1.2,0.0,0.0,0.0
64,5,88,89,48,2,0,4,0,1.3333333333333333,0.0,0.0,0.0
64,5,88,89,49,2,0,5,0,1.4285714285714286,0.0,0.0,0.0
64,5,88,89,50,2,0,6,0,1.5,0.0,0.0,0.0
64,5,88,89,51,2,0,7,0,1.5555555555555556,0.0,0.0,0.0
64,5,88,89,52,2,0,8,0,1.6,0.0,0.0,0.0
64,5,88,89,53,2,0,9,0,1.6363636363636365,0.0,0.0,0.0
64,5,88,89,54,2,0,9,0,1.6363636363636365,0.0,0.0,0.0
64,5,88,89,55,2,0,9,0,1.6363636363636365,0.0,0.0,0.0
64,5,88,89,56,2,0,9,0,1.6363636363636365,0.0,0.0,0.0
64,5,88,89,57,2,0,9,0,1.6363636363636365,0.0,0.0,0.0
64,5,88,89,58,2,0,9,0,1.6363636363636365,0.0,0.0,0.0
64,5,96,97,46,2,0,2,0,1.0,0.0,0.0,0.0
64,5,96,97,47,2,1,3,0,1.2,0.5,0.0,0.5
64,5,96,97,48,1,0,4,0,0.8,0.0,0.0,0.0
64,5,96,97,49,3,1,4,0,1.7142857142857142,0.3333333333333333,0.0,0.3333333333333333
64,5,96,97,50,2,0,6,0,1.5,0.0,0.0,0.0
64,5,96,97,51,2,1,7,0,1.5555555555555556,0.5,0.0,0.5
64,5,96,97,52,2,0,8,0,1.6,0.0,0.0,0.0
64,5,96,97,53,2,1,9,0,1.6363636363636365,0.5,0.0,0.5
64,5,96,97,54,2,0,9,0,1.6363636363636365,0.0,0.0,0.0
64,5,96,97,55,2,1,9,0,1.6363636363636365,0.5,0.0,0.5
64,5,96,97,56,2,0,9,0,1.6363636363636365,0.0,0.0,0.0
64,5,96,97,57,2,0,9,0,1.6363636363636365,0.0,0.0,0.0
64,5,96,97,58,2,0,9,0,1.6363636363636365,0.0,0.0,0.0
64,5,104,105,47,2,1,1,0,0.6666666666666666,0.5,0.0,0.5
64,5,104,105,48,1,0,2,0,0.6666666666666666,0.0,0.0,0.0
64,5,104,105,49,2,1,3,0,1.2,0.5,0.0,0.5
64,5,104,105,50,1,0,4,0,0.8,0.0,0.0,0.0
64,5,104,105,51,2,1,5,0,1.4285714285714286,0.5,0.0,0.5
64,5,104,105,52,2,0,6,0,1.5,0.0,0.0,0.0
64,5,104,105,53,2,1,7,0,1.5555555555555556,0.5,0.0,0.5
64,5,104,105,54,2,0,7,0,1.5555555555555556,0.0,0.0,0.0
64,5,104,105,55,2,1,7,0,1.5555555555555556,0.5,0.0,0.5
64,5,104,105,56,2,0,7,0,1.5555555555555556,0.0,0.0,0.0
64,5,104,105,57,2,1,7,0,1.5555555555555556,0.5,0.0,0.5
64,5,104,105,58,2,0,7,0,1.5555555555555556,0.0,0.0,0.0
64,5,104,105,59,2,0,7,0,1.5555555555555556,0.0,0.0,0.0
64,5,112,113,6,2,0,1,0,0.6666666666666666,0.0,0.0,0.0
64,5,112,113,8,2,0,3,0,1.2,0.0,0.0,0.0
64,5,112,113,10,4,0,3,0,1.7142857142857142,0.0,0.0,0.0
64,5,112,113,11,1,0,4,0,0.8,0.0,0.0,0.0
64,5,112,113,48,1,0,1,0,0.5,0.0,0.0,0.0
64,5,112,113,49,1,0,2,0,0.6666666666666666,0.0,0.0,0.0
64,5,112,113,50,1,0,3,0,0.75,0.0,0.0,0.0
64,5,112,113,51,1,0,4,0,0.8,0.0,0.0,0.0
64,5,112,113,52,1,0,5,0,0.8333333333333334,0.0,0.0,0.0
64,5,112,113,53,1,0,6,0,0.8571428571428571,0.0,0.0,0.0
64,5,112,113,54,1,0,6,0,0.8571428571428571,0.0,0.0,0.0
64,5,112,113,55,1,0,6,0,0.8571428571428571,0.0,0.0,0.0
64,5,112,113,56,1,0,6,0,0.8571428571428571,0.0,0.0,0.0
64,5,112,113,57,1,0,6,0,0.8571428571428571,0.0,0.0,0.0
64,5,112,113,58,1,0,6,0,0.8571428571428571,0.0,0.0,0.0
64,5,112,113,59,1,0,6,0,0.8571428571428571,0.0,0.0,0.0
64,5,112,113,60,1,0,6,0,0.8571428571428571,0.0,0.0,0.0
64,5,120,121,2,2,0,1,0,0.6666666666666666,0.0,0.0,0.0
64,5,120,121,3,1,0,3,0,0.75,0.0,0.0,0.0
64,5,120,121,4,2,0,4,0,1.3333333333333333,0.0,0.0,0.0
64,5,120,121,6,2,0,6,0,1.5,0.0,0.0,0.0
64,5,120,121,8,1,0,8,0,0.8888888888888888,0.0,0.0,0.0
64,5,120,121,10,1,0,9,0,0.9,0.0,0.0,0.0
64,5,120,121,12,1,0,10,0,0.9090909090909091,0.0,0.0,0.0
64,5,120,121,14,2,0,7,0,1.5555555555555556,0.0,0.0,0.0
64,5,120,121,15,1,0,5,0,0.8333333333333334,0.0,0.0,0.0
64,5,120,121,51,3,3,1,0,0.75,1.0,0.0,1.0
64,5,120,121,53,2,1,3,1,1.2,0.5,0.3333333333333333,0.16666666666666669
64,5,120,121,55,2,2,2,0,1.0,1.0,0.0,1.0
64,5,120,121,57,1,1,2,1,0.6666666666666666,1.0,0.5,0.5
64,5,120,121,59,1,1,1,0,0.5,1.0,0.0,1.0
64,5,128,129,5,1,0,9,0,0.9,0.0,0.0,0.0
64,5,128,129,6,1,0,9,0,0.9,0.0,0.0,0.0
64,5,128,129,7,1,0,9,0,0.9,0.0,0.0,0.0
64,5,128,129,8,1,0,10,0,0.9090909090909091,0.0,0.0,0.0
64,5,128,129,10,1,0,11,0,0.9166666666666666,0.0,0.0,0.0
64,5,128,129,12,1,0,12,0,0.9230769230769231,0.0,0.0,0.0
64,5,128,129,14,1,0,10,0,0.9090909090909091,0.0,0.0,0.0
64,5,128,129,16,1,0,7,0,0.875,0.0,0.0,0.0
64,5,128,129,19,1,0,4,0,0.8,0.0,0.0,0.0
64,5,128,129,20,2,0,2,0,1.0,0.0,0.0,0.0
64,5,128,129,45,3,0,1,0,0.75,0.0,0.0,0.0
64,5,128,129,46,1,0,4,0,0.8,0.0,0.0,0.0
64,5,128,129,47,2,0,4,0,1.3333333333333333,0.0,0.0,0.0
64,5,128,129,49,3,1,6,0,2.0,0.3333333333333333,0.0,0.3333333333333333
64,5,128,129,51,1,0,9,0,0.9,0.0,0.0,0.0
64,5,128,129,53,1,0,10,0,0.9090909090909091,0.0,0.0,0.0
64,5,128,129,54,1,0,10,0,0.9090909090909091,0.0,0.0,0.0
64,5,128,129,55,3,1,8,0,2.1818181818181817,0.3333333333333333,0.0,0.3333333333333333
64,5,128,129,56,3,0,7,0,2.1,0.0,0.0,0.0
64,5,128,129,57,4,0,5,0,2.2222222222222223,0.0,0.0,0.0
64,5,128,129,59,4,0,3,0,1.7142857142857142,0.0,0.0,0.0
64,5,136,137,10,2,0,13,0,1.7333333333333334,0.0,0.0,0.0
64,5,136,137,12,1,0,14,0,0.9333333333333333,0.0,0.0,0.0
64,5,136,137,19,1,0,4,0,0.8,0.0,0.0,0.0
64,5,136,137,51,1,0,11,0,0.9166666666666666,0.0,0.0,0.0
64,5,136,137,53,1,0,12,0,0.9230769230769231,0.0,0.0,0.0
64,5,136,137,55,1,0,13,0,0.9285714285714286,0.0,0.0,0.0
64,5,144,145,20,1,0,4,0,0.8,0.0,0.0,0.0
64,5,152,153,20,1,0,4,0,0.8,0.0,0.0,0.0
64,5,160,161,20,1,0,4,0,0.8,0.0,0.0,0.0
64,5,168,169,20,1,0,4,0,0.8,0.0,0.0,0.0
64,5,168,169,34,2,0,1,0,0.6666666666666666,0.0,0.0,0.0
64,5,168,169,35,3,0,1,0,0.75,0.0,0.0,0.0
64,5,168,169,36,2,0,1,0,0.6666666666666666,0.0,0.0,0.0
64,5,168,169,37,2,0,1,0,0.6666666666666666,0.0,0.0,0.0
64,5,168,169,38,2,0,1,0,0.6666666666666666,0.0,0.0,0.0
64,5,168,169,39,2,0,1,0,0.6666666666666666,0.0,0.0,0.0
64,5,168,169,40,2,0,1,0,0.6666666666666666,0.0,0.0,0.0
64,5,168,169,41,1,0,1,0,0.5,0.0,0.0,0.0
64,5,168,169,42,1,0,1,0,0.5,0.0,0.0,0.0
64,5,176,177,21,1,0,3,0,0.75,0.0,0.0,0.0
64,5,176,177,33,4,0,2,0,1.3333333333333333,0.0,0.0,0.0
64,5,176,177,34,4,0,2,0,1.3333333333333333,0.0,0.0,0.0
64,5,176,177,35,4,0,2,0,1.3333333333333333,0.0,0.0,0.0
64,5,176,177,36,3,0,2,0,1.2,0.0,0.0,0.0
64,5,176,177,37,1,0,3,0,0.75,0.0,0.0,0.0
64,5,176,177,38,2,0,3,0,1.2,0.0,0.0,0.0
64,5,176,177,39,1,0,3,0,0.75,0.0,0.0,0.0
64,5,176,177,40,2,0,2,0,1.0,0.0,0.0,0.0
64,5,176,177,41,1,0,2,0,0.6666666666666666,0.0,0.0,0.0
64,5,176,177,42,1,0,2,0,0.6666666666666666,0.0,0.0,0.0
64,5,176,177,43,1,0,1,0,0.5,0.0,0.0,0.0
64,5,184,185,21,1,0,3,0,0.75,0.0,0.0,0.0
64,5,184,185,22,1,0,2,0,0.6666666666666666,0.0,0.0,0.0
64,5,184,185,32,4,0,1,0,0.8,0.0,0.0,0.0
64,5,184,185,33,4,0,3,0,1.7142857142857142,0.0,0.0,0.0
64,5,184,185,34,2,0,5,0,1.4285714285714286,0.0,0.0,0.0
64,5,184,185,35,4,0,4,0,2.0,0.0,0.0,0.0
64,5,184,185,36,3,0,3,0,1.5,0.0,0.0,0.0
64,5,184,185,37,2,0,3,0,1.2,0.0,0.0,0.0
64,5,184,185,38,1,0,4,0,0.8,0.0,0.0,0.0
64,5,184,185,39,2,0,4,0,1.3333333333333333,0.0,0.0,0.0
64,5,184,185,43,2,0,1,0,0.6666666666666666,0.0,0.0,0.0
64,5,192,193,21,1,0,3,0,0.75,0.0,0.0,0.0
64,5,192,193,22,1,0,2,0,0.6666666666666666,0.0,0.0,0.0
64,5,192,193,23,1,0,1,0,0.5,0.0,0.0,0.0
64,5,192,193,29,2,0,1,0,0.6666666666666666,0.0,0.0,0.0
64,5,192,193,30,1,0,3,0,0.75,0.0,0.0,0.0
64,5,192,193,31,2,0,4,1,1.3333333333333333,0.0,0.25,-0.25
64,5,192,193,32,3,0,5,0,1.875,0.0,0.0,0.0
64,5,192,193,33,2,0,7,0,1.5555555555555556,0.0,0.0,0.0
64,5,192,193,34,3,0,7,0,2.1,0.0,0.0,0.0
64,5,192,193,35,3,0,7,0,2.1,0.0,0.0,0.0
64,5,192,193,36,2,0,7,0,1.5555555555555556,0.0,0.0,0.0
64,5,192,193,37,2,0,6,0,1.5,0.0,0.0,0.0
64,5,192,193,38,1,0,6,0,0.8571428571428571,0.0,0.0,0.0
64,5,200,201,22,2,0,3,0,1.2,0.0,0.0,0.0
64,5,200,201,23,2,0,2,0,1.0,0.0,0.0,0.0
64,5,200,201,24,2,0,1,0,0.6666666666666666,0.0,0.0,0.0
64,5,200,201,25,2,0,1,0,0.6666666666666666,0.0,0.0,0.0
64,5,200,201,26,1,0,2,0,0.6666666666666666,0.0,0.0,0.0
64,5,200,201,27,2,0,2,0,1.0,0.0,0.0,0.0
64,5,200,201,28,1,0,3,0,0.75,0.0,0.0,0.0
64,5,200,201,29,1,0,4,0,0.8,0.0,0.0,0.0
64,5,200,201,30,1,0,5,0,0.8333333333333334,0.0,0.0,0.0
64,5,200,201,31,2,0,6,0,1.5,0.0,0.0,0.0
64,5,200,201,32,3,0,8,0,2.1818181818181817,0.0,0.0,0.0
64,5,200,201,33,3,0,10,0,2.3076923076923075,0.0,0.0,0.0
64,5,200,201,35,3,0,10,0,2.3076923076923075,0.0,0.0,0.0
64,5,200,201,37,1,0,9,0,0.9,0.0,0.0,0.0
64,5,208,209,23,2,0,4,0,1.3333333333333333,0.0,0.0,0.0
64,5,208,209,24,2,0,3,0,1.2,0.0,0.0,0.0
64,5,208,209,25,1,0,4,0,0.8,0.0,0.0,0.0
64,5,208,209,26,2,0,4,0,1.3333333333333333,0.0,0.0,0.0
64,5,208,209,27,2,0,5,0,1.4285714285714286,0.0,0.0,0.0
64,5,208,209,28,1,0,7,0,0.875,0.0,0.0,0.0
64,5,208,209,29,2,0,8,0,1.6,0.0,0.0,0.0
64,5,208,209,30,1,0,10,0,0.9090909090909091,0.0,0.0,0.0
64,5,208,209,31,2,0,11,0,1.6923076923076923,0.0,0.0,0.0
64,5,208,209,33,1,0,13,0,0.9285714285714286,0.0,0.0,0.0
64,5,208,209,34,1,0,14,0,0.9333333333333333,0.0,0.0,0.0
64,5,216,217,23,1,0,5,0,0.8333333333333334,0.0,0.0,0.0
64,5,216,217,25,1,0,7,0,0.875,0.0,0.0,0.0
64,5,216,217,26,1,0,8,0,0.8888888888888888,0.0,0.0,0.0
64,5,216,217,27,1,0,9,0,0.9,0.0,0.0,0.0
64,5,216,217,29,1,0,12,0,0.9230769230769231,0.0,0.0,0.0
64,5,216,217,30,1,0,13,0,0.9285714285714286,0.0,0.0,0.0
64,5,216,217,32,1,0,14,0,0.9333333333333333,0.0,0.0,0.0
64,6,16,17,15,6,0,6,0,3.0,0.0,0.0,0.0
64,6,32,33,22,2,0,2,0,1.0,0.0,0.0,0.0
64,6,32,33,23,2,1,4,0,1.3333333333333333,0.5,0.0,0.5
64,6,32,33,24,3,0,6,0,2.0,0.0,0.0,0.0
64,6,32,33,25,5,1,9,0,3.2142857142857144,0.2,0.0,0.2
64,6,40,41,24,1,0,1,0,0.5,0.0,0.0,0.0
64,6,40,41,25,3,2,2,0,1.2,0.6666666666666666,0.0,0.6666666666666666
64,6,40,41,26,1,0,4,0,0.8,0.0,0.0,0.0
64,6,40,41,27,6,4,4,0,2.4,0.6666666666666666,0.0,0.6666666666666666
64,6,40,41,28,2,0,8,0,1.6,0.0,0.0,0.0
64,6,40,41,29,5,2,9,0,3.2142857142857144,0.4,0.0,0.4
64,6,40,41,30,3,0,12,0,2.4,0.0,0.0,0.0
64,6,40,41,31,2,0,16,0,1.7777777777777777,0.0,0.0,0.0
64,6,48,49,27,1,1,1,0,0.5,1.0,0.0,1.0
64,6,48,49,29,1,1,1,0,0.5,1.0,0.0,1.0
64,6,48,49,31,3,3,3,0,1.5,1.0,0.0,1.0
64,6,48,49,32,1,0,6,0,0.8571428571428571,0.0,0.0,0.0
64,6,48,49,33,8,6,7,0,3.7333333333333334,0.75,0.0,0.75
64,6,48,49,34,2,0,14,0,1.75,0.0,0.0,0.0
64,6,48,49,35,4,2,15,0,3.1578947368421053,0.5,0.0,0.5
64,6,56,57,37,3,3,9,0,2.25,1.0,0.0,1.0
64,6,56,57,38,1,0,12,0,0.9230769230769231,0.0,0.0,0.0
64,6,56,57,39,2,1,13,0,1.7333333333333334,0.5,0.0,0.5
64,6,64,65,34,1,0,1,0,0.5,0.0,0.0,0.0
64,6,64,65,35,2,2,2,0,1.0,1.0,0.0,1.0
64,6,64,65,36,1,0,4,0,0.8,0.0,0.0,0.0
64,6,64,65,37,4,3,5,0,2.2222222222222223,0.75,0.0,0.75
64,6,72,73,39,2,2,1,0,0.6666666666666666,1.0,0.0,1.0
64,6,72,73,41,8,8,2,1,1.6,1.0,0.5,0.5
64,6,72,73,42,1,0,10,0,0.9090909090909091,0.0,0.0,0.0
64,6,72,73,43,4,3,11,0,2.933333333333333,0.75,0.0,0.75
64,6,80,81,28,1,0,2,0,0.6666666666666666,0.0,0.0,0.0
64,6,80,81,29,3,0,2,0,1.2,0.0,0.0,0.0
64,6,80,81,31,3,0,2,0,1.2,0.0,0.0,0.0
64,6,80,81,33,3,0,2,0,1.2,0.0,0.0,0.0
64,6,80,81,35,3,0,1,0,0.75,0.0,0.0,0.0
64,6,80,81,36,1,0,1,0,0.5,0.0,0.0,0.0
64,6,88,89,23,2,0,4,0,1.3333333333333333,0.0,0.0,0.0
64,6,88,89,25,2,0,6,0,1.5,0.0,0.0,0.0
64,6,88,89,26,2,0,7,0,1.5555555555555556,0.0,0.0,0.0
64,6,88,89,27,1,0,9,0,0.9,0.0,0.0,0.0
64,6,88,89,28,1,0,10,0,0.9090909090909091,0.0,0.0,0.0
64,6,88,89,29,1,0,11,0,0.9166666666666666,0.0,0.0,0.0
64,6,88,89,31,1,0,12,0,0.9230769230769231,0.0,0.0,0.0
64,6,88,89,33,2,0,12,0,1.7142857142857142,0.0,0.0,0.0
64,6,88,89,35,2,0,9,0,1.6363636363636365,0.0,0.0,0.0
64,6,88,89,36,2,0,6,0,1.5,0.0,0.0,0.0
64,6,88,89,37,2,0,3,0,1.2,0.0,0.0,0.0
64,6,96,97,23,1,0,8,0,0.8888888888888888,0.0,0.0,0.0
64,6,96,97,25,1,0,11,0,0.9166666666666666,0.0,0.0,0.0
64,6,96,97,27,1,0,12,0,0.9230769230769231,0.0,0.0,0.0
64,6,96,97,29,1,0,13,0,0.9285714285714286,0.0,0.0,0.0
64,6,96,97,31,1,0,14,0,0.9333333333333333,0.0,0.0,0.0
64,6,104,105,28,1,0,14,0,0.9333333333333333,0.0,0.0,0.0
64,6,112,113,14,1,0,1,0,0.5,0.0,0.0,0.0
64,6,112,113,15,2,0,1,0,0.6666666666666666,0.0,0.0,0.0
64,6,112,113,16,2,0,1,0,0.6666666666666666,0.0,0.0,0.0
64,6,112,113,17,1,0,1,0,0.5,0.0,0.0,0.0
64,6,112,113,18,1,0,1,0,0.5,0.0,0.0,0.0
64,6,112,113,29,1,0,15,0,0.9375,0.0,0.0,0.0
64,6,112,113,38,2,0,6,0,1.5,0.0,0.0,0.0
64,6,112,113,39,1,0,4,0,0.8,0.0,0.0,0.0
64,6,112,113,40,4,0,2,0,1.3333333333333333,0.0,0.0,0.0
64,6,112,113,42,2,0,2,0,1.0,0.0,0.0,0.0
64,6,120,121,6,1,0,1,0,0.5,0.0,0.0,0.0
64,6,120,121,7,2,0,1,0,0.6666666666666666,0.0,0.0,0.0
64,6,120,121,8,2,0,1,0,0.6666666666666666,0.0,0.0,0.0
64,6,120,121,9,3,0,1,0,0.75,0.0,0.0,0.0
64,6,120,121,10,2,0,2,0,1.0,0.0,0.0,0.0
64,6,120,121,11,3,0,2,0,1.2,0.0,0.0,0.0
64,6,120,121,12,1,0,4,0,0.8,0.0,0.0,0.0
64,6,120,121,13,2,0,4,0,1.3333333333333333,0.0,0.0,0.0
64,6,120,121,14,1,0,4,0,0.8,0.0,0.0,0.0
64,6,120,121,15,2,0,3,0,1.2,0.0,0.0,0.0
64,6,120,121,16,1,0,3,0,0.75,0.0,0.0,0.0
64,6,120,121,17,1,0,2,0,0.6666666666666666,0.0,0.0,0.0
64,6,120,121,18,1,0,2,0,0.6666666666666666,0.0,0.0,0.0
64,6,120,121,19,1,0,1,0,0.5,0.0,0.0,0.0
64,6,120,121,29,1,0,15,0,0.9375,0.0,0.0,0.0
64,6,120,121,32,2,0,15,0,1.7647058823529411,0.0,0.0,0.0
64,6,120,121,34,2,0,16,0,1.7777777777777777,0.0,0.0,0.0
64,6,120,121,36,1,0,14,0,0.9333333333333333,0.0,0.0,0.0
64,6,120,121,37,1,0,13,0,0.9285714285714286,0.0,0.0,0.0
64,6,120,121,38,1,0,12,0,0.9230769230769231,0.0,0.0,0.0
64,6,120,121,40,1,0,9,0,0.9,0.0,0.0,0.0
64,6,120,121,41,1,0,9,0,0.9,0.0,0.0,0.0
64,6,120,121,42,1,0,8,0,0.8888888888888888,0.0,0.0,0.0
64,6,120,121,43,1,0,8,0,0.8888888888888888,0.0,0.0,0.0
64,6,120,121,44,2,0,7,0,1.5555555555555556,0.0,0.0,0.0
64,6,120,121,46,1,0,7,0,0.875,0.0,0.0,0.0
64,6,120,121,48,1,0,6,0,0.8571428571428571,0.0,0.0,0.0
64,6,120,121,49,1,0,5,0,0.8333333333333334,0.0,0.0,0.0
64,6,120,121,50,1,0,4,0,0.8,0.0,0.0,0.0
64,6,128,129,3,3,0,1,0,0.75,0.0,0.0,0.0
64,6,128,129,4,1,0,4,0,0.8,0.0,0.0,0.0
64,6,128,129,5,3,0,4,0,1.7142857142857142,0.0,0.0,0.0
64,6,128,129,6,1,0,6,0,0.8571428571428571,0.0,0.0,0.0
64,6,128,129,7,2,0,6,0,1.5,0.0,0.0,0.0
64,6,128,129,8,2,0,6,0,1.5,0.0,0.0,0.0
64,6,128,129,9,2,0,6,0,1.5,0.0,0.0,0.0
64,6,128,129,10,1,0,7,0,0.875,0.0,0.0,0.0
64,6,128,129,11,2,0,7,0,1.5555555555555556,0.0,0.0,0.0
64,6,128,129,13,4,0,6,0,2.4,0.0,0.0,0.0
64,6,128,129,14,1,0,6,0,0.8571428571428571,0.0,0.0,0.0
64,6,128,129,15,1,0,5,0,0.8333333333333334,0.0,0.0,0.0
64,6,128,129,17,1,0,4,0,0.8,0.0,0.0,0.0
64,6,128,129,19,1,0,4,0,0.8,0.0,0.0,0.0
64,6,128,129,21,3,0,5,0,1.875,0.0,0.0,0.0
64,6,128,129,29,1,0,15,0,0.9375,0.0,0.0,0.0
64,6,128,129,31,2,0,15,0,1.7647058823529411,0.0,0.0,0.0
64,6,128,129,32,2,0,16,0,1.7777777777777777,0.0,0.0,0.0
64,6,128,129,33,2,0,17,0,1.7894736842105263,0.0,0.0,0.0
64,6,128,129,34,2,0,17,0,1.7894736842105263,0.0,0.0,0.0
64,6,128,129,35,2,0,16,0,1.7777777777777777,0.0,0.0,0.0
64,6,128,129,36,2,0,15,0,1.7647058823529411,0.0,0.0,0.0
64,6,128,129,37,1,0,14,0,0.9333333333333333,0.0,0.0,0.0
64,6,128,129,38,1,0,13,0,0.9285714285714286,0.0,0.0,0.0
64,6,128,129,39,1,0,12,0,0.9230769230769231,0.0,0.0,0.0
64,6,128,129,40,1,0,11,0,0.9166666666666666,0.0,0.0,0.0
64,6,128,129,42,1,0,10,0,0.9090909090909091,0.0,0.0,0.0
64,6,128,129,43,1,0,11,0,0.9166666666666666,0.0,0.0,0.0
64,6,128,129,45,1,0,10,0,0.9090909090909091,0.0,0.0,0.0
64,6,128,129,47,1,0,9,0,0.9,0.0,0.0,0.0
64,6,136,137,1,2,0,2,0,1.0,0.0,0.0,0.0
64,6,136,137,3,1,0,6,0,0.8571428571428571,0.0,0.0,0.0
64,6,136,137,7,2,0,9,0,1.6363636363636365,0.0,0.0,0.0
64,6,136,137,9,1,0,10,0,0.9090909090909091,0.0,0.0,0.0
64,6,136,137,10,1,0,10,0,0.9090909090909091,0.0,0.0,0.0
64,6,136,137,11,1,0,10,0,0.9090909090909091,0.0,0.0,0.0
64,6,136,137,13,1,0,11,0,0.9166666666666666,0.0,0.0,0.0
64,6,136,137,15,1,0,9,0,0.9,0.0,0.0,0.0
64,6,136,137,17,1,0,7,0,0.875,0.0,0.0,0.0
64,6,136,137,19,1,1,7,0,0.875,1.0,0.0,1.0
64,6,136,137,30,1,0,15,0,0.9375,0.0,0.0,0.0
64,6,136,137,32,2,0,16,0,1.7777777777777777,0.0,0.0,0.0
64,6,136,137,33,2,0,17,0,1.7894736842105263,0.0,0.0,0.0
64,6,136,137,34,2,0,17,0,1.7894736842105263,0.0,0.0,0.0
64,6,136,137,35,2,0,16,0,1.7777777777777777,0.0,0.0,0.0
64,6,136,137,36,2,0,15,0,1.7647058823529411,0.0,0.0,0.0
64,6,136,137,37,2,0,14,0,1.75,0.0,0.0,0.0
64,6,136,137,38,2,0,13,0,1.7333333333333334,0.0,0.0,0.0
64,6,136,137,39,2,0,12,0,1.7142857142857142,0.0,0.0,0.0
64,6,136,137,40,2,0,11,0,1.6923076923076923,0.0,0.0,0.0
64,6,136,137,41,2,0,11,0,1.6923076923076923,0.0,0.0,0.0
64,6,136,137,42,2,0,11,0,1.6923076923076923,0.0,0.0,0.0
64,6,136,137,43,1,0,12,0,0.9230769230769231,0.0,0.0,0.0
64,6,136,137,44,1,0,12,0,0.9230769230769231,0.0,0.0,0.0
64,6,144,145,11,2,0,13,0,1.7333333333333334,0.0,0.0,0.0
64,6,144,145,13,1,0,14,0,0.9333333333333333,0.0,0.0,0.0
64,6,144,145,38,1,0,15,0,0.9375,0.0,0.0,0.0
64,6,144,145,40,2,0,11,0,1.6923076923076923,0.0,0.0,0.0
64,6,144,145,41,2,0,11,0,1.6923076923076923,0.0,0.0,0.0
64,6,144,145,42,2,0,11,0,1.6923076923076923,0.0,0.0,0.0
64,6,144,145,43,2,0,12,0,1.7142857142857142,0.0,0.0,0.0
64,6,144,145,44,2,0,12,0,1.7142857142857142,0.0,0.0,0.0
64,7,16,17,14,12,0,10,0,5.454545454545454,0.0,0.0,0.0
64,7,16,17,15,10,0,19,0,6.551724137931035,0.0,0.0,0.0
64,7,32,33,25,2,1,1,0,0.6666666666666666,0.5,0.0,0.5
64,7,64,65,1,2,0,2,0,1.0,0.0,0.0,0.0
64,7,64,65,2,2,0,4,0,1.3333333333333333,0.0,0.0,0.0
64,7,64,65,3,1,0,6,0,0.8571428571428571,0.0,0.0,0.0
64,7,64,65,4,3,0,6,0,2.0,0.0,0.0,0.0
64,7,64,65,6,1,0,6,0,0.8571428571428571,0.0,0.0,0.0
64,7,64,65,7,1,0,4,0,0.8,0.0,0.0,0.0
64,7,72,73,3,1,0,11,0,0.9166666666666666,0.0,0.0,0.0
64,7,72,73,6,3,0,13,0,2.4375,0.0,0.0,0.0
64,7,72,73,8,3,0,12,0,2.4,0.0,0.0,0.0
64,7,72,73,10,9,0,6,0,3.6,0.0,0.0,0.0
64,7,72,73,11,1,0,6,0,0.8571428571428571,0.0,0.0,0.0
64,7,80,81,4,1,0,13,0,0.9285714285714286,0.0,0.0,0.0
64,7,80,81,6,3,0,16,0,2.526315789473684,0.0,0.0,0.0
64,7,80,81,16,3,0,8,0,2.1818181818181817,0.0,0.0,0.0
64,7,80,81,17,3,0,4,0,1.7142857142857142,0.0,0.0,0.0
64,7,80,81,18,2,0,1,0,0.6666666666666666,0.0,0.0,0.0
64,7,88,89,7,1,0,22,0,0.9565217391304348,0.0,0.0,0.0
64,7,88,89,8,2,0,22,0,1.8333333333333333,0.0,0.0,0.0
64,7,88,89,10,4,0,24,0,3.4285714285714284,0.0,0.0,0.0
64,7,88,89,12,7,1,20,0,5.185185185185185,0.14285714285714285,0.0,0.14285714285714285
64,7,88,89,13,2,0,19,0,1.8095238095238095,0.0,0.0,0.0
64,7,88,89,14,5,1,15,0,3.75,0.2,0.0,0.2
64,7,96,97,12,1,0,30,0,0.967741935483871,0.0,0.0,0.0
64,7,96,97,14,1,0,29,0,0.9666666666666667,0.0,0.0,0.0
64,7,96,97,15,1,0,27,0,0.9642857142857143,0.0,0.0,0.0
64,7,96,97,16,1,0,25,0,0.9615384615384616,0.0,0.0,0.0
64,7,96,97,17,1,0,23,0,0.9583333333333334,0.0,0.0,0.0
64,7,96,97,18,11,0,10,0,5.238095238095238,0.0,0.0,0.0
64,7,96,97,19,3,0,5,0,1.875,0.0,0.0,0.0
64,8,16,17,15,7,0,7,0,3.5,0.0,0.0,0.0
64,8,24,25,18,1,0,2,0,0.6666666666666666,0.0,0.0,0.0
64,8,24,25,19,9,8,3,0,2.25,0.8888888888888888,0.0,0.8888888888888888
64,8,32,33,22,1,0,1,0,0.5,0.0,0.0,0.0
64,8,32,33,23,6,5,1,0,0.8571428571428571,0.8333333333333334,0.0,0.8333333333333334
64,8,32,33,24,4,0,7,0,2.5454545454545454,0.0,0.0,0.0
64,8,32,33,25,1,0,12,0,0.9230769230769231,0.0,0.0,0.0
64,8,40,41,29,12,12,1,0,0.9230769230769231,1.0,0.0,1.0
64,8,40,41,30,1,0,12,0,0.9230769230769231,0.0,0.0,0.0
64,8,48,49,2,4,0,4,0,2.0,0.0,0.0,0.0
64,8,48,49,3,3,0,4,0,1.7142857142857142,0.0,0.0,0.0
64,8,48,49,4,2,0,4,0,1.3333333333333333,0.0,0.0,0.0
64,8,48,49,5,3,0,3,0,1.5,0.0,0.0,0.0
64,8,48,49,6,3,0,3,0,1.5,0.0,0.0,0.0
64,8,48,49,7,1,0,4,0,0.8,0.0,0.0,0.0
64,8,48,49,8,3,0,4,0,1.7142857142857142,0.0,0.0,0.0
64,8,48,49,10,3,1,5,0,1.875,0.3333333333333333,0.0,0.3333333333333333
64,8,48,49,12,2,0,6,0,1.5,0.0,0.0,0.0
64,8,48,49,14,1,0,6,0,0.8571428571428571,0.0,0.0,0.0
64,8,48,49,15,1,0,6,0,0.8571428571428571,0.0,0.0,0.0
64,8,48,49,16,1,0,6,0,0.8571428571428571,0.0,0.0,0.0
64,8,48,49,17,1,0,5,0,0.8333333333333334,0.0,0.0,0.0
64,8,48,49,18,1,0,4,0,0.8,0.0,0.0,0.0
64,8,48,49,20,2,0,2,0,1.0,0.0,0.0,0.0
64,8,48,49,21,1,0,1,0,0.5,0.0,0.0,0.0
64,8,48,49,27,8,0,2,0,1.6,0.0,0.0,0.0
64,8,48,49,28,1,0,7,0,0.875,0.0,0.0,0.0
64,8,48,49,29,6,0,7,0,3.230769230769231,0.0,0.0,0.0
64,8,48,49,31,3,0,7,0,2.1,0.0,0.0,0.0
64,8,48,49,33,3,1,5,0,1.875,0.3333333333333333,0.0,0.3333333333333333
64,8,48,49,35,1,0,9,0,0.9,0.0,0.0,0.0
64,8,48,49,36,2,0,10,0,1.6666666666666667,0.0,0.0,0.0
64,8,48,49,37,1,0,12,0,0.9230769230769231,0.0,0.0,0.0
64,8,56,57,8,3,0,12,0,2.4,0.0,0.0,0.0
64,8,56,57,9,1,0,13,0,0.9285714285714286,0.0,0.0,0.0
64,8,56,57,10,2,0,13,0,1.7333333333333334,0.0,0.0,0.0
64,8,56,57,12,2,0,10,0,1.6666666666666667,0.0,0.0,0.0
64,8,56,57,13,1,0,10,0,0.9090909090909091,0.0,0.0,0.0
64,8,56,57,14,1,0,9,0,0.9,0.0,0.0,0.0
64,8,56,57,21,8,0,3,0,2.1818181818181817,0.0,0.0,0.0
64,8,56,57,23,1,0,11,0,0.9166666666666666,0.0,0.0,0.0
64,8,56,57,32,1,0,11,0,0.9166666666666666,0.0,0.0,0.0
64,8,56,57,35,2,0,8,0,1.6,0.0,0.0,0.0
64,8,56,57,36,2,0,8,0,1.6,0.0,0.0,0.0
64,8,56,57,37,4,2,8,0,2.6666666666666665,0.5,0.0,0.5
64,8,56,57,38,2,0,10,0,1.6666666666666667,0.0,0.0,0.0
64,8,56,57,39,3,1,10,0,2.3076923076923075,0.3333333333333333,0.0,0.3333333333333333
64,8,64,65,33,1,0,10,0,0.9090909090909091,0.0,0.0,0.0
64,8,64,65,34,1,0,9,0,0.9,0.0,0.0,0.0
64,8,64,65,35,1,0,8,0,0.8888888888888888,0.0,0.0,0.0
64,8,64,65,36,1,0,7,0,0.875,0.0,0.0,0.0
64,8,64,65,37,1,1,7,0,0.875,1.0,0.0,1.0
64,8,64,65,38,1,0,7,0,0.875,0.0,0.0,0.0
64,8,64,65,39,1,0,7,0,0.875,0.0,0.0,0.0
64,8,64,65,40,1,0,7,0,0.875,0.0,0.0,0.0
64,8,64,65,41,2,1,7,0,1.5555555555555556,0.5,0.0,0.5
64,8,64,65,42,2,0,8,0,1.6,0.0,0.0,0.0
64,8,64,65,43,4,2,8,0,2.6666666666666665,0.5,0.0,0.5
64,8,64,65,44,1,0,11,0,0.9166666666666666,0.0,0.0,0.0
64,8,64,65,45,6,1,7,0,3.230769230769231,0.16666666666666666,0.0,0.16666666666666666
64,8,64,65,46,1,0,8,0,0.8888888888888888,0.0,0.0,0.0
64,8,64,65,47,2,0,6,0,1.5,0.0,0.0,0.0
64,8,64,65,48,2,0,6,0,1.5,0.0,0.0,0.0
64,8,72,73,35,1,0,12,0,0.9230769230769231,0.0,0.0,0.0
64,8,72,73,37,2,0,10,0,1.6666666666666667,0.0,0.0,0.0
64,8,72,73,39,6,1,5,0,2.727272727272727,0.16666666666666666,0.0,0.16666666666666666
64,8,72,73,40,1,0,6,0,0.8571428571428571,0.0,0.0,0.0
64,8,72,73,41,6,2,3,0,2.0,0.3333333333333333,0.0,0.3333333333333333
64,8,72,73,42,2,0,4,0,1.3333333333333333,0.0,0.0,0.0
64,8,72,73,43,5,3,3,0,1.875,0.6,0.0,0.6
64,8,72,73,44,4,0,6,0,2.4,0.0,0.0,0.0
64,8,72,73,45,3,1,6,0,2.0,0.3333333333333333,0.0,0.3333333333333333
64,8,72,73,46,3,0,5,0,1.875,0.0,0.0,0.0
64,8,72,73,47,2,1,5,0,1.4285714285714286,0.5,0.0,0.5
64,8,72,73,48,3,0,4,0,1.7142857142857142,0.0,0.0,0.0
64,8,72,73,49,2,0,4,0,1.3333333333333333,0.0,0.0,0.0
64,8,72,73,50,2,0,3,0,1.2,0.0,0.0,0.0
64,8,72,73,51,1,0,3,0,0.75,0.0,0.0,0.0
64,8,72,73,52,1,0,3,0,0.75,0.0,0.0,0.0
64,8,80,81,38,1,0,12,0,0.9230769230769231,0.0,0.0,0.0
64,8,80,81,39,1,0,11,0,0.9166666666666666,0.0,0.0,0.0
64,8,80,81,41,2,0,9,0,1.6363636363636365,0.0,0.0,0.0
64,8,80,81,42,1,0,8,0,0.8888888888888888,0.0,0.0,0.0
64,8,80,81,43,2,0,6,0,1.5,0.0,0.0,0.0
64,8,80,81,45,1,0,6,0,0.8571428571428571,0.0,0.0,0.0
64,8,80,81,46,1,0,5,0,0.8333333333333334,0.0,0.0,0.0
64,8,80,81,47,1,0,4,0,0.8,0.0,0.0,0.0
64,8,80,81,48,1,0,4,0,0.8,0.0,0.0,0.0
64,8,80,81,49,1,0,4,0,0.8,0.0,0.0,0.0
64,8,80,81,50,1,0,4,0,0.8,0.0,0.0,0.0
64,8,80,81,51,1,0,4,0,0.8,0.0,0.0,0.0
64,8,88,89,41,1,0,12,0,0.9230769230769231,0.0,0.0,0.0
64,8,88,89,43,2,0,10,0,1.6666666666666667,0.0,0.0,0.0
64,8,88,89,45,2,0,9,0,1.6363636363636365,0.0,0.0,0.0
64,8,88,89,46,1,0,7,0,0.875,0.0,0.0,0.0
64,8,88,89,48,1,0,5,0,0.8333333333333334,0.0,0.0,0.0
64,8,88,89,49,1,0,5,0,0.8333333333333334,0.0,0.0,0.0
64,8,88,89,50,1,0,5,0,0.8333333333333334,0.0,0.0,0.0
64,9,16,17,14,5,1,3,0,1.875,0.2,0.0,0.2
64,9,16,17,15,7,0,9,0,3.9375,0.0,0.0,0.0
64,9,24,25,19,13,13,2,0,1.7333333333333334,1.0,0.0,1.0
64,9,32,33,24,4,0,1,0,0.8,0.0,0.0,0.0
64,9,32,33,25,13,3,1,0,0.9285714285714286,0.23076923076923078,0.0,0.23076923076923078
64,9,40,41,30,2,0,5,0,1.4285714285714286,0.0,0.0,0.0
64,9,48,49,33,3,2,2,0,1.2,0.6666666666666666,0.0,0.6666666666666666
64,9,48,49,34,4,0,5,0,2.2222222222222223,0.0,0.0,0.0
64,9,48,49,35,4,2,8,0,2.6666666666666665,0.5,0.0,0.5
64,9,56,57,37,2,2,1,0,0.6666666666666666,1.0,0.0,1.0
64,9,56,57,38,4,0,3,0,1.7142857142857142,0.0,0.0,0.0
64,9,56,57,39,11,6,4,0,2.933333333333333,0.5454545454545454,0.0,0.5454545454545454
64,9,64,65,44,7,0,2,0,1.5555555555555556,0.0,0.0,0.0
64,9,64,65,45,4,0,6,0,2.4,0.0,0.0,0.0
64,9,72,73,2,3,0,1,0,0.75,0.0,0.0,0.0
64,9,72,73,3,2,0,3,0,1.2,0.0,0.0,0.0
64,9,72,73,4,2,0,4,0,1.3333333333333333,0.0,0.0,0.0
64,9,72,73,6,2,0,6,0,1.5,0.0,0.0,0.0
64,9,72,73,7,1,0,7,0,0.875,0.0,0.0,0.0
64,9,72,73,8,3,0,4,0,1.7142857142857142,0.0,0.0,0.0
64,9,72,73,47,2,1,5,0,1.4285714285714286,0.5,0.0,0.5
64,9,72,73,48,1,0,9,0,0.9,0.0,0.0,0.0
64,9,72,73,49,5,2,12,0,3.5294117647058822,0.4,0.0,0.4
64,9,72,73,50,3,0,19,0,2.590909090909091,0.0,0.0,0.0
64,9,72,73,51,3,2,22,0,2.64,0.6666666666666666,0.0,0.6666666666666666
64,9,80,81,6,3,0,18,0,2.5714285714285716,0.0,0.0,0.0
64,9,80,81,7,3,0,17,0,2.55,0.0,0.0,0.0
64,9,80,81,8,4,0,14,0,3.111111111111111,0.0,0.0,0.0
64,9,80,81,9,1,0,13,0,0.9285714285714286,0.0,0.0,0.0
64,9,80,81,10,2,0,12,0,1.7142857142857142,0.0,0.0,0.0
64,9,80,81,11,1,0,10,0,0.9090909090909091,0.0,0.0,0.0
64,9,80,81,12,2,0,6,0,1.5,0.0,0.0,0.0
64,9,80,81,51,3,2,12,0,2.4,0.6666666666666666,0.0,0.6666666666666666
64,9,80,81,52,1,0,15,0,0.9375,0.0,0.0,0.0
64,9,80,81,53,8,5,13,0,4.9523809523809526,0.625,0.0,0.625
64,9,80,81,55,7,6,17,0,4.958333333333333,0.8571428571428571,0.0,0.8571428571428571
64,9,80,81,56,2,0,23,0,1.84,0.0,0.0,0.0
64,9,80,81,57,6,4,24,0,4.8,0.6666666666666666,0.0,0.6666666666666666
64,9,88,89,10,1,0,21,0,0.9545454545454546,0.0,0.0,0.0
64,9,88,89,13,2,0,9,0,1.6363636363636365,0.0,0.0,0.0
64,9,88,89,14,3,0,5,0,1.875,0.0,0.0,0.0
64,9,88,89,15,1,0,3,0,0.75,0.0,0.0,0.0
64,9,88,89,55,1,0,13,0,0.9285714285714286,0.0,0.0,0.0
64,9,88,89,61,3,3,20,0,2.608695652173913,1.0,0.0,1.0
64,9,88,89,62,1,0,19,0,0.95,0.0,0.0,0.0
64,9,88,89,63,9,5,20,0,6.206896551724138,0.5555555555555556,0.0,0.5555555555555556
64,9,96,97,10,1,0,21,0,0.9545454545454546,0.0,0.0,0.0
64,9,96,97,48,1,0,7,0,0.875,0.0,0.0,0.0
64,9,96,97,49,2,0,9,0,1.6363636363636365,0.0,0.0,0.0
64,9,96,97,50,2,0,11,0,1.6923076923076923,0.0,0.0,0.0
64,9,96,97,51,2,0,12,0,1.7142857142857142,0.0,0.0,0.0
64,9,96,97,52,2,0,13,0,1.7333333333333334,0.0,0.0,0.0
64,9,96,97,53,2,0,13,0,1.7333333333333334,0.0,0.0,0.0
64,9,96,97,54,2,0,13,0,1.7333333333333334,0.0,0.0,0.0
64,9,96,97,55,2,1,13,0,1.7333333333333334,0.5,0.0,0.5
64,9,96,97,67,1,1,25,0,0.9615384615384616,1.0,0.0,1.0
64,9,104,105,11,1,0,18,0,0.9473684210526315,0.0,0.0,0.0
64,9,104,105,47,1,0,5,0,0.8333333333333334,0.0,0.0,0.0
64,9,104,105,49,5,1,9,0,3.2142857142857144,0.2,0.0,0.2
64,9,104,105,50,3,0,13,0,2.4375,0.0,0.0,0.0
64,9,104,105,51,4,0,13,0,3.0588235294117645,0.0,0.0,0.0
64,9,104,105,52,4,0,14,0,3.111111111111111,0.0,0.0,0.0
64,9,104,105,53,4,0,14,0,3.111111111111111,0.0,0.0,0.0
64,9,104,105,54,3,0,14,0,2.4705882352941178,0.0,0.0,0.0
64,9,104,105,55,2,0,14,0,1.75,0.0,0.0,0.0
64,9,104,105,56,1,0,14,0,0.9333333333333333,0.0,0.0,0.0
64,9,112,113,12,2,0,15,0,1.7647058823529411,0.0,0.0,0.0
64,9,112,113,13,2,0,12,0,1.7142857142857142,0.0,0.0,0.0
64,9,112,113,14,2,0,10,0,1.6666666666666667,0.0,0.0,0.0
64,9,112,113,15,2,0,8,0,1.6,0.0,0.0,0.0
64,9,112,113,16,3,0,5,0,1.875,0.0,0.0,0.0
64,9,112,113,17,1,0,3,0,0.75,0.0,0.0,0.0
64,9,112,113,18,3,0,1,0,0.75,0.0,0.0,0.0
64,9,112,113,38,1,0,1,0,0.5,0.0,0.0,0.0
64,9,112,113,39,2,0,1,0,0.6666666666666666,0.0,0.0,0.0
64,9,112,113,40,2,0,1,0,0.6666666666666666,0.0,0.0,0.0
64,9,112,113,41,2,0,1,0,0.6666666666666666,0.0,0.0,0.0
64,9,112,113,42,2,0,1,0,0.6666666666666666,0.0,0.0,0.0
64,9,112,113,43,1,0,1,0,0.5,0.0,0.0,0.0
64,9,112,113,44,1,0,1,0,0.5,0.0,0.0,0.0
64,9,112,113,47,1,0,5,0,0.8333333333333334,0.0,0.0,0.0
64,9,112,113,48,2,0,8,0,1.6,0.0,0.0,0.0
64,9,112,113,49,3,0,11,0,2.357142857142857,0.0,0.0,0.0
64,9,112,113,50,4,0,13,0,3.0588235294117645,0.0,0.0,0.0
64,9,112,113,51,4,0,14,0,3.111111111111111,0.0,0.0,0.0
64,9,112,113,52,4,0,15,0,3.1578947368421053,0.0,0.0,0.0
64,9,112,113,53,4,0,15,0,3.1578947368421053,0.0,0.0,0.0
64,9,112,113,54,4,0,15,0,3.1578947368421053,0.0,0.0,0.0
64,9,112,113,55,2,0,15,0,1.7647058823529411,0.0,0.0,0.0
64,9,112,113,56,2,0,14,0,1.75,0.0,0.0,0.0
64,9,120,121,12,2,0,15,0,1.7647058823529411,0.0,0.0,0.0
64,9,120,121,13,2,0,12,0,1.7142857142857142,0.0,0.0,0.0
64,9,120,121,14,2,0,10,0,1.6666666666666667,0.0,0.0,0.0
64,9,120,121,15,2,0,8,0,1.6,0.0,0.0,0.0
64,9,120,121,16,2,0,6,0,1.5,0.0,0.0,0.0
64,9,120,121,17,2,0,4,0,1.3333333333333333,0.0,0.0,0.0
64,9,120,121,18,2,0,2,0,1.0,0.0,0.0,0.0
64,9,120,121,19,2,0,1,0,0.6666666666666666,0.0,0.0,0.0
64,9,120,121,20,2,0,1,0,0.6666666666666666,0.0,0.0,0.0
64,9,120,121,21,2,0,1,0,0.6666666666666666,0.0,0.0,0.0
64,9,120,121,22,2,0,1,0,0.6666666666666666,0.0,0.0,0.0
64,9,120,121,23,2,0,1,0,0.6666666666666666,0.0,0.0,0.0
64,9,120,121,24,2,0,1,0,0.6666666666666666,0.0,0.0,0.0
64,9,120,121,34,2,0,1,0,0.6666666666666666,0.0,0.0,0.0
64,9,120,121,35,3,0,2,0,1.2,0.0,0.0,0.0
64,9,120,121,36,3,0,2,0,1.2,0.0,0.0,0.0
64,9,120,121,37,4,0,1,0,0.8,0.0,0.0,0.0
64,9,120,121,38,3,0,2,0,1.2,0.0,0.0,0.0
64,9,120,121,39,4,0,2,0,1.3333333333333333,0.0,0.0,0.0
64,9,120,121,40,2,0,2,0,1.0,0.0,0.0,0.0
64,9,120,121,41,2,0,2,0,1.0,0.0,0.0,0.0
64,9,120,121,42,2,0,2,0,1.0,0.0,0.0,0.0
64,9,120,121,43,1,0,2,0,0.6666666666666666,0.0,0.0,0.0
64,9,120,121,44,1,0,2,0,0.6666666666666666,0.0,0.0,0.0
64,9,120,121,45,1,0,1,0,0.5,0.0,0.0,0.0
64,9,120,121,47,1,0,5,0,0.8333333333333334,0.0,0.0,0.0
64,9,120,121,48,2,0,8,0,1.6,0.0,0.0,0.0
64,9,120,121,49,3,0,11,0,2.357142857142857,0.0,0.0,0.0
64,9,120,121,50,4,0,13,0,3.0588235294117645,0.0,0.0,0.0
64,9,120,121,51,4,0,14,0,3.111111111111111,0.0,0.0,0.0
64,9,120,121,52,3,0,16,0,2.526315789473684,0.0,0.0,0.0
64,9,120,121,53,5,0,15,0,3.75,0.0,0.0,0.0
64,9,120,121,54,3,0,16,0,2.526315789473684,0.0,0.0,0.0
64,9,120,121,55,2,0,16,0,1.7777777777777777,0.0,0.0,0.0
64,9,120,121,56,2,0,15,0,1.7647058823529411,0.0,0.0,0.0
64,9,120,121,57,1,0,15,0,0.9375,0.0,0.0,0.0
64,9,128,129,13,2,0,14,0,1.75,0.0,0.0,0.0
64,9,128,129,14,2,0,12,0,1.7142857142857142,0.0,0.0,0.0
64,9,128,129,15,2,0,10,0,1.6666666666666667,0.0,0.0,0.0
64,9,128,129,16,2,0,8,0,1.6,0.0,0.0,0.0
64,9,128,129,17,2,0,6,0,1.5,0.0,0.0,0.0
64,9,128,129,18,2,0,4,0,1.3333333333333333,0.0,0.0,0.0
64,9,128,129,19,2,0,3,0,1.2,0.0,0.0,0.0
64,9,128,129,20,3,0,2,0,1.2,0.0,0.0,0.0
64,9,128,129,21,1,0,3,0,0.75,0.0,0.0,0.0
64,9,128,129,22,3,0,2,0,1.2,0.0,0.0,0.0
64,9,128,129,23,2,0,2,0,1.0,0.0,0.0,0.0
64,9,128,129,24,3,0,1,0,0.75,0.0,0.0,0.0
64,9,128,129,34,1,0,3,0,0.75,0.0,0.0,0.0
64,9,128,129,35,2,0,4,0,1.3333333333333333,0.0,0.0,0.0
64,9,128,129,36,3,0,5,0,1.875,0.0,0.0,0.0
64,9,128,129,37,4,0,5,0,2.2222222222222223,0.0,0.0,0.0
64,9,128,129,38,3,0,6,0,2.0,0.0,0.0,0.0
64,9,128,129,39,3,0,6,0,2.0,0.0,0.0,0.0
64,9,128,129,40,3,0,5,0,1.875,0.0,0.0,0.0
64,9,128,129,41,2,0,5,0,1.4285714285714286,0.0,0.0,0.0
64,9,128,129,43,1,0,5,0,0.8333333333333334,0.0,0.0,0.0
64,9,128,129,44,1,0,6,0,0.8571428571428571,0.0,0.0,0.0
64,9,128,129,45,1,0,5,0,0.8333333333333334,0.0,0.0,0.0
64,9,128,129,46,2,0,6,0,1.5,0.0,0.0,0.0
64,9,128,129,47,5,0,6,0,2.727272727272727,0.0,0.0,0.0
64,9,128,129,48,2,0,10,0,1.6666666666666667,0.0,0.0,0.0
64,9,128,129,49,2,0,14,0,1.75,0.0,0.0,0.0
64,9,128,129,50,2,0,17,0,1.7894736842105263,0.0,0.0,0.0
64,9,128,129,51,5,1,17,0,3.8636363636363638,0.2,0.0,0.2
64,9,128,129,52,3,0,19,0,2.590909090909091,0.0,0.0,0.0
64,9,128,129,53,4,0,18,0,3.272727272727273,0.0,0.0,0.0
64,9,128,129,54,3,0,18,0,2.5714285714285716,0.0,0.0,0.0
64,9,128,129,55,2,0,17,0,1.7894736842105263,0.0,0.0,0.0
64,9,128,129,56,2,0,16,0,1.7777777777777777,0.0,0.0,0.0
64,9,128,129,57,2,0,15,0,1.7647058823529411,0.0,0.0,0.0
64,9,136,137,14,2,0,14,0,1.75,0.0,0.0,0.0
64,9,136,137,15,1,0,13,0,0.9285714285714286,0.0,0.0,0.0
64,9,136,137,16,3,0,10,0,2.3076923076923075,0.0,0.0,0.0
64,9,136,137,17,1,0,9,0,0.9,0.0,0.0,0.0
64,9,136,137,18,4,0,5,0,2.2222222222222223,0.0,0.0,0.0
64,9,136,137,19,1,0,5,0,0.8333333333333334,0.0,0.0,0.0
64,9,136,137,20,3,0,4,0,1.7142857142857142,0.0,0.0,0.0
64,9,136,137,21,2,0,4,0,1.3333333333333333,0.0,0.0,0.0
64,9,136,137,22,2,0,4,0,1.3333333333333333,0.0,0.0,0.0
64,9,136,137,23,2,0,4,0,1.3333333333333333,0.0,0.0,0.0
64,9,136,137,24,3,0,3,0,1.5,0.0,0.0,0.0
64,9,136,137,25,2,0,2,0,1.0,0.0,0.0,0.0
64,9,136,137,32,1,0,1,0,0.5,0.0,0.0,0.0
64,9,136,137,33,3,0,2,0,1.2,0.0,0.0,0.0
64,9,136,137,34,1,0,5,0,0.8333333333333334,0.0,0.0,0.0
64,9,136,137,35,3,0,6,0,2.0,0.0,0.0,0.0
64,9,136,137,36,1,0,9,0,0.9,0.0,0.0,0.0
64,9,136,137,37,2,0,10,0,1.6666666666666667,0.0,0.0,0.0
64,9,136,137,38,1,0,12,0,0.9230769230769231,0.0,0.0,0.0
64,9,136,137,39,1,0,13,0,0.9285714285714286,0.0,0.0,0.0
64,9,136,137,40,2,0,13,0,1.7333333333333334,0.0,0.0,0.0
64,9,136,137,41,5,0,9,0,3.2142857142857144,0.0,0.0,0.0
64,9,136,137,42,1,0,8,0,0.8888888888888888,0.0,0.0,0.0
64,9,136,137,43,1,0,7,0,0.875,0.0,0.0,0.0
64,9,136,137,46,1,0,8,0,0.8888888888888888,0.0,0.0,0.0
64,9,136,137,47,2,0,10,0,1.6666666666666667,0.0,0.0,0.0
64,9,136,137,48,2,0,13,0,1.7333333333333334,0.0,0.0,0.0
64,9,136,137,49,2,0,16,0,1.7777777777777777,0.0,0.0,0.0
64,9,136,137,50,3,0,18,0,2.5714285714285716,0.0,0.0,0.0
64,9,136,137,51,4,0,18,0,3.272727272727273,0.0,0.0,0.0
64,9,136,137,52,3,0,20,0,2.608695652173913,0.0,0.0,0.0
64,9,136,137,53,4,0,20,0,3.3333333333333335,0.0,0.0,0.0
64,9,136,137,54,2,0,20,0,1.8181818181818181,0.0,0.0,0.0
64,9,136,137,55,2,0,18,0,1.8,0.0,0.0,0.0
64,9,136,137,56,2,0,17,0,1.7894736842105263,0.0,0.0,0.0
64,9,136,137,57,2,0,16,0,1.7777777777777777,0.0,0.0,0.0
64,9,136,137,58,1,0,17,0,0.9444444444444444,0.0,0.0,0.0
64,9,144,145,15,1,0,15,0,0.9375,0.0,0.0,0.0
64,9,144,145,16,2,0,13,0,1.7333333333333334,0.0,0.0,0.0
64,9,144,145,18,2,0,11,0,1.6923076923076923,0.0,0.0,0.0
64,9,144,145,19,1,0,11,0,0.9166666666666666,0.0,0.0,0.0
64,9,144,145,20,1,0,11,0,0.9166666666666666,0.0,0.0,0.0
64,9,144,145,22,4,0,9,0,2.769230769230769,0.0,0.0,0.0
64,9,144,145,23,1,0,10,0,0.9090909090909091,0.0,0.0,0.0
64,9,144,145,24,6,0,7,0,3.230769230769231,0.0,0.0,0.0
64,9,144,145,25,2,0,6,0,1.5,0.0,0.0,0.0
64,9,144,145,26,5,0,1,0,0.8333333333333334,0.0,0.0,0.0
64,9,144,145,31,2,1,3,0,1.2,0.5,0.0,0.5
64,9,144,145,33,1,0,7,0,0.875,0.0,0.0,0.0
64,9,144,145,34,1,0,9,0,0.9,0.0,0.0,0.0
64,9,144,145,36,1,0,12,0,0.9230769230769231,0.0,0.0,0.0
64,9,144,145,45,2,0,8,0,1.6,0.0,0.0,0.0
64,9,144,145,51,1,0,24,0,0.96,0.0,0.0,0.0
64,9,144,145,52,2,0,25,0,1.8518518518518519,0.0,0.0,0.0
64,9,144,145,53,2,0,23,0,1.84,0.0,0.0,0.0
64,9,144,145,54,1,0,22,0,0.9565217391304348,0.0,0.0,0.0
64,9,144,145,55,2,0,20,0,1.8181818181818181,0.0,0.0,0.0
64,9,144,145,56,2,0,19,0,1.8095238095238095,0.0,0.0,0.0
64,9,144,145,57,2,0,18,0,1.8,0.0,0.0,0.0
64,9,144,145,58,2,0,18,0,1.8,0.0,0.0,0.0
64,9,144,145,59,1,0,20,0,0.9523809523809523,0.0,0.0,0.0
64,9,152,153,27,1,0,9,0,0.9,0.0,0.0,0.0
64,9,152,153,29,1,0,6,0,0.8571428571428571,0.0,0.0,0.0
64,9,152,153,30,3,0,4,0,1.7142857142857142,0.0,0.0,0.0
64,9,152,153,54,2,0,26,0,1.8571428571428572,0.0,0.0,0.0
64,9,152,153,55,4,0,23,0,3.4074074074074074,0.0,0.0,0.0
64,9,152,153,56,1,0,23,0,0.9583333333333334,0.0,0.0,0.0
64,9,152,153,57,2,0,22,0,1.8333333333333333,0.0,0.0,0.0
64,9,152,153,58,1,0,23,0,0.9583333333333334,0.0,0.0,0.0
64,9,152,153,59,2,0,24,0,1.8461538461538463,0.0,0.0,0.0
64,9,152,153,61,2,0,23,0,1.84,0.0,0.0,0.0
64,9,152,153,63,1,0,22,0,0.9565217391304348,0.0,0.0,0.0
64,9,152,153,65,1,0,24,0,0.96,0.0,0.0,0.0
64,9,152,153,66,2,0,23,0,1.84,0.0,0.0,0.0
64,9,160,161,61,7,0,27,0,5.5588235294117645,0.0,0.0,0.0
64,10,16,17,14,9,0,3,0,2.25,0.0,0.0,0.0
64,10,16,17,15,12,4,11,0,5.739130434782608,0.3333333333333333,0.0,0.3333333333333333
64,10,24,25,19,14,14,1,0,0.9333333333333333,1.0,0.0,1.0
64,10,24,25,20,5,0,14,0,3.6842105263157894,0.0,0.0,0.0
64,10,24,25,21,1,0,17,0,0.9444444444444444,0.0,0.0,0.0
64,10,32,33,24,6,1,4,0,2.4,0.16666666666666666,0.0,0.16666666666666666
64,10,32,33,25,14,8,10,0,5.833333333333333,0.5714285714285714,0.0,0.5714285714285714
64,10,40,41,27,6,5,1,0,0.8571428571428571,0.8333333333333334,0.0,0.8333333333333334
64,10,40,41,28,3,0,6,0,2.0,0.0,0.0,0.0
64,10,40,41,29,15,12,8,0,5.217391304347826,0.8,0.0,0.8
64,10,40,41,30,4,0,22,0,3.3846153846153846,0.0,0.0,0.0
64,10,40,41,31,3,2,27,0,2.7,0.6666666666666666,0.0,0.6666666666666666
64,10,48,49,32,1,0,1,0,0.5,0.0,0.0,0.0
64,10,48,49,33,11,9,1,0,0.9166666666666666,0.8181818181818182,0.0,0.8181818181818182
64,10,48,49,34,4,0,11,0,2.933333333333333,0.0,0.0,0.0
64,10,48,49,35,16,11,13,0,7.172413793103448,0.6875,0.0,0.6875
64,10,56,57,38,3,0,2,0,1.2,0.0,0.0,0.0
64,10,56,57,39,14,12,6,0,4.2,0.8571428571428571,0.0,0.8571428571428571
64,10,56,57,40,3,0,21,0,2.625,0.0,0.0,0.0
64,10,64,65,40,1,0,5,0,0.8333333333333334,0.0,0.0,0.0
64,10,64,65,41,2,1,7,0,1.5555555555555556,0.5,0.0,0.5
64,10,64,65,43,1,1,13,0,0.9285714285714286,1.0,0.0,1.0
64,10,64,65,44,1,0,15,0,0.9375,0.0,0.0,0.0
64,10,64,65,45,6,6,17,0,4.434782608695652,1.0,0.0,1.0
64,10,64,65,46,2,1,23,0,1.84,0.5,0.0,0.5
64,10,72,73,41,3,0,4,0,1.7142857142857142,0.0,0.0,0.0
64,10,72,73,42,1,0,8,0,0.8888888888888888,0.0,0.0,0.0
64,10,72,73,43,1,0,10,0,0.9090909090909091,0.0,0.0,0.0
64,10,72,73,44,1,0,12,0,0.9230769230769231,0.0,0.0,0.0
64,10,72,73,45,2,1,14,0,1.75,0.5,0.0,0.5
64,10,72,73,46,1,0,17,0,0.9444444444444444,0.0,0.0,0.0
64,10,72,73,47,1,0,19,0,0.95,0.0,0.0,0.0
64,10,72,73,48,1,0,21,0,0.9545454545454546,0.0,0.0,0.0
64,10,72,73,49,2,1,23,0,1.84,0.5,0.0,0.5
64,10,72,73,51,1,1,28,0,0.9655172413793104,1.0,0.0,1.0
64,10,80,81,41,1,0,1,0,0.5,0.0,0.0,0.0
64,10,80,81,42,2,0,2,0,1.0,0.0,0.0,0.0
64,10,80,81,43,3,0,3,0,1.5,0.0,0.0,0.0
64,10,80,81,44,4,0,5,0,2.2222222222222223,0.0,0.0,0.0
64,10,80,81,45,5,3,8,0,3.076923076923077,0.6,0.0,0.6
64,10,80,81,46,1,0,13,0,0.9285714285714286,0.0,0.0,0.0
64,10,80,81,47,5,2,13,0,3.611111111111111,0.4,0.0,0.4
64,10,80,81,48,1,0,19,0,0.95,0.0,0.0,0.0
64,10,80,81,49,2,1,21,1,1.826086956521739,0.5,0.047619047619047616,0.4523809523809524
64,10,80,81,50,1,0,24,0,0.96,0.0,0.0,0.0
64,10,80,81,51,1,0,25,0,0.9615384615384616,0.0,0.0,0.0
64,10,80,81,52,1,0,25,0,0.9615384615384616,0.0,0.0,0.0
64,10,80,81,53,2,1,24,0,1.8461538461538463,0.5,0.0,0.5
64,10,88,89,4,1,0,1,0,0.5,0.0,0.0,0.0
64,10,88,89,5,3,0,1,0,0.75,0.0,0.0,0.0
64,10,88,89,7,3,0,2,0,1.2,0.0,0.0,0.0
64,10,88,89,9,3,0,3,0,1.5,0.0,0.0,0.0
64,10,88,89,11,3,0,2,0,1.2,0.0,0.0,0.0
64,10,88,89,42,1,0,1,0,0.5,0.0,0.0,0.0
64,10,88,89,43,1,0,2,0,0.6666666666666666,0.0,0.0,0.0
64,10,88,89,44,1,0,3,0,0.75,0.0,0.0,0.0
64,10,88,89,45,2,1,4,0,1.3333333333333333,0.5,0.0,0.5
64,10,88,89,46,1,0,6,0,0.8571428571428571,0.0,0.0,0.0
64,10,88,89,47,3,2,7,0,2.1,0.6666666666666666,0.0,0.6666666666666666
64,10,88,89,48,1,0,9,0,0.9,0.0,0.0,0.0
64,10,88,89,49,4,3,10,0,2.857142857142857,0.75,0.0,0.75
64,10,88,89,50,2,0,13,0,1.7333333333333334,0.0,0.0,0.0
64,10,88,89,51,7,6,13,0,4.55,0.8571428571428571,0.0,0.8571428571428571
64,10,88,89,52,3,0,18,0,2.5714285714285716,0.0,0.0,0.0
64,10,88,89,53,5,2,19,0,3.9583333333333335,0.4,0.0,0.4
64,10,88,89,55,2,0,19,0,1.8095238095238095,0.0,0.0,0.0
64,10,96,97,1,1,0,2,0,0.6666666666666666,0.0,0.0,0.0
64,10,96,97,2,1,0,3,0,0.75,0.0,0.0,0.0
64,10,96,97,4,1,0,6,0,0.8571428571428571,0.0,0.0,0.0
64,10,96,97,5,2,0,6,0,1.5,0.0,0.0,0.0
64,10,96,97,6,1,0,7,0,0.875,0.0,0.0,0.0
64,10,96,97,7,2,0,7,0,1.5555555555555556,0.0,0.0,0.0
64,10,96,97,9,1,0,9,0,0.9,0.0,0.0,0.0
64,10,96,97,10,1,0,9,0,0.9,0.0,0.0,0.0
64,10,96,97,11,2,0,9,0,1.6363636363636365,0.0,0.0,0.0
64,10,96,97,12,1,0,10,0,0.9090909090909091,0.0,0.0,0.0
64,10,96,97,13,3,0,10,0,2.3076923076923075,0.0,0.0,0.0
64,10,96,97,14,1,0,13,0,0.9285714285714286,0.0,0.0,0.0
64,10,96,97,15,3,0,11,0,2.357142857142857,0.0,0.0,0.0
64,10,96,97,16,5,0,7,0,2.9166666666666665,0.0,0.0,0.0
64,10,96,97,17,2,0,6,0,1.5,0.0,0.0,0.0
64,10,96,97,18,2,0,4,0,1.3333333333333333,0.0,0.0,0.0
64,10,96,97,20,1,0,3,0,0.75,0.0,0.0,0.0
64,10,96,97,44,1,0,1,0,0.5,0.0,0.0,0.0
64,10,96,97,45,2,1,2,0,1.0,0.5,0.0,0.5
64,10,96,97,46,1,0,4,0,0.8,0.0,0.0,0.0
64,10,96,97,47,2,1,5,0,1.4285714285714286,0.5,0.0,0.5
64,10,96,97,49,2,1,7,0,1.5555555555555556,0.5,0.0,0.5
64,10,96,97,50,1,0,9,0,0.9,0.0,0.0,0.0
64,10,96,97,51,1,1,9,0,0.9,1.0,0.0,1.0
64,10,96,97,52,1,0,9,0,0.9,0.0,0.0,0.0
64,10,96,97,53,1,0,9,0,0.9,0.0,0.0,0.0
64,10,96,97,54,1,0,9,0,0.9,0.0,0.0,0.0
64,10,96,97,57,5,5,7,0,2.9166666666666665,1.0,0.0,1.0
64,10,96,97,58,1,0,10,0,0.9090909090909091,0.0,0.0,0.0
64,10,96,97,59,4,2,9,0,2.769230769230769,0.5,0.0,0.5
64,10,96,97,68,2,1,14,0,1.75,0.5,0.0,0.5
64,10,96,97,70,4,0,18,0,3.272727272727273,0.0,0.0,0.0
64,10,96,97,71,2,0,22,0,1.8333333333333333,0.0,0.0,0.0
64,10,96,97,72,2,0,25,0,1.8518518518518519,0.0,0.0,0.0
64,10,96,97,73,2,0,28,0,1.8666666666666667,0.0,0.0,0.0
64,10,104,105,3,1,0,6,0,0.8571428571428571,0.0,0.0,0.0
64,10,104,105,5,1,0,9,0,0.9,0.0,0.0,0.0
64,10,104,105,6,1,0,11,0,0.9166666666666666,0.0,0.0,0.0
64,10,104,105,7,2,0,12,0,1.7142857142857142,0.0,0.0,0.0
64,10,104,105,9,1,0,13,0,0.9285714285714286,0.0,0.0,0.0
64,10,104,105,11,1,0,14,0,0.9333333333333333,0.0,0.0,0.0
64,10,104,105,19,1,0,7,0,0.875,0.0,0.0,0.0
64,10,104,105,49,5,5,1,0,0.8333333333333334,1.0,0.0,1.0
64,10,104,105,50,1,0,6,0,0.8571428571428571,0.0,0.0,0.0
64,10,104,105,51,2,1,6,0,1.5,0.5,0.0,0.5
64,10,104,105,52,1,0,7,0,0.875,0.0,0.0,0.0
64,10,104,105,53,1,1,7,0,0.875,1.0,0.0,1.0
64,10,104,105,54,1,0,7,0,0.875,0.0,0.0,0.0
64,10,104,105,55,2,1,7,0,1.5555555555555556,0.5,0.0,0.5
64,10,104,105,63,1,0,3,0,0.75,0.0,0.0,0.0
64,10,104,105,64,1,0,4,0,0.8,0.0,0.0,0.0
64,10,104,105,65,3,2,6,0,2.0,0.6666666666666666,0.0,0.6666666666666666
64,10,104,105,66,2,0,10,0,1.6666666666666667,0.0,0.0,0.0
64,10,104,105,73,2,1,28,1,1.8666666666666667,0.5,0.03571428571428571,0.4642857142857143
64,10,104,105,74,1,0,30,0,0.967741935483871,0.0,0.0,0.0
64,10,104,105,75,1,0,31,0,0.96875,0.0,0.0,0.0
64,10,104,105,76,4,0,29,0,3.515151515151515,0.0,0.0,0.0
64,10,112,113,13,1,0,20,0,0.9523809523809523,0.0,0.0,0.0
64,10,112,113,15,1,0,21,0,0.9545454545454546,0.0,0.0,0.0
64,10,112,113,16,1,0,21,0,0.9545454545454546,0.0,0.0,0.0
64,10,112,113,17,1,0,20,0,0.9523809523809523,0.0,0.0,0.0
64,10,112,113,19,3,1,15,0,2.5,0.3333333333333333,0.0,0.3333333333333333
64,10,112,113,21,3,0,11,0,2.357142857142857,0.0,0.0,0.0
64,10,112,113,23,3,0,7,0,2.1,0.0,0.0,0.0
64,10,112,113,25,1,0,6,0,0.8571428571428571,0.0,0.0,0.0
64,10,112,113,27,3,0,3,0,1.5,0.0,0.0,0.0
64,10,112,113,28,1,0,3,0,0.75,0.0,0.0,0.0
64,10,112,113,56,1,0,1,0,0.5,0.0,0.0,0.0
64,10,112,113,57,2,2,1,0,0.6666666666666666,1.0,0.0,1.0
64,10,112,113,58,2,0,1,0,0.6666666666666666,0.0,0.0,0.0
64,10,112,113,59,4,3,1,1,0.8,0.75,1.0,-0.25
64,10,112,113,60,1,0,3,1,0.75,0.0,0.3333333333333333,-0.3333333333333333
64,10,112,113,62,1,0,2,0,0.6666666666666666,0.0,0.0,0.0
64,10,112,113,68,1,0,15,0,0.9375,0.0,0.0,0.0
64,10,112,113,70,2,0,20,0,1.8181818181818181,0.0,0.0,0.0
64,10,120,121,21,2,0,16,0,1.7777777777777777,0.0,0.0,0.0
64,10,120,121,22,1,0,16,0,0.9411764705882353,0.0,0.0,0.0
64,10,120,121,23,3,0,14,0,2.4705882352941178,0.0,0.0,0.0
64,10,120,121,24,2,0,13,0,1.7333333333333334,0.0,0.0,0.0
64,10,120,121,25,3,0,12,0,2.4,0.0,0.0,0.0
64,10,120,121,26,2,0,12,0,1.7142857142857142,0.0,0.0,0.0
64,10,120,121,27,2,0,11,0,1.6923076923076923,0.0,0.0,0.0
64,10,120,121,28,2,0,10,0,1.6666666666666667,0.0,0.0,0.0
64,10,120,121,29,3,0,8,0,2.1818181818181817,0.0,0.0,0.0
64,10,120,121,30,2,0,7,0,1.5555555555555556,0.0,0.0,0.0
64,10,120,121,31,3,0,5,0,1.875,0.0,0.0,0.0
64,10,120,121,32,1,0,4,0,0.8,0.0,0.0,0.0
64,10,120,121,33,1,0,3,0,0.75,0.0,0.0,0.0
64,10,120,121,64,1,0,5,0,0.8333333333333334,0.0,0.0,0.0
64,10,128,129,22,1,0,18,0,0.9473684210526315,0.0,0.0,0.0
64,10,128,129,24,1,0,18,0,0.9473684210526315,0.0,0.0,0.0
64,10,128,129,25,2,0,17,0,1.7894736842105263,0.0,0.0,0.0
64,10,128,129,26,1,0,17,0,0.9444444444444444,0.0,0.0,0.0
64,10,128,129,27,2,0,16,0,1.7777777777777777,0.0,0.0,0.0
64,10,128,129,28,2,0,15,0,1.7647058823529411,0.0,0.0,0.0
64,10,128,129,29,3,0,13,0,2.4375,0.0,0.0,0.0
64,10,128,129,30,1,0,13,0,0.9285714285714286,0.0,0.0,0.0
64,10,128,129,31,3,0,11,0,2.357142857142857,0.0,0.0,0.0
64,10,128,129,32,1,0,11,0,0.9166666666666666,0.0,0.0,0.0
64,10,128,129,33,5,0,7,0,2.9166666666666665,0.0,0.0,0.0
64,10,128,129,34,1,0,7,0,0.875,0.0,0.0,0.0
64,10,128,129,35,7,1,1,0,0.875,0.14285714285714285,0.0,0.14285714285714285
64,10,128,129,65,1,0,7,0,0.875,0.0,0.0,0.0
64,10,136,137,22,1,0,18,0,0.9473684210526315,0.0,0.0,0.0
64,10,136,137,29,1,0,19,0,0.95,0.0,0.0,0.0
64,10,136,137,31,1,0,18,0,0.9473684210526315,0.0,0.0,0.0
64,10,136,137,33,1,0,17,0,0.9444444444444444,0.0,0.0,0.0
64,10,136,137,34,2,0,15,0,1.7647058823529411,0.0,0.0,0.0
64,10,136,137,35,2,0,12,0,1.7142857142857142,0.0,0.0,0.0
64,10,136,137,36,1,0,9,0,0.9,0.0,0.0,0.0
64,10,136,137,39,2,0,4,0,1.3333333333333333,0.0,0.0,0.0
64,10,136,137,40,1,0,3,0,0.75,0.0,0.0,0.0
64,10,136,137,65,1,0,7,0,0.875,0.0,0.0,0.0
64,10,144,145,22,1,0,18,0,0.9473684210526315,0.0,0.0,0.0
64,10,144,145,65,1,0,7,0,0.875,0.0,0.0,0.0
64,10,152,153,23,1,0,19,0,0.95,0.0,0.0,0.0
64,10,152,153,25,1,0,20,0,0.9523809523809523,0.0,0.0,0.0
64,10,152,153,26,1,0,20,0,0.9523809523809523,0.0,0.0,0.0
64,10,152,153,27,1,0,20,0,0.9523809523809523,0.0,0.0,0.0
64,10,152,153,48,2,0,1,0,0.6666666666666666,0.0,0.0,0.0
64,10,152,153,49,3,0,1,0,0.75,0.0,0.0,0.0
64,10,152,153,50,3,0,1,0,0.75,0.0,0.0,0.0
64,10,152,153,51,2,0,1,0,0.6666666666666666,0.0,0.0,0.0
64,10,152,153,52,2,0,1,0,0.6666666666666666,0.0,0.0,0.0
64,10,152,153,53,2,0,1,0,0.6666666666666666,0.0,0.0,0.0
64,10,152,153,54,1,0,1,0,0.5,0.0,0.0,0.0
64,10,152,153,65,1,0,7,0,0.875,0.0,0.0,0.0
64,10,152,153,67,2,0,11,0,1.6923076923076923,0.0,0.0,0.0
64,10,160,161,24,1,0,21,0,0.9545454545454546,0.0,0.0,0.0
64,10,160,161,25,2,1,21,0,1.826086956521739,0.5,0.0,0.5
64,10,160,161,26,1,0,21,0,0.9545454545454546,0.0,0.0,0.0
64,10,160,161,27,1,0,21,0,0.9545454545454546,0.0,0.0,0.0
64,10,160,161,28,1,0,21,0,0.9545454545454546,0.0,0.0,0.0
64,10,160,161,29,1,0,21,0,0.9545454545454546,0.0,0.0,0.0
64,10,160,161,31,1,0,20,0,0.9523809523809523,0.0,0.0,0.0
64,10,160,161,32,1,0,19,0,0.95,0.0,0.0,0.0
64,10,160,161,33,1,0,18,0,0.9473684210526315,0.0,0.0,0.0
64,10,160,161,48,2,0,1,0,0.6666666666666666,0.0,0.0,0.0
64,10,160,161,49,3,0,2,0,1.2,0.0,0.0,0.0
64,10,160,161,50,3,0,2,0,1.2,0.0,0.0,0.0
64,10,160,161,51,3,0,1,0,0.75,0.0,0.0,0.0
64,10,160,161,52,2,0,1,0,0.6666666666666666,0.0,0.0,0.0
64,10,160,161,53,2,0,1,0,0.6666666666666666,0.0,0.0,0.0
64,10,160,161,54,2,0,1,0,0.6666666666666666,0.0,0.0,0.0
64,10,160,161,55,2,0,1,0,0.6666666666666666,0.0,0.0,0.0
64,10,160,161,56,2,0,1,0,0.6666666666666666,0.0,0.0,0.0
64,10,160,161,57,2,0,1,0,0.6666666666666666,0.0,0.0,0.0
64,10,160,161,58,2,0,1,0,0.6666666666666666,0.0,0.0,0.0
64,10,160,161,59,2,0,1,0,0.6666666666666666,0.0,0.0,0.0
64,10,160,161,60,1,0,1,0,0.5,0.0,0.0,0.0
64,10,160,161,61,1,0,1,0,0.5,0.0,0.0,0.0
64,10,160,161,65,1,0,7,0,0.875,0.0,0.0,0.0
64,10,168,169,24,1,0,21,0,0.9545454545454546,0.0,0.0,0.0
64,10,168,169,25,1,0,22,0,0.9565217391304348,0.0,0.0,0.0
64,10,168,169,26,1,0,22,0,0.9565217391304348,0.0,0.0,0.0
64,10,168,169,27,1,0,22,0,0.9565217391304348,0.0,0.0,0.0
64,10,168,169,28,1,0,22,0,0.9565217391304348,0.0,0.0,0.0
64,10,168,169,29,1,0,22,0,0.9565217391304348,0.0,0.0,0.0
64,10,168,169,30,1,0,22,0,0.9565217391304348,0.0,0.0,0.0
64,10,168,169,31,1,0,22,0,0.9565217391304348,0.0,0.0,0.0
64,10,168,169,32,1,0,21,0,0.9545454545454546,0.0,0.0,0.0
64,10,168,169,33,1,0,20,0,0.9523809523809523,0.0,0.0,0.0
64,10,168,169,34,2,0,18,0,1.8,0.0,0.0,0.0
64,10,168,169,35,2,0,15,0,1.7647058823529411,0.0,0.0,0.0
64,10,168,169,37,1,0,10,0,0.9090909090909091,0.0,0.0,0.0
64,10,168,169,38,1,0,8,0,0.8888888888888888,0.0,0.0,0.0
64,10,168,169,47,2,0,1,0,0.6666666666666666,0.0,0.0,0.0
64,10,168,169,48,1,0,3,0,0.75,0.0,0.0,0.0
64,10,168,169,49,3,0,3,0,1.5,0.0,0.0,0.0
64,10,168,169,50,1,0,4,0,0.8,0.0,0.0,0.0
64,10,168,169,51,3,0,2,0,1.2,0.0,0.0,0.0
64,10,168,169,52,3,0,1,0,0.75,0.0,0.0,0.0
64,10,168,169,53,2,0,1,0,0.6666666666666666,0.0,0.0,0.0
64,10,168,169,54,2,0,1,0,0.6666666666666666,0.0,0.0,0.0
64,10,168,169,55,2,0,1,0,0.6666666666666666,0.0,0.0,0.0
64,10,168,169,56,2,0,1,0,0.6666666666666666,0.0,0.0,0.0
64,10,168,169,57,2,0,1,0,0.6666666666666666,0.0,0.0,0.0
64,10,168,169,58,2,0,1,0,0.6666666666666666,0.0,0.0,0.0
64,10,168,169,59,2,0,1,0,0.6666666666666666,0.0,0.0,0.0
64,10,168,169,60,1,0,1,0,0.5,0.0,0.0,0.0
64,10,168,169,61,1,0,1,0,0.5,0.0,0.0,0.0
64,10,168,169,65,1,0,7,0,0.875,0.0,0.0,0.0
64,10,168,169,67,1,0,12,0,0.9230769230769231,0.0,0.0,0.0
64,10,176,177,24,1,0,21,0,0.9545454545454546,0.0,0.0,0.0
64,10,176,177,25,1,0,22,0,0.9565217391304348,0.0,0.0,0.0
64,10,176,177,26,1,0,22,0,0.9565217391304348,0.0,0.0,0.0
64,10,176,177,27,1,0,22,0,0.9565217391304348,0.0,0.0,0.0
64,10,176,177,28,1,0,22,0,0.9565217391304348,0.0,0.0,0.0
64,10,176,177,29,1,0,22,0,0.9565217391304348,0.0,0.0,0.0
64,10,176,177,30,1,0,22,0,0.9565217391304348,0.0,0.0,0.0
64,10,176,177,31,1,0,22,0,0.9565217391304348,0.0,0.0,0.0
64,10,176,177,32,1,0,21,0,0.9545454545454546,0.0,0.0,0.0
64,10,176,177,33,1,0,20,0,0.9523809523809523,0.0,0.0,0.0
64,10,176,177,34,1,0,19,0,0.95,0.0,0.0,0.0
64,10,176,177,35,1,0,17,0,0.9444444444444444,0.0,0.0,0.0
64,10,176,177,36,2,0,13,0,1.7333333333333334,0.0,0.0,0.0
64,10,176,177,37,1,0,12,0,0.9230769230769231,0.0,0.0,0.0
64,10,176,177,38,1,0,9,0,0.9,0.0,0.0,0.0
64,10,176,177,47,1,0,2,0,0.6666666666666666,0.0,0.0,0.0
64,10,176,177,48,2,0,3,0,1.2,0.0,0.0,0.0
64,10,176,177,49,1,0,5,0,0.8333333333333334,0.0,0.0,0.0
64,10,176,177,50,2,0,5,0,1.4285714285714286,0.0,0.0,0.0
64,10,176,177,51,3,0,4,0,1.7142857142857142,0.0,0.0,0.0
64,10,176,177,52,3,0,3,0,1.5,0.0,0.0,0.0
64,10,176,177,53,2,0,3,0,1.2,0.0,0.0,0.0
64,10,176,177,54,2,0,3,0,1.2,0.0,0.0,0.0
64,10,176,177,55,2,0,3,0,1.2,0.0,0.0,0.0
64,10,176,177,56,2,0,3,0,1.2,0.0,0.0,0.0
64,10,176,177,57,1,0,3,0,0.75,0.0,0.0,0.0
64,10,176,177,58,2,0,2,0,1.0,0.0,0.0,0.0
64,10,176,177,59,2,0,2,0,1.0,0.0,0.0,0.0
64,10,176,177,60,2,0,1,0,0.6666666666666666,0.0,0.0,0.0
64,10,176,177,61,1,0,1,0,0.5,0.0,0.0,0.0
64,10,176,177,64,1,0,5,0,0.8333333333333334,0.0,0.0,0.0
64,10,184,185,24,1,0,21,0,0.9545454545454546,0.0,0.0,0.0
64,10,184,185,25,1,0,22,0,0.9565217391304348,0.0,0.0,0.0
64,10,184,185,26,1,0,22,0,0.9565217391304348,0.0,0.0,0.0
64,10,184,185,27,1,0,22,0,0.9565217391304348,0.0,0.0,0.0
64,10,184,185,28,1,0,22,0,0.9565217391304348,0.0,0.0,0.0
64,10,184,185,29,1,0,22,0,0.9565217391304348,0.0,0.0,0.0
64,10,184,185,30,1,0,22,0,0.9565217391304348,0.0,0.0,0.0
64,10,184,185,31,1,0,22,0,0.9565217391304348,0.0,0.0,0.0
64,10,184,185,32,1,0,21,0,0.9545454545454546,0.0,0.0,0.0
64,10,184,185,33,1,0,20,0,0.9523809523809523,0.0,0.0,0.0
64,10,184,185,34,1,0,19,0,0.95,0.0,0.0,0.0
64,10,184,185,35,1,0,17,0,0.9444444444444444,0.0,0.0,0.0
64,10,184,185,36,2,0,13,0,1.7333333333333334,0.0,0.0,0.0
64,10,184,185,37,1,0,12,0,0.9230769230769231,0.0,0.0,0.0
64,10,184,185,38,1,0,9,0,0.9,0.0,0.0,0.0
64,10,184,185,40,2,0,5,0,1.4285714285714286,0.0,0.0,0.0
64,10,184,185,41,2,0,4,0,1.3333333333333333,0.0,0.0,0.0
64,10,184,185,42,4,0,3,0,1.7142857142857142,0.0,0.0,0.0
64,10,184,185,43,1,0,3,0,0.75,0.0,0.0,0.0
64,10,184,185,44,4,0,1,0,0.8,0.0,0.0,0.0
64,10,184,185,46,1,0,3,0,0.75,0.0,0.0,0.0
64,10,184,185,47,1,0,4,0,0.8,0.0,0.0,0.0
64,10,184,185,48,1,0,5,0,0.8333333333333334,0.0,0.0,0.0
64,10,184,185,49,1,0,6,0,0.8571428571428571,0.0,0.0,0.0
64,10,184,185,50,2,0,6,0,1.5,0.0,0.0,0.0
64,10,184,185,52,4,0,4,0,2.0,0.0,0.0,0.0
64,10,184,185,53,1,0,5,0,0.8333333333333334,0.0,0.0,0.0
64,10,184,185,54,1,0,5,0,0.8333333333333334,0.0,0.0,0.0
64,10,184,185,55,1,0,5,0,0.8333333333333334,0.0,0.0,0.0
64,10,184,185,56,3,0,3,0,1.5,0.0,0.0,0.0
64,10,184,185,57,2,0,3,0,1.2,0.0,0.0,0.0
64,10,184,185,58,2,0,3,0,1.2,0.0,0.0,0.0
64,10,184,185,59,1,0,3,0,0.75,0.0,0.0,0.0
64,10,184,185,60,1,0,2,0,0.6666666666666666,0.0,0.0,0.0
64,10,184,185,61,1,0,2,0,0.6666666666666666,0.0,0.0,0.0
64,10,184,185,62,1,0,1,0,0.5,0.0,0.0,0.0
64,10,184,185,64,1,0,5,0,0.8333333333333334,0.0,0.0,0.0
64,10,192,193,25,1,0,23,0,0.9583333333333334,0.0,0.0,0.0
64,10,192,193,26,1,0,23,0,0.9583333333333334,0.0,0.0,0.0
64,10,192,193,27,1,0,23,0,0.9583333333333334,0.0,0.0,0.0
64,10,192,193,28,1,0,23,0,0.9583333333333334,0.0,0.0,0.0
64,10,192,193,29,1,0,23,0,0.9583333333333334,0.0,0.0,0.0
64,10,192,193,30,1,0,23,0,0.9583333333333334,0.0,0.0,0.0
64,10,192,193,31,1,0,23,0,0.9583333333333334,0.0,0.0,0.0
64,10,192,193,32,1,0,22,0,0.9565217391304348,0.0,0.0,0.0
64,10,192,193,33,1,0,21,0,0.9545454545454546,0.0,0.0,0.0
64,10,192,193,34,1,0,20,0,0.9523809523809523,0.0,0.0,0.0
64,10,192,193,35,2,0,17,0,1.7894736842105263,0.0,0.0,0.0
64,10,192,193,36,1,0,14,0,0.9333333333333333,0.0,0.0,0.0
64,10,192,193,37,1,0,13,0,0.9285714285714286,0.0,0.0,0.0
64,10,192,193,38,1,0,10,0,0.9090909090909091,0.0,0.0,0.0
64,10,192,193,42,1,0,9,0,0.9,0.0,0.0,0.0
64,10,192,193,44,1,0,8,0,0.8888888888888888,0.0,0.0,0.0
64,10,192,193,45,1,0,7,0,0.875,0.0,0.0,0.0
64,10,192,193,46,1,0,7,0,0.875,0.0,0.0,0.0
64,10,192,193,47,3,0,7,0,2.1,0.0,0.0,0.0
64,10,192,193,48,1,0,7,0,0.875,0.0,0.0,0.0
64,10,192,193,49,3,1,8,0,2.1818181818181817,0.3333333333333333,0.0,0.3333333333333333
64,10,192,193,50,1,0,9,0,0.9,0.0,0.0,0.0
64,10,192,193,51,3,1,9,0,2.25,0.3333333333333333,0.0,0.3333333333333333
64,10,192,193,52,1,0,9,0,0.9,0.0,0.0,0.0
64,10,192,193,53,4,1,7,0,2.5454545454545454,0.25,0.0,0.25
64,10,192,193,54,1,0,7,0,0.875,0.0,0.0,0.0
64,10,192,193,55,4,0,6,0,2.4,0.0,0.0,0.0
64,10,192,193,57,4,1,5,0,2.2222222222222223,0.25,0.0,0.25
64,10,192,193,58,1,0,5,0,0.8333333333333334,0.0,0.0,0.0
64,10,200,201,25,1,0,23,0,0.9583333333333334,0.0,0.0,0.0
64,10,200,201,26,1,0,23,0,0.9583333333333334,0.0,0.0,0.0
64,10,200,201,27,1,0,23,0,0.9583333333333334,0.0,0.0,0.0
64,10,200,201,28,1,0,23,0,0.9583333333333334,0.0,0.0,0.0
64,10,200,201,29,1,0,23,0,0.9583333333333334,0.0,0.0,0.0
64,10,200,201,30,1,0,23,0,0.9583333333333334,0.0,0.0,0.0
64,10,200,201,31,1,0,23,0,0.9583333333333334,0.0,0.0,0.0
64,10,200,201,32,1,0,22,0,0.9565217391304348,0.0,0.0,0.0
64,10,200,201,33,1,0,21,0,0.9545454545454546,0.0,0.0,0.0
64,10,200,201,34,1,0,20,0,0.9523809523809523,0.0,0.0,0.0
64,10,200,201,35,1,0,18,0,0.9473684210526315,0.0,0.0,0.0
64,10,200,201,36,1,0,15,0,0.9375,0.0,0.0,0.0
64,10,200,201,37,2,0,13,0,1.7333333333333334,0.0,0.0,0.0
64,10,200,201,39,1,0,9,0,0.9,0.0,0.0,0.0
64,10,200,201,41,1,0,10,0,0.9090909090909091,0.0,0.0,0.0
64,10,200,201,42,2,0,11,0,1.6923076923076923,0.0,0.0,0.0
64,10,200,201,43,2,0,13,0,1.7333333333333334,0.0,0.0,0.0
64,10,200,201,46,1,0,18,0,0.9473684210526315,0.0,0.0,0.0
64,10,200,201,47,2,0,18,0,1.8,0.0,0.0,0.0
64,10,200,201,48,1,0,19,0,0.95,0.0,0.0,0.0
64,10,200,201,49,2,1,19,0,1.8095238095238095,0.5,0.0,0.5
64,10,200,201,50,3,0,18,0,2.5714285714285716,0.0,0.0,0.0
64,10,200,201,51,2,0,18,0,1.8,0.0,0.0,0.0
64,10,200,201,52,2,0,18,0,1.8,0.0,0.0,0.0
64,10,200,201,53,3,0,15,0,2.5,0.0,0.0,0.0
64,10,200,201,54,2,0,13,0,1.7333333333333334,0.0,0.0,0.0
64,10,200,201,55,2,0,12,0,1.7142857142857142,0.0,0.0,0.0
64,10,200,201,56,1,0,12,0,0.9230769230769231,0.0,0.0,0.0
64,10,200,201,57,3,0,11,0,2.357142857142857,0.0,0.0,0.0
64,10,200,201,58,2,0,10,0,1.6666666666666667,0.0,0.0,0.0
64,10,200,201,59,2,0,8,0,1.6,0.0,0.0,0.0
64,10,200,201,60,3,0,5,0,1.875,0.0,0.0,0.0
64,10,200,201,61,2,0,4,0,1.3333333333333333,0.0,0.0,0.0
64,10,208,209,26,1,0,24,0,0.96,0.0,0.0,0.0
64,10,208,209,27,1,0,24,0,0.96,0.0,0.0,0.0
64,10,208,209,28,1,0,24,0,0.96,0.0,0.0,0.0
64,10,208,209,29,1,0,24,0,0.96,0.0,0.0,0.0
64,10,208,209,30,1,0,24,0,0.96,0.0,0.0,0.0
64,10,208,209,31,1,0,24,0,0.96,0.0,0.0,0.0
64,10,208,209,32,1,0,23,0,0.9583333333333334,0.0,0.0,0.0
64,10,208,209,33,1,0,22,0,0.9565217391304348,0.0,0.0,0.0
64,10,208,209,34,1,0,21,0,0.9545454545454546,0.0,0.0,0.0
64,10,208,209,35,1,0,19,0,0.95,0.0,0.0,0.0
64,10,208,209,36,2,0,15,0,1.7647058823529411,0.0,0.0,0.0
64,10,208,209,37,1,0,14,0,0.9333333333333333,0.0,0.0,0.0
64,10,208,209,38,1,0,11,0,0.9166666666666666,0.0,0.0,0.0
64,10,208,209,39,2,0,9,0,1.6363636363636365,0.0,0.0,0.0
64,10,208,209,48,1,0,22,0,0.9565217391304348,0.0,0.0,0.0
64,10,208,209,50,1,0,25,0,0.9615384615384616,0.0,0.0,0.0
64,10,208,209,51,3,1,24,0,2.6666666666666665,0.3333333333333333,0.0,0.3333333333333333
64,10,208,209,52,2,0,23,0,1.84,0.0,0.0,0.0
64,10,208,209,53,3,0,20,0,2.608695652173913,0.0,0.0,0.0
64,10,208,209,54,1,0,19,0,0.95,0.0,0.0,0.0
64,10,208,209,55,3,0,17,0,2.55,0.0,0.0,0.0
64,10,208,209,57,1,0,16,0,0.9411764705882353,0.0,0.0,0.0
64,10,208,209,61,2,0,8,0,1.6,0.0,0.0,0.0
64,10,208,209,62,3,0,4,0,1.7142857142857142,0.0,0.0,0.0
64,10,208,209,63,1,0,4,0,0.8,0.0,0.0,0.0
64,10,216,217,27,1,0,25,0,0.9615384615384616,0.0,0.0,0.0
64,10,216,217,29,1,0,26,0,0.9629629629629629,0.0,0.0,0.0
64,10,216,217,30,1,0,27,0,0.9642857142857143,0.0,0.0,0.0
64,10,216,217,31,2,0,28,0,1.8666666666666667,0.0,0.0,0.0
64,10,216,217,33,3,0,26,0,2.689655172413793,0.0,0.0,0.0
64,10,216,217,34,1,0,27,0,0.9642857142857143,0.0,0.0,0.0
64,10,216,217,35,4,0,24,0,3.4285714285714284,0.0,0.0,0.0
64,10,216,217,36,2,0,22,0,1.8333333333333333,0.0,0.0,0.0
64,10,216,217,37,6,0,17,0,4.434782608695652,0.0,0.0,0.0
64,10,216,217,38,3,0,14,0,2.4705882352941178,0.0,0.0,0.0
64,10,216,217,39,3,1,12,0,2.4,0.3333333333333333,0.0,0.3333333333333333
64,10,216,217,40,1,0,14,0,0.9333333333333333,0.0,0.0,0.0
64,10,216,217,41,3,0,13,0,2.4375,0.0,0.0,0.0
64,10,216,217,49,1,0,24,0,0.96,0.0,0.0,0.0
64,10,216,217,50,1,0,25,0,0.9615384615384616,0.0,0.0,0.0
64,10,216,217,51,1,0,26,0,0.9629629629629629,0.0,0.0,0.0
64,10,216,217,52,1,0,26,0,0.9629629629629629,0.0,0.0,0.0
64,10,216,217,53,1,0,24,0,0.96,0.0,0.0,0.0
64,10,216,217,55,1,0,20,0,0.9523809523809523,0.0,0.0,0.0
64,10,216,217,64,3,0,6,0,2.0,0.0,0.0,0.0
64,10,224,225,38,3,0,22,0,2.64,0.0,0.0,0.0
64,10,224,225,39,2,0,19,0,1.8095238095238095,0.0,0.0,0.0
64,10,224,225,40,1,0,20,0,0.9523809523809523,0.0,0.0,0.0
64,10,224,225,41,2,1,19,0,1.8095238095238095,0.5,0.0,0.5
64,10,224,225,42,1,0,19,0,0.95,0.0,0.0,0.0
64,10,224,225,43,1,0,19,0,0.95,0.0,0.0,0.0
64,10,224,225,44,1,0,19,0,0.95,0.0,0.0,0.0
64,10,224,225,45,1,0,19,0,0.95,0.0,0.0,0.0
64,10,224,225,46,1,0,20,0,0.9523809523809523,0.0,0.0,0.0
64,10,224,225,47,1,0,21,0,0.9545454545454546,0.0,0.0,0.0
64,10,232,233,39,2,0,21,0,1.826086956521739,0.0,0.0,0.0
64,10,232,233,40,1,0,22,0,0.9565217391304348,0.0,0.0,0.0
64,10,232,233,41,2,0,21,0,1.826086956521739,0.0,0.0,0.0
64,10,232,233,42,2,0,21,0,1.826086956521739,0.0,0.0,0.0
64,10,232,233,43,2,0,21,0,1.826086956521739,0.0,0.0,0.0
64,10,232,233,44,2,0,21,0,1.826086956521739,0.0,0.0,0.0
64,10,232,233,45,2,0,21,0,1.826086956521739,0.0,0.0,0.0
64,10,232,233,46,2,0,22,0,1.8333333333333333,0.0,0.0,0.0
64,10,232,233,47,2,0,23,0,1.84,0.0,0.0,0.0
64,10,232,233,48,1,0,24,0,0.96,0.0,0.0,0.0
64,10,232,233,49,1,0,25,0,0.9615384615384616,0.0,0.0,0.0
64,10,232,233,50,1,0,27,0,0.9642857142857143,0.0,0.0,0.0
64,10,240,241,47,2,0,24,0,1.8461538461538463,0.0,0.0,0.0
64,10,240,241,48,1,0,25,0,0.9615384615384616,0.0,0.0,0.0
64,10,240,241,49,1,0,26,0,0.9629629629629629,0.0,0.0,0.0
64,10,240,241,50,1,0,28,0,0.9655172413793104,0.0,0.0,0.0
64,11,16,17,15,2,0,5,0,1.4285714285714286,0.0,0.0,0.0
64,11,24,25,18,2,0,3,0,1.2,0.0,0.0,0.0
64,11,24,25,19,6,4,5,0,2.727272727272727,0.6666666666666666,0.0,0.6666666666666666
64,11,32,33,4,2,0,1,0,0.6666666666666666,0.0,0.0,0.0
64,11,32,33,23,9,8,2,0,1.6363636363636365,0.8888888888888888,0.0,0.8888888888888888
64,11,32,33,24,2,0,12,0,1.7142857142857142,0.0,0.0,0.0
64,11,32,33,25,2,0,15,0,1.7647058823529411,0.0,0.0,0.0
64,11,40,41,4,2,0,14,0,1.75,0.0,0.0,0.0
64,11,40,41,5,1,0,16,0,0.9411764705882353,0.0,0.0,0.0
64,11,40,41,6,4,0,14,0,3.111111111111111,0.0,0.0,0.0
64,11,40,41,7,2,0,14,0,1.75,0.0,0.0,0.0
64,11,40,41,8,10,0,7,0,4.117647058823529,0.0,0.0,0.0
64,11,40,41,9,1,0,7,0,0.875,0.0,0.0,0.0
64,11,40,41,10,1,0,6,0,0.8571428571428571,0.0,0.0,0.0
64,11,40,41,12,3,0,3,0,1.5,0.0,0.0,0.0
64,11,40,41,13,2,0,2,0,1.0,0.0,0.0,0.0
64,11,40,41,30,3,0,10,0,2.3076923076923075,0.0,0.0,0.0
64,11,40,41,31,2,0,10,0,1.6666666666666667,0.0,0.0,0.0
64,11,48,49,10,2,0,18,0,1.8,0.0,0.0,0.0
64,11,48,49,12,4,0,8,0,2.6666666666666665,0.0,0.0,0.0
64,11,48,49,13,3,0,5,0,1.875,0.0,0.0,0.0
64,11,48,49,35,5,2,3,0,1.875,0.4,0.0,0.4
64,11,56,57,15,2,0,5,0,1.4285714285714286,0.0,0.0,0.0
64,11,56,57,16,2,0,3,0,1.2,0.0,0.0,0.0
64,11,56,57,17,2,0,2,0,1.0,0.0,0.0,0.0
64,11,56,57,37,1,1,1,0,0.5,1.0,0.0,1.0
64,11,56,57,38,1,0,2,0,0.6666666666666666,0.0,0.0,0.0
64,11,56,57,39,5,4,3,0,1.875,0.8,0.0,0.8
64,11,64,65,16,2,0,5,0,1.4285714285714286,0.0,0.0,0.0
64,11,64,65,17,2,0,4,0,1.3333333333333333,0.0,0.0,0.0
64,11,64,65,18,3,0,2,0,1.2,0.0,0.0,0.0
64,11,64,65,19,1,0,3,0,0.75,0.0,0.0,0.0
64,11,64,65,20,4,0,1,0,0.8,0.0,0.0,0.0
64,11,64,65,21,1,0,2,0,0.6666666666666666,0.0,0.0,0.0
64,11,64,65,22,3,0,1,0,0.75,0.0,0.0,0.0
64,11,64,65,23,2,0,1,0,0.6666666666666666,0.0,0.0,0.0
64,11,64,65,24,2,0,1,0,0.6666666666666666,0.0,0.0,0.0
64,11,64,65,25,2,0,1,0,0.6666666666666666,0.0,0.0,0.0
64,11,64,65,40,1,0,1,0,0.5,0.0,0.0,0.0
64,11,64,65,41,3,3,2,0,1.2,1.0,0.0,1.0
64,11,64,65,42,1,0,5,0,0.8333333333333334,0.0,0.0,0.0
64,11,64,65,43,2,1,6,0,1.5,0.5,0.0,0.5
64,11,64,65,44,1,0,8,0,0.8888888888888888,0.0,0.0,0.0
64,11,64,65,45,4,3,9,0,2.769230769230769,0.75,0.0,0.75
64,11,72,73,17,1,0,7,0,0.875,0.0,0.0,0.0
64,11,72,73,18,2,0,6,0,1.5,0.0,0.0,0.0
64,11,72,73,19,2,0,6,0,1.5,0.0,0.0,0.0
64,11,72,73,20,2,0,6,0,1.5,0.0,0.0,0.0
64,11,72,73,21,2,0,6,0,1.5,0.0,0.0,0.0
64,11,72,73,22,2,0,6,0,1.5,0.0,0.0,0.0
64,11,72,73,23,2,0,6,0,1.5,0.0,0.0,0.0
64,11,72,73,24,4,0,4,0,2.0,0.0,0.0,0.0
64,11,72,73,25,1,0,5,0,0.8333333333333334,0.0,0.0,0.0
64,11,72,73,26,4,0,3,0,1.7142857142857142,0.0,0.0,0.0
64,11,72,73,27,2,0,3,0,1.2,0.0,0.0,0.0
64,11,72,73,28,2,0,3,0,1.2,0.0,0.0,0.0
64,11,72,73,29,2,0,2,0,1.0,0.0,0.0,0.0
64,11,72,73,47,8,8,1,0,0.8888888888888888,1.0,0.0,1.0
64,11,72,73,48,1,0,8,0,0.8888888888888888,0.0,0.0,0.0
64,11,72,73,49,3,2,8,0,2.1818181818181817,0.6666666666666666,0.0,0.6666666666666666
64,11,72,73,50,1,0,10,0,0.9090909090909091,0.0,0.0,0.0
64,11,80,81,22,1,0,13,0,0.9285714285714286,0.0,0.0,0.0
64,11,80,81,24,2,0,13,0,1.7333333333333334,0.0,0.0,0.0
64,11,80,81,26,2,0,13,0,1.7333333333333334,0.0,0.0,0.0
64,11,80,81,28,5,0,10,0,3.3333333333333335,0.0,0.0,0.0
64,11,80,81,30,2,0,7,0,1.5555555555555556,0.0,0.0,0.0
64,11,80,81,31,1,0,5,0,0.8333333333333334,0.0,0.0,0.0
64,11,80,81,54,5,0,2,0,1.4285714285714286,0.0,0.0,0.0
64,11,88,89,33,1,0,8,0,0.8888888888888888,0.0,0.0,0.0
64,11,96,97,35,1,0,7,0,0.875,0.0,0.0,0.0
64,11,96,97,36,1,0,6,0,0.8571428571428571,0.0,0.0,0.0
64,11,96,97,37,1,0,5,0,0.8333333333333334,0.0,0.0,0.0
64,11,96,97,38,1,0,4,0,0.8,0.0,0.0,0.0
64,11,96,97,39,1,0,3,0,0.75,0.0,0.0,0.0
64,11,104,105,36,1,0,7,0,0.875,0.0,0.0,0.0
64,11,104,105,38,1,0,6,0,0.8571428571428571,0.0,0.0,0.0
64,11,104,105,39,1,0,5,0,0.8333333333333334,0.0,0.0,0.0
64,11,104,105,40,1,0,4,0,0.8,0.0,0.0,0.0
64,11,104,105,41,1,0,4,0,0.8,0.0,0.0,0.0
64,11,104,105,42,2,0,3,0,1.2,0.0,0.0,0.0
64,11,104,105,43,1,0,3,0,0.75,0.0,0.0,0.0
64,11,104,105,44,1,0,3,0,0.75,0.0,0.0,0.0
64,11,104,105,45,1,0,3,0,0.75,0.0,0.0,0.0
64,11,104,105,46,2,0,2,0,1.0,0.0,0.0,0.0
64,11,104,105,48,2,1,1,0,0.6666666666666666,0.5,0.0,0.5
64,11,112,113,44,1,0,11,0,0.9166666666666666,0.0,0.0,0.0
64,11,112,113,46,1,0,12,0,0.9230769230769231,0.0,0.0,0.0
64,11,112,113,47,1,0,13,0,0.9285714285714286,0.0,0.0,0.0
64,11,112,113,48,6,0,7,0,3.230769230769231,0.0,0.0,0.0
64,11,112,113,49,2,0,5,0,1.4285714285714286,0.0,0.0,0.0
64,11,112,113,50,5,0,1,0,0.8333333333333334,0.0,0.0,0.0
64,11,120,121,54,2,0,5,0,1.4285714285714286,0.0,0.0,0.0
64,11,120,121,55,1,0,4,0,0.8,0.0,0.0,0.0
64,12,8,9,9,20,18,2,0,1.8181818181818181,0.9,0.0,0.9
64,12,16,17,13,5,5,1,0,0.8333333333333334,1.0,0.0,1.0
64,12,16,17,14,18,2,5,0,3.9130434782608696,0.1111111111111111,0.0,0.1111111111111111
64,12,16,17,15,5,0,22,0,4.074074074074074,0.0,0.0,0.0
64,12,24,25,19,19,15,1,0,0.95,0.7894736842105263,0.0,0.7894736842105263
64,12,32,33,25,4,1,1,0,0.8,0.25,0.0,0.25
64,12,48,49,33,1,1,1,0,0.5,1.0,0.0,1.0
64,12,48,49,34,1,0,2,0,0.6666666666666666,0.0,0.0,0.0
64,12,48,49,35,3,1,3,0,1.5,0.3333333333333333,0.0,0.3333333333333333
64,12,48,49,36,2,0,6,0,1.5,0.0,0.0,0.0
64,12,56,57,36,1,0,1,0,0.5,0.0,0.0,0.0
64,12,56,57,37,2,1,4,0,1.3333333333333333,0.5,0.0,0.5
64,12,56,57,38,1,0,8,0,0.8888888888888888,0.0,0.0,0.0
64,12,56,57,39,3,3,11,0,2.357142857142857,1.0,0.0,1.0
64,12,56,57,40,1,0,16,0,0.9411764705882353,0.0,0.0,0.0
64,12,56,57,41,4,3,18,0,3.272727272727273,0.75,0.0,0.75
64,12,64,65,41,1,1,10,0,0.9090909090909091,1.0,0.0,1.0
64,12,64,65,43,3,2,13,0,2.4375,0.6666666666666666,0.0,0.6666666666666666
64,12,64,65,45,9,6,13,0,5.318181818181818,0.6666666666666666,0.0,0.6666666666666666
64,12,72,73,51,3,3,13,0,2.4375,1.0,0.0,1.0
64,12,72,73,52,2,0,13,0,1.7333333333333334,0.0,0.0,0.0
64,12,80,81,39,3,1,1,0,0.75,0.3333333333333333,0.0,0.3333333333333333
64,12,80,81,40,2,0,4,0,1.3333333333333333,0.0,0.0,0.0
64,12,80,81,41,2,0,5,0,1.4285714285714286,0.0,0.0,0.0
64,12,80,81,42,2,0,6,0,1.5,0.0,0.0,0.0
64,12,80,81,43,2,0,7,0,1.5555555555555556,0.0,0.0,0.0
64,12,80,81,44,2,0,7,0,1.5555555555555556,0.0,0.0,0.0
64,12,80,81,45,2,0,7,0,1.5555555555555556,0.0,0.0,0.0
64,12,80,81,46,2,0,7,0,1.5555555555555556,0.0,0.0,0.0
64,12,80,81,47,4,2,7,0,2.5454545454545454,0.5,0.0,0.5
64,12,80,81,49,5,3,7,0,2.9166666666666665,0.6,0.0,0.6
64,12,80,81,51,2,0,11,0,1.6923076923076923,0.0,0.0,0.0
64,12,80,81,55,4,2,12,0,3.0,0.5,0.0,0.5
64,12,88,89,40,1,0,1,0,0.5,0.0,0.0,0.0
64,12,88,89,41,1,1,1,0,0.5,1.0,0.0,1.0
64,12,88,89,42,1,0,2,0,0.6666666666666666,0.0,0.0,0.0
64,12,88,89,43,2,2,3,0,1.2,1.0,0.0,1.0
64,12,88,89,44,2,0,3,0,1.2,0.0,0.0,0.0
64,12,88,89,45,2,2,3,0,1.2,1.0,0.0,1.0
64,12,88,89,46,2,0,3,0,1.2,0.0,0.0,0.0
64,12,88,89,47,2,2,3,0,1.2,1.0,0.0,1.0
64,12,88,89,48,2,0,3,0,1.2,0.0,0.0,0.0
64,12,88,89,49,3,2,3,0,1.5,0.6666666666666666,0.0,0.6666666666666666
64,12,88,89,50,1,0,4,0,0.8,0.0,0.0,0.0
64,12,88,89,51,3,2,4,0,1.7142857142857142,0.6666666666666666,0.0,0.6666666666666666
64,12,88,89,52,2,0,5,0,1.4285714285714286,0.0,0.0,0.0
64,12,88,89,53,4,3,7,0,2.5454545454545454,0.75,0.0,0.75
64,12,88,89,54,1,0,11,0,0.9166666666666666,0.0,0.0,0.0
64,12,88,89,57,1,0,13,0,0.9285714285714286,0.0,0.0,0.0
64,12,88,89,58,2,0,14,0,1.75,0.0,0.0,0.0
64,12,88,89,59,4,3,16,0,3.2,0.75,0.0,0.75
64,12,88,89,60,3,0,20,0,2.608695652173913,0.0,0.0,0.0
64,12,88,89,61,8,6,23,0,5.935483870967742,0.75,0.0,0.75
64,12,96,97,53,1,1,3,0,0.75,1.0,0.0,1.0
64,12,96,97,55,1,1,7,0,0.875,1.0,0.0,1.0
64,12,96,97,57,2,2,11,0,1.6923076923076923,1.0,0.0,1.0
64,12,96,97,59,1,1,13,0,0.9285714285714286,1.0,0.0,1.0
64,12,96,97,61,1,1,16,0,0.9411764705882353,1.0,0.0,1.0
64,12,96,97,62,1,0,18,0,0.9473684210526315,0.0,0.0,0.0
64,12,96,97,63,3,2,19,0,2.590909090909091,0.6666666666666666,0.0,0.6666666666666666
64,12,96,97,64,1,0,22,0,0.9565217391304348,0.0,0.0,0.0
64,12,96,97,65,6,4,23,0,4.758620689655173,0.6666666666666666,0.0,0.6666666666666666
64,12,96,97,66,3,0,27,0,2.7,0.0,0.0,0.0
64,12,96,97,67,13,11,28,0,8.878048780487806,0.8461538461538461,0.0,0.8461538461538461
64,12,96,97,68,3,1,38,0,2.7804878048780486,0.3333333333333333,0.0,0.3333333333333333
64,12,104,105,55,4,2,2,0,1.3333333333333333,0.5,0.0,0.5
64,12,104,105,56,2,0,6,0,1.5,0.0,0.0,0.0
64,12,104,105,57,3,1,8,0,2.1818181818181817,0.3333333333333333,0.0,0.3333333333333333
64,12,104,105,67,4,4,16,0,3.2,1.0,0.0,1.0
64,12,104,105,68,3,0,15,0,2.5,0.0,0.0,0.0
64,12,104,105,69,6,5,14,0,4.2,0.8333333333333334,0.0,0.8333333333333334
64,12,104,105,70,2,0,18,0,1.8,0.0,0.0,0.0
64,12,104,105,71,5,4,17,0,3.8636363636363638,0.8,0.0,0.8
64,12,104,105,73,1,1,22,0,0.9565217391304348,1.0,0.0,1.0
64,12,104,105,74,1,0,23,0,0.9583333333333334,0.0,0.0,0.0
64,12,104,105,75,5,1,24,0,4.137931034482759,0.2,0.0,0.2
64,12,112,113,44,3,0,1,0,0.75,0.0,0.0,0.0
64,12,112,113,45,1,0,1,0,0.5,0.0,0.0,0.0
64,12,112,113,56,1,0,2,0,0.6666666666666666,0.0,0.0,0.0
64,12,112,113,57,2,2,3,0,1.2,1.0,0.0,1.0
64,12,112,113,58,2,0,4,0,1.3333333333333333,0.0,0.0,0.0
64,12,112,113,59,3,2,5,0,1.875,0.6666666666666666,0.0,0.6666666666666666
64,12,112,113,60,2,0,7,0,1.5555555555555556,0.0,0.0,0.0
64,12,112,113,61,4,2,8,0,2.6666666666666665,0.5,0.0,0.5
64,12,112,113,62,2,0,11,0,1.6923076923076923,0.0,0.0,0.0
64,12,112,113,63,4,2,11,0,2.933333333333333,0.5,0.0,0.5
64,12,112,113,64,2,0,13,0,1.7333333333333334,0.0,0.0,0.0
64,12,112,113,65,2,0,13,0,1.7333333333333334,0.0,0.0,0.0
64,12,112,113,66,2,0,13,0,1.7333333333333334,0.0,0.0,0.0
64,12,112,113,67,3,0,13,0,2.4375,0.0,0.0,0.0
64,12,112,113,70,1,1,11,0,0.9166666666666666,1.0,0.0,1.0
64,12,112,113,71,1,0,9,0,0.9,0.0,0.0,0.0
64,12,112,113,73,6,4,9,0,3.6,0.6666666666666666,0.0,0.6666666666666666
64,12,112,113,74,2,0,13,0,1.7333333333333334,0.0,0.0,0.0
64,12,112,113,75,10,9,14,1,5.833333333333333,0.9,0.07142857142857142,0.8285714285714286
64,12,112,113,77,2,1,23,0,1.84,0.5,0.0,0.5
64,12,112,113,79,1,0,30,0,0.967741935483871,0.0,0.0,0.0
64,12,112,113,87,2,0,43,0,1.9111111111111112,0.0,0.0,0.0
64,12,112,113,89,2,0,40,0,1.9047619047619047,0.0,0.0,0.0
64,12,120,121,34,2,0,2,0,1.0,0.0,0.0,0.0
64,12,120,121,35,1,0,4,0,0.8,0.0,0.0,0.0
64,12,120,121,36,1,0,5,0,0.8333333333333334,0.0,0.0,0.0
64,12,120,121,37,1,0,6,0,0.8571428571428571,0.0,0.0,0.0
64,12,120,121,38,1,0,7,0,0.875,0.0,0.0,0.0
64,12,120,121,39,2,0,7,0,1.5555555555555556,0.0,0.0,0.0
64,12,120,121,40,2,0,7,0,1.5555555555555556,0.0,0.0,0.0
64,12,120,121,42,2,0,7,0,1.5555555555555556,0.0,0.0,0.0
64,12,120,121,43,1,0,8,0,0.8888888888888888,0.0,0.0,0.0
64,12,120,121,44,2,0,7,0,1.5555555555555556,0.0,0.0,0.0
64,12,120,121,46,1,0,7,0,0.875,0.0,0.0,0.0
64,12,120,121,47,1,0,7,0,0.875,0.0,0.0,0.0
64,12,120,121,51,2,0,2,0,1.0,0.0,0.0,0.0
64,12,120,121,59,3,1,1,0,0.75,0.3333333333333333,0.0,0.3333333333333333
64,12,120,121,60,2,0,4,0,1.3333333333333333,0.0,0.0,0.0
64,12,120,121,61,3,1,6,0,2.0,0.3333333333333333,0.0,0.3333333333333333
64,12,120,121,62,2,0,8,0,1.6,0.0,0.0,0.0
64,12,120,121,63,2,1,8,0,1.6,0.5,0.0,0.5
64,12,120,121,64,3,0,8,0,2.1818181818181817,0.0,0.0,0.0
64,12,120,121,65,5,3,9,0,3.2142857142857144,0.6,0.0,0.6
64,12,120,121,66,4,0,11,0,2.933333333333333,0.0,0.0,0.0
64,12,120,121,67,5,2,12,0,3.5294117647058822,0.4,0.0,0.4
64,12,120,121,68,4,0,14,0,3.111111111111111,0.0,0.0,0.0
64,12,120,121,69,4,0,15,0,3.1578947368421053,0.0,0.0,0.0
64,12,120,121,70,2,1,16,0,1.7777777777777777,0.5,0.0,0.5
64,12,120,121,71,2,0,14,0,1.75,0.0,0.0,0.0
64,12,120,121,72,2,0,14,0,1.75,0.0,0.0,0.0
64,12,120,121,74,2,0,13,0,1.7333333333333334,0.0,0.0,0.0
64,12,120,121,75,2,0,14,0,1.75,0.0,0.0,0.0
64,12,120,121,76,4,0,10,0,2.857142857142857,0.0,0.0,0.0
64,12,120,121,77,2,2,10,0,1.6666666666666667,1.0,0.0,1.0
64,12,120,121,78,2,1,13,0,1.7333333333333334,0.5,0.0,0.5
64,12,120,121,79,2,2,16,0,1.7777777777777777,1.0,0.0,1.0
64,12,120,121,80,5,0,20,0,4.0,0.0,0.0,0.0
64,12,120,121,81,4,3,23,0,3.4074074074074074,0.75,0.0,0.75
64,12,120,121,82,6,1,27,0,4.909090909090909,0.16666666666666666,0.0,0.16666666666666666
64,12,120,121,83,7,6,28,0,5.6,0.8571428571428571,0.0,0.8571428571428571
64,12,120,121,84,4,0,35,0,3.58974358974359,0.0,0.0,0.0
64,12,120,121,85,4,1,35,0,3.58974358974359,0.25,0.0,0.25
64,12,120,121,86,4,0,39,0,3.627906976744186,0.0,0.0,0.0
64,12,120,121,87,4,1,41,0,3.6444444444444444,0.25,0.0,0.25
64,12,128,129,13,6,0,3,0,2.0,0.0,0.0,0.0
64,12,128,129,15,4,0,8,0,2.6666666666666665,0.0,0.0,0.0
64,12,128,129,17,5,0,8,0,3.076923076923077,0.0,0.0,0.0
64,12,128,129,18,2,0,8,0,1.6,0.0,0.0,0.0
64,12,128,129,19,4,0,5,0,2.2222222222222223,0.0,0.0,0.0
64,12,128,129,20,2,0,4,0,1.3333333333333333,0.0,0.0,0.0
64,12,128,129,34,1,0,4,0,0.8,0.0,0.0,0.0
64,12,128,129,42,1,0,11,0,0.9166666666666666,0.0,0.0,0.0
64,12,128,129,44,1,0,10,0,0.9090909090909091,0.0,0.0,0.0
64,12,128,129,53,1,0,2,0,0.6666666666666666,0.0,0.0,0.0
64,12,128,129,60,1,1,5,0,0.8333333333333334,1.0,0.0,1.0
64,12,128,129,61,3,1,6,0,2.0,0.3333333333333333,0.0,0.3333333333333333
64,12,128,129,62,3,0,8,0,2.1818181818181817,0.0,0.0,0.0
64,12,128,129,63,3,1,9,0,2.25,0.3333333333333333,0.0,0.3333333333333333
64,12,128,129,64,3,0,9,0,2.25,0.0,0.0,0.0
64,12,128,129,65,2,1,10,0,1.6666666666666667,0.5,0.0,0.5
64,12,128,129,66,4,0,8,0,2.6666666666666665,0.0,0.0,0.0
64,12,128,129,67,3,2,9,0,2.25,0.6666666666666666,0.0,0.6666666666666666
64,12,128,129,68,3,0,9,0,2.25,0.0,0.0,0.0
64,12,128,129,69,4,1,9,0,2.769230769230769,0.25,0.0,0.25
64,12,128,129,70,2,0,10,0,1.6666666666666667,0.0,0.0,0.0
64,12,128,129,71,8,5,9,0,4.235294117647059,0.625,0.0,0.625
64,12,128,129,72,3,0,15,0,2.5,0.0,0.0,0.0
64,12,128,129,74,4,0,15,0,3.1578947368421053,0.0,0.0,0.0
64,12,128,129,75,2,0,17,0,1.7894736842105263,0.0,0.0,0.0
64,12,128,129,76,3,1,18,0,2.5714285714285716,0.3333333333333333,0.0,0.3333333333333333
64,12,128,129,77,1,0,20,0,0.9523809523809523,0.0,0.0,0.0
64,12,128,129,78,3,0,20,0,2.608695652173913,0.0,0.0,0.0
64,12,128,129,79,2,0,24,0,1.8461538461538463,0.0,0.0,0.0
64,12,128,129,80,2,0,28,0,1.8666666666666667,0.0,0.0,0.0
64,12,128,129,82,2,0,35,0,1.8918918918918919,0.0,0.0,0.0
64,12,128,129,83,1,0,38,0,0.9743589743589743,0.0,0.0,0.0
64,12,128,129,84,3,0,38,0,2.7804878048780486,0.0,0.0,0.0
64,12,128,129,85,1,0,40,0,0.975609756097561,0.0,0.0,0.0
64,12,128,129,86,5,1,39,0,4.431818181818182,0.2,0.0,0.2
64,12,128,129,88,1,0,40,0,0.975609756097561,0.0,0.0,0.0
64,12,128,129,89,2,0,40,0,1.9047619047619047,0.0,0.0,0.0
64,12,136,137,8,1,0,3,0,0.75,0.0,0.0,0.0
64,12,136,137,9,1,0,5,0,0.8333333333333334,0.0,0.0,0.0
64,12,136,137,11,2,1,8,0,1.6,0.5,0.0,0.5
64,12,136,137,12,1,0,10,0,0.9090909090909091,0.0,0.0,0.0
64,12,136,137,13,1,0,11,0,0.9166666666666666,0.0,0.0,0.0
64,12,136,137,15,1,0,14,0,0.9333333333333333,0.0,0.0,0.0
64,12,136,137,17,1,0,15,0,0.9375,0.0,0.0,0.0
64,12,136,137,18,1,0,15,0,0.9375,0.0,0.0,0.0
64,12,136,137,19,3,0,12,0,2.4,0.0,0.0,0.0
64,12,136,137,20,2,0,10,0,1.6666666666666667,0.0,0.0,0.0
64,12,136,137,21,2,0,8,0,1.6,0.0,0.0,0.0
64,12,136,137,22,3,0,5,0,1.875,0.0,0.0,0.0
64,12,136,137,23,2,0,3,0,1.2,0.0,0.0,0.0
64,12,136,137,24,1,0,2,0,0.6666666666666666,0.0,0.0,0.0
64,12,136,137,25,1,0,1,0,0.5,0.0,0.0,0.0
64,12,136,137,35,1,0,6,0,0.8571428571428571,0.0,0.0,0.0
64,12,136,137,44,1,1,11,0,0.9166666666666666,1.0,0.0,1.0
64,12,136,137,45,1,0,10,0,0.9090909090909091,0.0,0.0,0.0
64,12,136,137,46,2,0,9,0,1.6363636363636365,0.0,0.0,0.0
64,12,136,137,47,1,0,8,0,0.8888888888888888,0.0,0.0,0.0
64,12,136,137,48,3,0,7,0,2.1,0.0,0.0,0.0
64,12,136,137,50,2,0,5,0,1.4285714285714286,0.0,0.0,0.0
64,12,136,137,54,2,0,1,0,0.6666666666666666,0.0,0.0,0.0
64,12,136,137,56,4,1,3,0,1.7142857142857142,0.25,0.0,0.25
64,12,136,137,58,6,0,8,0,3.4285714285714284,0.0,0.0,0.0
64,12,136,137,59,2,0,13,0,1.7333333333333334,0.0,0.0,0.0
64,12,136,137,60,4,0,14,0,3.111111111111111,0.0,0.0,0.0
64,12,136,137,61,2,0,17,0,1.7894736842105263,0.0,0.0,0.0
64,12,136,137,62,4,0,19,0,3.3043478260869565,0.0,0.0,0.0
64,12,136,137,63,3,0,22,0,2.64,0.0,0.0,0.0
64,12,136,137,64,6,0,22,0,4.714285714285714,0.0,0.0,0.0
64,12,136,137,65,2,0,25,0,1.8518518518518519,0.0,0.0,0.0
64,12,136,137,66,9,0,21,0,6.3,0.0,0.0,0.0
64,12,136,137,67,1,0,23,0,0.9583333333333334,0.0,0.0,0.0
64,12,136,137,68,11,0,14,0,6.16,0.0,0.0,0.0
64,12,136,137,70,5,0,12,0,3.5294117647058822,0.0,0.0,0.0
64,12,136,137,71,2,0,12,0,1.7142857142857142,0.0,0.0,0.0
64,12,136,137,72,5,0,12,0,3.5294117647058822,0.0,0.0,0.0
64,12,136,137,73,2,0,16,0,1.7777777777777777,0.0,0.0,0.0
64,12,136,137,74,3,0,17,0,2.55,0.0,0.0,0.0
64,12,136,137,75,4,3,19,0,3.3043478260869565,0.75,0.0,0.75
64,12,136,137,76,2,0,22,0,1.8333333333333333,0.0,0.0,0.0
64,12,136,137,78,1,0,25,0,0.9615384615384616,0.0,0.0,0.0
64,12,144,145,11,1,0,10,0,0.9090909090909091,0.0,0.0,0.0
64,12,144,145,13,1,0,13,0,0.9285714285714286,0.0,0.0,0.0
64,12,144,145,24,2,0,5,0,1.4285714285714286,0.0,0.0,0.0
64,12,144,145,36,1,0,7,0,0.875,0.0,0.0,0.0
64,12,144,145,37,1,0,9,0,0.9,0.0,0.0,0.0
64,12,144,145,38,2,0,10,0,1.6666666666666667,0.0,0.0,0.0
64,12,144,145,39,2,0,11,0,1.6923076923076923,0.0,0.0,0.0
64,12,144,145,40,2,0,12,0,1.7142857142857142,0.0,0.0,0.0
64,12,144,145,42,4,1,13,0,3.0588235294117645,0.25,0.0,0.25
64,12,144,145,44,2,0,14,0,1.75,0.0,0.0,0.0
64,12,144,145,46,2,0,14,0,1.75,0.0,0.0,0.0
64,12,144,145,48,2,1,14,0,1.75,0.5,0.0,0.5
64,12,144,145,49,2,0,13,0,1.7333333333333334,0.0,0.0,0.0
64,12,144,145,50,2,0,12,0,1.7142857142857142,0.0,0.0,0.0
64,12,144,145,51,2,0,12,0,1.7142857142857142,0.0,0.0,0.0
64,12,144,145,52,4,0,9,0,2.769230769230769,0.0,0.0,0.0
64,12,144,145,53,1,0,9,0,0.9,0.0,0.0,0.0
64,12,144,145,54,2,0,7,0,1.5555555555555556,0.0,0.0,0.0
64,12,144,145,55,2,0,9,0,1.6363636363636365,0.0,0.0,0.0
64,12,144,145,56,1,0,12,0,0.9230769230769231,0.0,0.0,0.0
64,12,144,145,57,3,0,14,0,2.4705882352941178,0.0,0.0,0.0
64,12,144,145,58,1,0,18,0,0.9473684210526315,0.0,0.0,0.0
64,12,144,145,59,3,0,20,0,2.608695652173913,0.0,0.0,0.0
64,12,144,145,60,1,0,24,0,0.96,0.0,0.0,0.0
64,12,144,145,61,3,0,26,0,2.689655172413793,0.0,0.0,0.0
64,12,144,145,62,1,0,30,0,0.967741935483871,0.0,0.0,0.0
64,12,144,145,64,1,0,35,0,0.9722222222222222,0.0,0.0,0.0
64,12,144,145,65,1,0,37,0,0.9736842105263158,0.0,0.0,0.0
64,12,144,145,66,3,0,36,0,2.769230769230769,0.0,0.0,0.0
64,12,144,145,67,4,0,34,0,3.5789473684210527,0.0,0.0,0.0
64,12,144,145,68,4,0,31,0,3.5428571428571427,0.0,0.0,0.0
64,12,144,145,69,4,0,25,0,3.4482758620689653,0.0,0.0,0.0
64,12,144,145,70,4,0,21,0,3.36,0.0,0.0,0.0
64,12,144,145,72,1,0,22,0,0.9565217391304348,0.0,0.0,0.0
64,12,144,145,74,3,0,22,0,2.64,0.0,0.0,0.0
64,12,144,145,75,2,0,22,0,1.8333333333333333,0.0,0.0,0.0
64,12,144,145,76,1,0,23,0,0.9583333333333334,0.0,0.0,0.0
64,12,144,145,77,1,0,23,0,0.9583333333333334,0.0,0.0,0.0
64,12,152,153,38,2,0,12,0,1.7142857142857142,0.0,0.0,0.0
64,12,152,153,40,2,0,16,0,1.7777777777777777,0.0,0.0,0.0
64,12,152,153,42,2,0,19,0,1.8095238095238095,0.0,0.0,0.0
64,12,152,153,44,1,0,20,0,0.9523809523809523,0.0,0.0,0.0
64,12,152,153,46,1,0,19,0,0.95,0.0,0.0,0.0
64,12,152,153,47,1,0,18,0,0.9473684210526315,0.0,0.0,0.0
64,12,152,153,48,1,0,17,0,0.9444444444444444,0.0,0.0,0.0
64,12,152,153,50,1,0,16,0,0.9411764705882353,0.0,0.0,0.0
64,12,152,153,57,2,0,19,0,1.8095238095238095,0.0,0.0,0.0
64,12,152,153,60,1,0,27,0,0.9642857142857143,0.0,0.0,0.0
64,12,152,153,62,1,0,32,0,0.9696969696969697,0.0,0.0,0.0
64,12,152,153,64,1,0,37,0,0.9736842105263158,0.0,0.0,0.0
64,12,152,153,69,3,0,35,0,2.763157894736842,0.0,0.0,0.0
64,12,152,153,74,4,0,25,0,3.4482758620689653,0.0,0.0,0.0
64,12,152,153,78,3,0,26,0,2.689655172413793,0.0,0.0,0.0
64,12,160,161,42,1,0,22,0,0.9565217391304348,0.0,0.0,0.0
64,12,160,161,44,1,0,22,0,0.9565217391304348,0.0,0.0,0.0
64,12,160,161,70,2,0,34,0,1.8888888888888888,0.0,0.0,0.0
64,12,160,161,89,2,0,40,0,1.9047619047619047,0.0,0.0,0.0
64,12,160,161,91,2,0,36,0,1.894736842105263,0.0,0.0,0.0
64,12,168,169,89,2,1,40,0,1.9047619047619047,0.5,0.0,0.5
64,12,168,169,91,2,0,36,0,1.894736842105263,0.0,0.0,0.0
64,12,208,209,5,2,0,1,0,0.6666666666666666,0.0,0.0,0.0
64,12,208,209,6,1,0,1,0,0.5,0.0,0.0,0.0
64,12,208,209,7,1,0,3,0,0.75,0.0,0.0,0.0
64,12,208,209,8,1,0,5,0,0.8333333333333334,0.0,0.0,0.0
64,12,208,209,9,1,0,7,0,0.875,0.0,0.0,0.0
64,12,208,209,10,1,0,9,0,0.9,0.0,0.0,0.0
64,12,208,209,11,1,0,11,0,0.9166666666666666,0.0,0.0,0.0
64,12,208,209,12,1,0,13,0,0.9285714285714286,0.0,0.0,0.0
64,12,208,209,13,1,0,14,0,0.9333333333333333,0.0,0.0,0.0
64,12,208,209,14,1,0,15,0,0.9375,0.0,0.0,0.0
64,12,208,209,15,1,0,16,0,0.9411764705882353,0.0,0.0,0.0
64,12,216,217,4,1,0,1,0,0.5,0.0,0.0,0.0
64,12,216,217,5,2,0,2,0,1.0,0.0,0.0,0.0
64,12,216,217,6,2,0,2,0,1.0,0.0,0.0,0.0
64,12,216,217,7,2,0,4,0,1.3333333333333333,0.0,0.0,0.0
64,12,216,217,8,2,0,6,0,1.5,0.0,0.0,0.0
64,12,216,217,9,2,0,8,0,1.6,0.0,0.0,0.0
64,12,216,217,10,2,0,10,0,1.6666666666666667,0.0,0.0,0.0
64,12,216,217,11,2,0,12,0,1.7142857142857142,0.0,0.0,0.0
64,12,216,217,12,2,0,14,0,1.75,0.0,0.0,0.0
64,12,216,217,13,2,0,15,0,1.7647058823529411,0.0,0.0,0.0
64,12,216,217,14,2,0,16,0,1.7777777777777777,0.0,0.0,0.0
64,12,216,217,15,3,0,16,0,2.526315789473684,0.0,0.0,0.0
64,12,216,217,16,1,0,16,0,0.9411764705882353,0.0,0.0,0.0
64,12,216,217,17,1,0,16,0,0.9411764705882353,0.0,0.0,0.0
64,12,224,225,4,1,0,1,0,0.5,0.0,0.0,0.0
64,12,224,225,5,2,0,2,0,1.0,0.0,0.0,0.0
64,12,224,225,6,2,0,2,0,1.0,0.0,0.0,0.0
64,12,224,225,7,2,0,4,0,1.3333333333333333,0.0,0.0,0.0
64,12,224,225,8,2,0,6,0,1.5,0.0,0.0,0.0
64,12,224,225,9,2,0,8,0,1.6,0.0,0.0,0.0
64,12,224,225,10,2,0,10,0,1.6666666666666667,0.0,0.0,0.0
64,12,224,225,11,2,0,12,0,1.7142857142857142,0.0,0.0,0.0
64,12,224,225,12,2,0,14,0,1.75,0.0,0.0,0.0
64,12,224,225,13,2,0,15,0,1.7647058823529411,0.0,0.0,0.0
64,12,224,225,14,2,0,16,0,1.7777777777777777,0.0,0.0,0.0
64,12,224,225,15,2,0,17,0,1.7894736842105263,0.0,0.0,0.0
64,12,224,225,16,1,0,17,0,0.9444444444444444,0.0,0.0,0.0
64,12,224,225,17,1,0,16,0,0.9411764705882353,0.0,0.0,0.0
64,12,232,233,4,1,0,1,0,0.5,0.0,0.0,0.0
64,12,232,233,5,2,0,2,0,1.0,0.0,0.0,0.0
64,12,232,233,6,2,0,2,0,1.0,0.0,0.0,0.0
64,12,232,233,7,2,0,4,0,1.3333333333333333,0.0,0.0,0.0
64,12,232,233,8,2,0,6,0,1.5,0.0,0.0,0.0
64,12,232,233,9,2,0,8,0,1.6,0.0,0.0,0.0
64,12,232,233,10,2,0,10,0,1.6666666666666667,0.0,0.0,0.0
64,12,232,233,11,2,0,12,0,1.7142857142857142,0.0,0.0,0.0
64,12,232,233,12,2,0,14,0,1.75,0.0,0.0,0.0
64,12,232,233,13,2,0,15,0,1.7647058823529411,0.0,0.0,0.0
64,12,232,233,14,2,0,16,0,1.7777777777777777,0.0,0.0,0.0
64,12,232,233,15,2,0,17,0,1.7894736842105263,0.0,0.0,0.0
64,12,232,233,16,1,0,17,0,0.9444444444444444,0.0,0.0,0.0
64,12,232,233,17,1,0,16,0,0.9411764705882353,0.0,0.0,0.0
64,12,240,241,4,1,0,1,0,0.5,0.0,0.0,0.0
64,12,240,241,5,2,0,2,0,1.0,0.0,0.0,0.0
64,12,240,241,6,2,0,2,0,1.0,0.0,0.0,0.0
64,12,240,241,7,2,0,4,0,1.3333333333333333,0.0,0.0,0.0
64,12,240,241,8,2,0,6,0,1.5,0.0,0.0,0.0
64,12,240,241,9,2,0,8,0,1.6,0.0,0.0,0.0
64,12,240,241,10,2,0,10,0,1.6666666666666667,0.0,0.0,0.0
64,12,240,241,11,2,0,12,0,1.7142857142857142,0.0,0.0,0.0
64,12,240,241,12,2,0,14,0,1.75,0.0,0.0,0.0
64,12,240,241,13,2,0,15,0,1.7647058823529411,0.0,0.0,0.0
64,12,240,241,14,2,0,16,0,1.7777777777777777,0.0,0.0,0.0
64,12,240,241,15,2,0,17,0,1.7894736842105263,0.0,0.0,0.0
64,12,240,241,16,1,0,17,0,0.9444444444444444,0.0,0.0,0.0
64,12,240,241,17,1,0,16,0,0.9411764705882353,0.0,0.0,0.0
64,12,248,249,4,1,0,1,0,0.5,0.0,0.0,0.0
64,12,248,249,5,2,0,2,0,1.0,0.0,0.0,0.0
64,12,248,249,6,2,0,2,0,1.0,0.0,0.0,0.0
64,12,248,249,7,2,0,4,0,1.3333333333333333,0.0,0.0,0.0
64,12,248,249,8,2,0,6,0,1.5,0.0,0.0,0.0
64,12,248,249,9,2,0,8,0,1.6,0.0,0.0,0.0
64,12,248,249,10,2,0,10,0,1.6666666666666667,0.0,0.0,0.0
64,12,248,249,11,2,0,12,0,1.7142857142857142,0.0,0.0,0.0
64,12,248,249,12,2,0,14,0,1.75,0.0,0.0,0.0
64,12,248,249,13,2,0,15,0,1.7647058823529411,0.0,0.0,0.0
64,12,248,249,14,2,0,16,0,1.7777777777777777,0.0,0.0,0.0
64,12,248,249,15,2,0,17,0,1.7894736842105263,0.0,0.0,0.0
64,12,248,249,16,1,0,17,0,0.9444444444444444,0.0,0.0,0.0
64,12,248,249,17,1,0,16,0,0.9411764705882353,0.0,0.0,0.0
64,13,8,9,9,21,20,1,0,0.9545454545454546,0.9523809523809523,0.0,0.9523809523809523
64,13,16,17,14,12,0,13,0,6.24,0.0,0.0,0.0
64,13,16,17,15,9,0,25,0,6.617647058823529,0.0,0.0,0.0
64,13,24,25,14,1,0,1,0,0.5,0.0,0.0,0.0
64,13,24,25,17,4,4,5,0,2.2222222222222223,1.0,0.0,1.0
64,13,24,25,18,2,0,11,0,1.6923076923076923,0.0,0.0,0.0
64,13,24,25,19,30,28,13,0,9.069767441860465,0.9333333333333333,0.0,0.9333333333333333
64,13,32,33,8,1,0,2,0,0.6666666666666666,0.0,0.0,0.0
64,13,32,33,9,2,0,2,0,1.0,0.0,0.0,0.0
64,13,32,33,11,2,0,4,0,1.3333333333333333,0.0,0.0,0.0
64,13,32,33,13,1,0,6,0,0.8571428571428571,0.0,0.0,0.0
64,13,32,33,15,1,0,5,0,0.8333333333333334,0.0,0.0,0.0
64,13,32,33,16,1,0,5,0,0.8333333333333334,0.0,0.0,0.0
64,13,32,33,17,1,0,5,0,0.8333333333333334,0.0,0.0,0.0
64,13,32,33,22,1,0,12,0,0.9230769230769231,0.0,0.0,0.0
64,13,32,33,23,2,2,16,0,1.7777777777777777,1.0,0.0,1.0
64,13,32,33,24,8,1,21,0,5.793103448275862,0.125,0.0,0.125
64,13,32,33,25,16,9,30,0,10.434782608695652,0.5625,0.0,0.5625
64,13,40,41,3,2,0,1,0,0.6666666666666666,0.0,0.0,0.0
64,13,40,41,5,2,0,3,0,1.2,0.0,0.0,0.0
64,13,40,41,7,2,0,5,0,1.4285714285714286,0.0,0.0,0.0
64,13,40,41,9,1,0,7,0,0.875,0.0,0.0,0.0
64,13,40,41,10,1,0,8,0,0.8888888888888888,0.0,0.0,0.0
64,13,40,41,11,1,0,8,0,0.8888888888888888,0.0,0.0,0.0
64,13,40,41,13,1,0,9,0,0.9,0.0,0.0,0.0
64,13,40,41,15,1,0,8,0,0.8888888888888888,0.0,0.0,0.0
64,13,40,41,17,1,0,9,0,0.9,0.0,0.0,0.0
64,13,40,41,19,1,0,11,0,0.9166666666666666,0.0,0.0,0.0
64,13,40,41,21,2,0,11,0,1.6923076923076923,0.0,0.0,0.0
64,13,40,41,22,1,0,12,0,0.9230769230769231,0.0,0.0,0.0
64,13,40,41,25,1,1,19,0,0.95,1.0,0.0,1.0
64,13,40,41,26,1,0,22,0,0.9565217391304348,0.0,0.0,0.0
64,13,40,41,27,5,3,24,0,4.137931034482759,0.6,0.0,0.6
64,13,40,41,29,4,4,32,0,3.5555555555555554,1.0,0.0,1.0
64,13,40,41,30,3,0,34,0,2.7567567567567566,0.0,0.0,0.0
64,13,40,41,31,8,4,37,0,6.5777777777777775,0.5,0.0,0.5
64,13,48,49,4,1,0,12,0,0.9230769230769231,0.0,0.0,0.0
64,13,48,49,5,3,0,9,0,2.25,0.0,0.0,0.0
64,13,48,49,7,1,0,9,0,0.9,0.0,0.0,0.0
64,13,48,49,9,1,0,10,0,0.9090909090909091,0.0,0.0,0.0
64,13,48,49,11,2,0,11,0,1.6923076923076923,0.0,0.0,0.0
64,13,48,49,12,1,0,13,0,0.9285714285714286,0.0,0.0,0.0
64,13,48,49,13,4,0,12,0,3.0,0.0,0.0,0.0
64,13,48,49,14,1,0,13,0,0.9285714285714286,0.0,0.0,0.0
64,13,48,49,15,3,1,11,0,2.357142857142857,0.3333333333333333,0.0,0.3333333333333333
64,13,48,49,29,1,1,23,0,0.9583333333333334,1.0,0.0,1.0
64,13,48,49,31,6,4,22,0,4.714285714285714,0.6666666666666666,0.0,0.6666666666666666
64,13,48,49,32,3,0,27,0,2.7,0.0,0.0,0.0
64,13,48,49,33,11,5,31,0,8.119047619047619,0.45454545454545453,0.0,0.45454545454545453
64,13,48,49,34,2,0,45,0,1.9148936170212767,0.0,0.0,0.0
64,13,48,49,35,3,1,46,0,2.816326530612245,0.3333333333333333,0.0,0.3333333333333333
64,13,56,57,6,2,0,13,0,1.7333333333333334,0.0,0.0,0.0
64,13,56,57,7,3,0,13,0,2.4375,0.0,0.0,0.0
64,13,56,57,8,2,0,14,0,1.75,0.0,0.0,0.0
64,13,56,57,9,2,0,15,0,1.7647058823529411,0.0,0.0,0.0
64,13,56,57,11,2,0,15,0,1.7647058823529411,0.0,0.0,0.0
64,13,56,57,13,1,0,18,0,0.9473684210526315,0.0,0.0,0.0
64,13,56,57,15,2,0,18,0,1.8,0.0,0.0,0.0
64,13,56,57,16,2,0,18,0,1.8,0.0,0.0,0.0
64,13,56,57,17,4,0,16,0,3.2,0.0,0.0,0.0
64,13,56,57,18,1,0,18,0,0.9473684210526315,0.0,0.0,0.0
64,13,56,57,19,4,0,16,0,3.2,0.0,0.0,0.0
64,13,56,57,20,2,0,16,0,1.7777777777777777,0.0,0.0,0.0
64,13,56,57,21,5,0,13,0,3.611111111111111,0.0,0.0,0.0
64,13,56,57,22,1,0,14,0,0.9333333333333333,0.0,0.0,0.0
64,13,56,57,27,2,1,22,0,1.8333333333333333,0.5,0.0,0.5
64,13,56,57,28,1,0,24,0,0.96,0.0,0.0,0.0
64,13,56,57,29,2,0,24,0,1.8461538461538463,0.0,0.0,0.0
64,13,56,57,31,2,0,22,0,1.8333333333333333,0.0,0.0,0.0
64,13,56,57,33,4,0,23,0,3.4074074074074074,0.0,0.0,0.0
64,13,56,57,35,4,1,25,0,3.4482758620689653,0.25,0.0,0.25
64,13,56,57,36,2,0,25,0,1.8518518518518519,0.0,0.0,0.0
64,13,56,57,37,6,4,25,0,4.838709677419355,0.6666666666666666,0.0,0.6666666666666666
64,13,56,57,38,10,0,26,0,7.222222222222222,0.0,0.0,0.0
64,13,56,57,39,14,9,31,0,9.644444444444444,0.6428571428571429,0.0,0.6428571428571429
64,13,56,57,40,2,0,43,0,1.9111111111111112,0.0,0.0,0.0
64,13,56,57,41,3,1,43,0,2.8043478260869565,0.3333333333333333,0.0,0.3333333333333333
64,13,64,65,7,1,0,17,0,0.9444444444444444,0.0,0.0,0.0
64,13,64,65,9,2,0,19,0,1.8095238095238095,0.0,0.0,0.0
64,13,64,65,10,1,0,21,0,0.9545454545454546,0.0,0.0,0.0
64,13,64,65,11,2,0,20,0,1.8181818181818181,0.0,0.0,0.0
64,13,64,65,12,2,0,20,0,1.8181818181818181,0.0,0.0,0.0
64,13,64,65,13,3,0,19,0,2.590909090909091,0.0,0.0,0.0
64,13,64,65,14,2,0,21,0,1.826086956521739,0.0,0.0,0.0
64,13,64,65,15,2,0,21,0,1.826086956521739,0.0,0.0,0.0
64,13,64,65,17,1,0,24,0,0.96,0.0,0.0,0.0
64,13,64,65,19,1,0,28,0,0.9655172413793104,0.0,0.0,0.0
64,13,64,65,21,1,0,29,0,0.9666666666666667,0.0,0.0,0.0
64,13,64,65,23,5,0,25,0,4.166666666666667,0.0,0.0,0.0
64,13,64,65,24,2,0,27,0,1.8620689655172413,0.0,0.0,0.0
64,13,64,65,25,5,0,27,0,4.21875,0.0,0.0,0.0
64,13,64,65,27,3,0,30,0,2.727272727272727,0.0,0.0,0.0
64,13,64,65,28,1,0,30,0,0.967741935483871,0.0,0.0,0.0
64,13,64,65,29,1,0,29,0,0.9666666666666667,0.0,0.0,0.0
64,13,64,65,31,1,0,28,0,0.9655172413793104,0.0,0.0,0.0
64,13,64,65,41,2,1,23,0,1.84,0.5,0.0,0.5
64,13,64,65,42,1,0,24,0,0.96,0.0,0.0,0.0
64,13,64,65,43,7,6,24,0,5.419354838709677,0.8571428571428571,0.0,0.8571428571428571
64,13,64,65,44,4,0,29,0,3.515151515151515,0.0,0.0,0.0
64,13,64,65,45,8,4,28,0,6.222222222222222,0.5,0.0,0.5
64,13,64,65,46,3,0,32,0,2.742857142857143,0.0,0.0,0.0
64,13,64,65,47,6,3,33,0,5.076923076923077,0.5,0.0,0.5
64,13,72,73,11,1,0,25,0,0.9615384615384616,0.0,0.0,0.0
64,13,72,73,13,2,0,27,0,1.8620689655172413,0.0,0.0,0.0
64,13,72,73,15,5,0,26,0,4.193548387096774,0.0,0.0,0.0
64,13,72,73,16,1,0,28,0,0.9655172413793104,0.0,0.0,0.0
64,13,72,73,17,2,0,29,0,1.8709677419354838,0.0,0.0,0.0
64,13,72,73,18,1,0,32,0,0.9696969696969697,0.0,0.0,0.0
64,13,72,73,19,4,0,30,0,3.5294117647058822,0.0,0.0,0.0
64,13,72,73,20,2,0,29,0,1.8709677419354838,0.0,0.0,0.0
64,13,72,73,22,1,0,30,0,0.967741935483871,0.0,0.0,0.0
64,13,72,73,25,1,1,35,0,0.9722222222222222,1.0,0.0,1.0
64,13,72,73,26,1,0,37,0,0.9736842105263158,0.0,0.0,0.0
64,13,72,73,27,1,0,38,0,0.9743589743589743,0.0,0.0,0.0
64,13,72,73,28,1,0,38,0,0.9743589743589743,0.0,0.0,0.0
64,13,72,73,29,2,0,35,0,1.8918918918918919,0.0,0.0,0.0
64,13,72,73,31,3,0,31,0,2.735294117647059,0.0,0.0,0.0
64,13,72,73,32,3,0,29,0,2.71875,0.0,0.0,0.0
64,13,72,73,47,2,0,16,0,1.7777777777777777,0.0,0.0,0.0
64,13,72,73,48,3,0,17,0,2.55,0.0,0.0,0.0
64,13,72,73,49,10,8,19,0,6.551724137931035,0.8,0.0,0.8
64,13,72,73,50,2,0,30,0,1.875,0.0,0.0,0.0
64,13,72,73,51,4,1,35,0,3.58974358974359,0.25,0.0,0.25
64,13,80,81,23,4,0,37,0,3.6097560975609757,0.0,0.0,0.0
64,13,80,81,24,1,0,39,0,0.975,0.0,0.0,0.0
64,13,80,81,25,4,0,39,0,3.627906976744186,0.0,0.0,0.0
64,13,80,81,26,1,0,42,0,0.9767441860465116,0.0,0.0,0.0
64,13,80,81,27,5,0,40,0,4.444444444444445,0.0,0.0,0.0
64,13,80,81,28,2,0,40,0,1.9047619047619047,0.0,0.0,0.0
64,13,80,81,29,2,0,37,0,1.8974358974358974,0.0,0.0,0.0
64,13,80,81,33,1,0,34,0,0.9714285714285714,0.0,0.0,0.0
64,13,80,81,48,2,0,15,0,1.7647058823529411,0.0,0.0,0.0
64,13,80,81,49,3,0,16,0,2.526315789473684,0.0,0.0,0.0
64,13,80,81,50,2,0,20,0,1.8181818181818181,0.0,0.0,0.0
64,13,80,81,51,4,2,24,0,3.4285714285714284,0.5,0.0,0.5
64,13,80,81,52,3,0,29,0,2.71875,0.0,0.0,0.0
64,13,80,81,53,2,0,35,0,1.8918918918918919,0.0,0.0,0.0
64,13,80,81,54,2,0,37,0,1.8974358974358974,0.0,0.0,0.0
64,13,80,81,55,5,3,39,0,4.431818181818182,0.6,0.0,0.6
64,13,80,81,56,4,0,43,0,3.6595744680851063,0.0,0.0,0.0
64,13,80,81,57,3,1,43,0,2.8043478260869565,0.3333333333333333,0.0,0.3333333333333333
64,13,88,89,23,1,0,40,0,0.975609756097561,0.0,0.0,0.0
64,13,88,89,25,2,0,43,0,1.9111111111111112,0.0,0.0,0.0
64,13,88,89,26,1,0,44,0,0.9777777777777777,0.0,0.0,0.0
64,13,88,89,27,1,0,44,0,0.9777777777777777,0.0,0.0,0.0
64,13,88,89,28,1,0,43,0,0.9772727272727273,0.0,0.0,0.0
64,13,88,89,29,1,0,41,0,0.9761904761904762,0.0,0.0,0.0
64,13,88,89,30,1,0,37,0,0.9736842105263158,0.0,0.0,0.0
64,13,88,89,31,1,0,36,0,0.972972972972973,0.0,0.0,0.0
64,13,88,89,32,1,0,36,0,0.972972972972973,0.0,0.0,0.0
64,13,88,89,33,2,0,36,0,1.894736842105263,0.0,0.0,0.0
64,13,88,89,34,2,0,36,0,1.894736842105263,0.0,0.0,0.0
64,13,88,89,35,3,0,31,0,2.735294117647059,0.0,0.0,0.0
64,13,88,89,36,2,0,27,0,1.8620689655172413,0.0,0.0,0.0
64,13,88,89,37,1,0,26,0,0.9629629629629629,0.0,0.0,0.0
64,13,88,89,38,1,0,24,0,0.96,0.0,0.0,0.0
64,13,88,89,39,1,0,23,0,0.9583333333333334,0.0,0.0,0.0
64,13,88,89,40,1,0,23,0,0.9583333333333334,0.0,0.0,0.0
64,13,88,89,41,1,0,23,0,0.9583333333333334,0.0,0.0,0.0
64,13,88,89,42,1,0,22,0,0.9565217391304348,0.0,0.0,0.0
64,13,88,89,43,1,0,21,0,0.9545454545454546,0.0,0.0,0.0
64,13,88,89,49,3,0,14,0,2.4705882352941178,0.0,0.0,0.0
64,13,88,89,50,2,0,18,0,1.8,0.0,0.0,0.0
64,13,88,89,51,4,2,22,0,3.3846153846153846,0.5,0.0,0.5
64,13,88,89,52,3,0,27,0,2.7,0.0,0.0,0.0
64,13,88,89,53,2,0,33,0,1.8857142857142857,0.0,0.0,0.0
64,13,88,89,54,2,0,35,0,1.8918918918918919,0.0,0.0,0.0
64,13,88,89,55,2,0,37,0,1.8974358974358974,0.0,0.0,0.0
64,13,88,89,56,2,0,40,0,1.9047619047619047,0.0,0.0,0.0
64,13,88,89,57,2,0,39,0,1.9024390243902438,0.0,0.0,0.0
64,13,88,89,58,2,0,37,0,1.8974358974358974,0.0,0.0,0.0
64,13,88,89,59,4,2,37,0,3.6097560975609757,0.5,0.0,0.5
64,13,88,89,60,2,0,39,0,1.9024390243902438,0.0,0.0,0.0
64,13,96,97,24,1,0,42,0,0.9767441860465116,0.0,0.0,0.0
64,13,96,97,25,1,0,44,0,0.9777777777777777,0.0,0.0,0.0
64,13,96,97,26,1,0,45,0,0.9782608695652174,0.0,0.0,0.0
64,13,96,97,27,1,0,45,0,0.9782608695652174,0.0,0.0,0.0
64,13,96,97,28,1,0,44,0,0.9777777777777777,0.0,0.0,0.0
64,13,96,97,29,1,0,42,0,0.9767441860465116,0.0,0.0,0.0
64,13,96,97,30,1,0,38,0,0.9743589743589743,0.0,0.0,0.0
64,13,96,97,31,1,0,37,0,0.9736842105263158,0.0,0.0,0.0
64,13,96,97,32,1,0,37,0,0.9736842105263158,0.0,0.0,0.0
64,13,96,97,33,1,0,38,0,0.9743589743589743,0.0,0.0,0.0
64,13,96,97,34,3,0,38,0,2.7804878048780486,0.0,0.0,0.0
64,13,96,97,35,4,0,33,0,3.5675675675675675,0.0,0.0,0.0
64,13,96,97,36,2,0,30,0,1.875,0.0,0.0,0.0
64,13,96,97,37,5,0,26,0,4.193548387096774,0.0,0.0,0.0
64,13,96,97,38,1,0,25,0,0.9615384615384616,0.0,0.0,0.0
64,13,96,97,39,3,0,23,0,2.6538461538461537,0.0,0.0,0.0
64,13,96,97,41,3,0,23,0,2.6538461538461537,0.0,0.0,0.0
64,13,96,97,42,1,0,22,0,0.9565217391304348,0.0,0.0,0.0
64,13,96,97,43,1,0,21,0,0.9545454545454546,0.0,0.0,0.0
64,13,96,97,44,1,0,20,0,0.9523809523809523,0.0,0.0,0.0
64,13,96,97,45,1,0,17,0,0.9444444444444444,0.0,0.0,0.0
64,13,96,97,46,1,0,16,0,0.9411764705882353,0.0,0.0,0.0
64,13,96,97,49,2,2,14,0,1.75,1.0,0.0,1.0
64,13,96,97,51,4,1,19,0,3.3043478260869565,0.25,0.0,0.25
64,13,96,97,52,1,0,24,0,0.96,0.0,0.0,0.0
64,13,96,97,53,4,3,28,0,3.5,0.75,0.0,0.75
64,13,96,97,54,1,0,32,0,0.9696969696969697,0.0,0.0,0.0
64,13,96,97,55,4,3,33,0,3.5675675675675675,0.75,0.0,0.75
64,13,96,97,56,2,0,38,0,1.9,0.0,0.0,0.0
64,13,96,97,57,3,1,37,0,2.775,0.3333333333333333,0.0,0.3333333333333333
64,13,96,97,58,2,0,36,0,1.894736842105263,0.0,0.0,0.0
64,13,96,97,59,2,0,36,0,1.894736842105263,0.0,0.0,0.0
64,13,96,97,60,3,0,36,0,2.769230769230769,0.0,0.0,0.0
64,13,96,97,61,2,0,37,0,1.8974358974358974,0.0,0.0,0.0
64,13,104,105,25,1,0,45,0,0.9782608695652174,0.0,0.0,0.0
64,13,104,105,27,2,0,46,0,1.9166666666666667,0.0,0.0,0.0
64,13,104,105,28,1,0,45,0,0.9782608695652174,0.0,0.0,0.0
64,13,104,105,29,1,0,43,0,0.9772727272727273,0.0,0.0,0.0
64,13,104,105,30,1,0,39,0,0.975,0.0,0.0,0.0
64,13,104,105,31,1,0,38,0,0.9743589743589743,0.0,0.0,0.0
64,13,104,105,32,1,0,38,0,0.9743589743589743,0.0,0.0,0.0
64,13,104,105,33,1,0,39,0,0.975,0.0,0.0,0.0
64,13,104,105,34,3,0,39,0,2.7857142857142856,0.0,0.0,0.0
64,13,104,105,35,3,0,35,0,2.763157894736842,0.0,0.0,0.0
64,13,104,105,36,3,0,31,0,2.735294117647059,0.0,0.0,0.0
64,13,104,105,37,3,0,29,0,2.71875,0.0,0.0,0.0
64,13,104,105,38,3,0,26,0,2.689655172413793,0.0,0.0,0.0
64,13,104,105,39,3,0,24,0,2.6666666666666665,0.0,0.0,0.0
64,13,104,105,40,2,0,24,0,1.8461538461538463,0.0,0.0,0.0
64,13,104,105,41,2,0,24,0,1.8461538461538463,0.0,0.0,0.0
64,13,104,105,42,2,0,23,0,1.84,0.0,0.0,0.0
64,13,104,105,43,2,0,22,0,1.8333333333333333,0.0,0.0,0.0
64,13,104,105,44,2,0,21,0,1.826086956521739,0.0,0.0,0.0
64,13,104,105,45,2,0,18,0,1.8,0.0,0.0,0.0
64,13,104,105,46,2,0,17,0,1.7894736842105263,0.0,0.0,0.0
64,13,104,105,47,2,0,16,0,1.7777777777777777,0.0,0.0,0.0
64,13,104,105,50,3,0,13,0,2.4375,0.0,0.0,0.0
64,13,104,105,51,2,1,18,0,1.8,0.5,0.0,0.5
64,13,104,105,53,2,1,24,0,1.8461538461538463,0.5,0.0,0.5
64,13,104,105,55,2,1,28,0,1.8666666666666667,0.5,0.0,0.5
64,13,104,105,56,1,0,32,0,0.9696969696969697,0.0,0.0,0.0
64,13,104,105,57,2,1,31,0,1.878787878787879,0.5,0.0,0.5
64,13,104,105,58,1,0,30,0,0.967741935483871,0.0,0.0,0.0
64,13,104,105,59,1,0,30,0,0.967741935483871,0.0,0.0,0.0
64,13,104,105,60,3,0,30,0,2.727272727272727,0.0,0.0,0.0
64,13,104,105,61,2,1,31,0,1.878787878787879,0.5,0.0,0.5
64,13,104,105,62,4,0,30,0,3.5294117647058822,0.0,0.0,0.0
64,13,104,105,63,3,0,31,0,2.735294117647059,0.0,0.0,0.0
64,13,112,113,27,1,0,48,0,0.9795918367346939,0.0,0.0,0.0
64,13,112,113,29,1,0,46,0,0.9787234042553191,0.0,0.0,0.0
64,13,112,113,30,1,0,43,0,0.9772727272727273,0.0,0.0,0.0
64,13,112,113,31,4,0,40,0,3.6363636363636362,0.0,0.0,0.0
64,13,112,113,33,5,0,40,0,4.444444444444445,0.0,0.0,0.0
64,13,112,113,34,1,0,42,0,0.9767441860465116,0.0,0.0,0.0
64,13,112,113,35,3,0,38,0,2.7804878048780486,0.0,0.0,0.0
64,13,112,113,36,3,0,34,0,2.7567567567567566,0.0,0.0,0.0
64,13,112,113,37,5,0,32,0,4.324324324324325,0.0,0.0,0.0
64,13,112,113,38,4,0,29,0,3.515151515151515,0.0,0.0,0.0
64,13,112,113,39,8,0,25,0,6.0606060606060606,0.0,0.0,0.0
64,13,112,113,40,2,0,26,0,1.8571428571428572,0.0,0.0,0.0
64,13,112,113,41,5,0,24,0,4.137931034482759,0.0,0.0,0.0
64,13,112,113,42,2,0,23,0,1.84,0.0,0.0,0.0
64,13,112,113,43,2,0,22,0,1.8333333333333333,0.0,0.0,0.0
64,13,112,113,44,2,0,21,0,1.826086956521739,0.0,0.0,0.0
64,13,112,113,45,3,0,18,0,2.5714285714285716,0.0,0.0,0.0
64,13,112,113,46,2,0,17,0,1.7894736842105263,0.0,0.0,0.0
64,13,112,113,47,3,0,16,0,2.526315789473684,0.0,0.0,0.0
64,13,112,113,49,1,0,14,0,0.9333333333333333,0.0,0.0,0.0
64,13,112,113,50,1,0,13,0,0.9285714285714286,0.0,0.0,0.0
64,13,112,113,51,3,0,14,0,2.4705882352941178,0.0,0.0,0.0
64,13,112,113,52,2,0,15,0,1.7647058823529411,0.0,0.0,0.0
64,13,112,113,53,3,1,18,0,2.5714285714285716,0.3333333333333333,0.0,0.3333333333333333
64,13,112,113,54,3,0,20,0,2.608695652173913,0.0,0.0,0.0
64,13,112,113,55,3,1,22,0,2.64,0.3333333333333333,0.0,0.3333333333333333
64,13,112,113,56,3,0,25,0,2.6785714285714284,0.0,0.0,0.0
64,13,112,113,57,3,1,24,0,2.6666666666666665,0.3333333333333333,0.0,0.3333333333333333
64,13,112,113,58,3,0,22,0,2.64,0.0,0.0,0.0
64,13,112,113,59,4,1,22,0,3.3846153846153846,0.25,0.0,0.25
64,13,112,113,60,1,0,24,0,0.96,0.0,0.0,0.0
64,13,112,113,61,6,4,22,0,4.714285714285714,0.6666666666666666,0.0,0.6666666666666666
64,13,112,113,62,1,0,26,0,0.9629629629629629,0.0,0.0,0.0
64,13,112,113,63,3,2,26,0,2.689655172413793,0.6666666666666666,0.0,0.6666666666666666
64,13,112,113,64,1,0,27,0,0.9642857142857143,0.0,0.0,0.0
64,13,120,121,35,2,0,48,0,1.92,0.0,0.0,0.0
64,13,120,121,36,2,0,45,0,1.9148936170212767,0.0,0.0,0.0
64,13,120,121,37,2,0,44,0,1.9130434782608696,0.0,0.0,0.0
64,13,120,121,38,2,0,41,0,1.9069767441860466,0.0,0.0,0.0
64,13,120,121,39,2,0,39,0,1.9024390243902438,0.0,0.0,0.0
64,13,120,121,40,2,0,38,0,1.9,0.0,0.0,0.0
64,13,120,121,41,2,0,37,0,1.8974358974358974,0.0,0.0,0.0
64,13,120,121,42,2,0,35,0,1.8918918918918919,0.0,0.0,0.0
64,13,120,121,43,4,0,31,0,3.5428571428571427,0.0,0.0,0.0
64,13,120,121,44,3,0,29,0,2.71875,0.0,0.0,0.0
64,13,120,121,45,4,0,25,0,3.4482758620689653,0.0,0.0,0.0
64,13,120,121,46,2,0,24,0,1.8461538461538463,0.0,0.0,0.0
64,13,120,121,47,3,0,22,0,2.64,0.0,0.0,0.0
64,13,120,121,48,2,0,19,0,1.8095238095238095,0.0,0.0,0.0
64,13,120,121,51,4,0,15,0,3.1578947368421053,0.0,0.0,0.0
64,13,120,121,52,2,0,17,0,1.7894736842105263,0.0,0.0,0.0
64,13,120,121,53,2,0,20,0,1.8181818181818181,0.0,0.0,0.0
64,13,120,121,54,1,0,22,0,0.9565217391304348,0.0,0.0,0.0
64,13,120,121,55,2,0,23,0,1.84,0.0,0.0,0.0
64,13,120,121,56,1,0,26,0,0.9629629629629629,0.0,0.0,0.0
64,13,120,121,57,2,0,24,0,1.8461538461538463,0.0,0.0,0.0
64,13,120,121,58,2,0,22,0,1.8333333333333333,0.0,0.0,0.0
64,13,120,121,59,2,0,22,0,1.8333333333333333,0.0,0.0,0.0
64,13,120,121,60,2,0,22,0,1.8333333333333333,0.0,0.0,0.0
64,13,120,121,61,2,0,21,0,1.826086956521739,0.0,0.0,0.0
64,13,120,121,62,3,0,20,0,2.608695652173913,0.0,0.0,0.0
64,13,120,121,63,2,0,22,0,1.8333333333333333,0.0,0.0,0.0
64,13,120,121,64,2,0,23,0,1.84,0.0,0.0,0.0
64,13,120,121,66,1,0,23,0,0.9583333333333334,0.0,0.0,0.0
64,13,128,129,36,1,0,48,0,0.9795918367346939,0.0,0.0,0.0
64,13,128,129,37,1,0,47,0,0.9791666666666666,0.0,0.0,0.0
64,13,128,129,38,1,0,44,0,0.9777777777777777,0.0,0.0,0.0
64,13,128,129,39,1,0,42,0,0.9767441860465116,0.0,0.0,0.0
64,13,128,129,40,1,0,41,0,0.9761904761904762,0.0,0.0,0.0
64,13,128,129,41,1,0,40,0,0.975609756097561,0.0,0.0,0.0
64,13,128,129,42,1,0,38,0,0.9743589743589743,0.0,0.0,0.0
64,13,128,129,43,1,0,36,0,0.972972972972973,0.0,0.0,0.0
64,13,128,129,44,1,0,34,0,0.9714285714285714,0.0,0.0,0.0
64,13,128,129,45,2,0,30,0,1.875,0.0,0.0,0.0
64,13,128,129,46,1,0,28,0,0.9655172413793104,0.0,0.0,0.0
64,13,128,129,47,3,0,24,0,2.6666666666666665,0.0,0.0,0.0
64,13,128,129,48,2,0,20,0,1.8181818181818181,0.0,0.0,0.0
64,13,128,129,49,2,0,17,0,1.7894736842105263,0.0,0.0,0.0
64,13,128,129,50,1,0,17,0,0.9444444444444444,0.0,0.0,0.0
64,13,128,129,51,1,0,18,0,0.9473684210526315,0.0,0.0,0.0
64,13,128,129,53,1,0,22,0,0.9565217391304348,0.0,0.0,0.0
64,13,128,129,57,3,0,26,0,2.689655172413793,0.0,0.0,0.0
64,13,128,129,58,1,0,24,0,0.96,0.0,0.0,0.0
64,13,128,129,59,2,0,23,0,1.84,0.0,0.0,0.0
64,13,128,129,61,1,0,21,0,0.9545454545454546,0.0,0.0,0.0
64,13,128,129,62,2,0,20,0,1.8181818181818181,0.0,0.0,0.0
64,13,128,129,63,2,1,22,0,1.8333333333333333,0.5,0.0,0.5
64,13,128,129,64,2,0,23,0,1.84,0.0,0.0,0.0
64,13,128,129,67,1,0,21,0,0.9545454545454546,0.0,0.0,0.0
64,13,136,137,39,1,0,45,0,0.9782608695652174,0.0,0.0,0.0
64,13,136,137,41,2,0,43,0,1.9111111111111112,0.0,0.0,0.0
64,13,136,137,43,2,0,39,0,1.9024390243902438,0.0,0.0,0.0
64,13,136,137,45,2,0,34,0,1.8888888888888888,0.0,0.0,0.0
64,13,136,137,46,1,0,32,0,0.9696969696969697,0.0,0.0,0.0
64,13,136,137,47,5,1,29,0,4.264705882352941,0.2,0.0,0.2
64,13,136,137,48,1,0,27,0,0.9642857142857143,0.0,0.0,0.0
64,13,136,137,49,5,1,23,0,4.107142857142857,0.2,0.0,0.2
64,13,136,137,50,1,0,23,0,0.9583333333333334,0.0,0.0,0.0
64,13,136,137,51,6,1,20,0,4.615384615384615,0.16666666666666666,0.0,0.16666666666666666
64,13,136,137,52,2,0,20,0,1.8181818181818181,0.0,0.0,0.0
64,13,136,137,53,3,0,23,0,2.6538461538461537,0.0,0.0,0.0
64,13,136,137,54,1,0,25,0,0.9615384615384616,0.0,0.0,0.0
64,13,136,137,55,1,0,27,0,0.9642857142857143,0.0,0.0,0.0
64,13,136,137,56,1,0,30,0,0.967741935483871,0.0,0.0,0.0
64,13,136,137,57,1,0,29,0,0.9666666666666667,0.0,0.0,0.0
64,13,136,137,58,1,0,27,0,0.9642857142857143,0.0,0.0,0.0
64,13,136,137,61,1,0,26,0,0.9629629629629629,0.0,0.0,0.0
64,13,136,137,63,2,0,24,0,1.8461538461538463,0.0,0.0,0.0
64,13,136,137,67,1,1,21,0,0.9545454545454546,1.0,0.0,1.0
64,13,144,145,47,1,0,38,0,0.9743589743589743,0.0,0.0,0.0
64,13,144,145,48,2,0,35,0,1.8918918918918919,0.0,0.0,0.0
64,13,144,145,49,2,0,31,0,1.878787878787879,0.0,0.0,0.0
64,13,144,145,50,2,0,29,0,1.8709677419354838,0.0,0.0,0.0
64,13,144,145,51,2,0,30,0,1.875,0.0,0.0,0.0
64,13,144,145,52,2,0,29,0,1.8709677419354838,0.0,0.0,0.0
64,13,144,145,53,2,0,31,0,1.878787878787879,0.0,0.0,0.0
64,13,144,145,55,3,1,34,0,2.7567567567567566,0.3333333333333333,0.0,0.3333333333333333
64,13,144,145,56,1,0,37,0,0.9736842105263158,0.0,0.0,0.0
64,13,144,145,57,3,1,34,0,2.7567567567567566,0.3333333333333333,0.0,0.3333333333333333
64,13,144,145,58,2,0,31,0,1.878787878787879,0.0,0.0,0.0
64,13,144,145,59,4,0,28,0,3.5,0.0,0.0,0.0
64,13,144,145,60,2,0,27,0,1.8620689655172413,0.0,0.0,0.0
64,13,144,145,61,1,0,26,0,0.9629629629629629,0.0,0.0,0.0
64,13,144,145,68,2,0,20,0,1.8181818181818181,0.0,0.0,0.0
64,13,144,145,69,3,1,20,0,2.608695652173913,0.3333333333333333,0.0,0.3333333333333333
64,13,144,145,71,1,1,22,0,0.9565217391304348,1.0,0.0,1.0
64,13,144,145,73,2,0,20,0,1.8181818181818181,0.0,0.0,0.0
64,13,144,145,74,2,0,20,0,1.8181818181818181,0.0,0.0,0.0
64,13,144,145,75,2,0,21,0,1.826086956521739,0.0,0.0,0.0
64,13,144,145,76,2,0,21,0,1.826086956521739,0.0,0.0,0.0
64,13,144,145,77,2,0,20,0,1.8181818181818181,0.0,0.0,0.0
64,13,144,145,78,2,0,19,0,1.8095238095238095,0.0,0.0,0.0
64,13,144,145,79,3,1,18,0,2.5714285714285716,0.3333333333333333,0.0,0.3333333333333333
64,13,152,153,49,2,0,34,0,1.8888888888888888,0.0,0.0,0.0
64,13,152,153,50,1,0,33,0,0.9705882352941176,0.0,0.0,0.0
64,13,152,153,51,2,0,34,0,1.8888888888888888,0.0,0.0,0.0
64,13,152,153,52,2,0,33,0,1.8857142857142857,0.0,0.0,0.0
64,13,152,153,53,2,0,35,0,1.8918918918918919,0.0,0.0,0.0
64,13,152,153,54,1,0,37,0,0.9736842105263158,0.0,0.0,0.0
64,13,152,153,55,2,0,38,0,1.9,0.0,0.0,0.0
64,13,152,153,57,2,0,40,0,1.9047619047619047,0.0,0.0,0.0
64,13,152,153,58,2,0,38,0,1.9,0.0,0.0,0.0
64,13,152,153,59,3,0,37,0,2.775,0.0,0.0,0.0
64,13,152,153,61,5,0,32,0,4.324324324324325,0.0,0.0,0.0
64,13,152,153,62,2,0,29,0,1.8709677419354838,0.0,0.0,0.0
64,13,152,153,63,3,0,26,0,2.689655172413793,0.0,0.0,0.0
64,13,152,153,68,1,0,20,0,0.9523809523809523,0.0,0.0,0.0
64,13,152,153,69,1,0,20,0,0.9523809523809523,0.0,0.0,0.0
64,13,152,153,70,1,0,20,0,0.9523809523809523,0.0,0.0,0.0
64,13,152,153,71,1,0,20,0,0.9523809523809523,0.0,0.0,0.0
64,13,152,153,72,1,0,20,0,0.9523809523809523,0.0,0.0,0.0
64,13,152,153,73,1,0,20,0,0.9523809523809523,0.0,0.0,0.0
64,13,152,153,74,1,0,20,0,0.9523809523809523,0.0,0.0,0.0
64,13,152,153,75,1,0,21,0,0.9545454545454546,0.0,0.0,0.0
64,13,152,153,76,1,0,21,0,0.9545454545454546,0.0,0.0,0.0
64,13,152,153,77,1,0,20,0,0.9523809523809523,0.0,0.0,0.0
64,13,152,153,78,1,0,19,0,0.95,0.0,0.0,0.0
64,13,152,153,79,1,0,18,0,0.9473684210526315,0.0,0.0,0.0
64,13,152,153,80,1,0,17,0,0.9444444444444444,0.0,0.0,0.0
64,13,152,153,81,1,0,15,0,0.9375,0.0,0.0,0.0
64,13,160,161,51,1,0,38,0,0.9743589743589743,0.0,0.0,0.0
64,13,160,161,52,2,0,37,0,1.8974358974358974,0.0,0.0,0.0
64,13,160,161,53,2,0,39,0,1.9024390243902438,0.0,0.0,0.0
64,13,160,161,55,2,0,43,0,1.9111111111111112,0.0,0.0,0.0
64,13,160,161,57,1,0,45,0,0.9782608695652174,0.0,0.0,0.0
64,13,160,161,64,2,0,29,0,1.8709677419354838,0.0,0.0,0.0
64,13,160,161,65,3,0,24,0,2.6666666666666665,0.0,0.0,0.0
64,13,160,161,69,2,1,19,0,1.8095238095238095,0.5,0.0,0.5
64,13,160,161,70,1,0,20,0,0.9523809523809523,0.0,0.0,0.0
64,13,160,161,71,1,1,20,0,0.9523809523809523,1.0,0.0,1.0
64,13,160,161,73,1,0,19,0,0.95,0.0,0.0,0.0
64,13,160,161,74,1,0,19,0,0.95,0.0,0.0,0.0
64,13,160,161,75,1,0,20,0,0.9523809523809523,0.0,0.0,0.0
64,13,160,161,76,1,0,20,0,0.9523809523809523,0.0,0.0,0.0
64,13,160,161,77,1,0,19,0,0.95,0.0,0.0,0.0
64,13,160,161,78,1,0,18,0,0.9473684210526315,0.0,0.0,0.0
64,13,160,161,79,1,0,17,0,0.9444444444444444,0.0,0.0,0.0
64,13,160,161,80,1,0,16,0,0.9411764705882353,0.0,0.0,0.0
64,13,160,161,81,2,1,14,0,1.75,0.5,0.0,0.5
64,13,168,169,65,1,0,27,0,0.9642857142857143,0.0,0.0,0.0
64,13,168,169,69,1,0,19,0,0.95,0.0,0.0,0.0
64,13,168,169,70,1,0,19,0,0.95,0.0,0.0,0.0
64,13,168,169,71,1,0,19,0,0.95,0.0,0.0,0.0
64,13,168,169,72,1,0,19,0,0.95,0.0,0.0,0.0
64,13,168,169,73,1,0,19,0,0.95,0.0,0.0,0.0
64,13,168,169,74,1,0,19,0,0.95,0.0,0.0,0.0
64,13,168,169,75,1,0,20,0,0.9523809523809523,0.0,0.0,0.0
64,13,168,169,76,1,0,20,0,0.9523809523809523,0.0,0.0,0.0
64,13,168,169,77,1,0,19,0,0.95,0.0,0.0,0.0
64,13,168,169,78,1,0,18,0,0.9473684210526315,0.0,0.0,0.0
64,13,168,169,79,1,0,17,0,0.9444444444444444,0.0,0.0,0.0
64,13,168,169,80,1,0,16,0,0.9411764705882353,0.0,0.0,0.0
64,13,168,169,81,1,0,14,0,0.9333333333333333,0.0,0.0,0.0
64,13,168,169,82,1,0,12,0,0.9230769230769231,0.0,0.0,0.0
64,13,176,177,66,1,0,25,0,0.9615384615384616,0.0,0.0,0.0
64,13,176,177,69,1,0,19,0,0.95,0.0,0.0,0.0
64,13,176,177,70,1,0,19,0,0.95,0.0,0.0,0.0
64,13,176,177,71,1,0,19,0,0.95,0.0,0.0,0.0
64,13,176,177,72,1,0,19,0,0.95,0.0,0.0,0.0
64,13,176,177,73,1,0,19,0,0.95,0.0,0.0,0.0
64,13,176,177,74,1,0,19,0,0.95,0.0,0.0,0.0
64,13,176,177,75,1,0,20,0,0.9523809523809523,0.0,0.0,0.0
64,13,176,177,76,1,0,20,0,0.9523809523809523,0.0,0.0,0.0
64,13,176,177,77,1,1,19,0,0.95,1.0,0.0,1.0
64,13,176,177,78,1,0,18,0,0.9473684210526315,0.0,0.0,0.0
64,13,176,177,79,1,0,17,0,0.9444444444444444,0.0,0.0,0.0
64,13,176,177,80,1,0,16,0,0.9411764705882353,0.0,0.0,0.0
64,13,176,177,81,1,0,14,0,0.9333333333333333,0.0,0.0,0.0
64,13,176,177,82,1,0,12,0,0.9230769230769231,0.0,0.0,0.0
64,13,184,185,67,1,0,21,0,0.9545454545454546,0.0,0.0,0.0
64,13,184,185,68,1,0,20,0,0.9523809523809523,0.0,0.0,0.0
64,13,184,185,69,1,0,19,0,0.95,0.0,0.0,0.0
64,13,184,185,70,2,0,18,0,1.8,0.0,0.0,0.0
64,13,184,185,71,2,0,18,0,1.8,0.0,0.0,0.0
64,13,184,185,72,2,0,18,0,1.8,0.0,0.0,0.0
64,13,184,185,73,2,0,18,0,1.8,0.0,0.0,0.0
64,13,184,185,74,2,0,18,0,1.8,0.0,0.0,0.0
64,13,184,185,75,2,0,19,0,1.8095238095238095,0.0,0.0,0.0
64,13,184,185,76,1,0,19,0,0.95,0.0,0.0,0.0
64,13,184,185,77,1,0,18,0,0.9473684210526315,0.0,0.0,0.0
64,13,184,185,78,1,0,17,0,0.9444444444444444,0.0,0.0,0.0
64,13,184,185,79,1,0,16,0,0.9411764705882353,0.0,0.0,0.0
64,13,184,185,80,1,0,15,0,0.9375,0.0,0.0,0.0
64,13,184,185,81,1,0,13,0,0.9285714285714286,0.0,0.0,0.0
64,13,184,185,82,1,0,11,0,0.9166666666666666,0.0,0.0,0.0
64,13,184,185,83,1,0,10,0,0.9090909090909091,0.0,0.0,0.0
64,13,192,193,68,1,0,22,0,0.9565217391304348,0.0,0.0,0.0
64,13,192,193,69,1,0,21,0,0.9545454545454546,0.0,0.0,0.0
64,13,192,193,70,2,0,20,0,1.8181818181818181,0.0,0.0,0.0
64,13,192,193,71,2,0,20,0,1.8181818181818181,0.0,0.0,0.0
64,13,192,193,72,2,0,20,0,1.8181818181818181,0.0,0.0,0.0
64,13,192,193,73,2,0,20,0,1.8181818181818181,0.0,0.0,0.0
64,13,192,193,74,2,0,20,0,1.8181818181818181,0.0,0.0,0.0
64,13,192,193,75,2,0,21,0,1.826086956521739,0.0,0.0,0.0
64,13,192,193,76,2,0,21,0,1.826086956521739,0.0,0.0,0.0
64,13,192,193,77,2,1,20,0,1.8181818181818181,0.5,0.0,0.5
64,13,192,193,78,1,0,19,0,0.95,0.0,0.0,0.0
64,13,192,193,79,4,0,15,0,3.1578947368421053,0.0,0.0,0.0
64,13,192,193,80,1,0,14,0,0.9333333333333333,0.0,0.0,0.0
64,13,192,193,81,2,1,12,0,1.7142857142857142,0.5,0.0,0.5
64,13,192,193,82,1,0,11,0,0.9166666666666666,0.0,0.0,0.0
64,13,192,193,83,1,0,10,0,0.9090909090909091,0.0,0.0,0.0
64,13,200,201,68,1,0,22,0,0.9565217391304348,0.0,0.0,0.0
64,13,200,201,70,1,0,21,0,0.9545454545454546,0.0,0.0,0.0
64,13,200,201,71,2,1,20,0,1.8181818181818181,0.5,0.0,0.5
64,13,200,201,72,1,0,20,0,0.9523809523809523,0.0,0.0,0.0
64,13,200,201,73,3,1,19,0,2.590909090909091,0.3333333333333333,0.0,0.3333333333333333
64,13,200,201,74,1,0,21,0,0.9545454545454546,0.0,0.0,0.0
64,13,200,201,75,2,1,22,0,1.8333333333333333,0.5,0.0,0.5
64,13,200,201,77,2,1,21,0,1.826086956521739,0.5,0.0,0.5
64,13,200,201,78,1,0,20,0,0.9523809523809523,0.0,0.0,0.0
64,13,200,201,79,2,0,18,0,1.8,0.0,0.0,0.0
64,13,200,201,80,3,0,16,0,2.526315789473684,0.0,0.0,0.0
64,13,200,201,81,3,0,12,0,2.4,0.0,0.0,0.0
64,13,200,201,82,1,0,9,0,0.9,0.0,0.0,0.0
64,13,200,201,83,2,0,8,0,1.6,0.0,0.0,0.0
64,13,200,201,84,1,0,9,0,0.9,0.0,0.0,0.0
64,13,208,209,69,1,0,22,0,0.9565217391304348,0.0,0.0,0.0
64,13,208,209,71,1,0,21,0,0.9545454545454546,0.0,0.0,0.0
64,13,208,209,73,1,0,20,0,0.9523809523809523,0.0,0.0,0.0
64,13,208,209,74,1,0,20,0,0.9523809523809523,0.0,0.0,0.0
64,13,208,209,75,3,2,21,0,2.625,0.6666666666666666,0.0,0.6666666666666666
64,13,208,209,77,2,0,21,0,1.826086956521739,0.0,0.0,0.0
64,13,208,209,82,2,0,11,0,1.6923076923076923,0.0,0.0,0.0
64,13,208,209,83,2,0,8,0,1.6,0.0,0.0,0.0
64,13,208,209,85,7,1,2,0,1.5555555555555556,0.14285714285714285,0.0,0.14285714285714285
64,13,208,209,87,4,4,2,0,1.3333333333333333,1.0,0.0,1.0
64,13,208,209,90,2,0,1,0,0.6666666666666666,0.0,0.0,0.0
64,13,208,209,91,2,0,1,0,0.6666666666666666,0.0,0.0,0.0
64,13,216,217,75,1,0,23,0,0.9583333333333334,0.0,0.0,0.0
64,13,216,217,77,1,0,21,0,0.9545454545454546,0.0,0.0,0.0
64,13,216,217,78,1,0,20,0,0.9523809523809523,0.0,0.0,0.0
64,13,216,217,79,1,0,19,0,0.95,0.0,0.0,0.0
64,13,216,217,80,1,0,18,0,0.9473684210526315,0.0,0.0,0.0
64,13,216,217,81,2,1,15,0,1.7647058823529411,0.5,0.0,0.5
64,13,216,217,83,1,0,10,0,0.9090909090909091,0.0,0.0,0.0
64,13,224,225,79,1,0,20,0,0.9523809523809523,0.0,0.0,0.0
64,13,224,225,81,1,0,16,0,0.9411764705882353,0.0,0.0,0.0
64,14,16,17,14,9,1,2,0,1.6363636363636365,0.1111111111111111,0.0,0.1111111111111111
64,14,16,17,15,9,0,14,0,5.478260869565218,0.0,0.0,0.0
64,14,24,25,16,1,0,1,0,0.5,0.0,0.0,0.0
64,14,24,25,17,7,6,2,0,1.5555555555555556,0.8571428571428571,0.0,0.8571428571428571
64,14,24,25,19,20,17,11,0,7.096774193548387,0.85,0.0,0.85
64,14,32,33,20,1,0,2,0,0.6666666666666666,0.0,0.0,0.0
64,14,32,33,21,5,4,3,0,1.875,0.8,0.0,0.8
64,14,32,33,22,2,0,9,0,1.6363636363636365,0.0,0.0,0.0
64,14,32,33,23,5,5,12,0,3.5294117647058822,1.0,0.0,1.0
64,14,32,33,24,13,1,16,0,7.172413793103448,0.07692307692307693,0.0,0.07692307692307693
64,14,32,33,25,11,4,29,0,7.975,0.36363636363636365,0.0,0.36363636363636365
64,14,40,41,25,6,6,1,0,0.8571428571428571,1.0,0.0,1.0
64,14,40,41,26,1,0,6,0,0.8571428571428571,0.0,0.0,0.0
64,14,40,41,27,7,5,6,0,3.230769230769231,0.7142857142857143,0.0,0.7142857142857143
64,14,40,41,29,12,12,12,0,6.0,1.0,0.0,1.0
64,14,40,41,30,6,0,19,0,4.56,0.0,0.0,0.0
64,14,40,41,31,1,0,22,0,0.9565217391304348,0.0,0.0,0.0
64,14,48,49,32,5,0,4,0,2.2222222222222223,0.0,0.0,0.0
64,14,48,49,33,4,1,8,0,2.6666666666666665,0.25,0.0,0.25
64,14,48,49,34,2,0,13,0,1.7333333333333334,0.0,0.0,0.0
64,14,48,49,35,6,4,16,0,4.363636363636363,0.6666666666666666,0.0,0.6666666666666666
64,14,56,57,34,2,0,2,0,1.0,0.0,0.0,0.0
64,14,56,57,35,2,0,4,0,1.3333333333333333,0.0,0.0,0.0
64,14,56,57,36,3,0,6,0,2.0,0.0,0.0,0.0
64,14,56,57,37,7,3,8,0,3.7333333333333334,0.42857142857142855,0.0,0.42857142857142855
64,14,56,57,38,3,0,12,0,2.4,0.0,0.0,0.0
64,14,56,57,39,15,7,12,0,6.666666666666667,0.4666666666666667,0.0,0.4666666666666667
64,14,56,57,40,2,0,26,0,1.8571428571428572,0.0,0.0,0.0
64,14,64,65,35,2,0,2,0,1.0,0.0,0.0,0.0
64,14,64,65,36,2,0,4,0,1.3333333333333333,0.0,0.0,0.0
64,14,64,65,37,2,0,5,0,1.4285714285714286,0.0,0.0,0.0
64,14,64,65,38,2,0,6,0,1.5,0.0,0.0,0.0
64,14,64,65,39,4,2,7,0,2.5454545454545454,0.5,0.0,0.5
64,14,64,65,40,2,0,10,0,1.6666666666666667,0.0,0.0,0.0
64,14,64,65,41,2,0,11,0,1.6923076923076923,0.0,0.0,0.0
64,14,64,65,42,2,0,11,0,1.6923076923076923,0.0,0.0,0.0
64,14,64,65,43,8,5,11,0,4.631578947368421,0.625,0.0,0.625
64,14,64,65,44,1,0,18,0,0.9473684210526315,0.0,0.0,0.0
64,14,64,65,45,11,9,17,0,6.678571428571429,0.8181818181818182,0.0,0.8181818181818182
64,14,72,73,36,1,0,2,0,0.6666666666666666,0.0,0.0,0.0
64,14,72,73,37,3,2,2,0,1.2,0.6666666666666666,0.0,0.6666666666666666
64,14,72,73,38,2,0,4,0,1.3333333333333333,0.0,0.0,0.0
64,14,72,73,39,2,1,5,0,1.4285714285714286,0.5,0.0,0.5
64,14,72,73,40,2,0,6,0,1.5,0.0,0.0,0.0
64,14,72,73,41,4,2,7,0,2.5454545454545454,0.5,0.0,0.5
64,14,72,73,42,2,0,9,0,1.6363636363636365,0.0,0.0,0.0
64,14,72,73,43,2,1,9,0,1.6363636363636365,0.5,0.0,0.5
64,14,72,73,44,2,0,9,0,1.6363636363636365,0.0,0.0,0.0
64,14,72,73,45,3,1,9,0,2.25,0.3333333333333333,0.0,0.3333333333333333
64,14,72,73,46,1,0,10,0,0.9090909090909091,0.0,0.0,0.0
64,14,72,73,47,4,2,9,0,2.769230769230769,0.5,0.0,0.5
64,14,72,73,48,2,0,11,0,1.6923076923076923,0.0,0.0,0.0
64,14,72,73,51,1,0,7,0,0.875,0.0,0.0,0.0
64,14,80,81,1,1,0,2,0,0.6666666666666666,0.0,0.0,0.0
64,14,80,81,2,2,0,4,0,1.3333333333333333,0.0,0.0,0.0
64,14,80,81,4,2,0,8,0,1.6,0.0,0.0,0.0
64,14,80,81,6,4,0,9,0,2.769230769230769,0.0,0.0,0.0
64,14,80,81,8,11,1,5,0,3.4375,0.09090909090909091,0.0,0.09090909090909091
64,14,80,81,9,5,0,6,0,2.727272727272727,0.0,0.0,0.0
64,14,80,81,10,8,0,2,0,1.6,0.0,0.0,0.0
64,14,80,81,12,5,0,1,0,0.8333333333333334,0.0,0.0,0.0
64,14,80,81,46,1,0,5,0,0.8333333333333334,0.0,0.0,0.0
64,14,80,81,47,3,2,5,0,1.875,0.6666666666666666,0.0,0.6666666666666666
64,14,80,81,49,3,2,5,0,1.875,0.6666666666666666,0.0,0.6666666666666666
64,14,80,81,50,2,0,6,0,1.5,0.0,0.0,0.0
64,14,80,81,51,1,0,6,0,0.8571428571428571,0.0,0.0,0.0
64,14,80,81,53,1,1,4,0,0.8,1.0,0.0,1.0
64,14,88,89,6,2,0,17,0,1.7894736842105263,0.0,0.0,0.0
64,14,88,89,7,1,0,18,0,0.9473684210526315,0.0,0.0,0.0
64,14,88,89,8,1,0,18,0,0.9473684210526315,0.0,0.0,0.0
64,14,88,89,12,1,0,14,0,0.9333333333333333,0.0,0.0,0.0
64,14,88,89,16,9,0,1,0,0.9,0.0,0.0,0.0
64,14,88,89,17,2,0,1,0,0.6666666666666666,0.0,0.0,0.0
64,14,88,89,18,2,0,1,0,0.6666666666666666,0.0,0.0,0.0
64,14,88,89,20,2,0,1,0,0.6666666666666666,0.0,0.0,0.0
64,14,88,89,21,1,0,1,0,0.5,0.0,0.0,0.0
64,14,88,89,55,3,2,1,0,0.75,0.6666666666666666,0.0,0.6666666666666666
64,14,88,89,56,1,0,3,0,0.75,0.0,0.0,0.0
64,14,88,89,57,2,1,3,0,1.2,0.5,0.0,0.5
64,14,96,97,9,1,0,19,0,0.95,0.0,0.0,0.0
64,14,96,97,19,1,0,12,0,0.9230769230769231,0.0,0.0,0.0
64,14,96,97,20,1,0,12,0,0.9230769230769231,0.0,0.0,0.0
64,14,96,97,21,1,0,12,0,0.9230769230769231,0.0,0.0,0.0
64,14,96,97,22,1,0,13,0,0.9285714285714286,0.0,0.0,0.0
64,14,96,97,23,1,0,14,0,0.9333333333333333,0.0,0.0,0.0
64,14,96,97,24,4,0,12,0,3.0,0.0,0.0,0.0
64,14,96,97,25,2,0,12,0,1.7142857142857142,0.0,0.0,0.0
64,14,96,97,26,8,0,4,0,2.6666666666666665,0.0,0.0,0.0
64,14,96,97,27,2,0,3,0,1.2,0.0,0.0,0.0
64,14,96,97,56,1,0,1,0,0.5,0.0,0.0,0.0
64,14,96,97,57,1,0,2,0,0.6666666666666666,0.0,0.0,0.0
64,14,96,97,58,1,0,3,0,0.75,0.0,0.0,0.0
64,14,96,97,59,1,0,4,0,0.8,0.0,0.0,0.0
64,14,96,97,60,1,0,5,0,0.8333333333333334,0.0,0.0,0.0
64,14,96,97,61,1,0,6,0,0.8571428571428571,0.0,0.0,0.0
64,14,96,97,62,1,0,7,0,0.875,0.0,0.0,0.0
64,14,96,97,63,3,2,8,0,2.1818181818181817,0.6666666666666666,0.0,0.6666666666666666
64,14,104,105,9,1,0,19,0,0.95,0.0,0.0,0.0
64,14,104,105,28,2,0,11,0,1.6923076923076923,0.0,0.0,0.0
64,14,104,105,30,2,0,7,0,1.5555555555555556,0.0,0.0,0.0
64,14,104,105,57,1,0,1,0,0.5,0.0,0.0,0.0
64,14,104,105,58,1,0,2,0,0.6666666666666666,0.0,0.0,0.0
64,14,104,105,59,1,0,3,0,0.75,0.0,0.0,0.0
64,14,104,105,60,1,0,4,0,0.8,0.0,0.0,0.0
64,14,104,105,61,1,0,5,0,0.8333333333333334,0.0,0.0,0.0
64,14,104,105,62,1,0,6,0,0.8571428571428571,0.0,0.0,0.0
64,14,104,105,63,2,1,7,0,1.5555555555555556,0.5,0.0,0.5
64,14,104,105,65,2,1,9,0,1.6363636363636365,0.5,0.0,0.5
64,14,104,105,66,1,0,10,0,0.9090909090909091,0.0,0.0,0.0
64,14,104,105,67,1,0,10,0,0.9090909090909091,0.0,0.0,0.0
64,14,104,105,68,1,0,10,0,0.9090909090909091,0.0,0.0,0.0
64,14,104,105,69,1,0,10,0,0.9090909090909091,0.0,0.0,0.0
64,14,104,105,70,1,0,10,0,0.9090909090909091,0.0,0.0,0.0
64,14,112,113,10,1,0,17,0,0.9444444444444444,0.0,0.0,0.0
64,14,112,113,21,1,0,15,0,0.9375,0.0,0.0,0.0
64,14,112,113,23,2,0,16,0,1.7777777777777777,0.0,0.0,0.0
64,14,112,113,25,4,2,16,0,3.2,0.5,0.0,0.5
64,14,112,113,27,2,0,17,0,1.7894736842105263,0.0,0.0,0.0
64,14,112,113,29,4,0,12,0,3.0,0.0,0.0,0.0
64,14,112,113,30,1,0,12,0,0.9230769230769231,0.0,0.0,0.0
64,14,112,113,31,5,1,7,0,2.9166666666666665,0.2,0.0,0.2
64,14,112,113,33,2,0,3,0,1.2,0.0,0.0,0.0
64,14,112,113,58,1,0,1,0,0.5,0.0,0.0,0.0
64,14,112,113,59,1,1,2,0,0.6666666666666666,1.0,0.0,1.0
64,14,112,113,61,2,1,3,0,1.2,0.5,0.0,0.5
64,14,112,113,62,1,0,5,0,0.8333333333333334,0.0,0.0,0.0
64,14,112,113,63,1,1,6,0,0.8571428571428571,1.0,0.0,1.0
64,14,112,113,64,1,0,7,0,0.875,0.0,0.0,0.0
64,14,112,113,65,1,1,8,0,0.8888888888888888,1.0,0.0,1.0
64,14,112,113,66,1,0,8,0,0.8888888888888888,0.0,0.0,0.0
64,14,112,113,67,1,0,8,0,0.8888888888888888,0.0,0.0,0.0
64,14,112,113,68,1,0,8,0,0.8888888888888888,0.0,0.0,0.0
64,14,112,113,69,1,0,8,0,0.8888888888888888,0.0,0.0,0.0
64,14,112,113,70,1,0,8,0,0.8888888888888888,0.0,0.0,0.0
64,14,112,113,71,2,0,8,0,1.6,0.0,0.0,0.0
64,14,120,121,10,1,0,17,0,0.9444444444444444,0.0,0.0,0.0
64,14,120,121,11,2,0,16,0,1.7777777777777777,0.0,0.0,0.0
64,14,120,121,12,1,0,15,0,0.9375,0.0,0.0,0.0
64,14,120,121,13,1,0,15,0,0.9375,0.0,0.0,0.0
64,14,120,121,14,2,0,13,0,1.7333333333333334,0.0,0.0,0.0
64,14,120,121,15,1,0,13,0,0.9285714285714286,0.0,0.0,0.0
64,14,120,121,16,1,0,13,0,0.9285714285714286,0.0,0.0,0.0
64,14,120,121,17,5,0,13,0,3.611111111111111,0.0,0.0,0.0
64,14,120,121,18,2,0,17,0,1.7894736842105263,0.0,0.0,0.0
64,14,120,121,19,3,0,18,0,2.5714285714285716,0.0,0.0,0.0
64,14,120,121,20,3,0,20,0,2.608695652173913,0.0,0.0,0.0
64,14,120,121,21,1,0,22,0,0.9565217391304348,0.0,0.0,0.0
64,14,120,121,22,3,1,23,0,2.6538461538461537,0.3333333333333333,0.0,0.3333333333333333
64,14,120,121,23,1,0,24,0,0.96,0.0,0.0,0.0
64,14,120,121,24,1,0,24,0,0.96,0.0,0.0,0.0
64,14,120,121,25,3,1,22,0,2.64,0.3333333333333333,0.0,0.3333333333333333
64,14,120,121,26,1,0,22,0,0.9565217391304348,0.0,0.0,0.0
64,14,120,121,27,2,0,21,0,1.826086956521739,0.0,0.0,0.0
64,14,120,121,28,1,0,20,0,0.9523809523809523,0.0,0.0,0.0
64,14,120,121,29,1,0,18,0,0.9473684210526315,0.0,0.0,0.0
64,14,120,121,30,2,0,16,0,1.7777777777777777,0.0,0.0,0.0
64,14,120,121,31,1,0,14,0,0.9333333333333333,0.0,0.0,0.0
64,14,120,121,33,1,0,9,0,0.9,0.0,0.0,0.0
64,14,120,121,34,3,0,7,0,2.1,0.0,0.0,0.0
64,14,120,121,36,2,0,8,0,1.6,0.0,0.0,0.0
64,14,120,121,37,3,0,6,0,2.0,0.0,0.0,0.0
64,14,120,121,38,4,1,5,0,2.2222222222222223,0.25,0.0,0.25
64,14,120,121,39,1,0,6,0,0.8571428571428571,0.0,0.0,0.0
64,14,120,121,40,5,1,4,0,2.2222222222222223,0.2,0.0,0.2
64,14,120,121,41,2,1,5,0,1.4285714285714286,0.5,0.0,0.5
64,14,120,121,42,4,1,4,0,2.0,0.25,0.0,0.25
64,14,120,121,63,1,1,1,0,0.5,1.0,0.0,1.0
64,14,120,121,65,1,1,2,0,0.6666666666666666,1.0,0.0,1.0
64,14,120,121,67,2,2,1,0,0.6666666666666666,1.0,0.0,1.0
64,14,120,121,71,4,4,1,0,0.8,1.0,0.0,1.0
64,14,120,121,73,3,3,3,1,1.5,1.0,0.3333333333333333,0.6666666666666667
64,14,120,121,74,1,0,4,0,0.8,0.0,0.0,0.0
64,14,120,121,75,3,2,3,1,1.5,0.6666666666666666,0.3333333333333333,0.3333333333333333
64,14,128,129,11,2,0,17,0,1.7894736842105263,0.0,0.0,0.0
64,14,128,129,12,2,0,15,0,1.7647058823529411,0.0,0.0,0.0
64,14,128,129,14,1,0,15,0,0.9375,0.0,0.0,0.0
64,14,128,129,15,4,0,15,0,3.1578947368421053,0.0,0.0,0.0
64,14,128,129,16,1,0,19,0,0.95,0.0,0.0,0.0
64,14,128,129,17,1,0,20,0,0.9523809523809523,0.0,0.0,0.0
64,14,128,129,18,1,0,21,0,0.9545454545454546,0.0,0.0,0.0
64,14,128,129,19,1,0,22,0,0.9565217391304348,0.0,0.0,0.0
64,14,128,129,20,1,0,24,0,0.96,0.0,0.0,0.0
64,14,128,129,21,1,0,26,0,0.9629629629629629,0.0,0.0,0.0
64,14,128,129,22,2,0,27,0,1.8620689655172413,0.0,0.0,0.0
64,14,128,129,23,1,0,27,0,0.9642857142857143,0.0,0.0,0.0
64,14,128,129,25,1,0,27,0,0.9642857142857143,0.0,0.0,0.0
64,14,128,129,27,1,0,27,0,0.9642857142857143,0.0,0.0,0.0
64,14,128,129,30,1,0,19,0,0.95,0.0,0.0,0.0
64,14,128,129,32,1,0,13,0,0.9285714285714286,0.0,0.0,0.0
64,14,128,129,33,2,0,13,0,1.7333333333333334,0.0,0.0,0.0
64,14,128,129,35,3,0,13,0,2.4375,0.0,0.0,0.0
64,14,128,129,36,2,0,15,0,1.7647058823529411,0.0,0.0,0.0
64,14,128,129,37,2,0,17,0,1.7894736842105263,0.0,0.0,0.0
64,14,128,129,38,1,0,18,0,0.9473684210526315,0.0,0.0,0.0
64,14,128,129,39,4,0,18,0,3.272727272727273,0.0,0.0,0.0
64,14,128,129,40,3,0,19,0,2.590909090909091,0.0,0.0,0.0
64,14,128,129,41,4,0,20,0,3.3333333333333335,0.0,0.0,0.0
64,14,128,129,42,1,0,22,0,0.9565217391304348,0.0,0.0,0.0
64,14,128,129,43,5,1,20,0,4.0,0.2,0.0,0.2
64,14,128,129,45,5,0,17,0,3.8636363636363638,0.0,0.0,0.0
64,14,128,129,47,8,0,5,0,3.076923076923077,0.0,0.0,0.0
64,14,136,137,11,1,0,18,0,0.9473684210526315,0.0,0.0,0.0
64,14,136,137,12,1,0,17,0,0.9444444444444444,0.0,0.0,0.0
64,14,136,137,13,1,0,18,0,0.9473684210526315,0.0,0.0,0.0
64,14,136,137,14,1,0,16,0,0.9411764705882353,0.0,0.0,0.0
64,14,136,137,15,1,0,18,0,0.9473684210526315,0.0,0.0,0.0
64,14,136,137,16,1,0,19,0,0.95,0.0,0.0,0.0
64,14,136,137,17,1,0,20,0,0.9523809523809523,0.0,0.0,0.0
64,14,136,137,18,1,0,21,0,0.9545454545454546,0.0,0.0,0.0
64,14,136,137,19,1,0,22,0,0.9565217391304348,0.0,0.0,0.0
64,14,136,137,20,1,0,24,0,0.96,0.0,0.0,0.0
64,14,136,137,21,1,0,26,0,0.9629629629629629,0.0,0.0,0.0
64,14,136,137,22,1,0,28,0,0.9655172413793104,0.0,0.0,0.0
64,14,136,137,23,1,0,28,0,0.9655172413793104,0.0,0.0,0.0
64,14,136,137,30,1,0,19,0,0.95,0.0,0.0,0.0
64,14,136,137,32,3,0,13,0,2.4375,0.0,0.0,0.0
64,14,136,137,33,2,0,15,0,1.7647058823529411,0.0,0.0,0.0
64,14,136,137,34,2,0,16,0,1.7777777777777777,0.0,0.0,0.0
64,14,136,137,35,2,0,18,0,1.8,0.0,0.0,0.0
64,14,136,137,36,2,0,21,0,1.826086956521739,0.0,0.0,0.0
64,14,136,137,37,2,0,23,0,1.84,0.0,0.0,0.0
64,14,136,137,38,2,0,24,0,1.8461538461538463,0.0,0.0,0.0
64,14,136,137,39,2,0,25,0,1.8518518518518519,0.0,0.0,0.0
64,14,136,137,40,2,0,25,0,1.8518518518518519,0.0,0.0,0.0
64,14,136,137,41,2,0,26,0,1.8571428571428572,0.0,0.0,0.0
64,14,136,137,42,2,0,26,0,1.8571428571428572,0.0,0.0,0.0
64,14,136,137,43,2,0,26,0,1.8571428571428572,0.0,0.0,0.0
64,14,136,137,44,1,0,26,0,0.9629629629629629,0.0,0.0,0.0
64,14,136,137,45,1,0,24,0,0.96,0.0,0.0,0.0
64,14,136,137,46,1,0,21,0,0.9545454545454546,0.0,0.0,0.0
64,14,136,137,47,2,0,17,0,1.7894736842105263,0.0,0.0,0.0
64,14,136,137,48,1,0,14,0,0.9333333333333333,0.0,0.0,0.0
64,14,136,137,49,2,0,10,0,1.6666666666666667,0.0,0.0,0.0
64,14,136,137,50,3,0,5,0,1.875,0.0,0.0,0.0
64,14,136,137,51,4,0,1,0,0.8,0.0,0.0,0.0
64,14,136,137,52,1,0,1,0,0.5,0.0,0.0,0.0
64,14,144,145,11,1,0,18,0,0.9473684210526315,0.0,0.0,0.0
64,14,144,145,12,1,0,17,0,0.9444444444444444,0.0,0.0,0.0
64,14,144,145,13,1,0,18,0,0.9473684210526315,0.0,0.0,0.0
64,14,144,145,14,1,0,16,0,0.9411764705882353,0.0,0.0,0.0
64,14,144,145,15,1,0,18,0,0.9473684210526315,0.0,0.0,0.0
64,14,144,145,16,1,0,19,0,0.95,0.0,0.0,0.0
64,14,144,145,18,1,0,22,0,0.9565217391304348,0.0,0.0,0.0
64,14,144,145,19,1,0,23,0,0.9583333333333334,0.0,0.0,0.0
64,14,144,145,20,2,0,24,0,1.8461538461538463,0.0,0.0,0.0
64,14,144,145,21,1,0,26,0,0.9629629629629629,0.0,0.0,0.0
64,14,144,145,22,1,0,28,0,0.9655172413793104,0.0,0.0,0.0
64,14,144,145,23,1,0,28,0,0.9655172413793104,0.0,0.0,0.0
64,14,144,145,31,1,0,17,0,0.9444444444444444,0.0,0.0,0.0
64,14,144,145,39,1,0,27,0,0.9642857142857143,0.0,0.0,0.0
64,14,144,145,41,3,0,26,0,2.689655172413793,0.0,0.0,0.0
64,14,144,145,43,2,0,26,0,1.8571428571428572,0.0,0.0,0.0
64,14,144,145,44,2,0,26,0,1.8571428571428572,0.0,0.0,0.0
64,14,144,145,45,2,0,25,0,1.8518518518518519,0.0,0.0,0.0
64,14,144,145,46,2,0,23,0,1.84,0.0,0.0,0.0
64,14,144,145,47,2,0,21,0,1.826086956521739,0.0,0.0,0.0
64,14,144,145,51,1,0,7,0,0.875,0.0,0.0,0.0
64,14,152,153,12,2,0,17,0,1.7894736842105263,0.0,0.0,0.0
64,14,152,153,14,1,0,17,0,0.9444444444444444,0.0,0.0,0.0
64,14,152,153,15,1,0,19,0,0.95,0.0,0.0,0.0
64,14,152,153,16,1,0,20,0,0.9523809523809523,0.0,0.0,0.0
64,14,152,153,17,1,0,21,0,0.9545454545454546,0.0,0.0,0.0
64,14,152,153,18,1,0,22,0,0.9565217391304348,0.0,0.0,0.0
64,14,152,153,19,1,0,23,0,0.9583333333333334,0.0,0.0,0.0
64,14,152,153,20,1,0,25,0,0.9615384615384616,0.0,0.0,0.0
64,14,152,153,21,1,0,27,0,0.9642857142857143,0.0,0.0,0.0
64,14,152,153,22,1,0,29,0,0.9666666666666667,0.0,0.0,0.0
64,14,152,153,23,1,0,29,0,0.9666666666666667,0.0,0.0,0.0
64,14,152,153,24,1,0,28,0,0.9655172413793104,0.0,0.0,0.0
64,14,152,153,31,1,0,17,0,0.9444444444444444,0.0,0.0,0.0
64,14,152,153,45,1,0,27,0,0.9642857142857143,0.0,0.0,0.0
64,14,152,153,47,2,0,21,0,1.826086956521739,0.0,0.0,0.0
64,14,152,153,52,1,0,5,0,0.8333333333333334,0.0,0.0,0.0
64,14,160,161,12,2,0,17,0,1.7894736842105263,0.0,0.0,0.0
64,14,160,161,14,1,0,17,0,0.9444444444444444,0.0,0.0,0.0
64,14,160,161,15,2,0,19,0,1.8095238095238095,0.0,0.0,0.0
64,14,160,161,16,1,0,20,0,0.9523809523809523,0.0,0.0,0.0
64,14,160,161,17,1,0,21,0,0.9545454545454546,0.0,0.0,0.0
64,14,160,161,19,1,0,24,0,0.96,0.0,0.0,0.0
64,14,160,161,20,1,0,26,0,0.9629629629629629,0.0,0.0,0.0
64,14,160,161,21,2,0,27,0,1.8620689655172413,0.0,0.0,0.0
64,14,160,161,22,1,0,29,0,0.9666666666666667,0.0,0.0,0.0
64,14,160,161,23,1,0,29,0,0.9666666666666667,0.0,0.0,0.0
64,14,160,161,24,1,0,28,0,0.9655172413793104,0.0,0.0,0.0
64,14,160,161,30,1,0,20,0,0.9523809523809523,0.0,0.0,0.0
64,14,160,161,53,1,0,4,0,0.8,0.0,0.0,0.0
64,14,160,161,54,1,0,3,0,0.75,0.0,0.0,0.0
64,14,168,169,13,2,0,19,0,1.8095238095238095,0.0,0.0,0.0
64,14,168,169,15,1,0,20,0,0.9523809523809523,0.0,0.0,0.0
64,14,168,169,16,2,0,21,0,1.826086956521739,0.0,0.0,0.0
64,14,168,169,17,1,0,22,0,0.9565217391304348,0.0,0.0,0.0
64,14,168,169,18,1,0,23,0,0.9583333333333334,0.0,0.0,0.0
64,14,168,169,20,1,0,27,0,0.9642857142857143,0.0,0.0,0.0
64,14,168,169,21,1,0,30,0,0.967741935483871,0.0,0.0,0.0
64,14,168,169,22,3,0,31,0,2.735294117647059,0.0,0.0,0.0
64,14,168,169,23,3,0,31,0,2.735294117647059,0.0,0.0,0.0
64,14,168,169,24,4,0,29,0,3.515151515151515,0.0,0.0,0.0
64,14,168,169,25,1,0,30,0,0.967741935483871,0.0,0.0,0.0
64,14,168,169,26,3,0,29,0,2.71875,0.0,0.0,0.0
64,14,168,169,28,3,0,26,0,2.689655172413793,0.0,0.0,0.0
64,14,168,169,29,1,0,24,0,0.96,0.0,0.0,0.0
64,14,168,169,30,1,0,21,0,0.9545454545454546,0.0,0.0,0.0
64,14,168,169,31,1,0,18,0,0.9473684210526315,0.0,0.0,0.0
64,14,168,169,54,1,0,4,0,0.8,0.0,0.0,0.0
64,14,168,169,55,1,0,3,0,0.75,0.0,0.0,0.0
64,14,168,169,56,1,0,2,0,0.6666666666666666,0.0,0.0,0.0
64,14,168,169,57,1,0,1,0,0.5,0.0,0.0,0.0
64,14,168,169,58,1,0,1,0,0.5,0.0,0.0,0.0
64,14,168,169,59,1,0,1,0,0.5,0.0,0.0,0.0
64,14,176,177,13,2,0,19,0,1.8095238095238095,0.0,0.0,0.0
64,14,176,177,14,1,0,18,0,0.9473684210526315,0.0,0.0,0.0
64,14,176,177,15,2,0,20,0,1.8181818181818181,0.0,0.0,0.0
64,14,176,177,16,2,0,22,0,1.8333333333333333,0.0,0.0,0.0
64,14,176,177,17,2,0,24,0,1.8461538461538463,0.0,0.0,0.0
64,14,176,177,18,2,0,26,0,1.8571428571428572,0.0,0.0,0.0
64,14,176,177,19,2,0,28,0,1.8666666666666667,0.0,0.0,0.0
64,14,176,177,20,4,0,29,0,3.515151515151515,0.0,0.0,0.0
64,14,176,177,21,2,0,32,0,1.8823529411764706,0.0,0.0,0.0
64,14,176,177,22,3,0,34,0,2.7567567567567566,0.0,0.0,0.0
64,14,176,177,23,1,0,35,0,0.9722222222222222,0.0,0.0,0.0
64,14,176,177,24,2,1,35,0,1.8918918918918919,0.5,0.0,0.5
64,14,176,177,25,2,0,34,0,1.8888888888888888,0.0,0.0,0.0
64,14,176,177,26,4,1,31,0,3.5428571428571427,0.25,0.0,0.25
64,14,176,177,27,2,0,30,0,1.875,0.0,0.0,0.0
64,14,176,177,28,4,0,27,0,3.4838709677419355,0.0,0.0,0.0
64,14,176,177,29,1,0,25,0,0.9615384615384616,0.0,0.0,0.0
64,14,176,177,30,1,0,21,0,0.9545454545454546,0.0,0.0,0.0
64,14,176,177,32,1,0,17,0,0.9444444444444444,0.0,0.0,0.0
64,14,176,177,54,1,0,4,0,0.8,0.0,0.0,0.0
64,14,176,177,55,1,0,3,0,0.75,0.0,0.0,0.0
64,14,176,177,56,1,0,2,0,0.6666666666666666,0.0,0.0,0.0
64,14,176,177,58,2,1,1,0,0.6666666666666666,0.5,0.0,0.5
64,14,176,177,60,1,0,2,0,0.6666666666666666,0.0,0.0,0.0
64,14,176,177,61,1,0,2,0,0.6666666666666666,0.0,0.0,0.0
64,14,176,177,62,1,0,2,0,0.6666666666666666,0.0,0.0,0.0
64,14,176,177,63,1,0,2,0,0.6666666666666666,0.0,0.0,0.0
64,14,176,177,64,1,0,2,0,0.6666666666666666,0.0,0.0,0.0
64,14,176,177,65,1,0,2,0,0.6666666666666666,0.0,0.0,0.0
64,14,176,177,66,1,0,2,0,0.6666666666666666,0.0,0.0,0.0
64,14,176,177,67,1,0,2,0,0.6666666666666666,0.0,0.0,0.0
64,14,176,177,68,2,0,1,0,0.6666666666666666,0.0,0.0,0.0
64,14,184,185,14,2,0,18,0,1.8,0.0,0.0,0.0
64,14,184,185,15,1,0,21,0,0.9545454545454546,0.0,0.0,0.0
64,14,184,185,16,2,0,22,0,1.8333333333333333,0.0,0.0,0.0
64,14,184,185,17,2,0,24,0,1.8461538461538463,0.0,0.0,0.0
64,14,184,185,18,2,0,26,0,1.8571428571428572,0.0,0.0,0.0
64,14,184,185,19,2,0,28,0,1.8666666666666667,0.0,0.0,0.0
64,14,184,185,20,2,0,31,0,1.878787878787879,0.0,0.0,0.0
64,14,184,185,21,2,0,34,0,1.8888888888888888,0.0,0.0,0.0
64,14,184,185,22,2,0,37,0,1.8974358974358974,0.0,0.0,0.0
64,14,184,185,23,2,0,38,0,1.9,0.0,0.0,0.0
64,14,184,185,24,1,0,38,0,0.9743589743589743,0.0,0.0,0.0
64,14,184,185,25,1,0,39,0,0.975,0.0,0.0,0.0
64,14,184,185,28,2,0,32,0,1.8823529411764706,0.0,0.0,0.0
64,14,184,185,29,1,0,28,0,0.9655172413793104,0.0,0.0,0.0
64,14,184,185,30,2,0,23,0,1.84,0.0,0.0,0.0
64,14,184,185,31,1,0,20,0,0.9523809523809523,0.0,0.0,0.0
64,14,184,185,32,1,0,18,0,0.9473684210526315,0.0,0.0,0.0
64,14,184,185,33,1,0,18,0,0.9473684210526315,0.0,0.0,0.0
64,14,184,185,55,1,0,4,0,0.8,0.0,0.0,0.0
64,14,184,185,56,1,0,3,0,0.75,0.0,0.0,0.0
64,14,184,185,58,1,0,3,0,0.75,0.0,0.0,0.0
64,14,184,185,59,1,0,3,0,0.75,0.0,0.0,0.0
64,14,184,185,60,1,0,3,0,0.75,0.0,0.0,0.0
64,14,184,185,62,2,0,3,0,1.2,0.0,0.0,0.0
64,14,184,185,64,1,0,4,0,0.8,0.0,0.0,0.0
64,14,184,185,66,2,0,4,0,1.3333333333333333,0.0,0.0,0.0
64,14,184,185,68,1,0,5,0,0.8333333333333334,0.0,0.0,0.0
64,14,192,193,15,2,0,21,0,1.826086956521739,0.0,0.0,0.0
64,14,192,193,16,1,0,23,0,0.9583333333333334,0.0,0.0,0.0
64,14,192,193,17,2,0,24,0,1.8461538461538463,0.0,0.0,0.0
64,14,192,193,18,2,0,26,0,1.8571428571428572,0.0,0.0,0.0
64,14,192,193,19,2,0,28,0,1.8666666666666667,0.0,0.0,0.0
64,14,192,193,20,2,0,31,0,1.878787878787879,0.0,0.0,0.0
64,14,192,193,21,2,0,34,0,1.8888888888888888,0.0,0.0,0.0
64,14,192,193,22,2,0,37,0,1.8974358974358974,0.0,0.0,0.0
64,14,192,193,23,2,0,38,0,1.9,0.0,0.0,0.0
64,14,192,193,24,1,0,38,0,0.9743589743589743,0.0,0.0,0.0
64,14,192,193,25,1,0,39,0,0.975,0.0,0.0,0.0
64,14,192,193,56,1,0,4,0,0.8,0.0,0.0,0.0
64,14,192,193,58,1,0,4,0,0.8,0.0,0.0,0.0
64,14,192,193,60,1,0,5,0,0.8333333333333334,0.0,0.0,0.0
64,14,192,193,62,1,0,6,0,0.8571428571428571,0.0,0.0,0.0
64,14,192,193,63,1,0,7,0,0.875,0.0,0.0,0.0
64,14,192,193,64,1,0,8,0,0.8888888888888888,0.0,0.0,0.0
64,14,192,193,66,1,0,9,0,0.9,0.0,0.0,0.0
64,14,192,193,68,1,0,10,0,0.9090909090909091,0.0,0.0,0.0
64,14,192,193,70,1,0,9,0,0.9,0.0,0.0,0.0
64,14,192,193,71,1,0,8,0,0.8888888888888888,0.0,0.0,0.0
64,14,192,193,72,1,0,7,0,0.875,0.0,0.0,0.0
64,14,192,193,73,1,0,6,0,0.8571428571428571,0.0,0.0,0.0
64,14,192,193,74,3,0,3,0,1.5,0.0,0.0,0.0
64,14,192,193,75,2,0,2,0,1.0,0.0,0.0,0.0
64,14,192,193,76,2,0,1,0,0.6666666666666666,0.0,0.0,0.0
64,14,200,201,21,2,0,35,0,1.8918918918918919,0.0,0.0,0.0
64,14,200,201,22,1,0,38,0,0.9743589743589743,0.0,0.0,0.0
64,14,200,201,23,1,0,39,0,0.975,0.0,0.0,0.0
64,14,200,201,24,2,0,38,0,1.9,0.0,0.0,0.0
64,14,200,201,62,1,0,9,0,0.9,0.0,0.0,0.0
64,14,200,201,64,1,0,10,0,0.9090909090909091,0.0,0.0,0.0
64,14,200,201,66,1,0,11,0,0.9166666666666666,0.0,0.0,0.0
64,14,200,201,68,1,0,12,0,0.9230769230769231,0.0,0.0,0.0
64,15,16,17,14,7,0,2,0,1.5555555555555556,0.0,0.0,0.0
64,15,16,17,15,9,0,7,0,3.9375,0.0,0.0,0.0
64,15,24,25,18,1,0,2,0,0.6666666666666666,0.0,0.0,0.0
64,15,24,25,19,14,10,3,0,2.4705882352941178,0.7142857142857143,0.0,0.7142857142857143
64,15,32,33,22,1,0,1,0,0.5,0.0,0.0,0.0
64,15,32,33,23,7,6,2,0,1.5555555555555556,0.8571428571428571,0.0,0.8571428571428571
64,15,32,33,24,2,0,10,0,1.6666666666666667,0.0,0.0,0.0
64,15,32,33,25,5,3,12,0,3.5294117647058822,0.6,0.0,0.6
64,15,40,41,29,12,12,3,0,2.4,1.0,0.0,1.0
64,15,40,41,30,3,0,14,0,2.4705882352941178,0.0,0.0,0.0
64,15,48,49,31,2,2,2,0,1.0,1.0,0.0,1.0
64,15,48,49,32,2,0,4,0,1.3333333333333333,0.0,0.0,0.0
64,15,48,49,33,5,1,6,0,2.727272727272727,0.2,0.0,0.2
64,15,48,49,35,4,4,14,0,3.111111111111111,1.0,0.0,1.0
64,15,56,57,34,1,0,2,0,0.6666666666666666,0.0,0.0,0.0
64,15,56,57,35,6,6,2,0,1.5,1.0,0.0,1.0
64,15,56,57,36,3,0,6,0,2.0,0.0,0.0,0.0
64,15,56,57,37,4,2,7,0,2.5454545454545454,0.5,0.0,0.5
64,15,56,57,38,2,0,9,0,1.6363636363636365,0.0,0.0,0.0
64,15,56,57,39,5,3,9,0,3.2142857142857144,0.6,0.0,0.6
64,15,64,65,42,5,0,1,0,0.8333333333333334,0.0,0.0,0.0
64,15,64,65,43,3,0,4,0,1.7142857142857142,0.0,0.0,0.0
64,15,88,89,50,1,0,1,0,0.5,0.0,0.0,0.0
64,15,88,89,51,1,0,2,0,0.6666666666666666,0.0,0.0,0.0
64,15,88,89,52,1,0,3,0,0.75,0.0,0.0,0.0
64,15,88,89,53,1,0,4,0,0.8,0.0,0.0,0.0
64,15,88,89,54,1,0,5,0,0.8333333333333334,0.0,0.0,0.0
64,15,88,89,55,1,0,6,0,0.8571428571428571,0.0,0.0,0.0
64,15,88,89,56,1,0,7,0,0.875,0.0,0.0,0.0
64,15,88,89,57,2,1,8,0,1.6,0.5,0.0,0.5
64,15,96,97,18,2,0,2,0,1.0,0.0,0.0,0.0
64,15,96,97,19,1,0,4,0,0.8,0.0,0.0,0.0
64,15,96,97,20,3,0,5,0,1.875,0.0,0.0,0.0
64,15,96,97,21,1,0,7,0,0.875,0.0,0.0,0.0
64,15,96,97,22,6,0,2,0,1.5,0.0,0.0,0.0
64,15,96,97,23,1,0,3,0,0.75,0.0,0.0,0.0
64,15,96,97,24,2,0,3,0,1.2,0.0,0.0,0.0
64,15,96,97,25,1,0,4,0,0.8,0.0,0.0,0.0
64,15,96,97,26,3,0,4,0,1.7142857142857142,0.0,0.0,0.0
64,15,96,97,28,3,0,4,0,1.7142857142857142,0.0,0.0,0.0
64,15,96,97,29,1,0,4,0,0.8,0.0,0.0,0.0
64,15,96,97,30,2,0,3,0,1.2,0.0,0.0,0.0
64,15,96,97,32,2,0,3,0,1.2,0.0,0.0,0.0
64,15,96,97,33,1,0,3,0,0.75,0.0,0.0,0.0
64,15,96,97,34,3,0,1,0,0.75,0.0,0.0,0.0
64,15,96,97,51,1,0,1,0,0.5,0.0,0.0,0.0
64,15,96,97,52,1,0,2,0,0.6666666666666666,0.0,0.0,0.0
64,15,96,97,53,1,0,3,0,0.75,0.0,0.0,0.0
64,15,96,97,54,1,0,4,0,0.8,0.0,0.0,0.0
64,15,96,97,55,1,0,5,0,0.8333333333333334,0.0,0.0,0.0
64,15,96,97,56,1,0,6,0,0.8571428571428571,0.0,0.0,0.0
64,15,96,97,57,1,0,7,0,0.875,0.0,0.0,0.0
64,15,96,97,58,1,0,8,0,0.8888888888888888,0.0,0.0,0.0
64,15,96,97,59,2,1,9,0,1.6363636363636365,0.5,0.0,0.5
64,15,96,97,60,1,0,11,0,0.9166666666666666,0.0,0.0,0.0
64,15,96,97,61,1,0,12,0,0.9230769230769231,0.0,0.0,0.0
64,15,96,97,62,1,0,12,0,0.9230769230769231,0.0,0.0,0.0
64,15,96,97,63,2,1,12,0,1.7142857142857142,0.5,0.0,0.5
64,15,104,105,22,1,0,11,0,0.9166666666666666,0.0,0.0,0.0
64,15,104,105,24,1,0,12,0,0.9230769230769231,0.0,0.0,0.0
64,15,104,105,26,2,0,12,0,1.7142857142857142,0.0,0.0,0.0
64,15,104,105,27,1,0,14,0,0.9333333333333333,0.0,0.0,0.0
64,15,104,105,28,5,0,10,0,3.3333333333333335,0.0,0.0,0.0
64,15,104,105,51,1,0,1,0,0.5,0.0,0.0,0.0
64,15,104,105,52,1,0,2,0,0.6666666666666666,0.0,0.0,0.0
64,15,104,105,53,1,0,3,0,0.75,0.0,0.0,0.0
64,15,104,105,54,1,0,4,0,0.8,0.0,0.0,0.0
64,15,104,105,55,1,0,5,0,0.8333333333333334,0.0,0.0,0.0
64,15,104,105,56,1,0,6,0,0.8571428571428571,0.0,0.0,0.0
64,15,104,105,57,1,0,7,0,0.875,0.0,0.0,0.0
64,15,104,105,58,1,0,8,0,0.8888888888888888,0.0,0.0,0.0
64,15,104,105,59,1,0,9,0,0.9,0.0,0.0,0.0
64,15,104,105,60,1,0,10,0,0.9090909090909091,0.0,0.0,0.0
64,15,104,105,61,1,0,11,0,0.9166666666666666,0.0,0.0,0.0
64,15,104,105,62,1,0,11,0,0.9166666666666666,0.0,0.0,0.0
64,15,104,105,63,1,0,11,0,0.9166666666666666,0.0,0.0,0.0
64,15,104,105,64,1,0,11,0,0.9166666666666666,0.0,0.0,0.0
64,15,104,105,65,1,0,11,0,0.9166666666666666,0.0,0.0,0.0
64,15,112,113,29,2,0,15,0,1.7647058823529411,0.0,0.0,0.0
64,15,112,113,30,1,0,14,0,0.9333333333333333,0.0,0.0,0.0
64,15,112,113,31,1,0,13,0,0.9285714285714286,0.0,0.0,0.0
64,15,112,113,32,3,0,10,0,2.3076923076923075,0.0,0.0,0.0
64,15,112,113,33,1,0,9,0,0.9,0.0,0.0,0.0
64,15,112,113,34,5,1,5,0,2.5,0.2,0.0,0.2
64,15,112,113,35,1,0,4,0,0.8,0.0,0.0,0.0
64,15,112,113,52,1,0,1,0,0.5,0.0,0.0,0.0
64,15,112,113,53,1,0,2,0,0.6666666666666666,0.0,0.0,0.0
64,15,112,113,54,1,0,3,0,0.75,0.0,0.0,0.0
64,15,112,113,55,1,0,4,0,0.8,0.0,0.0,0.0
64,15,112,113,56,1,0,5,0,0.8333333333333334,0.0,0.0,0.0
64,15,112,113,57,1,0,6,0,0.8571428571428571,0.0,0.0,0.0
64,15,112,113,58,1,0,7,0,0.875,0.0,0.0,0.0
64,15,112,113,59,1,0,8,0,0.8888888888888888,0.0,0.0,0.0
64,15,112,113,60,1,0,9,0,0.9,0.0,0.0,0.0
64,15,112,113,61,1,0,10,0,0.9090909090909091,0.0,0.0,0.0
64,15,112,113,62,1,0,10,0,0.9090909090909091,0.0,0.0,0.0
64,15,112,113,63,1,0,10,0,0.9090909090909091,0.0,0.0,0.0
64,15,112,113,64,2,0,10,0,1.6666666666666667,0.0,0.0,0.0
64,15,112,113,65,1,0,11,0,0.9166666666666666,0.0,0.0,0.0
64,15,120,121,32,2,0,15,0,1.7647058823529411,0.0,0.0,0.0
64,15,120,121,34,3,0,13,0,2.4375,0.0,0.0,0.0
64,15,120,121,36,4,0,11,0,2.933333333333333,0.0,0.0,0.0
64,15,120,121,37,1,0,11,0,0.9166666666666666,0.0,0.0,0.0
64,15,120,121,38,5,1,7,0,2.9166666666666665,0.2,0.0,0.2
64,15,120,121,39,4,0,4,0,2.0,0.0,0.0,0.0
64,15,120,121,53,1,0,1,0,0.5,0.0,0.0,0.0
64,15,120,121,54,1,0,2,0,0.6666666666666666,0.0,0.0,0.0
64,15,120,121,55,1,0,3,0,0.75,0.0,0.0,0.0
64,15,120,121,56,1,0,4,0,0.8,0.0,0.0,0.0
64,15,120,121,57,1,0,5,0,0.8333333333333334,0.0,0.0,0.0
64,15,120,121,58,1,0,6,0,0.8571428571428571,0.0,0.0,0.0
64,15,120,121,59,1,0,7,0,0.875,0.0,0.0,0.0
64,15,120,121,60,1,0,8,0,0.8888888888888888,0.0,0.0,0.0
64,15,120,121,61,1,0,9,0,0.9,0.0,0.0,0.0
64,15,120,121,62,1,0,9,0,0.9,0.0,0.0,0.0
64,15,120,121,63,2,1,9,0,1.6363636363636365,0.5,0.0,0.5
64,15,120,121,64,1,0,10,0,0.9090909090909091,0.0,0.0,0.0
64,15,120,121,65,1,0,10,0,0.9090909090909091,0.0,0.0,0.0
64,15,120,121,66,1,0,10,0,0.9090909090909091,0.0,0.0,0.0
64,15,128,129,10,2,0,1,0,0.6666666666666666,0.0,0.0,0.0
64,15,128,129,11,3,0,2,0,1.2,0.0,0.0,0.0
64,15,128,129,12,4,0,2,0,1.3333333333333333,0.0,0.0,0.0
64,15,128,129,13,3,0,2,0,1.2,0.0,0.0,0.0
64,15,128,129,14,4,0,1,0,0.8,0.0,0.0,0.0
64,15,128,129,15,1,0,1,0,0.5,0.0,0.0,0.0
64,15,128,129,16,1,0,3,0,0.75,0.0,0.0,0.0
64,15,128,129,18,1,0,7,0,0.875,0.0,0.0,0.0
64,15,128,129,20,1,1,10,0,0.9090909090909091,1.0,0.0,1.0
64,15,128,129,42,3,0,6,0,2.0,0.0,0.0,0.0
64,15,128,129,43,1,0,4,0,0.8,0.0,0.0,0.0
64,15,128,129,55,1,1,1,0,0.5,1.0,0.0,1.0
64,15,128,129,57,2,1,2,0,1.0,0.5,0.0,0.5
64,15,128,129,59,2,1,4,0,1.3333333333333333,0.5,0.0,0.5
64,15,128,129,61,2,1,6,0,1.5,0.5,0.0,0.5
64,15,128,129,62,1,0,7,0,0.875,0.0,0.0,0.0
64,15,128,129,63,2,1,7,0,1.5555555555555556,0.5,0.0,0.5
64,15,128,129,64,1,0,8,0,0.8888888888888888,0.0,0.0,0.0
64,15,128,129,65,2,1,8,0,1.6,0.5,0.0,0.5
64,15,128,129,66,1,0,9,0,0.9,0.0,0.0,0.0
64,15,128,129,67,1,0,9,0,0.9,0.0,0.0,0.0
64,15,136,137,10,3,0,3,0,1.5,0.0,0.0,0.0
64,15,136,137,11,1,0,6,0,0.8571428571428571,0.0,0.0,0.0
64,15,136,137,12,2,0,6,0,1.5,0.0,0.0,0.0
64,15,136,137,13,3,0,5,0,1.875,0.0,0.0,0.0
64,15,136,137,14,3,0,5,0,1.875,0.0,0.0,0.0
64,15,136,137,15,3,0,4,0,1.7142857142857142,0.0,0.0,0.0
64,15,136,137,16,2,0,6,0,1.5,0.0,0.0,0.0
64,15,136,137,17,2,0,8,0,1.6,0.0,0.0,0.0
64,15,136,137,18,2,0,10,0,1.6666666666666667,0.0,0.0,0.0
64,15,136,137,19,1,0,12,0,0.9230769230769231,0.0,0.0,0.0
64,15,136,137,20,3,0,11,0,2.357142857142857,0.0,0.0,0.0
64,15,136,137,21,1,0,13,0,0.9285714285714286,0.0,0.0,0.0
64,15,136,137,22,2,0,13,0,1.7333333333333334,0.0,0.0,0.0
64,15,136,137,23,1,0,13,0,0.9285714285714286,0.0,0.0,0.0
64,15,136,137,61,1,1,1,0,0.5,1.0,0.0,1.0
64,15,136,137,62,1,0,1,0,0.5,0.0,0.0,0.0
64,15,136,137,63,1,1,1,0,0.5,1.0,0.0,1.0
64,15,144,145,4,2,0,3,0,1.2,0.0,0.0,0.0
64,15,144,145,6,4,0,4,0,2.0,0.0,0.0,0.0
64,15,144,145,8,2,0,7,0,1.5555555555555556,0.0,0.0,0.0
64,15,144,145,10,2,0,9,0,1.6363636363636365,0.0,0.0,0.0
64,15,144,145,12,1,0,11,0,0.9166666666666666,0.0,0.0,0.0
64,15,144,145,14,4,0,10,0,2.857142857142857,0.0,0.0,0.0
64,15,144,145,15,1,0,11,0,0.9166666666666666,0.0,0.0,0.0
64,15,144,145,16,3,1,11,0,2.357142857142857,0.3333333333333333,0.0,0.3333333333333333
64,15,144,145,17,1,0,13,0,0.9285714285714286,0.0,0.0,0.0
64,15,144,145,19,1,0,16,0,0.9411764705882353,0.0,0.0,0.0
64,15,144,145,20,2,0,15,0,1.7647058823529411,0.0,0.0,0.0
64,15,144,145,22,2,0,15,0,1.7647058823529411,0.0,0.0,0.0
64,15,144,145,24,3,1,14,0,2.4705882352941178,0.3333333333333333,0.0,0.3333333333333333
64,15,152,153,10,1,0,13,0,0.9285714285714286,0.0,0.0,0.0
64,15,152,153,12,1,0,14,0,0.9333333333333333,0.0,0.0,0.0
64,15,152,153,14,1,0,16,0,0.9411764705882353,0.0,0.0,0.0
64,15,192,193,49,1,0,1,0,0.5,0.0,0.0,0.0
64,15,192,193,50,1,0,1,0,0.5,0.0,0.0,0.0
64,15,192,193,51,1,0,1,0,0.5,0.0,0.0,0.0
64,15,192,193,52,1,0,1,0,0.5,0.0,0.0,0.0
64,15,192,193,53,1,0,1,0,0.5,0.0,0.0,0.0
64,15,192,193,54,1,0,1,0,0.5,0.0,0.0,0.0
64,15,192,193,55,1,0,1,0,0.5,0.0,0.0,0.0
64,15,192,193,56,1,0,1,0,0.5,0.0,0.0,0.0
64,15,192,193,57,1,0,1,0,0.5,0.0,0.0,0.0
64,15,192,193,58,1,0,1,0,0.5,0.0,0.0,0.0
64,15,200,201,49,1,0,1,0,0.5,0.0,0.0,0.0
64,15,200,201,50,1,0,1,0,0.5,0.0,0.0,0.0
64,15,200,201,52,1,0,2,0,0.6666666666666666,0.0,0.0,0.0
64,15,200,201,53,1,0,2,0,0.6666666666666666,0.0,0.0,0.0
64,15,200,201,54,1,0,2,0,0.6666666666666666,0.0,0.0,0.0
64,15,200,201,55,1,0,2,0,0.6666666666666666,0.0,0.0,0.0
64,15,200,201,57,2,0,2,0,1.0,0.0,0.0,0.0
64,15,200,201,59,2,0,2,0,1.0,0.0,0.0,0.0
64,15,200,201,60,1,0,2,0,0.6666666666666666,0.0,0.0,0.0
64,15,208,209,50,1,0,2,0,0.6666666666666666,0.0,0.0,0.0
64,15,208,209,52,1,0,3,0,0.75,0.0,0.0,0.0
64,15,208,209,54,1,0,4,0,0.8,0.0,0.0,0.0
64,15,208,209,55,1,0,5,0,0.8333333333333334,0.0,0.0,0.0
64,15,208,209,57,1,0,6,0,0.8571428571428571,0.0,0.0,0.0
64,15,208,209,59,2,0,6,0,1.5,0.0,0.0,0.0
64,15,208,209,61,2,0,6,0,1.5,0.0,0.0,0.0
64,15,208,209,62,1,0,6,0,0.8571428571428571,0.0,0.0,0.0
64,15,216,217,53,1,0,5,0,0.8333333333333334,0.0,0.0,0.0
64,15,216,217,55,1,0,6,0,0.8571428571428571,0.0,0.0,0.0
64,15,216,217,56,1,0,7,0,0.875,0.0,0.0,0.0
64,15,216,217,57,1,0,8,0,0.8888888888888888,0.0,0.0,0.0
64,15,216,217,59,1,0,9,0,0.9,0.0,0.0,0.0
64,15,216,217,60,1,0,10,0,0.9090909090909091,0.0,0.0,0.0
64,15,216,217,62,2,0,10,0,1.6666666666666667,0.0,0.0,0.0
64,15,216,217,63,1,0,10,0,0.9090909090909091,0.0,0.0,0.0
64,15,216,217,64,2,0,9,0,1.6363636363636365,0.0,0.0,0.0
64,15,216,217,65,4,0,6,0,2.4,0.0,0.0,0.0
64,15,216,217,66,2,0,5,0,1.4285714285714286,0.0,0.0,0.0
64,15,216,217,67,2,0,4,0,1.3333333333333333,0.0,0.0,0.0
64,15,216,217,68,2,0,3,0,1.2,0.0,0.0,0.0
64,15,224,225,57,1,0,9,0,0.9,0.0,0.0,0.0
64,15,224,225,59,1,0,10,0,0.9090909090909091,0.0,0.0,0.0
64,15,224,225,60,1,0,11,0,0.9166666666666666,0.0,0.0,0.0
64,15,224,225,61,1,1,12,0,0.9230769230769231,1.0,0.0,1.0
64,15,224,225,62,1,0,12,0,0.9230769230769231,0.0,0.0,0.0
64,15,224,225,63,1,0,12,0,0.9230769230769231,0.0,0.0,0.0
64,15,224,225,64,1,0,12,0,0.9230769230769231,0.0,0.0,0.0
64,15,224,225,71,5,1,1,0,0.8333333333333334,0.2,0.0,0.2
64,15,232,233,60,1,0,12,0,0.9230769230769231,0.0,0.0,0.0
64,15,232,233,62,2,0,12,0,1.7142857142857142,0.0,0.0,0.0
64,15,232,233,64,1,0,12,0,0.9230769230769231,0.0,0.0,0.0
64,15,232,233,73,2,0,2,0,1.0,0.0,0.0,0.0
64,15,240,241,61,1,0,13,0,0.9285714285714286,0.0,0.0,0.0
64,15,240,241,63,1,0,12,0,0.9230769230769231,0.0,0.0,0.0
64,15,240,241,64,1,0,12,0,0.9230769230769231,0.0,0.0,0.0
64,15,248,249,61,1,0,13,0,0.9285714285714286,0.0,0.0,0.0
64,15,248,249,63,2,0,12,0,1.7142857142857142,0.0,0.0,0.0
64,16,16,17,13,7,5,2,0,1.5555555555555556,0.7142857142857143,0.0,0.7142857142857143
64,16,16,17,14,8,0,9,0,4.235294117647059,0.0,0.0,0.0
64,16,16,17,15,6,0,19,0,4.56,0.0,0.0,0.0
64,16,24,25,18,3,0,2,0,1.2,0.0,0.0,0.0
64,16,24,25,19,26,24,4,0,3.466666666666667,0.9230769230769231,0.0,0.9230769230769231
64,16,32,33,22,1,0,1,0,0.5,0.0,0.0,0.0
64,16,32,33,23,4,4,2,0,1.3333333333333333,1.0,0.0,1.0
64,16,32,33,24,12,1,6,0,4.0,0.08333333333333333,0.0,0.08333333333333333
64,16,32,33,25,19,13,17,0,8.972222222222221,0.6842105263157895,0.0,0.6842105263157895
64,16,40,41,29,17,17,1,0,0.9444444444444444,1.0,0.0,1.0
64,16,40,41,30,3,0,17,0,2.55,0.0,0.0,0.0
64,16,40,41,31,3,0,17,0,2.55,0.0,0.0,0.0
64,16,48,49,2,1,0,7,0,0.875,0.0,0.0,0.0
64,16,48,49,4,5,0,10,0,3.3333333333333335,0.0,0.0,0.0
64,16,48,49,5,1,0,12,0,0.9230769230769231,0.0,0.0,0.0
64,16,48,49,6,4,2,11,0,2.933333333333333,0.5,0.0,0.5
64,16,48,49,8,4,0,8,0,2.6666666666666665,0.0,0.0,0.0
64,16,56,57,6,1,0,21,0,0.9545454545454546,0.0,0.0,0.0
64,16,56,57,8,4,0,19,0,3.3043478260869565,0.0,0.0,0.0
64,16,56,57,9,3,0,15,0,2.5,0.0,0.0,0.0
64,16,56,57,10,4,0,10,0,2.857142857142857,0.0,0.0,0.0
64,16,56,57,12,1,0,5,0,0.8333333333333334,0.0,0.0,0.0
64,16,56,57,41,1,1,3,0,0.75,1.0,0.0,1.0
64,16,64,65,6,1,0,21,0,0.9545454545454546,0.0,0.0,0.0
64,16,64,65,14,4,0,6,0,2.4,0.0,0.0,0.0
64,16,64,65,16,2,1,4,0,1.3333333333333333,0.5,0.0,0.5
64,16,64,65,17,1,0,3,0,0.75,0.0,0.0,0.0
64,16,64,65,42,1,0,1,0,0.5,0.0,0.0,0.0
64,16,64,65,43,1,0,2,0,0.6666666666666666,0.0,0.0,0.0
64,16,64,65,44,1,0,3,0,0.75,0.0,0.0,0.0
64,16,64,65,45,3,2,4,0,1.7142857142857142,0.6666666666666666,0.0,0.6666666666666666
64,16,72,73,6,1,0,21,0,0.9545454545454546,0.0,0.0,0.0
64,16,72,73,16,1,0,8,0,0.8888888888888888,0.0,0.0,0.0
64,16,72,73,20,1,0,9,0,0.9,0.0,0.0,0.0
64,16,72,73,22,1,0,10,0,0.9090909090909091,0.0,0.0,0.0
64,16,72,73,24,11,0,1,0,0.9166666666666666,0.0,0.0,0.0
64,16,72,73,25,1,0,1,0,0.5,0.0,0.0,0.0
64,16,72,73,45,2,1,1,0,0.6666666666666666,0.5,0.0,0.5
64,16,72,73,46,1,0,3,0,0.75,0.0,0.0,0.0
64,16,72,73,47,2,1,4,0,1.3333333333333333,0.5,0.0,0.5
64,16,72,73,48,1,0,6,0,0.8571428571428571,0.0,0.0,0.0
64,16,72,73,49,3,2,7,0,2.1,0.6666666666666666,0.0,0.6666666666666666
64,16,72,73,50,1,0,10,0,0.9090909090909091,0.0,0.0,0.0
64,16,72,73,51,2,1,11,0,1.6923076923076923,0.5,0.0,0.5
64,16,80,81,7,1,0,23,0,0.9583333333333334,0.0,0.0,0.0
64,16,80,81,16,1,0,8,0,0.8888888888888888,0.0,0.0,0.0
64,16,80,81,17,1,0,8,0,0.8888888888888888,0.0,0.0,0.0
64,16,80,81,18,3,0,8,0,2.1818181818181817,0.0,0.0,0.0
64,16,80,81,19,2,0,9,0,1.6363636363636365,0.0,0.0,0.0
64,16,80,81,20,2,0,10,0,1.6666666666666667,0.0,0.0,0.0
64,16,80,81,54,1,0,10,0,0.9090909090909091,0.0,0.0,0.0
64,16,80,81,55,2,1,10,0,1.6666666666666667,0.5,0.0,0.5
64,16,80,81,71,2,0,13,0,1.7333333333333334,0.0,0.0,0.0
64,16,80,81,73,2,0,13,0,1.7333333333333334,0.0,0.0,0.0
64,16,88,89,7,1,0,23,0,0.9583333333333334,0.0,0.0,0.0
64,16,88,89,17,1,0,9,0,0.9,0.0,0.0,0.0
64,16,88,89,18,3,0,9,0,2.25,0.0,0.0,0.0
64,16,88,89,19,1,0,11,0,0.9166666666666666,0.0,0.0,0.0
64,16,88,89,20,3,0,11,0,2.357142857142857,0.0,0.0,0.0
64,16,88,89,21,2,0,12,0,1.7142857142857142,0.0,0.0,0.0
64,16,88,89,22,2,0,13,0,1.7333333333333334,0.0,0.0,0.0
64,16,88,89,23,2,0,14,0,1.75,0.0,0.0,0.0
64,16,88,89,24,3,0,14,0,2.4705882352941178,0.0,0.0,0.0
64,16,88,89,25,2,0,14,0,1.75,0.0,0.0,0.0
64,16,88,89,26,2,0,13,0,1.7333333333333334,0.0,0.0,0.0
64,16,88,89,60,1,0,2,0,0.6666666666666666,0.0,0.0,0.0
64,16,88,89,61,5,3,2,0,1.4285714285714286,0.6,0.0,0.6
64,16,88,89,64,1,0,7,0,0.875,0.0,0.0,0.0
64,16,88,89,65,2,0,6,0,1.5,0.0,0.0,0.0
64,16,88,89,66,3,0,6,0,2.0,0.0,0.0,0.0
64,16,88,89,67,2,0,9,0,1.6363636363636365,0.0,0.0,0.0
64,16,96,97,7,1,0,23,0,0.9583333333333334,0.0,0.0,0.0
64,16,96,97,8,2,0,23,0,1.84,0.0,0.0,0.0
64,16,96,97,9,2,0,21,0,1.826086956521739,0.0,0.0,0.0
64,16,96,97,11,2,0,17,0,1.7894736842105263,0.0,0.0,0.0
64,16,96,97,12,1,0,14,0,0.9333333333333333,0.0,0.0,0.0
64,16,96,97,13,4,0,12,0,3.0,0.0,0.0,0.0
64,16,96,97,14,2,0,11,0,1.6923076923076923,0.0,0.0,0.0
64,16,96,97,15,3,0,10,0,2.3076923076923075,0.0,0.0,0.0
64,16,96,97,17,3,0,11,0,2.357142857142857,0.0,0.0,0.0
64,16,96,97,18,2,0,14,0,1.75,0.0,0.0,0.0
64,16,96,97,19,5,0,13,0,3.611111111111111,0.0,0.0,0.0
64,16,96,97,20,2,0,15,0,1.7647058823529411,0.0,0.0,0.0
64,16,96,97,21,5,0,15,0,3.75,0.0,0.0,0.0
64,16,96,97,22,1,0,16,0,0.9411764705882353,0.0,0.0,0.0
64,16,96,97,23,1,0,17,0,0.9444444444444444,0.0,0.0,0.0
64,16,96,97,24,1,0,18,0,0.9473684210526315,0.0,0.0,0.0
64,16,96,97,25,1,0,18,0,0.9473684210526315,0.0,0.0,0.0
64,16,96,97,26,2,0,16,0,1.7777777777777777,0.0,0.0,0.0
64,16,96,97,28,2,1,13,0,1.7333333333333334,0.5,0.0,0.5
64,16,96,97,29,1,0,12,0,0.9230769230769231,0.0,0.0,0.0
64,16,96,97,30,3,0,9,0,2.25,0.0,0.0,0.0
64,16,96,97,31,1,0,8,0,0.8888888888888888,0.0,0.0,0.0
64,16,96,97,32,1,1,6,0,0.8571428571428571,1.0,0.0,1.0
64,16,96,97,66,1,0,9,0,0.9,0.0,0.0,0.0
64,16,96,97,67,1,0,10,0,0.9090909090909091,0.0,0.0,0.0
64,16,96,97,69,1,0,13,0,0.9285714285714286,0.0,0.0,0.0
64,16,96,97,78,2,0,12,0,1.7142857142857142,0.0,0.0,0.0
64,16,96,97,80,2,0,8,0,1.6,0.0,0.0,0.0
64,16,104,105,8,1,0,25,0,0.9615384615384616,0.0,0.0,0.0
64,16,104,105,9,1,0,24,0,0.96,0.0,0.0,0.0
64,16,104,105,10,1,0,22,0,0.9565217391304348,0.0,0.0,0.0
64,16,104,105,11,1,0,20,0,0.9523809523809523,0.0,0.0,0.0
64,16,104,105,12,2,0,16,0,1.7777777777777777,0.0,0.0,0.0
64,16,104,105,13,1,0,17,0,0.9444444444444444,0.0,0.0,0.0
64,16,104,105,14,2,0,16,0,1.7777777777777777,0.0,0.0,0.0
64,16,104,105,15,2,0,16,0,1.7777777777777777,0.0,0.0,0.0
64,16,104,105,16,1,0,16,0,0.9411764705882353,0.0,0.0,0.0
64,16,104,105,17,1,0,18,0,0.9473684210526315,0.0,0.0,0.0
64,16,104,105,19,4,0,21,0,3.36,0.0,0.0,0.0
64,16,104,105,20,2,0,23,0,1.84,0.0,0.0,0.0
64,16,104,105,21,5,0,22,0,4.074074074074074,0.0,0.0,0.0
64,16,104,105,22,3,0,23,0,2.6538461538461537,0.0,0.0,0.0
64,16,104,105,23,3,0,23,0,2.6538461538461537,0.0,0.0,0.0
64,16,104,105,24,1,0,24,0,0.96,0.0,0.0,0.0
64,16,104,105,25,1,0,23,0,0.9583333333333334,0.0,0.0,0.0
64,16,104,105,26,3,0,19,0,2.590909090909091,0.0,0.0,0.0
64,16,104,105,27,2,1,16,0,1.7777777777777777,0.5,0.0,0.5
64,16,104,105,28,1,0,15,0,0.9375,0.0,0.0,0.0
64,16,104,105,29,1,0,14,0,0.9333333333333333,0.0,0.0,0.0
64,16,104,105,30,1,0,13,0,0.9285714285714286,0.0,0.0,0.0
64,16,104,105,31,1,0,11,0,0.9166666666666666,0.0,0.0,0.0
64,16,104,105,32,2,0,7,0,1.5555555555555556,0.0,0.0,0.0
64,16,112,113,9,1,0,25,0,0.9615384615384616,0.0,0.0,0.0
64,16,112,113,11,1,0,22,0,0.9565217391304348,0.0,0.0,0.0
64,16,112,113,12,1,0,19,0,0.95,0.0,0.0,0.0
64,16,112,113,13,1,0,20,0,0.9523809523809523,0.0,0.0,0.0
64,16,112,113,14,1,0,20,0,0.9523809523809523,0.0,0.0,0.0
64,16,112,113,15,2,0,20,0,1.8181818181818181,0.0,0.0,0.0
64,16,112,113,17,2,0,20,0,1.8181818181818181,0.0,0.0,0.0
64,16,112,113,19,1,0,26,0,0.9629629629629629,0.0,0.0,0.0
64,16,112,113,21,2,0,30,0,1.875,0.0,0.0,0.0
64,16,112,113,22,1,0,32,0,0.9696969696969697,0.0,0.0,0.0
64,16,112,113,23,4,0,31,0,3.5428571428571427,0.0,0.0,0.0
64,16,112,113,24,2,0,32,0,1.8823529411764706,0.0,0.0,0.0
64,16,112,113,25,2,0,30,0,1.875,0.0,0.0,0.0
64,16,112,113,26,2,0,27,0,1.8620689655172413,0.0,0.0,0.0
64,16,112,113,27,1,0,25,0,0.9615384615384616,0.0,0.0,0.0
64,16,112,113,28,1,0,23,0,0.9583333333333334,0.0,0.0,0.0
64,16,112,113,30,1,0,21,0,0.9545454545454546,0.0,0.0,0.0
64,16,112,113,32,2,0,15,0,1.7647058823529411,0.0,0.0,0.0
64,16,112,113,34,2,0,10,0,1.6666666666666667,0.0,0.0,0.0
64,16,112,113,35,1,0,8,0,0.8888888888888888,0.0,0.0,0.0
64,16,112,113,36,5,0,2,0,1.4285714285714286,0.0,0.0,0.0
64,16,112,113,38,1,0,1,0,0.5,0.0,0.0,0.0
64,16,112,113,40,1,0,1,0,0.5,0.0,0.0,0.0
64,16,112,113,41,1,0,1,0,0.5,0.0,0.0,0.0
64,16,112,113,42,1,0,1,0,0.5,0.0,0.0,0.0
64,16,112,113,43,1,0,1,0,0.5,0.0,0.0,0.0
64,16,112,113,44,1,0,1,0,0.5,0.0,0.0,0.0
64,16,112,113,45,1,0,1,0,0.5,0.0,0.0,0.0
64,16,112,113,46,1,0,1,0,0.5,0.0,0.0,0.0
64,16,112,113,47,1,0,1,0,0.5,0.0,0.0,0.0
64,16,120,121,12,1,0,21,0,0.9545454545454546,0.0,0.0,0.0
64,16,120,121,14,1,0,22,0,0.9565217391304348,0.0,0.0,0.0
64,16,120,121,15,1,0,23,0,0.9583333333333334,0.0,0.0,0.0
64,16,120,121,17,1,0,24,0,0.96,0.0,0.0,0.0
64,16,120,121,29,2,0,23,0,1.84,0.0,0.0,0.0
64,16,120,121,41,1,0,3,0,0.75,0.0,0.0,0.0
64,16,120,121,42,1,0,2,0,0.6666666666666666,0.0,0.0,0.0
64,16,120,121,43,1,0,2,0,0.6666666666666666,0.0,0.0,0.0
64,16,120,121,44,1,0,2,0,0.6666666666666666,0.0,0.0,0.0
64,16,120,121,46,1,0,3,0,0.75,0.0,0.0,0.0
64,16,120,121,47,1,0,3,0,0.75,0.0,0.0,0.0
64,16,120,121,49,1,0,4,0,0.8,0.0,0.0,0.0
64,16,120,121,50,1,0,5,0,0.8333333333333334,0.0,0.0,0.0
64,16,120,121,52,6,0,2,0,1.5,0.0,0.0,0.0
64,16,120,121,53,3,0,3,0,1.5,0.0,0.0,0.0
64,16,120,121,54,3,0,2,0,1.2,0.0,0.0,0.0
64,16,120,121,55,2,0,2,0,1.0,0.0,0.0,0.0
64,16,120,121,56,2,0,2,0,1.0,0.0,0.0,0.0
64,16,120,121,57,2,0,2,0,1.0,0.0,0.0,0.0
64,16,120,121,58,2,0,2,0,1.0,0.0,0.0,0.0
64,16,120,121,60,2,0,1,0,0.6666666666666666,0.0,0.0,0.0
64,16,120,121,61,1,0,1,0,0.5,0.0,0.0,0.0
64,16,128,129,44,1,0,5,0,0.8333333333333334,0.0,0.0,0.0
64,16,128,129,46,1,0,6,0,0.8571428571428571,0.0,0.0,0.0
64,16,128,129,48,2,0,7,0,1.5555555555555556,0.0,0.0,0.0
64,16,128,129,50,2,0,9,0,1.6363636363636365,0.0,0.0,0.0
64,16,128,129,51,1,0,11,0,0.9166666666666666,0.0,0.0,0.0
64,16,128,129,52,1,0,12,0,0.9230769230769231,0.0,0.0,0.0
64,16,128,129,53,1,0,12,0,0.9230769230769231,0.0,0.0,0.0
64,16,128,129,54,1,0,11,0,0.9166666666666666,0.0,0.0,0.0
64,16,128,129,55,3,0,8,0,2.1818181818181817,0.0,0.0,0.0
64,16,128,129,56,3,0,6,0,2.0,0.0,0.0,0.0
64,16,128,129,58,2,0,5,0,1.4285714285714286,0.0,0.0,0.0
64,16,128,129,60,1,0,4,0,0.8,0.0,0.0,0.0
64,16,128,129,61,1,0,4,0,0.8,0.0,0.0,0.0
64,16,128,129,62,1,0,3,0,0.75,0.0,0.0,0.0
64,16,128,129,63,1,0,4,0,0.8,0.0,0.0,0.0
64,16,128,129,64,1,1,5,0,0.8333333333333334,1.0,0.0,1.0
64,17,16,17,15,7,3,4,0,2.5454545454545454,0.42857142857142855,0.0,0.42857142857142855
64,17,24,25,19,5,3,2,0,1.4285714285714286,0.6,0.0,0.6
64,17,32,33,22,2,0,3,0,1.2,0.0,0.0,0.0
64,17,32,33,23,6,4,4,0,2.4,0.6666666666666666,0.0,0.6666666666666666
64,17,32,33,24,2,0,9,0,1.6363636363636365,0.0,0.0,0.0
64,17,32,33,25,3,1,10,0,2.3076923076923075,0.3333333333333333,0.0,0.3333333333333333
64,17,40,41,26,1,1,1,0,0.5,1.0,0.0,1.0
64,17,40,41,27,7,7,1,0,0.875,1.0,0.0,1.0
64,17,40,41,28,2,0,6,0,1.5,0.0,0.0,0.0
64,17,40,41,29,5,3,6,0,2.727272727272727,0.6,0.0,0.6
64,17,40,41,30,2,0,9,0,1.6363636363636365,0.0,0.0,0.0
64,17,40,41,31,2,0,9,0,1.6363636363636365,0.0,0.0,0.0
64,17,56,57,24,1,0,1,0,0.5,0.0,0.0,0.0
64,17,56,57,25,4,0,1,0,0.8,0.0,0.0,0.0
64,17,56,57,26,1,0,3,0,0.75,0.0,0.0,0.0
64,17,56,57,27,4,0,2,0,1.3333333333333333,0.0,0.0,0.0
64,17,56,57,29,2,0,4,0,1.3333333333333333,0.0,0.0,0.0
64,17,56,57,30,1,0,5,0,0.8333333333333334,0.0,0.0,0.0
64,17,56,57,31,1,0,5,0,0.8333333333333334,0.0,0.0,0.0
64,17,56,57,32,1,0,4,0,0.8,0.0,0.0,0.0
64,17,56,57,33,1,0,3,0,0.75,0.0,0.0,0.0
64,17,56,57,35,1,0,3,0,0.75,0.0,0.0,0.0
64,17,56,57,37,1,0,6,0,0.8571428571428571,0.0,0.0,0.0
64,17,64,65,18,1,0,1,0,0.5,0.0,0.0,0.0
64,17,64,65,19,1,0,2,0,0.6666666666666666,0.0,0.0,0.0
64,17,64,65,21,2,0,5,0,1.4285714285714286,0.0,0.0,0.0
64,17,64,65,22,1,0,7,0,0.875,0.0,0.0,0.0
64,17,64,65,23,1,0,8,0,0.8888888888888888,0.0,0.0,0.0
64,17,64,65,24,1,0,9,0,0.9,0.0,0.0,0.0
64,17,64,65,25,2,0,9,0,1.6363636363636365,0.0,0.0,0.0
64,17,64,65,27,3,0,10,0,2.3076923076923075,0.0,0.0,0.0
64,17,64,65,29,2,0,12,0,1.7142857142857142,0.0,0.0,0.0
64,17,80,81,11,3,0,1,0,0.75,0.0,0.0,0.0
64,17,80,81,12,2,0,2,0,1.0,0.0,0.0,0.0
64,17,80,81,13,2,0,2,0,1.0,0.0,0.0,0.0
64,17,80,81,15,2,1,1,0,0.6666666666666666,0.5,0.0,0.5
64,17,80,81,17,1,0,1,0,0.5,0.0,0.0,0.0
64,17,88,89,5,4,1,5,0,2.2222222222222223,0.25,0.0,0.25
64,17,88,89,7,4,0,7,0,2.5454545454545454,0.0,0.0,0.0
64,17,88,89,8,1,0,9,0,0.9,0.0,0.0,0.0
64,17,88,89,9,4,0,9,0,2.769230769230769,0.0,0.0,0.0
64,17,88,89,11,4,0,9,0,2.769230769230769,0.0,0.0,0.0
64,17,88,89,12,2,0,9,0,1.6363636363636365,0.0,0.0,0.0
64,17,88,89,13,4,0,6,0,2.4,0.0,0.0,0.0
64,17,88,89,14,2,0,5,0,1.4285714285714286,0.0,0.0,0.0
64,17,88,89,15,1,0,4,0,0.8,0.0,0.0,0.0
64,17,96,97,17,4,0,4,0,2.0,0.0,0.0,0.0
64,18,16,17,14,10,1,5,0,3.3333333333333335,0.1,0.0,0.1
64,18,16,17,15,6,0,15,0,4.285714285714286,0.0,0.0,0.0
64,18,24,25,18,1,0,1,0,0.5,0.0,0.0,0.0
64,18,24,25,19,18,18,1,0,0.9473684210526315,1.0,0.0,1.0
64,18,32,33,24,6,0,3,0,2.0,0.0,0.0,0.0
64,18,32,33,25,8,4,8,0,4.0,0.5,0.0,0.5
64,18,40,41,2,4,0,1,0,0.8,0.0,0.0,0.0
64,18,40,41,4,2,0,5,0,1.4285714285714286,0.0,0.0,0.0
64,18,40,41,6,2,0,7,0,1.5555555555555556,0.0,0.0,0.0
64,18,40,41,8,2,0,8,0,1.6,0.0,0.0,0.0
64,18,40,41,10,1,0,10,0,0.9090909090909091,0.0,0.0,0.0
64,18,40,41,11,1,0,10,0,0.9090909090909091,0.0,0.0,0.0
64,18,40,41,12,6,0,5,0,2.727272727272727,0.0,0.0,0.0
64,18,40,41,13,2,0,4,0,1.3333333333333333,0.0,0.0,0.0
64,18,40,41,14,1,0,3,0,0.75,0.0,0.0,0.0
64,18,40,41,27,2,2,1,0,0.6666666666666666,1.0,0.0,1.0
64,18,40,41,28,1,0,3,0,0.75,0.0,0.0,0.0
64,18,40,41,29,8,6,4,0,2.6666666666666665,0.75,0.0,0.75
64,18,48,49,8,3,0,12,0,2.4,0.0,0.0,0.0
64,18,48,49,10,2,0,13,0,1.7333333333333334,0.0,0.0,0.0
64,18,48,49,12,1,0,14,0,0.9333333333333333,0.0,0.0,0.0
64,18,48,49,18,2,0,3,0,1.2,0.0,0.0,0.0
64,18,48,49,32,1,0,1,0,0.5,0.0,0.0,0.0
64,18,48,49,33,11,11,3,0,2.357142857142857,1.0,0.0,1.0
64,18,48,49,34,2,0,14,0,1.75,0.0,0.0,0.0
64,18,48,49,35,6,3,16,0,4.363636363636363,0.5,0.0,0.5
64,18,56,57,11,2,0,18,0,1.8,0.0,0.0,0.0
64,18,56,57,12,2,0,17,0,1.7894736842105263,0.0,0.0,0.0
64,18,56,57,13,2,0,15,0,1.7647058823529411,0.0,0.0,0.0
64,18,56,57,14,3,0,12,0,2.4,0.0,0.0,0.0
64,18,56,57,15,1,0,10,0,0.9090909090909091,0.0,0.0,0.0
64,18,56,57,16,1,0,8,0,0.8888888888888888,0.0,0.0,0.0
64,18,56,57,20,1,0,3,0,0.75,0.0,0.0,0.0
64,18,56,57,35,2,2,1,0,0.6666666666666666,1.0,0.0,1.0
64,18,56,57,37,6,4,3,0,2.0,0.6666666666666666,0.0,0.6666666666666666
64,18,56,57,38,3,0,9,0,2.25,0.0,0.0,0.0
64,18,56,57,39,10,4,12,0,5.454545454545454,0.4,0.0,0.4
64,18,64,65,13,1,0,20,0,0.9523809523809523,0.0,0.0,0.0
64,18,64,65,14,2,0,18,0,1.8,0.0,0.0,0.0
64,18,64,65,15,2,0,16,0,1.7777777777777777,0.0,0.0,0.0
64,18,64,65,16,4,0,12,0,3.0,0.0,0.0,0.0
64,18,64,65,17,2,0,10,0,1.6666666666666667,0.0,0.0,0.0
64,18,64,65,18,5,0,6,0,2.727272727272727,0.0,0.0,0.0
64,18,64,65,19,2,0,5,0,1.4285714285714286,0.0,0.0,0.0
64,18,64,65,20,3,0,4,0,1.7142857142857142,0.0,0.0,0.0
64,18,64,65,21,2,0,2,0,1.0,0.0,0.0,0.0
64,18,64,65,22,2,0,1,0,0.6666666666666666,0.0,0.0,0.0
64,18,64,65,38,1,0,1,0,0.5,0.0,0.0,0.0
64,18,64,65,39,1,1,2,0,0.6666666666666666,1.0,0.0,1.0
64,18,64,65,40,1,0,3,0,0.75,0.0,0.0,0.0
64,18,64,65,41,3,2,3,0,1.5,0.6666666666666666,0.0,0.6666666666666666
64,18,64,65,42,3,0,5,0,1.875,0.0,0.0,0.0
64,18,64,65,43,5,2,6,0,2.727272727272727,0.4,0.0,0.4
64,18,64,65,44,2,0,9,0,1.6363636363636365,0.0,0.0,0.0
64,18,64,65,45,8,4,9,0,4.235294117647059,0.5,0.0,0.5
64,18,72,73,16,1,0,20,0,0.9523809523809523,0.0,0.0,0.0
64,18,72,73,18,1,0,18,0,0.9473684210526315,0.0,0.0,0.0
64,18,72,73,20,4,0,15,0,3.1578947368421053,0.0,0.0,0.0
64,18,72,73,21,1,0,14,0,0.9333333333333333,0.0,0.0,0.0
64,18,72,73,22,5,0,10,0,3.3333333333333335,0.0,0.0,0.0
64,18,72,73,23,2,0,8,0,1.6,0.0,0.0,0.0
64,18,72,73,24,8,0,1,0,0.8888888888888888,0.0,0.0,0.0
64,18,72,73,25,2,0,1,0,0.6666666666666666,0.0,0.0,0.0
64,18,72,73,26,2,0,1,0,0.6666666666666666,0.0,0.0,0.0
64,18,72,73,27,2,0,1,0,0.6666666666666666,0.0,0.0,0.0
64,18,72,73,46,1,0,1,0,0.5,0.0,0.0,0.0
64,18,72,73,47,2,1,1,0,0.6666666666666666,0.5,0.0,0.5
64,18,72,73,48,1,0,2,0,0.6666666666666666,0.0,0.0,0.0
64,18,72,73,49,6,5,2,0,1.5,0.8333333333333334,0.0,0.8333333333333334
64,18,72,73,50,2,0,6,0,1.5,0.0,0.0,0.0
64,18,72,73,51,2,0,6,0,1.5,0.0,0.0,0.0
64,18,80,81,24,2,0,15,0,1.7647058823529411,0.0,0.0,0.0
64,18,80,81,26,2,0,11,0,1.6923076923076923,0.0,0.0,0.0
64,18,80,81,28,4,0,5,0,2.2222222222222223,0.0,0.0,0.0
64,18,80,81,29,1,0,5,0,0.8333333333333334,0.0,0.0,0.0
64,18,80,81,30,4,0,2,0,1.3333333333333333,0.0,0.0,0.0
64,18,80,81,31,3,0,1,0,0.75,0.0,0.0,0.0
64,18,80,81,32,2,0,1,0,0.6666666666666666,0.0,0.0,0.0
64,18,80,81,33,2,0,1,0,0.6666666666666666,0.0,0.0,0.0
64,18,88,89,26,1,0,14,0,0.9333333333333333,0.0,0.0,0.0
64,18,88,89,28,2,0,10,0,1.6666666666666667,0.0,0.0,0.0
64,18,88,89,30,2,0,8,0,1.6,0.0,0.0,0.0
64,18,88,89,31,2,0,8,0,1.6,0.0,0.0,0.0
64,18,88,89,32,3,0,6,0,2.0,0.0,0.0,0.0
64,18,88,89,33,1,0,6,0,0.8571428571428571,0.0,0.0,0.0
64,18,88,89,34,2,0,5,0,1.4285714285714286,0.0,0.0,0.0
64,18,88,89,36,4,0,2,0,1.3333333333333333,0.0,0.0,0.0
64,18,96,97,33,1,0,17,0,0.9444444444444444,0.0,0.0,0.0
64,18,96,97,34,1,0,18,0,0.9473684210526315,0.0,0.0,0.0
64,18,96,97,35,2,0,18,0,1.8,0.0,0.0,0.0
64,18,96,97,36,2,0,17,0,1.7894736842105263,0.0,0.0,0.0
64,18,96,97,37,2,0,15,0,1.7647058823529411,0.0,0.0,0.0
64,18,96,97,38,8,0,8,0,4.0,0.0,0.0,0.0
64,18,96,97,39,1,0,8,0,0.8888888888888888,0.0,0.0,0.0
64,18,96,97,40,5,0,5,0,2.5,0.0,0.0,0.0
64,18,96,97,41,1,0,6,0,0.8571428571428571,0.0,0.0,0.0
64,18,96,97,42,6,0,2,0,1.5,0.0,0.0,0.0
64,18,96,97,43,1,0,3,0,0.75,0.0,0.0,0.0
64,18,96,97,44,7,1,1,0,0.875,0.14285714285714285,0.0,0.14285714285714285
64,18,96,97,45,1,0,3,0,0.75,0.0,0.0,0.0
64,18,96,97,46,3,0,2,0,1.2,0.0,0.0,0.0
64,18,96,97,47,1,0,2,0,0.6666666666666666,0.0,0.0,0.0
64,18,96,97,48,2,0,1,0,0.6666666666666666,0.0,0.0,0.0
64,18,96,97,49,1,0,1,0,0.5,0.0,0.0,0.0
64,18,104,105,34,1,0,19,0,0.95,0.0,0.0,0.0
64,18,104,105,36,1,0,21,0,0.9545454545454546,0.0,0.0,0.0
64,18,104,105,38,1,0,20,0,0.9523809523809523,0.0,0.0,0.0
64,18,104,105,40,1,0,18,0,0.9473684210526315,0.0,0.0,0.0
64,18,104,105,42,1,0,17,0,0.9444444444444444,0.0,0.0,0.0
64,18,104,105,43,1,0,16,0,0.9411764705882353,0.0,0.0,0.0
64,18,104,105,44,1,0,15,0,0.9375,0.0,0.0,0.0
64,18,104,105,45,3,0,12,0,2.4,0.0,0.0,0.0
64,18,104,105,46,1,0,12,0,0.9230769230769231,0.0,0.0,0.0
64,18,104,105,48,2,0,11,0,1.6923076923076923,0.0,0.0,0.0
64,18,104,105,50,1,0,8,0,0.8888888888888888,0.0,0.0,0.0
64,18,104,105,51,1,0,6,0,0.8571428571428571,0.0,0.0,0.0
64,18,104,105,52,3,0,2,0,1.2,0.0,0.0,0.0
64,18,112,113,39,1,0,21,0,0.9545454545454546,0.0,0.0,0.0
64,18,112,113,40,1,0,20,0,0.9523809523809523,0.0,0.0,0.0
64,18,112,113,42,1,0,19,0,0.95,0.0,0.0,0.0
64,19,16,17,14,2,0,3,0,1.2,0.0,0.0,0.0
64,19,16,17,15,5,0,5,0,2.5,0.0,0.0,0.0
64,19,24,25,17,4,4,1,0,0.8,1.0,0.0,1.0
64,19,24,25,18,1,0,4,0,0.8,0.0,0.0,0.0
64,19,24,25,19,10,7,4,0,2.857142857142857,0.7,0.0,0.7
64,19,32,33,24,4,0,3,0,1.7142857142857142,0.0,0.0,0.0
64,19,32,33,25,9,5,5,0,3.2142857142857144,0.5555555555555556,0.0,0.5555555555555556
64,19,40,41,30,2,0,2,0,1.0,0.0,0.0,0.0
64,19,40,41,31,3,0,2,0,1.2,0.0,0.0,0.0
64,19,80,81,3,1,0,11,0,0.9166666666666666,0.0,0.0,0.0
64,19,80,81,4,1,0,14,0,0.9333333333333333,0.0,0.0,0.0
64,19,80,81,5,1,0,17,0,0.9444444444444444,0.0,0.0,0.0
64,19,80,81,6,2,0,19,0,1.8095238095238095,0.0,0.0,0.0
64,19,80,81,7,1,0,21,0,0.9545454545454546,0.0,0.0,0.0
64,19,80,81,8,7,0,15,0,4.7727272727272725,0.0,0.0,0.0
64,19,80,81,9,2,0,13,0,1.7333333333333334,0.0,0.0,0.0
64,19,80,81,10,6,0,6,0,3.0,0.0,0.0,0.0
64,19,88,89,9,1,0,19,0,0.95,0.0,0.0,0.0
64,19,96,97,10,1,0,16,0,0.9411764705882353,0.0,0.0,0.0
64,19,104,105,10,1,0,16,0,0.9411764705882353,0.0,0.0,0.0
64,19,112,113,10,1,0,16,0,0.9411764705882353,0.0,0.0,0.0
64,19,120,121,11,1,0,12,0,0.9230769230769231,0.0,0.0,0.0
64,19,128,129,11,1,0,12,0,0.9230769230769231,0.0,0.0,0.0
64,19,128,129,12,1,0,9,0,0.9,0.0,0.0,0.0
64,19,128,129,13,3,0,5,0,1.875,0.0,0.0,0.0
64,19,128,129,14,2,0,4,0,1.3333333333333333,0.0,0.0,0.0
64,19,128,129,15,3,0,2,0,1.2,0.0,0.0,0.0
64,19,128,129,16,2,0,2,0,1.0,0.0,0.0,0.0
64,19,128,129,17,3,0,2,0,1.2,0.0,0.0,0.0
64,19,128,129,18,2,0,3,0,1.2,0.0,0.0,0.0
64,19,128,129,19,5,0,2,0,1.4285714285714286,0.0,0.0,0.0
64,19,128,129,20,2,0,4,0,1.3333333333333333,0.0,0.0,0.0
64,19,128,129,21,4,0,4,0,2.0,0.0,0.0,0.0
64,19,128,129,22,2,0,6,0,1.5,0.0,0.0,0.0
64,19,128,129,23,4,0,5,0,2.2222222222222223,0.0,0.0,0.0
64,19,128,129,24,2,0,6,0,1.5,0.0,0.0,0.0
64,19,136,137,11,1,0,12,0,0.9230769230769231,0.0,0.0,0.0
64,19,136,137,13,2,0,7,0,1.5555555555555556,0.0,0.0,0.0
64,19,136,137,14,3,0,6,0,2.0,0.0,0.0,0.0
64,19,136,137,15,3,0,5,0,1.875,0.0,0.0,0.0
64,19,136,137,16,2,0,6,0,1.5,0.0,0.0,0.0
64,19,136,137,17,3,0,6,0,2.0,0.0,0.0,0.0
64,19,136,137,18,2,0,7,0,1.5555555555555556,0.0,0.0,0.0
64,19,136,137,19,4,0,6,0,2.4,0.0,0.0,0.0
64,19,136,137,20,2,0,7,0,1.5555555555555556,0.0,0.0,0.0
64,19,136,137,21,3,0,7,0,2.1,0.0,0.0,0.0
64,19,136,137,22,2,0,8,0,1.6,0.0,0.0,0.0
64,19,136,137,23,3,0,8,0,2.1818181818181817,0.0,0.0,0.0
64,19,136,137,24,2,0,9,0,1.6363636363636365,0.0,0.0,0.0
64,19,136,137,25,3,0,9,0,2.25,0.0,0.0,0.0
64,19,136,137,26,3,0,9,0,2.25,0.0,0.0,0.0
64,19,136,137,27,3,0,9,0,2.25,0.0,0.0,0.0
64,19,136,137,29,5,0,4,0,2.2222222222222223,0.0,0.0,0.0
64,19,144,145,17,1,0,11,0,0.9166666666666666,0.0,0.0,0.0
64,19,144,145,19,1,0,12,0,0.9230769230769231,0.0,0.0,0.0
64,19,144,145,20,1,0,13,0,0.9285714285714286,0.0,0.0,0.0
64,19,144,145,25,1,0,13,0,0.9285714285714286,0.0,0.0,0.0
64,19,144,145,27,2,0,11,0,1.6923076923076923,0.0,0.0,0.0
64,20,16,17,14,4,0,8,0,2.6666666666666665,0.0,0.0,0.0
64,20,16,17,15,3,0,10,0,2.3076923076923075,0.0,0.0,0.0
64,20,48,49,4,3,0,1,0,0.75,0.0,0.0,0.0
64,20,48,49,6,3,0,4,0,1.7142857142857142,0.0,0.0,0.0
64,20,48,49,8,2,0,7,0,1.5555555555555556,0.0,0.0,0.0
64,20,48,49,9,2,0,7,0,1.5555555555555556,0.0,0.0,0.0
64,20,48,49,10,2,0,7,0,1.5555555555555556,0.0,0.0,0.0
64,20,48,49,12,2,0,9,0,1.6363636363636365,0.0,0.0,0.0
64,20,48,49,14,3,0,8,0,2.1818181818181817,0.0,0.0,0.0
64,20,48,49,15,2,0,6,0,1.5,0.0,0.0,0.0
64,20,48,49,16,2,0,4,0,1.3333333333333333,0.0,0.0,0.0
64,20,56,57,4,1,0,12,0,0.9230769230769231,0.0,0.0,0.0
64,20,56,57,5,1,0,13,0,0.9285714285714286,0.0,0.0,0.0
64,20,56,57,6,2,0,13,0,1.7333333333333334,0.0,0.0,0.0
64,20,56,57,8,1,0,13,0,0.9285714285714286,0.0,0.0,0.0
64,20,56,57,10,1,0,13,0,0.9285714285714286,0.0,0.0,0.0
64,20,56,57,11,1,0,13,0,0.9285714285714286,0.0,0.0,0.0
64,20,56,57,13,1,0,14,0,0.9333333333333333,0.0,0.0,0.0
64,20,56,57,14,1,0,13,0,0.9285714285714286,0.0,0.0,0.0
64,20,56,57,16,1,0,10,0,0.9090909090909091,0.0,0.0,0.0
64,20,64,65,8,1,0,17,0,0.9444444444444444,0.0,0.0,0.0
64,20,64,65,10,3,0,15,0,2.5,0.0,0.0,0.0
64,21,16,17,14,6,2,4,0,2.4,0.3333333333333333,0.0,0.3333333333333333
64,21,16,17,15,4,1,8,0,2.6666666666666665,0.25,0.0,0.25
64,21,40,41,28,1,0,2,0,0.6666666666666666,0.0,0.0,0.0
64,21,40,41,29,5,4,3,0,1.875,0.8,0.0,0.8
64,21,48,49,32,1,0,2,0,0.6666666666666666,0.0,0.0,0.0
64,21,48,49,33,6,4,2,0,1.5,0.6666666666666666,0.0,0.6666666666666666
64,21,48,49,34,1,0,8,0,0.8888888888888888,0.0,0.0,0.0
64,21,48,49,35,5,3,9,0,3.2142857142857144,0.6,0.0,0.6
64,21,56,57,40,3,0,10,0,2.3076923076923075,0.0,0.0,0.0
64,21,64,65,44,4,1,1,0,0.8,0.25,0.0,0.25
64,21,64,65,45,3,3,4,0,1.7142857142857142,1.0,0.0,1.0
64,21,72,73,51,1,0,1,0,0.5,0.0,0.0,0.0
64,21,80,81,5,1,0,2,0,0.6666666666666666,0.0,0.0,0.0
64,21,80,81,6,3,0,3,0,1.5,0.0,0.0,0.0
64,21,80,81,8,3,0,6,0,2.0,0.0,0.0,0.0
64,21,80,81,10,2,0,8,0,1.6,0.0,0.0,0.0
64,21,80,81,12,2,0,9,0,1.6363636363636365,0.0,0.0,0.0
64,21,80,81,14,2,0,6,0,1.5,0.0,0.0,0.0
64,21,80,81,16,1,0,3,0,0.75,0.0,0.0,0.0
64,21,80,81,17,1,0,2,0,0.6666666666666666,0.0,0.0,0.0
64,21,80,81,54,2,0,4,0,1.3333333333333333,0.0,0.0,0.0
64,21,88,89,2,3,0,5,0,1.875,0.0,0.0,0.0
64,21,88,89,4,3,0,8,0,2.1818181818181817,0.0,0.0,0.0
64,21,88,89,6,3,0,10,0,2.3076923076923075,0.0,0.0,0.0
64,21,88,89,8,3,0,11,0,2.357142857142857,0.0,0.0,0.0
64,21,88,89,10,2,0,12,0,1.7142857142857142,0.0,0.0,0.0
64,21,88,89,12,1,0,14,0,0.9333333333333333,0.0,0.0,0.0
64,21,88,89,14,1,0,12,0,0.9230769230769231,0.0,0.0,0.0
64,21,88,89,22,1,0,2,0,0.6666666666666666,0.0,0.0,0.0
64,21,88,89,54,1,0,3,0,0.75,0.0,0.0,0.0
64,21,88,89,55,3,1,5,0,1.875,0.3333333333333333,0.0,0.3333333333333333
64,21,88,89,59,1,0,15,0,0.9375,0.0,0.0,0.0
64,21,88,89,61,1,0,18,0,0.9473684210526315,0.0,0.0,0.0
64,21,88,89,62,1,0,21,0,0.9545454545454546,0.0,0.0,0.0
64,21,88,89,63,1,0,23,0,0.9583333333333334,0.0,0.0,0.0
64,21,88,89,64,1,0,27,0,0.9642857142857143,0.0,0.0,0.0
64,21,88,89,65,2,0,31,0,1.878787878787879,0.0,0.0,0.0
64,21,96,97,13,2,0,16,0,1.7777777777777777,0.0,0.0,0.0
64,21,96,97,14,1,0,13,0,0.9285714285714286,0.0,0.0,0.0
64,21,96,97,23,1,0,2,0,0.6666666666666666,0.0,0.0,0.0
64,21,96,97,54,1,0,2,0,0.6666666666666666,0.0,0.0,0.0
64,21,96,97,55,1,0,4,0,0.8,0.0,0.0,0.0
64,21,96,97,56,1,0,6,0,0.8571428571428571,0.0,0.0,0.0
64,21,96,97,57,1,0,8,0,0.8888888888888888,0.0,0.0,0.0
64,21,96,97,58,1,0,10,0,0.9090909090909091,0.0,0.0,0.0
64,21,96,97,59,2,1,12,0,1.7142857142857142,0.5,0.0,0.5
64,21,96,97,60,1,0,15,0,0.9375,0.0,0.0,0.0
64,21,96,97,61,4,2,16,0,3.2,0.5,0.0,0.5
64,21,96,97,63,5,3,20,0,4.0,0.6,0.0,0.6
64,21,96,97,65,3,1,29,0,2.71875,0.3333333333333333,0.0,0.3333333333333333
64,21,96,97,66,1,0,33,0,0.9705882352941176,0.0,0.0,0.0
64,21,96,97,67,1,0,35,0,0.9722222222222222,0.0,0.0,0.0
64,21,104,105,23,1,0,2,0,0.6666666666666666,0.0,0.0,0.0
64,21,104,105,54,1,0,2,0,0.6666666666666666,0.0,0.0,0.0
64,21,104,105,55,1,0,4,0,0.8,0.0,0.0,0.0
64,21,104,105,56,1,0,6,0,0.8571428571428571,0.0,0.0,0.0
64,21,104,105,57,1,0,8,0,0.8888888888888888,0.0,0.0,0.0
64,21,104,105,58,1,0,10,0,0.9090909090909091,0.0,0.0,0.0
64,21,104,105,59,1,0,12,0,0.9230769230769231,0.0,0.0,0.0
64,21,104,105,60,1,0,14,0,0.9333333333333333,0.0,0.0,0.0
64,21,104,105,61,1,0,16,0,0.9411764705882353,0.0,0.0,0.0
64,21,104,105,62,2,0,18,0,1.8,0.0,0.0,0.0
64,21,104,105,63,1,0,21,0,0.9545454545454546,0.0,0.0,0.0
64,21,104,105,64,1,0,25,0,0.9615384615384616,0.0,0.0,0.0
64,21,104,105,65,1,0,29,0,0.9666666666666667,0.0,0.0,0.0
64,21,104,105,66,1,0,33,0,0.9705882352941176,0.0,0.0,0.0
64,21,104,105,67,1,0,35,0,0.9722222222222222,0.0,0.0,0.0
64,21,112,113,23,1,0,2,0,0.6666666666666666,0.0,0.0,0.0
64,21,112,113,54,1,0,2,0,0.6666666666666666,0.0,0.0,0.0
64,21,112,113,55,3,0,4,0,1.7142857142857142,0.0,0.0,0.0
64,21,112,113,57,1,0,11,0,0.9166666666666666,0.0,0.0,0.0
64,21,112,113,59,2,0,14,0,1.75,0.0,0.0,0.0
64,21,112,113,61,2,0,17,0,1.7894736842105263,0.0,0.0,0.0
64,21,112,113,62,1,0,21,0,0.9545454545454546,0.0,0.0,0.0
64,21,112,113,63,2,0,23,0,1.84,0.0,0.0,0.0
64,21,112,113,65,1,0,30,0,0.967741935483871,0.0,0.0,0.0
64,21,112,113,66,1,0,34,0,0.9714285714285714,0.0,0.0,0.0
64,21,120,121,23,1,0,2,0,0.6666666666666666,0.0,0.0,0.0
64,21,128,129,24,1,0,1,0,0.5,0.0,0.0,0.0
64,21,128,129,42,1,0,1,0,0.5,0.0,0.0,0.0
64,21,128,129,43,1,0,1,0,0.5,0.0,0.0,0.0
64,21,128,129,44,1,0,1,0,0.5,0.0,0.0,0.0
64,21,128,129,45,1,0,1,0,0.5,0.0,0.0,0.0
64,21,128,129,46,1,0,1,0,0.5,0.0,0.0,0.0
64,21,128,129,47,1,0,1,0,0.5,0.0,0.0,0.0
64,21,128,129,48,1,0,1,0,0.5,0.0,0.0,0.0
64,21,128,129,49,1,0,1,0,0.5,0.0,0.0,0.0
64,21,128,129,50,1,0,1,0,0.5,0.0,0.0,0.0
64,21,136,137,25,2,0,1,0,0.6666666666666666,0.0,0.0,0.0
64,21,136,137,29,2,0,1,0,0.6666666666666666,0.0,0.0,0.0
64,21,136,137,30,2,0,1,0,0.6666666666666666,0.0,0.0,0.0
64,21,136,137,31,2,0,1,0,0.6666666666666666,0.0,0.0,0.0
64,21,136,137,40,1,0,2,0,0.6666666666666666,0.0,0.0,0.0
64,21,136,137,41,2,0,1,0,0.6666666666666666,0.0,0.0,0.0
64,21,136,137,42,1,0,2,0,0.6666666666666666,0.0,0.0,0.0
64,21,136,137,43,1,0,2,0,0.6666666666666666,0.0,0.0,0.0
64,21,136,137,44,1,0,2,0,0.6666666666666666,0.0,0.0,0.0
64,21,136,137,45,1,0,2,0,0.6666666666666666,0.0,0.0,0.0
64,21,136,137,46,2,0,2,0,1.0,0.0,0.0,0.0
64,21,136,137,47,1,0,3,0,0.75,0.0,0.0,0.0
64,21,136,137,48,1,0,3,0,0.75,0.0,0.0,0.0
64,21,144,145,25,2,0,1,0,0.6666666666666666,0.0,0.0,0.0
64,21,144,145,26,2,0,1,0,0.6666666666666666,0.0,0.0,0.0
64,21,144,145,27,2,0,1,0,0.6666666666666666,0.0,0.0,0.0
64,21,144,145,28,2,0,1,0,0.6666666666666666,0.0,0.0,0.0
64,21,144,145,29,2,0,1,0,0.6666666666666666,0.0,0.0,0.0
64,21,144,145,30,2,0,1,0,0.6666666666666666,0.0,0.0,0.0
64,21,144,145,31,2,0,1,0,0.6666666666666666,0.0,0.0,0.0
64,21,144,145,32,2,0,1,0,0.6666666666666666,0.0,0.0,0.0
64,21,144,145,33,2,0,1,0,0.6666666666666666,0.0,0.0,0.0
64,21,144,145,34,2,0,1,0,0.6666666666666666,0.0,0.0,0.0
64,21,144,145,35,2,0,1,0,0.6666666666666666,0.0,0.0,0.0
64,21,144,145,36,1,0,2,0,0.6666666666666666,0.0,0.0,0.0
64,21,144,145,37,3,0,1,0,0.75,0.0,0.0,0.0
64,21,144,145,38,1,0,3,0,0.75,0.0,0.0,0.0
64,21,144,145,39,4,0,2,0,1.3333333333333333,0.0,0.0,0.0
64,21,144,145,40,1,0,4,0,0.8,0.0,0.0,0.0
64,21,144,145,41,3,0,3,0,1.5,0.0,0.0,0.0
64,21,144,145,42,2,0,4,0,1.3333333333333333,0.0,0.0,0.0
64,21,144,145,43,5,1,4,0,2.2222222222222223,0.2,0.0,0.2
64,21,152,153,25,2,0,1,0,0.6666666666666666,0.0,0.0,0.0
64,21,152,153,26,1,0,2,0,0.6666666666666666,0.0,0.0,0.0
64,21,152,153,27,2,0,2,0,1.0,0.0,0.0,0.0
64,21,152,153,28,2,0,2,0,1.0,0.0,0.0,0.0
64,21,152,153,29,2,0,2,0,1.0,0.0,0.0,0.0
64,21,152,153,30,1,0,3,0,0.75,0.0,0.0,0.0
64,21,152,153,31,2,0,3,0,1.2,0.0,0.0,0.0
64,21,152,153,32,1,0,4,0,0.8,0.0,0.0,0.0
64,21,152,153,33,1,0,4,0,0.8,0.0,0.0,0.0
64,21,152,153,35,1,1,5,0,0.8333333333333334,1.0,0.0,1.0
64,21,152,153,37,3,0,6,0,2.0,0.0,0.0,0.0
64,21,152,153,38,1,0,8,0,0.8888888888888888,0.0,0.0,0.0
64,21,152,153,39,5,0,7,0,2.9166666666666665,0.0,0.0,0.0
64,21,152,153,40,2,0,9,0,1.6363636363636365,0.0,0.0,0.0
64,21,152,153,41,3,0,8,0,2.1818181818181817,0.0,0.0,0.0
64,21,152,153,88,2,0,7,0,1.5555555555555556,0.0,0.0,0.0
64,21,152,153,89,2,1,8,0,1.6,0.5,0.0,0.5
64,21,152,153,90,2,0,8,0,1.6,0.0,0.0,0.0
64,21,152,153,91,2,1,11,0,1.6923076923076923,0.5,0.0,0.5
64,21,152,153,92,1,0,14,0,0.9333333333333333,0.0,0.0,0.0
64,21,152,153,93,2,0,16,0,1.7777777777777777,0.0,0.0,0.0
64,21,152,153,94,2,0,19,0,1.8095238095238095,0.0,0.0,0.0
64,21,152,153,95,2,0,20,0,1.8181818181818181,0.0,0.0,0.0
64,21,152,153,96,2,0,20,0,1.8181818181818181,0.0,0.0,0.0
64,21,152,153,97,2,0,20,0,1.8181818181818181,0.0,0.0,0.0
64,21,152,153,98,1,0,20,0,0.9523809523809523,0.0,0.0,0.0
64,21,152,153,99,2,1,20,0,1.8181818181818181,0.5,0.0,0.5
64,21,152,153,100,2,0,20,0,1.8181818181818181,0.0,0.0,0.0
64,21,152,153,101,2,1,22,0,1.8333333333333333,0.5,0.0,0.5
64,21,160,161,26,1,0,4,0,0.8,0.0,0.0,0.0
64,21,160,161,27,1,0,4,0,0.8,0.0,0.0,0.0
64,21,160,161,29,1,0,5,0,0.8333333333333334,0.0,0.0,0.0
64,21,160,161,31,1,0,6,0,0.8571428571428571,0.0,0.0,0.0
64,21,160,161,32,1,0,6,0,0.8571428571428571,0.0,0.0,0.0
64,21,160,161,33,1,0,6,0,0.8571428571428571,0.0,0.0,0.0
64,21,160,161,35,4,1,7,0,2.5454545454545454,0.25,0.0,0.25
64,21,160,161,36,1,0,11,0,0.9166666666666666,0.0,0.0,0.0
64,21,160,161,37,4,0,12,0,3.0,0.0,0.0,0.0
64,21,160,161,90,2,0,10,0,1.6666666666666667,0.0,0.0,0.0
64,21,160,161,91,3,0,11,0,2.357142857142857,0.0,0.0,0.0
64,21,160,161,92,1,0,14,0,0.9333333333333333,0.0,0.0,0.0
64,21,160,161,93,2,0,16,0,1.7777777777777777,0.0,0.0,0.0
64,21,160,161,94,2,0,19,0,1.8095238095238095,0.0,0.0,0.0
64,21,160,161,95,2,0,20,0,1.8181818181818181,0.0,0.0,0.0
64,21,160,161,96,2,0,20,0,1.8181818181818181,0.0,0.0,0.0
64,21,160,161,97,2,0,20,0,1.8181818181818181,0.0,0.0,0.0
64,21,160,161,98,2,0,19,0,1.8095238095238095,0.0,0.0,0.0
64,21,160,161,99,1,0,20,0,0.9523809523809523,0.0,0.0,0.0
64,21,160,161,100,1,0,20,0,0.9523809523809523,0.0,0.0,0.0
64,21,160,161,101,1,0,22,0,0.9565217391304348,0.0,0.0,0.0
64,21,160,161,102,1,0,24,0,0.96,0.0,0.0,0.0
64,21,168,169,29,1,0,7,0,0.875,0.0,0.0,0.0
64,21,168,169,31,1,0,8,0,0.8888888888888888,0.0,0.0,0.0
64,21,168,169,32,1,0,9,0,0.9,0.0,0.0,0.0
64,21,168,169,33,2,0,10,0,1.6666666666666667,0.0,0.0,0.0
64,21,168,169,95,2,0,23,0,1.84,0.0,0.0,0.0
64,21,168,169,96,1,0,23,0,0.9583333333333334,0.0,0.0,0.0
64,21,168,169,97,2,0,22,0,1.8333333333333333,0.0,0.0,0.0
64,21,168,169,98,2,0,21,0,1.826086956521739,0.0,0.0,0.0
64,21,168,169,99,3,0,20,0,2.608695652173913,0.0,0.0,0.0
64,21,168,169,100,2,0,19,0,1.8095238095238095,0.0,0.0,0.0
64,21,168,169,101,1,0,21,0,0.9545454545454546,0.0,0.0,0.0
64,21,168,169,102,1,0,23,0,0.9583333333333334,0.0,0.0,0.0
64,21,168,169,103,1,0,26,0,0.9629629629629629,0.0,0.0,0.0
64,21,176,177,93,3,2,18,0,2.5714285714285716,0.6666666666666666,0.0,0.6666666666666666
64,21,176,177,95,2,0,22,0,1.8333333333333333,0.0,0.0,0.0
64,21,176,177,96,2,0,23,0,1.84,0.0,0.0,0.0
64,21,176,177,101,2,1,22,0,1.8333333333333333,0.5,0.0,0.5
64,21,176,177,103,2,1,25,0,1.8518518518518519,0.5,0.0,0.5
64,21,184,185,91,2,2,13,0,1.7333333333333334,1.0,0.0,1.0
64,21,184,185,93,2,0,18,0,1.8,0.0,0.0,0.0
64,21,184,185,95,2,0,22,0,1.8333333333333333,0.0,0.0,0.0
64,21,184,185,96,1,0,23,0,0.9583333333333334,0.0,0.0,0.0
64,21,184,185,97,1,0,24,0,0.96,0.0,0.0,0.0
64,21,184,185,101,2,0,22,0,1.8333333333333333,0.0,0.0,0.0
64,21,184,185,102,1,0,23,0,0.9583333333333334,0.0,0.0,0.0
64,21,184,185,103,3,1,23,0,2.6538461538461537,0.3333333333333333,0.0,0.3333333333333333
64,21,184,185,105,3,2,27,0,2.7,0.6666666666666666,0.0,0.6666666666666666
64,21,192,193,93,1,0,20,0,0.9523809523809523,0.0,0.0,0.0
64,21,192,193,95,1,0,24,0,0.96,0.0,0.0,0.0
64,21,192,193,103,2,0,25,0,1.8518518518518519,0.0,0.0,0.0
64,21,192,193,104,2,0,25,0,1.8518518518518519,0.0,0.0,0.0
64,21,192,193,105,1,0,27,0,0.9642857142857143,0.0,0.0,0.0
64,21,192,193,107,1,1,30,0,0.967741935483871,1.0,0.0,1.0
64,22,16,17,14,16,1,7,0,4.869565217391305,0.0625,0.0,0.0625
64,22,16,17,15,5,0,24,0,4.137931034482759,0.0,0.0,0.0
64,22,24,25,19,30,28,3,0,2.727272727272727,0.9333333333333333,0.0,0.9333333333333333
64,22,24,25,20,1,0,35,0,0.9722222222222222,0.0,0.0,0.0
64,22,32,33,22,1,0,6,0,0.8571428571428571,0.0,0.0,0.0
64,22,32,33,23,9,8,9,0,4.5,0.8888888888888888,0.0,0.8888888888888888
64,22,32,33,24,11,2,19,0,6.966666666666667,0.18181818181818182,0.0,0.18181818181818182
64,22,32,33,25,27,14,30,0,14.210526315789474,0.5185185185185185,0.0,0.5185185185185185
64,22,40,41,23,3,2,1,0,0.75,0.6666666666666666,0.0,0.6666666666666666
64,22,40,41,24,2,0,4,0,1.3333333333333333,0.0,0.0,0.0
64,22,40,41,25,5,3,6,0,2.727272727272727,0.6,0.0,0.6
64,22,40,41,29,19,19,14,0,8.06060606060606,1.0,0.0,1.0
64,22,40,41,30,7,0,29,0,5.638888888888889,0.0,0.0,0.0
64,22,40,41,31,12,3,33,0,8.8,0.25,0.0,0.25
64,22,48,49,26,2,0,1,0,0.6666666666666666,0.0,0.0,0.0
64,22,48,49,27,4,3,2,0,1.3333333333333333,0.75,0.0,0.75
64,22,48,49,28,1,0,4,0,0.8,0.0,0.0,0.0
64,22,48,49,29,7,4,3,0,2.1,0.5714285714285714,0.0,0.5714285714285714
64,22,48,49,30,3,0,8,0,2.1818181818181817,0.0,0.0,0.0
64,22,48,49,31,5,2,9,0,3.2142857142857144,0.4,0.0,0.4
64,22,48,49,32,4,0,12,0,3.0,0.0,0.0,0.0
64,22,48,49,33,3,0,15,0,2.5,0.0,0.0,0.0
64,22,48,49,35,13,13,17,0,7.366666666666666,1.0,0.0,1.0
64,22,56,57,34,4,0,4,0,2.0,0.0,0.0,0.0
64,22,56,57,35,7,4,6,0,3.230769230769231,0.5714285714285714,0.0,0.5714285714285714
64,22,56,57,36,3,0,11,0,2.357142857142857,0.0,0.0,0.0
64,22,56,57,37,2,1,12,0,1.7142857142857142,0.5,0.0,0.5
64,22,56,57,38,1,0,12,0,0.9230769230769231,0.0,0.0,0.0
64,22,56,57,39,3,2,11,0,2.357142857142857,0.6666666666666666,0.0,0.6666666666666666
64,22,64,65,36,1,0,1,0,0.5,0.0,0.0,0.0
64,22,64,65,37,2,2,2,0,1.0,1.0,0.0,1.0
64,22,64,65,38,1,0,4,0,0.8,0.0,0.0,0.0
64,22,64,65,39,5,4,5,0,2.5,0.8,0.0,0.8
64,22,64,65,40,1,0,8,0,0.8888888888888888,0.0,0.0,0.0
64,22,64,65,41,3,1,8,0,2.1818181818181817,0.3333333333333333,0.0,0.3333333333333333
64,22,64,65,42,2,0,11,0,1.6923076923076923,0.0,0.0,0.0
64,22,64,65,43,3,1,13,0,2.4375,0.3333333333333333,0.0,0.3333333333333333
64,22,64,65,44,2,0,16,0,1.7777777777777777,0.0,0.0,0.0
64,22,64,65,45,3,2,17,0,2.55,0.6666666666666666,0.0,0.6666666666666666
64,22,72,73,41,3,2,1,0,0.75,0.6666666666666666,0.0,0.6666666666666666
64,22,72,73,42,2,0,4,0,1.3333333333333333,0.0,0.0,0.0
64,22,72,73,43,4,3,6,0,2.4,0.75,0.0,0.75
64,22,72,73,44,3,0,10,0,2.3076923076923075,0.0,0.0,0.0
64,22,72,73,45,3,3,12,0,2.4,1.0,0.0,1.0
64,22,72,73,46,2,0,14,0,1.75,0.0,0.0,0.0
64,22,72,73,47,3,1,15,0,2.5,0.3333333333333333,0.0,0.3333333333333333
64,22,72,73,48,1,0,17,0,0.9444444444444444,0.0,0.0,0.0
64,22,72,73,49,1,0,17,0,0.9444444444444444,0.0,0.0,0.0
64,22,72,73,50,1,0,17,0,0.9444444444444444,0.0,0.0,0.0
64,22,72,73,51,2,1,17,0,1.7894736842105263,0.5,0.0,0.5
64,22,72,73,52,1,0,18,0,0.9473684210526315,0.0,0.0,0.0
64,22,80,81,45,1,0,1,0,0.5,0.0,0.0,0.0
64,22,80,81,46,1,0,2,0,0.6666666666666666,0.0,0.0,0.0
64,22,80,81,47,1,0,3,0,0.75,0.0,0.0,0.0
64,22,80,81,48,1,0,4,0,0.8,0.0,0.0,0.0
64,22,80,81,49,6,5,5,0,2.727272727272727,0.8333333333333334,0.0,0.8333333333333334
64,22,80,81,50,2,0,10,0,1.6666666666666667,0.0,0.0,0.0
64,22,80,81,51,5,4,11,0,3.4375,0.8,0.0,0.8
64,22,80,81,52,2,0,15,0,1.7647058823529411,0.0,0.0,0.0
64,22,80,81,53,1,1,16,0,0.9411764705882353,1.0,0.0,1.0
64,22,80,81,54,1,0,15,0,0.9375,0.0,0.0,0.0
64,22,88,89,47,1,1,1,0,0.5,1.0,0.0,1.0
64,22,88,89,49,2,2,2,1,1.0,1.0,0.5,0.5
64,22,88,89,51,5,4,1,0,0.8333333333333334,0.8,0.0,0.8
64,22,88,89,52,1,0,4,0,0.8,0.0,0.0,0.0
64,22,88,89,53,4,3,4,0,2.0,0.75,0.0,0.75
64,22,88,89,54,1,0,6,0,0.8571428571428571,0.0,0.0,0.0
64,22,88,89,55,4,3,5,0,2.2222222222222223,0.75,0.0,0.75
64,22,88,89,56,1,0,8,0,0.8888888888888888,0.0,0.0,0.0
64,22,88,89,57,2,1,8,0,1.6,0.5,0.0,0.5
64,22,96,97,61,2,2,1,0,0.6666666666666666,1.0,0.0,1.0
64,22,96,97,63,2,1,1,0,0.6666666666666666,0.5,0.0,0.5
64,22,104,105,21,1,0,2,0,0.6666666666666666,0.0,0.0,0.0
64,22,104,105,22,1,0,3,0,0.75,0.0,0.0,0.0
64,22,104,105,24,2,0,3,0,1.2,0.0,0.0,0.0
64,22,104,105,25,1,0,4,0,0.8,0.0,0.0,0.0
64,22,104,105,26,2,0,4,0,1.3333333333333333,0.0,0.0,0.0
64,22,104,105,28,3,0,4,0,1.7142857142857142,0.0,0.0,0.0
64,22,104,105,30,2,0,4,0,1.3333333333333333,0.0,0.0,0.0
64,22,112,113,20,2,0,9,0,1.6363636363636365,0.0,0.0,0.0
64,22,112,113,21,2,0,12,0,1.7142857142857142,0.0,0.0,0.0
64,22,112,113,22,6,0,13,0,4.105263157894737,0.0,0.0,0.0
64,22,112,113,23,2,0,18,0,1.8,0.0,0.0,0.0
64,22,112,113,24,5,0,18,0,3.9130434782608696,0.0,0.0,0.0
64,22,112,113,26,5,0,20,0,4.0,0.0,0.0,0.0
64,22,112,113,27,1,0,21,0,0.9545454545454546,0.0,0.0,0.0
64,22,112,113,28,3,0,19,0,2.590909090909091,0.0,0.0,0.0
64,22,112,113,29,2,0,18,0,1.8,0.0,0.0,0.0
64,22,112,113,30,6,0,13,0,4.105263157894737,0.0,0.0,0.0
64,22,112,113,31,3,0,11,0,2.357142857142857,0.0,0.0,0.0
64,22,112,113,32,4,0,6,0,2.4,0.0,0.0,0.0
64,22,112,113,33,1,0,5,0,0.8333333333333334,0.0,0.0,0.0
64,22,120,121,14,3,0,1,0,0.75,0.0,0.0,0.0
64,22,120,121,16,2,0,5,0,1.4285714285714286,0.0,0.0,0.0
64,22,120,121,17,1,0,6,0,0.8571428571428571,0.0,0.0,0.0
64,22,120,121,18,2,0,7,0,1.5555555555555556,0.0,0.0,0.0
64,22,120,121,19,1,0,12,0,0.9230769230769231,0.0,0.0,0.0
64,22,120,121,24,2,0,26,0,1.8571428571428572,0.0,0.0,0.0
64,22,120,121,34,2,0,11,0,1.6923076923076923,0.0,0.0,0.0
64,22,120,121,36,5,0,2,0,1.4285714285714286,0.0,0.0,0.0
64,22,128,129,8,3,1,1,0,0.75,0.3333333333333333,0.0,0.3333333333333333
64,22,128,129,9,1,0,2,0,0.6666666666666666,0.0,0.0,0.0
64,22,128,129,10,3,0,2,0,1.2,0.0,0.0,0.0
64,22,128,129,11,1,0,4,0,0.8,0.0,0.0,0.0
64,22,128,129,12,2,0,6,0,1.5,0.0,0.0,0.0
64,22,128,129,13,1,0,8,0,0.8888888888888888,0.0,0.0,0.0
64,22,128,129,14,3,1,8,0,2.1818181818181817,0.3333333333333333,0.0,0.3333333333333333
64,22,128,129,15,2,0,9,0,1.6363636363636365,0.0,0.0,0.0
64,22,128,129,16,3,0,8,0,2.1818181818181817,0.0,0.0,0.0
64,22,128,129,17,1,0,9,0,0.9,0.0,0.0,0.0
64,22,128,129,18,1,0,9,0,0.9,0.0,0.0,0.0
64,22,136,137,2,1,0,3,0,0.75,0.0,0.0,0.0
64,22,136,137,3,1,0,4,0,0.8,0.0,0.0,0.0
64,22,136,137,5,1,0,7,0,0.875,0.0,0.0,0.0
64,22,136,137,6,2,0,7,0,1.5555555555555556,0.0,0.0,0.0
64,22,136,137,8,2,1,9,0,1.6363636363636365,0.5,0.0,0.5
64,22,136,137,9,2,0,10,0,1.6666666666666667,0.0,0.0,0.0
64,22,136,137,10,3,0,10,0,2.3076923076923075,0.0,0.0,0.0
64,22,136,137,11,2,0,10,0,1.6666666666666667,0.0,0.0,0.0
64,22,136,137,12,3,0,11,0,2.357142857142857,0.0,0.0,0.0
64,22,136,137,13,1,0,13,0,0.9285714285714286,0.0,0.0,0.0
64,22,136,137,14,3,0,13,0,2.4375,0.0,0.0,0.0
64,22,136,137,15,1,0,15,0,0.9375,0.0,0.0,0.0
64,22,136,137,16,3,0,14,0,2.4705882352941178,0.0,0.0,0.0
64,22,136,137,17,1,0,15,0,0.9375,0.0,0.0,0.0
64,22,136,137,18,1,0,14,0,0.9333333333333333,0.0,0.0,0.0
64,22,136,137,19,1,0,16,0,0.9411764705882353,0.0,0.0,0.0
64,22,136,137,20,2,0,16,0,1.7777777777777777,0.0,0.0,0.0
64,22,144,145,4,1,0,8,0,0.8888888888888888,0.0,0.0,0.0
64,22,144,145,6,1,0,11,0,0.9166666666666666,0.0,0.0,0.0
64,22,144,145,8,2,1,13,0,1.7333333333333334,0.5,0.0,0.5
64,22,144,145,10,1,0,15,0,0.9375,0.0,0.0,0.0
64,22,144,145,16,2,0,19,0,1.8095238095238095,0.0,0.0,0.0
64,22,144,145,18,2,0,18,0,1.8,0.0,0.0,0.0
64,22,144,145,19,1,0,20,0,0.9523809523809523,0.0,0.0,0.0
64,22,144,145,20,4,0,18,0,3.272727272727273,0.0,0.0,0.0
64,22,152,153,10,1,0,16,0,0.9411764705882353,0.0,0.0,0.0
64,22,152,153,14,1,0,20,0,0.9523809523809523,0.0,0.0,0.0
64,22,152,153,15,1,0,21,0,0.9545454545454546,0.0,0.0,0.0
64,22,152,153,16,2,0,21,0,1.826086956521739,0.0,0.0,0.0
64,22,152,153,18,2,0,22,0,1.8333333333333333,0.0,0.0,0.0
64,22,152,153,19,1,0,25,0,0.9615384615384616,0.0,0.0,0.0
64,22,152,153,20,6,0,25,0,4.838709677419355,0.0,0.0,0.0
64,22,152,153,21,1,0,28,0,0.9655172413793104,0.0,0.0,0.0
64,22,152,153,22,9,0,27,0,6.75,0.0,0.0,0.0
64,22,152,153,23,2,0,33,0,1.8857142857142857,0.0,0.0,0.0
64,22,152,153,24,7,1,32,0,5.743589743589744,0.14285714285714285,0.0,0.14285714285714285
64,22,152,153,25,2,0,35,0,1.8918918918918919,0.0,0.0,0.0
64,22,152,153,26,9,0,28,0,6.8108108108108105,0.0,0.0,0.0
64,22,152,153,27,1,0,27,0,0.9642857142857143,0.0,0.0,0.0
64,22,152,153,28,1,0,26,0,0.9629629629629629,0.0,0.0,0.0
64,22,152,153,29,1,0,25,0,0.9615384615384616,0.0,0.0,0.0
64,22,152,153,30,1,0,24,0,0.96,0.0,0.0,0.0
64,22,152,153,31,1,0,22,0,0.9565217391304348,0.0,0.0,0.0
64,22,152,153,46,1,0,2,0,0.6666666666666666,0.0,0.0,0.0
64,22,152,153,47,3,0,2,0,1.2,0.0,0.0,0.0
64,22,152,153,48,1,0,4,0,0.8,0.0,0.0,0.0
64,22,152,153,49,3,1,4,0,1.7142857142857142,0.3333333333333333,0.0,0.3333333333333333
64,22,152,153,51,2,0,5,0,1.4285714285714286,0.0,0.0,0.0
64,22,152,153,52,1,0,6,0,0.8571428571428571,0.0,0.0,0.0
64,22,152,153,53,1,0,6,0,0.8571428571428571,0.0,0.0,0.0
64,22,152,153,54,1,0,6,0,0.8571428571428571,0.0,0.0,0.0
64,22,152,153,55,3,0,4,0,1.7142857142857142,0.0,0.0,0.0
64,22,152,153,56,1,0,4,0,0.8,0.0,0.0,0.0
64,22,152,153,57,2,0,3,0,1.2,0.0,0.0,0.0
64,22,152,153,58,2,0,2,0,1.0,0.0,0.0,0.0
64,22,160,161,12,1,0,20,0,0.9523809523809523,0.0,0.0,0.0
64,22,160,161,14,1,1,25,0,0.9615384615384616,1.0,0.0,1.0
64,22,160,161,15,1,0,27,0,0.9642857142857143,0.0,0.0,0.0
64,22,160,161,16,1,0,28,0,0.9655172413793104,0.0,0.0,0.0
64,22,160,161,18,2,0,29,0,1.8709677419354838,0.0,0.0,0.0
64,22,160,161,20,1,0,34,0,0.9714285714285714,0.0,0.0,0.0
64,22,160,161,21,2,0,36,0,1.894736842105263,0.0,0.0,0.0
64,22,160,161,22,3,0,37,0,2.775,0.0,0.0,0.0
64,22,160,161,23,3,0,40,0,2.7906976744186047,0.0,0.0,0.0
64,22,160,161,24,3,0,42,0,2.8,0.0,0.0,0.0
64,22,160,161,25,7,0,40,0,5.957446808510638,0.0,0.0,0.0
64,22,160,161,26,3,0,38,0,2.7804878048780486,0.0,0.0,0.0
64,22,160,161,27,4,0,36,0,3.6,0.0,0.0,0.0
64,22,160,161,28,3,0,35,0,2.763157894736842,0.0,0.0,0.0
64,22,160,161,29,3,0,33,0,2.75,0.0,0.0,0.0
64,22,160,161,30,4,0,30,0,3.5294117647058822,0.0,0.0,0.0
64,22,160,161,31,3,0,27,0,2.7,0.0,0.0,0.0
64,22,160,161,32,7,0,19,0,5.115384615384615,0.0,0.0,0.0
64,22,160,161,33,1,0,16,0,0.9411764705882353,0.0,0.0,0.0
64,22,160,161,43,2,0,2,0,1.0,0.0,0.0,0.0
64,22,160,161,44,1,0,4,0,0.8,0.0,0.0,0.0
64,22,160,161,45,1,0,5,0,0.8333333333333334,0.0,0.0,0.0
64,22,160,161,46,1,0,6,0,0.8571428571428571,0.0,0.0,0.0
64,22,160,161,47,1,0,7,0,0.875,0.0,0.0,0.0
64,22,160,161,48,1,0,8,0,0.8888888888888888,0.0,0.0,0.0
64,22,160,161,49,2,0,8,0,1.6,0.0,0.0,0.0
64,22,160,161,50,1,0,9,0,0.9,0.0,0.0,0.0
64,22,160,161,51,1,0,9,0,0.9,0.0,0.0,0.0
64,22,160,161,52,2,0,9,0,1.6363636363636365,0.0,0.0,0.0
64,22,160,161,53,1,0,10,0,0.9090909090909091,0.0,0.0,0.0
64,22,160,161,54,1,0,10,0,0.9090909090909091,0.0,0.0,0.0
64,22,160,161,55,1,0,9,0,0.9,0.0,0.0,0.0
64,22,160,161,57,1,0,8,0,0.8888888888888888,0.0,0.0,0.0
64,22,168,169,21,2,0,38,0,1.9,0.0,0.0,0.0
64,22,168,169,22,3,1,39,0,2.7857142857142856,0.3333333333333333,0.0,0.3333333333333333
64,22,168,169,23,2,0,42,0,1.9090909090909092,0.0,0.0,0.0
64,22,168,169,24,3,0,44,0,2.8085106382978724,0.0,0.0,0.0
64,22,168,169,25,2,0,47,0,1.9183673469387754,0.0,0.0,0.0
64,22,168,169,26,4,0,42,0,3.652173913043478,0.0,0.0,0.0
64,22,168,169,27,3,0,39,0,2.7857142857142856,0.0,0.0,0.0
64,22,168,169,28,2,0,37,0,1.8974358974358974,0.0,0.0,0.0
64,22,168,169,29,2,0,35,0,1.8918918918918919,0.0,0.0,0.0
64,22,168,169,30,2,0,33,0,1.8857142857142857,0.0,0.0,0.0
64,22,168,169,31,2,0,30,0,1.875,0.0,0.0,0.0
64,22,168,169,32,2,0,26,0,1.8571428571428572,0.0,0.0,0.0
64,22,168,169,33,2,0,22,0,1.8333333333333333,0.0,0.0,0.0
64,22,168,169,34,2,0,17,0,1.7894736842105263,0.0,0.0,0.0
64,22,168,169,35,2,0,11,0,1.6923076923076923,0.0,0.0,0.0
64,22,168,169,36,1,0,7,0,0.875,0.0,0.0,0.0
64,22,168,169,41,2,1,1,0,0.6666666666666666,0.5,0.0,0.5
64,22,168,169,50,1,0,11,0,0.9166666666666666,0.0,0.0,0.0
64,22,168,169,52,1,0,12,0,0.9230769230769231,0.0,0.0,0.0
64,22,176,177,22,2,0,42,0,1.9090909090909092,0.0,0.0,0.0
64,22,176,177,23,2,0,45,0,1.9148936170212767,0.0,0.0,0.0
64,22,176,177,24,2,0,47,0,1.9183673469387754,0.0,0.0,0.0
64,22,176,177,25,2,0,49,0,1.9215686274509804,0.0,0.0,0.0
64,22,176,177,26,2,0,46,0,1.9166666666666667,0.0,0.0,0.0
64,22,176,177,27,2,0,43,0,1.9111111111111112,0.0,0.0,0.0
64,22,176,177,28,3,0,39,0,2.7857142857142856,0.0,0.0,0.0
64,22,176,177,29,2,0,37,0,1.8974358974358974,0.0,0.0,0.0
64,22,176,177,30,2,0,35,0,1.8918918918918919,0.0,0.0,0.0
64,22,176,177,31,2,0,32,0,1.8823529411764706,0.0,0.0,0.0
64,22,176,177,32,3,0,27,0,2.7,0.0,0.0,0.0
64,22,176,177,33,2,0,23,0,1.84,0.0,0.0,0.0
64,22,176,177,34,3,0,17,0,2.55,0.0,0.0,0.0
64,22,176,177,37,1,0,4,0,0.8,0.0,0.0,0.0
64,22,184,185,22,2,0,42,0,1.9090909090909092,0.0,0.0,0.0
64,22,184,185,23,1,0,46,0,0.9787234042553191,0.0,0.0,0.0
64,22,184,185,24,2,0,48,0,1.92,0.0,0.0,0.0
64,22,184,185,25,2,0,50,0,1.9230769230769231,0.0,0.0,0.0
64,22,184,185,26,2,0,47,0,1.9183673469387754,0.0,0.0,0.0
64,22,184,185,27,2,0,44,0,1.9130434782608696,0.0,0.0,0.0
64,22,184,185,28,3,0,40,0,2.7906976744186047,0.0,0.0,0.0
64,22,184,185,29,2,0,38,0,1.9,0.0,0.0,0.0
64,22,184,185,30,2,0,36,0,1.894736842105263,0.0,0.0,0.0
64,22,184,185,31,2,0,33,0,1.8857142857142857,0.0,0.0,0.0
64,22,184,185,32,2,0,29,0,1.8709677419354838,0.0,0.0,0.0
64,22,184,185,33,2,0,25,0,1.8518518518518519,0.0,0.0,0.0
64,22,184,185,34,3,0,19,0,2.590909090909091,0.0,0.0,0.0
64,22,184,185,35,2,0,13,0,1.7333333333333334,0.0,0.0,0.0
64,22,192,193,23,1,0,48,0,0.9795918367346939,0.0,0.0,0.0
64,22,192,193,24,2,0,50,0,1.9230769230769231,0.0,0.0,0.0
64,22,192,193,25,1,0,53,0,0.9814814814814815,0.0,0.0,0.0
64,22,192,193,26,3,0,49,0,2.826923076923077,0.0,0.0,0.0
64,22,192,193,27,1,0,47,0,0.9791666666666666,0.0,0.0,0.0
64,22,192,193,28,2,0,44,0,1.9130434782608696,0.0,0.0,0.0
64,22,192,193,29,3,0,41,0,2.7954545454545454,0.0,0.0,0.0
64,22,192,193,30,2,0,39,0,1.9024390243902438,0.0,0.0,0.0
64,22,192,193,31,2,0,36,0,1.894736842105263,0.0,0.0,0.0
64,22,192,193,32,2,0,32,0,1.8823529411764706,0.0,0.0,0.0
64,22,192,193,33,2,0,28,0,1.8666666666666667,0.0,0.0,0.0
64,22,192,193,34,3,0,22,0,2.64,0.0,0.0,0.0
64,22,192,193,35,2,0,16,0,1.7777777777777777,0.0,0.0,0.0
64,22,192,193,36,3,0,9,0,2.25,0.0,0.0,0.0
64,22,200,201,23,1,0,48,0,0.9795918367346939,0.0,0.0,0.0
64,22,200,201,25,1,0,55,0,0.9821428571428571,0.0,0.0,0.0
64,22,200,201,26,1,0,53,0,0.9814814814814815,0.0,0.0,0.0
64,22,200,201,28,1,0,48,0,0.9795918367346939,0.0,0.0,0.0
64,22,200,201,29,1,0,46,0,0.9787234042553191,0.0,0.0,0.0
64,22,200,201,30,2,0,43,0,1.9111111111111112,0.0,0.0,0.0
64,22,200,201,31,1,0,41,0,0.9761904761904762,0.0,0.0,0.0
64,22,200,201,32,2,0,37,0,1.8974358974358974,0.0,0.0,0.0
64,22,200,201,33,1,0,34,0,0.9714285714285714,0.0,0.0,0.0
64,22,200,201,34,3,1,29,0,2.71875,0.3333333333333333,0.0,0.3333333333333333
64,22,200,201,35,1,0,25,0,0.9615384615384616,0.0,0.0,0.0
64,22,200,201,36,3,1,18,0,2.5714285714285716,0.3333333333333333,0.0,0.3333333333333333
64,22,200,201,37,2,0,12,0,1.7142857142857142,0.0,0.0,0.0
64,22,200,201,38,5,2,5,0,2.5,0.4,0.0,0.4
64,22,200,201,39,1,0,4,0,0.8,0.0,0.0,0.0
64,22,200,201,40,4,0,2,0,1.3333333333333333,0.0,0.0,0.0
64,22,208,209,26,1,0,55,0,0.9821428571428571,0.0,0.0,0.0
64,22,208,209,28,1,0,50,0,0.9803921568627451,0.0,0.0,0.0
64,22,208,209,33,1,0,38,0,0.9743589743589743,0.0,0.0,0.0
64,22,208,209,35,1,0,28,0,0.9655172413793104,0.0,0.0,0.0
64,22,208,209,36,1,0,23,0,0.9583333333333334,0.0,0.0,0.0
64,22,208,209,37,1,0,18,0,0.9473684210526315,0.0,0.0,0.0
64,22,208,209,38,1,0,14,0,0.9333333333333333,0.0,0.0,0.0
64,22,208,209,40,1,0,11,0,0.9166666666666666,0.0,0.0,0.0
64,22,208,209,41,1,0,12,0,0.9230769230769231,0.0,0.0,0.0
64,22,208,209,42,2,0,12,0,1.7142857142857142,0.0,0.0,0.0
64,22,208,209,43,3,0,11,0,2.357142857142857,0.0,0.0,0.0
64,22,208,209,44,2,0,12,0,1.7142857142857142,0.0,0.0,0.0
64,22,208,209,45,2,0,12,0,1.7142857142857142,0.0,0.0,0.0
64,22,208,209,46,1,0,13,0,0.9285714285714286,0.0,0.0,0.0
64,22,208,209,47,2,0,13,0,1.7333333333333334,0.0,0.0,0.0
64,22,208,209,48,3,0,12,0,2.4,0.0,0.0,0.0
64,22,208,209,49,1,0,13,0,0.9285714285714286,0.0,0.0,0.0
64,22,208,209,50,3,0,12,0,2.4,0.0,0.0,0.0
64,22,216,217,40,1,0,13,0,0.9285714285714286,0.0,0.0,0.0
64,22,216,217,42,1,0,15,0,0.9375,0.0,0.0,0.0
64,22,216,217,43,1,0,17,0,0.9444444444444444,0.0,0.0,0.0
64,22,216,217,44,1,0,17,0,0.9444444444444444,0.0,0.0,0.0
64,22,216,217,46,3,0,16,0,2.526315789473684,0.0,0.0,0.0
64,22,216,217,47,1,0,17,0,0.9444444444444444,0.0,0.0,0.0
64,22,216,217,48,2,0,17,0,1.7894736842105263,0.0,0.0,0.0
64,22,216,217,49,1,0,18,0,0.9473684210526315,0.0,0.0,0.0
64,22,216,217,50,1,0,18,0,0.9473684210526315,0.0,0.0,0.0
64,22,216,217,51,1,0,18,0,0.9473684210526315,0.0,0.0,0.0
64,22,216,217,52,5,0,13,0,3.611111111111111,0.0,0.0,0.0
64,22,216,217,53,1,0,13,0,0.9285714285714286,0.0,0.0,0.0
64,22,224,225,43,1,0,18,0,0.9473684210526315,0.0,0.0,0.0
64,22,224,225,45,1,0,19,0,0.95,0.0,0.0,0.0
64,22,224,225,54,4,0,12,0,3.0,0.0,0.0,0.0
64,22,232,233,56,2,0,10,0,1.6666666666666667,0.0,0.0,0.0
64,23,16,17,13,10,10,2,0,1.6666666666666667,1.0,0.0,1.0
64,23,16,17,14,6,0,13,0,4.105263157894737,0.0,0.0,0.0
64,23,16,17,15,3,0,20,0,2.608695652173913,0.0,0.0,0.0
64,23,24,25,18,2,0,2,0,1.0,0.0,0.0,0.0
64,23,24,25,19,17,17,3,0,2.55,1.0,0.0,1.0
64,23,32,33,25,7,2,2,0,1.5555555555555556,0.2857142857142857,0.0,0.2857142857142857
64,23,40,41,7,1,0,1,0,0.5,0.0,0.0,0.0
64,23,40,41,8,2,0,1,0,0.6666666666666666,0.0,0.0,0.0
64,23,40,41,9,1,0,2,0,0.6666666666666666,0.0,0.0,0.0
64,23,40,41,10,3,0,1,0,0.75,0.0,0.0,0.0
64,23,48,49,5,2,0,14,0,1.75,0.0,0.0,0.0
64,23,48,49,6,5,0,10,0,3.3333333333333335,0.0,0.0,0.0
64,23,48,49,7,3,0,10,0,2.3076923076923075,0.0,0.0,0.0
64,23,48,49,8,5,0,7,0,2.9166666666666665,0.0,0.0,0.0
64,23,48,49,9,2,0,7,0,1.5555555555555556,0.0,0.0,0.0
64,23,48,49,10,1,0,7,0,0.875,0.0,0.0,0.0
64,23,48,49,11,1,0,7,0,0.875,0.0,0.0,0.0
64,23,48,49,12,1,0,7,0,0.875,0.0,0.0,0.0
64,23,48,49,13,1,0,7,0,0.875,0.0,0.0,0.0
64,23,48,49,14,2,0,6,0,1.5,0.0,0.0,0.0
64,23,48,49,16,1,0,6,0,0.8571428571428571,0.0,0.0,0.0
64,23,56,57,8,1,0,16,0,0.9411764705882353,0.0,0.0,0.0
64,23,56,57,12,2,0,15,0,1.7647058823529411,0.0,0.0,0.0
64,23,56,57,14,3,0,9,0,2.25,0.0,0.0,0.0
64,23,64,65,9,1,0,17,0,0.9444444444444444,0.0,0.0,0.0
64,23,72,73,10,3,0,18,0,2.5714285714285716,0.0,0.0,0.0
64,23,72,73,11,1,0,18,0,0.9473684210526315,0.0,0.0,0.0
64,23,72,73,12,1,0,17,0,0.9444444444444444,0.0,0.0,0.0
64,23,80,81,10,2,0,19,0,1.8095238095238095,0.0,0.0,0.0
64,23,80,81,11,2,0,19,0,1.8095238095238095,0.0,0.0,0.0
64,23,80,81,12,2,0,18,0,1.8,0.0,0.0,0.0
64,23,80,81,13,2,0,16,0,1.7777777777777777,0.0,0.0,0.0
64,23,80,81,14,2,0,13,0,1.7333333333333334,0.0,0.0,0.0
64,23,80,81,15,2,0,11,0,1.6923076923076923,0.0,0.0,0.0
64,23,80,81,16,2,0,9,0,1.6363636363636365,0.0,0.0,0.0
64,23,80,81,17,2,0,7,0,1.5555555555555556,0.0,0.0,0.0
64,23,80,81,18,2,0,6,0,1.5,0.0,0.0,0.0
64,23,80,81,19,2,0,5,0,1.4285714285714286,0.0,0.0,0.0
64,23,80,81,20,3,0,3,0,1.5,0.0,0.0,0.0
64,23,80,81,21,2,0,2,0,1.0,0.0,0.0,0.0
64,23,80,81,22,2,0,1,0,0.6666666666666666,0.0,0.0,0.0
64,23,88,89,10,2,0,19,0,1.8095238095238095,0.0,0.0,0.0
64,23,88,89,12,4,0,18,0,3.272727272727273,0.0,0.0,0.0
64,23,88,89,14,4,0,13,0,3.0588235294117645,0.0,0.0,0.0
64,23,88,89,16,4,1,9,0,2.769230769230769,0.25,0.0,0.25
64,23,88,89,17,1,0,8,0,0.8888888888888888,0.0,0.0,0.0
64,23,88,89,18,3,0,6,0,2.0,0.0,0.0,0.0
64,23,88,89,19,1,0,6,0,0.8571428571428571,0.0,0.0,0.0
64,23,88,89,20,3,0,4,0,1.7142857142857142,0.0,0.0,0.0
64,23,88,89,21,2,0,3,0,1.2,0.0,0.0,0.0
64,23,88,89,22,2,0,1,0,0.6666666666666666,0.0,0.0,0.0
64,23,96,97,11,2,0,21,0,1.826086956521739,0.0,0.0,0.0
64,23,96,97,12,2,0,20,0,1.8181818181818181,0.0,0.0,0.0
64,23,96,97,13,2,0,18,0,1.8,0.0,0.0,0.0
64,23,96,97,14,2,0,15,0,1.7647058823529411,0.0,0.0,0.0
64,23,96,97,15,2,0,13,0,1.7333333333333334,0.0,0.0,0.0
64,23,96,97,16,2,0,11,0,1.6923076923076923,0.0,0.0,0.0
64,23,96,97,17,2,0,9,0,1.6363636363636365,0.0,0.0,0.0
64,23,96,97,18,2,0,8,0,1.6,0.0,0.0,0.0
64,23,96,97,19,2,0,7,0,1.5555555555555556,0.0,0.0,0.0
64,23,96,97,20,2,0,6,0,1.5,0.0,0.0,0.0
64,23,96,97,21,2,0,5,0,1.4285714285714286,0.0,0.0,0.0
64,23,96,97,22,2,0,3,0,1.2,0.0,0.0,0.0
64,23,104,105,12,2,0,22,0,1.8333333333333333,0.0,0.0,0.0
64,23,104,105,13,1,0,21,0,0.9545454545454546,0.0,0.0,0.0
64,23,104,105,14,3,0,17,0,2.55,0.0,0.0,0.0
64,23,104,105,15,1,0,16,0,0.9411764705882353,0.0,0.0,0.0
64,23,104,105,16,2,0,14,0,1.75,0.0,0.0,0.0
64,23,104,105,17,2,0,12,0,1.7142857142857142,0.0,0.0,0.0
64,23,104,105,18,2,0,11,0,1.6923076923076923,0.0,0.0,0.0
64,23,104,105,20,4,0,9,0,2.769230769230769,0.0,0.0,0.0
64,23,104,105,22,2,0,8,0,1.6,0.0,0.0,0.0
64,23,104,105,23,2,0,5,0,1.4285714285714286,0.0,0.0,0.0
64,23,104,105,24,4,0,1,0,0.8,0.0,0.0,0.0
64,23,112,113,14,1,0,22,0,0.9565217391304348,0.0,0.0,0.0
64,23,112,113,16,1,0,20,0,0.9523809523809523,0.0,0.0,0.0
64,23,112,113,17,1,0,19,0,0.95,0.0,0.0,0.0
64,23,112,113,18,1,0,19,0,0.95,0.0,0.0,0.0
64,23,112,113,20,1,0,18,0,0.9473684210526315,0.0,0.0,0.0
64,24,16,17,14,13,0,8,0,4.9523809523809526,0.0,0.0,0.0
64,24,16,17,15,9,0,21,0,6.3,0.0,0.0,0.0
64,24,56,57,1,1,0,2,0,0.6666666666666666,0.0,0.0,0.0
64,24,56,57,3,1,0,6,0,0.8571428571428571,0.0,0.0,0.0
64,24,56,57,5,4,0,6,0,2.4,0.0,0.0,0.0
64,24,56,57,6,3,0,5,0,1.875,0.0,0.0,0.0
64,24,56,57,7,5,0,2,0,1.4285714285714286,0.0,0.0,0.0
64,24,56,57,8,1,0,2,0,0.6666666666666666,0.0,0.0,0.0
64,24,64,65,2,1,0,5,0,0.8333333333333334,0.0,0.0,0.0
64,24,64,65,9,3,0,11,0,2.357142857142857,0.0,0.0,0.0
64,24,64,65,10,2,0,10,0,1.6666666666666667,0.0,0.0,0.0
64,24,64,65,11,5,0,6,0,2.727272727272727,0.0,0.0,0.0
64,24,64,65,13,3,0,4,0,1.7142857142857142,0.0,0.0,0.0
64,24,64,65,14,1,0,3,0,0.75,0.0,0.0,0.0
64,24,72,73,2,1,0,5,0,0.8333333333333334,0.0,0.0,0.0
64,24,72,73,16,2,0,12,0,1.7142857142857142,0.0,0.0,0.0
64,24,72,73,17,5,0,6,0,2.727272727272727,0.0,0.0,0.0
64,24,72,73,18,1,0,5,0,0.8333333333333334,0.0,0.0,0.0
64,24,72,73,19,2,0,3,0,1.2,0.0,0.0,0.0
64,24,80,81,3,1,0,7,0,0.875,0.0,0.0,0.0
64,24,88,89,4,3,0,9,0,2.25,0.0,0.0,0.0
64,24,88,89,5,2,0,10,0,1.6666666666666667,0.0,0.0,0.0
64,24,96,97,4,2,0,10,0,1.6666666666666667,0.0,0.0,0.0
64,24,96,97,5,2,0,11,0,1.6923076923076923,0.0,0.0,0.0
64,24,96,97,6,2,0,12,0,1.7142857142857142,0.0,0.0,0.0
64,24,96,97,7,2,0,13,0,1.7333333333333334,0.0,0.0,0.0
64,24,96,97,8,2,0,14,0,1.75,0.0,0.0,0.0
64,24,96,97,9,2,0,15,0,1.7647058823529411,0.0,0.0,0.0
64,24,96,97,10,2,0,16,0,1.7777777777777777,0.0,0.0,0.0
64,24,96,97,11,2,0,16,0,1.7777777777777777,0.0,0.0,0.0
64,24,96,97,12,2,0,16,0,1.7777777777777777,0.0,0.0,0.0
64,24,96,97,13,2,0,16,0,1.7777777777777777,0.0,0.0,0.0
64,24,96,97,14,3,0,15,0,2.5,0.0,0.0,0.0
64,24,96,97,15,2,0,15,0,1.7647058823529411,0.0,0.0,0.0
64,24,96,97,16,2,0,14,0,1.75,0.0,0.0,0.0
64,24,96,97,17,2,0,12,0,1.7142857142857142,0.0,0.0,0.0
64,24,104,105,5,4,0,11,0,2.933333333333333,0.0,0.0,0.0
64,24,104,105,6,2,0,12,0,1.7142857142857142,0.0,0.0,0.0
64,24,104,105,7,2,0,13,0,1.7333333333333334,0.0,0.0,0.0
64,24,104,105,8,2,0,14,0,1.75,0.0,0.0,0.0
64,24,104,105,9,2,0,15,0,1.7647058823529411,0.0,0.0,0.0
64,24,104,105,10,2,0,16,0,1.7777777777777777,0.0,0.0,0.0
64,24,104,105,11,2,0,16,0,1.7777777777777777,0.0,0.0,0.0
64,24,104,105,12,2,0,16,0,1.7777777777777777,0.0,0.0,0.0
64,24,104,105,13,2,0,16,0,1.7777777777777777,0.0,0.0,0.0
64,24,104,105,14,2,0,16,0,1.7777777777777777,0.0,0.0,0.0
64,24,104,105,15,2,0,16,0,1.7777777777777777,0.0,0.0,0.0
64,24,104,105,16,2,0,15,0,1.7647058823529411,0.0,0.0,0.0
64,24,104,105,17,2,0,12,0,1.7142857142857142,0.0,0.0,0.0
64,24,112,113,5,2,0,13,0,1.7333333333333334,0.0,0.0,0.0
64,24,112,113,6,2,0,14,0,1.75,0.0,0.0,0.0
64,24,112,113,7,2,0,15,0,1.7647058823529411,0.0,0.0,0.0
64,24,112,113,8,2,0,16,0,1.7777777777777777,0.0,0.0,0.0
64,24,112,113,9,2,0,17,0,1.7894736842105263,0.0,0.0,0.0
64,24,112,113,10,2,0,18,0,1.8,0.0,0.0,0.0
64,24,112,113,11,2,0,18,0,1.8,0.0,0.0,0.0
64,24,112,113,12,2,0,18,0,1.8,0.0,0.0,0.0
64,24,112,113,13,2,0,18,0,1.8,0.0,0.0,0.0
64,24,112,113,14,2,0,18,0,1.8,0.0,0.0,0.0
64,24,112,113,15,2,0,18,0,1.8,0.0,0.0,0.0
64,24,112,113,16,2,0,17,0,1.7894736842105263,0.0,0.0,0.0
64,24,112,113,17,2,0,14,0,1.75,0.0,0.0,0.0
64,24,112,113,18,2,0,10,0,1.6666666666666667,0.0,0.0,0.0
64,24,120,121,6,2,0,16,0,1.7777777777777777,0.0,0.0,0.0
64,24,120,121,7,2,0,17,0,1.7894736842105263,0.0,0.0,0.0
64,24,120,121,8,2,0,18,0,1.8,0.0,0.0,0.0
64,24,120,121,9,2,0,19,0,1.8095238095238095,0.0,0.0,0.0
64,24,120,121,10,2,0,20,0,1.8181818181818181,0.0,0.0,0.0
64,24,120,121,11,2,0,20,0,1.8181818181818181,0.0,0.0,0.0
64,24,120,121,12,2,0,20,0,1.8181818181818181,0.0,0.0,0.0
64,24,120,121,13,2,0,20,0,1.8181818181818181,0.0,0.0,0.0
64,24,120,121,14,2,0,20,0,1.8181818181818181,0.0,0.0,0.0
64,24,120,121,15,2,0,20,0,1.8181818181818181,0.0,0.0,0.0
64,24,120,121,16,2,0,19,0,1.8095238095238095,0.0,0.0,0.0
64,24,120,121,17,4,0,14,0,3.111111111111111,0.0,0.0,0.0
64,24,120,121,18,1,0,11,0,0.9166666666666666,0.0,0.0,0.0
64,24,120,121,19,1,0,8,0,0.8888888888888888,0.0,0.0,0.0
64,24,128,129,7,2,0,19,0,1.8095238095238095,0.0,0.0,0.0
64,24,128,129,9,4,0,21,0,3.36,0.0,0.0,0.0
64,24,128,129,11,4,0,22,0,3.3846153846153846,0.0,0.0,0.0
64,24,128,129,13,3,0,23,0,2.6538461538461537,0.0,0.0,0.0
64,24,128,129,14,1,0,24,0,0.96,0.0,0.0,0.0
64,24,128,129,15,3,0,23,0,2.6538461538461537,0.0,0.0,0.0
64,24,128,129,17,5,0,18,0,3.9130434782608696,0.0,0.0,0.0
64,24,128,129,19,5,0,10,0,3.3333333333333335,0.0,0.0,0.0
64,24,128,129,20,2,0,6,0,1.5,0.0,0.0,0.0
64,24,136,137,11,1,0,28,0,0.9655172413793104,0.0,0.0,0.0
64,24,136,137,13,1,0,29,0,0.9666666666666667,0.0,0.0,0.0
64,25,16,17,14,6,1,3,0,2.0,0.16666666666666666,0.0,0.16666666666666666
64,25,16,17,15,5,0,9,0,3.2142857142857144,0.0,0.0,0.0
64,25,24,25,18,2,0,4,0,1.3333333333333333,0.0,0.0,0.0
64,25,24,25,19,11,8,5,0,3.4375,0.7272727272727273,0.0,0.7272727272727273
64,25,32,33,21,2,2,1,0,0.6666666666666666,1.0,0.0,1.0
64,25,32,33,22,1,0,3,0,0.75,0.0,0.0,0.0
64,25,32,33,23,4,4,4,0,2.0,1.0,0.0,1.0
64,25,32,33,24,4,0,7,0,2.5454545454545454,0.0,0.0,0.0
64,25,32,33,25,8,6,9,0,4.235294117647059,0.75,0.0,0.75
64,25,40,41,30,4,0,10,0,2.857142857142857,0.0,0.0,0.0
64,25,40,41,31,1,0,14,0,0.9333333333333333,0.0,0.0,0.0
64,25,48,49,33,7,5,2,0,1.5555555555555556,0.7142857142857143,0.0,0.7142857142857143
64,25,48,49,35,4,4,12,0,3.0,1.0,0.0,1.0
64,25,56,57,36,1,0,1,0,0.5,0.0,0.0,0.0
64,25,56,57,37,3,3,2,0,1.2,1.0,0.0,1.0
64,25,56,57,38,2,0,5,0,1.4285714285714286,0.0,0.0,0.0
64,25,56,57,39,9,3,6,0,3.6,0.3333333333333333,0.0,0.3333333333333333
64,25,64,65,44,3,0,7,0,2.1,0.0,0.0,0.0
64,25,104,105,18,1,0,5,0,0.8333333333333334,0.0,0.0,0.0
64,25,104,105,19,5,0,4,0,2.2222222222222223,0.0,0.0,0.0
64,25,104,105,20,1,0,8,0,0.8888888888888888,0.0,0.0,0.0
64,25,104,105,21,7,0,5,0,2.9166666666666665,0.0,0.0,0.0
64,25,104,105,22,2,0,7,0,1.5555555555555556,0.0,0.0,0.0
64,25,104,105,23,5,0,5,0,2.5,0.0,0.0,0.0
64,25,104,105,25,7,0,5,0,2.9166666666666665,0.0,0.0,0.0
64,25,104,105,27,5,0,4,0,2.2222222222222223,0.0,0.0,0.0
64,25,104,105,28,3,0,5,0,1.875,0.0,0.0,0.0
64,25,104,105,29,3,0,4,0,1.7142857142857142,0.0,0.0,0.0
64,25,112,113,4,6,0,1,0,0.8571428571428571,0.0,0.0,0.0
64,25,112,113,5,2,0,7,0,1.5555555555555556,0.0,0.0,0.0
64,25,112,113,6,5,0,8,0,3.076923076923077,0.0,0.0,0.0
64,25,112,113,8,3,0,13,0,2.4375,0.0,0.0,0.0
64,25,112,113,9,1,0,16,0,0.9411764705882353,0.0,0.0,0.0
64,25,112,113,10,2,0,15,0,1.7647058823529411,0.0,0.0,0.0
64,25,112,113,11,2,0,14,0,1.75,0.0,0.0,0.0
64,25,112,113,12,5,0,10,0,3.3333333333333335,0.0,0.0,0.0
64,25,112,113,14,12,0,1,0,0.9230769230769231,0.0,0.0,0.0
64,25,112,113,21,1,0,13,0,0.9285714285714286,0.0,0.0,0.0
64,25,112,113,22,1,0,13,0,0.9285714285714286,0.0,0.0,0.0
64,25,112,113,24,1,0,14,0,0.9333333333333333,0.0,0.0,0.0
64,25,112,113,25,1,0,14,0,0.9333333333333333,0.0,0.0,0.0
64,25,112,113,27,2,0,14,0,1.75,0.0,0.0,0.0
64,25,112,113,28,1,0,14,0,0.9333333333333333,0.0,0.0,0.0
64,25,112,113,29,1,0,12,0,0.9230769230769231,0.0,0.0,0.0
64,25,112,113,30,1,0,10,0,0.9090909090909091,0.0,0.0,0.0
64,25,112,113,31,2,0,7,0,1.5555555555555556,0.0,0.0,0.0
64,25,112,113,32,1,0,5,0,0.8333333333333334,0.0,0.0,0.0
64,25,112,113,33,1,0,3,0,0.75,0.0,0.0,0.0
64,25,112,113,34,1,0,2,0,0.6666666666666666,0.0,0.0,0.0
64,25,112,113,40,2,0,1,0,0.6666666666666666,0.0,0.0,0.0
64,25,112,113,41,1,0,2,0,0.6666666666666666,0.0,0.0,0.0
64,25,112,113,42,2,0,2,0,1.0,0.0,0.0,0.0
64,25,120,121,2,1,0,7,0,0.875,0.0,0.0,0.0
64,25,120,121,4,3,0,12,0,2.4,0.0,0.0,0.0
64,25,120,121,5,1,0,14,0,0.9333333333333333,0.0,0.0,0.0
64,25,120,121,6,1,0,14,0,0.9333333333333333,0.0,0.0,0.0
64,25,120,121,20,3,0,13,0,2.4375,0.0,0.0,0.0
64,25,120,121,23,1,0,15,0,0.9375,0.0,0.0,0.0
64,25,120,121,25,1,0,16,0,0.9411764705882353,0.0,0.0,0.0
64,25,120,121,28,1,0,16,0,0.9411764705882353,0.0,0.0,0.0
64,25,120,121,34,4,0,5,0,2.2222222222222223,0.0,0.0,0.0
64,25,120,121,35,4,0,6,0,2.4,0.0,0.0,0.0
64,25,120,121,36,6,0,7,0,3.230769230769231,0.0,0.0,0.0
64,25,120,121,37,1,0,10,0,0.9090909090909091,0.0,0.0,0.0
64,25,120,121,38,3,0,8,0,2.1818181818181817,0.0,0.0,0.0
64,25,120,121,39,2,0,8,0,1.6,0.0,0.0,0.0
64,25,120,121,40,3,0,8,0,2.1818181818181817,0.0,0.0,0.0
64,25,120,121,41,1,0,8,0,0.8888888888888888,0.0,0.0,0.0
64,25,120,121,42,4,1,5,0,2.2222222222222223,0.25,0.0,0.25
64,25,120,121,43,1,0,6,0,0.8571428571428571,0.0,0.0,0.0
64,25,120,121,44,1,0,6,0,0.8571428571428571,0.0,0.0,0.0
64,25,128,129,28,1,0,16,0,0.9411764705882353,0.0,0.0,0.0
64,25,128,129,30,1,0,12,0,0.9230769230769231,0.0,0.0,0.0
64,25,128,129,31,1,0,11,0,0.9166666666666666,0.0,0.0,0.0
64,25,128,129,32,5,0,10,0,3.3333333333333335,0.0,0.0,0.0
64,25,128,129,36,1,0,15,0,0.9375,0.0,0.0,0.0
64,25,128,129,38,1,0,14,0,0.9333333333333333,0.0,0.0,0.0
64,25,128,129,40,2,0,13,0,1.7333333333333334,0.0,0.0,0.0
64,25,128,129,42,2,0,12,0,1.7142857142857142,0.0,0.0,0.0
64,26,16,17,9,2,0,1,0,0.6666666666666666,0.0,0.0,0.0
64,26,16,17,13,10,10,2,0,1.6666666666666667,1.0,0.0,1.0
64,26,16,17,14,3,1,15,0,2.5,0.3333333333333333,0.0,0.3333333333333333
64,26,16,17,15,5,0,20,0,4.0,0.0,0.0,0.0
64,26,24,25,4,1,0,1,0,0.5,0.0,0.0,0.0
64,26,24,25,5,2,0,2,0,1.0,0.0,0.0,0.0
64,26,24,25,7,2,0,3,0,1.2,0.0,0.0,0.0
64,26,24,25,9,1,0,5,0,0.8333333333333334,0.0,0.0,0.0
64,26,24,25,11,3,0,2,0,1.2,0.0,0.0,0.0
64,26,24,25,18,3,0,4,0,1.7142857142857142,0.0,0.0,0.0
64,26,24,25,19,22,21,6,0,4.714285714285714,0.9545454545454546,0.0,0.9545454545454546
64,26,32,33,3,4,0,7,0,2.5454545454545454,0.0,0.0,0.0
64,26,32,33,4,1,0,8,0,0.8888888888888888,0.0,0.0,0.0
64,26,32,33,5,1,0,8,0,0.8888888888888888,0.0,0.0,0.0
64,26,32,33,7,1,0,7,0,0.875,0.0,0.0,0.0
64,26,32,33,9,2,0,8,0,1.6,0.0,0.0,0.0
64,26,32,33,10,1,0,8,0,0.8888888888888888,0.0,0.0,0.0
64,26,32,33,11,3,0,7,0,2.1,0.0,0.0,0.0
64,26,32,33,13,4,0,4,0,2.0,0.0,0.0,0.0
64,26,32,33,15,1,0,3,0,0.75,0.0,0.0,0.0
64,26,32,33,17,2,0,1,0,0.6666666666666666,0.0,0.0,0.0
64,26,32,33,22,4,0,2,0,1.3333333333333333,0.0,0.0,0.0
64,26,32,33,23,9,6,4,0,2.769230769230769,0.6666666666666666,0.0,0.6666666666666666
64,26,32,33,24,12,0,12,0,6.0,0.0,0.0,0.0
64,26,32,33,25,15,8,22,0,8.91891891891892,0.5333333333333333,0.0,0.5333333333333333
64,26,40,41,7,2,0,12,0,1.7142857142857142,0.0,0.0,0.0
64,26,40,41,8,4,0,11,0,2.933333333333333,0.0,0.0,0.0
64,26,40,41,10,1,0,13,0,0.9285714285714286,0.0,0.0,0.0
64,26,40,41,11,1,0,15,0,0.9375,0.0,0.0,0.0
64,26,40,41,13,4,0,16,0,3.2,0.0,0.0,0.0
64,26,40,41,14,1,0,19,0,0.95,0.0,0.0,0.0
64,26,40,41,15,7,0,15,0,4.7727272727272725,0.0,0.0,0.0
64,26,40,41,16,3,0,14,0,2.4705882352941178,0.0,0.0,0.0
64,26,40,41,17,8,0,8,0,4.0,0.0,0.0,0.0
64,26,40,41,18,2,0,7,0,1.5555555555555556,0.0,0.0,0.0
64,26,40,41,19,6,0,2,0,1.5,0.0,0.0,0.0
64,26,40,41,25,2,2,1,0,0.6666666666666666,1.0,0.0,1.0
64,26,40,41,26,1,0,3,0,0.75,0.0,0.0,0.0
64,26,40,41,27,10,7,4,0,2.857142857142857,0.7,0.0,0.7
64,26,40,41,29,11,11,17,1,6.678571428571429,1.0,0.058823529411764705,0.9411764705882353
64,26,40,41,30,4,0,24,0,3.4285714285714284,0.0,0.0,0.0
64,26,40,41,31,2,0,27,0,1.8620689655172413,0.0,0.0,0.0
64,26,48,49,13,3,0,20,0,2.608695652173913,0.0,0.0,0.0
64,26,48,49,18,1,0,27,0,0.9642857142857143,0.0,0.0,0.0
64,26,48,49,21,12,0,15,0,6.666666666666667,0.0,0.0,0.0
64,26,48,49,22,2,0,16,0,1.7777777777777777,0.0,0.0,0.0
64,26,48,49,23,11,0,8,0,4.631578947368421,0.0,0.0,0.0
64,26,48,49,24,6,0,4,0,2.4,0.0,0.0,0.0
64,26,48,49,29,2,2,1,0,0.6666666666666666,1.0,0.0,1.0
64,26,48,49,31,8,5,2,0,1.6,0.625,0.0,0.625
64,26,48,49,32,1,0,9,0,0.9,0.0,0.0,0.0
64,26,48,49,33,9,5,9,0,4.5,0.5555555555555556,0.0,0.5555555555555556
64,26,48,49,34,1,0,17,0,0.9444444444444444,0.0,0.0,0.0
64,26,48,49,35,10,6,16,0,6.153846153846154,0.6,0.0,0.6
64,26,56,57,19,1,0,27,0,0.9642857142857143,0.0,0.0,0.0
64,26,56,57,20,1,0,28,0,0.9655172413793104,0.0,0.0,0.0
64,26,56,57,21,3,0,27,0,2.7,0.0,0.0,0.0
64,26,56,57,22,1,0,28,0,0.9655172413793104,0.0,0.0,0.0
64,26,56,57,23,1,0,28,0,0.9655172413793104,0.0,0.0,0.0
64,26,56,57,25,1,0,27,0,0.9642857142857143,0.0,0.0,0.0
64,26,56,57,27,8,0,15,0,5.217391304347826,0.0,0.0,0.0
64,26,56,57,28,1,0,13,0,0.9285714285714286,0.0,0.0,0.0
64,26,56,57,29,5,1,7,0,2.9166666666666665,0.2,0.0,0.2
64,26,56,57,30,4,0,3,0,1.7142857142857142,0.0,0.0,0.0
64,26,56,57,37,11,6,1,1,0.9166666666666666,0.5454545454545454,1.0,-0.4545454545454546
64,26,56,57,39,12,9,10,0,5.454545454545454,0.75,0.0,0.75
64,26,56,57,40,2,0,20,0,1.8181818181818181,0.0,0.0,0.0
64,26,64,65,21,1,0,31,0,0.96875,0.0,0.0,0.0
64,26,64,65,22,1,0,32,0,0.9696969696969697,0.0,0.0,0.0
64,26,64,65,23,1,0,32,0,0.9696969696969697,0.0,0.0,0.0
64,26,64,65,24,1,0,32,0,0.9696969696969697,0.0,0.0,0.0
64,26,64,65,25,4,0,29,0,3.515151515151515,0.0,0.0,0.0
64,26,64,65,26,3,0,26,0,2.689655172413793,0.0,0.0,0.0
64,26,64,65,27,4,0,23,0,3.4074074074074074,0.0,0.0,0.0
64,26,64,65,28,1,0,21,0,0.9545454545454546,0.0,0.0,0.0
64,26,64,65,29,3,0,17,0,2.55,0.0,0.0,0.0
64,26,64,65,30,1,0,13,0,0.9285714285714286,0.0,0.0,0.0
64,26,64,65,31,1,0,10,0,0.9090909090909091,0.0,0.0,0.0
64,26,64,65,32,3,0,6,0,2.0,0.0,0.0,0.0
64,26,64,65,33,1,0,5,0,0.8333333333333334,0.0,0.0,0.0
64,26,64,65,43,6,3,1,0,0.8571428571428571,0.5,0.0,0.5
64,26,64,65,45,11,9,4,0,2.933333333333333,0.8181818181818182,0.0,0.8181818181818182
64,26,72,73,23,1,0,34,0,0.9714285714285714,0.0,0.0,0.0
64,26,72,73,24,1,0,34,0,0.9714285714285714,0.0,0.0,0.0
64,26,72,73,25,1,0,34,0,0.9714285714285714,0.0,0.0,0.0
64,26,72,73,26,1,0,32,0,0.9696969696969697,0.0,0.0,0.0
64,26,72,73,27,2,0,31,0,1.878787878787879,0.0,0.0,0.0
64,26,72,73,28,2,0,29,0,1.8709677419354838,0.0,0.0,0.0
64,26,72,73,29,2,0,24,0,1.8461538461538463,0.0,0.0,0.0
64,26,72,73,30,2,0,18,0,1.8,0.0,0.0,0.0
64,26,72,73,31,6,0,13,0,4.105263157894737,0.0,0.0,0.0
64,26,72,73,32,5,0,10,0,3.3333333333333335,0.0,0.0,0.0
64,26,72,73,33,5,0,7,0,2.9166666666666665,0.0,0.0,0.0
64,26,72,73,34,2,0,5,0,1.4285714285714286,0.0,0.0,0.0
64,26,72,73,35,2,0,4,0,1.3333333333333333,0.0,0.0,0.0
64,26,72,73,36,3,0,2,0,1.2,0.0,0.0,0.0
64,26,72,73,37,2,0,1,0,0.6666666666666666,0.0,0.0,0.0
64,26,72,73,47,5,3,2,0,1.4285714285714286,0.6,0.0,0.6
64,26,72,73,49,1,0,9,0,0.9,0.0,0.0,0.0
64,26,72,73,50,1,0,12,0,0.9230769230769231,0.0,0.0,0.0
64,26,72,73,51,2,2,15,0,1.7647058823529411,1.0,0.0,1.0
64,26,80,81,27,1,0,36,0,0.972972972972973,0.0,0.0,0.0
64,26,80,81,29,2,0,32,0,1.8823529411764706,0.0,0.0,0.0
64,26,80,81,31,8,0,20,0,5.714285714285714,0.0,0.0,0.0
64,26,80,81,32,4,0,18,0,3.272727272727273,0.0,0.0,0.0
64,26,80,81,33,5,0,14,0,3.6842105263157894,0.0,0.0,0.0
64,26,80,81,34,2,0,12,0,1.7142857142857142,0.0,0.0,0.0
64,26,80,81,35,7,0,6,0,3.230769230769231,0.0,0.0,0.0
64,26,80,81,36,2,0,6,0,1.5,0.0,0.0,0.0
64,26,80,81,37,6,0,2,0,1.5,0.0,0.0,0.0
64,26,80,81,38,1,0,2,0,0.6666666666666666,0.0,0.0,0.0
64,26,80,81,39,3,0,1,0,0.75,0.0,0.0,0.0
64,26,80,81,40,2,0,1,0,0.6666666666666666,0.0,0.0,0.0
64,26,80,81,48,2,0,1,0,0.6666666666666666,0.0,0.0,0.0
64,26,80,81,49,2,1,2,0,1.0,0.5,0.0,0.5
64,26,80,81,50,4,0,3,0,1.7142857142857142,0.0,0.0,0.0
64,26,80,81,51,5,2,7,0,2.9166666666666665,0.4,0.0,0.4
64,26,80,81,52,2,0,12,0,1.7142857142857142,0.0,0.0,0.0
64,26,80,81,53,9,4,14,0,5.478260869565218,0.4444444444444444,0.0,0.4444444444444444
64,26,88,89,32,2,0,27,0,1.8620689655172413,0.0,0.0,0.0
64,26,88,89,33,2,0,24,0,1.8461538461538463,0.0,0.0,0.0
64,26,88,89,34,2,0,21,0,1.826086956521739,0.0,0.0,0.0
64,26,88,89,35,2,0,19,0,1.8095238095238095,0.0,0.0,0.0
64,26,88,89,36,2,0,17,0,1.7894736842105263,0.0,0.0,0.0
64,26,88,89,37,2,0,15,0,1.7647058823529411,0.0,0.0,0.0
64,26,88,89,38,1,0,14,0,0.9333333333333333,0.0,0.0,0.0
64,26,88,89,39,3,0,12,0,2.4,0.0,0.0,0.0
64,26,88,89,40,3,0,10,0,2.3076923076923075,0.0,0.0,0.0
64,26,88,89,41,4,0,8,0,2.6666666666666665,0.0,0.0,0.0
64,26,88,89,42,4,0,5,0,2.2222222222222223,0.0,0.0,0.0
64,26,88,89,43,3,0,4,0,1.7142857142857142,0.0,0.0,0.0
64,26,88,89,44,2,0,3,0,1.2,0.0,0.0,0.0
64,26,88,89,51,4,3,1,0,0.8,0.75,0.0,0.75
64,26,88,89,52,1,0,5,0,0.8333333333333334,0.0,0.0,0.0
64,26,88,89,53,4,2,6,0,2.4,0.5,0.0,0.5
64,26,88,89,54,4,0,10,0,2.857142857142857,0.0,0.0,0.0
64,26,88,89,55,6,4,13,0,4.105263157894737,0.6666666666666666,0.0,0.6666666666666666
64,26,88,89,56,6,0,16,0,4.363636363636363,0.0,0.0,0.0
64,26,88,89,57,7,4,19,0,5.115384615384615,0.5714285714285714,0.0,0.5714285714285714
64,26,88,89,58,4,0,22,0,3.3846153846153846,0.0,0.0,0.0
64,26,88,89,59,8,7,14,0,5.090909090909091,0.875,0.0,0.875
64,26,88,89,60,2,0,10,0,1.6666666666666667,0.0,0.0,0.0
64,26,88,89,61,4,1,10,0,2.857142857142857,0.25,0.0,0.25
64,26,96,97,33,2,0,26,0,1.8571428571428572,0.0,0.0,0.0
64,26,96,97,34,1,0,24,0,0.96,0.0,0.0,0.0
64,26,96,97,35,3,0,21,0,2.625,0.0,0.0,0.0
64,26,96,97,36,1,0,20,0,0.9523809523809523,0.0,0.0,0.0
64,26,96,97,37,2,0,18,0,1.8,0.0,0.0,0.0
64,26,96,97,38,1,0,17,0,0.9444444444444444,0.0,0.0,0.0
64,26,96,97,39,1,0,16,0,0.9411764705882353,0.0,0.0,0.0
64,26,96,97,40,1,0,15,0,0.9375,0.0,0.0,0.0
64,26,96,97,41,1,0,14,0,0.9333333333333333,0.0,0.0,0.0
64,26,96,97,42,1,0,12,0,0.9230769230769231,0.0,0.0,0.0
64,26,96,97,43,2,0,10,0,1.6666666666666667,0.0,0.0,0.0
64,26,96,97,44,1,0,8,0,0.8888888888888888,0.0,0.0,0.0
64,26,96,97,45,2,0,4,0,1.3333333333333333,0.0,0.0,0.0
64,26,96,97,53,2,1,1,0,0.6666666666666666,0.5,0.0,0.5
64,26,96,97,55,2,1,3,0,1.2,0.5,0.0,0.5
64,26,96,97,56,1,0,5,0,0.8333333333333334,0.0,0.0,0.0
64,26,96,97,57,5,4,2,0,1.4285714285714286,0.8,0.0,0.8
64,26,96,97,58,2,0,3,0,1.2,0.0,0.0,0.0
64,26,96,97,61,2,1,1,0,0.6666666666666666,0.5,0.0,0.5
64,26,96,97,63,2,2,1,0,0.6666666666666666,1.0,0.0,1.0
64,26,96,97,65,7,6,1,0,0.875,0.8571428571428571,0.0,0.8571428571428571
64,26,96,97,66,3,0,4,0,1.7142857142857142,0.0,0.0,0.0
64,26,96,97,67,7,4,4,0,2.5454545454545454,0.5714285714285714,0.0,0.5714285714285714
64,26,104,105,35,1,0,25,0,0.9615384615384616,0.0,0.0,0.0
64,26,104,105,37,1,0,22,0,0.9565217391304348,0.0,0.0,0.0
64,26,104,105,38,1,0,20,0,0.9523809523809523,0.0,0.0,0.0
64,26,104,105,40,1,0,19,0,0.95,0.0,0.0,0.0
64,26,104,105,41,1,0,19,0,0.95,0.0,0.0,0.0
64,26,104,105,42,1,0,17,0,0.9444444444444444,0.0,0.0,0.0
64,26,104,105,43,2,0,15,0,1.7647058823529411,0.0,0.0,0.0
64,26,104,105,45,1,0,11,0,0.9166666666666666,0.0,0.0,0.0
64,26,104,105,47,1,0,6,0,0.8571428571428571,0.0,0.0,0.0
64,26,104,105,48,2,0,3,0,1.2,0.0,0.0,0.0
64,26,104,105,50,1,0,2,0,0.6666666666666666,0.0,0.0,0.0
64,26,104,105,73,3,1,1,0,0.75,0.3333333333333333,0.0,0.3333333333333333
64,26,112,113,44,1,0,15,0,0.9375,0.0,0.0,0.0
64,26,112,113,45,2,0,12,0,1.7142857142857142,0.0,0.0,0.0
64,26,112,113,48,1,0,5,0,0.8333333333333334,0.0,0.0,0.0
64,26,112,113,49,1,0,3,0,0.75,0.0,0.0,0.0
64,26,120,121,45,2,0,13,0,1.7333333333333334,0.0,0.0,0.0
64,26,120,121,46,2,0,10,0,1.6666666666666667,0.0,0.0,0.0
64,26,120,121,47,2,0,8,0,1.6,0.0,0.0,0.0
64,26,120,121,48,2,0,7,0,1.5555555555555556,0.0,0.0,0.0
64,26,120,121,49,3,0,5,0,1.875,0.0,0.0,0.0
64,26,120,121,50,3,0,4,0,1.7142857142857142,0.0,0.0,0.0
64,26,120,121,51,2,0,3,0,1.2,0.0,0.0,0.0
64,26,120,121,52,2,0,2,0,1.0,0.0,0.0,0.0
64,26,120,121,53,2,0,1,0,0.6666666666666666,0.0,0.0,0.0
64,26,120,121,54,3,0,1,0,0.75,0.0,0.0,0.0
64,26,120,121,55,3,0,1,0,0.75,0.0,0.0,0.0
64,26,120,121,56,6,0,1,0,0.8571428571428571,0.0,0.0,0.0
64,26,120,121,57,3,0,4,0,1.7142857142857142,0.0,0.0,0.0
64,26,120,121,58,4,0,3,0,1.7142857142857142,0.0,0.0,0.0
64,26,120,121,59,1,0,4,0,0.8,0.0,0.0,0.0
64,26,120,121,60,2,0,4,0,1.3333333333333333,0.0,0.0,0.0
64,26,120,121,62,2,0,4,0,1.3333333333333333,0.0,0.0,0.0
64,26,120,121,63,1,0,4,0,0.8,0.0,0.0,0.0
64,26,120,121,64,2,0,3,0,1.2,0.0,0.0,0.0
64,26,120,121,65,2,0,2,0,1.0,0.0,0.0,0.0
64,26,120,121,76,1,0,1,0,0.5,0.0,0.0,0.0
64,26,120,121,77,2,0,2,0,1.0,0.0,0.0,0.0
64,26,120,121,78,2,0,3,0,1.2,0.0,0.0,0.0
64,26,120,121,79,2,0,4,0,1.3333333333333333,0.0,0.0,0.0
64,26,120,121,80,2,0,5,0,1.4285714285714286,0.0,0.0,0.0
64,26,120,121,81,4,2,6,0,2.4,0.5,0.0,0.5
64,26,120,121,82,2,0,9,0,1.6363636363636365,0.0,0.0,0.0
64,26,120,121,83,3,1,10,0,2.3076923076923075,0.3333333333333333,0.0,0.3333333333333333
64,26,128,129,45,2,0,13,0,1.7333333333333334,0.0,0.0,0.0
64,26,128,129,46,2,0,10,0,1.6666666666666667,0.0,0.0,0.0
64,26,128,129,47,2,0,8,0,1.6,0.0,0.0,0.0
64,26,128,129,48,2,0,7,0,1.5555555555555556,0.0,0.0,0.0
64,26,128,129,49,3,0,5,0,1.875,0.0,0.0,0.0
64,26,128,129,50,4,0,4,0,2.0,0.0,0.0,0.0
64,26,128,129,51,3,0,3,0,1.5,0.0,0.0,0.0
64,26,128,129,52,4,0,2,0,1.3333333333333333,0.0,0.0,0.0
64,26,128,129,53,4,0,2,0,1.3333333333333333,0.0,0.0,0.0
64,26,128,129,54,4,0,3,0,1.7142857142857142,0.0,0.0,0.0
64,26,128,129,55,4,0,4,0,2.0,0.0,0.0,0.0
64,26,128,129,56,4,0,5,0,2.2222222222222223,0.0,0.0,0.0
64,26,128,129,57,2,0,8,0,1.6,0.0,0.0,0.0
64,26,128,129,58,6,1,8,0,3.4285714285714284,0.16666666666666666,0.0,0.16666666666666666
64,26,128,129,59,3,0,8,0,2.1818181818181817,0.0,0.0,0.0
64,26,128,129,60,3,0,7,0,2.1,0.0,0.0,0.0
64,26,128,129,61,3,0,8,0,2.1818181818181817,0.0,0.0,0.0
64,26,128,129,62,3,0,8,0,2.1818181818181817,0.0,0.0,0.0
64,26,128,129,63,1,0,8,0,0.8888888888888888,0.0,0.0,0.0
64,26,128,129,64,1,0,8,0,0.8888888888888888,0.0,0.0,0.0
64,26,128,129,65,1,0,8,0,0.8888888888888888,0.0,0.0,0.0
64,26,128,129,66,1,0,8,0,0.8888888888888888,0.0,0.0,0.0
64,26,128,129,68,1,0,7,0,0.875,0.0,0.0,0.0
64,26,128,129,70,2,0,4,0,1.3333333333333333,0.0,0.0,0.0
64,26,128,129,71,1,0,3,0,0.75,0.0,0.0,0.0
64,26,128,129,78,1,0,1,0,0.5,0.0,0.0,0.0
64,26,128,129,79,2,1,1,0,0.6666666666666666,0.5,0.0,0.5
64,26,128,129,80,1,0,2,0,0.6666666666666666,0.0,0.0,0.0
64,26,128,129,81,3,1,2,0,1.2,0.3333333333333333,0.0,0.3333333333333333
64,26,128,129,82,1,0,4,0,0.8,0.0,0.0,0.0
64,26,128,129,83,5,3,4,0,2.2222222222222223,0.6,0.0,0.6
64,26,128,129,84,1,0,8,0,0.8888888888888888,0.0,0.0,0.0
64,26,128,129,85,3,1,8,0,2.1818181818181817,0.3333333333333333,0.0,0.3333333333333333
64,26,128,129,86,2,0,9,0,1.6363636363636365,0.0,0.0,0.0
64,26,128,129,87,4,2,9,0,2.769230769230769,0.5,0.0,0.5
64,26,128,129,88,3,0,11,0,2.357142857142857,0.0,0.0,0.0
64,26,128,129,89,3,1,12,0,2.4,0.3333333333333333,0.0,0.3333333333333333
64,26,136,137,46,2,0,12,0,1.7142857142857142,0.0,0.0,0.0
64,26,136,137,47,2,0,10,0,1.6666666666666667,0.0,0.0,0.0
64,26,136,137,48,2,0,9,0,1.6363636363636365,0.0,0.0,0.0
64,26,136,137,49,2,0,8,0,1.6,0.0,0.0,0.0
64,26,136,137,50,4,0,7,0,2.5454545454545454,0.0,0.0,0.0
64,26,136,137,51,3,0,6,0,2.0,0.0,0.0,0.0
64,26,136,137,52,5,0,5,0,2.5,0.0,0.0,0.0
64,26,136,137,53,5,0,5,0,2.5,0.0,0.0,0.0
64,26,136,137,54,6,0,6,0,3.0,0.0,0.0,0.0
64,26,136,137,55,5,0,8,0,3.076923076923077,0.0,0.0,0.0
64,26,136,137,56,6,0,9,0,3.6,0.0,0.0,0.0
64,26,136,137,57,5,0,11,0,3.4375,0.0,0.0,0.0
64,26,136,137,58,3,0,13,0,2.4375,0.0,0.0,0.0
64,26,136,137,59,4,0,11,0,2.933333333333333,0.0,0.0,0.0
64,26,136,137,60,2,0,11,0,1.6923076923076923,0.0,0.0,0.0
64,26,136,137,61,2,0,11,0,1.6923076923076923,0.0,0.0,0.0
64,26,136,137,62,2,0,11,0,1.6923076923076923,0.0,0.0,0.0
64,26,136,137,63,2,0,11,0,1.6923076923076923,0.0,0.0,0.0
64,26,136,137,64,2,0,11,0,1.6923076923076923,0.0,0.0,0.0
64,26,136,137,65,2,0,11,0,1.6923076923076923,0.0,0.0,0.0
64,26,136,137,66,1,0,11,0,0.9166666666666666,0.0,0.0,0.0
64,26,136,137,67,2,0,9,0,1.6363636363636365,0.0,0.0,0.0
64,26,136,137,72,1,0,3,0,0.75,0.0,0.0,0.0
64,26,136,137,90,4,0,2,0,1.3333333333333333,0.0,0.0,0.0
64,26,136,137,91,9,5,3,0,2.25,0.5555555555555556,0.0,0.5555555555555556
64,26,144,145,47,1,0,13,0,0.9285714285714286,0.0,0.0,0.0
64,26,144,145,48,1,0,12,0,0.9230769230769231,0.0,0.0,0.0
64,26,144,145,49,1,0,11,0,0.9166666666666666,0.0,0.0,0.0
64,26,144,145,50,1,0,12,0,0.9230769230769231,0.0,0.0,0.0
64,26,144,145,51,2,0,11,0,1.6923076923076923,0.0,0.0,0.0
64,26,144,145,52,1,0,13,0,0.9285714285714286,0.0,0.0,0.0
64,26,144,145,53,3,0,13,0,2.4375,0.0,0.0,0.0
64,26,144,145,54,1,0,16,0,0.9411764705882353,0.0,0.0,0.0
64,26,144,145,55,4,0,15,0,3.1578947368421053,0.0,0.0,0.0
64,26,144,145,56,1,0,17,0,0.9444444444444444,0.0,0.0,0.0
64,26,144,145,57,2,0,18,0,1.8,0.0,0.0,0.0
64,26,144,145,58,1,0,19,0,0.95,0.0,0.0,0.0
64,26,144,145,59,1,0,16,0,0.9411764705882353,0.0,0.0,0.0
64,26,144,145,74,1,0,2,0,0.6666666666666666,0.0,0.0,0.0
64,26,144,145,75,1,0,1,0,0.5,0.0,0.0,0.0
64,26,152,153,48,1,0,13,0,0.9285714285714286,0.0,0.0,0.0
64,26,152,153,49,1,0,12,0,0.9230769230769231,0.0,0.0,0.0
64,26,152,153,51,2,0,13,0,1.7333333333333334,0.0,0.0,0.0
64,26,152,153,53,2,0,17,0,1.7894736842105263,0.0,0.0,0.0
64,26,152,153,55,3,0,23,0,2.6538461538461537,0.0,0.0,0.0
64,26,152,153,57,7,0,27,0,5.5588235294117645,0.0,0.0,0.0
64,26,152,153,59,1,0,23,0,0.9583333333333334,0.0,0.0,0.0
64,26,152,153,75,1,0,3,0,0.75,0.0,0.0,0.0
64,26,152,153,76,2,0,2,0,1.0,0.0,0.0,0.0
64,26,152,153,78,2,1,4,0,1.3333333333333333,0.5,0.0,0.5
64,26,152,153,79,2,0,4,0,1.3333333333333333,0.0,0.0,0.0
64,26,152,153,80,3,0,3,0,1.5,0.0,0.0,0.0
64,26,152,153,81,1,0,4,0,0.8,0.0,0.0,0.0
64,26,152,153,82,3,1,3,0,1.5,0.3333333333333333,0.0,0.3333333333333333
64,26,152,153,83,2,0,3,0,1.2,0.0,0.0,0.0
64,26,160,161,76,1,0,4,0,0.8,0.0,0.0,0.0
64,26,160,161,78,1,0,7,0,0.875,0.0,0.0,0.0
64,26,160,161,80,1,0,9,0,0.9,0.0,0.0,0.0
64,26,160,161,82,1,0,10,0,0.9090909090909091,0.0,0.0,0.0
64,26,160,161,84,3,0,9,0,2.25,0.0,0.0,0.0
64,26,160,161,86,3,1,10,0,2.3076923076923075,0.3333333333333333,0.0,0.3333333333333333
64,26,160,161,87,1,0,11,0,0.9166666666666666,0.0,0.0,0.0
64,26,160,161,88,4,0,9,0,2.769230769230769,0.0,0.0,0.0
64,26,160,161,89,2,0,9,0,1.6363636363636365,0.0,0.0,0.0
64,26,160,161,90,6,0,4,0,2.4,0.0,0.0,0.0
64,26,160,161,92,5,0,1,0,0.8333333333333334,0.0,0.0,0.0
64,26,168,169,91,2,0,10,0,1.6666666666666667,0.0,0.0,0.0
64,26,168,169,96,4,0,1,0,0.8,0.0,0.0,0.0
64,27,16,17,14,6,1,1,0,0.8571428571428571,0.16666666666666666,0.0,0.16666666666666666
64,27,16,17,15,9,2,5,0,3.2142857142857144,0.2222222222222222,0.0,0.2222222222222222
64,27,32,33,22,1,0,1,0,0.5,0.0,0.0,0.0
64,27,32,33,23,3,3,2,0,1.2,1.0,0.0,1.0
64,27,32,33,24,2,0,5,0,1.4285714285714286,0.0,0.0,0.0
64,27,32,33,25,2,1,8,0,1.6,0.5,0.0,0.5
64,27,40,41,27,4,4,1,0,0.8,1.0,0.0,1.0
64,27,40,41,28,1,0,5,0,0.8333333333333334,0.0,0.0,0.0
64,27,40,41,29,7,7,6,0,3.230769230769231,1.0,0.0,1.0
64,27,48,49,35,12,7,1,0,0.9230769230769231,0.5833333333333334,0.0,0.5833333333333334
64,27,56,57,38,1,0,6,0,0.8571428571428571,0.0,0.0,0.0
64,27,56,57,39,4,3,9,0,2.769230769230769,0.75,0.0,0.75
64,27,56,57,40,3,0,14,0,2.4705882352941178,0.0,0.0,0.0
64,27,56,57,41,3,2,18,0,2.5714285714285716,0.6666666666666666,0.0,0.6666666666666666
64,27,64,65,38,1,0,2,0,0.6666666666666666,0.0,0.0,0.0
64,27,64,65,39,5,2,3,0,1.875,0.4,0.0,0.4
64,27,64,65,40,3,0,7,0,2.1,0.0,0.0,0.0
64,27,64,65,41,3,0,9,0,2.25,0.0,0.0,0.0
64,27,64,65,42,3,0,11,0,2.357142857142857,0.0,0.0,0.0
64,27,64,65,43,4,0,13,0,3.0588235294117645,0.0,0.0,0.0
64,27,64,65,44,4,0,16,0,3.2,0.0,0.0,0.0
64,27,64,65,45,5,3,19,0,3.9583333333333335,0.6,0.0,0.6
64,27,72,73,39,3,3,2,0,1.2,1.0,0.0,1.0
64,27,72,73,40,1,0,4,0,0.8,0.0,0.0,0.0
64,27,72,73,41,4,2,4,0,2.0,0.5,0.0,0.5
64,27,72,73,42,3,0,7,0,2.1,0.0,0.0,0.0
64,27,72,73,43,3,1,9,0,2.25,0.3333333333333333,0.0,0.3333333333333333
64,27,72,73,44,3,0,11,0,2.357142857142857,0.0,0.0,0.0
64,27,72,73,45,4,1,13,0,3.0588235294117645,0.25,0.0,0.25
64,27,72,73,46,4,0,16,0,3.2,0.0,0.0,0.0
64,27,72,73,47,5,3,19,0,3.9583333333333335,0.6,0.0,0.6
64,27,72,73,48,3,0,22,0,2.64,0.0,0.0,0.0
64,27,72,73,49,4,1,23,0,3.4074074074074074,0.25,0.0,0.25
64,27,72,73,50,4,0,24,0,3.4285714285714284,0.0,0.0,0.0
64,27,72,73,51,1,0,25,0,0.9615384615384616,0.0,0.0,0.0
64,27,80,81,41,2,1,1,0,0.6666666666666666,0.5,0.0,0.5
64,27,80,81,43,3,2,3,0,1.5,0.6666666666666666,0.0,0.6666666666666666
64,27,80,81,44,1,0,5,0,0.8333333333333334,0.0,0.0,0.0
64,27,80,81,45,3,2,6,0,2.0,0.6666666666666666,0.0,0.6666666666666666
64,27,80,81,46,2,0,8,0,1.6,0.0,0.0,0.0
64,27,80,81,47,7,5,9,0,3.9375,0.7142857142857143,0.0,0.7142857142857143
64,27,80,81,48,3,0,13,0,2.4375,0.0,0.0,0.0
64,27,80,81,49,8,6,13,2,4.9523809523809526,0.75,0.15384615384615385,0.5961538461538461
64,27,80,81,50,2,0,18,0,1.8,0.0,0.0,0.0
64,27,80,81,51,5,2,17,2,3.8636363636363638,0.4,0.11764705882352941,0.2823529411764706
64,27,80,81,52,3,0,19,0,2.590909090909091,0.0,0.0,0.0
64,27,80,81,53,4,1,19,0,3.3043478260869565,0.25,0.0,0.25
64,27,80,81,54,2,0,21,0,1.826086956521739,0.0,0.0,0.0
64,27,80,81,55,2,0,21,0,1.826086956521739,0.0,0.0,0.0
64,27,80,81,56,2,0,20,0,1.8181818181818181,0.0,0.0,0.0
64,27,80,81,57,2,0,20,0,1.8181818181818181,0.0,0.0,0.0
64,27,80,81,58,2,0,21,0,1.826086956521739,0.0,0.0,0.0
64,27,80,81,59,3,1,21,0,2.625,0.3333333333333333,0.0,0.3333333333333333
64,27,88,89,42,1,0,3,0,0.75,0.0,0.0,0.0
64,27,88,89,43,1,0,4,0,0.8,0.0,0.0,0.0
64,27,88,89,44,1,0,5,0,0.8333333333333334,0.0,0.0,0.0
64,27,88,89,45,1,0,6,0,0.8571428571428571,0.0,0.0,0.0
64,27,88,89,46,1,0,7,0,0.875,0.0,0.0,0.0
64,27,88,89,47,2,0,8,0,1.6,0.0,0.0,0.0
64,27,88,89,49,2,1,7,0,1.5555555555555556,0.5,0.0,0.5
64,27,88,89,50,2,0,8,0,1.6,0.0,0.0,0.0
64,27,88,89,51,2,0,8,0,1.6,0.0,0.0,0.0
64,27,88,89,52,3,0,8,0,2.1818181818181817,0.0,0.0,0.0
64,27,88,89,53,3,1,9,0,2.25,0.3333333333333333,0.0,0.3333333333333333
64,27,88,89,54,2,0,11,0,1.6923076923076923,0.0,0.0,0.0
64,27,88,89,55,3,1,12,0,2.4,0.3333333333333333,0.0,0.3333333333333333
64,27,88,89,56,3,0,12,0,2.4,0.0,0.0,0.0
64,27,88,89,57,7,4,13,0,4.55,0.5714285714285714,0.0,0.5714285714285714
64,27,88,89,58,4,1,19,0,3.3043478260869565,0.25,0.0,0.25
64,27,88,89,59,2,0,21,0,1.826086956521739,0.0,0.0,0.0
64,27,88,89,60,2,0,23,0,1.84,0.0,0.0,0.0
64,27,88,89,61,2,0,25,0,1.8518518518518519,0.0,0.0,0.0
64,27,88,89,62,2,0,28,0,1.8666666666666667,0.0,0.0,0.0
64,27,88,89,63,2,0,30,0,1.875,0.0,0.0,0.0
64,27,88,89,64,2,0,32,0,1.8823529411764706,0.0,0.0,0.0
64,27,88,89,65,2,0,35,0,1.8918918918918919,0.0,0.0,0.0
64,27,96,97,39,1,0,4,0,0.8,0.0,0.0,0.0
64,27,96,97,41,1,0,7,0,0.875,0.0,0.0,0.0
64,27,96,97,43,1,0,10,0,0.9090909090909091,0.0,0.0,0.0
64,27,96,97,47,1,0,14,0,0.9333333333333333,0.0,0.0,0.0
64,27,96,97,48,1,0,13,0,0.9285714285714286,0.0,0.0,0.0
64,27,96,97,49,3,0,10,0,2.3076923076923075,0.0,0.0,0.0
64,27,96,97,51,1,0,9,0,0.9,0.0,0.0,0.0
64,27,96,97,53,2,0,8,0,1.6,0.0,0.0,0.0
64,27,96,97,54,2,0,9,0,1.6363636363636365,0.0,0.0,0.0
64,27,96,97,55,3,0,10,0,2.3076923076923075,0.0,0.0,0.0
64,27,96,97,56,2,0,10,0,1.6666666666666667,0.0,0.0,0.0
64,27,96,97,57,4,0,11,0,2.933333333333333,0.0,0.0,0.0
64,27,96,97,58,2,0,12,0,1.7142857142857142,0.0,0.0,0.0
64,27,96,97,59,4,0,13,0,3.0588235294117645,0.0,0.0,0.0
64,27,96,97,60,2,0,17,0,1.7894736842105263,0.0,0.0,0.0
64,27,96,97,61,2,0,20,0,1.8181818181818181,0.0,0.0,0.0
64,27,96,97,62,2,0,24,0,1.8461538461538463,0.0,0.0,0.0
64,27,96,97,63,2,0,27,0,1.8620689655172413,0.0,0.0,0.0
64,27,96,97,64,2,0,30,0,1.875,0.0,0.0,0.0
64,27,96,97,65,2,0,33,0,1.8857142857142857,0.0,0.0,0.0
64,27,96,97,66,2,0,35,0,1.8918918918918919,0.0,0.0,0.0
64,27,104,105,43,5,0,11,0,3.4375,0.0,0.0,0.0
64,27,104,105,44,1,0,16,0,0.9411764705882353,0.0,0.0,0.0
64,27,104,105,45,2,0,17,0,1.7894736842105263,0.0,0.0,0.0
64,27,104,105,46,3,0,17,0,2.55,0.0,0.0,0.0
64,27,104,105,47,6,1,16,0,4.363636363636363,0.16666666666666666,0.0,0.16666666666666666
64,27,104,105,49,5,0,15,0,3.75,0.0,0.0,0.0
64,27,104,105,50,1,0,17,0,0.9444444444444444,0.0,0.0,0.0
64,27,104,105,51,6,0,14,0,4.2,0.0,0.0,0.0
64,27,104,105,53,5,1,12,0,3.5294117647058822,0.2,0.0,0.2
64,27,104,105,54,2,0,15,0,1.7647058823529411,0.0,0.0,0.0
64,27,104,105,55,6,1,14,0,4.2,0.16666666666666666,0.0,0.16666666666666666
64,27,104,105,56,3,0,15,0,2.5,0.0,0.0,0.0
64,27,104,105,57,5,1,15,0,3.75,0.2,0.0,0.2
64,27,104,105,58,4,0,17,0,3.238095238095238,0.0,0.0,0.0
64,27,104,105,59,4,0,18,0,3.272727272727273,0.0,0.0,0.0
64,27,104,105,60,3,0,21,0,2.625,0.0,0.0,0.0
64,27,104,105,61,3,0,23,0,2.6538461538461537,0.0,0.0,0.0
64,27,104,105,62,1,0,26,0,0.9629629629629629,0.0,0.0,0.0
64,27,104,105,63,3,0,27,0,2.7,0.0,0.0,0.0
64,27,104,105,64,2,0,30,0,1.875,0.0,0.0,0.0
64,27,104,105,65,2,0,33,0,1.8857142857142857,0.0,0.0,0.0
64,27,104,105,66,2,0,35,0,1.8918918918918919,0.0,0.0,0.0
64,27,112,113,37,2,0,3,0,1.2,0.0,0.0,0.0
64,27,112,113,38,1,0,7,0,0.875,0.0,0.0,0.0
64,27,112,113,39,2,0,10,0,1.6666666666666667,0.0,0.0,0.0
64,27,112,113,46,1,0,25,0,0.9615384615384616,0.0,0.0,0.0
64,27,112,113,47,2,0,25,0,1.8518518518518519,0.0,0.0,0.0
64,27,112,113,49,2,0,25,0,1.8518518518518519,0.0,0.0,0.0
64,27,112,113,50,1,0,26,0,0.9629629629629629,0.0,0.0,0.0
64,27,112,113,51,3,0,23,0,2.6538461538461537,0.0,0.0,0.0
64,27,112,113,52,1,0,22,0,0.9565217391304348,0.0,0.0,0.0
64,27,112,113,53,1,0,20,0,0.9523809523809523,0.0,0.0,0.0
64,27,112,113,54,3,0,19,0,2.590909090909091,0.0,0.0,0.0
64,27,112,113,55,4,1,20,0,3.3333333333333335,0.25,0.0,0.25
64,27,112,113,57,1,0,22,0,0.9565217391304348,0.0,0.0,0.0
64,27,112,113,60,3,0,23,0,2.6538461538461537,0.0,0.0,0.0
64,27,112,113,65,5,3,32,0,4.324324324324325,0.6,0.0,0.6
64,27,112,113,67,5,2,32,0,4.324324324324325,0.4,0.0,0.4
64,27,112,113,69,4,0,32,0,3.5555555555555554,0.0,0.0,0.0
64,27,112,113,71,4,0,30,0,3.5294117647058822,0.0,0.0,0.0
64,27,112,113,73,3,1,28,0,2.7096774193548385,0.3333333333333333,0.0,0.3333333333333333
64,27,120,121,36,2,0,1,0,0.6666666666666666,0.0,0.0,0.0
64,27,120,121,53,1,0,23,0,0.9583333333333334,0.0,0.0,0.0
64,27,120,121,55,1,0,22,0,0.9565217391304348,0.0,0.0,0.0
64,27,120,121,57,2,2,21,0,1.826086956521739,1.0,0.0,1.0
64,27,120,121,58,1,0,21,0,0.9545454545454546,0.0,0.0,0.0
64,27,120,121,59,3,2,19,0,2.590909090909091,0.6666666666666666,0.0,0.6666666666666666
64,27,120,121,61,4,1,19,0,3.3043478260869565,0.25,0.0,0.25
64,27,120,121,62,6,1,22,0,4.714285714285714,0.16666666666666666,0.0,0.16666666666666666
64,27,120,121,63,3,0,26,0,2.689655172413793,0.0,0.0,0.0
64,27,120,121,64,6,0,27,0,4.909090909090909,0.0,0.0,0.0
64,27,120,121,65,2,0,32,0,1.8823529411764706,0.0,0.0,0.0
64,27,120,121,66,3,0,31,1,2.735294117647059,0.0,0.03225806451612903,-0.03225806451612903
64,27,120,121,67,4,1,31,0,3.5428571428571427,0.25,0.0,0.25
64,27,120,121,68,3,0,31,0,2.735294117647059,0.0,0.0,0.0
64,27,120,121,69,4,1,31,0,3.5428571428571427,0.25,0.0,0.25
64,27,120,121,70,2,0,32,1,1.8823529411764706,0.0,0.03125,-0.03125
64,27,120,121,71,4,1,29,0,3.515151515151515,0.25,0.0,0.25
64,27,120,121,72,3,0,28,0,2.7096774193548385,0.0,0.0,0.0
64,27,120,121,73,2,0,29,0,1.8709677419354838,0.0,0.0,0.0
64,27,120,121,74,7,0,21,1,5.25,0.0,0.047619047619047616,-0.047619047619047616
64,27,120,121,75,2,0,19,0,1.8095238095238095,0.0,0.0,0.0
64,27,120,121,76,3,0,16,0,2.526315789473684,0.0,0.0,0.0
64,27,120,121,77,6,0,17,0,4.434782608695652,0.0,0.0,0.0
64,27,128,129,54,1,0,23,0,0.9583333333333334,0.0,0.0,0.0
64,27,128,129,58,2,0,21,0,1.826086956521739,0.0,0.0,0.0
64,27,128,129,59,2,0,22,0,1.8333333333333333,0.0,0.0,0.0
64,27,128,129,67,1,0,36,0,0.972972972972973,0.0,0.0,0.0
64,27,128,129,68,1,0,34,0,0.9714285714285714,0.0,0.0,0.0
64,27,128,129,69,2,0,32,0,1.8823529411764706,0.0,0.0,0.0
64,27,128,129,70,3,0,30,0,2.727272727272727,0.0,0.0,0.0
64,27,128,129,71,2,0,30,0,1.875,0.0,0.0,0.0
64,27,128,129,72,3,0,28,0,2.7096774193548385,0.0,0.0,0.0
64,27,128,129,73,2,0,29,0,1.8709677419354838,0.0,0.0,0.0
64,27,128,129,78,6,0,16,0,4.363636363636363,0.0,0.0,0.0
64,27,128,129,80,3,0,17,0,2.55,0.0,0.0,0.0
64,27,128,129,81,1,0,20,0,0.9523809523809523,0.0,0.0,0.0
64,27,136,137,5,1,0,2,0,0.6666666666666666,0.0,0.0,0.0
64,27,136,137,6,2,0,3,0,1.2,0.0,0.0,0.0
64,27,136,137,8,2,0,5,0,1.4285714285714286,0.0,0.0,0.0
64,27,136,137,10,1,0,7,0,0.875,0.0,0.0,0.0
64,27,136,137,12,1,1,8,0,0.8888888888888888,1.0,0.0,1.0
64,27,136,137,13,2,0,7,0,1.5555555555555556,0.0,0.0,0.0
64,27,136,137,14,5,0,3,0,1.875,0.0,0.0,0.0
64,27,136,137,15,2,0,2,0,1.0,0.0,0.0,0.0
64,27,136,137,35,1,0,1,0,0.5,0.0,0.0,0.0
64,27,136,137,71,3,0,31,0,2.735294117647059,0.0,0.0,0.0
64,27,136,137,73,4,2,27,0,3.4838709677419355,0.5,0.0,0.5
64,27,136,137,82,2,0,20,0,1.8181818181818181,0.0,0.0,0.0
64,27,144,145,2,1,0,4,0,0.8,0.0,0.0,0.0
64,27,144,145,4,2,0,6,0,1.5,0.0,0.0,0.0
64,27,144,145,6,1,0,8,0,0.8888888888888888,0.0,0.0,0.0
64,27,144,145,8,1,0,9,0,0.9,0.0,0.0,0.0
64,27,144,145,9,1,0,9,0,0.9,0.0,0.0,0.0
64,27,144,145,10,1,0,9,0,0.9,0.0,0.0,0.0
64,27,144,145,12,1,0,10,0,0.9090909090909091,0.0,0.0,0.0
64,27,144,145,14,1,0,11,0,0.9166666666666666,0.0,0.0,0.0
64,27,144,145,15,2,0,9,0,1.6363636363636365,0.0,0.0,0.0
64,27,144,145,16,2,0,7,0,1.5555555555555556,0.0,0.0,0.0
64,27,144,145,18,2,1,5,0,1.4285714285714286,0.5,0.0,0.5
64,27,152,153,7,1,0,10,0,0.9090909090909091,0.0,0.0,0.0
64,27,152,153,9,1,0,11,0,0.9166666666666666,0.0,0.0,0.0
64,27,152,153,11,1,0,12,0,0.9230769230769231,0.0,0.0,0.0
64,27,152,153,12,1,0,12,0,0.9230769230769231,0.0,0.0,0.0
64,27,152,153,14,1,0,13,0,0.9285714285714286,0.0,0.0,0.0
64,27,152,153,16,2,0,10,0,1.6666666666666667,0.0,0.0,0.0
64,27,152,153,21,2,0,5,0,1.4285714285714286,0.0,0.0,0.0
64,27,152,153,23,1,0,3,0,0.75,0.0,0.0,0.0
64,27,152,153,34,1,0,1,0,0.5,0.0,0.0,0.0
64,27,160,161,10,1,0,13,0,0.9285714285714286,0.0,0.0,0.0
64,27,160,161,12,1,0,14,0,0.9333333333333333,0.0,0.0,0.0
64,27,160,161,17,1,0,10,0,0.9090909090909091,0.0,0.0,0.0
64,27,160,161,20,2,0,6,0,1.5,0.0,0.0,0.0
64,27,160,161,22,2,0,5,0,1.4285714285714286,0.0,0.0,0.0
64,27,160,161,23,1,0,4,0,0.8,0.0,0.0,0.0
64,27,160,161,24,2,0,2,0,1.0,0.0,0.0,0.0
64,27,160,161,25,2,0,1,0,0.6666666666666666,0.0,0.0,0.0
64,27,160,161,34,1,0,1,0,0.5,0.0,0.0,0.0
64,27,168,169,17,1,0,10,0,0.9090909090909091,0.0,0.0,0.0
64,27,168,169,19,1,0,7,0,0.875,0.0,0.0,0.0
64,27,168,169,20,2,0,6,0,1.5,0.0,0.0,0.0
64,27,168,169,21,1,0,7,0,0.875,0.0,0.0,0.0
64,27,168,169,22,1,0,6,0,0.8571428571428571,0.0,0.0,0.0
64,27,168,169,23,2,0,4,0,1.3333333333333333,0.0,0.0,0.0
64,27,168,169,24,3,0,2,0,1.2,0.0,0.0,0.0
64,27,168,169,25,4,0,1,0,0.8,0.0,0.0,0.0
64,27,168,169,26,3,0,1,0,0.75,0.0,0.0,0.0
64,27,168,169,27,3,0,1,0,0.75,0.0,0.0,0.0
64,27,168,169,28,2,0,1,0,0.6666666666666666,0.0,0.0,0.0
64,27,168,169,33,2,0,1,0,0.6666666666666666,0.0,0.0,0.0
64,27,168,169,35,1,0,2,0,0.6666666666666666,0.0,0.0,0.0
64,27,176,177,18,1,0,8,0,0.8888888888888888,0.0,0.0,0.0
64,27,176,177,19,1,0,8,0,0.8888888888888888,0.0,0.0,0.0
64,27,176,177,21,1,0,7,0,0.875,0.0,0.0,0.0
64,27,176,177,22,1,0,7,0,0.875,0.0,0.0,0.0
64,27,176,177,23,3,0,5,0,1.875,0.0,0.0,0.0
64,27,176,177,24,3,0,4,0,1.7142857142857142,0.0,0.0,0.0
64,27,176,177,25,3,0,3,0,1.5,0.0,0.0,0.0
64,27,176,177,26,3,0,2,0,1.2,0.0,0.0,0.0
64,27,176,177,27,3,0,2,0,1.2,0.0,0.0,0.0
64,27,176,177,28,3,0,2,0,1.2,0.0,0.0,0.0
64,27,176,177,29,3,0,2,0,1.2,0.0,0.0,0.0
64,27,176,177,30,3,0,2,0,1.2,0.0,0.0,0.0
64,27,176,177,31,3,0,2,0,1.2,0.0,0.0,0.0
64,27,176,177,32,3,0,2,0,1.2,0.0,0.0,0.0
64,27,176,177,33,2,0,2,0,1.0,0.0,0.0,0.0
64,27,176,177,34,1,0,2,0,0.6666666666666666,0.0,0.0,0.0
64,27,176,177,35,1,0,2,0,0.6666666666666666,0.0,0.0,0.0
64,27,184,185,18,1,0,8,0,0.8888888888888888,0.0,0.0,0.0
64,27,184,185,19,1,0,8,0,0.8888888888888888,0.0,0.0,0.0
64,27,184,185,21,1,0,7,0,0.875,0.0,0.0,0.0
64,27,184,185,22,1,0,7,0,0.875,0.0,0.0,0.0
64,27,184,185,23,1,0,7,0,0.875,0.0,0.0,0.0
64,27,184,185,24,4,0,4,0,2.0,0.0,0.0,0.0
64,27,184,185,25,3,0,3,0,1.5,0.0,0.0,0.0
64,27,184,185,26,3,0,2,0,1.2,0.0,0.0,0.0
64,27,184,185,27,3,0,2,0,1.2,0.0,0.0,0.0
64,27,184,185,28,3,0,2,0,1.2,0.0,0.0,0.0
64,27,184,185,29,3,0,2,0,1.2,0.0,0.0,0.0
64,27,184,185,30,3,0,2,0,1.2,0.0,0.0,0.0
64,27,184,185,31,3,0,2,0,1.2,0.0,0.0,0.0
64,27,184,185,32,3,0,2,0,1.2,0.0,0.0,0.0
64,27,184,185,33,2,0,2,0,1.0,0.0,0.0,0.0
64,27,184,185,34,1,0,2,0,0.6666666666666666,0.0,0.0,0.0
64,27,184,185,35,1,0,2,0,0.6666666666666666,0.0,0.0,0.0
64,27,192,193,19,1,0,9,0,0.9,0.0,0.0,0.0
64,27,192,193,20,1,0,8,0,0.8888888888888888,0.0,0.0,0.0
64,27,192,193,22,1,0,7,0,0.875,0.0,0.0,0.0
64,27,192,193,23,1,0,7,0,0.875,0.0,0.0,0.0
64,27,192,193,24,3,0,5,0,1.875,0.0,0.0,0.0
64,27,192,193,25,3,0,4,0,1.7142857142857142,0.0,0.0,0.0
64,27,192,193,26,3,0,3,0,1.5,0.0,0.0,0.0
64,27,192,193,27,3,0,3,0,1.5,0.0,0.0,0.0
64,27,192,193,28,4,0,2,0,1.3333333333333333,0.0,0.0,0.0
64,27,192,193,29,3,0,2,0,1.2,0.0,0.0,0.0
64,27,192,193,30,3,0,2,0,1.2,0.0,0.0,0.0
64,27,192,193,31,3,0,2,0,1.2,0.0,0.0,0.0
64,27,192,193,32,3,0,2,0,1.2,0.0,0.0,0.0
64,27,192,193,33,2,0,2,0,1.0,0.0,0.0,0.0
64,27,192,193,34,1,0,2,0,0.6666666666666666,0.0,0.0,0.0
64,27,192,193,35,1,0,2,0,0.6666666666666666,0.0,0.0,0.0
64,27,200,201,19,1,0,9,0,0.9,0.0,0.0,0.0
64,27,200,201,20,1,0,8,0,0.8888888888888888,0.0,0.0,0.0
64,27,200,201,22,1,0,7,0,0.875,0.0,0.0,0.0
64,27,200,201,23,1,0,7,0,0.875,0.0,0.0,0.0
64,27,200,201,24,3,0,5,0,1.875,0.0,0.0,0.0
64,27,200,201,25,3,0,4,0,1.7142857142857142,0.0,0.0,0.0
64,27,200,201,26,4,0,2,0,1.3333333333333333,0.0,0.0,0.0
64,27,200,201,27,3,0,2,0,1.2,0.0,0.0,0.0
64,27,200,201,28,3,0,2,0,1.2,0.0,0.0,0.0
64,27,200,201,29,3,0,2,0,1.2,0.0,0.0,0.0
64,27,200,201,30,2,0,3,0,1.2,0.0,0.0,0.0
64,27,200,201,31,4,0,2,0,1.3333333333333333,0.0,0.0,0.0
64,27,200,201,32,2,0,3,0,1.2,0.0,0.0,0.0
64,27,200,201,33,3,0,2,0,1.2,0.0,0.0,0.0
64,27,200,201,34,1,0,2,0,0.6666666666666666,0.0,0.0,0.0
64,27,200,201,35,1,0,2,0,0.6666666666666666,0.0,0.0,0.0
64,27,208,209,19,1,0,9,0,0.9,0.0,0.0,0.0
64,27,208,209,21,1,0,8,0,0.8888888888888888,0.0,0.0,0.0
64,27,208,209,23,1,0,7,0,0.875,0.0,0.0,0.0
64,27,208,209,24,1,0,7,0,0.875,0.0,0.0,0.0
64,27,208,209,25,5,0,4,0,2.2222222222222223,0.0,0.0,0.0
64,27,208,209,26,2,0,5,0,1.4285714285714286,0.0,0.0,0.0
64,27,208,209,27,3,0,5,0,1.875,0.0,0.0,0.0
64,27,208,209,28,3,0,4,0,1.7142857142857142,0.0,0.0,0.0
64,27,208,209,29,4,1,3,0,1.7142857142857142,0.25,0.0,0.25
64,27,208,209,30,3,0,4,0,1.7142857142857142,0.0,0.0,0.0
64,27,208,209,31,3,0,4,0,1.7142857142857142,0.0,0.0,0.0
64,27,208,209,32,3,0,4,0,1.7142857142857142,0.0,0.0,0.0
64,27,208,209,33,2,0,3,0,1.2,0.0,0.0,0.0
64,27,208,209,34,1,0,2,0,0.6666666666666666,0.0,0.0,0.0
64,27,208,209,35,1,0,2,0,0.6666666666666666,0.0,0.0,0.0
64,27,216,217,20,1,0,9,0,0.9,0.0,0.0,0.0
64,27,216,217,22,1,0,8,0,0.8888888888888888,0.0,0.0,0.0
64,27,216,217,23,1,0,8,0,0.8888888888888888,0.0,0.0,0.0
64,27,216,217,24,1,0,8,0,0.8888888888888888,0.0,0.0,0.0
64,27,216,217,25,3,0,6,0,2.0,0.0,0.0,0.0
64,27,216,217,26,3,0,5,0,1.875,0.0,0.0,0.0
64,27,216,217,27,3,0,5,0,1.875,0.0,0.0,0.0
64,27,216,217,28,3,0,5,0,1.875,0.0,0.0,0.0
64,27,216,217,29,3,0,5,0,1.875,0.0,0.0,0.0
64,27,216,217,30,3,0,5,0,1.875,0.0,0.0,0.0
64,27,216,217,31,4,0,4,0,2.0,0.0,0.0,0.0
64,27,216,217,32,3,0,4,0,1.7142857142857142,0.0,0.0,0.0
64,27,216,217,33,2,0,3,0,1.2,0.0,0.0,0.0
64,27,216,217,34,1,0,2,0,0.6666666666666666,0.0,0.0,0.0
64,27,216,217,36,1,0,3,0,0.75,0.0,0.0,0.0
64,27,224,225,21,1,0,9,0,0.9,0.0,0.0,0.0
64,27,224,225,23,1,0,8,0,0.8888888888888888,0.0,0.0,0.0
64,27,224,225,24,1,0,8,0,0.8888888888888888,0.0,0.0,0.0
64,27,224,225,25,1,0,8,0,0.8888888888888888,0.0,0.0,0.0
64,27,224,225,26,4,0,5,0,2.2222222222222223,0.0,0.0,0.0
64,27,224,225,27,3,0,5,0,1.875,0.0,0.0,0.0
64,27,224,225,28,3,0,5,0,1.875,0.0,0.0,0.0
64,27,224,225,29,4,1,5,0,2.2222222222222223,0.25,0.0,0.25
64,27,224,225,30,3,0,6,0,2.0,0.0,0.0,0.0
64,27,224,225,31,2,0,6,0,1.5,0.0,0.0,0.0
64,27,224,225,32,4,0,4,0,2.0,0.0,0.0,0.0
64,27,224,225,33,2,0,3,0,1.2,0.0,0.0,0.0
64,27,224,225,34,1,0,2,0,0.6666666666666666,0.0,0.0,0.0
64,27,224,225,36,1,0,3,0,0.75,0.0,0.0,0.0
64,27,232,233,25,1,0,9,0,0.9,0.0,0.0,0.0
64,27,232,233,27,5,0,5,0,2.5,0.0,0.0,0.0
64,27,232,233,28,3,0,6,0,2.0,0.0,0.0,0.0
64,27,232,233,29,3,0,7,0,2.1,0.0,0.0,0.0
64,27,232,233,30,2,0,7,0,1.5555555555555556,0.0,0.0,0.0
64,27,232,233,31,1,0,8,0,0.8888888888888888,0.0,0.0,0.0
64,27,232,233,32,2,0,7,0,1.5555555555555556,0.0,0.0,0.0
64,27,232,233,33,3,0,4,0,1.7142857142857142,0.0,0.0,0.0
64,27,232,233,34,1,0,3,0,0.75,0.0,0.0,0.0
64,27,232,233,35,1,0,3,0,0.75,0.0,0.0,0.0
64,27,232,233,36,1,0,3,0,0.75,0.0,0.0,0.0
64,27,240,241,28,3,0,9,0,2.25,0.0,0.0,0.0
64,27,240,241,29,2,0,9,0,1.6363636363636365,0.0,0.0,0.0
64,27,240,241,30,2,0,9,0,1.6363636363636365,0.0,0.0,0.0
64,27,240,241,31,2,0,9,0,1.6363636363636365,0.0,0.0,0.0
64,27,240,241,32,3,0,7,0,2.1,0.0,0.0,0.0
64,27,240,241,33,2,0,5,0,1.4285714285714286,0.0,0.0,0.0
64,27,240,241,34,2,0,3,0,1.2,0.0,0.0,0.0
64,27,240,241,35,1,0,3,0,0.75,0.0,0.0,0.0
64,27,240,241,36,1,0,3,0,0.75,0.0,0.0,0.0
64,27,248,249,29,3,0,10,0,2.3076923076923075,0.0,0.0,0.0
64,27,248,249,30,2,0,10,0,1.6666666666666667,0.0,0.0,0.0
64,27,248,249,31,3,0,9,0,2.25,0.0,0.0,0.0
64,27,248,249,32,2,0,8,0,1.6,0.0,0.0,0.0
64,27,248,249,33,3,0,5,0,1.875,0.0,0.0,0.0
64,27,248,249,34,2,0,3,0,1.2,0.0,0.0,0.0
64,27,248,249,35,1,0,3,0,0.75,0.0,0.0,0.0
64,27,248,249,37,1,0,6,0,0.8571428571428571,0.0,0.0,0.0
64,27,248,249,41,1,0,16,0,0.9411764705882353,0.0,0.0,0.0
64,27,248,249,42,1,0,18,0,0.9473684210526315,0.0,0.0,0.0
64,27,248,249,43,2,0,20,0,1.8181818181818181,0.0,0.0,0.0
64,27,248,249,45,1,0,24,0,0.96,0.0,0.0,0.0
64,28,8,9,2,5,0,2,0,1.4285714285714286,0.0,0.0,0.0
64,28,8,9,4,4,0,1,0,0.8,0.0,0.0,0.0
64,28,8,9,9,23,22,2,0,1.84,0.9565217391304348,0.0,0.9565217391304348
64,28,16,17,6,1,0,14,0,0.9333333333333333,0.0,0.0,0.0
64,28,16,17,7,5,0,12,0,3.5294117647058822,0.0,0.0,0.0
64,28,16,17,8,9,0,6,0,3.6,0.0,0.0,0.0
64,28,16,17,9,5,0,4,0,2.2222222222222223,0.0,0.0,0.0
64,28,16,17,10,4,2,1,0,0.8,0.5,0.0,0.5
64,28,16,17,14,21,0,8,0,5.793103448275862,0.0,0.0,0.0
64,28,16,17,15,2,0,29,0,1.8709677419354838,0.0,0.0,0.0
64,28,24,25,10,1,0,28,0,0.9655172413793104,0.0,0.0,0.0
64,28,24,25,11,1,0,30,0,0.967741935483871,0.0,0.0,0.0
64,28,24,25,12,10,0,21,0,6.774193548387097,0.0,0.0,0.0
64,28,24,25,19,29,28,1,0,0.9666666666666667,0.9655172413793104,0.0,0.9655172413793104
64,28,32,33,15,1,0,30,0,0.967741935483871,0.0,0.0,0.0
64,28,32,33,16,4,0,25,0,3.4482758620689653,0.0,0.0,0.0
64,28,32,33,17,4,0,21,0,3.36,0.0,0.0,0.0
64,28,32,33,18,5,0,16,0,3.8095238095238093,0.0,0.0,0.0
64,28,32,33,19,6,0,10,0,3.75,0.0,0.0,0.0
64,28,32,33,25,17,15,1,0,0.9444444444444444,0.8823529411764706,0.0,0.8823529411764706
64,28,40,41,22,5,0,22,0,4.074074074074074,0.0,0.0,0.0
64,28,40,41,23,3,0,17,0,2.55,0.0,0.0,0.0
64,28,40,41,24,9,0,7,0,3.9375,0.0,0.0,0.0
64,28,40,41,25,2,0,4,0,1.3333333333333333,0.0,0.0,0.0
64,28,40,41,30,6,0,4,0,2.4,0.0,0.0,0.0
64,28,48,49,28,6,0,4,0,2.4,0.0,0.0,0.0
64,28,48,49,29,2,0,1,0,0.6666666666666666,0.0,0.0,0.0
64,28,48,49,32,3,0,1,0,0.75,0.0,0.0,0.0
64,28,48,49,33,4,2,4,0,2.0,0.5,0.0,0.5
64,28,48,49,34,6,0,8,0,3.4285714285714284,0.0,0.0,0.0
64,28,48,49,35,8,4,15,0,5.217391304347826,0.5,0.0,0.5
64,28,48,49,36,4,0,26,0,3.466666666666667,0.0,0.0,0.0
64,28,56,57,30,2,0,8,0,1.6,0.0,0.0,0.0
64,28,56,57,32,2,0,7,0,1.5555555555555556,0.0,0.0,0.0
64,28,56,57,33,5,0,6,0,2.727272727272727,0.0,0.0,0.0
64,28,56,57,34,9,0,3,0,2.25,0.0,0.0,0.0
64,28,56,57,35,3,1,4,0,1.7142857142857142,0.3333333333333333,0.0,0.3333333333333333
64,28,56,57,36,2,0,7,0,1.5555555555555556,0.0,0.0,0.0
64,28,56,57,37,5,2,8,0,3.076923076923077,0.4,0.0,0.4
64,28,56,57,38,8,0,11,0,4.631578947368421,0.0,0.0,0.0
64,28,56,57,39,10,6,19,0,6.551724137931035,0.6,0.0,0.6
64,28,56,57,40,4,0,28,0,3.5,0.0,0.0,0.0
64,28,56,57,41,9,5,35,0,7.159090909090909,0.5555555555555556,0.0,0.5555555555555556
64,28,56,57,42,4,0,44,0,3.6666666666666665,0.0,0.0,0.0
64,28,64,65,31,1,0,10,0,0.9090909090909091,0.0,0.0,0.0
64,28,64,65,32,2,0,10,0,1.6666666666666667,0.0,0.0,0.0
64,28,64,65,33,2,1,13,0,1.7333333333333334,0.5,0.0,0.5
64,28,64,65,34,5,0,14,0,3.6842105263157894,0.0,0.0,0.0
64,28,64,65,35,3,0,17,0,2.55,0.0,0.0,0.0
64,28,64,65,36,9,0,18,0,6.0,0.0,0.0,0.0
64,28,64,65,37,3,0,22,0,2.64,0.0,0.0,0.0
64,28,64,65,38,14,0,14,0,7.0,0.0,0.0,0.0
64,28,64,65,39,6,0,15,0,4.285714285714286,0.0,0.0,0.0
64,28,64,65,40,10,0,10,0,5.0,0.0,0.0,0.0
64,28,64,65,41,6,1,11,0,3.8823529411764706,0.16666666666666666,0.0,0.16666666666666666
64,28,64,65,42,3,0,14,0,2.4705882352941178,0.0,0.0,0.0
64,28,64,65,43,7,5,14,0,4.666666666666667,0.7142857142857143,0.0,0.7142857142857143
64,28,64,65,44,6,0,17,0,4.434782608695652,0.0,0.0,0.0
64,28,64,65,45,15,9,18,0,8.181818181818182,0.6,0.0,0.6
64,28,64,65,46,2,0,30,0,1.875,0.0,0.0,0.0
64,28,64,65,47,9,5,29,0,6.868421052631579,0.5555555555555556,0.0,0.5555555555555556
64,28,72,73,32,1,0,12,0,0.9230769230769231,0.0,0.0,0.0
64,28,72,73,33,2,0,14,0,1.75,0.0,0.0,0.0
64,28,72,73,34,2,0,16,0,1.7777777777777777,0.0,0.0,0.0
64,28,72,73,35,5,1,18,0,3.9130434782608696,0.2,0.0,0.2
64,28,72,73,36,3,0,24,0,2.6666666666666665,0.0,0.0,0.0
64,28,72,73,37,5,1,26,0,4.193548387096774,0.2,0.0,0.2
64,28,72,73,38,3,0,30,0,2.727272727272727,0.0,0.0,0.0
64,28,72,73,39,5,1,33,0,4.342105263157895,0.2,0.0,0.2
64,28,72,73,40,4,0,36,0,3.6,0.0,0.0,0.0
64,28,72,73,41,5,1,39,0,4.431818181818182,0.2,0.0,0.2
64,28,72,73,42,4,0,40,0,3.6363636363636362,0.0,0.0,0.0
64,28,72,73,43,5,1,38,0,4.4186046511627906,0.2,0.0,0.2
64,28,72,73,44,15,0,27,0,9.642857142857142,0.0,0.0,0.0
64,28,72,73,45,5,1,27,0,4.21875,0.2,0.0,0.2
64,28,72,73,46,15,0,15,0,7.5,0.0,0.0,0.0
64,28,72,73,47,3,1,16,0,2.526315789473684,0.3333333333333333,0.0,0.3333333333333333
64,28,72,73,48,1,0,18,0,0.9473684210526315,0.0,0.0,0.0
64,28,72,73,49,1,1,20,0,0.9523809523809523,1.0,0.0,1.0
64,28,72,73,51,6,5,24,0,4.8,0.8333333333333334,0.0,0.8333333333333334
64,28,72,73,52,1,0,33,0,0.9705882352941176,0.0,0.0,0.0
64,28,72,73,53,1,0,35,0,0.9722222222222222,0.0,0.0,0.0
64,28,80,81,32,1,0,12,0,0.9230769230769231,0.0,0.0,0.0
64,28,80,81,33,1,0,15,0,0.9375,0.0,0.0,0.0
64,28,80,81,34,1,0,18,0,0.9473684210526315,0.0,0.0,0.0
64,28,80,81,35,2,0,20,0,1.8181818181818181,0.0,0.0,0.0
64,28,80,81,36,2,0,23,0,1.84,0.0,0.0,0.0
64,28,80,81,37,4,2,25,0,3.4482758620689653,0.5,0.0,0.5
64,28,80,81,38,2,0,28,0,1.8666666666666667,0.0,0.0,0.0
64,28,80,81,39,4,0,30,0,3.5294117647058822,0.0,0.0,0.0
64,28,80,81,40,3,0,33,0,2.75,0.0,0.0,0.0
64,28,80,81,41,4,1,37,0,3.6097560975609757,0.25,0.0,0.25
64,28,80,81,42,3,0,39,0,2.7857142857142856,0.0,0.0,0.0
64,28,80,81,43,3,1,38,0,2.7804878048780486,0.3333333333333333,0.0,0.3333333333333333
64,28,80,81,44,4,0,38,0,3.619047619047619,0.0,0.0,0.0
64,28,80,81,45,3,1,36,0,2.769230769230769,0.3333333333333333,0.0,0.3333333333333333
64,28,80,81,46,1,0,33,0,0.9705882352941176,0.0,0.0,0.0
64,28,80,81,47,3,2,30,0,2.727272727272727,0.6666666666666666,0.0,0.6666666666666666
64,28,80,81,49,4,3,27,0,3.4838709677419355,0.75,0.0,0.75
64,28,80,81,50,1,0,30,0,0.967741935483871,0.0,0.0,0.0
64,28,80,81,51,3,2,29,0,2.71875,0.6666666666666666,0.0,0.6666666666666666
64,28,80,81,52,6,0,26,0,4.875,0.0,0.0,0.0
64,28,80,81,53,2,0,27,0,1.8620689655172413,0.0,0.0,0.0
64,28,80,81,54,2,0,30,0,1.875,0.0,0.0,0.0
64,28,80,81,55,4,2,33,0,3.5675675675675675,0.5,0.0,0.5
64,28,80,81,56,3,0,38,0,2.7804878048780486,0.0,0.0,0.0
64,28,88,89,33,1,0,16,0,0.9411764705882353,0.0,0.0,0.0
64,28,88,89,34,1,0,19,0,0.95,0.0,0.0,0.0
64,28,88,89,36,4,0,24,0,3.4285714285714284,0.0,0.0,0.0
64,28,88,89,38,3,0,29,0,2.71875,0.0,0.0,0.0
64,28,88,89,39,1,0,32,0,0.9696969696969697,0.0,0.0,0.0
64,28,88,89,40,4,0,33,0,3.5675675675675675,0.0,0.0,0.0
64,28,88,89,41,1,0,39,0,0.975,0.0,0.0,0.0
64,28,88,89,42,3,0,40,0,2.7906976744186047,0.0,0.0,0.0
64,28,88,89,43,1,0,40,0,0.975609756097561,0.0,0.0,0.0
64,28,88,89,44,3,0,39,0,2.7857142857142856,0.0,0.0,0.0
64,28,88,89,45,2,0,37,0,1.8974358974358974,0.0,0.0,0.0
64,28,88,89,46,3,0,32,0,2.742857142857143,0.0,0.0,0.0
64,28,88,89,47,1,0,30,0,0.967741935483871,0.0,0.0,0.0
64,28,88,89,48,1,0,27,0,0.9642857142857143,0.0,0.0,0.0
64,28,88,89,50,1,0,29,0,0.9666666666666667,0.0,0.0,0.0
64,28,88,89,52,5,0,29,0,4.264705882352941,0.0,0.0,0.0
64,28,88,89,53,2,0,32,0,1.8823529411764706,0.0,0.0,0.0
64,28,88,89,54,4,0,30,0,3.5294117647058822,0.0,0.0,0.0
64,28,88,89,55,2,1,31,0,1.878787878787879,0.5,0.0,0.5
64,28,88,89,56,1,0,33,0,0.9705882352941176,0.0,0.0,0.0
64,28,88,89,57,3,2,35,0,2.763157894736842,0.6666666666666666,0.0,0.6666666666666666
64,28,88,89,58,2,0,38,0,1.9,0.0,0.0,0.0
64,28,88,89,59,3,2,39,0,2.7857142857142856,0.6666666666666666,0.0,0.6666666666666666
64,28,88,89,60,2,0,40,0,1.9047619047619047,0.0,0.0,0.0
64,28,88,89,61,6,3,39,0,5.2,0.5,0.0,0.5
64,28,88,89,62,1,0,43,0,0.9772727272727273,0.0,0.0,0.0
64,28,88,89,63,2,0,42,0,1.9090909090909092,0.0,0.0,0.0
64,28,96,97,36,2,0,28,0,1.8666666666666667,0.0,0.0,0.0
64,28,96,97,38,2,0,32,0,1.8823529411764706,0.0,0.0,0.0
64,28,96,97,39,1,0,36,0,0.972972972972973,0.0,0.0,0.0
64,28,96,97,40,2,0,38,0,1.9,0.0,0.0,0.0
64,28,96,97,41,2,2,41,0,1.9069767441860466,1.0,0.0,1.0
64,28,96,97,42,3,0,43,0,2.8043478260869565,0.0,0.0,0.0
64,28,96,97,43,2,2,43,0,1.9111111111111112,1.0,0.0,1.0
64,28,96,97,44,1,0,43,0,0.9772727272727273,0.0,0.0,0.0
64,28,96,97,45,4,2,40,0,3.6363636363636362,0.5,0.0,0.5
64,28,96,97,46,1,0,38,0,0.9743589743589743,0.0,0.0,0.0
64,28,96,97,47,4,2,34,0,3.5789473684210527,0.5,0.0,0.5
64,28,96,97,49,3,1,29,0,2.71875,0.3333333333333333,0.0,0.3333333333333333
64,28,96,97,50,1,0,32,0,0.9696969696969697,0.0,0.0,0.0
64,28,96,97,52,2,0,32,0,1.8823529411764706,0.0,0.0,0.0
64,28,96,97,53,4,1,32,0,3.5555555555555554,0.25,0.0,0.25
64,28,96,97,54,2,1,34,0,1.8888888888888888,0.5,0.0,0.5
64,28,96,97,55,1,0,35,3,0.9722222222222222,0.0,0.08571428571428572,-0.08571428571428572
64,28,96,97,56,3,0,35,0,2.763157894736842,0.0,0.0,0.0
64,28,96,97,57,2,0,37,2,1.8974358974358974,0.0,0.05405405405405406,-0.05405405405405406
64,28,96,97,58,5,0,36,0,4.390243902439025,0.0,0.0,0.0
64,28,96,97,59,2,0,37,0,1.8974358974358974,0.0,0.0,0.0
64,28,96,97,60,5,0,34,0,4.358974358974359,0.0,0.0,0.0
64,28,96,97,61,1,1,33,0,0.9705882352941176,1.0,0.0,1.0
64,28,96,97,62,1,0,32,0,0.9696969696969697,0.0,0.0,0.0
64,28,96,97,63,3,3,31,0,2.735294117647059,1.0,0.0,1.0
64,28,96,97,64,1,0,31,0,0.96875,0.0,0.0,0.0
64,28,96,97,65,5,4,28,0,4.242424242424242,0.8,0.0,0.8
64,28,96,97,66,2,0,27,0,1.8620689655172413,0.0,0.0,0.0
64,28,96,97,67,5,3,23,0,4.107142857142857,0.6,0.0,0.6
64,28,104,105,39,1,0,39,0,0.975,0.0,0.0,0.0
64,28,104,105,42,1,0,43,0,0.9772727272727273,0.0,0.0,0.0
64,28,104,105,43,1,1,42,0,0.9767441860465116,1.0,0.0,1.0
64,28,104,105,45,1,0,39,0,0.975,0.0,0.0,0.0
64,28,104,105,46,1,0,35,0,0.9722222222222222,0.0,0.0,0.0
64,28,104,105,47,1,0,32,0,0.9696969696969697,0.0,0.0,0.0
64,28,104,105,48,1,0,28,0,0.9655172413793104,0.0,0.0,0.0
64,28,104,105,49,2,1,26,0,1.8571428571428572,0.5,0.0,0.5
64,28,104,105,51,3,1,26,0,2.689655172413793,0.3333333333333333,0.0,0.3333333333333333
64,28,104,105,52,1,0,27,0,0.9642857142857143,0.0,0.0,0.0
64,28,104,105,53,4,1,27,0,3.4838709677419355,0.25,0.0,0.25
64,28,104,105,54,4,0,30,0,3.5294117647058822,0.0,0.0,0.0
64,28,104,105,55,2,0,34,0,1.8888888888888888,0.0,0.0,0.0
64,28,104,105,56,2,0,36,0,1.894736842105263,0.0,0.0,0.0
64,28,104,105,57,3,0,38,0,2.7804878048780486,0.0,0.0,0.0
64,28,104,105,58,2,0,40,0,1.9047619047619047,0.0,0.0,0.0
64,28,104,105,59,3,0,40,0,2.7906976744186047,0.0,0.0,0.0
64,28,104,105,60,3,0,40,0,2.7906976744186047,0.0,0.0,0.0
64,28,104,105,61,3,0,39,0,2.7857142857142856,0.0,0.0,0.0
64,28,104,105,62,5,0,36,0,4.390243902439025,0.0,0.0,0.0
64,28,104,105,63,3,0,35,0,2.763157894736842,0.0,0.0,0.0
64,28,104,105,64,7,0,29,0,5.638888888888889,0.0,0.0,0.0
64,28,104,105,65,4,0,27,0,3.4838709677419355,0.0,0.0,0.0
64,28,104,105,66,8,0,20,0,5.714285714285714,0.0,0.0,0.0
64,28,104,105,71,3,3,9,0,2.25,1.0,0.0,1.0
64,28,112,113,41,2,0,44,0,1.9130434782608696,0.0,0.0,0.0
64,28,112,113,42,2,0,44,0,1.9130434782608696,0.0,0.0,0.0
64,28,112,113,43,2,0,42,0,1.9090909090909092,0.0,0.0,0.0
64,28,112,113,44,4,0,40,0,3.6363636363636362,0.0,0.0,0.0
64,28,112,113,45,1,1,38,0,0.9743589743589743,1.0,0.0,1.0
64,28,112,113,46,1,0,34,0,0.9714285714285714,0.0,0.0,0.0
64,28,112,113,47,1,1,30,0,0.967741935483871,1.0,0.0,1.0
64,28,112,113,48,1,0,26,0,0.9629629629629629,0.0,0.0,0.0
64,28,112,113,49,1,0,24,0,0.96,0.0,0.0,0.0
64,28,112,113,50,1,0,25,0,0.9615384615384616,0.0,0.0,0.0
64,28,112,113,51,2,1,25,0,1.8518518518518519,0.5,0.0,0.5
64,28,112,113,53,2,1,29,0,1.8709677419354838,0.5,0.0,0.5
64,28,112,113,54,1,0,33,0,0.9705882352941176,0.0,0.0,0.0
64,28,112,113,55,2,0,37,0,1.8974358974358974,0.0,0.0,0.0
64,28,112,113,63,1,0,43,0,0.9772727272727273,0.0,0.0,0.0
64,28,112,113,64,2,0,39,0,1.9024390243902438,0.0,0.0,0.0
64,28,112,113,66,2,0,32,0,1.8823529411764706,0.0,0.0,0.0
64,28,112,113,68,2,0,21,0,1.826086956521739,0.0,0.0,0.0
64,28,112,113,69,1,0,17,0,0.9444444444444444,0.0,0.0,0.0
64,28,112,113,70,3,0,10,0,2.3076923076923075,0.0,0.0,0.0
64,28,120,121,42,1,0,47,0,0.9791666666666666,0.0,0.0,0.0
64,28,120,121,44,2,1,44,0,1.9130434782608696,0.5,0.0,0.5
64,28,120,121,45,1,0,41,0,0.9761904761904762,0.0,0.0,0.0
64,28,120,121,46,1,0,36,0,0.972972972972973,0.0,0.0,0.0
64,28,120,121,47,2,1,32,0,1.8823529411764706,0.5,0.0,0.5
64,28,120,121,48,4,0,25,0,3.4482758620689653,0.0,0.0,0.0
64,28,120,121,49,3,1,22,0,2.64,0.3333333333333333,0.0,0.3333333333333333
64,28,120,121,50,3,0,22,0,2.64,0.0,0.0,0.0
64,28,120,121,51,3,1,21,0,2.625,0.3333333333333333,0.0,0.3333333333333333
64,28,120,121,52,3,0,21,0,2.625,0.0,0.0,0.0
64,28,120,121,53,3,1,21,0,2.625,0.3333333333333333,0.0,0.3333333333333333
64,28,120,121,54,4,0,22,0,3.3846153846153846,0.0,0.0,0.0
64,28,120,121,55,6,1,25,0,4.838709677419355,0.16666666666666666,0.0,0.16666666666666666
64,28,120,121,56,4,0,29,0,3.515151515151515,0.0,0.0,0.0
64,28,120,121,57,8,4,32,0,6.4,0.5,0.0,0.5
64,28,120,121,58,6,0,37,0,5.162790697674419,0.0,0.0,0.0
64,28,120,121,59,6,1,39,0,5.2,0.16666666666666666,0.0,0.16666666666666666
64,28,120,121,60,4,0,41,0,3.6444444444444444,0.0,0.0,0.0
64,28,120,121,61,4,0,40,0,3.6363636363636362,0.0,0.0,0.0
64,28,120,121,62,4,0,39,0,3.627906976744186,0.0,0.0,0.0
64,28,120,121,63,4,0,38,0,3.619047619047619,0.0,0.0,0.0
64,28,120,121,64,3,0,37,0,2.775,0.0,0.0,0.0
64,28,120,121,65,5,1,33,0,4.342105263157895,0.2,0.0,0.2
64,28,120,121,66,1,0,31,0,0.96875,0.0,0.0,0.0
64,28,120,121,67,2,0,26,0,1.8571428571428572,0.0,0.0,0.0
64,28,128,129,44,1,0,46,0,0.9787234042553191,0.0,0.0,0.0
64,28,128,129,46,1,0,39,0,0.975,0.0,0.0,0.0
64,28,128,129,47,1,0,35,0,0.9722222222222222,0.0,0.0,0.0
64,28,128,129,48,2,0,29,0,1.8709677419354838,0.0,0.0,0.0
64,28,128,129,49,1,0,26,0,0.9629629629629629,0.0,0.0,0.0
64,28,128,129,50,2,0,25,0,1.8518518518518519,0.0,0.0,0.0
64,28,128,129,51,2,1,24,0,1.8461538461538463,0.5,0.0,0.5
64,28,128,129,52,4,0,23,0,3.4074074074074074,0.0,0.0,0.0
64,28,128,129,53,4,0,21,0,3.36,0.0,0.0,0.0
64,28,128,129,54,4,0,21,0,3.36,0.0,0.0,0.0
64,28,128,129,55,4,0,24,0,3.4285714285714284,0.0,0.0,0.0
64,28,128,129,56,4,0,27,0,3.4838709677419355,0.0,0.0,0.0
64,28,128,129,57,4,0,31,0,3.5428571428571427,0.0,0.0,0.0
64,28,128,129,58,4,0,34,0,3.5789473684210527,0.0,0.0,0.0
64,28,128,129,59,4,0,36,0,3.6,0.0,0.0,0.0
64,28,128,129,60,4,0,37,0,3.6097560975609757,0.0,0.0,0.0
64,28,128,129,61,4,0,37,0,3.6097560975609757,0.0,0.0,0.0
64,28,128,129,62,4,0,37,0,3.6097560975609757,0.0,0.0,0.0
64,28,128,129,63,5,1,37,0,4.404761904761905,0.2,0.0,0.2
64,28,128,129,64,4,0,36,0,3.6,0.0,0.0,0.0
64,28,128,129,65,4,0,33,0,3.5675675675675675,0.0,0.0,0.0
64,28,128,129,66,2,0,30,0,1.875,0.0,0.0,0.0
64,28,128,129,67,2,0,26,0,1.8571428571428572,0.0,0.0,0.0
64,28,136,137,50,1,0,32,0,0.9696969696969697,0.0,0.0,0.0
64,28,136,137,52,2,0,33,0,1.8857142857142857,0.0,0.0,0.0
64,28,136,137,53,3,0,32,0,2.742857142857143,0.0,0.0,0.0
64,28,136,137,54,6,0,28,0,4.9411764705882355,0.0,0.0,0.0
64,28,136,137,55,7,1,26,0,5.515151515151516,0.14285714285714285,0.0,0.14285714285714285
64,28,136,137,56,4,0,29,0,3.515151515151515,0.0,0.0,0.0
64,28,136,137,57,5,1,31,0,4.305555555555555,0.2,0.0,0.2
64,28,136,137,58,3,0,35,0,2.763157894736842,0.0,0.0,0.0
64,28,136,137,59,4,0,36,0,3.6,0.0,0.0,0.0
64,28,136,137,60,4,0,37,0,3.6097560975609757,0.0,0.0,0.0
64,28,136,137,61,4,0,37,0,3.6097560975609757,0.0,0.0,0.0
64,28,136,137,62,4,0,37,0,3.6097560975609757,0.0,0.0,0.0
64,28,136,137,63,4,0,37,0,3.6097560975609757,0.0,0.0,0.0
64,28,136,137,64,4,0,36,0,3.6,0.0,0.0,0.0
64,28,136,137,65,4,0,33,0,3.5675675675675675,0.0,0.0,0.0
64,28,136,137,66,3,0,29,0,2.71875,0.0,0.0,0.0
64,28,136,137,67,3,1,24,0,2.6666666666666665,0.3333333333333333,0.0,0.3333333333333333
64,28,136,137,68,1,0,22,0,0.9565217391304348,0.0,0.0,0.0
64,28,144,145,53,2,0,34,0,1.8888888888888888,0.0,0.0,0.0
64,28,144,145,54,2,0,33,0,1.8857142857142857,0.0,0.0,0.0
64,28,144,145,55,3,1,33,0,2.75,0.3333333333333333,0.0,0.3333333333333333
64,28,144,145,56,3,0,34,0,2.7567567567567566,0.0,0.0,0.0
64,28,144,145,57,4,0,36,0,3.6,0.0,0.0,0.0
64,28,144,145,58,4,0,38,0,3.619047619047619,0.0,0.0,0.0
64,28,144,145,59,6,1,37,0,5.162790697674419,0.16666666666666666,0.0,0.16666666666666666
64,28,144,145,60,6,0,35,0,5.121951219512195,0.0,0.0,0.0
64,28,144,145,61,5,3,34,0,4.358974358974359,0.6,0.0,0.6
64,28,144,145,62,2,0,35,0,1.8918918918918919,0.0,0.0,0.0
64,28,144,145,63,6,3,33,0,5.076923076923077,0.5,0.0,0.5
64,28,144,145,64,3,0,34,0,2.7567567567567566,0.0,0.0,0.0
64,28,144,145,65,4,1,30,0,3.5294117647058822,0.25,0.0,0.25
64,28,144,145,66,4,0,25,0,3.4482758620689653,0.0,0.0,0.0
64,28,144,145,67,2,2,21,0,1.826086956521739,1.0,0.0,1.0
64,28,144,145,68,2,0,18,0,1.8,0.0,0.0,0.0
64,28,144,145,69,3,1,16,0,2.526315789473684,0.3333333333333333,0.0,0.3333333333333333
64,28,152,153,54,2,0,35,0,1.8918918918918919,0.0,0.0,0.0
64,28,152,153,55,2,0,35,0,1.8918918918918919,0.0,0.0,0.0
64,28,152,153,56,2,0,35,0,1.8918918918918919,0.0,0.0,0.0
64,28,152,153,57,3,1,36,0,2.769230769230769,0.3333333333333333,0.0,0.3333333333333333
64,28,152,153,58,2,0,37,0,1.8974358974358974,0.0,0.0,0.0
64,28,152,153,59,2,0,37,0,1.8974358974358974,0.0,0.0,0.0
64,28,152,153,60,3,0,36,0,2.769230769230769,0.0,0.0,0.0
64,28,152,153,61,3,1,35,0,2.763157894736842,0.3333333333333333,0.0,0.3333333333333333
64,28,152,153,62,2,0,34,0,1.8888888888888888,0.0,0.0,0.0
64,28,152,153,63,2,0,33,0,1.8857142857142857,0.0,0.0,0.0
64,28,152,153,64,2,0,31,0,1.878787878787879,0.0,0.0,0.0
64,28,152,153,65,2,0,28,0,1.8666666666666667,0.0,0.0,0.0
64,28,152,153,66,2,0,23,0,1.84,0.0,0.0,0.0
64,28,152,153,67,2,0,17,0,1.7894736842105263,0.0,0.0,0.0
64,28,152,153,73,1,0,9,0,0.9,0.0,0.0,0.0
64,28,160,161,54,2,0,35,0,1.8918918918918919,0.0,0.0,0.0
64,28,160,161,56,2,0,37,0,1.8974358974358974,0.0,0.0,0.0
64,28,160,161,57,2,0,38,0,1.9,0.0,0.0,0.0
64,28,160,161,58,2,0,39,0,1.9024390243902438,0.0,0.0,0.0
64,28,160,161,59,2,0,39,0,1.9024390243902438,0.0,0.0,0.0
64,28,160,161,60,2,0,38,0,1.9,0.0,0.0,0.0
64,28,160,161,61,2,0,37,0,1.8974358974358974,0.0,0.0,0.0
64,28,160,161,62,2,0,36,0,1.894736842105263,0.0,0.0,0.0
64,28,160,161,63,1,0,36,0,0.972972972972973,0.0,0.0,0.0
64,28,160,161,64,3,0,33,0,2.75,0.0,0.0,0.0
64,28,160,161,66,4,0,25,0,3.4482758620689653,0.0,0.0,0.0
64,28,160,161,67,2,0,19,0,1.8095238095238095,0.0,0.0,0.0
64,28,160,161,68,2,0,14,0,1.75,0.0,0.0,0.0
64,28,168,169,56,1,0,40,0,0.975609756097561,0.0,0.0,0.0
64,28,168,169,57,1,0,42,0,0.9767441860465116,0.0,0.0,0.0
64,28,168,169,58,1,0,44,0,0.9777777777777777,0.0,0.0,0.0
64,28,168,169,59,1,0,45,0,0.9782608695652174,0.0,0.0,0.0
64,28,168,169,60,1,0,45,0,0.9782608695652174,0.0,0.0,0.0
64,28,168,169,61,1,0,44,0,0.9777777777777777,0.0,0.0,0.0
64,28,168,169,62,1,0,43,0,0.9772727272727273,0.0,0.0,0.0
64,28,168,169,64,1,0,41,0,0.9761904761904762,0.0,0.0,0.0
64,28,168,169,72,2,0,9,0,1.6363636363636365,0.0,0.0,0.0
64,29,16,17,14,4,1,2,0,1.3333333333333333,0.25,0.0,0.25
64,29,16,17,15,2,0,5,0,1.4285714285714286,0.0,0.0,0.0
64,29,24,25,19,8,7,1,0,0.8888888888888888,0.875,0.0,0.875
64,29,32,33,23,2,2,1,0,0.6666666666666666,1.0,0.0,1.0
64,29,32,33,24,6,0,2,0,1.5,0.0,0.0,0.0
64,29,32,33,25,9,3,6,0,3.6,0.3333333333333333,0.0,0.3333333333333333
64,29,40,41,30,5,2,4,0,2.2222222222222223,0.4,0.0,0.4
64,29,40,41,31,5,1,7,0,2.9166666666666665,0.2,0.0,0.2
64,29,48,49,35,7,6,2,0,1.5555555555555556,0.8571428571428571,0.0,0.8571428571428571
64,29,56,57,4,3,0,12,0,2.4,0.0,0.0,0.0
64,29,56,57,5,4,0,10,0,2.857142857142857,0.0,0.0,0.0
64,29,56,57,6,2,0,10,0,1.6666666666666667,0.0,0.0,0.0
64,29,56,57,8,1,0,11,0,0.9166666666666666,0.0,0.0,0.0
64,29,56,57,10,1,0,12,0,0.9230769230769231,0.0,0.0,0.0
64,29,56,57,11,1,0,11,0,0.9166666666666666,0.0,0.0,0.0
64,29,56,57,12,3,0,7,0,2.1,0.0,0.0,0.0
64,29,56,57,13,1,0,6,0,0.8571428571428571,0.0,0.0,0.0
64,29,56,57,14,1,0,5,0,0.8333333333333334,0.0,0.0,0.0
64,29,56,57,15,1,0,5,0,0.8333333333333334,0.0,0.0,0.0
64,29,56,57,16,3,0,2,0,1.2,0.0,0.0,0.0
64,29,56,57,37,2,2,1,0,0.6666666666666666,1.0,0.0,1.0
64,29,56,57,38,1,0,2,0,0.6666666666666666,0.0,0.0,0.0
64,29,56,57,39,6,5,2,0,1.5,0.8333333333333334,0.0,0.8333333333333334
64,29,56,57,40,3,0,7,0,2.1,0.0,0.0,0.0
64,29,56,57,41,4,0,9,0,2.769230769230769,0.0,0.0,0.0
64,29,64,65,12,2,0,12,0,1.7142857142857142,0.0,0.0,0.0
64,29,64,65,15,1,0,6,0,0.8571428571428571,0.0,0.0,0.0
64,29,64,65,44,1,0,1,0,0.5,0.0,0.0,0.0
64,29,64,65,45,11,11,3,0,2.357142857142857,1.0,0.0,1.0
64,29,64,65,46,3,0,14,0,2.4705882352941178,0.0,0.0,0.0
64,29,64,65,47,4,0,16,2,3.2,0.0,0.125,-0.125
64,29,72,73,17,2,0,5,0,1.4285714285714286,0.0,0.0,0.0
64,29,72,73,18,2,0,4,0,1.3333333333333333,0.0,0.0,0.0
64,29,72,73,19,2,0,3,0,1.2,0.0,0.0,0.0
64,29,72,73,20,3,0,1,0,0.75,0.0,0.0,0.0
64,29,72,73,51,1,1,13,0,0.9285714285714286,1.0,0.0,1.0
64,29,72,73,52,2,0,14,0,1.75,0.0,0.0,0.0
64,29,72,73,53,3,1,14,0,2.4705882352941178,0.3333333333333333,0.0,0.3333333333333333
64,29,80,81,19,2,0,7,0,1.5555555555555556,0.0,0.0,0.0
64,29,80,81,20,2,0,6,0,1.5,0.0,0.0,0.0
64,29,80,81,21,2,0,5,0,1.4285714285714286,0.0,0.0,0.0
64,29,80,81,22,3,0,4,0,1.7142857142857142,0.0,0.0,0.0
64,29,80,81,23,2,0,4,0,1.3333333333333333,0.0,0.0,0.0
64,29,80,81,24,4,1,2,0,1.3333333333333333,0.25,0.0,0.25
64,29,80,81,25,2,0,2,0,1.0,0.0,0.0,0.0
64,29,80,81,57,3,1,15,0,2.5,0.3333333333333333,0.0,0.3333333333333333
64,29,88,89,26,4,0,11,0,2.933333333333333,0.0,0.0,0.0
64,29,88,89,27,2,0,10,0,1.6666666666666667,0.0,0.0,0.0
64,29,88,89,28,5,0,6,0,2.727272727272727,0.0,0.0,0.0
64,29,88,89,29,2,0,6,0,1.5,0.0,0.0,0.0
64,29,88,89,30,6,0,1,0,0.8571428571428571,0.0,0.0,0.0
64,29,88,89,46,3,0,2,0,1.2,0.0,0.0,0.0
64,29,88,89,58,1,0,15,0,0.9375,0.0,0.0,0.0
64,29,88,89,59,1,1,17,0,0.9444444444444444,1.0,0.0,1.0
64,29,88,89,60,1,0,19,0,0.95,0.0,0.0,0.0
64,29,88,89,61,3,2,20,0,2.608695652173913,0.6666666666666666,0.0,0.6666666666666666
64,29,88,89,62,2,0,24,0,1.8461538461538463,0.0,0.0,0.0
64,29,88,89,63,2,0,27,0,1.8620689655172413,0.0,0.0,0.0
64,29,88,89,64,2,0,30,0,1.875,0.0,0.0,0.0
64,29,88,89,65,3,1,34,0,2.7567567567567566,0.3333333333333333,0.0,0.3333333333333333
64,29,96,97,32,1,0,10,0,0.9090909090909091,0.0,0.0,0.0
64,29,96,97,33,2,0,6,0,1.5,0.0,0.0,0.0
64,29,96,97,47,2,0,2,0,1.0,0.0,0.0,0.0
64,29,96,97,48,2,0,4,0,1.3333333333333333,0.0,0.0,0.0
64,29,96,97,49,2,0,6,0,1.5,0.0,0.0,0.0
64,29,96,97,50,3,0,7,0,2.1,0.0,0.0,0.0
64,29,96,97,51,3,1,9,0,2.25,0.3333333333333333,0.0,0.3333333333333333
64,29,96,97,52,2,0,11,0,1.6923076923076923,0.0,0.0,0.0
64,29,96,97,53,2,0,11,0,1.6923076923076923,0.0,0.0,0.0
64,29,96,97,54,2,0,11,0,1.6923076923076923,0.0,0.0,0.0
64,29,96,97,55,3,1,11,0,2.357142857142857,0.3333333333333333,0.0,0.3333333333333333
64,29,96,97,60,1,0,17,0,0.9444444444444444,0.0,0.0,0.0
64,29,96,97,61,1,1,18,0,0.9473684210526315,1.0,0.0,1.0
64,29,96,97,63,3,2,23,0,2.6538461538461537,0.6666666666666666,0.0,0.6666666666666666
64,29,96,97,64,1,0,28,0,0.9655172413793104,0.0,0.0,0.0
64,29,96,97,65,2,1,32,0,1.8823529411764706,0.5,0.0,0.5
64,29,96,97,66,1,0,35,0,0.9722222222222222,0.0,0.0,0.0
64,29,96,97,67,1,0,37,0,0.9736842105263158,0.0,0.0,0.0
64,29,96,97,68,1,0,40,0,0.975609756097561,0.0,0.0,0.0
64,29,96,97,69,3,0,40,0,2.7906976744186047,0.0,0.0,0.0
64,29,96,97,70,2,0,41,0,1.9069767441860466,0.0,0.0,0.0
64,29,104,105,36,1,0,8,0,0.8888888888888888,0.0,0.0,0.0
64,29,104,105,38,1,1,9,0,0.9,1.0,0.0,1.0
64,29,104,105,40,3,0,9,0,2.25,0.0,0.0,0.0
64,29,104,105,41,1,0,10,0,0.9090909090909091,0.0,0.0,0.0
64,29,104,105,42,2,0,10,0,1.6666666666666667,0.0,0.0,0.0
64,29,104,105,43,1,0,11,0,0.9166666666666666,0.0,0.0,0.0
64,29,104,105,44,7,0,6,0,3.230769230769231,0.0,0.0,0.0
64,29,104,105,45,1,0,7,0,0.875,0.0,0.0,0.0
64,29,104,105,48,2,0,3,0,1.2,0.0,0.0,0.0
64,29,104,105,49,3,1,5,0,1.875,0.3333333333333333,0.0,0.3333333333333333
64,29,104,105,50,2,0,7,0,1.5555555555555556,0.0,0.0,0.0
64,29,104,105,51,2,0,8,0,1.6,0.0,0.0,0.0
64,29,104,105,52,2,0,9,0,1.6363636363636365,0.0,0.0,0.0
64,29,104,105,53,2,0,9,0,1.6363636363636365,0.0,0.0,0.0
64,29,104,105,54,2,0,9,0,1.6363636363636365,0.0,0.0,0.0
64,29,104,105,55,2,0,9,0,1.6363636363636365,0.0,0.0,0.0
64,29,104,105,56,2,0,9,0,1.6363636363636365,0.0,0.0,0.0
64,29,104,105,57,2,0,10,0,1.6666666666666667,0.0,0.0,0.0
64,29,104,105,58,2,0,10,0,1.6666666666666667,0.0,0.0,0.0
64,29,104,105,59,5,0,11,0,3.4375,0.0,0.0,0.0
64,29,104,105,61,1,0,16,0,0.9411764705882353,0.0,0.0,0.0
64,29,104,105,65,1,1,26,0,0.9629629629629629,1.0,0.0,1.0
64,29,104,105,67,1,1,29,0,0.9666666666666667,1.0,0.0,1.0
64,29,104,105,69,8,8,31,0,6.358974358974359,1.0,0.0,1.0
64,29,104,105,70,1,0,38,0,0.9743589743589743,0.0,0.0,0.0
64,29,104,105,71,3,2,38,0,2.7804878048780486,0.6666666666666666,0.0,0.6666666666666666
64,29,112,113,42,1,0,13,0,0.9285714285714286,0.0,0.0,0.0
64,29,112,113,47,1,0,13,0,0.9285714285714286,0.0,0.0,0.0
64,29,112,113,48,2,0,12,0,1.7142857142857142,0.0,0.0,0.0
64,29,112,113,49,2,2,12,0,1.7142857142857142,1.0,0.0,1.0
64,29,112,113,50,4,0,9,0,2.769230769230769,0.0,0.0,0.0
64,29,112,113,51,4,0,8,0,2.6666666666666665,0.0,0.0,0.0
64,29,112,113,52,5,0,7,0,2.9166666666666665,0.0,0.0,0.0
64,29,112,113,53,3,1,7,0,2.1,0.3333333333333333,0.0,0.3333333333333333
64,29,112,113,54,2,0,8,0,1.6,0.0,0.0,0.0
64,29,112,113,55,3,1,8,0,2.1818181818181817,0.3333333333333333,0.0,0.3333333333333333
64,29,112,113,56,2,0,9,0,1.6363636363636365,0.0,0.0,0.0
64,29,112,113,57,2,0,10,0,1.6666666666666667,0.0,0.0,0.0
64,29,112,113,58,2,0,10,0,1.6666666666666667,0.0,0.0,0.0
64,29,112,113,59,2,0,12,1,1.7142857142857142,0.0,0.08333333333333333,-0.08333333333333333
64,29,112,113,60,2,0,15,0,1.7647058823529411,0.0,0.0,0.0
64,29,112,113,75,1,1,24,0,0.96,1.0,0.0,1.0
64,29,112,113,76,2,0,20,0,1.8181818181818181,0.0,0.0,0.0
64,29,112,113,77,5,3,16,0,3.8095238095238093,0.6,0.0,0.6
64,29,120,121,43,1,0,14,0,0.9333333333333333,0.0,0.0,0.0
64,29,120,121,49,1,0,9,0,0.9,0.0,0.0,0.0
64,29,120,121,51,1,1,5,0,0.8333333333333334,1.0,0.0,1.0
64,29,120,121,52,3,0,4,0,1.7142857142857142,0.0,0.0,0.0
64,29,120,121,53,4,3,4,0,2.0,0.75,0.0,0.75
64,29,120,121,54,1,0,5,0,0.8333333333333334,0.0,0.0,0.0
64,29,120,121,55,6,2,3,0,2.0,0.3333333333333333,0.0,0.3333333333333333
64,29,120,121,56,2,0,4,0,1.3333333333333333,0.0,0.0,0.0
64,29,120,121,57,6,3,3,0,2.0,0.5,0.0,0.5
64,29,120,121,58,3,0,5,0,1.875,0.0,0.0,0.0
64,29,120,121,59,3,0,8,0,2.1818181818181817,0.0,0.0,0.0
64,29,120,121,60,3,0,11,0,2.357142857142857,0.0,0.0,0.0
64,29,120,121,61,3,0,14,0,2.4705882352941178,0.0,0.0,0.0
64,29,120,121,81,1,1,5,0,0.8333333333333334,1.0,0.0,1.0
64,29,128,129,43,1,0,14,0,0.9333333333333333,0.0,0.0,0.0
64,29,128,129,57,3,2,2,0,1.2,0.6666666666666666,0.0,0.6666666666666666
64,29,128,129,58,2,0,3,0,1.2,0.0,0.0,0.0
64,29,128,129,59,2,1,4,0,1.3333333333333333,0.5,0.0,0.5
64,29,128,129,60,8,0,4,0,2.6666666666666665,0.0,0.0,0.0
64,29,128,129,61,7,4,7,0,3.5,0.5714285714285714,0.0,0.5714285714285714
64,29,128,129,62,6,0,11,0,3.8823529411764706,0.0,0.0,0.0
64,29,128,129,63,8,3,14,0,5.090909090909091,0.375,0.0,0.375
64,29,128,129,64,1,0,23,0,0.9583333333333334,0.0,0.0,0.0
64,29,136,137,43,1,0,14,0,0.9333333333333333,0.0,0.0,0.0
64,29,136,137,50,1,0,7,0,0.875,0.0,0.0,0.0
64,29,136,137,52,3,0,4,0,1.7142857142857142,0.0,0.0,0.0
64,29,136,137,57,1,0,3,0,0.75,0.0,0.0,0.0
64,29,136,137,60,2,0,10,0,1.6666666666666667,0.0,0.0,0.0
64,29,136,137,61,4,1,11,0,2.933333333333333,0.25,0.0,0.25
64,29,136,137,62,2,0,15,0,1.7647058823529411,0.0,0.0,0.0
64,29,136,137,63,5,3,18,0,3.9130434782608696,0.6,0.0,0.6
64,29,136,137,64,6,0,20,0,4.615384615384615,0.0,0.0,0.0
64,29,136,137,65,7,2,21,0,5.25,0.2857142857142857,0.0,0.2857142857142857
64,29,136,137,66,8,0,20,0,5.714285714285714,0.0,0.0,0.0
64,29,136,137,67,9,4,21,1,6.3,0.4444444444444444,0.047619047619047616,0.3968253968253968
64,29,136,137,68,7,0,25,0,5.46875,0.0,0.0,0.0
64,29,136,137,69,4,2,26,0,3.466666666666667,0.5,0.0,0.5
64,29,144,145,44,1,0,14,0,0.9333333333333333,0.0,0.0,0.0
64,29,144,145,50,1,0,7,0,0.875,0.0,0.0,0.0
64,29,144,145,51,2,0,6,0,1.5,0.0,0.0,0.0
64,29,144,145,52,3,0,4,0,1.7142857142857142,0.0,0.0,0.0
64,29,144,145,53,2,0,3,0,1.2,0.0,0.0,0.0
64,29,144,145,57,1,0,3,0,0.75,0.0,0.0,0.0
64,29,144,145,59,1,0,8,0,0.8888888888888888,0.0,0.0,0.0
64,29,144,145,62,1,0,19,0,0.95,0.0,0.0,0.0
64,29,144,145,63,1,0,23,0,0.9583333333333334,0.0,0.0,0.0
64,29,144,145,64,3,0,26,0,2.689655172413793,0.0,0.0,0.0
64,29,144,145,65,3,1,30,0,2.727272727272727,0.3333333333333333,0.0,0.3333333333333333
64,29,144,145,66,3,0,32,0,2.742857142857143,0.0,0.0,0.0
64,29,144,145,67,4,1,34,0,3.5789473684210527,0.25,0.0,0.25
64,29,144,145,68,7,1,34,0,5.804878048780488,0.14285714285714285,0.0,0.14285714285714285
64,29,144,145,69,5,2,34,0,4.358974358974359,0.4,0.0,0.4
64,29,144,145,70,10,0,29,0,7.435897435897436,0.0,0.0,0.0
64,29,144,145,71,5,3,28,1,4.242424242424242,0.6,0.03571428571428571,0.5642857142857143
64,29,144,145,72,8,0,25,0,6.0606060606060606,0.0,0.0,0.0
64,29,144,145,73,7,2,27,0,5.5588235294117645,0.2857142857142857,0.0,0.2857142857142857
64,29,144,145,74,4,0,29,0,3.515151515151515,0.0,0.0,0.0
64,29,144,145,75,3,0,24,0,2.6666666666666665,0.0,0.0,0.0
64,29,152,153,44,1,0,14,0,0.9333333333333333,0.0,0.0,0.0
64,29,152,153,49,1,0,9,0,0.9,0.0,0.0,0.0
64,29,152,153,51,2,0,6,0,1.5,0.0,0.0,0.0
64,29,152,153,52,2,0,7,0,1.5555555555555556,0.0,0.0,0.0
64,29,152,153,53,5,0,3,0,1.875,0.0,0.0,0.0
64,29,152,153,54,2,0,2,0,1.0,0.0,0.0,0.0
64,29,152,153,56,1,0,1,0,0.5,0.0,0.0,0.0
64,29,152,153,59,1,0,8,0,0.8888888888888888,0.0,0.0,0.0
64,29,152,153,72,4,1,36,0,3.6,0.25,0.0,0.25
64,29,152,153,73,2,0,33,0,1.8857142857142857,0.0,0.0,0.0
64,29,152,153,74,2,0,29,0,1.8709677419354838,0.0,0.0,0.0
64,29,152,153,75,5,3,25,1,4.166666666666667,0.6,0.04,0.5599999999999999
64,29,152,153,77,1,1,20,2,0.9523809523809523,1.0,0.1,0.9
64,29,152,153,78,4,0,12,0,3.0,0.0,0.0,0.0
64,29,160,161,44,1,0,14,0,0.9333333333333333,0.0,0.0,0.0
64,29,160,161,45,2,0,14,0,1.75,0.0,0.0,0.0
64,29,160,161,46,1,0,14,0,0.9333333333333333,0.0,0.0,0.0
64,29,160,161,47,1,0,13,0,0.9285714285714286,0.0,0.0,0.0
64,29,160,161,48,1,0,11,0,0.9166666666666666,0.0,0.0,0.0
64,29,160,161,50,2,0,8,0,1.6,0.0,0.0,0.0
64,29,160,161,52,2,0,7,0,1.5555555555555556,0.0,0.0,0.0
64,29,160,161,53,2,0,8,0,1.6,0.0,0.0,0.0
64,29,160,161,54,7,0,4,0,2.5454545454545454,0.0,0.0,0.0
64,29,160,161,55,5,0,4,0,2.2222222222222223,0.0,0.0,0.0
64,29,160,161,56,4,0,3,0,1.7142857142857142,0.0,0.0,0.0
64,29,160,161,57,3,0,5,0,1.875,0.0,0.0,0.0
64,29,160,161,58,2,0,6,0,1.5,0.0,0.0,0.0
64,29,160,161,59,1,0,9,0,0.9,0.0,0.0,0.0
64,29,160,161,60,1,0,12,0,0.9230769230769231,0.0,0.0,0.0
64,29,160,161,76,4,0,22,0,3.3846153846153846,0.0,0.0,0.0
64,29,160,161,79,1,0,11,0,0.9166666666666666,0.0,0.0,0.0
64,29,168,169,45,2,0,15,0,1.7647058823529411,0.0,0.0,0.0
64,29,168,169,46,2,0,15,0,1.7647058823529411,0.0,0.0,0.0
64,29,168,169,47,2,0,14,0,1.75,0.0,0.0,0.0
64,29,168,169,48,2,0,12,0,1.7142857142857142,0.0,0.0,0.0
64,29,168,169,49,2,0,10,0,1.6666666666666667,0.0,0.0,0.0
64,29,168,169,50,2,0,8,0,1.6,0.0,0.0,0.0
64,29,168,169,52,2,0,7,0,1.5555555555555556,0.0,0.0,0.0
64,29,168,169,53,2,0,8,0,1.6,0.0,0.0,0.0
64,29,168,169,54,6,0,5,0,2.727272727272727,0.0,0.0,0.0
64,29,168,169,55,6,0,5,0,2.727272727272727,0.0,0.0,0.0
64,29,168,169,56,6,0,3,0,2.0,0.0,0.0,0.0
64,29,168,169,57,5,0,5,0,2.5,0.0,0.0,0.0
64,29,168,169,58,3,0,6,0,2.0,0.0,0.0,0.0
64,29,168,169,59,1,0,9,0,0.9,0.0,0.0,0.0
64,29,168,169,60,1,0,12,0,0.9230769230769231,0.0,0.0,0.0
64,29,176,177,45,2,0,15,0,1.7647058823529411,0.0,0.0,0.0
64,29,176,177,46,2,0,15,0,1.7647058823529411,0.0,0.0,0.0
64,29,176,177,47,2,0,14,0,1.75,0.0,0.0,0.0
64,29,176,177,48,2,0,12,0,1.7142857142857142,0.0,0.0,0.0
64,29,176,177,49,2,0,10,0,1.6666666666666667,0.0,0.0,0.0
64,29,176,177,51,2,0,8,0,1.6,0.0,0.0,0.0
64,29,176,177,53,2,0,8,0,1.6,0.0,0.0,0.0
64,29,176,177,54,2,0,9,0,1.6363636363636365,0.0,0.0,0.0
64,29,176,177,55,8,0,5,0,3.076923076923077,0.0,0.0,0.0
64,29,176,177,56,5,0,4,0,2.2222222222222223,0.0,0.0,0.0
64,29,176,177,57,5,0,6,0,2.727272727272727,0.0,0.0,0.0
64,29,176,177,58,5,0,6,0,2.727272727272727,0.0,0.0,0.0
64,29,176,177,59,2,0,9,0,1.6363636363636365,0.0,0.0,0.0
64,29,176,177,60,1,0,12,0,0.9230769230769231,0.0,0.0,0.0
64,29,184,185,46,2,0,17,0,1.7894736842105263,0.0,0.0,0.0
64,29,184,185,47,2,0,16,0,1.7777777777777777,0.0,0.0,0.0
64,29,184,185,48,2,0,14,0,1.75,0.0,0.0,0.0
64,29,184,185,49,2,0,12,0,1.7142857142857142,0.0,0.0,0.0
64,29,184,185,50,2,0,10,0,1.6666666666666667,0.0,0.0,0.0
64,29,184,185,52,2,0,9,0,1.6363636363636365,0.0,0.0,0.0
64,29,184,185,53,2,0,10,0,1.6666666666666667,0.0,0.0,0.0
64,29,184,185,54,1,0,11,0,0.9166666666666666,0.0,0.0,0.0
64,29,184,185,55,3,0,10,0,2.3076923076923075,0.0,0.0,0.0
64,29,184,185,56,7,0,5,0,2.9166666666666665,0.0,0.0,0.0
64,29,184,185,57,5,0,8,0,3.076923076923077,0.0,0.0,0.0
64,29,184,185,58,5,0,8,0,3.076923076923077,0.0,0.0,0.0
64,29,184,185,59,3,0,9,0,2.25,0.0,0.0,0.0
64,29,184,185,61,1,0,15,0,0.9375,0.0,0.0,0.0
64,29,192,193,46,2,0,17,0,1.7894736842105263,0.0,0.0,0.0
64,29,192,193,47,2,0,16,0,1.7777777777777777,0.0,0.0,0.0
64,29,192,193,48,2,0,14,0,1.75,0.0,0.0,0.0
64,29,192,193,49,2,0,12,0,1.7142857142857142,0.0,0.0,0.0
64,29,192,193,51,2,0,10,0,1.6666666666666667,0.0,0.0,0.0
64,29,192,193,53,2,0,10,0,1.6666666666666667,0.0,0.0,0.0
64,29,192,193,54,2,0,11,0,1.6923076923076923,0.0,0.0,0.0
64,29,192,193,55,1,0,13,0,0.9285714285714286,0.0,0.0,0.0
64,29,192,193,56,5,0,9,0,3.2142857142857144,0.0,0.0,0.0
64,29,192,193,57,6,0,10,0,3.75,0.0,0.0,0.0
64,29,192,193,58,4,0,10,0,2.857142857142857,0.0,0.0,0.0
64,29,192,193,59,4,0,10,0,2.857142857142857,0.0,0.0,0.0
64,29,192,193,60,1,0,13,0,0.9285714285714286,0.0,0.0,0.0
64,29,192,193,61,1,0,15,0,0.9375,0.0,0.0,0.0
64,29,200,201,47,2,0,18,0,1.8,0.0,0.0,0.0
64,29,200,201,48,2,0,16,0,1.7777777777777777,0.0,0.0,0.0
64,29,200,201,49,1,0,15,0,0.9375,0.0,0.0,0.0
64,29,200,201,50,3,0,12,0,2.4,0.0,0.0,0.0
64,29,200,201,52,2,0,11,0,1.6923076923076923,0.0,0.0,0.0
64,29,200,201,53,2,0,12,0,1.7142857142857142,0.0,0.0,0.0
64,29,200,201,55,1,0,13,0,0.9285714285714286,0.0,0.0,0.0
64,29,200,201,56,2,0,13,0,1.7333333333333334,0.0,0.0,0.0
64,29,200,201,57,3,0,15,0,2.5,0.0,0.0,0.0
64,29,200,201,58,6,0,11,0,3.8823529411764706,0.0,0.0,0.0
64,29,200,201,59,3,0,12,0,2.4,0.0,0.0,0.0
64,29,200,201,60,3,0,13,0,2.4375,0.0,0.0,0.0
64,29,200,201,61,1,0,15,0,0.9375,0.0,0.0,0.0
64,29,208,209,48,1,0,19,0,0.95,0.0,0.0,0.0
64,29,208,209,50,2,0,17,0,1.7894736842105263,0.0,0.0,0.0
64,29,208,209,52,1,0,16,0,0.9411764705882353,0.0,0.0,0.0
64,29,208,209,54,1,0,15,0,0.9375,0.0,0.0,0.0
64,29,208,209,59,5,0,16,0,3.8095238095238093,0.0,0.0,0.0
64,29,208,209,60,5,0,15,0,3.75,0.0,0.0,0.0
64,29,208,209,61,2,0,16,0,1.7777777777777777,0.0,0.0,0.0
64,29,208,209,62,1,0,20,0,0.9523809523809523,0.0,0.0,0.0
64,29,216,217,61,3,0,21,0,2.625,0.0,0.0,0.0
64,29,216,217,62,2,0,23,0,1.84,0.0,0.0,0.0
64,29,216,217,63,1,0,26,0,0.9629629629629629,0.0,0.0,0.0
64,30,8,9,9,17,16,1,0,0.9444444444444444,0.9411764705882353,0.0,0.9411764705882353
64,30,16,17,14,16,0,5,0,3.8095238095238093,0.0,0.0,0.0
64,30,16,17,15,7,0,20,0,5.185185185185185,0.0,0.0,0.0
64,30,24,25,19,22,19,1,0,0.9565217391304348,0.8636363636363636,0.0,0.8636363636363636
64,30,32,33,25,10,6,2,0,1.6666666666666667,0.6,0.0,0.6
64,30,40,41,27,1,0,2,0,0.6666666666666666,0.0,0.0,0.0
64,30,40,41,28,1,0,6,1,0.8571428571428571,0.0,0.16666666666666666,-0.16666666666666666
64,30,40,41,29,4,4,10,0,2.857142857142857,1.0,0.0,1.0
64,30,40,41,30,2,0,15,0,1.7647058823529411,0.0,0.0,0.0
64,30,40,41,31,1,0,19,0,0.95,0.0,0.0,0.0
64,30,40,41,35,1,0,25,0,0.9615384615384616,0.0,0.0,0.0
64,30,40,41,37,3,2,26,0,2.689655172413793,0.6666666666666666,0.0,0.6666666666666666
64,30,48,49,27,1,0,3,0,0.75,0.0,0.0,0.0
64,30,48,49,32,2,0,18,0,1.8,0.0,0.0,0.0
64,30,48,49,34,4,0,20,0,3.3333333333333335,0.0,0.0,0.0
64,30,48,49,39,2,0,28,0,1.8666666666666667,0.0,0.0,0.0
64,30,48,49,41,2,0,26,0,1.8571428571428572,0.0,0.0,0.0
64,30,56,57,25,1,0,1,0,0.5,0.0,0.0,0.0
64,30,56,57,37,1,0,28,0,0.9655172413793104,0.0,0.0,0.0
64,30,56,57,39,2,1,28,0,1.8666666666666667,0.5,0.0,0.5
64,30,64,65,17,2,0,1,0,0.6666666666666666,0.0,0.0,0.0
64,30,64,65,18,3,0,1,0,0.75,0.0,0.0,0.0
64,30,64,65,19,4,0,1,0,0.8,0.0,0.0,0.0
64,30,64,65,20,3,0,2,0,1.2,0.0,0.0,0.0
64,30,64,65,21,5,0,2,0,1.4285714285714286,0.0,0.0,0.0
64,30,64,65,22,3,0,4,0,1.7142857142857142,0.0,0.0,0.0
64,30,64,65,23,4,1,4,0,2.0,0.25,0.0,0.25
64,30,64,65,24,1,0,5,0,0.8333333333333334,0.0,0.0,0.0
64,30,64,65,25,1,0,4,0,0.8,0.0,0.0,0.0
64,30,64,65,40,2,0,27,0,1.8620689655172413,0.0,0.0,0.0
64,30,64,65,42,2,1,22,0,1.8333333333333333,0.5,0.0,0.5
64,30,72,73,9,1,0,1,0,0.5,0.0,0.0,0.0
64,30,72,73,10,2,0,1,0,0.6666666666666666,0.0,0.0,0.0
64,30,72,73,11,2,0,1,0,0.6666666666666666,0.0,0.0,0.0
64,30,72,73,12,3,0,1,0,0.75,0.0,0.0,0.0
64,30,72,73,13,5,0,1,0,0.8333333333333334,0.0,0.0,0.0
64,30,72,73,14,6,0,2,0,1.5,0.0,0.0,0.0
64,30,72,73,15,5,0,4,0,2.2222222222222223,0.0,0.0,0.0
64,30,72,73,16,4,0,5,0,2.2222222222222223,0.0,0.0,0.0
64,30,72,73,17,6,1,6,0,3.0,0.16666666666666666,0.0,0.16666666666666666
64,30,72,73,18,3,0,10,0,2.3076923076923075,0.0,0.0,0.0
64,30,72,73,19,4,0,10,0,2.857142857142857,0.0,0.0,0.0
64,30,72,73,20,3,0,11,0,2.357142857142857,0.0,0.0,0.0
64,30,72,73,21,1,0,12,0,0.9230769230769231,0.0,0.0,0.0
64,30,72,73,22,1,0,11,0,0.9166666666666666,0.0,0.0,0.0
64,30,72,73,23,1,0,9,0,0.9,0.0,0.0,0.0
64,30,72,73,24,1,0,7,0,0.875,0.0,0.0,0.0
64,30,72,73,25,1,0,6,0,0.8571428571428571,0.0,0.0,0.0
64,30,72,73,26,1,0,5,0,0.8333333333333334,0.0,0.0,0.0
64,30,72,73,27,1,0,5,0,0.8333333333333334,0.0,0.0,0.0
64,30,72,73,42,2,0,22,0,1.8333333333333333,0.0,0.0,0.0
64,30,72,73,44,3,0,16,0,2.526315789473684,0.0,0.0,0.0
64,30,72,73,45,1,0,17,0,0.9444444444444444,0.0,0.0,0.0
64,30,72,73,46,1,0,17,0,0.9444444444444444,0.0,0.0,0.0
64,30,72,73,47,2,1,18,0,1.8,0.5,0.0,0.5
64,30,80,81,8,1,0,1,0,0.5,0.0,0.0,0.0
64,30,80,81,9,6,0,2,0,1.5,0.0,0.0,0.0
64,30,80,81,10,4,0,8,0,2.6666666666666665,0.0,0.0,0.0
64,30,80,81,11,9,0,11,0,4.95,0.0,0.0,0.0
64,30,80,81,12,4,0,19,0,3.3043478260869565,0.0,0.0,0.0
64,30,80,81,14,3,0,22,0,2.64,0.0,0.0,0.0
64,30,80,81,15,1,0,23,0,0.9583333333333334,0.0,0.0,0.0
64,30,80,81,16,1,0,21,0,0.9545454545454546,0.0,0.0,0.0
64,30,80,81,18,1,0,19,0,0.95,0.0,0.0,0.0
64,30,80,81,19,1,0,18,0,0.9473684210526315,0.0,0.0,0.0
64,30,80,81,20,1,0,16,0,0.9411764705882353,0.0,0.0,0.0
64,30,80,81,22,1,0,13,0,0.9285714285714286,0.0,0.0,0.0
64,30,80,81,24,1,0,10,0,0.9090909090909091,0.0,0.0,0.0
64,30,80,81,26,1,0,9,0,0.9,0.0,0.0,0.0
64,30,80,81,28,1,0,12,0,0.9230769230769231,0.0,0.0,0.0
64,30,80,81,39,1,0,29,0,0.9666666666666667,0.0,0.0,0.0
64,30,80,81,40,1,0,27,0,0.9642857142857143,0.0,0.0,0.0
64,30,80,81,41,2,1,25,0,1.8518518518518519,0.5,0.0,0.5
64,30,80,81,42,1,0,21,0,0.9545454545454546,0.0,0.0,0.0
64,30,80,81,43,3,2,16,0,2.526315789473684,0.6666666666666666,0.0,0.6666666666666666
64,30,80,81,44,1,0,16,0,0.9411764705882353,0.0,0.0,0.0
64,30,80,81,45,3,2,15,2,2.5,0.6666666666666666,0.13333333333333333,0.5333333333333333
64,30,80,81,46,3,1,15,0,2.5,0.3333333333333333,0.0,0.3333333333333333
64,30,80,81,47,1,1,17,2,0.9444444444444444,1.0,0.11764705882352941,0.8823529411764706
64,30,80,81,48,3,0,16,0,2.526315789473684,0.0,0.0,0.0
64,30,80,81,49,3,1,17,1,2.55,0.3333333333333333,0.058823529411764705,0.2745098039215686
64,30,80,81,50,1,0,20,0,0.9523809523809523,0.0,0.0,0.0
64,30,80,81,51,2,1,21,0,1.826086956521739,0.5,0.0,0.5
64,30,80,81,52,2,0,21,0,1.826086956521739,0.0,0.0,0.0
64,30,80,81,54,1,0,22,0,0.9565217391304348,0.0,0.0,0.0
64,30,88,89,5,2,0,6,0,1.5,0.0,0.0,0.0
64,30,88,89,6,3,0,9,0,2.25,0.0,0.0,0.0
64,30,88,89,14,1,0,26,0,0.9629629629629629,0.0,0.0,0.0
64,30,88,89,16,1,0,24,0,0.96,0.0,0.0,0.0
64,30,88,89,18,1,0,22,0,0.9565217391304348,0.0,0.0,0.0
64,30,88,89,20,1,0,20,0,0.9523809523809523,0.0,0.0,0.0
64,30,88,89,46,1,0,18,0,0.9473684210526315,0.0,0.0,0.0
64,30,88,89,48,1,0,19,0,0.95,0.0,0.0,0.0
64,30,88,89,50,4,0,18,0,3.272727272727273,0.0,0.0,0.0
64,30,88,89,51,1,0,19,0,0.95,0.0,0.0,0.0
64,30,88,89,52,5,0,15,0,3.75,0.0,0.0,0.0
64,30,88,89,53,1,0,15,0,0.9375,0.0,0.0,0.0
64,30,88,89,54,2,0,14,0,1.75,0.0,0.0,0.0
64,30,88,89,55,4,4,14,0,3.111111111111111,1.0,0.0,1.0
64,30,88,89,56,1,0,17,0,0.9444444444444444,0.0,0.0,0.0
64,30,88,89,57,3,2,17,0,2.55,0.6666666666666666,0.0,0.6666666666666666
64,30,96,97,2,1,0,4,0,0.8,0.0,0.0,0.0
64,30,96,97,4,1,0,7,0,0.875,0.0,0.0,0.0
64,30,96,97,60,2,0,13,0,1.7333333333333334,0.0,0.0,0.0
64,30,96,97,61,1,0,12,0,0.9230769230769231,0.0,0.0,0.0
64,31,8,9,9,25,23,2,0,1.8518518518518519,0.92,0.0,0.92
64,31,16,17,14,12,0,12,0,6.0,0.0,0.0,0.0
64,31,16,17,15,8,0,21,0,5.793103448275862,0.0,0.0,0.0
64,31,24,25,4,2,0,12,0,1.7142857142857142,0.0,0.0,0.0
64,31,24,25,5,5,0,9,0,3.2142857142857144,0.0,0.0,0.0
64,31,24,25,6,5,0,7,0,2.9166666666666665,0.0,0.0,0.0
64,31,24,25,8,4,0,2,0,1.3333333333333333,0.0,0.0,0.0
64,31,32,33,6,3,0,17,0,2.55,0.0,0.0,0.0
64,31,32,33,10,9,0,9,0,4.5,0.0,0.0,0.0
64,31,32,33,12,2,0,9,0,1.6363636363636365,0.0,0.0,0.0
64,31,32,33,14,5,0,5,0,2.5,0.0,0.0,0.0
64,31,32,33,15,1,0,4,0,0.8,0.0,0.0,0.0
64,31,32,33,16,3,0,1,0,0.75,0.0,0.0,0.0
64,31,32,33,25,1,1,9,0,0.9,1.0,0.0,1.0
64,31,40,41,8,3,0,22,0,2.64,0.0,0.0,0.0
64,31,40,41,9,1,0,23,0,0.9583333333333334,0.0,0.0,0.0
64,31,40,41,10,6,0,19,0,4.56,0.0,0.0,0.0
64,31,40,41,11,2,0,18,0,1.8,0.0,0.0,0.0
64,31,40,41,12,3,0,16,0,2.526315789473684,0.0,0.0,0.0
64,31,40,41,27,6,6,1,0,0.8571428571428571,1.0,0.0,1.0
64,31,40,41,28,2,0,6,0,1.5,0.0,0.0,0.0
64,31,40,41,29,7,5,7,0,3.5,0.7142857142857143,0.0,0.7142857142857143
64,31,48,49,12,1,0,30,0,0.967741935483871,0.0,0.0,0.0
64,31,48,49,14,5,0,26,0,4.193548387096774,0.0,0.0,0.0
64,31,48,49,15,1,0,25,0,0.9615384615384616,0.0,0.0,0.0
64,31,48,49,16,12,0,12,0,6.0,0.0,0.0,0.0
64,31,48,49,17,2,0,10,0,1.6666666666666667,0.0,0.0,0.0
64,31,48,49,18,2,0,7,0,1.5555555555555556,0.0,0.0,0.0
64,31,48,49,34,2,0,10,0,1.6666666666666667,0.0,0.0,0.0
64,31,48,49,35,6,2,9,0,3.6,0.3333333333333333,0.0,0.3333333333333333
64,31,56,57,20,1,0,14,0,0.9333333333333333,0.0,0.0,0.0
64,31,56,57,21,2,0,9,0,1.6363636363636365,0.0,0.0,0.0
64,31,56,57,22,6,0,1,0,0.8571428571428571,0.0,0.0,0.0
64,31,64,65,21,1,0,11,0,0.9166666666666666,0.0,0.0,0.0
64,31,64,65,22,1,0,8,0,0.8888888888888888,0.0,0.0,0.0
64,31,72,73,22,2,0,9,0,1.6363636363636365,0.0,0.0,0.0
64,31,72,73,23,2,0,6,0,1.5,0.0,0.0,0.0
64,31,72,73,24,2,0,4,0,1.3333333333333333,0.0,0.0,0.0
64,31,72,73,25,2,0,2,0,1.0,0.0,0.0,0.0
64,31,80,81,22,2,0,9,0,1.6363636363636365,0.0,0.0,0.0
64,31,80,81,24,3,1,5,0,1.875,0.3333333333333333,0.0,0.3333333333333333
64,31,80,81,25,2,0,3,0,1.2,0.0,0.0,0.0
64,31,80,81,26,3,0,1,0,0.75,0.0,0.0,0.0
64,31,80,81,27,1,0,2,0,0.6666666666666666,0.0,0.0,0.0
64,31,80,81,28,3,0,1,0,0.75,0.0,0.0,0.0
64,31,80,81,29,2,0,1,0,0.6666666666666666,0.0,0.0,0.0
64,31,80,81,30,2,0,1,0,0.6666666666666666,0.0,0.0,0.0
64,31,88,89,23,1,0,9,0,0.9,0.0,0.0,0.0
64,31,88,89,24,2,0,7,0,1.5555555555555556,0.0,0.0,0.0
64,31,88,89,25,2,0,5,0,1.4285714285714286,0.0,0.0,0.0
64,31,88,89,26,2,0,4,0,1.3333333333333333,0.0,0.0,0.0
64,31,88,89,27,2,0,4,0,1.3333333333333333,0.0,0.0,0.0
64,31,88,89,28,3,0,3,0,1.5,0.0,0.0,0.0
64,31,88,89,29,1,0,4,0,0.8,0.0,0.0,0.0
64,31,88,89,30,3,0,3,0,1.5,0.0,0.0,0.0
64,31,88,89,31,2,0,3,0,1.2,0.0,0.0,0.0
64,31,88,89,32,2,0,3,0,1.2,0.0,0.0,0.0
64,31,88,89,33,2,0,3,0,1.2,0.0,0.0,0.0
64,31,88,89,34,2,0,3,0,1.2,0.0,0.0,0.0
64,31,88,89,35,2,0,2,0,1.0,0.0,0.0,0.0
64,31,96,97,24,1,0,9,0,0.9,0.0,0.0,0.0
64,31,96,97,25,1,0,8,0,0.8888888888888888,0.0,0.0,0.0
64,31,96,97,26,2,0,7,0,1.5555555555555556,0.0,0.0,0.0
64,31,96,97,27,2,0,7,0,1.5555555555555556,0.0,0.0,0.0
64,31,96,97,28,2,0,7,0,1.5555555555555556,0.0,0.0,0.0
64,31,96,97,29,2,0,7,0,1.5555555555555556,0.0,0.0,0.0
64,31,96,97,30,2,0,7,0,1.5555555555555556,0.0,0.0,0.0
64,31,96,97,31,2,0,7,0,1.5555555555555556,0.0,0.0,0.0
64,31,96,97,32,2,0,7,0,1.5555555555555556,0.0,0.0,0.0
64,31,96,97,33,1,0,8,0,0.8888888888888888,0.0,0.0,0.0
64,31,96,97,34,3,0,7,0,2.1,0.0,0.0,0.0
64,31,96,97,35,1,0,7,0,0.875,0.0,0.0,0.0
64,31,96,97,36,3,0,4,0,1.7142857142857142,0.0,0.0,0.0
64,31,96,97,37,1,0,3,0,0.75,0.0,0.0,0.0
64,31,104,105,30,1,0,14,0,0.9333333333333333,0.0,0.0,0.0
64,31,104,105,32,1,0,15,0,0.9375,0.0,0.0,0.0
