size,map_index,start_step,end_step,distance,frontier_opportunities,frontier_acquired,nonfrontier_opportunities,nonfrontier_acquired,matched_weight,frontier_rate,nonfrontier_rate,rate_difference
32,0,24,25,19,2,1,1,0,0.6666666666666666,0.5,0.0,0.5
32,0,24,25,20,1,0,3,0,0.75,0.0,0.0,0.0
32,1,8,9,9,7,6,2,0,1.5555555555555556,0.8571428571428571,0.0,0.8571428571428571
32,1,24,25,21,3,2,3,0,1.5,0.6666666666666666,0.0,0.6666666666666666
32,2,16,17,15,5,5,1,0,0.8333333333333334,1.0,0.0,1.0
32,2,24,25,2,1,0,7,0,0.875,0.0,0.0,0.0
32,2,24,25,3,1,0,10,0,0.9090909090909091,0.0,0.0,0.0
32,2,24,25,4,3,0,10,0,2.3076923076923075,0.0,0.0,0.0
32,2,24,25,6,2,0,5,0,1.4285714285714286,0.0,0.0,0.0
32,2,24,25,7,1,0,3,0,0.75,0.0,0.0,0.0
32,2,24,25,18,1,0,1,0,0.5,0.0,0.0,0.0
32,2,24,25,19,3,2,2,0,1.2,0.6666666666666666,0.0,0.6666666666666666
32,2,32,33,10,2,0,3,0,1.2,0.0,0.0,0.0
32,2,40,41,13,1,0,7,0,0.875,0.0,0.0,0.0
32,2,48,49,16,2,0,3,0,1.2,0.0,0.0,0.0
32,2,48,49,18,2,0,1,0,0.6666666666666666,0.0,0.0,0.0
32,2,56,57,18,1,0,4,0,0.8,0.0,0.0,0.0
32,2,56,57,20,2,0,2,0,1.0,0.0,0.0,0.0
32,2,56,57,21,1,0,1,0,0.5,0.0,0.0,0.0
32,3,16,17,15,12,10,3,0,2.4,0.8333333333333334,0.0,0.8333333333333334
32,3,24,25,14,1,0,7,0,0.875,0.0,0.0,0.0
32,3,24,25,16,3,0,3,0,1.5,0.0,0.0,0.0
32,3,24,25,17,1,0,3,0,0.75,0.0,0.0,0.0
32,3,24,25,18,1,0,4,0,0.8,0.0,0.0,0.0
32,3,24,25,19,1,1,5,0,0.8333333333333334,1.0,0.0,1.0
32,3,24,25,20,4,0,5,0,2.2222222222222223,0.0,0.0,0.0
32,3,24,25,21,12,9,11,0,5.739130434782608,0.75,0.0,0.75
32,3,32,33,2,1,0,3,0,0.75,0.0,0.0,0.0
32,3,32,33,4,1,0,5,0,0.8333333333333334,0.0,0.0,0.0
32,3,32,33,5,1,0,6,0,0.8571428571428571,0.0,0.0,0.0
32,3,32,33,6,1,0,5,0,0.8333333333333334,0.0,0.0,0.0
32,3,32,33,18,1,0,9,0,0.9,0.0,0.0,0.0
32,3,32,33,19,1,0,12,0,0.9230769230769231,0.0,0.0,0.0
32,3,32,33,20,14,0,2,0,1.75,0.0,0.0,0.0
32,3,32,33,21,3,2,6,0,2.0,0.6666666666666666,0.0,0.6666666666666666
32,3,32,33,22,7,0,4,0,2.5454545454545454,0.0,0.0,0.0
32,3,32,33,23,6,3,2,0,1.5,0.5,0.0,0.5
32,3,32,33,24,2,0,2,0,1.0,0.0,0.0,0.0
32,3,32,33,26,1,0,5,0,0.8333333333333334,0.0,0.0,0.0
32,3,32,33,27,4,2,8,0,2.6666666666666665,0.5,0.0,0.5
32,3,40,41,8,1,0,3,0,0.75,0.0,0.0,0.0
32,3,40,41,9,1,0,3,0,0.75,0.0,0.0,0.0
32,3,40,41,10,2,0,5,0,1.4285714285714286,0.0,0.0,0.0
32,3,40,41,20,1,0,14,0,0.9333333333333333,0.0,0.0,0.0
32,3,40,41,21,2,0,18,0,1.8,0.0,0.0,0.0
32,3,40,41,22,3,0,19,0,2.590909090909091,0.0,0.0,0.0
32,3,40,41,23,1,0,22,0,0.9565217391304348,0.0,0.0,0.0
32,3,40,41,24,2,0,16,0,1.7777777777777777,0.0,0.0,0.0
32,3,40,41,28,3,1,3,0,1.5,0.3333333333333333,0.0,0.3333333333333333
32,3,48,49,14,5,0,9,0,3.2142857142857144,0.0,0.0,0.0
32,3,48,49,15,2,0,10,0,1.6666666666666667,0.0,0.0,0.0
32,3,48,49,16,1,0,11,0,0.9166666666666666,0.0,0.0,0.0
32,3,48,49,26,4,0,6,0,2.4,0.0,0.0,0.0
32,3,48,49,27,2,0,6,0,1.5,0.0,0.0,0.0
32,3,48,49,28,8,0,2,0,1.6,0.0,0.0,0.0
32,3,48,49,29,1,0,3,0,0.75,0.0,0.0,0.0
32,4,32,33,9,1,0,5,0,0.8333333333333334,0.0,0.0,0.0
32,4,48,49,1,2,0,1,0,0.6666666666666666,0.0,0.0,0.0
32,4,48,49,2,1,0,2,0,0.6666666666666666,0.0,0.0,0.0
32,4,48,49,3,2,0,1,0,0.6666666666666666,0.0,0.0,0.0
32,4,56,57,7,2,0,8,0,1.6,0.0,0.0,0.0
32,4,56,57,8,1,0,7,0,0.875,0.0,0.0,0.0
32,4,56,57,9,1,0,6,0,0.8571428571428571,0.0,0.0,0.0
32,5,24,25,21,6,5,1,0,0.8571428571428571,0.8333333333333334,0.0,0.8333333333333334
32,5,32,33,24,3,0,2,0,1.2,0.0,0.0,0.0
32,5,32,33,25,1,1,3,0,0.75,1.0,0.0,1.0
32,5,32,33,26,1,0,3,0,0.75,0.0,0.0,0.0
32,5,32,33,27,2,2,4,0,1.3333333333333333,1.0,0.0,1.0
32,5,40,41,18,1,0,3,0,0.75,0.0,0.0,0.0
32,5,40,41,19,1,0,4,0,0.8,0.0,0.0,0.0
32,5,40,41,20,1,0,5,0,0.8333333333333334,0.0,0.0,0.0
32,5,40,41,22,1,0,6,0,0.8571428571428571,0.0,0.0,0.0
32,5,40,41,24,1,0,6,0,0.8571428571428571,0.0,0.0,0.0
32,5,40,41,29,3,1,4,0,1.7142857142857142,0.3333333333333333,0.0,0.3333333333333333
32,5,40,41,30,1,0,8,0,0.8888888888888888,0.0,0.0,0.0
32,5,40,41,31,5,4,9,0,3.2142857142857144,0.8,0.0,0.8
32,5,40,41,32,2,0,12,0,1.7142857142857142,0.0,0.0,0.0
32,5,40,41,33,4,2,12,0,3.0,0.5,0.0,0.5
32,5,48,49,15,1,0,1,0,0.5,0.0,0.0,0.0
32,5,48,49,26,1,0,5,0,0.8333333333333334,0.0,0.0,0.0
32,5,48,49,27,1,0,4,0,0.8,0.0,0.0,0.0
32,5,48,49,28,3,0,4,0,1.7142857142857142,0.0,0.0,0.0
32,5,48,49,30,1,0,5,0,0.8333333333333334,0.0,0.0,0.0
32,5,56,57,10,1,0,4,0,0.8,0.0,0.0,0.0
32,5,56,57,12,1,0,5,0,0.8333333333333334,0.0,0.0,0.0
32,5,56,57,29,1,0,10,0,0.9090909090909091,0.0,0.0,0.0
32,5,56,57,30,1,0,12,0,0.9230769230769231,0.0,0.0,0.0
32,5,56,57,32,2,0,14,0,1.75,0.0,0.0,0.0
32,5,56,57,33,1,0,14,0,0.9333333333333333,0.0,0.0,0.0
32,5,56,57,34,2,0,13,0,1.7333333333333334,0.0,0.0,0.0
32,5,56,57,35,2,0,10,0,1.6666666666666667,0.0,0.0,0.0
32,5,72,73,1,1,0,1,0,0.5,0.0,0.0,0.0
32,5,72,73,2,3,0,1,0,0.75,0.0,0.0,0.0
32,5,72,73,3,1,0,3,0,0.75,0.0,0.0,0.0
32,5,72,73,4,3,0,2,0,1.2,0.0,0.0,0.0
32,5,72,73,5,1,0,3,0,0.75,0.0,0.0,0.0
32,5,80,81,2,2,0,5,0,1.4285714285714286,0.0,0.0,0.0
32,6,16,17,14,1,0,1,0,0.5,0.0,0.0,0.0
32,6,16,17,15,3,2,2,0,1.2,0.6666666666666666,0.0,0.6666666666666666
32,6,24,25,20,1,0,4,0,0.8,0.0,0.0,0.0
32,6,24,25,21,2,1,7,0,1.5555555555555556,0.5,0.0,0.5
32,6,32,33,21,3,0,1,0,0.75,0.0,0.0,0.0
32,6,32,33,22,2,0,3,0,1.2,0.0,0.0,0.0
32,6,32,33,23,6,3,4,0,2.4,0.5,0.0,0.5
32,6,32,33,25,1,1,12,1,0.9230769230769231,1.0,0.08333333333333333,0.9166666666666666
32,6,40,41,27,2,2,4,0,1.3333333333333333,1.0,0.0,1.0
32,6,40,41,29,5,5,3,0,1.875,1.0,0.0,1.0
32,6,48,49,13,2,0,1,0,0.6666666666666666,0.0,0.0,0.0
32,6,48,49,15,2,0,1,0,0.6666666666666666,0.0,0.0,0.0
32,6,48,49,17,1,0,1,0,0.5,0.0,0.0,0.0
32,6,56,57,15,1,0,4,0,0.8,0.0,0.0,0.0
32,6,56,57,17,2,0,3,0,1.2,0.0,0.0,0.0
32,6,56,57,19,2,0,3,0,1.2,0.0,0.0,0.0
32,6,64,65,18,1,0,5,0,0.8333333333333334,0.0,0.0,0.0
32,6,72,73,6,1,0,1,0,0.5,0.0,0.0,0.0
32,6,72,73,7,1,0,1,0,0.5,0.0,0.0,0.0
32,6,72,73,8,1,0,1,0,0.5,0.0,0.0,0.0
32,6,72,73,19,1,0,7,0,0.875,0.0,0.0,0.0
32,6,80,81,4,1,0,2,0,0.6666666666666666,0.0,0.0,0.0
32,6,80,81,5,2,0,3,0,1.2,0.0,0.0,0.0
32,6,80,81,7,1,0,2,0,0.6666666666666666,0.0,0.0,0.0
32,6,80,81,20,1,0,7,0,0.875,0.0,0.0,0.0
32,6,80,81,21,1,0,7,0,0.875,0.0,0.0,0.0
32,6,88,89,21,1,0,8,0,0.8888888888888888,0.0,0.0,0.0
32,6,88,89,22,1,0,8,0,0.8888888888888888,0.0,0.0,0.0
32,6,88,89,23,2,0,7,0,1.5555555555555556,0.0,0.0,0.0
32,6,88,89,24,1,0,8,0,0.8888888888888888,0.0,0.0,0.0
32,6,88,89,25,1,0,7,0,0.875,0.0,0.0,0.0
32,6,96,97,21,1,0,8,0,0.8888888888888888,0.0,0.0,0.0
32,6,96,97,22,1,0,8,0,0.8888888888888888,0.0,0.0,0.0
32,6,96,97,23,1,0,8,0,0.8888888888888888,0.0,0.0,0.0
32,6,96,97,24,1,0,9,0,0.9,0.0,0.0,0.0
32,6,96,97,25,1,0,8,0,0.8888888888888888,0.0,0.0,0.0
32,6,96,97,26,1,0,6,0,0.8571428571428571,0.0,0.0,0.0
32,6,96,97,27,1,0,4,0,0.8,0.0,0.0,0.0
32,6,104,105,1,1,0,1,0,0.5,0.0,0.0,0.0
32,6,104,105,22,1,0,9,0,0.9,0.0,0.0,0.0
32,6,104,105,23,1,0,9,0,0.9,0.0,0.0,0.0
32,6,104,105,25,2,0,9,0,1.6363636363636365,0.0,0.0,0.0
32,6,104,105,27,2,0,5,0,1.4285714285714286,0.0,0.0,0.0
32,6,104,105,28,1,0,4,0,0.8,0.0,0.0,0.0
32,6,112,113,1,1,0,1,0,0.5,0.0,0.0,0.0
32,6,112,113,2,1,0,4,0,0.8,0.0,0.0,0.0
32,6,112,113,3,1,0,5,0,0.8333333333333334,0.0,0.0,0.0
32,6,112,113,4,1,0,6,0,0.8571428571428571,0.0,0.0,0.0
32,6,112,113,5,1,0,7,0,0.875,0.0,0.0,0.0
32,6,112,113,6,1,0,6,0,0.8571428571428571,0.0,0.0,0.0
32,6,112,113,7,2,0,3,0,1.2,0.0,0.0,0.0
32,6,112,113,25,1,0,12,0,0.9230769230769231,0.0,0.0,0.0
32,6,112,113,26,1,0,10,0,0.9090909090909091,0.0,0.0,0.0
32,6,112,113,27,1,0,8,0,0.8888888888888888,0.0,0.0,0.0
32,6,112,113,29,4,0,3,0,1.7142857142857142,0.0,0.0,0.0
32,6,120,121,2,1,0,5,0,0.8333333333333334,0.0,0.0,0.0
32,6,120,121,3,1,0,6,0,0.8571428571428571,0.0,0.0,0.0
32,6,120,121,4,1,0,7,0,0.875,0.0,0.0,0.0
32,6,120,121,5,1,0,8,0,0.8888888888888888,0.0,0.0,0.0
32,6,120,121,6,1,0,7,0,0.875,0.0,0.0,0.0
32,6,120,121,7,1,0,5,0,0.8333333333333334,0.0,0.0,0.0
32,6,120,121,8,1,0,3,0,0.75,0.0,0.0,0.0
32,6,128,129,3,1,0,7,0,0.875,0.0,0.0,0.0
32,6,128,129,4,1,0,8,0,0.8888888888888888,0.0,0.0,0.0
32,6,128,129,5,1,0,9,0,0.9,0.0,0.0,0.0
32,6,128,129,6,1,0,8,0,0.8888888888888888,0.0,0.0,0.0
32,6,128,129,7,1,0,6,0,0.8571428571428571,0.0,0.0,0.0
32,6,128,129,8,1,0,4,0,0.8,0.0,0.0,0.0
32,6,128,129,9,1,0,1,0,0.5,0.0,0.0,0.0
32,6,136,137,4,1,0,9,0,0.9,0.0,0.0,0.0
32,6,136,137,5,1,0,10,0,0.9090909090909091,0.0,0.0,0.0
32,6,136,137,7,1,0,8,0,0.8888888888888888,0.0,0.0,0.0
32,6,136,137,9,2,0,2,0,1.0,0.0,0.0,0.0
32,6,136,137,10,1,0,1,0,0.5,0.0,0.0,0.0
32,7,8,9,9,8,8,1,0,0.8888888888888888,1.0,0.0,1.0
32,7,16,17,14,1,0,2,0,0.6666666666666666,0.0,0.0,0.0
32,7,16,17,15,11,8,3,0,2.357142857142857,0.7272727272727273,0.0,0.7272727272727273
32,7,24,25,20,3,0,3,0,1.5,0.0,0.0,0.0
32,7,24,25,21,7,1,6,0,3.230769230769231,0.14285714285714285,0.0,0.14285714285714285
32,7,32,33,24,1,0,3,0,0.75,0.0,0.0,0.0
32,7,32,33,25,6,5,4,0,2.4,0.8333333333333334,0.0,0.8333333333333334
32,7,32,33,26,2,0,10,0,1.6666666666666667,0.0,0.0,0.0
32,7,32,33,27,4,0,11,0,2.933333333333333,0.0,0.0,0.0
32,7,40,41,26,3,0,5,0,1.875,0.0,0.0,0.0
32,7,48,49,28,2,0,2,0,1.0,0.0,0.0,0.0
32,7,48,49,29,4,1,2,0,1.3333333333333333,0.25,0.0,0.25
32,7,48,49,30,2,0,4,0,1.3333333333333333,0.0,0.0,0.0
32,7,48,49,31,3,0,3,0,1.5,0.0,0.0,0.0
32,7,48,49,32,2,0,3,0,1.2,0.0,0.0,0.0
32,7,48,49,33,2,0,3,0,1.2,0.0,0.0,0.0
32,7,48,49,34,2,0,3,0,1.2,0.0,0.0,0.0
32,7,216,217,33,3,0,1,0,0.75,0.0,0.0,0.0
32,7,216,217,34,1,0,2,0,0.6666666666666666,0.0,0.0,0.0
32,7,224,225,32,1,0,3,0,0.75,0.0,0.0,0.0
32,7,224,225,33,2,0,2,0,1.0,0.0,0.0,0.0
32,7,224,225,35,2,0,1,0,0.6666666666666666,0.0,0.0,0.0
32,7,232,233,30,5,0,1,0,0.8333333333333334,0.0,0.0,0.0
32,7,232,233,31,1,0,5,0,0.8333333333333334,0.0,0.0,0.0
32,7,232,233,32,1,0,5,0,0.8333333333333334,0.0,0.0,0.0
32,7,240,241,29,2,0,3,0,1.2,0.0,0.0,0.0
32,7,240,241,31,1,0,6,0,0.8571428571428571,0.0,0.0,0.0
32,7,240,241,32,2,0,5,0,1.4285714285714286,0.0,0.0,0.0
32,7,248,249,29,1,0,5,0,0.8333333333333334,0.0,0.0,0.0
32,7,248,249,31,1,0,7,0,0.875,0.0,0.0,0.0
32,7,248,249,33,2,0,5,0,1.4285714285714286,0.0,0.0,0.0
32,8,32,33,22,2,0,2,0,1.0,0.0,0.0,0.0
32,8,32,33,23,3,2,2,0,1.2,0.6666666666666666,0.0,0.6666666666666666
32,8,32,33,24,2,0,3,0,1.2,0.0,0.0,0.0
32,8,32,33,25,4,2,3,0,1.7142857142857142,0.5,0.0,0.5
32,9,16,17,15,4,4,3,0,1.7142857142857142,1.0,0.0,1.0
32,9,24,25,20,2,0,2,0,1.0,0.0,0.0,0.0
32,9,24,25,21,4,0,3,0,1.7142857142857142,0.0,0.0,0.0
32,10,24,25,20,2,0,1,0,0.6666666666666666,0.0,0.0,0.0
32,10,24,25,21,4,1,3,0,1.7142857142857142,0.25,0.0,0.25
32,10,32,33,27,1,0,2,0,0.6666666666666666,0.0,0.0,0.0
32,10,40,41,29,3,1,2,0,1.2,0.3333333333333333,0.0,0.3333333333333333
32,10,48,49,30,1,0,2,0,0.6666666666666666,0.0,0.0,0.0
32,10,48,49,31,3,2,2,0,1.2,0.6666666666666666,0.0,0.6666666666666666
32,10,48,49,32,2,0,3,0,1.2,0.0,0.0,0.0
32,10,48,49,33,2,1,3,0,1.2,0.5,0.0,0.5
32,10,48,49,34,2,0,3,0,1.2,0.0,0.0,0.0
32,10,48,49,35,2,0,3,0,1.2,0.0,0.0,0.0
32,10,56,57,37,1,1,1,0,0.5,1.0,0.0,1.0
32,10,72,73,39,2,1,1,0,0.6666666666666666,0.5,0.0,0.5
32,10,72,73,41,3,1,3,0,1.5,0.3333333333333333,0.0,0.3333333333333333
32,10,80,81,40,1,0,1,0,0.5,0.0,0.0,0.0
32,10,80,81,41,1,1,2,0,0.6666666666666666,1.0,0.0,1.0
32,10,80,81,42,1,1,3,0,0.75,1.0,0.0,1.0
32,10,80,81,43,1,1,3,0,0.75,1.0,0.0,1.0
32,10,80,81,44,1,0,3,0,0.75,0.0,0.0,0.0
32,11,40,41,31,3,3,1,0,0.75,1.0,0.0,1.0
32,11,40,41,32,2,0,3,0,1.2,0.0,0.0,0.0
32,11,40,41,33,4,0,3,0,1.7142857142857142,0.0,0.0,0.0
32,12,32,33,26,1,0,1,0,0.5,0.0,0.0,0.0
32,13,8,9,9,11,11,1,0,0.9166666666666666,1.0,0.0,1.0
32,13,16,17,14,1,0,2,0,0.6666666666666666,0.0,0.0,0.0
32,13,16,17,15,15,11,1,0,0.9375,0.7333333333333333,0.0,0.7333333333333333
32,13,24,25,20,4,0,2,0,1.3333333333333333,0.0,0.0,0.0
32,13,24,25,21,1,1,7,0,0.875,1.0,0.0,1.0
32,13,40,41,33,4,4,1,0,0.8,1.0,0.0,1.0
32,13,56,57,37,1,1,1,0,0.5,1.0,0.0,1.0
32,13,56,57,39,2,2,2,0,1.0,1.0,0.0,1.0
32,13,56,57,40,1,0,4,0,0.8,0.0,0.0,0.0
32,13,56,57,41,3,2,5,0,1.875,0.6666666666666666,0.0,0.6666666666666666
32,13,80,81,40,1,0,1,0,0.5,0.0,0.0,0.0
32,13,80,81,41,1,0,2,0,0.6666666666666666,0.0,0.0,0.0
32,13,80,81,42,1,0,3,0,0.75,0.0,0.0,0.0
32,13,80,81,43,2,1,4,0,1.3333333333333333,0.5,0.0,0.5
32,13,88,89,41,1,0,1,0,0.5,0.0,0.0,0.0
32,13,88,89,42,1,0,2,0,0.6666666666666666,0.0,0.0,0.0
32,13,88,89,43,1,0,3,0,0.75,0.0,0.0,0.0
32,13,88,89,44,1,0,4,0,0.8,0.0,0.0,0.0
32,13,88,89,45,2,1,5,0,1.4285714285714286,0.5,0.0,0.5
32,13,88,89,46,1,0,6,0,0.8571428571428571,0.0,0.0,0.0
32,13,96,97,41,1,0,1,0,0.5,0.0,0.0,0.0
32,13,96,97,42,1,0,2,0,0.6666666666666666,0.0,0.0,0.0
32,13,96,97,43,1,0,3,0,0.75,0.0,0.0,0.0
32,13,96,97,44,1,0,4,0,0.8,0.0,0.0,0.0
32,13,96,97,45,1,0,5,0,0.8333333333333334,0.0,0.0,0.0
32,13,96,97,46,1,0,5,0,0.8333333333333334,0.0,0.0,0.0
32,13,96,97,47,1,0,5,0,0.8333333333333334,0.0,0.0,0.0
32,13,104,105,42,1,0,1,0,0.5,0.0,0.0,0.0
32,13,104,105,43,1,0,2,0,0.6666666666666666,0.0,0.0,0.0
32,13,104,105,44,1,0,3,0,0.75,0.0,0.0,0.0
32,13,104,105,45,1,0,4,0,0.8,0.0,0.0,0.0
32,13,104,105,46,1,0,4,0,0.8,0.0,0.0,0.0
32,13,104,105,47,2,0,4,0,1.3333333333333333,0.0,0.0,0.0
32,13,112,113,44,1,0,1,0,0.5,0.0,0.0,0.0
32,13,112,113,45,1,0,2,0,0.6666666666666666,0.0,0.0,0.0
32,13,112,113,46,1,0,2,0,0.6666666666666666,0.0,0.0,0.0
32,13,112,113,47,3,0,2,0,1.2,0.0,0.0,0.0
32,13,112,113,48,1,0,4,0,0.8,0.0,0.0,0.0
32,13,120,121,50,2,0,1,0,0.6666666666666666,0.0,0.0,0.0
32,14,16,17,14,2,0,1,0,0.6666666666666666,0.0,0.0,0.0
32,14,16,17,15,9,9,1,0,0.9,1.0,0.0,1.0
32,14,24,25,19,5,4,1,0,0.8333333333333334,0.8,0.0,0.8
32,14,32,33,25,1,1,5,0,0.8333333333333334,1.0,0.0,1.0
32,16,8,9,9,6,6,1,0,0.8571428571428571,1.0,0.0,1.0
32,16,16,17,14,1,0,2,0,0.6666666666666666,0.0,0.0,0.0
32,16,16,17,15,12,10,2,0,1.7142857142857142,0.8333333333333334,0.0,0.8333333333333334
32,16,24,25,20,1,0,5,0,0.8333333333333334,0.0,0.0,0.0
32,16,24,25,21,4,2,7,0,2.5454545454545454,0.5,0.0,0.5
32,16,32,33,22,1,0,1,0,0.5,0.0,0.0,0.0
32,16,32,33,23,3,3,2,0,1.2,1.0,0.0,1.0
32,16,32,33,24,2,1,5,0,1.4285714285714286,0.5,0.0,0.5
32,16,32,33,25,1,1,7,0,0.875,1.0,0.0,1.0
32,16,32,33,26,4,0,6,0,2.4,0.0,0.0,0.0
32,17,8,9,9,9,9,2,0,1.6363636363636365,1.0,0.0,1.0
32,17,16,17,15,8,8,3,0,2.1818181818181817,1.0,0.0,1.0
32,17,32,33,25,2,1,1,0,0.6666666666666666,0.5,0.0,0.5
32,17,32,33,26,2,1,3,0,1.2,0.5,0.0,0.5
32,17,32,33,27,1,1,5,0,0.8333333333333334,1.0,0.0,1.0
32,18,16,17,14,1,0,1,0,0.5,0.0,0.0,0.0
32,18,16,17,15,11,11,1,0,0.9166666666666666,1.0,0.0,1.0
32,19,8,9,9,5,5,1,0,0.8333333333333334,1.0,0.0,1.0
32,19,32,33,3,1,0,5,0,0.8333333333333334,0.0,0.0,0.0
32,19,40,41,5,1,0,6,0,0.8571428571428571,0.0,0.0,0.0
32,19,48,49,8,1,0,5,0,0.8333333333333334,0.0,0.0,0.0
32,19,48,49,10,1,0,5,0,0.8333333333333334,0.0,0.0,0.0
32,19,48,49,13,3,0,2,0,1.2,0.0,0.0,0.0
32,20,16,17,15,5,5,6,0,2.727272727272727,1.0,0.0,1.0
32,20,24,25,19,5,4,3,0,1.875,0.8,0.0,0.8
32,20,32,33,24,1,0,4,0,0.8,0.0,0.0,0.0
32,20,32,33,25,6,6,7,0,3.230769230769231,1.0,0.0,1.0
32,20,32,33,26,1,0,12,0,0.9230769230769231,0.0,0.0,0.0
32,20,32,33,27,1,0,12,0,0.9230769230769231,0.0,0.0,0.0
32,20,40,41,28,2,0,8,0,1.6,0.0,0.0,0.0
32,20,40,41,29,4,2,10,0,2.857142857142857,0.5,0.0,0.5
32,20,48,49,33,10,9,1,0,0.9090909090909091,0.9,0.0,0.9
32,20,216,217,7,1,0,2,0,0.6666666666666666,0.0,0.0,0.0
32,20,224,225,6,2,0,2,0,1.0,0.0,0.0,0.0
32,20,224,225,7,1,0,3,0,0.75,0.0,0.0,0.0
32,20,224,225,8,1,0,3,0,0.75,0.0,0.0,0.0
32,20,232,233,4,1,0,4,0,0.8,0.0,0.0,0.0
32,20,232,233,5,1,0,5,0,0.8333333333333334,0.0,0.0,0.0
32,20,232,233,6,4,0,4,0,2.0,0.0,0.0,0.0
32,20,232,233,8,1,0,4,0,0.8,0.0,0.0,0.0
32,20,240,241,2,2,0,1,0,0.6666666666666666,0.0,0.0,0.0
32,20,240,241,3,2,0,3,0,1.2,0.0,0.0,0.0
32,20,240,241,4,1,0,5,0,0.8333333333333334,0.0,0.0,0.0
32,20,240,241,5,1,0,6,0,0.8571428571428571,0.0,0.0,0.0
32,20,240,241,6,1,0,7,0,0.875,0.0,0.0,0.0
32,20,248,249,2,2,0,3,0,1.2,0.0,0.0,0.0
32,20,248,249,4,1,0,7,0,0.875,0.0,0.0,0.0
32,20,248,249,5,2,0,7,0,1.5555555555555556,0.0,0.0,0.0
32,21,16,17,14,3,0,2,0,1.2,0.0,0.0,0.0
32,21,16,17,15,12,12,4,0,3.0,1.0,0.0,1.0
32,21,24,25,18,1,0,2,0,0.6666666666666666,0.0,0.0,0.0
32,21,24,25,19,5,4,2,0,1.4285714285714286,0.8,0.0,0.8
32,21,24,25,20,2,0,7,0,1.5555555555555556,0.0,0.0,0.0
32,21,24,25,21,1,0,8,0,0.8888888888888888,0.0,0.0,0.0
32,21,32,33,24,1,0,1,0,0.5,0.0,0.0,0.0
32,21,32,33,25,6,5,2,0,1.5,0.8333333333333334,0.0,0.8333333333333334
32,21,48,49,27,1,0,3,0,0.75,0.0,0.0,0.0
32,21,48,49,28,2,0,3,0,1.2,0.0,0.0,0.0
32,21,48,49,30,1,0,3,0,0.75,0.0,0.0,0.0
32,21,72,73,12,2,0,1,0,0.6666666666666666,0.0,0.0,0.0
32,21,72,73,13,1,0,2,0,0.6666666666666666,0.0,0.0,0.0
32,21,72,73,14,1,0,2,0,0.6666666666666666,0.0,0.0,0.0
32,21,80,81,10,1,0,3,0,0.75,0.0,0.0,0.0
32,21,80,81,14,1,0,3,0,0.75,0.0,0.0,0.0
32,21,88,89,14,1,0,3,0,0.75,0.0,0.0,0.0
32,21,96,97,15,1,0,2,0,0.6666666666666666,0.0,0.0,0.0
32,21,96,97,16,1,0,1,0,0.5,0.0,0.0,0.0
32,21,104,105,16,1,0,2,0,0.6666666666666666,0.0,0.0,0.0
32,21,104,105,17,1,0,2,0,0.6666666666666666,0.0,0.0,0.0
32,21,104,105,18,2,0,1,0,0.6666666666666666,0.0,0.0,0.0
32,21,104,105,19,1,0,2,0,0.6666666666666666,0.0,0.0,0.0
32,21,112,113,16,1,0,2,0,0.6666666666666666,0.0,0.0,0.0
32,21,112,113,17,1,0,2,0,0.6666666666666666,0.0,0.0,0.0
32,21,112,113,18,1,0,2,0,0.6666666666666666,0.0,0.0,0.0
32,21,112,113,19,1,0,3,0,0.75,0.0,0.0,0.0
32,21,112,113,20,1,0,4,0,0.8,0.0,0.0,0.0
32,21,112,113,21,1,0,4,0,0.8,0.0,0.0,0.0
32,21,120,121,20,2,0,5,0,1.4285714285714286,0.0,0.0,0.0
32,21,120,121,21,1,0,5,0,0.8333333333333334,0.0,0.0,0.0
32,21,120,121,22,1,0,5,0,0.8333333333333334,0.0,0.0,0.0
32,21,128,129,5,1,0,1,0,0.5,0.0,0.0,0.0
32,21,136,137,3,2,0,1,0,0.6666666666666666,0.0,0.0,0.0
32,21,136,137,4,1,0,2,0,0.6666666666666666,0.0,0.0,0.0
32,21,136,137,6,1,0,1,0,0.5,0.0,0.0,0.0
32,21,136,137,7,1,0,2,0,0.6666666666666666,0.0,0.0,0.0
32,21,136,137,8,1,0,3,0,0.75,0.0,0.0,0.0
32,21,144,145,3,2,0,1,0,0.6666666666666666,0.0,0.0,0.0
32,21,144,145,4,1,0,2,0,0.6666666666666666,0.0,0.0,0.0
32,21,144,145,5,1,0,2,0,0.6666666666666666,0.0,0.0,0.0
32,21,144,145,6,1,0,2,0,0.6666666666666666,0.0,0.0,0.0
32,21,144,145,7,2,0,3,0,1.2,0.0,0.0,0.0
32,21,144,145,9,1,0,4,0,0.8,0.0,0.0,0.0
32,21,152,153,2,2,0,1,0,0.6666666666666666,0.0,0.0,0.0
32,21,152,153,4,1,0,2,0,0.6666666666666666,0.0,0.0,0.0
32,21,152,153,5,1,0,2,0,0.6666666666666666,0.0,0.0,0.0
32,21,152,153,6,1,0,2,0,0.6666666666666666,0.0,0.0,0.0
32,21,152,153,7,2,0,3,0,1.2,0.0,0.0,0.0
32,21,152,153,8,1,0,4,0,0.8,0.0,0.0,0.0
32,21,160,161,2,2,0,1,0,0.6666666666666666,0.0,0.0,0.0
32,21,160,161,3,1,0,3,0,0.75,0.0,0.0,0.0
32,21,160,161,5,1,0,2,0,0.6666666666666666,0.0,0.0,0.0
32,21,160,161,6,1,0,2,0,0.6666666666666666,0.0,0.0,0.0
32,21,160,161,7,2,0,3,0,1.2,0.0,0.0,0.0
32,21,160,161,8,1,0,4,0,0.8,0.0,0.0,0.0
32,21,168,169,1,2,0,1,0,0.6666666666666666,0.0,0.0,0.0
32,21,168,169,2,1,0,3,0,0.75,0.0,0.0,0.0
32,21,168,169,4,1,0,3,0,0.75,0.0,0.0,0.0
32,21,168,169,5,1,0,3,0,0.75,0.0,0.0,0.0
32,21,168,169,6,1,0,3,0,0.75,0.0,0.0,0.0
32,21,168,169,7,2,0,4,0,1.3333333333333333,0.0,0.0,0.0
32,21,176,177,2,2,0,5,0,1.4285714285714286,0.0,0.0,0.0
32,21,176,177,3,3,0,4,0,1.7142857142857142,0.0,0.0,0.0
32,21,176,177,4,2,0,4,0,1.3333333333333333,0.0,0.0,0.0
32,21,176,177,6,1,0,3,0,0.75,0.0,0.0,0.0
32,21,176,177,7,2,0,4,0,1.3333333333333333,0.0,0.0,0.0
32,21,184,185,4,3,0,7,0,2.1,0.0,0.0,0.0
32,21,184,185,6,5,0,4,0,2.2222222222222223,0.0,0.0,0.0
32,21,184,185,7,1,0,5,0,0.8333333333333334,0.0,0.0,0.0
32,21,192,193,7,3,0,7,0,2.1,0.0,0.0,0.0
32,21,192,193,8,2,0,5,0,1.4285714285714286,0.0,0.0,0.0
32,21,200,201,8,1,0,8,0,0.8888888888888888,0.0,0.0,0.0
32,21,200,201,9,1,0,6,0,0.8571428571428571,0.0,0.0,0.0
32,21,208,209,8,1,0,8,0,0.8888888888888888,0.0,0.0,0.0
32,21,208,209,9,1,0,6,0,0.8571428571428571,0.0,0.0,0.0
32,21,216,217,8,1,0,8,0,0.8888888888888888,0.0,0.0,0.0
32,21,216,217,9,1,0,7,0,0.875,0.0,0.0,0.0
32,21,216,217,10,1,0,5,0,0.8333333333333334,0.0,0.0,0.0
32,21,224,225,8,1,0,8,0,0.8888888888888888,0.0,0.0,0.0
32,21,224,225,9,1,0,7,0,0.875,0.0,0.0,0.0
32,21,224,225,10,2,0,5,0,1.4285714285714286,0.0,0.0,0.0
32,21,224,225,11,1,0,4,0,0.8,0.0,0.0,0.0
32,21,232,233,9,3,0,7,0,2.1,0.0,0.0,0.0
32,21,232,233,10,1,0,6,0,0.8571428571428571,0.0,0.0,0.0
32,21,232,233,11,2,0,4,0,1.3333333333333333,0.0,0.0,0.0
32,21,232,233,12,1,0,4,0,0.8,0.0,0.0,0.0
32,21,232,233,13,1,0,4,0,0.8,0.0,0.0,0.0
32,21,240,241,9,2,0,8,0,1.6,0.0,0.0,0.0
32,21,240,241,10,3,0,6,0,2.0,0.0,0.0,0.0
32,21,240,241,11,3,0,4,0,1.7142857142857142,0.0,0.0,0.0
32,21,240,241,12,3,0,4,0,1.7142857142857142,0.0,0.0,0.0
32,21,240,241,13,2,0,4,0,1.3333333333333333,0.0,0.0,0.0
32,21,240,241,14,2,0,4,0,1.3333333333333333,0.0,0.0,0.0
32,21,240,241,15,1,0,3,0,0.75,0.0,0.0,0.0
32,21,248,249,9,2,0,8,0,1.6,0.0,0.0,0.0
32,21,248,249,10,2,0,7,0,1.5555555555555556,0.0,0.0,0.0
32,21,248,249,11,3,0,5,0,1.875,0.0,0.0,0.0
32,21,248,249,12,3,0,6,0,2.0,0.0,0.0,0.0
32,21,248,249,13,3,0,6,0,2.0,0.0,0.0,0.0
32,21,248,249,14,3,0,6,0,2.0,0.0,0.0,0.0
32,21,248,249,15,3,0,4,0,1.7142857142857142,0.0,0.0,0.0
32,21,248,249,16,2,0,3,0,1.2,0.0,0.0,0.0
32,22,8,9,9,9,8,2,0,1.6363636363636365,0.8888888888888888,0.0,0.8888888888888888
32,22,16,17,15,12,11,4,0,3.0,0.9166666666666666,0.0,0.9166666666666666
32,22,24,25,16,1,0,1,0,0.5,0.0,0.0,0.0
32,22,24,25,17,3,1,1,0,0.75,0.3333333333333333,0.0,0.3333333333333333
32,22,24,25,18,1,0,3,0,0.75,0.0,0.0,0.0
32,22,24,25,19,3,2,2,0,1.2,0.6666666666666666,0.0,0.6666666666666666
32,22,24,25,20,1,0,4,0,0.8,0.0,0.0,0.0
32,22,24,25,21,4,2,4,0,2.0,0.5,0.0,0.5
32,22,32,33,16,1,0,1,0,0.5,0.0,0.0,0.0
32,22,32,33,17,3,0,1,0,0.75,0.0,0.0,0.0
32,22,32,33,19,1,0,2,0,0.6666666666666666,0.0,0.0,0.0
32,22,32,33,20,1,0,2,0,0.6666666666666666,0.0,0.0,0.0
32,22,32,33,21,1,0,1,0,0.5,0.0,0.0,0.0
32,22,32,33,24,2,0,7,0,1.5555555555555556,0.0,0.0,0.0
32,22,32,33,25,3,2,9,0,2.25,0.6666666666666666,0.0,0.6666666666666666
32,22,32,33,27,2,2,15,0,1.7647058823529411,1.0,0.0,1.0
32,22,40,41,18,1,0,4,0,0.8,0.0,0.0,0.0
32,22,40,41,27,1,0,7,0,0.875,0.0,0.0,0.0
32,22,40,41,31,1,1,10,0,0.9090909090909091,1.0,0.0,1.0
32,22,40,41,33,1,1,13,0,0.9285714285714286,1.0,0.0,1.0
32,22,48,49,10,1,0,1,0,0.5,0.0,0.0,0.0
32,22,48,49,11,2,0,1,0,0.6666666666666666,0.0,0.0,0.0
32,22,48,49,19,1,0,4,0,0.8,0.0,0.0,0.0
32,22,48,49,29,3,3,5,0,1.875,1.0,0.0,1.0
32,22,56,57,11,1,0,4,0,0.8,0.0,0.0,0.0
32,22,56,57,12,3,0,3,0,1.5,0.0,0.0,0.0
32,22,56,57,13,4,0,4,0,2.0,0.0,0.0,0.0
32,22,56,57,14,2,0,5,0,1.4285714285714286,0.0,0.0,0.0
32,22,56,57,15,2,0,6,0,1.5,0.0,0.0,0.0
32,22,56,57,17,1,0,7,0,0.875,0.0,0.0,0.0
32,22,56,57,18,1,0,7,0,0.875,0.0,0.0,0.0
32,22,56,57,32,1,0,7,0,0.875,0.0,0.0,0.0
32,22,56,57,33,1,1,8,0,0.8888888888888888,1.0,0.0,1.0
32,22,56,57,34,1,1,8,0,0.8888888888888888,1.0,0.0,1.0
32,22,56,57,35,1,1,8,0,0.8888888888888888,1.0,0.0,1.0
32,22,56,57,36,1,0,7,0,0.875,0.0,0.0,0.0
32,22,64,65,8,1,0,2,0,0.6666666666666666,0.0,0.0,0.0
32,22,64,65,13,1,0,14,0,0.9333333333333333,0.0,0.0,0.0
32,22,64,65,15,1,0,12,0,0.9230769230769231,0.0,0.0,0.0
32,22,64,65,16,1,0,11,0,0.9166666666666666,0.0,0.0,0.0
32,22,72,73,7,1,0,1,0,0.5,0.0,0.0,0.0
32,22,72,73,17,1,0,10,0,0.9090909090909091,0.0,0.0,0.0
32,22,80,81,2,1,0,2,0,0.6666666666666666,0.0,0.0,0.0
32,22,80,81,3,2,0,2,0,1.0,0.0,0.0,0.0
32,22,80,81,5,2,0,1,0,0.6666666666666666,0.0,0.0,0.0
32,22,80,81,6,3,0,1,0,0.75,0.0,0.0,0.0
32,22,80,81,17,1,0,10,0,0.9090909090909091,0.0,0.0,0.0
32,22,88,89,1,2,0,2,0,1.0,0.0,0.0,0.0
32,22,88,89,2,1,0,5,0,0.8333333333333334,0.0,0.0,0.0
32,22,88,89,3,2,0,6,0,1.5,0.0,0.0,0.0
32,22,88,89,4,1,0,6,0,0.8571428571428571,0.0,0.0,0.0
32,22,88,89,5,1,0,4,0,0.8,0.0,0.0,0.0
32,22,88,89,19,1,0,9,0,0.9,0.0,0.0,0.0
32,22,88,89,20,1,0,7,0,0.875,0.0,0.0,0.0
32,22,88,89,21,2,0,4,0,1.3333333333333333,0.0,0.0,0.0
32,22,88,89,22,1,0,6,0,0.8571428571428571,0.0,0.0,0.0
32,22,88,89,23,2,0,6,0,1.5,0.0,0.0,0.0
32,22,88,89,25,1,0,7,0,0.875,0.0,0.0,0.0
32,22,96,97,4,1,0,8,0,0.8888888888888888,0.0,0.0,0.0
32,22,96,97,20,1,0,8,0,0.8888888888888888,0.0,0.0,0.0
32,22,96,97,21,2,0,5,0,1.4285714285714286,0.0,0.0,0.0
32,22,96,97,22,1,0,7,0,0.875,0.0,0.0,0.0
32,22,96,97,23,1,0,8,0,0.8888888888888888,0.0,0.0,0.0
32,22,96,97,24,1,0,10,0,0.9090909090909091,0.0,0.0,0.0
32,22,96,97,25,2,0,8,0,1.6,0.0,0.0,0.0
32,22,104,105,5,1,0,7,0,0.875,0.0,0.0,0.0
32,22,104,105,22,1,0,10,0,0.9090909090909091,0.0,0.0,0.0
32,22,112,113,5,1,0,7,0,0.875,0.0,0.0,0.0
32,22,112,113,22,1,0,10,0,0.9090909090909091,0.0,0.0,0.0
32,22,120,121,6,1,0,6,0,0.8571428571428571,0.0,0.0,0.0
32,22,120,121,7,1,0,4,0,0.8,0.0,0.0,0.0
32,22,120,121,23,1,0,11,0,0.9166666666666666,0.0,0.0,0.0
32,22,128,129,7,2,0,5,0,1.4285714285714286,0.0,0.0,0.0
32,22,128,129,8,2,0,5,0,1.4285714285714286,0.0,0.0,0.0
32,22,128,129,9,2,0,5,0,1.4285714285714286,0.0,0.0,0.0
32,22,128,129,10,2,0,8,0,1.6,0.0,0.0,0.0
32,22,128,129,11,2,0,11,0,1.6923076923076923,0.0,0.0,0.0
32,22,128,129,12,3,0,12,0,2.4,0.0,0.0,0.0
32,22,128,129,23,1,0,11,0,0.9166666666666666,0.0,0.0,0.0
32,22,128,129,24,1,0,13,0,0.9285714285714286,0.0,0.0,0.0
32,22,128,129,25,1,0,12,0,0.9230769230769231,0.0,0.0,0.0
32,22,128,129,26,1,0,10,0,0.9090909090909091,0.0,0.0,0.0
32,22,128,129,27,1,0,9,0,0.9,0.0,0.0,0.0
32,22,128,129,28,1,0,8,0,0.8888888888888888,0.0,0.0,0.0
32,22,136,137,7,2,0,5,0,1.4285714285714286,0.0,0.0,0.0
32,22,136,137,8,2,0,5,0,1.4285714285714286,0.0,0.0,0.0
32,22,136,137,9,1,0,6,0,0.8571428571428571,0.0,0.0,0.0
32,22,136,137,10,1,0,10,0,0.9090909090909091,0.0,0.0,0.0
32,22,136,137,11,3,0,12,0,2.4,0.0,0.0,0.0
32,22,136,137,12,2,0,14,0,1.75,0.0,0.0,0.0
32,22,136,137,13,3,0,15,0,2.5,0.0,0.0,0.0
32,22,136,137,24,2,0,14,0,1.75,0.0,0.0,0.0
32,22,136,137,25,2,0,13,0,1.7333333333333334,0.0,0.0,0.0
32,22,136,137,26,2,0,11,0,1.6923076923076923,0.0,0.0,0.0
32,22,136,137,27,2,0,10,0,1.6666666666666667,0.0,0.0,0.0
32,22,136,137,28,2,0,9,0,1.6363636363636365,0.0,0.0,0.0
32,22,136,137,29,3,0,5,0,1.875,0.0,0.0,0.0
32,22,136,137,30,1,0,5,0,0.8333333333333334,0.0,0.0,0.0
32,22,144,145,8,2,0,7,0,1.5555555555555556,0.0,0.0,0.0
32,22,144,145,9,1,0,8,0,0.8888888888888888,0.0,0.0,0.0
32,22,144,145,10,1,0,12,0,0.9230769230769231,0.0,0.0,0.0
32,22,144,145,11,2,0,15,0,1.7647058823529411,0.0,0.0,0.0
32,22,144,145,12,1,0,18,0,0.9473684210526315,0.0,0.0,0.0
32,22,144,145,13,4,0,17,0,3.238095238095238,0.0,0.0,0.0
32,22,144,145,14,2,0,15,0,1.7647058823529411,0.0,0.0,0.0
32,22,144,145,24,2,0,14,0,1.75,0.0,0.0,0.0
32,22,144,145,25,2,0,13,0,1.7333333333333334,0.0,0.0,0.0
32,22,144,145,26,2,0,11,0,1.6923076923076923,0.0,0.0,0.0
32,22,144,145,27,2,0,10,0,1.6666666666666667,0.0,0.0,0.0
32,22,144,145,28,2,0,9,0,1.6363636363636365,0.0,0.0,0.0
32,22,144,145,29,2,0,6,0,1.5,0.0,0.0,0.0
32,22,144,145,30,2,0,5,0,1.4285714285714286,0.0,0.0,0.0
32,22,152,153,15,2,0,14,0,1.75,0.0,0.0,0.0
32,22,152,153,25,2,0,15,0,1.7647058823529411,0.0,0.0,0.0
32,22,152,153,26,1,0,13,0,0.9285714285714286,0.0,0.0,0.0
32,22,152,153,27,1,0,13,0,0.9285714285714286,0.0,0.0,0.0
32,22,152,153,28,1,0,12,0,0.9230769230769231,0.0,0.0,0.0
32,22,152,153,29,1,0,9,0,0.9,0.0,0.0,0.0
32,22,152,153,30,1,0,8,0,0.8888888888888888,0.0,0.0,0.0
32,22,152,153,31,1,0,6,0,0.8571428571428571,0.0,0.0,0.0
32,22,160,161,26,2,0,14,0,1.75,0.0,0.0,0.0
32,22,160,161,27,1,0,14,0,0.9333333333333333,0.0,0.0,0.0
32,22,160,161,28,1,0,13,0,0.9285714285714286,0.0,0.0,0.0
32,22,160,161,29,1,0,10,0,0.9090909090909091,0.0,0.0,0.0
32,22,160,161,30,1,0,9,0,0.9,0.0,0.0,0.0
32,22,160,161,31,2,0,6,0,1.5,0.0,0.0,0.0
32,22,168,169,26,1,0,15,0,0.9375,0.0,0.0,0.0
32,22,176,177,27,1,0,16,0,0.9411764705882353,0.0,0.0,0.0
32,22,184,185,27,1,0,16,0,0.9411764705882353,0.0,0.0,0.0
32,22,192,193,27,1,0,16,0,0.9411764705882353,0.0,0.0,0.0
32,22,200,201,28,1,0,15,0,0.9375,0.0,0.0,0.0
32,22,200,201,29,2,0,12,0,1.7142857142857142,0.0,0.0,0.0
32,22,208,209,29,2,0,13,0,1.7333333333333334,0.0,0.0,0.0
32,22,208,209,30,1,0,12,0,0.9230769230769231,0.0,0.0,0.0
32,22,208,209,31,1,0,10,0,0.9090909090909091,0.0,0.0,0.0
32,22,208,209,33,1,0,8,0,0.8888888888888888,0.0,0.0,0.0
32,22,216,217,29,1,0,14,0,0.9333333333333333,0.0,0.0,0.0
32,22,216,217,30,1,0,13,0,0.9285714285714286,0.0,0.0,0.0
32,22,216,217,31,1,0,11,0,0.9166666666666666,0.0,0.0,0.0
32,22,216,217,32,1,0,11,0,0.9166666666666666,0.0,0.0,0.0
32,22,216,217,33,1,0,9,0,0.9,0.0,0.0,0.0
32,22,224,225,29,1,0,14,0,0.9333333333333333,0.0,0.0,0.0
32,22,224,225,30,1,0,13,0,0.9285714285714286,0.0,0.0,0.0
32,22,224,225,31,1,0,11,0,0.9166666666666666,0.0,0.0,0.0
32,22,224,225,32,1,0,11,0,0.9166666666666666,0.0,0.0,0.0
32,22,224,225,33,1,0,9,0,0.9,0.0,0.0,0.0
32,22,232,233,29,1,0,14,0,0.9333333333333333,0.0,0.0,0.0
32,22,232,233,30,1,0,13,0,0.9285714285714286,0.0,0.0,0.0
32,22,232,233,31,1,0,11,0,0.9166666666666666,0.0,0.0,0.0
32,22,232,233,32,1,0,11,0,0.9166666666666666,0.0,0.0,0.0
32,22,232,233,33,1,0,9,0,0.9,0.0,0.0,0.0
32,22,240,241,30,1,0,14,0,0.9333333333333333,0.0,0.0,0.0
32,22,240,241,31,1,0,12,0,0.9230769230769231,0.0,0.0,0.0
32,22,240,241,32,1,0,12,0,0.9230769230769231,0.0,0.0,0.0
32,22,240,241,33,1,0,10,0,0.9090909090909091,0.0,0.0,0.0
32,22,240,241,34,1,0,7,0,0.875,0.0,0.0,0.0
32,22,248,249,31,2,0,12,0,1.7142857142857142,0.0,0.0,0.0
32,22,248,249,33,1,0,11,0,0.9166666666666666,0.0,0.0,0.0
32,22,248,249,34,2,0,7,0,1.5555555555555556,0.0,0.0,0.0
32,23,8,9,9,6,6,1,0,0.8571428571428571,1.0,0.0,1.0
32,23,16,17,14,1,0,4,0,0.8,0.0,0.0,0.0
32,23,16,17,15,7,6,6,0,3.230769230769231,0.8571428571428571,0.0,0.8571428571428571
32,23,24,25,17,1,1,1,0,0.5,1.0,0.0,1.0
32,23,24,25,18,1,0,2,0,0.6666666666666666,0.0,0.0,0.0
32,23,24,25,19,3,0,2,0,1.2,0.0,0.0,0.0
32,23,24,25,21,1,0,3,0,0.75,0.0,0.0,0.0
32,23,40,41,26,2,0,1,0,0.6666666666666666,0.0,0.0,0.0
32,23,40,41,27,4,3,2,0,1.3333333333333333,0.75,0.0,0.75
32,23,40,41,28,1,0,5,0,0.8333333333333334,0.0,0.0,0.0
32,23,40,41,29,2,1,5,1,1.4285714285714286,0.5,0.2,0.3
32,24,32,33,25,5,3,1,0,0.8333333333333334,0.6,0.0,0.6
32,24,40,41,30,1,0,4,0,0.8,0.0,0.0,0.0
32,24,40,41,31,3,2,7,0,2.1,0.6666666666666666,0.0,0.6666666666666666
32,24,40,41,32,1,0,10,0,0.9090909090909091,0.0,0.0,0.0
32,24,40,41,33,2,1,10,0,1.6666666666666667,0.5,0.0,0.5
32,24,48,49,38,1,1,1,0,0.5,1.0,0.0,1.0
32,25,8,9,9,15,15,1,0,0.9375,1.0,0.0,1.0
32,25,16,17,14,1,0,1,0,0.5,0.0,0.0,0.0
32,25,16,17,15,6,6,1,0,0.8571428571428571,1.0,0.0,1.0
32,26,8,9,9,3,2,3,1,1.5,0.6666666666666666,0.3333333333333333,0.3333333333333333
32,26,16,17,14,2,1,1,0,0.6666666666666666,0.5,0.0,0.5
32,26,16,17,15,11,10,1,0,0.9166666666666666,0.9090909090909091,0.0,0.9090909090909091
32,26,32,33,19,2,1,1,0,0.6666666666666666,0.5,0.0,0.5
32,26,32,33,20,1,0,3,0,0.75,0.0,0.0,0.0
32,26,32,33,21,4,3,4,0,2.0,0.75,0.0,0.75
32,26,40,41,26,1,0,1,0,0.5,0.0,0.0,0.0
32,26,40,41,27,1,0,1,0,0.5,0.0,0.0,0.0
32,27,16,17,14,3,0,2,0,1.2,0.0,0.0,0.0
32,27,16,17,15,8,6,4,0,2.6666666666666665,0.75,0.0,0.75
32,27,32,33,23,3,2,2,0,1.2,0.6666666666666666,0.0,0.6666666666666666
32,27,32,33,24,1,0,4,0,0.8,0.0,0.0,0.0
32,27,32,33,25,7,5,4,0,2.5454545454545454,0.7142857142857143,0.0,0.7142857142857143
32,27,40,41,29,4,2,2,0,1.3333333333333333,0.5,0.0,0.5
32,27,48,49,31,1,1,1,0,0.5,1.0,0.0,1.0
32,27,48,49,32,1,0,1,0,0.5,0.0,0.0,0.0
32,27,48,49,33,2,2,1,0,0.6666666666666666,1.0,0.0,1.0
32,27,48,49,34,1,0,2,0,0.6666666666666666,0.0,0.0,0.0
32,27,48,49,35,1,0,2,0,0.6666666666666666,0.0,0.0,0.0
32,27,72,73,43,2,1,2,0,1.0,0.5,0.0,0.5
32,27,72,73,45,3,2,4,0,1.7142857142857142,0.6666666666666666,0.0,0.6666666666666666
32,27,80,81,43,1,1,1,0,0.5,1.0,0.0,1.0
32,27,80,81,45,2,1,2,0,1.0,0.5,0.0,0.5
32,27,80,81,47,2,2,3,0,1.2,1.0,0.0,1.0
32,27,80,81,48,1,0,4,0,0.8,0.0,0.0,0.0
32,27,128,129,56,2,0,1,0,0.6666666666666666,0.0,0.0,0.0
32,27,128,129,58,1,0,4,0,0.8,0.0,0.0,0.0
32,27,128,129,59,2,1,7,0,1.5555555555555556,0.5,0.0,0.5
32,27,136,137,57,3,2,1,0,0.75,0.6666666666666666,0.0,0.6666666666666666
32,27,136,137,59,1,0,6,0,0.8571428571428571,0.0,0.0,0.0
32,27,136,137,60,2,0,9,0,1.6363636363636365,0.0,0.0,0.0
32,27,136,137,61,1,0,12,0,0.9230769230769231,0.0,0.0,0.0
32,27,144,145,57,1,0,1,0,0.5,0.0,0.0,0.0
32,27,144,145,58,2,0,2,0,1.0,0.0,0.0,0.0
32,27,144,145,59,1,0,6,0,0.8571428571428571,0.0,0.0,0.0
32,27,144,145,60,1,0,9,0,0.9,0.0,0.0,0.0
32,27,144,145,61,1,0,11,0,0.9166666666666666,0.0,0.0,0.0
32,27,144,145,62,1,0,12,0,0.9230769230769231,0.0,0.0,0.0
32,27,152,153,57,1,0,1,0,0.5,0.0,0.0,0.0
32,27,152,153,58,2,0,2,0,1.0,0.0,0.0,0.0
32,27,152,153,59,1,0,6,0,0.8571428571428571,0.0,0.0,0.0
32,27,152,153,60,1,0,9,0,0.9,0.0,0.0,0.0
32,27,152,153,61,1,0,11,0,0.9166666666666666,0.0,0.0,0.0
32,27,152,153,62,1,0,12,0,0.9230769230769231,0.0,0.0,0.0
32,27,160,161,58,2,0,1,0,0.6666666666666666,0.0,0.0,0.0
32,27,160,161,59,1,0,5,0,0.8333333333333334,0.0,0.0,0.0
32,27,160,161,60,1,0,8,0,0.8888888888888888,0.0,0.0,0.0
32,27,160,161,61,1,0,10,0,0.9090909090909091,0.0,0.0,0.0
32,27,160,161,62,1,0,11,0,0.9166666666666666,0.0,0.0,0.0
32,27,160,161,63,1,0,11,0,0.9166666666666666,0.0,0.0,0.0
32,27,168,169,58,1,0,1,0,0.5,0.0,0.0,0.0
32,27,168,169,59,2,0,4,0,1.3333333333333333,0.0,0.0,0.0
32,27,168,169,60,1,0,8,0,0.8888888888888888,0.0,0.0,0.0
32,27,168,169,61,1,1,10,0,0.9090909090909091,1.0,0.0,1.0
32,27,168,169,62,1,0,11,0,0.9166666666666666,0.0,0.0,0.0
32,27,168,169,63,1,0,11,0,0.9166666666666666,0.0,0.0,0.0
32,27,176,177,59,1,0,4,0,0.8,0.0,0.0,0.0
32,27,176,177,60,1,0,7,0,0.875,0.0,0.0,0.0
32,27,176,177,61,1,1,9,0,0.9,1.0,0.0,1.0
32,27,176,177,63,2,1,9,0,1.6363636363636365,0.5,0.0,0.5
32,27,176,177,64,1,0,8,0,0.8888888888888888,0.0,0.0,0.0
32,27,184,185,59,1,0,3,0,0.75,0.0,0.0,0.0
32,27,184,185,60,1,0,6,0,0.8571428571428571,0.0,0.0,0.0
32,27,184,185,61,1,0,8,0,0.8888888888888888,0.0,0.0,0.0
32,27,184,185,63,1,0,8,0,0.8888888888888888,0.0,0.0,0.0
32,27,184,185,65,2,1,5,0,1.4285714285714286,0.5,0.0,0.5
32,27,184,185,66,2,0,5,0,1.4285714285714286,0.0,0.0,0.0
32,27,192,193,61,1,0,6,0,0.8571428571428571,0.0,0.0,0.0
32,27,192,193,62,1,0,7,0,0.875,0.0,0.0,0.0
32,27,192,193,63,1,1,7,0,0.875,1.0,0.0,1.0
32,27,200,201,63,1,0,6,0,0.8571428571428571,0.0,0.0,0.0
32,27,208,209,63,1,1,6,0,0.8571428571428571,1.0,0.0,1.0
32,27,216,217,60,3,0,2,0,1.2,0.0,0.0,0.0
32,27,216,217,64,1,0,4,0,0.8,0.0,0.0,0.0
32,27,224,225,61,3,0,3,0,1.5,0.0,0.0,0.0
32,27,224,225,64,1,0,4,0,0.8,0.0,0.0,0.0
32,27,232,233,61,2,0,1,0,0.6666666666666666,0.0,0.0,0.0
32,27,232,233,62,4,0,2,0,1.3333333333333333,0.0,0.0,0.0
32,27,232,233,63,2,0,4,0,1.3333333333333333,0.0,0.0,0.0
32,27,232,233,65,3,0,2,0,1.2,0.0,0.0,0.0
32,27,240,241,61,2,0,1,0,0.6666666666666666,0.0,0.0,0.0
32,27,240,241,62,2,0,2,0,1.0,0.0,0.0,0.0
32,27,240,241,63,3,1,2,0,1.2,0.3333333333333333,0.0,0.3333333333333333
32,27,240,241,64,1,0,3,0,0.75,0.0,0.0,0.0
32,27,240,241,65,1,1,2,0,0.6666666666666666,1.0,0.0,1.0
32,27,240,241,66,1,0,2,0,0.6666666666666666,0.0,0.0,0.0
32,27,240,241,67,2,1,2,0,1.0,0.5,0.0,0.5
32,27,240,241,68,2,0,3,0,1.2,0.0,0.0,0.0
32,27,240,241,69,3,1,4,0,1.7142857142857142,0.3333333333333333,0.0,0.3333333333333333
32,27,248,249,61,2,0,1,0,0.6666666666666666,0.0,0.0,0.0
32,27,248,249,62,2,0,2,0,1.0,0.0,0.0,0.0
32,27,248,249,63,2,0,2,0,1.0,0.0,0.0,0.0
32,27,248,249,64,2,0,2,0,1.0,0.0,0.0,0.0
32,27,248,249,66,2,0,1,0,0.6666666666666666,0.0,0.0,0.0
32,27,248,249,67,1,0,2,0,0.6666666666666666,0.0,0.0,0.0
32,27,248,249,68,1,0,3,0,0.75,0.0,0.0,0.0
32,27,248,249,69,2,2,4,0,1.3333333333333333,1.0,0.0,1.0
32,27,248,249,70,1,0,5,0,0.8333333333333334,0.0,0.0,0.0
32,27,248,249,71,2,1,5,0,1.4285714285714286,0.5,0.0,0.5
32,28,16,17,15,7,7,3,0,2.1,1.0,0.0,1.0
32,28,24,25,8,3,0,2,0,1.2,0.0,0.0,0.0
32,28,24,25,17,1,1,1,0,0.5,1.0,0.0,1.0
32,28,24,25,18,2,1,2,0,1.0,0.5,0.0,0.5
32,28,24,25,19,3,2,3,0,1.5,0.6666666666666666,0.0,0.6666666666666666
32,28,24,25,20,3,1,5,0,1.875,0.3333333333333333,0.0,0.3333333333333333
32,28,24,25,21,9,5,6,0,3.6,0.5555555555555556,0.0,0.5555555555555556
32,28,32,33,11,1,0,6,0,0.8571428571428571,0.0,0.0,0.0
32,28,32,33,12,1,0,7,0,0.875,0.0,0.0,0.0
32,28,32,33,13,1,0,7,0,0.875,0.0,0.0,0.0
32,28,32,33,26,1,0,1,0,0.5,0.0,0.0,0.0
32,28,32,33,27,4,3,4,0,2.0,0.75,0.0,0.75
32,28,40,41,13,1,0,9,0,0.9,0.0,0.0,0.0
32,28,40,41,14,1,0,8,0,0.8888888888888888,0.0,0.0,0.0
32,28,40,41,18,5,0,2,0,1.4285714285714286,0.0,0.0,0.0
32,28,40,41,19,1,0,2,0,0.6666666666666666,0.0,0.0,0.0
32,28,40,41,29,7,4,2,0,1.5555555555555556,0.5714285714285714,0.0,0.5714285714285714
32,28,40,41,30,4,0,5,0,2.2222222222222223,0.0,0.0,0.0
32,28,40,41,31,8,6,3,0,2.1818181818181817,0.75,0.0,0.75
32,28,48,49,16,1,0,8,0,0.8888888888888888,0.0,0.0,0.0
32,28,48,49,18,2,0,10,0,1.6666666666666667,0.0,0.0,0.0
32,28,48,49,20,3,0,10,0,2.3076923076923075,0.0,0.0,0.0
32,28,48,49,22,2,0,11,0,1.6923076923076923,0.0,0.0,0.0
32,28,48,49,24,2,0,7,0,1.5555555555555556,0.0,0.0,0.0
32,28,48,49,25,2,0,5,0,1.4285714285714286,0.0,0.0,0.0
32,28,48,49,32,1,0,3,0,0.75,0.0,0.0,0.0
32,28,48,49,35,1,1,11,0,0.9166666666666666,1.0,0.0,1.0
32,28,48,49,37,3,3,12,0,2.4,1.0,0.0,1.0
32,28,56,57,26,2,0,5,0,1.4285714285714286,0.0,0.0,0.0
32,28,56,57,27,1,0,3,0,0.75,0.0,0.0,0.0
32,28,56,57,33,3,2,2,0,1.2,0.6666666666666666,0.0,0.6666666666666666
32,28,56,57,34,2,0,6,0,1.5,0.0,0.0,0.0
32,28,56,57,35,3,3,8,0,2.1818181818181817,1.0,0.0,1.0
32,28,64,65,28,3,0,6,0,2.0,0.0,0.0,0.0
32,28,64,65,29,3,0,7,0,2.1,0.0,0.0,0.0
32,28,64,65,30,5,0,5,0,2.5,0.0,0.0,0.0
32,28,64,65,31,2,0,4,0,1.3333333333333333,0.0,0.0,0.0
32,28,64,65,32,4,0,1,0,0.8,0.0,0.0,0.0
32,28,64,65,36,2,0,1,0,0.6666666666666666,0.0,0.0,0.0
32,28,64,65,37,3,0,1,0,0.75,0.0,0.0,0.0
32,28,64,65,38,2,0,2,0,1.0,0.0,0.0,0.0
32,28,64,65,39,4,2,5,0,2.2222222222222223,0.5,0.0,0.5
32,28,64,65,40,2,0,7,0,1.5555555555555556,0.0,0.0,0.0
32,28,64,65,41,2,0,10,0,1.6666666666666667,0.0,0.0,0.0
32,28,72,73,30,1,0,13,0,0.9285714285714286,0.0,0.0,0.0
32,28,72,73,32,1,0,8,0,0.8888888888888888,0.0,0.0,0.0
32,28,72,73,38,1,0,1,0,0.5,0.0,0.0,0.0
32,28,72,73,39,1,1,3,0,0.75,1.0,0.0,1.0
32,28,72,73,43,1,0,13,0,0.9285714285714286,0.0,0.0,0.0
32,28,80,81,31,1,0,10,0,0.9090909090909091,0.0,0.0,0.0
32,28,80,81,32,2,0,8,0,1.6,0.0,0.0,0.0
32,28,80,81,33,1,0,6,0,0.8571428571428571,0.0,0.0,0.0
32,28,80,81,34,1,0,6,0,0.8571428571428571,0.0,0.0,0.0
32,28,80,81,35,1,0,6,0,0.8571428571428571,0.0,0.0,0.0
32,28,80,81,40,1,0,5,0,0.8333333333333334,0.0,0.0,0.0
32,28,80,81,44,1,0,12,0,0.9230769230769231,0.0,0.0,0.0
32,28,88,89,32,1,0,11,0,0.9166666666666666,0.0,0.0,0.0
32,28,88,89,33,1,0,10,0,0.9090909090909091,0.0,0.0,0.0
32,28,88,89,34,3,0,9,0,2.25,0.0,0.0,0.0
32,28,88,89,35,3,0,7,0,2.1,0.0,0.0,0.0
32,28,88,89,36,3,0,6,0,2.0,0.0,0.0,0.0
32,28,88,89,37,2,0,3,0,1.2,0.0,0.0,0.0
32,28,88,89,41,4,0,1,0,0.8,0.0,0.0,0.0
32,28,88,89,42,4,0,3,0,1.7142857142857142,0.0,0.0,0.0
32,28,88,89,43,4,2,5,0,2.2222222222222223,0.5,0.0,0.5
32,28,88,89,44,4,0,5,0,2.2222222222222223,0.0,0.0,0.0
32,28,88,89,45,6,1,5,0,2.727272727272727,0.16666666666666666,0.0,0.16666666666666666
32,28,88,89,46,1,0,9,0,0.9,0.0,0.0,0.0
32,28,88,89,47,1,0,9,0,0.9,0.0,0.0,0.0
32,28,88,89,48,1,0,10,0,0.9090909090909091,0.0,0.0,0.0
32,28,88,89,49,2,0,10,0,1.6666666666666667,0.0,0.0,0.0
32,28,96,97,34,1,0,14,0,0.9333333333333333,0.0,0.0,0.0
32,28,96,97,36,3,0,13,0,2.4375,0.0,0.0,0.0
32,28,96,97,38,3,0,6,0,2.0,0.0,0.0,0.0
32,28,96,97,43,2,0,2,0,1.0,0.0,0.0,0.0
32,28,96,97,44,2,0,2,0,1.0,0.0,0.0,0.0
32,28,96,97,45,2,0,2,0,1.0,0.0,0.0,0.0
32,28,96,97,46,3,0,2,0,1.2,0.0,0.0,0.0
32,28,96,97,47,3,0,3,0,1.5,0.0,0.0,0.0
32,28,96,97,48,3,0,4,0,1.7142857142857142,0.0,0.0,0.0
32,28,96,97,49,5,2,5,0,2.5,0.4,0.0,0.4
32,28,96,97,50,2,0,8,0,1.6,0.0,0.0,0.0
32,28,104,105,37,1,0,14,0,0.9333333333333333,0.0,0.0,0.0
32,28,104,105,38,1,0,9,0,0.9,0.0,0.0,0.0
32,28,104,105,47,3,3,1,0,0.75,1.0,0.0,1.0
32,28,104,105,48,3,0,2,0,1.2,0.0,0.0,0.0
32,28,104,105,49,3,1,3,0,1.5,0.3333333333333333,0.0,0.3333333333333333
32,28,104,105,50,3,0,4,0,1.7142857142857142,0.0,0.0,0.0
32,28,104,105,51,3,0,4,0,1.7142857142857142,0.0,0.0,0.0
32,28,112,113,37,1,0,14,0,0.9333333333333333,0.0,0.0,0.0
32,28,112,113,39,1,0,7,0,0.875,0.0,0.0,0.0
32,28,112,113,48,1,0,1,0,0.5,0.0,0.0,0.0
32,28,112,113,49,1,1,2,0,0.6666666666666666,1.0,0.0,1.0
32,28,112,113,50,1,0,3,0,0.75,0.0,0.0,0.0
32,28,112,113,51,1,0,3,0,0.75,0.0,0.0,0.0
32,28,112,113,52,1,0,3,0,0.75,0.0,0.0,0.0
32,28,120,121,38,1,0,10,0,0.9090909090909091,0.0,0.0,0.0
32,28,120,121,39,1,0,7,0,0.875,0.0,0.0,0.0
32,28,120,121,50,1,0,1,0,0.5,0.0,0.0,0.0
32,28,120,121,51,1,1,1,0,0.5,1.0,0.0,1.0
32,28,120,121,52,2,0,1,0,0.6666666666666666,0.0,0.0,0.0
32,28,120,121,53,1,0,2,0,0.6666666666666666,0.0,0.0,0.0
32,28,128,129,38,1,0,10,0,0.9090909090909091,0.0,0.0,0.0
32,28,128,129,39,2,0,7,0,1.5555555555555556,0.0,0.0,0.0
32,28,128,129,40,1,0,5,0,0.8333333333333334,0.0,0.0,0.0
32,28,128,129,41,1,0,3,0,0.75,0.0,0.0,0.0
32,28,136,137,39,2,0,9,0,1.6363636363636365,0.0,0.0,0.0
32,28,136,137,40,3,0,6,0,2.0,0.0,0.0,0.0
32,28,136,137,41,3,0,4,0,1.7142857142857142,0.0,0.0,0.0
32,28,136,137,42,2,0,2,0,1.0,0.0,0.0,0.0
32,28,136,137,43,2,0,2,0,1.0,0.0,0.0,0.0
32,28,136,137,44,2,0,1,0,0.6666666666666666,0.0,0.0,0.0
32,28,136,137,45,1,0,1,0,0.5,0.0,0.0,0.0
32,28,144,145,39,1,0,10,0,0.9090909090909091,0.0,0.0,0.0
32,28,144,145,40,2,0,8,0,1.6,0.0,0.0,0.0
32,28,144,145,41,1,0,7,0,0.875,0.0,0.0,0.0
32,28,144,145,42,2,0,5,0,1.4285714285714286,0.0,0.0,0.0
32,28,144,145,43,3,0,4,0,1.7142857142857142,0.0,0.0,0.0
32,28,144,145,44,4,0,1,0,0.8,0.0,0.0,0.0
32,28,144,145,45,2,0,1,0,0.6666666666666666,0.0,0.0,0.0
32,28,144,145,46,2,0,1,0,0.6666666666666666,0.0,0.0,0.0
32,28,144,145,47,1,0,1,0,0.5,0.0,0.0,0.0
32,28,144,145,48,1,0,1,0,0.5,0.0,0.0,0.0
32,28,144,145,49,1,0,1,0,0.5,0.0,0.0,0.0
32,28,152,153,41,2,0,10,0,1.6666666666666667,0.0,0.0,0.0
32,28,152,153,42,2,0,8,0,1.6,0.0,0.0,0.0
32,28,152,153,43,2,0,8,0,1.6,0.0,0.0,0.0
32,28,152,153,44,2,0,7,0,1.5555555555555556,0.0,0.0,0.0
32,28,152,153,45,5,0,3,0,1.875,0.0,0.0,0.0
32,28,152,153,46,4,0,1,0,0.8,0.0,0.0,0.0
32,28,152,153,47,3,0,1,0,0.75,0.0,0.0,0.0
32,28,152,153,48,2,0,1,0,0.6666666666666666,0.0,0.0,0.0
32,28,152,153,49,1,0,1,0,0.5,0.0,0.0,0.0
32,28,160,161,41,2,0,10,0,1.6666666666666667,0.0,0.0,0.0
32,28,160,161,42,2,0,8,0,1.6,0.0,0.0,0.0
32,28,160,161,43,2,0,8,0,1.6,0.0,0.0,0.0
32,28,160,161,44,2,0,7,0,1.5555555555555556,0.0,0.0,0.0
32,28,160,161,45,2,0,6,0,1.5,0.0,0.0,0.0
32,28,160,161,46,3,0,4,0,1.7142857142857142,0.0,0.0,0.0
32,28,160,161,47,3,0,3,0,1.5,0.0,0.0,0.0
32,28,160,161,48,3,0,3,0,1.5,0.0,0.0,0.0
32,28,160,161,49,3,0,2,0,1.2,0.0,0.0,0.0
32,28,168,169,42,4,0,8,0,2.6666666666666665,0.0,0.0,0.0
32,28,168,169,43,1,0,9,0,0.9,0.0,0.0,0.0
32,28,168,169,44,3,0,7,0,2.1,0.0,0.0,0.0
32,28,168,169,45,2,0,6,0,1.5,0.0,0.0,0.0
32,28,168,169,46,3,0,4,0,1.7142857142857142,0.0,0.0,0.0
32,28,168,169,47,2,0,4,0,1.3333333333333333,0.0,0.0,0.0
32,28,168,169,48,4,0,3,0,1.7142857142857142,0.0,0.0,0.0
32,28,168,169,49,3,0,2,0,1.2,0.0,0.0,0.0
32,28,168,169,50,1,0,1,0,0.5,0.0,0.0,0.0
32,28,176,177,42,2,0,10,0,1.6666666666666667,0.0,0.0,0.0
32,28,176,177,43,2,0,10,0,1.6666666666666667,0.0,0.0,0.0
32,28,176,177,44,2,0,9,0,1.6363636363636365,0.0,0.0,0.0
32,28,176,177,45,2,0,8,0,1.6,0.0,0.0,0.0
32,28,176,177,46,2,0,7,0,1.5555555555555556,0.0,0.0,0.0
32,28,176,177,47,3,0,6,0,2.0,0.0,0.0,0.0
32,28,176,177,48,2,0,7,0,1.5555555555555556,0.0,0.0,0.0
32,28,176,177,49,3,0,6,0,2.0,0.0,0.0,0.0
32,28,176,177,50,4,0,2,0,1.3333333333333333,0.0,0.0,0.0
32,28,176,177,51,1,0,1,0,0.5,0.0,0.0,0.0
32,28,184,185,49,1,0,11,0,0.9166666666666666,0.0,0.0,0.0
32,28,184,185,50,5,0,4,0,2.2222222222222223,0.0,0.0,0.0
32,28,184,185,52,3,0,1,0,0.75,0.0,0.0,0.0
32,29,24,25,21,6,5,1,0,0.8571428571428571,0.8333333333333334,0.0,0.8333333333333334
32,29,32,33,27,1,1,3,0,0.75,1.0,0.0,1.0
32,30,16,17,2,5,0,1,0,0.8333333333333334,0.0,0.0,0.0
32,30,24,25,8,1,0,1,0,0.5,0.0,0.0,0.0
32,30,32,33,12,1,0,6,0,0.8571428571428571,0.0,0.0,0.0
32,30,32,33,14,2,0,5,0,1.4285714285714286,0.0,0.0,0.0
32,30,32,33,15,2,0,2,0,1.0,0.0,0.0,0.0
32,31,16,17,15,5,5,1,0,0.8333333333333334,1.0,0.0,1.0
32,31,24,25,21,4,3,2,0,1.3333333333333333,0.75,0.0,0.75
32,31,32,33,27,5,3,1,0,0.8333333333333334,0.6,0.0,0.6
32,31,56,57,37,1,0,1,0,0.5,0.0,0.0,0.0
32,31,56,57,38,1,0,2,0,0.6666666666666666,0.0,0.0,0.0
32,31,56,57,39,1,0,3,0,0.75,0.0,0.0,0.0
32,31,56,57,40,1,0,4,0,0.8,0.0,0.0,0.0
32,31,56,57,41,1,0,4,0,0.8,0.0,0.0,0.0
32,31,56,57,42,2,0,4,0,1.3333333333333333,0.0,0.0,0.0
32,31,64,65,39,1,1,1,0,0.5,1.0,0.0,1.0
32,31,64,65,41,2,1,1,0,0.6666666666666666,0.5,0.0,0.5
32,31,64,65,42,1,0,2,0,0.6666666666666666,0.0,0.0,0.0
32,31,64,65,43,1,1,2,0,0.6666666666666666,1.0,0.0,1.0
32,31,64,65,44,2,0,2,0,1.0,0.0,0.0,0.0
64,0,16,17,14,8,4,3,0,2.1818181818181817,0.5,0.0,0.5
64,0,16,17,15,15,8,9,0,5.625,0.5333333333333333,0.0,0.5333333333333333
64,0,24,25,19,7,6,1,0,0.875,0.8571428571428571,0.0,0.8571428571428571
64,0,24,25,20,12,0,7,0,4.421052631578948,0.0,0.0,0.0
64,0,24,25,21,8,3,17,0,5.44,0.375,0.0,0.375
64,0,32,33,26,2,0,15,0,1.7647058823529411,0.0,0.0,0.0
64,0,32,33,27,9,9,16,1,5.76,1.0,0.0625,0.9375
64,0,40,41,19,1,0,2,0,0.6666666666666666,0.0,0.0,0.0
64,0,40,41,21,2,0,4,0,1.3333333333333333,0.0,0.0,0.0
64,0,40,41,22,3,0,2,0,1.2,0.0,0.0,0.0
64,0,40,41,23,3,0,2,0,1.2,0.0,0.0,0.0
64,0,40,41,24,1,0,1,0,0.5,0.0,0.0,0.0
64,0,40,41,28,3,0,1,0,0.75,0.0,0.0,0.0
64,0,40,41,29,5,2,2,0,1.4285714285714286,0.4,0.0,0.4
64,0,40,41,30,1,0,5,0,0.8333333333333334,0.0,0.0,0.0
64,0,40,41,31,3,2,5,0,1.875,0.6666666666666666,0.0,0.6666666666666666
64,0,40,41,32,2,0,6,0,1.5,0.0,0.0,0.0
64,0,40,41,33,15,12,6,0,4.285714285714286,0.8,0.0,0.8
64,0,48,49,14,2,0,1,0,0.6666666666666666,0.0,0.0,0.0
64,0,48,49,15,2,0,2,0,1.0,0.0,0.0,0.0
64,0,48,49,17,3,0,4,0,1.7142857142857142,0.0,0.0,0.0
64,0,48,49,18,1,0,7,0,0.875,0.0,0.0,0.0
64,0,48,49,19,1,0,10,0,0.9090909090909091,0.0,0.0,0.0
64,0,48,49,20,1,0,13,0,0.9285714285714286,0.0,0.0,0.0
64,0,48,49,21,1,0,15,0,0.9375,0.0,0.0,0.0
64,0,48,49,22,2,0,16,0,1.7777777777777777,0.0,0.0,0.0
64,0,48,49,23,6,0,13,0,4.105263157894737,0.0,0.0,0.0
64,0,48,49,24,1,0,13,0,0.9285714285714286,0.0,0.0,0.0
64,0,48,49,25,3,0,12,0,2.4,0.0,0.0,0.0
64,0,48,49,26,2,0,12,0,1.7142857142857142,0.0,0.0,0.0
64,0,48,49,27,3,0,10,0,2.3076923076923075,0.0,0.0,0.0
64,0,48,49,28,4,0,7,0,2.5454545454545454,0.0,0.0,0.0
64,0,48,49,29,2,0,6,0,1.5,0.0,0.0,0.0
64,0,48,49,30,3,0,4,0,1.7142857142857142,0.0,0.0,0.0
64,0,48,49,33,1,1,1,0,0.5,1.0,0.0,1.0
64,0,48,49,38,2,0,2,0,1.0,0.0,0.0,0.0
64,0,48,49,39,7,6,2,0,1.5555555555555556,0.8571428571428571,0.0,0.8571428571428571
64,0,48,49,40,2,0,5,0,1.4285714285714286,0.0,0.0,0.0
64,0,48,49,41,1,1,6,0,0.8571428571428571,1.0,0.0,1.0
64,0,56,57,12,1,0,3,0,0.75,0.0,0.0,0.0
64,0,56,57,13,3,0,4,0,1.7142857142857142,0.0,0.0,0.0
64,0,56,57,15,3,1,7,0,2.1,0.3333333333333333,0.0,0.3333333333333333
64,0,56,57,16,1,0,10,0,0.9090909090909091,0.0,0.0,0.0
64,0,56,57,17,1,1,11,0,0.9166666666666666,1.0,0.0,1.0
64,0,56,57,19,1,0,14,0,0.9333333333333333,0.0,0.0,0.0
64,0,56,57,21,2,1,18,0,1.8,0.5,0.0,0.5
64,0,56,57,23,1,0,22,0,0.9565217391304348,0.0,0.0,0.0
64,0,56,57,24,1,0,21,0,0.9545454545454546,0.0,0.0,0.0
64,0,56,57,25,3,0,20,0,2.608695652173913,0.0,0.0,0.0
64,0,56,57,26,2,0,20,0,1.8181818181818181,0.0,0.0,0.0
64,0,56,57,27,1,0,19,0,0.95,0.0,0.0,0.0
64,0,56,57,28,2,0,19,0,1.8095238095238095,0.0,0.0,0.0
64,0,56,57,29,2,0,19,0,1.8095238095238095,0.0,0.0,0.0
64,0,56,57,30,1,0,17,0,0.9444444444444444,0.0,0.0,0.0
64,0,56,57,34,5,0,2,0,1.4285714285714286,0.0,0.0,0.0
64,0,56,57,35,1,0,1,0,0.5,0.0,0.0,0.0
64,0,56,57,45,3,1,1,0,0.75,0.3333333333333333,0.0,0.3333333333333333
64,0,56,57,46,2,0,4,0,1.3333333333333333,0.0,0.0,0.0
64,0,56,57,47,1,0,5,0,0.8333333333333334,0.0,0.0,0.0
64,0,56,57,48,3,0,7,0,2.1,0.0,0.0,0.0
64,0,56,57,50,2,0,12,0,1.7142857142857142,0.0,0.0,0.0
64,0,64,65,9,1,0,2,0,0.6666666666666666,0.0,0.0,0.0
64,0,64,65,10,2,0,4,0,1.3333333333333333,0.0,0.0,0.0
64,0,64,65,11,1,0,6,0,0.8571428571428571,0.0,0.0,0.0
64,0,64,65,12,3,0,7,0,2.1,0.0,0.0,0.0
64,0,64,65,13,2,0,9,0,1.6363636363636365,0.0,0.0,0.0
64,0,64,65,14,2,0,10,0,1.6666666666666667,0.0,0.0,0.0
64,0,64,65,15,1,0,12,0,0.9230769230769231,0.0,0.0,0.0
64,0,64,65,16,1,0,13,0,0.9285714285714286,0.0,0.0,0.0
64,0,64,65,17,1,0,14,0,0.9333333333333333,0.0,0.0,0.0
64,0,64,65,26,1,0,24,0,0.96,0.0,0.0,0.0
64,0,64,65,27,1,0,23,0,0.9583333333333334,0.0,0.0,0.0
64,0,64,65,28,1,0,23,0,0.9583333333333334,0.0,0.0,0.0
64,0,64,65,30,1,0,22,0,0.9565217391304348,0.0,0.0,0.0
64,0,64,65,31,1,0,19,0,0.95,0.0,0.0,0.0
64,0,64,65,32,2,0,15,0,1.7647058823529411,0.0,0.0,0.0
64,0,64,65,34,1,0,12,0,0.9230769230769231,0.0,0.0,0.0
64,0,64,65,35,1,0,11,0,0.9166666666666666,0.0,0.0,0.0
64,0,64,65,36,4,0,7,0,2.5454545454545454,0.0,0.0,0.0
64,0,64,65,37,2,0,5,0,1.4285714285714286,0.0,0.0,0.0
64,0,64,65,38,2,0,3,0,1.2,0.0,0.0,0.0
64,0,64,65,48,1,0,7,0,0.875,0.0,0.0,0.0
64,0,64,65,49,2,2,9,0,1.6363636363636365,1.0,0.0,1.0
64,0,64,65,50,1,0,11,0,0.9166666666666666,0.0,0.0,0.0
64,0,64,65,51,3,1,13,0,2.4375,0.3333333333333333,0.0,0.3333333333333333
64,0,72,73,3,4,1,1,0,0.8,0.25,0.0,0.25
64,0,72,73,4,3,0,1,0,0.75,0.0,0.0,0.0
64,0,72,73,5,3,1,1,0,0.75,0.3333333333333333,0.0,0.3333333333333333
64,0,72,73,7,1,0,4,0,0.8,0.0,0.0,0.0
64,0,72,73,8,1,0,5,0,0.8333333333333334,0.0,0.0,0.0
64,0,72,73,9,1,0,5,0,0.8333333333333334,0.0,0.0,0.0
64,0,72,73,10,1,0,7,0,0.875,0.0,0.0,0.0
64,0,72,73,12,2,0,11,0,1.6923076923076923,0.0,0.0,0.0
64,0,72,73,14,2,0,14,0,1.75,0.0,0.0,0.0
64,0,72,73,30,1,0,25,0,0.9615384615384616,0.0,0.0,0.0
64,0,72,73,31,1,0,22,0,0.9565217391304348,0.0,0.0,0.0
64,0,72,73,32,1,0,19,0,0.95,0.0,0.0,0.0
64,0,72,73,34,1,0,16,0,0.9411764705882353,0.0,0.0,0.0
64,0,72,73,36,1,0,15,0,0.9375,0.0,0.0,0.0
64,0,72,73,38,3,0,11,0,2.357142857142857,0.0,0.0,0.0
64,0,72,73,39,4,0,5,0,2.2222222222222223,0.0,0.0,0.0
64,0,72,73,40,3,0,1,0,0.75,0.0,0.0,0.0
64,0,72,73,49,1,0,8,0,0.8888888888888888,0.0,0.0,0.0
64,0,72,73,50,1,0,10,0,0.9090909090909091,0.0,0.0,0.0
64,0,72,73,51,1,0,12,0,0.9230769230769231,0.0,0.0,0.0
64,0,72,73,52,1,0,14,0,0.9333333333333333,0.0,0.0,0.0
64,0,72,73,53,1,0,16,0,0.9411764705882353,0.0,0.0,0.0
64,0,72,73,54,1,0,18,0,0.9473684210526315,0.0,0.0,0.0
64,0,72,73,55,1,0,20,0,0.9523809523809523,0.0,0.0,0.0
64,0,72,73,56,1,0,21,0,0.9545454545454546,0.0,0.0,0.0
64,0,72,73,57,4,2,21,0,3.36,0.5,0.0,0.5
64,0,80,81,2,1,0,3,0,0.75,0.0,0.0,0.0
64,0,80,81,3,1,0,5,0,0.8333333333333334,0.0,0.0,0.0
64,0,80,81,4,1,0,7,0,0.875,0.0,0.0,0.0
64,0,80,81,5,1,0,8,0,0.8888888888888888,0.0,0.0,0.0
64,0,80,81,6,3,0,6,0,2.0,0.0,0.0,0.0
64,0,80,81,7,3,0,6,0,2.0,0.0,0.0,0.0
64,0,80,81,8,4,0,6,0,2.4,0.0,0.0,0.0
64,0,80,81,9,2,0,7,0,1.5555555555555556,0.0,0.0,0.0
64,0,80,81,10,3,0,9,0,2.25,0.0,0.0,0.0
64,0,80,81,11,3,0,11,0,2.357142857142857,0.0,0.0,0.0
64,0,80,81,12,2,0,13,0,1.7333333333333334,0.0,0.0,0.0
64,0,80,81,14,1,0,17,0,0.9444444444444444,0.0,0.0,0.0
64,0,80,81,16,3,0,15,0,2.5,0.0,0.0,0.0
64,0,80,81,42,2,0,4,0,1.3333333333333333,0.0,0.0,0.0
64,0,80,81,43,1,0,4,0,0.8,0.0,0.0,0.0
64,0,80,81,44,2,0,3,0,1.2,0.0,0.0,0.0
64,0,80,81,49,1,0,8,0,0.8888888888888888,0.0,0.0,0.0
64,0,80,81,50,1,0,10,0,0.9090909090909091,0.0,0.0,0.0
64,0,80,81,51,1,1,12,0,0.9230769230769231,1.0,0.0,1.0
64,0,80,81,52,1,0,14,0,0.9333333333333333,0.0,0.0,0.0
64,0,80,81,53,1,1,16,0,0.9411764705882353,1.0,0.0,1.0
64,0,80,81,55,1,0,19,0,0.95,0.0,0.0,0.0
64,0,80,81,56,1,0,20,0,0.9523809523809523,0.0,0.0,0.0
64,0,80,81,57,1,0,20,0,0.9523809523809523,0.0,0.0,0.0
64,0,80,81,58,1,0,20,0,0.9523809523809523,0.0,0.0,0.0
64,0,80,81,59,1,0,21,0,0.9545454545454546,0.0,0.0,0.0
64,0,80,81,60,1,0,20,0,0.9523809523809523,0.0,0.0,0.0
64,0,80,81,61,2,1,21,0,1.826086956521739,0.5,0.0,0.5
64,0,80,81,63,2,1,22,0,1.8333333333333333,0.5,0.0,0.5
64,0,80,81,66,2,0,19,0,1.8095238095238095,0.0,0.0,0.0
64,0,80,81,68,4,0,15,0,3.1578947368421053,0.0,0.0,0.0
64,0,80,81,70,2,0,15,0,1.7647058823529411,0.0,0.0,0.0
64,0,88,89,2,2,0,5,0,1.4285714285714286,0.0,0.0,0.0
64,0,88,89,4,1,0,8,0,0.8888888888888888,0.0,0.0,0.0
64,0,88,89,6,1,0,8,0,0.8888888888888888,0.0,0.0,0.0
64,0,88,89,7,1,0,9,0,0.9,0.0,0.0,0.0
64,0,88,89,8,1,0,11,0,0.9166666666666666,0.0,0.0,0.0
64,0,88,89,9,1,0,12,0,0.9230769230769231,0.0,0.0,0.0
64,0,88,89,10,1,0,15,0,0.9375,0.0,0.0,0.0
64,0,88,89,11,1,0,18,0,0.9473684210526315,0.0,0.0,0.0
64,0,88,89,14,2,0,22,0,1.8333333333333333,0.0,0.0,0.0
64,0,88,89,16,1,0,22,0,0.9565217391304348,0.0,0.0,0.0
64,0,88,89,46,1,0,6,0,0.8571428571428571,0.0,0.0,0.0
64,0,88,89,51,1,0,10,0,0.9090909090909091,0.0,0.0,0.0
64,0,88,89,53,1,1,13,0,0.9285714285714286,1.0,0.0,1.0
64,0,88,89,55,3,3,15,0,2.5,1.0,0.0,1.0
64,0,88,89,57,2,2,15,0,1.7647058823529411,1.0,0.0,1.0
64,0,88,89,59,3,3,15,0,2.5,1.0,0.0,1.0
64,0,88,89,61,5,4,14,0,3.6842105263157894,0.8,0.0,0.8
64,0,88,89,63,5,4,16,0,3.8095238095238093,0.8,0.0,0.8
64,0,88,89,65,5,4,17,0,3.8636363636363638,0.8,0.0,0.8
64,0,88,89,66,2,0,19,0,1.8095238095238095,0.0,0.0,0.0
64,0,88,89,67,1,0,18,0,0.9473684210526315,0.0,0.0,0.0
64,0,88,89,68,1,0,17,0,0.9444444444444444,0.0,0.0,0.0
64,0,88,89,69,3,1,15,0,2.5,0.3333333333333333,0.0,0.3333333333333333
64,0,88,89,71,2,1,15,1,1.7647058823529411,0.5,0.06666666666666667,0.43333333333333335
64,0,96,97,6,2,0,10,0,1.6666666666666667,0.0,0.0,0.0
64,0,96,97,7,1,0,11,0,0.9166666666666666,0.0,0.0,0.0
64,0,96,97,8,1,0,13,0,0.9285714285714286,0.0,0.0,0.0
64,0,96,97,10,1,0,16,0,0.9411764705882353,0.0,0.0,0.0
64,0,96,97,47,1,0,6,0,0.8571428571428571,0.0,0.0,0.0
64,0,96,97,48,1,0,7,0,0.875,0.0,0.0,0.0
64,0,96,97,49,1,0,8,0,0.8888888888888888,0.0,0.0,0.0
64,0,96,97,50,1,0,9,0,0.9,0.0,0.0,0.0
64,0,96,97,57,1,0,13,0,0.9285714285714286,0.0,0.0,0.0
64,0,96,97,59,1,0,13,0,0.9285714285714286,0.0,0.0,0.0
64,0,96,97,60,1,0,12,0,0.9230769230769231,0.0,0.0,0.0
64,0,96,97,61,1,1,13,0,0.9285714285714286,1.0,0.0,1.0
64,0,96,97,63,1,1,13,0,0.9285714285714286,1.0,0.0,1.0
64,0,96,97,71,1,1,14,0,0.9333333333333333,1.0,0.0,1.0
64,0,96,97,73,1,1,14,0,0.9333333333333333,1.0,0.0,1.0
64,0,104,105,48,1,0,9,0,0.9,0.0,0.0,0.0
64,0,104,105,49,1,0,10,0,0.9090909090909091,0.0,0.0,0.0
64,0,104,105,50,1,0,11,0,0.9166666666666666,0.0,0.0,0.0
64,0,104,105,51,1,0,12,0,0.9230769230769231,0.0,0.0,0.0
64,0,104,105,52,1,0,13,0,0.9285714285714286,0.0,0.0,0.0
64,0,104,105,53,1,0,14,0,0.9333333333333333,0.0,0.0,0.0
64,0,104,105,54,1,0,15,0,0.9375,0.0,0.0,0.0
64,0,104,105,55,1,0,16,0,0.9411764705882353,0.0,0.0,0.0
64,0,104,105,56,2,0,15,0,1.7647058823529411,0.0,0.0,0.0
64,0,104,105,58,2,0,13,0,1.7333333333333334,0.0,0.0,0.0
64,0,104,105,60,1,0,11,0,0.9166666666666666,0.0,0.0,0.0
64,0,112,113,48,1,0,9,0,0.9,0.0,0.0,0.0
64,0,112,113,49,1,0,10,0,0.9090909090909091,0.0,0.0,0.0
64,0,112,113,50,1,0,11,0,0.9166666666666666,0.0,0.0,0.0
64,0,112,113,51,1,0,12,0,0.9230769230769231,0.0,0.0,0.0
64,0,112,113,52,1,0,13,0,0.9285714285714286,0.0,0.0,0.0
64,0,112,113,53,1,0,14,0,0.9333333333333333,0.0,0.0,0.0
64,0,112,113,54,1,0,15,0,0.9375,0.0,0.0,0.0
64,0,112,113,55,1,0,16,0,0.9411764705882353,0.0,0.0,0.0
64,0,112,113,56,1,0,16,0,0.9411764705882353,0.0,0.0,0.0
64,0,112,113,57,1,0,15,0,0.9375,0.0,0.0,0.0
64,0,112,113,58,1,0,14,0,0.9333333333333333,0.0,0.0,0.0
64,0,112,113,59,1,0,14,0,0.9333333333333333,0.0,0.0,0.0
64,0,112,113,60,1,0,13,0,0.9285714285714286,0.0,0.0,0.0
64,0,112,113,61,1,0,14,0,0.9333333333333333,0.0,0.0,0.0
64,0,112,113,62,1,0,14,0,0.9333333333333333,0.0,0.0,0.0
64,0,120,121,49,1,0,11,0,0.9166666666666666,0.0,0.0,0.0
64,0,120,121,50,1,0,12,0,0.9230769230769231,0.0,0.0,0.0
64,0,120,121,51,1,0,13,0,0.9285714285714286,0.0,0.0,0.0
64,0,120,121,52,1,0,14,0,0.9333333333333333,0.0,0.0,0.0
64,0,120,121,53,1,0,15,0,0.9375,0.0,0.0,0.0
64,0,120,121,54,1,0,16,0,0.9411764705882353,0.0,0.0,0.0
64,0,120,121,55,1,0,17,0,0.9444444444444444,0.0,0.0,0.0
64,0,120,121,56,1,0,17,0,0.9444444444444444,0.0,0.0,0.0
64,0,120,121,57,1,0,16,0,0.9411764705882353,0.0,0.0,0.0
64,0,120,121,58,1,0,15,0,0.9375,0.0,0.0,0.0
64,0,120,121,59,1,0,15,0,0.9375,0.0,0.0,0.0
64,0,120,121,60,1,0,14,0,0.9333333333333333,0.0,0.0,0.0
64,0,120,121,61,1,0,15,0,0.9375,0.0,0.0,0.0
64,0,120,121,62,2,1,14,0,1.75,0.5,0.0,0.5
64,0,128,129,50,1,0,13,0,0.9285714285714286,0.0,0.0,0.0
64,0,128,129,51,1,0,14,0,0.9333333333333333,0.0,0.0,0.0
64,0,128,129,53,1,0,17,0,0.9444444444444444,0.0,0.0,0.0
64,0,128,129,54,2,0,17,0,1.7894736842105263,0.0,0.0,0.0
64,0,128,129,55,1,0,18,0,0.9473684210526315,0.0,0.0,0.0
64,0,128,129,56,1,0,18,0,0.9473684210526315,0.0,0.0,0.0
64,0,128,129,57,1,0,17,0,0.9444444444444444,0.0,0.0,0.0
64,0,128,129,58,1,0,16,0,0.9411764705882353,0.0,0.0,0.0
64,0,128,129,59,1,0,16,0,0.9411764705882353,0.0,0.0,0.0
64,0,128,129,60,2,0,14,0,1.75,0.0,0.0,0.0
64,0,128,129,61,1,0,15,0,0.9375,0.0,0.0,0.0
64,0,128,129,62,1,0,15,0,0.9375,0.0,0.0,0.0
64,0,128,129,63,1,0,13,0,0.9285714285714286,0.0,0.0,0.0
64,0,136,137,50,1,0,13,0,0.9285714285714286,0.0,0.0,0.0
64,0,136,137,52,1,0,16,0,0.9411764705882353,0.0,0.0,0.0
64,0,136,137,53,1,0,17,0,0.9444444444444444,0.0,0.0,0.0
64,0,136,137,54,1,0,18,0,0.9473684210526315,0.0,0.0,0.0
64,0,136,137,56,1,0,20,0,0.9523809523809523,0.0,0.0,0.0
64,0,136,137,57,1,0,19,0,0.95,0.0,0.0,0.0
64,0,136,137,58,1,0,18,0,0.9473684210526315,0.0,0.0,0.0
64,0,136,137,59,1,0,18,0,0.9473684210526315,0.0,0.0,0.0
64,0,136,137,60,1,0,17,0,0.9444444444444444,0.0,0.0,0.0
64,0,136,137,62,1,0,19,0,0.95,0.0,0.0,0.0
64,0,136,137,64,5,0,13,0,3.611111111111111,0.0,0.0,0.0
64,0,136,137,66,1,0,13,0,0.9285714285714286,0.0,0.0,0.0
64,0,144,145,52,1,0,17,0,0.9444444444444444,0.0,0.0,0.0
64,0,144,145,54,2,0,20,0,1.8181818181818181,0.0,0.0,0.0
64,0,144,145,56,1,0,23,0,0.9583333333333334,0.0,0.0,0.0
64,0,144,145,57,1,0,23,0,0.9583333333333334,0.0,0.0,0.0
64,0,144,145,58,1,0,23,0,0.9583333333333334,0.0,0.0,0.0
64,0,144,145,60,1,0,23,0,0.9583333333333334,0.0,0.0,0.0
64,0,144,145,62,1,0,25,0,0.9615384615384616,0.0,0.0,0.0
64,0,144,145,68,5,0,14,0,3.6842105263157894,0.0,0.0,0.0
64,0,144,145,69,2,0,13,0,1.7333333333333334,0.0,0.0,0.0
64,0,152,153,72,2,0,14,0,1.75,0.0,0.0,0.0
64,1,24,25,20,4,1,3,0,1.7142857142857142,0.25,0.0,0.25
64,1,24,25,21,5,0,6,0,2.727272727272727,0.0,0.0,0.0
64,1,32,33,26,2,0,2,0,1.0,0.0,0.0,0.0
64,1,32,33,27,11,7,3,0,2.357142857142857,0.6363636363636364,0.0,0.6363636363636364
64,1,40,41,32,2,0,1,0,0.6666666666666666,0.0,0.0,0.0
64,1,40,41,33,11,7,2,0,1.6923076923076923,0.6363636363636364,0.0,0.6363636363636364
64,1,48,49,29,3,0,1,0,0.75,0.0,0.0,0.0
64,1,48,49,31,4,0,2,0,1.3333333333333333,0.0,0.0,0.0
64,1,48,49,32,3,0,3,0,1.5,0.0,0.0,0.0
64,1,48,49,33,1,0,4,0,0.8,0.0,0.0,0.0
64,1,48,49,35,1,0,3,0,0.75,0.0,0.0,0.0
64,1,48,49,37,2,2,2,0,1.0,1.0,0.0,1.0
64,1,48,49,38,2,0,2,0,1.0,0.0,0.0,0.0
64,1,56,57,24,1,0,2,0,0.6666666666666666,0.0,0.0,0.0
64,1,56,57,25,3,0,2,0,1.2,0.0,0.0,0.0
64,1,56,57,27,2,0,4,0,1.3333333333333333,0.0,0.0,0.0
64,1,56,57,29,2,0,6,0,1.5,0.0,0.0,0.0
64,1,56,57,31,2,0,8,0,1.6,0.0,0.0,0.0
64,1,56,57,32,1,0,9,0,0.9,0.0,0.0,0.0
64,1,56,57,33,2,0,8,0,1.6,0.0,0.0,0.0
64,1,56,57,34,3,0,6,0,2.0,0.0,0.0,0.0
64,1,56,57,35,3,0,5,0,1.875,0.0,0.0,0.0
64,1,56,57,36,1,0,5,0,0.8333333333333334,0.0,0.0,0.0
64,1,56,57,37,2,0,4,0,1.3333333333333333,0.0,0.0,0.0
64,1,64,65,19,1,0,4,0,0.8,0.0,0.0,0.0
64,1,64,65,20,1,0,5,0,0.8333333333333334,0.0,0.0,0.0
64,1,64,65,21,1,0,6,0,0.8571428571428571,0.0,0.0,0.0
64,1,64,65,22,1,0,7,0,0.875,0.0,0.0,0.0
64,1,64,65,23,3,0,7,0,2.1,0.0,0.0,0.0
64,1,64,65,24,1,0,9,0,0.9,0.0,0.0,0.0
64,1,64,65,25,2,0,9,0,1.6363636363636365,0.0,0.0,0.0
64,1,64,65,26,1,0,9,0,0.9,0.0,0.0,0.0
64,1,64,65,27,3,0,9,0,2.25,0.0,0.0,0.0
64,1,64,65,28,3,0,9,0,2.25,0.0,0.0,0.0
64,1,64,65,29,3,0,9,0,2.25,0.0,0.0,0.0
64,1,64,65,30,2,0,10,0,1.6666666666666667,0.0,0.0,0.0
64,1,64,65,31,2,0,11,0,1.6923076923076923,0.0,0.0,0.0
64,1,64,65,32,2,0,12,0,1.7142857142857142,0.0,0.0,0.0
64,1,72,73,20,1,0,6,0,0.8571428571428571,0.0,0.0,0.0
64,1,72,73,21,1,0,7,0,0.875,0.0,0.0,0.0
64,1,72,73,22,1,0,9,0,0.9,0.0,0.0,0.0
64,1,72,73,23,3,0,10,0,2.3076923076923075,0.0,0.0,0.0
64,1,72,73,25,2,0,12,0,1.7142857142857142,0.0,0.0,0.0
64,1,80,81,12,1,0,1,0,0.5,0.0,0.0,0.0
64,1,80,81,13,2,0,1,0,0.6666666666666666,0.0,0.0,0.0
64,1,80,81,14,2,0,1,0,0.6666666666666666,0.0,0.0,0.0
64,1,80,81,15,1,0,1,0,0.5,0.0,0.0,0.0
64,1,80,81,16,1,0,1,0,0.5,0.0,0.0,0.0
64,1,88,89,8,3,0,1,0,0.75,0.0,0.0,0.0
64,1,88,89,9,4,0,1,0,0.8,0.0,0.0,0.0
64,1,88,89,10,1,0,2,0,0.6666666666666666,0.0,0.0,0.0
64,1,88,89,11,3,0,1,0,0.75,0.0,0.0,0.0
64,1,88,89,12,1,0,2,0,0.6666666666666666,0.0,0.0,0.0
64,1,88,89,13,2,0,1,0,0.6666666666666666,0.0,0.0,0.0
64,1,88,89,14,2,0,1,0,0.6666666666666666,0.0,0.0,0.0
64,1,88,89,15,1,0,1,0,0.5,0.0,0.0,0.0
64,1,88,89,16,1,0,1,0,0.5,0.0,0.0,0.0
64,1,96,97,4,2,0,1,0,0.6666666666666666,0.0,0.0,0.0
64,1,96,97,5,2,0,3,0,1.2,0.0,0.0,0.0
64,1,96,97,6,1,0,5,0,0.8333333333333334,0.0,0.0,0.0
64,1,96,97,7,4,0,5,0,2.2222222222222223,0.0,0.0,0.0
64,1,96,97,8,4,0,6,0,2.4,0.0,0.0,0.0
64,1,96,97,9,3,0,6,0,2.0,0.0,0.0,0.0
64,1,96,97,10,2,0,6,0,1.5,0.0,0.0,0.0
64,1,96,97,11,4,0,4,0,2.0,0.0,0.0,0.0
64,1,96,97,12,1,0,5,0,0.8333333333333334,0.0,0.0,0.0
64,1,96,97,13,2,0,4,0,1.3333333333333333,0.0,0.0,0.0
64,1,96,97,14,1,0,3,0,0.75,0.0,0.0,0.0
64,1,96,97,15,1,0,2,0,0.6666666666666666,0.0,0.0,0.0
64,1,96,97,16,1,0,2,0,0.6666666666666666,0.0,0.0,0.0
64,1,96,97,17,1,0,1,0,0.5,0.0,0.0,0.0
64,1,104,105,3,2,0,1,0,0.6666666666666666,0.0,0.0,0.0
64,1,104,105,4,2,0,3,0,1.2,0.0,0.0,0.0
64,1,104,105,5,3,0,5,0,1.875,0.0,0.0,0.0
64,1,104,105,6,3,0,8,0,2.1818181818181817,0.0,0.0,0.0
64,1,104,105,8,1,0,13,0,0.9285714285714286,0.0,0.0,0.0
64,1,104,105,10,4,0,12,0,3.0,0.0,0.0,0.0
64,1,104,105,11,2,0,11,0,1.6923076923076923,0.0,0.0,0.0
64,1,104,105,12,2,0,9,0,1.6363636363636365,0.0,0.0,0.0
64,1,104,105,13,1,0,8,0,0.8888888888888888,0.0,0.0,0.0
64,1,104,105,14,1,0,7,0,0.875,0.0,0.0,0.0
64,1,104,105,15,1,0,6,0,0.8571428571428571,0.0,0.0,0.0
64,1,104,105,16,1,0,6,0,0.8571428571428571,0.0,0.0,0.0
64,1,104,105,17,3,0,3,0,1.5,0.0,0.0,0.0
64,1,104,105,18,1,0,4,0,0.8,0.0,0.0,0.0
64,1,104,105,19,1,0,5,0,0.8333333333333334,0.0,0.0,0.0
64,1,112,113,13,3,0,11,0,2.357142857142857,0.0,0.0,0.0
64,1,112,113,14,1,0,9,0,0.9,0.0,0.0,0.0
64,2,8,9,9,21,21,1,0,0.9545454545454546,1.0,0.0,1.0
64,2,16,17,14,1,0,1,0,0.5,0.0,0.0,0.0
64,2,16,17,15,19,14,2,0,1.8095238095238095,0.7368421052631579,0.0,0.7368421052631579
64,2,24,25,19,2,0,1,0,0.6666666666666666,0.0,0.0,0.0
64,2,24,25,20,5,0,2,0,1.4285714285714286,0.0,0.0,0.0
64,2,24,25,21,7,2,7,1,3.5,0.2857142857142857,0.14285714285714285,0.14285714285714285
64,2,32,33,4,3,0,2,0,1.2,0.0,0.0,0.0
64,2,32,33,6,3,0,1,0,0.75,0.0,0.0,0.0
64,2,32,33,26,3,0,4,0,1.7142857142857142,0.0,0.0,0.0
64,2,32,33,27,8,7,6,1,3.4285714285714284,0.875,0.16666666666666666,0.7083333333333334
64,2,40,41,3,1,0,7,0,0.875,0.0,0.0,0.0
64,2,40,41,6,1,0,10,0,0.9090909090909091,0.0,0.0,0.0
64,2,40,41,8,3,0,9,0,2.25,0.0,0.0,0.0
64,2,40,41,9,3,0,8,0,2.1818181818181817,0.0,0.0,0.0
64,2,40,41,10,4,0,5,0,2.2222222222222223,0.0,0.0,0.0
64,2,40,41,12,4,0,5,0,2.2222222222222223,0.0,0.0,0.0
64,2,40,41,13,1,0,8,0,0.8888888888888888,0.0,0.0,0.0
64,2,40,41,14,4,0,7,0,2.5454545454545454,0.0,0.0,0.0
64,2,40,41,16,5,0,6,0,2.727272727272727,0.0,0.0,0.0
64,2,40,41,17,1,0,8,0,0.8888888888888888,0.0,0.0,0.0
64,2,40,41,18,4,0,6,0,2.4,0.0,0.0,0.0
64,2,40,41,19,2,0,7,0,1.5555555555555556,0.0,0.0,0.0
64,2,40,41,20,2,0,7,0,1.5555555555555556,0.0,0.0,0.0
64,2,40,41,21,1,0,9,0,0.9,0.0,0.0,0.0
64,2,40,41,22,4,0,8,0,2.6666666666666665,0.0,0.0,0.0
64,2,40,41,23,1,0,10,0,0.9090909090909091,0.0,0.0,0.0
64,2,40,41,24,5,0,7,0,2.9166666666666665,0.0,0.0,0.0
64,2,40,41,25,4,0,5,0,2.2222222222222223,0.0,0.0,0.0
64,2,40,41,33,13,13,1,0,0.9285714285714286,1.0,0.0,1.0
64,2,48,49,6,1,0,15,0,0.9375,0.0,0.0,0.0
64,2,48,49,8,1,0,18,0,0.9473684210526315,0.0,0.0,0.0
64,2,48,49,9,1,0,19,0,0.95,0.0,0.0,0.0
64,2,48,49,10,2,0,18,0,1.8,0.0,0.0,0.0
64,2,48,49,12,3,0,16,0,2.526315789473684,0.0,0.0,0.0
64,2,48,49,14,3,0,13,0,2.4375,0.0,0.0,0.0
64,2,48,49,15,1,0,13,0,0.9285714285714286,0.0,0.0,0.0
64,2,48,49,16,1,0,13,0,0.9285714285714286,0.0,0.0,0.0
64,2,48,49,18,2,0,12,0,1.7142857142857142,0.0,0.0,0.0
64,2,48,49,20,1,0,12,0,0.9230769230769231,0.0,0.0,0.0
64,2,48,49,21,1,0,12,0,0.9230769230769231,0.0,0.0,0.0
64,2,48,49,22,1,0,13,0,0.9285714285714286,0.0,0.0,0.0
64,2,48,49,26,2,0,12,0,1.7142857142857142,0.0,0.0,0.0
64,2,48,49,28,7,0,5,0,2.9166666666666665,0.0,0.0,0.0
64,2,48,49,29,1,0,3,0,0.75,0.0,0.0,0.0
64,2,48,49,30,1,0,1,0,0.5,0.0,0.0,0.0
64,2,48,49,39,7,4,2,0,1.5555555555555556,0.5714285714285714,0.0,0.5714285714285714
64,2,56,57,12,2,0,22,0,1.8333333333333333,0.0,0.0,0.0
64,2,56,57,14,2,0,19,0,1.8095238095238095,0.0,0.0,0.0
64,2,56,57,16,1,0,16,0,0.9411764705882353,0.0,0.0,0.0
64,2,56,57,18,2,0,15,0,1.7647058823529411,0.0,0.0,0.0
64,2,56,57,32,3,0,11,0,2.357142857142857,0.0,0.0,0.0
64,2,56,57,41,1,1,4,0,0.8,1.0,0.0,1.0
64,2,56,57,42,2,0,6,0,1.5,0.0,0.0,0.0
64,2,56,57,43,1,1,8,0,0.8888888888888888,1.0,0.0,1.0
64,2,56,57,44,1,0,11,0,0.9166666666666666,0.0,0.0,0.0
64,2,64,65,40,5,0,4,0,2.2222222222222223,0.0,0.0,0.0
64,2,64,65,41,1,0,4,0,0.8,0.0,0.0,0.0
64,2,64,65,53,2,0,26,0,1.8571428571428572,0.0,0.0,0.0
64,2,64,65,55,1,0,27,0,0.9642857142857143,0.0,0.0,0.0
64,3,16,17,15,11,11,3,1,2.357142857142857,1.0,0.3333333333333333,0.6666666666666667
64,3,24,25,19,4,4,1,0,0.8,1.0,0.0,1.0
64,3,24,25,20,5,0,5,0,2.5,0.0,0.0,0.0
64,3,24,25,21,6,1,10,0,3.75,0.16666666666666666,0.0,0.16666666666666666
64,3,32,33,26,2,1,10,0,1.6666666666666667,0.5,0.0,0.5
64,3,32,33,27,22,18,12,0,7.764705882352941,0.8181818181818182,0.0,0.8181818181818182
64,3,40,41,2,3,0,4,0,1.7142857142857142,0.0,0.0,0.0
64,3,40,41,3,1,0,6,0,0.8571428571428571,0.0,0.0,0.0
64,3,40,41,4,3,0,6,0,2.0,0.0,0.0,0.0
64,3,40,41,6,5,0,5,0,2.5,0.0,0.0,0.0
64,3,40,41,7,1,0,6,0,0.8571428571428571,0.0,0.0,0.0
64,3,40,41,8,5,0,3,0,1.875,0.0,0.0,0.0
64,3,40,41,10,4,0,3,0,1.7142857142857142,0.0,0.0,0.0
64,3,40,41,11,1,0,3,0,0.75,0.0,0.0,0.0
64,3,40,41,25,1,0,3,0,0.75,0.0,0.0,0.0
64,3,40,41,26,3,0,1,0,0.75,0.0,0.0,0.0
64,3,40,41,27,1,0,2,0,0.6666666666666666,0.0,0.0,0.0
64,3,40,41,28,4,0,1,0,0.8,0.0,0.0,0.0
64,3,40,41,29,1,1,2,0,0.6666666666666666,1.0,0.0,1.0
64,3,40,41,30,2,0,3,0,1.2,0.0,0.0,0.0
64,3,40,41,31,4,2,4,0,2.0,0.5,0.0,0.5
64,3,40,41,32,2,0,6,0,1.5,0.0,0.0,0.0
64,3,40,41,33,22,20,7,0,5.310344827586207,0.9090909090909091,0.0,0.9090909090909091
64,3,40,41,34,3,0,24,1,2.6666666666666665,0.0,0.041666666666666664,-0.041666666666666664
64,3,40,41,35,4,4,23,0,3.4074074074074074,1.0,0.0,1.0
64,3,48,49,10,5,0,11,0,3.4375,0.0,0.0,0.0
64,3,48,49,11,1,0,10,0,0.9090909090909091,0.0,0.0,0.0
64,3,48,49,12,3,0,7,0,2.1,0.0,0.0,0.0
64,3,48,49,13,2,0,6,0,1.5,0.0,0.0,0.0
64,3,48,49,14,1,0,7,0,0.875,0.0,0.0,0.0
64,3,48,49,15,2,0,6,0,1.5,0.0,0.0,0.0
64,3,48,49,16,2,0,5,0,1.4285714285714286,0.0,0.0,0.0
64,3,48,49,17,1,0,5,0,0.8333333333333334,0.0,0.0,0.0
64,3,48,49,19,1,0,6,0,0.8571428571428571,0.0,0.0,0.0
64,3,48,49,20,1,0,6,0,0.8571428571428571,0.0,0.0,0.0
64,3,48,49,22,2,0,6,0,1.5,0.0,0.0,0.0
64,3,48,49,23,2,0,6,0,1.5,0.0,0.0,0.0
64,3,48,49,24,1,0,6,0,0.8571428571428571,0.0,0.0,0.0
64,3,48,49,26,1,0,6,0,0.8571428571428571,0.0,0.0,0.0
64,3,48,49,27,1,0,5,0,0.8333333333333334,0.0,0.0,0.0
64,3,48,49,28,1,0,4,0,0.8,0.0,0.0,0.0
64,3,48,49,30,1,0,3,0,0.75,0.0,0.0,0.0
64,3,48,49,31,3,1,1,0,0.75,0.3333333333333333,0.0,0.3333333333333333
64,3,48,49,32,1,0,1,0,0.5,0.0,0.0,0.0
64,3,48,49,33,3,3,1,0,0.75,1.0,0.0,1.0
64,3,48,49,34,1,0,3,0,0.75,0.0,0.0,0.0
64,3,48,49,35,3,3,3,1,1.5,1.0,0.3333333333333333,0.6666666666666667
64,3,48,49,37,4,3,4,0,2.0,0.75,0.0,0.75
64,3,48,49,38,4,0,5,0,2.2222222222222223,0.0,0.0,0.0
64,3,48,49,39,6,4,5,1,2.727272727272727,0.6666666666666666,0.2,0.4666666666666666
64,3,48,49,40,1,0,8,1,0.8888888888888888,0.0,0.125,-0.125
64,3,48,49,41,3,1,6,0,2.0,0.3333333333333333,0.0,0.3333333333333333
64,3,56,57,16,2,0,11,0,1.6923076923076923,0.0,0.0,0.0
64,3,56,57,18,2,0,10,0,1.6666666666666667,0.0,0.0,0.0
64,3,56,57,19,1,0,10,0,0.9090909090909091,0.0,0.0,0.0
64,3,56,57,20,1,0,10,0,0.9090909090909091,0.0,0.0,0.0
64,3,56,57,22,1,0,9,0,0.9,0.0,0.0,0.0
64,3,56,57,24,3,0,9,0,2.25,0.0,0.0,0.0
64,3,56,57,25,1,0,11,0,0.9166666666666666,0.0,0.0,0.0
64,3,56,57,26,5,0,8,0,3.076923076923077,0.0,0.0,0.0
64,3,56,57,27,1,0,8,0,0.8888888888888888,0.0,0.0,0.0
64,3,56,57,28,4,0,7,0,2.5454545454545454,0.0,0.0,0.0
64,3,56,57,29,2,0,6,0,1.5,0.0,0.0,0.0
64,3,56,57,30,4,0,5,0,2.2222222222222223,0.0,0.0,0.0
64,3,56,57,32,1,0,4,0,0.8,0.0,0.0,0.0
64,3,56,57,34,3,0,1,0,0.75,0.0,0.0,0.0
64,3,56,57,43,1,1,4,0,0.8,1.0,0.0,1.0
64,3,56,57,44,2,0,5,0,1.4285714285714286,0.0,0.0,0.0
64,3,56,57,45,4,3,7,0,2.5454545454545454,0.75,0.0,0.75
64,3,56,57,46,1,0,11,0,0.9166666666666666,0.0,0.0,0.0
64,3,56,57,47,3,2,12,0,2.4,0.6666666666666666,0.0,0.6666666666666666
64,3,64,65,21,1,0,16,0,0.9411764705882353,0.0,0.0,0.0
64,3,64,65,22,2,0,16,0,1.7777777777777777,0.0,0.0,0.0
64,3,64,65,23,1,0,19,0,0.95,0.0,0.0,0.0
64,3,64,65,24,6,0,16,0,4.363636363636363,0.0,0.0,0.0
64,3,64,65,25,2,0,19,0,1.8095238095238095,0.0,0.0,0.0
64,3,64,65,26,6,0,17,0,4.434782608695652,0.0,0.0,0.0
64,3,64,65,27,2,0,19,0,1.8095238095238095,0.0,0.0,0.0
64,3,64,65,28,7,0,16,0,4.869565217391305,0.0,0.0,0.0
64,3,64,65,29,3,0,16,0,2.526315789473684,0.0,0.0,0.0
64,3,64,65,30,3,0,15,0,2.5,0.0,0.0,0.0
64,3,64,65,31,1,0,15,0,0.9375,0.0,0.0,0.0
64,3,64,65,32,5,0,11,0,3.4375,0.0,0.0,0.0
64,3,64,65,33,2,0,11,0,1.6923076923076923,0.0,0.0,0.0
64,3,64,65,34,3,0,9,0,2.25,0.0,0.0,0.0
64,3,64,65,35,1,0,9,0,0.9,0.0,0.0,0.0
64,3,64,65,36,2,0,8,0,1.6,0.0,0.0,0.0
64,3,64,65,37,2,0,7,0,1.5555555555555556,0.0,0.0,0.0
64,3,64,65,38,4,0,6,0,2.4,0.0,0.0,0.0
64,3,64,65,40,1,0,5,0,0.8333333333333334,0.0,0.0,0.0
64,3,64,65,41,2,0,3,0,1.2,0.0,0.0,0.0
64,3,64,65,42,1,0,4,0,0.8,0.0,0.0,0.0
64,3,64,65,43,2,0,5,0,1.4285714285714286,0.0,0.0,0.0
64,3,64,65,44,1,0,6,0,0.8571428571428571,0.0,0.0,0.0
64,3,64,65,45,1,0,6,0,0.8571428571428571,0.0,0.0,0.0
64,3,64,65,51,1,1,17,0,0.9444444444444444,1.0,0.0,1.0
64,3,64,65,52,1,0,21,0,0.9545454545454546,0.0,0.0,0.0
64,3,64,65,53,2,2,25,0,1.8518518518518519,1.0,0.0,1.0
64,3,64,65,54,3,0,27,0,2.7,0.0,0.0,0.0
64,3,64,65,55,9,5,30,2,6.923076923076923,0.5555555555555556,0.06666666666666667,0.48888888888888893
64,3,64,65,56,1,0,39,0,0.975,0.0,0.0,0.0
64,3,72,73,24,1,0,24,0,0.96,0.0,0.0,0.0
64,3,72,73,26,2,0,29,0,1.8709677419354838,0.0,0.0,0.0
64,3,72,73,27,1,0,31,0,0.96875,0.0,0.0,0.0
64,3,72,73,28,4,0,29,0,3.515151515151515,0.0,0.0,0.0
64,3,72,73,29,1,0,30,0,0.967741935483871,0.0,0.0,0.0
64,3,72,73,30,3,0,28,0,2.7096774193548385,0.0,0.0,0.0
64,3,72,73,31,4,0,25,0,3.4482758620689653,0.0,0.0,0.0
64,3,72,73,32,7,0,20,0,5.185185185185185,0.0,0.0,0.0
64,3,72,73,34,5,0,16,0,3.8095238095238093,0.0,0.0,0.0
64,3,72,73,36,4,0,13,0,3.0588235294117645,0.0,0.0,0.0
64,3,72,73,37,1,0,13,0,0.9285714285714286,0.0,0.0,0.0
64,3,72,73,38,2,0,11,0,1.6923076923076923,0.0,0.0,0.0
64,3,72,73,39,1,0,8,0,0.8888888888888888,0.0,0.0,0.0
64,3,72,73,41,1,0,5,0,0.8333333333333334,0.0,0.0,0.0
64,3,72,73,42,1,0,6,0,0.8571428571428571,0.0,0.0,0.0
64,3,72,73,43,2,0,8,0,1.6,0.0,0.0,0.0
64,3,72,73,44,1,0,9,0,0.9,0.0,0.0,0.0
64,3,72,73,45,2,0,9,0,1.6363636363636365,0.0,0.0,0.0
64,3,72,73,46,1,0,10,0,0.9090909090909091,0.0,0.0,0.0
64,3,72,73,47,1,0,10,0,0.9090909090909091,0.0,0.0,0.0
64,3,72,73,48,1,0,12,0,0.9230769230769231,0.0,0.0,0.0
64,3,72,73,49,1,0,13,0,0.9285714285714286,0.0,0.0,0.0
64,3,72,73,50,2,0,15,0,1.7647058823529411,0.0,0.0,0.0
64,3,72,73,52,2,0,20,0,1.8181818181818181,0.0,0.0,0.0
64,3,72,73,53,1,0,24,0,0.96,0.0,0.0,0.0
64,3,72,73,54,1,0,25,0,0.9615384615384616,0.0,0.0,0.0
64,3,72,73,59,5,4,32,0,4.324324324324325,0.8,0.0,0.8
64,3,72,73,60,3,0,35,0,2.763157894736842,0.0,0.0,0.0
64,3,72,73,61,1,0,37,0,0.9736842105263158,0.0,0.0,0.0
64,3,80,81,34,2,0,28,0,1.8666666666666667,0.0,0.0,0.0
64,3,80,81,35,2,0,24,0,1.8461538461538463,0.0,0.0,0.0
64,3,80,81,36,2,0,20,0,1.8181818181818181,0.0,0.0,0.0
64,3,80,81,44,2,0,10,0,1.6666666666666667,0.0,0.0,0.0
64,3,80,81,46,1,0,11,0,0.9166666666666666,0.0,0.0,0.0
64,3,80,81,47,1,0,11,0,0.9166666666666666,0.0,0.0,0.0
64,3,80,81,48,1,0,13,0,0.9285714285714286,0.0,0.0,0.0
64,3,80,81,49,1,0,14,0,0.9333333333333333,0.0,0.0,0.0
64,3,80,81,50,1,0,17,0,0.9444444444444444,0.0,0.0,0.0
64,3,80,81,51,1,0,20,0,0.9523809523809523,0.0,0.0,0.0
64,3,80,81,52,1,0,23,0,0.9583333333333334,0.0,0.0,0.0
64,3,80,81,54,2,0,28,0,1.8666666666666667,0.0,0.0,0.0
64,3,80,81,56,3,0,30,0,2.727272727272727,0.0,0.0,0.0
64,3,80,81,57,3,0,31,0,2.735294117647059,0.0,0.0,0.0
64,3,80,81,58,3,0,31,0,2.735294117647059,0.0,0.0,0.0
64,3,80,81,59,1,0,32,0,0.9696969696969697,0.0,0.0,0.0
64,3,80,81,60,1,0,32,0,0.9696969696969697,0.0,0.0,0.0
64,3,80,81,63,1,0,31,0,0.96875,0.0,0.0,0.0
64,3,80,81,64,1,0,29,0,0.9666666666666667,0.0,0.0,0.0
64,3,80,81,65,1,1,27,0,0.9642857142857143,1.0,0.0,1.0
64,3,80,81,66,1,0,25,0,0.9615384615384616,0.0,0.0,0.0
64,3,88,89,46,1,0,13,0,0.9285714285714286,0.0,0.0,0.0
64,3,88,89,48,2,0,16,0,1.7777777777777777,0.0,0.0,0.0
64,3,88,89,51,1,0,27,0,0.9642857142857143,0.0,0.0,0.0
64,3,88,89,53,1,0,34,0,0.9714285714285714,0.0,0.0,0.0
64,3,88,89,55,1,0,39,0,0.975,0.0,0.0,0.0
64,4,16,17,14,3,2,4,0,1.7142857142857142,0.6666666666666666,0.0,0.6666666666666666
64,4,16,17,15,23,17,7,0,5.366666666666666,0.7391304347826086,0.0,0.7391304347826086
64,4,24,25,19,9,8,1,0,0.9,0.8888888888888888,0.0,0.8888888888888888
64,4,24,25,20,17,3,10,0,6.296296296296297,0.17647058823529413,0.0,0.17647058823529413
64,4,24,25,21,5,1,27,0,4.21875,0.2,0.0,0.2
64,4,32,33,26,2,1,8,0,1.6,0.5,0.0,0.5
64,4,32,33,27,10,7,7,0,4.117647058823529,0.7,0.0,0.7
64,4,40,41,2,1,0,7,0,0.875,0.0,0.0,0.0
64,4,40,41,3,1,0,10,0,0.9090909090909091,0.0,0.0,0.0
64,4,40,41,4,4,0,9,0,2.769230769230769,0.0,0.0,0.0
64,4,40,41,5,3,0,8,0,2.1818181818181817,0.0,0.0,0.0
64,4,40,41,6,6,0,3,0,2.0,0.0,0.0,0.0
64,4,40,41,7,1,0,3,0,0.75,0.0,0.0,0.0
64,4,40,41,8,1,0,1,0,0.5,0.0,0.0,0.0
64,4,40,41,29,1,1,3,0,0.75,1.0,0.0,1.0
64,4,40,41,30,1,0,3,0,0.75,0.0,0.0,0.0
64,4,40,41,31,1,1,3,0,0.75,1.0,0.0,1.0
64,4,40,41,32,2,0,2,0,1.0,0.0,0.0,0.0
64,4,40,41,33,3,1,2,0,1.2,0.3333333333333333,0.0,0.3333333333333333
64,4,48,49,6,3,0,15,0,2.5,0.0,0.0,0.0
64,4,48,49,7,3,0,14,0,2.4705882352941178,0.0,0.0,0.0
64,4,48,49,8,5,0,9,0,3.2142857142857144,0.0,0.0,0.0
64,4,48,49,9,3,0,10,0,2.3076923076923075,0.0,0.0,0.0
64,4,48,49,10,9,0,6,0,3.6,0.0,0.0,0.0
64,4,48,49,11,2,0,8,0,1.6,0.0,0.0,0.0
64,4,48,49,12,5,0,7,0,2.9166666666666665,0.0,0.0,0.0
64,4,48,49,13,4,0,6,0,2.4,0.0,0.0,0.0
64,4,48,49,14,5,0,3,0,1.875,0.0,0.0,0.0
64,4,48,49,15,1,0,3,0,0.75,0.0,0.0,0.0
64,4,48,49,29,2,0,1,0,0.6666666666666666,0.0,0.0,0.0
64,4,48,49,31,2,1,1,0,0.6666666666666666,0.5,0.0,0.5
64,4,56,57,12,5,0,25,0,4.166666666666667,0.0,0.0,0.0
64,4,56,57,13,2,0,24,0,1.8461538461538463,0.0,0.0,0.0
64,4,56,57,14,9,0,19,0,6.107142857142857,0.0,0.0,0.0
64,4,56,57,15,3,0,19,0,2.590909090909091,0.0,0.0,0.0
64,4,56,57,16,9,0,12,0,5.142857142857143,0.0,0.0,0.0
64,4,56,57,17,1,0,13,0,0.9285714285714286,0.0,0.0,0.0
64,4,56,57,18,6,0,9,0,3.6,0.0,0.0,0.0
64,4,56,57,19,3,0,8,0,2.1818181818181817,0.0,0.0,0.0
64,4,56,57,20,4,0,8,0,2.6666666666666665,0.0,0.0,0.0
64,4,56,57,22,5,0,7,0,2.9166666666666665,0.0,0.0,0.0
64,4,56,57,23,1,0,5,0,0.8333333333333334,0.0,0.0,0.0
64,4,56,57,24,1,0,3,0,0.75,0.0,0.0,0.0
64,4,56,57,25,1,0,2,0,0.6666666666666666,0.0,0.0,0.0
64,4,64,65,18,2,0,28,0,1.8666666666666667,0.0,0.0,0.0
64,4,64,65,20,3,0,29,0,2.71875,0.0,0.0,0.0
64,4,64,65,22,9,0,21,0,6.3,0.0,0.0,0.0
64,4,64,65,23,1,0,20,0,0.9523809523809523,0.0,0.0,0.0
64,4,64,65,24,7,0,13,0,4.55,0.0,0.0,0.0
64,4,64,65,25,1,0,10,0,0.9090909090909091,0.0,0.0,0.0
64,4,64,65,28,3,0,3,0,1.5,0.0,0.0,0.0
64,4,64,65,30,2,0,2,0,1.0,0.0,0.0,0.0
64,4,72,73,30,7,0,4,0,2.5454545454545454,0.0,0.0,0.0
64,5,24,25,21,2,0,2,0,1.0,0.0,0.0,0.0
64,5,32,33,25,4,4,1,0,0.8,1.0,0.0,1.0
64,5,32,33,26,1,0,4,0,0.8,0.0,0.0,0.0
64,5,32,33,27,7,5,4,0,2.5454545454545454,0.7142857142857143,0.0,0.7142857142857143
64,5,40,41,25,2,0,3,0,1.2,0.0,0.0,0.0
64,5,40,41,27,3,0,4,0,1.7142857142857142,0.0,0.0,0.0
64,5,40,41,28,1,0,6,0,0.8571428571428571,0.0,0.0,0.0
64,5,40,41,29,4,1,6,0,2.4,0.25,0.0,0.25
64,5,40,41,31,5,2,8,0,3.076923076923077,0.4,0.0,0.4
64,5,40,41,32,3,0,10,0,2.3076923076923075,0.0,0.0,0.0
64,5,40,41,33,2,1,12,0,1.7142857142857142,0.5,0.0,0.5
64,5,40,41,34,1,0,14,0,0.9333333333333333,0.0,0.0,0.0
64,5,48,49,25,1,0,8,0,0.8888888888888888,0.0,0.0,0.0
64,5,48,49,27,1,0,9,0,0.9,0.0,0.0,0.0
64,5,48,49,29,1,0,10,0,0.9090909090909091,0.0,0.0,0.0
64,5,48,49,31,1,0,11,0,0.9166666666666666,0.0,0.0,0.0
64,5,48,49,32,1,0,12,0,0.9230769230769231,0.0,0.0,0.0
64,5,48,49,33,1,0,13,0,0.9285714285714286,0.0,0.0,0.0
64,5,48,49,34,1,0,14,0,0.9333333333333333,0.0,0.0,0.0
64,5,56,57,19,1,0,1,0,0.5,0.0,0.0,0.0
64,5,56,57,20,1,0,1,0,0.5,0.0,0.0,0.0
64,5,64,65,10,2,0,1,0,0.6666666666666666,0.0,0.0,0.0
64,5,64,65,11,3,0,1,0,0.75,0.0,0.0,0.0
64,5,64,65,12,1,0,3,0,0.75,0.0,0.0,0.0
64,5,64,65,13,3,0,3,0,1.5,0.0,0.0,0.0
64,5,64,65,14,2,0,4,0,1.3333333333333333,0.0,0.0,0.0
64,5,64,65,15,1,0,5,0,0.8333333333333334,0.0,0.0,0.0
64,5,64,65,16,2,0,5,0,1.4285714285714286,0.0,0.0,0.0
64,5,64,65,17,2,0,4,0,1.3333333333333333,0.0,0.0,0.0
64,5,64,65,19,2,0,2,0,1.0,0.0,0.0,0.0
64,5,64,65,21,2,0,1,0,0.6666666666666666,0.0,0.0,0.0
64,5,72,73,6,2,0,2,0,1.0,0.0,0.0,0.0
64,5,72,73,7,6,0,4,0,2.4,0.0,0.0,0.0
64,5,72,73,9,2,0,8,0,1.6,0.0,0.0,0.0
64,5,72,73,10,2,0,8,0,1.6,0.0,0.0,0.0
64,5,72,73,11,2,0,8,0,1.6,0.0,0.0,0.0
64,5,72,73,12,1,0,8,0,0.8888888888888888,0.0,0.0,0.0
64,5,72,73,13,3,0,7,0,2.1,0.0,0.0,0.0
64,5,72,73,15,1,0,8,0,0.8888888888888888,0.0,0.0,0.0
64,5,80,81,3,2,0,4,0,1.3333333333333333,0.0,0.0,0.0
64,5,80,81,5,1,0,8,0,0.8888888888888888,0.0,0.0,0.0
64,5,80,81,7,1,0,11,0,0.9166666666666666,0.0,0.0,0.0
64,6,24,25,20,1,0,3,0,0.75,0.0,0.0,0.0
64,6,24,25,21,5,0,5,0,2.5,0.0,0.0,0.0
64,6,32,33,24,3,0,1,0,0.75,0.0,0.0,0.0
64,6,32,33,25,5,3,2,0,1.4285714285714286,0.6,0.0,0.6
64,6,32,33,26,1,0,5,0,0.8333333333333334,0.0,0.0,0.0
64,6,32,33,27,10,5,5,0,3.3333333333333335,0.5,0.0,0.5
64,6,40,41,30,1,0,1,0,0.5,0.0,0.0,0.0
64,6,40,41,31,1,0,3,0,0.75,0.0,0.0,0.0
64,6,40,41,33,14,12,6,0,4.2,0.8571428571428571,0.0,0.8571428571428571
64,6,48,49,34,1,0,1,0,0.5,0.0,0.0,0.0
64,6,48,49,35,3,3,2,0,1.2,1.0,0.0,1.0
64,6,48,49,36,1,0,5,0,0.8333333333333334,0.0,0.0,0.0
64,6,48,49,37,3,1,6,0,2.0,0.3333333333333333,0.0,0.3333333333333333
64,6,48,49,38,1,0,10,0,0.9090909090909091,0.0,0.0,0.0
64,6,48,49,39,4,3,11,0,2.933333333333333,0.75,0.0,0.75
64,6,56,57,39,3,3,1,0,0.75,1.0,0.0,1.0
64,6,56,57,40,3,0,4,0,1.7142857142857142,0.0,0.0,0.0
64,6,56,57,41,5,3,6,0,2.727272727272727,0.6,0.0,0.6
64,6,56,57,42,1,0,11,0,0.9166666666666666,0.0,0.0,0.0
64,6,56,57,43,3,2,12,0,2.4,0.6666666666666666,0.0,0.6666666666666666
64,6,64,65,48,2,0,7,0,1.5555555555555556,0.0,0.0,0.0
64,6,104,105,2,2,0,5,0,1.4285714285714286,0.0,0.0,0.0
64,6,104,105,3,1,0,5,0,0.8333333333333334,0.0,0.0,0.0
64,6,104,105,5,2,0,5,0,1.4285714285714286,0.0,0.0,0.0
64,6,104,105,6,1,0,6,0,0.8571428571428571,0.0,0.0,0.0
64,6,104,105,7,4,0,3,0,1.7142857142857142,0.0,0.0,0.0
64,6,112,113,3,2,0,6,0,1.5,0.0,0.0,0.0
64,6,112,113,4,1,0,6,0,0.8571428571428571,0.0,0.0,0.0
64,6,112,113,5,2,0,6,0,1.5,0.0,0.0,0.0
64,6,112,113,7,1,0,7,0,0.875,0.0,0.0,0.0
64,6,120,121,3,2,0,6,0,1.5,0.0,0.0,0.0
64,6,120,121,5,1,0,8,0,0.8888888888888888,0.0,0.0,0.0
64,6,120,121,7,2,0,9,0,1.6363636363636365,0.0,0.0,0.0
64,6,120,121,9,2,0,11,0,1.6923076923076923,0.0,0.0,0.0
64,6,120,121,11,4,0,11,0,2.933333333333333,0.0,0.0,0.0
64,6,120,121,12,3,0,11,0,2.357142857142857,0.0,0.0,0.0
64,6,120,121,13,4,0,9,0,2.769230769230769,0.0,0.0,0.0
64,6,120,121,14,1,0,8,0,0.8888888888888888,0.0,0.0,0.0
64,6,120,121,15,5,0,2,0,1.4285714285714286,0.0,0.0,0.0
64,6,128,129,15,2,0,10,0,1.6666666666666667,0.0,0.0,0.0
64,6,128,129,16,2,0,7,0,1.5555555555555556,0.0,0.0,0.0
64,6,128,129,17,4,0,3,0,1.7142857142857142,0.0,0.0,0.0
64,6,128,129,18,2,0,1,0,0.6666666666666666,0.0,0.0,0.0
64,6,136,137,17,1,0,8,0,0.8888888888888888,0.0,0.0,0.0
64,6,136,137,23,2,0,1,0,0.6666666666666666,0.0,0.0,0.0
64,6,144,145,18,1,0,8,0,0.8888888888888888,0.0,0.0,0.0
64,6,152,153,18,1,0,8,0,0.8888888888888888,0.0,0.0,0.0
64,6,152,153,27,2,0,1,0,0.6666666666666666,0.0,0.0,0.0
64,6,152,153,28,1,0,2,0,0.6666666666666666,0.0,0.0,0.0
64,6,152,153,29,1,0,2,0,0.6666666666666666,0.0,0.0,0.0
64,6,152,153,30,1,0,2,0,0.6666666666666666,0.0,0.0,0.0
64,6,160,161,18,1,0,8,0,0.8888888888888888,0.0,0.0,0.0
64,6,160,161,24,3,0,2,0,1.2,0.0,0.0,0.0
64,6,160,161,25,2,0,2,0,1.0,0.0,0.0,0.0
64,6,160,161,26,2,0,2,0,1.0,0.0,0.0,0.0
64,6,160,161,27,4,0,2,0,1.3333333333333333,0.0,0.0,0.0
64,6,160,161,28,5,0,1,0,0.8333333333333334,0.0,0.0,0.0
64,6,160,161,29,2,0,2,0,1.0,0.0,0.0,0.0
64,6,160,161,30,3,0,1,0,0.75,0.0,0.0,0.0
64,6,160,161,31,2,0,1,0,0.6666666666666666,0.0,0.0,0.0
64,6,160,161,32,2,0,1,0,0.6666666666666666,0.0,0.0,0.0
64,6,160,161,33,1,0,2,0,0.6666666666666666,0.0,0.0,0.0
64,6,160,161,34,1,0,2,0,0.6666666666666666,0.0,0.0,0.0
64,6,160,161,35,1,0,2,0,0.6666666666666666,0.0,0.0,0.0
64,6,168,169,18,1,0,8,0,0.8888888888888888,0.0,0.0,0.0
64,6,168,169,20,2,1,6,0,1.5,0.5,0.0,0.5
64,6,168,169,21,1,0,5,0,0.8333333333333334,0.0,0.0,0.0
64,6,168,169,22,3,0,4,0,1.7142857142857142,0.0,0.0,0.0
64,6,168,169,23,4,0,4,0,2.0,0.0,0.0,0.0
64,6,168,169,24,4,0,5,0,2.2222222222222223,0.0,0.0,0.0
64,6,168,169,25,4,0,6,0,2.4,0.0,0.0,0.0
64,6,168,169,26,3,0,6,0,2.0,0.0,0.0,0.0
64,6,168,169,27,3,0,7,0,2.1,0.0,0.0,0.0
64,6,168,169,28,2,0,8,0,1.6,0.0,0.0,0.0
64,6,168,169,29,2,0,8,0,1.6,0.0,0.0,0.0
64,6,168,169,30,3,0,8,0,2.1818181818181817,0.0,0.0,0.0
64,6,168,169,31,2,0,8,0,1.6,0.0,0.0,0.0
64,6,168,169,32,4,0,5,0,2.2222222222222223,0.0,0.0,0.0
64,6,168,169,34,1,0,4,0,0.8,0.0,0.0,0.0
64,6,168,169,36,1,0,3,0,0.75,0.0,0.0,0.0
64,6,176,177,20,2,0,7,0,1.5555555555555556,0.0,0.0,0.0
64,6,176,177,22,3,0,6,0,2.0,0.0,0.0,0.0
64,6,176,177,23,3,0,7,0,2.1,0.0,0.0,0.0
64,6,176,177,24,3,0,8,0,2.1818181818181817,0.0,0.0,0.0
64,6,176,177,25,2,0,9,0,1.6363636363636365,0.0,0.0,0.0
64,6,176,177,26,3,0,8,0,2.1818181818181817,0.0,0.0,0.0
64,6,176,177,27,3,0,9,0,2.25,0.0,0.0,0.0
64,6,176,177,28,4,0,9,0,2.769230769230769,0.0,0.0,0.0
64,6,176,177,29,2,0,10,0,1.6666666666666667,0.0,0.0,0.0
64,6,176,177,30,5,0,9,0,3.2142857142857144,0.0,0.0,0.0
64,6,176,177,31,2,0,11,0,1.6923076923076923,0.0,0.0,0.0
64,6,176,177,32,4,0,10,0,2.857142857142857,0.0,0.0,0.0
64,6,176,177,33,2,0,12,0,1.7142857142857142,0.0,0.0,0.0
64,6,176,177,34,2,0,10,0,1.6666666666666667,0.0,0.0,0.0
64,6,176,177,35,2,0,9,0,1.6363636363636365,0.0,0.0,0.0
64,6,176,177,36,4,0,6,0,2.4,0.0,0.0,0.0
64,6,176,177,37,1,0,4,0,0.8,0.0,0.0,0.0
64,6,176,177,38,1,0,2,0,0.6666666666666666,0.0,0.0,0.0
64,6,184,185,25,1,0,13,0,0.9285714285714286,0.0,0.0,0.0
64,6,184,185,26,1,1,12,0,0.9230769230769231,1.0,0.0,1.0
64,6,184,185,27,1,0,12,0,0.9230769230769231,0.0,0.0,0.0
64,6,184,185,28,2,0,11,0,1.6923076923076923,0.0,0.0,0.0
64,6,184,185,29,3,0,11,0,2.357142857142857,0.0,0.0,0.0
64,6,184,185,30,2,0,12,0,1.7142857142857142,0.0,0.0,0.0
64,6,184,185,31,3,0,12,0,2.4,0.0,0.0,0.0
64,6,184,185,33,2,0,12,0,1.7142857142857142,0.0,0.0,0.0
64,6,184,185,34,2,0,12,0,1.7142857142857142,0.0,0.0,0.0
64,6,192,193,28,1,0,14,0,0.9333333333333333,0.0,0.0,0.0
64,6,192,193,32,1,1,14,0,0.9333333333333333,1.0,0.0,1.0
64,6,192,193,34,2,0,12,0,1.7142857142857142,0.0,0.0,0.0
64,6,200,201,29,1,0,15,0,0.9375,0.0,0.0,0.0
64,6,208,209,29,1,0,15,0,0.9375,0.0,0.0,0.0
64,6,216,217,29,1,0,15,0,0.9375,0.0,0.0,0.0
64,6,216,217,31,1,0,15,0,0.9375,0.0,0.0,0.0
64,6,216,217,35,1,0,12,0,0.9230769230769231,0.0,0.0,0.0
64,6,216,217,36,2,0,10,0,1.6666666666666667,0.0,0.0,0.0
64,6,216,217,38,3,0,6,0,2.0,0.0,0.0,0.0
64,6,216,217,39,1,0,5,0,0.8333333333333334,0.0,0.0,0.0
64,6,216,217,40,3,0,2,0,1.2,0.0,0.0,0.0
64,6,216,217,41,1,0,2,0,0.6666666666666666,0.0,0.0,0.0
64,6,216,217,42,1,0,1,0,0.5,0.0,0.0,0.0
64,6,224,225,30,1,0,15,0,0.9375,0.0,0.0,0.0
64,6,224,225,31,1,0,16,0,0.9411764705882353,0.0,0.0,0.0
64,6,224,225,32,3,0,15,0,2.5,0.0,0.0,0.0
64,6,224,225,33,1,0,17,0,0.9444444444444444,0.0,0.0,0.0
64,6,224,225,34,1,0,16,0,0.9411764705882353,0.0,0.0,0.0
64,6,224,225,35,1,0,14,0,0.9333333333333333,0.0,0.0,0.0
64,6,224,225,36,1,0,12,0,0.9230769230769231,0.0,0.0,0.0
64,6,224,225,37,1,0,10,0,0.9090909090909091,0.0,0.0,0.0
64,6,224,225,38,1,0,8,0,0.8888888888888888,0.0,0.0,0.0
64,6,224,225,39,1,0,6,0,0.8571428571428571,0.0,0.0,0.0
64,6,224,225,40,1,0,4,0,0.8,0.0,0.0,0.0
64,6,224,225,41,1,0,3,0,0.75,0.0,0.0,0.0
64,6,224,225,42,2,0,1,0,0.6666666666666666,0.0,0.0,0.0
64,6,232,233,31,1,0,17,0,0.9444444444444444,0.0,0.0,0.0
64,6,232,233,32,1,0,17,0,0.9444444444444444,0.0,0.0,0.0
64,6,232,233,33,1,0,17,0,0.9444444444444444,0.0,0.0,0.0
64,6,232,233,34,1,0,16,0,0.9411764705882353,0.0,0.0,0.0
64,6,232,233,35,1,0,14,0,0.9333333333333333,0.0,0.0,0.0
64,6,232,233,36,1,0,12,0,0.9230769230769231,0.0,0.0,0.0
64,6,232,233,37,1,0,10,0,0.9090909090909091,0.0,0.0,0.0
64,6,232,233,38,1,0,8,0,0.8888888888888888,0.0,0.0,0.0
64,6,232,233,39,1,0,6,0,0.8571428571428571,0.0,0.0,0.0
64,6,232,233,40,1,0,4,0,0.8,0.0,0.0,0.0
64,6,232,233,41,1,0,3,0,0.75,0.0,0.0,0.0
64,6,232,233,42,1,0,2,0,0.6666666666666666,0.0,0.0,0.0
64,6,232,233,43,1,0,2,0,0.6666666666666666,0.0,0.0,0.0
64,6,232,233,44,1,0,1,0,0.5,0.0,0.0,0.0
64,6,240,241,31,1,0,17,0,0.9444444444444444,0.0,0.0,0.0
64,6,240,241,32,1,0,17,0,0.9444444444444444,0.0,0.0,0.0
64,6,240,241,33,1,0,17,0,0.9444444444444444,0.0,0.0,0.0
64,6,240,241,34,1,0,16,0,0.9411764705882353,0.0,0.0,0.0
64,6,240,241,35,1,0,14,0,0.9333333333333333,0.0,0.0,0.0
64,6,240,241,36,1,0,12,0,0.9230769230769231,0.0,0.0,0.0
64,6,240,241,37,1,0,10,0,0.9090909090909091,0.0,0.0,0.0
64,6,240,241,38,1,0,8,0,0.8888888888888888,0.0,0.0,0.0
64,6,240,241,39,1,0,6,0,0.8571428571428571,0.0,0.0,0.0
64,6,240,241,40,1,0,4,0,0.8,0.0,0.0,0.0
64,6,240,241,41,1,0,3,0,0.75,0.0,0.0,0.0
64,6,240,241,42,1,0,2,0,0.6666666666666666,0.0,0.0,0.0
64,6,240,241,43,1,0,2,0,0.6666666666666666,0.0,0.0,0.0
64,6,240,241,44,1,0,1,0,0.5,0.0,0.0,0.0
64,6,248,249,32,2,0,17,0,1.7894736842105263,0.0,0.0,0.0
64,6,248,249,33,1,0,17,0,0.9444444444444444,0.0,0.0,0.0
64,6,248,249,34,1,0,16,0,0.9411764705882353,0.0,0.0,0.0
64,6,248,249,35,1,0,14,0,0.9333333333333333,0.0,0.0,0.0
64,6,248,249,36,1,0,12,0,0.9230769230769231,0.0,0.0,0.0
64,6,248,249,38,1,0,9,0,0.9,0.0,0.0,0.0
64,6,248,249,39,1,0,7,0,0.875,0.0,0.0,0.0
64,6,248,249,40,1,0,5,0,0.8333333333333334,0.0,0.0,0.0
64,6,248,249,41,1,0,4,0,0.8,0.0,0.0,0.0
64,6,248,249,42,2,0,2,0,1.0,0.0,0.0,0.0
64,6,248,249,43,1,0,2,0,0.6666666666666666,0.0,0.0,0.0
64,6,248,249,44,1,0,1,0,0.5,0.0,0.0,0.0
64,7,16,17,15,28,22,1,0,0.9655172413793104,0.7857142857142857,0.0,0.7857142857142857
64,7,24,25,20,3,2,1,0,0.75,0.6666666666666666,0.0,0.6666666666666666
64,7,24,25,21,9,9,3,0,2.25,1.0,0.0,1.0
64,7,32,33,3,1,0,1,0,0.5,0.0,0.0,0.0
64,7,32,33,4,3,0,1,0,0.75,0.0,0.0,0.0
64,7,32,33,5,1,0,3,0,0.75,0.0,0.0,0.0
64,7,32,33,6,4,0,3,0,1.7142857142857142,0.0,0.0,0.0
64,7,32,33,7,1,0,7,0,0.875,0.0,0.0,0.0
64,7,32,33,8,5,0,6,0,2.727272727272727,0.0,0.0,0.0
64,7,32,33,9,1,0,10,0,0.9090909090909091,0.0,0.0,0.0
64,7,32,33,10,8,0,6,0,3.4285714285714284,0.0,0.0,0.0
64,7,32,33,12,6,0,6,0,3.0,0.0,0.0,0.0
64,7,32,33,13,1,0,7,0,0.875,0.0,0.0,0.0
64,7,32,33,14,3,0,5,0,1.875,0.0,0.0,0.0
64,7,32,33,16,4,0,1,0,0.8,0.0,0.0,0.0
64,7,40,41,6,4,0,17,0,3.238095238095238,0.0,0.0,0.0
64,7,40,41,7,2,0,18,0,1.8,0.0,0.0,0.0
64,7,40,41,8,5,0,16,0,3.8095238095238093,0.0,0.0,0.0
64,7,48,49,9,1,0,27,0,0.9642857142857143,0.0,0.0,0.0
64,7,48,49,10,4,0,25,0,3.4482758620689653,0.0,0.0,0.0
64,7,48,49,11,2,0,24,0,1.8461538461538463,0.0,0.0,0.0
64,7,48,49,12,4,0,20,0,3.3333333333333335,0.0,0.0,0.0
64,7,48,49,13,2,0,18,0,1.8,0.0,0.0,0.0
64,7,48,49,14,3,0,15,0,2.5,0.0,0.0,0.0
64,7,48,49,15,1,0,13,0,0.9285714285714286,0.0,0.0,0.0
64,7,56,57,13,1,0,30,0,0.967741935483871,0.0,0.0,0.0
64,7,56,57,14,2,0,28,0,1.8666666666666667,0.0,0.0,0.0
64,7,56,57,16,7,0,17,0,4.958333333333333,0.0,0.0,0.0
64,7,56,57,17,3,0,13,0,2.4375,0.0,0.0,0.0
64,7,56,57,18,5,1,7,0,2.9166666666666665,0.2,0.0,0.2
64,8,16,17,15,11,10,3,2,2.357142857142857,0.9090909090909091,0.6666666666666666,0.24242424242424243
64,8,24,25,20,6,1,3,0,2.0,0.16666666666666666,0.0,0.16666666666666666
64,8,24,25,21,4,0,8,0,2.6666666666666665,0.0,0.0,0.0
64,8,32,33,25,2,2,1,0,0.6666666666666666,1.0,0.0,1.0
64,8,32,33,26,7,3,2,0,1.5555555555555556,0.42857142857142855,0.0,0.42857142857142855
64,8,32,33,27,8,4,7,0,3.7333333333333334,0.5,0.0,0.5
64,8,40,41,5,1,0,3,0,0.75,0.0,0.0,0.0
64,8,40,41,6,3,0,4,0,1.7142857142857142,0.0,0.0,0.0
64,8,40,41,7,1,0,7,0,0.875,0.0,0.0,0.0
64,8,40,41,8,3,0,8,0,2.1818181818181817,0.0,0.0,0.0
64,8,40,41,9,1,0,11,0,0.9166666666666666,0.0,0.0,0.0
64,8,40,41,10,1,0,12,0,0.9230769230769231,0.0,0.0,0.0
64,8,40,41,11,1,0,12,0,0.9230769230769231,0.0,0.0,0.0
64,8,40,41,12,3,0,9,0,2.25,0.0,0.0,0.0
64,8,40,41,14,1,0,8,0,0.8888888888888888,0.0,0.0,0.0
64,8,40,41,16,1,0,7,0,0.875,0.0,0.0,0.0
64,8,40,41,20,2,0,2,0,1.0,0.0,0.0,0.0
64,8,40,41,27,3,0,2,0,1.2,0.0,0.0,0.0
64,8,40,41,28,3,0,3,0,1.5,0.0,0.0,0.0
64,8,40,41,30,3,0,4,0,1.7142857142857142,0.0,0.0,0.0
64,8,40,41,32,1,0,5,0,0.8333333333333334,0.0,0.0,0.0
64,8,40,41,33,3,1,5,0,1.875,0.3333333333333333,0.0,0.3333333333333333
64,8,40,41,34,1,0,8,0,0.8888888888888888,0.0,0.0,0.0
64,8,40,41,35,3,2,10,0,2.3076923076923075,0.6666666666666666,0.0,0.6666666666666666
64,8,48,49,1,1,0,1,0,0.5,0.0,0.0,0.0
64,8,48,49,2,3,0,2,0,1.2,0.0,0.0,0.0
64,8,48,49,4,2,0,7,0,1.5555555555555556,0.0,0.0,0.0
64,8,48,49,5,1,0,9,0,0.9,0.0,0.0,0.0
64,8,48,49,7,1,0,12,0,0.9230769230769231,0.0,0.0,0.0
64,8,48,49,8,1,0,13,0,0.9285714285714286,0.0,0.0,0.0
64,8,48,49,10,2,0,15,0,1.7647058823529411,0.0,0.0,0.0
64,8,48,49,12,1,0,15,0,0.9375,0.0,0.0,0.0
64,8,48,49,15,1,0,13,0,0.9285714285714286,0.0,0.0,0.0
64,8,48,49,16,3,0,9,0,2.25,0.0,0.0,0.0
64,8,48,49,18,2,0,7,0,1.5555555555555556,0.0,0.0,0.0
64,8,48,49,19,1,0,8,0,0.8888888888888888,0.0,0.0,0.0
64,8,48,49,20,2,0,7,0,1.5555555555555556,0.0,0.0,0.0
64,8,48,49,22,2,0,6,0,1.5,0.0,0.0,0.0
64,8,48,49,24,3,0,5,0,1.875,0.0,0.0,0.0
64,8,48,49,26,1,0,8,0,0.8888888888888888,0.0,0.0,0.0
64,8,48,49,27,1,0,9,0,0.9,0.0,0.0,0.0
64,8,48,49,28,1,0,9,0,0.9,0.0,0.0,0.0
64,8,48,49,29,1,0,8,0,0.8888888888888888,0.0,0.0,0.0
64,8,48,49,30,1,0,8,0,0.8888888888888888,0.0,0.0,0.0
64,8,48,49,32,1,0,7,0,0.875,0.0,0.0,0.0
64,8,48,49,33,1,0,7,0,0.875,0.0,0.0,0.0
64,8,48,49,34,1,0,7,0,0.875,0.0,0.0,0.0
64,8,48,49,35,2,1,7,0,1.5555555555555556,0.5,0.0,0.5
64,8,48,49,36,2,0,7,0,1.5555555555555556,0.0,0.0,0.0
64,8,48,49,37,3,1,8,0,2.1818181818181817,0.3333333333333333,0.0,0.3333333333333333
64,8,48,49,38,2,0,9,0,1.6363636363636365,0.0,0.0,0.0
64,8,48,49,39,4,0,9,0,2.769230769230769,0.0,0.0,0.0
64,8,56,57,22,1,0,11,0,0.9166666666666666,0.0,0.0,0.0
64,8,56,57,24,2,0,10,0,1.6666666666666667,0.0,0.0,0.0
64,8,56,57,26,1,0,12,0,0.9230769230769231,0.0,0.0,0.0
64,8,56,57,28,1,0,12,0,0.9230769230769231,0.0,0.0,0.0
64,8,56,57,30,1,0,10,0,0.9090909090909091,0.0,0.0,0.0
64,8,56,57,31,1,0,10,0,0.9090909090909091,0.0,0.0,0.0
64,8,56,57,32,2,0,10,0,1.6666666666666667,0.0,0.0,0.0
64,8,56,57,35,3,1,8,0,2.1818181818181817,0.3333333333333333,0.0,0.3333333333333333
64,8,56,57,36,1,0,10,0,0.9090909090909091,0.0,0.0,0.0
64,8,56,57,37,1,0,10,0,0.9090909090909091,0.0,0.0,0.0
64,8,56,57,39,2,0,11,0,1.6923076923076923,0.0,0.0,0.0
64,8,56,57,55,1,0,1,0,0.5,0.0,0.0,0.0
64,8,56,57,57,3,0,2,0,1.2,0.0,0.0,0.0
64,9,16,17,15,13,10,3,0,2.4375,0.7692307692307693,0.0,0.7692307692307693
64,9,24,25,20,10,4,2,0,1.6666666666666667,0.4,0.0,0.4
64,9,24,25,21,4,0,11,0,2.933333333333333,0.0,0.0,0.0
64,9,32,33,27,7,3,3,0,2.1,0.42857142857142855,0.0,0.42857142857142855
64,9,40,41,16,2,0,1,0,0.6666666666666666,0.0,0.0,0.0
64,9,40,41,17,3,0,3,0,1.5,0.0,0.0,0.0
64,9,40,41,18,1,0,6,0,0.8571428571428571,0.0,0.0,0.0
64,9,40,41,19,2,0,7,0,1.5555555555555556,0.0,0.0,0.0
64,9,40,41,20,1,0,9,0,0.9,0.0,0.0,0.0
64,9,40,41,21,1,0,10,0,0.9090909090909091,0.0,0.0,0.0
64,9,40,41,22,2,0,11,0,1.6923076923076923,0.0,0.0,0.0
64,9,40,41,23,1,0,13,0,0.9285714285714286,0.0,0.0,0.0
64,9,40,41,25,1,0,13,0,0.9285714285714286,0.0,0.0,0.0
64,9,48,49,15,2,0,7,0,1.5555555555555556,0.0,0.0,0.0
64,9,48,49,17,2,0,9,0,1.6363636363636365,0.0,0.0,0.0
64,9,48,49,19,2,0,11,0,1.6923076923076923,0.0,0.0,0.0
64,9,48,49,21,1,0,13,0,0.9285714285714286,0.0,0.0,0.0
64,9,48,49,22,1,0,14,0,0.9333333333333333,0.0,0.0,0.0
64,9,64,65,4,2,0,1,0,0.6666666666666666,0.0,0.0,0.0
64,9,64,65,5,3,0,1,0,0.75,0.0,0.0,0.0
64,9,64,65,6,2,0,1,0,0.6666666666666666,0.0,0.0,0.0
64,9,64,65,7,2,0,1,0,0.6666666666666666,0.0,0.0,0.0
64,9,64,65,8,2,0,1,0,0.6666666666666666,0.0,0.0,0.0
64,9,64,65,9,1,0,1,0,0.5,0.0,0.0,0.0
64,9,64,65,10,1,0,1,0,0.5,0.0,0.0,0.0
64,9,72,73,1,1,0,3,0,0.75,0.0,0.0,0.0
64,9,72,73,2,1,0,6,0,0.8571428571428571,0.0,0.0,0.0
64,9,72,73,3,3,0,7,0,2.1,0.0,0.0,0.0
64,9,72,73,4,1,0,10,0,0.9090909090909091,0.0,0.0,0.0
64,9,72,73,5,6,0,8,0,3.4285714285714284,0.0,0.0,0.0
64,9,72,73,6,3,0,9,0,2.25,0.0,0.0,0.0
64,9,72,73,7,4,0,9,0,2.769230769230769,0.0,0.0,0.0
64,9,72,73,8,2,0,9,0,1.6363636363636365,0.0,0.0,0.0
64,9,72,73,9,6,0,4,0,2.4,0.0,0.0,0.0
64,9,72,73,10,1,0,5,0,0.8333333333333334,0.0,0.0,0.0
64,9,72,73,11,5,0,1,0,0.8333333333333334,0.0,0.0,0.0
64,9,72,73,12,1,0,3,0,0.75,0.0,0.0,0.0
64,9,80,81,11,6,0,13,0,4.105263157894737,0.0,0.0,0.0
64,9,80,81,12,1,0,12,0,0.9230769230769231,0.0,0.0,0.0
64,9,80,81,13,2,0,11,0,1.6923076923076923,0.0,0.0,0.0
64,9,80,81,17,2,0,13,0,1.7333333333333334,0.0,0.0,0.0
64,10,16,17,14,3,1,2,0,1.2,0.3333333333333333,0.0,0.3333333333333333
64,10,16,17,15,18,12,5,0,3.9130434782608696,0.6666666666666666,0.0,0.6666666666666666
64,10,24,25,20,10,3,3,0,2.3076923076923075,0.3,0.0,0.3
64,10,24,25,21,8,3,10,0,4.444444444444445,0.375,0.0,0.375
64,10,32,33,25,10,9,2,0,1.6666666666666667,0.9,0.0,0.9
64,10,32,33,26,6,3,9,0,3.6,0.5,0.0,0.5
64,10,32,33,27,14,9,12,0,6.461538461538462,0.6428571428571429,0.0,0.6428571428571429
64,10,40,41,31,11,6,3,0,2.357142857142857,0.5454545454545454,0.0,0.5454545454545454
64,10,40,41,32,6,1,10,0,3.75,0.16666666666666666,0.0,0.16666666666666666
64,10,40,41,33,16,9,11,0,6.518518518518518,0.5625,0.0,0.5625
64,10,40,41,34,3,0,24,0,2.6666666666666665,0.0,0.0,0.0
64,10,40,41,35,4,3,25,0,3.4482758620689653,0.75,0.0,0.75
64,10,48,49,25,2,0,2,0,1.0,0.0,0.0,0.0
64,10,48,49,27,1,0,4,0,0.8,0.0,0.0,0.0
64,10,48,49,29,1,1,5,0,0.8333333333333334,1.0,0.0,1.0
64,10,48,49,31,1,0,6,0,0.8571428571428571,0.0,0.0,0.0
64,10,48,49,33,2,0,7,0,1.5555555555555556,0.0,0.0,0.0
64,10,48,49,34,2,0,8,0,1.6,0.0,0.0,0.0
64,10,48,49,35,1,0,9,0,0.9,0.0,0.0,0.0
64,10,48,49,37,3,2,11,0,2.357142857142857,0.6666666666666666,0.0,0.6666666666666666
64,10,48,49,38,1,0,12,0,0.9230769230769231,0.0,0.0,0.0
64,10,48,49,39,10,9,13,0,5.6521739130434785,0.9,0.0,0.9
64,10,56,57,31,1,0,9,0,0.9,0.0,0.0,0.0
64,10,56,57,33,1,0,10,0,0.9090909090909091,0.0,0.0,0.0
64,10,56,57,34,1,0,11,0,0.9166666666666666,0.0,0.0,0.0
64,10,56,57,35,2,0,11,0,1.6923076923076923,0.0,0.0,0.0
64,10,56,57,37,1,0,13,0,0.9285714285714286,0.0,0.0,0.0
64,10,56,57,38,1,0,13,0,0.9285714285714286,0.0,0.0,0.0
64,10,56,57,39,1,0,14,0,0.9333333333333333,0.0,0.0,0.0
64,10,56,57,40,2,0,16,0,1.7777777777777777,0.0,0.0,0.0
64,10,56,57,41,2,1,18,0,1.8,0.5,0.0,0.5
64,10,64,65,17,2,0,1,0,0.6666666666666666,0.0,0.0,0.0
64,10,64,65,18,1,0,2,0,0.6666666666666666,0.0,0.0,0.0
64,10,64,65,19,1,0,2,0,0.6666666666666666,0.0,0.0,0.0
64,10,64,65,21,2,0,1,0,0.6666666666666666,0.0,0.0,0.0
64,10,64,65,22,1,0,1,0,0.5,0.0,0.0,0.0
64,10,64,65,30,1,1,9,0,0.9,1.0,0.0,1.0
64,10,64,65,31,1,0,10,0,0.9090909090909091,0.0,0.0,0.0
64,10,64,65,32,1,0,11,0,0.9166666666666666,0.0,0.0,0.0
64,10,64,65,33,1,0,12,0,0.9230769230769231,0.0,0.0,0.0
64,10,64,65,34,1,0,13,0,0.9285714285714286,0.0,0.0,0.0
64,10,64,65,35,1,0,14,0,0.9333333333333333,0.0,0.0,0.0
64,10,64,65,40,1,0,18,0,0.9473684210526315,0.0,0.0,0.0
64,10,64,65,42,1,0,19,0,0.95,0.0,0.0,0.0
64,10,64,65,43,1,1,20,0,0.9523809523809523,1.0,0.0,1.0
64,10,64,65,44,1,0,21,0,0.9545454545454546,0.0,0.0,0.0
64,10,64,65,45,1,1,22,0,0.9565217391304348,1.0,0.0,1.0
64,10,64,65,46,1,0,23,0,0.9583333333333334,0.0,0.0,0.0
64,10,64,65,47,1,0,24,0,0.96,0.0,0.0,0.0
64,10,64,65,48,1,0,25,0,0.9615384615384616,0.0,0.0,0.0
64,10,64,65,49,1,0,26,0,0.9629629629629629,0.0,0.0,0.0
64,10,64,65,50,1,0,27,0,0.9642857142857143,0.0,0.0,0.0
64,10,64,65,51,2,1,27,0,1.8620689655172413,0.5,0.0,0.5
64,10,72,73,10,1,0,1,0,0.5,0.0,0.0,0.0
64,10,72,73,11,2,0,1,0,0.6666666666666666,0.0,0.0,0.0
64,10,72,73,13,1,0,3,0,0.75,0.0,0.0,0.0
64,10,72,73,14,1,0,3,0,0.75,0.0,0.0,0.0
64,10,72,73,15,1,0,3,0,0.75,0.0,0.0,0.0
64,10,72,73,17,1,0,4,0,0.8,0.0,0.0,0.0
64,10,72,73,19,1,0,5,0,0.8333333333333334,0.0,0.0,0.0
64,10,72,73,20,1,0,5,0,0.8333333333333334,0.0,0.0,0.0
64,10,72,73,21,1,0,4,0,0.8,0.0,0.0,0.0
64,10,72,73,23,1,0,4,0,0.8,0.0,0.0,0.0
64,10,72,73,25,3,0,4,0,1.7142857142857142,0.0,0.0,0.0
64,10,72,73,30,1,0,9,0,0.9,0.0,0.0,0.0
64,10,72,73,31,3,0,10,0,2.3076923076923075,0.0,0.0,0.0
64,10,72,73,32,5,0,13,0,3.611111111111111,0.0,0.0,0.0
64,10,72,73,33,7,0,16,0,4.869565217391305,0.0,0.0,0.0
64,10,72,73,35,1,0,22,0,0.9565217391304348,0.0,0.0,0.0
64,10,72,73,36,1,0,22,0,0.9565217391304348,0.0,0.0,0.0
64,10,72,73,37,4,0,20,0,3.3333333333333335,0.0,0.0,0.0
64,10,72,73,39,3,0,17,0,2.55,0.0,0.0,0.0
64,10,72,73,47,2,0,24,1,1.8461538461538463,0.0,0.041666666666666664,-0.041666666666666664
64,10,72,73,48,1,0,25,0,0.9615384615384616,0.0,0.0,0.0
64,10,72,73,49,1,1,25,0,0.9615384615384616,1.0,0.0,1.0
64,10,72,73,51,1,0,25,0,0.9615384615384616,0.0,0.0,0.0
64,10,72,73,52,1,0,24,0,0.96,0.0,0.0,0.0
64,10,72,73,53,2,1,23,0,1.84,0.5,0.0,0.5
64,10,72,73,54,1,0,22,0,0.9565217391304348,0.0,0.0,0.0
64,10,80,81,13,1,0,5,0,0.8333333333333334,0.0,0.0,0.0
64,10,80,81,15,1,0,6,0,0.8571428571428571,0.0,0.0,0.0
64,10,80,81,17,1,0,7,0,0.875,0.0,0.0,0.0
64,10,80,81,19,1,0,8,0,0.8888888888888888,0.0,0.0,0.0
64,10,80,81,21,1,0,8,0,0.8888888888888888,0.0,0.0,0.0
64,10,80,81,23,1,0,8,0,0.8888888888888888,0.0,0.0,0.0
64,10,80,81,25,2,0,10,0,1.6666666666666667,0.0,0.0,0.0
64,10,80,81,26,1,0,11,0,0.9166666666666666,0.0,0.0,0.0
64,10,80,81,27,4,0,11,0,2.933333333333333,0.0,0.0,0.0
64,10,80,81,28,2,0,14,0,1.75,0.0,0.0,0.0
64,10,80,81,29,7,0,15,0,4.7727272727272725,0.0,0.0,0.0
64,10,80,81,31,2,0,24,0,1.8461538461538463,0.0,0.0,0.0
64,10,80,81,33,6,0,22,0,4.714285714285714,0.0,0.0,0.0
64,10,80,81,34,2,0,22,0,1.8333333333333333,0.0,0.0,0.0
64,10,80,81,35,1,0,22,0,0.9565217391304348,0.0,0.0,0.0
64,10,80,81,37,1,0,24,0,0.96,0.0,0.0,0.0
64,10,80,81,41,1,0,23,0,0.9583333333333334,0.0,0.0,0.0
64,10,80,81,42,1,0,22,0,0.9565217391304348,0.0,0.0,0.0
64,10,80,81,43,2,0,21,0,1.826086956521739,0.0,0.0,0.0
64,10,80,81,44,2,0,21,0,1.826086956521739,0.0,0.0,0.0
64,10,80,81,45,2,1,21,0,1.826086956521739,0.5,0.0,0.5
64,10,80,81,46,2,0,22,0,1.8333333333333333,0.0,0.0,0.0
64,10,80,81,47,2,1,23,0,1.84,0.5,0.0,0.5
64,10,80,81,48,1,0,25,0,0.9615384615384616,0.0,0.0,0.0
64,10,80,81,49,3,1,25,0,2.6785714285714284,0.3333333333333333,0.0,0.3333333333333333
64,10,80,81,51,3,1,26,0,2.689655172413793,0.3333333333333333,0.0,0.3333333333333333
64,10,80,81,52,1,0,25,0,0.9615384615384616,0.0,0.0,0.0
64,10,80,81,53,3,1,21,0,2.625,0.3333333333333333,0.0,0.3333333333333333
64,10,80,81,55,4,1,17,0,3.238095238095238,0.25,0.0,0.25
64,10,88,89,21,2,0,12,0,1.7142857142857142,0.0,0.0,0.0
64,10,88,89,23,2,0,15,0,1.7647058823529411,0.0,0.0,0.0
64,10,88,89,24,1,0,19,0,0.95,0.0,0.0,0.0
64,10,88,89,25,2,0,20,0,1.8181818181818181,0.0,0.0,0.0
64,10,88,89,27,1,0,24,0,0.96,0.0,0.0,0.0
64,10,88,89,29,1,0,27,0,0.9642857142857143,0.0,0.0,0.0
64,10,88,89,37,2,0,25,0,1.8518518518518519,0.0,0.0,0.0
64,10,88,89,42,1,0,23,0,0.9583333333333334,0.0,0.0,0.0
64,10,88,89,44,1,0,22,0,0.9565217391304348,0.0,0.0,0.0
64,10,88,89,45,1,0,21,0,0.9545454545454546,0.0,0.0,0.0
64,10,88,89,47,1,0,22,0,0.9565217391304348,0.0,0.0,0.0
64,10,88,89,49,2,0,22,0,1.8333333333333333,0.0,0.0,0.0
64,10,88,89,51,3,0,21,0,2.625,0.0,0.0,0.0
64,10,88,89,53,3,0,17,0,2.55,0.0,0.0,0.0
64,10,88,89,55,5,1,9,0,3.2142857142857144,0.2,0.0,0.2
64,10,88,89,57,1,1,7,0,0.875,1.0,0.0,1.0
64,10,88,89,65,1,1,8,0,0.8888888888888888,1.0,0.0,1.0
64,10,88,89,66,1,0,11,0,0.9166666666666666,0.0,0.0,0.0
64,10,96,97,3,2,0,1,0,0.6666666666666666,0.0,0.0,0.0
64,10,96,97,4,1,0,1,0,0.5,0.0,0.0,0.0
64,10,96,97,5,1,0,1,0,0.5,0.0,0.0,0.0
64,10,96,97,6,1,0,1,0,0.5,0.0,0.0,0.0
64,10,96,97,7,1,0,1,0,0.5,0.0,0.0,0.0
64,10,96,97,20,1,0,13,0,0.9285714285714286,0.0,0.0,0.0
64,10,96,97,49,1,0,27,0,0.9642857142857143,0.0,0.0,0.0
64,10,96,97,51,1,0,27,0,0.9642857142857143,0.0,0.0,0.0
64,10,96,97,53,1,0,23,0,0.9583333333333334,0.0,0.0,0.0
64,10,96,97,55,1,0,19,0,0.95,0.0,0.0,0.0
64,10,96,97,56,1,0,18,0,0.9473684210526315,0.0,0.0,0.0
64,10,96,97,63,2,0,6,0,1.5,0.0,0.0,0.0
64,10,96,97,65,2,0,8,0,1.6,0.0,0.0,0.0
64,10,104,105,1,1,0,2,0,0.6666666666666666,0.0,0.0,0.0
64,10,104,105,2,2,0,2,0,1.0,0.0,0.0,0.0
64,10,104,105,3,2,0,2,0,1.0,0.0,0.0,0.0
64,10,104,105,4,2,0,2,0,1.0,0.0,0.0,0.0
64,10,104,105,5,2,0,2,0,1.0,0.0,0.0,0.0
64,10,104,105,6,2,0,2,0,1.0,0.0,0.0,0.0
64,10,104,105,7,3,0,1,0,0.75,0.0,0.0,0.0
64,10,104,105,19,1,0,12,0,0.9230769230769231,0.0,0.0,0.0
64,10,112,113,1,1,0,2,0,0.6666666666666666,0.0,0.0,0.0
64,10,112,113,2,2,0,2,0,1.0,0.0,0.0,0.0
64,10,112,113,3,2,0,2,0,1.0,0.0,0.0,0.0
64,10,112,113,4,1,0,3,0,0.75,0.0,0.0,0.0
64,10,112,113,5,2,0,3,0,1.2,0.0,0.0,0.0
64,10,112,113,6,2,0,4,0,1.3333333333333333,0.0,0.0,0.0
64,10,112,113,7,3,0,4,0,1.7142857142857142,0.0,0.0,0.0
64,10,112,113,8,2,0,3,0,1.2,0.0,0.0,0.0
64,10,112,113,9,4,0,2,0,1.3333333333333333,0.0,0.0,0.0
64,10,112,113,11,2,0,4,0,1.3333333333333333,0.0,0.0,0.0
64,10,112,113,12,4,1,5,0,2.2222222222222223,0.25,0.0,0.25
64,10,112,113,13,5,0,7,0,2.9166666666666665,0.0,0.0,0.0
64,10,112,113,14,2,0,10,0,1.6666666666666667,0.0,0.0,0.0
64,10,112,113,15,4,0,11,0,2.933333333333333,0.0,0.0,0.0
64,10,112,113,16,2,0,13,0,1.7333333333333334,0.0,0.0,0.0
64,10,112,113,17,4,0,13,0,3.0588235294117645,0.0,0.0,0.0
64,10,112,113,18,4,0,13,0,3.0588235294117645,0.0,0.0,0.0
64,10,112,113,19,2,0,13,0,1.7333333333333334,0.0,0.0,0.0
64,10,112,113,20,1,0,14,0,0.9333333333333333,0.0,0.0,0.0
64,10,120,121,2,1,0,4,0,0.8,0.0,0.0,0.0
64,10,120,121,3,2,0,4,0,1.3333333333333333,0.0,0.0,0.0
64,10,120,121,4,1,0,5,0,0.8333333333333334,0.0,0.0,0.0
64,10,120,121,5,2,0,5,0,1.4285714285714286,0.0,0.0,0.0
64,10,120,121,6,2,0,6,0,1.5,0.0,0.0,0.0
64,10,120,121,7,1,0,7,0,0.875,0.0,0.0,0.0
64,10,120,121,8,2,0,6,0,1.5,0.0,0.0,0.0
64,10,120,121,9,4,0,7,0,2.5454545454545454,0.0,0.0,0.0
64,10,120,121,10,1,0,10,0,0.9090909090909091,0.0,0.0,0.0
64,10,120,121,11,7,0,7,0,3.5,0.0,0.0,0.0
64,10,120,121,12,2,0,11,0,1.6923076923076923,0.0,0.0,0.0
64,10,120,121,13,9,0,11,0,4.95,0.0,0.0,0.0
64,10,120,121,14,3,1,17,0,2.55,0.3333333333333333,0.0,0.3333333333333333
64,10,120,121,15,2,0,17,1,1.7894736842105263,0.0,0.058823529411764705,-0.058823529411764705
64,10,120,121,16,2,1,17,0,1.7894736842105263,0.5,0.0,0.5
64,10,120,121,17,3,0,17,0,2.55,0.0,0.0,0.0
64,10,120,121,18,1,0,17,0,0.9444444444444444,0.0,0.0,0.0
64,10,120,121,19,3,0,14,0,2.4705882352941178,0.0,0.0,0.0
64,10,120,121,20,2,0,14,0,1.75,0.0,0.0,0.0
64,11,16,17,15,4,2,3,1,1.7142857142857142,0.5,0.3333333333333333,0.16666666666666669
64,11,24,25,20,7,4,3,0,2.1,0.5714285714285714,0.0,0.5714285714285714
64,11,24,25,21,3,0,10,0,2.3076923076923075,0.0,0.0,0.0
64,11,32,33,4,4,0,2,0,1.3333333333333333,0.0,0.0,0.0
64,11,32,33,5,1,0,3,0,0.75,0.0,0.0,0.0
64,11,32,33,6,5,0,3,0,1.875,0.0,0.0,0.0
64,11,32,33,8,5,0,2,0,1.4285714285714286,0.0,0.0,0.0
64,11,32,33,10,5,0,1,0,0.8333333333333334,0.0,0.0,0.0
64,11,32,33,26,6,4,1,0,0.8571428571428571,0.6666666666666666,0.0,0.6666666666666666
64,11,32,33,27,12,6,5,0,3.5294117647058822,0.5,0.0,0.5
64,11,40,41,10,5,0,15,0,3.75,0.0,0.0,0.0
64,11,40,41,11,1,0,12,0,0.9230769230769231,0.0,0.0,0.0
64,11,40,41,16,2,0,5,0,1.4285714285714286,0.0,0.0,0.0
64,11,40,41,18,2,0,5,0,1.4285714285714286,0.0,0.0,0.0
64,11,40,41,20,2,0,7,0,1.5555555555555556,0.0,0.0,0.0
64,11,40,41,22,2,0,9,0,1.6363636363636365,0.0,0.0,0.0
64,11,40,41,23,1,0,11,0,0.9166666666666666,0.0,0.0,0.0
64,11,40,41,24,1,0,12,0,0.9230769230769231,0.0,0.0,0.0
64,11,40,41,25,1,0,13,0,0.9285714285714286,0.0,0.0,0.0
64,11,40,41,26,1,0,14,0,0.9333333333333333,0.0,0.0,0.0
64,11,40,41,28,1,0,15,0,0.9375,0.0,0.0,0.0
64,11,40,41,30,1,0,13,0,0.9285714285714286,0.0,0.0,0.0
64,11,48,49,23,1,0,14,0,0.9333333333333333,0.0,0.0,0.0
64,11,48,49,25,1,0,15,0,0.9375,0.0,0.0,0.0
64,11,48,49,27,1,0,16,0,0.9411764705882353,0.0,0.0,0.0
64,11,48,49,34,1,0,6,0,0.8571428571428571,0.0,0.0,0.0
64,11,48,49,36,2,0,4,0,1.3333333333333333,0.0,0.0,0.0
64,11,48,49,37,2,1,4,0,1.3333333333333333,0.5,0.0,0.5
64,11,48,49,38,1,0,5,0,0.8333333333333334,0.0,0.0,0.0
64,11,48,49,39,3,2,5,0,1.875,0.6666666666666666,0.0,0.6666666666666666
64,11,56,57,37,2,1,6,0,1.5,0.5,0.0,0.5
64,11,56,57,38,2,0,5,0,1.4285714285714286,0.0,0.0,0.0
64,11,56,57,39,2,0,4,0,1.3333333333333333,0.0,0.0,0.0
64,11,56,57,40,3,0,3,0,1.5,0.0,0.0,0.0
64,11,56,57,41,3,2,4,0,1.7142857142857142,0.6666666666666666,0.0,0.6666666666666666
64,11,56,57,42,3,0,5,0,1.875,0.0,0.0,0.0
64,11,56,57,43,3,2,6,0,2.0,0.6666666666666666,0.0,0.6666666666666666
64,11,56,57,44,2,0,8,0,1.6,0.0,0.0,0.0
64,11,56,57,45,2,0,9,0,1.6363636363636365,0.0,0.0,0.0
64,11,56,57,46,2,1,11,0,1.6923076923076923,0.5,0.0,0.5
64,11,56,57,47,1,1,14,1,0.9333333333333333,1.0,0.07142857142857142,0.9285714285714286
64,11,64,65,37,1,0,7,0,0.875,0.0,0.0,0.0
64,11,64,65,38,1,0,6,0,0.8571428571428571,0.0,0.0,0.0
64,11,64,65,40,2,0,4,0,1.3333333333333333,0.0,0.0,0.0
64,11,64,65,41,1,1,5,0,0.8333333333333334,1.0,0.0,1.0
64,11,64,65,42,2,0,4,0,1.3333333333333333,0.0,0.0,0.0
64,11,64,65,43,1,1,5,0,0.8333333333333334,1.0,0.0,1.0
64,11,64,65,44,2,0,4,0,1.3333333333333333,0.0,0.0,0.0
64,11,64,65,45,2,1,4,0,1.3333333333333333,0.5,0.0,0.5
64,11,64,65,46,2,0,4,0,1.3333333333333333,0.0,0.0,0.0
64,11,64,65,47,5,4,4,0,2.2222222222222223,0.8,0.0,0.8
64,11,64,65,48,2,0,4,1,1.3333333333333333,0.0,0.25,-0.25
64,11,64,65,49,9,8,1,0,0.9,0.8888888888888888,0.0,0.8888888888888888
64,11,64,65,50,1,0,9,0,0.9,0.0,0.0,0.0
64,11,64,65,51,1,0,9,0,0.9,0.0,0.0,0.0
64,11,72,73,46,1,0,13,0,0.9285714285714286,0.0,0.0,0.0
64,11,72,73,48,4,0,10,0,2.857142857142857,0.0,0.0,0.0
64,11,72,73,50,5,0,5,0,2.5,0.0,0.0,0.0
64,11,80,81,58,2,0,1,0,0.6666666666666666,0.0,0.0,0.0
64,12,8,9,9,21,20,1,0,0.9545454545454546,0.9523809523809523,0.0,0.9523809523809523
64,12,16,17,14,2,0,1,0,0.6666666666666666,0.0,0.0,0.0
64,12,16,17,15,24,16,3,0,2.6666666666666665,0.6666666666666666,0.0,0.6666666666666666
64,12,24,25,19,9,9,1,0,0.9,1.0,0.0,1.0
64,12,24,25,20,3,0,9,0,2.25,0.0,0.0,0.0
64,12,24,25,21,5,1,9,0,3.2142857142857144,0.2,0.0,0.2
64,12,24,25,22,1,1,11,0,0.9166666666666666,1.0,0.0,1.0
64,12,32,33,24,4,0,1,0,0.8,0.0,0.0,0.0
64,12,32,33,25,2,2,3,0,1.2,1.0,0.0,1.0
64,12,40,41,4,1,0,8,0,0.8888888888888888,0.0,0.0,0.0
64,12,40,41,6,5,0,8,0,3.076923076923077,0.0,0.0,0.0
64,12,40,41,7,2,0,8,0,1.6,0.0,0.0,0.0
64,12,40,41,8,5,0,7,0,2.9166666666666665,0.0,0.0,0.0
64,12,40,41,9,2,0,8,0,1.6,0.0,0.0,0.0
64,12,40,41,10,5,0,7,0,2.9166666666666665,0.0,0.0,0.0
64,12,40,41,11,1,0,9,0,0.9,0.0,0.0,0.0
64,12,40,41,12,5,0,8,0,3.076923076923077,0.0,0.0,0.0
64,12,40,41,13,1,0,10,0,0.9090909090909091,0.0,0.0,0.0
64,12,40,41,14,4,0,8,0,2.6666666666666665,0.0,0.0,0.0
64,12,40,41,15,1,0,9,0,0.9,0.0,0.0,0.0
64,12,40,41,16,3,0,8,0,2.1818181818181817,0.0,0.0,0.0
64,12,40,41,17,2,0,9,0,1.6363636363636365,0.0,0.0,0.0
64,12,40,41,18,2,0,10,0,1.6666666666666667,0.0,0.0,0.0
64,12,40,41,19,1,0,12,0,0.9230769230769231,0.0,0.0,0.0
64,12,40,41,20,2,0,12,0,1.7142857142857142,0.0,0.0,0.0
64,12,40,41,22,2,0,9,0,1.6363636363636365,0.0,0.0,0.0
64,12,40,41,24,3,0,4,0,1.7142857142857142,0.0,0.0,0.0
64,12,48,49,9,1,0,21,0,0.9545454545454546,0.0,0.0,0.0
64,12,48,49,10,4,0,20,0,3.3333333333333335,0.0,0.0,0.0
64,12,48,49,11,1,0,21,0,0.9545454545454546,0.0,0.0,0.0
64,12,48,49,12,5,0,18,0,3.9130434782608696,0.0,0.0,0.0
64,12,48,49,13,1,0,18,0,0.9473684210526315,0.0,0.0,0.0
64,12,48,49,14,2,0,17,0,1.7894736842105263,0.0,0.0,0.0
64,12,48,49,15,2,0,17,0,1.7894736842105263,0.0,0.0,0.0
64,12,48,49,16,4,0,15,0,3.1578947368421053,0.0,0.0,0.0
64,12,48,49,17,1,0,15,0,0.9375,0.0,0.0,0.0
64,12,48,49,18,2,0,14,0,1.75,0.0,0.0,0.0
64,12,48,49,19,1,0,15,0,0.9375,0.0,0.0,0.0
64,13,8,9,9,21,21,1,0,0.9545454545454546,1.0,0.0,1.0
64,13,16,17,14,4,1,5,0,2.2222222222222223,0.25,0.0,0.25
64,13,16,17,15,25,13,9,0,6.617647058823529,0.52,0.0,0.52
64,13,24,25,18,2,0,2,0,1.0,0.0,0.0,0.0
64,13,24,25,19,22,21,3,0,2.64,0.9545454545454546,0.0,0.9545454545454546
64,13,24,25,20,12,0,22,0,7.764705882352941,0.0,0.0,0.0
64,13,24,25,21,9,3,32,0,7.024390243902439,0.3333333333333333,0.0,0.3333333333333333
64,13,32,33,24,3,0,6,0,2.0,0.0,0.0,0.0
64,13,32,33,25,15,10,10,0,6.0,0.6666666666666666,0.0,0.6666666666666666
64,13,32,33,26,5,0,25,0,4.166666666666667,0.0,0.0,0.0
64,13,32,33,27,21,13,27,0,11.8125,0.6190476190476191,0.0,0.6190476190476191
64,13,32,33,29,4,3,44,0,3.6666666666666665,0.75,0.0,0.75
64,13,40,41,17,1,0,4,0,0.8,0.0,0.0,0.0
64,13,40,41,19,2,0,5,0,1.4285714285714286,0.0,0.0,0.0
64,13,40,41,20,3,0,3,0,1.5,0.0,0.0,0.0
64,13,40,41,26,3,0,2,0,1.2,0.0,0.0,0.0
64,13,40,41,27,5,2,3,0,1.875,0.4,0.0,0.4
64,13,40,41,28,6,0,4,0,2.4,0.0,0.0,0.0
64,13,40,41,29,5,2,8,0,3.076923076923077,0.4,0.0,0.4
64,13,40,41,30,4,0,11,0,2.933333333333333,0.0,0.0,0.0
64,13,40,41,31,8,6,13,0,4.9523809523809526,0.75,0.0,0.75
64,13,40,41,32,8,1,22,0,5.866666666666666,0.125,0.0,0.125
64,13,40,41,33,14,11,30,3,9.545454545454545,0.7857142857142857,0.1,0.6857142857142857
64,13,40,41,34,1,0,47,0,0.9791666666666666,0.0,0.0,0.0
64,13,40,41,35,3,1,47,2,2.82,0.3333333333333333,0.0425531914893617,0.2907801418439716
64,13,48,49,2,2,0,6,0,1.5,0.0,0.0,0.0
64,13,48,49,3,2,0,8,0,1.6,0.0,0.0,0.0
64,13,48,49,7,4,0,9,0,2.769230769230769,0.0,0.0,0.0
64,13,48,49,9,5,0,8,0,3.076923076923077,0.0,0.0,0.0
64,13,48,49,10,5,0,6,0,2.727272727272727,0.0,0.0,0.0
64,13,48,49,11,3,0,4,0,1.7142857142857142,0.0,0.0,0.0
64,13,48,49,12,1,0,2,0,0.6666666666666666,0.0,0.0,0.0
64,13,48,49,21,2,0,9,0,1.6363636363636365,0.0,0.0,0.0
64,13,48,49,22,3,0,9,0,2.25,0.0,0.0,0.0
64,13,48,49,23,7,0,5,0,2.9166666666666665,0.0,0.0,0.0
64,13,48,49,24,1,0,5,0,0.8333333333333334,0.0,0.0,0.0
64,13,48,49,25,1,0,5,0,0.8333333333333334,0.0,0.0,0.0
64,13,48,49,29,1,1,9,0,0.9,1.0,0.0,1.0
64,13,48,49,30,1,0,10,0,0.9090909090909091,0.0,0.0,0.0
64,13,48,49,31,1,1,11,0,0.9166666666666666,1.0,0.0,1.0
64,13,48,49,32,2,0,12,0,1.7142857142857142,0.0,0.0,0.0
64,13,48,49,33,3,3,14,0,2.4705882352941178,1.0,0.0,1.0
64,13,48,49,34,5,2,16,0,3.8095238095238093,0.4,0.0,0.4
64,13,48,49,35,5,2,19,0,3.9583333333333335,0.4,0.0,0.4
64,13,48,49,36,7,1,22,0,5.310344827586207,0.14285714285714285,0.0,0.14285714285714285
64,13,48,49,37,10,4,24,0,7.0588235294117645,0.4,0.0,0.4
64,13,48,49,38,6,0,28,1,4.9411764705882355,0.0,0.03571428571428571,-0.03571428571428571
64,13,48,49,39,10,4,32,0,7.619047619047619,0.4,0.0,0.4
64,13,48,49,40,3,0,41,0,2.7954545454545454,0.0,0.0,0.0
64,13,48,49,41,3,0,43,0,2.8043478260869565,0.0,0.0,0.0
64,13,56,57,5,1,0,12,0,0.9230769230769231,0.0,0.0,0.0
64,13,56,57,6,1,0,12,0,0.9230769230769231,0.0,0.0,0.0
64,13,56,57,7,1,0,13,0,0.9285714285714286,0.0,0.0,0.0
64,13,56,57,10,1,0,16,0,0.9411764705882353,0.0,0.0,0.0
64,13,56,57,12,2,0,13,0,1.7333333333333334,0.0,0.0,0.0
64,13,56,57,13,3,0,10,0,2.3076923076923075,0.0,0.0,0.0
64,13,56,57,14,3,0,8,0,2.1818181818181817,0.0,0.0,0.0
64,13,56,57,15,3,1,5,0,1.875,0.3333333333333333,0.0,0.3333333333333333
64,13,56,57,17,4,1,5,0,2.2222222222222223,0.25,0.0,0.25
64,13,56,57,19,3,1,8,0,2.1818181818181817,0.3333333333333333,0.0,0.3333333333333333
64,13,56,57,20,1,0,9,0,0.9,0.0,0.0,0.0
64,13,56,57,21,2,1,11,0,1.6923076923076923,0.5,0.0,0.5
64,13,56,57,23,1,0,15,0,0.9375,0.0,0.0,0.0
64,13,56,57,27,2,0,19,0,1.8095238095238095,0.0,0.0,0.0
64,13,56,57,29,10,0,12,0,5.454545454545454,0.0,0.0,0.0
64,13,56,57,30,2,0,12,0,1.7142857142857142,0.0,0.0,0.0
64,13,56,57,31,5,0,11,0,3.4375,0.0,0.0,0.0
64,13,56,57,32,3,1,14,0,2.4705882352941178,0.3333333333333333,0.0,0.3333333333333333
64,13,56,57,33,1,0,17,0,0.9444444444444444,0.0,0.0,0.0
64,13,56,57,34,1,0,21,0,0.9545454545454546,0.0,0.0,0.0
64,13,56,57,35,3,0,25,0,2.6785714285714284,0.0,0.0,0.0
64,13,56,57,36,1,0,29,0,0.9666666666666667,0.0,0.0,0.0
64,13,56,57,37,2,1,31,0,1.878787878787879,0.5,0.0,0.5
64,13,56,57,38,2,0,32,0,1.8823529411764706,0.0,0.0,0.0
64,13,56,57,39,3,3,34,0,2.7567567567567566,1.0,0.0,1.0
64,13,56,57,40,2,0,36,0,1.894736842105263,0.0,0.0,0.0
64,13,56,57,41,1,1,37,0,0.9736842105263158,1.0,0.0,1.0
64,13,56,57,42,2,0,37,0,1.8974358974358974,0.0,0.0,0.0
64,13,56,57,43,2,0,37,0,1.8974358974358974,0.0,0.0,0.0
64,13,56,57,44,2,0,37,0,1.8974358974358974,0.0,0.0,0.0
64,13,56,57,45,5,2,36,0,4.390243902439025,0.4,0.0,0.4
64,13,56,57,53,2,0,42,0,1.9090909090909092,0.0,0.0,0.0
64,13,56,57,55,2,0,44,0,1.9130434782608696,0.0,0.0,0.0
64,13,64,65,7,1,0,17,0,0.9444444444444444,0.0,0.0,0.0
64,13,64,65,8,1,0,18,0,0.9473684210526315,0.0,0.0,0.0
64,13,64,65,9,1,0,19,0,0.95,0.0,0.0,0.0
64,13,64,65,11,2,0,21,0,1.826086956521739,0.0,0.0,0.0
64,13,64,65,12,1,0,21,0,0.9545454545454546,0.0,0.0,0.0
64,13,64,65,13,3,0,18,0,2.5714285714285716,0.0,0.0,0.0
64,13,64,65,14,2,0,18,0,1.8,0.0,0.0,0.0
64,13,64,65,15,6,0,12,0,4.0,0.0,0.0,0.0
64,13,64,65,16,3,0,12,0,2.4,0.0,0.0,0.0
64,13,64,65,18,2,1,13,0,1.7333333333333334,0.5,0.0,0.5
64,13,64,65,20,1,0,13,0,0.9285714285714286,0.0,0.0,0.0
64,13,64,65,23,1,0,16,0,0.9411764705882353,0.0,0.0,0.0
64,13,64,65,24,2,0,17,0,1.7894736842105263,0.0,0.0,0.0
64,13,64,65,25,2,0,19,0,1.8095238095238095,0.0,0.0,0.0
64,13,64,65,26,2,0,20,0,1.8181818181818181,0.0,0.0,0.0
64,13,64,65,27,1,0,22,0,0.9565217391304348,0.0,0.0,0.0
64,13,64,65,28,2,0,23,0,1.84,0.0,0.0,0.0
64,13,64,65,29,4,0,23,0,3.4074074074074074,0.0,0.0,0.0
64,13,64,65,30,2,0,23,0,1.84,0.0,0.0,0.0
64,13,64,65,31,2,0,24,0,1.8461538461538463,0.0,0.0,0.0
64,13,64,65,32,1,0,26,0,0.9629629629629629,0.0,0.0,0.0
64,13,64,65,33,6,1,23,0,4.758620689655173,0.16666666666666666,0.0,0.16666666666666666
64,13,64,65,34,4,1,26,0,3.466666666666667,0.25,0.0,0.25
64,13,64,65,35,5,0,28,0,4.242424242424242,0.0,0.0,0.0
64,13,64,65,36,2,0,32,0,1.8823529411764706,0.0,0.0,0.0
64,13,64,65,37,1,0,34,0,0.9714285714285714,0.0,0.0,0.0
64,13,64,65,38,1,0,34,0,0.9714285714285714,0.0,0.0,0.0
64,13,64,65,39,1,0,35,0,0.9722222222222222,0.0,0.0,0.0
64,13,72,73,9,1,0,21,0,0.9545454545454546,0.0,0.0,0.0
64,13,72,73,11,2,0,23,0,1.84,0.0,0.0,0.0
64,13,72,73,13,4,0,24,0,3.4285714285714284,0.0,0.0,0.0
64,13,72,73,15,8,0,23,0,5.935483870967742,0.0,0.0,0.0
64,13,72,73,16,1,0,27,0,0.9642857142857143,0.0,0.0,0.0
64,13,72,73,17,8,0,25,0,6.0606060606060606,0.0,0.0,0.0
64,13,72,73,18,2,0,29,0,1.8709677419354838,0.0,0.0,0.0
64,13,72,73,19,8,0,26,0,6.117647058823529,0.0,0.0,0.0
64,13,72,73,20,9,0,19,0,6.107142857142857,0.0,0.0,0.0
64,13,72,73,21,10,0,16,0,6.153846153846154,0.0,0.0,0.0
64,13,72,73,22,3,0,18,0,2.5714285714285716,0.0,0.0,0.0
64,13,72,73,23,6,0,20,0,4.615384615384615,0.0,0.0,0.0
64,13,72,73,24,3,0,25,0,2.6785714285714284,0.0,0.0,0.0
64,13,72,73,25,6,0,27,0,4.909090909090909,0.0,0.0,0.0
64,13,72,73,26,5,0,28,0,4.242424242424242,0.0,0.0,0.0
64,13,72,73,27,8,0,27,0,6.171428571428572,0.0,0.0,0.0
64,13,72,73,28,4,0,29,0,3.515151515151515,0.0,0.0,0.0
64,13,72,73,29,4,0,28,0,3.5,0.0,0.0,0.0
64,13,72,73,30,2,0,27,0,1.8620689655172413,0.0,0.0,0.0
64,13,72,73,31,4,0,26,0,3.466666666666667,0.0,0.0,0.0
64,13,72,73,32,3,0,27,0,2.7,0.0,0.0,0.0
64,13,72,73,33,2,0,28,0,1.8666666666666667,0.0,0.0,0.0
64,13,72,73,34,4,0,30,0,3.5294117647058822,0.0,0.0,0.0
64,13,72,73,35,3,0,33,0,2.75,0.0,0.0,0.0
64,13,72,73,36,2,0,36,0,1.894736842105263,0.0,0.0,0.0
64,13,72,73,37,1,0,37,0,0.9736842105263158,0.0,0.0,0.0
64,13,72,73,38,2,0,35,0,1.8918918918918919,0.0,0.0,0.0
64,13,72,73,39,2,0,35,0,1.8918918918918919,0.0,0.0,0.0
64,13,72,73,40,1,0,36,0,0.972972972972973,0.0,0.0,0.0
64,13,80,81,13,1,0,29,0,0.9666666666666667,0.0,0.0,0.0
64,13,80,81,14,1,0,31,0,0.96875,0.0,0.0,0.0
64,13,80,81,15,4,0,29,0,3.515151515151515,0.0,0.0,0.0
64,13,80,81,16,2,0,33,0,1.8857142857142857,0.0,0.0,0.0
64,13,80,81,17,7,0,31,0,5.7105263157894735,0.0,0.0,0.0
64,13,80,81,18,3,0,36,0,2.769230769230769,0.0,0.0,0.0
64,13,80,81,19,4,0,36,0,3.6,0.0,0.0,0.0
64,13,80,81,20,5,0,33,0,4.342105263157895,0.0,0.0,0.0
64,13,80,81,21,6,0,29,0,4.9714285714285715,0.0,0.0,0.0
64,13,80,81,22,3,0,29,0,2.71875,0.0,0.0,0.0
64,13,80,81,23,6,0,29,0,4.9714285714285715,0.0,0.0,0.0
64,13,80,81,24,3,0,33,0,2.75,0.0,0.0,0.0
64,13,80,81,25,4,0,36,0,3.6,0.0,0.0,0.0
64,13,80,81,26,4,0,38,0,3.619047619047619,0.0,0.0,0.0
64,13,80,81,27,4,0,39,0,3.627906976744186,0.0,0.0,0.0
64,13,80,81,28,5,0,38,0,4.4186046511627906,0.0,0.0,0.0
64,13,80,81,29,4,0,37,0,3.6097560975609757,0.0,0.0,0.0
64,13,80,81,30,3,0,33,0,2.75,0.0,0.0,0.0
64,13,80,81,31,3,0,31,0,2.735294117647059,0.0,0.0,0.0
64,13,80,81,32,2,0,32,0,1.8823529411764706,0.0,0.0,0.0
64,13,80,81,33,2,0,32,0,1.8823529411764706,0.0,0.0,0.0
64,13,80,81,34,3,0,35,0,2.763157894736842,0.0,0.0,0.0
64,13,80,81,35,5,0,35,0,4.375,0.0,0.0,0.0
64,13,80,81,36,2,0,37,0,1.8974358974358974,0.0,0.0,0.0
64,13,80,81,37,2,0,38,0,1.9,0.0,0.0,0.0
64,13,80,81,38,2,0,37,0,1.8974358974358974,0.0,0.0,0.0
64,13,80,81,39,2,0,36,0,1.894736842105263,0.0,0.0,0.0
64,13,80,81,40,1,0,36,0,0.972972972972973,0.0,0.0,0.0
64,13,88,89,13,1,0,29,0,0.9666666666666667,0.0,0.0,0.0
64,13,88,89,14,1,0,31,0,0.96875,0.0,0.0,0.0
64,13,88,89,15,4,0,29,0,3.515151515151515,0.0,0.0,0.0
64,13,88,89,16,1,0,34,0,0.9714285714285714,0.0,0.0,0.0
64,13,88,89,17,4,0,35,0,3.58974358974359,0.0,0.0,0.0
64,13,88,89,19,2,0,41,0,1.9069767441860466,0.0,0.0,0.0
64,13,88,89,21,6,0,35,0,5.121951219512195,0.0,0.0,0.0
64,13,88,89,22,1,0,36,0,0.972972972972973,0.0,0.0,0.0
64,13,88,89,23,5,1,34,0,4.358974358974359,0.2,0.0,0.2
64,13,88,89,25,4,1,40,0,3.6363636363636362,0.25,0.0,0.25
64,13,88,89,27,3,0,45,0,2.8125,0.0,0.0,0.0
64,13,88,89,29,3,0,45,0,2.8125,0.0,0.0,0.0
64,13,88,89,31,4,0,41,0,3.6444444444444444,0.0,0.0,0.0
64,13,88,89,33,5,0,41,0,4.456521739130435,0.0,0.0,0.0
64,13,88,89,34,1,0,45,0,0.9782608695652174,0.0,0.0,0.0
64,13,88,89,35,1,0,45,0,0.9782608695652174,0.0,0.0,0.0
64,13,88,89,36,1,0,45,0,0.9782608695652174,0.0,0.0,0.0
64,13,88,89,37,2,0,46,0,1.9166666666666667,0.0,0.0,0.0
64,13,88,89,39,5,0,41,0,4.456521739130435,0.0,0.0,0.0
64,13,88,89,40,3,0,40,0,2.7906976744186047,0.0,0.0,0.0
64,13,88,89,41,2,0,39,0,1.9024390243902438,0.0,0.0,0.0
64,13,88,89,42,2,0,37,0,1.8974358974358974,0.0,0.0,0.0
64,13,96,97,43,4,0,40,0,3.6363636363636362,0.0,0.0,0.0
64,13,96,97,44,2,0,38,0,1.9,0.0,0.0,0.0
64,13,96,97,45,1,0,36,0,0.972972972972973,0.0,0.0,0.0
64,14,16,17,14,5,1,1,0,0.8333333333333334,0.2,0.0,0.2
64,14,16,17,15,14,6,9,0,5.478260869565218,0.42857142857142855,0.0,0.42857142857142855
64,14,24,25,18,1,1,2,0,0.6666666666666666,1.0,0.0,1.0
64,14,24,25,19,12,10,3,0,2.4,0.8333333333333334,0.0,0.8333333333333334
64,14,24,25,20,15,6,13,0,6.964285714285714,0.4,0.0,0.4
64,14,24,25,21,6,4,31,0,5.027027027027027,0.6666666666666666,0.0,0.6666666666666666
64,14,32,33,14,3,0,1,0,0.75,0.0,0.0,0.0
64,14,32,33,16,2,0,4,0,1.3333333333333333,0.0,0.0,0.0
64,14,32,33,18,4,0,5,0,2.2222222222222223,0.0,0.0,0.0
64,14,32,33,19,1,0,8,0,0.8888888888888888,0.0,0.0,0.0
64,14,32,33,20,1,0,8,0,0.8888888888888888,0.0,0.0,0.0
64,14,32,33,21,1,0,8,0,0.8888888888888888,0.0,0.0,0.0
64,14,32,33,22,3,0,6,0,2.0,0.0,0.0,0.0
64,14,32,33,26,2,0,7,0,1.5555555555555556,0.0,0.0,0.0
64,14,32,33,27,26,16,5,0,4.193548387096774,0.6153846153846154,0.0,0.6153846153846154
64,14,32,33,28,1,0,21,0,0.9545454545454546,0.0,0.0,0.0
64,14,32,33,29,14,6,16,0,7.466666666666667,0.42857142857142855,0.0,0.42857142857142855
64,14,40,41,2,2,0,6,0,1.5,0.0,0.0,0.0
64,14,40,41,4,8,0,6,0,3.4285714285714284,0.0,0.0,0.0
64,14,40,41,5,3,0,7,0,2.1,0.0,0.0,0.0
64,14,40,41,6,5,0,6,0,2.727272727272727,0.0,0.0,0.0
64,14,40,41,7,2,0,7,0,1.5555555555555556,0.0,0.0,0.0
64,14,40,41,8,5,0,6,0,2.727272727272727,0.0,0.0,0.0
64,14,40,41,9,1,0,8,0,0.8888888888888888,0.0,0.0,0.0
64,14,40,41,10,1,0,8,0,0.8888888888888888,0.0,0.0,0.0
64,14,40,41,12,3,0,10,0,2.3076923076923075,0.0,0.0,0.0
64,14,40,41,14,1,0,11,0,0.9166666666666666,0.0,0.0,0.0
64,14,40,41,16,3,0,11,0,2.357142857142857,0.0,0.0,0.0
64,14,40,41,17,2,0,13,0,1.7333333333333334,0.0,0.0,0.0
64,14,40,41,18,1,0,14,0,0.9333333333333333,0.0,0.0,0.0
64,14,40,41,19,2,0,14,0,1.75,0.0,0.0,0.0
64,14,40,41,20,2,0,14,0,1.75,0.0,0.0,0.0
64,14,40,41,21,2,0,15,0,1.7647058823529411,0.0,0.0,0.0
64,14,40,41,22,2,0,15,0,1.7647058823529411,0.0,0.0,0.0
64,14,40,41,24,3,0,13,0,2.4375,0.0,0.0,0.0
64,14,40,41,25,1,0,14,0,0.9333333333333333,0.0,0.0,0.0
64,14,40,41,26,2,0,14,0,1.75,0.0,0.0,0.0
64,14,40,41,27,1,0,15,0,0.9375,0.0,0.0,0.0
64,14,40,41,28,3,0,14,0,2.4705882352941178,0.0,0.0,0.0
64,14,40,41,29,1,0,14,0,0.9333333333333333,0.0,0.0,0.0
64,14,40,41,30,2,0,12,0,1.7142857142857142,0.0,0.0,0.0
64,14,40,41,31,7,3,11,0,4.277777777777778,0.42857142857142855,0.0,0.42857142857142855
64,14,40,41,32,6,1,13,0,4.105263157894737,0.16666666666666666,0.0,0.16666666666666666
64,14,40,41,33,3,3,14,0,2.4705882352941178,1.0,0.0,1.0
64,14,40,41,34,2,0,17,0,1.7894736842105263,0.0,0.0,0.0
64,14,48,49,6,1,0,18,0,0.9473684210526315,0.0,0.0,0.0
64,14,48,49,7,2,0,17,0,1.7894736842105263,0.0,0.0,0.0
64,14,48,49,8,3,0,14,0,2.4705882352941178,0.0,0.0,0.0
64,14,48,49,9,2,0,13,0,1.7333333333333334,0.0,0.0,0.0
64,14,48,49,10,1,0,12,0,0.9230769230769231,0.0,0.0,0.0
64,14,48,49,11,1,0,14,0,0.9333333333333333,0.0,0.0,0.0
64,14,48,49,12,2,0,14,0,1.75,0.0,0.0,0.0
64,14,48,49,13,1,0,15,0,0.9375,0.0,0.0,0.0
64,14,48,49,14,2,0,14,0,1.75,0.0,0.0,0.0
64,14,48,49,15,1,0,18,0,0.9473684210526315,0.0,0.0,0.0
64,14,48,49,16,1,0,20,0,0.9523809523809523,0.0,0.0,0.0
64,14,48,49,18,1,0,25,0,0.9615384615384616,0.0,0.0,0.0
64,14,48,49,19,1,0,27,0,0.9642857142857143,0.0,0.0,0.0
64,14,48,49,20,1,0,30,0,0.967741935483871,0.0,0.0,0.0
64,14,48,49,21,2,0,32,0,1.8823529411764706,0.0,0.0,0.0
64,14,48,49,22,2,0,33,0,1.8857142857142857,0.0,0.0,0.0
64,14,48,49,23,5,0,31,0,4.305555555555555,0.0,0.0,0.0
64,14,48,49,24,2,0,30,0,1.875,0.0,0.0,0.0
64,14,48,49,25,4,0,26,0,3.466666666666667,0.0,0.0,0.0
64,14,48,49,26,4,1,23,0,3.4074074074074074,0.25,0.0,0.25
64,14,48,49,27,2,0,22,0,1.8333333333333333,0.0,0.0,0.0
64,14,48,49,28,2,0,20,0,1.8181818181818181,0.0,0.0,0.0
64,14,48,49,29,1,0,18,0,0.9473684210526315,0.0,0.0,0.0
64,14,48,49,30,1,0,15,0,0.9375,0.0,0.0,0.0
64,14,48,49,32,2,0,12,0,1.7142857142857142,0.0,0.0,0.0
64,14,48,49,33,4,1,11,0,2.933333333333333,0.25,0.0,0.25
64,14,48,49,36,1,0,15,0,0.9375,0.0,0.0,0.0
64,14,48,49,37,2,2,16,0,1.7777777777777777,1.0,0.0,1.0
64,14,48,49,38,2,1,17,0,1.7894736842105263,0.5,0.0,0.5
64,14,48,49,39,10,9,18,0,6.428571428571429,0.9,0.0,0.9
64,14,56,57,27,3,0,34,0,2.7567567567567566,0.0,0.0,0.0
64,14,56,57,28,1,0,31,0,0.96875,0.0,0.0,0.0
64,14,56,57,29,4,0,24,0,3.4285714285714284,0.0,0.0,0.0
64,14,56,57,33,4,0,13,0,3.0588235294117645,0.0,0.0,0.0
64,14,56,57,34,4,0,13,0,3.0588235294117645,0.0,0.0,0.0
64,14,56,57,35,3,0,14,0,2.4705882352941178,0.0,0.0,0.0
64,14,56,57,36,7,0,11,0,4.277777777777778,0.0,0.0,0.0
64,14,56,57,37,3,0,12,0,2.4,0.0,0.0,0.0
64,14,56,57,38,6,0,10,0,3.75,0.0,0.0,0.0
64,14,56,57,39,7,3,10,0,4.117647058823529,0.42857142857142855,0.0,0.42857142857142855
64,14,56,57,40,2,0,14,0,1.75,0.0,0.0,0.0
64,14,56,57,41,3,2,14,0,2.4705882352941178,0.6666666666666666,0.0,0.6666666666666666
64,14,56,57,42,1,0,16,0,0.9411764705882353,0.0,0.0,0.0
64,14,56,57,43,1,0,16,0,0.9411764705882353,0.0,0.0,0.0
64,14,56,57,45,9,9,16,0,5.76,1.0,0.0,1.0
64,14,56,57,46,3,0,21,0,2.625,0.0,0.0,0.0
64,14,56,57,47,2,1,21,0,1.826086956521739,0.5,0.0,0.5
64,14,64,65,31,1,0,22,0,0.9565217391304348,0.0,0.0,0.0
64,14,64,65,33,2,1,16,0,1.7777777777777777,0.5,0.0,0.5
64,14,64,65,34,1,0,16,0,0.9411764705882353,0.0,0.0,0.0
64,14,64,65,35,3,1,16,0,2.526315789473684,0.3333333333333333,0.0,0.3333333333333333
64,14,64,65,36,1,0,19,0,0.95,0.0,0.0,0.0
64,14,64,65,37,2,0,20,0,1.8181818181818181,0.0,0.0,0.0
64,14,64,65,38,3,0,20,0,2.608695652173913,0.0,0.0,0.0
64,14,64,65,39,2,0,21,0,1.826086956521739,0.0,0.0,0.0
64,14,64,65,40,4,0,21,0,3.36,0.0,0.0,0.0
64,14,64,65,41,2,0,24,0,1.8461538461538463,0.0,0.0,0.0
64,14,64,65,42,3,0,23,0,2.6538461538461537,0.0,0.0,0.0
64,14,64,65,43,2,0,23,0,1.84,0.0,0.0,0.0
64,14,64,65,44,15,0,11,0,6.346153846153846,0.0,0.0,0.0
64,14,64,65,45,7,0,11,0,4.277777777777778,0.0,0.0,0.0
64,14,64,65,46,5,0,11,0,3.4375,0.0,0.0,0.0
64,14,64,65,47,2,0,11,0,1.6923076923076923,0.0,0.0,0.0
64,14,64,65,48,2,0,11,0,1.6923076923076923,0.0,0.0,0.0
64,14,64,65,51,1,1,7,0,0.875,1.0,0.0,1.0
64,14,72,73,32,1,0,20,0,0.9523809523809523,0.0,0.0,0.0
64,14,72,73,33,1,0,19,0,0.95,0.0,0.0,0.0
64,14,72,73,34,1,0,18,0,0.9473684210526315,0.0,0.0,0.0
64,14,72,73,35,3,0,17,0,2.55,0.0,0.0,0.0
64,14,72,73,36,2,0,18,0,1.8,0.0,0.0,0.0
64,14,72,73,37,6,3,17,0,4.434782608695652,0.5,0.0,0.5
64,14,72,73,38,1,0,17,0,0.9444444444444444,0.0,0.0,0.0
64,14,72,73,39,6,6,16,0,4.363636363636363,1.0,0.0,1.0
64,14,72,73,41,7,5,15,0,4.7727272727272725,0.7142857142857143,0.0,0.7142857142857143
64,14,72,73,42,1,0,19,0,0.95,0.0,0.0,0.0
64,14,72,73,43,6,5,17,0,4.434782608695652,0.8333333333333334,0.0,0.8333333333333334
64,14,72,73,45,6,4,16,0,4.363636363636363,0.6666666666666666,0.0,0.6666666666666666
64,14,72,73,46,2,0,17,0,1.7894736842105263,0.0,0.0,0.0
64,14,72,73,47,3,2,15,0,2.5,0.6666666666666666,0.0,0.6666666666666666
64,14,72,73,49,3,1,10,0,2.3076923076923075,0.3333333333333333,0.0,0.3333333333333333
64,14,72,73,50,4,0,7,0,2.5454545454545454,0.0,0.0,0.0
64,14,72,73,53,1,1,4,0,0.8,1.0,0.0,1.0
64,14,80,81,34,1,0,20,0,0.9523809523809523,0.0,0.0,0.0
64,14,80,81,35,1,0,20,0,0.9523809523809523,0.0,0.0,0.0
64,14,80,81,37,1,0,23,0,0.9583333333333334,0.0,0.0,0.0
64,14,80,81,39,5,0,20,0,4.0,0.0,0.0,0.0
64,14,80,81,40,4,0,17,0,3.238095238095238,0.0,0.0,0.0
64,14,80,81,41,7,0,14,0,4.666666666666667,0.0,0.0,0.0
64,14,80,81,42,3,0,14,0,2.4705882352941178,0.0,0.0,0.0
64,14,80,81,43,4,0,13,0,3.0588235294117645,0.0,0.0,0.0
64,14,80,81,44,2,0,13,0,1.7333333333333334,0.0,0.0,0.0
64,14,80,81,45,2,0,12,0,1.7142857142857142,0.0,0.0,0.0
64,14,80,81,47,3,1,8,0,2.1818181818181817,0.3333333333333333,0.0,0.3333333333333333
64,14,80,81,49,3,3,4,0,1.7142857142857142,1.0,0.0,1.0
64,14,80,81,51,1,1,2,0,0.6666666666666666,1.0,0.0,1.0
64,14,80,81,52,2,0,1,0,0.6666666666666666,0.0,0.0,0.0
64,14,80,81,53,1,1,1,1,0.5,1.0,1.0,0.0
64,14,88,89,39,1,0,27,0,0.9642857142857143,0.0,0.0,0.0
64,14,88,89,41,2,0,27,0,1.8620689655172413,0.0,0.0,0.0
64,14,88,89,43,6,0,23,0,4.758620689655173,0.0,0.0,0.0
64,14,88,89,44,3,0,23,0,2.6538461538461537,0.0,0.0,0.0
64,14,88,89,45,6,0,18,0,4.5,0.0,0.0,0.0
64,14,88,89,46,2,0,16,0,1.7777777777777777,0.0,0.0,0.0
64,14,88,89,47,5,0,10,0,3.3333333333333335,0.0,0.0,0.0
64,14,88,89,48,2,0,6,0,1.5,0.0,0.0,0.0
64,14,88,89,56,1,0,1,0,0.5,0.0,0.0,0.0
64,14,88,89,57,1,0,2,0,0.6666666666666666,0.0,0.0,0.0
64,14,88,89,58,1,0,3,0,0.75,0.0,0.0,0.0
64,14,88,89,59,1,0,4,0,0.8,0.0,0.0,0.0
64,14,88,89,60,1,0,5,0,0.8333333333333334,0.0,0.0,0.0
64,14,88,89,61,1,0,6,0,0.8571428571428571,0.0,0.0,0.0
64,14,88,89,62,1,0,7,0,0.875,0.0,0.0,0.0
64,14,88,89,63,1,0,8,0,0.8888888888888888,0.0,0.0,0.0
64,14,88,89,64,1,0,9,0,0.9,0.0,0.0,0.0
64,14,88,89,65,1,0,10,0,0.9090909090909091,0.0,0.0,0.0
64,14,88,89,66,1,0,10,0,0.9090909090909091,0.0,0.0,0.0
64,14,88,89,67,3,2,10,0,2.3076923076923075,0.6666666666666666,0.0,0.6666666666666666
64,14,88,89,69,2,1,10,0,1.6666666666666667,0.5,0.0,0.5
64,14,96,97,49,4,1,11,0,2.933333333333333,0.25,0.0,0.25
64,14,96,97,50,1,0,7,0,0.875,0.0,0.0,0.0
64,14,96,97,51,3,0,2,0,1.2,0.0,0.0,0.0
64,14,96,97,57,2,1,1,0,0.6666666666666666,0.5,0.0,0.5
64,14,96,97,59,1,0,3,0,0.75,0.0,0.0,0.0
64,14,96,97,60,1,0,4,0,0.8,0.0,0.0,0.0
64,14,96,97,61,1,0,5,0,0.8333333333333334,0.0,0.0,0.0
64,14,96,97,62,1,0,6,0,0.8571428571428571,0.0,0.0,0.0
64,14,96,97,63,1,0,7,0,0.875,0.0,0.0,0.0
64,14,96,97,64,1,0,8,0,0.8888888888888888,0.0,0.0,0.0
64,14,96,97,65,1,0,9,0,0.9,0.0,0.0,0.0
64,14,96,97,66,1,0,9,0,0.9,0.0,0.0,0.0
64,14,96,97,67,1,0,9,0,0.9,0.0,0.0,0.0
64,14,96,97,68,1,0,9,0,0.9,0.0,0.0,0.0
64,14,96,97,69,2,1,9,0,1.6363636363636365,0.5,0.0,0.5
64,14,96,97,70,1,0,10,0,0.9090909090909091,0.0,0.0,0.0
64,14,104,105,54,1,0,4,0,0.8,0.0,0.0,0.0
64,14,104,105,55,1,0,3,0,0.75,0.0,0.0,0.0
64,14,104,105,56,1,0,2,0,0.6666666666666666,0.0,0.0,0.0
64,14,104,105,57,2,0,1,0,0.6666666666666666,0.0,0.0,0.0
64,14,104,105,58,2,0,2,0,1.0,0.0,0.0,0.0
64,14,104,105,59,2,1,3,0,1.2,0.5,0.0,0.5
64,14,104,105,60,2,0,4,0,1.3333333333333333,0.0,0.0,0.0
64,14,104,105,61,2,1,5,0,1.4285714285714286,0.5,0.0,0.5
64,14,104,105,62,1,0,6,0,0.8571428571428571,0.0,0.0,0.0
64,14,104,105,63,2,1,6,0,1.5,0.5,0.0,0.5
64,14,104,105,64,1,0,7,0,0.875,0.0,0.0,0.0
64,14,104,105,65,3,2,7,0,2.1,0.6666666666666666,0.0,0.6666666666666666
64,14,104,105,66,1,0,8,0,0.8888888888888888,0.0,0.0,0.0
64,14,104,105,67,2,1,7,1,1.5555555555555556,0.5,0.14285714285714285,0.35714285714285715
64,14,104,105,68,2,0,6,0,1.5,0.0,0.0,0.0
64,14,104,105,69,1,1,5,1,0.8333333333333334,1.0,0.2,0.8
64,14,104,105,71,2,2,4,0,1.3333333333333333,1.0,0.0,1.0
64,14,104,105,72,1,0,4,0,0.8,0.0,0.0,0.0
64,14,104,105,73,5,4,3,0,1.875,0.8,0.0,0.8
64,14,104,105,75,3,3,3,0,1.5,1.0,0.0,1.0
64,14,112,113,54,1,0,4,0,0.8,0.0,0.0,0.0
64,14,112,113,55,1,0,3,0,0.75,0.0,0.0,0.0
64,14,112,113,56,1,0,2,0,0.6666666666666666,0.0,0.0,0.0
64,14,112,113,57,1,0,1,0,0.5,0.0,0.0,0.0
64,14,112,113,58,1,0,1,0,0.5,0.0,0.0,0.0
64,14,112,113,60,1,0,2,0,0.6666666666666666,0.0,0.0,0.0
64,14,112,113,61,1,0,2,0,0.6666666666666666,0.0,0.0,0.0
64,14,112,113,62,1,0,2,0,0.6666666666666666,0.0,0.0,0.0
64,14,112,113,63,2,1,2,0,1.0,0.5,0.0,0.5
64,14,112,113,64,1,0,3,0,0.75,0.0,0.0,0.0
64,14,112,113,65,2,1,3,0,1.2,0.5,0.0,0.5
64,14,112,113,66,1,0,3,0,0.75,0.0,0.0,0.0
64,14,112,113,67,3,1,2,0,1.2,0.3333333333333333,0.0,0.3333333333333333
64,14,112,113,68,1,0,3,0,0.75,0.0,0.0,0.0
64,14,120,121,56,1,0,4,0,0.8,0.0,0.0,0.0
64,14,120,121,57,1,0,3,0,0.75,0.0,0.0,0.0
64,14,120,121,58,1,0,3,0,0.75,0.0,0.0,0.0
64,14,120,121,59,1,0,3,0,0.75,0.0,0.0,0.0
64,14,120,121,60,1,0,3,0,0.75,0.0,0.0,0.0
64,14,120,121,62,1,0,4,0,0.8,0.0,0.0,0.0
64,14,120,121,63,1,0,4,0,0.8,0.0,0.0,0.0
64,14,120,121,64,1,0,4,0,0.8,0.0,0.0,0.0
64,14,120,121,66,2,0,4,0,1.3333333333333333,0.0,0.0,0.0
64,14,120,121,68,2,0,4,0,1.3333333333333333,0.0,0.0,0.0
64,14,120,121,69,1,0,3,0,0.75,0.0,0.0,0.0
64,14,128,129,58,1,0,5,0,0.8333333333333334,0.0,0.0,0.0
64,14,128,129,60,1,0,6,0,0.8571428571428571,0.0,0.0,0.0
64,14,128,129,61,1,0,7,0,0.875,0.0,0.0,0.0
64,14,128,129,62,1,0,8,0,0.8888888888888888,0.0,0.0,0.0
64,14,128,129,64,2,0,9,0,1.6363636363636365,0.0,0.0,0.0
64,14,128,129,65,1,0,10,0,0.9090909090909091,0.0,0.0,0.0
64,14,128,129,66,1,0,10,0,0.9090909090909091,0.0,0.0,0.0
64,14,128,129,68,1,0,11,0,0.9166666666666666,0.0,0.0,0.0
64,14,128,129,69,1,0,10,0,0.9090909090909091,0.0,0.0,0.0
64,14,128,129,70,1,0,9,0,0.9,0.0,0.0,0.0
64,14,128,129,72,1,0,8,0,0.8888888888888888,0.0,0.0,0.0
64,14,128,129,76,2,0,3,0,1.2,0.0,0.0,0.0
64,14,136,137,64,1,0,11,0,0.9166666666666666,0.0,0.0,0.0
64,14,136,137,66,1,0,12,0,0.9230769230769231,0.0,0.0,0.0
64,15,24,25,18,1,0,1,0,0.5,0.0,0.0,0.0
64,15,24,25,19,8,7,2,0,1.6,0.875,0.0,0.875
64,15,24,25,20,3,0,9,0,2.25,0.0,0.0,0.0
64,15,24,25,21,5,2,12,0,3.5294117647058822,0.4,0.0,0.4
64,15,32,33,23,2,2,1,0,0.6666666666666666,1.0,0.0,1.0
64,15,32,33,24,1,0,3,0,0.75,0.0,0.0,0.0
64,15,32,33,25,7,7,4,0,2.5454545454545454,1.0,0.0,1.0
64,15,32,33,26,6,0,7,0,3.230769230769231,0.0,0.0,0.0
64,15,32,33,27,6,0,10,0,3.75,0.0,0.0,0.0
64,15,40,41,10,1,0,1,0,0.5,0.0,0.0,0.0
64,15,40,41,11,4,0,1,0,0.8,0.0,0.0,0.0
64,15,40,41,12,1,0,4,0,0.8,0.0,0.0,0.0
64,15,40,41,13,3,0,4,0,1.7142857142857142,0.0,0.0,0.0
64,15,40,41,15,4,0,4,0,2.0,0.0,0.0,0.0
64,15,40,41,16,1,0,5,0,0.8333333333333334,0.0,0.0,0.0
64,15,40,41,30,2,0,2,0,1.0,0.0,0.0,0.0
64,15,40,41,31,11,9,4,0,2.933333333333333,0.8181818181818182,0.0,0.8181818181818182
64,15,40,41,32,3,0,14,0,2.4705882352941178,0.0,0.0,0.0
64,15,48,49,5,1,0,1,0,0.5,0.0,0.0,0.0
64,15,48,49,6,1,0,2,0,0.6666666666666666,0.0,0.0,0.0
64,15,48,49,7,4,0,3,0,1.7142857142857142,0.0,0.0,0.0
64,15,48,49,9,4,0,7,0,2.5454545454545454,0.0,0.0,0.0
64,15,48,49,11,2,0,12,0,1.7142857142857142,0.0,0.0,0.0
64,15,48,49,12,1,0,13,0,0.9285714285714286,0.0,0.0,0.0
64,15,48,49,13,2,0,12,0,1.7142857142857142,0.0,0.0,0.0
64,15,48,49,15,1,0,11,0,0.9166666666666666,0.0,0.0,0.0
64,15,48,49,21,5,0,1,0,0.8333333333333334,0.0,0.0,0.0
64,15,48,49,33,3,2,1,0,0.75,0.6666666666666666,0.0,0.6666666666666666
64,15,48,49,35,5,3,2,0,1.4285714285714286,0.6,0.0,0.6
64,15,48,49,36,2,0,4,0,1.3333333333333333,0.0,0.0,0.0
64,15,48,49,37,13,8,3,0,2.4375,0.6153846153846154,0.0,0.6153846153846154
64,15,56,57,2,1,0,1,0,0.5,0.0,0.0,0.0
64,15,56,57,3,2,0,2,0,1.0,0.0,0.0,0.0
64,15,56,57,5,1,0,6,0,0.8571428571428571,0.0,0.0,0.0
64,15,56,57,7,2,0,9,0,1.6363636363636365,0.0,0.0,0.0
64,15,56,57,14,1,0,16,0,0.9411764705882353,0.0,0.0,0.0
64,15,56,57,42,1,0,1,0,0.5,0.0,0.0,0.0
64,15,56,57,43,2,1,1,0,0.6666666666666666,0.5,0.0,0.5
64,15,56,57,45,2,2,1,0,0.6666666666666666,1.0,0.0,1.0
64,15,64,65,16,2,0,14,0,1.75,0.0,0.0,0.0
64,15,64,65,17,3,0,11,0,2.357142857142857,0.0,0.0,0.0
64,15,64,65,19,2,0,8,0,1.6,0.0,0.0,0.0
64,15,64,65,51,2,1,2,0,1.0,0.5,0.0,0.5
64,15,72,73,17,1,0,15,0,0.9375,0.0,0.0,0.0
64,15,72,73,18,1,0,14,0,0.9333333333333333,0.0,0.0,0.0
64,15,72,73,19,1,0,14,0,0.9333333333333333,0.0,0.0,0.0
64,15,72,73,21,2,0,12,0,1.7142857142857142,0.0,0.0,0.0
64,15,72,73,22,2,0,10,0,1.6666666666666667,0.0,0.0,0.0
64,15,72,73,23,5,0,5,0,2.5,0.0,0.0,0.0
64,15,72,73,24,2,0,4,0,1.3333333333333333,0.0,0.0,0.0
64,15,72,73,25,3,0,2,0,1.2,0.0,0.0,0.0
64,15,72,73,51,1,0,1,0,0.5,0.0,0.0,0.0
64,15,72,73,52,1,0,2,0,0.6666666666666666,0.0,0.0,0.0
64,15,72,73,53,2,1,3,0,1.2,0.5,0.0,0.5
64,15,72,73,54,1,0,5,0,0.8333333333333334,0.0,0.0,0.0
64,15,72,73,55,1,0,6,0,0.8571428571428571,0.0,0.0,0.0
64,15,72,73,56,1,0,7,0,0.875,0.0,0.0,0.0
64,15,72,73,57,1,0,8,0,0.8888888888888888,0.0,0.0,0.0
64,15,72,73,58,1,0,9,0,0.9,0.0,0.0,0.0
64,15,72,73,59,2,1,10,0,1.6666666666666667,0.5,0.0,0.5
64,15,80,81,19,1,0,16,0,0.9411764705882353,0.0,0.0,0.0
64,15,80,81,20,1,0,15,0,0.9375,0.0,0.0,0.0
64,15,80,81,21,1,0,14,0,0.9333333333333333,0.0,0.0,0.0
64,15,80,81,23,2,0,12,0,1.7142857142857142,0.0,0.0,0.0
64,15,80,81,24,3,0,9,0,2.25,0.0,0.0,0.0
64,15,80,81,25,3,0,6,0,2.0,0.0,0.0,0.0
64,15,80,81,26,2,0,5,0,1.4285714285714286,0.0,0.0,0.0
64,15,80,81,27,3,0,3,0,1.5,0.0,0.0,0.0
64,15,80,81,28,2,0,3,0,1.2,0.0,0.0,0.0
64,15,80,81,29,3,0,1,0,0.75,0.0,0.0,0.0
64,15,80,81,51,1,0,1,0,0.5,0.0,0.0,0.0
64,15,80,81,52,1,0,2,0,0.6666666666666666,0.0,0.0,0.0
64,15,80,81,53,1,0,3,0,0.75,0.0,0.0,0.0
64,15,80,81,54,1,0,4,0,0.8,0.0,0.0,0.0
64,15,80,81,55,1,0,5,0,0.8333333333333334,0.0,0.0,0.0
64,15,80,81,56,1,0,6,0,0.8571428571428571,0.0,0.0,0.0
64,15,80,81,57,1,0,7,0,0.875,0.0,0.0,0.0
64,15,80,81,58,1,0,8,0,0.8888888888888888,0.0,0.0,0.0
64,15,80,81,59,1,0,9,0,0.9,0.0,0.0,0.0
64,15,80,81,60,1,0,10,0,0.9090909090909091,0.0,0.0,0.0
64,15,80,81,61,1,0,11,0,0.9166666666666666,0.0,0.0,0.0
64,15,80,81,62,1,0,11,0,0.9166666666666666,0.0,0.0,0.0
64,15,80,81,63,2,1,11,0,1.6923076923076923,0.5,0.0,0.5
64,15,80,81,64,1,0,12,0,0.9230769230769231,0.0,0.0,0.0
64,15,88,89,26,1,0,15,0,0.9375,0.0,0.0,0.0
64,15,88,89,27,2,0,13,0,1.7333333333333334,0.0,0.0,0.0
64,15,88,89,28,1,0,13,0,0.9285714285714286,0.0,0.0,0.0
64,15,88,89,29,2,0,11,0,1.6923076923076923,0.0,0.0,0.0
64,15,88,89,30,1,0,9,0,0.9,0.0,0.0,0.0
64,15,88,89,31,4,0,4,0,2.0,0.0,0.0,0.0
64,15,88,89,32,2,0,1,0,0.6666666666666666,0.0,0.0,0.0
64,15,88,89,53,2,1,1,0,0.6666666666666666,0.5,0.0,0.5
64,15,88,89,55,2,1,3,0,1.2,0.5,0.0,0.5
64,15,88,89,56,1,0,5,0,0.8333333333333334,0.0,0.0,0.0
64,15,88,89,57,1,0,6,0,0.8571428571428571,0.0,0.0,0.0
64,15,88,89,58,1,0,7,0,0.875,0.0,0.0,0.0
64,15,88,89,59,2,1,8,0,1.6,0.5,0.0,0.5
64,15,88,89,60,1,0,10,0,0.9090909090909091,0.0,0.0,0.0
64,15,88,89,61,1,0,11,0,0.9166666666666666,0.0,0.0,0.0
64,15,88,89,62,1,0,11,0,0.9166666666666666,0.0,0.0,0.0
64,15,88,89,63,1,0,11,0,0.9166666666666666,0.0,0.0,0.0
64,15,88,89,64,1,0,11,0,0.9166666666666666,0.0,0.0,0.0
64,15,88,89,65,1,0,11,0,0.9166666666666666,0.0,0.0,0.0
64,15,96,97,27,1,0,15,0,0.9375,0.0,0.0,0.0
64,15,96,97,54,1,0,1,0,0.5,0.0,0.0,0.0
64,15,96,97,55,1,0,2,0,0.6666666666666666,0.0,0.0,0.0
64,15,96,97,56,1,0,3,0,0.75,0.0,0.0,0.0
64,15,96,97,57,1,0,4,0,0.8,0.0,0.0,0.0
64,15,96,97,58,1,0,5,0,0.8333333333333334,0.0,0.0,0.0
64,15,96,97,59,2,1,6,0,1.5,0.5,0.0,0.5
64,15,96,97,60,1,0,8,0,0.8888888888888888,0.0,0.0,0.0
64,15,96,97,61,1,0,9,0,0.9,0.0,0.0,0.0
64,15,96,97,62,2,0,9,0,1.6363636363636365,0.0,0.0,0.0
64,15,96,97,63,1,0,10,0,0.9090909090909091,0.0,0.0,0.0
64,15,96,97,64,1,0,10,0,0.9090909090909091,0.0,0.0,0.0
64,15,96,97,65,1,0,10,0,0.9090909090909091,0.0,0.0,0.0
64,15,96,97,66,1,0,10,0,0.9090909090909091,0.0,0.0,0.0
64,15,104,105,27,1,0,15,0,0.9375,0.0,0.0,0.0
64,15,104,105,55,1,1,1,0,0.5,1.0,0.0,1.0
64,15,104,105,57,1,1,2,0,0.6666666666666666,1.0,0.0,1.0
64,15,104,105,59,2,2,3,0,1.2,1.0,0.0,1.0
64,15,104,105,61,2,2,5,0,1.4285714285714286,1.0,0.0,1.0
64,15,104,105,62,1,0,6,0,0.8571428571428571,0.0,0.0,0.0
64,15,104,105,63,2,1,6,0,1.5,0.5,0.0,0.5
64,15,104,105,64,1,0,7,0,0.875,0.0,0.0,0.0
64,15,104,105,65,2,1,7,0,1.5555555555555556,0.5,0.0,0.5
64,15,104,105,66,1,0,8,0,0.8888888888888888,0.0,0.0,0.0
64,15,104,105,67,2,0,8,0,1.6,0.0,0.0,0.0
64,15,112,113,28,1,0,15,0,0.9375,0.0,0.0,0.0
64,15,112,113,29,1,0,14,0,0.9333333333333333,0.0,0.0,0.0
64,15,112,113,30,1,0,12,0,0.9230769230769231,0.0,0.0,0.0
64,15,112,113,31,1,0,10,0,0.9090909090909091,0.0,0.0,0.0
64,15,112,113,32,1,0,8,0,0.8888888888888888,0.0,0.0,0.0
64,15,112,113,33,1,0,6,0,0.8571428571428571,0.0,0.0,0.0
64,15,112,113,34,1,0,5,0,0.8333333333333334,0.0,0.0,0.0
64,15,112,113,35,1,0,4,0,0.8,0.0,0.0,0.0
64,15,112,113,37,1,0,2,0,0.6666666666666666,0.0,0.0,0.0
64,15,112,113,69,7,3,1,0,0.875,0.42857142857142855,0.0,0.42857142857142855
64,15,120,121,29,3,0,14,0,2.4705882352941178,0.0,0.0,0.0
64,15,120,121,30,2,0,12,0,1.7142857142857142,0.0,0.0,0.0
64,15,120,121,31,1,0,11,0,0.9166666666666666,0.0,0.0,0.0
64,15,120,121,32,2,0,9,0,1.6363636363636365,0.0,0.0,0.0
64,15,120,121,33,2,0,7,0,1.5555555555555556,0.0,0.0,0.0
64,15,120,121,34,2,0,6,0,1.5,0.0,0.0,0.0
64,15,120,121,35,2,0,5,0,1.4285714285714286,0.0,0.0,0.0
64,15,120,121,36,2,0,4,0,1.3333333333333333,0.0,0.0,0.0
64,15,120,121,37,2,0,3,0,1.2,0.0,0.0,0.0
64,15,120,121,38,2,0,2,0,1.0,0.0,0.0,0.0
64,15,120,121,74,1,0,1,0,0.5,0.0,0.0,0.0
64,15,120,121,75,1,1,1,0,0.5,1.0,0.0,1.0
64,15,128,129,29,2,0,15,0,1.7647058823529411,0.0,0.0,0.0
64,15,128,129,30,1,0,14,0,0.9333333333333333,0.0,0.0,0.0
64,15,128,129,31,3,0,11,0,2.357142857142857,0.0,0.0,0.0
64,15,128,129,32,1,0,10,0,0.9090909090909091,0.0,0.0,0.0
64,15,128,129,33,3,0,7,0,2.1,0.0,0.0,0.0
64,15,128,129,34,2,0,6,0,1.5,0.0,0.0,0.0
64,15,128,129,35,2,0,5,0,1.4285714285714286,0.0,0.0,0.0
64,15,128,129,36,2,0,4,0,1.3333333333333333,0.0,0.0,0.0
64,15,128,129,37,2,0,3,0,1.2,0.0,0.0,0.0
64,15,128,129,38,2,0,2,0,1.0,0.0,0.0,0.0
64,15,128,129,39,2,0,1,0,0.6666666666666666,0.0,0.0,0.0
64,15,136,137,30,1,0,16,0,0.9411764705882353,0.0,0.0,0.0
64,15,136,137,31,2,0,14,0,1.75,0.0,0.0,0.0
64,15,136,137,32,2,0,12,0,1.7142857142857142,0.0,0.0,0.0
64,15,136,137,33,2,0,10,0,1.6666666666666667,0.0,0.0,0.0
64,15,136,137,34,2,0,9,0,1.6363636363636365,0.0,0.0,0.0
64,15,136,137,35,3,0,7,0,2.1,0.0,0.0,0.0
64,15,136,137,36,2,0,6,0,1.5,0.0,0.0,0.0
64,15,136,137,37,2,0,5,0,1.4285714285714286,0.0,0.0,0.0
64,15,136,137,38,2,0,4,0,1.3333333333333333,0.0,0.0,0.0
64,15,136,137,39,4,0,1,0,0.8,0.0,0.0,0.0
64,15,144,145,31,2,0,15,0,1.7647058823529411,0.0,0.0,0.0
64,15,144,145,32,1,0,14,0,0.9333333333333333,0.0,0.0,0.0
64,15,144,145,33,1,0,13,0,0.9285714285714286,0.0,0.0,0.0
64,15,144,145,34,1,0,13,0,0.9285714285714286,0.0,0.0,0.0
64,15,144,145,35,2,0,12,0,1.7142857142857142,0.0,0.0,0.0
64,15,144,145,36,1,0,12,0,0.9230769230769231,0.0,0.0,0.0
64,15,144,145,37,4,0,9,0,2.769230769230769,0.0,0.0,0.0
64,15,144,145,38,2,0,8,0,1.6,0.0,0.0,0.0
64,15,144,145,39,4,0,5,0,2.2222222222222223,0.0,0.0,0.0
64,15,144,145,40,2,0,4,0,1.3333333333333333,0.0,0.0,0.0
64,15,152,153,32,1,0,16,0,0.9411764705882353,0.0,0.0,0.0
64,15,152,153,33,1,0,15,0,0.9375,0.0,0.0,0.0
64,15,152,153,34,1,0,15,0,0.9375,0.0,0.0,0.0
64,15,152,153,35,1,0,15,0,0.9375,0.0,0.0,0.0
64,15,152,153,36,1,0,15,0,0.9375,0.0,0.0,0.0
64,15,152,153,37,1,0,14,0,0.9333333333333333,0.0,0.0,0.0
64,15,152,153,38,1,0,13,0,0.9285714285714286,0.0,0.0,0.0
64,15,152,153,39,1,0,12,0,0.9230769230769231,0.0,0.0,0.0
64,15,152,153,40,1,0,11,0,0.9166666666666666,0.0,0.0,0.0
64,15,152,153,41,2,0,8,0,1.6,0.0,0.0,0.0
64,15,152,153,42,1,0,6,0,0.8571428571428571,0.0,0.0,0.0
64,15,152,153,43,2,0,3,0,1.2,0.0,0.0,0.0
64,15,160,161,34,1,0,17,0,0.9444444444444444,0.0,0.0,0.0
64,15,160,161,36,1,0,16,0,0.9411764705882353,0.0,0.0,0.0
64,15,160,161,45,2,0,1,0,0.6666666666666666,0.0,0.0,0.0
64,15,232,233,49,1,0,1,0,0.5,0.0,0.0,0.0
64,15,232,233,50,1,0,1,0,0.5,0.0,0.0,0.0
64,15,232,233,51,1,0,1,0,0.5,0.0,0.0,0.0
64,15,240,241,49,1,0,1,0,0.5,0.0,0.0,0.0
64,15,240,241,50,1,0,1,0,0.5,0.0,0.0,0.0
64,15,240,241,59,1,0,1,0,0.5,0.0,0.0,0.0
64,15,240,241,60,1,0,1,0,0.5,0.0,0.0,0.0
64,15,240,241,61,1,0,1,0,0.5,0.0,0.0,0.0
64,15,248,249,49,1,0,1,0,0.5,0.0,0.0,0.0
64,15,248,249,50,1,0,1,0,0.5,0.0,0.0,0.0
64,15,248,249,51,1,0,1,0,0.5,0.0,0.0,0.0
64,15,248,249,52,1,0,1,0,0.5,0.0,0.0,0.0
64,15,248,249,53,1,0,1,0,0.5,0.0,0.0,0.0
64,15,248,249,54,1,0,1,0,0.5,0.0,0.0,0.0
64,15,248,249,55,1,0,1,0,0.5,0.0,0.0,0.0
64,15,248,249,56,1,0,1,0,0.5,0.0,0.0,0.0
64,15,248,249,57,1,0,1,0,0.5,0.0,0.0,0.0
64,15,248,249,58,1,0,1,0,0.5,0.0,0.0,0.0
64,15,248,249,59,1,0,1,0,0.5,0.0,0.0,0.0
64,15,248,249,60,1,0,1,0,0.5,0.0,0.0,0.0
64,15,248,249,61,1,0,1,0,0.5,0.0,0.0,0.0
64,15,248,249,62,1,0,1,0,0.5,0.0,0.0,0.0
64,15,248,249,63,1,0,1,0,0.5,0.0,0.0,0.0
64,16,16,17,14,1,0,4,0,0.8,0.0,0.0,0.0
64,16,16,17,15,20,10,5,0,4.0,0.5,0.0,0.5
64,16,24,25,20,9,1,14,0,5.478260869565218,0.1111111111111111,0.0,0.1111111111111111
64,16,24,25,21,11,4,23,0,7.4411764705882355,0.36363636363636365,0.0,0.36363636363636365
64,16,32,33,3,1,0,4,0,0.8,0.0,0.0,0.0
64,16,32,33,4,5,0,4,0,2.2222222222222223,0.0,0.0,0.0
64,16,32,33,5,1,0,8,0,0.8888888888888888,0.0,0.0,0.0
64,16,32,33,6,5,0,6,0,2.727272727272727,0.0,0.0,0.0
64,16,32,33,7,2,0,9,0,1.6363636363636365,0.0,0.0,0.0
64,16,32,33,8,9,0,3,0,2.25,0.0,0.0,0.0
64,16,32,33,9,1,0,3,0,0.75,0.0,0.0,0.0
64,16,32,33,26,5,0,6,0,2.727272727272727,0.0,0.0,0.0
64,16,32,33,27,23,18,8,0,5.935483870967742,0.782608695652174,0.0,0.782608695652174
64,16,40,41,6,1,0,21,0,0.9545454545454546,0.0,0.0,0.0
64,16,40,41,8,3,0,20,0,2.608695652173913,0.0,0.0,0.0
64,16,40,41,10,2,0,15,0,1.7647058823529411,0.0,0.0,0.0
64,16,40,41,12,2,0,8,0,1.6,0.0,0.0,0.0
64,16,40,41,14,3,0,3,0,1.5,0.0,0.0,0.0
64,16,40,41,16,1,0,1,0,0.5,0.0,0.0,0.0
64,16,40,41,17,1,0,1,0,0.5,0.0,0.0,0.0
64,16,40,41,32,2,0,1,0,0.6666666666666666,0.0,0.0,0.0
64,16,40,41,33,9,3,1,0,0.9,0.3333333333333333,0.0,0.3333333333333333
64,16,40,41,34,1,0,7,0,0.875,0.0,0.0,0.0
64,16,40,41,35,5,2,5,0,2.5,0.4,0.0,0.4
64,16,40,41,37,2,0,4,0,1.3333333333333333,0.0,0.0,0.0
64,16,48,49,7,1,0,23,0,0.9583333333333334,0.0,0.0,0.0
64,16,48,49,12,1,0,10,0,0.9090909090909091,0.0,0.0,0.0
64,16,48,49,14,1,0,6,0,0.8571428571428571,0.0,0.0,0.0
64,16,48,49,19,1,0,5,0,0.8333333333333334,0.0,0.0,0.0
64,16,48,49,20,1,0,5,0,0.8333333333333334,0.0,0.0,0.0
64,16,48,49,22,2,0,5,0,1.4285714285714286,0.0,0.0,0.0
64,16,48,49,23,1,0,5,0,0.8333333333333334,0.0,0.0,0.0
64,16,48,49,24,2,0,4,0,1.3333333333333333,0.0,0.0,0.0
64,16,48,49,25,1,0,4,0,0.8,0.0,0.0,0.0
64,16,48,49,26,2,0,3,0,1.2,0.0,0.0,0.0
64,16,48,49,28,4,0,1,0,0.8,0.0,0.0,0.0
64,16,48,49,29,2,0,2,0,1.0,0.0,0.0,0.0
64,16,48,49,30,1,0,3,0,0.75,0.0,0.0,0.0
64,16,48,49,31,2,0,3,0,1.2,0.0,0.0,0.0
64,16,48,49,32,1,0,4,0,0.8,0.0,0.0,0.0
64,16,48,49,33,2,0,4,0,1.3333333333333333,0.0,0.0,0.0
64,16,48,49,34,1,0,5,0,0.8333333333333334,0.0,0.0,0.0
64,16,48,49,36,1,0,4,0,0.8,0.0,0.0,0.0
64,16,48,49,37,1,0,4,0,0.8,0.0,0.0,0.0
64,16,48,49,39,1,1,3,0,0.75,1.0,0.0,1.0
64,16,56,57,8,2,0,24,0,1.8461538461538463,0.0,0.0,0.0
64,16,56,57,9,2,0,22,0,1.8333333333333333,0.0,0.0,0.0
64,16,56,57,10,2,0,19,0,1.8095238095238095,0.0,0.0,0.0
64,16,56,57,11,2,0,16,0,1.7777777777777777,0.0,0.0,0.0
64,16,56,57,12,3,0,11,0,2.357142857142857,0.0,0.0,0.0
64,16,56,57,13,2,0,11,0,1.6923076923076923,0.0,0.0,0.0
64,16,56,57,14,3,0,9,0,2.25,0.0,0.0,0.0
64,16,56,57,16,2,0,6,0,1.5,0.0,0.0,0.0
64,16,56,57,18,4,0,6,0,2.4,0.0,0.0,0.0
64,16,56,57,19,1,0,7,0,0.875,0.0,0.0,0.0
64,16,56,57,20,2,0,7,0,1.5555555555555556,0.0,0.0,0.0
64,16,56,57,24,1,0,10,0,0.9090909090909091,0.0,0.0,0.0
64,16,56,57,26,2,0,11,0,1.6923076923076923,0.0,0.0,0.0
64,16,56,57,28,2,0,12,0,1.7142857142857142,0.0,0.0,0.0
64,16,56,57,30,2,0,12,0,1.7142857142857142,0.0,0.0,0.0
64,16,56,57,32,1,0,10,0,0.9090909090909091,0.0,0.0,0.0
64,16,56,57,41,1,0,1,0,0.5,0.0,0.0,0.0
64,16,56,57,42,1,0,1,0,0.5,0.0,0.0,0.0
64,16,56,57,43,1,0,2,0,0.6666666666666666,0.0,0.0,0.0
64,16,56,57,44,1,0,3,0,0.75,0.0,0.0,0.0
64,16,56,57,45,2,1,4,0,1.3333333333333333,0.5,0.0,0.5
64,16,56,57,46,1,0,6,0,0.8571428571428571,0.0,0.0,0.0
64,16,56,57,47,2,1,7,0,1.5555555555555556,0.5,0.0,0.5
64,16,64,65,10,1,0,24,0,0.96,0.0,0.0,0.0
64,16,64,65,11,2,0,21,0,1.826086956521739,0.0,0.0,0.0
64,16,64,65,12,1,0,18,0,0.9473684210526315,0.0,0.0,0.0
64,16,64,65,13,2,0,18,0,1.8,0.0,0.0,0.0
64,16,64,65,14,3,0,16,0,2.526315789473684,0.0,0.0,0.0
64,16,64,65,15,1,0,17,0,0.9444444444444444,0.0,0.0,0.0
64,16,64,65,16,6,0,12,0,4.0,0.0,0.0,0.0
64,16,64,65,17,2,0,13,0,1.7333333333333334,0.0,0.0,0.0
64,16,64,65,18,5,0,13,0,3.611111111111111,0.0,0.0,0.0
64,16,64,65,19,2,0,15,0,1.7647058823529411,0.0,0.0,0.0
64,16,64,65,20,2,0,17,0,1.7894736842105263,0.0,0.0,0.0
64,16,64,65,21,2,0,19,0,1.8095238095238095,0.0,0.0,0.0
64,16,64,65,22,3,0,20,0,2.608695652173913,0.0,0.0,0.0
64,16,64,65,23,3,0,21,0,2.625,0.0,0.0,0.0
64,16,64,65,24,9,0,14,0,5.478260869565218,0.0,0.0,0.0
64,16,64,65,25,4,0,15,0,3.1578947368421053,0.0,0.0,0.0
64,16,64,65,26,7,0,13,0,4.55,0.0,0.0,0.0
64,16,64,65,41,1,0,1,0,0.5,0.0,0.0,0.0
64,16,64,65,43,1,0,1,0,0.5,0.0,0.0,0.0
64,16,64,65,44,1,0,2,0,0.6666666666666666,0.0,0.0,0.0
64,16,64,65,45,1,0,3,0,0.75,0.0,0.0,0.0
64,16,64,65,47,1,1,4,0,0.8,1.0,0.0,1.0
64,16,64,65,49,2,2,5,0,1.4285714285714286,1.0,0.0,1.0
64,16,64,65,51,3,1,7,0,2.1,0.3333333333333333,0.0,0.3333333333333333
64,16,64,65,52,3,0,9,0,2.25,0.0,0.0,0.0
64,16,64,65,53,3,2,11,0,2.357142857142857,0.6666666666666666,0.0,0.6666666666666666
64,16,72,73,13,1,0,23,0,0.9583333333333334,0.0,0.0,0.0
64,16,72,73,14,1,0,22,0,0.9565217391304348,0.0,0.0,0.0
64,16,72,73,16,1,0,22,0,0.9565217391304348,0.0,0.0,0.0
64,16,72,73,18,2,0,26,0,1.8571428571428572,0.0,0.0,0.0
64,16,72,73,20,2,0,30,0,1.875,0.0,0.0,0.0
64,16,72,73,22,5,0,31,0,4.305555555555555,0.0,0.0,0.0
64,16,72,73,23,1,0,32,0,0.9696969696969697,0.0,0.0,0.0
64,16,72,73,24,6,0,27,0,4.909090909090909,0.0,0.0,0.0
64,16,72,73,25,2,0,26,0,1.8571428571428572,0.0,0.0,0.0
64,16,72,73,32,6,0,11,0,3.8823529411764706,0.0,0.0,0.0
64,16,72,73,56,2,0,5,0,1.4285714285714286,0.0,0.0,0.0
64,16,72,73,57,4,2,6,0,2.4,0.5,0.0,0.5
64,16,80,81,37,1,0,5,0,0.8333333333333334,0.0,0.0,0.0
64,16,80,81,61,2,1,1,0,0.6666666666666666,0.5,0.0,0.5
64,16,80,81,62,1,0,2,0,0.6666666666666666,0.0,0.0,0.0
64,16,80,81,63,2,2,4,0,1.3333333333333333,1.0,0.0,1.0
64,16,80,81,65,1,0,8,0,0.8888888888888888,0.0,0.0,0.0
64,16,88,89,38,1,0,4,0,0.8,0.0,0.0,0.0
64,16,96,97,40,2,0,2,0,1.0,0.0,0.0,0.0
64,16,96,97,41,1,0,1,0,0.5,0.0,0.0,0.0
64,16,96,97,51,1,0,1,0,0.5,0.0,0.0,0.0
64,16,96,97,64,2,0,1,0,0.6666666666666666,0.0,0.0,0.0
64,16,96,97,65,3,2,3,0,1.5,0.6666666666666666,0.0,0.6666666666666666
64,16,96,97,66,1,0,6,0,0.8571428571428571,0.0,0.0,0.0
64,16,96,97,67,3,2,7,0,2.1,0.6666666666666666,0.0,0.6666666666666666
64,16,96,97,68,2,0,10,0,1.6666666666666667,0.0,0.0,0.0
64,16,96,97,69,3,2,11,0,2.357142857142857,0.6666666666666666,0.0,0.6666666666666666
64,16,104,105,45,1,0,6,0,0.8571428571428571,0.0,0.0,0.0
64,16,104,105,47,3,0,5,0,1.875,0.0,0.0,0.0
64,16,104,105,48,6,0,1,0,0.8571428571428571,0.0,0.0,0.0
64,16,104,105,49,3,0,1,0,0.75,0.0,0.0,0.0
64,16,104,105,50,1,0,1,0,0.5,0.0,0.0,0.0
64,16,104,105,51,1,0,1,0,0.5,0.0,0.0,0.0
64,16,104,105,52,1,0,1,0,0.5,0.0,0.0,0.0
64,16,104,105,53,1,0,1,0,0.5,0.0,0.0,0.0
64,16,104,105,65,2,1,2,0,1.0,0.5,0.0,0.5
64,16,104,105,66,2,0,4,0,1.3333333333333333,0.0,0.0,0.0
64,16,104,105,67,2,1,6,0,1.5,0.5,0.0,0.5
64,16,104,105,68,2,0,8,0,1.6,0.0,0.0,0.0
64,16,104,105,69,2,0,9,0,1.6363636363636365,0.0,0.0,0.0
64,16,104,105,70,2,0,10,0,1.6666666666666667,0.0,0.0,0.0
64,16,104,105,71,2,0,10,0,1.6666666666666667,0.0,0.0,0.0
64,16,104,105,72,2,0,10,0,1.6666666666666667,0.0,0.0,0.0
64,16,104,105,73,2,0,10,0,1.6666666666666667,0.0,0.0,0.0
64,16,104,105,74,2,0,10,0,1.6666666666666667,0.0,0.0,0.0
64,16,104,105,75,2,0,10,0,1.6666666666666667,0.0,0.0,0.0
64,16,104,105,76,2,0,10,0,1.6666666666666667,0.0,0.0,0.0
64,16,104,105,77,2,0,10,0,1.6666666666666667,0.0,0.0,0.0
64,16,104,105,78,3,0,10,0,2.3076923076923075,0.0,0.0,0.0
64,16,104,105,79,1,0,11,0,0.9166666666666666,0.0,0.0,0.0
64,16,112,113,48,1,0,9,0,0.9,0.0,0.0,0.0
64,16,112,113,50,3,0,8,0,2.1818181818181817,0.0,0.0,0.0
64,16,112,113,51,3,0,6,0,2.0,0.0,0.0,0.0
64,16,112,113,52,5,0,2,0,1.4285714285714286,0.0,0.0,0.0
64,16,112,113,53,2,0,2,0,1.0,0.0,0.0,0.0
64,16,112,113,54,1,0,1,0,0.5,0.0,0.0,0.0
64,16,112,113,65,2,0,1,0,0.6666666666666666,0.0,0.0,0.0
64,16,112,113,66,2,0,3,0,1.2,0.0,0.0,0.0
64,16,112,113,67,2,0,5,0,1.4285714285714286,0.0,0.0,0.0
64,16,112,113,68,2,0,7,0,1.5555555555555556,0.0,0.0,0.0
64,16,112,113,69,2,0,8,0,1.6,0.0,0.0,0.0
64,16,112,113,70,2,0,9,0,1.6363636363636365,0.0,0.0,0.0
64,16,112,113,71,3,1,9,0,2.25,0.3333333333333333,0.0,0.3333333333333333
64,16,112,113,72,2,0,10,0,1.6666666666666667,0.0,0.0,0.0
64,16,112,113,73,2,1,10,0,1.6666666666666667,0.5,0.0,0.5
64,16,112,113,74,2,0,10,0,1.6666666666666667,0.0,0.0,0.0
64,16,112,113,75,2,1,10,0,1.6666666666666667,0.5,0.0,0.5
64,16,112,113,76,2,0,10,0,1.6666666666666667,0.0,0.0,0.0
64,16,112,113,77,2,1,10,0,1.6666666666666667,0.5,0.0,0.5
64,16,112,113,78,2,0,10,0,1.6666666666666667,0.0,0.0,0.0
64,16,112,113,79,2,0,10,0,1.6666666666666667,0.0,0.0,0.0
64,16,120,121,54,3,0,10,0,2.3076923076923075,0.0,0.0,0.0
64,16,120,121,56,3,0,7,0,2.1,0.0,0.0,0.0
64,16,120,121,58,3,0,5,0,1.875,0.0,0.0,0.0
64,16,120,121,59,1,0,5,0,0.8333333333333334,0.0,0.0,0.0
64,16,120,121,66,2,0,2,0,1.0,0.0,0.0,0.0
64,16,120,121,67,2,0,4,0,1.3333333333333333,0.0,0.0,0.0
64,16,120,121,68,2,0,6,0,1.5,0.0,0.0,0.0
64,16,120,121,69,2,0,7,0,1.5555555555555556,0.0,0.0,0.0
64,16,120,121,70,2,0,8,0,1.6,0.0,0.0,0.0
64,16,120,121,71,2,0,8,0,1.6,0.0,0.0,0.0
64,16,120,121,72,2,0,8,0,1.6,0.0,0.0,0.0
64,16,120,121,73,2,1,8,0,1.6,0.5,0.0,0.5
64,16,120,121,74,1,0,8,0,0.8888888888888888,0.0,0.0,0.0
64,16,120,121,75,2,0,7,0,1.5555555555555556,0.0,0.0,0.0
64,16,120,121,76,2,0,7,0,1.5555555555555556,0.0,0.0,0.0
64,16,120,121,77,2,0,7,0,1.5555555555555556,0.0,0.0,0.0
64,16,120,121,78,2,0,7,0,1.5555555555555556,0.0,0.0,0.0
64,16,120,121,79,3,0,7,0,2.1,0.0,0.0,0.0
64,16,120,121,80,2,0,8,0,1.6,0.0,0.0,0.0
64,16,128,129,60,1,0,6,0,0.8571428571428571,0.0,0.0,0.0
64,16,128,129,65,1,0,2,0,0.6666666666666666,0.0,0.0,0.0
64,16,128,129,66,2,0,2,0,1.0,0.0,0.0,0.0
64,16,128,129,67,2,2,3,0,1.2,1.0,0.0,1.0
64,16,128,129,69,3,2,4,0,1.7142857142857142,0.6666666666666666,0.0,0.6666666666666666
64,16,128,129,70,1,0,6,0,0.8571428571428571,0.0,0.0,0.0
64,16,128,129,71,3,2,5,0,1.875,0.6666666666666666,0.0,0.6666666666666666
64,16,128,129,72,1,0,6,0,0.8571428571428571,0.0,0.0,0.0
64,16,128,129,73,3,1,5,0,1.875,0.3333333333333333,0.0,0.3333333333333333
64,16,128,129,74,2,0,6,0,1.5,0.0,0.0,0.0
64,16,128,129,75,2,1,6,0,1.5,0.5,0.0,0.5
64,16,128,129,76,1,0,6,0,0.8571428571428571,0.0,0.0,0.0
64,16,128,129,77,3,1,5,0,1.875,0.3333333333333333,0.0,0.3333333333333333
64,16,128,129,78,1,0,6,0,0.8571428571428571,0.0,0.0,0.0
64,16,128,129,79,3,2,5,0,1.875,0.6666666666666666,0.0,0.6666666666666666
64,16,128,129,80,3,0,6,0,2.0,0.0,0.0,0.0
64,16,128,129,81,1,0,7,0,0.875,0.0,0.0,0.0
64,16,136,137,61,1,0,6,0,0.8571428571428571,0.0,0.0,0.0
64,16,136,137,68,1,0,2,0,0.6666666666666666,0.0,0.0,0.0
64,16,136,137,69,2,1,2,0,1.0,0.5,0.0,0.5
64,16,136,137,71,2,1,2,0,1.0,0.5,0.0,0.5
64,16,136,137,73,2,2,2,0,1.0,1.0,0.0,1.0
64,16,136,137,74,2,0,2,0,1.0,0.0,0.0,0.0
64,16,136,137,75,2,2,2,0,1.0,1.0,0.0,1.0
64,16,136,137,76,2,0,1,0,0.6666666666666666,0.0,0.0,0.0
64,16,136,137,78,1,0,1,0,0.5,0.0,0.0,0.0
64,16,136,137,79,1,0,1,0,0.5,0.0,0.0,0.0
64,16,136,137,80,1,0,1,0,0.5,0.0,0.0,0.0
64,16,136,137,81,2,1,1,0,0.6666666666666666,0.5,0.0,0.5
64,16,144,145,62,1,0,5,0,0.8333333333333334,0.0,0.0,0.0
64,16,152,153,62,1,0,5,0,0.8333333333333334,0.0,0.0,0.0
64,16,160,161,63,2,0,5,0,1.4285714285714286,0.0,0.0,0.0
64,16,160,161,64,2,0,4,0,1.3333333333333333,0.0,0.0,0.0
64,16,160,161,65,2,0,3,0,1.2,0.0,0.0,0.0
64,16,160,161,66,2,0,2,0,1.0,0.0,0.0,0.0
64,16,160,161,67,2,0,1,0,0.6666666666666666,0.0,0.0,0.0
64,16,168,169,63,1,0,6,0,0.8571428571428571,0.0,0.0,0.0
64,16,168,169,64,3,0,4,0,1.7142857142857142,0.0,0.0,0.0
64,16,168,169,65,1,0,4,0,0.8,0.0,0.0,0.0
64,16,168,169,66,3,0,2,0,1.2,0.0,0.0,0.0
64,16,168,169,67,2,0,1,0,0.6666666666666666,0.0,0.0,0.0
64,16,168,169,68,2,0,1,0,0.6666666666666666,0.0,0.0,0.0
64,16,168,169,69,2,0,1,0,0.6666666666666666,0.0,0.0,0.0
64,16,168,169,70,2,0,1,0,0.6666666666666666,0.0,0.0,0.0
64,16,168,169,71,2,0,1,0,0.6666666666666666,0.0,0.0,0.0
64,16,168,169,72,2,0,1,0,0.6666666666666666,0.0,0.0,0.0
64,16,168,169,73,2,0,1,0,0.6666666666666666,0.0,0.0,0.0
64,16,168,169,74,2,0,1,0,0.6666666666666666,0.0,0.0,0.0
64,16,176,177,63,2,0,5,0,1.4285714285714286,0.0,0.0,0.0
64,16,176,177,64,2,0,4,0,1.3333333333333333,0.0,0.0,0.0
64,16,176,177,65,2,0,3,0,1.2,0.0,0.0,0.0
64,16,176,177,66,2,0,2,0,1.0,0.0,0.0,0.0
64,16,176,177,67,2,0,1,0,0.6666666666666666,0.0,0.0,0.0
64,16,176,177,68,2,0,1,0,0.6666666666666666,0.0,0.0,0.0
64,16,176,177,69,2,0,1,0,0.6666666666666666,0.0,0.0,0.0
64,16,176,177,70,2,0,1,0,0.6666666666666666,0.0,0.0,0.0
64,16,176,177,71,2,0,1,0,0.6666666666666666,0.0,0.0,0.0
64,16,176,177,72,2,0,1,0,0.6666666666666666,0.0,0.0,0.0
64,16,176,177,73,2,0,1,0,0.6666666666666666,0.0,0.0,0.0
64,16,176,177,74,2,0,1,0,0.6666666666666666,0.0,0.0,0.0
64,16,176,177,75,2,0,1,0,0.6666666666666666,0.0,0.0,0.0
64,16,176,177,76,2,0,1,0,0.6666666666666666,0.0,0.0,0.0
64,16,176,177,77,2,0,1,0,0.6666666666666666,0.0,0.0,0.0
64,16,184,185,63,2,0,5,0,1.4285714285714286,0.0,0.0,0.0
64,16,184,185,64,2,0,4,0,1.3333333333333333,0.0,0.0,0.0
64,16,184,185,65,2,0,3,0,1.2,0.0,0.0,0.0
64,16,184,185,66,2,0,2,0,1.0,0.0,0.0,0.0
64,16,184,185,67,2,0,1,0,0.6666666666666666,0.0,0.0,0.0
64,16,184,185,68,2,0,1,0,0.6666666666666666,0.0,0.0,0.0
64,16,184,185,69,2,0,1,0,0.6666666666666666,0.0,0.0,0.0
64,16,184,185,70,2,0,1,0,0.6666666666666666,0.0,0.0,0.0
64,16,184,185,71,2,0,1,0,0.6666666666666666,0.0,0.0,0.0
64,16,184,185,72,2,0,1,0,0.6666666666666666,0.0,0.0,0.0
64,16,184,185,73,2,0,1,0,0.6666666666666666,0.0,0.0,0.0
64,16,184,185,74,1,0,2,0,0.6666666666666666,0.0,0.0,0.0
64,16,184,185,75,2,0,2,0,1.0,0.0,0.0,0.0
64,16,184,185,76,2,0,2,0,1.0,0.0,0.0,0.0
64,16,184,185,77,2,0,2,0,1.0,0.0,0.0,0.0
64,16,184,185,78,2,0,1,0,0.6666666666666666,0.0,0.0,0.0
64,16,192,193,64,3,0,5,0,1.875,0.0,0.0,0.0
64,16,192,193,65,1,0,5,0,0.8333333333333334,0.0,0.0,0.0
64,16,192,193,66,2,0,4,0,1.3333333333333333,0.0,0.0,0.0
64,16,192,193,67,2,0,3,0,1.2,0.0,0.0,0.0
64,16,192,193,68,4,0,1,0,0.8,0.0,0.0,0.0
64,16,192,193,69,1,0,2,0,0.6666666666666666,0.0,0.0,0.0
64,16,192,193,70,2,0,2,0,1.0,0.0,0.0,0.0
64,16,192,193,71,2,0,2,0,1.0,0.0,0.0,0.0
64,16,192,193,72,2,0,2,0,1.0,0.0,0.0,0.0
64,16,192,193,73,2,0,2,0,1.0,0.0,0.0,0.0
64,16,192,193,74,2,0,2,0,1.0,0.0,0.0,0.0
64,16,192,193,75,1,0,3,0,0.75,0.0,0.0,0.0
64,16,192,193,76,2,0,3,0,1.2,0.0,0.0,0.0
64,16,192,193,77,3,0,2,0,1.2,0.0,0.0,0.0
64,16,192,193,78,2,0,1,0,0.6666666666666666,0.0,0.0,0.0
64,16,200,201,64,1,0,7,0,0.875,0.0,0.0,0.0
64,16,200,201,65,2,0,6,0,1.5,0.0,0.0,0.0
64,16,200,201,66,2,0,5,0,1.4285714285714286,0.0,0.0,0.0
64,16,200,201,67,2,0,4,0,1.3333333333333333,0.0,0.0,0.0
64,16,200,201,68,3,0,3,0,1.5,0.0,0.0,0.0
64,16,200,201,69,2,0,3,0,1.2,0.0,0.0,0.0
64,16,200,201,70,2,0,3,0,1.2,0.0,0.0,0.0
64,16,200,201,71,2,0,3,0,1.2,0.0,0.0,0.0
64,16,200,201,72,2,0,3,0,1.2,0.0,0.0,0.0
64,16,200,201,73,2,0,3,0,1.2,0.0,0.0,0.0
64,16,200,201,74,2,0,3,0,1.2,0.0,0.0,0.0
64,16,200,201,75,2,0,3,0,1.2,0.0,0.0,0.0
64,16,200,201,76,2,0,3,0,1.2,0.0,0.0,0.0
64,16,200,201,77,4,0,1,0,0.8,0.0,0.0,0.0
64,16,208,209,64,1,0,7,0,0.875,0.0,0.0,0.0
64,16,208,209,65,1,0,7,0,0.875,0.0,0.0,0.0
64,16,208,209,66,1,0,7,0,0.875,0.0,0.0,0.0
64,16,208,209,67,2,0,6,0,1.5,0.0,0.0,0.0
64,16,208,209,68,2,0,6,0,1.5,0.0,0.0,0.0
64,16,208,209,69,1,0,7,0,0.875,0.0,0.0,0.0
64,16,208,209,70,2,0,7,0,1.5555555555555556,0.0,0.0,0.0
64,16,208,209,71,1,0,8,0,0.8888888888888888,0.0,0.0,0.0
64,16,208,209,72,8,0,3,0,2.1818181818181817,0.0,0.0,0.0
64,16,208,209,73,2,0,4,0,1.3333333333333333,0.0,0.0,0.0
64,16,208,209,74,3,0,3,0,1.5,0.0,0.0,0.0
64,16,208,209,75,1,0,4,0,0.8,0.0,0.0,0.0
64,16,208,209,76,2,0,4,0,1.3333333333333333,0.0,0.0,0.0
64,16,208,209,77,2,0,4,0,1.3333333333333333,0.0,0.0,0.0
64,16,208,209,78,3,0,2,0,1.2,0.0,0.0,0.0
64,16,216,217,65,2,0,7,0,1.5555555555555556,0.0,0.0,0.0
64,16,216,217,66,2,0,6,0,1.5,0.0,0.0,0.0
64,16,216,217,67,2,0,5,0,1.4285714285714286,0.0,0.0,0.0
64,16,216,217,68,3,0,4,0,1.7142857142857142,0.0,0.0,0.0
64,16,216,217,69,2,0,4,0,1.3333333333333333,0.0,0.0,0.0
64,16,216,217,70,1,0,5,0,0.8333333333333334,0.0,0.0,0.0
64,16,216,217,71,2,1,6,0,1.5,0.5,0.0,0.5
64,16,216,217,72,3,0,7,0,2.1,0.0,0.0,0.0
64,16,216,217,73,2,0,8,0,1.6,0.0,0.0,0.0
64,16,216,217,74,3,0,7,0,2.1,0.0,0.0,0.0
64,16,216,217,75,3,0,7,0,2.1,0.0,0.0,0.0
64,16,216,217,76,2,0,7,0,1.5555555555555556,0.0,0.0,0.0
64,16,216,217,77,1,0,8,0,0.8888888888888888,0.0,0.0,0.0
64,16,216,217,78,2,0,7,0,1.5555555555555556,0.0,0.0,0.0
64,16,216,217,79,3,0,4,0,1.7142857142857142,0.0,0.0,0.0
64,16,216,217,80,2,0,3,0,1.2,0.0,0.0,0.0
64,16,224,225,66,1,0,9,0,0.9,0.0,0.0,0.0
64,16,224,225,68,1,0,11,0,0.9166666666666666,0.0,0.0,0.0
64,16,224,225,69,1,0,12,0,0.9230769230769231,0.0,0.0,0.0
64,16,224,225,70,2,0,11,0,1.6923076923076923,0.0,0.0,0.0
64,16,224,225,71,2,0,11,0,1.6923076923076923,0.0,0.0,0.0
64,16,224,225,72,3,0,11,0,2.357142857142857,0.0,0.0,0.0
64,16,224,225,74,2,0,12,0,1.7142857142857142,0.0,0.0,0.0
64,16,224,225,75,1,0,12,0,0.9230769230769231,0.0,0.0,0.0
64,16,224,225,76,1,0,12,0,0.9230769230769231,0.0,0.0,0.0
64,16,224,225,77,1,0,12,0,0.9230769230769231,0.0,0.0,0.0
64,16,224,225,79,1,0,10,0,0.9090909090909091,0.0,0.0,0.0
64,16,224,225,80,3,0,7,0,2.1,0.0,0.0,0.0
64,16,224,225,81,2,0,5,0,1.4285714285714286,0.0,0.0,0.0
64,17,32,33,25,5,4,2,0,1.4285714285714286,0.8,0.0,0.8
64,17,32,33,26,2,1,7,0,1.5555555555555556,0.5,0.0,0.5
64,17,32,33,27,7,4,7,0,3.5,0.5714285714285714,0.0,0.5714285714285714
64,17,40,41,21,1,0,1,0,0.5,0.0,0.0,0.0
64,17,40,41,22,1,0,2,0,0.6666666666666666,0.0,0.0,0.0
64,17,40,41,23,1,0,3,0,0.75,0.0,0.0,0.0
64,17,40,41,24,1,0,4,0,0.8,0.0,0.0,0.0
64,17,40,41,25,1,0,5,0,0.8333333333333334,0.0,0.0,0.0
64,17,40,41,26,1,0,6,0,0.8571428571428571,0.0,0.0,0.0
64,17,40,41,27,1,0,6,0,0.8571428571428571,0.0,0.0,0.0
64,17,40,41,28,1,0,6,0,0.8571428571428571,0.0,0.0,0.0
64,17,40,41,29,1,0,6,0,0.8571428571428571,0.0,0.0,0.0
64,17,40,41,30,1,0,6,0,0.8571428571428571,0.0,0.0,0.0
64,17,40,41,31,1,0,6,0,0.8571428571428571,0.0,0.0,0.0
64,17,40,41,32,1,0,6,0,0.8571428571428571,0.0,0.0,0.0
64,17,40,41,33,1,1,6,0,0.8571428571428571,1.0,0.0,1.0
64,17,48,49,18,1,0,1,0,0.5,0.0,0.0,0.0
64,17,48,49,19,1,0,2,0,0.6666666666666666,0.0,0.0,0.0
64,17,48,49,20,1,0,3,0,0.75,0.0,0.0,0.0
64,17,48,49,21,1,0,4,0,0.8,0.0,0.0,0.0
64,17,48,49,22,1,0,5,0,0.8333333333333334,0.0,0.0,0.0
64,17,48,49,23,1,0,6,0,0.8571428571428571,0.0,0.0,0.0
64,17,48,49,24,1,0,7,0,0.875,0.0,0.0,0.0
64,17,48,49,25,1,0,8,0,0.8888888888888888,0.0,0.0,0.0
64,17,48,49,26,1,0,9,0,0.9,0.0,0.0,0.0
64,17,48,49,27,1,0,9,0,0.9,0.0,0.0,0.0
64,17,48,49,28,1,0,9,0,0.9,0.0,0.0,0.0
64,17,48,49,29,1,0,9,0,0.9,0.0,0.0,0.0
64,17,64,65,8,2,0,1,0,0.6666666666666666,0.0,0.0,0.0
64,17,64,65,9,5,0,1,0,0.8333333333333334,0.0,0.0,0.0
64,17,64,65,10,1,0,2,0,0.6666666666666666,0.0,0.0,0.0
64,17,64,65,11,3,0,1,0,0.75,0.0,0.0,0.0
64,17,64,65,12,2,0,2,0,1.0,0.0,0.0,0.0
64,17,64,65,13,2,0,2,0,1.0,0.0,0.0,0.0
64,17,64,65,14,1,0,2,0,0.6666666666666666,0.0,0.0,0.0
64,17,64,65,15,1,0,1,0,0.5,0.0,0.0,0.0
64,17,64,65,16,1,0,1,0,0.5,0.0,0.0,0.0
64,17,72,73,2,1,0,1,0,0.5,0.0,0.0,0.0
64,17,72,73,3,3,0,2,0,1.2,0.0,0.0,0.0
64,17,72,73,4,1,0,5,0,0.8333333333333334,0.0,0.0,0.0
64,17,72,73,5,2,0,6,0,1.5,0.0,0.0,0.0
64,17,72,73,7,2,0,8,0,1.6,0.0,0.0,0.0
64,17,72,73,9,2,0,10,0,1.6666666666666667,0.0,0.0,0.0
64,17,72,73,11,4,0,10,0,2.857142857142857,0.0,0.0,0.0
64,17,72,73,12,1,0,11,0,0.9166666666666666,0.0,0.0,0.0
64,17,72,73,13,4,0,8,0,2.6666666666666665,0.0,0.0,0.0
64,17,72,73,14,2,0,7,0,1.5555555555555556,0.0,0.0,0.0
64,17,72,73,15,5,0,3,0,1.875,0.0,0.0,0.0
64,17,72,73,16,2,0,3,0,1.2,0.0,0.0,0.0
64,17,72,73,17,3,0,1,0,0.75,0.0,0.0,0.0
64,17,80,81,19,2,0,6,0,1.5,0.0,0.0,0.0
64,18,16,17,14,1,0,4,0,0.8,0.0,0.0,0.0
64,18,16,17,15,15,9,5,0,3.75,0.6,0.0,0.6
64,18,16,17,16,1,1,20,0,0.9523809523809523,1.0,0.0,1.0
64,18,24,25,20,4,1,2,0,1.3333333333333333,0.25,0.0,0.25
64,18,24,25,21,14,1,4,0,3.111111111111111,0.07142857142857142,0.0,0.07142857142857142
64,18,32,33,25,5,5,1,0,0.8333333333333334,1.0,0.0,1.0
64,18,32,33,26,3,2,5,0,1.875,0.6666666666666666,0.0,0.6666666666666666
64,18,32,33,27,8,5,6,1,3.4285714285714284,0.625,0.16666666666666666,0.45833333333333337
64,18,40,41,3,5,0,6,0,2.727272727272727,0.0,0.0,0.0
64,18,40,41,4,1,0,7,0,0.875,0.0,0.0,0.0
64,18,40,41,5,4,0,5,0,2.2222222222222223,0.0,0.0,0.0
64,18,40,41,6,1,0,6,0,0.8571428571428571,0.0,0.0,0.0
64,18,40,41,7,1,0,6,0,0.8571428571428571,0.0,0.0,0.0
64,18,40,41,8,1,0,6,0,0.8571428571428571,0.0,0.0,0.0
64,18,40,41,9,2,0,5,0,1.4285714285714286,0.0,0.0,0.0
64,18,40,41,11,4,0,3,0,1.7142857142857142,0.0,0.0,0.0
64,18,40,41,12,1,0,3,0,0.75,0.0,0.0,0.0
64,18,40,41,13,2,0,1,0,0.6666666666666666,0.0,0.0,0.0
64,18,40,41,14,1,0,1,0,0.5,0.0,0.0,0.0
64,18,40,41,31,3,3,1,0,0.75,1.0,0.0,1.0
64,18,40,41,32,1,0,4,0,0.8,0.0,0.0,0.0
64,18,40,41,33,11,10,6,0,3.8823529411764706,0.9090909090909091,0.0,0.9090909090909091
64,18,40,41,34,1,0,18,0,0.9473684210526315,0.0,0.0,0.0
64,18,40,41,35,2,2,20,0,1.8181818181818181,1.0,0.0,1.0
64,18,48,49,7,1,0,13,0,0.9285714285714286,0.0,0.0,0.0
64,18,48,49,8,3,0,11,0,2.357142857142857,0.0,0.0,0.0
64,18,48,49,9,4,0,9,0,2.769230769230769,0.0,0.0,0.0
64,18,48,49,11,2,0,8,0,1.6,0.0,0.0,0.0
64,18,48,49,13,1,0,5,0,0.8333333333333334,0.0,0.0,0.0
64,18,48,49,15,1,0,4,0,0.8,0.0,0.0,0.0
64,18,48,49,16,1,0,3,0,0.75,0.0,0.0,0.0
64,18,48,49,17,1,0,2,0,0.6666666666666666,0.0,0.0,0.0
64,18,48,49,18,1,0,1,0,0.5,0.0,0.0,0.0
64,18,48,49,34,1,0,2,0,0.6666666666666666,0.0,0.0,0.0
64,18,48,49,35,4,3,3,0,1.7142857142857142,0.75,0.0,0.75
64,18,48,49,36,3,0,6,0,2.0,0.0,0.0,0.0
64,18,48,49,37,2,2,11,0,1.6923076923076923,1.0,0.0,1.0
64,18,48,49,38,3,0,14,0,2.4705882352941178,0.0,0.0,0.0
64,18,48,49,39,5,2,17,0,3.8636363636363638,0.4,0.0,0.4
64,18,56,57,9,1,0,16,0,0.9411764705882353,0.0,0.0,0.0
64,18,56,57,11,2,0,15,0,1.7647058823529411,0.0,0.0,0.0
64,18,56,57,12,1,0,13,0,0.9285714285714286,0.0,0.0,0.0
64,18,56,57,13,4,0,9,0,2.769230769230769,0.0,0.0,0.0
64,18,56,57,20,1,0,3,0,0.75,0.0,0.0,0.0
64,18,56,57,36,2,0,2,0,1.0,0.0,0.0,0.0
64,18,56,57,37,2,1,4,0,1.3333333333333333,0.5,0.0,0.5
64,18,56,57,38,2,0,6,0,1.5,0.0,0.0,0.0
64,18,56,57,39,3,2,7,0,2.1,0.6666666666666666,0.0,0.6666666666666666
64,18,56,57,40,2,1,9,0,1.6363636363636365,0.5,0.0,0.5
64,18,56,57,41,3,3,9,0,2.25,1.0,0.0,1.0
64,18,56,57,42,3,2,10,0,2.3076923076923075,0.6666666666666666,0.0,0.6666666666666666
64,18,56,57,43,6,3,10,0,3.75,0.5,0.0,0.5
64,18,56,57,44,3,0,13,0,2.4375,0.0,0.0,0.0
64,18,56,57,45,4,2,13,0,3.0588235294117645,0.5,0.0,0.5
64,18,64,65,11,2,0,18,0,1.8,0.0,0.0,0.0
64,18,64,65,12,2,0,17,0,1.7894736842105263,0.0,0.0,0.0
64,18,64,65,13,2,0,15,0,1.7647058823529411,0.0,0.0,0.0
64,18,64,65,14,2,0,13,0,1.7333333333333334,0.0,0.0,0.0
64,18,64,65,15,3,0,10,0,2.3076923076923075,0.0,0.0,0.0
64,18,64,65,16,1,0,9,0,0.9,0.0,0.0,0.0
64,18,64,65,17,3,0,6,0,2.0,0.0,0.0,0.0
64,18,64,65,22,2,0,2,0,1.0,0.0,0.0,0.0
64,18,64,65,46,1,0,2,0,0.6666666666666666,0.0,0.0,0.0
64,18,64,65,47,3,2,2,0,1.2,0.6666666666666666,0.0,0.6666666666666666
64,18,64,65,48,1,0,4,0,0.8,0.0,0.0,0.0
64,18,64,65,49,4,4,4,0,2.0,1.0,0.0,1.0
64,18,64,65,50,1,0,6,0,0.8571428571428571,0.0,0.0,0.0
64,18,64,65,51,3,3,5,0,1.875,1.0,0.0,1.0
64,18,72,73,13,2,0,19,0,1.8095238095238095,0.0,0.0,0.0
64,18,72,73,14,2,0,17,0,1.7894736842105263,0.0,0.0,0.0
64,18,72,73,15,2,0,15,0,1.7647058823529411,0.0,0.0,0.0
64,18,72,73,16,1,0,14,0,0.9333333333333333,0.0,0.0,0.0
64,18,72,73,17,4,0,10,0,2.857142857142857,0.0,0.0,0.0
64,18,72,73,19,5,0,7,0,2.9166666666666665,0.0,0.0,0.0
64,18,72,73,20,1,0,8,0,0.8888888888888888,0.0,0.0,0.0
64,18,72,73,21,3,0,6,0,2.0,0.0,0.0,0.0
64,18,72,73,22,3,0,5,0,1.875,0.0,0.0,0.0
64,18,72,73,23,2,0,4,0,1.3333333333333333,0.0,0.0,0.0
64,18,72,73,24,1,0,5,0,0.8333333333333334,0.0,0.0,0.0
64,18,72,73,25,1,0,5,0,0.8333333333333334,0.0,0.0,0.0
64,18,72,73,27,6,0,1,0,0.8571428571428571,0.0,0.0,0.0
64,18,72,73,28,2,0,1,0,0.6666666666666666,0.0,0.0,0.0
64,18,72,73,29,2,0,1,0,0.6666666666666666,0.0,0.0,0.0
64,18,72,73,30,1,0,2,0,0.6666666666666666,0.0,0.0,0.0
64,18,72,73,31,3,0,1,0,0.75,0.0,0.0,0.0
64,18,80,81,17,1,0,19,0,0.95,0.0,0.0,0.0
64,18,80,81,19,1,0,18,0,0.9473684210526315,0.0,0.0,0.0
64,18,80,81,25,2,0,14,0,1.75,0.0,0.0,0.0
64,18,80,81,26,2,0,12,0,1.7142857142857142,0.0,0.0,0.0
64,18,80,81,27,3,0,10,0,2.3076923076923075,0.0,0.0,0.0
64,18,80,81,28,1,0,9,0,0.9,0.0,0.0,0.0
64,18,80,81,29,4,0,6,0,2.4,0.0,0.0,0.0
64,18,80,81,30,4,0,4,0,2.0,0.0,0.0,0.0
64,18,80,81,31,1,0,6,0,0.8571428571428571,0.0,0.0,0.0
64,18,80,81,32,1,0,6,0,0.8571428571428571,0.0,0.0,0.0
64,18,80,81,33,1,0,6,0,0.8571428571428571,0.0,0.0,0.0
64,18,80,81,35,1,0,7,0,0.875,0.0,0.0,0.0
64,18,80,81,36,1,0,6,0,0.8571428571428571,0.0,0.0,0.0
64,18,88,89,30,1,0,12,0,0.9230769230769231,0.0,0.0,0.0
64,18,88,89,37,3,0,9,0,2.25,0.0,0.0,0.0
64,18,88,89,39,3,0,4,0,1.7142857142857142,0.0,0.0,0.0
64,18,96,97,31,1,0,14,0,0.9333333333333333,0.0,0.0,0.0
64,18,104,105,31,1,0,14,0,0.9333333333333333,0.0,0.0,0.0
64,18,112,113,32,1,0,15,0,0.9375,0.0,0.0,0.0
64,18,120,121,33,2,0,16,0,1.7777777777777777,0.0,0.0,0.0
64,18,120,121,34,2,0,16,0,1.7777777777777777,0.0,0.0,0.0
64,18,120,121,35,2,0,16,0,1.7777777777777777,0.0,0.0,0.0
64,18,120,121,36,2,0,15,0,1.7647058823529411,0.0,0.0,0.0
64,18,120,121,37,2,0,13,0,1.7333333333333334,0.0,0.0,0.0
64,18,120,121,38,2,0,11,0,1.6923076923076923,0.0,0.0,0.0
64,18,120,121,39,2,0,9,0,1.6363636363636365,0.0,0.0,0.0
64,18,120,121,40,2,0,8,0,1.6,0.0,0.0,0.0
64,18,120,121,41,3,0,6,0,2.0,0.0,0.0,0.0
64,18,120,121,42,1,0,5,0,0.8333333333333334,0.0,0.0,0.0
64,18,120,121,43,1,0,4,0,0.8,0.0,0.0,0.0
64,18,120,121,44,1,0,3,0,0.75,0.0,0.0,0.0
64,18,120,121,45,1,0,2,0,0.6666666666666666,0.0,0.0,0.0
64,18,120,121,46,1,0,1,0,0.5,0.0,0.0,0.0
64,18,128,129,33,2,0,16,0,1.7777777777777777,0.0,0.0,0.0
64,18,128,129,34,2,0,16,0,1.7777777777777777,0.0,0.0,0.0
64,18,128,129,35,2,0,16,0,1.7777777777777777,0.0,0.0,0.0
64,18,128,129,36,2,0,15,0,1.7647058823529411,0.0,0.0,0.0
64,18,128,129,37,2,0,13,0,1.7333333333333334,0.0,0.0,0.0
64,18,128,129,38,2,0,11,0,1.6923076923076923,0.0,0.0,0.0
64,18,128,129,39,2,0,9,0,1.6363636363636365,0.0,0.0,0.0
64,18,128,129,40,2,0,8,0,1.6,0.0,0.0,0.0
64,18,128,129,41,2,0,7,0,1.5555555555555556,0.0,0.0,0.0
64,18,128,129,42,2,0,6,0,1.5,0.0,0.0,0.0
64,18,128,129,43,2,0,5,0,1.4285714285714286,0.0,0.0,0.0
64,18,128,129,44,2,0,4,0,1.3333333333333333,0.0,0.0,0.0
64,18,128,129,45,2,0,3,0,1.2,0.0,0.0,0.0
64,18,128,129,46,2,0,2,0,1.0,0.0,0.0,0.0
64,18,128,129,47,2,0,1,0,0.6666666666666666,0.0,0.0,0.0
64,18,136,137,33,2,0,16,0,1.7777777777777777,0.0,0.0,0.0
64,18,136,137,34,2,0,16,0,1.7777777777777777,0.0,0.0,0.0
64,18,136,137,35,2,0,16,0,1.7777777777777777,0.0,0.0,0.0
64,18,136,137,36,2,0,15,0,1.7647058823529411,0.0,0.0,0.0
64,18,136,137,37,2,0,13,0,1.7333333333333334,0.0,0.0,0.0
64,18,136,137,38,1,0,12,0,0.9230769230769231,0.0,0.0,0.0
64,18,136,137,39,2,0,10,0,1.6666666666666667,0.0,0.0,0.0
64,18,136,137,40,2,0,9,0,1.6363636363636365,0.0,0.0,0.0
64,18,136,137,41,2,0,8,0,1.6,0.0,0.0,0.0
64,18,136,137,42,2,0,7,0,1.5555555555555556,0.0,0.0,0.0
64,18,136,137,43,2,0,6,0,1.5,0.0,0.0,0.0
64,18,136,137,44,2,0,5,0,1.4285714285714286,0.0,0.0,0.0
64,18,136,137,45,2,0,4,0,1.3333333333333333,0.0,0.0,0.0
64,18,136,137,46,1,0,4,0,0.8,0.0,0.0,0.0
64,18,136,137,47,2,0,3,0,1.2,0.0,0.0,0.0
64,18,136,137,48,1,0,3,0,0.75,0.0,0.0,0.0
64,18,144,145,34,2,0,18,0,1.8,0.0,0.0,0.0
64,18,144,145,35,2,0,18,0,1.8,0.0,0.0,0.0
64,18,144,145,36,3,0,16,0,2.526315789473684,0.0,0.0,0.0
64,18,144,145,37,2,0,14,0,1.75,0.0,0.0,0.0
64,18,144,145,39,2,0,12,0,1.7142857142857142,0.0,0.0,0.0
64,18,144,145,40,2,0,11,0,1.6923076923076923,0.0,0.0,0.0
64,18,144,145,41,2,0,10,0,1.6666666666666667,0.0,0.0,0.0
64,18,144,145,42,2,0,9,0,1.6363636363636365,0.0,0.0,0.0
64,18,144,145,43,2,0,8,0,1.6,0.0,0.0,0.0
64,18,144,145,44,2,0,7,0,1.5555555555555556,0.0,0.0,0.0
64,18,144,145,45,2,0,6,0,1.5,0.0,0.0,0.0
64,18,144,145,46,1,0,6,0,0.8571428571428571,0.0,0.0,0.0
64,18,144,145,47,2,0,5,0,1.4285714285714286,0.0,0.0,0.0
64,18,144,145,48,1,0,5,0,0.8333333333333334,0.0,0.0,0.0
64,18,144,145,49,3,0,2,0,1.2,0.0,0.0,0.0
64,18,152,153,35,1,0,21,0,0.9545454545454546,0.0,0.0,0.0
64,18,152,153,36,2,0,20,0,1.8181818181818181,0.0,0.0,0.0
64,18,152,153,37,2,0,18,0,1.8,0.0,0.0,0.0
64,18,152,153,38,1,0,17,0,0.9444444444444444,0.0,0.0,0.0
64,18,152,153,39,3,1,14,0,2.4705882352941178,0.3333333333333333,0.0,0.3333333333333333
64,18,152,153,40,1,1,14,0,0.9333333333333333,1.0,0.0,1.0
64,18,152,153,41,2,0,13,0,1.7333333333333334,0.0,0.0,0.0
64,18,152,153,42,3,0,11,0,2.357142857142857,0.0,0.0,0.0
64,18,152,153,43,2,0,10,0,1.6666666666666667,0.0,0.0,0.0
64,18,152,153,44,2,0,9,0,1.6363636363636365,0.0,0.0,0.0
64,18,152,153,45,2,0,8,0,1.6,0.0,0.0,0.0
64,18,152,153,46,2,0,7,0,1.5555555555555556,0.0,0.0,0.0
64,18,152,153,47,2,0,6,0,1.5,0.0,0.0,0.0
64,18,152,153,48,1,0,6,0,0.8571428571428571,0.0,0.0,0.0
64,18,152,153,49,4,0,2,0,1.3333333333333333,0.0,0.0,0.0
64,18,160,161,36,1,0,22,0,0.9565217391304348,0.0,0.0,0.0
64,18,160,161,37,2,0,20,0,1.8181818181818181,0.0,0.0,0.0
64,18,160,161,39,2,0,18,0,1.8,0.0,0.0,0.0
64,18,160,161,40,1,0,18,0,0.9473684210526315,0.0,0.0,0.0
64,18,160,161,41,3,0,15,0,2.5,0.0,0.0,0.0
64,18,160,161,42,3,0,13,0,2.4375,0.0,0.0,0.0
64,18,160,161,43,1,0,13,0,0.9285714285714286,0.0,0.0,0.0
64,18,160,161,44,2,0,12,0,1.7142857142857142,0.0,0.0,0.0
64,18,160,161,45,2,0,11,0,1.6923076923076923,0.0,0.0,0.0
64,18,160,161,46,1,0,11,0,0.9166666666666666,0.0,0.0,0.0
64,18,160,161,47,2,0,10,0,1.6666666666666667,0.0,0.0,0.0
64,18,160,161,48,1,0,10,0,0.9090909090909091,0.0,0.0,0.0
64,18,160,161,49,1,0,8,0,0.8888888888888888,0.0,0.0,0.0
64,18,160,161,50,1,0,6,0,0.8571428571428571,0.0,0.0,0.0
64,18,168,169,37,2,1,21,0,1.826086956521739,0.5,0.0,0.5
64,18,168,169,38,1,0,20,0,0.9523809523809523,0.0,0.0,0.0
64,18,168,169,39,2,0,18,0,1.8,0.0,0.0,0.0
64,18,168,169,40,2,1,17,0,1.7894736842105263,0.5,0.0,0.5
64,18,168,169,41,2,0,16,0,1.7777777777777777,0.0,0.0,0.0
64,18,168,169,42,1,0,17,0,0.9444444444444444,0.0,0.0,0.0
64,18,168,169,43,2,0,16,0,1.7777777777777777,0.0,0.0,0.0
64,18,168,169,44,1,0,15,0,0.9375,0.0,0.0,0.0
64,18,168,169,45,1,0,14,0,0.9333333333333333,0.0,0.0,0.0
64,18,168,169,46,1,0,13,0,0.9285714285714286,0.0,0.0,0.0
64,18,168,169,47,1,0,12,0,0.9230769230769231,0.0,0.0,0.0
64,18,168,169,49,1,0,10,0,0.9090909090909091,0.0,0.0,0.0
64,18,168,169,50,1,0,9,0,0.9,0.0,0.0,0.0
64,18,168,169,51,2,0,6,0,1.5,0.0,0.0,0.0
64,18,168,169,53,1,0,3,0,0.75,0.0,0.0,0.0
64,18,176,177,37,1,0,22,0,0.9565217391304348,0.0,0.0,0.0
64,18,176,177,38,1,0,21,0,0.9545454545454546,0.0,0.0,0.0
64,18,176,177,40,1,0,21,0,0.9545454545454546,0.0,0.0,0.0
64,19,16,17,14,2,0,3,0,1.2,0.0,0.0,0.0
64,19,16,17,15,5,3,5,0,2.5,0.6,0.0,0.6
64,19,24,25,18,1,0,1,0,0.5,0.0,0.0,0.0
64,19,24,25,19,4,3,2,0,1.3333333333333333,0.75,0.0,0.75
64,19,24,25,20,9,2,5,0,3.2142857142857144,0.2222222222222222,0.0,0.2222222222222222
64,19,32,33,25,7,7,1,0,0.875,1.0,0.0,1.0
64,19,32,33,26,5,3,8,0,3.076923076923077,0.6,0.0,0.6
64,19,32,33,27,1,1,12,0,0.9230769230769231,1.0,0.0,1.0
64,19,40,41,32,2,0,1,0,0.6666666666666666,0.0,0.0,0.0
64,19,72,73,2,1,0,2,0,0.6666666666666666,0.0,0.0,0.0
64,19,72,73,3,2,0,3,0,1.2,0.0,0.0,0.0
64,19,72,73,5,2,0,5,0,1.4285714285714286,0.0,0.0,0.0
64,19,72,73,6,2,0,6,0,1.5,0.0,0.0,0.0
64,19,72,73,7,2,0,5,0,1.4285714285714286,0.0,0.0,0.0
64,19,80,81,1,1,0,2,0,0.6666666666666666,0.0,0.0,0.0
64,19,80,81,2,2,0,4,0,1.3333333333333333,0.0,0.0,0.0
64,19,80,81,3,1,0,7,0,0.875,0.0,0.0,0.0
64,19,80,81,4,1,0,9,0,0.9,0.0,0.0,0.0
64,19,80,81,5,1,0,11,0,0.9166666666666666,0.0,0.0,0.0
64,19,80,81,6,4,0,10,0,2.857142857142857,0.0,0.0,0.0
64,19,80,81,7,1,0,9,0,0.9,0.0,0.0,0.0
64,19,80,81,8,2,0,6,0,1.5,0.0,0.0,0.0
64,19,80,81,9,1,0,4,0,0.8,0.0,0.0,0.0
64,19,80,81,10,1,0,2,0,0.6666666666666666,0.0,0.0,0.0
64,19,88,89,6,3,0,20,0,2.608695652173913,0.0,0.0,0.0
64,19,88,89,7,2,0,20,0,1.8181818181818181,0.0,0.0,0.0
64,19,88,89,8,4,0,16,0,3.2,0.0,0.0,0.0
64,19,88,89,9,2,0,12,0,1.7142857142857142,0.0,0.0,0.0
64,19,96,97,10,5,0,12,0,3.5294117647058822,0.0,0.0,0.0
64,19,96,97,11,1,0,8,0,0.8888888888888888,0.0,0.0,0.0
64,19,96,97,12,1,0,4,0,0.8,0.0,0.0,0.0
64,19,104,105,10,1,0,16,0,0.9411764705882353,0.0,0.0,0.0
64,19,112,113,11,1,0,12,0,0.9230769230769231,0.0,0.0,0.0
64,19,120,121,12,2,0,9,0,1.6363636363636365,0.0,0.0,0.0
64,19,120,121,13,2,0,6,0,1.5,0.0,0.0,0.0
64,19,120,121,14,2,0,4,0,1.3333333333333333,0.0,0.0,0.0
64,19,120,121,15,2,0,2,0,1.0,0.0,0.0,0.0
64,19,120,121,16,2,0,1,0,0.6666666666666666,0.0,0.0,0.0
64,19,120,121,17,2,0,1,0,0.6666666666666666,0.0,0.0,0.0
64,19,120,121,18,2,0,1,0,0.6666666666666666,0.0,0.0,0.0
64,19,120,121,19,2,0,1,0,0.6666666666666666,0.0,0.0,0.0
64,19,120,121,20,2,0,1,0,0.6666666666666666,0.0,0.0,0.0
64,19,120,121,21,2,0,1,0,0.6666666666666666,0.0,0.0,0.0
64,19,120,121,22,2,0,1,0,0.6666666666666666,0.0,0.0,0.0
64,19,120,121,23,2,0,1,0,0.6666666666666666,0.0,0.0,0.0
64,19,128,129,12,2,0,9,0,1.6363636363636365,0.0,0.0,0.0
64,19,128,129,13,2,0,6,0,1.5,0.0,0.0,0.0
64,19,128,129,14,2,0,4,0,1.3333333333333333,0.0,0.0,0.0
64,19,128,129,15,2,0,2,0,1.0,0.0,0.0,0.0
64,19,128,129,16,2,0,1,0,0.6666666666666666,0.0,0.0,0.0
64,19,128,129,17,2,0,1,0,0.6666666666666666,0.0,0.0,0.0
64,19,128,129,18,2,0,1,0,0.6666666666666666,0.0,0.0,0.0
64,19,128,129,19,2,0,1,0,0.6666666666666666,0.0,0.0,0.0
64,19,128,129,20,2,0,1,0,0.6666666666666666,0.0,0.0,0.0
64,19,128,129,21,2,0,1,0,0.6666666666666666,0.0,0.0,0.0
64,19,128,129,22,2,0,1,0,0.6666666666666666,0.0,0.0,0.0
64,19,128,129,23,2,0,1,0,0.6666666666666666,0.0,0.0,0.0
64,19,128,129,24,2,0,1,0,0.6666666666666666,0.0,0.0,0.0
64,19,128,129,25,2,0,1,0,0.6666666666666666,0.0,0.0,0.0
64,19,128,129,26,2,0,1,0,0.6666666666666666,0.0,0.0,0.0
64,19,136,137,12,2,0,9,0,1.6363636363636365,0.0,0.0,0.0
64,19,136,137,13,1,0,7,0,0.875,0.0,0.0,0.0
64,19,136,137,14,2,0,5,0,1.4285714285714286,0.0,0.0,0.0
64,19,136,137,15,2,0,3,0,1.2,0.0,0.0,0.0
64,19,136,137,16,2,0,2,0,1.0,0.0,0.0,0.0
64,19,136,137,17,1,0,3,0,0.75,0.0,0.0,0.0
64,19,136,137,18,3,0,2,0,1.2,0.0,0.0,0.0
64,19,136,137,19,1,0,3,0,0.75,0.0,0.0,0.0
64,19,136,137,20,2,0,3,0,1.2,0.0,0.0,0.0
64,19,136,137,21,2,0,3,0,1.2,0.0,0.0,0.0
64,19,136,137,22,2,0,3,0,1.2,0.0,0.0,0.0
64,19,136,137,23,2,0,3,0,1.2,0.0,0.0,0.0
64,19,136,137,24,2,0,3,0,1.2,0.0,0.0,0.0
64,19,136,137,25,1,0,4,0,0.8,0.0,0.0,0.0
64,19,136,137,26,3,1,3,0,1.5,0.3333333333333333,0.0,0.3333333333333333
64,19,136,137,27,2,0,2,0,1.0,0.0,0.0,0.0
64,19,144,145,13,1,0,9,0,0.9,0.0,0.0,0.0
64,19,144,145,14,2,0,7,0,1.5555555555555556,0.0,0.0,0.0
64,19,144,145,15,2,0,5,0,1.4285714285714286,0.0,0.0,0.0
64,19,144,145,16,2,0,4,0,1.3333333333333333,0.0,0.0,0.0
64,19,144,145,17,1,0,5,0,0.8333333333333334,0.0,0.0,0.0
64,19,144,145,18,1,0,6,0,0.8571428571428571,0.0,0.0,0.0
64,19,144,145,19,2,0,6,0,1.5,0.0,0.0,0.0
64,19,144,145,20,2,0,6,0,1.5,0.0,0.0,0.0
64,19,144,145,21,2,0,6,0,1.5,0.0,0.0,0.0
64,19,144,145,22,2,0,6,0,1.5,0.0,0.0,0.0
64,19,144,145,23,2,0,6,0,1.5,0.0,0.0,0.0
64,19,144,145,24,2,0,6,0,1.5,0.0,0.0,0.0
64,19,144,145,25,1,0,7,0,0.875,0.0,0.0,0.0
64,19,144,145,26,3,1,6,0,2.0,0.3333333333333333,0.0,0.3333333333333333
64,19,144,145,27,2,0,5,0,1.4285714285714286,0.0,0.0,0.0
64,19,144,145,28,3,0,2,0,1.2,0.0,0.0,0.0
64,19,144,145,29,1,0,1,0,0.5,0.0,0.0,0.0
64,19,152,153,15,2,0,8,0,1.6,0.0,0.0,0.0
64,19,152,153,16,2,0,7,0,1.5555555555555556,0.0,0.0,0.0
64,19,152,153,18,2,0,9,0,1.6363636363636365,0.0,0.0,0.0
64,19,152,153,19,1,0,10,0,0.9090909090909091,0.0,0.0,0.0
64,19,152,153,20,1,0,10,0,0.9090909090909091,0.0,0.0,0.0
64,19,152,153,22,1,0,11,0,0.9166666666666666,0.0,0.0,0.0
64,19,152,153,23,1,0,11,0,0.9166666666666666,0.0,0.0,0.0
64,19,152,153,24,3,0,9,0,2.25,0.0,0.0,0.0
64,19,152,153,25,1,0,10,0,0.9090909090909091,0.0,0.0,0.0
64,19,152,153,26,3,0,9,0,2.25,0.0,0.0,0.0
64,19,152,153,27,2,0,8,0,1.6,0.0,0.0,0.0
64,19,152,153,28,2,0,6,0,1.5,0.0,0.0,0.0
64,19,152,153,29,1,0,5,0,0.8333333333333334,0.0,0.0,0.0
64,19,152,153,30,4,0,1,0,0.8,0.0,0.0,0.0
64,19,152,153,31,1,0,1,0,0.5,0.0,0.0,0.0
64,19,160,161,16,1,0,10,0,0.9090909090909091,0.0,0.0,0.0
64,19,160,161,18,1,0,11,0,0.9166666666666666,0.0,0.0,0.0
64,19,160,161,20,1,0,12,0,0.9230769230769231,0.0,0.0,0.0
64,19,160,161,22,1,0,13,0,0.9285714285714286,0.0,0.0,0.0
64,20,16,17,15,10,7,3,0,2.3076923076923075,0.7,0.0,0.7
64,20,24,25,20,2,1,1,0,0.6666666666666666,0.5,0.0,0.5
64,20,40,41,6,3,0,1,0,0.75,0.0,0.0,0.0
64,20,40,41,7,1,0,4,0,0.8,0.0,0.0,0.0
64,20,40,41,8,4,0,5,0,2.2222222222222223,0.0,0.0,0.0
64,20,40,41,9,2,0,9,0,1.6363636363636365,0.0,0.0,0.0
64,20,40,41,10,2,0,11,0,1.6923076923076923,0.0,0.0,0.0
64,20,40,41,12,3,0,12,0,2.4,0.0,0.0,0.0
64,20,40,41,13,2,0,13,0,1.7333333333333334,0.0,0.0,0.0
64,20,40,41,14,8,0,6,0,3.4285714285714284,0.0,0.0,0.0
64,20,40,41,16,6,0,2,0,1.5,0.0,0.0,0.0
64,20,40,41,17,1,0,2,0,0.6666666666666666,0.0,0.0,0.0
64,20,48,49,3,2,0,2,0,1.0,0.0,0.0,0.0
64,20,48,49,4,2,0,4,0,1.3333333333333333,0.0,0.0,0.0
64,20,48,49,5,1,0,6,0,0.8571428571428571,0.0,0.0,0.0
64,20,48,49,6,2,0,7,0,1.5555555555555556,0.0,0.0,0.0
64,20,48,49,7,2,0,9,0,1.6363636363636365,0.0,0.0,0.0
64,20,48,49,8,2,0,11,0,1.6923076923076923,0.0,0.0,0.0
64,20,48,49,9,1,0,13,0,0.9285714285714286,0.0,0.0,0.0
64,20,48,49,10,1,0,14,0,0.9333333333333333,0.0,0.0,0.0
64,20,48,49,11,1,0,15,0,0.9375,0.0,0.0,0.0
64,20,56,57,6,2,0,15,0,1.7647058823529411,0.0,0.0,0.0
64,20,56,57,8,1,0,17,0,0.9444444444444444,0.0,0.0,0.0
64,21,16,17,15,3,2,9,0,2.25,0.6666666666666666,0.0,0.6666666666666666
64,21,32,33,26,2,0,1,0,0.6666666666666666,0.0,0.0,0.0
64,21,32,33,27,4,2,2,0,1.3333333333333333,0.5,0.0,0.5
64,21,40,41,11,1,0,1,0,0.5,0.0,0.0,0.0
64,21,40,41,12,2,0,1,0,0.6666666666666666,0.0,0.0,0.0
64,21,40,41,14,3,0,1,0,0.75,0.0,0.0,0.0
64,21,40,41,16,3,0,1,0,0.75,0.0,0.0,0.0
64,21,40,41,17,1,0,2,0,0.6666666666666666,0.0,0.0,0.0
64,21,40,41,18,3,0,1,0,0.75,0.0,0.0,0.0
64,21,40,41,29,1,0,1,0,0.5,0.0,0.0,0.0
64,21,40,41,30,2,0,2,0,1.0,0.0,0.0,0.0
64,21,40,41,31,1,0,3,0,0.75,0.0,0.0,0.0
64,21,40,41,32,3,0,2,0,1.2,0.0,0.0,0.0
64,21,40,41,33,2,1,3,0,1.2,0.5,0.0,0.5
64,21,40,41,34,4,0,4,0,2.0,0.0,0.0,0.0
64,21,40,41,35,4,2,8,0,2.6666666666666665,0.5,0.0,0.5
64,21,40,41,36,1,0,12,0,0.9230769230769231,0.0,0.0,0.0
64,21,40,41,37,3,1,13,0,2.4375,0.3333333333333333,0.0,0.3333333333333333
64,21,48,49,2,1,0,1,0,0.5,0.0,0.0,0.0
64,21,48,49,3,1,0,2,0,0.6666666666666666,0.0,0.0,0.0
64,21,48,49,4,2,0,3,0,1.2,0.0,0.0,0.0
64,21,48,49,5,1,0,5,0,0.8333333333333334,0.0,0.0,0.0
64,21,48,49,6,1,0,6,0,0.8571428571428571,0.0,0.0,0.0
64,21,48,49,8,1,0,7,0,0.875,0.0,0.0,0.0
64,21,48,49,10,1,0,8,0,0.8888888888888888,0.0,0.0,0.0
64,21,48,49,11,1,0,9,0,0.9,0.0,0.0,0.0
64,21,48,49,12,5,0,6,0,2.727272727272727,0.0,0.0,0.0
64,21,48,49,13,1,0,7,0,0.875,0.0,0.0,0.0
64,21,48,49,14,1,0,7,0,0.875,0.0,0.0,0.0
64,21,48,49,16,1,0,6,0,0.8571428571428571,0.0,0.0,0.0
64,21,48,49,17,1,0,6,0,0.8571428571428571,0.0,0.0,0.0
64,21,48,49,18,1,0,6,0,0.8571428571428571,0.0,0.0,0.0
64,21,48,49,26,1,0,4,0,0.8,0.0,0.0,0.0
64,21,48,49,28,1,0,5,0,0.8333333333333334,0.0,0.0,0.0
64,21,48,49,30,1,0,6,0,0.8571428571428571,0.0,0.0,0.0
64,21,48,49,32,2,0,7,0,1.5555555555555556,0.0,0.0,0.0
64,21,48,49,34,1,0,9,0,0.9,0.0,0.0,0.0
64,21,48,49,36,1,0,10,0,0.9090909090909091,0.0,0.0,0.0
64,21,48,49,37,1,0,11,0,0.9166666666666666,0.0,0.0,0.0
64,21,48,49,38,1,0,12,0,0.9230769230769231,0.0,0.0,0.0
64,21,48,49,40,1,0,10,0,0.9090909090909091,0.0,0.0,0.0
64,21,48,49,41,2,1,9,0,1.6363636363636365,0.5,0.0,0.5
64,21,56,57,2,3,0,5,0,1.875,0.0,0.0,0.0
64,21,56,57,4,4,0,8,0,2.6666666666666665,0.0,0.0,0.0
64,21,56,57,5,1,0,9,0,0.9,0.0,0.0,0.0
64,21,56,57,6,2,0,9,0,1.6363636363636365,0.0,0.0,0.0
64,21,56,57,8,1,0,10,0,0.9090909090909091,0.0,0.0,0.0
64,21,56,57,10,2,1,11,0,1.6923076923076923,0.5,0.0,0.5
64,21,56,57,12,1,0,13,0,0.9285714285714286,0.0,0.0,0.0
64,21,56,57,13,1,0,13,0,0.9285714285714286,0.0,0.0,0.0
64,21,56,57,14,1,0,12,0,0.9230769230769231,0.0,0.0,0.0
64,21,56,57,36,1,0,14,0,0.9333333333333333,0.0,0.0,0.0
64,21,56,57,38,1,0,15,0,0.9375,0.0,0.0,0.0
64,21,56,57,52,1,0,1,0,0.5,0.0,0.0,0.0
64,21,56,57,54,3,0,3,0,1.5,0.0,0.0,0.0
64,21,72,73,55,1,0,7,0,0.875,0.0,0.0,0.0
64,21,72,73,56,1,0,8,0,0.8888888888888888,0.0,0.0,0.0
64,21,72,73,57,1,0,10,0,0.9090909090909091,0.0,0.0,0.0
64,21,72,73,58,2,0,12,0,1.7142857142857142,0.0,0.0,0.0
64,21,72,73,61,3,0,17,1,2.55,0.0,0.058823529411764705,-0.058823529411764705
64,21,72,73,63,5,0,20,0,4.0,0.0,0.0,0.0
64,21,72,73,65,4,0,29,0,3.515151515151515,0.0,0.0,0.0
64,21,80,81,61,2,1,18,0,1.8,0.5,0.0,0.5
64,21,80,81,62,1,0,21,0,0.9545454545454546,0.0,0.0,0.0
64,21,80,81,63,1,0,23,0,0.9583333333333334,0.0,0.0,0.0
64,21,80,81,64,2,0,27,0,1.8620689655172413,0.0,0.0,0.0
64,21,80,81,65,1,0,31,0,0.96875,0.0,0.0,0.0
64,21,80,81,66,1,0,34,0,0.9714285714285714,0.0,0.0,0.0
64,21,80,81,67,2,1,34,0,1.8888888888888888,0.5,0.0,0.5
64,21,88,89,64,1,0,28,0,0.9655172413793104,0.0,0.0,0.0
64,21,88,89,65,1,0,31,0,0.96875,0.0,0.0,0.0
64,21,88,89,66,1,0,34,0,0.9714285714285714,0.0,0.0,0.0
64,21,88,89,67,2,0,34,0,1.8888888888888888,0.0,0.0,0.0
64,22,16,17,14,8,3,6,0,3.4285714285714284,0.375,0.0,0.375
64,22,16,17,15,16,7,13,0,7.172413793103448,0.4375,0.0,0.4375
64,22,24,25,18,2,1,1,0,0.6666666666666666,0.5,0.0,0.5
64,22,24,25,19,15,12,2,0,1.7647058823529411,0.8,0.0,0.8
64,22,24,25,20,12,1,15,0,6.666666666666667,0.08333333333333333,0.0,0.08333333333333333
64,22,24,25,21,12,3,28,0,8.4,0.25,0.0,0.25
64,22,32,33,24,4,0,6,0,2.4,0.0,0.0,0.0
64,22,32,33,25,25,21,8,0,6.0606060606060606,0.84,0.0,0.84
64,22,32,33,26,7,0,27,0,5.5588235294117645,0.0,0.0,0.0
64,22,32,33,27,26,13,28,0,13.481481481481481,0.5,0.0,0.5
64,22,40,41,30,4,0,2,0,1.3333333333333333,0.0,0.0,0.0
64,22,40,41,31,14,9,2,0,1.75,0.6428571428571429,0.0,0.6428571428571429
64,22,40,41,32,6,0,13,0,4.105263157894737,0.0,0.0,0.0
64,22,40,41,33,15,8,15,0,7.5,0.5333333333333333,0.0,0.5333333333333333
64,22,40,41,34,3,0,25,0,2.6785714285714284,0.0,0.0,0.0
64,22,40,41,35,4,2,23,0,3.4074074074074074,0.5,0.0,0.5
64,22,40,41,36,2,0,22,0,1.8333333333333333,0.0,0.0,0.0
64,22,40,41,37,1,1,19,0,0.95,1.0,0.0,1.0
64,22,48,49,31,1,1,5,0,0.8333333333333334,1.0,0.0,1.0
64,22,48,49,32,6,0,4,0,2.4,0.0,0.0,0.0
64,22,48,49,33,2,0,8,0,1.6,0.0,0.0,0.0
64,22,48,49,34,5,0,7,0,2.9166666666666665,0.0,0.0,0.0
64,22,48,49,35,4,0,8,0,2.6666666666666665,0.0,0.0,0.0
64,22,48,49,36,3,0,9,0,2.25,0.0,0.0,0.0
64,22,48,49,37,6,4,9,0,3.6,0.6666666666666666,0.0,0.6666666666666666
64,22,48,49,39,3,2,11,0,2.357142857142857,0.6666666666666666,0.0,0.6666666666666666
64,22,56,57,22,3,0,1,0,0.75,0.0,0.0,0.0
64,22,56,57,23,3,0,3,0,1.5,0.0,0.0,0.0
64,22,56,57,24,2,0,6,0,1.5,0.0,0.0,0.0
64,22,56,57,25,5,0,5,0,2.5,0.0,0.0,0.0
64,22,56,57,26,5,0,5,0,2.5,0.0,0.0,0.0
64,22,56,57,27,2,0,5,0,1.4285714285714286,0.0,0.0,0.0
64,22,56,57,28,4,0,5,0,2.2222222222222223,0.0,0.0,0.0
64,22,56,57,29,1,0,8,0,0.8888888888888888,0.0,0.0,0.0
64,22,56,57,30,3,0,8,0,2.1818181818181817,0.0,0.0,0.0
64,22,56,57,31,1,0,11,0,0.9166666666666666,0.0,0.0,0.0
64,22,56,57,33,3,1,12,0,2.4,0.3333333333333333,0.0,0.3333333333333333
64,22,56,57,34,5,0,9,0,3.2142857142857144,0.0,0.0,0.0
64,22,56,57,35,3,0,6,0,2.0,0.0,0.0,0.0
64,22,56,57,36,3,0,6,0,2.0,0.0,0.0,0.0
64,22,56,57,37,1,1,6,0,0.8571428571428571,1.0,0.0,1.0
64,22,56,57,38,1,0,6,0,0.8571428571428571,0.0,0.0,0.0
64,22,56,57,39,1,1,6,0,0.8571428571428571,1.0,0.0,1.0
64,22,56,57,40,1,0,6,0,0.8571428571428571,0.0,0.0,0.0
64,22,56,57,41,3,2,7,0,2.1,0.6666666666666666,0.0,0.6666666666666666
64,22,56,57,43,5,3,10,0,3.3333333333333335,0.6,0.0,0.6
64,22,56,57,44,2,0,14,0,1.75,0.0,0.0,0.0
64,22,56,57,45,4,2,15,0,3.1578947368421053,0.5,0.0,0.5
64,22,56,57,46,2,1,18,0,1.8,0.5,0.0,0.5
64,22,64,65,18,1,0,1,0,0.5,0.0,0.0,0.0
64,22,64,65,19,2,0,2,0,1.0,0.0,0.0,0.0
64,22,64,65,20,1,0,4,0,0.8,0.0,0.0,0.0
64,22,64,65,21,2,0,7,0,1.5555555555555556,0.0,0.0,0.0
64,22,64,65,22,2,0,9,0,1.6363636363636365,0.0,0.0,0.0
64,22,64,65,24,2,0,13,0,1.7333333333333334,0.0,0.0,0.0
64,22,64,65,25,2,0,16,0,1.7777777777777777,0.0,0.0,0.0
64,22,64,65,26,1,0,18,0,0.9473684210526315,0.0,0.0,0.0
64,22,64,65,27,3,0,15,0,2.5,0.0,0.0,0.0
64,22,64,65,28,2,1,15,0,1.7647058823529411,0.5,0.0,0.5
64,22,64,65,29,5,0,12,0,3.5294117647058822,0.0,0.0,0.0
64,22,64,65,31,1,0,13,0,0.9285714285714286,0.0,0.0,0.0
64,22,64,65,39,1,1,3,0,0.75,1.0,0.0,1.0
64,22,64,65,43,4,4,1,0,0.8,1.0,0.0,1.0
64,22,64,65,45,6,5,2,1,1.5,0.8333333333333334,0.5,0.33333333333333337
64,22,64,65,46,1,0,7,0,0.875,0.0,0.0,0.0
64,22,64,65,47,4,2,7,0,2.5454545454545454,0.5,0.0,0.5
64,22,64,65,48,2,0,10,0,1.6666666666666667,0.0,0.0,0.0
64,22,64,65,49,2,1,11,0,1.6923076923076923,0.5,0.0,0.5
64,22,64,65,50,1,1,12,0,0.9230769230769231,1.0,0.0,1.0
64,22,64,65,51,5,4,11,0,3.4375,0.8,0.0,0.8
64,22,64,65,52,1,0,14,0,0.9333333333333333,0.0,0.0,0.0
64,22,64,65,53,4,3,14,0,3.111111111111111,0.75,0.0,0.75
64,22,72,73,13,1,0,4,0,0.8,0.0,0.0,0.0
64,22,72,73,14,1,0,5,0,0.8333333333333334,0.0,0.0,0.0
64,22,72,73,15,2,0,5,0,1.4285714285714286,0.0,0.0,0.0
64,22,72,73,17,1,0,7,0,0.875,0.0,0.0,0.0
64,22,72,73,18,1,0,8,0,0.8888888888888888,0.0,0.0,0.0
64,22,72,73,19,1,0,9,0,0.9,0.0,0.0,0.0
64,22,72,73,20,1,0,9,0,0.9,0.0,0.0,0.0
64,22,72,73,22,1,0,14,0,0.9333333333333333,0.0,0.0,0.0
64,22,72,73,24,1,0,19,0,0.95,0.0,0.0,0.0
64,22,72,73,25,1,0,22,0,0.9565217391304348,0.0,0.0,0.0
64,22,72,73,27,1,0,23,0,0.9583333333333334,0.0,0.0,0.0
64,22,72,73,28,2,0,21,0,1.826086956521739,0.0,0.0,0.0
64,22,72,73,29,1,0,21,0,0.9545454545454546,0.0,0.0,0.0
64,22,72,73,31,1,0,20,0,0.9523809523809523,0.0,0.0,0.0
64,22,72,73,37,1,0,7,0,0.875,0.0,0.0,0.0
64,22,80,81,6,1,0,1,0,0.5,0.0,0.0,0.0
64,22,80,81,7,2,0,1,0,0.6666666666666666,0.0,0.0,0.0
64,22,80,81,8,2,0,1,0,0.6666666666666666,0.0,0.0,0.0
64,22,80,81,9,1,0,1,0,0.5,0.0,0.0,0.0
64,22,80,81,10,1,0,1,0,0.5,0.0,0.0,0.0
64,22,80,81,16,1,0,9,0,0.9,0.0,0.0,0.0
64,22,80,81,17,4,0,9,0,2.769230769230769,0.0,0.0,0.0
64,22,80,81,18,2,0,11,0,1.6923076923076923,0.0,0.0,0.0
64,22,80,81,19,2,0,12,0,1.7142857142857142,0.0,0.0,0.0
64,22,80,81,20,3,0,11,0,2.357142857142857,0.0,0.0,0.0
64,22,80,81,21,1,0,14,0,0.9333333333333333,0.0,0.0,0.0
64,22,80,81,22,2,0,16,0,1.7777777777777777,0.0,0.0,0.0
64,22,80,81,23,1,0,19,0,0.95,0.0,0.0,0.0
64,22,80,81,25,1,0,24,0,0.96,0.0,0.0,0.0
64,22,80,81,26,1,0,26,0,0.9629629629629629,0.0,0.0,0.0
64,22,80,81,28,1,0,24,0,0.96,0.0,0.0,0.0
64,22,80,81,29,1,0,23,0,0.9583333333333334,0.0,0.0,0.0
64,22,80,81,38,1,0,5,0,0.8333333333333334,0.0,0.0,0.0
64,22,88,89,5,1,0,1,0,0.5,0.0,0.0,0.0
64,22,88,89,6,2,0,1,0,0.6666666666666666,0.0,0.0,0.0
64,22,88,89,7,2,0,1,0,0.6666666666666666,0.0,0.0,0.0
64,22,88,89,8,2,0,1,0,0.6666666666666666,0.0,0.0,0.0
64,22,88,89,9,1,0,1,0,0.5,0.0,0.0,0.0
64,22,88,89,10,1,0,1,0,0.5,0.0,0.0,0.0
64,22,88,89,16,3,0,9,0,2.25,0.0,0.0,0.0
64,22,88,89,17,1,0,13,0,0.9285714285714286,0.0,0.0,0.0
64,22,88,89,18,2,0,14,0,1.75,0.0,0.0,0.0
64,22,88,89,19,2,0,15,0,1.7647058823529411,0.0,0.0,0.0
64,22,88,89,20,2,0,15,0,1.7647058823529411,0.0,0.0,0.0
64,22,88,89,21,2,0,18,0,1.8,0.0,0.0,0.0
64,22,88,89,22,2,0,21,0,1.826086956521739,0.0,0.0,0.0
64,22,88,89,23,2,0,24,0,1.8461538461538463,0.0,0.0,0.0
64,22,88,89,24,2,0,26,0,1.8571428571428572,0.0,0.0,0.0
64,22,88,89,25,2,0,28,0,1.8666666666666667,0.0,0.0,0.0
64,22,88,89,26,2,0,29,0,1.8709677419354838,0.0,0.0,0.0
64,22,88,89,27,3,0,27,0,2.7,0.0,0.0,0.0
64,22,88,89,28,2,0,25,0,1.8518518518518519,0.0,0.0,0.0
64,22,88,89,29,2,0,24,0,1.8461538461538463,0.0,0.0,0.0
64,22,88,89,30,3,0,22,0,2.64,0.0,0.0,0.0
64,22,88,89,31,1,0,21,0,0.9545454545454546,0.0,0.0,0.0
64,22,88,89,39,1,0,3,0,0.75,0.0,0.0,0.0
64,22,96,97,3,2,0,1,0,0.6666666666666666,0.0,0.0,0.0
64,22,96,97,4,3,0,2,0,1.2,0.0,0.0,0.0
64,22,96,97,5,4,0,2,0,1.3333333333333333,0.0,0.0,0.0
64,22,96,97,6,4,0,2,0,1.3333333333333333,0.0,0.0,0.0
64,22,96,97,7,4,0,2,0,1.3333333333333333,0.0,0.0,0.0
64,22,96,97,8,4,0,2,0,1.3333333333333333,0.0,0.0,0.0
64,22,96,97,9,3,0,2,0,1.2,0.0,0.0,0.0
64,22,96,97,10,3,0,2,0,1.2,0.0,0.0,0.0
64,22,96,97,11,1,0,2,0,0.6666666666666666,0.0,0.0,0.0
64,22,96,97,12,1,0,3,0,0.75,0.0,0.0,0.0
64,22,96,97,14,1,0,7,0,0.875,0.0,0.0,0.0
64,22,96,97,15,1,0,9,0,0.9,0.0,0.0,0.0
64,22,96,97,16,2,0,11,0,1.6923076923076923,0.0,0.0,0.0
64,22,96,97,17,1,0,14,0,0.9333333333333333,0.0,0.0,0.0
64,22,96,97,18,1,0,16,0,0.9411764705882353,0.0,0.0,0.0
64,22,96,97,19,2,0,18,0,1.8,0.0,0.0,0.0
64,22,96,97,20,3,0,18,0,2.5714285714285716,0.0,0.0,0.0
64,22,96,97,21,1,0,21,0,0.9545454545454546,0.0,0.0,0.0
64,22,96,97,22,2,0,23,0,1.84,0.0,0.0,0.0
64,22,96,97,23,2,0,26,0,1.8571428571428572,0.0,0.0,0.0
64,22,96,97,24,2,0,28,0,1.8666666666666667,0.0,0.0,0.0
64,22,96,97,25,2,0,30,0,1.875,0.0,0.0,0.0
64,22,96,97,26,2,0,31,0,1.878787878787879,0.0,0.0,0.0
64,22,96,97,27,2,0,30,0,1.875,0.0,0.0,0.0
64,22,96,97,28,2,0,28,0,1.8666666666666667,0.0,0.0,0.0
64,22,96,97,29,1,0,27,0,0.9642857142857143,0.0,0.0,0.0
64,22,96,97,30,3,0,24,0,2.6666666666666665,0.0,0.0,0.0
64,22,96,97,31,2,0,23,0,1.84,0.0,0.0,0.0
64,22,96,97,32,3,0,20,0,2.608695652173913,0.0,0.0,0.0
64,22,96,97,33,1,0,19,0,0.95,0.0,0.0,0.0
64,22,96,97,34,1,0,17,0,0.9444444444444444,0.0,0.0,0.0
64,22,96,97,35,1,0,14,0,0.9333333333333333,0.0,0.0,0.0
64,22,96,97,36,1,0,11,0,0.9166666666666666,0.0,0.0,0.0
64,22,96,97,37,1,0,8,0,0.8888888888888888,0.0,0.0,0.0
64,22,96,97,38,1,0,6,0,0.8571428571428571,0.0,0.0,0.0
64,22,96,97,39,1,0,4,0,0.8,0.0,0.0,0.0
64,22,96,97,40,1,0,2,0,0.6666666666666666,0.0,0.0,0.0
64,22,104,105,3,3,0,1,0,0.75,0.0,0.0,0.0
64,22,104,105,4,3,0,3,0,1.5,0.0,0.0,0.0
64,22,104,105,5,4,0,4,0,2.0,0.0,0.0,0.0
64,22,104,105,6,3,0,6,0,2.0,0.0,0.0,0.0
64,22,104,105,7,5,0,5,0,2.5,0.0,0.0,0.0
64,22,104,105,8,2,0,6,0,1.5,0.0,0.0,0.0
64,22,104,105,9,2,0,5,0,1.4285714285714286,0.0,0.0,0.0
64,22,104,105,10,3,0,4,0,1.7142857142857142,0.0,0.0,0.0
64,22,104,105,11,2,0,3,0,1.2,0.0,0.0,0.0
64,22,104,105,12,1,0,4,0,0.8,0.0,0.0,0.0
64,22,104,105,13,1,0,5,0,0.8333333333333334,0.0,0.0,0.0
64,22,104,105,14,3,0,7,0,2.1,0.0,0.0,0.0
64,22,104,105,15,2,0,11,0,1.6923076923076923,0.0,0.0,0.0
64,22,104,105,16,1,0,14,0,0.9333333333333333,0.0,0.0,0.0
64,22,104,105,17,1,0,16,0,0.9411764705882353,0.0,0.0,0.0
64,22,104,105,18,1,0,18,0,0.9473684210526315,0.0,0.0,0.0
64,22,104,105,20,3,0,20,0,2.608695652173913,0.0,0.0,0.0
64,22,104,105,21,2,0,23,0,1.84,0.0,0.0,0.0
64,22,104,105,22,2,0,26,0,1.8571428571428572,0.0,0.0,0.0
64,22,104,105,24,3,0,30,0,2.727272727272727,0.0,0.0,0.0
64,22,104,105,25,1,0,33,0,0.9705882352941176,0.0,0.0,0.0
64,22,104,105,26,3,0,33,0,2.75,0.0,0.0,0.0
64,22,104,105,27,1,0,33,0,0.9705882352941176,0.0,0.0,0.0
64,22,104,105,28,3,0,30,0,2.727272727272727,0.0,0.0,0.0
64,22,104,105,30,2,0,27,0,1.8620689655172413,0.0,0.0,0.0
64,22,104,105,31,3,0,24,0,2.6666666666666665,0.0,0.0,0.0
64,22,104,105,32,2,0,22,0,1.8333333333333333,0.0,0.0,0.0
64,22,104,105,33,2,0,20,0,1.8181818181818181,0.0,0.0,0.0
64,22,104,105,34,2,0,17,0,1.7894736842105263,0.0,0.0,0.0
64,22,104,105,35,1,0,14,0,0.9333333333333333,0.0,0.0,0.0
64,22,104,105,36,1,0,11,0,0.9166666666666666,0.0,0.0,0.0
64,22,104,105,37,1,0,8,0,0.8888888888888888,0.0,0.0,0.0
64,22,104,105,38,1,0,6,0,0.8571428571428571,0.0,0.0,0.0
64,22,104,105,39,1,0,4,0,0.8,0.0,0.0,0.0
64,22,104,105,40,2,0,2,0,1.0,0.0,0.0,0.0
64,22,104,105,41,2,0,1,0,0.6666666666666666,0.0,0.0,0.0
64,22,104,105,42,2,0,1,0,0.6666666666666666,0.0,0.0,0.0
64,22,104,105,43,2,0,1,0,0.6666666666666666,0.0,0.0,0.0
64,22,104,105,44,1,0,1,0,0.5,0.0,0.0,0.0
64,22,104,105,45,1,0,1,0,0.5,0.0,0.0,0.0
64,22,104,105,46,1,0,1,0,0.5,0.0,0.0,0.0
64,22,104,105,47,1,0,1,0,0.5,0.0,0.0,0.0
64,22,104,105,48,1,0,1,0,0.5,0.0,0.0,0.0
64,22,104,105,49,1,0,1,0,0.5,0.0,0.0,0.0
64,22,104,105,50,1,0,1,0,0.5,0.0,0.0,0.0
64,22,104,105,51,1,0,1,0,0.5,0.0,0.0,0.0
64,22,112,113,5,1,0,10,0,0.9090909090909091,0.0,0.0,0.0
64,22,112,113,6,2,0,10,0,1.6666666666666667,0.0,0.0,0.0
64,22,112,113,7,2,0,9,0,1.6363636363636365,0.0,0.0,0.0
64,22,112,113,8,3,0,7,0,2.1,0.0,0.0,0.0
64,22,112,113,9,2,0,7,0,1.5555555555555556,0.0,0.0,0.0
64,22,112,113,10,2,0,7,0,1.5555555555555556,0.0,0.0,0.0
64,22,112,113,11,2,0,5,0,1.4285714285714286,0.0,0.0,0.0
64,22,112,113,12,4,0,5,0,2.2222222222222223,0.0,0.0,0.0
64,22,112,113,13,2,0,8,0,1.6,0.0,0.0,0.0
64,22,112,113,14,1,0,11,0,0.9166666666666666,0.0,0.0,0.0
64,22,112,113,22,2,0,31,0,1.878787878787879,0.0,0.0,0.0
64,22,112,113,24,1,0,37,0,0.9736842105263158,0.0,0.0,0.0
64,22,112,113,26,1,0,40,0,0.975609756097561,0.0,0.0,0.0
64,22,112,113,31,1,0,30,0,0.967741935483871,0.0,0.0,0.0
64,22,112,113,32,1,0,28,0,0.9655172413793104,0.0,0.0,0.0
64,22,112,113,33,1,0,26,0,0.9629629629629629,0.0,0.0,0.0
64,22,112,113,34,1,0,23,0,0.9583333333333334,0.0,0.0,0.0
64,22,112,113,35,1,0,19,0,0.95,0.0,0.0,0.0
64,22,112,113,36,1,0,15,0,0.9375,0.0,0.0,0.0
64,22,112,113,37,3,0,9,0,2.25,0.0,0.0,0.0
64,22,112,113,38,1,0,7,0,0.875,0.0,0.0,0.0
64,22,112,113,39,1,0,5,0,0.8333333333333334,0.0,0.0,0.0
64,22,112,113,40,2,0,3,0,1.2,0.0,0.0,0.0
64,22,112,113,41,3,0,1,0,0.75,0.0,0.0,0.0
64,22,112,113,42,2,0,1,0,0.6666666666666666,0.0,0.0,0.0
64,22,112,113,43,2,0,1,0,0.6666666666666666,0.0,0.0,0.0
64,22,112,113,44,1,0,1,0,0.5,0.0,0.0,0.0
64,22,112,113,45,1,0,1,0,0.5,0.0,0.0,0.0
64,22,112,113,46,1,0,1,0,0.5,0.0,0.0,0.0
64,22,112,113,47,1,0,1,0,0.5,0.0,0.0,0.0
64,22,112,113,48,1,0,1,0,0.5,0.0,0.0,0.0
64,22,112,113,49,1,0,1,0,0.5,0.0,0.0,0.0
64,22,112,113,50,1,0,1,0,0.5,0.0,0.0,0.0
64,22,112,113,51,1,0,1,0,0.5,0.0,0.0,0.0
64,22,120,121,6,1,0,12,0,0.9230769230769231,0.0,0.0,0.0
64,22,120,121,7,1,0,12,0,0.9230769230769231,0.0,0.0,0.0
64,22,120,121,8,1,0,12,0,0.9230769230769231,0.0,0.0,0.0
64,22,120,121,9,2,0,10,0,1.6666666666666667,0.0,0.0,0.0
64,22,120,121,11,2,0,10,0,1.6666666666666667,0.0,0.0,0.0
64,22,120,121,13,3,0,15,0,2.5,0.0,0.0,0.0
64,22,120,121,14,2,0,18,0,1.8,0.0,0.0,0.0
64,22,120,121,15,4,0,17,0,3.238095238095238,0.0,0.0,0.0
64,22,120,121,16,1,0,20,0,0.9523809523809523,0.0,0.0,0.0
64,22,120,121,17,2,0,22,0,1.8333333333333333,0.0,0.0,0.0
64,22,120,121,19,1,0,27,0,0.9642857142857143,0.0,0.0,0.0
64,22,120,121,31,1,0,30,0,0.967741935483871,0.0,0.0,0.0
64,22,120,121,32,1,0,28,0,0.9655172413793104,0.0,0.0,0.0
64,22,120,121,33,1,0,26,0,0.9629629629629629,0.0,0.0,0.0
64,22,120,121,34,1,0,23,0,0.9583333333333334,0.0,0.0,0.0
64,22,120,121,35,1,0,19,0,0.95,0.0,0.0,0.0
64,22,120,121,36,1,0,15,0,0.9375,0.0,0.0,0.0
64,22,120,121,38,1,0,9,0,0.9,0.0,0.0,0.0
64,22,120,121,39,2,0,5,0,1.4285714285714286,0.0,0.0,0.0
64,22,120,121,40,1,0,4,0,0.8,0.0,0.0,0.0
64,22,120,121,41,3,0,2,0,1.2,0.0,0.0,0.0
64,22,120,121,42,1,0,3,0,0.75,0.0,0.0,0.0
64,22,120,121,43,2,0,3,0,1.2,0.0,0.0,0.0
64,22,120,121,44,2,0,2,0,1.0,0.0,0.0,0.0
64,22,120,121,45,1,0,2,0,0.6666666666666666,0.0,0.0,0.0
64,22,120,121,46,1,0,2,0,0.6666666666666666,0.0,0.0,0.0
64,22,120,121,47,1,0,2,0,0.6666666666666666,0.0,0.0,0.0
64,22,120,121,48,1,0,2,0,0.6666666666666666,0.0,0.0,0.0
64,22,120,121,49,1,0,2,0,0.6666666666666666,0.0,0.0,0.0
64,22,120,121,50,1,0,2,0,0.6666666666666666,0.0,0.0,0.0
64,22,120,121,51,1,0,2,0,0.6666666666666666,0.0,0.0,0.0
64,22,120,121,52,1,0,1,0,0.5,0.0,0.0,0.0
64,22,128,129,9,1,0,14,0,0.9333333333333333,0.0,0.0,0.0
64,22,128,129,11,2,0,14,0,1.75,0.0,0.0,0.0
64,22,128,129,12,2,0,18,0,1.8,0.0,0.0,0.0
64,22,128,129,13,2,0,21,0,1.826086956521739,0.0,0.0,0.0
64,22,128,129,14,1,0,24,0,0.96,0.0,0.0,0.0
64,22,128,129,15,3,0,25,0,2.6785714285714284,0.0,0.0,0.0
64,22,128,129,16,1,0,27,0,0.9642857142857143,0.0,0.0,0.0
64,22,128,129,17,1,0,28,0,0.9655172413793104,0.0,0.0,0.0
64,22,128,129,18,1,0,29,0,0.9666666666666667,0.0,0.0,0.0
64,22,128,129,31,1,0,30,0,0.967741935483871,0.0,0.0,0.0
64,22,128,129,32,1,0,28,0,0.9655172413793104,0.0,0.0,0.0
64,22,128,129,33,1,0,26,0,0.9629629629629629,0.0,0.0,0.0
64,22,128,129,34,1,0,23,0,0.9583333333333334,0.0,0.0,0.0
64,22,128,129,35,1,0,19,0,0.95,0.0,0.0,0.0
64,22,128,129,37,1,0,12,0,0.9230769230769231,0.0,0.0,0.0
64,22,128,129,38,1,0,9,0,0.9,0.0,0.0,0.0
64,22,128,129,39,1,0,6,0,0.8571428571428571,0.0,0.0,0.0
64,22,128,129,40,1,0,5,0,0.8333333333333334,0.0,0.0,0.0
64,22,128,129,41,2,0,4,0,1.3333333333333333,0.0,0.0,0.0
64,22,128,129,42,1,0,5,0,0.8333333333333334,0.0,0.0,0.0
64,22,128,129,43,3,0,4,0,1.7142857142857142,0.0,0.0,0.0
64,22,128,129,44,2,0,3,0,1.2,0.0,0.0,0.0
64,22,128,129,45,2,0,2,0,1.0,0.0,0.0,0.0
64,22,128,129,46,1,0,2,0,0.6666666666666666,0.0,0.0,0.0
64,22,128,129,47,1,0,2,0,0.6666666666666666,0.0,0.0,0.0
64,22,128,129,48,1,0,2,0,0.6666666666666666,0.0,0.0,0.0
64,22,128,129,49,1,0,2,0,0.6666666666666666,0.0,0.0,0.0
64,22,128,129,50,1,0,2,0,0.6666666666666666,0.0,0.0,0.0
64,22,128,129,51,1,0,2,0,0.6666666666666666,0.0,0.0,0.0
64,22,128,129,52,1,0,1,0,0.5,0.0,0.0,0.0
64,22,136,137,17,1,0,30,0,0.967741935483871,0.0,0.0,0.0
64,22,136,137,32,1,0,29,0,0.9666666666666667,0.0,0.0,0.0
64,22,136,137,33,1,0,27,0,0.9642857142857143,0.0,0.0,0.0
64,22,136,137,34,1,0,24,0,0.96,0.0,0.0,0.0
64,22,136,137,35,1,0,20,0,0.9523809523809523,0.0,0.0,0.0
64,22,136,137,36,1,0,16,0,0.9411764705882353,0.0,0.0,0.0
64,22,136,137,37,1,0,12,0,0.9230769230769231,0.0,0.0,0.0
64,22,136,137,38,1,0,9,0,0.9,0.0,0.0,0.0
64,22,136,137,39,1,0,6,0,0.8571428571428571,0.0,0.0,0.0
64,22,136,137,40,1,0,5,0,0.8333333333333334,0.0,0.0,0.0
64,22,136,137,41,1,0,5,0,0.8333333333333334,0.0,0.0,0.0
64,22,136,137,42,2,0,5,0,1.4285714285714286,0.0,0.0,0.0
64,22,136,137,43,2,0,5,0,1.4285714285714286,0.0,0.0,0.0
64,22,136,137,44,2,0,4,0,1.3333333333333333,0.0,0.0,0.0
64,22,136,137,45,2,0,3,0,1.2,0.0,0.0,0.0
64,22,136,137,46,1,0,3,0,0.75,0.0,0.0,0.0
64,22,136,137,47,1,0,3,0,0.75,0.0,0.0,0.0
64,22,136,137,48,1,0,3,0,0.75,0.0,0.0,0.0
64,22,136,137,49,1,0,3,0,0.75,0.0,0.0,0.0
64,22,136,137,50,1,0,3,0,0.75,0.0,0.0,0.0
64,22,136,137,51,1,0,3,0,0.75,0.0,0.0,0.0
64,22,136,137,52,2,0,1,0,0.6666666666666666,0.0,0.0,0.0
64,22,144,145,17,1,0,30,0,0.967741935483871,0.0,0.0,0.0
64,22,144,145,33,1,0,28,0,0.9655172413793104,0.0,0.0,0.0
64,22,144,145,34,1,0,25,0,0.9615384615384616,0.0,0.0,0.0
64,22,144,145,35,1,0,21,0,0.9545454545454546,0.0,0.0,0.0
64,22,144,145,36,1,0,17,0,0.9444444444444444,0.0,0.0,0.0
64,22,144,145,37,1,0,13,0,0.9285714285714286,0.0,0.0,0.0
64,22,144,145,38,1,0,10,0,0.9090909090909091,0.0,0.0,0.0
64,22,144,145,39,1,0,7,0,0.875,0.0,0.0,0.0
64,22,144,145,40,1,0,6,0,0.8571428571428571,0.0,0.0,0.0
64,22,144,145,41,2,0,5,0,1.4285714285714286,0.0,0.0,0.0
64,22,144,145,42,2,0,5,0,1.4285714285714286,0.0,0.0,0.0
64,22,144,145,43,2,0,5,0,1.4285714285714286,0.0,0.0,0.0
64,22,144,145,44,1,0,5,0,0.8333333333333334,0.0,0.0,0.0
64,22,144,145,45,2,0,4,0,1.3333333333333333,0.0,0.0,0.0
64,22,144,145,46,1,0,4,0,0.8,0.0,0.0,0.0
64,22,144,145,47,1,0,4,0,0.8,0.0,0.0,0.0
64,22,144,145,49,1,0,5,0,0.8333333333333334,0.0,0.0,0.0
64,22,144,145,50,1,0,5,0,0.8333333333333334,0.0,0.0,0.0
64,22,144,145,51,1,0,5,0,0.8333333333333334,0.0,0.0,0.0
64,22,144,145,53,2,0,3,0,1.2,0.0,0.0,0.0
64,22,152,153,17,1,0,30,0,0.967741935483871,0.0,0.0,0.0
64,22,152,153,33,1,0,28,0,0.9655172413793104,0.0,0.0,0.0
64,22,152,153,34,1,0,25,0,0.9615384615384616,0.0,0.0,0.0
64,22,152,153,35,1,0,21,0,0.9545454545454546,0.0,0.0,0.0
64,22,152,153,36,1,0,17,0,0.9444444444444444,0.0,0.0,0.0
64,22,152,153,38,1,0,11,0,0.9166666666666666,0.0,0.0,0.0
64,22,152,153,39,1,0,8,0,0.8888888888888888,0.0,0.0,0.0
64,22,152,153,40,1,0,7,0,0.875,0.0,0.0,0.0
64,22,152,153,42,1,0,9,0,0.9,0.0,0.0,0.0
64,22,152,153,43,2,0,9,0,1.6363636363636365,0.0,0.0,0.0
64,22,152,153,45,5,0,6,0,2.727272727272727,0.0,0.0,0.0
64,22,152,153,46,1,0,6,0,0.8571428571428571,0.0,0.0,0.0
64,22,152,153,47,2,0,6,0,1.5,0.0,0.0,0.0
64,22,152,153,48,1,0,7,0,0.875,0.0,0.0,0.0
64,22,152,153,49,1,0,8,0,0.8888888888888888,0.0,0.0,0.0
64,22,152,153,51,1,0,9,0,0.9,0.0,0.0,0.0
64,22,152,153,53,2,0,8,0,1.6,0.0,0.0,0.0
64,22,152,153,55,1,0,8,0,0.8888888888888888,0.0,0.0,0.0
64,22,152,153,57,3,0,5,0,1.875,0.0,0.0,0.0
64,22,152,153,58,1,0,5,0,0.8333333333333334,0.0,0.0,0.0
64,22,152,153,59,3,0,3,0,1.5,0.0,0.0,0.0
64,22,152,153,60,1,0,3,0,0.75,0.0,0.0,0.0
64,22,160,161,19,2,0,32,0,1.8823529411764706,0.0,0.0,0.0
64,22,160,161,20,3,0,31,0,2.735294117647059,0.0,0.0,0.0
64,22,160,161,21,2,0,33,0,1.8857142857142857,0.0,0.0,0.0
64,22,160,161,22,2,0,35,0,1.8918918918918919,0.0,0.0,0.0
64,22,160,161,23,2,0,38,0,1.9,0.0,0.0,0.0
64,22,160,161,24,2,1,40,0,1.9047619047619047,0.5,0.0,0.5
64,22,160,161,25,1,0,42,0,0.9767441860465116,0.0,0.0,0.0
64,22,160,161,26,1,0,41,0,0.9761904761904762,0.0,0.0,0.0
64,22,160,161,27,1,0,39,0,0.975,0.0,0.0,0.0
64,22,160,161,28,1,0,36,0,0.972972972972973,0.0,0.0,0.0
64,22,160,161,29,1,0,34,0,0.9714285714285714,0.0,0.0,0.0
64,22,160,161,33,1,0,28,0,0.9655172413793104,0.0,0.0,0.0
64,22,160,161,35,1,0,22,0,0.9565217391304348,0.0,0.0,0.0
64,22,160,161,37,1,0,15,0,0.9375,0.0,0.0,0.0
64,22,160,161,39,1,0,10,0,0.9090909090909091,0.0,0.0,0.0
64,22,160,161,40,1,0,9,0,0.9,0.0,0.0,0.0
64,22,160,161,41,1,0,9,0,0.9,0.0,0.0,0.0
64,22,160,161,43,1,0,12,0,0.9230769230769231,0.0,0.0,0.0
64,22,160,161,45,1,0,13,0,0.9285714285714286,0.0,0.0,0.0
64,22,160,161,46,1,0,13,0,0.9285714285714286,0.0,0.0,0.0
64,22,160,161,47,1,0,13,0,0.9285714285714286,0.0,0.0,0.0
64,22,160,161,48,4,0,10,0,2.857142857142857,0.0,0.0,0.0
64,22,160,161,49,1,0,11,0,0.9166666666666666,0.0,0.0,0.0
64,22,160,161,52,1,0,12,0,0.9230769230769231,0.0,0.0,0.0
64,22,160,161,54,1,0,11,0,0.9166666666666666,0.0,0.0,0.0
64,22,160,161,63,2,0,1,0,0.6666666666666666,0.0,0.0,0.0
64,22,168,169,19,3,0,31,0,2.735294117647059,0.0,0.0,0.0
64,22,168,169,20,1,0,31,0,0.96875,0.0,0.0,0.0
64,22,168,169,21,2,0,33,0,1.8857142857142857,0.0,0.0,0.0
64,22,168,169,22,1,0,36,0,0.972972972972973,0.0,0.0,0.0
64,22,168,169,23,2,0,39,0,1.9024390243902438,0.0,0.0,0.0
64,22,168,169,24,2,0,41,0,1.9069767441860466,0.0,0.0,0.0
64,22,168,169,25,2,0,43,0,1.9111111111111112,0.0,0.0,0.0
64,22,168,169,26,2,0,42,0,1.9090909090909092,0.0,0.0,0.0
64,22,168,169,27,2,0,40,0,1.9047619047619047,0.0,0.0,0.0
64,22,168,169,28,2,0,37,0,1.8974358974358974,0.0,0.0,0.0
64,22,168,169,29,2,0,35,0,1.8918918918918919,0.0,0.0,0.0
64,22,168,169,30,2,0,33,0,1.8857142857142857,0.0,0.0,0.0
64,22,168,169,31,2,0,31,0,1.878787878787879,0.0,0.0,0.0
64,22,168,169,43,1,0,18,0,0.9473684210526315,0.0,0.0,0.0
64,22,168,169,45,1,0,19,0,0.95,0.0,0.0,0.0
64,22,168,169,49,2,0,18,0,1.8,0.0,0.0,0.0
64,22,168,169,50,1,0,18,0,0.9473684210526315,0.0,0.0,0.0
64,22,168,169,51,5,0,14,0,3.6842105263157894,0.0,0.0,0.0
64,22,168,169,52,1,0,14,0,0.9333333333333333,0.0,0.0,0.0
64,22,168,169,53,2,1,13,0,1.7333333333333334,0.5,0.0,0.5
64,22,176,177,19,2,0,32,0,1.8823529411764706,0.0,0.0,0.0
64,22,176,177,20,2,0,32,0,1.8823529411764706,0.0,0.0,0.0
64,22,176,177,21,2,0,34,0,1.8888888888888888,0.0,0.0,0.0
64,22,176,177,22,2,0,36,0,1.894736842105263,0.0,0.0,0.0
64,22,176,177,23,2,0,39,0,1.9024390243902438,0.0,0.0,0.0
64,22,176,177,24,2,0,41,0,1.9069767441860466,0.0,0.0,0.0
64,22,176,177,25,2,0,43,0,1.9111111111111112,0.0,0.0,0.0
64,22,176,177,26,2,0,42,0,1.9090909090909092,0.0,0.0,0.0
64,22,176,177,27,2,0,40,0,1.9047619047619047,0.0,0.0,0.0
64,22,176,177,28,2,0,37,0,1.8974358974358974,0.0,0.0,0.0
64,22,176,177,29,2,0,35,0,1.8918918918918919,0.0,0.0,0.0
64,22,176,177,30,2,0,33,0,1.8857142857142857,0.0,0.0,0.0
64,22,176,177,31,2,0,31,0,1.878787878787879,0.0,0.0,0.0
64,22,184,185,19,1,0,33,0,0.9705882352941176,0.0,0.0,0.0
64,22,184,185,20,2,0,33,0,1.8857142857142857,0.0,0.0,0.0
64,22,184,185,21,2,0,35,0,1.8918918918918919,0.0,0.0,0.0
64,22,184,185,22,2,0,37,0,1.8974358974358974,0.0,0.0,0.0
64,22,184,185,23,2,0,40,0,1.9047619047619047,0.0,0.0,0.0
64,22,184,185,24,2,0,42,0,1.9090909090909092,0.0,0.0,0.0
64,22,184,185,25,3,0,43,0,2.8043478260869565,0.0,0.0,0.0
64,22,184,185,26,2,0,42,0,1.9090909090909092,0.0,0.0,0.0
64,22,184,185,27,2,0,40,0,1.9047619047619047,0.0,0.0,0.0
64,22,184,185,28,2,0,37,0,1.8974358974358974,0.0,0.0,0.0
64,22,184,185,29,2,0,35,0,1.8918918918918919,0.0,0.0,0.0
64,22,184,185,30,2,0,33,0,1.8857142857142857,0.0,0.0,0.0
64,22,184,185,31,2,0,31,0,1.878787878787879,0.0,0.0,0.0
64,22,192,193,19,1,0,33,0,0.9705882352941176,0.0,0.0,0.0
64,22,192,193,20,3,0,32,0,2.742857142857143,0.0,0.0,0.0
64,22,192,193,21,2,0,34,0,1.8888888888888888,0.0,0.0,0.0
64,22,192,193,22,2,0,36,0,1.894736842105263,0.0,0.0,0.0
64,22,192,193,23,2,0,39,0,1.9024390243902438,0.0,0.0,0.0
64,22,192,193,24,2,0,41,0,1.9069767441860466,0.0,0.0,0.0
64,22,192,193,25,1,0,44,0,0.9777777777777777,0.0,0.0,0.0
64,22,192,193,26,2,0,43,0,1.9111111111111112,0.0,0.0,0.0
64,22,192,193,27,2,0,41,0,1.9069767441860466,0.0,0.0,0.0
64,22,192,193,28,2,0,38,0,1.9,0.0,0.0,0.0
64,22,192,193,29,2,0,36,0,1.894736842105263,0.0,0.0,0.0
64,22,192,193,30,2,0,34,0,1.8888888888888888,0.0,0.0,0.0
64,22,192,193,31,3,0,31,0,2.735294117647059,0.0,0.0,0.0
64,22,200,201,19,1,0,33,0,0.9705882352941176,0.0,0.0,0.0
64,22,200,201,20,2,0,33,0,1.8857142857142857,0.0,0.0,0.0
64,22,200,201,21,2,0,35,0,1.8918918918918919,0.0,0.0,0.0
64,22,200,201,22,2,0,37,0,1.8974358974358974,0.0,0.0,0.0
64,22,200,201,23,2,0,40,0,1.9047619047619047,0.0,0.0,0.0
64,22,200,201,24,1,0,43,0,0.9772727272727273,0.0,0.0,0.0
64,22,200,201,25,2,0,45,0,1.9148936170212767,0.0,0.0,0.0
64,22,200,201,26,2,0,44,0,1.9130434782608696,0.0,0.0,0.0
64,22,200,201,27,2,0,42,0,1.9090909090909092,0.0,0.0,0.0
64,22,200,201,28,2,0,39,0,1.9024390243902438,0.0,0.0,0.0
64,22,200,201,29,2,0,37,0,1.8974358974358974,0.0,0.0,0.0
64,22,200,201,30,2,0,35,0,1.8918918918918919,0.0,0.0,0.0
64,22,200,201,31,2,0,33,0,1.8857142857142857,0.0,0.0,0.0
64,22,200,201,32,2,0,30,0,1.875,0.0,0.0,0.0
64,22,208,209,20,2,0,34,0,1.8888888888888888,0.0,0.0,0.0
64,22,208,209,21,2,0,36,0,1.894736842105263,0.0,0.0,0.0
64,22,208,209,22,2,0,38,0,1.9,0.0,0.0,0.0
64,22,208,209,23,2,0,41,0,1.9069767441860466,0.0,0.0,0.0
64,22,208,209,24,2,0,43,0,1.9111111111111112,0.0,0.0,0.0
64,22,208,209,25,2,0,45,0,1.9148936170212767,0.0,0.0,0.0
64,22,208,209,26,2,0,44,0,1.9130434782608696,0.0,0.0,0.0
64,22,208,209,27,2,0,42,0,1.9090909090909092,0.0,0.0,0.0
64,22,208,209,28,2,0,39,0,1.9024390243902438,0.0,0.0,0.0
64,22,208,209,29,2,0,37,0,1.8974358974358974,0.0,0.0,0.0
64,22,208,209,30,2,0,35,0,1.8918918918918919,0.0,0.0,0.0
64,22,208,209,31,2,0,33,0,1.8857142857142857,0.0,0.0,0.0
64,22,208,209,32,2,0,30,0,1.875,0.0,0.0,0.0
64,22,216,217,20,1,0,35,0,0.9722222222222222,0.0,0.0,0.0
64,22,216,217,21,2,0,37,0,1.8974358974358974,0.0,0.0,0.0
64,22,216,217,22,2,0,39,0,1.9024390243902438,0.0,0.0,0.0
64,22,216,217,23,2,0,42,0,1.9090909090909092,0.0,0.0,0.0
64,22,216,217,24,2,0,44,0,1.9130434782608696,0.0,0.0,0.0
64,22,216,217,25,2,0,46,0,1.9166666666666667,0.0,0.0,0.0
64,22,216,217,26,2,0,45,0,1.9148936170212767,0.0,0.0,0.0
64,22,216,217,27,2,0,43,0,1.9111111111111112,0.0,0.0,0.0
64,22,216,217,28,2,0,40,0,1.9047619047619047,0.0,0.0,0.0
64,22,216,217,29,3,0,37,0,2.775,0.0,0.0,0.0
64,22,216,217,30,2,0,35,0,1.8918918918918919,0.0,0.0,0.0
64,22,216,217,31,2,0,33,0,1.8857142857142857,0.0,0.0,0.0
64,22,216,217,32,2,0,30,0,1.875,0.0,0.0,0.0
64,22,224,225,20,2,0,34,0,1.8888888888888888,0.0,0.0,0.0
64,22,224,225,21,2,0,36,0,1.894736842105263,0.0,0.0,0.0
64,22,224,225,22,1,0,39,0,0.975,0.0,0.0,0.0
64,22,224,225,23,2,0,42,0,1.9090909090909092,0.0,0.0,0.0
64,22,224,225,24,1,0,45,0,0.9782608695652174,0.0,0.0,0.0
64,22,224,225,25,2,0,47,0,1.9183673469387754,0.0,0.0,0.0
64,22,224,225,26,2,0,46,0,1.9166666666666667,0.0,0.0,0.0
64,22,224,225,27,2,0,44,0,1.9130434782608696,0.0,0.0,0.0
64,22,224,225,28,1,0,42,0,0.9767441860465116,0.0,0.0,0.0
64,22,224,225,29,2,0,40,0,1.9047619047619047,0.0,0.0,0.0
64,22,224,225,30,2,0,38,0,1.9,0.0,0.0,0.0
64,22,224,225,31,3,0,35,0,2.763157894736842,0.0,0.0,0.0
64,22,224,225,32,2,0,32,0,1.8823529411764706,0.0,0.0,0.0
64,22,224,225,33,2,0,29,0,1.8709677419354838,0.0,0.0,0.0
64,22,232,233,21,2,0,38,0,1.9,0.0,0.0,0.0
64,22,232,233,22,2,0,40,0,1.9047619047619047,0.0,0.0,0.0
64,22,232,233,23,2,0,43,0,1.9111111111111112,0.0,0.0,0.0
64,22,232,233,24,1,0,46,0,0.9787234042553191,0.0,0.0,0.0
64,22,232,233,25,2,0,48,0,1.92,0.0,0.0,0.0
64,22,232,233,26,1,0,48,0,0.9795918367346939,0.0,0.0,0.0
64,22,232,233,27,2,0,46,0,1.9166666666666667,0.0,0.0,0.0
64,22,232,233,28,2,0,43,0,1.9111111111111112,0.0,0.0,0.0
64,22,232,233,29,2,0,41,0,1.9069767441860466,0.0,0.0,0.0
64,22,232,233,31,2,0,39,0,1.9024390243902438,0.0,0.0,0.0
64,22,232,233,32,3,0,35,0,2.763157894736842,0.0,0.0,0.0
64,22,232,233,33,4,0,30,0,3.5294117647058822,0.0,0.0,0.0
64,22,232,233,34,1,1,27,0,0.9642857142857143,1.0,0.0,1.0
64,22,240,241,22,1,0,43,0,0.9772727272727273,0.0,0.0,0.0
64,22,240,241,23,1,0,47,0,0.9791666666666666,0.0,0.0,0.0
64,22,240,241,24,1,0,50,0,0.9803921568627451,0.0,0.0,0.0
64,22,240,241,25,2,0,52,0,1.9259259259259258,0.0,0.0,0.0
64,22,240,241,26,1,0,52,0,0.9811320754716981,0.0,0.0,0.0
64,22,240,241,27,2,0,50,0,1.9230769230769231,0.0,0.0,0.0
64,22,240,241,28,2,0,47,0,1.9183673469387754,0.0,0.0,0.0
64,22,240,241,29,2,0,45,0,1.9148936170212767,0.0,0.0,0.0
64,22,240,241,30,1,0,44,0,0.9777777777777777,0.0,0.0,0.0
64,22,240,241,31,2,0,42,0,1.9090909090909092,0.0,0.0,0.0
64,22,240,241,32,1,0,40,0,0.975609756097561,0.0,0.0,0.0
64,22,240,241,33,4,0,34,0,3.5789473684210527,0.0,0.0,0.0
64,22,240,241,34,2,0,29,0,1.8709677419354838,0.0,0.0,0.0
64,22,240,241,35,2,0,24,0,1.8461538461538463,0.0,0.0,0.0
64,22,248,249,24,2,0,51,0,1.9245283018867925,0.0,0.0,0.0
64,22,248,249,26,2,0,54,0,1.9285714285714286,0.0,0.0,0.0
64,22,248,249,35,3,0,27,0,2.7,0.0,0.0,0.0
64,22,248,249,36,2,0,21,0,1.826086956521739,0.0,0.0,0.0
64,23,16,17,13,4,3,1,0,0.8,0.75,0.0,0.75
64,23,16,17,14,10,8,5,0,3.3333333333333335,0.8,0.0,0.8
64,23,16,17,15,9,2,14,0,5.478260869565218,0.2222222222222222,0.0,0.2222222222222222
64,23,24,25,19,8,6,1,0,0.8888888888888888,0.75,0.0,0.75
64,23,24,25,20,5,2,7,0,2.9166666666666665,0.4,0.0,0.4
64,23,24,25,21,8,0,10,0,4.444444444444445,0.0,0.0,0.0
64,23,32,33,27,3,1,2,0,1.2,0.3333333333333333,0.0,0.3333333333333333
64,23,40,41,9,2,1,1,0,0.6666666666666666,0.5,0.0,0.5
64,23,40,41,10,2,2,4,0,1.3333333333333333,1.0,0.0,1.0
64,23,40,41,11,2,0,5,0,1.4285714285714286,0.0,0.0,0.0
64,23,40,41,13,1,0,8,0,0.8888888888888888,0.0,0.0,0.0
64,23,40,41,14,3,0,7,0,2.1,0.0,0.0,0.0
64,23,40,41,15,4,0,5,0,2.2222222222222223,0.0,0.0,0.0
64,23,40,41,16,2,0,5,0,1.4285714285714286,0.0,0.0,0.0
64,23,40,41,18,1,0,1,0,0.5,0.0,0.0,0.0
64,23,48,49,4,1,0,3,0,0.75,0.0,0.0,0.0
64,23,48,49,5,6,0,1,0,0.8571428571428571,0.0,0.0,0.0
64,23,48,49,6,2,0,4,0,1.3333333333333333,0.0,0.0,0.0
64,23,48,49,7,6,0,1,0,0.8571428571428571,0.0,0.0,0.0
64,23,48,49,8,1,0,2,0,0.6666666666666666,0.0,0.0,0.0
64,23,48,49,9,2,0,1,0,0.6666666666666666,0.0,0.0,0.0
64,23,48,49,11,1,0,5,0,0.8333333333333334,0.0,0.0,0.0
64,23,48,49,13,4,0,9,0,2.769230769230769,0.0,0.0,0.0
64,23,48,49,14,1,0,14,0,0.9333333333333333,0.0,0.0,0.0
64,23,48,49,15,2,0,16,0,1.7777777777777777,0.0,0.0,0.0
64,23,48,49,17,5,0,15,0,3.75,0.0,0.0,0.0
64,23,48,49,19,6,0,11,0,3.8823529411764706,0.0,0.0,0.0
64,23,48,49,20,2,0,9,0,1.6363636363636365,0.0,0.0,0.0
64,23,48,49,21,4,0,4,0,2.0,0.0,0.0,0.0
64,23,48,49,22,1,0,2,0,0.6666666666666666,0.0,0.0,0.0
64,23,56,57,5,3,0,13,0,2.4375,0.0,0.0,0.0
64,23,56,57,7,4,0,11,0,2.933333333333333,0.0,0.0,0.0
64,23,56,57,9,4,0,12,0,3.0,0.0,0.0,0.0
64,23,56,57,10,1,0,15,0,0.9375,0.0,0.0,0.0
64,23,56,57,11,3,0,15,0,2.5,0.0,0.0,0.0
64,23,56,57,13,3,1,17,0,2.55,0.3333333333333333,0.0,0.3333333333333333
64,23,56,57,15,1,0,20,0,0.9523809523809523,0.0,0.0,0.0
64,23,56,57,25,8,0,1,0,0.8888888888888888,0.0,0.0,0.0
64,24,8,9,9,25,25,1,0,0.9615384615384616,1.0,0.0,1.0
64,24,16,17,14,1,0,1,0,0.5,0.0,0.0,0.0
64,24,16,17,15,28,18,2,0,1.8666666666666667,0.6428571428571429,0.0,0.6428571428571429
64,24,24,25,20,2,0,6,0,1.5,0.0,0.0,0.0
64,24,24,25,21,5,5,6,0,2.727272727272727,1.0,0.0,1.0
64,24,40,41,10,2,0,2,0,1.0,0.0,0.0,0.0
64,24,40,41,11,1,0,4,0,0.8,0.0,0.0,0.0
64,24,40,41,12,2,0,5,0,1.4285714285714286,0.0,0.0,0.0
64,24,40,41,13,1,0,7,0,0.875,0.0,0.0,0.0
64,24,40,41,14,2,0,8,0,1.6,0.0,0.0,0.0
64,24,40,41,15,1,0,10,0,0.9090909090909091,0.0,0.0,0.0
64,24,40,41,17,4,0,8,0,2.6666666666666665,0.0,0.0,0.0
64,24,40,41,18,2,0,8,0,1.6,0.0,0.0,0.0
64,24,40,41,19,3,0,5,0,1.875,0.0,0.0,0.0
64,24,40,41,20,1,0,4,0,0.8,0.0,0.0,0.0
64,24,40,41,21,2,0,2,0,1.0,0.0,0.0,0.0
64,24,48,49,2,1,0,5,0,0.8333333333333334,0.0,0.0,0.0
64,24,48,49,3,1,0,6,0,0.8571428571428571,0.0,0.0,0.0
64,24,48,49,4,1,0,7,0,0.875,0.0,0.0,0.0
64,24,48,49,5,7,0,2,0,1.5555555555555556,0.0,0.0,0.0
64,24,48,49,6,3,0,1,0,0.75,0.0,0.0,0.0
64,24,48,49,7,2,0,2,0,1.0,0.0,0.0,0.0
64,24,48,49,8,1,0,4,0,0.8,0.0,0.0,0.0
64,24,48,49,9,2,0,5,0,1.4285714285714286,0.0,0.0,0.0
64,24,48,49,10,1,0,7,0,0.875,0.0,0.0,0.0
64,24,48,49,11,2,0,8,0,1.6,0.0,0.0,0.0
64,24,48,49,13,1,0,10,0,0.9090909090909091,0.0,0.0,0.0
64,24,48,49,14,1,0,11,0,0.9166666666666666,0.0,0.0,0.0
64,24,48,49,15,1,0,12,0,0.9230769230769231,0.0,0.0,0.0
64,24,48,49,16,1,0,13,0,0.9285714285714286,0.0,0.0,0.0
64,24,48,49,17,1,0,13,0,0.9285714285714286,0.0,0.0,0.0
64,24,56,57,7,6,0,15,0,4.285714285714286,0.0,0.0,0.0
64,24,56,57,8,3,0,17,0,2.55,0.0,0.0,0.0
64,24,56,57,9,6,0,15,0,4.285714285714286,0.0,0.0,0.0
64,24,56,57,10,1,0,16,0,0.9411764705882353,0.0,0.0,0.0
64,24,56,57,11,3,0,15,0,2.5,0.0,0.0,0.0
64,24,56,57,12,1,0,15,0,0.9375,0.0,0.0,0.0
64,24,56,57,13,4,0,13,0,3.0588235294117645,0.0,0.0,0.0
64,24,64,65,15,3,0,27,0,2.7,0.0,0.0,0.0
64,24,64,65,17,6,0,19,0,4.56,0.0,0.0,0.0
64,24,64,65,18,3,0,14,0,2.4705882352941178,0.0,0.0,0.0
64,24,64,65,19,3,0,10,0,2.3076923076923075,0.0,0.0,0.0
64,25,16,17,15,8,8,5,0,3.076923076923077,1.0,0.0,1.0
64,25,24,25,18,1,0,2,0,0.6666666666666666,0.0,0.0,0.0
64,25,24,25,19,4,3,2,0,1.3333333333333333,0.75,0.0,0.75
64,25,24,25,20,9,0,5,0,3.2142857142857144,0.0,0.0,0.0
64,25,24,25,21,2,0,14,0,1.75,0.0,0.0,0.0
64,25,32,33,25,7,7,1,0,0.875,1.0,0.0,1.0
64,25,32,33,26,4,0,7,0,2.5454545454545454,0.0,0.0,0.0
64,25,32,33,27,7,4,10,0,4.117647058823529,0.5714285714285714,0.0,0.5714285714285714
64,25,40,41,26,1,0,1,0,0.5,0.0,0.0,0.0
64,25,40,41,33,6,5,9,0,3.6,0.8333333333333334,0.0,0.8333333333333334
64,25,48,49,15,1,0,3,0,0.75,0.0,0.0,0.0
64,25,48,49,16,1,0,4,0,0.8,0.0,0.0,0.0
64,25,48,49,17,1,0,5,0,0.8333333333333334,0.0,0.0,0.0
64,25,48,49,18,1,0,6,0,0.8571428571428571,0.0,0.0,0.0
64,25,48,49,19,1,0,6,0,0.8571428571428571,0.0,0.0,0.0
64,25,48,49,20,1,0,6,0,0.8571428571428571,0.0,0.0,0.0
64,25,48,49,21,1,0,6,0,0.8571428571428571,0.0,0.0,0.0
64,25,48,49,22,1,0,6,0,0.8571428571428571,0.0,0.0,0.0
64,25,48,49,23,1,0,6,0,0.8571428571428571,0.0,0.0,0.0
64,25,48,49,24,1,0,6,0,0.8571428571428571,0.0,0.0,0.0
64,25,48,49,25,2,0,5,0,1.4285714285714286,0.0,0.0,0.0
64,25,48,49,26,1,0,5,0,0.8333333333333334,0.0,0.0,0.0
64,25,48,49,28,1,0,5,0,0.8333333333333334,0.0,0.0,0.0
64,25,48,49,37,1,1,14,0,0.9333333333333333,1.0,0.0,1.0
64,25,56,57,15,1,0,4,0,0.8,0.0,0.0,0.0
64,25,56,57,17,1,0,7,0,0.875,0.0,0.0,0.0
64,25,56,57,18,1,0,8,0,0.8888888888888888,0.0,0.0,0.0
64,25,56,57,19,1,0,8,0,0.8888888888888888,0.0,0.0,0.0
64,25,56,57,21,1,0,9,0,0.9,0.0,0.0,0.0
64,25,56,57,22,1,0,9,0,0.9,0.0,0.0,0.0
64,25,56,57,23,1,0,9,0,0.9,0.0,0.0,0.0
64,25,56,57,25,2,0,9,0,1.6363636363636365,0.0,0.0,0.0
64,25,56,57,27,2,0,9,0,1.6363636363636365,0.0,0.0,0.0
64,25,56,57,28,1,0,9,0,0.9,0.0,0.0,0.0
64,25,56,57,29,3,0,5,0,1.875,0.0,0.0,0.0
64,25,64,65,10,1,0,1,0,0.5,0.0,0.0,0.0
64,25,64,65,11,1,0,1,0,0.5,0.0,0.0,0.0
64,25,64,65,12,1,0,1,0,0.5,0.0,0.0,0.0
64,25,64,65,21,2,0,12,0,1.7142857142857142,0.0,0.0,0.0
64,25,64,65,23,1,0,13,0,0.9285714285714286,0.0,0.0,0.0
64,25,64,65,25,2,0,13,0,1.7333333333333334,0.0,0.0,0.0
64,25,64,65,27,2,0,13,0,1.7333333333333334,0.0,0.0,0.0
64,25,64,65,29,1,0,12,0,0.9230769230769231,0.0,0.0,0.0
64,25,64,65,31,2,0,12,0,1.7142857142857142,0.0,0.0,0.0
64,25,64,65,33,3,0,11,0,2.357142857142857,0.0,0.0,0.0
64,25,64,65,34,1,0,12,0,0.9230769230769231,0.0,0.0,0.0
64,25,64,65,35,2,1,12,0,1.7142857142857142,0.5,0.0,0.5
64,25,72,73,2,3,0,1,0,0.75,0.0,0.0,0.0
64,25,72,73,3,3,0,1,0,0.75,0.0,0.0,0.0
64,25,72,73,4,1,0,2,0,0.6666666666666666,0.0,0.0,0.0
64,25,72,73,5,2,0,2,0,1.0,0.0,0.0,0.0
64,25,72,73,7,2,0,4,0,1.3333333333333333,0.0,0.0,0.0
64,25,72,73,8,2,0,4,0,1.3333333333333333,0.0,0.0,0.0
64,25,72,73,9,2,0,4,0,1.3333333333333333,0.0,0.0,0.0
64,25,72,73,10,1,0,5,0,0.8333333333333334,0.0,0.0,0.0
64,25,72,73,11,2,0,4,0,1.3333333333333333,0.0,0.0,0.0
64,25,72,73,13,4,0,1,0,0.8,0.0,0.0,0.0
64,25,80,81,2,2,0,6,0,1.5,0.0,0.0,0.0
64,25,80,81,3,3,0,7,0,2.1,0.0,0.0,0.0
64,25,80,81,4,2,0,8,0,1.6,0.0,0.0,0.0
64,25,80,81,5,3,0,7,0,2.1,0.0,0.0,0.0
64,25,80,81,6,3,0,7,0,2.1,0.0,0.0,0.0
64,25,80,81,7,1,0,8,0,0.8888888888888888,0.0,0.0,0.0
64,25,80,81,8,1,0,8,0,0.8888888888888888,0.0,0.0,0.0
64,25,80,81,9,1,0,8,0,0.8888888888888888,0.0,0.0,0.0
64,25,80,81,11,1,0,8,0,0.8888888888888888,0.0,0.0,0.0
64,25,80,81,12,1,0,7,0,0.875,0.0,0.0,0.0
64,25,80,81,13,1,0,5,0,0.8333333333333334,0.0,0.0,0.0
64,25,80,81,14,2,0,4,0,1.3333333333333333,0.0,0.0,0.0
64,25,88,89,5,1,0,15,0,0.9375,0.0,0.0,0.0
64,25,88,89,6,2,0,13,0,1.7333333333333334,0.0,0.0,0.0
64,25,88,89,7,2,0,11,0,1.6923076923076923,0.0,0.0,0.0
64,25,88,89,9,1,0,11,0,0.9166666666666666,0.0,0.0,0.0
64,25,88,89,10,1,0,11,0,0.9166666666666666,0.0,0.0,0.0
64,25,88,89,12,1,0,10,0,0.9090909090909091,0.0,0.0,0.0
64,25,88,89,13,1,0,8,0,0.8888888888888888,0.0,0.0,0.0
64,25,88,89,15,1,0,9,0,0.9,0.0,0.0,0.0
64,25,88,89,17,2,0,11,0,1.6923076923076923,0.0,0.0,0.0
64,25,88,89,19,3,1,12,0,2.4,0.3333333333333333,0.0,0.3333333333333333
64,25,96,97,9,4,0,13,0,3.0588235294117645,0.0,0.0,0.0
64,25,96,97,11,1,0,13,0,0.9285714285714286,0.0,0.0,0.0
64,25,96,97,13,2,1,11,0,1.6923076923076923,0.5,0.0,0.5
64,26,16,17,14,3,0,5,0,1.875,0.0,0.0,0.0
64,26,16,17,15,18,5,7,0,5.04,0.2777777777777778,0.0,0.2777777777777778
64,26,24,25,18,2,0,1,0,0.6666666666666666,0.0,0.0,0.0
64,26,24,25,19,8,7,2,0,1.6,0.875,0.0,0.875
64,26,24,25,20,8,0,11,0,4.631578947368421,0.0,0.0,0.0
64,26,24,25,21,12,2,20,0,7.5,0.16666666666666666,0.0,0.16666666666666666
64,26,32,33,23,3,3,1,0,0.75,1.0,0.0,1.0
64,26,32,33,24,2,1,3,0,1.2,0.5,0.0,0.5
64,26,32,33,25,8,8,4,0,2.6666666666666665,1.0,0.0,1.0
64,26,32,33,26,4,2,12,0,3.0,0.5,0.0,0.5
64,26,32,33,27,21,16,16,0,9.08108108108108,0.7619047619047619,0.0,0.7619047619047619
64,26,32,33,29,3,0,31,0,2.735294117647059,0.0,0.0,0.0
64,26,40,41,16,4,0,1,0,0.8,0.0,0.0,0.0
64,26,40,41,17,1,0,3,0,0.75,0.0,0.0,0.0
64,26,40,41,18,5,0,3,0,1.875,0.0,0.0,0.0
64,26,40,41,20,4,0,7,0,2.5454545454545454,0.0,0.0,0.0
64,26,40,41,22,6,0,6,0,3.0,0.0,0.0,0.0
64,26,40,41,23,2,0,6,0,1.5,0.0,0.0,0.0
64,26,40,41,24,4,0,4,0,2.0,0.0,0.0,0.0
64,26,40,41,25,2,0,4,0,1.3333333333333333,0.0,0.0,0.0
64,26,40,41,26,1,0,4,0,0.8,0.0,0.0,0.0
64,26,40,41,27,2,1,3,0,1.2,0.5,0.0,0.5
64,26,40,41,28,3,0,1,0,0.75,0.0,0.0,0.0
64,26,40,41,29,1,1,1,0,0.5,1.0,0.0,1.0
64,26,40,41,30,1,0,2,0,0.6666666666666666,0.0,0.0,0.0
64,26,40,41,31,8,6,3,0,2.1818181818181817,0.75,0.0,0.75
64,26,40,41,32,3,0,11,0,2.357142857142857,0.0,0.0,0.0
64,26,40,41,33,12,10,13,1,6.24,0.8333333333333334,0.07692307692307693,0.7564102564102564
64,26,40,41,34,2,0,24,0,1.8461538461538463,0.0,0.0,0.0
64,26,40,41,35,1,0,25,2,0.9615384615384616,0.0,0.08,-0.08
64,26,48,49,14,1,0,4,0,0.8,0.0,0.0,0.0
64,26,48,49,16,1,0,7,0,0.875,0.0,0.0,0.0
64,26,48,49,20,1,0,14,0,0.9333333333333333,0.0,0.0,0.0
64,26,48,49,21,1,0,16,0,0.9411764705882353,0.0,0.0,0.0
64,26,48,49,22,2,0,17,0,1.7894736842105263,0.0,0.0,0.0
64,26,48,49,24,1,0,19,0,0.95,0.0,0.0,0.0
64,26,48,49,25,3,0,17,0,2.55,0.0,0.0,0.0
64,26,48,49,26,5,0,14,0,3.6842105263157894,0.0,0.0,0.0
64,26,48,49,27,1,0,17,0,0.9444444444444444,0.0,0.0,0.0
64,26,48,49,28,6,0,14,0,4.2,0.0,0.0,0.0
64,26,48,49,29,3,0,11,0,2.357142857142857,0.0,0.0,0.0
64,26,48,49,30,3,0,7,0,2.1,0.0,0.0,0.0
64,26,48,49,31,2,0,6,0,1.5,0.0,0.0,0.0
64,26,48,49,32,5,0,5,0,2.5,0.0,0.0,0.0
64,26,48,49,33,5,2,7,0,2.9166666666666665,0.4,0.0,0.4
64,26,48,49,34,6,0,8,0,3.4285714285714284,0.0,0.0,0.0
64,26,48,49,35,7,2,9,0,3.9375,0.2857142857142857,0.0,0.2857142857142857
64,26,48,49,36,3,0,11,0,2.357142857142857,0.0,0.0,0.0
64,26,48,49,37,6,1,9,0,3.6,0.16666666666666666,0.0,0.16666666666666666
64,26,48,49,38,2,0,11,0,1.6923076923076923,0.0,0.0,0.0
64,26,48,49,39,6,3,11,0,3.8823529411764706,0.5,0.0,0.5
64,26,48,49,41,3,2,15,0,2.5,0.6666666666666666,0.0,0.6666666666666666
64,26,48,49,42,3,0,16,0,2.526315789473684,0.0,0.0,0.0
64,26,56,57,8,2,0,1,0,0.6666666666666666,0.0,0.0,0.0
64,26,56,57,9,2,0,1,0,0.6666666666666666,0.0,0.0,0.0
64,26,56,57,10,1,0,1,0,0.5,0.0,0.0,0.0
64,26,56,57,11,1,0,1,0,0.5,0.0,0.0,0.0
64,26,56,57,24,1,0,21,0,0.9545454545454546,0.0,0.0,0.0
64,26,56,57,25,1,0,22,0,0.9565217391304348,0.0,0.0,0.0
64,26,56,57,26,1,0,23,0,0.9583333333333334,0.0,0.0,0.0
64,26,56,57,27,1,0,25,0,0.9615384615384616,0.0,0.0,0.0
64,26,56,57,28,1,0,26,0,0.9629629629629629,0.0,0.0,0.0
64,26,56,57,29,1,0,24,0,0.96,0.0,0.0,0.0
64,26,56,57,30,2,0,19,0,1.8095238095238095,0.0,0.0,0.0
64,26,56,57,32,2,0,15,0,1.7647058823529411,0.0,0.0,0.0
64,26,56,57,33,4,1,14,0,3.111111111111111,0.25,0.0,0.25
64,26,56,57,34,5,0,12,0,3.5294117647058822,0.0,0.0,0.0
64,26,56,57,35,3,1,12,0,2.4,0.3333333333333333,0.0,0.3333333333333333
64,26,56,57,36,3,1,12,0,2.4,0.3333333333333333,0.0,0.3333333333333333
64,26,56,57,37,4,1,11,0,2.933333333333333,0.25,0.0,0.25
64,26,56,57,38,4,0,10,0,2.857142857142857,0.0,0.0,0.0
64,26,56,57,39,5,1,8,0,3.076923076923077,0.2,0.0,0.2
64,26,56,57,40,2,0,9,0,1.6363636363636365,0.0,0.0,0.0
64,26,56,57,41,2,0,9,0,1.6363636363636365,0.0,0.0,0.0
64,26,56,57,42,2,0,9,0,1.6363636363636365,0.0,0.0,0.0
64,26,56,57,43,3,1,9,0,2.25,0.3333333333333333,0.0,0.3333333333333333
64,26,56,57,44,3,0,9,0,2.25,0.0,0.0,0.0
64,26,56,57,45,2,0,12,0,1.7142857142857142,0.0,0.0,0.0
64,26,64,65,1,1,0,2,0,0.6666666666666666,0.0,0.0,0.0
64,26,64,65,2,3,1,3,0,1.5,0.3333333333333333,0.0,0.3333333333333333
64,26,64,65,3,1,0,6,0,0.8571428571428571,0.0,0.0,0.0
64,26,64,65,4,2,0,7,0,1.5555555555555556,0.0,0.0,0.0
64,26,64,65,6,2,0,9,0,1.6363636363636365,0.0,0.0,0.0
64,26,64,65,7,2,0,9,0,1.6363636363636365,0.0,0.0,0.0
64,26,64,65,8,5,0,7,0,2.9166666666666665,0.0,0.0,0.0
64,26,64,65,10,2,0,6,0,1.5,0.0,0.0,0.0
64,26,64,65,12,2,0,3,0,1.2,0.0,0.0,0.0
64,26,64,65,13,2,0,3,0,1.2,0.0,0.0,0.0
64,26,64,65,20,1,0,15,0,0.9375,0.0,0.0,0.0
64,26,64,65,22,2,0,20,0,1.8181818181818181,0.0,0.0,0.0
64,26,64,65,23,1,0,22,0,0.9565217391304348,0.0,0.0,0.0
64,26,64,65,24,1,0,23,0,0.9583333333333334,0.0,0.0,0.0
64,26,64,65,25,1,0,24,0,0.96,0.0,0.0,0.0
64,26,64,65,30,1,0,25,0,0.9615384615384616,0.0,0.0,0.0
64,26,64,65,31,1,0,23,0,0.9583333333333334,0.0,0.0,0.0
64,26,64,65,32,1,0,22,0,0.9565217391304348,0.0,0.0,0.0
64,26,64,65,33,2,0,20,0,1.8181818181818181,0.0,0.0,0.0
64,26,64,65,34,2,0,19,0,1.8095238095238095,0.0,0.0,0.0
64,26,64,65,35,3,0,18,0,2.5714285714285716,0.0,0.0,0.0
64,26,64,65,36,5,0,15,0,3.75,0.0,0.0,0.0
64,26,64,65,37,2,0,15,0,1.7647058823529411,0.0,0.0,0.0
64,26,64,65,38,4,0,14,0,3.111111111111111,0.0,0.0,0.0
64,26,64,65,39,2,0,15,0,1.7647058823529411,0.0,0.0,0.0
64,26,64,65,40,3,0,14,0,2.4705882352941178,0.0,0.0,0.0
64,26,64,65,41,3,0,14,0,2.4705882352941178,0.0,0.0,0.0
64,26,64,65,42,3,0,12,0,2.4,0.0,0.0,0.0
64,26,64,65,43,3,0,11,0,2.357142857142857,0.0,0.0,0.0
64,26,64,65,44,3,0,9,0,2.25,0.0,0.0,0.0
64,26,64,65,45,2,0,8,0,1.6,0.0,0.0,0.0
64,26,64,65,46,3,0,8,0,2.1818181818181817,0.0,0.0,0.0
64,26,64,65,47,3,1,9,0,2.25,0.3333333333333333,0.0,0.3333333333333333
64,26,64,65,48,2,0,9,0,1.6363636363636365,0.0,0.0,0.0
64,26,64,65,49,5,3,9,0,3.2142857142857144,0.6,0.0,0.6
64,26,72,73,8,1,0,15,0,0.9375,0.0,0.0,0.0
64,26,72,73,10,2,0,14,0,1.75,0.0,0.0,0.0
64,26,72,73,11,2,0,12,0,1.7142857142857142,0.0,0.0,0.0
64,26,72,73,12,2,0,9,0,1.6363636363636365,0.0,0.0,0.0
64,26,72,73,18,1,0,14,0,0.9333333333333333,0.0,0.0,0.0
64,26,72,73,20,3,0,17,0,2.55,0.0,0.0,0.0
64,26,72,73,21,1,0,22,0,0.9565217391304348,0.0,0.0,0.0
64,26,72,73,22,4,0,23,0,3.4074074074074074,0.0,0.0,0.0
64,26,72,73,23,4,0,24,0,3.4285714285714284,0.0,0.0,0.0
64,26,72,73,24,3,0,25,0,2.6785714285714284,0.0,0.0,0.0
64,26,72,73,25,2,0,27,0,1.8620689655172413,0.0,0.0,0.0
64,26,72,73,26,5,0,25,0,4.166666666666667,0.0,0.0,0.0
64,26,72,73,27,1,0,28,0,0.9655172413793104,0.0,0.0,0.0
64,26,72,73,28,1,0,30,0,0.967741935483871,0.0,0.0,0.0
64,26,72,73,30,1,0,25,0,0.9615384615384616,0.0,0.0,0.0
64,26,72,73,32,3,0,23,0,2.6538461538461537,0.0,0.0,0.0
64,26,72,73,33,3,0,22,0,2.64,0.0,0.0,0.0
64,26,72,73,34,2,0,22,0,1.8333333333333333,0.0,0.0,0.0
64,26,72,73,35,3,0,21,0,2.625,0.0,0.0,0.0
64,26,72,73,36,2,0,21,0,1.826086956521739,0.0,0.0,0.0
64,26,72,73,37,3,0,20,0,2.608695652173913,0.0,0.0,0.0
64,26,72,73,38,2,0,20,0,1.8181818181818181,0.0,0.0,0.0
64,26,72,73,39,2,0,20,0,1.8181818181818181,0.0,0.0,0.0
64,26,72,73,40,2,0,19,0,1.8095238095238095,0.0,0.0,0.0
64,26,72,73,41,2,0,18,0,1.8,0.0,0.0,0.0
64,26,72,73,42,2,0,16,0,1.7777777777777777,0.0,0.0,0.0
64,26,72,73,43,2,0,15,0,1.7647058823529411,0.0,0.0,0.0
64,26,72,73,44,3,0,13,0,2.4375,0.0,0.0,0.0
64,26,72,73,45,1,0,12,0,0.9230769230769231,0.0,0.0,0.0
64,26,72,73,46,2,0,9,0,1.6363636363636365,0.0,0.0,0.0
64,26,72,73,47,2,0,8,0,1.6,0.0,0.0,0.0
64,26,72,73,48,2,0,8,0,1.6,0.0,0.0,0.0
64,26,72,73,49,2,0,8,0,1.6,0.0,0.0,0.0
64,26,72,73,50,3,0,10,0,2.3076923076923075,0.0,0.0,0.0
64,26,72,73,51,2,0,12,0,1.7142857142857142,0.0,0.0,0.0
64,26,72,73,52,2,0,15,0,1.7647058823529411,0.0,0.0,0.0
64,26,72,73,53,3,1,18,0,2.5714285714285716,0.3333333333333333,0.0,0.3333333333333333
64,26,72,73,54,3,0,22,0,2.64,0.0,0.0,0.0
64,26,72,73,55,3,0,25,0,2.6785714285714284,0.0,0.0,0.0
64,26,72,73,56,3,0,28,0,2.7096774193548385,0.0,0.0,0.0
64,26,72,73,57,4,1,30,0,3.5294117647058822,0.25,0.0,0.25
64,26,72,73,58,1,0,33,0,0.9705882352941176,0.0,0.0,0.0
64,26,72,73,59,2,0,23,0,1.84,0.0,0.0,0.0
64,26,80,81,8,1,0,15,0,0.9375,0.0,0.0,0.0
64,26,80,81,17,1,0,13,0,0.9285714285714286,0.0,0.0,0.0
64,26,80,81,18,1,0,15,0,0.9375,0.0,0.0,0.0
64,26,80,81,19,2,0,16,0,1.7777777777777777,0.0,0.0,0.0
64,26,80,81,20,1,0,20,0,0.9523809523809523,0.0,0.0,0.0
64,26,80,81,21,1,0,23,0,0.9583333333333334,0.0,0.0,0.0
64,26,80,81,22,3,0,26,0,2.689655172413793,0.0,0.0,0.0
64,26,80,81,23,1,0,30,0,0.967741935483871,0.0,0.0,0.0
64,26,80,81,24,1,0,32,0,0.9696969696969697,0.0,0.0,0.0
64,26,80,81,25,3,0,32,0,2.742857142857143,0.0,0.0,0.0
64,26,80,81,26,5,0,29,0,4.264705882352941,0.0,0.0,0.0
64,26,80,81,27,2,0,31,0,1.878787878787879,0.0,0.0,0.0
64,26,80,81,28,3,0,31,0,2.735294117647059,0.0,0.0,0.0
64,26,80,81,29,1,0,30,0,0.967741935483871,0.0,0.0,0.0
64,26,80,81,30,2,0,25,0,1.8518518518518519,0.0,0.0,0.0
64,26,80,81,32,2,0,24,0,1.8461538461538463,0.0,0.0,0.0
64,26,80,81,33,2,0,24,0,1.8461538461538463,0.0,0.0,0.0
64,26,80,81,34,2,0,24,0,1.8461538461538463,0.0,0.0,0.0
64,26,80,81,35,2,0,23,0,1.84,0.0,0.0,0.0
64,26,80,81,36,2,0,22,0,1.8333333333333333,0.0,0.0,0.0
64,26,80,81,37,2,0,21,0,1.826086956521739,0.0,0.0,0.0
64,26,80,81,38,2,0,20,0,1.8181818181818181,0.0,0.0,0.0
64,26,80,81,39,2,0,20,0,1.8181818181818181,0.0,0.0,0.0
64,26,80,81,40,2,0,19,0,1.8095238095238095,0.0,0.0,0.0
64,26,80,81,41,2,0,18,0,1.8,0.0,0.0,0.0
64,26,80,81,42,2,0,16,0,1.7777777777777777,0.0,0.0,0.0
64,26,80,81,43,2,0,15,0,1.7647058823529411,0.0,0.0,0.0
64,26,80,81,44,2,0,14,0,1.75,0.0,0.0,0.0
64,26,80,81,45,2,0,13,0,1.7333333333333334,0.0,0.0,0.0
64,26,80,81,46,2,0,10,0,1.6666666666666667,0.0,0.0,0.0
64,26,80,81,47,4,0,8,0,2.6666666666666665,0.0,0.0,0.0
64,26,80,81,48,4,0,8,0,2.6666666666666665,0.0,0.0,0.0
64,26,80,81,49,4,0,8,0,2.6666666666666665,0.0,0.0,0.0
64,26,80,81,50,4,1,10,0,2.857142857142857,0.25,0.0,0.25
64,26,80,81,51,5,1,10,0,3.3333333333333335,0.2,0.0,0.2
64,26,80,81,52,3,0,14,0,2.4705882352941178,0.0,0.0,0.0
64,26,80,81,53,4,1,16,0,3.2,0.25,0.0,0.25
64,26,80,81,54,2,0,21,0,1.826086956521739,0.0,0.0,0.0
64,26,80,81,55,2,0,23,0,1.84,0.0,0.0,0.0
64,26,80,81,56,3,0,26,0,2.689655172413793,0.0,0.0,0.0
64,26,80,81,57,2,0,28,0,1.8666666666666667,0.0,0.0,0.0
64,26,80,81,58,3,0,29,0,2.71875,0.0,0.0,0.0
64,26,80,81,59,2,0,21,0,1.826086956521739,0.0,0.0,0.0
64,26,80,81,60,1,0,13,0,0.9285714285714286,0.0,0.0,0.0
64,26,88,89,10,3,0,16,0,2.526315789473684,0.0,0.0,0.0
64,26,88,89,12,3,0,15,0,2.5,0.0,0.0,0.0
64,26,88,89,13,1,0,16,0,0.9411764705882353,0.0,0.0,0.0
64,26,88,89,14,3,0,16,0,2.526315789473684,0.0,0.0,0.0
64,26,88,89,16,3,0,17,0,2.55,0.0,0.0,0.0
64,26,88,89,18,2,0,20,0,1.8181818181818181,0.0,0.0,0.0
64,26,88,89,20,1,0,24,0,0.96,0.0,0.0,0.0
64,26,88,89,21,1,0,27,0,0.9642857142857143,0.0,0.0,0.0
64,26,88,89,22,1,0,30,0,0.967741935483871,0.0,0.0,0.0
64,26,88,89,24,1,0,33,0,0.9705882352941176,0.0,0.0,0.0
64,26,88,89,25,1,0,35,0,0.9722222222222222,0.0,0.0,0.0
64,26,88,89,26,1,0,35,0,0.9722222222222222,0.0,0.0,0.0
64,26,88,89,45,2,0,13,0,1.7333333333333334,0.0,0.0,0.0
64,26,88,89,46,2,0,10,0,1.6666666666666667,0.0,0.0,0.0
64,26,88,89,47,2,0,8,0,1.6,0.0,0.0,0.0
64,26,88,89,48,2,0,7,0,1.5555555555555556,0.0,0.0,0.0
64,26,88,89,49,3,1,6,0,2.0,0.3333333333333333,0.0,0.3333333333333333
64,26,88,89,50,2,0,7,0,1.5555555555555556,0.0,0.0,0.0
64,26,88,89,51,5,3,7,0,2.9166666666666665,0.6,0.0,0.6
64,26,88,89,52,3,0,10,0,2.3076923076923075,0.0,0.0,0.0
64,26,88,89,53,6,3,12,0,4.0,0.5,0.0,0.5
64,26,88,89,54,3,0,18,1,2.5714285714285716,0.0,0.05555555555555555,-0.05555555555555555
64,26,88,89,55,5,3,20,0,4.0,0.6,0.0,0.6
64,26,88,89,56,3,0,23,0,2.6538461538461537,0.0,0.0,0.0
64,26,88,89,57,7,2,22,0,5.310344827586207,0.2857142857142857,0.0,0.2857142857142857
64,26,88,89,58,5,1,25,0,4.166666666666667,0.2,0.0,0.2
64,26,88,89,59,1,0,20,1,0.9523809523809523,0.0,0.05,-0.05
64,26,96,97,11,1,0,20,0,0.9523809523809523,0.0,0.0,0.0
64,26,96,97,13,1,0,21,0,0.9545454545454546,0.0,0.0,0.0
64,26,96,97,15,1,0,22,0,0.9565217391304348,0.0,0.0,0.0
64,26,96,97,16,1,0,22,0,0.9565217391304348,0.0,0.0,0.0
64,26,96,97,18,1,0,24,0,0.96,0.0,0.0,0.0
64,26,96,97,20,1,0,27,0,0.9642857142857143,0.0,0.0,0.0
64,26,96,97,22,1,0,32,0,0.9696969696969697,0.0,0.0,0.0
64,26,96,97,24,1,0,35,0,0.9722222222222222,0.0,0.0,0.0
64,26,96,97,46,2,0,12,0,1.7142857142857142,0.0,0.0,0.0
64,26,96,97,47,2,0,10,0,1.6666666666666667,0.0,0.0,0.0
64,26,96,97,48,2,0,9,0,1.6363636363636365,0.0,0.0,0.0
64,26,96,97,49,2,0,8,0,1.6,0.0,0.0,0.0
64,26,96,97,50,4,0,7,0,2.5454545454545454,0.0,0.0,0.0
64,26,96,97,51,4,1,6,0,2.4,0.25,0.0,0.25
64,26,96,97,52,3,0,8,0,2.1818181818181817,0.0,0.0,0.0
64,26,96,97,53,6,2,7,0,3.230769230769231,0.3333333333333333,0.0,0.3333333333333333
64,26,96,97,54,3,0,10,0,2.3076923076923075,0.0,0.0,0.0
64,26,96,97,55,5,1,10,0,3.3333333333333335,0.2,0.0,0.2
64,26,96,97,56,5,0,9,0,3.2142857142857144,0.0,0.0,0.0
64,26,96,97,57,1,0,12,0,0.9230769230769231,0.0,0.0,0.0
64,26,96,97,58,5,0,11,0,3.4375,0.0,0.0,0.0
64,26,96,97,59,1,0,13,0,0.9285714285714286,0.0,0.0,0.0
64,26,104,105,46,1,0,13,0,0.9285714285714286,0.0,0.0,0.0
64,26,104,105,47,1,0,12,0,0.9230769230769231,0.0,0.0,0.0
64,26,104,105,48,1,0,11,0,0.9166666666666666,0.0,0.0,0.0
64,26,104,105,49,1,0,10,0,0.9090909090909091,0.0,0.0,0.0
64,26,104,105,50,2,0,10,0,1.6666666666666667,0.0,0.0,0.0
64,26,104,105,51,3,0,8,0,2.1818181818181817,0.0,0.0,0.0
64,26,104,105,52,1,0,10,0,0.9090909090909091,0.0,0.0,0.0
64,26,104,105,53,5,0,8,0,3.076923076923077,0.0,0.0,0.0
64,26,104,105,54,2,0,11,0,1.6923076923076923,0.0,0.0,0.0
64,26,104,105,55,4,0,11,0,2.933333333333333,0.0,0.0,0.0
64,26,104,105,56,4,0,11,0,2.933333333333333,0.0,0.0,0.0
64,26,104,105,57,3,0,12,0,2.4,0.0,0.0,0.0
64,26,104,105,58,4,0,12,0,3.0,0.0,0.0,0.0
64,26,104,105,59,1,0,14,0,0.9333333333333333,0.0,0.0,0.0
64,26,112,113,47,1,0,13,0,0.9285714285714286,0.0,0.0,0.0
64,26,112,113,48,1,0,12,0,0.9230769230769231,0.0,0.0,0.0
64,26,112,113,49,1,0,11,0,0.9166666666666666,0.0,0.0,0.0
64,26,112,113,50,2,0,11,0,1.6923076923076923,0.0,0.0,0.0
64,26,112,113,51,2,0,10,0,1.6666666666666667,0.0,0.0,0.0
64,26,112,113,52,2,0,11,0,1.6923076923076923,0.0,0.0,0.0
64,26,112,113,53,2,0,12,0,1.7142857142857142,0.0,0.0,0.0
64,26,112,113,54,3,0,13,0,2.4375,0.0,0.0,0.0
64,26,112,113,55,1,0,15,0,0.9375,0.0,0.0,0.0
64,26,112,113,56,2,0,16,0,1.7777777777777777,0.0,0.0,0.0
64,26,112,113,57,2,0,17,0,1.7894736842105263,0.0,0.0,0.0
64,26,112,113,58,4,0,17,0,3.238095238095238,0.0,0.0,0.0
64,26,120,121,50,1,0,15,0,0.9375,0.0,0.0,0.0
64,26,120,121,51,1,0,15,0,0.9375,0.0,0.0,0.0
64,26,120,121,52,1,0,17,0,0.9444444444444444,0.0,0.0,0.0
64,26,120,121,53,1,0,19,0,0.95,0.0,0.0,0.0
64,26,120,121,55,1,0,25,0,0.9615384615384616,0.0,0.0,0.0
64,26,120,121,56,3,0,25,0,2.6785714285714284,0.0,0.0,0.0
64,26,120,121,57,2,0,26,0,1.8571428571428572,0.0,0.0,0.0
64,26,120,121,58,5,0,24,0,4.137931034482759,0.0,0.0,0.0
64,26,120,121,59,3,0,18,0,2.5714285714285716,0.0,0.0,0.0
64,26,128,129,51,1,0,16,0,0.9411764705882353,0.0,0.0,0.0
64,26,128,129,52,1,0,18,0,0.9473684210526315,0.0,0.0,0.0
64,26,128,129,54,1,0,24,0,0.96,0.0,0.0,0.0
64,26,128,129,55,1,0,27,0,0.9642857142857143,0.0,0.0,0.0
64,26,128,129,56,3,0,30,0,2.727272727272727,0.0,0.0,0.0
64,27,16,17,14,5,3,1,0,0.8333333333333334,0.6,0.0,0.6
64,27,16,17,15,9,6,5,0,3.2142857142857144,0.6666666666666666,0.0,0.6666666666666666
64,27,24,25,20,4,2,3,1,1.7142857142857142,0.5,0.3333333333333333,0.16666666666666669
64,27,24,25,21,4,1,6,0,2.4,0.25,0.0,0.25
64,27,32,33,25,2,2,1,1,0.6666666666666666,1.0,1.0,0.0
64,27,32,33,26,2,0,2,0,1.0,0.0,0.0,0.0
64,27,32,33,27,7,3,4,0,2.5454545454545454,0.42857142857142855,0.0,0.42857142857142855
64,27,40,41,28,3,0,1,0,0.75,0.0,0.0,0.0
64,27,40,41,29,1,0,2,0,0.6666666666666666,0.0,0.0,0.0
64,27,40,41,30,3,0,2,0,1.2,0.0,0.0,0.0
64,27,40,41,31,2,1,4,0,1.3333333333333333,0.5,0.0,0.5
64,27,40,41,32,1,0,5,0,0.8333333333333334,0.0,0.0,0.0
64,27,40,41,33,4,3,5,0,2.2222222222222223,0.75,0.0,0.75
64,27,40,41,34,1,0,7,0,0.875,0.0,0.0,0.0
64,27,40,41,35,2,1,7,0,1.5555555555555556,0.5,0.0,0.5
64,27,40,41,36,2,0,8,0,1.6,0.0,0.0,0.0
64,27,40,41,37,1,1,12,0,0.9230769230769231,1.0,0.0,1.0
64,27,40,41,38,1,0,14,0,0.9333333333333333,0.0,0.0,0.0
64,27,40,41,39,2,1,17,0,1.7894736842105263,0.5,0.0,0.5
64,27,48,49,23,2,0,1,0,0.6666666666666666,0.0,0.0,0.0
64,27,48,49,24,1,0,3,0,0.75,0.0,0.0,0.0
64,27,48,49,25,1,0,4,0,0.8,0.0,0.0,0.0
64,27,48,49,27,1,0,5,0,0.8333333333333334,0.0,0.0,0.0
64,27,48,49,28,1,0,6,0,0.8571428571428571,0.0,0.0,0.0
64,27,48,49,30,2,0,7,0,1.5555555555555556,0.0,0.0,0.0
64,27,48,49,32,1,0,9,0,0.9,0.0,0.0,0.0
64,27,48,49,33,1,0,9,0,0.9,0.0,0.0,0.0
64,27,48,49,34,2,0,8,0,1.6,0.0,0.0,0.0
64,27,48,49,35,1,0,8,0,0.8888888888888888,0.0,0.0,0.0
64,27,48,49,36,1,0,8,0,0.8888888888888888,0.0,0.0,0.0
64,27,48,49,37,1,0,8,0,0.8888888888888888,0.0,0.0,0.0
64,27,48,49,38,4,0,8,0,2.6666666666666665,0.0,0.0,0.0
64,27,48,49,39,8,5,11,0,4.631578947368421,0.625,0.0,0.625
64,27,56,57,22,1,0,5,0,0.8333333333333334,0.0,0.0,0.0
64,27,56,57,24,2,0,6,0,1.5,0.0,0.0,0.0
64,27,56,57,26,1,0,8,0,0.8888888888888888,0.0,0.0,0.0
64,27,56,57,28,2,0,9,0,1.6363636363636365,0.0,0.0,0.0
64,27,56,57,30,1,0,11,0,0.9166666666666666,0.0,0.0,0.0
64,27,56,57,31,1,0,12,0,0.9230769230769231,0.0,0.0,0.0
64,27,56,57,32,2,0,12,0,1.7142857142857142,0.0,0.0,0.0
64,27,56,57,34,1,0,11,0,0.9166666666666666,0.0,0.0,0.0
64,27,56,57,35,2,0,10,0,1.6666666666666667,0.0,0.0,0.0
64,27,56,57,39,1,1,7,0,0.875,1.0,0.0,1.0
64,27,56,57,41,1,0,6,0,0.8571428571428571,0.0,0.0,0.0
64,27,56,57,42,1,0,6,0,0.8571428571428571,0.0,0.0,0.0
64,27,56,57,43,5,5,6,0,2.727272727272727,1.0,0.0,1.0
64,27,56,57,45,8,6,7,0,3.7333333333333334,0.75,0.0,0.75
64,27,56,57,46,4,0,12,0,3.0,0.0,0.0,0.0
64,27,56,57,47,11,11,15,0,6.346153846153846,1.0,0.0,1.0
64,27,56,57,48,1,0,25,0,0.9615384615384616,0.0,0.0,0.0
64,27,56,57,49,5,3,25,0,4.166666666666667,0.6,0.0,0.6
64,27,64,65,36,2,0,11,0,1.6923076923076923,0.0,0.0,0.0
64,27,64,65,37,3,0,10,0,2.3076923076923075,0.0,0.0,0.0
64,27,64,65,38,3,0,9,0,2.25,0.0,0.0,0.0
64,27,64,65,39,2,0,8,0,1.6,0.0,0.0,0.0
64,27,64,65,40,3,0,6,0,2.0,0.0,0.0,0.0
64,27,64,65,52,4,0,7,0,2.5454545454545454,0.0,0.0,0.0
64,27,64,65,53,10,5,9,0,4.7368421052631575,0.5,0.0,0.5
64,27,64,65,55,5,4,19,1,3.9583333333333335,0.8,0.05263157894736842,0.7473684210526317
64,27,72,73,12,3,0,3,0,1.5,0.0,0.0,0.0
64,27,72,73,13,1,0,6,0,0.8571428571428571,0.0,0.0,0.0
64,27,72,73,15,1,0,6,0,0.8571428571428571,0.0,0.0,0.0
64,27,72,73,16,1,0,5,0,0.8333333333333334,0.0,0.0,0.0
64,27,72,73,18,1,0,3,0,0.75,0.0,0.0,0.0
64,27,72,73,19,1,0,5,0,0.8333333333333334,0.0,0.0,0.0
64,27,72,73,20,2,0,5,0,1.4285714285714286,0.0,0.0,0.0
64,27,72,73,22,1,0,6,0,0.8571428571428571,0.0,0.0,0.0
64,27,72,73,36,1,0,12,0,0.9230769230769231,0.0,0.0,0.0
64,27,72,73,37,3,0,11,0,2.357142857142857,0.0,0.0,0.0
64,27,72,73,38,3,0,10,0,2.3076923076923075,0.0,0.0,0.0
64,27,72,73,39,2,0,10,0,1.6666666666666667,0.0,0.0,0.0
64,27,72,73,40,3,0,9,0,2.25,0.0,0.0,0.0
64,27,72,73,41,3,0,8,0,2.1818181818181817,0.0,0.0,0.0
64,27,72,73,42,4,0,6,0,2.4,0.0,0.0,0.0
64,27,72,73,43,3,0,5,0,1.875,0.0,0.0,0.0
64,27,72,73,44,3,0,4,0,1.7142857142857142,0.0,0.0,0.0
64,27,72,73,45,3,0,3,0,1.5,0.0,0.0,0.0
64,27,72,73,46,4,0,1,0,0.8,0.0,0.0,0.0
64,27,72,73,48,2,0,1,0,0.6666666666666666,0.0,0.0,0.0
64,27,72,73,54,3,0,1,0,0.75,0.0,0.0,0.0
64,27,72,73,55,5,1,3,0,1.875,0.2,0.0,0.2
64,27,72,73,56,4,0,5,0,2.2222222222222223,0.0,0.0,0.0
64,27,72,73,57,5,2,7,0,2.9166666666666665,0.4,0.0,0.4
64,27,72,73,58,2,0,10,0,1.6666666666666667,0.0,0.0,0.0
64,27,72,73,59,7,5,12,0,4.421052631578948,0.7142857142857143,0.0,0.7142857142857143
64,27,72,73,60,5,1,20,0,4.0,0.2,0.0,0.2
64,27,80,81,5,1,0,3,0,0.75,0.0,0.0,0.0
64,27,80,81,6,3,0,3,0,1.5,0.0,0.0,0.0
64,27,80,81,8,2,0,5,0,1.4285714285714286,0.0,0.0,0.0
64,27,80,81,10,2,0,6,0,1.5,0.0,0.0,0.0
64,27,80,81,12,1,0,7,0,0.875,0.0,0.0,0.0
64,27,80,81,14,1,0,8,0,0.8888888888888888,0.0,0.0,0.0
64,27,80,81,16,1,0,6,0,0.8571428571428571,0.0,0.0,0.0
64,27,80,81,17,1,0,6,0,0.8571428571428571,0.0,0.0,0.0
64,27,80,81,18,1,0,5,0,0.8333333333333334,0.0,0.0,0.0
64,27,80,81,20,1,0,7,0,0.875,0.0,0.0,0.0
64,27,80,81,21,1,0,8,0,0.8888888888888888,0.0,0.0,0.0
64,27,80,81,22,1,0,9,0,0.9,0.0,0.0,0.0
64,27,80,81,38,3,0,14,0,2.4705882352941178,0.0,0.0,0.0
64,27,80,81,39,1,0,15,0,0.9375,0.0,0.0,0.0
64,27,80,81,40,3,0,14,0,2.4705882352941178,0.0,0.0,0.0
64,27,80,81,42,2,0,16,0,1.7777777777777777,0.0,0.0,0.0
64,27,80,81,43,1,0,17,0,0.9444444444444444,0.0,0.0,0.0
64,27,80,81,44,4,0,14,0,3.111111111111111,0.0,0.0,0.0
64,27,80,81,45,4,0,12,0,3.0,0.0,0.0,0.0
64,27,80,81,46,4,0,10,0,2.857142857142857,0.0,0.0,0.0
64,27,80,81,47,4,0,10,0,2.857142857142857,0.0,0.0,0.0
64,27,80,81,48,4,0,10,0,2.857142857142857,0.0,0.0,0.0
64,27,80,81,49,4,0,10,0,2.857142857142857,0.0,0.0,0.0
64,27,80,81,50,8,0,4,0,2.6666666666666665,0.0,0.0,0.0
64,27,80,81,55,1,0,2,0,0.6666666666666666,0.0,0.0,0.0
64,27,80,81,56,1,0,3,0,0.75,0.0,0.0,0.0
64,27,80,81,57,1,0,5,0,0.8333333333333334,0.0,0.0,0.0
64,27,80,81,58,1,0,7,0,0.875,0.0,0.0,0.0
64,27,80,81,59,2,0,9,0,1.6363636363636365,0.0,0.0,0.0
64,27,80,81,60,1,0,14,0,0.9333333333333333,0.0,0.0,0.0
64,27,80,81,61,2,0,18,0,1.8,0.0,0.0,0.0
64,27,80,81,62,2,0,22,0,1.8333333333333333,0.0,0.0,0.0
64,27,80,81,63,3,1,25,0,2.6785714285714284,0.3333333333333333,0.0,0.3333333333333333
64,27,80,81,64,2,0,28,0,1.8666666666666667,0.0,0.0,0.0
64,27,80,81,65,2,1,31,0,1.878787878787879,0.5,0.0,0.5
64,27,80,81,66,2,0,33,0,1.8857142857142857,0.0,0.0,0.0
64,27,80,81,67,2,0,35,0,1.8918918918918919,0.0,0.0,0.0
64,27,88,89,4,1,0,7,0,0.875,0.0,0.0,0.0
64,27,88,89,5,1,0,7,0,0.875,0.0,0.0,0.0
64,27,88,89,7,1,0,8,0,0.8888888888888888,0.0,0.0,0.0
64,27,88,89,8,1,0,8,0,0.8888888888888888,0.0,0.0,0.0
64,27,88,89,10,1,0,9,0,0.9,0.0,0.0,0.0
64,27,88,89,12,1,0,10,0,0.9090909090909091,0.0,0.0,0.0
64,27,88,89,13,1,0,11,0,0.9166666666666666,0.0,0.0,0.0
64,27,88,89,14,2,0,12,0,1.7142857142857142,0.0,0.0,0.0
64,27,88,89,16,1,0,11,0,0.9166666666666666,0.0,0.0,0.0
64,27,88,89,40,1,0,19,0,0.95,0.0,0.0,0.0
64,27,88,89,42,1,0,20,0,0.9523809523809523,0.0,0.0,0.0
64,27,88,89,43,1,0,20,0,0.9523809523809523,0.0,0.0,0.0
64,27,88,89,44,1,0,20,0,0.9523809523809523,0.0,0.0,0.0
64,27,88,89,46,1,0,21,0,0.9545454545454546,0.0,0.0,0.0
64,27,88,89,48,3,0,21,0,2.625,0.0,0.0,0.0
64,27,88,89,49,2,0,21,0,1.826086956521739,0.0,0.0,0.0
64,27,88,89,50,2,0,20,0,1.8181818181818181,0.0,0.0,0.0
64,27,88,89,51,1,0,18,0,0.9473684210526315,0.0,0.0,0.0
64,27,88,89,52,4,0,15,0,3.1578947368421053,0.0,0.0,0.0
64,27,88,89,53,4,0,13,0,3.0588235294117645,0.0,0.0,0.0
64,27,88,89,54,6,0,10,0,3.75,0.0,0.0,0.0
64,27,88,89,55,3,0,10,0,2.3076923076923075,0.0,0.0,0.0
64,27,88,89,56,7,0,5,0,2.9166666666666665,0.0,0.0,0.0
64,27,88,89,57,2,0,6,0,1.5,0.0,0.0,0.0
64,27,88,89,58,2,0,7,0,1.5555555555555556,0.0,0.0,0.0
64,27,88,89,60,4,0,8,0,2.6666666666666665,0.0,0.0,0.0
64,27,88,89,62,2,0,14,0,1.75,0.0,0.0,0.0
64,27,88,89,63,1,1,16,0,0.9411764705882353,1.0,0.0,1.0
64,27,88,89,65,7,5,20,0,5.185185185185185,0.7142857142857143,0.0,0.7142857142857143
64,27,88,89,67,9,7,24,0,6.545454545454546,0.7777777777777778,0.0,0.7777777777777778
64,27,88,89,69,8,8,28,0,6.222222222222222,1.0,0.0,1.0
64,27,88,89,71,3,1,31,3,2.735294117647059,0.3333333333333333,0.0967741935483871,0.23655913978494622
64,27,96,97,48,1,0,28,0,0.9655172413793104,0.0,0.0,0.0
64,27,96,97,50,1,0,28,0,0.9655172413793104,0.0,0.0,0.0
64,27,96,97,56,5,0,18,0,3.9130434782608696,0.0,0.0,0.0
64,27,96,97,57,2,0,18,0,1.8,0.0,0.0,0.0
64,27,96,97,58,6,0,14,0,4.2,0.0,0.0,0.0
64,27,96,97,59,2,0,15,0,1.7647058823529411,0.0,0.0,0.0
64,27,96,97,60,5,0,12,0,3.5294117647058822,0.0,0.0,0.0
64,27,96,97,61,5,0,10,0,3.3333333333333335,0.0,0.0,0.0
64,27,96,97,62,5,0,11,0,3.4375,0.0,0.0,0.0
64,27,96,97,63,4,0,13,0,3.0588235294117645,0.0,0.0,0.0
64,27,96,97,64,5,0,15,0,3.75,0.0,0.0,0.0
64,27,96,97,65,5,1,18,0,3.9130434782608696,0.2,0.0,0.2
64,27,96,97,66,1,0,21,0,0.9545454545454546,0.0,0.0,0.0
64,27,96,97,67,3,1,22,0,2.64,0.3333333333333333,0.0,0.3333333333333333
64,27,96,97,68,1,0,24,0,0.96,0.0,0.0,0.0
64,27,96,97,69,4,2,24,0,3.4285714285714284,0.5,0.0,0.5
64,27,96,97,70,1,0,26,0,0.9629629629629629,0.0,0.0,0.0
64,27,96,97,71,3,1,25,0,2.6785714285714284,0.3333333333333333,0.0,0.3333333333333333
64,27,96,97,72,2,0,25,0,1.8518518518518519,0.0,0.0,0.0
64,27,96,97,73,2,1,26,0,1.8571428571428572,0.5,0.0,0.5
64,27,104,105,58,1,0,23,0,0.9583333333333334,0.0,0.0,0.0
64,27,104,105,61,1,1,23,0,0.9583333333333334,1.0,0.0,1.0
64,27,104,105,62,6,0,20,0,4.615384615384615,0.0,0.0,0.0
64,27,104,105,63,5,2,21,0,4.038461538461538,0.4,0.0,0.4
64,27,104,105,64,7,0,21,0,5.25,0.0,0.0,0.0
64,27,104,105,65,4,0,22,0,3.3846153846153846,0.0,0.0,0.0
64,27,104,105,66,3,0,22,0,2.64,0.0,0.0,0.0
64,27,104,105,67,2,0,23,0,1.84,0.0,0.0,0.0
64,27,104,105,68,2,0,23,0,1.84,0.0,0.0,0.0
64,27,104,105,69,2,1,24,0,1.8461538461538463,0.5,0.0,0.5
64,27,104,105,70,1,0,24,0,0.96,0.0,0.0,0.0
64,27,104,105,71,2,0,23,0,1.84,0.0,0.0,0.0
64,27,104,105,72,2,0,22,0,1.8333333333333333,0.0,0.0,0.0
64,27,104,105,73,3,1,23,0,2.6538461538461537,0.3333333333333333,0.0,0.3333333333333333
64,27,104,105,74,2,0,24,0,1.8461538461538463,0.0,0.0,0.0
64,27,112,113,58,1,0,23,0,0.9583333333333334,0.0,0.0,0.0
64,27,112,113,61,1,1,23,0,0.9583333333333334,1.0,0.0,1.0
64,27,112,113,62,1,0,25,0,0.9615384615384616,0.0,0.0,0.0
64,27,112,113,63,2,0,26,0,1.8571428571428572,0.0,0.0,0.0
64,27,112,113,64,2,0,28,0,1.8666666666666667,0.0,0.0,0.0
64,27,112,113,65,2,2,30,0,1.875,1.0,0.0,1.0
64,27,112,113,66,1,1,30,0,0.967741935483871,1.0,0.0,1.0
64,27,112,113,67,3,2,29,0,2.71875,0.6666666666666666,0.0,0.6666666666666666
64,27,112,113,69,3,1,27,0,2.7,0.3333333333333333,0.0,0.3333333333333333
64,27,112,113,70,8,0,21,0,5.793103448275862,0.0,0.0,0.0
64,27,112,113,71,2,1,21,0,1.826086956521739,0.5,0.0,0.5
64,27,112,113,72,2,0,20,0,1.8181818181818181,0.0,0.0,0.0
64,27,112,113,73,2,1,21,0,1.826086956521739,0.5,0.0,0.5
64,27,112,113,74,3,0,21,0,2.625,0.0,0.0,0.0
64,27,112,113,75,2,1,23,0,1.84,0.5,0.0,0.5
64,27,120,121,59,1,0,23,0,0.9583333333333334,0.0,0.0,0.0
64,27,120,121,60,1,0,23,0,0.9583333333333334,0.0,0.0,0.0
64,27,120,121,61,1,0,23,0,0.9583333333333334,0.0,0.0,0.0
64,27,120,121,62,1,0,24,0,0.96,0.0,0.0,0.0
64,27,120,121,63,1,0,24,0,0.96,0.0,0.0,0.0
64,27,120,121,64,1,0,25,0,0.9615384615384616,0.0,0.0,0.0
64,27,120,121,65,1,1,26,0,0.9629629629629629,1.0,0.0,1.0
64,27,120,121,66,2,0,25,0,1.8518518518518519,0.0,0.0,0.0
64,27,120,121,67,3,2,24,0,2.6666666666666665,0.6666666666666666,0.0,0.6666666666666666
64,27,120,121,68,1,0,23,0,0.9583333333333334,0.0,0.0,0.0
64,27,120,121,69,5,4,21,0,4.038461538461538,0.8,0.0,0.8
64,27,120,121,70,2,0,22,0,1.8333333333333333,0.0,0.0,0.0
64,27,120,121,71,3,1,21,0,2.625,0.3333333333333333,0.0,0.3333333333333333
64,27,120,121,72,1,0,20,0,0.9523809523809523,0.0,0.0,0.0
64,27,120,121,73,2,1,19,0,1.8095238095238095,0.5,0.0,0.5
64,27,120,121,74,1,0,19,0,0.95,0.0,0.0,0.0
64,27,120,121,75,2,1,19,0,1.8095238095238095,0.5,0.0,0.5
64,27,120,121,76,1,0,19,0,0.95,0.0,0.0,0.0
64,27,120,121,78,1,0,21,0,0.9545454545454546,0.0,0.0,0.0
64,27,128,129,60,2,0,24,0,1.8461538461538463,0.0,0.0,0.0
64,27,128,129,61,2,0,24,0,1.8461538461538463,0.0,0.0,0.0
64,27,128,129,62,2,0,25,0,1.8518518518518519,0.0,0.0,0.0
64,27,128,129,63,2,0,25,0,1.8518518518518519,0.0,0.0,0.0
64,27,128,129,64,3,0,24,0,2.6666666666666665,0.0,0.0,0.0
64,27,128,129,65,3,1,24,0,2.6666666666666665,0.3333333333333333,0.0,0.3333333333333333
64,27,128,129,66,2,0,23,0,1.84,0.0,0.0,0.0
64,27,128,129,67,2,0,22,0,1.8333333333333333,0.0,0.0,0.0
64,27,128,129,68,2,0,21,0,1.826086956521739,0.0,0.0,0.0
64,27,128,129,69,1,0,21,0,0.9545454545454546,0.0,0.0,0.0
64,27,128,129,70,1,0,20,0,0.9523809523809523,0.0,0.0,0.0
64,27,128,129,71,1,0,19,0,0.95,0.0,0.0,0.0
64,27,128,129,72,1,0,17,0,0.9444444444444444,0.0,0.0,0.0
64,27,128,129,77,1,1,17,0,0.9444444444444444,1.0,0.0,1.0
64,27,128,129,78,2,0,18,0,1.8,0.0,0.0,0.0
64,27,128,129,79,1,1,20,0,0.9523809523809523,1.0,0.0,1.0
64,27,136,137,60,2,0,24,0,1.8461538461538463,0.0,0.0,0.0
64,27,136,137,61,2,0,24,0,1.8461538461538463,0.0,0.0,0.0
64,27,136,137,62,2,0,25,0,1.8518518518518519,0.0,0.0,0.0
64,27,136,137,63,2,0,25,0,1.8518518518518519,0.0,0.0,0.0
64,27,136,137,64,2,0,25,0,1.8518518518518519,0.0,0.0,0.0
64,27,136,137,65,2,0,25,0,1.8518518518518519,0.0,0.0,0.0
64,27,136,137,66,2,0,24,0,1.8461538461538463,0.0,0.0,0.0
64,27,136,137,67,2,0,23,0,1.84,0.0,0.0,0.0
64,27,136,137,68,2,0,22,0,1.8333333333333333,0.0,0.0,0.0
64,27,136,137,69,2,0,22,0,1.8333333333333333,0.0,0.0,0.0
64,27,136,137,70,2,0,21,0,1.826086956521739,0.0,0.0,0.0
64,27,136,137,71,2,0,20,0,1.8181818181818181,0.0,0.0,0.0
64,27,136,137,72,2,0,18,0,1.8,0.0,0.0,0.0
64,27,136,137,73,2,0,17,0,1.7894736842105263,0.0,0.0,0.0
64,27,144,145,60,2,0,24,0,1.8461538461538463,0.0,0.0,0.0
64,27,144,145,61,2,0,24,0,1.8461538461538463,0.0,0.0,0.0
64,27,144,145,62,2,0,25,0,1.8518518518518519,0.0,0.0,0.0
64,27,144,145,63,2,0,25,0,1.8518518518518519,0.0,0.0,0.0
64,27,144,145,64,2,0,25,0,1.8518518518518519,0.0,0.0,0.0
64,27,144,145,65,2,0,25,0,1.8518518518518519,0.0,0.0,0.0
64,27,144,145,66,2,0,24,0,1.8461538461538463,0.0,0.0,0.0
64,27,144,145,67,2,0,23,0,1.84,0.0,0.0,0.0
64,27,144,145,69,2,0,24,0,1.8461538461538463,0.0,0.0,0.0
64,27,144,145,70,2,0,23,0,1.84,0.0,0.0,0.0
64,27,144,145,71,2,0,22,0,1.8333333333333333,0.0,0.0,0.0
64,27,144,145,72,3,0,19,0,2.590909090909091,0.0,0.0,0.0
64,27,144,145,73,2,0,18,0,1.8,0.0,0.0,0.0
64,27,144,145,74,1,0,16,0,0.9411764705882353,0.0,0.0,0.0
64,27,152,153,61,1,0,27,0,0.9642857142857143,0.0,0.0,0.0
64,27,152,153,62,2,0,28,0,1.8666666666666667,0.0,0.0,0.0
64,27,152,153,63,2,0,28,0,1.8666666666666667,0.0,0.0,0.0
64,27,152,153,64,3,0,27,0,2.7,0.0,0.0,0.0
64,27,152,153,65,2,0,27,0,1.8620689655172413,0.0,0.0,0.0
64,27,152,153,66,2,0,26,0,1.8571428571428572,0.0,0.0,0.0
64,27,152,153,67,2,0,25,0,1.8518518518518519,0.0,0.0,0.0
64,27,152,153,68,2,0,24,0,1.8461538461538463,0.0,0.0,0.0
64,27,152,153,69,2,0,24,0,1.8461538461538463,0.0,0.0,0.0
64,27,152,153,70,2,0,23,0,1.84,0.0,0.0,0.0
64,27,152,153,71,2,0,22,0,1.8333333333333333,0.0,0.0,0.0
64,27,152,153,72,3,1,19,0,2.590909090909091,0.3333333333333333,0.0,0.3333333333333333
64,27,152,153,73,2,0,18,0,1.8,0.0,0.0,0.0
64,27,152,153,74,1,0,16,0,0.9411764705882353,0.0,0.0,0.0
64,27,160,161,62,2,0,29,0,1.8709677419354838,0.0,0.0,0.0
64,27,160,161,64,3,0,30,0,2.727272727272727,0.0,0.0,0.0
64,27,160,161,65,2,0,30,0,1.875,0.0,0.0,0.0
64,27,160,161,66,1,0,30,0,0.967741935483871,0.0,0.0,0.0
64,27,160,161,67,2,0,29,0,1.8709677419354838,0.0,0.0,0.0
64,27,160,161,68,1,0,29,0,0.9666666666666667,0.0,0.0,0.0
64,27,160,161,69,2,0,29,0,1.8709677419354838,0.0,0.0,0.0
64,27,160,161,70,3,0,27,0,2.7,0.0,0.0,0.0
64,27,160,161,72,6,0,22,0,4.714285714285714,0.0,0.0,0.0
64,27,160,161,73,2,0,22,0,1.8333333333333333,0.0,0.0,0.0
64,27,160,161,74,6,0,16,0,4.363636363636363,0.0,0.0,0.0
64,27,160,161,76,2,0,15,0,1.7647058823529411,0.0,0.0,0.0
64,27,168,169,63,2,0,31,0,1.878787878787879,0.0,0.0,0.0
64,27,168,169,64,1,0,32,0,0.9696969696969697,0.0,0.0,0.0
64,27,168,169,65,1,0,33,0,0.9705882352941176,0.0,0.0,0.0
64,27,168,169,66,1,0,33,0,0.9705882352941176,0.0,0.0,0.0
64,27,168,169,67,1,0,33,0,0.9705882352941176,0.0,0.0,0.0
64,27,168,169,68,3,0,31,0,2.735294117647059,0.0,0.0,0.0
64,27,168,169,69,2,0,32,0,1.8823529411764706,0.0,0.0,0.0
64,27,168,169,70,3,0,30,0,2.727272727272727,0.0,0.0,0.0
64,27,168,169,71,1,0,30,0,0.967741935483871,0.0,0.0,0.0
64,27,168,169,72,2,0,28,0,1.8666666666666667,0.0,0.0,0.0
64,27,168,169,73,1,0,28,0,0.9655172413793104,0.0,0.0,0.0
64,27,168,169,74,2,0,24,0,1.8461538461538463,0.0,0.0,0.0
64,27,168,169,76,1,0,20,0,0.9523809523809523,0.0,0.0,0.0
64,27,168,169,79,2,0,19,0,1.8095238095238095,0.0,0.0,0.0
64,27,176,177,64,1,0,34,0,0.9714285714285714,0.0,0.0,0.0
64,27,176,177,66,1,0,36,0,0.972972972972973,0.0,0.0,0.0
64,27,176,177,78,3,0,19,0,2.590909090909091,0.0,0.0,0.0
64,28,8,9,9,23,23,2,0,1.84,1.0,0.0,1.0
64,28,16,17,14,8,6,3,0,2.1818181818181817,0.75,0.0,0.75
64,28,16,17,15,22,8,9,0,6.387096774193548,0.36363636363636365,0.0,0.36363636363636365
64,28,24,25,19,9,7,1,0,0.9,0.7777777777777778,0.0,0.7777777777777778
64,28,24,25,20,5,2,8,0,3.076923076923077,0.4,0.0,0.4
64,28,24,25,21,19,10,11,0,6.966666666666667,0.5263157894736842,0.0,0.5263157894736842
64,28,32,33,26,5,0,1,0,0.8333333333333334,0.0,0.0,0.0
64,28,32,33,27,9,7,4,0,2.769230769230769,0.7777777777777778,0.0,0.7777777777777778
64,28,40,41,10,5,0,1,0,0.8333333333333334,0.0,0.0,0.0
64,28,40,41,11,1,0,4,0,0.8,0.0,0.0,0.0
64,28,40,41,12,4,0,3,0,1.7142857142857142,0.0,0.0,0.0
64,28,40,41,13,5,0,4,0,2.2222222222222223,0.0,0.0,0.0
64,28,40,41,14,7,0,5,0,2.9166666666666665,0.0,0.0,0.0
64,28,40,41,15,2,0,8,0,1.6,0.0,0.0,0.0
64,28,40,41,16,4,0,8,0,2.6666666666666665,0.0,0.0,0.0
64,28,40,41,17,1,0,10,0,0.9090909090909091,0.0,0.0,0.0
64,28,40,41,18,6,0,6,0,3.0,0.0,0.0,0.0
64,28,40,41,19,2,0,6,0,1.5,0.0,0.0,0.0
64,28,40,41,20,5,0,4,0,2.2222222222222223,0.0,0.0,0.0
64,28,40,41,21,4,0,4,0,2.0,0.0,0.0,0.0
64,28,40,41,22,4,0,3,0,1.7142857142857142,0.0,0.0,0.0
64,28,40,41,24,3,0,2,0,1.2,0.0,0.0,0.0
64,28,40,41,25,1,0,2,0,0.6666666666666666,0.0,0.0,0.0
64,28,40,41,30,3,1,2,1,1.2,0.3333333333333333,0.5,-0.16666666666666669
64,28,40,41,31,4,2,5,0,2.2222222222222223,0.5,0.0,0.5
64,28,40,41,32,3,0,9,0,2.25,0.0,0.0,0.0
64,28,40,41,33,2,1,14,0,1.75,0.5,0.0,0.5
64,28,40,41,34,1,0,17,0,0.9444444444444444,0.0,0.0,0.0
64,28,40,41,35,3,1,19,0,2.590909090909091,0.3333333333333333,0.0,0.3333333333333333
64,28,40,41,36,1,0,25,0,0.9615384615384616,0.0,0.0,0.0
64,28,40,41,37,7,3,26,0,5.515151515151516,0.42857142857142855,0.0,0.42857142857142855
64,28,48,49,4,2,0,1,0,0.6666666666666666,0.0,0.0,0.0
64,28,48,49,5,2,0,3,0,1.2,0.0,0.0,0.0
64,28,48,49,6,2,0,5,0,1.4285714285714286,0.0,0.0,0.0
64,28,48,49,7,1,0,9,0,0.9,0.0,0.0,0.0
64,28,48,49,8,3,0,11,0,2.357142857142857,0.0,0.0,0.0
64,28,48,49,9,1,0,15,0,0.9375,0.0,0.0,0.0
64,28,48,49,10,3,0,17,0,2.55,0.0,0.0,0.0
64,28,48,49,11,2,0,19,0,1.8095238095238095,0.0,0.0,0.0
64,28,48,49,12,3,0,18,0,2.5714285714285716,0.0,0.0,0.0
64,28,48,49,13,2,0,18,0,1.8,0.0,0.0,0.0
64,28,48,49,14,3,0,19,0,2.590909090909091,0.0,0.0,0.0
64,28,48,49,15,2,0,20,0,1.8181818181818181,0.0,0.0,0.0
64,28,48,49,16,4,0,18,0,3.272727272727273,0.0,0.0,0.0
64,28,48,49,18,2,0,19,0,1.8095238095238095,0.0,0.0,0.0
64,28,48,49,19,1,0,19,0,0.95,0.0,0.0,0.0
64,28,48,49,20,3,0,17,0,2.55,0.0,0.0,0.0
64,28,48,49,21,1,0,16,0,0.9411764705882353,0.0,0.0,0.0
64,28,48,49,22,1,0,14,0,0.9333333333333333,0.0,0.0,0.0
64,28,48,49,23,2,0,12,0,1.7142857142857142,0.0,0.0,0.0
64,28,48,49,24,1,0,10,0,0.9090909090909091,0.0,0.0,0.0
64,28,48,49,25,4,0,5,0,2.2222222222222223,0.0,0.0,0.0
64,28,48,49,27,1,0,3,0,0.75,0.0,0.0,0.0
64,28,48,49,31,1,0,5,0,0.8333333333333334,0.0,0.0,0.0
64,28,48,49,35,3,2,17,0,2.55,0.6666666666666666,0.0,0.6666666666666666
64,28,48,49,36,3,0,20,0,2.608695652173913,0.0,0.0,0.0
64,28,48,49,37,5,2,22,0,4.074074074074074,0.4,0.0,0.4
64,28,48,49,38,8,2,25,0,6.0606060606060606,0.25,0.0,0.25
64,28,48,49,39,5,2,30,0,4.285714285714286,0.4,0.0,0.4
64,28,48,49,40,5,0,33,0,4.342105263157895,0.0,0.0,0.0
64,28,48,49,41,5,3,38,0,4.4186046511627906,0.6,0.0,0.6
64,28,48,49,42,1,0,45,0,0.9782608695652174,0.0,0.0,0.0
64,28,48,49,43,2,2,45,2,1.9148936170212767,1.0,0.044444444444444446,0.9555555555555556
64,28,56,57,1,1,0,2,0,0.6666666666666666,0.0,0.0,0.0
64,28,56,57,2,3,1,3,0,1.5,0.3333333333333333,0.0,0.3333333333333333
64,28,56,57,4,1,0,7,0,0.875,0.0,0.0,0.0
64,28,56,57,5,1,0,9,0,0.9,0.0,0.0,0.0
64,28,56,57,6,1,0,10,0,0.9090909090909091,0.0,0.0,0.0
64,28,56,57,7,1,0,14,0,0.9333333333333333,0.0,0.0,0.0
64,28,56,57,8,1,0,18,0,0.9473684210526315,0.0,0.0,0.0
64,28,56,57,9,1,0,22,0,0.9565217391304348,0.0,0.0,0.0
64,28,56,57,10,2,0,25,0,1.8518518518518519,0.0,0.0,0.0
64,28,56,57,12,6,1,26,0,4.875,0.16666666666666666,0.0,0.16666666666666666
64,28,56,57,14,1,0,28,0,0.9655172413793104,0.0,0.0,0.0
64,28,56,57,15,2,0,27,0,1.8620689655172413,0.0,0.0,0.0
64,28,56,57,16,2,0,26,0,1.8571428571428572,0.0,0.0,0.0
64,28,56,57,17,2,0,26,0,1.8571428571428572,0.0,0.0,0.0
64,28,56,57,18,3,0,25,0,2.6785714285714284,0.0,0.0,0.0
64,28,56,57,19,1,0,25,0,0.9615384615384616,0.0,0.0,0.0
64,28,56,57,20,2,0,24,0,1.8461538461538463,0.0,0.0,0.0
64,28,56,57,21,2,0,23,0,1.84,0.0,0.0,0.0
64,28,56,57,22,1,0,21,0,0.9545454545454546,0.0,0.0,0.0
64,28,56,57,23,1,0,19,0,0.95,0.0,0.0,0.0
64,28,56,57,24,3,0,15,0,2.5,0.0,0.0,0.0
64,28,56,57,25,2,0,13,0,1.7333333333333334,0.0,0.0,0.0
64,28,56,57,26,2,0,11,0,1.6923076923076923,0.0,0.0,0.0
64,28,56,57,27,2,0,11,0,1.6923076923076923,0.0,0.0,0.0
64,28,56,57,30,1,0,9,0,0.9,0.0,0.0,0.0
64,28,56,57,33,2,0,12,0,1.7142857142857142,0.0,0.0,0.0
64,28,56,57,40,2,0,28,0,1.8666666666666667,0.0,0.0,0.0
64,28,56,57,41,1,0,29,0,0.9666666666666667,0.0,0.0,0.0
64,28,56,57,42,4,0,29,0,3.515151515151515,0.0,0.0,0.0
64,28,56,57,43,7,5,29,0,5.638888888888889,0.7142857142857143,0.0,0.7142857142857143
64,28,56,57,44,8,2,30,0,6.315789473684211,0.25,0.0,0.25
64,28,56,57,45,11,8,32,0,8.186046511627907,0.7272727272727273,0.0,0.7272727272727273
64,28,56,57,46,5,0,36,0,4.390243902439025,0.0,0.0,0.0
64,28,56,57,47,1,0,35,0,0.9722222222222222,0.0,0.0,0.0
64,28,64,65,31,1,0,10,0,0.9090909090909091,0.0,0.0,0.0
64,28,64,65,43,2,1,31,0,1.878787878787879,0.5,0.0,0.5
64,28,64,65,44,1,0,31,0,0.96875,0.0,0.0,0.0
64,28,64,65,45,3,0,29,0,2.71875,0.0,0.0,0.0
64,28,64,65,46,3,0,27,0,2.7,0.0,0.0,0.0
64,28,64,65,47,5,0,26,0,4.193548387096774,0.0,0.0,0.0
64,28,64,65,48,7,0,22,0,5.310344827586207,0.0,0.0,0.0
64,28,64,65,49,4,1,23,0,3.4074074074074074,0.25,0.0,0.25
64,28,64,65,50,6,0,23,0,4.758620689655173,0.0,0.0,0.0
64,28,64,65,51,5,2,24,0,4.137931034482759,0.4,0.0,0.4
64,28,64,65,52,4,0,28,0,3.5,0.0,0.0,0.0
64,28,64,65,53,3,2,31,0,2.735294117647059,0.6666666666666666,0.0,0.6666666666666666
64,28,64,65,54,2,0,35,0,1.8918918918918919,0.0,0.0,0.0
64,28,72,73,33,3,0,14,0,2.4705882352941178,0.0,0.0,0.0
64,28,72,73,34,2,0,16,0,1.7777777777777777,0.0,0.0,0.0
64,28,72,73,35,2,0,18,0,1.8,0.0,0.0,0.0
64,28,72,73,36,1,0,22,0,0.9565217391304348,0.0,0.0,0.0
64,28,72,73,37,3,0,23,0,2.6538461538461537,0.0,0.0,0.0
64,28,72,73,39,5,0,29,0,4.264705882352941,0.0,0.0,0.0
64,28,72,73,40,1,0,32,0,0.9696969696969697,0.0,0.0,0.0
64,28,72,73,41,8,0,33,0,6.439024390243903,0.0,0.0,0.0
64,28,72,73,42,1,0,42,0,0.9767441860465116,0.0,0.0,0.0
64,28,72,73,43,3,0,40,0,2.7906976744186047,0.0,0.0,0.0
64,28,72,73,44,2,0,39,0,1.9024390243902438,0.0,0.0,0.0
64,28,72,73,45,2,0,36,0,1.894736842105263,0.0,0.0,0.0
64,28,72,73,46,2,0,33,0,1.8857142857142857,0.0,0.0,0.0
64,28,72,73,47,3,1,31,0,2.735294117647059,0.3333333333333333,0.0,0.3333333333333333
64,28,72,73,48,2,0,28,0,1.8666666666666667,0.0,0.0,0.0
64,28,72,73,49,3,1,26,0,2.689655172413793,0.3333333333333333,0.0,0.3333333333333333
64,28,72,73,50,2,0,28,0,1.8666666666666667,0.0,0.0,0.0
64,28,72,73,51,5,2,27,0,4.21875,0.4,0.0,0.4
64,28,72,73,52,3,0,29,0,2.71875,0.0,0.0,0.0
64,28,72,73,53,3,2,30,0,2.727272727272727,0.6666666666666666,0.0,0.6666666666666666
64,28,72,73,54,2,0,32,0,1.8823529411764706,0.0,0.0,0.0
64,28,72,73,55,3,3,34,0,2.7567567567567566,1.0,0.0,1.0
64,28,72,73,57,2,0,42,0,1.9090909090909092,0.0,0.0,0.0
64,28,80,81,34,1,0,20,0,0.9523809523809523,0.0,0.0,0.0
64,28,80,81,35,1,0,23,0,0.9583333333333334,0.0,0.0,0.0
64,28,80,81,36,1,0,27,0,0.9642857142857143,0.0,0.0,0.0
64,28,80,81,37,1,0,30,0,0.967741935483871,0.0,0.0,0.0
64,28,80,81,39,1,0,38,0,0.9743589743589743,0.0,0.0,0.0
64,28,80,81,41,1,0,45,0,0.9782608695652174,0.0,0.0,0.0
64,28,80,81,43,2,0,45,0,1.9148936170212767,0.0,0.0,0.0
64,28,80,81,45,1,0,44,0,0.9777777777777777,0.0,0.0,0.0
64,28,80,81,47,2,0,36,0,1.894736842105263,0.0,0.0,0.0
64,28,80,81,58,6,0,40,0,5.217391304347826,0.0,0.0,0.0
64,28,80,81,61,1,1,43,0,0.9772727272727273,1.0,0.0,1.0
64,28,80,81,63,1,1,43,0,0.9772727272727273,1.0,0.0,1.0
64,29,16,17,15,4,0,3,0,1.7142857142857142,0.0,0.0,0.0
64,29,24,25,20,2,1,6,0,1.5,0.5,0.0,0.5
64,29,24,25,21,4,0,7,0,2.5454545454545454,0.0,0.0,0.0
64,29,32,33,24,1,0,1,0,0.5,0.0,0.0,0.0
64,29,32,33,25,4,4,1,0,0.8,1.0,0.0,1.0
64,29,32,33,26,2,1,4,0,1.3333333333333333,0.5,0.0,0.5
64,29,32,33,27,10,7,5,0,3.3333333333333335,0.7,0.0,0.7
64,29,40,41,4,1,0,1,0,0.5,0.0,0.0,0.0
64,29,40,41,5,1,0,2,0,0.6666666666666666,0.0,0.0,0.0
64,29,40,41,6,1,0,3,0,0.75,0.0,0.0,0.0
64,29,40,41,7,2,0,4,0,1.3333333333333333,0.0,0.0,0.0
64,29,40,41,8,1,0,6,0,0.8571428571428571,0.0,0.0,0.0
64,29,40,41,10,6,0,3,0,2.0,0.0,0.0,0.0
64,29,40,41,12,2,0,4,0,1.3333333333333333,0.0,0.0,0.0
64,29,40,41,14,2,0,4,0,1.3333333333333333,0.0,0.0,0.0
64,29,40,41,16,1,0,4,0,0.8,0.0,0.0,0.0
64,29,40,41,33,8,5,1,0,0.8888888888888888,0.625,0.0,0.625
64,29,48,49,2,2,0,1,0,0.6666666666666666,0.0,0.0,0.0
64,29,48,49,4,3,0,3,0,1.5,0.0,0.0,0.0
64,29,48,49,5,1,0,6,0,0.8571428571428571,0.0,0.0,0.0
64,29,48,49,6,2,0,7,0,1.5555555555555556,0.0,0.0,0.0
64,29,48,49,8,1,0,9,0,0.9,0.0,0.0,0.0
64,29,48,49,9,1,0,10,0,0.9090909090909091,0.0,0.0,0.0
64,29,48,49,10,1,0,11,0,0.9166666666666666,0.0,0.0,0.0
64,29,48,49,12,1,0,9,0,0.9,0.0,0.0,0.0
64,29,48,49,14,1,0,6,0,0.8571428571428571,0.0,0.0,0.0
64,29,56,57,2,1,0,7,0,0.875,0.0,0.0,0.0
64,29,56,57,3,1,0,10,0,0.9090909090909091,0.0,0.0,0.0
64,29,56,57,4,3,0,10,0,2.3076923076923075,0.0,0.0,0.0
64,29,56,57,5,1,0,11,0,0.9166666666666666,0.0,0.0,0.0
64,29,56,57,6,3,1,11,0,2.357142857142857,0.3333333333333333,0.0,0.3333333333333333
64,29,56,57,8,2,0,13,0,1.7333333333333334,0.0,0.0,0.0
64,29,56,57,10,2,0,15,0,1.7647058823529411,0.0,0.0,0.0
64,29,56,57,12,2,1,11,0,1.6923076923076923,0.5,0.0,0.5
64,29,56,57,16,1,0,5,0,0.8333333333333334,0.0,0.0,0.0
64,29,56,57,37,1,0,8,0,0.8888888888888888,0.0,0.0,0.0
64,29,56,57,39,3,0,8,0,2.1818181818181817,0.0,0.0,0.0
64,29,56,57,47,1,0,19,0,0.95,0.0,0.0,0.0
64,29,56,57,48,1,0,18,0,0.9473684210526315,0.0,0.0,0.0
64,29,56,57,49,1,0,17,0,0.9444444444444444,0.0,0.0,0.0
64,29,56,57,50,4,0,15,0,3.1578947368421053,0.0,0.0,0.0
64,29,64,65,17,2,0,5,0,1.4285714285714286,0.0,0.0,0.0
64,29,64,65,18,2,0,4,0,1.3333333333333333,0.0,0.0,0.0
64,29,64,65,19,3,0,2,0,1.2,0.0,0.0,0.0
64,29,64,65,20,2,0,1,0,0.6666666666666666,0.0,0.0,0.0
64,29,64,65,36,2,0,2,0,1.0,0.0,0.0,0.0
64,29,64,65,37,2,0,4,0,1.3333333333333333,0.0,0.0,0.0
64,29,64,65,38,2,0,5,0,1.4285714285714286,0.0,0.0,0.0
64,29,64,65,39,2,0,6,0,1.5,0.0,0.0,0.0
64,29,64,65,40,2,0,7,0,1.5555555555555556,0.0,0.0,0.0
64,29,64,65,41,2,0,8,0,1.6,0.0,0.0,0.0
64,29,64,65,42,2,0,9,0,1.6363636363636365,0.0,0.0,0.0
64,29,64,65,43,2,0,10,0,1.6666666666666667,0.0,0.0,0.0
64,29,64,65,44,2,0,10,0,1.6666666666666667,0.0,0.0,0.0
64,29,64,65,45,5,1,12,0,3.5294117647058822,0.2,0.0,0.2
64,29,72,73,17,2,0,5,0,1.4285714285714286,0.0,0.0,0.0
64,29,72,73,18,2,0,4,0,1.3333333333333333,0.0,0.0,0.0
64,29,72,73,19,1,0,4,0,0.8,0.0,0.0,0.0
64,29,72,73,20,3,0,2,0,1.2,0.0,0.0,0.0
64,29,72,73,21,2,0,1,0,0.6666666666666666,0.0,0.0,0.0
64,29,72,73,22,2,0,1,0,0.6666666666666666,0.0,0.0,0.0
64,29,72,73,23,2,0,1,0,0.6666666666666666,0.0,0.0,0.0
64,29,72,73,24,2,0,1,0,0.6666666666666666,0.0,0.0,0.0
64,29,72,73,25,2,0,1,0,0.6666666666666666,0.0,0.0,0.0
64,29,72,73,26,2,0,1,0,0.6666666666666666,0.0,0.0,0.0
64,29,72,73,27,2,0,1,0,0.6666666666666666,0.0,0.0,0.0
64,29,72,73,28,2,0,1,0,0.6666666666666666,0.0,0.0,0.0
64,29,72,73,29,2,0,1,0,0.6666666666666666,0.0,0.0,0.0
64,29,72,73,36,3,0,1,0,0.75,0.0,0.0,0.0
64,29,72,73,37,3,0,4,0,1.7142857142857142,0.0,0.0,0.0
64,29,72,73,39,2,1,5,0,1.4285714285714286,0.5,0.0,0.5
64,29,72,73,40,1,0,6,0,0.8571428571428571,0.0,0.0,0.0
64,29,72,73,41,3,0,5,0,1.875,0.0,0.0,0.0
64,29,72,73,42,2,0,7,0,1.5555555555555556,0.0,0.0,0.0
64,29,72,73,43,6,1,7,0,3.230769230769231,0.16666666666666666,0.0,0.16666666666666666
64,29,72,73,44,2,0,11,0,1.6923076923076923,0.0,0.0,0.0
64,29,72,73,45,2,0,13,0,1.7333333333333334,0.0,0.0,0.0
64,29,72,73,46,1,0,15,0,0.9375,0.0,0.0,0.0
64,29,72,73,47,2,0,16,0,1.7777777777777777,0.0,0.0,0.0
64,29,72,73,48,2,0,18,0,1.8,0.0,0.0,0.0
64,29,80,81,18,2,0,6,0,1.5,0.0,0.0,0.0
64,29,80,81,20,2,0,6,0,1.5,0.0,0.0,0.0
64,29,80,81,21,2,0,5,0,1.4285714285714286,0.0,0.0,0.0
64,29,80,81,22,3,0,4,0,1.7142857142857142,0.0,0.0,0.0
64,29,80,81,23,1,0,5,0,0.8333333333333334,0.0,0.0,0.0
64,29,80,81,24,4,0,3,0,1.7142857142857142,0.0,0.0,0.0
64,29,80,81,25,2,0,3,0,1.2,0.0,0.0,0.0
64,29,80,81,26,2,0,3,0,1.2,0.0,0.0,0.0
64,29,80,81,27,2,0,3,0,1.2,0.0,0.0,0.0
64,29,80,81,28,2,0,3,0,1.2,0.0,0.0,0.0
64,29,80,81,29,1,0,4,0,0.8,0.0,0.0,0.0
64,29,80,81,30,3,0,2,0,1.2,0.0,0.0,0.0
64,29,80,81,37,1,0,8,0,0.8888888888888888,0.0,0.0,0.0
64,29,80,81,38,1,0,8,0,0.8888888888888888,0.0,0.0,0.0
64,29,80,81,39,3,0,7,0,2.1,0.0,0.0,0.0
64,29,80,81,40,1,0,9,0,0.9,0.0,0.0,0.0
64,29,80,81,41,2,0,9,0,1.6363636363636365,0.0,0.0,0.0
64,29,80,81,43,5,1,10,0,3.3333333333333335,0.2,0.0,0.2
64,29,80,81,45,4,0,13,0,3.0588235294117645,0.0,0.0,0.0
64,29,80,81,47,2,0,16,0,1.7777777777777777,0.0,0.0,0.0
64,29,80,81,48,1,0,18,0,0.9473684210526315,0.0,0.0,0.0
64,29,80,81,49,1,0,19,0,0.95,0.0,0.0,0.0
64,29,88,89,26,2,0,13,0,1.7333333333333334,0.0,0.0,0.0
64,29,88,89,27,1,0,13,0,0.9285714285714286,0.0,0.0,0.0
64,29,88,89,28,7,0,7,0,3.5,0.0,0.0,0.0
64,29,88,89,29,3,0,6,0,2.0,0.0,0.0,0.0
64,29,88,89,30,2,0,5,0,1.4285714285714286,0.0,0.0,0.0
64,29,88,89,31,2,0,4,0,1.3333333333333333,0.0,0.0,0.0
64,29,88,89,32,3,0,3,0,1.5,0.0,0.0,0.0
64,29,88,89,34,2,0,3,0,1.2,0.0,0.0,0.0
64,30,8,9,9,17,17,1,0,0.9444444444444444,1.0,0.0,1.0
64,30,16,17,14,3,1,1,0,0.75,0.3333333333333333,0.0,0.3333333333333333
64,30,16,17,15,24,8,3,0,2.6666666666666665,0.3333333333333333,0.0,0.3333333333333333
64,30,24,25,20,2,1,13,0,1.7333333333333334,0.5,0.0,0.5
64,30,24,25,21,6,2,13,0,4.105263157894737,0.3333333333333333,0.0,0.3333333333333333
64,30,32,33,25,9,4,2,0,1.6363636363636365,0.4444444444444444,0.0,0.4444444444444444
64,30,32,33,26,1,0,9,0,0.9,0.0,0.0,0.0
64,30,32,33,27,1,0,10,0,0.9090909090909091,0.0,0.0,0.0
64,30,40,41,15,2,0,1,0,0.6666666666666666,0.0,0.0,0.0
64,30,40,41,16,2,0,2,0,1.0,0.0,0.0,0.0
64,30,40,41,18,3,0,2,0,1.2,0.0,0.0,0.0
64,30,40,41,19,1,0,4,0,0.8,0.0,0.0,0.0
64,30,40,41,20,3,0,3,0,1.5,0.0,0.0,0.0
64,30,40,41,21,1,0,4,0,0.8,0.0,0.0,0.0
64,30,40,41,22,2,0,4,0,1.3333333333333333,0.0,0.0,0.0
64,30,40,41,23,1,0,5,0,0.8333333333333334,0.0,0.0,0.0
64,30,40,41,24,2,0,5,0,1.4285714285714286,0.0,0.0,0.0
64,30,40,41,26,1,0,5,0,0.8333333333333334,0.0,0.0,0.0
64,30,40,41,28,1,0,4,0,0.8,0.0,0.0,0.0
64,30,40,41,29,5,5,4,0,2.2222222222222223,1.0,0.0,1.0
64,30,40,41,30,3,1,6,0,2.0,0.3333333333333333,0.0,0.3333333333333333
64,30,40,41,31,8,6,7,0,3.7333333333333334,0.75,0.0,0.75
64,30,40,41,32,4,0,12,0,3.0,0.0,0.0,0.0
64,30,40,41,33,9,5,13,0,5.318181818181818,0.5555555555555556,0.0,0.5555555555555556
64,30,48,49,3,1,0,4,0,0.8,0.0,0.0,0.0
64,30,48,49,5,1,0,7,0,0.875,0.0,0.0,0.0
64,30,48,49,6,2,0,7,0,1.5555555555555556,0.0,0.0,0.0
64,30,48,49,7,2,0,6,0,1.5,0.0,0.0,0.0
64,30,48,49,8,1,0,6,0,0.8571428571428571,0.0,0.0,0.0
64,30,48,49,9,2,0,5,0,1.4285714285714286,0.0,0.0,0.0
64,30,48,49,10,3,0,5,0,1.875,0.0,0.0,0.0
64,30,48,49,11,4,0,5,0,2.2222222222222223,0.0,0.0,0.0
64,30,48,49,12,2,0,6,0,1.5,0.0,0.0,0.0
64,30,48,49,13,4,0,5,0,2.2222222222222223,0.0,0.0,0.0
64,30,48,49,14,1,0,7,0,0.875,0.0,0.0,0.0
64,30,48,49,15,3,0,7,0,2.1,0.0,0.0,0.0
64,30,48,49,16,3,0,8,0,2.1818181818181817,0.0,0.0,0.0
64,30,48,49,17,2,0,9,0,1.6363636363636365,0.0,0.0,0.0
64,30,48,49,18,1,0,8,0,0.8888888888888888,0.0,0.0,0.0
64,30,48,49,19,1,0,8,0,0.8888888888888888,0.0,0.0,0.0
64,30,48,49,20,1,0,8,0,0.8888888888888888,0.0,0.0,0.0
64,30,48,49,21,1,0,8,0,0.8888888888888888,0.0,0.0,0.0
64,30,48,49,22,1,0,8,0,0.8888888888888888,0.0,0.0,0.0
64,30,48,49,23,1,0,8,0,0.8888888888888888,0.0,0.0,0.0
64,30,48,49,24,1,0,8,0,0.8888888888888888,0.0,0.0,0.0
64,30,48,49,30,1,0,3,0,0.75,0.0,0.0,0.0
64,30,48,49,31,1,0,3,0,0.75,0.0,0.0,0.0
64,30,48,49,32,1,0,3,0,0.75,0.0,0.0,0.0
64,30,48,49,33,3,1,3,0,1.5,0.3333333333333333,0.0,0.3333333333333333
64,30,48,49,34,3,1,4,0,1.7142857142857142,0.3333333333333333,0.0,0.3333333333333333
64,30,48,49,35,7,1,6,0,3.230769230769231,0.14285714285714285,0.0,0.14285714285714285
64,30,48,49,36,4,0,10,0,2.857142857142857,0.0,0.0,0.0
64,30,48,49,37,10,7,12,0,5.454545454545454,0.7,0.0,0.7
64,30,48,49,38,4,0,20,1,3.3333333333333335,0.0,0.05,-0.05
64,30,48,49,39,6,3,22,0,4.714285714285714,0.5,0.0,0.5
64,30,48,49,40,2,0,27,0,1.8620689655172413,0.0,0.0,0.0
64,30,56,57,2,1,0,4,0,0.8,0.0,0.0,0.0
64,30,56,57,4,1,0,7,0,0.875,0.0,0.0,0.0
64,30,56,57,6,1,0,9,0,0.9,0.0,0.0,0.0
64,30,56,57,8,4,0,12,0,3.0,0.0,0.0,0.0
64,30,56,57,9,3,0,14,0,2.4705882352941178,0.0,0.0,0.0
64,30,56,57,10,3,0,14,0,2.4705882352941178,0.0,0.0,0.0
64,30,56,57,11,1,0,17,0,0.9444444444444444,0.0,0.0,0.0
64,30,56,57,12,1,0,18,0,0.9473684210526315,0.0,0.0,0.0
64,30,56,57,13,1,0,19,0,0.95,0.0,0.0,0.0
64,30,56,57,15,2,0,19,0,1.8095238095238095,0.0,0.0,0.0
64,30,56,57,16,1,0,19,0,0.95,0.0,0.0,0.0
64,30,56,57,17,2,0,18,0,1.8,0.0,0.0,0.0
64,30,56,57,18,4,0,15,0,3.1578947368421053,0.0,0.0,0.0
64,30,56,57,19,2,0,14,0,1.75,0.0,0.0,0.0
64,30,56,57,20,2,0,12,0,1.7142857142857142,0.0,0.0,0.0
64,30,56,57,25,1,0,8,0,0.8888888888888888,0.0,0.0,0.0
64,30,56,57,28,1,0,5,0,0.8333333333333334,0.0,0.0,0.0
64,30,56,57,29,4,0,5,0,2.2222222222222223,0.0,0.0,0.0
64,30,56,57,30,3,0,7,0,2.1,0.0,0.0,0.0
64,30,56,57,31,6,0,9,0,3.6,0.0,0.0,0.0
64,30,56,57,33,4,0,14,0,3.111111111111111,0.0,0.0,0.0
64,30,56,57,35,7,0,13,0,4.55,0.0,0.0,0.0
64,30,56,57,36,2,0,16,0,1.7777777777777777,0.0,0.0,0.0
64,30,56,57,37,7,0,13,0,4.55,0.0,0.0,0.0
64,30,56,57,38,3,0,15,0,2.5,0.0,0.0,0.0
64,30,56,57,39,5,2,16,0,3.8095238095238093,0.4,0.0,0.4
64,30,56,57,41,2,0,21,1,1.826086956521739,0.0,0.047619047619047616,-0.047619047619047616
64,30,56,57,42,1,0,19,0,0.95,0.0,0.0,0.0
64,30,56,57,43,1,1,17,0,0.9444444444444444,1.0,0.0,1.0
64,30,56,57,45,1,1,18,0,0.9473684210526315,1.0,0.0,1.0
64,30,64,65,13,2,0,24,0,1.8461538461538463,0.0,0.0,0.0
64,30,64,65,15,2,0,25,0,1.8518518518518519,0.0,0.0,0.0
64,30,64,65,23,3,0,12,0,2.4,0.0,0.0,0.0
64,30,64,65,25,3,0,9,0,2.25,0.0,0.0,0.0
64,30,64,65,27,1,0,10,0,0.9090909090909091,0.0,0.0,0.0
64,30,64,65,30,1,0,17,0,0.9444444444444444,0.0,0.0,0.0
64,30,64,65,31,1,0,18,0,0.9473684210526315,0.0,0.0,0.0
64,30,64,65,32,1,0,18,0,0.9473684210526315,0.0,0.0,0.0
64,30,64,65,33,2,0,18,0,1.8,0.0,0.0,0.0
64,30,64,65,34,3,0,19,0,2.590909090909091,0.0,0.0,0.0
64,30,64,65,35,2,0,22,0,1.8333333333333333,0.0,0.0,0.0
64,30,64,65,36,2,0,24,0,1.8461538461538463,0.0,0.0,0.0
64,30,64,65,38,2,0,26,0,1.8571428571428572,0.0,0.0,0.0
64,30,64,65,39,2,0,24,0,1.8461538461538463,0.0,0.0,0.0
64,30,64,65,40,3,0,22,0,2.64,0.0,0.0,0.0
64,30,64,65,41,2,1,22,0,1.8333333333333333,0.5,0.0,0.5
64,30,64,65,42,2,0,18,0,1.8,0.0,0.0,0.0
64,30,64,65,43,2,1,15,0,1.7647058823529411,0.5,0.0,0.5
64,30,64,65,45,2,1,14,0,1.75,0.5,0.0,0.5
64,30,64,65,47,2,1,15,0,1.7647058823529411,0.5,0.0,0.5
64,30,64,65,48,1,0,16,0,0.9411764705882353,0.0,0.0,0.0
64,30,64,65,49,3,3,17,0,2.55,1.0,0.0,1.0
64,30,64,65,50,1,0,20,0,0.9523809523809523,0.0,0.0,0.0
64,30,64,65,51,2,1,21,0,1.826086956521739,0.5,0.0,0.5
64,30,72,73,34,1,0,23,0,0.9583333333333334,0.0,0.0,0.0
64,30,72,73,43,1,1,12,0,0.9230769230769231,1.0,0.0,1.0
64,30,72,73,45,1,1,9,0,0.9,1.0,0.0,1.0
64,30,72,73,46,1,0,8,0,0.8888888888888888,0.0,0.0,0.0
64,30,72,73,48,1,0,8,0,0.8888888888888888,0.0,0.0,0.0
64,30,72,73,49,1,1,9,0,0.9,1.0,0.0,1.0
64,30,72,73,51,1,1,11,0,0.9166666666666666,1.0,0.0,1.0
64,30,72,73,53,1,1,13,0,0.9285714285714286,1.0,0.0,1.0
64,30,72,73,55,3,3,14,0,2.4705882352941178,1.0,0.0,1.0
64,30,72,73,57,5,5,15,0,3.75,1.0,0.0,1.0
64,30,80,81,35,1,0,25,0,0.9615384615384616,0.0,0.0,0.0
64,30,88,89,36,1,0,26,0,0.9629629629629629,0.0,0.0,0.0
64,30,96,97,37,1,0,28,0,0.9655172413793104,0.0,0.0,0.0
64,30,96,97,38,1,0,29,0,0.9666666666666667,0.0,0.0,0.0
64,30,96,97,39,2,0,26,0,1.8571428571428572,0.0,0.0,0.0
64,30,96,97,41,2,0,22,0,1.8333333333333333,0.0,0.0,0.0
64,30,96,97,42,1,0,17,0,0.9444444444444444,0.0,0.0,0.0
64,30,96,97,43,1,0,12,0,0.9230769230769231,0.0,0.0,0.0
64,30,96,97,44,1,0,10,0,0.9090909090909091,0.0,0.0,0.0
64,30,96,97,45,1,0,9,0,0.9,0.0,0.0,0.0
64,30,96,97,47,1,0,8,0,0.8888888888888888,0.0,0.0,0.0
64,30,104,105,37,1,0,28,0,0.9655172413793104,0.0,0.0,0.0
64,30,104,105,38,1,0,29,0,0.9666666666666667,0.0,0.0,0.0
64,30,104,105,39,1,0,27,0,0.9642857142857143,0.0,0.0,0.0
64,30,104,105,40,1,0,25,0,0.9615384615384616,0.0,0.0,0.0
64,30,104,105,41,1,0,23,0,0.9583333333333334,0.0,0.0,0.0
64,30,104,105,42,1,0,18,0,0.9473684210526315,0.0,0.0,0.0
64,30,104,105,43,1,0,13,0,0.9285714285714286,0.0,0.0,0.0
64,30,104,105,44,1,0,11,0,0.9166666666666666,0.0,0.0,0.0
64,30,104,105,45,1,0,10,0,0.9090909090909091,0.0,0.0,0.0
64,30,104,105,46,1,0,9,0,0.9,0.0,0.0,0.0
64,30,104,105,47,1,0,9,0,0.9,0.0,0.0,0.0
64,30,104,105,48,1,0,9,0,0.9,0.0,0.0,0.0
64,30,104,105,49,1,0,10,0,0.9090909090909091,0.0,0.0,0.0
64,30,104,105,50,1,0,11,0,0.9166666666666666,0.0,0.0,0.0
64,30,104,105,51,1,0,12,0,0.9230769230769231,0.0,0.0,0.0
64,30,104,105,52,1,0,12,0,0.9230769230769231,0.0,0.0,0.0
64,30,112,113,38,1,0,30,0,0.967741935483871,0.0,0.0,0.0
64,30,112,113,39,1,0,28,0,0.9655172413793104,0.0,0.0,0.0
64,30,112,113,40,1,0,26,0,0.9629629629629629,0.0,0.0,0.0
64,30,112,113,41,1,0,24,0,0.96,0.0,0.0,0.0
64,30,112,113,42,1,0,19,0,0.95,0.0,0.0,0.0
64,30,112,113,43,1,0,14,0,0.9333333333333333,0.0,0.0,0.0
64,30,112,113,44,1,0,12,0,0.9230769230769231,0.0,0.0,0.0
64,30,112,113,45,1,0,11,0,0.9166666666666666,0.0,0.0,0.0
64,30,112,113,46,1,0,10,0,0.9090909090909091,0.0,0.0,0.0
64,30,112,113,47,1,0,10,0,0.9090909090909091,0.0,0.0,0.0
64,30,112,113,48,1,0,10,0,0.9090909090909091,0.0,0.0,0.0
64,30,112,113,49,1,0,11,0,0.9166666666666666,0.0,0.0,0.0
64,30,112,113,50,1,0,12,0,0.9230769230769231,0.0,0.0,0.0
64,30,112,113,51,1,0,13,0,0.9285714285714286,0.0,0.0,0.0
64,30,112,113,52,1,0,13,0,0.9285714285714286,0.0,0.0,0.0
64,30,112,113,53,1,0,13,0,0.9285714285714286,0.0,0.0,0.0
64,30,120,121,39,1,0,29,0,0.9666666666666667,0.0,0.0,0.0
64,30,120,121,41,2,0,25,0,1.8518518518518519,0.0,0.0,0.0
64,30,120,121,43,2,0,15,0,1.7647058823529411,0.0,0.0,0.0
64,30,120,121,45,2,0,12,0,1.7142857142857142,0.0,0.0,0.0
64,30,120,121,47,2,0,11,0,1.6923076923076923,0.0,0.0,0.0
64,30,120,121,49,2,0,12,0,1.7142857142857142,0.0,0.0,0.0
64,30,120,121,50,1,0,13,0,0.9285714285714286,0.0,0.0,0.0
64,30,120,121,51,1,0,14,0,0.9333333333333333,0.0,0.0,0.0
64,30,120,121,52,1,0,14,0,0.9333333333333333,0.0,0.0,0.0
64,30,120,121,53,2,0,13,0,1.7333333333333334,0.0,0.0,0.0
64,30,128,129,41,1,0,27,0,0.9642857142857143,0.0,0.0,0.0
64,30,128,129,43,1,0,18,0,0.9473684210526315,0.0,0.0,0.0
64,30,128,129,44,1,0,17,0,0.9444444444444444,0.0,0.0,0.0
64,30,128,129,45,1,0,16,0,0.9411764705882353,0.0,0.0,0.0
64,30,128,129,47,1,0,16,0,0.9411764705882353,0.0,0.0,0.0
64,30,128,129,49,1,0,18,0,0.9473684210526315,0.0,0.0,0.0
64,30,128,129,51,1,0,21,0,0.9545454545454546,0.0,0.0,0.0
64,30,128,129,52,1,0,21,0,0.9545454545454546,0.0,0.0,0.0
64,30,128,129,53,1,0,21,0,0.9545454545454546,0.0,0.0,0.0
64,30,128,129,54,1,0,21,0,0.9545454545454546,0.0,0.0,0.0
64,30,128,129,55,3,0,18,0,2.5714285714285716,0.0,0.0,0.0
64,30,128,129,56,2,0,17,0,1.7894736842105263,0.0,0.0,0.0
64,30,128,129,57,4,0,14,0,3.111111111111111,0.0,0.0,0.0
64,30,128,129,58,1,0,14,0,0.9333333333333333,0.0,0.0,0.0
64,30,136,137,61,2,0,12,0,1.7142857142857142,0.0,0.0,0.0
64,31,8,9,9,25,25,2,0,1.8518518518518519,1.0,0.0,1.0
64,31,16,17,14,8,1,2,0,1.6,0.125,0.0,0.125
64,31,16,17,15,22,11,7,0,5.310344827586207,0.5,0.0,0.5
64,31,24,25,20,1,0,3,0,0.75,0.0,0.0,0.0
64,31,24,25,21,9,9,3,0,2.25,1.0,0.0,1.0
64,31,32,33,25,5,3,1,0,0.8333333333333334,0.6,0.0,0.6
64,31,32,33,26,2,0,6,0,1.5,0.0,0.0,0.0
64,31,32,33,27,5,3,7,0,2.9166666666666665,0.6,0.0,0.6
64,31,40,41,15,2,0,14,0,1.75,0.0,0.0,0.0
64,31,40,41,16,2,0,12,0,1.7142857142857142,0.0,0.0,0.0
64,31,40,41,17,3,0,9,0,2.25,0.0,0.0,0.0
64,31,40,41,18,2,0,7,0,1.5555555555555556,0.0,0.0,0.0
64,31,40,41,19,2,0,5,0,1.4285714285714286,0.0,0.0,0.0
64,31,40,41,20,1,0,4,0,0.8,0.0,0.0,0.0
64,31,40,41,29,1,1,1,0,0.5,1.0,0.0,1.0
64,31,40,41,31,6,6,2,0,1.5,1.0,0.0,1.0
64,31,40,41,32,4,0,7,0,2.5454545454545454,0.0,0.0,0.0
64,31,40,41,33,7,4,9,0,3.9375,0.5714285714285714,0.0,0.5714285714285714
64,31,48,49,2,2,0,1,0,0.6666666666666666,0.0,0.0,0.0
64,31,48,49,3,2,0,1,0,0.6666666666666666,0.0,0.0,0.0
64,31,48,49,4,1,0,1,0,0.5,0.0,0.0,0.0
64,31,48,49,21,1,0,9,0,0.9,0.0,0.0,0.0
64,31,48,49,22,2,0,7,0,1.5555555555555556,0.0,0.0,0.0
64,31,48,49,23,5,0,2,0,1.4285714285714286,0.0,0.0,0.0
64,31,48,49,24,1,0,1,0,0.5,0.0,0.0,0.0
64,31,48,49,38,1,0,7,0,0.875,0.0,0.0,0.0
64,31,48,49,39,1,1,6,0,0.8571428571428571,1.0,0.0,1.0
64,31,56,57,3,2,0,9,0,1.6363636363636365,0.0,0.0,0.0
64,31,56,57,4,2,0,10,0,1.6666666666666667,0.0,0.0,0.0
64,31,56,57,5,5,0,7,0,2.9166666666666665,0.0,0.0,0.0
64,31,56,57,6,4,0,7,0,2.5454545454545454,0.0,0.0,0.0
64,31,56,57,7,6,0,6,0,3.0,0.0,0.0,0.0
64,31,56,57,9,3,0,9,0,2.25,0.0,0.0,0.0
64,31,56,57,10,1,0,11,0,0.9166666666666666,0.0,0.0,0.0
64,31,56,57,11,1,0,13,0,0.9285714285714286,0.0,0.0,0.0
64,31,56,57,22,2,0,8,0,1.6,0.0,0.0,0.0
64,31,56,57,23,2,0,6,0,1.5,0.0,0.0,0.0
64,31,56,57,24,2,0,4,0,1.3333333333333333,0.0,0.0,0.0
64,31,56,57,25,3,0,1,0,0.75,0.0,0.0,0.0
64,31,64,65,7,2,0,21,0,1.826086956521739,0.0,0.0,0.0
64,31,64,65,9,2,0,25,0,1.8518518518518519,0.0,0.0,0.0
64,31,64,65,10,1,0,27,0,0.9642857142857143,0.0,0.0,0.0
64,31,64,65,11,3,0,26,0,2.689655172413793,0.0,0.0,0.0
64,31,64,65,13,7,0,24,0,5.419354838709677,0.0,0.0,0.0
64,31,64,65,14,1,0,24,0,0.96,0.0,0.0,0.0
64,31,64,65,15,3,0,21,0,2.625,0.0,0.0,0.0
64,31,64,65,17,3,0,18,0,2.5714285714285716,0.0,0.0,0.0
64,31,64,65,18,1,0,16,0,0.9411764705882353,0.0,0.0,0.0
64,31,64,65,19,1,0,13,0,0.9285714285714286,0.0,0.0,0.0
64,31,64,65,23,1,0,9,0,0.9,0.0,0.0,0.0
64,31,64,65,25,2,0,7,0,1.5555555555555556,0.0,0.0,0.0
64,31,64,65,27,2,0,8,0,1.6,0.0,0.0,0.0
64,31,64,65,29,3,0,9,0,2.25,0.0,0.0,0.0
64,31,64,65,30,3,0,9,0,2.25,0.0,0.0,0.0
64,31,64,65,31,4,0,8,0,2.6666666666666665,0.0,0.0,0.0
64,31,64,65,32,1,0,9,0,0.9,0.0,0.0,0.0
64,31,64,65,33,5,0,6,0,2.727272727272727,0.0,0.0,0.0
64,31,64,65,34,2,0,6,0,1.5,0.0,0.0,0.0
64,31,64,65,35,5,0,3,0,1.875,0.0,0.0,0.0
64,31,72,73,37,2,0,9,0,1.6363636363636365,0.0,0.0,0.0
64,31,72,73,38,1,0,7,0,0.875,0.0,0.0,0.0
64,31,72,73,39,4,0,2,0,1.3333333333333333,0.0,0.0,0.0
