size,map_index,start_step,end_step,distance,frontier_opportunities,frontier_acquired,nonfrontier_opportunities,nonfrontier_acquired,matched_weight,frontier_rate,nonfrontier_rate,rate_difference
32,0,16,17,16,1,0,1,0,0.5,0.0,0.0,0.0
32,0,24,25,22,5,2,8,0,3.076923076923077,0.4,0.0,0.4
32,0,32,33,28,4,4,2,0,1.3333333333333333,1.0,0.0,1.0
32,0,32,33,29,1,0,5,0,0.8333333333333334,0.0,0.0,0.0
32,0,40,41,13,3,0,1,0,0.75,0.0,0.0,0.0
32,0,40,41,32,1,0,1,0,0.5,0.0,0.0,0.0
32,0,40,41,33,5,5,1,0,0.8333333333333334,1.0,0.0,1.0
32,0,48,49,3,1,0,2,0,0.6666666666666666,0.0,0.0,0.0
32,0,48,49,4,1,0,3,0,0.75,0.0,0.0,0.0
32,0,48,49,5,1,0,2,0,0.6666666666666666,0.0,0.0,0.0
32,0,48,49,7,1,0,3,0,0.75,0.0,0.0,0.0
32,0,48,49,8,1,0,4,0,0.8,0.0,0.0,0.0
32,0,48,49,17,3,0,1,0,0.75,0.0,0.0,0.0
32,0,48,49,18,1,0,1,0,0.5,0.0,0.0,0.0
32,0,48,49,38,3,2,1,0,0.75,0.6666666666666666,0.0,0.6666666666666666
32,0,48,49,39,4,3,5,1,2.2222222222222223,0.75,0.2,0.55
32,0,48,49,40,2,1,10,0,1.6666666666666667,0.5,0.0,0.5
32,0,56,57,22,3,0,10,0,2.3076923076923075,0.0,0.0,0.0
32,0,56,57,23,1,0,9,0,0.9,0.0,0.0,0.0
32,0,56,57,44,4,3,1,0,0.8,0.75,0.0,0.75
32,0,56,57,45,6,5,6,1,3.0,0.8333333333333334,0.16666666666666666,0.6666666666666667
32,0,64,65,27,1,0,8,0,0.8888888888888888,0.0,0.0,0.0
32,0,64,65,28,1,0,5,0,0.8333333333333334,0.0,0.0,0.0
32,0,64,65,29,2,0,1,0,0.6666666666666666,0.0,0.0,0.0
32,0,64,65,44,1,0,2,0,0.6666666666666666,0.0,0.0,0.0
32,0,64,65,45,4,1,2,0,1.3333333333333333,0.25,0.0,0.25
32,0,64,65,46,1,0,6,0,0.8571428571428571,0.0,0.0,0.0
32,0,64,65,47,2,0,6,0,1.5,0.0,0.0,0.0
32,0,64,65,48,2,0,6,0,1.5,0.0,0.0,0.0
32,0,64,65,51,1,1,5,0,0.8333333333333334,1.0,0.0,1.0
32,0,64,65,52,4,1,4,0,2.0,0.25,0.0,0.25
32,0,72,73,32,2,0,4,0,1.3333333333333333,0.0,0.0,0.0
32,0,72,73,33,3,0,2,0,1.2,0.0,0.0,0.0
32,0,72,73,34,1,0,1,0,0.5,0.0,0.0,0.0
32,0,72,73,44,1,0,4,0,0.8,0.0,0.0,0.0
32,0,72,73,45,1,0,6,0,0.8571428571428571,0.0,0.0,0.0
32,0,72,73,46,2,0,7,0,1.5555555555555556,0.0,0.0,0.0
32,0,72,73,48,4,0,8,0,2.6666666666666665,0.0,0.0,0.0
32,0,72,73,49,1,0,7,0,0.875,0.0,0.0,0.0
32,0,72,73,50,1,0,7,0,0.875,0.0,0.0,0.0
32,0,72,73,51,2,1,6,0,1.5,0.5,0.0,0.5
32,0,72,73,52,2,1,6,0,1.5,0.5,0.0,0.5
32,0,72,73,54,2,0,2,0,1.0,0.0,0.0,0.0
32,0,80,81,36,1,0,5,0,0.8333333333333334,0.0,0.0,0.0
32,0,80,81,37,2,0,4,0,1.3333333333333333,0.0,0.0,0.0
32,0,80,81,38,3,0,3,0,1.5,0.0,0.0,0.0
32,0,80,81,39,3,0,3,0,1.5,0.0,0.0,0.0
32,0,80,81,40,3,0,3,0,1.5,0.0,0.0,0.0
32,0,80,81,41,2,0,2,0,1.0,0.0,0.0,0.0
32,0,80,81,42,1,0,2,0,0.6666666666666666,0.0,0.0,0.0
32,0,80,81,54,2,0,2,0,1.0,0.0,0.0,0.0
32,0,88,89,40,1,0,11,0,0.9166666666666666,0.0,0.0,0.0
32,0,88,89,42,1,0,11,0,0.9166666666666666,0.0,0.0,0.0
32,0,88,89,44,3,0,9,0,2.25,0.0,0.0,0.0
32,0,88,89,46,1,0,11,0,0.9166666666666666,0.0,0.0,0.0
32,1,16,17,16,5,2,9,0,3.2142857142857144,0.4,0.0,0.4
32,1,24,25,21,2,0,1,0,0.6666666666666666,0.0,0.0,0.0
32,1,24,25,22,5,4,4,0,2.2222222222222223,0.8,0.0,0.8
32,1,32,33,27,2,1,1,0,0.6666666666666666,0.5,0.0,0.5
32,1,32,33,28,11,6,2,0,1.6923076923076923,0.5454545454545454,0.0,0.5454545454545454
32,1,32,33,29,6,1,11,0,3.8823529411764706,0.16666666666666666,0.0,0.16666666666666666
32,1,40,41,34,2,1,1,0,0.6666666666666666,0.5,0.0,0.5
32,1,40,41,35,6,5,2,0,1.5,0.8333333333333334,0.0,0.8333333333333334
32,1,48,49,41,4,4,4,0,2.0,1.0,0.0,1.0
32,1,48,49,42,2,0,10,0,1.6666666666666667,0.0,0.0,0.0
32,1,56,57,46,2,2,1,0,0.6666666666666666,1.0,0.0,1.0
32,1,56,57,47,5,3,2,1,1.4285714285714286,0.6,0.5,0.09999999999999998
32,1,64,65,53,3,2,1,0,0.75,0.6666666666666666,0.0,0.6666666666666666
32,1,64,65,54,2,1,4,0,1.3333333333333333,0.5,0.0,0.5
32,1,72,73,15,1,0,4,0,0.8,0.0,0.0,0.0
32,1,72,73,17,1,0,5,0,0.8333333333333334,0.0,0.0,0.0
32,1,72,73,20,1,0,4,0,0.8,0.0,0.0,0.0
32,1,72,73,21,2,0,2,0,1.0,0.0,0.0,0.0
32,1,72,73,23,2,0,2,0,1.0,0.0,0.0,0.0
32,1,72,73,24,2,0,1,0,0.6666666666666666,0.0,0.0,0.0
32,1,72,73,25,1,0,1,0,0.5,0.0,0.0,0.0
32,1,80,81,5,3,0,1,0,0.75,0.0,0.0,0.0
32,1,80,81,6,2,0,2,0,1.0,0.0,0.0,0.0
32,1,80,81,18,1,0,6,0,0.8571428571428571,0.0,0.0,0.0
32,1,80,81,19,1,0,5,0,0.8333333333333334,0.0,0.0,0.0
32,1,80,81,20,2,0,5,0,1.4285714285714286,0.0,0.0,0.0
32,1,80,81,26,1,0,13,0,0.9285714285714286,0.0,0.0,0.0
32,1,80,81,27,1,0,13,0,0.9285714285714286,0.0,0.0,0.0
32,1,80,81,28,3,0,11,0,2.357142857142857,0.0,0.0,0.0
32,1,80,81,29,3,0,11,0,2.357142857142857,0.0,0.0,0.0
32,1,80,81,30,4,0,6,0,2.4,0.0,0.0,0.0
32,1,80,81,31,3,0,3,0,1.5,0.0,0.0,0.0
32,1,88,89,3,1,0,7,0,0.875,0.0,0.0,0.0
32,1,88,89,14,1,0,4,0,0.8,0.0,0.0,0.0
32,1,88,89,29,1,0,16,0,0.9411764705882353,0.0,0.0,0.0
32,1,88,89,39,1,0,4,0,0.8,0.0,0.0,0.0
32,1,96,97,4,1,0,9,0,0.9,0.0,0.0,0.0
32,1,96,97,5,1,0,8,0,0.8888888888888888,0.0,0.0,0.0
32,1,96,97,8,1,0,2,0,0.6666666666666666,0.0,0.0,0.0
32,1,96,97,9,2,0,1,0,0.6666666666666666,0.0,0.0,0.0
32,1,96,97,10,2,0,2,0,1.0,0.0,0.0,0.0
32,1,96,97,11,1,0,2,0,0.6666666666666666,0.0,0.0,0.0
32,1,96,97,12,2,0,2,0,1.0,0.0,0.0,0.0
32,1,96,97,13,1,0,4,0,0.8,0.0,0.0,0.0
32,1,96,97,32,1,0,10,0,0.9090909090909091,0.0,0.0,0.0
32,1,96,97,33,1,0,8,0,0.8888888888888888,0.0,0.0,0.0
32,1,96,97,34,1,0,6,0,0.8571428571428571,0.0,0.0,0.0
32,1,96,97,35,1,0,5,0,0.8333333333333334,0.0,0.0,0.0
32,1,96,97,36,2,0,3,0,1.2,0.0,0.0,0.0
32,1,96,97,41,3,0,6,0,2.0,0.0,0.0,0.0
32,1,96,97,42,1,0,7,0,0.875,0.0,0.0,0.0
32,1,96,97,43,2,0,6,0,1.5,0.0,0.0,0.0
32,1,104,105,6,1,0,9,0,0.9,0.0,0.0,0.0
32,1,104,105,7,2,0,6,0,1.5,0.0,0.0,0.0
32,1,104,105,8,1,0,6,0,0.8571428571428571,0.0,0.0,0.0
32,1,104,105,9,2,0,5,0,1.4285714285714286,0.0,0.0,0.0
32,1,104,105,10,2,0,6,0,1.5,0.0,0.0,0.0
32,1,104,105,11,2,0,6,0,1.5,0.0,0.0,0.0
32,1,104,105,12,1,0,6,0,0.8571428571428571,0.0,0.0,0.0
32,1,104,105,48,3,0,4,0,1.7142857142857142,0.0,0.0,0.0
32,1,104,105,49,2,0,1,0,0.6666666666666666,0.0,0.0,0.0
32,1,112,113,8,1,0,9,0,0.9,0.0,0.0,0.0
32,1,112,113,10,1,0,11,0,0.9166666666666666,0.0,0.0,0.0
32,1,112,113,12,1,0,10,0,0.9090909090909091,0.0,0.0,0.0
32,1,112,113,13,1,0,11,0,0.9166666666666666,0.0,0.0,0.0
32,1,112,113,15,1,0,12,0,0.9230769230769231,0.0,0.0,0.0
32,1,112,113,16,2,0,12,0,1.7142857142857142,0.0,0.0,0.0
32,1,112,113,17,1,0,12,0,0.9230769230769231,0.0,0.0,0.0
32,1,112,113,53,1,0,4,0,0.8,0.0,0.0,0.0
32,1,112,113,55,1,0,5,0,0.8333333333333334,0.0,0.0,0.0
32,1,112,113,57,1,0,3,0,0.75,0.0,0.0,0.0
32,2,16,17,16,4,0,6,0,2.4,0.0,0.0,0.0
32,2,72,73,10,1,0,5,0,0.8333333333333334,0.0,0.0,0.0
32,2,72,73,11,2,0,3,0,1.2,0.0,0.0,0.0
32,2,72,73,12,3,0,1,0,0.75,0.0,0.0,0.0
32,2,80,81,5,1,0,1,0,0.5,0.0,0.0,0.0
32,2,80,81,13,1,0,3,0,0.75,0.0,0.0,0.0
32,2,80,81,14,1,0,2,0,0.6666666666666666,0.0,0.0,0.0
32,2,80,81,15,1,0,1,0,0.5,0.0,0.0,0.0
32,2,80,81,18,2,0,1,0,0.6666666666666666,0.0,0.0,0.0
32,2,80,81,19,2,0,2,0,1.0,0.0,0.0,0.0
32,2,80,81,21,1,0,3,0,0.75,0.0,0.0,0.0
32,2,80,81,22,1,0,1,0,0.5,0.0,0.0,0.0
32,2,88,89,1,1,0,2,0,0.6666666666666666,0.0,0.0,0.0
32,2,88,89,2,2,0,3,0,1.2,0.0,0.0,0.0
32,2,88,89,4,2,0,6,0,1.5,0.0,0.0,0.0
32,2,88,89,5,1,0,6,0,0.8571428571428571,0.0,0.0,0.0
32,2,88,89,7,1,0,5,0,0.8333333333333334,0.0,0.0,0.0
32,2,88,89,8,1,0,5,0,0.8333333333333334,0.0,0.0,0.0
32,2,96,97,16,2,0,8,0,1.6,0.0,0.0,0.0
32,3,16,17,16,1,0,8,0,0.8888888888888888,0.0,0.0,0.0
32,3,64,65,8,2,0,2,0,1.0,0.0,0.0,0.0
32,3,64,65,9,2,0,1,0,0.6666666666666666,0.0,0.0,0.0
32,3,64,65,10,1,0,1,0,0.5,0.0,0.0,0.0
32,3,72,73,2,2,0,1,0,0.6666666666666666,0.0,0.0,0.0
32,3,72,73,3,3,0,1,0,0.75,0.0,0.0,0.0
32,3,72,73,4,3,0,1,0,0.75,0.0,0.0,0.0
32,3,72,73,5,1,0,3,0,0.75,0.0,0.0,0.0
32,3,72,73,6,2,0,2,0,1.0,0.0,0.0,0.0
32,3,72,73,7,1,0,3,0,0.75,0.0,0.0,0.0
32,3,80,81,8,2,0,9,0,1.6363636363636365,0.0,0.0,0.0
32,3,80,81,9,1,0,8,0,0.8888888888888888,0.0,0.0,0.0
32,3,88,89,12,1,0,9,0,0.9,0.0,0.0,0.0
32,3,88,89,13,1,0,7,0,0.875,0.0,0.0,0.0
32,3,88,89,14,3,0,4,0,1.7142857142857142,0.0,0.0,0.0
32,4,16,17,16,1,0,3,0,0.75,0.0,0.0,0.0
32,4,24,25,22,6,2,1,0,0.8571428571428571,0.3333333333333333,0.0,0.3333333333333333
32,4,32,33,27,4,4,1,0,0.8,1.0,0.0,1.0
32,4,32,33,28,7,7,4,0,2.5454545454545454,1.0,0.0,1.0
32,4,48,49,41,2,2,1,0,0.6666666666666666,1.0,0.0,1.0
32,4,48,49,42,2,0,2,0,1.0,0.0,0.0,0.0
32,4,112,113,12,2,0,5,0,1.4285714285714286,0.0,0.0,0.0
32,4,120,121,16,2,0,1,0,0.6666666666666666,0.0,0.0,0.0
32,4,128,129,21,1,0,5,0,0.8333333333333334,0.0,0.0,0.0
32,4,128,129,22,4,0,2,0,1.3333333333333333,0.0,0.0,0.0
32,4,128,129,23,1,0,2,0,0.6666666666666666,0.0,0.0,0.0
32,4,128,129,24,1,0,1,0,0.5,0.0,0.0,0.0
32,4,136,137,3,1,0,9,0,0.9,0.0,0.0,0.0
32,4,136,137,4,3,0,6,0,2.0,0.0,0.0,0.0
32,4,136,137,5,2,0,4,0,1.3333333333333333,0.0,0.0,0.0
32,4,136,137,6,1,0,2,0,0.6666666666666666,0.0,0.0,0.0
32,4,136,137,21,1,0,5,0,0.8333333333333334,0.0,0.0,0.0
32,4,136,137,40,1,0,2,0,0.6666666666666666,0.0,0.0,0.0
32,4,144,145,8,1,0,7,0,0.875,0.0,0.0,0.0
32,4,144,145,22,1,0,6,0,0.8571428571428571,0.0,0.0,0.0
32,4,144,145,26,1,0,5,0,0.8333333333333334,0.0,0.0,0.0
32,4,144,145,28,1,0,4,0,0.8,0.0,0.0,0.0
32,4,152,153,9,1,0,7,0,0.875,0.0,0.0,0.0
32,4,152,153,10,2,0,7,0,1.5555555555555556,0.0,0.0,0.0
32,4,152,153,11,2,0,8,0,1.6,0.0,0.0,0.0
32,4,152,153,12,2,0,7,0,1.5555555555555556,0.0,0.0,0.0
32,4,152,153,23,1,0,6,0,0.8571428571428571,0.0,0.0,0.0
32,4,152,153,25,2,0,6,0,1.5,0.0,0.0,0.0
32,4,152,153,26,1,0,7,0,0.875,0.0,0.0,0.0
32,4,152,153,28,2,0,6,0,1.5,0.0,0.0,0.0
32,4,152,153,30,2,0,5,0,1.4285714285714286,0.0,0.0,0.0
32,4,152,153,32,1,0,1,0,0.5,0.0,0.0,0.0
32,4,160,161,11,1,0,12,0,0.9230769230769231,0.0,0.0,0.0
32,4,160,161,12,1,0,11,0,0.9166666666666666,0.0,0.0,0.0
32,4,160,161,14,2,0,5,0,1.4285714285714286,0.0,0.0,0.0
32,4,160,161,27,1,0,10,0,0.9090909090909091,0.0,0.0,0.0
32,4,160,161,29,1,0,10,0,0.9090909090909091,0.0,0.0,0.0
32,4,160,161,30,1,0,10,0,0.9090909090909091,0.0,0.0,0.0
32,5,16,17,16,1,0,7,0,0.875,0.0,0.0,0.0
32,5,24,25,22,4,1,3,0,1.7142857142857142,0.25,0.0,0.25
32,5,88,89,4,1,0,5,0,0.8333333333333334,0.0,0.0,0.0
32,5,88,89,5,2,0,7,0,1.5555555555555556,0.0,0.0,0.0
32,5,88,89,6,1,0,9,0,0.9,0.0,0.0,0.0
32,5,88,89,7,2,0,8,0,1.6,0.0,0.0,0.0
32,5,88,89,8,3,0,4,0,1.7142857142857142,0.0,0.0,0.0
32,5,88,89,10,1,0,1,0,0.5,0.0,0.0,0.0
32,5,96,97,5,1,0,11,0,0.9166666666666666,0.0,0.0,0.0
32,5,104,105,6,1,0,12,0,0.9230769230769231,0.0,0.0,0.0
32,5,104,105,7,1,0,11,0,0.9166666666666666,0.0,0.0,0.0
32,5,112,113,8,1,0,13,0,0.9285714285714286,0.0,0.0,0.0
32,5,112,113,9,1,0,11,0,0.9166666666666666,0.0,0.0,0.0
32,5,112,113,10,1,0,8,0,0.8888888888888888,0.0,0.0,0.0
32,5,112,113,11,2,0,5,0,1.4285714285714286,0.0,0.0,0.0
32,5,112,113,12,1,0,5,0,0.8333333333333334,0.0,0.0,0.0
32,5,120,121,12,1,0,8,0,0.8888888888888888,0.0,0.0,0.0
32,5,120,121,16,1,0,1,0,0.5,0.0,0.0,0.0
32,5,128,129,15,1,0,7,0,0.875,0.0,0.0,0.0
32,5,128,129,16,1,0,6,0,0.8571428571428571,0.0,0.0,0.0
32,5,128,129,17,2,0,4,0,1.3333333333333333,0.0,0.0,0.0
32,5,128,129,18,2,0,3,0,1.2,0.0,0.0,0.0
32,5,136,137,18,1,0,8,0,0.8888888888888888,0.0,0.0,0.0
32,5,136,137,19,1,0,7,0,0.875,0.0,0.0,0.0
32,5,136,137,20,1,0,5,0,0.8333333333333334,0.0,0.0,0.0
32,5,136,137,21,1,0,3,0,0.75,0.0,0.0,0.0
32,5,136,137,22,1,0,2,0,0.6666666666666666,0.0,0.0,0.0
32,5,144,145,20,1,0,7,0,0.875,0.0,0.0,0.0
32,5,144,145,22,1,0,5,0,0.8333333333333334,0.0,0.0,0.0
32,5,144,145,23,2,0,2,0,1.0,0.0,0.0,0.0
32,5,144,145,24,1,0,1,0,0.5,0.0,0.0,0.0
32,6,16,17,16,1,0,7,0,0.875,0.0,0.0,0.0
32,6,24,25,22,5,3,1,0,0.8333333333333334,0.6,0.0,0.6
32,6,40,41,36,3,1,3,0,1.5,0.3333333333333333,0.0,0.3333333333333333
32,6,48,49,39,2,2,1,0,0.6666666666666666,1.0,0.0,1.0
32,6,48,49,40,3,1,4,0,1.7142857142857142,0.3333333333333333,0.0,0.3333333333333333
32,6,48,49,41,5,5,8,0,3.076923076923077,1.0,0.0,1.0
32,6,56,57,45,3,3,2,0,1.2,1.0,0.0,1.0
32,6,56,57,47,3,3,6,0,2.0,1.0,0.0,1.0
32,6,64,65,11,1,0,3,0,0.75,0.0,0.0,0.0
32,6,64,65,13,2,0,3,0,1.2,0.0,0.0,0.0
32,6,64,65,15,2,0,3,0,1.2,0.0,0.0,0.0
32,6,64,65,16,2,0,2,0,1.0,0.0,0.0,0.0
32,6,64,65,17,2,0,1,0,0.6666666666666666,0.0,0.0,0.0
32,6,64,65,31,2,0,1,0,0.6666666666666666,0.0,0.0,0.0
32,6,64,65,32,1,0,3,0,0.75,0.0,0.0,0.0
32,6,64,65,33,3,0,4,0,1.7142857142857142,0.0,0.0,0.0
32,6,64,65,34,1,0,7,0,0.875,0.0,0.0,0.0
32,6,64,65,36,1,0,5,0,0.8333333333333334,0.0,0.0,0.0
32,6,64,65,37,1,0,3,0,0.75,0.0,0.0,0.0
32,6,64,65,50,1,1,3,0,0.75,1.0,0.0,1.0
32,6,64,65,52,3,2,6,0,2.0,0.6666666666666666,0.0,0.6666666666666666
32,6,64,65,53,4,2,6,0,2.4,0.5,0.0,0.5
32,6,64,65,55,1,0,3,0,0.75,0.0,0.0,0.0
32,6,72,73,2,1,0,2,0,0.6666666666666666,0.0,0.0,0.0
32,6,72,73,3,1,0,3,0,0.75,0.0,0.0,0.0
32,6,72,73,5,2,0,3,0,1.2,0.0,0.0,0.0
32,6,72,73,18,1,0,5,0,0.8333333333333334,0.0,0.0,0.0
32,6,72,73,39,1,0,7,0,0.875,0.0,0.0,0.0
32,6,72,73,41,4,0,8,0,2.6666666666666665,0.0,0.0,0.0
32,6,72,73,42,1,0,10,0,0.9090909090909091,0.0,0.0,0.0
32,6,72,73,43,7,0,5,0,2.9166666666666665,0.0,0.0,0.0
32,6,72,73,44,3,0,5,0,1.875,0.0,0.0,0.0
32,6,72,73,45,2,0,6,0,1.5,0.0,0.0,0.0
32,6,72,73,46,1,0,6,0,0.8571428571428571,0.0,0.0,0.0
32,6,72,73,49,2,0,5,0,1.4285714285714286,0.0,0.0,0.0
32,6,72,73,50,4,0,3,0,1.7142857142857142,0.0,0.0,0.0
32,6,80,81,47,1,0,11,0,0.9166666666666666,0.0,0.0,0.0
32,6,88,89,53,2,0,8,0,1.6,0.0,0.0,0.0
32,7,16,17,16,3,0,7,0,2.1,0.0,0.0,0.0
32,7,24,25,22,4,1,9,0,2.769230769230769,0.25,0.0,0.25
32,7,40,41,34,2,1,1,0,0.6666666666666666,0.5,0.0,0.5
32,7,40,41,35,6,5,2,0,1.5,0.8333333333333334,0.0,0.8333333333333334
32,7,48,49,41,4,4,2,0,1.3333333333333333,1.0,0.0,1.0
32,7,72,73,8,2,0,1,0,0.6666666666666666,0.0,0.0,0.0
32,7,72,73,9,2,0,1,0,0.6666666666666666,0.0,0.0,0.0
32,7,72,73,10,2,0,2,0,1.0,0.0,0.0,0.0
32,7,72,73,11,1,0,4,0,0.8,0.0,0.0,0.0
32,7,72,73,12,1,0,4,0,0.8,0.0,0.0,0.0
32,7,72,73,13,1,0,4,0,0.8,0.0,0.0,0.0
32,7,72,73,14,2,0,3,0,1.2,0.0,0.0,0.0
32,7,72,73,15,2,0,3,0,1.2,0.0,0.0,0.0
32,7,72,73,16,2,0,2,0,1.0,0.0,0.0,0.0
32,7,72,73,17,1,0,2,0,0.6666666666666666,0.0,0.0,0.0
32,7,72,73,18,2,0,1,0,0.6666666666666666,0.0,0.0,0.0
32,7,72,73,20,1,0,2,0,0.6666666666666666,0.0,0.0,0.0
32,7,72,73,21,1,0,1,0,0.5,0.0,0.0,0.0
32,7,72,73,24,1,0,1,0,0.5,0.0,0.0,0.0
32,7,80,81,9,1,0,4,0,0.8,0.0,0.0,0.0
32,7,80,81,10,2,0,5,0,1.4285714285714286,0.0,0.0,0.0
32,7,80,81,11,1,0,7,0,0.875,0.0,0.0,0.0
32,7,80,81,12,3,0,7,0,2.1,0.0,0.0,0.0
32,7,80,81,13,1,0,8,0,0.8888888888888888,0.0,0.0,0.0
32,7,80,81,14,1,0,7,0,0.875,0.0,0.0,0.0
32,7,80,81,18,1,0,6,0,0.8571428571428571,0.0,0.0,0.0
32,7,88,89,5,1,0,1,0,0.5,0.0,0.0,0.0
32,7,88,89,6,1,0,1,0,0.5,0.0,0.0,0.0
32,7,88,89,7,1,0,2,0,0.6666666666666666,0.0,0.0,0.0
32,7,88,89,8,1,0,4,0,0.8,0.0,0.0,0.0
32,7,88,89,14,2,0,11,0,1.6923076923076923,0.0,0.0,0.0
32,7,88,89,15,1,0,10,0,0.9090909090909091,0.0,0.0,0.0
32,7,88,89,16,1,0,8,0,0.8888888888888888,0.0,0.0,0.0
32,7,88,89,17,1,0,7,0,0.875,0.0,0.0,0.0
32,7,88,89,18,1,0,7,0,0.875,0.0,0.0,0.0
32,7,88,89,20,1,0,8,0,0.8888888888888888,0.0,0.0,0.0
32,7,88,89,21,3,0,5,0,1.875,0.0,0.0,0.0
32,7,88,89,22,1,0,5,0,0.8333333333333334,0.0,0.0,0.0
32,7,88,89,23,2,0,4,0,1.3333333333333333,0.0,0.0,0.0
32,7,88,89,24,1,0,4,0,0.8,0.0,0.0,0.0
32,7,88,89,25,3,0,2,0,1.2,0.0,0.0,0.0
32,7,88,89,26,2,0,1,0,0.6666666666666666,0.0,0.0,0.0
32,7,88,89,27,1,0,1,0,0.5,0.0,0.0,0.0
32,7,88,89,33,6,0,1,0,0.8571428571428571,0.0,0.0,0.0
32,7,88,89,34,1,0,5,0,0.8333333333333334,0.0,0.0,0.0
32,7,88,89,35,4,0,3,0,1.7142857142857142,0.0,0.0,0.0
32,7,88,89,36,1,0,2,0,0.6666666666666666,0.0,0.0,0.0
32,7,96,97,2,1,0,2,0,0.6666666666666666,0.0,0.0,0.0
32,7,96,97,3,1,0,3,0,0.75,0.0,0.0,0.0
32,7,96,97,4,1,0,4,0,0.8,0.0,0.0,0.0
32,7,96,97,6,1,0,4,0,0.8,0.0,0.0,0.0
32,7,96,97,19,1,0,8,0,0.8888888888888888,0.0,0.0,0.0
32,7,96,97,39,1,0,3,0,0.75,0.0,0.0,0.0
32,7,104,105,20,1,0,9,0,0.9,0.0,0.0,0.0
32,7,104,105,22,2,0,9,0,1.6363636363636365,0.0,0.0,0.0
32,7,104,105,25,1,0,7,0,0.875,0.0,0.0,0.0
32,7,104,105,27,2,0,6,0,1.5,0.0,0.0,0.0
32,7,104,105,28,1,0,5,0,0.8333333333333334,0.0,0.0,0.0
32,7,104,105,45,3,0,5,0,1.875,0.0,0.0,0.0
32,7,104,105,47,3,0,1,0,0.75,0.0,0.0,0.0
32,8,24,25,22,3,2,2,0,1.2,0.6666666666666666,0.0,0.6666666666666666
32,8,32,33,28,9,6,3,0,2.25,0.6666666666666666,0.0,0.6666666666666666
32,8,32,33,29,3,0,12,0,2.4,0.0,0.0,0.0
32,8,40,41,33,3,3,1,0,0.75,1.0,0.0,1.0
32,8,40,41,34,4,2,3,0,1.7142857142857142,0.5,0.0,0.5
32,8,40,41,35,6,3,6,0,3.0,0.5,0.0,0.5
32,8,88,89,12,2,0,2,0,1.0,0.0,0.0,0.0
32,8,88,89,13,2,0,2,0,1.0,0.0,0.0,0.0
32,8,88,89,14,2,0,2,0,1.0,0.0,0.0,0.0
32,8,96,97,11,1,0,6,0,0.8571428571428571,0.0,0.0,0.0
32,8,96,97,13,1,0,5,0,0.8333333333333334,0.0,0.0,0.0
32,8,96,97,19,2,0,1,0,0.6666666666666666,0.0,0.0,0.0
32,8,96,97,20,2,0,1,0,0.6666666666666666,0.0,0.0,0.0
32,8,96,97,21,1,0,2,0,0.6666666666666666,0.0,0.0,0.0
32,8,96,97,25,2,0,3,0,1.2,0.0,0.0,0.0
32,8,96,97,26,2,0,2,0,1.0,0.0,0.0,0.0
32,8,96,97,27,1,0,3,0,0.75,0.0,0.0,0.0
32,8,96,97,28,1,0,3,0,0.75,0.0,0.0,0.0
32,8,104,105,21,1,0,7,0,0.875,0.0,0.0,0.0
32,8,104,105,24,2,0,5,0,1.4285714285714286,0.0,0.0,0.0
32,8,104,105,25,3,0,5,0,1.875,0.0,0.0,0.0
32,8,104,105,26,1,0,6,0,0.8571428571428571,0.0,0.0,0.0
32,8,104,105,27,3,0,5,0,1.875,0.0,0.0,0.0
32,8,104,105,28,1,0,5,0,0.8333333333333334,0.0,0.0,0.0
32,8,104,105,29,2,0,3,0,1.2,0.0,0.0,0.0
32,8,104,105,31,2,0,1,0,0.6666666666666666,0.0,0.0,0.0
32,8,104,105,32,1,0,2,0,0.6666666666666666,0.0,0.0,0.0
32,8,104,105,33,1,0,3,0,0.75,0.0,0.0,0.0
32,8,104,105,35,1,0,4,0,0.8,0.0,0.0,0.0
32,8,104,105,37,1,0,2,0,0.6666666666666666,0.0,0.0,0.0
32,8,112,113,2,2,0,1,0,0.6666666666666666,0.0,0.0,0.0
32,8,112,113,3,2,0,2,0,1.0,0.0,0.0,0.0
32,8,112,113,4,3,0,1,0,0.75,0.0,0.0,0.0
32,8,112,113,5,1,0,1,0,0.5,0.0,0.0,0.0
32,8,112,113,30,1,0,13,0,0.9285714285714286,0.0,0.0,0.0
32,8,120,121,31,1,0,11,0,0.9166666666666666,0.0,0.0,0.0
32,8,120,121,33,2,0,8,0,1.6,0.0,0.0,0.0
32,8,120,121,35,2,0,7,0,1.5555555555555556,0.0,0.0,0.0
32,8,120,121,36,1,0,6,0,0.8571428571428571,0.0,0.0,0.0
32,8,128,129,33,1,0,10,0,0.9090909090909091,0.0,0.0,0.0
32,8,128,129,35,2,0,9,0,1.6363636363636365,0.0,0.0,0.0
32,8,128,129,37,2,0,5,0,1.4285714285714286,0.0,0.0,0.0
32,8,128,129,38,1,0,3,0,0.75,0.0,0.0,0.0
32,9,80,81,12,1,0,4,0,0.8,0.0,0.0,0.0
32,9,88,89,13,1,0,3,0,0.75,0.0,0.0,0.0
32,9,96,97,13,1,0,3,0,0.75,0.0,0.0,0.0
32,9,96,97,14,2,0,2,0,1.0,0.0,0.0,0.0
32,9,96,97,15,1,0,2,0,0.6666666666666666,0.0,0.0,0.0
32,9,96,97,16,2,0,1,0,0.6666666666666666,0.0,0.0,0.0
32,9,96,97,17,2,0,1,0,0.6666666666666666,0.0,0.0,0.0
32,9,104,105,15,1,0,5,0,0.8333333333333334,0.0,0.0,0.0
32,9,104,105,16,1,0,5,0,0.8333333333333334,0.0,0.0,0.0
32,9,104,105,18,1,0,6,0,0.8571428571428571,0.0,0.0,0.0
32,9,104,105,20,2,0,3,0,1.2,0.0,0.0,0.0
32,9,104,105,21,1,0,1,0,0.5,0.0,0.0,0.0
32,10,16,17,16,3,0,8,0,2.1818181818181817,0.0,0.0,0.0
32,10,24,25,22,7,5,2,0,1.5555555555555556,0.7142857142857143,0.0,0.7142857142857143
32,10,112,113,3,3,0,5,0,1.875,0.0,0.0,0.0
32,10,112,113,4,1,0,5,0,0.8333333333333334,0.0,0.0,0.0
32,10,112,113,5,1,0,5,0,0.8333333333333334,0.0,0.0,0.0
32,10,112,113,6,1,0,5,0,0.8333333333333334,0.0,0.0,0.0
32,10,112,113,7,1,0,4,0,0.8,0.0,0.0,0.0
32,10,112,113,10,1,0,1,0,0.5,0.0,0.0,0.0
32,10,120,121,4,1,0,8,0,0.8888888888888888,0.0,0.0,0.0
32,10,120,121,5,2,0,9,0,1.6363636363636365,0.0,0.0,0.0
32,10,120,121,6,2,0,9,0,1.6363636363636365,0.0,0.0,0.0
32,10,120,121,7,3,0,6,0,2.0,0.0,0.0,0.0
32,10,120,121,8,2,0,4,0,1.3333333333333333,0.0,0.0,0.0
32,10,120,121,9,1,0,3,0,0.75,0.0,0.0,0.0
32,10,120,121,11,1,0,1,0,0.5,0.0,0.0,0.0
32,10,120,121,21,1,0,7,0,0.875,0.0,0.0,0.0
32,10,120,121,22,4,0,3,0,1.7142857142857142,0.0,0.0,0.0
32,10,120,121,23,1,0,2,0,0.6666666666666666,0.0,0.0,0.0
32,10,128,129,5,1,0,11,0,0.9166666666666666,0.0,0.0,0.0
32,10,128,129,6,2,0,11,0,1.6923076923076923,0.0,0.0,0.0
32,10,128,129,7,1,0,11,0,0.9166666666666666,0.0,0.0,0.0
32,10,128,129,8,1,0,10,0,0.9090909090909091,0.0,0.0,0.0
32,10,128,129,9,1,0,10,0,0.9090909090909091,0.0,0.0,0.0
32,10,128,129,10,2,0,8,0,1.6,0.0,0.0,0.0
32,10,128,129,12,1,0,4,0,0.8,0.0,0.0,0.0
32,10,128,129,14,2,0,4,0,1.3333333333333333,0.0,0.0,0.0
32,10,128,129,15,1,0,4,0,0.8,0.0,0.0,0.0
32,10,128,129,16,3,0,1,0,0.75,0.0,0.0,0.0
32,10,128,129,22,1,0,7,0,0.875,0.0,0.0,0.0
32,10,128,129,23,1,0,5,0,0.8333333333333334,0.0,0.0,0.0
32,10,128,129,24,2,0,2,0,1.0,0.0,0.0,0.0
32,10,136,137,5,1,0,11,0,0.9166666666666666,0.0,0.0,0.0
32,10,136,137,7,2,0,12,0,1.7142857142857142,0.0,0.0,0.0
32,10,136,137,8,1,0,11,0,0.9166666666666666,0.0,0.0,0.0
32,10,136,137,10,2,0,10,0,1.6666666666666667,0.0,0.0,0.0
32,10,136,137,11,3,0,7,0,2.1,0.0,0.0,0.0
32,10,136,137,12,1,0,5,0,0.8333333333333334,0.0,0.0,0.0
32,10,136,137,13,1,0,6,0,0.8571428571428571,0.0,0.0,0.0
32,10,136,137,14,2,0,5,0,1.4285714285714286,0.0,0.0,0.0
32,10,136,137,16,2,0,4,0,1.3333333333333333,0.0,0.0,0.0
32,10,136,137,17,4,0,3,0,1.7142857142857142,0.0,0.0,0.0
32,10,136,137,18,1,0,5,0,0.8333333333333334,0.0,0.0,0.0
32,10,136,137,21,1,0,8,0,0.8888888888888888,0.0,0.0,0.0
32,10,136,137,22,1,0,8,0,0.8888888888888888,0.0,0.0,0.0
32,10,136,137,23,1,0,7,0,0.875,0.0,0.0,0.0
32,10,136,137,24,1,0,4,0,0.8,0.0,0.0,0.0
32,10,136,137,25,1,0,2,0,0.6666666666666666,0.0,0.0,0.0
32,10,144,145,6,1,0,13,0,0.9285714285714286,0.0,0.0,0.0
32,10,144,145,7,1,0,13,0,0.9285714285714286,0.0,0.0,0.0
32,10,144,145,8,1,0,12,0,0.9230769230769231,0.0,0.0,0.0
32,10,144,145,9,1,0,12,0,0.9230769230769231,0.0,0.0,0.0
32,10,144,145,10,1,0,12,0,0.9230769230769231,0.0,0.0,0.0
32,10,144,145,11,3,0,9,0,2.25,0.0,0.0,0.0
32,10,144,145,12,3,0,6,0,2.0,0.0,0.0,0.0
32,10,144,145,13,2,0,7,0,1.5555555555555556,0.0,0.0,0.0
32,10,144,145,14,1,0,7,0,0.875,0.0,0.0,0.0
32,10,144,145,15,1,0,7,0,0.875,0.0,0.0,0.0
32,10,144,145,25,1,0,4,0,0.8,0.0,0.0,0.0
32,10,144,145,26,1,0,3,0,0.75,0.0,0.0,0.0
32,10,152,153,6,1,0,13,0,0.9285714285714286,0.0,0.0,0.0
32,10,152,153,8,1,0,13,0,0.9285714285714286,0.0,0.0,0.0
32,10,152,153,9,4,0,13,0,3.0588235294117645,0.0,0.0,0.0
32,10,152,153,10,2,0,13,0,1.7333333333333334,0.0,0.0,0.0
32,10,152,153,11,1,0,12,0,0.9230769230769231,0.0,0.0,0.0
32,10,152,153,12,3,0,8,0,2.1818181818181817,0.0,0.0,0.0
32,10,152,153,13,1,0,9,0,0.9,0.0,0.0,0.0
32,10,152,153,14,1,0,8,0,0.8888888888888888,0.0,0.0,0.0
32,10,152,153,15,1,0,8,0,0.8888888888888888,0.0,0.0,0.0
32,10,152,153,16,1,0,7,0,0.875,0.0,0.0,0.0
32,10,160,161,12,1,0,17,0,0.9444444444444444,0.0,0.0,0.0
32,10,160,161,13,6,0,11,0,3.8823529411764706,0.0,0.0,0.0
32,11,40,41,4,2,0,10,0,1.6666666666666667,0.0,0.0,0.0
32,11,40,41,5,6,0,3,0,2.0,0.0,0.0,0.0
32,11,40,41,6,1,0,1,0,0.5,0.0,0.0,0.0
32,11,40,41,9,2,0,1,0,0.6666666666666666,0.0,0.0,0.0
32,11,40,41,11,2,0,1,0,0.6666666666666666,0.0,0.0,0.0
32,11,48,49,6,1,0,12,0,0.9230769230769231,0.0,0.0,0.0
32,11,48,49,7,4,0,8,0,2.6666666666666665,0.0,0.0,0.0
32,12,24,25,22,3,1,5,0,1.875,0.3333333333333333,0.0,0.3333333333333333
32,12,80,81,2,2,0,4,0,1.3333333333333333,0.0,0.0,0.0
32,12,80,81,5,1,0,9,0,0.9,0.0,0.0,0.0
32,12,80,81,6,1,0,9,0,0.9,0.0,0.0,0.0
32,12,80,81,7,1,0,7,0,0.875,0.0,0.0,0.0
32,12,80,81,8,1,0,6,0,0.8571428571428571,0.0,0.0,0.0
32,12,80,81,10,3,0,3,0,1.5,0.0,0.0,0.0
32,12,80,81,12,3,0,1,0,0.75,0.0,0.0,0.0
32,12,80,81,13,1,0,2,0,0.6666666666666666,0.0,0.0,0.0
32,12,80,81,14,1,0,1,0,0.5,0.0,0.0,0.0
32,12,88,89,14,1,0,3,0,0.75,0.0,0.0,0.0
32,12,88,89,15,1,0,1,0,0.5,0.0,0.0,0.0
32,12,96,97,18,1,0,4,0,0.8,0.0,0.0,0.0
32,12,96,97,21,2,0,2,0,1.0,0.0,0.0,0.0
32,12,96,97,22,1,0,1,0,0.5,0.0,0.0,0.0
32,12,104,105,19,1,0,5,0,0.8333333333333334,0.0,0.0,0.0
32,12,112,113,21,2,0,5,0,1.4285714285714286,0.0,0.0,0.0
32,12,112,113,22,2,0,4,0,1.3333333333333333,0.0,0.0,0.0
32,12,112,113,23,2,0,3,0,1.2,0.0,0.0,0.0
32,12,112,113,24,2,0,2,0,1.0,0.0,0.0,0.0
32,12,120,121,28,2,0,2,0,1.0,0.0,0.0,0.0
32,13,16,17,16,1,0,2,0,0.6666666666666666,0.0,0.0,0.0
32,13,24,25,22,3,2,3,0,1.5,0.6666666666666666,0.0,0.6666666666666666
32,13,32,33,29,2,2,3,0,1.2,1.0,0.0,1.0
32,13,40,41,35,10,9,3,0,2.3076923076923075,0.9,0.0,0.9
32,13,88,89,2,2,0,1,0,0.6666666666666666,0.0,0.0,0.0
32,13,88,89,4,2,0,3,0,1.2,0.0,0.0,0.0
32,13,88,89,6,2,0,5,0,1.4285714285714286,0.0,0.0,0.0
32,13,88,89,8,1,0,6,0,0.8571428571428571,0.0,0.0,0.0
32,13,88,89,10,2,0,1,0,0.6666666666666666,0.0,0.0,0.0
32,13,88,89,21,2,0,2,0,1.0,0.0,0.0,0.0
32,13,88,89,23,2,0,3,0,1.2,0.0,0.0,0.0
32,13,88,89,25,2,0,4,0,1.3333333333333333,0.0,0.0,0.0
32,13,88,89,26,1,0,3,0,0.75,0.0,0.0,0.0
32,13,88,89,27,1,0,3,0,0.75,0.0,0.0,0.0
32,13,88,89,29,1,0,1,0,0.5,0.0,0.0,0.0
32,13,88,89,33,2,0,1,0,0.6666666666666666,0.0,0.0,0.0
32,13,88,89,34,3,0,1,0,0.75,0.0,0.0,0.0
32,13,88,89,36,1,0,2,0,0.6666666666666666,0.0,0.0,0.0
32,13,88,89,37,1,0,1,0,0.5,0.0,0.0,0.0
32,13,96,97,8,1,0,7,0,0.875,0.0,0.0,0.0
32,13,96,97,27,1,0,4,0,0.8,0.0,0.0,0.0
32,13,104,105,9,1,0,5,0,0.8333333333333334,0.0,0.0,0.0
32,13,104,105,11,3,0,2,0,1.2,0.0,0.0,0.0
32,13,104,105,12,1,0,2,0,0.6666666666666666,0.0,0.0,0.0
32,13,104,105,13,2,0,3,0,1.2,0.0,0.0,0.0
32,13,104,105,14,1,0,3,0,0.75,0.0,0.0,0.0
32,13,104,105,30,1,0,6,0,0.8571428571428571,0.0,0.0,0.0
32,13,104,105,31,1,0,6,0,0.8571428571428571,0.0,0.0,0.0
32,13,104,105,32,2,0,7,0,1.5555555555555556,0.0,0.0,0.0
32,13,104,105,33,3,0,6,0,2.0,0.0,0.0,0.0
32,13,104,105,34,3,0,6,0,2.0,0.0,0.0,0.0
32,13,104,105,35,2,0,6,0,1.5,0.0,0.0,0.0
32,14,16,17,16,6,1,10,0,3.75,0.16666666666666666,0.0,0.16666666666666666
32,14,24,25,22,8,3,1,0,0.8888888888888888,0.375,0.0,0.375
32,14,40,41,4,2,0,8,0,1.6,0.0,0.0,0.0
32,14,40,41,5,2,0,8,0,1.6,0.0,0.0,0.0
32,14,40,41,6,4,0,5,0,2.2222222222222223,0.0,0.0,0.0
32,14,40,41,8,1,0,1,0,0.5,0.0,0.0,0.0
32,14,48,49,10,3,0,15,0,2.5,0.0,0.0,0.0
32,14,48,49,12,4,0,9,0,2.769230769230769,0.0,0.0,0.0
32,14,48,49,13,4,0,4,0,2.0,0.0,0.0,0.0
32,14,48,49,14,2,0,2,0,1.0,0.0,0.0,0.0
32,14,48,49,41,3,3,1,0,0.75,1.0,0.0,1.0
32,14,56,57,16,1,0,15,0,0.9375,0.0,0.0,0.0
32,14,56,57,17,4,0,12,0,3.0,0.0,0.0,0.0
32,14,56,57,18,9,0,3,0,2.25,0.0,0.0,0.0
32,14,56,57,19,1,0,1,0,0.5,0.0,0.0,0.0
32,14,64,65,25,1,0,4,0,0.8,0.0,0.0,0.0
32,14,64,65,54,1,1,1,0,0.5,1.0,0.0,1.0
32,14,72,73,28,2,0,1,0,0.6666666666666666,0.0,0.0,0.0
32,14,72,73,29,2,0,1,0,0.6666666666666666,0.0,0.0,0.0
32,14,72,73,30,2,0,1,0,0.6666666666666666,0.0,0.0,0.0
32,14,72,73,31,2,0,1,0,0.6666666666666666,0.0,0.0,0.0
32,14,88,89,41,1,0,3,0,0.75,0.0,0.0,0.0
32,14,88,89,43,2,0,4,0,1.3333333333333333,0.0,0.0,0.0
32,14,96,97,45,3,0,3,0,1.5,0.0,0.0,0.0
32,14,104,105,50,2,0,4,0,1.3333333333333333,0.0,0.0,0.0
32,14,104,105,51,2,0,3,0,1.2,0.0,0.0,0.0
32,14,104,105,52,2,0,1,0,0.6666666666666666,0.0,0.0,0.0
32,15,16,17,16,1,1,9,1,0.9,1.0,0.1111111111111111,0.8888888888888888
32,15,24,25,22,5,3,1,0,0.8333333333333334,0.6,0.0,0.6
32,15,32,33,28,4,3,1,0,0.8,0.75,0.0,0.75
32,15,40,41,34,3,3,2,0,1.2,1.0,0.0,1.0
32,15,72,73,6,2,0,2,0,1.0,0.0,0.0,0.0
32,15,72,73,7,5,0,2,0,1.4285714285714286,0.0,0.0,0.0
32,15,72,73,8,1,0,6,0,0.8571428571428571,0.0,0.0,0.0
32,15,72,73,9,4,0,6,0,2.4,0.0,0.0,0.0
32,15,72,73,10,2,0,8,0,1.6,0.0,0.0,0.0
32,15,72,73,11,1,0,7,0,0.875,0.0,0.0,0.0
32,15,72,73,13,2,0,4,0,1.3333333333333333,0.0,0.0,0.0
32,15,72,73,14,1,0,5,0,0.8333333333333334,0.0,0.0,0.0
32,15,72,73,15,1,0,5,0,0.8333333333333334,0.0,0.0,0.0
32,15,72,73,16,1,0,4,0,0.8,0.0,0.0,0.0
32,15,72,73,17,2,0,1,0,0.6666666666666666,0.0,0.0,0.0
32,15,80,81,3,4,0,1,0,0.8,0.0,0.0,0.0
32,15,80,81,4,4,0,5,0,2.2222222222222223,0.0,0.0,0.0
32,15,80,81,5,1,0,9,0,0.9,0.0,0.0,0.0
32,15,80,81,6,1,0,11,0,0.9166666666666666,0.0,0.0,0.0
32,15,80,81,15,1,0,11,0,0.9166666666666666,0.0,0.0,0.0
32,15,88,89,17,1,0,8,0,0.8888888888888888,0.0,0.0,0.0
32,15,88,89,18,1,0,8,0,0.8888888888888888,0.0,0.0,0.0
32,15,88,89,19,2,0,7,0,1.5555555555555556,0.0,0.0,0.0
32,15,88,89,20,2,0,6,0,1.5,0.0,0.0,0.0
32,15,88,89,21,3,0,2,0,1.2,0.0,0.0,0.0
32,15,96,97,22,1,0,5,0,0.8333333333333334,0.0,0.0,0.0
32,15,104,105,25,1,0,3,0,0.75,0.0,0.0,0.0
32,15,104,105,27,2,0,2,0,1.0,0.0,0.0,0.0
32,15,104,105,29,3,0,1,0,0.75,0.0,0.0,0.0
32,15,112,113,31,1,0,2,0,0.6666666666666666,0.0,0.0,0.0
32,15,120,121,33,2,0,1,0,0.6666666666666666,0.0,0.0,0.0
32,15,120,121,34,2,0,1,0,0.6666666666666666,0.0,0.0,0.0
32,15,120,121,35,2,0,1,0,0.6666666666666666,0.0,0.0,0.0
32,15,120,121,36,2,0,1,0,0.6666666666666666,0.0,0.0,0.0
32,16,32,33,27,2,2,1,0,0.6666666666666666,1.0,0.0,1.0
32,16,32,33,28,3,2,3,0,1.5,0.6666666666666666,0.0,0.6666666666666666
32,16,88,89,7,1,0,3,0,0.75,0.0,0.0,0.0
32,16,88,89,25,2,0,1,0,0.6666666666666666,0.0,0.0,0.0
32,16,88,89,27,1,0,2,0,0.6666666666666666,0.0,0.0,0.0
32,16,88,89,28,1,0,2,0,0.6666666666666666,0.0,0.0,0.0
32,16,96,97,9,1,0,1,0,0.5,0.0,0.0,0.0
32,16,96,97,18,1,0,1,0,0.5,0.0,0.0,0.0
32,16,96,97,19,1,0,1,0,0.5,0.0,0.0,0.0
32,16,104,105,9,1,0,1,0,0.5,0.0,0.0,0.0
32,16,104,105,14,2,1,1,0,0.6666666666666666,0.5,0.0,0.5
32,16,104,105,15,3,0,1,0,0.75,0.0,0.0,0.0
32,16,104,105,16,1,0,4,0,0.8,0.0,0.0,0.0
32,16,104,105,17,3,0,4,0,1.7142857142857142,0.0,0.0,0.0
32,17,16,17,16,5,2,9,0,3.2142857142857144,0.4,0.0,0.4
32,17,24,25,22,8,0,2,0,1.6,0.0,0.0,0.0
32,17,104,105,1,1,0,1,0,0.5,0.0,0.0,0.0
32,17,104,105,2,2,0,2,0,1.0,0.0,0.0,0.0
32,17,104,105,3,2,0,1,0,0.6666666666666666,0.0,0.0,0.0
32,17,112,113,4,3,0,7,0,2.1,0.0,0.0,0.0
32,17,112,113,5,1,0,4,0,0.8,0.0,0.0,0.0
32,17,112,113,6,2,0,1,0,0.6666666666666666,0.0,0.0,0.0
32,17,120,121,6,4,0,4,0,2.0,0.0,0.0,0.0
32,17,120,121,7,2,0,2,0,1.0,0.0,0.0,0.0
32,17,128,129,7,1,0,6,0,0.8571428571428571,0.0,0.0,0.0
32,17,128,129,8,2,0,9,0,1.6363636363636365,0.0,0.0,0.0
32,17,128,129,9,2,0,12,0,1.7142857142857142,0.0,0.0,0.0
32,17,128,129,10,5,0,11,0,3.4375,0.0,0.0,0.0
32,17,128,129,11,3,0,12,0,2.4,0.0,0.0,0.0
32,17,128,129,12,5,0,10,0,3.3333333333333335,0.0,0.0,0.0
32,17,128,129,13,3,0,8,0,2.1818181818181817,0.0,0.0,0.0
32,17,128,129,14,6,0,3,0,2.0,0.0,0.0,0.0
32,17,136,137,8,1,0,11,0,0.9166666666666666,0.0,0.0,0.0
32,17,136,137,13,1,0,16,0,0.9411764705882353,0.0,0.0,0.0
32,17,144,145,8,1,0,11,0,0.9166666666666666,0.0,0.0,0.0
32,17,144,145,14,1,0,13,0,0.9285714285714286,0.0,0.0,0.0
32,17,144,145,16,3,0,5,0,1.875,0.0,0.0,0.0
32,17,144,145,18,3,0,1,0,0.75,0.0,0.0,0.0
32,17,144,145,19,1,0,1,0,0.5,0.0,0.0,0.0
32,17,144,145,20,2,0,1,0,0.6666666666666666,0.0,0.0,0.0
32,17,144,145,21,1,0,1,0,0.5,0.0,0.0,0.0
32,17,144,145,22,1,0,1,0,0.5,0.0,0.0,0.0
32,17,144,145,23,1,0,1,0,0.5,0.0,0.0,0.0
32,17,152,153,9,1,0,16,0,0.9411764705882353,0.0,0.0,0.0
32,17,152,153,10,1,0,19,0,0.95,0.0,0.0,0.0
32,17,152,153,11,1,0,20,0,0.9523809523809523,0.0,0.0,0.0
32,17,152,153,12,1,0,19,0,0.95,0.0,0.0,0.0
32,17,152,153,13,1,0,17,0,0.9444444444444444,0.0,0.0,0.0
32,17,152,153,16,1,0,9,0,0.9,0.0,0.0,0.0
32,17,152,153,18,1,0,6,0,0.8571428571428571,0.0,0.0,0.0
32,17,152,153,19,1,0,6,0,0.8571428571428571,0.0,0.0,0.0
32,17,152,153,20,2,0,6,0,1.5,0.0,0.0,0.0
32,17,152,153,21,1,0,7,0,0.875,0.0,0.0,0.0
32,17,152,153,22,6,0,3,0,2.0,0.0,0.0,0.0
32,17,152,153,23,2,0,3,0,1.2,0.0,0.0,0.0
32,17,152,153,24,3,0,1,0,0.75,0.0,0.0,0.0
32,17,152,153,25,1,0,1,0,0.5,0.0,0.0,0.0
32,17,160,161,10,1,0,21,0,0.9545454545454546,0.0,0.0,0.0
32,17,160,161,11,1,0,22,0,0.9565217391304348,0.0,0.0,0.0
32,17,160,161,12,1,0,21,0,0.9545454545454546,0.0,0.0,0.0
32,17,160,161,13,1,0,19,0,0.95,0.0,0.0,0.0
32,17,160,161,14,1,0,16,0,0.9411764705882353,0.0,0.0,0.0
32,17,160,161,15,1,0,13,0,0.9285714285714286,0.0,0.0,0.0
32,17,168,169,11,1,0,23,0,0.9583333333333334,0.0,0.0,0.0
32,17,168,169,12,1,0,22,0,0.9565217391304348,0.0,0.0,0.0
32,17,168,169,13,1,0,20,0,0.9523809523809523,0.0,0.0,0.0
32,17,168,169,14,1,0,17,0,0.9444444444444444,0.0,0.0,0.0
32,17,168,169,15,1,0,14,0,0.9333333333333333,0.0,0.0,0.0
32,17,168,169,16,1,0,10,0,0.9090909090909091,0.0,0.0,0.0
32,17,176,177,13,1,0,22,0,0.9565217391304348,0.0,0.0,0.0
32,17,176,177,15,1,0,17,0,0.9444444444444444,0.0,0.0,0.0
32,18,16,17,16,2,1,3,0,1.2,0.5,0.0,0.5
32,18,24,25,22,2,0,4,0,1.3333333333333333,0.0,0.0,0.0
32,18,72,73,1,2,0,2,0,1.0,0.0,0.0,0.0
32,18,72,73,3,1,0,6,0,0.8571428571428571,0.0,0.0,0.0
32,18,72,73,4,1,0,6,0,0.8571428571428571,0.0,0.0,0.0
32,18,72,73,9,1,0,1,0,0.5,0.0,0.0,0.0
32,18,72,73,10,1,0,1,0,0.5,0.0,0.0,0.0
32,18,72,73,11,1,0,1,0,0.5,0.0,0.0,0.0
32,18,80,81,16,1,0,4,0,0.8,0.0,0.0,0.0
32,18,88,89,19,1,0,3,0,0.75,0.0,0.0,0.0
32,18,88,89,20,2,0,1,0,0.6666666666666666,0.0,0.0,0.0
32,18,88,89,21,1,0,1,0,0.5,0.0,0.0,0.0
32,19,16,17,16,1,0,4,0,0.8,0.0,0.0,0.0
32,19,96,97,2,1,0,1,0,0.5,0.0,0.0,0.0
32,19,96,97,3,1,0,2,0,0.6666666666666666,0.0,0.0,0.0
32,19,96,97,4,2,0,3,0,1.2,0.0,0.0,0.0
32,19,96,97,6,3,0,3,0,1.5,0.0,0.0,0.0
32,19,96,97,7,1,0,4,0,0.8,0.0,0.0,0.0
32,19,96,97,8,2,0,3,0,1.2,0.0,0.0,0.0
32,19,96,97,10,1,0,2,0,0.6666666666666666,0.0,0.0,0.0
32,19,104,105,6,1,0,6,0,0.8571428571428571,0.0,0.0,0.0
32,19,112,113,7,1,0,6,0,0.8571428571428571,0.0,0.0,0.0
32,19,120,121,8,1,0,5,0,0.8333333333333334,0.0,0.0,0.0
32,19,120,121,10,1,0,3,0,0.75,0.0,0.0,0.0
32,19,120,121,11,2,0,2,0,1.0,0.0,0.0,0.0
32,19,120,121,12,1,0,1,0,0.5,0.0,0.0,0.0
32,19,128,129,9,1,0,5,0,0.8333333333333334,0.0,0.0,0.0
32,19,128,129,11,1,0,4,0,0.8,0.0,0.0,0.0
32,19,128,129,12,1,0,3,0,0.75,0.0,0.0,0.0
32,19,128,129,13,1,0,2,0,0.6666666666666666,0.0,0.0,0.0
32,19,128,129,14,2,0,2,0,1.0,0.0,0.0,0.0
32,19,136,137,10,1,0,5,0,0.8333333333333334,0.0,0.0,0.0
32,19,136,137,12,1,0,4,0,0.8,0.0,0.0,0.0
32,19,136,137,13,1,0,4,0,0.8,0.0,0.0,0.0
32,19,136,137,14,1,0,5,0,0.8333333333333334,0.0,0.0,0.0
32,19,136,137,15,1,0,5,0,0.8333333333333334,0.0,0.0,0.0
32,20,16,17,15,6,6,1,0,0.8571428571428571,1.0,0.0,1.0
32,20,104,105,4,1,0,6,0,0.8571428571428571,0.0,0.0,0.0
32,20,104,105,7,3,0,2,0,1.2,0.0,0.0,0.0
32,20,112,113,5,1,0,6,0,0.8571428571428571,0.0,0.0,0.0
32,20,120,121,6,1,0,6,0,0.8571428571428571,0.0,0.0,0.0
32,20,120,121,7,1,0,5,0,0.8333333333333334,0.0,0.0,0.0
32,20,120,121,9,3,0,1,0,0.75,0.0,0.0,0.0
32,20,128,129,8,1,0,7,0,0.875,0.0,0.0,0.0
32,20,128,129,9,1,0,6,0,0.8571428571428571,0.0,0.0,0.0
32,20,128,129,11,1,0,5,0,0.8333333333333334,0.0,0.0,0.0
32,20,128,129,12,3,0,1,0,0.75,0.0,0.0,0.0
32,20,136,137,9,1,0,7,0,0.875,0.0,0.0,0.0
32,20,144,145,10,1,0,7,0,0.875,0.0,0.0,0.0
32,20,144,145,11,1,0,7,0,0.875,0.0,0.0,0.0
32,20,152,153,10,1,0,7,0,0.875,0.0,0.0,0.0
32,20,152,153,12,1,0,7,0,0.875,0.0,0.0,0.0
32,20,152,153,13,1,0,5,0,0.8333333333333334,0.0,0.0,0.0
32,20,152,153,14,1,0,3,0,0.75,0.0,0.0,0.0
32,20,152,153,15,1,0,1,0,0.5,0.0,0.0,0.0
32,20,160,161,11,1,0,9,0,0.9,0.0,0.0,0.0
32,20,168,169,12,1,0,8,0,0.8888888888888888,0.0,0.0,0.0
32,20,176,177,13,2,0,7,0,1.5555555555555556,0.0,0.0,0.0
32,20,176,177,14,1,0,6,0,0.8571428571428571,0.0,0.0,0.0
32,20,184,185,17,2,0,3,0,1.2,0.0,0.0,0.0
32,21,24,25,21,3,3,4,0,1.7142857142857142,1.0,0.0,1.0
32,21,24,25,22,5,2,7,0,2.9166666666666665,0.4,0.0,0.4
32,21,32,33,26,2,2,3,0,1.2,1.0,0.0,1.0
32,21,32,33,27,8,7,6,0,3.4285714285714284,0.875,0.0,0.875
32,21,32,33,28,6,4,15,0,4.285714285714286,0.6666666666666666,0.0,0.6666666666666666
32,21,32,33,29,4,0,22,0,3.3846153846153846,0.0,0.0,0.0
32,21,40,41,34,4,2,6,0,2.4,0.5,0.0,0.5
32,21,40,41,35,10,7,7,0,4.117647058823529,0.7,0.0,0.7
32,21,72,73,22,1,0,2,0,0.6666666666666666,0.0,0.0,0.0
32,21,72,73,23,1,0,3,0,0.75,0.0,0.0,0.0
32,21,72,73,24,1,0,4,0,0.8,0.0,0.0,0.0
32,21,72,73,25,1,0,4,0,0.8,0.0,0.0,0.0
32,21,72,73,27,1,0,3,0,0.75,0.0,0.0,0.0
32,21,72,73,28,1,0,3,0,0.75,0.0,0.0,0.0
32,21,72,73,29,1,0,3,0,0.75,0.0,0.0,0.0
32,21,72,73,30,2,0,2,0,1.0,0.0,0.0,0.0
32,21,72,73,31,2,0,1,0,0.6666666666666666,0.0,0.0,0.0
32,21,80,81,12,1,0,6,0,0.8571428571428571,0.0,0.0,0.0
32,21,80,81,18,1,0,2,0,0.6666666666666666,0.0,0.0,0.0
32,21,80,81,19,1,0,3,0,0.75,0.0,0.0,0.0
32,21,80,81,20,1,0,5,0,0.8333333333333334,0.0,0.0,0.0
32,21,80,81,21,1,0,7,0,0.875,0.0,0.0,0.0
32,21,80,81,22,1,0,9,0,0.9,0.0,0.0,0.0
32,21,80,81,24,1,0,13,0,0.9285714285714286,0.0,0.0,0.0
32,21,80,81,25,2,0,13,0,1.7333333333333334,0.0,0.0,0.0
32,21,88,89,1,2,0,2,0,1.0,0.0,0.0,0.0
32,21,88,89,2,1,0,4,0,0.8,0.0,0.0,0.0
32,21,88,89,3,3,0,3,0,1.5,0.0,0.0,0.0
32,21,88,89,4,2,0,2,0,1.0,0.0,0.0,0.0
32,21,88,89,5,2,0,1,0,0.6666666666666666,0.0,0.0,0.0
32,21,88,89,14,1,0,3,0,0.75,0.0,0.0,0.0
32,21,88,89,16,1,0,2,0,0.6666666666666666,0.0,0.0,0.0
32,21,88,89,17,3,0,5,0,1.875,0.0,0.0,0.0
32,21,88,89,18,2,0,7,0,1.5555555555555556,0.0,0.0,0.0
32,21,88,89,20,1,0,7,0,0.875,0.0,0.0,0.0
32,21,88,89,21,1,0,9,0,0.9,0.0,0.0,0.0
32,21,88,89,22,1,0,11,0,0.9166666666666666,0.0,0.0,0.0
32,21,88,89,23,1,0,12,0,0.9230769230769231,0.0,0.0,0.0
32,21,88,89,27,2,0,15,0,1.7647058823529411,0.0,0.0,0.0
32,21,88,89,28,1,0,15,0,0.9375,0.0,0.0,0.0
32,21,88,89,29,4,0,14,0,3.111111111111111,0.0,0.0,0.0
32,21,88,89,30,2,0,13,0,1.7333333333333334,0.0,0.0,0.0
32,21,88,89,31,1,0,12,0,0.9230769230769231,0.0,0.0,0.0
32,21,88,89,32,1,0,10,0,0.9090909090909091,0.0,0.0,0.0
32,21,88,89,33,2,0,7,0,1.5555555555555556,0.0,0.0,0.0
32,21,96,97,27,1,0,20,0,0.9523809523809523,0.0,0.0,0.0
32,21,96,97,29,4,0,21,0,3.36,0.0,0.0,0.0
32,21,96,97,30,2,0,22,0,1.8333333333333333,0.0,0.0,0.0
32,21,96,97,31,2,0,20,0,1.8181818181818181,0.0,0.0,0.0
32,21,96,97,33,1,0,15,0,0.9375,0.0,0.0,0.0
32,21,96,97,34,2,0,11,0,1.6923076923076923,0.0,0.0,0.0
32,21,96,97,35,2,0,7,0,1.5555555555555556,0.0,0.0,0.0
32,21,96,97,36,1,0,4,0,0.8,0.0,0.0,0.0
32,21,104,105,31,1,0,23,0,0.9583333333333334,0.0,0.0,0.0
32,21,112,113,32,1,0,19,0,0.95,0.0,0.0,0.0
32,21,112,113,33,1,0,16,0,0.9411764705882353,0.0,0.0,0.0
32,21,112,113,35,1,0,10,0,0.9090909090909091,0.0,0.0,0.0
32,21,112,113,37,1,0,4,0,0.8,0.0,0.0,0.0
32,21,120,121,33,1,0,18,0,0.9473684210526315,0.0,0.0,0.0
32,21,120,121,34,1,0,16,0,0.9411764705882353,0.0,0.0,0.0
32,21,120,121,35,2,0,13,0,1.7333333333333334,0.0,0.0,0.0
32,21,120,121,36,2,0,10,0,1.6666666666666667,0.0,0.0,0.0
32,21,120,121,37,2,0,7,0,1.5555555555555556,0.0,0.0,0.0
32,21,120,121,38,1,0,5,0,0.8333333333333334,0.0,0.0,0.0
32,21,120,121,39,3,0,3,0,1.5,0.0,0.0,0.0
32,21,120,121,40,2,0,2,0,1.0,0.0,0.0,0.0
32,22,24,25,22,3,2,3,0,1.5,0.6666666666666666,0.0,0.6666666666666666
32,22,88,89,15,1,0,3,0,0.75,0.0,0.0,0.0
32,22,96,97,6,2,0,5,0,1.4285714285714286,0.0,0.0,0.0
32,22,96,97,7,2,0,4,0,1.3333333333333333,0.0,0.0,0.0
32,22,96,97,8,2,0,1,0,0.6666666666666666,0.0,0.0,0.0
32,22,96,97,18,1,0,2,0,0.6666666666666666,0.0,0.0,0.0
32,22,96,97,19,1,0,2,0,0.6666666666666666,0.0,0.0,0.0
32,22,96,97,20,1,0,2,0,0.6666666666666666,0.0,0.0,0.0
32,22,96,97,21,1,0,2,0,0.6666666666666666,0.0,0.0,0.0
32,22,96,97,22,1,0,2,0,0.6666666666666666,0.0,0.0,0.0
32,22,96,97,23,2,0,1,0,0.6666666666666666,0.0,0.0,0.0
32,23,24,25,22,8,2,6,0,3.4285714285714284,0.25,0.0,0.25
32,23,32,33,29,1,0,3,0,0.75,0.0,0.0,0.0
32,23,40,41,11,1,0,5,0,0.8333333333333334,0.0,0.0,0.0
32,23,40,41,13,2,0,5,0,1.4285714285714286,0.0,0.0,0.0
32,23,40,41,16,1,0,2,0,0.6666666666666666,0.0,0.0,0.0
32,23,40,41,17,1,0,2,0,0.6666666666666666,0.0,0.0,0.0
32,23,48,49,5,1,0,2,0,0.6666666666666666,0.0,0.0,0.0
32,23,48,49,6,1,0,2,0,0.6666666666666666,0.0,0.0,0.0
32,23,48,49,19,2,0,4,0,1.3333333333333333,0.0,0.0,0.0
32,23,48,49,20,2,0,6,0,1.5,0.0,0.0,0.0
32,23,56,57,27,3,0,3,0,1.5,0.0,0.0,0.0
32,24,72,73,1,1,0,3,0,0.75,0.0,0.0,0.0
32,24,72,73,2,2,0,5,0,1.4285714285714286,0.0,0.0,0.0
32,24,72,73,3,3,0,5,0,1.875,0.0,0.0,0.0
32,24,72,73,4,3,0,5,0,1.875,0.0,0.0,0.0
32,24,72,73,5,4,0,2,0,1.3333333333333333,0.0,0.0,0.0
32,24,80,81,6,1,0,10,0,0.9090909090909091,0.0,0.0,0.0
32,24,80,81,7,3,0,6,0,2.0,0.0,0.0,0.0
32,24,80,81,8,3,0,3,0,1.5,0.0,0.0,0.0
32,24,80,81,9,1,0,2,0,0.6666666666666666,0.0,0.0,0.0
32,24,80,81,10,2,0,1,0,0.6666666666666666,0.0,0.0,0.0
32,24,80,81,11,2,0,1,0,0.6666666666666666,0.0,0.0,0.0
32,25,24,25,22,8,4,4,0,2.6666666666666665,0.5,0.0,0.5
32,25,32,33,28,4,4,1,0,0.8,1.0,0.0,1.0
32,25,64,65,18,1,0,3,0,0.75,0.0,0.0,0.0
32,25,64,65,19,1,0,3,0,0.75,0.0,0.0,0.0
32,25,72,73,21,1,0,3,0,0.75,0.0,0.0,0.0
32,25,80,81,12,4,0,2,0,1.3333333333333333,0.0,0.0,0.0
32,25,80,81,13,1,0,2,0,0.6666666666666666,0.0,0.0,0.0
32,25,80,81,14,1,0,1,0,0.5,0.0,0.0,0.0
32,25,80,81,15,1,0,1,0,0.5,0.0,0.0,0.0
32,25,88,89,1,2,0,1,0,0.6666666666666666,0.0,0.0,0.0
32,25,88,89,2,2,0,2,0,1.0,0.0,0.0,0.0
32,25,88,89,3,1,0,3,0,0.75,0.0,0.0,0.0
32,25,88,89,5,1,0,3,0,0.75,0.0,0.0,0.0
32,25,88,89,6,1,0,3,0,0.75,0.0,0.0,0.0
32,25,88,89,7,2,0,2,0,1.0,0.0,0.0,0.0
32,25,88,89,15,2,0,4,0,1.3333333333333333,0.0,0.0,0.0
32,25,88,89,16,3,0,2,0,1.2,0.0,0.0,0.0
32,25,88,89,18,1,0,4,0,0.8,0.0,0.0,0.0
32,26,24,25,21,3,3,1,0,0.75,1.0,0.0,1.0
32,26,24,25,22,2,1,3,0,1.2,0.5,0.0,0.5
32,26,80,81,4,2,0,7,0,1.5555555555555556,0.0,0.0,0.0
32,26,80,81,5,6,0,2,0,1.5,0.0,0.0,0.0
32,26,80,81,6,1,0,2,0,0.6666666666666666,0.0,0.0,0.0
32,26,88,89,4,1,0,8,0,0.8888888888888888,0.0,0.0,0.0
32,26,88,89,6,1,0,9,0,0.9,0.0,0.0,0.0
32,26,88,89,8,1,0,6,0,0.8571428571428571,0.0,0.0,0.0
32,26,88,89,10,2,0,4,0,1.3333333333333333,0.0,0.0,0.0
32,26,88,89,11,2,0,4,0,1.3333333333333333,0.0,0.0,0.0
32,26,88,89,12,1,0,4,0,0.8,0.0,0.0,0.0
32,26,88,89,13,2,0,3,0,1.2,0.0,0.0,0.0
32,26,88,89,14,1,0,3,0,0.75,0.0,0.0,0.0
32,26,88,89,15,1,0,2,0,0.6666666666666666,0.0,0.0,0.0
32,26,96,97,6,1,0,11,0,0.9166666666666666,0.0,0.0,0.0
32,26,96,97,7,1,0,9,0,0.9,0.0,0.0,0.0
32,26,96,97,8,1,0,8,0,0.8888888888888888,0.0,0.0,0.0
32,26,96,97,9,2,0,7,0,1.5555555555555556,0.0,0.0,0.0
32,26,96,97,10,2,0,8,0,1.6,0.0,0.0,0.0
32,26,96,97,11,1,0,9,0,0.9,0.0,0.0,0.0
32,26,96,97,12,1,0,8,0,0.8888888888888888,0.0,0.0,0.0
32,27,24,25,22,8,2,1,0,0.8888888888888888,0.25,0.0,0.25
32,27,32,33,28,14,11,4,0,3.111111111111111,0.7857142857142857,0.0,0.7857142857142857
32,27,48,49,39,3,3,1,0,0.75,1.0,0.0,1.0
32,27,48,49,40,2,2,5,1,1.4285714285714286,1.0,0.2,0.8
32,27,48,49,41,6,5,6,0,3.0,0.8333333333333334,0.0,0.8333333333333334
32,27,64,65,54,1,1,1,0,0.5,1.0,0.0,1.0
32,27,72,73,1,1,0,3,0,0.75,0.0,0.0,0.0
32,27,72,73,2,1,0,5,0,0.8333333333333334,0.0,0.0,0.0
32,27,72,73,3,1,0,6,0,0.8571428571428571,0.0,0.0,0.0
32,27,72,73,4,1,0,8,0,0.8888888888888888,0.0,0.0,0.0
32,27,72,73,5,3,0,6,0,2.0,0.0,0.0,0.0
32,27,72,73,6,3,0,4,0,1.7142857142857142,0.0,0.0,0.0
32,27,72,73,7,2,0,3,0,1.2,0.0,0.0,0.0
32,27,72,73,31,1,0,2,0,0.6666666666666666,0.0,0.0,0.0
32,27,72,73,32,1,0,3,0,0.75,0.0,0.0,0.0
32,27,72,73,33,1,0,3,0,0.75,0.0,0.0,0.0
32,27,72,73,34,1,0,3,0,0.75,0.0,0.0,0.0
32,27,72,73,35,2,0,1,0,0.6666666666666666,0.0,0.0,0.0
32,27,72,73,50,1,0,3,0,0.75,0.0,0.0,0.0
32,27,72,73,53,1,0,6,0,0.8571428571428571,0.0,0.0,0.0
32,27,72,73,55,1,0,5,0,0.8333333333333334,0.0,0.0,0.0
32,27,72,73,56,2,0,2,0,1.0,0.0,0.0,0.0
32,27,80,81,7,2,0,11,0,1.6923076923076923,0.0,0.0,0.0
32,27,80,81,8,2,0,8,0,1.6,0.0,0.0,0.0
32,27,80,81,9,1,0,6,0,0.8571428571428571,0.0,0.0,0.0
32,27,80,81,10,3,0,2,0,1.2,0.0,0.0,0.0
32,27,80,81,11,2,0,1,0,0.6666666666666666,0.0,0.0,0.0
32,27,80,81,36,1,0,4,0,0.8,0.0,0.0,0.0
32,27,80,81,38,1,0,1,0,0.5,0.0,0.0,0.0
32,27,80,81,42,4,0,1,0,0.8,0.0,0.0,0.0
32,27,80,81,43,3,0,3,0,1.5,0.0,0.0,0.0
32,27,80,81,44,4,0,3,0,1.7142857142857142,0.0,0.0,0.0
32,27,80,81,45,2,0,5,0,1.4285714285714286,0.0,0.0,0.0
32,27,80,81,46,5,0,3,0,1.875,0.0,0.0,0.0
32,27,80,81,47,2,0,3,0,1.2,0.0,0.0,0.0
32,27,80,81,48,2,0,3,0,1.2,0.0,0.0,0.0
32,27,80,81,49,1,0,3,0,0.75,0.0,0.0,0.0
32,27,80,81,50,1,0,4,0,0.8,0.0,0.0,0.0
32,27,88,89,8,1,0,11,0,0.9166666666666666,0.0,0.0,0.0
32,27,88,89,9,2,0,10,0,1.6666666666666667,0.0,0.0,0.0
32,27,88,89,10,2,0,9,0,1.6363636363636365,0.0,0.0,0.0
32,27,88,89,13,1,0,5,0,0.8333333333333334,0.0,0.0,0.0
32,27,88,89,27,2,0,6,0,1.5,0.0,0.0,0.0
32,27,88,89,28,2,0,4,0,1.3333333333333333,0.0,0.0,0.0
32,27,88,89,29,1,0,4,0,0.8,0.0,0.0,0.0
32,27,88,89,30,3,0,1,0,0.75,0.0,0.0,0.0
32,27,88,89,38,2,0,4,0,1.3333333333333333,0.0,0.0,0.0
32,27,88,89,39,1,0,4,0,0.8,0.0,0.0,0.0
32,27,88,89,40,1,0,6,0,0.8571428571428571,0.0,0.0,0.0
32,27,88,89,41,3,0,7,0,2.1,0.0,0.0,0.0
32,27,96,97,14,1,0,10,0,0.9090909090909091,0.0,0.0,0.0
32,27,96,97,15,2,0,8,0,1.6,0.0,0.0,0.0
32,27,96,97,16,2,0,6,0,1.5,0.0,0.0,0.0
32,27,96,97,17,2,0,6,0,1.5,0.0,0.0,0.0
32,27,96,97,18,1,0,7,0,0.875,0.0,0.0,0.0
32,27,96,97,19,3,0,6,0,2.0,0.0,0.0,0.0
32,27,96,97,20,1,0,5,0,0.8333333333333334,0.0,0.0,0.0
32,27,96,97,21,2,0,5,0,1.4285714285714286,0.0,0.0,0.0
32,27,96,97,30,2,0,6,0,1.5,0.0,0.0,0.0
32,27,96,97,32,2,0,8,0,1.6,0.0,0.0,0.0
32,27,96,97,34,4,0,9,0,2.769230769230769,0.0,0.0,0.0
32,27,104,105,22,1,0,8,0,0.8888888888888888,0.0,0.0,0.0
32,27,112,113,23,1,0,8,0,0.8888888888888888,0.0,0.0,0.0
32,27,120,121,25,2,0,9,0,1.6363636363636365,0.0,0.0,0.0
32,27,120,121,27,2,0,13,0,1.7333333333333334,0.0,0.0,0.0
32,27,120,121,28,3,0,13,0,2.4375,0.0,0.0,0.0
32,27,120,121,29,2,0,14,0,1.75,0.0,0.0,0.0
32,27,120,121,30,3,0,11,0,2.357142857142857,0.0,0.0,0.0
32,28,24,25,22,4,2,1,0,0.8,0.5,0.0,0.5
32,28,32,33,26,3,3,1,0,0.75,1.0,0.0,1.0
32,28,32,33,27,2,2,5,0,1.4285714285714286,1.0,0.0,1.0
32,28,32,33,28,3,2,7,0,2.1,0.6666666666666666,0.0,0.6666666666666666
32,28,32,33,29,4,0,8,0,2.6666666666666665,0.0,0.0,0.0
32,28,40,41,33,8,7,2,0,1.6,0.875,0.0,0.875
32,28,48,49,40,2,1,5,0,1.4285714285714286,0.5,0.0,0.5
32,28,56,57,46,1,0,1,0,0.5,0.0,0.0,0.0
32,28,56,57,47,6,5,1,0,0.8571428571428571,0.8333333333333334,0.0,0.8333333333333334
32,28,104,105,10,1,0,4,0,0.8,0.0,0.0,0.0
32,28,104,105,11,2,0,2,0,1.0,0.0,0.0,0.0
32,28,104,105,12,1,0,1,0,0.5,0.0,0.0,0.0
32,28,104,105,23,1,0,3,0,0.75,0.0,0.0,0.0
32,28,104,105,26,2,0,2,0,1.0,0.0,0.0,0.0
32,28,104,105,27,4,0,1,0,0.8,0.0,0.0,0.0
32,28,104,105,28,4,0,2,0,1.3333333333333333,0.0,0.0,0.0
32,28,104,105,29,1,0,5,0,0.8333333333333334,0.0,0.0,0.0
32,28,104,105,30,1,0,6,0,0.8571428571428571,0.0,0.0,0.0
32,28,104,105,31,1,0,5,0,0.8333333333333334,0.0,0.0,0.0
32,28,112,113,8,1,0,3,0,0.75,0.0,0.0,0.0
32,28,112,113,9,2,0,4,0,1.3333333333333333,0.0,0.0,0.0
32,28,112,113,10,2,1,5,0,1.4285714285714286,0.5,0.0,0.5
32,28,112,113,28,1,0,11,0,0.9166666666666666,0.0,0.0,0.0
32,28,112,113,34,2,0,5,0,1.4285714285714286,0.0,0.0,0.0
32,28,112,113,35,2,0,1,0,0.6666666666666666,0.0,0.0,0.0
32,28,120,121,1,1,0,1,0,0.5,0.0,0.0,0.0
32,28,120,121,2,1,0,2,0,0.6666666666666666,0.0,0.0,0.0
32,28,120,121,3,3,0,2,0,1.2,0.0,0.0,0.0
32,28,120,121,4,4,0,1,0,0.8,0.0,0.0,0.0
32,28,120,121,5,3,0,3,0,1.5,0.0,0.0,0.0
32,28,120,121,6,3,0,2,0,1.2,0.0,0.0,0.0
32,28,120,121,7,3,0,2,0,1.2,0.0,0.0,0.0
32,28,120,121,8,2,0,4,0,1.3333333333333333,0.0,0.0,0.0
32,28,120,121,9,1,0,5,0,0.8333333333333334,0.0,0.0,0.0
32,28,120,121,11,1,0,5,0,0.8333333333333334,0.0,0.0,0.0
32,28,120,121,12,1,0,4,0,0.8,0.0,0.0,0.0
32,28,120,121,33,2,0,12,0,1.7142857142857142,0.0,0.0,0.0
32,28,120,121,34,3,0,9,0,2.25,0.0,0.0,0.0
32,28,120,121,36,3,0,8,0,2.1818181818181817,0.0,0.0,0.0
32,28,120,121,37,1,0,7,0,0.875,0.0,0.0,0.0
32,28,120,121,38,2,0,5,0,1.4285714285714286,0.0,0.0,0.0
32,28,120,121,48,2,0,3,0,1.2,0.0,0.0,0.0
32,28,128,129,7,1,0,6,0,0.8571428571428571,0.0,0.0,0.0
32,28,128,129,9,1,0,8,0,0.8888888888888888,0.0,0.0,0.0
32,28,128,129,10,1,0,8,0,0.8888888888888888,0.0,0.0,0.0
32,28,128,129,11,3,0,6,0,2.0,0.0,0.0,0.0
32,28,128,129,12,1,1,5,0,0.8333333333333334,1.0,0.0,1.0
32,28,136,137,9,1,0,9,0,0.9,0.0,0.0,0.0
32,28,136,137,10,1,0,9,0,0.9,0.0,0.0,0.0
32,28,136,137,12,2,0,7,0,1.5555555555555556,0.0,0.0,0.0
32,28,136,137,13,2,0,2,0,1.0,0.0,0.0,0.0
32,28,144,145,11,1,0,11,0,0.9166666666666666,0.0,0.0,0.0
32,28,144,145,12,1,0,9,0,0.9,0.0,0.0,0.0
32,28,144,145,14,1,0,4,0,0.8,0.0,0.0,0.0
32,28,144,145,16,2,0,1,0,0.6666666666666666,0.0,0.0,0.0
32,29,112,113,2,2,0,2,0,1.0,0.0,0.0,0.0
32,29,112,113,4,3,0,3,0,1.5,0.0,0.0,0.0
32,29,112,113,5,1,0,4,0,0.8,0.0,0.0,0.0
32,29,112,113,6,4,0,1,0,0.8,0.0,0.0,0.0
32,29,120,121,5,1,0,7,0,0.875,0.0,0.0,0.0
32,29,128,129,6,1,0,7,0,0.875,0.0,0.0,0.0
32,29,136,137,7,1,0,8,0,0.8888888888888888,0.0,0.0,0.0
32,29,136,137,8,1,0,6,0,0.8571428571428571,0.0,0.0,0.0
32,29,136,137,9,1,0,4,0,0.8,0.0,0.0,0.0
32,29,136,137,10,2,0,1,0,0.6666666666666666,0.0,0.0,0.0
32,29,144,145,8,1,0,7,0,0.875,0.0,0.0,0.0
32,29,144,145,9,1,0,5,0,0.8333333333333334,0.0,0.0,0.0
32,29,144,145,10,1,0,3,0,0.75,0.0,0.0,0.0
32,29,144,145,11,1,0,3,0,0.75,0.0,0.0,0.0
32,29,144,145,12,2,0,2,0,1.0,0.0,0.0,0.0
32,29,144,145,13,1,0,1,0,0.5,0.0,0.0,0.0
32,30,80,81,12,2,0,1,0,0.6666666666666666,0.0,0.0,0.0
32,30,88,89,12,1,0,6,0,0.8571428571428571,0.0,0.0,0.0
32,30,96,97,1,1,0,2,0,0.6666666666666666,0.0,0.0,0.0
32,30,96,97,2,3,0,3,0,1.5,0.0,0.0,0.0
32,30,96,97,3,2,0,4,0,1.3333333333333333,0.0,0.0,0.0
32,30,96,97,4,6,0,1,0,0.8571428571428571,0.0,0.0,0.0
32,30,96,97,6,2,0,1,0,0.6666666666666666,0.0,0.0,0.0
32,30,96,97,13,1,0,5,0,0.8333333333333334,0.0,0.0,0.0
32,30,96,97,15,3,0,3,0,1.5,0.0,0.0,0.0
32,31,24,25,22,5,0,5,0,2.5,0.0,0.0,0.0
32,31,32,33,28,6,6,3,0,2.0,1.0,0.0,1.0
32,31,40,41,35,8,7,4,2,2.6666666666666665,0.875,0.5,0.375
32,31,48,49,40,2,2,2,0,1.0,1.0,0.0,1.0
32,31,48,49,41,9,9,2,0,1.6363636363636365,1.0,0.0,1.0
32,31,48,49,42,3,0,7,0,2.1,0.0,0.0,0.0
32,31,88,89,38,1,0,4,0,0.8,0.0,0.0,0.0
32,31,88,89,40,3,0,4,0,1.7142857142857142,0.0,0.0,0.0
32,31,88,89,42,2,0,2,0,1.0,0.0,0.0,0.0
32,31,96,97,5,1,0,1,0,0.5,0.0,0.0,0.0
32,31,96,97,6,1,0,1,0,0.5,0.0,0.0,0.0
32,31,96,97,8,1,0,2,0,0.6666666666666666,0.0,0.0,0.0
32,31,96,97,9,1,0,3,0,0.75,0.0,0.0,0.0
32,31,96,97,11,2,0,4,0,1.3333333333333333,0.0,0.0,0.0
32,31,104,105,3,1,0,1,0,0.5,0.0,0.0,0.0
32,31,104,105,31,2,0,1,0,0.6666666666666666,0.0,0.0,0.0
32,31,104,105,32,2,0,3,0,1.2,0.0,0.0,0.0
32,31,104,105,33,3,0,4,0,1.7142857142857142,0.0,0.0,0.0
32,31,104,105,34,3,0,3,0,1.5,0.0,0.0,0.0
32,31,104,105,35,4,0,1,0,0.8,0.0,0.0,0.0
32,31,104,105,36,1,0,1,0,0.5,0.0,0.0,0.0
32,31,112,113,2,1,0,1,0,0.5,0.0,0.0,0.0
32,31,112,113,3,1,0,2,0,0.6666666666666666,0.0,0.0,0.0
32,31,112,113,4,1,0,2,0,0.6666666666666666,0.0,0.0,0.0
32,31,112,113,5,1,0,3,0,0.75,0.0,0.0,0.0
32,31,112,113,6,1,0,4,0,0.8,0.0,0.0,0.0
32,31,112,113,19,2,0,2,0,1.0,0.0,0.0,0.0
32,31,112,113,21,2,0,2,0,1.0,0.0,0.0,0.0
32,31,112,113,22,1,0,2,0,0.6666666666666666,0.0,0.0,0.0
32,31,112,113,23,1,0,1,0,0.5,0.0,0.0,0.0
32,31,112,113,34,2,0,8,0,1.6,0.0,0.0,0.0
32,31,112,113,35,1,0,11,0,0.9166666666666666,0.0,0.0,0.0
32,31,112,113,36,2,0,9,0,1.6363636363636365,0.0,0.0,0.0
32,31,112,113,37,1,0,10,0,0.9090909090909091,0.0,0.0,0.0
32,31,112,113,38,2,0,10,0,1.6666666666666667,0.0,0.0,0.0
32,31,112,113,39,1,0,11,0,0.9166666666666666,0.0,0.0,0.0
32,31,112,113,40,3,0,11,0,2.357142857142857,0.0,0.0,0.0
32,31,112,113,41,1,0,11,0,0.9166666666666666,0.0,0.0,0.0
32,31,112,113,42,1,0,8,0,0.8888888888888888,0.0,0.0,0.0
32,31,112,113,43,2,0,4,0,1.3333333333333333,0.0,0.0,0.0
32,31,112,113,44,1,0,1,0,0.5,0.0,0.0,0.0
32,31,120,121,2,1,0,4,0,0.8,0.0,0.0,0.0
32,31,120,121,4,1,0,6,0,0.8571428571428571,0.0,0.0,0.0
32,31,120,121,7,1,0,5,0,0.8333333333333334,0.0,0.0,0.0
32,31,120,121,8,1,0,6,0,0.8571428571428571,0.0,0.0,0.0
32,31,120,121,9,1,0,7,0,0.875,0.0,0.0,0.0
32,31,120,121,10,1,0,7,0,0.875,0.0,0.0,0.0
32,31,120,121,11,2,0,7,0,1.5555555555555556,0.0,0.0,0.0
32,31,120,121,12,2,0,6,0,1.5,0.0,0.0,0.0
32,31,120,121,13,1,0,5,0,0.8333333333333334,0.0,0.0,0.0
32,31,120,121,14,3,1,3,0,1.5,0.3333333333333333,0.0,0.3333333333333333
32,31,120,121,16,1,0,2,0,0.6666666666666666,0.0,0.0,0.0
32,31,120,121,17,1,0,1,0,0.5,0.0,0.0,0.0
32,31,120,121,18,1,0,3,0,0.75,0.0,0.0,0.0
32,31,120,121,19,1,0,4,0,0.8,0.0,0.0,0.0
32,31,120,121,33,1,0,8,0,0.8888888888888888,0.0,0.0,0.0
32,31,128,129,8,1,0,7,0,0.875,0.0,0.0,0.0
32,31,128,129,10,1,0,9,0,0.9,0.0,0.0,0.0
32,31,128,129,11,1,0,10,0,0.9090909090909091,0.0,0.0,0.0
32,31,128,129,12,1,0,10,0,0.9090909090909091,0.0,0.0,0.0
32,31,128,129,20,1,0,5,0,0.8333333333333334,0.0,0.0,0.0
32,31,128,129,26,1,0,4,0,0.8,0.0,0.0,0.0
32,31,128,129,28,1,0,4,0,0.8,0.0,0.0,0.0
32,31,128,129,30,1,0,7,0,0.875,0.0,0.0,0.0
32,31,128,129,31,1,0,8,0,0.8888888888888888,0.0,0.0,0.0
32,31,136,137,24,2,0,8,0,1.6,0.0,0.0,0.0
32,31,136,137,25,1,0,7,0,0.875,0.0,0.0,0.0
32,31,136,137,27,1,0,7,0,0.875,0.0,0.0,0.0
32,31,136,137,28,1,0,7,0,0.875,0.0,0.0,0.0
32,31,136,137,30,1,0,9,0,0.9,0.0,0.0,0.0
64,0,8,9,10,1,0,16,0,0.9411764705882353,0.0,0.0,0.0
64,0,16,17,17,2,1,3,0,1.2,0.5,0.0,0.5
64,0,24,25,22,5,2,2,0,1.4285714285714286,0.4,0.0,0.4
64,0,32,33,6,1,0,2,0,0.6666666666666666,0.0,0.0,0.0
64,0,32,33,7,4,0,3,0,1.7142857142857142,0.0,0.0,0.0
64,0,32,33,8,3,0,5,0,1.875,0.0,0.0,0.0
64,0,32,33,9,3,0,6,0,2.0,0.0,0.0,0.0
64,0,32,33,10,1,0,8,0,0.8888888888888888,0.0,0.0,0.0
64,0,32,33,11,1,0,8,0,0.8888888888888888,0.0,0.0,0.0
64,0,32,33,13,1,0,7,0,0.875,0.0,0.0,0.0
64,0,32,33,21,1,0,4,0,0.8,0.0,0.0,0.0
64,0,32,33,23,1,0,7,0,0.875,0.0,0.0,0.0
64,0,32,33,25,1,0,9,0,0.9,0.0,0.0,0.0
64,0,32,33,27,2,1,10,0,1.6666666666666667,0.5,0.0,0.5
64,0,40,41,2,2,0,5,0,1.4285714285714286,0.0,0.0,0.0
64,0,40,41,4,1,0,8,0,0.8888888888888888,0.0,0.0,0.0
64,0,40,41,6,1,0,11,0,0.9166666666666666,0.0,0.0,0.0
64,0,40,41,8,1,0,14,0,0.9333333333333333,0.0,0.0,0.0
64,0,40,41,10,1,0,16,0,0.9411764705882353,0.0,0.0,0.0
64,0,40,41,16,2,0,5,0,1.4285714285714286,0.0,0.0,0.0
64,1,8,9,10,1,0,19,0,0.95,0.0,0.0,0.0
64,1,16,17,16,4,2,18,0,3.272727272727273,0.5,0.0,0.5
64,1,24,25,21,18,18,2,0,1.8,1.0,0.0,1.0
64,1,24,25,22,18,6,18,0,9.0,0.3333333333333333,0.0,0.3333333333333333
64,1,32,33,2,3,0,5,0,1.875,0.0,0.0,0.0
64,1,32,33,3,2,0,7,0,1.5555555555555556,0.0,0.0,0.0
64,1,32,33,4,2,0,8,0,1.6,0.0,0.0,0.0
64,1,32,33,5,3,0,7,0,2.1,0.0,0.0,0.0
64,1,32,33,6,3,0,5,0,1.875,0.0,0.0,0.0
64,1,32,33,7,2,0,4,0,1.3333333333333333,0.0,0.0,0.0
64,1,32,33,10,1,0,2,0,0.6666666666666666,0.0,0.0,0.0
64,1,32,33,11,2,0,3,0,1.2,0.0,0.0,0.0
64,1,32,33,12,1,0,6,0,0.8571428571428571,0.0,0.0,0.0
64,1,32,33,13,1,0,7,0,0.875,0.0,0.0,0.0
64,1,32,33,14,3,0,8,0,2.1818181818181817,0.0,0.0,0.0
64,1,32,33,15,1,0,11,0,0.9166666666666666,0.0,0.0,0.0
64,1,32,33,16,1,0,12,0,0.9230769230769231,0.0,0.0,0.0
64,1,32,33,17,2,0,13,0,1.7333333333333334,0.0,0.0,0.0
64,1,32,33,18,3,0,14,0,2.4705882352941178,0.0,0.0,0.0
64,1,32,33,19,2,0,16,0,1.7777777777777777,0.0,0.0,0.0
64,1,32,33,20,11,0,9,0,4.95,0.0,0.0,0.0
64,1,32,33,21,3,0,10,0,2.3076923076923075,0.0,0.0,0.0
64,1,32,33,22,3,0,10,0,2.3076923076923075,0.0,0.0,0.0
64,1,32,33,23,1,0,12,0,0.9230769230769231,0.0,0.0,0.0
64,1,32,33,24,8,1,13,0,4.9523809523809526,0.125,0.0,0.125
64,1,32,33,25,4,2,20,0,3.3333333333333335,0.5,0.0,0.5
64,1,32,33,26,7,3,23,0,5.366666666666666,0.42857142857142855,0.0,0.42857142857142855
64,1,32,33,27,3,0,29,1,2.71875,0.0,0.034482758620689655,-0.034482758620689655
64,1,32,33,28,8,5,33,0,6.439024390243903,0.625,0.0,0.625
64,1,32,33,29,2,1,41,0,1.9069767441860466,0.5,0.0,0.5
64,1,40,41,7,3,0,19,0,2.590909090909091,0.0,0.0,0.0
64,1,40,41,8,3,0,17,0,2.55,0.0,0.0,0.0
64,1,40,41,9,3,0,12,0,2.4,0.0,0.0,0.0
64,1,40,41,10,1,0,12,0,0.9230769230769231,0.0,0.0,0.0
64,1,40,41,11,1,0,13,0,0.9285714285714286,0.0,0.0,0.0
64,1,40,41,25,1,0,43,0,0.9772727272727273,0.0,0.0,0.0
64,1,40,41,27,10,0,33,0,7.674418604651163,0.0,0.0,0.0
64,1,40,41,29,1,0,35,0,0.9722222222222222,0.0,0.0,0.0
64,1,40,41,31,3,2,33,0,2.75,0.6666666666666666,0.0,0.6666666666666666
64,1,40,41,33,3,1,32,0,2.742857142857143,0.3333333333333333,0.0,0.3333333333333333
64,2,16,17,16,6,3,7,1,3.230769230769231,0.5,0.14285714285714285,0.35714285714285715
64,2,24,25,21,9,9,1,0,0.9,1.0,0.0,1.0
64,2,24,25,22,5,0,9,0,3.2142857142857144,0.0,0.0,0.0
64,2,32,33,2,1,0,1,0,0.5,0.0,0.0,0.0
64,2,32,33,6,1,0,1,0,0.5,0.0,0.0,0.0
64,2,32,33,18,3,0,1,0,0.75,0.0,0.0,0.0
64,2,32,33,19,1,0,2,0,0.6666666666666666,0.0,0.0,0.0
64,2,32,33,20,3,0,1,0,0.75,0.0,0.0,0.0
64,2,32,33,21,1,0,2,0,0.6666666666666666,0.0,0.0,0.0
64,2,32,33,22,2,0,1,0,0.6666666666666666,0.0,0.0,0.0
64,2,32,33,27,1,1,2,0,0.6666666666666666,1.0,0.0,1.0
64,2,32,33,28,12,10,4,0,3.0,0.8333333333333334,0.0,0.8333333333333334
64,2,32,33,29,5,0,15,0,3.75,0.0,0.0,0.0
64,2,40,41,9,1,0,16,0,0.9411764705882353,0.0,0.0,0.0
64,2,40,41,11,5,0,12,0,3.5294117647058822,0.0,0.0,0.0
64,2,40,41,12,1,0,10,0,0.9090909090909091,0.0,0.0,0.0
64,2,40,41,14,1,0,8,0,0.8888888888888888,0.0,0.0,0.0
64,2,40,41,15,2,0,8,0,1.6,0.0,0.0,0.0
64,2,40,41,16,1,0,9,0,0.9,0.0,0.0,0.0
64,2,40,41,17,4,0,7,0,2.5454545454545454,0.0,0.0,0.0
64,2,40,41,22,1,0,13,0,0.9285714285714286,0.0,0.0,0.0
64,2,40,41,23,1,0,13,0,0.9285714285714286,0.0,0.0,0.0
64,2,40,41,25,1,0,14,0,0.9333333333333333,0.0,0.0,0.0
64,2,40,41,26,1,0,15,0,0.9375,0.0,0.0,0.0
64,2,40,41,28,2,0,14,0,1.75,0.0,0.0,0.0
64,2,40,41,29,2,0,13,0,1.7333333333333334,0.0,0.0,0.0
64,2,40,41,30,1,0,12,0,0.9230769230769231,0.0,0.0,0.0
64,2,40,41,31,1,0,10,0,0.9090909090909091,0.0,0.0,0.0
64,2,40,41,33,5,2,1,0,0.8333333333333334,0.4,0.0,0.4
64,2,40,41,34,3,1,6,0,2.0,0.3333333333333333,0.0,0.3333333333333333
64,2,40,41,35,7,5,8,0,3.7333333333333334,0.7142857142857143,0.0,0.7142857142857143
64,2,48,49,34,1,0,15,0,0.9375,0.0,0.0,0.0
64,2,48,49,36,1,0,13,0,0.9285714285714286,0.0,0.0,0.0
64,2,48,49,37,1,0,12,0,0.9230769230769231,0.0,0.0,0.0
64,2,48,49,38,3,0,9,0,2.25,0.0,0.0,0.0
64,2,48,49,40,1,0,10,0,0.9090909090909091,0.0,0.0,0.0
64,2,48,49,41,1,0,11,0,0.9166666666666666,0.0,0.0,0.0
64,3,8,9,10,1,0,13,0,0.9285714285714286,0.0,0.0,0.0
64,3,16,17,17,2,1,6,0,1.5,0.5,0.0,0.5
64,3,24,25,22,6,2,4,0,2.4,0.3333333333333333,0.0,0.3333333333333333
64,3,24,25,23,1,1,13,0,0.9285714285714286,1.0,0.0,1.0
64,3,32,33,5,2,0,2,0,1.0,0.0,0.0,0.0
64,3,32,33,6,2,0,4,0,1.3333333333333333,0.0,0.0,0.0
64,3,32,33,7,1,0,6,0,0.8571428571428571,0.0,0.0,0.0
64,3,32,33,8,2,0,6,0,1.5,0.0,0.0,0.0
64,3,32,33,9,1,0,7,0,0.875,0.0,0.0,0.0
64,3,32,33,10,2,0,7,0,1.5555555555555556,0.0,0.0,0.0
64,3,32,33,11,1,0,8,0,0.8888888888888888,0.0,0.0,0.0
64,3,32,33,12,2,0,8,0,1.6,0.0,0.0,0.0
64,3,32,33,13,3,0,7,0,2.1,0.0,0.0,0.0
64,3,32,33,15,2,0,7,0,1.5555555555555556,0.0,0.0,0.0
64,3,32,33,17,1,0,7,0,0.875,0.0,0.0,0.0
64,3,32,33,19,1,0,6,0,0.8571428571428571,0.0,0.0,0.0
64,3,32,33,21,4,0,3,0,1.7142857142857142,0.0,0.0,0.0
64,3,32,33,25,1,0,11,0,0.9166666666666666,0.0,0.0,0.0
64,3,32,33,26,3,2,13,0,2.4375,0.6666666666666666,0.0,0.6666666666666666
64,3,32,33,27,3,1,14,0,2.4705882352941178,0.3333333333333333,0.0,0.3333333333333333
64,3,32,33,28,10,6,15,0,6.0,0.6,0.0,0.6
64,3,32,33,29,2,1,25,0,1.8518518518518519,0.5,0.0,0.5
64,3,40,41,23,1,0,13,0,0.9285714285714286,0.0,0.0,0.0
64,3,40,41,25,1,0,18,0,0.9473684210526315,0.0,0.0,0.0
64,3,40,41,27,2,0,22,0,1.8333333333333333,0.0,0.0,0.0
64,3,40,41,29,3,0,23,0,2.6538461538461537,0.0,0.0,0.0
64,3,40,41,31,2,0,25,0,1.8518518518518519,0.0,0.0,0.0
64,3,40,41,32,1,0,26,0,0.9629629629629629,0.0,0.0,0.0
64,3,40,41,34,2,1,27,0,1.8620689655172413,0.5,0.0,0.5
64,4,16,17,16,5,2,3,0,1.875,0.4,0.0,0.4
64,4,24,25,22,2,1,7,0,1.5555555555555556,0.5,0.0,0.5
64,4,32,33,3,1,0,2,0,0.6666666666666666,0.0,0.0,0.0
64,4,32,33,4,2,0,3,0,1.2,0.0,0.0,0.0
64,4,32,33,6,1,0,5,0,0.8333333333333334,0.0,0.0,0.0
64,4,32,33,8,1,0,6,0,0.8571428571428571,0.0,0.0,0.0
64,4,32,33,10,1,0,7,0,0.875,0.0,0.0,0.0
64,4,32,33,12,1,0,8,0,0.8888888888888888,0.0,0.0,0.0
64,4,32,33,13,2,0,6,0,1.5,0.0,0.0,0.0
64,4,32,33,14,1,0,5,0,0.8333333333333334,0.0,0.0,0.0
64,4,32,33,15,4,0,1,0,0.8,0.0,0.0,0.0
64,4,32,33,28,10,7,3,0,2.3076923076923075,0.7,0.0,0.7
64,4,32,33,29,7,1,13,0,4.55,0.14285714285714285,0.0,0.14285714285714285
64,4,40,41,5,3,0,9,0,2.25,0.0,0.0,0.0
64,4,40,41,7,1,0,9,0,0.9,0.0,0.0,0.0
64,4,40,41,9,1,0,10,0,0.9090909090909091,0.0,0.0,0.0
64,4,40,41,11,1,0,11,0,0.9166666666666666,0.0,0.0,0.0
64,4,40,41,12,1,0,11,0,0.9166666666666666,0.0,0.0,0.0
64,4,40,41,14,1,0,9,0,0.9,0.0,0.0,0.0
64,4,40,41,15,1,0,9,0,0.9,0.0,0.0,0.0
64,4,40,41,19,1,0,8,0,0.8888888888888888,0.0,0.0,0.0
64,4,40,41,20,1,0,7,0,0.875,0.0,0.0,0.0
64,4,40,41,21,5,0,2,0,1.4285714285714286,0.0,0.0,0.0
64,4,40,41,32,1,0,8,0,0.8888888888888888,0.0,0.0,0.0
64,4,40,41,33,1,0,8,0,0.8888888888888888,0.0,0.0,0.0
64,4,40,41,34,2,2,9,0,1.6363636363636365,1.0,0.0,1.0
64,4,40,41,35,9,7,10,0,4.7368421052631575,0.7777777777777778,0.0,0.7777777777777778
64,4,48,49,8,1,0,13,0,0.9285714285714286,0.0,0.0,0.0
64,4,48,49,9,1,0,13,0,0.9285714285714286,0.0,0.0,0.0
64,4,48,49,10,2,0,13,0,1.7333333333333334,0.0,0.0,0.0
64,4,48,49,11,2,0,14,0,1.75,0.0,0.0,0.0
64,4,48,49,25,1,0,12,0,0.9230769230769231,0.0,0.0,0.0
64,4,48,49,26,1,0,13,0,0.9285714285714286,0.0,0.0,0.0
64,4,48,49,27,7,0,8,0,3.7333333333333334,0.0,0.0,0.0
64,4,48,49,28,5,0,5,0,2.5,0.0,0.0,0.0
64,4,48,49,38,1,1,15,0,0.9375,1.0,0.0,1.0
64,4,48,49,39,1,0,14,0,0.9333333333333333,0.0,0.0,0.0
64,4,48,49,40,2,2,13,0,1.7333333333333334,1.0,0.0,1.0
64,4,56,57,34,6,0,13,0,4.105263157894737,0.0,0.0,0.0
64,4,56,57,35,2,0,12,0,1.7142857142857142,0.0,0.0,0.0
64,4,64,65,36,2,0,17,0,1.7894736842105263,0.0,0.0,0.0
64,4,64,65,37,2,0,16,0,1.7777777777777777,0.0,0.0,0.0
64,4,64,65,39,2,0,14,0,1.75,0.0,0.0,0.0
64,4,64,65,40,2,0,13,0,1.7333333333333334,0.0,0.0,0.0
64,5,16,17,16,9,3,11,0,4.95,0.3333333333333333,0.0,0.3333333333333333
64,5,24,25,22,13,6,5,0,3.611111111111111,0.46153846153846156,0.0,0.46153846153846156
64,5,24,25,23,5,0,17,0,3.8636363636363638,0.0,0.0,0.0
64,5,32,33,8,1,0,4,0,0.8,0.0,0.0,0.0
64,5,32,33,10,1,0,7,0,0.875,0.0,0.0,0.0
64,5,32,33,12,1,0,10,0,0.9090909090909091,0.0,0.0,0.0
64,5,32,33,13,3,0,9,0,2.25,0.0,0.0,0.0
64,5,32,33,14,1,0,10,0,0.9090909090909091,0.0,0.0,0.0
64,5,32,33,15,3,0,8,0,2.1818181818181817,0.0,0.0,0.0
64,5,32,33,16,1,0,10,0,0.9090909090909091,0.0,0.0,0.0
64,5,32,33,17,7,0,7,0,3.5,0.0,0.0,0.0
64,5,32,33,18,6,0,6,0,3.0,0.0,0.0,0.0
64,5,32,33,19,2,0,7,0,1.5555555555555556,0.0,0.0,0.0
64,5,32,33,20,3,0,6,0,2.0,0.0,0.0,0.0
64,5,32,33,22,1,0,10,0,0.9090909090909091,0.0,0.0,0.0
64,5,32,33,24,1,0,15,0,0.9375,0.0,0.0,0.0
64,5,32,33,25,1,0,19,0,0.95,0.0,0.0,0.0
64,5,32,33,26,1,0,22,0,0.9565217391304348,0.0,0.0,0.0
64,5,32,33,27,1,1,26,0,0.9629629629629629,1.0,0.0,1.0
64,5,32,33,28,2,0,30,0,1.875,0.0,0.0,0.0
64,5,40,41,1,2,0,2,0,1.0,0.0,0.0,0.0
64,5,40,41,3,2,0,3,0,1.2,0.0,0.0,0.0
64,5,40,41,5,1,0,5,0,0.8333333333333334,0.0,0.0,0.0
64,5,40,41,6,2,0,4,0,1.3333333333333333,0.0,0.0,0.0
64,5,40,41,7,4,0,3,0,1.7142857142857142,0.0,0.0,0.0
64,5,40,41,10,7,0,9,0,3.9375,0.0,0.0,0.0
64,5,40,41,12,3,0,17,0,2.55,0.0,0.0,0.0
64,5,40,41,26,2,0,25,0,1.8518518518518519,0.0,0.0,0.0
64,5,40,41,27,2,0,27,0,1.8620689655172413,0.0,0.0,0.0
64,5,40,41,28,2,0,30,0,1.875,0.0,0.0,0.0
64,5,40,41,31,1,0,40,0,0.975609756097561,0.0,0.0,0.0
64,5,40,41,32,2,0,40,0,1.9047619047619047,0.0,0.0,0.0
64,5,40,41,33,2,1,41,1,1.9069767441860466,0.5,0.024390243902439025,0.47560975609756095
64,5,40,41,34,2,1,42,0,1.9090909090909092,0.5,0.0,0.5
64,5,40,41,37,3,0,39,0,2.7857142857142856,0.0,0.0,0.0
64,5,40,41,38,1,0,39,0,0.975,0.0,0.0,0.0
64,5,40,41,39,1,0,39,0,0.975,0.0,0.0,0.0
64,5,40,41,40,2,0,38,0,1.9,0.0,0.0,0.0
64,5,48,49,6,2,0,13,0,1.7333333333333334,0.0,0.0,0.0
64,5,48,49,7,5,0,11,0,3.4375,0.0,0.0,0.0
64,5,48,49,8,1,0,14,0,0.9333333333333333,0.0,0.0,0.0
64,5,48,49,10,1,0,19,0,0.95,0.0,0.0,0.0
64,5,48,49,11,1,0,20,0,0.9523809523809523,0.0,0.0,0.0
64,5,48,49,13,1,0,22,0,0.9565217391304348,0.0,0.0,0.0
64,5,48,49,15,2,0,19,0,1.8095238095238095,0.0,0.0,0.0
64,5,48,49,17,1,0,17,0,0.9444444444444444,0.0,0.0,0.0
64,5,48,49,37,3,0,39,0,2.7857142857142856,0.0,0.0,0.0
64,5,48,49,38,4,0,36,1,3.6,0.0,0.027777777777777776,-0.027777777777777776
64,5,48,49,39,1,1,34,0,0.9714285714285714,1.0,0.0,1.0
64,5,48,49,40,7,6,33,0,5.775,0.8571428571428571,0.0,0.8571428571428571
64,5,56,57,43,2,0,33,0,1.8857142857142857,0.0,0.0,0.0
64,5,56,57,45,13,1,19,0,7.71875,0.07692307692307693,0.0,0.07692307692307693
64,5,56,57,46,1,0,18,0,0.9473684210526315,0.0,0.0,0.0
64,5,56,57,47,12,10,19,0,7.354838709677419,0.8333333333333334,0.0,0.8333333333333334
64,5,56,57,48,1,0,30,0,0.967741935483871,0.0,0.0,0.0
64,5,64,65,50,4,0,28,0,3.5,0.0,0.0,0.0
64,5,64,65,51,2,0,27,0,1.8620689655172413,0.0,0.0,0.0
64,5,64,65,52,3,3,27,0,2.7,1.0,0.0,1.0
64,5,64,65,53,7,1,22,0,5.310344827586207,0.14285714285714285,0.0,0.14285714285714285
64,5,64,65,55,4,3,22,0,3.3846153846153846,0.75,0.0,0.75
64,5,72,73,54,3,0,24,0,2.6666666666666665,0.0,0.0,0.0
64,5,72,73,56,3,2,22,0,2.64,0.6666666666666666,0.0,0.6666666666666666
64,5,72,73,58,3,1,24,0,2.6666666666666665,0.3333333333333333,0.0,0.3333333333333333
64,5,72,73,60,1,0,28,0,0.9655172413793104,0.0,0.0,0.0
64,6,16,17,16,4,1,17,0,3.238095238095238,0.25,0.0,0.25
64,6,24,25,23,3,1,7,0,2.1,0.3333333333333333,0.0,0.3333333333333333
64,6,32,33,18,2,0,1,0,0.6666666666666666,0.0,0.0,0.0
64,6,32,33,19,1,0,2,0,0.6666666666666666,0.0,0.0,0.0
64,6,32,33,20,1,0,2,0,0.6666666666666666,0.0,0.0,0.0
64,6,32,33,21,2,0,1,0,0.6666666666666666,0.0,0.0,0.0
64,6,32,33,29,1,1,5,0,0.8333333333333334,1.0,0.0,1.0
64,6,40,41,8,1,0,4,0,0.8,0.0,0.0,0.0
64,6,40,41,9,1,0,5,0,0.8333333333333334,0.0,0.0,0.0
64,6,40,41,10,3,0,6,0,2.0,0.0,0.0,0.0
64,6,40,41,11,2,0,7,0,1.5555555555555556,0.0,0.0,0.0
64,6,40,41,12,3,0,6,0,2.0,0.0,0.0,0.0
64,6,40,41,14,2,0,8,0,1.6,0.0,0.0,0.0
64,6,40,41,16,3,0,10,0,2.3076923076923075,0.0,0.0,0.0
64,6,40,41,18,1,0,13,0,0.9285714285714286,0.0,0.0,0.0
64,6,40,41,20,5,0,10,0,3.3333333333333335,0.0,0.0,0.0
64,6,40,41,28,4,0,1,0,0.8,0.0,0.0,0.0
64,6,56,57,1,1,0,3,0,0.75,0.0,0.0,0.0
64,6,56,57,2,3,0,4,0,1.7142857142857142,0.0,0.0,0.0
64,6,56,57,3,1,0,5,0,0.8333333333333334,0.0,0.0,0.0
64,6,56,57,4,4,0,3,0,1.7142857142857142,0.0,0.0,0.0
64,6,64,65,7,2,0,17,0,1.7894736842105263,0.0,0.0,0.0
64,6,64,65,8,5,0,15,0,3.75,0.0,0.0,0.0
64,6,64,65,9,5,0,13,0,3.611111111111111,0.0,0.0,0.0
64,6,64,65,10,4,0,11,0,2.933333333333333,0.0,0.0,0.0
64,6,64,65,11,2,0,12,0,1.7142857142857142,0.0,0.0,0.0
64,6,64,65,12,2,0,12,0,1.7142857142857142,0.0,0.0,0.0
64,6,64,65,14,1,0,13,0,0.9285714285714286,0.0,0.0,0.0
64,6,72,73,16,4,0,17,0,3.238095238095238,0.0,0.0,0.0
64,6,72,73,17,1,0,16,0,0.9411764705882353,0.0,0.0,0.0
64,6,72,73,18,1,0,15,0,0.9375,0.0,0.0,0.0
64,7,16,17,16,4,2,16,0,3.2,0.5,0.0,0.5
64,7,24,25,22,18,5,9,0,6.0,0.2777777777777778,0.0,0.2777777777777778
64,7,32,33,17,1,0,2,0,0.6666666666666666,0.0,0.0,0.0
64,7,32,33,18,1,0,2,0,0.6666666666666666,0.0,0.0,0.0
64,7,32,33,19,2,0,1,0,0.6666666666666666,0.0,0.0,0.0
64,7,32,33,20,1,0,1,0,0.5,0.0,0.0,0.0
64,7,32,33,21,1,0,1,0,0.5,0.0,0.0,0.0
64,7,32,33,26,1,0,2,0,0.6666666666666666,0.0,0.0,0.0
64,7,32,33,27,3,0,2,0,1.2,0.0,0.0,0.0
64,7,32,33,28,10,7,4,0,2.857142857142857,0.7,0.0,0.7
64,7,32,33,29,6,3,11,0,3.8823529411764706,0.5,0.0,0.5
64,7,32,33,31,2,0,11,0,1.6923076923076923,0.0,0.0,0.0
64,7,32,33,33,2,0,7,0,1.5555555555555556,0.0,0.0,0.0
64,7,40,41,14,1,0,4,0,0.8,0.0,0.0,0.0
64,7,40,41,15,1,0,4,0,0.8,0.0,0.0,0.0
64,7,40,41,17,1,0,5,0,0.8333333333333334,0.0,0.0,0.0
64,7,40,41,18,1,0,6,0,0.8571428571428571,0.0,0.0,0.0
64,7,40,41,20,1,0,7,0,0.875,0.0,0.0,0.0
64,7,40,41,21,1,0,8,0,0.8888888888888888,0.0,0.0,0.0
64,7,40,41,22,1,0,9,0,0.9,0.0,0.0,0.0
64,7,40,41,24,1,0,10,0,0.9090909090909091,0.0,0.0,0.0
64,7,40,41,26,1,0,9,0,0.9,0.0,0.0,0.0
64,7,40,41,28,1,0,8,0,0.8888888888888888,0.0,0.0,0.0
64,7,40,41,30,1,0,7,0,0.875,0.0,0.0,0.0
64,7,40,41,32,1,0,6,0,0.8571428571428571,0.0,0.0,0.0
64,7,40,41,33,1,0,6,0,0.8571428571428571,0.0,0.0,0.0
64,7,40,41,34,2,2,5,0,1.4285714285714286,1.0,0.0,1.0
64,7,48,49,5,1,0,1,0,0.5,0.0,0.0,0.0
64,7,48,49,12,1,0,7,0,0.875,0.0,0.0,0.0
64,7,48,49,13,1,0,8,0,0.8888888888888888,0.0,0.0,0.0
64,7,48,49,14,5,0,5,0,2.5,0.0,0.0,0.0
64,7,48,49,15,1,0,6,0,0.8571428571428571,0.0,0.0,0.0
64,7,48,49,22,1,0,12,0,0.9230769230769231,0.0,0.0,0.0
64,7,48,49,23,1,0,12,0,0.9230769230769231,0.0,0.0,0.0
64,7,48,49,25,1,0,12,0,0.9230769230769231,0.0,0.0,0.0
64,7,48,49,26,1,0,12,0,0.9230769230769231,0.0,0.0,0.0
64,7,56,57,4,5,0,9,0,3.2142857142857144,0.0,0.0,0.0
64,7,56,57,5,1,0,7,0,0.875,0.0,0.0,0.0
64,7,56,57,6,2,0,4,0,1.3333333333333333,0.0,0.0,0.0
64,7,56,57,7,1,0,3,0,0.75,0.0,0.0,0.0
64,7,56,57,8,1,0,2,0,0.6666666666666666,0.0,0.0,0.0
64,7,56,57,9,1,0,3,0,0.75,0.0,0.0,0.0
64,7,56,57,20,2,0,22,0,1.8333333333333333,0.0,0.0,0.0
64,7,56,57,21,11,0,13,0,5.958333333333333,0.0,0.0,0.0
64,7,56,57,22,2,0,13,0,1.7333333333333334,0.0,0.0,0.0
64,7,64,65,10,4,0,16,0,3.2,0.0,0.0,0.0
64,7,64,65,11,6,0,11,0,3.8823529411764706,0.0,0.0,0.0
64,7,64,65,27,5,0,16,0,3.8095238095238093,0.0,0.0,0.0
64,7,64,65,28,4,0,12,0,3.0,0.0,0.0,0.0
64,7,64,65,30,1,0,9,0,0.9,0.0,0.0,0.0
64,7,72,73,13,3,0,15,0,2.5,0.0,0.0,0.0
64,7,72,73,14,1,0,15,0,0.9375,0.0,0.0,0.0
64,7,72,73,15,1,1,16,0,0.9411764705882353,1.0,0.0,1.0
64,7,72,73,16,1,0,17,0,0.9444444444444444,0.0,0.0,0.0
64,7,72,73,17,2,0,18,0,1.8,0.0,0.0,0.0
64,7,72,73,29,2,0,15,0,1.7647058823529411,0.0,0.0,0.0
64,7,72,73,30,1,0,13,0,0.9285714285714286,0.0,0.0,0.0
64,7,72,73,31,2,0,10,0,1.6666666666666667,0.0,0.0,0.0
64,7,72,73,33,2,0,6,0,1.5,0.0,0.0,0.0
64,7,72,73,34,2,0,5,0,1.4285714285714286,0.0,0.0,0.0
64,8,8,9,10,1,0,23,0,0.9583333333333334,0.0,0.0,0.0
64,8,16,17,16,7,3,14,0,4.666666666666667,0.42857142857142855,0.0,0.42857142857142855
64,8,24,25,1,3,0,1,0,0.75,0.0,0.0,0.0
64,8,24,25,2,2,0,3,0,1.2,0.0,0.0,0.0
64,8,24,25,3,3,0,3,0,1.5,0.0,0.0,0.0
64,8,24,25,4,1,0,3,0,0.75,0.0,0.0,0.0
64,8,24,25,22,8,2,9,0,4.235294117647059,0.25,0.0,0.25
64,8,32,33,4,1,0,10,0,0.9090909090909091,0.0,0.0,0.0
64,8,32,33,7,1,0,12,0,0.9230769230769231,0.0,0.0,0.0
64,8,32,33,8,5,0,12,0,3.5294117647058822,0.0,0.0,0.0
64,8,32,33,9,3,0,14,0,2.4705882352941178,0.0,0.0,0.0
64,8,32,33,10,4,0,12,0,3.0,0.0,0.0,0.0
64,8,32,33,11,5,0,9,0,3.2142857142857144,0.0,0.0,0.0
64,8,32,33,12,4,0,7,0,2.5454545454545454,0.0,0.0,0.0
64,8,32,33,13,2,0,6,0,1.5,0.0,0.0,0.0
64,8,32,33,14,1,0,6,0,0.8571428571428571,0.0,0.0,0.0
64,8,32,33,15,2,0,5,0,1.4285714285714286,0.0,0.0,0.0
64,8,32,33,16,3,0,3,0,1.5,0.0,0.0,0.0
64,8,32,33,17,3,0,1,0,0.75,0.0,0.0,0.0
64,8,32,33,22,1,0,2,0,0.6666666666666666,0.0,0.0,0.0
64,8,32,33,23,1,0,3,0,0.75,0.0,0.0,0.0
64,8,32,33,24,2,0,4,0,1.3333333333333333,0.0,0.0,0.0
64,8,32,33,26,2,0,6,0,1.5,0.0,0.0,0.0
64,8,32,33,27,2,1,8,0,1.6,0.5,0.0,0.5
64,8,32,33,28,7,4,9,0,3.9375,0.5714285714285714,0.0,0.5714285714285714
64,8,40,41,10,2,0,22,0,1.8333333333333333,0.0,0.0,0.0
64,8,40,41,12,1,0,22,0,0.9565217391304348,0.0,0.0,0.0
64,8,40,41,14,1,0,20,0,0.9523809523809523,0.0,0.0,0.0
64,8,40,41,16,1,0,17,0,0.9444444444444444,0.0,0.0,0.0
64,8,40,41,18,1,0,17,0,0.9444444444444444,0.0,0.0,0.0
64,8,40,41,19,4,0,14,0,3.111111111111111,0.0,0.0,0.0
64,8,40,41,20,1,0,14,0,0.9333333333333333,0.0,0.0,0.0
64,8,40,41,22,2,0,15,0,1.7647058823529411,0.0,0.0,0.0
64,8,40,41,23,4,0,13,0,3.0588235294117645,0.0,0.0,0.0
64,8,40,41,24,4,0,12,0,3.0,0.0,0.0,0.0
64,8,40,41,25,1,0,13,0,0.9285714285714286,0.0,0.0,0.0
64,9,16,17,16,5,3,13,0,3.611111111111111,0.6,0.0,0.6
64,9,24,25,22,14,1,7,0,4.666666666666667,0.07142857142857142,0.0,0.07142857142857142
64,9,32,33,1,1,0,3,0,0.75,0.0,0.0,0.0
64,9,32,33,2,2,0,5,0,1.4285714285714286,0.0,0.0,0.0
64,9,32,33,3,3,0,6,0,2.0,0.0,0.0,0.0
64,9,32,33,5,2,0,10,0,1.6666666666666667,0.0,0.0,0.0
64,9,32,33,6,1,0,11,0,0.9166666666666666,0.0,0.0,0.0
64,9,32,33,7,4,0,8,0,2.6666666666666665,0.0,0.0,0.0
64,9,32,33,8,2,0,8,0,1.6,0.0,0.0,0.0
64,9,32,33,9,5,0,4,0,2.2222222222222223,0.0,0.0,0.0
64,9,32,33,10,3,0,2,0,1.2,0.0,0.0,0.0
64,9,32,33,14,2,0,1,0,0.6666666666666666,0.0,0.0,0.0
64,9,32,33,16,2,0,3,0,1.2,0.0,0.0,0.0
64,9,32,33,18,2,0,5,0,1.4285714285714286,0.0,0.0,0.0
64,9,32,33,19,2,0,5,0,1.4285714285714286,0.0,0.0,0.0
64,9,32,33,20,3,0,4,0,1.7142857142857142,0.0,0.0,0.0
64,9,32,33,21,3,0,3,0,1.5,0.0,0.0,0.0
64,9,32,33,28,16,14,2,0,1.7777777777777777,0.875,0.0,0.875
64,9,40,41,10,2,0,17,0,1.7894736842105263,0.0,0.0,0.0
64,9,40,41,13,2,0,18,0,1.8,0.0,0.0,0.0
64,9,40,41,15,2,0,16,0,1.7777777777777777,0.0,0.0,0.0
64,9,40,41,17,2,0,13,0,1.7333333333333334,0.0,0.0,0.0
64,9,40,41,18,2,0,12,0,1.7142857142857142,0.0,0.0,0.0
64,9,40,41,19,1,0,12,0,0.9230769230769231,0.0,0.0,0.0
64,9,40,41,21,1,0,13,0,0.9285714285714286,0.0,0.0,0.0
64,9,40,41,23,1,0,14,0,0.9333333333333333,0.0,0.0,0.0
64,9,40,41,28,2,0,4,0,1.3333333333333333,0.0,0.0,0.0
64,9,40,41,35,8,6,1,0,0.8888888888888888,0.75,0.0,0.75
64,9,48,49,21,1,0,19,0,0.95,0.0,0.0,0.0
64,9,48,49,22,5,0,15,0,3.75,0.0,0.0,0.0
64,9,48,49,40,1,0,1,0,0.5,0.0,0.0,0.0
64,9,48,49,41,2,1,1,0,0.6666666666666666,0.5,0.0,0.5
64,9,56,57,28,3,0,15,0,2.5,0.0,0.0,0.0
64,9,56,57,29,3,0,11,0,2.357142857142857,0.0,0.0,0.0
64,9,56,57,30,8,0,3,0,2.1818181818181817,0.0,0.0,0.0
64,9,56,57,48,3,3,1,0,0.75,1.0,0.0,1.0
64,9,64,65,36,4,0,4,0,2.0,0.0,0.0,0.0
64,9,64,65,37,4,0,1,0,0.8,0.0,0.0,0.0
64,9,64,65,55,3,3,1,0,0.75,1.0,0.0,1.0
64,9,64,65,56,8,8,4,0,2.6666666666666665,1.0,0.0,1.0
64,9,72,73,39,2,0,3,0,1.2,0.0,0.0,0.0
64,9,72,73,41,2,0,1,0,0.6666666666666666,0.0,0.0,0.0
64,9,72,73,64,7,5,3,0,2.1,0.7142857142857143,0.0,0.7142857142857143
64,9,80,81,48,1,0,3,0,0.75,0.0,0.0,0.0
64,9,80,81,70,1,0,1,0,0.5,0.0,0.0,0.0
64,9,80,81,71,1,1,1,0,0.5,1.0,0.0,1.0
64,9,80,81,72,1,0,1,0,0.5,0.0,0.0,0.0
64,9,88,89,56,2,0,10,0,1.6666666666666667,0.0,0.0,0.0
64,9,88,89,57,1,0,10,0,0.9090909090909091,0.0,0.0,0.0
64,9,88,89,58,2,0,9,0,1.6363636363636365,0.0,0.0,0.0
64,9,88,89,59,2,0,8,0,1.6,0.0,0.0,0.0
64,9,88,89,60,8,0,1,0,0.8888888888888888,0.0,0.0,0.0
64,9,88,89,61,1,0,1,0,0.5,0.0,0.0,0.0
64,9,96,97,67,3,0,4,0,1.7142857142857142,0.0,0.0,0.0
64,9,96,97,68,2,0,2,0,1.0,0.0,0.0,0.0
64,9,96,97,69,1,0,1,0,0.5,0.0,0.0,0.0
64,10,16,17,16,3,2,22,0,2.64,0.6666666666666666,0.0,0.6666666666666666
64,10,24,25,23,3,0,6,0,2.0,0.0,0.0,0.0
64,10,32,33,10,2,0,2,0,1.0,0.0,0.0,0.0
64,10,32,33,11,5,0,3,0,1.875,0.0,0.0,0.0
64,10,32,33,12,3,0,7,0,2.1,0.0,0.0,0.0
64,10,32,33,13,4,0,9,0,2.769230769230769,0.0,0.0,0.0
64,10,32,33,14,1,0,12,0,0.9230769230769231,0.0,0.0,0.0
64,10,32,33,15,4,0,12,0,3.0,0.0,0.0,0.0
64,10,32,33,16,2,0,13,0,1.7333333333333334,0.0,0.0,0.0
64,10,32,33,17,2,0,12,0,1.7142857142857142,0.0,0.0,0.0
64,10,32,33,18,3,0,10,0,2.3076923076923075,0.0,0.0,0.0
64,10,32,33,19,2,0,8,0,1.6,0.0,0.0,0.0
64,10,32,33,20,3,0,5,0,1.875,0.0,0.0,0.0
64,10,32,33,21,1,0,4,0,0.8,0.0,0.0,0.0
64,10,32,33,22,6,0,1,0,0.8571428571428571,0.0,0.0,0.0
64,10,32,33,23,1,0,1,0,0.5,0.0,0.0,0.0
64,10,32,33,27,3,1,5,0,1.875,0.3333333333333333,0.0,0.3333333333333333
64,10,32,33,28,5,1,10,0,3.3333333333333335,0.2,0.0,0.2
64,10,32,33,29,2,0,17,0,1.7894736842105263,0.0,0.0,0.0
64,10,40,41,4,3,0,3,0,1.5,0.0,0.0,0.0
64,10,40,41,6,1,0,9,0,0.9,0.0,0.0,0.0
64,10,40,41,8,1,0,13,0,0.9285714285714286,0.0,0.0,0.0
64,10,40,41,10,1,0,17,0,0.9444444444444444,0.0,0.0,0.0
64,10,40,41,11,1,0,18,0,0.9473684210526315,0.0,0.0,0.0
64,10,40,41,13,1,0,21,0,0.9545454545454546,0.0,0.0,0.0
64,10,40,41,14,2,0,22,0,1.8333333333333333,0.0,0.0,0.0
64,10,40,41,16,1,0,23,0,0.9583333333333334,0.0,0.0,0.0
64,10,40,41,18,1,0,20,0,0.9523809523809523,0.0,0.0,0.0
64,10,40,41,20,1,0,16,0,0.9411764705882353,0.0,0.0,0.0
64,10,40,41,22,1,0,10,0,0.9090909090909091,0.0,0.0,0.0
64,10,40,41,27,1,0,14,0,0.9333333333333333,0.0,0.0,0.0
64,10,40,41,29,1,0,17,0,0.9444444444444444,0.0,0.0,0.0
64,10,40,41,31,1,0,20,0,0.9523809523809523,0.0,0.0,0.0
64,10,40,41,33,1,0,22,0,0.9565217391304348,0.0,0.0,0.0
64,10,40,41,34,1,1,23,0,0.9583333333333334,1.0,0.0,1.0
64,10,40,41,35,4,3,24,0,3.4285714285714284,0.75,0.0,0.75
64,10,48,49,4,1,0,8,0,0.8888888888888888,0.0,0.0,0.0
64,10,48,49,5,1,0,9,0,0.9,0.0,0.0,0.0
64,10,48,49,6,1,0,11,0,0.9166666666666666,0.0,0.0,0.0
64,10,48,49,8,2,0,15,0,1.7647058823529411,0.0,0.0,0.0
64,10,48,49,33,1,0,25,0,0.9615384615384616,0.0,0.0,0.0
64,10,48,49,35,1,0,26,0,0.9629629629629629,0.0,0.0,0.0
64,10,48,49,37,1,0,27,0,0.9642857142857143,0.0,0.0,0.0
64,10,48,49,38,1,0,28,0,0.9655172413793104,0.0,0.0,0.0
64,10,48,49,40,1,0,26,0,0.9629629629629629,0.0,0.0,0.0
64,11,16,17,16,2,2,11,0,1.6923076923076923,1.0,0.0,1.0
64,11,24,25,22,6,2,5,0,2.727272727272727,0.3333333333333333,0.0,0.3333333333333333
64,11,32,33,20,1,0,5,0,0.8333333333333334,0.0,0.0,0.0
64,11,32,33,21,1,0,6,0,0.8571428571428571,0.0,0.0,0.0
64,11,32,33,23,1,0,7,0,0.875,0.0,0.0,0.0
64,11,32,33,25,1,0,8,0,0.8888888888888888,0.0,0.0,0.0
64,11,32,33,27,2,1,9,0,1.6363636363636365,0.5,0.0,0.5
64,11,32,33,28,5,3,10,0,3.3333333333333335,0.6,0.0,0.6
64,11,40,41,24,1,0,11,0,0.9166666666666666,0.0,0.0,0.0
64,11,40,41,26,1,0,12,0,0.9230769230769231,0.0,0.0,0.0
64,11,40,41,28,1,0,12,0,0.9230769230769231,0.0,0.0,0.0
64,11,40,41,30,1,0,11,0,0.9166666666666666,0.0,0.0,0.0
64,11,40,41,32,1,0,10,0,0.9090909090909091,0.0,0.0,0.0
64,11,48,49,8,1,0,3,0,0.75,0.0,0.0,0.0
64,11,48,49,10,1,0,3,0,0.75,0.0,0.0,0.0
64,11,48,49,11,1,0,1,0,0.5,0.0,0.0,0.0
64,11,56,57,1,1,0,3,0,0.75,0.0,0.0,0.0
64,11,56,57,2,2,0,5,0,1.4285714285714286,0.0,0.0,0.0
64,11,56,57,3,1,0,6,0,0.8571428571428571,0.0,0.0,0.0
64,11,56,57,4,2,0,5,0,1.4285714285714286,0.0,0.0,0.0
64,11,56,57,6,1,0,6,0,0.8571428571428571,0.0,0.0,0.0
64,11,56,57,8,1,0,7,0,0.875,0.0,0.0,0.0
64,11,56,57,9,1,0,7,0,0.875,0.0,0.0,0.0
64,11,56,57,11,1,0,5,0,0.8333333333333334,0.0,0.0,0.0
64,11,56,57,12,1,0,5,0,0.8333333333333334,0.0,0.0,0.0
64,11,56,57,13,1,0,4,0,0.8,0.0,0.0,0.0
64,11,56,57,15,1,0,5,0,0.8333333333333334,0.0,0.0,0.0
64,11,56,57,17,1,0,6,0,0.8571428571428571,0.0,0.0,0.0
64,11,56,57,18,1,0,6,0,0.8571428571428571,0.0,0.0,0.0
64,11,64,65,8,4,0,11,0,2.933333333333333,0.0,0.0,0.0
64,11,64,65,9,3,0,11,0,2.357142857142857,0.0,0.0,0.0
64,11,64,65,10,1,0,10,0,0.9090909090909091,0.0,0.0,0.0
64,11,64,65,12,1,0,8,0,0.8888888888888888,0.0,0.0,0.0
64,11,64,65,14,1,0,8,0,0.8888888888888888,0.0,0.0,0.0
64,11,64,65,16,1,0,9,0,0.9,0.0,0.0,0.0
64,11,64,65,17,1,0,10,0,0.9090909090909091,0.0,0.0,0.0
64,11,72,73,11,3,0,12,0,2.4,0.0,0.0,0.0
64,11,72,73,12,1,0,12,0,0.9230769230769231,0.0,0.0,0.0
64,11,72,73,13,1,0,12,0,0.9230769230769231,0.0,0.0,0.0
64,11,72,73,14,1,0,12,0,0.9230769230769231,0.0,0.0,0.0
64,11,72,73,15,2,0,11,0,1.6923076923076923,0.0,0.0,0.0
64,11,72,73,16,1,0,11,0,0.9166666666666666,0.0,0.0,0.0
64,11,72,73,17,1,0,11,0,0.9166666666666666,0.0,0.0,0.0
64,12,32,33,26,1,0,2,0,0.6666666666666666,0.0,0.0,0.0
64,12,32,33,27,4,1,2,0,1.3333333333333333,0.25,0.0,0.25
64,12,32,33,28,5,2,5,0,2.5,0.4,0.0,0.4
64,12,32,33,29,4,1,10,0,2.857142857142857,0.25,0.0,0.25
64,12,40,41,19,2,0,2,0,1.0,0.0,0.0,0.0
64,12,40,41,26,1,0,10,0,0.9090909090909091,0.0,0.0,0.0
64,12,40,41,28,1,0,11,0,0.9166666666666666,0.0,0.0,0.0
64,12,40,41,30,2,0,11,0,1.6923076923076923,0.0,0.0,0.0
64,12,40,41,32,2,0,11,0,1.6923076923076923,0.0,0.0,0.0
64,12,40,41,34,2,0,11,0,1.6923076923076923,0.0,0.0,0.0
64,12,56,57,7,1,0,4,0,0.8,0.0,0.0,0.0
64,12,56,57,9,1,0,5,0,0.8333333333333334,0.0,0.0,0.0
64,12,56,57,11,1,0,6,0,0.8571428571428571,0.0,0.0,0.0
64,12,56,57,13,1,0,4,0,0.8,0.0,0.0,0.0
64,12,56,57,15,1,0,2,0,0.6666666666666666,0.0,0.0,0.0
64,12,56,57,16,1,0,2,0,0.6666666666666666,0.0,0.0,0.0
64,12,56,57,18,1,0,3,0,0.75,0.0,0.0,0.0
64,12,64,65,1,1,0,3,0,0.75,0.0,0.0,0.0
64,12,64,65,2,2,0,5,0,1.4285714285714286,0.0,0.0,0.0
64,12,64,65,3,1,0,7,0,0.875,0.0,0.0,0.0
64,12,64,65,4,2,0,8,0,1.6,0.0,0.0,0.0
64,12,64,65,6,1,0,8,0,0.8888888888888888,0.0,0.0,0.0
64,12,64,65,8,1,0,8,0,0.8888888888888888,0.0,0.0,0.0
64,12,64,65,10,1,0,9,0,0.9,0.0,0.0,0.0
64,12,64,65,12,1,0,9,0,0.9,0.0,0.0,0.0
64,12,64,65,14,1,0,6,0,0.8571428571428571,0.0,0.0,0.0
64,12,64,65,16,1,0,5,0,0.8333333333333334,0.0,0.0,0.0
64,12,64,65,17,1,0,6,0,0.8571428571428571,0.0,0.0,0.0
64,12,72,73,6,1,0,13,0,0.9285714285714286,0.0,0.0,0.0
64,12,72,73,7,2,1,11,0,1.6923076923076923,0.5,0.0,0.5
64,12,72,73,8,1,0,11,0,0.9166666666666666,0.0,0.0,0.0
64,12,72,73,9,2,0,11,0,1.6923076923076923,0.0,0.0,0.0
64,12,72,73,10,2,0,12,0,1.7142857142857142,0.0,0.0,0.0
64,13,8,9,10,1,0,14,0,0.9333333333333333,0.0,0.0,0.0
64,13,16,17,16,8,4,10,0,4.444444444444445,0.5,0.0,0.5
64,13,24,25,19,1,0,1,0,0.5,0.0,0.0,0.0
64,13,24,25,21,20,19,3,0,2.608695652173913,0.95,0.0,0.95
64,13,24,25,22,9,4,24,0,6.545454545454546,0.4444444444444444,0.0,0.4444444444444444
64,13,32,33,2,2,0,1,0,0.6666666666666666,0.0,0.0,0.0
64,13,32,33,3,1,0,3,0,0.75,0.0,0.0,0.0
64,13,32,33,4,3,0,4,0,1.7142857142857142,0.0,0.0,0.0
64,13,32,33,5,2,0,7,0,1.5555555555555556,0.0,0.0,0.0
64,13,32,33,6,2,0,8,0,1.6,0.0,0.0,0.0
64,13,32,33,7,3,0,7,0,2.1,0.0,0.0,0.0
64,13,32,33,8,3,0,6,0,2.0,0.0,0.0,0.0
64,13,32,33,9,2,0,6,0,1.5,0.0,0.0,0.0
64,13,32,33,10,5,0,3,0,1.875,0.0,0.0,0.0
64,13,32,33,11,1,0,3,0,0.75,0.0,0.0,0.0
64,13,32,33,12,2,0,1,0,0.6666666666666666,0.0,0.0,0.0
64,13,32,33,21,2,0,7,0,1.5555555555555556,0.0,0.0,0.0
64,13,32,33,22,1,0,10,0,0.9090909090909091,0.0,0.0,0.0
64,13,32,33,23,3,0,11,0,2.357142857142857,0.0,0.0,0.0
64,13,32,33,24,1,0,14,0,0.9333333333333333,0.0,0.0,0.0
64,13,32,33,25,4,0,15,0,3.1578947368421053,0.0,0.0,0.0
64,13,32,33,26,5,0,17,0,3.8636363636363638,0.0,0.0,0.0
64,13,32,33,27,4,0,17,0,3.238095238095238,0.0,0.0,0.0
64,13,32,33,28,14,11,19,1,8.06060606060606,0.7857142857142857,0.05263157894736842,0.7330827067669172
64,13,32,33,29,12,4,27,0,8.307692307692308,0.3333333333333333,0.0,0.3333333333333333
64,13,40,41,14,1,0,14,0,0.9333333333333333,0.0,0.0,0.0
64,13,40,41,15,1,0,13,0,0.9285714285714286,0.0,0.0,0.0
64,13,40,41,16,4,0,9,0,2.769230769230769,0.0,0.0,0.0
64,13,40,41,17,5,0,8,0,3.076923076923077,0.0,0.0,0.0
64,13,40,41,18,4,0,10,0,2.857142857142857,0.0,0.0,0.0
64,13,40,41,19,1,0,14,0,0.9333333333333333,0.0,0.0,0.0
64,13,40,41,20,3,0,16,0,2.526315789473684,0.0,0.0,0.0
64,13,40,41,21,1,0,20,0,0.9523809523809523,0.0,0.0,0.0
64,13,40,41,22,2,0,22,0,1.8333333333333333,0.0,0.0,0.0
64,13,40,41,23,1,0,25,0,0.9615384615384616,0.0,0.0,0.0
64,13,40,41,24,2,0,27,0,1.8620689655172413,0.0,0.0,0.0
64,13,40,41,25,1,0,30,0,0.967741935483871,0.0,0.0,0.0
64,13,40,41,26,1,0,32,0,0.9696969696969697,0.0,0.0,0.0
64,13,40,41,27,1,0,34,0,0.9714285714285714,0.0,0.0,0.0
64,13,40,41,28,1,0,35,0,0.9722222222222222,0.0,0.0,0.0
64,13,40,41,29,2,0,33,0,1.8857142857142857,0.0,0.0,0.0
64,13,40,41,30,1,0,31,0,0.96875,0.0,0.0,0.0
64,13,40,41,31,2,0,27,0,1.8620689655172413,0.0,0.0,0.0
64,13,40,41,32,2,0,24,0,1.8461538461538463,0.0,0.0,0.0
64,13,40,41,33,2,0,22,0,1.8333333333333333,0.0,0.0,0.0
64,13,40,41,34,2,0,23,0,1.84,0.0,0.0,0.0
64,13,40,41,35,2,0,24,0,1.8461538461538463,0.0,0.0,0.0
64,13,48,49,22,1,0,32,0,0.9696969696969697,0.0,0.0,0.0
64,13,48,49,23,2,0,32,0,1.8823529411764706,0.0,0.0,0.0
64,13,48,49,24,1,0,34,0,0.9714285714285714,0.0,0.0,0.0
64,13,48,49,26,1,0,39,0,0.975,0.0,0.0,0.0
64,14,8,9,10,1,0,16,0,0.9411764705882353,0.0,0.0,0.0
64,14,16,17,16,7,2,9,0,3.9375,0.2857142857142857,0.0,0.2857142857142857
64,14,24,25,22,11,4,5,0,3.4375,0.36363636363636365,0.0,0.36363636363636365
64,14,24,25,23,1,0,16,0,0.9411764705882353,0.0,0.0,0.0
64,14,32,33,7,2,0,1,0,0.6666666666666666,0.0,0.0,0.0
64,14,32,33,8,2,0,3,0,1.2,0.0,0.0,0.0
64,14,32,33,9,4,0,2,0,1.3333333333333333,0.0,0.0,0.0
64,14,32,33,10,3,0,2,0,1.2,0.0,0.0,0.0
64,14,32,33,17,2,0,1,0,0.6666666666666666,0.0,0.0,0.0
64,14,32,33,18,1,0,2,0,0.6666666666666666,0.0,0.0,0.0
64,14,32,33,19,2,0,2,0,1.0,0.0,0.0,0.0
64,14,32,33,20,1,0,3,0,0.75,0.0,0.0,0.0
64,14,32,33,21,1,0,3,0,0.75,0.0,0.0,0.0
64,14,32,33,22,1,0,3,0,0.75,0.0,0.0,0.0
64,14,32,33,23,2,0,3,0,1.2,0.0,0.0,0.0
64,14,32,33,24,1,0,4,0,0.8,0.0,0.0,0.0
64,14,32,33,25,2,0,4,0,1.3333333333333333,0.0,0.0,0.0
64,14,32,33,26,2,1,4,0,1.3333333333333333,0.5,0.0,0.5
64,14,32,33,27,1,0,4,0,0.8,0.0,0.0,0.0
64,14,32,33,28,8,4,4,0,2.6666666666666665,0.5,0.0,0.5
64,14,32,33,29,2,0,10,0,1.6666666666666667,0.0,0.0,0.0
64,14,40,41,1,2,0,2,0,1.0,0.0,0.0,0.0
64,14,40,41,2,2,0,4,0,1.3333333333333333,0.0,0.0,0.0
64,14,40,41,3,3,0,5,0,1.875,0.0,0.0,0.0
64,14,40,41,5,2,0,8,0,1.6,0.0,0.0,0.0
64,14,40,41,7,2,0,10,0,1.6666666666666667,0.0,0.0,0.0
64,14,40,41,9,1,0,11,0,0.9166666666666666,0.0,0.0,0.0
64,14,40,41,11,1,0,12,0,0.9230769230769231,0.0,0.0,0.0
64,14,40,41,13,1,0,13,0,0.9285714285714286,0.0,0.0,0.0
64,14,40,41,15,1,0,14,0,0.9333333333333333,0.0,0.0,0.0
64,14,40,41,17,1,0,16,0,0.9411764705882353,0.0,0.0,0.0
64,14,40,41,20,1,0,16,0,0.9411764705882353,0.0,0.0,0.0
64,14,40,41,21,4,0,12,0,3.0,0.0,0.0,0.0
64,14,40,41,22,1,0,12,0,0.9230769230769231,0.0,0.0,0.0
64,14,40,41,24,1,0,13,0,0.9285714285714286,0.0,0.0,0.0
64,14,40,41,26,1,0,14,0,0.9333333333333333,0.0,0.0,0.0
64,14,40,41,28,1,0,13,0,0.9285714285714286,0.0,0.0,0.0
64,14,48,49,13,2,0,17,0,1.7894736842105263,0.0,0.0,0.0
64,14,48,49,14,1,0,16,0,0.9411764705882353,0.0,0.0,0.0
64,15,16,17,16,13,5,10,0,5.6521739130434785,0.38461538461538464,0.0,0.38461538461538464
64,15,24,25,22,10,8,17,0,6.296296296296297,0.8,0.0,0.8
64,15,24,25,23,4,1,25,1,3.4482758620689653,0.25,0.04,0.21
64,15,32,33,3,3,0,1,0,0.75,0.0,0.0,0.0
64,15,32,33,4,2,0,3,0,1.2,0.0,0.0,0.0
64,15,32,33,5,2,0,4,0,1.3333333333333333,0.0,0.0,0.0
64,15,32,33,6,2,0,6,0,1.5,0.0,0.0,0.0
64,15,32,33,7,2,0,7,0,1.5555555555555556,0.0,0.0,0.0
64,15,32,33,8,3,0,6,0,2.0,0.0,0.0,0.0
64,15,32,33,9,1,0,7,0,0.875,0.0,0.0,0.0
64,15,32,33,10,1,0,7,0,0.875,0.0,0.0,0.0
64,15,32,33,11,1,0,7,0,0.875,0.0,0.0,0.0
64,15,32,33,12,1,0,7,0,0.875,0.0,0.0,0.0
64,15,32,33,13,5,0,6,0,2.727272727272727,0.0,0.0,0.0
64,15,32,33,14,5,0,7,0,2.9166666666666665,0.0,0.0,0.0
64,15,32,33,15,3,0,9,0,2.25,0.0,0.0,0.0
64,15,32,33,16,3,0,8,0,2.1818181818181817,0.0,0.0,0.0
64,15,32,33,17,1,0,8,0,0.8888888888888888,0.0,0.0,0.0
64,15,32,33,18,1,0,8,0,0.8888888888888888,0.0,0.0,0.0
64,15,32,33,19,3,0,6,0,2.0,0.0,0.0,0.0
64,15,32,33,20,3,0,5,0,1.875,0.0,0.0,0.0
64,15,32,33,21,1,0,6,0,0.8571428571428571,0.0,0.0,0.0
64,15,32,33,22,2,0,7,0,1.5555555555555556,0.0,0.0,0.0
64,15,32,33,24,1,0,6,0,0.8571428571428571,0.0,0.0,0.0
64,15,32,33,25,1,0,5,0,0.8333333333333334,0.0,0.0,0.0
64,15,32,33,26,2,1,5,0,1.4285714285714286,0.5,0.0,0.5
64,15,32,33,27,6,1,5,0,2.727272727272727,0.16666666666666666,0.0,0.16666666666666666
64,15,32,33,28,17,10,9,0,5.884615384615385,0.5882352941176471,0.0,0.5882352941176471
64,15,32,33,29,4,1,25,0,3.4482758620689653,0.25,0.0,0.25
64,15,40,41,15,5,0,19,0,3.9583333333333335,0.0,0.0,0.0
64,15,40,41,18,2,0,21,0,1.826086956521739,0.0,0.0,0.0
64,15,40,41,19,4,0,19,0,3.3043478260869565,0.0,0.0,0.0
64,15,40,41,20,2,0,19,0,1.8095238095238095,0.0,0.0,0.0
64,15,40,41,21,5,0,16,0,3.8095238095238093,0.0,0.0,0.0
64,15,40,41,23,1,0,15,0,0.9375,0.0,0.0,0.0
64,15,40,41,26,2,0,12,0,1.7142857142857142,0.0,0.0,0.0
64,15,40,41,28,1,0,13,0,0.9285714285714286,0.0,0.0,0.0
64,15,40,41,30,1,0,13,0,0.9285714285714286,0.0,0.0,0.0
64,15,40,41,32,2,1,12,0,1.7142857142857142,0.5,0.0,0.5
64,15,40,41,34,1,1,14,0,0.9333333333333333,1.0,0.0,1.0
64,15,40,41,35,4,2,16,0,3.2,0.5,0.0,0.5
64,15,48,49,24,1,0,26,0,0.9629629629629629,0.0,0.0,0.0
64,15,48,49,25,1,0,26,0,0.9629629629629629,0.0,0.0,0.0
64,15,48,49,26,3,0,25,0,2.6785714285714284,0.0,0.0,0.0
64,15,48,49,27,11,0,15,0,6.346153846153846,0.0,0.0,0.0
64,15,48,49,28,2,0,14,0,1.75,0.0,0.0,0.0
64,15,56,57,33,3,0,19,0,2.590909090909091,0.0,0.0,0.0
64,15,56,57,34,2,0,16,0,1.7777777777777777,0.0,0.0,0.0
64,15,56,57,35,1,0,16,0,0.9411764705882353,0.0,0.0,0.0
64,16,16,17,16,7,3,19,1,5.115384615384615,0.42857142857142855,0.05263157894736842,0.37593984962406013
64,16,24,25,15,1,0,2,0,0.6666666666666666,0.0,0.0,0.0
64,16,24,25,22,15,11,7,0,4.7727272727272725,0.7333333333333333,0.0,0.7333333333333333
64,16,32,33,6,4,0,3,0,1.7142857142857142,0.0,0.0,0.0
64,16,32,33,7,2,0,9,0,1.6363636363636365,0.0,0.0,0.0
64,16,32,33,8,1,0,13,0,0.9285714285714286,0.0,0.0,0.0
64,16,32,33,9,3,0,14,0,2.4705882352941178,0.0,0.0,0.0
64,16,32,33,11,3,0,18,0,2.5714285714285716,0.0,0.0,0.0
64,16,32,33,12,1,0,21,0,0.9545454545454546,0.0,0.0,0.0
64,16,32,33,13,6,0,18,0,4.5,0.0,0.0,0.0
64,16,32,33,14,2,0,20,0,1.8181818181818181,0.0,0.0,0.0
64,16,32,33,15,2,0,20,0,1.8181818181818181,0.0,0.0,0.0
64,16,32,33,16,1,0,21,0,0.9545454545454546,0.0,0.0,0.0
64,16,32,33,17,2,0,21,0,1.826086956521739,0.0,0.0,0.0
64,16,32,33,21,5,0,19,0,3.9583333333333335,0.0,0.0,0.0
64,16,32,33,22,2,0,16,0,1.7777777777777777,0.0,0.0,0.0
64,16,32,33,24,3,0,14,0,2.4705882352941178,0.0,0.0,0.0
64,16,32,33,25,2,0,15,0,1.7647058823529411,0.0,0.0,0.0
64,16,32,33,26,5,0,15,0,3.75,0.0,0.0,0.0
64,16,32,33,27,7,2,20,0,5.185185185185185,0.2857142857142857,0.0,0.2857142857142857
64,16,32,33,28,8,7,26,0,6.117647058823529,0.875,0.0,0.875
64,16,32,33,29,5,2,34,0,4.358974358974359,0.4,0.0,0.4
64,16,40,41,25,1,0,27,0,0.9642857142857143,0.0,0.0,0.0
64,16,40,41,27,1,0,33,0,0.9705882352941176,0.0,0.0,0.0
64,16,40,41,29,1,0,36,0,0.972972972972973,0.0,0.0,0.0
64,16,40,41,31,1,0,38,0,0.9743589743589743,0.0,0.0,0.0
64,16,40,41,33,1,0,39,0,0.975,0.0,0.0,0.0
64,16,40,41,35,3,2,41,0,2.7954545454545454,0.6666666666666666,0.0,0.6666666666666666
64,16,40,41,37,2,1,44,0,1.9130434782608696,0.5,0.0,0.5
64,17,16,17,16,6,3,9,0,3.6,0.5,0.0,0.5
64,17,24,25,22,7,2,9,0,3.9375,0.2857142857142857,0.0,0.2857142857142857
64,17,32,33,2,3,0,5,0,1.875,0.0,0.0,0.0
64,17,32,33,3,2,0,6,0,1.5,0.0,0.0,0.0
64,17,32,33,4,2,0,7,0,1.5555555555555556,0.0,0.0,0.0
64,17,32,33,5,4,0,6,0,2.4,0.0,0.0,0.0
64,17,32,33,6,4,0,4,0,2.0,0.0,0.0,0.0
64,17,32,33,7,3,0,3,0,1.5,0.0,0.0,0.0
64,17,32,33,8,2,0,3,0,1.2,0.0,0.0,0.0
64,17,32,33,9,3,0,3,0,1.5,0.0,0.0,0.0
64,17,32,33,10,2,0,2,0,1.0,0.0,0.0,0.0
64,17,32,33,27,2,2,1,0,0.6666666666666666,1.0,0.0,1.0
64,17,32,33,28,11,9,2,0,1.6923076923076923,0.8181818181818182,0.0,0.8181818181818182
64,17,32,33,29,2,2,11,0,1.6923076923076923,1.0,0.0,1.0
64,17,40,41,9,2,0,19,0,1.8095238095238095,0.0,0.0,0.0
64,17,40,41,12,4,0,12,0,3.0,0.0,0.0,0.0
64,17,40,41,13,3,0,9,0,2.25,0.0,0.0,0.0
64,17,40,41,14,1,0,9,0,0.9,0.0,0.0,0.0
64,17,40,41,16,2,0,9,0,1.6363636363636365,0.0,0.0,0.0
64,17,40,41,17,2,0,8,0,1.6,0.0,0.0,0.0
64,17,40,41,18,2,0,8,0,1.6,0.0,0.0,0.0
64,17,40,41,19,1,0,9,0,0.9,0.0,0.0,0.0
64,17,40,41,20,2,0,9,0,1.6363636363636365,0.0,0.0,0.0
64,17,40,41,21,1,0,10,0,0.9090909090909091,0.0,0.0,0.0
64,17,40,41,22,2,0,10,0,1.6666666666666667,0.0,0.0,0.0
64,17,40,41,23,2,0,10,0,1.6666666666666667,0.0,0.0,0.0
64,17,40,41,24,5,0,7,0,2.9166666666666665,0.0,0.0,0.0
64,17,40,41,25,1,0,7,0,0.875,0.0,0.0,0.0
64,17,40,41,26,1,0,7,0,0.875,0.0,0.0,0.0
64,17,40,41,27,2,0,6,0,1.5,0.0,0.0,0.0
64,17,40,41,34,1,1,1,0,0.5,1.0,0.0,1.0
64,17,40,41,35,4,3,1,0,0.8,0.75,0.0,0.75
64,17,48,49,31,2,0,7,0,1.5555555555555556,0.0,0.0,0.0
64,17,48,49,32,1,0,5,0,0.8333333333333334,0.0,0.0,0.0
64,17,48,49,34,3,0,1,0,0.75,0.0,0.0,0.0
64,18,16,17,16,7,2,13,0,4.55,0.2857142857142857,0.0,0.2857142857142857
64,18,24,25,21,13,10,2,0,1.7333333333333334,0.7692307692307693,0.0,0.7692307692307693
64,18,24,25,22,11,5,14,0,6.16,0.45454545454545453,0.0,0.45454545454545453
64,18,32,33,1,1,0,3,0,0.75,0.0,0.0,0.0
64,18,32,33,2,1,0,6,0,0.8571428571428571,0.0,0.0,0.0
64,18,32,33,3,5,0,5,0,2.5,0.0,0.0,0.0
64,18,32,33,5,3,0,7,0,2.1,0.0,0.0,0.0
64,18,32,33,6,1,0,10,0,0.9090909090909091,0.0,0.0,0.0
64,18,32,33,7,6,0,6,0,3.0,0.0,0.0,0.0
64,18,32,33,8,6,0,2,0,1.5,0.0,0.0,0.0
64,18,32,33,11,2,0,2,0,1.0,0.0,0.0,0.0
64,18,32,33,12,2,0,3,0,1.2,0.0,0.0,0.0
64,18,32,33,13,2,0,4,0,1.3333333333333333,0.0,0.0,0.0
64,18,32,33,14,2,0,4,0,1.3333333333333333,0.0,0.0,0.0
64,18,32,33,16,3,0,4,0,1.7142857142857142,0.0,0.0,0.0
64,18,32,33,17,2,0,4,0,1.3333333333333333,0.0,0.0,0.0
64,18,32,33,18,2,0,5,0,1.4285714285714286,0.0,0.0,0.0
64,18,32,33,19,2,0,6,0,1.5,0.0,0.0,0.0
64,18,32,33,20,2,0,7,0,1.5555555555555556,0.0,0.0,0.0
64,18,32,33,22,1,0,9,0,0.9,0.0,0.0,0.0
64,18,32,33,24,1,0,10,0,0.9090909090909091,0.0,0.0,0.0
64,18,32,33,25,1,0,11,0,0.9166666666666666,0.0,0.0,0.0
64,18,32,33,26,2,1,11,0,1.6923076923076923,0.5,0.0,0.5
64,18,32,33,27,4,3,13,0,3.0588235294117645,0.75,0.0,0.75
64,18,32,33,28,13,5,17,1,7.366666666666666,0.38461538461538464,0.058823529411764705,0.3257918552036199
64,18,32,33,29,3,0,32,0,2.742857142857143,0.0,0.0,0.0
64,18,32,33,30,4,0,32,0,3.5555555555555554,0.0,0.0,0.0
64,18,32,33,32,2,0,32,0,1.8823529411764706,0.0,0.0,0.0
64,18,40,41,13,2,0,20,0,1.8181818181818181,0.0,0.0,0.0
64,18,40,41,14,3,0,17,0,2.55,0.0,0.0,0.0
64,18,40,41,15,2,0,16,0,1.7777777777777777,0.0,0.0,0.0
64,18,40,41,16,1,0,17,0,0.9444444444444444,0.0,0.0,0.0
64,18,40,41,17,2,0,16,0,1.7777777777777777,0.0,0.0,0.0
64,18,40,41,19,5,0,15,0,3.75,0.0,0.0,0.0
64,18,40,41,21,1,0,18,0,0.9473684210526315,0.0,0.0,0.0
64,18,40,41,23,1,0,19,0,0.95,0.0,0.0,0.0
64,18,40,41,24,1,0,19,0,0.95,0.0,0.0,0.0
64,18,40,41,25,1,0,20,0,0.9523809523809523,0.0,0.0,0.0
64,18,40,41,26,1,0,20,0,0.9523809523809523,0.0,0.0,0.0
64,18,40,41,27,5,0,18,0,3.9130434782608696,0.0,0.0,0.0
64,18,40,41,34,2,0,20,0,1.8181818181818181,0.0,0.0,0.0
64,18,40,41,35,11,11,22,0,7.333333333333333,1.0,0.0,1.0
64,18,48,49,25,4,0,23,0,3.4074074074074074,0.0,0.0,0.0
64,18,48,49,38,1,1,17,0,0.9444444444444444,1.0,0.0,1.0
64,18,48,49,39,1,1,16,0,0.9411764705882353,1.0,0.0,1.0
64,18,48,49,40,1,1,14,0,0.9333333333333333,1.0,0.0,1.0
64,18,48,49,41,12,11,11,0,5.739130434782608,0.9166666666666666,0.0,0.9166666666666666
64,18,56,57,31,3,0,32,0,2.742857142857143,0.0,0.0,0.0
64,18,56,57,32,3,0,28,0,2.7096774193548385,0.0,0.0,0.0
64,18,56,57,33,5,0,22,0,4.074074074074074,0.0,0.0,0.0
64,18,56,57,45,3,0,4,0,1.7142857142857142,0.0,0.0,0.0
64,18,56,57,46,1,0,5,0,0.8333333333333334,0.0,0.0,0.0
64,18,56,57,47,1,0,5,0,0.8333333333333334,0.0,0.0,0.0
64,18,56,57,48,1,0,4,0,0.8,0.0,0.0,0.0
64,18,64,65,37,3,0,30,0,2.727272727272727,0.0,0.0,0.0
64,18,64,65,38,2,0,28,0,1.8666666666666667,0.0,0.0,0.0
64,18,64,65,39,9,0,19,0,6.107142857142857,0.0,0.0,0.0
64,18,64,65,40,4,0,14,0,3.111111111111111,0.0,0.0,0.0
64,18,64,65,46,2,2,3,0,1.2,1.0,0.0,1.0
64,18,64,65,47,2,0,3,0,1.2,0.0,0.0,0.0
64,18,64,65,48,1,0,2,0,0.6666666666666666,0.0,0.0,0.0
64,18,72,73,44,4,0,8,0,2.6666666666666665,0.0,0.0,0.0
64,18,72,73,45,1,0,6,0,0.8571428571428571,0.0,0.0,0.0
64,18,72,73,46,1,0,4,0,0.8,0.0,0.0,0.0
64,18,72,73,47,1,0,3,0,0.75,0.0,0.0,0.0
64,18,80,81,46,3,1,5,0,1.875,0.3333333333333333,0.0,0.3333333333333333
64,18,80,81,48,3,0,2,0,1.2,0.0,0.0,0.0
64,19,16,17,16,5,4,9,0,3.2142857142857144,0.8,0.0,0.8
64,19,24,25,22,7,0,7,0,3.5,0.0,0.0,0.0
64,19,32,33,8,1,0,1,0,0.5,0.0,0.0,0.0
64,19,32,33,9,2,0,1,0,0.6666666666666666,0.0,0.0,0.0
64,19,32,33,24,2,0,1,0,0.6666666666666666,0.0,0.0,0.0
64,19,32,33,25,5,0,2,0,1.4285714285714286,0.0,0.0,0.0
64,19,32,33,26,2,0,6,0,1.5,0.0,0.0,0.0
64,19,32,33,27,3,1,7,0,2.1,0.3333333333333333,0.0,0.3333333333333333
64,19,32,33,28,1,0,9,0,0.9,0.0,0.0,0.0
64,19,40,41,1,1,0,3,0,0.75,0.0,0.0,0.0
64,19,40,41,2,2,0,5,0,1.4285714285714286,0.0,0.0,0.0
64,19,40,41,3,4,0,5,0,2.2222222222222223,0.0,0.0,0.0
64,19,40,41,5,1,0,7,0,0.875,0.0,0.0,0.0
64,19,40,41,7,1,0,8,0,0.8888888888888888,0.0,0.0,0.0
64,19,40,41,9,1,0,8,0,0.8888888888888888,0.0,0.0,0.0
64,19,40,41,11,2,0,5,0,1.4285714285714286,0.0,0.0,0.0
64,19,40,41,12,2,0,4,0,1.3333333333333333,0.0,0.0,0.0
64,19,40,41,13,1,0,4,0,0.8,0.0,0.0,0.0
64,19,40,41,14,3,0,4,0,1.7142857142857142,0.0,0.0,0.0
64,19,40,41,15,3,0,4,0,1.7142857142857142,0.0,0.0,0.0
64,19,40,41,16,2,0,5,0,1.4285714285714286,0.0,0.0,0.0
64,19,40,41,17,1,0,6,0,0.8571428571428571,0.0,0.0,0.0
64,19,40,41,18,3,0,6,0,2.0,0.0,0.0,0.0
64,19,40,41,20,1,0,11,0,0.9166666666666666,0.0,0.0,0.0
64,19,40,41,22,1,0,13,0,0.9285714285714286,0.0,0.0,0.0
64,19,40,41,24,1,0,14,0,0.9333333333333333,0.0,0.0,0.0
64,19,48,49,8,3,0,17,0,2.55,0.0,0.0,0.0
64,19,48,49,9,2,0,15,0,1.7647058823529411,0.0,0.0,0.0
64,19,48,49,10,4,0,11,0,2.933333333333333,0.0,0.0,0.0
64,19,48,49,12,1,0,10,0,0.9090909090909091,0.0,0.0,0.0
64,19,56,57,13,2,0,15,0,1.7647058823529411,0.0,0.0,0.0
64,19,56,57,14,1,0,14,0,0.9333333333333333,0.0,0.0,0.0
64,19,56,57,15,2,0,12,0,1.7142857142857142,0.0,0.0,0.0
64,20,16,17,16,3,2,3,0,1.5,0.6666666666666666,0.0,0.6666666666666666
64,20,24,25,22,4,2,9,0,2.769230769230769,0.5,0.0,0.5
64,20,32,33,2,2,0,1,0,0.6666666666666666,0.0,0.0,0.0
64,20,32,33,3,1,0,3,0,0.75,0.0,0.0,0.0
64,20,32,33,4,2,0,4,0,1.3333333333333333,0.0,0.0,0.0
64,20,32,33,5,1,0,6,0,0.8571428571428571,0.0,0.0,0.0
64,20,32,33,6,2,0,7,0,1.5555555555555556,0.0,0.0,0.0
64,20,32,33,7,4,0,6,0,2.4,0.0,0.0,0.0
64,20,32,33,8,3,0,5,0,1.875,0.0,0.0,0.0
64,20,32,33,9,2,0,4,0,1.3333333333333333,0.0,0.0,0.0
64,20,32,33,10,3,0,2,0,1.2,0.0,0.0,0.0
64,20,32,33,11,3,0,1,0,0.75,0.0,0.0,0.0
64,20,32,33,16,1,0,2,0,0.6666666666666666,0.0,0.0,0.0
64,20,32,33,17,1,0,3,0,0.75,0.0,0.0,0.0
64,20,32,33,18,1,0,4,0,0.8,0.0,0.0,0.0
64,20,32,33,19,1,0,5,0,0.8333333333333334,0.0,0.0,0.0
64,20,32,33,20,1,0,6,0,0.8571428571428571,0.0,0.0,0.0
64,20,32,33,21,1,0,6,0,0.8571428571428571,0.0,0.0,0.0
64,20,32,33,22,1,0,6,0,0.8571428571428571,0.0,0.0,0.0
64,20,32,33,23,1,0,6,0,0.8571428571428571,0.0,0.0,0.0
64,20,32,33,24,2,0,5,0,1.4285714285714286,0.0,0.0,0.0
64,20,32,33,25,1,0,5,0,0.8333333333333334,0.0,0.0,0.0
64,20,32,33,26,3,0,3,0,1.5,0.0,0.0,0.0
64,20,32,33,27,2,0,3,0,1.2,0.0,0.0,0.0
64,20,32,33,28,6,5,5,0,2.727272727272727,0.8333333333333334,0.0,0.8333333333333334
64,20,32,33,29,6,4,10,0,3.75,0.6666666666666666,0.0,0.6666666666666666
64,20,40,41,5,1,0,19,0,0.95,0.0,0.0,0.0
64,20,40,41,7,7,0,19,0,5.115384615384615,0.0,0.0,0.0
64,20,40,41,11,5,0,13,0,3.611111111111111,0.0,0.0,0.0
64,20,40,41,23,1,0,13,0,0.9285714285714286,0.0,0.0,0.0
64,20,40,41,24,1,0,13,0,0.9285714285714286,0.0,0.0,0.0
64,20,40,41,25,1,0,13,0,0.9285714285714286,0.0,0.0,0.0
64,20,40,41,26,1,0,13,0,0.9285714285714286,0.0,0.0,0.0
64,20,40,41,27,1,0,13,0,0.9285714285714286,0.0,0.0,0.0
64,20,40,41,28,1,0,13,0,0.9285714285714286,0.0,0.0,0.0
64,20,40,41,29,1,0,13,0,0.9285714285714286,0.0,0.0,0.0
64,20,40,41,30,1,0,12,0,0.9230769230769231,0.0,0.0,0.0
64,20,40,41,31,2,0,10,0,1.6666666666666667,0.0,0.0,0.0
64,20,40,41,32,2,0,7,0,1.5555555555555556,0.0,0.0,0.0
64,20,40,41,33,5,0,5,0,2.5,0.0,0.0,0.0
64,20,40,41,35,5,4,7,0,2.9166666666666665,0.8,0.0,0.8
64,21,16,17,16,9,4,17,0,5.884615384615385,0.4444444444444444,0.0,0.4444444444444444
64,21,24,25,22,12,5,16,0,6.857142857142857,0.4166666666666667,0.0,0.4166666666666667
64,21,24,25,23,1,0,28,0,0.9655172413793104,0.0,0.0,0.0
64,21,32,33,3,2,0,1,0,0.6666666666666666,0.0,0.0,0.0
64,21,32,33,4,1,0,3,0,0.75,0.0,0.0,0.0
64,21,32,33,5,1,0,4,0,0.8,0.0,0.0,0.0
64,21,32,33,6,3,0,4,0,1.7142857142857142,0.0,0.0,0.0
64,21,32,33,7,1,0,7,0,0.875,0.0,0.0,0.0
64,21,32,33,8,1,0,8,0,0.8888888888888888,0.0,0.0,0.0
64,21,32,33,10,1,0,9,0,0.9,0.0,0.0,0.0
64,21,32,33,11,2,0,8,0,1.6,0.0,0.0,0.0
64,21,32,33,12,1,0,8,0,0.8888888888888888,0.0,0.0,0.0
64,21,32,33,14,1,0,7,0,0.875,0.0,0.0,0.0
64,21,32,33,15,3,0,5,0,1.875,0.0,0.0,0.0
64,21,32,33,16,5,0,1,0,0.8333333333333334,0.0,0.0,0.0
64,21,32,33,20,1,0,8,0,0.8888888888888888,0.0,0.0,0.0
64,21,32,33,22,1,0,9,0,0.9,0.0,0.0,0.0
64,21,32,33,24,1,0,10,0,0.9090909090909091,0.0,0.0,0.0
64,21,32,33,25,1,0,10,0,0.9090909090909091,0.0,0.0,0.0
64,21,32,33,26,3,0,8,0,2.1818181818181817,0.0,0.0,0.0
64,21,32,33,27,2,2,9,0,1.6363636363636365,1.0,0.0,1.0
64,21,32,33,28,11,7,9,0,4.95,0.6363636363636364,0.0,0.6363636363636364
64,21,32,33,29,1,0,18,1,0.9473684210526315,0.0,0.05555555555555555,-0.05555555555555555
64,21,40,41,10,2,0,18,0,1.8,0.0,0.0,0.0
64,21,40,41,11,5,0,16,0,3.8095238095238093,0.0,0.0,0.0
64,21,40,41,12,3,0,13,0,2.4375,0.0,0.0,0.0
64,21,40,41,13,2,0,11,0,1.6923076923076923,0.0,0.0,0.0
64,21,40,41,23,2,0,12,0,1.7142857142857142,0.0,0.0,0.0
64,21,48,49,15,1,0,26,0,0.9629629629629629,0.0,0.0,0.0
64,21,48,49,16,1,0,24,0,0.96,0.0,0.0,0.0
64,21,48,49,17,11,0,14,0,6.16,0.0,0.0,0.0
64,21,48,49,18,4,0,13,0,3.0588235294117645,0.0,0.0,0.0
64,21,48,49,19,3,0,13,0,2.4375,0.0,0.0,0.0
64,21,56,57,24,5,0,23,0,4.107142857142857,0.0,0.0,0.0
64,21,56,57,25,4,0,18,0,3.272727272727273,0.0,0.0,0.0
64,21,56,57,26,4,0,15,0,3.1578947368421053,0.0,0.0,0.0
64,22,16,17,16,7,2,5,0,2.9166666666666665,0.2857142857142857,0.0,0.2857142857142857
64,22,24,25,21,14,12,3,0,2.4705882352941178,0.8571428571428571,0.0,0.8571428571428571
64,22,24,25,22,6,2,21,0,4.666666666666667,0.3333333333333333,0.0,0.3333333333333333
64,22,32,33,4,1,0,2,0,0.6666666666666666,0.0,0.0,0.0
64,22,32,33,5,2,0,3,0,1.2,0.0,0.0,0.0
64,22,32,33,6,1,0,4,0,0.8,0.0,0.0,0.0
64,22,32,33,7,2,0,4,0,1.3333333333333333,0.0,0.0,0.0
64,22,32,33,8,2,0,5,0,1.4285714285714286,0.0,0.0,0.0
64,22,32,33,9,2,0,5,0,1.4285714285714286,0.0,0.0,0.0
64,22,32,33,10,2,0,4,0,1.3333333333333333,0.0,0.0,0.0
64,22,32,33,11,1,0,4,0,0.8,0.0,0.0,0.0
64,22,32,33,12,2,0,3,0,1.2,0.0,0.0,0.0
64,22,32,33,13,1,0,3,0,0.75,0.0,0.0,0.0
64,22,32,33,14,2,0,2,0,1.0,0.0,0.0,0.0
64,22,32,33,18,1,0,3,0,0.75,0.0,0.0,0.0
64,22,32,33,19,5,0,5,0,2.5,0.0,0.0,0.0
64,22,32,33,20,1,0,11,0,0.9166666666666666,0.0,0.0,0.0
64,22,32,33,21,5,0,12,0,3.5294117647058822,0.0,0.0,0.0
64,22,32,33,22,10,0,14,0,5.833333333333333,0.0,0.0,0.0
64,22,32,33,23,4,0,17,0,3.238095238095238,0.0,0.0,0.0
64,22,32,33,24,3,0,19,0,2.590909090909091,0.0,0.0,0.0
64,22,32,33,25,4,0,20,0,3.3333333333333335,0.0,0.0,0.0
64,22,32,33,26,7,3,21,0,5.25,0.42857142857142855,0.0,0.42857142857142855
64,22,32,33,27,4,1,26,1,3.466666666666667,0.25,0.038461538461538464,0.21153846153846154
64,22,32,33,28,9,6,28,0,6.8108108108108105,0.6666666666666666,0.0,0.6666666666666666
64,22,32,33,29,8,3,35,1,6.511627906976744,0.375,0.02857142857142857,0.3464285714285714
64,22,32,33,32,2,0,39,0,1.9024390243902438,0.0,0.0,0.0
64,22,32,33,34,2,0,37,0,1.8974358974358974,0.0,0.0,0.0
64,22,40,41,4,4,0,11,0,2.933333333333333,0.0,0.0,0.0
64,22,40,41,6,1,0,14,0,0.9333333333333333,0.0,0.0,0.0
64,22,40,41,8,1,0,16,0,0.9411764705882353,0.0,0.0,0.0
64,22,40,41,9,2,0,15,0,1.7647058823529411,0.0,0.0,0.0
64,22,40,41,10,2,0,14,0,1.75,0.0,0.0,0.0
64,22,40,41,13,1,0,12,0,0.9230769230769231,0.0,0.0,0.0
64,22,40,41,28,1,0,42,0,0.9767441860465116,0.0,0.0,0.0
64,22,40,41,30,3,0,39,0,2.7857142857142856,0.0,0.0,0.0
64,22,40,41,31,1,0,38,0,0.9743589743589743,0.0,0.0,0.0
64,22,40,41,32,2,0,37,0,1.8974358974358974,0.0,0.0,0.0
64,22,40,41,33,1,0,38,0,0.9743589743589743,0.0,0.0,0.0
64,22,40,41,34,1,0,37,0,0.9736842105263158,0.0,0.0,0.0
64,22,40,41,35,3,0,35,0,2.763157894736842,0.0,0.0,0.0
64,22,40,41,37,1,1,36,0,0.972972972972973,1.0,0.0,1.0
64,23,16,17,16,6,3,2,0,1.5,0.5,0.0,0.5
64,23,24,25,22,4,0,8,0,2.6666666666666665,0.0,0.0,0.0
64,23,24,25,23,1,0,13,0,0.9285714285714286,0.0,0.0,0.0
64,23,32,33,1,1,0,2,0,0.6666666666666666,0.0,0.0,0.0
64,23,32,33,2,1,0,3,0,0.75,0.0,0.0,0.0
64,23,32,33,3,1,0,4,0,0.8,0.0,0.0,0.0
64,23,32,33,4,1,0,5,0,0.8333333333333334,0.0,0.0,0.0
64,23,32,33,5,1,0,6,0,0.8571428571428571,0.0,0.0,0.0
64,23,32,33,6,1,0,7,0,0.875,0.0,0.0,0.0
64,23,32,33,7,1,0,8,0,0.8888888888888888,0.0,0.0,0.0
64,23,32,33,8,1,0,8,0,0.8888888888888888,0.0,0.0,0.0
64,23,32,33,10,1,0,9,0,0.9,0.0,0.0,0.0
64,23,32,33,11,1,0,10,0,0.9090909090909091,0.0,0.0,0.0
64,23,32,33,12,3,0,8,0,2.1818181818181817,0.0,0.0,0.0
64,23,32,33,13,3,0,6,0,2.0,0.0,0.0,0.0
64,23,32,33,15,2,0,5,0,1.4285714285714286,0.0,0.0,0.0
64,23,32,33,17,1,0,4,0,0.8,0.0,0.0,0.0
64,23,32,33,19,3,0,3,0,1.5,0.0,0.0,0.0
64,23,32,33,20,1,0,5,0,0.8333333333333334,0.0,0.0,0.0
64,23,32,33,21,4,0,3,0,1.7142857142857142,0.0,0.0,0.0
64,23,32,33,22,1,0,6,0,0.8571428571428571,0.0,0.0,0.0
64,23,32,33,23,1,0,7,0,0.875,0.0,0.0,0.0
64,23,32,33,24,2,0,9,0,1.6363636363636365,0.0,0.0,0.0
64,23,32,33,26,2,0,13,0,1.7333333333333334,0.0,0.0,0.0
64,23,32,33,28,3,2,17,0,2.55,0.6666666666666666,0.0,0.6666666666666666
64,23,32,33,29,1,0,21,0,0.9545454545454546,0.0,0.0,0.0
64,23,40,41,9,1,0,12,0,0.9230769230769231,0.0,0.0,0.0
64,23,40,41,11,1,0,13,0,0.9285714285714286,0.0,0.0,0.0
64,23,40,41,23,1,0,13,0,0.9285714285714286,0.0,0.0,0.0
64,23,40,41,25,1,0,17,0,0.9444444444444444,0.0,0.0,0.0
64,24,8,9,9,28,28,1,0,0.9655172413793104,1.0,0.0,1.0
64,24,16,17,16,14,3,20,0,8.235294117647058,0.21428571428571427,0.0,0.21428571428571427
64,24,24,25,22,15,8,19,0,8.382352941176471,0.5333333333333333,0.0,0.5333333333333333
64,24,32,33,1,1,0,3,0,0.75,0.0,0.0,0.0
64,24,32,33,2,2,0,5,0,1.4285714285714286,0.0,0.0,0.0
64,24,32,33,3,4,0,5,0,2.2222222222222223,0.0,0.0,0.0
64,24,32,33,4,2,0,5,0,1.4285714285714286,0.0,0.0,0.0
64,24,32,33,5,1,0,7,0,0.875,0.0,0.0,0.0
64,24,32,33,6,2,0,10,0,1.6666666666666667,0.0,0.0,0.0
64,24,32,33,8,4,0,14,0,3.111111111111111,0.0,0.0,0.0
64,24,32,33,9,2,0,17,0,1.7894736842105263,0.0,0.0,0.0
64,24,32,33,10,4,0,17,0,3.238095238095238,0.0,0.0,0.0
64,24,32,33,11,5,0,15,0,3.75,0.0,0.0,0.0
64,24,32,33,12,2,0,16,0,1.7777777777777777,0.0,0.0,0.0
64,24,32,33,13,5,0,15,0,3.75,0.0,0.0,0.0
64,24,32,33,14,5,0,11,0,3.4375,0.0,0.0,0.0
64,24,32,33,15,2,0,13,0,1.7333333333333334,0.0,0.0,0.0
64,24,32,33,16,4,0,13,0,3.0588235294117645,0.0,0.0,0.0
64,24,32,33,17,10,0,7,0,4.117647058823529,0.0,0.0,0.0
64,24,32,33,18,1,0,8,0,0.8888888888888888,0.0,0.0,0.0
64,24,32,33,19,1,0,10,0,0.9090909090909091,0.0,0.0,0.0
64,24,32,33,20,3,0,11,0,2.357142857142857,0.0,0.0,0.0
64,24,32,33,21,3,0,13,0,2.4375,0.0,0.0,0.0
64,24,32,33,22,1,0,16,0,0.9411764705882353,0.0,0.0,0.0
64,24,32,33,23,4,0,14,0,3.111111111111111,0.0,0.0,0.0
64,24,32,33,24,4,0,12,0,3.0,0.0,0.0,0.0
64,24,32,33,25,4,0,10,0,2.857142857142857,0.0,0.0,0.0
64,24,32,33,26,6,0,5,0,2.727272727272727,0.0,0.0,0.0
64,24,32,33,27,2,1,6,0,1.5,0.5,0.0,0.5
64,24,32,33,28,20,16,4,2,3.3333333333333335,0.8,0.5,0.30000000000000004
64,24,32,33,29,2,1,21,1,1.826086956521739,0.5,0.047619047619047616,0.4523809523809524
64,24,40,41,9,4,0,25,0,3.4482758620689653,0.0,0.0,0.0
64,24,40,41,11,1,0,29,0,0.9666666666666667,0.0,0.0,0.0
64,24,40,41,14,1,0,29,0,0.9666666666666667,0.0,0.0,0.0
64,24,40,41,15,1,0,31,0,0.96875,0.0,0.0,0.0
64,24,40,41,17,1,0,34,0,0.9714285714285714,0.0,0.0,0.0
64,24,40,41,20,1,0,35,0,0.9722222222222222,0.0,0.0,0.0
64,24,40,41,22,1,0,32,0,0.9696969696969697,0.0,0.0,0.0
64,24,40,41,24,6,0,25,0,4.838709677419355,0.0,0.0,0.0
64,24,40,41,26,1,0,25,0,0.9615384615384616,0.0,0.0,0.0
64,24,40,41,28,1,0,24,0,0.96,0.0,0.0,0.0
64,24,40,41,29,1,0,20,0,0.9523809523809523,0.0,0.0,0.0
64,24,40,41,30,4,0,14,0,3.111111111111111,0.0,0.0,0.0
64,24,40,41,32,2,0,8,0,1.6,0.0,0.0,0.0
64,24,40,41,33,1,0,5,0,0.8333333333333334,0.0,0.0,0.0
64,24,40,41,34,2,2,4,0,1.3333333333333333,1.0,0.0,1.0
64,24,40,41,35,4,2,3,0,1.7142857142857142,0.5,0.0,0.5
64,25,16,17,16,9,1,3,0,2.25,0.1111111111111111,0.0,0.1111111111111111
64,25,16,17,17,2,0,11,0,1.6923076923076923,0.0,0.0,0.0
64,25,24,25,21,4,3,4,0,2.0,0.75,0.0,0.75
64,25,24,25,22,6,3,8,0,3.4285714285714284,0.5,0.0,0.5
64,25,32,33,4,1,0,1,0,0.5,0.0,0.0,0.0
64,25,32,33,5,1,0,2,0,0.6666666666666666,0.0,0.0,0.0
64,25,32,33,6,1,0,3,0,0.75,0.0,0.0,0.0
64,25,32,33,7,1,0,4,0,0.8,0.0,0.0,0.0
64,25,32,33,9,2,0,4,0,1.3333333333333333,0.0,0.0,0.0
64,25,32,33,10,1,0,4,0,0.8,0.0,0.0,0.0
64,25,32,33,11,2,0,3,0,1.2,0.0,0.0,0.0
64,25,32,33,12,2,0,2,0,1.0,0.0,0.0,0.0
64,25,32,33,13,1,0,2,0,0.6666666666666666,0.0,0.0,0.0
64,25,32,33,25,1,0,9,0,0.9,0.0,0.0,0.0
64,25,32,33,26,1,1,10,0,0.9090909090909091,1.0,0.0,1.0
64,25,32,33,27,2,1,10,0,1.6666666666666667,0.5,0.0,0.5
64,25,40,41,7,1,0,8,0,0.8888888888888888,0.0,0.0,0.0
64,25,40,41,8,1,0,8,0,0.8888888888888888,0.0,0.0,0.0
64,25,40,41,9,1,0,8,0,0.8888888888888888,0.0,0.0,0.0
64,25,40,41,10,1,0,9,0,0.9,0.0,0.0,0.0
64,25,40,41,12,1,0,10,0,0.9090909090909091,0.0,0.0,0.0
64,25,40,41,14,1,0,11,0,0.9166666666666666,0.0,0.0,0.0
64,25,40,41,15,1,0,10,0,0.9090909090909091,0.0,0.0,0.0
64,25,40,41,16,1,0,9,0,0.9,0.0,0.0,0.0
64,25,40,41,17,1,0,9,0,0.9,0.0,0.0,0.0
64,25,40,41,18,1,0,8,0,0.8888888888888888,0.0,0.0,0.0
64,25,40,41,19,1,0,9,0,0.9,0.0,0.0,0.0
64,25,40,41,20,1,0,10,0,0.9090909090909091,0.0,0.0,0.0
64,25,40,41,21,1,0,10,0,0.9090909090909091,0.0,0.0,0.0
64,25,40,41,22,4,0,7,0,2.5454545454545454,0.0,0.0,0.0
64,25,48,49,14,2,0,14,0,1.75,0.0,0.0,0.0
64,26,16,17,16,7,3,1,0,0.875,0.42857142857142855,0.0,0.42857142857142855
64,26,16,17,17,2,0,6,0,1.5,0.0,0.0,0.0
64,26,24,25,22,5,2,5,0,2.5,0.4,0.0,0.4
64,26,32,33,5,1,0,1,0,0.5,0.0,0.0,0.0
64,26,32,33,6,1,0,2,0,0.6666666666666666,0.0,0.0,0.0
64,26,32,33,7,1,0,3,0,0.75,0.0,0.0,0.0
64,26,32,33,8,2,0,4,0,1.3333333333333333,0.0,0.0,0.0
64,26,32,33,10,2,0,6,0,1.5,0.0,0.0,0.0
64,26,32,33,12,2,0,8,0,1.6,0.0,0.0,0.0
64,26,32,33,13,1,0,10,0,0.9090909090909091,0.0,0.0,0.0
64,26,32,33,14,1,0,9,0,0.9,0.0,0.0,0.0
64,26,32,33,16,3,0,4,0,1.7142857142857142,0.0,0.0,0.0
64,26,32,33,17,3,0,2,0,1.2,0.0,0.0,0.0
64,26,32,33,23,1,0,2,0,0.6666666666666666,0.0,0.0,0.0
64,26,32,33,24,1,0,3,0,0.75,0.0,0.0,0.0
64,26,32,33,25,1,0,4,0,0.8,0.0,0.0,0.0
64,26,32,33,27,4,2,5,0,2.2222222222222223,0.5,0.0,0.5
64,26,32,33,28,13,12,9,0,5.318181818181818,0.9230769230769231,0.0,0.9230769230769231
64,26,40,41,3,3,0,8,0,2.1818181818181817,0.0,0.0,0.0
64,26,40,41,5,4,0,8,0,2.6666666666666665,0.0,0.0,0.0
64,26,40,41,7,1,0,10,0,0.9090909090909091,0.0,0.0,0.0
64,26,40,41,9,1,0,11,0,0.9166666666666666,0.0,0.0,0.0
64,26,40,41,11,1,0,12,0,0.9230769230769231,0.0,0.0,0.0
64,26,40,41,13,1,0,13,0,0.9285714285714286,0.0,0.0,0.0
64,26,40,41,22,1,0,9,0,0.9,0.0,0.0,0.0
64,26,40,41,23,1,0,10,0,0.9090909090909091,0.0,0.0,0.0
64,26,40,41,24,2,0,10,0,1.6666666666666667,0.0,0.0,0.0
64,26,40,41,25,4,0,8,0,2.6666666666666665,0.0,0.0,0.0
64,26,40,41,26,1,0,8,0,0.8888888888888888,0.0,0.0,0.0
64,26,40,41,28,1,0,9,0,0.9,0.0,0.0,0.0
64,26,40,41,30,1,0,10,0,0.9090909090909091,0.0,0.0,0.0
64,26,40,41,32,1,0,11,0,0.9166666666666666,0.0,0.0,0.0
64,26,40,41,33,1,1,11,0,0.9166666666666666,1.0,0.0,1.0
64,26,40,41,34,5,4,10,1,3.3333333333333335,0.8,0.1,0.7000000000000001
64,26,40,41,35,14,8,10,1,5.833333333333333,0.5714285714285714,0.1,0.4714285714285714
64,26,48,49,28,1,0,21,0,0.9545454545454546,0.0,0.0,0.0
64,26,48,49,29,1,0,22,0,0.9565217391304348,0.0,0.0,0.0
64,26,48,49,30,1,0,23,0,0.9583333333333334,0.0,0.0,0.0
64,26,48,49,31,12,0,13,0,6.24,0.0,0.0,0.0
64,26,48,49,33,1,0,13,0,0.9285714285714286,0.0,0.0,0.0
64,26,48,49,34,1,0,12,0,0.9230769230769231,0.0,0.0,0.0
64,26,48,49,40,2,2,6,0,1.5,1.0,0.0,1.0
64,26,48,49,41,5,3,6,0,2.727272727272727,0.6,0.0,0.6
64,26,48,49,42,1,1,9,0,0.9,1.0,0.0,1.0
64,26,56,57,37,4,0,16,0,3.2,0.0,0.0,0.0
64,26,56,57,38,5,0,10,0,3.3333333333333335,0.0,0.0,0.0
64,26,56,57,39,2,0,7,0,1.5555555555555556,0.0,0.0,0.0
64,26,56,57,43,1,0,3,0,0.75,0.0,0.0,0.0
64,26,56,57,44,2,1,2,0,1.0,0.5,0.0,0.5
64,26,56,57,45,1,0,1,0,0.5,0.0,0.0,0.0
64,26,64,65,41,3,0,9,0,2.25,0.0,0.0,0.0
64,26,64,65,42,2,0,6,0,1.5,0.0,0.0,0.0
64,26,64,65,44,2,0,2,0,1.0,0.0,0.0,0.0
64,27,8,9,10,1,0,14,0,0.9333333333333333,0.0,0.0,0.0
64,27,16,17,16,7,2,4,0,2.5454545454545454,0.2857142857142857,0.0,0.2857142857142857
64,27,24,25,21,2,1,4,0,1.3333333333333333,0.5,0.0,0.5
64,27,24,25,22,8,6,8,0,4.0,0.75,0.0,0.75
64,27,32,33,22,1,0,5,0,0.8333333333333334,0.0,0.0,0.0
64,27,32,33,23,2,0,6,0,1.5,0.0,0.0,0.0
64,27,32,33,24,2,0,8,0,1.6,0.0,0.0,0.0
64,27,32,33,25,2,0,10,0,1.6666666666666667,0.0,0.0,0.0
64,27,32,33,26,4,2,11,0,2.933333333333333,0.5,0.0,0.5
64,27,32,33,27,3,1,13,0,2.4375,0.3333333333333333,0.0,0.3333333333333333
64,27,32,33,28,6,4,15,0,4.285714285714286,0.6666666666666666,0.0,0.6666666666666666
64,27,32,33,29,5,2,21,0,4.038461538461538,0.4,0.0,0.4
64,27,32,33,30,2,0,26,0,1.8571428571428572,0.0,0.0,0.0
64,27,40,41,24,1,0,15,0,0.9375,0.0,0.0,0.0
64,27,40,41,26,1,0,18,0,0.9473684210526315,0.0,0.0,0.0
64,27,40,41,28,1,0,21,0,0.9545454545454546,0.0,0.0,0.0
64,27,40,41,30,2,0,24,0,1.8461538461538463,0.0,0.0,0.0
64,27,40,41,32,2,0,29,0,1.8709677419354838,0.0,0.0,0.0
64,27,40,41,34,1,0,33,0,0.9705882352941176,0.0,0.0,0.0
64,27,48,49,8,1,0,2,0,0.6666666666666666,0.0,0.0,0.0
64,27,48,49,10,1,0,1,0,0.5,0.0,0.0,0.0
64,27,48,49,11,2,0,1,0,0.6666666666666666,0.0,0.0,0.0
64,27,48,49,12,1,0,2,0,0.6666666666666666,0.0,0.0,0.0
64,27,56,57,2,2,0,3,0,1.2,0.0,0.0,0.0
64,27,56,57,3,2,0,5,0,1.4285714285714286,0.0,0.0,0.0
64,27,56,57,5,1,0,5,0,0.8333333333333334,0.0,0.0,0.0
64,27,56,57,7,1,0,6,0,0.8571428571428571,0.0,0.0,0.0
64,27,56,57,9,1,0,7,0,0.875,0.0,0.0,0.0
64,27,56,57,10,1,0,7,0,0.875,0.0,0.0,0.0
64,27,56,57,11,1,0,7,0,0.875,0.0,0.0,0.0
64,27,56,57,13,1,0,7,0,0.875,0.0,0.0,0.0
64,27,56,57,15,1,0,5,0,0.8333333333333334,0.0,0.0,0.0
64,27,56,57,17,1,0,5,0,0.8333333333333334,0.0,0.0,0.0
64,27,56,57,18,1,0,5,0,0.8333333333333334,0.0,0.0,0.0
64,27,56,57,19,1,0,6,0,0.8571428571428571,0.0,0.0,0.0
64,27,56,57,21,1,0,9,0,0.9,0.0,0.0,0.0
64,27,64,65,6,2,0,9,0,1.6363636363636365,0.0,0.0,0.0
64,27,64,65,7,2,0,9,0,1.6363636363636365,0.0,0.0,0.0
64,27,64,65,9,1,0,10,0,0.9090909090909091,0.0,0.0,0.0
64,27,64,65,10,1,0,11,0,0.9166666666666666,0.0,0.0,0.0
64,27,64,65,12,1,0,12,0,0.9230769230769231,0.0,0.0,0.0
64,27,64,65,14,1,0,10,0,0.9090909090909091,0.0,0.0,0.0
64,27,64,65,16,1,0,9,0,0.9,0.0,0.0,0.0
64,27,64,65,17,1,0,10,0,0.9090909090909091,0.0,0.0,0.0
64,27,72,73,10,2,0,13,0,1.7333333333333334,0.0,0.0,0.0
64,27,72,73,11,1,0,14,0,0.9333333333333333,0.0,0.0,0.0
64,27,72,73,12,2,0,14,0,1.75,0.0,0.0,0.0
64,27,72,73,13,1,0,14,0,0.9333333333333333,0.0,0.0,0.0
64,27,72,73,15,1,0,12,0,0.9230769230769231,0.0,0.0,0.0
64,28,16,17,16,11,3,6,1,3.8823529411764706,0.2727272727272727,0.16666666666666666,0.10606060606060605
64,28,24,25,20,3,0,4,0,1.7142857142857142,0.0,0.0,0.0
64,28,24,25,21,1,1,8,0,0.8888888888888888,1.0,0.0,1.0
64,28,24,25,22,4,3,9,0,2.769230769230769,0.75,0.0,0.75
64,28,24,25,23,3,2,14,0,2.4705882352941178,0.6666666666666666,0.0,0.6666666666666666
64,28,32,33,5,1,0,1,0,0.5,0.0,0.0,0.0
64,28,32,33,6,2,0,2,0,1.0,0.0,0.0,0.0
64,28,32,33,8,1,0,4,0,0.8,0.0,0.0,0.0
64,28,32,33,10,1,0,5,0,0.8333333333333334,0.0,0.0,0.0
64,28,32,33,11,1,0,6,0,0.8571428571428571,0.0,0.0,0.0
64,28,32,33,12,1,0,7,0,0.875,0.0,0.0,0.0
64,28,32,33,13,1,0,8,0,0.8888888888888888,0.0,0.0,0.0
64,28,32,33,14,1,0,9,0,0.9,0.0,0.0,0.0
64,28,32,33,15,1,0,7,0,0.875,0.0,0.0,0.0
64,28,32,33,16,1,0,8,0,0.8888888888888888,0.0,0.0,0.0
64,28,32,33,17,3,0,8,0,2.1818181818181817,0.0,0.0,0.0
64,28,32,33,18,1,0,9,0,0.9,0.0,0.0,0.0
64,28,32,33,19,1,0,9,0,0.9,0.0,0.0,0.0
64,28,32,33,20,2,0,9,0,1.6363636363636365,0.0,0.0,0.0
64,28,32,33,21,3,0,7,0,2.1,0.0,0.0,0.0
64,28,32,33,22,3,0,6,0,2.0,0.0,0.0,0.0
64,28,32,33,23,2,0,8,0,1.6,0.0,0.0,0.0
64,28,32,33,25,1,0,12,0,0.9230769230769231,0.0,0.0,0.0
64,28,32,33,26,1,1,17,0,0.9444444444444444,1.0,0.0,1.0
64,28,32,33,27,4,2,22,0,3.3846153846153846,0.5,0.0,0.5
64,28,40,41,7,2,0,8,0,1.6,0.0,0.0,0.0
64,28,40,41,9,2,0,10,0,1.6666666666666667,0.0,0.0,0.0
64,28,40,41,11,1,0,11,0,0.9166666666666666,0.0,0.0,0.0
64,28,40,41,13,1,0,12,0,0.9230769230769231,0.0,0.0,0.0
64,28,40,41,15,1,0,11,0,0.9166666666666666,0.0,0.0,0.0
64,28,40,41,17,1,0,13,0,0.9285714285714286,0.0,0.0,0.0
64,28,40,41,18,1,0,14,0,0.9333333333333333,0.0,0.0,0.0
64,28,40,41,19,1,0,15,0,0.9375,0.0,0.0,0.0
64,28,40,41,27,1,0,27,0,0.9642857142857143,0.0,0.0,0.0
64,28,40,41,29,1,0,33,0,0.9705882352941176,0.0,0.0,0.0
64,28,40,41,38,2,0,37,0,1.8974358974358974,0.0,0.0,0.0
64,28,40,41,40,2,1,30,0,1.875,0.5,0.0,0.5
64,29,24,25,9,3,0,2,0,1.2,0.0,0.0,0.0
64,29,24,25,10,2,0,3,0,1.2,0.0,0.0,0.0
64,29,24,25,12,1,0,3,0,0.75,0.0,0.0,0.0
64,29,24,25,14,1,0,1,0,0.5,0.0,0.0,0.0
64,29,24,25,22,7,2,10,0,4.117647058823529,0.2857142857142857,0.0,0.2857142857142857
64,29,32,33,2,2,0,1,0,0.6666666666666666,0.0,0.0,0.0
64,29,32,33,3,2,0,3,0,1.2,0.0,0.0,0.0
64,29,32,33,4,2,0,5,0,1.4285714285714286,0.0,0.0,0.0
64,29,32,33,6,2,0,7,0,1.5555555555555556,0.0,0.0,0.0
64,29,32,33,8,1,0,9,0,0.9,0.0,0.0,0.0
64,29,32,33,10,1,0,10,0,0.9090909090909091,0.0,0.0,0.0
64,29,32,33,11,1,0,10,0,0.9090909090909091,0.0,0.0,0.0
64,29,32,33,13,1,0,7,0,0.875,0.0,0.0,0.0
64,29,32,33,15,1,0,5,0,0.8333333333333334,0.0,0.0,0.0
64,29,32,33,16,2,0,3,0,1.2,0.0,0.0,0.0
64,29,32,33,17,4,0,1,0,0.8,0.0,0.0,0.0
64,29,32,33,20,2,0,7,0,1.5555555555555556,0.0,0.0,0.0
64,29,32,33,21,1,0,10,0,0.9090909090909091,0.0,0.0,0.0
64,29,32,33,22,1,0,12,0,0.9230769230769231,0.0,0.0,0.0
64,29,32,33,24,2,0,14,0,1.75,0.0,0.0,0.0
64,29,32,33,25,2,0,14,0,1.75,0.0,0.0,0.0
64,29,32,33,26,1,0,15,0,0.9375,0.0,0.0,0.0
64,29,32,33,27,2,0,15,0,1.7647058823529411,0.0,0.0,0.0
64,29,32,33,28,5,5,17,0,3.8636363636363638,1.0,0.0,1.0
64,29,32,33,29,8,0,20,1,5.714285714285714,0.0,0.05,-0.05
64,29,32,33,30,2,0,25,0,1.8518518518518519,0.0,0.0,0.0
64,29,32,33,32,2,0,20,0,1.8181818181818181,0.0,0.0,0.0
64,29,40,41,6,1,0,17,0,0.9444444444444444,0.0,0.0,0.0
64,29,40,41,7,3,0,14,0,2.4705882352941178,0.0,0.0,0.0
64,29,40,41,8,1,0,13,0,0.9285714285714286,0.0,0.0,0.0
64,29,40,41,9,1,0,13,0,0.9285714285714286,0.0,0.0,0.0
64,29,40,41,22,1,0,16,0,0.9411764705882353,0.0,0.0,0.0
64,29,40,41,23,1,0,17,0,0.9444444444444444,0.0,0.0,0.0
64,29,40,41,25,1,0,20,0,0.9523809523809523,0.0,0.0,0.0
64,29,40,41,26,1,0,22,0,0.9565217391304348,0.0,0.0,0.0
64,29,40,41,28,2,0,23,0,1.84,0.0,0.0,0.0
64,29,40,41,30,1,0,23,0,0.9583333333333334,0.0,0.0,0.0
64,29,40,41,32,1,0,19,0,0.95,0.0,0.0,0.0
64,29,40,41,34,1,0,15,0,0.9375,0.0,0.0,0.0
64,29,40,41,35,1,0,15,0,0.9375,0.0,0.0,0.0
64,29,40,41,36,2,0,13,0,1.7333333333333334,0.0,0.0,0.0
64,29,40,41,38,2,0,11,0,1.6923076923076923,0.0,0.0,0.0
64,30,16,17,16,16,4,17,0,8.242424242424242,0.25,0.0,0.25
64,30,24,25,22,27,10,13,0,8.775,0.37037037037037035,0.0,0.37037037037037035
64,30,24,25,23,3,2,38,0,2.7804878048780486,0.6666666666666666,0.0,0.6666666666666666
64,30,32,33,6,2,0,15,0,1.7647058823529411,0.0,0.0,0.0
64,30,32,33,7,2,0,15,0,1.7647058823529411,0.0,0.0,0.0
64,30,32,33,8,3,0,15,0,2.5,0.0,0.0,0.0
64,30,32,33,9,5,0,14,0,3.6842105263157894,0.0,0.0,0.0
64,30,32,33,10,4,0,14,0,3.111111111111111,0.0,0.0,0.0
64,30,32,33,11,3,0,14,0,2.4705882352941178,0.0,0.0,0.0
64,30,32,33,12,7,0,9,0,3.9375,0.0,0.0,0.0
64,30,32,33,13,3,0,9,0,2.25,0.0,0.0,0.0
64,30,32,33,14,8,0,5,0,3.076923076923077,0.0,0.0,0.0
64,30,32,33,15,2,0,7,0,1.5555555555555556,0.0,0.0,0.0
64,30,32,33,16,3,0,8,0,2.1818181818181817,0.0,0.0,0.0
64,30,32,33,17,7,0,7,0,3.5,0.0,0.0,0.0
64,30,32,33,18,7,0,8,0,3.7333333333333334,0.0,0.0,0.0
64,30,32,33,19,3,0,10,0,2.3076923076923075,0.0,0.0,0.0
64,30,32,33,20,3,0,10,0,2.3076923076923075,0.0,0.0,0.0
64,30,32,33,21,1,0,14,0,0.9333333333333333,0.0,0.0,0.0
64,30,32,33,22,5,0,13,0,3.611111111111111,0.0,0.0,0.0
64,30,32,33,23,6,0,12,0,4.0,0.0,0.0,0.0
64,30,32,33,24,2,0,13,0,1.7333333333333334,0.0,0.0,0.0
64,30,32,33,25,5,0,12,0,3.5294117647058822,0.0,0.0,0.0
64,30,32,33,26,6,1,12,0,4.0,0.16666666666666666,0.0,0.16666666666666666
64,30,32,33,27,6,4,15,1,4.285714285714286,0.6666666666666666,0.06666666666666667,0.6
64,30,32,33,28,14,12,21,2,8.4,0.8571428571428571,0.09523809523809523,0.7619047619047619
64,30,32,33,29,11,1,34,0,8.311111111111112,0.09090909090909091,0.0,0.09090909090909091
64,30,40,41,17,2,0,33,0,1.8857142857142857,0.0,0.0,0.0
64,30,40,41,20,2,0,38,0,1.9,0.0,0.0,0.0
64,30,40,41,21,2,0,39,0,1.9024390243902438,0.0,0.0,0.0
64,30,40,41,24,5,0,35,0,4.375,0.0,0.0,0.0
64,30,40,41,25,2,0,35,0,1.8918918918918919,0.0,0.0,0.0
64,30,40,41,26,1,0,35,0,0.9722222222222222,0.0,0.0,0.0
64,30,40,41,28,1,0,39,0,0.975,0.0,0.0,0.0
64,30,40,41,30,6,0,37,0,5.162790697674419,0.0,0.0,0.0
64,30,40,41,32,3,0,36,0,2.769230769230769,0.0,0.0,0.0
64,30,40,41,33,1,0,36,0,0.972972972972973,0.0,0.0,0.0
64,30,40,41,34,2,0,37,0,1.8974358974358974,0.0,0.0,0.0
64,30,40,41,35,5,4,37,0,4.404761904761905,0.8,0.0,0.8
64,31,16,17,16,6,2,3,0,2.0,0.3333333333333333,0.0,0.3333333333333333
64,31,24,25,21,5,5,1,0,0.8333333333333334,1.0,0.0,1.0
64,31,24,25,22,4,3,6,0,2.4,0.75,0.0,0.75
64,31,32,33,11,3,0,5,0,1.875,0.0,0.0,0.0
64,31,32,33,12,1,0,7,0,0.875,0.0,0.0,0.0
64,31,32,33,14,1,0,6,0,0.8571428571428571,0.0,0.0,0.0
64,31,32,33,15,1,0,6,0,0.8571428571428571,0.0,0.0,0.0
64,31,32,33,21,1,0,1,0,0.5,0.0,0.0,0.0
64,31,32,33,26,4,1,6,0,2.4,0.25,0.0,0.25
64,31,32,33,27,4,2,9,0,2.769230769230769,0.5,0.0,0.5
64,31,32,33,28,5,2,11,1,3.4375,0.4,0.09090909090909091,0.3090909090909091
64,31,32,33,29,8,1,14,0,5.090909090909091,0.125,0.0,0.125
64,31,40,41,5,2,0,6,0,1.5,0.0,0.0,0.0
64,31,40,41,7,2,0,10,0,1.6666666666666667,0.0,0.0,0.0
64,31,40,41,8,1,0,13,0,0.9285714285714286,0.0,0.0,0.0
64,31,40,41,9,2,0,14,0,1.75,0.0,0.0,0.0
64,31,40,41,11,2,0,17,0,1.7894736842105263,0.0,0.0,0.0
64,31,40,41,13,3,0,11,0,2.357142857142857,0.0,0.0,0.0
64,31,40,41,15,1,0,7,0,0.875,0.0,0.0,0.0
64,31,40,41,17,1,0,5,0,0.8333333333333334,0.0,0.0,0.0
64,31,40,41,18,4,0,4,0,2.0,0.0,0.0,0.0
64,31,40,41,20,1,0,8,0,0.8888888888888888,0.0,0.0,0.0
64,31,40,41,24,2,0,13,0,1.7333333333333334,0.0,0.0,0.0
64,31,40,41,26,1,0,16,0,0.9411764705882353,0.0,0.0,0.0
64,31,40,41,28,1,0,19,0,0.95,0.0,0.0,0.0
64,31,40,41,30,1,0,21,0,0.9545454545454546,0.0,0.0,0.0
64,31,48,49,3,4,0,8,0,2.6666666666666665,0.0,0.0,0.0
64,31,48,49,4,2,0,11,0,1.6923076923076923,0.0,0.0,0.0
