size,map_index,start_step,end_step,distance,frontier_opportunities,frontier_acquired,nonfrontier_opportunities,nonfrontier_acquired,matched_weight,frontier_rate,nonfrontier_rate,rate_difference
32,0,8,9,8,5,2,1,0,0.8333333333333334,0.4,0.0,0.4
32,0,16,17,10,2,1,2,0,1.0,0.5,0.0,0.5
32,0,24,25,10,1,0,1,0,0.5,0.0,0.0,0.0
32,0,24,25,11,2,0,2,0,1.0,0.0,0.0,0.0
32,0,32,33,11,2,0,1,0,0.6666666666666666,0.0,0.0,0.0
32,0,32,33,12,1,0,2,0,0.6666666666666666,0.0,0.0,0.0
32,0,40,41,10,2,0,1,0,0.6666666666666666,0.0,0.0,0.0
32,0,40,41,11,2,0,1,0,0.6666666666666666,0.0,0.0,0.0
32,0,40,41,12,1,0,2,0,0.6666666666666666,0.0,0.0,0.0
32,0,40,41,13,2,1,3,0,1.2,0.5,0.0,0.5
32,0,40,41,15,2,1,10,0,1.6666666666666667,0.5,0.0,0.5
32,0,48,49,10,1,0,2,0,0.6666666666666666,0.0,0.0,0.0
32,0,48,49,11,1,0,3,0,0.75,0.0,0.0,0.0
32,0,48,49,12,1,0,3,0,0.75,0.0,0.0,0.0
32,0,48,49,15,1,0,7,0,0.875,0.0,0.0,0.0
32,0,48,49,16,2,0,9,0,1.6363636363636365,0.0,0.0,0.0
32,0,48,49,17,3,2,9,0,2.25,0.6666666666666666,0.0,0.6666666666666666
32,0,48,49,18,2,0,10,0,1.6666666666666667,0.0,0.0,0.0
32,0,48,49,19,2,0,14,0,1.75,0.0,0.0,0.0
32,0,56,57,8,2,0,1,0,0.6666666666666666,0.0,0.0,0.0
32,0,56,57,9,2,0,1,0,0.6666666666666666,0.0,0.0,0.0
32,0,56,57,10,1,0,2,0,0.6666666666666666,0.0,0.0,0.0
32,0,56,57,11,1,0,3,0,0.75,0.0,0.0,0.0
32,0,56,57,16,1,0,8,0,0.8888888888888888,0.0,0.0,0.0
32,0,56,57,17,1,0,8,0,0.8888888888888888,0.0,0.0,0.0
32,0,56,57,18,1,0,9,0,0.9,0.0,0.0,0.0
32,0,56,57,19,2,0,12,0,1.7142857142857142,0.0,0.0,0.0
32,0,56,57,20,1,0,15,0,0.9375,0.0,0.0,0.0
32,0,64,65,5,3,0,1,0,0.75,0.0,0.0,0.0
32,0,64,65,6,1,0,4,0,0.8,0.0,0.0,0.0
32,0,64,65,7,5,0,1,0,0.8333333333333334,0.0,0.0,0.0
32,0,64,65,9,3,0,1,0,0.75,0.0,0.0,0.0
32,0,64,65,10,1,0,3,0,0.75,0.0,0.0,0.0
32,0,64,65,11,1,0,3,0,0.75,0.0,0.0,0.0
32,0,64,65,14,2,0,3,0,1.2,0.0,0.0,0.0
32,0,64,65,15,1,0,4,0,0.8,0.0,0.0,0.0
32,0,64,65,16,3,0,3,0,1.5,0.0,0.0,0.0
32,0,64,65,17,2,0,1,0,0.6666666666666666,0.0,0.0,0.0
32,0,64,65,18,1,0,3,0,0.75,0.0,0.0,0.0
32,0,64,65,19,1,0,7,0,0.875,0.0,0.0,0.0
32,0,64,65,20,3,1,9,0,2.25,0.3333333333333333,0.0,0.3333333333333333
32,0,64,65,21,2,0,11,0,1.6923076923076923,0.0,0.0,0.0
32,0,64,65,22,3,1,10,0,2.3076923076923075,0.3333333333333333,0.0,0.3333333333333333
32,0,64,65,23,2,0,9,1,1.6363636363636365,0.0,0.1111111111111111,-0.1111111111111111
32,0,64,65,24,1,0,8,0,0.8888888888888888,0.0,0.0,0.0
32,0,64,65,25,1,0,7,0,0.875,0.0,0.0,0.0
32,0,64,65,29,1,0,3,0,0.75,0.0,0.0,0.0
32,0,72,73,4,3,0,1,0,0.75,0.0,0.0,0.0
32,0,72,73,5,1,0,4,0,0.8,0.0,0.0,0.0
32,0,72,73,6,1,0,5,0,0.8333333333333334,0.0,0.0,0.0
32,0,72,73,7,2,0,4,0,1.3333333333333333,0.0,0.0,0.0
32,0,72,73,8,1,0,4,0,0.8,0.0,0.0,0.0
32,0,72,73,9,2,0,2,0,1.0,0.0,0.0,0.0
32,0,72,73,10,1,0,3,0,0.75,0.0,0.0,0.0
32,0,72,73,11,1,0,3,0,0.75,0.0,0.0,0.0
32,0,72,73,13,3,0,2,0,1.2,0.0,0.0,0.0
32,0,72,73,15,3,0,8,0,2.1818181818181817,0.0,0.0,0.0
32,0,72,73,16,1,0,11,0,0.9166666666666666,0.0,0.0,0.0
32,0,72,73,17,4,0,9,0,2.769230769230769,0.0,0.0,0.0
32,0,72,73,20,2,0,14,0,1.75,0.0,0.0,0.0
32,0,72,73,21,1,0,14,0,0.9333333333333333,0.0,0.0,0.0
32,0,72,73,22,2,0,11,0,1.6923076923076923,0.0,0.0,0.0
32,0,72,73,23,2,0,9,0,1.6363636363636365,0.0,0.0,0.0
32,0,72,73,24,2,0,8,0,1.6,0.0,0.0,0.0
32,0,72,73,25,3,1,6,0,2.0,0.3333333333333333,0.0,0.3333333333333333
32,0,72,73,26,1,0,6,0,0.8571428571428571,0.0,0.0,0.0
32,0,72,73,27,2,0,5,0,1.4285714285714286,0.0,0.0,0.0
32,0,80,81,4,3,0,1,0,0.75,0.0,0.0,0.0
32,0,80,81,5,1,0,4,0,0.8,0.0,0.0,0.0
32,0,80,81,6,1,0,5,0,0.8333333333333334,0.0,0.0,0.0
32,0,80,81,7,2,0,4,0,1.3333333333333333,0.0,0.0,0.0
32,0,80,81,8,1,0,4,0,0.8,0.0,0.0,0.0
32,0,80,81,9,2,0,2,0,1.0,0.0,0.0,0.0
32,0,80,81,10,1,0,3,0,0.75,0.0,0.0,0.0
32,0,80,81,14,2,0,6,0,1.5,0.0,0.0,0.0
32,0,80,81,16,2,0,12,0,1.7142857142857142,0.0,0.0,0.0
32,0,88,89,2,2,0,1,0,0.6666666666666666,0.0,0.0,0.0
32,0,88,89,3,4,0,1,0,0.8,0.0,0.0,0.0
32,0,88,89,4,2,0,4,0,1.3333333333333333,0.0,0.0,0.0
32,0,88,89,5,2,0,5,0,1.4285714285714286,0.0,0.0,0.0
32,0,88,89,7,3,0,4,0,1.7142857142857142,0.0,0.0,0.0
32,0,88,89,8,1,0,4,0,0.8,0.0,0.0,0.0
32,0,88,89,9,2,0,2,0,1.0,0.0,0.0,0.0
32,0,88,89,10,1,0,3,0,0.75,0.0,0.0,0.0
32,0,96,97,2,2,0,2,0,1.0,0.0,0.0,0.0
32,0,96,97,3,5,0,1,0,0.8333333333333334,0.0,0.0,0.0
32,0,96,97,4,1,0,5,0,0.8333333333333334,0.0,0.0,0.0
32,0,96,97,5,2,0,5,0,1.4285714285714286,0.0,0.0,0.0
32,0,96,97,7,3,0,4,0,1.7142857142857142,0.0,0.0,0.0
32,0,96,97,8,1,0,5,0,0.8333333333333334,0.0,0.0,0.0
32,0,96,97,9,2,0,3,0,1.2,0.0,0.0,0.0
32,0,104,105,2,3,0,3,0,1.5,0.0,0.0,0.0
32,0,104,105,4,1,0,6,0,0.8571428571428571,0.0,0.0,0.0
32,0,104,105,5,1,0,6,0,0.8571428571428571,0.0,0.0,0.0
32,0,104,105,6,2,0,6,0,1.5,0.0,0.0,0.0
32,0,104,105,7,3,0,6,0,2.0,0.0,0.0,0.0
32,0,104,105,9,2,0,3,0,1.2,0.0,0.0,0.0
32,0,112,113,2,3,0,3,0,1.5,0.0,0.0,0.0
32,1,8,9,7,3,3,5,0,1.875,1.0,0.0,1.0
32,1,8,9,8,3,1,7,0,2.1,0.3333333333333333,0.0,0.3333333333333333
32,1,8,9,9,2,1,9,0,1.6363636363636365,0.5,0.0,0.5
32,1,16,17,6,3,0,1,0,0.75,0.0,0.0,0.0
32,1,16,17,11,1,1,5,0,0.8333333333333334,1.0,0.0,1.0
32,1,24,25,6,2,0,1,0,0.6666666666666666,0.0,0.0,0.0
32,1,24,25,7,1,1,4,0,0.8,1.0,0.0,1.0
32,1,32,33,7,2,0,1,0,0.6666666666666666,0.0,0.0,0.0
32,1,32,33,8,3,0,2,0,1.2,0.0,0.0,0.0
32,1,40,41,1,1,0,2,0,0.6666666666666666,0.0,0.0,0.0
32,1,40,41,8,1,0,1,0,0.5,0.0,0.0,0.0
32,1,40,41,9,1,0,2,0,0.6666666666666666,0.0,0.0,0.0
32,1,40,41,10,2,0,3,0,1.2,0.0,0.0,0.0
32,1,48,49,2,2,0,2,0,1.0,0.0,0.0,0.0
32,1,48,49,8,1,0,1,0,0.5,0.0,0.0,0.0
32,1,48,49,9,1,0,2,0,0.6666666666666666,0.0,0.0,0.0
32,1,48,49,10,1,0,3,0,0.75,0.0,0.0,0.0
32,1,48,49,11,2,0,3,0,1.2,0.0,0.0,0.0
32,1,56,57,2,1,0,3,0,0.75,0.0,0.0,0.0
32,1,56,57,3,4,0,1,0,0.8,0.0,0.0,0.0
32,1,56,57,9,1,0,1,0,0.5,0.0,0.0,0.0
32,1,56,57,10,1,0,2,0,0.6666666666666666,0.0,0.0,0.0
32,1,56,57,12,2,0,1,0,0.6666666666666666,0.0,0.0,0.0
32,1,56,57,13,1,1,4,0,0.8,1.0,0.0,1.0
32,1,64,65,2,1,0,3,0,0.75,0.0,0.0,0.0
32,1,64,65,3,3,0,2,0,1.2,0.0,0.0,0.0
32,1,64,65,10,1,0,1,0,0.5,0.0,0.0,0.0
32,1,64,65,14,2,1,1,0,0.6666666666666666,0.5,0.0,0.5
32,1,64,65,15,3,1,3,0,1.5,0.3333333333333333,0.0,0.3333333333333333
32,1,64,65,16,1,0,5,0,0.8333333333333334,0.0,0.0,0.0
32,1,64,65,17,3,0,6,0,2.0,0.0,0.0,0.0
32,1,72,73,3,3,0,3,0,1.5,0.0,0.0,0.0
32,1,72,73,9,1,0,1,0,0.5,0.0,0.0,0.0
32,1,72,73,10,2,0,2,0,1.0,0.0,0.0,0.0
32,1,72,73,11,3,0,2,0,1.2,0.0,0.0,0.0
32,1,72,73,12,3,0,3,0,1.5,0.0,0.0,0.0
32,1,80,81,3,2,0,4,0,1.3333333333333333,0.0,0.0,0.0
32,1,80,81,4,4,0,1,0,0.8,0.0,0.0,0.0
32,1,80,81,7,3,0,1,0,0.75,0.0,0.0,0.0
32,1,80,81,8,4,0,3,0,1.7142857142857142,0.0,0.0,0.0
32,1,80,81,9,2,0,6,0,1.5,0.0,0.0,0.0
32,1,80,81,10,2,0,7,0,1.5555555555555556,0.0,0.0,0.0
32,1,88,89,3,2,0,4,0,1.3333333333333333,0.0,0.0,0.0
32,1,88,89,4,2,0,3,0,1.2,0.0,0.0,0.0
32,1,88,89,5,1,0,4,0,0.8,0.0,0.0,0.0
32,1,88,89,6,6,0,3,0,2.0,0.0,0.0,0.0
32,1,88,89,7,2,0,10,0,1.6666666666666667,0.0,0.0,0.0
32,1,88,89,9,1,0,10,0,0.9090909090909091,0.0,0.0,0.0
32,1,96,97,5,2,0,8,0,1.6,0.0,0.0,0.0
32,1,96,97,7,1,0,11,0,0.9166666666666666,0.0,0.0,0.0
32,1,96,97,8,1,0,12,0,0.9230769230769231,0.0,0.0,0.0
32,2,8,9,6,3,0,1,0,0.75,0.0,0.0,0.0
32,2,8,9,7,1,1,4,0,0.8,1.0,0.0,1.0
32,2,8,9,8,3,1,5,0,1.875,0.3333333333333333,0.0,0.3333333333333333
32,2,16,17,4,2,0,1,0,0.6666666666666666,0.0,0.0,0.0
32,2,16,17,5,1,0,2,0,0.6666666666666666,0.0,0.0,0.0
32,2,16,17,6,2,0,3,0,1.2,0.0,0.0,0.0
32,2,16,17,7,2,1,3,0,1.2,0.5,0.0,0.5
32,2,16,17,8,3,0,5,0,1.875,0.0,0.0,0.0
32,2,16,17,9,1,0,5,0,0.8333333333333334,0.0,0.0,0.0
32,2,24,25,4,2,0,1,0,0.6666666666666666,0.0,0.0,0.0
32,2,24,25,5,3,0,1,0,0.75,0.0,0.0,0.0
32,2,24,25,6,3,0,1,0,0.75,0.0,0.0,0.0
32,2,24,25,8,6,0,1,0,0.8571428571428571,0.0,0.0,0.0
32,2,24,25,9,1,0,2,0,0.6666666666666666,0.0,0.0,0.0
32,2,24,25,10,4,0,3,0,1.7142857142857142,0.0,0.0,0.0
32,2,32,33,5,1,0,1,0,0.5,0.0,0.0,0.0
32,2,32,33,8,3,1,2,0,1.2,0.3333333333333333,0.0,0.3333333333333333
32,2,32,33,10,2,0,3,0,1.2,0.0,0.0,0.0
32,2,32,33,11,1,0,7,0,0.875,0.0,0.0,0.0
32,2,40,41,5,2,0,1,0,0.6666666666666666,0.0,0.0,0.0
32,2,40,41,8,2,0,2,0,1.0,0.0,0.0,0.0
32,2,40,41,11,2,0,4,0,1.3333333333333333,0.0,0.0,0.0
32,2,40,41,12,3,1,5,0,1.875,0.3333333333333333,0.0,0.3333333333333333
32,2,40,41,13,1,0,9,0,0.9,0.0,0.0,0.0
32,2,40,41,14,1,0,10,0,0.9090909090909091,0.0,0.0,0.0
32,2,48,49,5,2,0,1,0,0.6666666666666666,0.0,0.0,0.0
32,2,48,49,8,2,0,2,0,1.0,0.0,0.0,0.0
32,2,48,49,13,1,0,6,0,0.8571428571428571,0.0,0.0,0.0
32,2,56,57,4,2,0,1,0,0.6666666666666666,0.0,0.0,0.0
32,2,56,57,5,2,0,1,0,0.6666666666666666,0.0,0.0,0.0
32,2,56,57,7,2,0,1,0,0.6666666666666666,0.0,0.0,0.0
32,2,56,57,8,2,0,2,0,1.0,0.0,0.0,0.0
32,2,56,57,14,1,0,7,0,0.875,0.0,0.0,0.0
32,2,64,65,4,3,1,1,0,0.75,0.3333333333333333,0.0,0.3333333333333333
32,2,64,65,5,3,0,1,0,0.75,0.0,0.0,0.0
32,2,64,65,6,2,0,1,0,0.6666666666666666,0.0,0.0,0.0
32,2,64,65,7,2,0,1,0,0.6666666666666666,0.0,0.0,0.0
32,2,64,65,8,2,0,2,0,1.0,0.0,0.0,0.0
32,2,64,65,14,2,0,5,0,1.4285714285714286,0.0,0.0,0.0
32,2,64,65,15,3,0,7,0,2.1,0.0,0.0,0.0
32,2,64,65,16,2,0,10,0,1.6666666666666667,0.0,0.0,0.0
32,2,72,73,3,2,0,1,0,0.6666666666666666,0.0,0.0,0.0
32,2,72,73,4,2,0,1,0,0.6666666666666666,0.0,0.0,0.0
32,2,72,73,5,3,0,1,0,0.75,0.0,0.0,0.0
32,2,72,73,6,2,0,1,0,0.6666666666666666,0.0,0.0,0.0
32,2,72,73,7,2,0,1,0,0.6666666666666666,0.0,0.0,0.0
32,2,72,73,8,2,0,2,0,1.0,0.0,0.0,0.0
32,2,72,73,13,1,0,6,0,0.8571428571428571,0.0,0.0,0.0
32,2,80,81,3,2,0,1,0,0.6666666666666666,0.0,0.0,0.0
32,2,80,81,4,2,0,1,0,0.6666666666666666,0.0,0.0,0.0
32,2,80,81,5,2,0,1,0,0.6666666666666666,0.0,0.0,0.0
32,2,80,81,6,2,0,1,0,0.6666666666666666,0.0,0.0,0.0
32,2,80,81,7,2,0,1,0,0.6666666666666666,0.0,0.0,0.0
32,2,80,81,8,2,0,2,0,1.0,0.0,0.0,0.0
32,2,80,81,10,1,0,3,0,0.75,0.0,0.0,0.0
32,2,80,81,13,1,0,6,0,0.8571428571428571,0.0,0.0,0.0
32,2,88,89,3,2,0,1,0,0.6666666666666666,0.0,0.0,0.0
32,2,88,89,4,2,0,1,0,0.6666666666666666,0.0,0.0,0.0
32,2,88,89,5,3,0,1,0,0.75,0.0,0.0,0.0
32,2,88,89,6,6,0,1,0,0.8571428571428571,0.0,0.0,0.0
32,2,88,89,7,2,0,5,0,1.4285714285714286,0.0,0.0,0.0
32,2,88,89,8,2,0,6,0,1.5,0.0,0.0,0.0
32,2,88,89,10,1,0,4,0,0.8,0.0,0.0,0.0
32,2,88,89,12,1,0,5,0,0.8333333333333334,0.0,0.0,0.0
32,2,88,89,13,1,0,7,0,0.875,0.0,0.0,0.0
32,2,88,89,14,1,0,8,0,0.8888888888888888,0.0,0.0,0.0
32,2,88,89,15,1,0,11,0,0.9166666666666666,0.0,0.0,0.0
32,2,88,89,16,1,0,12,0,0.9230769230769231,0.0,0.0,0.0
32,2,96,97,2,2,0,1,0,0.6666666666666666,0.0,0.0,0.0
32,2,96,97,3,2,0,1,0,0.6666666666666666,0.0,0.0,0.0
32,2,96,97,4,5,0,1,0,0.8333333333333334,0.0,0.0,0.0
32,2,96,97,5,2,0,5,0,1.4285714285714286,0.0,0.0,0.0
32,2,96,97,6,2,0,5,0,1.4285714285714286,0.0,0.0,0.0
32,2,96,97,7,2,0,5,0,1.4285714285714286,0.0,0.0,0.0
32,2,96,97,8,2,0,7,0,1.5555555555555556,0.0,0.0,0.0
32,2,104,105,2,2,0,1,0,0.6666666666666666,0.0,0.0,0.0
32,2,104,105,3,2,0,1,0,0.6666666666666666,0.0,0.0,0.0
32,2,104,105,4,4,0,2,0,1.3333333333333333,0.0,0.0,0.0
32,2,104,105,5,2,0,6,0,1.5,0.0,0.0,0.0
32,2,104,105,6,2,0,6,0,1.5,0.0,0.0,0.0
32,2,104,105,8,2,0,7,0,1.5555555555555556,0.0,0.0,0.0
32,2,112,113,2,2,0,1,0,0.6666666666666666,0.0,0.0,0.0
32,2,112,113,3,2,0,2,0,1.0,0.0,0.0,0.0
32,2,112,113,4,2,0,5,0,1.4285714285714286,0.0,0.0,0.0
32,2,120,121,1,1,0,1,0,0.5,0.0,0.0,0.0
32,2,120,121,2,1,0,2,0,0.6666666666666666,0.0,0.0,0.0
32,2,120,121,3,3,0,2,0,1.2,0.0,0.0,0.0
32,2,128,129,1,1,0,1,0,0.5,0.0,0.0,0.0
32,2,128,129,2,2,0,2,0,1.0,0.0,0.0,0.0
32,2,128,129,3,2,0,3,0,1.2,0.0,0.0,0.0
32,2,136,137,1,1,0,1,0,0.5,0.0,0.0,0.0
32,2,136,137,2,2,0,2,0,1.0,0.0,0.0,0.0
32,2,136,137,3,2,0,3,0,1.2,0.0,0.0,0.0
32,2,144,145,2,3,0,2,0,1.2,0.0,0.0,0.0
32,3,48,49,8,1,0,1,0,0.5,0.0,0.0,0.0
32,3,56,57,5,2,0,1,0,0.6666666666666666,0.0,0.0,0.0
32,3,56,57,6,2,0,1,0,0.6666666666666666,0.0,0.0,0.0
32,3,56,57,7,3,0,2,0,1.2,0.0,0.0,0.0
32,3,56,57,9,2,0,1,0,0.6666666666666666,0.0,0.0,0.0
32,3,56,57,12,1,0,2,0,0.6666666666666666,0.0,0.0,0.0
32,3,56,57,13,1,0,3,1,0.75,0.0,0.3333333333333333,-0.3333333333333333
32,3,56,57,14,1,0,4,0,0.8,0.0,0.0,0.0
32,3,56,57,16,1,1,7,0,0.875,1.0,0.0,1.0
32,3,64,65,4,2,0,1,0,0.6666666666666666,0.0,0.0,0.0
32,3,64,65,5,1,0,3,0,0.75,0.0,0.0,0.0
32,3,64,65,7,1,0,4,0,0.8,0.0,0.0,0.0
32,3,64,65,9,1,0,2,0,0.6666666666666666,0.0,0.0,0.0
32,3,64,65,14,1,0,1,0,0.5,0.0,0.0,0.0
32,3,64,65,15,2,0,1,0,0.6666666666666666,0.0,0.0,0.0
32,3,64,65,16,2,0,1,0,0.6666666666666666,0.0,0.0,0.0
32,3,64,65,17,2,0,1,0,0.6666666666666666,0.0,0.0,0.0
32,3,64,65,18,2,0,1,0,0.6666666666666666,0.0,0.0,0.0
32,3,64,65,19,2,0,1,0,0.6666666666666666,0.0,0.0,0.0
32,3,64,65,20,1,0,2,0,0.6666666666666666,0.0,0.0,0.0
32,3,64,65,21,1,0,1,0,0.5,0.0,0.0,0.0
32,3,64,65,22,2,0,2,0,1.0,0.0,0.0,0.0
32,3,64,65,23,3,0,3,0,1.5,0.0,0.0,0.0
32,3,64,65,24,1,0,4,0,0.8,0.0,0.0,0.0
32,3,64,65,25,2,0,3,0,1.2,0.0,0.0,0.0
32,3,64,65,26,2,0,4,1,1.3333333333333333,0.0,0.25,-0.25
32,3,64,65,27,2,0,3,1,1.2,0.0,0.3333333333333333,-0.3333333333333333
32,3,64,65,28,1,0,2,1,0.6666666666666666,0.0,0.5,-0.5
32,3,64,65,29,1,0,1,0,0.5,0.0,0.0,0.0
32,3,72,73,3,2,0,1,0,0.6666666666666666,0.0,0.0,0.0
32,3,72,73,5,1,0,3,0,0.75,0.0,0.0,0.0
32,3,72,73,7,1,0,4,0,0.8,0.0,0.0,0.0
32,3,72,73,8,1,0,4,0,0.8,0.0,0.0,0.0
32,3,72,73,11,1,0,1,0,0.5,0.0,0.0,0.0
32,3,72,73,13,2,0,1,0,0.6666666666666666,0.0,0.0,0.0
32,3,72,73,14,3,0,3,0,1.5,0.0,0.0,0.0
32,3,80,81,2,1,0,1,0,0.5,0.0,0.0,0.0
32,3,80,81,3,1,0,2,0,0.6666666666666666,0.0,0.0,0.0
32,3,80,81,5,1,0,3,0,0.75,0.0,0.0,0.0
32,3,80,81,6,1,0,4,0,0.8,0.0,0.0,0.0
32,3,80,81,8,1,0,4,0,0.8,0.0,0.0,0.0
32,3,80,81,9,1,0,2,0,0.6666666666666666,0.0,0.0,0.0
32,3,80,81,11,1,0,1,0,0.5,0.0,0.0,0.0
32,3,88,89,2,1,0,2,0,0.6666666666666666,0.0,0.0,0.0
32,3,88,89,4,1,0,3,0,0.75,0.0,0.0,0.0
32,3,88,89,6,1,0,4,0,0.8,0.0,0.0,0.0
32,3,88,89,8,1,0,4,0,0.8,0.0,0.0,0.0
32,3,96,97,2,1,0,2,0,0.6666666666666666,0.0,0.0,0.0
32,3,96,97,3,1,0,3,0,0.75,0.0,0.0,0.0
32,3,96,97,4,2,0,4,0,1.3333333333333333,0.0,0.0,0.0
32,4,32,33,11,2,0,1,0,0.6666666666666666,0.0,0.0,0.0
32,4,40,41,11,1,1,1,0,0.5,1.0,0.0,1.0
32,4,40,41,12,2,0,2,0,1.0,0.0,0.0,0.0
32,4,48,49,12,1,0,1,0,0.5,0.0,0.0,0.0
32,4,48,49,13,2,1,2,0,1.0,0.5,0.0,0.5
32,4,48,49,14,1,0,4,0,0.8,0.0,0.0,0.0
32,4,48,49,15,2,1,5,0,1.4285714285714286,0.5,0.0,0.5
32,4,56,57,14,2,0,1,0,0.6666666666666666,0.0,0.0,0.0
32,4,56,57,15,3,0,2,0,1.2,0.0,0.0,0.0
32,4,56,57,16,1,0,3,0,0.75,0.0,0.0,0.0
32,4,56,57,17,1,1,3,0,0.75,1.0,0.0,1.0
32,4,56,57,19,1,0,3,0,0.75,0.0,0.0,0.0
32,4,64,65,21,1,0,5,0,0.8333333333333334,0.0,0.0,0.0
32,4,72,73,5,3,0,1,0,0.75,0.0,0.0,0.0
32,4,72,73,14,2,0,1,0,0.6666666666666666,0.0,0.0,0.0
32,4,72,73,15,1,0,2,0,0.6666666666666666,0.0,0.0,0.0
32,4,72,73,16,2,0,1,0,0.6666666666666666,0.0,0.0,0.0
32,4,72,73,17,2,0,2,0,1.0,0.0,0.0,0.0
32,4,72,73,18,1,0,4,0,0.8,0.0,0.0,0.0
32,4,80,81,4,3,0,1,0,0.75,0.0,0.0,0.0
32,4,80,81,5,4,0,1,0,0.8,0.0,0.0,0.0
32,4,88,89,3,2,0,1,0,0.6666666666666666,0.0,0.0,0.0
32,4,88,89,4,2,0,3,0,1.2,0.0,0.0,0.0
32,4,88,89,5,3,0,4,0,1.7142857142857142,0.0,0.0,0.0
32,4,88,89,6,2,0,3,0,1.2,0.0,0.0,0.0
32,4,96,97,3,2,0,1,0,0.6666666666666666,0.0,0.0,0.0
32,4,96,97,4,3,0,3,0,1.5,0.0,0.0,0.0
32,4,96,97,5,2,0,5,0,1.4285714285714286,0.0,0.0,0.0
32,4,96,97,6,2,0,3,0,1.2,0.0,0.0,0.0
32,4,96,97,8,1,0,1,0,0.5,0.0,0.0,0.0
32,4,104,105,3,3,0,1,0,0.75,0.0,0.0,0.0
32,4,104,105,4,4,0,4,0,2.0,0.0,0.0,0.0
32,4,112,113,3,3,0,2,0,1.2,0.0,0.0,0.0
32,4,112,113,4,3,0,5,0,1.875,0.0,0.0,0.0
32,4,112,113,5,1,0,7,0,0.875,0.0,0.0,0.0
32,4,112,113,6,1,0,5,0,0.8333333333333334,0.0,0.0,0.0
32,4,120,121,3,3,0,3,0,1.5,0.0,0.0,0.0
32,4,120,121,4,2,0,6,0,1.5,0.0,0.0,0.0
32,4,120,121,5,2,0,7,0,1.5555555555555556,0.0,0.0,0.0
32,4,128,129,2,2,0,1,0,0.6666666666666666,0.0,0.0,0.0
32,4,128,129,3,4,0,3,0,1.7142857142857142,0.0,0.0,0.0
32,4,128,129,4,2,0,8,0,1.6,0.0,0.0,0.0
32,4,128,129,5,2,0,8,0,1.6,0.0,0.0,0.0
32,4,136,137,2,3,0,1,0,0.75,0.0,0.0,0.0
32,4,136,137,3,4,0,5,0,2.2222222222222223,0.0,0.0,0.0
32,4,136,137,4,2,0,10,0,1.6666666666666667,0.0,0.0,0.0
32,4,144,145,2,4,0,1,0,0.8,0.0,0.0,0.0
32,4,144,145,3,5,0,5,0,2.5,0.0,0.0,0.0
32,4,144,145,4,2,0,10,0,1.6666666666666667,0.0,0.0,0.0
32,4,152,153,2,4,0,3,0,1.7142857142857142,0.0,0.0,0.0
32,4,152,153,3,2,0,9,0,1.6363636363636365,0.0,0.0,0.0
32,4,160,161,2,5,0,3,0,1.875,0.0,0.0,0.0
32,5,16,17,6,2,0,3,0,1.2,0.0,0.0,0.0
32,5,24,25,6,3,0,1,0,0.75,0.0,0.0,0.0
32,5,24,25,7,1,0,5,1,0.8333333333333334,0.0,0.2,-0.2
32,5,32,33,7,2,0,3,0,1.2,0.0,0.0,0.0
32,5,32,33,8,1,0,4,0,0.8,0.0,0.0,0.0
32,5,40,41,7,3,0,1,0,0.75,0.0,0.0,0.0
32,5,40,41,8,2,0,3,0,1.2,0.0,0.0,0.0
32,5,40,41,9,1,0,3,0,0.75,0.0,0.0,0.0
32,5,40,41,11,1,0,3,0,0.75,0.0,0.0,0.0
32,5,48,49,8,1,0,2,0,0.6666666666666666,0.0,0.0,0.0
32,5,48,49,9,1,0,3,0,0.75,0.0,0.0,0.0
32,5,48,49,10,1,0,2,0,0.6666666666666666,0.0,0.0,0.0
32,5,48,49,11,1,0,2,0,0.6666666666666666,0.0,0.0,0.0
32,5,56,57,10,2,0,1,0,0.6666666666666666,0.0,0.0,0.0
32,5,64,65,9,1,0,2,0,0.6666666666666666,0.0,0.0,0.0
32,5,64,65,10,1,0,1,0,0.5,0.0,0.0,0.0
32,5,72,73,10,1,0,1,0,0.5,0.0,0.0,0.0
32,5,80,81,10,1,0,1,0,0.5,0.0,0.0,0.0
32,5,80,81,11,1,0,2,0,0.6666666666666666,0.0,0.0,0.0
32,5,80,81,12,1,0,3,0,0.75,0.0,0.0,0.0
32,5,88,89,9,1,0,2,0,0.6666666666666666,0.0,0.0,0.0
32,5,88,89,10,1,0,2,0,0.6666666666666666,0.0,0.0,0.0
32,5,88,89,11,1,0,3,0,0.75,0.0,0.0,0.0
32,5,96,97,9,3,0,2,0,1.2,0.0,0.0,0.0
32,5,96,97,10,1,0,3,0,0.75,0.0,0.0,0.0
32,5,104,105,7,3,0,1,0,0.75,0.0,0.0,0.0
32,5,104,105,8,2,0,3,0,1.2,0.0,0.0,0.0
32,5,104,105,9,1,0,4,0,0.8,0.0,0.0,0.0
32,5,104,105,10,1,0,3,0,0.75,0.0,0.0,0.0
32,5,112,113,5,2,0,2,0,1.0,0.0,0.0,0.0
32,5,112,113,6,2,0,2,0,1.0,0.0,0.0,0.0
32,5,112,113,7,3,0,2,0,1.2,0.0,0.0,0.0
32,5,112,113,8,1,0,4,0,0.8,0.0,0.0,0.0
32,5,112,113,9,2,0,4,0,1.3333333333333333,0.0,0.0,0.0
32,5,120,121,4,3,0,1,0,0.75,0.0,0.0,0.0
32,5,120,121,5,3,0,3,0,1.5,0.0,0.0,0.0
32,5,120,121,6,4,0,3,0,1.7142857142857142,0.0,0.0,0.0
32,5,120,121,7,3,0,4,0,1.7142857142857142,0.0,0.0,0.0
32,5,120,121,8,3,0,5,0,1.875,0.0,0.0,0.0
32,5,120,121,9,1,0,6,0,0.8571428571428571,0.0,0.0,0.0
32,5,120,121,10,1,0,4,0,0.8,0.0,0.0,0.0
32,5,128,129,4,5,0,2,0,1.4285714285714286,0.0,0.0,0.0
32,5,128,129,5,4,0,4,0,2.0,0.0,0.0,0.0
32,5,128,129,6,4,0,6,0,2.4,0.0,0.0,0.0
32,5,128,129,7,2,0,8,0,1.6,0.0,0.0,0.0
32,5,136,137,3,5,0,1,0,0.8333333333333334,0.0,0.0,0.0
32,5,136,137,4,4,0,4,0,2.0,0.0,0.0,0.0
32,5,136,137,5,2,0,7,0,1.5555555555555556,0.0,0.0,0.0
32,5,136,137,6,4,0,8,0,2.6666666666666665,0.0,0.0,0.0
32,5,144,145,3,5,0,2,0,1.4285714285714286,0.0,0.0,0.0
32,5,144,145,4,4,0,5,0,2.2222222222222223,0.0,0.0,0.0
32,5,144,145,5,3,0,8,0,2.1818181818181817,0.0,0.0,0.0
32,5,144,145,6,2,0,10,0,1.6666666666666667,0.0,0.0,0.0
32,5,152,153,2,4,0,1,0,0.8,0.0,0.0,0.0
32,5,152,153,3,5,0,4,0,2.2222222222222223,0.0,0.0,0.0
32,5,152,153,4,3,0,7,0,2.1,0.0,0.0,0.0
32,5,152,153,5,3,0,9,0,2.25,0.0,0.0,0.0
32,5,160,161,2,5,0,2,0,1.4285714285714286,0.0,0.0,0.0
32,5,160,161,3,2,0,8,0,1.6,0.0,0.0,0.0
32,5,160,161,4,3,0,8,0,2.1818181818181817,0.0,0.0,0.0
32,6,8,9,8,1,1,1,0,0.5,1.0,0.0,1.0
32,6,8,9,10,1,0,6,0,0.8571428571428571,0.0,0.0,0.0
32,6,16,17,9,1,0,4,0,0.8,0.0,0.0,0.0
32,6,16,17,10,1,0,6,0,0.8571428571428571,0.0,0.0,0.0
32,6,24,25,8,1,0,2,0,0.6666666666666666,0.0,0.0,0.0
32,6,24,25,10,1,0,6,0,0.8571428571428571,0.0,0.0,0.0
32,6,32,33,7,1,0,1,0,0.5,0.0,0.0,0.0
32,6,32,33,9,2,0,3,0,1.2,0.0,0.0,0.0
32,6,32,33,10,1,0,5,0,0.8333333333333334,0.0,0.0,0.0
32,6,32,33,11,1,0,7,0,0.875,0.0,0.0,0.0
32,6,32,33,12,1,0,9,0,0.9,0.0,0.0,0.0
32,6,40,41,7,2,0,1,0,0.6666666666666666,0.0,0.0,0.0
32,6,40,41,8,3,0,1,0,0.75,0.0,0.0,0.0
32,6,40,41,9,1,0,3,0,0.75,0.0,0.0,0.0
32,6,40,41,10,1,0,4,0,0.8,0.0,0.0,0.0
32,6,40,41,11,2,0,6,0,1.5,0.0,0.0,0.0
32,6,40,41,12,1,0,9,0,0.9,0.0,0.0,0.0
32,6,48,49,4,1,0,2,0,0.6666666666666666,0.0,0.0,0.0
32,6,48,49,5,1,0,2,0,0.6666666666666666,0.0,0.0,0.0
32,6,48,49,6,2,0,1,0,0.6666666666666666,0.0,0.0,0.0
32,6,48,49,7,3,0,1,0,0.75,0.0,0.0,0.0
32,6,48,49,8,2,0,2,0,1.0,0.0,0.0,0.0
32,6,48,49,9,2,0,2,0,1.0,0.0,0.0,0.0
32,6,48,49,10,1,0,3,0,0.75,0.0,0.0,0.0
32,6,48,49,12,1,0,6,0,0.8571428571428571,0.0,0.0,0.0
32,6,48,49,13,2,0,8,0,1.6,0.0,0.0,0.0
32,6,48,49,14,1,0,11,0,0.9166666666666666,0.0,0.0,0.0
32,6,48,49,15,1,0,13,0,0.9285714285714286,0.0,0.0,0.0
32,6,56,57,2,1,0,2,0,0.6666666666666666,0.0,0.0,0.0
32,6,56,57,4,2,0,2,0,1.0,0.0,0.0,0.0
32,6,56,57,5,1,0,2,0,0.6666666666666666,0.0,0.0,0.0
32,6,56,57,6,2,0,1,0,0.6666666666666666,0.0,0.0,0.0
32,6,56,57,7,3,0,1,0,0.75,0.0,0.0,0.0
32,6,56,57,8,1,0,2,0,0.6666666666666666,0.0,0.0,0.0
32,6,56,57,9,1,0,2,0,0.6666666666666666,0.0,0.0,0.0
32,6,56,57,11,1,0,4,0,0.8,0.0,0.0,0.0
32,6,56,57,13,1,1,7,0,0.875,1.0,0.0,1.0
32,6,56,57,14,1,0,9,0,0.9,0.0,0.0,0.0
32,6,64,65,1,1,0,2,0,0.6666666666666666,0.0,0.0,0.0
32,6,64,65,3,1,0,3,0,0.75,0.0,0.0,0.0
32,6,64,65,4,2,0,2,0,1.0,0.0,0.0,0.0
32,6,64,65,5,1,0,2,0,0.6666666666666666,0.0,0.0,0.0
32,6,64,65,6,2,0,1,0,0.6666666666666666,0.0,0.0,0.0
32,6,64,65,7,3,0,1,0,0.75,0.0,0.0,0.0
32,6,64,65,8,1,0,2,0,0.6666666666666666,0.0,0.0,0.0
32,6,64,65,9,2,0,1,0,0.6666666666666666,0.0,0.0,0.0
32,6,64,65,11,2,1,3,0,1.2,0.5,0.0,0.5
32,6,64,65,12,1,1,5,0,0.8333333333333334,1.0,0.0,1.0
32,6,64,65,15,2,1,10,0,1.6666666666666667,0.5,0.0,0.5
32,6,64,65,16,1,1,12,0,0.9230769230769231,1.0,0.0,1.0
32,6,64,65,17,2,1,12,0,1.7142857142857142,0.5,0.0,0.5
32,6,64,65,18,3,0,10,0,2.3076923076923075,0.0,0.0,0.0
32,6,64,65,19,1,0,11,0,0.9166666666666666,0.0,0.0,0.0
32,6,64,65,20,3,1,10,0,2.3076923076923075,0.3333333333333333,0.0,0.3333333333333333
32,6,64,65,21,1,0,12,0,0.9230769230769231,0.0,0.0,0.0
32,6,72,73,2,1,0,3,0,0.75,0.0,0.0,0.0
32,6,72,73,3,1,0,3,0,0.75,0.0,0.0,0.0
32,6,72,73,4,2,0,2,0,1.0,0.0,0.0,0.0
32,6,72,73,5,1,0,2,0,0.6666666666666666,0.0,0.0,0.0
32,6,72,73,6,2,0,1,0,0.6666666666666666,0.0,0.0,0.0
32,6,72,73,7,3,0,1,0,0.75,0.0,0.0,0.0
32,6,72,73,8,2,0,2,0,1.0,0.0,0.0,0.0
32,6,72,73,15,1,0,11,0,0.9166666666666666,0.0,0.0,0.0
32,6,80,81,2,1,0,3,0,0.75,0.0,0.0,0.0
32,6,80,81,3,1,0,3,0,0.75,0.0,0.0,0.0
32,6,80,81,4,2,0,2,0,1.0,0.0,0.0,0.0
32,6,80,81,6,3,0,1,0,0.75,0.0,0.0,0.0
32,6,80,81,7,2,0,2,0,1.0,0.0,0.0,0.0
32,6,80,81,8,2,0,2,0,1.0,0.0,0.0,0.0
32,6,80,81,11,1,0,4,0,0.8,0.0,0.0,0.0
32,6,80,81,12,1,0,6,0,0.8571428571428571,0.0,0.0,0.0
32,6,80,81,13,1,0,8,0,0.8888888888888888,0.0,0.0,0.0
32,6,80,81,14,1,0,10,0,0.9090909090909091,0.0,0.0,0.0
32,6,80,81,15,2,0,12,0,1.7142857142857142,0.0,0.0,0.0
32,6,88,89,2,1,0,3,0,0.75,0.0,0.0,0.0
32,6,88,89,3,1,0,3,0,0.75,0.0,0.0,0.0
32,6,88,89,4,2,0,2,0,1.0,0.0,0.0,0.0
32,6,88,89,6,3,0,1,0,0.75,0.0,0.0,0.0
32,6,88,89,7,3,0,2,0,1.2,0.0,0.0,0.0
32,6,88,89,8,1,0,3,0,0.75,0.0,0.0,0.0
32,6,88,89,11,1,0,4,0,0.8,0.0,0.0,0.0
32,6,88,89,12,1,0,6,0,0.8571428571428571,0.0,0.0,0.0
32,6,88,89,13,1,0,8,0,0.8888888888888888,0.0,0.0,0.0
32,6,88,89,14,2,0,10,0,1.6666666666666667,0.0,0.0,0.0
32,6,88,89,15,1,0,13,0,0.9285714285714286,0.0,0.0,0.0
32,6,96,97,4,1,0,5,0,0.8333333333333334,0.0,0.0,0.0
32,6,96,97,6,2,0,3,0,1.2,0.0,0.0,0.0
32,6,96,97,7,2,0,3,0,1.2,0.0,0.0,0.0
32,6,96,97,8,1,0,3,0,0.75,0.0,0.0,0.0
32,6,96,97,10,1,0,3,0,0.75,0.0,0.0,0.0
32,6,96,97,11,1,0,5,0,0.8333333333333334,0.0,0.0,0.0
32,6,96,97,12,1,0,7,0,0.875,0.0,0.0,0.0
32,6,96,97,13,1,0,9,0,0.9,0.0,0.0,0.0
32,6,96,97,14,2,0,11,0,1.6923076923076923,0.0,0.0,0.0
32,6,104,105,4,1,0,5,0,0.8333333333333334,0.0,0.0,0.0
32,6,104,105,6,2,0,3,0,1.2,0.0,0.0,0.0
32,6,104,105,7,2,0,3,0,1.2,0.0,0.0,0.0
32,6,104,105,8,1,0,3,0,0.75,0.0,0.0,0.0
32,6,104,105,9,1,0,3,0,0.75,0.0,0.0,0.0
32,6,104,105,11,1,0,5,0,0.8333333333333334,0.0,0.0,0.0
32,6,104,105,12,1,0,7,0,0.875,0.0,0.0,0.0
32,6,104,105,13,2,0,9,0,1.6363636363636365,0.0,0.0,0.0
32,6,112,113,4,1,0,5,0,0.8333333333333334,0.0,0.0,0.0
32,6,112,113,6,2,0,3,0,1.2,0.0,0.0,0.0
32,6,112,113,7,2,0,3,0,1.2,0.0,0.0,0.0
32,6,112,113,8,2,0,3,0,1.2,0.0,0.0,0.0
32,6,112,113,9,1,0,4,0,0.8,0.0,0.0,0.0
32,6,112,113,10,1,0,5,0,0.8333333333333334,0.0,0.0,0.0
32,6,112,113,11,1,0,7,0,0.875,0.0,0.0,0.0
32,6,112,113,12,1,0,9,0,0.9,0.0,0.0,0.0
32,6,120,121,4,1,0,5,0,0.8333333333333334,0.0,0.0,0.0
32,6,120,121,6,2,0,3,0,1.2,0.0,0.0,0.0
32,6,120,121,7,3,0,3,0,1.5,0.0,0.0,0.0
32,6,120,121,10,2,0,5,0,1.4285714285714286,0.0,0.0,0.0
32,6,120,121,11,1,0,7,0,0.875,0.0,0.0,0.0
32,6,120,121,12,1,0,9,0,0.9,0.0,0.0,0.0
32,6,128,129,4,1,0,5,0,0.8333333333333334,0.0,0.0,0.0
32,6,128,129,6,2,0,3,0,1.2,0.0,0.0,0.0
32,6,128,129,7,3,0,3,0,1.5,0.0,0.0,0.0
32,7,8,9,9,2,0,5,0,1.4285714285714286,0.0,0.0,0.0
32,7,8,9,10,1,0,7,0,0.875,0.0,0.0,0.0
32,7,16,17,9,1,0,5,0,0.8333333333333334,0.0,0.0,0.0
32,7,16,17,10,1,0,6,0,0.8571428571428571,0.0,0.0,0.0
32,7,24,25,10,1,0,6,0,0.8571428571428571,0.0,0.0,0.0
32,7,32,33,11,3,1,7,0,2.1,0.3333333333333333,0.0,0.3333333333333333
32,7,40,41,6,1,0,5,0,0.8333333333333334,0.0,0.0,0.0
32,7,40,41,7,4,0,1,0,0.8,0.0,0.0,0.0
32,7,40,41,8,1,0,1,0,0.5,0.0,0.0,0.0
32,7,40,41,9,3,0,1,0,0.75,0.0,0.0,0.0
32,7,40,41,10,1,0,4,0,0.8,0.0,0.0,0.0
32,7,40,41,11,2,1,5,0,1.4285714285714286,0.5,0.0,0.5
32,7,40,41,12,3,0,7,0,2.1,0.0,0.0,0.0
32,7,40,41,13,5,1,7,0,2.9166666666666665,0.2,0.0,0.2
32,7,48,49,3,3,0,1,0,0.75,0.0,0.0,0.0
32,7,48,49,4,4,0,1,0,0.8,0.0,0.0,0.0
32,7,48,49,5,1,0,5,0,0.8333333333333334,0.0,0.0,0.0
32,7,48,49,6,1,0,5,0,0.8333333333333334,0.0,0.0,0.0
32,7,48,49,7,1,0,3,0,0.75,0.0,0.0,0.0
32,7,48,49,10,1,1,1,0,0.5,1.0,0.0,1.0
32,7,48,49,11,2,0,1,0,0.6666666666666666,0.0,0.0,0.0
32,7,48,49,12,1,0,3,0,0.75,0.0,0.0,0.0
32,7,48,49,13,4,0,2,0,1.3333333333333333,0.0,0.0,0.0
32,7,48,49,14,4,1,5,0,2.2222222222222223,0.25,0.0,0.25
32,7,48,49,15,1,0,7,0,0.875,0.0,0.0,0.0
32,7,48,49,16,1,0,10,0,0.9090909090909091,0.0,0.0,0.0
32,7,56,57,2,3,0,1,0,0.75,0.0,0.0,0.0
32,7,56,57,3,3,0,2,0,1.2,0.0,0.0,0.0
32,7,56,57,4,3,0,2,0,1.2,0.0,0.0,0.0
32,7,56,57,5,1,0,5,0,0.8333333333333334,0.0,0.0,0.0
32,7,56,57,6,2,0,5,0,1.4285714285714286,0.0,0.0,0.0
32,7,56,57,7,1,0,3,0,0.75,0.0,0.0,0.0
32,7,56,57,8,1,0,1,0,0.5,0.0,0.0,0.0
32,7,56,57,11,1,0,1,0,0.5,0.0,0.0,0.0
32,7,56,57,12,1,0,2,0,0.6666666666666666,0.0,0.0,0.0
32,7,56,57,13,1,0,2,0,0.6666666666666666,0.0,0.0,0.0
32,7,56,57,14,3,2,3,0,1.5,0.6666666666666666,0.0,0.6666666666666666
32,7,56,57,15,2,1,4,0,1.3333333333333333,0.5,0.0,0.5
32,7,56,57,16,2,0,8,0,1.6,0.0,0.0,0.0
32,7,56,57,17,1,1,9,0,0.9,1.0,0.0,1.0
32,7,64,65,2,6,0,1,0,0.8571428571428571,0.0,0.0,0.0
32,7,64,65,3,1,0,5,0,0.8333333333333334,0.0,0.0,0.0
32,7,64,65,4,4,0,2,0,1.3333333333333333,0.0,0.0,0.0
32,7,64,65,6,2,0,5,0,1.4285714285714286,0.0,0.0,0.0
32,7,64,65,7,1,0,3,0,0.75,0.0,0.0,0.0
32,7,64,65,8,1,0,1,0,0.5,0.0,0.0,0.0
32,7,64,65,12,1,0,1,0,0.5,0.0,0.0,0.0
32,7,64,65,13,1,0,1,0,0.5,0.0,0.0,0.0
32,7,64,65,14,1,1,2,0,0.6666666666666666,1.0,0.0,1.0
32,7,64,65,15,2,0,2,0,1.0,0.0,0.0,0.0
32,7,64,65,16,1,1,7,0,0.875,1.0,0.0,1.0
32,7,72,73,2,4,0,3,0,1.7142857142857142,0.0,0.0,0.0
32,7,72,73,3,1,0,5,0,0.8333333333333334,0.0,0.0,0.0
32,7,72,73,4,4,0,2,0,1.3333333333333333,0.0,0.0,0.0
32,7,72,73,6,2,0,5,0,1.4285714285714286,0.0,0.0,0.0
32,7,72,73,7,1,0,3,0,0.75,0.0,0.0,0.0
32,7,72,73,14,3,1,2,0,1.2,0.3333333333333333,0.0,0.3333333333333333
32,7,72,73,15,1,0,3,0,0.75,0.0,0.0,0.0
32,7,72,73,16,2,0,7,0,1.5555555555555556,0.0,0.0,0.0
32,7,72,73,22,2,0,7,0,1.5555555555555556,0.0,0.0,0.0
32,7,72,73,24,2,0,3,0,1.2,0.0,0.0,0.0
32,7,80,81,2,1,0,6,0,0.8571428571428571,0.0,0.0,0.0
32,7,80,81,3,1,0,6,0,0.8571428571428571,0.0,0.0,0.0
32,7,80,81,4,4,0,3,0,1.7142857142857142,0.0,0.0,0.0
32,7,80,81,5,1,0,6,0,0.8571428571428571,0.0,0.0,0.0
32,7,80,81,6,1,0,6,0,0.8571428571428571,0.0,0.0,0.0
32,7,80,81,7,1,0,4,0,0.8,0.0,0.0,0.0
32,7,80,81,8,1,0,2,0,0.6666666666666666,0.0,0.0,0.0
32,7,80,81,11,1,0,1,0,0.5,0.0,0.0,0.0
32,7,80,81,12,3,0,2,0,1.2,0.0,0.0,0.0
32,7,80,81,13,4,0,3,0,1.7142857142857142,0.0,0.0,0.0
32,7,80,81,14,4,0,7,0,2.5454545454545454,0.0,0.0,0.0
32,7,80,81,15,1,0,8,0,0.8888888888888888,0.0,0.0,0.0
32,7,80,81,16,1,0,10,0,0.9090909090909091,0.0,0.0,0.0
32,7,88,89,2,1,0,6,0,0.8571428571428571,0.0,0.0,0.0
32,7,88,89,3,1,0,6,0,0.8571428571428571,0.0,0.0,0.0
32,7,88,89,4,4,0,3,0,1.7142857142857142,0.0,0.0,0.0
32,7,88,89,5,1,0,6,0,0.8571428571428571,0.0,0.0,0.0
32,7,88,89,6,1,0,6,0,0.8571428571428571,0.0,0.0,0.0
32,7,88,89,7,1,0,4,0,0.8,0.0,0.0,0.0
32,7,88,89,8,1,0,2,0,0.6666666666666666,0.0,0.0,0.0
32,7,88,89,10,2,0,1,0,0.6666666666666666,0.0,0.0,0.0
32,7,88,89,11,1,0,4,0,0.8,0.0,0.0,0.0
32,7,88,89,12,1,0,7,0,0.875,0.0,0.0,0.0
32,7,88,89,13,1,0,8,0,0.8888888888888888,0.0,0.0,0.0
32,7,88,89,14,2,0,10,0,1.6666666666666667,0.0,0.0,0.0
32,7,88,89,15,1,0,9,0,0.9,0.0,0.0,0.0
32,7,96,97,2,1,0,6,0,0.8571428571428571,0.0,0.0,0.0
32,7,96,97,4,5,0,3,0,1.875,0.0,0.0,0.0
32,7,96,97,5,1,0,6,0,0.8571428571428571,0.0,0.0,0.0
32,7,96,97,6,1,0,6,0,0.8571428571428571,0.0,0.0,0.0
32,7,96,97,7,1,0,4,0,0.8,0.0,0.0,0.0
32,7,96,97,9,1,0,3,0,0.75,0.0,0.0,0.0
32,7,96,97,10,1,0,3,0,0.75,0.0,0.0,0.0
32,7,96,97,11,1,0,5,0,0.8333333333333334,0.0,0.0,0.0
32,7,96,97,12,1,0,8,0,0.8888888888888888,0.0,0.0,0.0
32,7,96,97,13,1,0,9,0,0.9,0.0,0.0,0.0
32,7,96,97,14,3,0,11,0,2.357142857142857,0.0,0.0,0.0
32,7,104,105,2,1,0,6,0,0.8571428571428571,0.0,0.0,0.0
32,7,104,105,4,4,0,4,0,2.0,0.0,0.0,0.0
32,7,104,105,5,1,0,7,0,0.875,0.0,0.0,0.0
32,7,104,105,6,2,0,6,0,1.5,0.0,0.0,0.0
32,7,104,105,9,2,0,3,0,1.2,0.0,0.0,0.0
32,7,104,105,10,2,0,3,0,1.2,0.0,0.0,0.0
32,7,104,105,11,2,0,5,0,1.4285714285714286,0.0,0.0,0.0
32,7,104,105,12,3,0,8,0,2.1818181818181817,0.0,0.0,0.0
32,7,104,105,13,2,0,9,0,1.6363636363636365,0.0,0.0,0.0
32,7,104,105,14,3,0,11,0,2.357142857142857,0.0,0.0,0.0
32,7,112,113,2,1,0,6,0,0.8571428571428571,0.0,0.0,0.0
32,7,112,113,4,3,0,5,0,1.875,0.0,0.0,0.0
32,7,112,113,6,1,0,8,0,0.8888888888888888,0.0,0.0,0.0
32,7,112,113,8,3,0,3,0,1.5,0.0,0.0,0.0
32,7,112,113,9,1,0,7,0,0.875,0.0,0.0,0.0
32,7,112,113,10,1,0,6,0,0.8571428571428571,0.0,0.0,0.0
32,7,112,113,11,1,0,7,0,0.875,0.0,0.0,0.0
32,7,112,113,12,2,0,9,0,1.6363636363636365,0.0,0.0,0.0
32,7,112,113,13,4,0,9,0,2.769230769230769,0.0,0.0,0.0
32,7,120,121,2,1,0,6,0,0.8571428571428571,0.0,0.0,0.0
32,7,120,121,4,3,0,5,0,1.875,0.0,0.0,0.0
32,7,128,129,2,1,0,6,0,0.8571428571428571,0.0,0.0,0.0
32,7,128,129,4,3,0,5,0,1.875,0.0,0.0,0.0
32,7,136,137,2,1,0,6,0,0.8571428571428571,0.0,0.0,0.0
32,7,136,137,4,3,0,5,0,1.875,0.0,0.0,0.0
32,7,144,145,2,1,0,6,0,0.8571428571428571,0.0,0.0,0.0
32,7,144,145,4,3,0,5,0,1.875,0.0,0.0,0.0
32,7,152,153,2,1,0,6,0,0.8571428571428571,0.0,0.0,0.0
32,7,152,153,4,3,0,5,0,1.875,0.0,0.0,0.0
32,7,160,161,2,1,0,6,0,0.8571428571428571,0.0,0.0,0.0
32,7,160,161,4,3,0,5,0,1.875,0.0,0.0,0.0
32,8,40,41,4,2,0,1,0,0.6666666666666666,0.0,0.0,0.0
32,8,40,41,5,1,0,1,0,0.5,0.0,0.0,0.0
32,8,40,41,7,2,0,3,0,1.2,0.0,0.0,0.0
32,8,40,41,8,2,0,3,0,1.2,0.0,0.0,0.0
32,8,40,41,9,2,0,2,0,1.0,0.0,0.0,0.0
32,8,40,41,10,2,0,2,0,1.0,0.0,0.0,0.0
32,8,40,41,11,3,0,2,0,1.2,0.0,0.0,0.0
32,8,40,41,12,1,0,4,0,0.8,0.0,0.0,0.0
32,8,48,49,4,2,0,3,0,1.2,0.0,0.0,0.0
32,8,48,49,5,2,0,1,0,0.6666666666666666,0.0,0.0,0.0
32,8,48,49,6,1,0,1,0,0.5,0.0,0.0,0.0
32,8,48,49,7,2,0,1,0,0.6666666666666666,0.0,0.0,0.0
32,8,48,49,8,1,0,2,0,0.6666666666666666,0.0,0.0,0.0
32,8,48,49,9,2,1,2,0,1.0,0.5,0.0,0.5
32,8,48,49,10,2,0,1,0,0.6666666666666666,0.0,0.0,0.0
32,8,48,49,11,1,1,1,0,0.5,1.0,0.0,1.0
32,8,48,49,13,2,1,1,0,0.6666666666666666,0.5,0.0,0.5
32,8,56,57,2,4,0,1,0,0.8,0.0,0.0,0.0
32,8,56,57,3,2,0,5,0,1.4285714285714286,0.0,0.0,0.0
32,8,56,57,4,3,0,4,0,1.7142857142857142,0.0,0.0,0.0
32,8,56,57,8,1,0,1,0,0.5,0.0,0.0,0.0
32,8,56,57,15,1,0,3,0,0.75,0.0,0.0,0.0
32,8,64,65,2,6,0,1,0,0.8571428571428571,0.0,0.0,0.0
32,8,64,65,4,3,0,4,0,1.7142857142857142,0.0,0.0,0.0
32,8,64,65,5,2,0,2,0,1.0,0.0,0.0,0.0
32,8,64,65,16,2,0,5,1,1.4285714285714286,0.0,0.2,-0.2
32,8,72,73,1,1,0,3,0,0.75,0.0,0.0,0.0
32,8,72,73,3,3,0,7,0,2.1,0.0,0.0,0.0
32,8,72,73,4,1,0,8,0,0.8888888888888888,0.0,0.0,0.0
32,8,72,73,15,1,0,3,0,0.75,0.0,0.0,0.0
32,8,80,81,4,1,0,8,0,0.8888888888888888,0.0,0.0,0.0
32,8,80,81,14,1,0,1,0,0.5,0.0,0.0,0.0
32,8,88,89,4,1,0,8,0,0.8888888888888888,0.0,0.0,0.0
32,8,88,89,13,1,0,1,0,0.5,0.0,0.0,0.0
32,8,88,89,14,2,0,1,0,0.6666666666666666,0.0,0.0,0.0
32,8,96,97,4,1,0,8,0,0.8888888888888888,0.0,0.0,0.0
32,8,96,97,13,3,0,1,0,0.75,0.0,0.0,0.0
32,8,104,105,4,1,0,8,0,0.8888888888888888,0.0,0.0,0.0
32,8,104,105,8,1,0,1,0,0.5,0.0,0.0,0.0
32,8,104,105,9,1,0,1,0,0.5,0.0,0.0,0.0
32,8,104,105,10,1,0,1,0,0.5,0.0,0.0,0.0
32,8,104,105,11,1,0,1,0,0.5,0.0,0.0,0.0
32,8,104,105,12,2,0,1,0,0.6666666666666666,0.0,0.0,0.0
32,8,104,105,13,2,0,2,0,1.0,0.0,0.0,0.0
32,8,112,113,4,1,0,8,0,0.8888888888888888,0.0,0.0,0.0
32,8,112,113,8,2,0,1,0,0.6666666666666666,0.0,0.0,0.0
32,8,112,113,9,2,0,1,0,0.6666666666666666,0.0,0.0,0.0
32,8,112,113,10,2,0,1,0,0.6666666666666666,0.0,0.0,0.0
32,8,112,113,11,3,0,1,0,0.75,0.0,0.0,0.0
32,8,112,113,12,4,0,1,0,0.8,0.0,0.0,0.0
32,8,120,121,4,1,0,8,0,0.8888888888888888,0.0,0.0,0.0
32,8,120,121,6,2,0,1,0,0.6666666666666666,0.0,0.0,0.0
32,8,120,121,7,1,0,2,0,0.6666666666666666,0.0,0.0,0.0
32,8,120,121,8,3,1,2,0,1.2,0.3333333333333333,0.0,0.3333333333333333
32,8,120,121,9,1,0,3,0,0.75,0.0,0.0,0.0
32,8,120,121,10,3,0,2,0,1.2,0.0,0.0,0.0
32,8,120,121,11,2,0,4,0,1.3333333333333333,0.0,0.0,0.0
32,8,128,129,4,1,0,8,0,0.8888888888888888,0.0,0.0,0.0
32,8,128,129,6,3,0,1,0,0.75,0.0,0.0,0.0
32,9,8,9,8,1,0,9,0,0.9,0.0,0.0,0.0
32,9,16,17,6,1,0,1,0,0.5,0.0,0.0,0.0
32,9,16,17,10,1,0,13,0,0.9285714285714286,0.0,0.0,0.0
32,9,24,25,6,1,0,1,0,0.5,0.0,0.0,0.0
32,9,24,25,8,1,0,8,0,0.8888888888888888,0.0,0.0,0.0
32,9,24,25,10,1,0,13,0,0.9285714285714286,0.0,0.0,0.0
32,9,24,25,12,1,1,14,0,0.9333333333333333,1.0,0.0,1.0
32,9,32,33,5,4,0,1,0,0.8,0.0,0.0,0.0
32,9,32,33,6,4,0,1,0,0.8,0.0,0.0,0.0
32,9,32,33,8,2,1,6,0,1.5,0.5,0.0,0.5
32,9,32,33,9,2,0,9,0,1.6363636363636365,0.0,0.0,0.0
32,9,32,33,11,3,0,11,0,2.357142857142857,0.0,0.0,0.0
32,9,32,33,12,1,0,13,0,0.9285714285714286,0.0,0.0,0.0
32,9,32,33,14,1,0,12,0,0.9230769230769231,0.0,0.0,0.0
32,9,32,33,15,2,1,10,0,1.6666666666666667,0.5,0.0,0.5
32,9,40,41,5,2,0,3,0,1.2,0.0,0.0,0.0
32,9,40,41,7,2,1,2,0,1.0,0.5,0.0,0.5
32,9,40,41,8,3,1,3,0,1.5,0.3333333333333333,0.0,0.3333333333333333
32,9,40,41,9,2,1,7,1,1.5555555555555556,0.5,0.14285714285714285,0.35714285714285715
32,9,40,41,10,2,0,9,0,1.6363636363636365,0.0,0.0,0.0
32,9,40,41,11,2,0,9,0,1.6363636363636365,0.0,0.0,0.0
32,9,40,41,12,3,0,9,0,2.25,0.0,0.0,0.0
32,9,40,41,13,4,1,9,0,2.769230769230769,0.25,0.0,0.25
32,9,40,41,15,1,1,11,0,0.9166666666666666,1.0,0.0,1.0
32,9,48,49,4,4,0,1,0,0.8,0.0,0.0,0.0
32,9,48,49,5,4,0,3,0,1.7142857142857142,0.0,0.0,0.0
32,9,48,49,6,2,0,2,0,1.0,0.0,0.0,0.0
32,9,48,49,7,2,0,1,0,0.6666666666666666,0.0,0.0,0.0
32,9,48,49,9,3,1,2,0,1.2,0.3333333333333333,0.0,0.3333333333333333
32,9,48,49,10,3,0,2,0,1.2,0.0,0.0,0.0
32,9,48,49,11,3,1,2,0,1.2,0.3333333333333333,0.0,0.3333333333333333
32,9,48,49,12,3,0,2,0,1.2,0.0,0.0,0.0
32,9,48,49,13,5,0,2,0,1.4285714285714286,0.0,0.0,0.0
32,9,48,49,14,3,0,5,0,1.875,0.0,0.0,0.0
32,9,48,49,15,3,0,6,0,2.0,0.0,0.0,0.0
32,9,48,49,16,1,0,7,0,0.875,0.0,0.0,0.0
32,9,48,49,17,1,0,7,0,0.875,0.0,0.0,0.0
32,9,48,49,18,1,0,7,0,0.875,0.0,0.0,0.0
32,9,56,57,4,5,0,1,0,0.8333333333333334,0.0,0.0,0.0
32,9,56,57,5,2,0,5,0,1.4285714285714286,0.0,0.0,0.0
32,9,56,57,6,2,0,2,0,1.0,0.0,0.0,0.0
32,9,56,57,15,2,1,3,0,1.2,0.5,0.0,0.5
32,9,56,57,16,3,2,4,0,1.7142857142857142,0.6666666666666666,0.0,0.6666666666666666
32,9,56,57,17,1,1,6,0,0.8571428571428571,1.0,0.0,1.0
32,9,56,57,18,1,1,6,0,0.8571428571428571,1.0,0.0,1.0
32,9,56,57,19,1,1,5,0,0.8333333333333334,1.0,0.0,1.0
32,9,64,65,4,3,0,3,0,1.5,0.0,0.0,0.0
32,9,64,65,5,3,0,5,0,1.875,0.0,0.0,0.0
32,9,64,65,6,2,0,2,0,1.0,0.0,0.0,0.0
32,9,64,65,15,2,0,1,0,0.6666666666666666,0.0,0.0,0.0
32,9,72,73,3,4,0,1,0,0.8,0.0,0.0,0.0
32,9,72,73,4,3,0,3,0,1.5,0.0,0.0,0.0
32,9,72,73,5,3,0,5,0,1.875,0.0,0.0,0.0
32,9,72,73,6,3,0,2,0,1.2,0.0,0.0,0.0
32,9,72,73,7,1,0,1,0,0.5,0.0,0.0,0.0
32,9,72,73,9,5,0,2,0,1.4285714285714286,0.0,0.0,0.0
32,9,72,73,10,2,0,4,0,1.3333333333333333,0.0,0.0,0.0
32,9,72,73,11,4,0,2,0,1.3333333333333333,0.0,0.0,0.0
32,9,72,73,12,4,0,2,0,1.3333333333333333,0.0,0.0,0.0
32,9,72,73,13,4,0,3,0,1.7142857142857142,0.0,0.0,0.0
32,9,72,73,14,2,0,6,0,1.5,0.0,0.0,0.0
32,9,72,73,15,2,0,7,0,1.5555555555555556,0.0,0.0,0.0
32,9,72,73,16,1,0,8,0,0.8888888888888888,0.0,0.0,0.0
32,9,72,73,17,1,0,8,0,0.8888888888888888,0.0,0.0,0.0
32,9,80,81,2,4,0,1,0,0.8,0.0,0.0,0.0
32,9,80,81,3,2,0,4,0,1.3333333333333333,0.0,0.0,0.0
32,9,80,81,4,1,0,5,0,0.8333333333333334,0.0,0.0,0.0
32,9,80,81,5,3,0,5,0,1.875,0.0,0.0,0.0
32,9,80,81,6,2,0,3,0,1.2,0.0,0.0,0.0
32,9,80,81,7,1,0,4,0,0.8,0.0,0.0,0.0
32,9,80,81,8,3,0,6,0,2.0,0.0,0.0,0.0
32,9,80,81,9,2,0,10,0,1.6666666666666667,0.0,0.0,0.0
32,9,80,81,10,1,0,13,0,0.9285714285714286,0.0,0.0,0.0
32,9,88,89,2,4,0,1,0,0.8,0.0,0.0,0.0
32,9,88,89,4,2,0,5,0,1.4285714285714286,0.0,0.0,0.0
32,9,88,89,5,2,0,6,0,1.5,0.0,0.0,0.0
32,9,88,89,6,2,0,3,0,1.2,0.0,0.0,0.0
32,9,88,89,7,3,0,4,0,1.7142857142857142,0.0,0.0,0.0
32,9,88,89,8,1,0,9,0,0.9,0.0,0.0,0.0
32,9,88,89,9,1,0,11,0,0.9166666666666666,0.0,0.0,0.0
32,9,88,89,10,1,0,13,0,0.9285714285714286,0.0,0.0,0.0
32,9,96,97,2,4,0,1,0,0.8,0.0,0.0,0.0
32,9,96,97,4,2,0,5,0,1.4285714285714286,0.0,0.0,0.0
32,9,96,97,5,1,0,7,0,0.875,0.0,0.0,0.0
32,9,96,97,6,2,0,4,0,1.3333333333333333,0.0,0.0,0.0
32,9,96,97,8,1,0,9,0,0.9,0.0,0.0,0.0
32,9,96,97,9,2,0,11,0,1.6923076923076923,0.0,0.0,0.0
32,9,104,105,2,2,0,4,0,1.3333333333333333,0.0,0.0,0.0
32,9,104,105,4,2,0,5,0,1.4285714285714286,0.0,0.0,0.0
32,9,104,105,5,1,0,7,0,0.875,0.0,0.0,0.0
32,9,104,105,6,2,0,4,0,1.3333333333333333,0.0,0.0,0.0
32,9,104,105,8,1,0,9,0,0.9,0.0,0.0,0.0
32,9,104,105,9,2,0,11,0,1.6923076923076923,0.0,0.0,0.0
32,9,112,113,4,2,0,5,0,1.4285714285714286,0.0,0.0,0.0
32,9,112,113,5,1,0,7,0,0.875,0.0,0.0,0.0
32,9,112,113,6,2,0,4,0,1.3333333333333333,0.0,0.0,0.0
32,9,112,113,8,2,0,9,0,1.6363636363636365,0.0,0.0,0.0
32,9,120,121,4,2,0,5,0,1.4285714285714286,0.0,0.0,0.0
32,9,120,121,5,1,0,7,0,0.875,0.0,0.0,0.0
32,9,120,121,6,2,0,4,0,1.3333333333333333,0.0,0.0,0.0
32,9,120,121,7,1,0,7,0,0.875,0.0,0.0,0.0
32,9,120,121,8,1,0,10,0,0.9090909090909091,0.0,0.0,0.0
32,9,128,129,4,2,0,5,0,1.4285714285714286,0.0,0.0,0.0
32,9,128,129,6,2,0,5,0,1.4285714285714286,0.0,0.0,0.0
32,10,24,25,7,3,0,2,0,1.2,0.0,0.0,0.0
32,10,32,33,7,3,1,2,0,1.2,0.3333333333333333,0.0,0.3333333333333333
32,10,40,41,7,1,0,1,0,0.5,0.0,0.0,0.0
32,10,40,41,8,1,1,1,0,0.5,1.0,0.0,1.0
32,10,40,41,9,3,0,1,0,0.75,0.0,0.0,0.0
32,10,40,41,10,1,0,4,0,0.8,0.0,0.0,0.0
32,10,40,41,11,1,0,5,0,0.8333333333333334,0.0,0.0,0.0
32,10,48,49,12,1,0,1,0,0.5,0.0,0.0,0.0
32,10,48,49,13,2,1,1,0,0.6666666666666666,0.5,0.0,0.5
32,10,56,57,2,2,0,1,0,0.6666666666666666,0.0,0.0,0.0
32,10,56,57,3,2,0,1,0,0.6666666666666666,0.0,0.0,0.0
32,10,56,57,14,1,1,3,0,0.75,1.0,0.0,1.0
32,10,64,65,3,1,0,4,0,0.8,0.0,0.0,0.0
32,10,64,65,4,1,0,4,0,0.8,0.0,0.0,0.0
32,10,64,65,5,2,0,2,0,1.0,0.0,0.0,0.0
32,10,64,65,6,1,0,1,0,0.5,0.0,0.0,0.0
32,10,64,65,14,1,1,1,1,0.5,1.0,1.0,0.0
32,10,64,65,15,2,0,2,0,1.0,0.0,0.0,0.0
32,10,64,65,16,3,0,5,0,1.875,0.0,0.0,0.0
32,10,64,65,17,5,1,6,0,2.727272727272727,0.2,0.0,0.2
32,10,64,65,18,4,1,8,0,2.6666666666666665,0.25,0.0,0.25
32,10,64,65,20,2,0,8,0,1.6,0.0,0.0,0.0
32,10,64,65,23,2,0,3,0,1.2,0.0,0.0,0.0
32,10,72,73,4,2,0,4,0,1.3333333333333333,0.0,0.0,0.0
32,10,72,73,5,1,0,3,0,0.75,0.0,0.0,0.0
32,10,72,73,6,1,0,2,0,0.6666666666666666,0.0,0.0,0.0
32,10,72,73,14,1,0,3,0,0.75,0.0,0.0,0.0
32,10,80,81,4,1,0,5,0,0.8333333333333334,0.0,0.0,0.0
32,10,80,81,7,2,0,2,0,1.0,0.0,0.0,0.0
32,10,80,81,8,1,0,2,0,0.6666666666666666,0.0,0.0,0.0
32,10,80,81,9,1,0,1,0,0.5,0.0,0.0,0.0
32,10,80,81,10,1,0,1,0,0.5,0.0,0.0,0.0
32,10,80,81,11,1,0,1,0,0.5,0.0,0.0,0.0
32,10,80,81,12,3,0,2,0,1.2,0.0,0.0,0.0
32,10,80,81,13,1,0,3,0,0.75,0.0,0.0,0.0
32,10,88,89,4,1,0,5,0,0.8333333333333334,0.0,0.0,0.0
32,10,88,89,6,3,0,4,0,1.7142857142857142,0.0,0.0,0.0
32,11,8,9,10,1,0,8,0,0.8888888888888888,0.0,0.0,0.0
32,11,16,17,7,1,0,1,0,0.5,0.0,0.0,0.0
32,11,24,25,7,1,0,1,0,0.5,0.0,0.0,0.0
32,11,32,33,8,1,0,2,0,0.6666666666666666,0.0,0.0,0.0
32,11,32,33,9,1,0,4,0,0.8,0.0,0.0,0.0
32,11,32,33,10,2,1,6,0,1.5,0.5,0.0,0.5
32,11,40,41,10,3,0,2,0,1.2,0.0,0.0,0.0
32,11,40,41,11,3,0,5,0,1.875,0.0,0.0,0.0
32,11,40,41,12,2,1,10,0,1.6666666666666667,0.5,0.0,0.5
32,11,40,41,13,1,0,11,0,0.9166666666666666,0.0,0.0,0.0
32,11,40,41,14,2,1,12,0,1.7142857142857142,0.5,0.0,0.5
32,11,48,49,11,4,0,1,0,0.8,0.0,0.0,0.0
32,11,48,49,12,4,0,3,0,1.7142857142857142,0.0,0.0,0.0
32,11,48,49,13,3,0,5,0,1.875,0.0,0.0,0.0
32,11,48,49,14,3,1,9,0,2.25,0.3333333333333333,0.0,0.3333333333333333
32,11,48,49,15,2,1,11,0,1.6923076923076923,0.5,0.0,0.5
32,11,56,57,6,1,0,1,0,0.5,0.0,0.0,0.0
32,11,56,57,12,2,0,1,0,0.6666666666666666,0.0,0.0,0.0
32,11,56,57,13,2,0,2,0,1.0,0.0,0.0,0.0
32,11,56,57,14,5,0,3,0,1.875,0.0,0.0,0.0
32,11,56,57,15,3,1,7,0,2.1,0.3333333333333333,0.0,0.3333333333333333
32,11,56,57,16,2,1,9,0,1.6363636363636365,0.5,0.0,0.5
32,11,56,57,17,1,0,10,0,0.9090909090909091,0.0,0.0,0.0
32,11,64,65,5,2,0,1,0,0.6666666666666666,0.0,0.0,0.0
32,11,64,65,6,1,0,1,0,0.5,0.0,0.0,0.0
32,11,64,65,7,1,0,1,0,0.5,0.0,0.0,0.0
32,11,64,65,12,1,0,1,0,0.5,0.0,0.0,0.0
32,11,64,65,13,1,0,2,0,0.6666666666666666,0.0,0.0,0.0
32,11,64,65,14,3,1,2,0,1.2,0.3333333333333333,0.0,0.3333333333333333
32,11,64,65,15,1,0,3,0,0.75,0.0,0.0,0.0
32,11,64,65,16,2,1,3,0,1.2,0.5,0.0,0.5
32,11,64,65,17,1,0,4,0,0.8,0.0,0.0,0.0
32,11,64,65,18,1,0,4,0,0.8,0.0,0.0,0.0
32,11,64,65,19,1,0,3,0,0.75,0.0,0.0,0.0
32,11,64,65,20,1,0,2,0,0.6666666666666666,0.0,0.0,0.0
32,11,72,73,3,1,0,2,0,0.6666666666666666,0.0,0.0,0.0
32,11,72,73,4,2,0,1,0,0.6666666666666666,0.0,0.0,0.0
32,11,72,73,5,2,0,1,0,0.6666666666666666,0.0,0.0,0.0
32,11,72,73,6,1,0,2,0,0.6666666666666666,0.0,0.0,0.0
32,11,72,73,7,2,0,1,0,0.6666666666666666,0.0,0.0,0.0
32,11,72,73,11,1,0,5,0,0.8333333333333334,0.0,0.0,0.0
32,11,72,73,12,1,0,8,0,0.8888888888888888,0.0,0.0,0.0
32,11,72,73,13,1,0,9,0,0.9,0.0,0.0,0.0
32,11,72,73,14,1,0,11,0,0.9166666666666666,0.0,0.0,0.0
32,11,72,73,15,1,0,11,0,0.9166666666666666,0.0,0.0,0.0
32,11,72,73,16,1,0,11,0,0.9166666666666666,0.0,0.0,0.0
32,11,80,81,2,2,0,2,0,1.0,0.0,0.0,0.0
32,11,80,81,3,3,0,2,0,1.2,0.0,0.0,0.0
32,11,80,81,4,2,0,2,0,1.0,0.0,0.0,0.0
32,11,80,81,5,1,0,2,0,0.6666666666666666,0.0,0.0,0.0
32,11,80,81,6,1,0,2,0,0.6666666666666666,0.0,0.0,0.0
32,11,80,81,7,3,0,1,0,0.75,0.0,0.0,0.0
32,11,80,81,8,2,0,2,0,1.0,0.0,0.0,0.0
32,11,80,81,9,2,0,3,0,1.2,0.0,0.0,0.0
32,11,80,81,10,2,0,5,0,1.4285714285714286,0.0,0.0,0.0
32,11,80,81,11,2,0,7,0,1.5555555555555556,0.0,0.0,0.0
32,11,80,81,12,2,0,10,0,1.6666666666666667,0.0,0.0,0.0
32,11,80,81,13,1,0,11,0,0.9166666666666666,0.0,0.0,0.0
32,11,80,81,14,1,0,13,0,0.9285714285714286,0.0,0.0,0.0
32,11,88,89,1,2,0,1,0,0.6666666666666666,0.0,0.0,0.0
32,11,88,89,2,2,0,3,0,1.2,0.0,0.0,0.0
32,11,88,89,3,3,0,3,0,1.5,0.0,0.0,0.0
32,11,88,89,4,1,0,3,0,0.75,0.0,0.0,0.0
32,11,88,89,5,2,0,2,0,1.0,0.0,0.0,0.0
32,11,88,89,6,1,0,2,0,0.6666666666666666,0.0,0.0,0.0
32,11,88,89,7,3,0,1,0,0.75,0.0,0.0,0.0
32,11,88,89,9,1,0,6,0,0.8571428571428571,0.0,0.0,0.0
32,11,96,97,1,2,0,1,0,0.6666666666666666,0.0,0.0,0.0
32,11,96,97,2,1,0,4,0,0.8,0.0,0.0,0.0
32,11,96,97,3,3,0,4,0,1.7142857142857142,0.0,0.0,0.0
32,11,96,97,4,2,0,3,0,1.2,0.0,0.0,0.0
32,11,96,97,5,2,0,2,0,1.0,0.0,0.0,0.0
32,11,96,97,6,3,0,2,0,1.2,0.0,0.0,0.0
32,11,96,97,8,1,0,5,0,0.8333333333333334,0.0,0.0,0.0
32,11,96,97,10,1,0,8,0,0.8888888888888888,0.0,0.0,0.0
32,11,104,105,1,2,0,2,0,1.0,0.0,0.0,0.0
32,11,104,105,2,1,0,5,0,0.8333333333333334,0.0,0.0,0.0
32,11,104,105,3,3,0,4,0,1.7142857142857142,0.0,0.0,0.0
32,11,104,105,4,1,0,4,0,0.8,0.0,0.0,0.0
32,11,104,105,5,3,0,2,0,1.2,0.0,0.0,0.0
32,11,104,105,6,2,0,3,0,1.2,0.0,0.0,0.0
32,11,104,105,7,1,0,4,0,0.8,0.0,0.0,0.0
32,11,104,105,9,1,0,7,0,0.875,0.0,0.0,0.0
32,11,112,113,3,2,0,6,0,1.5,0.0,0.0,0.0
32,11,112,113,4,1,0,5,0,0.8333333333333334,0.0,0.0,0.0
32,11,112,113,5,2,0,4,0,1.3333333333333333,0.0,0.0,0.0
32,11,112,113,6,3,0,4,0,1.7142857142857142,0.0,0.0,0.0
32,11,112,113,7,2,0,5,0,1.4285714285714286,0.0,0.0,0.0
32,11,112,113,8,1,0,7,0,0.875,0.0,0.0,0.0
32,11,120,121,3,2,0,6,0,1.5,0.0,0.0,0.0
32,11,120,121,5,1,0,7,0,0.875,0.0,0.0,0.0
32,11,128,129,3,2,0,6,0,1.5,0.0,0.0,0.0
32,11,128,129,5,1,0,7,0,0.875,0.0,0.0,0.0
32,11,136,137,3,2,0,6,0,1.5,0.0,0.0,0.0
32,11,136,137,5,1,0,7,0,0.875,0.0,0.0,0.0
32,12,8,9,10,1,0,6,0,0.8571428571428571,0.0,0.0,0.0
32,12,48,49,9,1,0,3,0,0.75,0.0,0.0,0.0
32,12,56,57,10,4,1,1,0,0.8,0.25,0.0,0.25
32,12,56,57,11,2,1,5,0,1.4285714285714286,0.5,0.0,0.5
32,12,56,57,12,2,1,8,0,1.6,0.5,0.0,0.5
32,12,56,57,13,2,2,9,0,1.6363636363636365,1.0,0.0,1.0
32,12,56,57,14,1,1,12,0,0.9230769230769231,1.0,0.0,1.0
32,12,56,57,16,1,0,13,0,0.9285714285714286,0.0,0.0,0.0
32,12,64,65,12,2,0,1,0,0.6666666666666666,0.0,0.0,0.0
32,12,64,65,13,5,1,1,0,0.8333333333333334,0.2,0.0,0.2
32,12,64,65,15,2,1,9,1,1.6363636363636365,0.5,0.1111111111111111,0.3888888888888889
32,12,64,65,17,2,0,9,0,1.6363636363636365,0.0,0.0,0.0
32,12,72,73,9,2,0,1,0,0.6666666666666666,0.0,0.0,0.0
32,12,72,73,10,2,0,4,0,1.3333333333333333,0.0,0.0,0.0
32,12,80,81,8,2,0,3,0,1.2,0.0,0.0,0.0
32,12,80,81,9,1,0,4,0,0.8,0.0,0.0,0.0
32,12,88,89,3,2,0,1,0,0.6666666666666666,0.0,0.0,0.0
32,12,88,89,7,3,0,1,0,0.75,0.0,0.0,0.0
32,12,88,89,8,1,0,4,0,0.8,0.0,0.0,0.0
32,12,88,89,9,1,0,4,0,0.8,0.0,0.0,0.0
32,12,96,97,2,2,0,1,0,0.6666666666666666,0.0,0.0,0.0
32,12,96,97,3,2,0,2,0,1.0,0.0,0.0,0.0
32,12,96,97,4,3,0,1,0,0.75,0.0,0.0,0.0
32,12,96,97,5,2,0,1,0,0.6666666666666666,0.0,0.0,0.0
32,12,96,97,6,3,0,1,0,0.75,0.0,0.0,0.0
32,12,96,97,7,2,0,2,0,1.0,0.0,0.0,0.0
32,12,96,97,8,1,0,4,0,0.8,0.0,0.0,0.0
32,12,96,97,9,1,0,4,0,0.8,0.0,0.0,0.0
32,12,104,105,2,2,0,1,0,0.6666666666666666,0.0,0.0,0.0
32,12,104,105,3,1,0,3,0,0.75,0.0,0.0,0.0
32,12,104,105,4,3,0,2,0,1.2,0.0,0.0,0.0
32,12,104,105,5,1,0,3,0,0.75,0.0,0.0,0.0
32,12,104,105,6,3,0,3,0,1.5,0.0,0.0,0.0
32,12,104,105,8,1,0,6,0,0.8571428571428571,0.0,0.0,0.0
32,12,112,113,2,2,0,2,0,1.0,0.0,0.0,0.0
32,12,112,113,3,3,0,3,0,1.5,0.0,0.0,0.0
32,12,112,113,4,2,0,4,0,1.3333333333333333,0.0,0.0,0.0
32,12,112,113,5,2,0,4,0,1.3333333333333333,0.0,0.0,0.0
32,12,112,113,6,3,0,4,0,1.7142857142857142,0.0,0.0,0.0
32,12,112,113,7,2,0,5,0,1.4285714285714286,0.0,0.0,0.0
32,12,120,121,2,3,0,2,0,1.2,0.0,0.0,0.0
32,12,120,121,3,2,0,4,0,1.3333333333333333,0.0,0.0,0.0
32,12,120,121,4,2,0,4,0,1.3333333333333333,0.0,0.0,0.0
32,12,120,121,5,2,0,4,0,1.3333333333333333,0.0,0.0,0.0
32,12,120,121,6,4,0,4,0,2.0,0.0,0.0,0.0
32,12,128,129,2,2,0,4,0,1.3333333333333333,0.0,0.0,0.0
32,12,128,129,3,2,0,5,0,1.4285714285714286,0.0,0.0,0.0
32,12,128,129,4,2,0,5,0,1.4285714285714286,0.0,0.0,0.0
32,12,128,129,5,3,0,5,0,1.875,0.0,0.0,0.0
32,13,8,9,10,1,0,6,0,0.8571428571428571,0.0,0.0,0.0
32,13,16,17,10,1,0,6,0,0.8571428571428571,0.0,0.0,0.0
32,13,24,25,10,1,0,6,0,0.8571428571428571,0.0,0.0,0.0
32,13,24,25,12,1,0,8,0,0.8888888888888888,0.0,0.0,0.0
32,13,32,33,10,2,1,2,0,1.0,0.5,0.0,0.5
32,13,32,33,11,4,0,4,0,2.0,0.0,0.0,0.0
32,13,32,33,12,1,0,8,0,0.8888888888888888,0.0,0.0,0.0
32,13,40,41,2,1,0,1,0,0.5,0.0,0.0,0.0
32,13,40,41,10,1,0,1,0,0.5,0.0,0.0,0.0
32,13,40,41,12,2,0,2,0,1.0,0.0,0.0,0.0
32,13,40,41,13,5,0,3,0,1.875,0.0,0.0,0.0
32,13,48,49,1,1,0,1,0,0.5,0.0,0.0,0.0
32,13,48,49,3,4,0,1,0,0.8,0.0,0.0,0.0
32,13,48,49,6,2,0,1,0,0.6666666666666666,0.0,0.0,0.0
32,13,48,49,13,4,2,1,0,0.8,0.5,0.0,0.5
32,13,48,49,14,4,1,5,0,2.2222222222222223,0.25,0.0,0.25
32,13,48,49,15,2,0,8,0,1.6,0.0,0.0,0.0
32,13,48,49,16,2,0,11,0,1.6923076923076923,0.0,0.0,0.0
32,13,48,49,17,1,0,13,0,0.9285714285714286,0.0,0.0,0.0
32,13,48,49,18,1,0,14,0,0.9333333333333333,0.0,0.0,0.0
32,13,56,57,2,1,0,4,0,0.8,0.0,0.0,0.0
32,13,56,57,3,3,0,3,0,1.5,0.0,0.0,0.0
32,13,56,57,4,2,0,3,0,1.2,0.0,0.0,0.0
32,13,56,57,5,3,0,2,0,1.2,0.0,0.0,0.0
32,13,56,57,6,2,0,2,0,1.0,0.0,0.0,0.0
32,13,56,57,12,1,0,1,0,0.5,0.0,0.0,0.0
32,13,56,57,13,1,0,1,0,0.5,0.0,0.0,0.0
32,13,56,57,14,3,1,1,0,0.75,0.3333333333333333,0.0,0.3333333333333333
32,13,56,57,15,3,2,3,0,1.5,0.6666666666666666,0.0,0.6666666666666666
32,13,56,57,16,4,2,6,0,2.4,0.5,0.0,0.5
32,13,56,57,17,4,3,9,0,2.769230769230769,0.75,0.0,0.75
32,13,56,57,18,1,0,13,0,0.9285714285714286,0.0,0.0,0.0
32,13,56,57,19,1,1,13,0,0.9285714285714286,1.0,0.0,1.0
32,13,64,65,3,1,0,6,0,0.8571428571428571,0.0,0.0,0.0
32,13,64,65,5,3,0,5,0,1.875,0.0,0.0,0.0
32,13,64,65,6,3,0,4,0,1.7142857142857142,0.0,0.0,0.0
32,13,64,65,13,3,0,1,0,0.75,0.0,0.0,0.0
32,13,64,65,14,1,0,4,0,0.8,0.0,0.0,0.0
32,13,64,65,15,2,0,5,0,1.4285714285714286,0.0,0.0,0.0
32,13,64,65,16,1,0,8,0,0.8888888888888888,0.0,0.0,0.0
32,13,64,65,17,1,1,9,0,0.9,1.0,0.0,1.0
32,13,72,73,6,3,0,5,0,1.875,0.0,0.0,0.0
32,13,72,73,7,3,0,1,0,0.75,0.0,0.0,0.0
32,13,72,73,13,2,0,3,0,1.2,0.0,0.0,0.0
32,13,72,73,14,2,0,6,0,1.5,0.0,0.0,0.0
32,13,72,73,15,1,0,10,0,0.9090909090909091,0.0,0.0,0.0
32,13,80,81,6,1,0,7,0,0.875,0.0,0.0,0.0
32,13,80,81,10,5,0,1,0,0.8333333333333334,0.0,0.0,0.0
32,13,80,81,11,2,0,7,0,1.5555555555555556,0.0,0.0,0.0
32,14,8,9,10,1,0,3,0,0.75,0.0,0.0,0.0
32,14,32,33,11,2,0,3,0,1.2,0.0,0.0,0.0
32,14,40,41,12,3,0,2,0,1.2,0.0,0.0,0.0
32,14,40,41,13,4,1,4,0,2.0,0.25,0.0,0.25
32,14,48,49,13,2,1,1,0,0.6666666666666666,0.5,0.0,0.5
32,14,48,49,14,1,1,2,0,0.6666666666666666,1.0,0.0,1.0
32,14,48,49,15,2,1,2,0,1.0,0.5,0.0,0.5
32,14,48,49,16,1,1,3,0,0.75,1.0,0.0,1.0
32,14,56,57,17,1,0,1,0,0.5,0.0,0.0,0.0
32,14,72,73,5,3,0,1,0,0.75,0.0,0.0,0.0
32,14,72,73,6,1,0,1,0,0.5,0.0,0.0,0.0
32,14,72,73,16,2,0,1,0,0.6666666666666666,0.0,0.0,0.0
32,14,72,73,17,1,0,1,0,0.5,0.0,0.0,0.0
32,14,80,81,4,2,0,3,0,1.2,0.0,0.0,0.0
32,14,80,81,5,1,0,3,0,0.75,0.0,0.0,0.0
32,14,80,81,6,3,0,1,0,0.75,0.0,0.0,0.0
32,14,80,81,7,1,0,1,0,0.5,0.0,0.0,0.0
32,14,80,81,11,2,0,1,0,0.6666666666666666,0.0,0.0,0.0
32,14,80,81,12,4,0,3,0,1.7142857142857142,0.0,0.0,0.0
32,14,88,89,3,2,0,2,0,1.0,0.0,0.0,0.0
32,14,88,89,4,1,0,4,0,0.8,0.0,0.0,0.0
32,14,88,89,6,2,0,4,0,1.3333333333333333,0.0,0.0,0.0
32,14,88,89,8,2,0,1,0,0.6666666666666666,0.0,0.0,0.0
32,14,96,97,3,1,0,3,0,0.75,0.0,0.0,0.0
32,14,96,97,4,1,0,4,0,0.8,0.0,0.0,0.0
32,14,96,97,6,1,0,5,0,0.8333333333333334,0.0,0.0,0.0
32,14,104,105,4,1,0,4,0,0.8,0.0,0.0,0.0
32,14,104,105,6,1,0,5,0,0.8333333333333334,0.0,0.0,0.0
32,14,112,113,2,4,0,2,0,1.3333333333333333,0.0,0.0,0.0
32,14,112,113,3,2,0,4,0,1.3333333333333333,0.0,0.0,0.0
32,14,112,113,5,1,0,6,0,0.8571428571428571,0.0,0.0,0.0
32,15,8,9,7,3,1,5,0,1.875,0.3333333333333333,0.0,0.3333333333333333
32,15,8,9,8,3,1,7,0,2.1,0.3333333333333333,0.0,0.3333333333333333
32,15,8,9,9,1,0,9,0,0.9,0.0,0.0,0.0
32,15,8,9,10,1,0,10,0,0.9090909090909091,0.0,0.0,0.0
32,15,16,17,7,1,1,4,0,0.8,1.0,0.0,1.0
32,15,16,17,8,1,0,5,0,0.8333333333333334,0.0,0.0,0.0
32,15,16,17,9,3,0,6,0,2.0,0.0,0.0,0.0
32,15,16,17,10,1,0,10,0,0.9090909090909091,0.0,0.0,0.0
32,15,24,25,6,1,0,3,0,0.75,0.0,0.0,0.0
32,15,24,25,9,2,1,6,0,1.5,0.5,0.0,0.5
32,15,24,25,10,1,0,8,0,0.8888888888888888,0.0,0.0,0.0
32,15,32,33,5,2,0,1,0,0.6666666666666666,0.0,0.0,0.0
32,15,32,33,6,3,0,1,0,0.75,0.0,0.0,0.0
32,15,32,33,7,1,0,2,0,0.6666666666666666,0.0,0.0,0.0
32,15,32,33,8,2,1,2,0,1.0,0.5,0.0,0.5
32,15,32,33,9,2,0,3,0,1.2,0.0,0.0,0.0
32,15,32,33,10,2,0,4,0,1.3333333333333333,0.0,0.0,0.0
32,15,32,33,11,1,0,5,0,0.8333333333333334,0.0,0.0,0.0
32,15,32,33,12,1,0,7,0,0.875,0.0,0.0,0.0
32,15,40,41,2,1,0,1,0,0.5,0.0,0.0,0.0
32,15,40,41,4,1,0,2,0,0.6666666666666666,0.0,0.0,0.0
32,15,40,41,9,2,0,1,0,0.6666666666666666,0.0,0.0,0.0
32,15,40,41,10,1,0,3,0,0.75,0.0,0.0,0.0
32,15,40,41,11,1,0,4,0,0.8,0.0,0.0,0.0
32,15,40,41,12,1,0,6,0,0.8571428571428571,0.0,0.0,0.0
32,15,40,41,13,1,0,8,0,0.8888888888888888,0.0,0.0,0.0
32,15,48,49,2,1,0,1,0,0.5,0.0,0.0,0.0
32,15,48,49,4,4,0,2,0,1.3333333333333333,0.0,0.0,0.0
32,15,48,49,5,3,0,1,0,0.75,0.0,0.0,0.0
32,15,48,49,6,2,0,1,0,0.6666666666666666,0.0,0.0,0.0
32,15,48,49,9,1,0,1,0,0.5,0.0,0.0,0.0
32,15,48,49,10,1,0,1,0,0.5,0.0,0.0,0.0
32,15,48,49,11,1,1,2,0,0.6666666666666666,1.0,0.0,1.0
32,15,48,49,13,3,0,1,0,0.75,0.0,0.0,0.0
32,15,48,49,14,5,1,2,0,1.4285714285714286,0.2,0.0,0.2
32,15,48,49,15,4,0,4,0,2.0,0.0,0.0,0.0
32,15,48,49,16,3,0,4,0,1.7142857142857142,0.0,0.0,0.0
32,15,48,49,17,3,1,4,0,1.7142857142857142,0.3333333333333333,0.0,0.3333333333333333
32,15,48,49,18,2,1,5,0,1.4285714285714286,0.5,0.0,0.5
32,15,56,57,1,2,0,1,0,0.6666666666666666,0.0,0.0,0.0
32,15,56,57,2,1,0,3,0,0.75,0.0,0.0,0.0
32,15,56,57,3,3,0,2,0,1.2,0.0,0.0,0.0
32,15,56,57,4,4,0,2,0,1.3333333333333333,0.0,0.0,0.0
32,15,56,57,5,4,0,1,0,0.8,0.0,0.0,0.0
32,15,56,57,6,2,0,1,0,0.6666666666666666,0.0,0.0,0.0
32,15,56,57,7,2,0,1,0,0.6666666666666666,0.0,0.0,0.0
32,15,56,57,15,1,1,1,0,0.5,1.0,0.0,1.0
32,15,56,57,16,1,1,1,0,0.5,1.0,0.0,1.0
32,15,56,57,17,1,1,1,0,0.5,1.0,0.0,1.0
32,15,56,57,18,1,1,1,0,0.5,1.0,0.0,1.0
32,15,64,65,2,2,0,3,0,1.2,0.0,0.0,0.0
32,15,64,65,3,1,0,4,0,0.8,0.0,0.0,0.0
32,15,64,65,4,4,0,3,0,1.7142857142857142,0.0,0.0,0.0
32,15,64,65,5,4,0,2,0,1.3333333333333333,0.0,0.0,0.0
32,15,64,65,6,1,0,3,0,0.75,0.0,0.0,0.0
32,15,64,65,7,1,0,2,0,0.6666666666666666,0.0,0.0,0.0
32,15,64,65,11,1,0,1,0,0.5,0.0,0.0,0.0
32,15,64,65,12,1,0,1,0,0.5,0.0,0.0,0.0
32,15,64,65,13,1,0,1,0,0.5,0.0,0.0,0.0
32,15,64,65,14,1,0,1,0,0.5,0.0,0.0,0.0
32,15,64,65,15,1,0,1,0,0.5,0.0,0.0,0.0
32,15,72,73,1,2,0,1,0,0.6666666666666666,0.0,0.0,0.0
32,15,72,73,2,1,0,3,0,0.75,0.0,0.0,0.0
32,15,72,73,3,2,0,3,0,1.2,0.0,0.0,0.0
32,15,72,73,4,3,0,4,0,1.7142857142857142,0.0,0.0,0.0
32,15,72,73,5,5,0,2,0,1.4285714285714286,0.0,0.0,0.0
32,15,72,73,6,1,0,3,0,0.75,0.0,0.0,0.0
32,15,72,73,7,1,0,2,0,0.6666666666666666,0.0,0.0,0.0
32,15,72,73,8,2,0,1,0,0.6666666666666666,0.0,0.0,0.0
32,15,72,73,9,3,1,1,0,0.75,0.3333333333333333,0.0,0.3333333333333333
32,15,72,73,10,1,0,2,0,0.6666666666666666,0.0,0.0,0.0
32,15,72,73,11,1,0,3,0,0.75,0.0,0.0,0.0
32,15,72,73,12,2,0,3,0,1.2,0.0,0.0,0.0
32,15,72,73,13,4,0,5,0,2.2222222222222223,0.0,0.0,0.0
32,15,80,81,2,2,0,3,0,1.2,0.0,0.0,0.0
32,15,80,81,3,1,0,4,0,0.8,0.0,0.0,0.0
32,15,80,81,4,3,0,4,0,1.7142857142857142,0.0,0.0,0.0
32,15,80,81,5,4,0,3,0,1.7142857142857142,0.0,0.0,0.0
32,15,80,81,6,2,0,3,0,1.2,0.0,0.0,0.0
32,15,80,81,7,1,0,2,0,0.6666666666666666,0.0,0.0,0.0
32,15,80,81,8,2,0,1,0,0.6666666666666666,0.0,0.0,0.0
32,15,80,81,9,2,0,1,0,0.6666666666666666,0.0,0.0,0.0
32,15,80,81,10,1,0,2,0,0.6666666666666666,0.0,0.0,0.0
32,15,80,81,11,2,0,3,0,1.2,0.0,0.0,0.0
32,15,80,81,12,1,0,6,0,0.8571428571428571,0.0,0.0,0.0
32,15,80,81,13,1,0,8,0,0.8888888888888888,0.0,0.0,0.0
32,15,88,89,2,2,0,3,0,1.2,0.0,0.0,0.0
32,15,88,89,4,4,0,4,0,2.0,0.0,0.0,0.0
32,15,88,89,5,2,0,5,0,1.4285714285714286,0.0,0.0,0.0
32,15,88,89,6,1,0,4,0,0.8,0.0,0.0,0.0
32,15,88,89,7,3,0,2,0,1.2,0.0,0.0,0.0
32,15,88,89,8,1,0,3,0,0.75,0.0,0.0,0.0
32,15,88,89,9,2,0,3,0,1.2,0.0,0.0,0.0
32,15,88,89,10,4,0,4,0,2.0,0.0,0.0,0.0
32,15,88,89,11,1,0,7,0,0.875,0.0,0.0,0.0
32,15,88,89,12,1,0,8,0,0.8888888888888888,0.0,0.0,0.0
32,15,96,97,2,2,0,3,0,1.2,0.0,0.0,0.0
32,15,96,97,4,3,0,5,0,1.875,0.0,0.0,0.0
32,15,96,97,6,1,0,8,0,0.8888888888888888,0.0,0.0,0.0
32,15,96,97,7,2,0,9,0,1.6363636363636365,0.0,0.0,0.0
32,15,96,97,9,1,0,8,0,0.8888888888888888,0.0,0.0,0.0
32,15,96,97,10,1,0,8,0,0.8888888888888888,0.0,0.0,0.0
32,15,96,97,11,1,0,8,0,0.8888888888888888,0.0,0.0,0.0
32,15,104,105,2,2,0,3,0,1.2,0.0,0.0,0.0
32,15,104,105,4,2,0,6,0,1.5,0.0,0.0,0.0
32,15,104,105,5,1,0,8,0,0.8888888888888888,0.0,0.0,0.0
32,15,104,105,6,1,0,9,0,0.9,0.0,0.0,0.0
32,15,104,105,7,1,0,10,0,0.9090909090909091,0.0,0.0,0.0
32,15,104,105,8,1,0,10,0,0.9090909090909091,0.0,0.0,0.0
32,15,104,105,9,1,0,9,0,0.9,0.0,0.0,0.0
32,15,104,105,10,1,0,9,0,0.9,0.0,0.0,0.0
32,15,112,113,2,2,0,3,0,1.2,0.0,0.0,0.0
32,15,112,113,4,2,0,6,0,1.5,0.0,0.0,0.0
32,15,120,121,2,2,0,3,0,1.2,0.0,0.0,0.0
32,15,120,121,4,2,0,6,0,1.5,0.0,0.0,0.0
32,15,128,129,2,2,0,3,0,1.2,0.0,0.0,0.0
32,15,128,129,4,2,0,6,0,1.5,0.0,0.0,0.0
32,15,136,137,2,2,0,3,0,1.2,0.0,0.0,0.0
32,15,136,137,4,2,0,6,0,1.5,0.0,0.0,0.0
32,16,8,9,9,1,1,5,0,0.8333333333333334,1.0,0.0,1.0
32,16,8,9,10,1,0,6,0,0.8571428571428571,0.0,0.0,0.0
32,16,16,17,11,1,0,7,0,0.875,0.0,0.0,0.0
32,16,24,25,8,1,0,2,0,0.6666666666666666,0.0,0.0,0.0
32,16,24,25,9,2,0,3,0,1.2,0.0,0.0,0.0
32,16,24,25,11,1,0,7,0,0.875,0.0,0.0,0.0
32,16,32,33,8,1,0,3,0,0.75,0.0,0.0,0.0
32,16,32,33,9,1,0,5,1,0.8333333333333334,0.0,0.2,-0.2
32,16,32,33,11,1,0,7,0,0.875,0.0,0.0,0.0
32,16,40,41,8,2,0,2,0,1.0,0.0,0.0,0.0
32,16,40,41,9,2,0,3,0,1.2,0.0,0.0,0.0
32,16,40,41,10,2,0,4,0,1.3333333333333333,0.0,0.0,0.0
32,16,40,41,12,1,0,7,0,0.875,0.0,0.0,0.0
32,16,48,49,3,1,0,1,0,0.5,0.0,0.0,0.0
32,16,48,49,4,3,1,1,0,0.75,0.3333333333333333,0.0,0.3333333333333333
32,16,48,49,5,2,0,2,0,1.0,0.0,0.0,0.0
32,16,48,49,6,3,0,1,0,0.75,0.0,0.0,0.0
32,16,48,49,7,2,0,1,0,0.6666666666666666,0.0,0.0,0.0
32,16,48,49,8,2,0,1,0,0.6666666666666666,0.0,0.0,0.0
32,16,48,49,9,2,0,2,0,1.0,0.0,0.0,0.0
32,16,48,49,10,3,0,1,0,0.75,0.0,0.0,0.0
32,16,48,49,11,2,0,3,0,1.2,0.0,0.0,0.0
32,16,48,49,12,4,1,3,0,1.7142857142857142,0.25,0.0,0.25
32,16,48,49,13,2,0,6,0,1.5,0.0,0.0,0.0
32,16,48,49,14,1,0,7,0,0.875,0.0,0.0,0.0
32,16,48,49,15,3,1,6,0,2.0,0.3333333333333333,0.0,0.3333333333333333
32,16,56,57,3,2,0,1,0,0.6666666666666666,0.0,0.0,0.0
32,16,56,57,4,2,0,3,0,1.2,0.0,0.0,0.0
32,16,56,57,5,2,0,4,0,1.3333333333333333,0.0,0.0,0.0
32,16,56,57,6,4,0,2,0,1.3333333333333333,0.0,0.0,0.0
32,16,56,57,7,2,0,2,0,1.0,0.0,0.0,0.0
32,16,56,57,8,1,0,2,0,0.6666666666666666,0.0,0.0,0.0
32,16,56,57,9,2,0,1,0,0.6666666666666666,0.0,0.0,0.0
32,16,56,57,10,1,0,1,0,0.5,0.0,0.0,0.0
32,16,56,57,11,2,0,1,0,0.6666666666666666,0.0,0.0,0.0
32,16,56,57,12,2,0,1,0,0.6666666666666666,0.0,0.0,0.0
32,16,56,57,13,3,0,1,0,0.75,0.0,0.0,0.0
32,16,56,57,14,3,0,1,0,0.75,0.0,0.0,0.0
32,16,56,57,17,2,1,1,0,0.6666666666666666,0.5,0.0,0.5
32,16,56,57,18,1,0,1,0,0.5,0.0,0.0,0.0
32,16,56,57,19,1,0,1,0,0.5,0.0,0.0,0.0
32,16,56,57,20,1,0,1,0,0.5,0.0,0.0,0.0
32,16,56,57,21,1,0,1,0,0.5,0.0,0.0,0.0
32,16,64,65,3,4,0,1,0,0.8,0.0,0.0,0.0
32,16,64,65,5,1,0,5,0,0.8333333333333334,0.0,0.0,0.0
32,16,64,65,6,2,0,4,0,1.3333333333333333,0.0,0.0,0.0
32,16,64,65,7,2,0,3,0,1.2,0.0,0.0,0.0
32,16,64,65,9,3,0,2,0,1.2,0.0,0.0,0.0
32,16,64,65,10,2,0,2,0,1.0,0.0,0.0,0.0
32,16,64,65,11,2,0,2,0,1.0,0.0,0.0,0.0
32,16,64,65,12,3,0,1,0,0.75,0.0,0.0,0.0
32,16,64,65,13,3,0,1,0,0.75,0.0,0.0,0.0
32,16,64,65,14,3,0,1,0,0.75,0.0,0.0,0.0
32,16,64,65,16,2,0,1,0,0.6666666666666666,0.0,0.0,0.0
32,16,64,65,17,3,0,2,0,1.2,0.0,0.0,0.0
32,16,64,65,18,2,0,2,0,1.0,0.0,0.0,0.0
32,16,64,65,19,1,0,2,0,0.6666666666666666,0.0,0.0,0.0
32,16,64,65,21,1,0,1,0,0.5,0.0,0.0,0.0
32,16,72,73,3,4,0,1,0,0.8,0.0,0.0,0.0
32,16,72,73,5,1,0,5,0,0.8333333333333334,0.0,0.0,0.0
32,16,72,73,7,3,0,3,0,1.5,0.0,0.0,0.0
32,16,72,73,9,4,0,2,0,1.3333333333333333,0.0,0.0,0.0
32,16,72,73,10,1,0,5,0,0.8333333333333334,0.0,0.0,0.0
32,16,72,73,11,1,0,6,0,0.8571428571428571,0.0,0.0,0.0
32,16,72,73,12,1,0,6,0,0.8571428571428571,0.0,0.0,0.0
32,16,72,73,13,1,0,7,0,0.875,0.0,0.0,0.0
32,16,72,73,14,1,0,8,0,0.8888888888888888,0.0,0.0,0.0
32,16,72,73,15,1,0,8,0,0.8888888888888888,0.0,0.0,0.0
32,16,80,81,2,3,0,1,0,0.75,0.0,0.0,0.0
32,16,80,81,5,1,0,5,0,0.8333333333333334,0.0,0.0,0.0
32,16,80,81,7,3,0,3,0,1.5,0.0,0.0,0.0
32,16,80,81,9,1,0,6,0,0.8571428571428571,0.0,0.0,0.0
32,16,88,89,2,3,0,1,0,0.75,0.0,0.0,0.0
32,16,88,89,7,2,0,4,0,1.3333333333333333,0.0,0.0,0.0
32,16,88,89,9,1,0,6,0,0.8571428571428571,0.0,0.0,0.0
32,16,96,97,2,3,0,1,0,0.75,0.0,0.0,0.0
32,16,96,97,7,2,0,4,0,1.3333333333333333,0.0,0.0,0.0
32,16,96,97,9,1,0,6,0,0.8571428571428571,0.0,0.0,0.0
32,17,32,33,13,1,0,1,0,0.5,0.0,0.0,0.0
32,17,48,49,6,1,0,1,0,0.5,0.0,0.0,0.0
32,17,48,49,7,1,0,2,0,0.6666666666666666,0.0,0.0,0.0
32,17,48,49,8,1,0,1,0,0.5,0.0,0.0,0.0
32,17,48,49,17,1,0,3,0,0.75,0.0,0.0,0.0
32,17,48,49,18,1,0,4,0,0.8,0.0,0.0,0.0
32,17,48,49,19,1,0,5,0,0.8333333333333334,0.0,0.0,0.0
32,17,48,49,20,1,0,6,0,0.8571428571428571,0.0,0.0,0.0
32,17,56,57,4,1,0,1,0,0.5,0.0,0.0,0.0
32,17,56,57,6,1,0,2,0,0.6666666666666666,0.0,0.0,0.0
32,17,56,57,8,2,0,1,0,0.6666666666666666,0.0,0.0,0.0
32,17,56,57,17,2,0,1,0,0.6666666666666666,0.0,0.0,0.0
32,17,56,57,18,2,0,2,0,1.0,0.0,0.0,0.0
32,17,56,57,19,2,0,3,0,1.2,0.0,0.0,0.0
32,17,56,57,20,2,0,4,0,1.3333333333333333,0.0,0.0,0.0
32,17,56,57,21,1,0,4,0,0.8,0.0,0.0,0.0
32,17,56,57,22,1,0,4,0,0.8,0.0,0.0,0.0
32,17,64,65,3,1,0,1,0,0.5,0.0,0.0,0.0
32,17,64,65,4,1,0,1,0,0.5,0.0,0.0,0.0
32,17,64,65,6,1,0,2,0,0.6666666666666666,0.0,0.0,0.0
32,17,64,65,8,1,0,2,0,0.6666666666666666,0.0,0.0,0.0
32,17,64,65,9,1,0,1,0,0.5,0.0,0.0,0.0
32,17,64,65,20,2,2,1,0,0.6666666666666666,1.0,0.0,1.0
32,17,64,65,21,2,0,1,0,0.6666666666666666,0.0,0.0,0.0
32,17,64,65,22,1,1,1,0,0.5,1.0,0.0,1.0
32,17,64,65,23,1,0,1,0,0.5,0.0,0.0,0.0
32,17,64,65,24,1,1,2,1,0.6666666666666666,1.0,0.5,0.5
32,17,64,65,25,1,1,1,0,0.5,1.0,0.0,1.0
32,17,72,73,1,1,0,1,0,0.5,0.0,0.0,0.0
32,17,72,73,2,1,0,1,0,0.5,0.0,0.0,0.0
32,17,72,73,3,1,0,1,0,0.5,0.0,0.0,0.0
32,17,72,73,5,1,0,2,0,0.6666666666666666,0.0,0.0,0.0
32,17,72,73,6,1,0,2,0,0.6666666666666666,0.0,0.0,0.0
32,17,72,73,8,1,0,2,0,0.6666666666666666,0.0,0.0,0.0
32,17,72,73,10,1,0,1,0,0.5,0.0,0.0,0.0
32,17,72,73,11,1,0,1,0,0.5,0.0,0.0,0.0
32,17,80,81,1,1,0,1,0,0.5,0.0,0.0,0.0
32,17,80,81,3,1,0,2,0,0.6666666666666666,0.0,0.0,0.0
32,17,80,81,5,1,0,3,0,0.75,0.0,0.0,0.0
32,17,80,81,7,1,0,4,0,0.8,0.0,0.0,0.0
32,17,80,81,9,1,0,3,0,0.75,0.0,0.0,0.0
32,17,80,81,11,1,0,2,0,0.6666666666666666,0.0,0.0,0.0
32,18,8,9,8,3,0,4,0,1.7142857142857142,0.0,0.0,0.0
32,18,8,9,9,1,1,8,0,0.8888888888888888,1.0,0.0,1.0
32,18,8,9,10,1,0,8,0,0.8888888888888888,0.0,0.0,0.0
32,18,16,17,8,2,0,3,0,1.2,0.0,0.0,0.0
32,18,16,17,9,2,0,6,0,1.5,0.0,0.0,0.0
32,18,16,17,11,1,0,9,0,0.9,0.0,0.0,0.0
32,18,24,25,8,1,0,3,0,0.75,0.0,0.0,0.0
32,18,24,25,10,1,0,5,0,0.8333333333333334,0.0,0.0,0.0
32,18,24,25,12,1,0,10,0,0.9090909090909091,0.0,0.0,0.0
32,18,32,33,8,1,0,3,0,0.75,0.0,0.0,0.0
32,18,32,33,10,1,0,5,0,0.8333333333333334,0.0,0.0,0.0
32,18,32,33,11,1,0,7,0,0.875,0.0,0.0,0.0
32,18,32,33,12,1,0,9,0,0.9,0.0,0.0,0.0
32,18,32,33,14,2,0,12,0,1.7142857142857142,0.0,0.0,0.0
32,18,32,33,15,1,0,11,0,0.9166666666666666,0.0,0.0,0.0
32,18,40,41,5,2,0,1,0,0.6666666666666666,0.0,0.0,0.0
32,18,40,41,9,2,0,2,0,1.0,0.0,0.0,0.0
32,18,40,41,10,3,1,3,0,1.5,0.3333333333333333,0.0,0.3333333333333333
32,18,40,41,11,1,0,7,0,0.875,0.0,0.0,0.0
32,18,40,41,13,2,0,11,0,1.6923076923076923,0.0,0.0,0.0
32,18,40,41,14,1,0,12,0,0.9230769230769231,0.0,0.0,0.0
32,18,40,41,15,1,0,11,0,0.9166666666666666,0.0,0.0,0.0
32,18,48,49,4,1,0,3,0,0.75,0.0,0.0,0.0
32,18,48,49,5,2,0,2,0,1.0,0.0,0.0,0.0
32,18,48,49,6,2,0,1,0,0.6666666666666666,0.0,0.0,0.0
32,18,48,49,9,1,0,1,0,0.5,0.0,0.0,0.0
32,18,48,49,10,2,0,1,0,0.6666666666666666,0.0,0.0,0.0
32,18,48,49,11,3,0,2,0,1.2,0.0,0.0,0.0
32,18,48,49,12,3,0,3,0,1.5,0.0,0.0,0.0
32,18,48,49,13,5,1,4,0,2.2222222222222223,0.2,0.0,0.2
32,18,48,49,14,3,1,7,0,2.1,0.3333333333333333,0.0,0.3333333333333333
32,18,48,49,15,4,1,7,0,2.5454545454545454,0.25,0.0,0.25
32,18,48,49,16,4,1,7,0,2.5454545454545454,0.25,0.0,0.25
32,18,48,49,18,1,0,9,0,0.9,0.0,0.0,0.0
32,18,56,57,3,1,0,3,0,0.75,0.0,0.0,0.0
32,18,56,57,4,1,0,3,0,0.75,0.0,0.0,0.0
32,18,56,57,5,1,0,3,0,0.75,0.0,0.0,0.0
32,18,56,57,6,3,0,1,0,0.75,0.0,0.0,0.0
32,18,56,57,10,1,0,1,0,0.5,0.0,0.0,0.0
32,18,56,57,11,3,0,1,0,0.75,0.0,0.0,0.0
32,18,56,57,12,3,0,2,0,1.2,0.0,0.0,0.0
32,18,56,57,13,3,0,3,0,1.5,0.0,0.0,0.0
32,18,56,57,14,2,1,4,0,1.3333333333333333,0.5,0.0,0.5
32,18,56,57,15,1,0,4,0,0.8,0.0,0.0,0.0
32,18,56,57,16,2,1,4,0,1.3333333333333333,0.5,0.0,0.5
32,18,56,57,17,2,0,4,0,1.3333333333333333,0.0,0.0,0.0
32,18,56,57,18,2,0,7,0,1.5555555555555556,0.0,0.0,0.0
32,18,56,57,19,1,1,8,0,0.8888888888888888,1.0,0.0,1.0
32,18,64,65,2,3,0,1,0,0.75,0.0,0.0,0.0
32,18,64,65,3,2,0,3,0,1.2,0.0,0.0,0.0
32,18,64,65,4,2,0,3,0,1.2,0.0,0.0,0.0
32,18,64,65,5,1,0,3,0,0.75,0.0,0.0,0.0
32,18,64,65,6,3,1,1,0,0.75,0.3333333333333333,0.0,0.3333333333333333
32,18,64,65,11,1,0,1,0,0.5,0.0,0.0,0.0
32,18,64,65,12,2,0,1,0,0.6666666666666666,0.0,0.0,0.0
32,18,64,65,13,1,0,2,0,0.6666666666666666,0.0,0.0,0.0
32,18,64,65,14,1,1,2,0,0.6666666666666666,1.0,0.0,1.0
32,18,64,65,15,1,0,1,0,0.5,0.0,0.0,0.0
32,18,64,65,16,1,1,1,0,0.5,1.0,0.0,1.0
32,18,64,65,17,2,0,1,0,0.6666666666666666,0.0,0.0,0.0
32,18,64,65,18,4,1,4,0,2.0,0.25,0.0,0.25
32,18,64,65,24,2,1,3,0,1.2,0.5,0.0,0.5
32,18,64,65,26,1,0,2,0,0.6666666666666666,0.0,0.0,0.0
32,18,72,73,2,3,0,1,0,0.75,0.0,0.0,0.0
32,18,72,73,4,2,0,4,0,1.3333333333333333,0.0,0.0,0.0
32,18,72,73,5,2,0,3,0,1.2,0.0,0.0,0.0
32,18,72,73,6,3,0,1,0,0.75,0.0,0.0,0.0
32,18,72,73,11,1,0,1,0,0.5,0.0,0.0,0.0
32,18,72,73,12,2,0,1,0,0.6666666666666666,0.0,0.0,0.0
32,18,72,73,13,4,0,2,0,1.3333333333333333,0.0,0.0,0.0
32,18,72,73,14,2,0,5,0,1.4285714285714286,0.0,0.0,0.0
32,18,72,73,15,1,0,6,0,0.8571428571428571,0.0,0.0,0.0
32,18,72,73,19,1,0,7,0,0.875,0.0,0.0,0.0
32,18,80,81,2,3,0,1,0,0.75,0.0,0.0,0.0
32,18,80,81,4,1,0,5,0,0.8333333333333334,0.0,0.0,0.0
32,18,80,81,5,2,0,4,0,1.3333333333333333,0.0,0.0,0.0
32,18,80,81,6,3,0,2,0,1.2,0.0,0.0,0.0
32,18,80,81,10,3,0,3,0,1.5,0.0,0.0,0.0
32,18,80,81,11,3,0,5,0,1.875,0.0,0.0,0.0
32,18,80,81,13,1,0,8,0,0.8888888888888888,0.0,0.0,0.0
32,18,80,81,15,1,0,7,0,0.875,0.0,0.0,0.0
32,18,80,81,16,1,0,7,0,0.875,0.0,0.0,0.0
32,18,80,81,17,1,0,6,0,0.8571428571428571,0.0,0.0,0.0
32,18,80,81,18,2,0,8,0,1.6,0.0,0.0,0.0
32,18,88,89,2,2,0,2,0,1.0,0.0,0.0,0.0
32,18,88,89,4,1,0,5,0,0.8333333333333334,0.0,0.0,0.0
32,18,88,89,6,2,0,4,0,1.3333333333333333,0.0,0.0,0.0
32,18,88,89,7,5,0,2,0,1.4285714285714286,0.0,0.0,0.0
32,18,88,89,8,1,0,5,0,0.8333333333333334,0.0,0.0,0.0
32,18,88,89,9,2,0,5,0,1.4285714285714286,0.0,0.0,0.0
32,18,88,89,10,1,0,7,0,0.875,0.0,0.0,0.0
32,18,88,89,13,1,0,8,0,0.8888888888888888,0.0,0.0,0.0
32,18,88,89,14,1,0,9,0,0.9,0.0,0.0,0.0
32,18,88,89,15,1,0,8,0,0.8888888888888888,0.0,0.0,0.0
32,18,88,89,16,1,0,8,0,0.8888888888888888,0.0,0.0,0.0
32,18,88,89,17,1,0,7,0,0.875,0.0,0.0,0.0
32,18,88,89,18,1,0,9,0,0.9,0.0,0.0,0.0
32,18,96,97,7,2,0,6,0,1.5,0.0,0.0,0.0
32,18,96,97,8,1,0,7,0,0.875,0.0,0.0,0.0
32,18,96,97,9,1,0,7,0,0.875,0.0,0.0,0.0
32,18,96,97,10,1,0,7,0,0.875,0.0,0.0,0.0
32,18,96,97,12,1,0,8,0,0.8888888888888888,0.0,0.0,0.0
32,18,96,97,13,1,0,9,0,0.9,0.0,0.0,0.0
32,18,96,97,14,1,0,10,0,0.9090909090909091,0.0,0.0,0.0
32,18,96,97,15,1,0,9,0,0.9,0.0,0.0,0.0
32,18,96,97,16,1,0,9,0,0.9,0.0,0.0,0.0
32,18,96,97,17,1,0,8,0,0.8888888888888888,0.0,0.0,0.0
32,18,104,105,7,2,0,6,0,1.5,0.0,0.0,0.0
32,18,104,105,8,1,0,7,0,0.875,0.0,0.0,0.0
32,18,104,105,9,1,0,7,0,0.875,0.0,0.0,0.0
32,18,104,105,10,1,0,7,0,0.875,0.0,0.0,0.0
32,18,104,105,11,2,0,8,0,1.6,0.0,0.0,0.0
32,18,104,105,12,1,0,9,0,0.9,0.0,0.0,0.0
32,18,104,105,14,1,0,10,0,0.9090909090909091,0.0,0.0,0.0
32,18,104,105,15,1,0,9,0,0.9,0.0,0.0,0.0
32,18,104,105,16,1,0,9,0,0.9,0.0,0.0,0.0
32,18,104,105,17,1,0,8,0,0.8888888888888888,0.0,0.0,0.0
32,18,112,113,10,1,0,8,0,0.8888888888888888,0.0,0.0,0.0
32,18,112,113,11,1,0,9,0,0.9,0.0,0.0,0.0
32,18,112,113,12,1,0,10,0,0.9090909090909091,0.0,0.0,0.0
32,18,112,113,13,1,0,11,0,0.9166666666666666,0.0,0.0,0.0
32,18,112,113,14,1,0,12,0,0.9230769230769231,0.0,0.0,0.0
32,18,112,113,15,1,0,11,0,0.9166666666666666,0.0,0.0,0.0
32,18,120,121,13,2,0,11,0,1.6923076923076923,0.0,0.0,0.0
32,18,120,121,14,1,0,12,0,0.9230769230769231,0.0,0.0,0.0
32,18,120,121,15,1,0,11,0,0.9166666666666666,0.0,0.0,0.0
32,19,8,9,6,2,0,6,0,1.5,0.0,0.0,0.0
32,19,40,41,4,2,0,2,0,1.0,0.0,0.0,0.0
32,19,40,41,5,2,1,4,0,1.3333333333333333,0.5,0.0,0.5
32,19,40,41,6,2,1,4,0,1.3333333333333333,0.5,0.0,0.5
32,19,40,41,8,2,0,2,0,1.0,0.0,0.0,0.0
32,19,40,41,9,2,0,2,0,1.0,0.0,0.0,0.0
32,19,40,41,10,1,0,2,0,0.6666666666666666,0.0,0.0,0.0
32,19,48,49,4,2,0,2,0,1.0,0.0,0.0,0.0
32,19,48,49,5,2,0,2,0,1.0,0.0,0.0,0.0
32,19,48,49,6,1,0,2,0,0.6666666666666666,0.0,0.0,0.0
32,19,48,49,7,1,0,1,0,0.5,0.0,0.0,0.0
32,19,48,49,8,1,0,1,0,0.5,0.0,0.0,0.0
32,19,48,49,9,1,0,1,0,0.5,0.0,0.0,0.0
32,19,48,49,10,1,0,1,0,0.5,0.0,0.0,0.0
32,19,56,57,1,1,0,1,0,0.5,0.0,0.0,0.0
32,19,56,57,3,3,0,1,0,0.75,0.0,0.0,0.0
32,19,56,57,4,4,1,1,0,0.8,0.25,0.0,0.25
32,19,56,57,5,1,0,2,0,0.6666666666666666,0.0,0.0,0.0
32,19,56,57,6,1,0,2,0,0.6666666666666666,0.0,0.0,0.0
32,19,56,57,7,1,0,1,0,0.5,0.0,0.0,0.0
32,19,56,57,11,1,1,1,0,0.5,1.0,0.0,1.0
32,19,64,65,1,1,0,2,0,0.6666666666666666,0.0,0.0,0.0
32,19,64,65,2,2,0,2,0,1.0,0.0,0.0,0.0
32,19,64,65,3,5,0,2,0,1.4285714285714286,0.0,0.0,0.0
32,19,64,65,4,6,0,1,0,0.8571428571428571,0.0,0.0,0.0
32,19,64,65,5,3,0,2,0,1.2,0.0,0.0,0.0
32,19,64,65,6,2,1,1,0,0.6666666666666666,0.5,0.0,0.5
32,19,64,65,15,3,1,1,0,0.75,0.3333333333333333,0.0,0.3333333333333333
32,19,64,65,16,1,0,4,0,0.8,0.0,0.0,0.0
32,19,64,65,17,2,1,5,0,1.4285714285714286,0.5,0.0,0.5
32,19,64,65,19,2,1,5,0,1.4285714285714286,0.5,0.0,0.5
32,19,64,65,20,1,1,3,0,0.75,1.0,0.0,1.0
32,19,64,65,21,2,0,1,0,0.6666666666666666,0.0,0.0,0.0
32,19,64,65,22,1,0,1,1,0.5,0.0,1.0,-1.0
32,19,72,73,1,1,1,3,0,0.75,1.0,0.0,1.0
32,19,72,73,2,1,0,4,0,0.8,0.0,0.0,0.0
32,19,72,73,3,3,0,5,0,1.875,0.0,0.0,0.0
32,19,72,73,4,3,0,5,0,1.875,0.0,0.0,0.0
32,19,72,73,5,5,0,3,0,1.875,0.0,0.0,0.0
32,19,72,73,6,4,0,1,0,0.8,0.0,0.0,0.0
32,19,80,81,1,1,0,3,0,0.75,0.0,0.0,0.0
32,19,80,81,2,1,0,4,0,0.8,0.0,0.0,0.0
32,19,80,81,3,2,0,5,0,1.4285714285714286,0.0,0.0,0.0
32,19,80,81,4,2,0,7,0,1.5555555555555556,0.0,0.0,0.0
32,19,80,81,5,3,0,9,0,2.25,0.0,0.0,0.0
32,19,80,81,6,3,0,7,0,2.1,0.0,0.0,0.0
32,19,80,81,7,5,0,1,0,0.8333333333333334,0.0,0.0,0.0
32,19,88,89,1,2,0,2,0,1.0,0.0,0.0,0.0
32,19,88,89,3,3,0,5,0,1.875,0.0,0.0,0.0
32,19,88,89,4,4,0,8,0,2.6666666666666665,0.0,0.0,0.0
32,19,88,89,5,2,0,12,0,1.7142857142857142,0.0,0.0,0.0
32,19,88,89,7,6,0,4,0,2.4,0.0,0.0,0.0
32,19,88,89,9,3,0,1,0,0.75,0.0,0.0,0.0
32,19,88,89,10,2,0,1,0,0.6666666666666666,0.0,0.0,0.0
32,19,96,97,1,1,0,3,0,0.75,0.0,0.0,0.0
32,19,96,97,3,3,0,7,0,2.1,0.0,0.0,0.0
32,19,96,97,5,1,0,14,0,0.9333333333333333,0.0,0.0,0.0
32,19,96,97,7,2,0,10,0,1.6666666666666667,0.0,0.0,0.0
32,19,96,97,8,2,0,8,0,1.6,0.0,0.0,0.0
32,20,8,9,7,3,2,7,0,2.1,0.6666666666666666,0.0,0.6666666666666666
32,20,8,9,8,2,1,7,0,1.5555555555555556,0.5,0.0,0.5
32,20,8,9,9,1,0,7,0,0.875,0.0,0.0,0.0
32,20,8,9,10,1,0,5,0,0.8333333333333334,0.0,0.0,0.0
32,20,16,17,5,3,0,2,0,1.2,0.0,0.0,0.0
32,20,16,17,10,1,1,3,0,0.75,1.0,0.0,1.0
32,20,16,17,12,1,0,4,0,0.8,0.0,0.0,0.0
32,20,24,25,5,3,0,2,0,1.2,0.0,0.0,0.0
32,20,32,33,7,2,0,5,0,1.4285714285714286,0.0,0.0,0.0
32,20,32,33,8,1,0,4,0,0.8,0.0,0.0,0.0
32,20,40,41,4,2,0,1,0,0.6666666666666666,0.0,0.0,0.0
32,20,40,41,5,2,0,1,0,0.6666666666666666,0.0,0.0,0.0
32,20,40,41,6,1,1,2,0,0.6666666666666666,1.0,0.0,1.0
32,20,40,41,7,1,0,2,0,0.6666666666666666,0.0,0.0,0.0
32,20,40,41,8,1,0,2,0,0.6666666666666666,0.0,0.0,0.0
32,20,40,41,10,1,0,2,0,0.6666666666666666,0.0,0.0,0.0
32,20,48,49,2,2,0,1,0,0.6666666666666666,0.0,0.0,0.0
32,20,48,49,3,2,0,1,0,0.6666666666666666,0.0,0.0,0.0
32,20,48,49,5,2,0,1,0,0.6666666666666666,0.0,0.0,0.0
32,20,48,49,6,1,0,1,0,0.5,0.0,0.0,0.0
32,20,48,49,8,1,0,1,0,0.5,0.0,0.0,0.0
32,20,48,49,9,1,0,2,0,0.6666666666666666,0.0,0.0,0.0
32,20,48,49,11,1,0,3,0,0.75,0.0,0.0,0.0
32,20,56,57,1,1,0,1,0,0.5,0.0,0.0,0.0
32,20,56,57,2,2,0,2,0,1.0,0.0,0.0,0.0
32,20,56,57,3,2,0,2,0,1.0,0.0,0.0,0.0
32,20,56,57,4,2,0,1,0,0.6666666666666666,0.0,0.0,0.0
32,20,56,57,7,1,0,1,0,0.5,0.0,0.0,0.0
32,20,56,57,8,1,0,1,0,0.5,0.0,0.0,0.0
32,20,56,57,10,1,1,1,0,0.5,1.0,0.0,1.0
32,20,64,65,2,2,0,3,0,1.2,0.0,0.0,0.0
32,20,64,65,3,1,0,3,0,0.75,0.0,0.0,0.0
32,20,64,65,4,1,0,3,0,0.75,0.0,0.0,0.0
32,20,64,65,5,4,0,1,0,0.8,0.0,0.0,0.0
32,20,64,65,6,2,0,1,0,0.6666666666666666,0.0,0.0,0.0
32,20,64,65,7,1,0,1,0,0.5,0.0,0.0,0.0
32,20,64,65,9,1,0,1,0,0.5,0.0,0.0,0.0
32,20,64,65,12,1,1,3,0,0.75,1.0,0.0,1.0
32,20,64,65,14,1,1,4,0,0.8,1.0,0.0,1.0
32,20,72,73,2,2,0,3,0,1.2,0.0,0.0,0.0
32,20,72,73,3,1,0,3,0,0.75,0.0,0.0,0.0
32,20,72,73,4,1,0,3,0,0.75,0.0,0.0,0.0
32,20,72,73,5,4,0,1,0,0.8,0.0,0.0,0.0
32,20,80,81,2,2,0,3,0,1.2,0.0,0.0,0.0
32,20,80,81,4,2,0,3,0,1.2,0.0,0.0,0.0
32,20,80,81,5,3,0,2,0,1.2,0.0,0.0,0.0
32,20,80,81,6,3,0,1,0,0.75,0.0,0.0,0.0
32,20,80,81,7,2,0,1,0,0.6666666666666666,0.0,0.0,0.0
32,20,80,81,8,3,0,2,0,1.2,0.0,0.0,0.0
32,20,80,81,9,2,0,4,0,1.3333333333333333,0.0,0.0,0.0
32,20,80,81,10,1,0,4,0,0.8,0.0,0.0,0.0
32,20,80,81,11,1,0,5,0,0.8333333333333334,0.0,0.0,0.0
32,20,88,89,2,2,0,3,0,1.2,0.0,0.0,0.0
32,20,88,89,4,4,0,3,0,1.7142857142857142,0.0,0.0,0.0
32,20,88,89,5,3,0,6,0,2.0,0.0,0.0,0.0
32,20,88,89,6,3,0,8,0,2.1818181818181817,0.0,0.0,0.0
32,20,88,89,7,2,0,10,0,1.6666666666666667,0.0,0.0,0.0
32,20,88,89,8,1,0,9,0,0.9,0.0,0.0,0.0
32,20,88,89,10,1,0,5,0,0.8333333333333334,0.0,0.0,0.0
32,20,96,97,2,2,0,3,0,1.2,0.0,0.0,0.0
32,20,96,97,4,4,0,4,0,2.0,0.0,0.0,0.0
32,20,96,97,5,1,0,10,0,0.9090909090909091,0.0,0.0,0.0
32,20,96,97,6,3,0,10,0,2.3076923076923075,0.0,0.0,0.0
32,20,96,97,7,1,0,12,0,0.9230769230769231,0.0,0.0,0.0
32,20,96,97,8,1,0,10,0,0.9090909090909091,0.0,0.0,0.0
32,20,96,97,9,1,0,8,0,0.8888888888888888,0.0,0.0,0.0
32,20,104,105,3,1,0,5,0,0.8333333333333334,0.0,0.0,0.0
32,20,104,105,5,2,1,10,0,1.6666666666666667,0.5,0.0,0.5
32,21,48,49,8,1,0,1,0,0.5,0.0,0.0,0.0
32,21,48,49,9,1,0,1,0,0.5,0.0,0.0,0.0
32,21,56,57,6,2,0,1,0,0.6666666666666666,0.0,0.0,0.0
32,21,56,57,8,1,0,1,0,0.5,0.0,0.0,0.0
32,21,56,57,9,1,0,1,0,0.5,0.0,0.0,0.0
32,21,56,57,15,1,1,1,0,0.5,1.0,0.0,1.0
32,21,56,57,17,1,0,2,0,0.6666666666666666,0.0,0.0,0.0
32,21,56,57,18,4,0,3,0,1.7142857142857142,0.0,0.0,0.0
32,21,64,65,6,1,0,2,0,0.6666666666666666,0.0,0.0,0.0
32,21,64,65,7,1,0,2,0,0.6666666666666666,0.0,0.0,0.0
32,21,64,65,9,1,0,1,0,0.5,0.0,0.0,0.0
32,21,64,65,10,1,0,1,0,0.5,0.0,0.0,0.0
32,21,64,65,17,1,0,1,0,0.5,0.0,0.0,0.0
32,21,64,65,18,2,0,1,0,0.6666666666666666,0.0,0.0,0.0
32,21,64,65,19,4,0,1,0,0.8,0.0,0.0,0.0
32,21,64,65,20,1,0,7,0,0.875,0.0,0.0,0.0
32,21,64,65,21,3,1,8,0,2.1818181818181817,0.3333333333333333,0.0,0.3333333333333333
32,21,64,65,22,1,0,10,0,0.9090909090909091,0.0,0.0,0.0
32,21,72,73,6,1,0,2,0,0.6666666666666666,0.0,0.0,0.0
32,21,72,73,7,1,0,2,0,0.6666666666666666,0.0,0.0,0.0
32,21,72,73,8,1,0,2,0,0.6666666666666666,0.0,0.0,0.0
32,21,72,73,10,1,0,1,0,0.5,0.0,0.0,0.0
32,21,72,73,17,1,0,5,0,0.8333333333333334,0.0,0.0,0.0
32,21,72,73,19,3,0,6,0,2.0,0.0,0.0,0.0
32,21,80,81,5,2,0,1,0,0.6666666666666666,0.0,0.0,0.0
32,21,80,81,7,1,0,2,0,0.6666666666666666,0.0,0.0,0.0
32,21,80,81,8,1,0,2,0,0.6666666666666666,0.0,0.0,0.0
32,21,80,81,10,1,0,1,0,0.5,0.0,0.0,0.0
32,21,88,89,6,1,0,3,0,0.75,0.0,0.0,0.0
32,21,88,89,8,2,0,2,0,1.0,0.0,0.0,0.0
32,21,96,97,4,5,0,2,0,1.4285714285714286,0.0,0.0,0.0
32,21,104,105,3,4,0,1,0,0.8,0.0,0.0,0.0
32,21,104,105,4,2,0,5,0,1.4285714285714286,0.0,0.0,0.0
32,21,112,113,2,3,0,1,0,0.75,0.0,0.0,0.0
32,21,112,113,3,2,0,4,0,1.3333333333333333,0.0,0.0,0.0
32,21,120,121,2,2,0,3,0,1.2,0.0,0.0,0.0
32,22,8,9,7,2,2,10,0,1.6666666666666667,1.0,0.0,1.0
32,22,8,9,8,2,0,14,0,1.75,0.0,0.0,0.0
32,22,8,9,9,1,0,16,0,0.9411764705882353,0.0,0.0,0.0
32,22,16,17,5,1,0,1,0,0.5,0.0,0.0,0.0
32,22,16,17,8,1,1,12,0,0.9230769230769231,1.0,0.0,1.0
32,22,24,25,5,1,0,1,0,0.5,0.0,0.0,0.0
32,22,24,25,6,1,0,6,0,0.8571428571428571,0.0,0.0,0.0
32,22,24,25,7,1,0,9,0,0.9,0.0,0.0,0.0
32,22,32,33,4,2,0,2,0,1.0,0.0,0.0,0.0
32,22,32,33,5,4,0,1,0,0.8,0.0,0.0,0.0
32,22,32,33,7,4,0,6,0,2.4,0.0,0.0,0.0
32,22,32,33,9,1,0,13,0,0.9285714285714286,0.0,0.0,0.0
32,22,40,41,4,2,0,3,0,1.2,0.0,0.0,0.0
32,22,40,41,6,3,0,2,0,1.2,0.0,0.0,0.0
32,22,40,41,7,3,0,2,0,1.2,0.0,0.0,0.0
32,22,40,41,8,5,0,2,0,1.4285714285714286,0.0,0.0,0.0
32,22,40,41,9,5,0,4,0,2.2222222222222223,0.0,0.0,0.0
32,22,40,41,10,2,0,9,0,1.6363636363636365,0.0,0.0,0.0
32,22,40,41,11,1,0,11,0,0.9166666666666666,0.0,0.0,0.0
32,22,40,41,12,1,0,12,0,0.9230769230769231,0.0,0.0,0.0
32,22,40,41,13,1,0,12,0,0.9230769230769231,0.0,0.0,0.0
32,22,48,49,1,1,0,2,0,0.6666666666666666,0.0,0.0,0.0
32,22,48,49,2,3,0,3,0,1.5,0.0,0.0,0.0
32,22,48,49,3,3,0,4,0,1.7142857142857142,0.0,0.0,0.0
32,22,48,49,4,3,0,4,0,1.7142857142857142,0.0,0.0,0.0
32,22,48,49,5,3,1,2,0,1.2,0.3333333333333333,0.0,0.3333333333333333
32,22,48,49,6,3,1,1,0,0.75,0.3333333333333333,0.0,0.3333333333333333
32,22,48,49,7,1,0,1,0,0.5,0.0,0.0,0.0
32,22,48,49,8,2,0,1,0,0.6666666666666666,0.0,0.0,0.0
32,22,48,49,9,2,0,2,0,1.0,0.0,0.0,0.0
32,22,48,49,10,3,0,5,0,1.875,0.0,0.0,0.0
32,22,48,49,11,2,0,8,0,1.6,0.0,0.0,0.0
32,22,48,49,12,1,0,10,0,0.9090909090909091,0.0,0.0,0.0
32,22,48,49,13,2,0,10,0,1.6666666666666667,0.0,0.0,0.0
32,22,48,49,14,1,0,12,0,0.9230769230769231,0.0,0.0,0.0
32,22,56,57,2,2,0,5,0,1.4285714285714286,0.0,0.0,0.0
32,22,56,57,3,1,0,6,0,0.8571428571428571,0.0,0.0,0.0
32,22,56,57,4,5,0,3,0,1.875,0.0,0.0,0.0
32,22,56,57,5,2,0,2,0,1.0,0.0,0.0,0.0
32,22,56,57,7,2,0,1,0,0.6666666666666666,0.0,0.0,0.0
32,22,56,57,8,1,0,1,0,0.5,0.0,0.0,0.0
32,22,56,57,9,3,0,1,0,0.75,0.0,0.0,0.0
32,22,56,57,10,2,0,4,0,1.3333333333333333,0.0,0.0,0.0
32,22,56,57,11,1,0,6,0,0.8571428571428571,0.0,0.0,0.0
32,22,56,57,12,2,1,7,0,1.5555555555555556,0.5,0.0,0.5
32,22,56,57,13,1,1,8,0,0.8888888888888888,1.0,0.0,1.0
32,22,64,65,2,2,0,5,0,1.4285714285714286,0.0,0.0,0.0
32,22,64,65,4,6,0,3,0,2.0,0.0,0.0,0.0
32,22,64,65,5,2,0,2,0,1.0,0.0,0.0,0.0
32,22,64,65,7,2,1,1,0,0.6666666666666666,0.5,0.0,0.5
32,22,64,65,11,3,2,2,0,1.2,0.6666666666666666,0.0,0.6666666666666666
32,22,64,65,12,2,1,4,0,1.3333333333333333,0.5,0.0,0.5
32,22,64,65,13,2,1,5,0,1.4285714285714286,0.5,0.0,0.5
32,22,64,65,14,2,1,7,0,1.5555555555555556,0.5,0.0,0.5
32,22,64,65,15,1,0,10,0,0.9090909090909091,0.0,0.0,0.0
32,22,64,65,16,1,1,10,0,0.9090909090909091,1.0,0.0,1.0
32,22,64,65,17,1,1,9,1,0.9,1.0,0.1111111111111111,0.8888888888888888
32,22,72,73,2,2,0,5,0,1.4285714285714286,0.0,0.0,0.0
32,22,72,73,4,6,0,3,0,2.0,0.0,0.0,0.0
32,22,72,73,5,2,0,2,0,1.0,0.0,0.0,0.0
32,22,72,73,7,1,0,1,0,0.5,0.0,0.0,0.0
32,22,72,73,9,2,0,1,0,0.6666666666666666,0.0,0.0,0.0
32,22,72,73,10,4,0,2,0,1.3333333333333333,0.0,0.0,0.0
32,22,72,73,11,1,0,7,0,0.875,0.0,0.0,0.0
32,22,72,73,12,2,0,8,0,1.6,0.0,0.0,0.0
32,22,72,73,13,1,0,10,0,0.9090909090909091,0.0,0.0,0.0
32,22,80,81,2,2,0,5,0,1.4285714285714286,0.0,0.0,0.0
32,22,80,81,4,5,0,4,0,2.2222222222222223,0.0,0.0,0.0
32,22,80,81,5,2,0,3,0,1.2,0.0,0.0,0.0
32,22,80,81,6,1,0,2,0,0.6666666666666666,0.0,0.0,0.0
32,22,80,81,7,2,0,1,0,0.6666666666666666,0.0,0.0,0.0
32,22,80,81,8,4,0,1,0,0.8,0.0,0.0,0.0
32,22,80,81,9,1,0,4,0,0.8,0.0,0.0,0.0
32,22,80,81,10,2,0,6,0,1.5,0.0,0.0,0.0
32,22,80,81,11,2,0,8,0,1.6,0.0,0.0,0.0
32,22,80,81,12,3,0,10,0,2.3076923076923075,0.0,0.0,0.0
32,22,80,81,13,1,0,12,0,0.9230769230769231,0.0,0.0,0.0
32,22,88,89,2,2,0,5,0,1.4285714285714286,0.0,0.0,0.0
32,22,88,89,4,5,0,4,0,2.2222222222222223,0.0,0.0,0.0
32,22,88,89,5,1,0,4,0,0.8,0.0,0.0,0.0
32,22,88,89,6,5,0,2,0,1.4285714285714286,0.0,0.0,0.0
32,22,88,89,7,2,0,5,0,1.4285714285714286,0.0,0.0,0.0
32,22,88,89,8,2,0,7,0,1.5555555555555556,0.0,0.0,0.0
32,22,88,89,9,1,0,9,0,0.9,0.0,0.0,0.0
32,22,88,89,10,1,0,12,0,0.9230769230769231,0.0,0.0,0.0
32,22,88,89,11,1,0,13,0,0.9285714285714286,0.0,0.0,0.0
32,22,88,89,12,1,0,13,0,0.9285714285714286,0.0,0.0,0.0
32,22,96,97,2,2,0,5,0,1.4285714285714286,0.0,0.0,0.0
32,22,96,97,4,2,0,7,0,1.5555555555555556,0.0,0.0,0.0
32,22,96,97,5,1,0,7,0,0.875,0.0,0.0,0.0
32,22,96,97,6,1,0,10,0,0.9090909090909091,0.0,0.0,0.0
32,22,96,97,7,3,0,10,0,2.3076923076923075,0.0,0.0,0.0
32,22,96,97,8,2,0,12,0,1.7142857142857142,0.0,0.0,0.0
32,22,96,97,9,2,0,12,0,1.7142857142857142,0.0,0.0,0.0
32,22,96,97,10,2,0,14,0,1.75,0.0,0.0,0.0
32,23,8,9,7,5,2,5,0,2.5,0.4,0.0,0.4
32,23,8,9,8,1,0,12,0,0.9230769230769231,0.0,0.0,0.0
32,23,8,9,10,1,0,15,0,0.9375,0.0,0.0,0.0
32,23,16,17,6,3,0,2,0,1.2,0.0,0.0,0.0
32,23,16,17,7,3,0,5,0,1.875,0.0,0.0,0.0
32,23,16,17,8,3,0,10,0,2.3076923076923075,0.0,0.0,0.0
32,23,16,17,9,1,0,15,0,0.9375,0.0,0.0,0.0
32,23,24,25,6,3,0,2,0,1.2,0.0,0.0,0.0
32,23,24,25,7,2,0,6,1,1.5,0.0,0.16666666666666666,-0.16666666666666666
32,23,24,25,8,2,0,10,0,1.6666666666666667,0.0,0.0,0.0
32,23,24,25,9,1,0,14,1,0.9333333333333333,0.0,0.07142857142857142,-0.07142857142857142
32,23,32,33,7,6,1,2,0,1.5,0.16666666666666666,0.0,0.16666666666666666
32,23,32,33,8,3,0,6,0,2.0,0.0,0.0,0.0
32,23,32,33,9,4,0,9,0,2.769230769230769,0.0,0.0,0.0
32,23,32,33,10,1,0,13,0,0.9285714285714286,0.0,0.0,0.0
32,23,32,33,11,1,0,17,0,0.9444444444444444,0.0,0.0,0.0
32,23,40,41,7,4,0,2,0,1.3333333333333333,0.0,0.0,0.0
32,23,40,41,8,2,0,5,0,1.4285714285714286,0.0,0.0,0.0
32,23,40,41,9,3,0,8,0,2.1818181818181817,0.0,0.0,0.0
32,23,40,41,10,1,0,12,0,0.9230769230769231,0.0,0.0,0.0
32,23,40,41,11,1,0,16,0,0.9411764705882353,0.0,0.0,0.0
32,23,40,41,12,1,0,18,0,0.9473684210526315,0.0,0.0,0.0
32,23,48,49,7,6,1,1,0,0.8571428571428571,0.16666666666666666,0.0,0.16666666666666666
32,23,48,49,8,2,0,5,0,1.4285714285714286,0.0,0.0,0.0
32,23,48,49,9,3,0,8,0,2.1818181818181817,0.0,0.0,0.0
32,23,48,49,10,1,0,12,0,0.9230769230769231,0.0,0.0,0.0
32,23,48,49,12,1,0,17,0,0.9444444444444444,0.0,0.0,0.0
32,23,48,49,13,1,0,18,0,0.9473684210526315,0.0,0.0,0.0
32,23,56,57,6,1,0,1,0,0.5,0.0,0.0,0.0
32,23,56,57,7,5,0,1,0,0.8333333333333334,0.0,0.0,0.0
32,23,56,57,8,4,0,4,0,2.0,0.0,0.0,0.0
32,23,56,57,9,3,0,8,0,2.1818181818181817,0.0,0.0,0.0
32,23,56,57,10,1,0,11,0,0.9166666666666666,0.0,0.0,0.0
32,23,56,57,11,2,0,14,0,1.75,0.0,0.0,0.0
32,23,56,57,12,1,0,15,0,0.9375,0.0,0.0,0.0
32,23,56,57,13,2,1,14,0,1.75,0.5,0.0,0.5
32,23,56,57,14,2,1,13,0,1.7333333333333334,0.5,0.0,0.5
32,23,56,57,15,3,2,14,0,2.4705882352941178,0.6666666666666666,0.0,0.6666666666666666
32,23,64,65,6,2,0,1,0,0.6666666666666666,0.0,0.0,0.0
32,23,64,65,7,6,0,1,0,0.8571428571428571,0.0,0.0,0.0
32,23,64,65,8,3,0,5,0,1.875,0.0,0.0,0.0
32,23,64,65,9,2,0,9,0,1.6363636363636365,0.0,0.0,0.0
32,23,64,65,10,2,1,10,0,1.6666666666666667,0.5,0.0,0.5
32,23,64,65,11,5,0,9,0,3.2142857142857144,0.0,0.0,0.0
32,23,64,65,12,1,1,12,0,0.9230769230769231,1.0,0.0,1.0
32,23,64,65,13,7,2,10,0,4.117647058823529,0.2857142857142857,0.0,0.2857142857142857
32,23,64,65,14,1,0,13,0,0.9285714285714286,0.0,0.0,0.0
32,23,64,65,15,2,0,13,0,1.7333333333333334,0.0,0.0,0.0
32,23,64,65,16,3,0,11,0,2.357142857142857,0.0,0.0,0.0
32,23,64,65,17,1,1,10,0,0.9090909090909091,1.0,0.0,1.0
32,23,64,65,18,4,1,6,0,2.4,0.25,0.0,0.25
32,23,64,65,19,1,0,5,0,0.8333333333333334,0.0,0.0,0.0
32,23,64,65,20,1,0,5,0,0.8333333333333334,0.0,0.0,0.0
32,23,64,65,21,1,0,5,0,0.8333333333333334,0.0,0.0,0.0
32,23,64,65,22,1,0,4,0,0.8,0.0,0.0,0.0
32,23,72,73,6,3,0,2,0,1.2,0.0,0.0,0.0
32,23,72,73,7,4,0,2,0,1.3333333333333333,0.0,0.0,0.0
32,23,72,73,8,3,0,5,0,1.875,0.0,0.0,0.0
32,23,72,73,9,1,0,9,0,0.9,0.0,0.0,0.0
32,23,72,73,10,1,0,11,0,0.9166666666666666,0.0,0.0,0.0
32,23,72,73,11,2,0,15,0,1.7647058823529411,0.0,0.0,0.0
32,23,72,73,12,1,0,18,0,0.9473684210526315,0.0,0.0,0.0
32,23,80,81,5,2,0,1,0,0.6666666666666666,0.0,0.0,0.0
32,23,80,81,6,2,0,2,0,1.0,0.0,0.0,0.0
32,23,80,81,7,4,0,2,0,1.3333333333333333,0.0,0.0,0.0
32,23,80,81,8,3,0,5,0,1.875,0.0,0.0,0.0
32,23,80,81,9,3,0,9,0,2.25,0.0,0.0,0.0
32,23,80,81,10,1,0,13,0,0.9285714285714286,0.0,0.0,0.0
32,23,80,81,11,1,0,17,0,0.9444444444444444,0.0,0.0,0.0
32,23,88,89,5,1,0,1,0,0.5,0.0,0.0,0.0
32,23,88,89,6,3,0,1,0,0.75,0.0,0.0,0.0
32,23,88,89,7,7,0,2,0,1.5555555555555556,0.0,0.0,0.0
32,23,88,89,8,3,0,7,0,2.1,0.0,0.0,0.0
32,23,88,89,9,1,0,13,0,0.9285714285714286,0.0,0.0,0.0
32,23,96,97,5,2,0,1,0,0.6666666666666666,0.0,0.0,0.0
32,23,96,97,6,6,0,1,0,0.8571428571428571,0.0,0.0,0.0
32,23,96,97,7,5,0,6,0,2.727272727272727,0.0,0.0,0.0
32,23,96,97,8,1,0,11,0,0.9166666666666666,0.0,0.0,0.0
32,23,96,97,9,1,0,14,0,0.9333333333333333,0.0,0.0,0.0
32,23,96,97,10,1,0,15,0,0.9375,0.0,0.0,0.0
32,23,104,105,5,2,0,3,0,1.2,0.0,0.0,0.0
32,23,104,105,6,3,0,4,0,1.7142857142857142,0.0,0.0,0.0
32,23,104,105,7,6,0,6,0,3.0,0.0,0.0,0.0
32,23,104,105,8,1,0,12,0,0.9230769230769231,0.0,0.0,0.0
32,23,104,105,9,1,0,15,0,0.9375,0.0,0.0,0.0
32,23,112,113,4,3,0,2,0,1.2,0.0,0.0,0.0
32,23,112,113,5,4,0,3,0,1.7142857142857142,0.0,0.0,0.0
32,23,112,113,6,3,0,6,0,2.0,0.0,0.0,0.0
32,23,112,113,7,5,0,7,0,2.9166666666666665,0.0,0.0,0.0
32,23,112,113,8,1,0,12,0,0.9230769230769231,0.0,0.0,0.0
32,23,112,113,9,1,0,15,0,0.9375,0.0,0.0,0.0
32,23,120,121,3,1,0,1,0,0.5,0.0,0.0,0.0
32,23,120,121,4,4,0,2,0,1.3333333333333333,0.0,0.0,0.0
32,23,120,121,5,5,0,3,0,1.875,0.0,0.0,0.0
32,23,120,121,6,6,0,6,0,3.0,0.0,0.0,0.0
32,23,120,121,7,2,0,11,0,1.6923076923076923,0.0,0.0,0.0
32,23,120,121,8,3,0,12,0,2.4,0.0,0.0,0.0
32,23,120,121,9,1,0,16,0,0.9411764705882353,0.0,0.0,0.0
32,23,128,129,3,3,0,1,0,0.75,0.0,0.0,0.0
32,23,128,129,4,5,0,3,0,1.875,0.0,0.0,0.0
32,23,128,129,5,6,0,5,0,2.727272727272727,0.0,0.0,0.0
32,23,128,129,6,2,0,11,0,1.6923076923076923,0.0,0.0,0.0
32,23,128,129,7,3,0,12,0,2.4,0.0,0.0,0.0
32,23,128,129,8,2,0,14,0,1.75,0.0,0.0,0.0
32,23,136,137,3,4,0,2,0,1.3333333333333333,0.0,0.0,0.0
32,23,136,137,4,6,0,5,0,2.727272727272727,0.0,0.0,0.0
32,23,136,137,5,3,0,9,0,2.25,0.0,0.0,0.0
32,23,136,137,6,3,0,12,0,2.4,0.0,0.0,0.0
32,23,144,145,2,3,0,1,0,0.75,0.0,0.0,0.0
32,23,144,145,3,5,0,3,0,1.875,0.0,0.0,0.0
32,23,144,145,4,3,0,9,0,2.25,0.0,0.0,0.0
32,23,152,153,2,3,0,2,0,1.2,0.0,0.0,0.0
32,23,152,153,3,3,0,6,0,2.0,0.0,0.0,0.0
32,23,160,161,2,4,0,2,0,1.3333333333333333,0.0,0.0,0.0
32,23,168,169,2,1,0,5,0,0.8333333333333334,0.0,0.0,0.0
32,24,8,9,9,1,0,5,0,0.8333333333333334,0.0,0.0,0.0
32,24,8,9,10,1,1,7,0,0.875,1.0,0.0,1.0
32,24,16,17,9,1,0,5,0,0.8333333333333334,0.0,0.0,0.0
32,24,16,17,10,1,0,7,0,0.875,0.0,0.0,0.0
32,24,24,25,9,1,0,5,0,0.8333333333333334,0.0,0.0,0.0
32,24,32,33,9,3,0,4,0,1.7142857142857142,0.0,0.0,0.0
32,24,32,33,11,1,1,7,0,0.875,1.0,0.0,1.0
32,24,32,33,12,1,0,8,0,0.8888888888888888,0.0,0.0,0.0
32,24,32,33,13,1,0,9,0,0.9,0.0,0.0,0.0
32,24,32,33,15,1,0,9,0,0.9,0.0,0.0,0.0
32,24,40,41,5,1,0,1,0,0.5,0.0,0.0,0.0
32,24,40,41,6,1,0,2,0,0.6666666666666666,0.0,0.0,0.0
32,24,40,41,7,1,0,2,0,0.6666666666666666,0.0,0.0,0.0
32,24,40,41,8,1,0,1,0,0.5,0.0,0.0,0.0
32,24,40,41,9,3,1,1,0,0.75,0.3333333333333333,0.0,0.3333333333333333
32,24,40,41,10,2,0,3,0,1.2,0.0,0.0,0.0
32,24,40,41,11,2,0,5,0,1.4285714285714286,0.0,0.0,0.0
32,24,40,41,13,2,0,7,0,1.5555555555555556,0.0,0.0,0.0
32,24,40,41,14,3,1,7,0,2.1,0.3333333333333333,0.0,0.3333333333333333
32,24,40,41,15,1,0,8,0,0.8888888888888888,0.0,0.0,0.0
32,24,40,41,16,1,0,7,0,0.875,0.0,0.0,0.0
32,24,40,41,17,1,0,6,0,0.8571428571428571,0.0,0.0,0.0
32,24,48,49,5,1,0,2,0,0.6666666666666666,0.0,0.0,0.0
32,24,48,49,6,2,0,3,0,1.2,0.0,0.0,0.0
32,24,48,49,7,1,0,3,0,0.75,0.0,0.0,0.0
32,24,48,49,9,1,0,1,0,0.5,0.0,0.0,0.0
32,24,48,49,10,1,0,1,0,0.5,0.0,0.0,0.0
32,24,48,49,11,2,0,1,0,0.6666666666666666,0.0,0.0,0.0
32,24,48,49,12,1,0,2,0,0.6666666666666666,0.0,0.0,0.0
32,24,48,49,13,1,0,2,0,0.6666666666666666,0.0,0.0,0.0
32,24,48,49,14,2,0,2,0,1.0,0.0,0.0,0.0
32,24,48,49,15,3,1,3,0,1.5,0.3333333333333333,0.0,0.3333333333333333
32,24,48,49,16,1,0,5,0,0.8333333333333334,0.0,0.0,0.0
32,24,48,49,17,1,0,4,0,0.8,0.0,0.0,0.0
32,24,48,49,18,1,0,3,0,0.75,0.0,0.0,0.0
32,24,48,49,19,1,0,3,0,0.75,0.0,0.0,0.0
32,24,56,57,3,1,0,1,0,0.5,0.0,0.0,0.0
32,24,56,57,4,3,0,1,0,0.75,0.0,0.0,0.0
32,24,56,57,6,2,0,3,0,1.2,0.0,0.0,0.0
32,24,56,57,8,1,0,2,0,0.6666666666666666,0.0,0.0,0.0
32,24,56,57,9,1,0,1,0,0.5,0.0,0.0,0.0
32,24,56,57,14,1,0,1,0,0.5,0.0,0.0,0.0
32,24,56,57,15,2,1,1,0,0.6666666666666666,0.5,0.0,0.5
32,24,56,57,16,2,0,2,0,1.0,0.0,0.0,0.0
32,24,56,57,17,2,0,2,0,1.0,0.0,0.0,0.0
32,24,56,57,18,1,0,2,0,0.6666666666666666,0.0,0.0,0.0
32,24,56,57,19,1,0,2,0,0.6666666666666666,0.0,0.0,0.0
32,24,56,57,20,1,1,2,0,0.6666666666666666,1.0,0.0,1.0
32,24,64,65,3,2,0,1,0,0.6666666666666666,0.0,0.0,0.0
32,24,64,65,4,3,0,1,0,0.75,0.0,0.0,0.0
32,24,64,65,5,1,0,3,0,0.75,0.0,0.0,0.0
32,24,64,65,6,2,0,3,0,1.2,0.0,0.0,0.0
32,24,64,65,8,1,0,2,0,0.6666666666666666,0.0,0.0,0.0
32,24,64,65,9,1,0,1,0,0.5,0.0,0.0,0.0
32,24,72,73,2,1,0,1,0,0.5,0.0,0.0,0.0
32,24,72,73,3,1,0,2,0,0.6666666666666666,0.0,0.0,0.0
32,24,72,73,4,1,0,3,0,0.75,0.0,0.0,0.0
32,24,72,73,5,2,0,3,0,1.2,0.0,0.0,0.0
32,24,72,73,7,1,0,4,0,0.8,0.0,0.0,0.0
32,24,72,73,9,3,0,1,0,0.75,0.0,0.0,0.0
32,24,72,73,10,2,0,2,0,1.0,0.0,0.0,0.0
32,24,72,73,11,2,0,2,0,1.0,0.0,0.0,0.0
32,24,72,73,12,6,0,2,0,1.5,0.0,0.0,0.0
32,24,72,73,13,3,0,8,0,2.1818181818181817,0.0,0.0,0.0
32,24,80,81,3,2,0,2,0,1.0,0.0,0.0,0.0
32,24,80,81,5,2,0,3,0,1.2,0.0,0.0,0.0
32,24,80,81,7,1,0,4,0,0.8,0.0,0.0,0.0
32,24,80,81,8,3,0,3,0,1.5,0.0,0.0,0.0
32,24,80,81,9,1,0,6,0,0.8571428571428571,0.0,0.0,0.0
32,24,80,81,11,1,0,7,0,0.875,0.0,0.0,0.0
32,24,88,89,2,2,0,2,0,1.0,0.0,0.0,0.0
32,24,88,89,4,1,0,4,0,0.8,0.0,0.0,0.0
32,24,88,89,5,1,0,4,0,0.8,0.0,0.0,0.0
32,24,88,89,7,1,0,5,0,0.8333333333333334,0.0,0.0,0.0
32,24,96,97,2,1,0,3,0,0.75,0.0,0.0,0.0
32,25,8,9,10,2,0,7,0,1.5555555555555556,0.0,0.0,0.0
32,25,32,33,2,1,0,1,0,0.5,0.0,0.0,0.0
32,25,40,41,2,3,0,2,0,1.2,0.0,0.0,0.0
32,25,40,41,3,2,1,1,0,0.6666666666666666,0.5,0.0,0.5
32,25,40,41,4,2,0,1,0,0.6666666666666666,0.0,0.0,0.0
32,25,40,41,5,2,0,1,0,0.6666666666666666,0.0,0.0,0.0
32,25,40,41,6,2,1,2,0,1.0,0.5,0.0,0.5
32,25,40,41,8,2,0,4,0,1.3333333333333333,0.0,0.0,0.0
32,25,40,41,9,1,0,5,1,0.8333333333333334,0.0,0.2,-0.2
32,25,40,41,10,2,0,5,0,1.4285714285714286,0.0,0.0,0.0
32,25,48,49,2,1,0,4,0,0.8,0.0,0.0,0.0
32,25,48,49,3,2,0,3,0,1.2,0.0,0.0,0.0
32,25,48,49,4,3,0,3,0,1.5,0.0,0.0,0.0
32,25,48,49,7,1,0,1,0,0.5,0.0,0.0,0.0
32,25,48,49,8,2,0,1,0,0.6666666666666666,0.0,0.0,0.0
32,25,48,49,9,1,0,1,0,0.5,0.0,0.0,0.0
32,25,48,49,10,1,0,1,0,0.5,0.0,0.0,0.0
32,25,48,49,11,1,0,1,0,0.5,0.0,0.0,0.0
32,25,48,49,12,1,0,1,0,0.5,0.0,0.0,0.0
32,25,48,49,13,1,0,2,0,0.6666666666666666,0.0,0.0,0.0
32,25,56,57,2,1,0,4,0,0.8,0.0,0.0,0.0
32,25,56,57,3,2,0,3,0,1.2,0.0,0.0,0.0
32,25,56,57,4,3,0,3,0,1.5,0.0,0.0,0.0
32,25,56,57,13,1,0,1,0,0.5,0.0,0.0,0.0
32,25,56,57,14,1,1,1,0,0.5,1.0,0.0,1.0
32,25,64,65,3,2,0,4,0,1.3333333333333333,0.0,0.0,0.0
32,25,64,65,4,2,0,4,0,1.3333333333333333,0.0,0.0,0.0
32,25,64,65,5,1,0,4,0,0.8,0.0,0.0,0.0
32,25,64,65,6,3,0,2,0,1.2,0.0,0.0,0.0
32,25,64,65,7,2,1,1,0,0.6666666666666666,0.5,0.0,0.5
32,25,64,65,16,1,0,1,0,0.5,0.0,0.0,0.0
32,25,64,65,17,2,1,2,1,1.0,0.5,0.5,0.0
32,25,64,65,18,3,1,4,1,1.7142857142857142,0.3333333333333333,0.25,0.08333333333333331
32,25,72,73,3,2,0,4,0,1.3333333333333333,0.0,0.0,0.0
32,25,72,73,4,1,0,4,0,0.8,0.0,0.0,0.0
32,25,72,73,5,1,0,4,0,0.8,0.0,0.0,0.0
32,25,72,73,6,1,0,4,0,0.8,0.0,0.0,0.0
32,25,72,73,7,3,0,2,0,1.2,0.0,0.0,0.0
32,25,72,73,13,1,0,1,0,0.5,0.0,0.0,0.0
32,25,72,73,14,1,0,1,0,0.5,0.0,0.0,0.0
32,25,80,81,3,2,0,4,0,1.3333333333333333,0.0,0.0,0.0
32,25,80,81,4,2,0,4,0,1.3333333333333333,0.0,0.0,0.0
32,25,80,81,5,3,0,5,0,1.875,0.0,0.0,0.0
32,25,80,81,6,3,0,8,0,2.1818181818181817,0.0,0.0,0.0
32,25,80,81,7,1,0,10,0,0.9090909090909091,0.0,0.0,0.0
32,25,80,81,8,4,0,5,0,2.2222222222222223,0.0,0.0,0.0
32,25,80,81,9,1,0,5,0,0.8333333333333334,0.0,0.0,0.0
32,25,80,81,10,2,0,4,0,1.3333333333333333,0.0,0.0,0.0
32,25,80,81,11,1,0,4,0,0.8,0.0,0.0,0.0
32,25,80,81,12,1,0,3,0,0.75,0.0,0.0,0.0
32,25,88,89,3,1,0,5,0,0.8333333333333334,0.0,0.0,0.0
32,25,88,89,4,1,0,7,0,0.875,0.0,0.0,0.0
32,25,88,89,5,1,0,9,0,0.9,0.0,0.0,0.0
32,25,88,89,6,1,0,10,0,0.9090909090909091,0.0,0.0,0.0
32,25,88,89,7,1,0,10,0,0.9090909090909091,0.0,0.0,0.0
32,25,88,89,9,2,0,8,0,1.6,0.0,0.0,0.0
32,25,96,97,3,1,0,5,0,0.8333333333333334,0.0,0.0,0.0
32,25,96,97,4,1,0,7,0,0.875,0.0,0.0,0.0
32,25,96,97,6,2,0,11,0,1.6923076923076923,0.0,0.0,0.0
32,26,16,17,8,1,1,3,0,0.75,1.0,0.0,1.0
32,26,24,25,9,2,0,2,0,1.0,0.0,0.0,0.0
32,26,24,25,10,1,1,4,0,0.8,1.0,0.0,1.0
32,26,32,33,9,2,0,1,0,0.6666666666666666,0.0,0.0,0.0
32,26,32,33,10,2,0,1,0,0.6666666666666666,0.0,0.0,0.0
32,26,32,33,11,1,0,2,0,0.6666666666666666,0.0,0.0,0.0
32,26,32,33,12,1,0,2,0,0.6666666666666666,0.0,0.0,0.0
32,26,40,41,5,1,0,1,0,0.5,0.0,0.0,0.0
32,26,40,41,11,1,0,1,0,0.5,0.0,0.0,0.0
32,26,40,41,13,2,0,1,0,0.6666666666666666,0.0,0.0,0.0
32,26,40,41,15,1,0,4,0,0.8,0.0,0.0,0.0
32,26,40,41,18,2,0,4,0,1.3333333333333333,0.0,0.0,0.0
32,26,48,49,5,1,0,2,0,0.6666666666666666,0.0,0.0,0.0
32,26,48,49,14,1,0,1,0,0.5,0.0,0.0,0.0
32,26,48,49,15,2,1,2,0,1.0,0.5,0.0,0.5
32,26,48,49,16,2,0,3,0,1.2,0.0,0.0,0.0
32,26,48,49,17,1,0,3,1,0.75,0.0,0.3333333333333333,-0.3333333333333333
32,26,48,49,18,2,0,3,0,1.2,0.0,0.0,0.0
32,26,56,57,4,2,0,2,0,1.0,0.0,0.0,0.0
32,26,56,57,5,2,0,2,0,1.0,0.0,0.0,0.0
32,26,56,57,13,1,0,2,0,0.6666666666666666,0.0,0.0,0.0
32,26,56,57,14,1,0,2,0,0.6666666666666666,0.0,0.0,0.0
32,26,56,57,15,1,0,2,0,0.6666666666666666,0.0,0.0,0.0
32,26,64,65,2,2,0,1,0,0.6666666666666666,0.0,0.0,0.0
32,26,64,65,3,2,0,3,0,1.2,0.0,0.0,0.0
32,26,64,65,4,2,0,3,0,1.2,0.0,0.0,0.0
32,26,64,65,5,1,0,3,0,0.75,0.0,0.0,0.0
32,26,64,65,6,2,0,2,0,1.0,0.0,0.0,0.0
32,26,64,65,14,1,1,1,0,0.5,1.0,0.0,1.0
32,26,64,65,15,1,1,2,0,0.6666666666666666,1.0,0.0,1.0
32,26,64,65,16,1,0,2,0,0.6666666666666666,0.0,0.0,0.0
32,26,64,65,17,2,0,1,0,0.6666666666666666,0.0,0.0,0.0
32,26,64,65,18,1,0,2,0,0.6666666666666666,0.0,0.0,0.0
32,26,64,65,19,1,0,1,0,0.5,0.0,0.0,0.0
32,26,64,65,23,2,0,5,0,1.4285714285714286,0.0,0.0,0.0
32,26,64,65,24,2,0,4,0,1.3333333333333333,0.0,0.0,0.0
32,26,64,65,25,3,0,4,0,1.7142857142857142,0.0,0.0,0.0
32,26,64,65,26,1,0,6,0,0.8571428571428571,0.0,0.0,0.0
32,26,64,65,27,1,0,8,1,0.8888888888888888,0.0,0.125,-0.125
32,26,72,73,2,2,0,2,0,1.0,0.0,0.0,0.0
32,26,72,73,3,2,1,4,0,1.3333333333333333,0.5,0.0,0.5
32,26,72,73,4,2,0,4,0,1.3333333333333333,0.0,0.0,0.0
32,26,72,73,5,1,0,4,0,0.8,0.0,0.0,0.0
32,26,72,73,6,1,0,3,0,0.75,0.0,0.0,0.0
32,26,80,81,2,2,0,3,0,1.2,0.0,0.0,0.0
32,26,80,81,3,1,0,5,0,0.8333333333333334,0.0,0.0,0.0
32,26,80,81,4,2,0,4,0,1.3333333333333333,0.0,0.0,0.0
32,26,80,81,6,2,0,3,0,1.2,0.0,0.0,0.0
32,26,80,81,11,1,0,1,0,0.5,0.0,0.0,0.0
32,26,80,81,15,2,0,1,0,0.6666666666666666,0.0,0.0,0.0
32,26,80,81,16,2,0,1,0,0.6666666666666666,0.0,0.0,0.0
32,26,80,81,17,2,0,1,0,0.6666666666666666,0.0,0.0,0.0
32,26,80,81,18,3,0,1,0,0.75,0.0,0.0,0.0
32,26,80,81,19,1,0,2,0,0.6666666666666666,0.0,0.0,0.0
32,26,80,81,20,1,0,4,0,0.8,0.0,0.0,0.0
32,26,88,89,1,1,0,2,0,0.6666666666666666,0.0,0.0,0.0
32,26,88,89,2,2,0,4,0,1.3333333333333333,0.0,0.0,0.0
32,26,88,89,3,1,0,6,0,0.8571428571428571,0.0,0.0,0.0
32,26,88,89,4,1,0,5,0,0.8333333333333334,0.0,0.0,0.0
32,26,88,89,5,1,0,5,0,0.8333333333333334,0.0,0.0,0.0
32,26,88,89,6,1,0,4,0,0.8,0.0,0.0,0.0
32,26,88,89,8,2,0,1,0,0.6666666666666666,0.0,0.0,0.0
32,26,88,89,9,3,0,1,0,0.75,0.0,0.0,0.0
32,26,88,89,10,1,0,3,0,0.75,0.0,0.0,0.0
32,26,88,89,12,1,0,2,0,0.6666666666666666,0.0,0.0,0.0
32,26,88,89,13,1,0,2,0,0.6666666666666666,0.0,0.0,0.0
32,26,88,89,14,1,0,2,0,0.6666666666666666,0.0,0.0,0.0
32,26,88,89,15,1,0,3,0,0.75,0.0,0.0,0.0
32,26,88,89,17,2,0,3,0,1.2,0.0,0.0,0.0
32,26,88,89,18,1,0,4,0,0.8,0.0,0.0,0.0
32,26,96,97,4,1,0,6,0,0.8571428571428571,0.0,0.0,0.0
32,26,96,97,7,2,0,2,0,1.0,0.0,0.0,0.0
32,26,96,97,8,1,0,4,0,0.8,0.0,0.0,0.0
32,26,104,105,4,1,0,6,0,0.8571428571428571,0.0,0.0,0.0
32,26,104,105,6,1,0,4,0,0.8,0.0,0.0,0.0
32,26,112,113,4,1,0,6,0,0.8571428571428571,0.0,0.0,0.0
32,26,112,113,6,1,0,4,0,0.8,0.0,0.0,0.0
32,27,8,9,9,1,0,3,0,0.75,0.0,0.0,0.0
32,27,16,17,9,1,0,3,0,0.75,0.0,0.0,0.0
32,27,24,25,10,1,0,5,0,0.8333333333333334,0.0,0.0,0.0
32,27,24,25,11,2,0,7,0,1.5555555555555556,0.0,0.0,0.0
32,27,24,25,12,1,0,11,0,0.9166666666666666,0.0,0.0,0.0
32,27,32,33,8,1,0,1,0,0.5,0.0,0.0,0.0
32,27,32,33,11,3,0,6,0,2.0,0.0,0.0,0.0
32,27,32,33,13,1,0,12,0,0.9230769230769231,0.0,0.0,0.0
32,27,40,41,3,2,0,1,0,0.6666666666666666,0.0,0.0,0.0
32,27,40,41,5,3,0,1,0,0.75,0.0,0.0,0.0
32,27,40,41,6,3,0,1,0,0.75,0.0,0.0,0.0
32,27,40,41,8,1,0,1,0,0.5,0.0,0.0,0.0
32,27,40,41,11,5,0,1,0,0.8333333333333334,0.0,0.0,0.0
32,27,40,41,12,4,1,7,0,2.5454545454545454,0.25,0.0,0.25
32,27,40,41,13,1,0,12,0,0.9230769230769231,0.0,0.0,0.0
32,27,40,41,15,2,0,8,0,1.6,0.0,0.0,0.0
32,27,48,49,3,3,0,1,0,0.75,0.0,0.0,0.0
32,27,48,49,4,4,0,2,0,1.3333333333333333,0.0,0.0,0.0
32,27,48,49,5,2,0,4,0,1.3333333333333333,0.0,0.0,0.0
32,27,48,49,6,1,0,4,0,0.8,0.0,0.0,0.0
32,27,48,49,7,2,0,2,0,1.0,0.0,0.0,0.0
32,27,48,49,12,4,2,1,0,0.8,0.5,0.0,0.5
32,27,48,49,13,4,0,3,0,1.7142857142857142,0.0,0.0,0.0
32,27,48,49,14,4,1,4,0,2.0,0.25,0.0,0.25
32,27,48,49,15,2,0,6,1,1.5,0.0,0.16666666666666666,-0.16666666666666666
32,27,56,57,2,3,0,1,0,0.75,0.0,0.0,0.0
32,27,56,57,4,3,0,3,0,1.5,0.0,0.0,0.0
32,27,56,57,5,1,0,5,0,0.8333333333333334,0.0,0.0,0.0
32,27,56,57,6,2,0,4,0,1.3333333333333333,0.0,0.0,0.0
32,27,56,57,7,1,0,3,0,0.75,0.0,0.0,0.0
32,27,56,57,15,2,0,1,0,0.6666666666666666,0.0,0.0,0.0
32,27,56,57,16,2,1,1,0,0.6666666666666666,0.5,0.0,0.5
32,27,56,57,17,2,0,1,0,0.6666666666666666,0.0,0.0,0.0
32,27,56,57,18,1,1,3,0,0.75,1.0,0.0,1.0
32,27,56,57,19,1,1,5,0,0.8333333333333334,1.0,0.0,1.0
32,27,64,65,2,1,0,3,0,0.75,0.0,0.0,0.0
32,27,64,65,3,1,0,5,0,0.8333333333333334,0.0,0.0,0.0
32,27,64,65,4,3,0,4,0,1.7142857142857142,0.0,0.0,0.0
32,27,64,65,6,2,0,4,0,1.3333333333333333,0.0,0.0,0.0
32,27,64,65,7,1,0,3,0,0.75,0.0,0.0,0.0
32,27,64,65,19,4,0,1,0,0.8,0.0,0.0,0.0
32,27,64,65,20,1,0,4,0,0.8,0.0,0.0,0.0
32,27,64,65,21,1,0,5,0,0.8333333333333334,0.0,0.0,0.0
32,27,64,65,22,1,0,5,0,0.8333333333333334,0.0,0.0,0.0
32,27,64,65,23,2,0,5,0,1.4285714285714286,0.0,0.0,0.0
32,27,72,73,1,1,0,2,0,0.6666666666666666,0.0,0.0,0.0
32,27,72,73,3,2,0,5,0,1.4285714285714286,0.0,0.0,0.0
32,27,72,73,4,2,0,5,0,1.4285714285714286,0.0,0.0,0.0
32,27,72,73,6,2,0,4,0,1.3333333333333333,0.0,0.0,0.0
32,27,72,73,7,1,0,3,0,0.75,0.0,0.0,0.0
32,27,72,73,12,1,0,1,0,0.5,0.0,0.0,0.0
32,27,72,73,13,2,0,1,0,0.6666666666666666,0.0,0.0,0.0
32,27,72,73,14,1,0,1,0,0.5,0.0,0.0,0.0
32,27,72,73,17,1,0,2,0,0.6666666666666666,0.0,0.0,0.0
32,27,72,73,18,2,0,3,0,1.2,0.0,0.0,0.0
32,27,80,81,6,1,0,5,0,0.8333333333333334,0.0,0.0,0.0
32,27,80,81,7,1,0,3,0,0.75,0.0,0.0,0.0
32,27,80,81,11,4,0,3,0,1.7142857142857142,0.0,0.0,0.0
32,27,80,81,12,1,0,8,0,0.8888888888888888,0.0,0.0,0.0
32,27,80,81,13,1,0,9,0,0.9,0.0,0.0,0.0
32,27,80,81,14,3,0,7,0,2.1,0.0,0.0,0.0
32,27,80,81,15,2,0,6,0,1.5,0.0,0.0,0.0
32,27,80,81,16,1,0,5,0,0.8333333333333334,0.0,0.0,0.0
32,27,80,81,17,1,0,4,0,0.8,0.0,0.0,0.0
32,27,88,89,6,1,0,5,0,0.8333333333333334,0.0,0.0,0.0
32,27,88,89,7,1,0,3,0,0.75,0.0,0.0,0.0
32,27,88,89,8,1,0,2,0,0.6666666666666666,0.0,0.0,0.0
32,27,88,89,9,1,0,3,0,0.75,0.0,0.0,0.0
32,28,8,9,10,1,0,4,0,0.8,0.0,0.0,0.0
32,28,16,17,9,1,0,1,0,0.5,0.0,0.0,0.0
32,28,16,17,10,1,0,3,0,0.75,0.0,0.0,0.0
32,28,16,17,11,1,0,6,0,0.8571428571428571,0.0,0.0,0.0
32,28,24,25,10,1,0,3,0,0.75,0.0,0.0,0.0
32,28,24,25,12,1,0,7,0,0.875,0.0,0.0,0.0
32,28,32,33,8,2,0,1,0,0.6666666666666666,0.0,0.0,0.0
32,28,32,33,9,1,0,1,0,0.5,0.0,0.0,0.0
32,28,32,33,13,3,0,9,0,2.25,0.0,0.0,0.0
32,28,40,41,5,2,0,1,0,0.6666666666666666,0.0,0.0,0.0
32,28,40,41,13,1,1,9,0,0.9,1.0,0.0,1.0
32,28,40,41,14,2,0,10,0,1.6666666666666667,0.0,0.0,0.0
32,28,40,41,15,1,1,13,0,0.9285714285714286,1.0,0.0,1.0
32,28,48,49,2,2,0,1,0,0.6666666666666666,0.0,0.0,0.0
32,28,48,49,3,1,0,4,0,0.8,0.0,0.0,0.0
32,28,48,49,4,3,0,3,0,1.5,0.0,0.0,0.0
32,28,48,49,5,2,0,2,0,1.0,0.0,0.0,0.0
32,28,48,49,15,3,1,9,0,2.25,0.3333333333333333,0.0,0.3333333333333333
32,28,48,49,16,2,0,10,0,1.6666666666666667,0.0,0.0,0.0
32,28,48,49,17,2,0,9,0,1.6363636363636365,0.0,0.0,0.0
32,28,48,49,18,1,0,8,0,0.8888888888888888,0.0,0.0,0.0
32,28,48,49,19,1,0,6,0,0.8571428571428571,0.0,0.0,0.0
32,28,56,57,4,3,0,3,0,1.5,0.0,0.0,0.0
32,28,56,57,5,1,0,3,0,0.75,0.0,0.0,0.0
32,28,56,57,6,2,0,1,0,0.6666666666666666,0.0,0.0,0.0
32,28,56,57,8,1,0,2,0,0.6666666666666666,0.0,0.0,0.0
32,28,56,57,9,1,0,1,0,0.5,0.0,0.0,0.0
32,28,56,57,11,1,0,4,0,0.8,0.0,0.0,0.0
32,28,56,57,12,1,0,5,0,0.8333333333333334,0.0,0.0,0.0
32,28,56,57,14,1,0,7,0,0.875,0.0,0.0,0.0
32,28,56,57,15,1,1,8,0,0.8888888888888888,1.0,0.0,1.0
32,28,56,57,18,1,0,7,0,0.875,0.0,0.0,0.0
32,28,56,57,19,1,1,5,1,0.8333333333333334,1.0,0.2,0.8
32,28,56,57,20,1,1,5,1,0.8333333333333334,1.0,0.2,0.8
32,28,64,65,5,3,0,3,0,1.5,0.0,0.0,0.0
32,28,64,65,6,1,0,2,0,0.6666666666666666,0.0,0.0,0.0
32,28,64,65,8,1,0,2,0,0.6666666666666666,0.0,0.0,0.0
32,28,64,65,9,1,0,1,0,0.5,0.0,0.0,0.0
32,28,64,65,10,1,0,2,0,0.6666666666666666,0.0,0.0,0.0
32,28,64,65,11,2,0,2,0,1.0,0.0,0.0,0.0
32,28,64,65,12,1,0,3,0,0.75,0.0,0.0,0.0
32,28,64,65,13,2,0,3,0,1.2,0.0,0.0,0.0
32,28,64,65,14,2,0,3,0,1.2,0.0,0.0,0.0
32,28,64,65,15,1,0,4,0,0.8,0.0,0.0,0.0
32,28,64,65,16,3,1,3,0,1.5,0.3333333333333333,0.0,0.3333333333333333
32,28,64,65,17,4,1,1,0,0.8,0.25,0.0,0.25
32,28,72,73,5,3,0,3,0,1.5,0.0,0.0,0.0
32,28,72,73,6,1,0,2,0,0.6666666666666666,0.0,0.0,0.0
32,28,72,73,8,1,0,2,0,0.6666666666666666,0.0,0.0,0.0
32,28,72,73,9,1,0,1,0,0.5,0.0,0.0,0.0
32,28,72,73,10,2,0,1,0,0.6666666666666666,0.0,0.0,0.0
32,28,72,73,11,2,0,1,0,0.6666666666666666,0.0,0.0,0.0
32,28,72,73,12,2,0,2,0,1.0,0.0,0.0,0.0
32,28,72,73,13,3,1,3,0,1.5,0.3333333333333333,0.0,0.3333333333333333
32,28,72,73,14,2,0,4,0,1.3333333333333333,0.0,0.0,0.0
32,28,72,73,15,5,0,3,0,1.875,0.0,0.0,0.0
32,28,72,73,16,3,0,4,0,1.7142857142857142,0.0,0.0,0.0
32,28,72,73,17,5,1,1,0,0.8333333333333334,0.2,0.0,0.2
32,28,72,73,18,1,0,2,0,0.6666666666666666,0.0,0.0,0.0
32,28,72,73,19,2,0,2,0,1.0,0.0,0.0,0.0
32,28,72,73,20,2,0,4,0,1.3333333333333333,0.0,0.0,0.0
32,28,80,81,5,3,0,3,0,1.5,0.0,0.0,0.0
32,28,80,81,6,1,0,2,0,0.6666666666666666,0.0,0.0,0.0
32,28,80,81,9,1,0,2,0,0.6666666666666666,0.0,0.0,0.0
32,28,80,81,10,1,0,3,0,0.75,0.0,0.0,0.0
32,28,80,81,13,3,0,9,0,2.25,0.0,0.0,0.0
32,28,88,89,5,3,0,3,0,1.5,0.0,0.0,0.0
32,28,88,89,6,1,0,2,0,0.6666666666666666,0.0,0.0,0.0
32,28,88,89,9,1,0,2,0,0.6666666666666666,0.0,0.0,0.0
32,28,88,89,11,2,0,5,0,1.4285714285714286,0.0,0.0,0.0
32,28,96,97,5,3,0,3,0,1.5,0.0,0.0,0.0
32,28,96,97,6,1,0,2,0,0.6666666666666666,0.0,0.0,0.0
32,28,96,97,9,1,0,2,0,0.6666666666666666,0.0,0.0,0.0
32,28,96,97,11,2,0,5,0,1.4285714285714286,0.0,0.0,0.0
32,28,104,105,5,2,0,4,0,1.3333333333333333,0.0,0.0,0.0
32,28,104,105,7,2,0,3,0,1.2,0.0,0.0,0.0
32,29,8,9,10,1,1,2,0,0.6666666666666666,1.0,0.0,1.0
32,29,16,17,11,1,0,3,0,0.75,0.0,0.0,0.0
32,29,24,25,11,1,0,3,0,0.75,0.0,0.0,0.0
32,29,24,25,13,1,0,9,0,0.9,0.0,0.0,0.0
32,29,40,41,5,4,0,1,0,0.8,0.0,0.0,0.0
32,29,40,41,6,3,0,1,0,0.75,0.0,0.0,0.0
32,29,40,41,7,1,0,1,0,0.5,0.0,0.0,0.0
32,29,40,41,12,3,1,3,0,1.5,0.3333333333333333,0.0,0.3333333333333333
32,29,40,41,13,2,0,8,0,1.6,0.0,0.0,0.0
32,29,48,49,4,1,0,4,0,0.8,0.0,0.0,0.0
32,29,48,49,5,1,0,4,0,0.8,0.0,0.0,0.0
32,29,48,49,6,2,0,2,0,1.0,0.0,0.0,0.0
32,29,48,49,7,2,0,1,0,0.6666666666666666,0.0,0.0,0.0
32,29,48,49,8,1,0,1,0,0.5,0.0,0.0,0.0
32,29,48,49,13,4,1,1,0,0.8,0.25,0.0,0.25
32,29,48,49,14,5,2,4,0,2.2222222222222223,0.4,0.0,0.4
32,29,48,49,15,2,0,9,0,1.6363636363636365,0.0,0.0,0.0
32,29,48,49,16,1,0,11,0,0.9166666666666666,0.0,0.0,0.0
32,29,56,57,4,1,0,4,0,0.8,0.0,0.0,0.0
32,29,56,57,6,3,0,2,0,1.2,0.0,0.0,0.0
32,29,56,57,7,1,0,2,0,0.6666666666666666,0.0,0.0,0.0
32,29,56,57,8,1,0,1,0,0.5,0.0,0.0,0.0
32,29,56,57,13,2,0,1,0,0.6666666666666666,0.0,0.0,0.0
32,29,56,57,14,1,0,2,0,0.6666666666666666,0.0,0.0,0.0
32,29,56,57,15,2,0,2,0,1.0,0.0,0.0,0.0
32,29,56,57,16,3,0,1,0,0.75,0.0,0.0,0.0
32,29,56,57,17,2,0,2,0,1.0,0.0,0.0,0.0
32,29,56,57,18,3,1,1,0,0.75,0.3333333333333333,0.0,0.3333333333333333
32,29,56,57,19,2,2,3,0,1.2,1.0,0.0,1.0
32,29,56,57,20,1,0,6,0,0.8571428571428571,0.0,0.0,0.0
32,29,64,65,6,2,0,3,0,1.2,0.0,0.0,0.0
32,29,64,65,8,2,0,1,0,0.6666666666666666,0.0,0.0,0.0
32,29,64,65,9,1,0,1,0,0.5,0.0,0.0,0.0
32,29,64,65,12,1,0,2,0,0.6666666666666666,0.0,0.0,0.0
32,29,64,65,13,1,0,2,0,0.6666666666666666,0.0,0.0,0.0
32,29,64,65,14,1,0,2,0,0.6666666666666666,0.0,0.0,0.0
32,29,64,65,15,1,0,2,0,0.6666666666666666,0.0,0.0,0.0
32,29,64,65,16,2,0,1,0,0.6666666666666666,0.0,0.0,0.0
32,29,64,65,17,1,0,2,0,0.6666666666666666,0.0,0.0,0.0
32,29,64,65,18,1,0,1,0,0.5,0.0,0.0,0.0
32,29,64,65,20,3,0,1,0,0.75,0.0,0.0,0.0
32,29,64,65,21,4,1,2,0,1.3333333333333333,0.25,0.0,0.25
32,29,64,65,22,3,0,5,0,1.875,0.0,0.0,0.0
32,29,64,65,23,1,0,9,0,0.9,0.0,0.0,0.0
32,29,72,73,6,2,0,3,0,1.2,0.0,0.0,0.0
32,29,72,73,8,2,0,1,0,0.6666666666666666,0.0,0.0,0.0
32,29,72,73,11,2,0,1,0,0.6666666666666666,0.0,0.0,0.0
32,29,72,73,12,2,0,5,1,1.4285714285714286,0.0,0.2,-0.2
32,29,72,73,13,3,0,7,0,2.1,0.0,0.0,0.0
32,29,72,73,16,3,0,9,0,2.25,0.0,0.0,0.0
32,29,72,73,18,2,0,7,0,1.5555555555555556,0.0,0.0,0.0
32,29,72,73,19,1,0,7,0,0.875,0.0,0.0,0.0
32,29,72,73,20,1,0,8,0,0.8888888888888888,0.0,0.0,0.0
32,29,80,81,6,2,0,3,0,1.2,0.0,0.0,0.0
32,29,80,81,8,2,0,1,0,0.6666666666666666,0.0,0.0,0.0
32,29,80,81,9,1,0,1,0,0.5,0.0,0.0,0.0
32,29,80,81,10,1,0,1,0,0.5,0.0,0.0,0.0
32,29,80,81,11,1,0,3,0,0.75,0.0,0.0,0.0
32,29,88,89,6,2,0,3,0,1.2,0.0,0.0,0.0
32,29,88,89,8,2,0,1,0,0.6666666666666666,0.0,0.0,0.0
32,29,96,97,6,2,0,3,0,1.2,0.0,0.0,0.0
32,29,96,97,8,2,0,1,0,0.6666666666666666,0.0,0.0,0.0
32,30,8,9,7,1,0,3,0,0.75,0.0,0.0,0.0
32,30,8,9,8,1,0,7,0,0.875,0.0,0.0,0.0
32,30,16,17,7,2,0,3,0,1.2,0.0,0.0,0.0
32,30,24,25,6,1,0,1,0,0.5,0.0,0.0,0.0
32,30,24,25,7,1,0,4,2,0.8,0.0,0.5,-0.5
32,30,24,25,8,1,0,7,0,0.875,0.0,0.0,0.0
32,30,24,25,9,1,0,11,0,0.9166666666666666,0.0,0.0,0.0
32,30,24,25,11,1,1,16,0,0.9411764705882353,1.0,0.0,1.0
32,30,32,33,6,2,0,1,0,0.6666666666666666,0.0,0.0,0.0
32,30,32,33,7,1,0,2,0,0.6666666666666666,0.0,0.0,0.0
32,30,32,33,8,4,0,1,0,0.8,0.0,0.0,0.0
32,30,32,33,9,3,1,7,0,2.1,0.3333333333333333,0.0,0.3333333333333333
32,30,32,33,10,4,0,9,0,2.769230769230769,0.0,0.0,0.0
32,30,32,33,11,3,0,13,0,2.4375,0.0,0.0,0.0
32,30,32,33,12,1,0,16,0,0.9411764705882353,0.0,0.0,0.0
32,30,32,33,14,1,1,14,0,0.9333333333333333,1.0,0.0,1.0
32,30,40,41,5,3,0,1,0,0.75,0.0,0.0,0.0
32,30,40,41,6,2,0,1,0,0.6666666666666666,0.0,0.0,0.0
32,30,40,41,9,3,0,1,0,0.75,0.0,0.0,0.0
32,30,40,41,10,5,3,2,0,1.4285714285714286,0.6,0.0,0.6
32,30,40,41,11,5,2,4,1,2.2222222222222223,0.4,0.25,0.15000000000000002
32,30,40,41,12,8,2,6,0,3.4285714285714284,0.25,0.0,0.25
32,30,40,41,13,5,1,11,0,3.4375,0.2,0.0,0.2
32,30,40,41,14,3,1,11,1,2.357142857142857,0.3333333333333333,0.09090909090909091,0.2424242424242424
32,30,48,49,2,5,0,1,0,0.8333333333333334,0.0,0.0,0.0
32,30,48,49,3,4,0,4,0,2.0,0.0,0.0,0.0
32,30,48,49,4,5,0,3,0,1.875,0.0,0.0,0.0
32,30,48,49,5,3,0,3,0,1.5,0.0,0.0,0.0
32,30,48,49,6,2,0,1,0,0.6666666666666666,0.0,0.0,0.0
32,30,48,49,11,2,0,1,0,0.6666666666666666,0.0,0.0,0.0
32,30,48,49,12,2,0,3,0,1.2,0.0,0.0,0.0
32,30,48,49,13,2,1,5,0,1.4285714285714286,0.5,0.0,0.5
32,30,48,49,14,2,0,5,0,1.4285714285714286,0.0,0.0,0.0
32,30,48,49,15,1,0,6,0,0.8571428571428571,0.0,0.0,0.0
32,30,48,49,16,1,0,5,0,0.8333333333333334,0.0,0.0,0.0
32,30,48,49,17,1,0,6,0,0.8571428571428571,0.0,0.0,0.0
32,30,56,57,2,3,0,5,0,1.875,0.0,0.0,0.0
32,30,56,57,3,1,0,8,0,0.8888888888888888,0.0,0.0,0.0
32,30,56,57,4,7,0,3,0,2.1,0.0,0.0,0.0
32,30,56,57,5,1,0,5,0,0.8333333333333334,0.0,0.0,0.0
32,30,56,57,6,2,0,1,0,0.6666666666666666,0.0,0.0,0.0
32,30,56,57,12,2,0,1,0,0.6666666666666666,0.0,0.0,0.0
32,30,56,57,14,2,0,1,0,0.6666666666666666,0.0,0.0,0.0
32,30,56,57,15,2,1,1,0,0.6666666666666666,0.5,0.0,0.5
32,30,56,57,16,1,1,2,0,0.6666666666666666,1.0,0.0,1.0
32,30,64,65,2,3,0,5,0,1.875,0.0,0.0,0.0
32,30,64,65,3,1,0,8,0,0.8888888888888888,0.0,0.0,0.0
32,30,64,65,4,5,0,5,0,2.5,0.0,0.0,0.0
32,30,64,65,5,2,0,5,0,1.4285714285714286,0.0,0.0,0.0
32,30,64,65,6,2,0,1,0,0.6666666666666666,0.0,0.0,0.0
32,30,64,65,13,1,0,1,0,0.5,0.0,0.0,0.0
32,30,64,65,16,3,0,1,0,0.75,0.0,0.0,0.0
32,30,64,65,17,5,0,2,0,1.4285714285714286,0.0,0.0,0.0
32,30,64,65,20,2,0,5,0,1.4285714285714286,0.0,0.0,0.0
32,30,64,65,22,2,0,5,0,1.4285714285714286,0.0,0.0,0.0
32,30,72,73,2,3,0,5,0,1.875,0.0,0.0,0.0
32,30,72,73,3,1,0,8,0,0.8888888888888888,0.0,0.0,0.0
32,30,72,73,4,5,0,5,0,2.5,0.0,0.0,0.0
32,30,72,73,5,1,0,6,0,0.8571428571428571,0.0,0.0,0.0
32,30,72,73,6,3,0,1,0,0.75,0.0,0.0,0.0
32,30,72,73,10,1,0,1,0,0.5,0.0,0.0,0.0
32,30,72,73,11,5,0,2,0,1.4285714285714286,0.0,0.0,0.0
32,30,72,73,12,2,0,7,0,1.5555555555555556,0.0,0.0,0.0
32,30,72,73,13,2,0,9,0,1.6363636363636365,0.0,0.0,0.0
32,30,72,73,14,1,0,9,0,0.9,0.0,0.0,0.0
32,30,80,81,2,3,0,5,0,1.875,0.0,0.0,0.0
32,30,80,81,4,6,0,5,0,2.727272727272727,0.0,0.0,0.0
32,30,80,81,5,1,0,6,0,0.8571428571428571,0.0,0.0,0.0
32,30,80,81,6,3,0,1,0,0.75,0.0,0.0,0.0
32,30,80,81,9,3,0,3,0,1.5,0.0,0.0,0.0
32,30,80,81,13,1,0,12,0,0.9230769230769231,0.0,0.0,0.0
32,30,80,81,14,1,0,11,0,0.9166666666666666,0.0,0.0,0.0
32,30,80,81,15,1,0,10,0,0.9090909090909091,0.0,0.0,0.0
32,30,88,89,2,1,0,7,0,0.875,0.0,0.0,0.0
32,30,88,89,4,4,0,7,0,2.5454545454545454,0.0,0.0,0.0
32,30,88,89,5,1,0,6,0,0.8571428571428571,0.0,0.0,0.0
32,30,88,89,6,3,0,1,0,0.75,0.0,0.0,0.0
32,30,88,89,7,1,0,1,0,0.5,0.0,0.0,0.0
32,30,88,89,8,2,0,2,0,1.0,0.0,0.0,0.0
32,30,88,89,9,2,0,7,0,1.5555555555555556,0.0,0.0,0.0
32,30,88,89,10,2,0,9,0,1.6363636363636365,0.0,0.0,0.0
32,30,88,89,11,3,0,11,0,2.357142857142857,0.0,0.0,0.0
32,30,88,89,12,3,0,12,0,2.4,0.0,0.0,0.0
32,30,88,89,13,2,0,13,0,1.7333333333333334,0.0,0.0,0.0
32,30,88,89,14,3,0,12,0,2.4,0.0,0.0,0.0
32,30,96,97,4,2,0,9,0,1.6363636363636365,0.0,0.0,0.0
32,30,96,97,6,3,0,3,0,1.5,0.0,0.0,0.0
32,30,96,97,7,2,0,4,0,1.3333333333333333,0.0,0.0,0.0
32,30,96,97,8,1,0,6,0,0.8571428571428571,0.0,0.0,0.0
32,30,96,97,9,3,0,9,0,2.25,0.0,0.0,0.0
32,30,96,97,10,2,0,11,0,1.6923076923076923,0.0,0.0,0.0
32,30,96,97,11,3,0,13,0,2.4375,0.0,0.0,0.0
32,30,96,97,12,2,0,16,0,1.7777777777777777,0.0,0.0,0.0
32,31,24,25,10,1,0,1,0,0.5,0.0,0.0,0.0
32,31,24,25,12,1,0,4,0,0.8,0.0,0.0,0.0
32,31,32,33,12,1,0,4,0,0.8,0.0,0.0,0.0
32,31,40,41,7,2,0,1,0,0.6666666666666666,0.0,0.0,0.0
32,31,40,41,11,1,0,3,1,0.75,0.0,0.3333333333333333,-0.3333333333333333
32,31,48,49,4,2,0,1,0,0.6666666666666666,0.0,0.0,0.0
32,31,48,49,5,2,0,3,0,1.2,0.0,0.0,0.0
32,31,48,49,7,1,0,2,0,0.6666666666666666,0.0,0.0,0.0
32,31,48,49,12,2,0,1,0,0.6666666666666666,0.0,0.0,0.0
32,31,48,49,13,2,0,3,0,1.2,0.0,0.0,0.0
32,31,48,49,14,2,1,5,0,1.4285714285714286,0.5,0.0,0.5
32,31,56,57,4,4,0,1,0,0.8,0.0,0.0,0.0
32,31,56,57,6,1,0,4,0,0.8,0.0,0.0,0.0
32,31,56,57,7,1,0,2,0,0.6666666666666666,0.0,0.0,0.0
32,31,56,57,14,2,0,1,0,0.6666666666666666,0.0,0.0,0.0
32,31,56,57,15,2,0,2,0,1.0,0.0,0.0,0.0
32,31,56,57,16,3,1,2,0,1.2,0.3333333333333333,0.0,0.3333333333333333
32,31,56,57,17,1,0,3,0,0.75,0.0,0.0,0.0
32,31,56,57,18,1,1,3,0,0.75,1.0,0.0,1.0
32,31,56,57,19,1,1,3,0,0.75,1.0,0.0,1.0
32,31,64,65,3,2,0,1,0,0.6666666666666666,0.0,0.0,0.0
32,31,64,65,4,2,0,3,0,1.2,0.0,0.0,0.0
32,31,64,65,5,1,0,5,0,0.8333333333333334,0.0,0.0,0.0
32,31,64,65,7,1,0,2,0,0.6666666666666666,0.0,0.0,0.0
32,31,64,65,17,1,1,1,0,0.5,1.0,0.0,1.0
32,31,64,65,18,1,0,1,0,0.5,0.0,0.0,0.0
32,31,64,65,19,1,0,1,0,0.5,0.0,0.0,0.0
32,31,64,65,20,1,1,1,0,0.5,1.0,0.0,1.0
32,31,64,65,21,1,0,1,0,0.5,0.0,0.0,0.0
32,31,72,73,3,2,0,1,0,0.6666666666666666,0.0,0.0,0.0
32,31,72,73,4,2,0,3,0,1.2,0.0,0.0,0.0
32,31,72,73,5,1,0,5,0,0.8333333333333334,0.0,0.0,0.0
32,31,72,73,7,1,0,2,0,0.6666666666666666,0.0,0.0,0.0
32,31,72,73,13,2,0,1,0,0.6666666666666666,0.0,0.0,0.0
32,31,72,73,14,3,0,2,0,1.2,0.0,0.0,0.0
32,31,72,73,15,2,0,4,0,1.3333333333333333,0.0,0.0,0.0
32,31,72,73,16,2,0,4,0,1.3333333333333333,0.0,0.0,0.0
32,31,72,73,17,1,0,4,0,0.8,0.0,0.0,0.0
32,31,72,73,18,1,0,4,0,0.8,0.0,0.0,0.0
32,31,72,73,22,1,0,1,0,0.5,0.0,0.0,0.0
32,31,80,81,3,2,0,1,0,0.6666666666666666,0.0,0.0,0.0
32,31,80,81,4,2,0,3,0,1.2,0.0,0.0,0.0
32,31,80,81,5,1,0,5,0,0.8333333333333334,0.0,0.0,0.0
32,31,80,81,7,1,0,2,0,0.6666666666666666,0.0,0.0,0.0
32,31,88,89,3,3,0,1,0,0.75,0.0,0.0,0.0
32,31,88,89,4,1,0,4,0,0.8,0.0,0.0,0.0
32,31,88,89,5,1,0,5,0,0.8333333333333334,0.0,0.0,0.0
32,31,96,97,3,3,0,1,0,0.75,0.0,0.0,0.0
32,31,96,97,4,2,0,4,0,1.3333333333333333,0.0,0.0,0.0
32,31,104,105,3,3,0,1,0,0.75,0.0,0.0,0.0
32,31,104,105,4,3,0,4,0,1.7142857142857142,0.0,0.0,0.0
32,31,112,113,3,4,0,3,0,1.7142857142857142,0.0,0.0,0.0
32,31,112,113,4,1,0,6,0,0.8571428571428571,0.0,0.0,0.0
32,31,120,121,2,4,0,1,0,0.8,0.0,0.0,0.0
32,31,120,121,3,4,0,4,0,2.0,0.0,0.0,0.0
32,31,120,121,4,2,0,6,0,1.5,0.0,0.0,0.0
32,31,120,121,5,1,0,6,0,0.8571428571428571,0.0,0.0,0.0
32,31,128,129,2,5,0,1,0,0.8333333333333334,0.0,0.0,0.0
32,31,128,129,3,3,0,6,0,2.0,0.0,0.0,0.0
32,31,128,129,4,2,0,7,0,1.5555555555555556,0.0,0.0,0.0
32,31,136,137,2,5,0,1,0,0.8333333333333334,0.0,0.0,0.0
32,31,136,137,3,4,0,6,0,2.4,0.0,0.0,0.0
32,31,144,145,2,3,0,5,0,1.875,0.0,0.0,0.0
32,31,152,153,2,3,0,5,0,1.875,0.0,0.0,0.0
32,31,160,161,2,3,0,5,0,1.875,0.0,0.0,0.0
64,0,8,9,6,2,0,3,0,1.2,0.0,0.0,0.0
64,0,8,9,7,10,1,7,0,4.117647058823529,0.1,0.0,0.1
64,0,8,9,9,1,0,23,0,0.9583333333333334,0.0,0.0,0.0
64,0,16,17,5,4,0,4,0,2.0,0.0,0.0,0.0
64,0,16,17,6,2,0,11,0,1.6923076923076923,0.0,0.0,0.0
64,0,16,17,7,2,0,16,0,1.7777777777777777,0.0,0.0,0.0
64,0,24,25,2,2,0,3,0,1.2,0.0,0.0,0.0
64,0,24,25,4,2,1,8,0,1.6,0.5,0.0,0.5
64,0,24,25,6,1,0,14,0,0.9333333333333333,0.0,0.0,0.0
64,0,32,33,2,2,0,5,0,1.4285714285714286,0.0,0.0,0.0
64,0,32,33,4,1,0,9,0,0.9,0.0,0.0,0.0
64,0,32,33,5,1,0,11,0,0.9166666666666666,0.0,0.0,0.0
64,0,64,65,7,1,0,17,0,0.9444444444444444,0.0,0.0,0.0
64,0,64,65,8,1,0,19,0,0.95,0.0,0.0,0.0
64,0,64,65,9,2,0,21,0,1.826086956521739,0.0,0.0,0.0
64,0,64,65,10,1,0,24,0,0.96,0.0,0.0,0.0
64,0,64,65,11,1,0,25,0,0.9615384615384616,0.0,0.0,0.0
64,0,64,65,12,1,0,26,0,0.9629629629629629,0.0,0.0,0.0
64,0,64,65,13,2,0,24,0,1.8461538461538463,0.0,0.0,0.0
64,0,64,65,14,1,1,23,0,0.9583333333333334,1.0,0.0,1.0
64,0,64,65,15,1,1,22,0,0.9565217391304348,1.0,0.0,1.0
64,0,64,65,21,4,3,15,0,3.1578947368421053,0.75,0.0,0.75
64,0,64,65,23,3,0,15,0,2.5,0.0,0.0,0.0
64,0,72,73,7,1,0,17,0,0.9444444444444444,0.0,0.0,0.0
64,0,72,73,8,1,0,19,0,0.95,0.0,0.0,0.0
64,0,72,73,9,1,0,21,0,0.9545454545454546,0.0,0.0,0.0
64,0,72,73,11,3,1,21,0,2.625,0.3333333333333333,0.0,0.3333333333333333
64,0,72,73,13,3,1,21,0,2.625,0.3333333333333333,0.0,0.3333333333333333
64,0,72,73,14,5,2,20,0,4.0,0.4,0.0,0.4
64,0,72,73,16,3,0,18,1,2.5714285714285716,0.0,0.05555555555555555,-0.05555555555555555
64,0,72,73,18,6,3,13,0,4.105263157894737,0.5,0.0,0.5
64,0,72,73,21,2,1,16,0,1.7777777777777777,0.5,0.0,0.5
64,0,72,73,22,2,1,15,0,1.7647058823529411,0.5,0.0,0.5
64,0,72,73,24,2,1,15,0,1.7647058823529411,0.5,0.0,0.5
64,0,72,73,25,1,0,16,1,0.9411764705882353,0.0,0.0625,-0.0625
64,0,72,73,26,2,0,15,0,1.7647058823529411,0.0,0.0,0.0
64,0,80,81,12,2,0,26,0,1.8571428571428572,0.0,0.0,0.0
64,0,80,81,13,2,1,24,0,1.8461538461538463,0.5,0.0,0.5
64,0,80,81,14,2,1,21,0,1.826086956521739,0.5,0.0,0.5
64,0,80,81,15,1,0,19,0,0.95,0.0,0.0,0.0
64,0,80,81,16,4,1,14,0,3.111111111111111,0.25,0.0,0.25
64,0,80,81,17,2,0,12,0,1.7142857142857142,0.0,0.0,0.0
64,0,80,81,18,1,0,13,0,0.9285714285714286,0.0,0.0,0.0
64,0,80,81,19,1,0,14,0,0.9333333333333333,0.0,0.0,0.0
64,0,80,81,21,1,0,18,0,0.9473684210526315,0.0,0.0,0.0
64,0,88,89,11,3,0,24,0,2.6666666666666665,0.0,0.0,0.0
64,0,88,89,13,2,0,24,0,1.8461538461538463,0.0,0.0,0.0
64,0,88,89,14,3,1,21,0,2.625,0.3333333333333333,0.0,0.3333333333333333
64,0,88,89,15,3,0,19,0,2.590909090909091,0.0,0.0,0.0
64,0,88,89,16,2,0,18,0,1.8,0.0,0.0,0.0
64,0,88,89,17,1,0,17,0,0.9444444444444444,0.0,0.0,0.0
64,0,88,89,18,2,0,17,0,1.7894736842105263,0.0,0.0,0.0
64,1,8,9,7,12,2,1,0,0.9230769230769231,0.16666666666666666,0.0,0.16666666666666666
64,1,8,9,8,1,0,13,0,0.9285714285714286,0.0,0.0,0.0
64,1,16,17,5,2,0,4,0,1.3333333333333333,0.0,0.0,0.0
64,1,16,17,6,5,0,6,0,2.727272727272727,0.0,0.0,0.0
64,1,16,17,7,2,0,12,0,1.7142857142857142,0.0,0.0,0.0
64,1,16,17,8,1,0,14,0,0.9333333333333333,0.0,0.0,0.0
64,1,24,25,2,2,0,1,0,0.6666666666666666,0.0,0.0,0.0
64,1,24,25,3,2,0,3,0,1.2,0.0,0.0,0.0
64,1,24,25,4,3,0,5,0,1.875,0.0,0.0,0.0
64,1,24,25,6,3,0,10,0,2.3076923076923075,0.0,0.0,0.0
64,1,24,25,8,1,0,14,0,0.9333333333333333,0.0,0.0,0.0
64,1,32,33,1,2,0,2,0,1.0,0.0,0.0,0.0
64,1,32,33,3,1,0,6,0,0.8571428571428571,0.0,0.0,0.0
64,1,32,33,4,1,0,8,0,0.8888888888888888,0.0,0.0,0.0
64,1,32,33,5,1,0,10,0,0.9090909090909091,0.0,0.0,0.0
64,1,32,33,6,1,0,12,0,0.9230769230769231,0.0,0.0,0.0
64,1,32,33,7,1,0,14,0,0.9333333333333333,0.0,0.0,0.0
64,1,40,41,4,2,0,9,0,1.6363636363636365,0.0,0.0,0.0
64,1,40,41,5,1,0,11,0,0.9166666666666666,0.0,0.0,0.0
64,1,40,41,6,1,0,13,0,0.9285714285714286,0.0,0.0,0.0
64,1,80,81,21,1,0,13,0,0.9285714285714286,0.0,0.0,0.0
64,1,80,81,23,2,0,14,0,1.75,0.0,0.0,0.0
64,2,8,9,6,1,1,1,0,0.5,1.0,0.0,1.0
64,2,8,9,7,5,0,2,0,1.4285714285714286,0.0,0.0,0.0
64,2,8,9,8,5,0,7,0,2.9166666666666665,0.0,0.0,0.0
64,2,8,9,9,1,0,13,0,0.9285714285714286,0.0,0.0,0.0
64,2,16,17,5,2,0,1,0,0.6666666666666666,0.0,0.0,0.0
64,2,16,17,6,5,0,3,0,1.875,0.0,0.0,0.0
64,2,16,17,7,2,0,9,0,1.6363636363636365,0.0,0.0,0.0
64,2,16,17,8,1,0,12,0,0.9230769230769231,0.0,0.0,0.0
64,2,24,25,4,5,0,2,0,1.4285714285714286,0.0,0.0,0.0
64,2,24,25,5,1,0,8,0,0.8888888888888888,0.0,0.0,0.0
64,2,24,25,6,1,0,10,0,0.9090909090909091,0.0,0.0,0.0
64,2,32,33,4,2,0,6,0,1.5,0.0,0.0,0.0
64,2,32,33,5,2,0,8,0,1.6,0.0,0.0,0.0
64,2,32,33,7,1,0,11,0,0.9166666666666666,0.0,0.0,0.0
64,2,40,41,2,2,0,5,0,1.4285714285714286,0.0,0.0,0.0
64,2,64,65,18,2,0,16,0,1.7777777777777777,0.0,0.0,0.0
64,2,64,65,19,1,1,18,0,0.9473684210526315,1.0,0.0,1.0
64,2,64,65,21,1,0,23,0,0.9583333333333334,0.0,0.0,0.0
64,2,64,65,27,2,1,28,0,1.8666666666666667,0.5,0.0,0.5
64,2,64,65,28,1,0,30,0,0.967741935483871,0.0,0.0,0.0
64,2,64,65,29,2,1,28,0,1.8666666666666667,0.5,0.0,0.5
64,2,64,65,30,3,0,24,0,2.6666666666666665,0.0,0.0,0.0
64,2,64,65,32,3,0,17,0,2.55,0.0,0.0,0.0
64,2,64,65,33,1,0,16,0,0.9411764705882353,0.0,0.0,0.0
64,2,64,65,34,1,0,16,0,0.9411764705882353,0.0,0.0,0.0
64,2,72,73,25,2,0,26,0,1.8571428571428572,0.0,0.0,0.0
64,2,72,73,27,3,1,27,0,2.7,0.3333333333333333,0.0,0.3333333333333333
64,2,72,73,29,1,0,30,1,0.967741935483871,0.0,0.03333333333333333,-0.03333333333333333
64,2,80,81,22,2,0,23,0,1.84,0.0,0.0,0.0
64,2,80,81,23,1,0,24,0,0.96,0.0,0.0,0.0
64,2,80,81,24,1,0,25,0,0.9615384615384616,0.0,0.0,0.0
64,2,80,81,26,1,0,28,0,0.9655172413793104,0.0,0.0,0.0
64,3,8,9,7,11,2,2,0,1.6923076923076923,0.18181818181818182,0.0,0.18181818181818182
64,3,8,9,8,3,1,12,0,2.4,0.3333333333333333,0.0,0.3333333333333333
64,3,16,17,5,6,0,1,0,0.8571428571428571,0.0,0.0,0.0
64,3,16,17,6,2,0,8,0,1.6,0.0,0.0,0.0
64,3,16,17,7,1,0,11,0,0.9166666666666666,0.0,0.0,0.0
64,3,16,17,8,2,0,12,0,1.7142857142857142,0.0,0.0,0.0
64,3,16,17,9,1,0,13,0,0.9285714285714286,0.0,0.0,0.0
64,3,24,25,4,4,0,2,0,1.3333333333333333,0.0,0.0,0.0
64,3,24,25,6,2,0,8,0,1.6,0.0,0.0,0.0
64,3,24,25,7,2,0,11,0,1.6923076923076923,0.0,0.0,0.0
64,3,24,25,8,1,0,13,0,0.9285714285714286,0.0,0.0,0.0
64,3,24,25,9,1,0,13,0,0.9285714285714286,0.0,0.0,0.0
64,3,32,33,2,1,0,1,0,0.5,0.0,0.0,0.0
64,3,32,33,3,4,0,2,0,1.3333333333333333,0.0,0.0,0.0
64,3,32,33,4,2,0,7,0,1.5555555555555556,0.0,0.0,0.0
64,3,32,33,6,1,0,11,0,0.9166666666666666,0.0,0.0,0.0
64,3,32,33,7,1,0,13,0,0.9285714285714286,0.0,0.0,0.0
64,3,32,33,8,1,0,14,0,0.9333333333333333,0.0,0.0,0.0
64,3,40,41,2,1,0,7,0,0.875,0.0,0.0,0.0
64,3,40,41,3,2,0,8,0,1.6,0.0,0.0,0.0
64,3,40,41,4,1,0,9,0,0.9,0.0,0.0,0.0
64,3,40,41,5,1,0,11,0,0.9166666666666666,0.0,0.0,0.0
64,3,40,41,6,1,0,13,0,0.9285714285714286,0.0,0.0,0.0
64,3,56,57,6,2,0,14,0,1.75,0.0,0.0,0.0
64,3,64,65,6,2,0,14,0,1.75,0.0,0.0,0.0
64,3,64,65,10,1,0,13,0,0.9285714285714286,0.0,0.0,0.0
64,3,64,65,12,1,0,12,0,0.9230769230769231,0.0,0.0,0.0
64,3,64,65,13,1,0,11,0,0.9166666666666666,0.0,0.0,0.0
64,3,64,65,14,2,1,10,0,1.6666666666666667,0.5,0.0,0.5
64,3,64,65,15,1,1,10,0,0.9090909090909091,1.0,0.0,1.0
64,3,64,65,17,2,1,8,0,1.6,0.5,0.0,0.5
64,3,64,65,18,2,0,10,0,1.6666666666666667,0.0,0.0,0.0
64,3,64,65,20,2,0,15,0,1.7647058823529411,0.0,0.0,0.0
64,3,72,73,10,1,0,13,0,0.9285714285714286,0.0,0.0,0.0
64,3,72,73,13,2,0,10,0,1.6666666666666667,0.0,0.0,0.0
64,3,72,73,14,1,0,10,0,0.9090909090909091,0.0,0.0,0.0
64,3,72,73,15,2,0,9,0,1.6363636363636365,0.0,0.0,0.0
64,3,80,81,10,1,0,13,0,0.9285714285714286,0.0,0.0,0.0
64,3,80,81,12,2,0,12,0,1.7142857142857142,0.0,0.0,0.0
64,3,88,89,11,2,0,12,0,1.7142857142857142,0.0,0.0,0.0
64,3,88,89,12,1,0,12,0,0.9230769230769231,0.0,0.0,0.0
64,3,88,89,14,1,0,11,0,0.9166666666666666,0.0,0.0,0.0
64,4,8,9,6,2,0,5,0,1.4285714285714286,0.0,0.0,0.0
64,4,8,9,7,8,0,9,0,4.235294117647059,0.0,0.0,0.0
64,4,8,9,8,4,1,19,0,3.3043478260869565,0.25,0.0,0.25
64,4,8,9,9,1,1,25,0,0.9615384615384616,1.0,0.0,1.0
64,4,16,17,4,5,0,1,0,0.8333333333333334,0.0,0.0,0.0
64,4,16,17,6,3,0,12,0,2.4,0.0,0.0,0.0
64,4,16,17,7,1,0,18,0,0.9473684210526315,0.0,0.0,0.0
64,4,16,17,9,1,0,24,0,0.96,0.0,0.0,0.0
64,4,16,17,10,1,0,27,0,0.9642857142857143,0.0,0.0,0.0
64,4,24,25,2,3,0,3,0,1.5,0.0,0.0,0.0
64,4,24,25,4,2,0,7,0,1.5555555555555556,0.0,0.0,0.0
64,4,24,25,6,1,0,15,0,0.9375,0.0,0.0,0.0
64,4,24,25,8,1,0,22,0,0.9565217391304348,0.0,0.0,0.0
64,4,24,25,9,1,0,25,0,0.9615384615384616,0.0,0.0,0.0
64,4,32,33,2,2,0,5,0,1.4285714285714286,0.0,0.0,0.0
64,4,32,33,4,1,0,9,0,0.9,0.0,0.0,0.0
64,4,32,33,5,1,0,12,0,0.9230769230769231,0.0,0.0,0.0
64,4,32,33,7,1,0,19,0,0.95,0.0,0.0,0.0
64,4,32,33,8,1,0,23,0,0.9583333333333334,0.0,0.0,0.0
64,4,40,41,5,2,0,14,0,1.75,0.0,0.0,0.0
64,4,48,49,11,2,1,27,0,1.8620689655172413,0.5,0.0,0.5
64,4,48,49,12,1,1,27,0,0.9642857142857143,1.0,0.0,1.0
64,4,48,49,13,1,0,27,0,0.9642857142857143,0.0,0.0,0.0
64,4,48,49,14,2,2,26,0,1.8571428571428572,1.0,0.0,1.0
64,4,56,57,9,2,0,24,0,1.8461538461538463,0.0,0.0,0.0
64,4,56,57,10,2,1,25,0,1.8518518518518519,0.5,0.0,0.5
64,4,56,57,11,1,0,26,0,0.9629629629629629,0.0,0.0,0.0
64,4,56,57,12,2,1,25,0,1.8518518518518519,0.5,0.0,0.5
64,4,56,57,13,2,0,24,0,1.8461538461538463,0.0,0.0,0.0
64,4,56,57,14,2,0,22,0,1.8333333333333333,0.0,0.0,0.0
64,4,56,57,15,1,0,21,0,0.9545454545454546,0.0,0.0,0.0
64,4,56,57,16,1,0,19,0,0.95,0.0,0.0,0.0
64,4,56,57,17,1,0,17,0,0.9444444444444444,0.0,0.0,0.0
64,4,64,65,7,1,1,20,0,0.9523809523809523,1.0,0.0,1.0
64,4,64,65,8,2,0,21,1,1.826086956521739,0.0,0.047619047619047616,-0.047619047619047616
64,4,64,65,9,3,1,22,1,2.64,0.3333333333333333,0.045454545454545456,0.28787878787878785
64,4,64,65,10,2,0,24,1,1.8461538461538463,0.0,0.041666666666666664,-0.041666666666666664
64,4,64,65,11,2,0,24,0,1.8461538461538463,0.0,0.0,0.0
64,4,64,65,12,2,0,23,1,1.84,0.0,0.043478260869565216,-0.043478260869565216
64,4,64,65,13,4,0,20,0,3.3333333333333335,0.0,0.0,0.0
64,4,64,65,14,1,0,20,0,0.9523809523809523,0.0,0.0,0.0
64,4,64,65,15,7,1,18,0,5.04,0.14285714285714285,0.0,0.14285714285714285
64,4,64,65,16,3,0,21,1,2.625,0.0,0.047619047619047616,-0.047619047619047616
64,4,64,65,17,1,0,21,0,0.9545454545454546,0.0,0.0,0.0
64,4,64,65,18,1,0,20,0,0.9523809523809523,0.0,0.0,0.0
64,4,64,65,24,2,0,6,0,1.5,0.0,0.0,0.0
64,4,64,65,26,2,0,8,0,1.6,0.0,0.0,0.0
64,4,72,73,5,2,0,14,0,1.75,0.0,0.0,0.0
64,4,72,73,7,2,0,17,0,1.7894736842105263,0.0,0.0,0.0
64,4,72,73,8,5,0,16,0,3.8095238095238093,0.0,0.0,0.0
64,4,72,73,9,3,0,19,0,2.590909090909091,0.0,0.0,0.0
64,4,72,73,10,4,0,21,0,3.36,0.0,0.0,0.0
64,4,72,73,11,2,0,25,0,1.8518518518518519,0.0,0.0,0.0
64,4,72,73,12,2,1,26,0,1.8571428571428572,0.5,0.0,0.5
64,4,72,73,13,2,0,26,0,1.8571428571428572,0.0,0.0,0.0
64,4,72,73,14,2,0,25,0,1.8518518518518519,0.0,0.0,0.0
64,4,72,73,15,2,0,24,0,1.8461538461538463,0.0,0.0,0.0
64,4,72,73,16,1,0,23,0,0.9583333333333334,0.0,0.0,0.0
64,4,72,73,17,2,0,21,0,1.826086956521739,0.0,0.0,0.0
64,4,72,73,18,2,0,19,0,1.8095238095238095,0.0,0.0,0.0
64,4,72,73,19,1,0,18,0,0.9473684210526315,0.0,0.0,0.0
64,4,72,73,20,1,0,16,0,0.9411764705882353,0.0,0.0,0.0
64,4,72,73,21,2,0,13,0,1.7333333333333334,0.0,0.0,0.0
64,4,72,73,22,1,0,11,0,0.9166666666666666,0.0,0.0,0.0
64,4,72,73,24,1,0,7,0,0.875,0.0,0.0,0.0
64,4,80,81,5,1,0,15,0,0.9375,0.0,0.0,0.0
64,4,80,81,6,1,0,17,0,0.9444444444444444,0.0,0.0,0.0
64,4,80,81,7,2,0,18,0,1.8,0.0,0.0,0.0
64,4,80,81,8,2,0,21,0,1.826086956521739,0.0,0.0,0.0
64,4,80,81,9,1,0,24,0,0.96,0.0,0.0,0.0
64,4,80,81,10,2,0,26,0,1.8571428571428572,0.0,0.0,0.0
64,4,80,81,11,1,0,27,0,0.9642857142857143,0.0,0.0,0.0
64,4,80,81,12,2,0,26,0,1.8571428571428572,0.0,0.0,0.0
64,4,80,81,13,1,0,27,0,0.9642857142857143,0.0,0.0,0.0
64,4,80,81,14,1,1,26,0,0.9629629629629629,1.0,0.0,1.0
64,4,80,81,15,1,0,25,0,0.9615384615384616,0.0,0.0,0.0
64,4,80,81,16,1,0,23,0,0.9583333333333334,0.0,0.0,0.0
64,4,80,81,17,1,0,21,0,0.9545454545454546,0.0,0.0,0.0
64,4,80,81,19,1,0,19,0,0.95,0.0,0.0,0.0
64,5,8,9,5,2,2,1,0,0.6666666666666666,1.0,0.0,1.0
64,5,8,9,6,4,1,3,0,1.7142857142857142,0.25,0.0,0.25
64,5,8,9,7,9,1,8,0,4.235294117647059,0.1111111111111111,0.0,0.1111111111111111
64,5,8,9,8,4,0,19,0,3.3043478260869565,0.0,0.0,0.0
64,5,16,17,4,2,0,1,0,0.6666666666666666,0.0,0.0,0.0
64,5,16,17,5,5,0,3,0,1.875,0.0,0.0,0.0
64,5,16,17,6,4,0,9,0,2.769230769230769,0.0,0.0,0.0
64,5,16,17,7,2,0,16,0,1.7777777777777777,0.0,0.0,0.0
64,5,16,17,8,2,0,21,0,1.826086956521739,0.0,0.0,0.0
64,5,24,25,4,4,0,6,0,2.4,0.0,0.0,0.0
64,5,24,25,5,3,0,11,0,2.357142857142857,0.0,0.0,0.0
64,5,24,25,6,1,0,16,0,0.9411764705882353,0.0,0.0,0.0
64,5,24,25,7,2,1,19,0,1.8095238095238095,0.5,0.0,0.5
64,5,64,65,14,3,2,24,0,2.6666666666666665,0.6666666666666666,0.0,0.6666666666666666
64,5,64,65,15,1,0,23,0,0.9583333333333334,0.0,0.0,0.0
64,5,64,65,16,1,0,22,0,0.9565217391304348,0.0,0.0,0.0
64,5,64,65,18,1,0,20,0,0.9523809523809523,0.0,0.0,0.0
64,5,64,65,19,1,0,21,0,0.9545454545454546,0.0,0.0,0.0
64,5,64,65,21,2,1,20,0,1.8181818181818181,0.5,0.0,0.5
64,5,64,65,22,2,1,18,0,1.8,0.5,0.0,0.5
64,5,64,65,23,2,0,17,0,1.7894736842105263,0.0,0.0,0.0
64,5,64,65,24,4,0,15,0,3.1578947368421053,0.0,0.0,0.0
64,5,64,65,26,1,0,17,0,0.9444444444444444,0.0,0.0,0.0
64,5,72,73,8,3,1,22,0,2.64,0.3333333333333333,0.0,0.3333333333333333
64,5,72,73,9,2,1,21,0,1.826086956521739,0.5,0.0,0.5
64,5,72,73,10,1,0,20,0,0.9523809523809523,0.0,0.0,0.0
64,5,72,73,11,6,1,16,0,4.363636363636363,0.16666666666666666,0.0,0.16666666666666666
64,5,72,73,12,2,0,18,0,1.8,0.0,0.0,0.0
64,5,72,73,13,3,1,18,0,2.5714285714285716,0.3333333333333333,0.0,0.3333333333333333
64,5,72,73,14,4,1,18,0,3.272727272727273,0.25,0.0,0.25
64,5,72,73,15,2,1,19,0,1.8095238095238095,0.5,0.0,0.5
64,5,72,73,16,3,1,18,0,2.5714285714285716,0.3333333333333333,0.0,0.3333333333333333
64,5,72,73,17,3,0,19,0,2.590909090909091,0.0,0.0,0.0
64,5,72,73,18,3,0,19,0,2.590909090909091,0.0,0.0,0.0
64,5,80,81,7,1,0,21,0,0.9545454545454546,0.0,0.0,0.0
64,5,80,81,8,1,0,23,0,0.9583333333333334,0.0,0.0,0.0
64,5,80,81,9,1,0,23,0,0.9583333333333334,0.0,0.0,0.0
64,5,80,81,10,1,0,23,0,0.9583333333333334,0.0,0.0,0.0
64,5,80,81,11,5,0,22,0,4.074074074074074,0.0,0.0,0.0
64,5,80,81,12,1,0,26,0,0.9629629629629629,0.0,0.0,0.0
64,5,80,81,13,2,0,25,0,1.8518518518518519,0.0,0.0,0.0
64,5,80,81,14,1,0,25,0,0.9615384615384616,0.0,0.0,0.0
64,5,80,81,15,2,0,24,0,1.8461538461538463,0.0,0.0,0.0
64,6,8,9,5,2,1,1,0,0.6666666666666666,0.5,0.0,0.5
64,6,8,9,6,4,0,2,0,1.3333333333333333,0.0,0.0,0.0
64,6,8,9,7,14,1,5,0,3.6842105263157894,0.07142857142857142,0.0,0.07142857142857142
64,6,8,9,8,3,0,17,0,2.55,0.0,0.0,0.0
64,6,8,9,9,2,0,18,0,1.8,0.0,0.0,0.0
64,6,8,9,10,1,0,17,0,0.9444444444444444,0.0,0.0,0.0
64,6,16,17,4,7,0,3,0,2.1,0.0,0.0,0.0
64,6,16,17,5,1,0,12,0,0.9230769230769231,0.0,0.0,0.0
64,6,16,17,6,4,1,15,0,3.1578947368421053,0.25,0.0,0.25
64,6,16,17,7,1,0,20,0,0.9523809523809523,0.0,0.0,0.0
64,6,16,17,8,2,0,20,0,1.8181818181818181,0.0,0.0,0.0
64,6,16,17,9,1,0,20,0,0.9523809523809523,0.0,0.0,0.0
64,6,24,25,2,2,0,5,0,1.4285714285714286,0.0,0.0,0.0
64,6,24,25,3,1,0,9,0,0.9,0.0,0.0,0.0
64,6,24,25,4,3,1,12,0,2.4,0.3333333333333333,0.0,0.3333333333333333
64,6,24,25,5,2,0,16,0,1.7777777777777777,0.0,0.0,0.0
64,6,24,25,6,2,0,20,0,1.8181818181818181,0.0,0.0,0.0
64,6,24,25,7,1,1,23,0,0.9583333333333334,1.0,0.0,1.0
64,6,64,65,15,2,0,3,0,1.2,0.0,0.0,0.0
64,6,72,73,14,2,0,5,0,1.4285714285714286,0.0,0.0,0.0
64,6,72,73,16,1,0,6,0,0.8571428571428571,0.0,0.0,0.0
64,6,80,81,10,2,0,16,0,1.7777777777777777,0.0,0.0,0.0
64,6,88,89,10,2,0,16,0,1.7777777777777777,0.0,0.0,0.0
64,7,8,9,6,3,1,1,0,0.75,0.3333333333333333,0.0,0.3333333333333333
64,7,8,9,7,4,1,4,0,2.0,0.25,0.0,0.25
64,7,8,9,8,5,1,8,0,3.076923076923077,0.2,0.0,0.2
64,7,8,9,10,1,0,14,0,0.9333333333333333,0.0,0.0,0.0
64,7,16,17,5,4,0,2,0,1.3333333333333333,0.0,0.0,0.0
64,7,16,17,6,3,1,6,0,2.0,0.3333333333333333,0.0,0.3333333333333333
64,7,16,17,7,1,0,10,0,0.9090909090909091,0.0,0.0,0.0
64,7,16,17,8,1,0,12,0,0.9230769230769231,0.0,0.0,0.0
64,7,16,17,9,1,0,14,0,0.9333333333333333,0.0,0.0,0.0
64,7,24,25,3,1,0,1,0,0.5,0.0,0.0,0.0
64,7,24,25,4,4,0,2,0,1.3333333333333333,0.0,0.0,0.0
64,7,24,25,5,1,0,7,0,0.875,0.0,0.0,0.0
64,7,24,25,6,1,0,9,0,0.9,0.0,0.0,0.0
64,7,24,25,7,1,0,11,0,0.9166666666666666,0.0,0.0,0.0
64,7,24,25,8,1,0,13,0,0.9285714285714286,0.0,0.0,0.0
64,7,32,33,2,3,0,3,0,1.5,0.0,0.0,0.0
64,7,32,33,3,1,0,7,0,0.875,0.0,0.0,0.0
64,7,32,33,4,2,0,8,0,1.6,0.0,0.0,0.0
64,7,32,33,6,1,0,11,0,0.9166666666666666,0.0,0.0,0.0
64,7,64,65,14,1,1,11,0,0.9166666666666666,1.0,0.0,1.0
64,7,64,65,15,1,0,10,0,0.9090909090909091,0.0,0.0,0.0
64,7,64,65,16,1,0,10,0,0.9090909090909091,0.0,0.0,0.0
64,7,64,65,17,2,1,11,0,1.6923076923076923,0.5,0.0,0.5
64,7,64,65,19,2,0,11,0,1.6923076923076923,0.0,0.0,0.0
64,7,64,65,21,2,0,11,0,1.6923076923076923,0.0,0.0,0.0
64,7,72,73,13,1,0,11,0,0.9166666666666666,0.0,0.0,0.0
64,7,72,73,14,1,0,10,0,0.9090909090909091,0.0,0.0,0.0
64,7,72,73,15,4,2,6,0,2.4,0.5,0.0,0.5
64,7,72,73,17,3,1,7,0,2.1,0.3333333333333333,0.0,0.3333333333333333
64,7,72,73,18,3,1,8,0,2.1818181818181817,0.3333333333333333,0.0,0.3333333333333333
64,7,72,73,19,1,1,10,1,0.9090909090909091,1.0,0.1,0.9
64,7,72,73,20,1,0,11,0,0.9166666666666666,0.0,0.0,0.0
64,8,8,9,7,6,0,5,0,2.727272727272727,0.0,0.0,0.0
64,8,8,9,8,3,0,12,0,2.4,0.0,0.0,0.0
64,8,8,9,10,1,0,19,0,0.95,0.0,0.0,0.0
64,8,16,17,5,4,0,3,0,1.7142857142857142,0.0,0.0,0.0
64,8,16,17,6,1,0,9,0,0.9,0.0,0.0,0.0
64,8,16,17,7,1,0,12,0,0.9230769230769231,0.0,0.0,0.0
64,8,16,17,8,1,0,15,0,0.9375,0.0,0.0,0.0
64,8,24,25,2,2,0,1,0,0.6666666666666666,0.0,0.0,0.0
64,8,24,25,3,1,0,3,0,0.75,0.0,0.0,0.0
64,8,24,25,4,5,1,3,0,1.875,0.2,0.0,0.2
64,8,24,25,6,1,0,10,0,0.9090909090909091,0.0,0.0,0.0
64,8,24,25,7,1,0,13,0,0.9285714285714286,0.0,0.0,0.0
64,8,32,33,1,1,0,2,0,0.6666666666666666,0.0,0.0,0.0
64,8,32,33,3,2,0,5,0,1.4285714285714286,0.0,0.0,0.0
64,8,32,33,6,2,0,10,0,1.6666666666666667,0.0,0.0,0.0
64,8,32,33,8,1,0,15,0,0.9375,0.0,0.0,0.0
64,8,56,57,8,2,1,14,0,1.75,0.5,0.0,0.5
64,8,56,57,9,2,0,15,0,1.7647058823529411,0.0,0.0,0.0
64,8,56,57,10,4,0,15,0,3.1578947368421053,0.0,0.0,0.0
64,8,56,57,11,1,0,18,0,0.9473684210526315,0.0,0.0,0.0
64,8,56,57,12,2,0,18,0,1.8,0.0,0.0,0.0
64,8,56,57,13,1,0,19,0,0.95,0.0,0.0,0.0
64,8,56,57,14,2,0,19,0,1.8095238095238095,0.0,0.0,0.0
64,8,56,57,15,2,0,20,0,1.8181818181818181,0.0,0.0,0.0
64,8,56,57,16,1,0,21,0,0.9545454545454546,0.0,0.0,0.0
64,8,56,57,17,2,1,21,0,1.826086956521739,0.5,0.0,0.5
64,8,56,57,18,1,1,22,0,0.9565217391304348,1.0,0.0,1.0
64,8,64,65,6,1,0,11,0,0.9166666666666666,0.0,0.0,0.0
64,8,64,65,7,6,1,7,0,3.230769230769231,0.16666666666666666,0.0,0.16666666666666666
64,8,64,65,8,4,1,7,0,2.5454545454545454,0.25,0.0,0.25
64,8,64,65,9,1,0,10,0,0.9090909090909091,0.0,0.0,0.0
64,8,64,65,10,4,1,10,0,2.857142857142857,0.25,0.0,0.25
64,8,64,65,11,4,1,11,0,2.933333333333333,0.25,0.0,0.25
64,8,64,65,12,3,0,12,0,2.4,0.0,0.0,0.0
64,8,64,65,13,3,0,12,0,2.4,0.0,0.0,0.0
64,8,64,65,14,4,1,12,0,3.0,0.25,0.0,0.25
64,8,64,65,15,3,2,14,0,2.4705882352941178,0.6666666666666666,0.0,0.6666666666666666
64,8,64,65,16,3,3,15,0,2.5,1.0,0.0,1.0
64,8,64,65,17,5,2,14,0,3.6842105263157894,0.4,0.0,0.4
64,8,64,65,18,3,0,15,0,2.5,0.0,0.0,0.0
64,8,64,65,19,4,1,15,0,3.1578947368421053,0.25,0.0,0.25
64,8,64,65,20,3,1,16,0,2.526315789473684,0.3333333333333333,0.0,0.3333333333333333
64,8,64,65,21,2,0,15,0,1.7647058823529411,0.0,0.0,0.0
64,8,64,65,22,1,1,14,0,0.9333333333333333,1.0,0.0,1.0
64,8,64,65,24,1,0,12,0,0.9230769230769231,0.0,0.0,0.0
64,8,64,65,25,1,0,13,0,0.9285714285714286,0.0,0.0,0.0
64,8,72,73,5,1,0,9,0,0.9,0.0,0.0,0.0
64,8,72,73,6,4,0,7,0,2.5454545454545454,0.0,0.0,0.0
64,8,72,73,7,3,0,6,0,2.0,0.0,0.0,0.0
64,8,72,73,8,5,1,5,0,2.5,0.2,0.0,0.2
64,8,72,73,9,3,0,7,0,2.1,0.0,0.0,0.0
64,8,72,73,10,5,1,8,0,3.076923076923077,0.2,0.0,0.2
64,8,72,73,11,2,0,10,0,1.6666666666666667,0.0,0.0,0.0
64,8,72,73,12,4,0,10,0,2.857142857142857,0.0,0.0,0.0
64,8,72,73,13,3,0,13,0,2.4375,0.0,0.0,0.0
64,8,72,73,14,4,1,14,0,3.111111111111111,0.25,0.0,0.25
64,8,72,73,15,2,0,16,0,1.7777777777777777,0.0,0.0,0.0
64,8,72,73,16,4,0,15,0,3.1578947368421053,0.0,0.0,0.0
64,8,72,73,17,2,0,15,0,1.7647058823529411,0.0,0.0,0.0
64,8,72,73,18,2,0,15,0,1.7647058823529411,0.0,0.0,0.0
64,8,72,73,19,1,0,16,0,0.9411764705882353,0.0,0.0,0.0
64,8,72,73,20,2,2,16,0,1.7777777777777777,1.0,0.0,1.0
64,8,72,73,21,1,1,15,1,0.9375,1.0,0.06666666666666667,0.9333333333333333
64,8,72,73,22,2,1,14,1,1.75,0.5,0.07142857142857142,0.4285714285714286
64,8,72,73,23,1,1,14,1,0.9333333333333333,1.0,0.07142857142857142,0.9285714285714286
64,8,72,73,24,1,1,13,1,0.9285714285714286,1.0,0.07692307692307693,0.9230769230769231
64,8,80,81,5,1,0,9,0,0.9,0.0,0.0,0.0
64,8,80,81,6,1,0,10,0,0.9090909090909091,0.0,0.0,0.0
64,8,80,81,7,4,0,9,0,2.769230769230769,0.0,0.0,0.0
64,8,80,81,8,2,0,13,0,1.7333333333333334,0.0,0.0,0.0
64,8,80,81,9,2,0,15,0,1.7647058823529411,0.0,0.0,0.0
64,8,80,81,10,2,0,17,0,1.7894736842105263,0.0,0.0,0.0
64,8,80,81,11,2,0,18,0,1.8,0.0,0.0,0.0
64,8,80,81,12,2,0,19,0,1.8095238095238095,0.0,0.0,0.0
64,8,80,81,13,2,0,20,0,1.8181818181818181,0.0,0.0,0.0
64,8,80,81,14,3,0,20,0,2.608695652173913,0.0,0.0,0.0
64,8,80,81,15,4,0,20,0,3.3333333333333335,0.0,0.0,0.0
64,8,80,81,16,2,0,21,0,1.826086956521739,0.0,0.0,0.0
64,8,80,81,17,1,0,20,0,0.9523809523809523,0.0,0.0,0.0
64,8,80,81,18,1,1,19,0,0.95,1.0,0.0,1.0
64,8,80,81,19,2,0,18,0,1.8,0.0,0.0,0.0
64,8,80,81,20,1,0,19,0,0.95,0.0,0.0,0.0
64,8,80,81,21,1,0,18,0,0.9473684210526315,0.0,0.0,0.0
64,9,8,9,5,3,3,1,0,0.75,1.0,0.0,1.0
64,9,8,9,6,3,1,4,0,1.7142857142857142,0.3333333333333333,0.0,0.3333333333333333
64,9,8,9,7,9,1,9,0,4.5,0.1111111111111111,0.0,0.1111111111111111
64,9,8,9,8,6,1,20,0,4.615384615384615,0.16666666666666666,0.0,0.16666666666666666
64,9,8,9,10,1,0,27,0,0.9642857142857143,0.0,0.0,0.0
64,9,16,17,4,2,0,1,0,0.6666666666666666,0.0,0.0,0.0
64,9,16,17,5,8,0,3,0,2.1818181818181817,0.0,0.0,0.0
64,9,16,17,6,3,0,12,0,2.4,0.0,0.0,0.0
64,9,16,17,7,2,0,19,1,1.8095238095238095,0.0,0.05263157894736842,-0.05263157894736842
64,9,16,17,8,1,0,24,0,0.96,0.0,0.0,0.0
64,9,24,25,3,1,0,8,0,0.8888888888888888,0.0,0.0,0.0
64,9,24,25,4,4,0,9,0,2.769230769230769,0.0,0.0,0.0
64,9,24,25,5,2,0,13,0,1.7333333333333334,0.0,0.0,0.0
64,9,24,25,6,2,0,17,0,1.7894736842105263,0.0,0.0,0.0
64,9,24,25,8,1,0,25,0,0.9615384615384616,0.0,0.0,0.0
64,9,24,25,9,1,0,27,0,0.9642857142857143,0.0,0.0,0.0
64,9,64,65,16,2,1,20,0,1.8181818181818181,0.5,0.0,0.5
64,9,64,65,17,2,1,17,0,1.7894736842105263,0.5,0.0,0.5
64,9,64,65,18,1,1,17,0,0.9444444444444444,1.0,0.0,1.0
64,9,64,65,19,4,0,16,0,3.2,0.0,0.0,0.0
64,9,64,65,20,1,0,20,1,0.9523809523809523,0.0,0.05,-0.05
64,9,64,65,21,2,0,19,0,1.8095238095238095,0.0,0.0,0.0
64,9,64,65,22,2,0,18,0,1.8,0.0,0.0,0.0
64,9,64,65,24,1,0,17,0,0.9444444444444444,0.0,0.0,0.0
64,9,72,73,8,1,0,26,0,0.9629629629629629,0.0,0.0,0.0
64,9,72,73,9,3,0,24,0,2.6666666666666665,0.0,0.0,0.0
64,9,72,73,10,5,0,20,0,4.0,0.0,0.0,0.0
64,9,72,73,11,5,1,16,0,3.8095238095238093,0.2,0.0,0.2
64,9,72,73,12,5,2,13,0,3.611111111111111,0.4,0.0,0.4
64,9,72,73,13,1,0,15,1,0.9375,0.0,0.06666666666666667,-0.06666666666666667
64,9,72,73,14,9,3,11,0,4.95,0.3333333333333333,0.0,0.3333333333333333
64,9,72,73,15,4,1,14,0,3.111111111111111,0.25,0.0,0.25
64,9,72,73,16,4,0,13,1,3.0588235294117645,0.0,0.07692307692307693,-0.07692307692307693
64,9,72,73,17,4,1,13,0,3.0588235294117645,0.25,0.0,0.25
64,9,72,73,18,2,0,17,1,1.7894736842105263,0.0,0.058823529411764705,-0.058823529411764705
64,9,72,73,19,2,0,19,0,1.8095238095238095,0.0,0.0,0.0
64,9,72,73,21,3,1,18,0,2.5714285714285716,0.3333333333333333,0.0,0.3333333333333333
64,9,72,73,23,2,0,17,0,1.7894736842105263,0.0,0.0,0.0
64,9,80,81,7,2,0,22,0,1.8333333333333333,0.0,0.0,0.0
64,9,80,81,8,2,0,23,0,1.84,0.0,0.0,0.0
64,9,80,81,9,2,0,23,0,1.84,0.0,0.0,0.0
64,9,80,81,10,6,0,19,0,4.56,0.0,0.0,0.0
64,9,80,81,11,5,0,18,0,3.9130434782608696,0.0,0.0,0.0
64,9,80,81,12,4,0,19,0,3.3043478260869565,0.0,0.0,0.0
64,9,80,81,13,4,1,19,0,3.3043478260869565,0.25,0.0,0.25
64,9,80,81,14,2,0,18,0,1.8,0.0,0.0,0.0
64,9,80,81,16,5,0,17,0,3.8636363636363638,0.0,0.0,0.0
64,10,8,9,7,13,3,2,0,1.7333333333333334,0.23076923076923078,0.0,0.23076923076923078
64,10,8,9,8,1,0,16,0,0.9411764705882353,0.0,0.0,0.0
64,10,16,17,4,3,0,4,0,1.7142857142857142,0.0,0.0,0.0
64,10,16,17,5,5,0,7,0,2.9166666666666665,0.0,0.0,0.0
64,10,16,17,6,1,0,14,0,0.9333333333333333,0.0,0.0,0.0
64,10,24,25,2,2,0,5,0,1.4285714285714286,0.0,0.0,0.0
64,10,64,65,9,1,0,18,0,0.9473684210526315,0.0,0.0,0.0
64,10,64,65,11,1,0,18,0,0.9473684210526315,0.0,0.0,0.0
64,10,64,65,12,2,0,17,0,1.7894736842105263,0.0,0.0,0.0
64,10,64,65,13,3,1,18,0,2.5714285714285716,0.3333333333333333,0.0,0.3333333333333333
64,10,64,65,14,1,0,22,0,0.9565217391304348,0.0,0.0,0.0
64,10,64,65,28,2,0,34,0,1.8888888888888888,0.0,0.0,0.0
64,10,64,65,30,2,0,32,0,1.8823529411764706,0.0,0.0,0.0
64,10,64,65,31,2,0,31,0,1.878787878787879,0.0,0.0,0.0
64,10,64,65,32,1,0,29,0,0.9666666666666667,0.0,0.0,0.0
64,10,64,65,33,1,0,25,0,0.9615384615384616,0.0,0.0,0.0
64,10,64,65,34,2,0,21,0,1.826086956521739,0.0,0.0,0.0
64,10,72,73,10,2,0,17,0,1.7894736842105263,0.0,0.0,0.0
64,10,72,73,11,2,0,17,0,1.7894736842105263,0.0,0.0,0.0
64,10,72,73,12,1,0,18,0,0.9473684210526315,0.0,0.0,0.0
64,10,72,73,14,1,1,21,0,0.9545454545454546,1.0,0.0,1.0
64,10,72,73,15,1,0,21,0,0.9545454545454546,0.0,0.0,0.0
64,10,72,73,16,2,0,19,0,1.8095238095238095,0.0,0.0,0.0
64,10,72,73,17,2,1,20,0,1.8181818181818181,0.5,0.0,0.5
64,10,72,73,18,3,1,18,0,2.5714285714285716,0.3333333333333333,0.0,0.3333333333333333
64,10,72,73,19,2,1,22,0,1.8333333333333333,0.5,0.0,0.5
64,10,72,73,20,4,1,24,0,3.4285714285714284,0.25,0.0,0.25
64,10,72,73,21,1,1,29,1,0.9666666666666667,1.0,0.034482758620689655,0.9655172413793104
64,10,80,81,10,3,1,16,0,2.526315789473684,0.3333333333333333,0.0,0.3333333333333333
64,10,80,81,11,1,1,17,0,0.9444444444444444,1.0,0.0,1.0
64,10,80,81,12,1,0,18,0,0.9473684210526315,0.0,0.0,0.0
64,10,80,81,13,1,0,19,0,0.95,0.0,0.0,0.0
64,10,80,81,14,1,0,20,0,0.9523809523809523,0.0,0.0,0.0
64,10,80,81,15,1,0,20,0,0.9523809523809523,0.0,0.0,0.0
64,10,80,81,16,1,0,19,0,0.95,0.0,0.0,0.0
64,10,80,81,17,1,0,20,0,0.9523809523809523,0.0,0.0,0.0
64,10,80,81,18,1,0,19,0,0.95,0.0,0.0,0.0
64,10,80,81,19,2,0,21,0,1.826086956521739,0.0,0.0,0.0
64,10,88,89,9,3,0,16,0,2.526315789473684,0.0,0.0,0.0
64,10,88,89,10,2,0,15,0,1.7647058823529411,0.0,0.0,0.0
64,10,88,89,11,1,0,16,0,0.9411764705882353,0.0,0.0,0.0
64,10,88,89,12,2,0,17,0,1.7894736842105263,0.0,0.0,0.0
64,10,88,89,13,2,0,18,0,1.8,0.0,0.0,0.0
64,10,88,89,14,2,0,19,0,1.8095238095238095,0.0,0.0,0.0
64,10,88,89,15,2,0,19,0,1.8095238095238095,0.0,0.0,0.0
64,10,88,89,16,2,0,18,0,1.8,0.0,0.0,0.0
64,10,88,89,17,2,0,19,0,1.8095238095238095,0.0,0.0,0.0
64,10,88,89,18,3,0,18,0,2.5714285714285716,0.0,0.0,0.0
64,10,88,89,19,1,0,23,0,0.9583333333333334,0.0,0.0,0.0
64,10,88,89,20,2,0,26,0,1.8571428571428572,0.0,0.0,0.0
64,11,8,9,7,8,2,1,0,0.8888888888888888,0.25,0.0,0.25
64,11,8,9,8,4,0,8,0,2.6666666666666665,0.0,0.0,0.0
64,11,8,9,9,2,1,13,0,1.7333333333333334,0.5,0.0,0.5
64,11,16,17,5,3,0,3,0,1.5,0.0,0.0,0.0
64,11,16,17,6,3,0,6,0,2.0,0.0,0.0,0.0
64,11,16,17,8,2,1,11,0,1.6923076923076923,0.5,0.0,0.5
64,11,16,17,10,1,0,15,0,0.9375,0.0,0.0,0.0
64,11,24,25,2,3,0,1,0,0.75,0.0,0.0,0.0
64,11,24,25,3,1,0,4,0,0.8,0.0,0.0,0.0
64,11,24,25,4,1,0,5,0,0.8333333333333334,0.0,0.0,0.0
64,11,24,25,6,1,0,8,0,0.8888888888888888,0.0,0.0,0.0
64,11,24,25,7,1,0,10,0,0.9090909090909091,0.0,0.0,0.0
64,11,24,25,8,1,0,12,0,0.9230769230769231,0.0,0.0,0.0
64,11,24,25,9,1,0,14,0,0.9333333333333333,0.0,0.0,0.0
64,11,32,33,2,1,0,3,0,0.75,0.0,0.0,0.0
64,11,32,33,4,1,0,6,0,0.8571428571428571,0.0,0.0,0.0
64,11,32,33,5,1,0,7,0,0.875,0.0,0.0,0.0
64,11,32,33,7,1,0,10,0,0.9090909090909091,0.0,0.0,0.0
64,11,32,33,8,1,0,12,0,0.9230769230769231,0.0,0.0,0.0
64,11,32,33,9,1,0,14,0,0.9333333333333333,0.0,0.0,0.0
64,11,40,41,3,1,0,6,0,0.8571428571428571,0.0,0.0,0.0
64,11,40,41,5,1,0,9,0,0.9,0.0,0.0,0.0
64,11,40,41,7,1,0,12,0,0.9230769230769231,0.0,0.0,0.0
64,11,64,65,10,2,1,14,0,1.75,0.5,0.0,0.5
64,11,64,65,11,2,0,13,0,1.7333333333333334,0.0,0.0,0.0
64,11,64,65,12,2,0,12,0,1.7142857142857142,0.0,0.0,0.0
64,11,64,65,13,2,0,11,0,1.6923076923076923,0.0,0.0,0.0
64,11,64,65,14,2,0,9,0,1.6363636363636365,0.0,0.0,0.0
64,11,64,65,15,1,0,7,0,0.875,0.0,0.0,0.0
64,11,64,65,17,1,0,4,0,0.8,0.0,0.0,0.0
64,11,64,65,18,3,2,3,0,1.5,0.6666666666666666,0.0,0.6666666666666666
64,11,64,65,19,1,0,5,0,0.8333333333333334,0.0,0.0,0.0
64,11,72,73,9,3,1,12,0,2.4,0.3333333333333333,0.0,0.3333333333333333
64,11,72,73,10,2,0,12,0,1.7142857142857142,0.0,0.0,0.0
64,11,72,73,11,2,0,11,0,1.6923076923076923,0.0,0.0,0.0
64,11,72,73,12,1,0,11,0,0.9166666666666666,0.0,0.0,0.0
64,11,72,73,13,2,1,10,0,1.6666666666666667,0.5,0.0,0.5
64,11,72,73,14,2,0,8,0,1.6,0.0,0.0,0.0
64,11,72,73,16,1,1,5,0,0.8333333333333334,1.0,0.0,1.0
64,11,72,73,17,1,0,3,0,0.75,0.0,0.0,0.0
64,11,72,73,18,1,0,1,0,0.5,0.0,0.0,0.0
64,11,72,73,22,1,1,3,0,0.75,1.0,0.0,1.0
64,11,72,73,23,1,0,4,1,0.8,0.0,0.25,-0.25
64,11,72,73,24,2,2,3,0,1.2,1.0,0.0,1.0
64,11,72,73,26,2,0,5,0,1.4285714285714286,0.0,0.0,0.0
64,11,80,81,9,2,0,13,0,1.7333333333333334,0.0,0.0,0.0
64,11,80,81,10,1,0,14,0,0.9333333333333333,0.0,0.0,0.0
64,11,80,81,11,2,0,13,0,1.7333333333333334,0.0,0.0,0.0
64,11,80,81,12,2,0,13,0,1.7333333333333334,0.0,0.0,0.0
64,11,80,81,13,2,0,13,0,1.7333333333333334,0.0,0.0,0.0
64,11,80,81,14,1,0,13,0,0.9285714285714286,0.0,0.0,0.0
64,11,80,81,16,1,0,10,0,0.9090909090909091,0.0,0.0,0.0
64,11,80,81,19,2,0,4,0,1.3333333333333333,0.0,0.0,0.0
64,11,80,81,20,1,0,3,0,0.75,0.0,0.0,0.0
64,11,80,81,21,1,0,3,0,0.75,0.0,0.0,0.0
64,11,80,81,22,1,0,3,0,0.75,0.0,0.0,0.0
64,12,8,9,5,1,1,1,0,0.5,1.0,0.0,1.0
64,12,8,9,6,3,0,2,0,1.2,0.0,0.0,0.0
64,12,8,9,7,9,0,5,0,3.2142857142857144,0.0,0.0,0.0
64,12,8,9,8,5,1,15,0,3.75,0.2,0.0,0.2
64,12,8,9,10,2,1,20,0,1.8181818181818181,0.5,0.0,0.5
64,12,16,17,4,3,0,2,0,1.2,0.0,0.0,0.0
64,12,16,17,5,4,0,5,0,2.2222222222222223,0.0,0.0,0.0
64,12,16,17,6,4,1,10,0,2.857142857142857,0.25,0.0,0.25
64,12,16,17,7,2,0,15,0,1.7647058823529411,0.0,0.0,0.0
64,12,16,17,8,1,0,18,0,0.9473684210526315,0.0,0.0,0.0
64,12,24,25,2,4,0,1,0,0.8,0.0,0.0,0.0
64,12,24,25,3,2,0,6,0,1.5,0.0,0.0,0.0
64,12,24,25,4,2,0,9,0,1.6363636363636365,0.0,0.0,0.0
64,12,24,25,5,2,0,12,0,1.7142857142857142,0.0,0.0,0.0
64,12,24,25,6,1,0,15,0,0.9375,0.0,0.0,0.0
64,12,24,25,7,1,0,17,0,0.9444444444444444,0.0,0.0,0.0
64,12,32,33,2,2,0,6,0,1.5,0.0,0.0,0.0
64,12,32,33,3,1,0,10,0,0.9090909090909091,0.0,0.0,0.0
64,12,32,33,4,3,0,12,0,2.4,0.0,0.0,0.0
64,12,32,33,5,1,0,15,0,0.9375,0.0,0.0,0.0
64,12,32,33,6,1,0,17,0,0.9444444444444444,0.0,0.0,0.0
64,12,32,33,7,1,0,18,0,0.9473684210526315,0.0,0.0,0.0
64,12,40,41,6,3,0,18,0,2.5714285714285716,0.0,0.0,0.0
64,12,40,41,7,1,0,19,0,0.95,0.0,0.0,0.0
64,12,40,41,8,1,0,19,0,0.95,0.0,0.0,0.0
64,12,56,57,13,2,0,18,0,1.8,0.0,0.0,0.0
64,12,56,57,14,1,0,17,0,0.9444444444444444,0.0,0.0,0.0
64,12,56,57,15,1,1,19,0,0.95,1.0,0.0,1.0
64,12,56,57,16,1,0,20,0,0.9523809523809523,0.0,0.0,0.0
64,12,56,57,18,1,1,24,0,0.96,1.0,0.0,1.0
64,12,64,65,11,3,0,18,0,2.5714285714285716,0.0,0.0,0.0
64,12,64,65,12,5,0,13,0,3.611111111111111,0.0,0.0,0.0
64,12,64,65,13,3,0,12,0,2.4,0.0,0.0,0.0
64,12,64,65,14,4,0,10,0,2.857142857142857,0.0,0.0,0.0
64,12,64,65,15,4,0,11,1,2.933333333333333,0.0,0.09090909090909091,-0.09090909090909091
64,12,64,65,16,5,0,13,1,3.611111111111111,0.0,0.07692307692307693,-0.07692307692307693
64,12,64,65,17,7,1,16,0,4.869565217391305,0.14285714285714285,0.0,0.14285714285714285
64,12,64,65,19,4,0,22,0,3.3846153846153846,0.0,0.0,0.0
64,12,64,65,21,2,0,26,0,1.8571428571428572,0.0,0.0,0.0
64,12,64,65,25,2,0,29,1,1.8709677419354838,0.0,0.034482758620689655,-0.034482758620689655
64,12,64,65,27,2,0,29,0,1.8709677419354838,0.0,0.0,0.0
64,12,72,73,10,3,1,19,0,2.590909090909091,0.3333333333333333,0.0,0.3333333333333333
64,12,72,73,11,2,0,17,0,1.7894736842105263,0.0,0.0,0.0
64,12,72,73,12,1,0,17,0,0.9444444444444444,0.0,0.0,0.0
64,12,72,73,13,4,0,16,0,3.2,0.0,0.0,0.0
64,12,72,73,20,2,0,25,0,1.8518518518518519,0.0,0.0,0.0
64,12,72,73,21,2,0,25,0,1.8518518518518519,0.0,0.0,0.0
64,12,72,73,22,2,1,26,0,1.8571428571428572,0.5,0.0,0.5
64,12,72,73,23,2,0,27,0,1.8620689655172413,0.0,0.0,0.0
64,12,72,73,24,2,1,30,0,1.875,0.5,0.0,0.5
64,12,72,73,26,2,0,29,0,1.8709677419354838,0.0,0.0,0.0
64,12,72,73,28,1,0,30,0,0.967741935483871,0.0,0.0,0.0
64,12,72,73,31,2,0,24,0,1.8461538461538463,0.0,0.0,0.0
64,12,72,73,33,2,0,20,0,1.8181818181818181,0.0,0.0,0.0
64,13,8,9,7,8,2,1,0,0.8888888888888888,0.25,0.0,0.25
64,13,8,9,8,2,0,10,0,1.6666666666666667,0.0,0.0,0.0
64,13,8,9,9,1,0,12,0,0.9230769230769231,0.0,0.0,0.0
64,13,8,9,10,1,0,15,0,0.9375,0.0,0.0,0.0
64,13,16,17,5,5,0,2,0,1.4285714285714286,0.0,0.0,0.0
64,13,16,17,6,1,0,8,0,0.8888888888888888,0.0,0.0,0.0
64,13,16,17,7,1,0,10,0,0.9090909090909091,0.0,0.0,0.0
64,13,24,25,2,1,0,3,0,0.75,0.0,0.0,0.0
64,13,24,25,3,1,0,5,0,0.8333333333333334,0.0,0.0,0.0
64,13,24,25,4,1,0,7,0,0.875,0.0,0.0,0.0
64,13,64,65,11,1,0,17,0,0.9444444444444444,0.0,0.0,0.0
64,13,64,65,12,1,0,18,0,0.9473684210526315,0.0,0.0,0.0
64,13,64,65,13,2,0,19,0,1.8095238095238095,0.0,0.0,0.0
64,13,64,65,15,2,0,18,0,1.8,0.0,0.0,0.0
64,13,64,65,16,2,0,17,0,1.7894736842105263,0.0,0.0,0.0
64,13,64,65,17,2,0,16,0,1.7777777777777777,0.0,0.0,0.0
64,13,64,65,18,2,0,16,0,1.7777777777777777,0.0,0.0,0.0
64,13,64,65,19,2,0,15,0,1.7647058823529411,0.0,0.0,0.0
64,13,64,65,20,2,0,14,0,1.75,0.0,0.0,0.0
64,13,64,65,21,2,0,14,0,1.75,0.0,0.0,0.0
64,13,64,65,22,1,0,14,0,0.9333333333333333,0.0,0.0,0.0
64,13,64,65,23,2,0,15,0,1.7647058823529411,0.0,0.0,0.0
64,13,72,73,11,1,0,17,0,0.9444444444444444,0.0,0.0,0.0
64,13,72,73,12,1,0,18,0,0.9473684210526315,0.0,0.0,0.0
64,13,72,73,13,1,0,19,0,0.95,0.0,0.0,0.0
64,13,72,73,15,3,0,17,0,2.55,0.0,0.0,0.0
64,13,72,73,16,1,0,17,0,0.9444444444444444,0.0,0.0,0.0
64,13,72,73,17,2,1,16,0,1.7777777777777777,0.5,0.0,0.5
64,13,72,73,18,1,0,18,0,0.9473684210526315,0.0,0.0,0.0
64,14,8,9,7,13,1,5,0,3.611111111111111,0.07692307692307693,0.0,0.07692307692307693
64,14,8,9,8,1,0,19,0,0.95,0.0,0.0,0.0
64,14,16,17,4,8,0,1,0,0.8888888888888888,0.0,0.0,0.0
64,14,16,17,6,2,0,13,0,1.7333333333333334,0.0,0.0,0.0
64,14,16,17,7,2,0,17,0,1.7894736842105263,0.0,0.0,0.0
64,14,24,25,2,2,0,5,0,1.4285714285714286,0.0,0.0,0.0
64,14,24,25,3,2,0,9,0,1.6363636363636365,0.0,0.0,0.0
64,14,48,49,9,2,0,17,0,1.7894736842105263,0.0,0.0,0.0
64,14,48,49,10,2,0,14,0,1.75,0.0,0.0,0.0
64,14,48,49,11,1,0,14,0,0.9333333333333333,0.0,0.0,0.0
64,14,48,49,13,1,1,16,0,0.9411764705882353,1.0,0.0,1.0
64,14,48,49,14,1,0,16,0,0.9411764705882353,0.0,0.0,0.0
64,14,48,49,15,1,0,15,0,0.9375,0.0,0.0,0.0
64,14,48,49,16,1,0,14,0,0.9333333333333333,0.0,0.0,0.0
64,14,48,49,18,1,1,14,0,0.9333333333333333,1.0,0.0,1.0
64,14,56,57,8,3,0,17,0,2.55,0.0,0.0,0.0
64,14,56,57,9,2,0,15,0,1.7647058823529411,0.0,0.0,0.0
64,14,56,57,11,1,1,14,0,0.9333333333333333,1.0,0.0,1.0
64,14,56,57,12,1,0,14,0,0.9333333333333333,0.0,0.0,0.0
64,14,56,57,13,1,0,15,0,0.9375,0.0,0.0,0.0
64,14,56,57,14,1,0,15,0,0.9375,0.0,0.0,0.0
64,14,56,57,15,1,0,14,0,0.9333333333333333,0.0,0.0,0.0
64,14,56,57,16,1,0,13,0,0.9285714285714286,0.0,0.0,0.0
64,14,56,57,17,1,0,12,0,0.9230769230769231,0.0,0.0,0.0
64,14,56,57,18,1,0,12,0,0.9230769230769231,0.0,0.0,0.0
64,14,64,65,7,2,0,17,0,1.7894736842105263,0.0,0.0,0.0
64,14,64,65,8,2,0,17,0,1.7894736842105263,0.0,0.0,0.0
64,14,64,65,9,2,1,15,0,1.7647058823529411,0.5,0.0,0.5
64,14,64,65,10,1,0,13,0,0.9285714285714286,0.0,0.0,0.0
64,14,64,65,11,1,0,13,0,0.9285714285714286,0.0,0.0,0.0
64,14,64,65,12,1,0,13,0,0.9285714285714286,0.0,0.0,0.0
64,14,64,65,13,1,0,14,0,0.9333333333333333,0.0,0.0,0.0
64,14,64,65,14,1,0,14,0,0.9333333333333333,0.0,0.0,0.0
64,14,64,65,16,3,0,13,0,2.4375,0.0,0.0,0.0
64,14,64,65,24,2,0,21,0,1.826086956521739,0.0,0.0,0.0
64,14,64,65,26,2,0,24,0,1.8461538461538463,0.0,0.0,0.0
64,14,72,73,7,4,1,15,0,3.1578947368421053,0.25,0.0,0.25
64,14,72,73,9,2,0,16,0,1.7777777777777777,0.0,0.0,0.0
64,14,72,73,10,1,0,16,0,0.9411764705882353,0.0,0.0,0.0
64,14,72,73,11,2,0,15,0,1.7647058823529411,0.0,0.0,0.0
64,14,72,73,12,2,0,14,0,1.75,0.0,0.0,0.0
64,14,72,73,13,2,1,14,0,1.75,0.5,0.0,0.5
64,14,72,73,14,2,0,14,0,1.75,0.0,0.0,0.0
64,14,72,73,15,3,2,13,0,2.4375,0.6666666666666666,0.0,0.6666666666666666
64,14,72,73,16,1,0,14,2,0.9333333333333333,0.0,0.14285714285714285,-0.14285714285714285
64,14,72,73,17,4,3,10,0,2.857142857142857,0.75,0.0,0.75
64,14,72,73,18,1,0,10,0,0.9090909090909091,0.0,0.0,0.0
64,14,72,73,19,5,0,8,0,3.076923076923077,0.0,0.0,0.0
64,14,72,73,20,1,0,13,1,0.9285714285714286,0.0,0.07692307692307693,-0.07692307692307693
64,14,80,81,9,2,0,17,0,1.7894736842105263,0.0,0.0,0.0
64,14,80,81,10,2,0,14,0,1.75,0.0,0.0,0.0
64,14,80,81,11,2,0,13,0,1.7333333333333334,0.0,0.0,0.0
64,14,80,81,12,1,0,13,0,0.9285714285714286,0.0,0.0,0.0
64,14,80,81,13,1,0,13,0,0.9285714285714286,0.0,0.0,0.0
64,14,80,81,14,4,0,12,0,3.0,0.0,0.0,0.0
64,14,80,81,15,1,0,14,0,0.9333333333333333,0.0,0.0,0.0
64,14,80,81,16,1,0,13,0,0.9285714285714286,0.0,0.0,0.0
64,14,80,81,17,1,0,12,0,0.9230769230769231,0.0,0.0,0.0
64,14,80,81,18,1,0,12,0,0.9230769230769231,0.0,0.0,0.0
64,14,80,81,19,1,0,11,0,0.9166666666666666,0.0,0.0,0.0
64,14,88,89,9,4,1,15,0,3.1578947368421053,0.25,0.0,0.25
64,14,88,89,10,1,0,13,0,0.9285714285714286,0.0,0.0,0.0
64,14,88,89,11,1,0,13,0,0.9285714285714286,0.0,0.0,0.0
64,14,88,89,12,1,1,13,0,0.9285714285714286,1.0,0.0,1.0
64,14,88,89,13,3,0,13,0,2.4375,0.0,0.0,0.0
64,14,88,89,14,1,0,16,0,0.9411764705882353,0.0,0.0,0.0
64,14,88,89,15,2,0,15,0,1.7647058823529411,0.0,0.0,0.0
64,15,8,9,7,7,2,2,0,1.5555555555555556,0.2857142857142857,0.0,0.2857142857142857
64,15,8,9,8,5,0,8,0,3.076923076923077,0.0,0.0,0.0
64,15,8,9,9,2,0,14,0,1.75,0.0,0.0,0.0
64,15,16,17,5,3,0,4,0,1.7142857142857142,0.0,0.0,0.0
64,15,16,17,6,1,0,8,0,0.8888888888888888,0.0,0.0,0.0
64,15,16,17,7,1,0,10,0,0.9090909090909091,0.0,0.0,0.0
64,15,16,17,8,2,0,12,0,1.7142857142857142,0.0,0.0,0.0
64,15,24,25,2,3,0,1,0,0.75,0.0,0.0,0.0
64,15,24,25,3,1,0,3,0,0.75,0.0,0.0,0.0
64,15,24,25,4,3,0,3,0,1.5,0.0,0.0,0.0
64,15,24,25,6,2,0,8,0,1.6,0.0,0.0,0.0
64,15,24,25,7,1,0,11,0,0.9166666666666666,0.0,0.0,0.0
64,15,24,25,8,1,0,13,0,0.9285714285714286,0.0,0.0,0.0
64,15,32,33,2,1,0,3,0,0.75,0.0,0.0,0.0
64,15,32,33,3,1,0,4,0,0.8,0.0,0.0,0.0
64,15,32,33,5,1,0,7,0,0.875,0.0,0.0,0.0
64,15,32,33,6,1,0,9,0,0.9,0.0,0.0,0.0
64,15,32,33,7,1,0,11,0,0.9166666666666666,0.0,0.0,0.0
64,15,32,33,8,1,0,13,0,0.9285714285714286,0.0,0.0,0.0
64,15,40,41,3,1,0,6,0,0.8571428571428571,0.0,0.0,0.0
64,15,40,41,5,1,0,9,0,0.9,0.0,0.0,0.0
64,15,40,41,6,1,0,11,0,0.9166666666666666,0.0,0.0,0.0
64,15,56,57,11,2,0,17,0,1.7894736842105263,0.0,0.0,0.0
64,15,56,57,12,2,0,18,0,1.8,0.0,0.0,0.0
64,15,56,57,13,2,0,19,0,1.8095238095238095,0.0,0.0,0.0
64,15,56,57,14,2,0,19,0,1.8095238095238095,0.0,0.0,0.0
64,15,56,57,15,2,0,18,0,1.8,0.0,0.0,0.0
64,15,56,57,16,1,0,17,0,0.9444444444444444,0.0,0.0,0.0
64,15,56,57,17,1,0,16,0,0.9411764705882353,0.0,0.0,0.0
64,15,56,57,18,1,0,15,0,0.9375,0.0,0.0,0.0
64,15,56,57,19,1,0,14,0,0.9333333333333333,0.0,0.0,0.0
64,15,64,65,10,2,0,15,0,1.7647058823529411,0.0,0.0,0.0
64,15,64,65,11,3,0,15,0,2.5,0.0,0.0,0.0
64,15,64,65,12,4,0,14,0,3.111111111111111,0.0,0.0,0.0
64,15,64,65,13,4,0,14,0,3.111111111111111,0.0,0.0,0.0
64,15,64,65,14,6,1,13,0,4.105263157894737,0.16666666666666666,0.0,0.16666666666666666
64,15,64,65,15,4,0,13,0,3.0588235294117645,0.0,0.0,0.0
64,15,64,65,16,4,0,12,0,3.0,0.0,0.0,0.0
64,15,64,65,17,6,1,13,0,4.105263157894737,0.16666666666666666,0.0,0.16666666666666666
64,15,64,65,18,4,0,17,1,3.238095238095238,0.0,0.058823529411764705,-0.058823529411764705
64,15,64,65,20,2,1,17,0,1.7894736842105263,0.5,0.0,0.5
64,15,64,65,22,2,0,16,0,1.7777777777777777,0.0,0.0,0.0
64,15,72,73,22,2,0,16,0,1.7777777777777777,0.0,0.0,0.0
64,15,72,73,24,2,0,14,0,1.75,0.0,0.0,0.0
64,15,72,73,26,2,1,10,0,1.6666666666666667,0.5,0.0,0.5
64,15,72,73,28,2,0,6,0,1.5,0.0,0.0,0.0
64,15,72,73,30,2,0,4,0,1.3333333333333333,0.0,0.0,0.0
64,16,8,9,7,9,2,3,0,2.25,0.2222222222222222,0.0,0.2222222222222222
64,16,8,9,8,2,1,13,0,1.7333333333333334,0.5,0.0,0.5
64,16,8,9,9,1,0,15,0,0.9375,0.0,0.0,0.0
64,16,16,17,5,5,0,1,0,0.8333333333333334,0.0,0.0,0.0
64,16,16,17,6,4,0,6,0,2.4,0.0,0.0,0.0
64,16,16,17,7,1,0,11,0,0.9166666666666666,0.0,0.0,0.0
64,16,16,17,8,2,0,13,0,1.7333333333333334,0.0,0.0,0.0
64,16,16,17,9,1,0,15,0,0.9375,0.0,0.0,0.0
64,16,48,49,10,2,0,14,0,1.75,0.0,0.0,0.0
64,16,48,49,11,1,1,14,0,0.9333333333333333,1.0,0.0,1.0
64,16,48,49,12,1,0,14,0,0.9333333333333333,0.0,0.0,0.0
64,16,48,49,13,1,0,15,0,0.9375,0.0,0.0,0.0
64,16,56,57,6,3,0,10,0,2.3076923076923075,0.0,0.0,0.0
64,16,56,57,7,1,0,12,0,0.9230769230769231,0.0,0.0,0.0
64,16,56,57,8,2,0,12,0,1.7142857142857142,0.0,0.0,0.0
64,16,56,57,9,4,1,10,0,2.857142857142857,0.25,0.0,0.25
64,16,56,57,10,2,0,10,0,1.6666666666666667,0.0,0.0,0.0
64,16,56,57,11,3,1,9,0,2.25,0.3333333333333333,0.0,0.3333333333333333
64,16,56,57,12,1,0,10,0,0.9090909090909091,0.0,0.0,0.0
64,16,56,57,13,2,0,10,0,1.6666666666666667,0.0,0.0,0.0
64,16,56,57,14,2,0,12,0,1.7142857142857142,0.0,0.0,0.0
64,16,56,57,15,2,0,13,0,1.7333333333333334,0.0,0.0,0.0
64,16,64,65,4,2,0,7,0,1.5555555555555556,0.0,0.0,0.0
64,16,64,65,5,2,0,8,0,1.6,0.0,0.0,0.0
64,16,64,65,6,4,0,7,0,2.5454545454545454,0.0,0.0,0.0
64,16,64,65,7,2,1,9,0,1.6363636363636365,0.5,0.0,0.5
64,16,64,65,8,5,0,7,0,2.9166666666666665,0.0,0.0,0.0
64,16,64,65,9,3,1,7,0,2.1,0.3333333333333333,0.0,0.3333333333333333
64,16,64,65,10,3,0,6,0,2.0,0.0,0.0,0.0
64,16,64,65,11,2,0,7,0,1.5555555555555556,0.0,0.0,0.0
64,16,64,65,12,1,1,8,0,0.8888888888888888,1.0,0.0,1.0
64,16,64,65,13,2,1,8,0,1.6,0.5,0.0,0.5
64,16,64,65,14,1,1,10,0,0.9090909090909091,1.0,0.0,1.0
64,16,64,65,15,1,0,10,0,0.9090909090909091,0.0,0.0,0.0
64,16,64,65,16,2,1,9,0,1.6363636363636365,0.5,0.0,0.5
64,16,64,65,17,2,1,9,0,1.6363636363636365,0.5,0.0,0.5
64,16,72,73,4,2,0,7,0,1.5555555555555556,0.0,0.0,0.0
64,16,72,73,5,2,0,7,0,1.5555555555555556,0.0,0.0,0.0
64,16,72,73,6,3,1,6,0,2.0,0.3333333333333333,0.0,0.3333333333333333
64,16,72,73,7,3,0,6,0,2.0,0.0,0.0,0.0
64,16,72,73,8,3,1,6,0,2.0,0.3333333333333333,0.0,0.3333333333333333
64,16,72,73,9,2,0,6,0,1.5,0.0,0.0,0.0
64,16,72,73,10,2,0,6,0,1.5,0.0,0.0,0.0
64,16,72,73,11,2,0,6,0,1.5,0.0,0.0,0.0
64,16,72,73,12,2,0,6,0,1.5,0.0,0.0,0.0
64,16,72,73,13,4,0,6,0,2.4,0.0,0.0,0.0
64,16,72,73,14,5,1,7,0,2.9166666666666665,0.2,0.0,0.2
64,16,72,73,15,3,0,9,0,2.25,0.0,0.0,0.0
64,16,72,73,16,3,0,8,0,2.1818181818181817,0.0,0.0,0.0
64,16,72,73,17,3,1,7,0,2.1,0.3333333333333333,0.0,0.3333333333333333
64,16,72,73,18,2,0,5,0,1.4285714285714286,0.0,0.0,0.0
64,16,72,73,19,2,1,4,0,1.3333333333333333,0.5,0.0,0.5
64,16,72,73,20,1,1,4,0,0.8,1.0,0.0,1.0
64,16,80,81,3,1,0,6,0,0.8571428571428571,0.0,0.0,0.0
64,16,80,81,4,3,0,5,0,1.875,0.0,0.0,0.0
64,16,80,81,5,1,0,6,0,0.8571428571428571,0.0,0.0,0.0
64,16,80,81,6,2,0,6,0,1.5,0.0,0.0,0.0
64,16,80,81,7,1,0,8,0,0.8888888888888888,0.0,0.0,0.0
64,16,80,81,8,3,0,8,0,2.1818181818181817,0.0,0.0,0.0
64,16,80,81,9,3,0,9,0,2.25,0.0,0.0,0.0
64,16,80,81,10,5,0,10,0,3.3333333333333335,0.0,0.0,0.0
64,16,80,81,11,2,0,14,0,1.75,0.0,0.0,0.0
64,17,8,9,6,1,0,1,0,0.5,0.0,0.0,0.0
64,17,8,9,7,7,1,2,0,1.5555555555555556,0.14285714285714285,0.0,0.14285714285714285
64,17,8,9,8,2,0,10,0,1.6666666666666667,0.0,0.0,0.0
64,17,16,17,5,5,0,1,0,0.8333333333333334,0.0,0.0,0.0
64,17,16,17,6,3,0,6,0,2.0,0.0,0.0,0.0
64,17,16,17,7,1,0,10,0,0.9090909090909091,0.0,0.0,0.0
64,17,24,25,2,3,0,1,0,0.75,0.0,0.0,0.0
64,17,24,25,4,1,0,6,0,0.8571428571428571,0.0,0.0,0.0
64,17,24,25,5,1,0,8,0,0.8888888888888888,0.0,0.0,0.0
64,17,32,33,1,2,0,2,0,1.0,0.0,0.0,0.0
64,17,32,33,2,1,0,4,0,0.8,0.0,0.0,0.0
64,17,32,33,3,1,0,5,0,0.8333333333333334,0.0,0.0,0.0
64,17,32,33,5,1,0,8,0,0.8888888888888888,0.0,0.0,0.0
64,18,8,9,5,2,2,1,0,0.6666666666666666,1.0,0.0,1.0
64,18,8,9,6,1,0,3,0,0.75,0.0,0.0,0.0
64,18,8,9,7,7,1,4,0,2.5454545454545454,0.14285714285714285,0.0,0.14285714285714285
64,18,8,9,8,5,0,12,0,3.5294117647058822,0.0,0.0,0.0
64,18,8,9,10,1,0,20,0,0.9523809523809523,0.0,0.0,0.0
64,18,16,17,5,4,0,2,0,1.3333333333333333,0.0,0.0,0.0
64,18,16,17,6,4,1,7,0,2.5454545454545454,0.25,0.0,0.25
64,18,16,17,7,1,0,11,0,0.9166666666666666,0.0,0.0,0.0
64,18,16,17,8,2,0,15,0,1.7647058823529411,0.0,0.0,0.0
64,18,16,17,9,1,0,19,0,0.95,0.0,0.0,0.0
64,18,24,25,2,2,0,1,0,0.6666666666666666,0.0,0.0,0.0
64,18,24,25,3,2,0,3,0,1.2,0.0,0.0,0.0
64,18,24,25,4,5,0,3,0,1.875,0.0,0.0,0.0
64,18,24,25,5,2,0,6,0,1.5,0.0,0.0,0.0
64,18,24,25,6,4,0,8,0,2.6666666666666665,0.0,0.0,0.0
64,18,24,25,7,3,0,11,0,2.357142857142857,0.0,0.0,0.0
64,18,24,25,8,1,0,17,0,0.9444444444444444,0.0,0.0,0.0
64,18,32,33,1,2,0,1,0,0.6666666666666666,0.0,0.0,0.0
64,18,32,33,2,2,0,4,0,1.3333333333333333,0.0,0.0,0.0
64,18,32,33,3,4,0,6,0,2.4,0.0,0.0,0.0
64,18,32,33,4,4,0,8,0,2.6666666666666665,0.0,0.0,0.0
64,18,32,33,5,1,0,11,0,0.9166666666666666,0.0,0.0,0.0
64,18,32,33,6,6,0,9,0,3.6,0.0,0.0,0.0
64,18,32,33,8,1,0,17,0,0.9444444444444444,0.0,0.0,0.0
64,18,64,65,9,3,1,17,0,2.55,0.3333333333333333,0.0,0.3333333333333333
64,18,64,65,11,2,1,18,0,1.8,0.5,0.0,0.5
64,18,64,65,12,1,0,19,0,0.95,0.0,0.0,0.0
64,18,64,65,13,2,0,20,0,1.8181818181818181,0.0,0.0,0.0
64,18,64,65,15,2,0,20,0,1.8181818181818181,0.0,0.0,0.0
64,18,64,65,17,1,0,24,0,0.96,0.0,0.0,0.0
64,18,64,65,28,2,1,36,0,1.894736842105263,0.5,0.0,0.5
64,18,64,65,30,2,0,31,0,1.878787878787879,0.0,0.0,0.0
64,18,72,73,7,2,0,13,0,1.7333333333333334,0.0,0.0,0.0
64,18,72,73,8,2,0,15,0,1.7647058823529411,0.0,0.0,0.0
64,18,72,73,10,4,2,16,0,3.2,0.5,0.0,0.5
64,18,72,73,11,3,0,15,0,2.5,0.0,0.0,0.0
64,18,72,73,12,4,1,14,0,3.111111111111111,0.25,0.0,0.25
64,18,72,73,13,3,0,15,0,2.5,0.0,0.0,0.0
64,18,72,73,14,3,0,13,0,2.4375,0.0,0.0,0.0
64,18,72,73,15,2,0,14,0,1.75,0.0,0.0,0.0
64,18,72,73,16,4,3,15,0,3.1578947368421053,0.75,0.0,0.75
64,18,72,73,17,5,3,17,0,3.8636363636363638,0.6,0.0,0.6
64,18,72,73,18,3,2,23,2,2.6538461538461537,0.6666666666666666,0.08695652173913043,0.5797101449275361
64,18,72,73,19,5,3,25,0,4.166666666666667,0.6,0.0,0.6
64,18,72,73,20,4,3,29,2,3.515151515151515,0.75,0.06896551724137931,0.6810344827586207
64,18,72,73,21,2,1,32,0,1.8823529411764706,0.5,0.0,0.5
64,18,72,73,22,1,0,35,1,0.9722222222222222,0.0,0.02857142857142857,-0.02857142857142857
64,18,72,73,23,2,0,36,0,1.894736842105263,0.0,0.0,0.0
64,18,72,73,24,2,0,37,0,1.8974358974358974,0.0,0.0,0.0
64,18,72,73,25,4,1,38,1,3.619047619047619,0.25,0.02631578947368421,0.2236842105263158
64,18,72,73,27,2,0,38,1,1.9,0.0,0.02631578947368421,-0.02631578947368421
64,18,72,73,29,3,0,33,0,2.75,0.0,0.0,0.0
64,18,72,73,31,5,0,26,0,4.193548387096774,0.0,0.0,0.0
64,18,72,73,33,2,0,24,0,1.8461538461538463,0.0,0.0,0.0
64,18,72,73,35,1,0,21,0,0.9545454545454546,0.0,0.0,0.0
64,18,80,81,6,2,0,13,0,1.7333333333333334,0.0,0.0,0.0
64,18,80,81,7,2,0,12,0,1.7142857142857142,0.0,0.0,0.0
64,18,80,81,8,1,0,15,0,0.9375,0.0,0.0,0.0
64,18,80,81,9,4,1,14,0,3.111111111111111,0.25,0.0,0.25
64,18,80,81,10,2,0,15,0,1.7647058823529411,0.0,0.0,0.0
64,18,80,81,11,1,0,16,0,0.9411764705882353,0.0,0.0,0.0
64,18,80,81,12,4,0,15,0,3.1578947368421053,0.0,0.0,0.0
64,18,80,81,13,1,0,19,0,0.95,0.0,0.0,0.0
64,18,80,81,14,3,0,18,1,2.5714285714285716,0.0,0.05555555555555555,-0.05555555555555555
64,18,80,81,23,2,0,39,0,1.9024390243902438,0.0,0.0,0.0
64,18,80,81,25,1,0,41,0,0.9761904761904762,0.0,0.0,0.0
64,19,8,9,6,4,0,1,0,0.8,0.0,0.0,0.0
64,19,8,9,7,8,3,6,0,3.4285714285714284,0.375,0.0,0.375
64,19,16,17,4,7,0,1,0,0.875,0.0,0.0,0.0
64,19,24,25,2,3,0,1,0,0.75,0.0,0.0,0.0
64,19,24,25,3,1,0,4,0,0.8,0.0,0.0,0.0
64,19,24,25,4,2,0,6,0,1.5,0.0,0.0,0.0
64,19,32,33,1,1,0,1,0,0.5,0.0,0.0,0.0
64,19,32,33,2,1,0,3,0,0.75,0.0,0.0,0.0
64,19,32,33,3,1,0,5,0,0.8333333333333334,0.0,0.0,0.0
64,19,40,41,1,1,0,2,0,0.6666666666666666,0.0,0.0,0.0
64,19,40,41,3,1,0,5,0,0.8333333333333334,0.0,0.0,0.0
64,19,48,49,1,1,0,2,0,0.6666666666666666,0.0,0.0,0.0
64,19,48,49,3,1,0,5,0,0.8333333333333334,0.0,0.0,0.0
64,19,56,57,1,1,0,2,0,0.6666666666666666,0.0,0.0,0.0
64,19,56,57,3,1,0,5,0,0.8333333333333334,0.0,0.0,0.0
64,19,64,65,1,1,0,2,0,0.6666666666666666,0.0,0.0,0.0
64,19,64,65,3,1,0,5,0,0.8333333333333334,0.0,0.0,0.0
64,19,64,65,5,1,1,8,0,0.8888888888888888,1.0,0.0,1.0
64,19,64,65,6,2,0,9,0,1.6363636363636365,0.0,0.0,0.0
64,19,64,65,7,1,0,11,0,0.9166666666666666,0.0,0.0,0.0
64,19,64,65,8,2,0,12,0,1.7142857142857142,0.0,0.0,0.0
64,19,64,65,10,2,0,16,0,1.7777777777777777,0.0,0.0,0.0
64,19,64,65,11,2,0,18,0,1.8,0.0,0.0,0.0
64,19,64,65,12,3,1,18,0,2.5714285714285716,0.3333333333333333,0.0,0.3333333333333333
64,19,64,65,13,4,1,18,0,3.272727272727273,0.25,0.0,0.25
64,19,64,65,14,5,1,20,0,4.0,0.2,0.0,0.2
64,19,64,65,15,2,0,22,0,1.8333333333333333,0.0,0.0,0.0
64,19,64,65,16,2,0,20,0,1.8181818181818181,0.0,0.0,0.0
64,19,64,65,17,2,0,18,0,1.8,0.0,0.0,0.0
64,19,64,65,18,1,0,16,0,0.9411764705882353,0.0,0.0,0.0
64,19,64,65,19,3,0,12,0,2.4,0.0,0.0,0.0
64,19,64,65,20,1,0,11,0,0.9166666666666666,0.0,0.0,0.0
64,19,64,65,21,4,0,10,1,2.857142857142857,0.0,0.1,-0.1
64,19,64,65,22,1,0,13,1,0.9285714285714286,0.0,0.07692307692307693,-0.07692307692307693
64,19,64,65,23,2,0,12,0,1.7142857142857142,0.0,0.0,0.0
64,19,64,65,24,1,0,14,0,0.9333333333333333,0.0,0.0,0.0
64,19,72,73,1,1,0,2,0,0.6666666666666666,0.0,0.0,0.0
64,19,72,73,3,1,0,5,0,0.8333333333333334,0.0,0.0,0.0
64,19,72,73,4,1,0,6,0,0.8571428571428571,0.0,0.0,0.0
64,19,72,73,5,1,0,7,0,0.875,0.0,0.0,0.0
64,19,72,73,6,1,0,9,0,0.9,0.0,0.0,0.0
64,19,72,73,7,2,0,11,0,1.6923076923076923,0.0,0.0,0.0
64,19,72,73,8,2,0,13,0,1.7333333333333334,0.0,0.0,0.0
64,19,72,73,9,2,0,15,0,1.7647058823529411,0.0,0.0,0.0
64,19,72,73,10,5,0,14,0,3.6842105263157894,0.0,0.0,0.0
64,19,72,73,11,2,0,17,0,1.7894736842105263,0.0,0.0,0.0
64,19,72,73,12,4,0,18,0,3.272727272727273,0.0,0.0,0.0
64,19,72,73,13,3,0,20,0,2.608695652173913,0.0,0.0,0.0
64,19,72,73,14,4,0,21,0,3.36,0.0,0.0,0.0
64,19,72,73,15,3,0,21,0,2.625,0.0,0.0,0.0
64,19,72,73,16,3,0,20,0,2.608695652173913,0.0,0.0,0.0
64,19,72,73,17,5,0,19,0,3.9583333333333335,0.0,0.0,0.0
64,19,72,73,18,3,0,20,0,2.608695652173913,0.0,0.0,0.0
64,19,72,73,19,2,0,19,0,1.8095238095238095,0.0,0.0,0.0
64,19,72,73,20,1,0,18,0,0.9473684210526315,0.0,0.0,0.0
64,19,72,73,21,2,0,16,0,1.7777777777777777,0.0,0.0,0.0
64,19,80,81,1,1,0,2,0,0.6666666666666666,0.0,0.0,0.0
64,19,80,81,3,1,0,5,0,0.8333333333333334,0.0,0.0,0.0
64,19,80,81,4,1,0,6,0,0.8571428571428571,0.0,0.0,0.0
64,19,80,81,5,1,0,8,0,0.8888888888888888,0.0,0.0,0.0
64,19,80,81,6,2,0,10,0,1.6666666666666667,0.0,0.0,0.0
64,19,80,81,16,2,0,25,0,1.8518518518518519,0.0,0.0,0.0
64,19,80,81,17,1,0,24,0,0.96,0.0,0.0,0.0
64,19,80,81,18,2,0,21,0,1.826086956521739,0.0,0.0,0.0
64,19,80,81,20,2,0,18,0,1.8,0.0,0.0,0.0
64,19,88,89,1,1,0,2,0,0.6666666666666666,0.0,0.0,0.0
64,19,88,89,3,1,0,5,0,0.8333333333333334,0.0,0.0,0.0
64,20,8,9,7,11,1,4,0,2.933333333333333,0.09090909090909091,0.0,0.09090909090909091
64,20,8,9,8,4,0,17,0,3.238095238095238,0.0,0.0,0.0
64,20,8,9,10,1,0,28,0,0.9655172413793104,0.0,0.0,0.0
64,20,16,17,4,4,0,1,0,0.8,0.0,0.0,0.0
64,20,16,17,5,4,0,5,0,2.2222222222222223,0.0,0.0,0.0
64,20,16,17,6,2,0,10,0,1.6666666666666667,0.0,0.0,0.0
64,20,16,17,7,1,0,15,0,0.9375,0.0,0.0,0.0
64,20,16,17,8,3,1,19,0,2.590909090909091,0.3333333333333333,0.0,0.3333333333333333
64,20,24,25,2,3,0,1,0,0.75,0.0,0.0,0.0
64,20,24,25,3,3,0,3,0,1.5,0.0,0.0,0.0
64,20,24,25,4,4,0,5,0,2.2222222222222223,0.0,0.0,0.0
64,20,24,25,5,3,0,9,0,2.25,0.0,0.0,0.0
64,20,24,25,6,1,0,13,0,0.9285714285714286,0.0,0.0,0.0
64,20,24,25,7,1,0,17,0,0.9444444444444444,0.0,0.0,0.0
64,20,24,25,8,1,0,21,0,0.9545454545454546,0.0,0.0,0.0
64,20,32,33,2,1,0,7,0,0.875,0.0,0.0,0.0
64,20,32,33,3,2,0,9,0,1.6363636363636365,0.0,0.0,0.0
64,20,32,33,4,2,0,11,0,1.6923076923076923,0.0,0.0,0.0
64,20,32,33,5,1,0,14,0,0.9333333333333333,0.0,0.0,0.0
64,20,32,33,6,1,0,15,0,0.9375,0.0,0.0,0.0
64,20,40,41,5,3,0,16,0,2.526315789473684,0.0,0.0,0.0
64,20,40,41,6,1,0,16,0,0.9411764705882353,0.0,0.0,0.0
64,20,56,57,9,1,0,25,0,0.9615384615384616,0.0,0.0,0.0
64,20,56,57,10,2,0,26,0,1.8571428571428572,0.0,0.0,0.0
64,20,56,57,11,1,0,29,0,0.9666666666666667,0.0,0.0,0.0
64,20,56,57,13,1,1,31,0,0.96875,1.0,0.0,1.0
64,20,56,57,14,1,0,31,0,0.96875,0.0,0.0,0.0
64,20,56,57,16,1,1,33,0,0.9705882352941176,1.0,0.0,1.0
64,20,64,65,7,1,0,20,0,0.9523809523809523,0.0,0.0,0.0
64,20,64,65,8,1,0,21,0,0.9545454545454546,0.0,0.0,0.0
64,20,64,65,9,1,0,23,0,0.9583333333333334,0.0,0.0,0.0
64,20,64,65,10,1,0,25,0,0.9615384615384616,0.0,0.0,0.0
64,20,64,65,11,1,0,28,0,0.9655172413793104,0.0,0.0,0.0
64,20,64,65,13,1,0,30,0,0.967741935483871,0.0,0.0,0.0
64,20,64,65,14,1,0,30,0,0.967741935483871,0.0,0.0,0.0
64,20,64,65,15,1,0,30,0,0.967741935483871,0.0,0.0,0.0
64,20,64,65,16,1,0,31,0,0.96875,0.0,0.0,0.0
64,20,64,65,17,1,0,32,0,0.9696969696969697,0.0,0.0,0.0
64,20,64,65,18,1,0,33,0,0.9705882352941176,0.0,0.0,0.0
64,20,64,65,19,1,0,32,0,0.9696969696969697,0.0,0.0,0.0
64,20,64,65,20,1,0,32,0,0.9696969696969697,0.0,0.0,0.0
64,20,64,65,21,1,0,31,0,0.96875,0.0,0.0,0.0
64,20,64,65,22,1,0,31,0,0.96875,0.0,0.0,0.0
64,20,64,65,24,2,0,29,0,1.8709677419354838,0.0,0.0,0.0
64,20,64,65,26,2,0,33,0,1.8857142857142857,0.0,0.0,0.0
64,20,64,65,35,2,0,33,0,1.8857142857142857,0.0,0.0,0.0
64,20,64,65,37,2,0,26,0,1.8571428571428572,0.0,0.0,0.0
64,20,72,73,7,1,0,20,0,0.9523809523809523,0.0,0.0,0.0
64,20,72,73,8,2,0,20,0,1.8181818181818181,0.0,0.0,0.0
64,20,72,73,9,4,0,20,0,3.3333333333333335,0.0,0.0,0.0
64,20,72,73,10,4,0,22,0,3.3846153846153846,0.0,0.0,0.0
64,20,72,73,11,3,0,26,0,2.689655172413793,0.0,0.0,0.0
64,20,72,73,12,4,0,26,0,3.466666666666667,0.0,0.0,0.0
64,20,72,73,13,6,0,23,0,4.758620689655173,0.0,0.0,0.0
64,20,72,73,14,4,1,22,0,3.3846153846153846,0.25,0.0,0.25
64,20,72,73,15,6,1,19,0,4.56,0.16666666666666666,0.0,0.16666666666666666
64,20,72,73,16,6,0,19,0,4.56,0.0,0.0,0.0
64,20,72,73,17,5,0,21,0,4.038461538461538,0.0,0.0,0.0
64,20,72,73,18,5,0,22,0,4.074074074074074,0.0,0.0,0.0
64,20,72,73,19,8,0,21,0,5.793103448275862,0.0,0.0,0.0
64,20,72,73,20,7,1,23,0,5.366666666666666,0.14285714285714285,0.0,0.14285714285714285
64,20,72,73,21,4,1,24,3,3.4285714285714284,0.25,0.125,0.125
64,20,72,73,22,3,1,24,1,2.6666666666666665,0.3333333333333333,0.041666666666666664,0.29166666666666663
64,20,72,73,23,3,1,28,0,2.7096774193548385,0.3333333333333333,0.0,0.3333333333333333
64,20,72,73,24,1,0,28,0,0.9655172413793104,0.0,0.0,0.0
64,20,72,73,25,4,1,30,0,3.5294117647058822,0.25,0.0,0.25
64,20,72,73,27,1,0,37,1,0.9736842105263158,0.0,0.02702702702702703,-0.02702702702702703
64,20,72,73,34,2,0,42,0,1.9090909090909092,0.0,0.0,0.0
64,20,72,73,36,1,0,31,0,0.96875,0.0,0.0,0.0
64,20,80,81,7,1,0,20,0,0.9523809523809523,0.0,0.0,0.0
64,20,80,81,8,1,0,21,0,0.9545454545454546,0.0,0.0,0.0
64,20,80,81,9,4,0,21,0,3.36,0.0,0.0,0.0
64,20,80,81,10,4,0,23,1,3.4074074074074074,0.0,0.043478260869565216,-0.043478260869565216
64,20,80,81,11,7,0,22,0,5.310344827586207,0.0,0.0,0.0
64,20,80,81,12,9,0,20,0,6.206896551724138,0.0,0.0,0.0
64,20,80,81,13,6,0,22,0,4.714285714285714,0.0,0.0,0.0
64,20,80,81,14,7,0,22,0,5.310344827586207,0.0,0.0,0.0
64,20,80,81,15,5,0,25,0,4.166666666666667,0.0,0.0,0.0
64,20,80,81,16,5,0,27,0,4.21875,0.0,0.0,0.0
64,20,80,81,17,2,0,31,0,1.878787878787879,0.0,0.0,0.0
64,20,80,81,18,4,1,32,0,3.5555555555555554,0.25,0.0,0.25
64,20,88,89,11,2,0,30,0,1.875,0.0,0.0,0.0
64,20,88,89,13,2,0,31,0,1.878787878787879,0.0,0.0,0.0
64,21,8,9,6,3,0,2,0,1.2,0.0,0.0,0.0
64,21,8,9,7,6,1,5,0,2.727272727272727,0.16666666666666666,0.0,0.16666666666666666
64,21,8,9,8,1,0,12,0,0.9230769230769231,0.0,0.0,0.0
64,21,8,9,9,1,0,14,0,0.9333333333333333,0.0,0.0,0.0
64,21,8,9,10,1,0,15,0,0.9375,0.0,0.0,0.0
64,21,16,17,5,6,0,1,0,0.8571428571428571,0.0,0.0,0.0
64,21,16,17,6,2,0,8,0,1.6,0.0,0.0,0.0
64,21,16,17,7,1,0,11,0,0.9166666666666666,0.0,0.0,0.0
64,21,16,17,8,1,0,13,0,0.9285714285714286,0.0,0.0,0.0
64,21,16,17,9,1,0,15,0,0.9375,0.0,0.0,0.0
64,21,24,25,2,3,0,1,0,0.75,0.0,0.0,0.0
64,21,24,25,4,2,1,6,0,1.5,0.5,0.0,0.5
64,21,24,25,6,2,0,10,0,1.6666666666666667,0.0,0.0,0.0
64,21,24,25,7,1,0,13,0,0.9285714285714286,0.0,0.0,0.0
64,21,32,33,2,2,0,4,0,1.3333333333333333,0.0,0.0,0.0
64,21,32,33,3,1,0,6,0,0.8571428571428571,0.0,0.0,0.0
64,21,32,33,4,1,0,8,0,0.8888888888888888,0.0,0.0,0.0
64,21,32,33,5,2,0,10,0,1.6666666666666667,0.0,0.0,0.0
64,21,32,33,6,1,0,13,0,0.9285714285714286,0.0,0.0,0.0
64,21,64,65,21,1,0,16,0,0.9411764705882353,0.0,0.0,0.0
64,21,64,65,23,4,0,19,0,3.3043478260869565,0.0,0.0,0.0
64,21,64,65,24,2,0,22,1,1.8333333333333333,0.0,0.045454545454545456,-0.045454545454545456
64,21,64,65,25,2,0,25,0,1.8518518518518519,0.0,0.0,0.0
64,21,64,65,26,2,0,27,0,1.8620689655172413,0.0,0.0,0.0
64,21,72,73,15,2,1,12,0,1.7142857142857142,0.5,0.0,0.5
64,21,72,73,17,1,0,10,0,0.9090909090909091,0.0,0.0,0.0
64,21,72,73,33,2,0,23,0,1.84,0.0,0.0,0.0
64,21,72,73,35,2,0,16,0,1.7777777777777777,0.0,0.0,0.0
64,21,80,81,13,2,0,13,0,1.7333333333333334,0.0,0.0,0.0
64,21,80,81,15,2,0,12,0,1.7142857142857142,0.0,0.0,0.0
64,22,8,9,7,8,0,3,0,2.1818181818181817,0.0,0.0,0.0
64,22,8,9,8,2,0,12,0,1.7142857142857142,0.0,0.0,0.0
64,22,8,9,9,1,0,15,0,0.9375,0.0,0.0,0.0
64,22,16,17,5,2,0,6,0,1.5,0.0,0.0,0.0
64,22,16,17,6,2,0,9,0,1.6363636363636365,0.0,0.0,0.0
64,22,16,17,7,1,0,12,0,0.9230769230769231,0.0,0.0,0.0
64,22,16,17,8,1,0,14,0,0.9333333333333333,0.0,0.0,0.0
64,22,24,25,3,2,0,4,0,1.3333333333333333,0.0,0.0,0.0
64,22,24,25,4,2,0,7,0,1.5555555555555556,0.0,0.0,0.0
64,22,24,25,5,1,0,10,0,0.9090909090909091,0.0,0.0,0.0
64,22,24,25,6,1,0,12,0,0.9230769230769231,0.0,0.0,0.0
64,22,32,33,1,2,0,2,0,1.0,0.0,0.0,0.0
64,22,32,33,2,1,0,6,0,0.8571428571428571,0.0,0.0,0.0
64,22,32,33,3,1,1,8,0,0.8888888888888888,1.0,0.0,1.0
64,22,32,33,4,1,0,9,0,0.9,0.0,0.0,0.0
64,22,32,33,5,1,0,11,0,0.9166666666666666,0.0,0.0,0.0
64,22,56,57,16,2,0,14,0,1.75,0.0,0.0,0.0
64,22,56,57,17,1,0,16,0,0.9411764705882353,0.0,0.0,0.0
64,22,56,57,18,1,1,18,0,0.9473684210526315,1.0,0.0,1.0
64,22,64,65,13,1,0,10,0,0.9090909090909091,0.0,0.0,0.0
64,22,64,65,14,4,0,5,0,2.2222222222222223,0.0,0.0,0.0
64,22,64,65,15,4,1,4,0,2.0,0.25,0.0,0.25
64,22,64,65,16,4,1,7,0,2.5454545454545454,0.25,0.0,0.25
64,22,64,65,17,2,1,12,0,1.7142857142857142,0.5,0.0,0.5
64,22,64,65,18,3,0,15,0,2.5,0.0,0.0,0.0
64,22,64,65,19,3,0,19,0,2.590909090909091,0.0,0.0,0.0
64,22,72,73,17,1,0,17,0,0.9444444444444444,0.0,0.0,0.0
64,22,72,73,18,1,0,18,0,0.9473684210526315,0.0,0.0,0.0
64,22,72,73,19,1,0,19,0,0.95,0.0,0.0,0.0
64,22,72,73,20,1,0,21,0,0.9545454545454546,0.0,0.0,0.0
64,22,72,73,21,2,0,23,1,1.84,0.0,0.043478260869565216,-0.043478260869565216
64,22,72,73,22,2,0,24,1,1.8461538461538463,0.0,0.041666666666666664,-0.041666666666666664
64,22,72,73,24,2,1,24,1,1.8461538461538463,0.5,0.041666666666666664,0.4583333333333333
64,23,8,9,5,3,2,1,0,0.75,0.6666666666666666,0.0,0.6666666666666666
64,23,8,9,6,2,0,4,0,1.3333333333333333,0.0,0.0,0.0
64,23,8,9,7,6,1,8,0,3.4285714285714284,0.16666666666666666,0.0,0.16666666666666666
64,23,8,9,8,6,0,16,0,4.363636363636363,0.0,0.0,0.0
64,23,16,17,5,4,0,3,0,1.7142857142857142,0.0,0.0,0.0
64,23,16,17,6,4,0,7,0,2.5454545454545454,0.0,0.0,0.0
64,23,16,17,7,2,0,14,0,1.75,0.0,0.0,0.0
64,23,16,17,8,3,1,19,0,2.590909090909091,0.3333333333333333,0.0,0.3333333333333333
64,23,24,25,3,1,0,3,0,0.75,0.0,0.0,0.0
64,23,24,25,4,5,0,3,0,1.875,0.0,0.0,0.0
64,23,24,25,5,2,0,7,0,1.5555555555555556,0.0,0.0,0.0
64,23,24,25,6,5,0,9,0,3.2142857142857144,0.0,0.0,0.0
64,23,24,25,8,1,0,20,0,0.9523809523809523,0.0,0.0,0.0
64,23,24,25,9,1,0,23,0,0.9583333333333334,0.0,0.0,0.0
64,23,32,33,2,4,0,3,0,1.7142857142857142,0.0,0.0,0.0
64,23,32,33,3,2,0,8,0,1.6,0.0,0.0,0.0
64,23,32,33,4,2,0,10,0,1.6666666666666667,0.0,0.0,0.0
64,23,32,33,5,2,0,12,0,1.7142857142857142,0.0,0.0,0.0
64,23,32,33,6,2,0,13,0,1.7333333333333334,0.0,0.0,0.0
64,23,32,33,8,1,0,20,0,0.9523809523809523,0.0,0.0,0.0
64,23,32,33,9,1,0,23,0,0.9583333333333334,0.0,0.0,0.0
64,23,40,41,7,2,0,19,0,1.8095238095238095,0.0,0.0,0.0
64,23,56,57,11,2,0,23,0,1.84,0.0,0.0,0.0
64,23,56,57,12,1,0,24,0,0.96,0.0,0.0,0.0
64,23,56,57,13,1,0,25,0,0.9615384615384616,0.0,0.0,0.0
64,23,56,57,15,1,0,25,0,0.9615384615384616,0.0,0.0,0.0
64,23,64,65,9,2,1,22,0,1.8333333333333333,0.5,0.0,0.5
64,23,64,65,10,7,2,17,0,4.958333333333333,0.2857142857142857,0.0,0.2857142857142857
64,23,64,65,11,3,0,17,0,2.55,0.0,0.0,0.0
64,23,64,65,12,1,0,20,0,0.9523809523809523,0.0,0.0,0.0
64,23,64,65,13,2,1,22,0,1.8333333333333333,0.5,0.0,0.5
64,23,64,65,14,1,0,23,0,0.9583333333333334,0.0,0.0,0.0
64,23,64,65,15,2,1,22,0,1.8333333333333333,0.5,0.0,0.5
64,23,64,65,16,1,0,22,0,0.9565217391304348,0.0,0.0,0.0
64,23,64,65,17,1,0,21,0,0.9545454545454546,0.0,0.0,0.0
64,23,64,65,18,3,1,18,0,2.5714285714285716,0.3333333333333333,0.0,0.3333333333333333
64,23,64,65,19,1,1,16,0,0.9411764705882353,1.0,0.0,1.0
64,23,64,65,20,3,1,11,0,2.357142857142857,0.3333333333333333,0.0,0.3333333333333333
64,23,64,65,21,4,0,7,0,2.5454545454545454,0.0,0.0,0.0
64,23,64,65,22,2,0,8,0,1.6,0.0,0.0,0.0
64,23,64,65,23,1,0,10,0,0.9090909090909091,0.0,0.0,0.0
64,23,72,73,7,1,0,20,0,0.9523809523809523,0.0,0.0,0.0
64,23,72,73,8,3,0,19,0,2.590909090909091,0.0,0.0,0.0
64,23,72,73,9,6,0,14,0,4.2,0.0,0.0,0.0
64,23,72,73,10,4,0,13,0,3.0588235294117645,0.0,0.0,0.0
64,23,72,73,11,5,0,12,0,3.5294117647058822,0.0,0.0,0.0
64,23,72,73,12,5,0,14,0,3.6842105263157894,0.0,0.0,0.0
64,23,72,73,13,3,0,17,0,2.55,0.0,0.0,0.0
64,23,72,73,14,2,0,18,0,1.8,0.0,0.0,0.0
64,23,72,73,15,2,0,18,0,1.8,0.0,0.0,0.0
64,23,72,73,16,5,0,18,0,3.9130434782608696,0.0,0.0,0.0
64,23,72,73,17,1,0,21,0,0.9545454545454546,0.0,0.0,0.0
64,23,72,73,19,1,0,17,0,0.9444444444444444,0.0,0.0,0.0
64,23,80,81,8,5,0,18,0,3.9130434782608696,0.0,0.0,0.0
64,23,80,81,9,2,0,19,0,1.8095238095238095,0.0,0.0,0.0
64,23,80,81,10,3,0,19,0,2.590909090909091,0.0,0.0,0.0
64,23,80,81,11,3,0,20,0,2.608695652173913,0.0,0.0,0.0
64,23,80,81,12,2,0,21,0,1.826086956521739,0.0,0.0,0.0
64,23,80,81,13,2,0,23,0,1.84,0.0,0.0,0.0
64,23,80,81,14,3,0,24,0,2.6666666666666665,0.0,0.0,0.0
64,23,80,81,17,2,1,21,0,1.826086956521739,0.5,0.0,0.5
64,23,80,81,18,3,0,17,0,2.55,0.0,0.0,0.0
64,23,80,81,19,1,0,15,0,0.9375,0.0,0.0,0.0
64,23,80,81,20,2,0,12,0,1.7142857142857142,0.0,0.0,0.0
64,23,80,81,21,1,0,11,0,0.9166666666666666,0.0,0.0,0.0
64,23,80,81,23,2,0,9,0,1.6363636363636365,0.0,0.0,0.0
64,23,88,89,8,2,0,21,0,1.826086956521739,0.0,0.0,0.0
64,23,88,89,10,2,0,23,0,1.84,0.0,0.0,0.0
64,24,8,9,7,10,1,4,0,2.857142857142857,0.1,0.0,0.1
64,24,8,9,9,1,0,18,0,0.9473684210526315,0.0,0.0,0.0
64,24,16,17,5,2,0,6,0,1.5,0.0,0.0,0.0
64,24,16,17,6,2,0,9,0,1.6363636363636365,0.0,0.0,0.0
64,24,16,17,8,1,0,14,0,0.9333333333333333,0.0,0.0,0.0
64,24,16,17,9,1,0,18,0,0.9473684210526315,0.0,0.0,0.0
64,24,24,25,4,2,0,5,0,1.4285714285714286,0.0,0.0,0.0
64,24,24,25,5,1,0,8,0,0.8888888888888888,0.0,0.0,0.0
64,24,24,25,6,1,0,10,0,0.9090909090909091,0.0,0.0,0.0
64,24,24,25,7,1,0,13,0,0.9285714285714286,0.0,0.0,0.0
64,24,24,25,8,1,0,15,0,0.9375,0.0,0.0,0.0
64,24,32,33,1,1,0,2,0,0.6666666666666666,0.0,0.0,0.0
64,24,32,33,2,2,0,3,0,1.2,0.0,0.0,0.0
64,24,32,33,3,1,0,5,0,0.8333333333333334,0.0,0.0,0.0
64,24,32,33,4,1,0,7,0,0.875,0.0,0.0,0.0
64,24,32,33,5,1,0,9,0,0.9,0.0,0.0,0.0
64,24,32,33,6,1,0,11,0,0.9166666666666666,0.0,0.0,0.0
64,24,32,33,7,1,0,14,0,0.9333333333333333,0.0,0.0,0.0
64,24,40,41,3,3,0,8,0,2.1818181818181817,0.0,0.0,0.0
64,24,40,41,5,1,0,11,0,0.9166666666666666,0.0,0.0,0.0
64,24,64,65,5,2,0,12,0,1.7142857142857142,0.0,0.0,0.0
64,24,64,65,10,1,0,21,0,0.9545454545454546,0.0,0.0,0.0
64,24,64,65,12,1,1,23,0,0.9583333333333334,1.0,0.0,1.0
64,24,64,65,13,1,0,23,0,0.9583333333333334,0.0,0.0,0.0
64,24,64,65,14,2,1,23,0,1.84,0.5,0.0,0.5
64,24,72,73,5,2,0,12,0,1.7142857142857142,0.0,0.0,0.0
64,24,72,73,11,2,0,22,0,1.8333333333333333,0.0,0.0,0.0
64,24,72,73,12,1,0,23,0,0.9583333333333334,0.0,0.0,0.0
64,24,72,73,13,1,0,22,0,0.9565217391304348,0.0,0.0,0.0
64,24,72,73,14,3,1,19,0,2.590909090909091,0.3333333333333333,0.0,0.3333333333333333
64,24,72,73,15,2,1,20,0,1.8181818181818181,0.5,0.0,0.5
64,24,72,73,16,3,2,20,0,2.608695652173913,0.6666666666666666,0.0,0.6666666666666666
64,24,72,73,17,1,1,20,0,0.9523809523809523,1.0,0.0,1.0
64,24,72,73,18,1,0,20,0,0.9523809523809523,0.0,0.0,0.0
64,24,72,73,19,2,1,20,0,1.8181818181818181,0.5,0.0,0.5
64,24,72,73,20,2,1,21,0,1.826086956521739,0.5,0.0,0.5
64,24,72,73,21,3,1,21,0,2.625,0.3333333333333333,0.0,0.3333333333333333
64,24,72,73,22,1,0,24,1,0.96,0.0,0.041666666666666664,-0.041666666666666664
64,24,72,73,23,2,0,23,0,1.84,0.0,0.0,0.0
64,24,80,81,12,3,1,22,0,2.64,0.3333333333333333,0.0,0.3333333333333333
64,24,80,81,13,2,0,21,0,1.826086956521739,0.0,0.0,0.0
64,24,80,81,14,1,0,21,0,0.9545454545454546,0.0,0.0,0.0
64,24,80,81,15,1,1,21,0,0.9545454545454546,1.0,0.0,1.0
64,24,80,81,16,1,0,20,0,0.9523809523809523,0.0,0.0,0.0
64,24,80,81,17,1,0,20,0,0.9523809523809523,0.0,0.0,0.0
64,24,80,81,18,2,1,20,0,1.8181818181818181,0.5,0.0,0.5
64,24,80,81,20,1,0,22,0,0.9565217391304348,0.0,0.0,0.0
64,24,80,81,21,1,0,23,0,0.9583333333333334,0.0,0.0,0.0
64,24,80,81,22,1,0,25,0,0.9615384615384616,0.0,0.0,0.0
64,25,8,9,7,13,3,6,0,4.105263157894737,0.23076923076923078,0.0,0.23076923076923078
64,25,8,9,8,4,0,18,0,3.272727272727273,0.0,0.0,0.0
64,25,8,9,9,2,0,21,0,1.826086956521739,0.0,0.0,0.0
64,25,16,17,4,4,0,2,0,1.3333333333333333,0.0,0.0,0.0
64,25,16,17,5,5,0,7,0,2.9166666666666665,0.0,0.0,0.0
64,25,16,17,6,2,0,14,0,1.75,0.0,0.0,0.0
64,25,16,17,7,1,0,18,0,0.9473684210526315,0.0,0.0,0.0
64,25,16,17,8,3,1,20,0,2.608695652173913,0.3333333333333333,0.0,0.3333333333333333
64,25,16,17,9,1,0,22,0,0.9565217391304348,0.0,0.0,0.0
64,25,24,25,3,2,0,5,0,1.4285714285714286,0.0,0.0,0.0
64,25,24,25,4,8,0,7,0,3.7333333333333334,0.0,0.0,0.0
64,25,24,25,5,2,0,15,0,1.7647058823529411,0.0,0.0,0.0
64,25,24,25,6,2,0,17,0,1.7894736842105263,0.0,0.0,0.0
64,25,24,25,7,1,0,20,0,0.9523809523809523,0.0,0.0,0.0
64,25,24,25,8,1,0,22,0,0.9565217391304348,0.0,0.0,0.0
64,25,24,25,9,1,0,22,0,0.9565217391304348,0.0,0.0,0.0
64,25,32,33,3,1,0,11,0,0.9166666666666666,0.0,0.0,0.0
64,25,32,33,4,1,0,14,0,0.9333333333333333,0.0,0.0,0.0
64,25,32,33,5,2,0,16,0,1.7777777777777777,0.0,0.0,0.0
64,25,32,33,6,1,0,19,0,0.95,0.0,0.0,0.0
64,25,32,33,8,1,0,23,0,0.9583333333333334,0.0,0.0,0.0
64,25,64,65,9,2,1,21,0,1.826086956521739,0.5,0.0,0.5
64,25,64,65,10,1,1,19,0,0.95,1.0,0.0,1.0
64,25,64,65,11,3,1,14,0,2.4705882352941178,0.3333333333333333,0.0,0.3333333333333333
64,25,64,65,12,1,0,12,1,0.9230769230769231,0.0,0.08333333333333333,-0.08333333333333333
64,25,64,65,14,1,0,9,0,0.9,0.0,0.0,0.0
64,25,64,65,15,1,0,8,0,0.8888888888888888,0.0,0.0,0.0
64,25,64,65,17,1,1,7,0,0.875,1.0,0.0,1.0
64,25,64,65,28,2,0,12,0,1.7142857142857142,0.0,0.0,0.0
64,25,64,65,30,2,0,10,0,1.6666666666666667,0.0,0.0,0.0
64,25,72,73,8,3,0,21,0,2.625,0.0,0.0,0.0
64,25,72,73,9,1,0,20,0,0.9523809523809523,0.0,0.0,0.0
64,25,72,73,10,5,0,14,0,3.6842105263157894,0.0,0.0,0.0
64,25,72,73,11,3,0,10,0,2.3076923076923075,0.0,0.0,0.0
64,25,72,73,12,2,0,7,0,1.5555555555555556,0.0,0.0,0.0
64,25,72,73,13,1,0,5,0,0.8333333333333334,0.0,0.0,0.0
64,25,72,73,14,2,1,4,0,1.3333333333333333,0.5,0.0,0.5
64,25,72,73,15,2,1,3,0,1.2,0.5,0.0,0.5
64,25,72,73,30,2,0,10,0,1.6666666666666667,0.0,0.0,0.0
64,25,72,73,32,2,0,9,0,1.6363636363636365,0.0,0.0,0.0
64,25,72,73,37,1,0,13,0,0.9285714285714286,0.0,0.0,0.0
64,25,72,73,39,3,0,12,0,2.4,0.0,0.0,0.0
64,25,80,81,7,2,0,21,0,1.826086956521739,0.0,0.0,0.0
64,25,80,81,8,2,0,21,0,1.826086956521739,0.0,0.0,0.0
64,25,80,81,9,3,0,18,0,2.5714285714285716,0.0,0.0,0.0
64,25,80,81,10,3,0,15,0,2.5,0.0,0.0,0.0
64,25,80,81,11,2,0,12,0,1.7142857142857142,0.0,0.0,0.0
64,25,80,81,12,3,1,8,0,2.1818181818181817,0.3333333333333333,0.0,0.3333333333333333
64,25,80,81,13,2,0,5,0,1.4285714285714286,0.0,0.0,0.0
64,25,80,81,14,4,0,3,0,1.7142857142857142,0.0,0.0,0.0
64,25,80,81,15,3,0,4,0,1.7142857142857142,0.0,0.0,0.0
64,25,80,81,16,1,0,6,0,0.8571428571428571,0.0,0.0,0.0
64,26,8,9,7,7,2,1,0,0.875,0.2857142857142857,0.0,0.2857142857142857
64,26,8,9,8,1,0,9,0,0.9,0.0,0.0,0.0
64,26,8,9,9,1,0,11,0,0.9166666666666666,0.0,0.0,0.0
64,26,16,17,6,3,0,5,0,1.875,0.0,0.0,0.0
64,26,16,17,8,1,0,10,0,0.9090909090909091,0.0,0.0,0.0
64,26,24,25,2,1,0,1,0,0.5,0.0,0.0,0.0
64,26,24,25,3,1,0,2,0,0.6666666666666666,0.0,0.0,0.0
64,26,24,25,4,2,0,3,0,1.2,0.0,0.0,0.0
64,26,24,25,5,1,0,6,0,0.8571428571428571,0.0,0.0,0.0
64,26,24,25,6,1,0,8,0,0.8888888888888888,0.0,0.0,0.0
64,26,32,33,1,2,0,1,0,0.6666666666666666,0.0,0.0,0.0
64,26,32,33,2,2,0,2,0,1.0,0.0,0.0,0.0
64,26,32,33,3,1,0,3,0,0.75,0.0,0.0,0.0
64,26,32,33,5,1,0,6,0,0.8571428571428571,0.0,0.0,0.0
64,26,32,33,7,1,0,9,0,0.9,0.0,0.0,0.0
64,26,56,57,11,2,0,12,0,1.7142857142857142,0.0,0.0,0.0
64,26,56,57,12,2,0,12,0,1.7142857142857142,0.0,0.0,0.0
64,26,56,57,13,1,0,12,0,0.9230769230769231,0.0,0.0,0.0
64,26,56,57,14,2,0,11,0,1.6923076923076923,0.0,0.0,0.0
64,26,56,57,15,1,1,12,0,0.9230769230769231,1.0,0.0,1.0
64,26,56,57,16,2,2,11,0,1.6923076923076923,1.0,0.0,1.0
64,26,56,57,17,2,0,9,0,1.6363636363636365,0.0,0.0,0.0
64,26,56,57,18,1,0,9,0,0.9,0.0,0.0,0.0
64,26,56,57,19,2,1,8,0,1.6,0.5,0.0,0.5
64,26,64,65,10,2,0,11,0,1.6923076923076923,0.0,0.0,0.0
64,26,64,65,11,2,0,11,0,1.6923076923076923,0.0,0.0,0.0
64,26,64,65,12,1,0,12,0,0.9230769230769231,0.0,0.0,0.0
64,26,64,65,13,2,1,11,0,1.6923076923076923,0.5,0.0,0.5
64,26,64,65,14,2,0,10,0,1.6666666666666667,0.0,0.0,0.0
64,26,64,65,15,1,0,10,0,0.9090909090909091,0.0,0.0,0.0
64,26,64,65,16,2,0,8,0,1.6,0.0,0.0,0.0
64,26,64,65,17,2,0,6,0,1.5,0.0,0.0,0.0
64,26,64,65,18,1,0,6,0,0.8571428571428571,0.0,0.0,0.0
64,26,64,65,19,1,0,6,0,0.8571428571428571,0.0,0.0,0.0
64,26,64,65,20,1,0,8,0,0.8888888888888888,0.0,0.0,0.0
64,26,64,65,21,1,0,10,0,0.9090909090909091,0.0,0.0,0.0
64,26,64,65,22,1,0,12,0,0.9230769230769231,0.0,0.0,0.0
64,26,64,65,23,1,0,13,0,0.9285714285714286,0.0,0.0,0.0
64,26,64,65,25,2,0,12,0,1.7142857142857142,0.0,0.0,0.0
64,26,72,73,6,2,0,7,0,1.5555555555555556,0.0,0.0,0.0
64,26,72,73,7,1,0,8,0,0.8888888888888888,0.0,0.0,0.0
64,26,72,73,8,1,0,9,0,0.9,0.0,0.0,0.0
64,26,72,73,10,3,0,10,0,2.3076923076923075,0.0,0.0,0.0
64,26,72,73,11,3,1,10,0,2.3076923076923075,0.3333333333333333,0.0,0.3333333333333333
64,26,72,73,12,2,0,10,0,1.6666666666666667,0.0,0.0,0.0
64,26,72,73,13,2,0,9,0,1.6363636363636365,0.0,0.0,0.0
64,26,72,73,15,2,1,9,0,1.6363636363636365,0.5,0.0,0.5
64,26,72,73,16,1,0,8,0,0.8888888888888888,0.0,0.0,0.0
64,26,72,73,17,3,0,6,0,2.0,0.0,0.0,0.0
64,26,72,73,18,2,0,7,0,1.5555555555555556,0.0,0.0,0.0
64,26,72,73,19,1,1,7,0,0.875,1.0,0.0,1.0
64,26,72,73,20,1,0,8,0,0.8888888888888888,0.0,0.0,0.0
64,26,72,73,21,1,0,9,0,0.9,0.0,0.0,0.0
64,26,72,73,22,2,0,10,0,1.6666666666666667,0.0,0.0,0.0
64,26,72,73,23,2,0,11,0,1.6923076923076923,0.0,0.0,0.0
64,26,72,73,24,1,1,12,0,0.9230769230769231,1.0,0.0,1.0
64,26,72,73,25,1,1,13,0,0.9285714285714286,1.0,0.0,1.0
64,26,72,73,32,2,0,13,0,1.7333333333333334,0.0,0.0,0.0
64,26,72,73,34,4,0,8,0,2.6666666666666665,0.0,0.0,0.0
64,26,72,73,35,1,0,8,0,0.8888888888888888,0.0,0.0,0.0
64,26,80,81,20,2,0,9,0,1.6363636363636365,0.0,0.0,0.0
64,26,80,81,22,1,0,12,0,0.9230769230769231,0.0,0.0,0.0
64,27,8,9,6,3,1,1,0,0.75,0.3333333333333333,0.0,0.3333333333333333
64,27,8,9,7,6,1,4,0,2.4,0.16666666666666666,0.0,0.16666666666666666
64,27,8,9,8,4,0,12,0,3.0,0.0,0.0,0.0
64,27,8,9,9,1,0,18,0,0.9473684210526315,0.0,0.0,0.0
64,27,8,9,10,1,0,21,0,0.9545454545454546,0.0,0.0,0.0
64,27,16,17,5,4,2,1,0,0.8,0.5,0.0,0.5
64,27,16,17,6,5,0,4,0,2.2222222222222223,0.0,0.0,0.0
64,27,16,17,7,4,0,10,0,2.857142857142857,0.0,0.0,0.0
64,27,16,17,8,2,0,16,0,1.7777777777777777,0.0,0.0,0.0
64,27,24,25,3,1,0,1,0,0.5,0.0,0.0,0.0
64,27,24,25,4,6,1,2,0,1.5,0.16666666666666666,0.0,0.16666666666666666
64,27,24,25,5,4,0,8,0,2.6666666666666665,0.0,0.0,0.0
64,27,24,25,6,3,1,12,0,2.4,0.3333333333333333,0.0,0.3333333333333333
64,27,24,25,8,2,0,16,0,1.7777777777777777,0.0,0.0,0.0
64,27,32,33,2,3,0,4,0,1.7142857142857142,0.0,0.0,0.0
64,27,64,65,8,1,0,17,0,0.9444444444444444,0.0,0.0,0.0
64,27,64,65,9,1,0,18,0,0.9473684210526315,0.0,0.0,0.0
64,27,64,65,10,2,0,19,0,1.8095238095238095,0.0,0.0,0.0
64,27,64,65,11,1,0,21,0,0.9545454545454546,0.0,0.0,0.0
64,27,64,65,12,2,0,21,0,1.826086956521739,0.0,0.0,0.0
64,27,64,65,13,1,0,21,0,0.9545454545454546,0.0,0.0,0.0
64,27,64,65,14,1,0,21,0,0.9545454545454546,0.0,0.0,0.0
64,27,64,65,15,2,0,19,0,1.8095238095238095,0.0,0.0,0.0
64,27,64,65,16,3,0,18,1,2.5714285714285716,0.0,0.05555555555555555,-0.05555555555555555
64,27,64,65,17,6,2,16,1,4.363636363636363,0.3333333333333333,0.0625,0.2708333333333333
64,27,64,65,18,2,0,21,1,1.826086956521739,0.0,0.047619047619047616,-0.047619047619047616
64,27,64,65,19,3,0,23,0,2.6538461538461537,0.0,0.0,0.0
64,27,64,65,20,1,0,26,0,0.9629629629629629,0.0,0.0,0.0
64,27,64,65,21,2,0,27,0,1.8620689655172413,0.0,0.0,0.0
64,27,64,65,24,1,0,26,0,0.9629629629629629,0.0,0.0,0.0
64,27,64,65,26,2,0,22,0,1.8333333333333333,0.0,0.0,0.0
64,27,64,65,27,3,0,21,0,2.625,0.0,0.0,0.0
64,28,8,9,5,1,0,1,0,0.5,0.0,0.0,0.0
64,28,8,9,6,3,0,2,0,1.2,0.0,0.0,0.0
64,28,8,9,7,11,2,5,0,3.4375,0.18181818181818182,0.0,0.18181818181818182
64,28,8,9,8,1,0,16,0,0.9411764705882353,0.0,0.0,0.0
64,28,8,9,9,1,0,16,0,0.9411764705882353,0.0,0.0,0.0
64,28,8,9,10,1,1,17,0,0.9444444444444444,1.0,0.0,1.0
64,28,16,17,4,5,0,2,0,1.4285714285714286,0.0,0.0,0.0
64,28,16,17,5,1,0,8,0,0.8888888888888888,0.0,0.0,0.0
64,28,16,17,6,3,0,10,0,2.3076923076923075,0.0,0.0,0.0
64,28,16,17,7,1,0,14,0,0.9333333333333333,0.0,0.0,0.0
64,28,16,17,8,3,0,15,0,2.5,0.0,0.0,0.0
64,28,24,25,3,3,0,2,0,1.2,0.0,0.0,0.0
64,28,24,25,4,4,0,6,0,2.4,0.0,0.0,0.0
64,28,24,25,6,4,0,12,0,3.0,0.0,0.0,0.0
64,28,24,25,7,1,0,17,0,0.9444444444444444,0.0,0.0,0.0
64,28,32,33,2,5,0,1,0,0.8333333333333334,0.0,0.0,0.0
64,28,32,33,3,2,0,7,0,1.5555555555555556,0.0,0.0,0.0
64,28,32,33,4,3,0,10,0,2.3076923076923075,0.0,0.0,0.0
64,28,32,33,5,2,0,14,0,1.75,0.0,0.0,0.0
64,28,40,41,4,3,0,13,0,2.4375,0.0,0.0,0.0
64,28,40,41,5,2,0,16,0,1.7777777777777777,0.0,0.0,0.0
64,28,40,41,6,2,0,17,0,1.7894736842105263,0.0,0.0,0.0
64,28,48,49,6,3,0,19,0,2.590909090909091,0.0,0.0,0.0
64,28,48,49,7,2,0,18,0,1.8,0.0,0.0,0.0
64,28,56,57,8,3,0,18,0,2.5714285714285716,0.0,0.0,0.0
64,28,56,57,13,4,0,9,0,2.769230769230769,0.0,0.0,0.0
64,28,56,57,14,1,0,9,0,0.9,0.0,0.0,0.0
64,28,64,65,7,2,0,20,0,1.8181818181818181,0.0,0.0,0.0
64,28,64,65,8,2,0,18,0,1.8,0.0,0.0,0.0
64,28,64,65,11,2,0,13,0,1.7333333333333334,0.0,0.0,0.0
64,28,64,65,12,2,0,11,0,1.6923076923076923,0.0,0.0,0.0
64,28,64,65,13,3,0,8,1,2.1818181818181817,0.0,0.125,-0.125
64,28,64,65,14,1,0,8,0,0.8888888888888888,0.0,0.0,0.0
64,28,64,65,15,4,1,6,0,2.4,0.25,0.0,0.25
64,28,64,65,17,4,1,9,0,2.769230769230769,0.25,0.0,0.25
64,28,64,65,20,2,0,14,0,1.75,0.0,0.0,0.0
64,28,64,65,22,2,0,14,1,1.75,0.0,0.07142857142857142,-0.07142857142857142
64,28,72,73,7,4,0,18,0,3.272727272727273,0.0,0.0,0.0
64,28,80,81,7,2,0,20,0,1.8181818181818181,0.0,0.0,0.0
64,28,80,81,8,2,0,18,0,1.8,0.0,0.0,0.0
64,28,80,81,27,2,0,13,0,1.7333333333333334,0.0,0.0,0.0
64,28,80,81,28,2,0,10,0,1.6666666666666667,0.0,0.0,0.0
64,28,80,81,29,2,0,9,0,1.6363636363636365,0.0,0.0,0.0
64,28,80,81,30,2,0,8,0,1.6,0.0,0.0,0.0
64,28,88,89,8,2,0,19,0,1.8095238095238095,0.0,0.0,0.0
64,28,88,89,10,1,0,17,0,0.9444444444444444,0.0,0.0,0.0
64,29,8,9,6,7,0,2,0,1.5555555555555556,0.0,0.0,0.0
64,29,8,9,7,14,1,8,0,5.090909090909091,0.07142857142857142,0.0,0.07142857142857142
64,29,8,9,8,4,0,20,0,3.3333333333333335,0.0,0.0,0.0
64,29,8,9,10,1,0,15,0,0.9375,0.0,0.0,0.0
64,29,16,17,4,9,0,2,0,1.6363636363636365,0.0,0.0,0.0
64,29,16,17,5,2,0,13,0,1.7333333333333334,0.0,0.0,0.0
64,29,16,17,6,2,0,17,0,1.7894736842105263,0.0,0.0,0.0
64,29,16,17,7,6,0,20,0,4.615384615384615,0.0,0.0,0.0
64,29,24,25,2,6,0,1,0,0.8571428571428571,0.0,0.0,0.0
64,29,24,25,3,2,0,9,0,1.6363636363636365,0.0,0.0,0.0
64,29,24,25,4,2,0,13,0,1.7333333333333334,0.0,0.0,0.0
64,29,24,25,5,3,0,17,0,2.55,0.0,0.0,0.0
64,29,32,33,2,3,0,5,0,1.875,0.0,0.0,0.0
64,29,64,65,10,2,0,14,0,1.75,0.0,0.0,0.0
64,29,64,65,11,1,0,10,0,0.9090909090909091,0.0,0.0,0.0
64,29,64,65,12,1,1,7,1,0.875,1.0,0.14285714285714285,0.8571428571428572
64,29,64,65,13,2,1,2,0,1.0,0.5,0.0,0.5
64,29,72,73,9,2,0,18,0,1.8,0.0,0.0,0.0
64,29,72,73,10,4,0,11,0,2.933333333333333,0.0,0.0,0.0
64,29,72,73,11,4,0,5,0,2.2222222222222223,0.0,0.0,0.0
64,29,72,73,12,2,0,3,0,1.2,0.0,0.0,0.0
64,29,72,73,20,2,0,9,0,1.6363636363636365,0.0,0.0,0.0
64,29,72,73,22,2,0,15,0,1.7647058823529411,0.0,0.0,0.0
64,29,72,73,24,2,0,20,0,1.8181818181818181,0.0,0.0,0.0
64,29,72,73,26,2,0,22,0,1.8333333333333333,0.0,0.0,0.0
64,29,72,73,28,2,0,23,0,1.84,0.0,0.0,0.0
64,29,72,73,31,2,0,22,0,1.8333333333333333,0.0,0.0,0.0
64,29,72,73,33,2,0,22,0,1.8333333333333333,0.0,0.0,0.0
64,29,80,81,9,3,0,17,0,2.55,0.0,0.0,0.0
64,29,80,81,10,7,0,7,0,3.5,0.0,0.0,0.0
64,29,80,81,11,2,1,4,0,1.3333333333333333,0.5,0.0,0.5
64,29,80,81,12,1,0,3,0,0.75,0.0,0.0,0.0
64,29,88,89,9,2,0,18,0,1.8,0.0,0.0,0.0
64,29,88,89,10,5,0,10,0,3.3333333333333335,0.0,0.0,0.0
64,29,88,89,11,1,0,7,0,0.875,0.0,0.0,0.0
64,29,88,89,12,2,0,5,0,1.4285714285714286,0.0,0.0,0.0
64,29,88,89,13,1,0,3,0,0.75,0.0,0.0,0.0
64,30,8,9,5,1,1,1,0,0.5,1.0,0.0,1.0
64,30,8,9,6,4,0,2,0,1.3333333333333333,0.0,0.0,0.0
64,30,8,9,7,8,0,8,0,4.0,0.0,0.0,0.0
64,30,8,9,8,1,0,19,0,0.95,0.0,0.0,0.0
64,30,8,9,9,2,0,25,0,1.8518518518518519,0.0,0.0,0.0
64,30,8,9,10,1,0,31,0,0.96875,0.0,0.0,0.0
64,30,16,17,4,3,0,2,0,1.2,0.0,0.0,0.0
64,30,16,17,5,4,0,6,0,2.4,0.0,0.0,0.0
64,30,16,17,6,3,0,11,0,2.357142857142857,0.0,0.0,0.0
64,30,16,17,7,1,0,17,0,0.9444444444444444,0.0,0.0,0.0
64,30,16,17,8,2,0,21,0,1.826086956521739,0.0,0.0,0.0
64,30,24,25,2,3,0,1,0,0.75,0.0,0.0,0.0
64,30,24,25,3,3,0,4,0,1.7142857142857142,0.0,0.0,0.0
64,30,24,25,4,5,0,7,0,2.9166666666666665,0.0,0.0,0.0
64,30,24,25,5,7,1,10,0,4.117647058823529,0.14285714285714285,0.0,0.14285714285714285
64,30,24,25,6,2,0,16,0,1.7777777777777777,0.0,0.0,0.0
64,30,24,25,8,1,0,23,0,0.9583333333333334,0.0,0.0,0.0
64,30,32,33,4,1,0,14,0,0.9333333333333333,0.0,0.0,0.0
64,30,32,33,6,1,0,18,0,0.9473684210526315,0.0,0.0,0.0
64,30,40,41,4,1,0,14,0,0.9333333333333333,0.0,0.0,0.0
64,30,40,41,6,1,0,18,0,0.9473684210526315,0.0,0.0,0.0
64,30,56,57,8,2,0,22,0,1.8333333333333333,0.0,0.0,0.0
64,30,56,57,9,1,1,26,0,0.9629629629629629,1.0,0.0,1.0
64,30,56,57,10,2,0,29,0,1.8709677419354838,0.0,0.0,0.0
64,30,56,57,12,1,0,33,0,0.9705882352941176,0.0,0.0,0.0
64,30,56,57,13,1,1,36,0,0.972972972972973,1.0,0.0,1.0
64,30,64,65,7,2,0,20,0,1.8181818181818181,0.0,0.0,0.0
64,30,64,65,8,2,0,20,0,1.8181818181818181,0.0,0.0,0.0
64,30,64,65,9,1,0,23,0,0.9583333333333334,0.0,0.0,0.0
64,30,64,65,10,1,0,26,0,0.9629629629629629,0.0,0.0,0.0
64,30,64,65,11,4,1,26,0,3.466666666666667,0.25,0.0,0.25
64,30,64,65,12,8,1,24,0,6.0,0.125,0.0,0.125
64,30,64,65,13,8,1,26,0,6.117647058823529,0.125,0.0,0.125
64,30,64,65,14,1,0,34,0,0.9714285714285714,0.0,0.0,0.0
64,30,64,65,15,3,1,34,0,2.7567567567567566,0.3333333333333333,0.0,0.3333333333333333
64,30,64,65,16,1,0,36,0,0.972972972972973,0.0,0.0,0.0
64,30,64,65,17,2,1,37,0,1.8974358974358974,0.5,0.0,0.5
64,30,64,65,18,2,0,38,2,1.9,0.0,0.05263157894736842,-0.05263157894736842
64,30,64,65,19,2,0,40,0,1.9047619047619047,0.0,0.0,0.0
64,30,64,65,31,1,1,36,0,0.972972972972973,1.0,0.0,1.0
64,30,64,65,33,2,0,32,0,1.8823529411764706,0.0,0.0,0.0
64,30,72,73,7,1,0,21,0,0.9545454545454546,0.0,0.0,0.0
64,30,72,73,9,4,0,24,0,3.4285714285714284,0.0,0.0,0.0
64,30,72,73,10,6,0,25,0,4.838709677419355,0.0,0.0,0.0
64,30,72,73,11,3,0,27,0,2.7,0.0,0.0,0.0
64,30,72,73,12,6,0,25,0,4.838709677419355,0.0,0.0,0.0
64,30,72,73,13,3,0,29,0,2.71875,0.0,0.0,0.0
64,30,72,73,14,5,0,30,0,4.285714285714286,0.0,0.0,0.0
64,30,72,73,15,4,1,34,0,3.5789473684210527,0.25,0.0,0.25
64,30,72,73,16,3,1,36,0,2.769230769230769,0.3333333333333333,0.0,0.3333333333333333
64,30,72,73,17,3,0,35,0,2.763157894736842,0.0,0.0,0.0
64,30,72,73,18,3,0,36,0,2.769230769230769,0.0,0.0,0.0
64,30,72,73,19,3,0,36,1,2.769230769230769,0.0,0.027777777777777776,-0.027777777777777776
64,30,72,73,20,6,1,36,0,5.142857142857143,0.16666666666666666,0.0,0.16666666666666666
64,30,72,73,21,3,0,40,1,2.7906976744186047,0.0,0.025,-0.025
64,30,72,73,22,4,1,41,0,3.6444444444444444,0.25,0.0,0.25
64,30,72,73,23,1,0,43,0,0.9772727272727273,0.0,0.0,0.0
64,30,72,73,24,4,1,42,0,3.652173913043478,0.25,0.0,0.25
64,30,72,73,25,1,0,43,0,0.9772727272727273,0.0,0.0,0.0
64,30,72,73,26,1,0,41,0,0.9761904761904762,0.0,0.0,0.0
64,30,72,73,27,1,0,41,0,0.9761904761904762,0.0,0.0,0.0
64,31,8,9,7,8,0,3,0,2.1818181818181817,0.0,0.0,0.0
64,31,8,9,8,2,0,12,0,1.7142857142857142,0.0,0.0,0.0
64,31,8,9,9,1,0,15,0,0.9375,0.0,0.0,0.0
64,31,16,17,5,1,0,7,0,0.875,0.0,0.0,0.0
64,31,16,17,6,2,0,9,0,1.6363636363636365,0.0,0.0,0.0
64,31,16,17,7,1,0,12,0,0.9230769230769231,0.0,0.0,0.0
64,31,16,17,8,1,0,14,0,0.9333333333333333,0.0,0.0,0.0
64,31,24,25,2,2,0,3,0,1.2,0.0,0.0,0.0
64,31,24,25,3,1,0,6,0,0.8571428571428571,0.0,0.0,0.0
64,31,24,25,4,1,0,8,0,0.8888888888888888,0.0,0.0,0.0
64,31,24,25,5,1,0,10,0,0.9090909090909091,0.0,0.0,0.0
64,31,24,25,6,1,0,12,0,0.9230769230769231,0.0,0.0,0.0
64,31,32,33,2,2,0,6,0,1.5,0.0,0.0,0.0
64,31,32,33,3,1,0,8,0,0.8888888888888888,0.0,0.0,0.0
64,31,32,33,4,1,0,9,0,0.9,0.0,0.0,0.0
64,31,32,33,6,1,0,12,0,0.9230769230769231,0.0,0.0,0.0
64,31,64,65,11,3,1,16,0,2.526315789473684,0.3333333333333333,0.0,0.3333333333333333
64,31,64,65,12,2,0,14,0,1.75,0.0,0.0,0.0
64,31,64,65,13,5,2,10,0,3.3333333333333335,0.4,0.0,0.4
64,31,64,65,14,6,1,9,0,3.6,0.16666666666666666,0.0,0.16666666666666666
64,31,64,65,15,1,0,12,0,0.9230769230769231,0.0,0.0,0.0
64,31,64,65,16,4,0,9,0,2.769230769230769,0.0,0.0,0.0
64,31,64,65,17,2,0,12,0,1.7142857142857142,0.0,0.0,0.0
64,31,64,65,18,1,0,14,0,0.9333333333333333,0.0,0.0,0.0
64,31,64,65,19,2,0,15,0,1.7647058823529411,0.0,0.0,0.0
64,31,72,73,10,2,0,16,0,1.7777777777777777,0.0,0.0,0.0
64,31,72,73,11,2,0,16,0,1.7777777777777777,0.0,0.0,0.0
64,31,72,73,13,3,0,16,0,2.526315789473684,0.0,0.0,0.0
64,31,72,73,18,2,0,15,1,1.7647058823529411,0.0,0.06666666666666667,-0.06666666666666667
64,31,72,73,20,2,0,15,0,1.7647058823529411,0.0,0.0,0.0
