size,map_index,start_step,end_step,distance,frontier_opportunities,frontier_acquired,nonfrontier_opportunities,nonfrontier_acquired,matched_weight,frontier_rate,nonfrontier_rate,rate_difference
32,0,8,9,8,5,1,2,0,1.4285714285714286,0.2,0.0,0.2
32,0,16,17,13,1,0,4,0,0.8,0.0,0.0,0.0
32,0,24,25,11,1,0,1,0,0.5,0.0,0.0,0.0
32,0,24,25,12,1,0,1,0,0.5,0.0,0.0,0.0
32,0,32,33,10,1,0,1,0,0.5,0.0,0.0,0.0
32,0,32,33,11,2,0,2,0,1.0,0.0,0.0,0.0
32,0,32,33,12,2,0,2,0,1.0,0.0,0.0,0.0
32,0,32,33,14,1,0,7,0,0.875,0.0,0.0,0.0
32,0,32,33,16,2,0,12,0,1.7142857142857142,0.0,0.0,0.0
32,0,40,41,7,1,0,1,0,0.5,0.0,0.0,0.0
32,0,40,41,8,3,0,1,0,0.75,0.0,0.0,0.0
32,0,40,41,9,3,0,1,0,0.75,0.0,0.0,0.0
32,0,40,41,10,1,0,3,0,0.75,0.0,0.0,0.0
32,0,48,49,6,1,0,2,0,0.6666666666666666,0.0,0.0,0.0
32,0,48,49,7,2,0,2,0,1.0,0.0,0.0,0.0
32,0,48,49,8,2,0,3,0,1.2,0.0,0.0,0.0
32,0,48,49,9,2,0,3,0,1.2,0.0,0.0,0.0
32,0,56,57,4,1,0,1,0,0.5,0.0,0.0,0.0
32,0,56,57,5,1,0,2,0,0.6666666666666666,0.0,0.0,0.0
32,0,56,57,6,2,0,3,0,1.2,0.0,0.0,0.0
32,0,56,57,7,1,0,5,0,0.8333333333333334,0.0,0.0,0.0
32,0,56,57,8,2,0,5,0,1.4285714285714286,0.0,0.0,0.0
32,0,56,57,24,2,1,9,0,1.6363636363636365,0.5,0.0,0.5
32,0,56,57,26,3,1,6,0,2.0,0.3333333333333333,0.0,0.3333333333333333
32,0,56,57,27,1,0,5,0,0.8333333333333334,0.0,0.0,0.0
32,0,56,57,28,1,0,4,0,0.8,0.0,0.0,0.0
32,0,56,57,29,1,0,3,0,0.75,0.0,0.0,0.0
32,0,64,65,3,3,0,1,0,0.75,0.0,0.0,0.0
32,0,64,65,4,3,0,3,0,1.5,0.0,0.0,0.0
32,0,64,65,5,1,0,5,0,0.8333333333333334,0.0,0.0,0.0
32,0,64,65,6,1,0,6,0,0.8571428571428571,0.0,0.0,0.0
32,0,64,65,7,3,0,6,0,2.0,0.0,0.0,0.0
32,0,64,65,17,1,0,13,0,0.9285714285714286,0.0,0.0,0.0
32,0,64,65,18,2,0,11,0,1.6923076923076923,0.0,0.0,0.0
32,0,64,65,19,1,0,13,1,0.9285714285714286,0.0,0.07692307692307693,-0.07692307692307693
32,0,64,65,20,4,0,11,0,2.933333333333333,0.0,0.0,0.0
32,0,64,65,21,1,0,15,0,0.9375,0.0,0.0,0.0
32,0,64,65,22,2,0,12,1,1.7142857142857142,0.0,0.08333333333333333,-0.08333333333333333
32,0,64,65,23,5,0,6,0,2.727272727272727,0.0,0.0,0.0
32,0,64,65,24,1,0,7,0,0.875,0.0,0.0,0.0
32,0,64,65,25,4,0,5,0,2.2222222222222223,0.0,0.0,0.0
32,0,64,65,27,2,0,5,0,1.4285714285714286,0.0,0.0,0.0
32,0,72,73,1,3,0,1,0,0.75,0.0,0.0,0.0
32,0,72,73,3,1,0,5,0,0.8333333333333334,0.0,0.0,0.0
32,0,72,73,18,1,0,13,0,0.9285714285714286,0.0,0.0,0.0
32,0,72,73,20,3,0,13,0,2.4375,0.0,0.0,0.0
32,0,72,73,22,3,0,11,1,2.357142857142857,0.0,0.09090909090909091,-0.09090909090909091
32,0,72,73,24,2,0,9,1,1.6363636363636365,0.0,0.1111111111111111,-0.1111111111111111
32,0,72,73,25,2,0,8,0,1.6,0.0,0.0,0.0
32,0,72,73,27,2,0,5,0,1.4285714285714286,0.0,0.0,0.0
32,0,80,81,19,1,0,15,0,0.9375,0.0,0.0,0.0
32,0,80,81,21,5,0,11,0,3.4375,0.0,0.0,0.0
32,0,80,81,22,1,0,11,0,0.9166666666666666,0.0,0.0,0.0
32,0,80,81,23,3,0,8,0,2.1818181818181817,0.0,0.0,0.0
32,0,80,81,24,3,0,8,0,2.1818181818181817,0.0,0.0,0.0
32,0,80,81,25,1,0,8,0,0.8888888888888888,0.0,0.0,0.0
32,0,80,81,26,2,0,6,0,1.5,0.0,0.0,0.0
32,0,80,81,27,1,0,5,0,0.8333333333333334,0.0,0.0,0.0
32,0,88,89,26,2,0,7,0,1.5555555555555556,0.0,0.0,0.0
32,0,88,89,27,1,0,5,0,0.8333333333333334,0.0,0.0,0.0
32,1,8,9,7,6,1,2,0,1.5,0.16666666666666666,0.0,0.16666666666666666
32,1,8,9,8,5,1,8,0,3.076923076923077,0.2,0.0,0.2
32,1,16,17,8,1,1,2,0,0.6666666666666666,1.0,0.0,1.0
32,1,16,17,9,1,0,3,0,0.75,0.0,0.0,0.0
32,1,16,17,10,1,1,4,0,0.8,1.0,0.0,1.0
32,1,16,17,11,2,1,5,0,1.4285714285714286,0.5,0.0,0.5
32,1,16,17,12,1,0,5,1,0.8333333333333334,0.0,0.2,-0.2
32,1,24,25,7,2,0,3,0,1.2,0.0,0.0,0.0
32,1,24,25,8,1,0,3,0,0.75,0.0,0.0,0.0
32,1,24,25,9,3,0,2,0,1.2,0.0,0.0,0.0
32,1,24,25,11,1,0,3,0,0.75,0.0,0.0,0.0
32,1,24,25,12,1,0,3,0,0.75,0.0,0.0,0.0
32,1,56,57,5,1,1,3,0,0.75,1.0,0.0,1.0
32,1,56,57,9,1,0,6,0,0.8571428571428571,0.0,0.0,0.0
32,1,56,57,10,2,0,5,0,1.4285714285714286,0.0,0.0,0.0
32,1,56,57,11,1,0,5,0,0.8333333333333334,0.0,0.0,0.0
32,1,56,57,13,1,0,5,0,0.8333333333333334,0.0,0.0,0.0
32,1,64,65,5,2,0,3,0,1.2,0.0,0.0,0.0
32,1,64,65,6,1,0,5,0,0.8333333333333334,0.0,0.0,0.0
32,1,64,65,7,3,0,5,0,1.875,0.0,0.0,0.0
32,1,64,65,8,2,0,7,0,1.5555555555555556,0.0,0.0,0.0
32,1,64,65,9,1,0,7,0,0.875,0.0,0.0,0.0
32,1,64,65,10,2,0,6,0,1.5,0.0,0.0,0.0
32,1,64,65,11,1,0,6,0,0.8571428571428571,0.0,0.0,0.0
32,1,64,65,12,1,0,5,0,0.8333333333333334,0.0,0.0,0.0
32,1,72,73,4,2,0,1,0,0.6666666666666666,0.0,0.0,0.0
32,1,72,73,5,1,0,4,0,0.8,0.0,0.0,0.0
32,1,72,73,6,3,0,5,0,1.875,0.0,0.0,0.0
32,1,72,73,7,1,0,8,0,0.8888888888888888,0.0,0.0,0.0
32,1,72,73,8,1,0,9,0,0.9,0.0,0.0,0.0
32,1,72,73,9,1,0,9,0,0.9,0.0,0.0,0.0
32,1,72,73,10,1,0,8,0,0.8888888888888888,0.0,0.0,0.0
32,1,80,81,2,1,0,1,0,0.5,0.0,0.0,0.0
32,1,80,81,3,3,0,2,0,1.2,0.0,0.0,0.0
32,1,80,81,4,1,0,4,0,0.8,0.0,0.0,0.0
32,1,80,81,5,2,0,7,0,1.5555555555555556,0.0,0.0,0.0
32,1,80,81,6,1,0,9,0,0.9,0.0,0.0,0.0
32,1,80,81,7,1,0,10,0,0.9090909090909091,0.0,0.0,0.0
32,1,80,81,8,2,0,11,0,1.6923076923076923,0.0,0.0,0.0
32,1,88,89,2,1,0,3,0,0.75,0.0,0.0,0.0
32,1,88,89,4,3,0,4,0,1.7142857142857142,0.0,0.0,0.0
32,1,88,89,6,2,0,9,0,1.6363636363636365,0.0,0.0,0.0
32,1,88,89,7,3,0,10,0,2.3076923076923075,0.0,0.0,0.0
32,2,8,9,6,2,0,1,0,0.6666666666666666,0.0,0.0,0.0
32,2,8,9,7,1,0,3,0,0.75,0.0,0.0,0.0
32,2,8,9,8,2,1,4,0,1.3333333333333333,0.5,0.0,0.5
32,2,8,9,9,2,1,4,0,1.3333333333333333,0.5,0.0,0.5
32,2,16,17,4,1,0,2,0,0.6666666666666666,0.0,0.0,0.0
32,2,16,17,5,1,0,2,0,0.6666666666666666,0.0,0.0,0.0
32,2,16,17,7,2,1,1,0,0.6666666666666666,0.5,0.0,0.5
32,2,16,17,8,1,0,1,0,0.5,0.0,0.0,0.0
32,2,16,17,10,1,1,3,0,0.75,1.0,0.0,1.0
32,2,16,17,11,2,1,4,0,1.3333333333333333,0.5,0.0,0.5
32,2,16,17,12,3,0,5,0,1.875,0.0,0.0,0.0
32,2,16,17,14,1,1,11,0,0.9166666666666666,1.0,0.0,1.0
32,2,24,25,5,1,0,4,0,0.8,0.0,0.0,0.0
32,2,24,25,7,3,0,5,0,1.875,0.0,0.0,0.0
32,2,24,25,9,2,0,4,0,1.3333333333333333,0.0,0.0,0.0
32,2,24,25,11,3,0,5,0,1.875,0.0,0.0,0.0
32,2,24,25,13,2,0,9,0,1.6363636363636365,0.0,0.0,0.0
32,2,24,25,15,1,0,13,0,0.9285714285714286,0.0,0.0,0.0
32,2,32,33,2,1,0,1,0,0.5,0.0,0.0,0.0
32,2,32,33,3,3,0,1,0,0.75,0.0,0.0,0.0
32,2,32,33,4,1,0,6,0,0.8571428571428571,0.0,0.0,0.0
32,3,8,9,8,3,0,2,0,1.2,0.0,0.0,0.0
32,3,24,25,13,4,1,1,0,0.8,0.25,0.0,0.25
32,3,24,25,15,6,0,1,0,0.8571428571428571,0.0,0.0,0.0
32,3,24,25,17,3,0,5,0,1.875,0.0,0.0,0.0
32,3,32,33,13,2,0,1,0,0.6666666666666666,0.0,0.0,0.0
32,3,32,33,14,2,0,2,0,1.0,0.0,0.0,0.0
32,3,32,33,15,1,0,5,0,0.8333333333333334,0.0,0.0,0.0
32,3,32,33,16,1,0,7,0,0.875,0.0,0.0,0.0
32,3,32,33,18,1,1,7,0,0.875,1.0,0.0,1.0
32,3,32,33,19,2,2,5,1,1.4285714285714286,1.0,0.2,0.8
32,3,32,33,20,1,0,5,0,0.8333333333333334,0.0,0.0,0.0
32,3,32,33,21,2,0,4,0,1.3333333333333333,0.0,0.0,0.0
32,3,40,41,14,2,0,4,0,1.3333333333333333,0.0,0.0,0.0
32,3,40,41,15,1,0,5,0,0.8333333333333334,0.0,0.0,0.0
32,3,40,41,16,2,0,5,0,1.4285714285714286,0.0,0.0,0.0
32,3,40,41,17,2,0,5,0,1.4285714285714286,0.0,0.0,0.0
32,3,40,41,18,3,0,4,0,1.7142857142857142,0.0,0.0,0.0
32,3,40,41,19,1,0,6,0,0.8571428571428571,0.0,0.0,0.0
32,3,40,41,20,1,0,7,0,0.875,0.0,0.0,0.0
32,3,56,57,10,1,0,2,0,0.6666666666666666,0.0,0.0,0.0
32,3,64,65,4,5,0,1,0,0.8333333333333334,0.0,0.0,0.0
32,3,64,65,6,4,0,2,0,1.3333333333333333,0.0,0.0,0.0
32,3,64,65,8,2,0,3,0,1.2,0.0,0.0,0.0
32,4,16,17,10,1,0,1,0,0.5,0.0,0.0,0.0
32,4,16,17,12,2,0,2,0,1.0,0.0,0.0,0.0
32,4,24,25,12,2,0,2,0,1.0,0.0,0.0,0.0
32,4,24,25,14,4,0,2,0,1.3333333333333333,0.0,0.0,0.0
32,4,24,25,16,2,0,4,0,1.3333333333333333,0.0,0.0,0.0
32,4,32,33,2,1,0,2,0,0.6666666666666666,0.0,0.0,0.0
32,4,32,33,3,5,0,2,0,1.4285714285714286,0.0,0.0,0.0
32,4,32,33,4,3,0,3,0,1.5,0.0,0.0,0.0
32,4,32,33,5,4,0,2,0,1.3333333333333333,0.0,0.0,0.0
32,4,32,33,6,1,0,2,0,0.6666666666666666,0.0,0.0,0.0
32,4,32,33,7,1,0,1,0,0.5,0.0,0.0,0.0
32,4,32,33,8,1,0,1,0,0.5,0.0,0.0,0.0
32,4,40,41,1,2,0,2,0,1.0,0.0,0.0,0.0
32,4,40,41,3,2,0,9,0,1.6363636363636365,0.0,0.0,0.0
32,5,8,9,7,5,2,1,0,0.8333333333333334,0.4,0.0,0.4
32,5,8,9,9,1,0,7,0,0.875,0.0,0.0,0.0
32,5,16,17,7,1,0,1,0,0.5,0.0,0.0,0.0
32,5,16,17,9,2,0,2,0,1.0,0.0,0.0,0.0
32,5,16,17,11,1,0,3,0,0.75,0.0,0.0,0.0
32,5,24,25,12,1,1,2,0,0.6666666666666666,1.0,0.0,1.0
32,5,24,25,13,2,0,2,0,1.0,0.0,0.0,0.0
32,5,40,41,6,3,0,1,0,0.75,0.0,0.0,0.0
32,5,40,41,7,5,0,1,0,0.8333333333333334,0.0,0.0,0.0
32,5,40,41,8,4,0,1,0,0.8,0.0,0.0,0.0
32,5,40,41,9,1,0,2,0,0.6666666666666666,0.0,0.0,0.0
32,5,40,41,10,3,0,1,0,0.75,0.0,0.0,0.0
32,5,40,41,11,1,0,2,0,0.6666666666666666,0.0,0.0,0.0
32,5,48,49,4,3,0,2,0,1.2,0.0,0.0,0.0
32,5,48,49,5,1,0,5,0,0.8333333333333334,0.0,0.0,0.0
32,5,48,49,6,1,0,7,0,0.875,0.0,0.0,0.0
32,5,56,57,3,4,0,3,0,1.7142857142857142,0.0,0.0,0.0
32,5,56,57,4,3,0,5,0,1.875,0.0,0.0,0.0
32,5,56,57,5,3,0,7,0,2.1,0.0,0.0,0.0
32,5,56,57,6,2,0,9,0,1.6363636363636365,0.0,0.0,0.0
32,5,56,57,7,1,0,7,0,0.875,0.0,0.0,0.0
32,5,56,57,9,1,0,7,0,0.875,0.0,0.0,0.0
32,5,64,65,3,2,0,9,0,1.6363636363636365,0.0,0.0,0.0
32,5,64,65,4,1,0,9,0,0.9,0.0,0.0,0.0
32,5,64,65,5,1,0,10,0,0.9090909090909091,0.0,0.0,0.0
32,5,64,65,6,1,0,11,0,0.9166666666666666,0.0,0.0,0.0
32,6,8,9,9,2,0,4,0,1.3333333333333333,0.0,0.0,0.0
32,6,16,17,9,2,0,1,0,0.6666666666666666,0.0,0.0,0.0
32,6,16,17,11,1,0,7,0,0.875,0.0,0.0,0.0
32,6,16,17,13,1,0,10,0,0.9090909090909091,0.0,0.0,0.0
32,6,16,17,14,2,1,11,1,1.6923076923076923,0.5,0.09090909090909091,0.40909090909090906
32,6,24,25,10,2,0,2,0,1.0,0.0,0.0,0.0
32,6,24,25,11,1,1,4,0,0.8,1.0,0.0,1.0
32,6,24,25,12,3,0,5,0,1.875,0.0,0.0,0.0
32,6,24,25,13,1,0,8,0,0.8888888888888888,0.0,0.0,0.0
32,6,24,25,14,4,0,8,0,2.6666666666666665,0.0,0.0,0.0
32,6,24,25,15,2,0,10,0,1.6666666666666667,0.0,0.0,0.0
32,6,24,25,16,2,0,12,0,1.7142857142857142,0.0,0.0,0.0
32,6,24,25,17,2,0,13,0,1.7333333333333334,0.0,0.0,0.0
32,6,24,25,18,1,0,15,0,0.9375,0.0,0.0,0.0
32,6,24,25,19,1,0,13,0,0.9285714285714286,0.0,0.0,0.0
32,6,24,25,20,2,0,12,0,1.7142857142857142,0.0,0.0,0.0
32,6,32,33,9,1,0,3,0,0.75,0.0,0.0,0.0
32,6,32,33,11,1,0,7,0,0.875,0.0,0.0,0.0
32,6,32,33,12,1,0,9,0,0.9,0.0,0.0,0.0
32,6,32,33,13,2,0,10,0,1.6666666666666667,0.0,0.0,0.0
32,6,32,33,15,2,0,12,0,1.7142857142857142,0.0,0.0,0.0
32,6,40,41,9,1,0,3,0,0.75,0.0,0.0,0.0
32,6,40,41,12,1,0,10,0,0.9090909090909091,0.0,0.0,0.0
32,6,48,49,12,1,0,10,0,0.9090909090909091,0.0,0.0,0.0
32,6,48,49,19,1,0,15,0,0.9375,0.0,0.0,0.0
32,6,48,49,21,2,0,10,0,1.6666666666666667,0.0,0.0,0.0
32,6,48,49,22,3,0,10,0,2.3076923076923075,0.0,0.0,0.0
32,6,56,57,11,1,0,8,0,0.8888888888888888,0.0,0.0,0.0
32,6,64,65,7,1,0,1,0,0.5,0.0,0.0,0.0
32,6,64,65,11,1,0,8,0,0.8888888888888888,0.0,0.0,0.0
32,6,72,73,10,1,0,6,0,0.8571428571428571,0.0,0.0,0.0
32,6,80,81,6,2,0,1,0,0.6666666666666666,0.0,0.0,0.0
32,6,80,81,7,1,0,2,0,0.6666666666666666,0.0,0.0,0.0
32,6,80,81,8,1,0,2,0,0.6666666666666666,0.0,0.0,0.0
32,6,80,81,9,2,0,4,0,1.3333333333333333,0.0,0.0,0.0
32,6,88,89,6,1,0,2,0,0.6666666666666666,0.0,0.0,0.0
32,6,88,89,7,1,0,2,0,0.6666666666666666,0.0,0.0,0.0
32,6,88,89,8,1,0,2,0,0.6666666666666666,0.0,0.0,0.0
32,6,88,89,9,2,0,4,0,1.3333333333333333,0.0,0.0,0.0
32,6,96,97,7,1,0,3,0,0.75,0.0,0.0,0.0
32,6,96,97,8,2,0,3,0,1.2,0.0,0.0,0.0
32,6,104,105,5,1,0,2,0,0.6666666666666666,0.0,0.0,0.0
32,6,104,105,7,2,0,3,0,1.2,0.0,0.0,0.0
32,6,104,105,8,1,0,4,0,0.8,0.0,0.0,0.0
32,6,112,113,6,1,0,3,0,0.75,0.0,0.0,0.0
32,6,112,113,7,2,0,4,0,1.3333333333333333,0.0,0.0,0.0
32,6,120,121,5,1,0,3,0,0.75,0.0,0.0,0.0
32,6,120,121,6,2,0,4,0,1.3333333333333333,0.0,0.0,0.0
32,6,128,129,2,1,0,1,0,0.5,0.0,0.0,0.0
32,6,128,129,3,1,0,2,0,0.6666666666666666,0.0,0.0,0.0
32,6,128,129,4,2,0,3,0,1.2,0.0,0.0,0.0
32,6,128,129,5,2,0,4,0,1.3333333333333333,0.0,0.0,0.0
32,7,8,9,8,3,2,3,0,1.5,0.6666666666666666,0.0,0.6666666666666666
32,7,16,17,9,2,1,3,0,1.2,0.5,0.0,0.5
32,7,16,17,10,2,0,5,0,1.4285714285714286,0.0,0.0,0.0
32,7,24,25,11,1,0,7,0,0.875,0.0,0.0,0.0
32,7,24,25,12,4,2,8,0,2.6666666666666665,0.5,0.0,0.5
32,7,24,25,13,2,0,7,0,1.5555555555555556,0.0,0.0,0.0
32,7,24,25,14,3,2,8,0,2.1818181818181817,0.6666666666666666,0.0,0.6666666666666666
32,7,24,25,15,2,0,6,0,1.5,0.0,0.0,0.0
32,7,24,25,16,1,0,10,0,0.9090909090909091,0.0,0.0,0.0
32,7,32,33,11,3,0,7,0,2.1,0.0,0.0,0.0
32,7,32,33,13,1,0,12,0,0.9230769230769231,0.0,0.0,0.0
32,7,32,33,14,1,0,12,0,0.9230769230769231,0.0,0.0,0.0
32,7,32,33,16,4,0,7,0,2.5454545454545454,0.0,0.0,0.0
32,7,32,33,19,2,0,8,0,1.6,0.0,0.0,0.0
32,7,32,33,20,1,0,8,0,0.8888888888888888,0.0,0.0,0.0
32,7,32,33,21,1,0,8,0,0.8888888888888888,0.0,0.0,0.0
32,7,40,41,10,1,0,6,0,0.8571428571428571,0.0,0.0,0.0
32,7,40,41,15,2,0,8,0,1.6,0.0,0.0,0.0
32,7,40,41,17,3,0,6,0,2.0,0.0,0.0,0.0
32,7,40,41,18,3,0,5,0,1.875,0.0,0.0,0.0
32,7,40,41,19,2,0,7,0,1.5555555555555556,0.0,0.0,0.0
32,7,40,41,20,1,1,9,0,0.9,1.0,0.0,1.0
32,7,48,49,9,1,0,5,0,0.8333333333333334,0.0,0.0,0.0
32,7,56,57,9,1,0,5,0,0.8333333333333334,0.0,0.0,0.0
32,7,64,65,8,1,0,3,0,0.75,0.0,0.0,0.0
32,7,64,65,9,1,0,6,0,0.8571428571428571,0.0,0.0,0.0
32,7,72,73,7,1,1,1,0,0.5,1.0,0.0,1.0
32,7,72,73,8,1,0,3,0,0.75,0.0,0.0,0.0
32,7,72,73,9,1,0,6,0,0.8571428571428571,0.0,0.0,0.0
32,7,80,81,6,2,0,1,0,0.6666666666666666,0.0,0.0,0.0
32,7,80,81,7,3,0,1,0,0.75,0.0,0.0,0.0
32,7,80,81,8,1,0,4,0,0.8,0.0,0.0,0.0
32,7,80,81,10,1,0,7,0,0.875,0.0,0.0,0.0
32,7,88,89,5,2,0,2,0,1.0,0.0,0.0,0.0
32,7,88,89,6,3,0,4,0,1.7142857142857142,0.0,0.0,0.0
32,7,96,97,3,2,0,2,0,1.0,0.0,0.0,0.0
32,7,96,97,4,2,0,4,0,1.3333333333333333,0.0,0.0,0.0
32,7,96,97,5,1,0,7,0,0.875,0.0,0.0,0.0
32,7,96,97,7,1,0,5,0,0.8333333333333334,0.0,0.0,0.0
32,7,104,105,2,4,0,2,0,1.3333333333333333,0.0,0.0,0.0
32,7,104,105,3,1,0,5,0,0.8333333333333334,0.0,0.0,0.0
32,7,104,105,4,1,0,7,0,0.875,0.0,0.0,0.0
32,8,8,9,7,1,0,3,1,0.75,0.0,0.3333333333333333,-0.3333333333333333
32,8,8,9,8,2,0,4,0,1.3333333333333333,0.0,0.0,0.0
32,8,80,81,4,1,0,1,0,0.5,0.0,0.0,0.0
32,8,88,89,4,2,0,2,0,1.0,0.0,0.0,0.0
32,8,96,97,2,3,0,1,0,0.75,0.0,0.0,0.0
32,8,96,97,3,1,0,4,0,0.8,0.0,0.0,0.0
32,8,96,97,4,1,0,4,0,0.8,0.0,0.0,0.0
32,8,104,105,1,1,0,1,0,0.5,0.0,0.0,0.0
32,8,104,105,2,6,0,1,0,0.8571428571428571,0.0,0.0,0.0
32,8,104,105,3,2,0,5,0,1.4285714285714286,0.0,0.0,0.0
32,8,104,105,5,1,0,2,0,0.6666666666666666,0.0,0.0,0.0
32,8,104,105,6,1,0,3,0,0.75,0.0,0.0,0.0
32,8,112,113,2,3,0,5,0,1.875,0.0,0.0,0.0
32,8,112,113,3,1,0,6,0,0.8571428571428571,0.0,0.0,0.0
32,8,112,113,4,1,0,5,0,0.8333333333333334,0.0,0.0,0.0
32,8,112,113,5,1,0,3,0,0.75,0.0,0.0,0.0
32,8,120,121,2,2,0,6,0,1.5,0.0,0.0,0.0
32,8,120,121,4,2,0,7,0,1.5555555555555556,0.0,0.0,0.0
32,9,8,9,8,1,1,9,0,0.9,1.0,0.0,1.0
32,9,8,9,9,1,0,12,0,0.9230769230769231,0.0,0.0,0.0
32,9,16,17,8,7,3,1,0,0.875,0.42857142857142855,0.0,0.42857142857142855
32,9,16,17,9,3,1,7,0,2.1,0.3333333333333333,0.0,0.3333333333333333
32,9,16,17,10,3,0,9,1,2.25,0.0,0.1111111111111111,-0.1111111111111111
32,9,16,17,11,1,0,12,0,0.9230769230769231,0.0,0.0,0.0
32,9,16,17,12,3,1,12,0,2.4,0.3333333333333333,0.0,0.3333333333333333
32,9,24,25,9,3,1,3,0,1.5,0.3333333333333333,0.0,0.3333333333333333
32,9,24,25,10,3,1,4,0,1.7142857142857142,0.3333333333333333,0.0,0.3333333333333333
32,9,24,25,11,8,1,3,0,2.1818181818181817,0.125,0.0,0.125
32,9,24,25,12,5,0,9,0,3.2142857142857144,0.0,0.0,0.0
32,9,24,25,13,1,0,13,0,0.9285714285714286,0.0,0.0,0.0
32,9,24,25,14,2,1,11,1,1.6923076923076923,0.5,0.09090909090909091,0.40909090909090906
32,9,24,25,15,1,0,10,0,0.9090909090909091,0.0,0.0,0.0
32,9,24,25,16,1,0,9,0,0.9,0.0,0.0,0.0
32,9,24,25,17,1,0,8,0,0.8888888888888888,0.0,0.0,0.0
32,9,32,33,6,2,0,1,0,0.6666666666666666,0.0,0.0,0.0
32,9,32,33,7,2,0,3,0,1.2,0.0,0.0,0.0
32,9,32,33,8,2,0,5,0,1.4285714285714286,0.0,0.0,0.0
32,9,32,33,9,3,0,7,0,2.1,0.0,0.0,0.0
32,9,32,33,10,2,0,7,0,1.5555555555555556,0.0,0.0,0.0
32,9,32,33,11,1,0,8,0,0.8888888888888888,0.0,0.0,0.0
32,9,32,33,12,3,1,9,0,2.25,0.3333333333333333,0.0,0.3333333333333333
32,9,40,41,3,2,0,2,0,1.0,0.0,0.0,0.0
32,9,40,41,5,2,0,4,0,1.3333333333333333,0.0,0.0,0.0
32,9,40,41,6,1,0,4,0,0.8,0.0,0.0,0.0
32,9,40,41,7,1,0,8,0,0.8888888888888888,0.0,0.0,0.0
32,9,40,41,8,1,0,10,0,0.9090909090909091,0.0,0.0,0.0
32,9,40,41,9,1,0,11,0,0.9166666666666666,0.0,0.0,0.0
32,9,40,41,10,3,0,10,0,2.3076923076923075,0.0,0.0,0.0
32,9,40,41,11,1,0,12,0,0.9230769230769231,0.0,0.0,0.0
32,9,40,41,12,1,0,12,0,0.9230769230769231,0.0,0.0,0.0
32,9,40,41,14,2,0,10,0,1.6666666666666667,0.0,0.0,0.0
32,9,40,41,16,1,0,9,0,0.9,0.0,0.0,0.0
32,9,48,49,1,2,0,2,0,1.0,0.0,0.0,0.0
32,9,48,49,3,1,0,5,0,0.8333333333333334,0.0,0.0,0.0
32,9,48,49,10,2,0,12,0,1.7142857142857142,0.0,0.0,0.0
32,9,48,49,11,2,0,12,0,1.7142857142857142,0.0,0.0,0.0
32,9,48,49,13,1,0,12,0,0.9230769230769231,0.0,0.0,0.0
32,10,8,9,7,2,0,1,0,0.6666666666666666,0.0,0.0,0.0
32,10,8,9,8,4,0,2,0,1.3333333333333333,0.0,0.0,0.0
32,10,16,17,8,2,0,2,0,1.0,0.0,0.0,0.0
32,10,16,17,9,2,0,2,0,1.0,0.0,0.0,0.0
32,10,16,17,10,2,0,3,1,1.2,0.0,0.3333333333333333,-0.3333333333333333
32,10,16,17,11,2,0,3,0,1.2,0.0,0.0,0.0
32,10,24,25,8,2,0,1,0,0.6666666666666666,0.0,0.0,0.0
32,10,24,25,9,3,0,2,0,1.2,0.0,0.0,0.0
32,10,24,25,10,1,0,5,0,0.8333333333333334,0.0,0.0,0.0
32,10,32,33,6,1,0,3,0,0.75,0.0,0.0,0.0
32,10,32,33,7,2,0,5,0,1.4285714285714286,0.0,0.0,0.0
32,10,32,33,16,1,0,9,0,0.9,0.0,0.0,0.0
32,10,32,33,18,3,0,9,0,2.25,0.0,0.0,0.0
32,10,40,41,4,4,0,1,0,0.8,0.0,0.0,0.0
32,10,40,41,5,1,0,5,0,0.8333333333333334,0.0,0.0,0.0
32,10,48,49,2,1,0,3,0,0.75,0.0,0.0,0.0
32,11,8,9,8,3,0,5,0,1.875,0.0,0.0,0.0
32,11,16,17,3,1,0,1,0,0.5,0.0,0.0,0.0
32,11,16,17,5,1,0,1,0,0.5,0.0,0.0,0.0
32,11,16,17,9,1,1,3,0,0.75,1.0,0.0,1.0
32,11,16,17,10,1,1,4,0,0.8,1.0,0.0,1.0
32,11,16,17,11,4,1,5,0,2.2222222222222223,0.25,0.0,0.25
32,11,16,17,12,1,0,11,1,0.9166666666666666,0.0,0.09090909090909091,-0.09090909090909091
32,11,16,17,13,2,0,11,0,1.6923076923076923,0.0,0.0,0.0
32,11,24,25,2,1,0,6,0,0.8571428571428571,0.0,0.0,0.0
32,11,24,25,3,1,0,6,0,0.8571428571428571,0.0,0.0,0.0
32,11,24,25,4,2,0,4,0,1.3333333333333333,0.0,0.0,0.0
32,11,24,25,5,1,0,4,0,0.8,0.0,0.0,0.0
32,11,24,25,6,1,0,4,0,0.8,0.0,0.0,0.0
32,11,24,25,7,1,0,3,0,0.75,0.0,0.0,0.0
32,11,24,25,8,1,0,4,0,0.8,0.0,0.0,0.0
32,11,24,25,9,2,1,5,0,1.4285714285714286,0.5,0.0,0.5
32,11,24,25,10,1,0,7,0,0.875,0.0,0.0,0.0
32,11,24,25,11,2,1,8,0,1.6,0.5,0.0,0.5
32,11,32,33,6,1,0,8,0,0.8888888888888888,0.0,0.0,0.0
32,11,32,33,9,1,0,5,0,0.8333333333333334,0.0,0.0,0.0
32,11,32,33,10,1,0,5,0,0.8333333333333334,0.0,0.0,0.0
32,11,32,33,11,1,0,5,0,0.8333333333333334,0.0,0.0,0.0
32,11,32,33,12,3,0,7,0,2.1,0.0,0.0,0.0
32,11,32,33,13,2,0,10,1,1.6666666666666667,0.0,0.1,-0.1
32,11,32,33,14,1,0,13,0,0.9285714285714286,0.0,0.0,0.0
32,11,48,49,12,1,0,12,0,0.9230769230769231,0.0,0.0,0.0
32,11,48,49,14,2,0,11,0,1.6923076923076923,0.0,0.0,0.0
32,11,48,49,15,2,0,10,0,1.6666666666666667,0.0,0.0,0.0
32,11,48,49,16,1,0,11,0,0.9166666666666666,0.0,0.0,0.0
32,11,56,57,13,1,0,12,0,0.9230769230769231,0.0,0.0,0.0
32,11,56,57,15,2,0,11,0,1.6923076923076923,0.0,0.0,0.0
32,11,56,57,16,1,0,10,0,0.9090909090909091,0.0,0.0,0.0
32,11,56,57,17,3,0,7,0,2.1,0.0,0.0,0.0
32,11,56,57,18,1,0,6,1,0.8571428571428571,0.0,0.16666666666666666,-0.16666666666666666
32,11,56,57,19,2,0,4,0,1.3333333333333333,0.0,0.0,0.0
32,11,64,65,13,1,0,12,0,0.9230769230769231,0.0,0.0,0.0
32,11,64,65,15,1,0,12,0,0.9230769230769231,0.0,0.0,0.0
32,11,64,65,16,1,0,11,0,0.9166666666666666,0.0,0.0,0.0
32,11,64,65,17,2,0,8,0,1.6,0.0,0.0,0.0
32,11,64,65,18,1,0,5,0,0.8333333333333334,0.0,0.0,0.0
32,11,64,65,20,2,1,1,0,0.6666666666666666,0.5,0.0,0.5
32,11,72,73,17,2,0,9,0,1.6363636363636365,0.0,0.0,0.0
32,11,72,73,18,2,0,6,0,1.5,0.0,0.0,0.0
32,11,72,73,19,2,0,3,0,1.2,0.0,0.0,0.0
32,11,80,81,15,1,0,12,0,0.9230769230769231,0.0,0.0,0.0
32,11,80,81,17,2,0,9,0,1.6363636363636365,0.0,0.0,0.0
32,11,80,81,19,2,0,4,0,1.3333333333333333,0.0,0.0,0.0
32,11,80,81,20,1,0,1,0,0.5,0.0,0.0,0.0
32,11,88,89,17,2,0,9,0,1.6363636363636365,0.0,0.0,0.0
32,11,88,89,19,2,0,4,0,1.3333333333333333,0.0,0.0,0.0
32,12,8,9,8,3,0,4,0,1.7142857142857142,0.0,0.0,0.0
32,12,32,33,7,2,0,1,0,0.6666666666666666,0.0,0.0,0.0
32,12,40,41,3,5,1,1,0,0.8333333333333334,0.2,0.0,0.2
32,12,40,41,4,1,0,4,0,0.8,0.0,0.0,0.0
32,12,40,41,5,1,0,5,0,0.8333333333333334,0.0,0.0,0.0
32,12,40,41,6,2,0,6,0,1.5,0.0,0.0,0.0
32,12,48,49,1,2,0,2,0,1.0,0.0,0.0,0.0
32,12,48,49,3,1,0,7,0,0.875,0.0,0.0,0.0
32,13,8,9,8,2,1,3,0,1.2,0.5,0.0,0.5
32,13,8,9,9,1,0,6,0,0.8571428571428571,0.0,0.0,0.0
32,13,16,17,7,1,0,2,0,0.6666666666666666,0.0,0.0,0.0
32,13,16,17,8,1,0,3,0,0.75,0.0,0.0,0.0
32,13,16,17,11,3,1,6,0,2.0,0.3333333333333333,0.0,0.3333333333333333
32,13,24,25,2,1,0,1,0,0.5,0.0,0.0,0.0
32,13,24,25,3,3,0,2,0,1.2,0.0,0.0,0.0
32,13,24,25,4,1,0,5,0,0.8333333333333334,0.0,0.0,0.0
32,13,24,25,5,2,0,4,0,1.3333333333333333,0.0,0.0,0.0
32,13,24,25,6,2,0,4,0,1.3333333333333333,0.0,0.0,0.0
32,13,24,25,7,1,0,3,0,0.75,0.0,0.0,0.0
32,13,24,25,8,2,0,1,0,0.6666666666666666,0.0,0.0,0.0
32,13,24,25,9,2,0,2,0,1.0,0.0,0.0,0.0
32,13,24,25,10,2,0,2,0,1.0,0.0,0.0,0.0
32,13,24,25,11,2,1,4,0,1.3333333333333333,0.5,0.0,0.5
32,13,24,25,12,2,0,5,0,1.4285714285714286,0.0,0.0,0.0
32,13,24,25,13,2,1,7,0,1.5555555555555556,0.5,0.0,0.5
32,13,32,33,6,1,0,7,0,0.875,0.0,0.0,0.0
32,13,32,33,15,1,0,10,0,0.9090909090909091,0.0,0.0,0.0
32,13,40,41,6,1,0,7,0,0.875,0.0,0.0,0.0
32,13,40,41,8,1,0,3,0,0.75,0.0,0.0,0.0
32,13,40,41,10,1,0,1,0,0.5,0.0,0.0,0.0
32,13,40,41,12,1,0,4,0,0.8,0.0,0.0,0.0
32,13,40,41,13,1,0,6,0,0.8571428571428571,0.0,0.0,0.0
32,13,40,41,14,1,0,9,0,0.9,0.0,0.0,0.0
32,13,48,49,7,1,0,5,0,0.8333333333333334,0.0,0.0,0.0
32,13,48,49,8,1,0,4,0,0.8,0.0,0.0,0.0
32,13,48,49,9,2,0,2,0,1.0,0.0,0.0,0.0
32,13,48,49,10,3,0,1,0,0.75,0.0,0.0,0.0
32,13,48,49,11,2,0,3,0,1.2,0.0,0.0,0.0
32,13,48,49,12,1,0,5,0,0.8333333333333334,0.0,0.0,0.0
32,13,48,49,13,2,0,6,0,1.5,0.0,0.0,0.0
32,13,56,57,7,1,0,5,0,0.8333333333333334,0.0,0.0,0.0
32,13,56,57,8,1,0,4,0,0.8,0.0,0.0,0.0
32,13,56,57,9,3,0,3,0,1.5,0.0,0.0,0.0
32,13,56,57,10,1,0,5,0,0.8333333333333334,0.0,0.0,0.0
32,13,56,57,11,1,0,7,0,0.875,0.0,0.0,0.0
32,13,56,57,13,1,0,8,0,0.8888888888888888,0.0,0.0,0.0
32,14,8,9,8,3,0,1,0,0.75,0.0,0.0,0.0
32,14,32,33,12,3,0,2,0,1.2,0.0,0.0,0.0
32,14,32,33,13,4,2,4,1,2.0,0.5,0.25,0.25
32,14,40,41,13,3,0,4,0,1.7142857142857142,0.0,0.0,0.0
32,14,40,41,14,2,0,5,0,1.4285714285714286,0.0,0.0,0.0
32,14,48,49,12,4,0,1,0,0.8,0.0,0.0,0.0
32,14,48,49,13,2,0,5,0,1.4285714285714286,0.0,0.0,0.0
32,14,48,49,14,2,0,5,0,1.4285714285714286,0.0,0.0,0.0
32,14,56,57,11,3,0,1,0,0.75,0.0,0.0,0.0
32,14,56,57,12,2,0,5,0,1.4285714285714286,0.0,0.0,0.0
32,14,56,57,17,1,0,1,0,0.5,0.0,0.0,0.0
32,14,56,57,19,2,0,3,0,1.2,0.0,0.0,0.0
32,14,72,73,19,1,0,4,0,0.8,0.0,0.0,0.0
32,14,72,73,21,2,0,4,0,1.3333333333333333,0.0,0.0,0.0
32,14,72,73,22,2,0,5,0,1.4285714285714286,0.0,0.0,0.0
32,14,72,73,23,2,0,6,0,1.5,0.0,0.0,0.0
32,14,152,153,8,1,0,1,0,0.5,0.0,0.0,0.0
32,14,160,161,9,1,0,1,0,0.5,0.0,0.0,0.0
32,14,160,161,10,1,0,3,0,0.75,0.0,0.0,0.0
32,14,168,169,5,2,0,1,0,0.6666666666666666,0.0,0.0,0.0
32,14,168,169,6,1,0,1,0,0.5,0.0,0.0,0.0
32,14,168,169,8,1,0,2,0,0.6666666666666666,0.0,0.0,0.0
32,14,168,169,9,1,0,2,0,0.6666666666666666,0.0,0.0,0.0
32,14,176,177,4,2,0,1,0,0.6666666666666666,0.0,0.0,0.0
32,14,176,177,5,3,0,2,0,1.2,0.0,0.0,0.0
32,14,176,177,6,3,0,1,0,0.75,0.0,0.0,0.0
32,14,176,177,7,3,0,1,0,0.75,0.0,0.0,0.0
32,14,176,177,8,1,0,2,0,0.6666666666666666,0.0,0.0,0.0
32,14,176,177,9,1,0,2,0,0.6666666666666666,0.0,0.0,0.0
32,14,184,185,4,3,1,1,0,0.75,0.3333333333333333,0.0,0.3333333333333333
32,14,184,185,5,4,0,2,0,1.3333333333333333,0.0,0.0,0.0
32,14,184,185,6,3,0,3,0,1.5,0.0,0.0,0.0
32,14,184,185,7,1,0,3,0,0.75,0.0,0.0,0.0
32,14,184,185,8,1,0,2,0,0.6666666666666666,0.0,0.0,0.0
32,14,184,185,9,1,0,2,0,0.6666666666666666,0.0,0.0,0.0
32,14,192,193,2,1,0,5,0,0.8333333333333334,0.0,0.0,0.0
32,14,192,193,3,1,0,4,0,0.8,0.0,0.0,0.0
32,14,192,193,4,3,0,3,0,1.5,0.0,0.0,0.0
32,14,192,193,5,1,0,5,0,0.8333333333333334,0.0,0.0,0.0
32,14,192,193,6,2,0,4,0,1.3333333333333333,0.0,0.0,0.0
32,14,200,201,2,1,0,5,0,0.8333333333333334,0.0,0.0,0.0
32,14,200,201,4,4,0,3,0,1.7142857142857142,0.0,0.0,0.0
32,14,200,201,6,2,0,4,0,1.3333333333333333,0.0,0.0,0.0
32,14,208,209,2,1,0,5,0,0.8333333333333334,0.0,0.0,0.0
32,14,208,209,4,3,0,4,0,1.7142857142857142,0.0,0.0,0.0
32,15,8,9,7,5,4,1,1,0.8333333333333334,0.8,1.0,-0.19999999999999996
32,15,8,9,8,4,2,5,0,2.2222222222222223,0.5,0.0,0.5
32,15,8,9,9,2,0,9,0,1.6363636363636365,0.0,0.0,0.0
32,15,16,17,7,1,0,2,0,0.6666666666666666,0.0,0.0,0.0
32,15,16,17,8,3,0,1,0,0.75,0.0,0.0,0.0
32,15,16,17,9,3,0,1,1,0.75,0.0,1.0,-1.0
32,15,16,17,10,2,0,1,0,0.6666666666666666,0.0,0.0,0.0
32,15,16,17,11,4,0,2,0,1.3333333333333333,0.0,0.0,0.0
32,15,16,17,12,3,1,5,0,1.875,0.3333333333333333,0.0,0.3333333333333333
32,15,24,25,6,1,1,3,0,0.75,1.0,0.0,1.0
32,15,24,25,7,1,0,4,0,0.8,0.0,0.0,0.0
32,15,24,25,8,2,0,5,0,1.4285714285714286,0.0,0.0,0.0
32,15,24,25,9,1,0,6,0,0.8571428571428571,0.0,0.0,0.0
32,15,24,25,12,2,0,5,0,1.4285714285714286,0.0,0.0,0.0
32,15,24,25,13,3,1,6,0,2.0,0.3333333333333333,0.0,0.3333333333333333
32,15,24,25,15,4,2,6,0,2.4,0.5,0.0,0.5
32,15,24,25,16,2,0,6,0,1.5,0.0,0.0,0.0
32,15,24,25,17,1,1,5,0,0.8333333333333334,1.0,0.0,1.0
32,15,24,25,18,1,0,5,0,0.8333333333333334,0.0,0.0,0.0
32,15,24,25,19,2,1,3,0,1.2,0.5,0.0,0.5
32,15,32,33,5,1,0,1,0,0.5,0.0,0.0,0.0
32,15,32,33,6,1,0,3,0,0.75,0.0,0.0,0.0
32,15,32,33,7,3,0,4,0,1.7142857142857142,0.0,0.0,0.0
32,15,32,33,9,2,0,7,0,1.5555555555555556,0.0,0.0,0.0
32,15,32,33,10,1,0,9,0,0.9,0.0,0.0,0.0
32,15,32,33,11,1,0,9,0,0.9,0.0,0.0,0.0
32,15,40,41,4,1,0,1,0,0.5,0.0,0.0,0.0
32,15,40,41,5,2,0,2,0,1.0,0.0,0.0,0.0
32,15,40,41,6,2,0,5,0,1.4285714285714286,0.0,0.0,0.0
32,15,40,41,8,2,0,7,0,1.5555555555555556,0.0,0.0,0.0
32,15,40,41,9,1,1,9,0,0.9,1.0,0.0,1.0
32,15,48,49,2,1,0,2,0,0.6666666666666666,0.0,0.0,0.0
32,15,48,49,3,5,0,1,0,0.8333333333333334,0.0,0.0,0.0
32,15,48,49,4,2,0,5,0,1.4285714285714286,0.0,0.0,0.0
32,15,48,49,5,1,0,5,0,0.8333333333333334,0.0,0.0,0.0
32,15,48,49,7,2,0,7,0,1.5555555555555556,0.0,0.0,0.0
32,15,48,49,8,1,0,9,0,0.9,0.0,0.0,0.0
32,15,56,57,7,2,0,10,0,1.6666666666666667,0.0,0.0,0.0
32,15,56,57,9,1,0,10,0,0.9090909090909091,0.0,0.0,0.0
32,16,8,9,8,3,3,3,0,1.5,1.0,0.0,1.0
32,16,16,17,11,1,1,7,0,0.875,1.0,0.0,1.0
32,16,24,25,9,3,0,1,0,0.75,0.0,0.0,0.0
32,16,24,25,10,2,1,3,0,1.2,0.5,0.0,0.5
32,16,24,25,12,3,1,4,0,1.7142857142857142,0.3333333333333333,0.0,0.3333333333333333
32,16,24,25,13,1,0,5,0,0.8333333333333334,0.0,0.0,0.0
32,16,24,25,14,2,0,4,0,1.3333333333333333,0.0,0.0,0.0
32,16,24,25,15,3,1,3,0,1.5,0.3333333333333333,0.0,0.3333333333333333
32,16,24,25,16,4,2,2,0,1.3333333333333333,0.5,0.0,0.5
32,16,24,25,17,3,0,4,0,1.7142857142857142,0.0,0.0,0.0
32,16,24,25,18,1,0,5,0,0.8333333333333334,0.0,0.0,0.0
32,16,32,33,11,2,0,1,0,0.6666666666666666,0.0,0.0,0.0
32,16,32,33,12,2,0,1,0,0.6666666666666666,0.0,0.0,0.0
32,16,32,33,13,5,0,1,0,0.8333333333333334,0.0,0.0,0.0
32,16,32,33,14,3,1,4,0,1.7142857142857142,0.3333333333333333,0.0,0.3333333333333333
32,16,32,33,15,2,0,5,0,1.4285714285714286,0.0,0.0,0.0
32,16,32,33,16,1,0,6,0,0.8571428571428571,0.0,0.0,0.0
32,16,32,33,17,1,0,7,0,0.875,0.0,0.0,0.0
32,16,40,41,9,2,0,3,0,1.2,0.0,0.0,0.0
32,16,40,41,11,3,0,4,0,1.7142857142857142,0.0,0.0,0.0
32,16,40,41,12,2,0,4,0,1.3333333333333333,0.0,0.0,0.0
32,16,40,41,13,2,0,6,0,1.5,0.0,0.0,0.0
32,16,40,41,14,1,0,7,0,0.875,0.0,0.0,0.0
32,16,40,41,15,2,0,7,0,1.5555555555555556,0.0,0.0,0.0
32,16,40,41,16,1,0,8,0,0.8888888888888888,0.0,0.0,0.0
32,16,48,49,1,1,0,1,1,0.5,0.0,1.0,-1.0
32,16,48,49,2,1,0,1,0,0.5,0.0,0.0,0.0
32,16,48,49,3,1,0,1,0,0.5,0.0,0.0,0.0
32,16,48,49,11,1,0,7,0,0.875,0.0,0.0,0.0
32,16,56,57,2,3,0,1,0,0.75,0.0,0.0,0.0
32,16,56,57,4,2,0,2,0,1.0,0.0,0.0,0.0
32,16,56,57,5,1,0,2,0,0.6666666666666666,0.0,0.0,0.0
32,16,56,57,6,2,0,1,0,0.6666666666666666,0.0,0.0,0.0
32,16,56,57,7,1,0,1,0,0.5,0.0,0.0,0.0
32,16,56,57,9,1,0,5,0,0.8333333333333334,0.0,0.0,0.0
32,16,56,57,10,1,0,6,0,0.8571428571428571,0.0,0.0,0.0
32,16,64,65,4,2,0,4,0,1.3333333333333333,0.0,0.0,0.0
32,16,64,65,5,2,0,2,0,1.0,0.0,0.0,0.0
32,16,64,65,6,1,0,3,0,0.75,0.0,0.0,0.0
32,16,64,65,7,3,0,2,0,1.2,0.0,0.0,0.0
32,16,64,65,8,2,0,4,0,1.3333333333333333,0.0,0.0,0.0
32,17,8,9,8,5,2,1,0,0.8333333333333334,0.4,0.0,0.4
32,17,24,25,7,1,0,1,0,0.5,0.0,0.0,0.0
32,17,24,25,8,1,0,1,0,0.5,0.0,0.0,0.0
32,17,24,25,9,1,0,1,0,0.5,0.0,0.0,0.0
32,17,24,25,10,1,0,1,0,0.5,0.0,0.0,0.0
32,17,24,25,17,2,0,3,0,1.2,0.0,0.0,0.0
32,17,24,25,19,1,0,6,0,0.8571428571428571,0.0,0.0,0.0
32,17,24,25,20,2,1,6,0,1.5,0.5,0.0,0.5
32,17,24,25,22,2,0,3,0,1.2,0.0,0.0,0.0
32,17,32,33,5,1,0,2,0,0.6666666666666666,0.0,0.0,0.0
32,17,32,33,7,1,0,3,0,0.75,0.0,0.0,0.0
32,17,32,33,8,1,0,3,0,0.75,0.0,0.0,0.0
32,17,32,33,9,1,0,3,0,0.75,0.0,0.0,0.0
32,17,32,33,10,2,0,2,0,1.0,0.0,0.0,0.0
32,17,40,41,2,1,0,1,0,0.5,0.0,0.0,0.0
32,17,40,41,4,1,0,2,0,0.6666666666666666,0.0,0.0,0.0
32,17,40,41,5,1,0,3,0,0.75,0.0,0.0,0.0
32,17,40,41,6,1,0,4,0,0.8,0.0,0.0,0.0
32,17,40,41,7,1,0,5,0,0.8333333333333334,0.0,0.0,0.0
32,17,40,41,8,2,0,4,0,1.3333333333333333,0.0,0.0,0.0
32,17,48,49,2,1,0,2,0,0.6666666666666666,0.0,0.0,0.0
32,17,48,49,4,2,0,3,0,1.2,0.0,0.0,0.0
32,18,8,9,8,5,1,4,0,2.2222222222222223,0.2,0.0,0.2
32,18,16,17,11,6,5,3,0,2.0,0.8333333333333334,0.0,0.8333333333333334
32,18,16,17,12,2,1,9,1,1.6363636363636365,0.5,0.1111111111111111,0.3888888888888889
32,18,24,25,7,2,0,2,0,1.0,0.0,0.0,0.0
32,18,24,25,8,2,0,3,0,1.2,0.0,0.0,0.0
32,18,24,25,10,3,0,3,0,1.5,0.0,0.0,0.0
32,18,24,25,12,3,0,7,0,2.1,0.0,0.0,0.0
32,18,24,25,14,1,0,11,0,0.9166666666666666,0.0,0.0,0.0
32,18,24,25,15,1,0,11,0,0.9166666666666666,0.0,0.0,0.0
32,18,24,25,17,1,0,8,0,0.8888888888888888,0.0,0.0,0.0
32,18,32,33,5,1,0,2,0,0.6666666666666666,0.0,0.0,0.0
32,18,32,33,6,1,0,3,0,0.75,0.0,0.0,0.0
32,18,32,33,7,2,0,5,0,1.4285714285714286,0.0,0.0,0.0
32,18,32,33,9,1,0,9,0,0.9,0.0,0.0,0.0
32,18,32,33,10,1,0,8,0,0.8888888888888888,0.0,0.0,0.0
32,18,32,33,11,1,0,9,0,0.9,0.0,0.0,0.0
32,18,32,33,12,1,0,10,0,0.9090909090909091,0.0,0.0,0.0
32,18,32,33,13,2,0,11,0,1.6923076923076923,0.0,0.0,0.0
32,18,40,41,3,2,0,3,0,1.2,0.0,0.0,0.0
32,19,8,9,8,7,5,1,0,0.875,0.7142857142857143,0.0,0.7142857142857143
32,19,8,9,9,2,0,4,0,1.3333333333333333,0.0,0.0,0.0
32,19,24,25,3,6,0,1,0,0.8571428571428571,0.0,0.0,0.0
32,19,24,25,4,1,0,2,0,0.6666666666666666,0.0,0.0,0.0
32,19,24,25,5,4,0,1,0,0.8,0.0,0.0,0.0
32,19,24,25,7,4,1,1,0,0.8,0.25,0.0,0.25
32,19,24,25,8,1,0,2,0,0.6666666666666666,0.0,0.0,0.0
32,19,24,25,11,1,0,1,0,0.5,0.0,0.0,0.0
32,19,32,33,8,2,0,8,0,1.6,0.0,0.0,0.0
32,19,32,33,10,1,0,2,0,0.6666666666666666,0.0,0.0,0.0
32,19,40,41,11,1,0,1,0,0.5,0.0,0.0,0.0
32,20,8,9,6,1,0,4,0,0.8,0.0,0.0,0.0
32,20,8,9,7,2,0,5,0,1.4285714285714286,0.0,0.0,0.0
32,20,8,9,8,4,2,6,0,2.4,0.5,0.0,0.5
32,20,8,9,9,1,0,8,0,0.8888888888888888,0.0,0.0,0.0
32,20,16,17,4,1,0,1,0,0.5,0.0,0.0,0.0
32,20,16,17,5,3,0,1,0,0.75,0.0,0.0,0.0
32,20,16,17,6,1,0,2,0,0.6666666666666666,0.0,0.0,0.0
32,20,16,17,7,3,0,1,0,0.75,0.0,0.0,0.0
32,20,16,17,8,1,0,2,0,0.6666666666666666,0.0,0.0,0.0
32,20,16,17,9,1,0,1,0,0.5,0.0,0.0,0.0
32,20,16,17,10,1,0,1,0,0.5,0.0,0.0,0.0
32,20,16,17,11,1,1,3,0,0.75,1.0,0.0,1.0
32,20,32,33,19,1,0,2,0,0.6666666666666666,0.0,0.0,0.0
32,20,32,33,21,3,1,3,0,1.5,0.3333333333333333,0.0,0.3333333333333333
32,20,40,41,3,1,0,1,0,0.5,0.0,0.0,0.0
32,20,40,41,4,1,0,3,0,0.75,0.0,0.0,0.0
32,20,48,49,2,1,0,1,0,0.5,0.0,0.0,0.0
32,20,48,49,4,2,0,4,0,1.3333333333333333,0.0,0.0,0.0
32,20,48,49,5,1,0,7,0,0.875,0.0,0.0,0.0
32,20,48,49,7,1,0,8,0,0.8888888888888888,0.0,0.0,0.0
32,20,48,49,8,1,0,7,0,0.875,0.0,0.0,0.0
32,20,48,49,9,1,0,5,0,0.8333333333333334,0.0,0.0,0.0
32,20,48,49,11,1,0,4,0,0.8,0.0,0.0,0.0
32,20,56,57,2,1,0,4,0,0.8,0.0,0.0,0.0
32,20,56,57,3,2,0,3,0,1.2,0.0,0.0,0.0
32,20,56,57,5,2,0,8,0,1.6,0.0,0.0,0.0
32,20,56,57,6,1,0,9,0,0.9,0.0,0.0,0.0
32,20,56,57,8,2,0,8,0,1.6,0.0,0.0,0.0
32,20,56,57,9,1,0,8,0,0.8888888888888888,0.0,0.0,0.0
32,21,32,33,3,1,0,1,0,0.5,0.0,0.0,0.0
32,21,32,33,5,1,0,2,0,0.6666666666666666,0.0,0.0,0.0
32,21,32,33,6,1,0,3,0,0.75,0.0,0.0,0.0
32,21,32,33,7,1,1,3,0,0.75,1.0,0.0,1.0
32,21,32,33,8,2,0,2,0,1.0,0.0,0.0,0.0
32,21,40,41,2,2,0,3,0,1.2,0.0,0.0,0.0
32,21,40,41,3,1,0,4,0,0.8,0.0,0.0,0.0
32,21,40,41,4,3,0,3,0,1.5,0.0,0.0,0.0
32,21,40,41,5,2,0,4,0,1.3333333333333333,0.0,0.0,0.0
32,21,40,41,6,2,0,4,0,1.3333333333333333,0.0,0.0,0.0
32,21,40,41,7,1,0,5,0,0.8333333333333334,0.0,0.0,0.0
32,22,8,9,7,8,2,1,0,0.8888888888888888,0.25,0.0,0.25
32,22,8,9,8,5,1,10,0,3.3333333333333335,0.2,0.0,0.2
32,22,8,9,9,2,0,15,0,1.7647058823529411,0.0,0.0,0.0
32,22,16,17,8,3,1,1,0,0.75,0.3333333333333333,0.0,0.3333333333333333
32,22,16,17,9,7,4,3,0,2.1,0.5714285714285714,0.0,0.5714285714285714
32,22,16,17,10,4,0,7,1,2.5454545454545454,0.0,0.14285714285714285,-0.14285714285714285
32,22,16,17,11,7,2,7,0,3.5,0.2857142857142857,0.0,0.2857142857142857
32,22,16,17,12,3,0,11,0,2.357142857142857,0.0,0.0,0.0
32,22,16,17,13,1,0,12,1,0.9230769230769231,0.0,0.08333333333333333,-0.08333333333333333
32,22,24,25,3,3,0,1,0,0.75,0.0,0.0,0.0
32,22,24,25,4,2,0,3,0,1.2,0.0,0.0,0.0
32,22,24,25,7,3,0,1,0,0.75,0.0,0.0,0.0
32,22,24,25,8,4,0,3,0,1.7142857142857142,0.0,0.0,0.0
32,22,24,25,9,2,0,5,0,1.4285714285714286,0.0,0.0,0.0
32,22,24,25,10,5,0,8,0,3.076923076923077,0.0,0.0,0.0
32,22,24,25,11,1,0,11,0,0.9166666666666666,0.0,0.0,0.0
32,22,24,25,12,3,0,9,0,2.25,0.0,0.0,0.0
32,22,24,25,13,2,0,9,0,1.6363636363636365,0.0,0.0,0.0
32,22,24,25,14,1,0,10,0,0.9090909090909091,0.0,0.0,0.0
32,22,24,25,15,1,0,11,0,0.9166666666666666,0.0,0.0,0.0
32,22,32,33,1,2,0,2,0,1.0,0.0,0.0,0.0
32,22,32,33,3,4,0,4,0,2.0,0.0,0.0,0.0
32,22,32,33,4,1,0,5,0,0.8333333333333334,0.0,0.0,0.0
32,22,32,33,5,2,0,3,0,1.2,0.0,0.0,0.0
32,22,32,33,6,1,0,7,0,0.875,0.0,0.0,0.0
32,22,32,33,8,3,0,10,0,2.3076923076923075,0.0,0.0,0.0
32,22,32,33,9,1,0,12,0,0.9230769230769231,0.0,0.0,0.0
32,22,32,33,10,6,1,10,0,3.75,0.16666666666666666,0.0,0.16666666666666666
32,22,32,33,11,2,0,13,0,1.7333333333333334,0.0,0.0,0.0
32,22,32,33,12,3,2,12,0,2.4,0.6666666666666666,0.0,0.6666666666666666
32,22,32,33,13,1,0,11,0,0.9166666666666666,0.0,0.0,0.0
32,22,32,33,15,2,0,10,0,1.6666666666666667,0.0,0.0,0.0
32,22,32,33,16,1,0,11,0,0.9166666666666666,0.0,0.0,0.0
32,22,40,41,5,2,0,6,0,1.5,0.0,0.0,0.0
32,22,40,41,7,2,0,13,0,1.7333333333333334,0.0,0.0,0.0
32,22,40,41,10,2,0,16,0,1.7777777777777777,0.0,0.0,0.0
32,22,40,41,11,1,0,15,0,0.9375,0.0,0.0,0.0
32,22,40,41,12,2,0,12,0,1.7142857142857142,0.0,0.0,0.0
32,22,40,41,13,3,1,10,0,2.3076923076923075,0.3333333333333333,0.0,0.3333333333333333
32,22,40,41,15,2,1,11,0,1.6923076923076923,0.5,0.0,0.5
32,23,8,9,7,5,2,1,0,0.8333333333333334,0.4,0.0,0.4
32,23,8,9,8,8,6,8,0,4.0,0.75,0.0,0.75
32,23,16,17,9,2,0,4,0,1.3333333333333333,0.0,0.0,0.0
32,23,16,17,10,3,1,8,0,2.1818181818181817,0.3333333333333333,0.0,0.3333333333333333
32,23,16,17,11,5,2,13,0,3.611111111111111,0.4,0.0,0.4
32,23,24,25,2,2,0,4,0,1.3333333333333333,0.0,0.0,0.0
32,23,24,25,3,2,0,4,0,1.3333333333333333,0.0,0.0,0.0
32,23,24,25,4,3,0,2,0,1.2,0.0,0.0,0.0
32,23,24,25,5,3,0,2,0,1.2,0.0,0.0,0.0
32,23,24,25,6,3,0,2,0,1.2,0.0,0.0,0.0
32,23,24,25,7,1,0,2,0,0.6666666666666666,0.0,0.0,0.0
32,23,24,25,8,1,0,2,0,0.6666666666666666,0.0,0.0,0.0
32,23,24,25,9,4,1,2,0,1.3333333333333333,0.25,0.0,0.25
32,23,24,25,10,2,0,6,0,1.5,0.0,0.0,0.0
32,23,24,25,11,8,2,8,0,4.0,0.25,0.0,0.25
32,23,24,25,12,3,1,11,1,2.357142857142857,0.3333333333333333,0.09090909090909091,0.2424242424242424
32,23,24,25,13,6,1,11,0,3.8823529411764706,0.16666666666666666,0.0,0.16666666666666666
32,23,24,25,14,3,1,11,0,2.357142857142857,0.3333333333333333,0.0,0.3333333333333333
32,23,24,25,15,2,0,12,0,1.7142857142857142,0.0,0.0,0.0
32,23,24,25,16,2,0,13,0,1.7333333333333334,0.0,0.0,0.0
32,23,32,33,4,3,0,9,0,2.25,0.0,0.0,0.0
32,23,32,33,6,3,0,9,0,2.25,0.0,0.0,0.0
32,23,32,33,7,3,0,9,0,2.25,0.0,0.0,0.0
32,23,32,33,8,2,0,9,0,1.6363636363636365,0.0,0.0,0.0
32,23,32,33,9,3,1,10,0,2.3076923076923075,0.3333333333333333,0.0,0.3333333333333333
32,23,32,33,10,2,0,10,0,1.6666666666666667,0.0,0.0,0.0
32,23,32,33,11,2,0,13,0,1.7333333333333334,0.0,0.0,0.0
32,23,32,33,13,2,0,15,0,1.7647058823529411,0.0,0.0,0.0
32,23,32,33,14,1,0,16,0,0.9411764705882353,0.0,0.0,0.0
32,23,40,41,8,1,0,15,0,0.9375,0.0,0.0,0.0
32,23,40,41,10,1,0,12,0,0.9230769230769231,0.0,0.0,0.0
32,23,40,41,11,3,0,13,0,2.4375,0.0,0.0,0.0
32,23,40,41,12,4,0,13,0,3.0588235294117645,0.0,0.0,0.0
32,23,40,41,13,1,0,16,0,0.9411764705882353,0.0,0.0,0.0
32,23,40,41,14,2,0,15,0,1.7647058823529411,0.0,0.0,0.0
32,24,8,9,8,3,1,3,0,1.5,0.3333333333333333,0.0,0.3333333333333333
32,24,16,17,12,2,1,7,0,1.5555555555555556,0.5,0.0,0.5
32,24,16,17,13,3,1,8,0,2.1818181818181817,0.3333333333333333,0.0,0.3333333333333333
32,24,24,25,12,2,0,3,0,1.2,0.0,0.0,0.0
32,24,24,25,14,2,1,5,0,1.4285714285714286,0.5,0.0,0.5
32,24,24,25,15,1,0,6,0,0.8571428571428571,0.0,0.0,0.0
32,24,24,25,16,1,0,7,0,0.875,0.0,0.0,0.0
32,24,24,25,17,3,0,5,0,1.875,0.0,0.0,0.0
32,24,32,33,12,5,0,4,0,2.2222222222222223,0.0,0.0,0.0
32,24,32,33,13,1,0,10,0,0.9090909090909091,0.0,0.0,0.0
32,24,40,41,9,3,0,1,0,0.75,0.0,0.0,0.0
32,24,40,41,10,1,0,5,0,0.8333333333333334,0.0,0.0,0.0
32,24,40,41,11,1,0,7,0,0.875,0.0,0.0,0.0
32,24,48,49,11,1,0,7,0,0.875,0.0,0.0,0.0
32,24,56,57,10,1,0,6,0,0.8571428571428571,0.0,0.0,0.0
32,24,64,65,9,2,0,5,0,1.4285714285714286,0.0,0.0,0.0
32,24,72,73,6,1,0,1,0,0.5,0.0,0.0,0.0
32,24,72,73,7,3,0,1,0,0.75,0.0,0.0,0.0
32,24,72,73,8,2,0,3,0,1.2,0.0,0.0,0.0
32,24,72,73,9,1,0,6,0,0.8571428571428571,0.0,0.0,0.0
32,24,80,81,5,2,0,2,0,1.0,0.0,0.0,0.0
32,24,80,81,6,5,0,2,0,1.4285714285714286,0.0,0.0,0.0
32,24,80,81,8,2,0,4,0,1.3333333333333333,0.0,0.0,0.0
32,24,88,89,4,1,0,4,0,0.8,0.0,0.0,0.0
32,24,88,89,5,2,0,4,0,1.3333333333333333,0.0,0.0,0.0
32,25,8,9,7,4,3,5,0,2.2222222222222223,0.75,0.0,0.75
32,25,8,9,8,4,1,7,0,2.5454545454545454,0.25,0.0,0.25
32,25,16,17,5,1,0,2,0,0.6666666666666666,0.0,0.0,0.0
32,25,16,17,7,3,1,1,0,0.75,0.3333333333333333,0.0,0.3333333333333333
32,25,16,17,8,1,0,2,0,0.6666666666666666,0.0,0.0,0.0
32,25,16,17,9,4,1,1,0,0.8,0.25,0.0,0.25
32,25,16,17,10,4,2,1,0,0.8,0.5,0.0,0.5
32,25,16,17,12,1,1,3,0,0.75,1.0,0.0,1.0
32,25,24,25,8,1,0,6,0,0.8571428571428571,0.0,0.0,0.0
32,25,24,25,9,3,0,3,0,1.5,0.0,0.0,0.0
32,25,24,25,10,1,0,2,0,0.6666666666666666,0.0,0.0,0.0
32,25,24,25,11,2,0,1,0,0.6666666666666666,0.0,0.0,0.0
32,25,24,25,12,1,0,1,0,0.5,0.0,0.0,0.0
32,25,24,25,13,2,1,1,0,0.6666666666666666,0.5,0.0,0.5
32,25,32,33,4,1,0,3,0,0.75,0.0,0.0,0.0
32,25,32,33,5,2,0,5,0,1.4285714285714286,0.0,0.0,0.0
32,25,32,33,7,1,0,7,0,0.875,0.0,0.0,0.0
32,25,40,41,3,2,0,1,0,0.6666666666666666,0.0,0.0,0.0
32,25,40,41,4,2,0,5,0,1.4285714285714286,0.0,0.0,0.0
32,25,40,41,5,1,0,8,0,0.8888888888888888,0.0,0.0,0.0
32,25,40,41,6,3,0,7,0,2.1,0.0,0.0,0.0
32,25,40,41,7,1,0,8,0,0.8888888888888888,0.0,0.0,0.0
32,25,40,41,8,1,0,7,0,0.875,0.0,0.0,0.0
32,25,40,41,11,1,0,6,0,0.8571428571428571,0.0,0.0,0.0
32,25,48,49,1,2,0,1,0,0.6666666666666666,0.0,0.0,0.0
32,25,48,49,3,2,0,3,0,1.2,0.0,0.0,0.0
32,25,48,49,4,1,0,6,0,0.8571428571428571,0.0,0.0,0.0
32,25,48,49,6,1,0,10,0,0.9090909090909091,0.0,0.0,0.0
32,25,48,49,7,1,0,10,0,0.9090909090909091,0.0,0.0,0.0
32,25,48,49,8,1,0,8,0,0.8888888888888888,0.0,0.0,0.0
32,25,48,49,10,1,0,7,0,0.875,0.0,0.0,0.0
32,25,48,49,11,1,0,6,0,0.8571428571428571,0.0,0.0,0.0
32,25,56,57,2,1,0,4,0,0.8,0.0,0.0,0.0
32,25,56,57,4,1,0,7,0,0.875,0.0,0.0,0.0
32,25,56,57,5,1,0,9,0,0.9,0.0,0.0,0.0
32,25,56,57,6,1,0,10,0,0.9090909090909091,0.0,0.0,0.0
32,25,56,57,8,1,0,9,0,0.9,0.0,0.0,0.0
32,25,56,57,10,1,0,8,0,0.8888888888888888,0.0,0.0,0.0
32,25,64,65,4,2,0,7,0,1.5555555555555556,0.0,0.0,0.0
32,25,64,65,6,2,0,11,0,1.6923076923076923,0.0,0.0,0.0
32,26,8,9,8,1,1,4,0,0.8,1.0,0.0,1.0
32,26,40,41,1,3,0,1,0,0.75,0.0,0.0,0.0
32,26,40,41,2,1,0,3,0,0.75,0.0,0.0,0.0
32,26,40,41,3,3,0,2,0,1.2,0.0,0.0,0.0
32,26,40,41,4,1,0,2,0,0.6666666666666666,0.0,0.0,0.0
32,26,40,41,5,2,1,3,0,1.2,0.5,0.0,0.5
32,26,40,41,6,2,0,2,0,1.0,0.0,0.0,0.0
32,26,40,41,7,2,0,3,0,1.2,0.0,0.0,0.0
32,27,8,9,8,1,0,1,0,0.5,0.0,0.0,0.0
32,27,16,17,11,2,0,8,0,1.6,0.0,0.0,0.0
32,27,16,17,12,2,0,9,0,1.6363636363636365,0.0,0.0,0.0
32,27,16,17,13,2,1,10,0,1.6666666666666667,0.5,0.0,0.5
32,27,16,17,14,2,0,10,0,1.6666666666666667,0.0,0.0,0.0
32,27,24,25,3,2,0,1,0,0.6666666666666666,0.0,0.0,0.0
32,27,24,25,4,2,0,1,0,0.6666666666666666,0.0,0.0,0.0
32,27,24,25,6,2,0,1,0,0.6666666666666666,0.0,0.0,0.0
32,27,24,25,9,2,0,1,0,0.6666666666666666,0.0,0.0,0.0
32,27,24,25,10,1,0,5,0,0.8333333333333334,0.0,0.0,0.0
32,27,24,25,11,3,0,7,0,2.1,0.0,0.0,0.0
32,27,32,33,22,1,0,6,0,0.8571428571428571,0.0,0.0,0.0
32,27,32,33,23,1,0,5,0,0.8333333333333334,0.0,0.0,0.0
32,27,32,33,24,1,0,4,0,0.8,0.0,0.0,0.0
32,27,32,33,25,1,0,4,0,0.8,0.0,0.0,0.0
32,28,8,9,9,3,1,1,0,0.75,0.3333333333333333,0.0,0.3333333333333333
32,28,16,17,11,1,0,5,0,0.8333333333333334,0.0,0.0,0.0
32,28,24,25,2,2,0,2,0,1.0,0.0,0.0,0.0
32,28,24,25,3,1,0,3,0,0.75,0.0,0.0,0.0
32,28,24,25,5,2,0,3,0,1.2,0.0,0.0,0.0
32,28,24,25,7,1,0,1,0,0.5,0.0,0.0,0.0
32,28,24,25,8,2,0,1,0,0.6666666666666666,0.0,0.0,0.0
32,28,24,25,11,4,0,1,0,0.8,0.0,0.0,0.0
32,28,24,25,12,4,2,2,0,1.3333333333333333,0.5,0.0,0.5
32,28,24,25,13,3,0,6,0,2.0,0.0,0.0,0.0
32,28,24,25,14,6,0,7,0,3.230769230769231,0.0,0.0,0.0
32,28,24,25,15,1,0,11,0,0.9166666666666666,0.0,0.0,0.0
32,28,24,25,16,3,0,10,0,2.3076923076923075,0.0,0.0,0.0
32,28,24,25,17,2,0,9,0,1.6363636363636365,0.0,0.0,0.0
32,28,24,25,18,3,0,8,0,2.1818181818181817,0.0,0.0,0.0
32,28,24,25,20,1,0,5,0,0.8333333333333334,0.0,0.0,0.0
32,28,32,33,10,1,0,4,0,0.8,0.0,0.0,0.0
32,28,32,33,12,2,1,6,0,1.5,0.5,0.0,0.5
32,28,32,33,13,1,0,10,0,0.9090909090909091,0.0,0.0,0.0
32,28,32,33,14,2,0,10,0,1.6666666666666667,0.0,0.0,0.0
32,28,32,33,15,1,0,12,0,0.9230769230769231,0.0,0.0,0.0
32,28,32,33,16,2,0,12,0,1.7142857142857142,0.0,0.0,0.0
32,29,16,17,8,1,0,1,0,0.5,0.0,0.0,0.0
32,29,16,17,10,1,0,1,0,0.5,0.0,0.0,0.0
32,29,24,25,3,1,0,1,0,0.5,0.0,0.0,0.0
32,29,24,25,4,1,0,2,0,0.6666666666666666,0.0,0.0,0.0
32,29,24,25,5,1,0,3,0,0.75,0.0,0.0,0.0
32,29,24,25,6,1,0,3,0,0.75,0.0,0.0,0.0
32,29,24,25,7,1,0,3,0,0.75,0.0,0.0,0.0
32,29,24,25,8,1,0,2,0,0.6666666666666666,0.0,0.0,0.0
32,29,24,25,12,4,3,2,0,1.3333333333333333,0.75,0.0,0.75
32,29,24,25,13,2,1,4,0,1.3333333333333333,0.5,0.0,0.5
32,29,24,25,14,5,0,4,0,2.2222222222222223,0.0,0.0,0.0
32,29,24,25,15,3,0,9,1,2.25,0.0,0.1111111111111111,-0.1111111111111111
32,29,24,25,16,3,0,8,0,2.1818181818181817,0.0,0.0,0.0
32,29,24,25,17,2,0,9,0,1.6363636363636365,0.0,0.0,0.0
32,29,24,25,18,2,0,8,0,1.6,0.0,0.0,0.0
32,29,24,25,19,1,1,8,0,0.8888888888888888,1.0,0.0,1.0
32,30,8,9,8,1,0,7,0,0.875,0.0,0.0,0.0
32,30,16,17,9,4,1,1,0,0.8,0.25,0.0,0.25
32,30,16,17,10,6,3,4,0,2.4,0.5,0.0,0.5
32,30,16,17,11,5,3,8,1,3.076923076923077,0.6,0.125,0.475
32,30,16,17,12,5,1,12,0,3.5294117647058822,0.2,0.0,0.2
32,30,16,17,13,1,0,17,0,0.9444444444444444,0.0,0.0,0.0
32,30,24,25,3,3,0,1,0,0.75,0.0,0.0,0.0
32,30,24,25,4,2,0,2,0,1.0,0.0,0.0,0.0
32,30,24,25,6,3,0,1,0,0.75,0.0,0.0,0.0
32,30,24,25,7,1,0,2,0,0.6666666666666666,0.0,0.0,0.0
32,30,24,25,8,1,0,2,0,0.6666666666666666,0.0,0.0,0.0
32,30,24,25,9,5,0,3,0,1.875,0.0,0.0,0.0
32,30,24,25,10,3,0,7,0,2.1,0.0,0.0,0.0
32,30,24,25,11,2,0,11,0,1.6923076923076923,0.0,0.0,0.0
32,30,24,25,12,2,0,13,0,1.7333333333333334,0.0,0.0,0.0
32,30,24,25,13,3,0,12,0,2.4,0.0,0.0,0.0
32,30,24,25,14,3,1,9,0,2.25,0.3333333333333333,0.0,0.3333333333333333
32,30,24,25,15,3,0,7,0,2.1,0.0,0.0,0.0
32,30,24,25,16,3,0,4,0,1.7142857142857142,0.0,0.0,0.0
32,30,24,25,18,1,0,6,0,0.8571428571428571,0.0,0.0,0.0
32,30,32,33,1,3,0,1,0,0.75,0.0,0.0,0.0
32,30,32,33,3,5,0,6,0,2.727272727272727,0.0,0.0,0.0
32,30,32,33,4,1,0,9,0,0.9,0.0,0.0,0.0
32,30,32,33,5,2,0,6,0,1.5,0.0,0.0,0.0
32,30,32,33,6,1,0,4,0,0.8,0.0,0.0,0.0
32,30,32,33,7,1,0,6,0,0.8571428571428571,0.0,0.0,0.0
32,31,24,25,3,2,0,1,0,0.6666666666666666,0.0,0.0,0.0
32,31,24,25,4,1,0,2,0,0.6666666666666666,0.0,0.0,0.0
32,31,24,25,5,1,0,1,0,0.5,0.0,0.0,0.0
32,31,24,25,15,2,0,6,0,1.5,0.0,0.0,0.0
32,31,24,25,17,2,0,5,0,1.4285714285714286,0.0,0.0,0.0
32,31,32,33,1,3,0,1,0,0.75,0.0,0.0,0.0
32,31,32,33,2,1,0,5,0,0.8333333333333334,0.0,0.0,0.0
32,31,32,33,3,5,0,4,0,2.2222222222222223,0.0,0.0,0.0
32,31,32,33,5,2,0,1,0,0.6666666666666666,0.0,0.0,0.0
32,31,32,33,13,1,0,1,0,0.5,0.0,0.0,0.0
32,31,32,33,14,3,0,1,0,0.75,0.0,0.0,0.0
32,31,32,33,15,2,0,4,1,1.3333333333333333,0.0,0.25,-0.25
32,31,32,33,16,3,0,5,0,1.875,0.0,0.0,0.0
32,31,40,41,4,1,0,8,0,0.8888888888888888,0.0,0.0,0.0
32,31,40,41,5,1,0,5,0,0.8333333333333334,0.0,0.0,0.0
32,31,40,41,6,2,0,2,0,1.0,0.0,0.0,0.0
32,31,40,41,8,1,0,1,0,0.5,0.0,0.0,0.0
32,31,40,41,11,1,0,1,0,0.5,0.0,0.0,0.0
32,31,40,41,12,1,0,2,0,0.6666666666666666,0.0,0.0,0.0
32,31,40,41,13,1,0,3,0,0.75,0.0,0.0,0.0
32,31,40,41,14,1,0,4,0,0.8,0.0,0.0,0.0
32,31,40,41,15,3,0,5,0,1.875,0.0,0.0,0.0
64,0,8,9,7,3,1,5,0,1.875,0.3333333333333333,0.0,0.3333333333333333
64,0,8,9,8,12,6,9,0,5.142857142857143,0.5,0.0,0.5
64,0,16,17,7,3,0,2,0,1.2,0.0,0.0,0.0
64,0,16,17,10,3,2,11,0,2.357142857142857,0.6666666666666666,0.0,0.6666666666666666
64,0,16,17,11,2,1,15,0,1.7647058823529411,0.5,0.0,0.5
64,0,16,17,12,8,1,17,0,5.44,0.125,0.0,0.125
64,0,16,17,13,3,1,24,0,2.6666666666666665,0.3333333333333333,0.0,0.3333333333333333
64,0,24,25,7,1,0,1,0,0.5,0.0,0.0,0.0
64,0,24,25,8,3,1,2,1,1.2,0.3333333333333333,0.5,-0.16666666666666669
64,0,24,25,9,2,0,6,0,1.5,0.0,0.0,0.0
64,0,24,25,10,4,0,5,0,2.2222222222222223,0.0,0.0,0.0
64,0,24,25,11,3,1,8,0,2.1818181818181817,0.3333333333333333,0.0,0.3333333333333333
64,0,24,25,12,5,2,9,0,3.2142857142857144,0.4,0.0,0.4
64,0,24,25,14,3,2,12,0,2.4,0.6666666666666666,0.0,0.6666666666666666
64,0,24,25,15,2,1,14,0,1.75,0.5,0.0,0.5
64,0,24,25,16,4,3,14,0,3.111111111111111,0.75,0.0,0.75
64,0,24,25,17,1,0,16,0,0.9411764705882353,0.0,0.0,0.0
64,0,24,25,18,4,1,15,0,3.1578947368421053,0.25,0.0,0.25
64,0,24,25,20,1,0,18,0,0.9473684210526315,0.0,0.0,0.0
64,0,32,33,11,7,0,3,0,2.1,0.0,0.0,0.0
64,0,32,33,12,4,0,8,0,2.6666666666666665,0.0,0.0,0.0
64,0,32,33,13,5,2,9,0,3.2142857142857144,0.4,0.0,0.4
64,0,32,33,14,3,0,10,0,2.3076923076923075,0.0,0.0,0.0
64,0,32,33,15,5,1,9,0,3.2142857142857144,0.2,0.0,0.2
64,0,32,33,16,8,1,7,0,3.7333333333333334,0.125,0.0,0.125
64,0,32,33,17,5,1,11,0,3.4375,0.2,0.0,0.2
64,0,32,33,18,5,0,12,0,3.5294117647058822,0.0,0.0,0.0
64,0,32,33,19,2,0,15,0,1.7647058823529411,0.0,0.0,0.0
64,0,32,33,20,1,0,17,0,0.9444444444444444,0.0,0.0,0.0
64,0,32,33,21,1,0,18,0,0.9473684210526315,0.0,0.0,0.0
64,0,40,41,7,4,0,1,0,0.8,0.0,0.0,0.0
64,0,40,41,9,2,0,7,0,1.5555555555555556,0.0,0.0,0.0
64,0,40,41,12,2,0,14,0,1.75,0.0,0.0,0.0
64,0,40,41,13,5,0,14,0,3.6842105263157894,0.0,0.0,0.0
64,0,40,41,14,4,0,15,0,3.1578947368421053,0.0,0.0,0.0
64,0,40,41,15,4,0,16,0,3.2,0.0,0.0,0.0
64,0,40,41,16,2,0,18,0,1.8,0.0,0.0,0.0
64,0,48,49,9,1,0,9,0,0.9,0.0,0.0,0.0
64,0,48,49,10,3,0,11,0,2.357142857142857,0.0,0.0,0.0
64,0,48,49,11,7,0,14,0,4.666666666666667,0.0,0.0,0.0
64,0,48,49,12,5,0,19,0,3.9583333333333335,0.0,0.0,0.0
64,0,48,49,13,5,0,21,0,4.038461538461538,0.0,0.0,0.0
64,0,48,49,14,1,0,24,0,0.96,0.0,0.0,0.0
64,0,56,57,7,1,0,5,0,0.8333333333333334,0.0,0.0,0.0
64,0,56,57,8,1,0,7,0,0.875,0.0,0.0,0.0
64,0,56,57,9,4,0,10,0,2.857142857142857,0.0,0.0,0.0
64,0,56,57,10,8,0,14,0,5.090909090909091,0.0,0.0,0.0
64,0,56,57,11,5,0,21,0,4.038461538461538,0.0,0.0,0.0
64,0,56,57,13,1,0,26,0,0.9629629629629629,0.0,0.0,0.0
64,0,64,65,7,3,0,5,0,1.875,0.0,0.0,0.0
64,0,64,65,8,8,0,10,0,4.444444444444445,0.0,0.0,0.0
64,0,64,65,9,3,0,20,0,2.608695652173913,0.0,0.0,0.0
64,0,64,65,11,1,0,26,0,0.9629629629629629,0.0,0.0,0.0
64,0,72,73,5,3,0,1,0,0.75,0.0,0.0,0.0
64,0,72,73,6,5,0,6,0,2.727272727272727,0.0,0.0,0.0
64,0,72,73,7,3,0,13,0,2.4375,0.0,0.0,0.0
64,0,72,73,8,1,0,19,0,0.95,0.0,0.0,0.0
64,0,72,73,9,1,0,23,0,0.9583333333333334,0.0,0.0,0.0
64,0,80,81,2,2,0,2,0,1.0,0.0,0.0,0.0
64,0,80,81,3,4,0,2,0,1.3333333333333333,0.0,0.0,0.0
64,0,80,81,4,2,0,6,0,1.5,0.0,0.0,0.0
64,0,80,81,5,3,0,8,0,2.1818181818181817,0.0,0.0,0.0
64,0,80,81,6,1,0,14,0,0.9333333333333333,0.0,0.0,0.0
64,1,8,9,8,12,5,3,0,2.4,0.4166666666666667,0.0,0.4166666666666667
64,1,16,17,11,7,5,2,0,1.5555555555555556,0.7142857142857143,0.0,0.7142857142857143
64,1,16,17,12,8,3,5,0,3.076923076923077,0.375,0.0,0.375
64,1,16,17,13,2,0,12,0,1.7142857142857142,0.0,0.0,0.0
64,1,24,25,14,4,2,1,0,0.8,0.5,0.0,0.5
64,1,24,25,15,3,0,3,0,1.5,0.0,0.0,0.0
64,1,24,25,16,9,2,4,1,2.769230769230769,0.2222222222222222,0.25,-0.02777777777777779
64,1,24,25,17,2,0,10,1,1.6666666666666667,0.0,0.1,-0.1
64,1,24,25,18,3,1,10,0,2.3076923076923075,0.3333333333333333,0.0,0.3333333333333333
64,1,24,25,19,2,0,12,0,1.7142857142857142,0.0,0.0,0.0
64,1,32,33,16,3,0,3,0,1.5,0.0,0.0,0.0
64,1,32,33,17,3,0,5,0,1.875,0.0,0.0,0.0
64,1,32,33,18,2,0,7,0,1.5555555555555556,0.0,0.0,0.0
64,1,32,33,19,3,0,9,0,2.25,0.0,0.0,0.0
64,1,32,33,20,1,0,11,0,0.9166666666666666,0.0,0.0,0.0
64,1,32,33,21,1,0,13,0,0.9285714285714286,0.0,0.0,0.0
64,1,40,41,12,5,0,1,0,0.8333333333333334,0.0,0.0,0.0
64,1,40,41,13,8,0,1,0,0.8888888888888888,0.0,0.0,0.0
64,1,40,41,14,5,0,5,0,2.5,0.0,0.0,0.0
64,1,40,41,15,8,0,5,0,3.076923076923077,0.0,0.0,0.0
64,1,40,41,16,1,0,13,0,0.9285714285714286,0.0,0.0,0.0
64,1,40,41,26,2,0,14,0,1.75,0.0,0.0,0.0
64,1,40,41,28,2,0,15,0,1.7647058823529411,0.0,0.0,0.0
64,1,48,49,9,2,0,4,0,1.3333333333333333,0.0,0.0,0.0
64,1,48,49,10,4,0,4,0,2.0,0.0,0.0,0.0
64,1,48,49,11,5,0,7,0,2.9166666666666665,0.0,0.0,0.0
64,1,48,49,12,1,0,12,0,0.9230769230769231,0.0,0.0,0.0
64,1,48,49,13,1,0,13,0,0.9285714285714286,0.0,0.0,0.0
64,1,56,57,5,3,0,2,0,1.2,0.0,0.0,0.0
64,1,56,57,6,1,0,4,0,0.8,0.0,0.0,0.0
64,1,56,57,7,3,0,5,0,1.875,0.0,0.0,0.0
64,1,56,57,8,5,0,6,0,2.727272727272727,0.0,0.0,0.0
64,1,56,57,9,2,0,9,0,1.6363636363636365,0.0,0.0,0.0
64,1,56,57,10,1,0,11,0,0.9166666666666666,0.0,0.0,0.0
64,1,56,57,11,1,0,12,0,0.9230769230769231,0.0,0.0,0.0
64,1,56,57,12,1,0,13,0,0.9285714285714286,0.0,0.0,0.0
64,1,64,65,1,2,0,2,0,1.0,0.0,0.0,0.0
64,1,64,65,3,2,0,5,0,1.4285714285714286,0.0,0.0,0.0
64,1,64,65,4,3,0,5,0,1.875,0.0,0.0,0.0
64,1,64,65,5,1,0,8,0,0.8888888888888888,0.0,0.0,0.0
64,1,64,65,6,3,0,8,0,2.1818181818181817,0.0,0.0,0.0
64,1,64,65,8,2,0,12,0,1.7142857142857142,0.0,0.0,0.0
64,1,64,65,9,1,0,12,0,0.9230769230769231,0.0,0.0,0.0
64,1,64,65,10,1,0,13,0,0.9285714285714286,0.0,0.0,0.0
64,1,72,73,4,3,0,8,0,2.1818181818181817,0.0,0.0,0.0
64,1,72,73,5,1,0,10,0,0.9090909090909091,0.0,0.0,0.0
64,1,72,73,6,2,0,12,0,1.7142857142857142,0.0,0.0,0.0
64,1,72,73,7,1,0,15,0,0.9375,0.0,0.0,0.0
64,2,8,9,8,6,1,5,0,2.727272727272727,0.16666666666666666,0.0,0.16666666666666666
64,2,8,9,9,4,0,10,0,2.857142857142857,0.0,0.0,0.0
64,2,16,17,10,5,3,3,0,1.875,0.6,0.0,0.6
64,2,16,17,11,5,1,7,0,2.9166666666666665,0.2,0.0,0.2
64,2,16,17,12,6,1,9,0,3.6,0.16666666666666666,0.0,0.16666666666666666
64,2,16,17,13,2,1,13,0,1.7333333333333334,0.5,0.0,0.5
64,2,24,25,14,5,0,2,0,1.4285714285714286,0.0,0.0,0.0
64,2,24,25,15,3,1,5,0,1.875,0.3333333333333333,0.0,0.3333333333333333
64,2,24,25,16,4,2,6,0,2.4,0.5,0.0,0.5
64,2,24,25,17,3,2,11,0,2.357142857142857,0.6666666666666666,0.0,0.6666666666666666
64,2,24,25,20,2,0,21,0,1.826086956521739,0.0,0.0,0.0
64,2,24,25,21,3,0,20,1,2.608695652173913,0.0,0.05,-0.05
64,2,24,25,22,2,1,21,0,1.826086956521739,0.5,0.0,0.5
64,2,24,25,23,3,0,23,1,2.6538461538461537,0.0,0.043478260869565216,-0.043478260869565216
64,2,32,33,17,2,0,4,0,1.3333333333333333,0.0,0.0,0.0
64,2,32,33,18,6,3,8,0,3.4285714285714284,0.5,0.0,0.5
64,2,32,33,19,4,0,13,0,3.0588235294117645,0.0,0.0,0.0
64,2,32,33,20,5,0,17,0,3.8636363636363638,0.0,0.0,0.0
64,2,32,33,21,2,0,20,0,1.8181818181818181,0.0,0.0,0.0
64,2,32,33,22,2,0,22,0,1.8333333333333333,0.0,0.0,0.0
64,2,32,33,23,2,0,24,0,1.8461538461538463,0.0,0.0,0.0
64,2,40,41,16,1,0,1,0,0.5,0.0,0.0,0.0
64,2,40,41,17,4,0,3,0,1.7142857142857142,0.0,0.0,0.0
64,2,40,41,18,2,0,9,0,1.6363636363636365,0.0,0.0,0.0
64,2,40,41,19,2,0,13,0,1.7333333333333334,0.0,0.0,0.0
64,2,40,41,20,2,0,17,0,1.7894736842105263,0.0,0.0,0.0
64,2,40,41,21,5,0,17,0,3.8636363636363638,0.0,0.0,0.0
64,2,40,41,22,2,0,21,0,1.826086956521739,0.0,0.0,0.0
64,2,40,41,23,2,0,22,0,1.8333333333333333,0.0,0.0,0.0
64,2,40,41,24,2,0,23,0,1.84,0.0,0.0,0.0
64,2,40,41,25,2,0,24,0,1.8461538461538463,0.0,0.0,0.0
64,2,40,41,26,3,0,25,0,2.6785714285714284,0.0,0.0,0.0
64,2,40,41,27,1,0,28,1,0.9655172413793104,0.0,0.03571428571428571,-0.03571428571428571
64,2,40,41,28,4,0,28,1,3.5,0.0,0.03571428571428571,-0.03571428571428571
64,2,40,41,29,3,0,26,0,2.689655172413793,0.0,0.0,0.0
64,2,40,41,30,3,1,23,0,2.6538461538461537,0.3333333333333333,0.0,0.3333333333333333
64,2,40,41,31,3,1,21,0,2.625,0.3333333333333333,0.0,0.3333333333333333
64,2,40,41,33,1,0,17,0,0.9444444444444444,0.0,0.0,0.0
64,2,48,49,15,6,0,1,0,0.8571428571428571,0.0,0.0,0.0
64,2,48,49,16,3,0,5,0,1.875,0.0,0.0,0.0
64,2,48,49,17,5,1,4,0,2.2222222222222223,0.2,0.0,0.2
64,2,48,49,18,3,0,8,0,2.1818181818181817,0.0,0.0,0.0
64,2,48,49,19,6,1,10,0,3.75,0.16666666666666666,0.0,0.16666666666666666
64,2,48,49,20,5,0,15,0,3.75,0.0,0.0,0.0
64,2,48,49,21,4,0,17,1,3.238095238095238,0.0,0.058823529411764705,-0.058823529411764705
64,2,48,49,22,4,0,19,1,3.3043478260869565,0.0,0.05263157894736842,-0.05263157894736842
64,2,48,49,23,2,0,22,0,1.8333333333333333,0.0,0.0,0.0
64,2,48,49,24,9,1,17,0,5.884615384615385,0.1111111111111111,0.0,0.1111111111111111
64,2,48,49,25,3,0,20,0,2.608695652173913,0.0,0.0,0.0
64,2,48,49,26,7,0,18,0,5.04,0.0,0.0,0.0
64,2,48,49,27,7,1,21,0,5.25,0.14285714285714285,0.0,0.14285714285714285
64,2,48,49,28,2,0,28,0,1.8666666666666667,0.0,0.0,0.0
64,2,48,49,29,4,0,26,0,3.466666666666667,0.0,0.0,0.0
64,2,48,49,30,2,0,26,0,1.8571428571428572,0.0,0.0,0.0
64,2,56,57,15,3,0,5,0,1.875,0.0,0.0,0.0
64,2,56,57,16,6,1,6,0,3.0,0.16666666666666666,0.0,0.16666666666666666
64,2,56,57,17,5,1,8,0,3.076923076923077,0.2,0.0,0.2
64,2,56,57,18,5,0,11,0,3.4375,0.0,0.0,0.0
64,2,56,57,19,4,1,16,0,3.2,0.25,0.0,0.25
64,2,56,57,21,6,1,18,0,4.5,0.16666666666666666,0.0,0.16666666666666666
64,2,56,57,22,1,0,22,0,0.9565217391304348,0.0,0.0,0.0
64,2,56,57,23,5,0,20,1,4.0,0.0,0.05,-0.05
64,2,56,57,24,2,0,23,0,1.84,0.0,0.0,0.0
64,2,56,57,25,2,0,24,0,1.8461538461538463,0.0,0.0,0.0
64,2,56,57,26,4,0,25,0,3.4482758620689653,0.0,0.0,0.0
64,2,64,65,9,1,0,1,0,0.5,0.0,0.0,0.0
64,2,64,65,10,4,0,2,0,1.3333333333333333,0.0,0.0,0.0
64,2,64,65,11,5,0,3,0,1.875,0.0,0.0,0.0
64,2,64,65,12,3,0,5,0,1.875,0.0,0.0,0.0
64,2,64,65,13,3,0,5,0,1.875,0.0,0.0,0.0
64,2,64,65,14,3,0,6,0,2.0,0.0,0.0,0.0
64,2,64,65,15,5,0,7,0,2.9166666666666665,0.0,0.0,0.0
64,2,64,65,16,4,0,10,0,2.857142857142857,0.0,0.0,0.0
64,2,64,65,17,3,0,13,0,2.4375,0.0,0.0,0.0
64,2,64,65,20,2,0,21,0,1.826086956521739,0.0,0.0,0.0
64,2,64,65,22,2,0,23,0,1.84,0.0,0.0,0.0
64,2,72,73,8,1,0,2,0,0.6666666666666666,0.0,0.0,0.0
64,2,72,73,9,4,0,3,0,1.7142857142857142,0.0,0.0,0.0
64,2,72,73,10,5,0,4,0,2.2222222222222223,0.0,0.0,0.0
64,2,72,73,11,4,0,8,0,2.6666666666666665,0.0,0.0,0.0
64,2,72,73,12,1,0,9,0,0.9,0.0,0.0,0.0
64,2,72,73,13,4,0,7,0,2.5454545454545454,0.0,0.0,0.0
64,2,72,73,14,5,0,8,0,3.076923076923077,0.0,0.0,0.0
64,2,72,73,15,3,0,12,0,2.4,0.0,0.0,0.0
64,2,72,73,17,1,0,15,0,0.9375,0.0,0.0,0.0
64,2,80,81,3,1,0,1,0,0.5,0.0,0.0,0.0
64,2,80,81,4,1,0,1,0,0.5,0.0,0.0,0.0
64,2,80,81,6,1,0,2,0,0.6666666666666666,0.0,0.0,0.0
64,2,80,81,7,2,0,3,0,1.2,0.0,0.0,0.0
64,2,80,81,8,3,0,4,0,1.7142857142857142,0.0,0.0,0.0
64,2,80,81,9,4,0,6,0,2.4,0.0,0.0,0.0
64,2,80,81,11,2,0,10,0,1.6666666666666667,0.0,0.0,0.0
64,2,80,81,12,1,0,11,0,0.9166666666666666,0.0,0.0,0.0
64,2,80,81,13,3,0,10,0,2.3076923076923075,0.0,0.0,0.0
64,2,80,81,14,1,0,13,0,0.9285714285714286,0.0,0.0,0.0
64,2,80,81,15,1,0,15,0,0.9375,0.0,0.0,0.0
64,2,88,89,1,2,0,1,0,0.6666666666666666,0.0,0.0,0.0
64,2,88,89,2,2,0,2,0,1.0,0.0,0.0,0.0
64,2,88,89,3,2,0,2,0,1.0,0.0,0.0,0.0
64,2,88,89,4,1,0,3,0,0.75,0.0,0.0,0.0
64,2,88,89,5,2,0,3,0,1.2,0.0,0.0,0.0
64,2,88,89,6,1,0,4,0,0.8,0.0,0.0,0.0
64,2,88,89,7,4,0,4,0,2.0,0.0,0.0,0.0
64,2,88,89,8,4,0,6,0,2.4,0.0,0.0,0.0
64,2,88,89,9,1,0,10,0,0.9090909090909091,0.0,0.0,0.0
64,2,88,89,10,3,0,10,0,2.3076923076923075,0.0,0.0,0.0
64,2,88,89,11,2,0,12,0,1.7142857142857142,0.0,0.0,0.0
64,2,88,89,12,4,0,11,0,2.933333333333333,0.0,0.0,0.0
64,2,88,89,13,2,0,13,0,1.7333333333333334,0.0,0.0,0.0
64,2,88,89,15,1,0,15,0,0.9375,0.0,0.0,0.0
64,2,96,97,1,1,0,2,0,0.6666666666666666,0.0,0.0,0.0
64,2,96,97,2,2,0,3,0,1.2,0.0,0.0,0.0
64,2,96,97,3,3,0,4,0,1.7142857142857142,0.0,0.0,0.0
64,2,96,97,4,1,0,4,0,0.8,0.0,0.0,0.0
64,2,96,97,5,2,0,4,0,1.3333333333333333,0.0,0.0,0.0
64,2,96,97,6,4,0,4,0,2.0,0.0,0.0,0.0
64,2,96,97,7,1,0,9,0,0.9,0.0,0.0,0.0
64,2,96,97,8,1,0,11,0,0.9166666666666666,0.0,0.0,0.0
64,2,96,97,9,1,0,13,0,0.9285714285714286,0.0,0.0,0.0
64,2,104,105,2,1,0,6,0,0.8571428571428571,0.0,0.0,0.0
64,2,104,105,4,4,0,6,0,2.4,0.0,0.0,0.0
64,2,104,105,5,1,0,8,0,0.8888888888888888,0.0,0.0,0.0
64,2,104,105,6,1,0,9,0,0.9,0.0,0.0,0.0
64,2,104,105,7,2,0,10,0,1.6666666666666667,0.0,0.0,0.0
64,2,104,105,9,1,0,13,0,0.9285714285714286,0.0,0.0,0.0
64,3,8,9,8,6,0,5,0,2.727272727272727,0.0,0.0,0.0
64,3,8,9,9,3,1,11,0,2.357142857142857,0.3333333333333333,0.0,0.3333333333333333
64,3,16,17,10,4,1,3,0,1.7142857142857142,0.25,0.0,0.25
64,3,16,17,11,5,1,6,0,2.727272727272727,0.2,0.0,0.2
64,3,16,17,12,3,1,10,0,2.3076923076923075,0.3333333333333333,0.0,0.3333333333333333
64,3,16,17,13,2,1,11,0,1.6923076923076923,0.5,0.0,0.5
64,3,24,25,12,4,1,1,0,0.8,0.25,0.0,0.25
64,3,24,25,13,2,1,4,0,1.3333333333333333,0.5,0.0,0.5
64,3,24,25,14,5,0,4,0,2.2222222222222223,0.0,0.0,0.0
64,3,24,25,15,2,0,7,0,1.5555555555555556,0.0,0.0,0.0
64,3,32,33,1,1,0,2,0,0.6666666666666666,0.0,0.0,0.0
64,3,32,33,2,3,0,3,0,1.5,0.0,0.0,0.0
64,3,32,33,3,3,0,3,0,1.5,0.0,0.0,0.0
64,3,32,33,4,3,0,2,0,1.2,0.0,0.0,0.0
64,3,32,33,5,5,0,2,0,1.4285714285714286,0.0,0.0,0.0
64,3,32,33,6,3,0,4,0,1.7142857142857142,0.0,0.0,0.0
64,3,32,33,7,3,0,5,0,1.875,0.0,0.0,0.0
64,3,32,33,8,5,0,5,0,2.5,0.0,0.0,0.0
64,3,32,33,9,4,0,9,0,2.769230769230769,0.0,0.0,0.0
64,3,32,33,10,2,0,12,0,1.7142857142857142,0.0,0.0,0.0
64,3,32,33,11,1,0,13,0,0.9285714285714286,0.0,0.0,0.0
64,3,32,33,12,1,0,12,0,0.9230769230769231,0.0,0.0,0.0
64,3,32,33,13,1,0,10,0,0.9090909090909091,0.0,0.0,0.0
64,3,32,33,14,1,0,8,0,0.8888888888888888,0.0,0.0,0.0
64,3,32,33,15,3,1,6,0,2.0,0.3333333333333333,0.0,0.3333333333333333
64,3,32,33,16,3,0,7,0,2.1,0.0,0.0,0.0
64,3,32,33,17,2,0,7,0,1.5555555555555556,0.0,0.0,0.0
64,3,32,33,18,1,0,9,0,0.9,0.0,0.0,0.0
64,3,32,33,19,4,0,9,0,2.769230769230769,0.0,0.0,0.0
64,3,32,33,20,1,0,14,0,0.9333333333333333,0.0,0.0,0.0
64,3,32,33,21,5,0,14,0,3.6842105263157894,0.0,0.0,0.0
64,3,32,33,22,2,0,18,1,1.8,0.0,0.05555555555555555,-0.05555555555555555
64,3,32,33,23,3,0,19,0,2.590909090909091,0.0,0.0,0.0
64,3,32,33,24,1,0,22,0,0.9565217391304348,0.0,0.0,0.0
64,3,32,33,25,3,0,22,0,2.64,0.0,0.0,0.0
64,3,32,33,26,2,0,23,0,1.84,0.0,0.0,0.0
64,3,32,33,27,3,0,21,0,2.625,0.0,0.0,0.0
64,3,32,33,28,2,0,21,0,1.826086956521739,0.0,0.0,0.0
64,3,32,33,29,2,0,21,0,1.826086956521739,0.0,0.0,0.0
64,3,40,41,3,2,0,9,0,1.6363636363636365,0.0,0.0,0.0
64,3,40,41,4,1,0,10,0,0.9090909090909091,0.0,0.0,0.0
64,3,40,41,5,2,0,11,0,1.6923076923076923,0.0,0.0,0.0
64,3,40,41,6,3,0,12,0,2.4,0.0,0.0,0.0
64,3,40,41,7,1,0,15,0,0.9375,0.0,0.0,0.0
64,3,40,41,14,2,0,10,0,1.6666666666666667,0.0,0.0,0.0
64,3,40,41,16,6,0,5,0,2.727272727272727,0.0,0.0,0.0
64,3,40,41,17,2,0,5,0,1.4285714285714286,0.0,0.0,0.0
64,3,40,41,18,6,0,4,0,2.4,0.0,0.0,0.0
64,3,40,41,19,3,1,9,1,2.25,0.3333333333333333,0.1111111111111111,0.2222222222222222
64,3,40,41,20,4,0,13,0,3.0588235294117645,0.0,0.0,0.0
64,3,40,41,22,2,1,19,0,1.8095238095238095,0.5,0.0,0.5
64,3,40,41,23,1,0,21,0,0.9545454545454546,0.0,0.0,0.0
64,3,40,41,24,1,0,22,0,0.9565217391304348,0.0,0.0,0.0
64,3,40,41,25,2,0,23,0,1.84,0.0,0.0,0.0
64,3,40,41,26,2,0,24,0,1.8461538461538463,0.0,0.0,0.0
64,3,40,41,28,2,1,22,1,1.8333333333333333,0.5,0.045454545454545456,0.45454545454545453
64,3,40,41,30,2,1,20,0,1.8181818181818181,0.5,0.0,0.5
64,3,40,41,32,2,0,17,0,1.7894736842105263,0.0,0.0,0.0
64,3,200,201,10,1,0,13,0,0.9285714285714286,0.0,0.0,0.0
64,3,200,201,12,2,0,12,0,1.7142857142857142,0.0,0.0,0.0
64,3,208,209,10,1,0,13,0,0.9285714285714286,0.0,0.0,0.0
64,3,208,209,12,2,0,12,0,1.7142857142857142,0.0,0.0,0.0
64,3,216,217,10,1,0,13,0,0.9285714285714286,0.0,0.0,0.0
64,3,216,217,12,2,0,12,0,1.7142857142857142,0.0,0.0,0.0
64,3,224,225,10,1,0,13,0,0.9285714285714286,0.0,0.0,0.0
64,3,224,225,12,2,0,12,0,1.7142857142857142,0.0,0.0,0.0
64,3,232,233,10,1,0,13,0,0.9285714285714286,0.0,0.0,0.0
64,3,232,233,12,2,0,12,0,1.7142857142857142,0.0,0.0,0.0
64,3,240,241,10,1,0,13,0,0.9285714285714286,0.0,0.0,0.0
64,3,240,241,12,2,0,12,0,1.7142857142857142,0.0,0.0,0.0
64,3,248,249,10,1,0,13,0,0.9285714285714286,0.0,0.0,0.0
64,3,248,249,12,2,0,12,0,1.7142857142857142,0.0,0.0,0.0
64,4,8,9,7,8,5,7,0,3.7333333333333334,0.625,0.0,0.625
64,4,8,9,8,7,1,15,1,4.7727272727272725,0.14285714285714285,0.06666666666666667,0.07619047619047618
64,4,8,9,9,3,2,23,0,2.6538461538461537,0.6666666666666666,0.0,0.6666666666666666
64,4,16,17,7,2,0,1,0,0.6666666666666666,0.0,0.0,0.0
64,4,16,17,8,6,4,3,0,2.0,0.6666666666666666,0.0,0.6666666666666666
64,4,16,17,9,5,0,8,0,3.076923076923077,0.0,0.0,0.0
64,4,16,17,10,8,1,12,0,4.8,0.125,0.0,0.125
64,4,16,17,11,6,1,19,0,4.56,0.16666666666666666,0.0,0.16666666666666666
64,4,16,17,12,3,0,25,0,2.6785714285714284,0.0,0.0,0.0
64,4,16,17,13,1,1,28,0,0.9655172413793104,1.0,0.0,1.0
64,4,24,25,9,4,0,1,0,0.8,0.0,0.0,0.0
64,4,24,25,10,4,1,4,1,2.0,0.25,0.25,0.0
64,4,24,25,11,5,2,7,0,2.9166666666666665,0.4,0.0,0.4
64,4,24,25,12,6,2,11,0,3.8823529411764706,0.3333333333333333,0.0,0.3333333333333333
64,4,24,25,13,7,3,16,0,4.869565217391305,0.42857142857142855,0.0,0.42857142857142855
64,4,24,25,14,5,0,19,0,3.9583333333333335,0.0,0.0,0.0
64,4,24,25,15,3,2,22,0,2.64,0.6666666666666666,0.0,0.6666666666666666
64,4,24,25,16,2,1,22,1,1.8333333333333333,0.5,0.045454545454545456,0.45454545454545453
64,4,24,25,18,2,0,18,0,1.8,0.0,0.0,0.0
64,4,24,25,19,1,0,18,0,0.9473684210526315,0.0,0.0,0.0
64,4,24,25,20,3,1,15,1,2.5,0.3333333333333333,0.06666666666666667,0.26666666666666666
64,4,24,25,21,1,0,13,0,0.9285714285714286,0.0,0.0,0.0
64,4,32,33,6,1,0,1,0,0.5,0.0,0.0,0.0
64,4,32,33,8,2,0,1,0,0.6666666666666666,0.0,0.0,0.0
64,4,32,33,11,9,2,1,0,0.9,0.2222222222222222,0.0,0.2222222222222222
64,4,32,33,12,8,1,4,0,2.6666666666666665,0.125,0.0,0.125
64,4,32,33,13,9,0,5,0,3.2142857142857144,0.0,0.0,0.0
64,4,32,33,14,8,1,9,0,4.235294117647059,0.125,0.0,0.125
64,4,32,33,15,12,1,9,0,5.142857142857143,0.08333333333333333,0.0,0.08333333333333333
64,4,32,33,16,4,0,13,0,3.0588235294117645,0.0,0.0,0.0
64,4,32,33,17,6,0,12,0,4.0,0.0,0.0,0.0
64,4,32,33,18,7,0,12,0,4.421052631578948,0.0,0.0,0.0
64,4,32,33,19,2,0,17,0,1.7894736842105263,0.0,0.0,0.0
64,4,32,33,20,2,1,16,0,1.7777777777777777,0.5,0.0,0.5
64,4,40,41,7,2,0,5,0,1.4285714285714286,0.0,0.0,0.0
64,4,40,41,8,2,0,8,0,1.6,0.0,0.0,0.0
64,4,40,41,9,4,0,8,0,2.6666666666666665,0.0,0.0,0.0
64,4,40,41,10,3,1,10,0,2.3076923076923075,0.3333333333333333,0.0,0.3333333333333333
64,4,40,41,11,5,0,10,0,3.3333333333333335,0.0,0.0,0.0
64,4,40,41,12,3,0,13,0,2.4375,0.0,0.0,0.0
64,4,40,41,13,10,0,10,0,5.0,0.0,0.0,0.0
64,4,40,41,14,10,0,12,0,5.454545454545454,0.0,0.0,0.0
64,4,40,41,15,6,0,15,0,4.285714285714286,0.0,0.0,0.0
64,4,40,41,16,5,0,16,0,3.8095238095238093,0.0,0.0,0.0
64,4,40,41,17,4,0,16,0,3.2,0.0,0.0,0.0
64,4,40,41,18,5,0,15,0,3.75,0.0,0.0,0.0
64,4,40,41,19,4,2,15,0,3.1578947368421053,0.5,0.0,0.5
64,4,40,41,20,2,0,14,0,1.75,0.0,0.0,0.0
64,4,40,41,21,4,1,10,1,2.857142857142857,0.25,0.1,0.15
64,4,40,41,22,1,0,10,0,0.9090909090909091,0.0,0.0,0.0
64,4,40,41,23,2,1,8,0,1.6,0.5,0.0,0.5
64,4,48,49,6,1,0,5,0,0.8333333333333334,0.0,0.0,0.0
64,4,48,49,7,2,0,7,0,1.5555555555555556,0.0,0.0,0.0
64,4,48,49,8,2,0,9,0,1.6363636363636365,0.0,0.0,0.0
64,4,48,49,9,1,0,12,0,0.9230769230769231,0.0,0.0,0.0
64,4,48,49,10,6,0,13,0,4.105263157894737,0.0,0.0,0.0
64,4,48,49,11,3,0,17,0,2.55,0.0,0.0,0.0
64,4,48,49,12,6,0,19,0,4.56,0.0,0.0,0.0
64,4,48,49,13,6,0,21,0,4.666666666666667,0.0,0.0,0.0
64,4,48,49,14,4,0,23,0,3.4074074074074074,0.0,0.0,0.0
64,4,48,49,15,1,0,25,0,0.9615384615384616,0.0,0.0,0.0
64,4,48,49,16,2,0,23,0,1.84,0.0,0.0,0.0
64,4,48,49,20,2,0,16,0,1.7777777777777777,0.0,0.0,0.0
64,4,48,49,21,1,0,13,0,0.9285714285714286,0.0,0.0,0.0
64,4,48,49,22,2,0,9,0,1.6363636363636365,0.0,0.0,0.0
64,4,48,49,23,1,0,8,0,0.8888888888888888,0.0,0.0,0.0
64,4,48,49,24,2,0,6,0,1.5,0.0,0.0,0.0
64,4,56,57,4,1,0,1,0,0.5,0.0,0.0,0.0
64,4,56,57,5,2,0,3,0,1.2,0.0,0.0,0.0
64,4,56,57,6,1,0,7,0,0.875,0.0,0.0,0.0
64,4,56,57,7,3,0,10,0,2.3076923076923075,0.0,0.0,0.0
64,4,56,57,8,2,0,14,0,1.75,0.0,0.0,0.0
64,4,56,57,9,4,0,16,0,3.2,0.0,0.0,0.0
64,4,56,57,10,4,0,19,0,3.3043478260869565,0.0,0.0,0.0
64,4,56,57,11,2,0,23,0,1.84,0.0,0.0,0.0
64,4,56,57,12,5,0,24,0,4.137931034482759,0.0,0.0,0.0
64,4,64,65,3,1,0,2,0,0.6666666666666666,0.0,0.0,0.0
64,4,64,65,4,2,0,3,0,1.2,0.0,0.0,0.0
64,4,64,65,5,2,0,7,0,1.5555555555555556,0.0,0.0,0.0
64,4,64,65,6,2,0,10,0,1.6666666666666667,0.0,0.0,0.0
64,4,64,65,7,3,0,13,0,2.4375,0.0,0.0,0.0
64,4,64,65,8,3,0,17,0,2.55,0.0,0.0,0.0
64,4,64,65,9,2,0,21,0,1.826086956521739,0.0,0.0,0.0
64,4,64,65,10,4,0,23,0,3.4074074074074074,0.0,0.0,0.0
64,4,64,65,11,2,0,27,0,1.8620689655172413,0.0,0.0,0.0
64,4,72,73,2,1,0,6,0,0.8571428571428571,0.0,0.0,0.0
64,4,72,73,3,4,0,5,0,2.2222222222222223,0.0,0.0,0.0
64,4,72,73,4,1,0,7,0,0.875,0.0,0.0,0.0
64,4,72,73,5,2,0,11,0,1.6923076923076923,0.0,0.0,0.0
64,4,72,73,6,1,0,15,0,0.9375,0.0,0.0,0.0
64,4,72,73,7,2,0,17,0,1.7894736842105263,0.0,0.0,0.0
64,4,72,73,8,2,0,21,0,1.826086956521739,0.0,0.0,0.0
64,4,72,73,9,1,0,25,0,0.9615384615384616,0.0,0.0,0.0
64,5,8,9,7,5,3,3,0,1.875,0.6,0.0,0.6
64,5,8,9,8,16,5,7,0,4.869565217391305,0.3125,0.0,0.3125
64,5,8,9,9,4,0,22,0,3.3846153846153846,0.0,0.0,0.0
64,5,16,17,8,4,0,1,0,0.8,0.0,0.0,0.0
64,5,16,17,9,3,0,7,0,2.1,0.0,0.0,0.0
64,5,16,17,10,5,2,11,0,3.4375,0.4,0.0,0.4
64,5,16,17,11,6,1,16,0,4.363636363636363,0.16666666666666666,0.0,0.16666666666666666
64,5,16,17,12,6,4,21,0,4.666666666666667,0.6666666666666666,0.0,0.6666666666666666
64,5,16,17,13,2,1,26,1,1.8571428571428572,0.5,0.038461538461538464,0.46153846153846156
64,5,24,25,10,4,2,1,0,0.8,0.5,0.0,0.5
64,5,24,25,11,6,1,2,0,1.5,0.16666666666666666,0.0,0.16666666666666666
64,5,24,25,12,4,1,7,1,2.5454545454545454,0.25,0.14285714285714285,0.10714285714285715
64,5,24,25,13,7,5,9,1,3.9375,0.7142857142857143,0.1111111111111111,0.6031746031746033
64,5,24,25,14,5,1,13,0,3.611111111111111,0.2,0.0,0.2
64,5,24,25,15,6,3,16,0,4.363636363636363,0.5,0.0,0.5
64,5,24,25,16,2,1,19,0,1.8095238095238095,0.5,0.0,0.5
64,5,24,25,17,5,1,18,2,3.9130434782608696,0.2,0.1111111111111111,0.0888888888888889
64,5,24,25,18,2,0,17,0,1.7894736842105263,0.0,0.0,0.0
64,5,24,25,19,4,1,17,0,3.238095238095238,0.25,0.0,0.25
64,5,32,33,9,1,0,1,0,0.5,0.0,0.0,0.0
64,5,32,33,10,4,0,1,0,0.8,0.0,0.0,0.0
64,5,32,33,11,4,0,2,0,1.3333333333333333,0.0,0.0,0.0
64,5,32,33,12,3,0,2,0,1.2,0.0,0.0,0.0
64,5,32,33,13,6,2,1,0,0.8571428571428571,0.3333333333333333,0.0,0.3333333333333333
64,5,32,33,14,6,2,5,0,2.727272727272727,0.3333333333333333,0.0,0.3333333333333333
64,5,32,33,15,5,0,8,1,3.076923076923077,0.0,0.125,-0.125
64,5,32,33,16,9,1,8,0,4.235294117647059,0.1111111111111111,0.0,0.1111111111111111
64,5,32,33,17,6,2,11,0,3.8823529411764706,0.3333333333333333,0.0,0.3333333333333333
64,5,32,33,18,7,1,11,0,4.277777777777778,0.14285714285714285,0.0,0.14285714285714285
64,5,32,33,19,4,0,16,0,3.2,0.0,0.0,0.0
64,5,32,33,20,3,1,19,0,2.590909090909091,0.3333333333333333,0.0,0.3333333333333333
64,5,32,33,21,2,0,19,0,1.8095238095238095,0.0,0.0,0.0
64,5,32,33,22,3,0,17,1,2.55,0.0,0.058823529411764705,-0.058823529411764705
64,5,32,33,23,2,0,17,0,1.7894736842105263,0.0,0.0,0.0
64,5,32,33,24,2,1,17,0,1.7894736842105263,0.5,0.0,0.5
64,5,32,33,27,1,0,17,0,0.9444444444444444,0.0,0.0,0.0
64,5,32,33,29,2,0,19,0,1.8095238095238095,0.0,0.0,0.0
64,5,40,41,7,1,0,3,0,0.75,0.0,0.0,0.0
64,5,40,41,8,1,0,5,0,0.8333333333333334,0.0,0.0,0.0
64,5,40,41,9,1,0,7,0,0.875,0.0,0.0,0.0
64,5,40,41,11,3,0,9,1,2.25,0.0,0.1111111111111111,-0.1111111111111111
64,5,40,41,12,3,0,8,0,2.1818181818181817,0.0,0.0,0.0
64,5,40,41,13,9,0,5,0,3.2142857142857144,0.0,0.0,0.0
64,5,40,41,14,5,0,7,0,2.9166666666666665,0.0,0.0,0.0
64,5,40,41,15,13,0,4,0,3.0588235294117645,0.0,0.0,0.0
64,5,40,41,16,8,1,11,0,4.631578947368421,0.125,0.0,0.125
64,5,40,41,17,7,0,14,1,4.666666666666667,0.0,0.07142857142857142,-0.07142857142857142
64,5,40,41,18,5,1,16,1,3.8095238095238093,0.2,0.0625,0.1375
64,5,40,41,19,3,0,18,0,2.5714285714285716,0.0,0.0,0.0
64,5,40,41,20,1,0,20,0,0.9523809523809523,0.0,0.0,0.0
64,5,40,41,21,6,0,16,0,4.363636363636363,0.0,0.0,0.0
64,5,40,41,22,1,0,18,0,0.9473684210526315,0.0,0.0,0.0
64,5,40,41,23,3,0,16,0,2.526315789473684,0.0,0.0,0.0
64,5,40,41,24,1,0,17,0,0.9444444444444444,0.0,0.0,0.0
64,5,40,41,25,4,0,14,0,3.111111111111111,0.0,0.0,0.0
64,5,40,41,26,1,0,16,0,0.9411764705882353,0.0,0.0,0.0
64,5,40,41,27,2,0,15,0,1.7647058823529411,0.0,0.0,0.0
64,5,40,41,28,1,0,17,0,0.9444444444444444,0.0,0.0,0.0
64,5,40,41,29,1,0,20,0,0.9523809523809523,0.0,0.0,0.0
64,5,48,49,5,2,0,1,0,0.6666666666666666,0.0,0.0,0.0
64,5,48,49,6,3,0,1,0,0.75,0.0,0.0,0.0
64,5,48,49,7,1,0,6,0,0.8571428571428571,0.0,0.0,0.0
64,5,48,49,8,3,0,7,0,2.1,0.0,0.0,0.0
64,5,48,49,9,3,0,9,0,2.25,0.0,0.0,0.0
64,5,48,49,10,4,0,11,0,2.933333333333333,0.0,0.0,0.0
64,5,48,49,11,5,0,14,0,3.6842105263157894,0.0,0.0,0.0
64,5,48,49,12,2,0,17,0,1.7894736842105263,0.0,0.0,0.0
64,5,48,49,13,9,0,16,0,5.76,0.0,0.0,0.0
64,5,48,49,14,2,0,21,0,1.826086956521739,0.0,0.0,0.0
64,5,48,49,15,5,0,20,0,4.0,0.0,0.0,0.0
64,5,48,49,16,1,0,24,0,0.96,0.0,0.0,0.0
64,5,56,57,2,1,0,1,0,0.5,0.0,0.0,0.0
64,5,56,57,3,4,0,1,0,0.8,0.0,0.0,0.0
64,5,56,57,4,2,0,4,0,1.3333333333333333,0.0,0.0,0.0
64,5,56,57,5,1,0,6,0,0.8571428571428571,0.0,0.0,0.0
64,5,56,57,6,3,0,6,0,2.0,0.0,0.0,0.0
64,5,56,57,7,3,0,10,0,2.3076923076923075,0.0,0.0,0.0
64,5,56,57,8,1,0,13,0,0.9285714285714286,0.0,0.0,0.0
64,5,56,57,9,5,0,13,0,3.611111111111111,0.0,0.0,0.0
64,5,56,57,10,1,0,16,0,0.9411764705882353,0.0,0.0,0.0
64,5,56,57,11,7,0,17,0,4.958333333333333,0.0,0.0,0.0
64,5,56,57,12,3,0,22,0,2.64,0.0,0.0,0.0
64,5,56,57,13,6,0,22,0,4.714285714285714,0.0,0.0,0.0
64,5,64,65,1,3,0,1,0,0.75,0.0,0.0,0.0
64,5,64,65,2,2,0,4,0,1.3333333333333333,0.0,0.0,0.0
64,5,64,65,3,5,0,4,0,2.2222222222222223,0.0,0.0,0.0
64,5,64,65,4,1,0,7,0,0.875,0.0,0.0,0.0
64,5,64,65,5,4,0,8,0,2.6666666666666665,0.0,0.0,0.0
64,5,64,65,6,3,0,10,0,2.3076923076923075,0.0,0.0,0.0
64,5,64,65,7,5,0,13,0,3.611111111111111,0.0,0.0,0.0
64,5,64,65,8,4,0,18,0,3.272727272727273,0.0,0.0,0.0
64,5,64,65,9,5,0,20,0,4.0,0.0,0.0,0.0
64,5,64,65,10,1,0,23,0,0.9583333333333334,0.0,0.0,0.0
64,5,64,65,11,4,0,23,0,3.4074074074074074,0.0,0.0,0.0
64,5,72,73,3,2,0,9,0,1.6363636363636365,0.0,0.0,0.0
64,5,72,73,5,3,0,13,0,2.4375,0.0,0.0,0.0
64,5,72,73,7,2,0,20,0,1.8181818181818181,0.0,0.0,0.0
64,6,8,9,8,19,7,2,0,1.8095238095238095,0.3684210526315789,0.0,0.3684210526315789
64,6,8,9,9,2,0,19,0,1.8095238095238095,0.0,0.0,0.0
64,6,16,17,11,3,0,3,0,1.5,0.0,0.0,0.0
64,6,16,17,12,3,1,5,0,1.875,0.3333333333333333,0.0,0.3333333333333333
64,6,16,17,13,1,0,5,0,0.8333333333333334,0.0,0.0,0.0
64,6,16,17,14,1,0,6,0,0.8571428571428571,0.0,0.0,0.0
64,6,24,25,5,2,0,1,0,0.6666666666666666,0.0,0.0,0.0
64,6,24,25,6,3,1,1,0,0.75,0.3333333333333333,0.0,0.3333333333333333
64,6,24,25,7,1,0,1,0,0.5,0.0,0.0,0.0
64,6,24,25,15,2,0,2,0,1.0,0.0,0.0,0.0
64,6,32,33,3,2,0,1,0,0.6666666666666666,0.0,0.0,0.0
64,6,32,33,4,1,0,3,0,0.75,0.0,0.0,0.0
64,6,32,33,5,2,0,4,0,1.3333333333333333,0.0,0.0,0.0
64,6,32,33,6,1,0,4,0,0.8,0.0,0.0,0.0
64,6,32,33,7,1,0,3,0,0.75,0.0,0.0,0.0
64,6,32,33,8,3,0,2,0,1.2,0.0,0.0,0.0
64,6,32,33,9,2,0,2,0,1.0,0.0,0.0,0.0
64,6,32,33,10,1,0,2,0,0.6666666666666666,0.0,0.0,0.0
64,6,32,33,11,2,0,1,0,0.6666666666666666,0.0,0.0,0.0
64,6,32,33,16,3,1,3,0,1.5,0.3333333333333333,0.0,0.3333333333333333
64,6,32,33,17,1,0,7,0,0.875,0.0,0.0,0.0
64,6,32,33,18,2,0,11,0,1.6923076923076923,0.0,0.0,0.0
64,6,32,33,19,2,1,14,0,1.75,0.5,0.0,0.5
64,6,32,33,20,3,0,15,0,2.5,0.0,0.0,0.0
64,6,32,33,21,2,1,16,0,1.7777777777777777,0.5,0.0,0.5
64,6,32,33,22,3,1,18,0,2.5714285714285716,0.3333333333333333,0.0,0.3333333333333333
64,6,32,33,23,2,0,22,0,1.8333333333333333,0.0,0.0,0.0
64,6,32,33,24,2,0,25,0,1.8518518518518519,0.0,0.0,0.0
64,6,32,33,26,2,0,32,0,1.8823529411764706,0.0,0.0,0.0
64,6,32,33,27,2,0,33,0,1.8857142857142857,0.0,0.0,0.0
64,6,32,33,28,2,0,35,0,1.8918918918918919,0.0,0.0,0.0
64,6,32,33,29,2,0,37,0,1.8974358974358974,0.0,0.0,0.0
64,6,40,41,3,4,0,2,0,1.3333333333333333,0.0,0.0,0.0
64,6,40,41,4,1,0,4,0,0.8,0.0,0.0,0.0
64,6,40,41,5,4,1,5,0,2.2222222222222223,0.25,0.0,0.25
64,6,40,41,6,1,0,6,0,0.8571428571428571,0.0,0.0,0.0
64,6,40,41,7,4,0,5,0,2.2222222222222223,0.0,0.0,0.0
64,6,40,41,8,4,0,4,0,2.0,0.0,0.0,0.0
64,6,40,41,9,3,0,4,0,1.7142857142857142,0.0,0.0,0.0
64,6,40,41,10,6,0,2,0,1.5,0.0,0.0,0.0
64,6,40,41,11,3,0,3,0,1.5,0.0,0.0,0.0
64,6,40,41,12,2,0,2,0,1.0,0.0,0.0,0.0
64,6,40,41,14,1,0,2,0,0.6666666666666666,0.0,0.0,0.0
64,6,40,41,15,1,0,2,0,0.6666666666666666,0.0,0.0,0.0
64,6,40,41,21,4,1,16,0,3.2,0.25,0.0,0.25
64,6,40,41,23,4,1,20,0,3.3333333333333335,0.25,0.0,0.25
64,6,40,41,24,1,0,24,0,0.96,0.0,0.0,0.0
64,6,40,41,25,1,0,28,0,0.9655172413793104,0.0,0.0,0.0
64,6,40,41,26,1,0,31,0,0.96875,0.0,0.0,0.0
64,6,40,41,28,1,0,36,0,0.972972972972973,0.0,0.0,0.0
64,6,40,41,29,2,2,37,0,1.8974358974358974,1.0,0.0,1.0
64,6,40,41,30,2,0,37,0,1.8974358974358974,0.0,0.0,0.0
64,6,40,41,31,1,0,37,0,0.9736842105263158,0.0,0.0,0.0
64,6,40,41,32,2,0,34,0,1.8888888888888888,0.0,0.0,0.0
64,6,48,49,2,1,0,3,0,0.75,0.0,0.0,0.0
64,6,48,49,3,5,0,3,0,1.875,0.0,0.0,0.0
64,6,48,49,5,7,0,6,0,3.230769230769231,0.0,0.0,0.0
64,6,48,49,6,2,0,10,0,1.6666666666666667,0.0,0.0,0.0
64,6,48,49,7,10,0,6,0,3.75,0.0,0.0,0.0
64,6,48,49,8,2,0,12,0,1.7142857142857142,0.0,0.0,0.0
64,6,48,49,9,4,0,10,0,2.857142857142857,0.0,0.0,0.0
64,6,48,49,11,1,1,8,0,0.8888888888888888,1.0,0.0,1.0
64,6,48,49,13,1,0,3,0,0.75,0.0,0.0,0.0
64,6,48,49,15,1,0,2,0,0.6666666666666666,0.0,0.0,0.0
64,6,48,49,19,1,0,15,0,0.9375,0.0,0.0,0.0
64,6,48,49,21,2,0,17,0,1.7894736842105263,0.0,0.0,0.0
64,6,48,49,22,3,1,19,0,2.590909090909091,0.3333333333333333,0.0,0.3333333333333333
64,6,48,49,23,2,0,23,0,1.84,0.0,0.0,0.0
64,6,48,49,24,1,0,25,0,0.9615384615384616,0.0,0.0,0.0
64,6,48,49,25,2,0,28,0,1.8666666666666667,0.0,0.0,0.0
64,6,48,49,26,1,0,31,0,0.96875,0.0,0.0,0.0
64,6,48,49,27,1,0,33,0,0.9705882352941176,0.0,0.0,0.0
64,6,48,49,28,2,0,35,0,1.8918918918918919,0.0,0.0,0.0
64,6,48,49,29,4,0,34,0,3.5789473684210527,0.0,0.0,0.0
64,6,48,49,30,1,0,37,0,0.9736842105263158,0.0,0.0,0.0
64,6,48,49,31,4,0,35,0,3.58974358974359,0.0,0.0,0.0
64,6,48,49,33,2,0,32,0,1.8823529411764706,0.0,0.0,0.0
64,6,56,57,3,4,0,8,0,2.6666666666666665,0.0,0.0,0.0
64,6,56,57,4,1,0,12,0,0.9230769230769231,0.0,0.0,0.0
64,6,56,57,5,2,0,15,0,1.7647058823529411,0.0,0.0,0.0
64,6,56,57,6,2,0,17,0,1.7894736842105263,0.0,0.0,0.0
64,6,56,57,7,3,0,18,0,2.5714285714285716,0.0,0.0,0.0
64,6,56,57,8,1,0,18,0,0.9473684210526315,0.0,0.0,0.0
64,6,56,57,9,1,0,17,0,0.9444444444444444,0.0,0.0,0.0
64,6,56,57,11,1,0,11,0,0.9166666666666666,0.0,0.0,0.0
64,6,56,57,12,1,0,8,0,0.8888888888888888,0.0,0.0,0.0
64,6,56,57,14,2,0,5,0,1.4285714285714286,0.0,0.0,0.0
64,6,56,57,21,1,0,19,0,0.95,0.0,0.0,0.0
64,6,56,57,23,2,0,22,0,1.8333333333333333,0.0,0.0,0.0
64,6,56,57,24,3,0,24,0,2.6666666666666665,0.0,0.0,0.0
64,6,64,65,9,2,0,19,0,1.8095238095238095,0.0,0.0,0.0
64,6,64,65,11,1,0,13,0,0.9285714285714286,0.0,0.0,0.0
64,6,72,73,23,1,0,24,0,0.96,0.0,0.0,0.0
64,6,72,73,25,2,0,28,0,1.8666666666666667,0.0,0.0,0.0
64,6,72,73,26,2,0,31,0,1.878787878787879,0.0,0.0,0.0
64,6,72,73,27,2,0,33,0,1.8857142857142857,0.0,0.0,0.0
64,6,72,73,28,3,0,35,0,2.763157894736842,0.0,0.0,0.0
64,6,72,73,30,3,1,37,0,2.775,0.3333333333333333,0.0,0.3333333333333333
64,6,80,81,23,1,0,24,0,0.96,0.0,0.0,0.0
64,6,80,81,25,2,0,28,0,1.8666666666666667,0.0,0.0,0.0
64,6,80,81,26,2,0,31,0,1.878787878787879,0.0,0.0,0.0
64,6,80,81,27,2,0,33,0,1.8857142857142857,0.0,0.0,0.0
64,6,80,81,28,2,0,35,0,1.8918918918918919,0.0,0.0,0.0
64,6,80,81,29,2,0,36,0,1.894736842105263,0.0,0.0,0.0
64,6,80,81,30,2,0,37,0,1.8974358974358974,0.0,0.0,0.0
64,6,80,81,31,2,0,37,0,1.8974358974358974,0.0,0.0,0.0
64,6,88,89,26,1,0,33,0,0.9705882352941176,0.0,0.0,0.0
64,6,88,89,28,3,0,35,0,2.763157894736842,0.0,0.0,0.0
64,6,88,89,30,2,0,37,0,1.8974358974358974,0.0,0.0,0.0
64,6,88,89,31,2,0,37,0,1.8974358974358974,0.0,0.0,0.0
64,6,96,97,28,1,0,37,0,0.9736842105263158,0.0,0.0,0.0
64,6,96,97,30,3,0,37,0,2.775,0.0,0.0,0.0
64,7,8,9,8,13,3,1,0,0.9285714285714286,0.23076923076923078,0.0,0.23076923076923078
64,7,16,17,11,4,1,5,0,2.2222222222222223,0.25,0.0,0.25
64,7,16,17,12,4,1,8,0,2.6666666666666665,0.25,0.0,0.25
64,7,16,17,13,2,0,10,0,1.6666666666666667,0.0,0.0,0.0
64,7,24,25,3,1,0,1,0,0.5,0.0,0.0,0.0
64,7,24,25,4,2,0,1,0,0.6666666666666666,0.0,0.0,0.0
64,7,24,25,5,1,0,1,0,0.5,0.0,0.0,0.0
64,7,24,25,14,2,1,2,0,1.0,0.5,0.0,0.5
64,7,24,25,15,4,1,3,0,1.7142857142857142,0.25,0.0,0.25
64,7,24,25,16,1,0,6,1,0.8571428571428571,0.0,0.16666666666666666,-0.16666666666666666
64,7,24,25,17,5,2,7,0,2.9166666666666665,0.4,0.0,0.4
64,7,24,25,19,1,0,12,0,0.9230769230769231,0.0,0.0,0.0
64,7,32,33,2,1,0,6,0,0.8571428571428571,0.0,0.0,0.0
64,7,32,33,3,2,0,6,0,1.5,0.0,0.0,0.0
64,7,32,33,4,4,0,4,0,2.0,0.0,0.0,0.0
64,7,32,33,5,5,0,3,0,1.875,0.0,0.0,0.0
64,7,32,33,6,3,0,1,0,0.75,0.0,0.0,0.0
64,7,32,33,7,3,0,2,0,1.2,0.0,0.0,0.0
64,7,32,33,8,3,0,1,0,0.75,0.0,0.0,0.0
64,7,32,33,10,3,0,1,0,0.75,0.0,0.0,0.0
64,7,32,33,15,5,1,2,0,1.4285714285714286,0.2,0.0,0.2
64,7,32,33,16,4,0,7,0,2.5454545454545454,0.0,0.0,0.0
64,7,32,33,17,1,0,11,0,0.9166666666666666,0.0,0.0,0.0
64,7,32,33,18,1,0,12,0,0.9230769230769231,0.0,0.0,0.0
64,7,40,41,5,2,0,10,0,1.6666666666666667,0.0,0.0,0.0
64,7,40,41,6,2,0,9,0,1.6363636363636365,0.0,0.0,0.0
64,7,40,41,7,2,0,9,0,1.6363636363636365,0.0,0.0,0.0
64,7,40,41,8,1,0,9,0,0.9,0.0,0.0,0.0
64,7,40,41,9,3,0,9,0,2.25,0.0,0.0,0.0
64,7,40,41,10,3,0,8,0,2.1818181818181817,0.0,0.0,0.0
64,7,40,41,11,2,0,7,0,1.5555555555555556,0.0,0.0,0.0
64,7,40,41,12,4,0,6,0,2.4,0.0,0.0,0.0
64,7,40,41,13,1,0,9,0,0.9,0.0,0.0,0.0
64,7,40,41,15,1,0,11,0,0.9166666666666666,0.0,0.0,0.0
64,7,48,49,10,2,0,13,0,1.7333333333333334,0.0,0.0,0.0
64,7,48,49,12,3,0,11,0,2.357142857142857,0.0,0.0,0.0
64,7,48,49,14,2,0,10,0,1.6666666666666667,0.0,0.0,0.0
64,8,8,9,7,2,0,3,0,1.2,0.0,0.0,0.0
64,8,8,9,8,7,3,6,0,3.230769230769231,0.42857142857142855,0.0,0.42857142857142855
64,8,8,9,9,5,2,13,0,3.611111111111111,0.4,0.0,0.4
64,8,16,17,10,6,3,6,0,3.0,0.5,0.0,0.5
64,8,16,17,11,3,0,11,0,2.357142857142857,0.0,0.0,0.0
64,8,16,17,12,5,3,14,0,3.6842105263157894,0.6,0.0,0.6
64,8,16,17,13,5,2,18,0,3.9130434782608696,0.4,0.0,0.4
64,8,24,25,12,4,2,8,0,2.6666666666666665,0.5,0.0,0.5
64,8,24,25,13,2,1,12,0,1.7142857142857142,0.5,0.0,0.5
64,8,24,25,14,4,1,13,0,3.0588235294117645,0.25,0.0,0.25
64,8,24,25,15,2,1,16,0,1.7777777777777777,0.5,0.0,0.5
64,8,24,25,16,4,1,15,0,3.1578947368421053,0.25,0.0,0.25
64,8,24,25,17,2,0,17,0,1.7894736842105263,0.0,0.0,0.0
64,8,24,25,18,3,1,17,0,2.55,0.3333333333333333,0.0,0.3333333333333333
64,8,24,25,20,2,0,19,0,1.8095238095238095,0.0,0.0,0.0
64,8,32,33,3,2,0,1,0,0.6666666666666666,0.0,0.0,0.0
64,8,32,33,4,2,0,1,0,0.6666666666666666,0.0,0.0,0.0
64,8,32,33,5,1,0,1,0,0.5,0.0,0.0,0.0
64,8,32,33,6,1,0,2,0,0.6666666666666666,0.0,0.0,0.0
64,8,32,33,8,1,0,5,0,0.8333333333333334,0.0,0.0,0.0
64,8,32,33,9,1,0,6,0,0.8571428571428571,0.0,0.0,0.0
64,8,32,33,10,1,0,7,0,0.875,0.0,0.0,0.0
64,8,32,33,11,1,0,7,0,0.875,0.0,0.0,0.0
64,8,32,33,13,2,0,9,0,1.6363636363636365,0.0,0.0,0.0
64,8,32,33,14,4,1,10,0,2.857142857142857,0.25,0.0,0.25
64,8,32,33,15,5,1,11,0,3.4375,0.2,0.0,0.2
64,8,32,33,16,4,1,15,0,3.1578947368421053,0.25,0.0,0.25
64,8,32,33,17,5,1,17,0,3.8636363636363638,0.2,0.0,0.2
64,8,32,33,18,2,0,20,0,1.8181818181818181,0.0,0.0,0.0
64,8,32,33,19,1,0,21,0,0.9545454545454546,0.0,0.0,0.0
64,8,40,41,1,1,0,2,0,0.6666666666666666,0.0,0.0,0.0
64,8,40,41,2,2,0,2,0,1.0,0.0,0.0,0.0
64,8,40,41,3,2,0,2,0,1.0,0.0,0.0,0.0
64,8,40,41,4,2,0,2,0,1.0,0.0,0.0,0.0
64,8,40,41,5,1,0,2,0,0.6666666666666666,0.0,0.0,0.0
64,8,40,41,6,1,0,3,0,0.75,0.0,0.0,0.0
64,8,40,41,8,2,0,6,0,1.5,0.0,0.0,0.0
64,8,40,41,9,1,0,8,0,0.8888888888888888,0.0,0.0,0.0
64,8,40,41,10,1,0,9,0,0.9,0.0,0.0,0.0
64,8,40,41,11,2,0,9,0,1.6363636363636365,0.0,0.0,0.0
64,8,40,41,12,3,0,10,0,2.3076923076923075,0.0,0.0,0.0
64,8,40,41,13,4,0,12,0,3.0,0.0,0.0,0.0
64,8,40,41,14,4,0,14,0,3.111111111111111,0.0,0.0,0.0
64,8,40,41,15,5,0,16,0,3.8095238095238093,0.0,0.0,0.0
64,8,40,41,16,3,0,20,0,2.608695652173913,0.0,0.0,0.0
64,8,40,41,17,1,0,22,0,0.9565217391304348,0.0,0.0,0.0
64,8,40,41,18,1,0,22,0,0.9565217391304348,0.0,0.0,0.0
64,8,40,41,24,2,1,12,0,1.7142857142857142,0.5,0.0,0.5
64,8,40,41,26,2,0,12,0,1.7142857142857142,0.0,0.0,0.0
64,8,40,41,27,2,1,13,0,1.7333333333333334,0.5,0.0,0.5
64,8,40,41,29,2,0,13,0,1.7333333333333334,0.0,0.0,0.0
64,8,48,49,3,1,0,6,1,0.8571428571428571,0.0,0.16666666666666666,-0.16666666666666666
64,8,48,49,4,2,0,6,0,1.5,0.0,0.0,0.0
64,8,48,49,5,2,0,5,0,1.4285714285714286,0.0,0.0,0.0
64,8,48,49,6,2,0,5,0,1.4285714285714286,0.0,0.0,0.0
64,8,48,49,8,2,0,8,0,1.6,0.0,0.0,0.0
64,8,48,49,9,1,0,10,0,0.9090909090909091,0.0,0.0,0.0
64,8,48,49,10,2,0,11,0,1.6923076923076923,0.0,0.0,0.0
64,8,48,49,11,3,0,12,0,2.4,0.0,0.0,0.0
64,8,48,49,12,6,0,13,0,4.105263157894737,0.0,0.0,0.0
64,8,48,49,13,3,0,19,0,2.590909090909091,0.0,0.0,0.0
64,8,48,49,14,1,0,23,0,0.9583333333333334,0.0,0.0,0.0
64,8,48,49,24,2,0,12,0,1.7142857142857142,0.0,0.0,0.0
64,8,48,49,26,2,0,12,0,1.7142857142857142,0.0,0.0,0.0
64,8,56,57,3,1,0,6,0,0.8571428571428571,0.0,0.0,0.0
64,8,56,57,4,1,0,7,0,0.875,0.0,0.0,0.0
64,8,56,57,5,2,0,6,0,1.5,0.0,0.0,0.0
64,8,56,57,6,2,0,7,0,1.5555555555555556,0.0,0.0,0.0
64,8,56,57,7,1,0,9,0,0.9,0.0,0.0,0.0
64,8,56,57,8,2,0,10,0,1.6666666666666667,0.0,0.0,0.0
64,8,56,57,9,1,0,13,0,0.9285714285714286,0.0,0.0,0.0
64,8,56,57,10,3,0,14,0,2.4705882352941178,0.0,0.0,0.0
64,8,56,57,12,1,0,19,0,0.95,0.0,0.0,0.0
64,8,56,57,13,1,0,21,0,0.9545454545454546,0.0,0.0,0.0
64,8,56,57,14,1,0,23,0,0.9583333333333334,0.0,0.0,0.0
64,9,8,9,7,8,6,3,0,2.1818181818181817,0.75,0.0,0.75
64,9,8,9,8,12,4,11,0,5.739130434782608,0.3333333333333333,0.0,0.3333333333333333
64,9,8,9,9,5,1,23,0,4.107142857142857,0.2,0.0,0.2
64,9,16,17,9,1,1,7,0,0.875,1.0,0.0,1.0
64,9,16,17,10,6,2,9,0,3.6,0.3333333333333333,0.0,0.3333333333333333
64,9,16,17,11,6,3,15,0,4.285714285714286,0.5,0.0,0.5
64,9,16,17,12,3,0,21,0,2.625,0.0,0.0,0.0
64,9,16,17,13,2,2,23,0,1.84,1.0,0.0,1.0
64,9,24,25,8,4,1,2,0,1.3333333333333333,0.25,0.0,0.25
64,9,24,25,9,1,0,5,0,0.8333333333333334,0.0,0.0,0.0
64,9,24,25,10,5,1,5,0,2.5,0.2,0.0,0.2
64,9,24,25,11,1,0,11,0,0.9166666666666666,0.0,0.0,0.0
64,9,24,25,13,1,0,14,0,0.9333333333333333,0.0,0.0,0.0
64,9,24,25,14,1,0,15,0,0.9375,0.0,0.0,0.0
64,9,24,25,16,2,0,16,0,1.7777777777777777,0.0,0.0,0.0
64,9,24,25,17,1,0,17,0,0.9444444444444444,0.0,0.0,0.0
64,9,32,33,7,6,0,4,0,2.4,0.0,0.0,0.0
64,9,32,33,8,5,2,7,1,2.9166666666666665,0.4,0.14285714285714285,0.2571428571428572
64,9,32,33,9,4,0,7,0,2.5454545454545454,0.0,0.0,0.0
64,9,32,33,10,7,1,6,0,3.230769230769231,0.14285714285714285,0.0,0.14285714285714285
64,9,32,33,11,7,1,6,0,3.230769230769231,0.14285714285714285,0.0,0.14285714285714285
64,9,32,33,12,10,0,7,0,4.117647058823529,0.0,0.0,0.0
64,9,32,33,13,10,0,12,0,5.454545454545454,0.0,0.0,0.0
64,9,32,33,14,4,0,17,0,3.238095238095238,0.0,0.0,0.0
64,9,32,33,15,6,0,17,0,4.434782608695652,0.0,0.0,0.0
64,9,32,33,16,3,0,18,0,2.5714285714285716,0.0,0.0,0.0
64,9,32,33,17,3,0,15,0,2.5,0.0,0.0,0.0
64,9,32,33,18,4,2,15,0,3.1578947368421053,0.5,0.0,0.5
64,9,32,33,19,1,0,19,0,0.95,0.0,0.0,0.0
64,9,32,33,20,4,0,18,0,3.272727272727273,0.0,0.0,0.0
64,9,32,33,22,2,0,18,0,1.8,0.0,0.0,0.0
64,9,32,33,23,2,0,17,0,1.7894736842105263,0.0,0.0,0.0
64,9,32,33,25,2,0,15,0,1.7647058823529411,0.0,0.0,0.0
64,9,40,41,2,4,0,1,0,0.8,0.0,0.0,0.0
64,9,40,41,3,4,0,3,0,1.7142857142857142,0.0,0.0,0.0
64,9,40,41,4,3,0,5,0,1.875,0.0,0.0,0.0
64,9,40,41,5,5,0,8,0,3.076923076923077,0.0,0.0,0.0
64,9,40,41,6,1,0,12,0,0.9230769230769231,0.0,0.0,0.0
64,9,40,41,7,4,0,15,0,3.1578947368421053,0.0,0.0,0.0
64,9,40,41,8,2,0,20,0,1.8181818181818181,0.0,0.0,0.0
64,9,40,41,9,5,0,22,0,4.074074074074074,0.0,0.0,0.0
64,9,40,41,10,4,0,23,0,3.4074074074074074,0.0,0.0,0.0
64,9,40,41,11,4,0,21,0,3.36,0.0,0.0,0.0
64,9,40,41,12,2,0,21,0,1.826086956521739,0.0,0.0,0.0
64,9,40,41,13,5,2,20,0,4.0,0.4,0.0,0.4
64,9,40,41,14,2,0,21,1,1.826086956521739,0.0,0.047619047619047616,-0.047619047619047616
64,9,40,41,15,2,0,18,0,1.8,0.0,0.0,0.0
64,9,40,41,16,3,0,17,0,2.55,0.0,0.0,0.0
64,9,40,41,17,6,0,14,0,4.2,0.0,0.0,0.0
64,9,40,41,19,2,0,19,0,1.8095238095238095,0.0,0.0,0.0
64,9,48,49,3,2,0,10,0,1.6666666666666667,0.0,0.0,0.0
64,9,48,49,5,3,0,15,0,2.5,0.0,0.0,0.0
64,9,48,49,7,2,0,22,0,1.8333333333333333,0.0,0.0,0.0
64,10,8,9,8,14,5,3,0,2.4705882352941178,0.35714285714285715,0.0,0.35714285714285715
64,10,16,17,10,1,0,4,0,0.8,0.0,0.0,0.0
64,10,16,17,11,6,3,6,0,3.0,0.5,0.0,0.5
64,10,16,17,12,8,5,12,0,4.8,0.625,0.0,0.625
64,10,16,17,13,2,1,20,0,1.8181818181818181,0.5,0.0,0.5
64,10,24,25,12,2,0,6,0,1.5,0.0,0.0,0.0
64,10,24,25,13,1,1,9,0,0.9,1.0,0.0,1.0
64,10,24,25,14,1,0,11,0,0.9166666666666666,0.0,0.0,0.0
64,10,24,25,15,4,1,12,0,3.0,0.25,0.0,0.25
64,10,24,25,16,4,1,15,0,3.1578947368421053,0.25,0.0,0.25
64,10,24,25,17,3,1,20,1,2.608695652173913,0.3333333333333333,0.05,0.2833333333333333
64,10,24,25,23,2,0,32,0,1.8823529411764706,0.0,0.0,0.0
64,10,24,25,25,2,0,36,0,1.894736842105263,0.0,0.0,0.0
64,10,32,33,17,1,0,12,0,0.9230769230769231,0.0,0.0,0.0
64,10,32,33,18,3,1,14,0,2.4705882352941178,0.3333333333333333,0.0,0.3333333333333333
64,10,32,33,19,3,3,20,0,2.608695652173913,1.0,0.0,1.0
64,10,32,33,20,1,0,25,0,0.9615384615384616,0.0,0.0,0.0
64,10,32,33,22,1,0,32,0,0.9696969696969697,0.0,0.0,0.0
64,10,40,41,10,1,0,3,0,0.75,0.0,0.0,0.0
64,10,40,41,11,1,0,5,0,0.8333333333333334,0.0,0.0,0.0
64,10,40,41,12,1,0,6,0,0.8571428571428571,0.0,0.0,0.0
64,10,40,41,13,2,0,7,0,1.5555555555555556,0.0,0.0,0.0
64,10,40,41,14,2,0,8,0,1.6,0.0,0.0,0.0
64,10,40,41,15,1,0,9,0,0.9,0.0,0.0,0.0
64,10,40,41,16,4,1,10,0,2.857142857142857,0.25,0.0,0.25
64,10,40,41,17,2,0,14,0,1.75,0.0,0.0,0.0
64,10,40,41,18,3,1,14,0,2.4705882352941178,0.3333333333333333,0.0,0.3333333333333333
64,10,40,41,19,2,0,19,0,1.8095238095238095,0.0,0.0,0.0
64,10,40,41,20,3,0,22,0,2.64,0.0,0.0,0.0
64,10,40,41,22,3,0,30,0,2.727272727272727,0.0,0.0,0.0
64,10,40,41,23,2,0,32,0,1.8823529411764706,0.0,0.0,0.0
64,10,40,41,25,2,0,36,0,1.894736842105263,0.0,0.0,0.0
64,10,48,49,11,7,1,2,0,1.5555555555555556,0.14285714285714285,0.0,0.14285714285714285
64,10,48,49,12,4,0,6,1,2.4,0.0,0.16666666666666666,-0.16666666666666666
64,10,48,49,13,7,1,6,0,3.230769230769231,0.14285714285714285,0.0,0.14285714285714285
64,10,48,49,14,4,0,8,0,2.6666666666666665,0.0,0.0,0.0
64,10,48,49,15,5,0,8,0,3.076923076923077,0.0,0.0,0.0
64,10,48,49,16,8,2,9,0,4.235294117647059,0.25,0.0,0.25
64,10,48,49,17,6,1,12,0,4.0,0.16666666666666666,0.0,0.16666666666666666
64,10,48,49,18,4,1,15,0,3.1578947368421053,0.25,0.0,0.25
64,10,48,49,19,3,0,19,0,2.590909090909091,0.0,0.0,0.0
64,10,48,49,20,4,1,24,1,3.4285714285714284,0.25,0.041666666666666664,0.20833333333333334
64,10,48,49,21,1,0,29,0,0.9666666666666667,0.0,0.0,0.0
64,10,48,49,22,1,1,31,0,0.96875,1.0,0.0,1.0
64,10,48,49,23,1,0,33,0,0.9705882352941176,0.0,0.0,0.0
64,10,56,57,6,2,0,1,0,0.6666666666666666,0.0,0.0,0.0
64,10,56,57,8,3,0,5,0,1.875,0.0,0.0,0.0
64,10,56,57,9,7,0,5,0,2.9166666666666665,0.0,0.0,0.0
64,10,56,57,10,1,0,9,0,0.9,0.0,0.0,0.0
64,10,56,57,11,7,1,7,0,3.5,0.14285714285714285,0.0,0.14285714285714285
64,10,56,57,12,5,0,11,0,3.4375,0.0,0.0,0.0
64,10,56,57,13,5,0,12,0,3.5294117647058822,0.0,0.0,0.0
64,10,56,57,14,5,0,13,0,3.611111111111111,0.0,0.0,0.0
64,10,56,57,15,5,0,13,0,3.611111111111111,0.0,0.0,0.0
64,10,56,57,16,5,0,12,0,3.5294117647058822,0.0,0.0,0.0
64,10,56,57,17,6,0,14,0,4.2,0.0,0.0,0.0
64,10,56,57,18,4,0,16,0,3.2,0.0,0.0,0.0
64,10,56,57,19,2,0,22,0,1.8333333333333333,0.0,0.0,0.0
64,10,56,57,20,1,1,26,0,0.9629629629629629,1.0,0.0,1.0
64,10,56,57,21,2,0,29,0,1.8709677419354838,0.0,0.0,0.0
64,10,56,57,22,2,0,31,0,1.878787878787879,0.0,0.0,0.0
64,10,56,57,23,1,0,32,0,0.9696969696969697,0.0,0.0,0.0
64,10,56,57,24,1,0,35,0,0.9722222222222222,0.0,0.0,0.0
64,10,56,57,25,2,0,36,0,1.894736842105263,0.0,0.0,0.0
64,10,64,65,1,3,0,1,0,0.75,0.0,0.0,0.0
64,10,64,65,2,1,0,3,0,0.75,0.0,0.0,0.0
64,10,64,65,3,1,0,4,0,0.8,0.0,0.0,0.0
64,10,64,65,4,1,0,5,0,0.8333333333333334,0.0,0.0,0.0
64,10,64,65,5,3,0,4,0,1.7142857142857142,0.0,0.0,0.0
64,10,64,65,7,4,0,7,0,2.5454545454545454,0.0,0.0,0.0
64,10,64,65,9,1,0,14,0,0.9333333333333333,0.0,0.0,0.0
64,10,64,65,11,2,0,15,0,1.7647058823529411,0.0,0.0,0.0
64,10,64,65,13,3,1,17,0,2.55,0.3333333333333333,0.0,0.3333333333333333
64,10,64,65,14,1,0,21,0,0.9545454545454546,0.0,0.0,0.0
64,10,64,65,16,3,0,19,0,2.590909090909091,0.0,0.0,0.0
64,10,64,65,18,2,0,20,0,1.8181818181818181,0.0,0.0,0.0
64,10,72,73,2,2,0,5,0,1.4285714285714286,0.0,0.0,0.0
64,10,72,73,3,1,0,6,0,0.8571428571428571,0.0,0.0,0.0
64,10,72,73,4,1,0,7,0,0.875,0.0,0.0,0.0
64,10,72,73,5,1,0,8,0,0.8888888888888888,0.0,0.0,0.0
64,10,72,73,6,2,0,9,0,1.6363636363636365,0.0,0.0,0.0
64,10,72,73,7,2,0,10,0,1.6666666666666667,0.0,0.0,0.0
64,10,72,73,8,1,0,12,0,0.9230769230769231,0.0,0.0,0.0
64,10,72,73,10,1,0,15,0,0.9375,0.0,0.0,0.0
64,10,72,73,12,1,0,18,0,0.9473684210526315,0.0,0.0,0.0
64,10,72,73,13,1,0,20,0,0.9523809523809523,0.0,0.0,0.0
64,10,72,73,14,1,0,22,0,0.9565217391304348,0.0,0.0,0.0
64,10,80,81,3,2,0,7,0,1.5555555555555556,0.0,0.0,0.0
64,10,80,81,4,1,0,9,0,0.9,0.0,0.0,0.0
64,10,80,81,5,3,0,8,0,2.1818181818181817,0.0,0.0,0.0
64,10,80,81,6,2,0,10,0,1.6666666666666667,0.0,0.0,0.0
64,10,80,81,7,3,0,11,0,2.357142857142857,0.0,0.0,0.0
64,10,80,81,8,3,0,13,0,2.4375,0.0,0.0,0.0
64,10,80,81,10,1,0,16,0,0.9411764705882353,0.0,0.0,0.0
64,10,80,81,11,1,0,18,0,0.9473684210526315,0.0,0.0,0.0
64,10,80,81,12,1,0,20,0,0.9523809523809523,0.0,0.0,0.0
64,11,8,9,8,9,3,2,0,1.6363636363636365,0.3333333333333333,0.0,0.3333333333333333
64,11,8,9,9,5,0,10,0,3.3333333333333335,0.0,0.0,0.0
64,11,16,17,10,4,1,3,0,1.7142857142857142,0.25,0.0,0.25
64,11,16,17,11,7,2,5,0,2.9166666666666665,0.2857142857142857,0.0,0.2857142857142857
64,11,16,17,12,2,0,11,0,1.6923076923076923,0.0,0.0,0.0
64,11,16,17,13,3,2,13,0,2.4375,0.6666666666666666,0.0,0.6666666666666666
64,11,24,25,13,6,1,2,0,1.5,0.16666666666666666,0.0,0.16666666666666666
64,11,24,25,14,3,1,6,0,2.0,0.3333333333333333,0.0,0.3333333333333333
64,11,24,25,15,5,1,5,0,2.5,0.2,0.0,0.2
64,11,24,25,16,3,1,7,0,2.1,0.3333333333333333,0.0,0.3333333333333333
64,11,24,25,17,1,0,7,0,0.875,0.0,0.0,0.0
64,11,24,25,19,2,2,4,0,1.3333333333333333,1.0,0.0,1.0
64,11,24,25,21,2,0,3,1,1.2,0.0,0.3333333333333333,-0.3333333333333333
64,11,32,33,13,5,0,1,0,0.8333333333333334,0.0,0.0,0.0
64,11,32,33,14,5,0,3,0,1.875,0.0,0.0,0.0
64,11,32,33,15,6,1,2,0,1.5,0.16666666666666666,0.0,0.16666666666666666
64,11,32,33,16,3,0,4,0,1.7142857142857142,0.0,0.0,0.0
64,11,32,33,17,5,0,2,0,1.4285714285714286,0.0,0.0,0.0
64,11,32,33,18,3,0,3,0,1.5,0.0,0.0,0.0
64,11,32,33,19,1,0,4,0,0.8,0.0,0.0,0.0
64,11,32,33,20,4,1,1,0,0.8,0.25,0.0,0.25
64,11,32,33,21,1,0,3,1,0.75,0.0,0.3333333333333333,-0.3333333333333333
64,11,32,33,23,1,0,4,0,0.8,0.0,0.0,0.0
64,11,40,41,8,4,0,1,0,0.8,0.0,0.0,0.0
64,11,40,41,9,7,0,1,0,0.875,0.0,0.0,0.0
64,11,40,41,10,7,0,3,0,2.1,0.0,0.0,0.0
64,11,40,41,11,7,0,5,0,2.9166666666666665,0.0,0.0,0.0
64,11,40,41,12,5,0,9,0,3.2142857142857144,0.0,0.0,0.0
64,11,40,41,13,4,0,10,0,2.857142857142857,0.0,0.0,0.0
64,11,40,41,14,1,0,12,0,0.9230769230769231,0.0,0.0,0.0
64,11,40,41,15,1,0,11,0,0.9166666666666666,0.0,0.0,0.0
64,11,40,41,16,1,0,10,0,0.9090909090909091,0.0,0.0,0.0
64,11,40,41,27,1,0,7,0,0.875,0.0,0.0,0.0
64,11,40,41,29,2,0,8,0,1.6,0.0,0.0,0.0
64,11,40,41,37,2,0,15,0,1.7647058823529411,0.0,0.0,0.0
64,11,40,41,39,2,0,17,0,1.7894736842105263,0.0,0.0,0.0
64,11,48,49,1,2,0,1,0,0.6666666666666666,0.0,0.0,0.0
64,11,48,49,2,2,0,2,0,1.0,0.0,0.0,0.0
64,11,48,49,3,1,0,4,0,0.8,0.0,0.0,0.0
64,11,48,49,4,2,0,5,0,1.4285714285714286,0.0,0.0,0.0
64,11,48,49,5,1,0,8,0,0.8888888888888888,0.0,0.0,0.0
64,11,48,49,6,3,0,8,0,2.1818181818181817,0.0,0.0,0.0
64,11,48,49,7,2,0,11,0,1.6923076923076923,0.0,0.0,0.0
64,11,48,49,37,2,0,15,0,1.7647058823529411,0.0,0.0,0.0
64,11,48,49,39,2,0,17,0,1.7894736842105263,0.0,0.0,0.0
64,11,56,57,45,2,0,23,0,1.84,0.0,0.0,0.0
64,11,56,57,47,2,0,25,0,1.8518518518518519,0.0,0.0,0.0
64,11,64,65,44,2,0,22,0,1.8333333333333333,0.0,0.0,0.0
64,11,64,65,46,2,0,24,0,1.8461538461538463,0.0,0.0,0.0
64,12,8,9,8,18,9,3,1,2.5714285714285716,0.5,0.3333333333333333,0.16666666666666669
64,12,8,9,9,2,0,21,0,1.826086956521739,0.0,0.0,0.0
64,12,16,17,10,1,0,1,0,0.5,0.0,0.0,0.0
64,12,16,17,11,4,2,3,0,1.7142857142857142,0.5,0.0,0.5
64,12,16,17,12,9,6,7,0,3.9375,0.6666666666666666,0.0,0.6666666666666666
64,12,16,17,13,5,4,14,0,3.6842105263157894,0.8,0.0,0.8
64,12,16,17,14,2,0,17,0,1.7894736842105263,0.0,0.0,0.0
64,12,24,25,6,2,0,1,0,0.6666666666666666,0.0,0.0,0.0
64,12,24,25,7,2,0,2,0,1.0,0.0,0.0,0.0
64,12,24,25,8,4,0,1,0,0.8,0.0,0.0,0.0
64,12,24,25,9,3,0,1,0,0.75,0.0,0.0,0.0
64,12,24,25,10,5,0,2,0,1.4285714285714286,0.0,0.0,0.0
64,12,24,25,11,2,0,6,0,1.5,0.0,0.0,0.0
64,12,24,25,12,2,0,7,0,1.5555555555555556,0.0,0.0,0.0
64,12,24,25,14,1,0,12,0,0.9230769230769231,0.0,0.0,0.0
64,12,24,25,15,1,1,16,0,0.9411764705882353,1.0,0.0,1.0
64,12,24,25,16,2,1,18,0,1.8,0.5,0.0,0.5
64,12,24,25,17,2,1,20,0,1.8181818181818181,0.5,0.0,0.5
64,12,24,25,18,1,1,23,0,0.9583333333333334,1.0,0.0,1.0
64,12,24,25,19,1,1,25,0,0.9615384615384616,1.0,0.0,1.0
64,12,32,33,3,2,0,1,0,0.6666666666666666,0.0,0.0,0.0
64,12,32,33,4,2,0,3,0,1.2,0.0,0.0,0.0
64,12,32,33,5,3,1,5,0,1.875,0.3333333333333333,0.0,0.3333333333333333
64,12,32,33,6,4,0,7,0,2.5454545454545454,0.0,0.0,0.0
64,12,32,33,7,6,1,9,0,3.6,0.16666666666666666,0.0,0.16666666666666666
64,12,32,33,8,2,0,11,0,1.6923076923076923,0.0,0.0,0.0
64,12,32,33,9,3,0,11,0,2.357142857142857,0.0,0.0,0.0
64,12,32,33,10,3,0,10,0,2.3076923076923075,0.0,0.0,0.0
64,12,32,33,11,3,0,8,0,2.1818181818181817,0.0,0.0,0.0
64,12,32,33,13,6,1,6,0,3.0,0.16666666666666666,0.0,0.16666666666666666
64,12,32,33,14,5,1,6,0,2.727272727272727,0.2,0.0,0.2
64,12,32,33,15,8,0,8,0,4.0,0.0,0.0,0.0
64,12,32,33,16,6,0,14,0,4.2,0.0,0.0,0.0
64,12,32,33,17,2,0,20,0,1.8181818181818181,0.0,0.0,0.0
64,12,32,33,18,1,0,24,0,0.96,0.0,0.0,0.0
64,12,32,33,21,2,1,26,0,1.8571428571428572,0.5,0.0,0.5
64,12,32,33,23,4,0,26,0,3.466666666666667,0.0,0.0,0.0
64,12,32,33,24,2,0,29,1,1.8709677419354838,0.0,0.034482758620689655,-0.034482758620689655
64,12,32,33,25,4,0,26,0,3.466666666666667,0.0,0.0,0.0
64,12,32,33,26,3,0,27,0,2.7,0.0,0.0,0.0
64,12,32,33,27,1,0,29,0,0.9666666666666667,0.0,0.0,0.0
64,12,32,33,28,3,0,28,0,2.7096774193548385,0.0,0.0,0.0
64,12,40,41,2,1,0,3,0,0.75,0.0,0.0,0.0
64,12,40,41,3,6,0,3,0,2.0,0.0,0.0,0.0
64,12,40,41,4,3,0,8,0,2.1818181818181817,0.0,0.0,0.0
64,12,40,41,5,4,0,10,0,2.857142857142857,0.0,0.0,0.0
64,12,40,41,6,4,0,13,0,3.0588235294117645,0.0,0.0,0.0
64,12,40,41,7,2,0,16,0,1.7777777777777777,0.0,0.0,0.0
64,12,40,41,8,4,0,15,0,3.1578947368421053,0.0,0.0,0.0
64,12,40,41,9,3,0,17,0,2.55,0.0,0.0,0.0
64,12,40,41,10,4,0,16,0,3.2,0.0,0.0,0.0
64,12,40,41,11,5,1,15,0,3.75,0.2,0.0,0.2
64,12,40,41,12,4,0,15,0,3.1578947368421053,0.0,0.0,0.0
64,12,40,41,13,4,0,14,0,3.111111111111111,0.0,0.0,0.0
64,12,40,41,14,2,1,14,0,1.75,0.5,0.0,0.5
64,12,40,41,15,4,0,14,0,3.111111111111111,0.0,0.0,0.0
64,12,40,41,16,5,0,14,0,3.6842105263157894,0.0,0.0,0.0
64,12,40,41,17,5,1,14,1,3.6842105263157894,0.2,0.07142857142857142,0.1285714285714286
64,12,40,41,18,3,0,17,0,2.55,0.0,0.0,0.0
64,12,40,41,19,5,0,18,0,3.9130434782608696,0.0,0.0,0.0
64,12,40,41,20,4,0,21,0,3.36,0.0,0.0,0.0
64,12,40,41,21,5,1,22,0,4.074074074074074,0.2,0.0,0.2
64,12,40,41,22,4,0,23,1,3.4074074074074074,0.0,0.043478260869565216,-0.043478260869565216
64,12,40,41,23,6,0,23,0,4.758620689655173,0.0,0.0,0.0
64,12,40,41,24,4,0,26,0,3.466666666666667,0.0,0.0,0.0
64,12,40,41,25,5,0,24,1,4.137931034482759,0.0,0.041666666666666664,-0.041666666666666664
64,12,40,41,26,3,0,26,0,2.689655172413793,0.0,0.0,0.0
64,12,40,41,27,3,0,27,0,2.7,0.0,0.0,0.0
64,12,40,41,28,1,0,29,0,0.9666666666666667,0.0,0.0,0.0
64,12,40,41,29,1,0,29,0,0.9666666666666667,0.0,0.0,0.0
64,12,48,49,3,2,0,10,0,1.6666666666666667,0.0,0.0,0.0
64,12,48,49,5,2,0,17,0,1.7894736842105263,0.0,0.0,0.0
64,12,48,49,7,2,0,20,0,1.8181818181818181,0.0,0.0,0.0
64,12,48,49,12,3,1,17,0,2.55,0.3333333333333333,0.0,0.3333333333333333
64,12,48,49,13,2,0,15,0,1.7647058823529411,0.0,0.0,0.0
64,12,48,49,14,3,1,12,0,2.4,0.3333333333333333,0.0,0.3333333333333333
64,12,48,49,15,3,0,12,0,2.4,0.0,0.0,0.0
64,12,48,49,16,2,0,11,0,1.6923076923076923,0.0,0.0,0.0
64,12,48,49,17,3,0,12,0,2.4,0.0,0.0,0.0
64,12,48,49,18,4,0,14,0,3.111111111111111,0.0,0.0,0.0
64,12,48,49,19,3,1,17,0,2.55,0.3333333333333333,0.0,0.3333333333333333
64,12,48,49,20,7,3,15,0,4.7727272727272725,0.42857142857142855,0.0,0.42857142857142855
64,12,48,49,21,6,3,17,0,4.434782608695652,0.5,0.0,0.5
64,12,48,49,22,7,0,18,0,5.04,0.0,0.0,0.0
64,12,48,49,23,5,0,22,0,4.074074074074074,0.0,0.0,0.0
64,12,48,49,24,4,0,25,0,3.4482758620689653,0.0,0.0,0.0
64,12,48,49,25,4,0,25,0,3.4482758620689653,0.0,0.0,0.0
64,12,48,49,26,3,0,27,0,2.7,0.0,0.0,0.0
64,12,48,49,27,2,0,29,0,1.8709677419354838,0.0,0.0,0.0
64,12,56,57,11,1,0,20,0,0.9523809523809523,0.0,0.0,0.0
64,12,56,57,13,3,0,17,0,2.55,0.0,0.0,0.0
64,12,56,57,14,2,0,16,0,1.7777777777777777,0.0,0.0,0.0
64,12,56,57,15,3,0,16,0,2.526315789473684,0.0,0.0,0.0
64,12,56,57,16,4,0,15,0,3.1578947368421053,0.0,0.0,0.0
64,12,56,57,17,5,0,15,0,3.75,0.0,0.0,0.0
64,12,56,57,18,4,0,19,0,3.3043478260869565,0.0,0.0,0.0
64,12,56,57,19,4,0,22,0,3.3846153846153846,0.0,0.0,0.0
64,13,8,9,8,11,4,1,0,0.9166666666666666,0.36363636363636365,0.0,0.36363636363636365
64,13,8,9,9,2,0,12,0,1.7142857142857142,0.0,0.0,0.0
64,13,16,17,10,2,1,3,0,1.2,0.5,0.0,0.5
64,13,16,17,11,2,0,6,0,1.5,0.0,0.0,0.0
64,13,16,17,12,5,3,9,0,3.2142857142857144,0.6,0.0,0.6
64,13,16,17,13,5,0,15,0,3.75,0.0,0.0,0.0
64,13,16,17,14,4,2,18,0,3.272727272727273,0.5,0.0,0.5
64,13,24,25,11,2,2,5,0,1.4285714285714286,1.0,0.0,1.0
64,13,24,25,12,3,1,8,0,2.1818181818181817,0.3333333333333333,0.0,0.3333333333333333
64,13,24,25,14,2,0,12,0,1.7142857142857142,0.0,0.0,0.0
64,13,24,25,15,3,1,14,0,2.4705882352941178,0.3333333333333333,0.0,0.3333333333333333
64,13,24,25,16,1,1,17,0,0.9444444444444444,1.0,0.0,1.0
64,13,24,25,17,1,0,18,0,0.9473684210526315,0.0,0.0,0.0
64,13,32,33,11,1,0,5,0,0.8333333333333334,0.0,0.0,0.0
64,13,32,33,14,2,1,10,0,1.6666666666666667,0.5,0.0,0.5
64,13,32,33,15,2,0,12,0,1.7142857142857142,0.0,0.0,0.0
64,13,32,33,16,1,0,14,0,0.9333333333333333,0.0,0.0,0.0
64,13,32,33,17,2,0,15,0,1.7647058823529411,0.0,0.0,0.0
64,13,32,33,19,2,1,16,0,1.7777777777777777,0.5,0.0,0.5
64,13,32,33,21,3,1,14,0,2.4705882352941178,0.3333333333333333,0.0,0.3333333333333333
64,13,32,33,23,3,0,12,0,2.4,0.0,0.0,0.0
64,13,32,33,24,4,0,12,0,3.0,0.0,0.0,0.0
64,13,32,33,25,2,0,13,0,1.7333333333333334,0.0,0.0,0.0
64,13,32,33,26,4,0,12,0,3.0,0.0,0.0,0.0
64,13,40,41,11,2,0,5,0,1.4285714285714286,0.0,0.0,0.0
64,13,40,41,14,2,1,8,0,1.6,0.5,0.0,0.5
64,13,40,41,16,2,1,10,0,1.6666666666666667,0.5,0.0,0.5
64,13,40,41,17,1,0,11,0,0.9166666666666666,0.0,0.0,0.0
64,13,40,41,18,7,3,7,0,3.5,0.42857142857142855,0.0,0.42857142857142855
64,13,40,41,19,7,1,4,0,2.5454545454545454,0.14285714285714285,0.0,0.14285714285714285
64,13,40,41,20,5,1,5,0,2.5,0.2,0.0,0.2
64,13,40,41,21,8,1,3,0,2.1818181818181817,0.125,0.0,0.125
64,13,40,41,22,3,0,7,0,2.1,0.0,0.0,0.0
64,13,40,41,23,11,0,5,0,3.4375,0.0,0.0,0.0
64,13,40,41,24,5,0,10,0,3.3333333333333335,0.0,0.0,0.0
64,13,40,41,25,6,0,8,0,3.4285714285714284,0.0,0.0,0.0
64,13,40,41,26,5,0,10,0,3.3333333333333335,0.0,0.0,0.0
64,13,40,41,27,2,0,13,0,1.7333333333333334,0.0,0.0,0.0
64,13,40,41,33,2,0,11,0,1.6923076923076923,0.0,0.0,0.0
64,13,40,41,35,2,0,11,0,1.6923076923076923,0.0,0.0,0.0
64,13,48,49,7,1,0,1,0,0.5,0.0,0.0,0.0
64,13,48,49,8,3,0,1,0,0.75,0.0,0.0,0.0
64,13,48,49,9,1,0,3,0,0.75,0.0,0.0,0.0
64,13,48,49,10,2,0,3,0,1.2,0.0,0.0,0.0
64,13,48,49,11,3,0,3,0,1.5,0.0,0.0,0.0
64,13,48,49,12,5,3,3,0,1.875,0.6,0.0,0.6
64,13,48,49,13,3,0,5,0,1.875,0.0,0.0,0.0
64,13,48,49,14,2,0,5,0,1.4285714285714286,0.0,0.0,0.0
64,13,48,49,15,5,0,4,0,2.2222222222222223,0.0,0.0,0.0
64,13,48,49,16,6,4,2,0,1.5,0.6666666666666666,0.0,0.6666666666666666
64,13,48,49,17,5,1,2,0,1.4285714285714286,0.2,0.0,0.2
64,13,48,49,18,4,0,3,0,1.7142857142857142,0.0,0.0,0.0
64,13,48,49,19,7,0,1,0,0.875,0.0,0.0,0.0
64,13,48,49,20,6,0,3,0,2.0,0.0,0.0,0.0
64,13,48,49,21,10,0,4,0,2.857142857142857,0.0,0.0,0.0
64,13,48,49,22,2,0,13,0,1.7333333333333334,0.0,0.0,0.0
64,13,48,49,26,1,0,15,0,0.9375,0.0,0.0,0.0
64,13,48,49,28,3,0,11,0,2.357142857142857,0.0,0.0,0.0
64,13,48,49,29,1,0,12,0,0.9230769230769231,0.0,0.0,0.0
64,13,48,49,30,2,0,11,1,1.6923076923076923,0.0,0.09090909090909091,-0.09090909090909091
64,13,48,49,31,5,0,9,0,3.2142857142857144,0.0,0.0,0.0
64,13,48,49,33,2,0,11,0,1.6923076923076923,0.0,0.0,0.0
64,13,56,57,6,3,0,1,0,0.75,0.0,0.0,0.0
64,13,56,57,7,2,1,3,0,1.2,0.5,0.0,0.5
64,13,56,57,9,3,0,4,0,1.7142857142857142,0.0,0.0,0.0
64,13,56,57,11,3,0,3,0,1.5,0.0,0.0,0.0
64,13,56,57,12,1,0,2,0,0.6666666666666666,0.0,0.0,0.0
64,13,56,57,13,7,1,1,0,0.875,0.14285714285714285,0.0,0.14285714285714285
64,13,56,57,16,7,0,2,0,1.5555555555555556,0.0,0.0,0.0
64,13,56,57,17,7,0,5,0,2.9166666666666665,0.0,0.0,0.0
64,13,56,57,18,8,0,8,0,4.0,0.0,0.0,0.0
64,13,56,57,19,1,0,15,0,0.9375,0.0,0.0,0.0
64,13,56,57,20,1,0,15,0,0.9375,0.0,0.0,0.0
64,13,56,57,21,1,0,16,0,0.9411764705882353,0.0,0.0,0.0
64,13,64,65,1,2,0,1,0,0.6666666666666666,0.0,0.0,0.0
64,13,64,65,2,3,0,1,0,0.75,0.0,0.0,0.0
64,13,64,65,3,3,0,2,0,1.2,0.0,0.0,0.0
64,13,64,65,4,3,0,2,0,1.2,0.0,0.0,0.0
64,13,64,65,5,2,0,4,0,1.3333333333333333,0.0,0.0,0.0
64,13,64,65,6,3,0,4,0,1.7142857142857142,0.0,0.0,0.0
64,13,64,65,7,2,0,5,0,1.4285714285714286,0.0,0.0,0.0
64,13,64,65,8,4,0,5,0,2.2222222222222223,0.0,0.0,0.0
64,13,64,65,9,3,0,6,0,2.0,0.0,0.0,0.0
64,13,64,65,10,3,0,7,0,2.1,0.0,0.0,0.0
64,13,64,65,11,6,0,5,0,2.727272727272727,0.0,0.0,0.0
64,13,64,65,12,4,0,6,0,2.4,0.0,0.0,0.0
64,13,64,65,13,9,0,5,0,3.2142857142857144,0.0,0.0,0.0
64,13,64,65,14,6,0,9,0,3.6,0.0,0.0,0.0
64,13,64,65,15,8,0,11,0,4.631578947368421,0.0,0.0,0.0
64,13,64,65,16,3,0,16,0,2.526315789473684,0.0,0.0,0.0
64,13,64,65,17,1,0,17,0,0.9444444444444444,0.0,0.0,0.0
64,13,64,65,18,2,0,17,0,1.7894736842105263,0.0,0.0,0.0
64,13,72,73,7,2,0,9,0,1.6363636363636365,0.0,0.0,0.0
64,13,72,73,8,1,0,11,0,0.9166666666666666,0.0,0.0,0.0
64,13,72,73,9,4,0,9,0,2.769230769230769,0.0,0.0,0.0
64,13,72,73,10,3,0,11,0,2.357142857142857,0.0,0.0,0.0
64,13,72,73,11,3,1,13,0,2.4375,0.3333333333333333,0.0,0.3333333333333333
64,13,72,73,12,3,0,15,0,2.5,0.0,0.0,0.0
64,13,72,73,13,2,0,19,0,1.8095238095238095,0.0,0.0,0.0
64,13,72,73,14,2,0,20,0,1.8181818181818181,0.0,0.0,0.0
64,14,8,9,8,10,1,5,0,3.3333333333333335,0.1,0.0,0.1
64,14,8,9,9,6,1,13,0,4.105263157894737,0.16666666666666666,0.0,0.16666666666666666
64,14,16,17,10,5,2,3,0,1.875,0.4,0.0,0.4
64,14,16,17,11,5,2,7,0,2.9166666666666665,0.4,0.0,0.4
64,14,16,17,12,6,2,11,0,3.8823529411764706,0.3333333333333333,0.0,0.3333333333333333
64,14,24,25,12,2,0,5,0,1.4285714285714286,0.0,0.0,0.0
64,14,24,25,13,4,3,7,0,2.5454545454545454,0.75,0.0,0.75
64,14,24,25,14,5,1,8,0,3.076923076923077,0.2,0.0,0.2
64,14,24,25,15,2,0,10,0,1.6666666666666667,0.0,0.0,0.0
64,14,24,25,16,5,2,9,0,3.2142857142857144,0.4,0.0,0.4
64,14,24,25,17,2,1,11,0,1.6923076923076923,0.5,0.0,0.5
64,14,24,25,18,3,1,12,0,2.4,0.3333333333333333,0.0,0.3333333333333333
64,14,24,25,20,1,0,14,0,0.9333333333333333,0.0,0.0,0.0
64,14,32,33,11,2,0,1,0,0.6666666666666666,0.0,0.0,0.0
64,14,32,33,13,3,0,1,0,0.75,0.0,0.0,0.0
64,14,32,33,14,4,1,2,0,1.3333333333333333,0.25,0.0,0.25
64,14,32,33,15,10,3,1,0,0.9090909090909091,0.3,0.0,0.3
64,14,32,33,16,5,0,5,0,2.5,0.0,0.0,0.0
64,14,32,33,17,8,3,5,0,3.076923076923077,0.375,0.0,0.375
64,14,32,33,18,3,0,12,1,2.4,0.0,0.08333333333333333,-0.08333333333333333
64,14,32,33,20,1,0,14,0,0.9333333333333333,0.0,0.0,0.0
64,14,32,33,22,2,0,16,0,1.7777777777777777,0.0,0.0,0.0
64,14,32,33,24,3,0,20,0,2.608695652173913,0.0,0.0,0.0
64,14,32,33,26,1,0,25,0,0.9615384615384616,0.0,0.0,0.0
64,14,40,41,1,1,0,3,0,0.75,0.0,0.0,0.0
64,14,40,41,3,7,0,3,0,2.1,0.0,0.0,0.0
64,14,40,41,4,2,1,3,0,1.2,0.5,0.0,0.5
64,14,40,41,5,4,1,2,0,1.3333333333333333,0.25,0.0,0.25
64,14,40,41,6,3,0,2,0,1.2,0.0,0.0,0.0
64,14,40,41,7,5,1,3,0,1.875,0.2,0.0,0.2
64,14,40,41,8,8,0,3,0,2.1818181818181817,0.0,0.0,0.0
64,14,40,41,9,4,0,6,0,2.4,0.0,0.0,0.0
64,14,40,41,10,3,0,6,0,2.0,0.0,0.0,0.0
64,14,40,41,11,3,0,6,0,2.0,0.0,0.0,0.0
64,14,40,41,12,4,0,6,0,2.4,0.0,0.0,0.0
64,14,40,41,13,2,0,9,0,1.6363636363636365,0.0,0.0,0.0
64,14,40,41,14,7,0,7,0,3.5,0.0,0.0,0.0
64,14,40,41,15,5,0,8,0,3.076923076923077,0.0,0.0,0.0
64,14,40,41,16,7,0,7,0,3.5,0.0,0.0,0.0
64,14,40,41,17,3,0,10,0,2.3076923076923075,0.0,0.0,0.0
64,14,40,41,18,4,0,10,0,2.857142857142857,0.0,0.0,0.0
64,14,40,41,19,2,0,12,0,1.7142857142857142,0.0,0.0,0.0
64,14,40,41,21,2,0,14,0,1.75,0.0,0.0,0.0
64,14,40,41,23,4,0,17,0,3.238095238095238,0.0,0.0,0.0
64,14,40,41,25,4,0,21,0,3.36,0.0,0.0,0.0
64,14,40,41,27,1,0,26,0,0.9629629629629629,0.0,0.0,0.0
64,14,40,41,32,2,0,27,0,1.8620689655172413,0.0,0.0,0.0
64,14,40,41,34,1,0,25,0,0.9615384615384616,0.0,0.0,0.0
64,14,48,49,5,3,0,12,0,2.4,0.0,0.0,0.0
64,14,48,49,6,2,0,13,0,1.7333333333333334,0.0,0.0,0.0
64,14,48,49,7,4,0,14,0,3.111111111111111,0.0,0.0,0.0
64,14,48,49,8,3,0,17,0,2.55,0.0,0.0,0.0
64,14,48,49,10,2,0,14,0,1.75,0.0,0.0,0.0
64,14,48,49,11,2,0,14,0,1.75,0.0,0.0,0.0
64,14,48,49,12,2,0,14,0,1.75,0.0,0.0,0.0
64,14,48,49,13,1,0,16,0,0.9411764705882353,0.0,0.0,0.0
64,14,48,49,14,2,0,16,0,1.7777777777777777,0.0,0.0,0.0
64,14,48,49,21,2,0,14,0,1.75,0.0,0.0,0.0
64,14,48,49,23,6,0,15,0,4.285714285714286,0.0,0.0,0.0
64,14,48,49,24,1,0,20,0,0.9523809523809523,0.0,0.0,0.0
64,14,48,49,25,2,0,22,0,1.8333333333333333,0.0,0.0,0.0
64,14,48,49,26,1,0,25,0,0.9615384615384616,0.0,0.0,0.0
64,14,48,49,28,2,0,26,1,1.8571428571428572,0.0,0.038461538461538464,-0.038461538461538464
64,14,48,49,29,2,0,25,0,1.8518518518518519,0.0,0.0,0.0
64,14,48,49,30,9,0,19,0,6.107142857142857,0.0,0.0,0.0
64,14,48,49,31,2,0,23,0,1.84,0.0,0.0,0.0
64,14,48,49,32,7,0,22,1,5.310344827586207,0.0,0.045454545454545456,-0.045454545454545456
64,14,48,49,33,1,0,26,0,0.9629629629629629,0.0,0.0,0.0
64,14,48,49,34,1,1,24,1,0.96,1.0,0.041666666666666664,0.9583333333333334
64,14,48,49,35,2,1,22,0,1.8333333333333333,0.5,0.0,0.5
64,14,56,57,24,1,0,22,0,0.9565217391304348,0.0,0.0,0.0
64,14,56,57,26,2,0,24,1,1.8461538461538463,0.0,0.041666666666666664,-0.041666666666666664
64,14,56,57,28,2,0,26,1,1.8571428571428572,0.0,0.038461538461538464,-0.038461538461538464
64,14,56,57,30,2,0,27,1,1.8620689655172413,0.0,0.037037037037037035,-0.037037037037037035
64,14,56,57,31,2,0,27,1,1.8620689655172413,0.0,0.037037037037037035,-0.037037037037037035
64,14,56,57,33,2,0,26,0,1.8571428571428572,0.0,0.0,0.0
64,14,64,65,22,4,0,14,0,3.111111111111111,0.0,0.0,0.0
64,14,64,65,24,4,2,19,0,3.3043478260869565,0.5,0.0,0.5
64,14,64,65,26,2,0,24,0,1.8461538461538463,0.0,0.0,0.0
64,14,64,65,28,2,0,26,0,1.8571428571428572,0.0,0.0,0.0
64,14,184,185,11,1,0,16,0,0.9411764705882353,0.0,0.0,0.0
64,14,184,185,13,2,0,16,0,1.7777777777777777,0.0,0.0,0.0
64,14,192,193,11,1,0,16,0,0.9411764705882353,0.0,0.0,0.0
64,14,192,193,13,2,0,16,0,1.7777777777777777,0.0,0.0,0.0
64,14,200,201,11,1,0,16,0,0.9411764705882353,0.0,0.0,0.0
64,14,200,201,13,2,0,16,0,1.7777777777777777,0.0,0.0,0.0
64,14,208,209,11,1,0,16,0,0.9411764705882353,0.0,0.0,0.0
64,14,208,209,13,2,0,16,0,1.7777777777777777,0.0,0.0,0.0
64,14,216,217,11,1,0,16,0,0.9411764705882353,0.0,0.0,0.0
64,14,216,217,13,2,0,16,0,1.7777777777777777,0.0,0.0,0.0
64,14,224,225,11,1,0,16,0,0.9411764705882353,0.0,0.0,0.0
64,14,224,225,13,2,0,16,0,1.7777777777777777,0.0,0.0,0.0
64,14,232,233,10,1,0,16,0,0.9411764705882353,0.0,0.0,0.0
64,14,232,233,13,2,0,16,0,1.7777777777777777,0.0,0.0,0.0
64,14,240,241,11,1,1,16,0,0.9411764705882353,1.0,0.0,1.0
64,14,240,241,13,2,0,16,0,1.7777777777777777,0.0,0.0,0.0
64,14,248,249,10,1,0,16,0,0.9411764705882353,0.0,0.0,0.0
64,14,248,249,13,2,0,16,0,1.7777777777777777,0.0,0.0,0.0
64,15,8,9,8,8,2,4,0,2.6666666666666665,0.25,0.0,0.25
64,15,8,9,9,4,1,12,0,3.0,0.25,0.0,0.25
64,15,16,17,10,6,2,3,0,2.0,0.3333333333333333,0.0,0.3333333333333333
64,15,16,17,11,8,0,8,0,4.0,0.0,0.0,0.0
64,15,16,17,12,3,0,17,0,2.55,0.0,0.0,0.0
64,15,16,17,13,1,1,22,0,0.9565217391304348,1.0,0.0,1.0
64,15,24,25,11,3,2,3,0,1.5,0.6666666666666666,0.0,0.6666666666666666
64,15,24,25,12,3,1,8,1,2.1818181818181817,0.3333333333333333,0.125,0.20833333333333331
64,15,24,25,13,3,1,12,0,2.4,0.3333333333333333,0.0,0.3333333333333333
64,15,24,25,14,5,1,15,0,3.75,0.2,0.0,0.2
64,15,24,25,15,3,2,19,0,2.590909090909091,0.6666666666666666,0.0,0.6666666666666666
64,15,24,25,16,1,0,20,0,0.9523809523809523,0.0,0.0,0.0
64,15,24,25,17,1,1,20,0,0.9523809523809523,1.0,0.0,1.0
64,15,24,25,18,2,1,19,0,1.8095238095238095,0.5,0.0,0.5
64,15,24,25,19,2,0,18,0,1.8,0.0,0.0,0.0
64,15,24,25,21,2,1,17,0,1.7894736842105263,0.5,0.0,0.5
64,15,32,33,14,7,1,2,1,1.5555555555555556,0.14285714285714285,0.5,-0.35714285714285715
64,15,32,33,15,8,0,4,0,2.6666666666666665,0.0,0.0,0.0
64,15,32,33,16,7,2,9,0,3.9375,0.2857142857142857,0.0,0.2857142857142857
64,15,32,33,17,7,2,12,0,4.421052631578948,0.2857142857142857,0.0,0.2857142857142857
64,15,32,33,18,3,0,14,0,2.4705882352941178,0.0,0.0,0.0
64,15,32,33,19,5,1,14,0,3.6842105263157894,0.2,0.0,0.2
64,15,32,33,20,2,0,16,1,1.7777777777777777,0.0,0.0625,-0.0625
64,15,32,33,21,4,0,14,0,3.111111111111111,0.0,0.0,0.0
64,15,32,33,22,1,0,15,2,0.9375,0.0,0.13333333333333333,-0.13333333333333333
64,15,32,33,23,6,0,11,0,3.8823529411764706,0.0,0.0,0.0
64,15,32,33,25,4,0,10,0,2.857142857142857,0.0,0.0,0.0
64,15,40,41,13,9,1,3,0,2.25,0.1111111111111111,0.0,0.1111111111111111
64,15,40,41,14,6,0,6,0,3.0,0.0,0.0,0.0
64,15,40,41,15,7,0,6,0,3.230769230769231,0.0,0.0,0.0
64,15,40,41,16,6,0,8,0,3.4285714285714284,0.0,0.0,0.0
64,15,40,41,17,5,0,8,0,3.076923076923077,0.0,0.0,0.0
64,15,40,41,18,5,1,9,0,3.2142857142857144,0.2,0.0,0.2
64,15,40,41,19,4,0,10,0,2.857142857142857,0.0,0.0,0.0
64,15,40,41,20,6,0,10,0,3.75,0.0,0.0,0.0
64,15,40,41,21,6,0,13,0,4.105263157894737,0.0,0.0,0.0
64,15,40,41,22,2,0,14,0,1.75,0.0,0.0,0.0
64,15,40,41,23,4,0,11,0,2.933333333333333,0.0,0.0,0.0
64,15,40,41,24,3,0,11,0,2.357142857142857,0.0,0.0,0.0
64,15,40,41,25,3,0,10,0,2.3076923076923075,0.0,0.0,0.0
64,15,40,41,26,2,1,9,0,1.6363636363636365,0.5,0.0,0.5
64,15,40,41,27,1,0,9,0,0.9,0.0,0.0,0.0
64,15,48,49,6,4,0,1,0,0.8,0.0,0.0,0.0
64,15,48,49,7,4,0,1,0,0.8,0.0,0.0,0.0
64,15,48,49,9,2,0,3,0,1.2,0.0,0.0,0.0
64,15,48,49,10,4,0,2,0,1.3333333333333333,0.0,0.0,0.0
64,15,48,49,11,5,0,4,0,2.2222222222222223,0.0,0.0,0.0
64,15,48,49,12,7,0,6,0,3.230769230769231,0.0,0.0,0.0
64,15,48,49,13,6,0,9,0,3.6,0.0,0.0,0.0
64,15,48,49,14,7,0,9,0,3.9375,0.0,0.0,0.0
64,15,48,49,15,3,0,10,0,2.3076923076923075,0.0,0.0,0.0
64,15,48,49,16,3,0,8,0,2.1818181818181817,0.0,0.0,0.0
64,15,48,49,17,6,0,7,0,3.230769230769231,0.0,0.0,0.0
64,15,48,49,18,3,0,8,0,2.1818181818181817,0.0,0.0,0.0
64,15,48,49,19,4,0,8,0,2.6666666666666665,0.0,0.0,0.0
64,15,48,49,20,4,2,9,0,2.769230769230769,0.5,0.0,0.5
64,15,48,49,21,4,0,12,2,3.0,0.0,0.16666666666666666,-0.16666666666666666
64,15,48,49,22,6,1,10,0,3.75,0.16666666666666666,0.0,0.16666666666666666
64,15,48,49,23,4,1,11,0,2.933333333333333,0.25,0.0,0.25
64,15,48,49,24,4,0,11,0,2.933333333333333,0.0,0.0,0.0
64,15,48,49,25,2,1,11,0,1.6923076923076923,0.5,0.0,0.5
64,15,48,49,26,2,1,9,0,1.6363636363636365,0.5,0.0,0.5
64,15,48,49,27,3,1,6,0,2.0,0.3333333333333333,0.0,0.3333333333333333
64,15,48,49,28,2,0,5,0,1.4285714285714286,0.0,0.0,0.0
64,15,48,49,29,1,0,6,0,0.8571428571428571,0.0,0.0,0.0
64,15,56,57,4,2,0,2,0,1.0,0.0,0.0,0.0
64,15,56,57,5,4,0,2,0,1.3333333333333333,0.0,0.0,0.0
64,15,56,57,6,4,0,3,0,1.7142857142857142,0.0,0.0,0.0
64,15,56,57,7,6,0,3,0,2.0,0.0,0.0,0.0
64,15,56,57,8,4,0,5,0,2.2222222222222223,0.0,0.0,0.0
64,15,56,57,9,4,0,7,0,2.5454545454545454,0.0,0.0,0.0
64,15,56,57,10,7,0,8,0,3.7333333333333334,0.0,0.0,0.0
64,15,56,57,11,2,0,13,0,1.7333333333333334,0.0,0.0,0.0
64,15,56,57,12,6,0,13,0,4.105263157894737,0.0,0.0,0.0
64,15,56,57,13,5,0,15,0,3.75,0.0,0.0,0.0
64,15,56,57,14,6,0,13,0,4.105263157894737,0.0,0.0,0.0
64,15,56,57,15,6,0,13,0,4.105263157894737,0.0,0.0,0.0
64,15,56,57,16,9,0,12,0,5.142857142857143,0.0,0.0,0.0
64,15,56,57,17,3,0,16,0,2.526315789473684,0.0,0.0,0.0
64,15,56,57,18,3,0,17,0,2.55,0.0,0.0,0.0
64,15,56,57,19,1,0,19,0,0.95,0.0,0.0,0.0
64,15,64,65,1,2,0,1,0,0.6666666666666666,0.0,0.0,0.0
64,15,64,65,3,2,0,4,0,1.3333333333333333,0.0,0.0,0.0
64,15,64,65,5,3,0,8,0,2.1818181818181817,0.0,0.0,0.0
64,15,64,65,6,1,0,10,0,0.9090909090909091,0.0,0.0,0.0
64,15,64,65,7,1,0,11,0,0.9166666666666666,0.0,0.0,0.0
64,15,64,65,8,2,0,12,0,1.7142857142857142,0.0,0.0,0.0
64,15,64,65,9,2,0,14,0,1.75,0.0,0.0,0.0
64,15,64,65,10,1,0,15,0,0.9375,0.0,0.0,0.0
64,15,64,65,11,2,0,16,0,1.7777777777777777,0.0,0.0,0.0
64,15,64,65,12,1,0,18,0,0.9473684210526315,0.0,0.0,0.0
64,15,64,65,13,1,0,20,0,0.9523809523809523,0.0,0.0,0.0
64,15,64,65,14,2,0,21,0,1.826086956521739,0.0,0.0,0.0
64,15,64,65,15,2,0,22,0,1.8333333333333333,0.0,0.0,0.0
64,15,72,73,2,1,0,4,0,0.8,0.0,0.0,0.0
64,15,72,73,4,2,0,7,0,1.5555555555555556,0.0,0.0,0.0
64,16,8,9,7,2,0,1,1,0.6666666666666666,0.0,1.0,-1.0
64,16,8,9,8,12,7,2,0,1.7142857142857142,0.5833333333333334,0.0,0.5833333333333334
64,16,8,9,9,4,0,12,0,3.0,0.0,0.0,0.0
64,16,16,17,11,5,1,2,0,1.4285714285714286,0.2,0.0,0.2
64,16,16,17,12,10,4,5,0,3.3333333333333335,0.4,0.0,0.4
64,16,16,17,13,1,0,15,0,0.9375,0.0,0.0,0.0
64,16,24,25,14,6,2,1,0,0.8571428571428571,0.3333333333333333,0.0,0.3333333333333333
64,16,24,25,15,4,0,3,0,1.7142857142857142,0.0,0.0,0.0
64,16,24,25,16,3,1,3,0,1.5,0.3333333333333333,0.0,0.3333333333333333
64,16,24,25,17,7,1,2,0,1.5555555555555556,0.14285714285714285,0.0,0.14285714285714285
64,16,24,25,19,1,0,5,0,0.8333333333333334,0.0,0.0,0.0
64,16,24,25,21,1,0,3,0,0.75,0.0,0.0,0.0
64,16,32,33,7,1,0,1,0,0.5,0.0,0.0,0.0
64,16,32,33,14,3,0,1,0,0.75,0.0,0.0,0.0
64,16,32,33,16,3,0,4,0,1.7142857142857142,0.0,0.0,0.0
64,16,32,33,17,4,0,4,0,2.0,0.0,0.0,0.0
64,16,32,33,18,1,0,5,0,0.8333333333333334,0.0,0.0,0.0
64,16,32,33,19,3,0,3,0,1.5,0.0,0.0,0.0
64,16,32,33,20,1,0,3,0,0.75,0.0,0.0,0.0
64,16,32,33,21,1,0,2,0,0.6666666666666666,0.0,0.0,0.0
64,16,32,33,22,1,0,1,0,0.5,0.0,0.0,0.0
64,16,40,41,6,1,0,1,0,0.5,0.0,0.0,0.0
64,16,40,41,7,1,0,1,0,0.5,0.0,0.0,0.0
64,16,40,41,13,3,0,1,0,0.75,0.0,0.0,0.0
64,16,40,41,14,4,0,3,0,1.7142857142857142,0.0,0.0,0.0
64,16,40,41,15,3,0,6,0,2.0,0.0,0.0,0.0
64,16,40,41,16,3,0,7,0,2.1,0.0,0.0,0.0
64,16,40,41,17,3,0,7,0,2.1,0.0,0.0,0.0
64,16,40,41,18,1,0,7,0,0.875,0.0,0.0,0.0
64,16,40,41,19,2,0,5,0,1.4285714285714286,0.0,0.0,0.0
64,16,48,49,4,1,0,1,0,0.5,0.0,0.0,0.0
64,16,48,49,5,2,1,1,0,0.6666666666666666,0.5,0.0,0.5
64,16,48,49,7,2,0,3,0,1.2,0.0,0.0,0.0
64,16,48,49,8,2,0,3,0,1.2,0.0,0.0,0.0
64,16,48,49,9,2,0,1,0,0.6666666666666666,0.0,0.0,0.0
64,16,48,49,10,1,0,1,0,0.5,0.0,0.0,0.0
64,16,48,49,12,3,0,2,0,1.2,0.0,0.0,0.0
64,16,48,49,13,6,0,2,0,1.5,0.0,0.0,0.0
64,16,48,49,14,4,0,6,0,2.4,0.0,0.0,0.0
64,16,48,49,15,3,0,9,0,2.25,0.0,0.0,0.0
64,16,48,49,16,1,0,10,0,0.9090909090909091,0.0,0.0,0.0
64,16,48,49,17,1,0,9,0,0.9,0.0,0.0,0.0
64,16,48,49,18,1,0,8,0,0.8888888888888888,0.0,0.0,0.0
64,16,56,57,1,1,1,1,0,0.5,1.0,0.0,1.0
64,16,56,57,2,1,0,1,0,0.5,0.0,0.0,0.0
64,16,56,57,3,1,0,1,0,0.5,0.0,0.0,0.0
64,16,56,57,4,1,0,2,0,0.6666666666666666,0.0,0.0,0.0
64,16,56,57,5,2,0,3,0,1.2,0.0,0.0,0.0
64,16,56,57,6,2,0,4,0,1.3333333333333333,0.0,0.0,0.0
64,16,56,57,7,1,0,5,0,0.8333333333333334,0.0,0.0,0.0
64,16,56,57,8,3,0,4,0,1.7142857142857142,0.0,0.0,0.0
64,16,56,57,9,1,0,4,0,0.8,0.0,0.0,0.0
64,16,56,57,10,5,0,3,0,1.875,0.0,0.0,0.0
64,16,56,57,11,3,0,6,0,2.0,0.0,0.0,0.0
64,16,56,57,12,3,0,7,0,2.1,0.0,0.0,0.0
64,16,56,57,13,3,0,10,0,2.3076923076923075,0.0,0.0,0.0
64,16,56,57,14,2,0,11,0,1.6923076923076923,0.0,0.0,0.0
64,16,56,57,15,4,0,11,0,2.933333333333333,0.0,0.0,0.0
64,16,64,65,3,3,0,4,0,1.7142857142857142,0.0,0.0,0.0
64,16,64,65,4,1,0,5,0,0.8333333333333334,0.0,0.0,0.0
64,16,64,65,5,1,0,6,0,0.8571428571428571,0.0,0.0,0.0
64,16,64,65,6,1,0,7,0,0.875,0.0,0.0,0.0
64,16,64,65,7,2,0,8,0,1.6,0.0,0.0,0.0
64,16,64,65,8,3,0,8,0,2.1818181818181817,0.0,0.0,0.0
64,16,64,65,9,4,0,7,0,2.5454545454545454,0.0,0.0,0.0
64,16,64,65,10,2,0,10,0,1.6666666666666667,0.0,0.0,0.0
64,16,64,65,11,4,0,9,0,2.769230769230769,0.0,0.0,0.0
64,16,64,65,12,4,0,11,0,2.933333333333333,0.0,0.0,0.0
64,16,64,65,13,2,0,14,0,1.75,0.0,0.0,0.0
64,16,72,73,4,2,0,7,0,1.5555555555555556,0.0,0.0,0.0
64,16,72,73,5,2,0,8,0,1.6,0.0,0.0,0.0
64,16,72,73,6,1,0,10,0,0.9090909090909091,0.0,0.0,0.0
64,16,72,73,7,3,0,11,0,2.357142857142857,0.0,0.0,0.0
64,16,72,73,8,1,0,13,0,0.9285714285714286,0.0,0.0,0.0
64,16,72,73,9,2,0,13,0,1.7333333333333334,0.0,0.0,0.0
64,16,72,73,10,2,0,14,0,1.75,0.0,0.0,0.0
64,17,8,9,7,4,3,1,0,0.8,0.75,0.0,0.75
64,17,8,9,8,10,1,2,0,1.6666666666666667,0.1,0.0,0.1
64,17,16,17,12,7,2,5,0,2.9166666666666665,0.2857142857142857,0.0,0.2857142857142857
64,17,16,17,13,5,1,9,0,3.2142857142857144,0.2,0.0,0.2
64,17,16,17,14,2,0,12,0,1.7142857142857142,0.0,0.0,0.0
64,17,24,25,14,4,1,1,0,0.8,0.25,0.0,0.25
64,17,24,25,15,7,1,3,0,2.1,0.14285714285714285,0.0,0.14285714285714285
64,17,24,25,16,1,0,9,0,0.9,0.0,0.0,0.0
64,17,32,33,16,6,1,2,0,1.5,0.16666666666666666,0.0,0.16666666666666666
64,17,32,33,18,1,0,6,0,0.8571428571428571,0.0,0.0,0.0
64,17,32,33,19,1,0,6,0,0.8571428571428571,0.0,0.0,0.0
64,17,40,41,19,1,1,5,0,0.8333333333333334,1.0,0.0,1.0
64,17,40,41,20,1,0,5,0,0.8333333333333334,0.0,0.0,0.0
64,17,48,49,13,1,0,1,0,0.5,0.0,0.0,0.0
64,17,48,49,20,2,0,2,0,1.0,0.0,0.0,0.0
64,17,48,49,21,3,1,1,0,0.75,0.3333333333333333,0.0,0.3333333333333333
64,17,48,49,23,2,0,2,0,1.0,0.0,0.0,0.0
64,17,56,57,11,1,0,2,0,0.6666666666666666,0.0,0.0,0.0
64,17,56,57,13,3,0,2,0,1.2,0.0,0.0,0.0
64,17,56,57,14,2,0,2,0,1.0,0.0,0.0,0.0
64,17,56,57,24,1,0,1,0,0.5,0.0,0.0,0.0
64,17,56,57,25,1,1,3,0,0.75,1.0,0.0,1.0
64,17,64,65,11,1,0,2,0,0.6666666666666666,0.0,0.0,0.0
64,17,64,65,12,2,0,3,0,1.2,0.0,0.0,0.0
64,17,64,65,13,1,0,5,0,0.8333333333333334,0.0,0.0,0.0
64,17,64,65,14,3,0,2,0,1.2,0.0,0.0,0.0
64,17,72,73,11,1,0,2,0,0.6666666666666666,0.0,0.0,0.0
64,17,72,73,12,2,0,3,0,1.2,0.0,0.0,0.0
64,17,72,73,13,1,0,5,0,0.8333333333333334,0.0,0.0,0.0
64,17,72,73,14,1,0,4,0,0.8,0.0,0.0,0.0
64,17,72,73,16,3,0,1,0,0.75,0.0,0.0,0.0
64,17,72,73,17,2,0,1,0,0.6666666666666666,0.0,0.0,0.0
64,17,72,73,19,1,0,2,0,0.6666666666666666,0.0,0.0,0.0
64,17,72,73,20,3,0,1,0,0.75,0.0,0.0,0.0
64,17,72,73,21,2,0,3,0,1.2,0.0,0.0,0.0
64,17,80,81,11,1,0,3,0,0.75,0.0,0.0,0.0
64,17,80,81,12,3,0,3,0,1.5,0.0,0.0,0.0
64,17,80,81,13,1,0,5,0,0.8333333333333334,0.0,0.0,0.0
64,17,80,81,15,2,0,3,0,1.2,0.0,0.0,0.0
64,17,80,81,16,2,0,3,0,1.2,0.0,0.0,0.0
64,17,80,81,17,2,0,3,0,1.2,0.0,0.0,0.0
64,17,80,81,18,3,0,2,0,1.2,0.0,0.0,0.0
64,17,80,81,19,1,0,3,0,0.75,0.0,0.0,0.0
64,17,80,81,20,3,0,2,0,1.2,0.0,0.0,0.0
64,17,80,81,21,1,0,4,0,0.8,0.0,0.0,0.0
64,17,88,89,10,1,0,3,0,0.75,0.0,0.0,0.0
64,17,88,89,11,2,0,3,0,1.2,0.0,0.0,0.0
64,17,88,89,12,2,0,5,0,1.4285714285714286,0.0,0.0,0.0
64,17,88,89,14,2,0,5,0,1.4285714285714286,0.0,0.0,0.0
64,17,88,89,15,2,0,4,0,1.3333333333333333,0.0,0.0,0.0
64,17,88,89,16,3,0,4,0,1.7142857142857142,0.0,0.0,0.0
64,17,88,89,18,1,0,5,0,0.8333333333333334,0.0,0.0,0.0
64,17,88,89,19,2,0,5,0,1.4285714285714286,0.0,0.0,0.0
64,17,96,97,9,3,0,2,0,1.2,0.0,0.0,0.0
64,17,96,97,10,3,0,3,0,1.5,0.0,0.0,0.0
64,17,96,97,11,3,0,6,0,2.0,0.0,0.0,0.0
64,17,96,97,12,3,0,7,0,2.1,0.0,0.0,0.0
64,17,96,97,13,3,0,9,0,2.25,0.0,0.0,0.0
64,17,96,97,14,3,0,7,0,2.1,0.0,0.0,0.0
64,17,96,97,15,3,0,5,0,1.875,0.0,0.0,0.0
64,17,96,97,17,2,0,6,0,1.5,0.0,0.0,0.0
64,17,96,97,18,1,0,7,0,0.875,0.0,0.0,0.0
64,17,104,105,9,5,1,3,0,1.875,0.2,0.0,0.2
64,17,104,105,10,2,0,7,0,1.5555555555555556,0.0,0.0,0.0
64,17,104,105,11,4,1,8,0,2.6666666666666665,0.25,0.0,0.25
64,17,104,105,12,4,0,10,0,2.857142857142857,0.0,0.0,0.0
64,17,104,105,13,3,0,11,0,2.357142857142857,0.0,0.0,0.0
64,17,104,105,14,4,0,10,0,2.857142857142857,0.0,0.0,0.0
64,17,112,113,9,3,0,6,0,2.0,0.0,0.0,0.0
64,17,112,113,10,2,0,9,0,1.6363636363636365,0.0,0.0,0.0
64,17,112,113,11,3,0,11,0,2.357142857142857,0.0,0.0,0.0
64,17,112,113,12,1,0,14,0,0.9333333333333333,0.0,0.0,0.0
64,17,112,113,13,2,0,14,0,1.75,0.0,0.0,0.0
64,17,120,121,3,3,0,1,0,0.75,0.0,0.0,0.0
64,17,120,121,4,5,0,2,0,1.4285714285714286,0.0,0.0,0.0
64,17,120,121,5,4,0,3,0,1.7142857142857142,0.0,0.0,0.0
64,17,120,121,6,5,0,2,0,1.4285714285714286,0.0,0.0,0.0
64,17,120,121,7,5,0,3,0,1.875,0.0,0.0,0.0
64,17,120,121,8,4,0,6,0,2.4,0.0,0.0,0.0
64,17,120,121,9,3,0,9,0,2.25,0.0,0.0,0.0
64,17,120,121,10,1,0,13,0,0.9285714285714286,0.0,0.0,0.0
64,17,128,129,2,2,0,4,0,1.3333333333333333,0.0,0.0,0.0
64,17,128,129,3,1,0,6,0,0.8571428571428571,0.0,0.0,0.0
64,17,136,137,1,1,0,3,0,0.75,0.0,0.0,0.0
64,17,136,137,3,2,0,6,0,1.5,0.0,0.0,0.0
64,18,8,9,8,8,0,4,0,2.6666666666666665,0.0,0.0,0.0
64,18,8,9,9,9,0,11,0,4.95,0.0,0.0,0.0
64,18,16,17,10,6,2,1,0,0.8571428571428571,0.3333333333333333,0.0,0.3333333333333333
64,18,16,17,11,7,3,6,0,3.230769230769231,0.42857142857142855,0.0,0.42857142857142855
64,18,16,17,12,7,1,11,0,4.277777777777778,0.14285714285714285,0.0,0.14285714285714285
64,18,16,17,13,3,0,17,0,2.55,0.0,0.0,0.0
64,18,16,17,14,2,1,19,0,1.8095238095238095,0.5,0.0,0.5
64,18,24,25,12,3,2,2,0,1.2,0.6666666666666666,0.0,0.6666666666666666
64,18,24,25,13,4,0,3,0,1.7142857142857142,0.0,0.0,0.0
64,18,24,25,14,8,3,5,0,3.076923076923077,0.375,0.0,0.375
64,18,24,25,15,2,0,14,0,1.75,0.0,0.0,0.0
64,18,24,25,16,2,0,18,0,1.8,0.0,0.0,0.0
64,18,24,25,17,4,2,21,0,3.36,0.5,0.0,0.5
64,18,24,25,18,2,1,26,0,1.8571428571428572,0.5,0.0,0.5
64,18,24,25,20,1,1,33,0,0.9705882352941176,1.0,0.0,1.0
64,18,24,25,21,1,0,36,0,0.972972972972973,0.0,0.0,0.0
64,18,32,33,8,1,0,3,0,0.75,0.0,0.0,0.0
64,18,32,33,9,2,0,4,0,1.3333333333333333,0.0,0.0,0.0
64,18,32,33,10,3,0,6,0,2.0,0.0,0.0,0.0
64,18,32,33,11,7,0,7,0,3.5,0.0,0.0,0.0
64,18,32,33,12,5,0,10,0,3.3333333333333335,0.0,0.0,0.0
64,18,32,33,13,9,1,10,0,4.7368421052631575,0.1111111111111111,0.0,0.1111111111111111
64,18,32,33,14,6,0,9,0,3.6,0.0,0.0,0.0
64,18,32,33,15,8,2,7,0,3.7333333333333334,0.25,0.0,0.25
64,18,32,33,16,10,4,6,0,3.75,0.4,0.0,0.4
64,18,32,33,17,10,0,9,0,4.7368421052631575,0.0,0.0,0.0
64,18,32,33,18,10,1,16,0,6.153846153846154,0.1,0.0,0.1
64,18,32,33,19,5,0,25,0,4.166666666666667,0.0,0.0,0.0
64,18,32,33,20,4,0,31,0,3.5428571428571427,0.0,0.0,0.0
64,18,32,33,21,2,0,35,0,1.8918918918918919,0.0,0.0,0.0
64,18,32,33,23,2,0,39,0,1.9024390243902438,0.0,0.0,0.0
64,18,32,33,27,1,1,39,0,0.975,1.0,0.0,1.0
64,18,32,33,29,3,0,33,0,2.75,0.0,0.0,0.0
64,18,40,41,3,6,0,2,0,1.5,0.0,0.0,0.0
64,18,40,41,4,1,0,4,0,0.8,0.0,0.0,0.0
64,18,40,41,6,2,0,3,0,1.2,0.0,0.0,0.0
64,18,40,41,7,3,0,3,0,1.5,0.0,0.0,0.0
64,18,40,41,8,1,0,6,0,0.8571428571428571,0.0,0.0,0.0
64,18,40,41,9,5,0,7,0,2.9166666666666665,0.0,0.0,0.0
64,18,40,41,10,2,0,13,0,1.7333333333333334,0.0,0.0,0.0
64,18,40,41,11,3,0,15,0,2.5,0.0,0.0,0.0
64,18,40,41,12,1,0,19,0,0.95,0.0,0.0,0.0
64,18,40,41,13,2,0,20,0,1.8181818181818181,0.0,0.0,0.0
64,18,40,41,15,2,0,19,0,1.8095238095238095,0.0,0.0,0.0
64,18,40,41,16,3,0,20,0,2.608695652173913,0.0,0.0,0.0
64,18,40,41,17,2,1,21,0,1.826086956521739,0.5,0.0,0.5
64,18,40,41,18,3,0,23,0,2.6538461538461537,0.0,0.0,0.0
64,18,40,41,19,3,0,27,0,2.7,0.0,0.0,0.0
64,18,40,41,20,3,0,31,0,2.735294117647059,0.0,0.0,0.0
64,18,40,41,21,2,0,34,0,1.8888888888888888,0.0,0.0,0.0
64,18,40,41,22,6,0,33,0,5.076923076923077,0.0,0.0,0.0
64,18,40,41,24,4,0,37,1,3.6097560975609757,0.0,0.02702702702702703,-0.02702702702702703
64,18,40,41,26,2,0,39,0,1.9024390243902438,0.0,0.0,0.0
64,18,40,41,28,2,0,36,0,1.894736842105263,0.0,0.0,0.0
64,18,48,49,3,2,0,9,0,1.6363636363636365,0.0,0.0,0.0
64,18,48,49,4,1,0,11,0,0.9166666666666666,0.0,0.0,0.0
64,18,48,49,5,4,0,9,0,2.769230769230769,0.0,0.0,0.0
64,18,48,49,6,3,0,10,0,2.3076923076923075,0.0,0.0,0.0
64,18,48,49,7,3,0,9,0,2.25,0.0,0.0,0.0
64,18,48,49,8,2,0,12,0,1.7142857142857142,0.0,0.0,0.0
64,18,48,49,9,3,0,15,0,2.5,0.0,0.0,0.0
64,18,48,49,10,4,0,17,0,3.238095238095238,0.0,0.0,0.0
64,18,48,49,16,1,0,23,0,0.9583333333333334,0.0,0.0,0.0
64,18,48,49,17,1,0,23,0,0.9583333333333334,0.0,0.0,0.0
64,18,48,49,18,2,0,25,0,1.8518518518518519,0.0,0.0,0.0
64,18,48,49,19,2,0,28,0,1.8666666666666667,0.0,0.0,0.0
64,18,48,49,20,1,0,31,0,0.96875,0.0,0.0,0.0
64,18,48,49,21,3,1,33,1,2.75,0.3333333333333333,0.030303030303030304,0.303030303030303
64,18,48,49,22,3,0,35,0,2.763157894736842,0.0,0.0,0.0
64,18,48,49,23,2,0,37,0,1.8974358974358974,0.0,0.0,0.0
64,18,48,49,24,3,0,38,0,2.7804878048780486,0.0,0.0,0.0
64,18,56,57,18,1,0,28,0,0.9655172413793104,0.0,0.0,0.0
64,18,56,57,20,3,0,31,0,2.735294117647059,0.0,0.0,0.0
64,18,56,57,21,2,1,33,0,1.8857142857142857,0.5,0.0,0.5
64,18,56,57,22,1,0,35,0,0.9722222222222222,0.0,0.0,0.0
64,18,56,57,23,4,1,36,0,3.6,0.25,0.0,0.25
64,18,56,57,24,2,0,37,0,1.8974358974358974,0.0,0.0,0.0
64,18,56,57,25,3,0,38,0,2.7804878048780486,0.0,0.0,0.0
64,18,56,57,26,3,0,37,0,2.775,0.0,0.0,0.0
64,18,56,57,27,1,0,38,0,0.9743589743589743,0.0,0.0,0.0
64,18,56,57,28,2,0,36,0,1.894736842105263,0.0,0.0,0.0
64,19,8,9,7,6,2,2,0,1.5,0.3333333333333333,0.0,0.3333333333333333
64,19,8,9,8,9,1,6,0,3.6,0.1111111111111111,0.0,0.1111111111111111
64,19,8,9,9,2,0,16,0,1.7777777777777777,0.0,0.0,0.0
64,19,16,17,9,1,0,1,0,0.5,0.0,0.0,0.0
64,19,16,17,10,9,7,2,0,1.6363636363636365,0.7777777777777778,0.0,0.7777777777777778
64,19,16,17,11,8,3,10,0,4.444444444444445,0.375,0.0,0.375
64,19,16,17,12,5,2,18,0,3.9130434782608696,0.4,0.0,0.4
64,19,16,17,13,1,0,25,0,0.9615384615384616,0.0,0.0,0.0
64,19,24,25,14,8,5,3,0,2.1818181818181817,0.625,0.0,0.625
64,19,24,25,15,11,2,6,0,3.8823529411764706,0.18181818181818182,0.0,0.18181818181818182
64,19,24,25,16,9,2,11,0,4.95,0.2222222222222222,0.0,0.2222222222222222
64,19,24,25,17,6,4,17,0,4.434782608695652,0.6666666666666666,0.0,0.6666666666666666
64,19,24,25,18,2,1,18,0,1.8,0.5,0.0,0.5
64,19,24,25,19,4,2,17,0,3.238095238095238,0.5,0.0,0.5
64,19,24,25,20,1,0,18,0,0.9473684210526315,0.0,0.0,0.0
64,19,24,25,21,2,2,16,0,1.7777777777777777,1.0,0.0,1.0
64,19,32,33,13,1,0,1,0,0.5,0.0,0.0,0.0
64,19,32,33,14,2,0,1,0,0.6666666666666666,0.0,0.0,0.0
64,19,32,33,15,4,0,1,0,0.8,0.0,0.0,0.0
64,19,32,33,16,4,0,2,0,1.3333333333333333,0.0,0.0,0.0
64,19,32,33,17,5,0,2,0,1.4285714285714286,0.0,0.0,0.0
64,19,32,33,18,5,1,3,0,1.875,0.2,0.0,0.2
64,19,32,33,19,9,2,2,0,1.6363636363636365,0.2222222222222222,0.0,0.2222222222222222
64,19,32,33,20,8,3,6,0,3.4285714285714284,0.375,0.0,0.375
64,19,32,33,21,7,3,8,1,3.7333333333333334,0.42857142857142855,0.125,0.30357142857142855
64,19,32,33,22,5,0,10,1,3.3333333333333335,0.0,0.1,-0.1
64,19,32,33,23,4,1,9,1,2.769230769230769,0.25,0.1111111111111111,0.1388888888888889
64,19,32,33,24,3,2,11,0,2.357142857142857,0.6666666666666666,0.0,0.6666666666666666
64,19,32,33,25,4,0,11,2,2.933333333333333,0.0,0.18181818181818182,-0.18181818181818182
64,19,32,33,26,1,0,13,0,0.9285714285714286,0.0,0.0,0.0
64,19,32,33,27,1,0,13,0,0.9285714285714286,0.0,0.0,0.0
64,19,40,41,9,1,0,1,0,0.5,0.0,0.0,0.0
64,19,40,41,10,1,0,1,0,0.5,0.0,0.0,0.0
64,19,40,41,11,2,0,1,0,0.6666666666666666,0.0,0.0,0.0
64,19,40,41,13,3,0,2,0,1.2,0.0,0.0,0.0
64,19,40,41,14,4,0,3,0,1.7142857142857142,0.0,0.0,0.0
64,19,40,41,15,7,1,3,0,2.1,0.14285714285714285,0.0,0.14285714285714285
64,19,40,41,16,9,0,4,0,2.769230769230769,0.0,0.0,0.0
64,19,40,41,17,3,0,8,0,2.1818181818181817,0.0,0.0,0.0
64,19,40,41,18,9,0,5,0,3.2142857142857144,0.0,0.0,0.0
64,19,40,41,19,2,0,8,0,1.6,0.0,0.0,0.0
64,19,40,41,20,5,0,6,0,2.727272727272727,0.0,0.0,0.0
64,19,40,41,21,2,0,7,0,1.5555555555555556,0.0,0.0,0.0
64,19,40,41,22,3,0,8,0,2.1818181818181817,0.0,0.0,0.0
64,19,40,41,23,2,0,8,0,1.6,0.0,0.0,0.0
64,19,40,41,24,3,0,9,0,2.25,0.0,0.0,0.0
64,19,40,41,25,1,0,12,0,0.9230769230769231,0.0,0.0,0.0
64,19,40,41,26,1,0,13,0,0.9285714285714286,0.0,0.0,0.0
64,19,40,41,27,1,0,14,0,0.9333333333333333,0.0,0.0,0.0
64,19,48,49,7,1,0,1,0,0.5,0.0,0.0,0.0
64,19,48,49,8,1,0,1,0,0.5,0.0,0.0,0.0
64,19,48,49,10,1,0,2,0,0.6666666666666666,0.0,0.0,0.0
64,19,48,49,11,3,0,3,0,1.5,0.0,0.0,0.0
64,19,48,49,12,5,0,4,0,2.2222222222222223,0.0,0.0,0.0
64,19,48,49,13,6,1,6,0,3.0,0.16666666666666666,0.0,0.16666666666666666
64,19,48,49,14,5,0,10,0,3.3333333333333335,0.0,0.0,0.0
64,19,48,49,15,6,0,12,0,4.0,0.0,0.0,0.0
64,19,48,49,16,2,0,15,0,1.7647058823529411,0.0,0.0,0.0
64,19,48,49,17,3,0,15,0,2.5,0.0,0.0,0.0
64,19,48,49,18,2,0,14,0,1.75,0.0,0.0,0.0
64,19,48,49,19,1,0,13,0,0.9285714285714286,0.0,0.0,0.0
64,19,48,49,20,1,0,12,0,0.9230769230769231,0.0,0.0,0.0
64,19,48,49,21,1,0,11,0,0.9166666666666666,0.0,0.0,0.0
64,19,48,49,22,3,0,10,0,2.3076923076923075,0.0,0.0,0.0
64,19,48,49,23,2,0,9,0,1.6363636363636365,0.0,0.0,0.0
64,19,48,49,24,3,0,8,0,2.1818181818181817,0.0,0.0,0.0
64,19,48,49,25,4,0,8,0,2.6666666666666665,0.0,0.0,0.0
64,19,48,49,26,3,0,11,0,2.357142857142857,0.0,0.0,0.0
64,19,48,49,27,1,0,14,0,0.9333333333333333,0.0,0.0,0.0
64,19,48,49,34,2,0,13,0,1.7333333333333334,0.0,0.0,0.0
64,19,48,49,36,2,0,13,0,1.7333333333333334,0.0,0.0,0.0
64,19,56,57,6,2,0,1,0,0.6666666666666666,0.0,0.0,0.0
64,19,56,57,8,3,0,2,0,1.2,0.0,0.0,0.0
64,19,56,57,9,1,0,4,0,0.8,0.0,0.0,0.0
64,19,56,57,10,4,0,4,0,2.0,0.0,0.0,0.0
64,19,56,57,11,3,0,7,0,2.1,0.0,0.0,0.0
64,19,56,57,12,2,0,10,0,1.6666666666666667,0.0,0.0,0.0
64,19,56,57,13,5,0,11,0,3.4375,0.0,0.0,0.0
64,19,56,57,14,3,0,16,0,2.526315789473684,0.0,0.0,0.0
64,19,56,57,15,2,0,18,0,1.8,0.0,0.0,0.0
64,19,56,57,16,2,0,18,0,1.8,0.0,0.0,0.0
64,19,56,57,17,2,0,18,0,1.8,0.0,0.0,0.0
64,19,56,57,18,4,0,15,0,3.1578947368421053,0.0,0.0,0.0
64,19,56,57,19,3,0,14,0,2.4705882352941178,0.0,0.0,0.0
64,19,56,57,20,3,0,13,0,2.4375,0.0,0.0,0.0
64,19,56,57,21,4,0,11,0,2.933333333333333,0.0,0.0,0.0
64,19,56,57,22,3,0,11,0,2.357142857142857,0.0,0.0,0.0
64,19,56,57,23,4,1,10,0,2.857142857142857,0.25,0.0,0.25
64,19,56,57,24,1,0,12,0,0.9230769230769231,0.0,0.0,0.0
64,19,56,57,25,2,0,12,0,1.7142857142857142,0.0,0.0,0.0
64,19,56,57,26,4,0,10,0,2.857142857142857,0.0,0.0,0.0
64,19,56,57,27,1,0,12,0,0.9230769230769231,0.0,0.0,0.0
64,19,56,57,28,4,0,11,0,2.933333333333333,0.0,0.0,0.0
64,19,64,65,9,1,1,7,0,0.875,1.0,0.0,1.0
64,19,64,65,10,1,0,8,0,0.8888888888888888,0.0,0.0,0.0
64,19,64,65,11,3,0,9,0,2.25,0.0,0.0,0.0
64,19,64,65,12,1,0,13,0,0.9285714285714286,0.0,0.0,0.0
64,19,64,65,13,3,0,14,0,2.4705882352941178,0.0,0.0,0.0
64,19,64,65,14,3,0,18,0,2.5714285714285716,0.0,0.0,0.0
64,19,64,65,16,3,0,18,0,2.5714285714285716,0.0,0.0,0.0
64,19,64,65,17,3,0,19,0,2.590909090909091,0.0,0.0,0.0
64,19,64,65,18,3,0,17,0,2.55,0.0,0.0,0.0
64,19,64,65,19,3,0,16,0,2.526315789473684,0.0,0.0,0.0
64,19,64,65,20,3,0,15,0,2.5,0.0,0.0,0.0
64,19,64,65,21,4,0,13,0,3.0588235294117645,0.0,0.0,0.0
64,19,64,65,22,2,0,14,0,1.75,0.0,0.0,0.0
64,19,64,65,23,2,0,13,0,1.7333333333333334,0.0,0.0,0.0
64,19,72,73,10,1,0,8,0,0.8888888888888888,0.0,0.0,0.0
64,19,72,73,11,3,0,9,0,2.25,0.0,0.0,0.0
64,19,72,73,12,2,0,13,0,1.7333333333333334,0.0,0.0,0.0
64,19,72,73,13,4,0,14,0,3.111111111111111,0.0,0.0,0.0
64,19,72,73,14,3,0,18,0,2.5714285714285716,0.0,0.0,0.0
64,19,72,73,15,3,0,20,0,2.608695652173913,0.0,0.0,0.0
64,19,72,73,16,3,0,21,0,2.625,0.0,0.0,0.0
64,19,72,73,17,1,0,22,0,0.9565217391304348,0.0,0.0,0.0
64,19,72,73,18,5,0,18,0,3.9130434782608696,0.0,0.0,0.0
64,19,72,73,19,1,0,19,0,0.95,0.0,0.0,0.0
64,19,72,73,20,3,0,17,0,2.55,0.0,0.0,0.0
64,19,80,81,9,1,0,7,0,0.875,0.0,0.0,0.0
64,19,80,81,10,3,0,8,0,2.1818181818181817,0.0,0.0,0.0
64,19,80,81,12,4,0,13,0,3.0588235294117645,0.0,0.0,0.0
64,19,80,81,13,1,0,18,0,0.9473684210526315,0.0,0.0,0.0
64,19,80,81,14,3,0,20,0,2.608695652173913,0.0,0.0,0.0
64,19,80,81,15,3,0,22,0,2.64,0.0,0.0,0.0
64,19,80,81,16,1,0,23,0,0.9583333333333334,0.0,0.0,0.0
64,19,80,81,17,3,0,22,0,2.64,0.0,0.0,0.0
64,19,80,81,18,1,0,22,0,0.9565217391304348,0.0,0.0,0.0
64,19,80,81,19,2,0,20,0,1.8181818181818181,0.0,0.0,0.0
64,19,88,89,2,1,0,1,0,0.5,0.0,0.0,0.0
64,19,88,89,9,2,0,7,0,1.5555555555555556,0.0,0.0,0.0
64,19,88,89,10,3,0,8,0,2.1818181818181817,0.0,0.0,0.0
64,19,88,89,11,3,0,12,0,2.4,0.0,0.0,0.0
64,19,88,89,12,3,0,16,0,2.526315789473684,0.0,0.0,0.0
64,19,88,89,13,1,0,20,0,0.9523809523809523,0.0,0.0,0.0
64,19,88,89,14,3,0,22,0,2.64,0.0,0.0,0.0
64,19,88,89,15,1,0,24,0,0.96,0.0,0.0,0.0
64,19,88,89,16,3,0,23,0,2.6538461538461537,0.0,0.0,0.0
64,19,88,89,17,1,0,24,0,0.96,0.0,0.0,0.0
64,19,88,89,18,2,0,22,0,1.8333333333333333,0.0,0.0,0.0
64,19,96,97,2,1,0,1,0,0.5,0.0,0.0,0.0
64,19,96,97,8,2,0,6,0,1.5,0.0,0.0,0.0
64,19,96,97,9,4,0,7,0,2.5454545454545454,0.0,0.0,0.0
64,19,96,97,10,2,0,11,0,1.6923076923076923,0.0,0.0,0.0
64,19,96,97,11,3,0,14,0,2.4705882352941178,0.0,0.0,0.0
64,19,96,97,12,2,0,18,0,1.8,0.0,0.0,0.0
64,19,96,97,13,3,0,21,0,2.625,0.0,0.0,0.0
64,19,96,97,14,2,0,25,0,1.8518518518518519,0.0,0.0,0.0
64,19,96,97,15,2,0,26,0,1.8571428571428572,0.0,0.0,0.0
64,19,104,105,3,1,0,1,0,0.5,0.0,0.0,0.0
64,19,104,105,4,1,0,2,0,0.6666666666666666,0.0,0.0,0.0
64,19,104,105,5,1,1,3,0,0.75,1.0,0.0,1.0
64,19,104,105,7,2,0,5,0,1.4285714285714286,0.0,0.0,0.0
64,19,104,105,8,3,0,6,0,2.0,0.0,0.0,0.0
64,19,104,105,9,7,0,7,0,3.5,0.0,0.0,0.0
64,19,104,105,10,3,0,14,0,2.4705882352941178,0.0,0.0,0.0
64,19,104,105,11,1,0,18,0,0.9473684210526315,0.0,0.0,0.0
64,19,104,105,12,3,0,20,0,2.608695652173913,0.0,0.0,0.0
64,19,104,105,13,2,0,24,0,1.8461538461538463,0.0,0.0,0.0
64,19,112,113,1,1,0,2,0,0.6666666666666666,0.0,0.0,0.0
64,19,112,113,2,1,0,3,0,0.75,0.0,0.0,0.0
64,19,112,113,3,3,0,2,0,1.2,0.0,0.0,0.0
64,19,112,113,4,1,0,3,0,0.75,0.0,0.0,0.0
64,19,112,113,5,3,0,3,0,1.5,0.0,0.0,0.0
64,19,112,113,6,3,0,4,0,1.7142857142857142,0.0,0.0,0.0
64,19,112,113,7,7,0,5,0,2.9166666666666665,0.0,0.0,0.0
64,19,112,113,8,1,0,11,0,0.9166666666666666,0.0,0.0,0.0
64,19,112,113,9,4,0,12,0,3.0,0.0,0.0,0.0
64,19,112,113,10,3,0,16,0,2.526315789473684,0.0,0.0,0.0
64,19,112,113,11,2,0,20,0,1.8181818181818181,0.0,0.0,0.0
64,19,120,121,4,3,0,5,0,1.875,0.0,0.0,0.0
64,19,120,121,6,6,0,6,0,3.0,0.0,0.0,0.0
64,19,120,121,8,2,0,14,0,1.75,0.0,0.0,0.0
64,20,8,9,7,6,4,3,0,2.0,0.6666666666666666,0.0,0.6666666666666666
64,20,8,9,8,10,1,9,0,4.7368421052631575,0.1,0.0,0.1
64,20,8,9,9,6,0,20,0,4.615384615384615,0.0,0.0,0.0
64,20,16,17,8,4,1,1,0,0.8,0.25,0.0,0.25
64,20,16,17,9,3,2,7,0,2.1,0.6666666666666666,0.0,0.6666666666666666
64,20,16,17,10,7,1,10,0,4.117647058823529,0.14285714285714285,0.0,0.14285714285714285
64,20,16,17,11,8,2,17,0,5.44,0.25,0.0,0.25
64,20,16,17,12,7,2,24,0,5.419354838709677,0.2857142857142857,0.0,0.2857142857142857
64,20,16,17,13,1,1,31,1,0.96875,1.0,0.03225806451612903,0.967741935483871
64,20,16,17,14,1,1,32,0,0.9696969696969697,1.0,0.0,1.0
64,20,24,25,11,3,0,10,0,2.3076923076923075,0.0,0.0,0.0
64,20,24,25,12,3,1,13,0,2.4375,0.3333333333333333,0.0,0.3333333333333333
64,20,24,25,13,1,1,17,0,0.9444444444444444,1.0,0.0,1.0
64,20,24,25,14,7,2,17,0,4.958333333333333,0.2857142857142857,0.0,0.2857142857142857
64,20,24,25,15,5,3,24,0,4.137931034482759,0.6,0.0,0.6
64,20,24,25,16,6,2,27,0,4.909090909090909,0.3333333333333333,0.0,0.3333333333333333
64,20,24,25,17,2,0,31,0,1.878787878787879,0.0,0.0,0.0
64,20,24,25,18,4,1,31,0,3.5428571428571427,0.25,0.0,0.25
64,20,24,25,19,1,0,33,0,0.9705882352941176,0.0,0.0,0.0
64,20,24,25,20,2,1,33,0,1.8857142857142857,0.5,0.0,0.5
64,20,32,33,7,1,0,2,0,0.6666666666666666,0.0,0.0,0.0
64,20,32,33,9,3,0,4,0,1.7142857142857142,0.0,0.0,0.0
64,20,32,33,10,2,0,7,0,1.5555555555555556,0.0,0.0,0.0
64,20,32,33,11,4,0,9,0,2.769230769230769,0.0,0.0,0.0
64,20,32,33,12,4,1,12,0,3.0,0.25,0.0,0.25
64,20,32,33,13,5,0,14,0,3.6842105263157894,0.0,0.0,0.0
64,20,32,33,14,6,0,19,0,4.56,0.0,0.0,0.0
64,20,32,33,15,3,1,24,1,2.6666666666666665,0.3333333333333333,0.041666666666666664,0.29166666666666663
64,20,32,33,16,5,1,26,0,4.193548387096774,0.2,0.0,0.2
64,20,32,33,17,1,0,30,0,0.967741935483871,0.0,0.0,0.0
64,20,32,33,18,1,1,31,1,0.96875,1.0,0.03225806451612903,0.967741935483871
64,20,32,33,19,1,0,31,0,0.96875,0.0,0.0,0.0
64,20,32,33,21,1,0,33,0,0.9705882352941176,0.0,0.0,0.0
64,20,40,41,5,1,0,1,0,0.5,0.0,0.0,0.0
64,20,40,41,8,1,0,5,0,0.8333333333333334,0.0,0.0,0.0
64,20,40,41,9,3,0,7,0,2.1,0.0,0.0,0.0
64,20,40,41,10,4,0,10,0,2.857142857142857,0.0,0.0,0.0
64,20,40,41,11,4,0,13,0,3.0588235294117645,0.0,0.0,0.0
64,20,40,41,12,9,1,15,0,5.625,0.1111111111111111,0.0,0.1111111111111111
64,20,40,41,13,6,0,21,0,4.666666666666667,0.0,0.0,0.0
64,20,40,41,14,6,0,23,0,4.758620689655173,0.0,0.0,0.0
64,20,40,41,15,4,0,27,0,3.4838709677419355,0.0,0.0,0.0
64,20,40,41,16,4,1,29,0,3.515151515151515,0.25,0.0,0.25
64,20,40,41,17,2,0,32,0,1.8823529411764706,0.0,0.0,0.0
64,20,40,41,18,2,0,33,0,1.8857142857142857,0.0,0.0,0.0
64,20,40,41,19,1,0,33,0,0.9705882352941176,0.0,0.0,0.0
64,20,40,41,20,2,0,33,0,1.8857142857142857,0.0,0.0,0.0
64,20,40,41,32,2,0,50,0,1.9230769230769231,0.0,0.0,0.0
64,20,40,41,34,1,0,43,0,0.9772727272727273,0.0,0.0,0.0
64,20,48,49,2,1,0,3,0,0.75,0.0,0.0,0.0
64,20,48,49,3,4,0,3,0,1.7142857142857142,0.0,0.0,0.0
64,20,48,49,4,2,0,6,0,1.5,0.0,0.0,0.0
64,20,48,49,5,6,0,4,0,2.4,0.0,0.0,0.0
64,20,48,49,6,4,0,5,0,2.2222222222222223,0.0,0.0,0.0
64,20,48,49,7,4,0,7,0,2.5454545454545454,0.0,0.0,0.0
64,20,48,49,8,3,0,11,0,2.357142857142857,0.0,0.0,0.0
64,20,48,49,9,5,0,14,0,3.6842105263157894,0.0,0.0,0.0
64,20,48,49,10,8,0,18,0,5.538461538461538,0.0,0.0,0.0
64,20,48,49,12,6,0,26,0,4.875,0.0,0.0,0.0
64,20,48,49,13,2,0,31,0,1.878787878787879,0.0,0.0,0.0
64,20,48,49,15,2,0,30,0,1.875,0.0,0.0,0.0
64,20,48,49,16,3,0,31,0,2.735294117647059,0.0,0.0,0.0
64,20,48,49,18,1,0,35,0,0.9722222222222222,0.0,0.0,0.0
64,20,48,49,20,3,0,32,0,2.742857142857143,0.0,0.0,0.0
64,20,48,49,26,2,1,33,0,1.8857142857142857,0.5,0.0,0.5
64,20,48,49,28,6,0,35,0,5.121951219512195,0.0,0.0,0.0
64,20,48,49,30,4,0,44,0,3.6666666666666665,0.0,0.0,0.0
64,20,48,49,33,2,0,50,0,1.9230769230769231,0.0,0.0,0.0
64,20,48,49,35,2,0,33,0,1.8857142857142857,0.0,0.0,0.0
64,20,56,57,2,1,0,7,0,0.875,0.0,0.0,0.0
64,20,56,57,3,2,0,9,0,1.6363636363636365,0.0,0.0,0.0
64,20,56,57,4,4,0,10,0,2.857142857142857,0.0,0.0,0.0
64,20,56,57,5,3,0,12,0,2.4,0.0,0.0,0.0
64,20,56,57,6,3,0,11,0,2.357142857142857,0.0,0.0,0.0
64,20,56,57,7,3,0,13,0,2.4375,0.0,0.0,0.0
64,20,56,57,8,1,0,18,0,0.9473684210526315,0.0,0.0,0.0
64,20,56,57,9,2,0,22,0,1.8333333333333333,0.0,0.0,0.0
64,20,56,57,11,2,0,30,0,1.875,0.0,0.0,0.0
64,20,56,57,14,1,0,32,0,0.9696969696969697,0.0,0.0,0.0
64,20,56,57,16,2,0,31,0,1.878787878787879,0.0,0.0,0.0
64,20,56,57,17,2,0,32,0,1.8823529411764706,0.0,0.0,0.0
64,20,56,57,18,3,1,33,0,2.75,0.3333333333333333,0.0,0.3333333333333333
64,20,56,57,19,1,0,33,0,0.9705882352941176,0.0,0.0,0.0
64,20,56,57,20,3,0,31,0,2.735294117647059,0.0,0.0,0.0
64,20,56,57,22,4,1,29,0,3.515151515151515,0.25,0.0,0.25
64,20,56,57,24,3,1,28,0,2.7096774193548385,0.3333333333333333,0.0,0.3333333333333333
64,20,56,57,25,4,0,30,0,3.5294117647058822,0.0,0.0,0.0
64,20,56,57,26,1,0,32,0,0.9696969696969697,0.0,0.0,0.0
64,20,56,57,27,4,0,33,0,3.5675675675675675,0.0,0.0,0.0
64,20,56,57,28,2,0,38,1,1.9,0.0,0.02631578947368421,-0.02631578947368421
64,20,56,57,29,2,0,42,2,1.9090909090909092,0.0,0.047619047619047616,-0.047619047619047616
64,20,56,57,31,2,0,47,0,1.9183673469387754,0.0,0.0,0.0
64,20,56,57,33,2,0,50,0,1.9230769230769231,0.0,0.0,0.0
64,20,64,65,5,2,0,17,0,1.7894736842105263,0.0,0.0,0.0
64,20,64,65,7,3,0,18,0,2.5714285714285716,0.0,0.0,0.0
64,20,64,65,9,2,0,24,0,1.8461538461538463,0.0,0.0,0.0
64,20,64,65,15,1,1,32,0,0.9696969696969697,1.0,0.0,1.0
64,20,64,65,17,2,0,32,0,1.8823529411764706,0.0,0.0,0.0
64,20,64,65,18,2,0,33,0,1.8857142857142857,0.0,0.0,0.0
64,20,64,65,19,2,0,32,0,1.8823529411764706,0.0,0.0,0.0
64,20,64,65,20,3,0,32,0,2.742857142857143,0.0,0.0,0.0
64,20,64,65,22,4,1,29,0,3.515151515151515,0.25,0.0,0.25
64,20,64,65,24,2,0,29,0,1.8709677419354838,0.0,0.0,0.0
64,20,64,65,25,2,0,32,1,1.8823529411764706,0.0,0.03125,-0.03125
64,20,64,65,26,2,0,32,1,1.8823529411764706,0.0,0.03125,-0.03125
64,20,64,65,27,3,0,34,0,2.7567567567567566,0.0,0.0,0.0
64,20,64,65,28,2,0,38,0,1.9,0.0,0.0,0.0
64,20,64,65,29,2,0,42,0,1.9090909090909092,0.0,0.0,0.0
64,20,72,73,15,1,0,32,0,0.9696969696969697,0.0,0.0,0.0
64,20,72,73,17,3,0,32,0,2.742857142857143,0.0,0.0,0.0
64,20,72,73,19,2,0,32,0,1.8823529411764706,0.0,0.0,0.0
64,20,72,73,20,2,0,33,0,1.8857142857142857,0.0,0.0,0.0
64,20,72,73,23,2,0,32,0,1.8823529411764706,0.0,0.0,0.0
64,20,72,73,25,2,0,32,0,1.8823529411764706,0.0,0.0,0.0
64,21,8,9,9,6,0,10,0,3.75,0.0,0.0,0.0
64,21,16,17,11,8,3,4,0,2.6666666666666665,0.375,0.0,0.375
64,21,16,17,12,5,0,10,0,3.3333333333333335,0.0,0.0,0.0
64,21,24,25,2,2,0,1,0,0.6666666666666666,0.0,0.0,0.0
64,21,24,25,3,1,0,1,0,0.5,0.0,0.0,0.0
64,21,24,25,4,1,0,1,0,0.5,0.0,0.0,0.0
64,21,24,25,6,2,0,1,0,0.6666666666666666,0.0,0.0,0.0
64,21,24,25,12,5,2,2,0,1.4285714285714286,0.4,0.0,0.4
64,21,24,25,13,3,1,5,0,1.875,0.3333333333333333,0.0,0.3333333333333333
64,21,24,25,14,2,0,6,0,1.5,0.0,0.0,0.0
64,21,24,25,15,4,1,6,0,2.4,0.25,0.0,0.25
64,21,24,25,16,2,0,7,0,1.5555555555555556,0.0,0.0,0.0
64,21,24,25,17,1,0,7,0,0.875,0.0,0.0,0.0
64,21,24,25,18,2,1,9,0,1.6363636363636365,0.5,0.0,0.5
64,21,24,25,19,1,0,11,0,0.9166666666666666,0.0,0.0,0.0
64,21,32,33,2,3,0,3,0,1.5,0.0,0.0,0.0
64,21,32,33,3,3,0,4,0,1.7142857142857142,0.0,0.0,0.0
64,21,32,33,4,3,0,4,0,1.7142857142857142,0.0,0.0,0.0
64,21,32,33,5,3,0,4,0,1.7142857142857142,0.0,0.0,0.0
64,21,32,33,6,2,0,3,0,1.2,0.0,0.0,0.0
64,21,32,33,7,2,0,1,0,0.6666666666666666,0.0,0.0,0.0
64,21,32,33,8,1,0,1,0,0.5,0.0,0.0,0.0
64,21,32,33,9,1,0,1,0,0.5,0.0,0.0,0.0
64,21,32,33,10,1,0,1,0,0.5,0.0,0.0,0.0
64,21,32,33,12,5,0,1,0,0.8333333333333334,0.0,0.0,0.0
64,21,32,33,13,6,0,3,0,2.0,0.0,0.0,0.0
64,21,32,33,14,4,1,7,0,2.5454545454545454,0.25,0.0,0.25
64,21,32,33,15,3,0,8,0,2.1818181818181817,0.0,0.0,0.0
64,21,32,33,16,2,0,8,0,1.6,0.0,0.0,0.0
64,21,32,33,17,2,0,7,0,1.5555555555555556,0.0,0.0,0.0
64,21,32,33,18,2,1,9,0,1.6363636363636365,0.5,0.0,0.5
64,21,32,33,19,2,0,10,0,1.6666666666666667,0.0,0.0,0.0
64,21,32,33,20,1,0,12,0,0.9230769230769231,0.0,0.0,0.0
64,21,32,33,22,2,1,18,0,1.8,0.5,0.0,0.5
64,21,40,41,3,3,0,6,0,2.0,0.0,0.0,0.0
64,21,40,41,4,1,0,8,0,0.8888888888888888,0.0,0.0,0.0
64,21,40,41,5,3,0,9,0,2.25,0.0,0.0,0.0
64,21,40,41,6,4,0,7,0,2.5454545454545454,0.0,0.0,0.0
64,21,40,41,7,5,1,5,1,2.5,0.2,0.2,0.0
64,21,40,41,8,3,0,7,0,2.1,0.0,0.0,0.0
64,21,40,41,9,3,0,8,0,2.1818181818181817,0.0,0.0,0.0
64,21,40,41,10,1,0,9,0,0.9,0.0,0.0,0.0
64,21,40,41,11,2,0,7,0,1.5555555555555556,0.0,0.0,0.0
64,21,40,41,13,4,0,5,0,2.2222222222222223,0.0,0.0,0.0
64,21,40,41,14,3,2,7,0,2.1,0.6666666666666666,0.0,0.6666666666666666
64,21,40,41,15,4,1,6,0,2.4,0.25,0.0,0.25
64,21,40,41,16,3,1,7,0,2.1,0.3333333333333333,0.0,0.3333333333333333
64,21,40,41,17,3,0,6,0,2.0,0.0,0.0,0.0
64,21,40,41,18,6,2,5,0,2.727272727272727,0.3333333333333333,0.0,0.3333333333333333
64,21,40,41,19,3,0,6,2,2.0,0.0,0.3333333333333333,-0.3333333333333333
64,21,40,41,20,3,0,8,0,2.1818181818181817,0.0,0.0,0.0
64,21,40,41,21,3,0,12,0,2.4,0.0,0.0,0.0
64,21,40,41,22,1,0,18,0,0.9473684210526315,0.0,0.0,0.0
64,21,40,41,23,1,0,22,0,0.9565217391304348,0.0,0.0,0.0
64,21,48,49,5,2,0,11,0,1.6923076923076923,0.0,0.0,0.0
64,21,48,49,7,3,0,11,0,2.357142857142857,0.0,0.0,0.0
64,21,48,49,8,3,0,11,0,2.357142857142857,0.0,0.0,0.0
64,21,48,49,9,4,0,10,0,2.857142857142857,0.0,0.0,0.0
64,21,48,49,10,2,0,9,0,1.6363636363636365,0.0,0.0,0.0
64,21,48,49,11,2,0,8,0,1.6,0.0,0.0,0.0
64,21,48,49,12,1,0,8,0,0.8888888888888888,0.0,0.0,0.0
64,21,48,49,13,2,0,8,0,1.6,0.0,0.0,0.0
64,21,48,49,15,1,0,8,0,0.8888888888888888,0.0,0.0,0.0
64,21,48,49,16,1,0,7,0,0.875,0.0,0.0,0.0
64,21,48,49,17,1,0,5,0,0.8333333333333334,0.0,0.0,0.0
64,21,48,49,18,5,0,4,0,2.2222222222222223,0.0,0.0,0.0
64,21,48,49,19,1,0,9,0,0.9,0.0,0.0,0.0
64,21,48,49,20,1,0,12,0,0.9230769230769231,0.0,0.0,0.0
64,21,48,49,21,1,0,16,0,0.9411764705882353,0.0,0.0,0.0
64,21,48,49,23,2,0,21,1,1.826086956521739,0.0,0.047619047619047616,-0.047619047619047616
64,21,48,49,25,2,0,26,0,1.8571428571428572,0.0,0.0,0.0
64,21,56,57,9,2,0,14,0,1.75,0.0,0.0,0.0
64,21,56,57,10,1,0,14,0,0.9333333333333333,0.0,0.0,0.0
64,21,56,57,11,3,0,11,0,2.357142857142857,0.0,0.0,0.0
64,21,56,57,12,1,0,11,0,0.9166666666666666,0.0,0.0,0.0
64,21,56,57,13,2,0,10,0,1.6666666666666667,0.0,0.0,0.0
64,21,56,57,14,2,0,10,0,1.6666666666666667,0.0,0.0,0.0
64,21,56,57,15,1,0,10,0,0.9090909090909091,0.0,0.0,0.0
64,21,56,57,16,1,0,10,0,0.9090909090909091,0.0,0.0,0.0
64,21,56,57,17,3,0,8,0,2.1818181818181817,0.0,0.0,0.0
64,21,56,57,20,2,0,12,1,1.7142857142857142,0.0,0.08333333333333333,-0.08333333333333333
64,21,56,57,21,2,0,14,0,1.75,0.0,0.0,0.0
64,21,56,57,22,4,0,15,0,3.1578947368421053,0.0,0.0,0.0
64,21,56,57,23,4,0,17,0,3.238095238095238,0.0,0.0,0.0
64,21,56,57,24,1,0,20,0,0.9523809523809523,0.0,0.0,0.0
64,21,56,57,25,4,1,21,0,3.36,0.25,0.0,0.25
64,21,56,57,27,6,1,22,0,4.714285714285714,0.16666666666666666,0.0,0.16666666666666666
64,21,56,57,28,4,0,25,0,3.4482758620689653,0.0,0.0,0.0
64,21,56,57,29,5,0,24,0,4.137931034482759,0.0,0.0,0.0
64,21,56,57,30,3,0,25,1,2.6785714285714284,0.0,0.04,-0.04
64,21,56,57,31,4,0,26,0,3.466666666666667,0.0,0.0,0.0
64,21,64,65,21,3,0,14,0,2.4705882352941178,0.0,0.0,0.0
64,21,64,65,23,5,0,17,0,3.8636363636363638,0.0,0.0,0.0
64,21,64,65,24,2,0,20,0,1.8181818181818181,0.0,0.0,0.0
64,21,64,65,25,5,0,21,0,4.038461538461538,0.0,0.0,0.0
64,21,64,65,26,2,0,24,0,1.8461538461538463,0.0,0.0,0.0
64,21,64,65,27,4,0,22,0,3.3846153846153846,0.0,0.0,0.0
64,21,64,65,28,2,0,24,0,1.8461538461538463,0.0,0.0,0.0
64,21,64,65,29,8,0,22,0,5.866666666666666,0.0,0.0,0.0
64,21,64,65,30,2,0,28,0,1.8666666666666667,0.0,0.0,0.0
64,21,64,65,31,2,0,27,0,1.8620689655172413,0.0,0.0,0.0
64,21,64,65,32,3,0,25,0,2.6785714285714284,0.0,0.0,0.0
64,21,64,65,34,1,0,20,0,0.9523809523809523,0.0,0.0,0.0
64,21,72,73,20,1,0,13,0,0.9285714285714286,0.0,0.0,0.0
64,21,72,73,22,3,0,17,0,2.55,0.0,0.0,0.0
64,21,80,81,33,2,0,23,0,1.84,0.0,0.0,0.0
64,21,80,81,35,2,0,16,0,1.7777777777777777,0.0,0.0,0.0
64,21,96,97,34,1,0,20,0,0.9523809523809523,0.0,0.0,0.0
64,21,96,97,36,1,0,13,0,0.9285714285714286,0.0,0.0,0.0
64,22,8,9,8,12,6,2,0,1.7142857142857142,0.5,0.0,0.5
64,22,8,9,9,2,0,14,0,1.75,0.0,0.0,0.0
64,22,16,17,12,4,3,2,0,1.3333333333333333,0.75,0.0,0.75
64,22,16,17,13,5,0,6,0,2.727272727272727,0.0,0.0,0.0
64,22,24,25,8,1,0,2,0,0.6666666666666666,0.0,0.0,0.0
64,22,24,25,9,1,0,3,0,0.75,0.0,0.0,0.0
64,22,24,25,10,3,0,3,0,1.5,0.0,0.0,0.0
64,22,24,25,11,2,0,3,0,1.2,0.0,0.0,0.0
64,22,24,25,12,1,0,3,0,0.75,0.0,0.0,0.0
64,22,24,25,13,2,0,2,0,1.0,0.0,0.0,0.0
64,22,24,25,15,2,0,5,0,1.4285714285714286,0.0,0.0,0.0
64,22,24,25,16,2,0,10,0,1.6666666666666667,0.0,0.0,0.0
64,22,24,25,17,1,1,15,0,0.9375,1.0,0.0,1.0
64,22,24,25,18,3,2,16,0,2.526315789473684,0.6666666666666666,0.0,0.6666666666666666
64,22,24,25,19,1,1,20,0,0.9523809523809523,1.0,0.0,1.0
64,22,24,25,20,2,0,21,0,1.826086956521739,0.0,0.0,0.0
64,22,32,33,6,2,0,2,0,1.0,0.0,0.0,0.0
64,22,32,33,7,3,0,3,0,1.5,0.0,0.0,0.0
64,22,32,33,8,3,0,4,0,1.7142857142857142,0.0,0.0,0.0
64,22,32,33,10,1,0,7,0,0.875,0.0,0.0,0.0
64,22,32,33,11,1,0,7,0,0.875,0.0,0.0,0.0
64,22,32,33,13,3,0,4,0,1.7142857142857142,0.0,0.0,0.0
64,22,32,33,14,2,0,5,0,1.4285714285714286,0.0,0.0,0.0
64,22,32,33,15,2,1,8,2,1.6,0.5,0.25,0.25
64,22,32,33,16,2,0,11,1,1.6923076923076923,0.0,0.09090909090909091,-0.09090909090909091
64,22,32,33,17,5,1,13,1,3.611111111111111,0.2,0.07692307692307693,0.12307692307692308
64,22,32,33,23,2,0,24,0,1.8461538461538463,0.0,0.0,0.0
64,22,32,33,25,3,0,23,0,2.6538461538461537,0.0,0.0,0.0
64,22,32,33,27,2,0,24,0,1.8461538461538463,0.0,0.0,0.0
64,22,40,41,1,3,0,1,0,0.75,0.0,0.0,0.0
64,22,40,41,2,1,0,4,0,0.8,0.0,0.0,0.0
64,22,40,41,3,4,0,3,0,1.7142857142857142,0.0,0.0,0.0
64,22,40,41,5,4,0,5,0,2.2222222222222223,0.0,0.0,0.0
64,22,40,41,7,1,0,6,0,0.8571428571428571,0.0,0.0,0.0
64,22,40,41,9,2,0,7,0,1.5555555555555556,0.0,0.0,0.0
64,22,40,41,11,1,0,8,0,0.8888888888888888,0.0,0.0,0.0
64,22,40,41,12,2,0,7,0,1.5555555555555556,0.0,0.0,0.0
64,22,40,41,13,2,0,6,0,1.5,0.0,0.0,0.0
64,22,40,41,14,3,0,5,0,1.875,0.0,0.0,0.0
64,22,40,41,15,2,0,8,0,1.6,0.0,0.0,0.0
64,22,40,41,16,5,0,11,0,3.4375,0.0,0.0,0.0
64,22,40,41,25,3,0,23,0,2.6538461538461537,0.0,0.0,0.0
64,22,40,41,27,5,1,21,0,4.038461538461538,0.2,0.0,0.2
64,22,40,41,29,2,0,21,0,1.826086956521739,0.0,0.0,0.0
64,22,48,49,2,1,0,7,0,0.875,0.0,0.0,0.0
64,22,48,49,3,2,0,8,0,1.6,0.0,0.0,0.0
64,22,48,49,4,2,0,8,0,1.6,0.0,0.0,0.0
64,22,48,49,5,1,0,8,0,0.8888888888888888,0.0,0.0,0.0
64,22,48,49,7,2,0,7,0,1.5555555555555556,0.0,0.0,0.0
64,22,48,49,8,1,0,8,0,0.8888888888888888,0.0,0.0,0.0
64,22,48,49,9,1,0,9,0,0.9,0.0,0.0,0.0
64,22,48,49,10,1,0,9,0,0.9,0.0,0.0,0.0
64,22,48,49,11,2,0,9,0,1.6363636363636365,0.0,0.0,0.0
64,22,48,49,12,4,0,8,0,2.6666666666666665,0.0,0.0,0.0
64,22,48,49,14,2,0,8,0,1.6,0.0,0.0,0.0
64,22,48,49,15,3,0,10,0,2.3076923076923075,0.0,0.0,0.0
64,22,48,49,16,2,0,13,0,1.7333333333333334,0.0,0.0,0.0
64,22,48,49,17,1,1,15,0,0.9375,1.0,0.0,1.0
64,22,48,49,18,4,0,15,0,3.1578947368421053,0.0,0.0,0.0
64,22,48,49,19,2,1,19,1,1.8095238095238095,0.5,0.05263157894736842,0.4473684210526316
64,22,48,49,20,1,0,21,0,0.9545454545454546,0.0,0.0,0.0
64,22,48,49,21,3,1,22,0,2.64,0.3333333333333333,0.0,0.3333333333333333
64,22,48,49,22,2,0,23,0,1.84,0.0,0.0,0.0
64,22,48,49,23,6,0,19,0,4.56,0.0,0.0,0.0
64,22,48,49,24,2,0,20,0,1.8181818181818181,0.0,0.0,0.0
64,22,48,49,25,6,0,18,0,4.5,0.0,0.0,0.0
64,22,48,49,26,3,0,22,0,2.64,0.0,0.0,0.0
64,22,48,49,27,3,0,23,0,2.6538461538461537,0.0,0.0,0.0
64,22,48,49,29,3,0,20,1,2.608695652173913,0.0,0.05,-0.05
64,22,48,49,31,2,0,17,0,1.7894736842105263,0.0,0.0,0.0
64,22,56,57,4,1,0,12,0,0.9230769230769231,0.0,0.0,0.0
64,22,56,57,5,2,0,11,0,1.6923076923076923,0.0,0.0,0.0
64,22,56,57,6,1,0,10,0,0.9090909090909091,0.0,0.0,0.0
64,22,56,57,7,2,0,9,0,1.6363636363636365,0.0,0.0,0.0
64,22,56,57,8,1,0,10,0,0.9090909090909091,0.0,0.0,0.0
64,22,56,57,9,6,0,10,0,3.75,0.0,0.0,0.0
64,22,56,57,16,2,0,14,0,1.75,0.0,0.0,0.0
64,22,56,57,17,3,0,14,0,2.4705882352941178,0.0,0.0,0.0
64,22,56,57,18,4,0,14,0,3.111111111111111,0.0,0.0,0.0
64,22,56,57,19,3,1,16,0,2.526315789473684,0.3333333333333333,0.0,0.3333333333333333
64,22,56,57,20,3,0,16,0,2.526315789473684,0.0,0.0,0.0
64,22,56,57,21,4,1,17,0,3.238095238095238,0.25,0.0,0.25
64,22,56,57,22,3,1,19,0,2.590909090909091,0.3333333333333333,0.0,0.3333333333333333
64,22,56,57,23,6,1,16,0,4.363636363636363,0.16666666666666666,0.0,0.16666666666666666
64,22,56,57,24,7,1,17,0,4.958333333333333,0.14285714285714285,0.0,0.14285714285714285
64,22,56,57,25,3,0,20,0,2.608695652173913,0.0,0.0,0.0
64,22,56,57,26,2,0,21,0,1.826086956521739,0.0,0.0,0.0
64,22,56,57,27,4,0,22,0,3.3846153846153846,0.0,0.0,0.0
64,22,64,65,16,1,0,15,0,0.9375,0.0,0.0,0.0
64,22,64,65,18,4,0,16,0,3.2,0.0,0.0,0.0
64,22,64,65,19,1,0,19,0,0.95,0.0,0.0,0.0
64,22,64,65,20,5,0,17,0,3.8636363636363638,0.0,0.0,0.0
64,22,64,65,21,3,0,20,0,2.608695652173913,0.0,0.0,0.0
64,22,64,65,22,2,0,22,0,1.8333333333333333,0.0,0.0,0.0
64,22,64,65,23,3,0,23,0,2.6538461538461537,0.0,0.0,0.0
64,23,8,9,8,11,3,8,0,4.631578947368421,0.2727272727272727,0.0,0.2727272727272727
64,23,8,9,9,6,0,18,0,4.5,0.0,0.0,0.0
64,23,16,17,8,4,1,1,0,0.8,0.25,0.0,0.25
64,23,16,17,10,5,3,9,0,3.2142857142857144,0.6,0.0,0.6
64,23,16,17,11,7,2,12,0,4.421052631578948,0.2857142857142857,0.0,0.2857142857142857
64,23,16,17,12,9,3,17,0,5.884615384615385,0.3333333333333333,0.0,0.3333333333333333
64,23,24,25,11,6,1,1,0,0.8571428571428571,0.16666666666666666,0.0,0.16666666666666666
64,23,24,25,12,9,2,3,1,2.25,0.2222222222222222,0.3333333333333333,-0.1111111111111111
64,23,24,25,13,9,3,9,0,4.5,0.3333333333333333,0.0,0.3333333333333333
64,23,24,25,14,3,1,16,1,2.526315789473684,0.3333333333333333,0.0625,0.2708333333333333
64,23,24,25,15,5,1,15,0,3.75,0.2,0.0,0.2
64,23,24,25,16,3,2,18,0,2.5714285714285716,0.6666666666666666,0.0,0.6666666666666666
64,23,24,25,17,2,0,18,0,1.8,0.0,0.0,0.0
64,23,24,25,18,1,0,19,0,0.95,0.0,0.0,0.0
64,23,24,25,19,1,1,17,0,0.9444444444444444,1.0,0.0,1.0
64,23,32,33,15,11,4,4,0,2.933333333333333,0.36363636363636365,0.0,0.36363636363636365
64,23,32,33,16,4,0,10,0,2.857142857142857,0.0,0.0,0.0
64,23,32,33,17,7,0,6,0,3.230769230769231,0.0,0.0,0.0
64,23,32,33,18,7,0,7,0,3.5,0.0,0.0,0.0
64,23,32,33,19,7,0,7,0,3.5,0.0,0.0,0.0
64,23,32,33,20,4,0,11,1,2.933333333333333,0.0,0.09090909090909091,-0.09090909090909091
64,23,32,33,21,1,0,10,0,0.9090909090909091,0.0,0.0,0.0
64,23,32,33,24,2,0,9,0,1.6363636363636365,0.0,0.0,0.0
64,23,32,33,26,2,0,9,0,1.6363636363636365,0.0,0.0,0.0
64,23,40,41,8,3,0,1,0,0.75,0.0,0.0,0.0
64,23,40,41,9,3,0,2,0,1.2,0.0,0.0,0.0
64,23,40,41,10,4,0,2,0,1.3333333333333333,0.0,0.0,0.0
64,23,40,41,11,3,0,3,0,1.5,0.0,0.0,0.0
64,23,40,41,12,5,0,2,0,1.4285714285714286,0.0,0.0,0.0
64,23,40,41,13,1,0,4,0,0.8,0.0,0.0,0.0
64,23,40,41,14,4,1,3,0,1.7142857142857142,0.25,0.0,0.25
64,23,40,41,15,3,0,6,1,2.0,0.0,0.16666666666666666,-0.16666666666666666
64,23,40,41,16,2,0,6,0,1.5,0.0,0.0,0.0
64,23,40,41,17,4,1,6,0,2.4,0.25,0.0,0.25
64,23,40,41,18,7,0,7,0,3.5,0.0,0.0,0.0
64,23,40,41,19,3,1,11,1,2.357142857142857,0.3333333333333333,0.09090909090909091,0.2424242424242424
64,23,40,41,20,1,0,11,1,0.9166666666666666,0.0,0.09090909090909091,-0.09090909090909091
64,23,40,41,21,3,0,8,0,2.1818181818181817,0.0,0.0,0.0
64,23,40,41,23,2,1,9,0,1.6363636363636365,0.5,0.0,0.5
64,23,48,49,7,1,0,3,0,0.75,0.0,0.0,0.0
64,23,48,49,8,1,0,5,0,0.8333333333333334,0.0,0.0,0.0
64,23,48,49,10,1,0,8,0,0.8888888888888888,0.0,0.0,0.0
64,23,48,49,11,1,0,8,0,0.8888888888888888,0.0,0.0,0.0
64,23,48,49,12,3,0,7,0,2.1,0.0,0.0,0.0
64,23,48,49,13,3,0,8,0,2.1818181818181817,0.0,0.0,0.0
64,23,48,49,14,3,0,8,0,2.1818181818181817,0.0,0.0,0.0
64,23,48,49,15,5,0,8,0,3.076923076923077,0.0,0.0,0.0
64,23,48,49,16,4,0,11,0,2.933333333333333,0.0,0.0,0.0
64,23,48,49,17,4,0,12,0,3.0,0.0,0.0,0.0
64,23,48,49,18,2,0,13,0,1.7333333333333334,0.0,0.0,0.0
64,23,48,49,19,2,0,13,0,1.7333333333333334,0.0,0.0,0.0
64,23,48,49,21,1,0,10,0,0.9090909090909091,0.0,0.0,0.0
64,23,56,57,3,3,0,1,0,0.75,0.0,0.0,0.0
64,23,56,57,4,2,0,1,0,0.6666666666666666,0.0,0.0,0.0
64,23,56,57,5,2,0,1,0,0.6666666666666666,0.0,0.0,0.0
64,23,56,57,6,2,0,2,0,1.0,0.0,0.0,0.0
64,23,56,57,7,1,0,4,0,0.8,0.0,0.0,0.0
64,23,56,57,8,1,1,6,0,0.8571428571428571,1.0,0.0,1.0
64,23,56,57,9,2,0,7,0,1.5555555555555556,0.0,0.0,0.0
64,23,56,57,10,3,0,9,0,2.25,0.0,0.0,0.0
64,23,56,57,11,2,0,10,0,1.6666666666666667,0.0,0.0,0.0
64,23,56,57,12,1,0,11,0,0.9166666666666666,0.0,0.0,0.0
64,23,56,57,13,2,1,12,0,1.7142857142857142,0.5,0.0,0.5
64,23,56,57,14,2,0,13,0,1.7333333333333334,0.0,0.0,0.0
64,23,56,57,15,3,0,14,0,2.4705882352941178,0.0,0.0,0.0
64,23,56,57,16,2,0,15,0,1.7647058823529411,0.0,0.0,0.0
64,23,56,57,17,3,0,15,0,2.5,0.0,0.0,0.0
64,23,56,57,18,1,1,17,0,0.9444444444444444,1.0,0.0,1.0
64,23,56,57,22,2,0,8,0,1.6,0.0,0.0,0.0
64,23,56,57,23,2,0,9,0,1.6363636363636365,0.0,0.0,0.0
64,23,64,65,2,1,0,2,0,0.6666666666666666,0.0,0.0,0.0
64,23,64,65,3,3,0,2,0,1.2,0.0,0.0,0.0
64,23,64,65,4,2,0,2,0,1.0,0.0,0.0,0.0
64,23,64,65,5,3,0,3,0,1.5,0.0,0.0,0.0
64,23,64,65,6,3,0,3,0,1.5,0.0,0.0,0.0
64,23,64,65,7,6,0,5,0,2.727272727272727,0.0,0.0,0.0
64,23,64,65,8,4,0,7,0,2.5454545454545454,0.0,0.0,0.0
64,23,64,65,9,7,0,8,0,3.7333333333333334,0.0,0.0,0.0
64,23,64,65,10,3,0,12,0,2.4,0.0,0.0,0.0
64,23,64,65,11,2,0,12,0,1.7142857142857142,0.0,0.0,0.0
64,23,64,65,12,4,0,13,0,3.0588235294117645,0.0,0.0,0.0
64,23,64,65,13,3,0,13,0,2.4375,0.0,0.0,0.0
64,23,64,65,14,1,0,16,0,0.9411764705882353,0.0,0.0,0.0
64,23,64,65,15,2,0,17,0,1.7894736842105263,0.0,0.0,0.0
64,23,64,65,16,1,0,19,0,0.95,0.0,0.0,0.0
64,23,64,65,18,1,0,17,0,0.9444444444444444,0.0,0.0,0.0
64,23,64,65,20,1,0,12,0,0.9230769230769231,0.0,0.0,0.0
64,23,64,65,22,3,1,8,0,2.1818181818181817,0.3333333333333333,0.0,0.3333333333333333
64,23,64,65,24,2,0,9,0,1.6363636363636365,0.0,0.0,0.0
64,23,64,65,31,2,0,11,0,1.6923076923076923,0.0,0.0,0.0
64,23,64,65,33,2,0,13,0,1.7333333333333334,0.0,0.0,0.0
64,23,72,73,1,3,0,1,0,0.75,0.0,0.0,0.0
64,23,72,73,2,2,0,4,0,1.3333333333333333,0.0,0.0,0.0
64,23,72,73,3,4,0,5,0,2.2222222222222223,0.0,0.0,0.0
64,23,72,73,4,2,0,6,0,1.5,0.0,0.0,0.0
64,23,72,73,5,4,0,8,0,2.6666666666666665,0.0,0.0,0.0
64,23,72,73,6,5,0,9,0,3.2142857142857144,0.0,0.0,0.0
64,23,72,73,7,5,0,11,0,3.4375,0.0,0.0,0.0
64,23,72,73,8,4,1,14,0,3.111111111111111,0.25,0.0,0.25
64,23,72,73,9,2,0,16,0,1.7777777777777777,0.0,0.0,0.0
64,23,72,73,10,4,0,16,0,3.2,0.0,0.0,0.0
64,23,72,73,11,2,0,16,0,1.7777777777777777,0.0,0.0,0.0
64,23,72,73,12,2,0,17,0,1.7894736842105263,0.0,0.0,0.0
64,23,72,73,13,1,0,17,0,0.9444444444444444,0.0,0.0,0.0
64,23,72,73,14,1,0,18,0,0.9473684210526315,0.0,0.0,0.0
64,23,72,73,16,1,0,19,0,0.95,0.0,0.0,0.0
64,23,72,73,18,1,0,17,0,0.9444444444444444,0.0,0.0,0.0
64,23,72,73,20,1,0,12,0,0.9230769230769231,0.0,0.0,0.0
64,23,72,73,22,3,0,8,0,2.1818181818181817,0.0,0.0,0.0
64,23,80,81,2,3,0,5,0,1.875,0.0,0.0,0.0
64,23,80,81,3,1,0,8,0,0.8888888888888888,0.0,0.0,0.0
64,23,80,81,4,4,0,8,0,2.6666666666666665,0.0,0.0,0.0
64,23,80,81,5,2,0,13,0,1.7333333333333334,0.0,0.0,0.0
64,23,80,81,6,2,0,15,0,1.7647058823529411,0.0,0.0,0.0
64,23,80,81,7,3,0,17,0,2.55,0.0,0.0,0.0
64,23,80,81,8,2,0,19,0,1.8095238095238095,0.0,0.0,0.0
64,23,80,81,9,3,0,19,0,2.590909090909091,0.0,0.0,0.0
64,23,80,81,10,3,0,20,0,2.608695652173913,0.0,0.0,0.0
64,23,80,81,11,6,0,17,0,4.434782608695652,0.0,0.0,0.0
64,23,80,81,12,6,0,17,0,4.434782608695652,0.0,0.0,0.0
64,23,80,81,13,4,0,19,0,3.3043478260869565,0.0,0.0,0.0
64,23,80,81,14,5,0,19,0,3.9583333333333335,0.0,0.0,0.0
64,23,80,81,15,2,0,19,0,1.8095238095238095,0.0,0.0,0.0
64,23,80,81,16,4,0,19,0,3.3043478260869565,0.0,0.0,0.0
64,23,80,81,17,1,0,19,0,0.95,0.0,0.0,0.0
64,23,80,81,19,1,0,15,0,0.9375,0.0,0.0,0.0
64,23,80,81,20,1,0,12,0,0.9230769230769231,0.0,0.0,0.0
64,23,80,81,21,2,0,10,0,1.6666666666666667,0.0,0.0,0.0
64,23,88,89,13,2,0,25,0,1.8518518518518519,0.0,0.0,0.0
64,23,88,89,15,2,0,24,0,1.8461538461538463,0.0,0.0,0.0
64,23,88,89,17,2,0,21,0,1.826086956521739,0.0,0.0,0.0
64,23,88,89,18,1,0,19,0,0.95,0.0,0.0,0.0
64,23,88,89,19,1,0,16,0,0.9411764705882353,0.0,0.0,0.0
64,23,88,89,21,2,0,10,0,1.6666666666666667,0.0,0.0,0.0
64,23,96,97,18,2,0,19,0,1.8095238095238095,0.0,0.0,0.0
64,23,96,97,19,1,0,16,0,0.9411764705882353,0.0,0.0,0.0
64,23,96,97,21,2,0,10,0,1.6666666666666667,0.0,0.0,0.0
64,23,104,105,18,2,0,19,0,1.8095238095238095,0.0,0.0,0.0
64,23,104,105,20,1,0,13,0,0.9285714285714286,0.0,0.0,0.0
64,23,104,105,21,1,0,11,0,0.9166666666666666,0.0,0.0,0.0
64,23,112,113,19,1,0,17,0,0.9444444444444444,0.0,0.0,0.0
64,23,112,113,21,1,0,11,0,0.9166666666666666,0.0,0.0,0.0
64,23,120,121,19,1,0,17,0,0.9444444444444444,0.0,0.0,0.0
64,23,120,121,21,1,0,11,0,0.9166666666666666,0.0,0.0,0.0
64,23,128,129,19,1,0,17,0,0.9444444444444444,0.0,0.0,0.0
64,23,128,129,21,1,0,11,0,0.9166666666666666,0.0,0.0,0.0
64,23,200,201,4,1,0,12,0,0.9230769230769231,0.0,0.0,0.0
64,23,200,201,6,1,0,17,0,0.9444444444444444,0.0,0.0,0.0
64,23,208,209,4,1,0,12,0,0.9230769230769231,0.0,0.0,0.0
64,23,208,209,6,1,0,17,0,0.9444444444444444,0.0,0.0,0.0
64,23,216,217,4,1,0,12,0,0.9230769230769231,0.0,0.0,0.0
64,23,216,217,6,1,0,17,0,0.9444444444444444,0.0,0.0,0.0
64,23,224,225,4,1,0,12,0,0.9230769230769231,0.0,0.0,0.0
64,23,224,225,6,1,0,17,0,0.9444444444444444,0.0,0.0,0.0
64,23,232,233,4,1,0,12,0,0.9230769230769231,0.0,0.0,0.0
64,23,232,233,6,1,0,17,0,0.9444444444444444,0.0,0.0,0.0
64,23,240,241,4,1,0,12,0,0.9230769230769231,0.0,0.0,0.0
64,23,240,241,6,1,0,17,0,0.9444444444444444,0.0,0.0,0.0
64,23,248,249,4,1,0,12,0,0.9230769230769231,0.0,0.0,0.0
64,23,248,249,6,1,0,17,0,0.9444444444444444,0.0,0.0,0.0
64,24,8,9,8,8,1,6,0,3.4285714285714284,0.125,0.0,0.125
64,24,8,9,9,4,1,15,0,3.1578947368421053,0.25,0.0,0.25
64,24,16,17,9,5,0,3,0,1.875,0.0,0.0,0.0
64,24,16,17,10,7,2,8,0,3.7333333333333334,0.2857142857142857,0.0,0.2857142857142857
64,24,16,17,11,3,2,16,0,2.526315789473684,0.6666666666666666,0.0,0.6666666666666666
64,24,16,17,12,2,1,21,0,1.826086956521739,0.5,0.0,0.5
64,24,16,17,13,1,1,24,0,0.96,1.0,0.0,1.0
64,24,24,25,10,1,0,5,0,0.8333333333333334,0.0,0.0,0.0
64,24,24,25,11,3,0,8,0,2.1818181818181817,0.0,0.0,0.0
64,24,24,25,12,4,1,12,0,3.0,0.25,0.0,0.25
64,24,24,25,13,2,0,16,0,1.7777777777777777,0.0,0.0,0.0
64,24,24,25,14,5,1,17,0,3.8636363636363638,0.2,0.0,0.2
64,24,24,25,15,3,1,20,1,2.608695652173913,0.3333333333333333,0.05,0.2833333333333333
64,24,24,25,16,1,0,21,0,0.9545454545454546,0.0,0.0,0.0
64,24,24,25,17,3,1,21,0,2.625,0.3333333333333333,0.0,0.3333333333333333
64,24,32,33,11,1,0,7,0,0.875,0.0,0.0,0.0
64,24,32,33,12,1,0,9,0,0.9,0.0,0.0,0.0
64,24,32,33,13,1,0,11,0,0.9166666666666666,0.0,0.0,0.0
64,24,32,33,14,3,1,13,0,2.4375,0.3333333333333333,0.0,0.3333333333333333
64,24,32,33,15,2,1,14,0,1.75,0.5,0.0,0.5
64,24,32,33,16,4,1,15,0,3.1578947368421053,0.25,0.0,0.25
64,24,32,33,17,2,0,18,0,1.8,0.0,0.0,0.0
64,24,32,33,18,1,0,20,1,0.9523809523809523,0.0,0.05,-0.05
64,24,32,33,19,2,0,21,0,1.826086956521739,0.0,0.0,0.0
64,24,32,33,20,6,0,19,0,4.56,0.0,0.0,0.0
64,24,32,33,22,4,0,22,0,3.3846153846153846,0.0,0.0,0.0
64,24,32,33,26,2,0,26,0,1.8571428571428572,0.0,0.0,0.0
64,24,32,33,28,2,0,29,0,1.8709677419354838,0.0,0.0,0.0
64,24,40,41,9,2,0,3,0,1.2,0.0,0.0,0.0
64,24,40,41,10,2,0,5,0,1.4285714285714286,0.0,0.0,0.0
64,24,40,41,11,2,0,7,0,1.5555555555555556,0.0,0.0,0.0
64,24,40,41,12,5,0,9,0,3.2142857142857144,0.0,0.0,0.0
64,24,40,41,13,2,0,13,0,1.7333333333333334,0.0,0.0,0.0
64,24,40,41,14,2,0,15,0,1.7647058823529411,0.0,0.0,0.0
64,24,40,41,15,6,0,13,0,4.105263157894737,0.0,0.0,0.0
64,24,40,41,16,5,0,13,0,3.611111111111111,0.0,0.0,0.0
64,24,40,41,17,4,0,15,0,3.1578947368421053,0.0,0.0,0.0
64,24,40,41,18,7,2,15,0,4.7727272727272725,0.2857142857142857,0.0,0.2857142857142857
64,24,40,41,19,4,0,17,0,3.238095238095238,0.0,0.0,0.0
64,24,40,41,20,9,1,16,0,5.76,0.1111111111111111,0.0,0.1111111111111111
64,24,40,41,21,2,1,22,1,1.8333333333333333,0.5,0.045454545454545456,0.45454545454545453
64,24,40,41,22,2,1,23,0,1.84,0.5,0.0,0.5
64,24,40,41,23,1,0,24,1,0.96,0.0,0.041666666666666664,-0.041666666666666664
64,24,40,41,24,2,1,24,0,1.8461538461538463,0.5,0.0,0.5
64,24,40,41,25,1,0,25,0,0.9615384615384616,0.0,0.0,0.0
64,24,40,41,26,3,1,24,1,2.6666666666666665,0.3333333333333333,0.041666666666666664,0.29166666666666663
64,24,40,41,27,5,0,22,1,4.074074074074074,0.0,0.045454545454545456,-0.045454545454545456
64,24,40,41,28,4,0,24,0,3.4285714285714284,0.0,0.0,0.0
64,24,40,41,29,2,0,28,0,1.8666666666666667,0.0,0.0,0.0
64,24,40,41,30,1,0,32,1,0.9696969696969697,0.0,0.03125,-0.03125
64,24,48,49,2,2,0,3,0,1.2,0.0,0.0,0.0
64,24,48,49,3,7,0,2,0,1.5555555555555556,0.0,0.0,0.0
64,24,48,49,4,5,0,5,0,2.5,0.0,0.0,0.0
64,24,48,49,5,7,0,4,0,2.5454545454545454,0.0,0.0,0.0
64,24,48,49,6,4,0,7,0,2.5454545454545454,0.0,0.0,0.0
64,24,48,49,7,4,0,7,0,2.5454545454545454,0.0,0.0,0.0
64,24,48,49,8,4,0,7,0,2.5454545454545454,0.0,0.0,0.0
64,24,48,49,9,6,0,7,0,3.230769230769231,0.0,0.0,0.0
64,24,48,49,10,4,0,11,0,2.933333333333333,0.0,0.0,0.0
64,24,48,49,11,10,1,11,0,5.238095238095238,0.1,0.0,0.1
64,24,48,49,12,1,0,19,0,0.95,0.0,0.0,0.0
64,24,48,49,13,3,0,19,0,2.590909090909091,0.0,0.0,0.0
64,24,48,49,14,4,0,21,0,3.36,0.0,0.0,0.0
64,24,48,49,15,1,0,22,0,0.9565217391304348,0.0,0.0,0.0
64,24,48,49,16,1,0,21,0,0.9545454545454546,0.0,0.0,0.0
64,24,48,49,17,2,0,21,0,1.826086956521739,0.0,0.0,0.0
64,24,48,49,18,2,0,21,0,1.826086956521739,0.0,0.0,0.0
64,24,48,49,19,1,0,22,0,0.9565217391304348,0.0,0.0,0.0
64,24,48,49,20,1,0,22,0,0.9565217391304348,0.0,0.0,0.0
64,24,48,49,21,4,1,21,0,3.36,0.25,0.0,0.25
64,24,48,49,22,3,0,22,0,2.64,0.0,0.0,0.0
64,24,48,49,23,1,0,22,0,0.9565217391304348,0.0,0.0,0.0
64,24,48,49,24,4,1,22,0,3.3846153846153846,0.25,0.0,0.25
64,24,48,49,25,2,0,23,0,1.84,0.0,0.0,0.0
64,24,48,49,26,2,0,24,0,1.8461538461538463,0.0,0.0,0.0
64,24,48,49,27,2,0,26,0,1.8571428571428572,0.0,0.0,0.0
64,24,48,49,28,1,0,30,0,0.967741935483871,0.0,0.0,0.0
64,24,56,57,8,2,0,14,0,1.75,0.0,0.0,0.0
64,24,56,57,9,2,0,16,0,1.7777777777777777,0.0,0.0,0.0
64,24,56,57,10,1,0,19,0,0.95,0.0,0.0,0.0
64,24,56,57,12,1,0,23,0,0.9583333333333334,0.0,0.0,0.0
64,24,56,57,13,1,0,24,0,0.96,0.0,0.0,0.0
64,24,56,57,15,2,0,23,0,1.84,0.0,0.0,0.0
64,24,56,57,22,2,0,24,0,1.8461538461538463,0.0,0.0,0.0
64,24,56,57,24,2,0,24,0,1.8461538461538463,0.0,0.0,0.0
64,24,56,57,26,1,0,27,0,0.9642857142857143,0.0,0.0,0.0
64,25,8,9,8,15,7,7,0,4.7727272727272725,0.4666666666666667,0.0,0.4666666666666667
64,25,8,9,9,3,0,20,0,2.608695652173913,0.0,0.0,0.0
64,25,16,17,11,9,3,4,0,2.769230769230769,0.3333333333333333,0.0,0.3333333333333333
64,25,16,17,12,2,0,10,1,1.6666666666666667,0.0,0.1,-0.1
64,25,16,17,13,1,1,10,0,0.9090909090909091,1.0,0.0,1.0
64,25,16,17,14,1,0,10,0,0.9090909090909091,0.0,0.0,0.0
64,25,24,25,12,1,1,1,0,0.5,1.0,0.0,1.0
64,25,24,25,13,1,0,1,0,0.5,0.0,0.0,0.0
64,25,24,25,14,2,0,2,0,1.0,0.0,0.0,0.0
64,25,24,25,15,1,0,3,0,0.75,0.0,0.0,0.0
64,25,24,25,16,2,1,4,0,1.3333333333333333,0.5,0.0,0.5
64,25,24,25,17,1,1,5,0,0.8333333333333334,1.0,0.0,1.0
64,25,24,25,23,1,0,10,0,0.9090909090909091,0.0,0.0,0.0
64,25,24,25,25,2,0,11,0,1.6923076923076923,0.0,0.0,0.0
64,25,32,33,12,1,0,1,0,0.5,0.0,0.0,0.0
64,25,32,33,13,3,0,1,0,0.75,0.0,0.0,0.0
64,25,32,33,14,4,0,2,0,1.3333333333333333,0.0,0.0,0.0
64,25,32,33,15,3,1,3,0,1.5,0.3333333333333333,0.0,0.3333333333333333
64,25,32,33,16,3,0,4,0,1.7142857142857142,0.0,0.0,0.0
64,25,32,33,17,1,0,7,0,0.875,0.0,0.0,0.0
64,25,40,41,10,6,0,1,0,0.8571428571428571,0.0,0.0,0.0
64,25,40,41,11,7,0,1,0,0.875,0.0,0.0,0.0
64,25,40,41,12,8,0,3,0,2.1818181818181817,0.0,0.0,0.0
64,25,40,41,13,3,0,7,0,2.1,0.0,0.0,0.0
64,25,40,41,14,3,0,7,0,2.1,0.0,0.0,0.0
64,25,40,41,15,1,0,9,0,0.9,0.0,0.0,0.0
64,25,48,49,5,3,0,1,0,0.75,0.0,0.0,0.0
64,25,48,49,6,5,0,3,0,1.875,0.0,0.0,0.0
64,25,48,49,7,4,0,7,0,2.5454545454545454,0.0,0.0,0.0
64,25,48,49,8,5,0,9,0,3.2142857142857144,0.0,0.0,0.0
64,25,48,49,9,8,0,10,0,4.444444444444445,0.0,0.0,0.0
64,25,48,49,10,2,0,14,0,1.75,0.0,0.0,0.0
64,25,48,49,11,5,0,11,0,3.4375,0.0,0.0,0.0
64,25,48,49,12,4,0,11,0,2.933333333333333,0.0,0.0,0.0
64,25,56,57,2,1,0,2,0,0.6666666666666666,0.0,0.0,0.0
64,25,56,57,3,5,0,3,0,1.875,0.0,0.0,0.0
64,25,56,57,4,2,0,6,0,1.5,0.0,0.0,0.0
64,25,56,57,5,3,0,8,0,2.1818181818181817,0.0,0.0,0.0
64,25,56,57,6,4,0,11,0,2.933333333333333,0.0,0.0,0.0
64,25,56,57,7,4,0,14,0,3.111111111111111,0.0,0.0,0.0
64,25,56,57,8,4,0,18,0,3.272727272727273,0.0,0.0,0.0
64,25,56,57,9,3,0,19,0,2.590909090909091,0.0,0.0,0.0
64,25,56,57,10,2,0,19,0,1.8095238095238095,0.0,0.0,0.0
64,25,64,65,3,2,0,10,0,1.6666666666666667,0.0,0.0,0.0
64,25,64,65,5,3,0,16,0,2.526315789473684,0.0,0.0,0.0
64,25,64,65,7,2,0,21,0,1.826086956521739,0.0,0.0,0.0
64,26,8,9,8,6,2,2,0,1.5,0.3333333333333333,0.0,0.3333333333333333
64,26,8,9,9,4,2,8,0,2.6666666666666665,0.5,0.0,0.5
64,26,16,17,11,5,0,3,0,1.875,0.0,0.0,0.0
64,26,16,17,12,7,2,8,0,3.7333333333333334,0.2857142857142857,0.0,0.2857142857142857
64,26,24,25,12,7,0,2,0,1.5555555555555556,0.0,0.0,0.0
64,26,24,25,13,1,0,8,0,0.8888888888888888,0.0,0.0,0.0
64,26,24,25,14,1,0,8,0,0.8888888888888888,0.0,0.0,0.0
64,26,24,25,15,1,0,8,0,0.8888888888888888,0.0,0.0,0.0
64,26,24,25,16,1,0,8,0,0.8888888888888888,0.0,0.0,0.0
64,26,24,25,17,2,1,8,0,1.6,0.5,0.0,0.5
64,26,24,25,18,1,0,9,0,0.9,0.0,0.0,0.0
64,26,24,25,19,1,0,9,0,0.9,0.0,0.0,0.0
64,26,32,33,14,6,1,2,0,1.5,0.16666666666666666,0.0,0.16666666666666666
64,26,32,33,15,2,0,5,0,1.4285714285714286,0.0,0.0,0.0
64,26,32,33,16,1,0,6,0,0.8571428571428571,0.0,0.0,0.0
64,26,32,33,17,2,0,6,0,1.5,0.0,0.0,0.0
64,26,32,33,18,4,0,5,0,2.2222222222222223,0.0,0.0,0.0
64,26,32,33,19,1,0,6,0,0.8571428571428571,0.0,0.0,0.0
64,26,32,33,20,3,1,7,0,2.1,0.3333333333333333,0.0,0.3333333333333333
64,26,32,33,21,1,0,9,1,0.9,0.0,0.1111111111111111,-0.1111111111111111
64,26,32,33,22,1,0,11,1,0.9166666666666666,0.0,0.09090909090909091,-0.09090909090909091
64,26,32,33,23,3,1,11,0,2.357142857142857,0.3333333333333333,0.0,0.3333333333333333
64,26,32,33,24,1,0,12,0,0.9230769230769231,0.0,0.0,0.0
64,26,32,33,25,2,0,11,0,1.6923076923076923,0.0,0.0,0.0
64,26,32,33,26,1,0,12,0,0.9230769230769231,0.0,0.0,0.0
64,26,32,33,27,1,0,13,0,0.9285714285714286,0.0,0.0,0.0
64,26,32,33,29,2,0,13,0,1.7333333333333334,0.0,0.0,0.0
64,26,32,33,31,2,0,13,0,1.7333333333333334,0.0,0.0,0.0
64,26,40,41,12,1,0,1,0,0.5,0.0,0.0,0.0
64,26,40,41,15,4,0,1,0,0.8,0.0,0.0,0.0
64,26,40,41,16,6,2,1,0,0.8571428571428571,0.3333333333333333,0.0,0.3333333333333333
64,26,40,41,17,6,0,1,0,0.8571428571428571,0.0,0.0,0.0
64,26,40,41,18,3,0,2,0,1.2,0.0,0.0,0.0
64,26,40,41,19,5,1,1,0,0.8333333333333334,0.2,0.0,0.2
64,26,40,41,20,5,1,3,0,1.875,0.2,0.0,0.2
64,26,40,41,21,2,0,6,0,1.5,0.0,0.0,0.0
64,26,40,41,22,5,0,7,0,2.9166666666666665,0.0,0.0,0.0
64,26,40,41,23,1,0,13,2,0.9285714285714286,0.0,0.15384615384615385,-0.15384615384615385
64,26,40,41,24,2,0,12,0,1.7142857142857142,0.0,0.0,0.0
64,26,40,41,25,2,0,11,0,1.6923076923076923,0.0,0.0,0.0
64,26,40,41,26,1,0,10,0,0.9090909090909091,0.0,0.0,0.0
64,26,40,41,27,3,0,9,0,2.25,0.0,0.0,0.0
64,26,40,41,28,1,0,10,1,0.9090909090909091,0.0,0.1,-0.1
64,26,40,41,29,5,0,9,1,3.2142857142857144,0.0,0.1111111111111111,-0.1111111111111111
64,26,40,41,30,1,0,12,0,0.9230769230769231,0.0,0.0,0.0
64,26,40,41,31,4,0,11,0,2.933333333333333,0.0,0.0,0.0
64,26,48,49,1,1,0,2,0,0.6666666666666666,0.0,0.0,0.0
64,26,48,49,2,2,0,2,0,1.0,0.0,0.0,0.0
64,26,48,49,3,2,0,1,0,0.6666666666666666,0.0,0.0,0.0
64,26,48,49,4,1,0,1,0,0.5,0.0,0.0,0.0
64,26,48,49,5,1,0,1,0,0.5,0.0,0.0,0.0
64,26,48,49,6,1,0,1,0,0.5,0.0,0.0,0.0
64,26,48,49,7,1,0,1,0,0.5,0.0,0.0,0.0
64,26,48,49,8,1,0,1,0,0.5,0.0,0.0,0.0
64,26,48,49,9,1,0,1,0,0.5,0.0,0.0,0.0
64,26,48,49,10,1,0,1,0,0.5,0.0,0.0,0.0
64,26,48,49,11,1,0,1,0,0.5,0.0,0.0,0.0
64,26,48,49,12,2,0,1,0,0.6666666666666666,0.0,0.0,0.0
64,26,48,49,13,2,0,1,0,0.6666666666666666,0.0,0.0,0.0
64,26,48,49,14,5,0,1,0,0.8333333333333334,0.0,0.0,0.0
64,26,48,49,15,3,0,4,0,1.7142857142857142,0.0,0.0,0.0
64,26,48,49,16,3,0,4,0,1.7142857142857142,0.0,0.0,0.0
64,26,48,49,17,4,0,3,0,1.7142857142857142,0.0,0.0,0.0
64,26,48,49,18,2,0,5,0,1.4285714285714286,0.0,0.0,0.0
64,26,48,49,19,2,0,5,0,1.4285714285714286,0.0,0.0,0.0
64,26,48,49,20,2,0,7,0,1.5555555555555556,0.0,0.0,0.0
64,26,48,49,21,5,0,6,0,2.727272727272727,0.0,0.0,0.0
64,26,48,49,22,4,0,7,0,2.5454545454545454,0.0,0.0,0.0
64,26,48,49,23,4,0,8,0,2.6666666666666665,0.0,0.0,0.0
64,26,48,49,24,3,0,8,0,2.1818181818181817,0.0,0.0,0.0
64,26,48,49,25,7,1,6,0,3.230769230769231,0.14285714285714285,0.0,0.14285714285714285
64,26,48,49,26,3,0,9,0,2.25,0.0,0.0,0.0
64,26,48,49,27,2,0,10,0,1.6666666666666667,0.0,0.0,0.0
64,26,48,49,28,4,0,10,0,2.857142857142857,0.0,0.0,0.0
64,26,48,49,29,1,0,13,0,0.9285714285714286,0.0,0.0,0.0
64,26,48,49,30,1,0,13,0,0.9285714285714286,0.0,0.0,0.0
64,26,48,49,31,2,0,13,0,1.7333333333333334,0.0,0.0,0.0
64,26,48,49,32,2,0,13,0,1.7333333333333334,0.0,0.0,0.0
64,26,48,49,34,2,0,10,0,1.6666666666666667,0.0,0.0,0.0
64,26,56,57,1,1,0,2,0,0.6666666666666666,0.0,0.0,0.0
64,26,56,57,2,2,0,2,0,1.0,0.0,0.0,0.0
64,26,56,57,3,2,0,1,0,0.6666666666666666,0.0,0.0,0.0
64,26,56,57,4,1,0,1,0,0.5,0.0,0.0,0.0
64,26,56,57,6,2,0,2,0,1.0,0.0,0.0,0.0
64,26,56,57,7,1,0,3,0,0.75,0.0,0.0,0.0
64,26,56,57,8,1,0,3,0,0.75,0.0,0.0,0.0
64,26,56,57,9,1,0,3,0,0.75,0.0,0.0,0.0
64,26,56,57,10,1,0,3,0,0.75,0.0,0.0,0.0
64,26,56,57,11,2,0,3,0,1.2,0.0,0.0,0.0
64,26,56,57,12,6,0,3,0,2.0,0.0,0.0,0.0
64,26,56,57,13,4,0,5,0,2.2222222222222223,0.0,0.0,0.0
64,26,56,57,14,6,0,5,0,2.727272727272727,0.0,0.0,0.0
64,26,56,57,15,3,0,9,0,2.25,0.0,0.0,0.0
64,26,56,57,16,4,0,8,0,2.6666666666666665,0.0,0.0,0.0
64,26,56,57,17,3,0,8,0,2.1818181818181817,0.0,0.0,0.0
64,26,56,57,18,2,0,9,0,1.6363636363636365,0.0,0.0,0.0
64,26,64,65,3,1,0,5,0,0.8333333333333334,0.0,0.0,0.0
64,26,64,65,4,2,0,4,0,1.3333333333333333,0.0,0.0,0.0
64,26,64,65,5,2,0,3,0,1.2,0.0,0.0,0.0
64,26,64,65,7,1,0,4,0,0.8,0.0,0.0,0.0
64,26,64,65,8,2,0,5,0,1.4285714285714286,0.0,0.0,0.0
64,26,64,65,9,3,0,5,0,1.875,0.0,0.0,0.0
64,26,64,65,10,3,0,5,0,1.875,0.0,0.0,0.0
64,26,64,65,11,6,0,5,0,2.727272727272727,0.0,0.0,0.0
64,26,64,65,12,2,0,11,0,1.6923076923076923,0.0,0.0,0.0
64,26,64,65,13,3,0,12,0,2.4,0.0,0.0,0.0
64,26,72,73,4,2,0,5,0,1.4285714285714286,0.0,0.0,0.0
64,26,72,73,5,1,0,6,0,0.8571428571428571,0.0,0.0,0.0
64,26,72,73,6,3,0,5,0,1.875,0.0,0.0,0.0
64,26,72,73,7,2,0,6,0,1.5,0.0,0.0,0.0
64,26,72,73,8,4,0,6,0,2.4,0.0,0.0,0.0
64,26,72,73,9,1,0,10,0,0.9090909090909091,0.0,0.0,0.0
64,26,72,73,10,2,0,11,0,1.6923076923076923,0.0,0.0,0.0
64,27,8,9,8,9,3,8,0,4.235294117647059,0.3333333333333333,0.0,0.3333333333333333
64,27,8,9,9,2,0,18,0,1.8,0.0,0.0,0.0
64,27,16,17,10,8,2,7,0,3.7333333333333334,0.25,0.0,0.25
64,27,16,17,11,8,2,12,0,4.8,0.25,0.0,0.25
64,27,16,17,12,4,1,17,0,3.238095238095238,0.25,0.0,0.25
64,27,16,17,13,1,0,19,0,0.95,0.0,0.0,0.0
64,27,16,17,14,3,0,20,0,2.608695652173913,0.0,0.0,0.0
64,27,24,25,11,5,2,1,0,0.8333333333333334,0.4,0.0,0.4
64,27,24,25,12,3,0,5,0,1.875,0.0,0.0,0.0
64,27,24,25,13,6,2,6,0,3.0,0.3333333333333333,0.0,0.3333333333333333
64,27,24,25,14,5,0,9,0,3.2142857142857144,0.0,0.0,0.0
64,27,24,25,15,3,0,12,0,2.4,0.0,0.0,0.0
64,27,24,25,16,5,1,16,0,3.8095238095238093,0.2,0.0,0.2
64,27,24,25,17,2,1,20,0,1.8181818181818181,0.5,0.0,0.5
64,27,24,25,18,1,1,23,0,0.9583333333333334,1.0,0.0,1.0
64,27,24,25,19,1,1,26,1,0.9629629629629629,1.0,0.038461538461538464,0.9615384615384616
64,27,24,25,20,3,0,25,1,2.6785714285714284,0.0,0.04,-0.04
64,27,24,25,22,3,0,26,0,2.689655172413793,0.0,0.0,0.0
64,27,32,33,12,3,0,1,0,0.75,0.0,0.0,0.0
64,27,32,33,13,7,1,2,0,1.5555555555555556,0.14285714285714285,0.0,0.14285714285714285
64,27,32,33,14,8,0,4,0,2.6666666666666665,0.0,0.0,0.0
64,27,32,33,15,4,0,8,0,2.6666666666666665,0.0,0.0,0.0
64,27,32,33,16,3,0,12,0,2.4,0.0,0.0,0.0
64,27,32,33,17,3,0,15,0,2.5,0.0,0.0,0.0
64,27,32,33,18,2,0,18,0,1.8,0.0,0.0,0.0
64,27,32,33,19,5,0,20,0,4.0,0.0,0.0,0.0
64,27,32,33,20,1,0,24,1,0.96,0.0,0.041666666666666664,-0.041666666666666664
64,27,32,33,21,5,0,24,0,4.137931034482759,0.0,0.0,0.0
64,27,32,33,23,3,1,25,0,2.6785714285714284,0.3333333333333333,0.0,0.3333333333333333
64,27,32,33,25,1,0,25,0,0.9615384615384616,0.0,0.0,0.0
64,27,40,41,11,3,0,1,0,0.75,0.0,0.0,0.0
64,27,40,41,12,4,0,2,0,1.3333333333333333,0.0,0.0,0.0
64,27,40,41,13,5,0,4,0,2.2222222222222223,0.0,0.0,0.0
64,27,40,41,14,3,0,8,0,2.1818181818181817,0.0,0.0,0.0
64,27,40,41,15,3,0,8,0,2.1818181818181817,0.0,0.0,0.0
64,27,40,41,16,7,2,9,0,3.9375,0.2857142857142857,0.0,0.2857142857142857
64,27,40,41,17,2,0,15,0,1.7647058823529411,0.0,0.0,0.0
64,27,40,41,18,3,1,17,0,2.55,0.3333333333333333,0.0,0.3333333333333333
64,27,40,41,19,4,1,20,0,3.3333333333333335,0.25,0.0,0.25
64,27,40,41,20,3,0,22,0,2.64,0.0,0.0,0.0
64,27,40,41,21,4,0,23,0,3.4074074074074074,0.0,0.0,0.0
64,27,40,41,22,4,0,23,0,3.4074074074074074,0.0,0.0,0.0
64,27,40,41,23,2,0,24,0,1.8461538461538463,0.0,0.0,0.0
64,27,40,41,24,4,1,23,0,3.4074074074074074,0.25,0.0,0.25
64,27,40,41,26,2,0,23,0,1.84,0.0,0.0,0.0
64,27,48,49,10,4,0,1,0,0.8,0.0,0.0,0.0
64,27,48,49,11,2,0,3,0,1.2,0.0,0.0,0.0
64,27,48,49,12,4,0,4,0,2.0,0.0,0.0,0.0
64,27,48,49,13,3,0,6,0,2.0,0.0,0.0,0.0
64,27,48,49,14,2,0,8,0,1.6,0.0,0.0,0.0
64,27,48,49,15,5,2,7,0,2.9166666666666665,0.4,0.0,0.4
64,27,48,49,16,5,1,10,0,3.3333333333333335,0.2,0.0,0.2
64,27,48,49,17,4,0,12,0,3.0,0.0,0.0,0.0
64,27,48,49,18,5,0,14,0,3.6842105263157894,0.0,0.0,0.0
64,27,48,49,19,5,0,18,0,3.9130434782608696,0.0,0.0,0.0
64,27,48,49,20,6,0,19,0,4.56,0.0,0.0,0.0
64,27,48,49,21,4,1,23,0,3.4074074074074074,0.25,0.0,0.25
64,27,48,49,22,4,0,24,0,3.4285714285714284,0.0,0.0,0.0
64,27,48,49,23,3,0,24,0,2.6666666666666665,0.0,0.0,0.0
64,27,48,49,24,2,0,24,0,1.8461538461538463,0.0,0.0,0.0
64,27,48,49,25,4,0,21,0,3.36,0.0,0.0,0.0
64,27,48,49,26,4,1,19,0,3.3043478260869565,0.25,0.0,0.25
64,27,48,49,27,5,0,17,0,3.8636363636363638,0.0,0.0,0.0
64,27,48,49,28,3,1,18,0,2.5714285714285716,0.3333333333333333,0.0,0.3333333333333333
64,27,48,49,29,2,0,17,0,1.7894736842105263,0.0,0.0,0.0
64,27,48,49,30,2,0,16,0,1.7777777777777777,0.0,0.0,0.0
64,27,56,57,9,3,0,1,0,0.75,0.0,0.0,0.0
64,27,56,57,10,3,0,2,0,1.2,0.0,0.0,0.0
64,27,56,57,11,3,0,4,0,1.7142857142857142,0.0,0.0,0.0
64,27,56,57,12,7,0,6,0,3.230769230769231,0.0,0.0,0.0
64,27,56,57,13,3,0,10,0,2.3076923076923075,0.0,0.0,0.0
64,27,56,57,14,5,0,10,0,3.3333333333333335,0.0,0.0,0.0
64,27,56,57,15,3,0,10,0,2.3076923076923075,0.0,0.0,0.0
64,27,56,57,16,5,0,11,0,3.4375,0.0,0.0,0.0
64,27,56,57,17,6,0,12,0,4.0,0.0,0.0,0.0
64,27,56,57,18,6,0,13,0,4.105263157894737,0.0,0.0,0.0
64,27,56,57,19,5,1,19,0,3.9583333333333335,0.2,0.0,0.2
64,27,56,57,20,4,1,22,0,3.3846153846153846,0.25,0.0,0.25
64,27,56,57,21,2,0,24,0,1.8461538461538463,0.0,0.0,0.0
64,27,56,57,22,2,0,24,0,1.8461538461538463,0.0,0.0,0.0
64,27,56,57,23,2,0,24,0,1.8461538461538463,0.0,0.0,0.0
64,27,56,57,24,3,0,24,0,2.6666666666666665,0.0,0.0,0.0
64,27,64,65,9,1,0,5,0,0.8333333333333334,0.0,0.0,0.0
64,27,64,65,10,3,0,6,0,2.0,0.0,0.0,0.0
64,27,64,65,11,6,0,8,0,3.4285714285714284,0.0,0.0,0.0
64,27,64,65,12,8,0,11,0,4.631578947368421,0.0,0.0,0.0
64,27,64,65,13,3,0,16,0,2.526315789473684,0.0,0.0,0.0
64,27,64,65,14,6,0,15,0,4.285714285714286,0.0,0.0,0.0
64,27,64,65,15,2,0,18,0,1.8,0.0,0.0,0.0
64,27,64,65,16,4,0,19,0,3.3043478260869565,0.0,0.0,0.0
64,27,72,73,8,3,0,4,0,1.7142857142857142,0.0,0.0,0.0
64,27,72,73,9,3,0,7,0,2.1,0.0,0.0,0.0
64,27,72,73,10,3,0,10,0,2.3076923076923075,0.0,0.0,0.0
64,27,72,73,11,4,0,13,0,3.0588235294117645,0.0,0.0,0.0
64,27,72,73,12,7,0,16,0,4.869565217391305,0.0,0.0,0.0
64,27,80,81,8,3,0,4,0,1.7142857142857142,0.0,0.0,0.0
64,27,80,81,9,4,0,7,0,2.5454545454545454,0.0,0.0,0.0
64,27,80,81,10,7,0,10,0,4.117647058823529,0.0,0.0,0.0
64,27,80,81,11,7,0,16,0,4.869565217391305,0.0,0.0,0.0
64,27,88,89,7,4,0,1,0,0.8,0.0,0.0,0.0
64,27,88,89,8,6,0,6,0,3.0,0.0,0.0,0.0
64,27,88,89,9,9,0,10,0,4.7368421052631575,0.0,0.0,0.0
64,27,88,89,10,2,0,19,0,1.8095238095238095,0.0,0.0,0.0
64,27,88,89,11,1,0,22,0,0.9565217391304348,0.0,0.0,0.0
64,27,96,97,6,8,0,1,0,0.8888888888888888,0.0,0.0,0.0
64,27,96,97,7,9,0,4,0,2.769230769230769,0.0,0.0,0.0
64,27,96,97,8,5,0,13,0,3.611111111111111,0.0,0.0,0.0
64,27,104,105,5,11,0,2,0,1.6923076923076923,0.0,0.0,0.0
64,27,104,105,7,2,0,13,0,1.7333333333333334,0.0,0.0,0.0
64,27,112,113,4,4,0,6,0,2.4,0.0,0.0,0.0
64,27,112,113,5,2,0,11,0,1.6923076923076923,0.0,0.0,0.0
64,27,120,121,2,3,0,4,0,1.7142857142857142,0.0,0.0,0.0
64,28,8,9,8,14,6,5,0,3.6842105263157894,0.42857142857142855,0.0,0.42857142857142855
64,28,8,9,9,2,0,17,0,1.7894736842105263,0.0,0.0,0.0
64,28,16,17,11,3,0,1,0,0.75,0.0,0.0,0.0
64,28,16,17,12,4,2,4,0,2.0,0.5,0.0,0.5
64,28,16,17,13,5,2,8,0,3.076923076923077,0.4,0.0,0.4
64,28,32,33,7,2,0,1,0,0.6666666666666666,0.0,0.0,0.0
64,28,32,33,8,1,0,1,0,0.5,0.0,0.0,0.0
64,28,32,33,9,1,0,1,0,0.5,0.0,0.0,0.0
64,28,32,33,11,3,0,1,0,0.75,0.0,0.0,0.0
64,28,32,33,13,2,0,1,0,0.6666666666666666,0.0,0.0,0.0
64,28,32,33,14,5,0,1,0,0.8333333333333334,0.0,0.0,0.0
64,28,32,33,15,5,0,4,0,2.2222222222222223,0.0,0.0,0.0
64,28,32,33,16,4,0,9,0,2.769230769230769,0.0,0.0,0.0
64,28,32,33,20,2,0,14,0,1.75,0.0,0.0,0.0
64,28,32,33,21,2,0,13,0,1.7333333333333334,0.0,0.0,0.0
64,28,32,33,22,1,0,12,0,0.9230769230769231,0.0,0.0,0.0
64,28,32,33,23,4,0,11,0,2.933333333333333,0.0,0.0,0.0
64,28,32,33,24,2,0,14,1,1.75,0.0,0.07142857142857142,-0.07142857142857142
64,28,40,41,6,4,0,2,0,1.3333333333333333,0.0,0.0,0.0
64,28,40,41,7,3,0,2,0,1.2,0.0,0.0,0.0
64,28,40,41,8,1,0,3,0,0.75,0.0,0.0,0.0
64,28,40,41,9,8,0,2,0,1.6,0.0,0.0,0.0
64,28,40,41,10,5,0,7,0,2.9166666666666665,0.0,0.0,0.0
64,28,40,41,11,3,0,7,0,2.1,0.0,0.0,0.0
64,28,40,41,12,3,0,6,0,2.0,0.0,0.0,0.0
64,28,40,41,13,6,0,5,0,2.727272727272727,0.0,0.0,0.0
64,28,40,41,14,5,0,8,0,3.076923076923077,0.0,0.0,0.0
64,28,40,41,16,5,1,6,0,2.727272727272727,0.2,0.0,0.2
64,28,40,41,17,4,1,8,0,2.6666666666666665,0.25,0.0,0.25
64,28,40,41,18,5,0,8,1,3.076923076923077,0.0,0.125,-0.125
64,28,40,41,19,4,0,9,0,2.769230769230769,0.0,0.0,0.0
64,28,40,41,20,3,0,10,0,2.3076923076923075,0.0,0.0,0.0
64,28,40,41,21,8,1,7,0,3.7333333333333334,0.125,0.0,0.125
64,28,40,41,22,3,0,10,0,2.3076923076923075,0.0,0.0,0.0
64,28,40,41,23,8,0,7,0,3.7333333333333334,0.0,0.0,0.0
64,28,40,41,24,3,0,10,0,2.3076923076923075,0.0,0.0,0.0
64,28,40,41,25,5,0,10,0,3.3333333333333335,0.0,0.0,0.0
64,28,40,41,26,2,1,14,0,1.75,0.5,0.0,0.5
64,28,48,49,2,1,0,1,0,0.5,0.0,0.0,0.0
64,28,48,49,3,4,1,1,0,0.8,0.25,0.0,0.25
64,28,48,49,4,2,0,4,0,1.3333333333333333,0.0,0.0,0.0
64,28,48,49,5,6,0,5,0,2.727272727272727,0.0,0.0,0.0
64,28,48,49,6,3,0,9,0,2.25,0.0,0.0,0.0
64,28,48,49,7,9,0,8,0,4.235294117647059,0.0,0.0,0.0
64,28,48,49,8,2,0,14,0,1.75,0.0,0.0,0.0
64,28,48,49,9,4,0,12,0,3.0,0.0,0.0,0.0
64,28,48,49,10,2,0,14,0,1.75,0.0,0.0,0.0
64,28,48,49,11,2,0,13,0,1.7333333333333334,0.0,0.0,0.0
64,28,48,49,12,1,0,13,0,0.9285714285714286,0.0,0.0,0.0
64,28,48,49,13,2,0,10,0,1.6666666666666667,0.0,0.0,0.0
64,28,48,49,14,1,0,9,0,0.9,0.0,0.0,0.0
64,28,48,49,15,3,1,7,0,2.1,0.3333333333333333,0.0,0.3333333333333333
64,28,48,49,16,3,0,6,0,2.0,0.0,0.0,0.0
64,28,48,49,17,3,0,5,0,1.875,0.0,0.0,0.0
64,28,48,49,18,5,0,3,0,1.875,0.0,0.0,0.0
64,28,48,49,19,3,0,4,0,1.7142857142857142,0.0,0.0,0.0
64,28,48,49,20,5,0,4,0,2.2222222222222223,0.0,0.0,0.0
64,28,48,49,21,7,1,4,0,2.5454545454545454,0.14285714285714285,0.0,0.14285714285714285
64,28,48,49,22,4,0,7,1,2.5454545454545454,0.0,0.14285714285714285,-0.14285714285714285
64,28,48,49,23,6,0,8,0,3.4285714285714284,0.0,0.0,0.0
64,28,48,49,24,4,0,11,1,2.933333333333333,0.0,0.09090909090909091,-0.09090909090909091
64,28,48,49,25,1,0,14,0,0.9333333333333333,0.0,0.0,0.0
64,28,48,49,26,2,0,14,0,1.75,0.0,0.0,0.0
64,28,56,57,2,2,0,6,0,1.5,0.0,0.0,0.0
64,28,56,57,3,1,0,10,0,0.9090909090909091,0.0,0.0,0.0
64,28,56,57,4,3,0,12,0,2.4,0.0,0.0,0.0
64,28,56,57,5,3,0,15,0,2.5,0.0,0.0,0.0
64,28,56,57,6,3,0,17,0,2.55,0.0,0.0,0.0
64,28,56,57,7,4,0,18,0,3.272727272727273,0.0,0.0,0.0
64,28,56,57,14,1,0,12,0,0.9230769230769231,0.0,0.0,0.0
64,28,56,57,16,4,0,9,0,2.769230769230769,0.0,0.0,0.0
64,28,56,57,17,3,0,9,0,2.25,0.0,0.0,0.0
64,28,56,57,18,3,0,8,0,2.1818181818181817,0.0,0.0,0.0
64,28,56,57,19,6,0,8,0,3.4285714285714284,0.0,0.0,0.0
64,28,56,57,20,2,0,12,0,1.7142857142857142,0.0,0.0,0.0
64,28,56,57,21,2,0,12,0,1.7142857142857142,0.0,0.0,0.0
64,28,56,57,22,3,0,12,0,2.4,0.0,0.0,0.0
64,28,56,57,23,1,0,13,0,0.9285714285714286,0.0,0.0,0.0
64,28,56,57,24,2,0,13,0,1.7333333333333334,0.0,0.0,0.0
64,28,56,57,25,1,0,14,0,0.9333333333333333,0.0,0.0,0.0
64,28,56,57,26,1,0,15,0,0.9375,0.0,0.0,0.0
64,29,8,9,8,19,8,4,0,3.3043478260869565,0.42105263157894735,0.0,0.42105263157894735
64,29,8,9,9,1,0,19,0,0.95,0.0,0.0,0.0
64,29,16,17,11,4,1,3,0,1.7142857142857142,0.25,0.0,0.25
64,29,16,17,12,5,0,3,0,1.875,0.0,0.0,0.0
64,29,16,17,14,3,0,1,0,0.75,0.0,0.0,0.0
64,29,24,25,14,1,0,2,0,0.6666666666666666,0.0,0.0,0.0
64,29,24,25,16,3,0,3,0,1.5,0.0,0.0,0.0
64,29,24,25,18,2,1,6,0,1.5,0.5,0.0,0.5
64,29,24,25,21,2,0,12,0,1.7142857142857142,0.0,0.0,0.0
64,29,24,25,23,2,0,18,0,1.8,0.0,0.0,0.0
64,29,32,33,7,2,0,2,0,1.0,0.0,0.0,0.0
64,29,32,33,8,3,0,1,0,0.75,0.0,0.0,0.0
64,29,32,33,9,4,0,1,0,0.8,0.0,0.0,0.0
64,29,32,33,11,4,1,2,0,1.3333333333333333,0.25,0.0,0.25
64,29,32,33,12,2,0,3,0,1.2,0.0,0.0,0.0
64,29,32,33,13,1,0,3,0,0.75,0.0,0.0,0.0
64,29,32,33,14,1,0,3,0,0.75,0.0,0.0,0.0
64,29,40,41,4,2,0,1,0,0.6666666666666666,0.0,0.0,0.0
64,29,40,41,5,7,0,1,0,0.875,0.0,0.0,0.0
64,29,40,41,6,2,0,8,0,1.6,0.0,0.0,0.0
64,29,40,41,7,9,0,8,0,4.235294117647059,0.0,0.0,0.0
64,29,40,41,8,4,0,11,0,2.933333333333333,0.0,0.0,0.0
64,29,40,41,9,8,0,9,0,4.235294117647059,0.0,0.0,0.0
64,29,40,41,10,3,0,11,0,2.357142857142857,0.0,0.0,0.0
64,29,40,41,11,4,0,8,0,2.6666666666666665,0.0,0.0,0.0
64,29,48,49,2,1,0,1,0,0.5,0.0,0.0,0.0
64,29,48,49,3,5,0,2,0,1.4285714285714286,0.0,0.0,0.0
64,29,48,49,4,2,0,7,0,1.5555555555555556,0.0,0.0,0.0
64,29,48,49,5,4,0,10,0,2.857142857142857,0.0,0.0,0.0
64,29,48,49,6,7,0,14,0,4.666666666666667,0.0,0.0,0.0
64,29,48,49,7,1,0,22,0,0.9565217391304348,0.0,0.0,0.0
64,29,48,49,8,4,0,19,0,3.3043478260869565,0.0,0.0,0.0
64,29,48,49,9,2,0,18,0,1.8,0.0,0.0,0.0
64,30,8,9,7,8,5,4,0,2.6666666666666665,0.625,0.0,0.625
64,30,8,9,8,10,6,14,0,5.833333333333333,0.6,0.0,0.6
64,30,16,17,8,3,2,1,0,0.75,0.6666666666666666,0.0,0.6666666666666666
64,30,16,17,9,4,1,7,0,2.5454545454545454,0.25,0.0,0.25
64,30,16,17,10,9,2,12,0,5.142857142857143,0.2222222222222222,0.0,0.2222222222222222
64,30,16,17,11,5,1,21,0,4.038461538461538,0.2,0.0,0.2
64,30,16,17,12,7,1,25,0,5.46875,0.14285714285714285,0.0,0.14285714285714285
64,30,16,17,13,4,2,33,0,3.5675675675675675,0.5,0.0,0.5
64,30,24,25,6,1,0,1,0,0.5,0.0,0.0,0.0
64,30,24,25,8,4,1,2,0,1.3333333333333333,0.25,0.0,0.25
64,30,24,25,9,4,0,4,0,2.0,0.0,0.0,0.0
64,30,24,25,10,1,0,8,0,0.8888888888888888,0.0,0.0,0.0
64,30,24,25,11,5,2,9,0,3.2142857142857144,0.4,0.0,0.4
64,30,24,25,12,9,2,12,0,5.142857142857143,0.2222222222222222,0.0,0.2222222222222222
64,30,24,25,13,7,1,20,0,5.185185185185185,0.14285714285714285,0.0,0.14285714285714285
64,30,24,25,14,5,2,27,0,4.21875,0.4,0.0,0.4
64,30,24,25,15,5,2,31,0,4.305555555555555,0.4,0.0,0.4
64,30,24,25,17,1,0,38,0,0.9743589743589743,0.0,0.0,0.0
64,30,24,25,19,1,0,41,2,0.9761904761904762,0.0,0.04878048780487805,-0.04878048780487805
64,30,24,25,21,3,0,42,1,2.8,0.0,0.023809523809523808,-0.023809523809523808
64,30,32,33,5,2,0,1,0,0.6666666666666666,0.0,0.0,0.0
64,30,32,33,6,2,0,1,0,0.6666666666666666,0.0,0.0,0.0
64,30,32,33,7,3,0,2,0,1.2,0.0,0.0,0.0
64,30,32,33,8,1,0,4,0,0.8,0.0,0.0,0.0
64,30,32,33,9,3,0,6,0,2.0,0.0,0.0,0.0
64,30,32,33,10,2,0,9,0,1.6363636363636365,0.0,0.0,0.0
64,30,32,33,11,3,0,10,0,2.3076923076923075,0.0,0.0,0.0
64,30,32,33,12,5,1,10,0,3.3333333333333335,0.2,0.0,0.2
64,30,32,33,13,7,1,12,0,4.421052631578948,0.14285714285714285,0.0,0.14285714285714285
64,30,32,33,14,12,1,14,0,6.461538461538462,0.08333333333333333,0.0,0.08333333333333333
64,30,32,33,15,4,2,23,1,3.4074074074074074,0.5,0.043478260869565216,0.4565217391304348
64,30,32,33,16,13,1,23,0,8.305555555555555,0.07692307692307693,0.0,0.07692307692307693
64,30,32,33,17,9,1,27,0,6.75,0.1111111111111111,0.0,0.1111111111111111
64,30,32,33,18,6,1,31,0,5.027027027027027,0.16666666666666666,0.0,0.16666666666666666
64,30,32,33,19,9,3,30,0,6.923076923076923,0.3333333333333333,0.0,0.3333333333333333
64,30,32,33,20,6,0,36,0,5.142857142857143,0.0,0.0,0.0
64,30,32,33,21,3,0,41,0,2.7954545454545454,0.0,0.0,0.0
64,30,32,33,22,4,1,41,0,3.6444444444444444,0.25,0.0,0.25
64,30,32,33,23,2,0,42,0,1.9090909090909092,0.0,0.0,0.0
64,30,32,33,24,3,0,42,0,2.8,0.0,0.0,0.0
64,30,32,33,25,1,0,44,1,0.9777777777777777,0.0,0.022727272727272728,-0.022727272727272728
64,30,40,41,6,1,0,2,0,0.6666666666666666,0.0,0.0,0.0
64,30,40,41,7,1,0,4,0,0.8,0.0,0.0,0.0
64,30,40,41,8,2,1,6,0,1.5,0.5,0.0,0.5
64,30,40,41,9,2,0,10,0,1.6666666666666667,0.0,0.0,0.0
64,30,40,41,10,3,0,11,0,2.357142857142857,0.0,0.0,0.0
64,30,40,41,11,3,0,12,0,2.4,0.0,0.0,0.0
64,30,40,41,12,2,0,13,0,1.7333333333333334,0.0,0.0,0.0
64,30,40,41,13,6,0,14,0,4.2,0.0,0.0,0.0
64,30,40,41,14,4,0,17,0,3.238095238095238,0.0,0.0,0.0
64,30,40,41,15,8,0,17,0,5.44,0.0,0.0,0.0
64,30,40,41,16,11,0,19,0,6.966666666666667,0.0,0.0,0.0
64,30,40,41,17,11,1,24,0,7.542857142857143,0.09090909090909091,0.0,0.09090909090909091
64,30,40,41,18,8,0,29,0,6.27027027027027,0.0,0.0,0.0
64,30,40,41,19,7,0,30,0,5.675675675675675,0.0,0.0,0.0
64,30,40,41,20,7,0,33,0,5.775,0.0,0.0,0.0
64,30,40,41,21,4,0,37,0,3.6097560975609757,0.0,0.0,0.0
64,30,40,41,22,4,0,38,0,3.619047619047619,0.0,0.0,0.0
64,30,40,41,23,3,0,39,0,2.7857142857142856,0.0,0.0,0.0
64,30,40,41,24,4,0,40,0,3.6363636363636362,0.0,0.0,0.0
64,30,40,41,25,1,0,42,0,0.9767441860465116,0.0,0.0,0.0
64,30,40,41,26,1,0,41,0,0.9761904761904762,0.0,0.0,0.0
64,30,40,41,27,1,0,41,0,0.9761904761904762,0.0,0.0,0.0
64,30,48,49,6,2,0,2,0,1.0,0.0,0.0,0.0
64,30,48,49,7,3,0,4,0,1.7142857142857142,0.0,0.0,0.0
64,30,48,49,8,4,0,6,0,2.4,0.0,0.0,0.0
64,30,48,49,10,2,0,15,0,1.7647058823529411,0.0,0.0,0.0
64,30,48,49,12,2,0,20,0,1.8181818181818181,0.0,0.0,0.0
64,30,48,49,13,2,0,23,0,1.84,0.0,0.0,0.0
64,30,48,49,14,3,0,23,0,2.6538461538461537,0.0,0.0,0.0
64,30,48,49,15,6,0,23,0,4.758620689655173,0.0,0.0,0.0
64,30,48,49,16,4,0,28,0,3.5,0.0,0.0,0.0
64,30,48,49,17,2,0,31,0,1.878787878787879,0.0,0.0,0.0
64,30,48,49,18,2,0,32,0,1.8823529411764706,0.0,0.0,0.0
64,30,48,49,19,3,0,33,0,2.75,0.0,0.0,0.0
64,30,48,49,20,3,1,36,0,2.769230769230769,0.3333333333333333,0.0,0.3333333333333333
64,30,48,49,21,2,0,38,0,1.9,0.0,0.0,0.0
64,30,48,49,22,1,0,41,0,0.9761904761904762,0.0,0.0,0.0
64,30,48,49,23,3,0,41,0,2.7954545454545454,0.0,0.0,0.0
64,30,48,49,24,2,0,42,0,1.9090909090909092,0.0,0.0,0.0
64,30,48,49,25,1,0,42,0,0.9767441860465116,0.0,0.0,0.0
64,30,48,49,26,2,0,41,0,1.9069767441860466,0.0,0.0,0.0
64,30,56,57,4,3,0,1,0,0.75,0.0,0.0,0.0
64,30,56,57,5,4,0,3,0,1.7142857142857142,0.0,0.0,0.0
64,30,56,57,6,3,0,5,0,1.875,0.0,0.0,0.0
64,30,56,57,7,1,0,9,0,0.9,0.0,0.0,0.0
64,30,56,57,9,2,0,12,0,1.7142857142857142,0.0,0.0,0.0
64,30,56,57,10,1,0,16,0,0.9411764705882353,0.0,0.0,0.0
64,30,56,57,11,1,0,19,0,0.95,0.0,0.0,0.0
64,30,56,57,12,3,0,20,0,2.608695652173913,0.0,0.0,0.0
64,30,56,57,14,2,0,27,0,1.8620689655172413,0.0,0.0,0.0
64,30,56,57,15,1,0,31,0,0.96875,0.0,0.0,0.0
64,30,56,57,16,2,0,32,0,1.8823529411764706,0.0,0.0,0.0
64,30,56,57,17,1,0,33,0,0.9705882352941176,0.0,0.0,0.0
64,30,56,57,18,4,0,32,0,3.5555555555555554,0.0,0.0,0.0
64,30,56,57,19,2,0,34,0,1.8888888888888888,0.0,0.0,0.0
64,30,56,57,20,2,0,37,0,1.8974358974358974,0.0,0.0,0.0
64,30,56,57,21,3,0,39,0,2.7857142857142856,0.0,0.0,0.0
64,30,56,57,22,3,0,41,0,2.7954545454545454,0.0,0.0,0.0
64,30,56,57,23,2,0,43,0,1.9111111111111112,0.0,0.0,0.0
64,30,56,57,24,2,0,43,0,1.9111111111111112,0.0,0.0,0.0
64,30,56,57,25,1,0,43,0,0.9772727272727273,0.0,0.0,0.0
64,30,56,57,26,3,1,40,0,2.7906976744186047,0.3333333333333333,0.0,0.3333333333333333
64,30,56,57,27,1,0,40,0,0.975609756097561,0.0,0.0,0.0
64,30,56,57,28,1,0,38,0,0.9743589743589743,0.0,0.0,0.0
64,30,56,57,29,2,1,37,0,1.8974358974358974,0.5,0.0,0.5
64,30,56,57,30,2,0,35,0,1.8918918918918919,0.0,0.0,0.0
64,30,56,57,32,2,0,34,0,1.8888888888888888,0.0,0.0,0.0
64,30,64,65,3,4,0,1,0,0.8,0.0,0.0,0.0
64,30,64,65,4,3,0,3,0,1.5,0.0,0.0,0.0
64,30,64,65,5,3,0,6,0,2.0,0.0,0.0,0.0
64,30,64,65,7,1,0,9,0,0.9,0.0,0.0,0.0
64,30,64,65,8,1,0,10,0,0.9090909090909091,0.0,0.0,0.0
64,30,64,65,9,1,0,13,0,0.9285714285714286,0.0,0.0,0.0
64,30,64,65,10,1,0,17,0,0.9444444444444444,0.0,0.0,0.0
64,30,64,65,11,1,0,20,0,0.9523809523809523,0.0,0.0,0.0
64,30,64,65,12,2,0,22,0,1.8333333333333333,0.0,0.0,0.0
64,30,64,65,13,4,0,25,0,3.4482758620689653,0.0,0.0,0.0
64,30,64,65,18,3,0,34,0,2.7567567567567566,0.0,0.0,0.0
64,30,64,65,19,1,0,36,0,0.972972972972973,0.0,0.0,0.0
64,30,64,65,20,3,0,38,0,2.7804878048780486,0.0,0.0,0.0
64,30,64,65,21,1,0,41,0,0.9761904761904762,0.0,0.0,0.0
64,30,64,65,22,2,0,43,0,1.9111111111111112,0.0,0.0,0.0
64,30,72,73,2,3,0,1,0,0.75,0.0,0.0,0.0
64,30,72,73,3,6,0,2,0,1.5,0.0,0.0,0.0
64,30,72,73,4,3,0,5,0,1.875,0.0,0.0,0.0
64,30,72,73,5,3,0,7,0,2.1,0.0,0.0,0.0
64,30,72,73,7,1,0,10,0,0.9090909090909091,0.0,0.0,0.0
64,30,72,73,8,1,0,11,0,0.9166666666666666,0.0,0.0,0.0
64,30,72,73,9,1,0,14,0,0.9333333333333333,0.0,0.0,0.0
64,30,72,73,10,3,0,17,0,2.55,0.0,0.0,0.0
64,30,72,73,11,1,0,22,0,0.9565217391304348,0.0,0.0,0.0
64,30,72,73,13,1,0,28,0,0.9655172413793104,0.0,0.0,0.0
64,30,72,73,14,1,0,31,0,0.96875,0.0,0.0,0.0
64,30,72,73,15,1,0,32,0,0.9696969696969697,0.0,0.0,0.0
64,30,72,73,17,2,0,35,0,1.8918918918918919,0.0,0.0,0.0
64,30,72,73,18,1,0,37,0,0.9736842105263158,0.0,0.0,0.0
64,30,72,73,19,2,0,38,0,1.9,0.0,0.0,0.0
64,30,72,73,20,2,0,41,0,1.9069767441860466,0.0,0.0,0.0
64,30,72,73,21,1,0,43,0,0.9772727272727273,0.0,0.0,0.0
64,30,72,73,22,1,0,45,0,0.9782608695652174,0.0,0.0,0.0
64,30,80,81,2,4,0,1,0,0.8,0.0,0.0,0.0
64,30,80,81,3,6,0,2,0,1.5,0.0,0.0,0.0
64,30,80,81,4,3,0,5,0,1.875,0.0,0.0,0.0
64,30,80,81,5,4,0,7,0,2.5454545454545454,0.0,0.0,0.0
64,30,80,81,6,4,0,7,0,2.5454545454545454,0.0,0.0,0.0
64,30,80,81,7,2,0,11,0,1.6923076923076923,0.0,0.0,0.0
64,30,80,81,8,2,0,12,0,1.7142857142857142,0.0,0.0,0.0
64,30,80,81,9,2,0,15,0,1.7647058823529411,0.0,0.0,0.0
64,30,80,81,10,2,0,20,0,1.8181818181818181,0.0,0.0,0.0
64,30,80,81,11,3,0,23,0,2.6538461538461537,0.0,0.0,0.0
64,30,80,81,12,2,0,26,0,1.8571428571428572,0.0,0.0,0.0
64,30,80,81,13,2,0,29,0,1.8709677419354838,0.0,0.0,0.0
64,30,80,81,14,1,0,32,0,0.9696969696969697,0.0,0.0,0.0
64,30,80,81,15,1,0,33,0,0.9705882352941176,0.0,0.0,0.0
64,30,80,81,16,3,0,35,0,2.763157894736842,0.0,0.0,0.0
64,30,80,81,17,4,0,36,0,3.6,0.0,0.0,0.0
64,30,80,81,18,2,0,40,0,1.9047619047619047,0.0,0.0,0.0
64,30,88,89,2,4,0,1,0,0.8,0.0,0.0,0.0
64,30,88,89,3,4,0,6,0,2.4,0.0,0.0,0.0
64,30,88,89,4,1,0,11,0,0.9166666666666666,0.0,0.0,0.0
64,30,88,89,5,2,0,12,0,1.7142857142857142,0.0,0.0,0.0
64,30,88,89,6,5,0,9,0,3.2142857142857144,0.0,0.0,0.0
64,30,88,89,7,3,0,12,0,2.4,0.0,0.0,0.0
64,30,88,89,8,4,0,12,0,3.0,0.0,0.0,0.0
64,30,88,89,9,3,0,16,0,2.526315789473684,0.0,0.0,0.0
64,30,88,89,10,4,0,20,0,3.3333333333333335,0.0,0.0,0.0
64,30,88,89,11,4,0,25,0,3.4482758620689653,0.0,0.0,0.0
64,30,88,89,12,2,0,29,0,1.8709677419354838,0.0,0.0,0.0
64,30,88,89,13,2,0,31,0,1.878787878787879,0.0,0.0,0.0
64,30,88,89,14,3,0,33,0,2.75,0.0,0.0,0.0
64,30,88,89,15,2,0,36,0,1.894736842105263,0.0,0.0,0.0
64,30,88,89,16,3,0,38,0,2.7804878048780486,0.0,0.0,0.0
64,30,96,97,1,2,0,2,0,1.0,0.0,0.0,0.0
64,30,96,97,3,2,0,8,0,1.6,0.0,0.0,0.0
64,30,96,97,4,2,0,11,0,1.6923076923076923,0.0,0.0,0.0
64,30,96,97,5,1,0,14,0,0.9333333333333333,0.0,0.0,0.0
64,30,96,97,6,2,0,14,0,1.75,0.0,0.0,0.0
64,30,96,97,7,2,0,17,0,1.7894736842105263,0.0,0.0,0.0
64,30,96,97,8,3,0,17,0,2.55,0.0,0.0,0.0
64,30,96,97,9,3,0,20,0,2.608695652173913,0.0,0.0,0.0
64,30,96,97,10,4,0,24,0,3.4285714285714284,0.0,0.0,0.0
64,30,96,97,11,5,0,27,0,4.21875,0.0,0.0,0.0
64,30,96,97,12,2,0,31,0,1.878787878787879,0.0,0.0,0.0
64,30,96,97,13,4,0,33,0,3.5675675675675675,0.0,0.0,0.0
64,30,104,105,1,2,0,2,0,1.0,0.0,0.0,0.0
64,30,104,105,2,1,0,6,0,0.8571428571428571,0.0,0.0,0.0
64,30,104,105,3,2,0,9,0,1.6363636363636365,0.0,0.0,0.0
64,30,104,105,4,1,0,12,0,0.9230769230769231,0.0,0.0,0.0
64,30,104,105,5,2,0,14,0,1.75,0.0,0.0,0.0
64,30,104,105,6,2,0,15,0,1.7647058823529411,0.0,0.0,0.0
64,30,104,105,7,2,0,18,0,1.8,0.0,0.0,0.0
64,30,104,105,8,2,0,20,0,1.8181818181818181,0.0,0.0,0.0
64,30,104,105,9,2,0,24,0,1.8461538461538463,0.0,0.0,0.0
64,30,104,105,10,1,0,29,0,0.9666666666666667,0.0,0.0,0.0
64,30,104,105,11,2,0,32,0,1.8823529411764706,0.0,0.0,0.0
64,30,112,113,1,2,0,2,0,1.0,0.0,0.0,0.0
64,30,112,113,2,1,0,6,0,0.8571428571428571,0.0,0.0,0.0
64,30,112,113,3,2,0,9,0,1.6363636363636365,0.0,0.0,0.0
64,30,112,113,4,2,0,12,0,1.7142857142857142,0.0,0.0,0.0
64,30,112,113,5,2,0,15,0,1.7647058823529411,0.0,0.0,0.0
64,30,112,113,6,1,0,16,0,0.9411764705882353,0.0,0.0,0.0
64,30,112,113,7,2,0,18,0,1.8,0.0,0.0,0.0
64,30,112,113,8,2,0,20,0,1.8181818181818181,0.0,0.0,0.0
64,30,112,113,9,2,0,24,0,1.8461538461538463,0.0,0.0,0.0
64,30,112,113,10,2,0,29,0,1.8709677419354838,0.0,0.0,0.0
64,30,112,113,11,1,0,33,0,0.9705882352941176,0.0,0.0,0.0
64,30,120,121,5,1,0,17,0,0.9444444444444444,0.0,0.0,0.0
64,30,120,121,6,1,0,17,0,0.9444444444444444,0.0,0.0,0.0
64,30,120,121,7,1,0,19,0,0.95,0.0,0.0,0.0
64,30,120,121,8,2,0,20,0,1.8181818181818181,0.0,0.0,0.0
64,30,120,121,9,2,0,24,0,1.8461538461538463,0.0,0.0,0.0
64,30,120,121,10,2,0,29,0,1.8709677419354838,0.0,0.0,0.0
64,30,120,121,11,1,0,33,0,0.9705882352941176,0.0,0.0,0.0
64,30,128,129,4,2,0,13,0,1.7333333333333334,0.0,0.0,0.0
64,30,128,129,5,1,0,16,0,0.9411764705882353,0.0,0.0,0.0
64,30,128,129,6,2,0,16,0,1.7777777777777777,0.0,0.0,0.0
64,30,128,129,7,1,0,19,0,0.95,0.0,0.0,0.0
64,30,128,129,8,2,0,20,0,1.8181818181818181,0.0,0.0,0.0
64,30,128,129,9,2,0,24,0,1.8461538461538463,0.0,0.0,0.0
64,30,128,129,10,2,0,29,0,1.8709677419354838,0.0,0.0,0.0
64,30,128,129,11,1,0,33,0,0.9705882352941176,0.0,0.0,0.0
64,30,136,137,3,2,0,10,0,1.6666666666666667,0.0,0.0,0.0
64,30,136,137,4,1,0,13,0,0.9285714285714286,0.0,0.0,0.0
64,30,136,137,5,2,0,15,0,1.7647058823529411,0.0,0.0,0.0
64,30,136,137,6,2,0,16,0,1.7777777777777777,0.0,0.0,0.0
64,30,136,137,7,2,0,19,0,1.8095238095238095,0.0,0.0,0.0
64,30,136,137,8,1,0,21,0,0.9545454545454546,0.0,0.0,0.0
64,30,136,137,9,2,0,24,0,1.8461538461538463,0.0,0.0,0.0
64,30,136,137,10,2,0,29,0,1.8709677419354838,0.0,0.0,0.0
64,30,136,137,11,1,0,33,0,0.9705882352941176,0.0,0.0,0.0
64,30,152,153,8,2,0,22,0,1.8333333333333333,0.0,0.0,0.0
64,30,152,153,9,1,0,26,0,0.9629629629629629,0.0,0.0,0.0
64,30,152,153,10,1,0,30,0,0.967741935483871,0.0,0.0,0.0
64,30,152,153,11,1,0,33,0,0.9705882352941176,0.0,0.0,0.0
64,30,160,161,8,2,0,22,0,1.8333333333333333,0.0,0.0,0.0
64,30,160,161,9,1,0,26,0,0.9629629629629629,0.0,0.0,0.0
64,30,160,161,10,1,0,30,0,0.967741935483871,0.0,0.0,0.0
64,30,160,161,11,1,0,33,0,0.9705882352941176,0.0,0.0,0.0
64,30,168,169,8,2,0,22,0,1.8333333333333333,0.0,0.0,0.0
64,30,168,169,10,2,0,30,0,1.875,0.0,0.0,0.0
64,30,184,185,8,2,0,22,0,1.8333333333333333,0.0,0.0,0.0
64,30,184,185,9,1,0,26,0,0.9629629629629629,0.0,0.0,0.0
64,30,184,185,10,1,0,30,0,0.967741935483871,0.0,0.0,0.0
64,30,184,185,11,1,0,33,0,0.9705882352941176,0.0,0.0,0.0
64,30,192,193,8,2,0,22,0,1.8333333333333333,0.0,0.0,0.0
64,30,192,193,9,1,0,26,0,0.9629629629629629,0.0,0.0,0.0
64,30,192,193,10,1,0,30,0,0.967741935483871,0.0,0.0,0.0
64,30,192,193,11,1,0,33,0,0.9705882352941176,0.0,0.0,0.0
64,30,200,201,9,2,1,26,0,1.8571428571428572,0.5,0.0,0.5
64,30,200,201,11,1,0,33,0,0.9705882352941176,0.0,0.0,0.0
64,30,208,209,9,2,1,26,0,1.8571428571428572,0.5,0.0,0.5
64,30,208,209,11,1,0,33,0,0.9705882352941176,0.0,0.0,0.0
64,30,216,217,8,2,0,22,0,1.8333333333333333,0.0,0.0,0.0
64,30,216,217,9,1,0,26,0,0.9629629629629629,0.0,0.0,0.0
64,30,216,217,10,1,0,30,0,0.967741935483871,0.0,0.0,0.0
64,30,216,217,11,1,0,33,0,0.9705882352941176,0.0,0.0,0.0
64,31,8,9,7,3,1,1,0,0.75,0.3333333333333333,0.0,0.3333333333333333
64,31,8,9,8,9,5,4,0,2.769230769230769,0.5555555555555556,0.0,0.5555555555555556
64,31,8,9,9,2,0,14,0,1.75,0.0,0.0,0.0
64,31,16,17,12,7,7,5,0,2.9166666666666665,1.0,0.0,1.0
64,31,16,17,13,10,3,9,0,4.7368421052631575,0.3,0.0,0.3
64,31,24,25,8,1,0,2,0,0.6666666666666666,0.0,0.0,0.0
64,31,24,25,9,2,0,2,0,1.0,0.0,0.0,0.0
64,31,24,25,10,1,0,3,0,0.75,0.0,0.0,0.0
64,31,24,25,11,2,0,2,0,1.0,0.0,0.0,0.0
64,31,24,25,12,4,1,2,0,1.3333333333333333,0.25,0.0,0.25
64,31,24,25,13,4,0,4,0,2.0,0.0,0.0,0.0
64,31,24,25,14,4,0,5,0,2.2222222222222223,0.0,0.0,0.0
64,31,24,25,15,3,0,9,0,2.25,0.0,0.0,0.0
64,31,24,25,16,2,0,10,0,1.6666666666666667,0.0,0.0,0.0
64,31,24,25,17,3,0,11,0,2.357142857142857,0.0,0.0,0.0
64,31,24,25,18,2,1,13,0,1.7333333333333334,0.5,0.0,0.5
64,31,24,25,19,1,1,15,0,0.9375,1.0,0.0,1.0
64,31,24,25,20,2,1,15,0,1.7647058823529411,0.5,0.0,0.5
64,31,32,33,2,1,0,3,0,0.75,0.0,0.0,0.0
64,31,32,33,3,8,0,1,0,0.8888888888888888,0.0,0.0,0.0
64,31,32,33,4,1,0,3,0,0.75,0.0,0.0,0.0
64,31,32,33,6,4,0,2,0,1.3333333333333333,0.0,0.0,0.0
64,31,32,33,7,6,0,3,0,2.0,0.0,0.0,0.0
64,31,32,33,8,7,0,4,0,2.5454545454545454,0.0,0.0,0.0
64,31,32,33,9,6,0,6,0,3.0,0.0,0.0,0.0
64,31,32,33,10,5,0,9,0,3.2142857142857144,0.0,0.0,0.0
64,31,32,33,11,6,0,10,0,3.75,0.0,0.0,0.0
64,31,32,33,12,3,0,14,1,2.4705882352941178,0.0,0.07142857142857142,-0.07142857142857142
64,31,32,33,13,6,0,11,0,3.8823529411764706,0.0,0.0,0.0
64,31,32,33,14,1,0,12,0,0.9230769230769231,0.0,0.0,0.0
64,31,32,33,15,3,0,12,0,2.4,0.0,0.0,0.0
64,31,32,33,16,1,0,13,0,0.9285714285714286,0.0,0.0,0.0
64,31,32,33,17,1,0,14,0,0.9333333333333333,0.0,0.0,0.0
64,31,32,33,18,2,0,14,0,1.75,0.0,0.0,0.0
64,31,32,33,19,1,0,15,0,0.9375,0.0,0.0,0.0
64,31,32,33,20,1,0,15,0,0.9375,0.0,0.0,0.0
64,31,32,33,21,1,0,16,0,0.9411764705882353,0.0,0.0,0.0
64,31,40,41,14,2,0,16,0,1.7777777777777777,0.0,0.0,0.0
64,31,40,41,16,2,0,15,0,1.7647058823529411,0.0,0.0,0.0
64,31,48,49,22,2,0,15,0,1.7647058823529411,0.0,0.0,0.0
64,31,48,49,24,2,0,14,0,1.75,0.0,0.0,0.0
