arm,seed,variant,training_update,t,correct,changed_pixels,q_equal_map_mean,q_eligible_maps,q_pooled_correct,q_pooled_pixels,q_pooled_rate,acquired,wrong_old,g_equal_map_mean,g_eligible_maps,g_pooled_numerator,g_pooled_denominator,g_pooled_rate,destroyed,correct_old,d_equal_map_mean,d_eligible_maps,d_pooled_numerator,d_pooled_denominator,d_pooled_rate,delta_correct,accounting_error
baseline_seed2,2,baseline,0,0,0,4093,0.0,16,0,4093,0.0,,,,,,,,,,,,,,,,
baseline_seed2,2,baseline,0,1,0,4093,0.0,16,0,4093,0.0,0,4093,0.0,16,0,4093,0.0,0,0,,0,0,0,,0,0
baseline_seed2,2,baseline,0,2,0,4093,0.0,16,0,4093,0.0,0,4093,0.0,16,0,4093,0.0,0,0,,0,0,0,,0,0
baseline_seed2,2,baseline,0,3,0,4093,0.0,16,0,4093,0.0,0,4093,0.0,16,0,4093,0.0,0,0,,0,0,0,,0,0
baseline_seed2,2,baseline,0,4,0,4093,0.0,16,0,4093,0.0,0,4093,0.0,16,0,4093,0.0,0,0,,0,0,0,,0,0
baseline_seed2,2,baseline,0,5,0,4093,0.0,16,0,4093,0.0,0,4093,0.0,16,0,4093,0.0,0,0,,0,0,0,,0,0
baseline_seed2,2,baseline,0,6,0,4093,0.0,16,0,4093,0.0,0,4093,0.0,16,0,4093,0.0,0,0,,0,0,0,,0,0
baseline_seed2,2,baseline,0,7,0,4093,0.0,16,0,4093,0.0,0,4093,0.0,16,0,4093,0.0,0,0,,0,0,0,,0,0
baseline_seed2,2,baseline,0,8,0,4093,0.0,16,0,4093,0.0,0,4093,0.0,16,0,4093,0.0,0,0,,0,0,0,,0,0
baseline_seed2,2,baseline,0,9,0,4093,0.0,16,0,4093,0.0,0,4093,0.0,16,0,4093,0.0,0,0,,0,0,0,,0,0
baseline_seed2,2,baseline,0,10,0,4093,0.0,16,0,4093,0.0,0,4093,0.0,16,0,4093,0.0,0,0,,0,0,0,,0,0
baseline_seed2,2,baseline,0,11,0,4093,0.0,16,0,4093,0.0,0,4093,0.0,16,0,4093,0.0,0,0,,0,0,0,,0,0
baseline_seed2,2,baseline,0,12,0,4093,0.0,16,0,4093,0.0,0,4093,0.0,16,0,4093,0.0,0,0,,0,0,0,,0,0
baseline_seed2,2,baseline,0,13,0,4093,0.0,16,0,4093,0.0,0,4093,0.0,16,0,4093,0.0,0,0,,0,0,0,,0,0
baseline_seed2,2,baseline,0,14,0,4093,0.0,16,0,4093,0.0,0,4093,0.0,16,0,4093,0.0,0,0,,0,0,0,,0,0
baseline_seed2,2,baseline,0,15,0,4093,0.0,16,0,4093,0.0,0,4093,0.0,16,0,4093,0.0,0,0,,0,0,0,,0,0
baseline_seed2,2,baseline,0,16,0,4093,0.0,16,0,4093,0.0,0,4093,0.0,16,0,4093,0.0,0,0,,0,0,0,,0,0
baseline_seed2,2,baseline,0,17,0,4093,0.0,16,0,4093,0.0,0,4093,0.0,16,0,4093,0.0,0,0,,0,0,0,,0,0
baseline_seed2,2,baseline,0,18,0,4093,0.0,16,0,4093,0.0,0,4093,0.0,16,0,4093,0.0,0,0,,0,0,0,,0,0
baseline_seed2,2,baseline,0,19,0,4093,0.0,16,0,4093,0.0,0,4093,0.0,16,0,4093,0.0,0,0,,0,0,0,,0,0
baseline_seed2,2,baseline,0,20,0,4093,0.0,16,0,4093,0.0,0,4093,0.0,16,0,4093,0.0,0,0,,0,0,0,,0,0
baseline_seed2,2,baseline,0,21,0,4093,0.0,16,0,4093,0.0,0,4093,0.0,16,0,4093,0.0,0,0,,0,0,0,,0,0
baseline_seed2,2,baseline,0,22,0,4093,0.0,16,0,4093,0.0,0,4093,0.0,16,0,4093,0.0,0,0,,0,0,0,,0,0
baseline_seed2,2,baseline,0,23,0,4093,0.0,16,0,4093,0.0,0,4093,0.0,16,0,4093,0.0,0,0,,0,0,0,,0,0
baseline_seed2,2,baseline,0,24,0,4093,0.0,16,0,4093,0.0,0,4093,0.0,16,0,4093,0.0,0,0,,0,0,0,,0,0
baseline_seed2,2,baseline,0,25,0,4093,0.0,16,0,4093,0.0,0,4093,0.0,16,0,4093,0.0,0,0,,0,0,0,,0,0
baseline_seed2,2,baseline,0,26,0,4093,0.0,16,0,4093,0.0,0,4093,0.0,16,0,4093,0.0,0,0,,0,0,0,,0,0
baseline_seed2,2,baseline,0,27,0,4093,0.0,16,0,4093,0.0,0,4093,0.0,16,0,4093,0.0,0,0,,0,0,0,,0,0
baseline_seed2,2,baseline,0,28,0,4093,0.0,16,0,4093,0.0,0,4093,0.0,16,0,4093,0.0,0,0,,0,0,0,,0,0
baseline_seed2,2,baseline,0,29,0,4093,0.0,16,0,4093,0.0,0,4093,0.0,16,0,4093,0.0,0,0,,0,0,0,,0,0
baseline_seed2,2,baseline,0,30,0,4093,0.0,16,0,4093,0.0,0,4093,0.0,16,0,4093,0.0,0,0,,0,0,0,,0,0
baseline_seed2,2,baseline,0,31,0,4093,0.0,16,0,4093,0.0,0,4093,0.0,16,0,4093,0.0,0,0,,0,0,0,,0,0
baseline_seed2,2,baseline,0,32,0,4093,0.0,16,0,4093,0.0,0,4093,0.0,16,0,4093,0.0,0,0,,0,0,0,,0,0
baseline_seed2,2,baseline,0,33,0,4093,0.0,16,0,4093,0.0,0,4093,0.0,16,0,4093,0.0,0,0,,0,0,0,,0,0
baseline_seed2,2,baseline,0,34,0,4093,0.0,16,0,4093,0.0,0,4093,0.0,16,0,4093,0.0,0,0,,0,0,0,,0,0
baseline_seed2,2,baseline,0,35,0,4093,0.0,16,0,4093,0.0,0,4093,0.0,16,0,4093,0.0,0,0,,0,0,0,,0,0
baseline_seed2,2,baseline,0,36,0,4093,0.0,16,0,4093,0.0,0,4093,0.0,16,0,4093,0.0,0,0,,0,0,0,,0,0
baseline_seed2,2,baseline,0,37,0,4093,0.0,16,0,4093,0.0,0,4093,0.0,16,0,4093,0.0,0,0,,0,0,0,,0,0
baseline_seed2,2,baseline,0,38,0,4093,0.0,16,0,4093,0.0,0,4093,0.0,16,0,4093,0.0,0,0,,0,0,0,,0,0
baseline_seed2,2,baseline,0,39,0,4093,0.0,16,0,4093,0.0,0,4093,0.0,16,0,4093,0.0,0,0,,0,0,0,,0,0
baseline_seed2,2,baseline,0,40,0,4093,0.0,16,0,4093,0.0,0,4093,0.0,16,0,4093,0.0,0,0,,0,0,0,,0,0
baseline_seed2,2,baseline,0,41,0,4093,0.0,16,0,4093,0.0,0,4093,0.0,16,0,4093,0.0,0,0,,0,0,0,,0,0
baseline_seed2,2,baseline,0,42,0,4093,0.0,16,0,4093,0.0,0,4093,0.0,16,0,4093,0.0,0,0,,0,0,0,,0,0
baseline_seed2,2,baseline,0,43,0,4093,0.0,16,0,4093,0.0,0,4093,0.0,16,0,4093,0.0,0,0,,0,0,0,,0,0
baseline_seed2,2,baseline,0,44,0,4093,0.0,16,0,4093,0.0,0,4093,0.0,16,0,4093,0.0,0,0,,0,0,0,,0,0
baseline_seed2,2,baseline,0,45,0,4093,0.0,16,0,4093,0.0,0,4093,0.0,16,0,4093,0.0,0,0,,0,0,0,,0,0
baseline_seed2,2,baseline,0,46,0,4093,0.0,16,0,4093,0.0,0,4093,0.0,16,0,4093,0.0,0,0,,0,0,0,,0,0
baseline_seed2,2,baseline,0,47,0,4093,0.0,16,0,4093,0.0,0,4093,0.0,16,0,4093,0.0,0,0,,0,0,0,,0,0
baseline_seed2,2,baseline,0,48,0,4093,0.0,16,0,4093,0.0,0,4093,0.0,16,0,4093,0.0,0,0,,0,0,0,,0,0
baseline_seed2,2,baseline,0,49,0,4093,0.0,16,0,4093,0.0,0,4093,0.0,16,0,4093,0.0,0,0,,0,0,0,,0,0
baseline_seed2,2,baseline,0,50,0,4093,0.0,16,0,4093,0.0,0,4093,0.0,16,0,4093,0.0,0,0,,0,0,0,,0,0
baseline_seed2,2,baseline,0,51,0,4093,0.0,16,0,4093,0.0,0,4093,0.0,16,0,4093,0.0,0,0,,0,0,0,,0,0
baseline_seed2,2,baseline,0,52,0,4093,0.0,16,0,4093,0.0,0,4093,0.0,16,0,4093,0.0,0,0,,0,0,0,,0,0
baseline_seed2,2,baseline,0,53,0,4093,0.0,16,0,4093,0.0,0,4093,0.0,16,0,4093,0.0,0,0,,0,0,0,,0,0
baseline_seed2,2,baseline,0,54,0,4093,0.0,16,0,4093,0.0,0,4093,0.0,16,0,4093,0.0,0,0,,0,0,0,,0,0
baseline_seed2,2,baseline,0,55,0,4093,0.0,16,0,4093,0.0,0,4093,0.0,16,0,4093,0.0,0,0,,0,0,0,,0,0
baseline_seed2,2,baseline,0,56,0,4093,0.0,16,0,4093,0.0,0,4093,0.0,16,0,4093,0.0,0,0,,0,0,0,,0,0
baseline_seed2,2,baseline,0,57,0,4093,0.0,16,0,4093,0.0,0,4093,0.0,16,0,4093,0.0,0,0,,0,0,0,,0,0
baseline_seed2,2,baseline,0,58,0,4093,0.0,16,0,4093,0.0,0,4093,0.0,16,0,4093,0.0,0,0,,0,0,0,,0,0
baseline_seed2,2,baseline,0,59,0,4093,0.0,16,0,4093,0.0,0,4093,0.0,16,0,4093,0.0,0,0,,0,0,0,,0,0
baseline_seed2,2,baseline,0,60,0,4093,0.0,16,0,4093,0.0,0,4093,0.0,16,0,4093,0.0,0,0,,0,0,0,,0,0
baseline_seed2,2,baseline,0,61,0,4093,0.0,16,0,4093,0.0,0,4093,0.0,16,0,4093,0.0,0,0,,0,0,0,,0,0
baseline_seed2,2,baseline,0,62,0,4093,0.0,16,0,4093,0.0,0,4093,0.0,16,0,4093,0.0,0,0,,0,0,0,,0,0
baseline_seed2,2,baseline,0,63,0,4093,0.0,16,0,4093,0.0,0,4093,0.0,16,0,4093,0.0,0,0,,0,0,0,,0,0
baseline_seed2,2,baseline,0,64,0,4093,0.0,16,0,4093,0.0,0,4093,0.0,16,0,4093,0.0,0,0,,0,0,0,,0,0
baseline_seed2,2,baseline,0,65,0,4093,0.0,16,0,4093,0.0,0,4093,0.0,16,0,4093,0.0,0,0,,0,0,0,,0,0
baseline_seed2,2,baseline,0,66,0,4093,0.0,16,0,4093,0.0,0,4093,0.0,16,0,4093,0.0,0,0,,0,0,0,,0,0
baseline_seed2,2,baseline,0,67,0,4093,0.0,16,0,4093,0.0,0,4093,0.0,16,0,4093,0.0,0,0,,0,0,0,,0,0
baseline_seed2,2,baseline,0,68,0,4093,0.0,16,0,4093,0.0,0,4093,0.0,16,0,4093,0.0,0,0,,0,0,0,,0,0
baseline_seed2,2,baseline,0,69,0,4093,0.0,16,0,4093,0.0,0,4093,0.0,16,0,4093,0.0,0,0,,0,0,0,,0,0
baseline_seed2,2,baseline,0,70,0,4093,0.0,16,0,4093,0.0,0,4093,0.0,16,0,4093,0.0,0,0,,0,0,0,,0,0
baseline_seed2,2,baseline,0,71,0,4093,0.0,16,0,4093,0.0,0,4093,0.0,16,0,4093,0.0,0,0,,0,0,0,,0,0
baseline_seed2,2,baseline,0,72,0,4093,0.0,16,0,4093,0.0,0,4093,0.0,16,0,4093,0.0,0,0,,0,0,0,,0,0
baseline_seed2,2,baseline,0,73,0,4093,0.0,16,0,4093,0.0,0,4093,0.0,16,0,4093,0.0,0,0,,0,0,0,,0,0
baseline_seed2,2,baseline,0,74,0,4093,0.0,16,0,4093,0.0,0,4093,0.0,16,0,4093,0.0,0,0,,0,0,0,,0,0
baseline_seed2,2,baseline,0,75,0,4093,0.0,16,0,4093,0.0,0,4093,0.0,16,0,4093,0.0,0,0,,0,0,0,,0,0
baseline_seed2,2,baseline,0,76,0,4093,0.0,16,0,4093,0.0,0,4093,0.0,16,0,4093,0.0,0,0,,0,0,0,,0,0
baseline_seed2,2,baseline,0,77,0,4093,0.0,16,0,4093,0.0,0,4093,0.0,16,0,4093,0.0,0,0,,0,0,0,,0,0
baseline_seed2,2,baseline,0,78,0,4093,0.0,16,0,4093,0.0,0,4093,0.0,16,0,4093,0.0,0,0,,0,0,0,,0,0
baseline_seed2,2,baseline,0,79,0,4093,0.0,16,0,4093,0.0,0,4093,0.0,16,0,4093,0.0,0,0,,0,0,0,,0,0
baseline_seed2,2,baseline,0,80,0,4093,0.0,16,0,4093,0.0,0,4093,0.0,16,0,4093,0.0,0,0,,0,0,0,,0,0
baseline_seed2,2,baseline,0,81,0,4093,0.0,16,0,4093,0.0,0,4093,0.0,16,0,4093,0.0,0,0,,0,0,0,,0,0
baseline_seed2,2,baseline,0,82,0,4093,0.0,16,0,4093,0.0,0,4093,0.0,16,0,4093,0.0,0,0,,0,0,0,,0,0
baseline_seed2,2,baseline,0,83,0,4093,0.0,16,0,4093,0.0,0,4093,0.0,16,0,4093,0.0,0,0,,0,0,0,,0,0
baseline_seed2,2,baseline,0,84,0,4093,0.0,16,0,4093,0.0,0,4093,0.0,16,0,4093,0.0,0,0,,0,0,0,,0,0
baseline_seed2,2,baseline,0,85,0,4093,0.0,16,0,4093,0.0,0,4093,0.0,16,0,4093,0.0,0,0,,0,0,0,,0,0
baseline_seed2,2,baseline,0,86,0,4093,0.0,16,0,4093,0.0,0,4093,0.0,16,0,4093,0.0,0,0,,0,0,0,,0,0
baseline_seed2,2,baseline,0,87,0,4093,0.0,16,0,4093,0.0,0,4093,0.0,16,0,4093,0.0,0,0,,0,0,0,,0,0
baseline_seed2,2,baseline,0,88,0,4093,0.0,16,0,4093,0.0,0,4093,0.0,16,0,4093,0.0,0,0,,0,0,0,,0,0
baseline_seed2,2,baseline,0,89,0,4093,0.0,16,0,4093,0.0,0,4093,0.0,16,0,4093,0.0,0,0,,0,0,0,,0,0
baseline_seed2,2,baseline,0,90,0,4093,0.0,16,0,4093,0.0,0,4093,0.0,16,0,4093,0.0,0,0,,0,0,0,,0,0
baseline_seed2,2,baseline,0,91,0,4093,0.0,16,0,4093,0.0,0,4093,0.0,16,0,4093,0.0,0,0,,0,0,0,,0,0
baseline_seed2,2,baseline,0,92,0,4093,0.0,16,0,4093,0.0,0,4093,0.0,16,0,4093,0.0,0,0,,0,0,0,,0,0
baseline_seed2,2,baseline,0,93,0,4093,0.0,16,0,4093,0.0,0,4093,0.0,16,0,4093,0.0,0,0,,0,0,0,,0,0
baseline_seed2,2,baseline,0,94,0,4093,0.0,16,0,4093,0.0,0,4093,0.0,16,0,4093,0.0,0,0,,0,0,0,,0,0
baseline_seed2,2,baseline,0,95,0,4093,0.0,16,0,4093,0.0,0,4093,0.0,16,0,4093,0.0,0,0,,0,0,0,,0,0
baseline_seed2,2,baseline,0,96,0,4093,0.0,16,0,4093,0.0,0,4093,0.0,16,0,4093,0.0,0,0,,0,0,0,,0,0
baseline_seed2,2,baseline,0,97,0,4093,0.0,16,0,4093,0.0,0,4093,0.0,16,0,4093,0.0,0,0,,0,0,0,,0,0
baseline_seed2,2,baseline,0,98,0,4093,0.0,16,0,4093,0.0,0,4093,0.0,16,0,4093,0.0,0,0,,0,0,0,,0,0
baseline_seed2,2,baseline,0,99,0,4093,0.0,16,0,4093,0.0,0,4093,0.0,16,0,4093,0.0,0,0,,0,0,0,,0,0
baseline_seed2,2,baseline,0,100,0,4093,0.0,16,0,4093,0.0,0,4093,0.0,16,0,4093,0.0,0,0,,0,0,0,,0,0
baseline_seed2,2,baseline,0,101,0,4093,0.0,16,0,4093,0.0,0,4093,0.0,16,0,4093,0.0,0,0,,0,0,0,,0,0
baseline_seed2,2,baseline,0,102,0,4093,0.0,16,0,4093,0.0,0,4093,0.0,16,0,4093,0.0,0,0,,0,0,0,,0,0
baseline_seed2,2,baseline,0,103,0,4093,0.0,16,0,4093,0.0,0,4093,0.0,16,0,4093,0.0,0,0,,0,0,0,,0,0
baseline_seed2,2,baseline,0,104,0,4093,0.0,16,0,4093,0.0,0,4093,0.0,16,0,4093,0.0,0,0,,0,0,0,,0,0
baseline_seed2,2,baseline,0,105,0,4093,0.0,16,0,4093,0.0,0,4093,0.0,16,0,4093,0.0,0,0,,0,0,0,,0,0
baseline_seed2,2,baseline,0,106,0,4093,0.0,16,0,4093,0.0,0,4093,0.0,16,0,4093,0.0,0,0,,0,0,0,,0,0
baseline_seed2,2,baseline,0,107,0,4093,0.0,16,0,4093,0.0,0,4093,0.0,16,0,4093,0.0,0,0,,0,0,0,,0,0
baseline_seed2,2,baseline,0,108,0,4093,0.0,16,0,4093,0.0,0,4093,0.0,16,0,4093,0.0,0,0,,0,0,0,,0,0
baseline_seed2,2,baseline,0,109,0,4093,0.0,16,0,4093,0.0,0,4093,0.0,16,0,4093,0.0,0,0,,0,0,0,,0,0
baseline_seed2,2,baseline,0,110,0,4093,0.0,16,0,4093,0.0,0,4093,0.0,16,0,4093,0.0,0,0,,0,0,0,,0,0
baseline_seed2,2,baseline,0,111,0,4093,0.0,16,0,4093,0.0,0,4093,0.0,16,0,4093,0.0,0,0,,0,0,0,,0,0
baseline_seed2,2,baseline,0,112,0,4093,0.0,16,0,4093,0.0,0,4093,0.0,16,0,4093,0.0,0,0,,0,0,0,,0,0
baseline_seed2,2,baseline,0,113,0,4093,0.0,16,0,4093,0.0,0,4093,0.0,16,0,4093,0.0,0,0,,0,0,0,,0,0
baseline_seed2,2,baseline,0,114,0,4093,0.0,16,0,4093,0.0,0,4093,0.0,16,0,4093,0.0,0,0,,0,0,0,,0,0
baseline_seed2,2,baseline,0,115,0,4093,0.0,16,0,4093,0.0,0,4093,0.0,16,0,4093,0.0,0,0,,0,0,0,,0,0
baseline_seed2,2,baseline,0,116,0,4093,0.0,16,0,4093,0.0,0,4093,0.0,16,0,4093,0.0,0,0,,0,0,0,,0,0
baseline_seed2,2,baseline,0,117,0,4093,0.0,16,0,4093,0.0,0,4093,0.0,16,0,4093,0.0,0,0,,0,0,0,,0,0
baseline_seed2,2,baseline,0,118,0,4093,0.0,16,0,4093,0.0,0,4093,0.0,16,0,4093,0.0,0,0,,0,0,0,,0,0
baseline_seed2,2,baseline,0,119,0,4093,0.0,16,0,4093,0.0,0,4093,0.0,16,0,4093,0.0,0,0,,0,0,0,,0,0
baseline_seed2,2,baseline,0,120,0,4093,0.0,16,0,4093,0.0,0,4093,0.0,16,0,4093,0.0,0,0,,0,0,0,,0,0
baseline_seed2,2,baseline,0,121,0,4093,0.0,16,0,4093,0.0,0,4093,0.0,16,0,4093,0.0,0,0,,0,0,0,,0,0
baseline_seed2,2,baseline,0,122,0,4093,0.0,16,0,4093,0.0,0,4093,0.0,16,0,4093,0.0,0,0,,0,0,0,,0,0
baseline_seed2,2,baseline,0,123,0,4093,0.0,16,0,4093,0.0,0,4093,0.0,16,0,4093,0.0,0,0,,0,0,0,,0,0
baseline_seed2,2,baseline,0,124,0,4093,0.0,16,0,4093,0.0,0,4093,0.0,16,0,4093,0.0,0,0,,0,0,0,,0,0
baseline_seed2,2,baseline,0,125,0,4093,0.0,16,0,4093,0.0,0,4093,0.0,16,0,4093,0.0,0,0,,0,0,0,,0,0
baseline_seed2,2,baseline,0,126,0,4093,0.0,16,0,4093,0.0,0,4093,0.0,16,0,4093,0.0,0,0,,0,0,0,,0,0
baseline_seed2,2,baseline,0,127,0,4093,0.0,16,0,4093,0.0,0,4093,0.0,16,0,4093,0.0,0,0,,0,0,0,,0,0
baseline_seed2,2,baseline,0,128,0,4093,0.0,16,0,4093,0.0,0,4093,0.0,16,0,4093,0.0,0,0,,0,0,0,,0,0
baseline_seed2,2,baseline,100,0,0,4093,0.0,16,0,4093,0.0,,,,,,,,,,,,,,,,
baseline_seed2,2,baseline,100,1,0,4093,0.0,16,0,4093,0.0,0,4093,0.0,16,0,4093,0.0,0,0,,0,0,0,,0,0
baseline_seed2,2,baseline,100,2,0,4093,0.0,16,0,4093,0.0,0,4093,0.0,16,0,4093,0.0,0,0,,0,0,0,,0,0
baseline_seed2,2,baseline,100,3,0,4093,0.0,16,0,4093,0.0,0,4093,0.0,16,0,4093,0.0,0,0,,0,0,0,,0,0
baseline_seed2,2,baseline,100,4,0,4093,0.0,16,0,4093,0.0,0,4093,0.0,16,0,4093,0.0,0,0,,0,0,0,,0,0
baseline_seed2,2,baseline,100,5,0,4093,0.0,16,0,4093,0.0,0,4093,0.0,16,0,4093,0.0,0,0,,0,0,0,,0,0
baseline_seed2,2,baseline,100,6,0,4093,0.0,16,0,4093,0.0,0,4093,0.0,16,0,4093,0.0,0,0,,0,0,0,,0,0
baseline_seed2,2,baseline,100,7,0,4093,0.0,16,0,4093,0.0,0,4093,0.0,16,0,4093,0.0,0,0,,0,0,0,,0,0
baseline_seed2,2,baseline,100,8,0,4093,0.0,16,0,4093,0.0,0,4093,0.0,16,0,4093,0.0,0,0,,0,0,0,,0,0
baseline_seed2,2,baseline,100,9,0,4093,0.0,16,0,4093,0.0,0,4093,0.0,16,0,4093,0.0,0,0,,0,0,0,,0,0
baseline_seed2,2,baseline,100,10,0,4093,0.0,16,0,4093,0.0,0,4093,0.0,16,0,4093,0.0,0,0,,0,0,0,,0,0
baseline_seed2,2,baseline,100,11,0,4093,0.0,16,0,4093,0.0,0,4093,0.0,16,0,4093,0.0,0,0,,0,0,0,,0,0
baseline_seed2,2,baseline,100,12,0,4093,0.0,16,0,4093,0.0,0,4093,0.0,16,0,4093,0.0,0,0,,0,0,0,,0,0
baseline_seed2,2,baseline,100,13,0,4093,0.0,16,0,4093,0.0,0,4093,0.0,16,0,4093,0.0,0,0,,0,0,0,,0,0
baseline_seed2,2,baseline,100,14,4,4093,0.0012609409864594839,16,4,4093,0.0009772782799902272,4,4093,0.0012609409864594839,16,4,4093,0.0009772782799902272,0,0,,0,0,0,,4,0
baseline_seed2,2,baseline,100,15,17,4093,0.005243136284569826,16,17,4093,0.004153432689958466,13,4089,0.003988438430664532,16,13,4089,0.0031792614331132307,0,4,0.0,4,0,4,0.0,13,0
baseline_seed2,2,baseline,100,16,20,4093,0.0057914335321593135,16,20,4093,0.004886391399951136,6,4076,0.0015343965509803381,16,6,4076,0.0014720314033366045,3,17,0.21428571428571427,14,3,17,0.17647058823529413,3,0
baseline_seed2,2,baseline,100,17,33,4093,0.009230283622171494,16,33,4093,0.008062545809919374,13,4073,0.003469943220471212,16,13,4073,0.0031917505524183647,0,20,0.0,12,0,20,0.0,13,0
baseline_seed2,2,baseline,100,18,70,4093,0.019287746030836942,16,70,4093,0.017102369899828978,40,4060,0.010834152365762344,16,40,4060,0.009852216748768473,3,33,0.04666666666666666,15,3,33,0.09090909090909091,37,0
baseline_seed2,2,baseline,100,19,156,4093,0.04465158371889372,16,156,4093,0.038113852919618864,91,4023,0.02712201422889017,16,91,4023,0.022619935371613224,5,70,0.03931051587301587,16,5,70,0.07142857142857142,86,0
baseline_seed2,2,baseline,100,20,217,4093,0.06229106825799985,16,217,4093,0.05301734668946983,106,3937,0.032316149961599136,16,106,3937,0.026924053848107695,45,156,0.27758890415140414,16,45,156,0.28846153846153844,61,0
baseline_seed2,2,baseline,100,21,432,4093,0.1212798815830902,16,432,4093,0.10554605423894454,255,3876,0.07552653277039015,16,255,3876,0.06578947368421052,40,217,0.2173062865497076,16,40,217,0.18433179723502305,215,0
baseline_seed2,2,baseline,100,22,534,4093,0.14860061707589464,16,534,4093,0.13046665037869534,229,3661,0.07473694942486607,16,229,3661,0.06255121551488664,127,432,0.28313528410439165,16,127,432,0.29398148148148145,102,0
baseline_seed2,2,baseline,100,23,551,4093,0.15577412673171717,16,551,4093,0.1346200830686538,160,3559,0.05318104509573175,16,160,3559,0.04495644844057319,143,534,0.25626606521795636,16,143,534,0.26779026217228463,17,0
baseline_seed2,2,baseline,100,24,422,4093,0.12015575067821137,16,422,4093,0.10310285853896897,38,3542,0.013677588686886347,16,38,3542,0.010728402032749858,167,551,0.28731551045002524,16,167,551,0.3030852994555354,-129,0
baseline_seed2,2,baseline,100,25,279,4093,0.07722609409242674,16,279,4093,0.06816516002931834,6,3671,0.0018523755656108597,16,6,3671,0.0016344320348678834,149,422,0.3486397577005763,16,149,422,0.35308056872037913,-143,0
baseline_seed2,2,baseline,100,26,181,4093,0.04920617593028859,16,181,4093,0.04422184216955778,0,3814,0.0,16,0,3814,0.0,98,279,0.33414790527454996,16,98,279,0.35125448028673834,-98,0
baseline_seed2,2,baseline,100,27,122,4093,0.03347876311515238,16,122,4093,0.02980698753970193,0,3912,0.0,16,0,3912,0.0,59,181,0.3555083558082784,16,59,181,0.3259668508287293,-59,0
baseline_seed2,2,baseline,100,28,61,4093,0.01662746231880547,16,61,4093,0.014903493769850965,0,3971,0.0,16,0,3971,0.0,61,122,0.5060210622710622,16,61,122,0.5,-61,0
baseline_seed2,2,baseline,100,29,42,4093,0.010997192217511984,16,42,4093,0.010261421939897385,0,4032,0.0,16,0,4032,0.0,19,61,0.2725925925925926,15,19,61,0.3114754098360656,-19,0
baseline_seed2,2,baseline,100,30,29,4093,0.006850274468428832,16,29,4093,0.0070852675299291476,0,4051,0.0,16,0,4051,0.0,13,42,0.4489795918367347,14,13,42,0.30952380952380953,-13,0
baseline_seed2,2,baseline,100,31,20,4093,0.004616696250358424,16,20,4093,0.004886391399951136,0,4064,0.0,16,0,4064,0.0,9,29,0.31,10,9,29,0.3103448275862069,-9,0
baseline_seed2,2,baseline,100,32,12,4093,0.002622453962530873,16,12,4093,0.0029318348399706815,0,4073,0.0,16,0,4073,0.0,8,20,0.37777777777777777,9,8,20,0.4,-8,0
baseline_seed2,2,baseline,100,33,9,4093,0.0018205215953811145,16,9,4093,0.002198876129978011,0,4081,0.0,16,0,4081,0.0,3,12,0.2857142857142857,7,3,12,0.25,-3,0
baseline_seed2,2,baseline,100,34,6,4093,0.001303474836369865,16,6,4093,0.0014659174199853407,0,4084,0.0,16,0,4084,0.0,3,9,0.3333333333333333,5,3,9,0.3333333333333333,-3,0
baseline_seed2,2,baseline,100,35,4,4093,0.000986215953121134,16,4,4093,0.0009772782799902272,0,4087,0.0,16,0,4087,0.0,2,6,0.16666666666666666,4,2,6,0.3333333333333333,-2,0
baseline_seed2,2,baseline,100,36,2,4093,0.00032986231833669424,16,2,4093,0.0004886391399951136,0,4089,0.0,16,0,4089,0.0,2,4,0.5,4,2,4,0.5,-2,0
baseline_seed2,2,baseline,100,37,0,4093,0.0,16,0,4093,0.0,0,4091,0.0,16,0,4091,0.0,2,2,1.0,2,2,2,1.0,-2,0
baseline_seed2,2,baseline,100,38,0,4093,0.0,16,0,4093,0.0,0,4093,0.0,16,0,4093,0.0,0,0,,0,0,0,,0,0
baseline_seed2,2,baseline,100,39,0,4093,0.0,16,0,4093,0.0,0,4093,0.0,16,0,4093,0.0,0,0,,0,0,0,,0,0
baseline_seed2,2,baseline,100,40,0,4093,0.0,16,0,4093,0.0,0,4093,0.0,16,0,4093,0.0,0,0,,0,0,0,,0,0
baseline_seed2,2,baseline,100,41,0,4093,0.0,16,0,4093,0.0,0,4093,0.0,16,0,4093,0.0,0,0,,0,0,0,,0,0
baseline_seed2,2,baseline,100,42,0,4093,0.0,16,0,4093,0.0,0,4093,0.0,16,0,4093,0.0,0,0,,0,0,0,,0,0
baseline_seed2,2,baseline,100,43,0,4093,0.0,16,0,4093,0.0,0,4093,0.0,16,0,4093,0.0,0,0,,0,0,0,,0,0
baseline_seed2,2,baseline,100,44,0,4093,0.0,16,0,4093,0.0,0,4093,0.0,16,0,4093,0.0,0,0,,0,0,0,,0,0
baseline_seed2,2,baseline,100,45,0,4093,0.0,16,0,4093,0.0,0,4093,0.0,16,0,4093,0.0,0,0,,0,0,0,,0,0
baseline_seed2,2,baseline,100,46,0,4093,0.0,16,0,4093,0.0,0,4093,0.0,16,0,4093,0.0,0,0,,0,0,0,,0,0
baseline_seed2,2,baseline,100,47,0,4093,0.0,16,0,4093,0.0,0,4093,0.0,16,0,4093,0.0,0,0,,0,0,0,,0,0
baseline_seed2,2,baseline,100,48,0,4093,0.0,16,0,4093,0.0,0,4093,0.0,16,0,4093,0.0,0,0,,0,0,0,,0,0
baseline_seed2,2,baseline,100,49,0,4093,0.0,16,0,4093,0.0,0,4093,0.0,16,0,4093,0.0,0,0,,0,0,0,,0,0
baseline_seed2,2,baseline,100,50,0,4093,0.0,16,0,4093,0.0,0,4093,0.0,16,0,4093,0.0,0,0,,0,0,0,,0,0
baseline_seed2,2,baseline,100,51,0,4093,0.0,16,0,4093,0.0,0,4093,0.0,16,0,4093,0.0,0,0,,0,0,0,,0,0
baseline_seed2,2,baseline,100,52,0,4093,0.0,16,0,4093,0.0,0,4093,0.0,16,0,4093,0.0,0,0,,0,0,0,,0,0
baseline_seed2,2,baseline,100,53,0,4093,0.0,16,0,4093,0.0,0,4093,0.0,16,0,4093,0.0,0,0,,0,0,0,,0,0
baseline_seed2,2,baseline,100,54,0,4093,0.0,16,0,4093,0.0,0,4093,0.0,16,0,4093,0.0,0,0,,0,0,0,,0,0
baseline_seed2,2,baseline,100,55,0,4093,0.0,16,0,4093,0.0,0,4093,0.0,16,0,4093,0.0,0,0,,0,0,0,,0,0
baseline_seed2,2,baseline,100,56,0,4093,0.0,16,0,4093,0.0,0,4093,0.0,16,0,4093,0.0,0,0,,0,0,0,,0,0
baseline_seed2,2,baseline,100,57,0,4093,0.0,16,0,4093,0.0,0,4093,0.0,16,0,4093,0.0,0,0,,0,0,0,,0,0
baseline_seed2,2,baseline,100,58,0,4093,0.0,16,0,4093,0.0,0,4093,0.0,16,0,4093,0.0,0,0,,0,0,0,,0,0
baseline_seed2,2,baseline,100,59,0,4093,0.0,16,0,4093,0.0,0,4093,0.0,16,0,4093,0.0,0,0,,0,0,0,,0,0
baseline_seed2,2,baseline,100,60,0,4093,0.0,16,0,4093,0.0,0,4093,0.0,16,0,4093,0.0,0,0,,0,0,0,,0,0
baseline_seed2,2,baseline,100,61,0,4093,0.0,16,0,4093,0.0,0,4093,0.0,16,0,4093,0.0,0,0,,0,0,0,,0,0
baseline_seed2,2,baseline,100,62,0,4093,0.0,16,0,4093,0.0,0,4093,0.0,16,0,4093,0.0,0,0,,0,0,0,,0,0
baseline_seed2,2,baseline,100,63,0,4093,0.0,16,0,4093,0.0,0,4093,0.0,16,0,4093,0.0,0,0,,0,0,0,,0,0
baseline_seed2,2,baseline,100,64,0,4093,0.0,16,0,4093,0.0,0,4093,0.0,16,0,4093,0.0,0,0,,0,0,0,,0,0
baseline_seed2,2,baseline,100,65,0,4093,0.0,16,0,4093,0.0,0,4093,0.0,16,0,4093,0.0,0,0,,0,0,0,,0,0
baseline_seed2,2,baseline,100,66,0,4093,0.0,16,0,4093,0.0,0,4093,0.0,16,0,4093,0.0,0,0,,0,0,0,,0,0
baseline_seed2,2,baseline,100,67,0,4093,0.0,16,0,4093,0.0,0,4093,0.0,16,0,4093,0.0,0,0,,0,0,0,,0,0
baseline_seed2,2,baseline,100,68,0,4093,0.0,16,0,4093,0.0,0,4093,0.0,16,0,4093,0.0,0,0,,0,0,0,,0,0
baseline_seed2,2,baseline,100,69,0,4093,0.0,16,0,4093,0.0,0,4093,0.0,16,0,4093,0.0,0,0,,0,0,0,,0,0
baseline_seed2,2,baseline,100,70,0,4093,0.0,16,0,4093,0.0,0,4093,0.0,16,0,4093,0.0,0,0,,0,0,0,,0,0
baseline_seed2,2,baseline,100,71,0,4093,0.0,16,0,4093,0.0,0,4093,0.0,16,0,4093,0.0,0,0,,0,0,0,,0,0
baseline_seed2,2,baseline,100,72,0,4093,0.0,16,0,4093,0.0,0,4093,0.0,16,0,4093,0.0,0,0,,0,0,0,,0,0
baseline_seed2,2,baseline,100,73,0,4093,0.0,16,0,4093,0.0,0,4093,0.0,16,0,4093,0.0,0,0,,0,0,0,,0,0
baseline_seed2,2,baseline,100,74,0,4093,0.0,16,0,4093,0.0,0,4093,0.0,16,0,4093,0.0,0,0,,0,0,0,,0,0
baseline_seed2,2,baseline,100,75,0,4093,0.0,16,0,4093,0.0,0,4093,0.0,16,0,4093,0.0,0,0,,0,0,0,,0,0
baseline_seed2,2,baseline,100,76,0,4093,0.0,16,0,4093,0.0,0,4093,0.0,16,0,4093,0.0,0,0,,0,0,0,,0,0
baseline_seed2,2,baseline,100,77,0,4093,0.0,16,0,4093,0.0,0,4093,0.0,16,0,4093,0.0,0,0,,0,0,0,,0,0
baseline_seed2,2,baseline,100,78,0,4093,0.0,16,0,4093,0.0,0,4093,0.0,16,0,4093,0.0,0,0,,0,0,0,,0,0
baseline_seed2,2,baseline,100,79,0,4093,0.0,16,0,4093,0.0,0,4093,0.0,16,0,4093,0.0,0,0,,0,0,0,,0,0
baseline_seed2,2,baseline,100,80,0,4093,0.0,16,0,4093,0.0,0,4093,0.0,16,0,4093,0.0,0,0,,0,0,0,,0,0
baseline_seed2,2,baseline,100,81,0,4093,0.0,16,0,4093,0.0,0,4093,0.0,16,0,4093,0.0,0,0,,0,0,0,,0,0
baseline_seed2,2,baseline,100,82,0,4093,0.0,16,0,4093,0.0,0,4093,0.0,16,0,4093,0.0,0,0,,0,0,0,,0,0
baseline_seed2,2,baseline,100,83,0,4093,0.0,16,0,4093,0.0,0,4093,0.0,16,0,4093,0.0,0,0,,0,0,0,,0,0
baseline_seed2,2,baseline,100,84,0,4093,0.0,16,0,4093,0.0,0,4093,0.0,16,0,4093,0.0,0,0,,0,0,0,,0,0
baseline_seed2,2,baseline,100,85,0,4093,0.0,16,0,4093,0.0,0,4093,0.0,16,0,4093,0.0,0,0,,0,0,0,,0,0
baseline_seed2,2,baseline,100,86,0,4093,0.0,16,0,4093,0.0,0,4093,0.0,16,0,4093,0.0,0,0,,0,0,0,,0,0
baseline_seed2,2,baseline,100,87,0,4093,0.0,16,0,4093,0.0,0,4093,0.0,16,0,4093,0.0,0,0,,0,0,0,,0,0
baseline_seed2,2,baseline,100,88,0,4093,0.0,16,0,4093,0.0,0,4093,0.0,16,0,4093,0.0,0,0,,0,0,0,,0,0
baseline_seed2,2,baseline,100,89,0,4093,0.0,16,0,4093,0.0,0,4093,0.0,16,0,4093,0.0,0,0,,0,0,0,,0,0
baseline_seed2,2,baseline,100,90,0,4093,0.0,16,0,4093,0.0,0,4093,0.0,16,0,4093,0.0,0,0,,0,0,0,,0,0
baseline_seed2,2,baseline,100,91,0,4093,0.0,16,0,4093,0.0,0,4093,0.0,16,0,4093,0.0,0,0,,0,0,0,,0,0
baseline_seed2,2,baseline,100,92,0,4093,0.0,16,0,4093,0.0,0,4093,0.0,16,0,4093,0.0,0,0,,0,0,0,,0,0
baseline_seed2,2,baseline,100,93,0,4093,0.0,16,0,4093,0.0,0,4093,0.0,16,0,4093,0.0,0,0,,0,0,0,,0,0
baseline_seed2,2,baseline,100,94,0,4093,0.0,16,0,4093,0.0,0,4093,0.0,16,0,4093,0.0,0,0,,0,0,0,,0,0
baseline_seed2,2,baseline,100,95,0,4093,0.0,16,0,4093,0.0,0,4093,0.0,16,0,4093,0.0,0,0,,0,0,0,,0,0
baseline_seed2,2,baseline,100,96,0,4093,0.0,16,0,4093,0.0,0,4093,0.0,16,0,4093,0.0,0,0,,0,0,0,,0,0
baseline_seed2,2,baseline,100,97,0,4093,0.0,16,0,4093,0.0,0,4093,0.0,16,0,4093,0.0,0,0,,0,0,0,,0,0
baseline_seed2,2,baseline,100,98,0,4093,0.0,16,0,4093,0.0,0,4093,0.0,16,0,4093,0.0,0,0,,0,0,0,,0,0
baseline_seed2,2,baseline,100,99,0,4093,0.0,16,0,4093,0.0,0,4093,0.0,16,0,4093,0.0,0,0,,0,0,0,,0,0
baseline_seed2,2,baseline,100,100,0,4093,0.0,16,0,4093,0.0,0,4093,0.0,16,0,4093,0.0,0,0,,0,0,0,,0,0
baseline_seed2,2,baseline,100,101,0,4093,0.0,16,0,4093,0.0,0,4093,0.0,16,0,4093,0.0,0,0,,0,0,0,,0,0
baseline_seed2,2,baseline,100,102,0,4093,0.0,16,0,4093,0.0,0,4093,0.0,16,0,4093,0.0,0,0,,0,0,0,,0,0
baseline_seed2,2,baseline,100,103,0,4093,0.0,16,0,4093,0.0,0,4093,0.0,16,0,4093,0.0,0,0,,0,0,0,,0,0
baseline_seed2,2,baseline,100,104,0,4093,0.0,16,0,4093,0.0,0,4093,0.0,16,0,4093,0.0,0,0,,0,0,0,,0,0
baseline_seed2,2,baseline,100,105,0,4093,0.0,16,0,4093,0.0,0,4093,0.0,16,0,4093,0.0,0,0,,0,0,0,,0,0
baseline_seed2,2,baseline,100,106,0,4093,0.0,16,0,4093,0.0,0,4093,0.0,16,0,4093,0.0,0,0,,0,0,0,,0,0
baseline_seed2,2,baseline,100,107,0,4093,0.0,16,0,4093,0.0,0,4093,0.0,16,0,4093,0.0,0,0,,0,0,0,,0,0
baseline_seed2,2,baseline,100,108,0,4093,0.0,16,0,4093,0.0,0,4093,0.0,16,0,4093,0.0,0,0,,0,0,0,,0,0
baseline_seed2,2,baseline,100,109,0,4093,0.0,16,0,4093,0.0,0,4093,0.0,16,0,4093,0.0,0,0,,0,0,0,,0,0
baseline_seed2,2,baseline,100,110,0,4093,0.0,16,0,4093,0.0,0,4093,0.0,16,0,4093,0.0,0,0,,0,0,0,,0,0
baseline_seed2,2,baseline,100,111,0,4093,0.0,16,0,4093,0.0,0,4093,0.0,16,0,4093,0.0,0,0,,0,0,0,,0,0
baseline_seed2,2,baseline,100,112,0,4093,0.0,16,0,4093,0.0,0,4093,0.0,16,0,4093,0.0,0,0,,0,0,0,,0,0
baseline_seed2,2,baseline,100,113,0,4093,0.0,16,0,4093,0.0,0,4093,0.0,16,0,4093,0.0,0,0,,0,0,0,,0,0
baseline_seed2,2,baseline,100,114,0,4093,0.0,16,0,4093,0.0,0,4093,0.0,16,0,4093,0.0,0,0,,0,0,0,,0,0
baseline_seed2,2,baseline,100,115,0,4093,0.0,16,0,4093,0.0,0,4093,0.0,16,0,4093,0.0,0,0,,0,0,0,,0,0
baseline_seed2,2,baseline,100,116,0,4093,0.0,16,0,4093,0.0,0,4093,0.0,16,0,4093,0.0,0,0,,0,0,0,,0,0
baseline_seed2,2,baseline,100,117,0,4093,0.0,16,0,4093,0.0,0,4093,0.0,16,0,4093,0.0,0,0,,0,0,0,,0,0
baseline_seed2,2,baseline,100,118,0,4093,0.0,16,0,4093,0.0,0,4093,0.0,16,0,4093,0.0,0,0,,0,0,0,,0,0
baseline_seed2,2,baseline,100,119,0,4093,0.0,16,0,4093,0.0,0,4093,0.0,16,0,4093,0.0,0,0,,0,0,0,,0,0
baseline_seed2,2,baseline,100,120,0,4093,0.0,16,0,4093,0.0,0,4093,0.0,16,0,4093,0.0,0,0,,0,0,0,,0,0
baseline_seed2,2,baseline,100,121,0,4093,0.0,16,0,4093,0.0,0,4093,0.0,16,0,4093,0.0,0,0,,0,0,0,,0,0
baseline_seed2,2,baseline,100,122,0,4093,0.0,16,0,4093,0.0,0,4093,0.0,16,0,4093,0.0,0,0,,0,0,0,,0,0
baseline_seed2,2,baseline,100,123,0,4093,0.0,16,0,4093,0.0,0,4093,0.0,16,0,4093,0.0,0,0,,0,0,0,,0,0
baseline_seed2,2,baseline,100,124,0,4093,0.0,16,0,4093,0.0,0,4093,0.0,16,0,4093,0.0,0,0,,0,0,0,,0,0
baseline_seed2,2,baseline,100,125,0,4093,0.0,16,0,4093,0.0,0,4093,0.0,16,0,4093,0.0,0,0,,0,0,0,,0,0
baseline_seed2,2,baseline,100,126,0,4093,0.0,16,0,4093,0.0,0,4093,0.0,16,0,4093,0.0,0,0,,0,0,0,,0,0
baseline_seed2,2,baseline,100,127,0,4093,0.0,16,0,4093,0.0,0,4093,0.0,16,0,4093,0.0,0,0,,0,0,0,,0,0
baseline_seed2,2,baseline,100,128,0,4093,0.0,16,0,4093,0.0,0,4093,0.0,16,0,4093,0.0,0,0,,0,0,0,,0,0
baseline_seed2,2,baseline,200,0,0,4093,0.0,16,0,4093,0.0,,,,,,,,,,,,,,,,
baseline_seed2,2,baseline,200,1,12,4093,0.0030818720740415388,16,12,4093,0.0029318348399706815,12,4093,0.0030818720740415388,16,12,4093,0.0029318348399706815,0,0,,0,0,0,,12,0
baseline_seed2,2,baseline,200,2,11,4093,0.002907291068454947,16,11,4093,0.0026875152699731247,0,4081,0.0,16,0,4081,0.0,1,12,0.08333333333333333,12,1,12,0.08333333333333333,-1,0
baseline_seed2,2,baseline,200,3,9,4093,0.0021789467039580544,16,9,4093,0.002198876129978011,2,4082,0.0006563536347844397,16,2,4082,0.0004899559039686428,4,11,0.36363636363636365,11,4,11,0.36363636363636365,-2,0
baseline_seed2,2,baseline,200,4,11,4093,0.002613944376211313,16,11,4093,0.0026875152699731247,2,4084,0.0004349976722532588,16,2,4084,0.0004897159647404506,0,9,0.0,9,0,9,0.0,2,0
baseline_seed2,2,baseline,200,5,8,4093,0.0018184483379449822,16,8,4093,0.0019545565599804545,0,4082,0.0,16,0,4082,0.0,3,11,0.2727272727272727,11,3,11,0.2727272727272727,-3,0
baseline_seed2,2,baseline,200,6,19,4093,0.0049903969899082684,16,19,4093,0.004642071829953579,11,4085,0.0031745701609771936,16,11,4085,0.0026927784577723377,0,8,0.0,8,0,8,0.0,11,0
baseline_seed2,2,baseline,200,7,50,4093,0.01401546785285553,16,50,4093,0.01221597849987784,31,4074,0.009082413194395756,16,31,4074,0.007609229258713795,0,19,0.0,13,0,19,0.0,31,0
baseline_seed2,2,baseline,200,8,134,4093,0.038980305431099684,16,134,4093,0.032738822379672614,86,4043,0.02583021908969961,16,86,4043,0.021271333168439276,2,50,0.041025641025641026,13,2,50,0.04,84,0
baseline_seed2,2,baseline,200,9,257,4093,0.07404460017927951,16,257,4093,0.0627901294893721,128,3959,0.03786001805605246,16,128,3959,0.03233139681737813,5,134,0.033928571428571426,16,5,134,0.03731343283582089,123,0
baseline_seed2,2,baseline,200,10,411,4093,0.11603385765417265,16,411,4093,0.10041534326899584,161,3836,0.04722590136076077,16,161,3836,0.041970802919708027,7,257,0.02761074065253632,16,7,257,0.027237354085603113,154,0
baseline_seed2,2,baseline,200,11,639,4093,0.17845721513646765,16,639,4093,0.1561202052284388,252,3682,0.08004713807113302,16,252,3682,0.06844106463878327,24,411,0.05320498397072472,16,24,411,0.058394160583941604,228,0
baseline_seed2,2,baseline,200,12,750,4093,0.2098421975604438,16,750,4093,0.1832396774981676,184,3454,0.06831452082119327,16,184,3454,0.05327156919513607,73,639,0.1059964279934488,16,73,639,0.11424100156494522,111,0
baseline_seed2,2,baseline,200,13,800,4093,0.2231868968350484,16,800,4093,0.19545565599804543,124,3343,0.04702653787813887,16,124,3343,0.03709243194735268,74,750,0.08919018039981863,16,74,750,0.09866666666666667,50,0
baseline_seed2,2,baseline,200,14,822,4093,0.22968965095389746,16,822,4093,0.2008306865379917,57,3293,0.02251600049626061,16,57,3293,0.01730944427573641,35,800,0.04013599319387055,16,35,800,0.04375,22,0
baseline_seed2,2,baseline,200,15,853,4093,0.23708709002840153,16,853,4093,0.20840459320791596,45,3271,0.014658070199243237,16,45,3271,0.013757260776520942,14,822,0.01508873835200906,16,14,822,0.0170316301703163,31,0
baseline_seed2,2,baseline,200,16,891,4093,0.24739656587835718,16,891,4093,0.2176887368678231,50,3240,0.018438988367104836,16,50,3240,0.015432098765432098,12,853,0.013829394450802496,16,12,853,0.01406799531066823,38,0
baseline_seed2,2,baseline,200,17,919,4093,0.2542768828656222,16,919,4093,0.2245296848277547,37,3202,0.014625075523326255,16,37,3202,0.01155527795128045,9,891,0.011964855543598482,16,9,891,0.010101010101010102,28,0
baseline_seed2,2,baseline,200,18,947,4093,0.26220271310802623,16,947,4093,0.2313706327876863,37,3174,0.014478653086183374,16,37,3174,0.011657214870825458,9,919,0.012120555935296196,16,9,919,0.009793253536452665,28,0
baseline_seed2,2,baseline,200,19,965,4093,0.26711267503910074,16,965,4093,0.2357683850476423,23,3146,0.008805661006394136,16,23,3146,0.007310870947234584,5,947,0.004378880692286489,16,5,947,0.005279831045406547,18,0
baseline_seed2,2,baseline,200,20,979,4093,0.2713552071396548,16,979,4093,0.23918885902760811,18,3128,0.00798120621093268,16,18,3128,0.005754475703324808,4,965,0.00406603125318131,16,4,965,0.004145077720207254,14,0
baseline_seed2,2,baseline,200,21,1005,4093,0.277931052100493,16,1005,4093,0.2455411678475446,28,3114,0.009831797364547413,16,28,3114,0.00899165061014772,2,979,0.0013157894736842105,16,2,979,0.0020429009193054137,26,0
baseline_seed2,2,baseline,200,22,1015,4093,0.2807403736913188,16,1015,4093,0.24798436354752015,17,3088,0.007872799494400218,16,17,3088,0.005505181347150259,7,1005,0.007393872637438814,16,7,1005,0.006965174129353234,10,0
baseline_seed2,2,baseline,200,23,1031,4093,0.28523800369603036,16,1031,4093,0.2518934766674811,18,3078,0.007923619192768138,16,18,3078,0.005847953216374269,2,1015,0.0016125801282051281,16,2,1015,0.0019704433497536944,16,0
baseline_seed2,2,baseline,200,24,1038,4093,0.28675519443283715,16,1038,4093,0.253603713657464,11,3062,0.004223970073571871,16,11,3062,0.0035924232527759633,4,1031,0.0034768799661621195,16,4,1031,0.0038797284190106693,7,0
baseline_seed2,2,baseline,200,25,1043,4093,0.2881839584615935,16,1043,4093,0.25482531150745175,8,3055,0.004228533184674518,16,8,3055,0.002618657937806874,3,1038,0.003507637078989575,16,3,1038,0.002890173410404624,5,0
baseline_seed2,2,baseline,200,26,1057,4093,0.2924007303065022,16,1057,4093,0.25824578548741756,15,3050,0.007637394450719717,16,15,3050,0.004918032786885246,1,1043,0.0006377551020408163,16,1,1043,0.0009587727708533077,14,0
baseline_seed2,2,baseline,200,27,1067,4093,0.29622570957981254,16,1067,4093,0.2606889811873931,13,3036,0.0074653262592156,16,13,3036,0.004281949934123847,3,1057,0.002513672732762407,16,3,1057,0.002838221381267739,10,0
baseline_seed2,2,baseline,200,28,1079,4093,0.2995490164475185,16,1079,4093,0.2636208160273638,14,3026,0.005790433456406633,16,14,3026,0.004626569729015202,2,1067,0.0022222222222222222,16,2,1067,0.0018744142455482662,12,0
baseline_seed2,2,baseline,200,29,1085,4093,0.3013337546918604,16,1085,4093,0.2650867334473491,8,3014,0.003473070553233785,16,8,3014,0.0026542800265428003,2,1079,0.0014695945945945948,16,2,1079,0.0018535681186283596,6,0
baseline_seed2,2,baseline,200,30,1094,4093,0.30277965723419176,16,1094,4093,0.26728560957732717,10,3008,0.0025816633145293,16,10,3008,0.003324468085106383,1,1085,0.0009191176470588235,16,1,1085,0.0009216589861751152,9,0
baseline_seed2,2,baseline,200,31,1103,4093,0.30468697589974264,16,1103,4093,0.26948448570730515,11,2999,0.0036821576148459746,16,11,2999,0.003667889296432144,2,1094,0.00226504914004914,16,2,1094,0.0018281535648994515,9,0
baseline_seed2,2,baseline,200,32,1102,4093,0.30442655923307593,16,1102,4093,0.2692401661373076,0,2990,0.0,16,0,2990,0.0,1,1103,0.0006127450980392157,16,1,1103,0.0009066183136899365,-1,0
baseline_seed2,2,baseline,200,33,1110,4093,0.3065451383000849,16,1110,4093,0.27119472269728806,8,2991,0.0034172991554353074,16,8,2991,0.0026746907388833165,0,1102,0.0,16,0,1102,0.0,8,0
baseline_seed2,2,baseline,200,34,1113,4093,0.30715471697792474,16,1113,4093,0.27192768140728074,3,2983,0.0008954889145200564,16,3,2983,0.0010056989607777405,0,1110,0.0,16,0,1110,0.0,3,0
baseline_seed2,2,baseline,200,35,1114,4093,0.3074412197075356,16,1114,4093,0.2721720009772783,3,2980,0.001089849845769485,16,3,2980,0.0010067114093959733,2,1113,0.001763668430335097,16,2,1113,0.0017969451931716084,1,0
baseline_seed2,2,baseline,200,36,1118,4093,0.308450853116444,16,1118,4093,0.2731492792572685,5,2979,0.00208097065865612,16,5,2979,0.0016784155756965425,1,1114,0.00078125,16,1,1114,0.0008976660682226212,4,0
baseline_seed2,2,baseline,200,37,1119,4093,0.3090797538794976,16,1119,4093,0.27339359882726605,3,2975,0.0018690834767641996,16,3,2975,0.0010084033613445378,2,1118,0.0014286180773249739,16,2,1118,0.0017889087656529517,1,0
baseline_seed2,2,baseline,200,38,1124,4093,0.31073349649429416,16,1124,4093,0.27461519667725387,5,2974,0.002926182434696367,16,5,2974,0.0016812373907195697,0,1119,0.0,16,0,1119,0.0,5,0
baseline_seed2,2,baseline,200,39,1127,4093,0.31183789799724637,16,1127,4093,0.2753481553872465,3,2969,0.0019148976211984343,16,3,2969,0.0010104412260020209,0,1124,0.0,16,0,1124,0.0,3,0
baseline_seed2,2,baseline,200,40,1126,4093,0.31143725697160535,16,1126,4093,0.27510383581724895,0,2966,0.0,16,0,2966,0.0,1,1127,0.0007102272727272727,16,1,1127,0.0008873114463176575,-1,0
baseline_seed2,2,baseline,200,41,1133,4093,0.31357445847140375,16,1133,4093,0.27681407280723186,7,2967,0.0037521587563144275,16,7,2967,0.0023592854735422987,0,1126,0.0,16,0,1126,0.0,7,0
baseline_seed2,2,baseline,200,42,1137,4093,0.31500529117726406,16,1137,4093,0.2777913510872221,4,2960,0.002803341858068226,16,4,2960,0.0013513513513513514,0,1133,0.0,16,0,1133,0.0,4,0
baseline_seed2,2,baseline,200,43,1140,4093,0.3159821546738904,16,1140,4093,0.27852430979721476,3,2956,0.0014925733024691358,16,3,2956,0.0010148849797023004,0,1137,0.0,16,0,1137,0.0,3,0
baseline_seed2,2,baseline,200,44,1148,4093,0.3181426125135547,16,1148,4093,0.2804788663571952,8,2953,0.0030958234013926263,16,8,2953,0.0027091093802912294,0,1140,0.0,16,0,1140,0.0,8,0
baseline_seed2,2,baseline,200,45,1151,4093,0.319330884118493,16,1151,4093,0.2812118250671879,3,2945,0.0023637820512820516,16,3,2945,0.0010186757215619694,0,1148,0.0,16,0,1148,0.0,3,0
baseline_seed2,2,baseline,200,46,1150,4093,0.3186870444243149,16,1150,4093,0.28096750549719035,1,2942,0.00018825301204819278,16,1,2942,0.0003399048266485384,2,1151,0.0016002120026092628,16,2,1151,0.0017376194613379669,-1,0
baseline_seed2,2,baseline,200,47,1151,4093,0.3189453088871248,16,1151,4093,0.2812118250671879,1,2943,0.0003289473684210526,16,1,2943,0.0003397893306150187,0,1150,0.0,16,0,1150,0.0,1,0
baseline_seed2,2,baseline,200,48,1153,4093,0.3197282176588778,16,1153,4093,0.281700464207183,3,2942,0.0016090691186111032,16,3,2942,0.0010197144799456153,1,1151,0.0007102272727272727,16,1,1151,0.0008688097306689834,2,0
baseline_seed2,2,baseline,200,49,1153,4093,0.3197282176588778,16,1153,4093,0.281700464207183,0,2940,0.0,16,0,2940,0.0,0,1153,0.0,16,0,1153,0.0,0,0
baseline_seed2,2,baseline,200,50,1155,4093,0.320138921146078,16,1155,4093,0.2821891033471781,2,2940,0.0005259452605230222,16,2,2940,0.0006802721088435374,0,1153,0.0,16,0,1153,0.0,2,0
baseline_seed2,2,baseline,200,51,1154,4093,0.3199864821216878,16,1154,4093,0.2819447837771806,0,2938,0.0,16,0,2938,0.0,1,1155,0.0007102272727272727,16,1,1155,0.0008658008658008658,-1,0
baseline_seed2,2,baseline,200,52,1155,4093,0.32019073048770086,16,1155,4093,0.2821891033471781,1,2939,0.00030193236714975844,16,1,2939,0.0003402517863218782,0,1154,0.0,16,0,1154,0.0,1,0
baseline_seed2,2,baseline,200,53,1156,4093,0.3204511471543675,16,1156,4093,0.28243342291717566,1,2938,0.0004807692307692308,16,1,2938,0.0003403675970047651,0,1155,0.0,16,0,1155,0.0,1,0
baseline_seed2,2,baseline,200,54,1156,4093,0.3206073971543675,16,1156,4093,0.28243342291717566,1,2937,0.0008116883116883117,16,1,2937,0.00034048348655090226,1,1156,0.0005630630630630631,16,1,1156,0.0008650519031141869,0,0
baseline_seed2,2,baseline,200,55,1156,4093,0.3205235270523814,16,1156,4093,0.28243342291717566,1,2937,0.00039556962025316455,16,1,2937,0.00034048348655090226,1,1156,0.0007530120481927711,16,1,1156,0.0008650519031141869,0,0
baseline_seed2,2,baseline,200,56,1157,4093,0.3207817915151914,16,1157,4093,0.2826777424871732,1,2937,0.00033422459893048126,16,1,2937,0.00034048348655090226,0,1156,0.0,16,0,1156,0.0,1,0
baseline_seed2,2,baseline,200,57,1156,4093,0.320623162073567,16,1156,4093,0.28243342291717566,0,2936,0.0,16,0,2936,0.0,1,1157,0.000992063492063492,16,1,1157,0.000864304235090752,-1,0
baseline_seed2,2,baseline,200,58,1158,4093,0.32139476701183856,16,1158,4093,0.2829220620571708,2,2937,0.0015625,16,2,2937,0.0006809669731018045,0,1156,0.0,16,0,1156,0.0,2,0
baseline_seed2,2,baseline,200,59,1157,4093,0.3209546261667682,16,1157,4093,0.2826777424871732,0,2935,0.0,16,0,2935,0.0,1,1158,0.0009615384615384616,16,1,1158,0.0008635578583765112,-1,0
baseline_seed2,2,baseline,200,60,1159,4093,0.3216008453025706,16,1159,4093,0.28316638162716834,2,2936,0.001282051282051282,16,2,2936,0.0006811989100817438,0,1157,0.0,16,0,1157,0.0,2,0
baseline_seed2,2,baseline,200,61,1160,4093,0.3219989344745452,16,1160,4093,0.2834107011971659,1,2934,0.0005787037037037037,16,1,2934,0.00034083162917518747,0,1159,0.0,16,0,1159,0.0,1,0
baseline_seed2,2,baseline,200,62,1160,4093,0.3219989344745452,16,1160,4093,0.2834107011971659,0,2933,0.0,16,0,2933,0.0,0,1160,0.0,16,0,1160,0.0,0,0
baseline_seed2,2,baseline,200,63,1162,4093,0.32265744031318633,16,1162,4093,0.283899340337161,2,2933,0.001068608273563718,16,2,2933,0.0006818956699624957,0,1160,0.0,16,0,1160,0.0,2,0
baseline_seed2,2,baseline,200,64,1160,4093,0.3221374456808729,16,1160,4093,0.2834107011971659,1,2931,0.0008116883116883117,16,1,2931,0.000341180484476288,3,1162,0.00375,16,3,1162,0.0025817555938037868,-2,0
baseline_seed2,2,baseline,200,65,1158,4093,0.3216022219064004,16,1158,4093,0.2829220620571708,2,2933,0.0015365923384791308,16,2,2933,0.0006818956699624957,4,1160,0.0033413113204212906,16,4,1160,0.0034482758620689655,-2,0
baseline_seed2,2,baseline,200,66,1161,4093,0.3227970253949368,16,1161,4093,0.2836550207671634,4,2935,0.0024762543657892494,16,4,2935,0.001362862010221465,1,1158,0.001358695652173913,16,1,1158,0.0008635578583765112,3,0
baseline_seed2,2,baseline,200,67,1162,4093,0.3230989577620865,16,1162,4093,0.283899340337161,1,2932,0.00038580246913580245,16,1,2932,0.00034106412005457026,0,1161,0.0,16,0,1161,0.0,1,0
baseline_seed2,2,baseline,200,68,1163,4093,0.32349704693406106,16,1163,4093,0.28414365990715856,1,2931,0.0006067961165048543,16,1,2931,0.000341180484476288,0,1162,0.0,16,0,1162,0.0,1,0
baseline_seed2,2,baseline,200,69,1163,4093,0.32349704693406106,16,1163,4093,0.28414365990715856,0,2930,0.0,16,0,2930,0.0,0,1163,0.0,16,0,1163,0.0,0,0
baseline_seed2,2,baseline,200,70,1163,4093,0.32349704693406106,16,1163,4093,0.28414365990715856,0,2930,0.0,16,0,2930,0.0,0,1163,0.0,16,0,1163,0.0,0,0
baseline_seed2,2,baseline,200,71,1164,4093,0.32367162793964765,16,1164,4093,0.2843879794771561,1,2930,0.0002192982456140351,16,1,2930,0.00034129692832764505,0,1163,0.0,16,0,1163,0.0,1,0
baseline_seed2,2,baseline,200,72,1166,4093,0.32435936277593325,16,1166,4093,0.28487661861715124,2,2929,0.0011894808090460265,16,2,2929,0.0006828269033799932,0,1164,0.0,16,0,1164,0.0,2,0
baseline_seed2,2,baseline,200,73,1166,4093,0.3243113981446353,16,1166,4093,0.28487661861715124,1,2927,0.0005,16,1,2927,0.00034164673727365904,1,1166,0.0007352941176470588,16,1,1166,0.0008576329331046312,0,0
baseline_seed2,2,baseline,200,74,1168,4093,0.3251373414588415,16,1168,4093,0.28536525775714633,2,2927,0.001612970362970363,16,2,2927,0.0006832934745473181,0,1166,0.0,16,0,1166,0.0,2,0
baseline_seed2,2,baseline,200,75,1172,4093,0.3261325359610544,16,1172,4093,0.28634253603713655,4,2925,0.0014349981779115555,16,4,2925,0.0013675213675213675,0,1168,0.0,16,0,1168,0.0,4,0
baseline_seed2,2,baseline,200,76,1174,4093,0.32687622540451855,16,1174,4093,0.2868311751771317,3,2921,0.0013989086200517943,16,3,2921,0.0010270455323519343,1,1172,0.0010964912280701754,16,1,1172,0.0008532423208191126,2,0
baseline_seed2,2,baseline,200,77,1176,4093,0.32722538741569174,16,1176,4093,0.2873198143171268,2,2919,0.00044169611307420494,16,2,2919,0.0006851661527920521,0,1174,0.0,16,0,1174,0.0,2,0
baseline_seed2,2,baseline,200,78,1177,4093,0.3276260284413327,16,1177,4093,0.2875641338871244,1,2917,0.0009615384615384616,16,1,2917,0.00034281796366129587,0,1176,0.0,16,0,1176,0.0,1,0
baseline_seed2,2,baseline,200,79,1177,4093,0.32764460593602485,16,1177,4093,0.2875641338871244,1,2916,0.0008223684210526315,16,1,2916,0.0003429355281207133,1,1177,0.0011160714285714285,16,1,1177,0.0008496176720475786,0,0
baseline_seed2,2,baseline,200,80,1179,4093,0.3282593277866819,16,1179,4093,0.28805277302711946,2,2916,0.0010447883498782542,16,2,2916,0.0006858710562414266,0,1177,0.0,16,0,1177,0.0,2,0
baseline_seed2,2,baseline,200,81,1182,4093,0.32925351925930413,16,1182,4093,0.28878573173711214,3,2914,0.001452798861480076,16,3,2914,0.001029512697323267,0,1179,0.0,16,0,1179,0.0,3,0
baseline_seed2,2,baseline,200,82,1184,4093,0.32982874129053175,16,1184,4093,0.2892743708771073,2,2911,0.0011997767857142858,16,2,2911,0.0006870491240123669,0,1182,0.0,16,0,1182,0.0,2,0
baseline_seed2,2,baseline,200,83,1185,4093,0.3302293823161728,16,1185,4093,0.2895186904471048,1,2909,0.000992063492063492,16,1,2909,0.00034376074252320387,0,1184,0.0,16,0,1184,0.0,1,0
baseline_seed2,2,baseline,200,84,1186,4093,0.33039875900993976,16,1186,4093,0.28976301001710236,1,2908,0.0001984126984126984,16,1,2908,0.000343878954607978,0,1185,0.0,16,0,1185,0.0,1,0
baseline_seed2,2,baseline,200,85,1185,4093,0.33046064664804686,16,1185,4093,0.2895186904471048,1,2907,0.0010080645161290322,16,1,2907,0.0003439972480220158,2,1186,0.0022727272727272726,16,2,1186,0.0016863406408094434,-1,0
baseline_seed2,2,baseline,200,86,1185,4093,0.33038345764453353,16,1185,4093,0.2895186904471048,2,2908,0.0007016285333131969,16,2,2908,0.000687757909215956,2,1185,0.0022953167115902966,16,2,1185,0.0016877637130801688,0,0
baseline_seed2,2,baseline,200,87,1190,4093,0.3321503953380182,16,1190,4093,0.2907402882970926,5,2908,0.0026749947290744254,16,5,2908,0.0017193947730398899,0,1185,0.0,16,0,1185,0.0,5,0
baseline_seed2,2,baseline,200,88,1191,4093,0.33255103636365924,16,1191,4093,0.29098460786709013,1,2903,0.0010245901639344263,16,1,2903,0.0003444712366517396,0,1190,0.0,16,0,1190,0.0,1,0
baseline_seed2,2,baseline,200,89,1192,4093,0.3329491255356337,16,1192,4093,0.2912289274370877,1,2902,0.0006377551020408163,16,1,2902,0.00034458993797381116,0,1191,0.0,16,0,1191,0.0,1,0
baseline_seed2,2,baseline,200,90,1192,4093,0.3329330998946081,16,1192,4093,0.2912289274370877,1,2901,0.0010416666666666667,16,1,2901,0.0003447087211306446,1,1192,0.0008333333333333334,16,1,1192,0.0008389261744966443,0,0
baseline_seed2,2,baseline,200,91,1191,4093,0.3327637232008412,16,1191,4093,0.29098460786709013,0,2901,0.0,16,0,2901,0.0,1,1192,0.001201923076923077,16,1,1192,0.0008389261744966443,-1,0
baseline_seed2,2,baseline,200,92,1192,4093,0.3331696426153653,16,1192,4093,0.2912289274370877,2,2902,0.0010106214331008243,16,2,2902,0.0006891798759476223,1,1191,0.0012254901960784314,16,1,1191,0.0008396305625524769,1,0
baseline_seed2,2,baseline,200,93,1192,4093,0.3331696426153653,16,1192,4093,0.2912289274370877,0,2901,0.0,16,0,2901,0.0,0,1192,0.0,16,0,1192,0.0,0,0
baseline_seed2,2,baseline,200,94,1194,4093,0.3339683728129808,16,1194,4093,0.2917175665770828,2,2901,0.0017036519308055217,16,2,2901,0.0006894174422612892,0,1192,0.0,16,0,1192,0.0,2,0
baseline_seed2,2,baseline,200,95,1194,4093,0.3339683728129808,16,1194,4093,0.2917175665770828,0,2899,0.0,16,0,2899,0.0,0,1194,0.0,16,0,1194,0.0,0,0
baseline_seed2,2,baseline,200,96,1194,4093,0.3339683728129808,16,1194,4093,0.2917175665770828,0,2899,0.0,16,0,2899,0.0,0,1194,0.0,16,0,1194,0.0,0,0
baseline_seed2,2,baseline,200,97,1194,4093,0.3339683728129808,16,1194,4093,0.2917175665770828,0,2899,0.0,16,0,2899,0.0,0,1194,0.0,16,0,1194,0.0,0,0
baseline_seed2,2,baseline,200,98,1195,4093,0.3341726211789939,16,1195,4093,0.2919618861470804,1,2899,0.00030339805825242716,16,1,2899,0.00034494653328734045,0,1194,0.0,16,0,1194,0.0,1,0
baseline_seed2,2,baseline,200,99,1195,4093,0.3341726211789939,16,1195,4093,0.2919618861470804,0,2898,0.0,16,0,2898,0.0,0,1195,0.0,16,0,1195,0.0,0,0
baseline_seed2,2,baseline,200,100,1195,4093,0.3341726211789939,16,1195,4093,0.2919618861470804,0,2898,0.0,16,0,2898,0.0,0,1195,0.0,16,0,1195,0.0,0,0
baseline_seed2,2,baseline,200,101,1195,4093,0.3341726211789939,16,1195,4093,0.2919618861470804,0,2898,0.0,16,0,2898,0.0,0,1195,0.0,16,0,1195,0.0,0,0
baseline_seed2,2,baseline,200,102,1195,4093,0.3341726211789939,16,1195,4093,0.2919618861470804,0,2898,0.0,16,0,2898,0.0,0,1195,0.0,16,0,1195,0.0,0,0
baseline_seed2,2,baseline,200,103,1195,4093,0.3341726211789939,16,1195,4093,0.2919618861470804,0,2898,0.0,16,0,2898,0.0,0,1195,0.0,16,0,1195,0.0,0,0
baseline_seed2,2,baseline,200,104,1195,4093,0.3341726211789939,16,1195,4093,0.2919618861470804,0,2898,0.0,16,0,2898,0.0,0,1195,0.0,16,0,1195,0.0,0,0
baseline_seed2,2,baseline,200,105,1193,4093,0.33383386779146,16,1193,4093,0.29147324700708527,0,2898,0.0,16,0,2898,0.0,2,1195,0.0025,16,2,1195,0.0016736401673640166,-2,0
baseline_seed2,2,baseline,200,106,1193,4093,0.33383386779146,16,1193,4093,0.29147324700708527,0,2900,0.0,16,0,2900,0.0,0,1193,0.0,16,0,1193,0.0,0,0
baseline_seed2,2,baseline,200,107,1192,4093,0.33366449109769303,16,1192,4093,0.2912289274370877,0,2900,0.0,16,0,2900,0.0,1,1193,0.0013020833333333333,16,1,1193,0.0008382229673093043,-1,0
baseline_seed2,2,baseline,200,108,1192,4093,0.33366449109769303,16,1192,4093,0.2912289274370877,0,2901,0.0,16,0,2901,0.0,0,1192,0.0,16,0,1192,0.0,0,0
baseline_seed2,2,baseline,200,109,1193,4093,0.3340651321233341,16,1193,4093,0.29147324700708527,1,2901,0.0010775862068965517,16,1,2901,0.0003447087211306446,0,1192,0.0,16,0,1192,0.0,1,0
baseline_seed2,2,baseline,200,110,1193,4093,0.3340651321233341,16,1193,4093,0.29147324700708527,0,2900,0.0,16,0,2900,0.0,0,1193,0.0,16,0,1193,0.0,0,0
baseline_seed2,2,baseline,200,111,1193,4093,0.33428155789870295,16,1193,4093,0.29147324700708527,1,2900,0.0008116883116883117,16,1,2900,0.0003448275862068965,1,1193,0.0013297872340425532,16,1,1193,0.0008382229673093043,0,0
baseline_seed2,2,baseline,200,112,1193,4093,0.33428155789870295,16,1193,4093,0.29147324700708527,0,2900,0.0,16,0,2900,0.0,0,1193,0.0,16,0,1193,0.0,0,0
baseline_seed2,2,baseline,200,113,1193,4093,0.33428155789870295,16,1193,4093,0.29147324700708527,0,2900,0.0,16,0,2900,0.0,0,1193,0.0,16,0,1193,0.0,0,0
baseline_seed2,2,baseline,200,114,1192,4093,0.334112181204936,16,1192,4093,0.2912289274370877,0,2900,0.0,16,0,2900,0.0,1,1193,0.001358695652173913,16,1,1193,0.0008382229673093043,-1,0
baseline_seed2,2,baseline,200,115,1192,4093,0.334112181204936,16,1192,4093,0.2912289274370877,0,2901,0.0,16,0,2901,0.0,0,1192,0.0,16,0,1192,0.0,0,0
baseline_seed2,2,baseline,200,116,1191,4093,0.33371154017929505,16,1191,4093,0.29098460786709013,0,2901,0.0,16,0,2901,0.0,1,1192,0.0006313131313131314,16,1,1192,0.0008389261744966443,-1,0
baseline_seed2,2,baseline,200,117,1192,4093,0.3338861211848816,16,1192,4093,0.2912289274370877,1,2902,0.0002248201438848921,16,1,2902,0.00034458993797381116,0,1191,0.0,16,0,1191,0.0,1,0
baseline_seed2,2,baseline,200,118,1192,4093,0.3338861211848816,16,1192,4093,0.2912289274370877,0,2901,0.0,16,0,2901,0.0,0,1192,0.0,16,0,1192,0.0,0,0
baseline_seed2,2,baseline,200,119,1192,4093,0.3338861211848816,16,1192,4093,0.2912289274370877,0,2901,0.0,16,0,2901,0.0,0,1192,0.0,16,0,1192,0.0,0,0
baseline_seed2,2,baseline,200,120,1192,4093,0.3338861211848816,16,1192,4093,0.2912289274370877,0,2901,0.0,16,0,2901,0.0,0,1192,0.0,16,0,1192,0.0,0,0
baseline_seed2,2,baseline,200,121,1192,4093,0.3338861211848816,16,1192,4093,0.2912289274370877,0,2901,0.0,16,0,2901,0.0,0,1192,0.0,16,0,1192,0.0,0,0
baseline_seed2,2,baseline,200,122,1192,4093,0.3338861211848816,16,1192,4093,0.2912289274370877,0,2901,0.0,16,0,2901,0.0,0,1192,0.0,16,0,1192,0.0,0,0
baseline_seed2,2,baseline,200,123,1192,4093,0.3338861211848816,16,1192,4093,0.2912289274370877,0,2901,0.0,16,0,2901,0.0,0,1192,0.0,16,0,1192,0.0,0,0
baseline_seed2,2,baseline,200,124,1192,4093,0.3338861211848816,16,1192,4093,0.2912289274370877,0,2901,0.0,16,0,2901,0.0,0,1192,0.0,16,0,1192,0.0,0,0
baseline_seed2,2,baseline,200,125,1193,4093,0.33428676221052267,16,1193,4093,0.29147324700708527,1,2901,0.0010775862068965517,16,1,2901,0.0003447087211306446,0,1192,0.0,16,0,1192,0.0,1,0
baseline_seed2,2,baseline,200,126,1193,4093,0.33406070219046824,16,1193,4093,0.29147324700708527,1,2900,0.0002256317689530686,16,1,2900,0.0003448275862068965,1,1193,0.0006313131313131314,16,1,1193,0.0008382229673093043,0,0
baseline_seed2,2,baseline,200,127,1193,4093,0.33406070219046824,16,1193,4093,0.29147324700708527,0,2900,0.0,16,0,2900,0.0,0,1193,0.0,16,0,1193,0.0,0,0
baseline_seed2,2,baseline,200,128,1194,4093,0.3344613432161092,16,1194,4093,0.2917175665770828,1,2900,0.0010775862068965517,16,1,2900,0.0003448275862068965,0,1193,0.0,16,0,1193,0.0,1,0
baseline_seed2,2,baseline,300,0,0,4093,0.0,16,0,4093,0.0,,,,,,,,,,,,,,,,
baseline_seed2,2,baseline,300,1,14,4093,0.0037382257088259792,16,14,4093,0.0034204739799657954,14,4093,0.0037382257088259792,16,14,4093,0.0034204739799657954,0,0,,0,0,0,,14,0
baseline_seed2,2,baseline,300,2,121,4093,0.033279236283185194,16,121,4093,0.029562667969704373,107,4079,0.029656681316433176,16,107,4079,0.026231919588134346,0,14,0.0,14,0,14,0.0,107,0
baseline_seed2,2,baseline,300,3,321,4093,0.08977872034308468,16,321,4093,0.07842658196921573,214,3972,0.06253760771525993,16,214,3972,0.05387713997985901,14,121,0.10994543650793649,16,14,121,0.11570247933884298,200,0
baseline_seed2,2,baseline,300,4,393,4093,0.1089257775677584,16,393,4093,0.09601759100903982,94,3772,0.028473416408813984,16,94,3772,0.024920466595970307,22,321,0.0654550501420664,16,22,321,0.06853582554517133,72,0
baseline_seed2,2,baseline,300,5,418,4093,0.11500306817911804,16,418,4093,0.10212558025897875,36,3700,0.011593817114763361,16,36,3700,0.00972972972972973,11,393,0.03073426168300461,16,11,393,0.027989821882951654,25,0
baseline_seed2,2,baseline,300,6,494,4093,0.13599096920692783,16,494,4093,0.12069386757879307,78,3675,0.02499985064941613,16,78,3675,0.02122448979591837,2,418,0.0043981481481481476,16,2,418,0.004784688995215311,76,0
baseline_seed2,2,baseline,300,7,529,4093,0.14453162877654563,16,529,4093,0.12924505252870755,36,3599,0.010177568403491277,16,36,3599,0.01000277854959711,1,494,0.002403846153846154,16,1,494,0.0020242914979757085,35,0
baseline_seed2,2,baseline,300,8,579,4093,0.15918188709897874,16,579,4093,0.1414610310285854,50,3564,0.01762307360718926,16,50,3564,0.014029180695847363,0,529,0.0,16,0,529,0.0,50,0
baseline_seed2,2,baseline,300,9,621,4093,0.17159554582079362,16,621,4093,0.15172245296848277,42,3514,0.015296329760015265,16,42,3514,0.01195219123505976,0,579,0.0,16,0,579,0.0,42,0
baseline_seed2,2,baseline,300,10,667,4093,0.18385338120271746,16,667,4093,0.1629611531883704,46,3472,0.015165538830774827,16,46,3472,0.013248847926267281,0,621,0.0,16,0,621,0.0,46,0
baseline_seed2,2,baseline,300,11,710,4093,0.19652855135305353,16,710,4093,0.17346689469826534,44,3426,0.01651086938112166,16,44,3426,0.01284296555750146,1,667,0.001488095238095238,16,1,667,0.0014992503748125937,43,0
baseline_seed2,2,baseline,300,12,760,4093,0.21058380681067213,16,760,4093,0.18568287319814317,50,3383,0.01840324016127123,16,50,3383,0.014779781259237363,0,710,0.0,16,0,710,0.0,50,0
baseline_seed2,2,baseline,300,13,810,4093,0.22424247940739195,16,810,4093,0.19789885169802102,50,3333,0.01829047430147886,16,50,3333,0.015001500150015001,0,760,0.0,16,0,760,0.0,50,0
baseline_seed2,2,baseline,300,14,853,4093,0.23736512659364717,16,853,4093,0.20840459320791596,43,3283,0.01861763713495879,16,43,3283,0.013097776424002438,0,810,0.0,16,0,810,0.0,43,0
baseline_seed2,2,baseline,300,15,885,4093,0.2457341397309284,16,885,4093,0.21622281944783778,32,3240,0.011155204331996736,16,32,3240,0.009876543209876543,0,853,0.0,16,0,853,0.0,32,0
baseline_seed2,2,baseline,300,16,928,4093,0.25853047565021003,16,928,4093,0.22672856095773272,43,3208,0.019149834902855392,16,43,3208,0.013403990024937655,0,885,0.0,16,0,885,0.0,43,0
baseline_seed2,2,baseline,300,17,955,4093,0.26763590577314694,16,955,4093,0.23332518934766674,31,3165,0.015967815758848217,16,31,3165,0.009794628751974723,4,928,0.0028089887640449437,16,4,928,0.004310344827586207,27,0
baseline_seed2,2,baseline,300,18,992,4093,0.27797560317111064,16,992,4093,0.24236501343757635,39,3138,0.016322550033452406,16,39,3138,0.0124282982791587,2,955,0.0016949533045977011,16,2,955,0.0020942408376963353,37,0
baseline_seed2,2,baseline,300,19,1016,4093,0.2855687799927721,16,1016,4093,0.24822868311751772,32,3101,0.014523686303277189,16,32,3101,0.010319251854240567,8,992,0.007501287774725274,16,8,992,0.008064516129032258,24,0
baseline_seed2,2,baseline,300,20,1036,4093,0.2909336411208857,16,1036,4093,0.25311507451746884,32,3077,0.012357096062430573,16,32,3077,0.010399740006499838,12,1016,0.010002090301003345,16,12,1016,0.011811023622047244,20,0
baseline_seed2,2,baseline,300,21,1054,4093,0.29697510008660155,16,1054,4093,0.2575128267774249,30,3057,0.014354809680351303,16,30,3057,0.009813542688910697,12,1036,0.010503965631196299,16,12,1036,0.011583011583011582,18,0
baseline_seed2,2,baseline,300,22,1083,4093,0.3060977782458832,16,1083,4093,0.26459809430735404,36,3039,0.019752257969964198,16,36,3039,0.011846001974333662,7,1054,0.005774697938877043,16,7,1054,0.006641366223908918,29,0
baseline_seed2,2,baseline,300,23,1119,4093,0.31660392704956064,16,1119,4093,0.27339359882726605,48,3010,0.02418720715902035,16,48,3010,0.015946843853820596,12,1083,0.00894243556408938,16,12,1083,0.0110803324099723,36,0
baseline_seed2,2,baseline,300,24,1157,4093,0.328757282152639,16,1157,4093,0.2826777424871732,57,2974,0.0305548678541255,16,57,2974,0.019166106254203095,19,1119,0.014594511857139735,16,19,1119,0.016979445933869526,38,0
baseline_seed2,2,baseline,300,25,1184,4093,0.3360646265204096,16,1184,4093,0.2892743708771073,48,2936,0.022889541493189683,16,48,2936,0.01634877384196185,21,1157,0.017515878002551062,16,21,1157,0.018150388936905792,27,0
baseline_seed2,2,baseline,300,26,1192,4093,0.3399656143523207,16,1192,4093,0.2912289274370877,38,2909,0.02437914407194589,16,38,2909,0.013062908215881746,30,1184,0.02317342607763017,16,30,1184,0.02533783783783784,8,0
baseline_seed2,2,baseline,300,27,1199,4093,0.34181219542737074,16,1199,4093,0.29293916442707063,35,2901,0.017145373664849674,16,35,2901,0.012064805239572561,28,1192,0.020705763399846845,16,28,1192,0.02348993288590604,7,0
baseline_seed2,2,baseline,300,28,1197,4093,0.343745335832455,16,1197,4093,0.2924505252870755,44,2894,0.02187014807413113,16,44,2894,0.01520387007601935,46,1199,0.034416485766404825,16,46,1199,0.03836530442035029,-2,0
baseline_seed2,2,baseline,300,29,1182,4093,0.34065274709009263,16,1182,4093,0.28878573173711214,57,2896,0.03308120897377897,16,57,2896,0.01968232044198895,72,1197,0.05574656008108837,16,72,1197,0.06015037593984962,-15,0
baseline_seed2,2,baseline,300,30,1138,4093,0.32933435239742154,16,1138,4093,0.2780356706572196,41,2911,0.021826601514116223,16,41,2911,0.014084507042253521,85,1182,0.06912409938104584,16,85,1182,0.07191201353637902,-44,0
baseline_seed2,2,baseline,300,31,1105,4093,0.32023743641657754,16,1105,4093,0.2699731248473003,48,2955,0.023830918316854313,16,48,2955,0.016243654822335026,81,1138,0.06844955334988115,16,81,1138,0.07117750439367311,-33,0
baseline_seed2,2,baseline,300,32,1079,4093,0.3145077747957131,16,1079,4093,0.2636208160273638,62,2988,0.03137307779143646,16,62,2988,0.020749665327978582,88,1105,0.08068091798584928,16,88,1105,0.07963800904977375,-26,0
baseline_seed2,2,baseline,300,33,1025,4093,0.30003811286896054,16,1025,4093,0.2504275592474957,44,3014,0.022003412563761846,16,44,3014,0.014598540145985401,98,1079,0.09484691147826602,16,98,1079,0.09082483781278962,-54,0
baseline_seed2,2,baseline,300,34,993,4093,0.28977560491836496,16,993,4093,0.2426093330075739,49,3068,0.01977084770289506,16,49,3068,0.015971316818774447,81,1025,0.0822220134152524,16,81,1025,0.07902439024390244,-32,0
baseline_seed2,2,baseline,300,35,955,4093,0.279601126935377,16,955,4093,0.23332518934766674,47,3100,0.020343620910874535,16,47,3100,0.015161290322580645,85,993,0.0924949049538327,16,85,993,0.08559919436052367,-38,0
baseline_seed2,2,baseline,300,36,919,4093,0.2691500388102884,16,919,4093,0.2245296848277547,45,3138,0.018397217408563066,16,45,3138,0.014340344168260038,81,955,0.08978638051351581,16,81,955,0.08481675392670157,-36,0
baseline_seed2,2,baseline,300,37,859,4093,0.25169902077650347,16,859,4093,0.2098705106279013,38,3174,0.01354183013840972,16,38,3174,0.011972274732199117,98,919,0.12092578277930685,16,98,919,0.10663764961915125,-60,0
baseline_seed2,2,baseline,300,38,830,4093,0.2436551064962189,16,830,4093,0.20278524309797213,44,3234,0.019315105262981313,16,44,3234,0.013605442176870748,73,859,0.09104771397134373,16,73,859,0.08498253783469151,-29,0
baseline_seed2,2,baseline,300,39,783,4093,0.22828500717904887,16,783,4093,0.19130222330808697,26,3263,0.009967640112698354,16,26,3263,0.00796812749003984,73,830,0.09533832425045911,16,73,830,0.08795180722891566,-47,0
baseline_seed2,2,baseline,300,40,738,4093,0.21414542796293154,16,738,4093,0.1803078426581969,25,3310,0.009416830829398062,16,25,3310,0.0075528700906344415,70,783,0.11633165244659313,16,70,783,0.08939974457215837,-45,0
baseline_seed2,2,baseline,300,41,688,4093,0.19918464432935212,16,688,4093,0.1680918641583191,25,3355,0.007745509795133854,16,25,3355,0.007451564828614009,75,738,0.1386912806874531,16,75,738,0.1016260162601626,-50,0
baseline_seed2,2,baseline,300,42,652,4093,0.18820831172184962,16,652,4093,0.15929635963840705,30,3405,0.009189704037897472,16,30,3405,0.00881057268722467,66,688,0.13117593838603786,16,66,688,0.09593023255813954,-36,0
baseline_seed2,2,baseline,300,43,626,4093,0.18050100882774578,16,626,4093,0.15294405081847057,26,3441,0.0088795520619362,16,26,3441,0.007555943039814008,52,652,0.08789480027954039,16,52,652,0.07975460122699386,-26,0
baseline_seed2,2,baseline,300,44,594,4093,0.17172088516033243,16,594,4093,0.14512582457854875,16,3467,0.004903989110900605,16,16,3467,0.004614940871070089,48,626,0.08639801484459915,16,48,626,0.07667731629392971,-32,0
baseline_seed2,2,baseline,300,45,560,4093,0.16083773275593488,16,560,4093,0.13681895919863182,25,3499,0.00753192223479074,16,25,3499,0.007144898542440698,59,594,0.10851450473023129,16,59,594,0.09932659932659933,-34,0
baseline_seed2,2,baseline,300,46,538,4093,0.1547284270976897,16,538,4093,0.13144392865868557,19,3533,0.006000828475126691,16,19,3533,0.00537786583639966,41,560,0.08490628721378007,16,41,560,0.07321428571428572,-22,0
baseline_seed2,2,baseline,300,47,509,4093,0.1472878676123457,16,509,4093,0.12435866112875642,10,3555,0.0028502779256963664,16,10,3555,0.0028129395218002813,39,538,0.09235005390943446,16,39,538,0.0724907063197026,-29,0
baseline_seed2,2,baseline,300,48,485,4093,0.14003711106109,16,485,4093,0.11849499144881505,8,3584,0.002015486275220543,16,8,3584,0.002232142857142857,32,509,0.09158518363321419,16,32,509,0.06286836935166994,-24,0
baseline_seed2,2,baseline,300,49,448,4093,0.12893036969379043,16,448,4093,0.10945516735890545,11,3608,0.0030354847578126826,16,11,3608,0.003048780487804878,48,485,0.1665138381152496,16,48,485,0.09896907216494845,-37,0
baseline_seed2,2,baseline,300,50,432,4093,0.12356903115697458,16,432,4093,0.10554605423894454,13,3645,0.0038506615404847134,16,13,3645,0.0035665294924554186,29,448,0.06692952900607346,16,29,448,0.06473214285714286,-16,0
baseline_seed2,2,baseline,300,51,402,4093,0.11481775655655214,16,402,4093,0.09821646713901784,6,3661,0.002099203090893571,16,6,3661,0.0016388964763725759,36,432,0.14857347513597513,16,36,432,0.08333333333333333,-30,0
baseline_seed2,2,baseline,300,52,386,4093,0.1100452354863987,16,386,4093,0.09430735401905693,7,3691,0.0016994768374940694,16,7,3691,0.001896505012191818,23,402,0.1431320741539267,16,23,402,0.05721393034825871,-16,0
baseline_seed2,2,baseline,300,53,361,4093,0.10353628725810486,16,361,4093,0.08819936476911801,3,3707,0.0007254364112934742,16,3,3707,0.0008092797410304828,28,386,0.09292495645538693,15,28,386,0.07253886010362694,-25,0
baseline_seed2,2,baseline,300,54,341,4093,0.09796388725407534,16,341,4093,0.08331297336916688,3,3732,0.0007180278369242244,16,3,3732,0.0008038585209003215,23,361,0.11353330222951254,15,23,361,0.06371191135734072,-20,0
baseline_seed2,2,baseline,300,55,330,4093,0.09381911761400497,16,330,4093,0.08062545809919375,5,3752,0.0009996474536065766,16,5,3752,0.0013326226012793177,16,341,0.04961469902646374,15,16,341,0.0469208211143695,-11,0
baseline_seed2,2,baseline,300,56,319,4093,0.09158389686239399,16,319,4093,0.07793794282922062,6,3763,0.0019767944054488867,16,6,3763,0.0015944724953494552,17,330,0.12444914258867748,15,17,330,0.051515151515151514,-11,0
baseline_seed2,2,baseline,300,57,312,4093,0.08917533174530477,16,312,4093,0.07622770583923773,9,3774,0.0023303183634332224,16,9,3774,0.0023847376788553257,16,319,0.056417268661850706,15,16,319,0.050156739811912224,-7,0
baseline_seed2,2,baseline,300,58,299,4093,0.08519852786633547,16,299,4093,0.07305155142926949,5,3781,0.0010301805894656476,16,5,3781,0.0013224014810896587,18,312,0.11682954209269998,15,18,312,0.057692307692307696,-13,0
baseline_seed2,2,baseline,300,59,288,4093,0.08193089771007402,16,288,4093,0.07036403615929636,5,3794,0.0012372932988561822,16,5,3794,0.0013178703215603585,16,299,0.11805362529627234,15,16,299,0.05351170568561873,-11,0
baseline_seed2,2,baseline,300,60,284,4093,0.08092124212194693,16,284,4093,0.06938675787930614,7,3805,0.0015904920279967657,16,7,3805,0.0018396846254927727,11,288,0.0782300671464758,15,11,288,0.03819444444444445,-4,0
baseline_seed2,2,baseline,300,61,271,4093,0.07729505864433106,16,271,4093,0.0662106034693379,2,3809,0.0005972599637681159,16,2,3809,0.0005250721974271463,15,284,0.07355985105985105,15,15,284,0.0528169014084507,-13,0
baseline_seed2,2,baseline,300,62,268,4093,0.07661995612657953,16,268,4093,0.06547764475934523,4,3822,0.0010285634729044703,16,4,3822,0.0010465724751439038,7,271,0.05555555555555556,15,7,271,0.025830258302583026,-3,0
baseline_seed2,2,baseline,300,63,256,4093,0.07290626295497538,16,256,4093,0.06254580991937454,2,3825,0.00032299741602067185,16,2,3825,0.0005228758169934641,14,268,0.06096697936108876,15,14,268,0.05223880597014925,-12,0
baseline_seed2,2,baseline,300,64,248,4093,0.07047273796340327,16,248,4093,0.06059125335939409,2,3837,0.00044380214110044847,16,2,3837,0.0005212405525149857,10,256,0.09992408557625948,15,10,256,0.0390625,-8,0
baseline_seed2,2,baseline,300,65,245,4093,0.06944810381773706,16,245,4093,0.059858294649401414,4,3845,0.0009145675095407795,16,4,3845,0.0010403120936280884,7,248,0.07038868466569831,15,7,248,0.028225806451612902,-3,0
baseline_seed2,2,baseline,300,66,241,4093,0.06846969451309398,16,241,4093,0.05888101636941119,4,3848,0.0008083303209221995,16,4,3848,0.0010395010395010396,8,245,0.04704874835309618,15,8,245,0.0326530612244898,-4,0
baseline_seed2,2,baseline,300,67,235,4093,0.06707426143248355,16,235,4093,0.05741509894942585,2,3852,0.00048660330756013746,16,2,3852,0.0005192107995846313,8,241,0.09064413301701436,15,8,241,0.03319502074688797,-6,0
baseline_seed2,2,baseline,300,68,214,4093,0.06117992188364364,16,214,4093,0.052284387979477154,5,3858,0.0009665464743589744,16,5,3858,0.0012960082944530845,26,235,0.15599277328486252,14,26,235,0.11063829787234042,-21,0
baseline_seed2,2,baseline,300,69,203,4093,0.05836655234004498,16,203,4093,0.04959687270950403,5,3879,0.0013382127290237703,16,5,3879,0.001288992008249549,16,214,0.09165632754342432,13,16,214,0.07476635514018691,-11,0
baseline_seed2,2,baseline,300,70,203,4093,0.05786460865378666,16,203,4093,0.04959687270950403,6,3890,0.0011736017159869481,16,6,3890,0.0015424164524421595,6,203,0.03828540552678484,13,6,203,0.029556650246305417,0,0
baseline_seed2,2,baseline,300,71,195,4093,0.055467567252730415,16,195,4093,0.04764231614952358,4,3890,0.0008453175826057182,16,4,3890,0.0010282776349614395,12,203,0.12627889352027283,13,12,203,0.059113300492610835,-8,0
baseline_seed2,2,baseline,300,72,187,4093,0.05293774093206133,16,187,4093,0.045687759589543124,1,3898,0.00015943877551020407,16,1,3898,0.0002565418163160595,9,195,0.038926315849392774,13,9,195,0.046153846153846156,-8,0
baseline_seed2,2,baseline,300,73,176,4093,0.04926971023317668,16,176,4093,0.043000244319569995,1,3906,0.0002615062761506276,16,1,3906,0.0002560163850486431,12,187,0.14025641025641025,13,12,187,0.06417112299465241,-11,0
baseline_seed2,2,baseline,300,74,171,4093,0.046994353175590434,16,171,4093,0.041778646469582216,4,3917,0.0008720112517580873,16,4,3917,0.0010211896859841716,9,176,0.059143686502177065,13,9,176,0.05113636363636364,-5,0
baseline_seed2,2,baseline,300,75,165,4093,0.04553975822505634,16,165,4093,0.040312729049596874,1,3922,0.0002802690582959641,16,1,3922,0.00025497195308516065,7,171,0.1368617137847907,13,7,171,0.04093567251461988,-6,0
baseline_seed2,2,baseline,300,76,157,4093,0.04305644747390263,16,157,4093,0.03835817248961642,0,3928,0.0,16,0,3928,0.0,8,165,0.1072737556561086,12,8,165,0.048484848484848485,-8,0
baseline_seed2,2,baseline,300,77,152,4093,0.041489916662358545,16,152,4093,0.03713657463962863,1,3936,0.00015903307888040714,16,1,3936,0.00025406504065040653,6,157,0.11417748917748917,11,6,157,0.03821656050955414,-5,0
baseline_seed2,2,baseline,300,78,151,4093,0.04107048178439543,16,151,4093,0.03689225506963108,1,3941,0.00015943877551020407,16,1,3941,0.0002537427048972342,2,152,0.011264822134387353,10,2,152,0.013157894736842105,-1,0
baseline_seed2,2,baseline,300,79,150,4093,0.040756872344852,16,150,4093,0.03664793549963352,1,3942,0.00025826446280991736,16,1,3942,0.0002536783358701167,2,151,0.012222222222222223,10,2,151,0.013245033112582781,-1,0
baseline_seed2,2,baseline,300,80,143,4093,0.03794328748921068,16,143,4093,0.03493769850965062,2,3943,0.00031969309462915604,16,2,3943,0.000507227998985544,9,150,0.05251377410468319,11,9,150,0.06,-7,0
baseline_seed2,2,baseline,300,81,137,4093,0.036154285668037835,16,137,4093,0.03347178108966528,0,3950,0.0,16,0,3950,0.0,6,143,0.11086807928913191,11,6,143,0.04195804195804196,-6,0
baseline_seed2,2,baseline,300,82,137,4093,0.03613549181571575,16,137,4093,0.03347178108966528,1,3956,0.00016066838046272492,16,1,3956,0.0002527805864509606,1,137,0.0025,10,1,137,0.0072992700729927005,0,0
baseline_seed2,2,baseline,300,83,135,4093,0.03556361791336239,16,135,4093,0.03298314194967017,0,3956,0.0,16,0,3956,0.0,2,137,0.01923076923076923,10,2,137,0.014598540145985401,-2,0
baseline_seed2,2,baseline,300,84,132,4093,0.0348479531258899,16,132,4093,0.032250183239677495,0,3958,0.0,16,0,3958,0.0,3,135,0.05851393188854489,10,3,135,0.022222222222222223,-3,0
baseline_seed2,2,baseline,300,85,127,4093,0.03318806556412154,16,127,4093,0.031028585389689715,0,3961,0.0,16,0,3961,0.0,5,132,0.08568831168831167,10,5,132,0.03787878787878788,-5,0
baseline_seed2,2,baseline,300,86,121,4093,0.031652761995712944,16,121,4093,0.029562667969704373,0,3966,0.0,16,0,3966,0.0,6,127,0.024774774774774775,10,6,127,0.047244094488188976,-6,0
baseline_seed2,2,baseline,300,87,112,4093,0.02848859633725505,16,112,4093,0.027363791839726363,0,3972,0.0,16,0,3972,0.0,9,121,0.12840982546864899,10,9,121,0.0743801652892562,-9,0
baseline_seed2,2,baseline,300,88,107,4093,0.026769460534785912,16,107,4093,0.026142193989738577,0,3981,0.0,16,0,3981,0.0,5,112,0.03841086449782102,9,5,112,0.044642857142857144,-5,0
baseline_seed2,2,baseline,300,89,104,4093,0.02571699139898344,16,104,4093,0.02540923527974591,0,3986,0.0,16,0,3986,0.0,3,107,0.026895943562610228,9,3,107,0.028037383177570093,-3,0
baseline_seed2,2,baseline,300,90,99,4093,0.024550739628420207,16,99,4093,0.024187637429758123,0,3989,0.0,16,0,3989,0.0,5,104,0.13072089947089946,9,5,104,0.04807692307692308,-5,0
baseline_seed2,2,baseline,300,91,95,4093,0.023357901813436274,16,95,4093,0.023210359149767896,0,3994,0.0,16,0,3994,0.0,4,99,0.033338478160209906,8,4,99,0.04040404040404041,-4,0
baseline_seed2,2,baseline,300,92,90,4093,0.02223979800157353,16,90,4093,0.021988761299780113,0,3998,0.0,16,0,3998,0.0,5,95,0.15657894736842107,8,5,95,0.05263157894736842,-5,0
baseline_seed2,2,baseline,300,93,85,4093,0.020815754038911685,16,85,4093,0.02076716344979233,0,4003,0.0,16,0,4003,0.0,5,90,0.06045751633986929,7,5,90,0.05555555555555555,-5,0
baseline_seed2,2,baseline,300,94,81,4093,0.019953840644283065,16,81,4093,0.0197898851698021,0,4008,0.0,16,0,4008,0.0,4,85,0.04554235487298368,7,4,85,0.047058823529411764,-4,0
baseline_seed2,2,baseline,300,95,79,4093,0.019532607767570737,16,79,4093,0.019301246029806988,0,4012,0.0,16,0,4012,0.0,2,81,0.014625850340136054,7,2,81,0.024691358024691357,-2,0
baseline_seed2,2,baseline,300,96,77,4093,0.018980439745890518,16,77,4093,0.018812606889811873,1,4014,0.00016937669376693767,16,1,4014,0.00024912805181863477,3,79,0.0369047619047619,7,3,79,0.0379746835443038,-2,0
baseline_seed2,2,baseline,300,97,73,4093,0.018218597298698923,16,73,4093,0.017835328609821646,0,4016,0.0,16,0,4016,0.0,4,77,0.14318783068783067,8,4,77,0.05194805194805195,-4,0
baseline_seed2,2,baseline,300,98,69,4093,0.016846806114209602,16,69,4093,0.01685805032983142,0,4020,0.0,16,0,4020,0.0,4,73,0.07255102040816326,7,4,73,0.0547945205479452,-4,0
baseline_seed2,2,baseline,300,99,66,4093,0.016039770768361473,16,66,4093,0.016125091619838747,0,4024,0.0,16,0,4024,0.0,3,69,0.052655677655677656,7,3,69,0.043478260869565216,-3,0
baseline_seed2,2,baseline,300,100,65,4093,0.015623104101694806,16,65,4093,0.01588077204984119,0,4027,0.0,16,0,4027,0.0,1,66,0.023809523809523808,7,1,66,0.015151515151515152,-1,0
baseline_seed2,2,baseline,300,101,61,4093,0.014399402089180008,16,61,4093,0.014903493769850965,0,4028,0.0,16,0,4028,0.0,4,65,0.0943064182194617,7,4,65,0.06153846153846154,-4,0
baseline_seed2,2,baseline,300,102,58,4093,0.013377797150908402,16,58,4093,0.014170535059858295,0,4032,0.0,16,0,4032,0.0,3,61,0.15584415584415584,7,3,61,0.04918032786885246,-3,0
baseline_seed2,2,baseline,300,103,54,4093,0.011877797150908403,16,54,4093,0.013193256779868068,0,4035,0.0,16,0,4035,0.0,4,58,0.14166666666666666,6,4,58,0.06896551724137931,-4,0
baseline_seed2,2,baseline,300,104,53,4093,0.011627797150908403,16,53,4093,0.01294893720987051,0,4039,0.0,16,0,4039,0.0,1,54,0.018518518518518517,6,1,54,0.018518518518518517,-1,0
baseline_seed2,2,baseline,300,105,52,4093,0.011377797150908402,16,52,4093,0.012704617639872955,0,4040,0.0,16,0,4040,0.0,1,53,0.020833333333333332,6,1,53,0.018867924528301886,-1,0
baseline_seed2,2,baseline,300,106,50,4093,0.010956564274196074,16,50,4093,0.01221597849987784,0,4041,0.0,16,0,4041,0.0,2,52,0.031385281385281384,6,2,52,0.038461538461538464,-2,0
baseline_seed2,2,baseline,300,107,48,4093,0.010651686225415586,16,48,4093,0.011727339359882726,0,4043,0.0,16,0,4043,0.0,2,50,0.025641025641025644,6,2,50,0.04,-2,0
baseline_seed2,2,baseline,300,108,48,4093,0.010651686225415586,16,48,4093,0.011727339359882726,0,4045,0.0,16,0,4045,0.0,0,48,0.0,6,0,48,0.0,0,0
baseline_seed2,2,baseline,300,109,46,4093,0.010249247201025342,16,46,4093,0.011238700219887612,0,4045,0.0,16,0,4045,0.0,2,48,0.04292929292929293,6,2,48,0.041666666666666664,-2,0
baseline_seed2,2,baseline,300,110,41,4093,0.008958380436891336,16,41,4093,0.01001710236989983,0,4047,0.0,16,0,4047,0.0,5,46,0.23174603174603173,6,5,46,0.10869565217391304,-5,0
baseline_seed2,2,baseline,300,111,39,4093,0.008081578786709228,16,39,4093,0.009528463229904716,1,4052,0.00016937669376693767,16,1,4052,0.00024679170779861795,3,41,0.10666666666666666,5,3,41,0.07317073170731707,-2,0
baseline_seed2,2,baseline,300,112,33,4093,0.006658706675822515,16,33,4093,0.008062545809919374,0,4054,0.0,16,0,4054,0.0,6,39,0.3125,6,6,39,0.15384615384615385,-6,0
baseline_seed2,2,baseline,300,113,31,4093,0.006089384627135664,16,31,4093,0.007573906669924261,0,4060,0.0,16,0,4060,0.0,2,33,0.11000000000000001,5,2,33,0.06060606060606061,-2,0
baseline_seed2,2,baseline,300,114,30,4093,0.005839384627135664,16,30,4093,0.007329587099926704,0,4062,0.0,16,0,4062,0.0,1,31,0.05,5,1,31,0.03225806451612903,-1,0
baseline_seed2,2,baseline,300,115,30,4093,0.005839384627135664,16,30,4093,0.007329587099926704,0,4063,0.0,16,0,4063,0.0,0,30,0.0,5,0,30,0.0,0,0
baseline_seed2,2,baseline,300,116,29,4093,0.005441295455161142,16,29,4093,0.0070852675299291476,0,4063,0.0,16,0,4063,0.0,1,30,0.2,5,1,30,0.03333333333333333,-1,0
baseline_seed2,2,baseline,300,117,28,4093,0.005191295455161142,16,28,4093,0.006840947959931591,0,4064,0.0,16,0,4064,0.0,1,29,0.08333333333333333,4,1,29,0.034482758620689655,-1,0
baseline_seed2,2,baseline,300,118,27,4093,0.0049412954551611415,16,27,4093,0.006596628389934034,0,4065,0.0,16,0,4065,0.0,1,28,0.125,4,1,28,0.03571428571428571,-1,0
baseline_seed2,2,baseline,300,119,27,4093,0.00502913329299898,16,27,4093,0.006596628389934034,1,4066,0.00034153005464480874,16,1,4066,0.00024594195769798326,1,27,0.25,4,1,27,0.037037037037037035,0,0
baseline_seed2,2,baseline,300,120,27,4093,0.00502913329299898,16,27,4093,0.006596628389934034,0,4066,0.0,16,0,4066,0.0,0,27,0.0,3,0,27,0.0,0,0
baseline_seed2,2,baseline,300,121,26,4093,0.004876694268608736,16,26,4093,0.006352308819936477,0,4066,0.0,16,0,4066,0.0,1,27,0.06666666666666667,3,1,27,0.037037037037037035,-1,0
baseline_seed2,2,baseline,300,122,26,4093,0.004876694268608736,16,26,4093,0.006352308819936477,0,4067,0.0,16,0,4067,0.0,0,26,0.0,3,0,26,0.0,0,0
baseline_seed2,2,baseline,300,123,26,4093,0.004876694268608736,16,26,4093,0.006352308819936477,0,4067,0.0,16,0,4067,0.0,0,26,0.0,3,0,26,0.0,0,0
baseline_seed2,2,baseline,300,124,24,4093,0.004386417406380654,16,24,4093,0.005863669679941363,0,4067,0.0,16,0,4067,0.0,2,26,0.19444444444444442,3,2,26,0.07692307692307693,-2,0
baseline_seed2,2,baseline,300,125,22,4093,0.0038773466918304873,16,22,4093,0.005375030539946249,0,4069,0.0,16,0,4069,0.0,2,24,0.18421052631578946,3,2,24,0.08333333333333333,-2,0
baseline_seed2,2,baseline,300,126,22,4093,0.0038773466918304873,16,22,4093,0.005375030539946249,0,4071,0.0,16,0,4071,0.0,0,22,0.0,3,0,22,0.0,0,0
baseline_seed2,2,baseline,300,127,22,4093,0.0038773466918304873,16,22,4093,0.005375030539946249,0,4071,0.0,16,0,4071,0.0,0,22,0.0,3,0,22,0.0,0,0
baseline_seed2,2,baseline,300,128,22,4093,0.0038773466918304873,16,22,4093,0.005375030539946249,0,4071,0.0,16,0,4071,0.0,0,22,0.0,3,0,22,0.0,0,0
warmstart_seed2,2,warmstart,0,0,0,4093,0.0,16,0,4093,0.0,,,,,,,,,,,,,,,,
warmstart_seed2,2,warmstart,0,1,0,4093,0.0,16,0,4093,0.0,0,4093,0.0,16,0,4093,0.0,0,0,,0,0,0,,0,0
warmstart_seed2,2,warmstart,0,2,0,4093,0.0,16,0,4093,0.0,0,4093,0.0,16,0,4093,0.0,0,0,,0,0,0,,0,0
warmstart_seed2,2,warmstart,0,3,0,4093,0.0,16,0,4093,0.0,0,4093,0.0,16,0,4093,0.0,0,0,,0,0,0,,0,0
warmstart_seed2,2,warmstart,0,4,0,4093,0.0,16,0,4093,0.0,0,4093,0.0,16,0,4093,0.0,0,0,,0,0,0,,0,0
warmstart_seed2,2,warmstart,0,5,0,4093,0.0,16,0,4093,0.0,0,4093,0.0,16,0,4093,0.0,0,0,,0,0,0,,0,0
warmstart_seed2,2,warmstart,0,6,0,4093,0.0,16,0,4093,0.0,0,4093,0.0,16,0,4093,0.0,0,0,,0,0,0,,0,0
warmstart_seed2,2,warmstart,0,7,0,4093,0.0,16,0,4093,0.0,0,4093,0.0,16,0,4093,0.0,0,0,,0,0,0,,0,0
warmstart_seed2,2,warmstart,0,8,0,4093,0.0,16,0,4093,0.0,0,4093,0.0,16,0,4093,0.0,0,0,,0,0,0,,0,0
warmstart_seed2,2,warmstart,0,9,0,4093,0.0,16,0,4093,0.0,0,4093,0.0,16,0,4093,0.0,0,0,,0,0,0,,0,0
warmstart_seed2,2,warmstart,0,10,0,4093,0.0,16,0,4093,0.0,0,4093,0.0,16,0,4093,0.0,0,0,,0,0,0,,0,0
warmstart_seed2,2,warmstart,0,11,0,4093,0.0,16,0,4093,0.0,0,4093,0.0,16,0,4093,0.0,0,0,,0,0,0,,0,0
warmstart_seed2,2,warmstart,0,12,0,4093,0.0,16,0,4093,0.0,0,4093,0.0,16,0,4093,0.0,0,0,,0,0,0,,0,0
warmstart_seed2,2,warmstart,0,13,0,4093,0.0,16,0,4093,0.0,0,4093,0.0,16,0,4093,0.0,0,0,,0,0,0,,0,0
warmstart_seed2,2,warmstart,0,14,0,4093,0.0,16,0,4093,0.0,0,4093,0.0,16,0,4093,0.0,0,0,,0,0,0,,0,0
warmstart_seed2,2,warmstart,0,15,0,4093,0.0,16,0,4093,0.0,0,4093,0.0,16,0,4093,0.0,0,0,,0,0,0,,0,0
warmstart_seed2,2,warmstart,0,16,0,4093,0.0,16,0,4093,0.0,0,4093,0.0,16,0,4093,0.0,0,0,,0,0,0,,0,0
warmstart_seed2,2,warmstart,0,17,0,4093,0.0,16,0,4093,0.0,0,4093,0.0,16,0,4093,0.0,0,0,,0,0,0,,0,0
warmstart_seed2,2,warmstart,0,18,0,4093,0.0,16,0,4093,0.0,0,4093,0.0,16,0,4093,0.0,0,0,,0,0,0,,0,0
warmstart_seed2,2,warmstart,0,19,0,4093,0.0,16,0,4093,0.0,0,4093,0.0,16,0,4093,0.0,0,0,,0,0,0,,0,0
warmstart_seed2,2,warmstart,0,20,0,4093,0.0,16,0,4093,0.0,0,4093,0.0,16,0,4093,0.0,0,0,,0,0,0,,0,0
warmstart_seed2,2,warmstart,0,21,0,4093,0.0,16,0,4093,0.0,0,4093,0.0,16,0,4093,0.0,0,0,,0,0,0,,0,0
warmstart_seed2,2,warmstart,0,22,0,4093,0.0,16,0,4093,0.0,0,4093,0.0,16,0,4093,0.0,0,0,,0,0,0,,0,0
warmstart_seed2,2,warmstart,0,23,0,4093,0.0,16,0,4093,0.0,0,4093,0.0,16,0,4093,0.0,0,0,,0,0,0,,0,0
warmstart_seed2,2,warmstart,0,24,0,4093,0.0,16,0,4093,0.0,0,4093,0.0,16,0,4093,0.0,0,0,,0,0,0,,0,0
warmstart_seed2,2,warmstart,0,25,0,4093,0.0,16,0,4093,0.0,0,4093,0.0,16,0,4093,0.0,0,0,,0,0,0,,0,0
warmstart_seed2,2,warmstart,0,26,0,4093,0.0,16,0,4093,0.0,0,4093,0.0,16,0,4093,0.0,0,0,,0,0,0,,0,0
warmstart_seed2,2,warmstart,0,27,0,4093,0.0,16,0,4093,0.0,0,4093,0.0,16,0,4093,0.0,0,0,,0,0,0,,0,0
warmstart_seed2,2,warmstart,0,28,0,4093,0.0,16,0,4093,0.0,0,4093,0.0,16,0,4093,0.0,0,0,,0,0,0,,0,0
warmstart_seed2,2,warmstart,0,29,0,4093,0.0,16,0,4093,0.0,0,4093,0.0,16,0,4093,0.0,0,0,,0,0,0,,0,0
warmstart_seed2,2,warmstart,0,30,0,4093,0.0,16,0,4093,0.0,0,4093,0.0,16,0,4093,0.0,0,0,,0,0,0,,0,0
warmstart_seed2,2,warmstart,0,31,0,4093,0.0,16,0,4093,0.0,0,4093,0.0,16,0,4093,0.0,0,0,,0,0,0,,0,0
warmstart_seed2,2,warmstart,0,32,0,4093,0.0,16,0,4093,0.0,0,4093,0.0,16,0,4093,0.0,0,0,,0,0,0,,0,0
warmstart_seed2,2,warmstart,0,33,0,4093,0.0,16,0,4093,0.0,0,4093,0.0,16,0,4093,0.0,0,0,,0,0,0,,0,0
warmstart_seed2,2,warmstart,0,34,0,4093,0.0,16,0,4093,0.0,0,4093,0.0,16,0,4093,0.0,0,0,,0,0,0,,0,0
warmstart_seed2,2,warmstart,0,35,0,4093,0.0,16,0,4093,0.0,0,4093,0.0,16,0,4093,0.0,0,0,,0,0,0,,0,0
warmstart_seed2,2,warmstart,0,36,0,4093,0.0,16,0,4093,0.0,0,4093,0.0,16,0,4093,0.0,0,0,,0,0,0,,0,0
warmstart_seed2,2,warmstart,0,37,0,4093,0.0,16,0,4093,0.0,0,4093,0.0,16,0,4093,0.0,0,0,,0,0,0,,0,0
warmstart_seed2,2,warmstart,0,38,0,4093,0.0,16,0,4093,0.0,0,4093,0.0,16,0,4093,0.0,0,0,,0,0,0,,0,0
warmstart_seed2,2,warmstart,0,39,0,4093,0.0,16,0,4093,0.0,0,4093,0.0,16,0,4093,0.0,0,0,,0,0,0,,0,0
warmstart_seed2,2,warmstart,0,40,0,4093,0.0,16,0,4093,0.0,0,4093,0.0,16,0,4093,0.0,0,0,,0,0,0,,0,0
warmstart_seed2,2,warmstart,0,41,0,4093,0.0,16,0,4093,0.0,0,4093,0.0,16,0,4093,0.0,0,0,,0,0,0,,0,0
warmstart_seed2,2,warmstart,0,42,0,4093,0.0,16,0,4093,0.0,0,4093,0.0,16,0,4093,0.0,0,0,,0,0,0,,0,0
warmstart_seed2,2,warmstart,0,43,0,4093,0.0,16,0,4093,0.0,0,4093,0.0,16,0,4093,0.0,0,0,,0,0,0,,0,0
warmstart_seed2,2,warmstart,0,44,0,4093,0.0,16,0,4093,0.0,0,4093,0.0,16,0,4093,0.0,0,0,,0,0,0,,0,0
warmstart_seed2,2,warmstart,0,45,0,4093,0.0,16,0,4093,0.0,0,4093,0.0,16,0,4093,0.0,0,0,,0,0,0,,0,0
warmstart_seed2,2,warmstart,0,46,0,4093,0.0,16,0,4093,0.0,0,4093,0.0,16,0,4093,0.0,0,0,,0,0,0,,0,0
warmstart_seed2,2,warmstart,0,47,0,4093,0.0,16,0,4093,0.0,0,4093,0.0,16,0,4093,0.0,0,0,,0,0,0,,0,0
warmstart_seed2,2,warmstart,0,48,0,4093,0.0,16,0,4093,0.0,0,4093,0.0,16,0,4093,0.0,0,0,,0,0,0,,0,0
warmstart_seed2,2,warmstart,0,49,0,4093,0.0,16,0,4093,0.0,0,4093,0.0,16,0,4093,0.0,0,0,,0,0,0,,0,0
warmstart_seed2,2,warmstart,0,50,0,4093,0.0,16,0,4093,0.0,0,4093,0.0,16,0,4093,0.0,0,0,,0,0,0,,0,0
warmstart_seed2,2,warmstart,0,51,0,4093,0.0,16,0,4093,0.0,0,4093,0.0,16,0,4093,0.0,0,0,,0,0,0,,0,0
warmstart_seed2,2,warmstart,0,52,0,4093,0.0,16,0,4093,0.0,0,4093,0.0,16,0,4093,0.0,0,0,,0,0,0,,0,0
warmstart_seed2,2,warmstart,0,53,0,4093,0.0,16,0,4093,0.0,0,4093,0.0,16,0,4093,0.0,0,0,,0,0,0,,0,0
warmstart_seed2,2,warmstart,0,54,0,4093,0.0,16,0,4093,0.0,0,4093,0.0,16,0,4093,0.0,0,0,,0,0,0,,0,0
warmstart_seed2,2,warmstart,0,55,0,4093,0.0,16,0,4093,0.0,0,4093,0.0,16,0,4093,0.0,0,0,,0,0,0,,0,0
warmstart_seed2,2,warmstart,0,56,0,4093,0.0,16,0,4093,0.0,0,4093,0.0,16,0,4093,0.0,0,0,,0,0,0,,0,0
warmstart_seed2,2,warmstart,0,57,0,4093,0.0,16,0,4093,0.0,0,4093,0.0,16,0,4093,0.0,0,0,,0,0,0,,0,0
warmstart_seed2,2,warmstart,0,58,0,4093,0.0,16,0,4093,0.0,0,4093,0.0,16,0,4093,0.0,0,0,,0,0,0,,0,0
warmstart_seed2,2,warmstart,0,59,0,4093,0.0,16,0,4093,0.0,0,4093,0.0,16,0,4093,0.0,0,0,,0,0,0,,0,0
warmstart_seed2,2,warmstart,0,60,0,4093,0.0,16,0,4093,0.0,0,4093,0.0,16,0,4093,0.0,0,0,,0,0,0,,0,0
warmstart_seed2,2,warmstart,0,61,0,4093,0.0,16,0,4093,0.0,0,4093,0.0,16,0,4093,0.0,0,0,,0,0,0,,0,0
warmstart_seed2,2,warmstart,0,62,0,4093,0.0,16,0,4093,0.0,0,4093,0.0,16,0,4093,0.0,0,0,,0,0,0,,0,0
warmstart_seed2,2,warmstart,0,63,0,4093,0.0,16,0,4093,0.0,0,4093,0.0,16,0,4093,0.0,0,0,,0,0,0,,0,0
warmstart_seed2,2,warmstart,0,64,0,4093,0.0,16,0,4093,0.0,0,4093,0.0,16,0,4093,0.0,0,0,,0,0,0,,0,0
warmstart_seed2,2,warmstart,0,65,0,4093,0.0,16,0,4093,0.0,0,4093,0.0,16,0,4093,0.0,0,0,,0,0,0,,0,0
warmstart_seed2,2,warmstart,0,66,0,4093,0.0,16,0,4093,0.0,0,4093,0.0,16,0,4093,0.0,0,0,,0,0,0,,0,0
warmstart_seed2,2,warmstart,0,67,0,4093,0.0,16,0,4093,0.0,0,4093,0.0,16,0,4093,0.0,0,0,,0,0,0,,0,0
warmstart_seed2,2,warmstart,0,68,0,4093,0.0,16,0,4093,0.0,0,4093,0.0,16,0,4093,0.0,0,0,,0,0,0,,0,0
warmstart_seed2,2,warmstart,0,69,0,4093,0.0,16,0,4093,0.0,0,4093,0.0,16,0,4093,0.0,0,0,,0,0,0,,0,0
warmstart_seed2,2,warmstart,0,70,0,4093,0.0,16,0,4093,0.0,0,4093,0.0,16,0,4093,0.0,0,0,,0,0,0,,0,0
warmstart_seed2,2,warmstart,0,71,0,4093,0.0,16,0,4093,0.0,0,4093,0.0,16,0,4093,0.0,0,0,,0,0,0,,0,0
warmstart_seed2,2,warmstart,0,72,0,4093,0.0,16,0,4093,0.0,0,4093,0.0,16,0,4093,0.0,0,0,,0,0,0,,0,0
warmstart_seed2,2,warmstart,0,73,0,4093,0.0,16,0,4093,0.0,0,4093,0.0,16,0,4093,0.0,0,0,,0,0,0,,0,0
warmstart_seed2,2,warmstart,0,74,0,4093,0.0,16,0,4093,0.0,0,4093,0.0,16,0,4093,0.0,0,0,,0,0,0,,0,0
warmstart_seed2,2,warmstart,0,75,0,4093,0.0,16,0,4093,0.0,0,4093,0.0,16,0,4093,0.0,0,0,,0,0,0,,0,0
warmstart_seed2,2,warmstart,0,76,0,4093,0.0,16,0,4093,0.0,0,4093,0.0,16,0,4093,0.0,0,0,,0,0,0,,0,0
warmstart_seed2,2,warmstart,0,77,0,4093,0.0,16,0,4093,0.0,0,4093,0.0,16,0,4093,0.0,0,0,,0,0,0,,0,0
warmstart_seed2,2,warmstart,0,78,0,4093,0.0,16,0,4093,0.0,0,4093,0.0,16,0,4093,0.0,0,0,,0,0,0,,0,0
warmstart_seed2,2,warmstart,0,79,0,4093,0.0,16,0,4093,0.0,0,4093,0.0,16,0,4093,0.0,0,0,,0,0,0,,0,0
warmstart_seed2,2,warmstart,0,80,0,4093,0.0,16,0,4093,0.0,0,4093,0.0,16,0,4093,0.0,0,0,,0,0,0,,0,0
warmstart_seed2,2,warmstart,0,81,0,4093,0.0,16,0,4093,0.0,0,4093,0.0,16,0,4093,0.0,0,0,,0,0,0,,0,0
warmstart_seed2,2,warmstart,0,82,0,4093,0.0,16,0,4093,0.0,0,4093,0.0,16,0,4093,0.0,0,0,,0,0,0,,0,0
warmstart_seed2,2,warmstart,0,83,0,4093,0.0,16,0,4093,0.0,0,4093,0.0,16,0,4093,0.0,0,0,,0,0,0,,0,0
warmstart_seed2,2,warmstart,0,84,0,4093,0.0,16,0,4093,0.0,0,4093,0.0,16,0,4093,0.0,0,0,,0,0,0,,0,0
warmstart_seed2,2,warmstart,0,85,0,4093,0.0,16,0,4093,0.0,0,4093,0.0,16,0,4093,0.0,0,0,,0,0,0,,0,0
warmstart_seed2,2,warmstart,0,86,0,4093,0.0,16,0,4093,0.0,0,4093,0.0,16,0,4093,0.0,0,0,,0,0,0,,0,0
warmstart_seed2,2,warmstart,0,87,0,4093,0.0,16,0,4093,0.0,0,4093,0.0,16,0,4093,0.0,0,0,,0,0,0,,0,0
warmstart_seed2,2,warmstart,0,88,0,4093,0.0,16,0,4093,0.0,0,4093,0.0,16,0,4093,0.0,0,0,,0,0,0,,0,0
warmstart_seed2,2,warmstart,0,89,0,4093,0.0,16,0,4093,0.0,0,4093,0.0,16,0,4093,0.0,0,0,,0,0,0,,0,0
warmstart_seed2,2,warmstart,0,90,0,4093,0.0,16,0,4093,0.0,0,4093,0.0,16,0,4093,0.0,0,0,,0,0,0,,0,0
warmstart_seed2,2,warmstart,0,91,0,4093,0.0,16,0,4093,0.0,0,4093,0.0,16,0,4093,0.0,0,0,,0,0,0,,0,0
warmstart_seed2,2,warmstart,0,92,0,4093,0.0,16,0,4093,0.0,0,4093,0.0,16,0,4093,0.0,0,0,,0,0,0,,0,0
warmstart_seed2,2,warmstart,0,93,0,4093,0.0,16,0,4093,0.0,0,4093,0.0,16,0,4093,0.0,0,0,,0,0,0,,0,0
warmstart_seed2,2,warmstart,0,94,0,4093,0.0,16,0,4093,0.0,0,4093,0.0,16,0,4093,0.0,0,0,,0,0,0,,0,0
warmstart_seed2,2,warmstart,0,95,0,4093,0.0,16,0,4093,0.0,0,4093,0.0,16,0,4093,0.0,0,0,,0,0,0,,0,0
warmstart_seed2,2,warmstart,0,96,0,4093,0.0,16,0,4093,0.0,0,4093,0.0,16,0,4093,0.0,0,0,,0,0,0,,0,0
warmstart_seed2,2,warmstart,0,97,0,4093,0.0,16,0,4093,0.0,0,4093,0.0,16,0,4093,0.0,0,0,,0,0,0,,0,0
warmstart_seed2,2,warmstart,0,98,0,4093,0.0,16,0,4093,0.0,0,4093,0.0,16,0,4093,0.0,0,0,,0,0,0,,0,0
warmstart_seed2,2,warmstart,0,99,0,4093,0.0,16,0,4093,0.0,0,4093,0.0,16,0,4093,0.0,0,0,,0,0,0,,0,0
warmstart_seed2,2,warmstart,0,100,0,4093,0.0,16,0,4093,0.0,0,4093,0.0,16,0,4093,0.0,0,0,,0,0,0,,0,0
warmstart_seed2,2,warmstart,0,101,0,4093,0.0,16,0,4093,0.0,0,4093,0.0,16,0,4093,0.0,0,0,,0,0,0,,0,0
warmstart_seed2,2,warmstart,0,102,0,4093,0.0,16,0,4093,0.0,0,4093,0.0,16,0,4093,0.0,0,0,,0,0,0,,0,0
warmstart_seed2,2,warmstart,0,103,0,4093,0.0,16,0,4093,0.0,0,4093,0.0,16,0,4093,0.0,0,0,,0,0,0,,0,0
warmstart_seed2,2,warmstart,0,104,0,4093,0.0,16,0,4093,0.0,0,4093,0.0,16,0,4093,0.0,0,0,,0,0,0,,0,0
warmstart_seed2,2,warmstart,0,105,0,4093,0.0,16,0,4093,0.0,0,4093,0.0,16,0,4093,0.0,0,0,,0,0,0,,0,0
warmstart_seed2,2,warmstart,0,106,0,4093,0.0,16,0,4093,0.0,0,4093,0.0,16,0,4093,0.0,0,0,,0,0,0,,0,0
warmstart_seed2,2,warmstart,0,107,0,4093,0.0,16,0,4093,0.0,0,4093,0.0,16,0,4093,0.0,0,0,,0,0,0,,0,0
warmstart_seed2,2,warmstart,0,108,0,4093,0.0,16,0,4093,0.0,0,4093,0.0,16,0,4093,0.0,0,0,,0,0,0,,0,0
warmstart_seed2,2,warmstart,0,109,0,4093,0.0,16,0,4093,0.0,0,4093,0.0,16,0,4093,0.0,0,0,,0,0,0,,0,0
warmstart_seed2,2,warmstart,0,110,0,4093,0.0,16,0,4093,0.0,0,4093,0.0,16,0,4093,0.0,0,0,,0,0,0,,0,0
warmstart_seed2,2,warmstart,0,111,0,4093,0.0,16,0,4093,0.0,0,4093,0.0,16,0,4093,0.0,0,0,,0,0,0,,0,0
warmstart_seed2,2,warmstart,0,112,0,4093,0.0,16,0,4093,0.0,0,4093,0.0,16,0,4093,0.0,0,0,,0,0,0,,0,0
warmstart_seed2,2,warmstart,0,113,0,4093,0.0,16,0,4093,0.0,0,4093,0.0,16,0,4093,0.0,0,0,,0,0,0,,0,0
warmstart_seed2,2,warmstart,0,114,0,4093,0.0,16,0,4093,0.0,0,4093,0.0,16,0,4093,0.0,0,0,,0,0,0,,0,0
warmstart_seed2,2,warmstart,0,115,0,4093,0.0,16,0,4093,0.0,0,4093,0.0,16,0,4093,0.0,0,0,,0,0,0,,0,0
warmstart_seed2,2,warmstart,0,116,0,4093,0.0,16,0,4093,0.0,0,4093,0.0,16,0,4093,0.0,0,0,,0,0,0,,0,0
warmstart_seed2,2,warmstart,0,117,0,4093,0.0,16,0,4093,0.0,0,4093,0.0,16,0,4093,0.0,0,0,,0,0,0,,0,0
warmstart_seed2,2,warmstart,0,118,0,4093,0.0,16,0,4093,0.0,0,4093,0.0,16,0,4093,0.0,0,0,,0,0,0,,0,0
warmstart_seed2,2,warmstart,0,119,0,4093,0.0,16,0,4093,0.0,0,4093,0.0,16,0,4093,0.0,0,0,,0,0,0,,0,0
warmstart_seed2,2,warmstart,0,120,0,4093,0.0,16,0,4093,0.0,0,4093,0.0,16,0,4093,0.0,0,0,,0,0,0,,0,0
warmstart_seed2,2,warmstart,0,121,0,4093,0.0,16,0,4093,0.0,0,4093,0.0,16,0,4093,0.0,0,0,,0,0,0,,0,0
warmstart_seed2,2,warmstart,0,122,0,4093,0.0,16,0,4093,0.0,0,4093,0.0,16,0,4093,0.0,0,0,,0,0,0,,0,0
warmstart_seed2,2,warmstart,0,123,0,4093,0.0,16,0,4093,0.0,0,4093,0.0,16,0,4093,0.0,0,0,,0,0,0,,0,0
warmstart_seed2,2,warmstart,0,124,0,4093,0.0,16,0,4093,0.0,0,4093,0.0,16,0,4093,0.0,0,0,,0,0,0,,0,0
warmstart_seed2,2,warmstart,0,125,0,4093,0.0,16,0,4093,0.0,0,4093,0.0,16,0,4093,0.0,0,0,,0,0,0,,0,0
warmstart_seed2,2,warmstart,0,126,0,4093,0.0,16,0,4093,0.0,0,4093,0.0,16,0,4093,0.0,0,0,,0,0,0,,0,0
warmstart_seed2,2,warmstart,0,127,0,4093,0.0,16,0,4093,0.0,0,4093,0.0,16,0,4093,0.0,0,0,,0,0,0,,0,0
warmstart_seed2,2,warmstart,0,128,0,4093,0.0,16,0,4093,0.0,0,4093,0.0,16,0,4093,0.0,0,0,,0,0,0,,0,0
warmstart_seed2,2,warmstart,100,0,0,4093,0.0,16,0,4093,0.0,,,,,,,,,,,,,,,,
warmstart_seed2,2,warmstart,100,1,8,4093,0.002550471725202225,16,8,4093,0.0019545565599804545,8,4093,0.002550471725202225,16,8,4093,0.0019545565599804545,0,0,,0,0,0,,8,0
warmstart_seed2,2,warmstart,100,2,5,4093,0.0016487090146893168,16,5,4093,0.001221597849987784,2,4085,0.0006473087452864301,16,2,4085,0.0004895960832313342,5,8,0.611111111111111,6,5,8,0.625,-3,0
warmstart_seed2,2,warmstart,100,3,5,4093,0.00155102501355263,16,5,4093,0.001221597849987784,1,4088,0.0002042483660130719,16,1,4088,0.0002446183953033268,1,5,0.25,4,1,5,0.2,0,0
warmstart_seed2,2,warmstart,100,4,6,4093,0.001796789080048794,16,6,4093,0.0014659174199853407,2,4088,0.0005068503999366437,16,2,4088,0.0004892367906066536,1,5,0.125,4,1,5,0.2,1,0
warmstart_seed2,2,warmstart,100,5,2,4093,0.00046466503267973854,16,2,4093,0.0004886391399951136,0,4087,0.0,16,0,4087,0.0,4,6,0.7,5,4,6,0.6666666666666666,-4,0
warmstart_seed2,2,warmstart,100,6,4,4093,0.001054715867828613,16,4,4093,0.0009772782799902272,2,4091,0.0005907205019226877,16,2,4091,0.0004888780249327792,0,2,0.0,2,0,2,0.0,2,0
warmstart_seed2,2,warmstart,100,7,6,4093,0.001369006206755663,16,6,4093,0.0014659174199853407,3,4089,0.000518538704940122,16,3,4089,0.0007336757153338225,1,4,0.16666666666666666,3,1,4,0.25,2,0
warmstart_seed2,2,warmstart,100,8,2,4093,0.00046466503267973854,16,2,4093,0.0004886391399951136,0,4087,0.0,16,0,4087,0.0,4,6,0.6,5,4,6,0.6666666666666666,-4,0
warmstart_seed2,2,warmstart,100,9,3,4093,0.0007250816993464053,16,3,4093,0.0007329587099926704,1,4091,0.0002615062761506276,16,1,4091,0.0002444390124663896,0,2,0.0,2,0,2,0.0,1,0
warmstart_seed2,2,warmstart,100,10,3,4093,0.0008486375770965663,16,3,4093,0.0007329587099926704,2,4090,0.0006450588778573078,16,2,4090,0.0004889975550122249,2,3,0.5,2,2,3,0.6666666666666666,0,0
warmstart_seed2,2,warmstart,100,11,2,4093,0.0006443892110834944,16,2,4093,0.0004886391399951136,0,4090,0.0,16,0,4090,0.0,1,3,0.25,2,1,3,0.3333333333333333,-1,0
warmstart_seed2,2,warmstart,100,12,2,4093,0.0005925798694606664,16,2,4093,0.0004886391399951136,1,4091,0.0001524390243902439,16,1,4091,0.0002444390124663896,1,2,0.5,2,1,2,0.5,0,0
warmstart_seed2,2,warmstart,100,13,2,4093,0.0005925798694606664,16,2,4093,0.0004886391399951136,0,4091,0.0,16,0,4091,0.0,0,2,0.0,2,0,2,0.0,0,0
warmstart_seed2,2,warmstart,100,14,2,4093,0.0005925798694606664,16,2,4093,0.0004886391399951136,0,4091,0.0,16,0,4091,0.0,0,2,0.0,2,0,2,0.0,0,0
warmstart_seed2,2,warmstart,100,15,1,4093,0.0001524390243902439,16,1,4093,0.0002443195699975568,0,4091,0.0,16,0,4091,0.0,1,2,0.5,2,1,2,0.5,-1,0
warmstart_seed2,2,warmstart,100,16,1,4093,0.00016937669376693767,16,1,4093,0.0002443195699975568,1,4092,0.00016937669376693767,16,1,4092,0.00024437927663734115,1,1,1.0,1,1,1,1.0,0,0
warmstart_seed2,2,warmstart,100,17,2,4093,0.0005072145316047756,16,2,4093,0.0004886391399951136,2,4092,0.000507674794359577,16,2,4092,0.0004887585532746823,1,1,1.0,1,1,1,1.0,1,0
warmstart_seed2,2,warmstart,100,18,2,4093,0.0005072145316047756,16,2,4093,0.0004886391399951136,0,4091,0.0,16,0,4091,0.0,0,2,0.0,2,0,2,0.0,0,0
warmstart_seed2,2,warmstart,100,19,2,4093,0.00037362505978000954,16,2,4093,0.0004886391399951136,1,4091,0.0002042483660130719,16,1,4091,0.0002444390124663896,1,2,0.5,2,1,2,0.5,0,0
warmstart_seed2,2,warmstart,100,20,3,4093,0.0007114628976178474,16,3,4093,0.0007329587099926704,1,4091,0.00033783783783783786,16,1,4091,0.0002444390124663896,0,2,0.0,2,0,2,0.0,1,0
warmstart_seed2,2,warmstart,100,21,8,4093,0.002045011019858904,16,8,4093,0.0019545565599804545,5,4090,0.001333548122241056,16,5,4090,0.0012224938875305623,0,3,0.0,3,0,3,0.0,5,0
warmstart_seed2,2,warmstart,100,22,11,4093,0.0031249220699169225,16,11,4093,0.0026875152699731247,3,4085,0.001086334382643423,16,3,4085,0.0007343941248470012,0,8,0.0,8,0,8,0.0,3,0
warmstart_seed2,2,warmstart,100,23,16,4093,0.0046587592068502385,16,16,4093,0.003909113119960909,6,4082,0.0019879752435747328,16,6,4082,0.0014698677119059284,1,11,0.0625,8,1,11,0.09090909090909091,5,0
warmstart_seed2,2,warmstart,100,24,22,4093,0.006379346870504527,16,22,4093,0.005375030539946249,8,4077,0.0025229503330198794,16,8,4077,0.0019622271277900416,2,16,0.08333333333333333,10,2,16,0.125,6,0
warmstart_seed2,2,warmstart,100,25,31,4093,0.009650764061580459,16,31,4093,0.007573906669924261,10,4071,0.003650891044000935,16,10,4071,0.0024563989191844758,1,22,0.0303030303030303,11,1,22,0.045454545454545456,9,0
warmstart_seed2,2,warmstart,100,26,39,4093,0.011900363139543384,16,39,4093,0.009528463229904716,11,4062,0.003560481265574578,16,11,4062,0.0027080256031511572,3,31,0.06190476190476191,14,3,31,0.0967741935483871,8,0
warmstart_seed2,2,warmstart,100,27,47,4093,0.01407253300676166,16,47,4093,0.01148301978988517,14,4054,0.00424749058951957,16,14,4054,0.003453379378391712,6,39,0.12329931972789114,14,6,39,0.15384615384615385,8,0
warmstart_seed2,2,warmstart,100,28,64,4093,0.019928585656802025,16,64,4093,0.015636452479843636,21,4046,0.00675590683298204,16,21,4046,0.005190311418685121,4,47,0.047619047619047616,14,4,47,0.0851063829787234,17,0
warmstart_seed2,2,warmstart,100,29,87,4093,0.02720519253903319,16,87,4093,0.021255802589787442,25,4029,0.008294886476491618,16,25,4029,0.0062050136510300325,2,64,0.026785714285714284,14,2,64,0.03125,23,0
warmstart_seed2,2,warmstart,100,30,112,4093,0.034479600440651195,16,112,4093,0.027363791839726363,29,4006,0.008893972064779772,16,29,4006,0.007239141288067898,4,87,0.028311688311688312,15,4,87,0.04597701149425287,25,0
warmstart_seed2,2,warmstart,100,31,137,4093,0.041857598581641633,16,137,4093,0.03347178108966528,30,3981,0.008938074212444502,16,30,3981,0.007535795026375283,5,112,0.06212121212121212,15,5,112,0.044642857142857144,25,0
warmstart_seed2,2,warmstart,100,32,155,4093,0.047521591975273295,16,155,4093,0.03786953334962131,24,3956,0.007792229940422544,16,24,3956,0.006066734074823054,6,137,0.06481481481481481,15,6,137,0.043795620437956206,18,0
warmstart_seed2,2,warmstart,100,33,183,4093,0.05495047202605839,16,183,4093,0.044710481309552894,31,3938,0.009003616330784118,16,31,3938,0.00787201625190452,3,155,0.02611111111111111,15,3,155,0.01935483870967742,28,0
warmstart_seed2,2,warmstart,100,34,214,4093,0.06365699111675849,16,214,4093,0.052284387979477154,33,3910,0.01014325205909941,16,33,3910,0.00843989769820972,2,183,0.008333333333333333,15,2,183,0.01092896174863388,31,0
warmstart_seed2,2,warmstart,100,35,233,4093,0.06962580278540681,16,233,4093,0.056926459809430736,25,3879,0.008599901512672526,16,25,3879,0.006444960041247744,6,214,0.029010341510341507,15,6,214,0.028037383177570093,19,0
warmstart_seed2,2,warmstart,100,36,271,4093,0.08128117909183222,16,271,4093,0.0662106034693379,40,3860,0.013762518761177024,16,40,3860,0.010362694300518135,2,233,0.007456140350877193,16,2,233,0.008583690987124463,38,0
warmstart_seed2,2,warmstart,100,37,305,4093,0.09193425073345349,16,305,4093,0.07451746884925482,38,3822,0.013406161109858272,16,38,3822,0.009942438513867086,4,271,0.016035353535353535,16,4,271,0.014760147601476014,34,0
warmstart_seed2,2,warmstart,100,38,328,4093,0.09862253113543062,16,328,4093,0.08013681895919864,32,3788,0.010661010407527254,16,32,3788,0.008447729672650475,9,305,0.06968738133211817,16,9,305,0.029508196721311476,23,0
warmstart_seed2,2,warmstart,100,39,356,4093,0.106509404946276,16,356,4093,0.08697776691913023,32,3765,0.010587435860694844,16,32,3765,0.00849933598937583,4,328,0.009581561226298068,16,4,328,0.012195121951219513,28,0
warmstart_seed2,2,warmstart,100,40,395,4093,0.11755368447528676,16,395,4093,0.09650623014903494,45,3737,0.014874517116443506,16,45,3737,0.012041744715012041,6,356,0.024703884078884075,16,6,356,0.016853932584269662,39,0
warmstart_seed2,2,warmstart,100,41,431,4093,0.12923137360471465,16,431,4093,0.10530173466894699,47,3698,0.01708642981289134,16,47,3698,0.012709572742022715,11,395,0.03460508887898594,16,11,395,0.027848101265822784,36,0
warmstart_seed2,2,warmstart,100,42,475,4093,0.14143022725330157,16,475,4093,0.11605179574883948,51,3662,0.016874921309278375,16,51,3662,0.013926815947569634,7,431,0.02122263379035825,16,7,431,0.016241299303944315,44,0
warmstart_seed2,2,warmstart,100,43,507,4093,0.15023253553829025,16,507,4093,0.1238700219887613,49,3618,0.01637562060719601,16,49,3618,0.013543394140409067,17,475,0.04072588076246198,16,17,475,0.035789473684210524,32,0
warmstart_seed2,2,warmstart,100,44,558,4093,0.16439441467865204,16,558,4093,0.13633032005863668,63,3586,0.020544775787443206,16,63,3586,0.017568321249302844,12,507,0.028735977920545178,16,12,507,0.023668639053254437,51,0
warmstart_seed2,2,warmstart,100,45,589,4093,0.17247865644658156,16,589,4093,0.14390422672856096,49,3535,0.015681648559100276,16,49,3535,0.013861386138613862,18,558,0.03381676080370306,16,18,558,0.03225806451612903,31,0
warmstart_seed2,2,warmstart,100,46,627,4093,0.1826204297196592,16,627,4093,0.1531883703884681,41,3504,0.013778610155168725,16,41,3504,0.011700913242009132,3,589,0.006124004676440849,16,3,589,0.0050933786078098476,38,0
warmstart_seed2,2,warmstart,100,47,650,4093,0.18849179104416225,16,650,4093,0.15880772049841194,31,3466,0.009899016159748617,16,31,3466,0.00894402769763416,8,627,0.015005196205583902,16,8,627,0.012759170653907496,23,0
warmstart_seed2,2,warmstart,100,48,661,4093,0.19135868525569139,16,661,4093,0.16149523576838504,24,3443,0.007236733514283895,16,24,3443,0.0069706651176299735,13,650,0.021051130154903744,16,13,650,0.02,11,0
warmstart_seed2,2,warmstart,100,49,682,4093,0.19693493052417854,16,682,4093,0.16662594673833375,28,3432,0.008910862703647868,16,28,3432,0.008158508158508158,7,661,0.010523500039629072,16,7,661,0.01059001512859304,21,0
warmstart_seed2,2,warmstart,100,50,702,4093,0.20282959263322548,16,702,4093,0.17151233813828487,24,3411,0.009208141495658,16,24,3411,0.007036059806508356,4,682,0.006089696644207922,16,4,682,0.005865102639296188,20,0
warmstart_seed2,2,warmstart,100,51,728,4093,0.2095948435374232,16,728,4093,0.17786464695822135,28,3391,0.009877979372299539,16,28,3391,0.008257151282807431,2,702,0.0029146793852676206,16,2,702,0.002849002849002849,26,0
warmstart_seed2,2,warmstart,100,52,726,4093,0.2090207025628577,16,726,4093,0.17737600781822624,9,3365,0.0028781231791734896,16,9,3365,0.002674591381872214,11,728,0.014586934048531744,16,11,728,0.01510989010989011,-2,0
warmstart_seed2,2,warmstart,100,53,752,4093,0.21612594391202394,16,752,4093,0.18372831663816272,26,3367,0.009995373975817378,16,26,3367,0.007722007722007722,0,726,0.0,16,0,726,0.0,26,0
warmstart_seed2,2,warmstart,100,54,754,4093,0.21680726181016857,16,754,4093,0.18421695577815783,8,3341,0.0036849780451526292,16,8,3341,0.002394492666866208,6,752,0.007240919725109001,16,6,752,0.007978723404255319,2,0
warmstart_seed2,2,warmstart,100,55,769,4093,0.22154028594881325,16,769,4093,0.18788174932812118,20,3339,0.008765631785664082,16,20,3339,0.005989817310572028,5,754,0.0060467093272873265,16,5,754,0.006631299734748011,15,0
warmstart_seed2,2,warmstart,100,56,781,4093,0.22488386392992754,16,781,4093,0.19081358416809185,20,3324,0.008978175919776208,16,20,3324,0.006016847172081829,8,769,0.011626905240233945,16,8,769,0.010403120936280884,12,0
warmstart_seed2,2,warmstart,100,57,792,4093,0.22839100198523446,16,792,4093,0.19350109943806498,20,3312,0.008982942227078402,16,20,3312,0.006038647342995169,9,781,0.01126161431169729,16,9,781,0.011523687580025609,11,0
warmstart_seed2,2,warmstart,100,58,809,4093,0.23325371369735567,16,809,4093,0.19765453212802345,27,3301,0.011612593319166486,16,27,3301,0.008179339594062406,10,792,0.012598819876217136,16,10,792,0.012626262626262626,17,0
warmstart_seed2,2,warmstart,100,59,823,4093,0.23776735065395327,16,823,4093,0.20107500610798926,20,3284,0.009007206229946852,16,20,3284,0.0060901339829476245,6,809,0.007518337951122478,16,6,809,0.007416563658838072,14,0
warmstart_seed2,2,warmstart,100,60,841,4093,0.2423133220408586,16,841,4093,0.20547275836794526,23,3270,0.009120002086527707,16,23,3270,0.007033639143730887,5,823,0.00555882917662371,16,5,823,0.006075334143377886,18,0
warmstart_seed2,2,warmstart,100,61,845,4093,0.24357737461811427,16,845,4093,0.2064500366479355,15,3252,0.007392425587238182,16,15,3252,0.004612546125461255,11,841,0.011072842710086492,16,11,841,0.013079667063020214,4,0
warmstart_seed2,2,warmstart,100,62,863,4093,0.2484506185274888,16,863,4093,0.21084778890789152,24,3248,0.011837313217103808,16,24,3248,0.007389162561576354,6,845,0.005770164704299799,16,6,845,0.007100591715976331,18,0
warmstart_seed2,2,warmstart,100,63,870,4093,0.2502325253839054,16,870,4093,0.21255802589787443,16,3230,0.00824947703300704,16,16,3230,0.004953560371517028,9,863,0.008854714556892447,16,9,863,0.010428736964078795,7,0
warmstart_seed2,2,warmstart,100,64,878,4093,0.2531380968324459,16,878,4093,0.21451258245785487,16,3223,0.009197322519307008,16,16,3223,0.004964318957493019,8,870,0.008193581211600576,16,8,870,0.009195402298850575,8,0
warmstart_seed2,2,warmstart,100,65,886,4093,0.25540850624019007,16,886,4093,0.21646713901783532,14,3215,0.007650548631361082,16,14,3215,0.004354587869362364,6,878,0.00664217938401267,16,6,878,0.00683371298405467,8,0
warmstart_seed2,2,warmstart,100,66,896,4093,0.2585318379917872,16,896,4093,0.2189103347178109,15,3207,0.00783140495779159,16,15,3207,0.004677268475210477,5,886,0.004524176100950121,16,5,886,0.0056433408577878106,10,0
warmstart_seed2,2,warmstart,100,67,900,4093,0.2595410925759317,16,900,4093,0.21988761299780113,12,3197,0.006643140030568893,16,12,3197,0.003753518923991242,8,896,0.006702553300514294,16,8,896,0.008928571428571428,4,0
warmstart_seed2,2,warmstart,100,68,911,4093,0.26366279855464025,16,911,4093,0.22257512826777426,15,3193,0.009273541607781434,16,15,3193,0.004697776385844034,4,900,0.004236473094577864,16,4,900,0.0044444444444444444,11,0
warmstart_seed2,2,warmstart,100,69,924,4093,0.2667358083751892,16,924,4093,0.2257512826777425,15,3182,0.006418717782137831,16,15,3182,0.004714016341923318,2,911,0.002064278455284553,16,2,911,0.0021953896816684962,13,0
warmstart_seed2,2,warmstart,100,70,925,4093,0.26704317528831123,16,925,4093,0.22599560224774004,8,3169,0.00278712492574674,16,8,3169,0.0025244556642473968,7,924,0.006429129872829654,16,7,924,0.007575757575757576,1,0
warmstart_seed2,2,warmstart,100,71,939,4093,0.2706029766335222,16,939,4093,0.22941607622770585,16,3168,0.006516406652827449,16,16,3168,0.005050505050505051,2,925,0.0014367816091954023,16,2,925,0.002162162162162162,14,0
warmstart_seed2,2,warmstart,100,72,939,4093,0.2706331442482451,16,939,4093,0.22941607622770585,6,3154,0.001830940390579356,16,6,3154,0.0019023462270133164,6,939,0.005460628016347108,16,6,939,0.006389776357827476,0,0
warmstart_seed2,2,warmstart,100,73,948,4093,0.27250793372950594,16,948,4093,0.23161495235768384,11,3154,0.003945487760133771,16,11,3154,0.0034876347495244133,2,939,0.0024951550387596897,16,2,939,0.002129925452609159,9,0
warmstart_seed2,2,warmstart,100,74,953,4093,0.2743471202444224,16,953,4093,0.23283655020767163,8,3145,0.003779182800904111,16,8,3145,0.0025437201907790143,3,948,0.003468924138804458,16,3,948,0.0031645569620253164,5,0
warmstart_seed2,2,warmstart,100,75,956,4093,0.2745101940666319,16,956,4093,0.23356950891766431,7,3140,0.0019906924750005867,16,7,3140,0.0022292993630573248,4,953,0.004725683673052095,16,4,953,0.004197271773347324,3,0
warmstart_seed2,2,warmstart,100,76,969,4093,0.27778851169892854,16,969,4093,0.23674566332763256,15,3137,0.006199606687487257,16,15,3137,0.004781638508128785,2,956,0.0030336257309941522,16,2,956,0.0020920502092050207,13,0
warmstart_seed2,2,warmstart,100,77,968,4093,0.27722360120819856,16,968,4093,0.23650134375763499,8,3124,0.0032132671728463116,16,8,3124,0.002560819462227913,9,969,0.009856515033326761,16,9,969,0.009287925696594427,-1,0
warmstart_seed2,2,warmstart,100,78,977,4093,0.2800410736583269,16,977,4093,0.238700219887613,15,3125,0.006102039473091903,16,15,3125,0.0048,6,968,0.004875753331635684,16,6,968,0.006198347107438017,9,0
warmstart_seed2,2,warmstart,100,79,984,4093,0.2824887875701625,16,984,4093,0.2404104568775959,14,3116,0.00843806913609262,16,14,3116,0.004492939666238768,7,977,0.008518110345753865,16,7,977,0.007164790174002047,7,0
warmstart_seed2,2,warmstart,100,80,983,4093,0.28135872419576685,16,983,4093,0.24016613730759834,8,3109,0.0039452367100043465,16,8,3109,0.002573174654229656,9,984,0.008442650899260449,16,9,984,0.009146341463414634,-1,0
warmstart_seed2,2,warmstart,100,81,989,4093,0.28380005974617295,16,989,4093,0.24163205472758367,12,3110,0.008668572569987501,16,12,3110,0.0038585209003215433,6,983,0.005789626069781154,16,6,983,0.006103763987792472,6,0
warmstart_seed2,2,warmstart,100,82,991,4093,0.2846761334525516,16,991,4093,0.24212069386757878,11,3104,0.007255093667764015,16,11,3104,0.0035438144329896907,9,989,0.010502230133619166,16,9,989,0.00910010111223458,2,0
warmstart_seed2,2,warmstart,100,83,995,4093,0.2859336187614157,16,995,4093,0.243097972147569,14,3102,0.01008329082940189,16,14,3102,0.004513217279174726,10,991,0.011330294160156802,16,10,991,0.010090817356205853,4,0
warmstart_seed2,2,warmstart,100,84,992,4093,0.2845203451728759,16,992,4093,0.24236501343757635,13,3098,0.008207048769943782,16,13,3098,0.004196255648805681,16,995,0.014249654046618772,16,16,995,0.016080402010050253,-3,0
warmstart_seed2,2,warmstart,100,85,998,4093,0.28658859818658805,16,998,4093,0.2438309308575617,17,3101,0.012508598506542746,16,17,3101,0.005482102547565301,11,992,0.009113205605096753,16,11,992,0.011088709677419355,6,0
warmstart_seed2,2,warmstart,100,86,996,4093,0.2857760646756003,16,996,4093,0.24334229171756658,14,3095,0.011330618933932748,16,14,3095,0.004523424878836834,16,998,0.01651437392395242,16,16,998,0.01603206412825651,-2,0
warmstart_seed2,2,warmstart,100,87,994,4093,0.284740731737852,16,994,4093,0.24285365257757147,15,3097,0.010489036448374671,16,15,3097,0.004843396835647401,17,996,0.016532675667701967,16,17,996,0.01706827309236948,-2,0
warmstart_seed2,2,warmstart,100,88,995,4093,0.2848615941260945,16,995,4093,0.243097972147569,16,3099,0.012221398713768674,16,16,3099,0.005162955792191029,15,994,0.016155413746166147,16,15,994,0.015090543259557344,1,0
warmstart_seed2,2,warmstart,100,89,1000,4093,0.28596738714994807,16,1000,4093,0.2443195699975568,17,3098,0.010962192422885665,16,17,3098,0.005487411233053583,12,995,0.013222695990821617,16,12,995,0.012060301507537688,5,0
warmstart_seed2,2,warmstart,100,90,990,4093,0.2826694202625273,16,990,4093,0.24187637429758124,11,3093,0.006285861260005771,16,11,3093,0.003556417717426447,21,1000,0.02165425152081896,16,21,1000,0.021,-10,0
warmstart_seed2,2,warmstart,100,91,990,4093,0.2823307806019082,16,990,4093,0.24187637429758124,18,3103,0.011772658168699438,16,18,3103,0.005800837898807605,18,990,0.018741273247444092,16,18,990,0.01818181818181818,0,0
warmstart_seed2,2,warmstart,100,92,983,4093,0.27912537085815364,16,983,4093,0.24016613730759834,16,3103,0.01064326628030477,16,16,3103,0.00515630035449565,23,990,0.025826146929175987,16,23,990,0.023232323232323233,-7,0
warmstart_seed2,2,warmstart,100,93,979,4093,0.27845311452485544,16,979,4093,0.23918885902760811,16,3110,0.011043986842770952,16,16,3110,0.005144694533762058,20,983,0.02194938139255659,16,20,983,0.02034587995930824,-4,0
warmstart_seed2,2,warmstart,100,94,976,4093,0.27641006033970417,16,976,4093,0.23845590031761543,13,3114,0.007532892835579315,16,13,3114,0.004174694926140013,16,979,0.01886360761944874,16,16,979,0.01634320735444331,-3,0
warmstart_seed2,2,warmstart,100,95,967,4093,0.2733588414008574,16,967,4093,0.23625702418763744,8,3117,0.004871322758314037,16,8,3117,0.0025665704202759063,17,976,0.02210258375267353,16,17,976,0.017418032786885244,-9,0
warmstart_seed2,2,warmstart,100,96,969,4093,0.2748343452789815,16,969,4093,0.23674566332763256,17,3126,0.011207762242558164,16,17,3126,0.005438259756877799,15,967,0.016869106524668415,16,15,967,0.015511892450879007,2,0
warmstart_seed2,2,warmstart,100,97,964,4093,0.2717937583129612,16,964,4093,0.23552406547764476,12,3124,0.004925440727060363,16,12,3124,0.0038412291933418692,17,969,0.02252119957574198,16,17,969,0.017543859649122806,-5,0
warmstart_seed2,2,warmstart,100,98,963,4093,0.27206868382874216,16,963,4093,0.2352797459076472,14,3129,0.009594814934093903,16,14,3129,0.0044742729306487695,15,964,0.016706258191349934,16,15,964,0.015560165975103735,-1,0
warmstart_seed2,2,warmstart,100,99,966,4093,0.27286960823157214,16,966,4093,0.23601270461763987,15,3130,0.008275202087678658,16,15,3130,0.004792332268370607,12,963,0.012162620877029849,16,12,963,0.012461059190031152,3,0
warmstart_seed2,2,warmstart,100,100,969,4093,0.2738113649418039,16,969,4093,0.23674566332763256,16,3127,0.012023648261231042,16,16,3127,0.005116725295810681,13,966,0.012960209274732664,16,13,966,0.013457556935817806,3,0
warmstart_seed2,2,warmstart,100,101,964,4093,0.27203287451141456,16,964,4093,0.23552406547764476,13,3124,0.007671654771400199,16,13,3124,0.004161331626120359,18,969,0.017609174364194367,16,18,969,0.018575851393188854,-5,0
warmstart_seed2,2,warmstart,100,102,977,4093,0.27623888278528397,16,977,4093,0.238700219887613,23,3129,0.013767687148403988,16,23,3129,0.007350591243208693,10,964,0.009928819574645425,16,10,964,0.01037344398340249,13,0
warmstart_seed2,2,warmstart,100,103,969,4093,0.27354843303681303,16,969,4093,0.23674566332763256,16,3116,0.010597549770276434,16,16,3116,0.005134788189987163,24,977,0.026301569691771984,16,24,977,0.02456499488229273,-8,0
warmstart_seed2,2,warmstart,100,104,969,4093,0.273506780830166,16,969,4093,0.23674566332763256,17,3124,0.01113996177674947,16,17,3124,0.005441741357234315,17,969,0.019827469315536535,16,17,969,0.017543859649122806,0,0
warmstart_seed2,2,warmstart,100,105,974,4093,0.2743513477372074,16,974,4093,0.23796726117762032,21,3124,0.007858312652985689,16,21,3124,0.006722151088348271,16,969,0.01649227141145243,16,16,969,0.016511867905056758,5,0
warmstart_seed2,2,warmstart,100,106,973,4093,0.2738060635079568,16,973,4093,0.23772294160762278,16,3119,0.008874725517920479,16,16,3119,0.005129849310676499,17,974,0.0170499229449953,16,17,974,0.017453798767967144,-1,0
warmstart_seed2,2,warmstart,100,107,969,4093,0.2727630362447069,16,969,4093,0.23674566332763256,17,3120,0.007948694087117666,16,17,3120,0.0054487179487179484,21,973,0.02030929156646292,16,21,973,0.02158273381294964,-4,0
warmstart_seed2,2,warmstart,100,108,976,4093,0.2743103768356644,16,976,4093,0.23845590031761543,20,3124,0.010125517129556586,16,20,3124,0.006402048655569782,13,969,0.011426977865491298,16,13,969,0.013415892672858616,7,0
warmstart_seed2,2,warmstart,100,109,976,4093,0.27445289196405276,16,976,4093,0.23845590031761543,15,3117,0.010631823084500863,16,15,3117,0.004812319538017324,15,976,0.016701750534122192,16,15,976,0.015368852459016393,0,0
warmstart_seed2,2,warmstart,100,110,971,4093,0.27231934734539576,16,971,4093,0.23723430246762767,10,3117,0.0037210572036062385,16,10,3117,0.003208213025344883,15,976,0.015471788754247467,16,15,976,0.015368852459016393,-5,0
warmstart_seed2,2,warmstart,100,111,981,4093,0.2753845260325085,16,981,4093,0.23967749816760323,21,3122,0.010076975170182172,16,21,3122,0.006726457399103139,11,971,0.011340795809017689,16,11,971,0.01132852729145211,10,0
warmstart_seed2,2,warmstart,100,112,973,4093,0.2726805815144581,16,973,4093,0.23772294160762278,11,3112,0.005007799320982665,16,11,3112,0.0035347043701799484,19,981,0.018671083197455703,16,19,981,0.019367991845056064,-8,0
warmstart_seed2,2,warmstart,100,113,980,4093,0.27462332445433313,16,980,4093,0.23943317859760566,17,3120,0.007628924878927575,16,17,3120,0.0054487179487179484,10,973,0.009420707292414931,16,10,973,0.010277492291880781,7,0
warmstart_seed2,2,warmstart,100,114,981,4093,0.27365140268323007,16,981,4093,0.23967749816760323,16,3113,0.006800974808916771,16,16,3113,0.00513973658849984,15,980,0.016140272176523886,16,15,980,0.015306122448979591,1,0
warmstart_seed2,2,warmstart,100,115,981,4093,0.2745671856884392,16,981,4093,0.23967749816760323,14,3112,0.008499262943701406,16,14,3112,0.004498714652956298,14,981,0.012360452267734932,16,14,981,0.014271151885830785,0,0
warmstart_seed2,2,warmstart,100,116,983,4093,0.27417327343723796,16,983,4093,0.24016613730759834,16,3112,0.00884622460345895,16,16,3112,0.005141388174807198,14,981,0.01601041392481118,16,14,981,0.014271151885830785,2,0
warmstart_seed2,2,warmstart,100,117,982,4093,0.2745616657834846,16,982,4093,0.2399218177376008,14,3110,0.005817787923018179,16,14,3110,0.0045016077170418,15,983,0.012419295863318632,16,15,983,0.015259409969481181,-1,0
warmstart_seed2,2,warmstart,100,118,988,4093,0.2752055405850827,16,988,4093,0.24138773515758613,19,3111,0.007264386759857197,16,19,3111,0.006107360977177756,13,982,0.016217895751246027,16,13,982,0.013238289205702648,6,0
warmstart_seed2,2,warmstart,100,119,995,4093,0.2774534665189137,16,995,4093,0.243097972147569,22,3105,0.012102191298632112,16,22,3105,0.007085346215780998,15,988,0.0162239924121046,16,15,988,0.015182186234817813,7,0
warmstart_seed2,2,warmstart,100,120,985,4093,0.2745008973786147,16,985,4093,0.24065477644759345,14,3098,0.010047587529862609,16,14,3098,0.004519044544867657,24,995,0.026095477297438507,16,24,995,0.024120603015075376,-10,0
warmstart_seed2,2,warmstart,100,121,1003,4093,0.2796393438262009,16,1003,4093,0.24505252870754948,33,3108,0.02012750593400594,16,33,3108,0.010617760617760617,15,985,0.017108769557356306,16,15,985,0.015228426395939087,18,0
warmstart_seed2,2,warmstart,100,122,994,4093,0.27674910369822425,16,994,4093,0.24285365257757147,15,3090,0.010064535477200013,16,15,3090,0.0048543689320388345,24,1003,0.026401670066849556,16,24,1003,0.023928215353938187,-9,0
warmstart_seed2,2,warmstart,100,123,998,4093,0.27840655589488006,16,998,4093,0.2438309308575617,21,3099,0.010610169470225028,16,21,3099,0.006776379477250726,17,994,0.021570407517885967,16,17,994,0.01710261569416499,4,0
warmstart_seed2,2,warmstart,100,124,1000,4093,0.27834551763905696,16,1000,4093,0.2443195699975568,16,3095,0.006805342142762103,16,16,3095,0.005169628432956382,14,998,0.01626582763077685,16,14,998,0.014028056112224449,2,0
warmstart_seed2,2,warmstart,100,125,1001,4093,0.27902977095546716,16,1001,4093,0.24456388956755437,17,3093,0.006803654045211888,16,17,3093,0.005496281926931782,16,1000,0.021600967880548508,16,16,1000,0.016,1,0
warmstart_seed2,2,warmstart,100,126,993,4093,0.27728537766979455,16,993,4093,0.2426093330075739,13,3092,0.006265607338500137,16,13,3092,0.004204398447606727,21,1001,0.027213250992547025,16,21,1001,0.02097902097902098,-8,0
warmstart_seed2,2,warmstart,100,127,1006,4093,0.2800824439711824,16,1006,4093,0.24578548741754214,29,3100,0.013230446438370383,16,29,3100,0.00935483870967742,16,993,0.01919659124075864,16,16,993,0.016112789526686808,13,0
warmstart_seed2,2,warmstart,100,128,996,4093,0.27822495643183576,16,996,4093,0.24334229171756658,19,3087,0.00909903512953458,16,19,3087,0.006154842889536767,29,1006,0.029362404885630633,16,29,1006,0.02882703777335984,-10,0
warmstart_seed2,2,warmstart,200,0,0,4093,0.0,16,0,4093,0.0,,,,,,,,,,,,,,,,
warmstart_seed2,2,warmstart,200,1,67,4093,0.01826015801968392,16,67,4093,0.016369411189836307,67,4093,0.01826015801968392,16,67,4093,0.016369411189836307,0,0,,0,0,0,,67,0
warmstart_seed2,2,warmstart,200,2,148,4093,0.04048868149940045,16,148,4093,0.03615929635963841,89,4026,0.025384874792341833,16,89,4026,0.022106308991554892,8,67,0.12604166666666666,16,8,67,0.11940298507462686,81,0
warmstart_seed2,2,warmstart,200,3,203,4093,0.05616598878939877,16,203,4093,0.04959687270950403,67,3945,0.020226058416931682,16,67,3945,0.016983523447401776,12,148,0.07726821789321789,16,12,148,0.08108108108108109,55,0
warmstart_seed2,2,warmstart,200,4,252,4093,0.0705158347543624,16,252,4093,0.06156853163938431,59,3890,0.017827384036108604,16,59,3890,0.015167095115681234,10,203,0.04688285570638512,16,10,203,0.04926108374384237,49,0
warmstart_seed2,2,warmstart,200,5,331,4093,0.09246463727627763,16,331,4093,0.0808697776691913,83,3841,0.02485318609755141,16,83,3841,0.021608956001041395,4,252,0.015106421356421356,16,4,252,0.015873015873015872,79,0
warmstart_seed2,2,warmstart,200,6,427,4093,0.11878271534579038,16,427,4093,0.10432445638895675,99,3762,0.030305688013614433,16,99,3762,0.02631578947368421,3,331,0.00988669590643275,16,3,331,0.00906344410876133,96,0
warmstart_seed2,2,warmstart,200,7,530,4093,0.148486336483793,16,530,4093,0.12948937209870512,104,3666,0.03492174665394593,16,104,3666,0.028368794326241134,1,427,0.0026041666666666665,16,1,427,0.00234192037470726,103,0
warmstart_seed2,2,warmstart,200,8,616,4093,0.1729140491227113,16,616,4093,0.15050085511849498,87,3563,0.029962345555871954,16,87,3563,0.024417625596407522,1,530,0.001736111111111111,16,1,530,0.0018867924528301887,86,0
warmstart_seed2,2,warmstart,200,9,681,4093,0.19207653514452488,16,681,4093,0.16638162716833618,67,3477,0.024722230463316584,16,67,3477,0.01926948518838079,2,616,0.0024509803921568627,16,2,616,0.003246753246753247,65,0
warmstart_seed2,2,warmstart,200,10,737,4093,0.2075583781899552,16,737,4093,0.18006352308819937,57,3412,0.020676637052255892,16,57,3412,0.016705744431418524,1,681,0.0012755102040816326,16,1,681,0.0014684287812041115,56,0
warmstart_seed2,2,warmstart,200,11,796,4093,0.22440389240941622,16,796,4093,0.1944783777180552,59,3356,0.022971935726271056,16,59,3356,0.017580452920143028,0,737,0.0,16,0,737,0.0,59,0
warmstart_seed2,2,warmstart,200,12,847,4093,0.2396357708661662,16,847,4093,0.20693867578793063,52,3297,0.022427294979319612,16,52,3297,0.015771913861085837,1,796,0.0010964912280701754,16,1,796,0.001256281407035176,51,0
warmstart_seed2,2,warmstart,200,13,892,4093,0.25323391154092156,16,892,4093,0.21793305643782068,47,3246,0.02145373315219918,16,47,3246,0.01447935921133703,2,847,0.002313311688311688,16,2,847,0.0023612750885478157,45,0
warmstart_seed2,2,warmstart,200,14,924,4093,0.2618146825888898,16,924,4093,0.2257512826777425,32,3201,0.0130318353179457,16,32,3201,0.00999687597625742,0,892,0.0,16,0,892,0.0,32,0
warmstart_seed2,2,warmstart,200,15,953,4093,0.2696685988232562,16,953,4093,0.23283655020767163,30,3169,0.01267519165791917,16,30,3169,0.009466708740927737,1,924,0.0012755102040816326,16,1,924,0.0010822510822510823,29,0
warmstart_seed2,2,warmstart,200,16,969,4093,0.2748292014717568,16,969,4093,0.23674566332763256,18,3140,0.010071045245130049,16,18,3140,0.005732484076433121,2,953,0.0022005772005772007,16,2,953,0.002098635886673662,16,0
warmstart_seed2,2,warmstart,200,17,1000,4093,0.284711650489405,16,1000,4093,0.2443195699975568,31,3124,0.01743880890823714,16,31,3124,0.009923175416133162,0,969,0.0,16,0,969,0.0,31,0
warmstart_seed2,2,warmstart,200,18,1018,4093,0.2890537591213025,16,1018,4093,0.24871732225751284,20,3093,0.007483151517731607,16,20,3093,0.006466214031684449,2,1000,0.0021529888551165147,16,2,1000,0.002,18,0
warmstart_seed2,2,warmstart,200,19,1045,4093,0.29776353632966146,16,1045,4093,0.2553139506474469,29,3075,0.017349193616786544,16,29,3075,0.00943089430894309,2,1018,0.002551020408163265,16,2,1018,0.0019646365422396855,27,0
warmstart_seed2,2,warmstart,200,20,1064,4093,0.3041539611099555,16,1064,4093,0.25995602247740046,23,3048,0.014720660659259685,16,23,3048,0.007545931758530184,4,1045,0.004002239605862014,16,4,1045,0.003827751196172249,19,0
warmstart_seed2,2,warmstart,200,21,1078,4093,0.3085863116139331,16,1078,4093,0.2633764964573662,18,3029,0.010048907248248898,16,18,3029,0.005942555298778475,4,1064,0.004564144736842106,16,4,1064,0.0037593984962406013,14,0
warmstart_seed2,2,warmstart,200,22,1099,4093,0.315332251592742,16,1099,4093,0.26850720742731493,24,3015,0.015252149008119775,16,24,3015,0.007960199004975124,3,1078,0.003754340277777778,16,3,1078,0.0027829313543599257,21,0
warmstart_seed2,2,warmstart,200,23,1118,4093,0.32195640767490047,16,1118,4093,0.2731492792572685,22,2994,0.017196236186831727,16,22,2994,0.007348029392117568,3,1099,0.0031786151960784314,16,3,1099,0.00272975432211101,19,0
warmstart_seed2,2,warmstart,200,24,1132,4093,0.32623216718500236,16,1132,4093,0.2765697532372343,18,2975,0.011042084882183723,16,18,2975,0.006050420168067227,4,1118,0.004353258863064823,16,4,1118,0.0035778175313059034,14,0
warmstart_seed2,2,warmstart,200,25,1149,4093,0.3320300976272012,16,1149,4093,0.28072318592719275,22,2961,0.016193369054473813,16,22,2961,0.007429922323539345,5,1132,0.005834892789657613,16,5,1132,0.00441696113074205,17,0
warmstart_seed2,2,warmstart,200,26,1169,4093,0.3387745316899994,16,1169,4093,0.2856095773271439,25,2944,0.022042275388511265,16,25,2944,0.008491847826086956,5,1149,0.005984848484848485,16,5,1149,0.004351610095735422,20,0
warmstart_seed2,2,warmstart,200,27,1189,4093,0.34539414658096446,16,1189,4093,0.29049596872709504,27,2924,0.02294207619521883,16,27,2924,0.009233926128590971,7,1169,0.009719022756292526,16,7,1169,0.005988023952095809,20,0
warmstart_seed2,2,warmstart,200,28,1208,4093,0.35302318819610623,16,1208,4093,0.2951380405570486,27,2904,0.022587385188630377,16,27,2904,0.009297520661157025,8,1189,0.010340070168790676,16,8,1189,0.00672834314550042,19,0
warmstart_seed2,2,warmstart,200,29,1232,4093,0.3610211925139792,16,1232,4093,0.30100171023698996,26,2885,0.023163194802491897,16,26,2885,0.00901213171577123,2,1208,0.0016705516705516706,16,2,1208,0.0016556291390728477,24,0
warmstart_seed2,2,warmstart,200,30,1241,4093,0.3642463849414607,16,1241,4093,0.303200586366968,12,2861,0.010758151715702729,16,12,2861,0.004194337644180357,3,1232,0.004435911016949153,16,3,1232,0.002435064935064935,9,0
warmstart_seed2,2,warmstart,200,31,1253,4093,0.3684201802843887,16,1253,4093,0.3061324212069387,15,2852,0.013015369406282897,16,15,2852,0.005259467040673212,3,1241,0.0043981481481481476,16,3,1241,0.0024174053182917004,12,0
warmstart_seed2,2,warmstart,200,32,1265,4093,0.3726847958807805,16,1265,4093,0.30906425604690935,18,2840,0.02206601082587839,16,18,2840,0.006338028169014085,6,1253,0.008164787798408488,16,6,1253,0.004788507581803671,12,0
warmstart_seed2,2,warmstart,200,33,1278,4093,0.3761646525436784,16,1278,4093,0.3122404104568776,17,2828,0.00943686641912181,16,17,2828,0.006011315417256012,4,1265,0.0063029186366305116,16,4,1265,0.0031620553359683794,13,0
warmstart_seed2,2,warmstart,200,34,1290,4093,0.3805545392689512,16,1290,4093,0.3151722452968483,17,2815,0.030134164890926452,16,17,2815,0.006039076376554174,5,1278,0.007842301442847479,16,5,1278,0.003912363067292645,12,0
warmstart_seed2,2,warmstart,200,35,1305,4093,0.3844634334697571,16,1305,4093,0.31883703884681164,20,2803,0.008890250749000107,16,20,2803,0.007135212272565109,5,1290,0.008302987861811391,16,5,1290,0.003875968992248062,15,0
warmstart_seed2,2,warmstart,200,36,1317,4093,0.3883787250266042,16,1317,4093,0.3217688736867823,18,2788,0.028632299166418324,16,18,2788,0.006456241032998565,6,1305,0.013323643410852713,16,6,1305,0.004597701149425287,12,0
warmstart_seed2,2,warmstart,200,37,1327,4093,0.39171890148343,16,1327,4093,0.3242120693867579,13,2776,0.022990479939945394,16,13,2776,0.004682997118155619,3,1317,0.006173780487804878,16,3,1317,0.002277904328018223,10,0
warmstart_seed2,2,warmstart,200,38,1344,4093,0.39726976569342176,16,1344,4093,0.32836550207671633,20,2766,0.011832256193479204,16,20,2766,0.0072306579898770785,3,1327,0.004807692307692308,16,3,1327,0.002260738507912585,17,0
warmstart_seed2,2,warmstart,200,39,1350,4093,0.39948684110192495,16,1350,4093,0.3298314194967017,11,2749,0.007091508728400527,16,11,2749,0.004001455074572572,5,1344,0.009027468034493013,16,5,1344,0.003720238095238095,6,0
warmstart_seed2,2,warmstart,200,40,1362,4093,0.4025446011224622,16,1362,4093,0.33276325433667236,15,2743,0.028044708422486447,16,15,2743,0.005468465184104995,3,1350,0.0044457735247208936,16,3,1350,0.0022222222222222222,12,0
warmstart_seed2,2,warmstart,200,41,1377,4093,0.4067081955347484,16,1377,4093,0.3364280478866357,16,2731,0.00859134646236379,16,16,2731,0.005858659831563529,1,1362,0.003472222222222222,16,1,1362,0.0007342143906020558,15,0
warmstart_seed2,2,warmstart,200,42,1386,4093,0.40929563651576467,16,1386,4093,0.3386269240166137,12,2716,0.00590345112934826,16,12,2716,0.004418262150220913,3,1377,0.007708728652751423,16,3,1377,0.002178649237472767,9,0
warmstart_seed2,2,warmstart,200,43,1391,4093,0.41043937193817903,16,1391,4093,0.3398485218666015,8,2707,0.0034986412011822673,16,8,2707,0.0029553010712966383,3,1386,0.004961386494252874,16,3,1386,0.0021645021645021645,5,0
warmstart_seed2,2,warmstart,200,44,1399,4093,0.41309882241829676,16,1399,4093,0.341803078426582,14,2702,0.007705081561236239,16,14,2702,0.0051813471502590676,6,1391,0.01375791910331384,16,6,1391,0.004313443565780014,8,0
warmstart_seed2,2,warmstart,200,45,1411,4093,0.4168873149654494,16,1411,4093,0.34473491326655264,15,2694,0.040197586044414875,16,15,2694,0.005567928730512249,3,1399,0.005657894736842106,16,3,1399,0.002144388849177984,12,0
warmstart_seed2,2,warmstart,200,46,1415,4093,0.41889800420008266,16,1415,4093,0.34571219154654287,11,2682,0.06830969552652284,16,11,2682,0.004101416853094705,7,1411,0.025669642857142856,16,7,1411,0.004961020552799433,4,0
warmstart_seed2,2,warmstart,200,47,1430,4093,0.423414245383697,16,1430,4093,0.3493769850965062,17,2678,0.010892819386161993,15,17,2678,0.006348020911127707,2,1415,0.009226190476190476,16,2,1415,0.0014134275618374558,15,0
warmstart_seed2,2,warmstart,200,48,1444,4093,0.42708512783112096,16,1444,4093,0.35279745907647203,15,2663,0.008573695534692564,15,15,2663,0.005632745024408562,1,1430,0.002976190476190476,16,1,1430,0.0006993006993006993,14,0
warmstart_seed2,2,warmstart,200,49,1453,4093,0.42956131371722484,16,1453,4093,0.35499633520645,11,2649,0.005666620786134933,15,11,2649,0.004152510381275953,2,1444,0.0034821428571428573,16,2,1444,0.0013850415512465374,9,0
warmstart_seed2,2,warmstart,200,50,1458,4093,0.4313682082708944,16,1458,4093,0.35621793305643784,11,2640,0.008491753114786033,15,11,2640,0.004166666666666667,6,1453,0.021497248022015823,16,6,1453,0.0041293874741913286,5,0
warmstart_seed2,2,warmstart,200,51,1472,4093,0.4354071288318382,16,1472,4093,0.3596384070364036,15,2635,0.010022889937719406,16,15,2635,0.0056925996204933585,1,1458,0.003676470588235294,16,1,1458,0.0006858710562414266,14,0
warmstart_seed2,2,warmstart,200,52,1479,4093,0.438225250632182,16,1479,4093,0.3613486440263865,9,2621,0.010209228204179521,16,9,2621,0.0034338038916444107,2,1472,0.0078125,16,2,1472,0.001358695652173913,7,0
warmstart_seed2,2,warmstart,200,53,1479,4093,0.4382458753954649,16,1479,4093,0.3613486440263865,7,2614,0.004418893264570009,16,7,2614,0.0026778882938026014,7,1479,0.015411028600372655,16,7,1479,0.004732927653820149,0,0
warmstart_seed2,2,warmstart,200,54,1484,4093,0.4398795869307129,16,1484,4093,0.3625702418763743,11,2614,0.0077223464172211116,16,11,2614,0.004208110175975516,6,1479,0.020085197540554683,16,6,1479,0.004056795131845842,5,0
warmstart_seed2,2,warmstart,200,55,1491,4093,0.4413118502288432,16,1491,4093,0.36428047886635717,8,2609,0.004063020239544438,16,8,2609,0.0030663089306247606,1,1484,0.0004280821917808219,16,1,1484,0.0006738544474393531,7,0
warmstart_seed2,2,warmstart,200,56,1492,4093,0.4415835912498285,16,1492,4093,0.36452479843635477,5,2602,0.0026043232126945004,16,5,2602,0.001921598770176787,4,1491,0.019219648781081657,16,4,1491,0.0026827632461435278,1,0
warmstart_seed2,2,warmstart,200,57,1498,4093,0.44366785646105195,16,1498,4093,0.3659907158563401,10,2601,0.00857853636788521,16,10,2601,0.0038446751249519417,4,1492,0.025612745098039215,16,4,1492,0.002680965147453083,6,0
warmstart_seed2,2,warmstart,200,58,1510,4093,0.4464269650514401,16,1510,4093,0.36892255069631075,13,2595,0.007158954418848078,16,13,2595,0.005009633911368015,1,1498,0.0078125,16,1,1498,0.0006675567423230974,12,0
warmstart_seed2,2,warmstart,200,59,1519,4093,0.4482860645930694,16,1519,4093,0.3711214268262888,11,2583,0.004639846549790378,16,11,2583,0.004258614014711576,2,1510,0.009547383309759547,16,2,1510,0.0013245033112582781,9,0
warmstart_seed2,2,warmstart,200,60,1535,4093,0.4518925600097504,16,1535,4093,0.3750305399462497,16,2574,0.009290787976645279,16,16,2574,0.006216006216006216,0,1519,0.0,16,0,1519,0.0,16,0
warmstart_seed2,2,warmstart,200,61,1538,4093,0.4527683424924801,16,1538,4093,0.37576349865624237,9,2558,0.005286269082573282,16,9,2558,0.003518373729476153,6,1535,0.04689867424242424,16,6,1535,0.003908794788273616,3,0
warmstart_seed2,2,warmstart,200,62,1542,4093,0.45319346282073747,16,1542,4093,0.3767407769362326,9,2555,0.004892699163998522,16,9,2555,0.0035225048923679062,5,1538,0.02290168557857237,16,5,1538,0.003250975292587776,4,0
warmstart_seed2,2,warmstart,200,63,1549,4093,0.4551579958231555,16,1549,4093,0.3784510139262155,11,2551,0.008724506044345583,16,11,2551,0.00431203449627597,4,1542,0.01724438612808929,16,4,1542,0.0025940337224383916,7,0
warmstart_seed2,2,warmstart,200,64,1549,4093,0.45538717113445215,16,1549,4093,0.3784510139262155,5,2544,0.006416418152115072,16,5,2544,0.0019654088050314465,5,1549,0.022921781232951445,16,5,1549,0.0032278889606197547,0,0
warmstart_seed2,2,warmstart,200,65,1551,4093,0.45681345080936975,16,1551,4093,0.3789396530662106,11,2544,0.013507805140411454,16,11,2544,0.004323899371069182,9,1549,0.06653857586199947,16,9,1549,0.005810200129115558,2,0
warmstart_seed2,2,warmstart,200,66,1551,4093,0.45690048473578493,16,1551,4093,0.3789396530662106,8,2542,0.005474766572720816,16,8,2542,0.003147128245476003,8,1551,0.004553902886854342,15,8,1551,0.0051579626047711154,0,0
warmstart_seed2,2,warmstart,200,67,1552,4093,0.4573804516477921,16,1552,4093,0.3791839726362082,5,2542,0.0050228896837128546,16,5,2542,0.001966955153422502,4,1551,0.0026974601442686552,15,4,1551,0.0025789813023855577,1,0
warmstart_seed2,2,warmstart,200,68,1555,4093,0.4584281509549736,16,1555,4093,0.3799169313462008,8,2541,0.011767339672568464,16,8,2541,0.003148366784730421,5,1552,0.035620203890059536,15,5,1552,0.0032216494845360823,3,0
warmstart_seed2,2,warmstart,200,69,1559,4093,0.4592442510100741,16,1559,4093,0.3808942096261911,5,2538,0.0029263824698207764,16,5,2538,0.001970055161544523,1,1555,0.0004938271604938272,15,1,1555,0.0006430868167202572,4,0
warmstart_seed2,2,warmstart,200,70,1568,4093,0.46165749303583503,16,1568,4093,0.38309308575616907,14,2534,0.014133680026699354,16,14,2534,0.0055248618784530384,5,1559,0.0031007948373582006,15,5,1559,0.003207184092366902,9,0
warmstart_seed2,2,warmstart,200,71,1573,4093,0.46341755532428,16,1573,4093,0.38431468360615684,7,2525,0.007869861589373785,16,7,2525,0.002772277227722772,2,1568,0.06739130434782609,15,2,1568,0.0012755102040816326,5,0
warmstart_seed2,2,warmstart,200,72,1568,4093,0.4616171175794883,16,1568,4093,0.38309308575616907,6,2520,0.0069538231959450445,16,6,2520,0.002380952380952381,11,1573,0.007191491378697086,14,11,1573,0.006993006993006993,-5,0
warmstart_seed2,2,warmstart,200,73,1576,4093,0.4631426878652212,16,1576,4093,0.3850476423161495,12,2525,0.005901494376711846,16,12,2525,0.004752475247524752,4,1568,0.0027622516457470802,14,4,1568,0.002551020408163265,8,0
warmstart_seed2,2,warmstart,200,74,1580,4093,0.4643292517749275,16,1580,4093,0.38602492059613974,6,2517,0.009253390540926934,16,6,2517,0.0023837902264600714,2,1576,0.0014639438796742166,14,2,1576,0.0012690355329949238,4,0
warmstart_seed2,2,warmstart,200,75,1581,4093,0.4643140479309043,16,1581,4093,0.3862692401661373,6,2513,0.008924438851669061,16,6,2513,0.00238758456028651,5,1580,0.0032365828018458493,14,5,1580,0.0031645569620253164,1,0
warmstart_seed2,2,warmstart,200,76,1591,4093,0.466877414894307,16,1591,4093,0.38871243586611287,13,2512,0.01990875951810021,16,13,2512,0.0051751592356687895,3,1581,0.0021722325293753865,14,3,1581,0.0018975332068311196,10,0
warmstart_seed2,2,warmstart,200,77,1601,4093,0.4697020373631794,16,1601,4093,0.39115563156608846,14,2502,0.031672837440277955,16,14,2502,0.005595523581135092,4,1591,0.0020843619705946895,14,4,1591,0.00251414204902577,10,0
warmstart_seed2,2,warmstart,200,78,1605,4093,0.47059201782152155,16,1605,4093,0.3921329098460787,11,2492,0.016954945638049033,16,11,2492,0.004414125200642055,7,1601,0.004869147773460441,14,7,1601,0.004372267332916927,4,0
warmstart_seed2,2,warmstart,200,79,1616,4093,0.47347535573125354,16,1616,4093,0.3948204251160518,15,2488,0.03456986982387027,16,15,2488,0.006028938906752411,4,1605,0.002931021461060565,14,4,1605,0.0024922118380062306,11,0
warmstart_seed2,2,warmstart,200,80,1635,4093,0.47749774002654544,16,1635,4093,0.3994624969460054,20,2477,0.03043183758844244,16,20,2477,0.008074283407347598,1,1616,0.0008305647840531562,14,1,1616,0.0006188118811881188,19,0
warmstart_seed2,2,warmstart,200,81,1641,4093,0.47849369850034495,16,1641,4093,0.4009284143659907,11,2458,0.03608390411254486,16,11,2458,0.004475183075671277,5,1635,0.0033949579831932773,14,5,1635,0.0030581039755351682,6,0
warmstart_seed2,2,warmstart,200,82,1649,4093,0.48013152999532693,16,1649,4093,0.4028829709259712,11,2452,0.007318359327096283,16,11,2452,0.004486133768352365,3,1641,0.0020804438280166435,14,3,1641,0.0018281535648994515,8,0
warmstart_seed2,2,warmstart,200,83,1651,4093,0.48017991471892685,16,1651,4093,0.4033716100659663,9,2444,0.004886162676789638,16,9,2444,0.0036824877250409165,7,1649,0.004429504568961695,14,7,1649,0.004244996967859308,2,0
warmstart_seed2,2,warmstart,200,84,1657,4093,0.48151030315699195,16,1657,4093,0.40483752748595164,9,2442,0.005848580485015296,16,9,2442,0.0036855036855036856,3,1651,0.0023515047834572604,14,3,1651,0.0018170805572380376,6,0
warmstart_seed2,2,warmstart,200,85,1660,4093,0.4819924985793514,16,1660,4093,0.40557048619594427,5,2436,0.0643296353629171,16,5,2436,0.002052545155993432,2,1657,0.0013392857142857143,14,2,1657,0.0012070006035003018,3,0
warmstart_seed2,2,warmstart,200,86,1668,4093,0.48393028748017913,16,1668,4093,0.40752504275592477,10,2433,0.006013137363118885,15,10,2433,0.004110152075626798,2,1660,0.00100162994899837,14,2,1660,0.0012048192771084338,8,0
warmstart_seed2,2,warmstart,200,87,1665,4093,0.48254516682853776,16,1665,4093,0.4067920840459321,5,2425,0.004502202978607053,15,5,2425,0.002061855670103093,8,1668,0.004700071421830182,14,8,1668,0.004796163069544364,-3,0
warmstart_seed2,2,warmstart,200,88,1670,4093,0.48330301054503777,16,1670,4093,0.40801368189591986,12,2428,0.008184173909445699,15,12,2428,0.004942339373970346,7,1665,0.004636236626077942,14,7,1665,0.004204204204204204,5,0
warmstart_seed2,2,warmstart,200,89,1665,4093,0.4813959562085807,16,1665,4093,0.4067920840459321,4,2423,0.0031871345029239762,15,4,2423,0.0016508460586050352,9,1670,0.0056969872633313,14,9,1670,0.005389221556886228,-5,0
warmstart_seed2,2,warmstart,200,90,1671,4093,0.482590590140901,16,1671,4093,0.4082580014659174,11,2428,0.005681475028102857,15,11,2428,0.004530477759472817,5,1665,0.0038057402640735974,14,5,1665,0.003003003003003003,6,0
warmstart_seed2,2,warmstart,200,91,1675,4093,0.4835113264043728,16,1675,4093,0.4092352797459076,10,2422,0.005853839367832273,15,10,2422,0.004128819157720892,6,1671,0.003816473231878183,14,6,1671,0.003590664272890485,4,0
warmstart_seed2,2,warmstart,200,92,1668,4093,0.481453416159779,16,1668,4093,0.40752504275592477,1,2418,0.0009132420091324201,15,1,2418,0.00041356492969396195,8,1675,0.0058712190961392255,14,8,1675,0.004776119402985075,-7,0
warmstart_seed2,2,warmstart,200,93,1661,4093,0.48029650437794624,16,1661,4093,0.40581480576594187,4,2425,0.005954757152361943,15,4,2425,0.0016494845360824743,11,1668,0.007055771514302553,14,11,1668,0.006594724220623501,-7,0
warmstart_seed2,2,warmstart,200,94,1669,4093,0.4819396804269307,16,1669,4093,0.4077693623259223,13,2432,0.009456578023014589,15,13,2432,0.005345394736842105,5,1661,0.0041489763303128036,14,5,1661,0.0030102347983142685,8,0
warmstart_seed2,2,warmstart,200,95,1661,4093,0.47917591826026035,16,1661,4093,0.40581480576594187,5,2424,0.0028184925099224117,15,5,2424,0.0020627062706270625,13,1669,0.00940284600203035,14,13,1669,0.007789095266626723,-8,0
warmstart_seed2,2,warmstart,200,96,1658,4093,0.4783348725860153,16,1658,4093,0.4050818470559492,7,2432,0.004006223469314339,15,7,2432,0.0028782894736842104,10,1661,0.007064329388255122,14,10,1661,0.006020469596628537,-3,0
warmstart_seed2,2,warmstart,200,97,1660,4093,0.47901057398543134,16,1660,4093,0.40557048619594427,11,2435,0.009092081587158943,15,11,2435,0.004517453798767967,9,1658,0.00669916362342025,14,9,1658,0.005428226779252111,2,0
warmstart_seed2,2,warmstart,200,98,1661,4093,0.47946276317838954,16,1661,4093,0.40581480576594187,8,2433,0.00560889891216099,15,8,2433,0.0032881216605014385,7,1660,0.0057562959617754135,14,7,1660,0.004216867469879518,1,0
warmstart_seed2,2,warmstart,200,99,1654,4093,0.4775944658492807,16,1654,4093,0.40410456877595896,4,2432,0.003311566932920813,15,4,2432,0.001644736842105263,11,1661,0.008310871288763517,14,11,1661,0.006622516556291391,-7,0
warmstart_seed2,2,warmstart,200,100,1651,4093,0.4771340458299232,16,1651,4093,0.4033716100659663,8,2439,0.007892861891554701,15,8,2439,0.003280032800328003,11,1654,0.008694786245597217,14,11,1654,0.006650544135429262,-3,0
warmstart_seed2,2,warmstart,200,101,1645,4093,0.4752161093051456,16,1645,4093,0.4019056926459809,5,2442,0.0035946046166682117,15,5,2442,0.0020475020475020475,11,1651,0.009236542812990753,14,11,1651,0.006662628709872804,-6,0
warmstart_seed2,2,warmstart,200,102,1636,4093,0.4728577284331341,16,1636,4093,0.3997068165160029,7,2448,0.0065533515222956215,15,7,2448,0.0028594771241830064,16,1645,0.010999095443581536,14,16,1645,0.009726443768996961,-9,0
warmstart_seed2,2,warmstart,200,103,1630,4093,0.47206594707488353,16,1630,4093,0.39824089909601756,7,2457,0.00529208225490815,15,7,2457,0.002849002849002849,13,1636,0.010106989113427434,14,13,1636,0.007946210268948655,-6,0
warmstart_seed2,2,warmstart,200,104,1626,4093,0.4708566427485926,16,1626,4093,0.39726362081602734,6,2463,0.004592919586391225,15,6,2463,0.00243605359317905,10,1630,0.008239035665659544,14,10,1630,0.006134969325153374,-4,0
warmstart_seed2,2,warmstart,200,105,1624,4093,0.47068812507038427,16,1624,4093,0.39677498167603226,5,2467,0.003962427465481186,15,5,2467,0.002026753141467369,7,1626,0.004291457682557383,14,7,1626,0.004305043050430504,-2,0
warmstart_seed2,2,warmstart,200,106,1610,4093,0.46728529058606394,16,1610,4093,0.39335450769606645,3,2469,0.0026211625370110643,15,3,2469,0.001215066828675577,17,1624,0.010908479506625953,14,17,1624,0.010467980295566502,-14,0
warmstart_seed2,2,warmstart,200,107,1601,4093,0.46497929054366993,16,1601,4093,0.39115563156608846,5,2483,0.006186691268658481,15,5,2483,0.002013693113169553,14,1610,0.011663869428736994,14,14,1610,0.008695652173913044,-9,0
warmstart_seed2,2,warmstart,200,108,1593,4093,0.463428095999063,16,1593,4093,0.389201075006108,3,2492,0.004691955878396556,15,3,2492,0.001203852327447833,11,1601,0.009488520865451476,14,11,1601,0.006870705808869456,-8,0
warmstart_seed2,2,warmstart,200,109,1589,4093,0.4622120389321889,16,1589,4093,0.3882237967261178,7,2500,0.004094748865546828,15,7,2500,0.0028,11,1593,0.007456561181303694,14,11,1593,0.006905210295040804,-4,0
warmstart_seed2,2,warmstart,200,110,1585,4093,0.4618841060993366,16,1585,4093,0.3872465184461275,4,2504,0.0029113955560866084,15,4,2504,0.001597444089456869,8,1589,0.007131306296062274,14,8,1589,0.005034612964128383,-4,0
warmstart_seed2,2,warmstart,200,111,1578,4093,0.46088659366039963,16,1578,4093,0.38553628145614466,4,2508,0.005465655288664138,15,4,2508,0.001594896331738437,11,1585,0.00938301528116051,14,11,1585,0.00694006309148265,-7,0
warmstart_seed2,2,warmstart,200,112,1575,4093,0.4604772181326056,16,1575,4093,0.384803322746152,6,2515,0.006666159946496204,15,6,2515,0.002385685884691849,9,1578,0.007644455754384982,14,9,1578,0.005703422053231939,-3,0
warmstart_seed2,2,warmstart,200,113,1572,4093,0.4601380864109061,16,1572,4093,0.3840703640361593,5,2518,0.006833293278859248,15,5,2518,0.0019857029388403494,8,1575,0.004691021765088025,14,8,1575,0.005079365079365079,-3,0
warmstart_seed2,2,warmstart,200,114,1566,4093,0.4582140550822283,16,1566,4093,0.38260444661617393,4,2521,0.006490111195993549,15,4,2521,0.0015866719555731853,10,1572,0.009307196081999434,14,10,1572,0.006361323155216285,-6,0
warmstart_seed2,2,warmstart,200,115,1564,4093,0.45821003339362837,16,1564,4093,0.38211580747617885,8,2527,0.012806881368433554,15,8,2527,0.0031658092599920855,10,1566,0.009267902594360809,14,10,1566,0.006385696040868455,-2,0
warmstart_seed2,2,warmstart,200,116,1564,4093,0.45871945739275544,16,1564,4093,0.38211580747617885,7,2529,0.009227825989984551,15,7,2529,0.00276789244760775,7,1564,0.006013815553981991,14,7,1564,0.004475703324808184,0,0
warmstart_seed2,2,warmstart,200,117,1559,4093,0.4571934324277267,16,1559,4093,0.3808942096261911,3,2529,0.0017227061446885297,15,3,2529,0.0011862396204033216,8,1564,0.007541102439725912,14,8,1564,0.005115089514066497,-5,0
warmstart_seed2,2,warmstart,200,118,1555,4093,0.4570697515778545,16,1555,4093,0.3799169313462008,7,2534,0.01967032967032967,15,7,2534,0.0027624309392265192,11,1559,0.007831179620612114,14,11,1559,0.007055805003207184,-4,0
warmstart_seed2,2,warmstart,200,119,1555,4093,0.456757175445675,16,1555,4093,0.3799169313462008,8,2538,0.010819748329459051,15,8,2538,0.0031520882584712374,8,1555,0.005307231934627087,14,8,1555,0.005144694533762058,0,0
warmstart_seed2,2,warmstart,200,120,1549,4093,0.45537102173924854,16,1549,4093,0.3784510139262155,2,2538,0.0018127218127218126,15,2,2538,0.0007880220646178094,8,1555,0.006475594816378952,14,8,1555,0.005144694533762058,-6,0
warmstart_seed2,2,warmstart,200,121,1539,4093,0.45242494723280036,16,1539,4093,0.3760078182262399,3,2544,0.007482321030708128,15,3,2544,0.0011792452830188679,13,1549,0.011523304701781123,14,13,1549,0.008392511297611363,-10,0
warmstart_seed2,2,warmstart,200,122,1531,4093,0.4502767009288869,16,1531,4093,0.37405326166625946,3,2554,0.007465824260544179,15,3,2554,0.0011746280344557558,11,1539,0.00788589321296678,14,11,1539,0.007147498375568551,-8,0
warmstart_seed2,2,warmstart,200,123,1525,4093,0.44862936576323253,16,1525,4093,0.3725873442462741,6,2562,0.0079030916714958,15,6,2562,0.00234192037470726,12,1531,0.011734978936894772,14,12,1531,0.007838014369693011,-6,0
warmstart_seed2,2,warmstart,200,124,1521,4093,0.44770216039912486,16,1521,4093,0.3716100659662839,6,2568,0.00848970375226083,15,6,2568,0.002336448598130841,10,1525,0.008480677711830219,14,10,1525,0.006557377049180328,-4,0
warmstart_seed2,2,warmstart,200,125,1507,4093,0.444067659903568,16,1507,4093,0.3681895919863181,2,2572,0.0015138426097330204,15,2,2572,0.0007776049766718507,16,1521,0.014192988900978278,14,16,1521,0.01051939513477975,-14,0
warmstart_seed2,2,warmstart,200,126,1495,4093,0.4411774774764786,16,1495,4093,0.3652577571463474,2,2586,0.0012012012012012011,15,2,2586,0.0007733952049497294,14,1507,0.013448532245669989,14,14,1507,0.0092899800928998,-12,0
warmstart_seed2,2,warmstart,200,127,1488,4093,0.43960106853992054,16,1488,4093,0.36354752015636455,5,2598,0.0048484848484848485,15,5,2598,0.001924557351809084,12,1495,0.011841300978203231,14,12,1495,0.008026755852842809,-7,0
warmstart_seed2,2,warmstart,200,128,1488,4093,0.43987528695188494,16,1488,4093,0.36354752015636455,10,2605,0.011237405456985955,15,10,2605,0.003838771593090211,10,1488,0.00866987955767798,14,10,1488,0.006720430107526882,0,0
warmstart_seed2,2,warmstart,300,0,0,4093,0.0,16,0,4093,0.0,,,,,,,,,,,,,,,,
warmstart_seed2,2,warmstart,300,1,22,4093,0.006159333413832914,16,22,4093,0.005375030539946249,22,4093,0.006159333413832914,16,22,4093,0.005375030539946249,0,0,,0,0,0,,22,0
warmstart_seed2,2,warmstart,300,2,150,4093,0.041671023181962044,16,150,4093,0.03664793549963352,132,4071,0.03690948786633749,16,132,4071,0.032424465733235076,4,22,0.14583333333333334,16,4,22,0.18181818181818182,128,0
warmstart_seed2,2,warmstart,300,3,287,4093,0.07935288946783345,16,287,4093,0.0701197165892988,157,3943,0.04586069995595421,16,157,3943,0.039817397920365205,20,150,0.16041666666666665,16,20,150,0.13333333333333333,137,0
warmstart_seed2,2,warmstart,300,4,422,4093,0.11828356993599101,16,422,4093,0.10310285853896897,147,3806,0.046289696988218595,16,147,3806,0.03862322648449816,12,287,0.040794243220230064,16,12,287,0.041811846689895474,135,0
warmstart_seed2,2,warmstart,300,5,563,4093,0.15690384337100888,16,563,4093,0.13755191790862448,147,3671,0.04671456725235654,16,147,3671,0.040043584854263146,6,422,0.014978593112717835,16,6,422,0.014218009478672985,141,0
warmstart_seed2,2,warmstart,300,6,683,4093,0.19063484633336922,16,683,4093,0.1668702663083313,128,3530,0.04441758248530538,16,128,3530,0.036260623229461754,8,563,0.014945598396215244,16,8,563,0.014209591474245116,120,0
warmstart_seed2,2,warmstart,300,7,788,4093,0.2209786651666661,16,788,4093,0.19252382115807476,114,3410,0.044054841590501326,16,114,3410,0.03343108504398827,9,683,0.013088122902705042,16,9,683,0.013177159590043924,105,0
warmstart_seed2,2,warmstart,300,8,867,4093,0.24419787580041818,16,867,4093,0.21182506718788174,88,3305,0.03618191610479967,16,88,3305,0.026626323751891074,9,788,0.0106378005980474,16,9,788,0.011421319796954314,79,0
warmstart_seed2,2,warmstart,300,9,946,4093,0.26617254625874415,16,946,4093,0.23112631321768873,89,3226,0.036349682470125405,16,89,3226,0.02758834469931804,10,867,0.011109985088636134,16,10,867,0.011534025374855825,79,0
warmstart_seed2,2,warmstart,300,10,1001,4093,0.28231012106908493,16,1001,4093,0.24456388956755437,67,3147,0.030108636984136974,16,67,3147,0.02129011757229107,12,946,0.012360336970099901,16,12,946,0.012684989429175475,55,0
warmstart_seed2,2,warmstart,300,11,1072,4093,0.3024773697694001,16,1072,4093,0.2619105790373809,78,3092,0.0342906626308895,16,78,3092,0.025226390685640362,7,1001,0.006391287281067915,16,7,1001,0.006993006993006993,71,0
warmstart_seed2,2,warmstart,300,12,1105,4093,0.31310731661266766,16,1105,4093,0.2699731248473003,52,3021,0.027925121578941822,16,52,3021,0.017212843429328037,19,1072,0.016810093254672892,16,19,1072,0.017723880597014924,33,0
warmstart_seed2,2,warmstart,300,13,1153,4093,0.3262943390734289,16,1153,4093,0.281700464207183,59,2988,0.028403387333908223,16,59,2988,0.019745649263721552,11,1105,0.00831840643247327,16,11,1105,0.009954751131221719,48,0
warmstart_seed2,2,warmstart,300,14,1200,4093,0.3389267459934757,16,1200,4093,0.2931834839970682,57,2940,0.02863093386111292,16,57,2940,0.019387755102040816,10,1153,0.007648628424306779,16,10,1153,0.008673026886383347,47,0
warmstart_seed2,2,warmstart,300,15,1249,4093,0.35378603031845113,16,1249,4093,0.30515514292694845,59,2893,0.03512796812194703,16,59,2893,0.020394054614586935,10,1200,0.006427377734564214,16,10,1200,0.008333333333333333,49,0
warmstart_seed2,2,warmstart,300,16,1294,4093,0.3664019266123027,16,1294,4093,0.3161495235768385,57,2844,0.032555954129274464,16,57,2844,0.020042194092827006,12,1249,0.00785246170982122,16,12,1249,0.009607686148919135,45,0
warmstart_seed2,2,warmstart,300,17,1331,4093,0.37671525996909483,16,1331,4093,0.3251893476667481,50,2799,0.027917411047531652,16,50,2799,0.01786352268667381,13,1294,0.008594884853598517,16,13,1294,0.010046367851622875,37,0
warmstart_seed2,2,warmstart,300,18,1376,4093,0.38848516041808767,16,1376,4093,0.3361837283166382,53,2762,0.029486478932441162,16,53,2762,0.019188993482983346,8,1331,0.004889196353158322,16,8,1331,0.006010518407212622,45,0
warmstart_seed2,2,warmstart,300,19,1398,4093,0.3952262441765173,16,1398,4093,0.34155875885658443,33,2717,0.02354607109543214,16,33,2717,0.012145748987854251,11,1376,0.007889838971283567,16,11,1376,0.007994186046511628,22,0
warmstart_seed2,2,warmstart,300,20,1423,4093,0.40299511500969,16,1423,4093,0.3476667481065233,31,2695,0.02342272941892341,16,31,2695,0.01150278293135436,6,1398,0.0036296969520415155,16,6,1398,0.004291845493562232,25,0
warmstart_seed2,2,warmstart,300,21,1441,4093,0.4081490595087286,16,1441,4093,0.35206450036647935,26,2670,0.021049684560581414,16,26,2670,0.009737827715355805,8,1423,0.005163322560696969,16,8,1423,0.005621925509486999,18,0
warmstart_seed2,2,warmstart,300,22,1463,4093,0.41427807652214643,16,1463,4093,0.3574395309064256,26,2652,0.022372470288538844,16,26,2652,0.00980392156862745,4,1441,0.002320656656170257,16,4,1441,0.002775850104094379,22,0
warmstart_seed2,2,warmstart,300,23,1484,4093,0.420576026496977,16,1484,4093,0.3625702418763743,25,2630,0.018264050283093372,16,25,2630,0.009505703422053232,4,1463,0.002013571790969051,16,4,1463,0.002734107997265892,21,0
warmstart_seed2,2,warmstart,300,24,1506,4093,0.4266427564076546,16,1506,4093,0.3679452724163205,25,2609,0.017955889404050518,16,25,2609,0.009582215408202376,3,1484,0.0023262365984405456,16,3,1484,0.0020215633423180594,22,0
warmstart_seed2,2,warmstart,300,25,1525,4093,0.43079079096117645,16,1525,4093,0.3725873442462741,21,2587,0.009103644278235654,16,21,2587,0.008117510630073444,2,1506,0.0010129593175853017,16,2,1506,0.0013280212483399733,19,0
warmstart_seed2,2,warmstart,300,26,1554,4093,0.43770372704212435,16,1554,4093,0.37967261177620326,30,2568,0.01637922399180543,16,30,2568,0.011682242990654205,1,1525,0.0008333333333333334,16,1,1525,0.0006557377049180328,29,0
warmstart_seed2,2,warmstart,300,27,1564,4093,0.4403272985510759,16,1564,4093,0.38211580747617885,12,2539,0.006505305537826909,16,12,2539,0.004726270185112249,2,1554,0.0007621951219512195,16,2,1554,0.001287001287001287,10,0
warmstart_seed2,2,warmstart,300,28,1580,4093,0.4453716830686326,16,1580,4093,0.38602492059613974,20,2529,0.018386227112276117,16,20,2529,0.007908264136022143,4,1564,0.001768292682926829,16,4,1564,0.0025575447570332483,16,0
warmstart_seed2,2,warmstart,300,29,1588,4093,0.4479049237182907,16,1588,4093,0.3879794771561202,12,2513,0.008707615351190195,16,12,2513,0.00477516912057302,4,1580,0.0017583689458689458,16,4,1580,0.002531645569620253,8,0
warmstart_seed2,2,warmstart,300,30,1600,4093,0.45175525189087634,16,1600,4093,0.39091131199609086,17,2505,0.01608591860161586,16,17,2505,0.006786427145708583,5,1588,0.00261501008511111,16,5,1588,0.0031486146095717885,12,0
warmstart_seed2,2,warmstart,300,31,1612,4093,0.4553609341261557,16,1612,4093,0.3938431468360616,16,2493,0.013554876855689992,16,16,2493,0.006417970316887284,4,1600,0.002125844594594595,16,4,1600,0.0025,12,0
warmstart_seed2,2,warmstart,300,32,1630,4093,0.4609559907862865,16,1630,4093,0.39824089909601756,22,2481,0.017912107714067975,16,22,2481,0.00886739218057235,4,1612,0.0016645962732919255,16,4,1612,0.0024813895781637717,18,0
warmstart_seed2,2,warmstart,300,33,1643,4093,0.4644881817284325,16,1643,4093,0.40141705350598583,18,2463,0.01213325167443543,16,18,2463,0.007308160779537149,5,1630,0.002944899303594956,16,5,1630,0.003067484662576687,13,0
warmstart_seed2,2,warmstart,300,34,1663,4093,0.46967732050750644,16,1663,4093,0.40630344490593695,22,2450,0.01586437954589503,16,22,2450,0.008979591836734694,2,1643,0.001443001443001443,16,2,1643,0.0012172854534388314,20,0
warmstart_seed2,2,warmstart,300,35,1683,4093,0.47493612891170955,16,1683,4093,0.4111898363058881,22,2430,0.015543836622883972,16,22,2430,0.00905349794238683,2,1663,0.0013004828797190519,16,2,1663,0.0012026458208057728,20,0
warmstart_seed2,2,warmstart,300,36,1693,4093,0.47735770274522804,16,1693,4093,0.41363303200586365,13,2410,0.008345045558743852,16,13,2410,0.0053941908713692945,3,1683,0.0017764210693911476,16,3,1683,0.0017825311942959,10,0
warmstart_seed2,2,warmstart,300,37,1712,4093,0.4823283961468507,16,1712,4093,0.41827510383581723,21,2400,0.01571785859268369,16,21,2400,0.00875,2,1693,0.0007481953973699257,16,2,1693,0.0011813349084465446,19,0
warmstart_seed2,2,warmstart,300,38,1728,4093,0.48687267993631794,16,1728,4093,0.4221842169557782,18,2381,0.018468182263009773,16,18,2381,0.007559848803023939,2,1712,0.0012834821428571429,16,2,1712,0.0011682242990654205,16,0
warmstart_seed2,2,warmstart,300,39,1744,4093,0.49114616664061717,16,1744,4093,0.4260933300757391,18,2365,0.01784496868733079,16,18,2365,0.007610993657505285,2,1728,0.0008803247420159436,16,2,1728,0.0011574074074074073,16,0
warmstart_seed2,2,warmstart,300,40,1753,4093,0.49406222065379624,16,1753,4093,0.42829220620571706,12,2349,0.013410763684249165,16,12,2349,0.005108556832694764,3,1744,0.0016111064205035835,16,3,1744,0.0017201834862385322,9,0
warmstart_seed2,2,warmstart,300,41,1761,4093,0.49565020949726624,16,1761,4093,0.4302467627656975,9,2340,0.006391913507762956,16,9,2340,0.0038461538461538464,1,1753,0.0004921259842519685,16,1,1753,0.0005704506560182544,8,0
warmstart_seed2,2,warmstart,300,42,1767,4093,0.49783666525216475,16,1767,4093,0.4317126801856829,9,2332,0.008822474155026395,16,9,2332,0.0038593481989708405,3,1761,0.0015961196522863608,16,3,1761,0.0017035775127768314,6,0
warmstart_seed2,2,warmstart,300,43,1781,4093,0.5013792677553298,16,1781,4093,0.4351331541656487,14,2326,0.015967350417764106,16,14,2326,0.0060189165950128975,0,1767,0.0,16,0,1767,0.0,14,0
warmstart_seed2,2,warmstart,300,44,1792,4093,0.5044325930181639,16,1792,4093,0.4378206694356218,13,2312,0.013165265127795173,16,13,2312,0.005622837370242215,2,1781,0.0012085137085137085,16,2,1781,0.0011229646266142617,11,0
warmstart_seed2,2,warmstart,300,45,1805,4093,0.5077021481355531,16,1805,4093,0.44099682384559,13,2301,0.011911222326588072,16,13,2301,0.005649717514124294,0,1792,0.0,16,0,1792,0.0,13,0
warmstart_seed2,2,warmstart,300,46,1815,4093,0.5108210985872876,16,1815,4093,0.4434400195455656,12,2288,0.019796637404957913,16,12,2288,0.005244755244755245,2,1805,0.00119625520110957,16,2,1805,0.00110803324099723,10,0
warmstart_seed2,2,warmstart,300,47,1824,4093,0.5129045884633299,16,1824,4093,0.4456388956755436,9,2278,0.005398340324409173,16,9,2278,0.003950834064969272,0,1815,0.0,16,0,1815,0.0,9,0
warmstart_seed2,2,warmstart,300,48,1833,4093,0.515575978434339,16,1833,4093,0.44783777180552164,9,2269,0.01837761626828198,16,9,2269,0.003966505068312032,0,1824,0.0,16,0,1824,0.0,9,0
warmstart_seed2,2,warmstart,300,49,1842,4093,0.5188344472181667,16,1842,4093,0.45003664793549963,11,2260,0.028133971064085227,16,11,2260,0.0048672566371681415,2,1833,0.0005952380952380953,16,2,1833,0.0010911074740861974,9,0
warmstart_seed2,2,warmstart,300,50,1849,4093,0.5209282327199389,16,1849,4093,0.45174688492548254,9,2251,0.030081767442625106,16,9,2251,0.003998223011994669,2,1842,0.0005952380952380953,16,2,1842,0.0010857763300760044,7,0
warmstart_seed2,2,warmstart,300,51,1854,4093,0.5223548631547215,16,1854,4093,0.4529684827754703,8,2244,0.004348179855542034,16,8,2244,0.0035650623885918,3,1849,0.0012644600723640627,16,3,1849,0.0016224986479177934,5,0
warmstart_seed2,2,warmstart,300,52,1871,4093,0.5271855631075757,16,1871,4093,0.4571219154654288,17,2239,0.038632421547158166,16,17,2239,0.007592675301473872,0,1854,0.0,16,0,1854,0.0,17,0
warmstart_seed2,2,warmstart,300,53,1885,4093,0.5316486358369761,16,1885,4093,0.46054238944539455,15,2222,0.04889512070760857,16,15,2222,0.0067506750675067504,1,1871,0.00029069767441860465,16,1,1871,0.0005344735435595938,14,0
warmstart_seed2,2,warmstart,300,54,1896,4093,0.5341003206868251,16,1896,4093,0.4632299047153677,11,2208,0.06684616056184298,16,11,2208,0.004981884057971014,0,1885,0.0,16,0,1885,0.0,11,0
warmstart_seed2,2,warmstart,300,55,1904,4093,0.5367036294313232,16,1904,4093,0.4651844612753482,9,2197,0.009592533250707073,15,9,2197,0.004096495220755576,1,1896,0.0002828054298642534,16,1,1896,0.0005274261603375527,8,0
warmstart_seed2,2,warmstart,300,56,1912,4093,0.5384739890672052,16,1912,4093,0.46713901783532863,8,2189,0.005006890507692648,15,8,2189,0.003654636820465966,0,1904,0.0,16,0,1904,0.0,8,0
warmstart_seed2,2,warmstart,300,57,1927,4093,0.5419396702953274,16,1927,4093,0.470803811385292,15,2181,0.008280528247841173,15,15,2181,0.0068775790921595595,0,1912,0.0,16,0,1912,0.0,15,0
warmstart_seed2,2,warmstart,300,58,1935,4093,0.5439700313240531,16,1935,4093,0.47275836794527243,8,2166,0.008112204259631635,15,8,2166,0.003693444136657433,0,1927,0.0,16,0,1927,0.0,8,0
warmstart_seed2,2,warmstart,300,59,1945,4093,0.5468484289868143,16,1945,4093,0.47520156364524796,10,2158,0.009894691351866236,15,10,2158,0.004633920296570899,0,1935,0.0,16,0,1935,0.0,10,0
warmstart_seed2,2,warmstart,300,60,1957,4093,0.5504106644087127,16,1957,4093,0.4781333984852187,12,2148,0.014210238138022711,15,12,2148,0.00558659217877095,0,1945,0.0,16,0,1945,0.0,12,0
warmstart_seed2,2,warmstart,300,61,1968,4093,0.5540011509371553,16,1968,4093,0.4808209137551918,11,2136,0.019623267706931267,15,11,2136,0.005149812734082397,0,1957,0.0,16,0,1957,0.0,11,0
warmstart_seed2,2,warmstart,300,62,1971,4093,0.5551018135019206,16,1971,4093,0.48155387246518444,3,2125,0.006508580443671722,15,3,2125,0.001411764705882353,0,1968,0.0,16,0,1968,0.0,3,0
warmstart_seed2,2,warmstart,300,63,1974,4093,0.5561063192618612,16,1974,4093,0.4822868311751771,3,2122,0.006678592725104353,15,3,2122,0.001413760603204524,0,1971,0.0,16,0,1971,0.0,3,0
warmstart_seed2,2,warmstart,300,64,1978,4093,0.5572066512756229,16,1978,4093,0.48326410945516735,4,2119,0.002617386192265419,15,4,2119,0.0018876828692779614,0,1974,0.0,16,0,1974,0.0,4,0
warmstart_seed2,2,warmstart,300,65,1978,4093,0.5572066512756229,16,1978,4093,0.48326410945516735,0,2115,0.0,15,0,2115,0.0,0,1978,0.0,16,0,1978,0.0,0,0
warmstart_seed2,2,warmstart,300,66,1983,4093,0.5590726891655461,16,1983,4093,0.48448570730515517,5,2115,0.017617482877390237,15,5,2115,0.002364066193853428,0,1978,0.0,16,0,1978,0.0,5,0
warmstart_seed2,2,warmstart,300,67,1992,4093,0.5620906885616526,16,1992,4093,0.48668458343513316,9,2110,0.02648422150352148,15,9,2110,0.0042654028436018955,0,1983,0.0,16,0,1983,0.0,9,0
warmstart_seed2,2,warmstart,300,68,2006,4093,0.5657724255048866,16,2006,4093,0.49010505741509897,15,2101,0.03702144149297432,15,15,2101,0.007139457401237506,1,1992,0.0004496402877697842,16,1,1992,0.000502008032128514,14,0
warmstart_seed2,2,warmstart,300,69,2013,4093,0.5682841952878793,16,2013,4093,0.49181529440508187,8,2087,0.05443070061446151,15,8,2087,0.003833253473885961,1,2006,0.0004464285714285714,16,1,2006,0.0004985044865403788,7,0
warmstart_seed2,2,warmstart,300,70,2020,4093,0.5703828512527787,16,2020,4093,0.4935255313950647,7,2080,0.05670351439427744,15,7,2080,0.0033653846153846156,0,2013,0.0,16,0,2013,0.0,7,0
warmstart_seed2,2,warmstart,300,71,2022,4093,0.5710854246455696,16,2022,4093,0.49401417053505986,2,2073,0.06752136752136752,15,2,2073,0.000964785335262904,0,2020,0.0,16,0,2020,0.0,2,0
warmstart_seed2,2,warmstart,300,72,2026,4093,0.5721929881877824,16,2026,4093,0.4949914488150501,4,2071,0.005199686596275082,14,4,2071,0.001931434089811685,0,2022,0.0,16,0,2022,0.0,4,0
warmstart_seed2,2,warmstart,300,73,2032,4093,0.5733104323448701,16,2032,4093,0.49645736623503545,6,2067,0.0023497633005580315,14,6,2067,0.002902757619738752,0,2026,0.0,16,0,2026,0.0,6,0
warmstart_seed2,2,warmstart,300,74,2036,4093,0.5745442342918023,16,2036,4093,0.49743464451502567,4,2061,0.012867522533122263,14,4,2061,0.0019408054342552159,0,2032,0.0,16,0,2032,0.0,4,0
warmstart_seed2,2,warmstart,300,75,2039,4093,0.5752575533723655,16,2039,4093,0.49816760322501835,3,2057,0.0015582110036997255,14,3,2057,0.0014584346135148275,0,2036,0.0,16,0,2036,0.0,3,0
warmstart_seed2,2,warmstart,300,76,2043,4093,0.5764438840378661,16,2043,4093,0.4991448815050086,4,2054,0.005558709906181525,14,4,2054,0.0019474196689386564,0,2039,0.0,16,0,2039,0.0,4,0
warmstart_seed2,2,warmstart,300,77,2048,4093,0.577773490843148,16,2048,4093,0.5003664793549963,6,2050,0.018576087942174437,14,6,2050,0.002926829268292683,1,2043,0.0006578947368421052,16,1,2043,0.0004894762604013706,5,0
warmstart_seed2,2,warmstart,300,78,2053,4093,0.5792678115834342,16,2053,4093,0.5015880772049841,5,2045,0.0068569899870060385,14,5,2045,0.0024449877750611247,0,2048,0.0,16,0,2048,0.0,5,0
warmstart_seed2,2,warmstart,300,79,2055,4093,0.5797006570518306,16,2055,4093,0.5020767163449792,2,2040,0.0007766907961177024,14,2,2040,0.000980392156862745,0,2053,0.0,16,0,2053,0.0,2,0
warmstart_seed2,2,warmstart,300,80,2062,4093,0.5816774515974992,16,2062,4093,0.5037869533349622,7,2038,0.03413424810483634,14,7,2038,0.0034347399411187437,0,2055,0.0,16,0,2055,0.0,7,0
warmstart_seed2,2,warmstart,300,81,2067,4093,0.5830798514664643,16,2067,4093,0.5050085511849499,5,2031,0.007631383028388472,14,5,2031,0.002461841457410143,0,2062,0.0,16,0,2062,0.0,5,0
warmstart_seed2,2,warmstart,300,82,2070,4093,0.5841656754747244,16,2070,4093,0.5057415098949426,3,2026,0.006892452075836963,14,3,2026,0.0014807502467917078,0,2067,0.0,16,0,2067,0.0,3,0
warmstart_seed2,2,warmstart,300,83,2078,4093,0.5861667218302773,16,2078,4093,0.507696066454923,8,2023,0.00985157541403881,14,8,2023,0.003954522985664854,0,2070,0.0,16,0,2070,0.0,8,0
warmstart_seed2,2,warmstart,300,84,2082,4093,0.5875544782056872,16,2082,4093,0.5086733447349132,4,2015,0.008706282008389738,14,4,2015,0.0019851116625310174,0,2078,0.0,16,0,2078,0.0,4,0
warmstart_seed2,2,warmstart,300,85,2088,4093,0.5891508143208701,16,2088,4093,0.5101392621548986,6,2011,0.005787341686057387,14,6,2011,0.0029835902536051715,0,2082,0.0,16,0,2082,0.0,6,0
warmstart_seed2,2,warmstart,300,86,2092,4093,0.590065733894226,16,2092,4093,0.5111165404348889,4,2005,0.024799923980348856,14,4,2005,0.00199501246882793,0,2088,0.0,16,0,2088,0.0,4,0
warmstart_seed2,2,warmstart,300,87,2100,4093,0.5921880523027012,16,2100,4093,0.5130710969948693,8,2001,0.015620430057142412,14,8,2001,0.00399800099950025,0,2092,0.0,16,0,2092,0.0,8,0
warmstart_seed2,2,warmstart,300,88,2107,4093,0.5942451224150417,16,2107,4093,0.5147813339848522,7,1993,0.02510394782913165,14,7,1993,0.0035122930255895636,0,2100,0.0,16,0,2100,0.0,7,0
warmstart_seed2,2,warmstart,300,89,2111,4093,0.5951255129297431,16,2111,4093,0.5157586122648424,4,1986,0.0021815284496160443,14,4,1986,0.002014098690835851,0,2107,0.0,16,0,2107,0.0,4,0
warmstart_seed2,2,warmstart,300,90,2116,4093,0.5965089221383467,16,2116,4093,0.5169802101148302,5,1982,0.0385281995172105,14,5,1982,0.0025227043390514633,0,2111,0.0,16,0,2111,0.0,5,0
warmstart_seed2,2,warmstart,300,91,2123,4093,0.5984776185865577,16,2123,4093,0.518690447104813,7,1977,0.00637006814123571,14,7,1977,0.0035407182599898838,0,2116,0.0,16,0,2116,0.0,7,0
warmstart_seed2,2,warmstart,300,92,2127,4093,0.5997503103032431,16,2127,4093,0.5196677253848033,4,1970,0.004021608643457382,14,4,1970,0.0020304568527918783,0,2123,0.0,16,0,2123,0.0,4,0
warmstart_seed2,2,warmstart,300,93,2131,4093,0.6004242565768952,16,2131,4093,0.5206450036647936,4,1966,0.0013362081595695656,14,4,1966,0.002034587995930824,0,2127,0.0,16,0,2127,0.0,4,0
warmstart_seed2,2,warmstart,300,94,2134,4093,0.6010372574100595,16,2134,4093,0.5213779623747862,3,1962,0.0018952866698261803,14,3,1962,0.0015290519877675841,0,2131,0.0,16,0,2131,0.0,3,0
warmstart_seed2,2,warmstart,300,95,2143,4093,0.6041378042919081,16,2143,4093,0.5235768385047642,9,1959,0.08938348173249114,14,9,1959,0.004594180704441042,0,2134,0.0,16,0,2134,0.0,9,0
warmstart_seed2,2,warmstart,300,96,2151,4093,0.6068010566441172,16,2151,4093,0.5255313950647447,8,1950,0.023673706449626183,13,8,1950,0.0041025641025641026,0,2143,0.0,16,0,2143,0.0,8,0
warmstart_seed2,2,warmstart,300,97,2158,4093,0.6087323681183557,16,2158,4093,0.5272416320547276,7,1942,0.007248055710574122,13,7,1942,0.003604531410916581,0,2151,0.0,16,0,2151,0.0,7,0
warmstart_seed2,2,warmstart,300,98,2164,4093,0.6104797247726101,16,2164,4093,0.5287075494747129,7,1935,0.009791977591619809,13,7,1935,0.0036175710594315244,1,2158,0.00024509803921568627,16,1,2158,0.0004633920296570899,6,0
warmstart_seed2,2,warmstart,300,99,2173,4093,0.6126496170855467,16,2173,4093,0.5309064256046909,9,1929,0.009362143682188994,13,9,1929,0.004665629860031105,0,2164,0.0,16,0,2164,0.0,9,0
warmstart_seed2,2,warmstart,300,100,2179,4093,0.6141116563269011,16,2179,4093,0.5323723430246763,6,1920,0.006410953384144145,13,6,1920,0.003125,0,2173,0.0,16,0,2173,0.0,6,0
warmstart_seed2,2,warmstart,300,101,2182,4093,0.6148885748704753,16,2182,4093,0.533105301734669,3,1914,0.0024473692886474445,13,3,1914,0.001567398119122257,0,2179,0.0,16,0,2179,0.0,3,0
warmstart_seed2,2,warmstart,300,102,2185,4093,0.6157631774151862,16,2185,4093,0.5338382604446616,3,1911,0.0038510772381740123,13,3,1911,0.0015698587127158557,0,2182,0.0,16,0,2182,0.0,3,0
warmstart_seed2,2,warmstart,300,103,2186,4093,0.6160235940818528,16,2186,4093,0.5340825800146591,1,1908,0.0019230769230769232,13,1,1908,0.0005241090146750524,0,2185,0.0,16,0,2185,0.0,1,0
warmstart_seed2,2,warmstart,300,104,2187,4093,0.6161981750874395,16,2187,4093,0.5343268995846567,1,1907,0.0003114294612270321,13,1,1907,0.0005243838489774515,0,2186,0.0,16,0,2186,0.0,1,0
warmstart_seed2,2,warmstart,300,105,2189,4093,0.6166110307784963,16,2189,4093,0.5348155387246518,2,1906,0.0024718870872717028,13,2,1906,0.001049317943336831,0,2187,0.0,16,0,2187,0.0,2,0
warmstart_seed2,2,warmstart,300,106,2193,4093,0.6178378478356679,16,2193,4093,0.5357928170046421,5,1904,0.004747285235090113,13,5,1904,0.0026260504201680674,1,2189,0.00024319066147859923,16,1,2189,0.00045682960255824577,4,0
warmstart_seed2,2,warmstart,300,107,2199,4093,0.6191111631029859,16,2199,4093,0.5372587344246275,6,1900,0.0037319310851979736,13,6,1900,0.003157894736842105,0,2193,0.0,16,0,2193,0.0,6,0
warmstart_seed2,2,warmstart,300,108,2206,4093,0.6209947350291256,16,2206,4093,0.5389689714146103,7,1894,0.019595084479406312,13,7,1894,0.003695881731784583,0,2199,0.0,16,0,2199,0.0,7,0
warmstart_seed2,2,warmstart,300,109,2211,4093,0.622183955918475,16,2211,4093,0.5401905692645981,5,1887,0.022333805353685215,13,5,1887,0.002649708532061473,0,2206,0.0,16,0,2206,0.0,5,0
warmstart_seed2,2,warmstart,300,110,2216,4093,0.6234991159555752,16,2216,4093,0.5414121671145858,5,1882,0.02886419287563078,13,5,1882,0.002656748140276302,0,2211,0.0,16,0,2211,0.0,5,0
warmstart_seed2,2,warmstart,300,111,2220,4093,0.6242569074083728,16,2220,4093,0.5423894453945761,5,1877,0.0018459089151034286,13,5,1877,0.002663825253063399,1,2216,0.00024224806201550387,16,1,2216,0.0004512635379061372,4,0
warmstart_seed2,2,warmstart,300,112,2225,4093,0.6250769760332191,16,2225,4093,0.5436110432445639,5,1873,0.0019359860982711167,13,5,1873,0.0026695141484249867,0,2220,0.0,16,0,2220,0.0,5,0
warmstart_seed2,2,warmstart,300,113,2229,4093,0.6262693644063556,16,2229,4093,0.5445883215245542,4,1868,0.041401510922555916,13,4,1868,0.0021413276231263384,0,2225,0.0,16,0,2225,0.0,4,0
warmstart_seed2,2,warmstart,300,114,2231,4093,0.6269174535783302,16,2231,4093,0.5450769606645492,2,1864,0.002482166955851166,13,2,1864,0.001072961373390558,0,2229,0.0,16,0,2229,0.0,2,0
warmstart_seed2,2,warmstart,300,115,2238,4093,0.6285022245996303,16,2238,4093,0.5467871976545321,7,1862,0.07979811759214508,13,7,1862,0.0037593984962406013,0,2231,0.0,16,0,2231,0.0,7,0
warmstart_seed2,2,warmstart,300,116,2242,4093,0.6292778318423629,16,2242,4093,0.5477644759345224,4,1855,0.003259857061939346,12,4,1855,0.00215633423180593,0,2238,0.0,16,0,2238,0.0,4,0
warmstart_seed2,2,warmstart,300,117,2247,4093,0.630555879707301,16,2247,4093,0.5489860737845101,5,1851,0.00655581068439562,12,5,1851,0.002701242571582928,0,2242,0.0,16,0,2242,0.0,5,0
warmstart_seed2,2,warmstart,300,118,2250,4093,0.6311951532481723,16,2250,4093,0.5497190324945028,4,1846,0.0035147712490334188,12,4,1846,0.0021668472372697724,1,2247,0.00030339805825242716,16,1,2247,0.0004450378282153983,3,0
warmstart_seed2,2,warmstart,300,119,2255,4093,0.6323831655167308,16,2255,4093,0.5509406303444906,7,1843,0.007865335345415026,12,7,1843,0.0037981551817688553,2,2250,0.0010162601626016261,16,2,2250,0.0008888888888888889,5,0
warmstart_seed2,2,warmstart,300,120,2258,4093,0.6328285982516406,16,2258,4093,0.5516735890544833,4,1838,0.0018116455447599832,12,4,1838,0.002176278563656148,1,2255,0.00030193236714975844,16,1,2255,0.0004434589800443459,3,0
warmstart_seed2,2,warmstart,300,121,2268,4093,0.6348501389230428,16,2268,4093,0.5541167847544588,10,1835,0.008432866498024218,12,10,1835,0.005449591280653951,0,2258,0.0,16,0,2258,0.0,10,0
warmstart_seed2,2,warmstart,300,122,2270,4093,0.6351550169718233,16,2270,4093,0.554605423894454,2,1825,0.0011574074074074073,12,2,1825,0.001095890410958904,0,2268,0.0,16,0,2268,0.0,2,0
warmstart_seed2,2,warmstart,300,123,2273,4093,0.6356862853678132,16,2273,4093,0.5553383826044466,3,1823,0.0014927538652591704,12,3,1823,0.0016456390565002743,0,2270,0.0,16,0,2270,0.0,3,0
warmstart_seed2,2,warmstart,300,124,2277,4093,0.636656012728241,16,2277,4093,0.5563156608844368,4,1820,0.0026079126224741803,12,4,1820,0.002197802197802198,0,2273,0.0,16,0,2273,0.0,4,0
warmstart_seed2,2,warmstart,300,125,2280,4093,0.6371133298014118,16,2280,4093,0.5570486195944295,3,1816,0.0017730496453900709,12,3,1816,0.0016519823788546256,0,2277,0.0,16,0,2277,0.0,3,0
warmstart_seed2,2,warmstart,300,126,2285,4093,0.6380096827602131,16,2285,4093,0.5582702174444173,5,1813,0.002437889337109931,12,5,1813,0.0027578599007170436,0,2280,0.0,16,0,2280,0.0,5,0
warmstart_seed2,2,warmstart,300,127,2288,4093,0.6384981745201741,16,2288,4093,0.55900317615441,3,1808,0.0008753501400560224,12,3,1808,0.00165929203539823,0,2285,0.0,16,0,2285,0.0,3,0
warmstart_seed2,2,warmstart,300,128,2291,4093,0.639331261364402,16,2291,4093,0.5597361348644027,3,1805,0.005279731842231843,12,3,1805,0.0016620498614958448,0,2288,0.0,16,0,2288,0.0,3,0
baseline_seed3,3,baseline,0,0,0,4093,0.0,16,0,4093,0.0,,,,,,,,,,,,,,,,
baseline_seed3,3,baseline,0,1,0,4093,0.0,16,0,4093,0.0,0,4093,0.0,16,0,4093,0.0,0,0,,0,0,0,,0,0
baseline_seed3,3,baseline,0,2,0,4093,0.0,16,0,4093,0.0,0,4093,0.0,16,0,4093,0.0,0,0,,0,0,0,,0,0
baseline_seed3,3,baseline,0,3,0,4093,0.0,16,0,4093,0.0,0,4093,0.0,16,0,4093,0.0,0,0,,0,0,0,,0,0
baseline_seed3,3,baseline,0,4,0,4093,0.0,16,0,4093,0.0,0,4093,0.0,16,0,4093,0.0,0,0,,0,0,0,,0,0
baseline_seed3,3,baseline,0,5,0,4093,0.0,16,0,4093,0.0,0,4093,0.0,16,0,4093,0.0,0,0,,0,0,0,,0,0
baseline_seed3,3,baseline,0,6,0,4093,0.0,16,0,4093,0.0,0,4093,0.0,16,0,4093,0.0,0,0,,0,0,0,,0,0
baseline_seed3,3,baseline,0,7,0,4093,0.0,16,0,4093,0.0,0,4093,0.0,16,0,4093,0.0,0,0,,0,0,0,,0,0
baseline_seed3,3,baseline,0,8,0,4093,0.0,16,0,4093,0.0,0,4093,0.0,16,0,4093,0.0,0,0,,0,0,0,,0,0
baseline_seed3,3,baseline,0,9,0,4093,0.0,16,0,4093,0.0,0,4093,0.0,16,0,4093,0.0,0,0,,0,0,0,,0,0
baseline_seed3,3,baseline,0,10,0,4093,0.0,16,0,4093,0.0,0,4093,0.0,16,0,4093,0.0,0,0,,0,0,0,,0,0
baseline_seed3,3,baseline,0,11,0,4093,0.0,16,0,4093,0.0,0,4093,0.0,16,0,4093,0.0,0,0,,0,0,0,,0,0
baseline_seed3,3,baseline,0,12,0,4093,0.0,16,0,4093,0.0,0,4093,0.0,16,0,4093,0.0,0,0,,0,0,0,,0,0
baseline_seed3,3,baseline,0,13,0,4093,0.0,16,0,4093,0.0,0,4093,0.0,16,0,4093,0.0,0,0,,0,0,0,,0,0
baseline_seed3,3,baseline,0,14,0,4093,0.0,16,0,4093,0.0,0,4093,0.0,16,0,4093,0.0,0,0,,0,0,0,,0,0
baseline_seed3,3,baseline,0,15,0,4093,0.0,16,0,4093,0.0,0,4093,0.0,16,0,4093,0.0,0,0,,0,0,0,,0,0
baseline_seed3,3,baseline,0,16,0,4093,0.0,16,0,4093,0.0,0,4093,0.0,16,0,4093,0.0,0,0,,0,0,0,,0,0
baseline_seed3,3,baseline,0,17,0,4093,0.0,16,0,4093,0.0,0,4093,0.0,16,0,4093,0.0,0,0,,0,0,0,,0,0
baseline_seed3,3,baseline,0,18,0,4093,0.0,16,0,4093,0.0,0,4093,0.0,16,0,4093,0.0,0,0,,0,0,0,,0,0
baseline_seed3,3,baseline,0,19,0,4093,0.0,16,0,4093,0.0,0,4093,0.0,16,0,4093,0.0,0,0,,0,0,0,,0,0
baseline_seed3,3,baseline,0,20,0,4093,0.0,16,0,4093,0.0,0,4093,0.0,16,0,4093,0.0,0,0,,0,0,0,,0,0
baseline_seed3,3,baseline,0,21,0,4093,0.0,16,0,4093,0.0,0,4093,0.0,16,0,4093,0.0,0,0,,0,0,0,,0,0
baseline_seed3,3,baseline,0,22,0,4093,0.0,16,0,4093,0.0,0,4093,0.0,16,0,4093,0.0,0,0,,0,0,0,,0,0
baseline_seed3,3,baseline,0,23,0,4093,0.0,16,0,4093,0.0,0,4093,0.0,16,0,4093,0.0,0,0,,0,0,0,,0,0
baseline_seed3,3,baseline,0,24,0,4093,0.0,16,0,4093,0.0,0,4093,0.0,16,0,4093,0.0,0,0,,0,0,0,,0,0
baseline_seed3,3,baseline,0,25,0,4093,0.0,16,0,4093,0.0,0,4093,0.0,16,0,4093,0.0,0,0,,0,0,0,,0,0
baseline_seed3,3,baseline,0,26,0,4093,0.0,16,0,4093,0.0,0,4093,0.0,16,0,4093,0.0,0,0,,0,0,0,,0,0
baseline_seed3,3,baseline,0,27,0,4093,0.0,16,0,4093,0.0,0,4093,0.0,16,0,4093,0.0,0,0,,0,0,0,,0,0
baseline_seed3,3,baseline,0,28,0,4093,0.0,16,0,4093,0.0,0,4093,0.0,16,0,4093,0.0,0,0,,0,0,0,,0,0
baseline_seed3,3,baseline,0,29,0,4093,0.0,16,0,4093,0.0,0,4093,0.0,16,0,4093,0.0,0,0,,0,0,0,,0,0
baseline_seed3,3,baseline,0,30,0,4093,0.0,16,0,4093,0.0,0,4093,0.0,16,0,4093,0.0,0,0,,0,0,0,,0,0
baseline_seed3,3,baseline,0,31,0,4093,0.0,16,0,4093,0.0,0,4093,0.0,16,0,4093,0.0,0,0,,0,0,0,,0,0
baseline_seed3,3,baseline,0,32,0,4093,0.0,16,0,4093,0.0,0,4093,0.0,16,0,4093,0.0,0,0,,0,0,0,,0,0
baseline_seed3,3,baseline,0,33,0,4093,0.0,16,0,4093,0.0,0,4093,0.0,16,0,4093,0.0,0,0,,0,0,0,,0,0
baseline_seed3,3,baseline,0,34,0,4093,0.0,16,0,4093,0.0,0,4093,0.0,16,0,4093,0.0,0,0,,0,0,0,,0,0
baseline_seed3,3,baseline,0,35,0,4093,0.0,16,0,4093,0.0,0,4093,0.0,16,0,4093,0.0,0,0,,0,0,0,,0,0
baseline_seed3,3,baseline,0,36,0,4093,0.0,16,0,4093,0.0,0,4093,0.0,16,0,4093,0.0,0,0,,0,0,0,,0,0
baseline_seed3,3,baseline,0,37,0,4093,0.0,16,0,4093,0.0,0,4093,0.0,16,0,4093,0.0,0,0,,0,0,0,,0,0
baseline_seed3,3,baseline,0,38,0,4093,0.0,16,0,4093,0.0,0,4093,0.0,16,0,4093,0.0,0,0,,0,0,0,,0,0
baseline_seed3,3,baseline,0,39,0,4093,0.0,16,0,4093,0.0,0,4093,0.0,16,0,4093,0.0,0,0,,0,0,0,,0,0
baseline_seed3,3,baseline,0,40,0,4093,0.0,16,0,4093,0.0,0,4093,0.0,16,0,4093,0.0,0,0,,0,0,0,,0,0
baseline_seed3,3,baseline,0,41,0,4093,0.0,16,0,4093,0.0,0,4093,0.0,16,0,4093,0.0,0,0,,0,0,0,,0,0
baseline_seed3,3,baseline,0,42,0,4093,0.0,16,0,4093,0.0,0,4093,0.0,16,0,4093,0.0,0,0,,0,0,0,,0,0
baseline_seed3,3,baseline,0,43,0,4093,0.0,16,0,4093,0.0,0,4093,0.0,16,0,4093,0.0,0,0,,0,0,0,,0,0
baseline_seed3,3,baseline,0,44,0,4093,0.0,16,0,4093,0.0,0,4093,0.0,16,0,4093,0.0,0,0,,0,0,0,,0,0
baseline_seed3,3,baseline,0,45,0,4093,0.0,16,0,4093,0.0,0,4093,0.0,16,0,4093,0.0,0,0,,0,0,0,,0,0
baseline_seed3,3,baseline,0,46,0,4093,0.0,16,0,4093,0.0,0,4093,0.0,16,0,4093,0.0,0,0,,0,0,0,,0,0
baseline_seed3,3,baseline,0,47,0,4093,0.0,16,0,4093,0.0,0,4093,0.0,16,0,4093,0.0,0,0,,0,0,0,,0,0
baseline_seed3,3,baseline,0,48,0,4093,0.0,16,0,4093,0.0,0,4093,0.0,16,0,4093,0.0,0,0,,0,0,0,,0,0
baseline_seed3,3,baseline,0,49,0,4093,0.0,16,0,4093,0.0,0,4093,0.0,16,0,4093,0.0,0,0,,0,0,0,,0,0
baseline_seed3,3,baseline,0,50,0,4093,0.0,16,0,4093,0.0,0,4093,0.0,16,0,4093,0.0,0,0,,0,0,0,,0,0
baseline_seed3,3,baseline,0,51,0,4093,0.0,16,0,4093,0.0,0,4093,0.0,16,0,4093,0.0,0,0,,0,0,0,,0,0
baseline_seed3,3,baseline,0,52,0,4093,0.0,16,0,4093,0.0,0,4093,0.0,16,0,4093,0.0,0,0,,0,0,0,,0,0
baseline_seed3,3,baseline,0,53,0,4093,0.0,16,0,4093,0.0,0,4093,0.0,16,0,4093,0.0,0,0,,0,0,0,,0,0
baseline_seed3,3,baseline,0,54,0,4093,0.0,16,0,4093,0.0,0,4093,0.0,16,0,4093,0.0,0,0,,0,0,0,,0,0
baseline_seed3,3,baseline,0,55,0,4093,0.0,16,0,4093,0.0,0,4093,0.0,16,0,4093,0.0,0,0,,0,0,0,,0,0
baseline_seed3,3,baseline,0,56,0,4093,0.0,16,0,4093,0.0,0,4093,0.0,16,0,4093,0.0,0,0,,0,0,0,,0,0
baseline_seed3,3,baseline,0,57,0,4093,0.0,16,0,4093,0.0,0,4093,0.0,16,0,4093,0.0,0,0,,0,0,0,,0,0
baseline_seed3,3,baseline,0,58,0,4093,0.0,16,0,4093,0.0,0,4093,0.0,16,0,4093,0.0,0,0,,0,0,0,,0,0
baseline_seed3,3,baseline,0,59,0,4093,0.0,16,0,4093,0.0,0,4093,0.0,16,0,4093,0.0,0,0,,0,0,0,,0,0
baseline_seed3,3,baseline,0,60,0,4093,0.0,16,0,4093,0.0,0,4093,0.0,16,0,4093,0.0,0,0,,0,0,0,,0,0
baseline_seed3,3,baseline,0,61,0,4093,0.0,16,0,4093,0.0,0,4093,0.0,16,0,4093,0.0,0,0,,0,0,0,,0,0
baseline_seed3,3,baseline,0,62,0,4093,0.0,16,0,4093,0.0,0,4093,0.0,16,0,4093,0.0,0,0,,0,0,0,,0,0
baseline_seed3,3,baseline,0,63,0,4093,0.0,16,0,4093,0.0,0,4093,0.0,16,0,4093,0.0,0,0,,0,0,0,,0,0
baseline_seed3,3,baseline,0,64,0,4093,0.0,16,0,4093,0.0,0,4093,0.0,16,0,4093,0.0,0,0,,0,0,0,,0,0
baseline_seed3,3,baseline,0,65,0,4093,0.0,16,0,4093,0.0,0,4093,0.0,16,0,4093,0.0,0,0,,0,0,0,,0,0
baseline_seed3,3,baseline,0,66,0,4093,0.0,16,0,4093,0.0,0,4093,0.0,16,0,4093,0.0,0,0,,0,0,0,,0,0
baseline_seed3,3,baseline,0,67,0,4093,0.0,16,0,4093,0.0,0,4093,0.0,16,0,4093,0.0,0,0,,0,0,0,,0,0
baseline_seed3,3,baseline,0,68,0,4093,0.0,16,0,4093,0.0,0,4093,0.0,16,0,4093,0.0,0,0,,0,0,0,,0,0
baseline_seed3,3,baseline,0,69,0,4093,0.0,16,0,4093,0.0,0,4093,0.0,16,0,4093,0.0,0,0,,0,0,0,,0,0
baseline_seed3,3,baseline,0,70,0,4093,0.0,16,0,4093,0.0,0,4093,0.0,16,0,4093,0.0,0,0,,0,0,0,,0,0
baseline_seed3,3,baseline,0,71,0,4093,0.0,16,0,4093,0.0,0,4093,0.0,16,0,4093,0.0,0,0,,0,0,0,,0,0
baseline_seed3,3,baseline,0,72,0,4093,0.0,16,0,4093,0.0,0,4093,0.0,16,0,4093,0.0,0,0,,0,0,0,,0,0
baseline_seed3,3,baseline,0,73,0,4093,0.0,16,0,4093,0.0,0,4093,0.0,16,0,4093,0.0,0,0,,0,0,0,,0,0
baseline_seed3,3,baseline,0,74,0,4093,0.0,16,0,4093,0.0,0,4093,0.0,16,0,4093,0.0,0,0,,0,0,0,,0,0
baseline_seed3,3,baseline,0,75,0,4093,0.0,16,0,4093,0.0,0,4093,0.0,16,0,4093,0.0,0,0,,0,0,0,,0,0
baseline_seed3,3,baseline,0,76,0,4093,0.0,16,0,4093,0.0,0,4093,0.0,16,0,4093,0.0,0,0,,0,0,0,,0,0
baseline_seed3,3,baseline,0,77,0,4093,0.0,16,0,4093,0.0,0,4093,0.0,16,0,4093,0.0,0,0,,0,0,0,,0,0
baseline_seed3,3,baseline,0,78,0,4093,0.0,16,0,4093,0.0,0,4093,0.0,16,0,4093,0.0,0,0,,0,0,0,,0,0
baseline_seed3,3,baseline,0,79,0,4093,0.0,16,0,4093,0.0,0,4093,0.0,16,0,4093,0.0,0,0,,0,0,0,,0,0
baseline_seed3,3,baseline,0,80,0,4093,0.0,16,0,4093,0.0,0,4093,0.0,16,0,4093,0.0,0,0,,0,0,0,,0,0
baseline_seed3,3,baseline,0,81,0,4093,0.0,16,0,4093,0.0,0,4093,0.0,16,0,4093,0.0,0,0,,0,0,0,,0,0
baseline_seed3,3,baseline,0,82,0,4093,0.0,16,0,4093,0.0,0,4093,0.0,16,0,4093,0.0,0,0,,0,0,0,,0,0
baseline_seed3,3,baseline,0,83,0,4093,0.0,16,0,4093,0.0,0,4093,0.0,16,0,4093,0.0,0,0,,0,0,0,,0,0
baseline_seed3,3,baseline,0,84,0,4093,0.0,16,0,4093,0.0,0,4093,0.0,16,0,4093,0.0,0,0,,0,0,0,,0,0
baseline_seed3,3,baseline,0,85,0,4093,0.0,16,0,4093,0.0,0,4093,0.0,16,0,4093,0.0,0,0,,0,0,0,,0,0
baseline_seed3,3,baseline,0,86,0,4093,0.0,16,0,4093,0.0,0,4093,0.0,16,0,4093,0.0,0,0,,0,0,0,,0,0
baseline_seed3,3,baseline,0,87,0,4093,0.0,16,0,4093,0.0,0,4093,0.0,16,0,4093,0.0,0,0,,0,0,0,,0,0
baseline_seed3,3,baseline,0,88,0,4093,0.0,16,0,4093,0.0,0,4093,0.0,16,0,4093,0.0,0,0,,0,0,0,,0,0
baseline_seed3,3,baseline,0,89,0,4093,0.0,16,0,4093,0.0,0,4093,0.0,16,0,4093,0.0,0,0,,0,0,0,,0,0
baseline_seed3,3,baseline,0,90,0,4093,0.0,16,0,4093,0.0,0,4093,0.0,16,0,4093,0.0,0,0,,0,0,0,,0,0
baseline_seed3,3,baseline,0,91,0,4093,0.0,16,0,4093,0.0,0,4093,0.0,16,0,4093,0.0,0,0,,0,0,0,,0,0
baseline_seed3,3,baseline,0,92,0,4093,0.0,16,0,4093,0.0,0,4093,0.0,16,0,4093,0.0,0,0,,0,0,0,,0,0
baseline_seed3,3,baseline,0,93,0,4093,0.0,16,0,4093,0.0,0,4093,0.0,16,0,4093,0.0,0,0,,0,0,0,,0,0
baseline_seed3,3,baseline,0,94,0,4093,0.0,16,0,4093,0.0,0,4093,0.0,16,0,4093,0.0,0,0,,0,0,0,,0,0
baseline_seed3,3,baseline,0,95,0,4093,0.0,16,0,4093,0.0,0,4093,0.0,16,0,4093,0.0,0,0,,0,0,0,,0,0
baseline_seed3,3,baseline,0,96,0,4093,0.0,16,0,4093,0.0,0,4093,0.0,16,0,4093,0.0,0,0,,0,0,0,,0,0
baseline_seed3,3,baseline,0,97,0,4093,0.0,16,0,4093,0.0,0,4093,0.0,16,0,4093,0.0,0,0,,0,0,0,,0,0
baseline_seed3,3,baseline,0,98,0,4093,0.0,16,0,4093,0.0,0,4093,0.0,16,0,4093,0.0,0,0,,0,0,0,,0,0
baseline_seed3,3,baseline,0,99,0,4093,0.0,16,0,4093,0.0,0,4093,0.0,16,0,4093,0.0,0,0,,0,0,0,,0,0
baseline_seed3,3,baseline,0,100,0,4093,0.0,16,0,4093,0.0,0,4093,0.0,16,0,4093,0.0,0,0,,0,0,0,,0,0
baseline_seed3,3,baseline,0,101,0,4093,0.0,16,0,4093,0.0,0,4093,0.0,16,0,4093,0.0,0,0,,0,0,0,,0,0
baseline_seed3,3,baseline,0,102,0,4093,0.0,16,0,4093,0.0,0,4093,0.0,16,0,4093,0.0,0,0,,0,0,0,,0,0
baseline_seed3,3,baseline,0,103,0,4093,0.0,16,0,4093,0.0,0,4093,0.0,16,0,4093,0.0,0,0,,0,0,0,,0,0
baseline_seed3,3,baseline,0,104,0,4093,0.0,16,0,4093,0.0,0,4093,0.0,16,0,4093,0.0,0,0,,0,0,0,,0,0
baseline_seed3,3,baseline,0,105,0,4093,0.0,16,0,4093,0.0,0,4093,0.0,16,0,4093,0.0,0,0,,0,0,0,,0,0
baseline_seed3,3,baseline,0,106,0,4093,0.0,16,0,4093,0.0,0,4093,0.0,16,0,4093,0.0,0,0,,0,0,0,,0,0
baseline_seed3,3,baseline,0,107,0,4093,0.0,16,0,4093,0.0,0,4093,0.0,16,0,4093,0.0,0,0,,0,0,0,,0,0
baseline_seed3,3,baseline,0,108,0,4093,0.0,16,0,4093,0.0,0,4093,0.0,16,0,4093,0.0,0,0,,0,0,0,,0,0
baseline_seed3,3,baseline,0,109,0,4093,0.0,16,0,4093,0.0,0,4093,0.0,16,0,4093,0.0,0,0,,0,0,0,,0,0
baseline_seed3,3,baseline,0,110,0,4093,0.0,16,0,4093,0.0,0,4093,0.0,16,0,4093,0.0,0,0,,0,0,0,,0,0
baseline_seed3,3,baseline,0,111,0,4093,0.0,16,0,4093,0.0,0,4093,0.0,16,0,4093,0.0,0,0,,0,0,0,,0,0
baseline_seed3,3,baseline,0,112,0,4093,0.0,16,0,4093,0.0,0,4093,0.0,16,0,4093,0.0,0,0,,0,0,0,,0,0
baseline_seed3,3,baseline,0,113,0,4093,0.0,16,0,4093,0.0,0,4093,0.0,16,0,4093,0.0,0,0,,0,0,0,,0,0
baseline_seed3,3,baseline,0,114,0,4093,0.0,16,0,4093,0.0,0,4093,0.0,16,0,4093,0.0,0,0,,0,0,0,,0,0
baseline_seed3,3,baseline,0,115,0,4093,0.0,16,0,4093,0.0,0,4093,0.0,16,0,4093,0.0,0,0,,0,0,0,,0,0
baseline_seed3,3,baseline,0,116,0,4093,0.0,16,0,4093,0.0,0,4093,0.0,16,0,4093,0.0,0,0,,0,0,0,,0,0
baseline_seed3,3,baseline,0,117,0,4093,0.0,16,0,4093,0.0,0,4093,0.0,16,0,4093,0.0,0,0,,0,0,0,,0,0
baseline_seed3,3,baseline,0,118,0,4093,0.0,16,0,4093,0.0,0,4093,0.0,16,0,4093,0.0,0,0,,0,0,0,,0,0
baseline_seed3,3,baseline,0,119,0,4093,0.0,16,0,4093,0.0,0,4093,0.0,16,0,4093,0.0,0,0,,0,0,0,,0,0
baseline_seed3,3,baseline,0,120,0,4093,0.0,16,0,4093,0.0,0,4093,0.0,16,0,4093,0.0,0,0,,0,0,0,,0,0
baseline_seed3,3,baseline,0,121,0,4093,0.0,16,0,4093,0.0,0,4093,0.0,16,0,4093,0.0,0,0,,0,0,0,,0,0
baseline_seed3,3,baseline,0,122,0,4093,0.0,16,0,4093,0.0,0,4093,0.0,16,0,4093,0.0,0,0,,0,0,0,,0,0
baseline_seed3,3,baseline,0,123,0,4093,0.0,16,0,4093,0.0,0,4093,0.0,16,0,4093,0.0,0,0,,0,0,0,,0,0
baseline_seed3,3,baseline,0,124,0,4093,0.0,16,0,4093,0.0,0,4093,0.0,16,0,4093,0.0,0,0,,0,0,0,,0,0
baseline_seed3,3,baseline,0,125,0,4093,0.0,16,0,4093,0.0,0,4093,0.0,16,0,4093,0.0,0,0,,0,0,0,,0,0
baseline_seed3,3,baseline,0,126,0,4093,0.0,16,0,4093,0.0,0,4093,0.0,16,0,4093,0.0,0,0,,0,0,0,,0,0
baseline_seed3,3,baseline,0,127,0,4093,0.0,16,0,4093,0.0,0,4093,0.0,16,0,4093,0.0,0,0,,0,0,0,,0,0
baseline_seed3,3,baseline,0,128,0,4093,0.0,16,0,4093,0.0,0,4093,0.0,16,0,4093,0.0,0,0,,0,0,0,,0,0
baseline_seed3,3,baseline,100,0,0,4093,0.0,16,0,4093,0.0,,,,,,,,,,,,,,,,
baseline_seed3,3,baseline,100,1,0,4093,0.0,16,0,4093,0.0,0,4093,0.0,16,0,4093,0.0,0,0,,0,0,0,,0,0
baseline_seed3,3,baseline,100,2,0,4093,0.0,16,0,4093,0.0,0,4093,0.0,16,0,4093,0.0,0,0,,0,0,0,,0,0
baseline_seed3,3,baseline,100,3,0,4093,0.0,16,0,4093,0.0,0,4093,0.0,16,0,4093,0.0,0,0,,0,0,0,,0,0
baseline_seed3,3,baseline,100,4,1,4093,0.00030193236714975844,16,1,4093,0.0002443195699975568,1,4093,0.00030193236714975844,16,1,4093,0.0002443195699975568,0,0,,0,0,0,,1,0
baseline_seed3,3,baseline,100,5,1,4093,0.00030193236714975844,16,1,4093,0.0002443195699975568,0,4092,0.0,16,0,4092,0.0,0,1,0.0,1,0,1,0.0,0,0
baseline_seed3,3,baseline,100,6,2,4093,0.000742073212220181,16,2,4093,0.0004886391399951136,1,4092,0.00044014084507042255,16,1,4092,0.00024437927663734115,0,1,0.0,1,0,1,0.0,1,0
baseline_seed3,3,baseline,100,7,3,4093,0.0011278756813559835,16,3,4093,0.0007329587099926704,1,4091,0.00038580246913580245,16,1,4091,0.0002444390124663896,0,2,0.0,2,0,2,0.0,1,0
baseline_seed3,3,baseline,100,8,7,4093,0.001993137204858866,16,7,4093,0.0017102369899828977,4,4090,0.0008676578121310551,16,4,4090,0.0009779951100244498,0,3,0.0,3,0,3,0.0,4,0
baseline_seed3,3,baseline,100,9,9,4093,0.0027647421431304703,16,9,4093,0.002198876129978011,2,4086,0.00078125,16,2,4086,0.0004894762604013706,0,7,0.0,5,0,7,0.0,2,0
baseline_seed3,3,baseline,100,10,14,4093,0.004272480994528064,16,14,4093,0.0034204739799657954,5,4084,0.0015211165912166623,16,5,4084,0.0012242899118511264,0,9,0.0,5,0,9,0.0,5,0
baseline_seed3,3,baseline,100,11,35,4093,0.009751381688432587,16,35,4093,0.008551184949914489,21,4079,0.005545494328760221,16,21,4079,0.0051483206668301055,0,14,0.0,7,0,14,0.0,21,0
baseline_seed3,3,baseline,100,12,74,4093,0.021884815506682084,16,74,4093,0.018079648179819205,41,4058,0.012911820485830075,16,41,4058,0.010103499260719566,2,35,0.13636363636363635,11,2,35,0.05714285714285714,39,0
baseline_seed3,3,baseline,100,13,144,4093,0.04200303619949157,16,144,4093,0.03518201807964818,76,4019,0.02248582752766895,16,76,4019,0.018910176660860912,6,74,0.08988095238095238,14,6,74,0.08108108108108109,70,0
baseline_seed3,3,baseline,100,14,290,4093,0.08601568639726782,16,290,4093,0.07085267529929147,151,3949,0.04818717950160407,16,151,3949,0.03823752848822487,5,144,0.040740740740740744,15,5,144,0.034722222222222224,146,0
baseline_seed3,3,baseline,100,15,475,4093,0.13845368293541926,16,475,4093,0.11605179574883948,203,3803,0.06520410611834707,16,203,3803,0.053378911385748094,18,290,0.06934306094232565,16,18,290,0.06206896551724138,185,0
baseline_seed3,3,baseline,100,16,635,4093,0.1819531844025126,16,635,4093,0.15514292694844858,211,3618,0.072188485841403,16,211,3618,0.05831951354339414,51,475,0.10618087557603686,16,51,475,0.10736842105263159,160,0
baseline_seed3,3,baseline,100,17,786,4093,0.22144877079494624,16,786,4093,0.19203518201807965,219,3458,0.07616319713191377,16,219,3458,0.0633314054366686,68,635,0.10492617851741151,16,68,635,0.10708661417322834,151,0
baseline_seed3,3,baseline,100,18,856,4093,0.23984712204974346,16,856,4093,0.20913755191790862,167,3307,0.06176532291076237,16,167,3307,0.050498941638947685,97,786,0.1180126622622927,16,97,786,0.12340966921119594,70,0
baseline_seed3,3,baseline,100,19,887,4093,0.24933924067661312,16,887,4093,0.2167114585878329,128,3237,0.0508785572004026,16,128,3237,0.03954278653073834,97,856,0.1066951544570048,16,97,856,0.1133177570093458,31,0
baseline_seed3,3,baseline,100,20,863,4093,0.24206426111587556,16,863,4093,0.21084778890789152,63,3206,0.027395492310265317,16,63,3206,0.019650655021834062,87,887,0.094397451583191,16,87,887,0.09808342728297632,-24,0
baseline_seed3,3,baseline,100,21,827,4093,0.23106455172121065,16,827,4093,0.20205228438797948,33,3230,0.015847838391892785,16,33,3230,0.01021671826625387,69,863,0.07556735365880213,16,69,863,0.07995365005793743,-36,0
baseline_seed3,3,baseline,100,22,778,4093,0.21674422417151423,16,778,4093,0.1900806254580992,7,3266,0.003052281060603148,16,7,3266,0.0021432945499081446,56,827,0.06395413186680445,16,56,827,0.06771463119709795,-49,0
baseline_seed3,3,baseline,100,23,745,4093,0.20717956898329037,16,745,4093,0.18201807964817981,0,3315,0.0,16,0,3315,0.0,33,778,0.04081767455142282,16,33,778,0.042416452442159386,-33,0
baseline_seed3,3,baseline,100,24,704,4093,0.19370165169507703,16,704,4093,0.17200097727827998,0,3348,0.0,16,0,3348,0.0,41,745,0.05907882765257703,16,41,745,0.05503355704697987,-41,0
baseline_seed3,3,baseline,100,25,682,4093,0.18740472578403866,16,682,4093,0.16662594673833375,1,3389,0.0005434782608695652,16,1,3389,0.00029507229271171436,23,704,0.03541171112096861,16,23,704,0.032670454545454544,-22,0
baseline_seed3,3,baseline,100,26,648,4093,0.17715103756452866,16,648,4093,0.1583190813584168,0,3411,0.0,16,0,3411,0.0,34,682,0.05736396912811525,16,34,682,0.04985337243401759,-34,0
baseline_seed3,3,baseline,100,27,624,4093,0.1697469824298662,16,624,4093,0.15245541167847546,0,3445,0.0,16,0,3445,0.0,24,648,0.044137208970983534,16,24,648,0.037037037037037035,-24,0
baseline_seed3,3,baseline,100,28,607,4093,0.16354024678311624,16,607,4093,0.148301978988517,0,3469,0.0,16,0,3469,0.0,17,624,0.03571554033561634,16,17,624,0.027243589743589744,-17,0
baseline_seed3,3,baseline,100,29,590,4093,0.1582526476590278,16,590,4093,0.14414854629855853,0,3486,0.0,16,0,3486,0.0,17,607,0.031185345890021858,16,17,607,0.02800658978583196,-17,0
baseline_seed3,3,baseline,100,30,566,4093,0.15003698289773632,16,566,4093,0.13828487661861716,0,3503,0.0,16,0,3503,0.0,24,590,0.05276311249137336,16,24,590,0.04067796610169491,-24,0
baseline_seed3,3,baseline,100,31,553,4093,0.1456703093301038,16,553,4093,0.13510872220864892,0,3527,0.0,16,0,3527,0.0,13,566,0.03265056022408963,16,13,566,0.022968197879858657,-13,0
baseline_seed3,3,baseline,100,32,535,4093,0.13975510530662189,16,535,4093,0.13071096994869288,0,3540,0.0,16,0,3540,0.0,18,553,0.04311844953292321,16,18,553,0.0325497287522604,-18,0
baseline_seed3,3,baseline,100,33,523,4093,0.1358828948020532,16,523,4093,0.1277791351087222,1,3558,0.00030193236714975844,16,1,3558,0.0002810567734682406,13,535,0.041734904188948305,16,13,535,0.024299065420560748,-12,0
baseline_seed3,3,baseline,100,34,511,4093,0.13170800527678167,16,511,4093,0.12484730026875153,0,3570,0.0,16,0,3570,0.0,12,523,0.045765692640692635,16,12,523,0.022944550669216062,-12,0
baseline_seed3,3,baseline,100,35,498,4093,0.12780717710319198,16,498,4093,0.12167114585878329,0,3582,0.0,16,0,3582,0.0,13,511,0.05043283749741749,16,13,511,0.025440313111545987,-13,0
baseline_seed3,3,baseline,100,36,483,4093,0.12305144786128397,16,483,4093,0.11800635230881994,0,3595,0.0,16,0,3595,0.0,15,498,0.07488054797506018,16,15,498,0.030120481927710843,-15,0
baseline_seed3,3,baseline,100,37,473,4093,0.11978332362208029,16,473,4093,0.11556315660884436,0,3610,0.0,16,0,3610,0.0,10,483,0.06967442279942279,16,10,483,0.020703933747412008,-10,0
baseline_seed3,3,baseline,100,38,469,4093,0.11818467614232878,16,469,4093,0.11458587832885414,0,3620,0.0,16,0,3620,0.0,4,473,0.0515625,16,4,473,0.008456659619450317,-4,0
baseline_seed3,3,baseline,100,39,462,4093,0.11578815793709522,16,462,4093,0.11287564133887125,0,3624,0.0,16,0,3624,0.0,7,469,0.09636243386243386,16,7,469,0.014925373134328358,-7,0
baseline_seed3,3,baseline,100,40,460,4093,0.1151375169114542,16,460,4093,0.11238700219887612,0,3631,0.0,16,0,3631,0.0,2,462,0.012777777777777777,15,2,462,0.004329004329004329,-2,0
baseline_seed3,3,baseline,100,41,457,4093,0.11441320398471061,16,457,4093,0.11165404348888346,0,3633,0.0,16,0,3633,0.0,3,460,0.02195804195804196,15,3,460,0.006521739130434782,-3,0
baseline_seed3,3,baseline,100,42,451,4093,0.1126403772179814,16,451,4093,0.11018812606889812,0,3636,0.0,16,0,3636,0.0,6,457,0.05704273504273504,15,6,457,0.01312910284463895,-6,0
baseline_seed3,3,baseline,100,43,446,4093,0.11124153281157097,16,446,4093,0.10896652821891034,0,3642,0.0,16,0,3642,0.0,5,451,0.038127765953852914,15,5,451,0.011086474501108648,-5,0
baseline_seed3,3,baseline,100,44,444,4093,0.1108308293243708,16,444,4093,0.10847788907891522,0,3647,0.0,16,0,3647,0.0,2,446,0.010437710437710438,15,2,446,0.004484304932735426,-2,0
baseline_seed3,3,baseline,100,45,441,4093,0.11001948481152962,16,441,4093,0.10774493036892255,0,3649,0.0,16,0,3649,0.0,3,444,0.04484126984126984,15,3,444,0.006756756756756757,-3,0
baseline_seed3,3,baseline,100,46,436,4093,0.10897405183734994,16,436,4093,0.10652333251893477,0,3652,0.0,16,0,3652,0.0,5,441,0.027037037037037037,15,5,441,0.011337868480725623,-5,0
baseline_seed3,3,baseline,100,47,434,4093,0.1084047297886631,16,434,4093,0.10603469337893966,0,3657,0.0,16,0,3657,0.0,2,436,0.015584415584415584,15,2,436,0.0045871559633027525,-2,0
baseline_seed3,3,baseline,100,48,433,4093,0.10825229076427285,16,433,4093,0.1057903738089421,0,3659,0.0,16,0,3659,0.0,1,434,0.0037037037037037034,15,1,434,0.002304147465437788,-1,0
baseline_seed3,3,baseline,100,49,429,4093,0.10704540893312364,16,429,4093,0.10481309552895186,0,3660,0.0,16,0,3660,0.0,4,433,0.026778711484593837,15,4,433,0.009237875288683603,-4,0
baseline_seed3,3,baseline,100,50,429,4093,0.10704540893312364,16,429,4093,0.10481309552895186,0,3664,0.0,16,0,3664,0.0,0,429,0.0,15,0,429,0.0,0,0
baseline_seed3,3,baseline,100,51,425,4093,0.106329827397143,16,425,4093,0.10383581724896164,0,3664,0.0,16,0,3664,0.0,4,429,0.023611111111111107,15,4,429,0.009324009324009324,-4,0
baseline_seed3,3,baseline,100,52,420,4093,0.1048095524840803,16,420,4093,0.10261421939897386,0,3668,0.0,16,0,3668,0.0,5,425,0.11858974358974358,15,5,425,0.011764705882352941,-5,0
baseline_seed3,3,baseline,100,53,416,4093,0.10418100253419724,16,416,4093,0.10163694111898364,0,3673,0.0,16,0,3673,0.0,4,420,0.031385281385281384,14,4,420,0.009523809523809525,-4,0
baseline_seed3,3,baseline,100,54,410,4093,0.10312295524479193,16,410,4093,0.10017102369899829,0,3677,0.0,16,0,3677,0.0,6,416,0.06964285714285715,14,6,416,0.014423076923076924,-6,0
baseline_seed3,3,baseline,100,55,408,4093,0.10281807719601144,16,408,4093,0.09968238455900318,0,3683,0.0,16,0,3683,0.0,2,410,0.028571428571428574,14,2,410,0.004878048780487805,-2,0
baseline_seed3,3,baseline,100,56,408,4093,0.10281807719601144,16,408,4093,0.09968238455900318,0,3685,0.0,16,0,3685,0.0,0,408,0.0,14,0,408,0.0,0,0
baseline_seed3,3,baseline,100,57,407,4093,0.10237793635094103,16,407,4093,0.09943806498900562,0,3685,0.0,16,0,3685,0.0,1,408,0.001984126984126984,14,1,408,0.0024509803921568627,-1,0
baseline_seed3,3,baseline,100,58,406,4093,0.1022067034742287,16,406,4093,0.09919374541900806,0,3686,0.0,16,0,3686,0.0,1,407,0.023809523809523808,14,1,407,0.002457002457002457,-1,0
baseline_seed3,3,baseline,100,59,405,4093,0.10203547059751636,16,405,4093,0.09894942584901051,0,3687,0.0,16,0,3687,0.0,1,406,0.03571428571428571,14,1,406,0.0024630541871921183,-1,0
baseline_seed3,3,baseline,100,60,402,4093,0.10106827573448493,16,402,4093,0.09821646713901784,0,3688,0.0,16,0,3688,0.0,3,405,0.1054421768707483,14,3,405,0.007407407407407408,-3,0
baseline_seed3,3,baseline,100,61,402,4093,0.10106827573448493,16,402,4093,0.09821646713901784,0,3691,0.0,16,0,3691,0.0,0,402,0.0,13,0,402,0.0,0,0
baseline_seed3,3,baseline,100,62,401,4093,0.1008970428577726,16,401,4093,0.09797214756902028,0,3691,0.0,16,0,3691,0.0,1,402,0.07692307692307693,13,1,402,0.0024875621890547263,-1,0
baseline_seed3,3,baseline,100,63,399,4093,0.10010086451382355,16,399,4093,0.09748350842902516,0,3692,0.0,16,0,3692,0.0,2,401,0.027777777777777776,12,2,401,0.004987531172069825,-2,0
baseline_seed3,3,baseline,100,64,399,4093,0.10010086451382355,16,399,4093,0.09748350842902516,0,3694,0.0,16,0,3694,0.0,0,399,0.0,12,0,399,0.0,0,0
baseline_seed3,3,baseline,100,65,399,4093,0.10010086451382355,16,399,4093,0.09748350842902516,0,3694,0.0,16,0,3694,0.0,0,399,0.0,12,0,399,0.0,0,0
baseline_seed3,3,baseline,100,66,399,4093,0.10010086451382355,16,399,4093,0.09748350842902516,0,3694,0.0,16,0,3694,0.0,0,399,0.0,12,0,399,0.0,0,0
baseline_seed3,3,baseline,100,67,397,4093,0.09958433558820372,16,397,4093,0.09699486928903005,0,3694,0.0,16,0,3694,0.0,2,399,0.041666666666666664,12,2,399,0.005012531328320802,-2,0
baseline_seed3,3,baseline,100,68,396,4093,0.09943189656381347,16,396,4093,0.09675054971903249,0,3696,0.0,16,0,3696,0.0,1,397,0.041666666666666664,12,1,397,0.0025188916876574307,-1,0
baseline_seed3,3,baseline,100,69,395,4093,0.09917363210100356,16,395,4093,0.09650623014903494,0,3697,0.0,16,0,3697,0.0,1,396,0.041666666666666664,12,1,396,0.0025252525252525255,-1,0
baseline_seed3,3,baseline,100,70,394,4093,0.09877554292902903,16,394,4093,0.09626191057903738,0,3698,0.0,16,0,3698,0.0,1,395,0.020833333333333332,12,1,395,0.002531645569620253,-1,0
baseline_seed3,3,baseline,100,71,394,4093,0.09877554292902903,16,394,4093,0.09626191057903738,0,3699,0.0,16,0,3699,0.0,0,394,0.0,12,0,394,0.0,0,0
baseline_seed3,3,baseline,100,72,395,4093,0.09902554292902903,16,395,4093,0.09650623014903494,1,3699,0.00029481132075471697,16,1,3699,0.0002703433360367667,0,394,0.0,12,0,394,0.0,1,0
baseline_seed3,3,baseline,100,73,394,4093,0.0986274537570545,16,394,4093,0.09626191057903738,0,3698,0.0,16,0,3698,0.0,1,395,0.027777777777777776,12,1,395,0.002531645569620253,-1,0
baseline_seed3,3,baseline,100,74,394,4093,0.0986274537570545,16,394,4093,0.09626191057903738,0,3699,0.0,16,0,3699,0.0,0,394,0.0,12,0,394,0.0,0,0
baseline_seed3,3,baseline,100,75,393,4093,0.09822936458507998,16,393,4093,0.09601759100903982,0,3699,0.0,16,0,3699,0.0,1,394,0.041666666666666664,12,1,394,0.0025380710659898475,-1,0
baseline_seed3,3,baseline,100,76,392,4093,0.09783127541310546,16,392,4093,0.09577327143904227,0,3700,0.0,16,0,3700,0.0,1,393,0.08333333333333333,12,1,393,0.002544529262086514,-1,0
baseline_seed3,3,baseline,100,77,392,4093,0.09783127541310546,16,392,4093,0.09577327143904227,0,3701,0.0,16,0,3701,0.0,0,392,0.0,11,0,392,0.0,0,0
baseline_seed3,3,baseline,100,78,392,4093,0.09783127541310546,16,392,4093,0.09577327143904227,0,3701,0.0,16,0,3701,0.0,0,392,0.0,11,0,392,0.0,0,0
baseline_seed3,3,baseline,100,79,392,4093,0.09783127541310546,16,392,4093,0.09577327143904227,0,3701,0.0,16,0,3701,0.0,0,392,0.0,11,0,392,0.0,0,0
baseline_seed3,3,baseline,100,80,392,4093,0.09783127541310546,16,392,4093,0.09577327143904227,0,3701,0.0,16,0,3701,0.0,0,392,0.0,11,0,392,0.0,0,0
baseline_seed3,3,baseline,100,81,392,4093,0.09783127541310546,16,392,4093,0.09577327143904227,0,3701,0.0,16,0,3701,0.0,0,392,0.0,11,0,392,0.0,0,0
baseline_seed3,3,baseline,100,82,391,4093,0.09757301095029554,16,391,4093,0.09552895186904471,0,3701,0.0,16,0,3701,0.0,1,392,0.09090909090909091,11,1,392,0.002551020408163265,-1,0
baseline_seed3,3,baseline,100,83,391,4093,0.09757301095029554,16,391,4093,0.09552895186904471,0,3702,0.0,16,0,3702,0.0,0,391,0.0,10,0,391,0.0,0,0
baseline_seed3,3,baseline,100,84,391,4093,0.09757301095029554,16,391,4093,0.09552895186904471,0,3702,0.0,16,0,3702,0.0,0,391,0.0,10,0,391,0.0,0,0
baseline_seed3,3,baseline,100,85,391,4093,0.09757301095029554,16,391,4093,0.09552895186904471,0,3702,0.0,16,0,3702,0.0,0,391,0.0,10,0,391,0.0,0,0
baseline_seed3,3,baseline,100,86,392,4093,0.09782301095029554,16,392,4093,0.09577327143904227,1,3702,0.0002962085308056872,16,1,3702,0.0002701242571582928,0,391,0.0,10,0,391,0.0,1,0
baseline_seed3,3,baseline,100,87,392,4093,0.09782301095029554,16,392,4093,0.09577327143904227,0,3701,0.0,16,0,3701,0.0,0,392,0.0,10,0,392,0.0,0,0
baseline_seed3,3,baseline,100,88,392,4093,0.09782301095029554,16,392,4093,0.09577327143904227,0,3701,0.0,16,0,3701,0.0,0,392,0.0,10,0,392,0.0,0,0
baseline_seed3,3,baseline,100,89,392,4093,0.09782301095029554,16,392,4093,0.09577327143904227,0,3701,0.0,16,0,3701,0.0,0,392,0.0,10,0,392,0.0,0,0
baseline_seed3,3,baseline,100,90,392,4093,0.09782301095029554,16,392,4093,0.09577327143904227,0,3701,0.0,16,0,3701,0.0,0,392,0.0,10,0,392,0.0,0,0
baseline_seed3,3,baseline,100,91,392,4093,0.09782301095029554,16,392,4093,0.09577327143904227,0,3701,0.0,16,0,3701,0.0,0,392,0.0,10,0,392,0.0,0,0
baseline_seed3,3,baseline,100,92,392,4093,0.09782301095029554,16,392,4093,0.09577327143904227,0,3701,0.0,16,0,3701,0.0,0,392,0.0,10,0,392,0.0,0,0
baseline_seed3,3,baseline,100,93,391,4093,0.0976705719259053,16,391,4093,0.09552895186904471,0,3701,0.0,16,0,3701,0.0,1,392,0.1,10,1,392,0.002551020408163265,-1,0
baseline_seed3,3,baseline,100,94,391,4093,0.0976705719259053,16,391,4093,0.09552895186904471,0,3702,0.0,16,0,3702,0.0,0,391,0.0,9,0,391,0.0,0,0
baseline_seed3,3,baseline,100,95,391,4093,0.0976705719259053,16,391,4093,0.09552895186904471,0,3702,0.0,16,0,3702,0.0,0,391,0.0,9,0,391,0.0,0,0
baseline_seed3,3,baseline,100,96,391,4093,0.0976705719259053,16,391,4093,0.09552895186904471,0,3702,0.0,16,0,3702,0.0,0,391,0.0,9,0,391,0.0,0,0
baseline_seed3,3,baseline,100,97,391,4093,0.0976705719259053,16,391,4093,0.09552895186904471,0,3702,0.0,16,0,3702,0.0,0,391,0.0,9,0,391,0.0,0,0
baseline_seed3,3,baseline,100,98,391,4093,0.0976705719259053,16,391,4093,0.09552895186904471,0,3702,0.0,16,0,3702,0.0,0,391,0.0,9,0,391,0.0,0,0
baseline_seed3,3,baseline,100,99,391,4093,0.0976705719259053,16,391,4093,0.09552895186904471,0,3702,0.0,16,0,3702,0.0,0,391,0.0,9,0,391,0.0,0,0
baseline_seed3,3,baseline,100,100,391,4093,0.0976705719259053,16,391,4093,0.09552895186904471,0,3702,0.0,16,0,3702,0.0,0,391,0.0,9,0,391,0.0,0,0
baseline_seed3,3,baseline,100,101,391,4093,0.0976705719259053,16,391,4093,0.09552895186904471,0,3702,0.0,16,0,3702,0.0,0,391,0.0,9,0,391,0.0,0,0
baseline_seed3,3,baseline,100,102,391,4093,0.0976705719259053,16,391,4093,0.09552895186904471,0,3702,0.0,16,0,3702,0.0,0,391,0.0,9,0,391,0.0,0,0
baseline_seed3,3,baseline,100,103,391,4093,0.0976705719259053,16,391,4093,0.09552895186904471,0,3702,0.0,16,0,3702,0.0,0,391,0.0,9,0,391,0.0,0,0
baseline_seed3,3,baseline,100,104,391,4093,0.0976705719259053,16,391,4093,0.09552895186904471,0,3702,0.0,16,0,3702,0.0,0,391,0.0,9,0,391,0.0,0,0
baseline_seed3,3,baseline,100,105,391,4093,0.0976705719259053,16,391,4093,0.09552895186904471,0,3702,0.0,16,0,3702,0.0,0,391,0.0,9,0,391,0.0,0,0
baseline_seed3,3,baseline,100,106,391,4093,0.0976705719259053,16,391,4093,0.09552895186904471,0,3702,0.0,16,0,3702,0.0,0,391,0.0,9,0,391,0.0,0,0
baseline_seed3,3,baseline,100,107,391,4093,0.0976705719259053,16,391,4093,0.09552895186904471,0,3702,0.0,16,0,3702,0.0,0,391,0.0,9,0,391,0.0,0,0
baseline_seed3,3,baseline,100,108,391,4093,0.0976705719259053,16,391,4093,0.09552895186904471,0,3702,0.0,16,0,3702,0.0,0,391,0.0,9,0,391,0.0,0,0
baseline_seed3,3,baseline,100,109,391,4093,0.0976705719259053,16,391,4093,0.09552895186904471,0,3702,0.0,16,0,3702,0.0,0,391,0.0,9,0,391,0.0,0,0
baseline_seed3,3,baseline,100,110,391,4093,0.0976705719259053,16,391,4093,0.09552895186904471,0,3702,0.0,16,0,3702,0.0,0,391,0.0,9,0,391,0.0,0,0
baseline_seed3,3,baseline,100,111,391,4093,0.0976705719259053,16,391,4093,0.09552895186904471,0,3702,0.0,16,0,3702,0.0,0,391,0.0,9,0,391,0.0,0,0
baseline_seed3,3,baseline,100,112,391,4093,0.0976705719259053,16,391,4093,0.09552895186904471,0,3702,0.0,16,0,3702,0.0,0,391,0.0,9,0,391,0.0,0,0
baseline_seed3,3,baseline,100,113,391,4093,0.0976705719259053,16,391,4093,0.09552895186904471,0,3702,0.0,16,0,3702,0.0,0,391,0.0,9,0,391,0.0,0,0
baseline_seed3,3,baseline,100,114,391,4093,0.0976705719259053,16,391,4093,0.09552895186904471,0,3702,0.0,16,0,3702,0.0,0,391,0.0,9,0,391,0.0,0,0
baseline_seed3,3,baseline,100,115,391,4093,0.0976705719259053,16,391,4093,0.09552895186904471,0,3702,0.0,16,0,3702,0.0,0,391,0.0,9,0,391,0.0,0,0
baseline_seed3,3,baseline,100,116,391,4093,0.0976705719259053,16,391,4093,0.09552895186904471,0,3702,0.0,16,0,3702,0.0,0,391,0.0,9,0,391,0.0,0,0
baseline_seed3,3,baseline,100,117,391,4093,0.0976705719259053,16,391,4093,0.09552895186904471,0,3702,0.0,16,0,3702,0.0,0,391,0.0,9,0,391,0.0,0,0
baseline_seed3,3,baseline,100,118,391,4093,0.0976705719259053,16,391,4093,0.09552895186904471,0,3702,0.0,16,0,3702,0.0,0,391,0.0,9,0,391,0.0,0,0
baseline_seed3,3,baseline,100,119,391,4093,0.0976705719259053,16,391,4093,0.09552895186904471,0,3702,0.0,16,0,3702,0.0,0,391,0.0,9,0,391,0.0,0,0
baseline_seed3,3,baseline,100,120,391,4093,0.0976705719259053,16,391,4093,0.09552895186904471,0,3702,0.0,16,0,3702,0.0,0,391,0.0,9,0,391,0.0,0,0
baseline_seed3,3,baseline,100,121,391,4093,0.0976705719259053,16,391,4093,0.09552895186904471,0,3702,0.0,16,0,3702,0.0,0,391,0.0,9,0,391,0.0,0,0
baseline_seed3,3,baseline,100,122,391,4093,0.0976705719259053,16,391,4093,0.09552895186904471,0,3702,0.0,16,0,3702,0.0,0,391,0.0,9,0,391,0.0,0,0
baseline_seed3,3,baseline,100,123,391,4093,0.0976705719259053,16,391,4093,0.09552895186904471,0,3702,0.0,16,0,3702,0.0,0,391,0.0,9,0,391,0.0,0,0
baseline_seed3,3,baseline,100,124,391,4093,0.0976705719259053,16,391,4093,0.09552895186904471,0,3702,0.0,16,0,3702,0.0,0,391,0.0,9,0,391,0.0,0,0
baseline_seed3,3,baseline,100,125,391,4093,0.0976705719259053,16,391,4093,0.09552895186904471,0,3702,0.0,16,0,3702,0.0,0,391,0.0,9,0,391,0.0,0,0
baseline_seed3,3,baseline,100,126,391,4093,0.0976705719259053,16,391,4093,0.09552895186904471,0,3702,0.0,16,0,3702,0.0,0,391,0.0,9,0,391,0.0,0,0
baseline_seed3,3,baseline,100,127,391,4093,0.0976705719259053,16,391,4093,0.09552895186904471,0,3702,0.0,16,0,3702,0.0,0,391,0.0,9,0,391,0.0,0,0
baseline_seed3,3,baseline,100,128,391,4093,0.0976705719259053,16,391,4093,0.09552895186904471,0,3702,0.0,16,0,3702,0.0,0,391,0.0,9,0,391,0.0,0,0
baseline_seed3,3,baseline,200,0,0,4093,0.0,16,0,4093,0.0,,,,,,,,,,,,,,,,
baseline_seed3,3,baseline,200,1,59,4093,0.016765958545613014,16,59,4093,0.014414854629855851,59,4093,0.016765958545613014,16,59,4093,0.014414854629855851,0,0,,0,0,0,,59,0
baseline_seed3,3,baseline,200,2,71,4093,0.01918789137259992,16,71,4093,0.017346689469826534,63,4034,0.016973006066018627,16,63,4034,0.015617253346554288,51,59,0.8385416666666666,16,51,59,0.864406779661017,12,0
baseline_seed3,3,baseline,200,3,157,4093,0.042520872874697975,16,157,4093,0.03835817248961642,97,4022,0.026511340110948037,16,97,4022,0.024117354549975135,11,71,0.1615327380952381,16,11,71,0.15492957746478872,86,0
baseline_seed3,3,baseline,200,4,299,4093,0.08235626922511763,16,299,4093,0.07305155142926949,209,3936,0.06078485975954472,16,209,3936,0.05309959349593496,67,157,0.444047619047619,16,67,157,0.4267515923566879,142,0
baseline_seed3,3,baseline,200,5,617,4093,0.17375116901639373,16,617,4093,0.15074517468849255,338,3794,0.10718016707212351,16,338,3794,0.08908803373748023,20,299,0.06854771466176098,16,20,299,0.06688963210702341,318,0
baseline_seed3,3,baseline,200,6,884,4093,0.2476437672885215,16,884,4093,0.2159784998778402,285,3476,0.10130941698601034,16,285,3476,0.08199079401611047,18,617,0.02627825202222074,16,18,617,0.029173419773095625,267,0
baseline_seed3,3,baseline,200,7,1103,4093,0.311181694836837,16,1103,4093,0.26948448570730515,235,3209,0.10108731522774841,16,235,3209,0.0732315363041446,16,884,0.01738399931663942,16,16,884,0.01809954751131222,219,0
baseline_seed3,3,baseline,200,8,1224,4093,0.3493794412521866,16,1224,4093,0.2990471536770095,148,2990,0.0808176284171144,16,148,2990,0.049498327759197325,27,1103,0.02290702446785241,16,27,1103,0.024478694469628286,121,0
baseline_seed3,3,baseline,200,9,1294,4093,0.3689143017311404,16,1294,4093,0.3161495235768385,88,2869,0.04773477750692302,16,88,2869,0.03067270826071802,18,1224,0.013868493850196454,16,18,1224,0.014705882352941176,70,0
baseline_seed3,3,baseline,200,10,1339,4093,0.3844004940945261,16,1339,4093,0.32714390422672857,64,2799,0.04192915840388027,16,64,2799,0.022865309038942478,19,1294,0.013531489646321837,16,19,1294,0.014683153013910355,45,0
baseline_seed3,3,baseline,200,11,1380,4093,0.3986750838912733,16,1380,4093,0.3371610065966284,60,2754,0.04246712597483861,16,60,2754,0.02178649237472767,19,1339,0.013935888347163815,16,19,1339,0.014189693801344288,41,0
baseline_seed3,3,baseline,200,12,1427,4093,0.41336324614091735,16,1427,4093,0.34864402638651354,58,2713,0.043265692896600844,16,58,2713,0.02137854773313675,11,1380,0.00701977298451819,16,11,1380,0.007971014492753623,47,0
baseline_seed3,3,baseline,200,13,1458,4093,0.42361122035326226,16,1458,4093,0.35621793305643784,39,2666,0.03399652340707979,16,39,2666,0.014628657164291074,8,1427,0.005445458354010039,16,8,1427,0.005606166783461808,31,0
baseline_seed3,3,baseline,200,14,1477,4093,0.4293086388735672,16,1477,4093,0.3608600048863914,23,2635,0.022349845097343314,16,23,2635,0.00872865275142315,4,1458,0.0026895424189631507,16,4,1458,0.0027434842249657062,19,0
baseline_seed3,3,baseline,200,15,1499,4093,0.4340591355098393,16,1499,4093,0.3662350354263377,27,2616,0.015768736687161132,16,27,2616,0.010321100917431193,5,1477,0.003191751521481302,16,5,1477,0.003385240352064997,22,0
baseline_seed3,3,baseline,200,16,1514,4093,0.43844796844331113,16,1514,4093,0.369899828976301,17,2594,0.01565866913350526,16,17,2594,0.0065535851966075555,2,1499,0.00128125,16,2,1499,0.00133422281521014,15,0
baseline_seed3,3,baseline,200,17,1522,4093,0.4405214086980069,16,1522,4093,0.3718543855362815,15,2579,0.011052165148931018,16,15,2579,0.0058162078324932144,7,1514,0.005614291132396677,16,7,1514,0.004623513870541612,8,0
baseline_seed3,3,baseline,200,18,1530,4093,0.44245774836395435,16,1530,4093,0.3738089420962619,12,2571,0.008724024869292381,16,12,2571,0.004667444574095682,4,1522,0.0023132573584380813,16,4,1522,0.002628120893561104,8,0
baseline_seed3,3,baseline,200,19,1541,4093,0.44622520119164266,16,1541,4093,0.37649645736623505,12,2563,0.017416334929305038,16,12,2563,0.0046820132657042525,1,1530,0.000496031746031746,16,1,1530,0.00065359477124183,11,0
baseline_seed3,3,baseline,200,20,1549,4093,0.44868808008240196,16,1549,4093,0.3784510139262155,10,2552,0.013943476997003768,16,10,2552,0.003918495297805642,2,1541,0.0021210407239819007,16,2,1541,0.0012978585334198572,8,0
baseline_seed3,3,baseline,200,21,1560,4093,0.4525196095162449,16,1560,4093,0.3811385291961886,14,2544,0.02608152568037825,16,14,2544,0.00550314465408805,3,1549,0.0030322086968758797,16,3,1549,0.001936733376371853,11,0
baseline_seed3,3,baseline,200,22,1567,4093,0.4545063242550942,16,1567,4093,0.38284876618617153,10,2533,0.0190635831741517,16,10,2533,0.0039478878799842085,3,1560,0.0017070573666310707,16,3,1560,0.0019230769230769232,7,0
baseline_seed3,3,baseline,200,23,1578,4093,0.4577434030398625,16,1578,4093,0.38553628145614466,11,2526,0.02578803185266616,16,11,2526,0.00435471100554236,0,1567,0.0,16,0,1567,0.0,11,0
baseline_seed3,3,baseline,200,24,1594,4093,0.4616127884572786,16,1594,4093,0.38944539457610555,18,2515,0.025643342848655853,16,18,2515,0.007157057654075547,2,1578,0.0008499932000543995,16,2,1578,0.0012674271229404308,16,0
baseline_seed3,3,baseline,200,25,1614,4093,0.4657085219125657,16,1614,4093,0.39433178597605667,20,2499,0.008276620393916224,16,20,2499,0.008003201280512205,0,1594,0.0,16,0,1594,0.0,20,0
baseline_seed3,3,baseline,200,26,1623,4093,0.4678939777392078,16,1623,4093,0.3965306621060347,9,2479,0.005405935121896103,16,9,2479,0.003630496167809601,0,1614,0.0,16,0,1614,0.0,9,0
baseline_seed3,3,baseline,200,27,1629,4093,0.4696957327462474,16,1629,4093,0.39799657952602,6,2470,0.003789600106752865,16,6,2470,0.0024291497975708503,0,1623,0.0,16,0,1623,0.0,6,0
baseline_seed3,3,baseline,200,28,1640,4093,0.4730591042558552,16,1640,4093,0.40068409479599315,12,2464,0.01127349077368504,16,12,2464,0.00487012987012987,1,1629,0.0004496402877697842,16,1,1629,0.0006138735420503376,11,0
baseline_seed3,3,baseline,200,29,1656,4093,0.4775810011348427,16,1656,4093,0.40459320791595405,17,2453,0.03193728095822128,16,17,2453,0.006930289441500204,1,1640,0.0006443298969072165,16,1,1640,0.0006097560975609756,16,0
baseline_seed3,3,baseline,200,30,1662,4093,0.4793936885907393,16,1662,4093,0.4060591253359394,6,2437,0.0057385993259361145,16,6,2437,0.0024620434961017644,0,1656,0.0,16,0,1656,0.0,6,0
baseline_seed3,3,baseline,200,31,1671,4093,0.4818642561252203,16,1671,4093,0.4082580014659174,9,2431,0.03652140125599046,16,9,2431,0.003702180172768408,0,1662,0.0,16,0,1662,0.0,9,0
baseline_seed3,3,baseline,200,32,1674,4093,0.4826952062934853,16,1674,4093,0.4089909601759101,5,2422,0.06546489938250542,16,5,2422,0.002064409578860446,2,1671,0.0012487512487512488,16,2,1671,0.0011968880909634949,3,0
baseline_seed3,3,baseline,200,33,1684,4093,0.485743311429441,16,1684,4093,0.41143415587588567,11,2419,0.010077278293578764,15,11,2419,0.0045473336089293095,1,1674,0.0010775862068965517,16,1,1674,0.0005973715651135006,10,0
baseline_seed3,3,baseline,200,34,1694,4093,0.48795561249122044,16,1694,4093,0.41387735157586125,11,2409,0.003857302315074653,15,11,2409,0.0045662100456621,1,1684,0.0010964912280701754,16,1,1684,0.0005938242280285036,10,0
baseline_seed3,3,baseline,200,35,1699,4093,0.48895438367176586,16,1699,4093,0.415098949425849,6,2399,0.0018151187236818487,15,6,2399,0.0025010421008753647,1,1694,0.0010964912280701754,16,1,1694,0.0005903187721369539,5,0
baseline_seed3,3,baseline,200,36,1703,4093,0.4894272021686278,16,1703,4093,0.41607622770583924,6,2394,0.001574886209277531,15,6,2394,0.002506265664160401,2,1699,0.0018973214285714286,16,2,1699,0.0011771630370806356,4,0
baseline_seed3,3,baseline,200,37,1704,4093,0.48957964119301806,16,1704,4093,0.4163205472758368,2,2390,0.0008873287504266004,15,2,2390,0.0008368200836820083,1,1703,0.0007911392405063291,16,1,1703,0.0005871990604815032,1,0
baseline_seed3,3,baseline,200,38,1712,4093,0.4919105186258841,16,1712,4093,0.41827510383581723,8,2389,0.00586655302340486,15,8,2389,0.0033486814566764337,0,1704,0.0,16,0,1704,0.0,8,0
baseline_seed3,3,baseline,200,39,1720,4093,0.49388577511608095,16,1720,4093,0.4202296603957977,8,2381,0.003557427532759601,15,8,2381,0.0033599328013439733,0,1712,0.0,16,0,1712,0.0,8,0
baseline_seed3,3,baseline,200,40,1725,4093,0.4953726339779463,16,1725,4093,0.4214512582457855,6,2373,0.0051063718980288,15,6,2373,0.0025284450063211127,1,1720,0.0008680555555555555,16,1,1720,0.0005813953488372093,5,0
baseline_seed3,3,baseline,200,41,1734,4093,0.4973556479741508,16,1734,4093,0.4236501343757635,9,2368,0.00381687930631113,15,9,2368,0.003800675675675676,0,1725,0.0,16,0,1725,0.0,9,0
baseline_seed3,3,baseline,200,42,1739,4093,0.49897971347593695,16,1739,4093,0.4248717322257513,6,2359,0.007110283418105116,15,6,2359,0.002543450614667232,1,1734,0.00078125,16,1,1734,0.0005767012687427913,5,0
baseline_seed3,3,baseline,200,43,1747,4093,0.5010199827149886,16,1747,4093,0.42682628878573176,8,2354,0.005425949660594243,15,8,2354,0.0033984706881903144,0,1739,0.0,16,0,1739,0.0,8,0
baseline_seed3,3,baseline,200,44,1754,4093,0.5028660264612018,16,1754,4093,0.42853652577571466,7,2346,0.005479633564513834,15,7,2346,0.0029838022165387893,0,1747,0.0,16,0,1747,0.0,7,0
baseline_seed3,3,baseline,200,45,1760,4093,0.5039469176706901,16,1760,4093,0.43000244319569997,7,2339,0.00288965810455331,15,7,2339,0.002992731936725096,1,1754,0.0007716049382716049,16,1,1754,0.0005701254275940707,6,0
baseline_seed3,3,baseline,200,46,1760,4093,0.5041323164841378,16,1760,4093,0.43000244319569997,1,2333,0.000634920634920635,15,1,2333,0.0004286326618088298,1,1760,0.0003698224852071006,16,1,1760,0.0005681818181818182,0,0
baseline_seed3,3,baseline,200,47,1762,4093,0.5047016385328247,16,1762,4093,0.4304910823356951,2,2333,0.0010845557434233577,15,2,2333,0.0008572653236176596,0,1760,0.0,16,0,1760,0.0,2,0
baseline_seed3,3,baseline,200,48,1766,4093,0.5055358730944062,16,1766,4093,0.43146836061568533,4,2331,0.0013708280343706775,15,4,2331,0.001716001716001716,0,1762,0.0,16,0,1762,0.0,4,0
baseline_seed3,3,baseline,200,49,1766,4093,0.5053674119503353,16,1766,4093,0.43146836061568533,1,2327,0.00022988505747126436,15,1,2327,0.0004297378599054577,1,1766,0.0007621951219512195,16,1,1766,0.0005662514156285391,0,0
baseline_seed3,3,baseline,200,50,1769,4093,0.5061221885127132,16,1769,4093,0.432201319325678,3,2327,0.0014549506230608434,15,3,2327,0.001289213579716373,0,1766,0.0,16,0,1766,0.0,3,0
baseline_seed3,3,baseline,200,51,1771,4093,0.506460941900247,16,1771,4093,0.4326899584656731,2,2324,0.000461361014994233,15,2,2324,0.0008605851979345956,0,1769,0.0,16,0,1769,0.0,2,0
baseline_seed3,3,baseline,200,52,1777,4093,0.5078814361798922,16,1777,4093,0.43415587588565846,7,2322,0.002671225212609543,15,7,2322,0.0030146425495262705,1,1771,0.0007621951219512195,16,1,1771,0.000564652738565782,6,0
baseline_seed3,3,baseline,200,53,1781,4093,0.5087876554331676,16,1781,4093,0.4351331541656487,4,2316,0.0015789473684210524,15,4,2316,0.0017271157167530224,0,1777,0.0,16,0,1777,0.0,4,0
baseline_seed3,3,baseline,200,54,1783,4093,0.5097696755787753,16,1783,4093,0.43562179330564377,4,2312,0.0045280079985265875,15,4,2312,0.0017301038062283738,2,1781,0.0016949533045977011,16,2,1781,0.0011229646266142617,2,0
baseline_seed3,3,baseline,200,55,1786,4093,0.5104942314354449,16,1786,4093,0.43635475201563645,3,2310,0.003248920298390263,15,3,2310,0.0012987012987012987,0,1783,0.0,16,0,1783,0.0,3,0
baseline_seed3,3,baseline,200,56,1791,4093,0.5121240079604374,16,1791,4093,0.4375763498656242,6,2307,0.009708146164799874,15,6,2307,0.002600780234070221,1,1786,0.0003453038674033149,16,1,1786,0.0005599104143337066,5,0
baseline_seed3,3,baseline,200,57,1796,4093,0.5137778600652783,16,1796,4093,0.43879794771561204,6,2302,0.00749409743879524,15,6,2302,0.0026064291920069507,1,1791,0.000992063492063492,16,1,1791,0.0005583472920156337,5,0
baseline_seed3,3,baseline,200,58,1801,4093,0.5152425769459472,16,1801,4093,0.4400195455655998,7,2297,0.006162827751160296,15,7,2297,0.0030474531998258597,2,1796,0.0015988596085683463,16,2,1796,0.0011135857461024498,5,0
baseline_seed3,3,baseline,200,59,1805,4093,0.516218034416613,16,1805,4093,0.44099682384559,5,2292,0.007075702075702075,15,5,2292,0.002181500872600349,1,1801,0.0005530973451327434,16,1,1801,0.000555247084952804,4,0
baseline_seed3,3,baseline,200,60,1812,4093,0.518055921511132,16,1812,4093,0.44270706083557293,7,2288,0.006000352059849765,15,7,2288,0.0030594405594405595,0,1805,0.0,16,0,1805,0.0,7,0
baseline_seed3,3,baseline,200,61,1816,4093,0.5189961315382323,16,1816,4093,0.44368433911556315,5,2281,0.0031072860253209228,15,5,2281,0.0021920210434020165,1,1812,0.0006578947368421052,16,1,1812,0.0005518763796909492,4,0
baseline_seed3,3,baseline,200,62,1819,4093,0.5194628119024729,16,1819,4093,0.44441729782555583,5,2277,0.0013903726634833505,15,5,2277,0.0021958717610891525,2,1816,0.0013354700854700855,16,2,1816,0.0011013215859030838,3,0
baseline_seed3,3,baseline,200,63,1826,4093,0.5207663394123211,16,1826,4093,0.44612753481553874,7,2274,0.002702398664793069,15,7,2274,0.0030782761653474055,0,1819,0.0,16,0,1819,0.0,7,0
baseline_seed3,3,baseline,200,64,1832,4093,0.522476913343888,16,1832,4093,0.44759345223552405,6,2267,0.006390559756248803,15,6,2267,0.002646669607410675,0,1826,0.0,16,0,1826,0.0,6,0
baseline_seed3,3,baseline,200,65,1834,4093,0.5227733494001546,16,1834,4093,0.4480820913755192,4,2261,0.0022424056176843657,15,4,2261,0.0017691287041132243,2,1832,0.0014204545454545455,16,2,1832,0.001091703056768559,2,0
baseline_seed3,3,baseline,200,66,1839,4093,0.5236413699605256,16,1839,4093,0.44930368922550695,5,2259,0.0016189088554314393,15,5,2259,0.002213368747233289,0,1834,0.0,16,0,1834,0.0,5,0
baseline_seed3,3,baseline,200,67,1844,4093,0.5248818121630792,16,1844,4093,0.4505252870754948,5,2254,0.003116705029464002,15,5,2254,0.0022182786157941437,0,1839,0.0,16,0,1839,0.0,5,0
baseline_seed3,3,baseline,200,68,1847,4093,0.5252892232216484,16,1847,4093,0.4512582457854874,5,2249,0.0016889227034535732,15,5,2249,0.0022232103156958646,2,1844,0.0017273576097105508,16,2,1844,0.0010845986984815619,3,0
baseline_seed3,3,baseline,200,69,1850,4093,0.5257146661792187,16,1850,4093,0.4519912044954801,4,2246,0.0011537966537966539,15,4,2246,0.0017809439002671415,1,1847,0.0006067961165048543,16,1,1847,0.0005414185165132648,3,0
baseline_seed3,3,baseline,200,70,1852,4093,0.5261380993574687,16,1852,4093,0.4524798436354752,4,2243,0.001411799452000457,15,4,2243,0.0017833259028087382,2,1850,0.0016569571090847687,16,2,1850,0.001081081081081081,2,0
baseline_seed3,3,baseline,200,71,1858,4093,0.5271773527945518,16,1858,4093,0.45394576105546053,8,2241,0.003874731235250143,15,8,2241,0.0035698348951361,2,1852,0.0014204545454545455,16,2,1852,0.0010799136069114472,6,0
baseline_seed3,3,baseline,200,72,1860,4093,0.5275902084856088,16,1860,4093,0.45443440019545567,2,2235,0.0014782326185834957,15,2,2235,0.0008948545861297539,0,1858,0.0,16,0,1858,0.0,2,0
baseline_seed3,3,baseline,200,73,1867,4093,0.5292420044358539,16,1867,4093,0.4561446371854386,7,2233,0.004688888549073355,15,7,2233,0.003134796238244514,0,1860,0.0,16,0,1860,0.0,7,0
baseline_seed3,3,baseline,200,74,1866,4093,0.528689844970341,16,1866,4093,0.455900317615441,2,2226,0.0005367517049760041,15,2,2226,0.0008984725965858042,3,1867,0.0017377009564509564,16,3,1867,0.0016068559185859668,-1,0
baseline_seed3,3,baseline,200,75,1867,4093,0.5283679213689394,16,1867,4093,0.4561446371854386,3,2227,0.0008692870931999131,15,3,2227,0.001347103726986978,2,1866,0.0014204545454545455,16,2,1866,0.0010718113612004287,1,0
baseline_seed3,3,baseline,200,76,1869,4093,0.5288041373142649,16,1869,4093,0.45663327632543366,3,2226,0.0015548172757475084,15,3,2226,0.0013477088948787063,1,1867,0.0007267441860465116,16,1,1867,0.0005356186395286556,2,0
baseline_seed3,3,baseline,200,77,1874,4093,0.5300995546703176,16,1874,4093,0.4578548741754215,5,2224,0.0025698466453183432,15,5,2224,0.0022482014388489208,0,1869,0.0,16,0,1869,0.0,5,0
baseline_seed3,3,baseline,200,78,1878,4093,0.5313860098764946,16,1878,4093,0.4588321524554117,4,2219,0.0029009897797981753,15,4,2219,0.0018026137899954935,0,1874,0.0,16,0,1874,0.0,4,0
baseline_seed3,3,baseline,200,79,1881,4093,0.5325750730805986,16,1881,4093,0.4595651111654043,4,2215,0.003186274509803922,15,4,2215,0.0018058690744920992,1,1878,0.000992063492063492,16,1,1878,0.0005324813631522897,3,0
baseline_seed3,3,baseline,200,80,1886,4093,0.5340185179030846,16,1886,4093,0.46078670901539215,6,2212,0.0042331762006721195,15,6,2212,0.0027124773960217,1,1881,0.0005630630630630631,16,1,1881,0.000531632110579479,5,0
baseline_seed3,3,baseline,200,81,1888,4093,0.5345696895912722,16,1888,4093,0.46127534815538723,4,2207,0.003235762644364795,15,4,2207,0.0018124150430448573,2,1886,0.0012420068863748155,16,2,1886,0.0010604453870625664,2,0
baseline_seed3,3,baseline,200,82,1891,4093,0.5350414658416579,16,1891,4093,0.4620083068653799,5,2205,0.005357040140417544,15,5,2205,0.0022675736961451248,2,1888,0.0012209577999051683,16,2,1888,0.001059322033898305,3,0
baseline_seed3,3,baseline,200,83,1889,4093,0.5346626364700582,16,1889,4093,0.46151966772538483,1,2202,0.001058201058201058,15,1,2202,0.00045413260672116256,3,1891,0.0022625807746597427,16,3,1891,0.0015864621893178213,-2,0
baseline_seed3,3,baseline,200,84,1887,4093,0.533708778525961,16,1887,4093,0.4610310285853897,3,2204,0.0012363716530383198,15,3,2204,0.0013611615245009074,5,1889,0.00318515704154002,16,5,1889,0.0026469031233456856,-2,0
baseline_seed3,3,baseline,200,85,1891,4093,0.5344041244667947,16,1891,4093,0.4620083068653799,6,2206,0.0021374722260925627,15,6,2206,0.0027198549410698096,2,1887,0.0012329931972789115,16,2,1887,0.0010598834128245894,4,0
baseline_seed3,3,baseline,200,86,1892,4093,0.5345744872659761,16,1892,4093,0.46225262643537746,3,2202,0.0007253644808396284,15,3,2202,0.0013623978201634877,2,1891,0.0013339961045284857,16,2,1891,0.0010576414595452142,1,0
baseline_seed3,3,baseline,200,87,1890,4093,0.5340061489987334,16,1890,4093,0.46176398729538237,1,2201,0.0003189792663476874,15,1,2201,0.00045433893684688776,3,1892,0.0018087191934279313,16,3,1892,0.0015856236786469344,-2,0
baseline_seed3,3,baseline,200,88,1889,4093,0.5334310801282101,16,1889,4093,0.46151966772538483,1,2203,0.0004761904761904762,15,1,2203,0.00045392646391284613,2,1890,0.0011363636363636363,16,2,1890,0.0010582010582010583,-1,0
baseline_seed3,3,baseline,200,89,1891,4093,0.5337564603328714,16,1891,4093,0.4620083068653799,3,2204,0.0014853869836774737,15,3,2204,0.0013611615245009074,1,1889,0.0005787037037037037,16,1,1889,0.0005293806246691371,2,0
baseline_seed3,3,baseline,200,90,1890,4093,0.5334352895928709,16,1890,4093,0.46176398729538237,3,2202,0.0012490245760922451,15,3,2202,0.0013623978201634877,4,1891,0.0032460375754407786,16,4,1891,0.0021152829190904283,-1,0
baseline_seed3,3,baseline,200,91,1890,4093,0.533083814006867,16,1890,4093,0.46176398729538237,2,2203,0.0006441223832528181,15,2,2203,0.0009078529278256923,2,1890,0.0012861439425918108,16,2,1890,0.0010582010582010583,0,0
baseline_seed3,3,baseline,200,92,1890,4093,0.533063528208616,16,1890,4093,0.46176398729538237,2,2203,0.0005796561782411717,15,2,2203,0.0009078529278256923,2,1890,0.0016545601291364004,16,2,1890,0.0010582010582010583,0,0
baseline_seed3,3,baseline,200,93,1893,4093,0.5333611574921944,16,1893,4093,0.46249694600537505,6,2203,0.002667927207365159,15,6,2203,0.0027235587834770767,3,1890,0.0017802068214804064,16,3,1890,0.0015873015873015873,3,0
baseline_seed3,3,baseline,200,94,1895,4093,0.5336999108797282,16,1895,4093,0.46298558514537014,2,2200,0.0005069708491761723,15,2,2200,0.0009090909090909091,0,1893,0.0,16,0,1893,0.0,2,0
baseline_seed3,3,baseline,200,95,1897,4093,0.5339940416763662,16,1897,4093,0.4634742242853653,4,2198,0.0011065679576918838,15,4,2198,0.0018198362147406734,2,1895,0.0016562899106002554,16,2,1895,0.0010554089709762533,2,0
baseline_seed3,3,baseline,200,96,1897,4093,0.5338519610838333,16,1897,4093,0.4634742242853653,3,2196,0.0014750167736381705,15,3,2196,0.001366120218579235,3,1897,0.002756133952254642,16,3,1897,0.0015814443858724301,0,0
baseline_seed3,3,baseline,200,97,1896,4093,0.5336911368307602,16,1896,4093,0.4632299047153677,2,2196,0.0004415011037527594,15,2,2196,0.0009107468123861566,3,1897,0.0017583689458689458,16,3,1897,0.0015814443858724301,-1,0
baseline_seed3,3,baseline,200,98,1897,4093,0.5340840216909152,16,1897,4093,0.4634742242853653,2,2197,0.0012635864346890965,15,2,2197,0.0009103322712790169,1,1896,0.0010775862068965517,16,1,1896,0.0005274261603375527,1,0
baseline_seed3,3,baseline,200,99,1897,4093,0.5339081614235759,16,1897,4093,0.4634742242853653,2,2196,0.00044979444469728,15,2,2196,0.0009107468123861566,2,1897,0.0012861439425918108,16,2,1897,0.0010542962572482868,0,0
baseline_seed3,3,baseline,200,100,1899,4093,0.5342413718707869,16,1899,4093,0.46396286342536036,3,2196,0.0007057702228867728,15,3,2196,0.001366120218579235,1,1897,0.0005841121495327102,16,1,1897,0.0005271481286241434,2,0
baseline_seed3,3,baseline,200,101,1903,4093,0.5349344915813137,16,1903,4093,0.4649401417053506,4,2194,0.0009233492472788855,15,4,2194,0.0018231540565177757,0,1899,0.0,16,0,1899,0.0,4,0
baseline_seed3,3,baseline,200,102,1905,4093,0.5355435606274328,16,1905,4093,0.4654287808453457,3,2190,0.002027027027027027,15,3,2190,0.0013698630136986301,1,1903,0.0005787037037037037,16,1,1903,0.0005254860746190226,2,0
baseline_seed3,3,baseline,200,103,1905,4093,0.5355435606274328,16,1905,4093,0.4654287808453457,0,2188,0.0,15,0,2188,0.0,0,1905,0.0,16,0,1905,0.0,0,0
baseline_seed3,3,baseline,200,104,1908,4093,0.5361842463821165,16,1908,4093,0.4661617395553384,3,2188,0.0014348317783432285,15,3,2188,0.0013711151736745886,0,1905,0.0,16,0,1905,0.0,3,0
baseline_seed3,3,baseline,200,105,1911,4093,0.5370555007979531,16,1911,4093,0.46689469826533103,4,2185,0.002474503842789603,15,4,2185,0.0018306636155606408,1,1908,0.0005733944954128441,16,1,1908,0.0005241090146750524,3,0
baseline_seed3,3,baseline,200,106,1914,4093,0.5377013908644563,16,1914,4093,0.4676276569753237,3,2182,0.0014347799093561806,15,3,2182,0.001374885426214482,0,1911,0.0,16,0,1911,0.0,3,0
baseline_seed3,3,baseline,200,107,1915,4093,0.5382320357098136,16,1915,4093,0.46787197654532126,2,2179,0.002007850241545894,15,2,2179,0.0009178522257916476,1,1914,0.0005681818181818182,16,1,1914,0.0005224660397074191,1,0
baseline_seed3,3,baseline,200,108,1914,4093,0.5380626590160467,16,1914,4093,0.4676276569753237,0,2178,0.0,15,0,2178,0.0,1,1915,0.0005733944954128441,16,1,1915,0.0005221932114882506,-1,0
baseline_seed3,3,baseline,200,109,1918,4093,0.5391795744596053,16,1918,4093,0.46860493525531394,5,2179,0.0030000965903602818,15,5,2179,0.002294630564479119,1,1914,0.0005787037037037037,16,1,1914,0.0005224660397074191,4,0
baseline_seed3,3,baseline,200,110,1919,4093,0.5394815068267551,16,1919,4093,0.46884925482531153,3,2175,0.001730069024211065,15,3,2175,0.001379310344827586,2,1918,0.001185499820208558,16,2,1918,0.0010427528675703858,1,0
baseline_seed3,3,baseline,200,111,1919,4093,0.5394815068267551,16,1919,4093,0.46884925482531153,1,2174,0.00047961630695443646,15,1,2174,0.00045998160073597056,1,1919,0.0006067961165048543,16,1,1919,0.0005211047420531526,0,0
baseline_seed3,3,baseline,200,112,1919,4093,0.5394593648455587,16,1919,4093,0.46884925482531153,2,2174,0.0005887611749680715,15,2,2174,0.0009199632014719411,2,1919,0.0015552662037037037,16,2,1919,0.0010422094841063053,0,0
baseline_seed3,3,baseline,200,113,1919,4093,0.5392909037014878,16,1919,4093,0.46884925482531153,1,2174,0.00025542784163473816,15,1,2174,0.00045998160073597056,1,1919,0.0006868131868131869,16,1,1919,0.0005211047420531526,0,0
baseline_seed3,3,baseline,200,114,1920,4093,0.5396724094436655,16,1920,4093,0.4690935743953091,2,2174,0.0017118553960659222,15,2,2174,0.0009199632014719411,1,1919,0.0006067961165048543,16,1,1919,0.0005211047420531526,1,0
baseline_seed3,3,baseline,200,115,1921,4093,0.5396833839335756,16,1921,4093,0.4693378939653066,2,2173,0.0007326007326007325,15,2,2173,0.0009203865623561896,1,1920,0.0006067961165048543,16,1,1920,0.0005208333333333333,1,0
baseline_seed3,3,baseline,200,116,1920,4093,0.5396538319489733,16,1920,4093,0.4690935743953091,1,2172,0.001075268817204301,15,1,2172,0.00046040515653775324,2,1921,0.0011749779346866725,16,2,1921,0.001041124414367517,-1,0
baseline_seed3,3,baseline,200,117,1923,4093,0.5404795622775247,16,1923,4093,0.46982653310530176,3,2173,0.0018254969074641206,15,3,2173,0.0013805798435342844,0,1920,0.0,16,0,1920,0.0,3,0
baseline_seed3,3,baseline,200,118,1922,4093,0.5403938690409811,16,1922,4093,0.46958221353530416,1,2170,0.00047961630695443646,15,1,2170,0.0004608294930875576,2,1923,0.0015602453102453102,16,2,1923,0.0010400416016640667,-1,0
baseline_seed3,3,baseline,200,119,1920,4093,0.5402293726000444,16,1920,4093,0.4690935743953091,4,2171,0.003497401537602543,15,4,2171,0.0018424689083371719,6,1922,0.004496110134133753,16,6,1922,0.003121748178980229,-2,0
baseline_seed3,3,baseline,200,120,1919,4093,0.5399978883891954,16,1919,4093,0.46884925482531153,1,2173,0.0007017543859649122,15,1,2173,0.0004601932811780948,2,1920,0.0012445512185456707,16,2,1920,0.0010416666666666667,-1,0
baseline_seed3,3,baseline,200,121,1922,4093,0.5408236187177468,16,1922,4093,0.46958221353530416,3,2174,0.0018461552597002857,15,3,2174,0.0013799448022079118,0,1919,0.0,16,0,1919,0.0,3,0
baseline_seed3,3,baseline,200,122,1921,4093,0.5408037353667393,16,1921,4093,0.4693378939653066,1,2171,0.001058201058201058,15,1,2171,0.00046061722708429296,2,1922,0.000868205816167561,16,2,1922,0.001040582726326743,-1,0
baseline_seed3,3,baseline,200,123,1920,4093,0.5406602052034464,16,1920,4093,0.4690935743953091,1,2172,0.0013888888888888887,15,1,2172,0.00046040515653775324,2,1921,0.0010319960212201592,16,2,1921,0.001041124414367517,-1,0
baseline_seed3,3,baseline,200,124,1922,4093,0.5411207670122204,16,1922,4093,0.46958221353530416,4,2173,0.0019922115191850494,15,4,2173,0.0018407731247123793,2,1920,0.001648462783171521,16,2,1920,0.0010416666666666667,2,0
baseline_seed3,3,baseline,200,125,1923,4093,0.5413790314750304,16,1923,4093,0.46982653310530176,1,2171,0.00047961630695443646,15,1,2171,0.00046061722708429296,0,1922,0.0,16,0,1922,0.0,1,0
baseline_seed3,3,baseline,200,126,1924,4093,0.5414380258954692,16,1924,4093,0.4700708526752993,3,2170,0.000718390804597701,15,3,2170,0.0013824884792626728,2,1923,0.0011796652421652422,16,2,1923,0.0010400416016640667,1,0
baseline_seed3,3,baseline,200,127,1926,4093,0.5418834747989536,16,1926,4093,0.4705594918152944,3,2169,0.0009568153780749612,15,3,2169,0.0013831258644536654,1,1924,0.0005787037037037037,16,1,1924,0.0005197505197505198,2,0
baseline_seed3,3,baseline,200,128,1927,4093,0.5419584207833547,16,1927,4093,0.470803811385292,2,2167,0.0004567549282996437,15,2,2167,0.0009229349330872173,1,1926,0.0006009615384615385,16,1,1926,0.0005192107995846313,1,0
baseline_seed3,3,baseline,300,0,0,4093,0.0,16,0,4093,0.0,,,,,,,,,,,,,,,,
baseline_seed3,3,baseline,300,1,111,4093,0.03082944139480167,16,111,4093,0.027119472269728804,111,4093,0.03082944139480167,16,111,4093,0.027119472269728804,0,0,,0,0,0,,111,0
baseline_seed3,3,baseline,300,2,328,4093,0.09098417062487568,16,328,4093,0.08013681895919864,303,3982,0.08671460347113574,16,303,3982,0.07609241587142139,86,111,0.7569940476190475,16,86,111,0.7747747747747747,217,0
baseline_seed3,3,baseline,300,3,579,4093,0.16047633028160407,16,579,4093,0.1414610310285854,299,3765,0.09274899374671765,16,299,3765,0.07941567065073041,48,328,0.13969216135751,16,48,328,0.14634146341463414,251,0
baseline_seed3,3,baseline,300,4,733,4093,0.2042759846107144,16,733,4093,0.17908624480820914,179,3514,0.06389547685838066,16,179,3514,0.050939100739897554,25,579,0.040535063946886024,16,25,579,0.04317789291882556,154,0
baseline_seed3,3,baseline,300,5,868,4093,0.24338837745504238,16,868,4093,0.2120693867578793,141,3360,0.054913506268976287,16,141,3360,0.04196428571428571,6,733,0.008491371792527964,16,6,733,0.008185538881309686,135,0
baseline_seed3,3,baseline,300,6,962,4093,0.2705780799375812,16,962,4093,0.23503542633764965,102,3225,0.04311822811542915,16,102,3225,0.03162790697674418,8,868,0.00941094094763027,16,8,868,0.009216589861751152,94,0
baseline_seed3,3,baseline,300,7,1020,4093,0.2871146590556739,16,1020,4093,0.24920596139750795,66,3131,0.030214696595997913,16,66,3131,0.021079527307569467,8,962,0.008236959343849245,16,8,962,0.008316008316008316,58,0
baseline_seed3,3,baseline,300,8,1071,4093,0.3020318289502605,16,1071,4093,0.2616662594673833,57,3073,0.027954974514175494,16,57,3073,0.01854864952814839,6,1020,0.00687112986220129,16,6,1020,0.0058823529411764705,51,0
baseline_seed3,3,baseline,300,9,1107,4093,0.312182851708862,16,1107,4093,0.2704617639872954,41,3022,0.02135344334825959,16,41,3022,0.013567174056915949,5,1071,0.004336927819873847,16,5,1071,0.004668534080298786,36,0
baseline_seed3,3,baseline,300,10,1138,4093,0.3209604607247395,16,1138,4093,0.2780356706572196,34,2986,0.018746550913664745,16,34,2986,0.011386470194239785,3,1107,0.0028702270381836944,16,3,1107,0.0027100271002710027,31,0
baseline_seed3,3,baseline,300,11,1147,4093,0.3240196956497848,16,1147,4093,0.28023454678719767,15,2955,0.009919163500517926,16,15,2955,0.005076142131979695,6,1138,0.004673440318882134,16,6,1138,0.005272407732864675,9,0
baseline_seed3,3,baseline,300,12,1164,4093,0.3294655257984004,16,1164,4093,0.2843879794771561,22,2946,0.013741863502473022,16,22,2946,0.00746775288526816,5,1147,0.004307771039954617,16,5,1147,0.004359197907585004,17,0
baseline_seed3,3,baseline,300,13,1179,4093,0.3333787739497417,16,1179,4093,0.28805277302711946,17,2929,0.009686974574650085,16,17,2929,0.005804028678729942,2,1164,0.0011801730920535012,16,2,1164,0.001718213058419244,15,0
baseline_seed3,3,baseline,300,14,1184,4093,0.33545295437341,16,1184,4093,0.2892743708771073,11,2914,0.008760722667216144,16,11,2914,0.0037748798901853123,6,1179,0.005128675722425723,16,6,1179,0.005089058524173028,5,0
baseline_seed3,3,baseline,300,15,1199,4093,0.3393843523571195,16,1199,4093,0.29293916442707063,16,2909,0.006759363368676661,16,16,2909,0.005500171880371262,1,1184,0.0009328358208955224,16,1,1184,0.0008445945945945946,15,0
baseline_seed3,3,baseline,300,16,1214,4093,0.3425619298483583,16,1214,4093,0.296603957977034,19,2894,0.007210023703037025,16,19,2894,0.0065653075328265375,4,1199,0.003801907968574635,16,4,1199,0.003336113427856547,15,0
baseline_seed3,3,baseline,300,17,1221,4093,0.3442891219476335,16,1221,4093,0.29831419496701683,10,2879,0.005127943003341221,16,10,2879,0.0034734282737061478,3,1214,0.002953889919016149,16,3,1214,0.002471169686985173,7,0
baseline_seed3,3,baseline,300,18,1228,4093,0.3460524518607535,16,1228,4093,0.30002443195699974,8,2872,0.004065736296360039,16,8,2872,0.002785515320334262,1,1221,0.0006578947368421052,16,1,1221,0.000819000819000819,7,0
baseline_seed3,3,baseline,300,19,1237,4093,0.3487227785484358,16,1237,4093,0.3022233080869778,10,2865,0.005711112720451874,16,10,2865,0.0034904013961605585,1,1228,0.0007530120481927711,16,1,1228,0.0008143322475570033,9,0
baseline_seed3,3,baseline,300,20,1246,4093,0.3518723012856426,16,1246,4093,0.30442218421695577,12,2856,0.006870762374560659,16,12,2856,0.004201680672268907,3,1237,0.0030974329569513057,16,3,1237,0.002425222312045271,9,0
baseline_seed3,3,baseline,300,21,1250,4093,0.3526605787221292,16,1250,4093,0.305399462496946,7,2847,0.0021898747811613327,16,7,2847,0.0024587284861257463,3,1246,0.0027066140017947245,16,3,1246,0.002407704654895666,4,0
baseline_seed3,3,baseline,300,22,1258,4093,0.35478575960938685,16,1258,4093,0.30735401905692644,10,2843,0.005336250658894414,16,10,2843,0.0035174111853675696,2,1250,0.0013355896173640636,16,2,1250,0.0016,8,0
baseline_seed3,3,baseline,300,23,1283,4093,0.3609696417242533,16,1283,4093,0.3134620083068654,27,2835,0.011995851383927041,16,27,2835,0.009523809523809525,2,1258,0.001968625992063492,16,2,1258,0.001589825119236884,25,0
baseline_seed3,3,baseline,300,24,1299,4093,0.36543286345217174,16,1299,4093,0.3173711214268263,20,2810,0.010134841428308363,16,20,2810,0.0071174377224199285,4,1283,0.0027152843045112783,16,4,1283,0.003117692907248636,16,0
baseline_seed3,3,baseline,300,25,1323,4093,0.3714950578608046,16,1323,4093,0.32323479110676767,24,2794,0.010732430107392934,16,24,2794,0.008589835361488905,0,1299,0.0,16,0,1299,0.0,24,0
baseline_seed3,3,baseline,300,26,1336,4093,0.3753587933580453,16,1336,4093,0.3264109455167359,16,2770,0.009056510011142377,16,16,2770,0.005776173285198556,3,1323,0.002026888341543514,16,3,1323,0.0022675736961451248,13,0
baseline_seed3,3,baseline,300,27,1358,4093,0.38192977858076144,16,1358,4093,0.33178597605668214,22,2757,0.013192525805457028,16,22,2757,0.00797968806673921,0,1336,0.0,16,0,1336,0.0,22,0
baseline_seed3,3,baseline,300,28,1379,4093,0.38749261813849906,16,1379,4093,0.33691668702663086,23,2735,0.012484168114234409,16,23,2735,0.008409506398537478,2,1358,0.0016350830119067584,16,2,1358,0.0014727540500736377,21,0
baseline_seed3,3,baseline,300,29,1392,4093,0.3908903705285904,16,1392,4093,0.34009284143659907,14,2714,0.007711437727137658,16,14,2714,0.005158437730287398,1,1379,0.0007102272727272727,16,1,1379,0.0007251631617113851,13,0
baseline_seed3,3,baseline,300,30,1410,4093,0.3955879403826633,16,1410,4093,0.3444905936965551,19,2701,0.011112734009497218,16,19,2701,0.007034431691965938,1,1392,0.0015625,16,1,1392,0.0007183908045977011,18,0
baseline_seed3,3,baseline,300,31,1425,4093,0.3996791009577373,16,1425,4093,0.34815538724651846,16,2683,0.010678162969205528,16,16,2683,0.005963473723443906,1,1410,0.000992063492063492,16,1,1410,0.0007092198581560284,15,0
baseline_seed3,3,baseline,300,32,1434,4093,0.4014596103005035,16,1434,4093,0.35035426337649644,10,2668,0.0029671643764531985,16,10,2668,0.0037481259370314842,1,1425,0.0005580357142857143,16,1,1425,0.0007017543859649122,9,0
baseline_seed3,3,baseline,300,33,1456,4093,0.40758042219779334,16,1456,4093,0.3557292939164427,22,2659,0.01723466318100124,16,22,2659,0.008273787138021812,0,1434,0.0,16,0,1434,0.0,22,0
baseline_seed3,3,baseline,300,34,1465,4093,0.4095903143664483,16,1465,4093,0.3579281700464207,9,2637,0.003555919431126313,16,9,2637,0.0034129692832764505,0,1456,0.0,16,0,1456,0.0,9,0
baseline_seed3,3,baseline,300,35,1479,4093,0.413856021478436,16,1479,4093,0.3613486440263865,15,2628,0.013359832478598567,16,15,2628,0.005707762557077625,1,1465,0.0005482456140350877,16,1,1465,0.0006825938566552901,14,0
baseline_seed3,3,baseline,300,36,1487,4093,0.4163625151420536,16,1487,4093,0.36330320058636695,10,2614,0.007190114055643554,16,10,2614,0.0038255547054322878,2,1479,0.001616024374176548,16,2,1479,0.001352265043948614,8,0
baseline_seed3,3,baseline,300,37,1504,4093,0.4216211677814739,16,1504,4093,0.36745663327632544,18,2606,0.016850780353337855,16,18,2606,0.006907137375287797,1,1487,0.0005530973451327434,16,1,1487,0.0006724949562878278,17,0
baseline_seed3,3,baseline,300,38,1539,4093,0.4327054911736346,16,1539,4093,0.3760078182262399,35,2589,0.02992288622115771,16,35,2589,0.013518733101583623,0,1504,0.0,16,0,1504,0.0,35,0
baseline_seed3,3,baseline,300,39,1558,4093,0.43834694190738865,16,1558,4093,0.3806498900561935,19,2554,0.015171168748425529,16,19,2554,0.0074393108848864525,0,1539,0.0,16,0,1539,0.0,19,0
baseline_seed3,3,baseline,300,40,1569,4093,0.44109365969684167,16,1569,4093,0.3833374053261666,16,2535,0.009075991026798954,16,16,2535,0.00631163708086785,5,1558,0.003395835913951856,16,5,1558,0.003209242618741977,11,0
baseline_seed3,3,baseline,300,41,1582,4093,0.4444284542255742,16,1582,4093,0.3865135597361349,14,2524,0.0063937132830125636,16,14,2524,0.005546751188589541,1,1569,0.00037425149700598805,16,1,1569,0.0006373486297004461,13,0
baseline_seed3,3,baseline,300,42,1597,4093,0.4486331990688487,16,1597,4093,0.39017835328609823,15,2511,0.016336067476811426,16,15,2511,0.005973715651135006,0,1582,0.0,16,0,1582,0.0,15,0
baseline_seed3,3,baseline,300,43,1614,4093,0.45299944970517736,16,1614,4093,0.39433178597605667,18,2496,0.013960963955029528,16,18,2496,0.007211538461538462,1,1597,0.0003654970760233918,16,1,1597,0.0006261740763932373,17,0
baseline_seed3,3,baseline,300,44,1625,4093,0.4555560587812712,16,1625,4093,0.3970193012460298,16,2479,0.009634242051178868,16,16,2479,0.00645421540943929,5,1614,0.003999853001175991,16,5,1614,0.0030978934324659233,11,0
baseline_seed3,3,baseline,300,45,1635,4093,0.4586240582257595,16,1635,4093,0.3994624969460054,14,2468,0.012432572051529159,16,14,2468,0.005672609400324149,4,1625,0.002057775659139118,16,4,1625,0.0024615384615384616,10,0
baseline_seed3,3,baseline,300,46,1644,4093,0.46076125252946587,16,1644,4093,0.4016613730759834,9,2458,0.005946018634332894,16,9,2458,0.003661513425549227,0,1635,0.0,16,0,1635,0.0,9,0
baseline_seed3,3,baseline,300,47,1654,4093,0.4638138566652309,16,1654,4093,0.40410456877595896,11,2449,0.009507314008824652,16,11,2449,0.00449162923642303,1,1644,0.0007621951219512195,16,1,1644,0.0006082725060827251,10,0
baseline_seed3,3,baseline,300,48,1667,4093,0.46812335265633437,16,1667,4093,0.4072807231859272,15,2439,0.022483262507524693,16,15,2439,0.006150061500615006,2,1654,0.0010452233293847119,16,2,1654,0.0012091898428053204,13,0
baseline_seed3,3,baseline,300,49,1674,4093,0.4703943699069665,16,1674,4093,0.4089909601759101,11,2426,0.016046074538057915,16,11,2426,0.004534212695795548,4,1667,0.0021451470334473716,16,4,1667,0.0023995200959808036,7,0
baseline_seed3,3,baseline,300,50,1685,4093,0.47339749552090005,16,1685,4093,0.4116784754458832,14,2419,0.011077270748878779,16,14,2419,0.005787515502273667,3,1674,0.001664951484857395,16,3,1674,0.0017921146953405018,11,0
baseline_seed3,3,baseline,300,51,1698,4093,0.47731470919049646,16,1698,4093,0.4148546298558515,16,2408,0.01604823665217736,16,16,2408,0.006644518272425249,3,1685,0.0018934004062318645,16,3,1685,0.0017804154302670622,13,0
baseline_seed3,3,baseline,300,52,1716,4093,0.4823665732193215,16,1716,4093,0.41925238211580745,22,2395,0.034470581622890704,16,22,2395,0.00918580375782881,4,1698,0.003096699484878697,16,4,1698,0.002355712603062426,18,0
baseline_seed3,3,baseline,300,53,1728,4093,0.48568492640570826,16,1728,4093,0.4221842169557782,15,2377,0.017439154155064897,16,15,2377,0.006310475389145982,3,1716,0.001359338061465721,16,3,1716,0.0017482517482517483,12,0
baseline_seed3,3,baseline,300,54,1740,4093,0.48866043191679526,16,1740,4093,0.42511605179574885,16,2365,0.015387283917883054,16,16,2365,0.006765327695560253,4,1728,0.0027721680233641953,16,4,1728,0.0023148148148148147,12,0
baseline_seed3,3,baseline,300,55,1753,4093,0.4918019308936993,16,1753,4093,0.42829220620571706,13,2353,0.021361790917838956,16,13,2353,0.0055248618784530384,0,1740,0.0,16,0,1740,0.0,13,0
baseline_seed3,3,baseline,300,56,1768,4093,0.49627225441730366,16,1768,4093,0.4319569997556804,19,2340,0.014110071088628426,16,19,2340,0.00811965811965812,4,1753,0.00239726748347438,16,4,1753,0.0022818026240730175,15,0
baseline_seed3,3,baseline,300,57,1778,4093,0.4980349895645263,16,1778,4093,0.434400195455656,12,2325,0.005271903501649458,16,12,2325,0.005161290322580645,2,1768,0.001373049219687875,16,2,1768,0.0011312217194570137,10,0
baseline_seed3,3,baseline,300,58,1791,4093,0.5015764056705154,16,1791,4093,0.4375763498656242,15,2315,0.03523005922684319,16,15,2315,0.0064794816414686825,2,1778,0.0013627207015049175,16,2,1778,0.0011248593925759281,13,0
baseline_seed3,3,baseline,300,59,1803,4093,0.5049238416548786,16,1803,4093,0.44050818470559494,16,2302,0.05478838283629015,16,16,2302,0.0069504778453518675,4,1791,0.0026215903242408647,16,4,1791,0.002233389168062535,12,0
baseline_seed3,3,baseline,300,60,1819,4093,0.5088588250713386,16,1819,4093,0.44441729782555583,19,2290,0.022230950819758972,16,19,2290,0.008296943231441048,3,1803,0.0018997445721583653,16,3,1803,0.0016638935108153079,16,0
baseline_seed3,3,baseline,300,61,1826,4093,0.5104837946680918,16,1826,4093,0.44612753481553874,18,2274,0.012431472145646619,16,18,2274,0.0079155672823219,11,1819,0.0065418802996177,16,11,1819,0.006047278724573941,7,0
baseline_seed3,3,baseline,300,62,1839,4093,0.513840274381574,16,1839,4093,0.44930368922550695,14,2267,0.010977895644786562,16,14,2267,0.0061755624172915745,1,1826,0.0009057971014492754,16,1,1826,0.000547645125958379,13,0
baseline_seed3,3,baseline,300,63,1849,4093,0.5165700748803386,16,1849,4093,0.45174688492548254,14,2254,0.008702800784696992,16,14,2254,0.006211180124223602,4,1839,0.002348217053066997,16,4,1839,0.002175095160413268,10,0
baseline_seed3,3,baseline,300,64,1859,4093,0.5186439926596302,16,1859,4093,0.4541900806254581,14,2244,0.009135408563236934,16,14,2244,0.006238859180035651,4,1849,0.002878193179917318,16,4,1849,0.002163331530557058,10,0
baseline_seed3,3,baseline,300,65,1864,4093,0.5197092852372848,16,1864,4093,0.4554116784754459,12,2234,0.007722078642620783,16,12,2234,0.005371530886302597,7,1859,0.0038634427737199413,16,7,1859,0.0037654653039268424,5,0
baseline_seed3,3,baseline,300,66,1874,4093,0.5222034070517007,16,1874,4093,0.4578548741754215,12,2229,0.010786724542582829,16,12,2229,0.005383580080753701,2,1864,0.0013056250680013057,16,2,1864,0.001072961373390558,10,0
baseline_seed3,3,baseline,300,67,1884,4093,0.5248833527370613,16,1884,4093,0.460298069875397,16,2219,0.03575209021857777,16,16,2219,0.007210455159981974,6,1874,0.0035838174937732454,16,6,1874,0.0032017075773745998,10,0
baseline_seed3,3,baseline,300,68,1893,4093,0.5269593606879996,16,1893,4093,0.46249694600537505,14,2209,0.014710249644379853,16,14,2209,0.006337709370755998,5,1884,0.0028461645830701607,16,5,1884,0.002653927813163482,9,0
baseline_seed3,3,baseline,300,69,1894,4093,0.527156429892385,16,1894,4093,0.4627412655753726,7,2200,0.009927003688018958,16,7,2200,0.003181818181818182,6,1893,0.0036712736139473175,16,6,1893,0.003169572107765452,1,0
baseline_seed3,3,baseline,300,70,1903,4093,0.5296122941123975,16,1903,4093,0.4649401417053506,12,2199,0.009669977040747586,16,12,2199,0.005457025920873124,3,1894,0.0015157047408004298,16,3,1894,0.0015839493136219642,9,0
baseline_seed3,3,baseline,300,71,1909,4093,0.5302231183507412,16,1909,4093,0.46640605912533595,12,2190,0.008841700755527338,16,12,2190,0.005479452054794521,6,1903,0.003503433332996241,16,6,1903,0.0031529164477141357,6,0
baseline_seed3,3,baseline,300,72,1912,4093,0.531203970025643,16,1912,4093,0.46713901783532863,13,2184,0.014344526830394463,16,13,2184,0.005952380952380952,10,1909,0.005628039655528792,16,10,1909,0.005238344683080147,3,0
baseline_seed3,3,baseline,300,73,1921,4093,0.5329129056340219,16,1921,4093,0.4693378939653066,12,2181,0.013619138119454121,16,12,2181,0.005502063273727648,3,1912,0.0015855201541731204,16,3,1912,0.0015690376569037657,9,0
baseline_seed3,3,baseline,300,74,1928,4093,0.5351836221123677,16,1928,4093,0.4710481309552895,14,2172,0.025498599186418076,16,14,2172,0.006445672191528545,7,1921,0.004046101431635415,16,7,1921,0.003643935450286309,7,0
baseline_seed3,3,baseline,300,75,1930,4093,0.5359643614104538,16,1930,4093,0.4715367700952846,7,2165,0.009608824196557576,16,7,2165,0.003233256351039261,5,1928,0.0029316297950139785,16,5,1928,0.0025933609958506223,2,0
baseline_seed3,3,baseline,300,76,1936,4093,0.538067513854106,16,1936,4093,0.47300268751526997,9,2163,0.014584028343338282,16,9,2163,0.004160887656033287,3,1930,0.0014492194123489088,16,3,1930,0.0015544041450777201,6,0
baseline_seed3,3,baseline,300,77,1944,4093,0.5396004116031082,16,1944,4093,0.4749572440752504,14,2157,0.009641240298460292,16,14,2157,0.006490496059341678,6,1936,0.004014045038442049,16,6,1936,0.0030991735537190084,8,0
baseline_seed3,3,baseline,300,78,1952,4093,0.5420616446684413,16,1952,4093,0.47691180063523086,11,2149,0.030092112187368323,16,11,2149,0.005118659841786877,3,1944,0.0015117694805194806,16,3,1944,0.0015432098765432098,8,0
baseline_seed3,3,baseline,300,79,1956,4093,0.5432295832989524,16,1956,4093,0.4778890789152211,10,2141,0.011007275132275132,16,10,2141,0.004670714619336758,6,1952,0.0031343850936519885,16,6,1952,0.0030737704918032786,4,0
baseline_seed3,3,baseline,300,80,1969,4093,0.545899683560475,16,1969,4093,0.48106523332518936,17,2137,0.015683056990349727,16,17,2137,0.007955077211043519,4,1956,0.0024762602304210764,16,4,1956,0.002044989775051125,13,0
baseline_seed3,3,baseline,300,81,1979,4093,0.5483709467474928,16,1979,4093,0.48350842902516494,14,2124,0.016034505401181405,16,14,2124,0.006591337099811676,4,1969,0.0022908510824151216,16,4,1969,0.002031488065007618,10,0
baseline_seed3,3,baseline,300,82,1985,4093,0.5500686771527722,16,1985,4093,0.48497434644515025,11,2114,0.005226352432766186,16,11,2114,0.005203405865657522,5,1979,0.0017230161880816904,16,5,1979,0.0025265285497726125,6,0
baseline_seed3,3,baseline,300,83,1990,4093,0.551059124787756,16,1990,4093,0.486195944295138,11,2108,0.009676287088189166,16,11,2108,0.005218216318785579,6,1985,0.0035083667685449496,16,6,1985,0.003022670025188917,5,0
baseline_seed3,3,baseline,300,84,1993,4093,0.5517231078197943,16,1993,4093,0.4869289030051307,12,2103,0.009362319160197601,16,12,2103,0.005706134094151213,9,1990,0.004422029340361273,16,9,1990,0.004522613065326633,3,0
baseline_seed3,3,baseline,300,85,1995,4093,0.5524287734060944,16,1995,4093,0.48741754214512584,9,2100,0.009595797103382056,16,9,2100,0.004285714285714286,7,1993,0.0038096876219424532,16,7,1993,0.0035122930255895636,2,0
baseline_seed3,3,baseline,300,86,1993,4093,0.5515130018291892,16,1993,4093,0.4869289030051307,6,2098,0.007202692165824189,16,6,2098,0.002859866539561487,8,1995,0.004064262397100666,16,8,1995,0.0040100250626566416,-2,0
baseline_seed3,3,baseline,300,87,1998,4093,0.551928075384245,16,1998,4093,0.4881505008551185,12,2100,0.005385161315109504,16,12,2100,0.005714285714285714,7,1993,0.0033749096757915375,16,7,1993,0.0035122930255895636,5,0
baseline_seed3,3,baseline,300,88,2003,4093,0.553376693594154,16,2003,4093,0.4893720987051063,12,2095,0.019299866214467165,16,12,2095,0.005727923627684964,7,1998,0.0031054307945765037,16,7,1998,0.0035035035035035035,5,0
baseline_seed3,3,baseline,300,89,2007,4093,0.5539941498610623,16,2007,4093,0.4903493769850965,14,2090,0.017435074827968,16,14,2090,0.0066985645933014355,10,2003,0.0044651631638644405,16,10,2003,0.004992511233150275,4,0
baseline_seed3,3,baseline,300,90,2005,4093,0.5529836245965343,16,2005,4093,0.48986073784510137,14,2086,0.014648278522992416,16,14,2086,0.006711409395973154,16,2007,0.0069815444536344695,16,16,2007,0.007972097658196313,-2,0
baseline_seed3,3,baseline,300,91,2013,4093,0.5543737585702269,16,2013,4093,0.49181529440508187,17,2088,0.01069160695119931,16,17,2088,0.008141762452107279,9,2005,0.004434734643349831,16,9,2005,0.004488778054862843,8,0
baseline_seed3,3,baseline,300,92,2012,4093,0.5530558693083307,16,2012,4093,0.4915709748350843,11,2080,0.007372313536129864,16,11,2080,0.005288461538461539,12,2013,0.005184090240763849,16,12,2013,0.005961251862891207,-1,0
baseline_seed3,3,baseline,300,93,2011,4093,0.5530054219439731,16,2011,4093,0.49132665526508673,8,2081,0.005113848572605663,16,8,2081,0.0038443056222969728,9,2012,0.004137938894730403,16,9,2012,0.0044731610337972166,-1,0
baseline_seed3,3,baseline,300,94,2022,4093,0.5556190510215148,16,2022,4093,0.49401417053505986,18,2082,0.012640045562828963,16,18,2082,0.008645533141210375,7,2011,0.0035257258042286606,16,7,2011,0.0034808552958727,11,0
baseline_seed3,3,baseline,300,95,2030,4093,0.5568936221071024,16,2030,4093,0.4959687270950403,16,2071,0.0066966898287365495,16,16,2071,0.00772573635924674,8,2022,0.003736839385643337,16,8,2022,0.003956478733926805,8,0
baseline_seed3,3,baseline,300,96,2039,4093,0.5587509199150822,16,2039,4093,0.49816760322501835,16,2063,0.011420867554922448,16,16,2063,0.007755695588948134,7,2030,0.004111235380718266,16,7,2030,0.0034482758620689655,9,0
baseline_seed3,3,baseline,300,97,2042,4093,0.5584437167865393,16,2042,4093,0.498900561935011,15,2054,0.007844542378850638,16,15,2054,0.007302823758519961,12,2039,0.0067102015896177425,16,12,2039,0.005885237861696911,3,0
baseline_seed3,3,baseline,300,98,2042,4093,0.5580922964792593,16,2042,4093,0.498900561935011,12,2051,0.005724597395021807,16,12,2051,0.005850804485616773,12,2042,0.007146250186933064,16,12,2042,0.005876591576885406,0,0
baseline_seed3,3,baseline,300,99,2038,4093,0.5574138634437509,16,2038,4093,0.49792328365502075,8,2051,0.004461022718002634,16,8,2051,0.0039005363237445147,12,2042,0.006178357198822062,16,12,2042,0.005876591576885406,-4,0
baseline_seed3,3,baseline,300,100,2036,4093,0.556862172641059,16,2036,4093,0.49743464451502567,10,2055,0.005834577613619406,16,10,2055,0.004866180048661801,12,2038,0.006476879132944447,16,12,2038,0.005888125613346418,-2,0
baseline_seed3,3,baseline,300,101,2036,4093,0.5575001256613425,16,2036,4093,0.49743464451502567,16,2057,0.0143519261715351,16,16,2057,0.007778317938745746,16,2036,0.008544681967693368,16,16,2036,0.007858546168958742,0,0
baseline_seed3,3,baseline,300,102,2021,4093,0.551925509412782,16,2021,4093,0.4937698509650623,12,2057,0.005951280520246037,16,12,2057,0.00583373845405931,27,2036,0.011666131344662135,16,27,2036,0.013261296660117878,-15,0
baseline_seed3,3,baseline,300,103,2020,4093,0.5508072610122411,16,2020,4093,0.4935255313950647,16,2072,0.01084596564336785,16,16,2072,0.007722007722007722,17,2021,0.00967874134532514,16,17,2021,0.008411677387431964,-1,0
baseline_seed3,3,baseline,300,104,2001,4093,0.5443066203565909,16,2001,4093,0.48888345956511114,14,2073,0.008264276517024714,16,14,2073,0.006753497346840328,33,2020,0.017300120356668926,16,33,2020,0.016336633663366337,-19,0
baseline_seed3,3,baseline,300,105,1990,4093,0.5411218748715767,16,1990,4093,0.486195944295138,13,2092,0.007476390587555233,16,13,2092,0.00621414913957935,24,2001,0.011894690129298773,16,24,2001,0.01199400299850075,-11,0
baseline_seed3,3,baseline,300,106,1979,4093,0.5376421623517893,16,1979,4093,0.48350842902516494,18,2103,0.012939605368852278,16,18,2103,0.008559201141226819,29,1990,0.013180624539983993,16,29,1990,0.01457286432160804,-11,0
baseline_seed3,3,baseline,300,107,1952,4093,0.5282179730760359,16,1952,4093,0.47691180063523086,9,2114,0.009730617241406884,16,9,2114,0.004257332071901609,36,1979,0.01887074057933255,16,36,1979,0.01819100555836281,-27,0
baseline_seed3,3,baseline,300,108,1917,4093,0.5180156683094211,16,1917,4093,0.4683606156853164,9,2141,0.005728742939633389,16,9,2141,0.004203643157403083,44,1952,0.021831315809495582,16,44,1952,0.022540983606557378,-35,0
baseline_seed3,3,baseline,300,109,1873,4093,0.503331488803933,16,1873,4093,0.4576105546054239,12,2176,0.0045700754316612465,16,12,2176,0.0055147058823529415,56,1917,0.028645836586489143,16,56,1917,0.029212310902451747,-44,0
baseline_seed3,3,baseline,300,110,1830,4093,0.4886932716971615,16,1830,4093,0.44710481309552896,17,2220,0.007000245524753359,16,17,2220,0.0076576576576576575,60,1873,0.031709664053803384,16,60,1873,0.03203416978109984,-43,0
baseline_seed3,3,baseline,300,111,1795,4093,0.47667015056895984,16,1795,4093,0.43855362814561444,16,2263,0.00645140303948212,16,16,2263,0.007070260715863898,51,1830,0.029347081885127052,16,51,1830,0.027868852459016394,-35,0
baseline_seed3,3,baseline,300,112,1755,4093,0.46635994435729633,16,1755,4093,0.4287808453457122,12,2298,0.004682007175036539,16,12,2298,0.005221932114882507,52,1795,0.027105839784946982,16,52,1795,0.028969359331476322,-40,0
baseline_seed3,3,baseline,300,113,1717,4093,0.4539231814488993,16,1717,4093,0.41949670168580505,15,2338,0.005152619634356223,16,15,2338,0.00641573994867408,53,1755,0.0321316042204627,16,53,1755,0.0301994301994302,-38,0
baseline_seed3,3,baseline,300,114,1654,4093,0.4377707292578016,16,1654,4093,0.40410456877595896,4,2376,0.001917104634495939,16,4,2376,0.0016835016835016834,67,1717,0.03913000464616184,16,67,1717,0.039021549213744906,-63,0
baseline_seed3,3,baseline,300,115,1597,4093,0.42013747422915204,16,1597,4093,0.39017835328609823,14,2439,0.0041563197762230645,16,14,2439,0.005740057400574006,71,1654,0.04300065155803862,16,71,1654,0.042926239419588876,-57,0
baseline_seed3,3,baseline,300,116,1533,4093,0.40419971094315554,16,1533,4093,0.3745419008062546,12,2496,0.004747257542098341,16,12,2496,0.004807692307692308,76,1597,0.04963605544048623,16,76,1597,0.047589229805886035,-64,0
baseline_seed3,3,baseline,300,117,1479,4093,0.39117142049899944,16,1479,4093,0.3613486440263865,9,2560,0.0038292663723776474,16,9,2560,0.003515625,63,1533,0.04484204535652188,16,63,1533,0.0410958904109589,-54,0
baseline_seed3,3,baseline,300,118,1420,4093,0.37513884777174417,16,1420,4093,0.3469337893965307,11,2614,0.0035261061900646474,16,11,2614,0.004208110175975516,70,1479,0.04911507938138378,16,70,1479,0.04732927653820149,-59,0
baseline_seed3,3,baseline,300,119,1365,4093,0.3611280702285072,16,1365,4093,0.33349621304666505,12,2673,0.006000669523575139,16,12,2673,0.004489337822671156,67,1420,0.053499550541258226,16,67,1420,0.047183098591549295,-55,0
baseline_seed3,3,baseline,300,120,1318,4093,0.34798347304638355,16,1318,4093,0.32201319325677985,3,2728,0.0011289632908710865,16,3,2728,0.0010997067448680353,50,1365,0.04202588478089829,16,50,1365,0.03663003663003663,-47,0
baseline_seed3,3,baseline,300,121,1285,4093,0.339927212723241,16,1285,4093,0.3139506474468605,7,2775,0.004551546951341596,16,7,2775,0.0025225225225225223,40,1318,0.03827912542112384,16,40,1318,0.030349013657056147,-33,0
baseline_seed3,3,baseline,300,122,1237,4093,0.3275284181576974,16,1237,4093,0.3022233080869778,9,2808,0.004078904750831061,16,9,2808,0.003205128205128205,57,1285,0.0504385710128025,16,57,1285,0.0443579766536965,-48,0
baseline_seed3,3,baseline,300,123,1188,4093,0.3144139478605399,16,1188,4093,0.2902516491570975,8,2856,0.0027241657204023734,16,8,2856,0.0028011204481792717,57,1237,0.0505972977195141,16,57,1237,0.046079223928860144,-49,0
baseline_seed3,3,baseline,300,124,1157,4093,0.30756324829129167,16,1157,4093,0.2826777424871732,9,2905,0.004166616946533838,16,9,2905,0.003098106712564544,40,1188,0.04064932907288593,16,40,1188,0.03367003367003367,-31,0
baseline_seed3,3,baseline,300,125,1115,4093,0.2955236978139417,16,1115,4093,0.2724163205472758,6,2936,0.002055434068788806,16,6,2936,0.0020435967302452314,48,1157,0.05853318734354834,16,48,1157,0.04148660328435609,-42,0
baseline_seed3,3,baseline,300,126,1074,4093,0.2849580013616603,16,1074,4093,0.262399218177376,4,2978,0.0014754875480880265,16,4,2978,0.001343183344526528,45,1115,0.05321544681139124,16,45,1115,0.04035874439461883,-41,0
baseline_seed3,3,baseline,300,127,1028,4093,0.27282966464954345,16,1028,4093,0.2511605179574884,3,3019,0.0015436028678136122,16,3,3019,0.0009937065253395165,49,1074,0.05469615069718871,16,49,1074,0.04562383612662942,-46,0
baseline_seed3,3,baseline,300,128,987,4093,0.2625669001360007,16,987,4093,0.24114341558758856,2,3065,0.0010630004960668982,16,2,3065,0.0006525285481239804,43,1028,0.04175008011573676,16,43,1028,0.04182879377431906,-41,0
warmstart_seed3,3,warmstart,0,0,0,4093,0.0,16,0,4093,0.0,,,,,,,,,,,,,,,,
warmstart_seed3,3,warmstart,0,1,0,4093,0.0,16,0,4093,0.0,0,4093,0.0,16,0,4093,0.0,0,0,,0,0,0,,0,0
warmstart_seed3,3,warmstart,0,2,0,4093,0.0,16,0,4093,0.0,0,4093,0.0,16,0,4093,0.0,0,0,,0,0,0,,0,0
warmstart_seed3,3,warmstart,0,3,0,4093,0.0,16,0,4093,0.0,0,4093,0.0,16,0,4093,0.0,0,0,,0,0,0,,0,0
warmstart_seed3,3,warmstart,0,4,0,4093,0.0,16,0,4093,0.0,0,4093,0.0,16,0,4093,0.0,0,0,,0,0,0,,0,0
warmstart_seed3,3,warmstart,0,5,0,4093,0.0,16,0,4093,0.0,0,4093,0.0,16,0,4093,0.0,0,0,,0,0,0,,0,0
warmstart_seed3,3,warmstart,0,6,0,4093,0.0,16,0,4093,0.0,0,4093,0.0,16,0,4093,0.0,0,0,,0,0,0,,0,0
warmstart_seed3,3,warmstart,0,7,0,4093,0.0,16,0,4093,0.0,0,4093,0.0,16,0,4093,0.0,0,0,,0,0,0,,0,0
warmstart_seed3,3,warmstart,0,8,0,4093,0.0,16,0,4093,0.0,0,4093,0.0,16,0,4093,0.0,0,0,,0,0,0,,0,0
warmstart_seed3,3,warmstart,0,9,0,4093,0.0,16,0,4093,0.0,0,4093,0.0,16,0,4093,0.0,0,0,,0,0,0,,0,0
warmstart_seed3,3,warmstart,0,10,0,4093,0.0,16,0,4093,0.0,0,4093,0.0,16,0,4093,0.0,0,0,,0,0,0,,0,0
warmstart_seed3,3,warmstart,0,11,0,4093,0.0,16,0,4093,0.0,0,4093,0.0,16,0,4093,0.0,0,0,,0,0,0,,0,0
warmstart_seed3,3,warmstart,0,12,0,4093,0.0,16,0,4093,0.0,0,4093,0.0,16,0,4093,0.0,0,0,,0,0,0,,0,0
warmstart_seed3,3,warmstart,0,13,0,4093,0.0,16,0,4093,0.0,0,4093,0.0,16,0,4093,0.0,0,0,,0,0,0,,0,0
warmstart_seed3,3,warmstart,0,14,0,4093,0.0,16,0,4093,0.0,0,4093,0.0,16,0,4093,0.0,0,0,,0,0,0,,0,0
warmstart_seed3,3,warmstart,0,15,0,4093,0.0,16,0,4093,0.0,0,4093,0.0,16,0,4093,0.0,0,0,,0,0,0,,0,0
warmstart_seed3,3,warmstart,0,16,0,4093,0.0,16,0,4093,0.0,0,4093,0.0,16,0,4093,0.0,0,0,,0,0,0,,0,0
warmstart_seed3,3,warmstart,0,17,0,4093,0.0,16,0,4093,0.0,0,4093,0.0,16,0,4093,0.0,0,0,,0,0,0,,0,0
warmstart_seed3,3,warmstart,0,18,0,4093,0.0,16,0,4093,0.0,0,4093,0.0,16,0,4093,0.0,0,0,,0,0,0,,0,0
warmstart_seed3,3,warmstart,0,19,0,4093,0.0,16,0,4093,0.0,0,4093,0.0,16,0,4093,0.0,0,0,,0,0,0,,0,0
warmstart_seed3,3,warmstart,0,20,0,4093,0.0,16,0,4093,0.0,0,4093,0.0,16,0,4093,0.0,0,0,,0,0,0,,0,0
warmstart_seed3,3,warmstart,0,21,0,4093,0.0,16,0,4093,0.0,0,4093,0.0,16,0,4093,0.0,0,0,,0,0,0,,0,0
warmstart_seed3,3,warmstart,0,22,0,4093,0.0,16,0,4093,0.0,0,4093,0.0,16,0,4093,0.0,0,0,,0,0,0,,0,0
warmstart_seed3,3,warmstart,0,23,0,4093,0.0,16,0,4093,0.0,0,4093,0.0,16,0,4093,0.0,0,0,,0,0,0,,0,0
warmstart_seed3,3,warmstart,0,24,0,4093,0.0,16,0,4093,0.0,0,4093,0.0,16,0,4093,0.0,0,0,,0,0,0,,0,0
warmstart_seed3,3,warmstart,0,25,0,4093,0.0,16,0,4093,0.0,0,4093,0.0,16,0,4093,0.0,0,0,,0,0,0,,0,0
warmstart_seed3,3,warmstart,0,26,0,4093,0.0,16,0,4093,0.0,0,4093,0.0,16,0,4093,0.0,0,0,,0,0,0,,0,0
warmstart_seed3,3,warmstart,0,27,0,4093,0.0,16,0,4093,0.0,0,4093,0.0,16,0,4093,0.0,0,0,,0,0,0,,0,0
warmstart_seed3,3,warmstart,0,28,0,4093,0.0,16,0,4093,0.0,0,4093,0.0,16,0,4093,0.0,0,0,,0,0,0,,0,0
warmstart_seed3,3,warmstart,0,29,0,4093,0.0,16,0,4093,0.0,0,4093,0.0,16,0,4093,0.0,0,0,,0,0,0,,0,0
warmstart_seed3,3,warmstart,0,30,0,4093,0.0,16,0,4093,0.0,0,4093,0.0,16,0,4093,0.0,0,0,,0,0,0,,0,0
warmstart_seed3,3,warmstart,0,31,0,4093,0.0,16,0,4093,0.0,0,4093,0.0,16,0,4093,0.0,0,0,,0,0,0,,0,0
warmstart_seed3,3,warmstart,0,32,0,4093,0.0,16,0,4093,0.0,0,4093,0.0,16,0,4093,0.0,0,0,,0,0,0,,0,0
warmstart_seed3,3,warmstart,0,33,0,4093,0.0,16,0,4093,0.0,0,4093,0.0,16,0,4093,0.0,0,0,,0,0,0,,0,0
warmstart_seed3,3,warmstart,0,34,0,4093,0.0,16,0,4093,0.0,0,4093,0.0,16,0,4093,0.0,0,0,,0,0,0,,0,0
warmstart_seed3,3,warmstart,0,35,0,4093,0.0,16,0,4093,0.0,0,4093,0.0,16,0,4093,0.0,0,0,,0,0,0,,0,0
warmstart_seed3,3,warmstart,0,36,0,4093,0.0,16,0,4093,0.0,0,4093,0.0,16,0,4093,0.0,0,0,,0,0,0,,0,0
warmstart_seed3,3,warmstart,0,37,0,4093,0.0,16,0,4093,0.0,0,4093,0.0,16,0,4093,0.0,0,0,,0,0,0,,0,0
warmstart_seed3,3,warmstart,0,38,0,4093,0.0,16,0,4093,0.0,0,4093,0.0,16,0,4093,0.0,0,0,,0,0,0,,0,0
warmstart_seed3,3,warmstart,0,39,0,4093,0.0,16,0,4093,0.0,0,4093,0.0,16,0,4093,0.0,0,0,,0,0,0,,0,0
warmstart_seed3,3,warmstart,0,40,0,4093,0.0,16,0,4093,0.0,0,4093,0.0,16,0,4093,0.0,0,0,,0,0,0,,0,0
warmstart_seed3,3,warmstart,0,41,0,4093,0.0,16,0,4093,0.0,0,4093,0.0,16,0,4093,0.0,0,0,,0,0,0,,0,0
warmstart_seed3,3,warmstart,0,42,0,4093,0.0,16,0,4093,0.0,0,4093,0.0,16,0,4093,0.0,0,0,,0,0,0,,0,0
warmstart_seed3,3,warmstart,0,43,0,4093,0.0,16,0,4093,0.0,0,4093,0.0,16,0,4093,0.0,0,0,,0,0,0,,0,0
warmstart_seed3,3,warmstart,0,44,0,4093,0.0,16,0,4093,0.0,0,4093,0.0,16,0,4093,0.0,0,0,,0,0,0,,0,0
warmstart_seed3,3,warmstart,0,45,0,4093,0.0,16,0,4093,0.0,0,4093,0.0,16,0,4093,0.0,0,0,,0,0,0,,0,0
warmstart_seed3,3,warmstart,0,46,0,4093,0.0,16,0,4093,0.0,0,4093,0.0,16,0,4093,0.0,0,0,,0,0,0,,0,0
warmstart_seed3,3,warmstart,0,47,0,4093,0.0,16,0,4093,0.0,0,4093,0.0,16,0,4093,0.0,0,0,,0,0,0,,0,0
warmstart_seed3,3,warmstart,0,48,0,4093,0.0,16,0,4093,0.0,0,4093,0.0,16,0,4093,0.0,0,0,,0,0,0,,0,0
warmstart_seed3,3,warmstart,0,49,0,4093,0.0,16,0,4093,0.0,0,4093,0.0,16,0,4093,0.0,0,0,,0,0,0,,0,0
warmstart_seed3,3,warmstart,0,50,0,4093,0.0,16,0,4093,0.0,0,4093,0.0,16,0,4093,0.0,0,0,,0,0,0,,0,0
warmstart_seed3,3,warmstart,0,51,0,4093,0.0,16,0,4093,0.0,0,4093,0.0,16,0,4093,0.0,0,0,,0,0,0,,0,0
warmstart_seed3,3,warmstart,0,52,0,4093,0.0,16,0,4093,0.0,0,4093,0.0,16,0,4093,0.0,0,0,,0,0,0,,0,0
warmstart_seed3,3,warmstart,0,53,0,4093,0.0,16,0,4093,0.0,0,4093,0.0,16,0,4093,0.0,0,0,,0,0,0,,0,0
warmstart_seed3,3,warmstart,0,54,0,4093,0.0,16,0,4093,0.0,0,4093,0.0,16,0,4093,0.0,0,0,,0,0,0,,0,0
warmstart_seed3,3,warmstart,0,55,0,4093,0.0,16,0,4093,0.0,0,4093,0.0,16,0,4093,0.0,0,0,,0,0,0,,0,0
warmstart_seed3,3,warmstart,0,56,0,4093,0.0,16,0,4093,0.0,0,4093,0.0,16,0,4093,0.0,0,0,,0,0,0,,0,0
warmstart_seed3,3,warmstart,0,57,0,4093,0.0,16,0,4093,0.0,0,4093,0.0,16,0,4093,0.0,0,0,,0,0,0,,0,0
warmstart_seed3,3,warmstart,0,58,0,4093,0.0,16,0,4093,0.0,0,4093,0.0,16,0,4093,0.0,0,0,,0,0,0,,0,0
warmstart_seed3,3,warmstart,0,59,0,4093,0.0,16,0,4093,0.0,0,4093,0.0,16,0,4093,0.0,0,0,,0,0,0,,0,0
warmstart_seed3,3,warmstart,0,60,0,4093,0.0,16,0,4093,0.0,0,4093,0.0,16,0,4093,0.0,0,0,,0,0,0,,0,0
warmstart_seed3,3,warmstart,0,61,0,4093,0.0,16,0,4093,0.0,0,4093,0.0,16,0,4093,0.0,0,0,,0,0,0,,0,0
warmstart_seed3,3,warmstart,0,62,0,4093,0.0,16,0,4093,0.0,0,4093,0.0,16,0,4093,0.0,0,0,,0,0,0,,0,0
warmstart_seed3,3,warmstart,0,63,0,4093,0.0,16,0,4093,0.0,0,4093,0.0,16,0,4093,0.0,0,0,,0,0,0,,0,0
warmstart_seed3,3,warmstart,0,64,0,4093,0.0,16,0,4093,0.0,0,4093,0.0,16,0,4093,0.0,0,0,,0,0,0,,0,0
warmstart_seed3,3,warmstart,0,65,0,4093,0.0,16,0,4093,0.0,0,4093,0.0,16,0,4093,0.0,0,0,,0,0,0,,0,0
warmstart_seed3,3,warmstart,0,66,0,4093,0.0,16,0,4093,0.0,0,4093,0.0,16,0,4093,0.0,0,0,,0,0,0,,0,0
warmstart_seed3,3,warmstart,0,67,0,4093,0.0,16,0,4093,0.0,0,4093,0.0,16,0,4093,0.0,0,0,,0,0,0,,0,0
warmstart_seed3,3,warmstart,0,68,0,4093,0.0,16,0,4093,0.0,0,4093,0.0,16,0,4093,0.0,0,0,,0,0,0,,0,0
warmstart_seed3,3,warmstart,0,69,0,4093,0.0,16,0,4093,0.0,0,4093,0.0,16,0,4093,0.0,0,0,,0,0,0,,0,0
warmstart_seed3,3,warmstart,0,70,0,4093,0.0,16,0,4093,0.0,0,4093,0.0,16,0,4093,0.0,0,0,,0,0,0,,0,0
warmstart_seed3,3,warmstart,0,71,0,4093,0.0,16,0,4093,0.0,0,4093,0.0,16,0,4093,0.0,0,0,,0,0,0,,0,0
warmstart_seed3,3,warmstart,0,72,0,4093,0.0,16,0,4093,0.0,0,4093,0.0,16,0,4093,0.0,0,0,,0,0,0,,0,0
warmstart_seed3,3,warmstart,0,73,0,4093,0.0,16,0,4093,0.0,0,4093,0.0,16,0,4093,0.0,0,0,,0,0,0,,0,0
warmstart_seed3,3,warmstart,0,74,0,4093,0.0,16,0,4093,0.0,0,4093,0.0,16,0,4093,0.0,0,0,,0,0,0,,0,0
warmstart_seed3,3,warmstart,0,75,0,4093,0.0,16,0,4093,0.0,0,4093,0.0,16,0,4093,0.0,0,0,,0,0,0,,0,0
warmstart_seed3,3,warmstart,0,76,0,4093,0.0,16,0,4093,0.0,0,4093,0.0,16,0,4093,0.0,0,0,,0,0,0,,0,0
warmstart_seed3,3,warmstart,0,77,0,4093,0.0,16,0,4093,0.0,0,4093,0.0,16,0,4093,0.0,0,0,,0,0,0,,0,0
warmstart_seed3,3,warmstart,0,78,0,4093,0.0,16,0,4093,0.0,0,4093,0.0,16,0,4093,0.0,0,0,,0,0,0,,0,0
warmstart_seed3,3,warmstart,0,79,0,4093,0.0,16,0,4093,0.0,0,4093,0.0,16,0,4093,0.0,0,0,,0,0,0,,0,0
warmstart_seed3,3,warmstart,0,80,0,4093,0.0,16,0,4093,0.0,0,4093,0.0,16,0,4093,0.0,0,0,,0,0,0,,0,0
warmstart_seed3,3,warmstart,0,81,0,4093,0.0,16,0,4093,0.0,0,4093,0.0,16,0,4093,0.0,0,0,,0,0,0,,0,0
warmstart_seed3,3,warmstart,0,82,0,4093,0.0,16,0,4093,0.0,0,4093,0.0,16,0,4093,0.0,0,0,,0,0,0,,0,0
warmstart_seed3,3,warmstart,0,83,0,4093,0.0,16,0,4093,0.0,0,4093,0.0,16,0,4093,0.0,0,0,,0,0,0,,0,0
warmstart_seed3,3,warmstart,0,84,0,4093,0.0,16,0,4093,0.0,0,4093,0.0,16,0,4093,0.0,0,0,,0,0,0,,0,0
warmstart_seed3,3,warmstart,0,85,0,4093,0.0,16,0,4093,0.0,0,4093,0.0,16,0,4093,0.0,0,0,,0,0,0,,0,0
warmstart_seed3,3,warmstart,0,86,0,4093,0.0,16,0,4093,0.0,0,4093,0.0,16,0,4093,0.0,0,0,,0,0,0,,0,0
warmstart_seed3,3,warmstart,0,87,0,4093,0.0,16,0,4093,0.0,0,4093,0.0,16,0,4093,0.0,0,0,,0,0,0,,0,0
warmstart_seed3,3,warmstart,0,88,0,4093,0.0,16,0,4093,0.0,0,4093,0.0,16,0,4093,0.0,0,0,,0,0,0,,0,0
warmstart_seed3,3,warmstart,0,89,0,4093,0.0,16,0,4093,0.0,0,4093,0.0,16,0,4093,0.0,0,0,,0,0,0,,0,0
warmstart_seed3,3,warmstart,0,90,0,4093,0.0,16,0,4093,0.0,0,4093,0.0,16,0,4093,0.0,0,0,,0,0,0,,0,0
warmstart_seed3,3,warmstart,0,91,0,4093,0.0,16,0,4093,0.0,0,4093,0.0,16,0,4093,0.0,0,0,,0,0,0,,0,0
warmstart_seed3,3,warmstart,0,92,0,4093,0.0,16,0,4093,0.0,0,4093,0.0,16,0,4093,0.0,0,0,,0,0,0,,0,0
warmstart_seed3,3,warmstart,0,93,0,4093,0.0,16,0,4093,0.0,0,4093,0.0,16,0,4093,0.0,0,0,,0,0,0,,0,0
warmstart_seed3,3,warmstart,0,94,0,4093,0.0,16,0,4093,0.0,0,4093,0.0,16,0,4093,0.0,0,0,,0,0,0,,0,0
warmstart_seed3,3,warmstart,0,95,0,4093,0.0,16,0,4093,0.0,0,4093,0.0,16,0,4093,0.0,0,0,,0,0,0,,0,0
warmstart_seed3,3,warmstart,0,96,0,4093,0.0,16,0,4093,0.0,0,4093,0.0,16,0,4093,0.0,0,0,,0,0,0,,0,0
warmstart_seed3,3,warmstart,0,97,0,4093,0.0,16,0,4093,0.0,0,4093,0.0,16,0,4093,0.0,0,0,,0,0,0,,0,0
warmstart_seed3,3,warmstart,0,98,0,4093,0.0,16,0,4093,0.0,0,4093,0.0,16,0,4093,0.0,0,0,,0,0,0,,0,0
warmstart_seed3,3,warmstart,0,99,0,4093,0.0,16,0,4093,0.0,0,4093,0.0,16,0,4093,0.0,0,0,,0,0,0,,0,0
warmstart_seed3,3,warmstart,0,100,0,4093,0.0,16,0,4093,0.0,0,4093,0.0,16,0,4093,0.0,0,0,,0,0,0,,0,0
warmstart_seed3,3,warmstart,0,101,0,4093,0.0,16,0,4093,0.0,0,4093,0.0,16,0,4093,0.0,0,0,,0,0,0,,0,0
warmstart_seed3,3,warmstart,0,102,0,4093,0.0,16,0,4093,0.0,0,4093,0.0,16,0,4093,0.0,0,0,,0,0,0,,0,0
warmstart_seed3,3,warmstart,0,103,0,4093,0.0,16,0,4093,0.0,0,4093,0.0,16,0,4093,0.0,0,0,,0,0,0,,0,0
warmstart_seed3,3,warmstart,0,104,0,4093,0.0,16,0,4093,0.0,0,4093,0.0,16,0,4093,0.0,0,0,,0,0,0,,0,0
warmstart_seed3,3,warmstart,0,105,0,4093,0.0,16,0,4093,0.0,0,4093,0.0,16,0,4093,0.0,0,0,,0,0,0,,0,0
warmstart_seed3,3,warmstart,0,106,0,4093,0.0,16,0,4093,0.0,0,4093,0.0,16,0,4093,0.0,0,0,,0,0,0,,0,0
warmstart_seed3,3,warmstart,0,107,0,4093,0.0,16,0,4093,0.0,0,4093,0.0,16,0,4093,0.0,0,0,,0,0,0,,0,0
warmstart_seed3,3,warmstart,0,108,0,4093,0.0,16,0,4093,0.0,0,4093,0.0,16,0,4093,0.0,0,0,,0,0,0,,0,0
warmstart_seed3,3,warmstart,0,109,0,4093,0.0,16,0,4093,0.0,0,4093,0.0,16,0,4093,0.0,0,0,,0,0,0,,0,0
warmstart_seed3,3,warmstart,0,110,0,4093,0.0,16,0,4093,0.0,0,4093,0.0,16,0,4093,0.0,0,0,,0,0,0,,0,0
warmstart_seed3,3,warmstart,0,111,0,4093,0.0,16,0,4093,0.0,0,4093,0.0,16,0,4093,0.0,0,0,,0,0,0,,0,0
warmstart_seed3,3,warmstart,0,112,0,4093,0.0,16,0,4093,0.0,0,4093,0.0,16,0,4093,0.0,0,0,,0,0,0,,0,0
warmstart_seed3,3,warmstart,0,113,0,4093,0.0,16,0,4093,0.0,0,4093,0.0,16,0,4093,0.0,0,0,,0,0,0,,0,0
warmstart_seed3,3,warmstart,0,114,0,4093,0.0,16,0,4093,0.0,0,4093,0.0,16,0,4093,0.0,0,0,,0,0,0,,0,0
warmstart_seed3,3,warmstart,0,115,0,4093,0.0,16,0,4093,0.0,0,4093,0.0,16,0,4093,0.0,0,0,,0,0,0,,0,0
warmstart_seed3,3,warmstart,0,116,0,4093,0.0,16,0,4093,0.0,0,4093,0.0,16,0,4093,0.0,0,0,,0,0,0,,0,0
warmstart_seed3,3,warmstart,0,117,0,4093,0.0,16,0,4093,0.0,0,4093,0.0,16,0,4093,0.0,0,0,,0,0,0,,0,0
warmstart_seed3,3,warmstart,0,118,0,4093,0.0,16,0,4093,0.0,0,4093,0.0,16,0,4093,0.0,0,0,,0,0,0,,0,0
warmstart_seed3,3,warmstart,0,119,0,4093,0.0,16,0,4093,0.0,0,4093,0.0,16,0,4093,0.0,0,0,,0,0,0,,0,0
warmstart_seed3,3,warmstart,0,120,0,4093,0.0,16,0,4093,0.0,0,4093,0.0,16,0,4093,0.0,0,0,,0,0,0,,0,0
warmstart_seed3,3,warmstart,0,121,0,4093,0.0,16,0,4093,0.0,0,4093,0.0,16,0,4093,0.0,0,0,,0,0,0,,0,0
warmstart_seed3,3,warmstart,0,122,0,4093,0.0,16,0,4093,0.0,0,4093,0.0,16,0,4093,0.0,0,0,,0,0,0,,0,0
warmstart_seed3,3,warmstart,0,123,0,4093,0.0,16,0,4093,0.0,0,4093,0.0,16,0,4093,0.0,0,0,,0,0,0,,0,0
warmstart_seed3,3,warmstart,0,124,0,4093,0.0,16,0,4093,0.0,0,4093,0.0,16,0,4093,0.0,0,0,,0,0,0,,0,0
warmstart_seed3,3,warmstart,0,125,0,4093,0.0,16,0,4093,0.0,0,4093,0.0,16,0,4093,0.0,0,0,,0,0,0,,0,0
warmstart_seed3,3,warmstart,0,126,0,4093,0.0,16,0,4093,0.0,0,4093,0.0,16,0,4093,0.0,0,0,,0,0,0,,0,0
warmstart_seed3,3,warmstart,0,127,0,4093,0.0,16,0,4093,0.0,0,4093,0.0,16,0,4093,0.0,0,0,,0,0,0,,0,0
warmstart_seed3,3,warmstart,0,128,0,4093,0.0,16,0,4093,0.0,0,4093,0.0,16,0,4093,0.0,0,0,,0,0,0,,0,0
warmstart_seed3,3,warmstart,100,0,0,4093,0.0,16,0,4093,0.0,,,,,,,,,,,,,,,,
warmstart_seed3,3,warmstart,100,1,0,4093,0.0,16,0,4093,0.0,0,4093,0.0,16,0,4093,0.0,0,0,,0,0,0,,0,0
warmstart_seed3,3,warmstart,100,2,0,4093,0.0,16,0,4093,0.0,0,4093,0.0,16,0,4093,0.0,0,0,,0,0,0,,0,0
warmstart_seed3,3,warmstart,100,3,0,4093,0.0,16,0,4093,0.0,0,4093,0.0,16,0,4093,0.0,0,0,,0,0,0,,0,0
warmstart_seed3,3,warmstart,100,4,0,4093,0.0,16,0,4093,0.0,0,4093,0.0,16,0,4093,0.0,0,0,,0,0,0,,0,0
warmstart_seed3,3,warmstart,100,5,0,4093,0.0,16,0,4093,0.0,0,4093,0.0,16,0,4093,0.0,0,0,,0,0,0,,0,0
warmstart_seed3,3,warmstart,100,6,0,4093,0.0,16,0,4093,0.0,0,4093,0.0,16,0,4093,0.0,0,0,,0,0,0,,0,0
warmstart_seed3,3,warmstart,100,7,0,4093,0.0,16,0,4093,0.0,0,4093,0.0,16,0,4093,0.0,0,0,,0,0,0,,0,0
warmstart_seed3,3,warmstart,100,8,0,4093,0.0,16,0,4093,0.0,0,4093,0.0,16,0,4093,0.0,0,0,,0,0,0,,0,0
warmstart_seed3,3,warmstart,100,9,0,4093,0.0,16,0,4093,0.0,0,4093,0.0,16,0,4093,0.0,0,0,,0,0,0,,0,0
warmstart_seed3,3,warmstart,100,10,0,4093,0.0,16,0,4093,0.0,0,4093,0.0,16,0,4093,0.0,0,0,,0,0,0,,0,0
warmstart_seed3,3,warmstart,100,11,0,4093,0.0,16,0,4093,0.0,0,4093,0.0,16,0,4093,0.0,0,0,,0,0,0,,0,0
warmstart_seed3,3,warmstart,100,12,0,4093,0.0,16,0,4093,0.0,0,4093,0.0,16,0,4093,0.0,0,0,,0,0,0,,0,0
warmstart_seed3,3,warmstart,100,13,1,4093,0.00030193236714975844,16,1,4093,0.0002443195699975568,1,4093,0.00030193236714975844,16,1,4093,0.0002443195699975568,0,0,,0,0,0,,1,0
warmstart_seed3,3,warmstart,100,14,9,4093,0.0030883022343269396,16,9,4093,0.002198876129978011,8,4092,0.002789301249382518,16,8,4092,0.0019550342130987292,0,1,0.0,1,0,1,0.0,8,0
warmstart_seed3,3,warmstart,100,15,23,4093,0.007495472644409806,16,23,4093,0.005619350109943806,15,4084,0.004832084986530488,16,15,4084,0.003672869735553379,1,9,0.1,5,1,9,0.1111111111111111,14,0
warmstart_seed3,3,warmstart,100,16,41,4093,0.013577798299967019,16,41,4093,0.01001710236989983,19,4070,0.006321362374693962,16,19,4070,0.004668304668304668,1,23,0.125,8,1,23,0.043478260869565216,18,0
warmstart_seed3,3,warmstart,100,17,101,4093,0.03021314564637704,16,101,4093,0.024676276569753238,62,4052,0.017507607590051075,16,62,4052,0.015301085883514315,2,41,0.11363636363636363,11,2,41,0.04878048780487805,60,0
warmstart_seed3,3,warmstart,100,18,190,4093,0.057351456996350594,16,190,4093,0.04642071829953579,93,3992,0.029512829897823646,16,93,3992,0.023296593186372744,4,101,0.07440476190476189,14,4,101,0.039603960396039604,89,0
warmstart_seed3,3,warmstart,100,19,305,4093,0.0894976454809959,16,305,4093,0.07451746884925482,123,3903,0.037180930715027274,16,123,3903,0.03151421983089931,8,190,0.04245253657018363,15,8,190,0.042105263157894736,115,0
warmstart_seed3,3,warmstart,100,20,433,4093,0.12295491570453512,16,433,4093,0.1057903738089421,151,3788,0.044473991902751406,16,151,3788,0.03986272439281943,23,305,0.09096372377622378,16,23,305,0.07540983606557378,128,0
warmstart_seed3,3,warmstart,100,21,621,4093,0.17362673897494885,16,621,4093,0.15172245296848277,243,3660,0.07868268819889722,16,243,3660,0.06639344262295081,55,433,0.12163019361608071,16,55,433,0.12702078521939955,188,0
warmstart_seed3,3,warmstart,100,22,774,4093,0.21758461677295457,16,774,4093,0.18910334717810898,238,3472,0.08747698175650546,16,238,3472,0.06854838709677419,85,621,0.12827530151140787,16,85,621,0.13687600644122383,153,0
warmstart_seed3,3,warmstart,100,23,848,4093,0.23612383614572177,16,848,4093,0.20718299535792817,174,3319,0.06494638595656865,16,174,3319,0.05242542934618861,100,774,0.12821102148367777,16,100,774,0.12919896640826872,74,0
warmstart_seed3,3,warmstart,100,24,889,4093,0.24686015966531114,16,889,4093,0.217200097727828,141,3245,0.052568426655756006,16,141,3245,0.04345146379044684,100,848,0.11492104309479954,16,100,848,0.1179245283018868,41,0
warmstart_seed3,3,warmstart,100,25,875,4093,0.24289742386745705,16,875,4093,0.2137796237478622,74,3204,0.028070493512139392,16,74,3204,0.023096129837702872,88,889,0.09579065832205653,16,88,889,0.09898762654668167,-14,0
warmstart_seed3,3,warmstart,100,26,872,4093,0.24459505337732632,16,872,4093,0.21304666503786954,63,3218,0.027258629372779473,16,63,3218,0.019577377252952145,66,875,0.07130229962620252,16,66,875,0.07542857142857143,-3,0
warmstart_seed3,3,warmstart,100,27,861,4093,0.24104780403872597,16,861,4093,0.2103591497678964,51,3221,0.021390177810261573,16,51,3221,0.015833592052157716,62,872,0.06796549416455747,16,62,872,0.07110091743119266,-11,0
warmstart_seed3,3,warmstart,100,28,824,4093,0.23114835425481045,16,824,4093,0.2013193256779868,26,3232,0.010791800931457863,16,26,3232,0.008044554455445545,63,861,0.07000789068041338,16,63,861,0.07317073170731707,-37,0
warmstart_seed3,3,warmstart,100,29,794,4093,0.2238015392114965,16,794,4093,0.1939897385780601,19,3269,0.008021686970632644,16,19,3269,0.005812174977057204,49,824,0.05966991309210116,16,49,824,0.05946601941747573,-30,0
warmstart_seed3,3,warmstart,100,30,765,4093,0.21522334202286844,16,765,4093,0.18690447104813096,3,3299,0.0008469600615491128,16,3,3299,0.0009093664746892998,32,794,0.03611094973959797,16,32,794,0.04030226700251889,-29,0
warmstart_seed3,3,warmstart,100,31,744,4093,0.20910617066943735,16,744,4093,0.18177376007818227,0,3328,0.0,16,0,3328,0.0,21,765,0.026082368099665253,16,21,765,0.027450980392156862,-21,0
warmstart_seed3,3,warmstart,100,32,725,4093,0.2035708777147638,16,725,4093,0.1771316882482287,0,3349,0.0,16,0,3349,0.0,19,744,0.025608991485107556,16,19,744,0.025537634408602152,-19,0
warmstart_seed3,3,warmstart,100,33,703,4093,0.19726923898907034,16,703,4093,0.17175665770828244,0,3368,0.0,16,0,3368,0.0,22,725,0.031008476453325415,16,22,725,0.030344827586206897,-22,0
warmstart_seed3,3,warmstart,100,34,695,4093,0.19429119364378084,16,695,4093,0.169802101148302,2,3390,0.00047215504238830807,16,2,3390,0.0005899705014749262,10,703,0.015241375025168629,16,10,703,0.01422475106685633,-8,0
warmstart_seed3,3,warmstart,100,35,676,4093,0.1875873474906744,16,676,4093,0.1651600293183484,0,3398,0.0,16,0,3398,0.0,19,695,0.02838110404619995,16,19,695,0.027338129496402876,-19,0
warmstart_seed3,3,warmstart,100,36,664,4093,0.18378891290191496,16,664,4093,0.16222819447837772,1,3417,0.0005122950819672131,16,1,3417,0.000292654375182909,13,676,0.02051545389624282,16,13,676,0.019230769230769232,-12,0
warmstart_seed3,3,warmstart,100,37,659,4093,0.18190045494432822,16,659,4093,0.16100659662838993,2,3429,0.0008115281395532402,16,2,3429,0.0005832604257801109,7,664,0.011672825529733425,16,7,664,0.010542168674698794,-5,0
warmstart_seed3,3,warmstart,100,38,644,4093,0.17694728527546708,16,644,4093,0.15734180307842657,0,3434,0.0,16,0,3434,0.0,15,659,0.026046120427643198,16,15,659,0.02276176024279211,-15,0
warmstart_seed3,3,warmstart,100,39,633,4093,0.1735712833969094,16,633,4093,0.15465428780845344,2,3449,0.0007976190476190477,16,2,3449,0.0005798782255726297,13,644,0.022115018384687254,16,13,644,0.020186335403726708,-11,0
warmstart_seed3,3,warmstart,100,40,623,4093,0.16988729668260666,16,623,4093,0.15221109210847789,2,3460,0.000681491686684565,16,2,3460,0.0005780346820809249,12,633,0.02440975103525507,16,12,633,0.018957345971563982,-10,0
warmstart_seed3,3,warmstart,100,41,614,4093,0.16707351110342422,16,614,4093,0.15001221597849987,0,3470,0.0,16,0,3470,0.0,9,623,0.018408043460389205,16,9,623,0.014446227929373997,-9,0
warmstart_seed3,3,warmstart,100,42,614,4093,0.1670226557621043,16,614,4093,0.15001221597849987,3,3479,0.0012131328730620155,16,3,3479,0.0008623167576889911,3,614,0.00744047619047619,16,3,614,0.004885993485342019,0,0
warmstart_seed3,3,warmstart,100,43,604,4093,0.16339573472221647,16,604,4093,0.1475690202785243,1,3479,0.0004562043795620438,16,1,3479,0.0002874389192296637,11,614,0.02350909442724458,16,11,614,0.017915309446254073,-10,0
warmstart_seed3,3,warmstart,100,44,596,4093,0.160724532434704,16,596,4093,0.14561446371854386,1,3489,0.00048449612403100775,16,1,3489,0.00028661507595299513,9,604,0.018710118701952324,16,9,604,0.014900662251655629,-8,0
warmstart_seed3,3,warmstart,100,45,589,4093,0.15828905213472189,16,589,4093,0.14390422672856096,2,3497,0.00048449612403100775,16,2,3497,0.0005719187875321705,9,596,0.022909591605712296,16,9,596,0.015100671140939598,-7,0
warmstart_seed3,3,warmstart,100,46,584,4093,0.1565569694635375,16,584,4093,0.14268262887857316,2,3504,0.0006993935983995999,16,2,3504,0.0005707762557077625,7,589,0.019866646511383354,16,7,589,0.011884550084889643,-5,0
warmstart_seed3,3,warmstart,100,47,576,4093,0.15369817727253426,16,576,4093,0.14072807231859272,1,3509,0.00016191709844559586,16,1,3509,0.00028498147620404675,9,584,0.021550751238251238,16,9,584,0.015410958904109588,-8,0
warmstart_seed3,3,warmstart,100,48,574,4093,0.15334822044113325,16,574,4093,0.1402394331785976,2,3517,0.0007801714219972389,16,2,3517,0.0005686664771111743,4,576,0.008043981481481482,16,4,576,0.006944444444444444,-2,0
warmstart_seed3,3,warmstart,100,49,570,4093,0.1516564984692868,16,570,4093,0.13926215489860738,2,3519,0.000669628789311149,16,2,3519,0.0005683432793407218,6,574,0.02481496047672518,16,6,574,0.010452961672473868,-4,0
warmstart_seed3,3,warmstart,100,50,565,4093,0.14963766174231163,16,565,4093,0.1380405570486196,3,3523,0.0010284181240063593,16,3,3523,0.0008515469770082316,8,570,0.029166666666666667,16,8,570,0.014035087719298246,-5,0
warmstart_seed3,3,warmstart,100,51,559,4093,0.14778315452475133,16,559,4093,0.13657463962863425,1,3528,0.0005896226415094339,16,1,3528,0.0002834467120181406,7,565,0.024614414846108205,16,7,565,0.012389380530973451,-6,0
warmstart_seed3,3,warmstart,100,52,555,4093,0.14606962690060124,16,555,4093,0.13559736134864403,3,3534,0.0010752701554555472,16,3,3534,0.0008488964346349745,7,559,0.02772130647130647,16,7,559,0.012522361359570662,-4,0
warmstart_seed3,3,warmstart,100,53,548,4093,0.14355697022506578,16,548,4093,0.13388712435866112,2,3538,0.0006573083778966132,16,2,3538,0.0005652911249293386,9,555,0.04813287815126051,16,9,555,0.016216216216216217,-7,0
warmstart_seed3,3,warmstart,100,54,546,4093,0.14301222158205637,16,546,4093,0.133398485218666,1,3545,0.0004734848484848485,16,1,3545,0.00028208744710860365,3,548,0.0062878787878787885,16,3,548,0.005474452554744526,-2,0
warmstart_seed3,3,warmstart,100,55,543,4093,0.1418131954572923,16,543,4093,0.13266552650867333,2,3547,0.00048828125,16,2,3547,0.000563856780377784,5,546,0.030796749546749547,16,5,546,0.009157509157509158,-3,0
warmstart_seed3,3,warmstart,100,56,538,4093,0.1399783050667418,16,538,4093,0.13144392865868557,3,3550,0.001036437348336956,16,3,3550,0.0008450704225352113,8,543,0.08087286817125526,16,8,543,0.014732965009208104,-5,0
warmstart_seed3,3,warmstart,100,57,540,4093,0.14065358129471087,16,540,4093,0.13193256779868068,5,3555,0.0017387184422256168,16,5,3555,0.0014064697609001407,3,538,0.06797619047619048,16,3,538,0.0055762081784386614,2,0
warmstart_seed3,3,warmstart,100,58,535,4093,0.13853648963216464,16,535,4093,0.13071096994869288,1,3553,0.0002880184331797235,16,1,3553,0.00028145229383619476,6,540,0.07614087301587302,16,6,540,0.011111111111111112,-5,0
warmstart_seed3,3,warmstart,100,59,527,4093,0.13601902885449185,16,527,4093,0.12875641338871244,1,3558,0.00045955882352941176,16,1,3558,0.0002810567734682406,9,535,0.04223931623931624,15,9,535,0.016822429906542057,-8,0
warmstart_seed3,3,warmstart,100,60,528,4093,0.1360439298725562,16,528,4093,0.12900073295870998,5,3566,0.0017964869671476457,16,5,3566,0.0014021312394840158,4,527,0.021787439613526572,15,4,527,0.007590132827324478,1,0
warmstart_seed3,3,warmstart,100,61,520,4093,0.1335209108177559,16,520,4093,0.12704617639872953,0,3565,0.0,16,0,3565,0.0,8,528,0.03461174675819985,15,8,528,0.015151515151515152,-8,0
warmstart_seed3,3,warmstart,100,62,519,4093,0.13332894915458157,16,519,4093,0.126801856828732,2,3573,0.0006254509893281683,16,2,3573,0.000559753708368318,3,520,0.008664908458510109,15,3,520,0.0057692307692307696,-1,0
warmstart_seed3,3,warmstart,100,63,513,4093,0.1312089978506807,16,513,4093,0.12533593940874663,1,3574,0.00019113149847094801,16,1,3574,0.0002797985450475658,7,519,0.03747276688453159,15,7,519,0.01348747591522158,-6,0
warmstart_seed3,3,warmstart,100,64,510,4093,0.12979365359285028,16,510,4093,0.12460298069875397,2,3580,0.00031645569620253165,16,2,3580,0.0005586592178770949,5,513,0.018838383838383838,15,5,513,0.009746588693957114,-3,0
warmstart_seed3,3,warmstart,100,65,503,4093,0.12779312664313636,16,503,4093,0.12289274370877107,2,3583,0.0008785016768593411,16,2,3583,0.0005581914596706671,9,510,0.03964285714285714,15,9,510,0.01764705882352941,-7,0
warmstart_seed3,3,warmstart,100,66,498,4093,0.12642751499574348,16,498,4093,0.12167114585878329,3,3590,0.0012785728006146752,16,3,3590,0.0008356545961002785,8,503,0.05858974358974359,15,8,503,0.015904572564612324,-5,0
warmstart_seed3,3,warmstart,100,67,493,4093,0.12449850265006447,16,493,4093,0.12044954800879551,2,3595,0.0003132832080200501,16,2,3595,0.0005563282336578582,7,498,0.049158249158249165,15,7,498,0.014056224899598393,-5,0
warmstart_seed3,3,warmstart,100,68,491,4093,0.12397719882591512,16,491,4093,0.1199609088688004,2,3600,0.0005872874116642075,16,2,3600,0.0005555555555555556,4,493,0.045454545454545456,15,4,493,0.008113590263691683,-2,0
warmstart_seed3,3,warmstart,100,69,488,4093,0.12272480736386013,16,488,4093,0.11922795015880772,2,3602,0.0003719053934571176,16,2,3602,0.000555247084952804,5,491,0.05808373590982286,15,5,491,0.010183299389002037,-3,0
warmstart_seed3,3,warmstart,100,70,485,4093,0.12157467361766346,16,485,4093,0.11849499144881505,1,3605,0.0001554726368159204,16,1,3605,0.00027739251040221914,4,488,0.07444030952802883,15,4,488,0.00819672131147541,-3,0
warmstart_seed3,3,warmstart,100,71,483,4093,0.12118090779983999,16,483,4093,0.11800635230881994,2,3608,0.0006425415223376854,16,2,3608,0.0005543237250554324,4,485,0.023242630385487524,14,4,485,0.008247422680412371,-2,0
warmstart_seed3,3,warmstart,100,72,486,4093,0.12189006543782913,16,486,4093,0.1187393110188126,3,3610,0.000784842410180236,16,3,3610,0.0008310249307479224,0,483,0.0,14,0,483,0.0,3,0
warmstart_seed3,3,warmstart,100,73,485,4093,0.12149197626585459,16,485,4093,0.11849499144881505,0,3607,0.0,16,0,3607,0.0,1,486,0.0037593984962406013,14,1,486,0.00205761316872428,-1,0
warmstart_seed3,3,warmstart,100,74,477,4093,0.11970933760788936,16,477,4093,0.1165404348888346,0,3608,0.0,16,0,3608,0.0,8,485,0.05039682539682539,14,8,485,0.016494845360824743,-8,0
warmstart_seed3,3,warmstart,100,75,477,4093,0.11995498775547363,16,477,4093,0.1165404348888346,1,3616,0.0004464285714285714,16,1,3616,0.0002765486725663717,1,477,0.017857142857142856,14,1,477,0.0020964360587002098,0,0
warmstart_seed3,3,warmstart,100,76,478,4093,0.12029282559331148,16,478,4093,0.11678475445883216,2,3616,0.0007407407407407408,16,2,3616,0.0005530973451327434,1,477,0.004201680672268907,14,1,477,0.0020964360587002098,1,0
warmstart_seed3,3,warmstart,100,77,472,4093,0.11871691411440663,16,472,4093,0.11531883703884681,0,3615,0.0,16,0,3615,0.0,6,478,0.09313725490196079,14,6,478,0.012552301255230125,-6,0
warmstart_seed3,3,warmstart,100,78,472,4093,0.11865666278026996,16,472,4093,0.11531883703884681,1,3621,0.000462962962962963,16,1,3621,0.00027616680475006904,1,472,0.003968253968253968,14,1,472,0.00211864406779661,0,0
warmstart_seed3,3,warmstart,100,79,472,4093,0.11865666278026996,16,472,4093,0.11531883703884681,0,3621,0.0,16,0,3621,0.0,0,472,0.0,14,0,472,0.0,0,0
warmstart_seed3,3,warmstart,100,80,472,4093,0.11865666278026996,16,472,4093,0.11531883703884681,0,3621,0.0,16,0,3621,0.0,0,472,0.0,14,0,472,0.0,0,0
warmstart_seed3,3,warmstart,100,81,471,4093,0.11825857360829543,16,471,4093,0.11507451746884925,0,3621,0.0,16,0,3621,0.0,1,472,0.004201680672268907,14,1,472,0.00211864406779661,-1,0
warmstart_seed3,3,warmstart,100,82,469,4093,0.117602219973511,16,469,4093,0.11458587832885414,0,3622,0.0,16,0,3622,0.0,2,471,0.009226190476190475,14,2,471,0.004246284501061571,-2,0
warmstart_seed3,3,warmstart,100,83,467,4093,0.11698791801182246,16,467,4093,0.11409723918885903,1,3624,0.0006009615384615385,16,1,3624,0.0002759381898454746,3,469,0.014625850340136054,14,3,469,0.006396588486140725,-2,0
warmstart_seed3,3,warmstart,100,84,468,4093,0.11738600718379698,16,468,4093,0.11434155875885658,1,3626,0.00043402777777777775,16,1,3626,0.0002757859900717044,0,467,0.0,14,0,467,0.0,1,0
warmstart_seed3,3,warmstart,100,85,467,4093,0.11698791801182246,16,467,4093,0.11409723918885903,0,3625,0.0,16,0,3625,0.0,1,468,0.00510204081632653,14,1,468,0.002136752136752137,-1,0
warmstart_seed3,3,warmstart,100,86,466,4093,0.1165712513451558,16,466,4093,0.11385291961886147,0,3626,0.0,16,0,3626,0.0,1,467,0.07142857142857142,14,1,467,0.0021413276231263384,-1,0
warmstart_seed3,3,warmstart,100,87,469,4093,0.11743400554981005,16,469,4093,0.11458587832885414,3,3627,0.0010152879498307888,16,3,3627,0.0008271298593879239,0,466,0.0,13,0,466,0.0,3,0
warmstart_seed3,3,warmstart,100,88,466,4093,0.11662521289063538,16,466,4093,0.11385291961886147,0,3624,0.0,16,0,3624,0.0,3,469,0.08833474218089601,13,3,469,0.006396588486140725,-3,0
warmstart_seed3,3,warmstart,100,89,465,4093,0.11636694842782545,16,465,4093,0.11360860004886392,0,3627,0.0,16,0,3627,0.0,1,466,0.006944444444444444,12,1,466,0.002145922746781116,-1,0
warmstart_seed3,3,warmstart,100,90,464,4093,0.11602500050779221,16,464,4093,0.11336428047886636,1,3628,0.00020292207792207794,16,1,3628,0.0002756339581036384,2,465,0.015151515151515152,12,2,465,0.004301075268817204,-1,0
warmstart_seed3,3,warmstart,100,91,464,4093,0.11602500050779221,16,464,4093,0.11336428047886636,0,3629,0.0,16,0,3629,0.0,0,464,0.0,12,0,464,0.0,0,0
warmstart_seed3,3,warmstart,100,92,463,4093,0.11582075214177914,16,463,4093,0.1131199609088688,0,3629,0.0,16,0,3629,0.0,1,464,0.0015432098765432098,12,1,464,0.0021551724137931034,-1,0
warmstart_seed3,3,warmstart,100,93,464,4093,0.1159793815834035,16,464,4093,0.11336428047886636,1,3630,0.000180635838150289,16,1,3630,0.0002754820936639118,0,463,0.0,12,0,463,0.0,1,0
warmstart_seed3,3,warmstart,100,94,464,4093,0.11591913024926682,16,464,4093,0.11336428047886636,1,3629,0.0004664179104477612,16,1,3629,0.0002755580049600441,1,464,0.006410256410256411,12,1,464,0.0021551724137931034,0,0
warmstart_seed3,3,warmstart,100,95,463,4093,0.11566086578645692,16,463,4093,0.1131199609088688,1,3629,0.0004310344827586207,16,1,3629,0.0002755580049600441,2,464,0.016203703703703703,12,2,464,0.004310344827586207,-1,0
warmstart_seed3,3,warmstart,100,96,462,4093,0.11506893580852094,16,462,4093,0.11287564133887125,1,3630,0.00024703557312252963,16,1,3630,0.0002754820936639118,2,463,0.013888888888888888,12,2,463,0.004319654427645789,-1,0
warmstart_seed3,3,warmstart,100,97,463,4093,0.11546702498049545,16,463,4093,0.1131199609088688,1,3631,0.00042517006802721087,16,1,3631,0.0002754062241806665,0,462,0.0,12,0,462,0.0,1,0
warmstart_seed3,3,warmstart,100,98,464,4093,0.11563640167426238,16,464,4093,0.11336428047886636,1,3630,0.0001934984520123839,16,1,3630,0.0002754820936639118,0,463,0.0,12,0,463,0.0,1,0
warmstart_seed3,3,warmstart,100,99,464,4093,0.11555271821703907,16,464,4093,0.11336428047886636,2,3629,0.0006316652536700727,16,2,3629,0.0005511160099200882,2,464,0.017992424242424244,12,2,464,0.004310344827586207,0,0
warmstart_seed3,3,warmstart,100,100,462,4093,0.11489636458225463,16,462,4093,0.11287564133887125,1,3629,0.0004280821917808219,16,1,3629,0.0002755580049600441,3,464,0.027056277056277056,12,3,464,0.00646551724137931,-2,0
warmstart_seed3,3,warmstart,100,101,461,4093,0.1144982754102801,16,461,4093,0.1126313217688737,0,3631,0.0,16,0,3631,0.0,1,462,0.008333333333333333,12,1,462,0.0021645021645021645,-1,0
warmstart_seed3,3,warmstart,100,102,461,4093,0.11454921235040175,16,461,4093,0.1126313217688737,2,3632,0.0006163966761792848,16,2,3632,0.0005506607929515419,2,461,0.027777777777777776,12,2,461,0.004338394793926247,0,0
warmstart_seed3,3,warmstart,100,103,460,4093,0.11415112317842721,16,460,4093,0.11238700219887612,0,3632,0.0,16,0,3632,0.0,1,461,0.008333333333333333,12,1,461,0.0021691973969631237,-1,0
warmstart_seed3,3,warmstart,100,104,460,4093,0.11415112317842721,16,460,4093,0.11238700219887612,0,3633,0.0,16,0,3633,0.0,0,460,0.0,12,0,460,0.0,0,0
warmstart_seed3,3,warmstart,100,105,460,4093,0.11415112317842721,16,460,4093,0.11238700219887612,0,3633,0.0,16,0,3633,0.0,0,460,0.0,12,0,460,0.0,0,0
warmstart_seed3,3,warmstart,100,106,460,4093,0.11409710708163036,16,460,4093,0.11238700219887612,1,3633,0.000248015873015873,16,1,3633,0.0002752546105147261,1,460,0.020833333333333332,12,1,460,0.002173913043478261,0,0
warmstart_seed3,3,warmstart,100,107,461,4093,0.11434710708163036,16,461,4093,0.1126313217688737,1,3633,0.0002962085308056872,16,1,3633,0.0002752546105147261,0,460,0.0,12,0,460,0.0,1,0
warmstart_seed3,3,warmstart,100,108,461,4093,0.11427168808721695,16,461,4093,0.1126313217688737,1,3632,0.0002042483660130719,16,1,3632,0.00027533039647577095,1,461,0.0020833333333333333,12,1,461,0.0021691973969631237,0,0
warmstart_seed3,3,warmstart,100,109,462,4093,0.11452168808721695,16,462,4093,0.11287564133887125,1,3632,0.0002962085308056872,16,1,3632,0.00027533039647577095,0,461,0.0,12,0,461,0.0,1,0
warmstart_seed3,3,warmstart,100,110,459,4093,0.11370236603853012,16,459,4093,0.11214268262887857,0,3631,0.0,16,0,3631,0.0,3,462,0.014814814814814814,12,3,462,0.006493506493506494,-3,0
warmstart_seed3,3,warmstart,100,111,462,4093,0.11429817992082904,16,462,4093,0.11287564133887125,3,3634,0.0006838751016042684,16,3,3634,0.000825536598789213,0,459,0.0,12,0,459,0.0,3,0
warmstart_seed3,3,warmstart,100,112,462,4093,0.11429817992082904,16,462,4093,0.11287564133887125,0,3631,0.0,16,0,3631,0.0,0,462,0.0,12,0,462,0.0,0,0
warmstart_seed3,3,warmstart,100,113,461,4093,0.11412694704411672,16,461,4093,0.1126313217688737,0,3631,0.0,16,0,3631,0.0,1,462,0.003472222222222222,12,1,462,0.0021645021645021645,-1,0
warmstart_seed3,3,warmstart,100,114,462,4093,0.11433119541012979,16,462,4093,0.11287564133887125,1,3632,0.000249003984063745,16,1,3632,0.00027533039647577095,0,461,0.0,12,0,461,0.0,1,0
warmstart_seed3,3,warmstart,100,115,462,4093,0.11424201162017543,16,462,4093,0.11287564133887125,1,3631,0.0001827485380116959,16,1,3631,0.0002754062241806665,1,462,0.0015432098765432098,12,1,462,0.0021645021645021645,0,0
warmstart_seed3,3,warmstart,100,116,460,4093,0.11344583327622638,16,460,4093,0.11238700219887612,0,3631,0.0,16,0,3631,0.0,2,462,0.020833333333333332,12,2,462,0.004329004329004329,-2,0
warmstart_seed3,3,warmstart,100,117,460,4093,0.11372462193863833,16,460,4093,0.11238700219887612,2,3633,0.0007794043607916037,16,2,3633,0.0005505092210294523,2,460,0.005555555555555556,12,2,460,0.004347826086956522,0,0
warmstart_seed3,3,warmstart,100,118,461,4093,0.11397462193863833,16,461,4093,0.1126313217688737,2,3633,0.0004789570688173831,16,2,3633,0.0005505092210294523,1,460,0.0036231884057971015,12,1,460,0.002173913043478261,1,0
warmstart_seed3,3,warmstart,100,119,459,4093,0.11317844359468929,16,459,4093,0.11214268262887857,1,3632,0.0001827485380116959,16,1,3632,0.00027533039647577095,3,461,0.02743271221532091,12,3,461,0.006507592190889371,-2,0
warmstart_seed3,3,warmstart,100,120,460,4093,0.11357653276666382,16,460,4093,0.11238700219887612,2,3634,0.0005939327485380117,16,2,3634,0.000550357732526142,1,459,0.0036231884057971015,12,1,459,0.002178649237472767,1,0
warmstart_seed3,3,warmstart,100,121,457,4093,0.11260912154600244,16,457,4093,0.11165404348888346,0,3633,0.0,16,0,3633,0.0,3,460,0.03140096618357488,12,3,460,0.006521739130434782,-3,0
warmstart_seed3,3,warmstart,100,122,459,4093,0.11317844359468929,16,459,4093,0.11214268262887857,2,3636,0.0005907124754663771,16,2,3636,0.00055005500550055,0,457,0.0,12,0,457,0.0,2,0
warmstart_seed3,3,warmstart,100,123,459,4093,0.11293712768139375,16,459,4093,0.11214268262887857,2,3634,0.00037586347013409186,16,2,3634,0.000550357732526142,2,459,0.02028985507246377,12,2,459,0.004357298474945534,0,0
warmstart_seed3,3,warmstart,100,124,459,4093,0.11293712768139375,16,459,4093,0.11214268262887857,0,3634,0.0,16,0,3634,0.0,0,459,0.0,12,0,459,0.0,0,0
warmstart_seed3,3,warmstart,100,125,460,4093,0.11337726852646417,16,460,4093,0.11238700219887612,1,3634,0.0006067961165048543,16,1,3634,0.000275178866263071,0,459,0.0,12,0,459,0.0,1,0
warmstart_seed3,3,warmstart,100,126,461,4093,0.11358151689247724,16,461,4093,0.1126313217688737,1,3633,0.00025,16,1,3633,0.0002752546105147261,0,460,0.0,12,0,460,0.0,1,0
warmstart_seed3,3,warmstart,100,127,459,4093,0.11292516325769279,16,459,4093,0.11214268262887857,0,3632,0.0,16,0,3632,0.0,2,461,0.048611111111111105,12,2,461,0.004338394793926247,-2,0
warmstart_seed3,3,warmstart,100,128,460,4093,0.11332325242966731,16,460,4093,0.11238700219887612,1,3634,0.00040584415584415587,16,1,3634,0.000275178866263071,0,459,0.0,12,0,459,0.0,1,0
warmstart_seed3,3,warmstart,200,0,0,4093,0.0,16,0,4093,0.0,,,,,,,,,,,,,,,,
warmstart_seed3,3,warmstart,200,1,97,4093,0.0271706720860929,16,97,4093,0.02369899828976301,97,4093,0.0271706720860929,16,97,4093,0.02369899828976301,0,0,,0,0,0,,97,0
warmstart_seed3,3,warmstart,200,2,94,4093,0.026277248148982416,16,94,4093,0.02296603957977034,51,3996,0.014478633502902249,16,51,3996,0.012762762762762763,54,97,0.5316220238095237,16,54,97,0.5567010309278351,-3,0
warmstart_seed3,3,warmstart,200,3,104,4093,0.027798934117555886,16,104,4093,0.02540923527974591,43,3999,0.011635418878225928,16,43,3999,0.010752688172043012,33,94,0.33154761904761904,16,33,94,0.35106382978723405,10,0
warmstart_seed3,3,warmstart,200,4,104,4093,0.028736197002141223,16,104,4093,0.02540923527974591,38,3989,0.011025780524952868,16,38,3989,0.00952619704186513,38,104,0.3457183441558441,16,38,104,0.36538461538461536,0,0
warmstart_seed3,3,warmstart,200,5,131,4093,0.03577846693708521,16,131,4093,0.03200586366967994,42,3989,0.011603082130210362,16,42,3989,0.010528954625219354,15,104,0.1446924603174603,16,15,104,0.14423076923076922,27,0
warmstart_seed3,3,warmstart,200,6,172,4093,0.04744290426881957,16,172,4093,0.04202296603957977,49,3962,0.014155986884105246,16,49,3962,0.012367491166077738,8,131,0.06215503246753246,16,8,131,0.061068702290076333,41,0
warmstart_seed3,3,warmstart,200,7,246,4093,0.0679963822298489,16,246,4093,0.06010261421939898,76,3921,0.022250160915260674,16,76,3921,0.01938281050752359,2,172,0.016741071428571428,16,2,172,0.011627906976744186,74,0
warmstart_seed3,3,warmstart,200,8,370,4093,0.10309898057291779,16,370,4093,0.09039824089909601,125,3847,0.03821938211065941,16,125,3847,0.03249285157265402,1,246,0.004166666666666667,16,1,246,0.0040650406504065045,124,0
warmstart_seed3,3,warmstart,200,9,494,4093,0.13790250925878855,16,494,4093,0.12069386757879307,126,3723,0.04014231351217035,16,126,3723,0.03384367445608381,2,370,0.005104166666666667,16,2,370,0.005405405405405406,124,0
warmstart_seed3,3,warmstart,200,10,632,4093,0.17687626168161671,16,632,4093,0.1544099682384559,138,3599,0.04638727588008899,16,138,3599,0.038343984440122256,0,494,0.0,16,0,494,0.0,138,0
warmstart_seed3,3,warmstart,200,11,761,4093,0.21401105688642363,16,761,4093,0.18592719276814074,130,3461,0.04716687642782559,16,130,3461,0.037561398439757296,1,632,0.001388888888888889,16,1,632,0.0015822784810126582,129,0
warmstart_seed3,3,warmstart,200,12,890,4093,0.24826675061222073,16,890,4093,0.21744441729782554,130,3332,0.0466961849818096,16,130,3332,0.039015606242496996,1,761,0.0010964912280701754,16,1,761,0.001314060446780552,129,0
warmstart_seed3,3,warmstart,200,13,1091,4093,0.3065747659291498,16,1091,4093,0.2665526508673345,205,3203,0.08734648713941666,16,205,3203,0.0640024976584452,4,890,0.0050430635995323166,16,4,890,0.0044943820224719105,201,0
warmstart_seed3,3,warmstart,200,14,1290,4093,0.3664197904093281,16,1290,4093,0.3151722452968483,245,3002,0.12166028036988931,16,245,3002,0.0816122584943371,46,1091,0.04080066409096073,16,46,1091,0.04216315307057745,199,0
warmstart_seed3,3,warmstart,200,15,1321,4093,0.37417441129995554,16,1321,4093,0.32274615196677253,157,2803,0.08901095430003847,16,157,2803,0.056011416339636105,126,1290,0.09577342490513135,16,126,1290,0.09767441860465116,31,0
warmstart_seed3,3,warmstart,200,16,1173,4093,0.33036899337772885,16,1173,4093,0.28658685560713415,46,2772,0.020545712844667337,16,46,2772,0.016594516594516596,194,1321,0.14154288263273074,16,194,1321,0.1468584405753217,-148,0
warmstart_seed3,3,warmstart,200,17,1084,4093,0.30274904396067615,16,1084,4093,0.2648424138773516,6,2920,0.001387171788531732,16,6,2920,0.002054794520547945,95,1173,0.08012160162266857,16,95,1173,0.08098891730605286,-89,0
warmstart_seed3,3,warmstart,200,18,1021,4093,0.2861722497804747,16,1021,4093,0.2494502809675055,5,3009,0.001183290120455896,16,5,3009,0.001661681621801263,68,1084,0.05308829594913622,16,68,1084,0.06273062730627306,-63,0
warmstart_seed3,3,warmstart,200,19,987,4093,0.2780530608771917,16,987,4093,0.24114341558758856,3,3072,0.0006985489126316586,16,3,3072,0.0009765625,37,1021,0.02971012051125349,16,37,1021,0.03623898139079334,-34,0
warmstart_seed3,3,warmstart,200,20,968,4093,0.2732366142469449,16,968,4093,0.23650134375763499,1,3106,0.0001923076923076923,16,1,3106,0.0003219575016097875,20,987,0.016777915179449706,16,20,987,0.020263424518743668,-19,0
warmstart_seed3,3,warmstart,200,21,963,4093,0.2718105214248585,16,963,4093,0.2352797459076472,3,3125,0.0006149264588874491,16,3,3125,0.00096,8,968,0.00866542035092567,16,8,968,0.008264462809917356,-5,0
warmstart_seed3,3,warmstart,200,22,955,4093,0.26967753321463456,16,955,4093,0.23332518934766674,0,3130,0.0,16,0,3130,0.0,8,963,0.0063749728264954385,16,8,963,0.008307372793354102,-8,0
warmstart_seed3,3,warmstart,200,23,952,4093,0.26887170518352815,16,952,4093,0.2325922306376741,1,3138,0.00019171779141104295,16,1,3138,0.00031867431485022306,4,955,0.004016816516816516,16,4,955,0.004188481675392671,-3,0
warmstart_seed3,3,warmstart,200,24,952,4093,0.2694150479045371,16,952,4093,0.2325922306376741,3,3141,0.0019464636295892924,16,3,3141,0.0009551098376313276,3,952,0.002946820175438596,16,3,952,0.0031512605042016808,0,0
warmstart_seed3,3,warmstart,200,25,946,4093,0.2680150265195467,16,946,4093,0.23112631321768873,2,3141,0.00037831959706959706,16,2,3141,0.0006367398917542184,8,952,0.007130835398855994,16,8,952,0.008403361344537815,-6,0
warmstart_seed3,3,warmstart,200,26,944,4093,0.2675176673646171,16,944,4093,0.23063767407769362,2,3147,0.0008354074483775811,16,2,3147,0.0006355258976803305,4,946,0.0034885885263888578,16,4,946,0.004228329809725159,-2,0
warmstart_seed3,3,warmstart,200,27,945,4093,0.26767496460903406,16,945,4093,0.23088199364769119,4,3149,0.0013247844212047012,16,4,3149,0.0012702445220704986,3,944,0.0030903506143242433,16,3,944,0.0031779661016949155,1,0
warmstart_seed3,3,warmstart,200,28,946,4093,0.2679527894358934,16,946,4093,0.23112631321768873,3,3148,0.0012238114423851732,16,3,3148,0.0009529860228716646,2,945,0.0017609126984126982,16,2,945,0.0021164021164021165,1,0
warmstart_seed3,3,warmstart,200,29,943,4093,0.26724982221513843,16,943,4093,0.23039335450769607,0,3147,0.0,16,0,3147,0.0,3,946,0.002722101841820152,16,3,946,0.003171247357293869,-3,0
warmstart_seed3,3,warmstart,200,30,947,4093,0.26796319699594506,16,947,4093,0.2313706327876863,5,3150,0.0015002360642481609,16,5,3150,0.0015873015873015873,1,943,0.001358695652173913,16,1,943,0.0010604453870625664,4,0
warmstart_seed3,3,warmstart,200,31,954,4093,0.2699835032698177,16,954,4093,0.2330808697776692,7,3146,0.002780282352376464,16,7,3146,0.0022250476795931343,0,947,0.0,16,0,947,0.0,7,0
warmstart_seed3,3,warmstart,200,32,959,4093,0.2711021472234486,16,959,4093,0.23430246762765697,5,3139,0.001469717076489606,16,5,3139,0.0015928639694170119,0,954,0.0,16,0,954,0.0,5,0
warmstart_seed3,3,warmstart,200,33,961,4093,0.27141960398257503,16,961,4093,0.23479110676765208,3,3134,0.000681779702012384,16,3,3134,0.0009572431397574984,1,959,0.0008561643835616438,16,1,959,0.0010427528675703858,2,0
warmstart_seed3,3,warmstart,200,34,967,4093,0.27331904791279077,16,967,4093,0.23625702418763744,9,3132,0.0038317638405524824,16,9,3132,0.0028735632183908046,3,961,0.003042116001165841,16,3,961,0.003121748178980229,6,0
warmstart_seed3,3,warmstart,200,35,976,4093,0.2755472219935235,16,976,4093,0.23845590031761543,9,3126,0.0033622855473500117,16,9,3126,0.0028790786948176585,0,967,0.0,16,0,967,0.0,9,0
warmstart_seed3,3,warmstart,200,36,977,4093,0.27586516809582295,16,977,4093,0.238700219887613,4,3117,0.0013188488960688193,16,4,3117,0.0012832852101379532,3,976,0.003410926870748299,16,3,976,0.0030737704918032786,1,0
warmstart_seed3,3,warmstart,200,37,990,4093,0.2795206094207301,16,990,4093,0.24187637429758124,14,3116,0.006041130126400394,16,14,3116,0.004492939666238768,1,977,0.0008445945945945946,16,1,977,0.0010235414534288639,13,0
warmstart_seed3,3,warmstart,200,38,1000,4093,0.2817684467042568,16,1000,4093,0.2443195699975568,10,3103,0.003110566859752569,16,10,3103,0.003222687721559781,0,990,0.0,16,0,990,0.0,10,0
warmstart_seed3,3,warmstart,200,39,1008,4093,0.28435989651724586,16,1008,4093,0.24627412655753725,8,3093,0.003924692068040801,16,8,3093,0.0025864856126737797,0,1000,0.0,16,0,1000,0.0,8,0
warmstart_seed3,3,warmstart,200,40,1018,4093,0.28626337683502023,16,1018,4093,0.24871732225751284,11,3085,0.0029424395894259658,16,11,3085,0.003565640194489465,1,1008,0.0008223684210526315,16,1,1008,0.000992063492063492,10,0
warmstart_seed3,3,warmstart,200,41,1024,4093,0.2883020753723984,16,1024,4093,0.25018323967749817,7,3075,0.0035593466071046497,16,7,3075,0.0022764227642276423,1,1018,0.0007352941176470588,16,1,1018,0.0009823182711198428,6,0
warmstart_seed3,3,warmstart,200,42,1036,4093,0.2918083965405634,16,1036,4093,0.25311507451746884,13,3069,0.006243718292064762,16,13,3069,0.004235907461713913,1,1024,0.0008012820512820513,16,1,1024,0.0009765625,12,0
warmstart_seed3,3,warmstart,200,43,1050,4093,0.295502000096181,16,1050,4093,0.25653554849743465,14,3057,0.005555733068413915,16,14,3057,0.004579653254824992,0,1036,0.0,16,0,1036,0.0,14,0
warmstart_seed3,3,warmstart,200,44,1060,4093,0.29768279833573835,16,1060,4093,0.25897874419741024,10,3043,0.0033047205508909454,16,10,3043,0.003286230693394676,0,1050,0.0,16,0,1050,0.0,10,0
warmstart_seed3,3,warmstart,200,45,1068,4093,0.29945687847095037,16,1068,4093,0.2609333007573907,8,3033,0.0025411951461013537,16,8,3033,0.002637652489284537,0,1060,0.0,16,0,1060,0.0,8,0
warmstart_seed3,3,warmstart,200,46,1081,4093,0.30277895444243147,16,1081,4093,0.2641094551673589,14,3025,0.005631506509838689,16,14,3025,0.004628099173553719,1,1068,0.0006648936170212766,16,1,1068,0.0009363295880149813,13,0
warmstart_seed3,3,warmstart,200,47,1089,4093,0.3045813194713067,16,1089,4093,0.26606401172733934,8,3012,0.0027831119111546613,16,8,3012,0.0026560424966799467,0,1081,0.0,16,0,1081,0.0,8,0
warmstart_seed3,3,warmstart,200,48,1097,4093,0.3064800256058965,16,1097,4093,0.2680185682873198,9,3004,0.0032255830374504904,16,9,3004,0.002996005326231691,1,1089,0.0015625,16,1,1089,0.0009182736455463728,8,0
warmstart_seed3,3,warmstart,200,49,1108,4093,0.3092662302629953,16,1108,4093,0.2707060835572929,12,2996,0.004958043056317217,16,12,2996,0.004005340453938585,1,1097,0.0009765625,16,1,1097,0.0009115770282588879,11,0
warmstart_seed3,3,warmstart,200,50,1116,4093,0.31108489839707587,16,1116,4093,0.27266064011727337,8,2985,0.0025303619983709025,16,8,2985,0.002680067001675042,0,1108,0.0,16,0,1108,0.0,8,0
warmstart_seed3,3,warmstart,200,51,1123,4093,0.3128694081537791,16,1123,4093,0.2743708771072563,8,2977,0.0027200976675874214,16,8,2977,0.0026872690628149142,1,1116,0.0006377551020408163,16,1,1116,0.0008960573476702509,7,0
warmstart_seed3,3,warmstart,200,52,1128,4093,0.31415539741190346,16,1128,4093,0.2755924749572441,7,2970,0.002272594560553939,16,7,2970,0.0023569023569023568,2,1123,0.0012626262626262627,16,2,1123,0.0017809439002671415,5,0
warmstart_seed3,3,warmstart,200,53,1137,4093,0.31688658839965506,16,1137,4093,0.2777913510872221,10,2965,0.004821457243225378,16,10,2965,0.003372681281618887,1,1128,0.0006313131313131314,16,1,1128,0.0008865248226950354,9,0
warmstart_seed3,3,warmstart,200,54,1142,4093,0.318012079945062,16,1142,4093,0.27901294893720985,5,2956,0.0015253405513208488,16,5,2956,0.0016914749661705007,0,1137,0.0,16,0,1137,0.0,5,0
warmstart_seed3,3,warmstart,200,55,1147,4093,0.31939436273783395,16,1147,4093,0.28023454678719767,7,2951,0.0031560540622651134,16,7,2951,0.0023720772619451034,2,1142,0.0015742835595776773,16,2,1142,0.0017513134851138354,5,0
warmstart_seed3,3,warmstart,200,56,1155,4093,0.3218187886588648,16,1155,4093,0.2821891033471781,10,2946,0.004809103113684257,16,10,2946,0.0033944331296673455,2,1147,0.0015833586165048543,16,2,1147,0.0017436791630340018,8,0
warmstart_seed3,3,warmstart,200,57,1162,4093,0.3242769486647241,16,1162,4093,0.283899340337161,8,2938,0.00473278133948777,16,8,2938,0.002722940776038121,1,1155,0.0006009615384615385,16,1,1155,0.0008658008658008658,7,0
warmstart_seed3,3,warmstart,200,58,1165,4093,0.32527734956067555,16,1165,4093,0.2846322990471537,5,2931,0.0027947381441278,16,5,2931,0.0017059024223814397,2,1162,0.0017374517374517374,16,2,1162,0.0017211703958691911,3,0
warmstart_seed3,3,warmstart,200,59,1170,4093,0.32687254774052754,16,1170,4093,0.28585389689714147,7,2928,0.004554961545444693,16,7,2928,0.0023907103825136613,2,1165,0.0018656716417910447,16,2,1165,0.0017167381974248926,5,0
warmstart_seed3,3,warmstart,200,60,1176,4093,0.32841647918232403,16,1176,4093,0.2873198143171268,8,2923,0.0035286506858014295,16,8,2923,0.0027369141293191925,2,1170,0.0015422077922077923,16,2,1170,0.0017094017094017094,6,0
warmstart_seed3,3,warmstart,200,61,1180,4093,0.32952582806647607,16,1180,4093,0.28829709259711706,5,2917,0.0019942670985637644,16,5,2917,0.0017140898183064792,1,1176,0.0005952380952380953,16,1,1176,0.0008503401360544217,4,0
warmstart_seed3,3,warmstart,200,62,1181,4093,0.3296236903917734,16,1181,4093,0.2885414121671146,4,2913,0.0015817373461012312,16,4,2913,0.0013731548232063166,3,1180,0.0024070945945945947,16,3,1180,0.002542372881355932,1,0
warmstart_seed3,3,warmstart,200,63,1181,4093,0.3303358291056906,16,1181,4093,0.2885414121671146,5,2912,0.0031732807303123042,16,5,2912,0.001717032967032967,5,1181,0.003380408653846154,16,5,1181,0.004233700254022015,0,0
warmstart_seed3,3,warmstart,200,64,1186,4093,0.33143284446629473,16,1186,4093,0.28976301001710236,7,2912,0.0030637032600325147,16,7,2912,0.002403846153846154,2,1181,0.001953125,16,2,1181,0.001693480101608806,5,0
warmstart_seed3,3,warmstart,200,65,1184,4093,0.3307123497600531,16,1184,4093,0.2892743708771073,2,2907,0.0006776203649369883,16,2,2907,0.0006879944960440316,4,1186,0.003241619228336496,16,4,1186,0.003372681281618887,-2,0
warmstart_seed3,3,warmstart,200,66,1185,4093,0.33067614876032037,16,1185,4093,0.2895186904471048,5,2909,0.0023866005346420095,16,5,2909,0.0017188037126160192,4,1184,0.003968253968253968,16,4,1184,0.0033783783783783786,1,0
warmstart_seed3,3,warmstart,200,67,1186,4093,0.330852861730605,16,1186,4093,0.28976301001710236,4,2908,0.0026806997645935997,16,4,2908,0.001375515818431912,3,1185,0.003232758620689655,16,3,1185,0.002531645569620253,1,0
warmstart_seed3,3,warmstart,200,68,1186,4093,0.3309627322284082,16,1186,4093,0.28976301001710236,3,2907,0.001450153758134878,16,3,2907,0.0010319917440660474,3,1186,0.002353695190947666,16,3,1186,0.002529510961214165,0,0
warmstart_seed3,3,warmstart,200,69,1185,4093,0.3303045154927292,16,1185,4093,0.2895186904471048,4,2907,0.0022989669675143975,16,4,2907,0.0013759889920880633,5,1186,0.005438311688311688,16,5,1186,0.0042158516020236085,-1,0
warmstart_seed3,3,warmstart,200,70,1187,4093,0.33097793302918993,16,1187,4093,0.2900073295870999,6,2908,0.00400287093622083,16,6,2908,0.0020632737276478678,4,1185,0.0037616413495569507,16,4,1185,0.0033755274261603376,2,0
warmstart_seed3,3,warmstart,200,71,1190,4093,0.3324744186431612,16,1190,4093,0.2907402882970926,5,2906,0.0035874037831641007,16,5,2906,0.0017205781142463868,2,1187,0.001530612244897959,16,2,1187,0.0016849199663016006,3,0
warmstart_seed3,3,warmstart,200,72,1194,4093,0.3337779444088395,16,1194,4093,0.2917175665770828,6,2903,0.0028492612136647574,16,6,2903,0.0020668274199104374,2,1190,0.0019230769230769232,16,2,1190,0.0016806722689075631,4,0
warmstart_seed3,3,warmstart,200,73,1194,4093,0.3337358927357436,16,1194,4093,0.2917175665770828,1,2899,0.0008223684210526315,16,1,2899,0.00034494653328734045,1,1194,0.0012755102040816326,16,1,1194,0.0008375209380234506,0,0
warmstart_seed3,3,warmstart,200,74,1196,4093,0.33431153493582755,16,1196,4093,0.29220620571707795,3,2899,0.0010655346426623022,16,3,2899,0.0010348395998620215,1,1194,0.000992063492063492,16,1,1194,0.0008375209380234506,2,0
warmstart_seed3,3,warmstart,200,75,1198,4093,0.3349556018677733,16,1198,4093,0.29269484485707303,2,2897,0.0013778870013361328,16,2,2897,0.0006903693476009665,0,1196,0.0,16,0,1196,0.0,2,0
warmstart_seed3,3,warmstart,200,76,1200,4093,0.3355308238990009,16,1200,4093,0.2931834839970682,3,2895,0.0013221866369774874,16,3,2895,0.0010362694300518134,1,1198,0.000625,16,1,1198,0.0008347245409015025,2,0
warmstart_seed3,3,warmstart,200,77,1201,4093,0.3355256807261838,16,1201,4093,0.2934278035670657,4,2893,0.0016699265651867723,16,4,2893,0.00138264777048047,3,1200,0.002662705326032852,16,3,1200,0.0025,1,0
warmstart_seed3,3,warmstart,200,78,1202,4093,0.33604915570062743,16,1202,4093,0.29367212313706326,2,2892,0.0018579234972677596,16,2,2892,0.0006915629322268327,1,1201,0.0006793478260869565,16,1,1201,0.0008326394671107411,1,0
warmstart_seed3,3,warmstart,200,79,1202,4093,0.33576145387994727,16,1202,4093,0.29367212313706326,1,2891,0.00020161290322580645,16,1,2891,0.0003459010722933241,1,1202,0.0013020833333333333,16,1,1202,0.0008319467554076539,0,0
warmstart_seed3,3,warmstart,200,80,1205,4093,0.3363710325577871,16,1205,4093,0.29440508184705594,3,2891,0.0008519890388054155,16,3,2891,0.0010377032168799724,0,1202,0.0,16,0,1202,0.0,3,0
warmstart_seed3,3,warmstart,200,81,1204,4093,0.3362185935333969,16,1204,4093,0.2941607622770584,1,2888,0.0004222972972972973,16,1,2888,0.00034626038781163435,2,1205,0.0012981597072750754,16,2,1205,0.0016597510373443983,-1,0
warmstart_seed3,3,warmstart,200,82,1204,4093,0.33628139672120005,16,1204,4093,0.2941607622770584,1,2889,0.0009191176470588235,16,1,2889,0.00034614053305642093,1,1204,0.0010080645161290322,16,1,1204,0.0008305647840531562,0,0
warmstart_seed3,3,warmstart,200,83,1201,4093,0.335204356046072,16,1201,4093,0.2934278035670657,2,2889,0.0005988675958188154,16,2,2889,0.0006922810661128419,5,1204,0.004643270120259019,16,5,1204,0.004152823920265781,-3,0
warmstart_seed3,3,warmstart,200,84,1199,4093,0.33496625128774304,16,1199,4093,0.29293916442707063,2,2892,0.0012166184041184041,16,2,2892,0.0006915629322268327,4,1201,0.0033027505064671964,16,4,1201,0.0033305578684429643,-2,0
warmstart_seed3,3,warmstart,200,85,1195,4093,0.33409902420514614,16,1195,4093,0.2919618861470804,1,2894,0.00041118421052631577,16,1,2894,0.0003455425017277125,5,1199,0.004103535353535354,16,5,1199,0.004170141784820684,-4,0
warmstart_seed3,3,warmstart,200,86,1189,4093,0.33271096378921594,16,1189,4093,0.29049596872709504,0,2898,0.0,16,0,2898,0.0,6,1195,0.004897320579700559,16,6,1195,0.00502092050209205,-6,0
warmstart_seed3,3,warmstart,200,87,1191,4093,0.3332224921405598,16,1191,4093,0.29098460786709013,4,2904,0.001588430226489928,16,4,2904,0.0013774104683195593,2,1189,0.0014019423558897241,16,2,1189,0.001682085786375105,2,0
warmstart_seed3,3,warmstart,200,88,1189,4093,0.3330332320957854,16,1189,4093,0.29049596872709504,1,2902,0.0003787878787878788,16,1,2902,0.00034458993797381116,3,1191,0.0027140739448901293,16,3,1191,0.0025188916876574307,-2,0
warmstart_seed3,3,warmstart,200,89,1191,4093,0.33391552966698,16,1191,4093,0.29098460786709013,5,2904,0.0025551076190539397,16,5,2904,0.001721763085399449,3,1189,0.003265822454184099,16,3,1189,0.002523128679562658,2,0
warmstart_seed3,3,warmstart,200,90,1187,4093,0.33305594294611274,16,1187,4093,0.2900073295870999,0,2902,0.0,16,0,2902,0.0,4,1191,0.0036430343116990492,16,4,1191,0.0033585222502099076,-4,0
warmstart_seed3,3,warmstart,200,91,1187,4093,0.3328324347797248,16,1187,4093,0.2900073295870999,1,2906,0.00022084805653710247,16,1,2906,0.00034411562284927734,1,1187,0.000744047619047619,16,1,1187,0.0008424599831508003,0,0
warmstart_seed3,3,warmstart,200,92,1186,4093,0.3323922939346544,16,1186,4093,0.28976301001710236,0,2906,0.0,16,0,2906,0.0,1,1187,0.001358695652173913,16,1,1187,0.0008424599831508003,-1,0
warmstart_seed3,3,warmstart,200,93,1185,4093,0.3320039624312068,16,1185,4093,0.2895186904471048,2,2907,0.0009069349389240232,16,2,2907,0.0006879944960440316,3,1186,0.003449820788530466,16,3,1186,0.002529510961214165,-1,0
warmstart_seed3,3,warmstart,200,94,1186,4093,0.3323058947983566,16,1186,4093,0.28976301001710236,2,2908,0.0005799764633252306,16,2,2908,0.000687757909215956,1,1185,0.0006793478260869565,16,1,1185,0.0008438818565400844,1,0
warmstart_seed3,3,warmstart,200,95,1187,4093,0.33228883888023397,16,1187,4093,0.2900073295870999,3,2907,0.0008460564298077235,16,3,2907,0.0010319917440660474,2,1186,0.0020491803278688526,16,2,1186,0.0016863406408094434,1,0
warmstart_seed3,3,warmstart,200,96,1186,4093,0.3319991978413519,16,1186,4093,0.28976301001710236,2,2906,0.0012388275499474238,16,2,2906,0.0006882312456985547,3,1187,0.0026307532762629465,16,3,1187,0.002527379949452401,-1,0
warmstart_seed3,3,warmstart,200,97,1184,4093,0.33164251045094856,16,1184,4093,0.2892743708771073,0,2907,0.0,16,0,2907,0.0,2,1186,0.0015577507598784194,16,2,1186,0.0016863406408094434,-2,0
warmstart_seed3,3,warmstart,200,98,1185,4093,0.33160622550130237,16,1185,4093,0.2895186904471048,3,2909,0.0006605544746316421,16,3,2909,0.0010312822275696115,2,1184,0.002149834892680242,16,2,1184,0.0016891891891891893,1,0
warmstart_seed3,3,warmstart,200,99,1179,4093,0.33018428974661873,16,1179,4093,0.28805277302711946,1,2908,0.0006377551020408163,16,1,2908,0.000343878954607978,7,1185,0.007406172044329939,16,7,1185,0.00590717299578059,-6,0
warmstart_seed3,3,warmstart,200,100,1179,4093,0.33018428974661873,16,1179,4093,0.28805277302711946,1,2914,0.0003787878787878788,16,1,2914,0.00034317089910775565,1,1179,0.0008333333333333334,16,1,1179,0.0008481764206955047,0,0
warmstart_seed3,3,warmstart,200,101,1173,4093,0.3281854561912529,16,1173,4093,0.28658685560713415,0,2914,0.0,16,0,2914,0.0,6,1179,0.006329092913425283,16,6,1179,0.005089058524173028,-6,0
warmstart_seed3,3,warmstart,200,102,1172,4093,0.3278987083493086,16,1172,4093,0.28634253603713655,3,2920,0.0006629196804490986,16,3,2920,0.0010273972602739725,4,1173,0.0032472484767733967,16,4,1173,0.0034100596760443308,-1,0
warmstart_seed3,3,warmstart,200,103,1169,4093,0.3269626160069663,16,1169,4093,0.2856095773271439,1,2921,0.00026595744680851064,16,1,2921,0.00034234851078397807,4,1172,0.003903509659489504,16,4,1172,0.0034129692832764505,-3,0
warmstart_seed3,3,warmstart,200,104,1165,4093,0.32534026110460523,16,1165,4093,0.2846322990471537,2,2924,0.0006357799320156112,16,2,2924,0.0006839945280437756,6,1169,0.0075745168686537825,16,6,1169,0.0051325919589392645,-4,0
warmstart_seed3,3,warmstart,200,105,1165,4093,0.3257315816085311,16,1165,4093,0.2846322990471537,4,2928,0.0015144824768633376,16,4,2928,0.001366120218579235,4,1165,0.0028964107223989097,16,4,1165,0.0034334763948497852,0,0
warmstart_seed3,3,warmstart,200,106,1166,4093,0.3258540975373697,16,1166,4093,0.28487661861715124,3,2928,0.0007581118923690378,16,3,2928,0.0010245901639344263,2,1165,0.0023938923395445135,16,2,1165,0.0017167381974248926,1,0
warmstart_seed3,3,warmstart,200,107,1165,4093,0.32582319960512374,16,1165,4093,0.2846322990471537,2,2927,0.00211864406779661,16,2,2927,0.0006832934745473181,3,1166,0.002829686452045607,16,3,1166,0.002572898799313894,-1,0
warmstart_seed3,3,warmstart,200,108,1165,4093,0.3257023627926342,16,1165,4093,0.2846322990471537,3,2928,0.0008081896551724138,16,3,2928,0.0010245901639344263,3,1165,0.0031702594349523527,16,3,1165,0.002575107296137339,0,0
warmstart_seed3,3,warmstart,200,109,1163,4093,0.3256118564603995,16,1163,4093,0.28414365990715856,5,2928,0.002045744399736166,16,5,2928,0.0017076502732240437,7,1165,0.005967443090357083,16,7,1165,0.006008583690987125,-2,0
warmstart_seed3,3,warmstart,200,110,1165,4093,0.3263454294614373,16,1165,4093,0.2846322990471537,4,2930,0.0015275844811371894,16,4,2930,0.0013651877133105802,2,1163,0.0016049382716049384,16,2,1163,0.0017196904557179708,2,0
warmstart_seed3,3,warmstart,200,111,1162,4093,0.3263533366036584,16,1162,4093,0.283899340337161,3,2928,0.0023660714285714283,16,3,2928,0.0010245901639344263,6,1165,0.0054596719070403275,16,6,1165,0.005150214592274678,-3,0
warmstart_seed3,3,warmstart,200,112,1164,4093,0.32698076188713876,16,1164,4093,0.2843879794771561,3,2931,0.0017002855004527243,16,3,2931,0.0010235414534288639,1,1162,0.0008012820512820513,16,1,1162,0.0008605851979345956,2,0
warmstart_seed3,3,warmstart,200,113,1159,4093,0.3264246836369267,16,1159,4093,0.28316638162716834,3,2929,0.0014979301329072553,16,3,2929,0.0010242403550699897,8,1164,0.0063768882823189935,16,8,1164,0.006872852233676976,-5,0
warmstart_seed3,3,warmstart,200,114,1155,4093,0.32581035532402236,16,1155,4093,0.2821891033471781,2,2934,0.000640264152871449,16,2,2934,0.0006816632583503749,6,1159,0.004892676767676768,16,6,1159,0.005176876617773943,-4,0
warmstart_seed3,3,warmstart,200,115,1155,4093,0.32584337081332304,16,1155,4093,0.2821891033471781,2,2938,0.00046229778629203915,16,2,2938,0.0006807351940095302,2,1155,0.001632541287495787,16,2,1155,0.0017316017316017316,0,0
warmstart_seed3,3,warmstart,200,116,1158,4093,0.32669502694869534,16,1158,4093,0.2829220620571708,6,2938,0.0020798316230242983,16,6,2938,0.0020422055820285907,3,1155,0.0028032692405127423,16,3,1155,0.0025974025974025974,3,0
warmstart_seed3,3,warmstart,200,117,1161,4093,0.3271073676141183,16,1161,4093,0.2836550207671634,8,2935,0.002018000542543936,16,8,2935,0.00272572402044293,5,1158,0.003790261462675256,16,5,1158,0.004317789291882556,3,0
warmstart_seed3,3,warmstart,200,118,1161,4093,0.3268922739376393,16,1161,4093,0.2836550207671634,4,2932,0.001323617451171144,16,4,2932,0.001364256480218281,4,1161,0.003515317150340735,16,4,1161,0.0034453057708871662,0,0
warmstart_seed3,3,warmstart,200,119,1163,4093,0.32701175317297215,16,1163,4093,0.28414365990715856,3,2932,0.0005822981366459627,16,3,2932,0.0010231923601637107,1,1161,0.001201923076923077,16,1,1161,0.0008613264427217916,2,0
warmstart_seed3,3,warmstart,200,120,1169,4093,0.3284512972950642,16,1169,4093,0.2856095773271439,7,2930,0.002369579934839632,16,7,2930,0.002389078498293515,1,1163,0.0008223684210526315,16,1,1163,0.0008598452278589854,6,0
warmstart_seed3,3,warmstart,200,121,1172,4093,0.32900872719751123,16,1172,4093,0.28634253603713655,4,2924,0.0016996821743657186,16,4,2924,0.0013679890560875513,1,1169,0.0007911392405063291,16,1,1169,0.000855431993156544,3,0
warmstart_seed3,3,warmstart,200,122,1179,4093,0.33053369033317204,16,1179,4093,0.28805277302711946,8,2921,0.002582270936036712,16,8,2921,0.0027387880862718246,1,1172,0.0006510416666666666,16,1,1172,0.0008532423208191126,7,0
warmstart_seed3,3,warmstart,200,123,1180,4093,0.33049033753155194,16,1180,4093,0.28829709259711706,3,2914,0.0007680704618388849,16,3,2914,0.001029512697323267,2,1179,0.001645876645876646,16,2,1179,0.0016963528413910093,1,0
warmstart_seed3,3,warmstart,200,124,1186,4093,0.332049099412581,16,1186,4093,0.28976301001710236,8,2913,0.0036838704814869685,16,8,2913,0.0027463096464126332,2,1180,0.001888736263736264,16,2,1180,0.001694915254237288,6,0
warmstart_seed3,3,warmstart,200,125,1191,4093,0.3332712255709033,16,1191,4093,0.29098460786709013,6,2907,0.0025571465185305563,16,6,2907,0.0020639834881320948,1,1186,0.0012254901960784314,16,1,1186,0.0008431703204047217,5,0
warmstart_seed3,3,warmstart,200,126,1193,4093,0.3336845970441505,16,1193,4093,0.29147324700708527,5,2902,0.0014889742957273858,16,5,2902,0.0017229496898690559,3,1191,0.0028975573280159523,16,3,1191,0.0025188916876574307,2,0
warmstart_seed3,3,warmstart,200,127,1198,4093,0.3348076490343933,16,1198,4093,0.29269484485707303,7,2900,0.002748202765709602,16,7,2900,0.002413793103448276,2,1193,0.001418484428193166,16,2,1193,0.0016764459346186086,5,0
warmstart_seed3,3,warmstart,200,128,1198,4093,0.33482423246419013,16,1198,4093,0.29269484485707303,4,2895,0.002390915687670845,16,4,2895,0.001381692573402418,4,1198,0.004265426381677707,16,4,1198,0.00333889816360601,0,0
warmstart_seed3,3,warmstart,300,0,0,4093,0.0,16,0,4093,0.0,,,,,,,,,,,,,,,,
warmstart_seed3,3,warmstart,300,1,115,4093,0.03231447585337285,16,115,4093,0.02809675054971903,115,4093,0.03231447585337285,16,115,4093,0.02809675054971903,0,0,,0,0,0,,115,0
warmstart_seed3,3,warmstart,300,2,191,4093,0.053590201744558606,16,191,4093,0.04666503786953335,124,3978,0.036218740509135885,16,124,3978,0.03117144293614882,48,115,0.39781746031746035,16,48,115,0.41739130434782606,76,0
warmstart_seed3,3,warmstart,300,3,238,4093,0.0656430446918933,16,238,4093,0.05814805765941852,107,3902,0.030710746285266134,16,107,3902,0.0274218349564326,60,191,0.3066763098013098,16,60,191,0.31413612565445026,47,0
warmstart_seed3,3,warmstart,300,4,319,4093,0.08872596485931776,16,319,4093,0.07793794282922062,108,3855,0.03277891939566502,16,108,3855,0.02801556420233463,27,238,0.1069203366078366,16,27,238,0.1134453781512605,81,0
warmstart_seed3,3,warmstart,300,5,415,4093,0.11568022606548797,16,415,4093,0.10139262154898607,110,3774,0.03483194239697606,16,110,3774,0.029146793852676205,14,319,0.04453209767108424,16,14,319,0.0438871473354232,96,0
warmstart_seed3,3,warmstart,300,6,532,4093,0.14841855037772947,16,532,4093,0.12997801123870023,125,3678,0.04063275431360272,16,125,3678,0.033985861881457316,8,415,0.017784447903662487,16,8,415,0.01927710843373494,117,0
warmstart_seed3,3,warmstart,300,7,652,4093,0.18311964933135488,16,652,4093,0.15929635963840705,124,3561,0.043821975344504084,16,124,3561,0.034821679303566416,4,532,0.006330128205128205,16,4,532,0.007518796992481203,120,0
warmstart_seed3,3,warmstart,300,8,792,4093,0.2219899528626111,16,792,4093,0.19350109943806498,140,3441,0.050172089489650226,16,140,3441,0.04068584713746004,0,652,0.0,16,0,652,0.0,140,0
warmstart_seed3,3,warmstart,300,9,922,4093,0.2583605178939387,16,922,4093,0.2252626435377474,131,3301,0.05147183813672583,16,131,3301,0.03968494395637685,1,792,0.001201923076923077,16,1,792,0.0012626262626262627,130,0
warmstart_seed3,3,warmstart,300,10,1039,4093,0.2929433563786592,16,1039,4093,0.2538480332274615,120,3171,0.05608125401503204,16,120,3171,0.03784295175023652,3,922,0.002744264240506329,16,3,922,0.0032537960954446853,117,0
warmstart_seed3,3,warmstart,300,11,1131,4093,0.32021244391639114,16,1131,4093,0.2763254336672367,100,3054,0.0517905774659564,16,100,3054,0.03274394237066143,8,1039,0.006415291961246399,16,8,1039,0.007699711260827719,92,0
warmstart_seed3,3,warmstart,300,12,1271,4093,0.36420457958187735,16,1271,4093,0.3105301734668947,162,2962,0.09038744531158104,16,162,2962,0.054692775151924375,22,1131,0.015735546375010567,16,22,1131,0.019451812555260833,140,0
warmstart_seed3,3,warmstart,300,13,1368,4093,0.38990724470555427,16,1368,4093,0.33422917175665773,173,2822,0.0956143576324216,16,173,2822,0.06130403968816442,76,1271,0.05858265959973662,16,76,1271,0.05979543666404406,97,0
warmstart_seed3,3,warmstart,300,14,1350,4093,0.3867523028668378,16,1350,4093,0.3298314194967017,85,2725,0.050349239580160195,16,85,2725,0.031192660550458717,103,1368,0.06916884351800778,16,103,1368,0.07529239766081872,-18,0
warmstart_seed3,3,warmstart,300,15,1357,4093,0.3905390110519941,16,1357,4093,0.3315416564866846,66,2743,0.047871975406621525,16,66,2743,0.024061246810061977,59,1350,0.03960350442033659,16,59,1350,0.0437037037037037,7,0
warmstart_seed3,3,warmstart,300,16,1329,4093,0.38323419669298886,16,1329,4093,0.324700708526753,35,2736,0.02634868842146238,16,35,2736,0.012792397660818713,63,1357,0.042175372125250424,16,63,1357,0.04642593957258659,-28,0
warmstart_seed3,3,warmstart,300,17,1339,4093,0.3865852217522189,16,1339,4093,0.32714390422672857,40,2764,0.036292263937724736,16,40,2764,0.01447178002894356,30,1329,0.020738666714655005,16,30,1329,0.022573363431151242,10,0
warmstart_seed3,3,warmstart,300,18,1338,4093,0.38635597218372913,16,1338,4093,0.326899584656731,25,2754,0.02665167213550338,16,25,2754,0.00907770515613653,26,1339,0.02196574723108683,16,26,1339,0.019417475728155338,-1,0
warmstart_seed3,3,warmstart,300,19,1353,4093,0.3911376500030902,16,1353,4093,0.3305643782066944,28,2755,0.03601396587081293,16,28,2755,0.010163339382940109,13,1338,0.010389028334433257,16,13,1338,0.009715994020926755,15,0
warmstart_seed3,3,warmstart,300,20,1352,4093,0.3920443818570689,16,1352,4093,0.3303200586366968,22,2740,0.03353441479944878,16,22,2740,0.008029197080291971,23,1353,0.014428788509167696,16,23,1353,0.016999260901699925,-1,0
warmstart_seed3,3,warmstart,300,21,1354,4093,0.3923255740308387,16,1354,4093,0.3308086977766919,17,2741,0.037069840787557366,16,17,2741,0.006202116016052536,15,1352,0.01256126429905646,16,15,1352,0.011094674556213017,2,0
warmstart_seed3,3,warmstart,300,22,1342,4093,0.3888072421286469,16,1342,4093,0.32787686293672125,6,2739,0.017540618587552657,16,6,2739,0.002190580503833516,18,1354,0.010096732877821318,16,18,1354,0.013293943870014771,-12,0
warmstart_seed3,3,warmstart,300,23,1334,4093,0.3867625570565032,16,1334,4093,0.3259223063767408,4,2751,0.00248742033175084,16,4,2751,0.0014540167211922936,12,1342,0.009097997984722637,16,12,1342,0.00894187779433681,-8,0
warmstart_seed3,3,warmstart,300,24,1331,4093,0.3856902040708136,16,1331,4093,0.3251893476667481,3,2759,0.02123918603182622,16,3,2759,0.0010873504893077202,6,1334,0.0045383236100147864,16,6,1334,0.004497751124437781,-3,0
warmstart_seed3,3,warmstart,300,25,1318,4093,0.38134156552137805,16,1318,4093,0.32201319325677985,1,2762,0.00020833333333333335,16,1,2762,0.0003620564808110065,14,1331,0.010574000006003111,16,14,1331,0.010518407212622089,-13,0
warmstart_seed3,3,warmstart,300,26,1313,4093,0.37956287185838994,16,1313,4093,0.3207915954067921,4,2775,0.017861977088795167,16,4,2775,0.0014414414414414415,9,1318,0.0056428798423402435,16,9,1318,0.006828528072837633,-5,0
warmstart_seed3,3,warmstart,300,27,1308,4093,0.3780757797523189,16,1308,4093,0.3195699975568043,0,2780,0.0,16,0,2780,0.0,5,1313,0.0028732232276280243,16,5,1313,0.003808073115003808,-5,0
warmstart_seed3,3,warmstart,300,28,1307,4093,0.37781201500739114,16,1307,4093,0.3193256779868067,2,2785,0.0012535310734463276,16,2,2785,0.000718132854578097,3,1308,0.0020988596085683466,16,3,1308,0.0022935779816513763,-1,0
warmstart_seed3,3,warmstart,300,29,1306,4093,0.37740020656075113,16,1306,4093,0.3190813584168092,2,2786,0.0004078975340136054,16,2,2786,0.0007178750897343862,3,1307,0.0014710274790919952,16,3,1307,0.0022953328232593728,-1,0
warmstart_seed3,3,warmstart,300,30,1305,4093,0.3770983482706648,16,1305,4093,0.31883703884681164,3,2787,0.0014722606876774761,16,3,2787,0.001076426264800861,4,1306,0.0030946431576739227,16,4,1306,0.0030627871362940277,-1,0
warmstart_seed3,3,warmstart,300,31,1303,4093,0.3769834880414278,16,1303,4093,0.3183483997068165,3,2788,0.008264548635546173,16,3,2788,0.0010760401721664275,5,1305,0.003538037909836066,16,5,1305,0.0038314176245210726,-2,0
warmstart_seed3,3,warmstart,300,32,1307,4093,0.37823329977099074,16,1307,4093,0.3193256779868067,6,2790,0.0025992226392472697,16,6,2790,0.002150537634408602,2,1303,0.0015017725840336133,16,2,1303,0.0015349194167306216,4,0
warmstart_seed3,3,warmstart,300,33,1308,4093,0.378014804438663,16,1308,4093,0.3195699975568043,7,2786,0.01023268949648087,16,7,2786,0.002512562814070352,6,1307,0.0058019905636435614,16,6,1307,0.0045906656465187455,1,0
warmstart_seed3,3,warmstart,300,34,1309,4093,0.3791389064343348,16,1309,4093,0.31981431712680186,4,2785,0.0316722972972973,16,4,2785,0.001436265709156194,3,1308,0.002414772727272727,16,3,1308,0.0022935779816513763,1,0
warmstart_seed3,3,warmstart,300,35,1310,4093,0.37949504154304414,16,1310,4093,0.3200586366967994,2,2784,0.0010356790012574096,16,2,2784,0.0007183908045977011,1,1309,0.0013297872340425532,16,1,1309,0.0007639419404125286,1,0
warmstart_seed3,3,warmstart,300,36,1312,4093,0.3799084130162913,16,1312,4093,0.32054727583679454,3,2783,0.02124465084613888,16,3,2783,0.0010779734099892202,1,1310,0.00125,16,1,1310,0.0007633587786259542,2,0
warmstart_seed3,3,warmstart,300,37,1315,4093,0.3806817670733613,16,1315,4093,0.3212802345467872,4,2781,0.032802393084834104,16,4,2781,0.001438331535418914,1,1312,0.0004464285714285714,16,1,1312,0.0007621951219512195,3,0
warmstart_seed3,3,warmstart,300,38,1318,4093,0.3814801053999875,16,1318,4093,0.32201319325677985,4,2778,0.0017628783864982603,16,4,2778,0.0014398848092152627,1,1315,0.0005165289256198347,16,1,1315,0.0007604562737642585,3,0
warmstart_seed3,3,warmstart,300,39,1324,4093,0.3835417106346548,16,1324,4093,0.3234791106767652,7,2775,0.005792089930293771,16,7,2775,0.0025225225225225223,1,1318,0.0010416666666666667,16,1,1318,0.0007587253414264037,6,0
warmstart_seed3,3,warmstart,300,40,1327,4093,0.38372989713884775,16,1327,4093,0.3242120693867579,4,2769,0.0008115010710166421,16,4,2769,0.001444564824846515,1,1324,0.0004464285714285714,16,1,1324,0.0007552870090634441,3,0
warmstart_seed3,3,warmstart,300,41,1329,4093,0.38503766330351624,16,1329,4093,0.324700708526753,4,2766,0.04335171568627451,16,4,2766,0.0014461315979754157,2,1327,0.0014592647789369102,16,2,1327,0.0015071590052750565,2,0
warmstart_seed3,3,warmstart,300,42,1327,4093,0.38432476087027195,16,1327,4093,0.3242120693867579,3,2764,0.0012741681505779195,16,3,2764,0.001085383502170767,5,1329,0.004661092603753981,16,5,1329,0.003762227238525207,-2,0
warmstart_seed3,3,warmstart,300,43,1328,4093,0.3846277919718397,16,1328,4093,0.32445638895675544,3,2766,0.0016925685748360167,16,3,2766,0.0010845986984815619,2,1327,0.0020391246684350133,16,2,1327,0.0015071590052750565,1,0
warmstart_seed3,3,warmstart,300,44,1329,4093,0.3849815336806123,16,1329,4093,0.324700708526753,3,2765,0.0008724423621588714,16,3,2765,0.00108499095840868,2,1328,0.0014888575819672132,16,2,1328,0.0015060240963855422,1,0
warmstart_seed3,3,warmstart,300,45,1333,4093,0.3857331596390162,16,1333,4093,0.3256779868067432,6,2764,0.0019463806243574231,16,6,2764,0.002170767004341534,2,1329,0.0020541487068965517,16,2,1329,0.0015048908954100827,4,0
warmstart_seed3,3,warmstart,300,46,1335,4093,0.38597794139130426,16,1335,4093,0.32616662594673834,5,2760,0.0012910164065626252,16,5,2760,0.0018115942028985507,3,1333,0.0031695449561403508,16,3,1333,0.002250562640660165,2,0
warmstart_seed3,3,warmstart,300,47,1337,4093,0.38665871649289846,16,1337,4093,0.3266552650867334,6,2758,0.0035807385333966953,16,6,2758,0.002175489485134155,4,1335,0.004097814498933902,16,4,1335,0.00299625468164794,2,0
warmstart_seed3,3,warmstart,300,48,1340,4093,0.3875081314373622,16,1340,4093,0.3273882237967261,7,2756,0.004490272203944037,16,7,2756,0.0025399129172714078,4,1337,0.00437062937062937,16,4,1337,0.0029917726252804786,3,0
warmstart_seed3,3,warmstart,300,49,1340,4093,0.38699881364451805,16,1340,4093,0.3273882237967261,4,2753,0.0008339662589561554,16,4,2753,0.001452960406828914,4,1340,0.0031145348362329496,16,4,1340,0.0029850746268656717,0,0
warmstart_seed3,3,warmstart,300,50,1344,4093,0.3882385896510544,16,1344,4093,0.32836550207671633,6,2753,0.004292648298324429,16,6,2753,0.002179440610243371,2,1340,0.002148892773892774,16,2,1340,0.0014925373134328358,4,0
warmstart_seed3,3,warmstart,300,51,1345,4093,0.38813632595231834,16,1345,4093,0.32860982164671393,3,2749,0.0006437015365586794,16,3,2749,0.0010913059294288831,2,1344,0.002403846153846154,16,2,1344,0.001488095238095238,1,0
warmstart_seed3,3,warmstart,300,52,1342,4093,0.3874089208320654,16,1342,4093,0.32787686293672125,2,2748,0.0016344956413449564,16,2,2748,0.000727802037845706,5,1345,0.0046430817610062895,16,5,1345,0.0037174721189591076,-3,0
warmstart_seed3,3,warmstart,300,53,1345,4093,0.3883209307219948,16,1345,4093,0.32860982164671393,5,2751,0.003404743417860264,16,5,2751,0.0018175209014903672,2,1342,0.0018656716417910447,16,2,1342,0.0014903129657228018,3,0
warmstart_seed3,3,warmstart,300,54,1349,4093,0.3888617888278524,16,1349,4093,0.32958709992670415,5,2748,0.0010761233498337687,16,5,2748,0.001819505094614265,1,1345,0.000390625,16,1,1345,0.0007434944237918215,4,0
warmstart_seed3,3,warmstart,300,55,1351,4093,0.3896972743650424,16,1351,4093,0.33007573906669924,3,2744,0.003747795414462081,16,3,2744,0.0010932944606413995,1,1349,0.0010964912280701754,16,1,1349,0.0007412898443291327,2,0
warmstart_seed3,3,warmstart,300,56,1351,4093,0.3899118439574659,16,1351,4093,0.33007573906669924,1,2742,0.0008680555555555555,16,1,2742,0.00036469730123997083,1,1351,0.000946969696969697,16,1,1351,0.0007401924500370096,0,0
warmstart_seed3,3,warmstart,300,57,1354,4093,0.3908187874863607,16,1354,4093,0.3308086977766919,3,2742,0.0022436900292031707,16,3,2742,0.0010940919037199124,0,1351,0.0,16,0,1351,0.0,3,0
warmstart_seed3,3,warmstart,300,58,1356,4093,0.39143016120814345,16,1356,4093,0.331297336916687,2,2739,0.03145833333333333,16,2,2739,0.0007301935012778386,0,1354,0.0,16,0,1354,0.0,2,0
warmstart_seed3,3,warmstart,300,59,1359,4093,0.3923342147556509,16,1359,4093,0.3320302956266797,4,2737,0.002462644604512255,16,4,2737,0.0014614541468761417,1,1356,0.000946969696969697,16,1,1356,0.0007374631268436578,3,0
warmstart_seed3,3,warmstart,300,60,1364,4093,0.39405953129128285,16,1364,4093,0.3332518934766675,5,2734,0.004810853008373533,16,5,2734,0.0018288222384784199,0,1359,0.0,16,0,1359,0.0,5,0
warmstart_seed3,3,warmstart,300,61,1365,4093,0.39426617305723266,16,1365,4093,0.33349621304666505,3,2729,0.0013301125244618395,16,3,2729,0.0010993037742762918,2,1364,0.002411873840445269,16,2,1364,0.001466275659824047,1,0
warmstart_seed3,3,warmstart,300,62,1369,4093,0.3957995279296902,16,1369,4093,0.33447349132665527,4,2728,0.0045373469939812,16,4,2728,0.001466275659824047,0,1365,0.0,16,0,1365,0.0,4,0
warmstart_seed3,3,warmstart,300,63,1371,4093,0.39606421937387776,16,1371,4093,0.33496213046665035,6,2724,0.0636034735089025,16,6,2724,0.0022026431718061676,4,1369,0.004102720307411139,16,4,1369,0.0029218407596785976,2,0
warmstart_seed3,3,warmstart,300,64,1372,4093,0.39622000652714223,16,1372,4093,0.33520645003664795,2,2722,0.0004681186557603233,15,2,2722,0.0007347538574577516,1,1371,0.0009328358208955224,16,1,1371,0.0007293946024799417,1,0
warmstart_seed3,3,warmstart,300,65,1373,4093,0.3966091571251523,16,1373,4093,0.3354507696066455,2,2721,0.0011952786493351262,15,2,2721,0.000735023888276369,1,1372,0.000946969696969697,16,1,1372,0.0007288629737609329,1,0
warmstart_seed3,3,warmstart,300,66,1373,4093,0.3967365084867155,16,1373,4093,0.3354507696066455,2,2720,0.0006491722692113063,15,2,2720,0.0007352941176470588,2,1373,0.001838235294117647,16,2,1373,0.0014566642388929353,0,0
warmstart_seed3,3,warmstart,300,67,1375,4093,0.3970573380994582,16,1375,4093,0.33593940874664063,3,2720,0.0007104428482224456,15,3,2720,0.0011029411764705882,1,1373,0.0006868131868131869,16,1,1373,0.0007283321194464676,2,0
warmstart_seed3,3,warmstart,300,68,1376,4093,0.3976402787943282,16,1376,4093,0.3361837283166382,6,2718,0.0033226589935792363,15,6,2718,0.002207505518763797,5,1375,0.004370915032679739,16,5,1375,0.0036363636363636364,1,0
warmstart_seed3,3,warmstart,300,69,1376,4093,0.3975095793038908,16,1376,4093,0.3361837283166382,2,2717,0.0004512449320842018,15,2,2717,0.000736105999263894,2,1376,0.002211538461538462,16,2,1376,0.0014534883720930232,0,0
warmstart_seed3,3,warmstart,300,70,1381,4093,0.399108741315064,16,1381,4093,0.33740532616662594,7,2717,0.007165140845531393,15,7,2717,0.002576370997423629,2,1376,0.002237048665620094,16,2,1376,0.0014534883720930232,5,0
warmstart_seed3,3,warmstart,300,71,1380,4093,0.3992794293923383,16,1380,4093,0.3371610065966284,5,2712,0.004082745456266808,15,5,2712,0.0018436578171091445,6,1381,0.005157576090137547,16,6,1381,0.004344677769732078,-1,0
warmstart_seed3,3,warmstart,300,72,1384,4093,0.39995307160433874,16,1384,4093,0.3381382848766186,7,2713,0.004620834568779775,15,7,2713,0.002580169553999263,3,1380,0.0034765625,16,3,1380,0.002173913043478261,4,0
warmstart_seed3,3,warmstart,300,73,1385,4093,0.4003808281367397,16,1385,4093,0.33838260444661616,2,2709,0.000976957475291236,15,2,2709,0.0007382798080472499,1,1384,0.0009191176470588235,16,1,1384,0.000722543352601156,1,0
warmstart_seed3,3,warmstart,300,74,1388,4093,0.40112542686173425,16,1388,4093,0.33911556315660885,4,2708,0.0018896096066470455,15,4,2708,0.0014771048744460858,1,1385,0.0009328358208955224,16,1,1385,0.0007220216606498195,3,0
warmstart_seed3,3,warmstart,300,75,1388,4093,0.40147922905266453,16,1388,4093,0.33911556315660885,4,2705,0.003936128102431321,15,4,2705,0.0014787430683918669,4,1388,0.0037339154411764708,16,4,1388,0.002881844380403458,0,0
warmstart_seed3,3,warmstart,300,76,1388,4093,0.4013314792638469,16,1388,4093,0.33911556315660885,3,2705,0.0008731858603542441,15,3,2705,0.0011090573012939,3,1388,0.0025514197504022266,16,3,1388,0.002161383285302594,0,0
warmstart_seed3,3,warmstart,300,77,1393,4093,0.4029067838591273,16,1393,4093,0.3403371610065966,6,2705,0.003631791657269364,15,6,2705,0.0022181146025878,1,1388,0.0009615384615384616,16,1,1388,0.0007204610951008645,5,0
warmstart_seed3,3,warmstart,300,78,1396,4093,0.40357298767905847,16,1396,4093,0.3410701197165893,4,2700,0.0016675075827432423,15,4,2700,0.0014814814814814814,1,1393,0.0009057971014492754,16,1,1393,0.0007178750897343862,3,0
warmstart_seed3,3,warmstart,300,79,1400,4093,0.4048633767855809,16,1400,4093,0.3420473979965795,6,2697,0.0031983682724530072,15,6,2697,0.002224694104560623,2,1396,0.0016637856525496975,16,2,1396,0.0014326647564469914,4,0
warmstart_seed3,3,warmstart,300,80,1402,4093,0.4054198049644864,16,1402,4093,0.34253603713657466,3,2693,0.0017313953807964891,15,3,2693,0.0011139992573338284,1,1400,0.0009057971014492754,16,1,1400,0.0007142857142857143,2,0
warmstart_seed3,3,warmstart,300,81,1405,4093,0.40591954981710443,16,1405,4093,0.34326899584656734,4,2691,0.0009235565870133436,15,4,2691,0.0014864362690449647,1,1402,0.0009191176470588235,16,1,1402,0.0007132667617689016,3,0
warmstart_seed3,3,warmstart,300,82,1407,4093,0.40629837918870404,16,1407,4093,0.3437576349865624,3,2688,0.000728587319243604,15,3,2688,0.0011160714285714285,1,1405,0.0009191176470588235,16,1,1405,0.0007117437722419929,2,0
warmstart_seed3,3,warmstart,300,83,1407,4093,0.4067208318683865,16,1407,4093,0.3437576349865624,2,2686,0.002564102564102564,15,2,2686,0.0007446016381236039,2,1407,0.0019651191353475803,16,2,1407,0.0014214641080312722,0,0
warmstart_seed3,3,warmstart,300,84,1408,4093,0.4071181247651532,16,1408,4093,0.34400195455655996,2,2686,0.0015570469798657717,15,2,2686,0.0007446016381236039,1,1407,0.0009191176470588235,16,1,1407,0.0007107320540156361,1,0
warmstart_seed3,3,warmstart,300,85,1410,4093,0.40744514479513005,16,1410,4093,0.3444905936965551,2,2685,0.000476926549053173,15,2,2685,0.0007448789571694599,0,1408,0.0,16,0,1408,0.0,2,0
warmstart_seed3,3,warmstart,300,86,1413,4093,0.4082373540245079,16,1413,4093,0.3452235524065478,3,2683,0.0011763761835981385,15,3,2683,0.0011181513231457323,0,1410,0.0,16,0,1410,0.0,3,0
warmstart_seed3,3,warmstart,300,87,1415,4093,0.40878278835723303,16,1415,4093,0.34571219154654287,3,2680,0.0009999553946044197,15,3,2680,0.001119402985074627,1,1413,0.0009191176470588235,16,1,1413,0.0007077140835102619,2,0
warmstart_seed3,3,warmstart,300,88,1414,4093,0.4084449505193952,16,1414,4093,0.3454678719765453,1,2678,0.0002306805074971165,15,1,2678,0.0003734129947722181,2,1415,0.002085042384468143,16,2,1415,0.0014134275618374558,-1,0
warmstart_seed3,3,warmstart,300,89,1418,4093,0.4094645838944244,16,1418,4093,0.34644515025653555,4,2679,0.0014539373250376565,15,4,2679,0.0014930944382232176,0,1414,0.0,16,0,1414,0.0,4,0
warmstart_seed3,3,warmstart,300,90,1421,4093,0.40993780483852993,16,1421,4093,0.34717810896652823,4,2675,0.0012021817462385177,15,4,2675,0.0014953271028037382,1,1418,0.0011574074074074073,16,1,1418,0.0007052186177715092,3,0
warmstart_seed3,3,warmstart,300,91,1421,4093,0.40985285966953033,16,1421,4093,0.34717810896652823,2,2672,0.0007566228320945302,15,2,2672,0.0007485029940119761,2,1421,0.001476969292389853,16,2,1421,0.0014074595355383533,0,0
warmstart_seed3,3,warmstart,300,92,1420,4093,0.40936528638076614,16,1420,4093,0.3469337893965307,3,2672,0.0008130081300813008,15,3,2672,0.001122754491017964,4,1421,0.0035125692553720396,16,4,1421,0.0028149190710767065,-1,0
warmstart_seed3,3,warmstart,300,93,1421,4093,0.40947961605221606,16,1421,4093,0.34717810896652823,2,2673,0.0007349355625217694,15,2,2673,0.0007482229704451926,1,1420,0.000992063492063492,16,1,1420,0.0007042253521126761,1,0
warmstart_seed3,3,warmstart,300,94,1424,4093,0.41010018995763803,16,1424,4093,0.3479110676765209,4,2672,0.0012664816099930603,15,4,2672,0.0014970059880239522,1,1421,0.0009057971014492754,16,1,1421,0.0007037297677691766,3,0
warmstart_seed3,3,warmstart,300,95,1426,4093,0.41061887108711465,16,1426,4093,0.348399706816516,2,2669,0.0012023047956081848,15,2,2669,0.0007493443237167478,0,1424,0.0,16,0,1424,0.0,2,0
warmstart_seed3,3,warmstart,300,96,1429,4093,0.4114498057274857,16,1429,4093,0.3491326655265087,3,2667,0.001291999803796537,15,3,2667,0.0011248593925759281,0,1426,0.0,16,0,1426,0.0,3,0
warmstart_seed3,3,warmstart,300,97,1429,4093,0.4114789545409333,16,1429,4093,0.3491326655265087,2,2664,0.0013675213675213675,15,2,2664,0.0007507507507507507,2,1429,0.0009402964205816554,16,2,1429,0.0013995801259622112,0,0
warmstart_seed3,3,warmstart,300,98,1432,4093,0.4121630901512201,16,1432,4093,0.34986562423650136,5,2664,0.0018601851979556092,15,5,2664,0.0018768768768768769,2,1429,0.0018978605935127675,16,2,1429,0.0013995801259622112,3,0
warmstart_seed3,3,warmstart,300,99,1434,4093,0.41273576032878123,16,1434,4093,0.35035426337649644,2,2661,0.0009316394434361766,15,2,2661,0.000751597143930853,0,1432,0.0,16,0,1432,0.0,2,0
warmstart_seed3,3,warmstart,300,100,1435,4093,0.4128089802177234,16,1435,4093,0.35059858294649404,3,2659,0.0011780471232420617,15,3,2659,0.0011282437006393381,2,1434,0.0020885547201336674,16,2,1434,0.001394700139470014,1,0
warmstart_seed3,3,warmstart,300,101,1437,4093,0.41339070297082653,16,1437,4093,0.3510872220864891,3,2658,0.0011326208240908786,15,3,2658,0.001128668171557562,1,1435,0.0009057971014492754,16,1,1435,0.0006968641114982578,2,0
warmstart_seed3,3,warmstart,300,102,1438,4093,0.41356193584753886,16,1438,4093,0.35133154165648667,1,2656,0.0002229654403567447,15,1,2656,0.00037650602409638556,0,1437,0.0,16,0,1437,0.0,1,0
warmstart_seed3,3,warmstart,300,103,1440,4093,0.4144225656372768,16,1440,4093,0.3518201807964818,5,2655,0.002449568237802593,15,5,2655,0.0018832391713747645,3,1438,0.002339572192513369,16,3,1438,0.002086230876216968,2,0
warmstart_seed3,3,warmstart,300,104,1442,4093,0.4149128424995049,16,1442,4093,0.3523088199364769,2,2653,0.0007813446396123561,15,2,2653,0.0007538635506973238,0,1440,0.0,16,0,1440,0.0,2,0
warmstart_seed3,3,warmstart,300,105,1446,4093,0.41581699702881814,16,1446,4093,0.3532860982164671,4,2651,0.0012628520904382973,15,4,2651,0.0015088645794039985,0,1442,0.0,16,0,1442,0.0,4,0
warmstart_seed3,3,warmstart,300,106,1448,4093,0.41638701474822604,16,1448,4093,0.35377473735646225,2,2647,0.0015562987736900782,15,2,2647,0.0007555723460521345,0,1446,0.0,16,0,1446,0.0,2,0
warmstart_seed3,3,warmstart,300,107,1448,4093,0.41674122240505146,16,1448,4093,0.35377473735646225,3,2645,0.0018509360649947015,15,3,2645,0.0011342155009451795,3,1448,0.0028466974384738298,16,3,1448,0.0020718232044198894,0,0
warmstart_seed3,3,warmstart,300,108,1452,4093,0.41756921885637144,16,1452,4093,0.3547520156364525,5,2645,0.0019162663062030866,15,5,2645,0.001890359168241966,1,1448,0.000992063492063492,16,1,1448,0.0006906077348066298,4,0
warmstart_seed3,3,warmstart,300,109,1454,4093,0.4181385409050583,16,1454,4093,0.3552406547764476,2,2641,0.0009321852985127731,15,2,2641,0.0007572889057175312,0,1452,0.0,16,0,1452,0.0,2,0
warmstart_seed3,3,warmstart,300,110,1460,4093,0.41997110952339095,16,1460,4093,0.3567065721964329,7,2639,0.006168113578715031,15,7,2639,0.002652519893899204,1,1454,0.0005252100840336134,16,1,1454,0.000687757909215956,6,0
warmstart_seed3,3,warmstart,300,111,1465,4093,0.42142105128448765,16,1465,4093,0.3579281700464207,5,2633,0.003017034093009798,15,5,2633,0.0018989745537409798,0,1460,0.0,16,0,1460,0.0,5,0
warmstart_seed3,3,warmstart,300,112,1470,4093,0.42274770174921883,16,1470,4093,0.3591497678964085,5,2628,0.002959975400772857,15,5,2628,0.001902587519025875,0,1465,0.0,16,0,1465,0.0,5,0
warmstart_seed3,3,warmstart,300,113,1472,4093,0.4232216632682887,16,1472,4093,0.3596384070364036,3,2623,0.0014080374778597097,15,3,2623,0.001143728555089592,1,1470,0.0005580357142857143,16,1,1470,0.0006802721088435374,2,0
warmstart_seed3,3,warmstart,300,114,1473,4093,0.42365820976461777,16,1473,4093,0.3598827266064012,2,2621,0.002023486901535682,15,2,2621,0.0007630675314765357,1,1472,0.0010245901639344263,16,1,1472,0.0006793478260869565,1,0
warmstart_seed3,3,warmstart,300,115,1476,4093,0.4242440066359458,16,1476,4093,0.3606156853163938,4,2620,0.0020543073311239403,15,4,2620,0.0015267175572519084,1,1473,0.0005296610169491525,16,1,1473,0.0006788866259334691,3,0
warmstart_seed3,3,warmstart,300,116,1479,4093,0.42501827272136683,16,1479,4093,0.3613486440263865,3,2617,0.0020200802436104895,15,3,2617,0.0011463507833397019,0,1476,0.0,16,0,1476,0.0,3,0
warmstart_seed3,3,warmstart,300,117,1481,4093,0.42520241593421615,16,1481,4093,0.36183728316638164,3,2614,0.0013643670187373194,15,3,2614,0.0011476664116296864,1,1479,0.0009328358208955224,16,1,1479,0.000676132521974307,2,0
warmstart_seed3,3,warmstart,300,118,1480,4093,0.42498547562742567,16,1480,4093,0.36159296359638404,3,2612,0.0016927327507532286,15,3,2612,0.0011485451761102604,4,1481,0.0028540903540903544,16,4,1481,0.0027008777852802163,-1,0
warmstart_seed3,3,warmstart,300,119,1484,4093,0.42581450587718755,16,1484,4093,0.3625702418763743,5,2613,0.00181095508792633,15,5,2613,0.0019135093761959434,1,1480,0.000992063492063492,16,1,1480,0.0006756756756756757,4,0
warmstart_seed3,3,warmstart,300,120,1483,4093,0.4251505492376212,16,1483,4093,0.3623259223063767,1,2609,0.00022988505747126436,15,1,2609,0.0003832886163280951,2,1484,0.0010869565217391304,16,2,1484,0.0013477088948787063,-1,0
warmstart_seed3,3,warmstart,300,121,1486,4093,0.4256177513020168,16,1486,4093,0.3630588810163694,4,2610,0.0013095312812855025,15,4,2610,0.0015325670498084292,1,1483,0.0005530973451327434,16,1,1483,0.0006743088334457181,3,0
warmstart_seed3,3,warmstart,300,122,1491,4093,0.426486236319506,16,1491,4093,0.36428047886635717,6,2607,0.0018204426827754707,15,6,2607,0.0023014959723820483,1,1486,0.0009191176470588235,16,1,1486,0.0006729475100942127,5,0
warmstart_seed3,3,warmstart,300,123,1498,4093,0.42840044655890397,16,1498,4093,0.3659907158563401,10,2602,0.0063320936694470755,15,10,2602,0.003843197540353574,3,1491,0.002418154761904762,16,3,1491,0.002012072434607646,7,0
warmstart_seed3,3,warmstart,300,124,1500,4093,0.42894253276275485,16,1500,4093,0.3664793549963352,2,2595,0.0008462657035924574,15,2,2595,0.0007707129094412332,0,1498,0.0,16,0,1498,0.0,2,0
warmstart_seed3,3,warmstart,300,125,1504,4093,0.42995060026237897,16,1504,4093,0.36745663327632544,4,2593,0.002419511180828846,15,4,2593,0.0015426147319706903,0,1500,0.0,16,0,1500,0.0,4,0
warmstart_seed3,3,warmstart,300,126,1507,4093,0.4306907140212831,16,1507,4093,0.3681895919863181,4,2589,0.003106592250272684,15,4,2589,0.001544998068752414,1,1504,0.0009191176470588235,16,1,1504,0.0006648936170212766,3,0
warmstart_seed3,3,warmstart,300,127,1515,4093,0.4324131038551883,16,1515,4093,0.37014414854629857,9,2586,0.0030360402809835336,15,9,2586,0.0034802784222737818,1,1507,0.0009328358208955224,16,1,1507,0.0006635700066357001,8,0
warmstart_seed3,3,warmstart,300,128,1516,4093,0.432341876571983,16,1516,4093,0.3703884681162961,5,2578,0.0014077230609597382,15,5,2578,0.001939487975174554,4,1515,0.0036513859275053304,16,4,1515,0.0026402640264026403,1,0
baseline_seed4,4,baseline,0,0,0,4093,0.0,16,0,4093,0.0,,,,,,,,,,,,,,,,
baseline_seed4,4,baseline,0,1,0,4093,0.0,16,0,4093,0.0,0,4093,0.0,16,0,4093,0.0,0,0,,0,0,0,,0,0
baseline_seed4,4,baseline,0,2,0,4093,0.0,16,0,4093,0.0,0,4093,0.0,16,0,4093,0.0,0,0,,0,0,0,,0,0
baseline_seed4,4,baseline,0,3,0,4093,0.0,16,0,4093,0.0,0,4093,0.0,16,0,4093,0.0,0,0,,0,0,0,,0,0
baseline_seed4,4,baseline,0,4,0,4093,0.0,16,0,4093,0.0,0,4093,0.0,16,0,4093,0.0,0,0,,0,0,0,,0,0
baseline_seed4,4,baseline,0,5,0,4093,0.0,16,0,4093,0.0,0,4093,0.0,16,0,4093,0.0,0,0,,0,0,0,,0,0
baseline_seed4,4,baseline,0,6,0,4093,0.0,16,0,4093,0.0,0,4093,0.0,16,0,4093,0.0,0,0,,0,0,0,,0,0
baseline_seed4,4,baseline,0,7,0,4093,0.0,16,0,4093,0.0,0,4093,0.0,16,0,4093,0.0,0,0,,0,0,0,,0,0
baseline_seed4,4,baseline,0,8,0,4093,0.0,16,0,4093,0.0,0,4093,0.0,16,0,4093,0.0,0,0,,0,0,0,,0,0
baseline_seed4,4,baseline,0,9,0,4093,0.0,16,0,4093,0.0,0,4093,0.0,16,0,4093,0.0,0,0,,0,0,0,,0,0
baseline_seed4,4,baseline,0,10,0,4093,0.0,16,0,4093,0.0,0,4093,0.0,16,0,4093,0.0,0,0,,0,0,0,,0,0
baseline_seed4,4,baseline,0,11,0,4093,0.0,16,0,4093,0.0,0,4093,0.0,16,0,4093,0.0,0,0,,0,0,0,,0,0
baseline_seed4,4,baseline,0,12,0,4093,0.0,16,0,4093,0.0,0,4093,0.0,16,0,4093,0.0,0,0,,0,0,0,,0,0
baseline_seed4,4,baseline,0,13,0,4093,0.0,16,0,4093,0.0,0,4093,0.0,16,0,4093,0.0,0,0,,0,0,0,,0,0
baseline_seed4,4,baseline,0,14,0,4093,0.0,16,0,4093,0.0,0,4093,0.0,16,0,4093,0.0,0,0,,0,0,0,,0,0
baseline_seed4,4,baseline,0,15,0,4093,0.0,16,0,4093,0.0,0,4093,0.0,16,0,4093,0.0,0,0,,0,0,0,,0,0
baseline_seed4,4,baseline,0,16,0,4093,0.0,16,0,4093,0.0,0,4093,0.0,16,0,4093,0.0,0,0,,0,0,0,,0,0
baseline_seed4,4,baseline,0,17,0,4093,0.0,16,0,4093,0.0,0,4093,0.0,16,0,4093,0.0,0,0,,0,0,0,,0,0
baseline_seed4,4,baseline,0,18,0,4093,0.0,16,0,4093,0.0,0,4093,0.0,16,0,4093,0.0,0,0,,0,0,0,,0,0
baseline_seed4,4,baseline,0,19,0,4093,0.0,16,0,4093,0.0,0,4093,0.0,16,0,4093,0.0,0,0,,0,0,0,,0,0
baseline_seed4,4,baseline,0,20,0,4093,0.0,16,0,4093,0.0,0,4093,0.0,16,0,4093,0.0,0,0,,0,0,0,,0,0
baseline_seed4,4,baseline,0,21,0,4093,0.0,16,0,4093,0.0,0,4093,0.0,16,0,4093,0.0,0,0,,0,0,0,,0,0
baseline_seed4,4,baseline,0,22,0,4093,0.0,16,0,4093,0.0,0,4093,0.0,16,0,4093,0.0,0,0,,0,0,0,,0,0
baseline_seed4,4,baseline,0,23,0,4093,0.0,16,0,4093,0.0,0,4093,0.0,16,0,4093,0.0,0,0,,0,0,0,,0,0
baseline_seed4,4,baseline,0,24,0,4093,0.0,16,0,4093,0.0,0,4093,0.0,16,0,4093,0.0,0,0,,0,0,0,,0,0
baseline_seed4,4,baseline,0,25,0,4093,0.0,16,0,4093,0.0,0,4093,0.0,16,0,4093,0.0,0,0,,0,0,0,,0,0
baseline_seed4,4,baseline,0,26,0,4093,0.0,16,0,4093,0.0,0,4093,0.0,16,0,4093,0.0,0,0,,0,0,0,,0,0
baseline_seed4,4,baseline,0,27,0,4093,0.0,16,0,4093,0.0,0,4093,0.0,16,0,4093,0.0,0,0,,0,0,0,,0,0
baseline_seed4,4,baseline,0,28,0,4093,0.0,16,0,4093,0.0,0,4093,0.0,16,0,4093,0.0,0,0,,0,0,0,,0,0
baseline_seed4,4,baseline,0,29,0,4093,0.0,16,0,4093,0.0,0,4093,0.0,16,0,4093,0.0,0,0,,0,0,0,,0,0
baseline_seed4,4,baseline,0,30,0,4093,0.0,16,0,4093,0.0,0,4093,0.0,16,0,4093,0.0,0,0,,0,0,0,,0,0
baseline_seed4,4,baseline,0,31,0,4093,0.0,16,0,4093,0.0,0,4093,0.0,16,0,4093,0.0,0,0,,0,0,0,,0,0
baseline_seed4,4,baseline,0,32,0,4093,0.0,16,0,4093,0.0,0,4093,0.0,16,0,4093,0.0,0,0,,0,0,0,,0,0
baseline_seed4,4,baseline,0,33,0,4093,0.0,16,0,4093,0.0,0,4093,0.0,16,0,4093,0.0,0,0,,0,0,0,,0,0
baseline_seed4,4,baseline,0,34,0,4093,0.0,16,0,4093,0.0,0,4093,0.0,16,0,4093,0.0,0,0,,0,0,0,,0,0
baseline_seed4,4,baseline,0,35,0,4093,0.0,16,0,4093,0.0,0,4093,0.0,16,0,4093,0.0,0,0,,0,0,0,,0,0
baseline_seed4,4,baseline,0,36,0,4093,0.0,16,0,4093,0.0,0,4093,0.0,16,0,4093,0.0,0,0,,0,0,0,,0,0
baseline_seed4,4,baseline,0,37,0,4093,0.0,16,0,4093,0.0,0,4093,0.0,16,0,4093,0.0,0,0,,0,0,0,,0,0
baseline_seed4,4,baseline,0,38,0,4093,0.0,16,0,4093,0.0,0,4093,0.0,16,0,4093,0.0,0,0,,0,0,0,,0,0
baseline_seed4,4,baseline,0,39,0,4093,0.0,16,0,4093,0.0,0,4093,0.0,16,0,4093,0.0,0,0,,0,0,0,,0,0
baseline_seed4,4,baseline,0,40,0,4093,0.0,16,0,4093,0.0,0,4093,0.0,16,0,4093,0.0,0,0,,0,0,0,,0,0
baseline_seed4,4,baseline,0,41,0,4093,0.0,16,0,4093,0.0,0,4093,0.0,16,0,4093,0.0,0,0,,0,0,0,,0,0
baseline_seed4,4,baseline,0,42,0,4093,0.0,16,0,4093,0.0,0,4093,0.0,16,0,4093,0.0,0,0,,0,0,0,,0,0
baseline_seed4,4,baseline,0,43,0,4093,0.0,16,0,4093,0.0,0,4093,0.0,16,0,4093,0.0,0,0,,0,0,0,,0,0
baseline_seed4,4,baseline,0,44,0,4093,0.0,16,0,4093,0.0,0,4093,0.0,16,0,4093,0.0,0,0,,0,0,0,,0,0
baseline_seed4,4,baseline,0,45,0,4093,0.0,16,0,4093,0.0,0,4093,0.0,16,0,4093,0.0,0,0,,0,0,0,,0,0
baseline_seed4,4,baseline,0,46,0,4093,0.0,16,0,4093,0.0,0,4093,0.0,16,0,4093,0.0,0,0,,0,0,0,,0,0
baseline_seed4,4,baseline,0,47,0,4093,0.0,16,0,4093,0.0,0,4093,0.0,16,0,4093,0.0,0,0,,0,0,0,,0,0
baseline_seed4,4,baseline,0,48,0,4093,0.0,16,0,4093,0.0,0,4093,0.0,16,0,4093,0.0,0,0,,0,0,0,,0,0
baseline_seed4,4,baseline,0,49,0,4093,0.0,16,0,4093,0.0,0,4093,0.0,16,0,4093,0.0,0,0,,0,0,0,,0,0
baseline_seed4,4,baseline,0,50,0,4093,0.0,16,0,4093,0.0,0,4093,0.0,16,0,4093,0.0,0,0,,0,0,0,,0,0
baseline_seed4,4,baseline,0,51,0,4093,0.0,16,0,4093,0.0,0,4093,0.0,16,0,4093,0.0,0,0,,0,0,0,,0,0
baseline_seed4,4,baseline,0,52,0,4093,0.0,16,0,4093,0.0,0,4093,0.0,16,0,4093,0.0,0,0,,0,0,0,,0,0
baseline_seed4,4,baseline,0,53,0,4093,0.0,16,0,4093,0.0,0,4093,0.0,16,0,4093,0.0,0,0,,0,0,0,,0,0
baseline_seed4,4,baseline,0,54,0,4093,0.0,16,0,4093,0.0,0,4093,0.0,16,0,4093,0.0,0,0,,0,0,0,,0,0
baseline_seed4,4,baseline,0,55,0,4093,0.0,16,0,4093,0.0,0,4093,0.0,16,0,4093,0.0,0,0,,0,0,0,,0,0
baseline_seed4,4,baseline,0,56,0,4093,0.0,16,0,4093,0.0,0,4093,0.0,16,0,4093,0.0,0,0,,0,0,0,,0,0
baseline_seed4,4,baseline,0,57,0,4093,0.0,16,0,4093,0.0,0,4093,0.0,16,0,4093,0.0,0,0,,0,0,0,,0,0
baseline_seed4,4,baseline,0,58,0,4093,0.0,16,0,4093,0.0,0,4093,0.0,16,0,4093,0.0,0,0,,0,0,0,,0,0
baseline_seed4,4,baseline,0,59,0,4093,0.0,16,0,4093,0.0,0,4093,0.0,16,0,4093,0.0,0,0,,0,0,0,,0,0
baseline_seed4,4,baseline,0,60,0,4093,0.0,16,0,4093,0.0,0,4093,0.0,16,0,4093,0.0,0,0,,0,0,0,,0,0
baseline_seed4,4,baseline,0,61,0,4093,0.0,16,0,4093,0.0,0,4093,0.0,16,0,4093,0.0,0,0,,0,0,0,,0,0
baseline_seed4,4,baseline,0,62,0,4093,0.0,16,0,4093,0.0,0,4093,0.0,16,0,4093,0.0,0,0,,0,0,0,,0,0
baseline_seed4,4,baseline,0,63,0,4093,0.0,16,0,4093,0.0,0,4093,0.0,16,0,4093,0.0,0,0,,0,0,0,,0,0
baseline_seed4,4,baseline,0,64,0,4093,0.0,16,0,4093,0.0,0,4093,0.0,16,0,4093,0.0,0,0,,0,0,0,,0,0
baseline_seed4,4,baseline,0,65,0,4093,0.0,16,0,4093,0.0,0,4093,0.0,16,0,4093,0.0,0,0,,0,0,0,,0,0
baseline_seed4,4,baseline,0,66,0,4093,0.0,16,0,4093,0.0,0,4093,0.0,16,0,4093,0.0,0,0,,0,0,0,,0,0
baseline_seed4,4,baseline,0,67,0,4093,0.0,16,0,4093,0.0,0,4093,0.0,16,0,4093,0.0,0,0,,0,0,0,,0,0
baseline_seed4,4,baseline,0,68,0,4093,0.0,16,0,4093,0.0,0,4093,0.0,16,0,4093,0.0,0,0,,0,0,0,,0,0
baseline_seed4,4,baseline,0,69,0,4093,0.0,16,0,4093,0.0,0,4093,0.0,16,0,4093,0.0,0,0,,0,0,0,,0,0
baseline_seed4,4,baseline,0,70,0,4093,0.0,16,0,4093,0.0,0,4093,0.0,16,0,4093,0.0,0,0,,0,0,0,,0,0
baseline_seed4,4,baseline,0,71,0,4093,0.0,16,0,4093,0.0,0,4093,0.0,16,0,4093,0.0,0,0,,0,0,0,,0,0
baseline_seed4,4,baseline,0,72,0,4093,0.0,16,0,4093,0.0,0,4093,0.0,16,0,4093,0.0,0,0,,0,0,0,,0,0
baseline_seed4,4,baseline,0,73,0,4093,0.0,16,0,4093,0.0,0,4093,0.0,16,0,4093,0.0,0,0,,0,0,0,,0,0
baseline_seed4,4,baseline,0,74,0,4093,0.0,16,0,4093,0.0,0,4093,0.0,16,0,4093,0.0,0,0,,0,0,0,,0,0
baseline_seed4,4,baseline,0,75,0,4093,0.0,16,0,4093,0.0,0,4093,0.0,16,0,4093,0.0,0,0,,0,0,0,,0,0
baseline_seed4,4,baseline,0,76,0,4093,0.0,16,0,4093,0.0,0,4093,0.0,16,0,4093,0.0,0,0,,0,0,0,,0,0
baseline_seed4,4,baseline,0,77,0,4093,0.0,16,0,4093,0.0,0,4093,0.0,16,0,4093,0.0,0,0,,0,0,0,,0,0
baseline_seed4,4,baseline,0,78,0,4093,0.0,16,0,4093,0.0,0,4093,0.0,16,0,4093,0.0,0,0,,0,0,0,,0,0
baseline_seed4,4,baseline,0,79,0,4093,0.0,16,0,4093,0.0,0,4093,0.0,16,0,4093,0.0,0,0,,0,0,0,,0,0
baseline_seed4,4,baseline,0,80,0,4093,0.0,16,0,4093,0.0,0,4093,0.0,16,0,4093,0.0,0,0,,0,0,0,,0,0
baseline_seed4,4,baseline,0,81,0,4093,0.0,16,0,4093,0.0,0,4093,0.0,16,0,4093,0.0,0,0,,0,0,0,,0,0
baseline_seed4,4,baseline,0,82,0,4093,0.0,16,0,4093,0.0,0,4093,0.0,16,0,4093,0.0,0,0,,0,0,0,,0,0
baseline_seed4,4,baseline,0,83,0,4093,0.0,16,0,4093,0.0,0,4093,0.0,16,0,4093,0.0,0,0,,0,0,0,,0,0
baseline_seed4,4,baseline,0,84,0,4093,0.0,16,0,4093,0.0,0,4093,0.0,16,0,4093,0.0,0,0,,0,0,0,,0,0
baseline_seed4,4,baseline,0,85,0,4093,0.0,16,0,4093,0.0,0,4093,0.0,16,0,4093,0.0,0,0,,0,0,0,,0,0
baseline_seed4,4,baseline,0,86,0,4093,0.0,16,0,4093,0.0,0,4093,0.0,16,0,4093,0.0,0,0,,0,0,0,,0,0
baseline_seed4,4,baseline,0,87,0,4093,0.0,16,0,4093,0.0,0,4093,0.0,16,0,4093,0.0,0,0,,0,0,0,,0,0
baseline_seed4,4,baseline,0,88,0,4093,0.0,16,0,4093,0.0,0,4093,0.0,16,0,4093,0.0,0,0,,0,0,0,,0,0
baseline_seed4,4,baseline,0,89,0,4093,0.0,16,0,4093,0.0,0,4093,0.0,16,0,4093,0.0,0,0,,0,0,0,,0,0
baseline_seed4,4,baseline,0,90,0,4093,0.0,16,0,4093,0.0,0,4093,0.0,16,0,4093,0.0,0,0,,0,0,0,,0,0
baseline_seed4,4,baseline,0,91,0,4093,0.0,16,0,4093,0.0,0,4093,0.0,16,0,4093,0.0,0,0,,0,0,0,,0,0
baseline_seed4,4,baseline,0,92,0,4093,0.0,16,0,4093,0.0,0,4093,0.0,16,0,4093,0.0,0,0,,0,0,0,,0,0
baseline_seed4,4,baseline,0,93,0,4093,0.0,16,0,4093,0.0,0,4093,0.0,16,0,4093,0.0,0,0,,0,0,0,,0,0
baseline_seed4,4,baseline,0,94,0,4093,0.0,16,0,4093,0.0,0,4093,0.0,16,0,4093,0.0,0,0,,0,0,0,,0,0
baseline_seed4,4,baseline,0,95,0,4093,0.0,16,0,4093,0.0,0,4093,0.0,16,0,4093,0.0,0,0,,0,0,0,,0,0
baseline_seed4,4,baseline,0,96,0,4093,0.0,16,0,4093,0.0,0,4093,0.0,16,0,4093,0.0,0,0,,0,0,0,,0,0
baseline_seed4,4,baseline,0,97,0,4093,0.0,16,0,4093,0.0,0,4093,0.0,16,0,4093,0.0,0,0,,0,0,0,,0,0
baseline_seed4,4,baseline,0,98,0,4093,0.0,16,0,4093,0.0,0,4093,0.0,16,0,4093,0.0,0,0,,0,0,0,,0,0
baseline_seed4,4,baseline,0,99,0,4093,0.0,16,0,4093,0.0,0,4093,0.0,16,0,4093,0.0,0,0,,0,0,0,,0,0
baseline_seed4,4,baseline,0,100,0,4093,0.0,16,0,4093,0.0,0,4093,0.0,16,0,4093,0.0,0,0,,0,0,0,,0,0
baseline_seed4,4,baseline,0,101,0,4093,0.0,16,0,4093,0.0,0,4093,0.0,16,0,4093,0.0,0,0,,0,0,0,,0,0
baseline_seed4,4,baseline,0,102,0,4093,0.0,16,0,4093,0.0,0,4093,0.0,16,0,4093,0.0,0,0,,0,0,0,,0,0
baseline_seed4,4,baseline,0,103,0,4093,0.0,16,0,4093,0.0,0,4093,0.0,16,0,4093,0.0,0,0,,0,0,0,,0,0
baseline_seed4,4,baseline,0,104,0,4093,0.0,16,0,4093,0.0,0,4093,0.0,16,0,4093,0.0,0,0,,0,0,0,,0,0
baseline_seed4,4,baseline,0,105,0,4093,0.0,16,0,4093,0.0,0,4093,0.0,16,0,4093,0.0,0,0,,0,0,0,,0,0
baseline_seed4,4,baseline,0,106,0,4093,0.0,16,0,4093,0.0,0,4093,0.0,16,0,4093,0.0,0,0,,0,0,0,,0,0
baseline_seed4,4,baseline,0,107,0,4093,0.0,16,0,4093,0.0,0,4093,0.0,16,0,4093,0.0,0,0,,0,0,0,,0,0
baseline_seed4,4,baseline,0,108,0,4093,0.0,16,0,4093,0.0,0,4093,0.0,16,0,4093,0.0,0,0,,0,0,0,,0,0
baseline_seed4,4,baseline,0,109,0,4093,0.0,16,0,4093,0.0,0,4093,0.0,16,0,4093,0.0,0,0,,0,0,0,,0,0
baseline_seed4,4,baseline,0,110,0,4093,0.0,16,0,4093,0.0,0,4093,0.0,16,0,4093,0.0,0,0,,0,0,0,,0,0
baseline_seed4,4,baseline,0,111,0,4093,0.0,16,0,4093,0.0,0,4093,0.0,16,0,4093,0.0,0,0,,0,0,0,,0,0
baseline_seed4,4,baseline,0,112,0,4093,0.0,16,0,4093,0.0,0,4093,0.0,16,0,4093,0.0,0,0,,0,0,0,,0,0
baseline_seed4,4,baseline,0,113,0,4093,0.0,16,0,4093,0.0,0,4093,0.0,16,0,4093,0.0,0,0,,0,0,0,,0,0
baseline_seed4,4,baseline,0,114,0,4093,0.0,16,0,4093,0.0,0,4093,0.0,16,0,4093,0.0,0,0,,0,0,0,,0,0
baseline_seed4,4,baseline,0,115,0,4093,0.0,16,0,4093,0.0,0,4093,0.0,16,0,4093,0.0,0,0,,0,0,0,,0,0
baseline_seed4,4,baseline,0,116,0,4093,0.0,16,0,4093,0.0,0,4093,0.0,16,0,4093,0.0,0,0,,0,0,0,,0,0
baseline_seed4,4,baseline,0,117,0,4093,0.0,16,0,4093,0.0,0,4093,0.0,16,0,4093,0.0,0,0,,0,0,0,,0,0
baseline_seed4,4,baseline,0,118,0,4093,0.0,16,0,4093,0.0,0,4093,0.0,16,0,4093,0.0,0,0,,0,0,0,,0,0
baseline_seed4,4,baseline,0,119,0,4093,0.0,16,0,4093,0.0,0,4093,0.0,16,0,4093,0.0,0,0,,0,0,0,,0,0
baseline_seed4,4,baseline,0,120,0,4093,0.0,16,0,4093,0.0,0,4093,0.0,16,0,4093,0.0,0,0,,0,0,0,,0,0
baseline_seed4,4,baseline,0,121,0,4093,0.0,16,0,4093,0.0,0,4093,0.0,16,0,4093,0.0,0,0,,0,0,0,,0,0
baseline_seed4,4,baseline,0,122,0,4093,0.0,16,0,4093,0.0,0,4093,0.0,16,0,4093,0.0,0,0,,0,0,0,,0,0
baseline_seed4,4,baseline,0,123,0,4093,0.0,16,0,4093,0.0,0,4093,0.0,16,0,4093,0.0,0,0,,0,0,0,,0,0
baseline_seed4,4,baseline,0,124,0,4093,0.0,16,0,4093,0.0,0,4093,0.0,16,0,4093,0.0,0,0,,0,0,0,,0,0
baseline_seed4,4,baseline,0,125,0,4093,0.0,16,0,4093,0.0,0,4093,0.0,16,0,4093,0.0,0,0,,0,0,0,,0,0
baseline_seed4,4,baseline,0,126,0,4093,0.0,16,0,4093,0.0,0,4093,0.0,16,0,4093,0.0,0,0,,0,0,0,,0,0
baseline_seed4,4,baseline,0,127,0,4093,0.0,16,0,4093,0.0,0,4093,0.0,16,0,4093,0.0,0,0,,0,0,0,,0,0
baseline_seed4,4,baseline,0,128,0,4093,0.0,16,0,4093,0.0,0,4093,0.0,16,0,4093,0.0,0,0,,0,0,0,,0,0
baseline_seed4,4,baseline,100,0,0,4093,0.0,16,0,4093,0.0,,,,,,,,,,,,,,,,
baseline_seed4,4,baseline,100,1,14,4093,0.0040127640974016105,16,14,4093,0.0034204739799657954,14,4093,0.0040127640974016105,16,14,4093,0.0034204739799657954,0,0,,0,0,0,,14,0
baseline_seed4,4,baseline,100,2,10,4093,0.0028820725161737178,16,10,4093,0.002443195699975568,6,4079,0.0014975546335819477,16,6,4079,0.0014709487619514587,10,14,0.7307692307692307,13,10,14,0.7142857142857143,-4,0
baseline_seed4,4,baseline,100,3,10,4093,0.003102609968107563,16,10,4093,0.002443195699975568,7,4083,0.0021985643277947662,16,7,4083,0.0017144256674014205,7,10,0.6666666666666666,9,7,10,0.7,0,0
baseline_seed4,4,baseline,100,4,34,4093,0.010347945309324522,16,34,4093,0.008306865379916931,27,4083,0.008396017348311479,16,27,4083,0.006612784717119765,3,10,0.29166666666666663,8,3,10,0.3,24,0
baseline_seed4,4,baseline,100,5,148,4093,0.04249565437696329,16,148,4093,0.03615929635963841,125,4059,0.035939578120560464,16,125,4059,0.030795762503079575,11,34,0.38958333333333334,16,11,34,0.3235294117647059,114,0
baseline_seed4,4,baseline,100,6,462,4093,0.12812002066976155,16,462,4093,0.11287564133887125,362,3945,0.10408281122638695,16,362,3945,0.0917617237008872,48,148,0.34718736124986127,16,48,148,0.32432432432432434,314,0
baseline_seed4,4,baseline,100,7,614,4093,0.17317520773537742,16,614,4093,0.15001221597849987,246,3631,0.08085616901292869,16,246,3631,0.06774993114844395,94,462,0.19461214264641685,16,94,462,0.20346320346320346,152,0
baseline_seed4,4,baseline,100,8,674,4093,0.1876500866029662,16,674,4093,0.16467139017835328,174,3479,0.05653149266400499,16,174,3479,0.050014371945961485,114,614,0.1822623500294755,16,114,614,0.18566775244299674,60,0
baseline_seed4,4,baseline,100,9,714,4093,0.20227230110684452,16,714,4093,0.17444417297825557,155,3419,0.056124156925687334,16,155,3419,0.04533489324363849,115,674,0.17145429354230224,16,115,674,0.17062314540059348,40,0
baseline_seed4,4,baseline,100,10,754,4093,0.21761341172439186,16,754,4093,0.18421695577815783,154,3379,0.06040641668274023,16,154,3379,0.04557561408700799,114,714,0.1677138361165497,16,114,714,0.15966386554621848,40,0
baseline_seed4,4,baseline,100,11,769,4093,0.22329499144912598,16,769,4093,0.18788174932812118,131,3339,0.05409015940731591,16,131,3339,0.03923330338424678,116,754,0.17387266766947906,16,116,754,0.15384615384615385,15,0
baseline_seed4,4,baseline,100,12,754,4093,0.21917234382490364,16,754,4093,0.18421695577815783,105,3324,0.04402814084314682,16,105,3324,0.0315884476534296,120,769,0.1816727531232044,16,120,769,0.15604681404421328,-15,0
baseline_seed4,4,baseline,100,13,762,4093,0.22276657949411738,16,762,4093,0.18617151233813828,116,3339,0.049928604214585046,16,116,3339,0.03474094040131776,108,754,0.16937483013152238,16,108,754,0.14323607427055704,8,0
baseline_seed4,4,baseline,100,14,783,4093,0.22770569209044156,16,783,4093,0.19130222330808697,120,3331,0.05079547820737027,16,120,3331,0.03602521765235665,99,762,0.15816118369948423,16,99,762,0.12992125984251968,21,0
baseline_seed4,4,baseline,100,15,759,4093,0.22429867172348666,16,759,4093,0.18543855362814562,89,3310,0.04198749224108815,16,89,3310,0.02688821752265861,113,783,0.1722504819273858,16,113,783,0.14431673052362706,-24,0
baseline_seed4,4,baseline,100,16,736,4093,0.2156935541609767,16,736,4093,0.1798192035182018,74,3334,0.031472711378217874,16,74,3334,0.022195560887822437,97,759,0.15459526401857202,16,97,759,0.12779973649538867,-23,0
baseline_seed4,4,baseline,100,17,737,4093,0.2165933473571301,16,737,4093,0.18006352308819937,78,3357,0.03458762076021491,16,78,3357,0.02323503127792672,77,736,0.1368979813519588,16,77,736,0.10461956521739131,1,0
baseline_seed4,4,baseline,100,18,702,4093,0.20743033364376595,16,702,4093,0.17151233813828487,53,3356,0.024740642586012992,16,53,3356,0.015792610250297975,88,737,0.1807039770570391,16,88,737,0.11940298507462686,-35,0
baseline_seed4,4,baseline,100,19,676,4093,0.19922925620061094,16,676,4093,0.1651600293183484,50,3391,0.020978851641235398,16,50,3391,0.014744913005013271,76,702,0.1542554264292123,16,76,702,0.10826210826210826,-26,0
baseline_seed4,4,baseline,100,20,676,4093,0.20087736959759786,16,676,4093,0.1651600293183484,59,3417,0.025553948032443166,16,59,3417,0.01726660813579163,59,676,0.136266603267861,16,59,676,0.08727810650887574,0,0
baseline_seed4,4,baseline,100,21,652,4093,0.193488607709828,16,652,4093,0.15929635963840705,38,3417,0.0161163089824434,16,38,3417,0.01112086625695054,62,676,0.11187961970581825,16,62,676,0.09171597633136094,-24,0
baseline_seed4,4,baseline,100,22,623,4093,0.18537492586825471,16,623,4093,0.15221109210847789,29,3441,0.012035906792358199,16,29,3441,0.00842778262133101,58,652,0.14468734479641598,16,58,652,0.08895705521472393,-29,0
baseline_seed4,4,baseline,100,23,614,4093,0.18248592026402938,16,614,4093,0.15001221597849987,32,3470,0.012838731081151019,16,32,3470,0.009221902017291067,41,623,0.1482858553795271,16,41,623,0.06581059390048154,-9,0
baseline_seed4,4,baseline,100,24,605,4093,0.18031524183597739,16,605,4093,0.14781333984852188,35,3479,0.015934539881710605,16,35,3479,0.01006036217303823,44,614,0.11075703017670126,15,44,614,0.07166123778501629,-9,0
baseline_seed4,4,baseline,100,25,588,4093,0.1739336861098868,16,588,4093,0.1436599071585634,24,3488,0.009728124315029799,16,24,3488,0.006880733944954129,41,605,0.0893504473959943,15,41,605,0.06776859504132231,-17,0
baseline_seed4,4,baseline,100,26,575,4093,0.17161716105780733,16,575,4093,0.14048375274859518,18,3505,0.008647851198072716,16,18,3505,0.005135520684736091,31,588,0.07945051492345664,15,31,588,0.05272108843537415,-13,0
baseline_seed4,4,baseline,100,27,564,4093,0.16832309264112405,16,564,4093,0.13779623747862205,18,3518,0.007315889007159128,16,18,3518,0.00511654349061967,29,575,0.1127569945186137,15,29,575,0.050434782608695654,-11,0
baseline_seed4,4,baseline,100,28,560,4093,0.16659663497787613,16,560,4093,0.13681895919863182,18,3529,0.006360711594058174,16,18,3529,0.005100595069424767,22,564,0.08054520512424936,15,22,564,0.03900709219858156,-4,0
baseline_seed4,4,baseline,100,29,549,4093,0.1637314776015571,16,549,4093,0.1341314439286587,11,3533,0.0045052302966903,16,11,3533,0.0031135012737050667,22,560,0.07411120056756938,15,22,560,0.039285714285714285,-11,0
baseline_seed4,4,baseline,100,30,536,4093,0.1598343521699099,16,536,4093,0.13095528951869045,13,3544,0.005591611911245567,16,13,3544,0.003668171557562077,26,549,0.1207839789981131,15,26,549,0.04735883424408015,-13,0
baseline_seed4,4,baseline,100,31,529,4093,0.1578593722968718,16,529,4093,0.12924505252870755,14,3557,0.006089586600671517,16,14,3557,0.003935901040202418,21,536,0.127554435063986,15,21,536,0.03917910447761194,-7,0
baseline_seed4,4,baseline,100,32,531,4093,0.15831437941409487,16,531,4093,0.12973369166870266,17,3564,0.007072768169838768,16,17,3564,0.004769921436588103,15,529,0.12249797611690195,15,15,529,0.02835538752362949,2,0
baseline_seed4,4,baseline,100,33,528,4093,0.15787649390780534,16,528,4093,0.12900073295870998,14,3562,0.0055989948304240745,16,14,3562,0.0039303761931499155,17,531,0.05459390337771752,14,17,531,0.032015065913371,-3,0
baseline_seed4,4,baseline,100,34,531,4093,0.15884621539193214,16,531,4093,0.12973369166870266,13,3565,0.005674993281172661,16,13,3565,0.0036465638148667602,10,528,0.09462762981784721,15,10,528,0.01893939393939394,3,0
baseline_seed4,4,baseline,100,35,524,4093,0.15590901060777948,16,524,4093,0.12802345467871976,9,3562,0.0026587318657278394,16,9,3562,0.0025266704098820887,16,531,0.041695949138758286,14,16,531,0.030131826741996232,-7,0
baseline_seed4,4,baseline,100,36,521,4093,0.1558740433094964,16,521,4093,0.1272904959687271,8,3569,0.0037425919075962464,16,8,3569,0.002241524236480807,11,524,0.10023320098834974,15,11,524,0.02099236641221374,-3,0
baseline_seed4,4,baseline,100,37,524,4093,0.156534802803115,16,524,4093,0.12802345467871976,11,3572,0.0035890848797453185,16,11,3572,0.003079507278835386,8,521,0.029417912369857444,14,8,521,0.015355086372360844,3,0
baseline_seed4,4,baseline,100,38,528,4093,0.15771273667600041,16,528,4093,0.12900073295870998,12,3569,0.004381457862809042,16,12,3569,0.0033622863547212102,8,524,0.08838230327592031,15,8,524,0.015267175572519083,4,0
baseline_seed4,4,baseline,100,39,527,4093,0.15765096089237243,16,527,4093,0.12875641338871244,8,3565,0.0029193557223194783,16,8,3565,0.002244039270687237,9,528,0.034976477655866346,14,9,528,0.017045454545454544,-1,0
baseline_seed4,4,baseline,100,40,526,4093,0.15727863384295196,16,526,4093,0.12851209381871487,9,3566,0.004011970342612789,16,9,3566,0.0025238362310712283,10,527,0.044126043039086515,15,10,527,0.018975332068311195,-1,0
baseline_seed4,4,baseline,100,41,524,4093,0.15706063136082687,16,524,4093,0.12802345467871976,7,3567,0.0032577598871958466,16,7,3567,0.0019624334174376226,9,526,0.10024515076270273,15,9,526,0.017110266159695818,-2,0
baseline_seed4,4,baseline,100,42,528,4093,0.15849949066291374,16,528,4093,0.12900073295870998,10,3569,0.004223206670240938,16,10,3569,0.002801905295601009,6,524,0.013559308704006734,14,6,524,0.011450381679389313,4,0
baseline_seed4,4,baseline,100,43,537,4093,0.161439273547585,16,537,4093,0.131199609088688,13,3565,0.005434869352166373,16,13,3565,0.0036465638148667602,4,528,0.08017676767676768,15,4,528,0.007575757575757576,9,0
baseline_seed4,4,baseline,100,44,536,4093,0.16088539935666693,16,536,4093,0.13095528951869045,8,3556,0.0030274317878457167,16,8,3556,0.0022497187851518562,9,537,0.03281277962400412,14,9,537,0.01675977653631285,-1,0
baseline_seed4,4,baseline,100,45,537,4093,0.16155731283093522,16,537,4093,0.131199609088688,6,3557,0.002593918989767617,16,6,3557,0.0016868147315153219,5,536,0.012619787619787621,15,5,536,0.009328358208955223,1,0
baseline_seed4,4,baseline,100,46,542,4093,0.16346733292315996,16,542,4093,0.1324212069386758,8,3556,0.0033142559156191316,16,8,3556,0.0022497187851518562,3,537,0.07175925925925926,15,3,537,0.00558659217877095,5,0
baseline_seed4,4,baseline,100,47,543,4093,0.16368722610189138,16,543,4093,0.13266552650867333,5,3551,0.0020587338101063237,16,5,3551,0.0014080540692762602,4,542,0.018533054247339958,14,4,542,0.007380073800738007,1,0
baseline_seed4,4,baseline,100,48,547,4093,0.16483788795399149,16,547,4093,0.13364280478866358,6,3550,0.0022355261938810118,16,6,3550,0.0016901408450704226,2,543,0.0033374251956421663,14,2,543,0.003683241252302026,4,0
baseline_seed4,4,baseline,100,49,546,4093,0.16446466042765584,16,546,4093,0.133398485218666,4,3546,0.0014048645126195133,16,4,3546,0.0011280315848843769,5,547,0.07789473684210527,15,5,547,0.009140767824497258,-1,0
baseline_seed4,4,baseline,100,50,546,4093,0.16492514698310962,16,546,4093,0.133398485218666,6,3547,0.002490731888079649,16,6,3547,0.0016915703411333521,6,546,0.10058771929824561,15,6,546,0.01098901098901099,0,0
baseline_seed4,4,baseline,100,51,552,4093,0.1667205506778365,16,552,4093,0.13486440263865135,8,3547,0.002797129618715648,16,8,3547,0.002255427121511136,2,546,0.07058823529411765,15,2,546,0.003663003663003663,6,0
baseline_seed4,4,baseline,100,52,559,4093,0.16846529197521581,16,559,4093,0.13657463962863425,14,3541,0.005229366575430238,16,14,3541,0.003953685399604632,7,552,0.030753974602158896,15,7,552,0.012681159420289856,7,0
baseline_seed4,4,baseline,100,53,565,4093,0.17054165868922735,16,565,4093,0.1380405570486196,10,3534,0.004418332102769981,16,10,3534,0.0028296547821165816,4,559,0.07,15,4,559,0.007155635062611807,6,0
baseline_seed4,4,baseline,100,54,568,4093,0.17184786904519805,16,568,4093,0.13877351575861227,6,3528,0.0026973768763808113,16,6,3528,0.0017006802721088435,3,565,0.07555555555555556,15,3,565,0.005309734513274336,3,0
baseline_seed4,4,baseline,100,55,575,4093,0.17350385170843774,16,575,4093,0.14048375274859518,7,3525,0.0017977010172582101,16,7,3525,0.0019858156028368795,0,568,0.0,14,0,568,0.0,7,0
baseline_seed4,4,baseline,100,56,582,4093,0.17493260249457576,16,582,4093,0.14219398973857805,9,3518,0.002907635923760322,16,9,3518,0.002558271745309835,2,575,0.068,15,2,575,0.0034782608695652175,7,0
baseline_seed4,4,baseline,100,57,585,4093,0.17575347819473264,16,585,4093,0.14292694844857073,5,3511,0.001996905122732226,16,5,3511,0.0014240956992309882,2,582,0.0051879699248120305,14,2,582,0.003436426116838488,3,0
baseline_seed4,4,baseline,100,58,592,4093,0.17848508105005306,16,592,4093,0.14463718543855364,10,3508,0.004701835821581402,16,10,3508,0.0028506271379703536,3,585,0.007029943760449916,14,3,585,0.005128205128205128,7,0
baseline_seed4,4,baseline,100,59,592,4093,0.17875247229596025,16,592,4093,0.14463718543855364,4,3501,0.0014977973511695925,16,4,3501,0.0011425307055127106,4,592,0.08279273061881758,15,4,592,0.006756756756756757,0,0
baseline_seed4,4,baseline,100,60,605,4093,0.18264178208882237,16,605,4093,0.14781333984852188,14,3501,0.0061073873258914516,16,14,3501,0.003998857469294488,1,592,0.0014005602240896359,14,1,592,0.0016891891891891893,13,0
baseline_seed4,4,baseline,100,61,613,4093,0.18483662032834258,16,613,4093,0.14976789640850233,10,3488,0.003823392979913325,16,10,3488,0.0028669724770642203,2,605,0.0672782874617737,15,2,605,0.003305785123966942,8,0
baseline_seed4,4,baseline,100,62,619,4093,0.18650266084037276,16,619,4093,0.15123381382848766,7,3480,0.0032022833075102423,16,7,3480,0.002011494252873563,1,613,0.001098901098901099,14,1,613,0.0016313213703099511,6,0
baseline_seed4,4,baseline,100,63,628,4093,0.18925234913861977,16,628,4093,0.15343268995846568,10,3474,0.004653656915095552,16,10,3474,0.0028785261945883708,1,619,0.0019305019305019305,14,1,619,0.0016155088852988692,9,0
baseline_seed4,4,baseline,100,64,630,4093,0.18992720619103293,16,630,4093,0.1539213290984608,3,3465,0.0011585965931860764,16,3,3465,0.0008658008658008658,1,628,0.008928571428571428,14,1,628,0.0015923566878980893,2,0
baseline_seed4,4,baseline,100,65,635,4093,0.1908842604727412,16,635,4093,0.15514292694844858,6,3463,0.0017824830698207625,16,6,3463,0.0017326017903551833,1,630,0.0009398496240601503,14,1,630,0.0015873015873015873,5,0
baseline_seed4,4,baseline,100,66,637,4093,0.1912776061217083,16,637,4093,0.1556315660884437,3,3458,0.0011687654684408295,16,3,3458,0.0008675534991324465,1,635,0.0012987012987012987,14,1,635,0.0015748031496062992,2,0
baseline_seed4,4,baseline,100,67,644,4093,0.19327896518984855,16,644,4093,0.15734180307842657,7,3456,0.002940967337809456,16,7,3456,0.002025462962962963,0,637,0.0,14,0,637,0.0,7,0
baseline_seed4,4,baseline,100,68,648,4093,0.19452351438892335,16,648,4093,0.1583190813584168,4,3449,0.0016975011917063235,16,4,3449,0.0011597564511452595,0,644,0.0,14,0,644,0.0,4,0
baseline_seed4,4,baseline,100,69,655,4093,0.19648139652178803,16,655,4093,0.1600293183483997,9,3445,0.003301584157319107,16,9,3445,0.0026124818577648768,2,648,0.0031168831168831173,14,2,648,0.0030864197530864196,7,0
baseline_seed4,4,baseline,100,70,657,4093,0.19743721550812268,16,657,4093,0.1605179574883948,6,3438,0.0032744833391385123,16,6,3438,0.0017452006980802793,4,655,0.07222365222365221,15,4,655,0.0061068702290076335,2,0
baseline_seed4,4,baseline,100,71,665,4093,0.19957734437864738,16,665,4093,0.1624725140483753,9,3436,0.0041527174787122775,16,9,3436,0.002619324796274738,1,657,0.0009784735812133072,14,1,657,0.0015220700152207,8,0
baseline_seed4,4,baseline,100,72,670,4093,0.20163097125997453,16,670,4093,0.16369411189836305,5,3428,0.0029178630441260124,16,5,3428,0.0014585764294049008,0,665,0.0,14,0,665,0.0,5,0
baseline_seed4,4,baseline,100,73,679,4093,0.2045159385523406,16,679,4093,0.16589298802834107,9,3423,0.004430161655920781,16,9,3423,0.0026292725679228747,0,670,0.0,14,0,670,0.0,9,0
baseline_seed4,4,baseline,100,74,689,4093,0.20739304881641296,16,689,4093,0.16833618372831663,11,3414,0.004776277536315569,16,11,3414,0.003222026947861746,1,679,0.0016233766233766235,14,1,679,0.0014727540500736377,10,0
baseline_seed4,4,baseline,100,75,695,4093,0.2090936640330151,16,695,4093,0.169802101148302,7,3404,0.0024430045030144395,16,7,3404,0.002056404230317274,1,689,0.006666666666666667,15,1,689,0.001451378809869376,6,0
baseline_seed4,4,baseline,100,76,701,4093,0.21099219962181656,16,701,4093,0.17126801856828733,9,3398,0.003644206412255352,16,9,3398,0.00264861683343143,3,695,0.12642045454545456,16,3,695,0.004316546762589928,6,0
baseline_seed4,4,baseline,100,77,709,4093,0.21328005598271957,16,709,4093,0.17322257512826778,10,3392,0.003957806742513522,16,10,3392,0.00294811320754717,2,701,0.0021173246979698593,14,2,701,0.0028530670470756064,8,0
baseline_seed4,4,baseline,100,78,712,4093,0.2144309384906226,16,712,4093,0.17395553383826046,6,3384,0.0034404090610950446,16,6,3384,0.0017730496453900709,3,709,0.06936795174403357,15,3,709,0.004231311706629055,3,0
baseline_seed4,4,baseline,100,79,711,4093,0.21429452510725802,16,711,4093,0.1737112142682629,1,3381,0.0005733944954128441,16,1,3381,0.0002957704821058858,2,712,0.002575757575757576,14,2,712,0.0028089887640449437,-1,0
baseline_seed4,4,baseline,100,80,720,4093,0.21629426068507063,16,720,4093,0.1759100903982409,9,3382,0.002830199506913419,16,9,3382,0.0026611472501478417,0,711,0.0,14,0,711,0.0,9,0
baseline_seed4,4,baseline,100,81,722,4093,0.21681078961069047,16,722,4093,0.17639872953823602,4,3373,0.0013240388368462139,16,4,3373,0.0011858879335902757,2,720,0.0020089786756453424,15,2,720,0.002777777777777778,2,0
baseline_seed4,4,baseline,100,82,729,4093,0.21867851438690025,16,729,4093,0.17810896652821892,8,3371,0.003190406752594845,16,8,3371,0.002373183031741323,1,722,0.0015151515151515152,15,1,722,0.0013850415512465374,7,0
baseline_seed4,4,baseline,100,83,732,4093,0.2195833057119382,16,732,4093,0.17884192523821157,4,3364,0.0014176113302241957,16,4,3364,0.0011890606420927466,1,729,0.00048661800486618,15,1,729,0.0013717421124828531,3,0
baseline_seed4,4,baseline,100,84,735,4093,0.22042513482706663,16,735,4093,0.17957488394820426,4,3361,0.0017423649844097093,16,4,3361,0.0011901219875037191,1,732,0.0015151515151515152,15,1,732,0.001366120218579235,3,0
baseline_seed4,4,baseline,100,85,738,4093,0.22155738248145793,16,738,4093,0.1803078426581969,6,3358,0.0026791935616979922,16,6,3358,0.001786777843954735,3,735,0.006503712021960198,15,3,735,0.004081632653061225,3,0
baseline_seed4,4,baseline,100,86,741,4093,0.22205763686020213,16,741,4093,0.1810408013681896,4,3355,0.0015291482078131293,16,4,3355,0.0011922503725782414,1,738,0.0026666666666666666,15,1,738,0.0013550135501355014,3,0
baseline_seed4,4,baseline,100,87,745,4093,0.22399873659275713,16,745,4093,0.18201807964817981,8,3352,0.004726212745379174,16,8,3352,0.002386634844868735,4,741,0.0727663640707119,15,4,741,0.005398110661268556,4,0
baseline_seed4,4,baseline,100,88,753,4093,0.22692820448228992,16,753,4093,0.18397263620816026,8,3348,0.00447236985026806,16,8,3348,0.0023894862604540022,0,745,0.0,14,0,745,0.0,8,0
baseline_seed4,4,baseline,100,89,754,4093,0.22688632441342244,16,754,4093,0.18421695577815783,4,3340,0.0011276738499818373,16,4,3340,0.0011976047904191617,3,753,0.003390858741578166,14,3,753,0.00398406374501992,1,0
baseline_seed4,4,baseline,100,90,758,4093,0.22809235962374202,16,758,4093,0.18519423405814806,6,3339,0.003391216626510744,16,6,3339,0.0017969451931716084,2,754,0.005837173579109063,15,2,754,0.002652519893899204,4,0
baseline_seed4,4,baseline,100,91,757,4093,0.22771861498244245,16,757,4093,0.1849499144881505,2,3335,0.0009356469330222611,16,2,3335,0.0005997001499250374,3,758,0.023848238482384824,15,3,758,0.00395778364116095,-1,0
baseline_seed4,4,baseline,100,92,761,4093,0.22906787337642276,16,761,4093,0.18592719276814074,4,3336,0.0020011979645040683,16,4,3336,0.001199040767386091,0,757,0.0,15,0,757,0.0,4,0
baseline_seed4,4,baseline,100,93,761,4093,0.22903562665972482,16,761,4093,0.18592719276814074,3,3332,0.001442541795163123,16,3,3332,0.000900360144057623,3,761,0.0033461934156378604,15,3,761,0.003942181340341655,0,0
baseline_seed4,4,baseline,100,94,768,4093,0.23103953758153162,16,768,4093,0.18763742975812361,9,3332,0.004515369912732142,16,9,3332,0.0027010804321728693,2,761,0.0019879647539222008,15,2,761,0.002628120893561104,7,0
baseline_seed4,4,baseline,100,95,771,4093,0.23200144040821263,16,771,4093,0.1883703884681163,6,3325,0.003210246099187055,16,6,3325,0.0018045112781954887,3,768,0.003141167775314117,15,3,768,0.00390625,3,0
baseline_seed4,4,baseline,100,96,778,4093,0.23426718382583686,16,778,4093,0.1900806254580992,9,3322,0.004647437173407882,16,9,3322,0.0027092113184828417,2,771,0.0022119341563786006,15,2,771,0.0025940337224383916,7,0
baseline_seed4,4,baseline,100,97,780,4093,0.2353408889178714,16,780,4093,0.1905692645980943,5,3315,0.0030138724929244147,16,5,3315,0.0015082956259426848,3,778,0.007090064407137577,15,3,778,0.0038560411311053984,2,0
baseline_seed4,4,baseline,100,98,785,4093,0.23620231556084506,16,785,4093,0.19179086244808208,8,3313,0.002918703665921295,16,8,3313,0.0024147298520977964,3,780,0.004043953592146363,15,3,780,0.0038461538461538464,5,0
baseline_seed4,4,baseline,100,99,788,4093,0.23760311123857486,16,788,4093,0.19252382115807476,5,3308,0.0032537172628926522,16,5,3308,0.0015114873035066505,2,785,0.0023183643665571378,15,2,785,0.0025477707006369425,3,0
baseline_seed4,4,baseline,100,100,788,4093,0.23727608040849524,16,788,4093,0.19252382115807476,3,3305,0.0014635253511032023,16,3,3305,0.000907715582450832,3,788,0.0029761904761904756,15,3,788,0.0038071065989847717,0,0
baseline_seed4,4,baseline,100,101,795,4093,0.23952680351668787,16,795,4093,0.19423405814805766,8,3305,0.004197823593951981,16,8,3305,0.002420574886535552,1,788,0.0015151515151515152,15,1,788,0.0012690355329949238,7,0
baseline_seed4,4,baseline,100,102,801,4093,0.2413206182688392,16,801,4093,0.195699975568043,7,3298,0.004191263698886993,16,7,3298,0.002122498483929654,1,795,0.0013605442176870747,15,1,795,0.0012578616352201257,6,0
baseline_seed4,4,baseline,100,103,804,4093,0.24202901555284748,16,804,4093,0.19643293427803568,5,3292,0.001494680440983733,16,5,3292,0.0015188335358444715,2,801,0.003181818181818182,15,2,801,0.0024968789013732834,3,0
baseline_seed4,4,baseline,100,104,806,4093,0.2426776946189323,16,806,4093,0.1969215734180308,3,3289,0.0012171938004893767,16,3,3289,0.0009121313469139556,1,804,0.0026666666666666666,15,1,804,0.0012437810945273632,2,0
baseline_seed4,4,baseline,100,105,806,4093,0.242783520057352,16,806,4093,0.1969215734180308,1,3287,0.00028669724770642203,16,1,3287,0.000304228780042592,1,806,0.0015151515151515152,15,1,806,0.0012406947890818859,0,0
baseline_seed4,4,baseline,100,106,808,4093,0.24309458852336657,16,808,4093,0.1974102125580259,2,3287,0.00033434172227109215,16,2,3287,0.000608457560085184,0,806,0.0,15,0,806,0.0,2,0
baseline_seed4,4,baseline,100,107,812,4093,0.24461597615859848,16,812,4093,0.19838749083801613,5,3285,0.002921893028140308,16,5,3285,0.0015220700152207,1,808,0.0015151515151515152,15,1,808,0.0012376237623762376,4,0
baseline_seed4,4,baseline,100,108,811,4093,0.24404873017183193,16,811,4093,0.19814317126801856,1,3281,0.00017265193370165745,16,1,3281,0.00030478512648582747,2,812,0.002383592017738359,15,2,812,0.0024630541871921183,-1,0
baseline_seed4,4,baseline,100,109,815,4093,0.24519536066884445,16,815,4093,0.19912044954800878,5,3282,0.002317316496913517,16,5,3282,0.0015234613040828763,1,811,0.0007662835249042146,15,1,811,0.0012330456226880395,4,0
baseline_seed4,4,baseline,100,110,815,4093,0.24464415120324123,16,815,4093,0.19912044954800878,5,3278,0.0015479471916832715,16,5,3278,0.001525320317266626,5,815,0.007382105077352446,15,5,815,0.006134969325153374,0,0
baseline_seed4,4,baseline,100,111,817,4093,0.24542900796368788,16,817,4093,0.19960908868800392,4,3278,0.0029607445397019797,16,4,3278,0.0012202562538133007,2,815,0.003663003663003663,15,2,815,0.00245398773006135,2,0
baseline_seed4,4,baseline,100,112,818,4093,0.24560151084248116,16,818,4093,0.19985340825800146,4,3276,0.001992715558896051,16,4,3276,0.001221001221001221,3,817,0.0019799943428733062,15,3,817,0.0036719706242350062,1,0
baseline_seed4,4,baseline,100,113,824,4093,0.2477093879043789,16,824,4093,0.2013193256779868,8,3275,0.005053502842124736,16,8,3275,0.0024427480916030535,2,818,0.003156146179401993,15,2,818,0.0024449877750611247,6,0
baseline_seed4,4,baseline,100,114,823,4093,0.2474941456921855,16,823,4093,0.20107500610798926,4,3269,0.0021763962387718336,16,4,3269,0.001223615784643622,5,824,0.007044252044252045,15,5,824,0.006067961165048544,-1,0
baseline_seed4,4,baseline,100,115,825,4093,0.24784459784524895,16,825,4093,0.20156364524798437,5,3270,0.002094702056082168,16,5,3270,0.0015290519877675841,3,823,0.0048139025725232615,15,3,823,0.0036452004860267314,2,0
baseline_seed4,4,baseline,100,116,826,4093,0.2482426870172235,16,826,4093,0.2018079648179819,3,3268,0.0017288853484453762,16,3,3268,0.0009179926560587516,2,825,0.0030651340996168583,15,2,825,0.0024242424242424242,1,0
baseline_seed4,4,baseline,100,117,828,4093,0.24904141721483902,16,828,4093,0.20229660395797702,4,3267,0.0026392094671335332,16,4,3267,0.001224364860728497,2,826,0.0030651340996168583,15,2,826,0.002421307506053269,2,0
baseline_seed4,4,baseline,100,118,830,4093,0.2495268394486726,16,830,4093,0.20278524309797213,5,3265,0.002467219242080757,16,5,3265,0.0015313935681470138,3,828,0.0046824425924510025,15,3,828,0.0036231884057971015,2,0
baseline_seed4,4,baseline,100,119,832,4093,0.2503732959544279,16,832,4093,0.20327388223796727,5,3263,0.0035009045214420467,16,5,3263,0.0015323322096230463,3,830,0.0038328673800571995,15,3,830,0.0036144578313253013,2,0
baseline_seed4,4,baseline,100,120,834,4093,0.25127166117322897,16,834,4093,0.20376252137796239,4,3261,0.001934917875822482,16,4,3261,0.0012266176019625882,2,832,0.005648148148148149,15,2,832,0.002403846153846154,2,0
baseline_seed4,4,baseline,100,121,835,4093,0.2512006661082947,16,835,4093,0.20400684094795993,5,3259,0.0017140385004519557,16,5,3259,0.0015342129487572874,4,834,0.006177280499654197,15,4,834,0.004796163069544364,1,0
baseline_seed4,4,baseline,100,122,835,4093,0.2514671224482357,16,835,4093,0.20400684094795993,4,3258,0.002205196999461169,16,4,3258,0.0012277470841006752,4,835,0.00759957360063206,15,4,835,0.004790419161676647,0,0
baseline_seed4,4,baseline,100,123,837,4093,0.25236655536923785,16,837,4093,0.20449548008795504,4,3258,0.0029532639500457793,16,4,3258,0.0012277470841006752,2,835,0.0038095238095238095,15,2,835,0.0023952095808383233,2,0
baseline_seed4,4,baseline,100,124,837,4093,0.2522216269527402,16,837,4093,0.20449548008795504,2,3256,0.0008322203334952242,16,2,3256,0.0006142506142506142,2,837,0.0014652014652014654,15,2,837,0.0023894862604540022,0,0
baseline_seed4,4,baseline,100,125,839,4093,0.25302290900402225,16,839,4093,0.20498411922795015,4,3256,0.002325390614260801,16,4,3256,0.0012285012285012285,2,837,0.006666666666666667,15,2,837,0.0023894862604540022,2,0
baseline_seed4,4,baseline,100,126,843,4093,0.2538734670001156,16,843,4093,0.20596139750794037,5,3254,0.001517483767041939,16,5,3254,0.0015365703749231714,1,839,0.0007326007326007327,15,1,839,0.0011918951132300357,4,0
baseline_seed4,4,baseline,100,127,842,4093,0.2538772757674799,16,842,4093,0.20571707793794283,3,3250,0.0015393867585810714,16,3,3250,0.0009230769230769231,4,843,0.011412114605622619,15,4,843,0.004744958481613286,-1,0
baseline_seed4,4,baseline,100,128,843,4093,0.25420684914250785,16,843,4093,0.20596139750794037,4,3251,0.0012672806234675078,16,4,3251,0.0012303906490310674,3,842,0.00861111111111111,15,3,842,0.0035629453681710215,1,0
baseline_seed4,4,baseline,200,0,0,4093,0.0,16,0,4093,0.0,,,,,,,,,,,,,,,,
baseline_seed4,4,baseline,200,1,3,4093,0.0009166542178067732,16,3,4093,0.0007329587099926704,3,4093,0.0009166542178067732,16,3,4093,0.0007329587099926704,0,0,,0,0,0,,3,0
baseline_seed4,4,baseline,200,2,10,4093,0.0030451427036622446,16,10,4093,0.002443195699975568,8,4090,0.0023045351825447327,16,8,4090,0.0019559902200488996,1,3,0.3333333333333333,3,1,3,0.3333333333333333,7,0
baseline_seed4,4,baseline,200,3,25,4093,0.007892124072461017,16,25,4093,0.00610798924993892,19,4083,0.006109890659284276,16,19,4083,0.004653441097232427,4,10,0.4444444444444444,9,4,10,0.4,15,0
baseline_seed4,4,baseline,200,4,172,4093,0.04688872266460799,16,172,4093,0.04202296603957977,154,4068,0.04175374610633009,16,154,4068,0.037856440511307765,7,25,0.4090909090909091,11,7,25,0.28,147,0
baseline_seed4,4,baseline,200,5,591,4093,0.1642373683368344,16,591,4093,0.14439286586855607,431,3921,0.12656610479638863,16,431,3921,0.10992093853608774,12,172,0.08106060606060606,16,12,172,0.06976744186046512,419,0
baseline_seed4,4,baseline,200,6,758,4093,0.21158389469922773,16,758,4093,0.18519423405814806,172,3502,0.06140151033907888,16,172,3502,0.04911479154768703,5,591,0.007794022151651193,16,5,591,0.008460236886632826,167,0
baseline_seed4,4,baseline,200,7,866,4093,0.24231157007458035,16,866,4093,0.2115807476178842,110,3335,0.0426506863180231,16,110,3335,0.03298350824587706,2,758,0.002381993006993007,16,2,758,0.002638522427440633,108,0
baseline_seed4,4,baseline,200,8,994,4093,0.2783636993172328,16,994,4093,0.24285365257757147,129,3227,0.05263803833887574,16,129,3227,0.039975209172606135,1,866,0.0011574074074074073,16,1,866,0.0011547344110854503,128,0
baseline_seed4,4,baseline,200,9,1114,4093,0.3121281842855678,16,1114,4093,0.2721720009772783,124,3099,0.0547503426897256,16,124,3099,0.040012907389480476,4,994,0.004208099746764438,16,4,994,0.004024144869215292,120,0
baseline_seed4,4,baseline,200,10,1230,4093,0.34511091575341857,16,1230,4093,0.3005130710969949,117,2979,0.05794235611111825,16,117,2979,0.03927492447129909,1,1114,0.0008680555555555555,16,1,1114,0.0008976660682226212,116,0
baseline_seed4,4,baseline,200,11,1335,4093,0.3763144809524005,16,1335,4093,0.32616662594673834,108,2863,0.06318649821543995,16,108,2863,0.037722668529514496,3,1230,0.0026376922823001256,16,3,1230,0.0024390243902439024,105,0
baseline_seed4,4,baseline,200,12,1428,4093,0.4048085659327472,16,1428,4093,0.34888834595651114,99,2758,0.06766645117412318,16,99,2758,0.03589557650471356,6,1335,0.005542088097524534,16,6,1335,0.0044943820224719105,93,0
baseline_seed4,4,baseline,200,13,1508,4093,0.4287702667614762,16,1508,4093,0.36843391155631566,93,2665,0.0670146370122937,16,93,2665,0.0348968105065666,13,1428,0.008537286471084475,16,13,1428,0.009103641456582634,80,0
baseline_seed4,4,baseline,200,14,1576,4093,0.4487746625896774,16,1576,4093,0.3850476423161495,85,2585,0.06838809650229155,16,85,2585,0.03288201160541586,17,1508,0.009904894913033611,16,17,1508,0.011273209549071617,68,0
baseline_seed4,4,baseline,200,15,1635,4093,0.4653747959607338,16,1635,4093,0.3994624969460054,76,2517,0.06550773150350936,16,76,2517,0.030194676201827572,17,1576,0.008987009478828667,16,17,1576,0.010786802030456852,59,0
baseline_seed4,4,baseline,200,16,1713,4093,0.48786184104275665,16,1713,4093,0.4185194234058148,86,2458,0.08263895663190539,16,86,2458,0.03498779495524817,8,1635,0.00350609756097561,16,8,1635,0.004892966360856269,78,0
baseline_seed4,4,baseline,200,17,1786,4093,0.5077727906897798,16,1786,4093,0.43635475201563645,79,2380,0.09031072487940435,16,79,2380,0.03319327731092437,6,1713,0.0031572563708148218,16,6,1713,0.0035026269702276708,73,0
baseline_seed4,4,baseline,200,18,1846,4093,0.5234243169962115,16,1846,4093,0.45101392621548986,63,2307,0.07497209785104544,16,63,2307,0.027308192457737322,3,1786,0.0021232566588582336,16,3,1786,0.0016797312430011197,60,0
baseline_seed4,4,baseline,200,19,1906,4093,0.5379968363266319,16,1906,4093,0.46567310041534327,64,2247,0.0487928608880037,16,64,2247,0.02848242100578549,4,1846,0.002068052252911408,16,4,1846,0.0021668472372697724,60,0
baseline_seed4,4,baseline,200,20,1970,4093,0.5544420906352924,16,1970,4093,0.4813095528951869,70,2187,0.0961504606173359,16,70,2187,0.03200731595793324,6,1906,0.0026306991439671813,16,6,1906,0.0031479538300104933,64,0
baseline_seed4,4,baseline,200,21,2030,4093,0.5696876788250315,16,2030,4093,0.4959687270950403,62,2123,0.13745141291905627,16,62,2123,0.02920395666509656,2,1970,0.0010174338667986581,16,2,1970,0.0010152284263959391,60,0
baseline_seed4,4,baseline,200,22,2071,4093,0.580484627185806,16,2071,4093,0.5059858294649402,46,2063,0.17302452890603737,16,46,2063,0.022297624818225885,5,2030,0.0019528789923526767,16,5,2030,0.0024630541871921183,41,0
baseline_seed4,4,baseline,200,23,2126,4093,0.5918983121054633,16,2126,4093,0.5194234058148057,59,2022,0.03876491900665238,15,59,2022,0.029179030662710187,4,2071,0.002090089106430445,16,4,2071,0.001931434089811685,55,0
baseline_seed4,4,baseline,200,24,2193,4093,0.6081622992112992,16,2193,4093,0.5357928170046421,68,1967,0.12144877760461088,15,68,1967,0.03457041179461108,1,2126,0.00042517006802721087,16,1,2126,0.00047036688617121356,67,0
baseline_seed4,4,baseline,200,25,2243,4093,0.6201619665791172,16,2243,4093,0.5480087955045199,54,1900,0.18983416797908512,15,54,1900,0.028421052631578948,4,2193,0.0023972362451728877,16,4,2193,0.001823985408116735,50,0
baseline_seed4,4,baseline,200,26,2292,4093,0.6318142591235263,16,2292,4093,0.5599804544344001,50,1850,0.0791814443369275,13,50,1850,0.02702702702702703,1,2243,0.0005896226415094339,16,1,2243,0.00044583147570218456,49,0
baseline_seed4,4,baseline,200,27,2339,4093,0.6433577483331405,16,2339,4093,0.5714634742242853,50,1801,0.08941180723023932,13,50,1801,0.0277623542476402,3,2292,0.0013249341238471674,16,3,2292,0.0013089005235602095,47,0
baseline_seed4,4,baseline,200,28,2378,4093,0.6530891817696796,16,2378,4093,0.5809919374541901,43,1754,0.11431191698647362,13,43,1754,0.02451539338654504,4,2339,0.0018120084172524916,16,4,2339,0.0017101325352714834,39,0
baseline_seed4,4,baseline,200,29,2421,4093,0.6630393574452216,16,2421,4093,0.591497678964085,45,1715,0.04174430673921642,12,45,1715,0.026239067055393587,2,2378,0.0009566697706902573,16,2,2378,0.0008410428931875525,43,0
baseline_seed4,4,baseline,200,30,2461,4093,0.672036228482583,16,2461,4093,0.6012704617639872,40,1672,0.0342704204404709,12,40,1672,0.023923444976076555,0,2421,0.0,16,0,2421,0.0,40,0
baseline_seed4,4,baseline,200,31,2497,4093,0.6799925569883365,16,2497,4093,0.6100659662838993,38,1632,0.04644319837780781,12,38,1632,0.023284313725490197,2,2461,0.0011262175324675324,16,2,2461,0.0008126777732629012,36,0
baseline_seed4,4,baseline,200,32,2522,4093,0.6859612802781552,16,2522,4093,0.6161739555338382,28,1596,0.040391188419635356,12,28,1596,0.017543859649122806,3,2497,0.0009615384615384616,16,3,2497,0.0012014417300760913,25,0
baseline_seed4,4,baseline,200,33,2544,4093,0.6907781737345945,16,2544,4093,0.6215489860737845,23,1571,0.04199924622831696,12,23,1571,0.01464035646085296,1,2522,0.0005081300813008131,16,1,2522,0.0003965107057890563,22,0
baseline_seed4,4,baseline,200,34,2569,4093,0.6964805261875047,16,2569,4093,0.6276569753237234,26,1549,0.06857010745822317,12,26,1549,0.016785022595222725,1,2544,0.00038109756097560977,16,1,2544,0.00039308176100628933,25,0
baseline_seed4,4,baseline,200,35,2593,4093,0.7017579960880164,16,2593,4093,0.6335206450036648,25,1524,0.0778328237050941,12,25,1524,0.016404199475065617,1,2569,0.00037425149700598805,16,1,2569,0.00038925652004671076,24,0
baseline_seed4,4,baseline,200,36,2619,4093,0.7074038876900934,16,2619,4093,0.6398729538236013,26,1500,0.10857188488353885,12,26,1500,0.017333333333333333,0,2593,0.0,16,0,2593,0.0,26,0
baseline_seed4,4,baseline,200,37,2640,4093,0.7114604945926003,16,2640,4093,0.64500366479355,23,1474,0.023660486646826028,11,23,1474,0.015603799185888738,2,2619,0.0009111842105263158,16,2,2619,0.0007636502481863307,21,0
baseline_seed4,4,baseline,200,38,2661,4093,0.7161727428255034,16,2661,4093,0.6501343757634986,23,1453,0.02742082845648809,11,23,1453,0.015829318651066758,2,2640,0.0009058441558441559,16,2,2640,0.0007575757575757576,21,0
baseline_seed4,4,baseline,200,39,2688,4093,0.7225773473725714,16,2688,4093,0.6567310041534327,28,1432,0.03822260690279404,11,28,1432,0.019553072625698324,1,2661,0.00048828125,16,1,2661,0.0003757985719654265,27,0
baseline_seed4,4,baseline,200,40,2713,4093,0.7284606443309882,16,2713,4093,0.6628389934033716,25,1405,0.032989471728524976,11,25,1405,0.017793594306049824,0,2688,0.0,16,0,2688,0.0,25,0
baseline_seed4,4,baseline,200,41,2730,4093,0.7321599463758071,16,2730,4093,0.6669924260933301,18,1380,0.021825630424899743,11,18,1380,0.013043478260869565,1,2713,0.00040064102564102563,16,1,2713,0.00036859565057132326,17,0
baseline_seed4,4,baseline,200,42,2749,4093,0.7358779305715254,16,2749,4093,0.6716344979232837,20,1363,0.016611331553892997,11,20,1363,0.014673514306676448,1,2730,0.0003980891719745223,16,1,2730,0.0003663003663003663,19,0
baseline_seed4,4,baseline,200,43,2769,4093,0.7402546845301334,16,2769,4093,0.6765208893232348,21,1344,0.025069374616502483,11,21,1344,0.015625,1,2749,0.00039556962025316455,16,1,2749,0.0003637686431429611,20,0
baseline_seed4,4,baseline,200,44,2794,4093,0.74605157644134,16,2794,4093,0.6826288785731737,25,1324,0.03976094592494358,11,25,1324,0.0188821752265861,0,2769,0.0,16,0,2769,0.0,25,0
baseline_seed4,4,baseline,200,45,2814,4093,0.7506283841353718,16,2814,4093,0.6875152699731248,20,1299,0.029278994530190703,11,20,1299,0.015396458814472672,0,2794,0.0,16,0,2794,0.0,20,0
baseline_seed4,4,baseline,200,46,2829,4093,0.754590248522034,16,2829,4093,0.6911800635230883,17,1279,0.03950324786957688,11,17,1279,0.013291634089132134,2,2814,0.0007668711656441718,16,2,2814,0.0007107320540156361,15,0
baseline_seed4,4,baseline,200,47,2848,4093,0.7597345481442579,16,2848,4093,0.6958221353530418,20,1264,0.07029529276394873,11,20,1264,0.015822784810126583,1,2829,0.00038109756097560977,16,1,2829,0.0003534817956875221,19,0
baseline_seed4,4,baseline,200,48,2865,4093,0.7640977095232546,16,2865,4093,0.6999755680430002,19,1245,0.048887612475835104,11,19,1245,0.015261044176706828,2,2848,0.0009454183049366536,16,2,2848,0.0007022471910112359,17,0
baseline_seed4,4,baseline,200,49,2885,4093,0.768678965912761,16,2885,4093,0.7048619594429514,20,1228,0.04437875988168696,11,20,1228,0.016286644951140065,0,2865,0.0,16,0,2865,0.0,20,0
baseline_seed4,4,baseline,200,50,2897,4093,0.7720318264629386,16,2897,4093,0.7077937942829221,13,1208,0.08487345109968943,11,13,1208,0.01076158940397351,1,2885,0.00043706293706293706,16,1,2885,0.0003466204506065858,12,0
baseline_seed4,4,baseline,200,51,2914,4093,0.7759332474061061,16,2914,4093,0.7119472269728805,17,1196,0.11960506585372199,11,17,1196,0.014214046822742474,0,2897,0.0,16,0,2897,0.0,17,0
baseline_seed4,4,baseline,200,52,2931,4093,0.7800511031485919,16,2931,4093,0.716100659662839,17,1179,0.06007132544519254,10,17,1179,0.01441899915182358,0,2914,0.0,16,0,2914,0.0,17,0
baseline_seed4,4,baseline,200,53,2944,4093,0.7834074976575751,16,2944,4093,0.7192768140728072,14,1162,0.06310954446011655,10,14,1162,0.012048192771084338,1,2931,0.00043402777777777775,16,1,2931,0.000341180484476288,13,0
baseline_seed4,4,baseline,200,54,2959,4093,0.7866764055125457,16,2959,4093,0.7229416076227706,16,1149,0.016512478745373482,10,16,1149,0.01392515230635335,1,2944,0.00043402777777777775,16,1,2944,0.00033967391304347825,15,0
baseline_seed4,4,baseline,200,55,2970,4093,0.7892099058848026,16,2970,4093,0.7256291228927437,11,1134,0.1077859385535358,10,11,1134,0.009700176366843033,0,2959,0.0,16,0,2959,0.0,11,0
baseline_seed4,4,baseline,200,56,2978,4093,0.7907317400863294,16,2978,4093,0.7275836794527242,10,1123,0.010412695010412214,9,10,1123,0.008904719501335707,2,2970,0.0007461314941884891,16,2,2970,0.0006734006734006734,8,0
baseline_seed4,4,baseline,200,57,2991,4093,0.7930124609357028,16,2991,4093,0.7307598338626924,13,1115,0.01200614332262773,9,13,1115,0.011659192825112108,0,2978,0.0,16,0,2978,0.0,13,0
baseline_seed4,4,baseline,200,58,3005,4093,0.7955237357178534,16,3005,4093,0.7341803078426582,16,1102,0.016195865125909672,9,16,1102,0.014519056261343012,2,2991,0.0007284430937750467,16,2,2991,0.0006686726847208291,14,0
baseline_seed4,4,baseline,200,59,3025,4093,0.7992838059548841,16,3025,4093,0.7390666992426094,22,1088,0.02339518169292125,9,22,1088,0.02022058823529412,2,3005,0.0006329154489052966,16,2,3005,0.0006655574043261231,20,0
baseline_seed4,4,baseline,200,60,3044,4093,0.8025707835362857,16,3044,4093,0.743708771072563,20,1068,0.01892282936215149,9,20,1068,0.018726591760299626,1,3025,0.0004166666666666667,16,1,3025,0.00033057851239669424,19,0
baseline_seed4,4,baseline,200,61,3062,4093,0.8059069249826305,16,3062,4093,0.7481065233325189,21,1049,0.02483919246150026,9,21,1049,0.02001906577693041,3,3044,0.0010467133885192898,16,3,3044,0.0009855453350854138,18,0
baseline_seed4,4,baseline,200,62,3082,4093,0.8098117979455582,16,3082,4093,0.7529929147324701,21,1031,0.027814593533239475,9,21,1031,0.020368574199806012,1,3062,0.0004139072847682119,16,1,3062,0.00032658393207054214,20,0
baseline_seed4,4,baseline,200,63,3097,4093,0.8131052222385268,16,3097,4093,0.7566577082824334,15,1011,0.022309263333499117,9,15,1011,0.01483679525222552,0,3082,0.0,16,0,3082,0.0,15,0
baseline_seed4,4,baseline,200,64,3113,4093,0.8162609392244226,16,3113,4093,0.7605668214023943,18,996,0.021336829374156957,9,18,996,0.018072289156626505,2,3097,0.0006951960076960077,16,2,3097,0.0006457862447529867,16,0
baseline_seed4,4,baseline,200,65,3136,4093,0.8206119330750474,16,3136,4093,0.7661861715123381,24,980,0.03296510054526785,9,24,980,0.024489795918367346,1,3113,0.00045955882352941176,16,1,3113,0.00032123353678124,23,0
baseline_seed4,4,baseline,200,66,3155,4093,0.8243695278018534,16,3155,4093,0.7708282433422917,19,957,0.02822854047490982,9,19,957,0.019853709508881923,0,3136,0.0,16,0,3136,0.0,19,0
baseline_seed4,4,baseline,200,67,3166,4093,0.8264613749279831,16,3166,4093,0.7735157586122648,11,938,0.015986028837127724,9,11,938,0.011727078891257996,0,3155,0.0,16,0,3155,0.0,11,0
baseline_seed4,4,baseline,200,68,3180,4093,0.8293020394133095,16,3180,4093,0.7769362325922307,14,927,0.024471136881007625,9,14,927,0.015102481121898598,0,3166,0.0,16,0,3166,0.0,14,0
baseline_seed4,4,baseline,200,69,3194,4093,0.8320793355630411,16,3194,4093,0.7803567065721965,15,913,0.021743946021989695,9,15,913,0.01642935377875137,1,3180,0.00038819875776397513,16,1,3180,0.00031446540880503143,14,0
baseline_seed4,4,baseline,200,70,3207,4093,0.8348392676524999,16,3207,4093,0.7835328609821647,13,899,0.024239147775380825,9,13,899,0.014460511679644048,0,3194,0.0,16,0,3194,0.0,13,0
baseline_seed4,4,baseline,200,71,3219,4093,0.8371540397817829,16,3219,4093,0.7864646958221354,12,886,0.019458164033512106,9,12,886,0.013544018058690745,0,3207,0.0,16,0,3207,0.0,12,0
baseline_seed4,4,baseline,200,72,3232,4093,0.8396725711182793,16,3232,4093,0.7896408502321036,13,874,0.020657766587416096,9,13,874,0.014874141876430207,0,3219,0.0,16,0,3219,0.0,13,0
baseline_seed4,4,baseline,200,73,3241,4093,0.8415214904154125,16,3241,4093,0.7918397263620816,9,861,0.012869077445503746,9,9,861,0.010452961672473868,0,3232,0.0,16,0,3232,0.0,9,0
baseline_seed4,4,baseline,200,74,3253,4093,0.8438326341230196,16,3253,4093,0.7947715612020523,12,852,0.012956607056981227,9,12,852,0.014084507042253521,0,3241,0.0,16,0,3241,0.0,12,0
baseline_seed4,4,baseline,200,75,3262,4093,0.8457444328052688,16,3262,4093,0.7969704373320303,9,840,0.011950922028441408,9,9,840,0.010714285714285714,0,3253,0.0,16,0,3253,0.0,9,0
baseline_seed4,4,baseline,200,76,3269,4093,0.8470931724570488,16,3269,4093,0.7986806743220132,7,831,0.006923788121781717,9,7,831,0.00842358604091456,0,3262,0.0,16,0,3262,0.0,7,0
baseline_seed4,4,baseline,200,77,3282,4093,0.8496822600517354,16,3282,4093,0.8018568287319814,13,824,0.012653107674495125,9,13,824,0.015776699029126214,0,3269,0.0,16,0,3269,0.0,13,0
baseline_seed4,4,baseline,200,78,3291,4093,0.8513338245772442,16,3291,4093,0.8040557048619594,9,811,0.00732099041505717,9,9,811,0.011097410604192354,0,3282,0.0,16,0,3282,0.0,9,0
baseline_seed4,4,baseline,200,79,3299,4093,0.8527728351710002,16,3299,4093,0.8060102614219399,8,802,0.0073713701985806245,9,8,802,0.00997506234413965,0,3291,0.0,16,0,3291,0.0,8,0
baseline_seed4,4,baseline,200,80,3314,4093,0.8554781315358713,16,3314,4093,0.8096750549719033,15,794,0.014159423906176666,9,15,794,0.018891687657430732,0,3299,0.0,16,0,3299,0.0,15,0
baseline_seed4,4,baseline,200,81,3327,4093,0.8577466076970841,16,3327,4093,0.8128512093818715,13,779,0.012183224401910466,9,13,779,0.01668806161745828,0,3314,0.0,16,0,3314,0.0,13,0
baseline_seed4,4,baseline,200,82,3334,4093,0.8592683861983674,16,3334,4093,0.8145614463718543,7,766,0.01383388795125738,9,7,766,0.009138381201044387,0,3327,0.0,16,0,3327,0.0,7,0
baseline_seed4,4,baseline,200,83,3340,4093,0.8607263163754475,16,3340,4093,0.8160273637918397,6,759,0.019083613316438965,9,6,759,0.007905138339920948,0,3334,0.0,16,0,3334,0.0,6,0
baseline_seed4,4,baseline,200,84,3350,4093,0.8626946770283683,16,3350,4093,0.8184705594918152,10,753,0.02241911727117041,9,10,753,0.013280212483399735,0,3340,0.0,16,0,3340,0.0,10,0
baseline_seed4,4,baseline,200,85,3363,4093,0.865241415259433,16,3363,4093,0.8216467139017836,13,743,0.02334074927696013,9,13,743,0.017496635262449527,0,3350,0.0,16,0,3350,0.0,13,0
baseline_seed4,4,baseline,200,86,3370,4093,0.8667569986054929,16,3370,4093,0.8233569508917664,7,730,0.017302157836256785,9,7,730,0.009589041095890411,0,3363,0.0,16,0,3363,0.0,7,0
baseline_seed4,4,baseline,200,87,3375,4093,0.8674513981027323,16,3375,4093,0.8245785487417542,6,723,0.006425793973753513,9,6,723,0.008298755186721992,1,3370,0.000361271676300578,16,1,3370,0.0002967359050445104,5,0
baseline_seed4,4,baseline,200,88,3389,4093,0.8702012723384337,16,3389,4093,0.82799902272172,14,718,0.026883917891374527,9,14,718,0.019498607242339833,0,3375,0.0,16,0,3375,0.0,14,0
baseline_seed4,4,baseline,200,89,3397,4093,0.8722517096654525,16,3397,4093,0.8299535792817004,8,704,0.03730779072742922,9,8,704,0.011363636363636364,0,3389,0.0,16,0,3389,0.0,8,0
baseline_seed4,4,baseline,200,90,3406,4093,0.8739862184177245,16,3406,4093,0.8321524554116785,9,696,0.016239338226887105,9,9,696,0.01293103448275862,0,3397,0.0,16,0,3397,0.0,9,0
baseline_seed4,4,baseline,200,91,3417,4093,0.876193584796668,16,3417,4093,0.8348399706816516,11,687,0.030421609075045302,9,11,687,0.01601164483260553,0,3406,0.0,16,0,3406,0.0,11,0
baseline_seed4,4,baseline,200,92,3425,4093,0.877974986997092,16,3425,4093,0.8367945272416321,8,676,0.03249292855027622,9,8,676,0.011834319526627219,0,3417,0.0,16,0,3417,0.0,8,0
baseline_seed4,4,baseline,200,93,3431,4093,0.8793827641377359,16,3431,4093,0.8382604446616174,6,668,0.030158944803975227,9,6,668,0.008982035928143712,0,3425,0.0,16,0,3425,0.0,6,0
baseline_seed4,4,baseline,200,94,3441,4093,0.8816244252677328,16,3441,4093,0.840703640361593,10,662,0.05966647526079051,9,10,662,0.015105740181268883,0,3431,0.0,16,0,3431,0.0,10,0
baseline_seed4,4,baseline,200,95,3451,4093,0.8837655124152057,16,3451,4093,0.8431468360615685,10,652,0.061942734623147,9,10,652,0.015337423312883436,0,3441,0.0,16,0,3441,0.0,10,0
baseline_seed4,4,baseline,200,96,3459,4093,0.8853051786379746,16,3459,4093,0.845101392621549,8,642,0.024243498817966905,9,8,642,0.012461059190031152,0,3451,0.0,16,0,3451,0.0,8,0
baseline_seed4,4,baseline,200,97,3466,4093,0.8868834267020098,16,3466,4093,0.8468116296115319,7,634,0.08700433981332857,9,7,634,0.011041009463722398,0,3459,0.0,16,0,3459,0.0,7,0
baseline_seed4,4,baseline,200,98,3471,4093,0.8878453338112222,16,3471,4093,0.8480332274615197,5,627,0.028255404725992958,9,5,627,0.007974481658692184,0,3466,0.0,16,0,3466,0.0,5,0
baseline_seed4,4,baseline,200,99,3476,4093,0.8888317039690415,16,3476,4093,0.8492548253115074,5,622,0.045523193096008635,9,5,622,0.008038585209003215,0,3471,0.0,16,0,3471,0.0,5,0
baseline_seed4,4,baseline,200,100,3481,4093,0.8898923288778324,16,3481,4093,0.8504764231614952,5,617,0.1333963304197181,9,5,617,0.008103727714748784,0,3476,0.0,16,0,3476,0.0,5,0
baseline_seed4,4,baseline,200,101,3482,4093,0.8900965772438456,16,3482,4093,0.8507207427314928,1,612,0.025,8,1,612,0.0016339869281045752,0,3481,0.0,16,0,3481,0.0,1,0
baseline_seed4,4,baseline,200,102,3484,4093,0.8905050739758718,16,3484,4093,0.8512093818714879,2,611,0.0625,8,2,611,0.0032733224222585926,0,3482,0.0,16,0,3482,0.0,2,0
baseline_seed4,4,baseline,200,103,3484,4093,0.8905050739758718,16,3484,4093,0.8512093818714879,0,609,0.0,8,0,609,0.0,0,3484,0.0,16,0,3484,0.0,0,0
baseline_seed4,4,baseline,200,104,3486,4093,0.8908839033474714,16,3486,4093,0.8516980210114831,2,609,0.06404320987654322,8,2,609,0.003284072249589491,0,3484,0.0,16,0,3484,0.0,2,0
baseline_seed4,4,baseline,200,105,3489,4093,0.8914609233774482,16,3489,4093,0.8524309797214757,3,607,0.006120968957203134,8,3,607,0.004942339373970346,0,3486,0.0,16,0,3486,0.0,3,0
baseline_seed4,4,baseline,200,106,3491,4093,0.8918937688458447,16,3491,4093,0.8529196188614708,2,604,0.006790611814345991,8,2,604,0.0033112582781456954,0,3489,0.0,16,0,3489,0.0,2,0
baseline_seed4,4,baseline,200,107,3497,4093,0.8931223375902752,16,3497,4093,0.8543855362814562,6,602,0.13971571906354513,8,6,602,0.009966777408637873,0,3491,0.0,16,0,3491,0.0,6,0
baseline_seed4,4,baseline,200,108,3501,4093,0.8939828242152486,16,3501,4093,0.8553628145614464,4,596,0.01689956858199246,7,4,596,0.006711409395973154,0,3497,0.0,16,0,3497,0.0,4,0
baseline_seed4,4,baseline,200,109,3504,4093,0.8944980147913144,16,3504,4093,0.856095773271439,3,592,0.005014005602240897,7,3,592,0.005067567567567568,0,3501,0.0,16,0,3501,0.0,3,0
baseline_seed4,4,baseline,200,110,3511,4093,0.8957795492608718,16,3511,4093,0.8578060102614219,7,589,0.012220388509048302,7,7,589,0.011884550084889643,0,3504,0.0,16,0,3504,0.0,7,0
baseline_seed4,4,baseline,200,111,3517,4093,0.8969916806863509,16,3517,4093,0.8592719276814073,7,582,0.018471267572280976,7,7,582,0.012027491408934709,1,3511,0.0003109452736318408,16,1,3511,0.0002848191398461977,6,0
baseline_seed4,4,baseline,200,112,3522,4093,0.8978967068517192,16,3522,4093,0.860493525531395,5,576,0.009737653045224212,7,5,576,0.008680555555555556,0,3517,0.0,16,0,3517,0.0,5,0
baseline_seed4,4,baseline,200,113,3526,4093,0.8987329774499202,16,3526,4093,0.8614708038113853,4,571,0.012069557529402088,7,4,571,0.0070052539404553416,0,3522,0.0,16,0,3522,0.0,4,0
baseline_seed4,4,baseline,200,114,3531,4093,0.8997318077182671,16,3531,4093,0.8626924016613731,5,567,0.022822879151660664,7,5,567,0.008818342151675485,0,3526,0.0,16,0,3526,0.0,5,0
baseline_seed4,4,baseline,200,115,3537,4093,0.9008101408059233,16,3537,4093,0.8641583190813584,6,562,0.022272548841984482,7,6,562,0.010676156583629894,0,3531,0.0,16,0,3531,0.0,6,0
baseline_seed4,4,baseline,200,116,3543,4093,0.9018971471001463,16,3543,4093,0.8656242365013438,6,556,0.012805322605205843,7,6,556,0.01079136690647482,0,3537,0.0,16,0,3537,0.0,6,0
baseline_seed4,4,baseline,200,117,3549,4093,0.9030822917316368,16,3549,4093,0.867090153921329,6,550,0.02602536491407314,7,6,550,0.01090909090909091,0,3543,0.0,16,0,3543,0.0,6,0
baseline_seed4,4,baseline,200,118,3553,4093,0.9039427783566102,16,3553,4093,0.8680674322013193,4,544,0.02766439909297052,7,4,544,0.007352941176470588,0,3549,0.0,16,0,3549,0.0,4,0
baseline_seed4,4,baseline,200,119,3556,4093,0.9044613170615503,16,3556,4093,0.868800390911312,3,540,0.006213431367472687,7,3,540,0.005555555555555556,0,3553,0.0,16,0,3553,0.0,3,0
baseline_seed4,4,baseline,200,120,3566,4093,0.9065063709563563,16,3566,4093,0.8712435866112875,10,537,0.04390307181403071,7,10,537,0.0186219739292365,0,3556,0.0,16,0,3556,0.0,10,0
baseline_seed4,4,baseline,200,121,3571,4093,0.9074577551296931,16,3571,4093,0.8724651844612753,5,527,0.026926977687626776,7,5,527,0.009487666034155597,0,3566,0.0,16,0,3566,0.0,5,0
baseline_seed4,4,baseline,200,122,3580,4093,0.9092155808188823,16,3580,4093,0.8746640605912533,9,522,0.07269526630428887,7,9,522,0.017241379310344827,0,3571,0.0,16,0,3571,0.0,9,0
baseline_seed4,4,baseline,200,123,3586,4093,0.9104809892575785,16,3586,4093,0.8761299780112387,7,513,0.049949886439556175,7,7,513,0.01364522417153996,1,3580,0.00030339805825242716,16,1,3580,0.00027932960893854746,6,0
baseline_seed4,4,baseline,200,124,3597,4093,0.9125032102985455,16,3597,4093,0.8788174932812118,11,507,0.020926821015642225,7,11,507,0.021696252465483234,0,3586,0.0,16,0,3586,0.0,11,0
baseline_seed4,4,baseline,200,125,3609,4093,0.9148645369711861,16,3609,4093,0.8817493281211825,12,496,0.11855782997887601,7,12,496,0.024193548387096774,0,3597,0.0,16,0,3597,0.0,12,0
baseline_seed4,4,baseline,200,126,3618,4093,0.9165188021486578,16,3618,4093,0.8839482042511605,9,484,0.018939318457073036,7,9,484,0.01859504132231405,0,3609,0.0,16,0,3609,0.0,9,0
baseline_seed4,4,baseline,200,127,3626,4093,0.9180162940674506,16,3626,4093,0.8859027608111409,8,475,0.018621446424241454,7,8,475,0.016842105263157894,0,3618,0.0,16,0,3618,0.0,8,0
baseline_seed4,4,baseline,200,128,3634,4093,0.9194518357664595,16,3634,4093,0.8878573173711214,8,467,0.16168378176158357,7,8,467,0.017130620985010708,0,3626,0.0,16,0,3626,0.0,8,0
baseline_seed4,4,baseline,300,0,0,4093,0.0,16,0,4093,0.0,,,,,,,,,,,,,,,,
baseline_seed4,4,baseline,300,1,4,4093,0.00117707088447344,16,4,4093,0.0009772782799902272,4,4093,0.00117707088447344,16,4,4093,0.0009772782799902272,0,0,,0,0,0,,4,0
baseline_seed4,4,baseline,300,2,16,4093,0.004995688562579342,16,16,4093,0.003909113119960909,12,4089,0.0038246706265883355,16,12,4089,0.00293470286133529,0,4,0.0,4,0,4,0.0,12,0
baseline_seed4,4,baseline,300,3,260,4093,0.06983695605756489,16,260,4093,0.06352308819936477,246,4077,0.06601480645578453,16,246,4077,0.06033848417954378,2,16,0.16666666666666666,12,2,16,0.125,244,0
baseline_seed4,4,baseline,300,4,509,4093,0.14100993089823555,16,509,4093,0.12435866112875642,251,3833,0.0775155501067799,16,251,3833,0.06548395512653274,2,260,0.008971291866028708,16,2,260,0.007692307692307693,249,0
baseline_seed4,4,baseline,300,5,576,4093,0.16002316549135126,16,576,4093,0.14072807231859272,69,3584,0.023225076620098362,16,69,3584,0.019252232142857144,2,509,0.00418918918918919,16,2,509,0.003929273084479371,67,0
baseline_seed4,4,baseline,300,6,730,4093,0.20448315500121733,16,730,4093,0.17835328609821646,156,3517,0.05574433179358841,16,156,3517,0.044355985214671594,2,576,0.004166666666666667,16,2,576,0.003472222222222222,154,0
baseline_seed4,4,baseline,300,7,883,4093,0.24810970914738606,16,883,4093,0.21573418030784267,154,3363,0.05910980730888567,16,154,3363,0.04579244721974428,1,730,0.001488095238095238,16,1,730,0.0013698630136986301,153,0
baseline_seed4,4,baseline,300,8,1026,4093,0.2885854457036333,16,1026,4093,0.25067187881749325,144,3210,0.0597501999815678,16,144,3210,0.044859813084112146,1,883,0.0011363636363636363,16,1,883,0.0011325028312570782,143,0
baseline_seed4,4,baseline,300,9,1161,4093,0.3268740992184954,16,1161,4093,0.2836550207671634,136,3067,0.0627856754664453,16,136,3067,0.04434300619497881,1,1026,0.0006720430107526882,16,1,1026,0.0009746588693957114,135,0
baseline_seed4,4,baseline,300,10,1285,4093,0.3621052351268486,16,1285,4093,0.3139506474468605,125,2932,0.06574303767700955,16,125,2932,0.04263301500682128,1,1161,0.0011160714285714285,16,1,1161,0.0008613264427217916,124,0
baseline_seed4,4,baseline,300,11,1376,4093,0.3895245106194018,16,1376,4093,0.3361837283166382,97,2808,0.061122247054947815,16,97,2808,0.03454415954415954,6,1285,0.004274238585693915,16,6,1285,0.004669260700389105,91,0
baseline_seed4,4,baseline,300,12,1424,4093,0.40429186829591857,16,1424,4093,0.3479110676765209,55,2717,0.04060749600736398,16,55,2717,0.020242914979757085,7,1376,0.006037516101854337,16,7,1376,0.005087209302325582,48,0
baseline_seed4,4,baseline,300,13,1490,4093,0.4235657549014863,16,1490,4093,0.36403615929635963,66,2669,0.04772579835617054,16,66,2669,0.024728362682652678,0,1424,0.0,16,0,1424,0.0,66,0
baseline_seed4,4,baseline,300,14,1596,4093,0.4528606522937869,16,1596,4093,0.38993403371610064,106,2603,0.07951798586802719,16,106,2603,0.040722243565117174,0,1490,0.0,16,0,1490,0.0,106,0
baseline_seed4,4,baseline,300,15,1714,4093,0.4851657808605704,16,1714,4093,0.41876374297581237,118,2497,0.1020117937485103,16,118,2497,0.04725670804965959,0,1596,0.0,16,0,1596,0.0,118,0
baseline_seed4,4,baseline,300,16,1829,4093,0.5160316870774719,16,1829,4093,0.4468604935255314,115,2379,0.1107334943982452,16,115,2379,0.04833963850357293,0,1714,0.0,16,0,1714,0.0,115,0
baseline_seed4,4,baseline,300,17,1926,4093,0.5409727467663672,16,1926,4093,0.4705594918152944,97,2264,0.10745274384607967,16,97,2264,0.04284452296819788,0,1829,0.0,16,0,1829,0.0,97,0
baseline_seed4,4,baseline,300,18,1997,4093,0.5590672743368132,16,1997,4093,0.4879061812851209,71,2167,0.10208029351413611,16,71,2167,0.032764190124596214,0,1926,0.0,16,0,1926,0.0,71,0
baseline_seed4,4,baseline,300,19,2050,4093,0.5720587397785626,16,2050,4093,0.5008551184949914,56,2096,0.1027100278103383,16,56,2096,0.026717557251908396,3,1997,0.0017621951219512196,16,3,1997,0.0015022533800701052,53,0
baseline_seed4,4,baseline,300,20,2106,4093,0.5855577621462558,16,2106,4093,0.5145370144148547,56,2043,0.1392698953923797,16,56,2043,0.02741067058247675,0,2050,0.0,16,0,2050,0.0,56,0
baseline_seed4,4,baseline,300,21,2170,4093,0.6022101341840593,16,2170,4093,0.5301734668946982,64,1987,0.14952719498189004,15,64,1987,0.03220936084549572,0,2106,0.0,16,0,2106,0.0,64,0
baseline_seed4,4,baseline,300,22,2239,4093,0.6189058381548724,16,2239,4093,0.5470315172245297,69,1923,0.10472257985457901,14,69,1923,0.0358814352574103,0,2170,0.0,16,0,2170,0.0,69,0
baseline_seed4,4,baseline,300,23,2295,4093,0.6318818133809894,16,2295,4093,0.5607134131443928,56,1854,0.12263158111580731,14,56,1854,0.030204962243797196,0,2239,0.0,16,0,2239,0.0,56,0
baseline_seed4,4,baseline,300,24,2337,4093,0.6415344692481109,16,2337,4093,0.5709748350842903,42,1798,0.052707831160563864,13,42,1798,0.02335928809788654,0,2295,0.0,16,0,2295,0.0,42,0
baseline_seed4,4,baseline,300,25,2369,4093,0.6497348953372457,16,2369,4093,0.578793061324212,32,1756,0.07380669425337151,13,32,1756,0.018223234624145785,0,2337,0.0,16,0,2337,0.0,32,0
baseline_seed4,4,baseline,300,26,2403,4093,0.6581175843401573,16,2403,4093,0.587099926704129,34,1724,0.108643483481516,13,34,1724,0.019721577726218097,0,2369,0.0,16,0,2369,0.0,34,0
baseline_seed4,4,baseline,300,27,2437,4093,0.6656392319526521,16,2437,4093,0.5954067920840459,34,1690,0.07305396120520748,13,34,1690,0.020118343195266272,0,2403,0.0,16,0,2403,0.0,34,0
baseline_seed4,4,baseline,300,28,2462,4093,0.6713745673484741,16,2462,4093,0.6015147813339848,25,1656,0.01848764520178326,13,25,1656,0.015096618357487922,0,2437,0.0,16,0,2437,0.0,25,0
baseline_seed4,4,baseline,300,29,2488,4093,0.6777318886184915,16,2488,4093,0.6078670901539214,26,1631,0.06912186890890842,13,26,1631,0.01594114040465972,0,2462,0.0,16,0,2462,0.0,26,0
baseline_seed4,4,baseline,300,30,2511,4093,0.6833063360181155,16,2511,4093,0.6134864402638651,23,1605,0.1712340062139573,13,23,1605,0.014330218068535825,0,2488,0.0,16,0,2488,0.0,23,0
baseline_seed4,4,baseline,300,31,2534,4093,0.6884964093512405,16,2534,4093,0.619105790373809,23,1582,0.02235032892826128,11,23,1582,0.014538558786346398,0,2511,0.0,16,0,2511,0.0,23,0
baseline_seed4,4,baseline,300,32,2561,4093,0.6940529979560144,16,2561,4093,0.625702418763743,27,1559,0.024097700733121497,11,27,1559,0.01731879409878127,0,2534,0.0,16,0,2534,0.0,27,0
baseline_seed4,4,baseline,300,33,2591,4093,0.7007873177909909,16,2591,4093,0.6330320058636697,30,1532,0.03310728797545902,11,30,1532,0.0195822454308094,0,2561,0.0,16,0,2561,0.0,30,0
baseline_seed4,4,baseline,300,34,2615,4093,0.7062741479089898,16,2615,4093,0.638895675543611,24,1502,0.026431137479392783,11,24,1502,0.015978695073235686,0,2591,0.0,16,0,2591,0.0,24,0
baseline_seed4,4,baseline,300,35,2641,4093,0.7126099911305246,16,2641,4093,0.6452479843635475,26,1478,0.034349702429364325,11,26,1478,0.017591339648173207,0,2615,0.0,16,0,2615,0.0,26,0
baseline_seed4,4,baseline,300,36,2669,4093,0.7194820014348455,16,2669,4093,0.6520889323234791,29,1452,0.040185377459906184,11,29,1452,0.01997245179063361,1,2641,0.0003676470588235294,16,1,2641,0.0003786444528587656,28,0
baseline_seed4,4,baseline,300,37,2701,4093,0.7267976776278504,16,2701,4093,0.6599071585634009,32,1424,0.04214822869145636,11,32,1424,0.02247191011235955,0,2669,0.0,16,0,2669,0.0,32,0
baseline_seed4,4,baseline,300,38,2733,4093,0.733992806603353,16,2733,4093,0.6677253848033228,32,1392,0.04627373659560172,11,32,1392,0.022988505747126436,0,2701,0.0,16,0,2701,0.0,32,0
baseline_seed4,4,baseline,300,39,2759,4093,0.7394794597607557,16,2759,4093,0.6740776936232592,28,1360,0.03593076964954744,11,28,1360,0.020588235294117647,2,2733,0.0011061946902654867,16,2,2733,0.0007317965605561653,26,0
baseline_seed4,4,baseline,300,40,2793,4093,0.7466334200406293,16,2793,4093,0.6823845590031762,35,1334,0.051525733949586615,11,35,1334,0.02623688155922039,1,2759,0.0005387931034482759,16,1,2759,0.0003624501631025734,34,0
baseline_seed4,4,baseline,300,41,2832,4093,0.755538462413818,16,2832,4093,0.6919130222330808,39,1300,0.07783886169462588,11,39,1300,0.03,0,2793,0.0,16,0,2793,0.0,39,0
baseline_seed4,4,baseline,300,42,2871,4093,0.7645177744392957,16,2871,4093,0.7014414854629856,39,1261,0.10912196558666469,11,39,1261,0.030927835051546393,0,2832,0.0,16,0,2832,0.0,39,0
baseline_seed4,4,baseline,300,43,2905,4093,0.7718517986216611,16,2905,4093,0.7097483508429026,34,1222,0.12691686127990146,11,34,1222,0.027823240589198037,0,2871,0.0,16,0,2871,0.0,34,0
baseline_seed4,4,baseline,300,44,2929,4093,0.7769740976238437,16,2929,4093,0.7156120205228439,25,1188,0.0786084359477256,11,25,1188,0.021043771043771045,1,2905,0.0003048780487804878,16,1,2905,0.00034423407917383823,24,0
baseline_seed4,4,baseline,300,45,2947,4093,0.7809779125351701,16,2947,4093,0.7200097727827999,18,1164,0.1061248442475197,11,18,1164,0.015463917525773196,0,2929,0.0,16,0,2929,0.0,18,0
baseline_seed4,4,baseline,300,46,2966,4093,0.7854347821996426,16,2966,4093,0.7246518446127534,19,1146,0.023265227903596936,10,19,1146,0.016579406631762654,0,2947,0.0,16,0,2947,0.0,19,0
baseline_seed4,4,baseline,300,47,2984,4093,0.789637597639286,16,2984,4093,0.7290495968727095,19,1127,0.12211454638349328,10,19,1127,0.01685891748003549,1,2966,0.0004664179104477612,16,1,2966,0.00033715441672285906,18,0
baseline_seed4,4,baseline,300,48,3006,4093,0.7944720328638741,16,3006,4093,0.7344246274126558,22,1109,0.029408370034987252,9,22,1109,0.019837691614066726,0,2984,0.0,16,0,2984,0.0,22,0
baseline_seed4,4,baseline,300,49,3027,4093,0.7986075770887426,16,3027,4093,0.7395553383826045,21,1087,0.026921666619040538,9,21,1087,0.019319227230910764,0,3006,0.0,16,0,3006,0.0,21,0
baseline_seed4,4,baseline,300,50,3047,4093,0.8026117031291227,16,3047,4093,0.7444417297825556,22,1066,0.024493611070078077,9,22,1066,0.020637898686679174,2,3027,0.000625,16,2,3027,0.0006607201850016518,20,0
baseline_seed4,4,baseline,300,51,3075,4093,0.8082885201441019,16,3075,4093,0.7512826777424871,28,1046,0.029987741831903898,9,28,1046,0.02676864244741874,0,3047,0.0,16,0,3047,0.0,28,0
baseline_seed4,4,baseline,300,52,3096,4093,0.81268704021077,16,3096,4093,0.7564133887124359,21,1018,0.027512102042980054,9,21,1018,0.0206286836935167,0,3075,0.0,16,0,3075,0.0,21,0
baseline_seed4,4,baseline,300,53,3112,4093,0.8159518771662473,16,3112,4093,0.7603225018323968,16,997,0.02162105359690221,9,16,997,0.0160481444332999,0,3096,0.0,16,0,3096,0.0,16,0
baseline_seed4,4,baseline,300,54,3131,4093,0.8199091016427729,16,3131,4093,0.7649645736623504,20,981,0.025447892928914324,9,20,981,0.020387359836901122,1,3112,0.00028153153153153153,16,1,3112,0.00032133676092544985,19,0
baseline_seed4,4,baseline,300,55,3157,4093,0.825166380242063,16,3157,4093,0.7713168824822868,26,962,0.03473333429382366,9,26,962,0.02702702702702703,0,3131,0.0,16,0,3131,0.0,26,0
baseline_seed4,4,baseline,300,56,3180,4093,0.8296442675150854,16,3180,4093,0.7769362325922307,23,936,0.03144460270992879,9,23,936,0.024572649572649572,0,3157,0.0,16,0,3157,0.0,23,0
baseline_seed4,4,baseline,300,57,3201,4093,0.8336420075682671,16,3201,4093,0.7820669435621793,21,913,0.032558698580204715,9,21,913,0.023001095290251915,0,3180,0.0,16,0,3180,0.0,21,0
baseline_seed4,4,baseline,300,58,3219,4093,0.8371437270784471,16,3219,4093,0.7864646958221354,18,892,0.028532899738832312,9,18,892,0.020179372197309416,0,3201,0.0,16,0,3201,0.0,18,0
baseline_seed4,4,baseline,300,59,3232,4093,0.8397096025283264,16,3232,4093,0.7896408502321036,13,874,0.0165893337626809,9,13,874,0.014874141876430207,0,3219,0.0,16,0,3219,0.0,13,0
baseline_seed4,4,baseline,300,60,3244,4093,0.8418487459176884,16,3244,4093,0.7925726850720742,12,861,0.018101252959574456,9,12,861,0.013937282229965157,0,3232,0.0,16,0,3232,0.0,12,0
baseline_seed4,4,baseline,300,61,3254,4093,0.8438240117970885,16,3254,4093,0.7950158807720499,10,849,0.014180361669518126,9,10,849,0.011778563015312132,0,3244,0.0,16,0,3244,0.0,10,0
baseline_seed4,4,baseline,300,62,3268,4093,0.8468032022065997,16,3268,4093,0.7984363547520157,15,839,0.020454954435185874,9,15,839,0.017878426698450536,1,3254,0.0004166666666666667,16,1,3254,0.00030731407498463427,14,0
baseline_seed4,4,baseline,300,63,3283,4093,0.8498638731363382,16,3283,4093,0.802101148301979,16,825,0.025931654553708796,9,16,825,0.019393939393939394,1,3268,0.00028669724770642203,16,1,3268,0.0003059975520195838,15,0
baseline_seed4,4,baseline,300,64,3297,4093,0.8527365305039204,16,3297,4093,0.8055216222819448,15,810,0.02334448379902925,9,15,810,0.018518518518518517,1,3283,0.00041118421052631577,16,1,3283,0.0003045994517209869,14,0
baseline_seed4,4,baseline,300,65,3308,4093,0.8548493109052122,16,3308,4093,0.8082091375519179,12,796,0.016690708723782293,9,12,796,0.01507537688442211,1,3297,0.00023854961832061068,16,1,3297,0.00030330603579011223,11,0
baseline_seed4,4,baseline,300,66,3318,4093,0.8567038268436942,16,3318,4093,0.8106523332518935,10,785,0.013457277601185917,9,10,785,0.012738853503184714,0,3308,0.0,16,0,3308,0.0,10,0
baseline_seed4,4,baseline,300,67,3328,4093,0.8585861539596573,16,3328,4093,0.8130955289518691,10,775,0.016073366415175247,9,10,775,0.012903225806451613,0,3318,0.0,16,0,3318,0.0,10,0
baseline_seed4,4,baseline,300,68,3336,4093,0.8600176327205469,16,3336,4093,0.8150500855118495,8,765,0.012691367803528829,9,8,765,0.01045751633986928,0,3328,0.0,16,0,3328,0.0,8,0
baseline_seed4,4,baseline,300,69,3345,4093,0.8616348039761821,16,3345,4093,0.8172489616418275,9,757,0.014217850803216657,9,9,757,0.011889035667107,0,3336,0.0,16,0,3336,0.0,9,0
baseline_seed4,4,baseline,300,70,3353,4093,0.8632980152841531,16,3353,4093,0.8192035182018079,10,748,0.01962468213999451,9,10,748,0.013368983957219251,2,3345,0.0005230125523012552,16,2,3345,0.0005979073243647235,8,0
baseline_seed4,4,baseline,300,71,3371,4093,0.8666487280736239,16,3371,4093,0.823601270461764,19,740,0.030298219409971332,9,19,740,0.025675675675675677,1,3353,0.00022644927536231884,16,1,3353,0.00029824038174768865,18,0
baseline_seed4,4,baseline,300,72,3388,4093,0.8699032562901431,16,3388,4093,0.8277547031517225,19,722,0.03925528928118624,9,19,722,0.02631578947368421,2,3371,0.0004665473415473415,16,2,3371,0.0005932957579353308,17,0
baseline_seed4,4,baseline,300,73,3407,4093,0.8737288416590562,16,3407,4093,0.8323967749816761,19,705,0.0445778434041423,9,19,705,0.02695035460992908,0,3388,0.0,16,0,3388,0.0,19,0
baseline_seed4,4,baseline,300,74,3422,4093,0.876788297490565,16,3422,4093,0.8360615685316394,16,686,0.04647471716281035,9,16,686,0.023323615160349854,1,3407,0.00022893772893772894,16,1,3407,0.000293513354857646,15,0
baseline_seed4,4,baseline,300,75,3441,4093,0.8806280135435781,16,3441,4093,0.840703640361593,21,671,0.05724910242454102,9,21,671,0.03129657228017884,2,3422,0.00041254125412541255,16,2,3422,0.0005844535359438924,19,0
baseline_seed4,4,baseline,300,76,3462,4093,0.8850970210521873,16,3462,4093,0.8458343513315416,24,652,0.07235041435112852,9,24,652,0.03680981595092025,3,3441,0.0008322805961147608,16,3,3441,0.0008718395815170009,21,0
baseline_seed4,4,baseline,300,77,3484,4093,0.8896085301722392,16,3484,4093,0.8512093818714879,22,631,0.07039581706697585,9,22,631,0.03486529318541997,0,3462,0.0,16,0,3462,0.0,22,0
baseline_seed4,4,baseline,300,78,3500,4093,0.8929782596859395,16,3500,4093,0.8551184949914488,16,609,0.0882494075846704,9,16,609,0.026272577996715927,0,3484,0.0,16,0,3484,0.0,16,0
baseline_seed4,4,baseline,300,79,3508,4093,0.894483301258297,16,3508,4093,0.8570730515514293,8,593,0.0320176655060376,9,8,593,0.013490725126475547,0,3500,0.0,16,0,3500,0.0,8,0
baseline_seed4,4,baseline,300,80,3521,4093,0.8968238524409594,16,3521,4093,0.8602492059613975,13,585,0.04583325251187518,9,13,585,0.022222222222222223,0,3508,0.0,16,0,3508,0.0,13,0
baseline_seed4,4,baseline,300,81,3538,4093,0.9003008440693849,16,3538,4093,0.864402638651356,19,572,0.16519842010193164,9,19,572,0.033216783216783216,2,3521,0.0004207449087751742,16,2,3521,0.0005680204487361545,17,0
baseline_seed4,4,baseline,300,82,3550,4093,0.902660005089781,16,3550,4093,0.8673344734913266,13,555,0.05618171698856847,9,13,555,0.023423423423423424,1,3538,0.00019290123456790122,16,1,3538,0.0002826455624646693,12,0
baseline_seed4,4,baseline,300,83,3559,4093,0.9044958026779698,16,3559,4093,0.8695333496213047,9,543,0.01582335030448238,9,9,543,0.016574585635359115,0,3550,0.0,16,0,3550,0.0,9,0
baseline_seed4,4,baseline,300,84,3570,4093,0.9067982674755961,16,3570,4093,0.8722208648912778,11,534,0.1853879853879854,9,11,534,0.020599250936329586,0,3559,0.0,16,0,3559,0.0,11,0
baseline_seed4,4,baseline,300,85,3578,4093,0.9084949330921022,16,3578,4093,0.8741754214512583,8,523,0.14118780525030525,8,8,523,0.015296367112810707,0,3570,0.0,16,0,3570,0.0,8,0
baseline_seed4,4,baseline,300,86,3586,4093,0.9099963505014268,16,3586,4093,0.8761299780112387,8,515,0.026774143789039008,7,8,515,0.015533980582524271,0,3578,0.0,16,0,3578,0.0,8,0
baseline_seed4,4,baseline,300,87,3595,4093,0.9114871742549838,16,3595,4093,0.8783288541412168,9,507,0.026134388326506552,7,9,507,0.01775147928994083,0,3586,0.0,16,0,3586,0.0,9,0
baseline_seed4,4,baseline,300,88,3603,4093,0.9129030520241398,16,3603,4093,0.8802834107011972,8,498,0.028738425135940666,7,8,498,0.01606425702811245,0,3595,0.0,16,0,3595,0.0,8,0
baseline_seed4,4,baseline,300,89,3608,4093,0.913921181985323,16,3608,4093,0.881505008551185,5,490,0.032402434658073756,7,5,490,0.01020408163265306,0,3603,0.0,16,0,3603,0.0,5,0
baseline_seed4,4,baseline,300,90,3614,4093,0.9150819898241684,16,3614,4093,0.8829709259711703,6,485,0.02962952498556214,7,6,485,0.012371134020618556,0,3608,0.0,16,0,3608,0.0,6,0
baseline_seed4,4,baseline,300,91,3620,4093,0.9161975463794524,16,3620,4093,0.8844368433911556,6,479,0.03169934640522876,7,6,479,0.012526096033402923,0,3614,0.0,16,0,3614,0.0,6,0
baseline_seed4,4,baseline,300,92,3629,4093,0.91780949965848,16,3629,4093,0.8866357195211336,9,473,0.0497492586778301,7,9,473,0.019027484143763214,0,3620,0.0,16,0,3620,0.0,9,0
baseline_seed4,4,baseline,300,93,3638,4093,0.9195389929492388,16,3638,4093,0.8888345956511117,10,464,0.06161364563840309,7,10,464,0.021551724137931036,1,3629,0.00018115942028985507,16,1,3629,0.0002755580049600441,9,0
baseline_seed4,4,baseline,300,94,3647,4093,0.9212228963279327,16,3647,4093,0.8910334717810897,9,455,0.07530964797913951,7,9,455,0.01978021978021978,0,3638,0.0,16,0,3638,0.0,9,0
baseline_seed4,4,baseline,300,95,3656,4093,0.9229102686013739,16,3656,4093,0.8932323479110676,9,446,0.06355745922182506,7,9,446,0.020179372197309416,0,3647,0.0,16,0,3647,0.0,9,0
baseline_seed4,4,baseline,300,96,3665,4093,0.9249483963829241,16,3665,4093,0.8954312240410457,11,437,0.09669169554614299,7,11,437,0.02517162471395881,2,3656,0.0005267321785476349,16,2,3656,0.0005470459518599562,9,0
baseline_seed4,4,baseline,300,97,3679,4093,0.9279967984066044,16,3679,4093,0.8988516980210115,14,428,0.15609401655399,7,14,428,0.03271028037383177,0,3665,0.0,16,0,3665,0.0,14,0
baseline_seed4,4,baseline,300,98,3682,4093,0.9284931951303483,16,3682,4093,0.8995846567310042,3,414,0.04361658456486043,7,3,414,0.007246376811594203,0,3679,0.0,16,0,3679,0.0,3,0
baseline_seed4,4,baseline,300,99,3687,4093,0.9294308225511714,16,3687,4093,0.900806254580992,5,411,0.08222778473091363,7,5,411,0.012165450121654502,0,3682,0.0,16,0,3682,0.0,5,0
baseline_seed4,4,baseline,300,100,3693,4093,0.9305298501808354,16,3693,4093,0.9022721720009773,7,406,0.1105805958747135,7,7,406,0.017241379310344827,1,3687,0.00025933609958506224,16,1,3687,0.00027122321670735016,6,0
baseline_seed4,4,baseline,300,101,3695,4093,0.9309467440852697,16,3695,4093,0.9027608111409724,2,400,0.07216117216117215,7,2,400,0.005,0,3693,0.0,16,0,3693,0.0,2,0
baseline_seed4,4,baseline,300,102,3697,4093,0.9313743852418466,16,3697,4093,0.9032494502809675,2,398,0.14634146341463414,7,2,398,0.005025125628140704,0,3695,0.0,16,0,3695,0.0,2,0
baseline_seed4,4,baseline,300,103,3705,4093,0.9330401586593573,16,3705,4093,0.9052040068409479,8,396,0.1945578231292517,6,8,396,0.020202020202020204,0,3697,0.0,16,0,3697,0.0,8,0
baseline_seed4,4,baseline,300,104,3715,4093,0.9351918366958512,16,3715,4093,0.9076472025409236,11,388,0.05015651959222225,5,11,388,0.028350515463917526,1,3705,0.00016318537859007833,16,1,3705,0.0002699055330634278,10,0
baseline_seed4,4,baseline,300,105,3720,4093,0.9359771599044131,16,3720,4093,0.9088688003909113,5,378,0.029518597912380297,5,5,378,0.013227513227513227,0,3715,0.0,16,0,3715,0.0,5,0
baseline_seed4,4,baseline,300,106,3722,4093,0.9363070222227499,16,3722,4093,0.9093574395309064,3,373,0.012146957394796579,5,3,373,0.00804289544235925,1,3720,0.00016149870801033592,16,1,3720,0.00026881720430107527,2,0
baseline_seed4,4,baseline,300,107,3725,4093,0.9369782550994622,16,3725,4093,0.9100903982408991,4,371,0.0213910868205672,5,4,371,0.01078167115902965,1,3722,0.00016149870801033592,16,1,3722,0.00026867275658248256,3,0
baseline_seed4,4,baseline,300,108,3728,4093,0.9375500708176194,16,3728,4093,0.9108233569508918,3,368,0.019656613134874004,5,3,368,0.008152173913043478,0,3725,0.0,16,0,3725,0.0,3,0
baseline_seed4,4,baseline,300,109,3730,4093,0.9379713036943318,16,3730,4093,0.9113119960908869,2,365,0.00802469135802469,5,2,365,0.005479452054794521,0,3728,0.0,16,0,3728,0.0,2,0
baseline_seed4,4,baseline,300,110,3732,4093,0.938373742718722,16,3732,4093,0.911800635230882,2,363,0.014805194805194804,5,2,363,0.005509641873278237,0,3730,0.0,16,0,3730,0.0,2,0
baseline_seed4,4,baseline,300,111,3738,4093,0.9394896892335171,16,3738,4093,0.9132665526508673,6,361,0.041383254872629685,5,6,361,0.01662049861495845,0,3732,0.0,16,0,3732,0.0,6,0
baseline_seed4,4,baseline,300,112,3741,4093,0.9400633611346196,16,3741,4093,0.91399951136086,3,355,0.01986111111111111,5,3,355,0.008450704225352112,0,3738,0.0,16,0,3738,0.0,3,0
baseline_seed4,4,baseline,300,113,3744,4093,0.9404542919189709,16,3744,4093,0.9147324700708527,4,352,0.016401614609867932,5,4,352,0.011363636363636364,1,3741,0.00028538812785388126,16,1,3741,0.0002673082063619353,3,0
baseline_seed4,4,baseline,300,114,3756,4093,0.9424622644131664,16,3756,4093,0.9176643049108234,12,349,0.06819762684124386,5,12,349,0.034383954154727794,0,3744,0.0,16,0,3744,0.0,12,0
baseline_seed4,4,baseline,300,115,3760,4093,0.9431157986326055,16,3760,4093,0.9186415831908136,4,337,0.02308695652173913,5,4,337,0.011869436201780416,0,3756,0.0,16,0,3756,0.0,4,0
baseline_seed4,4,baseline,300,116,3761,4093,0.9432851753263725,16,3761,4093,0.9188859027608112,2,333,0.008454011741682973,5,2,333,0.006006006006006006,1,3760,0.00021404109589041095,16,1,3760,0.00026595744680851064,1,0
baseline_seed4,4,baseline,300,117,3766,4093,0.944091148570202,16,3766,4093,0.9201075006107989,5,332,0.04293598459329427,5,5,332,0.015060240963855422,0,3761,0.0,16,0,3761,0.0,5,0
baseline_seed4,4,baseline,300,118,3770,4093,0.9447384923724071,16,3770,4093,0.9210847788907891,4,327,0.050078247261345854,5,4,327,0.012232415902140673,0,3766,0.0,16,0,3766,0.0,4,0
baseline_seed4,4,baseline,300,119,3771,4093,0.9448909313967975,16,3771,4093,0.9213290984607867,1,323,0.02857142857142857,5,1,323,0.0030959752321981426,0,3770,0.0,16,0,3770,0.0,1,0
baseline_seed4,4,baseline,300,120,3774,4093,0.9453544388872023,16,3774,4093,0.9220620571707794,3,322,0.06776556776556776,5,3,322,0.009316770186335404,0,3771,0.0,16,0,3771,0.0,3,0
baseline_seed4,4,baseline,300,121,3777,4093,0.9458493436650173,16,3777,4093,0.9227950158807721,3,319,0.05579710144927537,5,3,319,0.009404388714733543,0,3774,0.0,16,0,3774,0.0,3,0
baseline_seed4,4,baseline,300,122,3778,4093,0.9460017826894075,16,3778,4093,0.9230393354507697,1,316,0.06666666666666667,5,1,316,0.0031645569620253164,0,3777,0.0,16,0,3777,0.0,1,0
baseline_seed4,4,baseline,300,123,3779,4093,0.9461542217137977,16,3779,4093,0.9232836550207671,1,315,0.1,5,1,315,0.0031746031746031746,0,3778,0.0,16,0,3778,0.0,1,0
baseline_seed4,4,baseline,300,124,3780,4093,0.9463128511554221,16,3780,4093,0.9235279745907647,1,314,0.0011049723756906076,5,1,314,0.0031847133757961785,0,3779,0.0,16,0,3779,0.0,1,0
baseline_seed4,4,baseline,300,125,3781,4093,0.946482227849189,16,3781,4093,0.9237722941607622,1,313,0.0058823529411764705,5,1,313,0.003194888178913738,0,3780,0.0,16,0,3780,0.0,1,0
baseline_seed4,4,baseline,300,126,3782,4093,0.946732227849189,16,3782,4093,0.9240166137307598,1,312,0.0064516129032258064,5,1,312,0.003205128205128205,0,3781,0.0,16,0,3781,0.0,1,0
baseline_seed4,4,baseline,300,127,3783,4093,0.9468120901675257,16,3783,4093,0.9242609333007574,2,311,0.0040961857379767826,5,2,311,0.006430868167202572,1,3782,0.0002840909090909091,16,1,3782,0.00026441036488630354,1,0
baseline_seed4,4,baseline,300,128,3786,4093,0.9473965093207708,16,3786,4093,0.9249938920107501,4,310,0.21554252199413487,5,4,310,0.012903225806451613,1,3783,0.00029069767441860465,16,1,3783,0.0002643404705260375,3,0
warmstart_seed4,4,warmstart,0,0,0,4093,0.0,16,0,4093,0.0,,,,,,,,,,,,,,,,
warmstart_seed4,4,warmstart,0,1,0,4093,0.0,16,0,4093,0.0,0,4093,0.0,16,0,4093,0.0,0,0,,0,0,0,,0,0
warmstart_seed4,4,warmstart,0,2,0,4093,0.0,16,0,4093,0.0,0,4093,0.0,16,0,4093,0.0,0,0,,0,0,0,,0,0
warmstart_seed4,4,warmstart,0,3,0,4093,0.0,16,0,4093,0.0,0,4093,0.0,16,0,4093,0.0,0,0,,0,0,0,,0,0
warmstart_seed4,4,warmstart,0,4,0,4093,0.0,16,0,4093,0.0,0,4093,0.0,16,0,4093,0.0,0,0,,0,0,0,,0,0
warmstart_seed4,4,warmstart,0,5,0,4093,0.0,16,0,4093,0.0,0,4093,0.0,16,0,4093,0.0,0,0,,0,0,0,,0,0
warmstart_seed4,4,warmstart,0,6,0,4093,0.0,16,0,4093,0.0,0,4093,0.0,16,0,4093,0.0,0,0,,0,0,0,,0,0
warmstart_seed4,4,warmstart,0,7,0,4093,0.0,16,0,4093,0.0,0,4093,0.0,16,0,4093,0.0,0,0,,0,0,0,,0,0
warmstart_seed4,4,warmstart,0,8,0,4093,0.0,16,0,4093,0.0,0,4093,0.0,16,0,4093,0.0,0,0,,0,0,0,,0,0
warmstart_seed4,4,warmstart,0,9,0,4093,0.0,16,0,4093,0.0,0,4093,0.0,16,0,4093,0.0,0,0,,0,0,0,,0,0
warmstart_seed4,4,warmstart,0,10,0,4093,0.0,16,0,4093,0.0,0,4093,0.0,16,0,4093,0.0,0,0,,0,0,0,,0,0
warmstart_seed4,4,warmstart,0,11,0,4093,0.0,16,0,4093,0.0,0,4093,0.0,16,0,4093,0.0,0,0,,0,0,0,,0,0
warmstart_seed4,4,warmstart,0,12,0,4093,0.0,16,0,4093,0.0,0,4093,0.0,16,0,4093,0.0,0,0,,0,0,0,,0,0
warmstart_seed4,4,warmstart,0,13,0,4093,0.0,16,0,4093,0.0,0,4093,0.0,16,0,4093,0.0,0,0,,0,0,0,,0,0
warmstart_seed4,4,warmstart,0,14,0,4093,0.0,16,0,4093,0.0,0,4093,0.0,16,0,4093,0.0,0,0,,0,0,0,,0,0
warmstart_seed4,4,warmstart,0,15,0,4093,0.0,16,0,4093,0.0,0,4093,0.0,16,0,4093,0.0,0,0,,0,0,0,,0,0
warmstart_seed4,4,warmstart,0,16,0,4093,0.0,16,0,4093,0.0,0,4093,0.0,16,0,4093,0.0,0,0,,0,0,0,,0,0
warmstart_seed4,4,warmstart,0,17,0,4093,0.0,16,0,4093,0.0,0,4093,0.0,16,0,4093,0.0,0,0,,0,0,0,,0,0
warmstart_seed4,4,warmstart,0,18,0,4093,0.0,16,0,4093,0.0,0,4093,0.0,16,0,4093,0.0,0,0,,0,0,0,,0,0
warmstart_seed4,4,warmstart,0,19,0,4093,0.0,16,0,4093,0.0,0,4093,0.0,16,0,4093,0.0,0,0,,0,0,0,,0,0
warmstart_seed4,4,warmstart,0,20,0,4093,0.0,16,0,4093,0.0,0,4093,0.0,16,0,4093,0.0,0,0,,0,0,0,,0,0
warmstart_seed4,4,warmstart,0,21,0,4093,0.0,16,0,4093,0.0,0,4093,0.0,16,0,4093,0.0,0,0,,0,0,0,,0,0
warmstart_seed4,4,warmstart,0,22,0,4093,0.0,16,0,4093,0.0,0,4093,0.0,16,0,4093,0.0,0,0,,0,0,0,,0,0
warmstart_seed4,4,warmstart,0,23,0,4093,0.0,16,0,4093,0.0,0,4093,0.0,16,0,4093,0.0,0,0,,0,0,0,,0,0
warmstart_seed4,4,warmstart,0,24,0,4093,0.0,16,0,4093,0.0,0,4093,0.0,16,0,4093,0.0,0,0,,0,0,0,,0,0
warmstart_seed4,4,warmstart,0,25,0,4093,0.0,16,0,4093,0.0,0,4093,0.0,16,0,4093,0.0,0,0,,0,0,0,,0,0
warmstart_seed4,4,warmstart,0,26,0,4093,0.0,16,0,4093,0.0,0,4093,0.0,16,0,4093,0.0,0,0,,0,0,0,,0,0
warmstart_seed4,4,warmstart,0,27,0,4093,0.0,16,0,4093,0.0,0,4093,0.0,16,0,4093,0.0,0,0,,0,0,0,,0,0
warmstart_seed4,4,warmstart,0,28,0,4093,0.0,16,0,4093,0.0,0,4093,0.0,16,0,4093,0.0,0,0,,0,0,0,,0,0
warmstart_seed4,4,warmstart,0,29,0,4093,0.0,16,0,4093,0.0,0,4093,0.0,16,0,4093,0.0,0,0,,0,0,0,,0,0
warmstart_seed4,4,warmstart,0,30,0,4093,0.0,16,0,4093,0.0,0,4093,0.0,16,0,4093,0.0,0,0,,0,0,0,,0,0
warmstart_seed4,4,warmstart,0,31,0,4093,0.0,16,0,4093,0.0,0,4093,0.0,16,0,4093,0.0,0,0,,0,0,0,,0,0
warmstart_seed4,4,warmstart,0,32,0,4093,0.0,16,0,4093,0.0,0,4093,0.0,16,0,4093,0.0,0,0,,0,0,0,,0,0
warmstart_seed4,4,warmstart,0,33,0,4093,0.0,16,0,4093,0.0,0,4093,0.0,16,0,4093,0.0,0,0,,0,0,0,,0,0
warmstart_seed4,4,warmstart,0,34,0,4093,0.0,16,0,4093,0.0,0,4093,0.0,16,0,4093,0.0,0,0,,0,0,0,,0,0
warmstart_seed4,4,warmstart,0,35,0,4093,0.0,16,0,4093,0.0,0,4093,0.0,16,0,4093,0.0,0,0,,0,0,0,,0,0
warmstart_seed4,4,warmstart,0,36,0,4093,0.0,16,0,4093,0.0,0,4093,0.0,16,0,4093,0.0,0,0,,0,0,0,,0,0
warmstart_seed4,4,warmstart,0,37,0,4093,0.0,16,0,4093,0.0,0,4093,0.0,16,0,4093,0.0,0,0,,0,0,0,,0,0
warmstart_seed4,4,warmstart,0,38,0,4093,0.0,16,0,4093,0.0,0,4093,0.0,16,0,4093,0.0,0,0,,0,0,0,,0,0
warmstart_seed4,4,warmstart,0,39,0,4093,0.0,16,0,4093,0.0,0,4093,0.0,16,0,4093,0.0,0,0,,0,0,0,,0,0
warmstart_seed4,4,warmstart,0,40,0,4093,0.0,16,0,4093,0.0,0,4093,0.0,16,0,4093,0.0,0,0,,0,0,0,,0,0
warmstart_seed4,4,warmstart,0,41,0,4093,0.0,16,0,4093,0.0,0,4093,0.0,16,0,4093,0.0,0,0,,0,0,0,,0,0
warmstart_seed4,4,warmstart,0,42,0,4093,0.0,16,0,4093,0.0,0,4093,0.0,16,0,4093,0.0,0,0,,0,0,0,,0,0
warmstart_seed4,4,warmstart,0,43,0,4093,0.0,16,0,4093,0.0,0,4093,0.0,16,0,4093,0.0,0,0,,0,0,0,,0,0
warmstart_seed4,4,warmstart,0,44,0,4093,0.0,16,0,4093,0.0,0,4093,0.0,16,0,4093,0.0,0,0,,0,0,0,,0,0
warmstart_seed4,4,warmstart,0,45,0,4093,0.0,16,0,4093,0.0,0,4093,0.0,16,0,4093,0.0,0,0,,0,0,0,,0,0
warmstart_seed4,4,warmstart,0,46,0,4093,0.0,16,0,4093,0.0,0,4093,0.0,16,0,4093,0.0,0,0,,0,0,0,,0,0
warmstart_seed4,4,warmstart,0,47,0,4093,0.0,16,0,4093,0.0,0,4093,0.0,16,0,4093,0.0,0,0,,0,0,0,,0,0
warmstart_seed4,4,warmstart,0,48,0,4093,0.0,16,0,4093,0.0,0,4093,0.0,16,0,4093,0.0,0,0,,0,0,0,,0,0
warmstart_seed4,4,warmstart,0,49,0,4093,0.0,16,0,4093,0.0,0,4093,0.0,16,0,4093,0.0,0,0,,0,0,0,,0,0
warmstart_seed4,4,warmstart,0,50,0,4093,0.0,16,0,4093,0.0,0,4093,0.0,16,0,4093,0.0,0,0,,0,0,0,,0,0
warmstart_seed4,4,warmstart,0,51,0,4093,0.0,16,0,4093,0.0,0,4093,0.0,16,0,4093,0.0,0,0,,0,0,0,,0,0
warmstart_seed4,4,warmstart,0,52,0,4093,0.0,16,0,4093,0.0,0,4093,0.0,16,0,4093,0.0,0,0,,0,0,0,,0,0
warmstart_seed4,4,warmstart,0,53,0,4093,0.0,16,0,4093,0.0,0,4093,0.0,16,0,4093,0.0,0,0,,0,0,0,,0,0
warmstart_seed4,4,warmstart,0,54,0,4093,0.0,16,0,4093,0.0,0,4093,0.0,16,0,4093,0.0,0,0,,0,0,0,,0,0
warmstart_seed4,4,warmstart,0,55,0,4093,0.0,16,0,4093,0.0,0,4093,0.0,16,0,4093,0.0,0,0,,0,0,0,,0,0
warmstart_seed4,4,warmstart,0,56,0,4093,0.0,16,0,4093,0.0,0,4093,0.0,16,0,4093,0.0,0,0,,0,0,0,,0,0
warmstart_seed4,4,warmstart,0,57,0,4093,0.0,16,0,4093,0.0,0,4093,0.0,16,0,4093,0.0,0,0,,0,0,0,,0,0
warmstart_seed4,4,warmstart,0,58,0,4093,0.0,16,0,4093,0.0,0,4093,0.0,16,0,4093,0.0,0,0,,0,0,0,,0,0
warmstart_seed4,4,warmstart,0,59,0,4093,0.0,16,0,4093,0.0,0,4093,0.0,16,0,4093,0.0,0,0,,0,0,0,,0,0
warmstart_seed4,4,warmstart,0,60,0,4093,0.0,16,0,4093,0.0,0,4093,0.0,16,0,4093,0.0,0,0,,0,0,0,,0,0
warmstart_seed4,4,warmstart,0,61,0,4093,0.0,16,0,4093,0.0,0,4093,0.0,16,0,4093,0.0,0,0,,0,0,0,,0,0
warmstart_seed4,4,warmstart,0,62,0,4093,0.0,16,0,4093,0.0,0,4093,0.0,16,0,4093,0.0,0,0,,0,0,0,,0,0
warmstart_seed4,4,warmstart,0,63,0,4093,0.0,16,0,4093,0.0,0,4093,0.0,16,0,4093,0.0,0,0,,0,0,0,,0,0
warmstart_seed4,4,warmstart,0,64,0,4093,0.0,16,0,4093,0.0,0,4093,0.0,16,0,4093,0.0,0,0,,0,0,0,,0,0
warmstart_seed4,4,warmstart,0,65,0,4093,0.0,16,0,4093,0.0,0,4093,0.0,16,0,4093,0.0,0,0,,0,0,0,,0,0
warmstart_seed4,4,warmstart,0,66,0,4093,0.0,16,0,4093,0.0,0,4093,0.0,16,0,4093,0.0,0,0,,0,0,0,,0,0
warmstart_seed4,4,warmstart,0,67,0,4093,0.0,16,0,4093,0.0,0,4093,0.0,16,0,4093,0.0,0,0,,0,0,0,,0,0
warmstart_seed4,4,warmstart,0,68,0,4093,0.0,16,0,4093,0.0,0,4093,0.0,16,0,4093,0.0,0,0,,0,0,0,,0,0
warmstart_seed4,4,warmstart,0,69,0,4093,0.0,16,0,4093,0.0,0,4093,0.0,16,0,4093,0.0,0,0,,0,0,0,,0,0
warmstart_seed4,4,warmstart,0,70,0,4093,0.0,16,0,4093,0.0,0,4093,0.0,16,0,4093,0.0,0,0,,0,0,0,,0,0
warmstart_seed4,4,warmstart,0,71,0,4093,0.0,16,0,4093,0.0,0,4093,0.0,16,0,4093,0.0,0,0,,0,0,0,,0,0
warmstart_seed4,4,warmstart,0,72,0,4093,0.0,16,0,4093,0.0,0,4093,0.0,16,0,4093,0.0,0,0,,0,0,0,,0,0
warmstart_seed4,4,warmstart,0,73,0,4093,0.0,16,0,4093,0.0,0,4093,0.0,16,0,4093,0.0,0,0,,0,0,0,,0,0
warmstart_seed4,4,warmstart,0,74,0,4093,0.0,16,0,4093,0.0,0,4093,0.0,16,0,4093,0.0,0,0,,0,0,0,,0,0
warmstart_seed4,4,warmstart,0,75,0,4093,0.0,16,0,4093,0.0,0,4093,0.0,16,0,4093,0.0,0,0,,0,0,0,,0,0
warmstart_seed4,4,warmstart,0,76,0,4093,0.0,16,0,4093,0.0,0,4093,0.0,16,0,4093,0.0,0,0,,0,0,0,,0,0
warmstart_seed4,4,warmstart,0,77,0,4093,0.0,16,0,4093,0.0,0,4093,0.0,16,0,4093,0.0,0,0,,0,0,0,,0,0
warmstart_seed4,4,warmstart,0,78,0,4093,0.0,16,0,4093,0.0,0,4093,0.0,16,0,4093,0.0,0,0,,0,0,0,,0,0
warmstart_seed4,4,warmstart,0,79,0,4093,0.0,16,0,4093,0.0,0,4093,0.0,16,0,4093,0.0,0,0,,0,0,0,,0,0
warmstart_seed4,4,warmstart,0,80,0,4093,0.0,16,0,4093,0.0,0,4093,0.0,16,0,4093,0.0,0,0,,0,0,0,,0,0
warmstart_seed4,4,warmstart,0,81,0,4093,0.0,16,0,4093,0.0,0,4093,0.0,16,0,4093,0.0,0,0,,0,0,0,,0,0
warmstart_seed4,4,warmstart,0,82,0,4093,0.0,16,0,4093,0.0,0,4093,0.0,16,0,4093,0.0,0,0,,0,0,0,,0,0
warmstart_seed4,4,warmstart,0,83,0,4093,0.0,16,0,4093,0.0,0,4093,0.0,16,0,4093,0.0,0,0,,0,0,0,,0,0
warmstart_seed4,4,warmstart,0,84,0,4093,0.0,16,0,4093,0.0,0,4093,0.0,16,0,4093,0.0,0,0,,0,0,0,,0,0
warmstart_seed4,4,warmstart,0,85,0,4093,0.0,16,0,4093,0.0,0,4093,0.0,16,0,4093,0.0,0,0,,0,0,0,,0,0
warmstart_seed4,4,warmstart,0,86,0,4093,0.0,16,0,4093,0.0,0,4093,0.0,16,0,4093,0.0,0,0,,0,0,0,,0,0
warmstart_seed4,4,warmstart,0,87,0,4093,0.0,16,0,4093,0.0,0,4093,0.0,16,0,4093,0.0,0,0,,0,0,0,,0,0
warmstart_seed4,4,warmstart,0,88,0,4093,0.0,16,0,4093,0.0,0,4093,0.0,16,0,4093,0.0,0,0,,0,0,0,,0,0
warmstart_seed4,4,warmstart,0,89,0,4093,0.0,16,0,4093,0.0,0,4093,0.0,16,0,4093,0.0,0,0,,0,0,0,,0,0
warmstart_seed4,4,warmstart,0,90,0,4093,0.0,16,0,4093,0.0,0,4093,0.0,16,0,4093,0.0,0,0,,0,0,0,,0,0
warmstart_seed4,4,warmstart,0,91,0,4093,0.0,16,0,4093,0.0,0,4093,0.0,16,0,4093,0.0,0,0,,0,0,0,,0,0
warmstart_seed4,4,warmstart,0,92,0,4093,0.0,16,0,4093,0.0,0,4093,0.0,16,0,4093,0.0,0,0,,0,0,0,,0,0
warmstart_seed4,4,warmstart,0,93,0,4093,0.0,16,0,4093,0.0,0,4093,0.0,16,0,4093,0.0,0,0,,0,0,0,,0,0
warmstart_seed4,4,warmstart,0,94,0,4093,0.0,16,0,4093,0.0,0,4093,0.0,16,0,4093,0.0,0,0,,0,0,0,,0,0
warmstart_seed4,4,warmstart,0,95,0,4093,0.0,16,0,4093,0.0,0,4093,0.0,16,0,4093,0.0,0,0,,0,0,0,,0,0
warmstart_seed4,4,warmstart,0,96,0,4093,0.0,16,0,4093,0.0,0,4093,0.0,16,0,4093,0.0,0,0,,0,0,0,,0,0
warmstart_seed4,4,warmstart,0,97,0,4093,0.0,16,0,4093,0.0,0,4093,0.0,16,0,4093,0.0,0,0,,0,0,0,,0,0
warmstart_seed4,4,warmstart,0,98,0,4093,0.0,16,0,4093,0.0,0,4093,0.0,16,0,4093,0.0,0,0,,0,0,0,,0,0
warmstart_seed4,4,warmstart,0,99,0,4093,0.0,16,0,4093,0.0,0,4093,0.0,16,0,4093,0.0,0,0,,0,0,0,,0,0
warmstart_seed4,4,warmstart,0,100,0,4093,0.0,16,0,4093,0.0,0,4093,0.0,16,0,4093,0.0,0,0,,0,0,0,,0,0
warmstart_seed4,4,warmstart,0,101,0,4093,0.0,16,0,4093,0.0,0,4093,0.0,16,0,4093,0.0,0,0,,0,0,0,,0,0
warmstart_seed4,4,warmstart,0,102,0,4093,0.0,16,0,4093,0.0,0,4093,0.0,16,0,4093,0.0,0,0,,0,0,0,,0,0
warmstart_seed4,4,warmstart,0,103,0,4093,0.0,16,0,4093,0.0,0,4093,0.0,16,0,4093,0.0,0,0,,0,0,0,,0,0
warmstart_seed4,4,warmstart,0,104,0,4093,0.0,16,0,4093,0.0,0,4093,0.0,16,0,4093,0.0,0,0,,0,0,0,,0,0
warmstart_seed4,4,warmstart,0,105,0,4093,0.0,16,0,4093,0.0,0,4093,0.0,16,0,4093,0.0,0,0,,0,0,0,,0,0
warmstart_seed4,4,warmstart,0,106,0,4093,0.0,16,0,4093,0.0,0,4093,0.0,16,0,4093,0.0,0,0,,0,0,0,,0,0
warmstart_seed4,4,warmstart,0,107,0,4093,0.0,16,0,4093,0.0,0,4093,0.0,16,0,4093,0.0,0,0,,0,0,0,,0,0
warmstart_seed4,4,warmstart,0,108,0,4093,0.0,16,0,4093,0.0,0,4093,0.0,16,0,4093,0.0,0,0,,0,0,0,,0,0
warmstart_seed4,4,warmstart,0,109,0,4093,0.0,16,0,4093,0.0,0,4093,0.0,16,0,4093,0.0,0,0,,0,0,0,,0,0
warmstart_seed4,4,warmstart,0,110,0,4093,0.0,16,0,4093,0.0,0,4093,0.0,16,0,4093,0.0,0,0,,0,0,0,,0,0
warmstart_seed4,4,warmstart,0,111,0,4093,0.0,16,0,4093,0.0,0,4093,0.0,16,0,4093,0.0,0,0,,0,0,0,,0,0
warmstart_seed4,4,warmstart,0,112,0,4093,0.0,16,0,4093,0.0,0,4093,0.0,16,0,4093,0.0,0,0,,0,0,0,,0,0
warmstart_seed4,4,warmstart,0,113,0,4093,0.0,16,0,4093,0.0,0,4093,0.0,16,0,4093,0.0,0,0,,0,0,0,,0,0
warmstart_seed4,4,warmstart,0,114,0,4093,0.0,16,0,4093,0.0,0,4093,0.0,16,0,4093,0.0,0,0,,0,0,0,,0,0
warmstart_seed4,4,warmstart,0,115,0,4093,0.0,16,0,4093,0.0,0,4093,0.0,16,0,4093,0.0,0,0,,0,0,0,,0,0
warmstart_seed4,4,warmstart,0,116,0,4093,0.0,16,0,4093,0.0,0,4093,0.0,16,0,4093,0.0,0,0,,0,0,0,,0,0
warmstart_seed4,4,warmstart,0,117,0,4093,0.0,16,0,4093,0.0,0,4093,0.0,16,0,4093,0.0,0,0,,0,0,0,,0,0
warmstart_seed4,4,warmstart,0,118,0,4093,0.0,16,0,4093,0.0,0,4093,0.0,16,0,4093,0.0,0,0,,0,0,0,,0,0
warmstart_seed4,4,warmstart,0,119,0,4093,0.0,16,0,4093,0.0,0,4093,0.0,16,0,4093,0.0,0,0,,0,0,0,,0,0
warmstart_seed4,4,warmstart,0,120,0,4093,0.0,16,0,4093,0.0,0,4093,0.0,16,0,4093,0.0,0,0,,0,0,0,,0,0
warmstart_seed4,4,warmstart,0,121,0,4093,0.0,16,0,4093,0.0,0,4093,0.0,16,0,4093,0.0,0,0,,0,0,0,,0,0
warmstart_seed4,4,warmstart,0,122,0,4093,0.0,16,0,4093,0.0,0,4093,0.0,16,0,4093,0.0,0,0,,0,0,0,,0,0
warmstart_seed4,4,warmstart,0,123,0,4093,0.0,16,0,4093,0.0,0,4093,0.0,16,0,4093,0.0,0,0,,0,0,0,,0,0
warmstart_seed4,4,warmstart,0,124,0,4093,0.0,16,0,4093,0.0,0,4093,0.0,16,0,4093,0.0,0,0,,0,0,0,,0,0
warmstart_seed4,4,warmstart,0,125,0,4093,0.0,16,0,4093,0.0,0,4093,0.0,16,0,4093,0.0,0,0,,0,0,0,,0,0
warmstart_seed4,4,warmstart,0,126,0,4093,0.0,16,0,4093,0.0,0,4093,0.0,16,0,4093,0.0,0,0,,0,0,0,,0,0
warmstart_seed4,4,warmstart,0,127,0,4093,0.0,16,0,4093,0.0,0,4093,0.0,16,0,4093,0.0,0,0,,0,0,0,,0,0
warmstart_seed4,4,warmstart,0,128,0,4093,0.0,16,0,4093,0.0,0,4093,0.0,16,0,4093,0.0,0,0,,0,0,0,,0,0
warmstart_seed4,4,warmstart,100,0,0,4093,0.0,16,0,4093,0.0,,,,,,,,,,,,,,,,
warmstart_seed4,4,warmstart,100,1,71,4093,0.020285120674863488,16,71,4093,0.017346689469826534,71,4093,0.020285120674863488,16,71,4093,0.017346689469826534,0,0,,0,0,0,,71,0
warmstart_seed4,4,warmstart,100,2,117,4093,0.03330885000405075,16,117,4093,0.028585389689714146,92,4022,0.02650895996971868,16,92,4022,0.022874191944306316,46,71,0.6665178571428572,16,46,71,0.647887323943662,46,0
warmstart_seed4,4,warmstart,100,3,184,4093,0.05322642156878659,16,184,4093,0.04495480087955045,109,3976,0.03223431658152928,16,109,3976,0.027414486921529174,42,117,0.36766826923076923,16,42,117,0.358974358974359,67,0
warmstart_seed4,4,warmstart,100,4,282,4093,0.07978479365173857,16,282,4093,0.06889811873931102,156,3909,0.04459308609595319,16,156,3909,0.039907904834996163,58,184,0.32229053840895944,16,58,184,0.31521739130434784,98,0
warmstart_seed4,4,warmstart,100,5,389,4093,0.10713708517301648,16,389,4093,0.0950403127290496,164,3811,0.04740502609754773,16,164,3811,0.04303332458672265,57,282,0.2078128805870174,16,57,282,0.20212765957446807,107,0
warmstart_seed4,4,warmstart,100,6,444,4093,0.123739816575138,16,444,4093,0.10847788907891522,118,3704,0.036617873490128856,16,118,3704,0.03185745140388769,63,389,0.16073676870553102,16,63,389,0.16195372750642673,55,0
warmstart_seed4,4,warmstart,100,7,509,4093,0.143991427378645,16,509,4093,0.12435866112875642,121,3649,0.03999023204092676,16,121,3649,0.03315976979994519,56,444,0.1316089238943437,16,56,444,0.12612612612612611,65,0
warmstart_seed4,4,warmstart,100,8,529,4093,0.14995036553241817,16,529,4093,0.12924505252870755,84,3584,0.02848303156002417,16,84,3584,0.0234375,64,509,0.13074364535145822,16,64,509,0.12573673870333987,20,0
warmstart_seed4,4,warmstart,100,9,575,4093,0.16362310994735546,16,575,4093,0.14048375274859518,80,3564,0.027161530587424695,16,80,3564,0.02244668911335578,34,529,0.06983997984069494,16,34,529,0.06427221172022685,46,0
warmstart_seed4,4,warmstart,100,10,605,4093,0.17213733555060892,16,605,4093,0.14781333984852188,70,3518,0.02550528796017095,16,70,3518,0.019897669130187607,40,575,0.0748779773179527,16,40,575,0.06956521739130435,30,0
warmstart_seed4,4,warmstart,100,11,626,4093,0.17910176240148143,16,626,4093,0.15294405081847057,59,3488,0.022566536723097254,16,59,3488,0.0169151376146789,38,605,0.06861604681000637,16,38,605,0.0628099173553719,21,0
warmstart_seed4,4,warmstart,100,12,638,4093,0.18356451284222652,16,638,4093,0.15587588565844124,54,3467,0.02205012673457854,16,54,3467,0.015575425439861552,42,626,0.0743885874753999,16,42,626,0.0670926517571885,12,0
warmstart_seed4,4,warmstart,100,13,635,4093,0.18311111910135108,16,635,4093,0.15514292694844858,39,3455,0.01550078440338633,16,39,3455,0.011287988422575976,42,638,0.07238694387744678,16,42,638,0.06583072100313479,-3,0
warmstart_seed4,4,warmstart,100,14,630,4093,0.18341311874715693,16,630,4093,0.1539213290984608,36,3458,0.015105333201540672,16,36,3458,0.010410641989589358,41,635,0.07033407291558187,16,41,635,0.06456692913385827,-5,0
warmstart_seed4,4,warmstart,100,15,629,4093,0.18390637974571034,16,629,4093,0.15367700952846322,33,3463,0.013442098260930069,16,33,3463,0.009529309846953509,34,630,0.06497245607589039,16,34,630,0.05396825396825397,-1,0
warmstart_seed4,4,warmstart,100,16,617,4093,0.1814153623935287,16,617,4093,0.15074517468849255,23,3464,0.009008195362407961,16,23,3464,0.0066397228637413395,35,629,0.07455210951382041,16,35,629,0.05564387917329094,-12,0
warmstart_seed4,4,warmstart,100,17,617,4093,0.18158611744179806,16,617,4093,0.15074517468849255,20,3476,0.00815513263329843,16,20,3476,0.005753739930955121,20,617,0.05606265383629744,16,20,617,0.03241491085899514,0,0
warmstart_seed4,4,warmstart,100,18,622,4093,0.18373849973795875,16,622,4093,0.15196677253848034,23,3476,0.009141129889290873,16,23,3476,0.006616800920598389,18,617,0.0843069912649432,16,18,617,0.029173419773095625,5,0
warmstart_seed4,4,warmstart,100,19,635,4093,0.1888289294465909,16,635,4093,0.15514292694844858,27,3471,0.01174816615312093,16,27,3471,0.007778738115816767,14,622,0.023658164323337897,15,14,622,0.022508038585209004,13,0
warmstart_seed4,4,warmstart,100,20,623,4093,0.1847407673653309,16,623,4093,0.15221109210847789,11,3458,0.004992845861745695,16,11,3458,0.0031810294968189707,23,635,0.03904300083292776,15,23,635,0.03622047244094488,-12,0
warmstart_seed4,4,warmstart,100,21,625,4093,0.18565988964828478,16,625,4093,0.152699731248473,22,3470,0.010206745677718102,16,22,3470,0.006340057636887608,20,623,0.033572069742097047,15,20,623,0.03210272873194221,2,0
warmstart_seed4,4,warmstart,100,22,622,4093,0.1841727254838778,16,622,4093,0.15196677253848034,17,3468,0.006954754431840831,16,17,3468,0.004901960784313725,20,625,0.04177295129726741,15,20,625,0.032,-3,0
warmstart_seed4,4,warmstart,100,23,620,4093,0.18423361437727767,16,620,4093,0.15147813339848523,19,3471,0.007368717157235171,16,19,3471,0.005473926822241429,21,622,0.04014647813526862,15,21,622,0.03376205787781351,-2,0
warmstart_seed4,4,warmstart,100,24,610,4093,0.18068459858541003,16,610,4093,0.14903493769850965,15,3473,0.004364625554906799,16,15,3473,0.004319032536711776,25,620,0.05077553446827697,15,25,620,0.04032258064516129,-10,0
warmstart_seed4,4,warmstart,100,25,606,4093,0.18053494481482224,16,606,4093,0.14805765941851942,14,3483,0.006076093104807511,16,14,3483,0.004019523399368361,18,610,0.043090539166714764,15,18,610,0.029508196721311476,-4,0
warmstart_seed4,4,warmstart,100,26,603,4093,0.18027711813783764,16,603,4093,0.14732470070852674,15,3487,0.006034096383517458,16,15,3487,0.004301691998852882,18,606,0.032036094215929546,15,18,606,0.0297029702970297,-3,0
warmstart_seed4,4,warmstart,100,27,606,4093,0.18125112689340722,16,606,4093,0.14805765941851942,17,3490,0.006380413184668512,16,17,3490,0.004871060171919771,14,603,0.028140148703514993,15,14,603,0.02321724709784411,3,0
warmstart_seed4,4,warmstart,100,28,600,4093,0.178871100163757,16,600,4093,0.1465917419985341,10,3487,0.0035264855166953738,16,10,3487,0.0028677946659019216,16,606,0.028142621325868606,15,16,606,0.026402640264026403,-6,0
warmstart_seed4,4,warmstart,100,29,606,4093,0.18122091487353997,16,606,4093,0.14805765941851942,18,3493,0.008102626222009017,16,18,3493,0.005153163469796736,12,600,0.02649146679309383,15,12,600,0.02,6,0
warmstart_seed4,4,warmstart,100,30,601,4093,0.1793534679636863,16,601,4093,0.14683606156853163,13,3487,0.004859755040525758,16,13,3487,0.003728133065672498,18,606,0.028259762640180857,15,18,606,0.0297029702970297,-5,0
warmstart_seed4,4,warmstart,100,31,600,4093,0.1789623760847971,16,600,4093,0.1465917419985341,18,3492,0.007627722086174034,16,18,3492,0.005154639175257732,19,601,0.0505540389311004,15,19,601,0.03161397670549085,-1,0
warmstart_seed4,4,warmstart,100,32,590,4093,0.17706030254545232,16,590,4093,0.14414854629855853,13,3493,0.005376086780001107,16,13,3493,0.0037217291726309764,23,600,0.059953057705437865,15,23,600,0.03833333333333333,-10,0
warmstart_seed4,4,warmstart,100,33,588,4093,0.17579864594370517,16,588,4093,0.1436599071585634,16,3503,0.005445512653247526,16,16,3503,0.004567513559805881,18,590,0.05393123543123543,15,18,590,0.030508474576271188,-2,0
warmstart_seed4,4,warmstart,100,34,588,4093,0.1765830831350747,16,588,4093,0.1436599071585634,18,3505,0.007465553747696738,16,18,3505,0.005135520684736091,18,588,0.06057649894764324,15,18,588,0.030612244897959183,0,0
warmstart_seed4,4,warmstart,100,35,580,4093,0.17427331057321876,16,580,4093,0.14170535059858294,16,3505,0.005569105861292183,16,16,3505,0.00456490727532097,24,588,0.09012556841765859,15,24,588,0.04081632653061224,-8,0
warmstart_seed4,4,warmstart,100,36,581,4093,0.17550231541537076,16,581,4093,0.1419496701685805,24,3513,0.009916056839772766,16,24,3513,0.006831767719897523,23,580,0.0896102580297151,15,23,580,0.039655172413793106,1,0
warmstart_seed4,4,warmstart,100,37,567,4093,0.17082345396979784,16,567,4093,0.1385291961886147,13,3512,0.004334792936767607,16,13,3512,0.003701594533029613,27,581,0.10227723443400111,15,27,581,0.04647160068846816,-14,0
warmstart_seed4,4,warmstart,100,38,571,4093,0.1735814535182657,16,571,4093,0.13950647446860492,21,3526,0.010576586333673785,16,21,3526,0.005955757231990925,17,567,0.10592554767833809,15,17,567,0.029982363315696647,4,0
warmstart_seed4,4,warmstart,100,39,568,4093,0.1711328645855812,16,568,4093,0.13877351575861227,17,3522,0.005555234041111251,16,17,3522,0.004826802952867689,20,571,0.11011223036223038,15,20,571,0.03502626970227671,-3,0
warmstart_seed4,4,warmstart,100,40,572,4093,0.17478145392288777,16,572,4093,0.1397507940386025,21,3525,0.010625899086584031,16,21,3525,0.005957446808510639,17,568,0.11718314408470357,15,17,568,0.02992957746478873,4,0
warmstart_seed4,4,warmstart,100,41,569,4093,0.1720709360308771,16,569,4093,0.1390178353286098,17,3521,0.006243263857062601,16,17,3521,0.004828173814257313,20,572,0.04818411438199007,14,20,572,0.03496503496503497,-3,0
warmstart_seed4,4,warmstart,100,42,569,4093,0.1734118402797586,16,569,4093,0.1390178353286098,18,3524,0.009028103428443329,16,18,3524,0.00510783200908059,18,569,0.051186282311027786,14,18,569,0.03163444639718805,0,0
warmstart_seed4,4,warmstart,100,43,564,4093,0.170378456317795,16,564,4093,0.13779623747862205,14,3524,0.005416918694631175,16,14,3524,0.003972758229284903,19,569,0.04165380170690268,14,19,569,0.033391915641476276,-5,0
warmstart_seed4,4,warmstart,100,44,564,4093,0.1711529750986276,16,564,4093,0.13779623747862205,16,3529,0.007903320649484541,16,16,3529,0.004533862283933126,16,564,0.04731128836942317,14,16,564,0.028368794326241134,0,0
warmstart_seed4,4,warmstart,100,45,565,4093,0.17095007094907388,16,565,4093,0.1380405570486196,18,3529,0.007840768785023683,16,18,3529,0.005100595069424767,17,564,0.03987953069499247,14,17,564,0.030141843971631204,1,0
warmstart_seed4,4,warmstart,100,46,563,4093,0.17095227789799838,16,563,4093,0.13755191790862448,18,3528,0.008472554181673898,16,18,3528,0.00510204081632653,20,565,0.05178878897553988,14,20,565,0.035398230088495575,-2,0
warmstart_seed4,4,warmstart,100,47,559,4093,0.1690968892537921,16,559,4093,0.13657463962863425,18,3530,0.0074565562082415104,16,18,3530,0.0050991501416430595,22,563,0.05981520710316587,14,22,563,0.03907637655417407,-4,0
warmstart_seed4,4,warmstart,100,48,558,4093,0.16876267439154113,16,558,4093,0.13633032005863668,21,3534,0.00891966557773368,16,21,3534,0.005942275042444821,22,559,0.06816743208909663,14,22,559,0.03935599284436494,-1,0
warmstart_seed4,4,warmstart,100,49,556,4093,0.16902982773807124,16,556,4093,0.13584168091864157,21,3535,0.009573205501631658,16,21,3535,0.005940594059405941,23,558,0.0605142531731896,14,23,558,0.04121863799283154,-2,0
warmstart_seed4,4,warmstart,100,50,551,4093,0.16687048548704586,16,551,4093,0.1346200830686538,19,3537,0.0073119571920528155,16,19,3537,0.0053717839977381965,24,556,0.07633156138139528,14,24,556,0.04316546762589928,-5,0
warmstart_seed4,4,warmstart,100,51,551,4093,0.16814292655254143,16,551,4093,0.1346200830686538,23,3542,0.00999684844312038,16,23,3542,0.006493506493506494,23,551,0.08019485871159156,14,23,551,0.041742286751361164,0,0
warmstart_seed4,4,warmstart,100,52,553,4093,0.16764184749539138,16,553,4093,0.13510872220864892,25,3542,0.00970526022153,16,25,3542,0.007058159232072276,23,551,0.08422617751742266,14,23,551,0.041742286751361164,2,0
warmstart_seed4,4,warmstart,100,53,549,4093,0.16730761954825157,16,549,4093,0.1341314439286587,23,3540,0.009616713457046035,16,23,3540,0.0064971751412429375,27,553,0.08830679331406634,14,27,553,0.048824593128390596,-4,0
warmstart_seed4,4,warmstart,100,54,551,4093,0.16706447884652503,16,551,4093,0.1346200830686538,25,3544,0.009462032788475298,16,25,3544,0.007054176072234763,23,549,0.08380315063891633,14,23,549,0.04189435336976321,2,0
warmstart_seed4,4,warmstart,100,55,547,4093,0.16668011996019377,16,547,4093,0.13364280478866358,19,3542,0.008594940331322423,16,19,3542,0.005364201016374929,23,551,0.058192675037830266,14,23,551,0.041742286751361164,-4,0
warmstart_seed4,4,warmstart,100,56,551,4093,0.1669305325603346,16,551,4093,0.1346200830686538,22,3546,0.008407686687249963,16,22,3546,0.006204173716864072,18,547,0.06486812061517663,14,18,547,0.03290676416819013,4,0
warmstart_seed4,4,warmstart,100,57,546,4093,0.16677327749014828,16,546,4093,0.133398485218666,18,3542,0.00924865273271667,16,18,3542,0.005081874647092038,23,551,0.06716232635436381,14,23,551,0.041742286751361164,-5,0
warmstart_seed4,4,warmstart,100,58,550,4093,0.16648555354980357,16,550,4093,0.13437576349865624,21,3547,0.007823797449817833,16,21,3547,0.005920496193966732,17,546,0.06284551193568184,14,17,546,0.031135531135531136,4,0
warmstart_seed4,4,warmstart,100,59,546,4093,0.16638405633641978,16,546,4093,0.133398485218666,16,3543,0.007765220925125445,16,16,3543,0.004515946937623483,20,550,0.061451919020096536,14,20,550,0.03636363636363636,-4,0
warmstart_seed4,4,warmstart,100,60,550,4093,0.16647326684696487,16,550,4093,0.13437576349865624,21,3547,0.00836483850049079,16,21,3547,0.005920496193966732,17,546,0.045244563360040436,14,17,546,0.031135531135531136,4,0
warmstart_seed4,4,warmstart,100,61,546,4093,0.1659693508534833,16,546,4093,0.133398485218666,17,3543,0.00795846935945923,16,17,3543,0.004798193621224951,21,550,0.06245214478600363,14,21,550,0.038181818181818185,-4,0
warmstart_seed4,4,warmstart,100,62,549,4093,0.16612819295785874,16,549,4093,0.1341314439286587,24,3547,0.00927689495861192,16,24,3547,0.0067662813645334085,21,546,0.05972188093856275,14,21,546,0.038461538461538464,3,0
warmstart_seed4,4,warmstart,100,63,544,4093,0.16513112083643838,16,544,4093,0.1329098460786709,19,3544,0.008313040787562306,16,19,3544,0.00536117381489842,24,549,0.07553782458133544,14,24,549,0.04371584699453552,-5,0
warmstart_seed4,4,warmstart,100,64,544,4093,0.16489775147685073,16,544,4093,0.1329098460786709,20,3549,0.00816985710407237,16,20,3549,0.005635390250774866,20,544,0.05744342839695233,14,20,544,0.03676470588235294,0,0
warmstart_seed4,4,warmstart,100,65,543,4093,0.1647515087845367,16,543,4093,0.13266552650867333,18,3549,0.007788405650090103,16,18,3549,0.00507185122569738,19,544,0.043249890870608154,14,19,544,0.034926470588235295,-1,0
warmstart_seed4,4,warmstart,100,66,544,4093,0.16460819347322517,16,544,4093,0.1329098460786709,19,3550,0.007639703367509582,16,19,3550,0.005352112676056338,18,543,0.04908062459936592,14,18,543,0.03314917127071823,1,0
warmstart_seed4,4,warmstart,100,67,543,4093,0.1644638069638565,16,543,4093,0.13266552650867333,18,3549,0.0074271020670263165,16,18,3549,0.00507185122569738,19,544,0.040583691412916574,14,19,544,0.034926470588235295,-1,0
warmstart_seed4,4,warmstart,100,68,545,4093,0.16500264408163207,16,545,4093,0.13315416564866847,20,3550,0.008298538944333623,16,20,3550,0.005633802816901409,18,543,0.06413065910592217,14,18,543,0.03314917127071823,2,0
warmstart_seed4,4,warmstart,100,69,543,4093,0.16432915217760222,16,543,4093,0.13266552650867333,18,3548,0.00724562041887603,16,18,3548,0.005073280721533258,20,545,0.04140678172709084,14,20,545,0.03669724770642202,-2,0
warmstart_seed4,4,warmstart,100,70,547,4093,0.16557451798398543,16,547,4093,0.13364280478866358,21,3550,0.008537558825972291,16,21,3550,0.005915492957746479,17,543,0.06241792471170228,14,17,543,0.03130755064456722,4,0
warmstart_seed4,4,warmstart,100,71,543,4093,0.16432915217760222,16,543,4093,0.13266552650867333,17,3546,0.006588719833363341,16,17,3546,0.004794134235758601,21,547,0.04415918374191522,14,21,547,0.038391224862888484,-4,0
warmstart_seed4,4,warmstart,100,72,547,4093,0.16557451798398543,16,547,4093,0.13364280478866358,21,3550,0.008537558825972291,16,21,3550,0.005915492957746479,17,543,0.06241792471170228,14,17,543,0.03130755064456722,4,0
warmstart_seed4,4,warmstart,100,73,542,4093,0.16415977548383526,16,542,4093,0.1324212069386758,16,3546,0.006397002041952298,16,16,3546,0.0045121263395375075,21,547,0.04415918374191522,14,21,547,0.038391224862888484,-5,0
warmstart_seed4,4,warmstart,100,74,547,4093,0.1655077595003654,16,547,4093,0.13364280478866358,21,3551,0.00817517733854556,16,21,3551,0.005913827090960293,16,542,0.06075872444623025,14,16,542,0.02952029520295203,5,0
warmstart_seed4,4,warmstart,100,75,542,4093,0.16415977548383526,16,542,4093,0.1324212069386758,16,3546,0.006381928119458706,16,16,3546,0.0045121263395375075,21,547,0.04879523921480999,14,21,547,0.038391224862888484,-5,0
warmstart_seed4,4,warmstart,100,76,545,4093,0.16468181618615912,16,545,4093,0.13315416564866847,21,3551,0.00817517733854556,16,21,3551,0.005913827090960293,18,542,0.06471338850363403,14,18,542,0.033210332103321034,3,0
warmstart_seed4,4,warmstart,100,77,542,4093,0.1639264120390897,16,542,4093,0.1324212069386758,19,3548,0.007749399961942566,16,19,3548,0.005355129650507328,22,545,0.04981448252857386,14,22,545,0.04036697247706422,-3,0
warmstart_seed4,4,warmstart,100,78,546,4093,0.1648342552105494,16,546,4093,0.133398485218666,22,3551,0.00885544316534156,16,22,3551,0.006195437904815545,18,542,0.06465917343375298,14,18,542,0.033210332103321034,4,0
warmstart_seed4,4,warmstart,100,79,540,4093,0.1630340269735127,16,540,4093,0.13193256779868068,15,3547,0.006025001120438626,16,15,3547,0.00422892585283338,21,546,0.08245759296423748,14,21,546,0.038461538461538464,-6,0
warmstart_seed4,4,warmstart,100,80,546,4093,0.165019654023997,16,546,4093,0.133398485218666,21,3553,0.00882713823084418,16,21,3553,0.0059104981705600905,15,540,0.07830386745025367,14,15,540,0.027777777777777776,6,0
warmstart_seed4,4,warmstart,100,81,541,4093,0.16337186481135052,16,541,4093,0.13217688736867822,15,3547,0.006026079090894422,16,15,3547,0.00422892585283338,20,546,0.07938219613884065,14,20,546,0.03663003663003663,-5,0
warmstart_seed4,4,warmstart,100,82,547,4093,0.16535749186183482,16,547,4093,0.13364280478866358,21,3552,0.008833157106036785,16,21,3552,0.0059121621621621625,15,541,0.07731180395819018,14,15,541,0.027726432532347505,6,0
warmstart_seed4,4,warmstart,100,83,543,4093,0.1637483798525179,16,543,4093,0.13266552650867333,16,3546,0.006210347379490648,16,16,3546,0.0045121263395375075,20,547,0.07846318159856366,14,20,547,0.03656307129798903,-4,0
warmstart_seed4,4,warmstart,100,84,544,4093,0.16437988381900936,16,544,4093,0.1329098460786709,18,3550,0.007936635103424424,16,18,3550,0.0050704225352112674,17,543,0.08671167625004852,14,17,543,0.03130755064456722,1,0
warmstart_seed4,4,warmstart,100,85,543,4093,0.1637483798525179,16,543,4093,0.13266552650867333,17,3549,0.006561379249919071,16,17,3549,0.004790081713158636,18,544,0.071371860221528,14,18,544,0.03308823529411765,-1,0
warmstart_seed4,4,warmstart,100,86,545,4093,0.1645511166957217,16,545,4093,0.13315416564866847,19,3550,0.008118850846864657,16,19,3550,0.005352112676056338,17,543,0.08671167625004852,14,17,543,0.03130755064456722,2,0
warmstart_seed4,4,warmstart,100,87,541,4093,0.16302473954554425,16,541,4093,0.13217688736867822,16,3548,0.00620733120269836,16,16,3548,0.004509582863585118,20,545,0.0751871874064204,14,20,545,0.03669724770642202,-4,0
warmstart_seed4,4,warmstart,100,88,545,4093,0.16471772165684723,16,545,4093,0.13315416564866847,20,3552,0.008946671262917105,16,20,3552,0.00563063063063063,16,541,0.08039121379276515,14,16,541,0.029574861367837338,4,0
warmstart_seed4,4,warmstart,100,89,540,4093,0.1626869017077064,16,540,4093,0.13193256779868068,16,3548,0.006208294834334655,16,16,3548,0.004509582863585118,21,545,0.08585598720565497,14,21,545,0.03853211009174312,-5,0
warmstart_seed4,4,warmstart,100,90,544,4093,0.16437988381900936,16,544,4093,0.1329098460786709,20,3553,0.00894265867945537,16,20,3553,0.005629045876723895,16,540,0.08138327728482864,14,16,540,0.02962962962962963,4,0
warmstart_seed4,4,warmstart,100,91,542,4093,0.16342538057118527,16,542,4093,0.1324212069386758,18,3549,0.007240727076006028,16,18,3549,0.00507185122569738,20,544,0.08030043165009941,14,20,544,0.03676470588235294,-2,0
warmstart_seed4,4,warmstart,100,92,546,4093,0.16514922688001912,16,546,4093,0.133398485218666,21,3551,0.009511442283378049,16,21,3551,0.005913827090960293,17,542,0.08148842687154503,14,17,542,0.03136531365313653,4,0
warmstart_seed4,4,warmstart,100,93,542,4093,0.16342538057118527,16,542,4093,0.1324212069386758,17,3547,0.00689954358050331,16,17,3547,0.004792782633211165,21,546,0.08072064216839847,14,21,546,0.038461538461538464,-4,0
warmstart_seed4,4,warmstart,100,94,545,4093,0.1648113890421813,16,545,4093,0.13315416564866847,21,3551,0.009511442283378049,16,21,3551,0.005913827090960293,18,542,0.08942493480805298,14,18,542,0.033210332103321034,3,0
warmstart_seed4,4,warmstart,100,95,541,4093,0.16302729139921074,16,541,4093,0.13217688736867822,17,3548,0.006731794662754392,16,17,3548,0.004791431792559188,21,545,0.08230794375570007,14,21,545,0.03853211009174312,-4,0
warmstart_seed4,4,warmstart,100,96,545,4093,0.16487419222998448,16,545,4093,0.13315416564866847,21,3552,0.009824067250053602,16,21,3552,0.0059121621621621625,17,541,0.08749443287755103,14,17,541,0.031423290203327174,4,0
warmstart_seed4,4,warmstart,100,97,542,4093,0.1631859208408351,16,542,4093,0.1324212069386758,17,3548,0.0067506758521864284,16,17,3548,0.004791431792559188,20,545,0.0406482145959709,14,20,545,0.03669724770642202,-3,0
warmstart_seed4,4,warmstart,100,98,545,4093,0.16487419222998448,16,545,4093,0.13315416564866847,20,3551,0.009664220702739024,16,20,3551,0.005632216277105041,17,542,0.07558967097278914,14,17,542,0.03136531365313653,3,0
warmstart_seed4,4,warmstart,100,99,543,4093,0.16353240681794404,16,543,4093,0.13266552650867333,19,3548,0.007810965174293383,16,19,3548,0.005355129650507328,21,545,0.04165425081327473,14,21,545,0.03853211009174312,-2,0
warmstart_seed4,4,warmstart,100,100,547,4093,0.16561267109346334,16,547,4093,0.13364280478866358,23,3550,0.011396698063503553,16,23,3550,0.006478873239436619,19,543,0.07170322923253199,14,19,543,0.034990791896869246,4,0
warmstart_seed4,4,warmstart,100,101,541,4093,0.1628087665109704,16,541,4093,0.13217688736867822,18,3546,0.007493081399389517,16,18,3546,0.005076142131979695,24,547,0.050573911548680676,14,24,547,0.043875685557586835,-6,0
warmstart_seed4,4,warmstart,100,102,547,4093,0.16561267109346334,16,547,4093,0.13364280478866358,24,3552,0.01202893566404074,16,24,3552,0.006756756756756757,18,541,0.06617812063836967,14,18,541,0.033271719038817,6,0
warmstart_seed4,4,warmstart,100,103,542,4093,0.16344067186848552,16,542,4093,0.1324212069386758,19,3546,0.008195328590400753,16,19,3546,0.00535815002820079,24,547,0.05116894303576354,14,24,547,0.043875685557586835,-5,0
warmstart_seed4,4,warmstart,100,104,548,4093,0.16595050893130117,16,548,4093,0.13388712435866112,24,3551,0.01162955089262023,16,24,3551,0.006758659532526049,18,542,0.05923006240546824,14,18,542,0.033210332103321034,6,0
warmstart_seed4,4,warmstart,100,105,545,4093,0.16441063494281338,16,545,4093,0.13315416564866847,20,3545,0.008545293251589904,16,20,3545,0.005641748942172073,23,548,0.048515543367438504,14,23,548,0.041970802919708027,-3,0
warmstart_seed4,4,warmstart,100,106,550,4093,0.16658518602145772,16,550,4093,0.13437576349865624,23,3548,0.010807125079514226,16,23,3548,0.006482525366403607,18,545,0.061770866860614025,14,18,545,0.03302752293577982,5,0
warmstart_seed4,4,warmstart,100,107,546,4093,0.16474847278065122,16,546,4093,0.133398485218666,19,3543,0.007543912509625631,16,19,3543,0.005362686988427886,23,550,0.044835093742796796,14,23,550,0.04181818181818182,-4,0
warmstart_seed4,4,warmstart,100,108,548,4093,0.16626151412035511,16,548,4093,0.13388712435866112,22,3547,0.010626405762281752,16,22,3547,0.006202424584155625,20,546,0.0695486446383918,14,20,546,0.03663003663003663,2,0
warmstart_seed4,4,warmstart,100,109,544,4093,0.16407279710497555,16,544,4093,0.1329098460786709,19,3545,0.007357484750740958,16,19,3545,0.005359661495063469,23,548,0.04994833798647581,14,23,548,0.041970802919708027,-4,0
warmstart_seed4,4,warmstart,100,110,548,4093,0.16626151412035511,16,548,4093,0.13388712435866112,23,3549,0.010975477594404431,16,23,3549,0.006480698788391096,19,544,0.06419150178124895,14,19,544,0.034926470588235295,4,0
warmstart_seed4,4,warmstart,100,111,545,4093,0.16474630139479154,16,545,4093,0.13315416564866847,19,3545,0.007706614787370995,16,19,3545,0.005359661495063469,22,548,0.04894230176917199,14,22,548,0.040145985401459854,-3,0
warmstart_seed4,4,warmstart,100,112,547,4093,0.1657091066900938,16,547,4093,0.13364280478866358,22,3548,0.010168822745687728,16,22,3548,0.0062006764374295375,20,545,0.06670193452577533,14,20,545,0.03669724770642202,2,0
warmstart_seed4,4,warmstart,100,113,545,4093,0.1647340146919528,16,545,4093,0.13315416564866847,19,3546,0.007849790650655677,16,19,3546,0.00535815002820079,21,547,0.04385820063813709,14,21,547,0.038391224862888484,-2,0
warmstart_seed4,4,warmstart,100,114,547,4093,0.1657091066900938,16,547,4093,0.13364280478866358,21,3548,0.009514389773224347,16,21,3548,0.005918827508455468,19,545,0.06472706702295752,14,19,545,0.03486238532110092,2,0
warmstart_seed4,4,warmstart,100,115,544,4093,0.164348212222817,16,544,4093,0.1329098460786709,18,3546,0.0071704428245687206,16,18,3546,0.005076142131979695,21,547,0.04385820063813709,14,21,547,0.038391224862888484,-3,0
warmstart_seed4,4,warmstart,100,116,547,4093,0.1657091066900938,16,547,4093,0.13364280478866358,21,3549,0.009492475327221542,16,21,3549,0.005917159763313609,18,544,0.0637362359079028,14,18,544,0.03308823529411765,3,0
warmstart_seed4,4,warmstart,100,117,544,4093,0.164348212222817,16,544,4093,0.1329098460786709,18,3546,0.0071704428245687206,16,18,3546,0.005076142131979695,21,547,0.04385820063813709,14,21,547,0.038391224862888484,-3,0
warmstart_seed4,4,warmstart,100,118,547,4093,0.1657091066900938,16,547,4093,0.13364280478866358,21,3549,0.009492475327221542,16,21,3549,0.005917159763313609,18,544,0.0637362359079028,14,18,544,0.03308823529411765,3,0
warmstart_seed4,4,warmstart,100,119,543,4093,0.1641769793461047,16,543,4093,0.13266552650867333,17,3546,0.006987694286557025,16,17,3546,0.004794134235758601,21,547,0.04385820063813709,14,21,547,0.038391224862888484,-4,0
warmstart_seed4,4,warmstart,100,120,546,4093,0.16553787381338148,16,546,4093,0.133398485218666,20,3550,0.00930866120006692,16,20,3550,0.005633802816901409,17,543,0.06091297221507389,14,17,543,0.03130755064456722,3,0
warmstart_seed4,4,warmstart,100,121,543,4093,0.1641769793461047,16,543,4093,0.13266552650867333,17,3547,0.0069866286974140995,16,17,3547,0.004792782633211165,20,546,0.04103493694530818,14,20,546,0.03663003663003663,-3,0
warmstart_seed4,4,warmstart,100,122,546,4093,0.16553787381338148,16,546,4093,0.133398485218666,20,3550,0.00930866120006692,16,20,3550,0.005633802816901409,17,543,0.06091297221507389,14,17,543,0.03130755064456722,3,0
warmstart_seed4,4,warmstart,100,123,543,4093,0.1641769793461047,16,543,4093,0.13266552650867333,17,3547,0.0069866286974140995,16,17,3547,0.004792782633211165,20,546,0.04103493694530818,14,20,546,0.03663003663003663,-3,0
warmstart_seed4,4,warmstart,100,124,546,4093,0.16553787381338148,16,546,4093,0.133398485218666,20,3550,0.00930866120006692,16,20,3550,0.005633802816901409,17,543,0.06091297221507389,14,17,543,0.03130755064456722,3,0
warmstart_seed4,4,warmstart,100,125,543,4093,0.1641769793461047,16,543,4093,0.13266552650867333,17,3547,0.0069866286974140995,16,17,3547,0.004792782633211165,20,546,0.04103493694530818,14,20,546,0.03663003663003663,-3,0
warmstart_seed4,4,warmstart,100,126,547,4093,0.1659780146584519,16,547,4093,0.13364280478866358,21,3550,0.009838322217016074,16,21,3550,0.005915492957746479,17,543,0.06091297221507389,14,17,543,0.03130755064456722,4,0
warmstart_seed4,4,warmstart,100,127,542,4093,0.16376031267943802,16,542,4093,0.1324212069386758,16,3546,0.006447136584779572,16,16,3546,0.0045121263395375075,21,547,0.04414052700741998,14,21,547,0.038391224862888484,-5,0
warmstart_seed4,4,warmstart,100,128,548,4093,0.16637610383042645,16,548,4093,0.13388712435866112,22,3551,0.01034548082779333,16,22,3551,0.006195437904815545,16,542,0.058872155888543276,14,16,542,0.02952029520295203,6,0
warmstart_seed4,4,warmstart,200,0,0,4093,0.0,16,0,4093,0.0,,,,,,,,,,,,,,,,
warmstart_seed4,4,warmstart,200,1,107,4093,0.02910492977467157,16,107,4093,0.026142193989738577,107,4093,0.02910492977467157,16,107,4093,0.026142193989738577,0,0,,0,0,0,,107,0
warmstart_seed4,4,warmstart,200,2,175,4093,0.0486945636154362,16,175,4093,0.04275592474957244,71,3986,0.021115140785513766,16,71,3986,0.017812343201204214,3,107,0.027256944444444445,16,3,107,0.028037383177570093,68,0
warmstart_seed4,4,warmstart,200,3,276,4093,0.0763186494256977,16,276,4093,0.06743220131932567,102,3918,0.029437031643105953,16,102,3918,0.026033690658499236,1,175,0.006944444444444444,16,1,175,0.005714285714285714,101,0
warmstart_seed4,4,warmstart,200,4,370,4093,0.10256726540409125,16,370,4093,0.09039824089909601,100,3817,0.0307218447945751,16,100,3817,0.026198585276395073,6,276,0.019618055555555555,16,6,276,0.021739130434782608,94,0
warmstart_seed4,4,warmstart,200,5,409,4093,0.1126070730121689,16,409,4093,0.09992670412900073,42,3723,0.012284298991777805,16,42,3723,0.011281224818694601,3,370,0.008611031655225018,16,3,370,0.008108108108108109,39,0
warmstart_seed4,4,warmstart,200,6,467,4093,0.12818204772466274,16,467,4093,0.11409723918885903,61,3684,0.01904662457009744,16,61,3684,0.016558089033659067,3,409,0.007260884277013309,16,3,409,0.007334963325183374,58,0
warmstart_seed4,4,warmstart,200,7,554,4093,0.1529197016074293,16,554,4093,0.13535304177864646,88,3626,0.029464838181469066,16,88,3626,0.024269167126309985,1,467,0.001953125,16,1,467,0.0021413276231263384,87,0
warmstart_seed4,4,warmstart,200,8,655,4093,0.18225160378091484,16,655,4093,0.1600293183483997,109,3539,0.03871405690192932,16,109,3539,0.030799660921164172,8,554,0.014629457974147823,16,8,554,0.01444043321299639,101,0
warmstart_seed4,4,warmstart,200,9,668,4093,0.1856228915457365,16,668,4093,0.16320547275836794,37,3438,0.013361184137377018,16,37,3438,0.010762070971495055,24,655,0.03457356584112408,16,24,655,0.0366412213740458,13,0
warmstart_seed4,4,warmstart,200,10,689,4093,0.19264105375565066,16,689,4093,0.16833618372831663,65,3425,0.024760260024839595,16,65,3425,0.01897810218978102,44,668,0.06544053122768154,16,44,668,0.0658682634730539,21,0
warmstart_seed4,4,warmstart,200,11,702,4093,0.19728216697803844,16,702,4093,0.17151233813828487,59,3404,0.02149283828431134,16,59,3404,0.017332549941245595,46,689,0.07007233706655841,16,46,689,0.06676342525399129,13,0
warmstart_seed4,4,warmstart,200,12,722,4093,0.20471270475842201,16,722,4093,0.17639872953823602,76,3391,0.030852022503322658,16,76,3391,0.022412267767620172,56,702,0.09459790812236184,16,56,702,0.07977207977207977,20,0
warmstart_seed4,4,warmstart,200,13,699,4093,0.1978113630274505,16,699,4093,0.17077937942829222,31,3371,0.010128698978926058,16,31,3371,0.009196084247997626,54,722,0.0867209769445629,16,54,722,0.07479224376731301,-23,0
warmstart_seed4,4,warmstart,200,14,670,4093,0.1906697645005352,16,670,4093,0.16369411189836305,35,3394,0.014585555415442791,16,35,3394,0.010312315851502652,64,699,0.10330277336529027,16,64,699,0.09155937052932761,-29,0
warmstart_seed4,4,warmstart,200,15,659,4093,0.18692758000830534,16,659,4093,0.16100659662838993,31,3423,0.012023892375338241,16,31,3423,0.009056383289512124,42,670,0.06546903153654532,16,42,670,0.0626865671641791,-11,0
warmstart_seed4,4,warmstart,200,16,633,4093,0.18059489725793038,16,633,4093,0.15465428780845344,29,3434,0.010823163452859101,16,29,3434,0.00844496214327315,55,659,0.0980610594792966,16,55,659,0.0834597875569044,-26,0
warmstart_seed4,4,warmstart,200,17,608,4093,0.1742168474847461,16,608,4093,0.14854629855851453,33,3460,0.012360541720861245,16,33,3460,0.00953757225433526,58,633,0.11214742137503654,16,58,633,0.09162717219589257,-25,0
warmstart_seed4,4,warmstart,200,18,565,4093,0.163326157487318,16,565,4093,0.1380405570486196,23,3485,0.00886883488913148,16,23,3485,0.006599713055954089,66,608,0.12590698229285185,16,66,608,0.10855263157894737,-43,0
warmstart_seed4,4,warmstart,200,19,550,4093,0.15809679360844214,16,550,4093,0.13437576349865624,32,3528,0.011044021960884573,16,32,3528,0.009070294784580499,47,565,0.0917686213919642,16,47,565,0.0831858407079646,-15,0
warmstart_seed4,4,warmstart,200,20,524,4093,0.15269646644796825,16,524,4093,0.12802345467871976,23,3543,0.009327509091956347,16,23,3543,0.006491673722833756,49,550,0.1258698593073593,16,49,550,0.0890909090909091,-26,0
warmstart_seed4,4,warmstart,200,21,488,4093,0.14317852293927075,16,488,4093,0.11922795015880772,18,3569,0.006295055549325498,16,18,3569,0.0050434295320818156,54,524,0.15804162713768202,16,54,524,0.10305343511450382,-36,0
warmstart_seed4,4,warmstart,200,22,457,4093,0.13382092966266648,16,457,4093,0.11165404348888346,16,3605,0.006519089342776974,16,16,3605,0.004438280166435506,47,488,0.11571623731955887,16,47,488,0.09631147540983606,-31,0
warmstart_seed4,4,warmstart,200,23,425,4093,0.12550130321564396,16,425,4093,0.10383581724896164,16,3636,0.0062201024066632065,16,16,3636,0.0044004400440044,48,457,0.19046108622136246,16,48,457,0.1050328227571116,-32,0
warmstart_seed4,4,warmstart,200,24,399,4093,0.11748095776571409,16,399,4093,0.09748350842902516,10,3668,0.0035074892486278856,16,10,3668,0.0027262813522355507,36,425,0.14319897675480486,15,36,425,0.08470588235294117,-26,0
warmstart_seed4,4,warmstart,200,25,366,4093,0.10844024386436962,16,366,4093,0.08942096261910579,9,3694,0.003507697446109966,16,9,3694,0.0024363833243096914,42,399,0.20332854619880322,15,42,399,0.10526315789473684,-33,0
warmstart_seed4,4,warmstart,200,26,351,4093,0.10487863469602568,16,351,4093,0.08575616906914243,14,3727,0.004774184257912487,16,14,3727,0.003756372417493963,29,366,0.1713440685093829,14,29,366,0.07923497267759563,-15,0
warmstart_seed4,4,warmstart,200,27,328,4093,0.09859313538682682,16,328,4093,0.08013681895919864,10,3742,0.00411208500515871,16,10,3742,0.002672367717797969,33,351,0.10882132966163066,13,33,351,0.09401709401709402,-23,0
warmstart_seed4,4,warmstart,200,28,306,4093,0.09199416691144156,16,306,4093,0.07476178841925238,9,3765,0.002850562957509664,16,9,3765,0.002390438247011952,31,328,0.12423770297073465,13,31,328,0.09451219512195122,-22,0
warmstart_seed4,4,warmstart,200,29,302,4093,0.09105157229021871,16,302,4093,0.07378451013926215,11,3787,0.003995741810384229,16,11,3787,0.002904673884341167,15,306,0.0781791438076199,13,15,306,0.049019607843137254,-4,0
warmstart_seed4,4,warmstart,200,30,288,4093,0.08751762757141479,16,288,4093,0.07036403615929636,9,3791,0.00298738189603767,16,9,3791,0.002374043787918755,23,302,0.13454869158963453,13,23,302,0.076158940397351,-14,0
warmstart_seed4,4,warmstart,200,31,272,4093,0.08248146919114421,16,272,4093,0.06645492303933545,7,3805,0.0027438593202165516,16,7,3805,0.0018396846254927727,23,288,0.16556215351030104,13,23,288,0.0798611111111111,-16,0
warmstart_seed4,4,warmstart,200,32,258,4093,0.07863716492853176,16,258,4093,0.06303444905936965,7,3821,0.002927379554907975,16,7,3821,0.0018319811567652448,21,272,0.16499098524204392,12,21,272,0.07720588235294118,-14,0
warmstart_seed4,4,warmstart,200,33,243,4093,0.0757329755170287,16,243,4093,0.0593696555094063,6,3835,0.0023499123802169803,16,6,3835,0.0015645371577574967,21,258,0.19715556451793595,12,21,258,0.08139534883720931,-15,0
warmstart_seed4,4,warmstart,200,34,237,4093,0.07385357067204021,16,237,4093,0.05790373808942096,3,3850,0.0010311071357582986,16,3,3850,0.0007792207792207792,9,243,0.08654401154401155,12,9,243,0.037037037037037035,-6,0
warmstart_seed4,4,warmstart,200,35,234,4093,0.0724711611093068,16,234,4093,0.05717077937942829,8,3856,0.0029324975095524263,16,8,3856,0.002074688796680498,11,237,0.12290640394088671,12,11,237,0.046413502109704644,-3,0
warmstart_seed4,4,warmstart,200,36,226,4093,0.07023419588120922,16,226,4093,0.05521622281944784,6,3859,0.0022632622524728263,16,6,3859,0.0015548069448043534,14,234,0.13363587631880317,11,14,234,0.05982905982905983,-8,0
warmstart_seed4,4,warmstart,200,37,213,4093,0.06696490252132803,16,213,4093,0.0520400684094796,0,3867,0.0,16,0,3867,0.0,13,226,0.1764441698652225,11,13,226,0.05752212389380531,-13,0
warmstart_seed4,4,warmstart,200,38,209,4093,0.06648295688029743,16,209,4093,0.051062790129489374,4,3880,0.0016037447793620467,16,4,3880,0.0010309278350515464,8,213,0.1938176601017347,11,8,213,0.03755868544600939,-4,0
warmstart_seed4,4,warmstart,200,39,204,4093,0.06469416329311822,16,204,4093,0.04984119227950159,4,3884,0.0011454870723345842,16,4,3884,0.0010298661174047373,9,209,0.16487815425315425,9,9,209,0.0430622009569378,-5,0
warmstart_seed4,4,warmstart,200,40,204,4093,0.06487073890217536,16,204,4093,0.04984119227950159,6,3889,0.002322723886076879,16,6,3889,0.0015428130624839291,6,204,0.1530459192223898,9,6,204,0.029411764705882353,0,0
warmstart_seed4,4,warmstart,200,41,203,4093,0.0643472639277317,16,203,4093,0.04959687270950403,4,3889,0.0013206388206388206,16,4,3889,0.0010285420416559527,5,204,0.028521825396825396,8,5,204,0.024509803921568627,-1,0
warmstart_seed4,4,warmstart,200,42,197,4093,0.062448926072131,16,197,4093,0.04813095528951869,0,3890,0.0,16,0,3890,0.0,6,203,0.060196585213032575,8,6,203,0.029556650246305417,-6,0
warmstart_seed4,4,warmstart,200,43,191,4093,0.06048076017218284,16,191,4093,0.04666503786953335,2,3896,0.0009231251362546327,16,2,3896,0.000513347022587269,8,197,0.08835580518238338,8,8,197,0.04060913705583756,-6,0
warmstart_seed4,4,warmstart,200,44,188,4093,0.05930687900838372,16,188,4093,0.04593207915954068,3,3902,0.0011039402173913045,16,3,3902,0.0007688364941055869,6,191,0.04815705128205128,8,6,191,0.031413612565445025,-3,0
warmstart_seed4,4,warmstart,200,45,187,4093,0.059017750348042936,16,187,4093,0.045687759589543124,3,3905,0.0011049278255084035,16,3,3905,0.0007682458386683739,4,188,0.084375,8,4,188,0.02127659574468085,-1,0
warmstart_seed4,4,warmstart,200,46,187,4093,0.05893603244991365,16,187,4093,0.045687759589543124,4,3906,0.001496205583819829,16,4,3906,0.0010240655401945725,4,187,0.13855978260869564,8,4,187,0.0213903743315508,0,0
warmstart_seed4,4,warmstart,200,47,184,4093,0.05785020844165356,16,184,4093,0.04495480087955045,0,3906,0.0,16,0,3906,0.0,3,187,0.025309717382888113,7,3,187,0.016042780748663103,-3,0
warmstart_seed4,4,warmstart,200,48,183,4093,0.057656562698641875,16,183,4093,0.044710481309552894,2,3909,0.0008441763090360632,16,2,3909,0.0005116398055768739,3,184,0.017407325248940154,7,3,184,0.016304347826086956,-1,0
warmstart_seed4,4,warmstart,200,49,183,4093,0.057641724142136655,16,183,4093,0.044710481309552894,3,3910,0.0011007123733027349,16,3,3910,0.0007672634271099745,3,183,0.018960511033681765,7,3,183,0.01639344262295082,0,0
warmstart_seed4,4,warmstart,200,50,181,4093,0.05691163490434814,16,181,4093,0.04422184216955778,3,3910,0.0011242086139042384,16,3,3910,0.0007672634271099745,5,183,0.03768115942028986,7,5,183,0.0273224043715847,-2,0
warmstart_seed4,4,warmstart,200,51,174,4093,0.05440498685298141,16,174,4093,0.042511605179574884,0,3912,0.0,16,0,3912,0.0,7,181,0.06370156758355515,7,7,181,0.03867403314917127,-7,0
warmstart_seed4,4,warmstart,200,52,168,4093,0.05243523041175758,16,168,4093,0.04104568775958954,0,3919,0.0,16,0,3919,0.0,6,174,0.0390388413429888,7,6,174,0.034482758620689655,-6,0
warmstart_seed4,4,warmstart,200,53,165,4093,0.05092217210398058,16,165,4093,0.040312729049596874,3,3925,0.000922357552480665,16,3,3925,0.0007643312101910828,6,168,0.07125688412837418,7,6,168,0.03571428571428571,-3,0
warmstart_seed4,4,warmstart,200,54,162,4093,0.04970932709336487,16,162,4093,0.0395797703396042,2,3928,0.0008561643835616438,16,2,3928,0.0005091649694501018,5,165,0.08333333333333333,7,5,165,0.030303030303030304,-3,0
warmstart_seed4,4,warmstart,200,55,163,4093,0.05002609801701985,16,163,4093,0.03982408990960176,3,3931,0.0012956236711552092,16,3,3931,0.0007631645891630628,2,162,0.016071428571428573,7,2,162,0.012345679012345678,1,0
warmstart_seed4,4,warmstart,200,56,162,4093,0.04948404554788405,16,162,4093,0.0395797703396042,3,3930,0.0010329061540515286,16,3,3930,0.0007633587786259542,4,163,0.03673469387755102,7,4,163,0.024539877300613498,-1,0
warmstart_seed4,4,warmstart,200,57,161,4093,0.049137888743059285,16,161,4093,0.03933545076960664,1,3931,0.0003787878787878788,16,1,3931,0.0002543881963876876,2,162,0.038056206088992975,7,2,162,0.012345679012345678,-1,0
warmstart_seed4,4,warmstart,200,58,157,4093,0.04765142370915818,16,157,4093,0.03835817248961642,0,3932,0.0,16,0,3932,0.0,4,161,0.06794810947634868,7,4,161,0.024844720496894408,-4,0
warmstart_seed4,4,warmstart,200,59,158,4093,0.048187867203935,16,158,4093,0.038602492059613976,3,3936,0.0012578097895656127,16,3,3936,0.0007621951219512195,2,157,0.005782312925170068,7,2,157,0.012738853503184714,1,0
warmstart_seed4,4,warmstart,200,60,159,4093,0.048352127065776906,16,159,4093,0.03884681162961153,3,3935,0.0010341244301421294,16,3,3935,0.0007623888182973316,2,158,0.07482993197278912,7,2,158,0.012658227848101266,1,0
warmstart_seed4,4,warmstart,200,61,163,4093,0.049602210935878896,16,163,4093,0.03982408990960176,4,3934,0.0014622701970262947,16,4,3934,0.0010167768174885613,0,159,0.0,7,0,159,0.0,4,0
warmstart_seed4,4,warmstart,200,62,163,4093,0.04937274233684508,16,163,4093,0.03982408990960176,2,3930,0.0007716049382716049,16,2,3930,0.0005089058524173028,2,163,0.047619047619047616,7,2,163,0.012269938650306749,0,0
warmstart_seed4,4,warmstart,200,63,159,4093,0.04774067880589619,16,159,4093,0.03884681162961153,0,3930,0.0,16,0,3930,0.0,4,163,0.22108843537414966,7,4,163,0.024539877300613498,-4,0
warmstart_seed4,4,warmstart,200,64,159,4093,0.047755517362401426,16,159,4093,0.03884681162961153,1,3934,0.00045955882352941176,16,1,3934,0.0002541942043721403,1,159,0.011111111111111112,6,1,159,0.006289308176100629,0,0
warmstart_seed4,4,warmstart,200,65,158,4093,0.047453584995251666,16,158,4093,0.038602492059613976,1,3934,0.000390625,16,1,3934,0.0002541942043721403,2,159,0.0070921985815602835,6,2,159,0.012578616352201259,-1,0
warmstart_seed4,4,warmstart,200,66,157,4093,0.0471727207977208,16,157,4093,0.03835817248961642,1,3935,0.0004222972972972973,16,1,3935,0.00025412960609911054,2,158,0.08615819209039548,6,2,158,0.012658227848101266,-1,0
warmstart_seed4,4,warmstart,200,67,158,4093,0.0474022732668566,16,158,4093,0.038602492059613976,3,3936,0.001092386682934043,16,3,3936,0.0007621951219512195,2,157,0.17028985507246377,6,2,157,0.012738853503184714,1,0
warmstart_seed4,4,warmstart,200,68,160,4093,0.04811526332631405,16,160,4093,0.03909113119960909,3,3935,0.0011314307790229023,16,3,3935,0.0007623888182973316,1,158,0.0034482758620689655,5,1,158,0.006329113924050633,2,0
warmstart_seed4,4,warmstart,200,69,162,4093,0.048901706821090886,16,162,4093,0.0395797703396042,2,3933,0.0008945001022285831,16,2,3933,0.0005085176709890668,0,160,0.0,5,0,160,0.0,2,0
warmstart_seed4,4,warmstart,200,70,161,4093,0.048614613010446346,16,161,4093,0.03933545076960664,1,3931,0.00046992481203007516,16,1,3931,0.0002543881963876876,2,162,0.01602002503128911,5,2,162,0.012345679012345678,-1,0
warmstart_seed4,4,warmstart,200,71,162,4093,0.04901525403608737,16,162,4093,0.0395797703396042,3,3932,0.0011432151377803552,16,3,3932,0.000762970498474059,2,161,0.015458937198067632,5,2,161,0.012422360248447204,1,0
warmstart_seed4,4,warmstart,200,72,162,4093,0.04901525403608737,16,162,4093,0.0395797703396042,0,3931,0.0,16,0,3931,0.0,0,162,0.0,5,0,162,0.0,0,0
warmstart_seed4,4,warmstart,200,73,162,4093,0.04917631172839506,16,162,4093,0.0395797703396042,2,3931,0.0007586307681727529,16,2,3931,0.0005087763927753752,2,162,0.007017543859649122,5,2,162,0.012345679012345678,0,0
warmstart_seed4,4,warmstart,200,74,163,4093,0.04964598429951691,16,163,4093,0.03982408990960176,2,3931,0.0008561643835616438,16,2,3931,0.0005087763927753752,1,162,0.004347826086956522,5,1,162,0.006172839506172839,1,0
warmstart_seed4,4,warmstart,200,75,164,4093,0.04982253086419753,16,164,4093,0.04006840947959932,2,3930,0.0006686078990000559,16,2,3930,0.0005089058524173028,1,163,0.01111111111111111,5,1,163,0.006134969325153374,1,0
warmstart_seed4,4,warmstart,200,76,164,4093,0.049958333333333334,16,164,4093,0.04006840947959932,1,3929,0.0004310344827586207,16,1,3929,0.00025451768897938407,1,164,0.0036363636363636364,5,1,164,0.006097560975609756,0,0
warmstart_seed4,4,warmstart,200,77,164,4093,0.05009413580246913,16,164,4093,0.04006840947959932,2,3929,0.0008222265355417529,16,2,3929,0.0005090353779587681,2,164,0.008051529790660225,5,2,164,0.012195121951219513,0,0
warmstart_seed4,4,warmstart,200,78,165,4093,0.050494776828110155,16,165,4093,0.040312729049596874,1,3929,0.0004807692307692308,16,1,3929,0.00025451768897938407,0,164,0.0,5,0,164,0.0,1,0
warmstart_seed4,4,warmstart,200,79,168,4093,0.05159799124654197,16,168,4093,0.04104568775958954,3,3928,0.0013571910058259905,16,3,3928,0.0007637474541751527,0,165,0.0,5,0,165,0.0,3,0
warmstart_seed4,4,warmstart,200,80,169,4093,0.05187324646971386,16,169,4093,0.0412900073295871,3,3925,0.0011668418933428776,16,3,3925,0.0007643312101910828,2,168,0.014781634938409855,5,2,168,0.011904761904761904,1,0
warmstart_seed4,4,warmstart,200,81,169,4093,0.05187324646971386,16,169,4093,0.0412900073295871,2,3924,0.0008246527777777778,16,2,3924,0.0005096839959225281,2,169,0.015366430260047281,5,2,169,0.011834319526627219,0,0
warmstart_seed4,4,warmstart,200,82,170,4093,0.05225904893884966,16,170,4093,0.04153432689958466,2,3924,0.000719415905631659,16,2,3924,0.0005096839959225281,1,169,0.009523809523809523,5,1,169,0.005917159763313609,1,0
warmstart_seed4,4,warmstart,200,83,170,4093,0.05225904893884966,16,170,4093,0.04153432689958466,0,3923,0.0,16,0,3923,0.0,0,170,0.0,5,0,170,0.0,0,0
warmstart_seed4,4,warmstart,200,84,169,4093,0.052019465605516325,16,169,4093,0.0412900073295871,1,3923,0.00028538812785388126,16,1,3923,0.0002549069589599796,2,170,0.007547169811320755,5,2,170,0.011764705882352941,-1,0
warmstart_seed4,4,warmstart,200,85,169,4093,0.052019465605516325,16,169,4093,0.0412900073295871,0,3924,0.0,16,0,3924,0.0,0,169,0.0,5,0,169,0.0,0,0
warmstart_seed4,4,warmstart,200,86,168,4093,0.0516188245798753,16,168,4093,0.04104568775958954,1,3924,0.00028669724770642203,16,1,3924,0.00025484199796126404,2,169,0.01575757575757576,5,2,169,0.011834319526627219,-1,0
warmstart_seed4,4,warmstart,200,87,170,4093,0.05226504371567778,16,170,4093,0.04153432689958466,2,3925,0.000723760184769359,16,2,3925,0.0005095541401273885,0,168,0.0,5,0,168,0.0,2,0
warmstart_seed4,4,warmstart,200,88,176,4093,0.0543164096370618,16,176,4093,0.043000244319569995,6,3923,0.002493661246754083,16,6,3923,0.0015294417537598777,0,170,0.0,5,0,170,0.0,6,0
warmstart_seed4,4,warmstart,200,89,176,4093,0.05444179543953094,16,176,4093,0.043000244319569995,1,3917,0.0004432624113475177,16,1,3917,0.0002552974214960429,1,176,0.008333333333333333,5,1,176,0.005681818181818182,0,0
warmstart_seed4,4,warmstart,200,90,177,4093,0.054842436465171965,16,177,4093,0.04324456388956755,1,3917,0.0005,16,1,3917,0.0002552974214960429,0,176,0.0,5,0,176,0.0,1,0
warmstart_seed4,4,warmstart,200,91,179,4093,0.0556288799599488,16,179,4093,0.04373320302956267,2,3916,0.0009504608294930875,16,2,3916,0.0005107252298263534,0,177,0.0,5,0,177,0.0,2,0
warmstart_seed4,4,warmstart,200,92,179,4093,0.0556288799599488,16,179,4093,0.04373320302956267,0,3914,0.0,16,0,3914,0.0,0,179,0.0,5,0,179,0.0,0,0
warmstart_seed4,4,warmstart,200,93,180,4093,0.056014682429084604,16,180,4093,0.043977522599560226,1,3914,0.0004496402877697842,16,1,3914,0.0002554931016862545,0,179,0.0,5,0,179,0.0,1,0
warmstart_seed4,4,warmstart,200,94,180,4093,0.056140068231553736,16,180,4093,0.043977522599560226,1,3913,0.0004528985507246377,16,1,3913,0.0002555583950932788,1,180,0.008695652173913044,5,1,180,0.005555555555555556,0,0
warmstart_seed4,4,warmstart,200,95,182,4093,0.05684264162434452,16,182,4093,0.04446616173955534,3,3913,0.0011903969492603997,16,3,3913,0.0007666751852798365,1,180,0.00909090909090909,5,1,180,0.005555555555555556,2,0
warmstart_seed4,4,warmstart,200,96,181,4093,0.05667651172633057,16,181,4093,0.04422184216955778,3,3911,0.0013665886335037791,16,3,3911,0.000767067246228586,4,182,0.01780392156862745,5,4,182,0.02197802197802198,-1,0
warmstart_seed4,4,warmstart,200,97,184,4093,0.057915528613898176,16,184,4093,0.04495480087955045,5,3912,0.0021664158554234245,16,5,3912,0.001278118609406953,2,181,0.013090909090909092,5,2,181,0.011049723756906077,3,0
warmstart_seed4,4,warmstart,200,98,183,4093,0.057500049031751925,16,183,4093,0.044710481309552894,1,3909,0.000462962962962963,16,1,3909,0.00025581990278843696,2,184,0.01111111111111111,5,2,184,0.010869565217391304,-1,0
warmstart_seed4,4,warmstart,200,99,187,4093,0.05872345575787605,16,187,4093,0.045687759589543124,4,3910,0.0014837787493545795,16,4,3910,0.0010230179028132991,0,183,0.0,5,0,183,0.0,4,0
warmstart_seed4,4,warmstart,200,100,188,4093,0.059207966885503116,16,188,4093,0.04593207915954068,2,3906,0.000982946836067596,16,2,3906,0.0005120327700972862,1,187,0.00392156862745098,5,1,187,0.0053475935828877,1,0
warmstart_seed4,4,warmstart,200,101,188,4093,0.059207966885503116,16,188,4093,0.04593207915954068,0,3905,0.0,16,0,3905,0.0,0,188,0.0,5,0,188,0.0,0,0
warmstart_seed4,4,warmstart,200,102,188,4093,0.05916645118502002,16,188,4093,0.04593207915954068,1,3905,0.00028935185185185184,16,1,3905,0.00025608194622279127,1,188,0.004,5,1,188,0.005319148936170213,0,0
warmstart_seed4,4,warmstart,200,103,189,4093,0.05965096231264709,16,189,4093,0.046176398729538236,2,3905,0.0009907581453634084,16,2,3905,0.0005121638924455825,1,188,0.004081632653061224,5,1,188,0.005319148936170213,1,0
warmstart_seed4,4,warmstart,200,104,188,4093,0.05953077000495478,16,188,4093,0.04593207915954068,1,3904,0.0005252100840336134,16,1,3904,0.00025614754098360657,2,189,0.016,5,2,189,0.010582010582010581,-1,0
warmstart_seed4,4,warmstart,200,105,188,4093,0.05940538420248566,16,188,4093,0.04593207915954068,1,3905,0.0002880184331797235,16,1,3905,0.00025608194622279127,1,188,0.006666666666666666,5,1,188,0.005319148936170213,0,0
warmstart_seed4,4,warmstart,200,106,187,4093,0.059144967535818986,16,187,4093,0.045687759589543124,0,3905,0.0,16,0,3905,0.0,1,188,0.008333333333333333,5,1,188,0.005319148936170213,-1,0
warmstart_seed4,4,warmstart,200,107,185,4093,0.058494326510177955,16,185,4093,0.045199120449548005,0,3906,0.0,16,0,3906,0.0,2,187,0.009344790547798066,5,2,187,0.0106951871657754,-2,0
warmstart_seed4,4,warmstart,200,108,186,4093,0.05871322747636154,16,186,4093,0.04544344001954557,2,3908,0.000576036866359447,16,2,3908,0.0005117707267144319,1,185,0.004166666666666667,5,1,185,0.005405405405405406,1,0
warmstart_seed4,4,warmstart,200,109,186,4093,0.05871322747636154,16,186,4093,0.04544344001954557,0,3907,0.0,16,0,3907,0.0,0,186,0.0,5,0,186,0.0,0,0
warmstart_seed4,4,warmstart,200,110,186,4093,0.0587651598435113,16,186,4093,0.04544344001954557,2,3907,0.00078125,16,2,3907,0.0005119017148707448,2,186,0.008421985815602837,5,2,186,0.010752688172043012,0,0
warmstart_seed4,4,warmstart,200,111,185,4093,0.058504743176844634,16,185,4093,0.045199120449548005,0,3907,0.0,16,0,3907,0.0,1,186,0.008,5,1,186,0.005376344086021506,-1,0
warmstart_seed4,4,warmstart,200,112,185,4093,0.0585151598435113,16,185,4093,0.045199120449548005,1,3908,0.00028935185185185184,16,1,3908,0.00025588536335721597,1,185,0.00425531914893617,5,1,185,0.005405405405405406,0,0
warmstart_seed4,4,warmstart,200,113,185,4093,0.0585151598435113,16,185,4093,0.045199120449548005,0,3908,0.0,16,0,3908,0.0,0,185,0.0,5,0,185,0.0,0,0
warmstart_seed4,4,warmstart,200,114,184,4093,0.05821322747636154,16,184,4093,0.04495480087955045,0,3908,0.0,16,0,3908,0.0,1,185,0.004166666666666667,5,1,185,0.005405405405405406,-1,0
warmstart_seed4,4,warmstart,200,115,182,4093,0.05766129510921178,16,182,4093,0.04446616173955534,0,3909,0.0,16,0,3909,0.0,2,184,0.008603145235892692,5,2,184,0.010869565217391304,-2,0
warmstart_seed4,4,warmstart,200,116,182,4093,0.05766129510921178,16,182,4093,0.04446616173955534,0,3911,0.0,16,0,3911,0.0,0,182,0.0,5,0,182,0.0,0,0
warmstart_seed4,4,warmstart,200,117,182,4093,0.057619779408728686,16,182,4093,0.04446616173955534,1,3911,0.00029069767441860465,16,1,3911,0.00025568908207619537,1,182,0.004347826086956522,5,1,182,0.005494505494505495,0,0
warmstart_seed4,4,warmstart,200,118,182,4093,0.05766129510921178,16,182,4093,0.04446616173955534,1,3911,0.00038580246913580245,16,1,3911,0.00025568908207619537,1,182,0.007692307692307693,5,1,182,0.005494505494505495,0,0
warmstart_seed4,4,warmstart,200,119,180,4093,0.056973560272926216,16,180,4093,0.043977522599560226,0,3911,0.0,16,0,3911,0.0,2,182,0.011244377811094452,5,2,182,0.01098901098901099,-2,0
warmstart_seed4,4,warmstart,200,120,179,4093,0.05671314360625955,16,179,4093,0.04373320302956267,1,3913,0.00038580246913580245,16,1,3913,0.0002555583950932788,2,180,0.012444444444444444,5,2,180,0.011111111111111112,-1,0
warmstart_seed4,4,warmstart,200,121,178,4093,0.056452726939592884,16,178,4093,0.043488883459565114,1,3914,0.00038580246913580245,16,1,3914,0.0002554931016862545,2,179,0.012777777777777777,5,2,179,0.0111731843575419,-1,0
warmstart_seed4,4,warmstart,200,122,176,4093,0.055666283444816056,16,176,4093,0.043000244319569995,0,3915,0.0,16,0,3915,0.0,2,178,0.012548262548262547,5,2,178,0.011235955056179775,-2,0
warmstart_seed4,4,warmstart,200,123,177,4093,0.055968215811965816,16,177,4093,0.04324456388956755,1,3917,0.00038580246913580245,16,1,3917,0.0002552974214960429,0,176,0.0,5,0,176,0.0,1,0
warmstart_seed4,4,warmstart,200,124,177,4093,0.055968215811965816,16,177,4093,0.04324456388956755,0,3916,0.0,16,0,3916,0.0,0,177,0.0,5,0,177,0.0,0,0
warmstart_seed4,4,warmstart,200,125,175,4093,0.055265642419175025,16,175,4093,0.04275592474957244,0,3916,0.0,16,0,3916,0.0,2,177,0.009903381642512078,5,2,177,0.011299435028248588,-2,0
warmstart_seed4,4,warmstart,200,126,174,4093,0.054963710052025265,16,174,4093,0.042511605179574884,0,3918,0.0,16,0,3918,0.0,1,175,0.0044444444444444444,5,1,175,0.005714285714285714,-1,0
warmstart_seed4,4,warmstart,200,127,172,4093,0.054302652359717575,16,172,4093,0.04202296603957977,0,3919,0.0,16,0,3919,0.0,2,174,0.014409937888198757,5,2,174,0.011494252873563218,-2,0
warmstart_seed4,4,warmstart,200,128,171,4093,0.054000719992567815,16,171,4093,0.041778646469582216,0,3921,0.0,16,0,3921,0.0,1,172,0.004545454545454545,5,1,172,0.005813953488372093,-1,0
warmstart_seed4,4,warmstart,300,0,0,4093,0.0,16,0,4093,0.0,,,,,,,,,,,,,,,,
warmstart_seed4,4,warmstart,300,1,0,4093,0.0,16,0,4093,0.0,0,4093,0.0,16,0,4093,0.0,0,0,,0,0,0,,0,0
warmstart_seed4,4,warmstart,300,2,0,4093,0.0,16,0,4093,0.0,0,4093,0.0,16,0,4093,0.0,0,0,,0,0,0,,0,0
warmstart_seed4,4,warmstart,300,3,33,4093,0.008810113297610722,16,33,4093,0.008062545809919374,33,4093,0.008810113297610722,16,33,4093,0.008062545809919374,0,0,,0,0,0,,33,0
warmstart_seed4,4,warmstart,300,4,547,4093,0.15082073504602128,16,547,4093,0.13364280478866358,514,4060,0.1433020726773334,16,514,4060,0.12660098522167487,0,33,0.0,12,0,33,0.0,514,0
warmstart_seed4,4,warmstart,300,5,684,4093,0.18985398403598458,16,684,4093,0.16711458587832886,138,3546,0.04811473263972084,16,138,3546,0.038917089678511,1,547,0.0020833333333333333,16,1,547,0.0018281535648994515,137,0
warmstart_seed4,4,warmstart,300,6,768,4093,0.21405589092729033,16,768,4093,0.18763742975812361,85,3409,0.031931340831870964,16,85,3409,0.024933998239953067,1,684,0.0017857142857142857,16,1,684,0.0014619883040935672,84,0
warmstart_seed4,4,warmstart,300,7,832,4093,0.2319545667779084,16,832,4093,0.20327388223796727,64,3325,0.024833933790418566,16,64,3325,0.01924812030075188,0,768,0.0,16,0,768,0.0,64,0
warmstart_seed4,4,warmstart,300,8,942,4093,0.26250137135883733,16,942,4093,0.2301490349376985,110,3261,0.04288736346560698,16,110,3261,0.033731984053971174,0,832,0.0,16,0,832,0.0,110,0
warmstart_seed4,4,warmstart,300,9,1015,4093,0.2842426548803149,16,1015,4093,0.24798436354752015,73,3151,0.03402129221706221,16,73,3151,0.02316724849254205,0,942,0.0,16,0,942,0.0,73,0
warmstart_seed4,4,warmstart,300,10,1080,4093,0.3021691436759265,16,1080,4093,0.26386513559736136,65,3078,0.028206473893336685,16,65,3078,0.02111760883690708,0,1015,0.0,16,0,1015,0.0,65,0
warmstart_seed4,4,warmstart,300,11,1162,4093,0.32577838341033855,16,1162,4093,0.283899340337161,82,3013,0.04026659434359227,16,82,3013,0.027215399933620977,0,1080,0.0,16,0,1080,0.0,82,0
warmstart_seed4,4,warmstart,300,12,1213,4093,0.34079067641321376,16,1213,4093,0.2963596384070364,51,2931,0.02858535246584648,16,51,2931,0.017400204708290685,0,1162,0.0,16,0,1162,0.0,51,0
warmstart_seed4,4,warmstart,300,13,1291,4093,0.3635867589477544,16,1291,4093,0.3154165648668458,78,2880,0.044278289126471596,16,78,2880,0.027083333333333334,0,1213,0.0,16,0,1213,0.0,78,0
warmstart_seed4,4,warmstart,300,14,1360,4093,0.38456996372814556,16,1360,4093,0.3322746151966773,69,2802,0.04528217239299827,16,69,2802,0.02462526766595289,0,1291,0.0,16,0,1291,0.0,69,0
warmstart_seed4,4,warmstart,300,15,1427,4093,0.40384647265144613,16,1427,4093,0.34864402638651354,67,2733,0.04470062255945141,16,67,2733,0.02451518477863154,0,1360,0.0,16,0,1360,0.0,67,0
warmstart_seed4,4,warmstart,300,16,1483,4093,0.4206953210673437,16,1483,4093,0.3623259223063767,56,2666,0.04397406143715357,16,56,2666,0.021005251312828207,0,1427,0.0,16,0,1427,0.0,56,0
warmstart_seed4,4,warmstart,300,17,1540,4093,0.4365471073602168,16,1540,4093,0.37625213779623745,57,2610,0.041379705329524646,16,57,2610,0.021839080459770115,0,1483,0.0,16,0,1483,0.0,57,0
warmstart_seed4,4,warmstart,300,18,1598,4093,0.45387749223914614,16,1598,4093,0.3904226728560958,58,2553,0.055855246211724066,16,58,2553,0.0227183705444575,0,1540,0.0,16,0,1540,0.0,58,0
warmstart_seed4,4,warmstart,300,19,1646,4093,0.4678920759410476,16,1646,4093,0.4021500122159785,51,2495,0.05290876123792501,16,51,2495,0.020440881763527055,3,1598,0.0025,16,3,1598,0.0018773466833541927,48,0
warmstart_seed4,4,warmstart,300,20,1693,4093,0.48234162332299235,16,1693,4093,0.41363303200586365,52,2447,0.0604391415998137,16,52,2447,0.02125051082958725,5,1646,0.00441468253968254,16,5,1646,0.003037667071688943,47,0
warmstart_seed4,4,warmstart,300,21,1733,4093,0.4938710344698184,16,1733,4093,0.42340581480576595,48,2400,0.06190447829281784,16,48,2400,0.02,8,1693,0.00697522159548751,16,8,1693,0.004725339633786178,40,0
warmstart_seed4,4,warmstart,300,22,1769,4093,0.5048280491248048,16,1769,4093,0.432201319325678,47,2360,0.0721778111801999,16,47,2360,0.019915254237288134,11,1733,0.009468976018271794,16,11,1733,0.006347374495095211,36,0
warmstart_seed4,4,warmstart,300,23,1807,4093,0.516080807661899,16,1807,4093,0.44148546298558516,48,2324,0.048296176237034416,16,48,2324,0.020654044750430294,10,1769,0.008334574486022279,16,10,1769,0.005652911249293386,38,0
warmstart_seed4,4,warmstart,300,24,1833,4093,0.5242671779619519,16,1833,4093,0.44783777180552164,38,2286,0.0833207976210231,16,38,2286,0.016622922134733157,12,1807,0.008508977361436378,16,12,1807,0.006640841173215274,26,0
warmstart_seed4,4,warmstart,300,25,1862,4093,0.5322479293550872,16,1862,4093,0.45492303933545075,45,2260,0.0355005541138845,16,45,2260,0.01991150442477876,16,1833,0.011291708994295538,16,16,1833,0.00872885979268958,29,0
warmstart_seed4,4,warmstart,300,26,1894,4093,0.5419890541189866,16,1894,4093,0.4627412655753726,45,2231,0.11688208567764075,16,45,2231,0.020170327207530255,13,1862,0.011041757585501988,16,13,1862,0.006981740064446832,32,0
warmstart_seed4,4,warmstart,300,27,1923,4093,0.5499255403681484,16,1923,4093,0.46982653310530176,43,2199,0.06115797031893712,15,43,2199,0.019554342883128694,14,1894,0.009011547327264238,16,14,1894,0.007391763463569166,29,0
warmstart_seed4,4,warmstart,300,28,1942,4093,0.5560536805597371,16,1942,4093,0.47446860493525533,32,2170,0.053637717604891534,15,32,2170,0.014746543778801843,13,1923,0.009157342496102264,16,13,1923,0.006760270410816433,19,0
warmstart_seed4,4,warmstart,300,29,1971,4093,0.5636633077733482,16,1971,4093,0.48155387246518444,39,2151,0.07572695513965856,15,39,2151,0.01813110181311018,10,1942,0.0072755907885218235,16,10,1942,0.005149330587023687,29,0
warmstart_seed4,4,warmstart,300,30,2010,4093,0.574226760011497,16,2010,4093,0.4910823356950892,47,2122,0.1429628606119767,15,47,2122,0.022148916116870875,8,1971,0.006084643630543263,16,8,1971,0.004058853373921867,39,0
warmstart_seed4,4,warmstart,300,31,2038,4093,0.5810712601148711,16,2038,4093,0.49792328365502075,39,2083,0.09971072476429951,14,39,2083,0.01872299567930869,11,2010,0.0060680950462376725,16,11,2010,0.005472636815920398,28,0
warmstart_seed4,4,warmstart,300,32,2053,4093,0.5854603483311616,16,2053,4093,0.5015880772049841,25,2055,0.025855277199517947,13,25,2055,0.012165450121654502,10,2038,0.007376126126126125,16,10,2038,0.004906771344455349,15,0
warmstart_seed4,4,warmstart,300,33,2084,4093,0.5930306493755935,16,2084,4093,0.5091619838749084,39,2040,0.03615083566369612,13,39,2040,0.01911764705882353,8,2053,0.006340537930438042,16,8,2053,0.003896736483195324,31,0
warmstart_seed4,4,warmstart,300,34,2107,4093,0.5986475805592844,16,2107,4093,0.5147813339848522,30,2009,0.028336465860727984,13,30,2009,0.014932802389248382,7,2084,0.005077700690283472,16,7,2084,0.0033589251439539347,23,0
warmstart_seed4,4,warmstart,300,35,2135,4093,0.6056843152454683,16,2135,4093,0.5216222819447838,34,1986,0.040868781906214,13,34,1986,0.017119838872104734,6,2107,0.004143540604014532,16,6,2107,0.0028476506881822496,28,0
warmstart_seed4,4,warmstart,300,36,2160,4093,0.61276173459899,16,2160,4093,0.5277302711947227,32,1958,0.07249789482430533,13,32,1958,0.01634320735444331,7,2135,0.0030209871522540806,16,7,2135,0.003278688524590164,25,0
warmstart_seed4,4,warmstart,300,37,2187,4093,0.6192156849598263,16,2187,4093,0.5343268995846567,35,1933,0.025755388560045018,13,35,1933,0.01810657009829281,8,2160,0.003863680452217131,16,8,2160,0.003703703703703704,27,0
warmstart_seed4,4,warmstart,300,38,2210,4093,0.6248881447510751,16,2210,4093,0.5399462496946006,23,1906,0.04294528504133584,13,23,1906,0.012067156348373556,0,2187,0.0,16,0,2187,0.0,23,0
warmstart_seed4,4,warmstart,300,39,2223,4093,0.6280775995795954,16,2223,4093,0.5431224041045688,21,1883,0.06176497530013965,13,21,1883,0.011152416356877323,8,2210,0.0030583633342564386,16,8,2210,0.0036199095022624436,13,0
warmstart_seed4,4,warmstart,300,40,2232,4093,0.6308184657539398,16,2232,4093,0.5453212802345467,17,1870,0.09275743964736925,13,17,1870,0.00909090909090909,8,2223,0.003412477507872245,16,8,2223,0.003598740440845704,9,0
warmstart_seed4,4,warmstart,300,41,2250,4093,0.6348047719468943,16,2250,4093,0.5497190324945028,20,1861,0.016791319435744384,12,20,1861,0.010746910263299301,2,2232,0.0008503401360544217,16,2,2232,0.0008960573476702509,18,0
warmstart_seed4,4,warmstart,300,42,2260,4093,0.6373492396797934,16,2260,4093,0.5521622281944784,15,1843,0.01488115726623245,12,15,1843,0.008138903960933261,5,2250,0.0025332669515180143,16,5,2250,0.0022222222222222222,10,0
warmstart_seed4,4,warmstart,300,43,2272,4093,0.6403594351893354,16,2272,4093,0.5550940630344491,20,1833,0.030080438251339617,12,20,1833,0.010911074740861976,8,2260,0.0032478051839464886,16,8,2260,0.0035398230088495575,12,0
warmstart_seed4,4,warmstart,300,44,2272,4093,0.641163702273291,16,2272,4093,0.5550940630344491,9,1821,0.02117334021413289,12,9,1821,0.004942339373970346,9,2272,0.0035712642620537357,16,9,2272,0.003961267605633803,0,0
warmstart_seed4,4,warmstart,300,45,2277,4093,0.6424521995919549,16,2277,4093,0.5563156608844368,17,1821,0.026741177187159185,12,17,1821,0.009335529928610654,12,2272,0.005336488969174111,16,12,2272,0.00528169014084507,5,0
warmstart_seed4,4,warmstart,300,46,2285,4093,0.6439954638547972,16,2285,4093,0.5582702174444173,13,1816,0.026966254196953615,12,13,1816,0.007158590308370044,5,2277,0.0026881474417504835,16,5,2277,0.0021958717610891525,8,0
warmstart_seed4,4,warmstart,300,47,2291,4093,0.6461131654835469,16,2291,4093,0.5597361348644027,14,1808,0.06019131002527586,12,14,1808,0.007743362831858407,8,2285,0.003376592403699248,16,8,2285,0.00350109409190372,6,0
warmstart_seed4,4,warmstart,300,48,2295,4093,0.6468544785473624,16,2295,4093,0.5607134131443928,10,1802,0.0033286941185491914,12,10,1802,0.005549389567147614,6,2291,0.001992730853024971,16,6,2291,0.0026189436927106066,4,0
warmstart_seed4,4,warmstart,300,49,2307,4093,0.6493709999012154,16,2307,4093,0.5636452479843636,18,1798,0.050836695711287815,12,18,1798,0.010011123470522803,6,2295,0.0023041963982330955,16,6,2295,0.00261437908496732,12,0
warmstart_seed4,4,warmstart,300,50,2310,4093,0.6505857940894288,16,2310,4093,0.5643782066943562,14,1786,0.09411040622620913,12,14,1786,0.007838745800671893,11,2307,0.005369747957948684,16,11,2307,0.004768097095795405,3,0
warmstart_seed4,4,warmstart,300,51,2318,4093,0.6523220097292439,16,2318,4093,0.5663327632543367,17,1783,0.010612988519343959,11,17,1783,0.009534492428491307,9,2310,0.004858602156823771,16,9,2310,0.003896103896103896,8,0
warmstart_seed4,4,warmstart,300,52,2332,4093,0.6550124648942708,16,2332,4093,0.5697532372343025,19,1775,0.01188296751560936,11,19,1775,0.010704225352112675,5,2318,0.0025334261611621393,16,5,2318,0.0021570319240724763,14,0
warmstart_seed4,4,warmstart,300,53,2335,4093,0.6559697880974482,16,2335,4093,0.5704861959442952,14,1761,0.011743903222192105,11,14,1761,0.007950028392958546,11,2332,0.0058528107006053445,16,11,2332,0.0047169811320754715,3,0
warmstart_seed4,4,warmstart,300,54,2337,4093,0.6565216502795106,16,2337,4093,0.5709748350842903,14,1758,0.008849815518713848,11,14,1758,0.007963594994311717,12,2335,0.0055104557221040285,16,12,2335,0.005139186295503212,2,0
warmstart_seed4,4,warmstart,300,55,2349,4093,0.6588309548009702,16,2349,4093,0.573906669924261,20,1756,0.012413575695479899,11,20,1756,0.011389521640091117,8,2337,0.004101889778439769,16,8,2337,0.0034231921266581087,12,0
warmstart_seed4,4,warmstart,300,56,2345,4093,0.6586576115034181,16,2345,4093,0.5729293916442707,14,1744,0.010934973486990629,11,14,1744,0.008027522935779817,18,2349,0.00897761044539173,16,18,2349,0.007662835249042145,-4,0
warmstart_seed4,4,warmstart,300,57,2339,4093,0.6579757845370446,16,2339,4093,0.5714634742242853,10,1748,0.007593573918081229,11,10,1748,0.005720823798627002,16,2345,0.008362781214188682,16,16,2345,0.006823027718550106,-6,0
warmstart_seed4,4,warmstart,300,58,2335,4093,0.6581183034475587,16,2335,4093,0.5704861959442952,15,1754,0.01482755929804261,11,15,1754,0.00855188141391106,19,2339,0.011353416704652602,16,19,2339,0.008123129542539546,-4,0
warmstart_seed4,4,warmstart,300,59,2332,4093,0.6585666225674919,16,2332,4093,0.5697532372343025,15,1758,0.016325680319586842,11,15,1758,0.008532423208191127,18,2335,0.008973907835480228,16,18,2335,0.007708779443254818,-3,0
warmstart_seed4,4,warmstart,300,60,2333,4093,0.6591460976637622,16,2333,4093,0.5699975568043,19,1761,0.01675976005627616,11,19,1761,0.010789324247586598,18,2332,0.010307664938589874,16,18,2332,0.007718696397941681,1,0
warmstart_seed4,4,warmstart,300,61,2330,4093,0.6592619056819313,16,2330,4093,0.5692645980943074,14,1760,0.01849304965800034,11,14,1760,0.007954545454545454,17,2333,0.011009439139646377,16,17,2333,0.007286755250750107,-3,0
warmstart_seed4,4,warmstart,300,62,2333,4093,0.6607579986849917,16,2333,4093,0.5699975568043,19,1763,0.020587428006312216,11,19,1763,0.010777084515031198,16,2330,0.009372888367140977,16,16,2330,0.0068669527896995704,3,0
warmstart_seed4,4,warmstart,300,63,2335,4093,0.662409030711244,16,2335,4093,0.5704861959442952,13,1760,0.025111410830373593,11,13,1760,0.007386363636363636,11,2333,0.005332122570052663,16,11,2333,0.004714959279897128,2,0
warmstart_seed4,4,warmstart,300,64,2335,4093,0.6629214112835234,16,2335,4093,0.5704861959442952,17,1758,0.02101645549865304,11,17,1758,0.009670079635949944,17,2335,0.010711936680326613,16,17,2335,0.007280513918629551,0,0
warmstart_seed4,4,warmstart,300,65,2334,4093,0.6634059646432873,16,2334,4093,0.5702418763742976,12,1758,0.016673198265503134,11,12,1758,0.006825938566552901,13,2335,0.007689339722967235,16,13,2335,0.00556745182012848,-1,0
warmstart_seed4,4,warmstart,300,66,2331,4093,0.662950929932739,16,2331,4093,0.5695089176643049,12,1759,0.01285902576957686,11,12,1759,0.006822057987492893,15,2334,0.008949285469516875,16,15,2334,0.006426735218508998,-3,0
warmstart_seed4,4,warmstart,300,67,2322,4093,0.6612033184149975,16,2322,4093,0.5673100415343268,7,1762,0.016129324711414265,11,7,1762,0.003972758229284903,16,2331,0.011298701654138588,16,16,2331,0.006864006864006864,-9,0
warmstart_seed4,4,warmstart,300,68,2327,4093,0.6624605211987917,16,2327,4093,0.5685316393843147,15,1771,0.027268102268102275,11,15,1771,0.00846979107848673,10,2322,0.006689491194101795,16,10,2322,0.004306632213608958,5,0
warmstart_seed4,4,warmstart,300,69,2328,4093,0.6627717236707398,16,2328,4093,0.5687759589543122,13,1766,0.024122530641395457,11,13,1766,0.007361268403171008,12,2327,0.009077691831921347,16,12,2327,0.005156854318865492,1,0
warmstart_seed4,4,warmstart,300,70,2325,4093,0.6624773432007847,16,2325,4093,0.5680430002443195,13,1765,0.019120546185259588,11,13,1765,0.0073654390934844195,16,2328,0.00988786133566973,16,16,2328,0.006872852233676976,-3,0
warmstart_seed4,4,warmstart,300,71,2330,4093,0.6633707310519739,16,2330,4093,0.5692645980943074,11,1768,0.0047213243589575805,11,11,1768,0.006221719457013574,6,2325,0.0036881757146704627,16,6,2325,0.0025806451612903226,5,0
warmstart_seed4,4,warmstart,300,72,2343,4093,0.667280531528494,16,2343,4093,0.5724407525042756,21,1763,0.061211149507567966,11,21,1763,0.01191151446398185,8,2330,0.006407357352944011,16,8,2330,0.0034334763948497852,13,0
warmstart_seed4,4,warmstart,300,73,2342,4093,0.6678883186114839,16,2342,4093,0.572196432934278,15,1750,0.044702177296913885,11,15,1750,0.008571428571428572,16,2343,0.009752048677441788,16,16,2343,0.006828851899274435,-1,0
warmstart_seed4,4,warmstart,300,74,2348,4093,0.6692157707414716,16,2348,4093,0.5736623503542634,12,1751,0.013512309695662993,11,12,1751,0.006853226727584237,6,2342,0.003922428922428922,16,6,2342,0.0025619128949615714,6,0
warmstart_seed4,4,warmstart,300,75,2349,4093,0.6697895953221608,16,2349,4093,0.573906669924261,9,1745,0.04956358094162073,11,9,1745,0.005157593123209169,8,2348,0.004728768422588648,16,8,2348,0.0034071550255536627,1,0
warmstart_seed4,4,warmstart,300,76,2347,4093,0.6697827074191318,16,2347,4093,0.5734180307842658,9,1744,0.05015365097708036,11,9,1744,0.005160550458715597,11,2349,0.007758260380796188,16,11,2349,0.004682843763303533,-2,0
warmstart_seed4,4,warmstart,300,77,2348,4093,0.6699131358377453,16,2348,4093,0.5736623503542634,9,1746,0.004183729400275451,11,9,1746,0.005154639175257732,8,2347,0.005739072405739072,16,8,2347,0.0034086067319982955,1,0
warmstart_seed4,4,warmstart,300,78,2351,4093,0.6705484585057802,16,2351,4093,0.5743953090642561,12,1745,0.09612046587899181,11,12,1745,0.006876790830945559,9,2348,0.006947646972888348,16,9,2348,0.0038330494037478705,3,0
warmstart_seed4,4,warmstart,300,79,2361,4093,0.6737689043873665,16,2361,4093,0.5768385047642316,19,1742,0.0705939173085264,10,19,1742,0.010907003444316877,9,2351,0.006406978098788443,16,9,2351,0.0038281582305401958,10,0
warmstart_seed4,4,warmstart,300,80,2366,4093,0.6754362710937774,16,2366,4093,0.5780601026142194,14,1732,0.1072918289481957,10,14,1732,0.008083140877598153,9,2361,0.00685536217215279,16,9,2361,0.0038119440914866584,5,0
warmstart_seed4,4,warmstart,300,81,2368,4093,0.6761448148838718,16,2368,4093,0.5785487417542146,11,1727,0.008970600616362049,9,11,1727,0.006369426751592357,9,2366,0.005799407659184106,16,9,2366,0.0038038884192730348,2,0
warmstart_seed4,4,warmstart,300,82,2372,4093,0.6773858529423175,16,2372,4093,0.5795260200342047,14,1725,0.012127645786532531,9,14,1725,0.008115942028985508,10,2368,0.008167144095377972,16,10,2368,0.004222972972972973,4,0
warmstart_seed4,4,warmstart,300,83,2373,4093,0.6782688382139773,16,2373,4093,0.5797703396042023,12,1721,0.014916003686103472,9,12,1721,0.006972690296339338,11,2372,0.010404707233065441,16,11,2372,0.00463743676222597,1,0
warmstart_seed4,4,warmstart,300,84,2369,4093,0.6775664332859329,16,2369,4093,0.578793061324212,5,1720,0.0027844682462222704,9,5,1720,0.0029069767441860465,9,2373,0.007436771696480434,16,9,2373,0.0037926675094816687,-4,0
warmstart_seed4,4,warmstart,300,85,2366,4093,0.6770511075271066,16,2366,4093,0.5780601026142194,8,1724,0.006910978446781735,9,8,1724,0.004640371229698376,11,2369,0.008543703939909298,16,11,2369,0.004643309413254538,-3,0
warmstart_seed4,4,warmstart,300,86,2347,4093,0.6734766723797684,16,2347,4093,0.5734180307842658,4,1727,0.0039506017455803,9,4,1727,0.0023161551823972205,23,2366,0.018838581046352172,16,23,2366,0.009721048182586645,-19,0
warmstart_seed4,4,warmstart,300,87,2342,4093,0.6724253338901687,16,2342,4093,0.572196432934278,13,1746,0.00961269657248128,9,13,1746,0.0074455899198167235,18,2347,0.014955982202080649,16,18,2347,0.007669365146996165,-5,0
warmstart_seed4,4,warmstart,300,88,2328,4093,0.6695084132367718,16,2328,4093,0.5687759589543122,5,1751,0.0025645665207059192,9,5,1751,0.0028555111364934323,19,2342,0.018849900640523352,16,19,2342,0.008112724167378309,-14,0
warmstart_seed4,4,warmstart,300,89,2323,4093,0.6678996772961476,16,2323,4093,0.5675543611043244,7,1765,0.003861489215538771,9,7,1765,0.00396600566572238,12,2328,0.005606351411145931,16,12,2328,0.005154639175257732,-5,0
warmstart_seed4,4,warmstart,300,90,2316,4093,0.6657956065229629,16,2316,4093,0.5658441241143416,14,1770,0.0079823298431837,9,14,1770,0.007909604519774011,21,2323,0.018652962848440903,16,21,2323,0.009040034438226431,-7,0
warmstart_seed4,4,warmstart,300,91,2304,4093,0.6630534781547357,16,2304,4093,0.5629122892743709,9,1777,0.005503233540016347,9,9,1777,0.005064715813168261,21,2316,0.02283276806024457,16,21,2316,0.009067357512953367,-12,0
warmstart_seed4,4,warmstart,300,92,2291,4093,0.6604038647584674,16,2291,4093,0.5597361348644027,4,1789,0.002981182433020202,9,4,1789,0.0022358859698155395,17,2304,0.014449357991668983,16,17,2304,0.007378472222222222,-13,0
warmstart_seed4,4,warmstart,300,93,2281,4093,0.6578570244744898,16,2281,4093,0.5572929391644271,9,1802,0.004309763546001606,10,9,1802,0.004994450610432853,19,2291,0.01122931726960958,16,19,2291,0.008293321693583587,-10,0
warmstart_seed4,4,warmstart,300,94,2265,4093,0.6545105159849984,16,2265,4093,0.5533838260444661,11,1812,0.006123551972389597,10,11,1812,0.006070640176600441,27,2281,0.02708834427787728,16,27,2281,0.01183691363437089,-16,0
warmstart_seed4,4,warmstart,300,95,2253,4093,0.6516963602425951,16,2253,4093,0.5504519912044955,10,1828,0.005561955596414375,10,10,1828,0.005470459518599562,22,2265,0.03098652394005827,16,22,2265,0.009713024282560706,-12,0
warmstart_seed4,4,warmstart,300,96,2239,4093,0.6479415168491318,16,2239,4093,0.5470315172245297,7,1840,0.0028422969944709073,10,7,1840,0.0038043478260869567,21,2253,0.01802940019256443,16,21,2253,0.009320905459387484,-14,0
warmstart_seed4,4,warmstart,300,97,2231,4093,0.6449208172179584,16,2231,4093,0.5450769606645492,15,1854,0.007783964468105012,11,15,1854,0.008090614886731391,23,2239,0.013822400206320487,16,23,2239,0.01027244305493524,-8,0
warmstart_seed4,4,warmstart,300,98,2217,4093,0.6410914522215738,16,2217,4093,0.5416564866845834,8,1862,0.003795007881438692,11,8,1862,0.004296455424274973,22,2231,0.02664751515851671,16,22,2231,0.009861048857014791,-14,0
warmstart_seed4,4,warmstart,300,99,2202,4093,0.636248010526309,16,2202,4093,0.53799169313462,8,1876,0.0031920225561231897,12,8,1876,0.0042643923240938165,23,2217,0.03284670665364787,16,23,2217,0.010374379792512404,-15,0
warmstart_seed4,4,warmstart,300,100,2186,4093,0.6306120681893699,16,2186,4093,0.5340825800146591,10,1891,0.004393595261903371,12,10,1891,0.005288207297726071,26,2202,0.01432320801877506,16,26,2202,0.011807447774750226,-16,0
warmstart_seed4,4,warmstart,300,101,2168,4093,0.6256602357755527,16,2168,4093,0.5296848277547032,7,1907,0.004577349334382582,12,7,1907,0.0036706869428421605,25,2186,0.0293163919113008,16,25,2186,0.011436413540713633,-18,0
warmstart_seed4,4,warmstart,300,102,2155,4093,0.6217728087205128,16,2155,4093,0.526508673344735,8,1925,0.003721077891283125,12,8,1925,0.004155844155844156,21,2168,0.041788421856816756,16,21,2168,0.009686346863468635,-13,0
warmstart_seed4,4,warmstart,300,103,2140,4093,0.617359988144912,16,2140,4093,0.5228438797947715,8,1938,0.0035595299540839656,12,8,1938,0.0041279669762641896,23,2155,0.01348506504277518,16,23,2155,0.010672853828306265,-15,0
warmstart_seed4,4,warmstart,300,104,2116,4093,0.6106074314100971,16,2116,4093,0.5169802101148302,6,1953,0.0037995418098510886,12,6,1953,0.0030721966205837174,30,2140,0.01746523497400563,16,30,2140,0.014018691588785047,-24,0
warmstart_seed4,4,warmstart,300,105,2095,4093,0.6049364285036096,16,2095,4093,0.5118494991448815,6,1977,0.0034893763796909495,12,6,1977,0.0030349013657056147,27,2116,0.01537009661570073,16,27,2116,0.01275992438563327,-21,0
warmstart_seed4,4,warmstart,300,106,2063,4093,0.5960170381483034,16,2063,4093,0.5040312729049596,2,1998,0.0012013888888888888,12,2,1998,0.001001001001001001,34,2095,0.019175016635051112,16,34,2095,0.016229116945107397,-32,0
warmstart_seed4,4,warmstart,300,107,2050,4093,0.5928910870343902,16,2050,4093,0.5008551184949914,5,2030,0.0024263766444854134,12,5,2030,0.0024630541871921183,18,2063,0.01268712092030282,16,18,2063,0.00872515753756665,-13,0
warmstart_seed4,4,warmstart,300,108,2028,4093,0.5865930715500969,16,2028,4093,0.4954800879550452,3,2043,0.001923288307843006,12,3,2043,0.0014684287812041115,25,2050,0.01691480260758957,16,25,2050,0.012195121951219513,-22,0
warmstart_seed4,4,warmstart,300,109,1993,4093,0.5779829037150577,16,1993,4093,0.4869289030051307,1,2065,0.0005376344086021505,12,1,2065,0.00048426150121065375,36,2028,0.023135587702099246,16,36,2028,0.01775147928994083,-35,0
warmstart_seed4,4,warmstart,300,110,1971,4093,0.5721417649608616,16,1971,4093,0.48155387246518444,5,2100,0.00205851053463076,13,5,2100,0.002380952380952381,27,1993,0.018810385173741534,16,27,1993,0.013547415955845458,-22,0
warmstart_seed4,4,warmstart,300,111,1946,4093,0.5653326447872524,16,1946,4093,0.47544588321524556,4,2122,0.0018315018315018315,13,4,2122,0.001885014137606032,29,1971,0.016852095107906386,16,29,1971,0.014713343480466767,-25,0
warmstart_seed4,4,warmstart,300,112,1917,4093,0.55880659659834,16,1917,4093,0.4683606156853164,4,2147,0.001876172607879925,13,4,2147,0.0018630647414997672,33,1946,0.023525434918505412,16,33,1946,0.01695786228160329,-29,0
warmstart_seed4,4,warmstart,300,113,1894,4093,0.5528018379701025,16,1894,4093,0.4627412655753726,3,2176,0.0012495865338674702,13,3,2176,0.0013786764705882354,26,1917,0.0334433558488696,16,26,1917,0.013562858633281168,-23,0
warmstart_seed4,4,warmstart,300,114,1868,4093,0.5462370529524935,16,1868,4093,0.4563889567554361,5,2199,0.0021001415836221786,13,5,2199,0.002273760800363802,31,1894,0.021837591670630943,16,31,1894,0.016367476240760296,-26,0
warmstart_seed4,4,warmstart,300,115,1843,4093,0.5392490146849651,16,1843,4093,0.4502809675054972,4,2225,0.0012939441510870081,14,4,2225,0.0017977528089887641,29,1868,0.016588400991738566,16,29,1868,0.015524625267665952,-25,0
warmstart_seed4,4,warmstart,300,116,1819,4093,0.5331797748010674,16,1819,4093,0.44441729782555583,5,2250,0.00169869852248308,14,5,2250,0.0022222222222222222,29,1843,0.03591557754942808,16,29,1843,0.015735214324470972,-24,0
warmstart_seed4,4,warmstart,300,117,1791,4093,0.5267873761234305,16,1791,4093,0.4375763498656242,2,2274,0.000946073793755913,14,2,2274,0.0008795074758135445,30,1819,0.028139345824363945,16,30,1819,0.016492578339747113,-28,0
warmstart_seed4,4,warmstart,300,118,1768,4093,0.5204744726057173,16,1768,4093,0.4319569997556804,4,2302,0.0013279126748769327,14,4,2302,0.0017376194613379669,27,1791,0.0211287561448561,16,27,1791,0.01507537688442211,-23,0
warmstart_seed4,4,warmstart,300,119,1743,4093,0.5144181676074617,16,1743,4093,0.42584901050574153,3,2325,0.001336248785228377,14,3,2325,0.0012903225806451613,28,1768,0.026789330681428164,16,28,1768,0.01583710407239819,-25,0
warmstart_seed4,4,warmstart,300,120,1726,4093,0.5093937887821225,16,1726,4093,0.42169557781578304,6,2350,0.0023483219465556186,14,6,2350,0.002553191489361702,23,1743,0.023115079267193188,16,23,1743,0.013195639701663799,-17,0
warmstart_seed4,4,warmstart,300,121,1713,4093,0.5063695979969369,16,1713,4093,0.4185194234058148,6,2367,0.002259184521261372,14,6,2367,0.0025348542458808617,19,1726,0.022598191218160105,16,19,1726,0.01100811123986095,-13,0
warmstart_seed4,4,warmstart,300,122,1695,4093,0.5015391259088613,16,1695,4093,0.4141216711458588,7,2380,0.0026003090531251665,14,7,2380,0.0029411764705882353,25,1713,0.036876372064575114,16,25,1713,0.014594279042615295,-18,0
warmstart_seed4,4,warmstart,300,123,1673,4093,0.49555412965114626,16,1673,4093,0.40874664060591254,1,2398,0.00018796992481203006,14,1,2398,0.0004170141784820684,23,1695,0.01741338488117775,16,23,1695,0.013569321533923304,-22,0
warmstart_seed4,4,warmstart,300,124,1654,4093,0.4893066921260132,16,1654,4093,0.40410456877595896,5,2420,0.001971473577835828,15,5,2420,0.002066115702479339,24,1673,0.01441356796107636,16,24,1673,0.01434548714883443,-19,0
warmstart_seed4,4,warmstart,300,125,1644,4093,0.485969866101557,16,1644,4093,0.4016613730759834,7,2439,0.0029638915413477836,15,7,2439,0.002870028700287003,17,1654,0.011141669513805127,16,17,1654,0.010278113663845224,-10,0
warmstart_seed4,4,warmstart,300,126,1617,4093,0.4791393192928197,16,1617,4093,0.39506474468604935,1,2449,0.00017590149516270889,15,1,2449,0.0004083299305839118,28,1644,0.042470116851140535,16,28,1644,0.0170316301703163,-27,0
warmstart_seed4,4,warmstart,300,127,1603,4093,0.47488285001759034,16,1603,4093,0.39164427070608354,7,2476,0.002362822362822363,15,7,2476,0.002827140549273021,21,1617,0.017257966529385705,16,21,1617,0.012987012987012988,-14,0
warmstart_seed4,4,warmstart,300,128,1584,4093,0.4694110168061132,16,1584,4093,0.38700219887612997,4,2490,0.0016174007608458075,15,4,2490,0.001606425702811245,23,1603,0.039128844333204474,16,23,1603,0.014348097317529632,-19,0
baseline_seed5,5,baseline,0,0,0,4093,0.0,16,0,4093,0.0,,,,,,,,,,,,,,,,
baseline_seed5,5,baseline,0,1,0,4093,0.0,16,0,4093,0.0,0,4093,0.0,16,0,4093,0.0,0,0,,0,0,0,,0,0
baseline_seed5,5,baseline,0,2,0,4093,0.0,16,0,4093,0.0,0,4093,0.0,16,0,4093,0.0,0,0,,0,0,0,,0,0
baseline_seed5,5,baseline,0,3,0,4093,0.0,16,0,4093,0.0,0,4093,0.0,16,0,4093,0.0,0,0,,0,0,0,,0,0
baseline_seed5,5,baseline,0,4,0,4093,0.0,16,0,4093,0.0,0,4093,0.0,16,0,4093,0.0,0,0,,0,0,0,,0,0
baseline_seed5,5,baseline,0,5,0,4093,0.0,16,0,4093,0.0,0,4093,0.0,16,0,4093,0.0,0,0,,0,0,0,,0,0
baseline_seed5,5,baseline,0,6,0,4093,0.0,16,0,4093,0.0,0,4093,0.0,16,0,4093,0.0,0,0,,0,0,0,,0,0
baseline_seed5,5,baseline,0,7,0,4093,0.0,16,0,4093,0.0,0,4093,0.0,16,0,4093,0.0,0,0,,0,0,0,,0,0
baseline_seed5,5,baseline,0,8,0,4093,0.0,16,0,4093,0.0,0,4093,0.0,16,0,4093,0.0,0,0,,0,0,0,,0,0
baseline_seed5,5,baseline,0,9,0,4093,0.0,16,0,4093,0.0,0,4093,0.0,16,0,4093,0.0,0,0,,0,0,0,,0,0
baseline_seed5,5,baseline,0,10,0,4093,0.0,16,0,4093,0.0,0,4093,0.0,16,0,4093,0.0,0,0,,0,0,0,,0,0
baseline_seed5,5,baseline,0,11,0,4093,0.0,16,0,4093,0.0,0,4093,0.0,16,0,4093,0.0,0,0,,0,0,0,,0,0
baseline_seed5,5,baseline,0,12,0,4093,0.0,16,0,4093,0.0,0,4093,0.0,16,0,4093,0.0,0,0,,0,0,0,,0,0
baseline_seed5,5,baseline,0,13,0,4093,0.0,16,0,4093,0.0,0,4093,0.0,16,0,4093,0.0,0,0,,0,0,0,,0,0
baseline_seed5,5,baseline,0,14,0,4093,0.0,16,0,4093,0.0,0,4093,0.0,16,0,4093,0.0,0,0,,0,0,0,,0,0
baseline_seed5,5,baseline,0,15,0,4093,0.0,16,0,4093,0.0,0,4093,0.0,16,0,4093,0.0,0,0,,0,0,0,,0,0
baseline_seed5,5,baseline,0,16,0,4093,0.0,16,0,4093,0.0,0,4093,0.0,16,0,4093,0.0,0,0,,0,0,0,,0,0
baseline_seed5,5,baseline,0,17,0,4093,0.0,16,0,4093,0.0,0,4093,0.0,16,0,4093,0.0,0,0,,0,0,0,,0,0
baseline_seed5,5,baseline,0,18,0,4093,0.0,16,0,4093,0.0,0,4093,0.0,16,0,4093,0.0,0,0,,0,0,0,,0,0
baseline_seed5,5,baseline,0,19,0,4093,0.0,16,0,4093,0.0,0,4093,0.0,16,0,4093,0.0,0,0,,0,0,0,,0,0
baseline_seed5,5,baseline,0,20,0,4093,0.0,16,0,4093,0.0,0,4093,0.0,16,0,4093,0.0,0,0,,0,0,0,,0,0
baseline_seed5,5,baseline,0,21,0,4093,0.0,16,0,4093,0.0,0,4093,0.0,16,0,4093,0.0,0,0,,0,0,0,,0,0
baseline_seed5,5,baseline,0,22,0,4093,0.0,16,0,4093,0.0,0,4093,0.0,16,0,4093,0.0,0,0,,0,0,0,,0,0
baseline_seed5,5,baseline,0,23,0,4093,0.0,16,0,4093,0.0,0,4093,0.0,16,0,4093,0.0,0,0,,0,0,0,,0,0
baseline_seed5,5,baseline,0,24,0,4093,0.0,16,0,4093,0.0,0,4093,0.0,16,0,4093,0.0,0,0,,0,0,0,,0,0
baseline_seed5,5,baseline,0,25,0,4093,0.0,16,0,4093,0.0,0,4093,0.0,16,0,4093,0.0,0,0,,0,0,0,,0,0
baseline_seed5,5,baseline,0,26,0,4093,0.0,16,0,4093,0.0,0,4093,0.0,16,0,4093,0.0,0,0,,0,0,0,,0,0
baseline_seed5,5,baseline,0,27,0,4093,0.0,16,0,4093,0.0,0,4093,0.0,16,0,4093,0.0,0,0,,0,0,0,,0,0
baseline_seed5,5,baseline,0,28,0,4093,0.0,16,0,4093,0.0,0,4093,0.0,16,0,4093,0.0,0,0,,0,0,0,,0,0
baseline_seed5,5,baseline,0,29,0,4093,0.0,16,0,4093,0.0,0,4093,0.0,16,0,4093,0.0,0,0,,0,0,0,,0,0
baseline_seed5,5,baseline,0,30,0,4093,0.0,16,0,4093,0.0,0,4093,0.0,16,0,4093,0.0,0,0,,0,0,0,,0,0
baseline_seed5,5,baseline,0,31,0,4093,0.0,16,0,4093,0.0,0,4093,0.0,16,0,4093,0.0,0,0,,0,0,0,,0,0
baseline_seed5,5,baseline,0,32,0,4093,0.0,16,0,4093,0.0,0,4093,0.0,16,0,4093,0.0,0,0,,0,0,0,,0,0
baseline_seed5,5,baseline,0,33,0,4093,0.0,16,0,4093,0.0,0,4093,0.0,16,0,4093,0.0,0,0,,0,0,0,,0,0
baseline_seed5,5,baseline,0,34,0,4093,0.0,16,0,4093,0.0,0,4093,0.0,16,0,4093,0.0,0,0,,0,0,0,,0,0
baseline_seed5,5,baseline,0,35,0,4093,0.0,16,0,4093,0.0,0,4093,0.0,16,0,4093,0.0,0,0,,0,0,0,,0,0
baseline_seed5,5,baseline,0,36,0,4093,0.0,16,0,4093,0.0,0,4093,0.0,16,0,4093,0.0,0,0,,0,0,0,,0,0
baseline_seed5,5,baseline,0,37,0,4093,0.0,16,0,4093,0.0,0,4093,0.0,16,0,4093,0.0,0,0,,0,0,0,,0,0
baseline_seed5,5,baseline,0,38,0,4093,0.0,16,0,4093,0.0,0,4093,0.0,16,0,4093,0.0,0,0,,0,0,0,,0,0
baseline_seed5,5,baseline,0,39,0,4093,0.0,16,0,4093,0.0,0,4093,0.0,16,0,4093,0.0,0,0,,0,0,0,,0,0
baseline_seed5,5,baseline,0,40,0,4093,0.0,16,0,4093,0.0,0,4093,0.0,16,0,4093,0.0,0,0,,0,0,0,,0,0
baseline_seed5,5,baseline,0,41,0,4093,0.0,16,0,4093,0.0,0,4093,0.0,16,0,4093,0.0,0,0,,0,0,0,,0,0
baseline_seed5,5,baseline,0,42,0,4093,0.0,16,0,4093,0.0,0,4093,0.0,16,0,4093,0.0,0,0,,0,0,0,,0,0
baseline_seed5,5,baseline,0,43,0,4093,0.0,16,0,4093,0.0,0,4093,0.0,16,0,4093,0.0,0,0,,0,0,0,,0,0
baseline_seed5,5,baseline,0,44,0,4093,0.0,16,0,4093,0.0,0,4093,0.0,16,0,4093,0.0,0,0,,0,0,0,,0,0
baseline_seed5,5,baseline,0,45,0,4093,0.0,16,0,4093,0.0,0,4093,0.0,16,0,4093,0.0,0,0,,0,0,0,,0,0
baseline_seed5,5,baseline,0,46,0,4093,0.0,16,0,4093,0.0,0,4093,0.0,16,0,4093,0.0,0,0,,0,0,0,,0,0
baseline_seed5,5,baseline,0,47,0,4093,0.0,16,0,4093,0.0,0,4093,0.0,16,0,4093,0.0,0,0,,0,0,0,,0,0
baseline_seed5,5,baseline,0,48,0,4093,0.0,16,0,4093,0.0,0,4093,0.0,16,0,4093,0.0,0,0,,0,0,0,,0,0
baseline_seed5,5,baseline,0,49,0,4093,0.0,16,0,4093,0.0,0,4093,0.0,16,0,4093,0.0,0,0,,0,0,0,,0,0
baseline_seed5,5,baseline,0,50,0,4093,0.0,16,0,4093,0.0,0,4093,0.0,16,0,4093,0.0,0,0,,0,0,0,,0,0
baseline_seed5,5,baseline,0,51,0,4093,0.0,16,0,4093,0.0,0,4093,0.0,16,0,4093,0.0,0,0,,0,0,0,,0,0
baseline_seed5,5,baseline,0,52,0,4093,0.0,16,0,4093,0.0,0,4093,0.0,16,0,4093,0.0,0,0,,0,0,0,,0,0
baseline_seed5,5,baseline,0,53,0,4093,0.0,16,0,4093,0.0,0,4093,0.0,16,0,4093,0.0,0,0,,0,0,0,,0,0
baseline_seed5,5,baseline,0,54,0,4093,0.0,16,0,4093,0.0,0,4093,0.0,16,0,4093,0.0,0,0,,0,0,0,,0,0
baseline_seed5,5,baseline,0,55,0,4093,0.0,16,0,4093,0.0,0,4093,0.0,16,0,4093,0.0,0,0,,0,0,0,,0,0
baseline_seed5,5,baseline,0,56,0,4093,0.0,16,0,4093,0.0,0,4093,0.0,16,0,4093,0.0,0,0,,0,0,0,,0,0
baseline_seed5,5,baseline,0,57,0,4093,0.0,16,0,4093,0.0,0,4093,0.0,16,0,4093,0.0,0,0,,0,0,0,,0,0
baseline_seed5,5,baseline,0,58,0,4093,0.0,16,0,4093,0.0,0,4093,0.0,16,0,4093,0.0,0,0,,0,0,0,,0,0
baseline_seed5,5,baseline,0,59,0,4093,0.0,16,0,4093,0.0,0,4093,0.0,16,0,4093,0.0,0,0,,0,0,0,,0,0
baseline_seed5,5,baseline,0,60,0,4093,0.0,16,0,4093,0.0,0,4093,0.0,16,0,4093,0.0,0,0,,0,0,0,,0,0
baseline_seed5,5,baseline,0,61,0,4093,0.0,16,0,4093,0.0,0,4093,0.0,16,0,4093,0.0,0,0,,0,0,0,,0,0
baseline_seed5,5,baseline,0,62,0,4093,0.0,16,0,4093,0.0,0,4093,0.0,16,0,4093,0.0,0,0,,0,0,0,,0,0
baseline_seed5,5,baseline,0,63,0,4093,0.0,16,0,4093,0.0,0,4093,0.0,16,0,4093,0.0,0,0,,0,0,0,,0,0
baseline_seed5,5,baseline,0,64,0,4093,0.0,16,0,4093,0.0,0,4093,0.0,16,0,4093,0.0,0,0,,0,0,0,,0,0
baseline_seed5,5,baseline,0,65,0,4093,0.0,16,0,4093,0.0,0,4093,0.0,16,0,4093,0.0,0,0,,0,0,0,,0,0
baseline_seed5,5,baseline,0,66,0,4093,0.0,16,0,4093,0.0,0,4093,0.0,16,0,4093,0.0,0,0,,0,0,0,,0,0
baseline_seed5,5,baseline,0,67,0,4093,0.0,16,0,4093,0.0,0,4093,0.0,16,0,4093,0.0,0,0,,0,0,0,,0,0
baseline_seed5,5,baseline,0,68,0,4093,0.0,16,0,4093,0.0,0,4093,0.0,16,0,4093,0.0,0,0,,0,0,0,,0,0
baseline_seed5,5,baseline,0,69,0,4093,0.0,16,0,4093,0.0,0,4093,0.0,16,0,4093,0.0,0,0,,0,0,0,,0,0
baseline_seed5,5,baseline,0,70,0,4093,0.0,16,0,4093,0.0,0,4093,0.0,16,0,4093,0.0,0,0,,0,0,0,,0,0
baseline_seed5,5,baseline,0,71,0,4093,0.0,16,0,4093,0.0,0,4093,0.0,16,0,4093,0.0,0,0,,0,0,0,,0,0
baseline_seed5,5,baseline,0,72,0,4093,0.0,16,0,4093,0.0,0,4093,0.0,16,0,4093,0.0,0,0,,0,0,0,,0,0
baseline_seed5,5,baseline,0,73,0,4093,0.0,16,0,4093,0.0,0,4093,0.0,16,0,4093,0.0,0,0,,0,0,0,,0,0
baseline_seed5,5,baseline,0,74,0,4093,0.0,16,0,4093,0.0,0,4093,0.0,16,0,4093,0.0,0,0,,0,0,0,,0,0
baseline_seed5,5,baseline,0,75,0,4093,0.0,16,0,4093,0.0,0,4093,0.0,16,0,4093,0.0,0,0,,0,0,0,,0,0
baseline_seed5,5,baseline,0,76,0,4093,0.0,16,0,4093,0.0,0,4093,0.0,16,0,4093,0.0,0,0,,0,0,0,,0,0
baseline_seed5,5,baseline,0,77,0,4093,0.0,16,0,4093,0.0,0,4093,0.0,16,0,4093,0.0,0,0,,0,0,0,,0,0
baseline_seed5,5,baseline,0,78,0,4093,0.0,16,0,4093,0.0,0,4093,0.0,16,0,4093,0.0,0,0,,0,0,0,,0,0
baseline_seed5,5,baseline,0,79,0,4093,0.0,16,0,4093,0.0,0,4093,0.0,16,0,4093,0.0,0,0,,0,0,0,,0,0
baseline_seed5,5,baseline,0,80,0,4093,0.0,16,0,4093,0.0,0,4093,0.0,16,0,4093,0.0,0,0,,0,0,0,,0,0
baseline_seed5,5,baseline,0,81,0,4093,0.0,16,0,4093,0.0,0,4093,0.0,16,0,4093,0.0,0,0,,0,0,0,,0,0
baseline_seed5,5,baseline,0,82,0,4093,0.0,16,0,4093,0.0,0,4093,0.0,16,0,4093,0.0,0,0,,0,0,0,,0,0
baseline_seed5,5,baseline,0,83,0,4093,0.0,16,0,4093,0.0,0,4093,0.0,16,0,4093,0.0,0,0,,0,0,0,,0,0
baseline_seed5,5,baseline,0,84,0,4093,0.0,16,0,4093,0.0,0,4093,0.0,16,0,4093,0.0,0,0,,0,0,0,,0,0
baseline_seed5,5,baseline,0,85,0,4093,0.0,16,0,4093,0.0,0,4093,0.0,16,0,4093,0.0,0,0,,0,0,0,,0,0
baseline_seed5,5,baseline,0,86,0,4093,0.0,16,0,4093,0.0,0,4093,0.0,16,0,4093,0.0,0,0,,0,0,0,,0,0
baseline_seed5,5,baseline,0,87,0,4093,0.0,16,0,4093,0.0,0,4093,0.0,16,0,4093,0.0,0,0,,0,0,0,,0,0
baseline_seed5,5,baseline,0,88,0,4093,0.0,16,0,4093,0.0,0,4093,0.0,16,0,4093,0.0,0,0,,0,0,0,,0,0
baseline_seed5,5,baseline,0,89,0,4093,0.0,16,0,4093,0.0,0,4093,0.0,16,0,4093,0.0,0,0,,0,0,0,,0,0
baseline_seed5,5,baseline,0,90,0,4093,0.0,16,0,4093,0.0,0,4093,0.0,16,0,4093,0.0,0,0,,0,0,0,,0,0
baseline_seed5,5,baseline,0,91,0,4093,0.0,16,0,4093,0.0,0,4093,0.0,16,0,4093,0.0,0,0,,0,0,0,,0,0
baseline_seed5,5,baseline,0,92,0,4093,0.0,16,0,4093,0.0,0,4093,0.0,16,0,4093,0.0,0,0,,0,0,0,,0,0
baseline_seed5,5,baseline,0,93,0,4093,0.0,16,0,4093,0.0,0,4093,0.0,16,0,4093,0.0,0,0,,0,0,0,,0,0
baseline_seed5,5,baseline,0,94,0,4093,0.0,16,0,4093,0.0,0,4093,0.0,16,0,4093,0.0,0,0,,0,0,0,,0,0
baseline_seed5,5,baseline,0,95,0,4093,0.0,16,0,4093,0.0,0,4093,0.0,16,0,4093,0.0,0,0,,0,0,0,,0,0
baseline_seed5,5,baseline,0,96,0,4093,0.0,16,0,4093,0.0,0,4093,0.0,16,0,4093,0.0,0,0,,0,0,0,,0,0
baseline_seed5,5,baseline,0,97,0,4093,0.0,16,0,4093,0.0,0,4093,0.0,16,0,4093,0.0,0,0,,0,0,0,,0,0
baseline_seed5,5,baseline,0,98,0,4093,0.0,16,0,4093,0.0,0,4093,0.0,16,0,4093,0.0,0,0,,0,0,0,,0,0
baseline_seed5,5,baseline,0,99,0,4093,0.0,16,0,4093,0.0,0,4093,0.0,16,0,4093,0.0,0,0,,0,0,0,,0,0
baseline_seed5,5,baseline,0,100,0,4093,0.0,16,0,4093,0.0,0,4093,0.0,16,0,4093,0.0,0,0,,0,0,0,,0,0
baseline_seed5,5,baseline,0,101,0,4093,0.0,16,0,4093,0.0,0,4093,0.0,16,0,4093,0.0,0,0,,0,0,0,,0,0
baseline_seed5,5,baseline,0,102,0,4093,0.0,16,0,4093,0.0,0,4093,0.0,16,0,4093,0.0,0,0,,0,0,0,,0,0
baseline_seed5,5,baseline,0,103,0,4093,0.0,16,0,4093,0.0,0,4093,0.0,16,0,4093,0.0,0,0,,0,0,0,,0,0
baseline_seed5,5,baseline,0,104,0,4093,0.0,16,0,4093,0.0,0,4093,0.0,16,0,4093,0.0,0,0,,0,0,0,,0,0
baseline_seed5,5,baseline,0,105,0,4093,0.0,16,0,4093,0.0,0,4093,0.0,16,0,4093,0.0,0,0,,0,0,0,,0,0
baseline_seed5,5,baseline,0,106,0,4093,0.0,16,0,4093,0.0,0,4093,0.0,16,0,4093,0.0,0,0,,0,0,0,,0,0
baseline_seed5,5,baseline,0,107,0,4093,0.0,16,0,4093,0.0,0,4093,0.0,16,0,4093,0.0,0,0,,0,0,0,,0,0
baseline_seed5,5,baseline,0,108,0,4093,0.0,16,0,4093,0.0,0,4093,0.0,16,0,4093,0.0,0,0,,0,0,0,,0,0
baseline_seed5,5,baseline,0,109,0,4093,0.0,16,0,4093,0.0,0,4093,0.0,16,0,4093,0.0,0,0,,0,0,0,,0,0
baseline_seed5,5,baseline,0,110,0,4093,0.0,16,0,4093,0.0,0,4093,0.0,16,0,4093,0.0,0,0,,0,0,0,,0,0
baseline_seed5,5,baseline,0,111,0,4093,0.0,16,0,4093,0.0,0,4093,0.0,16,0,4093,0.0,0,0,,0,0,0,,0,0
baseline_seed5,5,baseline,0,112,0,4093,0.0,16,0,4093,0.0,0,4093,0.0,16,0,4093,0.0,0,0,,0,0,0,,0,0
baseline_seed5,5,baseline,0,113,0,4093,0.0,16,0,4093,0.0,0,4093,0.0,16,0,4093,0.0,0,0,,0,0,0,,0,0
baseline_seed5,5,baseline,0,114,0,4093,0.0,16,0,4093,0.0,0,4093,0.0,16,0,4093,0.0,0,0,,0,0,0,,0,0
baseline_seed5,5,baseline,0,115,0,4093,0.0,16,0,4093,0.0,0,4093,0.0,16,0,4093,0.0,0,0,,0,0,0,,0,0
baseline_seed5,5,baseline,0,116,0,4093,0.0,16,0,4093,0.0,0,4093,0.0,16,0,4093,0.0,0,0,,0,0,0,,0,0
baseline_seed5,5,baseline,0,117,0,4093,0.0,16,0,4093,0.0,0,4093,0.0,16,0,4093,0.0,0,0,,0,0,0,,0,0
baseline_seed5,5,baseline,0,118,0,4093,0.0,16,0,4093,0.0,0,4093,0.0,16,0,4093,0.0,0,0,,0,0,0,,0,0
baseline_seed5,5,baseline,0,119,0,4093,0.0,16,0,4093,0.0,0,4093,0.0,16,0,4093,0.0,0,0,,0,0,0,,0,0
baseline_seed5,5,baseline,0,120,0,4093,0.0,16,0,4093,0.0,0,4093,0.0,16,0,4093,0.0,0,0,,0,0,0,,0,0
baseline_seed5,5,baseline,0,121,0,4093,0.0,16,0,4093,0.0,0,4093,0.0,16,0,4093,0.0,0,0,,0,0,0,,0,0
baseline_seed5,5,baseline,0,122,0,4093,0.0,16,0,4093,0.0,0,4093,0.0,16,0,4093,0.0,0,0,,0,0,0,,0,0
baseline_seed5,5,baseline,0,123,0,4093,0.0,16,0,4093,0.0,0,4093,0.0,16,0,4093,0.0,0,0,,0,0,0,,0,0
baseline_seed5,5,baseline,0,124,0,4093,0.0,16,0,4093,0.0,0,4093,0.0,16,0,4093,0.0,0,0,,0,0,0,,0,0
baseline_seed5,5,baseline,0,125,0,4093,0.0,16,0,4093,0.0,0,4093,0.0,16,0,4093,0.0,0,0,,0,0,0,,0,0
baseline_seed5,5,baseline,0,126,0,4093,0.0,16,0,4093,0.0,0,4093,0.0,16,0,4093,0.0,0,0,,0,0,0,,0,0
baseline_seed5,5,baseline,0,127,0,4093,0.0,16,0,4093,0.0,0,4093,0.0,16,0,4093,0.0,0,0,,0,0,0,,0,0
baseline_seed5,5,baseline,0,128,0,4093,0.0,16,0,4093,0.0,0,4093,0.0,16,0,4093,0.0,0,0,,0,0,0,,0,0
baseline_seed5,5,baseline,100,0,0,4093,0.0,16,0,4093,0.0,,,,,,,,,,,,,,,,
baseline_seed5,5,baseline,100,1,11,4093,0.0029826976140084616,16,11,4093,0.0026875152699731247,11,4093,0.0029826976140084616,16,11,4093,0.0026875152699731247,0,0,,0,0,0,,11,0
baseline_seed5,5,baseline,100,2,8,4093,0.0021866919119688994,16,8,4093,0.0019545565599804545,3,4082,0.0007775882103479997,16,3,4082,0.0007349338559529642,6,11,0.5454545454545454,11,6,11,0.5454545454545454,-3,0
baseline_seed5,5,baseline,100,3,25,4093,0.006982624342813895,16,25,4093,0.00610798924993892,18,4085,0.00501124478498142,16,18,4085,0.004406364749082008,1,8,0.125,8,1,8,0.125,17,0
baseline_seed5,5,baseline,100,4,108,4093,0.0323665025634089,16,108,4093,0.026386513559736136,84,4068,0.025770343615521454,16,84,4068,0.02064896755162242,1,25,0.07142857142857142,14,1,25,0.04,83,0
baseline_seed5,5,baseline,100,5,321,4093,0.08842163698529182,16,321,4093,0.07842658196921573,222,3985,0.06130539185732946,16,222,3985,0.05570890840652447,9,108,0.11643963675213675,16,9,108,0.08333333333333333,213,0
baseline_seed5,5,baseline,100,6,615,4093,0.17187027708180683,16,615,4093,0.15025653554849744,306,3772,0.0956154924675975,16,306,3772,0.08112407211028633,12,321,0.03286453728264073,16,12,321,0.037383177570093455,294,0
baseline_seed5,5,baseline,100,7,709,4093,0.19722239029525132,16,709,4093,0.17322257512826778,110,3478,0.03743075857545956,16,110,3478,0.03162737205290397,16,615,0.025048778802061362,16,16,615,0.026016260162601626,94,0
baseline_seed5,5,baseline,100,8,766,4093,0.21365858606533303,16,766,4093,0.1871487906181285,71,3384,0.026877560210883326,16,71,3384,0.02098108747044917,14,709,0.019244439272693144,16,14,709,0.019746121297602257,57,0
baseline_seed5,5,baseline,100,9,803,4093,0.22546292052317313,16,803,4093,0.1961886147080381,54,3327,0.02330643489068875,16,54,3327,0.016230838593327322,17,766,0.022179396563238335,16,17,766,0.022193211488250653,37,0
baseline_seed5,5,baseline,100,10,854,4093,0.24053850646970554,16,854,4093,0.2086489127779135,60,3290,0.025346876757712904,16,60,3290,0.0182370820668693,9,803,0.009542184198753523,16,9,803,0.0112079701120797,51,0
baseline_seed5,5,baseline,100,11,894,4093,0.2517235139706232,16,894,4093,0.2184216955778158,53,3239,0.02225804853456092,16,53,3239,0.016363075023155295,13,854,0.014272032135650186,16,13,854,0.01522248243559719,40,0
baseline_seed5,5,baseline,100,12,910,4093,0.25666247864944547,16,910,4093,0.2223308086977767,35,3199,0.015342507103900751,16,35,3199,0.010940919037199124,19,894,0.020576558938601535,16,19,894,0.021252796420581657,16,0
baseline_seed5,5,baseline,100,13,942,4093,0.26541701753213326,16,942,4093,0.2301490349376985,48,3183,0.02040347894508677,16,48,3183,0.015080113100848256,16,910,0.01568897144768788,16,16,910,0.017582417582417582,32,0
baseline_seed5,5,baseline,100,14,962,4093,0.2710883795954669,16,962,4093,0.23503542633764965,43,3151,0.01798333279053308,16,43,3151,0.01364646144081244,23,942,0.022351336335608797,16,23,942,0.024416135881104035,20,0
baseline_seed5,5,baseline,100,15,974,4093,0.2750224162856083,16,974,4093,0.23796726117762032,39,3131,0.01823513479577702,16,39,3131,0.012456084318109231,27,962,0.02769259037456446,16,27,962,0.028066528066528068,12,0
baseline_seed5,5,baseline,100,16,990,4093,0.27915545212464293,16,990,4093,0.24187637429758124,46,3119,0.01937633316800986,16,46,3119,0.014748316768194934,30,974,0.02828668218736946,16,30,974,0.030800821355236138,16,0
baseline_seed5,5,baseline,100,17,993,4093,0.2806768419045148,16,993,4093,0.2426093330075739,32,3103,0.014637697863000208,16,32,3103,0.0103126007089913,29,990,0.026868078501018588,16,29,990,0.029292929292929294,3,0
baseline_seed5,5,baseline,100,18,995,4093,0.2805128836484227,16,995,4093,0.243097972147569,30,3100,0.013050788347599646,16,30,3100,0.00967741935483871,28,993,0.02618488585563072,16,28,993,0.028197381671701913,2,0
baseline_seed5,5,baseline,100,19,998,4093,0.28166919031663384,16,998,4093,0.2438309308575617,29,3098,0.012309329494932412,16,29,3098,0.00936087798579729,26,995,0.026167210977594578,16,26,995,0.02613065326633166,3,0
baseline_seed5,5,baseline,100,20,1007,4093,0.2847217071609297,16,1007,4093,0.2460298069875397,31,3095,0.012993105413610272,16,31,3095,0.010016155088852988,22,998,0.02219401679851496,16,22,998,0.022044088176352707,9,0
baseline_seed5,5,baseline,100,21,1011,4093,0.28602899172797513,16,1011,4093,0.24700708526752993,23,3086,0.009010418469854616,16,23,3086,0.007453013609850939,19,1007,0.01927560058748394,16,19,1007,0.018867924528301886,4,0
baseline_seed5,5,baseline,100,22,1019,4093,0.2878514878701883,16,1019,4093,0.24896164182751038,26,3082,0.01077955588199006,16,26,3082,0.008436080467229072,18,1011,0.017570299640225558,16,18,1011,0.017804154302670624,8,0
baseline_seed5,5,baseline,100,23,1013,4093,0.286120227168424,16,1013,4093,0.24749572440752504,16,3074,0.007003347128153936,16,16,3074,0.00520494469746259,22,1019,0.021562671098862632,16,22,1019,0.021589793915603533,-6,0
baseline_seed5,5,baseline,100,24,1021,4093,0.288788394662047,16,1021,4093,0.2494502809675055,25,3080,0.011479247848384895,16,25,3080,0.008116883116883116,17,1013,0.0183549153945599,16,17,1013,0.01678183613030602,8,0
baseline_seed5,5,baseline,100,25,1025,4093,0.28946253604678807,16,1025,4093,0.2504275592474957,16,3072,0.0070976497005067534,16,16,3072,0.005208333333333333,12,1021,0.01240889474456791,16,12,1021,0.011753183153770812,4,0
baseline_seed5,5,baseline,100,26,1032,4093,0.2918776648104968,16,1032,4093,0.2521377962374786,21,3068,0.009537986768439081,16,21,3068,0.006844850065189048,14,1025,0.015080161311715483,16,14,1025,0.013658536585365854,7,0
baseline_seed5,5,baseline,100,27,1034,4093,0.29254526666099245,16,1034,4093,0.25262643537747376,19,3061,0.008037580233272123,16,19,3061,0.006207121855602744,17,1032,0.015536967580928783,16,17,1032,0.016472868217054265,2,0
baseline_seed5,5,baseline,100,28,1029,4093,0.29233399662061965,16,1029,4093,0.25140483752748594,18,3059,0.009053115080930575,16,18,3059,0.005884275907159202,23,1034,0.020699188575591554,16,23,1034,0.022243713733075435,-5,0
baseline_seed5,5,baseline,100,29,1026,4093,0.29137635586257615,16,1026,4093,0.25067187881749325,22,3064,0.008595711712563143,16,22,3064,0.007180156657963447,25,1029,0.024864726952256277,16,25,1029,0.024295432458697766,-3,0
baseline_seed5,5,baseline,100,30,1020,4093,0.290652049895373,16,1020,4093,0.24920596139750795,21,3067,0.008414527604806769,16,21,3067,0.006847081838930551,27,1026,0.026808430762867062,16,27,1026,0.02631578947368421,-6,0
baseline_seed5,5,baseline,100,31,1021,4093,0.290318594904155,16,1021,4093,0.2494502809675055,25,3073,0.007977642689846602,16,25,3073,0.008135372600065083,24,1020,0.02469837435319449,16,24,1020,0.023529411764705882,1,0
baseline_seed5,5,baseline,100,32,1013,4093,0.28882738204350955,16,1013,4093,0.24749572440752504,19,3072,0.006832220906042802,16,19,3072,0.006184895833333333,27,1021,0.02657763434198633,16,27,1021,0.02644466209598433,-8,0
baseline_seed5,5,baseline,100,33,1015,4093,0.28925464733974054,16,1015,4093,0.24798436354752015,29,3080,0.009637613959079236,16,29,3080,0.009415584415584415,27,1013,0.02956122613255475,16,27,1013,0.02665350444225074,2,0
baseline_seed5,5,baseline,100,34,1015,4093,0.2895817838499059,16,1015,4093,0.24798436354752015,24,3078,0.00912227440150535,16,24,3078,0.007797270955165692,24,1015,0.025618976926743912,16,24,1015,0.023645320197044337,0,0
baseline_seed5,5,baseline,100,35,1020,4093,0.29086202176589493,16,1020,4093,0.24920596139750795,30,3078,0.012229726099261304,16,30,3078,0.009746588693957114,25,1015,0.02753274285970352,16,25,1015,0.024630541871921183,5,0
baseline_seed5,5,baseline,100,36,1025,4093,0.2922121702555005,16,1025,4093,0.2504275592474957,31,3073,0.011912350644421258,16,31,3073,0.010087862024080702,26,1020,0.026614911355184033,16,26,1020,0.025490196078431372,5,0
baseline_seed5,5,baseline,100,37,1027,4093,0.2924282938380406,16,1027,4093,0.25091619838749085,30,3068,0.011560170646624903,16,30,3068,0.009778357235984355,28,1025,0.03215562080379823,16,28,1025,0.027317073170731707,2,0
baseline_seed5,5,baseline,100,38,1023,4093,0.2910288909051847,16,1023,4093,0.2499389201075006,31,3066,0.009739089309292202,16,31,3066,0.010110893672537508,35,1027,0.03574262422285018,16,35,1027,0.034079844206426485,-4,0
baseline_seed5,5,baseline,100,39,1030,4093,0.2926991348936534,16,1030,4093,0.25164915709748353,38,3070,0.013167326827885711,16,38,3070,0.012377850162866449,31,1023,0.032982881416759355,16,31,1023,0.030303030303030304,7,0
baseline_seed5,5,baseline,100,40,1026,4093,0.29169689567479884,16,1026,4093,0.25067187881749325,33,3063,0.011568594707168714,16,33,3063,0.010773751224289911,37,1030,0.037706842548489314,16,37,1030,0.035922330097087375,-4,0
baseline_seed5,5,baseline,100,41,1032,4093,0.2931458793759103,16,1032,4093,0.2521377962374786,37,3067,0.013542510922981007,16,37,3067,0.012063906097163351,31,1026,0.02984669168028109,16,31,1026,0.030214424951267055,6,0
baseline_seed5,5,baseline,100,42,1037,4093,0.29334936399047684,16,1037,4093,0.2533593940874664,34,3061,0.011451517591118798,16,34,3061,0.01110748121528912,29,1032,0.02896693652316244,16,29,1032,0.02810077519379845,5,0
baseline_seed5,5,baseline,100,43,1039,4093,0.2942378483858553,16,1039,4093,0.2538480332274615,29,3056,0.011437111812648438,16,29,3056,0.009489528795811518,27,1037,0.02412367747215725,16,27,1037,0.026036644165863067,2,0
baseline_seed5,5,baseline,100,44,1038,4093,0.29388454537329695,16,1038,4093,0.253603713657464,26,3054,0.009715262508909181,16,26,3054,0.008513425016371971,27,1039,0.025896689093315287,16,27,1039,0.02598652550529355,-1,0
baseline_seed5,5,baseline,100,45,1041,4093,0.29380002706751546,16,1041,4093,0.2543366723674566,31,3055,0.010676887553293922,16,31,3055,0.010147299509001636,28,1038,0.02497285688650195,16,28,1038,0.02697495183044316,3,0
baseline_seed5,5,baseline,100,46,1046,4093,0.29448925199927933,16,1046,4093,0.2555582702174444,33,3052,0.013431644319154676,16,33,3052,0.010812581913499346,28,1041,0.02880216273067912,16,28,1041,0.026897214217098942,5,0
baseline_seed5,5,baseline,100,47,1038,4093,0.2932591934923142,16,1038,4093,0.253603713657464,24,3047,0.010435303834541682,16,24,3047,0.007876599934361668,32,1046,0.03152750084502433,16,32,1046,0.030592734225621414,-8,0
baseline_seed5,5,baseline,100,48,1052,4093,0.29582803778455496,16,1052,4093,0.25702418763742974,43,3055,0.015347402182901402,16,43,3055,0.014075286415711947,29,1038,0.03043959093639671,16,29,1038,0.027938342967244702,14,0
baseline_seed5,5,baseline,100,49,1043,4093,0.29435105307196907,16,1043,4093,0.25482531150745175,29,3041,0.011753840399254784,16,29,3041,0.009536336731338375,38,1052,0.03867027838963566,16,38,1052,0.03612167300380228,-9,0
baseline_seed5,5,baseline,100,50,1052,4093,0.29552793239837183,16,1052,4093,0.25702418763742974,41,3050,0.01399666122310627,16,41,3050,0.013442622950819673,32,1043,0.035862788105072214,16,32,1043,0.030680728667305847,9,0
baseline_seed5,5,baseline,100,51,1044,4093,0.2944098185239426,16,1044,4093,0.2550696310774493,32,3041,0.012787834288710219,16,32,3041,0.01052285432423545,40,1052,0.04269427180980294,16,40,1052,0.03802281368821293,-8,0
baseline_seed5,5,baseline,100,52,1050,4093,0.29493295815341386,16,1050,4093,0.25653554849743465,39,3049,0.013087605690941705,16,39,3049,0.012791079042308954,33,1044,0.03711767382597482,16,33,1044,0.031609195402298854,6,0
baseline_seed5,5,baseline,100,53,1050,4093,0.2951459950621429,16,1050,4093,0.25653554849743465,27,3043,0.009783421620890617,16,27,3043,0.008872822872165627,27,1050,0.02956751205181274,16,27,1050,0.025714285714285714,0,0
baseline_seed5,5,baseline,100,54,1045,4093,0.29352521592792913,16,1045,4093,0.2553139506474469,25,3043,0.008329894340183615,16,25,3043,0.00821557673348669,30,1050,0.033130062165292254,16,30,1050,0.02857142857142857,-5,0
baseline_seed5,5,baseline,100,55,1050,4093,0.2947897872355214,16,1050,4093,0.25653554849743465,31,3048,0.011844663169152324,16,31,3048,0.010170603674540682,26,1045,0.03072651399220267,16,26,1045,0.024880382775119617,5,0
baseline_seed5,5,baseline,100,56,1049,4093,0.2936619624145159,16,1049,4093,0.2562912289274371,28,3043,0.009399053105061724,16,28,3043,0.009201445941505093,29,1050,0.030539874879906646,16,29,1050,0.02761904761904762,-1,0
baseline_seed5,5,baseline,100,57,1051,4093,0.2944262036864571,16,1051,4093,0.2567798680674322,30,3044,0.011431924730020703,16,30,3044,0.00985545335085414,28,1049,0.03175536306355197,16,28,1049,0.02669208770257388,2,0
baseline_seed5,5,baseline,100,58,1051,4093,0.29427702322576105,16,1051,4093,0.2567798680674322,29,3042,0.01041005855601812,16,29,3042,0.00953320184089415,29,1051,0.02779006622567698,16,29,1051,0.02759276879162702,0,0
baseline_seed5,5,baseline,100,59,1053,4093,0.2947413619602456,16,1053,4093,0.25726850720742733,34,3042,0.01327997908787868,16,34,3042,0.011176857330703484,32,1051,0.03280171241629897,16,32,1051,0.030447193149381543,2,0
baseline_seed5,5,baseline,100,60,1053,4093,0.29459484026688393,16,1053,4093,0.25726850720742733,32,3040,0.012509483513923173,16,32,3040,0.010526315789473684,32,1053,0.028574376699810444,16,32,1053,0.030389363722697058,0,0
baseline_seed5,5,baseline,100,61,1052,4093,0.29483189791963976,16,1052,4093,0.25702418763742974,31,3040,0.014191098482948741,16,31,3040,0.010197368421052632,32,1053,0.03373253751611448,16,32,1053,0.030389363722697058,-1,0
baseline_seed5,5,baseline,100,62,1049,4093,0.2933219893097232,16,1049,4093,0.2562912289274371,28,3041,0.01033046363308323,16,28,3041,0.009207497533706017,31,1052,0.027232963769018143,16,31,1052,0.029467680608365018,-3,0
baseline_seed5,5,baseline,100,63,1043,4093,0.29308447225181766,16,1043,4093,0.25482531150745175,28,3044,0.01260199186666298,16,28,3044,0.009198423127463863,34,1049,0.036025432467549454,16,34,1049,0.032411820781696854,-6,0
baseline_seed5,5,baseline,100,64,1041,4093,0.2924060446058457,16,1041,4093,0.2543366723674566,31,3050,0.011418966489968724,16,31,3050,0.010163934426229508,33,1043,0.03049873311375284,16,33,1043,0.031639501438159155,-2,0
baseline_seed5,5,baseline,100,65,1044,4093,0.29304917429809596,16,1044,4093,0.2550696310774493,32,3052,0.012787159794195658,16,32,3052,0.010484927916120577,29,1041,0.03240956943148827,16,29,1041,0.027857829010566763,3,0
baseline_seed5,5,baseline,100,66,1033,4093,0.2905406072914268,16,1033,4093,0.25238211580747616,27,3049,0.011174951341651258,16,27,3049,0.0088553624139062,38,1044,0.03670779839280631,16,38,1044,0.03639846743295019,-11,0
baseline_seed5,5,baseline,100,67,1042,4093,0.29237797586466924,16,1042,4093,0.2545809919374542,38,3060,0.015396795546279252,16,38,3060,0.01241830065359477,29,1033,0.029884130339065798,16,29,1033,0.028073572120038724,9,0
baseline_seed5,5,baseline,100,68,1035,4093,0.290911994451334,16,1035,4093,0.2528707549474713,31,3051,0.01274229555443689,16,31,3051,0.010160603080957063,38,1042,0.03645792337558498,16,38,1042,0.036468330134357005,-7,0
baseline_seed5,5,baseline,100,69,1044,4093,0.29325986199702847,16,1044,4093,0.2550696310774493,40,3058,0.01632082262881368,16,40,3058,0.013080444735120994,31,1035,0.03104305129505583,16,31,1035,0.02995169082125604,9,0
baseline_seed5,5,baseline,100,70,1040,4093,0.2923502595052011,16,1040,4093,0.25409235279745906,35,3049,0.01422435954306854,16,35,3049,0.011479173499508036,39,1044,0.03546264427045343,16,39,1044,0.03735632183908046,-4,0
baseline_seed5,5,baseline,100,71,1051,4093,0.2949580231901777,16,1051,4093,0.2567798680674322,39,3053,0.015514688167820735,16,39,3053,0.012774320340648543,28,1040,0.026105782723223808,16,28,1040,0.026923076923076925,11,0
baseline_seed5,5,baseline,100,72,1037,4093,0.29147031551707947,16,1037,4093,0.2533593940874664,23,3042,0.008612609602923819,16,23,3042,0.007560815253122946,37,1051,0.03252847136833982,16,37,1051,0.035204567078972404,-14,0
baseline_seed5,5,baseline,100,73,1046,4093,0.2936017882397644,16,1046,4093,0.2555582702174444,35,3056,0.013584488196462192,16,35,3056,0.011452879581151832,26,1037,0.025133366994825636,16,26,1037,0.02507232401157184,9,0
baseline_seed5,5,baseline,100,74,1036,4093,0.291323273124068,16,1036,4093,0.25311507451746884,25,3047,0.009128815965865688,16,25,3047,0.008204791598293404,35,1046,0.03154958566574234,16,35,1046,0.033460803059273424,-10,0
baseline_seed5,5,baseline,100,75,1042,4093,0.2929157761437207,16,1042,4093,0.2545809919374542,32,3057,0.01227133869232931,16,32,3057,0.01046777886817141,26,1036,0.025131214770319793,16,26,1036,0.025096525096525095,6,0
baseline_seed5,5,baseline,100,76,1034,4093,0.29088927350095456,16,1034,4093,0.25262643537747376,23,3051,0.009133385250046352,16,23,3051,0.0075385119632907244,31,1042,0.03037547173046483,16,31,1042,0.029750479846449136,-8,0
baseline_seed5,5,baseline,100,77,1036,4093,0.2917767203674734,16,1036,4093,0.25311507451746884,24,3059,0.009948306905995366,16,24,3059,0.007845701209545603,22,1034,0.021011856020447618,16,22,1034,0.02127659574468085,2,0
baseline_seed5,5,baseline,100,78,1029,4093,0.2901024161512591,16,1029,4093,0.25140483752748594,20,3057,0.0077856085918230145,16,20,3057,0.006542361792607131,27,1036,0.026632449242412485,16,27,1036,0.026061776061776062,-7,0
baseline_seed5,5,baseline,100,79,1038,4093,0.29247289882481603,16,1038,4093,0.253603713657464,31,3064,0.012326069818141317,16,31,3064,0.010117493472584857,22,1029,0.022149955757510675,16,22,1029,0.021379980563654033,9,0
baseline_seed5,5,baseline,100,80,1027,4093,0.28947980760012565,16,1027,4093,0.25091619838749085,19,3055,0.006968966514231786,16,19,3055,0.006219312602291326,30,1038,0.029698501937198443,16,30,1038,0.028901734104046242,-11,0
baseline_seed5,5,baseline,100,81,1039,4093,0.2930182544890124,16,1039,4093,0.2538480332274615,28,3066,0.011599629133421958,16,28,3066,0.0091324200913242,16,1027,0.015544091706822461,16,16,1027,0.01557935735150925,12,0
baseline_seed5,5,baseline,100,82,1023,4093,0.2885081274739623,16,1023,4093,0.2499389201075006,13,3054,0.00528489020648382,16,13,3054,0.004256712508185986,29,1039,0.02899446582957962,16,29,1039,0.02791145332050048,-16,0
baseline_seed5,5,baseline,100,83,1029,4093,0.2909343409036917,16,1029,4093,0.25140483752748594,25,3070,0.011589358531430071,16,25,3070,0.008143322475570033,19,1023,0.01777442931373656,16,19,1023,0.01857282502443793,6,0
baseline_seed5,5,baseline,100,84,1018,4093,0.28794250172541697,16,1018,4093,0.24871732225751284,15,3064,0.006326935449978025,16,15,3064,0.00489556135770235,26,1029,0.026949506687268046,16,26,1029,0.025267249757045675,-11,0
baseline_seed5,5,baseline,100,85,1026,4093,0.2901271152608098,16,1026,4093,0.25067187881749325,27,3075,0.01137455822474404,16,27,3075,0.00878048780487805,19,1018,0.01803360481924086,16,19,1018,0.018664047151277015,8,0
baseline_seed5,5,baseline,100,86,1018,4093,0.2881623850058087,16,1018,4093,0.24871732225751284,21,3067,0.008254755257698719,16,21,3067,0.006847081838930551,29,1026,0.030408763146163215,16,29,1026,0.028265107212475632,-8,0
baseline_seed5,5,baseline,100,87,1025,4093,0.2895179117325768,16,1025,4093,0.2504275592474957,32,3075,0.012124720046022852,16,32,3075,0.01040650406504065,25,1018,0.0261761986279924,16,25,1018,0.02455795677799607,7,0
baseline_seed5,5,baseline,100,88,1013,4093,0.2869213252861752,16,1013,4093,0.24749572440752504,22,3068,0.008661606660105452,16,22,3068,0.007170795306388526,34,1025,0.0356719981036497,16,34,1025,0.033170731707317075,-12,0
baseline_seed5,5,baseline,100,89,1024,4093,0.2901985699352026,16,1024,4093,0.25018323967749817,33,3080,0.013729471727041954,16,33,3080,0.010714285714285714,22,1013,0.021238030842460696,16,22,1013,0.02171767028627838,11,0
baseline_seed5,5,baseline,100,90,1013,4093,0.286613282723557,16,1013,4093,0.24749572440752504,20,3069,0.007250903497232699,16,20,3069,0.006516780710329097,31,1024,0.03300521020323352,16,31,1024,0.0302734375,-11,0
baseline_seed5,5,baseline,100,91,1020,4093,0.2887372507743533,16,1020,4093,0.24920596139750795,30,3080,0.01253377402600957,16,30,3080,0.00974025974025974,23,1013,0.020483223908562435,16,23,1013,0.022704837117472853,7,0
baseline_seed5,5,baseline,100,92,1010,4093,0.28594841248422004,16,1010,4093,0.24676276569753236,20,3073,0.007834552396713651,16,20,3073,0.006508298080052067,30,1020,0.030571114594632458,16,30,1020,0.029411764705882353,-10,0
baseline_seed5,5,baseline,100,93,1011,4093,0.2862281614780664,16,1011,4093,0.24700708526752993,26,3083,0.00994358814983896,16,26,3083,0.008433344145313007,25,1010,0.02135596085054872,16,25,1010,0.024752475247524754,1,0
baseline_seed5,5,baseline,100,94,1009,4093,0.28620625139022016,16,1009,4093,0.24651844612753482,24,3082,0.009518599130387884,16,24,3082,0.007787151200519144,26,1011,0.02752235523231026,16,26,1011,0.025717111770524232,-2,0
baseline_seed5,5,baseline,100,95,1011,4093,0.28636817258072805,16,1011,4093,0.24700708526752993,24,3084,0.00824300000838233,16,24,3084,0.007782101167315175,22,1009,0.0189935909152861,16,22,1009,0.02180376610505451,2,0
baseline_seed5,5,baseline,100,96,1001,4093,0.2848078247644882,16,1001,4093,0.24456388956755437,17,3082,0.007866133027634122,16,17,3082,0.0055158987670343934,27,1011,0.027893154389506243,16,27,1011,0.026706231454005934,-10,0
baseline_seed5,5,baseline,100,97,1005,4093,0.2848606595109533,16,1005,4093,0.2455411678475446,27,3092,0.010043421100526126,16,27,3092,0.008732212160413972,23,1001,0.021228052789544448,16,23,1001,0.022977022977022976,4,0
baseline_seed5,5,baseline,100,98,995,4093,0.2826370415885734,16,995,4093,0.243097972147569,20,3088,0.009230704962647293,16,20,3088,0.006476683937823834,30,1005,0.03188457115896829,16,30,1005,0.029850746268656716,-10,0
baseline_seed5,5,baseline,100,99,1001,4093,0.2841047825500783,16,1001,4093,0.24456388956755437,27,3098,0.01200664042049263,16,27,3098,0.008715300193673338,21,995,0.020345288976756602,16,21,995,0.021105527638190954,6,0
baseline_seed5,5,baseline,100,100,990,4093,0.28107772735917247,16,990,4093,0.24187637429758124,17,3092,0.006799405788617464,16,17,3092,0.005498059508408797,28,1001,0.03011969551453587,16,28,1001,0.027972027972027972,-11,0
baseline_seed5,5,baseline,100,101,991,4093,0.2810500916305827,16,991,4093,0.24212069386757878,22,3103,0.008756700857202024,16,22,3103,0.007089912987431518,21,990,0.02005790523251643,16,21,990,0.021212121212121213,1,0
baseline_seed5,5,baseline,100,102,989,4093,0.28033149497153276,16,989,4093,0.24163205472758367,19,3102,0.0067684523280730335,16,19,3102,0.0061250805931656995,21,991,0.023265624102642584,16,21,991,0.02119071644803229,-2,0
baseline_seed5,5,baseline,100,103,990,4093,0.2805748433648937,16,990,4093,0.24187637429758124,23,3104,0.00836939375282578,16,23,3104,0.007409793814432989,22,989,0.019925837297545584,16,22,989,0.022244691607684528,1,0
baseline_seed5,5,baseline,100,104,984,4093,0.27929530677792574,16,984,4093,0.2404104568775959,20,3103,0.007617277589261322,16,20,3103,0.006445375443119562,26,990,0.028586700819257342,16,26,990,0.026262626262626262,-6,0
baseline_seed5,5,baseline,100,105,983,4093,0.27905663550874027,16,983,4093,0.24016613730759834,22,3109,0.008744615736286241,16,22,3109,0.007076230299131554,23,984,0.026254952886601138,16,23,984,0.023373983739837397,-1,0
baseline_seed5,5,baseline,100,106,978,4093,0.2773827810270082,16,978,4093,0.23894453945761054,19,3110,0.006917446848424031,16,19,3110,0.006109324758842444,24,983,0.02739462414235492,16,24,983,0.024415055951169887,-5,0
baseline_seed5,5,baseline,100,107,979,4093,0.27832183784356435,16,979,4093,0.23918885902760811,20,3115,0.008763603659618395,16,20,3115,0.006420545746388443,19,978,0.02128809277446438,16,19,978,0.019427402862985686,1,0
baseline_seed5,5,baseline,100,108,977,4093,0.2773690209995478,16,977,4093,0.238700219887613,18,3114,0.006810144494558409,16,18,3114,0.005780346820809248,20,979,0.022005167989801018,16,20,979,0.020429009193054137,-2,0
baseline_seed5,5,baseline,100,109,972,4093,0.2765113677492852,16,972,4093,0.2374786220376252,16,3116,0.007121050271314178,16,16,3116,0.005134788189987163,21,977,0.025154701160994834,16,21,977,0.021494370522006142,-5,0
baseline_seed5,5,baseline,100,110,979,4093,0.27783635677325136,16,979,4093,0.23918885902760811,22,3121,0.00792674667242307,16,22,3121,0.007049022749118872,15,972,0.017604831416252964,16,15,972,0.015432098765432098,7,0
baseline_seed5,5,baseline,100,111,971,4093,0.27581018578515243,16,971,4093,0.23723430246762767,17,3114,0.007217248754259264,16,17,3114,0.005459216441875401,25,979,0.03128390869951314,16,25,979,0.02553626149131767,-8,0
baseline_seed5,5,baseline,100,112,977,4093,0.2773321919211422,16,977,4093,0.238700219887613,25,3122,0.009565621356722972,16,25,3122,0.008007687379884689,19,971,0.020725012451038485,16,19,971,0.01956745623069001,6,0
baseline_seed5,5,baseline,100,113,970,4093,0.27599583142423423,16,970,4093,0.2369899828976301,20,3116,0.00786260157219345,16,20,3116,0.006418485237483954,27,977,0.033192626174252754,16,27,977,0.027635619242579325,-7,0
baseline_seed5,5,baseline,100,114,971,4093,0.27579637811209284,16,971,4093,0.23723430246762767,25,3123,0.009182001601836158,16,25,3123,0.008005123278898496,24,970,0.02537902346536061,16,24,970,0.024742268041237112,1,0
baseline_seed5,5,baseline,100,115,965,4093,0.2744150174160207,16,965,4093,0.2357683850476423,21,3122,0.009063459236297677,16,21,3122,0.006726457399103139,27,971,0.0326474846532018,16,27,971,0.027806385169927908,-6,0
baseline_seed5,5,baseline,100,116,967,4093,0.2750990811512103,16,967,4093,0.23625702418763744,24,3128,0.009493274980834208,16,24,3128,0.0076726342710997444,22,965,0.02349806419056598,16,22,965,0.022797927461139896,2,0
baseline_seed5,5,baseline,100,117,962,4093,0.27393150283077544,16,962,4093,0.23503542633764965,20,3126,0.008589561259130876,16,20,3126,0.006397952655150352,25,967,0.03173787020192068,16,25,967,0.025853154084798345,-5,0
baseline_seed5,5,baseline,100,118,965,4093,0.2746250778947563,16,965,4093,0.2357683850476423,26,3131,0.011033945039114812,16,26,3131,0.00830405621207282,23,962,0.021177507614831954,16,23,962,0.02390852390852391,3,0
baseline_seed5,5,baseline,100,119,963,4093,0.2740913607930182,16,963,4093,0.2352797459076472,21,3128,0.009289404257138867,16,21,3128,0.006713554987212276,23,965,0.02904560118998384,16,23,965,0.02383419689119171,-2,0
baseline_seed5,5,baseline,100,120,960,4093,0.2737286051849594,16,960,4093,0.23454678719765454,23,3130,0.011095963274149079,16,23,3130,0.007348242811501597,26,963,0.025682409411453735,16,26,963,0.02699896157840083,-3,0
baseline_seed5,5,baseline,100,121,957,4093,0.2723433405161839,16,957,4093,0.23381382848766186,21,3133,0.008853112716176035,16,21,3133,0.006702840727736993,24,960,0.029416404181138153,16,24,960,0.025,-3,0
baseline_seed5,5,baseline,100,122,956,4093,0.27250895060424696,16,956,4093,0.23356950891766431,22,3136,0.010061993704981937,16,22,3136,0.00701530612244898,23,957,0.02437773967518972,16,23,957,0.024033437826541274,-1,0
baseline_seed5,5,baseline,100,123,959,4093,0.27294211080287867,16,959,4093,0.23430246762765697,23,3137,0.009708063139128389,16,23,3137,0.007331845712464138,20,956,0.024134462297447035,16,20,956,0.02092050209205021,3,0
baseline_seed5,5,baseline,100,124,959,4093,0.27303888412348415,16,959,4093,0.23430246762765697,25,3134,0.01044944150604263,16,25,3134,0.00797702616464582,25,959,0.027504670463065997,16,25,959,0.026068821689259645,0,0
baseline_seed5,5,baseline,100,125,955,4093,0.2719888044175505,16,955,4093,0.23332518934766674,22,3134,0.010153967959813222,16,22,3134,0.007019783024888321,26,959,0.03243926160628274,16,26,959,0.027111574556830033,-4,0
baseline_seed5,5,baseline,100,126,959,4093,0.2722702440783163,16,959,4093,0.23430246762765697,26,3138,0.009655569550559375,16,26,3138,0.0082855321861058,22,955,0.02529811504236328,16,22,955,0.023036649214659685,4,0
baseline_seed5,5,baseline,100,127,949,4093,0.27024555681949797,16,949,4093,0.2318592719276814,23,3134,0.009364847477953507,16,23,3134,0.007338864071474154,33,959,0.03863558161501261,16,33,959,0.03441084462982273,-10,0
baseline_seed5,5,baseline,100,128,959,4093,0.2721345646347074,16,959,4093,0.23430246762765697,33,3144,0.011829313672804695,16,33,3144,0.01049618320610687,23,949,0.029350606788082524,16,23,949,0.02423603793466807,10,0
baseline_seed5,5,baseline,200,0,0,4093,0.0,16,0,4093,0.0,,,,,,,,,,,,,,,,
baseline_seed5,5,baseline,200,1,11,4093,0.0029826976140084616,16,11,4093,0.0026875152699731247,11,4093,0.0029826976140084616,16,11,4093,0.0026875152699731247,0,0,,0,0,0,,11,0
baseline_seed5,5,baseline,200,2,17,4093,0.004655868796835822,16,17,4093,0.004153432689958466,14,4082,0.0040346134360860365,16,14,4082,0.0034296913277804997,8,11,0.7272727272727273,11,8,11,0.7272727272727273,6,0
baseline_seed5,5,baseline,200,3,76,4093,0.0199347308006963,16,76,4093,0.018568287319814317,72,4076,0.019016753211057585,16,72,4076,0.017664376840039256,13,17,0.7142857142857143,14,13,17,0.7647058823529411,59,0
baseline_seed5,5,baseline,200,4,347,4093,0.09497435730179801,16,347,4093,0.08477889078915221,299,4017,0.08417705754921992,16,299,4017,0.0744336569579288,28,76,0.34561011904761907,16,28,76,0.3684210526315789,271,0
baseline_seed5,5,baseline,200,5,582,4093,0.16114205062316603,16,582,4093,0.14219398973857805,257,3746,0.08188362638090504,16,257,3746,0.06860651361452216,22,347,0.0661333009731179,16,22,347,0.06340057636887608,235,0
baseline_seed5,5,baseline,200,6,674,4093,0.18662724031534095,16,674,4093,0.16467139017835328,112,3511,0.040114449740782765,16,112,3511,0.031899743662774135,20,582,0.033675441941570974,16,20,582,0.03436426116838488,92,0
baseline_seed5,5,baseline,200,7,769,4093,0.21448358141591933,16,769,4093,0.18788174932812118,121,3419,0.046426706712685284,16,121,3419,0.035390465048259726,26,674,0.03729595692248131,16,26,674,0.03857566765578635,95,0
baseline_seed5,5,baseline,200,8,841,4093,0.23514158168061364,16,841,4093,0.20547275836794526,104,3324,0.04092619570001717,16,104,3324,0.031287605294825514,32,769,0.041604419726259154,16,32,769,0.04161248374512354,72,0
baseline_seed5,5,baseline,200,9,892,4093,0.24968915183957222,16,892,4093,0.21793305643782068,87,3252,0.036515425018687986,16,87,3252,0.026752767527675275,36,841,0.04603901307026307,16,36,841,0.04280618311533888,51,0
baseline_seed5,5,baseline,200,10,905,4093,0.2520354698453631,16,905,4093,0.2211092108477889,55,3201,0.020633494414575793,16,55,3201,0.01718213058419244,42,892,0.053650473923004004,16,42,892,0.04708520179372197,13,0
baseline_seed5,5,baseline,200,11,929,4093,0.2584300004323462,16,929,4093,0.22697288052773026,58,3188,0.02317829935380892,16,58,3188,0.01819322459222083,34,905,0.04881107808959974,16,34,905,0.03756906077348066,24,0
baseline_seed5,5,baseline,200,12,954,4093,0.2658028250373434,16,954,4093,0.2330808697776692,65,3164,0.028023054651946697,16,65,3164,0.02054361567635904,40,929,0.050656454147516516,16,40,929,0.04305705059203445,25,0
baseline_seed5,5,baseline,200,13,986,4093,0.2750776043777906,16,986,4093,0.24089909601759102,69,3139,0.03129539001687476,16,69,3139,0.021981522777954763,37,954,0.04188497850623259,16,37,954,0.03878406708595388,32,0
baseline_seed5,5,baseline,200,14,1015,4093,0.2832844155503943,16,1015,4093,0.24798436354752015,71,3107,0.03031901144781202,16,71,3107,0.022851625362085612,42,986,0.04600592687622154,16,42,986,0.04259634888438134,29,0
baseline_seed5,5,baseline,200,15,1035,4093,0.28767917550464017,16,1035,4093,0.2528707549474713,69,3078,0.03042955198864304,16,69,3078,0.022417153996101363,49,1015,0.04981276218603635,16,49,1015,0.04827586206896552,20,0
baseline_seed5,5,baseline,200,16,1044,4093,0.28928129348841464,16,1044,4093,0.2550696310774493,63,3058,0.026356115190607984,16,63,3058,0.020601700457815567,54,1035,0.052299546954352204,16,54,1035,0.05217391304347826,9,0
baseline_seed5,5,baseline,200,17,1065,4093,0.294664716421429,16,1065,4093,0.260200342047398,66,3049,0.03083853019859273,16,66,3049,0.02164644145621515,45,1044,0.04686535358770722,16,45,1044,0.04310344827586207,21,0
baseline_seed5,5,baseline,200,18,1077,4093,0.2986116385593658,16,1077,4093,0.2631321768873687,60,3028,0.030645454042101,16,60,3028,0.019815059445178335,48,1065,0.05024938977001484,16,48,1065,0.04507042253521127,12,0
baseline_seed5,5,baseline,200,19,1095,4093,0.30432509378252504,16,1095,4093,0.2675299291473247,61,3016,0.03361279395967949,16,61,3016,0.020225464190981434,43,1077,0.04787414518552134,16,43,1077,0.039925719591457756,18,0
baseline_seed5,5,baseline,200,20,1118,4093,0.31120629972829206,16,1118,4093,0.2731492792572685,54,2998,0.03291405607031179,16,54,2998,0.01801200800533689,31,1095,0.03420113756634524,16,31,1095,0.028310502283105023,23,0
baseline_seed5,5,baseline,200,21,1125,4093,0.31282542457269397,16,1125,4093,0.2748595162472514,44,2975,0.02805215296218723,16,44,2975,0.014789915966386555,37,1118,0.0428108433580732,16,37,1118,0.03309481216457961,7,0
baseline_seed5,5,baseline,200,22,1154,4093,0.32126736499349584,16,1154,4093,0.2819447837771806,56,2968,0.04099702247891752,16,56,2968,0.018867924528301886,27,1125,0.03168266354121617,16,27,1125,0.024,29,0
baseline_seed5,5,baseline,200,23,1168,4093,0.3254402486713142,16,1168,4093,0.28536525775714633,52,2939,0.03882159991723254,16,52,2939,0.017693092888737667,38,1154,0.047042694268813356,16,38,1154,0.03292894280762565,14,0
baseline_seed5,5,baseline,200,24,1181,4093,0.32805450886998133,16,1181,4093,0.2885414121671146,39,2925,0.03243244106739999,16,39,2925,0.013333333333333334,26,1168,0.03311928905274654,16,26,1168,0.02226027397260274,13,0
baseline_seed5,5,baseline,200,25,1192,4093,0.3299927368126034,16,1192,4093,0.2912289274370877,37,2912,0.032075822367326236,16,37,2912,0.012706043956043956,26,1181,0.035242162768847785,16,26,1181,0.02201524132091448,11,0
baseline_seed5,5,baseline,200,26,1183,4093,0.32670065156223704,16,1183,4093,0.2890300513071097,27,2901,0.028501343644089107,16,27,2901,0.009307135470527405,36,1192,0.050000438703296644,16,36,1192,0.030201342281879196,-9,0
baseline_seed5,5,baseline,200,27,1171,4093,0.32444989169066896,16,1171,4093,0.286098216467139,30,2910,0.025033042487023406,16,30,2910,0.010309278350515464,42,1183,0.05441297476453727,16,42,1183,0.03550295857988166,-12,0
baseline_seed5,5,baseline,200,28,1165,4093,0.32224058633906144,16,1165,4093,0.2846322990471537,25,2922,0.011190366740882966,16,25,2922,0.008555783709787816,31,1171,0.053240167725287196,16,31,1171,0.026473099914602904,-6,0
baseline_seed5,5,baseline,200,29,1159,4093,0.32094838938704634,16,1159,4093,0.28316638162716834,30,2928,0.04345912343641476,16,30,2928,0.010245901639344262,36,1165,0.06628271026299577,16,36,1165,0.030901287553648068,-6,0
baseline_seed5,5,baseline,200,30,1161,4093,0.32261719844466025,16,1161,4093,0.2836550207671634,33,2934,0.07596760282045587,16,33,2934,0.011247443762781187,31,1159,0.04292560546738798,16,31,1159,0.026747195858498704,2,0
baseline_seed5,5,baseline,200,31,1150,4093,0.3203861916304267,16,1150,4093,0.28096750549719035,20,2932,0.0709695407961866,16,20,2932,0.0068212824010914054,31,1161,0.03815502611045961,16,31,1161,0.026701119724375538,-11,0
baseline_seed5,5,baseline,200,32,1146,4093,0.31866767570213,16,1146,4093,0.27999022721720007,20,2943,0.010016847394042386,15,20,2943,0.0067957866123003734,24,1150,0.03756403832985295,16,24,1150,0.020869565217391306,-4,0
baseline_seed5,5,baseline,200,33,1132,4093,0.3145219076296688,16,1132,4093,0.2765697532372343,19,2947,0.008802583284607528,15,19,2947,0.006447234475738039,33,1146,0.0651229885815259,16,33,1146,0.028795811518324606,-14,0
baseline_seed5,5,baseline,200,34,1130,4093,0.3143036437556102,16,1130,4093,0.2760811140972392,32,2961,0.01570468343268813,15,32,2961,0.010807159743329957,34,1132,0.04607285353944905,16,34,1132,0.030035335689045935,-2,0
baseline_seed5,5,baseline,200,35,1115,4093,0.3107850452091289,16,1115,4093,0.2724163205472758,20,2963,0.010624647534080791,15,20,2963,0.006749915626054675,35,1130,0.06494589792403399,16,35,1130,0.030973451327433628,-15,0
baseline_seed5,5,baseline,200,36,1085,4093,0.30254838142754237,16,1085,4093,0.2650867334473491,12,2978,0.006811008028323897,15,12,2978,0.004029550033579583,42,1115,0.06685803753498282,16,42,1115,0.03766816143497758,-30,0
baseline_seed5,5,baseline,200,37,1076,4093,0.3014983365813867,16,1076,4093,0.26288785731737113,26,3008,0.014221551739278694,15,26,3008,0.008643617021276596,35,1085,0.09324753322143164,16,35,1085,0.03225806451612903,-9,0
baseline_seed5,5,baseline,200,38,1047,4093,0.29306110020914317,16,1047,4093,0.25580258978744197,13,3017,0.00822741860746588,15,13,3017,0.004308916141862778,42,1076,0.12995189727109094,16,42,1076,0.03903345724907063,-29,0
baseline_seed5,5,baseline,200,39,1037,4093,0.2896115779164641,16,1037,4093,0.2533593940874664,18,3046,0.009404841188824127,15,18,3046,0.005909389363099146,28,1047,0.06760730959779714,15,28,1047,0.026743075453677174,-10,0
baseline_seed5,5,baseline,200,40,1031,4093,0.2868587968408054,16,1031,4093,0.2518934766674811,16,3056,0.007725495975539659,15,16,3056,0.005235602094240838,22,1037,0.06102719714888243,15,22,1037,0.021215043394406944,-6,0
baseline_seed5,5,baseline,200,41,1023,4093,0.2843526392680491,16,1023,4093,0.2499389201075006,20,3062,0.008500417354553313,15,20,3062,0.006531678641410843,28,1031,0.05211118646696915,15,28,1031,0.027158098933074686,-8,0
baseline_seed5,5,baseline,200,42,1019,4093,0.28303137296480607,16,1019,4093,0.24896164182751038,18,3070,0.010857754372008758,15,18,3070,0.005863192182410423,22,1023,0.11710124627928369,15,22,1023,0.021505376344086023,-4,0
baseline_seed5,5,baseline,200,43,988,4093,0.27400024987078225,16,988,4093,0.24138773515758613,9,3074,0.004495039672999454,15,9,3074,0.0029277813923227064,40,1019,0.1015369389421972,14,40,1019,0.03925417075564279,-31,0
baseline_seed5,5,baseline,200,44,977,4093,0.2718534738753179,16,977,4093,0.238700219887613,17,3105,0.010785535076507776,15,17,3105,0.005475040257648953,28,988,0.08728878129783145,14,28,988,0.02834008097165992,-11,0
baseline_seed5,5,baseline,200,45,967,4093,0.2690396962394907,16,967,4093,0.23625702418763744,20,3116,0.008999378797002713,15,20,3116,0.006418485237483954,30,977,0.12648559360688885,14,30,977,0.030706243602865915,-10,0
baseline_seed5,5,baseline,200,46,957,4093,0.26730268949475333,16,957,4093,0.23381382848766186,14,3126,0.008141206704027864,15,14,3126,0.004478566858605247,24,967,0.044420955479357774,13,24,967,0.02481902792140641,-10,0
baseline_seed5,5,baseline,200,47,942,4093,0.26425590726594245,16,942,4093,0.2301490349376985,22,3136,0.01206914692547,15,22,3136,0.00701530612244898,37,957,0.08570760601129573,13,37,957,0.038662486938349006,-15,0
baseline_seed5,5,baseline,200,48,920,4093,0.25868838344983447,16,920,4093,0.22477400439775225,25,3151,0.009313554798103894,15,25,3151,0.007933989209774674,47,942,0.11430143093520558,13,47,942,0.049893842887473464,-22,0
baseline_seed5,5,baseline,200,49,913,4093,0.2567824972586129,16,913,4093,0.22306376740776937,28,3173,0.013597408897133926,15,28,3173,0.00882445635045698,35,920,0.10085903576043122,13,35,920,0.03804347826086957,-7,0
baseline_seed5,5,baseline,200,50,883,4093,0.25017410695000564,16,883,4093,0.21573418030784267,10,3180,0.00340752517459012,15,10,3180,0.0031446540880503146,40,913,0.13344217334983413,13,40,913,0.04381161007667032,-30,0
baseline_seed5,5,baseline,200,51,864,4093,0.24627939691303585,16,864,4093,0.2110921084778891,16,3210,0.007079070768695064,15,16,3210,0.004984423676012461,35,883,0.1189295399298987,13,35,883,0.039637599093997736,-19,0
baseline_seed5,5,baseline,200,52,854,4093,0.24397078760349142,16,854,4093,0.2086489127779135,14,3229,0.005891029986567182,15,14,3229,0.004335707649427067,24,864,0.10596759316271512,13,24,864,0.027777777777777776,-10,0
baseline_seed5,5,baseline,200,53,847,4093,0.24063255812313786,16,847,4093,0.20693867578793063,22,3239,0.006778841666017808,15,22,3239,0.006792219820932387,29,854,0.1562034136473569,13,29,854,0.03395784543325527,-7,0
baseline_seed5,5,baseline,200,54,827,4093,0.23642028936797416,16,827,4093,0.20205228438797948,12,3246,0.0054353167443037574,15,12,3246,0.0036968576709796672,32,847,0.14476658194606912,13,32,847,0.03778040141676505,-20,0
baseline_seed5,5,baseline,200,55,814,4093,0.23281306429858317,16,814,4093,0.19887612997801124,12,3266,0.005049389996074012,15,12,3266,0.003674219228413962,25,827,0.15406611292687242,13,25,827,0.030229746070133012,-13,0
baseline_seed5,5,baseline,200,56,802,4093,0.23020503705238052,16,802,4093,0.19594429513804057,10,3279,0.0030528637005326365,15,10,3279,0.0030497102775236353,22,814,0.16090103018596238,13,22,814,0.02702702702702703,-12,0
baseline_seed5,5,baseline,200,57,786,4093,0.22648833578803837,16,786,4093,0.19203518201807965,7,3291,0.003061057264667212,15,7,3291,0.002127013065937405,23,802,0.18352516391990079,12,23,802,0.028678304239401497,-16,0
baseline_seed5,5,baseline,200,58,780,4093,0.22417529038860395,16,780,4093,0.1905692645980943,11,3307,0.0023489780903813225,15,11,3307,0.003326277592984578,17,786,0.12526195429809175,12,17,786,0.021628498727735368,-6,0
baseline_seed5,5,baseline,200,59,775,4093,0.22313217764506865,16,775,4093,0.18934766674810652,12,3313,0.005738673457806093,16,12,3313,0.003622094778146695,17,780,0.22171608265947887,12,17,780,0.021794871794871794,-5,0
baseline_seed5,5,baseline,200,60,766,4093,0.22022982930579377,16,766,4093,0.1871487906181285,13,3318,0.006454577897592604,16,13,3318,0.0039180229053646775,22,775,0.0973952674243109,11,22,775,0.02838709677419355,-9,0
baseline_seed5,5,baseline,200,61,738,4093,0.2131714755783985,16,738,4093,0.1803078426581969,8,3327,0.005509259649002796,16,8,3327,0.0024045686804929365,36,766,0.15938927353381246,11,36,766,0.04699738903394256,-28,0
baseline_seed5,5,baseline,200,62,718,4093,0.20822989205327944,16,718,4093,0.1754214512582458,5,3355,0.005358700185796079,16,5,3355,0.0014903129657228018,25,738,0.15706738140077126,11,25,738,0.03387533875338753,-20,0
baseline_seed5,5,baseline,200,63,701,4093,0.20216652040754463,16,701,4093,0.17126801856828733,5,3375,0.0034059417483641233,16,5,3375,0.0014814814814814814,22,718,0.06252849002849002,10,22,718,0.03064066852367688,-17,0
baseline_seed5,5,baseline,200,64,687,4093,0.19902190067943473,16,687,4093,0.16784754458832152,6,3392,0.009994981122175456,16,6,3392,0.001768867924528302,20,701,0.12366996322929502,10,20,701,0.028530670470756064,-14,0
baseline_seed5,5,baseline,200,65,675,4093,0.195622596863778,16,675,4093,0.16491570974835085,8,3406,0.00940206577815883,16,8,3406,0.002348796241926013,20,687,0.04470156049075933,10,20,687,0.02911208151382824,-12,0
baseline_seed5,5,baseline,200,66,661,4093,0.1917298870274374,16,661,4093,0.16149523576838504,4,3418,0.009724162011173184,16,4,3418,0.0011702750146284377,18,675,0.12543593006198775,10,18,675,0.02666666666666667,-14,0
baseline_seed5,5,baseline,200,67,654,4093,0.18988514908694265,16,654,4093,0.15978499877840216,4,3432,0.0076630464369317865,16,4,3432,0.0011655011655011655,11,661,0.01592488336561056,10,11,661,0.01664145234493192,-7,0
baseline_seed5,5,baseline,200,68,637,4093,0.1851182804327564,16,637,4093,0.1556315660884437,0,3439,0.0,16,0,3439,0.0,17,654,0.054522530168771774,10,17,654,0.02599388379204893,-17,0
baseline_seed5,5,baseline,200,69,628,4093,0.18266545598320813,16,628,4093,0.15343268995846568,3,3456,0.000767593429776974,16,3,3456,0.0008680555555555555,12,637,0.04329085130555719,10,12,637,0.018838304552590265,-9,0
baseline_seed5,5,baseline,200,70,618,4093,0.18077260353451358,16,618,4093,0.1509894942584901,5,3465,0.0055692756008239,16,5,3465,0.001443001443001443,15,628,0.057894045850603294,10,15,628,0.02388535031847134,-10,0
baseline_seed5,5,baseline,200,71,614,4093,0.17995436248245078,16,614,4093,0.15001221597849987,9,3475,0.007112390983711685,16,9,3475,0.002589928057553957,13,618,0.17737707390648566,10,13,618,0.021035598705501618,-4,0
baseline_seed5,5,baseline,200,72,610,4093,0.17955799192653532,16,610,4093,0.14903493769850965,9,3479,0.020048668622038187,16,9,3479,0.0025869502730669733,13,614,0.09251671503255368,9,13,614,0.021172638436482084,-4,0
baseline_seed5,5,baseline,200,73,615,4093,0.18097055372349022,16,615,4093,0.15025653554849744,13,3483,0.034503926354856065,16,13,3483,0.0037324145851277634,8,610,0.1274653922749914,9,8,610,0.013114754098360656,5,0
baseline_seed5,5,baseline,200,74,619,4093,0.18210937339391378,16,619,4093,0.15123381382848766,11,3478,0.034827001828880405,16,11,3478,0.0031627372052903968,7,615,0.21037523705237765,10,7,615,0.011382113821138212,4,0
baseline_seed5,5,baseline,200,75,618,4093,0.18195287060750365,16,618,4093,0.1509894942584901,7,3474,0.047864394318608436,16,7,3474,0.0020149683362118594,8,619,0.025152369979956186,9,8,619,0.012924071082390954,-1,0
baseline_seed5,5,baseline,200,76,616,4093,0.18157487530363603,16,616,4093,0.15050085511849498,10,3475,0.034453635380713526,16,10,3475,0.0028776978417266188,12,618,0.13532165651566258,9,12,618,0.019417475728155338,-2,0
baseline_seed5,5,baseline,200,77,611,4093,0.18112036850343458,16,611,4093,0.14927925726850721,7,3477,0.0439273535501157,16,7,3477,0.0020132297958009777,12,616,0.12585035905078612,9,12,616,0.01948051948051948,-5,0
baseline_seed5,5,baseline,200,78,608,4093,0.18059886125417277,16,608,4093,0.14854629855851453,5,3482,0.06357094922846368,16,5,3482,0.0014359563469270534,8,611,0.14031715210355986,9,8,611,0.01309328968903437,-3,0
baseline_seed5,5,baseline,200,79,605,4093,0.18012801738189305,16,605,4093,0.14781333984852188,6,3485,0.06481481481481481,16,6,3485,0.001721664275466284,9,608,0.059883324712898964,8,9,608,0.014802631578947368,-3,0
baseline_seed5,5,baseline,200,80,604,4093,0.18024618415713445,16,604,4093,0.1475690202785243,8,3488,0.06492242345549777,16,8,3488,0.0022935779816513763,9,605,0.07386363636363637,8,9,605,0.01487603305785124,-1,0
baseline_seed5,5,baseline,200,81,607,4093,0.1807813877277275,16,607,4093,0.148301978988517,9,3489,0.0029099599276821734,15,9,3489,0.0025795356835769563,6,604,0.05710638998682477,8,6,604,0.009933774834437087,3,0
baseline_seed5,5,baseline,200,82,604,4093,0.18037574076631718,16,604,4093,0.1475690202785243,7,3486,0.06390716008625673,16,7,3486,0.002008032128514056,10,607,0.19779888436604853,9,10,607,0.016474464579901153,-3,0
baseline_seed5,5,baseline,200,83,599,4093,0.17931249772125962,16,599,4093,0.14634742242853652,6,3489,0.001088585222147476,15,6,3489,0.0017196904557179708,11,604,0.18521693335126171,9,11,604,0.018211920529801324,-5,0
baseline_seed5,5,baseline,200,84,597,4093,0.17904701916730975,16,597,4093,0.1458587832885414,6,3494,0.0015010831941636542,15,6,3494,0.0017172295363480253,8,599,0.19907407407407407,9,8,599,0.01335559265442404,-2,0
baseline_seed5,5,baseline,200,85,593,4093,0.17853262930374356,16,593,4093,0.14488150500855118,5,3496,0.001501844535725274,15,5,3496,0.0014302059496567505,9,597,0.2037037037037037,9,9,597,0.01507537688442211,-4,0
baseline_seed5,5,baseline,200,86,585,4093,0.176864957505522,16,585,4093,0.14292694844857073,1,3500,0.0002442002442002442,15,1,3500,0.00028571428571428574,9,593,0.32650384441429214,10,9,593,0.01517706576728499,-8,0
baseline_seed5,5,baseline,200,87,588,4093,0.17742341692624214,16,588,4093,0.1436599071585634,5,3508,0.0013947555897438632,15,5,3508,0.0014253135689851768,2,585,0.009216589861751152,7,2,585,0.003418803418803419,3,0
baseline_seed5,5,baseline,200,88,587,4093,0.17718006418491397,16,587,4093,0.14341558758856585,4,3505,0.0012700110221959984,15,4,3505,0.0011412268188302425,5,588,0.13701152357868776,9,5,588,0.008503401360544218,-1,0
baseline_seed5,5,baseline,200,89,585,4093,0.1769741809234756,16,585,4093,0.14292694844857073,4,3506,0.0011332129903558474,15,4,3506,0.0011409013120365088,6,587,0.1372868256341383,8,6,587,0.010221465076660987,-2,0
baseline_seed5,5,baseline,200,90,583,4093,0.1762045994129755,16,583,4093,0.14243830930857562,5,3508,0.0015567359820595047,15,5,3508,0.0014253135689851768,7,585,0.23438155136268346,9,7,585,0.011965811965811967,-2,0
baseline_seed5,5,baseline,200,91,577,4093,0.17479682227233156,16,577,4093,0.1409723918885903,3,3510,0.000579944207898987,15,3,3510,0.0008547008547008547,9,583,0.27626154939587777,9,9,583,0.015437392795883362,-6,0
baseline_seed5,5,baseline,200,92,580,4093,0.17531301089753726,16,580,4093,0.14170535059858294,6,3516,0.0014918515421533528,15,6,3516,0.0017064846416382253,3,577,0.07175925925925926,8,3,577,0.005199306759098787,3,0
baseline_seed5,5,baseline,200,93,573,4093,0.17400949616870576,16,573,4093,0.13999511360860004,2,3513,0.00040818809502083525,15,2,3513,0.000569313976658127,9,580,0.17968984962406015,8,9,580,0.015517241379310345,-7,0
baseline_seed5,5,baseline,200,94,573,4093,0.17406891445319994,16,573,4093,0.13999511360860004,4,3520,0.001266139762434288,15,4,3520,0.0011363636363636363,4,573,0.13358671171171171,8,4,573,0.006980802792321117,0,0
baseline_seed5,5,baseline,200,95,569,4093,0.17304742019456779,16,569,4093,0.1390178353286098,3,3520,0.000643700585893985,15,3,3520,0.0008522727272727272,7,573,0.10814297648884115,7,7,573,0.012216404886561954,-4,0
baseline_seed5,5,baseline,200,96,565,4093,0.17217641063371864,16,565,4093,0.1380405570486196,2,3524,0.0007648733793771961,15,2,3524,0.0005675368898978433,6,569,0.14134615384615384,8,6,569,0.01054481546572935,-4,0
baseline_seed5,5,baseline,200,97,564,4093,0.1720177811920943,16,564,4093,0.13779623747862205,2,3528,0.0004711425206124853,15,2,3528,0.0005668934240362812,3,565,0.1358695652173913,8,3,565,0.005309734513274336,-1,0
baseline_seed5,5,baseline,200,98,564,4093,0.17185573290170375,16,564,4093,0.13779623747862205,4,3529,0.0009422850412249705,15,4,3529,0.0011334655709832814,4,564,0.009533439260436228,7,4,564,0.0070921985815602835,0,0
baseline_seed5,5,baseline,200,99,561,4093,0.17123653119209428,16,561,4093,0.13706327876862937,4,3529,0.001962233169129721,15,4,3529,0.0011334655709832814,7,564,0.03422291993720565,7,7,564,0.012411347517730497,-3,0
baseline_seed5,5,baseline,200,100,561,4093,0.17111469963839512,16,561,4093,0.13706327876862937,6,3532,0.0017864018406391312,15,6,3532,0.0016987542468856172,6,561,0.15349800182964995,7,6,561,0.0106951871657754,0,0
baseline_seed5,5,baseline,200,101,561,4093,0.17112849899850058,16,561,4093,0.13706327876862937,5,3532,0.0018101408748100152,15,5,3532,0.0014156285390713476,5,561,0.15974850546279118,7,5,561,0.008912655971479501,0,0
baseline_seed5,5,baseline,200,102,554,4093,0.1694644595718045,16,554,4093,0.13535304177864646,3,3532,0.0010542059930888647,15,3,3532,0.0008493771234428086,10,561,0.1711958661417323,7,10,561,0.017825311942959002,-7,0
baseline_seed5,5,baseline,200,103,556,4093,0.1699187079378176,16,556,4093,0.13584168091864157,6,3539,0.002195669599840067,15,6,3539,0.0016953941791466515,4,554,0.016577060931899642,6,4,554,0.007220216606498195,2,0
baseline_seed5,5,baseline,200,104,552,4093,0.16894793064618469,16,552,4093,0.13486440263865135,4,3537,0.0012767155236544222,15,4,3537,0.0011309018942606728,8,556,0.03330309139784946,6,8,556,0.014388489208633094,-4,0
baseline_seed5,5,baseline,200,105,548,4093,0.16788155308306218,16,548,4093,0.13388712435866112,3,3541,0.0007092198581560283,15,3,3541,0.0008472182999152782,7,552,0.030754203954489055,6,7,552,0.012681159420289856,-4,0
baseline_seed5,5,baseline,200,106,533,4093,0.16388262621263738,16,533,4093,0.13022233080869777,2,3545,0.00044169611307420494,16,2,3545,0.0005641748942172073,17,548,0.04676313487370729,6,17,548,0.03102189781021898,-15,0
baseline_seed5,5,baseline,200,107,526,4093,0.16198528696043155,16,526,4093,0.12851209381871487,2,3560,0.00044014084507042255,16,2,3560,0.0005617977528089888,9,533,0.028456721395749174,6,9,533,0.016885553470919325,-7,0
baseline_seed5,5,baseline,200,108,522,4093,0.16057184129710214,16,522,4093,0.12753481553872464,3,3567,0.0006602112676056338,16,3,3567,0.0008410428931875525,7,526,0.007245708665652421,6,7,526,0.013307984790874524,-4,0
baseline_seed5,5,baseline,200,109,512,4093,0.157779053135904,16,512,4093,0.12509161983874909,0,3571,0.0,16,0,3571,0.0,10,522,0.02088895159181314,6,10,522,0.019157088122605363,-10,0
baseline_seed5,5,baseline,200,110,506,4093,0.15605264253782838,16,506,4093,0.12362570241876375,2,3581,0.0004432624113475177,16,2,3581,0.0005585032113934655,8,512,0.02519512927314346,6,8,512,0.015625,-6,0
baseline_seed5,5,baseline,200,111,501,4093,0.154466116016512,16,501,4093,0.12240410456877596,4,3587,0.0011177921677459142,16,4,3587,0.001115137998327293,9,506,0.017140468227424748,6,9,506,0.017786561264822136,-5,0
baseline_seed5,5,baseline,200,112,492,4093,0.15206474823500005,16,492,4093,0.12020522843879795,1,3592,0.00022401433691756272,16,1,3592,0.00027839643652561246,10,501,0.023441443284905533,6,10,501,0.01996007984031936,-9,0
baseline_seed5,5,baseline,200,113,487,4093,0.15065277040038794,16,487,4093,0.11898363058881016,1,3601,0.00042517006802721087,16,1,3601,0.00027770063871146905,6,492,0.011909960727228617,6,6,492,0.012195121951219513,-5,0
baseline_seed5,5,baseline,200,114,480,4093,0.1484748795410858,16,480,4093,0.11727339359882727,2,3606,0.00044483985765124553,16,2,3606,0.0005546311702717693,9,487,0.011010284331518452,6,9,487,0.018480492813141684,-7,0
baseline_seed5,5,baseline,200,115,471,4093,0.1456827757550271,16,471,4093,0.11507451746884925,5,3613,0.0013127240143369176,16,5,3613,0.0013838915029061722,14,480,0.023986849168008587,6,14,480,0.029166666666666667,-9,0
baseline_seed5,5,baseline,200,116,461,4093,0.14286929120891498,16,461,4093,0.1126313217688737,1,3622,0.00022644927536231884,16,1,3622,0.0002760905577029266,11,471,0.022301706289712286,6,11,471,0.02335456475583864,-10,0
baseline_seed5,5,baseline,200,117,452,4093,0.14031407112561275,16,452,4093,0.11043244563889568,2,3632,0.00045454545454545455,16,2,3632,0.0005506607929515419,11,461,0.026855138875148916,6,11,461,0.02386117136659436,-9,0
baseline_seed5,5,baseline,200,118,445,4093,0.13787429577092664,16,445,4093,0.10872220864891277,7,3641,0.001745119162782517,16,7,3641,0.0019225487503433123,14,452,0.02802954387959099,6,14,452,0.030973451327433628,-7,0
baseline_seed5,5,baseline,200,119,441,4093,0.13664371771355685,16,441,4093,0.10774493036892255,2,3648,0.0004664179104477612,16,2,3648,0.0005482456140350877,6,445,0.016901116119715388,6,6,445,0.01348314606741573,-4,0
baseline_seed5,5,baseline,200,120,435,4093,0.13510239539950725,16,435,4093,0.10627901294893721,1,3652,0.00023496240601503758,16,1,3652,0.0002738225629791895,7,441,0.019067071272953626,6,7,441,0.015873015873015872,-6,0
baseline_seed5,5,baseline,200,121,435,4093,0.1347926070662796,16,435,4093,0.10627901294893721,6,3658,0.0015239740412483723,16,6,3658,0.0016402405686167304,6,435,0.025009600614439322,6,6,435,0.013793103448275862,0,0
baseline_seed5,5,baseline,200,122,428,4093,0.13295970057753728,16,428,4093,0.10456877595895431,1,3658,0.00033068783068783067,16,1,3658,0.0002733734281027884,8,435,0.01956370303805523,6,8,435,0.01839080459770115,-7,0
baseline_seed5,5,baseline,200,123,424,4093,0.13194317165191743,16,424,4093,0.10359149767896408,1,3665,0.00023854961832061068,16,1,3665,0.00027285129604365623,5,428,0.014993151857558637,6,5,428,0.011682242990654205,-4,0
baseline_seed5,5,baseline,200,124,416,4093,0.12976862494678193,16,416,4093,0.10163694111898364,1,3669,0.00033783783783783786,16,1,3669,0.0002725538293813028,9,424,0.031806997261490055,6,9,424,0.02122641509433962,-8,0
baseline_seed5,5,baseline,200,125,412,4093,0.12873126268782872,16,412,4093,0.1006596628389934,1,3677,0.0002376425855513308,16,1,3677,0.0002719608376393799,5,416,0.029230938566284573,6,5,416,0.01201923076923077,-4,0
baseline_seed5,5,baseline,200,126,409,4093,0.12796258155835216,16,409,4093,0.09992670412900073,0,3681,0.0,16,0,3681,0.0,3,412,0.017063492063492062,6,3,412,0.007281553398058253,-3,0
baseline_seed5,5,baseline,200,127,405,4093,0.12698749985900576,16,405,4093,0.09894942584901051,0,3684,0.0,16,0,3684,0.0,4,409,0.0307157958320749,6,4,409,0.009779951100244499,-4,0
baseline_seed5,5,baseline,200,128,402,4093,0.12616049822501882,16,402,4093,0.09821646713901784,1,3688,0.00023674242424242425,16,1,3688,0.00027114967462039046,4,405,0.044753086419753084,6,4,405,0.009876543209876543,-3,0
baseline_seed5,5,baseline,300,0,0,4093,0.0,16,0,4093,0.0,,,,,,,,,,,,,,,,
baseline_seed5,5,baseline,300,1,14,4093,0.0038136322543794936,16,14,4093,0.0034204739799657954,14,4093,0.0038136322543794936,16,14,4093,0.0034204739799657954,0,0,,0,0,0,,14,0
baseline_seed5,5,baseline,300,2,16,4093,0.004415943387822141,16,16,4093,0.003909113119960909,8,4079,0.002184271342159225,16,8,4079,0.001961265015935278,6,14,0.42857142857142855,14,6,14,0.42857142857142855,2,0
baseline_seed5,5,baseline,300,3,196,4093,0.053561203431584964,16,196,4093,0.047886635719521134,182,4077,0.04984330861422187,16,182,4077,0.04464066715722345,2,16,0.125,12,2,16,0.125,180,0
baseline_seed5,5,baseline,300,4,545,4093,0.15035902470783136,16,545,4093,0.13315416564866847,353,3897,0.1039699714869044,16,353,3897,0.09058249935848088,4,196,0.016646634615384615,16,4,196,0.02040816326530612,349,0
baseline_seed5,5,baseline,300,5,626,4093,0.1741019019435484,16,626,4093,0.15294405081847057,83,3548,0.029331240125024,16,83,3548,0.0233934611048478,2,545,0.0029323513366066555,16,2,545,0.003669724770642202,81,0
baseline_seed5,5,baseline,300,6,713,4093,0.1998732639921038,16,713,4093,0.174199853408258,89,3467,0.03377093224410052,16,89,3467,0.025670608595327372,2,626,0.002777777777777778,16,2,626,0.003194888178913738,87,0
baseline_seed5,5,baseline,300,7,834,4093,0.23390614259123177,16,834,4093,0.20376252137796239,126,3380,0.047361537359084355,16,126,3380,0.03727810650887574,5,713,0.006406325156325156,16,5,713,0.0070126227208976155,121,0
baseline_seed5,5,baseline,300,8,942,4093,0.2639430071945641,16,942,4093,0.2301490349376985,117,3259,0.047053440541229494,16,117,3259,0.03590058300092053,9,834,0.009143813775510204,16,9,834,0.01079136690647482,108,0
baseline_seed5,5,baseline,300,9,1021,4093,0.28515731707747777,16,1021,4093,0.2494502809675055,89,3151,0.03738905951517892,16,89,3151,0.02824500158679784,10,942,0.008508075871975258,16,10,942,0.010615711252653927,79,0
baseline_seed5,5,baseline,300,10,1077,4093,0.30053058654940323,16,1077,4093,0.2631321768873687,62,3072,0.02786072187627778,16,62,3072,0.020182291666666668,6,1021,0.004465111674414,16,6,1021,0.005876591576885406,56,0
baseline_seed5,5,baseline,300,11,1148,4093,0.3204846130058527,16,1148,4093,0.2804788663571952,81,3016,0.03785040572792282,16,81,3016,0.026856763925729443,10,1077,0.007079256102693603,16,10,1077,0.009285051067780872,71,0
baseline_seed5,5,baseline,300,12,1227,4093,0.34368018082111795,16,1227,4093,0.2997801123870022,86,2945,0.046411605966645064,16,86,2945,0.029202037351443125,7,1148,0.004757070204648188,16,7,1148,0.006097560975609756,79,0
baseline_seed5,5,baseline,300,13,1308,4093,0.3667523548150641,16,1308,4093,0.3195699975568043,89,2866,0.0495354150544694,16,89,2866,0.031053733426378228,8,1227,0.0049398479173760074,16,8,1227,0.006519967400162999,81,0
baseline_seed5,5,baseline,300,14,1372,4093,0.3847304853635122,16,1372,4093,0.33520645003664795,80,2785,0.05090195759397119,16,80,2785,0.02872531418312388,16,1308,0.010085413301157404,16,16,1308,0.012232415902140673,64,0
baseline_seed5,5,baseline,300,15,1431,4093,0.3999163692111337,16,1431,4093,0.34962130466650376,75,2721,0.04697516925307992,16,75,2721,0.027563395810363836,16,1372,0.010985921633934706,16,16,1372,0.011661807580174927,59,0
baseline_seed5,5,baseline,300,16,1478,4093,0.41234296004946913,16,1478,4093,0.36110432445638896,80,2662,0.05584706339618216,16,80,2662,0.03005259203606311,33,1431,0.021418880378692752,16,33,1431,0.023060796645702306,47,0
baseline_seed5,5,baseline,300,17,1518,4093,0.42157844817402046,16,1518,4093,0.37087710725629125,71,2615,0.043324885285493234,16,71,2615,0.027151051625239005,31,1478,0.01952929451576932,16,31,1478,0.02097428958051421,40,0
baseline_seed5,5,baseline,300,18,1568,4093,0.43358828140074357,16,1568,4093,0.38309308575616907,80,2575,0.06079721702451375,16,80,2575,0.031067961165048542,30,1518,0.01981447589508053,16,30,1518,0.019762845849802372,50,0
baseline_seed5,5,baseline,300,19,1622,4093,0.44668251780074086,16,1622,4093,0.3962863425360371,82,2525,0.07422672571716331,16,82,2525,0.032475247524752476,28,1568,0.019335643161077293,16,28,1568,0.017857142857142856,54,0
baseline_seed5,5,baseline,300,20,1645,4093,0.4520163928885946,16,1645,4093,0.4019056926459809,58,2471,0.057499322956535114,16,58,2471,0.023472278429785512,35,1622,0.022788545523828876,16,35,1622,0.02157829839704069,23,0
baseline_seed5,5,baseline,300,21,1667,4093,0.4568355567501927,16,1667,4093,0.4072807231859272,63,2448,0.07394275350669205,16,63,2448,0.025735294117647058,41,1645,0.02856155950372147,16,41,1645,0.02492401215805471,22,0
baseline_seed5,5,baseline,300,22,1687,4093,0.4622407966505999,16,1687,4093,0.41216711458587835,53,2426,0.06864412185525642,16,53,2426,0.021846661170651278,33,1667,0.021417595690315955,16,33,1667,0.01979604079184163,20,0
baseline_seed5,5,baseline,300,23,1705,4093,0.4665097282422894,16,1705,4093,0.4165648668458343,59,2406,0.08126160293865835,16,59,2406,0.024522028262676642,41,1687,0.026741112187810265,16,41,1687,0.024303497332542976,18,0
baseline_seed5,5,baseline,300,24,1741,4093,0.4754616652488473,16,1741,4093,0.4253603713657464,67,2388,0.15060541888605694,16,67,2388,0.028056951423785594,31,1705,0.018864034966187555,16,31,1705,0.01818181818181818,36,0
baseline_seed5,5,baseline,300,25,1770,4093,0.4822495780695264,16,1770,4093,0.43244563889567555,55,2352,0.025233888994789455,14,55,2352,0.0233843537414966,26,1741,0.016627118206005705,16,26,1741,0.014933946008041356,29,0
baseline_seed5,5,baseline,300,26,1763,4093,0.48004416062443084,16,1763,4093,0.43073540190569265,40,2323,0.019257062003633203,14,40,2323,0.017219113215669393,47,1770,0.03132136270188808,16,47,1770,0.02655367231638418,-7,0
baseline_seed5,5,baseline,300,27,1761,4093,0.48119187697896315,16,1761,4093,0.4302467627656975,36,2330,0.01724334659050092,14,36,2330,0.015450643776824034,38,1763,0.022381454582762153,16,38,1763,0.021554169030062395,-2,0
baseline_seed5,5,baseline,300,28,1761,4093,0.4835723710257658,16,1761,4093,0.4302467627656975,40,2332,0.023289416458553015,14,40,2332,0.017152658662092625,40,1761,0.025668719818919036,16,40,1761,0.022714366837024418,0,0
baseline_seed5,5,baseline,300,29,1755,4093,0.4841613095478182,16,1755,4093,0.4287808453457122,25,2332,0.013043823506896599,14,25,2332,0.01072041166380789,31,1761,0.0193658805309556,16,31,1761,0.017603634298693924,-6,0
baseline_seed5,5,baseline,300,30,1756,4093,0.4862771359223397,16,1756,4093,0.42902516491570974,20,2338,0.01426741145230069,14,20,2338,0.00855431993156544,19,1755,0.0135893666970436,16,19,1755,0.010826210826210826,1,0
baseline_seed5,5,baseline,300,31,1750,4093,0.48526009156981864,16,1750,4093,0.4275592474957244,12,2337,0.006436768619001416,14,12,2337,0.005134788189987163,18,1756,0.01271441814251452,16,18,1756,0.010250569476082005,-6,0
baseline_seed5,5,baseline,300,32,1767,4093,0.4900435150498636,16,1767,4093,0.4317126801856829,25,2343,0.014941822865961385,14,25,2343,0.010670081092616303,8,1750,0.006059520501381522,16,8,1750,0.004571428571428572,17,0
baseline_seed5,5,baseline,300,33,1769,4093,0.49061278419370763,16,1769,4093,0.432201319325678,15,2326,0.008497569355705182,14,15,2326,0.006448839208942391,13,1767,0.010019998233353995,16,13,1767,0.007357102433503113,2,0
baseline_seed5,5,baseline,300,34,1768,4093,0.48975993994600897,16,1768,4093,0.4319569997556804,14,2324,0.07288112216872404,15,14,2324,0.006024096385542169,15,1769,0.010642757608624646,16,15,1769,0.008479366873940079,-1,0
baseline_seed5,5,baseline,300,35,1768,4093,0.48913345808333086,16,1768,4093,0.4319569997556804,16,2325,0.008536494931064556,15,16,2325,0.006881720430107527,16,1768,0.010049072052667467,16,16,1768,0.00904977375565611,0,0
baseline_seed5,5,baseline,300,36,1772,4093,0.4902015910031384,16,1772,4093,0.43293427803567064,19,2325,0.02777780207734352,15,19,2325,0.008172043010752689,15,1768,0.010138416453323753,16,15,1768,0.008484162895927601,4,0
baseline_seed5,5,baseline,300,37,1762,4093,0.4872791495306311,16,1762,4093,0.4304910823356951,12,2321,0.015370439812653234,15,12,2321,0.005170185264971995,22,1772,0.014394822275103455,16,22,1772,0.012415349887133182,-10,0
baseline_seed5,5,baseline,300,38,1759,4093,0.4870577465120178,16,1759,4093,0.4297581236257024,11,2331,0.006825938307492145,15,11,2331,0.004719004719004719,14,1762,0.00986269356548354,16,14,1762,0.007945516458569807,-3,0
baseline_seed5,5,baseline,300,39,1753,4093,0.4852823646623998,16,1753,4093,0.42829220620571706,10,2334,0.00947301408961078,15,10,2334,0.004284490145672665,16,1759,0.01146502083730281,16,16,1759,0.009096077316657191,-6,0
baseline_seed5,5,baseline,300,40,1753,4093,0.48524890386396147,16,1753,4093,0.42829220620571706,15,2340,0.006552823560612903,15,15,2340,0.00641025641025641,15,1753,0.011713531776271496,16,15,1753,0.008556759840273816,0,0
baseline_seed5,5,baseline,300,41,1739,4093,0.48182406083625184,16,1739,4093,0.4248717322257513,5,2340,0.0017859397428362145,15,5,2340,0.002136752136752137,19,1753,0.014130856856369669,16,19,1753,0.010838562464346835,-14,0
baseline_seed5,5,baseline,300,42,1745,4093,0.4837330431901452,16,1745,4093,0.4263376496457366,13,2354,0.020651983206026937,15,13,2354,0.0055225148683092605,7,1739,0.004949558071244179,16,7,1739,0.0040253018976423235,6,0
baseline_seed5,5,baseline,300,43,1745,4093,0.4834380320113362,16,1745,4093,0.4263376496457366,15,2348,0.012328473076649917,15,15,2348,0.006388415672913117,15,1745,0.010871267005987652,16,15,1745,0.008595988538681949,0,0
baseline_seed5,5,baseline,300,44,1744,4093,0.4839699838216619,16,1744,4093,0.4260933300757391,10,2348,0.005042820411076543,15,10,2348,0.004258943781942078,11,1745,0.006626104655731996,16,11,1745,0.006303724928366762,-1,0
baseline_seed5,5,baseline,300,45,1743,4093,0.483408485439395,16,1743,4093,0.42584901050574153,8,2349,0.002168561461730342,15,8,2349,0.0034057045551298426,9,1744,0.006454333097329826,16,9,1744,0.005160550458715597,-1,0
baseline_seed5,5,baseline,300,46,1741,4093,0.48310276529523233,16,1741,4093,0.4253603713657464,7,2350,0.0022618600600618826,15,7,2350,0.0029787234042553193,9,1743,0.0055160653678230755,16,9,1743,0.0051635111876075735,-2,0
baseline_seed5,5,baseline,300,47,1751,4093,0.48497136061711726,16,1751,4093,0.427803567065722,16,2352,0.004746761761725642,15,16,2352,0.006802721088435374,6,1741,0.004628160808133023,16,6,1741,0.0034462952326249283,10,0
baseline_seed5,5,baseline,300,48,1746,4093,0.4840087506423851,16,1746,4093,0.42658196921573416,5,2342,0.0013503960295762941,15,5,2342,0.002134927412467976,10,1751,0.005484913204655464,16,10,1751,0.0057110222729868645,-5,0
baseline_seed5,5,baseline,300,49,1748,4093,0.48425064241328575,16,1748,4093,0.4270706083557293,9,2347,0.0026573972380696973,15,9,2347,0.0038346825734980826,7,1746,0.003971396874563295,16,7,1746,0.004009163802978236,2,0
baseline_seed5,5,baseline,300,50,1747,4093,0.48398250077586413,16,1747,4093,0.42682628878573176,6,2345,0.0017512874088910285,15,6,2345,0.00255863539445629,7,1748,0.004936032139060089,16,7,1748,0.004004576659038902,-1,0
baseline_seed5,5,baseline,300,51,1746,4093,0.4835246620481011,16,1746,4093,0.42658196921573416,5,2346,0.001112281977652046,15,5,2346,0.002131287297527707,6,1747,0.003840909090909091,16,6,1747,0.0034344590726960505,-1,0
baseline_seed5,5,baseline,300,52,1745,4093,0.48316557527488324,16,1745,4093,0.4263376496457366,6,2347,0.0017241988619125196,15,6,2347,0.0025564550489987218,7,1746,0.00537197902997119,16,7,1746,0.004009163802978236,-1,0
baseline_seed5,5,baseline,300,53,1753,4093,0.48483747433741464,16,1753,4093,0.42829220620571706,11,2348,0.003452571111377824,15,11,2348,0.004684838160136286,3,1745,0.001913265306122449,16,3,1745,0.0017191977077363897,8,0
baseline_seed5,5,baseline,300,54,1753,4093,0.48470946466353015,16,1753,4093,0.42829220620571706,10,2340,0.0035055607104349336,15,10,2340,0.004273504273504274,10,1753,0.0063290045057103695,16,10,1753,0.005704506560182544,0,0
baseline_seed5,5,baseline,300,55,1752,4093,0.48426988729367754,16,1752,4093,0.4280478866357195,5,2340,0.0013411602408426619,15,5,2340,0.002136752136752137,6,1753,0.003360628882834849,16,6,1753,0.0034227039361095267,-1,0
baseline_seed5,5,baseline,300,56,1752,4093,0.48453153552906936,16,1752,4093,0.4280478866357195,7,2341,0.002729339827569414,15,7,2341,0.00299017513882956,7,1752,0.0034831748006917784,16,7,1752,0.003995433789954338,0,0
baseline_seed5,5,baseline,300,57,1750,4093,0.48406647420061344,16,1750,4093,0.4275592474957244,7,2341,0.01043744039306516,15,7,2341,0.00299017513882956,9,1752,0.005158016210853366,16,9,1752,0.005136986301369863,-2,0
baseline_seed5,5,baseline,300,58,1750,4093,0.4844689267125574,16,1750,4093,0.4275592474957244,6,2343,0.01148181536981786,15,6,2343,0.002560819462227913,6,1750,0.0033523024594453166,16,6,1750,0.0034285714285714284,0,0
baseline_seed5,5,baseline,300,59,1754,4093,0.48540501988879375,16,1754,4093,0.42853652577571466,10,2343,0.013889608939624673,15,10,2343,0.004268032437046522,6,1750,0.003502116335596346,16,6,1750,0.0034285714285714284,4,0
baseline_seed5,5,baseline,300,60,1763,4093,0.4872323638541088,16,1763,4093,0.43073540190569265,12,2339,0.004129042073649531,15,12,2339,0.005130397605814451,3,1754,0.0016787360105332454,16,3,1754,0.0017103762827822121,9,0
baseline_seed5,5,baseline,300,61,1764,4093,0.4875381598747185,16,1764,4093,0.4309797214756902,7,2330,0.0024329894835802886,15,7,2330,0.0030042918454935624,6,1763,0.003472222222222222,16,6,1763,0.003403289846851957,1,0
baseline_seed5,5,baseline,300,62,1767,4093,0.4877842827337048,16,1767,4093,0.4317126801856829,7,2329,0.0019891593954448933,15,7,2329,0.0030055817947617003,4,1764,0.0020234998491093373,16,4,1764,0.0022675736961451248,3,0
baseline_seed5,5,baseline,300,63,1770,4093,0.4886364039140625,16,1770,4093,0.43244563889567555,5,2326,0.01253548103457489,15,5,2326,0.0021496130696474634,2,1767,0.0012135922330097086,16,2,1767,0.0011318619128466328,3,0
baseline_seed5,5,baseline,300,64,1770,4093,0.48837217627178603,16,1770,4093,0.43244563889567555,3,2323,0.0009476132048991771,15,3,2323,0.0012914334911752045,3,1770,0.0014522763128239802,16,3,1770,0.001694915254237288,0,0
baseline_seed5,5,baseline,300,65,1771,4093,0.48858162894961876,16,1771,4093,0.4326899584656731,3,2323,0.0010251662230387228,15,3,2323,0.0012914334911752045,2,1770,0.0013413325529216661,16,2,1770,0.0011299435028248588,1,0
baseline_seed5,5,baseline,300,66,1770,4093,0.4884697372473958,16,1770,4093,0.43244563889567555,2,2322,0.0007031137896398334,15,2,2322,0.0008613264427217916,3,1771,0.001212430059844822,16,3,1771,0.0016939582156973462,-1,0
baseline_seed5,5,baseline,300,67,1769,4093,0.48796909110259445,16,1769,4093,0.432201319325678,2,2323,0.0005835184278884162,15,2,2323,0.0008609556607834697,3,1770,0.0019151092127083877,16,3,1770,0.001694915254237288,-1,0
baseline_seed5,5,baseline,300,68,1773,4093,0.48857770109318444,16,1773,4093,0.43317859760566824,6,2324,0.011357044833740124,15,6,2324,0.0025817555938037868,2,1769,0.0008741258741258741,16,2,1769,0.0011305822498586771,4,0
baseline_seed5,5,baseline,300,69,1765,4093,0.4861791899252285,16,1765,4093,0.43122404104568773,2,2320,0.008769063180827886,15,2,2320,0.0008620689655172414,10,1773,0.005438166411468095,16,10,1773,0.0056401579244218835,-8,0
baseline_seed5,5,baseline,300,70,1764,4093,0.48533736252541515,16,1764,4093,0.4309797214756902,5,2328,0.006867055126561921,15,5,2328,0.002147766323024055,6,1765,0.0026286225692690223,16,6,1765,0.0033994334277620396,-1,0
baseline_seed5,5,baseline,300,71,1761,4093,0.48425101164868345,16,1761,4093,0.4302467627656975,4,2329,0.005173372299061967,15,4,2329,0.0017174753112924003,7,1764,0.004031224114586649,16,7,1764,0.003968253968253968,-3,0
baseline_seed5,5,baseline,300,72,1761,4093,0.48341491458415736,16,1761,4093,0.4302467627656975,5,2332,0.0018425425171535472,15,5,2332,0.002144082332761578,5,1761,0.0031470996109154003,16,5,1761,0.0028392958546280523,0,0
baseline_seed5,5,baseline,300,73,1760,4093,0.4829995801146981,16,1760,4093,0.43000244319569997,3,2332,0.0012704038566107533,15,3,2332,0.001286449399656947,4,1761,0.0019580696202531646,16,4,1761,0.002271436683702442,-1,0
baseline_seed5,5,baseline,300,74,1761,4093,0.48337063062176466,16,1761,4093,0.4302467627656975,4,2333,0.006574431835057336,15,4,2333,0.0017145306472353193,3,1760,0.002135414346799697,16,3,1760,0.0017045454545454545,1,0
baseline_seed5,5,baseline,300,75,1763,4093,0.4837145883211182,16,1763,4093,0.43073540190569265,4,2332,0.004139544730144782,15,4,2332,0.0017152658662092624,2,1761,0.0010817307692307693,16,2,1761,0.001135718341851221,2,0
baseline_seed5,5,baseline,300,76,1762,4093,0.4833242408860038,16,1762,4093,0.4304910823356951,2,2330,0.0006911576891292916,15,2,2330,0.0008583690987124463,3,1763,0.0012769475747182754,16,3,1763,0.0017016449234259785,-1,0
baseline_seed5,5,baseline,300,77,1765,4093,0.4841055152872914,16,1765,4093,0.43122404104568773,6,2331,0.004710837660020963,15,6,2331,0.002574002574002574,3,1762,0.0014095789831083951,16,3,1762,0.00170261066969353,3,0
baseline_seed5,5,baseline,300,78,1762,4093,0.48343221852828017,16,1762,4093,0.4304910823356951,1,2328,0.0005376344086021505,15,1,2328,0.000429553264604811,4,1765,0.002049634555475677,16,4,1765,0.0022662889518413596,-3,0
baseline_seed5,5,baseline,300,79,1762,4093,0.4834381257056196,16,1762,4093,0.4304910823356951,4,2331,0.0010976379941897184,15,4,2331,0.001716001716001716,4,1762,0.002306168647425014,16,4,1762,0.0022701475595913734,0,0
baseline_seed5,5,baseline,300,80,1761,4093,0.48328916106606545,16,1761,4093,0.4302467627656975,4,2331,0.0012862416540702312,15,4,2331,0.001716001716001716,5,1762,0.0028935185185185184,16,5,1762,0.0028376844494892167,-1,0
baseline_seed5,5,baseline,300,81,1759,4093,0.4829051273826461,16,1759,4093,0.4297581236257024,2,2332,0.0005459538039089,15,2,2332,0.0008576329331046312,4,1761,0.0016287160025300442,16,4,1761,0.002271436683702442,-2,0
baseline_seed5,5,baseline,300,82,1761,4093,0.4830169049688331,16,1761,4093,0.4302467627656975,5,2334,0.001597519389281403,15,5,2334,0.0021422450728363325,3,1759,0.0024904323392344425,16,3,1759,0.0017055144968732233,2,0
baseline_seed5,5,baseline,300,83,1760,4093,0.48279506797833094,16,1760,4093,0.43000244319569997,2,2332,0.0017359020670278948,15,2,2332,0.0008576329331046312,3,1761,0.002001613704071499,16,3,1761,0.0017035775127768314,-1,0
baseline_seed5,5,baseline,300,84,1759,4093,0.48255027229015063,16,1759,4093,0.4297581236257024,1,2333,0.0003205128205128205,15,1,2333,0.0004286326618088298,2,1760,0.0014722149921915669,16,2,1760,0.0011363636363636363,-1,0
baseline_seed5,5,baseline,300,85,1761,4093,0.48298509470736534,16,1761,4093,0.4302467627656975,4,2334,0.0012226490838036716,15,4,2334,0.001713796058269066,2,1759,0.0008250914952945276,16,2,1759,0.0011370096645821489,2,0
baseline_seed5,5,baseline,300,86,1757,4093,0.4823208132357836,16,1757,4093,0.4292694844857073,1,2332,0.00048661800486618,15,1,2332,0.0004288164665523156,5,1761,0.003022485913323415,16,5,1761,0.0028392958546280523,-4,0
baseline_seed5,5,baseline,300,87,1759,4093,0.482301144279529,16,1759,4093,0.4297581236257024,4,2336,0.0009373812330603983,15,4,2336,0.0017123287671232876,2,1757,0.0017550204220558203,16,2,1757,0.0011383039271485487,2,0
baseline_seed5,5,baseline,300,88,1760,4093,0.48255114427952905,16,1760,4093,0.43000244319569997,3,2334,0.000942942394349044,15,3,2334,0.0012853470437017994,2,1759,0.0016457680250783699,16,2,1759,0.0011370096645821489,1,0
baseline_seed5,5,baseline,300,89,1758,4093,0.4821960750910165,16,1758,4093,0.4295138040557049,1,2333,0.0001984126984126984,15,1,2333,0.0004286326618088298,3,1760,0.0017045454545454545,16,3,1760,0.0017045454545454545,-2,0
baseline_seed5,5,baseline,300,90,1758,4093,0.4821960750910165,16,1758,4093,0.4295138040557049,0,2335,0.0,15,0,2335,0.0,0,1758,0.0,16,0,1758,0.0,0,0
baseline_seed5,5,baseline,300,91,1757,4093,0.4818769693999595,16,1757,4093,0.4292694844857073,1,2335,0.00048661800486618,15,1,2335,0.00042826552462526765,2,1758,0.0009011627906976745,16,2,1758,0.0011376564277588168,-1,0
baseline_seed5,5,baseline,300,92,1761,4093,0.4829882230004085,16,1761,4093,0.4302467627656975,5,2336,0.007015932938810096,15,5,2336,0.0021404109589041095,1,1757,0.0005482456140350877,16,1,1757,0.0005691519635742744,4,0
baseline_seed5,5,baseline,300,93,1757,4093,0.48185349522155574,16,1757,4093,0.4292694844857073,2,2332,0.0007460213771100192,15,2,2332,0.0008576329331046312,6,1761,0.0036809745265627618,16,6,1761,0.0034071550255536627,-4,0
baseline_seed5,5,baseline,300,94,1759,4093,0.4820471000820207,16,1759,4093,0.4297581236257024,5,2336,0.0019904984678714077,15,5,2336,0.0021404109589041095,3,1757,0.002382357763567798,16,3,1757,0.001707455890722823,2,0
baseline_seed5,5,baseline,300,95,1762,4093,0.48272168108760727,16,1762,4093,0.4304910823356951,4,2334,0.0015603083496194049,15,4,2334,0.001713796058269066,1,1759,0.0005787037037037037,16,1,1759,0.0005685048322910744,3,0
baseline_seed5,5,baseline,300,96,1763,4093,0.48297168108760724,16,1763,4093,0.43073540190569265,3,2331,0.0012544282478657298,15,3,2331,0.001287001287001287,2,1762,0.0011174968071519795,16,2,1762,0.0011350737797956867,1,0
baseline_seed5,5,baseline,300,97,1764,4093,0.4834485373828694,16,1764,4093,0.4309797214756902,3,2330,0.002552893862563385,15,3,2330,0.0012875536480686696,2,1763,0.001112891737891738,16,2,1763,0.0011344299489506524,1,0
baseline_seed5,5,baseline,300,98,1764,4093,0.4834485373828694,16,1764,4093,0.4309797214756902,2,2329,0.0007634484378670426,15,2,2329,0.0008587376556462001,2,1764,0.0011137731664818628,16,2,1764,0.0011337868480725624,0,0
baseline_seed5,5,baseline,300,99,1762,4093,0.4830460983584792,16,1762,4093,0.4304910823356951,2,2329,0.0007634484378670426,15,2,2329,0.0008587376556462001,4,1764,0.0020628972706793376,16,4,1764,0.0022675736961451248,-2,0
baseline_seed5,5,baseline,300,100,1760,4093,0.482659737154013,16,1760,4093,0.43000244319569997,3,2331,0.0012001505034851762,15,3,2331,0.001287001287001287,5,1762,0.0029939031622648994,16,5,1762,0.0028376844494892167,-2,0
baseline_seed5,5,baseline,300,101,1760,4093,0.4826766748233897,16,1760,4093,0.43000244319569997,2,2333,0.0007182629896873249,15,2,2333,0.0008572653236176596,2,1760,0.0009610904007455732,16,2,1760,0.0011363636363636363,0,0
baseline_seed5,5,baseline,300,102,1759,4093,0.4820951976730018,16,1759,4093,0.4297581236257024,3,2333,0.001252425133022148,15,3,2333,0.0012858979854264896,4,1760,0.002426902998569115,16,4,1760,0.0022727272727272726,-1,0
baseline_seed5,5,baseline,300,103,1759,4093,0.482260008156723,16,1759,4093,0.4297581236257024,4,2334,0.0038789523421626786,15,4,2334,0.001713796058269066,4,1759,0.0022366003674414887,16,4,1759,0.0022740193291642978,0,0
baseline_seed5,5,baseline,300,104,1759,4093,0.48232205396826394,16,1759,4093,0.4297581236257024,4,2334,0.002839726720323735,15,4,2334,0.001713796058269066,4,1759,0.0025358146420165336,16,4,1759,0.0022740193291642978,0,0
baseline_seed5,5,baseline,300,105,1760,4093,0.48271992678260855,16,1760,4093,0.43000244319569997,4,2334,0.003910689539458104,15,4,2334,0.001713796058269066,3,1759,0.0017134333172069021,16,3,1759,0.0017055144968732233,1,0
baseline_seed5,5,baseline,300,106,1759,4093,0.4823362756052426,16,1759,4093,0.4297581236257024,3,2333,0.0012050906823072136,15,3,2333,0.0012858979854264896,4,1760,0.0022129454746642246,16,4,1760,0.0022727272727272726,-1,0
baseline_seed5,5,baseline,300,107,1757,4093,0.482074433158051,16,1757,4093,0.4292694844857073,2,2334,0.0010025062656641604,15,2,2334,0.000856898029134533,4,1759,0.0026689469320066335,16,4,1759,0.0022740193291642978,-2,0
baseline_seed5,5,baseline,300,108,1759,4093,0.48248043666894547,16,1759,4093,0.4297581236257024,5,2336,0.0031782004640902406,15,5,2336,0.0021404109589041095,3,1757,0.001968756698170818,16,3,1757,0.001707455890722823,2,0
baseline_seed5,5,baseline,300,109,1761,4093,0.48313373015273964,16,1761,4093,0.4302467627656975,3,2334,0.002499197114553225,15,3,2334,0.0012853470437017994,1,1759,0.000946969696969697,16,1,1759,0.0005685048322910744,2,0
baseline_seed5,5,baseline,300,110,1760,4093,0.48287298290059705,16,1760,4093,0.43000244319569997,1,2332,0.0001990049751243781,15,1,2332,0.0004288164665523156,2,1761,0.0014823717948717948,16,2,1761,0.001135718341851221,-1,0
baseline_seed5,5,baseline,300,111,1760,4093,0.4829643534589727,16,1760,4093,0.43000244319569997,1,2333,0.0005089058524173028,15,1,2333,0.0004286326618088298,1,1760,0.0010416666666666667,16,1,1760,0.0005681818181818182,0,0
baseline_seed5,5,baseline,300,112,1762,4093,0.48305213011622933,16,1762,4093,0.4304910823356951,3,2333,0.0007776936517449846,15,3,2333,0.0012858979854264896,1,1760,0.000496031746031746,16,1,1760,0.0005681818181818182,2,0
baseline_seed5,5,baseline,300,113,1762,4093,0.48331016734127163,16,1762,4093,0.4304910823356951,1,2331,0.0026666666666666666,15,1,2331,0.000429000429000429,1,1762,0.0010416666666666667,16,1,1762,0.0005675368898978433,0,0
baseline_seed5,5,baseline,300,114,1764,4093,0.48336938899947807,16,1764,4093,0.4309797214756902,3,2331,0.0005970149253731343,15,3,2331,0.001287001287001287,1,1762,0.000496031746031746,16,1,1762,0.0005675368898978433,2,0
baseline_seed5,5,baseline,300,115,1763,4093,0.4837082565132461,16,1763,4093,0.43073540190569265,2,2329,0.004376068376068376,15,2,2329,0.0008587376556462001,3,1764,0.0030241935483870967,16,3,1764,0.0017006802721088435,-1,0
baseline_seed5,5,baseline,300,116,1761,4093,0.48284624529474024,16,1761,4093,0.4302467627656975,3,2330,0.0005970149253731343,15,3,2330,0.0012875536480686696,5,1763,0.0026653278625366006,16,5,1763,0.0028360748723766306,-2,0
baseline_seed5,5,baseline,300,117,1760,4093,0.4826185101620589,16,1760,4093,0.43000244319569997,2,2332,0.0010025062656641604,15,2,2332,0.0008576329331046312,3,1761,0.0019303618134263296,16,3,1761,0.0017035775127768314,-1,0
baseline_seed5,5,baseline,300,118,1761,4093,0.48292686860097334,16,1761,4093,0.4302467627656975,3,2333,0.0030177881888908504,15,3,2333,0.0012858979854264896,2,1760,0.0015017725840336133,16,2,1760,0.0011363636363636363,1,0
baseline_seed5,5,baseline,300,119,1756,4093,0.4816937134140915,16,1756,4093,0.42902516491570974,1,2332,0.000505050505050505,15,1,2332,0.0004288164665523156,6,1761,0.004414488797553314,16,6,1761,0.0034071550255536627,-5,0
baseline_seed5,5,baseline,300,120,1758,4093,0.48217666090161976,16,1758,4093,0.4295138040557049,6,2337,0.004190182916179143,15,6,2337,0.0025673940949935813,4,1756,0.0019814744079449964,16,4,1756,0.002277904328018223,2,0
baseline_seed5,5,baseline,300,121,1760,4093,0.4826127595223825,16,1760,4093,0.43000244319569997,5,2335,0.0023302157833608407,15,5,2335,0.0021413276231263384,3,1758,0.0019343940714908457,16,3,1758,0.0017064846416382253,2,0
baseline_seed5,5,baseline,300,122,1757,4093,0.48176519854677274,16,1757,4093,0.4292694844857073,3,2333,0.003049418612678137,15,3,2333,0.0012858979854264896,6,1760,0.002980089939624308,16,6,1760,0.003409090909090909,-3,0
baseline_seed5,5,baseline,300,123,1760,4093,0.48258309216195605,16,1760,4093,0.43000244319569997,6,2336,0.004800945719418371,15,6,2336,0.0025684931506849314,3,1757,0.001325996998851275,16,3,1757,0.001707455890722823,3,0
baseline_seed5,5,baseline,300,124,1758,4093,0.4817731128856927,16,1758,4093,0.4295138040557049,2,2333,0.0007009127176529631,15,2,2333,0.0008572653236176596,4,1760,0.0020577168581603173,16,4,1760,0.0022727272727272726,-2,0
baseline_seed5,5,baseline,300,125,1758,4093,0.48215851115636943,16,1758,4093,0.4295138040557049,4,2335,0.003896103896103896,15,4,2335,0.0017130620985010706,4,1758,0.0017507537409512273,16,4,1758,0.0022753128555176336,0,0
baseline_seed5,5,baseline,300,126,1755,4093,0.480768546675647,16,1755,4093,0.4287808453457122,4,2335,0.0015405306160943912,15,4,2335,0.0017130620985010706,7,1758,0.003699635341941655,16,7,1758,0.003981797497155859,-3,0
baseline_seed5,5,baseline,300,127,1761,4093,0.48287102398519244,16,1761,4093,0.4302467627656975,9,2338,0.009485842026825635,15,9,2338,0.003849443969204448,3,1755,0.0013551841206980628,16,3,1755,0.0017094017094017094,6,0
baseline_seed5,5,baseline,300,128,1757,4093,0.4813522301328703,16,1757,4093,0.4292694844857073,3,2332,0.0008337682347970873,15,3,2332,0.001286449399656947,7,1761,0.003672253521444861,16,7,1761,0.003975014196479273,-4,0
warmstart_seed5,5,warmstart,0,0,0,4093,0.0,16,0,4093,0.0,,,,,,,,,,,,,,,,
warmstart_seed5,5,warmstart,0,1,0,4093,0.0,16,0,4093,0.0,0,4093,0.0,16,0,4093,0.0,0,0,,0,0,0,,0,0
warmstart_seed5,5,warmstart,0,2,0,4093,0.0,16,0,4093,0.0,0,4093,0.0,16,0,4093,0.0,0,0,,0,0,0,,0,0
warmstart_seed5,5,warmstart,0,3,0,4093,0.0,16,0,4093,0.0,0,4093,0.0,16,0,4093,0.0,0,0,,0,0,0,,0,0
warmstart_seed5,5,warmstart,0,4,0,4093,0.0,16,0,4093,0.0,0,4093,0.0,16,0,4093,0.0,0,0,,0,0,0,,0,0
warmstart_seed5,5,warmstart,0,5,0,4093,0.0,16,0,4093,0.0,0,4093,0.0,16,0,4093,0.0,0,0,,0,0,0,,0,0
warmstart_seed5,5,warmstart,0,6,0,4093,0.0,16,0,4093,0.0,0,4093,0.0,16,0,4093,0.0,0,0,,0,0,0,,0,0
warmstart_seed5,5,warmstart,0,7,0,4093,0.0,16,0,4093,0.0,0,4093,0.0,16,0,4093,0.0,0,0,,0,0,0,,0,0
warmstart_seed5,5,warmstart,0,8,0,4093,0.0,16,0,4093,0.0,0,4093,0.0,16,0,4093,0.0,0,0,,0,0,0,,0,0
warmstart_seed5,5,warmstart,0,9,0,4093,0.0,16,0,4093,0.0,0,4093,0.0,16,0,4093,0.0,0,0,,0,0,0,,0,0
warmstart_seed5,5,warmstart,0,10,0,4093,0.0,16,0,4093,0.0,0,4093,0.0,16,0,4093,0.0,0,0,,0,0,0,,0,0
warmstart_seed5,5,warmstart,0,11,0,4093,0.0,16,0,4093,0.0,0,4093,0.0,16,0,4093,0.0,0,0,,0,0,0,,0,0
warmstart_seed5,5,warmstart,0,12,0,4093,0.0,16,0,4093,0.0,0,4093,0.0,16,0,4093,0.0,0,0,,0,0,0,,0,0
warmstart_seed5,5,warmstart,0,13,0,4093,0.0,16,0,4093,0.0,0,4093,0.0,16,0,4093,0.0,0,0,,0,0,0,,0,0
warmstart_seed5,5,warmstart,0,14,0,4093,0.0,16,0,4093,0.0,0,4093,0.0,16,0,4093,0.0,0,0,,0,0,0,,0,0
warmstart_seed5,5,warmstart,0,15,0,4093,0.0,16,0,4093,0.0,0,4093,0.0,16,0,4093,0.0,0,0,,0,0,0,,0,0
warmstart_seed5,5,warmstart,0,16,0,4093,0.0,16,0,4093,0.0,0,4093,0.0,16,0,4093,0.0,0,0,,0,0,0,,0,0
warmstart_seed5,5,warmstart,0,17,0,4093,0.0,16,0,4093,0.0,0,4093,0.0,16,0,4093,0.0,0,0,,0,0,0,,0,0
warmstart_seed5,5,warmstart,0,18,0,4093,0.0,16,0,4093,0.0,0,4093,0.0,16,0,4093,0.0,0,0,,0,0,0,,0,0
warmstart_seed5,5,warmstart,0,19,0,4093,0.0,16,0,4093,0.0,0,4093,0.0,16,0,4093,0.0,0,0,,0,0,0,,0,0
warmstart_seed5,5,warmstart,0,20,0,4093,0.0,16,0,4093,0.0,0,4093,0.0,16,0,4093,0.0,0,0,,0,0,0,,0,0
warmstart_seed5,5,warmstart,0,21,0,4093,0.0,16,0,4093,0.0,0,4093,0.0,16,0,4093,0.0,0,0,,0,0,0,,0,0
warmstart_seed5,5,warmstart,0,22,0,4093,0.0,16,0,4093,0.0,0,4093,0.0,16,0,4093,0.0,0,0,,0,0,0,,0,0
warmstart_seed5,5,warmstart,0,23,0,4093,0.0,16,0,4093,0.0,0,4093,0.0,16,0,4093,0.0,0,0,,0,0,0,,0,0
warmstart_seed5,5,warmstart,0,24,0,4093,0.0,16,0,4093,0.0,0,4093,0.0,16,0,4093,0.0,0,0,,0,0,0,,0,0
warmstart_seed5,5,warmstart,0,25,0,4093,0.0,16,0,4093,0.0,0,4093,0.0,16,0,4093,0.0,0,0,,0,0,0,,0,0
warmstart_seed5,5,warmstart,0,26,0,4093,0.0,16,0,4093,0.0,0,4093,0.0,16,0,4093,0.0,0,0,,0,0,0,,0,0
warmstart_seed5,5,warmstart,0,27,0,4093,0.0,16,0,4093,0.0,0,4093,0.0,16,0,4093,0.0,0,0,,0,0,0,,0,0
warmstart_seed5,5,warmstart,0,28,0,4093,0.0,16,0,4093,0.0,0,4093,0.0,16,0,4093,0.0,0,0,,0,0,0,,0,0
warmstart_seed5,5,warmstart,0,29,0,4093,0.0,16,0,4093,0.0,0,4093,0.0,16,0,4093,0.0,0,0,,0,0,0,,0,0
warmstart_seed5,5,warmstart,0,30,0,4093,0.0,16,0,4093,0.0,0,4093,0.0,16,0,4093,0.0,0,0,,0,0,0,,0,0
warmstart_seed5,5,warmstart,0,31,0,4093,0.0,16,0,4093,0.0,0,4093,0.0,16,0,4093,0.0,0,0,,0,0,0,,0,0
warmstart_seed5,5,warmstart,0,32,0,4093,0.0,16,0,4093,0.0,0,4093,0.0,16,0,4093,0.0,0,0,,0,0,0,,0,0
warmstart_seed5,5,warmstart,0,33,0,4093,0.0,16,0,4093,0.0,0,4093,0.0,16,0,4093,0.0,0,0,,0,0,0,,0,0
warmstart_seed5,5,warmstart,0,34,0,4093,0.0,16,0,4093,0.0,0,4093,0.0,16,0,4093,0.0,0,0,,0,0,0,,0,0
warmstart_seed5,5,warmstart,0,35,0,4093,0.0,16,0,4093,0.0,0,4093,0.0,16,0,4093,0.0,0,0,,0,0,0,,0,0
warmstart_seed5,5,warmstart,0,36,0,4093,0.0,16,0,4093,0.0,0,4093,0.0,16,0,4093,0.0,0,0,,0,0,0,,0,0
warmstart_seed5,5,warmstart,0,37,0,4093,0.0,16,0,4093,0.0,0,4093,0.0,16,0,4093,0.0,0,0,,0,0,0,,0,0
warmstart_seed5,5,warmstart,0,38,0,4093,0.0,16,0,4093,0.0,0,4093,0.0,16,0,4093,0.0,0,0,,0,0,0,,0,0
warmstart_seed5,5,warmstart,0,39,0,4093,0.0,16,0,4093,0.0,0,4093,0.0,16,0,4093,0.0,0,0,,0,0,0,,0,0
warmstart_seed5,5,warmstart,0,40,0,4093,0.0,16,0,4093,0.0,0,4093,0.0,16,0,4093,0.0,0,0,,0,0,0,,0,0
warmstart_seed5,5,warmstart,0,41,0,4093,0.0,16,0,4093,0.0,0,4093,0.0,16,0,4093,0.0,0,0,,0,0,0,,0,0
warmstart_seed5,5,warmstart,0,42,0,4093,0.0,16,0,4093,0.0,0,4093,0.0,16,0,4093,0.0,0,0,,0,0,0,,0,0
warmstart_seed5,5,warmstart,0,43,0,4093,0.0,16,0,4093,0.0,0,4093,0.0,16,0,4093,0.0,0,0,,0,0,0,,0,0
warmstart_seed5,5,warmstart,0,44,0,4093,0.0,16,0,4093,0.0,0,4093,0.0,16,0,4093,0.0,0,0,,0,0,0,,0,0
warmstart_seed5,5,warmstart,0,45,0,4093,0.0,16,0,4093,0.0,0,4093,0.0,16,0,4093,0.0,0,0,,0,0,0,,0,0
warmstart_seed5,5,warmstart,0,46,0,4093,0.0,16,0,4093,0.0,0,4093,0.0,16,0,4093,0.0,0,0,,0,0,0,,0,0
warmstart_seed5,5,warmstart,0,47,0,4093,0.0,16,0,4093,0.0,0,4093,0.0,16,0,4093,0.0,0,0,,0,0,0,,0,0
warmstart_seed5,5,warmstart,0,48,0,4093,0.0,16,0,4093,0.0,0,4093,0.0,16,0,4093,0.0,0,0,,0,0,0,,0,0
warmstart_seed5,5,warmstart,0,49,0,4093,0.0,16,0,4093,0.0,0,4093,0.0,16,0,4093,0.0,0,0,,0,0,0,,0,0
warmstart_seed5,5,warmstart,0,50,0,4093,0.0,16,0,4093,0.0,0,4093,0.0,16,0,4093,0.0,0,0,,0,0,0,,0,0
warmstart_seed5,5,warmstart,0,51,0,4093,0.0,16,0,4093,0.0,0,4093,0.0,16,0,4093,0.0,0,0,,0,0,0,,0,0
warmstart_seed5,5,warmstart,0,52,0,4093,0.0,16,0,4093,0.0,0,4093,0.0,16,0,4093,0.0,0,0,,0,0,0,,0,0
warmstart_seed5,5,warmstart,0,53,0,4093,0.0,16,0,4093,0.0,0,4093,0.0,16,0,4093,0.0,0,0,,0,0,0,,0,0
warmstart_seed5,5,warmstart,0,54,0,4093,0.0,16,0,4093,0.0,0,4093,0.0,16,0,4093,0.0,0,0,,0,0,0,,0,0
warmstart_seed5,5,warmstart,0,55,0,4093,0.0,16,0,4093,0.0,0,4093,0.0,16,0,4093,0.0,0,0,,0,0,0,,0,0
warmstart_seed5,5,warmstart,0,56,0,4093,0.0,16,0,4093,0.0,0,4093,0.0,16,0,4093,0.0,0,0,,0,0,0,,0,0
warmstart_seed5,5,warmstart,0,57,0,4093,0.0,16,0,4093,0.0,0,4093,0.0,16,0,4093,0.0,0,0,,0,0,0,,0,0
warmstart_seed5,5,warmstart,0,58,0,4093,0.0,16,0,4093,0.0,0,4093,0.0,16,0,4093,0.0,0,0,,0,0,0,,0,0
warmstart_seed5,5,warmstart,0,59,0,4093,0.0,16,0,4093,0.0,0,4093,0.0,16,0,4093,0.0,0,0,,0,0,0,,0,0
warmstart_seed5,5,warmstart,0,60,0,4093,0.0,16,0,4093,0.0,0,4093,0.0,16,0,4093,0.0,0,0,,0,0,0,,0,0
warmstart_seed5,5,warmstart,0,61,0,4093,0.0,16,0,4093,0.0,0,4093,0.0,16,0,4093,0.0,0,0,,0,0,0,,0,0
warmstart_seed5,5,warmstart,0,62,0,4093,0.0,16,0,4093,0.0,0,4093,0.0,16,0,4093,0.0,0,0,,0,0,0,,0,0
warmstart_seed5,5,warmstart,0,63,0,4093,0.0,16,0,4093,0.0,0,4093,0.0,16,0,4093,0.0,0,0,,0,0,0,,0,0
warmstart_seed5,5,warmstart,0,64,0,4093,0.0,16,0,4093,0.0,0,4093,0.0,16,0,4093,0.0,0,0,,0,0,0,,0,0
warmstart_seed5,5,warmstart,0,65,0,4093,0.0,16,0,4093,0.0,0,4093,0.0,16,0,4093,0.0,0,0,,0,0,0,,0,0
warmstart_seed5,5,warmstart,0,66,0,4093,0.0,16,0,4093,0.0,0,4093,0.0,16,0,4093,0.0,0,0,,0,0,0,,0,0
warmstart_seed5,5,warmstart,0,67,0,4093,0.0,16,0,4093,0.0,0,4093,0.0,16,0,4093,0.0,0,0,,0,0,0,,0,0
warmstart_seed5,5,warmstart,0,68,0,4093,0.0,16,0,4093,0.0,0,4093,0.0,16,0,4093,0.0,0,0,,0,0,0,,0,0
warmstart_seed5,5,warmstart,0,69,0,4093,0.0,16,0,4093,0.0,0,4093,0.0,16,0,4093,0.0,0,0,,0,0,0,,0,0
warmstart_seed5,5,warmstart,0,70,0,4093,0.0,16,0,4093,0.0,0,4093,0.0,16,0,4093,0.0,0,0,,0,0,0,,0,0
warmstart_seed5,5,warmstart,0,71,0,4093,0.0,16,0,4093,0.0,0,4093,0.0,16,0,4093,0.0,0,0,,0,0,0,,0,0
warmstart_seed5,5,warmstart,0,72,0,4093,0.0,16,0,4093,0.0,0,4093,0.0,16,0,4093,0.0,0,0,,0,0,0,,0,0
warmstart_seed5,5,warmstart,0,73,0,4093,0.0,16,0,4093,0.0,0,4093,0.0,16,0,4093,0.0,0,0,,0,0,0,,0,0
warmstart_seed5,5,warmstart,0,74,0,4093,0.0,16,0,4093,0.0,0,4093,0.0,16,0,4093,0.0,0,0,,0,0,0,,0,0
warmstart_seed5,5,warmstart,0,75,0,4093,0.0,16,0,4093,0.0,0,4093,0.0,16,0,4093,0.0,0,0,,0,0,0,,0,0
warmstart_seed5,5,warmstart,0,76,0,4093,0.0,16,0,4093,0.0,0,4093,0.0,16,0,4093,0.0,0,0,,0,0,0,,0,0
warmstart_seed5,5,warmstart,0,77,0,4093,0.0,16,0,4093,0.0,0,4093,0.0,16,0,4093,0.0,0,0,,0,0,0,,0,0
warmstart_seed5,5,warmstart,0,78,0,4093,0.0,16,0,4093,0.0,0,4093,0.0,16,0,4093,0.0,0,0,,0,0,0,,0,0
warmstart_seed5,5,warmstart,0,79,0,4093,0.0,16,0,4093,0.0,0,4093,0.0,16,0,4093,0.0,0,0,,0,0,0,,0,0
warmstart_seed5,5,warmstart,0,80,0,4093,0.0,16,0,4093,0.0,0,4093,0.0,16,0,4093,0.0,0,0,,0,0,0,,0,0
warmstart_seed5,5,warmstart,0,81,0,4093,0.0,16,0,4093,0.0,0,4093,0.0,16,0,4093,0.0,0,0,,0,0,0,,0,0
warmstart_seed5,5,warmstart,0,82,0,4093,0.0,16,0,4093,0.0,0,4093,0.0,16,0,4093,0.0,0,0,,0,0,0,,0,0
warmstart_seed5,5,warmstart,0,83,0,4093,0.0,16,0,4093,0.0,0,4093,0.0,16,0,4093,0.0,0,0,,0,0,0,,0,0
warmstart_seed5,5,warmstart,0,84,0,4093,0.0,16,0,4093,0.0,0,4093,0.0,16,0,4093,0.0,0,0,,0,0,0,,0,0
warmstart_seed5,5,warmstart,0,85,0,4093,0.0,16,0,4093,0.0,0,4093,0.0,16,0,4093,0.0,0,0,,0,0,0,,0,0
warmstart_seed5,5,warmstart,0,86,0,4093,0.0,16,0,4093,0.0,0,4093,0.0,16,0,4093,0.0,0,0,,0,0,0,,0,0
warmstart_seed5,5,warmstart,0,87,0,4093,0.0,16,0,4093,0.0,0,4093,0.0,16,0,4093,0.0,0,0,,0,0,0,,0,0
warmstart_seed5,5,warmstart,0,88,0,4093,0.0,16,0,4093,0.0,0,4093,0.0,16,0,4093,0.0,0,0,,0,0,0,,0,0
warmstart_seed5,5,warmstart,0,89,0,4093,0.0,16,0,4093,0.0,0,4093,0.0,16,0,4093,0.0,0,0,,0,0,0,,0,0
warmstart_seed5,5,warmstart,0,90,0,4093,0.0,16,0,4093,0.0,0,4093,0.0,16,0,4093,0.0,0,0,,0,0,0,,0,0
warmstart_seed5,5,warmstart,0,91,0,4093,0.0,16,0,4093,0.0,0,4093,0.0,16,0,4093,0.0,0,0,,0,0,0,,0,0
warmstart_seed5,5,warmstart,0,92,0,4093,0.0,16,0,4093,0.0,0,4093,0.0,16,0,4093,0.0,0,0,,0,0,0,,0,0
warmstart_seed5,5,warmstart,0,93,0,4093,0.0,16,0,4093,0.0,0,4093,0.0,16,0,4093,0.0,0,0,,0,0,0,,0,0
warmstart_seed5,5,warmstart,0,94,0,4093,0.0,16,0,4093,0.0,0,4093,0.0,16,0,4093,0.0,0,0,,0,0,0,,0,0
warmstart_seed5,5,warmstart,0,95,0,4093,0.0,16,0,4093,0.0,0,4093,0.0,16,0,4093,0.0,0,0,,0,0,0,,0,0
warmstart_seed5,5,warmstart,0,96,0,4093,0.0,16,0,4093,0.0,0,4093,0.0,16,0,4093,0.0,0,0,,0,0,0,,0,0
warmstart_seed5,5,warmstart,0,97,0,4093,0.0,16,0,4093,0.0,0,4093,0.0,16,0,4093,0.0,0,0,,0,0,0,,0,0
warmstart_seed5,5,warmstart,0,98,0,4093,0.0,16,0,4093,0.0,0,4093,0.0,16,0,4093,0.0,0,0,,0,0,0,,0,0
warmstart_seed5,5,warmstart,0,99,0,4093,0.0,16,0,4093,0.0,0,4093,0.0,16,0,4093,0.0,0,0,,0,0,0,,0,0
warmstart_seed5,5,warmstart,0,100,0,4093,0.0,16,0,4093,0.0,0,4093,0.0,16,0,4093,0.0,0,0,,0,0,0,,0,0
warmstart_seed5,5,warmstart,0,101,0,4093,0.0,16,0,4093,0.0,0,4093,0.0,16,0,4093,0.0,0,0,,0,0,0,,0,0
warmstart_seed5,5,warmstart,0,102,0,4093,0.0,16,0,4093,0.0,0,4093,0.0,16,0,4093,0.0,0,0,,0,0,0,,0,0
warmstart_seed5,5,warmstart,0,103,0,4093,0.0,16,0,4093,0.0,0,4093,0.0,16,0,4093,0.0,0,0,,0,0,0,,0,0
warmstart_seed5,5,warmstart,0,104,0,4093,0.0,16,0,4093,0.0,0,4093,0.0,16,0,4093,0.0,0,0,,0,0,0,,0,0
warmstart_seed5,5,warmstart,0,105,0,4093,0.0,16,0,4093,0.0,0,4093,0.0,16,0,4093,0.0,0,0,,0,0,0,,0,0
warmstart_seed5,5,warmstart,0,106,0,4093,0.0,16,0,4093,0.0,0,4093,0.0,16,0,4093,0.0,0,0,,0,0,0,,0,0
warmstart_seed5,5,warmstart,0,107,0,4093,0.0,16,0,4093,0.0,0,4093,0.0,16,0,4093,0.0,0,0,,0,0,0,,0,0
warmstart_seed5,5,warmstart,0,108,0,4093,0.0,16,0,4093,0.0,0,4093,0.0,16,0,4093,0.0,0,0,,0,0,0,,0,0
warmstart_seed5,5,warmstart,0,109,0,4093,0.0,16,0,4093,0.0,0,4093,0.0,16,0,4093,0.0,0,0,,0,0,0,,0,0
warmstart_seed5,5,warmstart,0,110,0,4093,0.0,16,0,4093,0.0,0,4093,0.0,16,0,4093,0.0,0,0,,0,0,0,,0,0
warmstart_seed5,5,warmstart,0,111,0,4093,0.0,16,0,4093,0.0,0,4093,0.0,16,0,4093,0.0,0,0,,0,0,0,,0,0
warmstart_seed5,5,warmstart,0,112,0,4093,0.0,16,0,4093,0.0,0,4093,0.0,16,0,4093,0.0,0,0,,0,0,0,,0,0
warmstart_seed5,5,warmstart,0,113,0,4093,0.0,16,0,4093,0.0,0,4093,0.0,16,0,4093,0.0,0,0,,0,0,0,,0,0
warmstart_seed5,5,warmstart,0,114,0,4093,0.0,16,0,4093,0.0,0,4093,0.0,16,0,4093,0.0,0,0,,0,0,0,,0,0
warmstart_seed5,5,warmstart,0,115,0,4093,0.0,16,0,4093,0.0,0,4093,0.0,16,0,4093,0.0,0,0,,0,0,0,,0,0
warmstart_seed5,5,warmstart,0,116,0,4093,0.0,16,0,4093,0.0,0,4093,0.0,16,0,4093,0.0,0,0,,0,0,0,,0,0
warmstart_seed5,5,warmstart,0,117,0,4093,0.0,16,0,4093,0.0,0,4093,0.0,16,0,4093,0.0,0,0,,0,0,0,,0,0
warmstart_seed5,5,warmstart,0,118,0,4093,0.0,16,0,4093,0.0,0,4093,0.0,16,0,4093,0.0,0,0,,0,0,0,,0,0
warmstart_seed5,5,warmstart,0,119,0,4093,0.0,16,0,4093,0.0,0,4093,0.0,16,0,4093,0.0,0,0,,0,0,0,,0,0
warmstart_seed5,5,warmstart,0,120,0,4093,0.0,16,0,4093,0.0,0,4093,0.0,16,0,4093,0.0,0,0,,0,0,0,,0,0
warmstart_seed5,5,warmstart,0,121,0,4093,0.0,16,0,4093,0.0,0,4093,0.0,16,0,4093,0.0,0,0,,0,0,0,,0,0
warmstart_seed5,5,warmstart,0,122,0,4093,0.0,16,0,4093,0.0,0,4093,0.0,16,0,4093,0.0,0,0,,0,0,0,,0,0
warmstart_seed5,5,warmstart,0,123,0,4093,0.0,16,0,4093,0.0,0,4093,0.0,16,0,4093,0.0,0,0,,0,0,0,,0,0
warmstart_seed5,5,warmstart,0,124,0,4093,0.0,16,0,4093,0.0,0,4093,0.0,16,0,4093,0.0,0,0,,0,0,0,,0,0
warmstart_seed5,5,warmstart,0,125,0,4093,0.0,16,0,4093,0.0,0,4093,0.0,16,0,4093,0.0,0,0,,0,0,0,,0,0
warmstart_seed5,5,warmstart,0,126,0,4093,0.0,16,0,4093,0.0,0,4093,0.0,16,0,4093,0.0,0,0,,0,0,0,,0,0
warmstart_seed5,5,warmstart,0,127,0,4093,0.0,16,0,4093,0.0,0,4093,0.0,16,0,4093,0.0,0,0,,0,0,0,,0,0
warmstart_seed5,5,warmstart,0,128,0,4093,0.0,16,0,4093,0.0,0,4093,0.0,16,0,4093,0.0,0,0,,0,0,0,,0,0
warmstart_seed5,5,warmstart,100,0,0,4093,0.0,16,0,4093,0.0,,,,,,,,,,,,,,,,
warmstart_seed5,5,warmstart,100,1,50,4093,0.013504996502107482,16,50,4093,0.01221597849987784,50,4093,0.013504996502107482,16,50,4093,0.01221597849987784,0,0,,0,0,0,,50,0
warmstart_seed5,5,warmstart,100,2,107,4093,0.028400517830199486,16,107,4093,0.026142193989738577,71,4043,0.019321021002935472,16,71,4043,0.0175612169181301,14,50,0.2511111111111111,15,14,50,0.28,57,0
warmstart_seed5,5,warmstart,100,3,186,4093,0.05188206197769202,16,186,4093,0.04544344001954557,108,3986,0.03181821872836276,16,108,3986,0.027094831911690917,29,107,0.26748511904761907,16,29,107,0.27102803738317754,79,0
warmstart_seed5,5,warmstart,100,4,255,4093,0.07221731516042426,16,255,4093,0.06230149034937699,132,3907,0.039656429438377674,16,132,3907,0.033785513181469155,63,186,0.3268330627705628,16,63,186,0.3387096774193548,69,0
warmstart_seed5,5,warmstart,100,5,329,4093,0.09200136767601758,16,329,4093,0.08038113852919619,151,3838,0.04402322975355366,16,151,3838,0.03934340802501303,77,255,0.29814246211305034,16,77,255,0.30196078431372547,74,0
warmstart_seed5,5,warmstart,100,6,406,4093,0.11165937922625369,16,406,4093,0.09919374541900806,153,3764,0.044721828749174894,16,153,3764,0.040648246546227416,76,329,0.22530145426609033,16,76,329,0.23100303951367782,77,0
warmstart_seed5,5,warmstart,100,7,489,4093,0.13516497892849372,16,489,4093,0.11947226972880527,149,3687,0.047000692341393466,16,149,3687,0.040412259289395173,66,406,0.1580596012642036,16,66,406,0.1625615763546798,83,0
warmstart_seed5,5,warmstart,100,8,566,4093,0.15797201897411128,16,566,4093,0.13828487661861716,136,3604,0.04641827637447114,16,136,3604,0.03773584905660377,59,489,0.11747251547952312,16,59,489,0.12065439672801637,77,0
warmstart_seed5,5,warmstart,100,9,632,4093,0.17781268507270026,16,632,4093,0.1544099682384559,118,3527,0.042411958431111854,16,118,3527,0.03345619506662886,52,566,0.0903214856785961,16,52,566,0.09187279151943463,66,0
warmstart_seed5,5,warmstart,100,10,699,4093,0.19635920318498284,16,699,4093,0.17077937942829222,107,3461,0.037873029367291575,16,107,3461,0.030915920254261774,40,632,0.05986233929176339,16,40,632,0.06329113924050633,67,0
warmstart_seed5,5,warmstart,100,11,753,4093,0.21219617649814004,16,753,4093,0.18397263620816026,86,3394,0.03195491732986904,16,86,3394,0.025338833235120803,32,699,0.04417921885206544,16,32,699,0.045779685264663805,54,0
warmstart_seed5,5,warmstart,100,12,780,4093,0.2210646931559996,16,780,4093,0.1905692645980943,65,3340,0.025034982279488267,16,65,3340,0.019461077844311378,38,753,0.048668009057687235,16,38,753,0.05046480743691899,27,0
warmstart_seed5,5,warmstart,100,13,805,4093,0.2281199199845811,16,805,4093,0.19667725384803322,67,3313,0.025546685385432217,16,67,3313,0.020223362511319048,42,780,0.051516511179121253,16,42,780,0.05384615384615385,25,0
warmstart_seed5,5,warmstart,100,14,821,4093,0.23307425944061536,16,821,4093,0.20058636696799415,62,3288,0.02478897713887933,16,62,3288,0.018856447688564478,46,805,0.05298789942557518,16,46,805,0.05714285714285714,16,0
warmstart_seed5,5,warmstart,100,15,830,4093,0.23496175186438054,16,830,4093,0.20278524309797213,58,3272,0.022656004756915458,16,58,3272,0.017726161369193152,49,821,0.05579810315471665,16,49,821,0.05968331303288672,9,0
warmstart_seed5,5,warmstart,100,16,834,4093,0.23625838325266615,16,834,4093,0.20376252137796239,56,3263,0.021979314471632688,16,56,3263,0.017162120747778117,52,830,0.061631543004882036,16,52,830,0.06265060240963856,4,0
warmstart_seed5,5,warmstart,100,17,832,4093,0.23585861938306346,16,832,4093,0.20327388223796727,51,3259,0.018867879277035135,16,51,3259,0.01564897207732433,53,834,0.06454075732451325,16,53,834,0.06354916067146282,-2,0
warmstart_seed5,5,warmstart,100,18,832,4093,0.2352647222118564,16,832,4093,0.20327388223796727,49,3261,0.018729176152497893,16,49,3261,0.015026065624041705,49,832,0.06625244209835392,16,49,832,0.05889423076923077,0,0
warmstart_seed5,5,warmstart,100,19,829,4093,0.23358447714413694,16,829,4093,0.2025409235279746,38,3261,0.014405528791161196,16,38,3261,0.011652867218644588,41,832,0.05861611757939196,16,41,832,0.04927884615384615,-3,0
warmstart_seed5,5,warmstart,100,20,839,4093,0.23669521962600654,16,839,4093,0.20498411922795015,45,3264,0.01862305847363664,16,45,3264,0.013786764705882353,35,829,0.05476052046439481,16,35,829,0.04221954161640531,10,0
warmstart_seed5,5,warmstart,100,21,835,4093,0.2346485807855468,16,835,4093,0.20400684094795993,37,3254,0.01435605850527449,16,37,3254,0.011370620774431468,41,839,0.0635040085207447,16,41,839,0.04886769964243146,-4,0
warmstart_seed5,5,warmstart,100,22,848,4093,0.23686358566192894,16,848,4093,0.20718299535792817,38,3258,0.013596139414984155,16,38,3258,0.011663597298956415,25,835,0.045501488526518745,16,25,835,0.029940119760479042,13,0
warmstart_seed5,5,warmstart,100,23,849,4093,0.23734685321040402,16,849,4093,0.20742731492792574,22,3245,0.008799259106375898,16,22,3245,0.006779661016949152,21,848,0.027554312549189598,16,21,848,0.024764150943396228,1,0
warmstart_seed5,5,warmstart,100,24,857,4093,0.23843076432946247,16,857,4093,0.20938187148790618,30,3244,0.010765892757533292,16,30,3244,0.009247842170160296,22,849,0.03627313764373942,16,22,849,0.02591283863368669,8,0
warmstart_seed5,5,warmstart,100,25,858,4093,0.2381639916605046,16,858,4093,0.20962619105790373,20,3236,0.007758977841864113,16,20,3236,0.006180469715698393,19,857,0.033474320377007004,16,19,857,0.022170361726954493,1,0
warmstart_seed5,5,warmstart,100,26,853,4093,0.2371723153340738,16,853,4093,0.20840459320791596,19,3235,0.007311331204551316,16,19,3235,0.005873261205564142,24,858,0.029992960434076586,16,24,858,0.027972027972027972,-5,0
warmstart_seed5,5,warmstart,100,27,858,4093,0.23865338296036664,16,858,4093,0.20962619105790373,26,3240,0.009626575723854064,16,26,3240,0.008024691358024692,21,853,0.029523658696314146,16,21,853,0.0246189917936694,5,0
warmstart_seed5,5,warmstart,100,28,868,4093,0.24054703399433874,16,868,4093,0.2120693867578793,34,3235,0.01186989166613785,16,34,3235,0.010510046367851623,24,858,0.04572575617865709,16,24,858,0.027972027972027972,10,0
warmstart_seed5,5,warmstart,100,29,876,4093,0.2429547617583643,16,876,4093,0.21402394331785976,30,3225,0.01077554685789446,16,30,3225,0.009302325581395349,22,868,0.026081597141264318,16,22,868,0.02534562211981567,8,0
warmstart_seed5,5,warmstart,100,30,875,4093,0.24258100021937157,16,875,4093,0.2137796237478622,29,3217,0.009662759375300981,16,29,3217,0.009014609884986011,30,876,0.041212240887020746,16,30,876,0.03424657534246575,-1,0
warmstart_seed5,5,warmstart,100,31,889,4093,0.24521680859244455,16,889,4093,0.217200097727828,35,3218,0.011696506223044332,16,35,3218,0.010876320696084525,21,875,0.02872435890873005,16,21,875,0.024,14,0
warmstart_seed5,5,warmstart,100,32,893,4093,0.24591932731240979,16,893,4093,0.21817737600781822,29,3204,0.009119588863027474,16,29,3204,0.009051186017478152,25,889,0.03809498184232828,16,25,889,0.0281214848143982,4,0
warmstart_seed5,5,warmstart,100,33,902,4093,0.24693197869814684,16,902,4093,0.22037625213779624,34,3200,0.009181425047773823,16,34,3200,0.010625,25,893,0.04241268290222094,16,25,893,0.027995520716685332,9,0
warmstart_seed5,5,warmstart,100,34,902,4093,0.24637121120365918,16,902,4093,0.22037625213779624,28,3191,0.008010730120588512,16,28,3191,0.008774678784080225,28,902,0.053447038982124495,16,28,902,0.031042128603104215,0,0
warmstart_seed5,5,warmstart,100,35,917,4093,0.24938486461028778,16,917,4093,0.2240410456877596,35,3191,0.009537806963847997,16,35,3191,0.010968348480100282,20,902,0.02649319046532945,16,20,902,0.022172949002217297,15,0
warmstart_seed5,5,warmstart,100,36,928,4093,0.2513916419305726,16,928,4093,0.22672856095773272,31,3176,0.008639850788578865,16,31,3176,0.009760705289672544,20,917,0.04462149461275303,16,20,917,0.021810250817884406,11,0
warmstart_seed5,5,warmstart,100,37,940,4093,0.2546932630199624,16,940,4093,0.2296603957977034,29,3165,0.009070328900007061,16,29,3165,0.009162717219589257,17,928,0.018296607871996287,16,17,928,0.018318965517241378,12,0
warmstart_seed5,5,warmstart,100,38,948,4093,0.25659697733844455,16,948,4093,0.23161495235768384,25,3153,0.0074148963778798175,16,25,3153,0.00792895654931811,17,940,0.019476577838332006,16,17,940,0.018085106382978722,8,0
warmstart_seed5,5,warmstart,100,39,952,4093,0.25778962390465593,16,952,4093,0.2325922306376741,24,3145,0.0074500216139204425,16,24,3145,0.007631160572337043,20,948,0.020553748969800695,16,20,948,0.02109704641350211,4,0
warmstart_seed5,5,warmstart,100,40,951,4093,0.2570158366294402,16,951,4093,0.23234791106767652,20,3141,0.00604241982456524,16,20,3141,0.006367398917542184,21,952,0.022077124194905047,16,21,952,0.022058823529411766,-1,0
warmstart_seed5,5,warmstart,100,41,961,4093,0.26025837288873266,16,961,4093,0.23479110676765208,31,3142,0.01098474494053975,16,31,3142,0.009866327180140038,21,951,0.02153393595622214,16,21,951,0.022082018927444796,10,0
warmstart_seed5,5,warmstart,100,42,959,4093,0.2597517119658661,16,959,4093,0.23430246762765697,17,3132,0.005655852753362678,16,17,3132,0.005427841634738187,19,961,0.01879531893009845,16,19,961,0.019771071800208116,-2,0
warmstart_seed5,5,warmstart,100,43,969,4093,0.2611916111243289,16,969,4093,0.23674566332763256,24,3134,0.00662180744755443,16,24,3134,0.007657945118059987,14,959,0.014905035254333749,16,14,959,0.014598540145985401,10,0
warmstart_seed5,5,warmstart,100,44,970,4093,0.2621643683001591,16,970,4093,0.2369899828976301,24,3124,0.00853131753393027,16,24,3124,0.0076824583866837385,23,969,0.022755064627452304,16,23,969,0.023735810113519093,1,0
warmstart_seed5,5,warmstart,100,45,975,4093,0.2634197528495151,16,975,4093,0.2382115807476179,25,3123,0.008236996423400166,16,25,3123,0.008005123278898496,20,970,0.026949490970366162,16,20,970,0.020618556701030927,5,0
warmstart_seed5,5,warmstart,100,46,980,4093,0.26428883687161375,16,980,4093,0.23943317859760566,26,3118,0.007684236390603014,16,26,3118,0.008338678640153944,21,975,0.01937151183024592,16,21,975,0.021538461538461538,5,0
warmstart_seed5,5,warmstart,100,47,978,4093,0.26338203967123647,16,978,4093,0.23894453945761054,24,3113,0.0070692923249500595,16,24,3113,0.007709604882749759,26,980,0.035283393630851256,16,26,980,0.026530612244897958,-2,0
warmstart_seed5,5,warmstart,100,48,978,4093,0.26408768991330844,16,978,4093,0.23894453945761054,24,3115,0.007280062397498897,16,24,3115,0.0077046548956661316,24,978,0.031664796395676084,16,24,978,0.024539877300613498,0,0
warmstart_seed5,5,warmstart,100,49,982,4093,0.2652897586834533,16,982,4093,0.2399218177376008,29,3115,0.008769852261314092,16,29,3115,0.009309791332263243,25,978,0.03190071353747096,16,25,978,0.02556237218813906,4,0
warmstart_seed5,5,warmstart,100,50,985,4093,0.2651035339298564,16,985,4093,0.24065477644759345,24,3111,0.0060216386061175305,16,24,3111,0.007714561234329798,21,982,0.019846558436252076,16,21,982,0.021384928716904276,3,0
warmstart_seed5,5,warmstart,100,51,991,4093,0.2681904624701231,16,991,4093,0.24212069386757878,25,3108,0.009586575606498199,16,25,3108,0.008043758043758044,19,985,0.015511585364526542,16,19,985,0.019289340101522844,6,0
warmstart_seed5,5,warmstart,100,52,989,4093,0.2664261497619096,16,989,4093,0.24163205472758367,20,3102,0.005439404249125406,16,20,3102,0.006447453255963894,22,991,0.02876522878937286,16,22,991,0.022199798183652877,-2,0
warmstart_seed5,5,warmstart,100,53,990,4093,0.2679675778842267,16,990,4093,0.24187637429758124,24,3104,0.009007773386082904,16,24,3104,0.007731958762886598,23,989,0.035815005508941435,16,23,989,0.023255813953488372,1,0
warmstart_seed5,5,warmstart,100,54,993,4093,0.26816152380541247,16,993,4093,0.2426093330075739,21,3103,0.006019142511801851,16,21,3103,0.00676764421527554,18,990,0.016500349442900495,16,18,990,0.01818181818181818,3,0
warmstart_seed5,5,warmstart,100,55,989,4093,0.26735990217431743,16,989,4093,0.24163205472758367,17,3100,0.006641645098916846,16,17,3100,0.005483870967741935,21,993,0.030368682715954123,16,21,993,0.021148036253776436,-4,0
warmstart_seed5,5,warmstart,100,56,990,4093,0.2681619479630857,16,990,4093,0.24187637429758124,19,3104,0.006525915619446536,16,19,3104,0.006121134020618557,18,989,0.015527314106493321,16,18,989,0.01820020222446916,1,0
warmstart_seed5,5,warmstart,100,57,975,4093,0.26408190479991744,16,975,4093,0.2382115807476179,13,3103,0.0046713577275417474,16,13,3103,0.004189494038027715,28,990,0.036898806906503975,16,28,990,0.028282828282828285,-15,0
warmstart_seed5,5,warmstart,100,58,985,4093,0.26722978308966755,16,985,4093,0.24065477644759345,26,3118,0.010155914958845515,16,26,3118,0.008338678640153944,16,975,0.015498468409166289,16,16,975,0.01641025641025641,10,0
warmstart_seed5,5,warmstart,100,59,979,4093,0.2659202845992281,16,979,4093,0.23918885902760811,17,3108,0.006614976949129447,16,17,3108,0.0054697554697554695,23,985,0.02312861113782445,16,23,985,0.023350253807106598,-6,0
warmstart_seed5,5,warmstart,100,60,978,4093,0.2659894000700963,16,978,4093,0.23894453945761054,20,3114,0.007806973096480447,16,20,3114,0.006422607578676943,21,979,0.027174450232793232,16,21,979,0.021450459652706845,-1,0
warmstart_seed5,5,warmstart,100,61,978,4093,0.26512847251561267,16,978,4093,0.23894453945761054,23,3115,0.007603475895987791,16,23,3115,0.007383627608346709,23,978,0.023823732408534644,16,23,978,0.023517382413087935,0,0
warmstart_seed5,5,warmstart,100,62,972,4093,0.26435587897240753,16,972,4093,0.2374786220376252,21,3115,0.008858956214870302,16,21,3115,0.006741573033707865,27,978,0.03602233546613127,16,27,978,0.027607361963190184,-6,0
warmstart_seed5,5,warmstart,100,63,970,4093,0.2635251442857828,16,970,4093,0.2369899828976301,23,3121,0.007970983111951834,16,23,3121,0.007369432874078821,25,972,0.031151307641879192,16,25,972,0.0257201646090535,-2,0
warmstart_seed5,5,warmstart,100,64,969,4093,0.2638332219310333,16,969,4093,0.23674566332763256,25,3123,0.010067295814993459,16,25,3123,0.008005123278898496,26,970,0.035490456371272884,16,26,970,0.026804123711340205,-1,0
warmstart_seed5,5,warmstart,100,65,962,4093,0.26098700018249105,16,962,4093,0.23503542633764965,23,3124,0.007603686504393052,16,23,3124,0.00736235595390525,30,969,0.04102038276486934,16,30,969,0.030959752321981424,-7,0
warmstart_seed5,5,warmstart,100,66,964,4093,0.26200650410769566,16,964,4093,0.23552406547764476,29,3131,0.011229032797236381,16,29,3131,0.009262216544235069,27,962,0.03415014220705548,16,27,962,0.028066528066528068,2,0
warmstart_seed5,5,warmstart,100,67,961,4093,0.26159937984756626,16,961,4093,0.23479110676765208,28,3129,0.010496949135170802,16,28,3129,0.008948545861297539,31,964,0.03669906938593206,16,31,964,0.032157676348547715,-3,0
warmstart_seed5,5,warmstart,100,68,965,4093,0.2618786305566879,16,965,4093,0.2357683850476423,30,3132,0.010966644324854224,16,30,3132,0.009578544061302681,26,961,0.029334434458515343,16,26,961,0.027055150884495317,4,0
warmstart_seed5,5,warmstart,100,69,961,4093,0.2615131971868434,16,961,4093,0.23479110676765208,24,3128,0.009111799729764943,16,24,3128,0.0076726342710997444,28,965,0.031892907883118764,16,28,965,0.029015544041450778,-4,0
warmstart_seed5,5,warmstart,100,70,962,4093,0.2611121919471168,16,962,4093,0.23503542633764965,27,3132,0.009575795477677472,16,27,3132,0.008620689655172414,26,961,0.029770827630580962,16,26,961,0.027055150884495317,1,0
warmstart_seed5,5,warmstart,100,71,962,4093,0.2614018404701659,16,962,4093,0.23503542633764965,27,3131,0.009318573181769738,16,27,3131,0.008623442989460236,27,962,0.02937322962395211,16,27,962,0.028066528066528068,0,0
warmstart_seed5,5,warmstart,100,72,957,4093,0.2596686659277134,16,957,4093,0.23381382848766186,22,3131,0.007481052480881906,16,22,3131,0.007026509102523155,27,962,0.03344808682030371,16,27,962,0.028066528066528068,-5,0
warmstart_seed5,5,warmstart,100,73,954,4093,0.25954100184910883,16,954,4093,0.2330808697776692,19,3136,0.006456739340255985,16,19,3136,0.006058673469387755,22,957,0.022551687398480035,16,22,957,0.022988505747126436,-3,0
warmstart_seed5,5,warmstart,100,74,949,4093,0.25840916385999296,16,949,4093,0.2318592719276814,18,3139,0.0070692166290315765,16,18,3139,0.005734310289901242,23,954,0.035057600168790795,16,23,954,0.02410901467505241,-5,0
warmstart_seed5,5,warmstart,100,75,954,4093,0.2601624543362982,16,954,4093,0.2330808697776692,24,3144,0.008905485608639196,16,24,3144,0.007633587786259542,19,949,0.027279885633097124,16,19,949,0.020021074815595362,5,0
warmstart_seed5,5,warmstart,100,76,945,4093,0.25773745270775816,16,945,4093,0.23088199364769119,19,3139,0.007795512861786199,16,19,3139,0.006052883083784644,28,954,0.04492476422594241,16,28,954,0.029350104821802937,-9,0
warmstart_seed5,5,warmstart,100,77,952,4093,0.25973676143498164,16,952,4093,0.2325922306376741,27,3148,0.009807089001371911,16,27,3148,0.008576874205844982,20,945,0.0304660090374633,16,20,945,0.021164021164021163,7,0
warmstart_seed5,5,warmstart,100,78,947,4093,0.25803148357728,16,947,4093,0.2313706327876863,18,3141,0.007226094624069984,16,18,3141,0.0057306590257879654,23,952,0.03478943853717404,16,23,952,0.02415966386554622,-5,0
warmstart_seed5,5,warmstart,100,79,953,4093,0.2603436246480713,16,953,4093,0.23283655020767163,25,3146,0.010396456732504514,16,25,3146,0.007946598855689765,19,947,0.03106763954939367,16,19,947,0.02006335797254488,6,0
warmstart_seed5,5,warmstart,100,80,951,4093,0.25939584537110744,16,951,4093,0.23234791106767652,25,3140,0.008682791330787863,16,25,3140,0.007961783439490446,27,953,0.03689904656861396,16,27,953,0.02833158447009444,-2,0
warmstart_seed5,5,warmstart,100,81,946,4093,0.25879303513438706,16,946,4093,0.23112631321768873,23,3142,0.009244293160627342,16,23,3142,0.00732017823042648,28,951,0.0412863776393713,16,28,951,0.029442691903259727,-5,0
warmstart_seed5,5,warmstart,100,82,949,4093,0.25869453009846066,16,949,4093,0.2318592719276814,27,3147,0.009492337451219732,16,27,3147,0.008579599618684462,24,946,0.034057381419477034,16,24,946,0.02536997885835095,3,0
warmstart_seed5,5,warmstart,100,83,945,4093,0.2584293746464476,16,945,4093,0.23088199364769119,24,3144,0.009806144197770351,16,24,3144,0.007633587786259542,28,949,0.0407832658962033,16,28,949,0.029504741833508957,-4,0
warmstart_seed5,5,warmstart,100,84,944,4093,0.2579060780013879,16,944,4093,0.23063767407769362,25,3148,0.009252186826806388,16,25,3148,0.007941550190597205,26,945,0.03372484768663635,16,26,945,0.027513227513227514,-1,0
warmstart_seed5,5,warmstart,100,85,940,4093,0.2567939969958013,16,940,4093,0.2296603957977034,23,3149,0.008537134944417404,16,23,3149,0.007303906001905367,27,944,0.038074176102593324,16,27,944,0.028601694915254237,-4,0
warmstart_seed5,5,warmstart,100,86,941,4093,0.257365041806935,16,941,4093,0.22990471536770096,28,3153,0.010403892986750804,16,28,3153,0.008880431335236283,27,940,0.0383543308740029,16,27,940,0.02872340425531915,1,0
warmstart_seed5,5,warmstart,100,87,945,4093,0.2580836247865076,16,945,4093,0.23088199364769119,31,3152,0.011005646438896607,16,31,3152,0.00983502538071066,27,941,0.0396382256352285,16,27,941,0.028692879914984058,4,0
warmstart_seed5,5,warmstart,100,88,942,4093,0.25812748695677923,16,942,4093,0.2301490349376985,28,3148,0.010976002321361257,16,28,3148,0.008894536213468869,31,945,0.042800554924080574,16,31,945,0.0328042328042328,-3,0
warmstart_seed5,5,warmstart,100,89,946,4093,0.25828604885415873,16,946,4093,0.23112631321768873,32,3151,0.010617125347201961,16,32,3151,0.010155506188511583,28,942,0.04024054284124684,16,28,942,0.029723991507430998,4,0
warmstart_seed5,5,warmstart,100,90,934,4093,0.2566030311216935,16,934,4093,0.22819447837771806,21,3147,0.00882761983934687,16,21,3147,0.00667302192564347,33,946,0.04417504529593843,16,33,946,0.03488372093023256,-12,0
warmstart_seed5,5,warmstart,100,91,939,4093,0.2573555463338215,16,939,4093,0.22941607622770585,26,3159,0.009688039694872776,16,26,3159,0.00823045267489712,21,934,0.0323953156747807,16,21,934,0.022483940042826552,5,0
warmstart_seed5,5,warmstart,100,92,938,4093,0.257795896707532,16,938,4093,0.22917175665770828,23,3154,0.009823454130754977,16,23,3154,0.007292327203551046,24,939,0.03177031118264954,16,24,939,0.025559105431309903,-1,0
warmstart_seed5,5,warmstart,100,93,941,4093,0.2582595441947525,16,941,4093,0.22990471536770096,26,3155,0.009680337477074917,16,26,3155,0.008240887480190175,23,938,0.034181116636472726,16,23,938,0.024520255863539446,3,0
warmstart_seed5,5,warmstart,100,94,940,4093,0.25849645421926903,16,940,4093,0.2296603957977034,26,3152,0.010802864545288395,16,26,3152,0.008248730964467006,27,941,0.037848694104711436,16,27,941,0.028692879914984058,-1,0
warmstart_seed5,5,warmstart,100,95,937,4093,0.2573622058425939,16,937,4093,0.22892743708771074,25,3153,0.009417350727187409,16,25,3153,0.00792895654931811,28,940,0.03892786660220439,16,28,940,0.029787234042553193,-3,0
warmstart_seed5,5,warmstart,100,96,934,4093,0.25756130457600396,16,934,4093,0.22819447837771806,25,3156,0.011286989018995334,16,25,3156,0.007921419518377694,28,937,0.039223383498495454,16,28,937,0.029882604055496264,-3,0
warmstart_seed5,5,warmstart,100,97,935,4093,0.25718103685183863,16,935,4093,0.2284387979477156,29,3159,0.010689126668421912,16,29,3159,0.009180120291231402,28,934,0.04000167463055454,16,28,934,0.029978586723768737,1,0
warmstart_seed5,5,warmstart,100,98,929,4093,0.2567411027691888,16,929,4093,0.22697288052773026,24,3158,0.010933548954430966,16,24,3158,0.007599746675110829,30,935,0.04074271091036274,16,30,935,0.03208556149732621,-6,0
warmstart_seed5,5,warmstart,100,99,926,4093,0.25530693614192024,16,926,4093,0.2262399218177376,23,3164,0.00827766190568866,16,23,3164,0.007269279393173199,26,929,0.036581124924052556,16,26,929,0.02798708288482239,-3,0
warmstart_seed5,5,warmstart,100,100,924,4093,0.255428554346594,16,924,4093,0.2257512826777425,21,3167,0.008982343020104205,16,21,3167,0.006630880959898958,23,926,0.03180689775886625,16,23,926,0.024838012958963283,-2,0
warmstart_seed5,5,warmstart,100,101,922,4093,0.25415063419778794,16,922,4093,0.2252626435377474,21,3169,0.007053007291009526,16,21,3169,0.006626696118649416,23,924,0.03211615449825671,16,23,924,0.024891774891774892,-2,0
warmstart_seed5,5,warmstart,100,102,924,4093,0.25562366661374225,16,924,4093,0.2257512826777425,23,3171,0.009725316975043056,16,23,3171,0.007253232418795333,21,922,0.0293400801245048,16,21,922,0.0227765726681128,2,0
warmstart_seed5,5,warmstart,100,103,921,4093,0.2543070265610202,16,921,4093,0.22501832396774982,21,3169,0.008043902800504835,16,21,3169,0.006626696118649416,24,924,0.033063507100504826,16,24,924,0.025974025974025976,-3,0
warmstart_seed5,5,warmstart,100,104,918,4093,0.25440265187580835,16,918,4093,0.22428536525775714,22,3172,0.01009531910337543,16,22,3172,0.0069356872635561164,25,921,0.03194312538958672,16,25,921,0.02714440825190011,-3,0
warmstart_seed5,5,warmstart,100,105,921,4093,0.25397136012270904,16,921,4093,0.22501832396774982,26,3175,0.009575983174540722,16,26,3175,0.008188976377952756,23,918,0.032297551211503676,16,23,918,0.02505446623093682,3,0
warmstart_seed5,5,warmstart,100,106,913,4093,0.25258464365995703,16,913,4093,0.22306376740776937,22,3172,0.0099620435456859,16,22,3172,0.0069356872635561164,30,921,0.039034265038034685,16,30,921,0.03257328990228013,-8,0
warmstart_seed5,5,warmstart,100,107,915,4093,0.25210225270195796,16,915,4093,0.22355240654776448,29,3180,0.011800113442897397,16,29,3180,0.009119496855345912,27,913,0.039715235649399466,16,27,913,0.029572836801752465,2,0
warmstart_seed5,5,warmstart,100,108,913,4093,0.2529146998821402,16,913,4093,0.22306376740776937,24,3178,0.010999457140465258,16,24,3178,0.007551919446192574,26,915,0.03290487955064182,16,26,915,0.02841530054644809,-2,0
warmstart_seed5,5,warmstart,100,109,915,4093,0.2521818238687405,16,915,4093,0.22355240654776448,26,3180,0.010173788530904402,16,26,3180,0.008176100628930818,24,913,0.03684863517870606,16,24,913,0.02628696604600219,2,0
warmstart_seed5,5,warmstart,100,110,912,4093,0.2526230254307671,16,912,4093,0.2228194478377718,25,3178,0.011169314978780917,16,25,3178,0.007866582756450597,28,915,0.036173388671771146,16,28,915,0.030601092896174863,-3,0
warmstart_seed5,5,warmstart,100,111,915,4093,0.25215292523030364,16,915,4093,0.22355240654776448,28,3181,0.011258819371444236,16,28,3181,0.008802263439170073,25,912,0.03738753374463605,16,25,912,0.027412280701754384,3,0
warmstart_seed5,5,warmstart,100,112,910,4093,0.2515875729980343,16,910,4093,0.2223308086977767,26,3178,0.01176799363766973,16,26,3178,0.008181246066708621,31,915,0.04095913477775909,16,31,915,0.033879781420765025,-5,0
warmstart_seed5,5,warmstart,100,113,909,4093,0.2503536626353956,16,909,4093,0.22208648912777915,29,3183,0.011899869307504887,16,29,3183,0.009110901665095822,30,910,0.04387595460196639,16,30,910,0.03296703296703297,-1,0
warmstart_seed5,5,warmstart,100,114,910,4093,0.2512349428557789,16,910,4093,0.2223308086977767,33,3184,0.014882257128845944,16,33,3184,0.0103643216080402,32,909,0.045025558157461204,16,32,909,0.0352035203520352,1,0
warmstart_seed5,5,warmstart,100,115,898,4093,0.24739427749390214,16,898,4093,0.21939897385780602,25,3183,0.011900155599097507,16,25,3183,0.007854225573358466,37,910,0.053786837590926825,16,37,910,0.04065934065934066,-12,0
warmstart_seed5,5,warmstart,100,116,902,4093,0.24891212242351782,16,902,4093,0.22037625213779624,35,3195,0.014997974849422044,16,35,3195,0.010954616588419406,31,898,0.04509187934240003,16,31,898,0.034521158129175944,4,0
warmstart_seed5,5,warmstart,100,117,896,4093,0.2469463483814421,16,896,4093,0.2189103347178109,33,3191,0.013677059551865111,16,33,3191,0.010341585709808837,39,902,0.0549784689182181,16,39,902,0.043237250554323724,-6,0
warmstart_seed5,5,warmstart,100,118,901,4093,0.24835456009554663,16,901,4093,0.22013193256779867,37,3197,0.015211284896412276,16,37,3197,0.011573350015639663,32,896,0.048071729921141976,16,32,896,0.03571428571428571,5,0
warmstart_seed5,5,warmstart,100,119,891,4093,0.24610936404717249,16,891,4093,0.2176887368678231,26,3192,0.011245912624105242,16,26,3192,0.008145363408521303,36,901,0.04854719668760396,16,36,901,0.03995560488346282,-10,0
warmstart_seed5,5,warmstart,100,120,894,4093,0.2465503481810547,16,894,4093,0.2184216955778158,33,3202,0.013597484943659494,16,33,3202,0.010306058713304185,30,891,0.04632256430845248,16,30,891,0.03367003367003367,3,0
warmstart_seed5,5,warmstart,100,121,884,4093,0.24445929050243653,16,884,4093,0.2159784998778402,26,3199,0.011089463865529671,16,26,3199,0.008127539856205065,36,894,0.05081939191242592,16,36,894,0.040268456375838924,-10,0
warmstart_seed5,5,warmstart,100,122,887,4093,0.244213218535063,16,887,4093,0.2167114585878329,34,3209,0.012385295227816843,16,34,3209,0.010595200997195388,31,884,0.04982758172032254,16,31,884,0.03506787330316742,3,0
warmstart_seed5,5,warmstart,100,123,889,4093,0.24552426522917095,16,889,4093,0.217200097727828,33,3206,0.012520498618912976,16,33,3206,0.010293200249532126,31,887,0.04282728861769643,16,31,887,0.03494926719278467,2,0
warmstart_seed5,5,warmstart,100,124,880,4093,0.24208670231579726,16,880,4093,0.21500122159784998,29,3204,0.009673778060642834,16,29,3204,0.009051186017478152,38,889,0.059312573484512916,16,38,889,0.04274465691788527,-9,0
warmstart_seed5,5,warmstart,100,125,883,4093,0.24404146415553685,16,883,4093,0.21573418030784267,33,3213,0.012786754824559078,16,33,3213,0.01027077497665733,30,880,0.04463529652613803,16,30,880,0.03409090909090909,3,0
warmstart_seed5,5,warmstart,100,126,880,4093,0.24174270503065182,16,880,4093,0.21500122159784998,29,3210,0.008967633735752819,16,29,3210,0.009034267912772585,32,883,0.05306304467659566,16,32,883,0.0362400906002265,-3,0
warmstart_seed5,5,warmstart,100,127,877,4093,0.2421502888306528,16,877,4093,0.21426826288785733,26,3213,0.010531780739271721,16,26,3213,0.008092125739184563,29,880,0.03975974496551853,16,29,880,0.03295454545454545,-3,0
warmstart_seed5,5,warmstart,100,128,876,4093,0.2408590712396396,16,876,4093,0.21402394331785976,26,3216,0.008388980872852267,16,26,3216,0.00808457711442786,27,877,0.043878610344119245,16,27,877,0.03078677309007982,-1,0
warmstart_seed5,5,warmstart,200,0,0,4093,0.0,16,0,4093,0.0,,,,,,,,,,,,,,,,
warmstart_seed5,5,warmstart,200,1,49,4093,0.014154711773860212,16,49,4093,0.011971658929880283,49,4093,0.014154711773860212,16,49,4093,0.011971658929880283,0,0,,0,0,0,,49,0
warmstart_seed5,5,warmstart,200,2,148,4093,0.04087959546445576,16,148,4093,0.03615929635963841,104,4044,0.028832767344900048,16,104,4044,0.025717111770524232,5,49,0.075,16,5,49,0.10204081632653061,99,0
warmstart_seed5,5,warmstart,200,3,279,4093,0.07738273533463044,16,279,4093,0.06816516002931834,133,3945,0.03893515564159436,16,133,3945,0.03371356147021546,2,148,0.012626262626262626,16,2,148,0.013513513513513514,131,0
warmstart_seed5,5,warmstart,200,4,408,4093,0.11272322256697036,16,408,4093,0.09968238455900318,133,3814,0.04001361922669773,16,133,3814,0.03487152595700052,4,279,0.015104741749478592,16,4,279,0.014336917562724014,129,0
warmstart_seed5,5,warmstart,200,5,524,4093,0.14435029244078998,16,524,4093,0.12802345467871976,131,3685,0.04156369829381235,16,131,3685,0.03554952510176391,15,408,0.03505857065639674,16,15,408,0.03676470588235294,116,0
warmstart_seed5,5,warmstart,200,6,637,4093,0.17687237422433558,16,637,4093,0.1556315660884437,132,3569,0.04622756588113709,16,132,3569,0.036985149901933315,19,524,0.03552758455288257,16,19,524,0.03625954198473282,113,0
warmstart_seed5,5,warmstart,200,7,732,4093,0.20481364948801356,16,732,4093,0.17884192523821157,128,3456,0.04917433925665287,16,128,3456,0.037037037037037035,33,637,0.05083982342958407,16,33,637,0.05180533751962323,95,0
warmstart_seed5,5,warmstart,200,8,796,4093,0.2228259462504273,16,796,4093,0.1944783777180552,107,3361,0.04209945489790977,16,107,3361,0.031835763165724486,43,732,0.05827831846949113,16,43,732,0.05874316939890711,64,0
warmstart_seed5,5,warmstart,200,9,825,4093,0.22882445046490524,16,825,4093,0.20156364524798437,90,3297,0.03488044748771653,16,90,3297,0.0272975432211101,61,796,0.07133749699375437,16,61,796,0.07663316582914573,29,0
warmstart_seed5,5,warmstart,200,10,875,4093,0.2420684256049725,16,875,4093,0.2137796237478622,101,3268,0.04065652450994676,16,101,3268,0.03090575275397797,51,825,0.05968570423968829,16,51,825,0.06181818181818182,50,0
warmstart_seed5,5,warmstart,200,11,917,4093,0.25398575623566705,16,917,4093,0.2240410456877596,91,3218,0.03821182927284589,16,91,3218,0.028278433809819765,49,875,0.058737353282298926,16,49,875,0.056,42,0
warmstart_seed5,5,warmstart,200,12,948,4093,0.26265082090318215,16,948,4093,0.23161495235768384,88,3176,0.037237421750600866,16,88,3176,0.027707808564231738,57,917,0.06958929100077034,16,57,917,0.062159214830970554,31,0
warmstart_seed5,5,warmstart,200,13,975,4093,0.2695998342617738,16,975,4093,0.2382115807476179,84,3145,0.03456204101090393,16,84,3145,0.02670906200317965,57,948,0.06710101423078044,16,57,948,0.060126582278481014,27,0
warmstart_seed5,5,warmstart,200,14,992,4093,0.27499405942501165,16,992,4093,0.24236501343757635,80,3118,0.03582420326834447,16,80,3118,0.025657472738935216,63,975,0.07128172555362959,16,63,975,0.06461538461538462,17,0
warmstart_seed5,5,warmstart,200,15,1031,4093,0.28472512867099964,16,1031,4093,0.2518934766674811,90,3101,0.0381222754257762,16,90,3101,0.029022895840051598,51,992,0.05772541677674031,16,51,992,0.05141129032258065,39,0
warmstart_seed5,5,warmstart,200,16,1057,4093,0.289150004873656,16,1057,4093,0.25824578548741756,83,3062,0.03401543552384586,16,83,3062,0.027106466361854997,57,1031,0.06429593086382762,16,57,1031,0.055286129970902036,26,0
warmstart_seed5,5,warmstart,200,17,1072,4093,0.2941257512929637,16,1072,4093,0.2619105790373809,81,3036,0.03655186060368574,16,81,3036,0.0266798418972332,66,1057,0.07035820852670309,16,66,1057,0.06244087038789026,15,0
warmstart_seed5,5,warmstart,200,18,1074,4093,0.2938925527225843,16,1074,4093,0.262399218177376,70,3021,0.031231264829544948,16,70,3021,0.023171135385633895,68,1072,0.0767345618050097,16,68,1072,0.06343283582089553,2,0
warmstart_seed5,5,warmstart,200,19,1111,4093,0.30402693033530237,16,1111,4093,0.2714390422672856,86,3019,0.04153259840496237,16,86,3019,0.02848625372639947,49,1074,0.0631069884527231,16,49,1074,0.04562383612662942,37,0
warmstart_seed5,5,warmstart,200,20,1142,4093,0.3131657633222459,16,1142,4093,0.27901294893720985,84,2982,0.04249559322321493,16,84,2982,0.028169014084507043,53,1111,0.06281230903724644,16,53,1111,0.04770477047704771,31,0
warmstart_seed5,5,warmstart,200,21,1165,4093,0.3188661489830633,16,1165,4093,0.2846322990471537,82,2951,0.04001898905586215,16,82,2951,0.027787190782785496,59,1142,0.0701825695560159,16,59,1142,0.05166374781085814,23,0
warmstart_seed5,5,warmstart,200,22,1188,4093,0.32627194814203264,16,1188,4093,0.2902516491570975,81,2928,0.04317849992636151,16,81,2928,0.027663934426229508,58,1165,0.07166470443508881,16,58,1165,0.04978540772532189,23,0
warmstart_seed5,5,warmstart,200,23,1206,4093,0.3323117690356726,16,1206,4093,0.2946494014170535,77,2905,0.04826770305174882,16,77,2905,0.02650602409638554,59,1188,0.07355914117952736,16,59,1188,0.049663299663299666,18,0
warmstart_seed5,5,warmstart,200,24,1226,4093,0.33935913956402797,16,1226,4093,0.29953579281700465,79,2887,0.055513952647456594,16,79,2887,0.027364045722202978,59,1206,0.0629043330105104,16,59,1206,0.04892205638474295,20,0
warmstart_seed5,5,warmstart,200,25,1228,4093,0.3402919109640327,16,1228,4093,0.30002443195699974,69,2867,0.05174250381787068,16,69,2867,0.024066968957098013,67,1226,0.0667961271394587,16,67,1226,0.05464926590538336,2,0
warmstart_seed5,5,warmstart,200,26,1251,4093,0.34613217722811573,16,1251,4093,0.30564378206694354,79,2865,0.05998897747469359,16,79,2865,0.02757417102966841,56,1228,0.05804237519140432,16,56,1228,0.04560260586319218,23,0
warmstart_seed5,5,warmstart,200,27,1263,4093,0.34910511129352434,16,1263,4093,0.30857561690691426,80,2842,0.059449926543061096,16,80,2842,0.028149190710767064,68,1251,0.07306133557212466,16,68,1251,0.05435651478816946,12,0
warmstart_seed5,5,warmstart,200,28,1248,4093,0.34733617631037994,16,1248,4093,0.3049108233569509,57,2830,0.0536313254163434,16,57,2830,0.020141342756183747,72,1263,0.06306266665071183,16,72,1263,0.057007125890736345,-15,0
warmstart_seed5,5,warmstart,200,29,1258,4093,0.3510851122701655,16,1258,4093,0.30735401905692644,69,2845,0.07412549013568671,16,69,2845,0.024253075571177504,59,1248,0.05628746973945639,16,59,1248,0.047275641025641024,10,0
warmstart_seed5,5,warmstart,200,30,1245,4093,0.34953508260426336,16,1245,4093,0.30417786464695823,60,2835,0.08829707513202141,16,60,2835,0.021164021164021163,73,1258,0.06630079148661042,16,73,1258,0.05802861685214626,-13,0
warmstart_seed5,5,warmstart,200,31,1221,4093,0.3451466946990819,16,1221,4093,0.29831419496701683,45,2848,0.024014465247625096,15,45,2848,0.01580056179775281,69,1245,0.06688185368034494,16,69,1245,0.05542168674698795,-24,0
warmstart_seed5,5,warmstart,200,32,1219,4093,0.34578694295825063,16,1219,4093,0.29782555582702175,52,2872,0.029591832098479296,15,52,2872,0.018105849582172703,54,1221,0.06375883809541483,16,54,1221,0.044226044226044224,-2,0
warmstart_seed5,5,warmstart,200,33,1210,4093,0.3454094723164044,16,1210,4093,0.29562667969704376,55,2874,0.03004245194116461,15,55,2874,0.019137091162143353,64,1219,0.07315689669352961,16,64,1219,0.052502050861361775,-9,0
warmstart_seed5,5,warmstart,200,34,1187,4093,0.3420000345751713,16,1187,4093,0.2900073295870999,51,2883,0.033144497504098105,15,51,2883,0.01768990634755463,74,1210,0.08526308666171983,16,74,1210,0.06115702479338843,-23,0
warmstart_seed5,5,warmstart,200,35,1172,4093,0.33920473455803035,16,1172,4093,0.28634253603713655,51,2906,0.031173976991304735,15,51,2906,0.017549896765313145,66,1187,0.07779434715910655,16,66,1187,0.05560235888795282,-15,0
warmstart_seed5,5,warmstart,200,36,1155,4093,0.33633890435809755,16,1155,4093,0.2821891033471781,45,2921,0.038259452904346195,15,45,2921,0.015405682985279013,62,1172,0.07405451685082445,16,62,1172,0.052901023890784986,-17,0
warmstart_seed5,5,warmstart,200,37,1148,4093,0.33580476583016095,16,1148,4093,0.2804788663571952,48,2938,0.05101049808586568,15,48,2938,0.016337644656228726,55,1155,0.07021589515470307,16,55,1155,0.047619047619047616,-7,0
warmstart_seed5,5,warmstart,200,38,1142,4093,0.33570386738259334,16,1142,4093,0.27901294893720985,44,2945,0.06058833054723683,15,44,2945,0.014940577249575551,50,1148,0.06340520495545585,16,50,1148,0.04355400696864112,-6,0
warmstart_seed5,5,warmstart,200,39,1133,4093,0.33478862059241465,16,1133,4093,0.27681407280723186,38,2951,0.07069994300322233,15,38,2951,0.012876990850559133,47,1142,0.06552670823107161,16,47,1142,0.04115586690017513,-9,0
warmstart_seed5,5,warmstart,200,40,1135,4093,0.3356218429210759,16,1135,4093,0.277302711947227,42,2960,0.08190452335103175,15,42,2960,0.01418918918918919,40,1133,0.058708225809968206,16,40,1133,0.0353045013239188,2,0
warmstart_seed5,5,warmstart,200,41,1133,4093,0.3353525993721854,16,1133,4093,0.27681407280723186,34,2958,0.08018276437373766,15,34,2958,0.011494252873563218,36,1135,0.05927847864224134,16,36,1135,0.03171806167400881,-2,0
warmstart_seed5,5,warmstart,200,42,1128,4093,0.3349600253640223,16,1128,4093,0.2755924749572441,33,2960,0.08078774121847425,15,33,2960,0.01114864864864865,38,1133,0.06584057482766845,16,38,1133,0.03353927625772286,-5,0
warmstart_seed5,5,warmstart,200,43,1125,4093,0.3334614371373698,16,1125,4093,0.2748595162472514,34,2965,0.015325596823611714,14,34,2965,0.011467116357504217,37,1128,0.06906539476090753,16,37,1128,0.03280141843971631,-3,0
warmstart_seed5,5,warmstart,200,44,1121,4093,0.3332787845940707,16,1121,4093,0.2738822379672612,31,2968,0.01598761329847432,14,31,2968,0.010444743935309973,35,1125,0.06346873663461229,16,35,1125,0.03111111111111111,-4,0
warmstart_seed5,5,warmstart,200,45,1126,4093,0.3338568879649446,16,1126,4093,0.27510383581724895,31,2972,0.014359262198444463,14,31,2972,0.010430686406460296,26,1121,0.04855223877694474,16,26,1121,0.0231935771632471,5,0
warmstart_seed5,5,warmstart,200,46,1125,4093,0.334019272324814,16,1125,4093,0.2748595162472514,25,2967,0.012650393915958336,14,25,2967,0.008426019548365353,26,1126,0.051924126608145355,16,26,1126,0.023090586145648313,-1,0
warmstart_seed5,5,warmstart,200,47,1125,4093,0.333995112036078,16,1125,4093,0.2748595162472514,27,2968,0.014307257934437819,14,27,2968,0.009097035040431268,27,1125,0.06050548898455133,16,27,1125,0.024,0,0
warmstart_seed5,5,warmstart,200,48,1128,4093,0.33485711011990604,16,1128,4093,0.2755924749572441,28,2968,0.014650473576017042,14,28,2968,0.009433962264150943,25,1125,0.06592274105612021,16,25,1125,0.022222222222222223,3,0
warmstart_seed5,5,warmstart,200,49,1127,4093,0.3352359328023218,16,1127,4093,0.2753481553872465,23,2965,0.01244569388740335,14,23,2965,0.00775716694772344,24,1128,0.06465841714650897,16,24,1128,0.02127659574468085,-1,0
warmstart_seed5,5,warmstart,200,50,1128,4093,0.3347543546054454,16,1128,4093,0.2755924749572441,21,2966,0.010374854340534615,14,21,2966,0.0070802427511800405,20,1127,0.061614662271799306,16,20,1127,0.01774622892635315,1,0
warmstart_seed5,5,warmstart,200,51,1134,4093,0.3365951644555077,16,1134,4093,0.2770583923772294,24,2965,0.012967525952051261,14,24,2965,0.008094435075885328,18,1128,0.07028779688181722,16,18,1128,0.015957446808510637,6,0
warmstart_seed5,5,warmstart,200,52,1127,4093,0.33440040557007644,16,1127,4093,0.2753481553872465,18,2959,0.009544750783565772,14,18,2959,0.006083136194660358,25,1134,0.09575168395794675,16,25,1134,0.02204585537918871,-7,0
warmstart_seed5,5,warmstart,200,53,1129,4093,0.33524165560409286,16,1129,4093,0.27583679452724164,21,2966,0.012891335071760766,14,21,2966,0.0070802427511800405,19,1127,0.10450695360747728,16,19,1127,0.01685891748003549,2,0
warmstart_seed5,5,warmstart,200,54,1127,4093,0.33436063239060865,16,1127,4093,0.2753481553872465,19,2964,0.01015818687648618,14,19,2964,0.00641025641025641,21,1129,0.09666380398249687,16,21,1129,0.018600531443755536,-2,0
warmstart_seed5,5,warmstart,200,55,1130,4093,0.335389296900501,16,1130,4093,0.2760811140972392,22,2966,0.012683317095446112,14,22,2966,0.007417397167902899,19,1127,0.10896494934303284,16,19,1127,0.01685891748003549,3,0
warmstart_seed5,5,warmstart,200,56,1130,4093,0.3349170853950261,16,1130,4093,0.2760811140972392,23,2963,0.010539516986581851,14,23,2963,0.0077624029699628755,23,1130,0.10859210885813264,16,23,1130,0.020353982300884955,0,0
warmstart_seed5,5,warmstart,200,57,1134,4093,0.3365485828088469,16,1134,4093,0.2770583923772294,26,2963,0.01445498587483662,14,26,2963,0.008774890313871077,22,1130,0.05975117921005723,15,22,1130,0.019469026548672566,4,0
warmstart_seed5,5,warmstart,200,58,1136,4093,0.3365821358689044,16,1136,4093,0.27754703151722454,27,2959,0.012957255423624803,14,27,2959,0.009124704291990537,25,1134,0.12279169333303856,16,25,1134,0.02204585537918871,2,0
warmstart_seed5,5,warmstart,200,59,1142,4093,0.3384452106366402,16,1142,4093,0.27901294893720985,32,2957,0.018035045855058558,14,32,2957,0.010821778829895164,26,1136,0.1354306432620948,16,26,1136,0.022887323943661973,6,0
warmstart_seed5,5,warmstart,200,60,1152,4093,0.3410348030785906,16,1152,4093,0.28145614463718543,35,2951,0.018015640850604926,14,35,2951,0.011860386309725517,25,1142,0.09215352537801978,15,25,1142,0.021891418563922942,10,0
warmstart_seed5,5,warmstart,200,61,1150,4093,0.3404057335307781,16,1150,4093,0.28096750549719035,30,2941,0.01773824433023591,14,30,2941,0.010200612036722203,32,1152,0.15775159792820914,16,32,1152,0.027777777777777776,-2,0
warmstart_seed5,5,warmstart,200,62,1157,4093,0.342803668215224,16,1157,4093,0.2826777424871732,32,2943,0.01784552279711071,14,32,2943,0.010873258579680599,25,1150,0.09553589691472117,15,25,1150,0.021739130434782608,7,0
warmstart_seed5,5,warmstart,200,63,1151,4093,0.3409782347987377,16,1151,4093,0.2812118250671879,25,2936,0.012864073265899131,14,25,2936,0.0085149863760218,31,1157,0.15774749411189284,16,31,1157,0.02679343128781331,-6,0
warmstart_seed5,5,warmstart,200,64,1158,4093,0.3431042452001387,16,1158,4093,0.2829220620571708,30,2942,0.018568879596045095,14,30,2942,0.010197144799456152,23,1151,0.03576467350090357,14,23,1151,0.01998262380538662,7,0
warmstart_seed5,5,warmstart,200,65,1153,4093,0.3415754997593221,16,1153,4093,0.281700464207183,25,2935,0.014641535309281625,14,25,2935,0.008517887563884156,30,1158,0.10532715684483658,15,30,1158,0.025906735751295335,-5,0
warmstart_seed5,5,warmstart,200,66,1160,4093,0.3432764194009006,16,1160,4093,0.2834107011971659,31,2940,0.019202773148288256,14,31,2940,0.01054421768707483,24,1153,0.037179396982994994,14,24,1153,0.020815264527320035,7,0
warmstart_seed5,5,warmstart,200,67,1165,4093,0.3449245446296597,16,1165,4093,0.2846322990471537,27,2933,0.0172775944140262,14,27,2933,0.009205591544493692,22,1160,0.09447220162769168,15,22,1160,0.01896551724137931,5,0
warmstart_seed5,5,warmstart,200,68,1164,4093,0.34421061494775285,16,1164,4093,0.2843879794771561,20,2928,0.01283446118507056,14,20,2928,0.006830601092896175,21,1165,0.09309770089720655,15,21,1165,0.018025751072961373,-1,0
warmstart_seed5,5,warmstart,200,69,1172,4093,0.34678617273669554,16,1172,4093,0.28634253603713655,22,2929,0.014369959106840446,14,22,2929,0.0075110959371799246,14,1164,0.02172173699576931,14,14,1164,0.012027491408934709,8,0
warmstart_seed5,5,warmstart,200,70,1165,4093,0.34459838297598266,16,1165,4093,0.2846322990471537,15,2921,0.010165386653895528,14,15,2921,0.005135227661759671,22,1172,0.09297311347370109,15,22,1172,0.01877133105802048,-7,0
warmstart_seed5,5,warmstart,200,71,1163,4093,0.34454670795662157,16,1163,4093,0.28414365990715856,18,2928,0.012582333725471734,14,18,2928,0.006147540983606557,20,1165,0.028141756220901093,14,20,1165,0.017167381974248927,-2,0
warmstart_seed5,5,warmstart,200,72,1165,4093,0.34492986878464704,16,1165,4093,0.2846322990471537,19,2930,0.011064531932460264,14,19,2930,0.006484641638225256,17,1163,0.024764743785558183,14,17,1163,0.014617368873602751,2,0
warmstart_seed5,5,warmstart,200,73,1165,4093,0.3450010793481615,16,1165,4093,0.2846322990471537,17,2928,0.011148858169021138,14,17,2928,0.005806010928961749,17,1165,0.025725193049810944,14,17,1165,0.014592274678111588,0,0
warmstart_seed5,5,warmstart,200,74,1162,4093,0.3443238545933114,16,1162,4093,0.283899340337161,15,2928,0.008559067879979024,14,15,2928,0.005122950819672131,18,1165,0.02598415832039971,14,18,1165,0.015450643776824034,-3,0
warmstart_seed5,5,warmstart,200,75,1161,4093,0.34422477960946085,16,1161,4093,0.2836550207671634,16,2931,0.009805742090164144,14,16,2931,0.005458887751620608,17,1162,0.023386304614276297,14,17,1162,0.014629948364888123,-1,0
warmstart_seed5,5,warmstart,200,76,1159,4093,0.34400564433567626,16,1159,4093,0.28316638162716834,14,2932,0.007430695063524265,14,14,2932,0.0047748976807639835,16,1161,0.0218667485515663,14,16,1161,0.013781223083548665,-2,0
warmstart_seed5,5,warmstart,200,77,1158,4093,0.3439466867402853,16,1158,4093,0.2829220620571708,13,2934,0.00508244766427363,14,13,2934,0.004430811179277437,14,1159,0.07981877920259578,15,14,1159,0.012079378774805867,-1,0
warmstart_seed5,5,warmstart,200,78,1154,4093,0.3433624220835836,16,1154,4093,0.2819447837771806,12,2935,0.006046605057572214,14,12,2935,0.0040885860306643955,16,1158,0.02254463743981534,14,16,1158,0.013816925734024179,-4,0
warmstart_seed5,5,warmstart,200,79,1157,4093,0.3437118342101395,16,1157,4093,0.2826777424871732,16,2939,0.005566227208262852,14,16,2939,0.005444028581150051,13,1154,0.07886201083359608,15,13,1154,0.011265164644714038,3,0
warmstart_seed5,5,warmstart,200,80,1156,4093,0.34397097754141026,16,1156,4093,0.28243342291717566,13,2936,0.005764418235946152,14,13,2936,0.0044277929155313355,14,1157,0.02085841946985867,14,14,1157,0.012100259291270527,-1,0
warmstart_seed5,5,warmstart,200,81,1151,4093,0.34254052530335677,16,1151,4093,0.2812118250671879,10,2937,0.003934470047111443,14,10,2937,0.0034048348655090228,15,1156,0.08595202260045093,15,15,1156,0.012975778546712802,-5,0
warmstart_seed5,5,warmstart,200,82,1152,4093,0.34307131483647724,16,1152,4093,0.28145614463718543,14,2942,0.00625175730680263,14,14,2942,0.004758667573079538,13,1151,0.020034825508415146,14,13,1151,0.011294526498696786,1,0
warmstart_seed5,5,warmstart,200,83,1145,4093,0.34129523757114977,16,1145,4093,0.27974590764720253,10,2941,0.00398789472072815,14,10,2941,0.0034002040122407345,17,1152,0.08697615568684751,15,17,1152,0.014756944444444444,-7,0
warmstart_seed5,5,warmstart,200,84,1145,4093,0.34142449558654875,16,1145,4093,0.27974590764720253,12,2948,0.005512345090474985,14,12,2948,0.004070556309362279,12,1145,0.020240862876864645,14,12,1145,0.010480349344978166,0,0
warmstart_seed5,5,warmstart,200,85,1146,4093,0.3419375692330509,16,1146,4093,0.27999022721720007,16,2948,0.008314750218775311,14,16,2948,0.005427408412483039,15,1145,0.09295877078462768,15,15,1145,0.013100436681222707,1,0
warmstart_seed5,5,warmstart,200,86,1143,4093,0.34114931240079965,16,1143,4093,0.27925726850720745,15,2947,0.007997706964956648,14,15,2947,0.00508992195453003,18,1146,0.08976171077105656,15,18,1146,0.015706806282722512,-3,0
warmstart_seed5,5,warmstart,200,87,1143,4093,0.34124834531136516,16,1143,4093,0.27925726850720745,18,2950,0.009126588623878202,14,18,2950,0.006101694915254237,18,1143,0.0962600853453805,15,18,1143,0.015748031496062992,0,0
warmstart_seed5,5,warmstart,200,88,1144,4093,0.3414234565587538,16,1144,4093,0.279501588077205,20,2950,0.009597413027492922,14,20,2950,0.006779661016949152,19,1143,0.09166482139453193,15,19,1143,0.016622922134733157,1,0
warmstart_seed5,5,warmstart,200,89,1138,4093,0.34033599694407507,16,1138,4093,0.2780356706572196,16,2949,0.009751887050601546,14,16,2949,0.0054255679891488644,22,1144,0.09992952990588183,15,22,1144,0.019230769230769232,-6,0
warmstart_seed5,5,warmstart,200,90,1143,4093,0.3415242703818294,16,1143,4093,0.27925726850720745,25,2955,0.012702307334078006,14,25,2955,0.008460236886632826,20,1138,0.03836511443767398,14,20,1138,0.01757469244288225,5,0
warmstart_seed5,5,warmstart,200,91,1144,4093,0.34156964419825603,16,1144,4093,0.279501588077205,24,2950,0.013508841291161883,14,24,2950,0.008135593220338983,23,1143,0.10367587412877186,15,23,1143,0.020122484689413824,1,0
warmstart_seed5,5,warmstart,200,92,1141,4093,0.34129901738647234,16,1141,4093,0.2787686293672123,23,2949,0.012917682587707114,14,23,2949,0.007799253984401492,26,1144,0.04535204912563403,14,26,1144,0.022727272727272728,-3,0
warmstart_seed5,5,warmstart,200,93,1134,4093,0.33919685413830236,16,1134,4093,0.2770583923772294,19,2952,0.010503839779128757,14,19,2952,0.006436314363143632,26,1141,0.10806633989173671,15,26,1141,0.022787028921998246,-7,0
warmstart_seed5,5,warmstart,200,94,1136,4093,0.3397045738575776,16,1136,4093,0.27754703151722454,22,2959,0.012299915116215423,14,22,2959,0.007434944237918215,20,1134,0.04221453143099389,14,20,1134,0.01763668430335097,2,0
warmstart_seed5,5,warmstart,200,95,1131,4093,0.33889103127859965,16,1131,4093,0.2763254336672367,20,2957,0.011331232349467493,14,20,2957,0.006763611768684477,25,1136,0.04119587516332408,14,25,1136,0.022007042253521125,-5,0
warmstart_seed5,5,warmstart,200,96,1133,4093,0.3393331852009692,16,1133,4093,0.27681407280723186,21,2962,0.012997747357805003,14,21,2962,0.0070898041863605675,19,1131,0.11327987317777448,15,19,1131,0.016799292661361626,2,0
warmstart_seed5,5,warmstart,200,97,1131,4093,0.3390361656623284,16,1131,4093,0.2763254336672367,20,2960,0.008048201734181455,14,20,2960,0.006756756756756757,22,1133,0.028927358717576093,14,22,1133,0.019417475728155338,-2,0
warmstart_seed5,5,warmstart,200,98,1129,4093,0.3383740060665083,16,1129,4093,0.27583679452724164,21,2962,0.011387344455440197,14,21,2962,0.0070898041863605675,23,1131,0.11989117452532086,15,23,1131,0.020335985853227233,-2,0
warmstart_seed5,5,warmstart,200,99,1125,4093,0.3373445996032718,16,1125,4093,0.2748595162472514,21,2964,0.00835922723814331,14,21,2964,0.00708502024291498,25,1129,0.06620780420161175,14,25,1129,0.022143489813994686,-4,0
warmstart_seed5,5,warmstart,200,100,1126,4093,0.3378162367302913,16,1126,4093,0.27510383581724895,24,2968,0.012509855638253376,14,24,2968,0.008086253369272238,23,1125,0.13307376286837133,15,23,1125,0.020444444444444446,1,0
warmstart_seed5,5,warmstart,200,101,1123,4093,0.3371634548358715,16,1123,4093,0.2743708771072563,21,2967,0.008087201657815709,14,21,2967,0.007077856420626896,24,1126,0.06664406653349599,14,24,1126,0.021314387211367674,-3,0
warmstart_seed5,5,warmstart,200,102,1122,4093,0.33704653944276114,16,1122,4093,0.27412655753725873,21,2970,0.010107706749560439,14,21,2970,0.007070707070707071,22,1123,0.12615140415140416,15,22,1123,0.019590382902938557,-1,0
warmstart_seed5,5,warmstart,200,103,1119,4093,0.3365944834670763,16,1119,4093,0.27339359882726605,21,2971,0.006632656499197502,14,21,2971,0.007068327162571525,24,1122,0.08671029930350331,14,24,1122,0.0213903743315508,-3,0
warmstart_seed5,5,warmstart,200,104,1120,4093,0.3365874364404797,16,1120,4093,0.27363791839726365,26,2974,0.009001702091659803,14,26,2974,0.008742434431741762,25,1119,0.1632132132132132,15,25,1119,0.022341376228775692,1,0
warmstart_seed5,5,warmstart,200,105,1117,4093,0.3359962289625718,16,1117,4093,0.27290495968727096,23,2973,0.00705357915366919,14,23,2973,0.007736293306424487,26,1120,0.10843343177634454,14,26,1120,0.023214285714285715,-3,0
warmstart_seed5,5,warmstart,200,106,1115,4093,0.3359031841379959,16,1115,4093,0.2724163205472758,24,2976,0.009827734188540254,14,24,2976,0.008064516129032258,26,1117,0.1662162162162162,15,26,1117,0.023276633840644583,-2,0
warmstart_seed5,5,warmstart,200,107,1114,4093,0.33561372293762415,16,1114,4093,0.2721720009772783,23,2978,0.008134041996964683,14,23,2978,0.007723304231027535,24,1115,0.10627147592856467,14,24,1115,0.021524663677130046,-1,0
warmstart_seed5,5,warmstart,200,108,1113,4093,0.33574724844901693,16,1113,4093,0.27192768140728074,24,2979,0.010088909685446346,14,24,2979,0.008056394763343404,25,1114,0.16663291370187922,15,25,1114,0.02244165170556553,-1,0
warmstart_seed5,5,warmstart,200,109,1112,4093,0.33512009794652176,16,1112,4093,0.27168336183728314,24,2980,0.00853364176474444,14,24,2980,0.008053691275167786,25,1113,0.16361086105331632,15,25,1113,0.022461814914645103,-1,0
warmstart_seed5,5,warmstart,200,110,1109,4093,0.3350351839054643,16,1109,4093,0.2709504031272905,21,2981,0.009248827707519936,14,21,2981,0.007044615900704461,24,1112,0.10660272315548802,14,24,1112,0.02158273381294964,-3,0
warmstart_seed5,5,warmstart,200,111,1109,4093,0.3342662814037451,16,1109,4093,0.2709504031272905,22,2984,0.007683093770765524,14,22,2984,0.007372654155495978,22,1109,0.2100562780170357,16,22,1109,0.019837691614066726,0,0
warmstart_seed5,5,warmstart,200,112,1103,4093,0.3332893057286994,16,1103,4093,0.26948448570730515,17,2984,0.007597002791054076,14,17,2984,0.005697050938337802,23,1109,0.10460223601153136,14,23,1109,0.020739404869251576,-6,0
warmstart_seed5,5,warmstart,200,113,1107,4093,0.33417029491938627,16,1107,4093,0.2704617639872954,21,2990,0.008938210766576292,14,21,2990,0.0070234113712374585,17,1103,0.1546169643466961,15,17,1103,0.015412511332728921,4,0
warmstart_seed5,5,warmstart,200,114,1099,4093,0.3321449780064149,16,1099,4093,0.26850720742731493,14,2986,0.0067414724478656665,14,14,2986,0.004688546550569324,22,1107,0.10450449798275885,14,22,1107,0.01987353206865402,-8,0
warmstart_seed5,5,warmstart,200,115,1103,4093,0.3336744453306492,16,1103,4093,0.26948448570730515,19,2994,0.008979357879525213,14,19,2994,0.006346025384101536,15,1099,0.09239346862700477,14,15,1099,0.01364877161055505,4,0
warmstart_seed5,5,warmstart,200,116,1098,4093,0.3321717473782381,16,1098,4093,0.2682628878573174,16,2990,0.007370166553507855,14,16,2990,0.005351170568561873,21,1103,0.15862794717379777,15,21,1103,0.019038984587488667,-5,0
warmstart_seed5,5,warmstart,200,117,1100,4093,0.3328712422044779,16,1100,4093,0.2687515269973125,20,2995,0.00882850675375518,14,20,2995,0.00667779632721202,18,1098,0.09521640801009454,14,18,1098,0.01639344262295082,2,0
warmstart_seed5,5,warmstart,200,118,1099,4093,0.33216538144764457,16,1099,4093,0.26850720742731493,19,2993,0.008057124399843046,14,19,2993,0.006348145673237555,20,1100,0.09791488869558118,14,20,1100,0.01818181818181818,-1,0
warmstart_seed5,5,warmstart,200,119,1096,4093,0.33201548798791836,16,1096,4093,0.26777424871732225,15,2994,0.008984018567633575,14,15,2994,0.00501002004008016,18,1099,0.09464097409488666,14,18,1099,0.01637852593266606,-3,0
warmstart_seed5,5,warmstart,200,120,1096,4093,0.33157794475100105,16,1096,4093,0.26777424871732225,16,2997,0.0057727606226251555,14,16,2997,0.005338672005338672,16,1096,0.022530211201864877,13,16,1096,0.014598540145985401,0,0
warmstart_seed5,5,warmstart,200,121,1100,4093,0.3329881024568117,16,1100,4093,0.2687515269973125,19,2997,0.011465440177611577,14,19,2997,0.006339673006339673,15,1096,0.08846450847141642,14,15,1096,0.013686131386861315,4,0
warmstart_seed5,5,warmstart,200,122,1097,4093,0.33189646054794764,16,1097,4093,0.2680185682873198,14,2993,0.005165847043444765,14,14,2993,0.004677581022385567,17,1100,0.09258018713006753,14,17,1100,0.015454545454545455,-3,0
warmstart_seed5,5,warmstart,200,123,1095,4093,0.3320342965172951,16,1095,4093,0.2675299291473247,14,2996,0.00998852458350189,14,14,2996,0.004672897196261682,16,1097,0.09073044401071677,14,16,1097,0.014585232452142206,-2,0
warmstart_seed5,5,warmstart,200,124,1099,4093,0.3325880400945581,16,1099,4093,0.26850720742731493,18,2998,0.008020845196794166,14,18,2998,0.00600400266844563,14,1095,0.019072986453190693,13,14,1095,0.012785388127853882,4,0
warmstart_seed5,5,warmstart,200,125,1095,4093,0.3322799466648794,16,1095,4093,0.2675299291473247,12,2994,0.009657768664415098,14,12,2994,0.004008016032064128,16,1099,0.08896853703298979,14,16,1099,0.014558689717925387,-4,0
warmstart_seed5,5,warmstart,200,126,1100,4093,0.33304410120231015,16,1100,4093,0.2687515269973125,15,2998,0.008930089694754787,14,15,2998,0.005003335557038025,10,1095,0.013062856442122172,13,10,1095,0.0091324200913242,5,0
warmstart_seed5,5,warmstart,200,127,1097,4093,0.33313075168865347,16,1097,4093,0.2680185682873198,12,2993,0.011894334304053634,14,12,2993,0.004009355162044771,15,1100,0.08795441775164539,14,15,1100,0.013636363636363636,-3,0
warmstart_seed5,5,warmstart,200,128,1096,4093,0.33230061640306197,16,1096,4093,0.26777424871732225,12,2996,0.008262975994571898,14,12,2996,0.004005340453938585,13,1097,0.0851715668939693,14,13,1097,0.011850501367365542,-1,0
warmstart_seed5,5,warmstart,300,0,0,4093,0.0,16,0,4093,0.0,,,,,,,,,,,,,,,,
warmstart_seed5,5,warmstart,300,1,57,4093,0.016018325513256732,16,57,4093,0.013926215489860738,57,4093,0.016018325513256732,16,57,4093,0.013926215489860738,0,0,,0,0,0,,57,0
warmstart_seed5,5,warmstart,300,2,165,4093,0.04586571211117586,16,165,4093,0.040312729049596874,112,4036,0.031585757102627524,16,112,4036,0.027750247770069375,4,57,0.0625,16,4,57,0.07017543859649122,108,0
warmstart_seed5,5,warmstart,300,3,254,4093,0.07097042773224041,16,254,4093,0.06205717077937943,115,3928,0.033476607093676676,16,115,3928,0.029276985743380855,26,165,0.15975864413364413,16,26,165,0.15757575757575756,89,0
warmstart_seed5,5,warmstart,300,4,277,4093,0.07752733881155491,16,277,4093,0.06767652088932323,102,3839,0.030012046952920576,16,102,3839,0.026569419119562385,79,254,0.31274555123239334,16,79,254,0.3110236220472441,23,0
warmstart_seed5,5,warmstart,300,5,289,4093,0.07985205707386343,16,289,4093,0.07060835572929391,88,3816,0.025508210275195533,16,88,3816,0.023060796645702306,76,277,0.27693658078173156,16,76,277,0.2743682310469314,12,0
warmstart_seed5,5,warmstart,300,6,412,4093,0.11345250015202304,16,412,4093,0.1006596628389934,131,3804,0.03979642455678286,16,131,3804,0.034437434279705574,8,289,0.0243327989090373,16,8,289,0.02768166089965398,123,0
warmstart_seed5,5,warmstart,300,7,494,4093,0.13508388338125915,16,494,4093,0.12069386757879307,113,3681,0.03557672704005503,16,113,3681,0.03069817984243412,31,412,0.07618557777268573,16,31,412,0.07524271844660194,82,0
warmstart_seed5,5,warmstart,300,8,491,4093,0.13523814189290942,16,491,4093,0.1199609088688004,67,3599,0.022923247648123167,16,67,3599,0.018616282300639067,70,494,0.14519947613918727,16,70,494,0.1417004048582996,-3,0
warmstart_seed5,5,warmstart,300,9,540,4093,0.1477717994395904,16,540,4093,0.13193256779868068,96,3602,0.031821060804505,16,96,3602,0.026651860077734593,47,491,0.09287016291998919,16,47,491,0.09572301425661914,49,0
warmstart_seed5,5,warmstart,300,10,623,4093,0.170706909672108,16,623,4093,0.15221109210847789,125,3553,0.043508682743641,16,125,3553,0.03518153672952434,42,540,0.0784664092517161,16,42,540,0.07777777777777778,83,0
warmstart_seed5,5,warmstart,300,11,658,4093,0.17905561664635736,16,658,4093,0.16076227705839238,105,3470,0.03659620829345554,16,105,3470,0.03025936599423631,70,623,0.11230752953816532,16,70,623,0.11235955056179775,35,0
warmstart_seed5,5,warmstart,300,12,658,4093,0.17911513244776103,16,658,4093,0.16076227705839238,84,3435,0.029996421775596083,16,84,3435,0.02445414847161572,84,658,0.1274187145263808,16,84,658,0.1276595744680851,0,0
warmstart_seed5,5,warmstart,300,13,681,4093,0.18690748045879033,16,681,4093,0.16638162716833618,91,3435,0.032825047977784974,16,91,3435,0.026491994177583696,68,658,0.10480016169634805,16,68,658,0.1033434650455927,23,0
warmstart_seed5,5,warmstart,300,14,725,4093,0.19917682561695824,16,725,4093,0.1771316882482287,109,3412,0.037637115085654343,16,109,3412,0.03194607268464244,65,681,0.10122205055649301,16,65,681,0.09544787077826726,44,0
warmstart_seed5,5,warmstart,300,15,702,4093,0.19469294268663584,16,702,4093,0.17151233813828487,75,3368,0.027130676859428514,16,75,3368,0.022268408551068885,98,725,0.14371971345400503,16,98,725,0.13517241379310344,-23,0
warmstart_seed5,5,warmstart,300,16,688,4093,0.19325504755728845,16,688,4093,0.1680918641583191,80,3391,0.028394183599921505,16,80,3391,0.023591860808021232,94,702,0.1547492664070983,16,94,702,0.1339031339031339,-14,0
warmstart_seed5,5,warmstart,300,17,702,4093,0.19925190875370605,16,702,4093,0.17151233813828487,98,3405,0.03508457182529842,16,98,3405,0.028781204111600588,84,688,0.1505035903289801,16,84,688,0.12209302325581395,14,0
warmstart_seed5,5,warmstart,300,18,678,4093,0.1943483747739868,16,678,4093,0.1656486684583435,90,3391,0.03452883907482522,16,90,3391,0.026540843409023886,114,702,0.19706066581163517,16,114,702,0.1623931623931624,-24,0
warmstart_seed5,5,warmstart,300,19,654,4093,0.19016219880695528,16,654,4093,0.15978499877840216,95,3415,0.03676819824431343,16,95,3415,0.027818448023426062,119,678,0.22294436391784805,16,119,678,0.17551622418879056,-24,0
warmstart_seed5,5,warmstart,300,20,651,4093,0.190033044848624,16,651,4093,0.15905204006840948,98,3439,0.03813438826426753,16,98,3439,0.028496656004652517,101,654,0.21391873789251986,16,101,654,0.154434250764526,-3,0
warmstart_seed5,5,warmstart,300,21,642,4093,0.18925546572437663,16,642,4093,0.15685316393843146,97,3442,0.037222381743954175,16,97,3442,0.028181289947704823,106,651,0.22684496225705175,16,106,651,0.16282642089093702,-9,0
warmstart_seed5,5,warmstart,300,22,612,4093,0.18289041834178438,16,612,4093,0.14952357683850476,90,3451,0.03636706270263155,16,90,3451,0.02607939727615184,120,642,0.26853372751233656,16,120,642,0.18691588785046728,-30,0
warmstart_seed5,5,warmstart,300,23,604,4093,0.18335235157532095,16,604,4093,0.1475690202785243,100,3481,0.04071970948076191,16,100,3481,0.028727377190462512,108,612,0.2786173736965687,16,108,612,0.17647058823529413,-8,0
warmstart_seed5,5,warmstart,300,24,602,4093,0.18326136465925913,16,602,4093,0.1470803811385292,102,3489,0.03854754395633341,16,102,3489,0.029234737747205503,104,604,0.28706262259279514,16,104,604,0.17218543046357615,-2,0
warmstart_seed5,5,warmstart,300,25,580,4093,0.17938880031870402,16,580,4093,0.14170535059858294,85,3491,0.035818589548780914,16,85,3491,0.024348324262389,107,602,0.3025094682862085,16,107,602,0.1777408637873754,-22,0
warmstart_seed5,5,warmstart,300,26,563,4093,0.17606027841717659,16,563,4093,0.13755191790862448,82,3513,0.037042401807251435,16,82,3513,0.023341873042983206,99,580,0.31175301630676466,16,99,580,0.1706896551724138,-17,0
warmstart_seed5,5,warmstart,300,27,545,4093,0.1719924466355125,16,545,4093,0.13315416564866847,78,3530,0.035213108569447024,16,78,3530,0.02209631728045326,96,563,0.3411294780292665,16,96,563,0.1705150976909414,-18,0
warmstart_seed5,5,warmstart,300,28,538,4093,0.1711375253015232,16,538,4093,0.13144392865868557,82,3548,0.03755789463894112,16,82,3548,0.023111612175873732,89,545,0.3576559136009987,16,89,545,0.163302752293578,-7,0
warmstart_seed5,5,warmstart,300,29,527,4093,0.1691816497457028,16,527,4093,0.12875641338871244,72,3555,0.03264022924121958,16,72,3555,0.020253164556962026,83,538,0.3059057010375309,15,83,538,0.15427509293680297,-11,0
warmstart_seed5,5,warmstart,300,30,518,4093,0.1684261551474745,16,518,4093,0.12655753725873442,70,3566,0.0327906597792995,16,70,3566,0.01962983735277622,79,527,0.34387630646228906,15,79,527,0.14990512333965844,-9,0
warmstart_seed5,5,warmstart,300,31,529,4093,0.17345177011588986,16,529,4093,0.12924505252870755,81,3575,0.03903987475542299,16,81,3575,0.022657342657342656,70,518,0.35818107350528783,15,70,518,0.13513513513513514,11,0
warmstart_seed5,5,warmstart,300,32,507,4093,0.16773084614307132,16,507,4093,0.1238700219887613,58,3564,0.031306289905897754,16,58,3564,0.01627384960718294,80,529,0.41766945338449796,15,80,529,0.15122873345935728,-22,0
warmstart_seed5,5,warmstart,300,33,501,4093,0.16809048435623625,16,501,4093,0.12240410456877596,61,3586,0.033222097342737324,16,61,3586,0.01701059676519799,67,507,0.4716884151073774,15,67,507,0.13214990138067062,-6,0
warmstart_seed5,5,warmstart,300,34,507,4093,0.17090617122082719,16,507,4093,0.1238700219887613,67,3592,0.03315310473509659,16,67,3592,0.018652561247216037,61,501,0.4559267854310044,14,61,501,0.1217564870259481,6,0
warmstart_seed5,5,warmstart,300,35,495,4093,0.16921401628359467,16,495,4093,0.12093818714879062,53,3586,0.030556664673162655,16,53,3586,0.014779698828778583,65,507,0.4403240584187101,14,65,507,0.1282051282051282,-12,0
warmstart_seed5,5,warmstart,300,36,495,4093,0.16989366487339022,16,495,4093,0.12093818714879062,52,3598,0.028475300894216134,16,52,3598,0.014452473596442469,52,495,0.4575571254142683,14,52,495,0.10505050505050505,0,0
warmstart_seed5,5,warmstart,300,37,489,4093,0.16926566284626335,16,489,4093,0.11947226972880527,49,3598,0.02725353615628138,16,49,3598,0.013618677042801557,55,495,0.46074969941122884,13,55,495,0.1111111111111111,-6,0
warmstart_seed5,5,warmstart,300,38,493,4093,0.1710491808526587,16,493,4093,0.12044954800879551,58,3604,0.03246848676500677,16,58,3604,0.01609322974472808,54,489,0.46660165180420243,13,54,489,0.11042944785276074,4,0
warmstart_seed5,5,warmstart,300,39,488,4093,0.16979687436524443,16,488,4093,0.11922795015880772,51,3600,0.027811683775268957,16,51,3600,0.014166666666666666,56,493,0.3699856673916353,11,56,493,0.11359026369168357,-5,0
warmstart_seed5,5,warmstart,300,40,491,4093,0.17208994601276278,16,491,4093,0.1199609088688004,49,3605,0.02811916055825344,16,49,3605,0.013592233009708738,46,488,0.398369344291269,12,46,488,0.0942622950819672,3,0
warmstart_seed5,5,warmstart,300,41,481,4093,0.16845221081810674,16,481,4093,0.11751771316882482,44,3602,0.023038784825353105,16,44,3602,0.012215435868961688,54,491,0.4166739705608851,12,54,491,0.109979633401222,-10,0
warmstart_seed5,5,warmstart,300,42,492,4093,0.17244641082589396,16,492,4093,0.12020522843879795,54,3612,0.031703707288286864,16,54,3612,0.014950166112956811,43,481,0.377322858424391,12,43,481,0.0893970893970894,11,0
warmstart_seed5,5,warmstart,300,43,474,4093,0.16754818065418273,16,474,4093,0.11580747617884192,36,3601,0.0219879762758795,16,36,3601,0.009997222993612885,54,492,0.40303273812172175,12,54,492,0.10975609756097561,-18,0
warmstart_seed5,5,warmstart,300,44,484,4093,0.17077570335800824,16,484,4093,0.11825067187881749,51,3619,0.030850290515271925,16,51,3619,0.014092290688035369,41,474,0.27494163112269915,10,41,474,0.08649789029535865,10,0
warmstart_seed5,5,warmstart,300,45,476,4093,0.16902364047160065,16,476,4093,0.11629611531883705,45,3609,0.025938894951417858,16,45,3609,0.012468827930174564,53,484,0.32911541774943964,10,53,484,0.10950413223140495,-8,0
warmstart_seed5,5,warmstart,300,46,478,4093,0.16910972724959333,16,478,4093,0.11678475445883216,54,3617,0.031014396324900745,16,54,3617,0.014929499585291679,52,476,0.34857021265489824,10,52,476,0.1092436974789916,2,0
warmstart_seed5,5,warmstart,300,47,477,4093,0.16946400868702138,16,477,4093,0.1165404348888346,54,3615,0.02938235190958946,16,54,3615,0.014937759336099586,55,478,0.4154726241541434,11,55,478,0.11506276150627615,-1,0
warmstart_seed5,5,warmstart,300,48,474,4093,0.16831996002393093,16,474,4093,0.11580747617884192,53,3616,0.03106211698557834,16,53,3616,0.0146570796460177,56,477,0.42096898050094816,11,56,477,0.11740041928721175,-3,0
warmstart_seed5,5,warmstart,300,49,469,4093,0.16728252545501013,16,469,4093,0.11458587832885414,48,3619,0.027342406072807822,16,48,3619,0.013263332412268583,53,474,0.34105656691700603,10,53,474,0.11181434599156118,-5,0
warmstart_seed5,5,warmstart,300,50,470,4093,0.16774055839282054,16,470,4093,0.1148301978988517,50,3624,0.029979600472866703,16,50,3624,0.01379690949227373,49,469,0.4090760680016856,11,49,469,0.1044776119402985,1,0
warmstart_seed5,5,warmstart,300,51,464,4093,0.1657025797295276,16,464,4093,0.11336428047886636,48,3623,0.02751306195169921,16,48,3623,0.013248688931824454,54,470,0.34960288632532255,10,54,470,0.1148936170212766,-6,0
warmstart_seed5,5,warmstart,300,52,464,4093,0.16638097893885836,16,464,4093,0.11336428047886636,49,3629,0.030876501182989645,16,49,3629,0.01350234224304216,49,464,0.3614077920356501,10,49,464,0.10560344827586207,0,0
warmstart_seed5,5,warmstart,300,53,465,4093,0.16633671295921074,16,465,4093,0.11360860004886392,48,3629,0.02568695262542995,16,48,3629,0.013226784238082117,47,464,0.3346933683267514,10,47,464,0.10129310344827586,1,0
warmstart_seed5,5,warmstart,300,54,455,4093,0.16375309257572448,16,455,4093,0.11116540434888834,41,3628,0.025780988747325144,16,41,3628,0.011300992282249173,51,465,0.3705756676930024,10,51,465,0.10967741935483871,-10,0
warmstart_seed5,5,warmstart,300,55,464,4093,0.16601066677275877,16,464,4093,0.11336428047886636,50,3638,0.02784739042441015,16,50,3638,0.013743815283122594,41,455,0.33298555921690254,10,41,455,0.09010989010989011,9,0
warmstart_seed5,5,warmstart,300,56,450,4093,0.1624671871050364,16,450,4093,0.10994380649890056,37,3629,0.02272821579204822,16,37,3629,0.010195646183521631,51,464,0.3708806008806009,10,51,464,0.10991379310344827,-14,0
warmstart_seed5,5,warmstart,300,57,459,4093,0.16480313565536425,16,459,4093,0.11214268262887857,50,3643,0.027801273426872133,16,50,3643,0.01372495196266813,41,450,0.3523700538187884,10,41,450,0.09111111111111111,9,0
warmstart_seed5,5,warmstart,300,58,449,4093,0.1620580846533997,16,449,4093,0.10969948692890301,41,3634,0.02335687243059273,16,41,3634,0.011282333516785911,51,459,0.3918436618436618,10,51,459,0.1111111111111111,-10,0
warmstart_seed5,5,warmstart,300,59,455,4093,0.16398525932277022,16,455,4093,0.11116540434888834,48,3644,0.02698510781803904,16,48,3644,0.013172338090010977,42,449,0.37897227001055683,10,42,449,0.0935412026726058,6,0
warmstart_seed5,5,warmstart,300,60,444,4093,0.1605613413271109,16,444,4093,0.10847788907891522,40,3638,0.021112243738283746,16,40,3638,0.010995052226498075,51,455,0.4102903839668546,10,51,455,0.11208791208791209,-11,0
warmstart_seed5,5,warmstart,300,61,455,4093,0.16398525932277022,16,455,4093,0.11116540434888834,51,3649,0.028156988836981547,16,51,3649,0.013976431899150453,40,444,0.37983451565541115,10,40,444,0.09009009009009009,11,0
warmstart_seed5,5,warmstart,300,62,445,4093,0.1609152060614104,16,445,4093,0.10872220864891277,40,3638,0.021495045061602776,16,40,3638,0.010995052226498075,50,455,0.40938948306595363,10,50,455,0.10989010989010989,-10,0
warmstart_seed5,5,warmstart,300,63,453,4093,0.16324678045929136,16,453,4093,0.11067676520889323,50,3648,0.027493860745786913,16,50,3648,0.013706140350877192,42,445,0.3825553781107869,10,42,445,0.09438202247191012,8,0
warmstart_seed5,5,warmstart,300,64,446,4093,0.1610354486910624,16,446,4093,0.10896652821891034,43,3640,0.023860861916457178,16,43,3640,0.011813186813186813,50,453,0.41059831047043327,10,50,453,0.11037527593818984,-7,0
warmstart_seed5,5,warmstart,300,65,453,4093,0.16337238683489774,16,453,4093,0.11067676520889323,49,3647,0.027358961349001013,16,49,3647,0.013435700575815739,42,446,0.38302963517794153,10,42,446,0.09417040358744394,7,0
warmstart_seed5,5,warmstart,300,66,446,4093,0.1610354486910624,16,446,4093,0.10896652821891034,42,3640,0.023083433962439077,16,42,3640,0.011538461538461539,49,453,0.40731156098803156,10,49,453,0.10816777041942605,-7,0
warmstart_seed5,5,warmstart,300,67,453,4093,0.16333648136420964,16,453,4093,0.11067676520889323,49,3647,0.027358961349001013,16,49,3647,0.013435700575815739,42,446,0.3866901339711837,10,42,446,0.09417040358744394,7,0
warmstart_seed5,5,warmstart,300,68,444,4093,0.16054631951171583,16,444,4093,0.10847788907891522,42,3640,0.022806484833797075,16,42,3640,0.011538461538461539,51,453,0.4182534377387318,10,51,453,0.11258278145695365,-9,0
warmstart_seed5,5,warmstart,300,69,450,4093,0.16251459509033403,16,450,4093,0.10994380649890056,48,3649,0.027389650693256933,16,48,3649,0.013154288846259249,42,444,0.3827826914464846,10,42,444,0.0945945945945946,6,0
warmstart_seed5,5,warmstart,300,70,443,4093,0.16020848167387797,16,443,4093,0.10823356950891766,41,3643,0.022606135445597402,16,41,3643,0.011254460609387867,48,450,0.39009210302940955,10,48,450,0.10666666666666667,-7,0
warmstart_seed5,5,warmstart,300,71,445,4093,0.16093827838901734,16,445,4093,0.10872220864891277,47,3650,0.026999314403530397,16,47,3650,0.012876712328767123,45,443,0.406267539931333,10,45,443,0.10158013544018059,2,0
warmstart_seed5,5,warmstart,300,72,443,4093,0.1601310605027068,16,443,4093,0.10823356950891766,46,3648,0.02430779585280416,16,46,3648,0.012609649122807017,48,445,0.40370422877775824,10,48,445,0.10786516853932585,-2,0
warmstart_seed5,5,warmstart,300,73,446,4093,0.16124866186373973,16,446,4093,0.10896652821891034,49,3650,0.029601407711739504,16,49,3650,0.013424657534246575,46,443,0.4181096451944909,10,46,443,0.1038374717832957,3,0
warmstart_seed5,5,warmstart,300,74,441,4093,0.1594369519217846,16,441,4093,0.10774493036892255,45,3647,0.025562087870185966,16,45,3647,0.012338908692075679,50,446,0.4067158008967799,10,50,446,0.11210762331838565,-5,0
warmstart_seed5,5,warmstart,300,75,444,4093,0.1606339400130827,16,444,4093,0.10847788907891522,48,3652,0.030045997361697944,16,48,3652,0.013143483023001095,45,441,0.4098124119464749,10,45,441,0.10204081632653061,3,0
warmstart_seed5,5,warmstart,300,76,443,4093,0.15994937076520901,16,443,4093,0.10823356950891766,47,3649,0.026830399825909394,16,47,3649,0.012880241161962182,48,444,0.39755236122624077,10,48,444,0.10810810810810811,-1,0
warmstart_seed5,5,warmstart,300,77,446,4093,0.1613096156887584,16,446,4093,0.10896652821891034,49,3650,0.030433556496190922,16,49,3650,0.013424657534246575,46,443,0.41013613792809556,10,46,443,0.1038374717832957,3,0
warmstart_seed5,5,warmstart,300,78,444,4093,0.15995943322676814,16,444,4093,0.10847788907891522,46,3647,0.026014414232450593,16,46,3647,0.012613106663010694,48,446,0.38367207226855243,10,48,446,0.10762331838565023,-2,0
warmstart_seed5,5,warmstart,300,79,445,4093,0.16090897466311738,16,445,4093,0.10872220864891277,48,3649,0.030127957379742738,16,48,3649,0.013154288846259249,47,444,0.44582318017950534,11,47,444,0.10585585585585586,1,0
warmstart_seed5,5,warmstart,300,80,444,4093,0.15998298148223533,16,444,4093,0.10847788907891522,47,3648,0.027544001660448514,16,47,3648,0.012883771929824562,48,445,0.3746821732786535,10,48,445,0.10786516853932585,-1,0
warmstart_seed5,5,warmstart,300,81,446,4093,0.1611672391259273,16,446,4093,0.10896652821891034,48,3649,0.030605226073755883,16,48,3649,0.013154288846259249,46,444,0.42324017575593254,11,46,444,0.1036036036036036,2,0
warmstart_seed5,5,warmstart,300,82,445,4093,0.15989200264833808,16,445,4093,0.10872220864891277,48,3647,0.027636659615700956,16,48,3647,0.013161502604880724,49,446,0.36392683666124787,10,49,446,0.10986547085201794,-1,0
warmstart_seed5,5,warmstart,300,83,451,4093,0.16260612164509436,16,451,4093,0.11018812606889812,50,3648,0.03213786074276893,16,50,3648,0.013706140350877192,44,445,0.3891426945725039,11,44,445,0.09887640449438202,6,0
warmstart_seed5,5,warmstart,300,84,444,4093,0.1597174216427515,16,444,4093,0.10847788907891522,43,3642,0.024542099507861306,16,43,3642,0.011806699615595826,50,451,0.3906375053012859,11,50,451,0.11086474501108648,-7,0
warmstart_seed5,5,warmstart,300,85,450,4093,0.16221281871956897,16,450,4093,0.10994380649890056,51,3649,0.03229857449549781,16,51,3649,0.013976431899150453,45,444,0.39778997821978757,11,45,444,0.10135135135135136,6,0
warmstart_seed5,5,warmstart,300,86,446,4093,0.16031352394339926,16,446,4093,0.10896652821891034,46,3643,0.025712062507116842,16,46,3643,0.01262695580565468,50,450,0.39642355187680606,11,50,450,0.1111111111111111,-4,0
warmstart_seed5,5,warmstart,300,87,452,4093,0.16295129758304785,16,452,4093,0.11043244563889568,50,3647,0.0319367830316964,16,50,3647,0.013709898546750754,44,446,0.39639369161992605,11,44,446,0.09865470852017937,6,0
warmstart_seed5,5,warmstart,300,88,448,4093,0.16082594278682366,16,448,4093,0.10945516735890545,46,3641,0.025325030555431963,16,46,3641,0.012633891787970338,50,452,0.3951714546916945,11,50,452,0.11061946902654868,-4,0
warmstart_seed5,5,warmstart,300,89,454,4093,0.16345747831621066,16,454,4093,0.11092108477889079,52,3645,0.03280335845706484,16,52,3645,0.014266117969821674,46,448,0.4011195213457558,11,46,448,0.10267857142857142,6,0
warmstart_seed5,5,warmstart,300,90,447,4093,0.16049429536621995,16,447,4093,0.1092108477889079,44,3639,0.024807137081053643,16,44,3639,0.012091233855454795,51,454,0.43797114148969474,12,51,454,0.11233480176211454,-7,0
warmstart_seed5,5,warmstart,300,91,452,4093,0.1627880407507966,16,452,4093,0.11043244563889568,51,3646,0.032607096214409215,16,51,3646,0.013987931980252331,46,447,0.3396864869353448,10,46,447,0.1029082774049217,5,0
warmstart_seed5,5,warmstart,300,92,447,4093,0.16054225999751792,16,447,4093,0.1092108477889079,47,3641,0.02842004182992021,16,47,3641,0.012908541609447955,52,452,0.3956714762443477,11,52,452,0.11504424778761062,-5,0
warmstart_seed5,5,warmstart,300,93,450,4093,0.16224979925727054,16,450,4093,0.10994380649890056,51,3646,0.03330280502611861,16,51,3646,0.013987931980252331,48,447,0.3424460290925842,10,48,447,0.10738255033557047,3,0
warmstart_seed5,5,warmstart,300,94,448,4093,0.16079225999751792,16,448,4093,0.10945516735890545,48,3643,0.030503375163253542,16,48,3643,0.013175953884161406,50,450,0.32757276280717407,10,50,450,0.1111111111111111,-2,0
warmstart_seed5,5,warmstart,300,95,449,4093,0.16193941578254814,16,449,4093,0.10969948692890301,49,3645,0.03055110523532363,16,49,3645,0.013443072702331962,48,448,0.33901168565824075,10,48,448,0.10714285714285714,1,0
warmstart_seed5,5,warmstart,300,96,448,4093,0.16079225999751792,16,448,4093,0.10945516735890545,48,3644,0.029937509867653443,16,48,3644,0.013172338090010977,49,449,0.3391353665123282,10,49,449,0.1091314031180401,-1,0
warmstart_seed5,5,warmstart,300,97,450,4093,0.16219768024535808,16,450,4093,0.10994380649890056,49,3645,0.03055110523532363,16,49,3645,0.013443072702331962,47,448,0.3223450189915741,10,47,448,0.10491071428571429,2,0
warmstart_seed5,5,warmstart,300,98,447,4093,0.16053184333085124,16,447,4093,0.1092108477889079,45,3643,0.02878513162322688,16,45,3643,0.012352456766401317,48,450,0.32842108079804244,10,48,450,0.10666666666666667,-3,0
warmstart_seed5,5,warmstart,300,99,451,4093,0.16235630968698242,16,451,4093,0.11018812606889812,49,3646,0.03010636755907492,16,49,3646,0.013439385628085573,45,447,0.3054582265387439,10,45,447,0.10067114093959731,4,0
warmstart_seed5,5,warmstart,300,100,449,4093,0.16127032219433013,16,449,4093,0.10969948692890301,46,3642,0.029411831470920524,16,46,3642,0.012630422844590884,48,451,0.329521559266942,10,48,451,0.10643015521064302,-2,0
warmstart_seed5,5,warmstart,300,101,451,4093,0.16235630968698242,16,451,4093,0.11018812606889812,48,3644,0.02979252978755376,16,48,3644,0.013172338090010977,46,449,0.30578464531104155,10,46,449,0.10244988864142539,2,0
warmstart_seed5,5,warmstart,300,102,448,4093,0.1608696811686891,16,448,4093,0.10945516735890545,46,3642,0.029411831470920524,16,46,3642,0.012630422844590884,49,451,0.33130727355265627,10,49,451,0.10864745011086474,-3,0
warmstart_seed5,5,warmstart,300,103,450,4093,0.16197050721784664,16,450,4093,0.10994380649890056,49,3645,0.030345785070249362,16,49,3645,0.013443072702331962,47,448,0.30675915652518915,10,47,448,0.10491071428571429,2,0
warmstart_seed5,5,warmstart,300,104,450,4093,0.16127831061031347,16,450,4093,0.10994380649890056,49,3643,0.03170950547764329,16,49,3643,0.013450452923414768,49,450,0.33132906004503104,10,49,450,0.10888888888888888,0,0
warmstart_seed5,5,warmstart,300,105,451,4093,0.16230834505568445,16,451,4093,0.11018812606889812,50,3643,0.030621114453073167,16,50,3643,0.01372495196266813,49,450,0.336607641373674,10,49,450,0.10888888888888888,1,0
warmstart_seed5,5,warmstart,300,106,450,4093,0.1615043706303679,16,450,4093,0.10994380649890056,49,3642,0.032054903556424846,16,49,3642,0.013454146073585941,50,451,0.35527642846608365,10,50,451,0.11086474501108648,-1,0
warmstart_seed5,5,warmstart,300,107,451,4093,0.16230834505568445,16,451,4093,0.11018812606889812,50,3643,0.030678045938494554,16,50,3643,0.01372495196266813,49,450,0.3382149090186775,10,49,450,0.10888888888888888,1,0
warmstart_seed5,5,warmstart,300,108,450,4093,0.16161966283132118,16,450,4093,0.10994380649890056,47,3642,0.02956303491724743,16,47,3642,0.012904997254255904,48,451,0.34527642846608364,10,48,451,0.10643015521064302,-1,0
warmstart_seed5,5,warmstart,300,109,450,4093,0.16180540102281085,16,450,4093,0.10994380649890056,48,3643,0.02931329693661094,16,48,3643,0.013175953884161406,48,450,0.3368564264426098,10,48,450,0.10666666666666667,0,0
warmstart_seed5,5,warmstart,300,110,452,4093,0.16235814169480006,16,452,4093,0.11043244563889568,49,3643,0.030938768853881513,16,49,3643,0.013450452923414768,47,450,0.3463172814917001,10,47,450,0.10444444444444445,2,0
warmstart_seed5,5,warmstart,300,111,450,4093,0.16175743639151288,16,450,4093,0.10994380649890056,47,3641,0.02673814307799375,16,47,3641,0.012908541609447955,49,452,0.3401443784262139,10,49,452,0.1084070796460177,-2,0
warmstart_seed5,5,warmstart,300,112,452,4093,0.16235814169480006,16,452,4093,0.11043244563889568,49,3643,0.030537099174754105,16,49,3643,0.013450452923414768,47,450,0.3494892283949903,10,47,450,0.10444444444444445,2,0
warmstart_seed5,5,warmstart,300,113,450,4093,0.16137962233836042,16,450,4093,0.10994380649890056,48,3641,0.024760514531609427,16,48,3641,0.01318319143092557,50,452,0.34196256024439575,10,50,452,0.11061946902654868,-2,0
warmstart_seed5,5,warmstart,300,114,451,4093,0.1617462792056098,16,451,4093,0.11018812606889812,51,3643,0.03090240917949428,16,51,3643,0.013999451001921494,50,450,0.3597874468039707,10,50,450,0.1111111111111111,1,0
warmstart_seed5,5,warmstart,300,115,449,4093,0.16093948149329,16,449,4093,0.10969948692890301,50,3642,0.027464021253753308,16,50,3642,0.013728720483250962,52,451,0.3434556143605689,10,52,451,0.11529933481152993,-2,0
warmstart_seed5,5,warmstart,300,116,451,4093,0.1617462792056098,16,451,4093,0.11018812606889812,52,3644,0.03190099940505819,16,52,3644,0.014270032930845226,50,449,0.359855846256775,10,50,449,0.111358574610245,2,0
warmstart_seed5,5,warmstart,300,117,450,4093,0.16116039834052726,16,450,4093,0.10994380649890056,51,3642,0.027728851762227884,16,51,3642,0.01400329489291598,52,451,0.34276655320639143,10,52,451,0.11529933481152993,-1,0
warmstart_seed5,5,warmstart,300,118,452,4093,0.1620045436684197,16,452,4093,0.11043244563889568,53,3643,0.0325702925458269,16,53,3643,0.014548449080428218,51,450,0.36962284396494927,10,51,450,0.11333333333333333,2,0
warmstart_seed5,5,warmstart,300,119,451,4093,0.16099540678648747,16,451,4093,0.11018812606889812,51,3641,0.027190146766803206,16,51,3641,0.014007140895358419,52,452,0.3415760770159152,10,52,452,0.11504424778761062,-1,0
warmstart_seed5,5,warmstart,300,120,454,4093,0.16244515031503196,16,454,4093,0.11092108477889079,53,3642,0.03233860413977252,16,53,3642,0.014552443712246019,50,451,0.41351717655545406,11,50,451,0.11086474501108648,3,0
warmstart_seed5,5,warmstart,300,121,450,4093,0.1608429677620972,16,450,4093,0.10994380649890056,49,3639,0.026738337111091724,16,49,3639,0.013465237702665568,53,454,0.3964751413861436,11,53,454,0.11674008810572688,-4,0
warmstart_seed5,5,warmstart,300,122,456,4093,0.16298723651888286,16,456,4093,0.1114097239188859,55,3643,0.03292628808860768,16,55,3643,0.015097447158934943,49,450,0.3548688942109995,10,49,450,0.10888888888888888,6,0
warmstart_seed5,5,warmstart,300,123,452,4093,0.16133324462432527,16,452,4093,0.11043244563889568,50,3637,0.026900361289994658,16,50,3637,0.013747594171020072,54,456,0.44601404868609057,12,54,456,0.11842105263157894,-4,0
warmstart_seed5,5,warmstart,300,124,456,4093,0.16298723651888286,16,456,4093,0.1114097239188859,54,3641,0.03255468693735418,16,54,3641,0.014831090359791266,50,452,0.41279852761546126,11,50,452,0.11061946902654868,4,0
warmstart_seed5,5,warmstart,300,125,451,4093,0.16093702548852282,16,451,4093,0.11018812606889812,51,3637,0.02545605567185347,16,51,3637,0.014022546054440473,56,456,0.46841970906344904,12,56,456,0.12280701754385964,-5,0
warmstart_seed5,5,warmstart,300,126,458,4093,0.16376522890608705,16,458,4093,0.11189836305888101,56,3642,0.03316597552353155,16,56,3642,0.015376166941241077,49,451,0.42797302293349726,11,49,451,0.10864745011086474,7,0
warmstart_seed5,5,warmstart,300,127,452,4093,0.16135369215518947,16,452,4093,0.11043244563889568,50,3635,0.02468484839909577,16,50,3635,0.013755158184319119,56,458,0.4713717905336123,12,56,458,0.1222707423580786,-6,0
warmstart_seed5,5,warmstart,300,128,458,4093,0.16377349336889696,16,458,4093,0.11189836305888101,55,3641,0.03290281449730469,16,55,3641,0.015105740181268883,49,452,0.4652252710223725,12,49,452,0.1084070796460177,6,0
