update,size,distance_band,lag,map_index,survived_first_correct_spell,eligible_first_correct_spells,never_correct,right_censored,uninterrupted_survival
100,32,source0,8,0,1,1,0,0,1.0
100,32,source0,8,1,0,1,0,0,0.0
100,32,source0,8,2,0,1,0,0,0.0
100,32,source0,8,3,0,1,0,0,0.0
100,32,source0,8,4,0,1,0,0,0.0
100,32,source0,8,5,0,1,0,0,0.0
100,32,source0,8,6,0,1,0,0,0.0
100,32,source0,8,7,0,1,0,0,0.0
100,32,source0,8,8,0,1,0,0,0.0
100,32,source0,8,9,0,1,0,0,0.0
100,32,source0,8,10,0,1,0,0,0.0
100,32,source0,8,11,1,1,0,0,1.0
100,32,source0,8,12,1,1,0,0,1.0
100,32,source0,8,13,0,1,0,0,0.0
100,32,source0,8,14,0,1,0,0,0.0
100,32,source0,8,15,0,1,0,0,0.0
100,32,source0,16,0,1,1,0,0,1.0
100,32,source0,16,1,0,1,0,0,0.0
100,32,source0,16,2,0,1,0,0,0.0
100,32,source0,16,3,0,1,0,0,0.0
100,32,source0,16,4,0,1,0,0,0.0
100,32,source0,16,5,0,1,0,0,0.0
100,32,source0,16,6,0,1,0,0,0.0
100,32,source0,16,7,0,1,0,0,0.0
100,32,source0,16,8,0,1,0,0,0.0
100,32,source0,16,9,0,1,0,0,0.0
100,32,source0,16,10,0,1,0,0,0.0
100,32,source0,16,11,1,1,0,0,1.0
100,32,source0,16,12,1,1,0,0,1.0
100,32,source0,16,13,0,1,0,0,0.0
100,32,source0,16,14,0,1,0,0,0.0
100,32,source0,16,15,0,1,0,0,0.0
100,32,source0,32,0,1,1,0,0,1.0
100,32,source0,32,1,0,1,0,0,0.0
100,32,source0,32,2,0,1,0,0,0.0
100,32,source0,32,3,0,1,0,0,0.0
100,32,source0,32,4,0,1,0,0,0.0
100,32,source0,32,5,0,1,0,0,0.0
100,32,source0,32,6,0,1,0,0,0.0
100,32,source0,32,7,0,1,0,0,0.0
100,32,source0,32,8,0,1,0,0,0.0
100,32,source0,32,9,0,1,0,0,0.0
100,32,source0,32,10,0,1,0,0,0.0
100,32,source0,32,11,1,1,0,0,1.0
100,32,source0,32,12,0,1,0,0,0.0
100,32,source0,32,13,0,1,0,0,0.0
100,32,source0,32,14,0,1,0,0,0.0
100,32,source0,32,15,0,1,0,0,0.0
100,32,source0,64,0,1,1,0,0,1.0
100,32,source0,64,1,0,1,0,0,0.0
100,32,source0,64,2,0,1,0,0,0.0
100,32,source0,64,3,0,1,0,0,0.0
100,32,source0,64,4,0,1,0,0,0.0
100,32,source0,64,5,0,1,0,0,0.0
100,32,source0,64,6,0,1,0,0,0.0
100,32,source0,64,7,0,1,0,0,0.0
100,32,source0,64,8,0,1,0,0,0.0
100,32,source0,64,9,0,1,0,0,0.0
100,32,source0,64,10,0,1,0,0,0.0
100,32,source0,64,11,1,1,0,0,1.0
100,32,source0,64,12,0,1,0,0,0.0
100,32,source0,64,13,0,1,0,0,0.0
100,32,source0,64,14,0,1,0,0,0.0
100,32,source0,64,15,0,1,0,0,0.0
100,32,source0,128,0,1,1,0,0,1.0
100,32,source0,128,1,0,1,0,0,0.0
100,32,source0,128,2,0,1,0,0,0.0
100,32,source0,128,3,0,1,0,0,0.0
100,32,source0,128,4,0,1,0,0,0.0
100,32,source0,128,5,0,1,0,0,0.0
100,32,source0,128,6,0,1,0,0,0.0
100,32,source0,128,7,0,1,0,0,0.0
100,32,source0,128,8,0,1,0,0,0.0
100,32,source0,128,9,0,1,0,0,0.0
100,32,source0,128,10,0,1,0,0,0.0
100,32,source0,128,11,1,1,0,0,1.0
100,32,source0,128,12,0,1,0,0,0.0
100,32,source0,128,13,0,1,0,0,0.0
100,32,source0,128,14,0,1,0,0,0.0
100,32,source0,128,15,0,1,0,0,0.0
100,64,source0,8,0,0,1,0,0,0.0
100,64,source0,8,1,0,1,0,0,0.0
100,64,source0,8,2,0,1,0,0,0.0
100,64,source0,8,3,0,1,0,0,0.0
100,64,source0,8,4,0,1,0,0,0.0
100,64,source0,8,5,0,1,0,0,0.0
100,64,source0,8,6,0,1,0,0,0.0
100,64,source0,8,7,0,1,0,0,0.0
100,64,source0,8,8,0,1,0,0,0.0
100,64,source0,8,9,0,1,0,0,0.0
100,64,source0,8,10,1,1,0,0,1.0
100,64,source0,8,11,0,1,0,0,0.0
100,64,source0,8,12,0,1,0,0,0.0
100,64,source0,8,13,0,1,0,0,0.0
100,64,source0,8,14,0,1,0,0,0.0
100,64,source0,8,15,0,1,0,0,0.0
100,64,source0,16,0,0,1,0,0,0.0
100,64,source0,16,1,0,1,0,0,0.0
100,64,source0,16,2,0,1,0,0,0.0
100,64,source0,16,3,0,1,0,0,0.0
100,64,source0,16,4,0,1,0,0,0.0
100,64,source0,16,5,0,1,0,0,0.0
100,64,source0,16,6,0,1,0,0,0.0
100,64,source0,16,7,0,1,0,0,0.0
100,64,source0,16,8,0,1,0,0,0.0
100,64,source0,16,9,0,1,0,0,0.0
100,64,source0,16,10,1,1,0,0,1.0
100,64,source0,16,11,0,1,0,0,0.0
100,64,source0,16,12,0,1,0,0,0.0
100,64,source0,16,13,0,1,0,0,0.0
100,64,source0,16,14,0,1,0,0,0.0
100,64,source0,16,15,0,1,0,0,0.0
100,64,source0,32,0,0,1,0,0,0.0
100,64,source0,32,1,0,1,0,0,0.0
100,64,source0,32,2,0,1,0,0,0.0
100,64,source0,32,3,0,1,0,0,0.0
100,64,source0,32,4,0,1,0,0,0.0
100,64,source0,32,5,0,1,0,0,0.0
100,64,source0,32,6,0,1,0,0,0.0
100,64,source0,32,7,0,1,0,0,0.0
100,64,source0,32,8,0,1,0,0,0.0
100,64,source0,32,9,0,1,0,0,0.0
100,64,source0,32,10,1,1,0,0,1.0
100,64,source0,32,11,0,1,0,0,0.0
100,64,source0,32,12,0,1,0,0,0.0
100,64,source0,32,13,0,1,0,0,0.0
100,64,source0,32,14,0,1,0,0,0.0
100,64,source0,32,15,0,1,0,0,0.0
100,64,source0,64,0,0,1,0,0,0.0
100,64,source0,64,1,0,1,0,0,0.0
100,64,source0,64,2,0,1,0,0,0.0
100,64,source0,64,3,0,1,0,0,0.0
100,64,source0,64,4,0,1,0,0,0.0
100,64,source0,64,5,0,1,0,0,0.0
100,64,source0,64,6,0,1,0,0,0.0
100,64,source0,64,7,0,1,0,0,0.0
100,64,source0,64,8,0,1,0,0,0.0
100,64,source0,64,9,0,1,0,0,0.0
100,64,source0,64,10,1,1,0,0,1.0
100,64,source0,64,11,0,1,0,0,0.0
100,64,source0,64,12,0,1,0,0,0.0
100,64,source0,64,13,0,1,0,0,0.0
100,64,source0,64,14,0,1,0,0,0.0
100,64,source0,64,15,0,1,0,0,0.0
100,64,source0,128,0,0,1,0,0,0.0
100,64,source0,128,1,0,1,0,0,0.0
100,64,source0,128,2,0,1,0,0,0.0
100,64,source0,128,3,0,1,0,0,0.0
100,64,source0,128,4,0,1,0,0,0.0
100,64,source0,128,5,0,1,0,0,0.0
100,64,source0,128,6,0,1,0,0,0.0
100,64,source0,128,7,0,1,0,0,0.0
100,64,source0,128,8,0,1,0,0,0.0
100,64,source0,128,9,0,1,0,0,0.0
100,64,source0,128,10,1,1,0,0,1.0
100,64,source0,128,11,0,1,0,0,0.0
100,64,source0,128,12,0,1,0,0,0.0
100,64,source0,128,13,0,1,0,0,0.0
100,64,source0,128,14,0,1,0,0,0.0
100,64,source0,128,15,0,1,0,0,0.0
105,32,source0,8,0,1,1,0,0,1.0
105,32,source0,8,1,0,1,0,0,0.0
105,32,source0,8,2,0,1,0,0,0.0
105,32,source0,8,3,0,1,0,0,0.0
105,32,source0,8,4,0,1,0,0,0.0
105,32,source0,8,5,0,1,0,0,0.0
105,32,source0,8,6,0,1,0,0,0.0
105,32,source0,8,7,0,1,0,0,0.0
105,32,source0,8,8,0,1,0,0,0.0
105,32,source0,8,9,0,1,0,0,0.0
105,32,source0,8,10,0,1,0,0,0.0
105,32,source0,8,11,1,1,0,0,1.0
105,32,source0,8,12,1,1,0,0,1.0
105,32,source0,8,13,1,1,0,0,1.0
105,32,source0,8,14,0,1,0,0,0.0
105,32,source0,8,15,0,1,0,0,0.0
105,32,source0,16,0,1,1,0,0,1.0
105,32,source0,16,1,0,1,0,0,0.0
105,32,source0,16,2,0,1,0,0,0.0
105,32,source0,16,3,0,1,0,0,0.0
105,32,source0,16,4,0,1,0,0,0.0
105,32,source0,16,5,0,1,0,0,0.0
105,32,source0,16,6,0,1,0,0,0.0
105,32,source0,16,7,0,1,0,0,0.0
105,32,source0,16,8,0,1,0,0,0.0
105,32,source0,16,9,0,1,0,0,0.0
105,32,source0,16,10,0,1,0,0,0.0
105,32,source0,16,11,1,1,0,0,1.0
105,32,source0,16,12,1,1,0,0,1.0
105,32,source0,16,13,1,1,0,0,1.0
105,32,source0,16,14,0,1,0,0,0.0
105,32,source0,16,15,0,1,0,0,0.0
105,32,source0,32,0,1,1,0,0,1.0
105,32,source0,32,1,0,1,0,0,0.0
105,32,source0,32,2,0,1,0,0,0.0
105,32,source0,32,3,0,1,0,0,0.0
105,32,source0,32,4,0,1,0,0,0.0
105,32,source0,32,5,0,1,0,0,0.0
105,32,source0,32,6,0,1,0,0,0.0
105,32,source0,32,7,0,1,0,0,0.0
105,32,source0,32,8,0,1,0,0,0.0
105,32,source0,32,9,0,1,0,0,0.0
105,32,source0,32,10,0,1,0,0,0.0
105,32,source0,32,11,1,1,0,0,1.0
105,32,source0,32,12,1,1,0,0,1.0
105,32,source0,32,13,1,1,0,0,1.0
105,32,source0,32,14,0,1,0,0,0.0
105,32,source0,32,15,0,1,0,0,0.0
105,32,source0,64,0,1,1,0,0,1.0
105,32,source0,64,1,0,1,0,0,0.0
105,32,source0,64,2,0,1,0,0,0.0
105,32,source0,64,3,0,1,0,0,0.0
105,32,source0,64,4,0,1,0,0,0.0
105,32,source0,64,5,0,1,0,0,0.0
105,32,source0,64,6,0,1,0,0,0.0
105,32,source0,64,7,0,1,0,0,0.0
105,32,source0,64,8,0,1,0,0,0.0
105,32,source0,64,9,0,1,0,0,0.0
105,32,source0,64,10,0,1,0,0,0.0
105,32,source0,64,11,1,1,0,0,1.0
105,32,source0,64,12,1,1,0,0,1.0
105,32,source0,64,13,1,1,0,0,1.0
105,32,source0,64,14,0,1,0,0,0.0
105,32,source0,64,15,0,1,0,0,0.0
105,32,source0,128,0,1,1,0,0,1.0
105,32,source0,128,1,0,1,0,0,0.0
105,32,source0,128,2,0,1,0,0,0.0
105,32,source0,128,3,0,1,0,0,0.0
105,32,source0,128,4,0,1,0,0,0.0
105,32,source0,128,5,0,1,0,0,0.0
105,32,source0,128,6,0,1,0,0,0.0
105,32,source0,128,7,0,1,0,0,0.0
105,32,source0,128,8,0,1,0,0,0.0
105,32,source0,128,9,0,1,0,0,0.0
105,32,source0,128,10,0,1,0,0,0.0
105,32,source0,128,11,1,1,0,0,1.0
105,32,source0,128,12,1,1,0,0,1.0
105,32,source0,128,13,1,1,0,0,1.0
105,32,source0,128,14,0,1,0,0,0.0
105,32,source0,128,15,0,1,0,0,0.0
105,64,source0,8,0,0,1,0,0,0.0
105,64,source0,8,1,0,1,0,0,0.0
105,64,source0,8,2,0,1,0,0,0.0
105,64,source0,8,3,1,1,0,0,1.0
105,64,source0,8,4,0,1,0,0,0.0
105,64,source0,8,5,0,1,0,0,0.0
105,64,source0,8,6,0,1,0,0,0.0
105,64,source0,8,7,0,1,0,0,0.0
105,64,source0,8,8,0,1,0,0,0.0
105,64,source0,8,9,0,1,0,0,0.0
105,64,source0,8,10,1,1,0,0,1.0
105,64,source0,8,11,0,1,0,0,0.0
105,64,source0,8,12,0,1,0,0,0.0
105,64,source0,8,13,0,1,0,0,0.0
105,64,source0,8,14,0,1,0,0,0.0
105,64,source0,8,15,0,1,0,0,0.0
105,64,source0,16,0,0,1,0,0,0.0
105,64,source0,16,1,0,1,0,0,0.0
105,64,source0,16,2,0,1,0,0,0.0
105,64,source0,16,3,1,1,0,0,1.0
105,64,source0,16,4,0,1,0,0,0.0
105,64,source0,16,5,0,1,0,0,0.0
105,64,source0,16,6,0,1,0,0,0.0
105,64,source0,16,7,0,1,0,0,0.0
105,64,source0,16,8,0,1,0,0,0.0
105,64,source0,16,9,0,1,0,0,0.0
105,64,source0,16,10,1,1,0,0,1.0
105,64,source0,16,11,0,1,0,0,0.0
105,64,source0,16,12,0,1,0,0,0.0
105,64,source0,16,13,0,1,0,0,0.0
105,64,source0,16,14,0,1,0,0,0.0
105,64,source0,16,15,0,1,0,0,0.0
105,64,source0,32,0,0,1,0,0,0.0
105,64,source0,32,1,0,1,0,0,0.0
105,64,source0,32,2,0,1,0,0,0.0
105,64,source0,32,3,1,1,0,0,1.0
105,64,source0,32,4,0,1,0,0,0.0
105,64,source0,32,5,0,1,0,0,0.0
105,64,source0,32,6,0,1,0,0,0.0
105,64,source0,32,7,0,1,0,0,0.0
105,64,source0,32,8,0,1,0,0,0.0
105,64,source0,32,9,0,1,0,0,0.0
105,64,source0,32,10,1,1,0,0,1.0
105,64,source0,32,11,0,1,0,0,0.0
105,64,source0,32,12,0,1,0,0,0.0
105,64,source0,32,13,0,1,0,0,0.0
105,64,source0,32,14,0,1,0,0,0.0
105,64,source0,32,15,0,1,0,0,0.0
105,64,source0,64,0,0,1,0,0,0.0
105,64,source0,64,1,0,1,0,0,0.0
105,64,source0,64,2,0,1,0,0,0.0
105,64,source0,64,3,1,1,0,0,1.0
105,64,source0,64,4,0,1,0,0,0.0
105,64,source0,64,5,0,1,0,0,0.0
105,64,source0,64,6,0,1,0,0,0.0
105,64,source0,64,7,0,1,0,0,0.0
105,64,source0,64,8,0,1,0,0,0.0
105,64,source0,64,9,0,1,0,0,0.0
105,64,source0,64,10,1,1,0,0,1.0
105,64,source0,64,11,0,1,0,0,0.0
105,64,source0,64,12,0,1,0,0,0.0
105,64,source0,64,13,0,1,0,0,0.0
105,64,source0,64,14,0,1,0,0,0.0
105,64,source0,64,15,0,1,0,0,0.0
105,64,source0,128,0,0,1,0,0,0.0
105,64,source0,128,1,0,1,0,0,0.0
105,64,source0,128,2,0,1,0,0,0.0
105,64,source0,128,3,1,1,0,0,1.0
105,64,source0,128,4,0,1,0,0,0.0
105,64,source0,128,5,0,1,0,0,0.0
105,64,source0,128,6,0,1,0,0,0.0
105,64,source0,128,7,0,1,0,0,0.0
105,64,source0,128,8,0,1,0,0,0.0
105,64,source0,128,9,0,1,0,0,0.0
105,64,source0,128,10,1,1,0,0,1.0
105,64,source0,128,11,0,1,0,0,0.0
105,64,source0,128,12,0,1,0,0,0.0
105,64,source0,128,13,0,1,0,0,0.0
105,64,source0,128,14,0,1,0,0,0.0
105,64,source0,128,15,0,1,0,0,0.0
110,32,source0,8,0,0,1,0,0,0.0
110,32,source0,8,1,0,1,0,0,0.0
110,32,source0,8,2,0,1,0,0,0.0
110,32,source0,8,3,0,1,0,0,0.0
110,32,source0,8,4,0,1,0,0,0.0
110,32,source0,8,5,0,1,0,0,0.0
110,32,source0,8,6,0,1,0,0,0.0
110,32,source0,8,7,1,1,0,0,1.0
110,32,source0,8,8,0,1,0,0,0.0
110,32,source0,8,9,0,1,0,0,0.0
110,32,source0,8,10,0,1,0,0,0.0
110,32,source0,8,11,0,1,0,0,0.0
110,32,source0,8,12,1,1,0,0,1.0
110,32,source0,8,13,0,1,0,0,0.0
110,32,source0,8,14,1,1,0,0,1.0
110,32,source0,8,15,0,1,0,0,0.0
110,32,source0,16,0,0,1,0,0,0.0
110,32,source0,16,1,0,1,0,0,0.0
110,32,source0,16,2,0,1,0,0,0.0
110,32,source0,16,3,0,1,0,0,0.0
110,32,source0,16,4,0,1,0,0,0.0
110,32,source0,16,5,0,1,0,0,0.0
110,32,source0,16,6,0,1,0,0,0.0
110,32,source0,16,7,1,1,0,0,1.0
110,32,source0,16,8,0,1,0,0,0.0
110,32,source0,16,9,0,1,0,0,0.0
110,32,source0,16,10,0,1,0,0,0.0
110,32,source0,16,11,0,1,0,0,0.0
110,32,source0,16,12,0,1,0,0,0.0
110,32,source0,16,13,0,1,0,0,0.0
110,32,source0,16,14,1,1,0,0,1.0
110,32,source0,16,15,0,1,0,0,0.0
110,32,source0,32,0,0,1,0,0,0.0
110,32,source0,32,1,0,1,0,0,0.0
110,32,source0,32,2,0,1,0,0,0.0
110,32,source0,32,3,0,1,0,0,0.0
110,32,source0,32,4,0,1,0,0,0.0
110,32,source0,32,5,0,1,0,0,0.0
110,32,source0,32,6,0,1,0,0,0.0
110,32,source0,32,7,0,1,0,0,0.0
110,32,source0,32,8,0,1,0,0,0.0
110,32,source0,32,9,0,1,0,0,0.0
110,32,source0,32,10,0,1,0,0,0.0
110,32,source0,32,11,0,1,0,0,0.0
110,32,source0,32,12,0,1,0,0,0.0
110,32,source0,32,13,0,1,0,0,0.0
110,32,source0,32,14,1,1,0,0,1.0
110,32,source0,32,15,0,1,0,0,0.0
110,32,source0,64,0,0,1,0,0,0.0
110,32,source0,64,1,0,1,0,0,0.0
110,32,source0,64,2,0,1,0,0,0.0
110,32,source0,64,3,0,1,0,0,0.0
110,32,source0,64,4,0,1,0,0,0.0
110,32,source0,64,5,0,1,0,0,0.0
110,32,source0,64,6,0,1,0,0,0.0
110,32,source0,64,7,0,1,0,0,0.0
110,32,source0,64,8,0,1,0,0,0.0
110,32,source0,64,9,0,1,0,0,0.0
110,32,source0,64,10,0,1,0,0,0.0
110,32,source0,64,11,0,1,0,0,0.0
110,32,source0,64,12,0,1,0,0,0.0
110,32,source0,64,13,0,1,0,0,0.0
110,32,source0,64,14,1,1,0,0,1.0
110,32,source0,64,15,0,1,0,0,0.0
110,32,source0,128,0,0,1,0,0,0.0
110,32,source0,128,1,0,1,0,0,0.0
110,32,source0,128,2,0,1,0,0,0.0
110,32,source0,128,3,0,1,0,0,0.0
110,32,source0,128,4,0,1,0,0,0.0
110,32,source0,128,5,0,1,0,0,0.0
110,32,source0,128,6,0,1,0,0,0.0
110,32,source0,128,7,0,1,0,0,0.0
110,32,source0,128,8,0,1,0,0,0.0
110,32,source0,128,9,0,1,0,0,0.0
110,32,source0,128,10,0,1,0,0,0.0
110,32,source0,128,11,0,1,0,0,0.0
110,32,source0,128,12,0,1,0,0,0.0
110,32,source0,128,13,0,1,0,0,0.0
110,32,source0,128,14,1,1,0,0,1.0
110,32,source0,128,15,0,1,0,0,0.0
110,64,source0,8,0,0,1,0,0,0.0
110,64,source0,8,1,0,1,0,0,0.0
110,64,source0,8,2,0,1,0,0,0.0
110,64,source0,8,3,1,1,0,0,1.0
110,64,source0,8,4,0,1,0,0,0.0
110,64,source0,8,5,0,1,0,0,0.0
110,64,source0,8,6,0,1,0,0,0.0
110,64,source0,8,7,0,1,0,0,0.0
110,64,source0,8,8,0,1,0,0,0.0
110,64,source0,8,9,0,1,0,0,0.0
110,64,source0,8,10,0,1,0,0,0.0
110,64,source0,8,11,0,1,0,0,0.0
110,64,source0,8,12,0,1,0,0,0.0
110,64,source0,8,13,0,1,0,0,0.0
110,64,source0,8,14,0,1,0,0,0.0
110,64,source0,8,15,0,1,0,0,0.0
110,64,source0,16,0,0,1,0,0,0.0
110,64,source0,16,1,0,1,0,0,0.0
110,64,source0,16,2,0,1,0,0,0.0
110,64,source0,16,3,1,1,0,0,1.0
110,64,source0,16,4,0,1,0,0,0.0
110,64,source0,16,5,0,1,0,0,0.0
110,64,source0,16,6,0,1,0,0,0.0
110,64,source0,16,7,0,1,0,0,0.0
110,64,source0,16,8,0,1,0,0,0.0
110,64,source0,16,9,0,1,0,0,0.0
110,64,source0,16,10,0,1,0,0,0.0
110,64,source0,16,11,0,1,0,0,0.0
110,64,source0,16,12,0,1,0,0,0.0
110,64,source0,16,13,0,1,0,0,0.0
110,64,source0,16,14,0,1,0,0,0.0
110,64,source0,16,15,0,1,0,0,0.0
110,64,source0,32,0,0,1,0,0,0.0
110,64,source0,32,1,0,1,0,0,0.0
110,64,source0,32,2,0,1,0,0,0.0
110,64,source0,32,3,1,1,0,0,1.0
110,64,source0,32,4,0,1,0,0,0.0
110,64,source0,32,5,0,1,0,0,0.0
110,64,source0,32,6,0,1,0,0,0.0
110,64,source0,32,7,0,1,0,0,0.0
110,64,source0,32,8,0,1,0,0,0.0
110,64,source0,32,9,0,1,0,0,0.0
110,64,source0,32,10,0,1,0,0,0.0
110,64,source0,32,11,0,1,0,0,0.0
110,64,source0,32,12,0,1,0,0,0.0
110,64,source0,32,13,0,1,0,0,0.0
110,64,source0,32,14,0,1,0,0,0.0
110,64,source0,32,15,0,1,0,0,0.0
110,64,source0,64,0,0,1,0,0,0.0
110,64,source0,64,1,0,1,0,0,0.0
110,64,source0,64,2,0,1,0,0,0.0
110,64,source0,64,3,1,1,0,0,1.0
110,64,source0,64,4,0,1,0,0,0.0
110,64,source0,64,5,0,1,0,0,0.0
110,64,source0,64,6,0,1,0,0,0.0
110,64,source0,64,7,0,1,0,0,0.0
110,64,source0,64,8,0,1,0,0,0.0
110,64,source0,64,9,0,1,0,0,0.0
110,64,source0,64,10,0,1,0,0,0.0
110,64,source0,64,11,0,1,0,0,0.0
110,64,source0,64,12,0,1,0,0,0.0
110,64,source0,64,13,0,1,0,0,0.0
110,64,source0,64,14,0,1,0,0,0.0
110,64,source0,64,15,0,1,0,0,0.0
110,64,source0,128,0,0,1,0,0,0.0
110,64,source0,128,1,0,1,0,0,0.0
110,64,source0,128,2,0,1,0,0,0.0
110,64,source0,128,3,1,1,0,0,1.0
110,64,source0,128,4,0,1,0,0,0.0
110,64,source0,128,5,0,1,0,0,0.0
110,64,source0,128,6,0,1,0,0,0.0
110,64,source0,128,7,0,1,0,0,0.0
110,64,source0,128,8,0,1,0,0,0.0
110,64,source0,128,9,0,1,0,0,0.0
110,64,source0,128,10,0,1,0,0,0.0
110,64,source0,128,11,0,1,0,0,0.0
110,64,source0,128,12,0,1,0,0,0.0
110,64,source0,128,13,0,1,0,0,0.0
110,64,source0,128,14,0,1,0,0,0.0
110,64,source0,128,15,0,1,0,0,0.0
115,32,source0,8,0,0,1,0,0,0.0
115,32,source0,8,1,0,1,0,0,0.0
115,32,source0,8,2,0,1,0,0,0.0
115,32,source0,8,3,0,1,0,0,0.0
115,32,source0,8,4,0,1,0,0,0.0
115,32,source0,8,5,0,1,0,0,0.0
115,32,source0,8,6,0,1,0,0,0.0
115,32,source0,8,7,1,1,0,0,1.0
115,32,source0,8,8,0,1,0,0,0.0
115,32,source0,8,9,0,1,0,0,0.0
115,32,source0,8,10,0,1,0,0,0.0
115,32,source0,8,11,0,1,0,0,0.0
115,32,source0,8,12,1,1,0,0,1.0
115,32,source0,8,13,0,1,0,0,0.0
115,32,source0,8,14,0,1,0,0,0.0
115,32,source0,8,15,0,1,0,0,0.0
115,32,source0,16,0,0,1,0,0,0.0
115,32,source0,16,1,0,1,0,0,0.0
115,32,source0,16,2,0,1,0,0,0.0
115,32,source0,16,3,0,1,0,0,0.0
115,32,source0,16,4,0,1,0,0,0.0
115,32,source0,16,5,0,1,0,0,0.0
115,32,source0,16,6,0,1,0,0,0.0
115,32,source0,16,7,1,1,0,0,1.0
115,32,source0,16,8,0,1,0,0,0.0
115,32,source0,16,9,0,1,0,0,0.0
115,32,source0,16,10,0,1,0,0,0.0
115,32,source0,16,11,0,1,0,0,0.0
115,32,source0,16,12,1,1,0,0,1.0
115,32,source0,16,13,0,1,0,0,0.0
115,32,source0,16,14,0,1,0,0,0.0
115,32,source0,16,15,0,1,0,0,0.0
115,32,source0,32,0,0,1,0,0,0.0
115,32,source0,32,1,0,1,0,0,0.0
115,32,source0,32,2,0,1,0,0,0.0
115,32,source0,32,3,0,1,0,0,0.0
115,32,source0,32,4,0,1,0,0,0.0
115,32,source0,32,5,0,1,0,0,0.0
115,32,source0,32,6,0,1,0,0,0.0
115,32,source0,32,7,1,1,0,0,1.0
115,32,source0,32,8,0,1,0,0,0.0
115,32,source0,32,9,0,1,0,0,0.0
115,32,source0,32,10,0,1,0,0,0.0
115,32,source0,32,11,0,1,0,0,0.0
115,32,source0,32,12,1,1,0,0,1.0
115,32,source0,32,13,0,1,0,0,0.0
115,32,source0,32,14,0,1,0,0,0.0
115,32,source0,32,15,0,1,0,0,0.0
115,32,source0,64,0,0,1,0,0,0.0
115,32,source0,64,1,0,1,0,0,0.0
115,32,source0,64,2,0,1,0,0,0.0
115,32,source0,64,3,0,1,0,0,0.0
115,32,source0,64,4,0,1,0,0,0.0
115,32,source0,64,5,0,1,0,0,0.0
115,32,source0,64,6,0,1,0,0,0.0
115,32,source0,64,7,1,1,0,0,1.0
115,32,source0,64,8,0,1,0,0,0.0
115,32,source0,64,9,0,1,0,0,0.0
115,32,source0,64,10,0,1,0,0,0.0
115,32,source0,64,11,0,1,0,0,0.0
115,32,source0,64,12,1,1,0,0,1.0
115,32,source0,64,13,0,1,0,0,0.0
115,32,source0,64,14,0,1,0,0,0.0
115,32,source0,64,15,0,1,0,0,0.0
115,32,source0,128,0,0,1,0,0,0.0
115,32,source0,128,1,0,1,0,0,0.0
115,32,source0,128,2,0,1,0,0,0.0
115,32,source0,128,3,0,1,0,0,0.0
115,32,source0,128,4,0,1,0,0,0.0
115,32,source0,128,5,0,1,0,0,0.0
115,32,source0,128,6,0,1,0,0,0.0
115,32,source0,128,7,1,1,0,0,1.0
115,32,source0,128,8,0,1,0,0,0.0
115,32,source0,128,9,0,1,0,0,0.0
115,32,source0,128,10,0,1,0,0,0.0
115,32,source0,128,11,0,1,0,0,0.0
115,32,source0,128,12,1,1,0,0,1.0
115,32,source0,128,13,0,1,0,0,0.0
115,32,source0,128,14,0,1,0,0,0.0
115,32,source0,128,15,0,1,0,0,0.0
115,64,source0,8,0,0,1,0,0,0.0
115,64,source0,8,1,0,1,0,0,0.0
115,64,source0,8,2,0,1,0,0,0.0
115,64,source0,8,3,1,1,0,0,1.0
115,64,source0,8,4,0,1,0,0,0.0
115,64,source0,8,5,0,1,0,0,0.0
115,64,source0,8,6,0,1,0,0,0.0
115,64,source0,8,7,0,1,0,0,0.0
115,64,source0,8,8,0,1,0,0,0.0
115,64,source0,8,9,0,1,0,0,0.0
115,64,source0,8,10,0,1,0,0,0.0
115,64,source0,8,11,0,1,0,0,0.0
115,64,source0,8,12,0,1,0,0,0.0
115,64,source0,8,13,0,1,0,0,0.0
115,64,source0,8,14,0,1,0,0,0.0
115,64,source0,8,15,0,1,0,0,0.0
115,64,source0,16,0,0,1,0,0,0.0
115,64,source0,16,1,0,1,0,0,0.0
115,64,source0,16,2,0,1,0,0,0.0
115,64,source0,16,3,1,1,0,0,1.0
115,64,source0,16,4,0,1,0,0,0.0
115,64,source0,16,5,0,1,0,0,0.0
115,64,source0,16,6,0,1,0,0,0.0
115,64,source0,16,7,0,1,0,0,0.0
115,64,source0,16,8,0,1,0,0,0.0
115,64,source0,16,9,0,1,0,0,0.0
115,64,source0,16,10,0,1,0,0,0.0
115,64,source0,16,11,0,1,0,0,0.0
115,64,source0,16,12,0,1,0,0,0.0
115,64,source0,16,13,0,1,0,0,0.0
115,64,source0,16,14,0,1,0,0,0.0
115,64,source0,16,15,0,1,0,0,0.0
115,64,source0,32,0,0,1,0,0,0.0
115,64,source0,32,1,0,1,0,0,0.0
115,64,source0,32,2,0,1,0,0,0.0
115,64,source0,32,3,1,1,0,0,1.0
115,64,source0,32,4,0,1,0,0,0.0
115,64,source0,32,5,0,1,0,0,0.0
115,64,source0,32,6,0,1,0,0,0.0
115,64,source0,32,7,0,1,0,0,0.0
115,64,source0,32,8,0,1,0,0,0.0
115,64,source0,32,9,0,1,0,0,0.0
115,64,source0,32,10,0,1,0,0,0.0
115,64,source0,32,11,0,1,0,0,0.0
115,64,source0,32,12,0,1,0,0,0.0
115,64,source0,32,13,0,1,0,0,0.0
115,64,source0,32,14,0,1,0,0,0.0
115,64,source0,32,15,0,1,0,0,0.0
115,64,source0,64,0,0,1,0,0,0.0
115,64,source0,64,1,0,1,0,0,0.0
115,64,source0,64,2,0,1,0,0,0.0
115,64,source0,64,3,1,1,0,0,1.0
115,64,source0,64,4,0,1,0,0,0.0
115,64,source0,64,5,0,1,0,0,0.0
115,64,source0,64,6,0,1,0,0,0.0
115,64,source0,64,7,0,1,0,0,0.0
115,64,source0,64,8,0,1,0,0,0.0
115,64,source0,64,9,0,1,0,0,0.0
115,64,source0,64,10,0,1,0,0,0.0
115,64,source0,64,11,0,1,0,0,0.0
115,64,source0,64,12,0,1,0,0,0.0
115,64,source0,64,13,0,1,0,0,0.0
115,64,source0,64,14,0,1,0,0,0.0
115,64,source0,64,15,0,1,0,0,0.0
115,64,source0,128,0,0,1,0,0,0.0
115,64,source0,128,1,0,1,0,0,0.0
115,64,source0,128,2,0,1,0,0,0.0
115,64,source0,128,3,1,1,0,0,1.0
115,64,source0,128,4,0,1,0,0,0.0
115,64,source0,128,5,0,1,0,0,0.0
115,64,source0,128,6,0,1,0,0,0.0
115,64,source0,128,7,0,1,0,0,0.0
115,64,source0,128,8,0,1,0,0,0.0
115,64,source0,128,9,0,1,0,0,0.0
115,64,source0,128,10,0,1,0,0,0.0
115,64,source0,128,11,0,1,0,0,0.0
115,64,source0,128,12,0,1,0,0,0.0
115,64,source0,128,13,0,1,0,0,0.0
115,64,source0,128,14,0,1,0,0,0.0
115,64,source0,128,15,0,1,0,0,0.0
120,32,source0,8,0,1,1,0,0,1.0
120,32,source0,8,1,0,1,0,0,0.0
120,32,source0,8,2,0,1,0,0,0.0
120,32,source0,8,3,0,1,0,0,0.0
120,32,source0,8,4,0,1,0,0,0.0
120,32,source0,8,5,0,1,0,0,0.0
120,32,source0,8,6,0,1,0,0,0.0
120,32,source0,8,7,1,1,0,0,1.0
120,32,source0,8,8,0,1,0,0,0.0
120,32,source0,8,9,0,1,0,0,0.0
120,32,source0,8,10,0,1,0,0,0.0
120,32,source0,8,11,1,1,0,0,1.0
120,32,source0,8,12,1,1,0,0,1.0
120,32,source0,8,13,0,1,0,0,0.0
120,32,source0,8,14,0,1,0,0,0.0
120,32,source0,8,15,0,1,0,0,0.0
120,32,source0,16,0,1,1,0,0,1.0
120,32,source0,16,1,0,1,0,0,0.0
120,32,source0,16,2,0,1,0,0,0.0
120,32,source0,16,3,0,1,0,0,0.0
120,32,source0,16,4,0,1,0,0,0.0
120,32,source0,16,5,0,1,0,0,0.0
120,32,source0,16,6,0,1,0,0,0.0
120,32,source0,16,7,1,1,0,0,1.0
120,32,source0,16,8,0,1,0,0,0.0
120,32,source0,16,9,0,1,0,0,0.0
120,32,source0,16,10,0,1,0,0,0.0
120,32,source0,16,11,1,1,0,0,1.0
120,32,source0,16,12,1,1,0,0,1.0
120,32,source0,16,13,0,1,0,0,0.0
120,32,source0,16,14,0,1,0,0,0.0
120,32,source0,16,15,0,1,0,0,0.0
120,32,source0,32,0,1,1,0,0,1.0
120,32,source0,32,1,0,1,0,0,0.0
120,32,source0,32,2,0,1,0,0,0.0
120,32,source0,32,3,0,1,0,0,0.0
120,32,source0,32,4,0,1,0,0,0.0
120,32,source0,32,5,0,1,0,0,0.0
120,32,source0,32,6,0,1,0,0,0.0
120,32,source0,32,7,1,1,0,0,1.0
120,32,source0,32,8,0,1,0,0,0.0
120,32,source0,32,9,0,1,0,0,0.0
120,32,source0,32,10,0,1,0,0,0.0
120,32,source0,32,11,1,1,0,0,1.0
120,32,source0,32,12,1,1,0,0,1.0
120,32,source0,32,13,0,1,0,0,0.0
120,32,source0,32,14,0,1,0,0,0.0
120,32,source0,32,15,0,1,0,0,0.0
120,32,source0,64,0,1,1,0,0,1.0
120,32,source0,64,1,0,1,0,0,0.0
120,32,source0,64,2,0,1,0,0,0.0
120,32,source0,64,3,0,1,0,0,0.0
120,32,source0,64,4,0,1,0,0,0.0
120,32,source0,64,5,0,1,0,0,0.0
120,32,source0,64,6,0,1,0,0,0.0
120,32,source0,64,7,1,1,0,0,1.0
120,32,source0,64,8,0,1,0,0,0.0
120,32,source0,64,9,0,1,0,0,0.0
120,32,source0,64,10,0,1,0,0,0.0
120,32,source0,64,11,1,1,0,0,1.0
120,32,source0,64,12,1,1,0,0,1.0
120,32,source0,64,13,0,1,0,0,0.0
120,32,source0,64,14,0,1,0,0,0.0
120,32,source0,64,15,0,1,0,0,0.0
120,32,source0,128,0,1,1,0,0,1.0
120,32,source0,128,1,0,1,0,0,0.0
120,32,source0,128,2,0,1,0,0,0.0
120,32,source0,128,3,0,1,0,0,0.0
120,32,source0,128,4,0,1,0,0,0.0
120,32,source0,128,5,0,1,0,0,0.0
120,32,source0,128,6,0,1,0,0,0.0
120,32,source0,128,7,1,1,0,0,1.0
120,32,source0,128,8,0,1,0,0,0.0
120,32,source0,128,9,0,1,0,0,0.0
120,32,source0,128,10,0,1,0,0,0.0
120,32,source0,128,11,1,1,0,0,1.0
120,32,source0,128,12,1,1,0,0,1.0
120,32,source0,128,13,0,1,0,0,0.0
120,32,source0,128,14,0,1,0,0,0.0
120,32,source0,128,15,0,1,0,0,0.0
120,64,source0,8,0,0,1,0,0,0.0
120,64,source0,8,1,0,1,0,0,0.0
120,64,source0,8,2,0,1,0,0,0.0
120,64,source0,8,3,1,1,0,0,1.0
120,64,source0,8,4,0,1,0,0,0.0
120,64,source0,8,5,0,1,0,0,0.0
120,64,source0,8,6,0,1,0,0,0.0
120,64,source0,8,7,0,1,0,0,0.0
120,64,source0,8,8,0,1,0,0,0.0
120,64,source0,8,9,0,1,0,0,0.0
120,64,source0,8,10,1,1,0,0,1.0
120,64,source0,8,11,0,1,0,0,0.0
120,64,source0,8,12,0,1,0,0,0.0
120,64,source0,8,13,0,1,0,0,0.0
120,64,source0,8,14,0,1,0,0,0.0
120,64,source0,8,15,0,1,0,0,0.0
120,64,source0,16,0,0,1,0,0,0.0
120,64,source0,16,1,0,1,0,0,0.0
120,64,source0,16,2,0,1,0,0,0.0
120,64,source0,16,3,1,1,0,0,1.0
120,64,source0,16,4,0,1,0,0,0.0
120,64,source0,16,5,0,1,0,0,0.0
120,64,source0,16,6,0,1,0,0,0.0
120,64,source0,16,7,0,1,0,0,0.0
120,64,source0,16,8,0,1,0,0,0.0
120,64,source0,16,9,0,1,0,0,0.0
120,64,source0,16,10,1,1,0,0,1.0
120,64,source0,16,11,0,1,0,0,0.0
120,64,source0,16,12,0,1,0,0,0.0
120,64,source0,16,13,0,1,0,0,0.0
120,64,source0,16,14,0,1,0,0,0.0
120,64,source0,16,15,0,1,0,0,0.0
120,64,source0,32,0,0,1,0,0,0.0
120,64,source0,32,1,0,1,0,0,0.0
120,64,source0,32,2,0,1,0,0,0.0
120,64,source0,32,3,1,1,0,0,1.0
120,64,source0,32,4,0,1,0,0,0.0
120,64,source0,32,5,0,1,0,0,0.0
120,64,source0,32,6,0,1,0,0,0.0
120,64,source0,32,7,0,1,0,0,0.0
120,64,source0,32,8,0,1,0,0,0.0
120,64,source0,32,9,0,1,0,0,0.0
120,64,source0,32,10,1,1,0,0,1.0
120,64,source0,32,11,0,1,0,0,0.0
120,64,source0,32,12,0,1,0,0,0.0
120,64,source0,32,13,0,1,0,0,0.0
120,64,source0,32,14,0,1,0,0,0.0
120,64,source0,32,15,0,1,0,0,0.0
120,64,source0,64,0,0,1,0,0,0.0
120,64,source0,64,1,0,1,0,0,0.0
120,64,source0,64,2,0,1,0,0,0.0
120,64,source0,64,3,1,1,0,0,1.0
120,64,source0,64,4,0,1,0,0,0.0
120,64,source0,64,5,0,1,0,0,0.0
120,64,source0,64,6,0,1,0,0,0.0
120,64,source0,64,7,0,1,0,0,0.0
120,64,source0,64,8,0,1,0,0,0.0
120,64,source0,64,9,0,1,0,0,0.0
120,64,source0,64,10,1,1,0,0,1.0
120,64,source0,64,11,0,1,0,0,0.0
120,64,source0,64,12,0,1,0,0,0.0
120,64,source0,64,13,0,1,0,0,0.0
120,64,source0,64,14,0,1,0,0,0.0
120,64,source0,64,15,0,1,0,0,0.0
120,64,source0,128,0,0,1,0,0,0.0
120,64,source0,128,1,0,1,0,0,0.0
120,64,source0,128,2,0,1,0,0,0.0
120,64,source0,128,3,1,1,0,0,1.0
120,64,source0,128,4,0,1,0,0,0.0
120,64,source0,128,5,0,1,0,0,0.0
120,64,source0,128,6,0,1,0,0,0.0
120,64,source0,128,7,0,1,0,0,0.0
120,64,source0,128,8,0,1,0,0,0.0
120,64,source0,128,9,0,1,0,0,0.0
120,64,source0,128,10,1,1,0,0,1.0
120,64,source0,128,11,0,1,0,0,0.0
120,64,source0,128,12,0,1,0,0,0.0
120,64,source0,128,13,0,1,0,0,0.0
120,64,source0,128,14,0,1,0,0,0.0
120,64,source0,128,15,0,1,0,0,0.0
125,32,source0,8,0,1,1,0,0,1.0
125,32,source0,8,1,0,1,0,0,0.0
125,32,source0,8,2,0,1,0,0,0.0
125,32,source0,8,3,0,1,0,0,0.0
125,32,source0,8,4,0,1,0,0,0.0
125,32,source0,8,5,0,1,0,0,0.0
125,32,source0,8,6,0,1,0,0,0.0
125,32,source0,8,7,1,1,0,0,1.0
125,32,source0,8,8,0,1,0,0,0.0
125,32,source0,8,9,0,1,0,0,0.0
125,32,source0,8,10,0,1,0,0,0.0
125,32,source0,8,11,1,1,0,0,1.0
125,32,source0,8,12,1,1,0,0,1.0
125,32,source0,8,13,0,1,0,0,0.0
125,32,source0,8,14,0,1,0,0,0.0
125,32,source0,8,15,0,1,0,0,0.0
125,32,source0,16,0,1,1,0,0,1.0
125,32,source0,16,1,0,1,0,0,0.0
125,32,source0,16,2,0,1,0,0,0.0
125,32,source0,16,3,0,1,0,0,0.0
125,32,source0,16,4,0,1,0,0,0.0
125,32,source0,16,5,0,1,0,0,0.0
125,32,source0,16,6,0,1,0,0,0.0
125,32,source0,16,7,1,1,0,0,1.0
125,32,source0,16,8,0,1,0,0,0.0
125,32,source0,16,9,0,1,0,0,0.0
125,32,source0,16,10,0,1,0,0,0.0
125,32,source0,16,11,1,1,0,0,1.0
125,32,source0,16,12,1,1,0,0,1.0
125,32,source0,16,13,0,1,0,0,0.0
125,32,source0,16,14,0,1,0,0,0.0
125,32,source0,16,15,0,1,0,0,0.0
125,32,source0,32,0,1,1,0,0,1.0
125,32,source0,32,1,0,1,0,0,0.0
125,32,source0,32,2,0,1,0,0,0.0
125,32,source0,32,3,0,1,0,0,0.0
125,32,source0,32,4,0,1,0,0,0.0
125,32,source0,32,5,0,1,0,0,0.0
125,32,source0,32,6,0,1,0,0,0.0
125,32,source0,32,7,1,1,0,0,1.0
125,32,source0,32,8,0,1,0,0,0.0
125,32,source0,32,9,0,1,0,0,0.0
125,32,source0,32,10,0,1,0,0,0.0
125,32,source0,32,11,1,1,0,0,1.0
125,32,source0,32,12,1,1,0,0,1.0
125,32,source0,32,13,0,1,0,0,0.0
125,32,source0,32,14,0,1,0,0,0.0
125,32,source0,32,15,0,1,0,0,0.0
125,32,source0,64,0,1,1,0,0,1.0
125,32,source0,64,1,0,1,0,0,0.0
125,32,source0,64,2,0,1,0,0,0.0
125,32,source0,64,3,0,1,0,0,0.0
125,32,source0,64,4,0,1,0,0,0.0
125,32,source0,64,5,0,1,0,0,0.0
125,32,source0,64,6,0,1,0,0,0.0
125,32,source0,64,7,1,1,0,0,1.0
125,32,source0,64,8,0,1,0,0,0.0
125,32,source0,64,9,0,1,0,0,0.0
125,32,source0,64,10,0,1,0,0,0.0
125,32,source0,64,11,1,1,0,0,1.0
125,32,source0,64,12,1,1,0,0,1.0
125,32,source0,64,13,0,1,0,0,0.0
125,32,source0,64,14,0,1,0,0,0.0
125,32,source0,64,15,0,1,0,0,0.0
125,32,source0,128,0,1,1,0,0,1.0
125,32,source0,128,1,0,1,0,0,0.0
125,32,source0,128,2,0,1,0,0,0.0
125,32,source0,128,3,0,1,0,0,0.0
125,32,source0,128,4,0,1,0,0,0.0
125,32,source0,128,5,0,1,0,0,0.0
125,32,source0,128,6,0,1,0,0,0.0
125,32,source0,128,7,1,1,0,0,1.0
125,32,source0,128,8,0,1,0,0,0.0
125,32,source0,128,9,0,1,0,0,0.0
125,32,source0,128,10,0,1,0,0,0.0
125,32,source0,128,11,1,1,0,0,1.0
125,32,source0,128,12,1,1,0,0,1.0
125,32,source0,128,13,0,1,0,0,0.0
125,32,source0,128,14,0,1,0,0,0.0
125,32,source0,128,15,0,1,0,0,0.0
125,64,source0,8,0,0,1,0,0,0.0
125,64,source0,8,1,0,1,0,0,0.0
125,64,source0,8,2,0,1,0,0,0.0
125,64,source0,8,3,1,1,0,0,1.0
125,64,source0,8,4,0,1,0,0,0.0
125,64,source0,8,5,0,1,0,0,0.0
125,64,source0,8,6,0,1,0,0,0.0
125,64,source0,8,7,0,1,0,0,0.0
125,64,source0,8,8,0,1,0,0,0.0
125,64,source0,8,9,0,1,0,0,0.0
125,64,source0,8,10,0,1,0,0,0.0
125,64,source0,8,11,0,1,0,0,0.0
125,64,source0,8,12,0,1,0,0,0.0
125,64,source0,8,13,0,1,0,0,0.0
125,64,source0,8,14,0,1,0,0,0.0
125,64,source0,8,15,0,1,0,0,0.0
125,64,source0,16,0,0,1,0,0,0.0
125,64,source0,16,1,0,1,0,0,0.0
125,64,source0,16,2,0,1,0,0,0.0
125,64,source0,16,3,1,1,0,0,1.0
125,64,source0,16,4,0,1,0,0,0.0
125,64,source0,16,5,0,1,0,0,0.0
125,64,source0,16,6,0,1,0,0,0.0
125,64,source0,16,7,0,1,0,0,0.0
125,64,source0,16,8,0,1,0,0,0.0
125,64,source0,16,9,0,1,0,0,0.0
125,64,source0,16,10,0,1,0,0,0.0
125,64,source0,16,11,0,1,0,0,0.0
125,64,source0,16,12,0,1,0,0,0.0
125,64,source0,16,13,0,1,0,0,0.0
125,64,source0,16,14,0,1,0,0,0.0
125,64,source0,16,15,0,1,0,0,0.0
125,64,source0,32,0,0,1,0,0,0.0
125,64,source0,32,1,0,1,0,0,0.0
125,64,source0,32,2,0,1,0,0,0.0
125,64,source0,32,3,1,1,0,0,1.0
125,64,source0,32,4,0,1,0,0,0.0
125,64,source0,32,5,0,1,0,0,0.0
125,64,source0,32,6,0,1,0,0,0.0
125,64,source0,32,7,0,1,0,0,0.0
125,64,source0,32,8,0,1,0,0,0.0
125,64,source0,32,9,0,1,0,0,0.0
125,64,source0,32,10,0,1,0,0,0.0
125,64,source0,32,11,0,1,0,0,0.0
125,64,source0,32,12,0,1,0,0,0.0
125,64,source0,32,13,0,1,0,0,0.0
125,64,source0,32,14,0,1,0,0,0.0
125,64,source0,32,15,0,1,0,0,0.0
125,64,source0,64,0,0,1,0,0,0.0
125,64,source0,64,1,0,1,0,0,0.0
125,64,source0,64,2,0,1,0,0,0.0
125,64,source0,64,3,1,1,0,0,1.0
125,64,source0,64,4,0,1,0,0,0.0
125,64,source0,64,5,0,1,0,0,0.0
125,64,source0,64,6,0,1,0,0,0.0
125,64,source0,64,7,0,1,0,0,0.0
125,64,source0,64,8,0,1,0,0,0.0
125,64,source0,64,9,0,1,0,0,0.0
125,64,source0,64,10,0,1,0,0,0.0
125,64,source0,64,11,0,1,0,0,0.0
125,64,source0,64,12,0,1,0,0,0.0
125,64,source0,64,13,0,1,0,0,0.0
125,64,source0,64,14,0,1,0,0,0.0
125,64,source0,64,15,0,1,0,0,0.0
125,64,source0,128,0,0,1,0,0,0.0
125,64,source0,128,1,0,1,0,0,0.0
125,64,source0,128,2,0,1,0,0,0.0
125,64,source0,128,3,1,1,0,0,1.0
125,64,source0,128,4,0,1,0,0,0.0
125,64,source0,128,5,0,1,0,0,0.0
125,64,source0,128,6,0,1,0,0,0.0
125,64,source0,128,7,0,1,0,0,0.0
125,64,source0,128,8,0,1,0,0,0.0
125,64,source0,128,9,0,1,0,0,0.0
125,64,source0,128,10,0,1,0,0,0.0
125,64,source0,128,11,0,1,0,0,0.0
125,64,source0,128,12,0,1,0,0,0.0
125,64,source0,128,13,0,1,0,0,0.0
125,64,source0,128,14,0,1,0,0,0.0
125,64,source0,128,15,0,1,0,0,0.0
130,32,source0,8,0,1,1,0,0,1.0
130,32,source0,8,1,0,1,0,0,0.0
130,32,source0,8,2,0,1,0,0,0.0
130,32,source0,8,3,0,1,0,0,0.0
130,32,source0,8,4,0,1,0,0,0.0
130,32,source0,8,5,0,1,0,0,0.0
130,32,source0,8,6,0,1,0,0,0.0
130,32,source0,8,7,0,1,0,0,0.0
130,32,source0,8,8,0,1,0,0,0.0
130,32,source0,8,9,0,1,0,0,0.0
130,32,source0,8,10,0,1,0,0,0.0
130,32,source0,8,11,1,1,0,0,1.0
130,32,source0,8,12,1,1,0,0,1.0
130,32,source0,8,13,0,1,0,0,0.0
130,32,source0,8,14,0,1,0,0,0.0
130,32,source0,8,15,0,1,0,0,0.0
130,32,source0,16,0,1,1,0,0,1.0
130,32,source0,16,1,0,1,0,0,0.0
130,32,source0,16,2,0,1,0,0,0.0
130,32,source0,16,3,0,1,0,0,0.0
130,32,source0,16,4,0,1,0,0,0.0
130,32,source0,16,5,0,1,0,0,0.0
130,32,source0,16,6,0,1,0,0,0.0
130,32,source0,16,7,0,1,0,0,0.0
130,32,source0,16,8,0,1,0,0,0.0
130,32,source0,16,9,0,1,0,0,0.0
130,32,source0,16,10,0,1,0,0,0.0
130,32,source0,16,11,1,1,0,0,1.0
130,32,source0,16,12,0,1,0,0,0.0
130,32,source0,16,13,0,1,0,0,0.0
130,32,source0,16,14,0,1,0,0,0.0
130,32,source0,16,15,0,1,0,0,0.0
130,32,source0,32,0,1,1,0,0,1.0
130,32,source0,32,1,0,1,0,0,0.0
130,32,source0,32,2,0,1,0,0,0.0
130,32,source0,32,3,0,1,0,0,0.0
130,32,source0,32,4,0,1,0,0,0.0
130,32,source0,32,5,0,1,0,0,0.0
130,32,source0,32,6,0,1,0,0,0.0
130,32,source0,32,7,0,1,0,0,0.0
130,32,source0,32,8,0,1,0,0,0.0
130,32,source0,32,9,0,1,0,0,0.0
130,32,source0,32,10,0,1,0,0,0.0
130,32,source0,32,11,1,1,0,0,1.0
130,32,source0,32,12,0,1,0,0,0.0
130,32,source0,32,13,0,1,0,0,0.0
130,32,source0,32,14,0,1,0,0,0.0
130,32,source0,32,15,0,1,0,0,0.0
130,32,source0,64,0,1,1,0,0,1.0
130,32,source0,64,1,0,1,0,0,0.0
130,32,source0,64,2,0,1,0,0,0.0
130,32,source0,64,3,0,1,0,0,0.0
130,32,source0,64,4,0,1,0,0,0.0
130,32,source0,64,5,0,1,0,0,0.0
130,32,source0,64,6,0,1,0,0,0.0
130,32,source0,64,7,0,1,0,0,0.0
130,32,source0,64,8,0,1,0,0,0.0
130,32,source0,64,9,0,1,0,0,0.0
130,32,source0,64,10,0,1,0,0,0.0
130,32,source0,64,11,1,1,0,0,1.0
130,32,source0,64,12,0,1,0,0,0.0
130,32,source0,64,13,0,1,0,0,0.0
130,32,source0,64,14,0,1,0,0,0.0
130,32,source0,64,15,0,1,0,0,0.0
130,32,source0,128,0,1,1,0,0,1.0
130,32,source0,128,1,0,1,0,0,0.0
130,32,source0,128,2,0,1,0,0,0.0
130,32,source0,128,3,0,1,0,0,0.0
130,32,source0,128,4,0,1,0,0,0.0
130,32,source0,128,5,0,1,0,0,0.0
130,32,source0,128,6,0,1,0,0,0.0
130,32,source0,128,7,0,1,0,0,0.0
130,32,source0,128,8,0,1,0,0,0.0
130,32,source0,128,9,0,1,0,0,0.0
130,32,source0,128,10,0,1,0,0,0.0
130,32,source0,128,11,1,1,0,0,1.0
130,32,source0,128,12,0,1,0,0,0.0
130,32,source0,128,13,0,1,0,0,0.0
130,32,source0,128,14,0,1,0,0,0.0
130,32,source0,128,15,0,1,0,0,0.0
130,64,source0,8,0,0,1,0,0,0.0
130,64,source0,8,1,0,1,0,0,0.0
130,64,source0,8,2,0,1,0,0,0.0
130,64,source0,8,3,1,1,0,0,1.0
130,64,source0,8,4,0,1,0,0,0.0
130,64,source0,8,5,0,1,0,0,0.0
130,64,source0,8,6,0,1,0,0,0.0
130,64,source0,8,7,0,1,0,0,0.0
130,64,source0,8,8,0,1,0,0,0.0
130,64,source0,8,9,0,1,0,0,0.0
130,64,source0,8,10,1,1,0,0,1.0
130,64,source0,8,11,0,1,0,0,0.0
130,64,source0,8,12,0,1,0,0,0.0
130,64,source0,8,13,0,1,0,0,0.0
130,64,source0,8,14,0,1,0,0,0.0
130,64,source0,8,15,0,1,0,0,0.0
130,64,source0,16,0,0,1,0,0,0.0
130,64,source0,16,1,0,1,0,0,0.0
130,64,source0,16,2,0,1,0,0,0.0
130,64,source0,16,3,1,1,0,0,1.0
130,64,source0,16,4,0,1,0,0,0.0
130,64,source0,16,5,0,1,0,0,0.0
130,64,source0,16,6,0,1,0,0,0.0
130,64,source0,16,7,0,1,0,0,0.0
130,64,source0,16,8,0,1,0,0,0.0
130,64,source0,16,9,0,1,0,0,0.0
130,64,source0,16,10,1,1,0,0,1.0
130,64,source0,16,11,0,1,0,0,0.0
130,64,source0,16,12,0,1,0,0,0.0
130,64,source0,16,13,0,1,0,0,0.0
130,64,source0,16,14,0,1,0,0,0.0
130,64,source0,16,15,0,1,0,0,0.0
130,64,source0,32,0,0,1,0,0,0.0
130,64,source0,32,1,0,1,0,0,0.0
130,64,source0,32,2,0,1,0,0,0.0
130,64,source0,32,3,1,1,0,0,1.0
130,64,source0,32,4,0,1,0,0,0.0
130,64,source0,32,5,0,1,0,0,0.0
130,64,source0,32,6,0,1,0,0,0.0
130,64,source0,32,7,0,1,0,0,0.0
130,64,source0,32,8,0,1,0,0,0.0
130,64,source0,32,9,0,1,0,0,0.0
130,64,source0,32,10,1,1,0,0,1.0
130,64,source0,32,11,0,1,0,0,0.0
130,64,source0,32,12,0,1,0,0,0.0
130,64,source0,32,13,0,1,0,0,0.0
130,64,source0,32,14,0,1,0,0,0.0
130,64,source0,32,15,0,1,0,0,0.0
130,64,source0,64,0,0,1,0,0,0.0
130,64,source0,64,1,0,1,0,0,0.0
130,64,source0,64,2,0,1,0,0,0.0
130,64,source0,64,3,1,1,0,0,1.0
130,64,source0,64,4,0,1,0,0,0.0
130,64,source0,64,5,0,1,0,0,0.0
130,64,source0,64,6,0,1,0,0,0.0
130,64,source0,64,7,0,1,0,0,0.0
130,64,source0,64,8,0,1,0,0,0.0
130,64,source0,64,9,0,1,0,0,0.0
130,64,source0,64,10,1,1,0,0,1.0
130,64,source0,64,11,0,1,0,0,0.0
130,64,source0,64,12,0,1,0,0,0.0
130,64,source0,64,13,0,1,0,0,0.0
130,64,source0,64,14,0,1,0,0,0.0
130,64,source0,64,15,0,1,0,0,0.0
130,64,source0,128,0,0,1,0,0,0.0
130,64,source0,128,1,0,1,0,0,0.0
130,64,source0,128,2,0,1,0,0,0.0
130,64,source0,128,3,1,1,0,0,1.0
130,64,source0,128,4,0,1,0,0,0.0
130,64,source0,128,5,0,1,0,0,0.0
130,64,source0,128,6,0,1,0,0,0.0
130,64,source0,128,7,0,1,0,0,0.0
130,64,source0,128,8,0,1,0,0,0.0
130,64,source0,128,9,0,1,0,0,0.0
130,64,source0,128,10,1,1,0,0,1.0
130,64,source0,128,11,0,1,0,0,0.0
130,64,source0,128,12,0,1,0,0,0.0
130,64,source0,128,13,0,1,0,0,0.0
130,64,source0,128,14,0,1,0,0,0.0
130,64,source0,128,15,0,1,0,0,0.0
135,32,source0,8,0,1,1,0,0,1.0
135,32,source0,8,1,0,1,0,0,0.0
135,32,source0,8,2,0,1,0,0,0.0
135,32,source0,8,3,0,1,0,0,0.0
135,32,source0,8,4,0,1,0,0,0.0
135,32,source0,8,5,0,1,0,0,0.0
135,32,source0,8,6,1,1,0,0,1.0
135,32,source0,8,7,0,1,0,0,0.0
135,32,source0,8,8,0,1,0,0,0.0
135,32,source0,8,9,0,1,0,0,0.0
135,32,source0,8,10,0,1,0,0,0.0
135,32,source0,8,11,1,1,0,0,1.0
135,32,source0,8,12,1,1,0,0,1.0
135,32,source0,8,13,0,1,0,0,0.0
135,32,source0,8,14,0,1,0,0,0.0
135,32,source0,8,15,0,1,0,0,0.0
135,32,source0,16,0,1,1,0,0,1.0
135,32,source0,16,1,0,1,0,0,0.0
135,32,source0,16,2,0,1,0,0,0.0
135,32,source0,16,3,0,1,0,0,0.0
135,32,source0,16,4,0,1,0,0,0.0
135,32,source0,16,5,0,1,0,0,0.0
135,32,source0,16,6,1,1,0,0,1.0
135,32,source0,16,7,0,1,0,0,0.0
135,32,source0,16,8,0,1,0,0,0.0
135,32,source0,16,9,0,1,0,0,0.0
135,32,source0,16,10,0,1,0,0,0.0
135,32,source0,16,11,1,1,0,0,1.0
135,32,source0,16,12,0,1,0,0,0.0
135,32,source0,16,13,0,1,0,0,0.0
135,32,source0,16,14,0,1,0,0,0.0
135,32,source0,16,15,0,1,0,0,0.0
135,32,source0,32,0,1,1,0,0,1.0
135,32,source0,32,1,0,1,0,0,0.0
135,32,source0,32,2,0,1,0,0,0.0
135,32,source0,32,3,0,1,0,0,0.0
135,32,source0,32,4,0,1,0,0,0.0
135,32,source0,32,5,0,1,0,0,0.0
135,32,source0,32,6,1,1,0,0,1.0
135,32,source0,32,7,0,1,0,0,0.0
135,32,source0,32,8,0,1,0,0,0.0
135,32,source0,32,9,0,1,0,0,0.0
135,32,source0,32,10,0,1,0,0,0.0
135,32,source0,32,11,1,1,0,0,1.0
135,32,source0,32,12,0,1,0,0,0.0
135,32,source0,32,13,0,1,0,0,0.0
135,32,source0,32,14,0,1,0,0,0.0
135,32,source0,32,15,0,1,0,0,0.0
135,32,source0,64,0,1,1,0,0,1.0
135,32,source0,64,1,0,1,0,0,0.0
135,32,source0,64,2,0,1,0,0,0.0
135,32,source0,64,3,0,1,0,0,0.0
135,32,source0,64,4,0,1,0,0,0.0
135,32,source0,64,5,0,1,0,0,0.0
135,32,source0,64,6,1,1,0,0,1.0
135,32,source0,64,7,0,1,0,0,0.0
135,32,source0,64,8,0,1,0,0,0.0
135,32,source0,64,9,0,1,0,0,0.0
135,32,source0,64,10,0,1,0,0,0.0
135,32,source0,64,11,1,1,0,0,1.0
135,32,source0,64,12,0,1,0,0,0.0
135,32,source0,64,13,0,1,0,0,0.0
135,32,source0,64,14,0,1,0,0,0.0
135,32,source0,64,15,0,1,0,0,0.0
135,32,source0,128,0,1,1,0,0,1.0
135,32,source0,128,1,0,1,0,0,0.0
135,32,source0,128,2,0,1,0,0,0.0
135,32,source0,128,3,0,1,0,0,0.0
135,32,source0,128,4,0,1,0,0,0.0
135,32,source0,128,5,0,1,0,0,0.0
135,32,source0,128,6,1,1,0,0,1.0
135,32,source0,128,7,0,1,0,0,0.0
135,32,source0,128,8,0,1,0,0,0.0
135,32,source0,128,9,0,1,0,0,0.0
135,32,source0,128,10,0,1,0,0,0.0
135,32,source0,128,11,1,1,0,0,1.0
135,32,source0,128,12,0,1,0,0,0.0
135,32,source0,128,13,0,1,0,0,0.0
135,32,source0,128,14,0,1,0,0,0.0
135,32,source0,128,15,0,1,0,0,0.0
135,64,source0,8,0,0,1,0,0,0.0
135,64,source0,8,1,0,1,0,0,0.0
135,64,source0,8,2,0,1,0,0,0.0
135,64,source0,8,3,1,1,0,0,1.0
135,64,source0,8,4,0,1,0,0,0.0
135,64,source0,8,5,0,1,0,0,0.0
135,64,source0,8,6,0,1,0,0,0.0
135,64,source0,8,7,0,1,0,0,0.0
135,64,source0,8,8,0,1,0,0,0.0
135,64,source0,8,9,0,1,0,0,0.0
135,64,source0,8,10,1,1,0,0,1.0
135,64,source0,8,11,0,1,0,0,0.0
135,64,source0,8,12,0,1,0,0,0.0
135,64,source0,8,13,0,1,0,0,0.0
135,64,source0,8,14,0,1,0,0,0.0
135,64,source0,8,15,0,1,0,0,0.0
135,64,source0,16,0,0,1,0,0,0.0
135,64,source0,16,1,0,1,0,0,0.0
135,64,source0,16,2,0,1,0,0,0.0
135,64,source0,16,3,1,1,0,0,1.0
135,64,source0,16,4,0,1,0,0,0.0
135,64,source0,16,5,0,1,0,0,0.0
135,64,source0,16,6,0,1,0,0,0.0
135,64,source0,16,7,0,1,0,0,0.0
135,64,source0,16,8,0,1,0,0,0.0
135,64,source0,16,9,0,1,0,0,0.0
135,64,source0,16,10,0,1,0,0,0.0
135,64,source0,16,11,0,1,0,0,0.0
135,64,source0,16,12,0,1,0,0,0.0
135,64,source0,16,13,0,1,0,0,0.0
135,64,source0,16,14,0,1,0,0,0.0
135,64,source0,16,15,0,1,0,0,0.0
135,64,source0,32,0,0,1,0,0,0.0
135,64,source0,32,1,0,1,0,0,0.0
135,64,source0,32,2,0,1,0,0,0.0
135,64,source0,32,3,1,1,0,0,1.0
135,64,source0,32,4,0,1,0,0,0.0
135,64,source0,32,5,0,1,0,0,0.0
135,64,source0,32,6,0,1,0,0,0.0
135,64,source0,32,7,0,1,0,0,0.0
135,64,source0,32,8,0,1,0,0,0.0
135,64,source0,32,9,0,1,0,0,0.0
135,64,source0,32,10,0,1,0,0,0.0
135,64,source0,32,11,0,1,0,0,0.0
135,64,source0,32,12,0,1,0,0,0.0
135,64,source0,32,13,0,1,0,0,0.0
135,64,source0,32,14,0,1,0,0,0.0
135,64,source0,32,15,0,1,0,0,0.0
135,64,source0,64,0,0,1,0,0,0.0
135,64,source0,64,1,0,1,0,0,0.0
135,64,source0,64,2,0,1,0,0,0.0
135,64,source0,64,3,1,1,0,0,1.0
135,64,source0,64,4,0,1,0,0,0.0
135,64,source0,64,5,0,1,0,0,0.0
135,64,source0,64,6,0,1,0,0,0.0
135,64,source0,64,7,0,1,0,0,0.0
135,64,source0,64,8,0,1,0,0,0.0
135,64,source0,64,9,0,1,0,0,0.0
135,64,source0,64,10,0,1,0,0,0.0
135,64,source0,64,11,0,1,0,0,0.0
135,64,source0,64,12,0,1,0,0,0.0
135,64,source0,64,13,0,1,0,0,0.0
135,64,source0,64,14,0,1,0,0,0.0
135,64,source0,64,15,0,1,0,0,0.0
135,64,source0,128,0,0,1,0,0,0.0
135,64,source0,128,1,0,1,0,0,0.0
135,64,source0,128,2,0,1,0,0,0.0
135,64,source0,128,3,1,1,0,0,1.0
135,64,source0,128,4,0,1,0,0,0.0
135,64,source0,128,5,0,1,0,0,0.0
135,64,source0,128,6,0,1,0,0,0.0
135,64,source0,128,7,0,1,0,0,0.0
135,64,source0,128,8,0,1,0,0,0.0
135,64,source0,128,9,0,1,0,0,0.0
135,64,source0,128,10,0,1,0,0,0.0
135,64,source0,128,11,0,1,0,0,0.0
135,64,source0,128,12,0,1,0,0,0.0
135,64,source0,128,13,0,1,0,0,0.0
135,64,source0,128,14,0,1,0,0,0.0
135,64,source0,128,15,0,1,0,0,0.0
140,32,source0,8,0,1,1,0,0,1.0
140,32,source0,8,1,1,1,0,0,1.0
140,32,source0,8,2,1,1,0,0,1.0
140,32,source0,8,3,0,1,0,0,0.0
140,32,source0,8,4,0,1,0,0,0.0
140,32,source0,8,5,0,1,0,0,0.0
140,32,source0,8,6,1,1,0,0,1.0
140,32,source0,8,7,1,1,0,0,1.0
140,32,source0,8,8,0,1,0,0,0.0
140,32,source0,8,9,1,1,0,0,1.0
140,32,source0,8,10,0,1,0,0,0.0
140,32,source0,8,11,1,1,0,0,1.0
140,32,source0,8,12,1,1,0,0,1.0
140,32,source0,8,13,0,1,0,0,0.0
140,32,source0,8,14,0,1,0,0,0.0
140,32,source0,8,15,0,1,0,0,0.0
140,32,source0,16,0,1,1,0,0,1.0
140,32,source0,16,1,1,1,0,0,1.0
140,32,source0,16,2,1,1,0,0,1.0
140,32,source0,16,3,0,1,0,0,0.0
140,32,source0,16,4,0,1,0,0,0.0
140,32,source0,16,5,0,1,0,0,0.0
140,32,source0,16,6,1,1,0,0,1.0
140,32,source0,16,7,1,1,0,0,1.0
140,32,source0,16,8,0,1,0,0,0.0
140,32,source0,16,9,1,1,0,0,1.0
140,32,source0,16,10,0,1,0,0,0.0
140,32,source0,16,11,1,1,0,0,1.0
140,32,source0,16,12,1,1,0,0,1.0
140,32,source0,16,13,0,1,0,0,0.0
140,32,source0,16,14,0,1,0,0,0.0
140,32,source0,16,15,0,1,0,0,0.0
140,32,source0,32,0,1,1,0,0,1.0
140,32,source0,32,1,1,1,0,0,1.0
140,32,source0,32,2,1,1,0,0,1.0
140,32,source0,32,3,0,1,0,0,0.0
140,32,source0,32,4,0,1,0,0,0.0
140,32,source0,32,5,0,1,0,0,0.0
140,32,source0,32,6,1,1,0,0,1.0
140,32,source0,32,7,1,1,0,0,1.0
140,32,source0,32,8,0,1,0,0,0.0
140,32,source0,32,9,1,1,0,0,1.0
140,32,source0,32,10,0,1,0,0,0.0
140,32,source0,32,11,1,1,0,0,1.0
140,32,source0,32,12,1,1,0,0,1.0
140,32,source0,32,13,0,1,0,0,0.0
140,32,source0,32,14,0,1,0,0,0.0
140,32,source0,32,15,0,1,0,0,0.0
140,32,source0,64,0,1,1,0,0,1.0
140,32,source0,64,1,1,1,0,0,1.0
140,32,source0,64,2,1,1,0,0,1.0
140,32,source0,64,3,0,1,0,0,0.0
140,32,source0,64,4,0,1,0,0,0.0
140,32,source0,64,5,0,1,0,0,0.0
140,32,source0,64,6,1,1,0,0,1.0
140,32,source0,64,7,1,1,0,0,1.0
140,32,source0,64,8,0,1,0,0,0.0
140,32,source0,64,9,1,1,0,0,1.0
140,32,source0,64,10,0,1,0,0,0.0
140,32,source0,64,11,1,1,0,0,1.0
140,32,source0,64,12,1,1,0,0,1.0
140,32,source0,64,13,0,1,0,0,0.0
140,32,source0,64,14,0,1,0,0,0.0
140,32,source0,64,15,0,1,0,0,0.0
140,32,source0,128,0,1,1,0,0,1.0
140,32,source0,128,1,1,1,0,0,1.0
140,32,source0,128,2,1,1,0,0,1.0
140,32,source0,128,3,0,1,0,0,0.0
140,32,source0,128,4,0,1,0,0,0.0
140,32,source0,128,5,0,1,0,0,0.0
140,32,source0,128,6,1,1,0,0,1.0
140,32,source0,128,7,1,1,0,0,1.0
140,32,source0,128,8,0,1,0,0,0.0
140,32,source0,128,9,1,1,0,0,1.0
140,32,source0,128,10,0,1,0,0,0.0
140,32,source0,128,11,1,1,0,0,1.0
140,32,source0,128,12,1,1,0,0,1.0
140,32,source0,128,13,0,1,0,0,0.0
140,32,source0,128,14,0,1,0,0,0.0
140,32,source0,128,15,0,1,0,0,0.0
140,64,source0,8,0,0,1,0,0,0.0
140,64,source0,8,1,0,1,0,0,0.0
140,64,source0,8,2,0,1,0,0,0.0
140,64,source0,8,3,1,1,0,0,1.0
140,64,source0,8,4,0,1,0,0,0.0
140,64,source0,8,5,0,1,0,0,0.0
140,64,source0,8,6,0,1,0,0,0.0
140,64,source0,8,7,0,1,0,0,0.0
140,64,source0,8,8,0,1,0,0,0.0
140,64,source0,8,9,0,1,0,0,0.0
140,64,source0,8,10,1,1,0,0,1.0
140,64,source0,8,11,0,1,0,0,0.0
140,64,source0,8,12,0,1,0,0,0.0
140,64,source0,8,13,0,1,0,0,0.0
140,64,source0,8,14,0,1,0,0,0.0
140,64,source0,8,15,0,1,0,0,0.0
140,64,source0,16,0,0,1,0,0,0.0
140,64,source0,16,1,0,1,0,0,0.0
140,64,source0,16,2,0,1,0,0,0.0
140,64,source0,16,3,1,1,0,0,1.0
140,64,source0,16,4,0,1,0,0,0.0
140,64,source0,16,5,0,1,0,0,0.0
140,64,source0,16,6,0,1,0,0,0.0
140,64,source0,16,7,0,1,0,0,0.0
140,64,source0,16,8,0,1,0,0,0.0
140,64,source0,16,9,0,1,0,0,0.0
140,64,source0,16,10,1,1,0,0,1.0
140,64,source0,16,11,0,1,0,0,0.0
140,64,source0,16,12,0,1,0,0,0.0
140,64,source0,16,13,0,1,0,0,0.0
140,64,source0,16,14,0,1,0,0,0.0
140,64,source0,16,15,0,1,0,0,0.0
140,64,source0,32,0,0,1,0,0,0.0
140,64,source0,32,1,0,1,0,0,0.0
140,64,source0,32,2,0,1,0,0,0.0
140,64,source0,32,3,1,1,0,0,1.0
140,64,source0,32,4,0,1,0,0,0.0
140,64,source0,32,5,0,1,0,0,0.0
140,64,source0,32,6,0,1,0,0,0.0
140,64,source0,32,7,0,1,0,0,0.0
140,64,source0,32,8,0,1,0,0,0.0
140,64,source0,32,9,0,1,0,0,0.0
140,64,source0,32,10,1,1,0,0,1.0
140,64,source0,32,11,0,1,0,0,0.0
140,64,source0,32,12,0,1,0,0,0.0
140,64,source0,32,13,0,1,0,0,0.0
140,64,source0,32,14,0,1,0,0,0.0
140,64,source0,32,15,0,1,0,0,0.0
140,64,source0,64,0,0,1,0,0,0.0
140,64,source0,64,1,0,1,0,0,0.0
140,64,source0,64,2,0,1,0,0,0.0
140,64,source0,64,3,1,1,0,0,1.0
140,64,source0,64,4,0,1,0,0,0.0
140,64,source0,64,5,0,1,0,0,0.0
140,64,source0,64,6,0,1,0,0,0.0
140,64,source0,64,7,0,1,0,0,0.0
140,64,source0,64,8,0,1,0,0,0.0
140,64,source0,64,9,0,1,0,0,0.0
140,64,source0,64,10,1,1,0,0,1.0
140,64,source0,64,11,0,1,0,0,0.0
140,64,source0,64,12,0,1,0,0,0.0
140,64,source0,64,13,0,1,0,0,0.0
140,64,source0,64,14,0,1,0,0,0.0
140,64,source0,64,15,0,1,0,0,0.0
140,64,source0,128,0,0,1,0,0,0.0
140,64,source0,128,1,0,1,0,0,0.0
140,64,source0,128,2,0,1,0,0,0.0
140,64,source0,128,3,1,1,0,0,1.0
140,64,source0,128,4,0,1,0,0,0.0
140,64,source0,128,5,0,1,0,0,0.0
140,64,source0,128,6,0,1,0,0,0.0
140,64,source0,128,7,0,1,0,0,0.0
140,64,source0,128,8,0,1,0,0,0.0
140,64,source0,128,9,0,1,0,0,0.0
140,64,source0,128,10,1,1,0,0,1.0
140,64,source0,128,11,0,1,0,0,0.0
140,64,source0,128,12,0,1,0,0,0.0
140,64,source0,128,13,0,1,0,0,0.0
140,64,source0,128,14,0,1,0,0,0.0
140,64,source0,128,15,0,1,0,0,0.0
145,32,source0,8,0,1,1,0,0,1.0
145,32,source0,8,1,1,1,0,0,1.0
145,32,source0,8,2,1,1,0,0,1.0
145,32,source0,8,3,1,1,0,0,1.0
145,32,source0,8,4,0,1,0,0,0.0
145,32,source0,8,5,0,1,0,0,0.0
145,32,source0,8,6,1,1,0,0,1.0
145,32,source0,8,7,1,1,0,0,1.0
145,32,source0,8,8,0,1,0,0,0.0
145,32,source0,8,9,0,1,0,0,0.0
145,32,source0,8,10,0,1,0,0,0.0
145,32,source0,8,11,1,1,0,0,1.0
145,32,source0,8,12,1,1,0,0,1.0
145,32,source0,8,13,0,1,0,0,0.0
145,32,source0,8,14,0,1,0,0,0.0
145,32,source0,8,15,0,1,0,0,0.0
145,32,source0,16,0,1,1,0,0,1.0
145,32,source0,16,1,1,1,0,0,1.0
145,32,source0,16,2,1,1,0,0,1.0
145,32,source0,16,3,1,1,0,0,1.0
145,32,source0,16,4,0,1,0,0,0.0
145,32,source0,16,5,0,1,0,0,0.0
145,32,source0,16,6,1,1,0,0,1.0
145,32,source0,16,7,1,1,0,0,1.0
145,32,source0,16,8,0,1,0,0,0.0
145,32,source0,16,9,0,1,0,0,0.0
145,32,source0,16,10,0,1,0,0,0.0
145,32,source0,16,11,1,1,0,0,1.0
145,32,source0,16,12,1,1,0,0,1.0
145,32,source0,16,13,0,1,0,0,0.0
145,32,source0,16,14,0,1,0,0,0.0
145,32,source0,16,15,0,1,0,0,0.0
145,32,source0,32,0,1,1,0,0,1.0
145,32,source0,32,1,1,1,0,0,1.0
145,32,source0,32,2,1,1,0,0,1.0
145,32,source0,32,3,1,1,0,0,1.0
145,32,source0,32,4,0,1,0,0,0.0
145,32,source0,32,5,0,1,0,0,0.0
145,32,source0,32,6,1,1,0,0,1.0
145,32,source0,32,7,1,1,0,0,1.0
145,32,source0,32,8,0,1,0,0,0.0
145,32,source0,32,9,0,1,0,0,0.0
145,32,source0,32,10,0,1,0,0,0.0
145,32,source0,32,11,1,1,0,0,1.0
145,32,source0,32,12,1,1,0,0,1.0
145,32,source0,32,13,0,1,0,0,0.0
145,32,source0,32,14,0,1,0,0,0.0
145,32,source0,32,15,0,1,0,0,0.0
145,32,source0,64,0,1,1,0,0,1.0
145,32,source0,64,1,1,1,0,0,1.0
145,32,source0,64,2,1,1,0,0,1.0
145,32,source0,64,3,1,1,0,0,1.0
145,32,source0,64,4,0,1,0,0,0.0
145,32,source0,64,5,0,1,0,0,0.0
145,32,source0,64,6,1,1,0,0,1.0
145,32,source0,64,7,1,1,0,0,1.0
145,32,source0,64,8,0,1,0,0,0.0
145,32,source0,64,9,0,1,0,0,0.0
145,32,source0,64,10,0,1,0,0,0.0
145,32,source0,64,11,1,1,0,0,1.0
145,32,source0,64,12,1,1,0,0,1.0
145,32,source0,64,13,0,1,0,0,0.0
145,32,source0,64,14,0,1,0,0,0.0
145,32,source0,64,15,0,1,0,0,0.0
145,32,source0,128,0,1,1,0,0,1.0
145,32,source0,128,1,1,1,0,0,1.0
145,32,source0,128,2,1,1,0,0,1.0
145,32,source0,128,3,1,1,0,0,1.0
145,32,source0,128,4,0,1,0,0,0.0
145,32,source0,128,5,0,1,0,0,0.0
145,32,source0,128,6,1,1,0,0,1.0
145,32,source0,128,7,1,1,0,0,1.0
145,32,source0,128,8,0,1,0,0,0.0
145,32,source0,128,9,0,1,0,0,0.0
145,32,source0,128,10,0,1,0,0,0.0
145,32,source0,128,11,1,1,0,0,1.0
145,32,source0,128,12,1,1,0,0,1.0
145,32,source0,128,13,0,1,0,0,0.0
145,32,source0,128,14,0,1,0,0,0.0
145,32,source0,128,15,0,1,0,0,0.0
145,64,source0,8,0,0,1,0,0,0.0
145,64,source0,8,1,0,1,0,0,0.0
145,64,source0,8,2,0,1,0,0,0.0
145,64,source0,8,3,1,1,0,0,1.0
145,64,source0,8,4,0,1,0,0,0.0
145,64,source0,8,5,0,1,0,0,0.0
145,64,source0,8,6,0,1,0,0,0.0
145,64,source0,8,7,0,1,0,0,0.0
145,64,source0,8,8,0,1,0,0,0.0
145,64,source0,8,9,0,1,0,0,0.0
145,64,source0,8,10,1,1,0,0,1.0
145,64,source0,8,11,0,1,0,0,0.0
145,64,source0,8,12,0,1,0,0,0.0
145,64,source0,8,13,0,1,0,0,0.0
145,64,source0,8,14,0,1,0,0,0.0
145,64,source0,8,15,0,1,0,0,0.0
145,64,source0,16,0,0,1,0,0,0.0
145,64,source0,16,1,0,1,0,0,0.0
145,64,source0,16,2,0,1,0,0,0.0
145,64,source0,16,3,1,1,0,0,1.0
145,64,source0,16,4,0,1,0,0,0.0
145,64,source0,16,5,0,1,0,0,0.0
145,64,source0,16,6,0,1,0,0,0.0
145,64,source0,16,7,0,1,0,0,0.0
145,64,source0,16,8,0,1,0,0,0.0
145,64,source0,16,9,0,1,0,0,0.0
145,64,source0,16,10,1,1,0,0,1.0
145,64,source0,16,11,0,1,0,0,0.0
145,64,source0,16,12,0,1,0,0,0.0
145,64,source0,16,13,0,1,0,0,0.0
145,64,source0,16,14,0,1,0,0,0.0
145,64,source0,16,15,0,1,0,0,0.0
145,64,source0,32,0,0,1,0,0,0.0
145,64,source0,32,1,0,1,0,0,0.0
145,64,source0,32,2,0,1,0,0,0.0
145,64,source0,32,3,1,1,0,0,1.0
145,64,source0,32,4,0,1,0,0,0.0
145,64,source0,32,5,0,1,0,0,0.0
145,64,source0,32,6,0,1,0,0,0.0
145,64,source0,32,7,0,1,0,0,0.0
145,64,source0,32,8,0,1,0,0,0.0
145,64,source0,32,9,0,1,0,0,0.0
145,64,source0,32,10,1,1,0,0,1.0
145,64,source0,32,11,0,1,0,0,0.0
145,64,source0,32,12,0,1,0,0,0.0
145,64,source0,32,13,0,1,0,0,0.0
145,64,source0,32,14,0,1,0,0,0.0
145,64,source0,32,15,0,1,0,0,0.0
145,64,source0,64,0,0,1,0,0,0.0
145,64,source0,64,1,0,1,0,0,0.0
145,64,source0,64,2,0,1,0,0,0.0
145,64,source0,64,3,1,1,0,0,1.0
145,64,source0,64,4,0,1,0,0,0.0
145,64,source0,64,5,0,1,0,0,0.0
145,64,source0,64,6,0,1,0,0,0.0
145,64,source0,64,7,0,1,0,0,0.0
145,64,source0,64,8,0,1,0,0,0.0
145,64,source0,64,9,0,1,0,0,0.0
145,64,source0,64,10,1,1,0,0,1.0
145,64,source0,64,11,0,1,0,0,0.0
145,64,source0,64,12,0,1,0,0,0.0
145,64,source0,64,13,0,1,0,0,0.0
145,64,source0,64,14,0,1,0,0,0.0
145,64,source0,64,15,0,1,0,0,0.0
145,64,source0,128,0,0,1,0,0,0.0
145,64,source0,128,1,0,1,0,0,0.0
145,64,source0,128,2,0,1,0,0,0.0
145,64,source0,128,3,1,1,0,0,1.0
145,64,source0,128,4,0,1,0,0,0.0
145,64,source0,128,5,0,1,0,0,0.0
145,64,source0,128,6,0,1,0,0,0.0
145,64,source0,128,7,0,1,0,0,0.0
145,64,source0,128,8,0,1,0,0,0.0
145,64,source0,128,9,0,1,0,0,0.0
145,64,source0,128,10,1,1,0,0,1.0
145,64,source0,128,11,0,1,0,0,0.0
145,64,source0,128,12,0,1,0,0,0.0
145,64,source0,128,13,0,1,0,0,0.0
145,64,source0,128,14,0,1,0,0,0.0
145,64,source0,128,15,0,1,0,0,0.0
150,32,source0,8,0,1,1,0,0,1.0
150,32,source0,8,1,1,1,0,0,1.0
150,32,source0,8,2,1,1,0,0,1.0
150,32,source0,8,3,1,1,0,0,1.0
150,32,source0,8,4,1,1,0,0,1.0
150,32,source0,8,5,0,1,0,0,0.0
150,32,source0,8,6,1,1,0,0,1.0
150,32,source0,8,7,1,1,0,0,1.0
150,32,source0,8,8,0,1,0,0,0.0
150,32,source0,8,9,0,1,0,0,0.0
150,32,source0,8,10,0,1,0,0,0.0
150,32,source0,8,11,1,1,0,0,1.0
150,32,source0,8,12,1,1,0,0,1.0
150,32,source0,8,13,1,1,0,0,1.0
150,32,source0,8,14,0,1,0,0,0.0
150,32,source0,8,15,0,1,0,0,0.0
150,32,source0,16,0,1,1,0,0,1.0
150,32,source0,16,1,1,1,0,0,1.0
150,32,source0,16,2,1,1,0,0,1.0
150,32,source0,16,3,1,1,0,0,1.0
150,32,source0,16,4,1,1,0,0,1.0
150,32,source0,16,5,0,1,0,0,0.0
150,32,source0,16,6,1,1,0,0,1.0
150,32,source0,16,7,1,1,0,0,1.0
150,32,source0,16,8,0,1,0,0,0.0
150,32,source0,16,9,0,1,0,0,0.0
150,32,source0,16,10,0,1,0,0,0.0
150,32,source0,16,11,1,1,0,0,1.0
150,32,source0,16,12,1,1,0,0,1.0
150,32,source0,16,13,1,1,0,0,1.0
150,32,source0,16,14,0,1,0,0,0.0
150,32,source0,16,15,0,1,0,0,0.0
150,32,source0,32,0,1,1,0,0,1.0
150,32,source0,32,1,1,1,0,0,1.0
150,32,source0,32,2,1,1,0,0,1.0
150,32,source0,32,3,1,1,0,0,1.0
150,32,source0,32,4,1,1,0,0,1.0
150,32,source0,32,5,0,1,0,0,0.0
150,32,source0,32,6,1,1,0,0,1.0
150,32,source0,32,7,1,1,0,0,1.0
150,32,source0,32,8,0,1,0,0,0.0
150,32,source0,32,9,0,1,0,0,0.0
150,32,source0,32,10,0,1,0,0,0.0
150,32,source0,32,11,1,1,0,0,1.0
150,32,source0,32,12,1,1,0,0,1.0
150,32,source0,32,13,1,1,0,0,1.0
150,32,source0,32,14,0,1,0,0,0.0
150,32,source0,32,15,0,1,0,0,0.0
150,32,source0,64,0,1,1,0,0,1.0
150,32,source0,64,1,1,1,0,0,1.0
150,32,source0,64,2,1,1,0,0,1.0
150,32,source0,64,3,1,1,0,0,1.0
150,32,source0,64,4,1,1,0,0,1.0
150,32,source0,64,5,0,1,0,0,0.0
150,32,source0,64,6,1,1,0,0,1.0
150,32,source0,64,7,1,1,0,0,1.0
150,32,source0,64,8,0,1,0,0,0.0
150,32,source0,64,9,0,1,0,0,0.0
150,32,source0,64,10,0,1,0,0,0.0
150,32,source0,64,11,1,1,0,0,1.0
150,32,source0,64,12,1,1,0,0,1.0
150,32,source0,64,13,1,1,0,0,1.0
150,32,source0,64,14,0,1,0,0,0.0
150,32,source0,64,15,0,1,0,0,0.0
150,32,source0,128,0,1,1,0,0,1.0
150,32,source0,128,1,1,1,0,0,1.0
150,32,source0,128,2,1,1,0,0,1.0
150,32,source0,128,3,1,1,0,0,1.0
150,32,source0,128,4,1,1,0,0,1.0
150,32,source0,128,5,0,1,0,0,0.0
150,32,source0,128,6,1,1,0,0,1.0
150,32,source0,128,7,1,1,0,0,1.0
150,32,source0,128,8,0,1,0,0,0.0
150,32,source0,128,9,0,1,0,0,0.0
150,32,source0,128,10,0,1,0,0,0.0
150,32,source0,128,11,1,1,0,0,1.0
150,32,source0,128,12,1,1,0,0,1.0
150,32,source0,128,13,1,1,0,0,1.0
150,32,source0,128,14,0,1,0,0,0.0
150,32,source0,128,15,0,1,0,0,0.0
150,64,source0,8,0,0,1,0,0,0.0
150,64,source0,8,1,0,1,0,0,0.0
150,64,source0,8,2,0,1,0,0,0.0
150,64,source0,8,3,1,1,0,0,1.0
150,64,source0,8,4,0,1,0,0,0.0
150,64,source0,8,5,0,1,0,0,0.0
150,64,source0,8,6,0,1,0,0,0.0
150,64,source0,8,7,0,1,0,0,0.0
150,64,source0,8,8,0,1,0,0,0.0
150,64,source0,8,9,0,1,0,0,0.0
150,64,source0,8,10,1,1,0,0,1.0
150,64,source0,8,11,0,1,0,0,0.0
150,64,source0,8,12,0,1,0,0,0.0
150,64,source0,8,13,1,1,0,0,1.0
150,64,source0,8,14,0,1,0,0,0.0
150,64,source0,8,15,0,1,0,0,0.0
150,64,source0,16,0,0,1,0,0,0.0
150,64,source0,16,1,0,1,0,0,0.0
150,64,source0,16,2,0,1,0,0,0.0
150,64,source0,16,3,1,1,0,0,1.0
150,64,source0,16,4,0,1,0,0,0.0
150,64,source0,16,5,0,1,0,0,0.0
150,64,source0,16,6,0,1,0,0,0.0
150,64,source0,16,7,0,1,0,0,0.0
150,64,source0,16,8,0,1,0,0,0.0
150,64,source0,16,9,0,1,0,0,0.0
150,64,source0,16,10,0,1,0,0,0.0
150,64,source0,16,11,0,1,0,0,0.0
150,64,source0,16,12,0,1,0,0,0.0
150,64,source0,16,13,1,1,0,0,1.0
150,64,source0,16,14,0,1,0,0,0.0
150,64,source0,16,15,0,1,0,0,0.0
150,64,source0,32,0,0,1,0,0,0.0
150,64,source0,32,1,0,1,0,0,0.0
150,64,source0,32,2,0,1,0,0,0.0
150,64,source0,32,3,1,1,0,0,1.0
150,64,source0,32,4,0,1,0,0,0.0
150,64,source0,32,5,0,1,0,0,0.0
150,64,source0,32,6,0,1,0,0,0.0
150,64,source0,32,7,0,1,0,0,0.0
150,64,source0,32,8,0,1,0,0,0.0
150,64,source0,32,9,0,1,0,0,0.0
150,64,source0,32,10,0,1,0,0,0.0
150,64,source0,32,11,0,1,0,0,0.0
150,64,source0,32,12,0,1,0,0,0.0
150,64,source0,32,13,1,1,0,0,1.0
150,64,source0,32,14,0,1,0,0,0.0
150,64,source0,32,15,0,1,0,0,0.0
150,64,source0,64,0,0,1,0,0,0.0
150,64,source0,64,1,0,1,0,0,0.0
150,64,source0,64,2,0,1,0,0,0.0
150,64,source0,64,3,1,1,0,0,1.0
150,64,source0,64,4,0,1,0,0,0.0
150,64,source0,64,5,0,1,0,0,0.0
150,64,source0,64,6,0,1,0,0,0.0
150,64,source0,64,7,0,1,0,0,0.0
150,64,source0,64,8,0,1,0,0,0.0
150,64,source0,64,9,0,1,0,0,0.0
150,64,source0,64,10,0,1,0,0,0.0
150,64,source0,64,11,0,1,0,0,0.0
150,64,source0,64,12,0,1,0,0,0.0
150,64,source0,64,13,1,1,0,0,1.0
150,64,source0,64,14,0,1,0,0,0.0
150,64,source0,64,15,0,1,0,0,0.0
150,64,source0,128,0,0,1,0,0,0.0
150,64,source0,128,1,0,1,0,0,0.0
150,64,source0,128,2,0,1,0,0,0.0
150,64,source0,128,3,1,1,0,0,1.0
150,64,source0,128,4,0,1,0,0,0.0
150,64,source0,128,5,0,1,0,0,0.0
150,64,source0,128,6,0,1,0,0,0.0
150,64,source0,128,7,0,1,0,0,0.0
150,64,source0,128,8,0,1,0,0,0.0
150,64,source0,128,9,0,1,0,0,0.0
150,64,source0,128,10,0,1,0,0,0.0
150,64,source0,128,11,0,1,0,0,0.0
150,64,source0,128,12,0,1,0,0,0.0
150,64,source0,128,13,1,1,0,0,1.0
150,64,source0,128,14,0,1,0,0,0.0
150,64,source0,128,15,0,1,0,0,0.0
155,32,source0,8,0,1,1,0,0,1.0
155,32,source0,8,1,1,1,0,0,1.0
155,32,source0,8,2,1,1,0,0,1.0
155,32,source0,8,3,1,1,0,0,1.0
155,32,source0,8,4,1,1,0,0,1.0
155,32,source0,8,5,0,1,0,0,0.0
155,32,source0,8,6,1,1,0,0,1.0
155,32,source0,8,7,1,1,0,0,1.0
155,32,source0,8,8,0,1,0,0,0.0
155,32,source0,8,9,0,1,0,0,0.0
155,32,source0,8,10,0,1,0,0,0.0
155,32,source0,8,11,1,1,0,0,1.0
155,32,source0,8,12,1,1,0,0,1.0
155,32,source0,8,13,1,1,0,0,1.0
155,32,source0,8,14,0,1,0,0,0.0
155,32,source0,8,15,0,1,0,0,0.0
155,32,source0,16,0,1,1,0,0,1.0
155,32,source0,16,1,1,1,0,0,1.0
155,32,source0,16,2,1,1,0,0,1.0
155,32,source0,16,3,1,1,0,0,1.0
155,32,source0,16,4,1,1,0,0,1.0
155,32,source0,16,5,0,1,0,0,0.0
155,32,source0,16,6,1,1,0,0,1.0
155,32,source0,16,7,1,1,0,0,1.0
155,32,source0,16,8,0,1,0,0,0.0
155,32,source0,16,9,0,1,0,0,0.0
155,32,source0,16,10,0,1,0,0,0.0
155,32,source0,16,11,1,1,0,0,1.0
155,32,source0,16,12,0,1,0,0,0.0
155,32,source0,16,13,1,1,0,0,1.0
155,32,source0,16,14,0,1,0,0,0.0
155,32,source0,16,15,0,1,0,0,0.0
155,32,source0,32,0,1,1,0,0,1.0
155,32,source0,32,1,1,1,0,0,1.0
155,32,source0,32,2,1,1,0,0,1.0
155,32,source0,32,3,1,1,0,0,1.0
155,32,source0,32,4,1,1,0,0,1.0
155,32,source0,32,5,0,1,0,0,0.0
155,32,source0,32,6,1,1,0,0,1.0
155,32,source0,32,7,1,1,0,0,1.0
155,32,source0,32,8,0,1,0,0,0.0
155,32,source0,32,9,0,1,0,0,0.0
155,32,source0,32,10,0,1,0,0,0.0
155,32,source0,32,11,1,1,0,0,1.0
155,32,source0,32,12,0,1,0,0,0.0
155,32,source0,32,13,0,1,0,0,0.0
155,32,source0,32,14,0,1,0,0,0.0
155,32,source0,32,15,0,1,0,0,0.0
155,32,source0,64,0,1,1,0,0,1.0
155,32,source0,64,1,1,1,0,0,1.0
155,32,source0,64,2,1,1,0,0,1.0
155,32,source0,64,3,1,1,0,0,1.0
155,32,source0,64,4,1,1,0,0,1.0
155,32,source0,64,5,0,1,0,0,0.0
155,32,source0,64,6,1,1,0,0,1.0
155,32,source0,64,7,1,1,0,0,1.0
155,32,source0,64,8,0,1,0,0,0.0
155,32,source0,64,9,0,1,0,0,0.0
155,32,source0,64,10,0,1,0,0,0.0
155,32,source0,64,11,1,1,0,0,1.0
155,32,source0,64,12,0,1,0,0,0.0
155,32,source0,64,13,0,1,0,0,0.0
155,32,source0,64,14,0,1,0,0,0.0
155,32,source0,64,15,0,1,0,0,0.0
155,32,source0,128,0,1,1,0,0,1.0
155,32,source0,128,1,1,1,0,0,1.0
155,32,source0,128,2,1,1,0,0,1.0
155,32,source0,128,3,1,1,0,0,1.0
155,32,source0,128,4,1,1,0,0,1.0
155,32,source0,128,5,0,1,0,0,0.0
155,32,source0,128,6,1,1,0,0,1.0
155,32,source0,128,7,1,1,0,0,1.0
155,32,source0,128,8,0,1,0,0,0.0
155,32,source0,128,9,0,1,0,0,0.0
155,32,source0,128,10,0,1,0,0,0.0
155,32,source0,128,11,1,1,0,0,1.0
155,32,source0,128,12,0,1,0,0,0.0
155,32,source0,128,13,0,1,0,0,0.0
155,32,source0,128,14,0,1,0,0,0.0
155,32,source0,128,15,0,1,0,0,0.0
155,64,source0,8,0,0,1,0,0,0.0
155,64,source0,8,1,0,1,0,0,0.0
155,64,source0,8,2,0,1,0,0,0.0
155,64,source0,8,3,1,1,0,0,1.0
155,64,source0,8,4,0,1,0,0,0.0
155,64,source0,8,5,0,1,0,0,0.0
155,64,source0,8,6,0,1,0,0,0.0
155,64,source0,8,7,0,1,0,0,0.0
155,64,source0,8,8,0,1,0,0,0.0
155,64,source0,8,9,0,1,0,0,0.0
155,64,source0,8,10,1,1,0,0,1.0
155,64,source0,8,11,0,1,0,0,0.0
155,64,source0,8,12,0,1,0,0,0.0
155,64,source0,8,13,1,1,0,0,1.0
155,64,source0,8,14,0,1,0,0,0.0
155,64,source0,8,15,0,1,0,0,0.0
155,64,source0,16,0,0,1,0,0,0.0
155,64,source0,16,1,0,1,0,0,0.0
155,64,source0,16,2,0,1,0,0,0.0
155,64,source0,16,3,1,1,0,0,1.0
155,64,source0,16,4,0,1,0,0,0.0
155,64,source0,16,5,0,1,0,0,0.0
155,64,source0,16,6,0,1,0,0,0.0
155,64,source0,16,7,0,1,0,0,0.0
155,64,source0,16,8,0,1,0,0,0.0
155,64,source0,16,9,0,1,0,0,0.0
155,64,source0,16,10,0,1,0,0,0.0
155,64,source0,16,11,0,1,0,0,0.0
155,64,source0,16,12,0,1,0,0,0.0
155,64,source0,16,13,1,1,0,0,1.0
155,64,source0,16,14,0,1,0,0,0.0
155,64,source0,16,15,0,1,0,0,0.0
155,64,source0,32,0,0,1,0,0,0.0
155,64,source0,32,1,0,1,0,0,0.0
155,64,source0,32,2,0,1,0,0,0.0
155,64,source0,32,3,1,1,0,0,1.0
155,64,source0,32,4,0,1,0,0,0.0
155,64,source0,32,5,0,1,0,0,0.0
155,64,source0,32,6,0,1,0,0,0.0
155,64,source0,32,7,0,1,0,0,0.0
155,64,source0,32,8,0,1,0,0,0.0
155,64,source0,32,9,0,1,0,0,0.0
155,64,source0,32,10,0,1,0,0,0.0
155,64,source0,32,11,0,1,0,0,0.0
155,64,source0,32,12,0,1,0,0,0.0
155,64,source0,32,13,1,1,0,0,1.0
155,64,source0,32,14,0,1,0,0,0.0
155,64,source0,32,15,0,1,0,0,0.0
155,64,source0,64,0,0,1,0,0,0.0
155,64,source0,64,1,0,1,0,0,0.0
155,64,source0,64,2,0,1,0,0,0.0
155,64,source0,64,3,1,1,0,0,1.0
155,64,source0,64,4,0,1,0,0,0.0
155,64,source0,64,5,0,1,0,0,0.0
155,64,source0,64,6,0,1,0,0,0.0
155,64,source0,64,7,0,1,0,0,0.0
155,64,source0,64,8,0,1,0,0,0.0
155,64,source0,64,9,0,1,0,0,0.0
155,64,source0,64,10,0,1,0,0,0.0
155,64,source0,64,11,0,1,0,0,0.0
155,64,source0,64,12,0,1,0,0,0.0
155,64,source0,64,13,1,1,0,0,1.0
155,64,source0,64,14,0,1,0,0,0.0
155,64,source0,64,15,0,1,0,0,0.0
155,64,source0,128,0,0,1,0,0,0.0
155,64,source0,128,1,0,1,0,0,0.0
155,64,source0,128,2,0,1,0,0,0.0
155,64,source0,128,3,1,1,0,0,1.0
155,64,source0,128,4,0,1,0,0,0.0
155,64,source0,128,5,0,1,0,0,0.0
155,64,source0,128,6,0,1,0,0,0.0
155,64,source0,128,7,0,1,0,0,0.0
155,64,source0,128,8,0,1,0,0,0.0
155,64,source0,128,9,0,1,0,0,0.0
155,64,source0,128,10,0,1,0,0,0.0
155,64,source0,128,11,0,1,0,0,0.0
155,64,source0,128,12,0,1,0,0,0.0
155,64,source0,128,13,1,1,0,0,1.0
155,64,source0,128,14,0,1,0,0,0.0
155,64,source0,128,15,0,1,0,0,0.0
160,32,source0,8,0,1,1,0,0,1.0
160,32,source0,8,1,1,1,0,0,1.0
160,32,source0,8,2,1,1,0,0,1.0
160,32,source0,8,3,1,1,0,0,1.0
160,32,source0,8,4,1,1,0,0,1.0
160,32,source0,8,5,0,1,0,0,0.0
160,32,source0,8,6,1,1,0,0,1.0
160,32,source0,8,7,1,1,0,0,1.0
160,32,source0,8,8,0,1,0,0,0.0
160,32,source0,8,9,0,1,0,0,0.0
160,32,source0,8,10,0,1,0,0,0.0
160,32,source0,8,11,1,1,0,0,1.0
160,32,source0,8,12,1,1,0,0,1.0
160,32,source0,8,13,1,1,0,0,1.0
160,32,source0,8,14,0,1,0,0,0.0
160,32,source0,8,15,0,1,0,0,0.0
160,32,source0,16,0,1,1,0,0,1.0
160,32,source0,16,1,1,1,0,0,1.0
160,32,source0,16,2,1,1,0,0,1.0
160,32,source0,16,3,1,1,0,0,1.0
160,32,source0,16,4,1,1,0,0,1.0
160,32,source0,16,5,0,1,0,0,0.0
160,32,source0,16,6,1,1,0,0,1.0
160,32,source0,16,7,1,1,0,0,1.0
160,32,source0,16,8,0,1,0,0,0.0
160,32,source0,16,9,0,1,0,0,0.0
160,32,source0,16,10,0,1,0,0,0.0
160,32,source0,16,11,1,1,0,0,1.0
160,32,source0,16,12,1,1,0,0,1.0
160,32,source0,16,13,1,1,0,0,1.0
160,32,source0,16,14,0,1,0,0,0.0
160,32,source0,16,15,0,1,0,0,0.0
160,32,source0,32,0,1,1,0,0,1.0
160,32,source0,32,1,1,1,0,0,1.0
160,32,source0,32,2,1,1,0,0,1.0
160,32,source0,32,3,1,1,0,0,1.0
160,32,source0,32,4,1,1,0,0,1.0
160,32,source0,32,5,0,1,0,0,0.0
160,32,source0,32,6,1,1,0,0,1.0
160,32,source0,32,7,1,1,0,0,1.0
160,32,source0,32,8,0,1,0,0,0.0
160,32,source0,32,9,0,1,0,0,0.0
160,32,source0,32,10,0,1,0,0,0.0
160,32,source0,32,11,1,1,0,0,1.0
160,32,source0,32,12,1,1,0,0,1.0
160,32,source0,32,13,1,1,0,0,1.0
160,32,source0,32,14,0,1,0,0,0.0
160,32,source0,32,15,0,1,0,0,0.0
160,32,source0,64,0,1,1,0,0,1.0
160,32,source0,64,1,1,1,0,0,1.0
160,32,source0,64,2,1,1,0,0,1.0
160,32,source0,64,3,1,1,0,0,1.0
160,32,source0,64,4,1,1,0,0,1.0
160,32,source0,64,5,0,1,0,0,0.0
160,32,source0,64,6,1,1,0,0,1.0
160,32,source0,64,7,1,1,0,0,1.0
160,32,source0,64,8,0,1,0,0,0.0
160,32,source0,64,9,0,1,0,0,0.0
160,32,source0,64,10,0,1,0,0,0.0
160,32,source0,64,11,1,1,0,0,1.0
160,32,source0,64,12,1,1,0,0,1.0
160,32,source0,64,13,1,1,0,0,1.0
160,32,source0,64,14,0,1,0,0,0.0
160,32,source0,64,15,0,1,0,0,0.0
160,32,source0,128,0,1,1,0,0,1.0
160,32,source0,128,1,1,1,0,0,1.0
160,32,source0,128,2,1,1,0,0,1.0
160,32,source0,128,3,1,1,0,0,1.0
160,32,source0,128,4,1,1,0,0,1.0
160,32,source0,128,5,0,1,0,0,0.0
160,32,source0,128,6,1,1,0,0,1.0
160,32,source0,128,7,1,1,0,0,1.0
160,32,source0,128,8,0,1,0,0,0.0
160,32,source0,128,9,0,1,0,0,0.0
160,32,source0,128,10,0,1,0,0,0.0
160,32,source0,128,11,1,1,0,0,1.0
160,32,source0,128,12,1,1,0,0,1.0
160,32,source0,128,13,0,1,0,0,0.0
160,32,source0,128,14,0,1,0,0,0.0
160,32,source0,128,15,0,1,0,0,0.0
160,64,source0,8,0,0,1,0,0,0.0
160,64,source0,8,1,0,1,0,0,0.0
160,64,source0,8,2,0,1,0,0,0.0
160,64,source0,8,3,1,1,0,0,1.0
160,64,source0,8,4,0,1,0,0,0.0
160,64,source0,8,5,0,1,0,0,0.0
160,64,source0,8,6,0,1,0,0,0.0
160,64,source0,8,7,0,1,0,0,0.0
160,64,source0,8,8,0,1,0,0,0.0
160,64,source0,8,9,0,1,0,0,0.0
160,64,source0,8,10,1,1,0,0,1.0
160,64,source0,8,11,0,1,0,0,0.0
160,64,source0,8,12,0,1,0,0,0.0
160,64,source0,8,13,1,1,0,0,1.0
160,64,source0,8,14,0,1,0,0,0.0
160,64,source0,8,15,0,1,0,0,0.0
160,64,source0,16,0,0,1,0,0,0.0
160,64,source0,16,1,0,1,0,0,0.0
160,64,source0,16,2,0,1,0,0,0.0
160,64,source0,16,3,1,1,0,0,1.0
160,64,source0,16,4,0,1,0,0,0.0
160,64,source0,16,5,0,1,0,0,0.0
160,64,source0,16,6,0,1,0,0,0.0
160,64,source0,16,7,0,1,0,0,0.0
160,64,source0,16,8,0,1,0,0,0.0
160,64,source0,16,9,0,1,0,0,0.0
160,64,source0,16,10,0,1,0,0,0.0
160,64,source0,16,11,0,1,0,0,0.0
160,64,source0,16,12,0,1,0,0,0.0
160,64,source0,16,13,1,1,0,0,1.0
160,64,source0,16,14,0,1,0,0,0.0
160,64,source0,16,15,0,1,0,0,0.0
160,64,source0,32,0,0,1,0,0,0.0
160,64,source0,32,1,0,1,0,0,0.0
160,64,source0,32,2,0,1,0,0,0.0
160,64,source0,32,3,1,1,0,0,1.0
160,64,source0,32,4,0,1,0,0,0.0
160,64,source0,32,5,0,1,0,0,0.0
160,64,source0,32,6,0,1,0,0,0.0
160,64,source0,32,7,0,1,0,0,0.0
160,64,source0,32,8,0,1,0,0,0.0
160,64,source0,32,9,0,1,0,0,0.0
160,64,source0,32,10,0,1,0,0,0.0
160,64,source0,32,11,0,1,0,0,0.0
160,64,source0,32,12,0,1,0,0,0.0
160,64,source0,32,13,1,1,0,0,1.0
160,64,source0,32,14,0,1,0,0,0.0
160,64,source0,32,15,0,1,0,0,0.0
160,64,source0,64,0,0,1,0,0,0.0
160,64,source0,64,1,0,1,0,0,0.0
160,64,source0,64,2,0,1,0,0,0.0
160,64,source0,64,3,1,1,0,0,1.0
160,64,source0,64,4,0,1,0,0,0.0
160,64,source0,64,5,0,1,0,0,0.0
160,64,source0,64,6,0,1,0,0,0.0
160,64,source0,64,7,0,1,0,0,0.0
160,64,source0,64,8,0,1,0,0,0.0
160,64,source0,64,9,0,1,0,0,0.0
160,64,source0,64,10,0,1,0,0,0.0
160,64,source0,64,11,0,1,0,0,0.0
160,64,source0,64,12,0,1,0,0,0.0
160,64,source0,64,13,1,1,0,0,1.0
160,64,source0,64,14,0,1,0,0,0.0
160,64,source0,64,15,0,1,0,0,0.0
160,64,source0,128,0,0,1,0,0,0.0
160,64,source0,128,1,0,1,0,0,0.0
160,64,source0,128,2,0,1,0,0,0.0
160,64,source0,128,3,1,1,0,0,1.0
160,64,source0,128,4,0,1,0,0,0.0
160,64,source0,128,5,0,1,0,0,0.0
160,64,source0,128,6,0,1,0,0,0.0
160,64,source0,128,7,0,1,0,0,0.0
160,64,source0,128,8,0,1,0,0,0.0
160,64,source0,128,9,0,1,0,0,0.0
160,64,source0,128,10,0,1,0,0,0.0
160,64,source0,128,11,0,1,0,0,0.0
160,64,source0,128,12,0,1,0,0,0.0
160,64,source0,128,13,1,1,0,0,1.0
160,64,source0,128,14,0,1,0,0,0.0
160,64,source0,128,15,0,1,0,0,0.0
165,32,source0,8,0,1,1,0,0,1.0
165,32,source0,8,1,1,1,0,0,1.0
165,32,source0,8,2,1,1,0,0,1.0
165,32,source0,8,3,1,1,0,0,1.0
165,32,source0,8,4,1,1,0,0,1.0
165,32,source0,8,5,0,1,0,0,0.0
165,32,source0,8,6,1,1,0,0,1.0
165,32,source0,8,7,1,1,0,0,1.0
165,32,source0,8,8,0,1,0,0,0.0
165,32,source0,8,9,0,1,0,0,0.0
165,32,source0,8,10,0,1,0,0,0.0
165,32,source0,8,11,1,1,0,0,1.0
165,32,source0,8,12,1,1,0,0,1.0
165,32,source0,8,13,1,1,0,0,1.0
165,32,source0,8,14,0,1,0,0,0.0
165,32,source0,8,15,0,1,0,0,0.0
165,32,source0,16,0,1,1,0,0,1.0
165,32,source0,16,1,1,1,0,0,1.0
165,32,source0,16,2,1,1,0,0,1.0
165,32,source0,16,3,1,1,0,0,1.0
165,32,source0,16,4,1,1,0,0,1.0
165,32,source0,16,5,0,1,0,0,0.0
165,32,source0,16,6,1,1,0,0,1.0
165,32,source0,16,7,1,1,0,0,1.0
165,32,source0,16,8,0,1,0,0,0.0
165,32,source0,16,9,0,1,0,0,0.0
165,32,source0,16,10,0,1,0,0,0.0
165,32,source0,16,11,1,1,0,0,1.0
165,32,source0,16,12,1,1,0,0,1.0
165,32,source0,16,13,1,1,0,0,1.0
165,32,source0,16,14,0,1,0,0,0.0
165,32,source0,16,15,0,1,0,0,0.0
165,32,source0,32,0,1,1,0,0,1.0
165,32,source0,32,1,1,1,0,0,1.0
165,32,source0,32,2,1,1,0,0,1.0
165,32,source0,32,3,1,1,0,0,1.0
165,32,source0,32,4,1,1,0,0,1.0
165,32,source0,32,5,0,1,0,0,0.0
165,32,source0,32,6,1,1,0,0,1.0
165,32,source0,32,7,1,1,0,0,1.0
165,32,source0,32,8,0,1,0,0,0.0
165,32,source0,32,9,0,1,0,0,0.0
165,32,source0,32,10,0,1,0,0,0.0
165,32,source0,32,11,1,1,0,0,1.0
165,32,source0,32,12,1,1,0,0,1.0
165,32,source0,32,13,1,1,0,0,1.0
165,32,source0,32,14,0,1,0,0,0.0
165,32,source0,32,15,0,1,0,0,0.0
165,32,source0,64,0,1,1,0,0,1.0
165,32,source0,64,1,1,1,0,0,1.0
165,32,source0,64,2,1,1,0,0,1.0
165,32,source0,64,3,1,1,0,0,1.0
165,32,source0,64,4,1,1,0,0,1.0
165,32,source0,64,5,0,1,0,0,0.0
165,32,source0,64,6,1,1,0,0,1.0
165,32,source0,64,7,1,1,0,0,1.0
165,32,source0,64,8,0,1,0,0,0.0
165,32,source0,64,9,0,1,0,0,0.0
165,32,source0,64,10,0,1,0,0,0.0
165,32,source0,64,11,1,1,0,0,1.0
165,32,source0,64,12,1,1,0,0,1.0
165,32,source0,64,13,1,1,0,0,1.0
165,32,source0,64,14,0,1,0,0,0.0
165,32,source0,64,15,0,1,0,0,0.0
165,32,source0,128,0,1,1,0,0,1.0
165,32,source0,128,1,1,1,0,0,1.0
165,32,source0,128,2,1,1,0,0,1.0
165,32,source0,128,3,1,1,0,0,1.0
165,32,source0,128,4,1,1,0,0,1.0
165,32,source0,128,5,0,1,0,0,0.0
165,32,source0,128,6,1,1,0,0,1.0
165,32,source0,128,7,1,1,0,0,1.0
165,32,source0,128,8,0,1,0,0,0.0
165,32,source0,128,9,0,1,0,0,0.0
165,32,source0,128,10,0,1,0,0,0.0
165,32,source0,128,11,1,1,0,0,1.0
165,32,source0,128,12,1,1,0,0,1.0
165,32,source0,128,13,1,1,0,0,1.0
165,32,source0,128,14,0,1,0,0,0.0
165,32,source0,128,15,0,1,0,0,0.0
165,64,source0,8,0,0,1,0,0,0.0
165,64,source0,8,1,0,1,0,0,0.0
165,64,source0,8,2,0,1,0,0,0.0
165,64,source0,8,3,1,1,0,0,1.0
165,64,source0,8,4,0,1,0,0,0.0
165,64,source0,8,5,0,1,0,0,0.0
165,64,source0,8,6,0,1,0,0,0.0
165,64,source0,8,7,0,1,0,0,0.0
165,64,source0,8,8,0,1,0,0,0.0
165,64,source0,8,9,0,1,0,0,0.0
165,64,source0,8,10,1,1,0,0,1.0
165,64,source0,8,11,0,1,0,0,0.0
165,64,source0,8,12,0,1,0,0,0.0
165,64,source0,8,13,1,1,0,0,1.0
165,64,source0,8,14,0,1,0,0,0.0
165,64,source0,8,15,0,1,0,0,0.0
165,64,source0,16,0,0,1,0,0,0.0
165,64,source0,16,1,0,1,0,0,0.0
165,64,source0,16,2,0,1,0,0,0.0
165,64,source0,16,3,1,1,0,0,1.0
165,64,source0,16,4,0,1,0,0,0.0
165,64,source0,16,5,0,1,0,0,0.0
165,64,source0,16,6,0,1,0,0,0.0
165,64,source0,16,7,0,1,0,0,0.0
165,64,source0,16,8,0,1,0,0,0.0
165,64,source0,16,9,0,1,0,0,0.0
165,64,source0,16,10,1,1,0,0,1.0
165,64,source0,16,11,0,1,0,0,0.0
165,64,source0,16,12,0,1,0,0,0.0
165,64,source0,16,13,1,1,0,0,1.0
165,64,source0,16,14,0,1,0,0,0.0
165,64,source0,16,15,0,1,0,0,0.0
165,64,source0,32,0,0,1,0,0,0.0
165,64,source0,32,1,0,1,0,0,0.0
165,64,source0,32,2,0,1,0,0,0.0
165,64,source0,32,3,1,1,0,0,1.0
165,64,source0,32,4,0,1,0,0,0.0
165,64,source0,32,5,0,1,0,0,0.0
165,64,source0,32,6,0,1,0,0,0.0
165,64,source0,32,7,0,1,0,0,0.0
165,64,source0,32,8,0,1,0,0,0.0
165,64,source0,32,9,0,1,0,0,0.0
165,64,source0,32,10,1,1,0,0,1.0
165,64,source0,32,11,0,1,0,0,0.0
165,64,source0,32,12,0,1,0,0,0.0
165,64,source0,32,13,1,1,0,0,1.0
165,64,source0,32,14,0,1,0,0,0.0
165,64,source0,32,15,0,1,0,0,0.0
165,64,source0,64,0,0,1,0,0,0.0
165,64,source0,64,1,0,1,0,0,0.0
165,64,source0,64,2,0,1,0,0,0.0
165,64,source0,64,3,1,1,0,0,1.0
165,64,source0,64,4,0,1,0,0,0.0
165,64,source0,64,5,0,1,0,0,0.0
165,64,source0,64,6,0,1,0,0,0.0
165,64,source0,64,7,0,1,0,0,0.0
165,64,source0,64,8,0,1,0,0,0.0
165,64,source0,64,9,0,1,0,0,0.0
165,64,source0,64,10,1,1,0,0,1.0
165,64,source0,64,11,0,1,0,0,0.0
165,64,source0,64,12,0,1,0,0,0.0
165,64,source0,64,13,1,1,0,0,1.0
165,64,source0,64,14,0,1,0,0,0.0
165,64,source0,64,15,0,1,0,0,0.0
165,64,source0,128,0,0,1,0,0,0.0
165,64,source0,128,1,0,1,0,0,0.0
165,64,source0,128,2,0,1,0,0,0.0
165,64,source0,128,3,1,1,0,0,1.0
165,64,source0,128,4,0,1,0,0,0.0
165,64,source0,128,5,0,1,0,0,0.0
165,64,source0,128,6,0,1,0,0,0.0
165,64,source0,128,7,0,1,0,0,0.0
165,64,source0,128,8,0,1,0,0,0.0
165,64,source0,128,9,0,1,0,0,0.0
165,64,source0,128,10,1,1,0,0,1.0
165,64,source0,128,11,0,1,0,0,0.0
165,64,source0,128,12,0,1,0,0,0.0
165,64,source0,128,13,1,1,0,0,1.0
165,64,source0,128,14,0,1,0,0,0.0
165,64,source0,128,15,0,1,0,0,0.0
170,32,source0,8,0,1,1,0,0,1.0
170,32,source0,8,1,1,1,0,0,1.0
170,32,source0,8,2,0,1,0,0,0.0
170,32,source0,8,3,1,1,0,0,1.0
170,32,source0,8,4,1,1,0,0,1.0
170,32,source0,8,5,0,1,0,0,0.0
170,32,source0,8,6,1,1,0,0,1.0
170,32,source0,8,7,1,1,0,0,1.0
170,32,source0,8,8,0,1,0,0,0.0
170,32,source0,8,9,0,1,0,0,0.0
170,32,source0,8,10,0,1,0,0,0.0
170,32,source0,8,11,1,1,0,0,1.0
170,32,source0,8,12,1,1,0,0,1.0
170,32,source0,8,13,1,1,0,0,1.0
170,32,source0,8,14,0,1,0,0,0.0
170,32,source0,8,15,0,1,0,0,0.0
170,32,source0,16,0,1,1,0,0,1.0
170,32,source0,16,1,1,1,0,0,1.0
170,32,source0,16,2,0,1,0,0,0.0
170,32,source0,16,3,1,1,0,0,1.0
170,32,source0,16,4,1,1,0,0,1.0
170,32,source0,16,5,0,1,0,0,0.0
170,32,source0,16,6,1,1,0,0,1.0
170,32,source0,16,7,1,1,0,0,1.0
170,32,source0,16,8,0,1,0,0,0.0
170,32,source0,16,9,0,1,0,0,0.0
170,32,source0,16,10,0,1,0,0,0.0
170,32,source0,16,11,1,1,0,0,1.0
170,32,source0,16,12,1,1,0,0,1.0
170,32,source0,16,13,1,1,0,0,1.0
170,32,source0,16,14,0,1,0,0,0.0
170,32,source0,16,15,0,1,0,0,0.0
170,32,source0,32,0,1,1,0,0,1.0
170,32,source0,32,1,1,1,0,0,1.0
170,32,source0,32,2,0,1,0,0,0.0
170,32,source0,32,3,1,1,0,0,1.0
170,32,source0,32,4,1,1,0,0,1.0
170,32,source0,32,5,0,1,0,0,0.0
170,32,source0,32,6,1,1,0,0,1.0
170,32,source0,32,7,1,1,0,0,1.0
170,32,source0,32,8,0,1,0,0,0.0
170,32,source0,32,9,0,1,0,0,0.0
170,32,source0,32,10,0,1,0,0,0.0
170,32,source0,32,11,1,1,0,0,1.0
170,32,source0,32,12,1,1,0,0,1.0
170,32,source0,32,13,1,1,0,0,1.0
170,32,source0,32,14,0,1,0,0,0.0
170,32,source0,32,15,0,1,0,0,0.0
170,32,source0,64,0,1,1,0,0,1.0
170,32,source0,64,1,1,1,0,0,1.0
170,32,source0,64,2,0,1,0,0,0.0
170,32,source0,64,3,1,1,0,0,1.0
170,32,source0,64,4,1,1,0,0,1.0
170,32,source0,64,5,0,1,0,0,0.0
170,32,source0,64,6,1,1,0,0,1.0
170,32,source0,64,7,1,1,0,0,1.0
170,32,source0,64,8,0,1,0,0,0.0
170,32,source0,64,9,0,1,0,0,0.0
170,32,source0,64,10,0,1,0,0,0.0
170,32,source0,64,11,1,1,0,0,1.0
170,32,source0,64,12,1,1,0,0,1.0
170,32,source0,64,13,1,1,0,0,1.0
170,32,source0,64,14,0,1,0,0,0.0
170,32,source0,64,15,0,1,0,0,0.0
170,32,source0,128,0,1,1,0,0,1.0
170,32,source0,128,1,1,1,0,0,1.0
170,32,source0,128,2,0,1,0,0,0.0
170,32,source0,128,3,1,1,0,0,1.0
170,32,source0,128,4,1,1,0,0,1.0
170,32,source0,128,5,0,1,0,0,0.0
170,32,source0,128,6,1,1,0,0,1.0
170,32,source0,128,7,1,1,0,0,1.0
170,32,source0,128,8,0,1,0,0,0.0
170,32,source0,128,9,0,1,0,0,0.0
170,32,source0,128,10,0,1,0,0,0.0
170,32,source0,128,11,1,1,0,0,1.0
170,32,source0,128,12,1,1,0,0,1.0
170,32,source0,128,13,0,1,0,0,0.0
170,32,source0,128,14,0,1,0,0,0.0
170,32,source0,128,15,0,1,0,0,0.0
170,64,source0,8,0,0,1,0,0,0.0
170,64,source0,8,1,0,1,0,0,0.0
170,64,source0,8,2,0,1,0,0,0.0
170,64,source0,8,3,1,1,0,0,1.0
170,64,source0,8,4,0,1,0,0,0.0
170,64,source0,8,5,0,1,0,0,0.0
170,64,source0,8,6,0,1,0,0,0.0
170,64,source0,8,7,0,1,0,0,0.0
170,64,source0,8,8,0,1,0,0,0.0
170,64,source0,8,9,0,1,0,0,0.0
170,64,source0,8,10,1,1,0,0,1.0
170,64,source0,8,11,0,1,0,0,0.0
170,64,source0,8,12,0,1,0,0,0.0
170,64,source0,8,13,1,1,0,0,1.0
170,64,source0,8,14,0,1,0,0,0.0
170,64,source0,8,15,0,1,0,0,0.0
170,64,source0,16,0,0,1,0,0,0.0
170,64,source0,16,1,0,1,0,0,0.0
170,64,source0,16,2,0,1,0,0,0.0
170,64,source0,16,3,1,1,0,0,1.0
170,64,source0,16,4,0,1,0,0,0.0
170,64,source0,16,5,0,1,0,0,0.0
170,64,source0,16,6,0,1,0,0,0.0
170,64,source0,16,7,0,1,0,0,0.0
170,64,source0,16,8,0,1,0,0,0.0
170,64,source0,16,9,0,1,0,0,0.0
170,64,source0,16,10,1,1,0,0,1.0
170,64,source0,16,11,0,1,0,0,0.0
170,64,source0,16,12,0,1,0,0,0.0
170,64,source0,16,13,1,1,0,0,1.0
170,64,source0,16,14,0,1,0,0,0.0
170,64,source0,16,15,0,1,0,0,0.0
170,64,source0,32,0,0,1,0,0,0.0
170,64,source0,32,1,0,1,0,0,0.0
170,64,source0,32,2,0,1,0,0,0.0
170,64,source0,32,3,1,1,0,0,1.0
170,64,source0,32,4,0,1,0,0,0.0
170,64,source0,32,5,0,1,0,0,0.0
170,64,source0,32,6,0,1,0,0,0.0
170,64,source0,32,7,0,1,0,0,0.0
170,64,source0,32,8,0,1,0,0,0.0
170,64,source0,32,9,0,1,0,0,0.0
170,64,source0,32,10,1,1,0,0,1.0
170,64,source0,32,11,0,1,0,0,0.0
170,64,source0,32,12,0,1,0,0,0.0
170,64,source0,32,13,1,1,0,0,1.0
170,64,source0,32,14,0,1,0,0,0.0
170,64,source0,32,15,0,1,0,0,0.0
170,64,source0,64,0,0,1,0,0,0.0
170,64,source0,64,1,0,1,0,0,0.0
170,64,source0,64,2,0,1,0,0,0.0
170,64,source0,64,3,1,1,0,0,1.0
170,64,source0,64,4,0,1,0,0,0.0
170,64,source0,64,5,0,1,0,0,0.0
170,64,source0,64,6,0,1,0,0,0.0
170,64,source0,64,7,0,1,0,0,0.0
170,64,source0,64,8,0,1,0,0,0.0
170,64,source0,64,9,0,1,0,0,0.0
170,64,source0,64,10,1,1,0,0,1.0
170,64,source0,64,11,0,1,0,0,0.0
170,64,source0,64,12,0,1,0,0,0.0
170,64,source0,64,13,1,1,0,0,1.0
170,64,source0,64,14,0,1,0,0,0.0
170,64,source0,64,15,0,1,0,0,0.0
170,64,source0,128,0,0,1,0,0,0.0
170,64,source0,128,1,0,1,0,0,0.0
170,64,source0,128,2,0,1,0,0,0.0
170,64,source0,128,3,1,1,0,0,1.0
170,64,source0,128,4,0,1,0,0,0.0
170,64,source0,128,5,0,1,0,0,0.0
170,64,source0,128,6,0,1,0,0,0.0
170,64,source0,128,7,0,1,0,0,0.0
170,64,source0,128,8,0,1,0,0,0.0
170,64,source0,128,9,0,1,0,0,0.0
170,64,source0,128,10,1,1,0,0,1.0
170,64,source0,128,11,0,1,0,0,0.0
170,64,source0,128,12,0,1,0,0,0.0
170,64,source0,128,13,1,1,0,0,1.0
170,64,source0,128,14,0,1,0,0,0.0
170,64,source0,128,15,0,1,0,0,0.0
175,32,source0,8,0,1,1,0,0,1.0
175,32,source0,8,1,1,1,0,0,1.0
175,32,source0,8,2,1,1,0,0,1.0
175,32,source0,8,3,1,1,0,0,1.0
175,32,source0,8,4,1,1,0,0,1.0
175,32,source0,8,5,0,1,0,0,0.0
175,32,source0,8,6,1,1,0,0,1.0
175,32,source0,8,7,1,1,0,0,1.0
175,32,source0,8,8,0,1,0,0,0.0
175,32,source0,8,9,1,1,0,0,1.0
175,32,source0,8,10,0,1,0,0,0.0
175,32,source0,8,11,1,1,0,0,1.0
175,32,source0,8,12,1,1,0,0,1.0
175,32,source0,8,13,1,1,0,0,1.0
175,32,source0,8,14,0,1,0,0,0.0
175,32,source0,8,15,0,1,0,0,0.0
175,32,source0,16,0,1,1,0,0,1.0
175,32,source0,16,1,1,1,0,0,1.0
175,32,source0,16,2,1,1,0,0,1.0
175,32,source0,16,3,1,1,0,0,1.0
175,32,source0,16,4,1,1,0,0,1.0
175,32,source0,16,5,0,1,0,0,0.0
175,32,source0,16,6,1,1,0,0,1.0
175,32,source0,16,7,1,1,0,0,1.0
175,32,source0,16,8,0,1,0,0,0.0
175,32,source0,16,9,1,1,0,0,1.0
175,32,source0,16,10,0,1,0,0,0.0
175,32,source0,16,11,1,1,0,0,1.0
175,32,source0,16,12,1,1,0,0,1.0
175,32,source0,16,13,1,1,0,0,1.0
175,32,source0,16,14,0,1,0,0,0.0
175,32,source0,16,15,0,1,0,0,0.0
175,32,source0,32,0,1,1,0,0,1.0
175,32,source0,32,1,1,1,0,0,1.0
175,32,source0,32,2,1,1,0,0,1.0
175,32,source0,32,3,1,1,0,0,1.0
175,32,source0,32,4,1,1,0,0,1.0
175,32,source0,32,5,0,1,0,0,0.0
175,32,source0,32,6,1,1,0,0,1.0
175,32,source0,32,7,1,1,0,0,1.0
175,32,source0,32,8,0,1,0,0,0.0
175,32,source0,32,9,1,1,0,0,1.0
175,32,source0,32,10,0,1,0,0,0.0
175,32,source0,32,11,1,1,0,0,1.0
175,32,source0,32,12,1,1,0,0,1.0
175,32,source0,32,13,1,1,0,0,1.0
175,32,source0,32,14,0,1,0,0,0.0
175,32,source0,32,15,0,1,0,0,0.0
175,32,source0,64,0,1,1,0,0,1.0
175,32,source0,64,1,1,1,0,0,1.0
175,32,source0,64,2,1,1,0,0,1.0
175,32,source0,64,3,1,1,0,0,1.0
175,32,source0,64,4,1,1,0,0,1.0
175,32,source0,64,5,0,1,0,0,0.0
175,32,source0,64,6,1,1,0,0,1.0
175,32,source0,64,7,1,1,0,0,1.0
175,32,source0,64,8,0,1,0,0,0.0
175,32,source0,64,9,1,1,0,0,1.0
175,32,source0,64,10,0,1,0,0,0.0
175,32,source0,64,11,1,1,0,0,1.0
175,32,source0,64,12,1,1,0,0,1.0
175,32,source0,64,13,1,1,0,0,1.0
175,32,source0,64,14,0,1,0,0,0.0
175,32,source0,64,15,0,1,0,0,0.0
175,32,source0,128,0,1,1,0,0,1.0
175,32,source0,128,1,1,1,0,0,1.0
175,32,source0,128,2,1,1,0,0,1.0
175,32,source0,128,3,1,1,0,0,1.0
175,32,source0,128,4,1,1,0,0,1.0
175,32,source0,128,5,0,1,0,0,0.0
175,32,source0,128,6,1,1,0,0,1.0
175,32,source0,128,7,1,1,0,0,1.0
175,32,source0,128,8,0,1,0,0,0.0
175,32,source0,128,9,1,1,0,0,1.0
175,32,source0,128,10,0,1,0,0,0.0
175,32,source0,128,11,1,1,0,0,1.0
175,32,source0,128,12,1,1,0,0,1.0
175,32,source0,128,13,0,1,0,0,0.0
175,32,source0,128,14,0,1,0,0,0.0
175,32,source0,128,15,0,1,0,0,0.0
175,64,source0,8,0,0,1,0,0,0.0
175,64,source0,8,1,0,1,0,0,0.0
175,64,source0,8,2,0,1,0,0,0.0
175,64,source0,8,3,1,1,0,0,1.0
175,64,source0,8,4,0,1,0,0,0.0
175,64,source0,8,5,0,1,0,0,0.0
175,64,source0,8,6,0,1,0,0,0.0
175,64,source0,8,7,0,1,0,0,0.0
175,64,source0,8,8,0,1,0,0,0.0
175,64,source0,8,9,0,1,0,0,0.0
175,64,source0,8,10,1,1,0,0,1.0
175,64,source0,8,11,0,1,0,0,0.0
175,64,source0,8,12,0,1,0,0,0.0
175,64,source0,8,13,1,1,0,0,1.0
175,64,source0,8,14,0,1,0,0,0.0
175,64,source0,8,15,0,1,0,0,0.0
175,64,source0,16,0,0,1,0,0,0.0
175,64,source0,16,1,0,1,0,0,0.0
175,64,source0,16,2,0,1,0,0,0.0
175,64,source0,16,3,1,1,0,0,1.0
175,64,source0,16,4,0,1,0,0,0.0
175,64,source0,16,5,0,1,0,0,0.0
175,64,source0,16,6,0,1,0,0,0.0
175,64,source0,16,7,0,1,0,0,0.0
175,64,source0,16,8,0,1,0,0,0.0
175,64,source0,16,9,0,1,0,0,0.0
175,64,source0,16,10,1,1,0,0,1.0
175,64,source0,16,11,0,1,0,0,0.0
175,64,source0,16,12,0,1,0,0,0.0
175,64,source0,16,13,1,1,0,0,1.0
175,64,source0,16,14,0,1,0,0,0.0
175,64,source0,16,15,0,1,0,0,0.0
175,64,source0,32,0,0,1,0,0,0.0
175,64,source0,32,1,0,1,0,0,0.0
175,64,source0,32,2,0,1,0,0,0.0
175,64,source0,32,3,1,1,0,0,1.0
175,64,source0,32,4,0,1,0,0,0.0
175,64,source0,32,5,0,1,0,0,0.0
175,64,source0,32,6,0,1,0,0,0.0
175,64,source0,32,7,0,1,0,0,0.0
175,64,source0,32,8,0,1,0,0,0.0
175,64,source0,32,9,0,1,0,0,0.0
175,64,source0,32,10,1,1,0,0,1.0
175,64,source0,32,11,0,1,0,0,0.0
175,64,source0,32,12,0,1,0,0,0.0
175,64,source0,32,13,1,1,0,0,1.0
175,64,source0,32,14,0,1,0,0,0.0
175,64,source0,32,15,0,1,0,0,0.0
175,64,source0,64,0,0,1,0,0,0.0
175,64,source0,64,1,0,1,0,0,0.0
175,64,source0,64,2,0,1,0,0,0.0
175,64,source0,64,3,1,1,0,0,1.0
175,64,source0,64,4,0,1,0,0,0.0
175,64,source0,64,5,0,1,0,0,0.0
175,64,source0,64,6,0,1,0,0,0.0
175,64,source0,64,7,0,1,0,0,0.0
175,64,source0,64,8,0,1,0,0,0.0
175,64,source0,64,9,0,1,0,0,0.0
175,64,source0,64,10,1,1,0,0,1.0
175,64,source0,64,11,0,1,0,0,0.0
175,64,source0,64,12,0,1,0,0,0.0
175,64,source0,64,13,1,1,0,0,1.0
175,64,source0,64,14,0,1,0,0,0.0
175,64,source0,64,15,0,1,0,0,0.0
175,64,source0,128,0,0,1,0,0,0.0
175,64,source0,128,1,0,1,0,0,0.0
175,64,source0,128,2,0,1,0,0,0.0
175,64,source0,128,3,1,1,0,0,1.0
175,64,source0,128,4,0,1,0,0,0.0
175,64,source0,128,5,0,1,0,0,0.0
175,64,source0,128,6,0,1,0,0,0.0
175,64,source0,128,7,0,1,0,0,0.0
175,64,source0,128,8,0,1,0,0,0.0
175,64,source0,128,9,0,1,0,0,0.0
175,64,source0,128,10,1,1,0,0,1.0
175,64,source0,128,11,0,1,0,0,0.0
175,64,source0,128,12,0,1,0,0,0.0
175,64,source0,128,13,1,1,0,0,1.0
175,64,source0,128,14,0,1,0,0,0.0
175,64,source0,128,15,0,1,0,0,0.0
180,32,source0,8,0,1,1,0,0,1.0
180,32,source0,8,1,1,1,0,0,1.0
180,32,source0,8,2,0,1,0,0,0.0
180,32,source0,8,3,1,1,0,0,1.0
180,32,source0,8,4,1,1,0,0,1.0
180,32,source0,8,5,0,1,0,0,0.0
180,32,source0,8,6,1,1,0,0,1.0
180,32,source0,8,7,1,1,0,0,1.0
180,32,source0,8,8,0,1,0,0,0.0
180,32,source0,8,9,0,1,0,0,0.0
180,32,source0,8,10,0,1,0,0,0.0
180,32,source0,8,11,1,1,0,0,1.0
180,32,source0,8,12,1,1,0,0,1.0
180,32,source0,8,13,1,1,0,0,1.0
180,32,source0,8,14,0,1,0,0,0.0
180,32,source0,8,15,0,1,0,0,0.0
180,32,source0,16,0,0,1,0,0,0.0
180,32,source0,16,1,1,1,0,0,1.0
180,32,source0,16,2,0,1,0,0,0.0
180,32,source0,16,3,1,1,0,0,1.0
180,32,source0,16,4,1,1,0,0,1.0
180,32,source0,16,5,0,1,0,0,0.0
180,32,source0,16,6,1,1,0,0,1.0
180,32,source0,16,7,1,1,0,0,1.0
180,32,source0,16,8,0,1,0,0,0.0
180,32,source0,16,9,0,1,0,0,0.0
180,32,source0,16,10,0,1,0,0,0.0
180,32,source0,16,11,1,1,0,0,1.0
180,32,source0,16,12,1,1,0,0,1.0
180,32,source0,16,13,1,1,0,0,1.0
180,32,source0,16,14,0,1,0,0,0.0
180,32,source0,16,15,0,1,0,0,0.0
180,32,source0,32,0,0,1,0,0,0.0
180,32,source0,32,1,1,1,0,0,1.0
180,32,source0,32,2,0,1,0,0,0.0
180,32,source0,32,3,1,1,0,0,1.0
180,32,source0,32,4,0,1,0,0,0.0
180,32,source0,32,5,0,1,0,0,0.0
180,32,source0,32,6,0,1,0,0,0.0
180,32,source0,32,7,1,1,0,0,1.0
180,32,source0,32,8,0,1,0,0,0.0
180,32,source0,32,9,0,1,0,0,0.0
180,32,source0,32,10,0,1,0,0,0.0
180,32,source0,32,11,1,1,0,0,1.0
180,32,source0,32,12,0,1,0,0,0.0
180,32,source0,32,13,0,1,0,0,0.0
180,32,source0,32,14,0,1,0,0,0.0
180,32,source0,32,15,0,1,0,0,0.0
180,32,source0,64,0,0,1,0,0,0.0
180,32,source0,64,1,1,1,0,0,1.0
180,32,source0,64,2,0,1,0,0,0.0
180,32,source0,64,3,0,1,0,0,0.0
180,32,source0,64,4,0,1,0,0,0.0
180,32,source0,64,5,0,1,0,0,0.0
180,32,source0,64,6,0,1,0,0,0.0
180,32,source0,64,7,0,1,0,0,0.0
180,32,source0,64,8,0,1,0,0,0.0
180,32,source0,64,9,0,1,0,0,0.0
180,32,source0,64,10,0,1,0,0,0.0
180,32,source0,64,11,1,1,0,0,1.0
180,32,source0,64,12,0,1,0,0,0.0
180,32,source0,64,13,0,1,0,0,0.0
180,32,source0,64,14,0,1,0,0,0.0
180,32,source0,64,15,0,1,0,0,0.0
180,32,source0,128,0,0,1,0,0,0.0
180,32,source0,128,1,0,1,0,0,0.0
180,32,source0,128,2,0,1,0,0,0.0
180,32,source0,128,3,0,1,0,0,0.0
180,32,source0,128,4,0,1,0,0,0.0
180,32,source0,128,5,0,1,0,0,0.0
180,32,source0,128,6,0,1,0,0,0.0
180,32,source0,128,7,0,1,0,0,0.0
180,32,source0,128,8,0,1,0,0,0.0
180,32,source0,128,9,0,1,0,0,0.0
180,32,source0,128,10,0,1,0,0,0.0
180,32,source0,128,11,1,1,0,0,1.0
180,32,source0,128,12,0,1,0,0,0.0
180,32,source0,128,13,0,1,0,0,0.0
180,32,source0,128,14,0,1,0,0,0.0
180,32,source0,128,15,0,1,0,0,0.0
180,64,source0,8,0,0,1,0,0,0.0
180,64,source0,8,1,0,1,0,0,0.0
180,64,source0,8,2,0,1,0,0,0.0
180,64,source0,8,3,1,1,0,0,1.0
180,64,source0,8,4,0,1,0,0,0.0
180,64,source0,8,5,0,1,0,0,0.0
180,64,source0,8,6,0,1,0,0,0.0
180,64,source0,8,7,0,1,0,0,0.0
180,64,source0,8,8,0,1,0,0,0.0
180,64,source0,8,9,0,1,0,0,0.0
180,64,source0,8,10,1,1,0,0,1.0
180,64,source0,8,11,0,1,0,0,0.0
180,64,source0,8,12,0,1,0,0,0.0
180,64,source0,8,13,1,1,0,0,1.0
180,64,source0,8,14,0,1,0,0,0.0
180,64,source0,8,15,0,1,0,0,0.0
180,64,source0,16,0,0,1,0,0,0.0
180,64,source0,16,1,0,1,0,0,0.0
180,64,source0,16,2,0,1,0,0,0.0
180,64,source0,16,3,1,1,0,0,1.0
180,64,source0,16,4,0,1,0,0,0.0
180,64,source0,16,5,0,1,0,0,0.0
180,64,source0,16,6,0,1,0,0,0.0
180,64,source0,16,7,0,1,0,0,0.0
180,64,source0,16,8,0,1,0,0,0.0
180,64,source0,16,9,0,1,0,0,0.0
180,64,source0,16,10,1,1,0,0,1.0
180,64,source0,16,11,0,1,0,0,0.0
180,64,source0,16,12,0,1,0,0,0.0
180,64,source0,16,13,1,1,0,0,1.0
180,64,source0,16,14,0,1,0,0,0.0
180,64,source0,16,15,0,1,0,0,0.0
180,64,source0,32,0,0,1,0,0,0.0
180,64,source0,32,1,0,1,0,0,0.0
180,64,source0,32,2,0,1,0,0,0.0
180,64,source0,32,3,1,1,0,0,1.0
180,64,source0,32,4,0,1,0,0,0.0
180,64,source0,32,5,0,1,0,0,0.0
180,64,source0,32,6,0,1,0,0,0.0
180,64,source0,32,7,0,1,0,0,0.0
180,64,source0,32,8,0,1,0,0,0.0
180,64,source0,32,9,0,1,0,0,0.0
180,64,source0,32,10,1,1,0,0,1.0
180,64,source0,32,11,0,1,0,0,0.0
180,64,source0,32,12,0,1,0,0,0.0
180,64,source0,32,13,0,1,0,0,0.0
180,64,source0,32,14,0,1,0,0,0.0
180,64,source0,32,15,0,1,0,0,0.0
180,64,source0,64,0,0,1,0,0,0.0
180,64,source0,64,1,0,1,0,0,0.0
180,64,source0,64,2,0,1,0,0,0.0
180,64,source0,64,3,1,1,0,0,1.0
180,64,source0,64,4,0,1,0,0,0.0
180,64,source0,64,5,0,1,0,0,0.0
180,64,source0,64,6,0,1,0,0,0.0
180,64,source0,64,7,0,1,0,0,0.0
180,64,source0,64,8,0,1,0,0,0.0
180,64,source0,64,9,0,1,0,0,0.0
180,64,source0,64,10,1,1,0,0,1.0
180,64,source0,64,11,0,1,0,0,0.0
180,64,source0,64,12,0,1,0,0,0.0
180,64,source0,64,13,0,1,0,0,0.0
180,64,source0,64,14,0,1,0,0,0.0
180,64,source0,64,15,0,1,0,0,0.0
180,64,source0,128,0,0,1,0,0,0.0
180,64,source0,128,1,0,1,0,0,0.0
180,64,source0,128,2,0,1,0,0,0.0
180,64,source0,128,3,0,1,0,0,0.0
180,64,source0,128,4,0,1,0,0,0.0
180,64,source0,128,5,0,1,0,0,0.0
180,64,source0,128,6,0,1,0,0,0.0
180,64,source0,128,7,0,1,0,0,0.0
180,64,source0,128,8,0,1,0,0,0.0
180,64,source0,128,9,0,1,0,0,0.0
180,64,source0,128,10,1,1,0,0,1.0
180,64,source0,128,11,0,1,0,0,0.0
180,64,source0,128,12,0,1,0,0,0.0
180,64,source0,128,13,0,1,0,0,0.0
180,64,source0,128,14,0,1,0,0,0.0
180,64,source0,128,15,0,1,0,0,0.0
185,32,source0,8,0,1,1,0,0,1.0
185,32,source0,8,1,1,1,0,0,1.0
185,32,source0,8,2,1,1,0,0,1.0
185,32,source0,8,3,1,1,0,0,1.0
185,32,source0,8,4,1,1,0,0,1.0
185,32,source0,8,5,1,1,0,0,1.0
185,32,source0,8,6,1,1,0,0,1.0
185,32,source0,8,7,1,1,0,0,1.0
185,32,source0,8,8,1,1,0,0,1.0
185,32,source0,8,9,1,1,0,0,1.0
185,32,source0,8,10,1,1,0,0,1.0
185,32,source0,8,11,1,1,0,0,1.0
185,32,source0,8,12,1,1,0,0,1.0
185,32,source0,8,13,1,1,0,0,1.0
185,32,source0,8,14,1,1,0,0,1.0
185,32,source0,8,15,1,1,0,0,1.0
185,32,source0,16,0,1,1,0,0,1.0
185,32,source0,16,1,1,1,0,0,1.0
185,32,source0,16,2,1,1,0,0,1.0
185,32,source0,16,3,1,1,0,0,1.0
185,32,source0,16,4,1,1,0,0,1.0
185,32,source0,16,5,1,1,0,0,1.0
185,32,source0,16,6,1,1,0,0,1.0
185,32,source0,16,7,1,1,0,0,1.0
185,32,source0,16,8,1,1,0,0,1.0
185,32,source0,16,9,1,1,0,0,1.0
185,32,source0,16,10,0,1,0,0,0.0
185,32,source0,16,11,1,1,0,0,1.0
185,32,source0,16,12,1,1,0,0,1.0
185,32,source0,16,13,1,1,0,0,1.0
185,32,source0,16,14,1,1,0,0,1.0
185,32,source0,16,15,1,1,0,0,1.0
185,32,source0,32,0,1,1,0,0,1.0
185,32,source0,32,1,1,1,0,0,1.0
185,32,source0,32,2,1,1,0,0,1.0
185,32,source0,32,3,1,1,0,0,1.0
185,32,source0,32,4,1,1,0,0,1.0
185,32,source0,32,5,1,1,0,0,1.0
185,32,source0,32,6,1,1,0,0,1.0
185,32,source0,32,7,1,1,0,0,1.0
185,32,source0,32,8,1,1,0,0,1.0
185,32,source0,32,9,1,1,0,0,1.0
185,32,source0,32,10,0,1,0,0,0.0
185,32,source0,32,11,1,1,0,0,1.0
185,32,source0,32,12,1,1,0,0,1.0
185,32,source0,32,13,1,1,0,0,1.0
185,32,source0,32,14,1,1,0,0,1.0
185,32,source0,32,15,1,1,0,0,1.0
185,32,source0,64,0,1,1,0,0,1.0
185,32,source0,64,1,1,1,0,0,1.0
185,32,source0,64,2,1,1,0,0,1.0
185,32,source0,64,3,1,1,0,0,1.0
185,32,source0,64,4,1,1,0,0,1.0
185,32,source0,64,5,1,1,0,0,1.0
185,32,source0,64,6,1,1,0,0,1.0
185,32,source0,64,7,1,1,0,0,1.0
185,32,source0,64,8,1,1,0,0,1.0
185,32,source0,64,9,1,1,0,0,1.0
185,32,source0,64,10,0,1,0,0,0.0
185,32,source0,64,11,1,1,0,0,1.0
185,32,source0,64,12,1,1,0,0,1.0
185,32,source0,64,13,0,1,0,0,0.0
185,32,source0,64,14,1,1,0,0,1.0
185,32,source0,64,15,1,1,0,0,1.0
185,32,source0,128,0,1,1,0,0,1.0
185,32,source0,128,1,1,1,0,0,1.0
185,32,source0,128,2,1,1,0,0,1.0
185,32,source0,128,3,1,1,0,0,1.0
185,32,source0,128,4,1,1,0,0,1.0
185,32,source0,128,5,1,1,0,0,1.0
185,32,source0,128,6,1,1,0,0,1.0
185,32,source0,128,7,1,1,0,0,1.0
185,32,source0,128,8,1,1,0,0,1.0
185,32,source0,128,9,1,1,0,0,1.0
185,32,source0,128,10,0,1,0,0,0.0
185,32,source0,128,11,1,1,0,0,1.0
185,32,source0,128,12,1,1,0,0,1.0
185,32,source0,128,13,0,1,0,0,0.0
185,32,source0,128,14,1,1,0,0,1.0
185,32,source0,128,15,0,1,0,0,0.0
185,64,source0,8,0,1,1,0,0,1.0
185,64,source0,8,1,1,1,0,0,1.0
185,64,source0,8,2,1,1,0,0,1.0
185,64,source0,8,3,1,1,0,0,1.0
185,64,source0,8,4,1,1,0,0,1.0
185,64,source0,8,5,1,1,0,0,1.0
185,64,source0,8,6,1,1,0,0,1.0
185,64,source0,8,7,1,1,0,0,1.0
185,64,source0,8,8,1,1,0,0,1.0
185,64,source0,8,9,1,1,0,0,1.0
185,64,source0,8,10,1,1,0,0,1.0
185,64,source0,8,11,1,1,0,0,1.0
185,64,source0,8,12,1,1,0,0,1.0
185,64,source0,8,13,1,1,0,0,1.0
185,64,source0,8,14,1,1,0,0,1.0
185,64,source0,8,15,1,1,0,0,1.0
185,64,source0,16,0,1,1,0,0,1.0
185,64,source0,16,1,1,1,0,0,1.0
185,64,source0,16,2,1,1,0,0,1.0
185,64,source0,16,3,1,1,0,0,1.0
185,64,source0,16,4,1,1,0,0,1.0
185,64,source0,16,5,1,1,0,0,1.0
185,64,source0,16,6,1,1,0,0,1.0
185,64,source0,16,7,1,1,0,0,1.0
185,64,source0,16,8,1,1,0,0,1.0
185,64,source0,16,9,1,1,0,0,1.0
185,64,source0,16,10,1,1,0,0,1.0
185,64,source0,16,11,1,1,0,0,1.0
185,64,source0,16,12,1,1,0,0,1.0
185,64,source0,16,13,1,1,0,0,1.0
185,64,source0,16,14,1,1,0,0,1.0
185,64,source0,16,15,1,1,0,0,1.0
185,64,source0,32,0,1,1,0,0,1.0
185,64,source0,32,1,1,1,0,0,1.0
185,64,source0,32,2,1,1,0,0,1.0
185,64,source0,32,3,1,1,0,0,1.0
185,64,source0,32,4,1,1,0,0,1.0
185,64,source0,32,5,1,1,0,0,1.0
185,64,source0,32,6,1,1,0,0,1.0
185,64,source0,32,7,1,1,0,0,1.0
185,64,source0,32,8,1,1,0,0,1.0
185,64,source0,32,9,1,1,0,0,1.0
185,64,source0,32,10,1,1,0,0,1.0
185,64,source0,32,11,1,1,0,0,1.0
185,64,source0,32,12,1,1,0,0,1.0
185,64,source0,32,13,1,1,0,0,1.0
185,64,source0,32,14,1,1,0,0,1.0
185,64,source0,32,15,1,1,0,0,1.0
185,64,source0,64,0,1,1,0,0,1.0
185,64,source0,64,1,1,1,0,0,1.0
185,64,source0,64,2,1,1,0,0,1.0
185,64,source0,64,3,1,1,0,0,1.0
185,64,source0,64,4,1,1,0,0,1.0
185,64,source0,64,5,1,1,0,0,1.0
185,64,source0,64,6,1,1,0,0,1.0
185,64,source0,64,7,1,1,0,0,1.0
185,64,source0,64,8,1,1,0,0,1.0
185,64,source0,64,9,1,1,0,0,1.0
185,64,source0,64,10,1,1,0,0,1.0
185,64,source0,64,11,1,1,0,0,1.0
185,64,source0,64,12,1,1,0,0,1.0
185,64,source0,64,13,1,1,0,0,1.0
185,64,source0,64,14,1,1,0,0,1.0
185,64,source0,64,15,1,1,0,0,1.0
185,64,source0,128,0,1,1,0,0,1.0
185,64,source0,128,1,1,1,0,0,1.0
185,64,source0,128,2,1,1,0,0,1.0
185,64,source0,128,3,1,1,0,0,1.0
185,64,source0,128,4,1,1,0,0,1.0
185,64,source0,128,5,1,1,0,0,1.0
185,64,source0,128,6,1,1,0,0,1.0
185,64,source0,128,7,1,1,0,0,1.0
185,64,source0,128,8,1,1,0,0,1.0
185,64,source0,128,9,1,1,0,0,1.0
185,64,source0,128,10,1,1,0,0,1.0
185,64,source0,128,11,0,1,0,0,0.0
185,64,source0,128,12,1,1,0,0,1.0
185,64,source0,128,13,1,1,0,0,1.0
185,64,source0,128,14,1,1,0,0,1.0
185,64,source0,128,15,1,1,0,0,1.0
190,32,source0,8,0,1,1,0,0,1.0
190,32,source0,8,1,1,1,0,0,1.0
190,32,source0,8,2,1,1,0,0,1.0
190,32,source0,8,3,1,1,0,0,1.0
190,32,source0,8,4,1,1,0,0,1.0
190,32,source0,8,5,1,1,0,0,1.0
190,32,source0,8,6,1,1,0,0,1.0
190,32,source0,8,7,1,1,0,0,1.0
190,32,source0,8,8,1,1,0,0,1.0
190,32,source0,8,9,1,1,0,0,1.0
190,32,source0,8,10,1,1,0,0,1.0
190,32,source0,8,11,1,1,0,0,1.0
190,32,source0,8,12,1,1,0,0,1.0
190,32,source0,8,13,1,1,0,0,1.0
190,32,source0,8,14,1,1,0,0,1.0
190,32,source0,8,15,1,1,0,0,1.0
190,32,source0,16,0,1,1,0,0,1.0
190,32,source0,16,1,1,1,0,0,1.0
190,32,source0,16,2,1,1,0,0,1.0
190,32,source0,16,3,1,1,0,0,1.0
190,32,source0,16,4,1,1,0,0,1.0
190,32,source0,16,5,1,1,0,0,1.0
190,32,source0,16,6,1,1,0,0,1.0
190,32,source0,16,7,1,1,0,0,1.0
190,32,source0,16,8,1,1,0,0,1.0
190,32,source0,16,9,1,1,0,0,1.0
190,32,source0,16,10,1,1,0,0,1.0
190,32,source0,16,11,1,1,0,0,1.0
190,32,source0,16,12,1,1,0,0,1.0
190,32,source0,16,13,1,1,0,0,1.0
190,32,source0,16,14,1,1,0,0,1.0
190,32,source0,16,15,1,1,0,0,1.0
190,32,source0,32,0,1,1,0,0,1.0
190,32,source0,32,1,1,1,0,0,1.0
190,32,source0,32,2,1,1,0,0,1.0
190,32,source0,32,3,1,1,0,0,1.0
190,32,source0,32,4,1,1,0,0,1.0
190,32,source0,32,5,1,1,0,0,1.0
190,32,source0,32,6,1,1,0,0,1.0
190,32,source0,32,7,1,1,0,0,1.0
190,32,source0,32,8,1,1,0,0,1.0
190,32,source0,32,9,1,1,0,0,1.0
190,32,source0,32,10,1,1,0,0,1.0
190,32,source0,32,11,1,1,0,0,1.0
190,32,source0,32,12,1,1,0,0,1.0
190,32,source0,32,13,1,1,0,0,1.0
190,32,source0,32,14,1,1,0,0,1.0
190,32,source0,32,15,1,1,0,0,1.0
190,32,source0,64,0,1,1,0,0,1.0
190,32,source0,64,1,1,1,0,0,1.0
190,32,source0,64,2,1,1,0,0,1.0
190,32,source0,64,3,1,1,0,0,1.0
190,32,source0,64,4,1,1,0,0,1.0
190,32,source0,64,5,1,1,0,0,1.0
190,32,source0,64,6,1,1,0,0,1.0
190,32,source0,64,7,1,1,0,0,1.0
190,32,source0,64,8,1,1,0,0,1.0
190,32,source0,64,9,1,1,0,0,1.0
190,32,source0,64,10,1,1,0,0,1.0
190,32,source0,64,11,1,1,0,0,1.0
190,32,source0,64,12,1,1,0,0,1.0
190,32,source0,64,13,1,1,0,0,1.0
190,32,source0,64,14,1,1,0,0,1.0
190,32,source0,64,15,1,1,0,0,1.0
190,32,source0,128,0,1,1,0,0,1.0
190,32,source0,128,1,1,1,0,0,1.0
190,32,source0,128,2,1,1,0,0,1.0
190,32,source0,128,3,1,1,0,0,1.0
190,32,source0,128,4,1,1,0,0,1.0
190,32,source0,128,5,1,1,0,0,1.0
190,32,source0,128,6,1,1,0,0,1.0
190,32,source0,128,7,1,1,0,0,1.0
190,32,source0,128,8,1,1,0,0,1.0
190,32,source0,128,9,1,1,0,0,1.0
190,32,source0,128,10,1,1,0,0,1.0
190,32,source0,128,11,1,1,0,0,1.0
190,32,source0,128,12,1,1,0,0,1.0
190,32,source0,128,13,1,1,0,0,1.0
190,32,source0,128,14,1,1,0,0,1.0
190,32,source0,128,15,1,1,0,0,1.0
190,64,source0,8,0,1,1,0,0,1.0
190,64,source0,8,1,1,1,0,0,1.0
190,64,source0,8,2,1,1,0,0,1.0
190,64,source0,8,3,1,1,0,0,1.0
190,64,source0,8,4,1,1,0,0,1.0
190,64,source0,8,5,1,1,0,0,1.0
190,64,source0,8,6,1,1,0,0,1.0
190,64,source0,8,7,1,1,0,0,1.0
190,64,source0,8,8,1,1,0,0,1.0
190,64,source0,8,9,1,1,0,0,1.0
190,64,source0,8,10,1,1,0,0,1.0
190,64,source0,8,11,1,1,0,0,1.0
190,64,source0,8,12,1,1,0,0,1.0
190,64,source0,8,13,1,1,0,0,1.0
190,64,source0,8,14,1,1,0,0,1.0
190,64,source0,8,15,1,1,0,0,1.0
190,64,source0,16,0,1,1,0,0,1.0
190,64,source0,16,1,1,1,0,0,1.0
190,64,source0,16,2,1,1,0,0,1.0
190,64,source0,16,3,1,1,0,0,1.0
190,64,source0,16,4,1,1,0,0,1.0
190,64,source0,16,5,1,1,0,0,1.0
190,64,source0,16,6,1,1,0,0,1.0
190,64,source0,16,7,1,1,0,0,1.0
190,64,source0,16,8,1,1,0,0,1.0
190,64,source0,16,9,1,1,0,0,1.0
190,64,source0,16,10,1,1,0,0,1.0
190,64,source0,16,11,1,1,0,0,1.0
190,64,source0,16,12,1,1,0,0,1.0
190,64,source0,16,13,1,1,0,0,1.0
190,64,source0,16,14,1,1,0,0,1.0
190,64,source0,16,15,1,1,0,0,1.0
190,64,source0,32,0,1,1,0,0,1.0
190,64,source0,32,1,1,1,0,0,1.0
190,64,source0,32,2,1,1,0,0,1.0
190,64,source0,32,3,1,1,0,0,1.0
190,64,source0,32,4,1,1,0,0,1.0
190,64,source0,32,5,1,1,0,0,1.0
190,64,source0,32,6,1,1,0,0,1.0
190,64,source0,32,7,1,1,0,0,1.0
190,64,source0,32,8,1,1,0,0,1.0
190,64,source0,32,9,1,1,0,0,1.0
190,64,source0,32,10,1,1,0,0,1.0
190,64,source0,32,11,1,1,0,0,1.0
190,64,source0,32,12,1,1,0,0,1.0
190,64,source0,32,13,1,1,0,0,1.0
190,64,source0,32,14,1,1,0,0,1.0
190,64,source0,32,15,1,1,0,0,1.0
190,64,source0,64,0,1,1,0,0,1.0
190,64,source0,64,1,1,1,0,0,1.0
190,64,source0,64,2,1,1,0,0,1.0
190,64,source0,64,3,1,1,0,0,1.0
190,64,source0,64,4,1,1,0,0,1.0
190,64,source0,64,5,1,1,0,0,1.0
190,64,source0,64,6,1,1,0,0,1.0
190,64,source0,64,7,1,1,0,0,1.0
190,64,source0,64,8,1,1,0,0,1.0
190,64,source0,64,9,1,1,0,0,1.0
190,64,source0,64,10,1,1,0,0,1.0
190,64,source0,64,11,1,1,0,0,1.0
190,64,source0,64,12,1,1,0,0,1.0
190,64,source0,64,13,1,1,0,0,1.0
190,64,source0,64,14,1,1,0,0,1.0
190,64,source0,64,15,1,1,0,0,1.0
190,64,source0,128,0,1,1,0,0,1.0
190,64,source0,128,1,1,1,0,0,1.0
190,64,source0,128,2,1,1,0,0,1.0
190,64,source0,128,3,1,1,0,0,1.0
190,64,source0,128,4,1,1,0,0,1.0
190,64,source0,128,5,1,1,0,0,1.0
190,64,source0,128,6,1,1,0,0,1.0
190,64,source0,128,7,1,1,0,0,1.0
190,64,source0,128,8,1,1,0,0,1.0
190,64,source0,128,9,1,1,0,0,1.0
190,64,source0,128,10,1,1,0,0,1.0
190,64,source0,128,11,1,1,0,0,1.0
190,64,source0,128,12,1,1,0,0,1.0
190,64,source0,128,13,1,1,0,0,1.0
190,64,source0,128,14,1,1,0,0,1.0
190,64,source0,128,15,1,1,0,0,1.0
195,32,source0,8,0,1,1,0,0,1.0
195,32,source0,8,1,1,1,0,0,1.0
195,32,source0,8,2,1,1,0,0,1.0
195,32,source0,8,3,1,1,0,0,1.0
195,32,source0,8,4,1,1,0,0,1.0
195,32,source0,8,5,0,1,0,0,0.0
195,32,source0,8,6,1,1,0,0,1.0
195,32,source0,8,7,1,1,0,0,1.0
195,32,source0,8,8,1,1,0,0,1.0
195,32,source0,8,9,1,1,0,0,1.0
195,32,source0,8,10,0,1,0,0,0.0
195,32,source0,8,11,1,1,0,0,1.0
195,32,source0,8,12,1,1,0,0,1.0
195,32,source0,8,13,1,1,0,0,1.0
195,32,source0,8,14,1,1,0,0,1.0
195,32,source0,8,15,0,1,0,0,0.0
195,32,source0,16,0,1,1,0,0,1.0
195,32,source0,16,1,1,1,0,0,1.0
195,32,source0,16,2,1,1,0,0,1.0
195,32,source0,16,3,1,1,0,0,1.0
195,32,source0,16,4,1,1,0,0,1.0
195,32,source0,16,5,0,1,0,0,0.0
195,32,source0,16,6,1,1,0,0,1.0
195,32,source0,16,7,1,1,0,0,1.0
195,32,source0,16,8,1,1,0,0,1.0
195,32,source0,16,9,1,1,0,0,1.0
195,32,source0,16,10,0,1,0,0,0.0
195,32,source0,16,11,1,1,0,0,1.0
195,32,source0,16,12,1,1,0,0,1.0
195,32,source0,16,13,1,1,0,0,1.0
195,32,source0,16,14,1,1,0,0,1.0
195,32,source0,16,15,0,1,0,0,0.0
195,32,source0,32,0,1,1,0,0,1.0
195,32,source0,32,1,1,1,0,0,1.0
195,32,source0,32,2,1,1,0,0,1.0
195,32,source0,32,3,1,1,0,0,1.0
195,32,source0,32,4,1,1,0,0,1.0
195,32,source0,32,5,0,1,0,0,0.0
195,32,source0,32,6,1,1,0,0,1.0
195,32,source0,32,7,1,1,0,0,1.0
195,32,source0,32,8,1,1,0,0,1.0
195,32,source0,32,9,1,1,0,0,1.0
195,32,source0,32,10,0,1,0,0,0.0
195,32,source0,32,11,1,1,0,0,1.0
195,32,source0,32,12,1,1,0,0,1.0
195,32,source0,32,13,1,1,0,0,1.0
195,32,source0,32,14,1,1,0,0,1.0
195,32,source0,32,15,0,1,0,0,0.0
195,32,source0,64,0,1,1,0,0,1.0
195,32,source0,64,1,1,1,0,0,1.0
195,32,source0,64,2,1,1,0,0,1.0
195,32,source0,64,3,1,1,0,0,1.0
195,32,source0,64,4,1,1,0,0,1.0
195,32,source0,64,5,0,1,0,0,0.0
195,32,source0,64,6,1,1,0,0,1.0
195,32,source0,64,7,1,1,0,0,1.0
195,32,source0,64,8,1,1,0,0,1.0
195,32,source0,64,9,1,1,0,0,1.0
195,32,source0,64,10,0,1,0,0,0.0
195,32,source0,64,11,1,1,0,0,1.0
195,32,source0,64,12,1,1,0,0,1.0
195,32,source0,64,13,1,1,0,0,1.0
195,32,source0,64,14,1,1,0,0,1.0
195,32,source0,64,15,0,1,0,0,0.0
195,32,source0,128,0,1,1,0,0,1.0
195,32,source0,128,1,1,1,0,0,1.0
195,32,source0,128,2,1,1,0,0,1.0
195,32,source0,128,3,1,1,0,0,1.0
195,32,source0,128,4,1,1,0,0,1.0
195,32,source0,128,5,0,1,0,0,0.0
195,32,source0,128,6,1,1,0,0,1.0
195,32,source0,128,7,1,1,0,0,1.0
195,32,source0,128,8,1,1,0,0,1.0
195,32,source0,128,9,1,1,0,0,1.0
195,32,source0,128,10,0,1,0,0,0.0
195,32,source0,128,11,1,1,0,0,1.0
195,32,source0,128,12,1,1,0,0,1.0
195,32,source0,128,13,1,1,0,0,1.0
195,32,source0,128,14,1,1,0,0,1.0
195,32,source0,128,15,0,1,0,0,0.0
195,64,source0,8,0,0,1,0,0,0.0
195,64,source0,8,1,0,1,0,0,0.0
195,64,source0,8,2,0,1,0,0,0.0
195,64,source0,8,3,1,1,0,0,1.0
195,64,source0,8,4,0,1,0,0,0.0
195,64,source0,8,5,0,1,0,0,0.0
195,64,source0,8,6,0,1,0,0,0.0
195,64,source0,8,7,0,1,0,0,0.0
195,64,source0,8,8,0,1,0,0,0.0
195,64,source0,8,9,0,1,0,0,0.0
195,64,source0,8,10,1,1,0,0,1.0
195,64,source0,8,11,0,1,0,0,0.0
195,64,source0,8,12,0,1,0,0,0.0
195,64,source0,8,13,1,1,0,0,1.0
195,64,source0,8,14,0,1,0,0,0.0
195,64,source0,8,15,0,1,0,0,0.0
195,64,source0,16,0,0,1,0,0,0.0
195,64,source0,16,1,0,1,0,0,0.0
195,64,source0,16,2,0,1,0,0,0.0
195,64,source0,16,3,1,1,0,0,1.0
195,64,source0,16,4,0,1,0,0,0.0
195,64,source0,16,5,0,1,0,0,0.0
195,64,source0,16,6,0,1,0,0,0.0
195,64,source0,16,7,0,1,0,0,0.0
195,64,source0,16,8,0,1,0,0,0.0
195,64,source0,16,9,0,1,0,0,0.0
195,64,source0,16,10,1,1,0,0,1.0
195,64,source0,16,11,0,1,0,0,0.0
195,64,source0,16,12,0,1,0,0,0.0
195,64,source0,16,13,1,1,0,0,1.0
195,64,source0,16,14,0,1,0,0,0.0
195,64,source0,16,15,0,1,0,0,0.0
195,64,source0,32,0,0,1,0,0,0.0
195,64,source0,32,1,0,1,0,0,0.0
195,64,source0,32,2,0,1,0,0,0.0
195,64,source0,32,3,1,1,0,0,1.0
195,64,source0,32,4,0,1,0,0,0.0
195,64,source0,32,5,0,1,0,0,0.0
195,64,source0,32,6,0,1,0,0,0.0
195,64,source0,32,7,0,1,0,0,0.0
195,64,source0,32,8,0,1,0,0,0.0
195,64,source0,32,9,0,1,0,0,0.0
195,64,source0,32,10,1,1,0,0,1.0
195,64,source0,32,11,0,1,0,0,0.0
195,64,source0,32,12,0,1,0,0,0.0
195,64,source0,32,13,1,1,0,0,1.0
195,64,source0,32,14,0,1,0,0,0.0
195,64,source0,32,15,0,1,0,0,0.0
195,64,source0,64,0,0,1,0,0,0.0
195,64,source0,64,1,0,1,0,0,0.0
195,64,source0,64,2,0,1,0,0,0.0
195,64,source0,64,3,1,1,0,0,1.0
195,64,source0,64,4,0,1,0,0,0.0
195,64,source0,64,5,0,1,0,0,0.0
195,64,source0,64,6,0,1,0,0,0.0
195,64,source0,64,7,0,1,0,0,0.0
195,64,source0,64,8,0,1,0,0,0.0
195,64,source0,64,9,0,1,0,0,0.0
195,64,source0,64,10,1,1,0,0,1.0
195,64,source0,64,11,0,1,0,0,0.0
195,64,source0,64,12,0,1,0,0,0.0
195,64,source0,64,13,1,1,0,0,1.0
195,64,source0,64,14,0,1,0,0,0.0
195,64,source0,64,15,0,1,0,0,0.0
195,64,source0,128,0,0,1,0,0,0.0
195,64,source0,128,1,0,1,0,0,0.0
195,64,source0,128,2,0,1,0,0,0.0
195,64,source0,128,3,1,1,0,0,1.0
195,64,source0,128,4,0,1,0,0,0.0
195,64,source0,128,5,0,1,0,0,0.0
195,64,source0,128,6,0,1,0,0,0.0
195,64,source0,128,7,0,1,0,0,0.0
195,64,source0,128,8,0,1,0,0,0.0
195,64,source0,128,9,0,1,0,0,0.0
195,64,source0,128,10,1,1,0,0,1.0
195,64,source0,128,11,0,1,0,0,0.0
195,64,source0,128,12,0,1,0,0,0.0
195,64,source0,128,13,1,1,0,0,1.0
195,64,source0,128,14,0,1,0,0,0.0
195,64,source0,128,15,0,1,0,0,0.0
200,32,source0,8,0,1,1,0,0,1.0
200,32,source0,8,1,0,1,0,0,0.0
200,32,source0,8,2,1,1,0,0,1.0
200,32,source0,8,3,1,1,0,0,1.0
200,32,source0,8,4,1,1,0,0,1.0
200,32,source0,8,5,1,1,0,0,1.0
200,32,source0,8,6,1,1,0,0,1.0
200,32,source0,8,7,0,1,0,0,0.0
200,32,source0,8,8,0,1,0,0,0.0
200,32,source0,8,9,0,1,0,0,0.0
200,32,source0,8,10,1,1,0,0,1.0
200,32,source0,8,11,1,1,0,0,1.0
200,32,source0,8,12,1,1,0,0,1.0
200,32,source0,8,13,0,1,0,0,0.0
200,32,source0,8,14,0,1,0,0,0.0
200,32,source0,8,15,1,1,0,0,1.0
200,32,source0,16,0,1,1,0,0,1.0
200,32,source0,16,1,0,1,0,0,0.0
200,32,source0,16,2,1,1,0,0,1.0
200,32,source0,16,3,1,1,0,0,1.0
200,32,source0,16,4,1,1,0,0,1.0
200,32,source0,16,5,1,1,0,0,1.0
200,32,source0,16,6,1,1,0,0,1.0
200,32,source0,16,7,0,1,0,0,0.0
200,32,source0,16,8,0,1,0,0,0.0
200,32,source0,16,9,0,1,0,0,0.0
200,32,source0,16,10,1,1,0,0,1.0
200,32,source0,16,11,1,1,0,0,1.0
200,32,source0,16,12,1,1,0,0,1.0
200,32,source0,16,13,0,1,0,0,0.0
200,32,source0,16,14,0,1,0,0,0.0
200,32,source0,16,15,1,1,0,0,1.0
200,32,source0,32,0,1,1,0,0,1.0
200,32,source0,32,1,0,1,0,0,0.0
200,32,source0,32,2,1,1,0,0,1.0
200,32,source0,32,3,1,1,0,0,1.0
200,32,source0,32,4,1,1,0,0,1.0
200,32,source0,32,5,1,1,0,0,1.0
200,32,source0,32,6,1,1,0,0,1.0
200,32,source0,32,7,0,1,0,0,0.0
200,32,source0,32,8,0,1,0,0,0.0
200,32,source0,32,9,0,1,0,0,0.0
200,32,source0,32,10,1,1,0,0,1.0
200,32,source0,32,11,1,1,0,0,1.0
200,32,source0,32,12,1,1,0,0,1.0
200,32,source0,32,13,0,1,0,0,0.0
200,32,source0,32,14,0,1,0,0,0.0
200,32,source0,32,15,1,1,0,0,1.0
200,32,source0,64,0,1,1,0,0,1.0
200,32,source0,64,1,0,1,0,0,0.0
200,32,source0,64,2,1,1,0,0,1.0
200,32,source0,64,3,1,1,0,0,1.0
200,32,source0,64,4,1,1,0,0,1.0
200,32,source0,64,5,1,1,0,0,1.0
200,32,source0,64,6,1,1,0,0,1.0
200,32,source0,64,7,0,1,0,0,0.0
200,32,source0,64,8,0,1,0,0,0.0
200,32,source0,64,9,0,1,0,0,0.0
200,32,source0,64,10,1,1,0,0,1.0
200,32,source0,64,11,1,1,0,0,1.0
200,32,source0,64,12,1,1,0,0,1.0
200,32,source0,64,13,0,1,0,0,0.0
200,32,source0,64,14,0,1,0,0,0.0
200,32,source0,64,15,1,1,0,0,1.0
200,32,source0,128,0,1,1,0,0,1.0
200,32,source0,128,1,0,1,0,0,0.0
200,32,source0,128,2,1,1,0,0,1.0
200,32,source0,128,3,1,1,0,0,1.0
200,32,source0,128,4,1,1,0,0,1.0
200,32,source0,128,5,1,1,0,0,1.0
200,32,source0,128,6,1,1,0,0,1.0
200,32,source0,128,7,0,1,0,0,0.0
200,32,source0,128,8,0,1,0,0,0.0
200,32,source0,128,9,0,1,0,0,0.0
200,32,source0,128,10,1,1,0,0,1.0
200,32,source0,128,11,1,1,0,0,1.0
200,32,source0,128,12,1,1,0,0,1.0
200,32,source0,128,13,0,1,0,0,0.0
200,32,source0,128,14,0,1,0,0,0.0
200,32,source0,128,15,1,1,0,0,1.0
200,64,source0,8,0,1,1,0,0,1.0
200,64,source0,8,1,1,1,0,0,1.0
200,64,source0,8,2,1,1,0,0,1.0
200,64,source0,8,3,0,1,0,0,0.0
200,64,source0,8,4,1,1,0,0,1.0
200,64,source0,8,5,1,1,0,0,1.0
200,64,source0,8,6,1,1,0,0,1.0
200,64,source0,8,7,1,1,0,0,1.0
200,64,source0,8,8,1,1,0,0,1.0
200,64,source0,8,9,1,1,0,0,1.0
200,64,source0,8,10,1,1,0,0,1.0
200,64,source0,8,11,1,1,0,0,1.0
200,64,source0,8,12,1,1,0,0,1.0
200,64,source0,8,13,1,1,0,0,1.0
200,64,source0,8,14,1,1,0,0,1.0
200,64,source0,8,15,1,1,0,0,1.0
200,64,source0,16,0,1,1,0,0,1.0
200,64,source0,16,1,1,1,0,0,1.0
200,64,source0,16,2,1,1,0,0,1.0
200,64,source0,16,3,0,1,0,0,0.0
200,64,source0,16,4,1,1,0,0,1.0
200,64,source0,16,5,1,1,0,0,1.0
200,64,source0,16,6,1,1,0,0,1.0
200,64,source0,16,7,1,1,0,0,1.0
200,64,source0,16,8,1,1,0,0,1.0
200,64,source0,16,9,1,1,0,0,1.0
200,64,source0,16,10,1,1,0,0,1.0
200,64,source0,16,11,1,1,0,0,1.0
200,64,source0,16,12,1,1,0,0,1.0
200,64,source0,16,13,1,1,0,0,1.0
200,64,source0,16,14,1,1,0,0,1.0
200,64,source0,16,15,1,1,0,0,1.0
200,64,source0,32,0,1,1,0,0,1.0
200,64,source0,32,1,1,1,0,0,1.0
200,64,source0,32,2,1,1,0,0,1.0
200,64,source0,32,3,0,1,0,0,0.0
200,64,source0,32,4,1,1,0,0,1.0
200,64,source0,32,5,1,1,0,0,1.0
200,64,source0,32,6,1,1,0,0,1.0
200,64,source0,32,7,1,1,0,0,1.0
200,64,source0,32,8,1,1,0,0,1.0
200,64,source0,32,9,1,1,0,0,1.0
200,64,source0,32,10,1,1,0,0,1.0
200,64,source0,32,11,1,1,0,0,1.0
200,64,source0,32,12,1,1,0,0,1.0
200,64,source0,32,13,1,1,0,0,1.0
200,64,source0,32,14,1,1,0,0,1.0
200,64,source0,32,15,1,1,0,0,1.0
200,64,source0,64,0,1,1,0,0,1.0
200,64,source0,64,1,1,1,0,0,1.0
200,64,source0,64,2,1,1,0,0,1.0
200,64,source0,64,3,0,1,0,0,0.0
200,64,source0,64,4,1,1,0,0,1.0
200,64,source0,64,5,1,1,0,0,1.0
200,64,source0,64,6,1,1,0,0,1.0
200,64,source0,64,7,1,1,0,0,1.0
200,64,source0,64,8,1,1,0,0,1.0
200,64,source0,64,9,1,1,0,0,1.0
200,64,source0,64,10,1,1,0,0,1.0
200,64,source0,64,11,1,1,0,0,1.0
200,64,source0,64,12,1,1,0,0,1.0
200,64,source0,64,13,1,1,0,0,1.0
200,64,source0,64,14,1,1,0,0,1.0
200,64,source0,64,15,1,1,0,0,1.0
200,64,source0,128,0,1,1,0,0,1.0
200,64,source0,128,1,1,1,0,0,1.0
200,64,source0,128,2,1,1,0,0,1.0
200,64,source0,128,3,0,1,0,0,0.0
200,64,source0,128,4,1,1,0,0,1.0
200,64,source0,128,5,1,1,0,0,1.0
200,64,source0,128,6,1,1,0,0,1.0
200,64,source0,128,7,1,1,0,0,1.0
200,64,source0,128,8,1,1,0,0,1.0
200,64,source0,128,9,1,1,0,0,1.0
200,64,source0,128,10,1,1,0,0,1.0
200,64,source0,128,11,1,1,0,0,1.0
200,64,source0,128,12,1,1,0,0,1.0
200,64,source0,128,13,1,1,0,0,1.0
200,64,source0,128,14,1,1,0,0,1.0
200,64,source0,128,15,1,1,0,0,1.0
300,32,source0,8,0,1,1,0,0,1.0
300,32,source0,8,1,1,1,0,0,1.0
300,32,source0,8,2,1,1,0,0,1.0
300,32,source0,8,3,1,1,0,0,1.0
300,32,source0,8,4,1,1,0,0,1.0
300,32,source0,8,5,1,1,0,0,1.0
300,32,source0,8,6,1,1,0,0,1.0
300,32,source0,8,7,1,1,0,0,1.0
300,32,source0,8,8,1,1,0,0,1.0
300,32,source0,8,9,1,1,0,0,1.0
300,32,source0,8,10,1,1,0,0,1.0
300,32,source0,8,11,1,1,0,0,1.0
300,32,source0,8,12,1,1,0,0,1.0
300,32,source0,8,13,1,1,0,0,1.0
300,32,source0,8,14,0,1,0,0,0.0
300,32,source0,8,15,1,1,0,0,1.0
300,32,source0,16,0,1,1,0,0,1.0
300,32,source0,16,1,1,1,0,0,1.0
300,32,source0,16,2,1,1,0,0,1.0
300,32,source0,16,3,1,1,0,0,1.0
300,32,source0,16,4,1,1,0,0,1.0
300,32,source0,16,5,1,1,0,0,1.0
300,32,source0,16,6,1,1,0,0,1.0
300,32,source0,16,7,1,1,0,0,1.0
300,32,source0,16,8,1,1,0,0,1.0
300,32,source0,16,9,1,1,0,0,1.0
300,32,source0,16,10,1,1,0,0,1.0
300,32,source0,16,11,1,1,0,0,1.0
300,32,source0,16,12,1,1,0,0,1.0
300,32,source0,16,13,1,1,0,0,1.0
300,32,source0,16,14,0,1,0,0,0.0
300,32,source0,16,15,1,1,0,0,1.0
300,32,source0,32,0,1,1,0,0,1.0
300,32,source0,32,1,1,1,0,0,1.0
300,32,source0,32,2,1,1,0,0,1.0
300,32,source0,32,3,1,1,0,0,1.0
300,32,source0,32,4,1,1,0,0,1.0
300,32,source0,32,5,1,1,0,0,1.0
300,32,source0,32,6,1,1,0,0,1.0
300,32,source0,32,7,1,1,0,0,1.0
300,32,source0,32,8,1,1,0,0,1.0
300,32,source0,32,9,1,1,0,0,1.0
300,32,source0,32,10,1,1,0,0,1.0
300,32,source0,32,11,1,1,0,0,1.0
300,32,source0,32,12,1,1,0,0,1.0
300,32,source0,32,13,1,1,0,0,1.0
300,32,source0,32,14,0,1,0,0,0.0
300,32,source0,32,15,1,1,0,0,1.0
300,32,source0,64,0,1,1,0,0,1.0
300,32,source0,64,1,1,1,0,0,1.0
300,32,source0,64,2,1,1,0,0,1.0
300,32,source0,64,3,1,1,0,0,1.0
300,32,source0,64,4,1,1,0,0,1.0
300,32,source0,64,5,1,1,0,0,1.0
300,32,source0,64,6,1,1,0,0,1.0
300,32,source0,64,7,1,1,0,0,1.0
300,32,source0,64,8,1,1,0,0,1.0
300,32,source0,64,9,1,1,0,0,1.0
300,32,source0,64,10,1,1,0,0,1.0
300,32,source0,64,11,1,1,0,0,1.0
300,32,source0,64,12,1,1,0,0,1.0
300,32,source0,64,13,1,1,0,0,1.0
300,32,source0,64,14,0,1,0,0,0.0
300,32,source0,64,15,1,1,0,0,1.0
300,32,source0,128,0,1,1,0,0,1.0
300,32,source0,128,1,1,1,0,0,1.0
300,32,source0,128,2,1,1,0,0,1.0
300,32,source0,128,3,1,1,0,0,1.0
300,32,source0,128,4,1,1,0,0,1.0
300,32,source0,128,5,1,1,0,0,1.0
300,32,source0,128,6,1,1,0,0,1.0
300,32,source0,128,7,1,1,0,0,1.0
300,32,source0,128,8,1,1,0,0,1.0
300,32,source0,128,9,1,1,0,0,1.0
300,32,source0,128,10,1,1,0,0,1.0
300,32,source0,128,11,1,1,0,0,1.0
300,32,source0,128,12,1,1,0,0,1.0
300,32,source0,128,13,1,1,0,0,1.0
300,32,source0,128,14,0,1,0,0,0.0
300,32,source0,128,15,1,1,0,0,1.0
300,64,source0,8,0,0,1,0,0,0.0
300,64,source0,8,1,1,1,0,0,1.0
300,64,source0,8,2,0,1,0,0,0.0
300,64,source0,8,3,1,1,0,0,1.0
300,64,source0,8,4,1,1,0,0,1.0
300,64,source0,8,5,0,1,0,0,0.0
300,64,source0,8,6,0,1,0,0,0.0
300,64,source0,8,7,0,1,0,0,0.0
300,64,source0,8,8,0,1,0,0,0.0
300,64,source0,8,9,0,1,0,0,0.0
300,64,source0,8,10,1,1,0,0,1.0
300,64,source0,8,11,0,1,0,0,0.0
300,64,source0,8,12,1,1,0,0,1.0
300,64,source0,8,13,1,1,0,0,1.0
300,64,source0,8,14,0,1,0,0,0.0
300,64,source0,8,15,0,1,0,0,0.0
300,64,source0,16,0,0,1,0,0,0.0
300,64,source0,16,1,1,1,0,0,1.0
300,64,source0,16,2,0,1,0,0,0.0
300,64,source0,16,3,1,1,0,0,1.0
300,64,source0,16,4,1,1,0,0,1.0
300,64,source0,16,5,0,1,0,0,0.0
300,64,source0,16,6,0,1,0,0,0.0
300,64,source0,16,7,0,1,0,0,0.0
300,64,source0,16,8,0,1,0,0,0.0
300,64,source0,16,9,0,1,0,0,0.0
300,64,source0,16,10,1,1,0,0,1.0
300,64,source0,16,11,0,1,0,0,0.0
300,64,source0,16,12,1,1,0,0,1.0
300,64,source0,16,13,1,1,0,0,1.0
300,64,source0,16,14,0,1,0,0,0.0
300,64,source0,16,15,0,1,0,0,0.0
300,64,source0,32,0,0,1,0,0,0.0
300,64,source0,32,1,1,1,0,0,1.0
300,64,source0,32,2,0,1,0,0,0.0
300,64,source0,32,3,1,1,0,0,1.0
300,64,source0,32,4,1,1,0,0,1.0
300,64,source0,32,5,0,1,0,0,0.0
300,64,source0,32,6,0,1,0,0,0.0
300,64,source0,32,7,0,1,0,0,0.0
300,64,source0,32,8,0,1,0,0,0.0
300,64,source0,32,9,0,1,0,0,0.0
300,64,source0,32,10,1,1,0,0,1.0
300,64,source0,32,11,0,1,0,0,0.0
300,64,source0,32,12,1,1,0,0,1.0
300,64,source0,32,13,1,1,0,0,1.0
300,64,source0,32,14,0,1,0,0,0.0
300,64,source0,32,15,0,1,0,0,0.0
300,64,source0,64,0,0,1,0,0,0.0
300,64,source0,64,1,1,1,0,0,1.0
300,64,source0,64,2,0,1,0,0,0.0
300,64,source0,64,3,1,1,0,0,1.0
300,64,source0,64,4,1,1,0,0,1.0
300,64,source0,64,5,0,1,0,0,0.0
300,64,source0,64,6,0,1,0,0,0.0
300,64,source0,64,7,0,1,0,0,0.0
300,64,source0,64,8,0,1,0,0,0.0
300,64,source0,64,9,0,1,0,0,0.0
300,64,source0,64,10,1,1,0,0,1.0
300,64,source0,64,11,0,1,0,0,0.0
300,64,source0,64,12,1,1,0,0,1.0
300,64,source0,64,13,1,1,0,0,1.0
300,64,source0,64,14,0,1,0,0,0.0
300,64,source0,64,15,0,1,0,0,0.0
300,64,source0,128,0,0,1,0,0,0.0
300,64,source0,128,1,1,1,0,0,1.0
300,64,source0,128,2,0,1,0,0,0.0
300,64,source0,128,3,1,1,0,0,1.0
300,64,source0,128,4,1,1,0,0,1.0
300,64,source0,128,5,0,1,0,0,0.0
300,64,source0,128,6,0,1,0,0,0.0
300,64,source0,128,7,0,1,0,0,0.0
300,64,source0,128,8,0,1,0,0,0.0
300,64,source0,128,9,0,1,0,0,0.0
300,64,source0,128,10,1,1,0,0,1.0
300,64,source0,128,11,0,1,0,0,0.0
300,64,source0,128,12,1,1,0,0,1.0
300,64,source0,128,13,1,1,0,0,1.0
300,64,source0,128,14,0,1,0,0,0.0
300,64,source0,128,15,0,1,0,0,0.0
